source_token_id	ayah_ref	source_token_index	surface_ar	word_ids	qac_word_refs	binding_status
t-s016-a000-w001	16:0	1	بِسْمِ	w-s016-a000-w001	1:1:1	one_to_one
t-s016-a000-w002	16:0	2	ٱللَّهِ	w-s016-a000-w002	1:1:2	one_to_one
t-s016-a000-w003	16:0	3	ٱلرَّحْمَٰنِ	w-s016-a000-w003	1:1:3	one_to_one
t-s016-a000-w004	16:0	4	ٱلرَّحِيمِ	w-s016-a000-w004	1:1:4	one_to_one
t-s016-a001-w001	16:1	1	أَتَىٰٓ	w-s016-a001-w001	16:1:1	one_to_one
t-s016-a001-w002	16:1	2	أَمْرُ	w-s016-a001-w002	16:1:2	one_to_one
t-s016-a001-w003	16:1	3	ٱللَّهِ	w-s016-a001-w003	16:1:3	one_to_one
t-s016-a001-w004	16:1	4	فَلَا	w-s016-a001-w004	16:1:4	one_to_one
t-s016-a001-w005	16:1	5	تَسْتَعْجِلُوهُ	w-s016-a001-w005	16:1:5	one_to_one
t-s016-a001-w006	16:1	6	سُبْحَٰنَهُۥ	w-s016-a001-w006	16:1:6	one_to_one
t-s016-a001-w007	16:1	7	وَتَعَٰلَىٰ	w-s016-a001-w007	16:1:7	one_to_one
t-s016-a001-w008	16:1	8	عَمَّا	w-s016-a001-w008	16:1:8	one_to_one
t-s016-a001-w009	16:1	9	يُشْرِكُونَ	w-s016-a001-w009	16:1:9	one_to_one
t-s016-a002-w001	16:2	1	يُنَزِّلُ	w-s016-a002-w001	16:2:1	one_to_one
t-s016-a002-w002	16:2	2	ٱلْمَلَٰٓئِكَةَ	w-s016-a002-w002	16:2:2	one_to_one
t-s016-a002-w003	16:2	3	بِٱلرُّوحِ	w-s016-a002-w003	16:2:3	one_to_one
t-s016-a002-w004	16:2	4	مِنْ	w-s016-a002-w004	16:2:4	one_to_one
t-s016-a002-w005	16:2	5	أَمْرِهِۦ	w-s016-a002-w005	16:2:5	one_to_one
t-s016-a002-w006	16:2	6	عَلَىٰ	w-s016-a002-w006	16:2:6	one_to_one
t-s016-a002-w007	16:2	7	مَن	w-s016-a002-w007	16:2:7	one_to_one
t-s016-a002-w008	16:2	8	يَشَآءُ	w-s016-a002-w008	16:2:8	one_to_one
t-s016-a002-w009	16:2	9	مِنْ	w-s016-a002-w009	16:2:9	one_to_one
t-s016-a002-w010	16:2	10	عِبَادِهِۦٓ	w-s016-a002-w010	16:2:10	one_to_one
t-s016-a002-w011	16:2	11	أَنْ	w-s016-a002-w011	16:2:11	one_to_one
t-s016-a002-w012	16:2	12	أَنذِرُوٓا۟	w-s016-a002-w012	16:2:12	one_to_one
t-s016-a002-w013	16:2	13	أَنَّهُۥ	w-s016-a002-w013	16:2:13	one_to_one
t-s016-a002-w014	16:2	14	لَآ	w-s016-a002-w014	16:2:14	one_to_one
t-s016-a002-w015	16:2	15	إِلَٰهَ	w-s016-a002-w015	16:2:15	one_to_one
t-s016-a002-w016	16:2	16	إِلَّآ	w-s016-a002-w016	16:2:16	one_to_one
t-s016-a002-w017	16:2	17	أَنَا۠	w-s016-a002-w017	16:2:17	one_to_one
t-s016-a002-w018	16:2	18	فَٱتَّقُونِ	w-s016-a002-w018	16:2:18	one_to_one
t-s016-a003-w001	16:3	1	خَلَقَ	w-s016-a003-w001	16:3:1	one_to_one
t-s016-a003-w002	16:3	2	ٱلسَّمَٰوَٰتِ	w-s016-a003-w002	16:3:2	one_to_one
t-s016-a003-w003	16:3	3	وَٱلْأَرْضَ	w-s016-a003-w003	16:3:3	one_to_one
t-s016-a003-w004	16:3	4	بِٱلْحَقِّ	w-s016-a003-w004	16:3:4	one_to_one
t-s016-a003-w005	16:3	5	تَعَٰلَىٰ	w-s016-a003-w005	16:3:5	one_to_one
t-s016-a003-w006	16:3	6	عَمَّا	w-s016-a003-w006	16:3:6	one_to_one
t-s016-a003-w007	16:3	7	يُشْرِكُونَ	w-s016-a003-w007	16:3:7	one_to_one
t-s016-a004-w001	16:4	1	خَلَقَ	w-s016-a004-w001	16:4:1	one_to_one
t-s016-a004-w002	16:4	2	ٱلْإِنسَٰنَ	w-s016-a004-w002	16:4:2	one_to_one
t-s016-a004-w003	16:4	3	مِن	w-s016-a004-w003	16:4:3	one_to_one
t-s016-a004-w004	16:4	4	نُّطْفَةٍۢ	w-s016-a004-w004	16:4:4	one_to_one
t-s016-a004-w005	16:4	5	فَإِذَا	w-s016-a004-w005	16:4:5	one_to_one
t-s016-a004-w006	16:4	6	هُوَ	w-s016-a004-w006	16:4:6	one_to_one
t-s016-a004-w007	16:4	7	خَصِيمٌۭ	w-s016-a004-w007	16:4:7	one_to_one
t-s016-a004-w008	16:4	8	مُّبِينٌۭ	w-s016-a004-w008	16:4:8	one_to_one
t-s016-a005-w001	16:5	1	وَٱلْأَنْعَٰمَ	w-s016-a005-w001	16:5:1	one_to_one
t-s016-a005-w002	16:5	2	خَلَقَهَا	w-s016-a005-w002	16:5:2	one_to_one
t-s016-a005-w003	16:5	3	لَكُمْ	w-s016-a005-w003	16:5:3	one_to_one
t-s016-a005-w004	16:5	4	فِيهَا	w-s016-a005-w004	16:5:4	one_to_one
t-s016-a005-w005	16:5	5	دِفْءٌۭ	w-s016-a005-w005	16:5:5	one_to_one
t-s016-a005-w006	16:5	6	وَمَنَٰفِعُ	w-s016-a005-w006	16:5:6	one_to_one
t-s016-a005-w007	16:5	7	وَمِنْهَا	w-s016-a005-w007	16:5:7	one_to_one
t-s016-a005-w008	16:5	8	تَأْكُلُونَ	w-s016-a005-w008	16:5:8	one_to_one
t-s016-a006-w001	16:6	1	وَلَكُمْ	w-s016-a006-w001	16:6:1	one_to_one
t-s016-a006-w002	16:6	2	فِيهَا	w-s016-a006-w002	16:6:2	one_to_one
t-s016-a006-w003	16:6	3	جَمَالٌ	w-s016-a006-w003	16:6:3	one_to_one
t-s016-a006-w004	16:6	4	حِينَ	w-s016-a006-w004	16:6:4	one_to_one
t-s016-a006-w005	16:6	5	تُرِيحُونَ	w-s016-a006-w005	16:6:5	one_to_one
t-s016-a006-w006	16:6	6	وَحِينَ	w-s016-a006-w006	16:6:6	one_to_one
t-s016-a006-w007	16:6	7	تَسْرَحُونَ	w-s016-a006-w007	16:6:7	one_to_one
t-s016-a007-w001	16:7	1	وَتَحْمِلُ	w-s016-a007-w001	16:7:1	one_to_one
t-s016-a007-w002	16:7	2	أَثْقَالَكُمْ	w-s016-a007-w002	16:7:2	one_to_one
t-s016-a007-w003	16:7	3	إِلَىٰ	w-s016-a007-w003	16:7:3	one_to_one
t-s016-a007-w004	16:7	4	بَلَدٍۢ	w-s016-a007-w004	16:7:4	one_to_one
t-s016-a007-w005	16:7	5	لَّمْ	w-s016-a007-w005	16:7:5	one_to_one
t-s016-a007-w006	16:7	6	تَكُونُوا۟	w-s016-a007-w006	16:7:6	one_to_one
t-s016-a007-w007	16:7	7	بَٰلِغِيهِ	w-s016-a007-w007	16:7:7	one_to_one
t-s016-a007-w008	16:7	8	إِلَّا	w-s016-a007-w008	16:7:8	one_to_one
t-s016-a007-w009	16:7	9	بِشِقِّ	w-s016-a007-w009	16:7:9	one_to_one
t-s016-a007-w010	16:7	10	ٱلْأَنفُسِ	w-s016-a007-w010	16:7:10	one_to_one
t-s016-a007-w011	16:7	11	إِنَّ	w-s016-a007-w011	16:7:11	one_to_one
t-s016-a007-w012	16:7	12	رَبَّكُمْ	w-s016-a007-w012	16:7:12	one_to_one
t-s016-a007-w013	16:7	13	لَرَءُوفٌۭ	w-s016-a007-w013	16:7:13	one_to_one
t-s016-a007-w014	16:7	14	رَّحِيمٌۭ	w-s016-a007-w014	16:7:14	one_to_one
t-s016-a008-w001	16:8	1	وَٱلْخَيْلَ	w-s016-a008-w001	16:8:1	one_to_one
t-s016-a008-w002	16:8	2	وَٱلْبِغَالَ	w-s016-a008-w002	16:8:2	one_to_one
t-s016-a008-w003	16:8	3	وَٱلْحَمِيرَ	w-s016-a008-w003	16:8:3	one_to_one
t-s016-a008-w004	16:8	4	لِتَرْكَبُوهَا	w-s016-a008-w004	16:8:4	one_to_one
t-s016-a008-w005	16:8	5	وَزِينَةًۭ	w-s016-a008-w005	16:8:5	one_to_one
t-s016-a008-w006	16:8	6	وَيَخْلُقُ	w-s016-a008-w006	16:8:6	one_to_one
t-s016-a008-w007	16:8	7	مَا	w-s016-a008-w007	16:8:7	one_to_one
t-s016-a008-w008	16:8	8	لَا	w-s016-a008-w008	16:8:8	one_to_one
t-s016-a008-w009	16:8	9	تَعْلَمُونَ	w-s016-a008-w009	16:8:9	one_to_one
t-s016-a009-w001	16:9	1	وَعَلَى	w-s016-a009-w001	16:9:1	one_to_one
t-s016-a009-w002	16:9	2	ٱللَّهِ	w-s016-a009-w002	16:9:2	one_to_one
t-s016-a009-w003	16:9	3	قَصْدُ	w-s016-a009-w003	16:9:3	one_to_one
t-s016-a009-w004	16:9	4	ٱلسَّبِيلِ	w-s016-a009-w004	16:9:4	one_to_one
t-s016-a009-w005	16:9	5	وَمِنْهَا	w-s016-a009-w005	16:9:5	one_to_one
t-s016-a009-w006	16:9	6	جَآئِرٌۭ	w-s016-a009-w006	16:9:6	one_to_one
t-s016-a009-w007	16:9	7	وَلَوْ	w-s016-a009-w007	16:9:7	one_to_one
t-s016-a009-w008	16:9	8	شَآءَ	w-s016-a009-w008	16:9:8	one_to_one
t-s016-a009-w009	16:9	9	لَهَدَىٰكُمْ	w-s016-a009-w009	16:9:9	one_to_one
t-s016-a009-w010	16:9	10	أَجْمَعِينَ	w-s016-a009-w010	16:9:10	one_to_one
t-s016-a010-w001	16:10	1	هُوَ	w-s016-a010-w001	16:10:1	one_to_one
t-s016-a010-w002	16:10	2	ٱلَّذِىٓ	w-s016-a010-w002	16:10:2	one_to_one
t-s016-a010-w003	16:10	3	أَنزَلَ	w-s016-a010-w003	16:10:3	one_to_one
t-s016-a010-w004	16:10	4	مِنَ	w-s016-a010-w004	16:10:4	one_to_one
t-s016-a010-w005	16:10	5	ٱلسَّمَآءِ	w-s016-a010-w005	16:10:5	one_to_one
t-s016-a010-w006	16:10	6	مَآءًۭ	w-s016-a010-w006	16:10:6	one_to_one
t-s016-a010-w007	16:10	7	لَّكُم	w-s016-a010-w007	16:10:7	one_to_one
t-s016-a010-w008	16:10	8	مِّنْهُ	w-s016-a010-w008	16:10:8	one_to_one
t-s016-a010-w009	16:10	9	شَرَابٌۭ	w-s016-a010-w009	16:10:9	one_to_one
t-s016-a010-w010	16:10	10	وَمِنْهُ	w-s016-a010-w010	16:10:10	one_to_one
t-s016-a010-w011	16:10	11	شَجَرٌۭ	w-s016-a010-w011	16:10:11	one_to_one
t-s016-a010-w012	16:10	12	فِيهِ	w-s016-a010-w012	16:10:12	one_to_one
t-s016-a010-w013	16:10	13	تُسِيمُونَ	w-s016-a010-w013	16:10:13	one_to_one
t-s016-a011-w001	16:11	1	يُنۢبِتُ	w-s016-a011-w001	16:11:1	one_to_one
t-s016-a011-w002	16:11	2	لَكُم	w-s016-a011-w002	16:11:2	one_to_one
t-s016-a011-w003	16:11	3	بِهِ	w-s016-a011-w003	16:11:3	one_to_one
t-s016-a011-w004	16:11	4	ٱلزَّرْعَ	w-s016-a011-w004	16:11:4	one_to_one
t-s016-a011-w005	16:11	5	وَٱلزَّيْتُونَ	w-s016-a011-w005	16:11:5	one_to_one
t-s016-a011-w006	16:11	6	وَٱلنَّخِيلَ	w-s016-a011-w006	16:11:6	one_to_one
t-s016-a011-w007	16:11	7	وَٱلْأَعْنَٰبَ	w-s016-a011-w007	16:11:7	one_to_one
t-s016-a011-w008	16:11	8	وَمِن	w-s016-a011-w008	16:11:8	one_to_one
t-s016-a011-w009	16:11	9	كُلِّ	w-s016-a011-w009	16:11:9	one_to_one
t-s016-a011-w010	16:11	10	ٱلثَّمَرَٰتِ	w-s016-a011-w010	16:11:10	one_to_one
t-s016-a011-w011	16:11	11	إِنَّ	w-s016-a011-w011	16:11:11	one_to_one
t-s016-a011-w012	16:11	12	فِى	w-s016-a011-w012	16:11:12	one_to_one
t-s016-a011-w013	16:11	13	ذَٰلِكَ	w-s016-a011-w013	16:11:13	one_to_one
t-s016-a011-w014	16:11	14	لَءَايَةًۭ	w-s016-a011-w014	16:11:14	one_to_one
t-s016-a011-w015	16:11	15	لِّقَوْمٍۢ	w-s016-a011-w015	16:11:15	one_to_one
t-s016-a011-w016	16:11	16	يَتَفَكَّرُونَ	w-s016-a011-w016	16:11:16	one_to_one
t-s016-a012-w001	16:12	1	وَسَخَّرَ	w-s016-a012-w001	16:12:1	one_to_one
t-s016-a012-w002	16:12	2	لَكُمُ	w-s016-a012-w002	16:12:2	one_to_one
t-s016-a012-w003	16:12	3	ٱلَّيْلَ	w-s016-a012-w003	16:12:3	one_to_one
t-s016-a012-w004	16:12	4	وَٱلنَّهَارَ	w-s016-a012-w004	16:12:4	one_to_one
t-s016-a012-w005	16:12	5	وَٱلشَّمْسَ	w-s016-a012-w005	16:12:5	one_to_one
t-s016-a012-w006	16:12	6	وَٱلْقَمَرَ	w-s016-a012-w006	16:12:6	one_to_one
t-s016-a012-w007	16:12	7	وَٱلنُّجُومُ	w-s016-a012-w007	16:12:7	one_to_one
t-s016-a012-w008	16:12	8	مُسَخَّرَٰتٌۢ	w-s016-a012-w008	16:12:8	one_to_one
t-s016-a012-w009	16:12	9	بِأَمْرِهِۦٓ	w-s016-a012-w009	16:12:9	one_to_one
t-s016-a012-w010	16:12	10	إِنَّ	w-s016-a012-w010	16:12:10	one_to_one
t-s016-a012-w011	16:12	11	فِى	w-s016-a012-w011	16:12:11	one_to_one
t-s016-a012-w012	16:12	12	ذَٰلِكَ	w-s016-a012-w012	16:12:12	one_to_one
t-s016-a012-w013	16:12	13	لَءَايَٰتٍۢ	w-s016-a012-w013	16:12:13	one_to_one
t-s016-a012-w014	16:12	14	لِّقَوْمٍۢ	w-s016-a012-w014	16:12:14	one_to_one
t-s016-a012-w015	16:12	15	يَعْقِلُونَ	w-s016-a012-w015	16:12:15	one_to_one
t-s016-a013-w001	16:13	1	وَمَا	w-s016-a013-w001	16:13:1	one_to_one
t-s016-a013-w002	16:13	2	ذَرَأَ	w-s016-a013-w002	16:13:2	one_to_one
t-s016-a013-w003	16:13	3	لَكُمْ	w-s016-a013-w003	16:13:3	one_to_one
t-s016-a013-w004	16:13	4	فِى	w-s016-a013-w004	16:13:4	one_to_one
t-s016-a013-w005	16:13	5	ٱلْأَرْضِ	w-s016-a013-w005	16:13:5	one_to_one
t-s016-a013-w006	16:13	6	مُخْتَلِفًا	w-s016-a013-w006	16:13:6	one_to_one
t-s016-a013-w007	16:13	7	أَلْوَٰنُهُۥٓ	w-s016-a013-w007	16:13:7	one_to_one
t-s016-a013-w008	16:13	8	إِنَّ	w-s016-a013-w008	16:13:8	one_to_one
t-s016-a013-w009	16:13	9	فِى	w-s016-a013-w009	16:13:9	one_to_one
t-s016-a013-w010	16:13	10	ذَٰلِكَ	w-s016-a013-w010	16:13:10	one_to_one
t-s016-a013-w011	16:13	11	لَءَايَةًۭ	w-s016-a013-w011	16:13:11	one_to_one
t-s016-a013-w012	16:13	12	لِّقَوْمٍۢ	w-s016-a013-w012	16:13:12	one_to_one
t-s016-a013-w013	16:13	13	يَذَّكَّرُونَ	w-s016-a013-w013	16:13:13	one_to_one
t-s016-a014-w001	16:14	1	وَهُوَ	w-s016-a014-w001	16:14:1	one_to_one
t-s016-a014-w002	16:14	2	ٱلَّذِى	w-s016-a014-w002	16:14:2	one_to_one
t-s016-a014-w003	16:14	3	سَخَّرَ	w-s016-a014-w003	16:14:3	one_to_one
t-s016-a014-w004	16:14	4	ٱلْبَحْرَ	w-s016-a014-w004	16:14:4	one_to_one
t-s016-a014-w005	16:14	5	لِتَأْكُلُوا۟	w-s016-a014-w005	16:14:5	one_to_one
t-s016-a014-w006	16:14	6	مِنْهُ	w-s016-a014-w006	16:14:6	one_to_one
t-s016-a014-w007	16:14	7	لَحْمًۭا	w-s016-a014-w007	16:14:7	one_to_one
t-s016-a014-w008	16:14	8	طَرِيًّۭا	w-s016-a014-w008	16:14:8	one_to_one
t-s016-a014-w009	16:14	9	وَتَسْتَخْرِجُوا۟	w-s016-a014-w009	16:14:9	one_to_one
t-s016-a014-w010	16:14	10	مِنْهُ	w-s016-a014-w010	16:14:10	one_to_one
t-s016-a014-w011	16:14	11	حِلْيَةًۭ	w-s016-a014-w011	16:14:11	one_to_one
t-s016-a014-w012	16:14	12	تَلْبَسُونَهَا	w-s016-a014-w012	16:14:12	one_to_one
t-s016-a014-w013	16:14	13	وَتَرَى	w-s016-a014-w013	16:14:13	one_to_one
t-s016-a014-w014	16:14	14	ٱلْفُلْكَ	w-s016-a014-w014	16:14:14	one_to_one
t-s016-a014-w015	16:14	15	مَوَاخِرَ	w-s016-a014-w015	16:14:15	one_to_one
t-s016-a014-w016	16:14	16	فِيهِ	w-s016-a014-w016	16:14:16	one_to_one
t-s016-a014-w017	16:14	17	وَلِتَبْتَغُوا۟	w-s016-a014-w017	16:14:17	one_to_one
t-s016-a014-w018	16:14	18	مِن	w-s016-a014-w018	16:14:18	one_to_one
t-s016-a014-w019	16:14	19	فَضْلِهِۦ	w-s016-a014-w019	16:14:19	one_to_one
t-s016-a014-w020	16:14	20	وَلَعَلَّكُمْ	w-s016-a014-w020	16:14:20	one_to_one
t-s016-a014-w021	16:14	21	تَشْكُرُونَ	w-s016-a014-w021	16:14:21	one_to_one
t-s016-a015-w001	16:15	1	وَأَلْقَىٰ	w-s016-a015-w001	16:15:1	one_to_one
t-s016-a015-w002	16:15	2	فِى	w-s016-a015-w002	16:15:2	one_to_one
t-s016-a015-w003	16:15	3	ٱلْأَرْضِ	w-s016-a015-w003	16:15:3	one_to_one
t-s016-a015-w004	16:15	4	رَوَٰسِىَ	w-s016-a015-w004	16:15:4	one_to_one
t-s016-a015-w005	16:15	5	أَن	w-s016-a015-w005	16:15:5	one_to_one
t-s016-a015-w006	16:15	6	تَمِيدَ	w-s016-a015-w006	16:15:6	one_to_one
t-s016-a015-w007	16:15	7	بِكُمْ	w-s016-a015-w007	16:15:7	one_to_one
t-s016-a015-w008	16:15	8	وَأَنْهَٰرًۭا	w-s016-a015-w008	16:15:8	one_to_one
t-s016-a015-w009	16:15	9	وَسُبُلًۭا	w-s016-a015-w009	16:15:9	one_to_one
t-s016-a015-w010	16:15	10	لَّعَلَّكُمْ	w-s016-a015-w010	16:15:10	one_to_one
t-s016-a015-w011	16:15	11	تَهْتَدُونَ	w-s016-a015-w011	16:15:11	one_to_one
t-s016-a016-w001	16:16	1	وَعَلَٰمَٰتٍۢ	w-s016-a016-w001	16:16:1	one_to_one
t-s016-a016-w002	16:16	2	وَبِٱلنَّجْمِ	w-s016-a016-w002	16:16:2	one_to_one
t-s016-a016-w003	16:16	3	هُمْ	w-s016-a016-w003	16:16:3	one_to_one
t-s016-a016-w004	16:16	4	يَهْتَدُونَ	w-s016-a016-w004	16:16:4	one_to_one
t-s016-a017-w001	16:17	1	أَفَمَن	w-s016-a017-w001	16:17:1	one_to_one
t-s016-a017-w002	16:17	2	يَخْلُقُ	w-s016-a017-w002	16:17:2	one_to_one
t-s016-a017-w003	16:17	3	كَمَن	w-s016-a017-w003	16:17:3	one_to_one
t-s016-a017-w004	16:17	4	لَّا	w-s016-a017-w004	16:17:4	one_to_one
t-s016-a017-w005	16:17	5	يَخْلُقُ	w-s016-a017-w005	16:17:5	one_to_one
t-s016-a017-w006	16:17	6	أَفَلَا	w-s016-a017-w006	16:17:6	one_to_one
t-s016-a017-w007	16:17	7	تَذَكَّرُونَ	w-s016-a017-w007	16:17:7	one_to_one
t-s016-a018-w001	16:18	1	وَإِن	w-s016-a018-w001	16:18:1	one_to_one
t-s016-a018-w002	16:18	2	تَعُدُّوا۟	w-s016-a018-w002	16:18:2	one_to_one
t-s016-a018-w003	16:18	3	نِعْمَةَ	w-s016-a018-w003	16:18:3	one_to_one
t-s016-a018-w004	16:18	4	ٱللَّهِ	w-s016-a018-w004	16:18:4	one_to_one
t-s016-a018-w005	16:18	5	لَا	w-s016-a018-w005	16:18:5	one_to_one
t-s016-a018-w006	16:18	6	تُحْصُوهَآ	w-s016-a018-w006	16:18:6	one_to_one
t-s016-a018-w007	16:18	7	إِنَّ	w-s016-a018-w007	16:18:7	one_to_one
t-s016-a018-w008	16:18	8	ٱللَّهَ	w-s016-a018-w008	16:18:8	one_to_one
t-s016-a018-w009	16:18	9	لَغَفُورٌۭ	w-s016-a018-w009	16:18:9	one_to_one
t-s016-a018-w010	16:18	10	رَّحِيمٌۭ	w-s016-a018-w010	16:18:10	one_to_one
t-s016-a019-w001	16:19	1	وَٱللَّهُ	w-s016-a019-w001	16:19:1	one_to_one
t-s016-a019-w002	16:19	2	يَعْلَمُ	w-s016-a019-w002	16:19:2	one_to_one
t-s016-a019-w003	16:19	3	مَا	w-s016-a019-w003	16:19:3	one_to_one
t-s016-a019-w004	16:19	4	تُسِرُّونَ	w-s016-a019-w004	16:19:4	one_to_one
t-s016-a019-w005	16:19	5	وَمَا	w-s016-a019-w005	16:19:5	one_to_one
t-s016-a019-w006	16:19	6	تُعْلِنُونَ	w-s016-a019-w006	16:19:6	one_to_one
t-s016-a020-w001	16:20	1	وَٱلَّذِينَ	w-s016-a020-w001	16:20:1	one_to_one
t-s016-a020-w002	16:20	2	يَدْعُونَ	w-s016-a020-w002	16:20:2	one_to_one
t-s016-a020-w003	16:20	3	مِن	w-s016-a020-w003	16:20:3	one_to_one
t-s016-a020-w004	16:20	4	دُونِ	w-s016-a020-w004	16:20:4	one_to_one
t-s016-a020-w005	16:20	5	ٱللَّهِ	w-s016-a020-w005	16:20:5	one_to_one
t-s016-a020-w006	16:20	6	لَا	w-s016-a020-w006	16:20:6	one_to_one
t-s016-a020-w007	16:20	7	يَخْلُقُونَ	w-s016-a020-w007	16:20:7	one_to_one
t-s016-a020-w008	16:20	8	شَيْـًۭٔا	w-s016-a020-w008	16:20:8	one_to_one
t-s016-a020-w009	16:20	9	وَهُمْ	w-s016-a020-w009	16:20:9	one_to_one
t-s016-a020-w010	16:20	10	يُخْلَقُونَ	w-s016-a020-w010	16:20:10	one_to_one
t-s016-a021-w001	16:21	1	أَمْوَٰتٌ	w-s016-a021-w001	16:21:1	one_to_one
t-s016-a021-w002	16:21	2	غَيْرُ	w-s016-a021-w002	16:21:2	one_to_one
t-s016-a021-w003	16:21	3	أَحْيَآءٍۢ	w-s016-a021-w003	16:21:3	one_to_one
t-s016-a021-w004	16:21	4	وَمَا	w-s016-a021-w004	16:21:4	one_to_one
t-s016-a021-w005	16:21	5	يَشْعُرُونَ	w-s016-a021-w005	16:21:5	one_to_one
t-s016-a021-w006	16:21	6	أَيَّانَ	w-s016-a021-w006	16:21:6	one_to_one
t-s016-a021-w007	16:21	7	يُبْعَثُونَ	w-s016-a021-w007	16:21:7	one_to_one
t-s016-a022-w001	16:22	1	إِلَٰهُكُمْ	w-s016-a022-w001	16:22:1	one_to_one
t-s016-a022-w002	16:22	2	إِلَٰهٌۭ	w-s016-a022-w002	16:22:2	one_to_one
t-s016-a022-w003	16:22	3	وَٰحِدٌۭ	w-s016-a022-w003	16:22:3	one_to_one
t-s016-a022-w004	16:22	4	فَٱلَّذِينَ	w-s016-a022-w004	16:22:4	one_to_one
t-s016-a022-w005	16:22	5	لَا	w-s016-a022-w005	16:22:5	one_to_one
t-s016-a022-w006	16:22	6	يُؤْمِنُونَ	w-s016-a022-w006	16:22:6	one_to_one
t-s016-a022-w007	16:22	7	بِٱلْءَاخِرَةِ	w-s016-a022-w007	16:22:7	one_to_one
t-s016-a022-w008	16:22	8	قُلُوبُهُم	w-s016-a022-w008	16:22:8	one_to_one
t-s016-a022-w009	16:22	9	مُّنكِرَةٌۭ	w-s016-a022-w009	16:22:9	one_to_one
t-s016-a022-w010	16:22	10	وَهُم	w-s016-a022-w010	16:22:10	one_to_one
t-s016-a022-w011	16:22	11	مُّسْتَكْبِرُونَ	w-s016-a022-w011	16:22:11	one_to_one
t-s016-a023-w001	16:23	1	لَا	w-s016-a023-w001	16:23:1	one_to_one
t-s016-a023-w002	16:23	2	جَرَمَ	w-s016-a023-w002	16:23:2	one_to_one
t-s016-a023-w003	16:23	3	أَنَّ	w-s016-a023-w003	16:23:3	one_to_one
t-s016-a023-w004	16:23	4	ٱللَّهَ	w-s016-a023-w004	16:23:4	one_to_one
t-s016-a023-w005	16:23	5	يَعْلَمُ	w-s016-a023-w005	16:23:5	one_to_one
t-s016-a023-w006	16:23	6	مَا	w-s016-a023-w006	16:23:6	one_to_one
t-s016-a023-w007	16:23	7	يُسِرُّونَ	w-s016-a023-w007	16:23:7	one_to_one
t-s016-a023-w008	16:23	8	وَمَا	w-s016-a023-w008	16:23:8	one_to_one
t-s016-a023-w009	16:23	9	يُعْلِنُونَ	w-s016-a023-w009	16:23:9	one_to_one
t-s016-a023-w010	16:23	10	إِنَّهُۥ	w-s016-a023-w010	16:23:10	one_to_one
t-s016-a023-w011	16:23	11	لَا	w-s016-a023-w011	16:23:11	one_to_one
t-s016-a023-w012	16:23	12	يُحِبُّ	w-s016-a023-w012	16:23:12	one_to_one
t-s016-a023-w013	16:23	13	ٱلْمُسْتَكْبِرِينَ	w-s016-a023-w013	16:23:13	one_to_one
t-s016-a024-w001	16:24	1	وَإِذَا	w-s016-a024-w001	16:24:1	one_to_one
t-s016-a024-w002	16:24	2	قِيلَ	w-s016-a024-w002	16:24:2	one_to_one
t-s016-a024-w003	16:24	3	لَهُم	w-s016-a024-w003	16:24:3	one_to_one
t-s016-a024-w004	16:24	4	مَّاذَآ	w-s016-a024-w004	16:24:4	one_to_one
t-s016-a024-w005	16:24	5	أَنزَلَ	w-s016-a024-w005	16:24:5	one_to_one
t-s016-a024-w006	16:24	6	رَبُّكُمْ	w-s016-a024-w006	16:24:6	one_to_one
t-s016-a024-w007	16:24	7	قَالُوٓا۟	w-s016-a024-w007	16:24:7	one_to_one
t-s016-a024-w008	16:24	8	أَسَٰطِيرُ	w-s016-a024-w008	16:24:8	one_to_one
t-s016-a024-w009	16:24	9	ٱلْأَوَّلِينَ	w-s016-a024-w009	16:24:9	one_to_one
t-s016-a025-w001	16:25	1	لِيَحْمِلُوٓا۟	w-s016-a025-w001	16:25:1	one_to_one
t-s016-a025-w002	16:25	2	أَوْزَارَهُمْ	w-s016-a025-w002	16:25:2	one_to_one
t-s016-a025-w003	16:25	3	كَامِلَةًۭ	w-s016-a025-w003	16:25:3	one_to_one
t-s016-a025-w004	16:25	4	يَوْمَ	w-s016-a025-w004	16:25:4	one_to_one
t-s016-a025-w005	16:25	5	ٱلْقِيَٰمَةِ	w-s016-a025-w005	16:25:5	one_to_one
t-s016-a025-w006	16:25	6	وَمِنْ	w-s016-a025-w006	16:25:6	one_to_one
t-s016-a025-w007	16:25	7	أَوْزَارِ	w-s016-a025-w007	16:25:7	one_to_one
t-s016-a025-w008	16:25	8	ٱلَّذِينَ	w-s016-a025-w008	16:25:8	one_to_one
t-s016-a025-w009	16:25	9	يُضِلُّونَهُم	w-s016-a025-w009	16:25:9	one_to_one
t-s016-a025-w010	16:25	10	بِغَيْرِ	w-s016-a025-w010	16:25:10	one_to_one
t-s016-a025-w011	16:25	11	عِلْمٍ	w-s016-a025-w011	16:25:11	one_to_one
t-s016-a025-w012	16:25	12	أَلَا	w-s016-a025-w012	16:25:12	one_to_one
t-s016-a025-w013	16:25	13	سَآءَ	w-s016-a025-w013	16:25:13	one_to_one
t-s016-a025-w014	16:25	14	مَا	w-s016-a025-w014	16:25:14	one_to_one
t-s016-a025-w015	16:25	15	يَزِرُونَ	w-s016-a025-w015	16:25:15	one_to_one
t-s016-a026-w001	16:26	1	قَدْ	w-s016-a026-w001	16:26:1	one_to_one
t-s016-a026-w002	16:26	2	مَكَرَ	w-s016-a026-w002	16:26:2	one_to_one
t-s016-a026-w003	16:26	3	ٱلَّذِينَ	w-s016-a026-w003	16:26:3	one_to_one
t-s016-a026-w004	16:26	4	مِن	w-s016-a026-w004	16:26:4	one_to_one
t-s016-a026-w005	16:26	5	قَبْلِهِمْ	w-s016-a026-w005	16:26:5	one_to_one
t-s016-a026-w006	16:26	6	فَأَتَى	w-s016-a026-w006	16:26:6	one_to_one
t-s016-a026-w007	16:26	7	ٱللَّهُ	w-s016-a026-w007	16:26:7	one_to_one
t-s016-a026-w008	16:26	8	بُنْيَٰنَهُم	w-s016-a026-w008	16:26:8	one_to_one
t-s016-a026-w009	16:26	9	مِّنَ	w-s016-a026-w009	16:26:9	one_to_one
t-s016-a026-w010	16:26	10	ٱلْقَوَاعِدِ	w-s016-a026-w010	16:26:10	one_to_one
t-s016-a026-w011	16:26	11	فَخَرَّ	w-s016-a026-w011	16:26:11	one_to_one
t-s016-a026-w012	16:26	12	عَلَيْهِمُ	w-s016-a026-w012	16:26:12	one_to_one
t-s016-a026-w013	16:26	13	ٱلسَّقْفُ	w-s016-a026-w013	16:26:13	one_to_one
t-s016-a026-w014	16:26	14	مِن	w-s016-a026-w014	16:26:14	one_to_one
t-s016-a026-w015	16:26	15	فَوْقِهِمْ	w-s016-a026-w015	16:26:15	one_to_one
t-s016-a026-w016	16:26	16	وَأَتَىٰهُمُ	w-s016-a026-w016	16:26:16	one_to_one
t-s016-a026-w017	16:26	17	ٱلْعَذَابُ	w-s016-a026-w017	16:26:17	one_to_one
t-s016-a026-w018	16:26	18	مِنْ	w-s016-a026-w018	16:26:18	one_to_one
t-s016-a026-w019	16:26	19	حَيْثُ	w-s016-a026-w019	16:26:19	one_to_one
t-s016-a026-w020	16:26	20	لَا	w-s016-a026-w020	16:26:20	one_to_one
t-s016-a026-w021	16:26	21	يَشْعُرُونَ	w-s016-a026-w021	16:26:21	one_to_one
t-s016-a027-w001	16:27	1	ثُمَّ	w-s016-a027-w001	16:27:1	one_to_one
t-s016-a027-w002	16:27	2	يَوْمَ	w-s016-a027-w002	16:27:2	one_to_one
t-s016-a027-w003	16:27	3	ٱلْقِيَٰمَةِ	w-s016-a027-w003	16:27:3	one_to_one
t-s016-a027-w004	16:27	4	يُخْزِيهِمْ	w-s016-a027-w004	16:27:4	one_to_one
t-s016-a027-w005	16:27	5	وَيَقُولُ	w-s016-a027-w005	16:27:5	one_to_one
t-s016-a027-w006	16:27	6	أَيْنَ	w-s016-a027-w006	16:27:6	one_to_one
t-s016-a027-w007	16:27	7	شُرَكَآءِىَ	w-s016-a027-w007	16:27:7	one_to_one
t-s016-a027-w008	16:27	8	ٱلَّذِينَ	w-s016-a027-w008	16:27:8	one_to_one
t-s016-a027-w009	16:27	9	كُنتُمْ	w-s016-a027-w009	16:27:9	one_to_one
t-s016-a027-w010	16:27	10	تُشَٰٓقُّونَ	w-s016-a027-w010	16:27:10	one_to_one
t-s016-a027-w011	16:27	11	فِيهِمْ	w-s016-a027-w011	16:27:11	one_to_one
t-s016-a027-w012	16:27	12	قَالَ	w-s016-a027-w012	16:27:12	one_to_one
t-s016-a027-w013	16:27	13	ٱلَّذِينَ	w-s016-a027-w013	16:27:13	one_to_one
t-s016-a027-w014	16:27	14	أُوتُوا۟	w-s016-a027-w014	16:27:14	one_to_one
t-s016-a027-w015	16:27	15	ٱلْعِلْمَ	w-s016-a027-w015	16:27:15	one_to_one
t-s016-a027-w016	16:27	16	إِنَّ	w-s016-a027-w016	16:27:16	one_to_one
t-s016-a027-w017	16:27	17	ٱلْخِزْىَ	w-s016-a027-w017	16:27:17	one_to_one
t-s016-a027-w018	16:27	18	ٱلْيَوْمَ	w-s016-a027-w018	16:27:18	one_to_one
t-s016-a027-w019	16:27	19	وَٱلسُّوٓءَ	w-s016-a027-w019	16:27:19	one_to_one
t-s016-a027-w020	16:27	20	عَلَى	w-s016-a027-w020	16:27:20	one_to_one
t-s016-a027-w021	16:27	21	ٱلْكَٰفِرِينَ	w-s016-a027-w021	16:27:21	one_to_one
t-s016-a028-w001	16:28	1	ٱلَّذِينَ	w-s016-a028-w001	16:28:1	one_to_one
t-s016-a028-w002	16:28	2	تَتَوَفَّىٰهُمُ	w-s016-a028-w002	16:28:2	one_to_one
t-s016-a028-w003	16:28	3	ٱلْمَلَٰٓئِكَةُ	w-s016-a028-w003	16:28:3	one_to_one
t-s016-a028-w004	16:28	4	ظَالِمِىٓ	w-s016-a028-w004	16:28:4	one_to_one
t-s016-a028-w005	16:28	5	أَنفُسِهِمْ	w-s016-a028-w005	16:28:5	one_to_one
t-s016-a028-w006	16:28	6	فَأَلْقَوُا۟	w-s016-a028-w006	16:28:6	one_to_one
t-s016-a028-w007	16:28	7	ٱلسَّلَمَ	w-s016-a028-w007	16:28:7	one_to_one
t-s016-a028-w008	16:28	8	مَا	w-s016-a028-w008	16:28:8	one_to_one
t-s016-a028-w009	16:28	9	كُنَّا	w-s016-a028-w009	16:28:9	one_to_one
t-s016-a028-w010	16:28	10	نَعْمَلُ	w-s016-a028-w010	16:28:10	one_to_one
t-s016-a028-w011	16:28	11	مِن	w-s016-a028-w011	16:28:11	one_to_one
t-s016-a028-w012	16:28	12	سُوٓءٍۭ	w-s016-a028-w012	16:28:12	one_to_one
t-s016-a028-w013	16:28	13	بَلَىٰٓ	w-s016-a028-w013	16:28:13	one_to_one
t-s016-a028-w014	16:28	14	إِنَّ	w-s016-a028-w014	16:28:14	one_to_one
t-s016-a028-w015	16:28	15	ٱللَّهَ	w-s016-a028-w015	16:28:15	one_to_one
t-s016-a028-w016	16:28	16	عَلِيمٌۢ	w-s016-a028-w016	16:28:16	one_to_one
t-s016-a028-w017	16:28	17	بِمَا	w-s016-a028-w017	16:28:17	one_to_one
t-s016-a028-w018	16:28	18	كُنتُمْ	w-s016-a028-w018	16:28:18	one_to_one
t-s016-a028-w019	16:28	19	تَعْمَلُونَ	w-s016-a028-w019	16:28:19	one_to_one
t-s016-a029-w001	16:29	1	فَٱدْخُلُوٓا۟	w-s016-a029-w001	16:29:1	one_to_one
t-s016-a029-w002	16:29	2	أَبْوَٰبَ	w-s016-a029-w002	16:29:2	one_to_one
t-s016-a029-w003	16:29	3	جَهَنَّمَ	w-s016-a029-w003	16:29:3	one_to_one
t-s016-a029-w004	16:29	4	خَٰلِدِينَ	w-s016-a029-w004	16:29:4	one_to_one
t-s016-a029-w005	16:29	5	فِيهَا	w-s016-a029-w005	16:29:5	one_to_one
t-s016-a029-w006	16:29	6	فَلَبِئْسَ	w-s016-a029-w006	16:29:6	one_to_one
t-s016-a029-w007	16:29	7	مَثْوَى	w-s016-a029-w007	16:29:7	one_to_one
t-s016-a029-w008	16:29	8	ٱلْمُتَكَبِّرِينَ	w-s016-a029-w008	16:29:8	one_to_one
t-s016-a030-w001	16:30	1	وَقِيلَ	w-s016-a030-w001	16:30:1	one_to_one
t-s016-a030-w002	16:30	2	لِلَّذِينَ	w-s016-a030-w002	16:30:2	one_to_one
t-s016-a030-w003	16:30	3	ٱتَّقَوْا۟	w-s016-a030-w003	16:30:3	one_to_one
t-s016-a030-w004	16:30	4	مَاذَآ	w-s016-a030-w004	16:30:4	one_to_one
t-s016-a030-w005	16:30	5	أَنزَلَ	w-s016-a030-w005	16:30:5	one_to_one
t-s016-a030-w006	16:30	6	رَبُّكُمْ	w-s016-a030-w006	16:30:6	one_to_one
t-s016-a030-w007	16:30	7	قَالُوا۟	w-s016-a030-w007	16:30:7	one_to_one
t-s016-a030-w008	16:30	8	خَيْرًۭا	w-s016-a030-w008	16:30:8	one_to_one
t-s016-a030-w009	16:30	9	لِّلَّذِينَ	w-s016-a030-w009	16:30:9	one_to_one
t-s016-a030-w010	16:30	10	أَحْسَنُوا۟	w-s016-a030-w010	16:30:10	one_to_one
t-s016-a030-w011	16:30	11	فِى	w-s016-a030-w011	16:30:11	one_to_one
t-s016-a030-w012	16:30	12	هَٰذِهِ	w-s016-a030-w012	16:30:12	one_to_one
t-s016-a030-w013	16:30	13	ٱلدُّنْيَا	w-s016-a030-w013	16:30:13	one_to_one
t-s016-a030-w014	16:30	14	حَسَنَةٌۭ	w-s016-a030-w014	16:30:14	one_to_one
t-s016-a030-w015	16:30	15	وَلَدَارُ	w-s016-a030-w015	16:30:15	one_to_one
t-s016-a030-w016	16:30	16	ٱلْءَاخِرَةِ	w-s016-a030-w016	16:30:16	one_to_one
t-s016-a030-w017	16:30	17	خَيْرٌۭ	w-s016-a030-w017	16:30:17	one_to_one
t-s016-a030-w018	16:30	18	وَلَنِعْمَ	w-s016-a030-w018	16:30:18	one_to_one
t-s016-a030-w019	16:30	19	دَارُ	w-s016-a030-w019	16:30:19	one_to_one
t-s016-a030-w020	16:30	20	ٱلْمُتَّقِينَ	w-s016-a030-w020	16:30:20	one_to_one
t-s016-a031-w001	16:31	1	جَنَّٰتُ	w-s016-a031-w001	16:31:1	one_to_one
t-s016-a031-w002	16:31	2	عَدْنٍۢ	w-s016-a031-w002	16:31:2	one_to_one
t-s016-a031-w003	16:31	3	يَدْخُلُونَهَا	w-s016-a031-w003	16:31:3	one_to_one
t-s016-a031-w004	16:31	4	تَجْرِى	w-s016-a031-w004	16:31:4	one_to_one
t-s016-a031-w005	16:31	5	مِن	w-s016-a031-w005	16:31:5	one_to_one
t-s016-a031-w006	16:31	6	تَحْتِهَا	w-s016-a031-w006	16:31:6	one_to_one
t-s016-a031-w007	16:31	7	ٱلْأَنْهَٰرُ	w-s016-a031-w007	16:31:7	one_to_one
t-s016-a031-w008	16:31	8	لَهُمْ	w-s016-a031-w008	16:31:8	one_to_one
t-s016-a031-w009	16:31	9	فِيهَا	w-s016-a031-w009	16:31:9	one_to_one
t-s016-a031-w010	16:31	10	مَا	w-s016-a031-w010	16:31:10	one_to_one
t-s016-a031-w011	16:31	11	يَشَآءُونَ	w-s016-a031-w011	16:31:11	one_to_one
t-s016-a031-w012	16:31	12	كَذَٰلِكَ	w-s016-a031-w012	16:31:12	one_to_one
t-s016-a031-w013	16:31	13	يَجْزِى	w-s016-a031-w013	16:31:13	one_to_one
t-s016-a031-w014	16:31	14	ٱللَّهُ	w-s016-a031-w014	16:31:14	one_to_one
t-s016-a031-w015	16:31	15	ٱلْمُتَّقِينَ	w-s016-a031-w015	16:31:15	one_to_one
t-s016-a032-w001	16:32	1	ٱلَّذِينَ	w-s016-a032-w001	16:32:1	one_to_one
t-s016-a032-w002	16:32	2	تَتَوَفَّىٰهُمُ	w-s016-a032-w002	16:32:2	one_to_one
t-s016-a032-w003	16:32	3	ٱلْمَلَٰٓئِكَةُ	w-s016-a032-w003	16:32:3	one_to_one
t-s016-a032-w004	16:32	4	طَيِّبِينَ	w-s016-a032-w004	16:32:4	one_to_one
t-s016-a032-w005	16:32	5	يَقُولُونَ	w-s016-a032-w005	16:32:5	one_to_one
t-s016-a032-w006	16:32	6	سَلَٰمٌ	w-s016-a032-w006	16:32:6	one_to_one
t-s016-a032-w007	16:32	7	عَلَيْكُمُ	w-s016-a032-w007	16:32:7	one_to_one
t-s016-a032-w008	16:32	8	ٱدْخُلُوا۟	w-s016-a032-w008	16:32:8	one_to_one
t-s016-a032-w009	16:32	9	ٱلْجَنَّةَ	w-s016-a032-w009	16:32:9	one_to_one
t-s016-a032-w010	16:32	10	بِمَا	w-s016-a032-w010	16:32:10	one_to_one
t-s016-a032-w011	16:32	11	كُنتُمْ	w-s016-a032-w011	16:32:11	one_to_one
t-s016-a032-w012	16:32	12	تَعْمَلُونَ	w-s016-a032-w012	16:32:12	one_to_one
t-s016-a033-w001	16:33	1	هَلْ	w-s016-a033-w001	16:33:1	one_to_one
t-s016-a033-w002	16:33	2	يَنظُرُونَ	w-s016-a033-w002	16:33:2	one_to_one
t-s016-a033-w003	16:33	3	إِلَّآ	w-s016-a033-w003	16:33:3	one_to_one
t-s016-a033-w004	16:33	4	أَن	w-s016-a033-w004	16:33:4	one_to_one
t-s016-a033-w005	16:33	5	تَأْتِيَهُمُ	w-s016-a033-w005	16:33:5	one_to_one
t-s016-a033-w006	16:33	6	ٱلْمَلَٰٓئِكَةُ	w-s016-a033-w006	16:33:6	one_to_one
t-s016-a033-w007	16:33	7	أَوْ	w-s016-a033-w007	16:33:7	one_to_one
t-s016-a033-w008	16:33	8	يَأْتِىَ	w-s016-a033-w008	16:33:8	one_to_one
t-s016-a033-w009	16:33	9	أَمْرُ	w-s016-a033-w009	16:33:9	one_to_one
t-s016-a033-w010	16:33	10	رَبِّكَ	w-s016-a033-w010	16:33:10	one_to_one
t-s016-a033-w011	16:33	11	كَذَٰلِكَ	w-s016-a033-w011	16:33:11	one_to_one
t-s016-a033-w012	16:33	12	فَعَلَ	w-s016-a033-w012	16:33:12	one_to_one
t-s016-a033-w013	16:33	13	ٱلَّذِينَ	w-s016-a033-w013	16:33:13	one_to_one
t-s016-a033-w014	16:33	14	مِن	w-s016-a033-w014	16:33:14	one_to_one
t-s016-a033-w015	16:33	15	قَبْلِهِمْ	w-s016-a033-w015	16:33:15	one_to_one
t-s016-a033-w016	16:33	16	وَمَا	w-s016-a033-w016	16:33:16	one_to_one
t-s016-a033-w017	16:33	17	ظَلَمَهُمُ	w-s016-a033-w017	16:33:17	one_to_one
t-s016-a033-w018	16:33	18	ٱللَّهُ	w-s016-a033-w018	16:33:18	one_to_one
t-s016-a033-w019	16:33	19	وَلَٰكِن	w-s016-a033-w019	16:33:19	one_to_one
t-s016-a033-w020	16:33	20	كَانُوٓا۟	w-s016-a033-w020	16:33:20	one_to_one
t-s016-a033-w021	16:33	21	أَنفُسَهُمْ	w-s016-a033-w021	16:33:21	one_to_one
t-s016-a033-w022	16:33	22	يَظْلِمُونَ	w-s016-a033-w022	16:33:22	one_to_one
t-s016-a034-w001	16:34	1	فَأَصَابَهُمْ	w-s016-a034-w001	16:34:1	one_to_one
t-s016-a034-w002	16:34	2	سَيِّـَٔاتُ	w-s016-a034-w002	16:34:2	one_to_one
t-s016-a034-w003	16:34	3	مَا	w-s016-a034-w003	16:34:3	one_to_one
t-s016-a034-w004	16:34	4	عَمِلُوا۟	w-s016-a034-w004	16:34:4	one_to_one
t-s016-a034-w005	16:34	5	وَحَاقَ	w-s016-a034-w005	16:34:5	one_to_one
t-s016-a034-w006	16:34	6	بِهِم	w-s016-a034-w006	16:34:6	one_to_one
t-s016-a034-w007	16:34	7	مَّا	w-s016-a034-w007	16:34:7	one_to_one
t-s016-a034-w008	16:34	8	كَانُوا۟	w-s016-a034-w008	16:34:8	one_to_one
t-s016-a034-w009	16:34	9	بِهِۦ	w-s016-a034-w009	16:34:9	one_to_one
t-s016-a034-w010	16:34	10	يَسْتَهْزِءُونَ	w-s016-a034-w010	16:34:10	one_to_one
t-s016-a035-w001	16:35	1	وَقَالَ	w-s016-a035-w001	16:35:1	one_to_one
t-s016-a035-w002	16:35	2	ٱلَّذِينَ	w-s016-a035-w002	16:35:2	one_to_one
t-s016-a035-w003	16:35	3	أَشْرَكُوا۟	w-s016-a035-w003	16:35:3	one_to_one
t-s016-a035-w004	16:35	4	لَوْ	w-s016-a035-w004	16:35:4	one_to_one
t-s016-a035-w005	16:35	5	شَآءَ	w-s016-a035-w005	16:35:5	one_to_one
t-s016-a035-w006	16:35	6	ٱللَّهُ	w-s016-a035-w006	16:35:6	one_to_one
t-s016-a035-w007	16:35	7	مَا	w-s016-a035-w007	16:35:7	one_to_one
t-s016-a035-w008	16:35	8	عَبَدْنَا	w-s016-a035-w008	16:35:8	one_to_one
t-s016-a035-w009	16:35	9	مِن	w-s016-a035-w009	16:35:9	one_to_one
t-s016-a035-w010	16:35	10	دُونِهِۦ	w-s016-a035-w010	16:35:10	one_to_one
t-s016-a035-w011	16:35	11	مِن	w-s016-a035-w011	16:35:11	one_to_one
t-s016-a035-w012	16:35	12	شَىْءٍۢ	w-s016-a035-w012	16:35:12	one_to_one
t-s016-a035-w013	16:35	13	نَّحْنُ	w-s016-a035-w013	16:35:13	one_to_one
t-s016-a035-w014	16:35	14	وَلَآ	w-s016-a035-w014	16:35:14	one_to_one
t-s016-a035-w015	16:35	15	ءَابَآؤُنَا	w-s016-a035-w015	16:35:15	one_to_one
t-s016-a035-w016	16:35	16	وَلَا	w-s016-a035-w016	16:35:16	one_to_one
t-s016-a035-w017	16:35	17	حَرَّمْنَا	w-s016-a035-w017	16:35:17	one_to_one
t-s016-a035-w018	16:35	18	مِن	w-s016-a035-w018	16:35:18	one_to_one
t-s016-a035-w019	16:35	19	دُونِهِۦ	w-s016-a035-w019	16:35:19	one_to_one
t-s016-a035-w020	16:35	20	مِن	w-s016-a035-w020	16:35:20	one_to_one
t-s016-a035-w021	16:35	21	شَىْءٍۢ	w-s016-a035-w021	16:35:21	one_to_one
t-s016-a035-w022	16:35	22	كَذَٰلِكَ	w-s016-a035-w022	16:35:22	one_to_one
t-s016-a035-w023	16:35	23	فَعَلَ	w-s016-a035-w023	16:35:23	one_to_one
t-s016-a035-w024	16:35	24	ٱلَّذِينَ	w-s016-a035-w024	16:35:24	one_to_one
t-s016-a035-w025	16:35	25	مِن	w-s016-a035-w025	16:35:25	one_to_one
t-s016-a035-w026	16:35	26	قَبْلِهِمْ	w-s016-a035-w026	16:35:26	one_to_one
t-s016-a035-w027	16:35	27	فَهَلْ	w-s016-a035-w027	16:35:27	one_to_one
t-s016-a035-w028	16:35	28	عَلَى	w-s016-a035-w028	16:35:28	one_to_one
t-s016-a035-w029	16:35	29	ٱلرُّسُلِ	w-s016-a035-w029	16:35:29	one_to_one
t-s016-a035-w030	16:35	30	إِلَّا	w-s016-a035-w030	16:35:30	one_to_one
t-s016-a035-w031	16:35	31	ٱلْبَلَٰغُ	w-s016-a035-w031	16:35:31	one_to_one
t-s016-a035-w032	16:35	32	ٱلْمُبِينُ	w-s016-a035-w032	16:35:32	one_to_one
t-s016-a036-w001	16:36	1	وَلَقَدْ	w-s016-a036-w001	16:36:1	one_to_one
t-s016-a036-w002	16:36	2	بَعَثْنَا	w-s016-a036-w002	16:36:2	one_to_one
t-s016-a036-w003	16:36	3	فِى	w-s016-a036-w003	16:36:3	one_to_one
t-s016-a036-w004	16:36	4	كُلِّ	w-s016-a036-w004	16:36:4	one_to_one
t-s016-a036-w005	16:36	5	أُمَّةٍۢ	w-s016-a036-w005	16:36:5	one_to_one
t-s016-a036-w006	16:36	6	رَّسُولًا	w-s016-a036-w006	16:36:6	one_to_one
t-s016-a036-w007	16:36	7	أَنِ	w-s016-a036-w007	16:36:7	one_to_one
t-s016-a036-w008	16:36	8	ٱعْبُدُوا۟	w-s016-a036-w008	16:36:8	one_to_one
t-s016-a036-w009	16:36	9	ٱللَّهَ	w-s016-a036-w009	16:36:9	one_to_one
t-s016-a036-w010	16:36	10	وَٱجْتَنِبُوا۟	w-s016-a036-w010	16:36:10	one_to_one
t-s016-a036-w011	16:36	11	ٱلطَّٰغُوتَ	w-s016-a036-w011	16:36:11	one_to_one
t-s016-a036-w012	16:36	12	فَمِنْهُم	w-s016-a036-w012	16:36:12	one_to_one
t-s016-a036-w013	16:36	13	مَّنْ	w-s016-a036-w013	16:36:13	one_to_one
t-s016-a036-w014	16:36	14	هَدَى	w-s016-a036-w014	16:36:14	one_to_one
t-s016-a036-w015	16:36	15	ٱللَّهُ	w-s016-a036-w015	16:36:15	one_to_one
t-s016-a036-w016	16:36	16	وَمِنْهُم	w-s016-a036-w016	16:36:16	one_to_one
t-s016-a036-w017	16:36	17	مَّنْ	w-s016-a036-w017	16:36:17	one_to_one
t-s016-a036-w018	16:36	18	حَقَّتْ	w-s016-a036-w018	16:36:18	one_to_one
t-s016-a036-w019	16:36	19	عَلَيْهِ	w-s016-a036-w019	16:36:19	one_to_one
t-s016-a036-w020	16:36	20	ٱلضَّلَٰلَةُ	w-s016-a036-w020	16:36:20	one_to_one
t-s016-a036-w021	16:36	21	فَسِيرُوا۟	w-s016-a036-w021	16:36:21	one_to_one
t-s016-a036-w022	16:36	22	فِى	w-s016-a036-w022	16:36:22	one_to_one
t-s016-a036-w023	16:36	23	ٱلْأَرْضِ	w-s016-a036-w023	16:36:23	one_to_one
t-s016-a036-w024	16:36	24	فَٱنظُرُوا۟	w-s016-a036-w024	16:36:24	one_to_one
t-s016-a036-w025	16:36	25	كَيْفَ	w-s016-a036-w025	16:36:25	one_to_one
t-s016-a036-w026	16:36	26	كَانَ	w-s016-a036-w026	16:36:26	one_to_one
t-s016-a036-w027	16:36	27	عَٰقِبَةُ	w-s016-a036-w027	16:36:27	one_to_one
t-s016-a036-w028	16:36	28	ٱلْمُكَذِّبِينَ	w-s016-a036-w028	16:36:28	one_to_one
t-s016-a037-w001	16:37	1	إِن	w-s016-a037-w001	16:37:1	one_to_one
t-s016-a037-w002	16:37	2	تَحْرِصْ	w-s016-a037-w002	16:37:2	one_to_one
t-s016-a037-w003	16:37	3	عَلَىٰ	w-s016-a037-w003	16:37:3	one_to_one
t-s016-a037-w004	16:37	4	هُدَىٰهُمْ	w-s016-a037-w004	16:37:4	one_to_one
t-s016-a037-w005	16:37	5	فَإِنَّ	w-s016-a037-w005	16:37:5	one_to_one
t-s016-a037-w006	16:37	6	ٱللَّهَ	w-s016-a037-w006	16:37:6	one_to_one
t-s016-a037-w007	16:37	7	لَا	w-s016-a037-w007	16:37:7	one_to_one
t-s016-a037-w008	16:37	8	يَهْدِى	w-s016-a037-w008	16:37:8	one_to_one
t-s016-a037-w009	16:37	9	مَن	w-s016-a037-w009	16:37:9	one_to_one
t-s016-a037-w010	16:37	10	يُضِلُّ	w-s016-a037-w010	16:37:10	one_to_one
t-s016-a037-w011	16:37	11	وَمَا	w-s016-a037-w011	16:37:11	one_to_one
t-s016-a037-w012	16:37	12	لَهُم	w-s016-a037-w012	16:37:12	one_to_one
t-s016-a037-w013	16:37	13	مِّن	w-s016-a037-w013	16:37:13	one_to_one
t-s016-a037-w014	16:37	14	نَّٰصِرِينَ	w-s016-a037-w014	16:37:14	one_to_one
t-s016-a038-w001	16:38	1	وَأَقْسَمُوا۟	w-s016-a038-w001	16:38:1	one_to_one
t-s016-a038-w002	16:38	2	بِٱللَّهِ	w-s016-a038-w002	16:38:2	one_to_one
t-s016-a038-w003	16:38	3	جَهْدَ	w-s016-a038-w003	16:38:3	one_to_one
t-s016-a038-w004	16:38	4	أَيْمَٰنِهِمْ	w-s016-a038-w004	16:38:4	one_to_one
t-s016-a038-w005	16:38	5	لَا	w-s016-a038-w005	16:38:5	one_to_one
t-s016-a038-w006	16:38	6	يَبْعَثُ	w-s016-a038-w006	16:38:6	one_to_one
t-s016-a038-w007	16:38	7	ٱللَّهُ	w-s016-a038-w007	16:38:7	one_to_one
t-s016-a038-w008	16:38	8	مَن	w-s016-a038-w008	16:38:8	one_to_one
t-s016-a038-w009	16:38	9	يَمُوتُ	w-s016-a038-w009	16:38:9	one_to_one
t-s016-a038-w010	16:38	10	بَلَىٰ	w-s016-a038-w010	16:38:10	one_to_one
t-s016-a038-w011	16:38	11	وَعْدًا	w-s016-a038-w011	16:38:11	one_to_one
t-s016-a038-w012	16:38	12	عَلَيْهِ	w-s016-a038-w012	16:38:12	one_to_one
t-s016-a038-w013	16:38	13	حَقًّۭا	w-s016-a038-w013	16:38:13	one_to_one
t-s016-a038-w014	16:38	14	وَلَٰكِنَّ	w-s016-a038-w014	16:38:14	one_to_one
t-s016-a038-w015	16:38	15	أَكْثَرَ	w-s016-a038-w015	16:38:15	one_to_one
t-s016-a038-w016	16:38	16	ٱلنَّاسِ	w-s016-a038-w016	16:38:16	one_to_one
t-s016-a038-w017	16:38	17	لَا	w-s016-a038-w017	16:38:17	one_to_one
t-s016-a038-w018	16:38	18	يَعْلَمُونَ	w-s016-a038-w018	16:38:18	one_to_one
t-s016-a039-w001	16:39	1	لِيُبَيِّنَ	w-s016-a039-w001	16:39:1	one_to_one
t-s016-a039-w002	16:39	2	لَهُمُ	w-s016-a039-w002	16:39:2	one_to_one
t-s016-a039-w003	16:39	3	ٱلَّذِى	w-s016-a039-w003	16:39:3	one_to_one
t-s016-a039-w004	16:39	4	يَخْتَلِفُونَ	w-s016-a039-w004	16:39:4	one_to_one
t-s016-a039-w005	16:39	5	فِيهِ	w-s016-a039-w005	16:39:5	one_to_one
t-s016-a039-w006	16:39	6	وَلِيَعْلَمَ	w-s016-a039-w006	16:39:6	one_to_one
t-s016-a039-w007	16:39	7	ٱلَّذِينَ	w-s016-a039-w007	16:39:7	one_to_one
t-s016-a039-w008	16:39	8	كَفَرُوٓا۟	w-s016-a039-w008	16:39:8	one_to_one
t-s016-a039-w009	16:39	9	أَنَّهُمْ	w-s016-a039-w009	16:39:9	one_to_one
t-s016-a039-w010	16:39	10	كَانُوا۟	w-s016-a039-w010	16:39:10	one_to_one
t-s016-a039-w011	16:39	11	كَٰذِبِينَ	w-s016-a039-w011	16:39:11	one_to_one
t-s016-a040-w001	16:40	1	إِنَّمَا	w-s016-a040-w001	16:40:1	one_to_one
t-s016-a040-w002	16:40	2	قَوْلُنَا	w-s016-a040-w002	16:40:2	one_to_one
t-s016-a040-w003	16:40	3	لِشَىْءٍ	w-s016-a040-w003	16:40:3	one_to_one
t-s016-a040-w004	16:40	4	إِذَآ	w-s016-a040-w004	16:40:4	one_to_one
t-s016-a040-w005	16:40	5	أَرَدْنَٰهُ	w-s016-a040-w005	16:40:5	one_to_one
t-s016-a040-w006	16:40	6	أَن	w-s016-a040-w006	16:40:6	one_to_one
t-s016-a040-w007	16:40	7	نَّقُولَ	w-s016-a040-w007	16:40:7	one_to_one
t-s016-a040-w008	16:40	8	لَهُۥ	w-s016-a040-w008	16:40:8	one_to_one
t-s016-a040-w009	16:40	9	كُن	w-s016-a040-w009	16:40:9	one_to_one
t-s016-a040-w010	16:40	10	فَيَكُونُ	w-s016-a040-w010	16:40:10	one_to_one
t-s016-a041-w001	16:41	1	وَٱلَّذِينَ	w-s016-a041-w001	16:41:1	one_to_one
t-s016-a041-w002	16:41	2	هَاجَرُوا۟	w-s016-a041-w002	16:41:2	one_to_one
t-s016-a041-w003	16:41	3	فِى	w-s016-a041-w003	16:41:3	one_to_one
t-s016-a041-w004	16:41	4	ٱللَّهِ	w-s016-a041-w004	16:41:4	one_to_one
t-s016-a041-w005	16:41	5	مِنۢ	w-s016-a041-w005	16:41:5	one_to_one
t-s016-a041-w006	16:41	6	بَعْدِ	w-s016-a041-w006	16:41:6	one_to_one
t-s016-a041-w007	16:41	7	مَا	w-s016-a041-w007	16:41:7	one_to_one
t-s016-a041-w008	16:41	8	ظُلِمُوا۟	w-s016-a041-w008	16:41:8	one_to_one
t-s016-a041-w009	16:41	9	لَنُبَوِّئَنَّهُمْ	w-s016-a041-w009	16:41:9	one_to_one
t-s016-a041-w010	16:41	10	فِى	w-s016-a041-w010	16:41:10	one_to_one
t-s016-a041-w011	16:41	11	ٱلدُّنْيَا	w-s016-a041-w011	16:41:11	one_to_one
t-s016-a041-w012	16:41	12	حَسَنَةًۭ	w-s016-a041-w012	16:41:12	one_to_one
t-s016-a041-w013	16:41	13	وَلَأَجْرُ	w-s016-a041-w013	16:41:13	one_to_one
t-s016-a041-w014	16:41	14	ٱلْءَاخِرَةِ	w-s016-a041-w014	16:41:14	one_to_one
t-s016-a041-w015	16:41	15	أَكْبَرُ	w-s016-a041-w015	16:41:15	one_to_one
t-s016-a041-w016	16:41	16	لَوْ	w-s016-a041-w016	16:41:16	one_to_one
t-s016-a041-w017	16:41	17	كَانُوا۟	w-s016-a041-w017	16:41:17	one_to_one
t-s016-a041-w018	16:41	18	يَعْلَمُونَ	w-s016-a041-w018	16:41:18	one_to_one
t-s016-a042-w001	16:42	1	ٱلَّذِينَ	w-s016-a042-w001	16:42:1	one_to_one
t-s016-a042-w002	16:42	2	صَبَرُوا۟	w-s016-a042-w002	16:42:2	one_to_one
t-s016-a042-w003	16:42	3	وَعَلَىٰ	w-s016-a042-w003	16:42:3	one_to_one
t-s016-a042-w004	16:42	4	رَبِّهِمْ	w-s016-a042-w004	16:42:4	one_to_one
t-s016-a042-w005	16:42	5	يَتَوَكَّلُونَ	w-s016-a042-w005	16:42:5	one_to_one
t-s016-a043-w001	16:43	1	وَمَآ	w-s016-a043-w001	16:43:1	one_to_one
t-s016-a043-w002	16:43	2	أَرْسَلْنَا	w-s016-a043-w002	16:43:2	one_to_one
t-s016-a043-w003	16:43	3	مِن	w-s016-a043-w003	16:43:3	one_to_one
t-s016-a043-w004	16:43	4	قَبْلِكَ	w-s016-a043-w004	16:43:4	one_to_one
t-s016-a043-w005	16:43	5	إِلَّا	w-s016-a043-w005	16:43:5	one_to_one
t-s016-a043-w006	16:43	6	رِجَالًۭا	w-s016-a043-w006	16:43:6	one_to_one
t-s016-a043-w007	16:43	7	نُّوحِىٓ	w-s016-a043-w007	16:43:7	one_to_one
t-s016-a043-w008	16:43	8	إِلَيْهِمْ	w-s016-a043-w008	16:43:8	one_to_one
t-s016-a043-w009	16:43	9	فَسْـَٔلُوٓا۟	w-s016-a043-w009	16:43:9	one_to_one
t-s016-a043-w010	16:43	10	أَهْلَ	w-s016-a043-w010	16:43:10	one_to_one
t-s016-a043-w011	16:43	11	ٱلذِّكْرِ	w-s016-a043-w011	16:43:11	one_to_one
t-s016-a043-w012	16:43	12	إِن	w-s016-a043-w012	16:43:12	one_to_one
t-s016-a043-w013	16:43	13	كُنتُمْ	w-s016-a043-w013	16:43:13	one_to_one
t-s016-a043-w014	16:43	14	لَا	w-s016-a043-w014	16:43:14	one_to_one
t-s016-a043-w015	16:43	15	تَعْلَمُونَ	w-s016-a043-w015	16:43:15	one_to_one
t-s016-a044-w001	16:44	1	بِٱلْبَيِّنَٰتِ	w-s016-a044-w001	16:44:1	one_to_one
t-s016-a044-w002	16:44	2	وَٱلزُّبُرِ	w-s016-a044-w002	16:44:2	one_to_one
t-s016-a044-w003	16:44	3	وَأَنزَلْنَآ	w-s016-a044-w003	16:44:3	one_to_one
t-s016-a044-w004	16:44	4	إِلَيْكَ	w-s016-a044-w004	16:44:4	one_to_one
t-s016-a044-w005	16:44	5	ٱلذِّكْرَ	w-s016-a044-w005	16:44:5	one_to_one
t-s016-a044-w006	16:44	6	لِتُبَيِّنَ	w-s016-a044-w006	16:44:6	one_to_one
t-s016-a044-w007	16:44	7	لِلنَّاسِ	w-s016-a044-w007	16:44:7	one_to_one
t-s016-a044-w008	16:44	8	مَا	w-s016-a044-w008	16:44:8	one_to_one
t-s016-a044-w009	16:44	9	نُزِّلَ	w-s016-a044-w009	16:44:9	one_to_one
t-s016-a044-w010	16:44	10	إِلَيْهِمْ	w-s016-a044-w010	16:44:10	one_to_one
t-s016-a044-w011	16:44	11	وَلَعَلَّهُمْ	w-s016-a044-w011	16:44:11	one_to_one
t-s016-a044-w012	16:44	12	يَتَفَكَّرُونَ	w-s016-a044-w012	16:44:12	one_to_one
t-s016-a045-w001	16:45	1	أَفَأَمِنَ	w-s016-a045-w001	16:45:1	one_to_one
t-s016-a045-w002	16:45	2	ٱلَّذِينَ	w-s016-a045-w002	16:45:2	one_to_one
t-s016-a045-w003	16:45	3	مَكَرُوا۟	w-s016-a045-w003	16:45:3	one_to_one
t-s016-a045-w004	16:45	4	ٱلسَّيِّـَٔاتِ	w-s016-a045-w004	16:45:4	one_to_one
t-s016-a045-w005	16:45	5	أَن	w-s016-a045-w005	16:45:5	one_to_one
t-s016-a045-w006	16:45	6	يَخْسِفَ	w-s016-a045-w006	16:45:6	one_to_one
t-s016-a045-w007	16:45	7	ٱللَّهُ	w-s016-a045-w007	16:45:7	one_to_one
t-s016-a045-w008	16:45	8	بِهِمُ	w-s016-a045-w008	16:45:8	one_to_one
t-s016-a045-w009	16:45	9	ٱلْأَرْضَ	w-s016-a045-w009	16:45:9	one_to_one
t-s016-a045-w010	16:45	10	أَوْ	w-s016-a045-w010	16:45:10	one_to_one
t-s016-a045-w011	16:45	11	يَأْتِيَهُمُ	w-s016-a045-w011	16:45:11	one_to_one
t-s016-a045-w012	16:45	12	ٱلْعَذَابُ	w-s016-a045-w012	16:45:12	one_to_one
t-s016-a045-w013	16:45	13	مِنْ	w-s016-a045-w013	16:45:13	one_to_one
t-s016-a045-w014	16:45	14	حَيْثُ	w-s016-a045-w014	16:45:14	one_to_one
t-s016-a045-w015	16:45	15	لَا	w-s016-a045-w015	16:45:15	one_to_one
t-s016-a045-w016	16:45	16	يَشْعُرُونَ	w-s016-a045-w016	16:45:16	one_to_one
t-s016-a046-w001	16:46	1	أَوْ	w-s016-a046-w001	16:46:1	one_to_one
t-s016-a046-w002	16:46	2	يَأْخُذَهُمْ	w-s016-a046-w002	16:46:2	one_to_one
t-s016-a046-w003	16:46	3	فِى	w-s016-a046-w003	16:46:3	one_to_one
t-s016-a046-w004	16:46	4	تَقَلُّبِهِمْ	w-s016-a046-w004	16:46:4	one_to_one
t-s016-a046-w005	16:46	5	فَمَا	w-s016-a046-w005	16:46:5	one_to_one
t-s016-a046-w006	16:46	6	هُم	w-s016-a046-w006	16:46:6	one_to_one
t-s016-a046-w007	16:46	7	بِمُعْجِزِينَ	w-s016-a046-w007	16:46:7	one_to_one
t-s016-a047-w001	16:47	1	أَوْ	w-s016-a047-w001	16:47:1	one_to_one
t-s016-a047-w002	16:47	2	يَأْخُذَهُمْ	w-s016-a047-w002	16:47:2	one_to_one
t-s016-a047-w003	16:47	3	عَلَىٰ	w-s016-a047-w003	16:47:3	one_to_one
t-s016-a047-w004	16:47	4	تَخَوُّفٍۢ	w-s016-a047-w004	16:47:4	one_to_one
t-s016-a047-w005	16:47	5	فَإِنَّ	w-s016-a047-w005	16:47:5	one_to_one
t-s016-a047-w006	16:47	6	رَبَّكُمْ	w-s016-a047-w006	16:47:6	one_to_one
t-s016-a047-w007	16:47	7	لَرَءُوفٌۭ	w-s016-a047-w007	16:47:7	one_to_one
t-s016-a047-w008	16:47	8	رَّحِيمٌ	w-s016-a047-w008	16:47:8	one_to_one
t-s016-a048-w001	16:48	1	أَوَلَمْ	w-s016-a048-w001	16:48:1	one_to_one
t-s016-a048-w002	16:48	2	يَرَوْا۟	w-s016-a048-w002	16:48:2	one_to_one
t-s016-a048-w003	16:48	3	إِلَىٰ	w-s016-a048-w003	16:48:3	one_to_one
t-s016-a048-w004	16:48	4	مَا	w-s016-a048-w004	16:48:4	one_to_one
t-s016-a048-w005	16:48	5	خَلَقَ	w-s016-a048-w005	16:48:5	one_to_one
t-s016-a048-w006	16:48	6	ٱللَّهُ	w-s016-a048-w006	16:48:6	one_to_one
t-s016-a048-w007	16:48	7	مِن	w-s016-a048-w007	16:48:7	one_to_one
t-s016-a048-w008	16:48	8	شَىْءٍۢ	w-s016-a048-w008	16:48:8	one_to_one
t-s016-a048-w009	16:48	9	يَتَفَيَّؤُا۟	w-s016-a048-w009	16:48:9	one_to_one
t-s016-a048-w010	16:48	10	ظِلَٰلُهُۥ	w-s016-a048-w010	16:48:10	one_to_one
t-s016-a048-w011	16:48	11	عَنِ	w-s016-a048-w011	16:48:11	one_to_one
t-s016-a048-w012	16:48	12	ٱلْيَمِينِ	w-s016-a048-w012	16:48:12	one_to_one
t-s016-a048-w013	16:48	13	وَٱلشَّمَآئِلِ	w-s016-a048-w013	16:48:13	one_to_one
t-s016-a048-w014	16:48	14	سُجَّدًۭا	w-s016-a048-w014	16:48:14	one_to_one
t-s016-a048-w015	16:48	15	لِّلَّهِ	w-s016-a048-w015	16:48:15	one_to_one
t-s016-a048-w016	16:48	16	وَهُمْ	w-s016-a048-w016	16:48:16	one_to_one
t-s016-a048-w017	16:48	17	دَٰخِرُونَ	w-s016-a048-w017	16:48:17	one_to_one
t-s016-a049-w001	16:49	1	وَلِلَّهِ	w-s016-a049-w001	16:49:1	one_to_one
t-s016-a049-w002	16:49	2	يَسْجُدُ	w-s016-a049-w002	16:49:2	one_to_one
t-s016-a049-w003	16:49	3	مَا	w-s016-a049-w003	16:49:3	one_to_one
t-s016-a049-w004	16:49	4	فِى	w-s016-a049-w004	16:49:4	one_to_one
t-s016-a049-w005	16:49	5	ٱلسَّمَٰوَٰتِ	w-s016-a049-w005	16:49:5	one_to_one
t-s016-a049-w006	16:49	6	وَمَا	w-s016-a049-w006	16:49:6	one_to_one
t-s016-a049-w007	16:49	7	فِى	w-s016-a049-w007	16:49:7	one_to_one
t-s016-a049-w008	16:49	8	ٱلْأَرْضِ	w-s016-a049-w008	16:49:8	one_to_one
t-s016-a049-w009	16:49	9	مِن	w-s016-a049-w009	16:49:9	one_to_one
t-s016-a049-w010	16:49	10	دَآبَّةٍۢ	w-s016-a049-w010	16:49:10	one_to_one
t-s016-a049-w011	16:49	11	وَٱلْمَلَٰٓئِكَةُ	w-s016-a049-w011	16:49:11	one_to_one
t-s016-a049-w012	16:49	12	وَهُمْ	w-s016-a049-w012	16:49:12	one_to_one
t-s016-a049-w013	16:49	13	لَا	w-s016-a049-w013	16:49:13	one_to_one
t-s016-a049-w014	16:49	14	يَسْتَكْبِرُونَ	w-s016-a049-w014	16:49:14	one_to_one
t-s016-a050-w001	16:50	1	يَخَافُونَ	w-s016-a050-w001	16:50:1	one_to_one
t-s016-a050-w002	16:50	2	رَبَّهُم	w-s016-a050-w002	16:50:2	one_to_one
t-s016-a050-w003	16:50	3	مِّن	w-s016-a050-w003	16:50:3	one_to_one
t-s016-a050-w004	16:50	4	فَوْقِهِمْ	w-s016-a050-w004	16:50:4	one_to_one
t-s016-a050-w005	16:50	5	وَيَفْعَلُونَ	w-s016-a050-w005	16:50:5	one_to_one
t-s016-a050-w006	16:50	6	مَا	w-s016-a050-w006	16:50:6	one_to_one
t-s016-a050-w007	16:50	7	يُؤْمَرُونَ	w-s016-a050-w007	16:50:7	one_to_one
t-s016-a051-w001	16:51	1	وَقَالَ	w-s016-a051-w001	16:51:1	one_to_one
t-s016-a051-w002	16:51	2	ٱللَّهُ	w-s016-a051-w002	16:51:2	one_to_one
t-s016-a051-w003	16:51	3	لَا	w-s016-a051-w003	16:51:3	one_to_one
t-s016-a051-w004	16:51	4	تَتَّخِذُوٓا۟	w-s016-a051-w004	16:51:4	one_to_one
t-s016-a051-w005	16:51	5	إِلَٰهَيْنِ	w-s016-a051-w005	16:51:5	one_to_one
t-s016-a051-w006	16:51	6	ٱثْنَيْنِ	w-s016-a051-w006	16:51:6	one_to_one
t-s016-a051-w007	16:51	7	إِنَّمَا	w-s016-a051-w007	16:51:7	one_to_one
t-s016-a051-w008	16:51	8	هُوَ	w-s016-a051-w008	16:51:8	one_to_one
t-s016-a051-w009	16:51	9	إِلَٰهٌۭ	w-s016-a051-w009	16:51:9	one_to_one
t-s016-a051-w010	16:51	10	وَٰحِدٌۭ	w-s016-a051-w010	16:51:10	one_to_one
t-s016-a051-w011	16:51	11	فَإِيَّٰىَ	w-s016-a051-w011	16:51:11	one_to_one
t-s016-a051-w012	16:51	12	فَٱرْهَبُونِ	w-s016-a051-w012	16:51:12	one_to_one
t-s016-a052-w001	16:52	1	وَلَهُۥ	w-s016-a052-w001	16:52:1	one_to_one
t-s016-a052-w002	16:52	2	مَا	w-s016-a052-w002	16:52:2	one_to_one
t-s016-a052-w003	16:52	3	فِى	w-s016-a052-w003	16:52:3	one_to_one
t-s016-a052-w004	16:52	4	ٱلسَّمَٰوَٰتِ	w-s016-a052-w004	16:52:4	one_to_one
t-s016-a052-w005	16:52	5	وَٱلْأَرْضِ	w-s016-a052-w005	16:52:5	one_to_one
t-s016-a052-w006	16:52	6	وَلَهُ	w-s016-a052-w006	16:52:6	one_to_one
t-s016-a052-w007	16:52	7	ٱلدِّينُ	w-s016-a052-w007	16:52:7	one_to_one
t-s016-a052-w008	16:52	8	وَاصِبًا	w-s016-a052-w008	16:52:8	one_to_one
t-s016-a052-w009	16:52	9	أَفَغَيْرَ	w-s016-a052-w009	16:52:9	one_to_one
t-s016-a052-w010	16:52	10	ٱللَّهِ	w-s016-a052-w010	16:52:10	one_to_one
t-s016-a052-w011	16:52	11	تَتَّقُونَ	w-s016-a052-w011	16:52:11	one_to_one
t-s016-a053-w001	16:53	1	وَمَا	w-s016-a053-w001	16:53:1	one_to_one
t-s016-a053-w002	16:53	2	بِكُم	w-s016-a053-w002	16:53:2	one_to_one
t-s016-a053-w003	16:53	3	مِّن	w-s016-a053-w003	16:53:3	one_to_one
t-s016-a053-w004	16:53	4	نِّعْمَةٍۢ	w-s016-a053-w004	16:53:4	one_to_one
t-s016-a053-w005	16:53	5	فَمِنَ	w-s016-a053-w005	16:53:5	one_to_one
t-s016-a053-w006	16:53	6	ٱللَّهِ	w-s016-a053-w006	16:53:6	one_to_one
t-s016-a053-w007	16:53	7	ثُمَّ	w-s016-a053-w007	16:53:7	one_to_one
t-s016-a053-w008	16:53	8	إِذَا	w-s016-a053-w008	16:53:8	one_to_one
t-s016-a053-w009	16:53	9	مَسَّكُمُ	w-s016-a053-w009	16:53:9	one_to_one
t-s016-a053-w010	16:53	10	ٱلضُّرُّ	w-s016-a053-w010	16:53:10	one_to_one
t-s016-a053-w011	16:53	11	فَإِلَيْهِ	w-s016-a053-w011	16:53:11	one_to_one
t-s016-a053-w012	16:53	12	تَجْـَٔرُونَ	w-s016-a053-w012	16:53:12	one_to_one
t-s016-a054-w001	16:54	1	ثُمَّ	w-s016-a054-w001	16:54:1	one_to_one
t-s016-a054-w002	16:54	2	إِذَا	w-s016-a054-w002	16:54:2	one_to_one
t-s016-a054-w003	16:54	3	كَشَفَ	w-s016-a054-w003	16:54:3	one_to_one
t-s016-a054-w004	16:54	4	ٱلضُّرَّ	w-s016-a054-w004	16:54:4	one_to_one
t-s016-a054-w005	16:54	5	عَنكُمْ	w-s016-a054-w005	16:54:5	one_to_one
t-s016-a054-w006	16:54	6	إِذَا	w-s016-a054-w006	16:54:6	one_to_one
t-s016-a054-w007	16:54	7	فَرِيقٌۭ	w-s016-a054-w007	16:54:7	one_to_one
t-s016-a054-w008	16:54	8	مِّنكُم	w-s016-a054-w008	16:54:8	one_to_one
t-s016-a054-w009	16:54	9	بِرَبِّهِمْ	w-s016-a054-w009	16:54:9	one_to_one
t-s016-a054-w010	16:54	10	يُشْرِكُونَ	w-s016-a054-w010	16:54:10	one_to_one
t-s016-a055-w001	16:55	1	لِيَكْفُرُوا۟	w-s016-a055-w001	16:55:1	one_to_one
t-s016-a055-w002	16:55	2	بِمَآ	w-s016-a055-w002	16:55:2	one_to_one
t-s016-a055-w003	16:55	3	ءَاتَيْنَٰهُمْ	w-s016-a055-w003	16:55:3	one_to_one
t-s016-a055-w004	16:55	4	فَتَمَتَّعُوا۟	w-s016-a055-w004	16:55:4	one_to_one
t-s016-a055-w005	16:55	5	فَسَوْفَ	w-s016-a055-w005	16:55:5	one_to_one
t-s016-a055-w006	16:55	6	تَعْلَمُونَ	w-s016-a055-w006	16:55:6	one_to_one
t-s016-a056-w001	16:56	1	وَيَجْعَلُونَ	w-s016-a056-w001	16:56:1	one_to_one
t-s016-a056-w002	16:56	2	لِمَا	w-s016-a056-w002	16:56:2	one_to_one
t-s016-a056-w003	16:56	3	لَا	w-s016-a056-w003	16:56:3	one_to_one
t-s016-a056-w004	16:56	4	يَعْلَمُونَ	w-s016-a056-w004	16:56:4	one_to_one
t-s016-a056-w005	16:56	5	نَصِيبًۭا	w-s016-a056-w005	16:56:5	one_to_one
t-s016-a056-w006	16:56	6	مِّمَّا	w-s016-a056-w006	16:56:6	one_to_one
t-s016-a056-w007	16:56	7	رَزَقْنَٰهُمْ	w-s016-a056-w007	16:56:7	one_to_one
t-s016-a056-w008	16:56	8	تَٱللَّهِ	w-s016-a056-w008	16:56:8	one_to_one
t-s016-a056-w009	16:56	9	لَتُسْـَٔلُنَّ	w-s016-a056-w009	16:56:9	one_to_one
t-s016-a056-w010	16:56	10	عَمَّا	w-s016-a056-w010	16:56:10	one_to_one
t-s016-a056-w011	16:56	11	كُنتُمْ	w-s016-a056-w011	16:56:11	one_to_one
t-s016-a056-w012	16:56	12	تَفْتَرُونَ	w-s016-a056-w012	16:56:12	one_to_one
t-s016-a057-w001	16:57	1	وَيَجْعَلُونَ	w-s016-a057-w001	16:57:1	one_to_one
t-s016-a057-w002	16:57	2	لِلَّهِ	w-s016-a057-w002	16:57:2	one_to_one
t-s016-a057-w003	16:57	3	ٱلْبَنَٰتِ	w-s016-a057-w003	16:57:3	one_to_one
t-s016-a057-w004	16:57	4	سُبْحَٰنَهُۥ	w-s016-a057-w004	16:57:4	one_to_one
t-s016-a057-w005	16:57	5	وَلَهُم	w-s016-a057-w005	16:57:5	one_to_one
t-s016-a057-w006	16:57	6	مَّا	w-s016-a057-w006	16:57:6	one_to_one
t-s016-a057-w007	16:57	7	يَشْتَهُونَ	w-s016-a057-w007	16:57:7	one_to_one
t-s016-a058-w001	16:58	1	وَإِذَا	w-s016-a058-w001	16:58:1	one_to_one
t-s016-a058-w002	16:58	2	بُشِّرَ	w-s016-a058-w002	16:58:2	one_to_one
t-s016-a058-w003	16:58	3	أَحَدُهُم	w-s016-a058-w003	16:58:3	one_to_one
t-s016-a058-w004	16:58	4	بِٱلْأُنثَىٰ	w-s016-a058-w004	16:58:4	one_to_one
t-s016-a058-w005	16:58	5	ظَلَّ	w-s016-a058-w005	16:58:5	one_to_one
t-s016-a058-w006	16:58	6	وَجْهُهُۥ	w-s016-a058-w006	16:58:6	one_to_one
t-s016-a058-w007	16:58	7	مُسْوَدًّۭا	w-s016-a058-w007	16:58:7	one_to_one
t-s016-a058-w008	16:58	8	وَهُوَ	w-s016-a058-w008	16:58:8	one_to_one
t-s016-a058-w009	16:58	9	كَظِيمٌۭ	w-s016-a058-w009	16:58:9	one_to_one
t-s016-a059-w001	16:59	1	يَتَوَٰرَىٰ	w-s016-a059-w001	16:59:1	one_to_one
t-s016-a059-w002	16:59	2	مِنَ	w-s016-a059-w002	16:59:2	one_to_one
t-s016-a059-w003	16:59	3	ٱلْقَوْمِ	w-s016-a059-w003	16:59:3	one_to_one
t-s016-a059-w004	16:59	4	مِن	w-s016-a059-w004	16:59:4	one_to_one
t-s016-a059-w005	16:59	5	سُوٓءِ	w-s016-a059-w005	16:59:5	one_to_one
t-s016-a059-w006	16:59	6	مَا	w-s016-a059-w006	16:59:6	one_to_one
t-s016-a059-w007	16:59	7	بُشِّرَ	w-s016-a059-w007	16:59:7	one_to_one
t-s016-a059-w008	16:59	8	بِهِۦٓ	w-s016-a059-w008	16:59:8	one_to_one
t-s016-a059-w009	16:59	9	أَيُمْسِكُهُۥ	w-s016-a059-w009	16:59:9	one_to_one
t-s016-a059-w010	16:59	10	عَلَىٰ	w-s016-a059-w010	16:59:10	one_to_one
t-s016-a059-w011	16:59	11	هُونٍ	w-s016-a059-w011	16:59:11	one_to_one
t-s016-a059-w012	16:59	12	أَمْ	w-s016-a059-w012	16:59:12	one_to_one
t-s016-a059-w013	16:59	13	يَدُسُّهُۥ	w-s016-a059-w013	16:59:13	one_to_one
t-s016-a059-w014	16:59	14	فِى	w-s016-a059-w014	16:59:14	one_to_one
t-s016-a059-w015	16:59	15	ٱلتُّرَابِ	w-s016-a059-w015	16:59:15	one_to_one
t-s016-a059-w016	16:59	16	أَلَا	w-s016-a059-w016	16:59:16	one_to_one
t-s016-a059-w017	16:59	17	سَآءَ	w-s016-a059-w017	16:59:17	one_to_one
t-s016-a059-w018	16:59	18	مَا	w-s016-a059-w018	16:59:18	one_to_one
t-s016-a059-w019	16:59	19	يَحْكُمُونَ	w-s016-a059-w019	16:59:19	one_to_one
t-s016-a060-w001	16:60	1	لِلَّذِينَ	w-s016-a060-w001	16:60:1	one_to_one
t-s016-a060-w002	16:60	2	لَا	w-s016-a060-w002	16:60:2	one_to_one
t-s016-a060-w003	16:60	3	يُؤْمِنُونَ	w-s016-a060-w003	16:60:3	one_to_one
t-s016-a060-w004	16:60	4	بِٱلْءَاخِرَةِ	w-s016-a060-w004	16:60:4	one_to_one
t-s016-a060-w005	16:60	5	مَثَلُ	w-s016-a060-w005	16:60:5	one_to_one
t-s016-a060-w006	16:60	6	ٱلسَّوْءِ	w-s016-a060-w006	16:60:6	one_to_one
t-s016-a060-w007	16:60	7	وَلِلَّهِ	w-s016-a060-w007	16:60:7	one_to_one
t-s016-a060-w008	16:60	8	ٱلْمَثَلُ	w-s016-a060-w008	16:60:8	one_to_one
t-s016-a060-w009	16:60	9	ٱلْأَعْلَىٰ	w-s016-a060-w009	16:60:9	one_to_one
t-s016-a060-w010	16:60	10	وَهُوَ	w-s016-a060-w010	16:60:10	one_to_one
t-s016-a060-w011	16:60	11	ٱلْعَزِيزُ	w-s016-a060-w011	16:60:11	one_to_one
t-s016-a060-w012	16:60	12	ٱلْحَكِيمُ	w-s016-a060-w012	16:60:12	one_to_one
t-s016-a061-w001	16:61	1	وَلَوْ	w-s016-a061-w001	16:61:1	one_to_one
t-s016-a061-w002	16:61	2	يُؤَاخِذُ	w-s016-a061-w002	16:61:2	one_to_one
t-s016-a061-w003	16:61	3	ٱللَّهُ	w-s016-a061-w003	16:61:3	one_to_one
t-s016-a061-w004	16:61	4	ٱلنَّاسَ	w-s016-a061-w004	16:61:4	one_to_one
t-s016-a061-w005	16:61	5	بِظُلْمِهِم	w-s016-a061-w005	16:61:5	one_to_one
t-s016-a061-w006	16:61	6	مَّا	w-s016-a061-w006	16:61:6	one_to_one
t-s016-a061-w007	16:61	7	تَرَكَ	w-s016-a061-w007	16:61:7	one_to_one
t-s016-a061-w008	16:61	8	عَلَيْهَا	w-s016-a061-w008	16:61:8	one_to_one
t-s016-a061-w009	16:61	9	مِن	w-s016-a061-w009	16:61:9	one_to_one
t-s016-a061-w010	16:61	10	دَآبَّةٍۢ	w-s016-a061-w010	16:61:10	one_to_one
t-s016-a061-w011	16:61	11	وَلَٰكِن	w-s016-a061-w011	16:61:11	one_to_one
t-s016-a061-w012	16:61	12	يُؤَخِّرُهُمْ	w-s016-a061-w012	16:61:12	one_to_one
t-s016-a061-w013	16:61	13	إِلَىٰٓ	w-s016-a061-w013	16:61:13	one_to_one
t-s016-a061-w014	16:61	14	أَجَلٍۢ	w-s016-a061-w014	16:61:14	one_to_one
t-s016-a061-w015	16:61	15	مُّسَمًّۭى	w-s016-a061-w015	16:61:15	one_to_one
t-s016-a061-w016	16:61	16	فَإِذَا	w-s016-a061-w016	16:61:16	one_to_one
t-s016-a061-w017	16:61	17	جَآءَ	w-s016-a061-w017	16:61:17	one_to_one
t-s016-a061-w018	16:61	18	أَجَلُهُمْ	w-s016-a061-w018	16:61:18	one_to_one
t-s016-a061-w019	16:61	19	لَا	w-s016-a061-w019	16:61:19	one_to_one
t-s016-a061-w020	16:61	20	يَسْتَـْٔخِرُونَ	w-s016-a061-w020	16:61:20	one_to_one
t-s016-a061-w021	16:61	21	سَاعَةًۭ	w-s016-a061-w021	16:61:21	one_to_one
t-s016-a061-w022	16:61	22	وَلَا	w-s016-a061-w022	16:61:22	one_to_one
t-s016-a061-w023	16:61	23	يَسْتَقْدِمُونَ	w-s016-a061-w023	16:61:23	one_to_one
t-s016-a062-w001	16:62	1	وَيَجْعَلُونَ	w-s016-a062-w001	16:62:1	one_to_one
t-s016-a062-w002	16:62	2	لِلَّهِ	w-s016-a062-w002	16:62:2	one_to_one
t-s016-a062-w003	16:62	3	مَا	w-s016-a062-w003	16:62:3	one_to_one
t-s016-a062-w004	16:62	4	يَكْرَهُونَ	w-s016-a062-w004	16:62:4	one_to_one
t-s016-a062-w005	16:62	5	وَتَصِفُ	w-s016-a062-w005	16:62:5	one_to_one
t-s016-a062-w006	16:62	6	أَلْسِنَتُهُمُ	w-s016-a062-w006	16:62:6	one_to_one
t-s016-a062-w007	16:62	7	ٱلْكَذِبَ	w-s016-a062-w007	16:62:7	one_to_one
t-s016-a062-w008	16:62	8	أَنَّ	w-s016-a062-w008	16:62:8	one_to_one
t-s016-a062-w009	16:62	9	لَهُمُ	w-s016-a062-w009	16:62:9	one_to_one
t-s016-a062-w010	16:62	10	ٱلْحُسْنَىٰ	w-s016-a062-w010	16:62:10	one_to_one
t-s016-a062-w011	16:62	11	لَا	w-s016-a062-w011	16:62:11	one_to_one
t-s016-a062-w012	16:62	12	جَرَمَ	w-s016-a062-w012	16:62:12	one_to_one
t-s016-a062-w013	16:62	13	أَنَّ	w-s016-a062-w013	16:62:13	one_to_one
t-s016-a062-w014	16:62	14	لَهُمُ	w-s016-a062-w014	16:62:14	one_to_one
t-s016-a062-w015	16:62	15	ٱلنَّارَ	w-s016-a062-w015	16:62:15	one_to_one
t-s016-a062-w016	16:62	16	وَأَنَّهُم	w-s016-a062-w016	16:62:16	one_to_one
t-s016-a062-w017	16:62	17	مُّفْرَطُونَ	w-s016-a062-w017	16:62:17	one_to_one
t-s016-a063-w001	16:63	1	تَٱللَّهِ	w-s016-a063-w001	16:63:1	one_to_one
t-s016-a063-w002	16:63	2	لَقَدْ	w-s016-a063-w002	16:63:2	one_to_one
t-s016-a063-w003	16:63	3	أَرْسَلْنَآ	w-s016-a063-w003	16:63:3	one_to_one
t-s016-a063-w004	16:63	4	إِلَىٰٓ	w-s016-a063-w004	16:63:4	one_to_one
t-s016-a063-w005	16:63	5	أُمَمٍۢ	w-s016-a063-w005	16:63:5	one_to_one
t-s016-a063-w006	16:63	6	مِّن	w-s016-a063-w006	16:63:6	one_to_one
t-s016-a063-w007	16:63	7	قَبْلِكَ	w-s016-a063-w007	16:63:7	one_to_one
t-s016-a063-w008	16:63	8	فَزَيَّنَ	w-s016-a063-w008	16:63:8	one_to_one
t-s016-a063-w009	16:63	9	لَهُمُ	w-s016-a063-w009	16:63:9	one_to_one
t-s016-a063-w010	16:63	10	ٱلشَّيْطَٰنُ	w-s016-a063-w010	16:63:10	one_to_one
t-s016-a063-w011	16:63	11	أَعْمَٰلَهُمْ	w-s016-a063-w011	16:63:11	one_to_one
t-s016-a063-w012	16:63	12	فَهُوَ	w-s016-a063-w012	16:63:12	one_to_one
t-s016-a063-w013	16:63	13	وَلِيُّهُمُ	w-s016-a063-w013	16:63:13	one_to_one
t-s016-a063-w014	16:63	14	ٱلْيَوْمَ	w-s016-a063-w014	16:63:14	one_to_one
t-s016-a063-w015	16:63	15	وَلَهُمْ	w-s016-a063-w015	16:63:15	one_to_one
t-s016-a063-w016	16:63	16	عَذَابٌ	w-s016-a063-w016	16:63:16	one_to_one
t-s016-a063-w017	16:63	17	أَلِيمٌۭ	w-s016-a063-w017	16:63:17	one_to_one
t-s016-a064-w001	16:64	1	وَمَآ	w-s016-a064-w001	16:64:1	one_to_one
t-s016-a064-w002	16:64	2	أَنزَلْنَا	w-s016-a064-w002	16:64:2	one_to_one
t-s016-a064-w003	16:64	3	عَلَيْكَ	w-s016-a064-w003	16:64:3	one_to_one
t-s016-a064-w004	16:64	4	ٱلْكِتَٰبَ	w-s016-a064-w004	16:64:4	one_to_one
t-s016-a064-w005	16:64	5	إِلَّا	w-s016-a064-w005	16:64:5	one_to_one
t-s016-a064-w006	16:64	6	لِتُبَيِّنَ	w-s016-a064-w006	16:64:6	one_to_one
t-s016-a064-w007	16:64	7	لَهُمُ	w-s016-a064-w007	16:64:7	one_to_one
t-s016-a064-w008	16:64	8	ٱلَّذِى	w-s016-a064-w008	16:64:8	one_to_one
t-s016-a064-w009	16:64	9	ٱخْتَلَفُوا۟	w-s016-a064-w009	16:64:9	one_to_one
t-s016-a064-w010	16:64	10	فِيهِ	w-s016-a064-w010	16:64:10	one_to_one
t-s016-a064-w011	16:64	11	وَهُدًۭى	w-s016-a064-w011	16:64:11	one_to_one
t-s016-a064-w012	16:64	12	وَرَحْمَةًۭ	w-s016-a064-w012	16:64:12	one_to_one
t-s016-a064-w013	16:64	13	لِّقَوْمٍۢ	w-s016-a064-w013	16:64:13	one_to_one
t-s016-a064-w014	16:64	14	يُؤْمِنُونَ	w-s016-a064-w014	16:64:14	one_to_one
t-s016-a065-w001	16:65	1	وَٱللَّهُ	w-s016-a065-w001	16:65:1	one_to_one
t-s016-a065-w002	16:65	2	أَنزَلَ	w-s016-a065-w002	16:65:2	one_to_one
t-s016-a065-w003	16:65	3	مِنَ	w-s016-a065-w003	16:65:3	one_to_one
t-s016-a065-w004	16:65	4	ٱلسَّمَآءِ	w-s016-a065-w004	16:65:4	one_to_one
t-s016-a065-w005	16:65	5	مَآءًۭ	w-s016-a065-w005	16:65:5	one_to_one
t-s016-a065-w006	16:65	6	فَأَحْيَا	w-s016-a065-w006	16:65:6	one_to_one
t-s016-a065-w007	16:65	7	بِهِ	w-s016-a065-w007	16:65:7	one_to_one
t-s016-a065-w008	16:65	8	ٱلْأَرْضَ	w-s016-a065-w008	16:65:8	one_to_one
t-s016-a065-w009	16:65	9	بَعْدَ	w-s016-a065-w009	16:65:9	one_to_one
t-s016-a065-w010	16:65	10	مَوْتِهَآ	w-s016-a065-w010	16:65:10	one_to_one
t-s016-a065-w011	16:65	11	إِنَّ	w-s016-a065-w011	16:65:11	one_to_one
t-s016-a065-w012	16:65	12	فِى	w-s016-a065-w012	16:65:12	one_to_one
t-s016-a065-w013	16:65	13	ذَٰلِكَ	w-s016-a065-w013	16:65:13	one_to_one
t-s016-a065-w014	16:65	14	لَءَايَةًۭ	w-s016-a065-w014	16:65:14	one_to_one
t-s016-a065-w015	16:65	15	لِّقَوْمٍۢ	w-s016-a065-w015	16:65:15	one_to_one
t-s016-a065-w016	16:65	16	يَسْمَعُونَ	w-s016-a065-w016	16:65:16	one_to_one
t-s016-a066-w001	16:66	1	وَإِنَّ	w-s016-a066-w001	16:66:1	one_to_one
t-s016-a066-w002	16:66	2	لَكُمْ	w-s016-a066-w002	16:66:2	one_to_one
t-s016-a066-w003	16:66	3	فِى	w-s016-a066-w003	16:66:3	one_to_one
t-s016-a066-w004	16:66	4	ٱلْأَنْعَٰمِ	w-s016-a066-w004	16:66:4	one_to_one
t-s016-a066-w005	16:66	5	لَعِبْرَةًۭ	w-s016-a066-w005	16:66:5	one_to_one
t-s016-a066-w006	16:66	6	نُّسْقِيكُم	w-s016-a066-w006	16:66:6	one_to_one
t-s016-a066-w007	16:66	7	مِّمَّا	w-s016-a066-w007	16:66:7	one_to_one
t-s016-a066-w008	16:66	8	فِى	w-s016-a066-w008	16:66:8	one_to_one
t-s016-a066-w009	16:66	9	بُطُونِهِۦ	w-s016-a066-w009	16:66:9	one_to_one
t-s016-a066-w010	16:66	10	مِنۢ	w-s016-a066-w010	16:66:10	one_to_one
t-s016-a066-w011	16:66	11	بَيْنِ	w-s016-a066-w011	16:66:11	one_to_one
t-s016-a066-w012	16:66	12	فَرْثٍۢ	w-s016-a066-w012	16:66:12	one_to_one
t-s016-a066-w013	16:66	13	وَدَمٍۢ	w-s016-a066-w013	16:66:13	one_to_one
t-s016-a066-w014	16:66	14	لَّبَنًا	w-s016-a066-w014	16:66:14	one_to_one
t-s016-a066-w015	16:66	15	خَالِصًۭا	w-s016-a066-w015	16:66:15	one_to_one
t-s016-a066-w016	16:66	16	سَآئِغًۭا	w-s016-a066-w016	16:66:16	one_to_one
t-s016-a066-w017	16:66	17	لِّلشَّٰرِبِينَ	w-s016-a066-w017	16:66:17	one_to_one
t-s016-a067-w001	16:67	1	وَمِن	w-s016-a067-w001	16:67:1	one_to_one
t-s016-a067-w002	16:67	2	ثَمَرَٰتِ	w-s016-a067-w002	16:67:2	one_to_one
t-s016-a067-w003	16:67	3	ٱلنَّخِيلِ	w-s016-a067-w003	16:67:3	one_to_one
t-s016-a067-w004	16:67	4	وَٱلْأَعْنَٰبِ	w-s016-a067-w004	16:67:4	one_to_one
t-s016-a067-w005	16:67	5	تَتَّخِذُونَ	w-s016-a067-w005	16:67:5	one_to_one
t-s016-a067-w006	16:67	6	مِنْهُ	w-s016-a067-w006	16:67:6	one_to_one
t-s016-a067-w007	16:67	7	سَكَرًۭا	w-s016-a067-w007	16:67:7	one_to_one
t-s016-a067-w008	16:67	8	وَرِزْقًا	w-s016-a067-w008	16:67:8	one_to_one
t-s016-a067-w009	16:67	9	حَسَنًا	w-s016-a067-w009	16:67:9	one_to_one
t-s016-a067-w010	16:67	10	إِنَّ	w-s016-a067-w010	16:67:10	one_to_one
t-s016-a067-w011	16:67	11	فِى	w-s016-a067-w011	16:67:11	one_to_one
t-s016-a067-w012	16:67	12	ذَٰلِكَ	w-s016-a067-w012	16:67:12	one_to_one
t-s016-a067-w013	16:67	13	لَءَايَةًۭ	w-s016-a067-w013	16:67:13	one_to_one
t-s016-a067-w014	16:67	14	لِّقَوْمٍۢ	w-s016-a067-w014	16:67:14	one_to_one
t-s016-a067-w015	16:67	15	يَعْقِلُونَ	w-s016-a067-w015	16:67:15	one_to_one
t-s016-a068-w001	16:68	1	وَأَوْحَىٰ	w-s016-a068-w001	16:68:1	one_to_one
t-s016-a068-w002	16:68	2	رَبُّكَ	w-s016-a068-w002	16:68:2	one_to_one
t-s016-a068-w003	16:68	3	إِلَى	w-s016-a068-w003	16:68:3	one_to_one
t-s016-a068-w004	16:68	4	ٱلنَّحْلِ	w-s016-a068-w004	16:68:4	one_to_one
t-s016-a068-w005	16:68	5	أَنِ	w-s016-a068-w005	16:68:5	one_to_one
t-s016-a068-w006	16:68	6	ٱتَّخِذِى	w-s016-a068-w006	16:68:6	one_to_one
t-s016-a068-w007	16:68	7	مِنَ	w-s016-a068-w007	16:68:7	one_to_one
t-s016-a068-w008	16:68	8	ٱلْجِبَالِ	w-s016-a068-w008	16:68:8	one_to_one
t-s016-a068-w009	16:68	9	بُيُوتًۭا	w-s016-a068-w009	16:68:9	one_to_one
t-s016-a068-w010	16:68	10	وَمِنَ	w-s016-a068-w010	16:68:10	one_to_one
t-s016-a068-w011	16:68	11	ٱلشَّجَرِ	w-s016-a068-w011	16:68:11	one_to_one
t-s016-a068-w012	16:68	12	وَمِمَّا	w-s016-a068-w012	16:68:12	one_to_one
t-s016-a068-w013	16:68	13	يَعْرِشُونَ	w-s016-a068-w013	16:68:13	one_to_one
t-s016-a069-w001	16:69	1	ثُمَّ	w-s016-a069-w001	16:69:1	one_to_one
t-s016-a069-w002	16:69	2	كُلِى	w-s016-a069-w002	16:69:2	one_to_one
t-s016-a069-w003	16:69	3	مِن	w-s016-a069-w003	16:69:3	one_to_one
t-s016-a069-w004	16:69	4	كُلِّ	w-s016-a069-w004	16:69:4	one_to_one
t-s016-a069-w005	16:69	5	ٱلثَّمَرَٰتِ	w-s016-a069-w005	16:69:5	one_to_one
t-s016-a069-w006	16:69	6	فَٱسْلُكِى	w-s016-a069-w006	16:69:6	one_to_one
t-s016-a069-w007	16:69	7	سُبُلَ	w-s016-a069-w007	16:69:7	one_to_one
t-s016-a069-w008	16:69	8	رَبِّكِ	w-s016-a069-w008	16:69:8	one_to_one
t-s016-a069-w009	16:69	9	ذُلُلًۭا	w-s016-a069-w009	16:69:9	one_to_one
t-s016-a069-w010	16:69	10	يَخْرُجُ	w-s016-a069-w010	16:69:10	one_to_one
t-s016-a069-w011	16:69	11	مِنۢ	w-s016-a069-w011	16:69:11	one_to_one
t-s016-a069-w012	16:69	12	بُطُونِهَا	w-s016-a069-w012	16:69:12	one_to_one
t-s016-a069-w013	16:69	13	شَرَابٌۭ	w-s016-a069-w013	16:69:13	one_to_one
t-s016-a069-w014	16:69	14	مُّخْتَلِفٌ	w-s016-a069-w014	16:69:14	one_to_one
t-s016-a069-w015	16:69	15	أَلْوَٰنُهُۥ	w-s016-a069-w015	16:69:15	one_to_one
t-s016-a069-w016	16:69	16	فِيهِ	w-s016-a069-w016	16:69:16	one_to_one
t-s016-a069-w017	16:69	17	شِفَآءٌۭ	w-s016-a069-w017	16:69:17	one_to_one
t-s016-a069-w018	16:69	18	لِّلنَّاسِ	w-s016-a069-w018	16:69:18	one_to_one
t-s016-a069-w019	16:69	19	إِنَّ	w-s016-a069-w019	16:69:19	one_to_one
t-s016-a069-w020	16:69	20	فِى	w-s016-a069-w020	16:69:20	one_to_one
t-s016-a069-w021	16:69	21	ذَٰلِكَ	w-s016-a069-w021	16:69:21	one_to_one
t-s016-a069-w022	16:69	22	لَءَايَةًۭ	w-s016-a069-w022	16:69:22	one_to_one
t-s016-a069-w023	16:69	23	لِّقَوْمٍۢ	w-s016-a069-w023	16:69:23	one_to_one
t-s016-a069-w024	16:69	24	يَتَفَكَّرُونَ	w-s016-a069-w024	16:69:24	one_to_one
t-s016-a070-w001	16:70	1	وَٱللَّهُ	w-s016-a070-w001	16:70:1	one_to_one
t-s016-a070-w002	16:70	2	خَلَقَكُمْ	w-s016-a070-w002	16:70:2	one_to_one
t-s016-a070-w003	16:70	3	ثُمَّ	w-s016-a070-w003	16:70:3	one_to_one
t-s016-a070-w004	16:70	4	يَتَوَفَّىٰكُمْ	w-s016-a070-w004	16:70:4	one_to_one
t-s016-a070-w005	16:70	5	وَمِنكُم	w-s016-a070-w005	16:70:5	one_to_one
t-s016-a070-w006	16:70	6	مَّن	w-s016-a070-w006	16:70:6	one_to_one
t-s016-a070-w007	16:70	7	يُرَدُّ	w-s016-a070-w007	16:70:7	one_to_one
t-s016-a070-w008	16:70	8	إِلَىٰٓ	w-s016-a070-w008	16:70:8	one_to_one
t-s016-a070-w009	16:70	9	أَرْذَلِ	w-s016-a070-w009	16:70:9	one_to_one
t-s016-a070-w010	16:70	10	ٱلْعُمُرِ	w-s016-a070-w010	16:70:10	one_to_one
t-s016-a070-w011	16:70	11	لِكَىْ	w-s016-a070-w011	16:70:11	one_to_one
t-s016-a070-w012	16:70	12	لَا	w-s016-a070-w012	16:70:12	one_to_one
t-s016-a070-w013	16:70	13	يَعْلَمَ	w-s016-a070-w013	16:70:13	one_to_one
t-s016-a070-w014	16:70	14	بَعْدَ	w-s016-a070-w014	16:70:14	one_to_one
t-s016-a070-w015	16:70	15	عِلْمٍۢ	w-s016-a070-w015	16:70:15	one_to_one
t-s016-a070-w016	16:70	16	شَيْـًٔا	w-s016-a070-w016	16:70:16	one_to_one
t-s016-a070-w017	16:70	17	إِنَّ	w-s016-a070-w017	16:70:17	one_to_one
t-s016-a070-w018	16:70	18	ٱللَّهَ	w-s016-a070-w018	16:70:18	one_to_one
t-s016-a070-w019	16:70	19	عَلِيمٌۭ	w-s016-a070-w019	16:70:19	one_to_one
t-s016-a070-w020	16:70	20	قَدِيرٌۭ	w-s016-a070-w020	16:70:20	one_to_one
t-s016-a071-w001	16:71	1	وَٱللَّهُ	w-s016-a071-w001	16:71:1	one_to_one
t-s016-a071-w002	16:71	2	فَضَّلَ	w-s016-a071-w002	16:71:2	one_to_one
t-s016-a071-w003	16:71	3	بَعْضَكُمْ	w-s016-a071-w003	16:71:3	one_to_one
t-s016-a071-w004	16:71	4	عَلَىٰ	w-s016-a071-w004	16:71:4	one_to_one
t-s016-a071-w005	16:71	5	بَعْضٍۢ	w-s016-a071-w005	16:71:5	one_to_one
t-s016-a071-w006	16:71	6	فِى	w-s016-a071-w006	16:71:6	one_to_one
t-s016-a071-w007	16:71	7	ٱلرِّزْقِ	w-s016-a071-w007	16:71:7	one_to_one
t-s016-a071-w008	16:71	8	فَمَا	w-s016-a071-w008	16:71:8	one_to_one
t-s016-a071-w009	16:71	9	ٱلَّذِينَ	w-s016-a071-w009	16:71:9	one_to_one
t-s016-a071-w010	16:71	10	فُضِّلُوا۟	w-s016-a071-w010	16:71:10	one_to_one
t-s016-a071-w011	16:71	11	بِرَآدِّى	w-s016-a071-w011	16:71:11	one_to_one
t-s016-a071-w012	16:71	12	رِزْقِهِمْ	w-s016-a071-w012	16:71:12	one_to_one
t-s016-a071-w013	16:71	13	عَلَىٰ	w-s016-a071-w013	16:71:13	one_to_one
t-s016-a071-w014	16:71	14	مَا	w-s016-a071-w014	16:71:14	one_to_one
t-s016-a071-w015	16:71	15	مَلَكَتْ	w-s016-a071-w015	16:71:15	one_to_one
t-s016-a071-w016	16:71	16	أَيْمَٰنُهُمْ	w-s016-a071-w016	16:71:16	one_to_one
t-s016-a071-w017	16:71	17	فَهُمْ	w-s016-a071-w017	16:71:17	one_to_one
t-s016-a071-w018	16:71	18	فِيهِ	w-s016-a071-w018	16:71:18	one_to_one
t-s016-a071-w019	16:71	19	سَوَآءٌ	w-s016-a071-w019	16:71:19	one_to_one
t-s016-a071-w020	16:71	20	أَفَبِنِعْمَةِ	w-s016-a071-w020	16:71:20	one_to_one
t-s016-a071-w021	16:71	21	ٱللَّهِ	w-s016-a071-w021	16:71:21	one_to_one
t-s016-a071-w022	16:71	22	يَجْحَدُونَ	w-s016-a071-w022	16:71:22	one_to_one
t-s016-a072-w001	16:72	1	وَٱللَّهُ	w-s016-a072-w001	16:72:1	one_to_one
t-s016-a072-w002	16:72	2	جَعَلَ	w-s016-a072-w002	16:72:2	one_to_one
t-s016-a072-w003	16:72	3	لَكُم	w-s016-a072-w003	16:72:3	one_to_one
t-s016-a072-w004	16:72	4	مِّنْ	w-s016-a072-w004	16:72:4	one_to_one
t-s016-a072-w005	16:72	5	أَنفُسِكُمْ	w-s016-a072-w005	16:72:5	one_to_one
t-s016-a072-w006	16:72	6	أَزْوَٰجًۭا	w-s016-a072-w006	16:72:6	one_to_one
t-s016-a072-w007	16:72	7	وَجَعَلَ	w-s016-a072-w007	16:72:7	one_to_one
t-s016-a072-w008	16:72	8	لَكُم	w-s016-a072-w008	16:72:8	one_to_one
t-s016-a072-w009	16:72	9	مِّنْ	w-s016-a072-w009	16:72:9	one_to_one
t-s016-a072-w010	16:72	10	أَزْوَٰجِكُم	w-s016-a072-w010	16:72:10	one_to_one
t-s016-a072-w011	16:72	11	بَنِينَ	w-s016-a072-w011	16:72:11	one_to_one
t-s016-a072-w012	16:72	12	وَحَفَدَةًۭ	w-s016-a072-w012	16:72:12	one_to_one
t-s016-a072-w013	16:72	13	وَرَزَقَكُم	w-s016-a072-w013	16:72:13	one_to_one
t-s016-a072-w014	16:72	14	مِّنَ	w-s016-a072-w014	16:72:14	one_to_one
t-s016-a072-w015	16:72	15	ٱلطَّيِّبَٰتِ	w-s016-a072-w015	16:72:15	one_to_one
t-s016-a072-w016	16:72	16	أَفَبِٱلْبَٰطِلِ	w-s016-a072-w016	16:72:16	one_to_one
t-s016-a072-w017	16:72	17	يُؤْمِنُونَ	w-s016-a072-w017	16:72:17	one_to_one
t-s016-a072-w018	16:72	18	وَبِنِعْمَتِ	w-s016-a072-w018	16:72:18	one_to_one
t-s016-a072-w019	16:72	19	ٱللَّهِ	w-s016-a072-w019	16:72:19	one_to_one
t-s016-a072-w020	16:72	20	هُمْ	w-s016-a072-w020	16:72:20	one_to_one
t-s016-a072-w021	16:72	21	يَكْفُرُونَ	w-s016-a072-w021	16:72:21	one_to_one
t-s016-a073-w001	16:73	1	وَيَعْبُدُونَ	w-s016-a073-w001	16:73:1	one_to_one
t-s016-a073-w002	16:73	2	مِن	w-s016-a073-w002	16:73:2	one_to_one
t-s016-a073-w003	16:73	3	دُونِ	w-s016-a073-w003	16:73:3	one_to_one
t-s016-a073-w004	16:73	4	ٱللَّهِ	w-s016-a073-w004	16:73:4	one_to_one
t-s016-a073-w005	16:73	5	مَا	w-s016-a073-w005	16:73:5	one_to_one
t-s016-a073-w006	16:73	6	لَا	w-s016-a073-w006	16:73:6	one_to_one
t-s016-a073-w007	16:73	7	يَمْلِكُ	w-s016-a073-w007	16:73:7	one_to_one
t-s016-a073-w008	16:73	8	لَهُمْ	w-s016-a073-w008	16:73:8	one_to_one
t-s016-a073-w009	16:73	9	رِزْقًۭا	w-s016-a073-w009	16:73:9	one_to_one
t-s016-a073-w010	16:73	10	مِّنَ	w-s016-a073-w010	16:73:10	one_to_one
t-s016-a073-w011	16:73	11	ٱلسَّمَٰوَٰتِ	w-s016-a073-w011	16:73:11	one_to_one
t-s016-a073-w012	16:73	12	وَٱلْأَرْضِ	w-s016-a073-w012	16:73:12	one_to_one
t-s016-a073-w013	16:73	13	شَيْـًۭٔا	w-s016-a073-w013	16:73:13	one_to_one
t-s016-a073-w014	16:73	14	وَلَا	w-s016-a073-w014	16:73:14	one_to_one
t-s016-a073-w015	16:73	15	يَسْتَطِيعُونَ	w-s016-a073-w015	16:73:15	one_to_one
t-s016-a074-w001	16:74	1	فَلَا	w-s016-a074-w001	16:74:1	one_to_one
t-s016-a074-w002	16:74	2	تَضْرِبُوا۟	w-s016-a074-w002	16:74:2	one_to_one
t-s016-a074-w003	16:74	3	لِلَّهِ	w-s016-a074-w003	16:74:3	one_to_one
t-s016-a074-w004	16:74	4	ٱلْأَمْثَالَ	w-s016-a074-w004	16:74:4	one_to_one
t-s016-a074-w005	16:74	5	إِنَّ	w-s016-a074-w005	16:74:5	one_to_one
t-s016-a074-w006	16:74	6	ٱللَّهَ	w-s016-a074-w006	16:74:6	one_to_one
t-s016-a074-w007	16:74	7	يَعْلَمُ	w-s016-a074-w007	16:74:7	one_to_one
t-s016-a074-w008	16:74	8	وَأَنتُمْ	w-s016-a074-w008	16:74:8	one_to_one
t-s016-a074-w009	16:74	9	لَا	w-s016-a074-w009	16:74:9	one_to_one
t-s016-a074-w010	16:74	10	تَعْلَمُونَ	w-s016-a074-w010	16:74:10	one_to_one
t-s016-a075-w001	16:75	1	ضَرَبَ	w-s016-a075-w001	16:75:1	one_to_one
t-s016-a075-w002	16:75	2	ٱللَّهُ	w-s016-a075-w002	16:75:2	one_to_one
t-s016-a075-w003	16:75	3	مَثَلًا	w-s016-a075-w003	16:75:3	one_to_one
t-s016-a075-w004	16:75	4	عَبْدًۭا	w-s016-a075-w004	16:75:4	one_to_one
t-s016-a075-w005	16:75	5	مَّمْلُوكًۭا	w-s016-a075-w005	16:75:5	one_to_one
t-s016-a075-w006	16:75	6	لَّا	w-s016-a075-w006	16:75:6	one_to_one
t-s016-a075-w007	16:75	7	يَقْدِرُ	w-s016-a075-w007	16:75:7	one_to_one
t-s016-a075-w008	16:75	8	عَلَىٰ	w-s016-a075-w008	16:75:8	one_to_one
t-s016-a075-w009	16:75	9	شَىْءٍۢ	w-s016-a075-w009	16:75:9	one_to_one
t-s016-a075-w010	16:75	10	وَمَن	w-s016-a075-w010	16:75:10	one_to_one
t-s016-a075-w011	16:75	11	رَّزَقْنَٰهُ	w-s016-a075-w011	16:75:11	one_to_one
t-s016-a075-w012	16:75	12	مِنَّا	w-s016-a075-w012	16:75:12	one_to_one
t-s016-a075-w013	16:75	13	رِزْقًا	w-s016-a075-w013	16:75:13	one_to_one
t-s016-a075-w014	16:75	14	حَسَنًۭا	w-s016-a075-w014	16:75:14	one_to_one
t-s016-a075-w015	16:75	15	فَهُوَ	w-s016-a075-w015	16:75:15	one_to_one
t-s016-a075-w016	16:75	16	يُنفِقُ	w-s016-a075-w016	16:75:16	one_to_one
t-s016-a075-w017	16:75	17	مِنْهُ	w-s016-a075-w017	16:75:17	one_to_one
t-s016-a075-w018	16:75	18	سِرًّۭا	w-s016-a075-w018	16:75:18	one_to_one
t-s016-a075-w019	16:75	19	وَجَهْرًا	w-s016-a075-w019	16:75:19	one_to_one
t-s016-a075-w020	16:75	20	هَلْ	w-s016-a075-w020	16:75:20	one_to_one
t-s016-a075-w021	16:75	21	يَسْتَوُۥنَ	w-s016-a075-w021	16:75:21	one_to_one
t-s016-a075-w022	16:75	22	ٱلْحَمْدُ	w-s016-a075-w022	16:75:22	one_to_one
t-s016-a075-w023	16:75	23	لِلَّهِ	w-s016-a075-w023	16:75:23	one_to_one
t-s016-a075-w024	16:75	24	بَلْ	w-s016-a075-w024	16:75:24	one_to_one
t-s016-a075-w025	16:75	25	أَكْثَرُهُمْ	w-s016-a075-w025	16:75:25	one_to_one
t-s016-a075-w026	16:75	26	لَا	w-s016-a075-w026	16:75:26	one_to_one
t-s016-a075-w027	16:75	27	يَعْلَمُونَ	w-s016-a075-w027	16:75:27	one_to_one
t-s016-a076-w001	16:76	1	وَضَرَبَ	w-s016-a076-w001	16:76:1	one_to_one
t-s016-a076-w002	16:76	2	ٱللَّهُ	w-s016-a076-w002	16:76:2	one_to_one
t-s016-a076-w003	16:76	3	مَثَلًۭا	w-s016-a076-w003	16:76:3	one_to_one
t-s016-a076-w004	16:76	4	رَّجُلَيْنِ	w-s016-a076-w004	16:76:4	one_to_one
t-s016-a076-w005	16:76	5	أَحَدُهُمَآ	w-s016-a076-w005	16:76:5	one_to_one
t-s016-a076-w006	16:76	6	أَبْكَمُ	w-s016-a076-w006	16:76:6	one_to_one
t-s016-a076-w007	16:76	7	لَا	w-s016-a076-w007	16:76:7	one_to_one
t-s016-a076-w008	16:76	8	يَقْدِرُ	w-s016-a076-w008	16:76:8	one_to_one
t-s016-a076-w009	16:76	9	عَلَىٰ	w-s016-a076-w009	16:76:9	one_to_one
t-s016-a076-w010	16:76	10	شَىْءٍۢ	w-s016-a076-w010	16:76:10	one_to_one
t-s016-a076-w011	16:76	11	وَهُوَ	w-s016-a076-w011	16:76:11	one_to_one
t-s016-a076-w012	16:76	12	كَلٌّ	w-s016-a076-w012	16:76:12	one_to_one
t-s016-a076-w013	16:76	13	عَلَىٰ	w-s016-a076-w013	16:76:13	one_to_one
t-s016-a076-w014	16:76	14	مَوْلَىٰهُ	w-s016-a076-w014	16:76:14	one_to_one
t-s016-a076-w015	16:76	15	أَيْنَمَا	w-s016-a076-w015	16:76:15	one_to_one
t-s016-a076-w016	16:76	16	يُوَجِّههُّ	w-s016-a076-w016	16:76:16	one_to_one
t-s016-a076-w017	16:76	17	لَا	w-s016-a076-w017	16:76:17	one_to_one
t-s016-a076-w018	16:76	18	يَأْتِ	w-s016-a076-w018	16:76:18	one_to_one
t-s016-a076-w019	16:76	19	بِخَيْرٍ	w-s016-a076-w019	16:76:19	one_to_one
t-s016-a076-w020	16:76	20	هَلْ	w-s016-a076-w020	16:76:20	one_to_one
t-s016-a076-w021	16:76	21	يَسْتَوِى	w-s016-a076-w021	16:76:21	one_to_one
t-s016-a076-w022	16:76	22	هُوَ	w-s016-a076-w022	16:76:22	one_to_one
t-s016-a076-w023	16:76	23	وَمَن	w-s016-a076-w023	16:76:23	one_to_one
t-s016-a076-w024	16:76	24	يَأْمُرُ	w-s016-a076-w024	16:76:24	one_to_one
t-s016-a076-w025	16:76	25	بِٱلْعَدْلِ	w-s016-a076-w025	16:76:25	one_to_one
t-s016-a076-w026	16:76	26	وَهُوَ	w-s016-a076-w026	16:76:26	one_to_one
t-s016-a076-w027	16:76	27	عَلَىٰ	w-s016-a076-w027	16:76:27	one_to_one
t-s016-a076-w028	16:76	28	صِرَٰطٍۢ	w-s016-a076-w028	16:76:28	one_to_one
t-s016-a076-w029	16:76	29	مُّسْتَقِيمٍۢ	w-s016-a076-w029	16:76:29	one_to_one
t-s016-a077-w001	16:77	1	وَلِلَّهِ	w-s016-a077-w001	16:77:1	one_to_one
t-s016-a077-w002	16:77	2	غَيْبُ	w-s016-a077-w002	16:77:2	one_to_one
t-s016-a077-w003	16:77	3	ٱلسَّمَٰوَٰتِ	w-s016-a077-w003	16:77:3	one_to_one
t-s016-a077-w004	16:77	4	وَٱلْأَرْضِ	w-s016-a077-w004	16:77:4	one_to_one
t-s016-a077-w005	16:77	5	وَمَآ	w-s016-a077-w005	16:77:5	one_to_one
t-s016-a077-w006	16:77	6	أَمْرُ	w-s016-a077-w006	16:77:6	one_to_one
t-s016-a077-w007	16:77	7	ٱلسَّاعَةِ	w-s016-a077-w007	16:77:7	one_to_one
t-s016-a077-w008	16:77	8	إِلَّا	w-s016-a077-w008	16:77:8	one_to_one
t-s016-a077-w009	16:77	9	كَلَمْحِ	w-s016-a077-w009	16:77:9	one_to_one
t-s016-a077-w010	16:77	10	ٱلْبَصَرِ	w-s016-a077-w010	16:77:10	one_to_one
t-s016-a077-w011	16:77	11	أَوْ	w-s016-a077-w011	16:77:11	one_to_one
t-s016-a077-w012	16:77	12	هُوَ	w-s016-a077-w012	16:77:12	one_to_one
t-s016-a077-w013	16:77	13	أَقْرَبُ	w-s016-a077-w013	16:77:13	one_to_one
t-s016-a077-w014	16:77	14	إِنَّ	w-s016-a077-w014	16:77:14	one_to_one
t-s016-a077-w015	16:77	15	ٱللَّهَ	w-s016-a077-w015	16:77:15	one_to_one
t-s016-a077-w016	16:77	16	عَلَىٰ	w-s016-a077-w016	16:77:16	one_to_one
t-s016-a077-w017	16:77	17	كُلِّ	w-s016-a077-w017	16:77:17	one_to_one
t-s016-a077-w018	16:77	18	شَىْءٍۢ	w-s016-a077-w018	16:77:18	one_to_one
t-s016-a077-w019	16:77	19	قَدِيرٌۭ	w-s016-a077-w019	16:77:19	one_to_one
t-s016-a078-w001	16:78	1	وَٱللَّهُ	w-s016-a078-w001	16:78:1	one_to_one
t-s016-a078-w002	16:78	2	أَخْرَجَكُم	w-s016-a078-w002	16:78:2	one_to_one
t-s016-a078-w003	16:78	3	مِّنۢ	w-s016-a078-w003	16:78:3	one_to_one
t-s016-a078-w004	16:78	4	بُطُونِ	w-s016-a078-w004	16:78:4	one_to_one
t-s016-a078-w005	16:78	5	أُمَّهَٰتِكُمْ	w-s016-a078-w005	16:78:5	one_to_one
t-s016-a078-w006	16:78	6	لَا	w-s016-a078-w006	16:78:6	one_to_one
t-s016-a078-w007	16:78	7	تَعْلَمُونَ	w-s016-a078-w007	16:78:7	one_to_one
t-s016-a078-w008	16:78	8	شَيْـًۭٔا	w-s016-a078-w008	16:78:8	one_to_one
t-s016-a078-w009	16:78	9	وَجَعَلَ	w-s016-a078-w009	16:78:9	one_to_one
t-s016-a078-w010	16:78	10	لَكُمُ	w-s016-a078-w010	16:78:10	one_to_one
t-s016-a078-w011	16:78	11	ٱلسَّمْعَ	w-s016-a078-w011	16:78:11	one_to_one
t-s016-a078-w012	16:78	12	وَٱلْأَبْصَٰرَ	w-s016-a078-w012	16:78:12	one_to_one
t-s016-a078-w013	16:78	13	وَٱلْأَفْـِٔدَةَ	w-s016-a078-w013	16:78:13	one_to_one
t-s016-a078-w014	16:78	14	لَعَلَّكُمْ	w-s016-a078-w014	16:78:14	one_to_one
t-s016-a078-w015	16:78	15	تَشْكُرُونَ	w-s016-a078-w015	16:78:15	one_to_one
t-s016-a079-w001	16:79	1	أَلَمْ	w-s016-a079-w001	16:79:1	one_to_one
t-s016-a079-w002	16:79	2	يَرَوْا۟	w-s016-a079-w002	16:79:2	one_to_one
t-s016-a079-w003	16:79	3	إِلَى	w-s016-a079-w003	16:79:3	one_to_one
t-s016-a079-w004	16:79	4	ٱلطَّيْرِ	w-s016-a079-w004	16:79:4	one_to_one
t-s016-a079-w005	16:79	5	مُسَخَّرَٰتٍۢ	w-s016-a079-w005	16:79:5	one_to_one
t-s016-a079-w006	16:79	6	فِى	w-s016-a079-w006	16:79:6	one_to_one
t-s016-a079-w007	16:79	7	جَوِّ	w-s016-a079-w007	16:79:7	one_to_one
t-s016-a079-w008	16:79	8	ٱلسَّمَآءِ	w-s016-a079-w008	16:79:8	one_to_one
t-s016-a079-w009	16:79	9	مَا	w-s016-a079-w009	16:79:9	one_to_one
t-s016-a079-w010	16:79	10	يُمْسِكُهُنَّ	w-s016-a079-w010	16:79:10	one_to_one
t-s016-a079-w011	16:79	11	إِلَّا	w-s016-a079-w011	16:79:11	one_to_one
t-s016-a079-w012	16:79	12	ٱللَّهُ	w-s016-a079-w012	16:79:12	one_to_one
t-s016-a079-w013	16:79	13	إِنَّ	w-s016-a079-w013	16:79:13	one_to_one
t-s016-a079-w014	16:79	14	فِى	w-s016-a079-w014	16:79:14	one_to_one
t-s016-a079-w015	16:79	15	ذَٰلِكَ	w-s016-a079-w015	16:79:15	one_to_one
t-s016-a079-w016	16:79	16	لَءَايَٰتٍۢ	w-s016-a079-w016	16:79:16	one_to_one
t-s016-a079-w017	16:79	17	لِّقَوْمٍۢ	w-s016-a079-w017	16:79:17	one_to_one
t-s016-a079-w018	16:79	18	يُؤْمِنُونَ	w-s016-a079-w018	16:79:18	one_to_one
t-s016-a080-w001	16:80	1	وَٱللَّهُ	w-s016-a080-w001	16:80:1	one_to_one
t-s016-a080-w002	16:80	2	جَعَلَ	w-s016-a080-w002	16:80:2	one_to_one
t-s016-a080-w003	16:80	3	لَكُم	w-s016-a080-w003	16:80:3	one_to_one
t-s016-a080-w004	16:80	4	مِّنۢ	w-s016-a080-w004	16:80:4	one_to_one
t-s016-a080-w005	16:80	5	بُيُوتِكُمْ	w-s016-a080-w005	16:80:5	one_to_one
t-s016-a080-w006	16:80	6	سَكَنًۭا	w-s016-a080-w006	16:80:6	one_to_one
t-s016-a080-w007	16:80	7	وَجَعَلَ	w-s016-a080-w007	16:80:7	one_to_one
t-s016-a080-w008	16:80	8	لَكُم	w-s016-a080-w008	16:80:8	one_to_one
t-s016-a080-w009	16:80	9	مِّن	w-s016-a080-w009	16:80:9	one_to_one
t-s016-a080-w010	16:80	10	جُلُودِ	w-s016-a080-w010	16:80:10	one_to_one
t-s016-a080-w011	16:80	11	ٱلْأَنْعَٰمِ	w-s016-a080-w011	16:80:11	one_to_one
t-s016-a080-w012	16:80	12	بُيُوتًۭا	w-s016-a080-w012	16:80:12	one_to_one
t-s016-a080-w013	16:80	13	تَسْتَخِفُّونَهَا	w-s016-a080-w013	16:80:13	one_to_one
t-s016-a080-w014	16:80	14	يَوْمَ	w-s016-a080-w014	16:80:14	one_to_one
t-s016-a080-w015	16:80	15	ظَعْنِكُمْ	w-s016-a080-w015	16:80:15	one_to_one
t-s016-a080-w016	16:80	16	وَيَوْمَ	w-s016-a080-w016	16:80:16	one_to_one
t-s016-a080-w017	16:80	17	إِقَامَتِكُمْ	w-s016-a080-w017	16:80:17	one_to_one
t-s016-a080-w018	16:80	18	وَمِنْ	w-s016-a080-w018	16:80:18	one_to_one
t-s016-a080-w019	16:80	19	أَصْوَافِهَا	w-s016-a080-w019	16:80:19	one_to_one
t-s016-a080-w020	16:80	20	وَأَوْبَارِهَا	w-s016-a080-w020	16:80:20	one_to_one
t-s016-a080-w021	16:80	21	وَأَشْعَارِهَآ	w-s016-a080-w021	16:80:21	one_to_one
t-s016-a080-w022	16:80	22	أَثَٰثًۭا	w-s016-a080-w022	16:80:22	one_to_one
t-s016-a080-w023	16:80	23	وَمَتَٰعًا	w-s016-a080-w023	16:80:23	one_to_one
t-s016-a080-w024	16:80	24	إِلَىٰ	w-s016-a080-w024	16:80:24	one_to_one
t-s016-a080-w025	16:80	25	حِينٍۢ	w-s016-a080-w025	16:80:25	one_to_one
t-s016-a081-w001	16:81	1	وَٱللَّهُ	w-s016-a081-w001	16:81:1	one_to_one
t-s016-a081-w002	16:81	2	جَعَلَ	w-s016-a081-w002	16:81:2	one_to_one
t-s016-a081-w003	16:81	3	لَكُم	w-s016-a081-w003	16:81:3	one_to_one
t-s016-a081-w004	16:81	4	مِّمَّا	w-s016-a081-w004	16:81:4	one_to_one
t-s016-a081-w005	16:81	5	خَلَقَ	w-s016-a081-w005	16:81:5	one_to_one
t-s016-a081-w006	16:81	6	ظِلَٰلًۭا	w-s016-a081-w006	16:81:6	one_to_one
t-s016-a081-w007	16:81	7	وَجَعَلَ	w-s016-a081-w007	16:81:7	one_to_one
t-s016-a081-w008	16:81	8	لَكُم	w-s016-a081-w008	16:81:8	one_to_one
t-s016-a081-w009	16:81	9	مِّنَ	w-s016-a081-w009	16:81:9	one_to_one
t-s016-a081-w010	16:81	10	ٱلْجِبَالِ	w-s016-a081-w010	16:81:10	one_to_one
t-s016-a081-w011	16:81	11	أَكْنَٰنًۭا	w-s016-a081-w011	16:81:11	one_to_one
t-s016-a081-w012	16:81	12	وَجَعَلَ	w-s016-a081-w012	16:81:12	one_to_one
t-s016-a081-w013	16:81	13	لَكُمْ	w-s016-a081-w013	16:81:13	one_to_one
t-s016-a081-w014	16:81	14	سَرَٰبِيلَ	w-s016-a081-w014	16:81:14	one_to_one
t-s016-a081-w015	16:81	15	تَقِيكُمُ	w-s016-a081-w015	16:81:15	one_to_one
t-s016-a081-w016	16:81	16	ٱلْحَرَّ	w-s016-a081-w016	16:81:16	one_to_one
t-s016-a081-w017	16:81	17	وَسَرَٰبِيلَ	w-s016-a081-w017	16:81:17	one_to_one
t-s016-a081-w018	16:81	18	تَقِيكُم	w-s016-a081-w018	16:81:18	one_to_one
t-s016-a081-w019	16:81	19	بَأْسَكُمْ	w-s016-a081-w019	16:81:19	one_to_one
t-s016-a081-w020	16:81	20	كَذَٰلِكَ	w-s016-a081-w020	16:81:20	one_to_one
t-s016-a081-w021	16:81	21	يُتِمُّ	w-s016-a081-w021	16:81:21	one_to_one
t-s016-a081-w022	16:81	22	نِعْمَتَهُۥ	w-s016-a081-w022	16:81:22	one_to_one
t-s016-a081-w023	16:81	23	عَلَيْكُمْ	w-s016-a081-w023	16:81:23	one_to_one
t-s016-a081-w024	16:81	24	لَعَلَّكُمْ	w-s016-a081-w024	16:81:24	one_to_one
t-s016-a081-w025	16:81	25	تُسْلِمُونَ	w-s016-a081-w025	16:81:25	one_to_one
t-s016-a082-w001	16:82	1	فَإِن	w-s016-a082-w001	16:82:1	one_to_one
t-s016-a082-w002	16:82	2	تَوَلَّوْا۟	w-s016-a082-w002	16:82:2	one_to_one
t-s016-a082-w003	16:82	3	فَإِنَّمَا	w-s016-a082-w003	16:82:3	one_to_one
t-s016-a082-w004	16:82	4	عَلَيْكَ	w-s016-a082-w004	16:82:4	one_to_one
t-s016-a082-w005	16:82	5	ٱلْبَلَٰغُ	w-s016-a082-w005	16:82:5	one_to_one
t-s016-a082-w006	16:82	6	ٱلْمُبِينُ	w-s016-a082-w006	16:82:6	one_to_one
t-s016-a083-w001	16:83	1	يَعْرِفُونَ	w-s016-a083-w001	16:83:1	one_to_one
t-s016-a083-w002	16:83	2	نِعْمَتَ	w-s016-a083-w002	16:83:2	one_to_one
t-s016-a083-w003	16:83	3	ٱللَّهِ	w-s016-a083-w003	16:83:3	one_to_one
t-s016-a083-w004	16:83	4	ثُمَّ	w-s016-a083-w004	16:83:4	one_to_one
t-s016-a083-w005	16:83	5	يُنكِرُونَهَا	w-s016-a083-w005	16:83:5	one_to_one
t-s016-a083-w006	16:83	6	وَأَكْثَرُهُمُ	w-s016-a083-w006	16:83:6	one_to_one
t-s016-a083-w007	16:83	7	ٱلْكَٰفِرُونَ	w-s016-a083-w007	16:83:7	one_to_one
t-s016-a084-w001	16:84	1	وَيَوْمَ	w-s016-a084-w001	16:84:1	one_to_one
t-s016-a084-w002	16:84	2	نَبْعَثُ	w-s016-a084-w002	16:84:2	one_to_one
t-s016-a084-w003	16:84	3	مِن	w-s016-a084-w003	16:84:3	one_to_one
t-s016-a084-w004	16:84	4	كُلِّ	w-s016-a084-w004	16:84:4	one_to_one
t-s016-a084-w005	16:84	5	أُمَّةٍۢ	w-s016-a084-w005	16:84:5	one_to_one
t-s016-a084-w006	16:84	6	شَهِيدًۭا	w-s016-a084-w006	16:84:6	one_to_one
t-s016-a084-w007	16:84	7	ثُمَّ	w-s016-a084-w007	16:84:7	one_to_one
t-s016-a084-w008	16:84	8	لَا	w-s016-a084-w008	16:84:8	one_to_one
t-s016-a084-w009	16:84	9	يُؤْذَنُ	w-s016-a084-w009	16:84:9	one_to_one
t-s016-a084-w010	16:84	10	لِلَّذِينَ	w-s016-a084-w010	16:84:10	one_to_one
t-s016-a084-w011	16:84	11	كَفَرُوا۟	w-s016-a084-w011	16:84:11	one_to_one
t-s016-a084-w012	16:84	12	وَلَا	w-s016-a084-w012	16:84:12	one_to_one
t-s016-a084-w013	16:84	13	هُمْ	w-s016-a084-w013	16:84:13	one_to_one
t-s016-a084-w014	16:84	14	يُسْتَعْتَبُونَ	w-s016-a084-w014	16:84:14	one_to_one
t-s016-a085-w001	16:85	1	وَإِذَا	w-s016-a085-w001	16:85:1	one_to_one
t-s016-a085-w002	16:85	2	رَءَا	w-s016-a085-w002	16:85:2	one_to_one
t-s016-a085-w003	16:85	3	ٱلَّذِينَ	w-s016-a085-w003	16:85:3	one_to_one
t-s016-a085-w004	16:85	4	ظَلَمُوا۟	w-s016-a085-w004	16:85:4	one_to_one
t-s016-a085-w005	16:85	5	ٱلْعَذَابَ	w-s016-a085-w005	16:85:5	one_to_one
t-s016-a085-w006	16:85	6	فَلَا	w-s016-a085-w006	16:85:6	one_to_one
t-s016-a085-w007	16:85	7	يُخَفَّفُ	w-s016-a085-w007	16:85:7	one_to_one
t-s016-a085-w008	16:85	8	عَنْهُمْ	w-s016-a085-w008	16:85:8	one_to_one
t-s016-a085-w009	16:85	9	وَلَا	w-s016-a085-w009	16:85:9	one_to_one
t-s016-a085-w010	16:85	10	هُمْ	w-s016-a085-w010	16:85:10	one_to_one
t-s016-a085-w011	16:85	11	يُنظَرُونَ	w-s016-a085-w011	16:85:11	one_to_one
t-s016-a086-w001	16:86	1	وَإِذَا	w-s016-a086-w001	16:86:1	one_to_one
t-s016-a086-w002	16:86	2	رَءَا	w-s016-a086-w002	16:86:2	one_to_one
t-s016-a086-w003	16:86	3	ٱلَّذِينَ	w-s016-a086-w003	16:86:3	one_to_one
t-s016-a086-w004	16:86	4	أَشْرَكُوا۟	w-s016-a086-w004	16:86:4	one_to_one
t-s016-a086-w005	16:86	5	شُرَكَآءَهُمْ	w-s016-a086-w005	16:86:5	one_to_one
t-s016-a086-w006	16:86	6	قَالُوا۟	w-s016-a086-w006	16:86:6	one_to_one
t-s016-a086-w007	16:86	7	رَبَّنَا	w-s016-a086-w007	16:86:7	one_to_one
t-s016-a086-w008	16:86	8	هَٰٓؤُلَآءِ	w-s016-a086-w008	16:86:8	one_to_one
t-s016-a086-w009	16:86	9	شُرَكَآؤُنَا	w-s016-a086-w009	16:86:9	one_to_one
t-s016-a086-w010	16:86	10	ٱلَّذِينَ	w-s016-a086-w010	16:86:10	one_to_one
t-s016-a086-w011	16:86	11	كُنَّا	w-s016-a086-w011	16:86:11	one_to_one
t-s016-a086-w012	16:86	12	نَدْعُوا۟	w-s016-a086-w012	16:86:12	one_to_one
t-s016-a086-w013	16:86	13	مِن	w-s016-a086-w013	16:86:13	one_to_one
t-s016-a086-w014	16:86	14	دُونِكَ	w-s016-a086-w014	16:86:14	one_to_one
t-s016-a086-w015	16:86	15	فَأَلْقَوْا۟	w-s016-a086-w015	16:86:15	one_to_one
t-s016-a086-w016	16:86	16	إِلَيْهِمُ	w-s016-a086-w016	16:86:16	one_to_one
t-s016-a086-w017	16:86	17	ٱلْقَوْلَ	w-s016-a086-w017	16:86:17	one_to_one
t-s016-a086-w018	16:86	18	إِنَّكُمْ	w-s016-a086-w018	16:86:18	one_to_one
t-s016-a086-w019	16:86	19	لَكَٰذِبُونَ	w-s016-a086-w019	16:86:19	one_to_one
t-s016-a087-w001	16:87	1	وَأَلْقَوْا۟	w-s016-a087-w001	16:87:1	one_to_one
t-s016-a087-w002	16:87	2	إِلَى	w-s016-a087-w002	16:87:2	one_to_one
t-s016-a087-w003	16:87	3	ٱللَّهِ	w-s016-a087-w003	16:87:3	one_to_one
t-s016-a087-w004	16:87	4	يَوْمَئِذٍ	w-s016-a087-w004	16:87:4	one_to_one
t-s016-a087-w005	16:87	5	ٱلسَّلَمَ	w-s016-a087-w005	16:87:5	one_to_one
t-s016-a087-w006	16:87	6	وَضَلَّ	w-s016-a087-w006	16:87:6	one_to_one
t-s016-a087-w007	16:87	7	عَنْهُم	w-s016-a087-w007	16:87:7	one_to_one
t-s016-a087-w008	16:87	8	مَّا	w-s016-a087-w008	16:87:8	one_to_one
t-s016-a087-w009	16:87	9	كَانُوا۟	w-s016-a087-w009	16:87:9	one_to_one
t-s016-a087-w010	16:87	10	يَفْتَرُونَ	w-s016-a087-w010	16:87:10	one_to_one
t-s016-a088-w001	16:88	1	ٱلَّذِينَ	w-s016-a088-w001	16:88:1	one_to_one
t-s016-a088-w002	16:88	2	كَفَرُوا۟	w-s016-a088-w002	16:88:2	one_to_one
t-s016-a088-w003	16:88	3	وَصَدُّوا۟	w-s016-a088-w003	16:88:3	one_to_one
t-s016-a088-w004	16:88	4	عَن	w-s016-a088-w004	16:88:4	one_to_one
t-s016-a088-w005	16:88	5	سَبِيلِ	w-s016-a088-w005	16:88:5	one_to_one
t-s016-a088-w006	16:88	6	ٱللَّهِ	w-s016-a088-w006	16:88:6	one_to_one
t-s016-a088-w007	16:88	7	زِدْنَٰهُمْ	w-s016-a088-w007	16:88:7	one_to_one
t-s016-a088-w008	16:88	8	عَذَابًۭا	w-s016-a088-w008	16:88:8	one_to_one
t-s016-a088-w009	16:88	9	فَوْقَ	w-s016-a088-w009	16:88:9	one_to_one
t-s016-a088-w010	16:88	10	ٱلْعَذَابِ	w-s016-a088-w010	16:88:10	one_to_one
t-s016-a088-w011	16:88	11	بِمَا	w-s016-a088-w011	16:88:11	one_to_one
t-s016-a088-w012	16:88	12	كَانُوا۟	w-s016-a088-w012	16:88:12	one_to_one
t-s016-a088-w013	16:88	13	يُفْسِدُونَ	w-s016-a088-w013	16:88:13	one_to_one
t-s016-a089-w001	16:89	1	وَيَوْمَ	w-s016-a089-w001	16:89:1	one_to_one
t-s016-a089-w002	16:89	2	نَبْعَثُ	w-s016-a089-w002	16:89:2	one_to_one
t-s016-a089-w003	16:89	3	فِى	w-s016-a089-w003	16:89:3	one_to_one
t-s016-a089-w004	16:89	4	كُلِّ	w-s016-a089-w004	16:89:4	one_to_one
t-s016-a089-w005	16:89	5	أُمَّةٍۢ	w-s016-a089-w005	16:89:5	one_to_one
t-s016-a089-w006	16:89	6	شَهِيدًا	w-s016-a089-w006	16:89:6	one_to_one
t-s016-a089-w007	16:89	7	عَلَيْهِم	w-s016-a089-w007	16:89:7	one_to_one
t-s016-a089-w008	16:89	8	مِّنْ	w-s016-a089-w008	16:89:8	one_to_one
t-s016-a089-w009	16:89	9	أَنفُسِهِمْ	w-s016-a089-w009	16:89:9	one_to_one
t-s016-a089-w010	16:89	10	وَجِئْنَا	w-s016-a089-w010	16:89:10	one_to_one
t-s016-a089-w011	16:89	11	بِكَ	w-s016-a089-w011	16:89:11	one_to_one
t-s016-a089-w012	16:89	12	شَهِيدًا	w-s016-a089-w012	16:89:12	one_to_one
t-s016-a089-w013	16:89	13	عَلَىٰ	w-s016-a089-w013	16:89:13	one_to_one
t-s016-a089-w014	16:89	14	هَٰٓؤُلَآءِ	w-s016-a089-w014	16:89:14	one_to_one
t-s016-a089-w015	16:89	15	وَنَزَّلْنَا	w-s016-a089-w015	16:89:15	one_to_one
t-s016-a089-w016	16:89	16	عَلَيْكَ	w-s016-a089-w016	16:89:16	one_to_one
t-s016-a089-w017	16:89	17	ٱلْكِتَٰبَ	w-s016-a089-w017	16:89:17	one_to_one
t-s016-a089-w018	16:89	18	تِبْيَٰنًۭا	w-s016-a089-w018	16:89:18	one_to_one
t-s016-a089-w019	16:89	19	لِّكُلِّ	w-s016-a089-w019	16:89:19	one_to_one
t-s016-a089-w020	16:89	20	شَىْءٍۢ	w-s016-a089-w020	16:89:20	one_to_one
t-s016-a089-w021	16:89	21	وَهُدًۭى	w-s016-a089-w021	16:89:21	one_to_one
t-s016-a089-w022	16:89	22	وَرَحْمَةًۭ	w-s016-a089-w022	16:89:22	one_to_one
t-s016-a089-w023	16:89	23	وَبُشْرَىٰ	w-s016-a089-w023	16:89:23	one_to_one
t-s016-a089-w024	16:89	24	لِلْمُسْلِمِينَ	w-s016-a089-w024	16:89:24	one_to_one
t-s016-a090-w001	16:90	1	إِنَّ	w-s016-a090-w001	16:90:1	one_to_one
t-s016-a090-w002	16:90	2	ٱللَّهَ	w-s016-a090-w002	16:90:2	one_to_one
t-s016-a090-w003	16:90	3	يَأْمُرُ	w-s016-a090-w003	16:90:3	one_to_one
t-s016-a090-w004	16:90	4	بِٱلْعَدْلِ	w-s016-a090-w004	16:90:4	one_to_one
t-s016-a090-w005	16:90	5	وَٱلْإِحْسَٰنِ	w-s016-a090-w005	16:90:5	one_to_one
t-s016-a090-w006	16:90	6	وَإِيتَآئِ	w-s016-a090-w006	16:90:6	one_to_one
t-s016-a090-w007	16:90	7	ذِى	w-s016-a090-w007	16:90:7	one_to_one
t-s016-a090-w008	16:90	8	ٱلْقُرْبَىٰ	w-s016-a090-w008	16:90:8	one_to_one
t-s016-a090-w009	16:90	9	وَيَنْهَىٰ	w-s016-a090-w009	16:90:9	one_to_one
t-s016-a090-w010	16:90	10	عَنِ	w-s016-a090-w010	16:90:10	one_to_one
t-s016-a090-w011	16:90	11	ٱلْفَحْشَآءِ	w-s016-a090-w011	16:90:11	one_to_one
t-s016-a090-w012	16:90	12	وَٱلْمُنكَرِ	w-s016-a090-w012	16:90:12	one_to_one
t-s016-a090-w013	16:90	13	وَٱلْبَغْىِ	w-s016-a090-w013	16:90:13	one_to_one
t-s016-a090-w014	16:90	14	يَعِظُكُمْ	w-s016-a090-w014	16:90:14	one_to_one
t-s016-a090-w015	16:90	15	لَعَلَّكُمْ	w-s016-a090-w015	16:90:15	one_to_one
t-s016-a090-w016	16:90	16	تَذَكَّرُونَ	w-s016-a090-w016	16:90:16	one_to_one
t-s016-a091-w001	16:91	1	وَأَوْفُوا۟	w-s016-a091-w001	16:91:1	one_to_one
t-s016-a091-w002	16:91	2	بِعَهْدِ	w-s016-a091-w002	16:91:2	one_to_one
t-s016-a091-w003	16:91	3	ٱللَّهِ	w-s016-a091-w003	16:91:3	one_to_one
t-s016-a091-w004	16:91	4	إِذَا	w-s016-a091-w004	16:91:4	one_to_one
t-s016-a091-w005	16:91	5	عَٰهَدتُّمْ	w-s016-a091-w005	16:91:5	one_to_one
t-s016-a091-w006	16:91	6	وَلَا	w-s016-a091-w006	16:91:6	one_to_one
t-s016-a091-w007	16:91	7	تَنقُضُوا۟	w-s016-a091-w007	16:91:7	one_to_one
t-s016-a091-w008	16:91	8	ٱلْأَيْمَٰنَ	w-s016-a091-w008	16:91:8	one_to_one
t-s016-a091-w009	16:91	9	بَعْدَ	w-s016-a091-w009	16:91:9	one_to_one
t-s016-a091-w010	16:91	10	تَوْكِيدِهَا	w-s016-a091-w010	16:91:10	one_to_one
t-s016-a091-w011	16:91	11	وَقَدْ	w-s016-a091-w011	16:91:11	one_to_one
t-s016-a091-w012	16:91	12	جَعَلْتُمُ	w-s016-a091-w012	16:91:12	one_to_one
t-s016-a091-w013	16:91	13	ٱللَّهَ	w-s016-a091-w013	16:91:13	one_to_one
t-s016-a091-w014	16:91	14	عَلَيْكُمْ	w-s016-a091-w014	16:91:14	one_to_one
t-s016-a091-w015	16:91	15	كَفِيلًا	w-s016-a091-w015	16:91:15	one_to_one
t-s016-a091-w016	16:91	16	إِنَّ	w-s016-a091-w016	16:91:16	one_to_one
t-s016-a091-w017	16:91	17	ٱللَّهَ	w-s016-a091-w017	16:91:17	one_to_one
t-s016-a091-w018	16:91	18	يَعْلَمُ	w-s016-a091-w018	16:91:18	one_to_one
t-s016-a091-w019	16:91	19	مَا	w-s016-a091-w019	16:91:19	one_to_one
t-s016-a091-w020	16:91	20	تَفْعَلُونَ	w-s016-a091-w020	16:91:20	one_to_one
t-s016-a092-w001	16:92	1	وَلَا	w-s016-a092-w001	16:92:1	one_to_one
t-s016-a092-w002	16:92	2	تَكُونُوا۟	w-s016-a092-w002	16:92:2	one_to_one
t-s016-a092-w003	16:92	3	كَٱلَّتِى	w-s016-a092-w003	16:92:3	one_to_one
t-s016-a092-w004	16:92	4	نَقَضَتْ	w-s016-a092-w004	16:92:4	one_to_one
t-s016-a092-w005	16:92	5	غَزْلَهَا	w-s016-a092-w005	16:92:5	one_to_one
t-s016-a092-w006	16:92	6	مِنۢ	w-s016-a092-w006	16:92:6	one_to_one
t-s016-a092-w007	16:92	7	بَعْدِ	w-s016-a092-w007	16:92:7	one_to_one
t-s016-a092-w008	16:92	8	قُوَّةٍ	w-s016-a092-w008	16:92:8	one_to_one
t-s016-a092-w009	16:92	9	أَنكَٰثًۭا	w-s016-a092-w009	16:92:9	one_to_one
t-s016-a092-w010	16:92	10	تَتَّخِذُونَ	w-s016-a092-w010	16:92:10	one_to_one
t-s016-a092-w011	16:92	11	أَيْمَٰنَكُمْ	w-s016-a092-w011	16:92:11	one_to_one
t-s016-a092-w012	16:92	12	دَخَلًۢا	w-s016-a092-w012	16:92:12	one_to_one
t-s016-a092-w013	16:92	13	بَيْنَكُمْ	w-s016-a092-w013	16:92:13	one_to_one
t-s016-a092-w014	16:92	14	أَن	w-s016-a092-w014	16:92:14	one_to_one
t-s016-a092-w015	16:92	15	تَكُونَ	w-s016-a092-w015	16:92:15	one_to_one
t-s016-a092-w016	16:92	16	أُمَّةٌ	w-s016-a092-w016	16:92:16	one_to_one
t-s016-a092-w017	16:92	17	هِىَ	w-s016-a092-w017	16:92:17	one_to_one
t-s016-a092-w018	16:92	18	أَرْبَىٰ	w-s016-a092-w018	16:92:18	one_to_one
t-s016-a092-w019	16:92	19	مِنْ	w-s016-a092-w019	16:92:19	one_to_one
t-s016-a092-w020	16:92	20	أُمَّةٍ	w-s016-a092-w020	16:92:20	one_to_one
t-s016-a092-w021	16:92	21	إِنَّمَا	w-s016-a092-w021	16:92:21	one_to_one
t-s016-a092-w022	16:92	22	يَبْلُوكُمُ	w-s016-a092-w022	16:92:22	one_to_one
t-s016-a092-w023	16:92	23	ٱللَّهُ	w-s016-a092-w023	16:92:23	one_to_one
t-s016-a092-w024	16:92	24	بِهِۦ	w-s016-a092-w024	16:92:24	one_to_one
t-s016-a092-w025	16:92	25	وَلَيُبَيِّنَنَّ	w-s016-a092-w025	16:92:25	one_to_one
t-s016-a092-w026	16:92	26	لَكُمْ	w-s016-a092-w026	16:92:26	one_to_one
t-s016-a092-w027	16:92	27	يَوْمَ	w-s016-a092-w027	16:92:27	one_to_one
t-s016-a092-w028	16:92	28	ٱلْقِيَٰمَةِ	w-s016-a092-w028	16:92:28	one_to_one
t-s016-a092-w029	16:92	29	مَا	w-s016-a092-w029	16:92:29	one_to_one
t-s016-a092-w030	16:92	30	كُنتُمْ	w-s016-a092-w030	16:92:30	one_to_one
t-s016-a092-w031	16:92	31	فِيهِ	w-s016-a092-w031	16:92:31	one_to_one
t-s016-a092-w032	16:92	32	تَخْتَلِفُونَ	w-s016-a092-w032	16:92:32	one_to_one
t-s016-a093-w001	16:93	1	وَلَوْ	w-s016-a093-w001	16:93:1	one_to_one
t-s016-a093-w002	16:93	2	شَآءَ	w-s016-a093-w002	16:93:2	one_to_one
t-s016-a093-w003	16:93	3	ٱللَّهُ	w-s016-a093-w003	16:93:3	one_to_one
t-s016-a093-w004	16:93	4	لَجَعَلَكُمْ	w-s016-a093-w004	16:93:4	one_to_one
t-s016-a093-w005	16:93	5	أُمَّةًۭ	w-s016-a093-w005	16:93:5	one_to_one
t-s016-a093-w006	16:93	6	وَٰحِدَةًۭ	w-s016-a093-w006	16:93:6	one_to_one
t-s016-a093-w007	16:93	7	وَلَٰكِن	w-s016-a093-w007	16:93:7	one_to_one
t-s016-a093-w008	16:93	8	يُضِلُّ	w-s016-a093-w008	16:93:8	one_to_one
t-s016-a093-w009	16:93	9	مَن	w-s016-a093-w009	16:93:9	one_to_one
t-s016-a093-w010	16:93	10	يَشَآءُ	w-s016-a093-w010	16:93:10	one_to_one
t-s016-a093-w011	16:93	11	وَيَهْدِى	w-s016-a093-w011	16:93:11	one_to_one
t-s016-a093-w012	16:93	12	مَن	w-s016-a093-w012	16:93:12	one_to_one
t-s016-a093-w013	16:93	13	يَشَآءُ	w-s016-a093-w013	16:93:13	one_to_one
t-s016-a093-w014	16:93	14	وَلَتُسْـَٔلُنَّ	w-s016-a093-w014	16:93:14	one_to_one
t-s016-a093-w015	16:93	15	عَمَّا	w-s016-a093-w015	16:93:15	one_to_one
t-s016-a093-w016	16:93	16	كُنتُمْ	w-s016-a093-w016	16:93:16	one_to_one
t-s016-a093-w017	16:93	17	تَعْمَلُونَ	w-s016-a093-w017	16:93:17	one_to_one
t-s016-a094-w001	16:94	1	وَلَا	w-s016-a094-w001	16:94:1	one_to_one
t-s016-a094-w002	16:94	2	تَتَّخِذُوٓا۟	w-s016-a094-w002	16:94:2	one_to_one
t-s016-a094-w003	16:94	3	أَيْمَٰنَكُمْ	w-s016-a094-w003	16:94:3	one_to_one
t-s016-a094-w004	16:94	4	دَخَلًۢا	w-s016-a094-w004	16:94:4	one_to_one
t-s016-a094-w005	16:94	5	بَيْنَكُمْ	w-s016-a094-w005	16:94:5	one_to_one
t-s016-a094-w006	16:94	6	فَتَزِلَّ	w-s016-a094-w006	16:94:6	one_to_one
t-s016-a094-w007	16:94	7	قَدَمٌۢ	w-s016-a094-w007	16:94:7	one_to_one
t-s016-a094-w008	16:94	8	بَعْدَ	w-s016-a094-w008	16:94:8	one_to_one
t-s016-a094-w009	16:94	9	ثُبُوتِهَا	w-s016-a094-w009	16:94:9	one_to_one
t-s016-a094-w010	16:94	10	وَتَذُوقُوا۟	w-s016-a094-w010	16:94:10	one_to_one
t-s016-a094-w011	16:94	11	ٱلسُّوٓءَ	w-s016-a094-w011	16:94:11	one_to_one
t-s016-a094-w012	16:94	12	بِمَا	w-s016-a094-w012	16:94:12	one_to_one
t-s016-a094-w013	16:94	13	صَدَدتُّمْ	w-s016-a094-w013	16:94:13	one_to_one
t-s016-a094-w014	16:94	14	عَن	w-s016-a094-w014	16:94:14	one_to_one
t-s016-a094-w015	16:94	15	سَبِيلِ	w-s016-a094-w015	16:94:15	one_to_one
t-s016-a094-w016	16:94	16	ٱللَّهِ	w-s016-a094-w016	16:94:16	one_to_one
t-s016-a094-w017	16:94	17	وَلَكُمْ	w-s016-a094-w017	16:94:17	one_to_one
t-s016-a094-w018	16:94	18	عَذَابٌ	w-s016-a094-w018	16:94:18	one_to_one
t-s016-a094-w019	16:94	19	عَظِيمٌۭ	w-s016-a094-w019	16:94:19	one_to_one
t-s016-a095-w001	16:95	1	وَلَا	w-s016-a095-w001	16:95:1	one_to_one
t-s016-a095-w002	16:95	2	تَشْتَرُوا۟	w-s016-a095-w002	16:95:2	one_to_one
t-s016-a095-w003	16:95	3	بِعَهْدِ	w-s016-a095-w003	16:95:3	one_to_one
t-s016-a095-w004	16:95	4	ٱللَّهِ	w-s016-a095-w004	16:95:4	one_to_one
t-s016-a095-w005	16:95	5	ثَمَنًۭا	w-s016-a095-w005	16:95:5	one_to_one
t-s016-a095-w006	16:95	6	قَلِيلًا	w-s016-a095-w006	16:95:6	one_to_one
t-s016-a095-w007	16:95	7	إِنَّمَا	w-s016-a095-w007	16:95:7	one_to_one
t-s016-a095-w008	16:95	8	عِندَ	w-s016-a095-w008	16:95:8	one_to_one
t-s016-a095-w009	16:95	9	ٱللَّهِ	w-s016-a095-w009	16:95:9	one_to_one
t-s016-a095-w010	16:95	10	هُوَ	w-s016-a095-w010	16:95:10	one_to_one
t-s016-a095-w011	16:95	11	خَيْرٌۭ	w-s016-a095-w011	16:95:11	one_to_one
t-s016-a095-w012	16:95	12	لَّكُمْ	w-s016-a095-w012	16:95:12	one_to_one
t-s016-a095-w013	16:95	13	إِن	w-s016-a095-w013	16:95:13	one_to_one
t-s016-a095-w014	16:95	14	كُنتُمْ	w-s016-a095-w014	16:95:14	one_to_one
t-s016-a095-w015	16:95	15	تَعْلَمُونَ	w-s016-a095-w015	16:95:15	one_to_one
t-s016-a096-w001	16:96	1	مَا	w-s016-a096-w001	16:96:1	one_to_one
t-s016-a096-w002	16:96	2	عِندَكُمْ	w-s016-a096-w002	16:96:2	one_to_one
t-s016-a096-w003	16:96	3	يَنفَدُ	w-s016-a096-w003	16:96:3	one_to_one
t-s016-a096-w004	16:96	4	وَمَا	w-s016-a096-w004	16:96:4	one_to_one
t-s016-a096-w005	16:96	5	عِندَ	w-s016-a096-w005	16:96:5	one_to_one
t-s016-a096-w006	16:96	6	ٱللَّهِ	w-s016-a096-w006	16:96:6	one_to_one
t-s016-a096-w007	16:96	7	بَاقٍۢ	w-s016-a096-w007	16:96:7	one_to_one
t-s016-a096-w008	16:96	8	وَلَنَجْزِيَنَّ	w-s016-a096-w008	16:96:8	one_to_one
t-s016-a096-w009	16:96	9	ٱلَّذِينَ	w-s016-a096-w009	16:96:9	one_to_one
t-s016-a096-w010	16:96	10	صَبَرُوٓا۟	w-s016-a096-w010	16:96:10	one_to_one
t-s016-a096-w011	16:96	11	أَجْرَهُم	w-s016-a096-w011	16:96:11	one_to_one
t-s016-a096-w012	16:96	12	بِأَحْسَنِ	w-s016-a096-w012	16:96:12	one_to_one
t-s016-a096-w013	16:96	13	مَا	w-s016-a096-w013	16:96:13	one_to_one
t-s016-a096-w014	16:96	14	كَانُوا۟	w-s016-a096-w014	16:96:14	one_to_one
t-s016-a096-w015	16:96	15	يَعْمَلُونَ	w-s016-a096-w015	16:96:15	one_to_one
t-s016-a097-w001	16:97	1	مَنْ	w-s016-a097-w001	16:97:1	one_to_one
t-s016-a097-w002	16:97	2	عَمِلَ	w-s016-a097-w002	16:97:2	one_to_one
t-s016-a097-w003	16:97	3	صَٰلِحًۭا	w-s016-a097-w003	16:97:3	one_to_one
t-s016-a097-w004	16:97	4	مِّن	w-s016-a097-w004	16:97:4	one_to_one
t-s016-a097-w005	16:97	5	ذَكَرٍ	w-s016-a097-w005	16:97:5	one_to_one
t-s016-a097-w006	16:97	6	أَوْ	w-s016-a097-w006	16:97:6	one_to_one
t-s016-a097-w007	16:97	7	أُنثَىٰ	w-s016-a097-w007	16:97:7	one_to_one
t-s016-a097-w008	16:97	8	وَهُوَ	w-s016-a097-w008	16:97:8	one_to_one
t-s016-a097-w009	16:97	9	مُؤْمِنٌۭ	w-s016-a097-w009	16:97:9	one_to_one
t-s016-a097-w010	16:97	10	فَلَنُحْيِيَنَّهُۥ	w-s016-a097-w010	16:97:10	one_to_one
t-s016-a097-w011	16:97	11	حَيَوٰةًۭ	w-s016-a097-w011	16:97:11	one_to_one
t-s016-a097-w012	16:97	12	طَيِّبَةًۭ	w-s016-a097-w012	16:97:12	one_to_one
t-s016-a097-w013	16:97	13	وَلَنَجْزِيَنَّهُمْ	w-s016-a097-w013	16:97:13	one_to_one
t-s016-a097-w014	16:97	14	أَجْرَهُم	w-s016-a097-w014	16:97:14	one_to_one
t-s016-a097-w015	16:97	15	بِأَحْسَنِ	w-s016-a097-w015	16:97:15	one_to_one
t-s016-a097-w016	16:97	16	مَا	w-s016-a097-w016	16:97:16	one_to_one
t-s016-a097-w017	16:97	17	كَانُوا۟	w-s016-a097-w017	16:97:17	one_to_one
t-s016-a097-w018	16:97	18	يَعْمَلُونَ	w-s016-a097-w018	16:97:18	one_to_one
t-s016-a098-w001	16:98	1	فَإِذَا	w-s016-a098-w001	16:98:1	one_to_one
t-s016-a098-w002	16:98	2	قَرَأْتَ	w-s016-a098-w002	16:98:2	one_to_one
t-s016-a098-w003	16:98	3	ٱلْقُرْءَانَ	w-s016-a098-w003	16:98:3	one_to_one
t-s016-a098-w004	16:98	4	فَٱسْتَعِذْ	w-s016-a098-w004	16:98:4	one_to_one
t-s016-a098-w005	16:98	5	بِٱللَّهِ	w-s016-a098-w005	16:98:5	one_to_one
t-s016-a098-w006	16:98	6	مِنَ	w-s016-a098-w006	16:98:6	one_to_one
t-s016-a098-w007	16:98	7	ٱلشَّيْطَٰنِ	w-s016-a098-w007	16:98:7	one_to_one
t-s016-a098-w008	16:98	8	ٱلرَّجِيمِ	w-s016-a098-w008	16:98:8	one_to_one
t-s016-a099-w001	16:99	1	إِنَّهُۥ	w-s016-a099-w001	16:99:1	one_to_one
t-s016-a099-w002	16:99	2	لَيْسَ	w-s016-a099-w002	16:99:2	one_to_one
t-s016-a099-w003	16:99	3	لَهُۥ	w-s016-a099-w003	16:99:3	one_to_one
t-s016-a099-w004	16:99	4	سُلْطَٰنٌ	w-s016-a099-w004	16:99:4	one_to_one
t-s016-a099-w005	16:99	5	عَلَى	w-s016-a099-w005	16:99:5	one_to_one
t-s016-a099-w006	16:99	6	ٱلَّذِينَ	w-s016-a099-w006	16:99:6	one_to_one
t-s016-a099-w007	16:99	7	ءَامَنُوا۟	w-s016-a099-w007	16:99:7	one_to_one
t-s016-a099-w008	16:99	8	وَعَلَىٰ	w-s016-a099-w008	16:99:8	one_to_one
t-s016-a099-w009	16:99	9	رَبِّهِمْ	w-s016-a099-w009	16:99:9	one_to_one
t-s016-a099-w010	16:99	10	يَتَوَكَّلُونَ	w-s016-a099-w010	16:99:10	one_to_one
t-s016-a100-w001	16:100	1	إِنَّمَا	w-s016-a100-w001	16:100:1	one_to_one
t-s016-a100-w002	16:100	2	سُلْطَٰنُهُۥ	w-s016-a100-w002	16:100:2	one_to_one
t-s016-a100-w003	16:100	3	عَلَى	w-s016-a100-w003	16:100:3	one_to_one
t-s016-a100-w004	16:100	4	ٱلَّذِينَ	w-s016-a100-w004	16:100:4	one_to_one
t-s016-a100-w005	16:100	5	يَتَوَلَّوْنَهُۥ	w-s016-a100-w005	16:100:5	one_to_one
t-s016-a100-w006	16:100	6	وَٱلَّذِينَ	w-s016-a100-w006	16:100:6	one_to_one
t-s016-a100-w007	16:100	7	هُم	w-s016-a100-w007	16:100:7	one_to_one
t-s016-a100-w008	16:100	8	بِهِۦ	w-s016-a100-w008	16:100:8	one_to_one
t-s016-a100-w009	16:100	9	مُشْرِكُونَ	w-s016-a100-w009	16:100:9	one_to_one
t-s016-a101-w001	16:101	1	وَإِذَا	w-s016-a101-w001	16:101:1	one_to_one
t-s016-a101-w002	16:101	2	بَدَّلْنَآ	w-s016-a101-w002	16:101:2	one_to_one
t-s016-a101-w003	16:101	3	ءَايَةًۭ	w-s016-a101-w003	16:101:3	one_to_one
t-s016-a101-w004	16:101	4	مَّكَانَ	w-s016-a101-w004	16:101:4	one_to_one
t-s016-a101-w005	16:101	5	ءَايَةٍۢ	w-s016-a101-w005	16:101:5	one_to_one
t-s016-a101-w006	16:101	6	وَٱللَّهُ	w-s016-a101-w006	16:101:6	one_to_one
t-s016-a101-w007	16:101	7	أَعْلَمُ	w-s016-a101-w007	16:101:7	one_to_one
t-s016-a101-w008	16:101	8	بِمَا	w-s016-a101-w008	16:101:8	one_to_one
t-s016-a101-w009	16:101	9	يُنَزِّلُ	w-s016-a101-w009	16:101:9	one_to_one
t-s016-a101-w010	16:101	10	قَالُوٓا۟	w-s016-a101-w010	16:101:10	one_to_one
t-s016-a101-w011	16:101	11	إِنَّمَآ	w-s016-a101-w011	16:101:11	one_to_one
t-s016-a101-w012	16:101	12	أَنتَ	w-s016-a101-w012	16:101:12	one_to_one
t-s016-a101-w013	16:101	13	مُفْتَرٍۭ	w-s016-a101-w013	16:101:13	one_to_one
t-s016-a101-w014	16:101	14	بَلْ	w-s016-a101-w014	16:101:14	one_to_one
t-s016-a101-w015	16:101	15	أَكْثَرُهُمْ	w-s016-a101-w015	16:101:15	one_to_one
t-s016-a101-w016	16:101	16	لَا	w-s016-a101-w016	16:101:16	one_to_one
t-s016-a101-w017	16:101	17	يَعْلَمُونَ	w-s016-a101-w017	16:101:17	one_to_one
t-s016-a102-w001	16:102	1	قُلْ	w-s016-a102-w001	16:102:1	one_to_one
t-s016-a102-w002	16:102	2	نَزَّلَهُۥ	w-s016-a102-w002	16:102:2	one_to_one
t-s016-a102-w003	16:102	3	رُوحُ	w-s016-a102-w003	16:102:3	one_to_one
t-s016-a102-w004	16:102	4	ٱلْقُدُسِ	w-s016-a102-w004	16:102:4	one_to_one
t-s016-a102-w005	16:102	5	مِن	w-s016-a102-w005	16:102:5	one_to_one
t-s016-a102-w006	16:102	6	رَّبِّكَ	w-s016-a102-w006	16:102:6	one_to_one
t-s016-a102-w007	16:102	7	بِٱلْحَقِّ	w-s016-a102-w007	16:102:7	one_to_one
t-s016-a102-w008	16:102	8	لِيُثَبِّتَ	w-s016-a102-w008	16:102:8	one_to_one
t-s016-a102-w009	16:102	9	ٱلَّذِينَ	w-s016-a102-w009	16:102:9	one_to_one
t-s016-a102-w010	16:102	10	ءَامَنُوا۟	w-s016-a102-w010	16:102:10	one_to_one
t-s016-a102-w011	16:102	11	وَهُدًۭى	w-s016-a102-w011	16:102:11	one_to_one
t-s016-a102-w012	16:102	12	وَبُشْرَىٰ	w-s016-a102-w012	16:102:12	one_to_one
t-s016-a102-w013	16:102	13	لِلْمُسْلِمِينَ	w-s016-a102-w013	16:102:13	one_to_one
t-s016-a103-w001	16:103	1	وَلَقَدْ	w-s016-a103-w001	16:103:1	one_to_one
t-s016-a103-w002	16:103	2	نَعْلَمُ	w-s016-a103-w002	16:103:2	one_to_one
t-s016-a103-w003	16:103	3	أَنَّهُمْ	w-s016-a103-w003	16:103:3	one_to_one
t-s016-a103-w004	16:103	4	يَقُولُونَ	w-s016-a103-w004	16:103:4	one_to_one
t-s016-a103-w005	16:103	5	إِنَّمَا	w-s016-a103-w005	16:103:5	one_to_one
t-s016-a103-w006	16:103	6	يُعَلِّمُهُۥ	w-s016-a103-w006	16:103:6	one_to_one
t-s016-a103-w007	16:103	7	بَشَرٌۭ	w-s016-a103-w007	16:103:7	one_to_one
t-s016-a103-w008	16:103	8	لِّسَانُ	w-s016-a103-w008	16:103:8	one_to_one
t-s016-a103-w009	16:103	9	ٱلَّذِى	w-s016-a103-w009	16:103:9	one_to_one
t-s016-a103-w010	16:103	10	يُلْحِدُونَ	w-s016-a103-w010	16:103:10	one_to_one
t-s016-a103-w011	16:103	11	إِلَيْهِ	w-s016-a103-w011	16:103:11	one_to_one
t-s016-a103-w012	16:103	12	أَعْجَمِىٌّۭ	w-s016-a103-w012	16:103:12	one_to_one
t-s016-a103-w013	16:103	13	وَهَٰذَا	w-s016-a103-w013	16:103:13	one_to_one
t-s016-a103-w014	16:103	14	لِسَانٌ	w-s016-a103-w014	16:103:14	one_to_one
t-s016-a103-w015	16:103	15	عَرَبِىٌّۭ	w-s016-a103-w015	16:103:15	one_to_one
t-s016-a103-w016	16:103	16	مُّبِينٌ	w-s016-a103-w016	16:103:16	one_to_one
t-s016-a104-w001	16:104	1	إِنَّ	w-s016-a104-w001	16:104:1	one_to_one
t-s016-a104-w002	16:104	2	ٱلَّذِينَ	w-s016-a104-w002	16:104:2	one_to_one
t-s016-a104-w003	16:104	3	لَا	w-s016-a104-w003	16:104:3	one_to_one
t-s016-a104-w004	16:104	4	يُؤْمِنُونَ	w-s016-a104-w004	16:104:4	one_to_one
t-s016-a104-w005	16:104	5	بِـَٔايَٰتِ	w-s016-a104-w005	16:104:5	one_to_one
t-s016-a104-w006	16:104	6	ٱللَّهِ	w-s016-a104-w006	16:104:6	one_to_one
t-s016-a104-w007	16:104	7	لَا	w-s016-a104-w007	16:104:7	one_to_one
t-s016-a104-w008	16:104	8	يَهْدِيهِمُ	w-s016-a104-w008	16:104:8	one_to_one
t-s016-a104-w009	16:104	9	ٱللَّهُ	w-s016-a104-w009	16:104:9	one_to_one
t-s016-a104-w010	16:104	10	وَلَهُمْ	w-s016-a104-w010	16:104:10	one_to_one
t-s016-a104-w011	16:104	11	عَذَابٌ	w-s016-a104-w011	16:104:11	one_to_one
t-s016-a104-w012	16:104	12	أَلِيمٌ	w-s016-a104-w012	16:104:12	one_to_one
t-s016-a105-w001	16:105	1	إِنَّمَا	w-s016-a105-w001	16:105:1	one_to_one
t-s016-a105-w002	16:105	2	يَفْتَرِى	w-s016-a105-w002	16:105:2	one_to_one
t-s016-a105-w003	16:105	3	ٱلْكَذِبَ	w-s016-a105-w003	16:105:3	one_to_one
t-s016-a105-w004	16:105	4	ٱلَّذِينَ	w-s016-a105-w004	16:105:4	one_to_one
t-s016-a105-w005	16:105	5	لَا	w-s016-a105-w005	16:105:5	one_to_one
t-s016-a105-w006	16:105	6	يُؤْمِنُونَ	w-s016-a105-w006	16:105:6	one_to_one
t-s016-a105-w007	16:105	7	بِـَٔايَٰتِ	w-s016-a105-w007	16:105:7	one_to_one
t-s016-a105-w008	16:105	8	ٱللَّهِ	w-s016-a105-w008	16:105:8	one_to_one
t-s016-a105-w009	16:105	9	وَأُو۟لَٰٓئِكَ	w-s016-a105-w009	16:105:9	one_to_one
t-s016-a105-w010	16:105	10	هُمُ	w-s016-a105-w010	16:105:10	one_to_one
t-s016-a105-w011	16:105	11	ٱلْكَٰذِبُونَ	w-s016-a105-w011	16:105:11	one_to_one
t-s016-a106-w001	16:106	1	مَن	w-s016-a106-w001	16:106:1	one_to_one
t-s016-a106-w002	16:106	2	كَفَرَ	w-s016-a106-w002	16:106:2	one_to_one
t-s016-a106-w003	16:106	3	بِٱللَّهِ	w-s016-a106-w003	16:106:3	one_to_one
t-s016-a106-w004	16:106	4	مِنۢ	w-s016-a106-w004	16:106:4	one_to_one
t-s016-a106-w005	16:106	5	بَعْدِ	w-s016-a106-w005	16:106:5	one_to_one
t-s016-a106-w006	16:106	6	إِيمَٰنِهِۦٓ	w-s016-a106-w006	16:106:6	one_to_one
t-s016-a106-w007	16:106	7	إِلَّا	w-s016-a106-w007	16:106:7	one_to_one
t-s016-a106-w008	16:106	8	مَنْ	w-s016-a106-w008	16:106:8	one_to_one
t-s016-a106-w009	16:106	9	أُكْرِهَ	w-s016-a106-w009	16:106:9	one_to_one
t-s016-a106-w010	16:106	10	وَقَلْبُهُۥ	w-s016-a106-w010	16:106:10	one_to_one
t-s016-a106-w011	16:106	11	مُطْمَئِنٌّۢ	w-s016-a106-w011	16:106:11	one_to_one
t-s016-a106-w012	16:106	12	بِٱلْإِيمَٰنِ	w-s016-a106-w012	16:106:12	one_to_one
t-s016-a106-w013	16:106	13	وَلَٰكِن	w-s016-a106-w013	16:106:13	one_to_one
t-s016-a106-w014	16:106	14	مَّن	w-s016-a106-w014	16:106:14	one_to_one
t-s016-a106-w015	16:106	15	شَرَحَ	w-s016-a106-w015	16:106:15	one_to_one
t-s016-a106-w016	16:106	16	بِٱلْكُفْرِ	w-s016-a106-w016	16:106:16	one_to_one
t-s016-a106-w017	16:106	17	صَدْرًۭا	w-s016-a106-w017	16:106:17	one_to_one
t-s016-a106-w018	16:106	18	فَعَلَيْهِمْ	w-s016-a106-w018	16:106:18	one_to_one
t-s016-a106-w019	16:106	19	غَضَبٌۭ	w-s016-a106-w019	16:106:19	one_to_one
t-s016-a106-w020	16:106	20	مِّنَ	w-s016-a106-w020	16:106:20	one_to_one
t-s016-a106-w021	16:106	21	ٱللَّهِ	w-s016-a106-w021	16:106:21	one_to_one
t-s016-a106-w022	16:106	22	وَلَهُمْ	w-s016-a106-w022	16:106:22	one_to_one
t-s016-a106-w023	16:106	23	عَذَابٌ	w-s016-a106-w023	16:106:23	one_to_one
t-s016-a106-w024	16:106	24	عَظِيمٌۭ	w-s016-a106-w024	16:106:24	one_to_one
t-s016-a107-w001	16:107	1	ذَٰلِكَ	w-s016-a107-w001	16:107:1	one_to_one
t-s016-a107-w002	16:107	2	بِأَنَّهُمُ	w-s016-a107-w002	16:107:2	one_to_one
t-s016-a107-w003	16:107	3	ٱسْتَحَبُّوا۟	w-s016-a107-w003	16:107:3	one_to_one
t-s016-a107-w004	16:107	4	ٱلْحَيَوٰةَ	w-s016-a107-w004	16:107:4	one_to_one
t-s016-a107-w005	16:107	5	ٱلدُّنْيَا	w-s016-a107-w005	16:107:5	one_to_one
t-s016-a107-w006	16:107	6	عَلَى	w-s016-a107-w006	16:107:6	one_to_one
t-s016-a107-w007	16:107	7	ٱلْءَاخِرَةِ	w-s016-a107-w007	16:107:7	one_to_one
t-s016-a107-w008	16:107	8	وَأَنَّ	w-s016-a107-w008	16:107:8	one_to_one
t-s016-a107-w009	16:107	9	ٱللَّهَ	w-s016-a107-w009	16:107:9	one_to_one
t-s016-a107-w010	16:107	10	لَا	w-s016-a107-w010	16:107:10	one_to_one
t-s016-a107-w011	16:107	11	يَهْدِى	w-s016-a107-w011	16:107:11	one_to_one
t-s016-a107-w012	16:107	12	ٱلْقَوْمَ	w-s016-a107-w012	16:107:12	one_to_one
t-s016-a107-w013	16:107	13	ٱلْكَٰفِرِينَ	w-s016-a107-w013	16:107:13	one_to_one
t-s016-a108-w001	16:108	1	أُو۟لَٰٓئِكَ	w-s016-a108-w001	16:108:1	one_to_one
t-s016-a108-w002	16:108	2	ٱلَّذِينَ	w-s016-a108-w002	16:108:2	one_to_one
t-s016-a108-w003	16:108	3	طَبَعَ	w-s016-a108-w003	16:108:3	one_to_one
t-s016-a108-w004	16:108	4	ٱللَّهُ	w-s016-a108-w004	16:108:4	one_to_one
t-s016-a108-w005	16:108	5	عَلَىٰ	w-s016-a108-w005	16:108:5	one_to_one
t-s016-a108-w006	16:108	6	قُلُوبِهِمْ	w-s016-a108-w006	16:108:6	one_to_one
t-s016-a108-w007	16:108	7	وَسَمْعِهِمْ	w-s016-a108-w007	16:108:7	one_to_one
t-s016-a108-w008	16:108	8	وَأَبْصَٰرِهِمْ	w-s016-a108-w008	16:108:8	one_to_one
t-s016-a108-w009	16:108	9	وَأُو۟لَٰٓئِكَ	w-s016-a108-w009	16:108:9	one_to_one
t-s016-a108-w010	16:108	10	هُمُ	w-s016-a108-w010	16:108:10	one_to_one
t-s016-a108-w011	16:108	11	ٱلْغَٰفِلُونَ	w-s016-a108-w011	16:108:11	one_to_one
t-s016-a109-w001	16:109	1	لَا	w-s016-a109-w001	16:109:1	one_to_one
t-s016-a109-w002	16:109	2	جَرَمَ	w-s016-a109-w002	16:109:2	one_to_one
t-s016-a109-w003	16:109	3	أَنَّهُمْ	w-s016-a109-w003	16:109:3	one_to_one
t-s016-a109-w004	16:109	4	فِى	w-s016-a109-w004	16:109:4	one_to_one
t-s016-a109-w005	16:109	5	ٱلْءَاخِرَةِ	w-s016-a109-w005	16:109:5	one_to_one
t-s016-a109-w006	16:109	6	هُمُ	w-s016-a109-w006	16:109:6	one_to_one
t-s016-a109-w007	16:109	7	ٱلْخَٰسِرُونَ	w-s016-a109-w007	16:109:7	one_to_one
t-s016-a110-w001	16:110	1	ثُمَّ	w-s016-a110-w001	16:110:1	one_to_one
t-s016-a110-w002	16:110	2	إِنَّ	w-s016-a110-w002	16:110:2	one_to_one
t-s016-a110-w003	16:110	3	رَبَّكَ	w-s016-a110-w003	16:110:3	one_to_one
t-s016-a110-w004	16:110	4	لِلَّذِينَ	w-s016-a110-w004	16:110:4	one_to_one
t-s016-a110-w005	16:110	5	هَاجَرُوا۟	w-s016-a110-w005	16:110:5	one_to_one
t-s016-a110-w006	16:110	6	مِنۢ	w-s016-a110-w006	16:110:6	one_to_one
t-s016-a110-w007	16:110	7	بَعْدِ	w-s016-a110-w007	16:110:7	one_to_one
t-s016-a110-w008	16:110	8	مَا	w-s016-a110-w008	16:110:8	one_to_one
t-s016-a110-w009	16:110	9	فُتِنُوا۟	w-s016-a110-w009	16:110:9	one_to_one
t-s016-a110-w010	16:110	10	ثُمَّ	w-s016-a110-w010	16:110:10	one_to_one
t-s016-a110-w011	16:110	11	جَٰهَدُوا۟	w-s016-a110-w011	16:110:11	one_to_one
t-s016-a110-w012	16:110	12	وَصَبَرُوٓا۟	w-s016-a110-w012	16:110:12	one_to_one
t-s016-a110-w013	16:110	13	إِنَّ	w-s016-a110-w013	16:110:13	one_to_one
t-s016-a110-w014	16:110	14	رَبَّكَ	w-s016-a110-w014	16:110:14	one_to_one
t-s016-a110-w015	16:110	15	مِنۢ	w-s016-a110-w015	16:110:15	one_to_one
t-s016-a110-w016	16:110	16	بَعْدِهَا	w-s016-a110-w016	16:110:16	one_to_one
t-s016-a110-w017	16:110	17	لَغَفُورٌۭ	w-s016-a110-w017	16:110:17	one_to_one
t-s016-a110-w018	16:110	18	رَّحِيمٌۭ	w-s016-a110-w018	16:110:18	one_to_one
t-s016-a111-w001	16:111	1	يَوْمَ	w-s016-a111-w001	16:111:1	one_to_one
t-s016-a111-w002	16:111	2	تَأْتِى	w-s016-a111-w002	16:111:2	one_to_one
t-s016-a111-w003	16:111	3	كُلُّ	w-s016-a111-w003	16:111:3	one_to_one
t-s016-a111-w004	16:111	4	نَفْسٍۢ	w-s016-a111-w004	16:111:4	one_to_one
t-s016-a111-w005	16:111	5	تُجَٰدِلُ	w-s016-a111-w005	16:111:5	one_to_one
t-s016-a111-w006	16:111	6	عَن	w-s016-a111-w006	16:111:6	one_to_one
t-s016-a111-w007	16:111	7	نَّفْسِهَا	w-s016-a111-w007	16:111:7	one_to_one
t-s016-a111-w008	16:111	8	وَتُوَفَّىٰ	w-s016-a111-w008	16:111:8	one_to_one
t-s016-a111-w009	16:111	9	كُلُّ	w-s016-a111-w009	16:111:9	one_to_one
t-s016-a111-w010	16:111	10	نَفْسٍۢ	w-s016-a111-w010	16:111:10	one_to_one
t-s016-a111-w011	16:111	11	مَّا	w-s016-a111-w011	16:111:11	one_to_one
t-s016-a111-w012	16:111	12	عَمِلَتْ	w-s016-a111-w012	16:111:12	one_to_one
t-s016-a111-w013	16:111	13	وَهُمْ	w-s016-a111-w013	16:111:13	one_to_one
t-s016-a111-w014	16:111	14	لَا	w-s016-a111-w014	16:111:14	one_to_one
t-s016-a111-w015	16:111	15	يُظْلَمُونَ	w-s016-a111-w015	16:111:15	one_to_one
t-s016-a112-w001	16:112	1	وَضَرَبَ	w-s016-a112-w001	16:112:1	one_to_one
t-s016-a112-w002	16:112	2	ٱللَّهُ	w-s016-a112-w002	16:112:2	one_to_one
t-s016-a112-w003	16:112	3	مَثَلًۭا	w-s016-a112-w003	16:112:3	one_to_one
t-s016-a112-w004	16:112	4	قَرْيَةًۭ	w-s016-a112-w004	16:112:4	one_to_one
t-s016-a112-w005	16:112	5	كَانَتْ	w-s016-a112-w005	16:112:5	one_to_one
t-s016-a112-w006	16:112	6	ءَامِنَةًۭ	w-s016-a112-w006	16:112:6	one_to_one
t-s016-a112-w007	16:112	7	مُّطْمَئِنَّةًۭ	w-s016-a112-w007	16:112:7	one_to_one
t-s016-a112-w008	16:112	8	يَأْتِيهَا	w-s016-a112-w008	16:112:8	one_to_one
t-s016-a112-w009	16:112	9	رِزْقُهَا	w-s016-a112-w009	16:112:9	one_to_one
t-s016-a112-w010	16:112	10	رَغَدًۭا	w-s016-a112-w010	16:112:10	one_to_one
t-s016-a112-w011	16:112	11	مِّن	w-s016-a112-w011	16:112:11	one_to_one
t-s016-a112-w012	16:112	12	كُلِّ	w-s016-a112-w012	16:112:12	one_to_one
t-s016-a112-w013	16:112	13	مَكَانٍۢ	w-s016-a112-w013	16:112:13	one_to_one
t-s016-a112-w014	16:112	14	فَكَفَرَتْ	w-s016-a112-w014	16:112:14	one_to_one
t-s016-a112-w015	16:112	15	بِأَنْعُمِ	w-s016-a112-w015	16:112:15	one_to_one
t-s016-a112-w016	16:112	16	ٱللَّهِ	w-s016-a112-w016	16:112:16	one_to_one
t-s016-a112-w017	16:112	17	فَأَذَٰقَهَا	w-s016-a112-w017	16:112:17	one_to_one
t-s016-a112-w018	16:112	18	ٱللَّهُ	w-s016-a112-w018	16:112:18	one_to_one
t-s016-a112-w019	16:112	19	لِبَاسَ	w-s016-a112-w019	16:112:19	one_to_one
t-s016-a112-w020	16:112	20	ٱلْجُوعِ	w-s016-a112-w020	16:112:20	one_to_one
t-s016-a112-w021	16:112	21	وَٱلْخَوْفِ	w-s016-a112-w021	16:112:21	one_to_one
t-s016-a112-w022	16:112	22	بِمَا	w-s016-a112-w022	16:112:22	one_to_one
t-s016-a112-w023	16:112	23	كَانُوا۟	w-s016-a112-w023	16:112:23	one_to_one
t-s016-a112-w024	16:112	24	يَصْنَعُونَ	w-s016-a112-w024	16:112:24	one_to_one
t-s016-a113-w001	16:113	1	وَلَقَدْ	w-s016-a113-w001	16:113:1	one_to_one
t-s016-a113-w002	16:113	2	جَآءَهُمْ	w-s016-a113-w002	16:113:2	one_to_one
t-s016-a113-w003	16:113	3	رَسُولٌۭ	w-s016-a113-w003	16:113:3	one_to_one
t-s016-a113-w004	16:113	4	مِّنْهُمْ	w-s016-a113-w004	16:113:4	one_to_one
t-s016-a113-w005	16:113	5	فَكَذَّبُوهُ	w-s016-a113-w005	16:113:5	one_to_one
t-s016-a113-w006	16:113	6	فَأَخَذَهُمُ	w-s016-a113-w006	16:113:6	one_to_one
t-s016-a113-w007	16:113	7	ٱلْعَذَابُ	w-s016-a113-w007	16:113:7	one_to_one
t-s016-a113-w008	16:113	8	وَهُمْ	w-s016-a113-w008	16:113:8	one_to_one
t-s016-a113-w009	16:113	9	ظَٰلِمُونَ	w-s016-a113-w009	16:113:9	one_to_one
t-s016-a114-w001	16:114	1	فَكُلُوا۟	w-s016-a114-w001	16:114:1	one_to_one
t-s016-a114-w002	16:114	2	مِمَّا	w-s016-a114-w002	16:114:2	one_to_one
t-s016-a114-w003	16:114	3	رَزَقَكُمُ	w-s016-a114-w003	16:114:3	one_to_one
t-s016-a114-w004	16:114	4	ٱللَّهُ	w-s016-a114-w004	16:114:4	one_to_one
t-s016-a114-w005	16:114	5	حَلَٰلًۭا	w-s016-a114-w005	16:114:5	one_to_one
t-s016-a114-w006	16:114	6	طَيِّبًۭا	w-s016-a114-w006	16:114:6	one_to_one
t-s016-a114-w007	16:114	7	وَٱشْكُرُوا۟	w-s016-a114-w007	16:114:7	one_to_one
t-s016-a114-w008	16:114	8	نِعْمَتَ	w-s016-a114-w008	16:114:8	one_to_one
t-s016-a114-w009	16:114	9	ٱللَّهِ	w-s016-a114-w009	16:114:9	one_to_one
t-s016-a114-w010	16:114	10	إِن	w-s016-a114-w010	16:114:10	one_to_one
t-s016-a114-w011	16:114	11	كُنتُمْ	w-s016-a114-w011	16:114:11	one_to_one
t-s016-a114-w012	16:114	12	إِيَّاهُ	w-s016-a114-w012	16:114:12	one_to_one
t-s016-a114-w013	16:114	13	تَعْبُدُونَ	w-s016-a114-w013	16:114:13	one_to_one
t-s016-a115-w001	16:115	1	إِنَّمَا	w-s016-a115-w001	16:115:1	one_to_one
t-s016-a115-w002	16:115	2	حَرَّمَ	w-s016-a115-w002	16:115:2	one_to_one
t-s016-a115-w003	16:115	3	عَلَيْكُمُ	w-s016-a115-w003	16:115:3	one_to_one
t-s016-a115-w004	16:115	4	ٱلْمَيْتَةَ	w-s016-a115-w004	16:115:4	one_to_one
t-s016-a115-w005	16:115	5	وَٱلدَّمَ	w-s016-a115-w005	16:115:5	one_to_one
t-s016-a115-w006	16:115	6	وَلَحْمَ	w-s016-a115-w006	16:115:6	one_to_one
t-s016-a115-w007	16:115	7	ٱلْخِنزِيرِ	w-s016-a115-w007	16:115:7	one_to_one
t-s016-a115-w008	16:115	8	وَمَآ	w-s016-a115-w008	16:115:8	one_to_one
t-s016-a115-w009	16:115	9	أُهِلَّ	w-s016-a115-w009	16:115:9	one_to_one
t-s016-a115-w010	16:115	10	لِغَيْرِ	w-s016-a115-w010	16:115:10	one_to_one
t-s016-a115-w011	16:115	11	ٱللَّهِ	w-s016-a115-w011	16:115:11	one_to_one
t-s016-a115-w012	16:115	12	بِهِۦ	w-s016-a115-w012	16:115:12	one_to_one
t-s016-a115-w013	16:115	13	فَمَنِ	w-s016-a115-w013	16:115:13	one_to_one
t-s016-a115-w014	16:115	14	ٱضْطُرَّ	w-s016-a115-w014	16:115:14	one_to_one
t-s016-a115-w015	16:115	15	غَيْرَ	w-s016-a115-w015	16:115:15	one_to_one
t-s016-a115-w016	16:115	16	بَاغٍۢ	w-s016-a115-w016	16:115:16	one_to_one
t-s016-a115-w017	16:115	17	وَلَا	w-s016-a115-w017	16:115:17	one_to_one
t-s016-a115-w018	16:115	18	عَادٍۢ	w-s016-a115-w018	16:115:18	one_to_one
t-s016-a115-w019	16:115	19	فَإِنَّ	w-s016-a115-w019	16:115:19	one_to_one
t-s016-a115-w020	16:115	20	ٱللَّهَ	w-s016-a115-w020	16:115:20	one_to_one
t-s016-a115-w021	16:115	21	غَفُورٌۭ	w-s016-a115-w021	16:115:21	one_to_one
t-s016-a115-w022	16:115	22	رَّحِيمٌۭ	w-s016-a115-w022	16:115:22	one_to_one
t-s016-a116-w001	16:116	1	وَلَا	w-s016-a116-w001	16:116:1	one_to_one
t-s016-a116-w002	16:116	2	تَقُولُوا۟	w-s016-a116-w002	16:116:2	one_to_one
t-s016-a116-w003	16:116	3	لِمَا	w-s016-a116-w003	16:116:3	one_to_one
t-s016-a116-w004	16:116	4	تَصِفُ	w-s016-a116-w004	16:116:4	one_to_one
t-s016-a116-w005	16:116	5	أَلْسِنَتُكُمُ	w-s016-a116-w005	16:116:5	one_to_one
t-s016-a116-w006	16:116	6	ٱلْكَذِبَ	w-s016-a116-w006	16:116:6	one_to_one
t-s016-a116-w007	16:116	7	هَٰذَا	w-s016-a116-w007	16:116:7	one_to_one
t-s016-a116-w008	16:116	8	حَلَٰلٌۭ	w-s016-a116-w008	16:116:8	one_to_one
t-s016-a116-w009	16:116	9	وَهَٰذَا	w-s016-a116-w009	16:116:9	one_to_one
t-s016-a116-w010	16:116	10	حَرَامٌۭ	w-s016-a116-w010	16:116:10	one_to_one
t-s016-a116-w011	16:116	11	لِّتَفْتَرُوا۟	w-s016-a116-w011	16:116:11	one_to_one
t-s016-a116-w012	16:116	12	عَلَى	w-s016-a116-w012	16:116:12	one_to_one
t-s016-a116-w013	16:116	13	ٱللَّهِ	w-s016-a116-w013	16:116:13	one_to_one
t-s016-a116-w014	16:116	14	ٱلْكَذِبَ	w-s016-a116-w014	16:116:14	one_to_one
t-s016-a116-w015	16:116	15	إِنَّ	w-s016-a116-w015	16:116:15	one_to_one
t-s016-a116-w016	16:116	16	ٱلَّذِينَ	w-s016-a116-w016	16:116:16	one_to_one
t-s016-a116-w017	16:116	17	يَفْتَرُونَ	w-s016-a116-w017	16:116:17	one_to_one
t-s016-a116-w018	16:116	18	عَلَى	w-s016-a116-w018	16:116:18	one_to_one
t-s016-a116-w019	16:116	19	ٱللَّهِ	w-s016-a116-w019	16:116:19	one_to_one
t-s016-a116-w020	16:116	20	ٱلْكَذِبَ	w-s016-a116-w020	16:116:20	one_to_one
t-s016-a116-w021	16:116	21	لَا	w-s016-a116-w021	16:116:21	one_to_one
t-s016-a116-w022	16:116	22	يُفْلِحُونَ	w-s016-a116-w022	16:116:22	one_to_one
t-s016-a117-w001	16:117	1	مَتَٰعٌۭ	w-s016-a117-w001	16:117:1	one_to_one
t-s016-a117-w002	16:117	2	قَلِيلٌۭ	w-s016-a117-w002	16:117:2	one_to_one
t-s016-a117-w003	16:117	3	وَلَهُمْ	w-s016-a117-w003	16:117:3	one_to_one
t-s016-a117-w004	16:117	4	عَذَابٌ	w-s016-a117-w004	16:117:4	one_to_one
t-s016-a117-w005	16:117	5	أَلِيمٌۭ	w-s016-a117-w005	16:117:5	one_to_one
t-s016-a118-w001	16:118	1	وَعَلَى	w-s016-a118-w001	16:118:1	one_to_one
t-s016-a118-w002	16:118	2	ٱلَّذِينَ	w-s016-a118-w002	16:118:2	one_to_one
t-s016-a118-w003	16:118	3	هَادُوا۟	w-s016-a118-w003	16:118:3	one_to_one
t-s016-a118-w004	16:118	4	حَرَّمْنَا	w-s016-a118-w004	16:118:4	one_to_one
t-s016-a118-w005	16:118	5	مَا	w-s016-a118-w005	16:118:5	one_to_one
t-s016-a118-w006	16:118	6	قَصَصْنَا	w-s016-a118-w006	16:118:6	one_to_one
t-s016-a118-w007	16:118	7	عَلَيْكَ	w-s016-a118-w007	16:118:7	one_to_one
t-s016-a118-w008	16:118	8	مِن	w-s016-a118-w008	16:118:8	one_to_one
t-s016-a118-w009	16:118	9	قَبْلُ	w-s016-a118-w009	16:118:9	one_to_one
t-s016-a118-w010	16:118	10	وَمَا	w-s016-a118-w010	16:118:10	one_to_one
t-s016-a118-w011	16:118	11	ظَلَمْنَٰهُمْ	w-s016-a118-w011	16:118:11	one_to_one
t-s016-a118-w012	16:118	12	وَلَٰكِن	w-s016-a118-w012	16:118:12	one_to_one
t-s016-a118-w013	16:118	13	كَانُوٓا۟	w-s016-a118-w013	16:118:13	one_to_one
t-s016-a118-w014	16:118	14	أَنفُسَهُمْ	w-s016-a118-w014	16:118:14	one_to_one
t-s016-a118-w015	16:118	15	يَظْلِمُونَ	w-s016-a118-w015	16:118:15	one_to_one
t-s016-a119-w001	16:119	1	ثُمَّ	w-s016-a119-w001	16:119:1	one_to_one
t-s016-a119-w002	16:119	2	إِنَّ	w-s016-a119-w002	16:119:2	one_to_one
t-s016-a119-w003	16:119	3	رَبَّكَ	w-s016-a119-w003	16:119:3	one_to_one
t-s016-a119-w004	16:119	4	لِلَّذِينَ	w-s016-a119-w004	16:119:4	one_to_one
t-s016-a119-w005	16:119	5	عَمِلُوا۟	w-s016-a119-w005	16:119:5	one_to_one
t-s016-a119-w006	16:119	6	ٱلسُّوٓءَ	w-s016-a119-w006	16:119:6	one_to_one
t-s016-a119-w007	16:119	7	بِجَهَٰلَةٍۢ	w-s016-a119-w007	16:119:7	one_to_one
t-s016-a119-w008	16:119	8	ثُمَّ	w-s016-a119-w008	16:119:8	one_to_one
t-s016-a119-w009	16:119	9	تَابُوا۟	w-s016-a119-w009	16:119:9	one_to_one
t-s016-a119-w010	16:119	10	مِنۢ	w-s016-a119-w010	16:119:10	one_to_one
t-s016-a119-w011	16:119	11	بَعْدِ	w-s016-a119-w011	16:119:11	one_to_one
t-s016-a119-w012	16:119	12	ذَٰلِكَ	w-s016-a119-w012	16:119:12	one_to_one
t-s016-a119-w013	16:119	13	وَأَصْلَحُوٓا۟	w-s016-a119-w013	16:119:13	one_to_one
t-s016-a119-w014	16:119	14	إِنَّ	w-s016-a119-w014	16:119:14	one_to_one
t-s016-a119-w015	16:119	15	رَبَّكَ	w-s016-a119-w015	16:119:15	one_to_one
t-s016-a119-w016	16:119	16	مِنۢ	w-s016-a119-w016	16:119:16	one_to_one
t-s016-a119-w017	16:119	17	بَعْدِهَا	w-s016-a119-w017	16:119:17	one_to_one
t-s016-a119-w018	16:119	18	لَغَفُورٌۭ	w-s016-a119-w018	16:119:18	one_to_one
t-s016-a119-w019	16:119	19	رَّحِيمٌ	w-s016-a119-w019	16:119:19	one_to_one
t-s016-a120-w001	16:120	1	إِنَّ	w-s016-a120-w001	16:120:1	one_to_one
t-s016-a120-w002	16:120	2	إِبْرَٰهِيمَ	w-s016-a120-w002	16:120:2	one_to_one
t-s016-a120-w003	16:120	3	كَانَ	w-s016-a120-w003	16:120:3	one_to_one
t-s016-a120-w004	16:120	4	أُمَّةًۭ	w-s016-a120-w004	16:120:4	one_to_one
t-s016-a120-w005	16:120	5	قَانِتًۭا	w-s016-a120-w005	16:120:5	one_to_one
t-s016-a120-w006	16:120	6	لِّلَّهِ	w-s016-a120-w006	16:120:6	one_to_one
t-s016-a120-w007	16:120	7	حَنِيفًۭا	w-s016-a120-w007	16:120:7	one_to_one
t-s016-a120-w008	16:120	8	وَلَمْ	w-s016-a120-w008	16:120:8	one_to_one
t-s016-a120-w009	16:120	9	يَكُ	w-s016-a120-w009	16:120:9	one_to_one
t-s016-a120-w010	16:120	10	مِنَ	w-s016-a120-w010	16:120:10	one_to_one
t-s016-a120-w011	16:120	11	ٱلْمُشْرِكِينَ	w-s016-a120-w011	16:120:11	one_to_one
t-s016-a121-w001	16:121	1	شَاكِرًۭا	w-s016-a121-w001	16:121:1	one_to_one
t-s016-a121-w002	16:121	2	لِّأَنْعُمِهِ	w-s016-a121-w002	16:121:2	one_to_one
t-s016-a121-w003	16:121	3	ٱجْتَبَىٰهُ	w-s016-a121-w003	16:121:3	one_to_one
t-s016-a121-w004	16:121	4	وَهَدَىٰهُ	w-s016-a121-w004	16:121:4	one_to_one
t-s016-a121-w005	16:121	5	إِلَىٰ	w-s016-a121-w005	16:121:5	one_to_one
t-s016-a121-w006	16:121	6	صِرَٰطٍۢ	w-s016-a121-w006	16:121:6	one_to_one
t-s016-a121-w007	16:121	7	مُّسْتَقِيمٍۢ	w-s016-a121-w007	16:121:7	one_to_one
t-s016-a122-w001	16:122	1	وَءَاتَيْنَٰهُ	w-s016-a122-w001	16:122:1	one_to_one
t-s016-a122-w002	16:122	2	فِى	w-s016-a122-w002	16:122:2	one_to_one
t-s016-a122-w003	16:122	3	ٱلدُّنْيَا	w-s016-a122-w003	16:122:3	one_to_one
t-s016-a122-w004	16:122	4	حَسَنَةًۭ	w-s016-a122-w004	16:122:4	one_to_one
t-s016-a122-w005	16:122	5	وَإِنَّهُۥ	w-s016-a122-w005	16:122:5	one_to_one
t-s016-a122-w006	16:122	6	فِى	w-s016-a122-w006	16:122:6	one_to_one
t-s016-a122-w007	16:122	7	ٱلْءَاخِرَةِ	w-s016-a122-w007	16:122:7	one_to_one
t-s016-a122-w008	16:122	8	لَمِنَ	w-s016-a122-w008	16:122:8	one_to_one
t-s016-a122-w009	16:122	9	ٱلصَّٰلِحِينَ	w-s016-a122-w009	16:122:9	one_to_one
t-s016-a123-w001	16:123	1	ثُمَّ	w-s016-a123-w001	16:123:1	one_to_one
t-s016-a123-w002	16:123	2	أَوْحَيْنَآ	w-s016-a123-w002	16:123:2	one_to_one
t-s016-a123-w003	16:123	3	إِلَيْكَ	w-s016-a123-w003	16:123:3	one_to_one
t-s016-a123-w004	16:123	4	أَنِ	w-s016-a123-w004	16:123:4	one_to_one
t-s016-a123-w005	16:123	5	ٱتَّبِعْ	w-s016-a123-w005	16:123:5	one_to_one
t-s016-a123-w006	16:123	6	مِلَّةَ	w-s016-a123-w006	16:123:6	one_to_one
t-s016-a123-w007	16:123	7	إِبْرَٰهِيمَ	w-s016-a123-w007	16:123:7	one_to_one
t-s016-a123-w008	16:123	8	حَنِيفًۭا	w-s016-a123-w008	16:123:8	one_to_one
t-s016-a123-w009	16:123	9	وَمَا	w-s016-a123-w009	16:123:9	one_to_one
t-s016-a123-w010	16:123	10	كَانَ	w-s016-a123-w010	16:123:10	one_to_one
t-s016-a123-w011	16:123	11	مِنَ	w-s016-a123-w011	16:123:11	one_to_one
t-s016-a123-w012	16:123	12	ٱلْمُشْرِكِينَ	w-s016-a123-w012	16:123:12	one_to_one
t-s016-a124-w001	16:124	1	إِنَّمَا	w-s016-a124-w001	16:124:1	one_to_one
t-s016-a124-w002	16:124	2	جُعِلَ	w-s016-a124-w002	16:124:2	one_to_one
t-s016-a124-w003	16:124	3	ٱلسَّبْتُ	w-s016-a124-w003	16:124:3	one_to_one
t-s016-a124-w004	16:124	4	عَلَى	w-s016-a124-w004	16:124:4	one_to_one
t-s016-a124-w005	16:124	5	ٱلَّذِينَ	w-s016-a124-w005	16:124:5	one_to_one
t-s016-a124-w006	16:124	6	ٱخْتَلَفُوا۟	w-s016-a124-w006	16:124:6	one_to_one
t-s016-a124-w007	16:124	7	فِيهِ	w-s016-a124-w007	16:124:7	one_to_one
t-s016-a124-w008	16:124	8	وَإِنَّ	w-s016-a124-w008	16:124:8	one_to_one
t-s016-a124-w009	16:124	9	رَبَّكَ	w-s016-a124-w009	16:124:9	one_to_one
t-s016-a124-w010	16:124	10	لَيَحْكُمُ	w-s016-a124-w010	16:124:10	one_to_one
t-s016-a124-w011	16:124	11	بَيْنَهُمْ	w-s016-a124-w011	16:124:11	one_to_one
t-s016-a124-w012	16:124	12	يَوْمَ	w-s016-a124-w012	16:124:12	one_to_one
t-s016-a124-w013	16:124	13	ٱلْقِيَٰمَةِ	w-s016-a124-w013	16:124:13	one_to_one
t-s016-a124-w014	16:124	14	فِيمَا	w-s016-a124-w014	16:124:14	one_to_one
t-s016-a124-w015	16:124	15	كَانُوا۟	w-s016-a124-w015	16:124:15	one_to_one
t-s016-a124-w016	16:124	16	فِيهِ	w-s016-a124-w016	16:124:16	one_to_one
t-s016-a124-w017	16:124	17	يَخْتَلِفُونَ	w-s016-a124-w017	16:124:17	one_to_one
t-s016-a125-w001	16:125	1	ٱدْعُ	w-s016-a125-w001	16:125:1	one_to_one
t-s016-a125-w002	16:125	2	إِلَىٰ	w-s016-a125-w002	16:125:2	one_to_one
t-s016-a125-w003	16:125	3	سَبِيلِ	w-s016-a125-w003	16:125:3	one_to_one
t-s016-a125-w004	16:125	4	رَبِّكَ	w-s016-a125-w004	16:125:4	one_to_one
t-s016-a125-w005	16:125	5	بِٱلْحِكْمَةِ	w-s016-a125-w005	16:125:5	one_to_one
t-s016-a125-w006	16:125	6	وَٱلْمَوْعِظَةِ	w-s016-a125-w006	16:125:6	one_to_one
t-s016-a125-w007	16:125	7	ٱلْحَسَنَةِ	w-s016-a125-w007	16:125:7	one_to_one
t-s016-a125-w008	16:125	8	وَجَٰدِلْهُم	w-s016-a125-w008	16:125:8	one_to_one
t-s016-a125-w009	16:125	9	بِٱلَّتِى	w-s016-a125-w009	16:125:9	one_to_one
t-s016-a125-w010	16:125	10	هِىَ	w-s016-a125-w010	16:125:10	one_to_one
t-s016-a125-w011	16:125	11	أَحْسَنُ	w-s016-a125-w011	16:125:11	one_to_one
t-s016-a125-w012	16:125	12	إِنَّ	w-s016-a125-w012	16:125:12	one_to_one
t-s016-a125-w013	16:125	13	رَبَّكَ	w-s016-a125-w013	16:125:13	one_to_one
t-s016-a125-w014	16:125	14	هُوَ	w-s016-a125-w014	16:125:14	one_to_one
t-s016-a125-w015	16:125	15	أَعْلَمُ	w-s016-a125-w015	16:125:15	one_to_one
t-s016-a125-w016	16:125	16	بِمَن	w-s016-a125-w016	16:125:16	one_to_one
t-s016-a125-w017	16:125	17	ضَلَّ	w-s016-a125-w017	16:125:17	one_to_one
t-s016-a125-w018	16:125	18	عَن	w-s016-a125-w018	16:125:18	one_to_one
t-s016-a125-w019	16:125	19	سَبِيلِهِۦ	w-s016-a125-w019	16:125:19	one_to_one
t-s016-a125-w020	16:125	20	وَهُوَ	w-s016-a125-w020	16:125:20	one_to_one
t-s016-a125-w021	16:125	21	أَعْلَمُ	w-s016-a125-w021	16:125:21	one_to_one
t-s016-a125-w022	16:125	22	بِٱلْمُهْتَدِينَ	w-s016-a125-w022	16:125:22	one_to_one
t-s016-a126-w001	16:126	1	وَإِنْ	w-s016-a126-w001	16:126:1	one_to_one
t-s016-a126-w002	16:126	2	عَاقَبْتُمْ	w-s016-a126-w002	16:126:2	one_to_one
t-s016-a126-w003	16:126	3	فَعَاقِبُوا۟	w-s016-a126-w003	16:126:3	one_to_one
t-s016-a126-w004	16:126	4	بِمِثْلِ	w-s016-a126-w004	16:126:4	one_to_one
t-s016-a126-w005	16:126	5	مَا	w-s016-a126-w005	16:126:5	one_to_one
t-s016-a126-w006	16:126	6	عُوقِبْتُم	w-s016-a126-w006	16:126:6	one_to_one
t-s016-a126-w007	16:126	7	بِهِۦ	w-s016-a126-w007	16:126:7	one_to_one
t-s016-a126-w008	16:126	8	وَلَئِن	w-s016-a126-w008	16:126:8	one_to_one
t-s016-a126-w009	16:126	9	صَبَرْتُمْ	w-s016-a126-w009	16:126:9	one_to_one
t-s016-a126-w010	16:126	10	لَهُوَ	w-s016-a126-w010	16:126:10	one_to_one
t-s016-a126-w011	16:126	11	خَيْرٌۭ	w-s016-a126-w011	16:126:11	one_to_one
t-s016-a126-w012	16:126	12	لِّلصَّٰبِرِينَ	w-s016-a126-w012	16:126:12	one_to_one
t-s016-a127-w001	16:127	1	وَٱصْبِرْ	w-s016-a127-w001	16:127:1	one_to_one
t-s016-a127-w002	16:127	2	وَمَا	w-s016-a127-w002	16:127:2	one_to_one
t-s016-a127-w003	16:127	3	صَبْرُكَ	w-s016-a127-w003	16:127:3	one_to_one
t-s016-a127-w004	16:127	4	إِلَّا	w-s016-a127-w004	16:127:4	one_to_one
t-s016-a127-w005	16:127	5	بِٱللَّهِ	w-s016-a127-w005	16:127:5	one_to_one
t-s016-a127-w006	16:127	6	وَلَا	w-s016-a127-w006	16:127:6	one_to_one
t-s016-a127-w007	16:127	7	تَحْزَنْ	w-s016-a127-w007	16:127:7	one_to_one
t-s016-a127-w008	16:127	8	عَلَيْهِمْ	w-s016-a127-w008	16:127:8	one_to_one
t-s016-a127-w009	16:127	9	وَلَا	w-s016-a127-w009	16:127:9	one_to_one
t-s016-a127-w010	16:127	10	تَكُ	w-s016-a127-w010	16:127:10	one_to_one
t-s016-a127-w011	16:127	11	فِى	w-s016-a127-w011	16:127:11	one_to_one
t-s016-a127-w012	16:127	12	ضَيْقٍۢ	w-s016-a127-w012	16:127:12	one_to_one
t-s016-a127-w013	16:127	13	مِّمَّا	w-s016-a127-w013	16:127:13	one_to_one
t-s016-a127-w014	16:127	14	يَمْكُرُونَ	w-s016-a127-w014	16:127:14	one_to_one
t-s016-a128-w001	16:128	1	إِنَّ	w-s016-a128-w001	16:128:1	one_to_one
t-s016-a128-w002	16:128	2	ٱللَّهَ	w-s016-a128-w002	16:128:2	one_to_one
t-s016-a128-w003	16:128	3	مَعَ	w-s016-a128-w003	16:128:3	one_to_one
t-s016-a128-w004	16:128	4	ٱلَّذِينَ	w-s016-a128-w004	16:128:4	one_to_one
t-s016-a128-w005	16:128	5	ٱتَّقَوا۟	w-s016-a128-w005	16:128:5	one_to_one
t-s016-a128-w006	16:128	6	وَّٱلَّذِينَ	w-s016-a128-w006	16:128:6	one_to_one
t-s016-a128-w007	16:128	7	هُم	w-s016-a128-w007	16:128:7	one_to_one
t-s016-a128-w008	16:128	8	مُّحْسِنُونَ	w-s016-a128-w008	16:128:8	one_to_one
