syntax_edge_id	attachment_edge_id	ayah_ref	source_word_id	target_word_id	prep_word_id	source_morpheme_id	target_morpheme_id	prep_morpheme_id	source_qac_ref	target_qac_ref	prep_qac_ref	source_attachment_unit_id	target_attachment_unit_id	prep_attachment_unit_id	source_position	target_position	prep_position	relation	status	confidence	source_part	target_part	source_form_tag	target_form_tag	object_type	prep_base	binding_status	evidence	reason	source_pointer
sx-27_0-00001	ae:v3:s001:001:pass1:attach:a1	27:0	w-s027-a000-w001	w-s027-a000-w001	w-s027-a000-w001	m-w-s027-a000-w001-01	m-w-s027-a000-w001-02	m-w-s027-a000-w001-01	1:1:1:1	1:1:1:2	1:1:1:1	q:1:1:1	q:1:1:2	q:1:1:1	1	2	1	prep_complement	strongly_licensed	high			PREP	NOUN_ABSTRACT		بـ	position_morpheme_aligned	case_government;formulaic_construction	سْمِ is governed by the prefixed بِ in the formula بِسْمِ.	resources/attachments.tsv:2
sx-27_0-00002	ae:v3:s001:001:pass1:attach:a2	27:0	w-s027-a000-w001	w-s027-a000-w002		m-w-s027-a000-w001-02	m-w-s027-a000-w002-01		1:1:1:2	1:1:2:1		q:1:1:2	q:1:1:3		2	3		idafa	syntactically_forced	high			NOUN_ABSTRACT	NOUN_PROP			position_morpheme_aligned	case_government;local_syntax	ٱللَّهِ is the genitive muḍāf ilayhi of سْمِ.	resources/attachments.tsv:3
sx-27_0-00003	ae:v3:s001:001:pass1:attach:a3	27:0	w-s027-a000-w002	w-s027-a000-w003		m-w-s027-a000-w002-01	m-w-s027-a000-w003-02		1:1:2:1	1:1:3:2		q:1:1:3	q:1:1:4		3	4		adjective	strongly_licensed	high			NOUN_PROP	NOUN_PROP			position_morpheme_aligned	agreement;local_syntax	ٱلرَّحْمَٰنِ follows ٱللَّهِ in genitive definiteness as an adjectival divine epithet.	resources/attachments.tsv:4
sx-27_0-00004	ae:v3:s001:001:pass1:attach:a4	27:0	w-s027-a000-w002	w-s027-a000-w003		m-w-s027-a000-w002-01	m-w-s027-a000-w003-02		1:1:2:1	1:1:3:2		q:1:1:3	q:1:1:5		3	5		adjective	strongly_licensed	high			NOUN_PROP	NOUN_PROP			fallback_morpheme_aligned	agreement;local_syntax	ٱلرَّحِيمِ follows ٱللَّهِ in the same genitive adjectival series.	resources/attachments.tsv:5
sx-27_1-00005	ae:v3:s027:001:pass1:attach:a1	27:1	w-s027-a001-w002	w-s027-a001-w003		m-w-s027-a001-w002-01	m-w-s027-a001-w003-01		27:1:2:1	27:1:3:1		q:27:1:2	q:27:1:3		2	3		predication	strongly_licensed	high			DEM_PRON	NOUN_ABSTRACT			position_morpheme_aligned	local_syntax;word_order	ءَايَاتُ is the predicate of the demonstrative تِلْكَ.	resources/attachments.tsv:35966
sx-27_1-00006	ae:v3:s027:001:pass1:attach:a2	27:1	w-s027-a001-w003	w-s027-a001-w004		m-w-s027-a001-w003-01	m-w-s027-a001-w004-02		27:1:3:1	27:1:4:2		q:27:1:3	q:27:1:4		3	4		idafa	syntactically_forced	high			NOUN_ABSTRACT	NOUN_CONCRETE			position_morpheme_aligned	morphology;case_government	ٱلْقُرْءَانِ is the genitive complement of construct ءَايَاتُ.	resources/attachments.tsv:35967
sx-27_1-00007	ae:v3:s027:001:pass1:attach:a3	27:1	w-s027-a001-w004	w-s027-a001-w005		m-w-s027-a001-w004-02	m-w-s027-a001-w005-02		27:1:4:2	27:1:5:2		q:27:1:4	q:27:1:6		4	6		conjoined	strongly_licensed	high			NOUN_CONCRETE	NOUN_CONCRETE			position_morpheme_aligned	parallelism;case_government	كِتَابٍ is coordinated by وَ with ٱلْقُرْءَانِ in the genitive construction.	resources/attachments.tsv:35968
sx-27_1-00008	ae:v3:s027:001:pass1:attach:a4	27:1	w-s027-a001-w005	w-s027-a001-w006		m-w-s027-a001-w005-02	m-w-s027-a001-w006-01		27:1:5:2	27:1:6:1		q:27:1:6	q:27:1:7		6	7		adjective	strongly_licensed	high			NOUN_CONCRETE	NOUN_ACTIVE_PART			position_morpheme_aligned	agreement;case_government	مُّبِينٍ agrees with كِتَابٍ as its adjective.	resources/attachments.tsv:35969
sx-27_2-00009	ae:v3:s027:002:pass1:attach:a1	27:2	w-s027-a002-w001	w-s027-a002-w002		m-w-s027-a002-w001-01	m-w-s027-a002-w002-02		27:2:1:1	27:2:2:2		q:27:2:1	q:27:2:3		1	3		conjoined	strongly_licensed	high			GERUND	NOUN_ABSTRACT			position_morpheme_aligned	parallelism;local_syntax	بُشْرَىٰ is coordinated with هُدًى by وَ.	resources/attachments.tsv:35970
sx-27_2-00010	ae:v3:s027:002:pass1:attach:a2	27:2	w-s027-a002-w001	w-s027-a002-w003	w-s027-a002-w003	m-w-s027-a002-w001-01	m-w-s027-a002-w003-03	m-w-s027-a002-w003-01	27:2:1:1	27:2:3:3	27:2:3:1	q:27:2:1	q:27:2:5	q:27:2:4	1	5	4	prep_complement	strongly_licensed	high			GERUND	NOUN_ACTIVE_PART		لـ	position_morpheme_aligned	case_government;local_syntax	ٱلْمُؤْمِنِينَ is governed by لِ and completes the coordinated هُدًى وَبُشْرَىٰ phrase headed by هُدًى.	resources/attachments.tsv:35971
sx-27_3-00011	ae:v3:s027:003:pass1:attach:a1	27:3	w-s027-a003-w002	w-s027-a003-w001		m-w-s027-a003-w002-01	m-w-s027-a003-w001-01		27:3:2:1	27:3:1:1		q:27:3:2	q:27:3:1		2	1		subject	strongly_licensed	high			IV	REL_PRON			position_morpheme_aligned	agreement;local_syntax	ٱلَّذِينَ supplies the subject reference for يُقِيمُونَ.	resources/attachments.tsv:35972
sx-27_3-00012	ae:v3:s027:003:pass1:attach:a2	27:3	w-s027-a003-w002	w-s027-a003-w003		m-w-s027-a003-w002-01	m-w-s027-a003-w003-02		27:3:2:1	27:3:3:2		q:27:3:2	q:27:3:3		2	3		direct_object	syntactically_forced	high			IV	GERUND	explicit		position_morpheme_aligned	case_government;local_syntax	ٱلصَّلَوٰةَ is the accusative object of يُقِيمُونَ.	resources/attachments.tsv:35973
sx-27_3-00013	ae:v3:s027:003:pass1:attach:a3	27:3	w-s027-a003-w002	w-s027-a003-w004		m-w-s027-a003-w002-01	m-w-s027-a003-w004-02		27:3:2:1	27:3:4:2		q:27:3:2	q:27:3:5		2	5		conjoined	strongly_licensed	high			IV	IV			position_morpheme_aligned	parallelism;local_syntax	يُؤْتُونَ is coordinated with يُقِيمُونَ by وَ.	resources/attachments.tsv:35974
sx-27_3-00014	ae:v3:s027:003:pass1:attach:a4	27:3	w-s027-a003-w004	w-s027-a003-w005		m-w-s027-a003-w004-02	m-w-s027-a003-w005-02		27:3:4:2	27:3:5:2		q:27:3:5	q:27:3:6		5	6		direct_object	syntactically_forced	high			IV	NOUN_ABSTRACT	explicit		position_morpheme_aligned	case_government;local_syntax	ٱلزَّكَوٰةَ is the accusative object of يُؤْتُونَ.	resources/attachments.tsv:35975
sx-27_3-00015	ae:v3:s027:003:pass1:attach:a5	27:3	w-s027-a003-w009	w-s027-a003-w007	w-s027-a003-w007	m-w-s027-a003-w009-01	m-w-s027-a003-w007-03	m-w-s027-a003-w007-01	27:3:9:1	27:3:7:3	27:3:7:1	q:27:3:12	q:27:3:10	q:27:3:9	12	10	9	prep_complement	syntactically_forced	high			IV	NOUN_ABSTRACT		بـ	position_morpheme_aligned	case_government;local_syntax	ٱلْءَاخِرَةِ is governed by بِ as the complement of يُوقِنُونَ.	resources/attachments.tsv:35976
sx-27_3-00016	ae:v3:s027:003:pass1:attach:a6	27:3	w-s027-a003-w006	w-s027-a003-w009		m-w-s027-a003-w006-02	m-w-s027-a003-w009-01		27:3:6:2	27:3:9:1		q:27:3:8	q:27:3:12		8	12		predication	strongly_licensed	high			PRON	IV			position_morpheme_aligned	local_syntax;word_order	يُوقِنُونَ is the predicate of هُمْ in the nominal clause.	resources/attachments.tsv:35977
sx-27_3-00017	ae:v3:s027:003:pass1:attach:a7	27:3	w-s027-a003-w006	w-s027-a003-w008		m-w-s027-a003-w006-02	m-w-s027-a003-w008-01		27:3:6:2	27:3:8:1		q:27:3:8	q:27:3:11		8	11		apposition	strongly_licensed	high			PRON	PRON			position_morpheme_aligned	local_syntax	هُمْ after بِٱلْءَاخِرَةِ resumes and emphasizes the subject هُمْ before يُوقِنُونَ.	resources/attachments.tsv:35978
sx-27_4-00018	ae:v3:s027:004:pass1:attach:a1	27:4	w-s027-a004-w001	w-s027-a004-w002		m-w-s027-a004-w001-01	m-w-s027-a004-w002-01		27:4:1:1	27:4:2:1		q:27:4:1	q:27:4:2		1	2		particle_complement	syntactically_forced	high			ANNUL_PART	REL_PRON			position_morpheme_aligned	local_syntax;case_government	ٱلَّذِينَ is the governed noun of إِنَّ.	resources/attachments.tsv:35979
sx-27_4-00019	ae:v3:s027:004:pass1:attach:a2	27:4	w-s027-a004-w004	w-s027-a004-w002		m-w-s027-a004-w004-01	m-w-s027-a004-w002-01		27:4:4:1	27:4:2:1		q:27:4:4	q:27:4:2		4	2		subject	strongly_licensed	high			IV	REL_PRON			position_morpheme_aligned	agreement;local_syntax	ٱلَّذِينَ supplies the subject of the relative verb يُؤْمِنُونَ.	resources/attachments.tsv:35980
sx-27_4-00020	ae:v3:s027:004:pass1:attach:a3	27:4	w-s027-a004-w004	w-s027-a004-w005	w-s027-a004-w005	m-w-s027-a004-w004-01	m-w-s027-a004-w005-03	m-w-s027-a004-w005-01	27:4:4:1	27:4:5:3	27:4:5:1	q:27:4:4	q:27:4:6	q:27:4:5	4	6	5	prep_complement	syntactically_forced	high			IV	NOUN_ABSTRACT		بـ	position_morpheme_aligned	case_government;local_syntax	ٱلْءَاخِرَةِ is governed by بِ as the complement of يُؤْمِنُونَ.	resources/attachments.tsv:35981
sx-27_4-00021	ae:v3:s027:004:pass1:attach:a4	27:4	w-s027-a004-w001	w-s027-a004-w006		m-w-s027-a004-w001-01	m-w-s027-a004-w006-01		27:4:1:1	27:4:6:1		q:27:4:1	q:27:4:7		1	7		predication	strongly_licensed	high			ANNUL_PART	PV			position_morpheme_aligned	local_syntax	زَيَّنَّا begins the predicate of إِنَّ after its relative subject.	resources/attachments.tsv:35982
sx-27_4-00022	ae:v3:s027:004:pass1:attach:a5	27:4	w-s027-a004-w006	w-s027-a004-w007	w-s027-a004-w007	m-w-s027-a004-w006-01	m-w-s027-a004-w007-02	m-w-s027-a004-w007-01	27:4:6:1	27:4:7:2	27:4:7:1	q:27:4:7	q:27:4:9	q:27:4:8	7	9	8	prep_complement	strongly_licensed	high			PV	PRON		لـ	position_morpheme_aligned	case_government;local_syntax	هُمْ is governed by لَ as the beneficiary complement of زَيَّنَّا.	resources/attachments.tsv:35983
sx-27_4-00023	ae:v3:s027:004:pass1:attach:a6	27:4	w-s027-a004-w006	w-s027-a004-w008		m-w-s027-a004-w006-01	m-w-s027-a004-w008-01		27:4:6:1	27:4:8:1		q:27:4:7	q:27:4:10		7	10		direct_object	syntactically_forced	high			PV	NOUN_ABSTRACT	explicit		position_morpheme_aligned	case_government;local_syntax	أَعْمَٰلَهُمْ is the accusative object of زَيَّنَّا.	resources/attachments.tsv:35984
sx-27_4-00024	ae:v3:s027:004:pass1:attach:a7	27:4	w-s027-a004-w009	w-s027-a004-w010		m-w-s027-a004-w009-02	m-w-s027-a004-w010-01		27:4:9:2	27:4:10:1		q:27:4:12	q:27:4:13		12	13		predication	strongly_licensed	high			PRON	IV			position_morpheme_aligned	local_syntax;word_order	يَعْمَهُونَ is the predicate of هُمْ in فَهُمْ يَعْمَهُونَ.	resources/attachments.tsv:35985
sx-27_5-00025	ae:v3:s027:005:pass1:attach:a1	27:5	w-s027-a005-w001	w-s027-a005-w002		m-w-s027-a005-w001-01	m-w-s027-a005-w002-01		27:5:1:1	27:5:2:1		q:27:5:1	q:27:5:2		1	2		predication	strongly_licensed	high			DEM_PRON_MP	REL_PRON			position_morpheme_aligned	local_syntax;word_order	ٱلَّذِينَ is the predicate of أُو۟لَٰئِكَ.	resources/attachments.tsv:35986
sx-27_5-00026	ae:v3:s027:005:pass1:attach:a2	27:5	w-s027-a005-w004	w-s027-a005-w003	w-s027-a005-w002	m-w-s027-a005-w004-01	m-w-s027-a005-w003-02	m-w-s027-a005-w002-01	27:5:4:1	27:5:3:2	27:5:2:1	q:27:5:5	q:27:5:4	q:27:5:3	5	4	3	prep_complement	syntactically_forced	high			GERUND	PRON		لـ	fallback_morpheme_aligned	case_government;local_syntax	هُمْ is governed by لَ in the fronted predicate لَهُمْ for سُوٓءُ.	resources/attachments.tsv:35987
sx-27_5-00027	ae:v3:s027:005:pass1:attach:a3	27:5	w-s027-a005-w004	w-s027-a005-w003		m-w-s027-a005-w004-01	m-w-s027-a005-w003-02		27:5:4:1	27:5:3:2		q:27:5:5	q:27:5:4		5	4		predication	strongly_licensed	high			GERUND	PRON			position_morpheme_aligned	local_syntax;word_order	لَهُمْ is the fronted predicate of سُوٓءُ ٱلْعَذَابِ.	resources/attachments.tsv:35988
sx-27_5-00028	ae:v3:s027:005:pass1:attach:a4	27:5	w-s027-a005-w004	w-s027-a005-w005		m-w-s027-a005-w004-01	m-w-s027-a005-w005-02		27:5:4:1	27:5:5:2		q:27:5:5	q:27:5:6		5	6		idafa	syntactically_forced	high			GERUND	GERUND			position_morpheme_aligned	morphology;case_government	ٱلْعَذَابِ is the genitive complement of construct سُوٓءُ.	resources/attachments.tsv:35989
sx-27_5-00029	ae:v3:s027:005:pass1:attach:a5	27:5	w-s027-a005-w010	w-s027-a005-w008	w-s027-a005-w007	m-w-s027-a005-w010-02	m-w-s027-a005-w008-02	m-w-s027-a005-w007-01	27:5:10:2	27:5:8:2	27:5:7:1	q:27:5:12	q:27:5:10	q:27:5:9	12	10	9	prep_complement	syntactically_forced	high			ADJ_COMP	NOUN_ACTIVE_PART		فِي	position_morpheme_aligned	case_government;local_syntax	ٱلْءَاخِرَةِ is governed by فِى and locates the predicate ٱلْأَخْسَرُونَ.	resources/attachments.tsv:35990
sx-27_5-00030	ae:v3:s027:005:pass1:attach:a6	27:5	w-s027-a005-w006	w-s027-a005-w010		m-w-s027-a005-w006-02	m-w-s027-a005-w010-02		27:5:6:2	27:5:10:2		q:27:5:8	q:27:5:12		8	12		predication	strongly_licensed	high			PRON	ADJ_COMP			position_morpheme_aligned	local_syntax;word_order	ٱلْأَخْسَرُونَ is the predicate of هُمْ.	resources/attachments.tsv:35991
sx-27_5-00031	ae:v3:s027:005:pass1:attach:a7	27:5	w-s027-a005-w006	w-s027-a005-w009		m-w-s027-a005-w006-02	m-w-s027-a005-w009-01		27:5:6:2	27:5:9:1		q:27:5:8	q:27:5:11		8	11		apposition	strongly_licensed	high			PRON	PRON			position_morpheme_aligned	local_syntax	هُمُ functions as a separating and emphatic pronoun referring back to هُمْ.	resources/attachments.tsv:35992
sx-27_6-00032	ae:v3:s027:006:pass1:attach:a1	27:6	w-s027-a006-w002	w-s027-a006-w003		m-w-s027-a006-w002-02	m-w-s027-a006-w003-02		27:6:2:2	27:6:3:2		q:27:6:4	q:27:6:5		4	5		direct_object	syntactically_forced	high			IV_PASS	NOUN_CONCRETE	explicit		position_morpheme_aligned	case_government;local_syntax	ٱلْقُرْءَانَ is the retained accusative object of passive تُلَقَّى.	resources/attachments.tsv:35993
sx-27_6-00033	ae:v3:s027:006:pass1:attach:a2	27:6	w-s027-a006-w002	w-s027-a006-w005	w-s027-a006-w004	m-w-s027-a006-w002-02	m-w-s027-a006-w005-01	m-w-s027-a006-w004-01	27:6:2:2	27:6:5:1	27:6:4:1	q:27:6:4	q:27:6:7	q:27:6:6	4	7	6	prep_complement	syntactically_forced	high			IV_PASS	ADJ_QUALIT		مِن	position_morpheme_aligned	case_government;local_syntax	لَّدُنْ is governed by مِن as the source complement of تُلَقَّى.	resources/attachments.tsv:35994
sx-27_6-00034	ae:v3:s027:006:pass1:attach:a3	27:6	w-s027-a006-w005	w-s027-a006-w006		m-w-s027-a006-w005-01	m-w-s027-a006-w006-01		27:6:5:1	27:6:6:1		q:27:6:7	q:27:6:8		7	8		idafa	syntactically_forced	high			ADJ_QUALIT	ADJ_QUALIT			position_morpheme_aligned	morphology;case_government	حَكِيمٍ is the genitive complement of لَّدُنْ.	resources/attachments.tsv:35995
sx-27_6-00035	ae:v3:s027:006:pass1:attach:a4	27:6	w-s027-a006-w006	w-s027-a006-w007		m-w-s027-a006-w006-01	m-w-s027-a006-w007-01		27:6:6:1	27:6:7:1		q:27:6:8	q:27:6:9		8	9		adjective	strongly_licensed	high			ADJ_QUALIT	ADJ_QUALIT			position_morpheme_aligned	agreement;case_government	عَلِيمٍ agrees with حَكِيمٍ as an adjective.	resources/attachments.tsv:35996
sx-27_7-00036	ae:v3:s027:007:pass1:attach:a1	27:7	w-s027-a007-w002	w-s027-a007-w003		m-w-s027-a007-w002-01	m-w-s027-a007-w003-01		27:7:2:1	27:7:3:1		q:27:7:2	q:27:7:3		2	3		subject	syntactically_forced	high			PV	NOUN_PROP_FOREIGN			position_morpheme_aligned	word_order;local_syntax	مُوسَىٰ is the explicit subject of قَالَ.	resources/attachments.tsv:35997
sx-27_7-00037	ae:v3:s027:007:pass1:attach:a2	27:7	w-s027-a007-w002	w-s027-a007-w004	w-s027-a007-w004	m-w-s027-a007-w002-01	m-w-s027-a007-w004-02	m-w-s027-a007-w004-01	27:7:2:1	27:7:4:2	27:7:4:1	q:27:7:2	q:27:7:5	q:27:7:4	2	5	4	prep_complement	syntactically_forced	high			PV	NOUN_CONCRETE		لـ	position_morpheme_aligned	case_government;local_syntax	أَهْلِهِ is governed by لِ as the addressee complement of قَالَ.	resources/attachments.tsv:35998
sx-27_7-00038	ae:v3:s027:007:pass1:attach:a3	27:7	w-s027-a007-w002	w-s027-a007-w005		m-w-s027-a007-w002-01	m-w-s027-a007-w005-01		27:7:2:1	27:7:5:1		q:27:7:2	q:27:7:6		2	6		quoted_complement	syntactically_forced	high			PV	ANNUL_PART			position_morpheme_aligned	local_syntax	The full utterance إِنِّى … تَصْطَلُونَ is the quoted content of قَالَ, excluding لِأَهْلِهِ.	resources/attachments.tsv:35999
sx-27_7-00039	ae:v3:s027:007:pass1:attach:a4	27:7	w-s027-a007-w005	w-s027-a007-w005		m-w-s027-a007-w005-01	m-w-s027-a007-w005-02		27:7:5:1	27:7:5:2		q:27:7:6	q:27:7:6		6	6		particle_complement	syntactically_forced	high	particle_segment	pronoun_suffix					position_morpheme_aligned	local_syntax;case_government	The ياء in إِنِّى is the governed noun of إِنَّ.	resources/attachments.tsv:36000
sx-27_7-00040	ae:v3:s027:007:pass1:attach:a5	27:7	w-s027-a007-w005	w-s027-a007-w006		m-w-s027-a007-w005-01	m-w-s027-a007-w006-01		27:7:5:1	27:7:6:1		q:27:7:6	q:27:7:7		6	7		predication	strongly_licensed	high			ANNUL_PART	PV			position_morpheme_aligned	local_syntax	ءَانَسْتُ is the predicate of إِنِّى.	resources/attachments.tsv:36001
sx-27_7-00041	ae:v3:s027:007:pass1:attach:a6	27:7	w-s027-a007-w006	w-s027-a007-w007		m-w-s027-a007-w006-01	m-w-s027-a007-w007-01		27:7:6:1	27:7:7:1		q:27:7:7	q:27:7:8		7	8		direct_object	syntactically_forced	high			PV	NOUN_CONCRETE	explicit		position_morpheme_aligned	case_government;local_syntax	نَارًا is the accusative object of ءَانَسْتُ.	resources/attachments.tsv:36002
sx-27_7-00042	ae:v3:s027:007:pass1:attach:a7	27:7	w-s027-a007-w008	w-s027-a007-w008		m-w-s027-a007-w008-02	m-w-s027-a007-w008-03		27:7:8:2	27:7:8:3		q:27:7:9	q:27:7:9		9	9		direct_object	syntactically_forced	high		object_suffix	PV		clitic		position_morpheme_aligned	morphology;local_syntax	The suffix كُم in سَـَٔاتِيكُم is the object pronoun of the verb.	resources/attachments.tsv:36003
sx-27_7-00043	ae:v3:s027:007:pass1:attach:a8	27:7	w-s027-a007-w008	w-s027-a007-w009	w-s027-a007-w009	m-w-s027-a007-w008-02	m-w-s027-a007-w009-02	m-w-s027-a007-w009-01	27:7:8:2	27:7:9:2	27:7:9:1	q:27:7:9	q:27:7:10	q:27:7:10	9	10	10	prep_complement	syntactically_forced	high		pronoun_suffix	PV			مِن	fallback_morpheme_aligned	case_government;local_syntax	The هَا in مِنْهَا is governed by مِنْ as the source complement of سَـَٔاتِيكُم.	resources/attachments.tsv:36004
sx-27_7-00044	ae:v3:s027:007:pass1:attach:a9	27:7	w-s027-a007-w008	w-s027-a007-w010	w-s027-a007-w010	m-w-s027-a007-w008-02	m-w-s027-a007-w010-02	m-w-s027-a007-w010-01	27:7:8:2	27:7:10:2	27:7:10:1	q:27:7:9	q:27:7:12	q:27:7:11	9	12	11	prep_complement	syntactically_forced	high			PV	NOUN_ABSTRACT		بـ	fallback_morpheme_aligned	case_government;local_syntax	خَبَرٍ is governed by بِ as the thing brought with سَـَٔاتِيكُم.	resources/attachments.tsv:36005
sx-27_7-00045	ae:v3:s027:007:pass1:attach:a10	27:7	w-s027-a007-w008	w-s027-a007-w012		m-w-s027-a007-w008-02	m-w-s027-a007-w012-01		27:7:8:2	27:7:12:1		q:27:7:9	q:27:7:14		9	14		conjoined	strongly_licensed	high			PV	IV			fallback_morpheme_aligned	parallelism;local_syntax	ءَاتِيكُم is coordinated by أَوْ with سَـَٔاتِيكُم.	resources/attachments.tsv:36006
sx-27_7-00046	ae:v3:s027:007:pass1:attach:a11	27:7	w-s027-a007-w012	w-s027-a007-w012		m-w-s027-a007-w012-01	m-w-s027-a007-w012-02		27:7:12:1	27:7:12:2		q:27:7:14	q:27:7:14		14	14		direct_object	syntactically_forced	high		object_suffix	IV		clitic		fallback_morpheme_aligned	morphology;local_syntax	The suffix كُم in ءَاتِيكُم is the object pronoun of the verb.	resources/attachments.tsv:36007
sx-27_7-00047	ae:v3:s027:007:pass1:attach:a12	27:7	w-s027-a007-w012	w-s027-a007-w013	w-s027-a007-w013	m-w-s027-a007-w012-01	m-w-s027-a007-w013-02	m-w-s027-a007-w013-01	27:7:12:1	27:7:13:2	27:7:13:1	q:27:7:14	q:27:7:16	q:27:7:15	14	16	15	prep_complement	syntactically_forced	high			IV	NOUN_CONCRETE		بـ	fallback_morpheme_aligned	case_government;local_syntax	شِهَابٍ is governed by بِ as the thing brought with ءَاتِيكُم.	resources/attachments.tsv:36008
sx-27_7-00048	ae:v3:s027:007:pass1:attach:a13	27:7	w-s027-a007-w013	w-s027-a007-w014		m-w-s027-a007-w013-02	m-w-s027-a007-w014-01		27:7:13:2	27:7:14:1		q:27:7:16	q:27:7:17		16	17		apposition	strongly_licensed	high			NOUN_CONCRETE	NOUN_CONCRETE			fallback_morpheme_aligned	case_government;local_syntax	قَبَسٍ stands in apposition to شِهَابٍ with matching genitive indefiniteness.	resources/attachments.tsv:36009
sx-27_7-00049	ae:v3:s027:007:pass1:attach:a14	27:7	w-s027-a007-w015	w-s027-a007-w015		m-w-s027-a007-w015-01	m-w-s027-a007-w015-02		27:7:15:1	27:7:15:2		q:27:7:18	q:27:7:18		18	18		particle_complement	syntactically_forced	high	particle_segment	pronoun_suffix					fallback_morpheme_aligned	local_syntax;case_government	The كُم in لَعَلَّكُمْ is the governed noun of لَعَلَّ.	resources/attachments.tsv:36010
sx-27_7-00050	ae:v3:s027:007:pass1:attach:a15	27:7	w-s027-a007-w015	w-s027-a007-w016		m-w-s027-a007-w015-01	m-w-s027-a007-w016-01		27:7:15:1	27:7:16:1		q:27:7:18	q:27:7:19		18	19		predication	strongly_licensed	high			ANNUL_PART	IV			fallback_morpheme_aligned	local_syntax	تَصْطَلُونَ is the predicate of لَعَلَّكُمْ.	resources/attachments.tsv:36011
sx-27_8-00051	ae:v3:s027:008:pass1:attach:a1	27:8	w-s027-a008-w002	w-s027-a008-w002		m-w-s027-a008-w002-01	m-w-s027-a008-w002-02		27:8:2:1	27:8:2:2		q:27:8:3	q:27:8:3		3	3		direct_object	syntactically_forced	high		object_suffix	PV		clitic		position_morpheme_aligned	morphology;local_syntax	The suffix هَا in جَآءَهَا is the object-like directional complement of جَآءَ.	resources/attachments.tsv:36012
sx-27_8-00052	ae:v3:s027:008:pass1:attach:a2	27:8	w-s027-a008-w003	w-s027-a008-w004		m-w-s027-a008-w003-01	m-w-s027-a008-w004-01		27:8:3:1	27:8:4:1		q:27:8:4	q:27:8:5		4	5		clausal_complement	syntactically_forced	high			PV_PASS	SUBJUNC_PART			position_morpheme_aligned	local_syntax	أَن بُورِكَ … رَبِّ ٱلْعَٰلَمِينَ is the marked content of the passive call نُودِيَ.	resources/attachments.tsv:36013
sx-27_8-00053	ae:v3:s027:008:pass1:attach:a3	27:8	w-s027-a008-w005	w-s027-a008-w006		m-w-s027-a008-w005-01	m-w-s027-a008-w006-01		27:8:5:1	27:8:6:1		q:27:8:6	q:27:8:7		6	7		subject	syntactically_forced	high			PV_PASS	REL_PRON			position_morpheme_aligned	local_syntax;word_order	مَن is the passive subject of بُورِكَ.	resources/attachments.tsv:36014
sx-27_8-00054	ae:v3:s027:008:pass1:attach:a4	27:8	w-s027-a008-w006	w-s027-a008-w008	w-s027-a008-w007	m-w-s027-a008-w006-01	m-w-s027-a008-w008-02	m-w-s027-a008-w007-01	27:8:6:1	27:8:8:2	27:8:7:1	q:27:8:7	q:27:8:9	q:27:8:8	7	9	8	prep_complement	syntactically_forced	high			REL_PRON	NOUN_CONCRETE		فِي	position_morpheme_aligned	case_government;local_syntax	ٱلنَّارِ is governed by فِى in the relative phrase مَن فِى ٱلنَّارِ.	resources/attachments.tsv:36015
sx-27_8-00055	ae:v3:s027:008:pass1:attach:a5	27:8	w-s027-a008-w006	w-s027-a008-w008		m-w-s027-a008-w006-01	m-w-s027-a008-w008-02		27:8:6:1	27:8:8:2		q:27:8:7	q:27:8:9		7	9		predication	strongly_licensed	high			REL_PRON	NOUN_CONCRETE			position_morpheme_aligned	local_syntax	فِى ٱلنَّارِ predicates the location of مَن.	resources/attachments.tsv:36016
sx-27_8-00056	ae:v3:s027:008:pass1:attach:a6	27:8	w-s027-a008-w006	w-s027-a008-w009		m-w-s027-a008-w006-01	m-w-s027-a008-w009-02		27:8:6:1	27:8:9:2		q:27:8:7	q:27:8:11		7	11		conjoined	strongly_licensed	high			REL_PRON	PREP			position_morpheme_aligned	parallelism;local_syntax	مَنْ is coordinated with the first مَن by وَ.	resources/attachments.tsv:36017
sx-27_8-00057	ae:v3:s027:008:pass1:attach:a7	27:8	w-s027-a008-w009	w-s027-a008-w010		m-w-s027-a008-w009-02	m-w-s027-a008-w010-01		27:8:9:2	27:8:10:1		q:27:8:11	q:27:8:12		11	12		adverbial	strongly_licensed	high			PREP	ADV			position_morpheme_aligned	local_syntax	حَوْلَهَا gives the place relation for the second مَنْ.	resources/attachments.tsv:36018
sx-27_8-00058	ae:v3:s027:008:pass1:attach:a8	27:8	w-s027-a008-w011	w-s027-a008-w012		m-w-s027-a008-w011-02	m-w-s027-a008-w012-01		27:8:11:2	27:8:12:1		q:27:8:14	q:27:8:15		14	15		idafa	syntactically_forced	high			GERUND	NOUN_PROP			position_morpheme_aligned	morphology;case_government	ٱللَّهِ is the genitive complement of سُبْحَٰنَ.	resources/attachments.tsv:36019
sx-27_8-00059	ae:v3:s027:008:pass1:attach:a9	27:8	w-s027-a008-w012	w-s027-a008-w013		m-w-s027-a008-w012-01	m-w-s027-a008-w013-01		27:8:12:1	27:8:13:1		q:27:8:15	q:27:8:16		15	16		apposition	strongly_licensed	high			NOUN_PROP	NOUN_CONCRETE			position_morpheme_aligned	case_government;local_syntax	رَبِّ stands in apposition to ٱللَّهِ while governing ٱلْعَٰلَمِينَ.	resources/attachments.tsv:36020
sx-27_8-00060	ae:v3:s027:008:pass1:attach:a10	27:8	w-s027-a008-w013	w-s027-a008-w014		m-w-s027-a008-w013-01	m-w-s027-a008-w014-02		27:8:13:1	27:8:14:2		q:27:8:16	q:27:8:17		16	17		idafa	syntactically_forced	high			NOUN_CONCRETE	NOUN_ABSTRACT			position_morpheme_aligned	morphology;case_government	ٱلْعَٰلَمِينَ is the genitive complement of construct رَبِّ.	resources/attachments.tsv:36021
sx-27_9-00061	ae:v3:s027:009:pass1:attach:a1	27:9	w-s027-a009-w001	w-s027-a009-w001		m-w-s027-a009-w001-02	m-w-s027-a009-w001-02		27:9:1:2	27:9:1:2		q:27:9:1	q:27:9:2		1	2		vocative	syntactically_forced	high			VOC_PART	NOUN_PROP_FOREIGN			position_morpheme_aligned	local_syntax	مُوسَىٰ is directly called by the vocative particle يَا.	resources/attachments.tsv:36022
sx-27_9-00062	ae:v3:s027:009:pass1:attach:a2	27:9	w-s027-a009-w002	w-s027-a009-w002		m-w-s027-a009-w002-01	m-w-s027-a009-w002-02		27:9:2:1	27:9:2:2		q:27:9:3	q:27:9:3		3	3		particle_complement	syntactically_forced	high	particle_segment	pronoun_suffix					position_morpheme_aligned	local_syntax;case_government	The هاء of إِنَّهُ is the governed pronoun of إِنَّ.	resources/attachments.tsv:36023
sx-27_9-00063	ae:v3:s027:009:pass1:attach:a3	27:9	w-s027-a009-w002	w-s027-a009-w003		m-w-s027-a009-w002-01	m-w-s027-a009-w003-01		27:9:2:1	27:9:3:1		q:27:9:3	q:27:9:4		3	4		predication	strongly_licensed	high			ANNUL_PART	PRON_1S			position_morpheme_aligned	local_syntax	أَنَا begins the predicate declaration governed by إِنَّهُ.	resources/attachments.tsv:36024
sx-27_9-00064	ae:v3:s027:009:pass1:attach:a4	27:9	w-s027-a009-w003	w-s027-a009-w004		m-w-s027-a009-w003-01	m-w-s027-a009-w004-01		27:9:3:1	27:9:4:1		q:27:9:4	q:27:9:5		4	5		predication	strongly_licensed	high			PRON_1S	NOUN_PROP			position_morpheme_aligned	local_syntax;word_order	ٱللَّهُ is the predicate of أَنَا.	resources/attachments.tsv:36025
sx-27_9-00065	ae:v3:s027:009:pass1:attach:a5	27:9	w-s027-a009-w004	w-s027-a009-w005		m-w-s027-a009-w004-01	m-w-s027-a009-w005-02		27:9:4:1	27:9:5:2		q:27:9:5	q:27:9:6		5	6		adjective	strongly_licensed	high			NOUN_PROP	NOUN_PROP			position_morpheme_aligned	agreement;local_syntax	ٱلْعَزِيزُ modifies ٱللَّهُ as a definite nominative attribute.	resources/attachments.tsv:36026
sx-27_9-00066	ae:v3:s027:009:pass1:attach:a6	27:9	w-s027-a009-w004	w-s027-a009-w006		m-w-s027-a009-w004-01	m-w-s027-a009-w006-02		27:9:4:1	27:9:6:2		q:27:9:5	q:27:9:7		5	7		adjective	strongly_licensed	high			NOUN_PROP	NOUN_PROP			position_morpheme_aligned	agreement;local_syntax	ٱلْحَكِيمُ modifies ٱللَّهُ as a definite nominative attribute.	resources/attachments.tsv:36027
sx-27_10-00067	ae:v3:s027:010:pass1:attach:a1	27:10	w-s027-a010-w001	w-s027-a010-w002		m-w-s027-a010-w001-02	m-w-s027-a010-w002-01		27:10:1:2	27:10:2:1		q:27:10:2	q:27:10:3		2	3		direct_object	syntactically_forced	high			CV	NOUN_CONCRETE	explicit		position_morpheme_aligned	case_government;local_syntax	عَصَاكَ is the object of the imperative أَلْقِ.	resources/attachments.tsv:36028
sx-27_10-00068	ae:v3:s027:010:pass1:attach:a2	27:10	w-s027-a010-w004	w-s027-a010-w004		m-w-s027-a010-w004-01	m-w-s027-a010-w004-02		27:10:4:1	27:10:4:2		q:27:10:6	q:27:10:6		6	6		direct_object	syntactically_forced	high		object_suffix	PV		clitic		position_morpheme_aligned	morphology;local_syntax	The suffix هَا in رَءَاهَا is the object pronoun of رَءَا.	resources/attachments.tsv:36029
sx-27_10-00069	ae:v3:s027:010:pass1:attach:a3	27:10	w-s027-a010-w004	w-s027-a010-w005		m-w-s027-a010-w004-01	m-w-s027-a010-w005-01		27:10:4:1	27:10:5:1		q:27:10:6	q:27:10:7		6	7		circumstantial	strongly_licensed	high			PV	IV			position_morpheme_aligned	local_syntax	تَهْتَزُّ كَأَنَّهَا جَآنٌّ gives the state in which he saw هَا.	resources/attachments.tsv:36030
sx-27_10-00070	ae:v3:s027:010:pass1:attach:a4	27:10	w-s027-a010-w006	w-s027-a010-w006		m-w-s027-a010-w006-01	m-w-s027-a010-w006-02		27:10:6:1	27:10:6:2		q:27:10:8	q:27:10:8		8	8		particle_complement	syntactically_forced	high	particle_segment	pronoun_suffix					position_morpheme_aligned	local_syntax;case_government	The هَا in كَأَنَّهَا is the governed noun of كَأَنَّ.	resources/attachments.tsv:36031
sx-27_10-00071	ae:v3:s027:010:pass1:attach:a5	27:10	w-s027-a010-w006	w-s027-a010-w007		m-w-s027-a010-w006-01	m-w-s027-a010-w007-01		27:10:6:1	27:10:7:1		q:27:10:8	q:27:10:9		8	9		predication	strongly_licensed	high			ANNUL_PART	NOUN_CONCRETE			position_morpheme_aligned	local_syntax	جَآنٌّ is the predicate of كَأَنَّهَا.	resources/attachments.tsv:36032
sx-27_10-00072	ae:v3:s027:010:pass1:attach:a6	27:10	w-s027-a010-w008	w-s027-a010-w009		m-w-s027-a010-w008-01	m-w-s027-a010-w009-01		27:10:8:1	27:10:9:1		q:27:10:10	q:27:10:11		10	11		circumstantial	strongly_licensed	high			PV	NOUN_ACTIVE_PART			position_morpheme_aligned	case_government;local_syntax	مُدْبِرًا is the accusative ḥāl describing the subject of وَلَّىٰ.	resources/attachments.tsv:36033
sx-27_10-00073	ae:v3:s027:010:pass1:attach:a7	27:10	w-s027-a010-w008	w-s027-a010-w011		m-w-s027-a010-w008-01	m-w-s027-a010-w011-01		27:10:8:1	27:10:11:1		q:27:10:10	q:27:10:14		10	14		conjoined	strongly_licensed	high			PV	IV			position_morpheme_aligned	parallelism;local_syntax	يُعَقِّبْ is coordinated with وَلَّىٰ under the negated continuation وَلَمْ.	resources/attachments.tsv:36034
sx-27_10-00074	ae:v3:s027:010:pass1:attach:a8	27:10	w-s027-a010-w012	w-s027-a010-w012		m-w-s027-a010-w012-02	m-w-s027-a010-w012-02		27:10:12:2	27:10:12:2		q:27:10:15	q:27:10:16		15	16		vocative	syntactically_forced	high			VOC_PART	NOUN_PROP_FOREIGN			position_morpheme_aligned	local_syntax	مُوسَىٰ is directly called by the vocative particle يَا.	resources/attachments.tsv:36035
sx-27_10-00075	ae:v3:s027:010:pass1:attach:a9	27:10	w-s027-a010-w015	w-s027-a010-w015		m-w-s027-a010-w015-01	m-w-s027-a010-w015-02		27:10:15:1	27:10:15:2		q:27:10:19	q:27:10:19		19	19		particle_complement	syntactically_forced	high	particle_segment	pronoun_suffix					position_morpheme_aligned	local_syntax;case_government	The ياء in إِنِّى is the governed noun of إِنَّ.	resources/attachments.tsv:36036
sx-27_10-00076	ae:v3:s027:010:pass1:attach:a10	27:10	w-s027-a010-w015	w-s027-a010-w017		m-w-s027-a010-w015-01	m-w-s027-a010-w017-01		27:10:15:1	27:10:17:1		q:27:10:19	q:27:10:21		19	21		predication	strongly_licensed	high			ANNUL_PART	IV			position_morpheme_aligned	local_syntax	لَا يَخَافُ begins the predicate of إِنِّى.	resources/attachments.tsv:36037
sx-27_10-00077	ae:v3:s027:010:pass1:attach:a11	27:10	w-s027-a010-w017	w-s027-a010-w018		m-w-s027-a010-w017-01	m-w-s027-a010-w018-01		27:10:17:1	27:10:18:1		q:27:10:21	q:27:10:22		21	22		adverbial	strongly_licensed	high			IV	ADV			position_morpheme_aligned	local_syntax	لَدَىَّ gives the place or presence relation for يَخَافُ.	resources/attachments.tsv:36038
sx-27_10-00078	ae:v3:s027:010:pass1:attach:a12	27:10	w-s027-a010-w017	w-s027-a010-w019		m-w-s027-a010-w017-01	m-w-s027-a010-w019-02		27:10:17:1	27:10:19:2		q:27:10:21	q:27:10:23		21	23		subject	syntactically_forced	high			IV	NOUN_PASSIVE_PART			position_morpheme_aligned	agreement;word_order	ٱلْمُرْسَلُونَ is the explicit nominative subject of يَخَافُ.	resources/attachments.tsv:36039
sx-27_11-00079	ae:v3:s027:011:pass1:attach:a1	27:11	w-s027-a011-w001	w-s027-a011-w002		m-w-s027-a011-w001-01	m-w-s027-a011-w002-01		27:11:1:1	27:11:2:1		q:27:11:1	q:27:11:2		1	2		exception	syntactically_forced	high			EXCEPT_PART	REL_PRON			position_morpheme_aligned	local_syntax	مَن ظَلَمَ ثُمَّ بَدَّلَ is the overt exception introduced by إِلَّا.	resources/attachments.tsv:36040
sx-27_11-00080	ae:v3:s027:011:pass1:attach:a2	27:11	w-s027-a011-w003	w-s027-a011-w002		m-w-s027-a011-w003-01	m-w-s027-a011-w002-01		27:11:3:1	27:11:2:1		q:27:11:3	q:27:11:2		3	2		subject	syntactically_forced	high			PV	REL_PRON			position_morpheme_aligned	word_order;local_syntax	مَن is the subject of ظَلَمَ.	resources/attachments.tsv:36041
sx-27_11-00081	ae:v3:s027:011:pass1:attach:a3	27:11	w-s027-a011-w003	w-s027-a011-w005		m-w-s027-a011-w003-01	m-w-s027-a011-w005-01		27:11:3:1	27:11:5:1		q:27:11:3	q:27:11:5		3	5		conjoined	strongly_licensed	high			PV	PV			position_morpheme_aligned	local_syntax	ثُمَّ joins بَدَّلَ to the prior verb ظَلَمَ.	resources/attachments.tsv:36042
sx-27_11-00082	ae:v3:s027:011:pass1:attach:a4	27:11	w-s027-a011-w005	w-s027-a011-w006		m-w-s027-a011-w005-01	m-w-s027-a011-w006-01		27:11:5:1	27:11:6:1		q:27:11:5	q:27:11:6		5	6		direct_object	syntactically_forced	high			PV	GERUND	explicit		position_morpheme_aligned	case_government;local_syntax	حُسْنًا is the accusative object of بَدَّلَ.	resources/attachments.tsv:36043
sx-27_11-00083	ae:v3:s027:011:pass1:attach:a5	27:11	w-s027-a011-w005	w-s027-a011-w007		m-w-s027-a011-w005-01	m-w-s027-a011-w007-01		27:11:5:1	27:11:7:1		q:27:11:5	q:27:11:7		5	7		adverbial	strongly_licensed	high			PV	ADV			position_morpheme_aligned	case_government;local_syntax	بَعْدَ gives the temporal setting for بَدَّلَ حُسْنًا.	resources/attachments.tsv:36044
sx-27_11-00084	ae:v3:s027:011:pass1:attach:a6	27:11	w-s027-a011-w007	w-s027-a011-w008		m-w-s027-a011-w007-01	m-w-s027-a011-w008-01		27:11:7:1	27:11:8:1		q:27:11:7	q:27:11:8		7	8		idafa	syntactically_forced	high			ADV	GERUND			position_morpheme_aligned	morphology;case_government	سُوءٍ is the genitive complement of the construct بَعْدَ.	resources/attachments.tsv:36045
sx-27_11-00085	ae:v3:s027:011:pass1:attach:a7	27:11	w-s027-a011-w009	w-s027-a011-w009		m-w-s027-a011-w009-02	m-w-s027-a011-w009-03		27:11:9:2	27:11:9:3		q:27:11:10	q:27:11:10		10	10		particle_complement	syntactically_forced	high	particle_segment	pronoun_suffix					position_morpheme_aligned	morphology;local_syntax	The -ي in إِنِّي is the governed subject pronoun of إِنَّ.	resources/attachments.tsv:36046
sx-27_11-00086	ae:v3:s027:011:pass1:attach:a8	27:11	w-s027-a011-w009	w-s027-a011-w010		m-w-s027-a011-w009-02	m-w-s027-a011-w010-01		27:11:9:2	27:11:10:1		q:27:11:10	q:27:11:11		10	11		predication	syntactically_forced	high			ANNUL_PART	ADJ_INTENS			position_morpheme_aligned	case_government;local_syntax	غَفُورٌ is the predicate of إِنِّي.	resources/attachments.tsv:36047
sx-27_11-00087	ae:v3:s027:011:pass1:attach:a9	27:11	w-s027-a011-w009	w-s027-a011-w011		m-w-s027-a011-w009-02	m-w-s027-a011-w011-01		27:11:9:2	27:11:11:1		q:27:11:10	q:27:11:12		10	12		predication	strongly_licensed	high			ANNUL_PART	ADJ_INTENS			position_morpheme_aligned	case_government;local_syntax	رَحِيمٌ is a second predicate of إِنِّي alongside غَفُورٌ.	resources/attachments.tsv:36048
sx-27_12-00088	ae:v3:s027:012:pass1:attach:a1	27:12	w-s027-a012-w001	w-s027-a012-w002		m-w-s027-a012-w001-02	m-w-s027-a012-w002-01		27:12:1:2	27:12:2:1		q:27:12:2	q:27:12:3		2	3		direct_object	syntactically_forced	high			CV	NOUN_CONCRETE	explicit		position_morpheme_aligned	case_government;local_syntax	يَدَكَ is the object inserted by أَدْخِلْ.	resources/attachments.tsv:36049
sx-27_12-00089	ae:v3:s027:012:pass1:attach:a2	27:12	w-s027-a012-w001	w-s027-a012-w004	w-s027-a012-w003	m-w-s027-a012-w001-02	m-w-s027-a012-w004-01	m-w-s027-a012-w003-01	27:12:1:2	27:12:4:1	27:12:3:1	q:27:12:2	q:27:12:5	q:27:12:4	2	5	4	prep_complement	syntactically_forced	high			CV	NOUN_CONCRETE		فِي	position_morpheme_aligned	case_government;local_syntax	جَيْبِكَ is governed by فِي as the place for أَدْخِلْ يَدَكَ.	resources/attachments.tsv:36050
sx-27_12-00090	ae:v3:s027:012:pass1:attach:a3	27:12	w-s027-a012-w005	w-s027-a012-w002		m-w-s027-a012-w005-01	m-w-s027-a012-w002-01		27:12:5:1	27:12:2:1		q:27:12:6	q:27:12:3		6	3		subject	strongly_licensed	high			IV	NOUN_CONCRETE			position_morpheme_aligned	agreement;local_syntax	يَدَكَ is the feminine subject understood with تَخْرُجْ.	resources/attachments.tsv:36051
sx-27_12-00091	ae:v3:s027:012:pass1:attach:a4	27:12	w-s027-a012-w005	w-s027-a012-w006		m-w-s027-a012-w005-01	m-w-s027-a012-w006-01		27:12:5:1	27:12:6:1		q:27:12:6	q:27:12:7		6	7		circumstantial	strongly_licensed	high			IV	ADJ_QUALIT			position_morpheme_aligned	case_government;local_syntax	بَيْضَاءَ describes the state of the hand as it تَخْرُجْ.	resources/attachments.tsv:36052
sx-27_12-00092	ae:v3:s027:012:pass1:attach:a5	27:12	w-s027-a012-w006	w-s027-a012-w008	w-s027-a012-w007	m-w-s027-a012-w006-01	m-w-s027-a012-w008-01	m-w-s027-a012-w007-01	27:12:6:1	27:12:8:1	27:12:7:1	q:27:12:7	q:27:12:9	q:27:12:8	7	9	8	prep_complement	syntactically_forced	high			ADJ_QUALIT	NOUN_ABSTRACT		مِن	position_morpheme_aligned	case_government;local_syntax	غَيْرِ is governed by مِنْ in the phrase مِنْ غَيْرِ سُوءٍ.	resources/attachments.tsv:36053
sx-27_12-00093	ae:v3:s027:012:pass1:attach:a6	27:12	w-s027-a012-w008	w-s027-a012-w009		m-w-s027-a012-w008-01	m-w-s027-a012-w009-01		27:12:8:1	27:12:9:1		q:27:12:9	q:27:12:10		9	10		idafa	syntactically_forced	high			NOUN_ABSTRACT	GERUND			position_morpheme_aligned	morphology;case_government	سُوءٍ is the genitive complement of the construct غَيْرِ.	resources/attachments.tsv:36054
sx-27_12-00094	ae:v3:s027:012:pass1:attach:a7	27:12	w-s027-a012-w001	w-s027-a012-w011	w-s027-a012-w010	m-w-s027-a012-w001-02	m-w-s027-a012-w011-01	m-w-s027-a012-w010-01	27:12:1:2	27:12:11:1	27:12:10:1	q:27:12:2	q:27:12:12	q:27:12:11	2	12	11	prep_complement	strongly_licensed	medium			CV	NOUN_NUM		فِي	position_morpheme_aligned	case_government;local_syntax	تِسْعِ آيَاتٍ frames the hand sign within the nine signs commanded here.	resources/attachments.tsv:36055
sx-27_12-00095	ae:v3:s027:012:pass1:attach:a8	27:12	w-s027-a012-w011	w-s027-a012-w012		m-w-s027-a012-w011-01	m-w-s027-a012-w012-01		27:12:11:1	27:12:12:1		q:27:12:12	q:27:12:13		12	13		idafa	syntactically_forced	high			NOUN_NUM	NOUN_ABSTRACT			position_morpheme_aligned	morphology;case_government	آيَاتٍ is the genitive complement of the construct number تِسْعِ.	resources/attachments.tsv:36056
sx-27_12-00096	ae:v3:s027:012:pass1:attach:a9	27:12	w-s027-a012-w001	w-s027-a012-w014	w-s027-a012-w013	m-w-s027-a012-w001-02	m-w-s027-a012-w014-01	m-w-s027-a012-w013-01	27:12:1:2	27:12:14:1	27:12:13:1	q:27:12:2	q:27:12:15	q:27:12:14	2	15	14	prep_complement	strongly_licensed	high			CV	NOUN_PROP_FOREIGN		إِلَى	position_morpheme_aligned	case_government;local_syntax	فِرْعَوْنَ is governed by إِلَى as the mission target of the command.	resources/attachments.tsv:36057
sx-27_12-00097	ae:v3:s027:012:pass1:attach:a10	27:12	w-s027-a012-w014	w-s027-a012-w015		m-w-s027-a012-w014-01	m-w-s027-a012-w015-02		27:12:14:1	27:12:15:2		q:27:12:15	q:27:12:17		15	17		conjoined	strongly_licensed	high			NOUN_PROP_FOREIGN	NOUN_CONCRETE			position_morpheme_aligned	case_government;local_syntax	قَوْمِهِ is conjoined with فِرْعَوْنَ under إِلَى.	resources/attachments.tsv:36058
sx-27_12-00098	ae:v3:s027:012:pass1:attach:a11	27:12	w-s027-a012-w016	w-s027-a012-w016		m-w-s027-a012-w016-01	m-w-s027-a012-w016-02		27:12:16:1	27:12:16:2		q:27:12:18	q:27:12:18		18	18		particle_complement	strongly_licensed	medium	particle_segment	pronoun_suffix					position_morpheme_aligned	morphology;local_syntax	The -هم in إِنَّهُمْ is the governed subject pronoun of إِنَّ.	resources/attachments.tsv:36059
sx-27_12-00099	ae:v3:s027:012:pass1:attach:a12	27:12	w-s027-a012-w017	w-s027-a012-w018		m-w-s027-a012-w017-01	m-w-s027-a012-w018-01		27:12:17:1	27:12:18:1		q:27:12:19	q:27:12:20		19	20		kana_predicate	syntactically_forced	high			PV	NOUN_CONCRETE			position_morpheme_aligned	case_government;local_syntax	قَوْمًا is the accusative predicate of كَانُوا.	resources/attachments.tsv:36060
sx-27_12-00100	ae:v3:s027:012:pass1:attach:a13	27:12	w-s027-a012-w018	w-s027-a012-w019		m-w-s027-a012-w018-01	m-w-s027-a012-w019-01		27:12:18:1	27:12:19:1		q:27:12:20	q:27:12:21		20	21		adjective	strongly_licensed	high			NOUN_CONCRETE	NOUN_ACTIVE_PART			position_morpheme_aligned	agreement;case_government	فَاسِقِينَ modifies قَوْمًا in case and sense.	resources/attachments.tsv:36061
sx-27_12-00101	ae:v3:s027:012:pass1:attach:a14	27:12	w-s027-a012-w016	w-s027-a012-w017		m-w-s027-a012-w016-01	m-w-s027-a012-w017-01		27:12:16:1	27:12:17:1		q:27:12:18	q:27:12:19		18	19		predication	syntactically_forced	high			ANNUL_PART	PV			position_morpheme_aligned	local_syntax;case_government	كَانُوا قَوْمًا فَاسِقِينَ is the predicate content of إِنَّ.	resources/attachments.tsv:36062
sx-27_13-00102	ae:v3:s027:013:pass1:attach:a1	27:13	w-s027-a013-w002	w-s027-a013-w002		m-w-s027-a013-w002-01	m-w-s027-a013-w002-02		27:13:2:1	27:13:2:2		q:27:13:3	q:27:13:3		3	3		direct_object	syntactically_forced	high		object_suffix	PV		clitic		position_morpheme_aligned	morphology;local_syntax	The -هم on جَاءَتْهُمْ is the pronominal object reached by the coming.	resources/attachments.tsv:36063
sx-27_13-00103	ae:v3:s027:013:pass1:attach:a2	27:13	w-s027-a013-w002	w-s027-a013-w003		m-w-s027-a013-w002-01	m-w-s027-a013-w003-01		27:13:2:1	27:13:3:1		q:27:13:3	q:27:13:4		3	4		subject	syntactically_forced	high			PV	NOUN_ABSTRACT			position_morpheme_aligned	agreement;word_order	آيَاتُنَا is the explicit subject of جَاءَتْهُمْ.	resources/attachments.tsv:36064
sx-27_13-00104	ae:v3:s027:013:pass1:attach:a3	27:13	w-s027-a013-w002	w-s027-a013-w004		m-w-s027-a013-w002-01	m-w-s027-a013-w004-01		27:13:2:1	27:13:4:1		q:27:13:3	q:27:13:5		3	5		circumstantial	strongly_licensed	high			PV	NOUN_ACTIVE_PART			position_morpheme_aligned	case_government;local_syntax	مُبْصِرَةً describes the state in which آيَاتُنَا came.	resources/attachments.tsv:36065
sx-27_13-00105	ae:v3:s027:013:pass1:attach:a4	27:13	w-s027-a013-w005	w-s027-a013-w006		m-w-s027-a013-w005-01	m-w-s027-a013-w006-01		27:13:5:1	27:13:6:1		q:27:13:6	q:27:13:7		6	7		quoted_complement	syntactically_forced	high			PV	DEM_PRON_MS			position_morpheme_aligned	local_syntax	هَذَا سِحْرٌ مُبِينٌ is the full quoted content of قَالُوا.	resources/attachments.tsv:36066
sx-27_13-00106	ae:v3:s027:013:pass1:attach:a5	27:13	w-s027-a013-w006	w-s027-a013-w007		m-w-s027-a013-w006-01	m-w-s027-a013-w007-01		27:13:6:1	27:13:7:1		q:27:13:7	q:27:13:8		7	8		predication	syntactically_forced	high			DEM_PRON_MS	GERUND			position_morpheme_aligned	local_syntax;case_government	سِحْرٌ is the predicate of هَذَا.	resources/attachments.tsv:36067
sx-27_13-00107	ae:v3:s027:013:pass1:attach:a6	27:13	w-s027-a013-w007	w-s027-a013-w008		m-w-s027-a013-w007-01	m-w-s027-a013-w008-01		27:13:7:1	27:13:8:1		q:27:13:8	q:27:13:9		8	9		adjective	strongly_licensed	high			GERUND	NOUN_ACTIVE_PART			position_morpheme_aligned	agreement;case_government	مُبِينٌ modifies سِحْرٌ in the quoted nominal clause.	resources/attachments.tsv:36068
sx-27_14-00108	ae:v3:s027:014:pass1:attach:a1	27:14	w-s027-a014-w001	w-s027-a014-w002	w-s027-a014-w002	m-w-s027-a014-w001-02	m-w-s027-a014-w002-02	m-w-s027-a014-w002-01	27:14:1:2	27:14:2:2	27:14:2:1	q:27:14:2	q:27:14:3	q:27:14:3	2	3	3	prep_complement	syntactically_forced	high		pronoun_suffix	PV			بـ	position_morpheme_aligned	case_government;local_syntax	The -ها in بِهَا is governed by بِـ as the oblique object of جَحَدُوا.	resources/attachments.tsv:36069
sx-27_14-00109	ae:v3:s027:014:pass1:attach:a2	27:14	w-s027-a014-w001	w-s027-a014-w003		m-w-s027-a014-w001-02	m-w-s027-a014-w003-02		27:14:1:2	27:14:3:2		q:27:14:2	q:27:14:5		2	5		conjoined	strongly_licensed	high			PV	PV			position_morpheme_aligned	local_syntax	وَ coordinates ٱسْتَيْقَنَتْهَا with جَحَدُوا.	resources/attachments.tsv:36070
sx-27_14-00110	ae:v3:s027:014:pass1:attach:a3	27:14	w-s027-a014-w003	w-s027-a014-w003		m-w-s027-a014-w003-02	m-w-s027-a014-w003-03		27:14:3:2	27:14:3:3		q:27:14:5	q:27:14:5		5	5		direct_object	syntactically_forced	high		object_suffix	PV		clitic		position_morpheme_aligned	morphology;local_syntax	The -ها on ٱسْتَيْقَنَتْهَا is its pronominal object.	resources/attachments.tsv:36071
sx-27_14-00111	ae:v3:s027:014:pass1:attach:a4	27:14	w-s027-a014-w003	w-s027-a014-w004		m-w-s027-a014-w003-02	m-w-s027-a014-w004-01		27:14:3:2	27:14:4:1		q:27:14:5	q:27:14:6		5	6		subject	syntactically_forced	high			PV	NOUN_ABSTRACT			fallback_morpheme_aligned	agreement;word_order	أَنفُسُهُمْ is the explicit subject of ٱسْتَيْقَنَتْهَا.	resources/attachments.tsv:36072
sx-27_14-00112	ae:v3:s027:014:pass1:attach:a5	27:14	w-s027-a014-w001	w-s027-a014-w005		m-w-s027-a014-w001-02	m-w-s027-a014-w005-01		27:14:1:2	27:14:5:1		q:27:14:2	q:27:14:7		2	7		circumstantial	strongly_licensed	medium			PV	GERUND			fallback_morpheme_aligned	case_government;local_syntax	ظُلْمًا describes the manner or motive of جَحَدُوا.	resources/attachments.tsv:36073
sx-27_14-00113	ae:v3:s027:014:pass1:attach:a6	27:14	w-s027-a014-w005	w-s027-a014-w006		m-w-s027-a014-w005-01	m-w-s027-a014-w006-02		27:14:5:1	27:14:6:2		q:27:14:7	q:27:14:9		7	9		conjoined	strongly_licensed	high			GERUND	GERUND			fallback_morpheme_aligned	parallelism;case_government	عُلُوًّا is conjoined with ظُلْمًا as a parallel accusative.	resources/attachments.tsv:36074
sx-27_14-00114	ae:v3:s027:014:pass1:attach:a7	27:14	w-s027-a014-w007	w-s027-a014-w008		m-w-s027-a014-w007-02	m-w-s027-a014-w008-01		27:14:7:2	27:14:8:1		q:27:14:11	q:27:14:12		11	12		clausal_complement	syntactically_forced	high			CV	INTERROG_PRON			fallback_morpheme_aligned	local_syntax	كَيْفَ كَانَ عَاقِبَةُ الْمُفْسِدِينَ is the embedded question governed by ٱنظُرْ.	resources/attachments.tsv:36075
sx-27_14-00115	ae:v3:s027:014:pass1:attach:a8	27:14	w-s027-a014-w009	w-s027-a014-w008		m-w-s027-a014-w009-01	m-w-s027-a014-w008-01		27:14:9:1	27:14:8:1		q:27:14:13	q:27:14:12		13	12		kana_predicate	syntactically_forced	high			PV	INTERROG_PRON			fallback_morpheme_aligned	local_syntax	كَيْفَ is the interrogative predicate of كَانَ.	resources/attachments.tsv:36076
sx-27_14-00116	ae:v3:s027:014:pass1:attach:a9	27:14	w-s027-a014-w009	w-s027-a014-w010		m-w-s027-a014-w009-01	m-w-s027-a014-w010-01		27:14:9:1	27:14:10:1		q:27:14:13	q:27:14:14		13	14		subject	syntactically_forced	high			PV	NOUN_ABSTRACT			fallback_morpheme_aligned	case_government;word_order	عَاقِبَةُ is the nominative subject of كَانَ.	resources/attachments.tsv:36077
sx-27_14-00117	ae:v3:s027:014:pass1:attach:a10	27:14	w-s027-a014-w010	w-s027-a014-w011		m-w-s027-a014-w010-01	m-w-s027-a014-w011-02		27:14:10:1	27:14:11:2		q:27:14:14	q:27:14:15		14	15		idafa	syntactically_forced	high			NOUN_ABSTRACT	NOUN_ACTIVE_PART			fallback_morpheme_aligned	morphology;case_government	الْمُفْسِدِينَ is the genitive complement of عَاقِبَةُ.	resources/attachments.tsv:36078
sx-27_15-00118	ae:v3:s027:015:pass1:attach:a1	27:15	w-s027-a015-w002	w-s027-a015-w003		m-w-s027-a015-w002-01	m-w-s027-a015-w003-01		27:15:2:1	27:15:3:1		q:27:15:4	q:27:15:5		4	5		direct_object	syntactically_forced	high			PV	NOUN_PROP_FOREIGN	explicit		position_morpheme_aligned	case_government;local_syntax	دَاوُدَ is the first object recipient of آتَيْنَا.	resources/attachments.tsv:36079
sx-27_15-00119	ae:v3:s027:015:pass1:attach:a2	27:15	w-s027-a015-w003	w-s027-a015-w004		m-w-s027-a015-w003-01	m-w-s027-a015-w004-02		27:15:3:1	27:15:4:2		q:27:15:5	q:27:15:7		5	7		conjoined	strongly_licensed	high			NOUN_PROP_FOREIGN	NOUN_PROP_FOREIGN			position_morpheme_aligned	case_government;local_syntax	سُلَيْمَانَ is conjoined with دَاوُدَ as co-recipient.	resources/attachments.tsv:36080
sx-27_15-00120	ae:v3:s027:015:pass1:attach:a3	27:15	w-s027-a015-w002	w-s027-a015-w005		m-w-s027-a015-w002-01	m-w-s027-a015-w005-01		27:15:2:1	27:15:5:1		q:27:15:4	q:27:15:8		4	8		direct_object	syntactically_forced	high			PV	GERUND	explicit		position_morpheme_aligned	case_government;local_syntax	عِلْمًا is the second object, the thing given by آتَيْنَا.	resources/attachments.tsv:36081
sx-27_15-00121	ae:v3:s027:015:pass1:attach:a4	27:15	w-s027-a015-w002	w-s027-a015-w006		m-w-s027-a015-w002-01	m-w-s027-a015-w006-02		27:15:2:1	27:15:6:2		q:27:15:4	q:27:15:10		4	10		conjoined	strongly_licensed	high			PV	PV			position_morpheme_aligned	local_syntax	وَقَالَا is coordinated with آتَيْنَا in the narrative sequence.	resources/attachments.tsv:36082
sx-27_15-00122	ae:v3:s027:015:pass1:attach:a5	27:15	w-s027-a015-w006	w-s027-a015-w007		m-w-s027-a015-w006-02	m-w-s027-a015-w007-02		27:15:6:2	27:15:7:2		q:27:15:10	q:27:15:11		10	11		quoted_complement	syntactically_forced	high			PV	GERUND			position_morpheme_aligned	local_syntax	الْحَمْدُ لِلَّهِ الَّذِي فَضَّلَنَا... is the full quoted content of قَالَا.	resources/attachments.tsv:36083
sx-27_15-00123	ae:v3:s027:015:pass1:attach:a6	27:15	w-s027-a015-w007	w-s027-a015-w008		m-w-s027-a015-w007-02	m-w-s027-a015-w008-02		27:15:7:2	27:15:8:2		q:27:15:11	q:27:15:13		11	13		predication	syntactically_forced	high			GERUND	NOUN_PROP			position_morpheme_aligned	local_syntax;case_government	لِلَّهِ is the predicate of الْحَمْدُ.	resources/attachments.tsv:36084
sx-27_15-00124	ae:v3:s027:015:pass1:attach:a7	27:15	w-s027-a015-w007	w-s027-a015-w008	w-s027-a015-w007	m-w-s027-a015-w007-02	m-w-s027-a015-w008-02	m-w-s027-a015-w007-02	27:15:7:2	27:15:8:2	27:15:7:2	q:27:15:11	q:27:15:13	q:27:15:12	11	13	12	prep_complement	syntactically_forced	high			GERUND	NOUN_PROP		لـ	fallback_morpheme_aligned	case_government;local_syntax	اللَّهِ is governed by لِـ in the predicate لِلَّهِ.	resources/attachments.tsv:36085
sx-27_15-00125	ae:v3:s027:015:pass1:attach:a8	27:15	w-s027-a015-w008	w-s027-a015-w009		m-w-s027-a015-w008-02	m-w-s027-a015-w009-01		27:15:8:2	27:15:9:1		q:27:15:13	q:27:15:14		13	14		adjective	strongly_licensed	high			NOUN_PROP	REL_PRON			position_morpheme_aligned	local_syntax	الَّذِي فَضَّلَنَا... modifies اللَّهِ.	resources/attachments.tsv:36086
sx-27_15-00126	ae:v3:s027:015:pass1:attach:a9	27:15	w-s027-a015-w010	w-s027-a015-w009		m-w-s027-a015-w010-01	m-w-s027-a015-w009-01		27:15:10:1	27:15:9:1		q:27:15:15	q:27:15:14		15	14		subject	syntactically_forced	high			PV	REL_PRON			position_morpheme_aligned	local_syntax;agreement	الَّذِي is the subject of فَضَّلَنَا.	resources/attachments.tsv:36087
sx-27_15-00127	ae:v3:s027:015:pass1:attach:a10	27:15	w-s027-a015-w010	w-s027-a015-w010		m-w-s027-a015-w010-01	m-w-s027-a015-w010-02		27:15:10:1	27:15:10:2		q:27:15:15	q:27:15:15		15	15		direct_object	syntactically_forced	high		object_suffix	PV		clitic		position_morpheme_aligned	morphology;local_syntax	The -نا on فَضَّلَنَا is the pronominal object.	resources/attachments.tsv:36088
sx-27_15-00128	ae:v3:s027:015:pass1:attach:a11	27:15	w-s027-a015-w010	w-s027-a015-w012	w-s027-a015-w011	m-w-s027-a015-w010-01	m-w-s027-a015-w012-01	m-w-s027-a015-w011-01	27:15:10:1	27:15:12:1	27:15:11:1	q:27:15:15	q:27:15:17	q:27:15:16	15	17	16	prep_complement	syntactically_forced	high			PV	ADJ_QUALIT		عَلَى	position_morpheme_aligned	case_government;local_syntax	كَثِيرٍ is governed by عَلَى with فَضَّلَنَا.	resources/attachments.tsv:36089
sx-27_15-00129	ae:v3:s027:015:pass1:attach:a12	27:15	w-s027-a015-w012	w-s027-a015-w014	w-s027-a015-w013	m-w-s027-a015-w012-01	m-w-s027-a015-w014-01	m-w-s027-a015-w013-01	27:15:12:1	27:15:14:1	27:15:13:1	q:27:15:17	q:27:15:19	q:27:15:18	17	19	18	prep_complement	syntactically_forced	high			ADJ_QUALIT	NOUN_CONCRETE		مِن	position_morpheme_aligned	case_government;local_syntax	عِبَادِهِ is governed by مِنْ as the partitive complement of كَثِيرٍ.	resources/attachments.tsv:36090
sx-27_15-00130	ae:v3:s027:015:pass1:attach:a13	27:15	w-s027-a015-w014	w-s027-a015-w015		m-w-s027-a015-w014-01	m-w-s027-a015-w015-02		27:15:14:1	27:15:15:2		q:27:15:19	q:27:15:20		19	20		adjective	strongly_licensed	high			NOUN_CONCRETE	NOUN_ACTIVE_PART			position_morpheme_aligned	agreement;case_government	الْمُؤْمِنِينَ modifies عِبَادِهِ.	resources/attachments.tsv:36091
sx-27_16-00131	ae:v3:s027:016:pass1:attach:a1	27:16	w-s027-a016-w001	w-s027-a016-w002		m-w-s027-a016-w001-02	m-w-s027-a016-w002-01		27:16:1:2	27:16:2:1		q:27:16:2	q:27:16:3		2	3		subject	syntactically_forced	high			IV	NOUN_PROP_FOREIGN			position_morpheme_aligned	case_government;word_order	سُلَيْمَانُ is the explicit subject of وَرِثَ.	resources/attachments.tsv:36092
sx-27_16-00132	ae:v3:s027:016:pass1:attach:a2	27:16	w-s027-a016-w001	w-s027-a016-w003		m-w-s027-a016-w001-02	m-w-s027-a016-w003-01		27:16:1:2	27:16:3:1		q:27:16:2	q:27:16:4		2	4		direct_object	syntactically_forced	high			IV	NOUN_PROP_FOREIGN	explicit		position_morpheme_aligned	case_government;local_syntax	دَاوُدَ is the object of وَرِثَ.	resources/attachments.tsv:36093
sx-27_16-00133	ae:v3:s027:016:pass1:attach:a3	27:16	w-s027-a016-w001	w-s027-a016-w004		m-w-s027-a016-w001-02	m-w-s027-a016-w004-02		27:16:1:2	27:16:4:2		q:27:16:2	q:27:16:6		2	6		conjoined	strongly_licensed	high			IV	PV			position_morpheme_aligned	local_syntax	وَقَالَ is coordinated with وَرِثَ.	resources/attachments.tsv:36094
sx-27_16-00134	ae:v3:s027:016:pass1:attach:a4	27:16	w-s027-a016-w005	w-s027-a016-w005		m-w-s027-a016-w005-02	m-w-s027-a016-w005-02		27:16:5:2	27:16:5:2		q:27:16:7	q:27:16:8		7	8		vocative	syntactically_forced	high			VOC_PART	REL_PRON			position_morpheme_aligned	formulaic_construction;local_syntax	يَا أَيُّهَا opens the vocative address.	resources/attachments.tsv:36095
sx-27_16-00135	ae:v3:s027:016:pass1:attach:a5	27:16	w-s027-a016-w005	w-s027-a016-w006		m-w-s027-a016-w005-02	m-w-s027-a016-w006-02		27:16:5:2	27:16:6:2		q:27:16:8	q:27:16:9		8	9		apposition	strongly_licensed	high			REL_PRON	NOUN_CONCRETE			position_morpheme_aligned	formulaic_construction;local_syntax	النَّاسُ specifies the vocative أَيُّهَا.	resources/attachments.tsv:36096
sx-27_16-00136	ae:v3:s027:016:pass1:attach:a6	27:16	w-s027-a016-w004	w-s027-a016-w007		m-w-s027-a016-w004-02	m-w-s027-a016-w007-01		27:16:4:2	27:16:7:1		q:27:16:6	q:27:16:10		6	10		quoted_complement	syntactically_forced	high			PV	PV_PASS			position_morpheme_aligned	local_syntax	The content after the addressee, عُلِّمْنَا...الْمُبِينُ, is the quote governed by قَالَ.	resources/attachments.tsv:36097
sx-27_16-00137	ae:v3:s027:016:pass1:attach:a7	27:16	w-s027-a016-w007	w-s027-a016-w008		m-w-s027-a016-w007-01	m-w-s027-a016-w008-01		27:16:7:1	27:16:8:1		q:27:16:10	q:27:16:11		10	11		direct_object	strongly_licensed	high			PV_PASS	NOUN_ABSTRACT	explicit		position_morpheme_aligned	case_government;local_syntax	مَنطِقَ is the retained object of the passive عُلِّمْنَا.	resources/attachments.tsv:36098
sx-27_16-00138	ae:v3:s027:016:pass1:attach:a8	27:16	w-s027-a016-w008	w-s027-a016-w009		m-w-s027-a016-w008-01	m-w-s027-a016-w009-02		27:16:8:1	27:16:9:2		q:27:16:11	q:27:16:12		11	12		idafa	syntactically_forced	high			NOUN_ABSTRACT	NOUN_CONCRETE			position_morpheme_aligned	morphology;case_government	الطَّيْرِ is the genitive complement of مَنطِقَ.	resources/attachments.tsv:36099
sx-27_16-00139	ae:v3:s027:016:pass1:attach:a9	27:16	w-s027-a016-w007	w-s027-a016-w010		m-w-s027-a016-w007-01	m-w-s027-a016-w010-02		27:16:7:1	27:16:10:2		q:27:16:10	q:27:16:14		10	14		conjoined	strongly_licensed	high			PV_PASS	PV_PASS			position_morpheme_aligned	parallelism;local_syntax	وَأُوتِينَا is coordinated with عُلِّمْنَا.	resources/attachments.tsv:36100
sx-27_16-00140	ae:v3:s027:016:pass1:attach:a10	27:16	w-s027-a016-w010	w-s027-a016-w012	w-s027-a016-w011	m-w-s027-a016-w010-02	m-w-s027-a016-w012-01	m-w-s027-a016-w011-01	27:16:10:2	27:16:12:1	27:16:11:1	q:27:16:14	q:27:16:16	q:27:16:15	14	16	15	prep_complement	syntactically_forced	high			PV_PASS	NOUN_ABSTRACT		مِن	position_morpheme_aligned	case_government;local_syntax	كُلِّ is governed by مِنْ with أُوتِينَا.	resources/attachments.tsv:36101
sx-27_16-00141	ae:v3:s027:016:pass1:attach:a11	27:16	w-s027-a016-w012	w-s027-a016-w013		m-w-s027-a016-w012-01	m-w-s027-a016-w013-01		27:16:12:1	27:16:13:1		q:27:16:16	q:27:16:17		16	17		idafa	syntactically_forced	high			NOUN_ABSTRACT	NOUN_ABSTRACT			position_morpheme_aligned	morphology;case_government	شَيْءٍ is the genitive complement of كُلِّ.	resources/attachments.tsv:36102
sx-27_16-00142	ae:v3:s027:016:pass1:attach:a12	27:16	w-s027-a016-w014	w-s027-a016-w015		m-w-s027-a016-w014-01	m-w-s027-a016-w015-01		27:16:14:1	27:16:15:1		q:27:16:18	q:27:16:19		18	19		particle_complement	syntactically_forced	high			ANNUL_PART	DEM_PRON_MS			position_morpheme_aligned	case_government;local_syntax	هَذَا is the governed subject of إِنَّ.	resources/attachments.tsv:36103
sx-27_16-00143	ae:v3:s027:016:pass1:attach:a13	27:16	w-s027-a016-w014	w-s027-a016-w017		m-w-s027-a016-w014-01	m-w-s027-a016-w017-02		27:16:14:1	27:16:17:2		q:27:16:18	q:27:16:22		18	22		predication	syntactically_forced	high			ANNUL_PART	GERUND			position_morpheme_aligned	case_government;local_syntax	الْفَضْلُ is the predicate of إِنَّ, with هُوَ as separator.	resources/attachments.tsv:36104
sx-27_16-00144	ae:v3:s027:016:pass1:attach:a14	27:16	w-s027-a016-w017	w-s027-a016-w018		m-w-s027-a016-w017-02	m-w-s027-a016-w018-02		27:16:17:2	27:16:18:2		q:27:16:22	q:27:16:23		22	23		adjective	strongly_licensed	high			GERUND	NOUN_ACTIVE_PART			position_morpheme_aligned	agreement;case_government	الْمُبِينُ modifies الْفَضْلُ.	resources/attachments.tsv:36105
sx-27_17-00145	ae:v3:s027:017:pass1:attach:a1	27:17	w-s027-a017-w001	w-s027-a017-w002	w-s027-a017-w002	m-w-s027-a017-w001-02	m-w-s027-a017-w002-02	m-w-s027-a017-w002-01	27:17:1:2	27:17:2:2	27:17:2:1	q:27:17:2	q:27:17:4	q:27:17:3	2	4	3	prep_complement	syntactically_forced	high			PV_PASS	NOUN_PROP_FOREIGN		لـ	position_morpheme_aligned	case_government;local_syntax	سُلَيْمَانَ is governed by لِـ with حُشِرَ.	resources/attachments.tsv:36106
sx-27_17-00146	ae:v3:s027:017:pass1:attach:a2	27:17	w-s027-a017-w001	w-s027-a017-w003		m-w-s027-a017-w001-02	m-w-s027-a017-w003-01		27:17:1:2	27:17:3:1		q:27:17:2	q:27:17:5		2	5		subject	syntactically_forced	high			PV_PASS	NOUN_RELATIVE			position_morpheme_aligned	case_government;word_order	جُنُودُهُ is the nominative passive subject of حُشِرَ.	resources/attachments.tsv:36107
sx-27_17-00147	ae:v3:s027:017:pass1:attach:a3	27:17	w-s027-a017-w003	w-s027-a017-w005	w-s027-a017-w004	m-w-s027-a017-w003-01	m-w-s027-a017-w005-02	m-w-s027-a017-w004-01	27:17:3:1	27:17:5:2	27:17:4:1	q:27:17:5	q:27:17:7	q:27:17:6	5	7	6	prep_complement	syntactically_forced	high			NOUN_RELATIVE	NOUN_CONCRETE		مِن	position_morpheme_aligned	case_government;local_syntax	الْجِنِّ is governed by مِنَ specifying جُنُودُهُ.	resources/attachments.tsv:36108
sx-27_17-00148	ae:v3:s027:017:pass1:attach:a4	27:17	w-s027-a017-w005	w-s027-a017-w006		m-w-s027-a017-w005-02	m-w-s027-a017-w006-03		27:17:5:2	27:17:6:3		q:27:17:7	q:27:17:9		7	9		conjoined	strongly_licensed	high			NOUN_CONCRETE	NOUN_CONCRETE			position_morpheme_aligned	case_government;local_syntax	الْإِنسِ is conjoined with الْجِنِّ under مِنَ.	resources/attachments.tsv:36109
sx-27_17-00149	ae:v3:s027:017:pass1:attach:a5	27:17	w-s027-a017-w005	w-s027-a017-w007		m-w-s027-a017-w005-02	m-w-s027-a017-w007-03		27:17:5:2	27:17:7:3		q:27:17:7	q:27:17:11		7	11		conjoined	strongly_licensed	high			NOUN_CONCRETE	NOUN_CONCRETE			position_morpheme_aligned	case_government;local_syntax	الطَّيْرِ is conjoined with الْجِنِّ under مِنَ.	resources/attachments.tsv:36110
sx-27_17-00150	ae:v3:s027:017:pass1:attach:a6	27:17	w-s027-a017-w009	w-s027-a017-w008		m-w-s027-a017-w009-01	m-w-s027-a017-w008-02		27:17:9:1	27:17:8:2		q:27:17:14	q:27:17:13		14	13		subject	syntactically_forced	high			IV	PRON			position_morpheme_aligned	word_order;agreement	هُمْ is the explicit subject of يُوزَعُونَ.	resources/attachments.tsv:36111
sx-27_17-00151	ae:v3:s027:017:pass1:attach:a7	27:17	w-s027-a017-w008	w-s027-a017-w009		m-w-s027-a017-w008-02	m-w-s027-a017-w009-01		27:17:8:2	27:17:9:1		q:27:17:13	q:27:17:14		13	14		predication	strongly_licensed	high			PRON	IV			position_morpheme_aligned	local_syntax	يُوزَعُونَ is the verbal predicate of هُمْ.	resources/attachments.tsv:36112
sx-27_18-00152	ae:v3:s027:018:pass1:attach:a1	27:18	w-s027-a018-w003	w-s027-a018-w005	w-s027-a018-w004	m-w-s027-a018-w003-01	m-w-s027-a018-w005-01	m-w-s027-a018-w004-01	27:18:3:1	27:18:5:1	27:18:4:1	q:27:18:3	q:27:18:5	q:27:18:4	3	5	4	prep_complement	syntactically_forced	high			PV	NOUN_CONCRETE		عَلَى	position_morpheme_aligned	case_government;local_syntax	وَادِ is governed by عَلَى with أَتَوْا.	resources/attachments.tsv:36113
sx-27_18-00153	ae:v3:s027:018:pass1:attach:a2	27:18	w-s027-a018-w005	w-s027-a018-w006		m-w-s027-a018-w005-01	m-w-s027-a018-w006-02		27:18:5:1	27:18:6:2		q:27:18:5	q:27:18:6		5	6		idafa	syntactically_forced	high			NOUN_CONCRETE	NOUN_CONCRETE			position_morpheme_aligned	morphology;case_government	النَّمْلِ is the genitive complement of وَادِ.	resources/attachments.tsv:36114
sx-27_18-00154	ae:v3:s027:018:pass1:attach:a3	27:18	w-s027-a018-w007	w-s027-a018-w008		m-w-s027-a018-w007-01	m-w-s027-a018-w008-01		27:18:7:1	27:18:8:1		q:27:18:7	q:27:18:8		7	8		subject	syntactically_forced	high			PV	NOUN_CONCRETE			position_morpheme_aligned	case_government;word_order	نَمْلَةٌ is the explicit subject of قَالَتْ.	resources/attachments.tsv:36115
sx-27_18-00155	ae:v3:s027:018:pass1:attach:a4	27:18	w-s027-a018-w009	w-s027-a018-w009		m-w-s027-a018-w009-02	m-w-s027-a018-w009-02		27:18:9:2	27:18:9:2		q:27:18:9	q:27:18:10		9	10		vocative	syntactically_forced	high			VOC_PART	REL_PRON			position_morpheme_aligned	formulaic_construction;local_syntax	يَا أَيُّهَا opens the vocative address to النَّمْلُ.	resources/attachments.tsv:36116
sx-27_18-00156	ae:v3:s027:018:pass1:attach:a5	27:18	w-s027-a018-w009	w-s027-a018-w010		m-w-s027-a018-w009-02	m-w-s027-a018-w010-02		27:18:9:2	27:18:10:2		q:27:18:10	q:27:18:11		10	11		apposition	strongly_licensed	high			REL_PRON	NOUN_CONCRETE			position_morpheme_aligned	formulaic_construction;local_syntax	النَّمْلُ specifies the vocative أَيُّهَا.	resources/attachments.tsv:36117
sx-27_18-00157	ae:v3:s027:018:pass1:attach:a6	27:18	w-s027-a018-w007	w-s027-a018-w011		m-w-s027-a018-w007-01	m-w-s027-a018-w011-01		27:18:7:1	27:18:11:1		q:27:18:7	q:27:18:12		7	12		quoted_complement	syntactically_forced	high			PV	CV			position_morpheme_aligned	local_syntax	The command and warning after the addressee are the quoted content of قَالَتْ.	resources/attachments.tsv:36118
sx-27_18-00158	ae:v3:s027:018:pass1:attach:a7	27:18	w-s027-a018-w011	w-s027-a018-w012		m-w-s027-a018-w011-01	m-w-s027-a018-w012-01		27:18:11:1	27:18:12:1		q:27:18:12	q:27:18:13		12	13		direct_object	strongly_licensed	high			CV	NOUN_TIME_PLACE	explicit		position_morpheme_aligned	case_government;local_syntax	مَسَاكِنَكُمْ is the object entered by ادْخُلُوا.	resources/attachments.tsv:36119
sx-27_18-00159	ae:v3:s027:018:pass1:attach:a8	27:18	w-s027-a018-w014	w-s027-a018-w014		m-w-s027-a018-w014-01	m-w-s027-a018-w014-03		27:18:14:1	27:18:14:3		q:27:18:15	q:27:18:15		15	15		direct_object	syntactically_forced	high		object_suffix	IV		clitic		position_morpheme_aligned	morphology;local_syntax	The -كم on يَحْطِمَنَّكُمْ is the pronominal object.	resources/attachments.tsv:36120
sx-27_18-00160	ae:v3:s027:018:pass1:attach:a9	27:18	w-s027-a018-w014	w-s027-a018-w015		m-w-s027-a018-w014-01	m-w-s027-a018-w015-01		27:18:14:1	27:18:15:1		q:27:18:15	q:27:18:16		15	16		subject	syntactically_forced	high			IV	NOUN_PROP_FOREIGN			position_morpheme_aligned	case_government;word_order	سُلَيْمَانُ is the explicit subject of يَحْطِمَنَّكُمْ.	resources/attachments.tsv:36121
sx-27_18-00161	ae:v3:s027:018:pass1:attach:a10	27:18	w-s027-a018-w015	w-s027-a018-w016		m-w-s027-a018-w015-01	m-w-s027-a018-w016-02		27:18:15:1	27:18:16:2		q:27:18:16	q:27:18:18		16	18		conjoined	strongly_licensed	high			NOUN_PROP_FOREIGN	NOUN_RELATIVE			position_morpheme_aligned	case_government;local_syntax	جُنُودُهُ is conjoined with سُلَيْمَانُ as subject.	resources/attachments.tsv:36122
sx-27_18-00162	ae:v3:s027:018:pass1:attach:a11	27:18	w-s027-a018-w019	w-s027-a018-w017		m-w-s027-a018-w019-01	m-w-s027-a018-w017-02		27:18:19:1	27:18:17:2		q:27:18:22	q:27:18:20		22	20		subject	syntactically_forced	high			IV	PRON			position_morpheme_aligned	word_order;agreement	هُمْ is the explicit subject of يَشْعُرُونَ.	resources/attachments.tsv:36123
sx-27_18-00163	ae:v3:s027:018:pass1:attach:a12	27:18	w-s027-a018-w017	w-s027-a018-w019		m-w-s027-a018-w017-02	m-w-s027-a018-w019-01		27:18:17:2	27:18:19:1		q:27:18:20	q:27:18:22		20	22		predication	strongly_licensed	high			PRON	IV			position_morpheme_aligned	local_syntax	لَا يَشْعُرُونَ is the verbal predicate of هُمْ.	resources/attachments.tsv:36124
sx-27_18-00164	ae:v3:s027:018:pass1:attach:a13	27:18	w-s027-a018-w014	w-s027-a018-w017		m-w-s027-a018-w014-01	m-w-s027-a018-w017-02		27:18:14:1	27:18:17:2		q:27:18:15	q:27:18:20		15	20		circumstantial	strongly_licensed	high			IV	PRON			position_morpheme_aligned	local_syntax	وَهُمْ لَا يَشْعُرُونَ gives the circumstance of يَحْطِمَنَّكُمْ.	resources/attachments.tsv:36125
sx-27_19-00165	ae:v3:s027:019:pass1:attach:a1	27:19	w-s027-a019-w001	w-s027-a019-w002		m-w-s027-a019-w001-02	m-w-s027-a019-w002-01		27:19:1:2	27:19:2:1		q:27:19:2	q:27:19:3		2	3		circumstantial	strongly_licensed	high			PV	NOUN_ACTIVE_PART			position_morpheme_aligned	case_government;local_syntax	ضَاحِكًا describes the state of the subject while تَبَسَّمَ.	resources/attachments.tsv:36126
sx-27_19-00166	ae:v3:s027:019:pass1:attach:a2	27:19	w-s027-a019-w001	w-s027-a019-w004	w-s027-a019-w003	m-w-s027-a019-w001-02	m-w-s027-a019-w004-01	m-w-s027-a019-w003-01	27:19:1:2	27:19:4:1	27:19:3:1	q:27:19:2	q:27:19:5	q:27:19:4	2	5	4	prep_complement	syntactically_forced	high			PV	GERUND		مِن	position_morpheme_aligned	case_government;local_syntax	قَوْلِهَا is governed by مِنْ with تَبَسَّمَ.	resources/attachments.tsv:36127
sx-27_19-00167	ae:v3:s027:019:pass1:attach:a3	27:19	w-s027-a019-w001	w-s027-a019-w004		m-w-s027-a019-w001-02	m-w-s027-a019-w004-01		27:19:1:2	27:19:4:1		q:27:19:2	q:27:19:7		2	7		conjoined	strongly_licensed	high			PV	PV			fallback_morpheme_aligned	local_syntax	وَقَالَ is coordinated with تَبَسَّمَ.	resources/attachments.tsv:36128
sx-27_19-00168	ae:v3:s027:019:pass1:attach:a4	27:19	w-s027-a019-w004	w-s027-a019-w006		m-w-s027-a019-w004-01	m-w-s027-a019-w006-01		27:19:4:1	27:19:6:1		q:27:19:7	q:27:19:8		7	8		vocative	strongly_licensed	high			PV	NOUN_CONCRETE			fallback_morpheme_aligned	local_syntax	رَبِّ is the vocative addressee of the prayer introduced by قَالَ.	resources/attachments.tsv:36129
sx-27_19-00169	ae:v3:s027:019:pass1:attach:a5	27:19	w-s027-a019-w004	w-s027-a019-w007		m-w-s027-a019-w004-01	m-w-s027-a019-w007-01		27:19:4:1	27:19:7:1		q:27:19:7	q:27:19:9		7	9		quoted_complement	syntactically_forced	high			PV	CV			fallback_morpheme_aligned	local_syntax	The requests from أَوْزِعْنِي through الصَّالِحِينَ are the quoted content after the vocative.	resources/attachments.tsv:36130
sx-27_19-00170	ae:v3:s027:019:pass1:attach:a6	27:19	w-s027-a019-w007	w-s027-a019-w007		m-w-s027-a019-w007-01	m-w-s027-a019-w007-02		27:19:7:1	27:19:7:2		q:27:19:9	q:27:19:9		9	9		direct_object	syntactically_forced	high		object_suffix	CV		clitic		position_morpheme_aligned	morphology;local_syntax	The -ني on أَوْزِعْنِي is its pronominal object.	resources/attachments.tsv:36131
sx-27_19-00171	ae:v3:s027:019:pass1:attach:a7	27:19	w-s027-a019-w007	w-s027-a019-w008		m-w-s027-a019-w007-01	m-w-s027-a019-w008-01		27:19:7:1	27:19:8:1		q:27:19:9	q:27:19:10		9	10		clausal_complement	syntactically_forced	high			CV	SUBJUNC_PART			position_morpheme_aligned	local_syntax	أَنْ أَشْكُرَ نِعْمَتَكَ... is governed as content by أَوْزِعْنِي.	resources/attachments.tsv:36132
sx-27_19-00172	ae:v3:s027:019:pass1:attach:a8	27:19	w-s027-a019-w009	w-s027-a019-w010		m-w-s027-a019-w009-01	m-w-s027-a019-w010-01		27:19:9:1	27:19:10:1		q:27:19:11	q:27:19:12		11	12		direct_object	syntactically_forced	high			IV	NOUN_ABSTRACT	explicit		position_morpheme_aligned	case_government;local_syntax	نِعْمَتَكَ is the object of أَشْكُرَ.	resources/attachments.tsv:36133
sx-27_19-00173	ae:v3:s027:019:pass1:attach:a9	27:19	w-s027-a019-w010	w-s027-a019-w011		m-w-s027-a019-w010-01	m-w-s027-a019-w011-01		27:19:10:1	27:19:11:1		q:27:19:12	q:27:19:13		12	13		adjective	strongly_licensed	high			NOUN_ABSTRACT	REL_PRON			position_morpheme_aligned	local_syntax	الَّتِي أَنْعَمْتَ... modifies نِعْمَتَكَ.	resources/attachments.tsv:36134
sx-27_19-00174	ae:v3:s027:019:pass1:attach:a10	27:19	w-s027-a019-w012	w-s027-a019-w013	w-s027-a019-w013	m-w-s027-a019-w012-01	m-w-s027-a019-w013-02	m-w-s027-a019-w013-01	27:19:12:1	27:19:13:2	27:19:13:1	q:27:19:14	q:27:19:15	q:27:19:15	14	15	15	prep_complement	syntactically_forced	high		pronoun_suffix	PV			عَلَى	position_morpheme_aligned	case_government;local_syntax	The -ي in عَلَيَّ is governed by عَلَى with أَنْعَمْتَ.	resources/attachments.tsv:36135
sx-27_19-00175	ae:v3:s027:019:pass1:attach:a11	27:19	w-s027-a019-w012	w-s027-a019-w015	w-s027-a019-w013	m-w-s027-a019-w012-01	m-w-s027-a019-w015-01	m-w-s027-a019-w013-01	27:19:12:1	27:19:15:1	27:19:13:1	q:27:19:14	q:27:19:18	q:27:19:17	14	18	17	prep_complement	syntactically_forced	high			PV	NOUN_ACTIVE_PART		عَلَى	fallback_morpheme_aligned	case_government;local_syntax	وَالِدَيَّ is governed by عَلَى with أَنْعَمْتَ.	resources/attachments.tsv:36136
sx-27_19-00176	ae:v3:s027:019:pass1:attach:a12	27:19	w-s027-a019-w013	w-s027-a019-w015		m-w-s027-a019-w013-01	m-w-s027-a019-w015-01		27:19:13:1	27:19:15:1		q:27:19:15	q:27:19:18		15	18		conjoined	strongly_licensed	high			NOUN_PROP	NOUN_ACTIVE_PART			position_morpheme_aligned	local_syntax;parallelism	وَعَلَى وَالِدَيَّ is conjoined with عَلَيَّ.	resources/attachments.tsv:36137
sx-27_19-00177	ae:v3:s027:019:pass1:attach:a13	27:19	w-s027-a019-w007	w-s027-a019-w016		m-w-s027-a019-w007-01	m-w-s027-a019-w016-02		27:19:7:1	27:19:16:2		q:27:19:9	q:27:19:20		9	20		clausal_complement	strongly_licensed	high			CV	INF_ANNUL_PART			position_morpheme_aligned	local_syntax;parallelism	أَنْ أَعْمَلَ صَالِحًا تَرْضَاهُ is a second content clause governed by أَوْزِعْنِي.	resources/attachments.tsv:36138
sx-27_19-00178	ae:v3:s027:019:pass1:attach:a14	27:19	w-s027-a019-w008	w-s027-a019-w016		m-w-s027-a019-w008-01	m-w-s027-a019-w016-02		27:19:8:1	27:19:16:2		q:27:19:10	q:27:19:20		10	20		conjoined	strongly_licensed	high			SUBJUNC_PART	INF_ANNUL_PART			position_morpheme_aligned	parallelism;local_syntax	وَأَنْ أَعْمَلَ is coordinated with أَنْ أَشْكُرَ.	resources/attachments.tsv:36139
sx-27_19-00179	ae:v3:s027:019:pass1:attach:a15	27:19	w-s027-a019-w017	w-s027-a019-w018		m-w-s027-a019-w017-01	m-w-s027-a019-w018-01		27:19:17:1	27:19:18:1		q:27:19:21	q:27:19:22		21	22		direct_object	strongly_licensed	high			IV	NOUN_ACTIVE_PART	explicit		position_morpheme_aligned	case_government;local_syntax	صَالِحًا is the object of أَعْمَلَ.	resources/attachments.tsv:36140
sx-27_19-00180	ae:v3:s027:019:pass1:attach:a16	27:19	w-s027-a019-w019	w-s027-a019-w019		m-w-s027-a019-w019-01	m-w-s027-a019-w019-02		27:19:19:1	27:19:19:2		q:27:19:23	q:27:19:23		23	23		direct_object	syntactically_forced	high		object_suffix	IV		clitic		position_morpheme_aligned	morphology;local_syntax	The -ه on تَرْضَاهُ is its pronominal object referring to صَالِحًا.	resources/attachments.tsv:36141
sx-27_19-00181	ae:v3:s027:019:pass1:attach:a17	27:19	w-s027-a019-w018	w-s027-a019-w019		m-w-s027-a019-w018-01	m-w-s027-a019-w019-01		27:19:18:1	27:19:19:1		q:27:19:22	q:27:19:23		22	23		adjective	strongly_licensed	medium			NOUN_ACTIVE_PART	IV			position_morpheme_aligned	local_syntax	تَرْضَاهُ describes صَالِحًا as the righteous deed pleasing You.	resources/attachments.tsv:36142
sx-27_19-00182	ae:v3:s027:019:pass1:attach:a18	27:19	w-s027-a019-w007	w-s027-a019-w020		m-w-s027-a019-w007-01	m-w-s027-a019-w020-02		27:19:7:1	27:19:20:2		q:27:19:9	q:27:19:25		9	25		conjoined	strongly_licensed	high			CV	CV			position_morpheme_aligned	local_syntax	وَأَدْخِلْنِي coordinates a third request with أَوْزِعْنِي.	resources/attachments.tsv:36143
sx-27_19-00183	ae:v3:s027:019:pass1:attach:a19	27:19	w-s027-a019-w020	w-s027-a019-w020		m-w-s027-a019-w020-02	m-w-s027-a019-w020-03		27:19:20:2	27:19:20:3		q:27:19:25	q:27:19:25		25	25		direct_object	syntactically_forced	high		object_suffix	CV		clitic		position_morpheme_aligned	morphology;local_syntax	The -ني on أَدْخِلْنِي is its pronominal object.	resources/attachments.tsv:36144
sx-27_19-00184	ae:v3:s027:019:pass1:attach:a20	27:19	w-s027-a019-w020	w-s027-a019-w021	w-s027-a019-w021	m-w-s027-a019-w020-02	m-w-s027-a019-w021-02	m-w-s027-a019-w021-01	27:19:20:2	27:19:21:2	27:19:21:1	q:27:19:25	q:27:19:27	q:27:19:26	25	27	26	prep_complement	syntactically_forced	high			CV	GERUND		بـ	position_morpheme_aligned	case_government;local_syntax	رَحْمَتِكَ is governed by بِـ with أَدْخِلْنِي.	resources/attachments.tsv:36145
sx-27_19-00185	ae:v3:s027:019:pass1:attach:a21	27:19	w-s027-a019-w020	w-s027-a019-w023	w-s027-a019-w022	m-w-s027-a019-w020-02	m-w-s027-a019-w023-01	m-w-s027-a019-w022-01	27:19:20:2	27:19:23:1	27:19:22:1	q:27:19:25	q:27:19:29	q:27:19:28	25	29	28	prep_complement	syntactically_forced	high			CV	NOUN_CONCRETE		فِي	position_morpheme_aligned	case_government;local_syntax	عِبَادِكَ is governed by فِي with أَدْخِلْنِي.	resources/attachments.tsv:36146
sx-27_19-00186	ae:v3:s027:019:pass1:attach:a22	27:19	w-s027-a019-w023	w-s027-a019-w024		m-w-s027-a019-w023-01	m-w-s027-a019-w024-02		27:19:23:1	27:19:24:2		q:27:19:29	q:27:19:30		29	30		adjective	strongly_licensed	high			NOUN_CONCRETE	NOUN_ACTIVE_PART			position_morpheme_aligned	agreement;case_government	الصَّالِحِينَ modifies عِبَادِكَ.	resources/attachments.tsv:36147
sx-27_20-00187	ae:v3:s027:020:pass1:attach:a1	27:20	w-s027-a020-w001	w-s027-a020-w002		m-w-s027-a020-w001-02	m-w-s027-a020-w002-02		27:20:1:2	27:20:2:2		q:27:20:2	q:27:20:3		2	3		direct_object	syntactically_forced	high			PV	NOUN_CONCRETE	explicit		position_morpheme_aligned	case_government;local_syntax	الطَّيْرَ is the object of تَفَقَّدَ.	resources/attachments.tsv:36148
sx-27_20-00188	ae:v3:s027:020:pass1:attach:a2	27:20	w-s027-a020-w001	w-s027-a020-w003		m-w-s027-a020-w001-02	m-w-s027-a020-w003-02		27:20:1:2	27:20:3:2		q:27:20:2	q:27:20:5		2	5		conjoined	strongly_licensed	high			PV	PV			position_morpheme_aligned	local_syntax	فَقَالَ is sequenced after تَفَقَّدَ.	resources/attachments.tsv:36149
sx-27_20-00189	ae:v3:s027:020:pass1:attach:a3	27:20	w-s027-a020-w003	w-s027-a020-w004		m-w-s027-a020-w003-02	m-w-s027-a020-w004-01		27:20:3:2	27:20:4:1		q:27:20:5	q:27:20:6		5	6		quoted_complement	syntactically_forced	high			PV	NEG_PART			position_morpheme_aligned	local_syntax	مَا لِيَ...مِنَ الْغَائِبِينَ is the full quoted content of قَالَ.	resources/attachments.tsv:36150
sx-27_20-00190	ae:v3:s027:020:pass1:attach:a4	27:20	w-s027-a020-w004	w-s027-a020-w005	w-s027-a020-w005	m-w-s027-a020-w004-01	m-w-s027-a020-w005-02	m-w-s027-a020-w005-01	27:20:4:1	27:20:5:2	27:20:5:1	q:27:20:6	q:27:20:7	q:27:20:7	6	7	7	prep_complement	syntactically_forced	high		pronoun_suffix	NEG_PART			لـ	position_morpheme_aligned	case_government;local_syntax	The -ي in لِيَ is governed by لِـ in the expression مَا لِيَ.	resources/attachments.tsv:36151
sx-27_20-00191	ae:v3:s027:020:pass1:attach:a5	27:20	w-s027-a020-w007	w-s027-a020-w008		m-w-s027-a020-w007-01	m-w-s027-a020-w008-02		27:20:7:1	27:20:8:2		q:27:20:9	q:27:20:10		9	10		direct_object	syntactically_forced	high			IV	NOUN_CONCRETE	explicit		fallback_morpheme_aligned	case_government;local_syntax	الْهُدْهُدَ is the object of أَرَى.	resources/attachments.tsv:36152
sx-27_20-00192	ae:v3:s027:020:pass1:attach:a6	27:20	w-s027-a020-w007	w-s027-a020-w010		m-w-s027-a020-w007-01	m-w-s027-a020-w010-01		27:20:7:1	27:20:10:1		q:27:20:9	q:27:20:12		9	12		conjoined	strongly_licensed	high			IV	PV			fallback_morpheme_aligned	local_syntax	أَمْ coordinates كَانَ as an alternative to أَرَى.	resources/attachments.tsv:36153
sx-27_20-00193	ae:v3:s027:020:pass1:attach:a7	27:20	w-s027-a020-w010	w-s027-a020-w012	w-s027-a020-w011	m-w-s027-a020-w010-01	m-w-s027-a020-w012-02	m-w-s027-a020-w011-01	27:20:10:1	27:20:12:2	27:20:11:1	q:27:20:12	q:27:20:14	q:27:20:13	12	14	13	prep_complement	syntactically_forced	high			PV	NOUN_ACTIVE_PART		مِن	fallback_morpheme_aligned	case_government;local_syntax	الْغَائِبِينَ is governed by مِنَ as the predicate complement of كَانَ.	resources/attachments.tsv:36154
sx-27_20-00194	ae:v3:s027:020:pass1:attach:a8	27:20	w-s027-a020-w010	w-s027-a020-w012		m-w-s027-a020-w010-01	m-w-s027-a020-w012-02		27:20:10:1	27:20:12:2		q:27:20:12	q:27:20:14		12	14		kana_predicate	syntactically_forced	high			PV	NOUN_ACTIVE_PART			fallback_morpheme_aligned	local_syntax;case_government	مِنَ الْغَائِبِينَ is the predicate of كَانَ.	resources/attachments.tsv:36155
sx-27_20-00195	ae:v3:s027:020:pass1:attach:a9	27:20	w-s027-a020-w004	w-s027-a020-w005		m-w-s027-a020-w004-01	m-w-s027-a020-w005-01		27:20:4:1	27:20:5:1		q:27:20:6	q:27:20:7		6	7		predication	strongly_licensed	high			NEG_PART	PREP			position_morpheme_aligned	local_syntax;case_government	لِيَ supplies the predicate complement in the nominal question مَا لِيَ.	resources/attachments.tsv:36156
sx-27_21-00196	ae:v3:s027:021:pass1:attach:a1	27:21	w-s027-a021-w001	w-s027-a021-w001		m-w-s027-a021-w001-02	m-w-s027-a021-w001-04		27:21:1:2	27:21:1:4		q:27:21:2	q:27:21:2		2	2		direct_object	syntactically_forced	high		object_suffix	IV		clitic		position_morpheme_aligned	morphology;local_syntax	The suffix ـهُ in أُعَذِّبَنَّهُ is the object of أُعَذِّبَ after the verbal agreement.	resources/attachments.tsv:36157
sx-27_21-00197	ae:v3:s027:021:pass1:attach:a2	27:21	w-s027-a021-w001	w-s027-a021-w001		m-w-s027-a021-w001-02	m-w-s027-a021-w001-02		27:21:1:2	27:21:1:2		q:27:21:2	q:27:21:3		2	3		cognate_acc	strongly_licensed	high			IV	NOUN_ABSTRACT			fallback_morpheme_aligned	morphology;local_syntax	عَذَابًا repeats the root sense of أُعَذِّبَنَّهُ as a cognate accusative.	resources/attachments.tsv:36158
sx-27_21-00198	ae:v3:s027:021:pass1:attach:a3	27:21	w-s027-a021-w001	w-s027-a021-w003		m-w-s027-a021-w001-02	m-w-s027-a021-w003-01		27:21:1:2	27:21:3:1		q:27:21:3	q:27:21:4		3	4		adjective	strongly_licensed	high			NOUN_ABSTRACT	ADJ_QUALIT			fallback_morpheme_aligned	agreement;local_syntax	شَدِيدًا agrees with عَذَابًا in accusative indefinite masculine description.	resources/attachments.tsv:36159
sx-27_21-00199	ae:v3:s027:021:pass1:attach:a4	27:21	w-s027-a021-w005	w-s027-a021-w005		m-w-s027-a021-w005-02	m-w-s027-a021-w005-04		27:21:5:2	27:21:5:4		q:27:21:7	q:27:21:7		7	7		direct_object	syntactically_forced	high		object_suffix	IV		clitic		position_morpheme_aligned	morphology;local_syntax	The suffix ـهُ in أَذْبَحَنَّهُ is the object of أَذْبَحَ after the verbal agreement.	resources/attachments.tsv:36160
sx-27_21-00200	ae:v3:s027:021:pass1:attach:a5	27:21	w-s027-a021-w007	w-s027-a021-w007		m-w-s027-a021-w007-02	m-w-s027-a021-w007-04		27:21:7:2	27:21:7:4		q:27:21:10	q:27:21:10		10	10		direct_object	strongly_licensed	high		object_suffix	IV		clitic		position_morpheme_aligned	morphology;local_syntax	The suffix ـنِي in يَأْتِيَنِّي marks the first-person object or goal governed by يَأْتِي.	resources/attachments.tsv:36161
sx-27_21-00201	ae:v3:s027:021:pass1:attach:a6	27:21	w-s027-a021-w007	w-s027-a021-w008	w-s027-a021-w008	m-w-s027-a021-w007-02	m-w-s027-a021-w008-02	m-w-s027-a021-w008-01	27:21:7:2	27:21:8:2	27:21:8:1	q:27:21:10	q:27:21:12	q:27:21:11	10	12	11	prep_complement	syntactically_forced	high			IV	NOUN_ABSTRACT		بـ	position_morpheme_aligned	case_government;local_syntax	سُلْطَانٍ is governed by بِ as the complement brought with يَأْتِيَنِّي.	resources/attachments.tsv:36162
sx-27_21-00202	ae:v3:s027:021:pass1:attach:a7	27:21	w-s027-a021-w008	w-s027-a021-w009		m-w-s027-a021-w008-02	m-w-s027-a021-w009-01		27:21:8:2	27:21:9:1		q:27:21:12	q:27:21:13		12	13		adjective	strongly_licensed	high			NOUN_ABSTRACT	NOUN_ACTIVE_PART			position_morpheme_aligned	agreement;local_syntax	مُبِينٍ agrees with سُلْطَانٍ in genitive indefinite description.	resources/attachments.tsv:36163
sx-27_22-00203	ae:v3:s027:022:pass1:attach:a1	27:22	w-s027-a022-w001	w-s027-a022-w002		m-w-s027-a022-w001-02	m-w-s027-a022-w002-01		27:22:1:2	27:22:2:1		q:27:22:2	q:27:22:3		2	3		adverbial	strongly_licensed	high			PV	NOUN_ABSTRACT			position_morpheme_aligned	case_government;local_syntax	غَيْرَ functions adverbially with مَكَثَ, expressing that the staying was not long.	resources/attachments.tsv:36164
sx-27_22-00204	ae:v3:s027:022:pass1:attach:a2	27:22	w-s027-a022-w002	w-s027-a022-w003		m-w-s027-a022-w002-01	m-w-s027-a022-w003-01		27:22:2:1	27:22:3:1		q:27:22:3	q:27:22:4		3	4		idafa	syntactically_forced	high			NOUN_ABSTRACT	ADJ_QUALIT			position_morpheme_aligned	morphology;case_government	بَعِيدٍ is genitive as the complement of the construct-like غَيْرَ.	resources/attachments.tsv:36165
sx-27_22-00205	ae:v3:s027:022:pass1:attach:a3	27:22	w-s027-a022-w004	w-s027-a022-w005		m-w-s027-a022-w004-02	m-w-s027-a022-w005-01		27:22:4:2	27:22:5:1		q:27:22:6	q:27:22:7		6	7		quoted_complement	syntactically_forced	high			PV	PV			position_morpheme_aligned	local_syntax	The utterance أَحَطتُ … يَقِينٍ is the quoted content of قَالَ, with the speech verb outside the span.	resources/attachments.tsv:36166
sx-27_22-00206	ae:v3:s027:022:pass1:attach:a4	27:22	w-s027-a022-w005	w-s027-a022-w006	w-s027-a022-w006	m-w-s027-a022-w005-01	m-w-s027-a022-w006-02	m-w-s027-a022-w006-01	27:22:5:1	27:22:6:2	27:22:6:1	q:27:22:7	q:27:22:9	q:27:22:8	7	9	8	prep_complement	syntactically_forced	high			PV	REL_PRON		بـ	position_morpheme_aligned	case_government;local_syntax	مَا is governed by بِ as the complement of أَحَطتُ.	resources/attachments.tsv:36167
sx-27_22-00207	ae:v3:s027:022:pass1:attach:a5	27:22	w-s027-a022-w007	w-s027-a022-w008		m-w-s027-a022-w007-01	m-w-s027-a022-w008-01		27:22:7:1	27:22:8:1		q:27:22:10	q:27:22:11		10	11		particle_complement	syntactically_forced	high			JUSSIVE_PART	IV			position_morpheme_aligned	local_syntax;morphology	لَمْ governs تُحِطْ and makes it the jussive verbal complement of the negating particle.	resources/attachments.tsv:36168
sx-27_22-00208	ae:v3:s027:022:pass1:attach:a6	27:22	w-s027-a022-w008	w-s027-a022-w009	w-s027-a022-w009	m-w-s027-a022-w008-01	m-w-s027-a022-w009-02	m-w-s027-a022-w009-01	27:22:8:1	27:22:9:2	27:22:9:1	q:27:22:11	q:27:22:12	q:27:22:12	11	12	12	prep_complement	syntactically_forced	high		pronoun_suffix	IV			بـ	position_morpheme_aligned	case_government;morphology	In بِهِ the prefix بِ governs the pronoun ـهِ as the complement of تُحِطْ.	resources/attachments.tsv:36169
sx-27_22-00209	ae:v3:s027:022:pass1:attach:a7	27:22	w-s027-a022-w010	w-s027-a022-w010		m-w-s027-a022-w010-02	m-w-s027-a022-w010-02		27:22:10:2	27:22:10:2		q:27:22:14	q:27:22:14		14	14		direct_object	strongly_licensed	high		object_suffix	PV		clitic		position_morpheme_aligned	morphology;local_syntax	The suffix ـكَ in جِئْتُكَ marks the addressee reached by جِئْتُ.	resources/attachments.tsv:36170
sx-27_22-00210	ae:v3:s027:022:pass1:attach:a8	27:22	w-s027-a022-w010	w-s027-a022-w012	w-s027-a022-w011	m-w-s027-a022-w010-02	m-w-s027-a022-w012-01	m-w-s027-a022-w011-01	27:22:10:2	27:22:12:1	27:22:11:1	q:27:22:14	q:27:22:16	q:27:22:15	14	16	15	prep_complement	syntactically_forced	high			PV	NOUN_PROP		مِن	fallback_morpheme_aligned	case_government;local_syntax	سَبَإٍ is governed by مِن as the source of جِئْتُكَ.	resources/attachments.tsv:36171
sx-27_22-00211	ae:v3:s027:022:pass1:attach:a9	27:22	w-s027-a022-w010	w-s027-a022-w013	w-s027-a022-w012	m-w-s027-a022-w010-02	m-w-s027-a022-w013-02	m-w-s027-a022-w012-01	27:22:10:2	27:22:13:2	27:22:12:1	q:27:22:14	q:27:22:18	q:27:22:17	14	18	17	prep_complement	syntactically_forced	high			PV	NOUN_ABSTRACT		بـ	position_morpheme_aligned	case_government;local_syntax	نَبَإٍ is governed by بِ as the thing brought with جِئْتُكَ.	resources/attachments.tsv:36172
sx-27_22-00212	ae:v3:s027:022:pass1:attach:a10	27:22	w-s027-a022-w013	w-s027-a022-w014		m-w-s027-a022-w013-02	m-w-s027-a022-w014-01		27:22:13:2	27:22:14:1		q:27:22:18	q:27:22:19		18	19		adjective	strongly_licensed	high			NOUN_ABSTRACT	NOUN_ABSTRACT			fallback_morpheme_aligned	agreement;local_syntax	يَقِينٍ agrees with نَبَإٍ in genitive indefinite description.	resources/attachments.tsv:36173
sx-27_23-00213	ae:v3:s027:023:pass1:attach:a1	27:23	w-s027-a023-w001	w-s027-a023-w001		m-w-s027-a023-w001-01	m-w-s027-a023-w001-02		27:23:1:1	27:23:1:2		q:27:23:1	q:27:23:1		1	1		particle_complement	syntactically_forced	high	particle_segment	pronoun_suffix					position_morpheme_aligned	morphology;local_syntax	The suffix ـي in إِنِّي is the governed ism of إِنَّ.	resources/attachments.tsv:36174
sx-27_23-00214	ae:v3:s027:023:pass1:attach:a2	27:23	w-s027-a023-w001	w-s027-a023-w002		m-w-s027-a023-w001-01	m-w-s027-a023-w002-01		27:23:1:1	27:23:2:1		q:27:23:1	q:27:23:2		1	2		predication	strongly_licensed	high			ANNUL_PART	PV			position_morpheme_aligned	local_syntax	وَجَدتُّ ٱمْرَأَةً تَمْلِكُهُمْ supplies the khabar content for إِنِّي.	resources/attachments.tsv:36175
sx-27_23-00215	ae:v3:s027:023:pass1:attach:a3	27:23	w-s027-a023-w002	w-s027-a023-w003		m-w-s027-a023-w002-01	m-w-s027-a023-w003-01		27:23:2:1	27:23:3:1		q:27:23:2	q:27:23:3		2	3		direct_object	syntactically_forced	high			PV	NOUN_CONCRETE	explicit		position_morpheme_aligned	case_government;local_syntax	ٱمْرَأَةً is the accusative direct object of وَجَدتُّ.	resources/attachments.tsv:36176
sx-27_23-00216	ae:v3:s027:023:pass1:attach:a4	27:23	w-s027-a023-w004	w-s027-a023-w004		m-w-s027-a023-w004-01	m-w-s027-a023-w004-02		27:23:4:1	27:23:4:2		q:27:23:4	q:27:23:4		4	4		direct_object	syntactically_forced	high		object_suffix	IV		clitic		position_morpheme_aligned	morphology;local_syntax	The suffix ـهُمْ in تَمْلِكُهُمْ is the object governed by تَمْلِكُ.	resources/attachments.tsv:36177
sx-27_23-00217	ae:v3:s027:023:pass1:attach:a5	27:23	w-s027-a023-w005	w-s027-a023-w007	w-s027-a023-w006	m-w-s027-a023-w005-02	m-w-s027-a023-w007-01	m-w-s027-a023-w006-01	27:23:5:2	27:23:7:1	27:23:6:1	q:27:23:6	q:27:23:8	q:27:23:7	6	8	7	prep_complement	syntactically_forced	high			PV_PASS	NOUN_ABSTRACT		مِن	position_morpheme_aligned	case_government;local_syntax	كُلِّ is governed by مِن as the partitive complement of أُوتِيَتْ.	resources/attachments.tsv:36178
sx-27_23-00218	ae:v3:s027:023:pass1:attach:a6	27:23	w-s027-a023-w007	w-s027-a023-w008		m-w-s027-a023-w007-01	m-w-s027-a023-w008-01		27:23:7:1	27:23:8:1		q:27:23:8	q:27:23:9		8	9		idafa	syntactically_forced	high			NOUN_ABSTRACT	NOUN_ABSTRACT			position_morpheme_aligned	morphology;case_government	شَىْءٍ is genitive as the muḍāf ilayhi of كُلِّ.	resources/attachments.tsv:36179
sx-27_23-00219	ae:v3:s027:023:pass1:attach:a7	27:23	w-s027-a023-w010	w-s027-a023-w009	w-s027-a023-w009	m-w-s027-a023-w010-01	m-w-s027-a023-w009-03	m-w-s027-a023-w009-02	27:23:10:1	27:23:9:3	27:23:9:2	q:27:23:12	q:27:23:11	q:27:23:11	12	11	11	prep_complement	syntactically_forced	high		pronoun_suffix	NOUN_CONCRETE			لـ	fallback_morpheme_aligned	case_government;morphology	In لَهَا the lām governs the pronoun ـهَا in the possessive predicate before عَرْشٌ.	resources/attachments.tsv:36180
sx-27_23-00220	ae:v3:s027:023:pass1:attach:a8	27:23	w-s027-a023-w010	w-s027-a023-w009		m-w-s027-a023-w010-01	m-w-s027-a023-w009-02		27:23:10:1	27:23:9:2		q:27:23:12	q:27:23:11		12	11		predication	strongly_licensed	high			NOUN_CONCRETE	PREP			fallback_morpheme_aligned	local_syntax;word_order	لَهَا is the fronted predicate of the nominal clause whose subject is عَرْشٌ.	resources/attachments.tsv:36181
sx-27_23-00221	ae:v3:s027:023:pass1:attach:a9	27:23	w-s027-a023-w010	w-s027-a023-w011		m-w-s027-a023-w010-01	m-w-s027-a023-w011-01		27:23:10:1	27:23:11:1		q:27:23:12	q:27:23:13		12	13		adjective	strongly_licensed	high			NOUN_CONCRETE	ADJ_QUALIT			fallback_morpheme_aligned	agreement;local_syntax	عَظِيمٌ agrees with عَرْشٌ in nominative indefinite description.	resources/attachments.tsv:36182
sx-27_24-00222	ae:v3:s027:024:pass1:attach:a1	27:24	w-s027-a024-w001	w-s027-a024-w001		m-w-s027-a024-w001-01	m-w-s027-a024-w001-01		27:24:1:1	27:24:1:1		q:27:24:1	q:27:24:1		1	1		direct_object	syntactically_forced	high		object_suffix	PV		clitic		position_morpheme_aligned	morphology;local_syntax	The suffix ـهَا in وَجَدتُّهَا is the first object found by وَجَدتُّ.	resources/attachments.tsv:36183
sx-27_24-00223	ae:v3:s027:024:pass1:attach:a2	27:24	w-s027-a024-w001	w-s027-a024-w002		m-w-s027-a024-w001-01	m-w-s027-a024-w002-02		27:24:1:1	27:24:2:2		q:27:24:1	q:27:24:3		1	3		direct_object	strongly_licensed	high			PV	NOUN_CONCRETE	explicit		position_morpheme_aligned	case_government;local_syntax	قَوْمَهَا is conjoined with the object suffix in وَجَدتُّهَا as another found object.	resources/attachments.tsv:36184
sx-27_24-00224	ae:v3:s027:024:pass1:attach:a3	27:24	w-s027-a024-w001	w-s027-a024-w003		m-w-s027-a024-w001-01	m-w-s027-a024-w003-01		27:24:1:1	27:24:3:1		q:27:24:1	q:27:24:4		1	4		circumstantial	strongly_licensed	high			PV	IV			position_morpheme_aligned	local_syntax	يَسْجُدُونَ لِلشَّمْسِ describes the state of هَا وَقَوْمَهَا when وَجَدتُّهَا occurred.	resources/attachments.tsv:36185
sx-27_24-00225	ae:v3:s027:024:pass1:attach:a4	27:24	w-s027-a024-w003	w-s027-a024-w004	w-s027-a024-w004	m-w-s027-a024-w003-01	m-w-s027-a024-w004-03	m-w-s027-a024-w004-01	27:24:3:1	27:24:4:3	27:24:4:1	q:27:24:4	q:27:24:6	q:27:24:5	4	6	5	prep_complement	syntactically_forced	high			IV	NOUN_PROP		لـ	position_morpheme_aligned	case_government;local_syntax	الشَّمْسِ is governed by لِ as the object of prostration with يَسْجُدُونَ.	resources/attachments.tsv:36186
sx-27_24-00226	ae:v3:s027:024:pass1:attach:a5	27:24	w-s027-a024-w003	w-s027-a024-w006	w-s027-a024-w005	m-w-s027-a024-w003-01	m-w-s027-a024-w006-01	m-w-s027-a024-w005-01	27:24:3:1	27:24:6:1	27:24:5:1	q:27:24:4	q:27:24:8	q:27:24:7	4	8	7	prep_complement	syntactically_forced	high			IV	NOUN_ABSTRACT		مِن	position_morpheme_aligned	case_government;local_syntax	دُونِ is governed by مِن in the phrase مِن دُونِ ٱللَّهِ attached to يَسْجُدُونَ.	resources/attachments.tsv:36187
sx-27_24-00227	ae:v3:s027:024:pass1:attach:a6	27:24	w-s027-a024-w006	w-s027-a024-w007		m-w-s027-a024-w006-01	m-w-s027-a024-w007-01		27:24:6:1	27:24:7:1		q:27:24:8	q:27:24:9		8	9		idafa	syntactically_forced	high			NOUN_ABSTRACT	NOUN_PROP			position_morpheme_aligned	morphology;case_government	ٱللَّهِ is genitive as the muḍāf ilayhi of دُونِ.	resources/attachments.tsv:36188
sx-27_24-00228	ae:v3:s027:024:pass1:attach:a7	27:24	w-s027-a024-w008	w-s027-a024-w009	w-s027-a024-w009	m-w-s027-a024-w008-02	m-w-s027-a024-w009-02	m-w-s027-a024-w009-01	27:24:8:2	27:24:9:2	27:24:9:1	q:27:24:11	q:27:24:13	q:27:24:12	11	13	12	prep_complement	syntactically_forced	high			PV	PRON		لـ	position_morpheme_aligned	case_government;local_syntax	هُمُ is governed by لَ as the beneficiary complement of زَيَّنَ.	resources/attachments.tsv:36189
sx-27_24-00229	ae:v3:s027:024:pass1:attach:a8	27:24	w-s027-a024-w008	w-s027-a024-w010		m-w-s027-a024-w008-02	m-w-s027-a024-w010-02		27:24:8:2	27:24:10:2		q:27:24:11	q:27:24:14		11	14		subject	strongly_licensed	high			PV	NOUN_CONCRETE			position_morpheme_aligned	agreement;word_order	ٱلشَّيْطَانُ is the delayed nominative subject of زَيَّنَ.	resources/attachments.tsv:36190
sx-27_24-00230	ae:v3:s027:024:pass1:attach:a9	27:24	w-s027-a024-w008	w-s027-a024-w011		m-w-s027-a024-w008-02	m-w-s027-a024-w011-01		27:24:8:2	27:24:11:1		q:27:24:11	q:27:24:15		11	15		direct_object	syntactically_forced	high			PV	NOUN_ABSTRACT	explicit		position_morpheme_aligned	case_government;local_syntax	أَعْمَالَهُمْ is the accusative direct object of زَيَّنَ.	resources/attachments.tsv:36191
sx-27_24-00231	ae:v3:s027:024:pass1:attach:a10	27:24	w-s027-a024-w012	w-s027-a024-w012		m-w-s027-a024-w012-02	m-w-s027-a024-w012-03		27:24:12:2	27:24:12:3		q:27:24:17	q:27:24:17		17	17		direct_object	syntactically_forced	high		object_suffix	PV		clitic		position_morpheme_aligned	morphology;local_syntax	The suffix ـهُمْ in صَدَّهُمْ is the object blocked by صَدَّ.	resources/attachments.tsv:36192
sx-27_24-00232	ae:v3:s027:024:pass1:attach:a11	27:24	w-s027-a024-w012	w-s027-a024-w014	w-s027-a024-w013	m-w-s027-a024-w012-02	m-w-s027-a024-w014-02	m-w-s027-a024-w013-01	27:24:12:2	27:24:14:2	27:24:13:1	q:27:24:17	q:27:24:19	q:27:24:18	17	19	18	prep_complement	syntactically_forced	high			PV	NOUN_ABSTRACT		عَن	position_morpheme_aligned	case_government;local_syntax	ٱلسَّبِيلِ is governed by عَنِ as what they are turned away from by صَدَّهُمْ.	resources/attachments.tsv:36193
sx-27_24-00233	ae:v3:s027:024:pass1:attach:a12	27:24	w-s027-a024-w016	w-s027-a024-w017		m-w-s027-a024-w016-01	m-w-s027-a024-w017-01		27:24:16:1	27:24:17:1		q:27:24:22	q:27:24:23		22	23		particle_complement	strongly_licensed	high			NEG_PART	IV			position_morpheme_aligned	local_syntax	لَا negates يَهْتَدُونَ, making the verb its negative particle complement.	resources/attachments.tsv:36194
sx-27_24-00234	ae:v3:s027:024:pass1:attach:a13	27:24	w-s027-a024-w015	w-s027-a024-w017		m-w-s027-a024-w015-02	m-w-s027-a024-w017-01		27:24:15:2	27:24:17:1		q:27:24:21	q:27:24:23		21	23		predication	strongly_licensed	high			PRON	IV			position_morpheme_aligned	local_syntax;word_order	لَا يَهْتَدُونَ is the predicate of the independent pronoun هُمْ.	resources/attachments.tsv:36195
sx-27_25-00235	ae:v3:s027:025:pass1:attach:a1	27:25	w-s027-a025-w001	w-s027-a025-w002			m-w-s027-a025-w002-01		27:25:1	27:25:2:1		q:27:25:1	q:27:25:2		1	2		particle_complement	syntactically_forced	high			SUBJUNC_PART	IV			position_word_aligned	local_syntax;morphology	أَلَّا governs the subjunctive verb يَسْجُدُوا.	resources/attachments.tsv:36196
sx-27_25-00236	ae:v3:s027:025:pass1:attach:a2	27:25	w-s027-a025-w002	w-s027-a025-w003	w-s027-a025-w003	m-w-s027-a025-w002-01	m-w-s027-a025-w003-02	m-w-s027-a025-w003-01	27:25:2:1	27:25:3:2	27:25:3:1	q:27:25:2	q:27:25:4	q:27:25:3	2	4	3	prep_complement	syntactically_forced	high			IV	NOUN_PROP		لـ	position_morpheme_aligned	case_government;local_syntax	لَّهِ is governed by لِ as the object of prostration with يَسْجُدُوا.	resources/attachments.tsv:36197
sx-27_25-00237	ae:v3:s027:025:pass1:attach:a3	27:25	w-s027-a025-w005	w-s027-a025-w006		m-w-s027-a025-w005-01	m-w-s027-a025-w006-02		27:25:5:1	27:25:6:2		q:27:25:6	q:27:25:7		6	7		direct_object	syntactically_forced	high			IV	NOUN_CONCRETE	explicit		position_morpheme_aligned	case_government;local_syntax	ٱلْخَبْءَ is the accusative direct object of يُخْرِجُ.	resources/attachments.tsv:36198
sx-27_25-00238	ae:v3:s027:025:pass1:attach:a4	27:25	w-s027-a025-w006	w-s027-a025-w008	w-s027-a025-w007	m-w-s027-a025-w006-02	m-w-s027-a025-w008-02	m-w-s027-a025-w007-01	27:25:6:2	27:25:8:2	27:25:7:1	q:27:25:7	q:27:25:9	q:27:25:8	7	9	8	prep_complement	syntactically_forced	high			NOUN_CONCRETE	NOUN_CONCRETE		فِي	position_morpheme_aligned	case_government;local_syntax	ٱلسَّمَاوَاتِ is governed by فِي as the location of ٱلْخَبْءَ.	resources/attachments.tsv:36199
sx-27_25-00239	ae:v3:s027:025:pass1:attach:a5	27:25	w-s027-a025-w008	w-s027-a025-w009		m-w-s027-a025-w008-02	m-w-s027-a025-w009-03		27:25:8:2	27:25:9:3		q:27:25:9	q:27:25:11		9	11		conjoined	strongly_licensed	high			NOUN_CONCRETE	NOUN_CONCRETE			position_morpheme_aligned	parallelism;local_syntax	ٱلْأَرْضِ is conjoined with ٱلسَّمَاوَاتِ under the same فِي phrase.	resources/attachments.tsv:36200
sx-27_25-00240	ae:v3:s027:025:pass1:attach:a6	27:25	w-s027-a025-w005	w-s027-a025-w010		m-w-s027-a025-w005-01	m-w-s027-a025-w010-02		27:25:5:1	27:25:10:2		q:27:25:6	q:27:25:13		6	13		conjoined	strongly_licensed	high			IV	IV			position_morpheme_aligned	parallelism;local_syntax	يَعْلَمُ is conjoined with يُخْرِجُ in the relative description of ٱللَّهِ.	resources/attachments.tsv:36201
sx-27_25-00241	ae:v3:s027:025:pass1:attach:a7	27:25	w-s027-a025-w010	w-s027-a025-w011		m-w-s027-a025-w010-02	m-w-s027-a025-w011-01		27:25:10:2	27:25:11:1		q:27:25:13	q:27:25:14		13	14		direct_object	strongly_licensed	high			IV	REL_PRON	explicit		position_morpheme_aligned	local_syntax	مَا تُخْفُونَ is a direct object phrase governed by يَعْلَمُ.	resources/attachments.tsv:36202
sx-27_25-00242	ae:v3:s027:025:pass1:attach:a8	27:25	w-s027-a025-w012	w-s027-a025-w011		m-w-s027-a025-w012-01	m-w-s027-a025-w011-01		27:25:12:1	27:25:11:1		q:27:25:15	q:27:25:14		15	14		direct_object	strongly_licensed	high			IV	REL_PRON	explicit		position_morpheme_aligned	local_syntax	مَا is also the object concealed by تُخْفُونَ within its relative clause.	resources/attachments.tsv:36203
sx-27_25-00243	ae:v3:s027:025:pass1:attach:a9	27:25	w-s027-a025-w010	w-s027-a025-w013		m-w-s027-a025-w010-02	m-w-s027-a025-w013-02		27:25:10:2	27:25:13:2		q:27:25:13	q:27:25:17		13	17		direct_object	strongly_licensed	high			IV	REL_PRON	explicit		position_morpheme_aligned	local_syntax	مَا تُعْلِنُونَ is the second direct object phrase governed by يَعْلَمُ.	resources/attachments.tsv:36204
sx-27_25-00244	ae:v3:s027:025:pass1:attach:a10	27:25	w-s027-a025-w011	w-s027-a025-w013		m-w-s027-a025-w011-01	m-w-s027-a025-w013-02		27:25:11:1	27:25:13:2		q:27:25:14	q:27:25:17		14	17		conjoined	strongly_licensed	high			REL_PRON	REL_PRON			position_morpheme_aligned	parallelism;local_syntax	مَا in وَمَا تُعْلِنُونَ is coordinated with مَا تُخْفُونَ.	resources/attachments.tsv:36205
sx-27_25-00245	ae:v3:s027:025:pass1:attach:a11	27:25	w-s027-a025-w014	w-s027-a025-w013		m-w-s027-a025-w014-01	m-w-s027-a025-w013-02		27:25:14:1	27:25:13:2		q:27:25:18	q:27:25:17		18	17		direct_object	strongly_licensed	high			IV	REL_PRON	explicit		position_morpheme_aligned	local_syntax	مَا is also the object made public by تُعْلِنُونَ within its relative clause.	resources/attachments.tsv:36206
sx-27_26-00246	ae:v3:s027:026:pass1:attach:a1	27:26	w-s027-a026-w002	w-s027-a026-w003		m-w-s027-a026-w002-01	m-w-s027-a026-w003-01		27:26:2:1	27:26:3:1		q:27:26:2	q:27:26:3		2	3		particle_complement	syntactically_forced	high			NEG_PART	NOUN_CONCRETE			position_morpheme_aligned	local_syntax;case_government	إِلَهَ is the governed ism of categorical لَا.	resources/attachments.tsv:36207
sx-27_26-00247	ae:v3:s027:026:pass1:attach:a2	27:26	w-s027-a026-w003	w-s027-a026-w005		m-w-s027-a026-w003-01	m-w-s027-a026-w005-01		27:26:3:1	27:26:5:1		q:27:26:3	q:27:26:5		3	5		exception	syntactically_forced	high			NOUN_CONCRETE	PRON			position_morpheme_aligned	local_syntax	هُوَ is the excepted term after إِلَّا within لَا إِلَهَ.	resources/attachments.tsv:36208
sx-27_26-00248	ae:v3:s027:026:pass1:attach:a3	27:26	w-s027-a026-w001	w-s027-a026-w003		m-w-s027-a026-w001-01	m-w-s027-a026-w003-01		27:26:1:1	27:26:3:1		q:27:26:1	q:27:26:3		1	3		predication	strongly_licensed	high			NOUN_PROP	NOUN_CONCRETE			position_morpheme_aligned	local_syntax	لَا إِلَهَ إِلَّا هُوَ functions as a predicate declaration attached to ٱللَّهُ.	resources/attachments.tsv:36209
sx-27_26-00249	ae:v3:s027:026:pass1:attach:a4	27:26	w-s027-a026-w001	w-s027-a026-w006		m-w-s027-a026-w001-01	m-w-s027-a026-w006-01		27:26:1:1	27:26:6:1		q:27:26:1	q:27:26:6		1	6		predication	strongly_licensed	high			NOUN_PROP	NOUN_CONCRETE			position_morpheme_aligned	local_syntax	رَبُّ is a second predicate of ٱللَّهُ.	resources/attachments.tsv:36210
sx-27_26-00250	ae:v3:s027:026:pass1:attach:a5	27:26	w-s027-a026-w006	w-s027-a026-w007		m-w-s027-a026-w006-01	m-w-s027-a026-w007-02		27:26:6:1	27:26:7:2		q:27:26:6	q:27:26:7		6	7		idafa	syntactically_forced	high			NOUN_CONCRETE	NOUN_CONCRETE			position_morpheme_aligned	morphology;case_government	ٱلْعَرْشِ is genitive as the muḍāf ilayhi of رَبُّ.	resources/attachments.tsv:36211
sx-27_26-00251	ae:v3:s027:026:pass1:attach:a6	27:26	w-s027-a026-w007	w-s027-a026-w008		m-w-s027-a026-w007-02	m-w-s027-a026-w008-02		27:26:7:2	27:26:8:2		q:27:26:7	q:27:26:8		7	8		adjective	strongly_licensed	high			NOUN_CONCRETE	ADJ_QUALIT			position_morpheme_aligned	agreement;local_syntax	ٱلْعَظِيمِ agrees with ٱلْعَرْشِ in genitive definite description.	resources/attachments.tsv:36212
sx-27_27-00252	ae:v3:s027:027:pass1:attach:a1	27:27	w-s027-a027-w001	w-s027-a027-w002		m-w-s027-a027-w001-01	m-w-s027-a027-w002-02		27:27:1:1	27:27:2:2		q:27:27:1	q:27:27:2		1	2		quoted_complement	syntactically_forced	high			PV	IV			position_morpheme_aligned	local_syntax	The full reply سَنَنظُرُ … ٱلْكَاذِبِينَ is the quoted content of قَالَ.	resources/attachments.tsv:36213
sx-27_27-00253	ae:v3:s027:027:pass1:attach:a2	27:27	w-s027-a027-w002	w-s027-a027-w003		m-w-s027-a027-w002-02	m-w-s027-a027-w003-02		27:27:2:2	27:27:3:2		q:27:27:2	q:27:27:3		2	3		clausal_complement	syntactically_forced	high			IV	PV			fallback_morpheme_aligned	local_syntax	أَصَدَقْتَ أَمْ كُنتَ مِنَ ٱلْكَاذِبِينَ is the embedded interrogative content governed by سَنَنظُرُ.	resources/attachments.tsv:36214
sx-27_27-00254	ae:v3:s027:027:pass1:attach:a3	27:27	w-s027-a027-w003	w-s027-a027-w005		m-w-s027-a027-w003-02	m-w-s027-a027-w005-01		27:27:3:2	27:27:5:1		q:27:27:3	q:27:27:5		3	5		conjoined	strongly_licensed	high			PV	PV			fallback_morpheme_aligned	parallelism;local_syntax	كُنتَ is coordinated with أَصَدَقْتَ by أَمْ as the second interrogative branch.	resources/attachments.tsv:36215
sx-27_27-00255	ae:v3:s027:027:pass1:attach:a4	27:27	w-s027-a027-w005	w-s027-a027-w007	w-s027-a027-w006	m-w-s027-a027-w005-01	m-w-s027-a027-w007-02	m-w-s027-a027-w006-01	27:27:5:1	27:27:7:2	27:27:6:1	q:27:27:5	q:27:27:7	q:27:27:6	5	7	6	prep_complement	syntactically_forced	high			PV	NOUN_ACTIVE_PART		مِن	fallback_morpheme_aligned	case_government;local_syntax	ٱلْكَاذِبِينَ is governed by مِنَ in the predicate phrase of كُنتَ.	resources/attachments.tsv:36216
sx-27_27-00256	ae:v3:s027:027:pass1:attach:a5	27:27	w-s027-a027-w005	w-s027-a027-w007		m-w-s027-a027-w005-01	m-w-s027-a027-w007-02		27:27:5:1	27:27:7:2		q:27:27:5	q:27:27:7		5	7		kana_predicate	strongly_licensed	high			PV	NOUN_ACTIVE_PART			fallback_morpheme_aligned	local_syntax	مِنَ ٱلْكَاذِبِينَ is the predicate of the kāna verb كُنتَ.	resources/attachments.tsv:36217
sx-27_28-00257	ae:v3:s027:028:pass1:attach:a1	27:28	w-s027-a028-w001	w-s027-a028-w002	w-s027-a028-w002	m-w-s027-a028-w001-01	m-w-s027-a028-w002-02	m-w-s027-a028-w002-01	27:28:1:1	27:28:2:2	27:28:2:1	q:27:28:1	q:27:28:3	q:27:28:2	1	3	2	prep_complement	syntactically_forced	high			CV	NOUN_CONCRETE		بـ	position_morpheme_aligned	case_government;local_syntax	كِتَابِي is governed by بِ as the item taken with ٱذْهَب.	resources/attachments.tsv:36218
sx-27_28-00258	ae:v3:s027:028:pass1:attach:a2	27:28	w-s027-a028-w002	w-s027-a028-w003		m-w-s027-a028-w002-02	m-w-s027-a028-w003-01		27:28:2:2	27:28:3:1		q:27:28:3	q:27:28:4		3	4		adjective	strongly_licensed	high			NOUN_CONCRETE	DEM_PRON_MS			position_morpheme_aligned	local_syntax	هَذَا demonstratively qualifies كِتَابِي.	resources/attachments.tsv:36219
sx-27_28-00259	ae:v3:s027:028:pass1:attach:a3	27:28	w-s027-a028-w004	w-s027-a028-w004		m-w-s027-a028-w004-02	m-w-s027-a028-w004-03		27:28:4:2	27:28:4:3		q:27:28:6	q:27:28:6		6	6		direct_object	syntactically_forced	high		object_suffix	CV		clitic		position_morpheme_aligned	morphology;local_syntax	The suffix ـهْ in أَلْقِهْ is the object to be cast or delivered.	resources/attachments.tsv:36220
sx-27_28-00260	ae:v3:s027:028:pass1:attach:a4	27:28	w-s027-a028-w004	w-s027-a028-w005	w-s027-a028-w005	m-w-s027-a028-w004-02	m-w-s027-a028-w005-02	m-w-s027-a028-w005-01	27:28:4:2	27:28:5:2	27:28:5:1	q:27:28:6	q:27:28:7	q:27:28:7	6	7	7	prep_complement	syntactically_forced	high		pronoun_suffix	CV			إِلَى	position_morpheme_aligned	case_government;morphology	In إِلَيْهِمْ the preposition إِلَى governs the pronoun ـهِمْ as recipient complement of أَلْقِهْ.	resources/attachments.tsv:36221
sx-27_28-00261	ae:v3:s027:028:pass1:attach:a5	27:28	w-s027-a028-w007	w-s027-a028-w008	w-s027-a028-w008	m-w-s027-a028-w007-01	m-w-s027-a028-w008-02	m-w-s027-a028-w008-01	27:28:7:1	27:28:8:2	27:28:8:1	q:27:28:9	q:27:28:10	q:27:28:10	9	10	10	prep_complement	syntactically_forced	high		pronoun_suffix	PV			عَن	position_morpheme_aligned	case_government;morphology	In عَنْهُمْ the preposition عَن governs ـهُمْ as the complement of تَوَلَّ.	resources/attachments.tsv:36222
sx-27_28-00262	ae:v3:s027:028:pass1:attach:a6	27:28	w-s027-a028-w009	w-s027-a028-w010		m-w-s027-a028-w009-02	m-w-s027-a028-w010-01		27:28:9:2	27:28:10:1		q:27:28:12	q:27:28:13		12	13		clausal_complement	syntactically_forced	high			CV	INTERROG_PART			position_morpheme_aligned	local_syntax	مَاذَا يَرْجِعُونَ is the indirect-question complement governed by ٱنظُرْ.	resources/attachments.tsv:36223
sx-27_28-00263	ae:v3:s027:028:pass1:attach:a7	27:28	w-s027-a028-w011	w-s027-a028-w010		m-w-s027-a028-w011-01	m-w-s027-a028-w010-01		27:28:11:1	27:28:10:1		q:27:28:14	q:27:28:13		14	13		direct_object	strongly_licensed	high			IV	INTERROG_PART	explicit		position_morpheme_aligned	local_syntax	مَاذَا is the interrogative object returned or reported by يَرْجِعُونَ.	resources/attachments.tsv:36224
sx-27_29-00264	ae:v3:s027:029:pass1:attach:a1	27:29	w-s027-a029-w001	w-s027-a029-w002		m-w-s027-a029-w001-01	m-w-s027-a029-w002-02		27:29:1:1	27:29:2:2		q:27:29:1	q:27:29:2		1	2		quoted_complement	syntactically_forced	high			PV	VOC_PART			position_morpheme_aligned	local_syntax	The full address and report يَا أَيُّهَا ٱلْمَلَؤُا … كَرِيمٌ is the quoted content of قَالَتْ.	resources/attachments.tsv:36225
sx-27_29-00265	ae:v3:s027:029:pass1:attach:a2	27:29	w-s027-a029-w002	w-s027-a029-w002		m-w-s027-a029-w002-02	m-w-s027-a029-w002-02		27:29:2:2	27:29:2:2		q:27:29:2	q:27:29:3		2	3		vocative	syntactically_forced	high			VOC_PART	REL_PRON			position_morpheme_aligned	local_syntax	أَيُّهَا is the vocative target introduced by يَا.	resources/attachments.tsv:36226
sx-27_29-00266	ae:v3:s027:029:pass1:attach:a3	27:29	w-s027-a029-w002	w-s027-a029-w003		m-w-s027-a029-w002-02	m-w-s027-a029-w003-02		27:29:2:2	27:29:3:2		q:27:29:3	q:27:29:4		3	4		apposition	strongly_licensed	high			REL_PRON	NOUN_CONCRETE			position_morpheme_aligned	local_syntax	ٱلْمَلَؤُا is appositional to أَيُّهَا in the vocative formula.	resources/attachments.tsv:36227
sx-27_29-00267	ae:v3:s027:029:pass1:attach:a4	27:29	w-s027-a029-w004	w-s027-a029-w004		m-w-s027-a029-w004-01	m-w-s027-a029-w004-02		27:29:4:1	27:29:4:2		q:27:29:5	q:27:29:5		5	5		particle_complement	syntactically_forced	high	particle_segment	pronoun_suffix					position_morpheme_aligned	morphology;local_syntax	The suffix ـي in إِنِّي is the governed ism of إِنَّ.	resources/attachments.tsv:36228
sx-27_29-00268	ae:v3:s027:029:pass1:attach:a5	27:29	w-s027-a029-w004	w-s027-a029-w005		m-w-s027-a029-w004-01	m-w-s027-a029-w005-01		27:29:4:1	27:29:5:1		q:27:29:5	q:27:29:6		5	6		predication	strongly_licensed	high			ANNUL_PART	PV_PASS			position_morpheme_aligned	local_syntax	أُلْقِيَ إِلَيَّ كِتَابٌ كَرِيمٌ supplies the khabar content for إِنِّي.	resources/attachments.tsv:36229
sx-27_29-00269	ae:v3:s027:029:pass1:attach:a6	27:29	w-s027-a029-w005	w-s027-a029-w006	w-s027-a029-w006	m-w-s027-a029-w005-01	m-w-s027-a029-w006-02	m-w-s027-a029-w006-01	27:29:5:1	27:29:6:2	27:29:6:1	q:27:29:6	q:27:29:7	q:27:29:7	6	7	7	prep_complement	syntactically_forced	high		pronoun_suffix	PV_PASS			إِلَى	position_morpheme_aligned	case_government;morphology	In إِلَيَّ the preposition إِلَى governs the first-person pronoun as complement of أُلْقِيَ.	resources/attachments.tsv:36230
sx-27_29-00270	ae:v3:s027:029:pass1:attach:a7	27:29	w-s027-a029-w005	w-s027-a029-w007		m-w-s027-a029-w005-01	m-w-s027-a029-w007-01		27:29:5:1	27:29:7:1		q:27:29:6	q:27:29:8		6	8		subject	syntactically_forced	high			PV_PASS	NOUN_CONCRETE			position_morpheme_aligned	agreement;case_government	كِتَابٌ is the nominative passive subject of أُلْقِيَ.	resources/attachments.tsv:36231
sx-27_29-00271	ae:v3:s027:029:pass1:attach:a8	27:29	w-s027-a029-w007	w-s027-a029-w008		m-w-s027-a029-w007-01	m-w-s027-a029-w008-01		27:29:7:1	27:29:8:1		q:27:29:8	q:27:29:9		8	9		adjective	strongly_licensed	high			NOUN_CONCRETE	ADJ_QUALIT			position_morpheme_aligned	agreement;local_syntax	كَرِيمٌ agrees with كِتَابٌ in nominative indefinite description.	resources/attachments.tsv:36232
sx-27_30-00272	ae:v3:s027:030:pass1:attach:a1	27:30	w-s027-a030-w001	w-s027-a030-w001		m-w-s027-a030-w001-01	m-w-s027-a030-w001-02		27:30:1:1	27:30:1:2		q:27:30:1	q:27:30:1		1	1		particle_complement	syntactically_forced	high	particle_segment	pronoun_suffix					position_morpheme_aligned	morphology;local_syntax	The suffix ـهُ in إِنَّهُ is the governed ism of إِنَّ.	resources/attachments.tsv:36233
sx-27_30-00273	ae:v3:s027:030:pass1:attach:a2	27:30	w-s027-a030-w001	w-s027-a030-w003	w-s027-a030-w002	m-w-s027-a030-w001-01	m-w-s027-a030-w003-01	m-w-s027-a030-w002-01	27:30:1:1	27:30:3:1	27:30:2:1	q:27:30:1	q:27:30:3	q:27:30:2	1	3	2	prep_complement	syntactically_forced	high			ANNUL_PART	NOUN_PROP_FOREIGN		مِن	position_morpheme_aligned	case_government;local_syntax	سُلَيْمَانَ is governed by مِن as the source predicate for إِنَّهُ.	resources/attachments.tsv:36234
sx-27_30-00274	ae:v3:s027:030:pass1:attach:a3	27:30	w-s027-a030-w001	w-s027-a030-w003		m-w-s027-a030-w001-01	m-w-s027-a030-w003-01		27:30:1:1	27:30:3:1		q:27:30:1	q:27:30:3		1	3		predication	strongly_licensed	high			ANNUL_PART	NOUN_PROP_FOREIGN			position_morpheme_aligned	local_syntax	مِن سُلَيْمَانَ supplies the khabar of إِنَّهُ.	resources/attachments.tsv:36235
sx-27_30-00275	ae:v3:s027:030:pass1:attach:a4	27:30	w-s027-a030-w004	w-s027-a030-w004		m-w-s027-a030-w004-02	m-w-s027-a030-w004-03		27:30:4:2	27:30:4:3		q:27:30:5	q:27:30:5		5	5		particle_complement	syntactically_forced	high	particle_segment	pronoun_suffix					position_morpheme_aligned	morphology;local_syntax	The suffix ـهُ in the second إِنَّهُ is the governed ism of إِنَّ.	resources/attachments.tsv:36236
sx-27_30-00276	ae:v3:s027:030:pass1:attach:a5	27:30	w-s027-a030-w004	w-s027-a030-w005	w-s027-a030-w005	m-w-s027-a030-w004-02	m-w-s027-a030-w005-02	m-w-s027-a030-w005-01	27:30:4:2	27:30:5:2	27:30:5:1	q:27:30:5	q:27:30:7	q:27:30:6	5	7	6	prep_complement	syntactically_forced	high			ANNUL_PART	NOUN_ABSTRACT		بـ	position_morpheme_aligned	case_government;local_syntax	سْمِ is governed by بِ in the basmala predicate of وَإِنَّهُ.	resources/attachments.tsv:36237
sx-27_30-00277	ae:v3:s027:030:pass1:attach:a6	27:30	w-s027-a030-w004	w-s027-a030-w005		m-w-s027-a030-w004-02	m-w-s027-a030-w005-02		27:30:4:2	27:30:5:2		q:27:30:5	q:27:30:7		5	7		predication	strongly_licensed	high			ANNUL_PART	NOUN_ABSTRACT			position_morpheme_aligned	local_syntax	بِسْمِ ٱللَّهِ ٱلرَّحْمَانِ ٱلرَّحِيمِ supplies the khabar of the second إِنَّهُ.	resources/attachments.tsv:36238
sx-27_30-00278	ae:v3:s027:030:pass1:attach:a7	27:30	w-s027-a030-w005	w-s027-a030-w006		m-w-s027-a030-w005-02	m-w-s027-a030-w006-01		27:30:5:2	27:30:6:1		q:27:30:7	q:27:30:8		7	8		idafa	syntactically_forced	high			NOUN_ABSTRACT	NOUN_PROP			position_morpheme_aligned	morphology;case_government	ٱللَّهِ is genitive as the muḍāf ilayhi of سْمِ.	resources/attachments.tsv:36239
sx-27_30-00279	ae:v3:s027:030:pass1:attach:a8	27:30	w-s027-a030-w006	w-s027-a030-w007		m-w-s027-a030-w006-01	m-w-s027-a030-w007-02		27:30:6:1	27:30:7:2		q:27:30:8	q:27:30:9		8	9		adjective	strongly_licensed	high			NOUN_PROP	NOUN_PROP			position_morpheme_aligned	agreement;local_syntax	ٱلرَّحْمَانِ agrees with ٱللَّهِ in genitive definite appositional description.	resources/attachments.tsv:36240
sx-27_30-00280	ae:v3:s027:030:pass1:attach:a9	27:30	w-s027-a030-w006	w-s027-a030-w007		m-w-s027-a030-w006-01	m-w-s027-a030-w007-02		27:30:6:1	27:30:7:2		q:27:30:8	q:27:30:10		8	10		adjective	strongly_licensed	high			NOUN_PROP	NOUN_PROP			fallback_morpheme_aligned	agreement;local_syntax	ٱلرَّحِيمِ agrees with ٱللَّهِ in genitive definite appositional description.	resources/attachments.tsv:36241
sx-27_31-00281	ae:v3:s027:031:pass1:attach:a1	27:31	w-s027-a031-w002	w-s027-a031-w003	w-s027-a031-w003	m-w-s027-a031-w002-01	m-w-s027-a031-w003-02	m-w-s027-a031-w003-01	27:31:2:1	27:31:3:2	27:31:3:1	q:27:31:2	q:27:31:3	q:27:31:3	2	3	3	prep_complement	syntactically_forced	high		pronoun_suffix	IV			عَلَى	position_morpheme_aligned	case_government;local_syntax	عَلَىَّ supplies the governed pronoun complement of تَعْلُوا.	resources/attachments.tsv:36242
sx-27_31-00282	ae:v3:s027:031:pass1:attach:a2	27:31	w-s027-a031-w002	w-s027-a031-w004		m-w-s027-a031-w002-01	m-w-s027-a031-w004-02		27:31:2:1	27:31:4:2		q:27:31:2	q:27:31:5		2	5		conjoined	strongly_licensed	high			IV	CV			position_morpheme_aligned	local_syntax	وَ joins أْتُونِى to the preceding verbal directive تَعْلُوا.	resources/attachments.tsv:36243
sx-27_31-00283	ae:v3:s027:031:pass1:attach:a3	27:31	w-s027-a031-w004	w-s027-a031-w004		m-w-s027-a031-w004-02	m-w-s027-a031-w004-02		27:31:4:2	27:31:4:2		q:27:31:5	q:27:31:5		5	5		direct_object	syntactically_forced	high		object_suffix	CV		clitic		position_morpheme_aligned	morphology	The نِى suffix on أْتُونِى is the first-person object of the imperative.	resources/attachments.tsv:36244
sx-27_31-00284	ae:v3:s027:031:pass1:attach:a4	27:31	w-s027-a031-w004	w-s027-a031-w005		m-w-s027-a031-w004-02	m-w-s027-a031-w005-01		27:31:4:2	27:31:5:1		q:27:31:5	q:27:31:6		5	6		circumstantial	strongly_licensed	high			CV	NOUN_ACTIVE_PART			position_morpheme_aligned	case_government;local_syntax	مُسْلِمِينَ is accusative ḥāl describing those commanded by أْتُونِى.	resources/attachments.tsv:36245
sx-27_32-00285	ae:v3:s027:032:pass1:attach:a1	27:32	w-s027-a032-w001	w-s027-a032-w004		m-w-s027-a032-w001-01	m-w-s027-a032-w004-01		27:32:1:1	27:32:4:1		q:27:32:1	q:27:32:5		1	5		quoted_complement	syntactically_forced	high			PV	CV			position_morpheme_aligned	local_syntax	The utterance governed by قَالَتْ begins after the vocative and runs from أَفْتُونِى to تَشْهَدُونِ.	resources/attachments.tsv:36246
sx-27_32-00286	ae:v3:s027:032:pass1:attach:a2	27:32	w-s027-a032-w004	w-s027-a032-w002		m-w-s027-a032-w004-01	m-w-s027-a032-w002-02		27:32:4:1	27:32:2:2		q:27:32:5	q:27:32:3		5	3		vocative	strongly_licensed	high			CV	REL_PRON			position_morpheme_aligned	local_syntax;formulaic_construction	يَا أَيُّهَا addresses the audience before the command أَفْتُونِى.	resources/attachments.tsv:36247
sx-27_32-00287	ae:v3:s027:032:pass1:attach:a3	27:32	w-s027-a032-w002	w-s027-a032-w003		m-w-s027-a032-w002-02	m-w-s027-a032-w003-02		27:32:2:2	27:32:3:2		q:27:32:3	q:27:32:4		3	4		apposition	strongly_licensed	high			REL_PRON	NOUN_CONCRETE			position_morpheme_aligned	agreement;local_syntax	ٱلْمَلَؤُا۟ specifies the vocative connector أَيُّهَا.	resources/attachments.tsv:36248
sx-27_32-00288	ae:v3:s027:032:pass1:attach:a4	27:32	w-s027-a032-w004	w-s027-a032-w004		m-w-s027-a032-w004-01	m-w-s027-a032-w004-01		27:32:4:1	27:32:4:1		q:27:32:5	q:27:32:5		5	5		direct_object	syntactically_forced	high		object_suffix	CV		clitic		position_morpheme_aligned	morphology	The نِى suffix on أَفْتُونِى is the object pronoun of the imperative.	resources/attachments.tsv:36249
sx-27_32-00289	ae:v3:s027:032:pass1:attach:a5	27:32	w-s027-a032-w004	w-s027-a032-w006	w-s027-a032-w005	m-w-s027-a032-w004-01	m-w-s027-a032-w006-01	m-w-s027-a032-w005-01	27:32:4:1	27:32:6:1	27:32:5:1	q:27:32:5	q:27:32:7	q:27:32:6	5	7	6	prep_complement	syntactically_forced	high			CV	NOUN_ABSTRACT		فِي	position_morpheme_aligned	case_government;local_syntax	أَمْرِى is governed by فِى as the matter concerning which أَفْتُونِى is requested.	resources/attachments.tsv:36250
sx-27_32-00290	ae:v3:s027:032:pass1:attach:a6	27:32	w-s027-a032-w008	w-s027-a032-w009		m-w-s027-a032-w008-01	m-w-s027-a032-w009-01		27:32:8:1	27:32:9:1		q:27:32:9	q:27:32:10		9	10		kana_predicate	syntactically_forced	high			PV	NOUN_ACTIVE_PART			position_morpheme_aligned	case_government;local_syntax	قَاطِعَةً is the accusative predicate of كُنتُ.	resources/attachments.tsv:36251
sx-27_32-00291	ae:v3:s027:032:pass1:attach:a7	27:32	w-s027-a032-w009	w-s027-a032-w010		m-w-s027-a032-w009-01	m-w-s027-a032-w010-01		27:32:9:1	27:32:10:1		q:27:32:10	q:27:32:11		10	11		direct_object	strongly_licensed	high			NOUN_ACTIVE_PART	GERUND	explicit		position_morpheme_aligned	case_government;local_syntax	أَمْرًا is the object governed by the active participle قَاطِعَةً.	resources/attachments.tsv:36252
sx-27_33-00292	ae:v3:s027:033:pass1:attach:a1	27:33	w-s027-a033-w001	w-s027-a033-w002		m-w-s027-a033-w001-01	m-w-s027-a033-w002-01		27:33:1:1	27:33:2:1		q:27:33:1	q:27:33:2		1	2		quoted_complement	syntactically_forced	high			PV	PRON			position_morpheme_aligned	local_syntax	The full response نَحْنُ through تَأْمُرِينَ is the quoted complement of قَالُوا۟.	resources/attachments.tsv:36253
sx-27_33-00293	ae:v3:s027:033:pass1:attach:a2	27:33	w-s027-a033-w002	w-s027-a033-w003		m-w-s027-a033-w002-01	m-w-s027-a033-w003-01		27:33:2:1	27:33:3:1		q:27:33:2	q:27:33:3		2	3		predication	strongly_licensed	high			PRON	NOUN_CONCRETE			position_morpheme_aligned	local_syntax;word_order	أُو۟لُوا۟ is the predicate of نَحْنُ.	resources/attachments.tsv:36254
sx-27_33-00294	ae:v3:s027:033:pass1:attach:a3	27:33	w-s027-a033-w003	w-s027-a033-w004		m-w-s027-a033-w003-01	m-w-s027-a033-w004-01		27:33:3:1	27:33:4:1		q:27:33:3	q:27:33:4		3	4		idafa	syntactically_forced	high			NOUN_CONCRETE	GERUND			position_morpheme_aligned	morphology;case_government	قُوَّةٍ completes the construct أُو۟لُوا۟.	resources/attachments.tsv:36255
sx-27_33-00295	ae:v3:s027:033:pass1:attach:a4	27:33	w-s027-a033-w003	w-s027-a033-w005		m-w-s027-a033-w003-01	m-w-s027-a033-w005-02		27:33:3:1	27:33:5:2		q:27:33:3	q:27:33:6		3	6		conjoined	strongly_licensed	high			NOUN_CONCRETE	NOUN_CONCRETE			position_morpheme_aligned	parallelism;local_syntax	وَأُو۟لُوا۟ coordinates with the first أُو۟لُوا۟ predicate.	resources/attachments.tsv:36256
sx-27_33-00296	ae:v3:s027:033:pass1:attach:a5	27:33	w-s027-a033-w005	w-s027-a033-w006		m-w-s027-a033-w005-02	m-w-s027-a033-w006-01		27:33:5:2	27:33:6:1		q:27:33:6	q:27:33:7		6	7		idafa	syntactically_forced	high			NOUN_CONCRETE	GERUND			position_morpheme_aligned	morphology;case_government	بَأْسٍ completes the construct أُو۟لُوا۟.	resources/attachments.tsv:36257
sx-27_33-00297	ae:v3:s027:033:pass1:attach:a6	27:33	w-s027-a033-w006	w-s027-a033-w007		m-w-s027-a033-w006-01	m-w-s027-a033-w007-01		27:33:6:1	27:33:7:1		q:27:33:7	q:27:33:8		7	8		adjective	strongly_licensed	high			GERUND	ADJ_QUALIT			position_morpheme_aligned	agreement;case_government	شَدِيدٍ agrees with بَأْسٍ in gender, number, indefiniteness, and genitive case.	resources/attachments.tsv:36258
sx-27_33-00298	ae:v3:s027:033:pass1:attach:a7	27:33	w-s027-a033-w008	w-s027-a033-w009	w-s027-a033-w009	m-w-s027-a033-w008-03	m-w-s027-a033-w009-02	m-w-s027-a033-w009-01	27:33:8:3	27:33:9:2	27:33:9:1	q:27:33:10	q:27:33:11	q:27:33:11	10	11	11	prep_complement	syntactically_forced	high		pronoun_suffix	NOUN_ABSTRACT			إِلَى	position_morpheme_aligned	case_government;local_syntax	إِلَيْكِ supplies the prepositional predicate for ٱلْأَمْرُ.	resources/attachments.tsv:36259
sx-27_33-00299	ae:v3:s027:033:pass1:attach:a8	27:33	w-s027-a033-w008	w-s027-a033-w009		m-w-s027-a033-w008-03	m-w-s027-a033-w009-01		27:33:8:3	27:33:9:1		q:27:33:10	q:27:33:11		10	11		predication	strongly_licensed	high			NOUN_ABSTRACT				position_morpheme_aligned	local_syntax	إِلَيْكِ functions as the predicate of ٱلْأَمْرُ.	resources/attachments.tsv:36260
sx-27_33-00300	ae:v3:s027:033:pass1:attach:a9	27:33	w-s027-a033-w010	w-s027-a033-w011		m-w-s027-a033-w010-02	m-w-s027-a033-w011-01		27:33:10:2	27:33:11:1		q:27:33:13	q:27:33:14		13	14		clausal_complement	strongly_licensed	high			CV	INTERROG_PART			position_morpheme_aligned	local_syntax	مَاذَا تَأْمُرِينَ is the indirect question governed by ٱنظُرِى.	resources/attachments.tsv:36261
sx-27_33-00301	ae:v3:s027:033:pass1:attach:a10	27:33	w-s027-a033-w012	w-s027-a033-w011		m-w-s027-a033-w012-01	m-w-s027-a033-w011-01		27:33:12:1	27:33:11:1		q:27:33:15	q:27:33:14		15	14		direct_object	syntactically_forced	high			IV	INTERROG_PART	explicit		position_morpheme_aligned	local_syntax;word_order	مَاذَا is the object of تَأْمُرِينَ.	resources/attachments.tsv:36262
sx-27_34-00302	ae:v3:s027:034:pass1:attach:a1	27:34	w-s027-a034-w001	w-s027-a034-w002		m-w-s027-a034-w001-01	m-w-s027-a034-w002-01		27:34:1:1	27:34:2:1		q:27:34:1	q:27:34:2		1	2		quoted_complement	syntactically_forced	high			PV	ANNUL_PART			position_morpheme_aligned	local_syntax	The statement beginning إِنَّ and ending يَفْعَلُونَ is the quote governed by قَالَتْ.	resources/attachments.tsv:36263
sx-27_34-00303	ae:v3:s027:034:pass1:attach:a2	27:34	w-s027-a034-w002	w-s027-a034-w003		m-w-s027-a034-w002-01	m-w-s027-a034-w003-02		27:34:2:1	27:34:3:2		q:27:34:2	q:27:34:3		2	3		particle_complement	syntactically_forced	high			ANNUL_PART	ADJ_QUALIT			position_morpheme_aligned	case_government;local_syntax	ٱلْمُلُوكَ is the accusative ism governed by إِنَّ.	resources/attachments.tsv:36264
sx-27_34-00304	ae:v3:s027:034:pass1:attach:a3	27:34	w-s027-a034-w002	w-s027-a034-w007		m-w-s027-a034-w002-01	m-w-s027-a034-w007-01		27:34:2:1	27:34:7:1		q:27:34:2	q:27:34:7		2	7		predication	strongly_licensed	high			ANNUL_PART	PV			position_morpheme_aligned	local_syntax	The conditional sequence إِذَا دَخَلُوا۟ قَرْيَةً أَفْسَدُوهَا وَجَعَلُوا۟ is the predicate content of إِنَّ.	resources/attachments.tsv:36265
sx-27_34-00305	ae:v3:s027:034:pass1:attach:a4	27:34	w-s027-a034-w005	w-s027-a034-w003		m-w-s027-a034-w005-01	m-w-s027-a034-w003-02		27:34:5:1	27:34:3:2		q:27:34:5	q:27:34:3		5	3		subject	strongly_licensed	high			PV	ADJ_QUALIT			position_morpheme_aligned	agreement;local_syntax	ٱلْمُلُوكَ supplies the explicit plural subject for دَخَلُوا۟.	resources/attachments.tsv:36266
sx-27_34-00306	ae:v3:s027:034:pass1:attach:a5	27:34	w-s027-a034-w005	w-s027-a034-w006		m-w-s027-a034-w005-01	m-w-s027-a034-w006-01		27:34:5:1	27:34:6:1		q:27:34:5	q:27:34:6		5	6		direct_object	strongly_licensed	high			PV	NOUN_CONCRETE	explicit		position_morpheme_aligned	case_government;local_syntax	قَرْيَةً is the accusative object of دَخَلُوا۟.	resources/attachments.tsv:36267
sx-27_34-00307	ae:v3:s027:034:pass1:attach:a6	27:34	w-s027-a034-w007	w-s027-a034-w003		m-w-s027-a034-w007-01	m-w-s027-a034-w003-02		27:34:7:1	27:34:3:2		q:27:34:7	q:27:34:3		7	3		subject	strongly_licensed	high			PV	ADJ_QUALIT			position_morpheme_aligned	agreement;local_syntax	ٱلْمُلُوكَ remains the explicit plural subject of أَفْسَدُوهَا.	resources/attachments.tsv:36268
sx-27_34-00308	ae:v3:s027:034:pass1:attach:a7	27:34	w-s027-a034-w007	w-s027-a034-w007		m-w-s027-a034-w007-01	m-w-s027-a034-w007-01		27:34:7:1	27:34:7:1		q:27:34:7	q:27:34:7		7	7		direct_object	syntactically_forced	high		object_suffix	PV		clitic		position_morpheme_aligned	morphology	The هَا suffix on أَفْسَدُوهَا is the object pronoun.	resources/attachments.tsv:36269
sx-27_34-00309	ae:v3:s027:034:pass1:attach:a8	27:34	w-s027-a034-w007	w-s027-a034-w008		m-w-s027-a034-w007-01	m-w-s027-a034-w008-02		27:34:7:1	27:34:8:2		q:27:34:7	q:27:34:9		7	9		conjoined	strongly_licensed	high			PV	PV			position_morpheme_aligned	local_syntax;parallelism	وَجَعَلُوا۟ coordinates with أَفْسَدُوهَا in the apodosis.	resources/attachments.tsv:36270
sx-27_34-00310	ae:v3:s027:034:pass1:attach:a9	27:34	w-s027-a034-w008	w-s027-a034-w003		m-w-s027-a034-w008-02	m-w-s027-a034-w003-02		27:34:8:2	27:34:3:2		q:27:34:9	q:27:34:3		9	3		subject	strongly_licensed	high			PV	ADJ_QUALIT			position_morpheme_aligned	agreement;local_syntax	ٱلْمُلُوكَ is also the explicit subject understood with جَعَلُوا۟.	resources/attachments.tsv:36271
sx-27_34-00311	ae:v3:s027:034:pass1:attach:a10	27:34	w-s027-a034-w008	w-s027-a034-w009		m-w-s027-a034-w008-02	m-w-s027-a034-w009-01		27:34:8:2	27:34:9:1		q:27:34:9	q:27:34:10		9	10		direct_object	syntactically_forced	high			PV	ADJ_QUALIT	explicit		position_morpheme_aligned	case_government;local_syntax	أَعِزَّةَ is the first object of جَعَلُوا۟.	resources/attachments.tsv:36272
sx-27_34-00312	ae:v3:s027:034:pass1:attach:a11	27:34	w-s027-a034-w009	w-s027-a034-w010		m-w-s027-a034-w009-01	m-w-s027-a034-w010-01		27:34:9:1	27:34:10:1		q:27:34:10	q:27:34:11		10	11		idafa	syntactically_forced	high			ADJ_QUALIT	NOUN_CONCRETE			position_morpheme_aligned	morphology;case_government	أَهْلِهَا completes the construct أَعِزَّةَ.	resources/attachments.tsv:36273
sx-27_34-00313	ae:v3:s027:034:pass1:attach:a12	27:34	w-s027-a034-w008	w-s027-a034-w011		m-w-s027-a034-w008-02	m-w-s027-a034-w011-01		27:34:8:2	27:34:11:1		q:27:34:9	q:27:34:12		9	12		direct_object	syntactically_forced	high			PV	ADJ_QUALIT	explicit		position_morpheme_aligned	case_government;local_syntax	أَذِلَّةً is the second object or result complement of جَعَلُوا۟.	resources/attachments.tsv:36274
sx-27_34-00314	ae:v3:s027:034:pass1:attach:a13	27:34	w-s027-a034-w013	w-s027-a034-w012	w-s027-a034-w012	m-w-s027-a034-w013-01	m-w-s027-a034-w012-03	m-w-s027-a034-w012-02	27:34:13:1	27:34:12:3	27:34:12:2	q:27:34:16	q:27:34:15	q:27:34:14	16	15	14	prep_complement	syntactically_forced	high			IV	DEM_PRON		كـ	position_morpheme_aligned	case_government;local_syntax	ذَٰلِكَ is governed by كَ as the manner complement of يَفْعَلُونَ.	resources/attachments.tsv:36275
sx-27_34-00315	ae:v3:s027:034:pass1:attach:a14	27:34	w-s027-a034-w013	w-s027-a034-w003		m-w-s027-a034-w013-01	m-w-s027-a034-w003-02		27:34:13:1	27:34:3:2		q:27:34:16	q:27:34:3		16	3		subject	strongly_licensed	medium			IV	ADJ_QUALIT			position_morpheme_aligned	agreement;local_syntax	ٱلْمُلُوكَ is the recoverable explicit subject antecedent for يَفْعَلُونَ within the same statement.	resources/attachments.tsv:36276
sx-27_35-00316	ae:v3:s027:035:pass1:attach:a1	27:35	w-s027-a035-w001	w-s027-a035-w001		m-w-s027-a035-w001-02	m-w-s027-a035-w001-03		27:35:1:2	27:35:1:3		q:27:35:2	q:27:35:2		2	2		particle_complement	syntactically_forced	high	particle_segment	pronoun_suffix					position_morpheme_aligned	morphology;local_syntax	The ى suffix in إِنِّى is the governed ism of إِنَّ.	resources/attachments.tsv:36277
sx-27_35-00317	ae:v3:s027:035:pass1:attach:a2	27:35	w-s027-a035-w001	w-s027-a035-w002		m-w-s027-a035-w001-02	m-w-s027-a035-w002-01		27:35:1:2	27:35:2:1		q:27:35:2	q:27:35:3		2	3		predication	strongly_licensed	high			ANNUL_PART	NOUN_ACTIVE_PART			position_morpheme_aligned	local_syntax	مُرْسِلَةٌ is the predicate of إِنِّى.	resources/attachments.tsv:36278
sx-27_35-00318	ae:v3:s027:035:pass1:attach:a3	27:35	w-s027-a035-w002	w-s027-a035-w003	w-s027-a035-w003	m-w-s027-a035-w002-01	m-w-s027-a035-w003-02	m-w-s027-a035-w003-01	27:35:2:1	27:35:3:2	27:35:3:1	q:27:35:3	q:27:35:4	q:27:35:4	3	4	4	prep_complement	syntactically_forced	high		pronoun_suffix	NOUN_ACTIVE_PART			إِلَى	position_morpheme_aligned	case_government;local_syntax	إِلَيْهِمْ marks the recipients governed by مُرْسِلَةٌ.	resources/attachments.tsv:36279
sx-27_35-00319	ae:v3:s027:035:pass1:attach:a4	27:35	w-s027-a035-w002	w-s027-a035-w004	w-s027-a035-w004	m-w-s027-a035-w002-01	m-w-s027-a035-w004-02	m-w-s027-a035-w004-01	27:35:2:1	27:35:4:2	27:35:4:1	q:27:35:3	q:27:35:6	q:27:35:5	3	6	5	prep_complement	syntactically_forced	high			NOUN_ACTIVE_PART	NOUN_CONCRETE		بـ	position_morpheme_aligned	case_government;local_syntax	هَدِيَّةٍ is governed by بِ as the thing with which the sending occurs.	resources/attachments.tsv:36280
sx-27_35-00320	ae:v3:s027:035:pass1:attach:a5	27:35	w-s027-a035-w002	w-s027-a035-w005		m-w-s027-a035-w002-01	m-w-s027-a035-w005-02		27:35:2:1	27:35:5:2		q:27:35:3	q:27:35:8		3	8		conjoined	strongly_licensed	high			NOUN_ACTIVE_PART	NOUN_ACTIVE_PART			position_morpheme_aligned	local_syntax;parallelism	فَنَاظِرَةٌ coordinates a second predicate with مُرْسِلَةٌ.	resources/attachments.tsv:36281
sx-27_35-00321	ae:v3:s027:035:pass1:attach:a6	27:35	w-s027-a035-w001	w-s027-a035-w005		m-w-s027-a035-w001-02	m-w-s027-a035-w005-02		27:35:1:2	27:35:5:2		q:27:35:2	q:27:35:8		2	8		predication	strongly_licensed	high			ANNUL_PART	NOUN_ACTIVE_PART			position_morpheme_aligned	local_syntax	نَاظِرَةٌ is a coordinated predicate of إِنِّى.	resources/attachments.tsv:36282
sx-27_35-00322	ae:v3:s027:035:pass1:attach:a7	27:35	w-s027-a035-w005	w-s027-a035-w006		m-w-s027-a035-w005-02	m-w-s027-a035-w006-02		27:35:5:2	27:35:6:2		q:27:35:8	q:27:35:10		8	10		clausal_complement	strongly_licensed	high			NOUN_ACTIVE_PART	REL_PRON			position_morpheme_aligned	local_syntax	بِمَ يَرْجِعُ ٱلْمُرْسَلُونَ is the content watched by نَاظِرَةٌ.	resources/attachments.tsv:36283
sx-27_35-00323	ae:v3:s027:035:pass1:attach:a8	27:35	w-s027-a035-w007	w-s027-a035-w006	w-s027-a035-w006	m-w-s027-a035-w007-01	m-w-s027-a035-w006-02	m-w-s027-a035-w006-01	27:35:7:1	27:35:6:2	27:35:6:1	q:27:35:11	q:27:35:10	q:27:35:9	11	10	9	prep_complement	syntactically_forced	high			IV	REL_PRON		بـ	position_morpheme_aligned	case_government;local_syntax	مَ is governed by بِ within the question about what يَرْجِعُ with.	resources/attachments.tsv:36284
sx-27_35-00324	ae:v3:s027:035:pass1:attach:a9	27:35	w-s027-a035-w007	w-s027-a035-w008		m-w-s027-a035-w007-01	m-w-s027-a035-w008-02		27:35:7:1	27:35:8:2		q:27:35:11	q:27:35:12		11	12		subject	syntactically_forced	high			IV	NOUN_PASSIVE_PART			position_morpheme_aligned	agreement;word_order	ٱلْمُرْسَلُونَ is the explicit subject of يَرْجِعُ.	resources/attachments.tsv:36285
sx-27_36-00325	ae:v3:s027:036:pass1:attach:a1	27:36	w-s027-a036-w002	w-s027-a036-w003		m-w-s027-a036-w002-01	m-w-s027-a036-w003-01		27:36:2:1	27:36:3:1		q:27:36:3	q:27:36:4		3	4		direct_object	strongly_licensed	high			PV	NOUN_PROP_FOREIGN	explicit		position_morpheme_aligned	case_government;local_syntax	سُلَيْمَٰنَ is the accusative goal/object with جَآءَ.	resources/attachments.tsv:36286
sx-27_36-00326	ae:v3:s027:036:pass1:attach:a2	27:36	w-s027-a036-w004	w-s027-a036-w005		m-w-s027-a036-w004-01	m-w-s027-a036-w005-02		27:36:4:1	27:36:5:2		q:27:36:5	q:27:36:6		5	6		quoted_complement	syntactically_forced	high			PV	IV			position_morpheme_aligned	local_syntax	The direct utterance after قَالَ begins at أَتُمِدُّونَنِ and ends at تَفْرَحُونَ.	resources/attachments.tsv:36287
sx-27_36-00327	ae:v3:s027:036:pass1:attach:a3	27:36	w-s027-a036-w005	w-s027-a036-w005		m-w-s027-a036-w005-02	m-w-s027-a036-w005-02		27:36:5:2	27:36:5:2		q:27:36:6	q:27:36:6		6	6		direct_object	syntactically_forced	high		object_suffix	IV		clitic		position_morpheme_aligned	morphology	The نِ suffix on أَتُمِدُّونَنِ is a first-person object pronoun after the verbal agreement ending.	resources/attachments.tsv:36288
sx-27_36-00328	ae:v3:s027:036:pass1:attach:a4	27:36	w-s027-a036-w005	w-s027-a036-w006	w-s027-a036-w006	m-w-s027-a036-w005-02	m-w-s027-a036-w006-02	m-w-s027-a036-w006-01	27:36:5:2	27:36:6:2	27:36:6:1	q:27:36:6	q:27:36:8	q:27:36:7	6	8	7	prep_complement	syntactically_forced	high			IV	NOUN_CONCRETE		بـ	fallback_morpheme_aligned	case_government;local_syntax	مَالٍ is governed by بِ as the thing with which they would supply him.	resources/attachments.tsv:36289
sx-27_36-00329	ae:v3:s027:036:pass1:attach:a5	27:36	w-s027-a036-w007	w-s027-a036-w010		m-w-s027-a036-w007-02	m-w-s027-a036-w010-01		27:36:7:2	27:36:10:1		q:27:36:10	q:27:36:13		10	13		predication	strongly_licensed	high			NEG_PART	ADJ_COMP			fallback_morpheme_aligned	local_syntax	خَيْرٌ is predicated of مَا ءَاتَىٰنِ ٱللَّهُ.	resources/attachments.tsv:36290
sx-27_36-00330	ae:v3:s027:036:pass1:attach:a6	27:36	w-s027-a036-w008	w-s027-a036-w008		m-w-s027-a036-w008-01	m-w-s027-a036-w008-02		27:36:8:1	27:36:8:2		q:27:36:11	q:27:36:11		11	11		direct_object	syntactically_forced	high		object_suffix	PV		clitic		fallback_morpheme_aligned	morphology	The نِ suffix on ءَاتَىٰنِ is the first-person object of ءَاتَىٰ.	resources/attachments.tsv:36291
sx-27_36-00331	ae:v3:s027:036:pass1:attach:a7	27:36	w-s027-a036-w008	w-s027-a036-w009		m-w-s027-a036-w008-01	m-w-s027-a036-w009-01		27:36:8:1	27:36:9:1		q:27:36:11	q:27:36:12		11	12		subject	syntactically_forced	high			PV	NOUN_PROP			fallback_morpheme_aligned	case_government;word_order	ٱللَّهُ is the nominative subject of ءَاتَىٰنِ.	resources/attachments.tsv:36292
sx-27_36-00332	ae:v3:s027:036:pass1:attach:a8	27:36	w-s027-a036-w010	w-s027-a036-w012	w-s027-a036-w011	m-w-s027-a036-w010-01	m-w-s027-a036-w012-01	m-w-s027-a036-w011-01	27:36:10:1	27:36:12:1	27:36:11:1	q:27:36:13	q:27:36:15	q:27:36:14	13	15	14	prep_complement	strongly_licensed	medium			ADJ_COMP	PV		مِن	fallback_morpheme_aligned	case_government;local_syntax	مِن introduces the comparative complement to خَيْرٌ, with ءَاتَىٰكُم supplying the fused relative content.	resources/attachments.tsv:36293
sx-27_36-00333	ae:v3:s027:036:pass1:attach:a9	27:36	w-s027-a036-w012	w-s027-a036-w012		m-w-s027-a036-w012-01	m-w-s027-a036-w012-02		27:36:12:1	27:36:12:2		q:27:36:15	q:27:36:15		15	15		direct_object	syntactically_forced	high		object_suffix	PV		clitic		fallback_morpheme_aligned	morphology	The كُم suffix on ءَاتَىٰكُم is the object pronoun.	resources/attachments.tsv:36294
sx-27_36-00334	ae:v3:s027:036:pass1:attach:a10	27:36	w-s027-a036-w016	w-s027-a036-w014		m-w-s027-a036-w016-01	m-w-s027-a036-w014-01		27:36:16:1	27:36:14:1		q:27:36:20	q:27:36:17		20	17		subject	strongly_licensed	high			IV	DEM_PRON			fallback_morpheme_aligned	local_syntax;agreement	أَنتُم is the explicit subject of تَفْرَحُونَ.	resources/attachments.tsv:36295
sx-27_36-00335	ae:v3:s027:036:pass1:attach:a11	27:36	w-s027-a036-w016	w-s027-a036-w015	w-s027-a036-w015	m-w-s027-a036-w016-01	m-w-s027-a036-w015-02	m-w-s027-a036-w015-01	27:36:16:1	27:36:15:2	27:36:15:1	q:27:36:20	q:27:36:19	q:27:36:18	20	19	18	prep_complement	syntactically_forced	high			IV	NOUN_CONCRETE		بـ	fallback_morpheme_aligned	case_government;local_syntax	هَدِيَّتِكُمْ is governed by بِ with تَفْرَحُونَ.	resources/attachments.tsv:36296
sx-27_37-00336	ae:v3:s027:037:pass1:attach:a1	27:37	w-s027-a037-w001	w-s027-a037-w002	w-s027-a037-w002	m-w-s027-a037-w001-01	m-w-s027-a037-w002-02	m-w-s027-a037-w002-01	27:37:1:1	27:37:2:2	27:37:2:1	q:27:37:1	q:27:37:2	q:27:37:2	1	2	2	prep_complement	syntactically_forced	high		pronoun_suffix	CV			إِلَى	position_morpheme_aligned	case_government;local_syntax	إِلَيْهِمْ is the directional complement of ٱرْجِعْ.	resources/attachments.tsv:36297
sx-27_37-00337	ae:v3:s027:037:pass1:attach:a2	27:37	w-s027-a037-w003	w-s027-a037-w003		m-w-s027-a037-w003-03	m-w-s027-a037-w003-05		27:37:3:3	27:37:3:5		q:27:37:5	q:27:37:5		5	5		direct_object	syntactically_forced	high		object_suffix	IV		clitic		position_morpheme_aligned	morphology	The هُمْ suffix on نَأْتِيَنَّهُمْ is the object pronoun after the emphatic verb ending.	resources/attachments.tsv:36298
sx-27_37-00338	ae:v3:s027:037:pass1:attach:a3	27:37	w-s027-a037-w003	w-s027-a037-w004	w-s027-a037-w004	m-w-s027-a037-w003-03	m-w-s027-a037-w004-02	m-w-s027-a037-w004-01	27:37:3:3	27:37:4:2	27:37:4:1	q:27:37:5	q:27:37:7	q:27:37:6	5	7	6	prep_complement	syntactically_forced	high			IV	NOUN_RELATIVE		بـ	position_morpheme_aligned	case_government;local_syntax	جُنُودٍ is governed by بِ as the force with which نَأْتِيَنَّهُمْ occurs.	resources/attachments.tsv:36299
sx-27_37-00339	ae:v3:s027:037:pass1:attach:a4	27:37	w-s027-a037-w004	w-s027-a037-w005		m-w-s027-a037-w004-02	m-w-s027-a037-w005-01		27:37:4:2	27:37:5:1		q:27:37:7	q:27:37:8		7	8		adjective	strongly_licensed	medium			NOUN_RELATIVE	NEG_PART			position_morpheme_aligned	local_syntax	لَّا قِبَلَ لَهُم بِهَا describes the indefinite جُنُودٍ.	resources/attachments.tsv:36300
sx-27_37-00340	ae:v3:s027:037:pass1:attach:a5	27:37	w-s027-a037-w005	w-s027-a037-w006		m-w-s027-a037-w005-01	m-w-s027-a037-w006-01		27:37:5:1	27:37:6:1		q:27:37:8	q:27:37:9		8	9		particle_complement	syntactically_forced	high			NEG_PART	ADV			position_morpheme_aligned	case_government;local_syntax	قِبَلَ is the governed noun in the negated لَّا construction.	resources/attachments.tsv:36301
sx-27_37-00341	ae:v3:s027:037:pass1:attach:a6	27:37	w-s027-a037-w006	w-s027-a037-w007	w-s027-a037-w006	m-w-s027-a037-w006-01	m-w-s027-a037-w007-02	m-w-s027-a037-w006-01	27:37:6:1	27:37:7:2	27:37:6:1	q:27:37:9	q:27:37:11	q:27:37:10	9	11	10	prep_complement	syntactically_forced	high			ADV	PRON		لـ	fallback_morpheme_aligned	case_government;local_syntax	هُمْ is governed by لَ as the possessor/beneficiary in لَهُم قِبَلَ.	resources/attachments.tsv:36302
sx-27_37-00342	ae:v3:s027:037:pass1:attach:a7	27:37	w-s027-a037-w005	w-s027-a037-w007		m-w-s027-a037-w005-01	m-w-s027-a037-w007-02		27:37:5:1	27:37:7:2		q:27:37:8	q:27:37:11		8	11		predication	strongly_licensed	high			NEG_PART	PRON			position_morpheme_aligned	local_syntax	لَهُم supplies the predicate relation for the negated قِبَلَ construction.	resources/attachments.tsv:36303
sx-27_37-00343	ae:v3:s027:037:pass1:attach:a8	27:37	w-s027-a037-w003	w-s027-a037-w009		m-w-s027-a037-w003-03	m-w-s027-a037-w009-03		27:37:3:3	27:37:9:3		q:27:37:5	q:27:37:15		5	15		conjoined	strongly_licensed	high			IV	IV			position_morpheme_aligned	parallelism;local_syntax	وَلَنُخْرِجَنَّهُم coordinates with فَلَنَأْتِيَنَّهُمْ as the second threat.	resources/attachments.tsv:36304
sx-27_37-00344	ae:v3:s027:037:pass1:attach:a9	27:37	w-s027-a037-w009	w-s027-a037-w009		m-w-s027-a037-w009-03	m-w-s027-a037-w009-05		27:37:9:3	27:37:9:5		q:27:37:15	q:27:37:15		15	15		direct_object	syntactically_forced	high		object_suffix	IV		clitic		position_morpheme_aligned	morphology	The هُمْ suffix on نُخْرِجَنَّهُمْ is the object pronoun.	resources/attachments.tsv:36305
sx-27_37-00345	ae:v3:s027:037:pass1:attach:a10	27:37	w-s027-a037-w009	w-s027-a037-w010	w-s027-a037-w010	m-w-s027-a037-w009-03	m-w-s027-a037-w010-02	m-w-s027-a037-w010-01	27:37:9:3	27:37:10:2	27:37:10:1	q:27:37:15	q:27:37:16	q:27:37:16	15	16	16	prep_complement	syntactically_forced	high		pronoun_suffix	IV			مِن	fallback_morpheme_aligned	case_government;local_syntax	مِنْهَا is the source complement of نُخْرِجَنَّهُمْ.	resources/attachments.tsv:36306
sx-27_37-00346	ae:v3:s027:037:pass1:attach:a11	27:37	w-s027-a037-w009	w-s027-a037-w011		m-w-s027-a037-w009-03	m-w-s027-a037-w011-01		27:37:9:3	27:37:11:1		q:27:37:15	q:27:37:17		15	17		circumstantial	strongly_licensed	high			IV	ADJ_QUALIT			fallback_morpheme_aligned	case_government;local_syntax	أَذِلَّةً is accusative ḥāl describing the object of نُخْرِجَنَّهُمْ.	resources/attachments.tsv:36307
sx-27_37-00347	ae:v3:s027:037:pass1:attach:a12	27:37	w-s027-a037-w009	w-s027-a037-w012		m-w-s027-a037-w009-03	m-w-s027-a037-w012-02		27:37:9:3	27:37:12:2		q:27:37:15	q:27:37:19		15	19		circumstantial	strongly_licensed	high			IV	PRON			position_morpheme_aligned	local_syntax	وَهُمْ صَٰغِرُونَ is a circumstantial clause accompanying نُخْرِجَنَّهُمْ.	resources/attachments.tsv:36308
sx-27_37-00348	ae:v3:s027:037:pass1:attach:a13	27:37	w-s027-a037-w012	w-s027-a037-w013		m-w-s027-a037-w012-02	m-w-s027-a037-w013-01		27:37:12:2	27:37:13:1		q:27:37:19	q:27:37:20		19	20		predication	strongly_licensed	high			PRON	NOUN_ACTIVE_PART			fallback_morpheme_aligned	local_syntax	صَٰغِرُونَ is predicated of هُمْ.	resources/attachments.tsv:36309
sx-27_38-00349	ae:v3:s027:038:pass1:attach:a1	27:38	w-s027-a038-w001	w-s027-a038-w004		m-w-s027-a038-w001-01	m-w-s027-a038-w004-01		27:38:1:1	27:38:4:1		q:27:38:1	q:27:38:5		1	5		quoted_complement	syntactically_forced	high			PV	INTERROG_PART			position_morpheme_aligned	local_syntax	The quote governed by قَالَ excludes the vocative يَا أَيُّهَا ٱلْمَلَؤُا۟ and begins with أَيُّكُمْ.	resources/attachments.tsv:36310
sx-27_38-00350	ae:v3:s027:038:pass1:attach:a2	27:38	w-s027-a038-w001	w-s027-a038-w002		m-w-s027-a038-w001-01	m-w-s027-a038-w002-02		27:38:1:1	27:38:2:2		q:27:38:1	q:27:38:3		1	3		vocative	strongly_licensed	high			PV	REL_PRON			position_morpheme_aligned	local_syntax;formulaic_construction	يَا أَيُّهَا is the addressee phrase attached to قَالَ but outside the quote span.	resources/attachments.tsv:36311
sx-27_38-00351	ae:v3:s027:038:pass1:attach:a3	27:38	w-s027-a038-w002	w-s027-a038-w003		m-w-s027-a038-w002-02	m-w-s027-a038-w003-02		27:38:2:2	27:38:3:2		q:27:38:3	q:27:38:4		3	4		apposition	strongly_licensed	high			REL_PRON	NOUN_CONCRETE			position_morpheme_aligned	agreement;local_syntax	ٱلْمَلَؤُا۟ specifies the vocative أَيُّهَا.	resources/attachments.tsv:36312
sx-27_38-00352	ae:v3:s027:038:pass1:attach:a4	27:38	w-s027-a038-w005	w-s027-a038-w004		m-w-s027-a038-w005-01	m-w-s027-a038-w004-01		27:38:5:1	27:38:4:1		q:27:38:6	q:27:38:5		6	5		subject	syntactically_forced	high			IV	INTERROG_PART			position_morpheme_aligned	word_order;local_syntax	أَيُّكُمْ is the interrogative subject of يَأْتِينِى.	resources/attachments.tsv:36313
sx-27_38-00353	ae:v3:s027:038:pass1:attach:a5	27:38	w-s027-a038-w005	w-s027-a038-w005		m-w-s027-a038-w005-01	m-w-s027-a038-w005-02		27:38:5:1	27:38:5:2		q:27:38:6	q:27:38:6		6	6		direct_object	syntactically_forced	high		object_suffix	IV		clitic		position_morpheme_aligned	morphology	The نِى suffix on يَأْتِينِى is the first-person object.	resources/attachments.tsv:36314
sx-27_38-00354	ae:v3:s027:038:pass1:attach:a6	27:38	w-s027-a038-w005	w-s027-a038-w006	w-s027-a038-w006	m-w-s027-a038-w005-01	m-w-s027-a038-w006-02	m-w-s027-a038-w006-01	27:38:5:1	27:38:6:2	27:38:6:1	q:27:38:6	q:27:38:8	q:27:38:7	6	8	7	prep_complement	syntactically_forced	high			IV	NOUN_CONCRETE		بـ	position_morpheme_aligned	case_government;local_syntax	عَرْشِهَا is governed by بِ with يَأْتِينِى.	resources/attachments.tsv:36315
sx-27_38-00355	ae:v3:s027:038:pass1:attach:a7	27:38	w-s027-a038-w005	w-s027-a038-w007		m-w-s027-a038-w005-01	m-w-s027-a038-w007-01		27:38:5:1	27:38:7:1		q:27:38:6	q:27:38:9		6	9		adverbial	strongly_licensed	high			IV	ADV			position_morpheme_aligned	local_syntax	قَبْلَ أَن يَأْتُونِى مُسْلِمِينَ sets the temporal boundary for يَأْتِينِى.	resources/attachments.tsv:36316
sx-27_38-00356	ae:v3:s027:038:pass1:attach:a8	27:38	w-s027-a038-w007	w-s027-a038-w008		m-w-s027-a038-w007-01	m-w-s027-a038-w008-01		27:38:7:1	27:38:8:1		q:27:38:9	q:27:38:10		9	10		clausal_complement	syntactically_forced	high			ADV	SUBJUNC_PART			position_morpheme_aligned	local_syntax	أَن يَأْتُونِى مُسْلِمِينَ is the clause governed by قَبْلَ.	resources/attachments.tsv:36317
sx-27_38-00357	ae:v3:s027:038:pass1:attach:a9	27:38	w-s027-a038-w009	w-s027-a038-w009		m-w-s027-a038-w009-01	m-w-s027-a038-w009-01		27:38:9:1	27:38:9:1		q:27:38:11	q:27:38:11		11	11		direct_object	syntactically_forced	high		object_suffix	IV		clitic		position_morpheme_aligned	morphology	The نِى suffix on يَأْتُونِى is the first-person object.	resources/attachments.tsv:36318
sx-27_38-00358	ae:v3:s027:038:pass1:attach:a10	27:38	w-s027-a038-w009	w-s027-a038-w010		m-w-s027-a038-w009-01	m-w-s027-a038-w010-01		27:38:9:1	27:38:10:1		q:27:38:11	q:27:38:12		11	12		circumstantial	strongly_licensed	high			IV	NOUN_ACTIVE_PART			position_morpheme_aligned	case_government;local_syntax	مُسْلِمِينَ is accusative ḥāl describing the subject of يَأْتُونِى.	resources/attachments.tsv:36319
sx-27_39-00359	ae:v3:s027:039:pass1:attach:a1	27:39	w-s027-a039-w001	w-s027-a039-w002		m-w-s027-a039-w001-01	m-w-s027-a039-w002-01		27:39:1:1	27:39:2:1		q:27:39:1	q:27:39:2		1	2		subject	syntactically_forced	high			PV	NOUN_CONCRETE			position_morpheme_aligned	case_government;word_order	عِفْرِيتٌ is the nominative subject of قَالَ.	resources/attachments.tsv:36320
sx-27_39-00360	ae:v3:s027:039:pass1:attach:a2	27:39	w-s027-a039-w002	w-s027-a039-w004	w-s027-a039-w003	m-w-s027-a039-w002-01	m-w-s027-a039-w004-02	m-w-s027-a039-w003-01	27:39:2:1	27:39:4:2	27:39:3:1	q:27:39:2	q:27:39:4	q:27:39:3	2	4	3	prep_complement	syntactically_forced	high			NOUN_CONCRETE	NOUN_CONCRETE		مِن	position_morpheme_aligned	case_government;local_syntax	ٱلْجِنِّ is governed by مِنَ as a specification of عِفْرِيتٌ.	resources/attachments.tsv:36321
sx-27_39-00361	ae:v3:s027:039:pass1:attach:a3	27:39	w-s027-a039-w001	w-s027-a039-w005		m-w-s027-a039-w001-01	m-w-s027-a039-w005-01		27:39:1:1	27:39:5:1		q:27:39:1	q:27:39:5		1	5		quoted_complement	syntactically_forced	high			PV	PRON_1S			position_morpheme_aligned	local_syntax	The quoted claim governed by قَالَ begins at أَنَا and ends at أَمِينٌ.	resources/attachments.tsv:36322
sx-27_39-00362	ae:v3:s027:039:pass1:attach:a4	27:39	w-s027-a039-w005	w-s027-a039-w006		m-w-s027-a039-w005-01	m-w-s027-a039-w006-01		27:39:5:1	27:39:6:1		q:27:39:5	q:27:39:6		5	6		predication	strongly_licensed	high			PRON_1S	NOUN_ACTIVE_PART			position_morpheme_aligned	local_syntax	ءَاتِيكَ is the predicate of أَنَا.	resources/attachments.tsv:36323
sx-27_39-00363	ae:v3:s027:039:pass1:attach:a5	27:39	w-s027-a039-w006	w-s027-a039-w006		m-w-s027-a039-w006-01	m-w-s027-a039-w006-02		27:39:6:1	27:39:6:2		q:27:39:6	q:27:39:6		6	6		direct_object	syntactically_forced	high		object_suffix	NOUN_ACTIVE_PART		clitic		position_morpheme_aligned	morphology	The كَ suffix on ءَاتِيكَ is the object pronoun governed by the active participle.	resources/attachments.tsv:36324
sx-27_39-00364	ae:v3:s027:039:pass1:attach:a6	27:39	w-s027-a039-w006	w-s027-a039-w007	w-s027-a039-w007	m-w-s027-a039-w006-01	m-w-s027-a039-w007-02	m-w-s027-a039-w007-01	27:39:6:1	27:39:7:2	27:39:7:1	q:27:39:6	q:27:39:7	q:27:39:7	6	7	7	prep_complement	syntactically_forced	high		pronoun_suffix	NOUN_ACTIVE_PART			بـ	position_morpheme_aligned	case_government;local_syntax	بِهِ supplies the governed prepositional complement of ءَاتِيكَ.	resources/attachments.tsv:36325
sx-27_39-00365	ae:v3:s027:039:pass1:attach:a7	27:39	w-s027-a039-w006	w-s027-a039-w008		m-w-s027-a039-w006-01	m-w-s027-a039-w008-01		27:39:6:1	27:39:8:1		q:27:39:6	q:27:39:8		6	8		adverbial	strongly_licensed	high			NOUN_ACTIVE_PART	ADV			fallback_morpheme_aligned	local_syntax	قَبْلَ أَنْ تَقُومَ مِن مَّقَامِكَ sets the temporal limit for ءَاتِيكَ.	resources/attachments.tsv:36326
sx-27_39-00366	ae:v3:s027:039:pass1:attach:a8	27:39	w-s027-a039-w008	w-s027-a039-w009		m-w-s027-a039-w008-01	m-w-s027-a039-w009-01		27:39:8:1	27:39:9:1		q:27:39:8	q:27:39:9		8	9		clausal_complement	syntactically_forced	high			ADV	SUBJUNC_PART			fallback_morpheme_aligned	local_syntax	أَنْ تَقُومَ مِن مَّقَامِكَ is the clause governed by قَبْلَ.	resources/attachments.tsv:36327
sx-27_39-00367	ae:v3:s027:039:pass1:attach:a9	27:39	w-s027-a039-w010	w-s027-a039-w012	w-s027-a039-w011	m-w-s027-a039-w010-01	m-w-s027-a039-w012-01	m-w-s027-a039-w011-01	27:39:10:1	27:39:12:1	27:39:11:1	q:27:39:10	q:27:39:12	q:27:39:11	10	12	11	prep_complement	syntactically_forced	high			IV	NOUN_TIME_PLACE		مِن	fallback_morpheme_aligned	case_government;local_syntax	مَقَامِكَ is governed by مِنْ as the source complement of تَقُومَ.	resources/attachments.tsv:36328
sx-27_39-00368	ae:v3:s027:039:pass1:attach:a10	27:39	w-s027-a039-w013	w-s027-a039-w013		m-w-s027-a039-w013-02	m-w-s027-a039-w013-03		27:39:13:2	27:39:13:3		q:27:39:14	q:27:39:14		14	14		particle_complement	syntactically_forced	high	particle_segment	pronoun_suffix					position_morpheme_aligned	morphology;local_syntax	The ى suffix in إِنِّي is the governed ism of إِنَّ.	resources/attachments.tsv:36329
sx-27_39-00369	ae:v3:s027:039:pass1:attach:a11	27:39	w-s027-a039-w015	w-s027-a039-w014	w-s027-a039-w014	m-w-s027-a039-w015-02	m-w-s027-a039-w014-02	m-w-s027-a039-w014-01	27:39:15:2	27:39:14:2	27:39:14:1	q:27:39:17	q:27:39:15	q:27:39:15	17	15	15	prep_complement	syntactically_forced	high		pronoun_suffix	ADJ_QUALIT			عَلَى	fallback_morpheme_aligned	case_government;local_syntax	عَلَيْهِ is governed by قَوِيٌّ as the matter over which strength is claimed.	resources/attachments.tsv:36330
sx-27_39-00370	ae:v3:s027:039:pass1:attach:a12	27:39	w-s027-a039-w013	w-s027-a039-w015		m-w-s027-a039-w013-02	m-w-s027-a039-w015-02		27:39:13:2	27:39:15:2		q:27:39:14	q:27:39:17		14	17		predication	strongly_licensed	high			ANNUL_PART	ADJ_QUALIT			position_morpheme_aligned	local_syntax	قَوِيٌّ is the predicate of إِنِّي, with لَ as emphasis.	resources/attachments.tsv:36331
sx-27_39-00371	ae:v3:s027:039:pass1:attach:a13	27:39	w-s027-a039-w015	w-s027-a039-w016		m-w-s027-a039-w015-02	m-w-s027-a039-w016-01		27:39:15:2	27:39:16:1		q:27:39:17	q:27:39:18		17	18		conjoined	strongly_licensed	high			ADJ_QUALIT	ADJ_QUALIT			fallback_morpheme_aligned	local_syntax;parallelism	أَمِينٌ is coordinated as a second predicate quality alongside قَوِيٌّ.	resources/attachments.tsv:36332
sx-27_39-00372	ae:v3:s027:039:pass1:attach:a14	27:39	w-s027-a039-w013	w-s027-a039-w016		m-w-s027-a039-w013-02	m-w-s027-a039-w016-01		27:39:13:2	27:39:16:1		q:27:39:14	q:27:39:18		14	18		predication	strongly_licensed	high			ANNUL_PART	ADJ_QUALIT			fallback_morpheme_aligned	local_syntax	أَمِينٌ is another predicate of إِنِّي.	resources/attachments.tsv:36333
sx-27_40-00373	ae:v3:s027:040:pass1:attach:a1	27:40	w-s027-a040-w001	w-s027-a040-w002		m-w-s027-a040-w001-01	m-w-s027-a040-w002-01		27:40:1:1	27:40:2:1		q:27:40:1	q:27:40:2		1	2		subject	strongly_licensed	high			PV	REL_PRON			position_morpheme_aligned	local_syntax;word_order	ٱلَّذِى is the subject phrase of قَالَ.	resources/attachments.tsv:36334
sx-27_40-00374	ae:v3:s027:040:pass1:attach:a2	27:40	w-s027-a040-w004	w-s027-a040-w003		m-w-s027-a040-w004-01	m-w-s027-a040-w003-01		27:40:4:1	27:40:3:1		q:27:40:4	q:27:40:3		4	3		predication	strongly_licensed	high			GERUND	ADV			position_morpheme_aligned	local_syntax	عِندَهُ is the locative predicate for عِلْمٌ.	resources/attachments.tsv:36335
sx-27_40-00375	ae:v3:s027:040:pass1:attach:a3	27:40	w-s027-a040-w004	w-s027-a040-w006	w-s027-a040-w005	m-w-s027-a040-w004-01	m-w-s027-a040-w006-02	m-w-s027-a040-w005-01	27:40:4:1	27:40:6:2	27:40:5:1	q:27:40:4	q:27:40:6	q:27:40:5	4	6	5	prep_complement	syntactically_forced	high			GERUND	NOUN_CONCRETE		مِن	position_morpheme_aligned	case_government;local_syntax	ٱلْكِتَٰبِ is governed by مِنَ as a specification of عِلْمٌ.	resources/attachments.tsv:36336
sx-27_40-00376	ae:v3:s027:040:pass1:attach:a4	27:40	w-s027-a040-w001	w-s027-a040-w007		m-w-s027-a040-w001-01	m-w-s027-a040-w007-01		27:40:1:1	27:40:7:1		q:27:40:1	q:27:40:7		1	7		quoted_complement	syntactically_forced	high			PV	PRON_1S			position_morpheme_aligned	local_syntax	The first quote governed by قَالَ runs from أَنَا to طَرْفُكَ and excludes later narration.	resources/attachments.tsv:36337
sx-27_40-00377	ae:v3:s027:040:pass1:attach:a5	27:40	w-s027-a040-w007	w-s027-a040-w008		m-w-s027-a040-w007-01	m-w-s027-a040-w008-01		27:40:7:1	27:40:8:1		q:27:40:7	q:27:40:8		7	8		predication	strongly_licensed	high			PRON_1S	NOUN_ACTIVE_PART			position_morpheme_aligned	local_syntax	ءَاتِيكَ is the predicate of أَنَا.	resources/attachments.tsv:36338
sx-27_40-00378	ae:v3:s027:040:pass1:attach:a6	27:40	w-s027-a040-w008	w-s027-a040-w008		m-w-s027-a040-w008-01	m-w-s027-a040-w008-02		27:40:8:1	27:40:8:2		q:27:40:8	q:27:40:8		8	8		direct_object	syntactically_forced	high		object_suffix	NOUN_ACTIVE_PART		clitic		position_morpheme_aligned	morphology	The كَ suffix on ءَاتِيكَ is the object pronoun governed by the active participle.	resources/attachments.tsv:36339
sx-27_40-00379	ae:v3:s027:040:pass1:attach:a7	27:40	w-s027-a040-w008	w-s027-a040-w009	w-s027-a040-w009	m-w-s027-a040-w008-01	m-w-s027-a040-w009-02	m-w-s027-a040-w009-01	27:40:8:1	27:40:9:2	27:40:9:1	q:27:40:8	q:27:40:9	q:27:40:9	8	9	9	prep_complement	syntactically_forced	high		pronoun_suffix	NOUN_ACTIVE_PART			بـ	position_morpheme_aligned	case_government;local_syntax	بِهِ is the prepositional complement of ءَاتِيكَ.	resources/attachments.tsv:36340
sx-27_40-00380	ae:v3:s027:040:pass1:attach:a8	27:40	w-s027-a040-w008	w-s027-a040-w010		m-w-s027-a040-w008-01	m-w-s027-a040-w010-01		27:40:8:1	27:40:10:1		q:27:40:8	q:27:40:10		8	10		adverbial	strongly_licensed	high			NOUN_ACTIVE_PART	ADV			fallback_morpheme_aligned	local_syntax	قَبْلَ أَن يَرْتَدَّ إِلَيْكَ طَرْفُكَ sets the temporal boundary for ءَاتِيكَ.	resources/attachments.tsv:36341
sx-27_40-00381	ae:v3:s027:040:pass1:attach:a9	27:40	w-s027-a040-w010	w-s027-a040-w011		m-w-s027-a040-w010-01	m-w-s027-a040-w011-01		27:40:10:1	27:40:11:1		q:27:40:10	q:27:40:11		10	11		clausal_complement	syntactically_forced	high			ADV	SUBJUNC_PART			fallback_morpheme_aligned	local_syntax	أَن يَرْتَدَّ إِلَيْكَ طَرْفُكَ is the clause governed by قَبْلَ.	resources/attachments.tsv:36342
sx-27_40-00382	ae:v3:s027:040:pass1:attach:a10	27:40	w-s027-a040-w012	w-s027-a040-w013	w-s027-a040-w013	m-w-s027-a040-w012-01	m-w-s027-a040-w013-02	m-w-s027-a040-w013-01	27:40:12:1	27:40:13:2	27:40:13:1	q:27:40:12	q:27:40:13	q:27:40:13	12	13	13	prep_complement	syntactically_forced	high		pronoun_suffix	IV			إِلَى	fallback_morpheme_aligned	case_government;local_syntax	إِلَيْكَ is the directional complement of يَرْتَدَّ.	resources/attachments.tsv:36343
sx-27_40-00383	ae:v3:s027:040:pass1:attach:a11	27:40	w-s027-a040-w012	w-s027-a040-w014		m-w-s027-a040-w012-01	m-w-s027-a040-w014-01		27:40:12:1	27:40:14:1		q:27:40:12	q:27:40:14		12	14		subject	syntactically_forced	high			IV	NOUN_ABSTRACT			fallback_morpheme_aligned	case_government;word_order	طَرْفُكَ is the nominative subject of يَرْتَدَّ.	resources/attachments.tsv:36344
sx-27_40-00384	ae:v3:s027:040:pass1:attach:a12	27:40	w-s027-a040-w016	w-s027-a040-w016		m-w-s027-a040-w016-01	m-w-s027-a040-w016-02		27:40:16:1	27:40:16:2		q:27:40:17	q:27:40:17		17	17		direct_object	syntactically_forced	high		object_suffix	PV		clitic		fallback_morpheme_aligned	morphology	The هُ suffix on رَءَاهُ is the object pronoun of رَءَا.	resources/attachments.tsv:36345
sx-27_40-00385	ae:v3:s027:040:pass1:attach:a13	27:40	w-s027-a040-w016	w-s027-a040-w017		m-w-s027-a040-w016-01	m-w-s027-a040-w017-01		27:40:16:1	27:40:17:1		q:27:40:17	q:27:40:18		17	18		circumstantial	strongly_licensed	high			PV	NOUN_ACTIVE_PART			fallback_morpheme_aligned	case_government;local_syntax	مُسْتَقِرًّا is accusative ḥāl for the seen object in رَءَاهُ.	resources/attachments.tsv:36346
sx-27_40-00386	ae:v3:s027:040:pass1:attach:a14	27:40	w-s027-a040-w017	w-s027-a040-w018		m-w-s027-a040-w017-01	m-w-s027-a040-w018-01		27:40:17:1	27:40:18:1		q:27:40:18	q:27:40:19		18	19		adverbial	strongly_licensed	high			NOUN_ACTIVE_PART	ADV			fallback_morpheme_aligned	local_syntax	عِندَهُ locates the state expressed by مُسْتَقِرًّا.	resources/attachments.tsv:36347
sx-27_40-00387	ae:v3:s027:040:pass1:attach:a15	27:40	w-s027-a040-w019	w-s027-a040-w020		m-w-s027-a040-w019-01	m-w-s027-a040-w020-01		27:40:19:1	27:40:20:1		q:27:40:20	q:27:40:21		20	21		quoted_complement	syntactically_forced	high			PV	DEM_PRON_MS			fallback_morpheme_aligned	local_syntax	The second quote governed by قَالَ begins at هَٰذَا and extends through كَرِيمٌ.	resources/attachments.tsv:36348
sx-27_40-00388	ae:v3:s027:040:pass1:attach:a16	27:40	w-s027-a040-w020	w-s027-a040-w022	w-s027-a040-w021	m-w-s027-a040-w020-01	m-w-s027-a040-w022-01	m-w-s027-a040-w021-01	27:40:20:1	27:40:22:1	27:40:21:1	q:27:40:21	q:27:40:23	q:27:40:22	21	23	22	prep_complement	syntactically_forced	high			DEM_PRON_MS	GERUND		مِن	fallback_morpheme_aligned	case_government;local_syntax	فَضْلِ is governed by مِنْ as the prepositional predicate of هَٰذَا.	resources/attachments.tsv:36349
sx-27_40-00389	ae:v3:s027:040:pass1:attach:a17	27:40	w-s027-a040-w022	w-s027-a040-w023		m-w-s027-a040-w022-01	m-w-s027-a040-w023-01		27:40:22:1	27:40:23:1		q:27:40:23	q:27:40:24		23	24		idafa	syntactically_forced	high			GERUND	NOUN_CONCRETE			fallback_morpheme_aligned	morphology;case_government	رَبِّى completes the construct فَضْلِ.	resources/attachments.tsv:36350
sx-27_40-00390	ae:v3:s027:040:pass1:attach:a18	27:40	w-s027-a040-w020	w-s027-a040-w022		m-w-s027-a040-w020-01	m-w-s027-a040-w022-01		27:40:20:1	27:40:22:1		q:27:40:21	q:27:40:23		21	23		predication	strongly_licensed	high			DEM_PRON_MS	GERUND			fallback_morpheme_aligned	local_syntax	مِن فَضْلِ رَبِّى is predicated of هَٰذَا.	resources/attachments.tsv:36351
sx-27_40-00391	ae:v3:s027:040:pass1:attach:a19	27:40	w-s027-a040-w024	w-s027-a040-w024		m-w-s027-a040-w024-02	m-w-s027-a040-w024-03		27:40:24:2	27:40:24:3		q:27:40:26	q:27:40:26		26	26		direct_object	syntactically_forced	high		object_suffix	IV		clitic		position_morpheme_aligned	morphology	The نِى suffix on يَبْلُوَنِى is the first-person object after the verb ending.	resources/attachments.tsv:36352
sx-27_40-00392	ae:v3:s027:040:pass1:attach:a20	27:40	w-s027-a040-w024	w-s027-a040-w025		m-w-s027-a040-w024-02	m-w-s027-a040-w025-02		27:40:24:2	27:40:25:2		q:27:40:26	q:27:40:27		26	27		clausal_complement	strongly_licensed	high			IV	IV			fallback_morpheme_aligned	local_syntax	ءَأَشْكُرُ أَمْ أَكْفُرُ is the interrogative content governed by يَبْلُوَنِى.	resources/attachments.tsv:36353
sx-27_40-00393	ae:v3:s027:040:pass1:attach:a21	27:40	w-s027-a040-w025	w-s027-a040-w027		m-w-s027-a040-w025-02	m-w-s027-a040-w027-01		27:40:25:2	27:40:27:1		q:27:40:27	q:27:40:29		27	29		conjoined	strongly_licensed	high			IV	IV			fallback_morpheme_aligned	local_syntax;parallelism	أَمْ coordinates أَكْفُرُ with أَشْكُرُ as the second question alternative.	resources/attachments.tsv:36354
sx-27_40-00394	ae:v3:s027:040:pass1:attach:a22	27:40	w-s027-a040-w029	w-s027-a040-w028		m-w-s027-a040-w029-01	m-w-s027-a040-w028-02		27:40:29:1	27:40:28:2		q:27:40:32	q:27:40:31		32	31		subject	syntactically_forced	high			PV	CONDITION_PART			fallback_morpheme_aligned	local_syntax;word_order	مَنْ is the conditional subject of شَكَرَ.	resources/attachments.tsv:36355
sx-27_40-00395	ae:v3:s027:040:pass1:attach:a23	27:40	w-s027-a040-w029	w-s027-a040-w032	w-s027-a040-w032	m-w-s027-a040-w029-01	m-w-s027-a040-w032-02	m-w-s027-a040-w032-01	27:40:29:1	27:40:32:2	27:40:32:1	q:27:40:35	q:27:40:37	q:27:40:36	35	37	36	prep_complement	syntactically_forced	high			IV	NOUN_ABSTRACT		لـ	fallback_morpheme_aligned	case_government;local_syntax	نَفْسِهِ is governed by لِ as the beneficiary of يَشْكُرُ.	resources/attachments.tsv:36356
sx-27_40-00396	ae:v3:s027:040:pass1:attach:a24	27:40	w-s027-a040-w034	w-s027-a040-w033		m-w-s027-a040-w034-01	m-w-s027-a040-w033-02		27:40:34:1	27:40:33:2		q:27:40:40	q:27:40:39		40	39		subject	syntactically_forced	high			PV	CONDITION_PART			fallback_morpheme_aligned	local_syntax;word_order	مَنْ is the conditional subject of كَفَرَ.	resources/attachments.tsv:36357
sx-27_40-00397	ae:v3:s027:040:pass1:attach:a25	27:40	w-s027-a040-w035	w-s027-a040-w036		m-w-s027-a040-w035-02	m-w-s027-a040-w036-01		27:40:35:2	27:40:36:1		q:27:40:42	q:27:40:43		42	43		particle_complement	syntactically_forced	high			ANNUL_PART	NOUN_CONCRETE			fallback_morpheme_aligned	case_government;local_syntax	رَبِّى is the ism governed by إِنَّ.	resources/attachments.tsv:36358
sx-27_40-00398	ae:v3:s027:040:pass1:attach:a26	27:40	w-s027-a040-w035	w-s027-a040-w037		m-w-s027-a040-w035-02	m-w-s027-a040-w037-01		27:40:35:2	27:40:37:1		q:27:40:42	q:27:40:44		42	44		predication	strongly_licensed	high			ANNUL_PART	ADJ_QUALIT			fallback_morpheme_aligned	local_syntax	غَنِيٌّ is the predicate of إِنَّ.	resources/attachments.tsv:36359
sx-27_40-00399	ae:v3:s027:040:pass1:attach:a27	27:40	w-s027-a040-w037	w-s027-a040-w038		m-w-s027-a040-w037-01	m-w-s027-a040-w038-01		27:40:37:1	27:40:38:1		q:27:40:44	q:27:40:45		44	45		conjoined	strongly_licensed	high			ADJ_QUALIT	ADJ_QUALIT			fallback_morpheme_aligned	local_syntax;parallelism	كَرِيمٌ is coordinated with غَنِيٌّ as a second predicate quality.	resources/attachments.tsv:36360
sx-27_40-00400	ae:v3:s027:040:pass1:attach:a28	27:40	w-s027-a040-w035	w-s027-a040-w038		m-w-s027-a040-w035-02	m-w-s027-a040-w038-01		27:40:35:2	27:40:38:1		q:27:40:42	q:27:40:45		42	45		predication	strongly_licensed	high			ANNUL_PART	ADJ_QUALIT			fallback_morpheme_aligned	local_syntax	كَرِيمٌ is also predicated under إِنَّ.	resources/attachments.tsv:36361
sx-27_41-00401	ae:v3:s027:041:pass1:attach:a1	27:41	w-s027-a041-w001	w-s027-a041-w002		m-w-s027-a041-w001-01	m-w-s027-a041-w002-01		27:41:1:1	27:41:2:1		q:27:41:1	q:27:41:2		1	2		quoted_complement	syntactically_forced	high			PV	PV			position_morpheme_aligned	local_syntax	The full utterance نَكِّرُوا ... لَا يَهْتَدُونَ is the quoted content of قَالَ.	resources/attachments.tsv:36362
sx-27_41-00402	ae:v3:s027:041:pass1:attach:a2	27:41	w-s027-a041-w002	w-s027-a041-w003	w-s027-a041-w003	m-w-s027-a041-w002-01	m-w-s027-a041-w003-02	m-w-s027-a041-w003-01	27:41:2:1	27:41:3:2	27:41:3:1	q:27:41:2	q:27:41:4	q:27:41:3	2	4	3	prep_complement	syntactically_forced	high			PV	PRON		لـ	position_morpheme_aligned	case_government;local_syntax	هَا is governed by لَ as the beneficiary complement of نَكِّرُوا.	resources/attachments.tsv:36363
sx-27_41-00403	ae:v3:s027:041:pass1:attach:a3	27:41	w-s027-a041-w002	w-s027-a041-w004		m-w-s027-a041-w002-01	m-w-s027-a041-w004-01		27:41:2:1	27:41:4:1		q:27:41:2	q:27:41:5		2	5		direct_object	syntactically_forced	high			PV	NOUN_CONCRETE	explicit		position_morpheme_aligned	case_government;local_syntax	عَرْشَهَا is the accusative object of نَكِّرُوا.	resources/attachments.tsv:36364
sx-27_41-00404	ae:v3:s027:041:pass1:attach:a4	27:41	w-s027-a041-w004	w-s027-a041-w004		m-w-s027-a041-w004-01	m-w-s027-a041-w004-01		27:41:4:1	27:41:4:1		q:27:41:5	q:27:41:5		5	5		idafa	syntactically_forced	high		possessive_suffix	NOUN_CONCRETE				position_morpheme_aligned	morphology	The suffix هَا is the genitive possessor of عَرْش in عَرْشَهَا.	resources/attachments.tsv:36365
sx-27_41-00405	ae:v3:s027:041:pass1:attach:a5	27:41	w-s027-a041-w005	w-s027-a041-w006		m-w-s027-a041-w005-01	m-w-s027-a041-w006-02		27:41:5:1	27:41:6:2		q:27:41:6	q:27:41:7		6	7		clausal_complement	syntactically_forced	high			IV	IV			position_morpheme_aligned	local_syntax	أَتَهْتَدِي أَمْ تَكُونُ ... is the embedded interrogative governed by نَنْظُرْ.	resources/attachments.tsv:36366
sx-27_41-00406	ae:v3:s027:041:pass1:attach:a6	27:41	w-s027-a041-w008	w-s027-a041-w010	w-s027-a041-w009	m-w-s027-a041-w008-01	m-w-s027-a041-w010-01	m-w-s027-a041-w009-01	27:41:8:1	27:41:10:1	27:41:9:1	q:27:41:9	q:27:41:11	q:27:41:10	9	11	10	prep_complement	syntactically_forced	high			IV	REL_PRON		مِن	fallback_morpheme_aligned	case_government;local_syntax	ٱلَّذِينَ is governed by مِنَ in the predicate phrase of تَكُونُ.	resources/attachments.tsv:36367
sx-27_41-00407	ae:v3:s027:041:pass1:attach:a7	27:41	w-s027-a041-w008	w-s027-a041-w010		m-w-s027-a041-w008-01	m-w-s027-a041-w010-01		27:41:8:1	27:41:10:1		q:27:41:9	q:27:41:11		9	11		kana_predicate	strongly_licensed	high			IV	REL_PRON			fallback_morpheme_aligned	local_syntax	مِنَ ٱلَّذِينَ supplies the predicate of تَكُونُ.	resources/attachments.tsv:36368
sx-27_41-00408	ae:v3:s027:041:pass1:attach:a8	27:41	w-s027-a041-w006	w-s027-a041-w008		m-w-s027-a041-w006-02	m-w-s027-a041-w008-01		27:41:6:2	27:41:8:1		q:27:41:7	q:27:41:9		7	9		conjoined	strongly_licensed	high			IV	IV			fallback_morpheme_aligned	local_syntax	أَمْ coordinates تَكُونُ with أَتَهْتَدِي as the second interrogative alternative.	resources/attachments.tsv:36369
sx-27_42-00409	ae:v3:s027:042:pass1:attach:a1	27:42	w-s027-a042-w003	w-s027-a042-w004		m-w-s027-a042-w003-01	m-w-s027-a042-w004-01		27:42:3:1	27:42:4:1		q:27:42:4	q:27:42:5		4	5		quoted_complement	syntactically_forced	high			PV_PASS				position_morpheme_aligned	local_syntax	The question أَهَٰكَذَا ذَا عَرْشُكِ is the quoted content of قِيلَ.	resources/attachments.tsv:36370
sx-27_42-00410	ae:v3:s027:042:pass1:attach:a2	27:42	w-s027-a042-w004	w-s027-a042-w004	w-s027-a042-w004	m-w-s027-a042-w004-02	m-w-s027-a042-w004-02	m-w-s027-a042-w004-02	27:42:4:2	27:42:4:2	27:42:4:2	q:27:42:6	q:27:42:7	q:27:42:6	6	7	6	prep_complement	strongly_licensed	medium			OTHER	DEM_PRON		كـ	fallback_morpheme_aligned	local_syntax	ذَا is the demonstrative complement of the كـ element in هَٰكَذَا.	resources/attachments.tsv:36371
sx-27_42-00411	ae:v3:s027:042:pass1:attach:a3	27:42	w-s027-a042-w005	w-s027-a042-w004		m-w-s027-a042-w005-01	m-w-s027-a042-w004-02		27:42:5:1	27:42:4:2		q:27:42:8	q:27:42:6		8	6		predication	strongly_licensed	high			NOUN_CONCRETE	OTHER			fallback_morpheme_aligned	local_syntax	هَٰكَذَا is predicated of عَرْشُكِ in the interrogative nominal clause.	resources/attachments.tsv:36372
sx-27_42-00412	ae:v3:s027:042:pass1:attach:a4	27:42	w-s027-a042-w005	w-s027-a042-w005		m-w-s027-a042-w005-01	m-w-s027-a042-w005-01		27:42:5:1	27:42:5:1		q:27:42:8	q:27:42:8		8	8		idafa	syntactically_forced	high		possessive_suffix	NOUN_CONCRETE				fallback_morpheme_aligned	morphology	The suffix كِ is the genitive possessor of عَرْش in عَرْشُكِ.	resources/attachments.tsv:36373
sx-27_42-00413	ae:v3:s027:042:pass1:attach:a5	27:42	w-s027-a042-w006	w-s027-a042-w007		m-w-s027-a042-w006-01	m-w-s027-a042-w007-01		27:42:6:1	27:42:7:1		q:27:42:9	q:27:42:10		9	10		quoted_complement	syntactically_forced	high			PV	ANNUL_PART			fallback_morpheme_aligned	local_syntax	كَأَنَّهُ هُوَ ... وَكُنَّا مُسْلِمِينَ is the utterance governed by قَالَتْ.	resources/attachments.tsv:36374
sx-27_42-00414	ae:v3:s027:042:pass1:attach:a6	27:42	w-s027-a042-w007	w-s027-a042-w007		m-w-s027-a042-w007-01	m-w-s027-a042-w007-02		27:42:7:1	27:42:7:2		q:27:42:10	q:27:42:10		10	10		particle_complement	syntactically_forced	high	particle_segment	pronoun_suffix					fallback_morpheme_aligned	morphology;local_syntax	The pronoun هُ is the اسم of كَأَنَّ in كَأَنَّهُ.	resources/attachments.tsv:36375
sx-27_42-00415	ae:v3:s027:042:pass1:attach:a7	27:42	w-s027-a042-w007	w-s027-a042-w008		m-w-s027-a042-w007-01	m-w-s027-a042-w008-01		27:42:7:1	27:42:8:1		q:27:42:10	q:27:42:11		10	11		predication	strongly_licensed	high			ANNUL_PART	PRON			fallback_morpheme_aligned	local_syntax	هُوَ is the predicate of كَأَنَّهُ.	resources/attachments.tsv:36376
sx-27_42-00416	ae:v3:s027:042:pass1:attach:a8	27:42	w-s027-a042-w009	w-s027-a042-w010		m-w-s027-a042-w009-02	m-w-s027-a042-w010-02		27:42:9:2	27:42:10:2		q:27:42:13	q:27:42:14		13	14		direct_object	syntactically_forced	high			PV_PASS	GERUND	explicit		fallback_morpheme_aligned	case_government;local_syntax	ٱلْعِلْمَ is the retained accusative object of أُوتِينَا.	resources/attachments.tsv:36377
sx-27_42-00417	ae:v3:s027:042:pass1:attach:a9	27:42	w-s027-a042-w009	w-s027-a042-w012	w-s027-a042-w011	m-w-s027-a042-w009-02	m-w-s027-a042-w012-01	m-w-s027-a042-w011-01	27:42:9:2	27:42:12:1	27:42:11:1	q:27:42:13	q:27:42:16	q:27:42:15	13	16	15	prep_complement	syntactically_forced	high			PV_PASS	NOUN_ABSTRACT		مِن	fallback_morpheme_aligned	case_government;local_syntax	قَبْلِهَا is governed by مِن as a temporal complement of أُوتِينَا.	resources/attachments.tsv:36378
sx-27_42-00418	ae:v3:s027:042:pass1:attach:a10	27:42	w-s027-a042-w012	w-s027-a042-w012		m-w-s027-a042-w012-01	m-w-s027-a042-w012-01		27:42:12:1	27:42:12:1		q:27:42:16	q:27:42:16		16	16		idafa	syntactically_forced	high		possessive_suffix	NOUN_ABSTRACT				fallback_morpheme_aligned	morphology	The suffix هَا is the genitive possessor in قَبْلِهَا.	resources/attachments.tsv:36379
sx-27_42-00419	ae:v3:s027:042:pass1:attach:a11	27:42	w-s027-a042-w013	w-s027-a042-w014		m-w-s027-a042-w013-02	m-w-s027-a042-w014-01		27:42:13:2	27:42:14:1		q:27:42:18	q:27:42:19		18	19		kana_predicate	strongly_licensed	high			PV	NOUN_ACTIVE_PART			fallback_morpheme_aligned	local_syntax	مُسْلِمِينَ is the predicate of كُنَّا.	resources/attachments.tsv:36380
sx-27_42-00420	ae:v3:s027:042:pass1:attach:a12	27:42	w-s027-a042-w002	w-s027-a042-w001		m-w-s027-a042-w002-01	m-w-s027-a042-w001-02		27:42:2:1	27:42:1:2		q:27:42:3	q:27:42:2		3	2		adverbial	strongly_licensed	high			PV	ADV			position_morpheme_aligned	local_syntax	لَمَّا marks the temporal frame of جَاءَتْ.	resources/attachments.tsv:36381
sx-27_42-00421	ae:v3:s027:042:pass1:attach:a13	27:42	w-s027-a042-w007	w-s027-a042-w009		m-w-s027-a042-w007-01	m-w-s027-a042-w009-02		27:42:7:1	27:42:9:2		q:27:42:10	q:27:42:13		10	13		conjoined	strongly_licensed	high			ANNUL_PART	PV_PASS			fallback_morpheme_aligned	local_syntax	وَ coordinates أُوتِينَا with the preceding كَأَنَّهُ clause in the answer.	resources/attachments.tsv:36382
sx-27_42-00422	ae:v3:s027:042:pass1:attach:a14	27:42	w-s027-a042-w009	w-s027-a042-w013		m-w-s027-a042-w009-02	m-w-s027-a042-w013-02		27:42:9:2	27:42:13:2		q:27:42:13	q:27:42:18		13	18		conjoined	strongly_licensed	high			PV_PASS	PV			fallback_morpheme_aligned	local_syntax	وَ coordinates كُنَّا with أُوتِينَا in the quoted answer.	resources/attachments.tsv:36383
sx-27_43-00423	ae:v3:s027:043:pass1:attach:a1	27:43	w-s027-a043-w001	w-s027-a043-w001		m-w-s027-a043-w001-02	m-w-s027-a043-w001-03		27:43:1:2	27:43:1:3		q:27:43:2	q:27:43:2		2	2		direct_object	syntactically_forced	high		object_suffix	PV		clitic		position_morpheme_aligned	morphology;local_syntax	The suffix هَا after صَدَّ is the direct object of صَدَّهَا.	resources/attachments.tsv:36384
sx-27_43-00424	ae:v3:s027:043:pass1:attach:a2	27:43	w-s027-a043-w001	w-s027-a043-w002		m-w-s027-a043-w001-02	m-w-s027-a043-w002-01		27:43:1:2	27:43:2:1		q:27:43:2	q:27:43:3		2	3		subject	strongly_licensed	high			PV	REL_PRON			position_morpheme_aligned	word_order;local_syntax	مَا كَانَت تَعْبُدُ is the subject that prevented her in صَدَّهَا.	resources/attachments.tsv:36385
sx-27_43-00425	ae:v3:s027:043:pass1:attach:a3	27:43	w-s027-a043-w003	w-s027-a043-w004		m-w-s027-a043-w003-01	m-w-s027-a043-w004-01		27:43:3:1	27:43:4:1		q:27:43:4	q:27:43:5		4	5		kana_predicate	strongly_licensed	high			PV	IV			position_morpheme_aligned	local_syntax	تَعْبُدُ supplies the predicate of كَانَتْ in the relative clause.	resources/attachments.tsv:36386
sx-27_43-00426	ae:v3:s027:043:pass1:attach:a4	27:43	w-s027-a043-w004	w-s027-a043-w002		m-w-s027-a043-w004-01	m-w-s027-a043-w002-01		27:43:4:1	27:43:2:1		q:27:43:5	q:27:43:3		5	3		direct_object	syntactically_forced	high			IV	REL_PRON	explicit		position_morpheme_aligned	local_syntax	مَا is the object worshipped by تَعْبُدُ inside the relative clause.	resources/attachments.tsv:36387
sx-27_43-00427	ae:v3:s027:043:pass1:attach:a5	27:43	w-s027-a043-w004	w-s027-a043-w006	w-s027-a043-w005	m-w-s027-a043-w004-01	m-w-s027-a043-w006-01	m-w-s027-a043-w005-01	27:43:4:1	27:43:6:1	27:43:5:1	q:27:43:5	q:27:43:7	q:27:43:6	5	7	6	prep_complement	syntactically_forced	high			IV	NOUN_ABSTRACT		مِن	position_morpheme_aligned	case_government;local_syntax	دُونِ is governed by مِنْ in the phrase modifying تَعْبُدُ.	resources/attachments.tsv:36388
sx-27_43-00428	ae:v3:s027:043:pass1:attach:a6	27:43	w-s027-a043-w006	w-s027-a043-w007		m-w-s027-a043-w006-01	m-w-s027-a043-w007-01		27:43:6:1	27:43:7:1		q:27:43:7	q:27:43:8		7	8		idafa	syntactically_forced	high			NOUN_ABSTRACT	NOUN_PROP			position_morpheme_aligned	morphology;case_government	ٱللَّهِ is the genitive complement of the construct دُونِ.	resources/attachments.tsv:36389
sx-27_43-00429	ae:v3:s027:043:pass1:attach:a7	27:43	w-s027-a043-w008	w-s027-a043-w008		m-w-s027-a043-w008-01	m-w-s027-a043-w008-02		27:43:8:1	27:43:8:2		q:27:43:9	q:27:43:9		9	9		particle_complement	syntactically_forced	high	particle_segment	pronoun_suffix					position_morpheme_aligned	morphology;local_syntax	The suffix هَا is the اسم of إِنَّ in إِنَّهَا.	resources/attachments.tsv:36390
sx-27_43-00430	ae:v3:s027:043:pass1:attach:a8	27:43	w-s027-a043-w008	w-s027-a043-w009		m-w-s027-a043-w008-01	m-w-s027-a043-w009-01		27:43:8:1	27:43:9:1		q:27:43:9	q:27:43:10		9	10		predication	strongly_licensed	high			ANNUL_PART	PV			position_morpheme_aligned	local_syntax	كَانَتْ مِن قَوْمٍ كَافِرِينَ is the predicate content of إِنَّهَا.	resources/attachments.tsv:36391
sx-27_43-00431	ae:v3:s027:043:pass1:attach:a9	27:43	w-s027-a043-w009	w-s027-a043-w011	w-s027-a043-w010	m-w-s027-a043-w009-01	m-w-s027-a043-w011-01	m-w-s027-a043-w010-01	27:43:9:1	27:43:11:1	27:43:10:1	q:27:43:10	q:27:43:12	q:27:43:11	10	12	11	prep_complement	syntactically_forced	high			PV	NOUN_CONCRETE		مِن	position_morpheme_aligned	case_government;local_syntax	قَوْمٍ is governed by مِنْ as the predicate phrase of كَانَتْ.	resources/attachments.tsv:36392
sx-27_43-00432	ae:v3:s027:043:pass1:attach:a10	27:43	w-s027-a043-w009	w-s027-a043-w011		m-w-s027-a043-w009-01	m-w-s027-a043-w011-01		27:43:9:1	27:43:11:1		q:27:43:10	q:27:43:12		10	12		kana_predicate	strongly_licensed	high			PV	NOUN_CONCRETE			position_morpheme_aligned	local_syntax	مِن قَوْمٍ supplies the predicate of كَانَتْ.	resources/attachments.tsv:36393
sx-27_43-00433	ae:v3:s027:043:pass1:attach:a11	27:43	w-s027-a043-w011	w-s027-a043-w012		m-w-s027-a043-w011-01	m-w-s027-a043-w012-01		27:43:11:1	27:43:12:1		q:27:43:12	q:27:43:13		12	13		adjective	strongly_licensed	high			NOUN_CONCRETE	NOUN_ACTIVE_PART			position_morpheme_aligned	agreement;local_syntax	كَافِرِينَ qualifies قَوْمٍ.	resources/attachments.tsv:36394
sx-27_44-00434	ae:v3:s027:044:pass1:attach:a1	27:44	w-s027-a044-w001	w-s027-a044-w002	w-s027-a044-w001	m-w-s027-a044-w001-01	m-w-s027-a044-w002-02	m-w-s027-a044-w001-01	27:44:1:1	27:44:2:2	27:44:1:1	q:27:44:1	q:27:44:3	q:27:44:2	1	3	2	prep_complement	syntactically_forced	high			PV_PASS	PRON		لـ	fallback_morpheme_aligned	case_government;local_syntax	هَا is governed by لَ as the addressee complement of قِيلَ.	resources/attachments.tsv:36395
sx-27_44-00435	ae:v3:s027:044:pass1:attach:a2	27:44	w-s027-a044-w001	w-s027-a044-w003		m-w-s027-a044-w001-01	m-w-s027-a044-w003-01		27:44:1:1	27:44:3:1		q:27:44:1	q:27:44:4		1	4		quoted_complement	syntactically_forced	high			PV_PASS	CV			position_morpheme_aligned	local_syntax	ٱدْخُلِي ٱلصَّرْحَ is the quoted command governed by قِيلَ.	resources/attachments.tsv:36396
sx-27_44-00436	ae:v3:s027:044:pass1:attach:a3	27:44	w-s027-a044-w003	w-s027-a044-w004		m-w-s027-a044-w003-01	m-w-s027-a044-w004-02		27:44:3:1	27:44:4:2		q:27:44:4	q:27:44:5		4	5		direct_object	syntactically_forced	high			CV	NOUN_CONCRETE	explicit		position_morpheme_aligned	case_government;local_syntax	ٱلصَّرْحَ is the accusative object of ٱدْخُلِي.	resources/attachments.tsv:36397
sx-27_44-00437	ae:v3:s027:044:pass1:attach:a4	27:44	w-s027-a044-w006	w-s027-a044-w006		m-w-s027-a044-w006-01	m-w-s027-a044-w006-02		27:44:6:1	27:44:6:2		q:27:44:8	q:27:44:8		8	8		direct_object	syntactically_forced	high		object_suffix	PV		clitic		position_morpheme_aligned	morphology;local_syntax	The suffix هُ is the object of رَأَتْهُ.	resources/attachments.tsv:36398
sx-27_44-00438	ae:v3:s027:044:pass1:attach:a5	27:44	w-s027-a044-w007	w-s027-a044-w007		m-w-s027-a044-w007-01	m-w-s027-a044-w007-02		27:44:7:1	27:44:7:2		q:27:44:9	q:27:44:9		9	9		direct_object	syntactically_forced	high		object_suffix	PV		clitic		position_morpheme_aligned	morphology;local_syntax	The suffix هُ is the first object of حَسِبَتْهُ.	resources/attachments.tsv:36399
sx-27_44-00439	ae:v3:s027:044:pass1:attach:a6	27:44	w-s027-a044-w007	w-s027-a044-w008		m-w-s027-a044-w007-01	m-w-s027-a044-w008-01		27:44:7:1	27:44:8:1		q:27:44:9	q:27:44:10		9	10		direct_object	syntactically_forced	high			PV	NOUN_CONCRETE	explicit		position_morpheme_aligned	case_government;local_syntax	لُجَّةً is the second accusative object of حَسِبَتْهُ.	resources/attachments.tsv:36400
sx-27_44-00440	ae:v3:s027:044:pass1:attach:a7	27:44	w-s027-a044-w007	w-s027-a044-w009		m-w-s027-a044-w007-01	m-w-s027-a044-w009-02		27:44:7:1	27:44:9:2		q:27:44:9	q:27:44:12		9	12		conjoined	strongly_licensed	high			PV	PV			position_morpheme_aligned	local_syntax	وَ coordinates كَشَفَتْ with حَسِبَتْ.	resources/attachments.tsv:36401
sx-27_44-00441	ae:v3:s027:044:pass1:attach:a8	27:44	w-s027-a044-w009	w-s027-a044-w011	w-s027-a044-w010	m-w-s027-a044-w009-02	m-w-s027-a044-w011-01	m-w-s027-a044-w010-01	27:44:9:2	27:44:11:1	27:44:10:1	q:27:44:12	q:27:44:14	q:27:44:13	12	14	13	prep_complement	syntactically_forced	high			PV	NOUN_CONCRETE		عَن	position_morpheme_aligned	case_government;local_syntax	سَاقَيْهَا is governed by عَنْ as the complement of كَشَفَتْ.	resources/attachments.tsv:36402
sx-27_44-00442	ae:v3:s027:044:pass1:attach:a9	27:44	w-s027-a044-w011	w-s027-a044-w011		m-w-s027-a044-w011-01	m-w-s027-a044-w011-01		27:44:11:1	27:44:11:1		q:27:44:14	q:27:44:14		14	14		idafa	syntactically_forced	high		possessive_suffix	NOUN_CONCRETE				position_morpheme_aligned	morphology	The suffix هَا is the genitive possessor of سَاقَيْ in سَاقَيْهَا.	resources/attachments.tsv:36403
sx-27_44-00443	ae:v3:s027:044:pass1:attach:a10	27:44	w-s027-a044-w012	w-s027-a044-w013		m-w-s027-a044-w012-01	m-w-s027-a044-w013-01		27:44:12:1	27:44:13:1		q:27:44:15	q:27:44:16		15	16		quoted_complement	syntactically_forced	high			PV	ANNUL_PART			position_morpheme_aligned	local_syntax	إِنَّهُ صَرْحٌ مُمَرَّدٌ مِن قَوَارِيرَ is the quoted statement of قَالَ.	resources/attachments.tsv:36404
sx-27_44-00444	ae:v3:s027:044:pass1:attach:a11	27:44	w-s027-a044-w013	w-s027-a044-w013		m-w-s027-a044-w013-01	m-w-s027-a044-w013-02		27:44:13:1	27:44:13:2		q:27:44:16	q:27:44:16		16	16		particle_complement	syntactically_forced	high	particle_segment	pronoun_suffix					position_morpheme_aligned	morphology;local_syntax	The pronoun هُ is the اسم of إِنَّ in إِنَّهُ.	resources/attachments.tsv:36405
sx-27_44-00445	ae:v3:s027:044:pass1:attach:a12	27:44	w-s027-a044-w013	w-s027-a044-w014		m-w-s027-a044-w013-01	m-w-s027-a044-w014-01		27:44:13:1	27:44:14:1		q:27:44:16	q:27:44:17		16	17		predication	strongly_licensed	high			ANNUL_PART	NOUN_CONCRETE			position_morpheme_aligned	local_syntax	صَرْحٌ is the predicate of إِنَّهُ.	resources/attachments.tsv:36406
sx-27_44-00446	ae:v3:s027:044:pass1:attach:a13	27:44	w-s027-a044-w014	w-s027-a044-w015		m-w-s027-a044-w014-01	m-w-s027-a044-w015-01		27:44:14:1	27:44:15:1		q:27:44:17	q:27:44:18		17	18		adjective	strongly_licensed	high			NOUN_CONCRETE	NOUN_PASSIVE_PART			position_morpheme_aligned	agreement;local_syntax	مُمَرَّدٌ qualifies صَرْحٌ.	resources/attachments.tsv:36407
sx-27_44-00447	ae:v3:s027:044:pass1:attach:a14	27:44	w-s027-a044-w014	w-s027-a044-w017	w-s027-a044-w016	m-w-s027-a044-w014-01	m-w-s027-a044-w017-01	m-w-s027-a044-w016-01	27:44:14:1	27:44:17:1	27:44:16:1	q:27:44:17	q:27:44:20	q:27:44:19	17	20	19	prep_complement	syntactically_forced	high			NOUN_CONCRETE	NOUN_CONCRETE		مِن	position_morpheme_aligned	case_government;local_syntax	قَوَارِيرَ is governed by مِنْ as the material complement of صَرْحٌ.	resources/attachments.tsv:36408
sx-27_44-00448	ae:v3:s027:044:pass1:attach:a15	27:44	w-s027-a044-w018	w-s027-a044-w019		m-w-s027-a044-w018-01	m-w-s027-a044-w019-01		27:44:18:1	27:44:19:1		q:27:44:21	q:27:44:22		21	22		quoted_complement	syntactically_forced	high			PV	NOUN_CONCRETE			position_morpheme_aligned	local_syntax	رَبِّ إِنِّي ... رَبِّ ٱلْعَالَمِينَ is the full utterance of قَالَتْ.	resources/attachments.tsv:36409
sx-27_44-00449	ae:v3:s027:044:pass1:attach:a16	27:44	w-s027-a044-w021	w-s027-a044-w019		m-w-s027-a044-w021-01	m-w-s027-a044-w019-01		27:44:21:1	27:44:19:1		q:27:44:24	q:27:44:22		24	22		vocative	strongly_licensed	high			PV	NOUN_CONCRETE			position_morpheme_aligned	local_syntax	رَبِّ is a vocative address inside the utterance before ظَلَمْتُ.	resources/attachments.tsv:36410
sx-27_44-00450	ae:v3:s027:044:pass1:attach:a17	27:44	w-s027-a044-w019	w-s027-a044-w019		m-w-s027-a044-w019-01	m-w-s027-a044-w019-01		27:44:19:1	27:44:19:1		q:27:44:22	q:27:44:22		22	22		idafa	syntactically_forced	high		possessive_suffix	NOUN_CONCRETE				position_morpheme_aligned	morphology	The implied suffix ي is the possessor in رَبِّ.	resources/attachments.tsv:36411
sx-27_44-00451	ae:v3:s027:044:pass1:attach:a18	27:44	w-s027-a044-w020	w-s027-a044-w020		m-w-s027-a044-w020-01	m-w-s027-a044-w020-02		27:44:20:1	27:44:20:2		q:27:44:23	q:27:44:23		23	23		particle_complement	syntactically_forced	high	particle_segment	pronoun_suffix					position_morpheme_aligned	morphology;local_syntax	The suffix ي is the اسم of إِنَّ in إِنِّي.	resources/attachments.tsv:36412
sx-27_44-00452	ae:v3:s027:044:pass1:attach:a19	27:44	w-s027-a044-w020	w-s027-a044-w021		m-w-s027-a044-w020-01	m-w-s027-a044-w021-01		27:44:20:1	27:44:21:1		q:27:44:23	q:27:44:24		23	24		predication	strongly_licensed	high			ANNUL_PART	PV			position_morpheme_aligned	local_syntax	ظَلَمْتُ نَفْسِي is the predicate content of إِنِّي.	resources/attachments.tsv:36413
sx-27_44-00453	ae:v3:s027:044:pass1:attach:a20	27:44	w-s027-a044-w021	w-s027-a044-w022		m-w-s027-a044-w021-01	m-w-s027-a044-w022-01		27:44:21:1	27:44:22:1		q:27:44:24	q:27:44:25		24	25		direct_object	syntactically_forced	high			PV	NOUN_ABSTRACT	explicit		position_morpheme_aligned	case_government;local_syntax	نَفْسِي is the accusative object of ظَلَمْتُ.	resources/attachments.tsv:36414
sx-27_44-00454	ae:v3:s027:044:pass1:attach:a21	27:44	w-s027-a044-w022	w-s027-a044-w022		m-w-s027-a044-w022-01	m-w-s027-a044-w022-01		27:44:22:1	27:44:22:1		q:27:44:25	q:27:44:25		25	25		idafa	syntactically_forced	high		possessive_suffix	NOUN_ABSTRACT				position_morpheme_aligned	morphology	The suffix ي is the genitive possessor in نَفْسِي.	resources/attachments.tsv:36415
sx-27_44-00455	ae:v3:s027:044:pass1:attach:a22	27:44	w-s027-a044-w021	w-s027-a044-w023		m-w-s027-a044-w021-01	m-w-s027-a044-w023-02		27:44:21:1	27:44:23:2		q:27:44:24	q:27:44:27		24	27		conjoined	strongly_licensed	high			PV	PV			position_morpheme_aligned	local_syntax	وَ coordinates أَسْلَمْتُ with ظَلَمْتُ within the confession.	resources/attachments.tsv:36416
sx-27_44-00456	ae:v3:s027:044:pass1:attach:a23	27:44	w-s027-a044-w023	w-s027-a044-w024		m-w-s027-a044-w023-02	m-w-s027-a044-w024-01		27:44:23:2	27:44:24:1		q:27:44:27	q:27:44:28		27	28		adverbial	strongly_licensed	high			PV	ADV			position_morpheme_aligned	local_syntax	مَعَ marks the accompaniment of أَسْلَمْتُ.	resources/attachments.tsv:36417
sx-27_44-00457	ae:v3:s027:044:pass1:attach:a24	27:44	w-s027-a044-w024	w-s027-a044-w025		m-w-s027-a044-w024-01	m-w-s027-a044-w025-01		27:44:24:1	27:44:25:1		q:27:44:28	q:27:44:29		28	29		idafa	syntactically_forced	high			ADV	NOUN_PROP_FOREIGN			position_morpheme_aligned	case_government;local_syntax	سُلَيْمَانَ is the genitive complement governed by مَعَ.	resources/attachments.tsv:36418
sx-27_44-00458	ae:v3:s027:044:pass1:attach:a25	27:44	w-s027-a044-w023	w-s027-a044-w026	w-s027-a044-w025	m-w-s027-a044-w023-02	m-w-s027-a044-w026-02	m-w-s027-a044-w025-01	27:44:23:2	27:44:26:2	27:44:25:1	q:27:44:27	q:27:44:31	q:27:44:30	27	31	30	prep_complement	syntactically_forced	high			PV	NOUN_PROP		لـ	fallback_morpheme_aligned	case_government;local_syntax	ٱللَّهِ is governed by لِ as the complement of أَسْلَمْتُ.	resources/attachments.tsv:36419
sx-27_44-00459	ae:v3:s027:044:pass1:attach:a26	27:44	w-s027-a044-w026	w-s027-a044-w027		m-w-s027-a044-w026-02	m-w-s027-a044-w027-01		27:44:26:2	27:44:27:1		q:27:44:31	q:27:44:32		31	32		apposition	strongly_licensed	high			NOUN_PROP	NOUN_CONCRETE			position_morpheme_aligned	case_government;local_syntax	رَبِّ is an appositive title for ٱللَّهِ.	resources/attachments.tsv:36420
sx-27_44-00460	ae:v3:s027:044:pass1:attach:a27	27:44	w-s027-a044-w027	w-s027-a044-w028		m-w-s027-a044-w027-01	m-w-s027-a044-w028-02		27:44:27:1	27:44:28:2		q:27:44:32	q:27:44:33		32	33		idafa	syntactically_forced	high			NOUN_CONCRETE	NOUN_ABSTRACT			position_morpheme_aligned	morphology;case_government	ٱلْعَالَمِينَ is the genitive complement of the construct رَبِّ.	resources/attachments.tsv:36421
sx-27_44-00461	ae:v3:s027:044:pass1:attach:a28	27:44	w-s027-a044-w006	w-s027-a044-w005		m-w-s027-a044-w006-01	m-w-s027-a044-w005-02		27:44:6:1	27:44:5:2		q:27:44:8	q:27:44:7		8	7		adverbial	strongly_licensed	high			PV	ADV			position_morpheme_aligned	local_syntax	لَمَّا marks the temporal frame of رَأَتْهُ.	resources/attachments.tsv:36422
sx-27_45-00462	ae:v3:s027:045:pass1:attach:a1	27:45	w-s027-a045-w002	w-s027-a045-w004	w-s027-a045-w003	m-w-s027-a045-w002-01	m-w-s027-a045-w004-01	m-w-s027-a045-w003-01	27:45:2:1	27:45:4:1	27:45:3:1	q:27:45:4	q:27:45:6	q:27:45:5	4	6	5	prep_complement	syntactically_forced	high			PV	NOUN_PROP		إِلَى	position_morpheme_aligned	case_government;local_syntax	ثَمُودَ is governed by إِلَى as the destination of أَرْسَلْنَا.	resources/attachments.tsv:36423
sx-27_45-00463	ae:v3:s027:045:pass1:attach:a2	27:45	w-s027-a045-w002	w-s027-a045-w005		m-w-s027-a045-w002-01	m-w-s027-a045-w005-01		27:45:2:1	27:45:5:1		q:27:45:4	q:27:45:7		4	7		direct_object	syntactically_forced	high			PV	NOUN_FIVE	explicit		position_morpheme_aligned	case_government;local_syntax	أَخَاهُمْ is the accusative direct object of أَرْسَلْنَا.	resources/attachments.tsv:36424
sx-27_45-00464	ae:v3:s027:045:pass1:attach:a3	27:45	w-s027-a045-w005	w-s027-a045-w005		m-w-s027-a045-w005-01	m-w-s027-a045-w005-01		27:45:5:1	27:45:5:1		q:27:45:7	q:27:45:7		7	7		idafa	syntactically_forced	high		possessive_suffix	NOUN_FIVE				position_morpheme_aligned	morphology	The suffix هُمْ is the genitive possessor in أَخَاهُمْ.	resources/attachments.tsv:36425
sx-27_45-00465	ae:v3:s027:045:pass1:attach:a4	27:45	w-s027-a045-w005	w-s027-a045-w006		m-w-s027-a045-w005-01	m-w-s027-a045-w006-01		27:45:5:1	27:45:6:1		q:27:45:7	q:27:45:8		7	8		apposition	strongly_licensed	high			NOUN_FIVE	NOUN_ACTIVE_PART			position_morpheme_aligned	case_government;local_syntax	صَالِحًا apposes أَخَاهُمْ and identifies the brother sent.	resources/attachments.tsv:36426
sx-27_45-00466	ae:v3:s027:045:pass1:attach:a5	27:45	w-s027-a045-w002	w-s027-a045-w007		m-w-s027-a045-w002-01	m-w-s027-a045-w007-01		27:45:2:1	27:45:7:1		q:27:45:4	q:27:45:9		4	9		clausal_complement	syntactically_forced	high			PV	SUBJUNC_PART			position_morpheme_aligned	local_syntax	أَنِ ٱعْبُدُوا ٱللَّهَ is the commissioned content of أَرْسَلْنَا.	resources/attachments.tsv:36427
sx-27_45-00467	ae:v3:s027:045:pass1:attach:a6	27:45	w-s027-a045-w008	w-s027-a045-w009		m-w-s027-a045-w008-01	m-w-s027-a045-w009-01		27:45:8:1	27:45:9:1		q:27:45:10	q:27:45:11		10	11		direct_object	syntactically_forced	high			CV	NOUN_PROP	explicit		position_morpheme_aligned	case_government;local_syntax	ٱللَّهَ is the accusative object of ٱعْبُدُوا.	resources/attachments.tsv:36428
sx-27_45-00468	ae:v3:s027:045:pass1:attach:a7	27:45	w-s027-a045-w011	w-s027-a045-w012		m-w-s027-a045-w011-01	m-w-s027-a045-w012-01		27:45:11:1	27:45:12:1		q:27:45:14	q:27:45:15		14	15		predication	strongly_licensed	high			PRON	NOUN_CONCRETE			position_morpheme_aligned	local_syntax	فَرِيقَانِ is predicated of هُمْ.	resources/attachments.tsv:36429
sx-27_45-00469	ae:v3:s027:045:pass1:attach:a8	27:45	w-s027-a045-w012	w-s027-a045-w013		m-w-s027-a045-w012-01	m-w-s027-a045-w013-01		27:45:12:1	27:45:13:1		q:27:45:15	q:27:45:16		15	16		adjective	strongly_licensed	high			NOUN_CONCRETE	IV			position_morpheme_aligned	local_syntax	يَخْتَصِمُونَ describes the indefinite predicate فَرِيقَانِ.	resources/attachments.tsv:36430
sx-27_45-00470	ae:v3:s027:045:pass1:attach:a9	27:45	w-s027-a045-w012	w-s027-a045-w010		m-w-s027-a045-w012-01	m-w-s027-a045-w010-02		27:45:12:1	27:45:10:2		q:27:45:15	q:27:45:13		15	13		adverbial	strongly_licensed	high			NOUN_CONCRETE	ADV			position_morpheme_aligned	local_syntax	إِذَا marks the sudden presentation of هُمْ فَرِيقَانِ.	resources/attachments.tsv:36431
sx-27_46-00471	ae:v3:s027:046:pass1:attach:a1	27:46	w-s027-a046-w001	w-s027-a046-w002		m-w-s027-a046-w001-01	m-w-s027-a046-w002-02		27:46:1:1	27:46:2:2		q:27:46:1	q:27:46:2		1	2		quoted_complement	syntactically_forced	high			PV	VOC_PART			position_morpheme_aligned	local_syntax	The full admonition يَا قَوْمِ ... تُرْحَمُونَ is the quoted content of قَالَ.	resources/attachments.tsv:36432
sx-27_46-00472	ae:v3:s027:046:pass1:attach:a2	27:46	w-s027-a046-w004	w-s027-a046-w002		m-w-s027-a046-w004-01	m-w-s027-a046-w002-02		27:46:4:1	27:46:2:2		q:27:46:5	q:27:46:3		5	3		vocative	strongly_licensed	high			IV	NOUN_CONCRETE			fallback_morpheme_aligned	local_syntax	قَوْمِ is the vocative addressee before تَسْتَعْجِلُونَ.	resources/attachments.tsv:36433
sx-27_46-00473	ae:v3:s027:046:pass1:attach:a3	27:46	w-s027-a046-w002	w-s027-a046-w002		m-w-s027-a046-w002-02	m-w-s027-a046-w002-02		27:46:2:2	27:46:2:2		q:27:46:3	q:27:46:3		3	3		idafa	syntactically_forced	high		possessive_suffix	NOUN_CONCRETE				position_morpheme_aligned	morphology	The implied suffix ي is the possessor in قَوْمِ.	resources/attachments.tsv:36434
sx-27_46-00474	ae:v3:s027:046:pass1:attach:a4	27:46	w-s027-a046-w004	w-s027-a046-w003	w-s027-a046-w003	m-w-s027-a046-w004-01	m-w-s027-a046-w003-02	m-w-s027-a046-w003-01	27:46:4:1	27:46:3:2	27:46:3:1	q:27:46:5	q:27:46:4	q:27:46:4	5	4	4	prep_complement	strongly_licensed	medium		particle_segment	IV			لـ	fallback_morpheme_aligned	local_syntax	مَا within لِمَ is governed by the لِ and supplies the interrogative complement of تَسْتَعْجِلُونَ.	resources/attachments.tsv:36435
sx-27_46-00475	ae:v3:s027:046:pass1:attach:a5	27:46	w-s027-a046-w004	w-s027-a046-w005	w-s027-a046-w005	m-w-s027-a046-w004-01	m-w-s027-a046-w005-03	m-w-s027-a046-w005-01	27:46:4:1	27:46:5:3	27:46:5:1	q:27:46:5	q:27:46:7	q:27:46:6	5	7	6	prep_complement	syntactically_forced	high			IV	NOUN_ABSTRACT		بـ	fallback_morpheme_aligned	case_government;local_syntax	ٱلسَّيِّئَةِ is governed by بِ as the complement of تَسْتَعْجِلُونَ.	resources/attachments.tsv:36436
sx-27_46-00476	ae:v3:s027:046:pass1:attach:a6	27:46	w-s027-a046-w004	w-s027-a046-w006		m-w-s027-a046-w004-01	m-w-s027-a046-w006-01		27:46:4:1	27:46:6:1		q:27:46:5	q:27:46:8		5	8		adverbial	strongly_licensed	high			IV	ADV			fallback_morpheme_aligned	case_government;local_syntax	قَبْلَ marks the temporal ordering of تَسْتَعْجِلُونَ.	resources/attachments.tsv:36437
sx-27_46-00477	ae:v3:s027:046:pass1:attach:a7	27:46	w-s027-a046-w006	w-s027-a046-w007		m-w-s027-a046-w006-01	m-w-s027-a046-w007-02		27:46:6:1	27:46:7:2		q:27:46:8	q:27:46:9		8	9		idafa	syntactically_forced	high			ADV	ADJ_QUALIT			fallback_morpheme_aligned	morphology;case_government	ٱلْحَسَنَةِ is the genitive complement of قَبْلَ.	resources/attachments.tsv:36438
sx-27_46-00478	ae:v3:s027:046:pass1:attach:a8	27:46	w-s027-a046-w009	w-s027-a046-w010		m-w-s027-a046-w009-01	m-w-s027-a046-w010-01		27:46:9:1	27:46:10:1		q:27:46:11	q:27:46:12		11	12		direct_object	syntactically_forced	high			IV	NOUN_PROP	explicit		fallback_morpheme_aligned	case_government;local_syntax	ٱللَّهَ is the accusative object of تَسْتَغْفِرُونَ.	resources/attachments.tsv:36439
sx-27_46-00479	ae:v3:s027:046:pass1:attach:a9	27:46	w-s027-a046-w011	w-s027-a046-w011		m-w-s027-a046-w011-01	m-w-s027-a046-w011-02		27:46:11:1	27:46:11:2		q:27:46:13	q:27:46:13		13	13		particle_complement	syntactically_forced	high	particle_segment	pronoun_suffix					fallback_morpheme_aligned	morphology;local_syntax	The suffix كُمْ is the اسم of لَعَلَّ.	resources/attachments.tsv:36440
sx-27_46-00480	ae:v3:s027:046:pass1:attach:a10	27:46	w-s027-a046-w011	w-s027-a046-w012		m-w-s027-a046-w011-01	m-w-s027-a046-w012-01		27:46:11:1	27:46:12:1		q:27:46:13	q:27:46:14		13	14		predication	strongly_licensed	high			ANNUL_PART	IV_PASS			fallback_morpheme_aligned	local_syntax	تُرْحَمُونَ is the predicate of لَعَلَّكُمْ.	resources/attachments.tsv:36441
sx-27_47-00481	ae:v3:s027:047:pass1:attach:a1	27:47	w-s027-a047-w001	w-s027-a047-w002		m-w-s027-a047-w001-01	m-w-s027-a047-w002-01		27:47:1:1	27:47:2:1		q:27:47:1	q:27:47:2		1	2		quoted_complement	syntactically_forced	high			PV	PV			position_morpheme_aligned	local_syntax	ٱطَّيَّرْنَا بِكَ وَبِمَن مَعَكَ is the quoted content of قَالُوا.	resources/attachments.tsv:36442
sx-27_47-00482	ae:v3:s027:047:pass1:attach:a2	27:47	w-s027-a047-w002	w-s027-a047-w003	w-s027-a047-w003	m-w-s027-a047-w002-01	m-w-s027-a047-w003-02	m-w-s027-a047-w003-01	27:47:2:1	27:47:3:2	27:47:3:1	q:27:47:2	q:27:47:3	q:27:47:3	2	3	3	prep_complement	syntactically_forced	high		pronoun_suffix	PV			بـ	position_morpheme_aligned	case_government;local_syntax	The suffix كَ in بِكَ is governed by بِ as a complement of ٱطَّيَّرْنَا.	resources/attachments.tsv:36443
sx-27_47-00483	ae:v3:s027:047:pass1:attach:a3	27:47	w-s027-a047-w002	w-s027-a047-w004	w-s027-a047-w003	m-w-s027-a047-w002-01	m-w-s027-a047-w004-03	m-w-s027-a047-w003-01	27:47:2:1	27:47:4:3	27:47:3:1	q:27:47:2	q:27:47:6	q:27:47:5	2	6	5	prep_complement	syntactically_forced	high			PV	REL_PRON		بـ	fallback_morpheme_aligned	case_government;local_syntax	مَن is governed by بِ as the second complement of ٱطَّيَّرْنَا.	resources/attachments.tsv:36444
sx-27_47-00484	ae:v3:s027:047:pass1:attach:a4	27:47	w-s027-a047-w003	w-s027-a047-w004		m-w-s027-a047-w003-01	m-w-s027-a047-w004-03		27:47:3:1	27:47:4:3		q:27:47:3	q:27:47:6		3	6		conjoined	strongly_licensed	high			PREP	REL_PRON			position_morpheme_aligned	parallelism;local_syntax	وَ coordinates بِمَن with بِكَ.	resources/attachments.tsv:36445
sx-27_47-00485	ae:v3:s027:047:pass1:attach:a5	27:47	w-s027-a047-w004	w-s027-a047-w005		m-w-s027-a047-w004-03	m-w-s027-a047-w005-01		27:47:4:3	27:47:5:1		q:27:47:6	q:27:47:7		6	7		predication	strongly_licensed	high			REL_PRON	ADV			fallback_morpheme_aligned	local_syntax	مَعَكَ predicates accompaniment of مَن.	resources/attachments.tsv:36446
sx-27_47-00486	ae:v3:s027:047:pass1:attach:a6	27:47	w-s027-a047-w005	w-s027-a047-w005		m-w-s027-a047-w005-01	m-w-s027-a047-w005-01		27:47:5:1	27:47:5:1		q:27:47:7	q:27:47:7		7	7		idafa	syntactically_forced	high		possessive_suffix	ADV				fallback_morpheme_aligned	morphology	The suffix كَ is the complement of the adverb مَعَ in مَعَكَ.	resources/attachments.tsv:36447
sx-27_47-00487	ae:v3:s027:047:pass1:attach:a7	27:47	w-s027-a047-w006	w-s027-a047-w007		m-w-s027-a047-w006-01	m-w-s027-a047-w007-01		27:47:6:1	27:47:7:1		q:27:47:8	q:27:47:9		8	9		quoted_complement	syntactically_forced	high			PV	NOUN_ABSTRACT			fallback_morpheme_aligned	local_syntax	طَائِرُكُمْ ... تُفْتَنُونَ is the quoted answer governed by قَالَ.	resources/attachments.tsv:36448
sx-27_47-00488	ae:v3:s027:047:pass1:attach:a8	27:47	w-s027-a047-w007	w-s027-a047-w007		m-w-s027-a047-w007-01	m-w-s027-a047-w007-01		27:47:7:1	27:47:7:1		q:27:47:9	q:27:47:9		9	9		idafa	syntactically_forced	high		possessive_suffix	NOUN_ABSTRACT				fallback_morpheme_aligned	morphology	The suffix كُمْ is the genitive possessor in طَائِرُكُمْ.	resources/attachments.tsv:36449
sx-27_47-00489	ae:v3:s027:047:pass1:attach:a9	27:47	w-s027-a047-w007	w-s027-a047-w008		m-w-s027-a047-w007-01	m-w-s027-a047-w008-01		27:47:7:1	27:47:8:1		q:27:47:9	q:27:47:10		9	10		predication	strongly_licensed	high			NOUN_ABSTRACT	ADV			fallback_morpheme_aligned	local_syntax	عِندَ ٱللَّهِ is predicated of طَائِرُكُمْ.	resources/attachments.tsv:36450
sx-27_47-00490	ae:v3:s027:047:pass1:attach:a10	27:47	w-s027-a047-w008	w-s027-a047-w009		m-w-s027-a047-w008-01	m-w-s027-a047-w009-01		27:47:8:1	27:47:9:1		q:27:47:10	q:27:47:11		10	11		idafa	syntactically_forced	high			ADV	NOUN_PROP			fallback_morpheme_aligned	case_government;local_syntax	ٱللَّهِ is the genitive complement governed by عِندَ.	resources/attachments.tsv:36451
sx-27_47-00491	ae:v3:s027:047:pass1:attach:a11	27:47	w-s027-a047-w011	w-s027-a047-w012		m-w-s027-a047-w011-01	m-w-s027-a047-w012-01		27:47:11:1	27:47:12:1		q:27:47:13	q:27:47:14		13	14		predication	strongly_licensed	high			DEM_PRON	NOUN_CONCRETE			fallback_morpheme_aligned	local_syntax	قَوْمٌ is predicated of أَنتُمْ.	resources/attachments.tsv:36452
sx-27_47-00492	ae:v3:s027:047:pass1:attach:a12	27:47	w-s027-a047-w012	w-s027-a047-w013		m-w-s027-a047-w012-01	m-w-s027-a047-w013-01		27:47:12:1	27:47:13:1		q:27:47:14	q:27:47:15		14	15		adjective	strongly_licensed	high			NOUN_CONCRETE	IV_PASS			fallback_morpheme_aligned	local_syntax	تُفْتَنُونَ describes قَوْمٌ in the nominal clause.	resources/attachments.tsv:36453
sx-27_48-00493	ae:v3:s027:048:pass1:attach:a1	27:48	w-s027-a048-w001	w-s027-a048-w003	w-s027-a048-w002	m-w-s027-a048-w001-02	m-w-s027-a048-w003-02	m-w-s027-a048-w002-01	27:48:1:2	27:48:3:2	27:48:2:1	q:27:48:2	q:27:48:4	q:27:48:3	2	4	3	prep_complement	syntactically_forced	high			PV	NOUN_CONCRETE		فِي	position_morpheme_aligned	case_government;local_syntax	ٱلْمَدِينَةِ is governed by فِي as the locative predicate of كَانَ.	resources/attachments.tsv:36454
sx-27_48-00494	ae:v3:s027:048:pass1:attach:a2	27:48	w-s027-a048-w001	w-s027-a048-w003		m-w-s027-a048-w001-02	m-w-s027-a048-w003-02		27:48:1:2	27:48:3:2		q:27:48:2	q:27:48:4		2	4		kana_predicate	strongly_licensed	high			PV	NOUN_CONCRETE			position_morpheme_aligned	local_syntax	فِي ٱلْمَدِينَةِ supplies the fronted predicate of كَانَ.	resources/attachments.tsv:36455
sx-27_48-00495	ae:v3:s027:048:pass1:attach:a3	27:48	w-s027-a048-w001	w-s027-a048-w004		m-w-s027-a048-w001-02	m-w-s027-a048-w004-01		27:48:1:2	27:48:4:1		q:27:48:2	q:27:48:5		2	5		subject	strongly_licensed	high			PV	NOUN_NUM			position_morpheme_aligned	word_order;local_syntax	تِسْعَةُ رَهْطٍ is the delayed subject of كَانَ.	resources/attachments.tsv:36456
sx-27_48-00496	ae:v3:s027:048:pass1:attach:a4	27:48	w-s027-a048-w004	w-s027-a048-w005		m-w-s027-a048-w004-01	m-w-s027-a048-w005-01		27:48:4:1	27:48:5:1		q:27:48:5	q:27:48:6		5	6		idafa	syntactically_forced	high			NOUN_NUM	NOUN_CONCRETE			position_morpheme_aligned	morphology;case_government	رَهْطٍ is the genitive complement of the construct number تِسْعَةُ.	resources/attachments.tsv:36457
sx-27_48-00497	ae:v3:s027:048:pass1:attach:a5	27:48	w-s027-a048-w005	w-s027-a048-w006		m-w-s027-a048-w005-01	m-w-s027-a048-w006-01		27:48:5:1	27:48:6:1		q:27:48:6	q:27:48:7		6	7		adjective	strongly_licensed	high			NOUN_CONCRETE	IV			position_morpheme_aligned	local_syntax	يُفْسِدُونَ describes the indefinite رَهْطٍ.	resources/attachments.tsv:36458
sx-27_48-00498	ae:v3:s027:048:pass1:attach:a6	27:48	w-s027-a048-w006	w-s027-a048-w008	w-s027-a048-w007	m-w-s027-a048-w006-01	m-w-s027-a048-w008-02	m-w-s027-a048-w007-01	27:48:6:1	27:48:8:2	27:48:7:1	q:27:48:7	q:27:48:9	q:27:48:8	7	9	8	prep_complement	syntactically_forced	high			IV	NOUN_CONCRETE		فِي	position_morpheme_aligned	case_government;local_syntax	ٱلْأَرْضِ is governed by فِي as the locative complement of يُفْسِدُونَ.	resources/attachments.tsv:36459
sx-27_48-00499	ae:v3:s027:048:pass1:attach:a7	27:48	w-s027-a048-w006	w-s027-a048-w010		m-w-s027-a048-w006-01	m-w-s027-a048-w010-01		27:48:6:1	27:48:10:1		q:27:48:7	q:27:48:12		7	12		conjoined	strongly_licensed	high			IV	IV			position_morpheme_aligned	local_syntax	وَلَا coordinates يُصْلِحُونَ with يُفْسِدُونَ under the same descriptive scope.	resources/attachments.tsv:36460
sx-27_49-00500	ae:v3:s027:049:pass1:attach:a1	27:49	w-s027-a049-w001	w-s027-a049-w002		m-w-s027-a049-w001-01	m-w-s027-a049-w002-01		27:49:1:1	27:49:2:1		q:27:49:1	q:27:49:2		1	2		quoted_complement	syntactically_forced	high			PV	PV			position_morpheme_aligned	local_syntax	تَقَاسَمُوا ... وَإِنَّا لَصَادِقُونَ is the full utterance governed by قَالُوا.	resources/attachments.tsv:36461
sx-27_49-00501	ae:v3:s027:049:pass1:attach:a2	27:49	w-s027-a049-w002	w-s027-a049-w003	w-s027-a049-w003	m-w-s027-a049-w002-01	m-w-s027-a049-w003-02	m-w-s027-a049-w003-01	27:49:2:1	27:49:3:2	27:49:3:1	q:27:49:2	q:27:49:4	q:27:49:3	2	4	3	prep_complement	syntactically_forced	high			PV	NOUN_PROP		بـ	position_morpheme_aligned	case_government;local_syntax	ٱللَّهِ is governed by بِ in the oath complement of تَقَاسَمُوا.	resources/attachments.tsv:36462
sx-27_49-00502	ae:v3:s027:049:pass1:attach:a3	27:49	w-s027-a049-w004	w-s027-a049-w004		m-w-s027-a049-w004-02	m-w-s027-a049-w004-04		27:49:4:2	27:49:4:4		q:27:49:6	q:27:49:6		6	6		direct_object	syntactically_forced	high		object_suffix	IV		clitic		position_morpheme_aligned	morphology;local_syntax	The suffix هُ after the energetic ending is the object of نُبَيِّتَنَّهُ.	resources/attachments.tsv:36463
sx-27_49-00503	ae:v3:s027:049:pass1:attach:a4	27:49	w-s027-a049-w004	w-s027-a049-w005		m-w-s027-a049-w004-02	m-w-s027-a049-w005-02		27:49:4:2	27:49:5:2		q:27:49:6	q:27:49:8		6	8		direct_object	strongly_licensed	high			IV	NOUN_CONCRETE	explicit		position_morpheme_aligned	case_government;local_syntax	أَهْلَهُ is coordinated into the object slot of نُبَيِّتَنَّهُ.	resources/attachments.tsv:36464
sx-27_49-00504	ae:v3:s027:049:pass1:attach:a5	27:49	w-s027-a049-w004	w-s027-a049-w005		m-w-s027-a049-w004-02	m-w-s027-a049-w005-02		27:49:4:2	27:49:5:2		q:27:49:6	q:27:49:8		6	8		conjoined	strongly_licensed	high			IV	NOUN_CONCRETE			position_morpheme_aligned	local_syntax	وَ coordinates أَهْلَهُ with the object suffix of نُبَيِّتَنَّهُ.	resources/attachments.tsv:36465
sx-27_49-00505	ae:v3:s027:049:pass1:attach:a6	27:49	w-s027-a049-w005	w-s027-a049-w005		m-w-s027-a049-w005-02	m-w-s027-a049-w005-02		27:49:5:2	27:49:5:2		q:27:49:8	q:27:49:8		8	8		idafa	syntactically_forced	high		possessive_suffix	NOUN_CONCRETE				position_morpheme_aligned	morphology	The suffix هُ is the genitive possessor in أَهْلَهُ.	resources/attachments.tsv:36466
sx-27_49-00506	ae:v3:s027:049:pass1:attach:a7	27:49	w-s027-a049-w007	w-s027-a049-w008	w-s027-a049-w007	m-w-s027-a049-w007-02	m-w-s027-a049-w008-02	m-w-s027-a049-w007-02	27:49:7:2	27:49:8:2	27:49:7:2	q:27:49:11	q:27:49:13	q:27:49:12	11	13	12	prep_complement	syntactically_forced	high			IV	NOUN_CONCRETE		لـ	fallback_morpheme_aligned	case_government;local_syntax	وَلِيِّهِ is governed by لِ as the addressee complement of نَقُولَنَّ.	resources/attachments.tsv:36467
sx-27_49-00507	ae:v3:s027:049:pass1:attach:a8	27:49	w-s027-a049-w008	w-s027-a049-w008		m-w-s027-a049-w008-02	m-w-s027-a049-w008-02		27:49:8:2	27:49:8:2		q:27:49:13	q:27:49:13		13	13		idafa	syntactically_forced	high		possessive_suffix	NOUN_CONCRETE				position_morpheme_aligned	morphology	The suffix هِ is the genitive possessor in وَلِيِّهِ.	resources/attachments.tsv:36468
sx-27_49-00508	ae:v3:s027:049:pass1:attach:a9	27:49	w-s027-a049-w007	w-s027-a049-w009		m-w-s027-a049-w007-02	m-w-s027-a049-w009-01		27:49:7:2	27:49:9:1		q:27:49:11	q:27:49:14		11	14		quoted_complement	syntactically_forced	high			IV	NEG_PART			position_morpheme_aligned	local_syntax	مَا شَهِدْنَا ... لَصَادِقُونَ is the planned quotation of نَقُولَنَّ; the addressee لِوَلِيِّهِ is outside the span.	resources/attachments.tsv:36469
sx-27_49-00509	ae:v3:s027:049:pass1:attach:a10	27:49	w-s027-a049-w010	w-s027-a049-w011		m-w-s027-a049-w010-01	m-w-s027-a049-w011-01		27:49:10:1	27:49:11:1		q:27:49:15	q:27:49:16		15	16		direct_object	syntactically_forced	high			PV	GERUND_MEEM	explicit		position_morpheme_aligned	case_government;local_syntax	مَهْلِكَ أَهْلِهِ is the accusative object of شَهِدْنَا.	resources/attachments.tsv:36470
sx-27_49-00510	ae:v3:s027:049:pass1:attach:a11	27:49	w-s027-a049-w011	w-s027-a049-w012		m-w-s027-a049-w011-01	m-w-s027-a049-w012-01		27:49:11:1	27:49:12:1		q:27:49:16	q:27:49:17		16	17		idafa	syntactically_forced	high			GERUND_MEEM	NOUN_CONCRETE			position_morpheme_aligned	morphology;case_government	أَهْلِهِ is the genitive complement of the construct مَهْلِكَ.	resources/attachments.tsv:36471
sx-27_49-00511	ae:v3:s027:049:pass1:attach:a12	27:49	w-s027-a049-w012	w-s027-a049-w012		m-w-s027-a049-w012-01	m-w-s027-a049-w012-01		27:49:12:1	27:49:12:1		q:27:49:17	q:27:49:17		17	17		idafa	syntactically_forced	high		possessive_suffix	NOUN_CONCRETE				position_morpheme_aligned	morphology	The suffix هِ is the genitive possessor in أَهْلِهِ.	resources/attachments.tsv:36472
sx-27_49-00512	ae:v3:s027:049:pass1:attach:a13	27:49	w-s027-a049-w013	w-s027-a049-w013		m-w-s027-a049-w013-02	m-w-s027-a049-w013-03		27:49:13:2	27:49:13:3		q:27:49:19	q:27:49:19		19	19		particle_complement	syntactically_forced	high	particle_segment	pronoun_suffix					position_morpheme_aligned	morphology;local_syntax	The suffix نَا is the اسم of إِنَّ in إِنَّا.	resources/attachments.tsv:36473
sx-27_49-00513	ae:v3:s027:049:pass1:attach:a14	27:49	w-s027-a049-w013	w-s027-a049-w014		m-w-s027-a049-w013-02	m-w-s027-a049-w014-02		27:49:13:2	27:49:14:2		q:27:49:19	q:27:49:21		19	21		predication	strongly_licensed	high			INF_ANNUL_PART	NOUN_ACTIVE_PART			position_morpheme_aligned	local_syntax	صَادِقُونَ is the predicate of إِنَّا.	resources/attachments.tsv:36474
sx-27_49-00514	ae:v3:s027:049:pass1:attach:a15	27:49	w-s027-a049-w004	w-s027-a049-w007		m-w-s027-a049-w004-02	m-w-s027-a049-w007-02		27:49:4:2	27:49:7:2		q:27:49:6	q:27:49:11		6	11		conjoined	strongly_licensed	high			IV	IV			position_morpheme_aligned	local_syntax	ثُمَّ coordinates نَقُولَنَّ after نُبَيِّتَنَّهُ in the oath plan.	resources/attachments.tsv:36475
sx-27_49-00515	ae:v3:s027:049:pass1:attach:a16	27:49	w-s027-a049-w010	w-s027-a049-w013		m-w-s027-a049-w010-01	m-w-s027-a049-w013-02		27:49:10:1	27:49:13:2		q:27:49:15	q:27:49:19		15	19		conjoined	strongly_licensed	high			PV	INF_ANNUL_PART			position_morpheme_aligned	local_syntax	وَ coordinates إِنَّا لَصَادِقُونَ with مَا شَهِدْنَا inside the planned quotation.	resources/attachments.tsv:36476
sx-27_50-00516	ae:v3:s027:050:pass1:attach:a1	27:50	w-s027-a050-w001	w-s027-a050-w001		m-w-s027-a050-w001-02	m-w-s027-a050-w001-02		27:50:1:2	27:50:1:2		q:27:50:2	q:27:50:3		2	3		cognate_acc	syntactically_forced	high			PV	GERUND			fallback_morpheme_aligned	morphology;local_syntax	مَكْرًا is the cognate accusative reinforcing مَكَرُوا.	resources/attachments.tsv:36477
sx-27_50-00517	ae:v3:s027:050:pass1:attach:a2	27:50	w-s027-a050-w001	w-s027-a050-w001		m-w-s027-a050-w001-02	m-w-s027-a050-w001-02		27:50:1:2	27:50:1:2		q:27:50:2	q:27:50:5		2	5		conjoined	strongly_licensed	high			PV	PV			fallback_morpheme_aligned	parallelism;local_syntax	وَ coordinates مَكَرْنَا with مَكَرُوا.	resources/attachments.tsv:36478
sx-27_50-00518	ae:v3:s027:050:pass1:attach:a3	27:50	w-s027-a050-w001	w-s027-a050-w001		m-w-s027-a050-w001-02	m-w-s027-a050-w001-02		27:50:1:2	27:50:1:2		q:27:50:5	q:27:50:6		5	6		cognate_acc	syntactically_forced	high			PV	GERUND			fallback_morpheme_aligned	morphology;local_syntax	مَكْرًا is the cognate accusative reinforcing مَكَرْنَا.	resources/attachments.tsv:36479
sx-27_50-00519	ae:v3:s027:050:pass1:attach:a4	27:50	w-s027-a050-w001	w-s027-a050-w005		m-w-s027-a050-w001-02	m-w-s027-a050-w005-02		27:50:1:2	27:50:5:2		q:27:50:5	q:27:50:8		5	8		circumstantial	strongly_licensed	high			PV	PRON			fallback_morpheme_aligned	local_syntax	وَهُمْ لَا يَشْعُرُونَ gives the circumstantial state during مَكَرْنَا.	resources/attachments.tsv:36480
sx-27_50-00520	ae:v3:s027:050:pass1:attach:a5	27:50	w-s027-a050-w005	w-s027-a050-w007		m-w-s027-a050-w005-02	m-w-s027-a050-w007-01		27:50:5:2	27:50:7:1		q:27:50:8	q:27:50:10		8	10		predication	strongly_licensed	high			PRON	IV			position_morpheme_aligned	local_syntax	لَا يَشْعُرُونَ is predicated of هُمْ.	resources/attachments.tsv:36481
sx-27_51-00521	ae:v3:s027:051:pass1:attach:a1	27:51	w-s027-a051-w001	w-s027-a051-w002		m-w-s027-a051-w001-02	m-w-s027-a051-w002-01		27:51:1:2	27:51:2:1		q:27:51:2	q:27:51:3		2	3		clausal_complement	strongly_licensed	high			CV	INTERROG_PRON			position_morpheme_aligned	local_syntax	كَيْفَ كَانَ عَاقِبَةُ مَكْرِهِمْ is the indirect question governed by ٱنظُرْ.	resources/attachments.tsv:36482
sx-27_51-00522	ae:v3:s027:051:pass1:attach:a2	27:51	w-s027-a051-w003	w-s027-a051-w002		m-w-s027-a051-w003-01	m-w-s027-a051-w002-01		27:51:3:1	27:51:2:1		q:27:51:4	q:27:51:3		4	3		kana_predicate	syntactically_forced	high			PV	INTERROG_PRON			position_morpheme_aligned	local_syntax;word_order	كَيْفَ is the predicate of كَانَ in the interrogative copular clause.	resources/attachments.tsv:36483
sx-27_51-00523	ae:v3:s027:051:pass1:attach:a3	27:51	w-s027-a051-w003	w-s027-a051-w004		m-w-s027-a051-w003-01	m-w-s027-a051-w004-01		27:51:3:1	27:51:4:1		q:27:51:4	q:27:51:5		4	5		subject	syntactically_forced	high			PV	NOUN_ABSTRACT			position_morpheme_aligned	agreement;word_order	عَاقِبَةُ is the nominative subject of كَانَ.	resources/attachments.tsv:36484
sx-27_51-00524	ae:v3:s027:051:pass1:attach:a4	27:51	w-s027-a051-w004	w-s027-a051-w005		m-w-s027-a051-w004-01	m-w-s027-a051-w005-01		27:51:4:1	27:51:5:1		q:27:51:5	q:27:51:6		5	6		idafa	syntactically_forced	high			NOUN_ABSTRACT	GERUND			position_morpheme_aligned	morphology;case_government	مَكْرِهِمْ is genitive as the muḍāf ilayhi of عَاقِبَةُ.	resources/attachments.tsv:36485
sx-27_51-00525	ae:v3:s027:051:pass1:attach:a5	27:51	w-s027-a051-w004	w-s027-a051-w006		m-w-s027-a051-w004-01	m-w-s027-a051-w006-01		27:51:4:1	27:51:6:1		q:27:51:5	q:27:51:7		5	7		clausal_complement	strongly_licensed	high			NOUN_ABSTRACT	PRON_1S			position_morpheme_aligned	local_syntax	أَنَّا دَمَّرْنَاهُمْ explains the content of عَاقِبَةُ مَكْرِهِمْ.	resources/attachments.tsv:36486
sx-27_51-00526	ae:v3:s027:051:pass1:attach:a6	27:51	w-s027-a051-w006	w-s027-a051-w006		m-w-s027-a051-w006-01	m-w-s027-a051-w006-02		27:51:6:1	27:51:6:2		q:27:51:7	q:27:51:7		7	7		particle_complement	syntactically_forced	high	particle_segment	pronoun_suffix					position_morpheme_aligned	morphology;local_syntax	The نَا in أَنَّا is the governed noun of أَنَّ.	resources/attachments.tsv:36487
sx-27_51-00527	ae:v3:s027:051:pass1:attach:a7	27:51	w-s027-a051-w006	w-s027-a051-w007		m-w-s027-a051-w006-01	m-w-s027-a051-w007-01		27:51:6:1	27:51:7:1		q:27:51:7	q:27:51:8		7	8		predication	strongly_licensed	high			PRON_1S	PV			position_morpheme_aligned	local_syntax	دَمَّرْنَاهُمْ وَقَوْمَهُمْ is the predicate content of أَنَّا.	resources/attachments.tsv:36488
sx-27_51-00528	ae:v3:s027:051:pass1:attach:a8	27:51	w-s027-a051-w007	w-s027-a051-w007		m-w-s027-a051-w007-01	m-w-s027-a051-w007-01		27:51:7:1	27:51:7:1		q:27:51:8	q:27:51:8		8	8		direct_object	syntactically_forced	high		object_suffix	PV		clitic		position_morpheme_aligned	morphology	The هُمْ suffix in دَمَّرْنَاهُمْ is the object destroyed by دَمَّرْنَا.	resources/attachments.tsv:36489
sx-27_51-00529	ae:v3:s027:051:pass1:attach:a9	27:51	w-s027-a051-w007	w-s027-a051-w008		m-w-s027-a051-w007-01	m-w-s027-a051-w008-02		27:51:7:1	27:51:8:2		q:27:51:8	q:27:51:10		8	10		direct_object	syntactically_forced	high			PV	NOUN_CONCRETE	explicit		position_morpheme_aligned	case_government;local_syntax	قَوْمَهُمْ is an explicit object coordinated into the scope of دَمَّرْنَا.	resources/attachments.tsv:36490
sx-27_51-00530	ae:v3:s027:051:pass1:attach:a10	27:51	w-s027-a051-w007	w-s027-a051-w008		m-w-s027-a051-w007-01	m-w-s027-a051-w008-02		27:51:7:1	27:51:8:2		q:27:51:8	q:27:51:10		8	10		conjoined	strongly_licensed	high	object_suffix			NOUN_CONCRETE			position_morpheme_aligned	local_syntax	وَ joins قَوْمَهُمْ to the هُمْ object suffix of دَمَّرْنَاهُمْ.	resources/attachments.tsv:36491
sx-27_51-00531	ae:v3:s027:051:pass1:attach:a11	27:51	w-s027-a051-w008	w-s027-a051-w009		m-w-s027-a051-w008-02	m-w-s027-a051-w009-01		27:51:8:2	27:51:9:1		q:27:51:10	q:27:51:11		10	11		apposition	strongly_licensed	high			NOUN_CONCRETE	NOUN_ABSTRACT			position_morpheme_aligned	local_syntax;case_government	أَجْمَعِينَ reinforces the totality of قَوْمَهُمْ and the preceding object group.	resources/attachments.tsv:36492
sx-27_52-00532	ae:v3:s027:052:pass1:attach:a1	27:52	w-s027-a052-w001	w-s027-a052-w002		m-w-s027-a052-w001-02	m-w-s027-a052-w002-01		27:52:1:2	27:52:2:1		q:27:52:2	q:27:52:3		2	3		predication	strongly_licensed	high			DEM_PRON	NOUN_CONCRETE			position_morpheme_aligned	local_syntax;word_order	بُيُوتُهُمْ is the predicate of تِلْكَ.	resources/attachments.tsv:36493
sx-27_52-00533	ae:v3:s027:052:pass1:attach:a2	27:52	w-s027-a052-w002	w-s027-a052-w003		m-w-s027-a052-w002-01	m-w-s027-a052-w003-01		27:52:2:1	27:52:3:1		q:27:52:3	q:27:52:4		3	4		circumstantial	strongly_licensed	high			NOUN_CONCRETE	NOUN_ACTIVE_PART			position_morpheme_aligned	case_government;local_syntax	خَاوِيَةً describes the state of بُيُوتُهُمْ.	resources/attachments.tsv:36494
sx-27_52-00534	ae:v3:s027:052:pass1:attach:a3	27:52	w-s027-a052-w003	w-s027-a052-w004	w-s027-a052-w004	m-w-s027-a052-w003-01	m-w-s027-a052-w004-02	m-w-s027-a052-w004-01	27:52:3:1	27:52:4:2	27:52:4:1	q:27:52:4	q:27:52:6	q:27:52:5	4	6	5	prep_complement	syntactically_forced	high			NOUN_ACTIVE_PART	REL_PRON		بـ	position_morpheme_aligned	case_government;local_syntax	مَا is governed by بِ and gives the cause of خَاوِيَةً.	resources/attachments.tsv:36495
sx-27_52-00535	ae:v3:s027:052:pass1:attach:a4	27:52	w-s027-a052-w006	w-s027-a052-w009		m-w-s027-a052-w006-01	m-w-s027-a052-w009-02		27:52:6:1	27:52:9:2		q:27:52:8	q:27:52:12		8	12		particle_complement	syntactically_forced	high			ANNUL_PART	NOUN_ABSTRACT			position_morpheme_aligned	case_government;local_syntax	ءَايَةً is the accusative noun governed by إِنَّ.	resources/attachments.tsv:36496
sx-27_52-00536	ae:v3:s027:052:pass1:attach:a5	27:52	w-s027-a052-w009	w-s027-a052-w008	w-s027-a052-w007	m-w-s027-a052-w009-02	m-w-s027-a052-w008-01	m-w-s027-a052-w007-01	27:52:9:2	27:52:8:1	27:52:7:1	q:27:52:12	q:27:52:10	q:27:52:9	12	10	9	prep_complement	syntactically_forced	high			NOUN_ABSTRACT	DEM_PRON		فِي	position_morpheme_aligned	case_government;local_syntax	ذَٰلِكَ is governed by فِي as the locative predicate for ءَايَةً.	resources/attachments.tsv:36497
sx-27_52-00537	ae:v3:s027:052:pass1:attach:a6	27:52	w-s027-a052-w009	w-s027-a052-w008		m-w-s027-a052-w009-02	m-w-s027-a052-w008-01		27:52:9:2	27:52:8:1		q:27:52:12	q:27:52:10		12	10		predication	strongly_licensed	high			NOUN_ABSTRACT	DEM_PRON			position_morpheme_aligned	local_syntax	فِي ذَٰلِكَ supplies the fronted predicate relation for ءَايَةً.	resources/attachments.tsv:36498
sx-27_52-00538	ae:v3:s027:052:pass1:attach:a7	27:52	w-s027-a052-w009	w-s027-a052-w010	w-s027-a052-w009	m-w-s027-a052-w009-02	m-w-s027-a052-w010-02	m-w-s027-a052-w009-02	27:52:9:2	27:52:10:2	27:52:9:2	q:27:52:12	q:27:52:14	q:27:52:13	12	14	13	prep_complement	syntactically_forced	high			NOUN_ABSTRACT	NOUN_CONCRETE		لـ	fallback_morpheme_aligned	case_government;local_syntax	قَوْمٍ is governed by لِ as the beneficiaries of ءَايَةً.	resources/attachments.tsv:36499
sx-27_52-00539	ae:v3:s027:052:pass1:attach:a8	27:52	w-s027-a052-w010	w-s027-a052-w011		m-w-s027-a052-w010-02	m-w-s027-a052-w011-01		27:52:10:2	27:52:11:1		q:27:52:14	q:27:52:15		14	15		adjective	strongly_licensed	high			NOUN_CONCRETE	IV			position_morpheme_aligned	local_syntax	يَعْلَمُونَ describes قَوْمٍ.	resources/attachments.tsv:36500
sx-27_53-00540	ae:v3:s027:053:pass1:attach:a1	27:53	w-s027-a053-w001	w-s027-a053-w002		m-w-s027-a053-w001-02	m-w-s027-a053-w002-01		27:53:1:2	27:53:2:1		q:27:53:2	q:27:53:3		2	3		direct_object	syntactically_forced	high			PV	REL_PRON	explicit		position_morpheme_aligned	case_government;local_syntax	ٱلَّذِينَ is the explicit object of أَنجَيْنَا.	resources/attachments.tsv:36501
sx-27_53-00541	ae:v3:s027:053:pass1:attach:a2	27:53	w-s027-a053-w002	w-s027-a053-w003		m-w-s027-a053-w002-01	m-w-s027-a053-w003-01		27:53:2:1	27:53:3:1		q:27:53:3	q:27:53:4		3	4		adjective	strongly_licensed	high			REL_PRON	PV			position_morpheme_aligned	local_syntax	ءَامَنُوا is the ṣila defining ٱلَّذِينَ.	resources/attachments.tsv:36502
sx-27_53-00542	ae:v3:s027:053:pass1:attach:a3	27:53	w-s027-a053-w003	w-s027-a053-w004		m-w-s027-a053-w003-01	m-w-s027-a053-w004-02		27:53:3:1	27:53:4:2		q:27:53:4	q:27:53:6		4	6		conjoined	strongly_licensed	high			PV	PV			position_morpheme_aligned	local_syntax	وَ coordinates كَانُوا يَتَّقُونَ with ءَامَنُوا.	resources/attachments.tsv:36503
sx-27_53-00543	ae:v3:s027:053:pass1:attach:a4	27:53	w-s027-a053-w004	w-s027-a053-w005		m-w-s027-a053-w004-02	m-w-s027-a053-w005-01		27:53:4:2	27:53:5:1		q:27:53:6	q:27:53:7		6	7		kana_predicate	syntactically_forced	high			PV	IV			position_morpheme_aligned	local_syntax	يَتَّقُونَ is the predicate of كَانُوا.	resources/attachments.tsv:36504
sx-27_54-00544	ae:v3:s027:054:pass1:attach:a1	27:54	w-s027-a054-w003	w-s027-a054-w002		m-w-s027-a054-w003-01	m-w-s027-a054-w002-01		27:54:3:1	27:54:2:1		q:27:54:4	q:27:54:3		4	3		adverbial	syntactically_forced	high			PV	ADV			position_morpheme_aligned	local_syntax	إِذْ gives the temporal setting for قَالَ.	resources/attachments.tsv:36505
sx-27_54-00545	ae:v3:s027:054:pass1:attach:a2	27:54	w-s027-a054-w003	w-s027-a054-w004	w-s027-a054-w003	m-w-s027-a054-w003-01	m-w-s027-a054-w004-02	m-w-s027-a054-w003-01	27:54:3:1	27:54:4:2	27:54:3:1	q:27:54:4	q:27:54:6	q:27:54:5	4	6	5	prep_complement	syntactically_forced	high			PV	NOUN_CONCRETE		لـ	fallback_morpheme_aligned	case_government;local_syntax	قَوْمِهِ is governed by لِ as the addressee of قَالَ.	resources/attachments.tsv:36506
sx-27_54-00546	ae:v3:s027:054:pass1:attach:a3	27:54	w-s027-a054-w003	w-s027-a054-w005		m-w-s027-a054-w003-01	m-w-s027-a054-w005-02		27:54:3:1	27:54:5:2		q:27:54:4	q:27:54:7		4	7		quoted_complement	syntactically_forced	high			PV	IV			position_morpheme_aligned	local_syntax	أَتَأْتُونَ ٱلْفَاحِشَةَ وَأَنتُمْ تُبْصِرُونَ is the utterance of قَالَ; لِقَوْمِهِ stays outside the quote.	resources/attachments.tsv:36507
sx-27_54-00547	ae:v3:s027:054:pass1:attach:a4	27:54	w-s027-a054-w005	w-s027-a054-w006		m-w-s027-a054-w005-02	m-w-s027-a054-w006-02		27:54:5:2	27:54:6:2		q:27:54:7	q:27:54:8		7	8		direct_object	syntactically_forced	high			IV	NOUN_ABSTRACT	explicit		fallback_morpheme_aligned	case_government;local_syntax	ٱلْفَاحِشَةَ is the object of أَتَأْتُونَ.	resources/attachments.tsv:36508
sx-27_54-00548	ae:v3:s027:054:pass1:attach:a5	27:54	w-s027-a054-w005	w-s027-a054-w007		m-w-s027-a054-w005-02	m-w-s027-a054-w007-02		27:54:5:2	27:54:7:2		q:27:54:7	q:27:54:10		7	10		circumstantial	strongly_licensed	high			IV	PRON_2MP			position_morpheme_aligned	local_syntax	وَأَنتُمْ تُبْصِرُونَ states the circumstance accompanying أَتَأْتُونَ.	resources/attachments.tsv:36509
sx-27_54-00549	ae:v3:s027:054:pass1:attach:a6	27:54	w-s027-a054-w008	w-s027-a054-w007		m-w-s027-a054-w008-01	m-w-s027-a054-w007-02		27:54:8:1	27:54:7:2		q:27:54:11	q:27:54:10		11	10		subject	strongly_licensed	high			IV	PRON_2MP			fallback_morpheme_aligned	local_syntax;agreement	أَنتُمْ is the explicit subject pronoun for تُبْصِرُونَ.	resources/attachments.tsv:36510
sx-27_54-00550	ae:v3:s027:054:pass1:attach:a7	27:54	w-s027-a054-w007	w-s027-a054-w008		m-w-s027-a054-w007-02	m-w-s027-a054-w008-01		27:54:7:2	27:54:8:1		q:27:54:10	q:27:54:11		10	11		predication	strongly_licensed	high			PRON_2MP	IV			fallback_morpheme_aligned	local_syntax	تُبْصِرُونَ is the predicate of أَنتُمْ.	resources/attachments.tsv:36511
sx-27_55-00551	ae:v3:s027:055:pass1:attach:a1	27:55	w-s027-a055-w001	w-s027-a055-w001		m-w-s027-a055-w001-02	m-w-s027-a055-w001-03		27:55:1:2	27:55:1:3		q:27:55:1	q:27:55:1		1	1		particle_complement	syntactically_forced	high	particle_segment	pronoun_suffix					position_morpheme_aligned	morphology;local_syntax	The كُمْ suffix in أَئِنَّكُمْ is the governed noun of إِنَّ.	resources/attachments.tsv:36512
sx-27_55-00552	ae:v3:s027:055:pass1:attach:a2	27:55	w-s027-a055-w001	w-s027-a055-w002		m-w-s027-a055-w001-02	m-w-s027-a055-w002-02		27:55:1:2	27:55:2:2		q:27:55:1	q:27:55:3		1	3		predication	strongly_licensed	high			ANNUL_PART	IV			position_morpheme_aligned	local_syntax	لَتَأْتُونَ ٱلرِّجَالَ is the predicate content of إِنَّ.	resources/attachments.tsv:36513
sx-27_55-00553	ae:v3:s027:055:pass1:attach:a3	27:55	w-s027-a055-w002	w-s027-a055-w003		m-w-s027-a055-w002-02	m-w-s027-a055-w003-02		27:55:2:2	27:55:3:2		q:27:55:3	q:27:55:4		3	4		direct_object	syntactically_forced	high			IV	NOUN_CONCRETE	explicit		fallback_morpheme_aligned	case_government;local_syntax	ٱلرِّجَالَ is the object of تَأْتُونَ.	resources/attachments.tsv:36514
sx-27_55-00554	ae:v3:s027:055:pass1:attach:a4	27:55	w-s027-a055-w002	w-s027-a055-w004		m-w-s027-a055-w002-02	m-w-s027-a055-w004-01		27:55:2:2	27:55:4:1		q:27:55:3	q:27:55:5		3	5		circumstantial	ambiguous	medium			IV	GERUND			fallback_morpheme_aligned	case_government;local_syntax	شَهْوَةً can be read as a circumstantial accusative with تَأْتُونَ.	resources/attachments.tsv:36515
sx-27_55-00555	ae:v3:s027:055:pass1:attach:a5	27:55	w-s027-a055-w002	w-s027-a055-w004		m-w-s027-a055-w002-02	m-w-s027-a055-w004-01		27:55:2:2	27:55:4:1		q:27:55:3	q:27:55:5		3	5		adverbial	ambiguous	medium			IV	GERUND			fallback_morpheme_aligned	case_government;local_syntax	شَهْوَةً can also express the motive or manner of تَأْتُونَ.	resources/attachments.tsv:36516
sx-27_55-00556	ae:v3:s027:055:pass1:attach:a6	27:55	w-s027-a055-w002	w-s027-a055-w006	w-s027-a055-w005	m-w-s027-a055-w002-02	m-w-s027-a055-w006-01	m-w-s027-a055-w005-01	27:55:2:2	27:55:6:1	27:55:5:1	q:27:55:3	q:27:55:7	q:27:55:6	3	7	6	prep_complement	syntactically_forced	high			IV	NOUN_ABSTRACT		مِن	fallback_morpheme_aligned	case_government;local_syntax	دُونِ is governed by مِن in the phrase مِن دُونِ ٱلنِّسَاءِ.	resources/attachments.tsv:36517
sx-27_55-00557	ae:v3:s027:055:pass1:attach:a7	27:55	w-s027-a055-w006	w-s027-a055-w007		m-w-s027-a055-w006-01	m-w-s027-a055-w007-02		27:55:6:1	27:55:7:2		q:27:55:7	q:27:55:8		7	8		idafa	syntactically_forced	high			NOUN_ABSTRACT	NOUN_CONCRETE			fallback_morpheme_aligned	morphology;case_government	ٱلنِّسَاءِ is genitive as the complement of دُونِ.	resources/attachments.tsv:36518
sx-27_55-00558	ae:v3:s027:055:pass1:attach:a8	27:55	w-s027-a055-w009	w-s027-a055-w010		m-w-s027-a055-w009-01	m-w-s027-a055-w010-01		27:55:9:1	27:55:10:1		q:27:55:10	q:27:55:11		10	11		predication	strongly_licensed	high			DEM_PRON	NOUN_CONCRETE			fallback_morpheme_aligned	local_syntax;word_order	قَوْمٌ is the predicate of أَنتُمْ.	resources/attachments.tsv:36519
sx-27_55-00559	ae:v3:s027:055:pass1:attach:a9	27:55	w-s027-a055-w010	w-s027-a055-w011		m-w-s027-a055-w010-01	m-w-s027-a055-w011-01		27:55:10:1	27:55:11:1		q:27:55:11	q:27:55:12		11	12		adjective	strongly_licensed	high			NOUN_CONCRETE	IV			fallback_morpheme_aligned	local_syntax	تَجْهَلُونَ describes قَوْمٌ.	resources/attachments.tsv:36520
sx-27_56-00560	ae:v3:s027:056:pass1:attach:a1	27:56	w-s027-a056-w002	w-s027-a056-w003		m-w-s027-a056-w002-01	m-w-s027-a056-w003-01		27:56:2:1	27:56:3:1		q:27:56:3	q:27:56:4		3	4		kana_predicate	syntactically_forced	high			PV	NOUN_ABSTRACT			position_morpheme_aligned	case_government;local_syntax	جَوَابَ is the accusative predicate of كَانَ.	resources/attachments.tsv:36521
sx-27_56-00561	ae:v3:s027:056:pass1:attach:a2	27:56	w-s027-a056-w003	w-s027-a056-w004		m-w-s027-a056-w003-01	m-w-s027-a056-w004-01		27:56:3:1	27:56:4:1		q:27:56:4	q:27:56:5		4	5		idafa	syntactically_forced	high			NOUN_ABSTRACT	NOUN_CONCRETE			position_morpheme_aligned	morphology;case_government	قَوْمِهِ is genitive as the muḍāf ilayhi of جَوَابَ.	resources/attachments.tsv:36522
sx-27_56-00562	ae:v3:s027:056:pass1:attach:a3	27:56	w-s027-a056-w002	w-s027-a056-w006		m-w-s027-a056-w002-01	m-w-s027-a056-w006-01		27:56:2:1	27:56:6:1		q:27:56:3	q:27:56:7		3	7		subject	strongly_licensed	high			PV	SUBJUNC_PART			position_morpheme_aligned	local_syntax	أَن قَالُوا أَخْرِجُوا... is the delayed subject of كَانَ in the restriction.	resources/attachments.tsv:36523
sx-27_56-00563	ae:v3:s027:056:pass1:attach:a4	27:56	w-s027-a056-w003	w-s027-a056-w006		m-w-s027-a056-w003-01	m-w-s027-a056-w006-01		27:56:3:1	27:56:6:1		q:27:56:4	q:27:56:7		4	7		exception	syntactically_forced	high			NOUN_ABSTRACT	SUBJUNC_PART			position_morpheme_aligned	local_syntax	إِلَّا restricts جَوَابَ قَوْمِهِ to أَن قَالُوا and its quoted content.	resources/attachments.tsv:36524
sx-27_56-00564	ae:v3:s027:056:pass1:attach:a5	27:56	w-s027-a056-w007	w-s027-a056-w008		m-w-s027-a056-w007-01	m-w-s027-a056-w008-01		27:56:7:1	27:56:8:1		q:27:56:8	q:27:56:9		8	9		quoted_complement	syntactically_forced	high			PV	CV			position_morpheme_aligned	local_syntax	أَخْرِجُوا ءَالَ لُوطٍ مِن قَرْيَتِكُمْ إِنَّهُمْ أُنَاسٌ يَتَطَهَّرُونَ is the utterance of قَالُوا.	resources/attachments.tsv:36525
sx-27_56-00565	ae:v3:s027:056:pass1:attach:a6	27:56	w-s027-a056-w008	w-s027-a056-w009		m-w-s027-a056-w008-01	m-w-s027-a056-w009-01		27:56:8:1	27:56:9:1		q:27:56:9	q:27:56:10		9	10		direct_object	syntactically_forced	high			CV	NOUN_CONCRETE	explicit		position_morpheme_aligned	case_government;local_syntax	ءَالَ is the object of أَخْرِجُوا.	resources/attachments.tsv:36526
sx-27_56-00566	ae:v3:s027:056:pass1:attach:a7	27:56	w-s027-a056-w009	w-s027-a056-w010		m-w-s027-a056-w009-01	m-w-s027-a056-w010-01		27:56:9:1	27:56:10:1		q:27:56:10	q:27:56:11		10	11		idafa	syntactically_forced	high			NOUN_CONCRETE	NOUN_PROP_FOREIGN			position_morpheme_aligned	morphology;case_government	لُوطٍ is genitive as the muḍāf ilayhi of ءَالَ.	resources/attachments.tsv:36527
sx-27_56-00567	ae:v3:s027:056:pass1:attach:a8	27:56	w-s027-a056-w008	w-s027-a056-w012	w-s027-a056-w011	m-w-s027-a056-w008-01	m-w-s027-a056-w012-01	m-w-s027-a056-w011-01	27:56:8:1	27:56:12:1	27:56:11:1	q:27:56:9	q:27:56:13	q:27:56:12	9	13	12	prep_complement	syntactically_forced	high			CV	NOUN_CONCRETE		مِن	position_morpheme_aligned	case_government;local_syntax	قَرْيَتِكُمْ is governed by مِنْ as the source of أَخْرِجُوا.	resources/attachments.tsv:36528
sx-27_56-00568	ae:v3:s027:056:pass1:attach:a9	27:56	w-s027-a056-w013	w-s027-a056-w013		m-w-s027-a056-w013-01	m-w-s027-a056-w013-02		27:56:13:1	27:56:13:2		q:27:56:14	q:27:56:14		14	14		particle_complement	syntactically_forced	high	particle_segment	pronoun_suffix					position_morpheme_aligned	morphology;local_syntax	The هُمْ suffix in إِنَّهُمْ is the governed noun of إِنَّ.	resources/attachments.tsv:36529
sx-27_56-00569	ae:v3:s027:056:pass1:attach:a10	27:56	w-s027-a056-w013	w-s027-a056-w014		m-w-s027-a056-w013-01	m-w-s027-a056-w014-01		27:56:13:1	27:56:14:1		q:27:56:14	q:27:56:15		14	15		predication	strongly_licensed	high			ANNUL_PART	NOUN_CONCRETE			position_morpheme_aligned	local_syntax	أُنَاسٌ is the predicate of إِنَّهُمْ.	resources/attachments.tsv:36530
sx-27_56-00570	ae:v3:s027:056:pass1:attach:a11	27:56	w-s027-a056-w014	w-s027-a056-w015		m-w-s027-a056-w014-01	m-w-s027-a056-w015-01		27:56:14:1	27:56:15:1		q:27:56:15	q:27:56:16		15	16		adjective	strongly_licensed	high			NOUN_CONCRETE	IV			position_morpheme_aligned	local_syntax	يَتَطَهَّرُونَ describes أُنَاسٌ.	resources/attachments.tsv:36531
sx-27_57-00571	ae:v3:s027:057:pass1:attach:a1	27:57	w-s027-a057-w001	w-s027-a057-w001		m-w-s027-a057-w001-02	m-w-s027-a057-w001-02		27:57:1:2	27:57:1:2		q:27:57:2	q:27:57:2		2	2		direct_object	syntactically_forced	high		object_suffix	PV		clitic		position_morpheme_aligned	morphology	The هُ suffix in أَنجَيْنَاهُ is the object rescued by أَنجَيْنَا.	resources/attachments.tsv:36532
sx-27_57-00572	ae:v3:s027:057:pass1:attach:a2	27:57	w-s027-a057-w001	w-s027-a057-w002		m-w-s027-a057-w001-02	m-w-s027-a057-w002-02		27:57:1:2	27:57:2:2		q:27:57:2	q:27:57:4		2	4		direct_object	syntactically_forced	high			PV	NOUN_CONCRETE	explicit		position_morpheme_aligned	case_government;local_syntax	أَهْلَهُ is an explicit object within the scope of أَنجَيْنَا.	resources/attachments.tsv:36533
sx-27_57-00573	ae:v3:s027:057:pass1:attach:a3	27:57	w-s027-a057-w001	w-s027-a057-w002		m-w-s027-a057-w001-02	m-w-s027-a057-w002-02		27:57:1:2	27:57:2:2		q:27:57:2	q:27:57:4		2	4		conjoined	strongly_licensed	high	object_suffix			NOUN_CONCRETE			position_morpheme_aligned	local_syntax	وَ joins أَهْلَهُ to the هُ object of أَنجَيْنَاهُ.	resources/attachments.tsv:36534
sx-27_57-00574	ae:v3:s027:057:pass1:attach:a4	27:57	w-s027-a057-w002	w-s027-a057-w004		m-w-s027-a057-w002-02	m-w-s027-a057-w004-01		27:57:2:2	27:57:4:1		q:27:57:4	q:27:57:6		4	6		exception	syntactically_forced	high			NOUN_CONCRETE	NOUN_CONCRETE			position_morpheme_aligned	local_syntax;case_government	إِلَّا marks ٱمْرَأَتَهُ as the exception from أَهْلَهُ.	resources/attachments.tsv:36535
sx-27_57-00575	ae:v3:s027:057:pass1:attach:a5	27:57	w-s027-a057-w005	w-s027-a057-w005		m-w-s027-a057-w005-01	m-w-s027-a057-w005-01		27:57:5:1	27:57:5:1		q:27:57:7	q:27:57:7		7	7		direct_object	syntactically_forced	high		object_suffix	PV		clitic		position_morpheme_aligned	morphology	The هَا suffix in قَدَّرْنَاهَا is the object determined by قَدَّرْنَا.	resources/attachments.tsv:36536
sx-27_57-00576	ae:v3:s027:057:pass1:attach:a6	27:57	w-s027-a057-w005	w-s027-a057-w007	w-s027-a057-w006	m-w-s027-a057-w005-01	m-w-s027-a057-w007-02	m-w-s027-a057-w006-01	27:57:5:1	27:57:7:2	27:57:6:1	q:27:57:7	q:27:57:9	q:27:57:8	7	9	8	prep_complement	syntactically_forced	high			PV	NOUN_ACTIVE_PART		مِن	position_morpheme_aligned	case_government;local_syntax	ٱلْغَابِرِينَ is governed by مِنَ as the group assigned by قَدَّرْنَا.	resources/attachments.tsv:36537
sx-27_58-00577	ae:v3:s027:058:pass1:attach:a1	27:58	w-s027-a058-w001	w-s027-a058-w002	w-s027-a058-w002	m-w-s027-a058-w001-02	m-w-s027-a058-w002-02	m-w-s027-a058-w002-01	27:58:1:2	27:58:2:2	27:58:2:1	q:27:58:2	q:27:58:3	q:27:58:3	2	3	3	prep_complement	syntactically_forced	high		pronoun_suffix	PV			عَلَى	position_morpheme_aligned	morphology;case_government	The هِمْ suffix in عَلَيْهِم is governed by عَلَى as the target of أَمْطَرْنَا.	resources/attachments.tsv:36538
sx-27_58-00578	ae:v3:s027:058:pass1:attach:a2	27:58	w-s027-a058-w001	w-s027-a058-w003		m-w-s027-a058-w001-02	m-w-s027-a058-w003-01		27:58:1:2	27:58:3:1		q:27:58:2	q:27:58:4		2	4		cognate_acc	syntactically_forced	high			PV	NOUN_CONCRETE			position_morpheme_aligned	case_government;local_syntax	مَطَرًا is a cognate accusative reinforcing أَمْطَرْنَا.	resources/attachments.tsv:36539
sx-27_58-00579	ae:v3:s027:058:pass1:attach:a3	27:58	w-s027-a058-w004	w-s027-a058-w005		m-w-s027-a058-w004-02	m-w-s027-a058-w005-01		27:58:4:2	27:58:5:1		q:27:58:6	q:27:58:7		6	7		subject	syntactically_forced	high			PV	NOUN_CONCRETE			position_morpheme_aligned	case_government;word_order	مَطَرُ is the delayed subject of سَاءَ.	resources/attachments.tsv:36540
sx-27_58-00580	ae:v3:s027:058:pass1:attach:a4	27:58	w-s027-a058-w005	w-s027-a058-w006		m-w-s027-a058-w005-01	m-w-s027-a058-w006-02		27:58:5:1	27:58:6:2		q:27:58:7	q:27:58:8		7	8		idafa	syntactically_forced	high			NOUN_CONCRETE	NOUN_ACTIVE_PART			position_morpheme_aligned	morphology;case_government	ٱلْمُنذَرِينَ is genitive as the muḍāf ilayhi of مَطَرُ.	resources/attachments.tsv:36541
sx-27_59-00581	ae:v3:s027:059:pass1:attach:a1	27:59	w-s027-a059-w001	w-s027-a059-w002		m-w-s027-a059-w001-01	m-w-s027-a059-w002-02		27:59:1:1	27:59:2:2		q:27:59:1	q:27:59:2		1	2		quoted_complement	syntactically_forced	high			CV	GERUND			position_morpheme_aligned	local_syntax	ٱلْحَمْدُ لِلَّهِ وَسَلَامٌ عَلَى عِبَادِهِ ٱلَّذِينَ ٱصْطَفَى ءَآللَّهُ خَيْرٌ أَمَّا يُشْرِكُونَ is the utterance of قُلِ.	resources/attachments.tsv:36542
sx-27_59-00582	ae:v3:s027:059:pass1:attach:a2	27:59	w-s027-a059-w002	w-s027-a059-w003	w-s027-a059-w002	m-w-s027-a059-w002-02	m-w-s027-a059-w003-02	m-w-s027-a059-w002-02	27:59:2:2	27:59:3:2	27:59:2:2	q:27:59:2	q:27:59:4	q:27:59:3	2	4	3	prep_complement	syntactically_forced	high			GERUND	NOUN_PROP		لـ	fallback_morpheme_aligned	case_government;local_syntax	ٱللَّهِ is governed by لِ as the complement of ٱلْحَمْدُ.	resources/attachments.tsv:36543
sx-27_59-00583	ae:v3:s027:059:pass1:attach:a3	27:59	w-s027-a059-w002	w-s027-a059-w003		m-w-s027-a059-w002-02	m-w-s027-a059-w003-02		27:59:2:2	27:59:3:2		q:27:59:2	q:27:59:4		2	4		predication	strongly_licensed	high			GERUND	NOUN_PROP			position_morpheme_aligned	local_syntax	لِلَّهِ supplies the predicate relation for ٱلْحَمْدُ.	resources/attachments.tsv:36544
sx-27_59-00584	ae:v3:s027:059:pass1:attach:a4	27:59	w-s027-a059-w004	w-s027-a059-w006	w-s027-a059-w005	m-w-s027-a059-w004-02	m-w-s027-a059-w006-01	m-w-s027-a059-w005-01	27:59:4:2	27:59:6:1	27:59:5:1	q:27:59:6	q:27:59:8	q:27:59:7	6	8	7	prep_complement	syntactically_forced	high			GERUND	NOUN_CONCRETE		عَلَى	position_morpheme_aligned	case_government;local_syntax	عِبَادِهِ is governed by عَلَى as the complement of سَلَامٌ.	resources/attachments.tsv:36545
sx-27_59-00585	ae:v3:s027:059:pass1:attach:a5	27:59	w-s027-a059-w004	w-s027-a059-w006		m-w-s027-a059-w004-02	m-w-s027-a059-w006-01		27:59:4:2	27:59:6:1		q:27:59:6	q:27:59:8		6	8		predication	strongly_licensed	high			GERUND	NOUN_CONCRETE			position_morpheme_aligned	local_syntax	عَلَى عِبَادِهِ supplies the predicate relation for سَلَامٌ.	resources/attachments.tsv:36546
sx-27_59-00586	ae:v3:s027:059:pass1:attach:a6	27:59	w-s027-a059-w006	w-s027-a059-w007		m-w-s027-a059-w006-01	m-w-s027-a059-w007-01		27:59:6:1	27:59:7:1		q:27:59:8	q:27:59:9		8	9		adjective	strongly_licensed	high			NOUN_CONCRETE	REL_PRON			position_morpheme_aligned	local_syntax	ٱلَّذِينَ ٱصْطَفَى modifies عِبَادِهِ.	resources/attachments.tsv:36547
sx-27_59-00587	ae:v3:s027:059:pass1:attach:a7	27:59	w-s027-a059-w008	w-s027-a059-w007		m-w-s027-a059-w008-01	m-w-s027-a059-w007-01		27:59:8:1	27:59:7:1		q:27:59:10	q:27:59:9		10	9		direct_object	syntactically_forced	high			PV	REL_PRON	explicit		position_morpheme_aligned	local_syntax;word_order	ٱلَّذِينَ is the object of ٱصْطَفَى.	resources/attachments.tsv:36548
sx-27_59-00588	ae:v3:s027:059:pass1:attach:a8	27:59	w-s027-a059-w009	w-s027-a059-w010		m-w-s027-a059-w009-02	m-w-s027-a059-w010-01		27:59:9:2	27:59:10:1		q:27:59:11	q:27:59:12		11	12		predication	strongly_licensed	high			NOUN_PROP	ADJ_COMP			fallback_morpheme_aligned	local_syntax;word_order	خَيْرٌ is the predicate of ءَآللَّهُ.	resources/attachments.tsv:36549
sx-27_59-00589	ae:v3:s027:059:pass1:attach:a9	27:59	w-s027-a059-w009	w-s027-a059-w011		m-w-s027-a059-w009-02	m-w-s027-a059-w011-01		27:59:9:2	27:59:11:1		q:27:59:11	q:27:59:13		11	13		conjoined	strongly_licensed	high			NOUN_PROP	CONDITION_PART			fallback_morpheme_aligned	local_syntax	أَمْ coordinates مَا يُشْرِكُونَ as the alternative to ءَآللَّهُ.	resources/attachments.tsv:36550
sx-27_59-00590	ae:v3:s027:059:pass1:attach:a10	27:59	w-s027-a059-w012	w-s027-a059-w011		m-w-s027-a059-w012-01	m-w-s027-a059-w011-01		27:59:12:1	27:59:11:1		q:27:59:14	q:27:59:13		14	13		direct_object	strongly_licensed	high			IV	CONDITION_PART	explicit		fallback_morpheme_aligned	local_syntax	مَا is the object associated by يُشْرِكُونَ.	resources/attachments.tsv:36551
sx-27_60-00591	ae:v3:s027:060:pass1:attach:a1	27:60	w-s027-a060-w002	w-s027-a060-w001		m-w-s027-a060-w002-01			27:60:2:1	27:60:1		q:27:60:2	q:27:60:1		2	1		subject	strongly_licensed	high			PV	INTERROG_PRON			position_word_aligned	local_syntax;word_order	مَن in أَمَّنْ is the subject of خَلَقَ.	resources/attachments.tsv:36552
sx-27_60-00592	ae:v3:s027:060:pass1:attach:a2	27:60	w-s027-a060-w002	w-s027-a060-w003		m-w-s027-a060-w002-01	m-w-s027-a060-w003-02		27:60:2:1	27:60:3:2		q:27:60:2	q:27:60:3		2	3		direct_object	syntactically_forced	high			PV	NOUN_CONCRETE	explicit		position_morpheme_aligned	case_government;local_syntax	ٱلسَّمَاوَاتِ is an object of خَلَقَ.	resources/attachments.tsv:36553
sx-27_60-00593	ae:v3:s027:060:pass1:attach:a3	27:60	w-s027-a060-w002	w-s027-a060-w004		m-w-s027-a060-w002-01	m-w-s027-a060-w004-03		27:60:2:1	27:60:4:3		q:27:60:2	q:27:60:5		2	5		direct_object	syntactically_forced	high			PV	NOUN_CONCRETE	explicit		position_morpheme_aligned	case_government;local_syntax	ٱلْأَرْضَ is an object of خَلَقَ.	resources/attachments.tsv:36554
sx-27_60-00594	ae:v3:s027:060:pass1:attach:a4	27:60	w-s027-a060-w003	w-s027-a060-w004		m-w-s027-a060-w003-02	m-w-s027-a060-w004-03		27:60:3:2	27:60:4:3		q:27:60:3	q:27:60:5		3	5		conjoined	strongly_licensed	high			NOUN_CONCRETE	NOUN_CONCRETE			position_morpheme_aligned	local_syntax	وَ coordinates ٱلْأَرْضَ with ٱلسَّمَاوَاتِ.	resources/attachments.tsv:36555
sx-27_60-00595	ae:v3:s027:060:pass1:attach:a5	27:60	w-s027-a060-w002	w-s027-a060-w005		m-w-s027-a060-w002-01	m-w-s027-a060-w005-02		27:60:2:1	27:60:5:2		q:27:60:2	q:27:60:7		2	7		conjoined	strongly_licensed	high			PV	PV			position_morpheme_aligned	local_syntax	وَ coordinates أَنزَلَ with خَلَقَ under أَمَّنْ.	resources/attachments.tsv:36556
sx-27_60-00596	ae:v3:s027:060:pass1:attach:a6	27:60	w-s027-a060-w005	w-s027-a060-w001		m-w-s027-a060-w005-02			27:60:5:2	27:60:1		q:27:60:7	q:27:60:1		7	1		subject	strongly_licensed	high			PV	INTERROG_PRON			position_word_aligned	local_syntax;word_order	مَن in أَمَّنْ is also the subject of the coordinated أَنزَلَ.	resources/attachments.tsv:36557
sx-27_60-00597	ae:v3:s027:060:pass1:attach:a7	27:60	w-s027-a060-w005	w-s027-a060-w006	w-s027-a060-w006	m-w-s027-a060-w005-02	m-w-s027-a060-w006-02	m-w-s027-a060-w006-01	27:60:5:2	27:60:6:2	27:60:6:1	q:27:60:7	q:27:60:8	q:27:60:8	7	8	8	prep_complement	syntactically_forced	high		pronoun_suffix	PV			لـ	position_morpheme_aligned	morphology;case_government	The كُمْ suffix in لَكُم is governed by لِ as complement of أَنزَلَ.	resources/attachments.tsv:36558
sx-27_60-00598	ae:v3:s027:060:pass1:attach:a8	27:60	w-s027-a060-w005	w-s027-a060-w008	w-s027-a060-w007	m-w-s027-a060-w005-02	m-w-s027-a060-w008-02	m-w-s027-a060-w007-01	27:60:5:2	27:60:8:2	27:60:7:1	q:27:60:7	q:27:60:10	q:27:60:9	7	10	9	prep_complement	syntactically_forced	high			PV	NOUN_CONCRETE		مِن	fallback_morpheme_aligned	case_government;local_syntax	ٱلسَّمَاءِ is governed by مِنَ as the source for أَنزَلَ.	resources/attachments.tsv:36559
sx-27_60-00599	ae:v3:s027:060:pass1:attach:a9	27:60	w-s027-a060-w005	w-s027-a060-w009		m-w-s027-a060-w005-02	m-w-s027-a060-w009-01		27:60:5:2	27:60:9:1		q:27:60:7	q:27:60:11		7	11		direct_object	syntactically_forced	high			PV	NOUN_CONCRETE	explicit		fallback_morpheme_aligned	case_government;local_syntax	مَاءً is the object of أَنزَلَ.	resources/attachments.tsv:36560
sx-27_60-00600	ae:v3:s027:060:pass1:attach:a10	27:60	w-s027-a060-w010	w-s027-a060-w011	w-s027-a060-w011	m-w-s027-a060-w010-02	m-w-s027-a060-w011-02	m-w-s027-a060-w011-01	27:60:10:2	27:60:11:2	27:60:11:1	q:27:60:13	q:27:60:14	q:27:60:14	13	14	14	prep_complement	syntactically_forced	high		pronoun_suffix	PV			بـ	fallback_morpheme_aligned	morphology;case_government	The هِ suffix in بِهِ is governed by بِ as the means for أَنبَتْنَا.	resources/attachments.tsv:36561
sx-27_60-00601	ae:v3:s027:060:pass1:attach:a11	27:60	w-s027-a060-w010	w-s027-a060-w012		m-w-s027-a060-w010-02	m-w-s027-a060-w012-01		27:60:10:2	27:60:12:1		q:27:60:13	q:27:60:15		13	15		direct_object	syntactically_forced	high			PV	NOUN_CONCRETE	explicit		fallback_morpheme_aligned	case_government;local_syntax	حَدَائِقَ is the object of أَنبَتْنَا.	resources/attachments.tsv:36562
sx-27_60-00602	ae:v3:s027:060:pass1:attach:a12	27:60	w-s027-a060-w012	w-s027-a060-w013		m-w-s027-a060-w012-01	m-w-s027-a060-w013-01		27:60:12:1	27:60:13:1		q:27:60:15	q:27:60:16		15	16		adjective	strongly_licensed	high			NOUN_CONCRETE	NOUN_ABSTRACT			fallback_morpheme_aligned	agreement;local_syntax	ذَاتَ describes حَدَائِقَ.	resources/attachments.tsv:36563
sx-27_60-00603	ae:v3:s027:060:pass1:attach:a13	27:60	w-s027-a060-w013	w-s027-a060-w014		m-w-s027-a060-w013-01	m-w-s027-a060-w014-01		27:60:13:1	27:60:14:1		q:27:60:16	q:27:60:17		16	17		idafa	syntactically_forced	high			NOUN_ABSTRACT	GERUND			fallback_morpheme_aligned	morphology;case_government	بَهْجَةٍ is genitive as the muḍāf ilayhi of ذَاتَ.	resources/attachments.tsv:36564
sx-27_60-00604	ae:v3:s027:060:pass1:attach:a14	27:60	w-s027-a060-w016	w-s027-a060-w017	w-s027-a060-w017	m-w-s027-a060-w016-01	m-w-s027-a060-w017-02	m-w-s027-a060-w017-01	27:60:16:1	27:60:17:2	27:60:17:1	q:27:60:19	q:27:60:20	q:27:60:20	19	20	20	prep_complement	syntactically_forced	high		pronoun_suffix	PV			لـ	fallback_morpheme_aligned	morphology;case_government	The كُمْ suffix in لَكُمْ is governed by لِ in the مَا كَانَ لَكُمْ construction.	resources/attachments.tsv:36565
sx-27_60-00605	ae:v3:s027:060:pass1:attach:a15	27:60	w-s027-a060-w016	w-s027-a060-w017		m-w-s027-a060-w016-01	m-w-s027-a060-w017-01		27:60:16:1	27:60:17:1		q:27:60:19	q:27:60:20		19	20		kana_predicate	strongly_licensed	high			PV	PREP			fallback_morpheme_aligned	local_syntax	لَكُمْ supplies the predicate relation in مَا كَانَ لَكُمْ.	resources/attachments.tsv:36566
sx-27_60-00606	ae:v3:s027:060:pass1:attach:a16	27:60	w-s027-a060-w016	w-s027-a060-w018		m-w-s027-a060-w016-01	m-w-s027-a060-w018-01		27:60:16:1	27:60:18:1		q:27:60:19	q:27:60:21		19	21		subject	strongly_licensed	high			PV	SUBJUNC_PART			fallback_morpheme_aligned	local_syntax	أَن تُنبِتُوا شَجَرَهَا is the infinitival subject of كَانَ.	resources/attachments.tsv:36567
sx-27_60-00607	ae:v3:s027:060:pass1:attach:a17	27:60	w-s027-a060-w016	w-s027-a060-w018		m-w-s027-a060-w016-01	m-w-s027-a060-w018-01		27:60:16:1	27:60:18:1		q:27:60:19	q:27:60:21		19	21		clausal_complement	strongly_licensed	high			PV	SUBJUNC_PART			fallback_morpheme_aligned	local_syntax	أَن تُنبِتُوا شَجَرَهَا is the governed infinitival content in مَا كَانَ لَكُمْ.	resources/attachments.tsv:36568
sx-27_60-00608	ae:v3:s027:060:pass1:attach:a18	27:60	w-s027-a060-w019	w-s027-a060-w020		m-w-s027-a060-w019-01	m-w-s027-a060-w020-01		27:60:19:1	27:60:20:1		q:27:60:22	q:27:60:23		22	23		direct_object	syntactically_forced	high			IV	NOUN_CONCRETE	explicit		fallback_morpheme_aligned	case_government;local_syntax	شَجَرَهَا is the object of تُنبِتُوا.	resources/attachments.tsv:36569
sx-27_60-00609	ae:v3:s027:060:pass1:attach:a19	27:60	w-s027-a060-w022	w-s027-a060-w023		m-w-s027-a060-w022-01	m-w-s027-a060-w023-01		27:60:22:1	27:60:23:1		q:27:60:25	q:27:60:26		25	26		idafa	syntactically_forced	high			ADV	NOUN_PROP			fallback_morpheme_aligned	case_government;local_syntax	ٱللَّهِ is genitive after مَعَ in the accompaniment phrase.	resources/attachments.tsv:36570
sx-27_60-00610	ae:v3:s027:060:pass1:attach:a20	27:60	w-s027-a060-w021	w-s027-a060-w022		m-w-s027-a060-w021-02	m-w-s027-a060-w022-01		27:60:21:2	27:60:22:1		q:27:60:24	q:27:60:25		24	25		predication	strongly_licensed	high			NOUN_CONCRETE	ADV			fallback_morpheme_aligned	local_syntax	مَعَ ٱللَّهِ supplies the predicate relation for أَإِلَٰهٌ.	resources/attachments.tsv:36571
sx-27_60-00611	ae:v3:s027:060:pass1:attach:a21	27:60	w-s027-a060-w025	w-s027-a060-w026		m-w-s027-a060-w025-01	m-w-s027-a060-w026-01		27:60:25:1	27:60:26:1		q:27:60:28	q:27:60:29		28	29		predication	strongly_licensed	high			PRON	NOUN_CONCRETE			fallback_morpheme_aligned	local_syntax;word_order	قَوْمٌ is the predicate of هُمْ.	resources/attachments.tsv:36572
sx-27_60-00612	ae:v3:s027:060:pass1:attach:a22	27:60	w-s027-a060-w026	w-s027-a060-w027		m-w-s027-a060-w026-01	m-w-s027-a060-w027-01		27:60:26:1	27:60:27:1		q:27:60:29	q:27:60:30		29	30		adjective	strongly_licensed	high			NOUN_CONCRETE	IV			fallback_morpheme_aligned	local_syntax	يَعْدِلُونَ describes قَوْمٌ.	resources/attachments.tsv:36573
sx-27_61-00613	ae:v3:s027:061:pass1:attach:a1	27:61	w-s027-a061-w002	w-s027-a061-w001		m-w-s027-a061-w002-01			27:61:2:1	27:61:1		q:27:61:2	q:27:61:1		2	1		subject	strongly_licensed	high			PV	INTERROG_PRON			position_word_aligned	word_order;local_syntax	أَمَّنْ is the interrogative subject of جَعَلَ.	resources/attachments.tsv:36574
sx-27_61-00614	ae:v3:s027:061:pass1:attach:a2	27:61	w-s027-a061-w002	w-s027-a061-w003		m-w-s027-a061-w002-01	m-w-s027-a061-w003-02		27:61:2:1	27:61:3:2		q:27:61:2	q:27:61:3		2	3		direct_object	syntactically_forced	high			PV	NOUN_CONCRETE	explicit		position_morpheme_aligned	case_government;local_syntax	ٱلْأَرْضَ is the accusative first object of جَعَلَ.	resources/attachments.tsv:36575
sx-27_61-00615	ae:v3:s027:061:pass1:attach:a3	27:61	w-s027-a061-w002	w-s027-a061-w004		m-w-s027-a061-w002-01	m-w-s027-a061-w004-01		27:61:2:1	27:61:4:1		q:27:61:2	q:27:61:4		2	4		direct_object	syntactically_forced	high			PV	GERUND	explicit		position_morpheme_aligned	case_government;local_syntax	قَرَارًا is the accusative complement object in جَعَلَ ٱلْأَرْضَ قَرَارًا.	resources/attachments.tsv:36576
sx-27_61-00616	ae:v3:s027:061:pass1:attach:a4	27:61	w-s027-a061-w002	w-s027-a061-w005		m-w-s027-a061-w002-01	m-w-s027-a061-w005-02		27:61:2:1	27:61:5:2		q:27:61:2	q:27:61:6		2	6		conjoined	strongly_licensed	high			PV	PV			position_morpheme_aligned	parallelism;local_syntax	وَ coordinates the second جَعَلَ with the first جَعَلَ.	resources/attachments.tsv:36577
sx-27_61-00617	ae:v3:s027:061:pass1:attach:a5	27:61	w-s027-a061-w005	w-s027-a061-w006		m-w-s027-a061-w005-02	m-w-s027-a061-w006-01		27:61:5:2	27:61:6:1		q:27:61:6	q:27:61:7		6	7		adverbial	strongly_licensed	high			PV	NOUN_ABSTRACT			position_morpheme_aligned	case_government;local_syntax	خِلَالَهَا gives the place in which جَعَلَ places أَنْهَارًا.	resources/attachments.tsv:36578
sx-27_61-00618	ae:v3:s027:061:pass1:attach:a6	27:61	w-s027-a061-w006	w-s027-a061-w006		m-w-s027-a061-w006-01	m-w-s027-a061-w006-01		27:61:6:1	27:61:6:1		q:27:61:7	q:27:61:7		7	7		idafa	syntactically_forced	high	whole_word	possessive_suffix	NOUN_ABSTRACT				position_morpheme_aligned	morphology;local_syntax	The هَا suffix completes the construct sense of خِلَالَهَا.	resources/attachments.tsv:36579
sx-27_61-00619	ae:v3:s027:061:pass1:attach:a7	27:61	w-s027-a061-w005	w-s027-a061-w007		m-w-s027-a061-w005-02	m-w-s027-a061-w007-01		27:61:5:2	27:61:7:1		q:27:61:6	q:27:61:8		6	8		direct_object	syntactically_forced	high			PV	NOUN_CONCRETE	explicit		position_morpheme_aligned	case_government;local_syntax	أَنْهَارًا is the accusative object of the second جَعَلَ.	resources/attachments.tsv:36580
sx-27_61-00620	ae:v3:s027:061:pass1:attach:a8	27:61	w-s027-a061-w005	w-s027-a061-w008		m-w-s027-a061-w005-02	m-w-s027-a061-w008-02		27:61:5:2	27:61:8:2		q:27:61:6	q:27:61:10		6	10		conjoined	strongly_licensed	high			PV	PV			position_morpheme_aligned	parallelism;local_syntax	وَ coordinates the third جَعَلَ with the preceding جَعَلَ.	resources/attachments.tsv:36581
sx-27_61-00621	ae:v3:s027:061:pass1:attach:a9	27:61	w-s027-a061-w008	w-s027-a061-w009	w-s027-a061-w009	m-w-s027-a061-w008-02	m-w-s027-a061-w009-02	m-w-s027-a061-w009-01	27:61:8:2	27:61:9:2	27:61:9:1	q:27:61:10	q:27:61:12	q:27:61:11	10	12	11	prep_complement	syntactically_forced	high			PV	PRON		لـ	position_morpheme_aligned	case_government;local_syntax	هَا is governed by لَ as the beneficiary complement of جَعَلَ.	resources/attachments.tsv:36582
sx-27_61-00622	ae:v3:s027:061:pass1:attach:a10	27:61	w-s027-a061-w008	w-s027-a061-w010		m-w-s027-a061-w008-02	m-w-s027-a061-w010-01		27:61:8:2	27:61:10:1		q:27:61:10	q:27:61:13		10	13		direct_object	syntactically_forced	high			PV	NOUN_CONCRETE	explicit		position_morpheme_aligned	case_government;local_syntax	رَوَاسِيَ is the accusative object of جَعَلَ.	resources/attachments.tsv:36583
sx-27_61-00623	ae:v3:s027:061:pass1:attach:a11	27:61	w-s027-a061-w008	w-s027-a061-w011		m-w-s027-a061-w008-02	m-w-s027-a061-w011-02		27:61:8:2	27:61:11:2		q:27:61:10	q:27:61:15		10	15		conjoined	strongly_licensed	high			PV	PV			position_morpheme_aligned	parallelism;local_syntax	وَ coordinates the fourth جَعَلَ with the preceding جَعَلَ.	resources/attachments.tsv:36584
sx-27_61-00624	ae:v3:s027:061:pass1:attach:a12	27:61	w-s027-a061-w011	w-s027-a061-w012		m-w-s027-a061-w011-02	m-w-s027-a061-w012-01		27:61:11:2	27:61:12:1		q:27:61:15	q:27:61:16		15	16		adverbial	strongly_licensed	high			PV	ADV			position_morpheme_aligned	case_government;local_syntax	بَيْنَ marks the place where جَعَلَ sets حَاجِزًا.	resources/attachments.tsv:36585
sx-27_61-00625	ae:v3:s027:061:pass1:attach:a13	27:61	w-s027-a061-w012	w-s027-a061-w013		m-w-s027-a061-w012-01	m-w-s027-a061-w013-02		27:61:12:1	27:61:13:2		q:27:61:16	q:27:61:17		16	17		idafa	syntactically_forced	high			ADV	NOUN_PROP			position_morpheme_aligned	case_government;local_syntax	ٱلْبَحْرَيْنِ is genitive after the ظرف بَيْنَ.	resources/attachments.tsv:36586
sx-27_61-00626	ae:v3:s027:061:pass1:attach:a14	27:61	w-s027-a061-w011	w-s027-a061-w014		m-w-s027-a061-w011-02	m-w-s027-a061-w014-01		27:61:11:2	27:61:14:1		q:27:61:15	q:27:61:18		15	18		direct_object	syntactically_forced	high			PV	NOUN_CONCRETE	explicit		position_morpheme_aligned	case_government;local_syntax	حَاجِزًا is the accusative object of the fourth جَعَلَ.	resources/attachments.tsv:36587
sx-27_61-00627	ae:v3:s027:061:pass1:attach:a15	27:61	w-s027-a061-w016	w-s027-a061-w017		m-w-s027-a061-w016-01	m-w-s027-a061-w017-01		27:61:16:1	27:61:17:1		q:27:61:20	q:27:61:21		20	21		idafa	syntactically_forced	high			ADV	NOUN_PROP			fallback_morpheme_aligned	case_government;local_syntax	ٱللَّهِ is genitive after the ظرف مَعَ.	resources/attachments.tsv:36588
sx-27_61-00628	ae:v3:s027:061:pass1:attach:a16	27:61	w-s027-a061-w015	w-s027-a061-w016		m-w-s027-a061-w015-02	m-w-s027-a061-w016-01		27:61:15:2	27:61:16:1		q:27:61:19	q:27:61:20		19	20		predication	strongly_licensed	high			NOUN_CONCRETE	ADV			fallback_morpheme_aligned	local_syntax;word_order	مَعَ ٱللَّهِ supplies the predicate relation for أَإِلَٰهٌ.	resources/attachments.tsv:36589
sx-27_61-00629	ae:v3:s027:061:pass1:attach:a17	27:61	w-s027-a061-w019	w-s027-a061-w019		m-w-s027-a061-w019-01	m-w-s027-a061-w019-01		27:61:19:1	27:61:19:1		q:27:61:23	q:27:61:23		23	23		idafa	syntactically_forced	high	whole_word	possessive_suffix	ADJ_COMP				fallback_morpheme_aligned	morphology;local_syntax	The هُمْ suffix completes the construct sense of أَكْثَرُهُمْ.	resources/attachments.tsv:36590
sx-27_61-00630	ae:v3:s027:061:pass1:attach:a18	27:61	w-s027-a061-w019	w-s027-a061-w021		m-w-s027-a061-w019-01	m-w-s027-a061-w021-01		27:61:19:1	27:61:21:1		q:27:61:23	q:27:61:25		23	25		predication	strongly_licensed	high			ADJ_COMP	IV			fallback_morpheme_aligned	local_syntax;word_order	لَا يَعْلَمُونَ is the verbal predicate of أَكْثَرُهُمْ.	resources/attachments.tsv:36591
sx-27_62-00631	ae:v3:s027:062:pass1:attach:a1	27:62	w-s027-a062-w002	w-s027-a062-w001		m-w-s027-a062-w002-01			27:62:2:1	27:62:1		q:27:62:2	q:27:62:1		2	1		subject	strongly_licensed	high			IV	INTERROG_PRON			position_word_aligned	word_order;local_syntax	أَمَّنْ is the interrogative subject of يُجِيبُ.	resources/attachments.tsv:36592
sx-27_62-00632	ae:v3:s027:062:pass1:attach:a2	27:62	w-s027-a062-w002	w-s027-a062-w003		m-w-s027-a062-w002-01	m-w-s027-a062-w003-02		27:62:2:1	27:62:3:2		q:27:62:2	q:27:62:3		2	3		direct_object	syntactically_forced	high			IV	NOUN_PASSIVE_PART	explicit		position_morpheme_aligned	case_government;local_syntax	ٱلْمُضْطَرَّ is the accusative object of يُجِيبُ.	resources/attachments.tsv:36593
sx-27_62-00633	ae:v3:s027:062:pass1:attach:a3	27:62	w-s027-a062-w002	w-s027-a062-w004		m-w-s027-a062-w002-01	m-w-s027-a062-w004-01		27:62:2:1	27:62:4:1		q:27:62:2	q:27:62:4		2	4		adverbial	strongly_licensed	high			IV	ADV			position_morpheme_aligned	local_syntax	إِذَا دَعَاهُ temporally qualifies يُجِيبُ.	resources/attachments.tsv:36594
sx-27_62-00634	ae:v3:s027:062:pass1:attach:a4	27:62	w-s027-a062-w005	w-s027-a062-w005		m-w-s027-a062-w005-01	m-w-s027-a062-w005-02		27:62:5:1	27:62:5:2		q:27:62:5	q:27:62:5		5	5		direct_object	syntactically_forced	high	whole_word	object_suffix	PV		clitic		position_morpheme_aligned	morphology;local_syntax	The هُ suffix on دَعَاهُ is the object of دَعَا.	resources/attachments.tsv:36595
sx-27_62-00635	ae:v3:s027:062:pass1:attach:a5	27:62	w-s027-a062-w002	w-s027-a062-w006		m-w-s027-a062-w002-01	m-w-s027-a062-w006-02		27:62:2:1	27:62:6:2		q:27:62:2	q:27:62:7		2	7		conjoined	strongly_licensed	high			IV	IV			position_morpheme_aligned	parallelism;local_syntax	وَ coordinates يَكْشِفُ with يُجِيبُ.	resources/attachments.tsv:36596
sx-27_62-00636	ae:v3:s027:062:pass1:attach:a6	27:62	w-s027-a062-w006	w-s027-a062-w007		m-w-s027-a062-w006-02	m-w-s027-a062-w007-02		27:62:6:2	27:62:7:2		q:27:62:7	q:27:62:8		7	8		direct_object	syntactically_forced	high			IV	NOUN_ABSTRACT	explicit		position_morpheme_aligned	case_government;local_syntax	ٱلسُّوءَ is the accusative object of يَكْشِفُ.	resources/attachments.tsv:36597
sx-27_62-00637	ae:v3:s027:062:pass1:attach:a7	27:62	w-s027-a062-w006	w-s027-a062-w008		m-w-s027-a062-w006-02	m-w-s027-a062-w008-02		27:62:6:2	27:62:8:2		q:27:62:7	q:27:62:10		7	10		conjoined	strongly_licensed	high			IV	IV			position_morpheme_aligned	parallelism;local_syntax	وَ coordinates يَجْعَلُكُمْ with يَكْشِفُ.	resources/attachments.tsv:36598
sx-27_62-00638	ae:v3:s027:062:pass1:attach:a8	27:62	w-s027-a062-w008	w-s027-a062-w008		m-w-s027-a062-w008-02	m-w-s027-a062-w008-03		27:62:8:2	27:62:8:3		q:27:62:10	q:27:62:10		10	10		direct_object	syntactically_forced	high	whole_word	object_suffix	IV		clitic		position_morpheme_aligned	morphology;local_syntax	The كُمْ suffix on يَجْعَلُكُمْ is its first object.	resources/attachments.tsv:36599
sx-27_62-00639	ae:v3:s027:062:pass1:attach:a9	27:62	w-s027-a062-w008	w-s027-a062-w009		m-w-s027-a062-w008-02	m-w-s027-a062-w009-01		27:62:8:2	27:62:9:1		q:27:62:10	q:27:62:11		10	11		direct_object	syntactically_forced	high			IV	NOUN_CONCRETE	explicit		position_morpheme_aligned	case_government;local_syntax	خُلَفَاءَ is the second accusative object of يَجْعَلُكُمْ.	resources/attachments.tsv:36600
sx-27_62-00640	ae:v3:s027:062:pass1:attach:a10	27:62	w-s027-a062-w009	w-s027-a062-w010		m-w-s027-a062-w009-01	m-w-s027-a062-w010-02		27:62:9:1	27:62:10:2		q:27:62:11	q:27:62:12		11	12		idafa	syntactically_forced	high			NOUN_CONCRETE	NOUN_CONCRETE			position_morpheme_aligned	case_government;local_syntax	ٱلْأَرْضِ is genitive in iḍāfa with خُلَفَاءَ.	resources/attachments.tsv:36601
sx-27_62-00641	ae:v3:s027:062:pass1:attach:a11	27:62	w-s027-a062-w012	w-s027-a062-w013		m-w-s027-a062-w012-01	m-w-s027-a062-w013-01		27:62:12:1	27:62:13:1		q:27:62:14	q:27:62:15		14	15		idafa	syntactically_forced	high			ADV	NOUN_PROP			fallback_morpheme_aligned	case_government;local_syntax	ٱللَّهِ is genitive after the ظرف مَعَ.	resources/attachments.tsv:36602
sx-27_62-00642	ae:v3:s027:062:pass1:attach:a12	27:62	w-s027-a062-w011	w-s027-a062-w012		m-w-s027-a062-w011-02	m-w-s027-a062-w012-01		27:62:11:2	27:62:12:1		q:27:62:13	q:27:62:14		13	14		predication	strongly_licensed	high			NOUN_CONCRETE	ADV			fallback_morpheme_aligned	local_syntax;word_order	مَعَ ٱللَّهِ supplies the predicate relation for أَإِلَٰهٌ.	resources/attachments.tsv:36603
sx-27_62-00643	ae:v3:s027:062:pass1:attach:a13	27:62	w-s027-a062-w016	w-s027-a062-w014		m-w-s027-a062-w016-01	m-w-s027-a062-w014-01		27:62:16:1	27:62:14:1		q:27:62:18	q:27:62:16		18	16		adverbial	strongly_licensed	high			IV	ADJ_QUALIT			fallback_morpheme_aligned	case_government;local_syntax	قَلِيلًا modifies تَذَكَّرُونَ as an accusative of degree.	resources/attachments.tsv:36604
sx-27_62-00644	ae:v3:s027:062:pass1:attach:a14	27:62	w-s027-a062-w014	w-s027-a062-w015		m-w-s027-a062-w014-01	m-w-s027-a062-w015-01		27:62:14:1	27:62:15:1		q:27:62:16	q:27:62:17		16	17		particle_complement	strongly_licensed	medium			ADJ_QUALIT	ANNUL_PART			fallback_morpheme_aligned	formulaic_construction;local_syntax	مَا restrains قَلِيلًا in the formula قَلِيلًا مَا.	resources/attachments.tsv:36605
sx-27_63-00645	ae:v3:s027:063:pass1:attach:a1	27:63	w-s027-a063-w002	w-s027-a063-w001		m-w-s027-a063-w002-01			27:63:2:1	27:63:1		q:27:63:2	q:27:63:1		2	1		subject	strongly_licensed	high			IV	INTERROG_PRON			position_word_aligned	word_order;local_syntax	أَمَّنْ is the interrogative subject of يَهْدِيكُمْ.	resources/attachments.tsv:36606
sx-27_63-00646	ae:v3:s027:063:pass1:attach:a2	27:63	w-s027-a063-w002	w-s027-a063-w002		m-w-s027-a063-w002-01	m-w-s027-a063-w002-02		27:63:2:1	27:63:2:2		q:27:63:2	q:27:63:2		2	2		direct_object	syntactically_forced	high	whole_word	object_suffix	IV		clitic		position_morpheme_aligned	morphology;local_syntax	The كُمْ suffix on يَهْدِيكُمْ is the direct object of يَهْدِي.	resources/attachments.tsv:36607
sx-27_63-00647	ae:v3:s027:063:pass1:attach:a3	27:63	w-s027-a063-w002	w-s027-a063-w004	w-s027-a063-w003	m-w-s027-a063-w002-01	m-w-s027-a063-w004-01	m-w-s027-a063-w003-01	27:63:2:1	27:63:4:1	27:63:3:1	q:27:63:2	q:27:63:4	q:27:63:3	2	4	3	prep_complement	syntactically_forced	high			IV	NOUN_ABSTRACT		فِي	position_morpheme_aligned	case_government;local_syntax	ظُلُمَاتِ is governed by فِي as the setting of يَهْدِيكُمْ.	resources/attachments.tsv:36608
sx-27_63-00648	ae:v3:s027:063:pass1:attach:a4	27:63	w-s027-a063-w004	w-s027-a063-w005		m-w-s027-a063-w004-01	m-w-s027-a063-w005-02		27:63:4:1	27:63:5:2		q:27:63:4	q:27:63:5		4	5		idafa	syntactically_forced	high			NOUN_ABSTRACT	NOUN_CONCRETE			position_morpheme_aligned	case_government;local_syntax	الْبَرِّ is genitive in iḍāfa with ظُلُمَاتِ.	resources/attachments.tsv:36609
sx-27_63-00649	ae:v3:s027:063:pass1:attach:a5	27:63	w-s027-a063-w005	w-s027-a063-w006		m-w-s027-a063-w005-02	m-w-s027-a063-w006-03		27:63:5:2	27:63:6:3		q:27:63:5	q:27:63:7		5	7		conjoined	strongly_licensed	high			NOUN_CONCRETE	NOUN_CONCRETE			position_morpheme_aligned	parallelism;local_syntax	وَ coordinates الْبَحْرِ with الْبَرِّ in the genitive construction.	resources/attachments.tsv:36610
sx-27_63-00650	ae:v3:s027:063:pass1:attach:a6	27:63	w-s027-a063-w002	w-s027-a063-w008		m-w-s027-a063-w002-01	m-w-s027-a063-w008-01		27:63:2:1	27:63:8:1		q:27:63:2	q:27:63:10		2	10		conjoined	strongly_licensed	high			IV	IV			position_morpheme_aligned	parallelism;local_syntax	وَ coordinates يُرْسِلُ with the earlier interrogative verb يَهْدِيكُمْ.	resources/attachments.tsv:36611
sx-27_63-00651	ae:v3:s027:063:pass1:attach:a7	27:63	w-s027-a063-w008	w-s027-a063-w007		m-w-s027-a063-w008-01	m-w-s027-a063-w007-02		27:63:8:1	27:63:7:2		q:27:63:10	q:27:63:9		10	9		subject	strongly_licensed	high			IV	INTERROG_PRON			position_morpheme_aligned	word_order;local_syntax	مَنْ is the interrogative subject of يُرْسِلُ.	resources/attachments.tsv:36612
sx-27_63-00652	ae:v3:s027:063:pass1:attach:a8	27:63	w-s027-a063-w008	w-s027-a063-w009		m-w-s027-a063-w008-01	m-w-s027-a063-w009-02		27:63:8:1	27:63:9:2		q:27:63:10	q:27:63:11		10	11		direct_object	syntactically_forced	high			IV	NOUN_ABSTRACT	explicit		position_morpheme_aligned	case_government;local_syntax	الرِّيَاحَ is the accusative object of يُرْسِلُ.	resources/attachments.tsv:36613
sx-27_63-00653	ae:v3:s027:063:pass1:attach:a9	27:63	w-s027-a063-w008	w-s027-a063-w010		m-w-s027-a063-w008-01	m-w-s027-a063-w010-01		27:63:8:1	27:63:10:1		q:27:63:10	q:27:63:12		10	12		circumstantial	strongly_licensed	high			IV	NOUN_ABSTRACT			position_morpheme_aligned	case_government;local_syntax	بُشْرًا states the circumstance in which the winds are sent.	resources/attachments.tsv:36614
sx-27_63-00654	ae:v3:s027:063:pass1:attach:a10	27:63	w-s027-a063-w008	w-s027-a063-w011		m-w-s027-a063-w008-01	m-w-s027-a063-w011-01		27:63:8:1	27:63:11:1		q:27:63:10	q:27:63:13		10	13		adverbial	strongly_licensed	high			IV	ADV			position_morpheme_aligned	case_government;local_syntax	بَيْنَ يَدَيْ رَحْمَتِهِ gives the position before the mercy for يُرْسِلُ.	resources/attachments.tsv:36615
sx-27_63-00655	ae:v3:s027:063:pass1:attach:a11	27:63	w-s027-a063-w011	w-s027-a063-w012		m-w-s027-a063-w011-01	m-w-s027-a063-w012-01		27:63:11:1	27:63:12:1		q:27:63:13	q:27:63:14		13	14		idafa	syntactically_forced	high			ADV	NOUN_CONCRETE			position_morpheme_aligned	case_government;local_syntax	يَدَيْ is genitive after the ظرف بَيْنَ.	resources/attachments.tsv:36616
sx-27_63-00656	ae:v3:s027:063:pass1:attach:a12	27:63	w-s027-a063-w012	w-s027-a063-w013		m-w-s027-a063-w012-01	m-w-s027-a063-w013-01		27:63:12:1	27:63:13:1		q:27:63:14	q:27:63:15		14	15		idafa	syntactically_forced	high			NOUN_CONCRETE	GERUND			position_morpheme_aligned	case_government;local_syntax	رَحْمَتِهِ is genitive in iḍāfa with يَدَيْ.	resources/attachments.tsv:36617
sx-27_63-00657	ae:v3:s027:063:pass1:attach:a13	27:63	w-s027-a063-w013	w-s027-a063-w013		m-w-s027-a063-w013-01	m-w-s027-a063-w013-01		27:63:13:1	27:63:13:1		q:27:63:15	q:27:63:15		15	15		idafa	syntactically_forced	high	whole_word	possessive_suffix	GERUND				position_morpheme_aligned	morphology;local_syntax	The هِ suffix completes the construct sense of رَحْمَتِهِ.	resources/attachments.tsv:36618
sx-27_63-00658	ae:v3:s027:063:pass1:attach:a14	27:63	w-s027-a063-w015	w-s027-a063-w016		m-w-s027-a063-w015-01	m-w-s027-a063-w016-01		27:63:15:1	27:63:16:1		q:27:63:17	q:27:63:18		17	18		idafa	syntactically_forced	high			ADV	NOUN_PROP			fallback_morpheme_aligned	case_government;local_syntax	اللَّهِ is genitive after the ظرف مَعَ.	resources/attachments.tsv:36619
sx-27_63-00659	ae:v3:s027:063:pass1:attach:a15	27:63	w-s027-a063-w014	w-s027-a063-w015		m-w-s027-a063-w014-02	m-w-s027-a063-w015-01		27:63:14:2	27:63:15:1		q:27:63:16	q:27:63:17		16	17		predication	strongly_licensed	high			NOUN_CONCRETE	ADV			fallback_morpheme_aligned	local_syntax;word_order	مَعَ اللَّهِ supplies the predicate relation for أَإِلَهٌ.	resources/attachments.tsv:36620
sx-27_63-00660	ae:v3:s027:063:pass1:attach:a16	27:63	w-s027-a063-w017	w-s027-a063-w018		m-w-s027-a063-w017-01	m-w-s027-a063-w018-01		27:63:17:1	27:63:18:1		q:27:63:19	q:27:63:20		19	20		subject	strongly_licensed	high			PV	NOUN_PROP			fallback_morpheme_aligned	agreement;word_order	اللَّهُ is the explicit subject of تَعَالَى.	resources/attachments.tsv:36621
sx-27_63-00661	ae:v3:s027:063:pass1:attach:a17	27:63	w-s027-a063-w017	w-s027-a063-w019	w-s027-a063-w019	m-w-s027-a063-w017-01		m-w-s027-a063-w019-01	27:63:17:1	27:63:19	27:63:19:1	q:27:63:19	q:27:63:21	q:27:63:21	19	21	21	prep_complement	syntactically_forced	high		particle_segment	PV			عَن	fallback_word_aligned	case_government;local_syntax	مَا in عَمَّا is governed by عَنْ as the complement of تَعَالَى.	resources/attachments.tsv:36622
sx-27_64-00662	ae:v3:s027:064:pass1:attach:a1	27:64	w-s027-a064-w002	w-s027-a064-w001		m-w-s027-a064-w002-01			27:64:2:1	27:64:1		q:27:64:2	q:27:64:1		2	1		subject	strongly_licensed	high			IV	INTERROG_PRON			position_word_aligned	word_order;local_syntax	أَمَّنْ is the interrogative subject of يَبْدَأُ.	resources/attachments.tsv:36623
sx-27_64-00663	ae:v3:s027:064:pass1:attach:a2	27:64	w-s027-a064-w002	w-s027-a064-w003		m-w-s027-a064-w002-01	m-w-s027-a064-w003-02		27:64:2:1	27:64:3:2		q:27:64:2	q:27:64:3		2	3		direct_object	syntactically_forced	high			IV	GERUND	explicit		position_morpheme_aligned	case_government;local_syntax	الْخَلْقَ is the accusative object of يَبْدَأُ.	resources/attachments.tsv:36624
sx-27_64-00664	ae:v3:s027:064:pass1:attach:a3	27:64	w-s027-a064-w002	w-s027-a064-w005		m-w-s027-a064-w002-01	m-w-s027-a064-w005-01		27:64:2:1	27:64:5:1		q:27:64:2	q:27:64:5		2	5		conjoined	strongly_licensed	high			IV	IV			position_morpheme_aligned	parallelism;local_syntax	ثُمَّ links يُعِيدُهُ sequentially to يَبْدَأُ.	resources/attachments.tsv:36625
sx-27_64-00665	ae:v3:s027:064:pass1:attach:a4	27:64	w-s027-a064-w005	w-s027-a064-w005		m-w-s027-a064-w005-01	m-w-s027-a064-w005-02		27:64:5:1	27:64:5:2		q:27:64:5	q:27:64:5		5	5		direct_object	syntactically_forced	high	whole_word	object_suffix	IV		clitic		position_morpheme_aligned	morphology;local_syntax	The هُ suffix on يُعِيدُهُ is the direct object of يُعِيدُ.	resources/attachments.tsv:36626
sx-27_64-00666	ae:v3:s027:064:pass1:attach:a5	27:64	w-s027-a064-w002	w-s027-a064-w007		m-w-s027-a064-w002-01	m-w-s027-a064-w007-01		27:64:2:1	27:64:7:1		q:27:64:2	q:27:64:8		2	8		conjoined	strongly_licensed	high			IV	IV			position_morpheme_aligned	parallelism;local_syntax	وَ coordinates يَرْزُقُكُمْ with the previous interrogative verbal complex.	resources/attachments.tsv:36627
sx-27_64-00667	ae:v3:s027:064:pass1:attach:a6	27:64	w-s027-a064-w007	w-s027-a064-w006		m-w-s027-a064-w007-01	m-w-s027-a064-w006-02		27:64:7:1	27:64:6:2		q:27:64:8	q:27:64:7		8	7		subject	strongly_licensed	high			IV	INTERROG_PRON			position_morpheme_aligned	word_order;local_syntax	مَنْ is the interrogative subject of يَرْزُقُكُمْ.	resources/attachments.tsv:36628
sx-27_64-00668	ae:v3:s027:064:pass1:attach:a7	27:64	w-s027-a064-w007	w-s027-a064-w007		m-w-s027-a064-w007-01	m-w-s027-a064-w007-02		27:64:7:1	27:64:7:2		q:27:64:8	q:27:64:8		8	8		direct_object	syntactically_forced	high	whole_word	object_suffix	IV		clitic		position_morpheme_aligned	morphology;local_syntax	The كُمْ suffix on يَرْزُقُكُمْ is the direct object of يَرْزُقُ.	resources/attachments.tsv:36629
sx-27_64-00669	ae:v3:s027:064:pass1:attach:a8	27:64	w-s027-a064-w007	w-s027-a064-w009	w-s027-a064-w008	m-w-s027-a064-w007-01	m-w-s027-a064-w009-02	m-w-s027-a064-w008-01	27:64:7:1	27:64:9:2	27:64:8:1	q:27:64:8	q:27:64:10	q:27:64:9	8	10	9	prep_complement	syntactically_forced	high			IV	NOUN_CONCRETE		مِن	position_morpheme_aligned	case_government;local_syntax	السَّمَاءِ is governed by مِنَ as the source complement of يَرْزُقُكُمْ.	resources/attachments.tsv:36630
sx-27_64-00670	ae:v3:s027:064:pass1:attach:a9	27:64	w-s027-a064-w009	w-s027-a064-w010		m-w-s027-a064-w009-02	m-w-s027-a064-w010-03		27:64:9:2	27:64:10:3		q:27:64:10	q:27:64:12		10	12		conjoined	strongly_licensed	high			NOUN_CONCRETE	NOUN_CONCRETE			position_morpheme_aligned	parallelism;local_syntax	وَ coordinates الْأَرْضِ with السَّمَاءِ under مِنَ.	resources/attachments.tsv:36631
sx-27_64-00671	ae:v3:s027:064:pass1:attach:a10	27:64	w-s027-a064-w012	w-s027-a064-w013		m-w-s027-a064-w012-01	m-w-s027-a064-w013-01		27:64:12:1	27:64:13:1		q:27:64:14	q:27:64:15		14	15		idafa	syntactically_forced	high			ADV	NOUN_PROP			fallback_morpheme_aligned	case_government;local_syntax	اللَّهِ is genitive after the ظرف مَعَ.	resources/attachments.tsv:36632
sx-27_64-00672	ae:v3:s027:064:pass1:attach:a11	27:64	w-s027-a064-w011	w-s027-a064-w012		m-w-s027-a064-w011-02	m-w-s027-a064-w012-01		27:64:11:2	27:64:12:1		q:27:64:13	q:27:64:14		13	14		predication	strongly_licensed	high			NOUN_CONCRETE	ADV			fallback_morpheme_aligned	local_syntax;word_order	مَعَ اللَّهِ supplies the predicate relation for أَإِلَٰهٌ.	resources/attachments.tsv:36633
sx-27_64-00673	ae:v3:s027:064:pass1:attach:a12	27:64	w-s027-a064-w014	w-s027-a064-w015		m-w-s027-a064-w014-01	m-w-s027-a064-w015-01		27:64:14:1	27:64:15:1		q:27:64:16	q:27:64:17		16	17		quoted_complement	syntactically_forced	high			CV	NOUN_VERB_LIKE			fallback_morpheme_aligned	local_syntax	هَاتُوا بُرْهَانَكُمْ إِنْ كُنْتُمْ صَادِقِينَ is the full utterance of قُلْ.	resources/attachments.tsv:36634
sx-27_64-00674	ae:v3:s027:064:pass1:attach:a13	27:64	w-s027-a064-w015	w-s027-a064-w016		m-w-s027-a064-w015-01	m-w-s027-a064-w016-01		27:64:15:1	27:64:16:1		q:27:64:17	q:27:64:18		17	18		direct_object	syntactically_forced	high			NOUN_VERB_LIKE	GERUND	explicit		fallback_morpheme_aligned	case_government;local_syntax	بُرْهَانَكُمْ is the object requested by هَاتُوا.	resources/attachments.tsv:36635
sx-27_64-00675	ae:v3:s027:064:pass1:attach:a14	27:64	w-s027-a064-w016	w-s027-a064-w016		m-w-s027-a064-w016-01	m-w-s027-a064-w016-01		27:64:16:1	27:64:16:1		q:27:64:18	q:27:64:18		18	18		idafa	syntactically_forced	high	whole_word	possessive_suffix	GERUND				fallback_morpheme_aligned	morphology;local_syntax	The كُمْ suffix completes the construct sense of بُرْهَانَكُمْ.	resources/attachments.tsv:36636
sx-27_64-00676	ae:v3:s027:064:pass1:attach:a15	27:64	w-s027-a064-w018	w-s027-a064-w019		m-w-s027-a064-w018-01	m-w-s027-a064-w019-01		27:64:18:1	27:64:19:1		q:27:64:20	q:27:64:21		20	21		kana_predicate	syntactically_forced	high			PV	NOUN_ACTIVE_PART			fallback_morpheme_aligned	case_government;local_syntax	صَادِقِينَ is the predicate of كُنْتُمْ.	resources/attachments.tsv:36637
sx-27_65-00677	ae:v3:s027:065:pass1:attach:a1	27:65	w-s027-a065-w001	w-s027-a065-w002		m-w-s027-a065-w001-01	m-w-s027-a065-w002-01		27:65:1:1	27:65:2:1		q:27:65:1	q:27:65:2		1	2		quoted_complement	syntactically_forced	high			CV	NEG_PART			position_morpheme_aligned	local_syntax	The whole statement from لَا through يُبْعَثُونَ is the utterance commanded by قُلْ.	resources/attachments.tsv:36638
sx-27_65-00678	ae:v3:s027:065:pass1:attach:a2	27:65	w-s027-a065-w003	w-s027-a065-w004		m-w-s027-a065-w003-01	m-w-s027-a065-w004-01		27:65:3:1	27:65:4:1		q:27:65:3	q:27:65:4		3	4		subject	strongly_licensed	high			IV	REL_PRON			position_morpheme_aligned	word_order;local_syntax	مَنْ is the subject of يَعْلَمُ in the negated clause.	resources/attachments.tsv:36639
sx-27_65-00679	ae:v3:s027:065:pass1:attach:a3	27:65	w-s027-a065-w004	w-s027-a065-w006	w-s027-a065-w005	m-w-s027-a065-w004-01	m-w-s027-a065-w006-02	m-w-s027-a065-w005-01	27:65:4:1	27:65:6:2	27:65:5:1	q:27:65:4	q:27:65:6	q:27:65:5	4	6	5	prep_complement	syntactically_forced	high			REL_PRON	NOUN_CONCRETE		فِي	position_morpheme_aligned	case_government;local_syntax	السَّمَاوَاتِ is governed by فِي as the locative complement of مَنْ.	resources/attachments.tsv:36640
sx-27_65-00680	ae:v3:s027:065:pass1:attach:a4	27:65	w-s027-a065-w006	w-s027-a065-w007		m-w-s027-a065-w006-02	m-w-s027-a065-w007-03		27:65:6:2	27:65:7:3		q:27:65:6	q:27:65:8		6	8		conjoined	strongly_licensed	high			NOUN_CONCRETE	NOUN_CONCRETE			position_morpheme_aligned	parallelism;local_syntax	وَ coordinates الْأَرْضِ with السَّمَاوَاتِ under فِي.	resources/attachments.tsv:36641
sx-27_65-00681	ae:v3:s027:065:pass1:attach:a5	27:65	w-s027-a065-w003	w-s027-a065-w008		m-w-s027-a065-w003-01	m-w-s027-a065-w008-02		27:65:3:1	27:65:8:2		q:27:65:3	q:27:65:9		3	9		direct_object	syntactically_forced	high			IV	GERUND	explicit		position_morpheme_aligned	case_government;local_syntax	الْغَيْبَ is the accusative object of يَعْلَمُ.	resources/attachments.tsv:36642
sx-27_65-00682	ae:v3:s027:065:pass1:attach:a6	27:65	w-s027-a065-w004	w-s027-a065-w010		m-w-s027-a065-w004-01	m-w-s027-a065-w010-01		27:65:4:1	27:65:10:1		q:27:65:4	q:27:65:11		4	11		exception	strongly_licensed	high			REL_PRON	NOUN_PROP			position_morpheme_aligned	local_syntax;case_government	اللَّهُ is the exception introduced by إِلَّا from مَنْ.	resources/attachments.tsv:36643
sx-27_65-00683	ae:v3:s027:065:pass1:attach:a7	27:65	w-s027-a065-w003	w-s027-a065-w012		m-w-s027-a065-w003-01	m-w-s027-a065-w012-01		27:65:3:1	27:65:12:1		q:27:65:3	q:27:65:14		3	14		conjoined	strongly_licensed	high			IV	IV			position_morpheme_aligned	parallelism;local_syntax	وَ coordinates يَشْعُرُونَ with the preceding negated verbal clause.	resources/attachments.tsv:36644
sx-27_65-00684	ae:v3:s027:065:pass1:attach:a8	27:65	w-s027-a065-w012	w-s027-a065-w013		m-w-s027-a065-w012-01	m-w-s027-a065-w013-01		27:65:12:1	27:65:13:1		q:27:65:14	q:27:65:15		14	15		clausal_complement	syntactically_forced	high			IV	INTERROG_PRON			position_morpheme_aligned	local_syntax	أَيَّانَ يُبْعَثُونَ is the embedded interrogative content governed by يَشْعُرُونَ.	resources/attachments.tsv:36645
sx-27_65-00685	ae:v3:s027:065:pass1:attach:a9	27:65	w-s027-a065-w014	w-s027-a065-w013		m-w-s027-a065-w014-01	m-w-s027-a065-w013-01		27:65:14:1	27:65:13:1		q:27:65:16	q:27:65:15		16	15		adverbial	syntactically_forced	high			IV_PASS	INTERROG_PRON			position_morpheme_aligned	local_syntax;word_order	أَيَّانَ is the temporal interrogative adverb of يُبْعَثُونَ.	resources/attachments.tsv:36646
sx-27_66-00686	ae:v3:s027:066:pass1:attach:a1	27:66	w-s027-a066-w003	w-s027-a066-w003		m-w-s027-a066-w003-01	m-w-s027-a066-w003-01		27:66:3:1	27:66:3:1		q:27:66:3	q:27:66:3		3	3		idafa	syntactically_forced	high	whole_word	possessive_suffix	GERUND				position_morpheme_aligned	morphology;local_syntax	The هُمْ suffix completes the construct sense of عِلْمُهُمْ.	resources/attachments.tsv:36647
sx-27_66-00687	ae:v3:s027:066:pass1:attach:a2	27:66	w-s027-a066-w002	w-s027-a066-w003		m-w-s027-a066-w002-01	m-w-s027-a066-w003-01		27:66:2:1	27:66:3:1		q:27:66:2	q:27:66:3		2	3		subject	syntactically_forced	high			PV	GERUND			position_morpheme_aligned	agreement;word_order	عِلْمُهُمْ is the nominative subject of ٱدَّارَكَ.	resources/attachments.tsv:36648
sx-27_66-00688	ae:v3:s027:066:pass1:attach:a3	27:66	w-s027-a066-w002	w-s027-a066-w005	w-s027-a066-w004	m-w-s027-a066-w002-01	m-w-s027-a066-w005-02	m-w-s027-a066-w004-01	27:66:2:1	27:66:5:2	27:66:4:1	q:27:66:2	q:27:66:5	q:27:66:4	2	5	4	prep_complement	syntactically_forced	high			PV	NOUN_ACTIVE_PART		فِي	position_morpheme_aligned	case_government;local_syntax	ٱلْآخِرَةِ is governed by فِي as the domain of ٱدَّارَكَ.	resources/attachments.tsv:36649
sx-27_66-00689	ae:v3:s027:066:pass1:attach:a4	27:66	w-s027-a066-w007	w-s027-a066-w009	w-s027-a066-w008	m-w-s027-a066-w007-01	m-w-s027-a066-w009-01	m-w-s027-a066-w008-01	27:66:7:1	27:66:9:1	27:66:8:1	q:27:66:7	q:27:66:9	q:27:66:8	7	9	8	prep_complement	syntactically_forced	high			PRON	GERUND		فِي	position_morpheme_aligned	case_government;local_syntax	شَكٍّ is governed by فِي in the predicate phrase for هُمْ.	resources/attachments.tsv:36650
sx-27_66-00690	ae:v3:s027:066:pass1:attach:a5	27:66	w-s027-a066-w007	w-s027-a066-w009		m-w-s027-a066-w007-01	m-w-s027-a066-w009-01		27:66:7:1	27:66:9:1		q:27:66:7	q:27:66:9		7	9		predication	strongly_licensed	high			PRON	GERUND			position_morpheme_aligned	local_syntax;word_order	فِي شَكٍّ is the predicate relation for هُمْ.	resources/attachments.tsv:36651
sx-27_66-00691	ae:v3:s027:066:pass1:attach:a6	27:66	w-s027-a066-w009	w-s027-a066-w010	w-s027-a066-w010	m-w-s027-a066-w009-01	m-w-s027-a066-w010-02	m-w-s027-a066-w010-01	27:66:9:1	27:66:10:2	27:66:10:1	q:27:66:9	q:27:66:10	q:27:66:10	9	10	10	prep_complement	syntactically_forced	high		pronoun_suffix	GERUND			مِن	position_morpheme_aligned	case_government;local_syntax	The هَا suffix in مِنْهَا is governed by مِنْ as complement of شَكٍّ.	resources/attachments.tsv:36652
sx-27_66-00692	ae:v3:s027:066:pass1:attach:a7	27:66	w-s027-a066-w014	w-s027-a066-w013	w-s027-a066-w013	m-w-s027-a066-w014-01	m-w-s027-a066-w013-02	m-w-s027-a066-w013-01	27:66:14:1	27:66:13:2	27:66:13:1	q:27:66:14	q:27:66:13	q:27:66:13	14	13	13	prep_complement	syntactically_forced	high		pronoun_suffix	ADJ_QUALIT			مِن	position_morpheme_aligned	case_government;local_syntax	The هَا suffix in مِنْهَا is governed by مِنْ as complement of عَمُونَ.	resources/attachments.tsv:36653
sx-27_66-00693	ae:v3:s027:066:pass1:attach:a8	27:66	w-s027-a066-w012	w-s027-a066-w014		m-w-s027-a066-w012-01	m-w-s027-a066-w014-01		27:66:12:1	27:66:14:1		q:27:66:12	q:27:66:14		12	14		predication	strongly_licensed	high			PRON	ADJ_QUALIT			position_morpheme_aligned	local_syntax;word_order	عَمُونَ is the predicate of هُمْ.	resources/attachments.tsv:36654
sx-27_67-00694	ae:v3:s027:067:pass1:attach:a1	27:67	w-s027-a067-w001	w-s027-a067-w002		m-w-s027-a067-w001-02	m-w-s027-a067-w002-01		27:67:1:2	27:67:2:1		q:27:67:2	q:27:67:3		2	3		subject	strongly_licensed	high			PV	REL_PRON			position_morpheme_aligned	word_order;local_syntax	ٱلَّذِينَ is the explicit subject of قَالَ.	resources/attachments.tsv:36655
sx-27_67-00695	ae:v3:s027:067:pass1:attach:a2	27:67	w-s027-a067-w001	w-s027-a067-w004		m-w-s027-a067-w001-02	m-w-s027-a067-w004-02		27:67:1:2	27:67:4:2		q:27:67:2	q:27:67:5		2	5		quoted_complement	syntactically_forced	high			PV	ADV			position_morpheme_aligned	local_syntax	The question from أَئِذَا through مُخْرَجُونَ is the quoted content of قَالَ.	resources/attachments.tsv:36656
sx-27_67-00696	ae:v3:s027:067:pass1:attach:a3	27:67	w-s027-a067-w009	w-s027-a067-w004		m-w-s027-a067-w009-02	m-w-s027-a067-w004-02		27:67:9:2	27:67:4:2		q:27:67:12	q:27:67:5		12	5		adverbial	strongly_licensed	high			NOUN_PASSIVE_PART	ADV			fallback_morpheme_aligned	local_syntax	أَئِذَا كُنَّا تُرَابًا sets the temporal condition for مُخْرَجُونَ.	resources/attachments.tsv:36657
sx-27_67-00697	ae:v3:s027:067:pass1:attach:a4	27:67	w-s027-a067-w005	w-s027-a067-w006		m-w-s027-a067-w005-01	m-w-s027-a067-w006-01		27:67:5:1	27:67:6:1		q:27:67:6	q:27:67:7		6	7		kana_predicate	syntactically_forced	high			PV	NOUN_CONCRETE			fallback_morpheme_aligned	case_government;local_syntax	تُرَابًا is the predicate of كُنَّا.	resources/attachments.tsv:36658
sx-27_67-00698	ae:v3:s027:067:pass1:attach:a5	27:67	w-s027-a067-w005	w-s027-a067-w007		m-w-s027-a067-w005-01	m-w-s027-a067-w007-02		27:67:5:1	27:67:7:2		q:27:67:6	q:27:67:9		6	9		conjoined	strongly_licensed	high			PV	NOUN_CONCRETE			fallback_morpheme_aligned	parallelism;local_syntax	وَ coordinates آبَاؤُنَا with the subject carried by كُنَّا.	resources/attachments.tsv:36659
sx-27_67-00699	ae:v3:s027:067:pass1:attach:a6	27:67	w-s027-a067-w007	w-s027-a067-w007		m-w-s027-a067-w007-02	m-w-s027-a067-w007-02		27:67:7:2	27:67:7:2		q:27:67:9	q:27:67:9		9	9		idafa	syntactically_forced	high	whole_word	possessive_suffix	NOUN_CONCRETE				position_morpheme_aligned	morphology;local_syntax	The نَا suffix completes the construct sense of آبَاؤُنَا.	resources/attachments.tsv:36660
sx-27_67-00700	ae:v3:s027:067:pass1:attach:a7	27:67	w-s027-a067-w008	w-s027-a067-w008		m-w-s027-a067-w008-02	m-w-s027-a067-w008-03		27:67:8:2	27:67:8:3		q:27:67:10	q:27:67:10		10	10		particle_complement	syntactically_forced	high	particle_segment	pronoun_suffix					fallback_morpheme_aligned	morphology;local_syntax	The نَا suffix is the governed noun of إِنَّ in أَئِنَّا.	resources/attachments.tsv:36661
sx-27_67-00701	ae:v3:s027:067:pass1:attach:a8	27:67	w-s027-a067-w008	w-s027-a067-w009		m-w-s027-a067-w008-02	m-w-s027-a067-w009-02		27:67:8:2	27:67:9:2		q:27:67:10	q:27:67:12		10	12		predication	strongly_licensed	high			ANNUL_PART	NOUN_PASSIVE_PART			fallback_morpheme_aligned	local_syntax;word_order	مُخْرَجُونَ is the predicate of أَئِنَّا, with لَ as emphasis.	resources/attachments.tsv:36662
sx-27_68-00702	ae:v3:s027:068:pass1:attach:a1	27:68	w-s027-a068-w002	w-s027-a068-w003		m-w-s027-a068-w002-01	m-w-s027-a068-w003-01		27:68:2:1	27:68:3:1		q:27:68:4	q:27:68:5		4	5		direct_object	syntactically_forced	high			PV	DEM_PRON_MS	explicit		fallback_morpheme_aligned	case_government;local_syntax	هَذَا is the retained promised content with وُعِدْنَا.	resources/attachments.tsv:36663
sx-27_68-00703	ae:v3:s027:068:pass1:attach:a2	27:68	w-s027-a068-w002	w-s027-a068-w004		m-w-s027-a068-w002-01	m-w-s027-a068-w004-01		27:68:2:1	27:68:4:1		q:27:68:4	q:27:68:6		4	6		apposition	strongly_licensed	high			PV	PRON			fallback_morpheme_aligned	local_syntax	نَحْنُ reinforces the subject suffix in وُعِدْنَا.	resources/attachments.tsv:36664
sx-27_68-00704	ae:v3:s027:068:pass1:attach:a3	27:68	w-s027-a068-w004	w-s027-a068-w005		m-w-s027-a068-w004-01	m-w-s027-a068-w005-02		27:68:4:1	27:68:5:2		q:27:68:6	q:27:68:8		6	8		conjoined	strongly_licensed	high			PRON	NOUN_CONCRETE			fallback_morpheme_aligned	parallelism;local_syntax	وَ coordinates آبَاؤُنَا with نَحْنُ.	resources/attachments.tsv:36665
sx-27_68-00705	ae:v3:s027:068:pass1:attach:a4	27:68	w-s027-a068-w005	w-s027-a068-w005		m-w-s027-a068-w005-02	m-w-s027-a068-w005-02		27:68:5:2	27:68:5:2		q:27:68:8	q:27:68:8		8	8		idafa	syntactically_forced	high	whole_word	possessive_suffix	NOUN_CONCRETE				fallback_morpheme_aligned	morphology;local_syntax	The نَا suffix completes the construct sense of آبَاؤُنَا.	resources/attachments.tsv:36666
sx-27_68-00706	ae:v3:s027:068:pass1:attach:a5	27:68	w-s027-a068-w002	w-s027-a068-w007	w-s027-a068-w006	m-w-s027-a068-w002-01	m-w-s027-a068-w007-01	m-w-s027-a068-w006-01	27:68:2:1	27:68:7:1	27:68:6:1	q:27:68:4	q:27:68:10	q:27:68:9	4	10	9	prep_complement	syntactically_forced	high			PV	NOUN_ABSTRACT		مِن	fallback_morpheme_aligned	case_government;local_syntax	قَبْلُ is governed by مِن as the temporal complement of وُعِدْنَا.	resources/attachments.tsv:36667
sx-27_68-00707	ae:v3:s027:068:pass1:attach:a6	27:68	w-s027-a068-w009	w-s027-a068-w011		m-w-s027-a068-w009-01	m-w-s027-a068-w011-01		27:68:9:1	27:68:11:1		q:27:68:12	q:27:68:14		12	14		predication	strongly_licensed	high			DEM_PRON_MS	FOREIGN			fallback_morpheme_aligned	local_syntax;word_order	أَسَاطِيرُ is the restricted predicate of هَذَا in the إِنْ ... إِلَّا construction.	resources/attachments.tsv:36668
sx-27_68-00708	ae:v3:s027:068:pass1:attach:a7	27:68	w-s027-a068-w011	w-s027-a068-w012		m-w-s027-a068-w011-01	m-w-s027-a068-w012-02		27:68:11:1	27:68:12:2		q:27:68:14	q:27:68:15		14	15		idafa	syntactically_forced	high			FOREIGN	NOUN_NUM			fallback_morpheme_aligned	case_government;local_syntax	ٱلْأَوَّلِينَ is genitive in iḍāfa with أَسَاطِيرُ.	resources/attachments.tsv:36669
sx-27_69-00709	ae:v3:s027:069:pass1:attach:a1	27:69	w-s027-a069-w001	w-s027-a069-w002		m-w-s027-a069-w001-01	m-w-s027-a069-w002-01		27:69:1:1	27:69:2:1		q:27:69:1	q:27:69:2		1	2		quoted_complement	syntactically_forced	high			CV	CV			position_morpheme_aligned	local_syntax	The command sequence from سِيرُوا through ٱلْمُجْرِمِينَ is the utterance of قُلْ.	resources/attachments.tsv:36670
sx-27_69-00710	ae:v3:s027:069:pass1:attach:a2	27:69	w-s027-a069-w002	w-s027-a069-w004	w-s027-a069-w003	m-w-s027-a069-w002-01	m-w-s027-a069-w004-02	m-w-s027-a069-w003-01	27:69:2:1	27:69:4:2	27:69:3:1	q:27:69:2	q:27:69:4	q:27:69:3	2	4	3	prep_complement	syntactically_forced	high			CV	NOUN_CONCRETE		فِي	position_morpheme_aligned	case_government;local_syntax	ٱلْأَرْضِ is governed by فِي as complement of سِيرُوا.	resources/attachments.tsv:36671
sx-27_69-00711	ae:v3:s027:069:pass1:attach:a3	27:69	w-s027-a069-w002	w-s027-a069-w005		m-w-s027-a069-w002-01	m-w-s027-a069-w005-02		27:69:2:1	27:69:5:2		q:27:69:2	q:27:69:6		2	6		conjoined	strongly_licensed	high			CV	CV			position_morpheme_aligned	parallelism;local_syntax	فَ links ٱنظُرُوا to سِيرُوا in the command sequence.	resources/attachments.tsv:36672
sx-27_69-00712	ae:v3:s027:069:pass1:attach:a4	27:69	w-s027-a069-w005	w-s027-a069-w006		m-w-s027-a069-w005-02	m-w-s027-a069-w006-01		27:69:5:2	27:69:6:1		q:27:69:6	q:27:69:7		6	7		clausal_complement	syntactically_forced	high			CV	INTERROG_PRON			position_morpheme_aligned	local_syntax	كَيْفَ كَانَ عَاقِبَةُ ٱلْمُجْرِمِينَ is the embedded question governed by ٱنظُرُوا.	resources/attachments.tsv:36673
sx-27_69-00713	ae:v3:s027:069:pass1:attach:a5	27:69	w-s027-a069-w007	w-s027-a069-w006		m-w-s027-a069-w007-01	m-w-s027-a069-w006-01		27:69:7:1	27:69:6:1		q:27:69:8	q:27:69:7		8	7		kana_predicate	syntactically_forced	high			PV	INTERROG_PRON			position_morpheme_aligned	local_syntax;word_order	كَيْفَ is the predicate complement of كَانَ.	resources/attachments.tsv:36674
sx-27_69-00714	ae:v3:s027:069:pass1:attach:a6	27:69	w-s027-a069-w007	w-s027-a069-w008		m-w-s027-a069-w007-01	m-w-s027-a069-w008-01		27:69:7:1	27:69:8:1		q:27:69:8	q:27:69:9		8	9		subject	syntactically_forced	high			PV	NOUN_ABSTRACT			position_morpheme_aligned	case_government;word_order	عَاقِبَةُ is the nominative subject of كَانَ.	resources/attachments.tsv:36675
sx-27_69-00715	ae:v3:s027:069:pass1:attach:a7	27:69	w-s027-a069-w008	w-s027-a069-w009		m-w-s027-a069-w008-01	m-w-s027-a069-w009-02		27:69:8:1	27:69:9:2		q:27:69:9	q:27:69:10		9	10		idafa	syntactically_forced	high			NOUN_ABSTRACT	NOUN_ACTIVE_PART			position_morpheme_aligned	case_government;local_syntax	ٱلْمُجْرِمِينَ is genitive in iḍāfa with عَاقِبَةُ.	resources/attachments.tsv:36676
sx-27_70-00716	ae:v3:s027:070:pass1:attach:a1	27:70	w-s027-a070-w002	w-s027-a070-w003	w-s027-a070-w003	m-w-s027-a070-w002-01	m-w-s027-a070-w003-02	m-w-s027-a070-w003-01	27:70:2:1	27:70:3:2	27:70:3:1	q:27:70:3	q:27:70:4	q:27:70:4	3	4	4	prep_complement	syntactically_forced	high		pronoun_suffix	IV			عَلَى	position_morpheme_aligned	case_government;local_syntax	The هُمْ suffix in عَلَيْهِمْ is governed by عَلَى as complement of تَحْزَنْ.	resources/attachments.tsv:36677
sx-27_70-00717	ae:v3:s027:070:pass1:attach:a2	27:70	w-s027-a070-w002	w-s027-a070-w005		m-w-s027-a070-w002-01	m-w-s027-a070-w005-01		27:70:2:1	27:70:5:1		q:27:70:3	q:27:70:7		3	7		conjoined	strongly_licensed	high			IV	IV			position_morpheme_aligned	parallelism;local_syntax	وَ coordinates تَكُنْ with تَحْزَنْ in the paired prohibitions.	resources/attachments.tsv:36678
sx-27_70-00718	ae:v3:s027:070:pass1:attach:a3	27:70	w-s027-a070-w005	w-s027-a070-w007	w-s027-a070-w006	m-w-s027-a070-w005-01	m-w-s027-a070-w007-01	m-w-s027-a070-w006-01	27:70:5:1	27:70:7:1	27:70:6:1	q:27:70:7	q:27:70:9	q:27:70:8	7	9	8	prep_complement	syntactically_forced	high			IV	GERUND		فِي	position_morpheme_aligned	case_government;local_syntax	ضَيْقٍ is governed by فِي in the predicate phrase of تَكُنْ.	resources/attachments.tsv:36679
sx-27_70-00719	ae:v3:s027:070:pass1:attach:a4	27:70	w-s027-a070-w005	w-s027-a070-w007		m-w-s027-a070-w005-01	m-w-s027-a070-w007-01		27:70:5:1	27:70:7:1		q:27:70:7	q:27:70:9		7	9		kana_predicate	syntactically_forced	high			IV	GERUND			position_morpheme_aligned	local_syntax;case_government	فِي ضَيْقٍ supplies the predicate of تَكُنْ.	resources/attachments.tsv:36680
sx-27_70-00720	ae:v3:s027:070:pass1:attach:a5	27:70	w-s027-a070-w007	w-s027-a070-w008	w-s027-a070-w008	m-w-s027-a070-w007-01		m-w-s027-a070-w008-01	27:70:7:1	27:70:8	27:70:8:1	q:27:70:9	q:27:70:10	q:27:70:10	9	10	10	prep_complement	syntactically_forced	high		particle_segment	GERUND			مِن	position_word_aligned	case_government;local_syntax	مَا in مِمَّا is governed by مِنْ as complement of ضَيْقٍ.	resources/attachments.tsv:36681
sx-27_71-00721	ae:v3:s027:071:pass1:attach:a1	27:71	w-s027-a071-w001	w-s027-a071-w002		m-w-s027-a071-w001-02	m-w-s027-a071-w002-01		27:71:1:2	27:71:2:1		q:27:71:2	q:27:71:3		2	3		quoted_complement	syntactically_forced	high			IV	INTERROG_PRON			position_morpheme_aligned	local_syntax	The utterance مَتَىٰ هَٰذَا ٱلْوَعْدُ إِن كُنتُمْ صَٰدِقِينَ is the quoted content of يَقُولُونَ.	resources/attachments.tsv:36682
sx-27_71-00722	ae:v3:s027:071:pass1:attach:a2	27:71	w-s027-a071-w003	w-s027-a071-w002		m-w-s027-a071-w003-01	m-w-s027-a071-w002-01		27:71:3:1	27:71:2:1		q:27:71:4	q:27:71:3		4	3		predication	strongly_licensed	high			DEM_PRON_MS	INTERROG_PRON			position_morpheme_aligned	local_syntax;word_order	مَتَىٰ supplies the interrogative predicate for هَٰذَا.	resources/attachments.tsv:36683
sx-27_71-00723	ae:v3:s027:071:pass1:attach:a3	27:71	w-s027-a071-w003	w-s027-a071-w004		m-w-s027-a071-w003-01	m-w-s027-a071-w004-02		27:71:3:1	27:71:4:2		q:27:71:4	q:27:71:5		4	5		apposition	strongly_licensed	high			DEM_PRON_MS	GERUND			position_morpheme_aligned	agreement;local_syntax	ٱلْوَعْدُ identifies the demonstrative هَٰذَا.	resources/attachments.tsv:36684
sx-27_71-00724	ae:v3:s027:071:pass1:attach:a4	27:71	w-s027-a071-w006	w-s027-a071-w007		m-w-s027-a071-w006-01	m-w-s027-a071-w007-01		27:71:6:1	27:71:7:1		q:27:71:7	q:27:71:8		7	8		kana_predicate	syntactically_forced	high			PV	NOUN_ACTIVE_PART			position_morpheme_aligned	local_syntax;case_government	صَٰدِقِينَ is the predicate of كُنتُمْ.	resources/attachments.tsv:36685
sx-27_72-00725	ae:v3:s027:072:pass1:attach:a1	27:72	w-s027-a072-w001	w-s027-a072-w002		m-w-s027-a072-w001-01	m-w-s027-a072-w002-01		27:72:1:1	27:72:2:1		q:27:72:1	q:27:72:2		1	2		quoted_complement	syntactically_forced	high			CV	UNINFLECTED_VERB			position_morpheme_aligned	local_syntax	The full message beginning عَسَىٰٓ is the quoted complement of قُلْ.	resources/attachments.tsv:36686
sx-27_72-00726	ae:v3:s027:072:pass1:attach:a2	27:72	w-s027-a072-w002	w-s027-a072-w003		m-w-s027-a072-w002-01	m-w-s027-a072-w003-01		27:72:2:1	27:72:3:1		q:27:72:2	q:27:72:3		2	3		clausal_complement	syntactically_forced	high			UNINFLECTED_VERB	SUBJUNC_PART			position_morpheme_aligned	local_syntax	أَنْ يَكُونَ introduces the content governed by عَسَىٰٓ.	resources/attachments.tsv:36687
sx-27_72-00727	ae:v3:s027:072:pass1:attach:a3	27:72	w-s027-a072-w004	w-s027-a072-w005		m-w-s027-a072-w004-01	m-w-s027-a072-w005-01		27:72:4:1	27:72:5:1		q:27:72:4	q:27:72:5		4	5		kana_predicate	syntactically_forced	high			IV	PV			position_morpheme_aligned	local_syntax	رَدِفَ supplies the verbal predicate under يَكُونَ.	resources/attachments.tsv:36688
sx-27_72-00728	ae:v3:s027:072:pass1:attach:a4	27:72	w-s027-a072-w005	w-s027-a072-w006	w-s027-a072-w006	m-w-s027-a072-w005-01	m-w-s027-a072-w006-02	m-w-s027-a072-w006-01	27:72:5:1	27:72:6:2	27:72:6:1	q:27:72:5	q:27:72:6	q:27:72:6	5	6	6	prep_complement	syntactically_forced	high		pronoun_suffix	PV			لـ	position_morpheme_aligned	case_government;local_syntax	The suffix in لَكُمْ is governed by the preposition لِـ as complement of رَدِفَ.	resources/attachments.tsv:36689
sx-27_72-00729	ae:v3:s027:072:pass1:attach:a5	27:72	w-s027-a072-w004	w-s027-a072-w007		m-w-s027-a072-w004-01	m-w-s027-a072-w007-01		27:72:4:1	27:72:7:1		q:27:72:4	q:27:72:7		4	7		subject	strongly_licensed	medium			IV	NOUN_ABSTRACT			fallback_morpheme_aligned	word_order;local_syntax	بَعْضُ is the delayed nominal argument of يَكُونَ.	resources/attachments.tsv:36690
sx-27_72-00730	ae:v3:s027:072:pass1:attach:a6	27:72	w-s027-a072-w005	w-s027-a072-w007		m-w-s027-a072-w005-01	m-w-s027-a072-w007-01		27:72:5:1	27:72:7:1		q:27:72:5	q:27:72:7		5	7		subject	syntactically_forced	high			PV	NOUN_ABSTRACT			fallback_morpheme_aligned	word_order;agreement	بَعْضُ is the overt subject following رَدِفَ.	resources/attachments.tsv:36691
sx-27_72-00731	ae:v3:s027:072:pass1:attach:a7	27:72	w-s027-a072-w007	w-s027-a072-w008		m-w-s027-a072-w007-01	m-w-s027-a072-w008-01		27:72:7:1	27:72:8:1		q:27:72:7	q:27:72:8		7	8		idafa	syntactically_forced	high			NOUN_ABSTRACT	REL_PRON			fallback_morpheme_aligned	morphology;case_government	ٱلَّذِى is the genitive complement of the construct بَعْضُ.	resources/attachments.tsv:36692
sx-27_73-00732	ae:v3:s027:073:pass1:attach:a1	27:73	w-s027-a073-w001	w-s027-a073-w002		m-w-s027-a073-w001-02	m-w-s027-a073-w002-01		27:73:1:2	27:73:2:1		q:27:73:2	q:27:73:3		2	3		particle_complement	syntactically_forced	high			CONDITION_PART	NOUN_CONCRETE			position_morpheme_aligned	case_government;local_syntax	رَبَّكَ is governed as the ism of إِنَّ.	resources/attachments.tsv:36693
sx-27_73-00733	ae:v3:s027:073:pass1:attach:a2	27:73	w-s027-a073-w001	w-s027-a073-w003		m-w-s027-a073-w001-02	m-w-s027-a073-w003-02		27:73:1:2	27:73:3:2		q:27:73:2	q:27:73:5		2	5		predication	strongly_licensed	high			CONDITION_PART	NOUN_FIVE			position_morpheme_aligned	local_syntax	ذُو is the predicate of the إِنَّ clause.	resources/attachments.tsv:36694
sx-27_73-00734	ae:v3:s027:073:pass1:attach:a3	27:73	w-s027-a073-w003	w-s027-a073-w004		m-w-s027-a073-w003-02	m-w-s027-a073-w004-01		27:73:3:2	27:73:4:1		q:27:73:5	q:27:73:6		5	6		idafa	syntactically_forced	high			NOUN_FIVE	GERUND			position_morpheme_aligned	morphology;case_government	فَضْلٍ completes the construct ذُو.	resources/attachments.tsv:36695
sx-27_73-00735	ae:v3:s027:073:pass1:attach:a4	27:73	w-s027-a073-w004	w-s027-a073-w006	w-s027-a073-w005	m-w-s027-a073-w004-01	m-w-s027-a073-w006-02	m-w-s027-a073-w005-01	27:73:4:1	27:73:6:2	27:73:5:1	q:27:73:6	q:27:73:8	q:27:73:7	6	8	7	prep_complement	syntactically_forced	high			GERUND	NOUN_CONCRETE		عَلَى	position_morpheme_aligned	case_government;local_syntax	النَّاسِ is governed by عَلَى as complement to فَضْلٍ.	resources/attachments.tsv:36696
sx-27_73-00736	ae:v3:s027:073:pass1:attach:a5	27:73	w-s027-a073-w007	w-s027-a073-w008		m-w-s027-a073-w007-02	m-w-s027-a073-w008-01		27:73:7:2	27:73:8:1		q:27:73:10	q:27:73:11		10	11		particle_complement	syntactically_forced	high			ANNUL_PART	ADJ_COMP			position_morpheme_aligned	case_government;local_syntax	أَكْثَرَهُمْ is governed as the ism of لَكِنَّ.	resources/attachments.tsv:36697
sx-27_73-00737	ae:v3:s027:073:pass1:attach:a6	27:73	w-s027-a073-w007	w-s027-a073-w010		m-w-s027-a073-w007-02	m-w-s027-a073-w010-01		27:73:7:2	27:73:10:1		q:27:73:10	q:27:73:13		10	13		predication	strongly_licensed	high			ANNUL_PART	IV			position_morpheme_aligned	local_syntax	يَشْكُرُونَ with لَا supplies the predicate of لَكِنَّ.	resources/attachments.tsv:36698
sx-27_74-00738	ae:v3:s027:074:pass1:attach:a1	27:74	w-s027-a074-w001	w-s027-a074-w002		m-w-s027-a074-w001-02	m-w-s027-a074-w002-01		27:74:1:2	27:74:2:1		q:27:74:2	q:27:74:3		2	3		particle_complement	syntactically_forced	high			CONDITION_PART	NOUN_CONCRETE			position_morpheme_aligned	case_government;local_syntax	رَبَّكَ is governed as the ism of إِنَّ.	resources/attachments.tsv:36699
sx-27_74-00739	ae:v3:s027:074:pass1:attach:a2	27:74	w-s027-a074-w001	w-s027-a074-w003		m-w-s027-a074-w001-02	m-w-s027-a074-w003-02		27:74:1:2	27:74:3:2		q:27:74:2	q:27:74:5		2	5		predication	strongly_licensed	high			CONDITION_PART	IV			position_morpheme_aligned	local_syntax	يَعْلَمُ is the verbal predicate of the إِنَّ clause.	resources/attachments.tsv:36700
sx-27_74-00740	ae:v3:s027:074:pass1:attach:a3	27:74	w-s027-a074-w003	w-s027-a074-w004		m-w-s027-a074-w003-02	m-w-s027-a074-w004-01		27:74:3:2	27:74:4:1		q:27:74:5	q:27:74:6		5	6		clausal_complement	syntactically_forced	high			IV	REL_PRON			position_morpheme_aligned	local_syntax	مَا تُكِنُّ صُدُورُهُمْ is content known by يَعْلَمُ.	resources/attachments.tsv:36701
sx-27_74-00741	ae:v3:s027:074:pass1:attach:a4	27:74	w-s027-a074-w005	w-s027-a074-w004		m-w-s027-a074-w005-01	m-w-s027-a074-w004-01		27:74:5:1	27:74:4:1		q:27:74:7	q:27:74:6		7	6		direct_object	syntactically_forced	high			IV	REL_PRON	explicit		position_morpheme_aligned	local_syntax;word_order	مَا is the object of تُكِنُّ inside the relative clause.	resources/attachments.tsv:36702
sx-27_74-00742	ae:v3:s027:074:pass1:attach:a5	27:74	w-s027-a074-w005	w-s027-a074-w006		m-w-s027-a074-w005-01	m-w-s027-a074-w006-01		27:74:5:1	27:74:6:1		q:27:74:7	q:27:74:8		7	8		subject	syntactically_forced	high			IV	NOUN_ABSTRACT			position_morpheme_aligned	agreement;word_order	صُدُورُهُمْ is the overt subject of تُكِنُّ.	resources/attachments.tsv:36703
sx-27_74-00743	ae:v3:s027:074:pass1:attach:a6	27:74	w-s027-a074-w004	w-s027-a074-w007		m-w-s027-a074-w004-01	m-w-s027-a074-w007-02		27:74:4:1	27:74:7:2		q:27:74:6	q:27:74:10		6	10		conjoined	strongly_licensed	high			REL_PRON	REL_PRON			position_morpheme_aligned	parallelism;local_syntax	وَمَا is coordinated with the first مَا as the second object content.	resources/attachments.tsv:36704
sx-27_74-00744	ae:v3:s027:074:pass1:attach:a7	27:74	w-s027-a074-w003	w-s027-a074-w007		m-w-s027-a074-w003-02	m-w-s027-a074-w007-02		27:74:3:2	27:74:7:2		q:27:74:5	q:27:74:10		5	10		clausal_complement	syntactically_forced	high			IV	REL_PRON			position_morpheme_aligned	local_syntax;parallelism	مَا يُعْلِنُونَ is the second content clause governed by يَعْلَمُ.	resources/attachments.tsv:36705
sx-27_74-00745	ae:v3:s027:074:pass1:attach:a8	27:74	w-s027-a074-w008	w-s027-a074-w007		m-w-s027-a074-w008-01	m-w-s027-a074-w007-02		27:74:8:1	27:74:7:2		q:27:74:11	q:27:74:10		11	10		direct_object	syntactically_forced	high			IV	REL_PRON	explicit		position_morpheme_aligned	local_syntax;word_order	مَا is the object of يُعْلِنُونَ.	resources/attachments.tsv:36706
sx-27_75-00746	ae:v3:s027:075:pass1:attach:a1	27:75	w-s027-a075-w001	w-s027-a075-w003	w-s027-a075-w002	m-w-s027-a075-w001-02	m-w-s027-a075-w003-01	m-w-s027-a075-w002-01	27:75:1:2	27:75:3:1	27:75:2:1	q:27:75:2	q:27:75:4	q:27:75:3	2	4	3	prep_complement	syntactically_forced	high			NEG_PART	NOUN_ACTIVE_PART		مِن	position_morpheme_aligned	case_government;local_syntax	غَآئِبَةٍ is governed by مِنْ in the negated existential frame.	resources/attachments.tsv:36707
sx-27_75-00747	ae:v3:s027:075:pass1:attach:a2	27:75	w-s027-a075-w003	w-s027-a075-w005	w-s027-a075-w004	m-w-s027-a075-w003-01	m-w-s027-a075-w005-02	m-w-s027-a075-w004-01	27:75:3:1	27:75:5:2	27:75:4:1	q:27:75:4	q:27:75:6	q:27:75:5	4	6	5	prep_complement	syntactically_forced	high			NOUN_ACTIVE_PART	NOUN_CONCRETE		فِي	position_morpheme_aligned	case_government;local_syntax	ٱلسَّمَآءِ is governed by فِى as the locative complement of غَآئِبَةٍ.	resources/attachments.tsv:36708
sx-27_75-00748	ae:v3:s027:075:pass1:attach:a3	27:75	w-s027-a075-w005	w-s027-a075-w006		m-w-s027-a075-w005-02	m-w-s027-a075-w006-03		27:75:5:2	27:75:6:3		q:27:75:6	q:27:75:8		6	8		conjoined	strongly_licensed	high			NOUN_CONCRETE	NOUN_CONCRETE			position_morpheme_aligned	parallelism;local_syntax	ٱلْأَرْضِ is coordinated with ٱلسَّمَآءِ.	resources/attachments.tsv:36709
sx-27_75-00749	ae:v3:s027:075:pass1:attach:a4	27:75	w-s027-a075-w003	w-s027-a075-w009	w-s027-a075-w008	m-w-s027-a075-w003-01	m-w-s027-a075-w009-01	m-w-s027-a075-w008-01	27:75:3:1	27:75:9:1	27:75:8:1	q:27:75:4	q:27:75:11	q:27:75:10	4	11	10	prep_complement	syntactically_forced	high			NOUN_ACTIVE_PART	NOUN_CONCRETE		فِي	position_morpheme_aligned	case_government;local_syntax	كِتَٰبٍ is governed by فِى within the إِلَّا restriction on غَآئِبَةٍ.	resources/attachments.tsv:36710
sx-27_75-00750	ae:v3:s027:075:pass1:attach:a5	27:75	w-s027-a075-w009	w-s027-a075-w010		m-w-s027-a075-w009-01	m-w-s027-a075-w010-01		27:75:9:1	27:75:10:1		q:27:75:11	q:27:75:12		11	12		adjective	strongly_licensed	high			NOUN_CONCRETE	NOUN_ACTIVE_PART			position_morpheme_aligned	agreement;local_syntax	مُّبِينٍ describes كِتَٰبٍ.	resources/attachments.tsv:36711
sx-27_76-00751	ae:v3:s027:076:pass1:attach:a1	27:76	w-s027-a076-w001	w-s027-a076-w002		m-w-s027-a076-w001-01	m-w-s027-a076-w002-01		27:76:1:1	27:76:2:1		q:27:76:1	q:27:76:2		1	2		particle_complement	syntactically_forced	high			ANNUL_PART	DEM_PRON_MS			position_morpheme_aligned	case_government;local_syntax	هَٰذَا is governed as the ism of إِنَّ.	resources/attachments.tsv:36712
sx-27_76-00752	ae:v3:s027:076:pass1:attach:a2	27:76	w-s027-a076-w002	w-s027-a076-w003		m-w-s027-a076-w002-01	m-w-s027-a076-w003-02		27:76:2:1	27:76:3:2		q:27:76:2	q:27:76:3		2	3		apposition	strongly_licensed	high			DEM_PRON_MS	NOUN_CONCRETE			position_morpheme_aligned	agreement;local_syntax	ٱلْقُرْءَانَ identifies هَٰذَا.	resources/attachments.tsv:36713
sx-27_76-00753	ae:v3:s027:076:pass1:attach:a3	27:76	w-s027-a076-w001	w-s027-a076-w004		m-w-s027-a076-w001-01	m-w-s027-a076-w004-01		27:76:1:1	27:76:4:1		q:27:76:1	q:27:76:4		1	4		predication	strongly_licensed	high			ANNUL_PART	IV			position_morpheme_aligned	local_syntax	يَقُصُّ is the predicate of the إِنَّ clause.	resources/attachments.tsv:36714
sx-27_76-00754	ae:v3:s027:076:pass1:attach:a4	27:76	w-s027-a076-w004	w-s027-a076-w002		m-w-s027-a076-w004-01	m-w-s027-a076-w002-01		27:76:4:1	27:76:2:1		q:27:76:4	q:27:76:2		4	2		subject	strongly_licensed	high			IV	DEM_PRON_MS			position_morpheme_aligned	local_syntax;agreement	هَٰذَا is the visible subject referent for يَقُصُّ.	resources/attachments.tsv:36715
sx-27_76-00755	ae:v3:s027:076:pass1:attach:a5	27:76	w-s027-a076-w004	w-s027-a076-w006	w-s027-a076-w005	m-w-s027-a076-w004-01	m-w-s027-a076-w006-01	m-w-s027-a076-w005-01	27:76:4:1	27:76:6:1	27:76:5:1	q:27:76:4	q:27:76:6	q:27:76:5	4	6	5	prep_complement	syntactically_forced	high			IV	NOUN_CONCRETE		عَلَى	position_morpheme_aligned	case_government;local_syntax	بَنِىٓ is governed by عَلَى as complement of يَقُصُّ.	resources/attachments.tsv:36716
sx-27_76-00756	ae:v3:s027:076:pass1:attach:a6	27:76	w-s027-a076-w006	w-s027-a076-w007		m-w-s027-a076-w006-01	m-w-s027-a076-w007-01		27:76:6:1	27:76:7:1		q:27:76:6	q:27:76:7		6	7		idafa	syntactically_forced	high			NOUN_CONCRETE	NOUN_PROP_FOREIGN			position_morpheme_aligned	morphology;case_government	إِسْرَٰٓءِيلَ completes the construct بَنِىٓ.	resources/attachments.tsv:36717
sx-27_76-00757	ae:v3:s027:076:pass1:attach:a7	27:76	w-s027-a076-w004	w-s027-a076-w008		m-w-s027-a076-w004-01	m-w-s027-a076-w008-01		27:76:4:1	27:76:8:1		q:27:76:4	q:27:76:8		4	8		direct_object	syntactically_forced	high			IV	ADJ_COMP	explicit		position_morpheme_aligned	case_government;local_syntax	أَكْثَرَ ٱلَّذِى هُمْ فِيهِ يَخْتَلِفُونَ is the object of يَقُصُّ.	resources/attachments.tsv:36718
sx-27_76-00758	ae:v3:s027:076:pass1:attach:a8	27:76	w-s027-a076-w008	w-s027-a076-w009		m-w-s027-a076-w008-01	m-w-s027-a076-w009-01		27:76:8:1	27:76:9:1		q:27:76:8	q:27:76:9		8	9		idafa	syntactically_forced	high			ADJ_COMP	REL_PRON			position_morpheme_aligned	morphology;case_government	ٱلَّذِى is the genitive complement of the construct أَكْثَرَ.	resources/attachments.tsv:36719
sx-27_76-00759	ae:v3:s027:076:pass1:attach:a9	27:76	w-s027-a076-w012	w-s027-a076-w010		m-w-s027-a076-w012-01	m-w-s027-a076-w010-01		27:76:12:1	27:76:10:1		q:27:76:12	q:27:76:10		12	10		subject	syntactically_forced	high			IV	PRON			position_morpheme_aligned	agreement;local_syntax	هُمْ is the explicit subject of يَخْتَلِفُونَ.	resources/attachments.tsv:36720
sx-27_76-00760	ae:v3:s027:076:pass1:attach:a10	27:76	w-s027-a076-w012	w-s027-a076-w011	w-s027-a076-w011	m-w-s027-a076-w012-01	m-w-s027-a076-w011-02	m-w-s027-a076-w011-01	27:76:12:1	27:76:11:2	27:76:11:1	q:27:76:12	q:27:76:11	q:27:76:11	12	11	11	prep_complement	syntactically_forced	high		pronoun_suffix	IV			فِي	position_morpheme_aligned	case_government;local_syntax	The suffix in فِيهِ is governed by فِى as complement of يَخْتَلِفُونَ.	resources/attachments.tsv:36721
sx-27_77-00761	ae:v3:s027:077:pass1:attach:a1	27:77	w-s027-a077-w001	w-s027-a077-w001		m-w-s027-a077-w001-02	m-w-s027-a077-w001-03		27:77:1:2	27:77:1:3		q:27:77:2	q:27:77:2		2	2		particle_complement	syntactically_forced	high	particle_segment	pronoun_suffix					position_morpheme_aligned	case_government;local_syntax	The suffix هُۥ is governed as the ism of إِنَّ in إِنَّهُۥ.	resources/attachments.tsv:36722
sx-27_77-00762	ae:v3:s027:077:pass1:attach:a2	27:77	w-s027-a077-w001	w-s027-a077-w002		m-w-s027-a077-w001-02	m-w-s027-a077-w002-02		27:77:1:2	27:77:2:2		q:27:77:2	q:27:77:4		2	4		predication	strongly_licensed	high	particle_segment			GERUND			position_morpheme_aligned	local_syntax	هُدًى is the predicate of إِنَّ.	resources/attachments.tsv:36723
sx-27_77-00763	ae:v3:s027:077:pass1:attach:a3	27:77	w-s027-a077-w002	w-s027-a077-w003		m-w-s027-a077-w002-02	m-w-s027-a077-w003-02		27:77:2:2	27:77:3:2		q:27:77:4	q:27:77:6		4	6		conjoined	strongly_licensed	high			GERUND	GERUND			position_morpheme_aligned	parallelism;local_syntax	رَحْمَةٌ is coordinated with هُدًى.	resources/attachments.tsv:36724
sx-27_77-00764	ae:v3:s027:077:pass1:attach:a4	27:77	w-s027-a077-w002	w-s027-a077-w004	w-s027-a077-w004	m-w-s027-a077-w002-02	m-w-s027-a077-w004-03	m-w-s027-a077-w004-01	27:77:2:2	27:77:4:3	27:77:4:1	q:27:77:4	q:27:77:8	q:27:77:7	4	8	7	prep_complement	syntactically_forced	high			GERUND	NOUN_ACTIVE_PART		لـ	position_morpheme_aligned	case_government;local_syntax	ٱلْمُؤْمِنِينَ is governed by لِـ as complement to the coordinated هُدًى وَرَحْمَةٌ.	resources/attachments.tsv:36725
sx-27_78-00765	ae:v3:s027:078:pass1:attach:a1	27:78	w-s027-a078-w001	w-s027-a078-w002		m-w-s027-a078-w001-01	m-w-s027-a078-w002-01		27:78:1:1	27:78:2:1		q:27:78:1	q:27:78:2		1	2		particle_complement	syntactically_forced	high			ANNUL_PART	NOUN_CONCRETE			position_morpheme_aligned	case_government;local_syntax	رَبَّكَ is governed as the ism of إِنَّ.	resources/attachments.tsv:36726
sx-27_78-00766	ae:v3:s027:078:pass1:attach:a2	27:78	w-s027-a078-w001	w-s027-a078-w003		m-w-s027-a078-w001-01	m-w-s027-a078-w003-01		27:78:1:1	27:78:3:1		q:27:78:1	q:27:78:3		1	3		predication	strongly_licensed	high			ANNUL_PART	IV			position_morpheme_aligned	local_syntax	يَقْضِى is the predicate of the إِنَّ clause.	resources/attachments.tsv:36727
sx-27_78-00767	ae:v3:s027:078:pass1:attach:a3	27:78	w-s027-a078-w003	w-s027-a078-w002		m-w-s027-a078-w003-01	m-w-s027-a078-w002-01		27:78:3:1	27:78:2:1		q:27:78:3	q:27:78:2		3	2		subject	strongly_licensed	high			IV	NOUN_CONCRETE			position_morpheme_aligned	local_syntax;agreement	رَبَّكَ is the visible subject referent for يَقْضِى.	resources/attachments.tsv:36728
sx-27_78-00768	ae:v3:s027:078:pass1:attach:a4	27:78	w-s027-a078-w003	w-s027-a078-w004		m-w-s027-a078-w003-01	m-w-s027-a078-w004-01		27:78:3:1	27:78:4:1		q:27:78:3	q:27:78:4		3	4		adverbial	syntactically_forced	high			IV	ADV			position_morpheme_aligned	case_government;local_syntax	بَيْنَهُمْ is the place adverbial governed by يَقْضِى.	resources/attachments.tsv:36729
sx-27_78-00769	ae:v3:s027:078:pass1:attach:a5	27:78	w-s027-a078-w003	w-s027-a078-w005	w-s027-a078-w004	m-w-s027-a078-w003-01	m-w-s027-a078-w005-02	m-w-s027-a078-w004-01	27:78:3:1	27:78:5:2	27:78:4:1	q:27:78:3	q:27:78:6	q:27:78:5	3	6	5	prep_complement	syntactically_forced	high			IV	GERUND		بـ	fallback_morpheme_aligned	case_government;local_syntax	حُكْمِهِۦ is governed by بِ as complement of يَقْضِى.	resources/attachments.tsv:36730
sx-27_78-00770	ae:v3:s027:078:pass1:attach:a6	27:78	w-s027-a078-w006	w-s027-a078-w007		m-w-s027-a078-w006-02	m-w-s027-a078-w007-02		27:78:6:2	27:78:7:2		q:27:78:8	q:27:78:9		8	9		predication	strongly_licensed	high			PRON	NOUN_PROP			position_morpheme_aligned	local_syntax;agreement	ٱلْعَزِيزُ is a predicate of هُوَ.	resources/attachments.tsv:36731
sx-27_78-00771	ae:v3:s027:078:pass1:attach:a7	27:78	w-s027-a078-w006	w-s027-a078-w008		m-w-s027-a078-w006-02	m-w-s027-a078-w008-02		27:78:6:2	27:78:8:2		q:27:78:8	q:27:78:10		8	10		predication	strongly_licensed	high			PRON	NOUN_PROP			position_morpheme_aligned	local_syntax;agreement	ٱلْعَلِيمُ is a second predicate of هُوَ.	resources/attachments.tsv:36732
sx-27_79-00772	ae:v3:s027:079:pass1:attach:a1	27:79	w-s027-a079-w001	w-s027-a079-w003	w-s027-a079-w002	m-w-s027-a079-w001-02	m-w-s027-a079-w003-01	m-w-s027-a079-w002-01	27:79:1:2	27:79:3:1	27:79:2:1	q:27:79:2	q:27:79:4	q:27:79:3	2	4	3	prep_complement	syntactically_forced	high			CV	NOUN_PROP		عَلَى	position_morpheme_aligned	case_government;local_syntax	ٱللَّهِ is governed by عَلَى as complement of تَوَكَّلْ.	resources/attachments.tsv:36733
sx-27_79-00773	ae:v3:s027:079:pass1:attach:a2	27:79	w-s027-a079-w004	w-s027-a079-w004		m-w-s027-a079-w004-01	m-w-s027-a079-w004-02		27:79:4:1	27:79:4:2		q:27:79:5	q:27:79:5		5	5		particle_complement	syntactically_forced	high	particle_segment	pronoun_suffix					position_morpheme_aligned	case_government;local_syntax	The suffix كَ is governed as the ism of إِنَّ in إِنَّكَ.	resources/attachments.tsv:36734
sx-27_79-00774	ae:v3:s027:079:pass1:attach:a3	27:79	w-s027-a079-w004	w-s027-a079-w006		m-w-s027-a079-w004-01	m-w-s027-a079-w006-02		27:79:4:1	27:79:6:2		q:27:79:5	q:27:79:7		5	7		predication	strongly_licensed	high	particle_segment			GERUND			position_morpheme_aligned	local_syntax	عَلَى ٱلْحَقِّ is the predicate phrase of إِنَّكَ.	resources/attachments.tsv:36735
sx-27_79-00775	ae:v3:s027:079:pass1:attach:a4	27:79	w-s027-a079-w004	w-s027-a079-w006	w-s027-a079-w005	m-w-s027-a079-w004-01	m-w-s027-a079-w006-02	m-w-s027-a079-w005-01	27:79:4:1	27:79:6:2	27:79:5:1	q:27:79:5	q:27:79:7	q:27:79:6	5	7	6	prep_complement	syntactically_forced	high	particle_segment			GERUND		عَلَى	position_morpheme_aligned	case_government;local_syntax	ٱلْحَقِّ is governed by عَلَى in the predicate of إِنَّكَ.	resources/attachments.tsv:36736
sx-27_79-00776	ae:v3:s027:079:pass1:attach:a5	27:79	w-s027-a079-w006	w-s027-a079-w007		m-w-s027-a079-w006-02	m-w-s027-a079-w007-02		27:79:6:2	27:79:7:2		q:27:79:7	q:27:79:8		7	8		adjective	strongly_licensed	high			GERUND	NOUN_ACTIVE_PART			position_morpheme_aligned	agreement;local_syntax	ٱلْمُبِينِ describes ٱلْحَقِّ.	resources/attachments.tsv:36737
sx-27_80-00777	ae:v3:s027:080:pass1:attach:a1	27:80	w-s027-a080-w001	w-s027-a080-w001		m-w-s027-a080-w001-01	m-w-s027-a080-w001-02		27:80:1:1	27:80:1:2		q:27:80:1	q:27:80:1		1	1		particle_complement	syntactically_forced	high	particle_segment	pronoun_suffix					position_morpheme_aligned	case_government;local_syntax	The suffix كَ is governed as the ism of إِنَّ in إِنَّكَ.	resources/attachments.tsv:36738
sx-27_80-00778	ae:v3:s027:080:pass1:attach:a2	27:80	w-s027-a080-w001	w-s027-a080-w003		m-w-s027-a080-w001-01	m-w-s027-a080-w003-01		27:80:1:1	27:80:3:1		q:27:80:1	q:27:80:3		1	3		predication	strongly_licensed	high	particle_segment			IV			position_morpheme_aligned	local_syntax	تُسْمِعُ is the first predicate of إِنَّكَ.	resources/attachments.tsv:36739
sx-27_80-00779	ae:v3:s027:080:pass1:attach:a3	27:80	w-s027-a080-w003	w-s027-a080-w004		m-w-s027-a080-w003-01	m-w-s027-a080-w004-02		27:80:3:1	27:80:4:2		q:27:80:3	q:27:80:4		3	4		direct_object	syntactically_forced	high			IV	ADJ_QUALIT	explicit		position_morpheme_aligned	case_government;local_syntax	ٱلْمَوْتَىٰ is the explicit object of تُسْمِعُ.	resources/attachments.tsv:36740
sx-27_80-00780	ae:v3:s027:080:pass1:attach:a4	27:80	w-s027-a080-w003	w-s027-a080-w006		m-w-s027-a080-w003-01	m-w-s027-a080-w006-01		27:80:3:1	27:80:6:1		q:27:80:3	q:27:80:7		3	7		conjoined	strongly_licensed	high			IV	IV			position_morpheme_aligned	parallelism;local_syntax	The second تُسْمِعُ is coordinated with the first تُسْمِعُ.	resources/attachments.tsv:36741
sx-27_80-00781	ae:v3:s027:080:pass1:attach:a5	27:80	w-s027-a080-w001	w-s027-a080-w006		m-w-s027-a080-w001-01	m-w-s027-a080-w006-01		27:80:1:1	27:80:6:1		q:27:80:1	q:27:80:7		1	7		predication	strongly_licensed	high	particle_segment			IV			position_morpheme_aligned	local_syntax;parallelism	The coordinated تُسْمِعُ clause continues the predicate of إِنَّكَ.	resources/attachments.tsv:36742
sx-27_80-00782	ae:v3:s027:080:pass1:attach:a6	27:80	w-s027-a080-w006	w-s027-a080-w007		m-w-s027-a080-w006-01	m-w-s027-a080-w007-02		27:80:6:1	27:80:7:2		q:27:80:7	q:27:80:8		7	8		direct_object	syntactically_forced	high			IV	ADJ_QUALIT	explicit		position_morpheme_aligned	case_government;local_syntax	ٱلصُّمَّ is the first explicit object of the second تُسْمِعُ.	resources/attachments.tsv:36743
sx-27_80-00783	ae:v3:s027:080:pass1:attach:a7	27:80	w-s027-a080-w006	w-s027-a080-w008		m-w-s027-a080-w006-01	m-w-s027-a080-w008-02		27:80:6:1	27:80:8:2		q:27:80:7	q:27:80:9		7	9		direct_object	syntactically_forced	high			IV	GERUND	explicit		position_morpheme_aligned	case_government;local_syntax	ٱلدُّعَآءَ is the second explicit object of the second تُسْمِعُ.	resources/attachments.tsv:36744
sx-27_80-00784	ae:v3:s027:080:pass1:attach:a8	27:80	w-s027-a080-w006	w-s027-a080-w009		m-w-s027-a080-w006-01	m-w-s027-a080-w009-01		27:80:6:1	27:80:9:1		q:27:80:7	q:27:80:10		7	10		adverbial	strongly_licensed	high			IV	ADV			position_morpheme_aligned	local_syntax	إِذَا introduces the temporal condition modifying the second تُسْمِعُ.	resources/attachments.tsv:36745
sx-27_80-00785	ae:v3:s027:080:pass1:attach:a9	27:80	w-s027-a080-w010	w-s027-a080-w011		m-w-s027-a080-w010-01	m-w-s027-a080-w011-01		27:80:10:1	27:80:11:1		q:27:80:11	q:27:80:12		11	12		circumstantial	strongly_licensed	high			PV	NOUN_ACTIVE_PART			position_morpheme_aligned	case_government;local_syntax	مُدْبِرِينَ is the circumstantial state of the subject of وَلَّوْا.	resources/attachments.tsv:36746
sx-27_81-00786	ae:v3:s027:081:pass1:attach:a1	27:81	w-s027-a081-w002	w-s027-a081-w003	w-s027-a081-w003	m-w-s027-a081-w002-01	m-w-s027-a081-w003-02	m-w-s027-a081-w003-01	27:81:2:1	27:81:3:2	27:81:3:1	q:27:81:3	q:27:81:5	q:27:81:4	3	5	4	prep_complement	syntactically_forced	high			PRON_2MS	NOUN_ACTIVE_PART		بـ	position_morpheme_aligned	case_government;local_syntax	هَادِي is governed by the باء in the negated predicate بِهَادِي.	resources/attachments.tsv:36747
sx-27_81-00787	ae:v3:s027:081:pass1:attach:a2	27:81	w-s027-a081-w002	w-s027-a081-w003		m-w-s027-a081-w002-01	m-w-s027-a081-w003-02		27:81:2:1	27:81:3:2		q:27:81:3	q:27:81:5		3	5		predication	strongly_licensed	high			PRON_2MS	NOUN_ACTIVE_PART			position_morpheme_aligned	local_syntax	هَادِي is the predicate of أَنْتَ in the negated nominal clause.	resources/attachments.tsv:36748
sx-27_81-00788	ae:v3:s027:081:pass1:attach:a3	27:81	w-s027-a081-w003	w-s027-a081-w004		m-w-s027-a081-w003-02	m-w-s027-a081-w004-02		27:81:3:2	27:81:4:2		q:27:81:5	q:27:81:6		5	6		idafa	syntactically_forced	high			NOUN_ACTIVE_PART	ADJ_QUALIT			position_morpheme_aligned	morphology;case_government	الْعُمْيِ is the genitive complement of the construct هَادِي.	resources/attachments.tsv:36749
sx-27_81-00789	ae:v3:s027:081:pass1:attach:a4	27:81	w-s027-a081-w003	w-s027-a081-w006	w-s027-a081-w005	m-w-s027-a081-w003-02	m-w-s027-a081-w006-01	m-w-s027-a081-w005-01	27:81:3:2	27:81:6:1	27:81:5:1	q:27:81:5	q:27:81:8	q:27:81:7	5	8	7	prep_complement	syntactically_forced	high			NOUN_ACTIVE_PART	GERUND		عَن	position_morpheme_aligned	case_government;local_syntax	ضَلَالَتِهِمْ is governed by عَنْ as the separative complement of هَادِي.	resources/attachments.tsv:36750
sx-27_81-00790	ae:v3:s027:081:pass1:attach:a5	27:81	w-s027-a081-w008	w-s027-a081-w010		m-w-s027-a081-w008-01	m-w-s027-a081-w010-01		27:81:8:1	27:81:10:1		q:27:81:10	q:27:81:12		10	12		direct_object	syntactically_forced	high			IV_PASS	REL_PRON	explicit		position_morpheme_aligned	case_government;local_syntax	مَنْ is the restricted object of تُسْمِعُ after إِلَّا.	resources/attachments.tsv:36751
sx-27_81-00791	ae:v3:s027:081:pass1:attach:a6	27:81	w-s027-a081-w011	w-s027-a081-w010		m-w-s027-a081-w011-01	m-w-s027-a081-w010-01		27:81:11:1	27:81:10:1		q:27:81:13	q:27:81:12		13	12		subject	syntactically_forced	high			IV	REL_PRON			position_morpheme_aligned	agreement;local_syntax	مَنْ is the subject of يُؤْمِنُ in the relative clause.	resources/attachments.tsv:36752
sx-27_81-00792	ae:v3:s027:081:pass1:attach:a7	27:81	w-s027-a081-w011	w-s027-a081-w012	w-s027-a081-w012	m-w-s027-a081-w011-01	m-w-s027-a081-w012-02	m-w-s027-a081-w012-01	27:81:11:1	27:81:12:2	27:81:12:1	q:27:81:13	q:27:81:15	q:27:81:14	13	15	14	prep_complement	syntactically_forced	high			IV	NOUN_ABSTRACT		بـ	position_morpheme_aligned	case_government;local_syntax	آيَاتِنَا is governed by بِ as the complement of يُؤْمِنُ.	resources/attachments.tsv:36753
sx-27_81-00793	ae:v3:s027:081:pass1:attach:a8	27:81	w-s027-a081-w013	w-s027-a081-w014		m-w-s027-a081-w013-02	m-w-s027-a081-w014-01		27:81:13:2	27:81:14:1		q:27:81:17	q:27:81:18		17	18		predication	strongly_licensed	high			PRON	NOUN_ACTIVE_PART			position_morpheme_aligned	local_syntax	مُسْلِمُونَ is the predicate of هُمْ in فَهُمْ مُسْلِمُونَ.	resources/attachments.tsv:36754
sx-27_82-00794	ae:v3:s027:082:pass1:attach:a1	27:82	w-s027-a082-w002	w-s027-a082-w003		m-w-s027-a082-w002-01	m-w-s027-a082-w003-02		27:82:2:1	27:82:3:2		q:27:82:3	q:27:82:4		3	4		subject	syntactically_forced	high			PV	GERUND			position_morpheme_aligned	agreement;word_order	الْقَوْلُ is the explicit subject of وَقَعَ.	resources/attachments.tsv:36755
sx-27_82-00795	ae:v3:s027:082:pass1:attach:a2	27:82	w-s027-a082-w002	w-s027-a082-w004	w-s027-a082-w004	m-w-s027-a082-w002-01	m-w-s027-a082-w004-02	m-w-s027-a082-w004-01	27:82:2:1	27:82:4:2	27:82:4:1	q:27:82:3	q:27:82:5	q:27:82:5	3	5	5	prep_complement	syntactically_forced	high		pronoun_suffix	PV			عَلَى	position_morpheme_aligned	case_government;local_syntax	The pronoun in عَلَيْهِمْ is governed by عَلَى as complement of وَقَعَ.	resources/attachments.tsv:36756
sx-27_82-00796	ae:v3:s027:082:pass1:attach:a3	27:82	w-s027-a082-w005	w-s027-a082-w007		m-w-s027-a082-w005-01	m-w-s027-a082-w007-01		27:82:5:1	27:82:7:1		q:27:82:6	q:27:82:9		6	9		direct_object	syntactically_forced	high			PV	NOUN_CONCRETE	explicit		position_morpheme_aligned	case_government;word_order	دَابَّةً is the direct object of أَخْرَجْنَا.	resources/attachments.tsv:36757
sx-27_82-00797	ae:v3:s027:082:pass1:attach:a4	27:82	w-s027-a082-w005	w-s027-a082-w006	w-s027-a082-w006	m-w-s027-a082-w005-01	m-w-s027-a082-w006-02	m-w-s027-a082-w006-01	27:82:5:1	27:82:6:2	27:82:6:1	q:27:82:6	q:27:82:8	q:27:82:7	6	8	7	prep_complement	syntactically_forced	high			PV	PRON		لـ	position_morpheme_aligned	case_government;local_syntax	هُمْ is governed by لَ as the beneficiary complement of أَخْرَجْنَا.	resources/attachments.tsv:36758
sx-27_82-00798	ae:v3:s027:082:pass1:attach:a5	27:82	w-s027-a082-w007	w-s027-a082-w009	w-s027-a082-w008	m-w-s027-a082-w007-01	m-w-s027-a082-w009-02	m-w-s027-a082-w008-01	27:82:7:1	27:82:9:2	27:82:8:1	q:27:82:9	q:27:82:11	q:27:82:10	9	11	10	prep_complement	strongly_licensed	high			NOUN_CONCRETE	NOUN_CONCRETE		مِن	position_morpheme_aligned	case_government;local_syntax	الْأَرْضِ is governed by مِنَ as a source complement modifying دَابَّةً.	resources/attachments.tsv:36759
sx-27_82-00799	ae:v3:s027:082:pass1:attach:a6	27:82	w-s027-a082-w010	w-s027-a082-w007		m-w-s027-a082-w010-01	m-w-s027-a082-w007-01		27:82:10:1	27:82:7:1		q:27:82:12	q:27:82:9		12	9		subject	strongly_licensed	high			IV	NOUN_CONCRETE			position_morpheme_aligned	agreement;local_syntax	دَابَّةً supplies the feminine singular subject of تُكَلِّمُهُمْ.	resources/attachments.tsv:36760
sx-27_82-00800	ae:v3:s027:082:pass1:attach:a7	27:82	w-s027-a082-w010	w-s027-a082-w010		m-w-s027-a082-w010-01	m-w-s027-a082-w010-02		27:82:10:1	27:82:10:2		q:27:82:12	q:27:82:12		12	12		direct_object	syntactically_forced	high		object_suffix	IV		clitic		position_morpheme_aligned	morphology;local_syntax	The هُمْ suffix in تُكَلِّمُهُمْ is the object pronoun of تُكَلِّمُ.	resources/attachments.tsv:36761
sx-27_82-00801	ae:v3:s027:082:pass1:attach:a8	27:82	w-s027-a082-w010	w-s027-a082-w011		m-w-s027-a082-w010-01	m-w-s027-a082-w011-01		27:82:10:1	27:82:11:1		q:27:82:12	q:27:82:13		12	13		clausal_complement	syntactically_forced	high			IV	INF_ANNUL_PART			position_morpheme_aligned	local_syntax	أَنَّ النَّاسَ كَانُوا بِآيَاتِنَا لَا يُوقِنُونَ is the content spoken by تُكَلِّمُهُمْ.	resources/attachments.tsv:36762
sx-27_82-00802	ae:v3:s027:082:pass1:attach:a9	27:82	w-s027-a082-w011	w-s027-a082-w012		m-w-s027-a082-w011-01	m-w-s027-a082-w012-02		27:82:11:1	27:82:12:2		q:27:82:13	q:27:82:14		13	14		particle_complement	syntactically_forced	high			INF_ANNUL_PART	NOUN_CONCRETE			position_morpheme_aligned	case_government;local_syntax	النَّاسَ is the governed اسم of أَنَّ.	resources/attachments.tsv:36763
sx-27_82-00803	ae:v3:s027:082:pass1:attach:a10	27:82	w-s027-a082-w011	w-s027-a082-w013		m-w-s027-a082-w011-01	m-w-s027-a082-w013-01		27:82:11:1	27:82:13:1		q:27:82:13	q:27:82:15		13	15		predication	syntactically_forced	high			INF_ANNUL_PART	PV			position_morpheme_aligned	local_syntax	كَانُوا بِآيَاتِنَا لَا يُوقِنُونَ is the خبر of أَنَّ.	resources/attachments.tsv:36764
sx-27_82-00804	ae:v3:s027:082:pass1:attach:a11	27:82	w-s027-a082-w013	w-s027-a082-w016		m-w-s027-a082-w013-01	m-w-s027-a082-w016-01		27:82:13:1	27:82:16:1		q:27:82:15	q:27:82:19		15	19		kana_predicate	strongly_licensed	high			PV	IV			position_morpheme_aligned	local_syntax	لَا يُوقِنُونَ is the verbal predicate of كَانُوا.	resources/attachments.tsv:36765
sx-27_82-00805	ae:v3:s027:082:pass1:attach:a12	27:82	w-s027-a082-w016	w-s027-a082-w014	w-s027-a082-w014	m-w-s027-a082-w016-01	m-w-s027-a082-w014-02	m-w-s027-a082-w014-01	27:82:16:1	27:82:14:2	27:82:14:1	q:27:82:19	q:27:82:17	q:27:82:16	19	17	16	prep_complement	syntactically_forced	high			IV	NOUN_ABSTRACT		بـ	position_morpheme_aligned	case_government;local_syntax	آيَاتِنَا is governed by بِ as complement of يُوقِنُونَ.	resources/attachments.tsv:36766
sx-27_82-00806	ae:v3:s027:082:pass1:attach:a13	27:82	w-s027-a082-w007	w-s027-a082-w010		m-w-s027-a082-w007-01	m-w-s027-a082-w010-01		27:82:7:1	27:82:10:1		q:27:82:9	q:27:82:12		9	12		adjective	strongly_licensed	high			NOUN_CONCRETE	IV			position_morpheme_aligned	agreement;local_syntax	تُكَلِّمُهُمْ is an adjectival verbal clause describing دَابَّةً.	resources/attachments.tsv:36767
sx-27_83-00807	ae:v3:s027:083:pass1:attach:a1	27:83	w-s027-a083-w002	w-s027-a083-w001		m-w-s027-a083-w002-01	m-w-s027-a083-w001-02		27:83:2:1	27:83:1:2		q:27:83:3	q:27:83:2		3	2		adverbial	strongly_licensed	high			IV	NOUN_ABSTRACT			position_morpheme_aligned	case_government;local_syntax	يَوْمَ is the temporal adverbial for نَحْشُرُ.	resources/attachments.tsv:36768
sx-27_83-00808	ae:v3:s027:083:pass1:attach:a2	27:83	w-s027-a083-w002	w-s027-a083-w004	w-s027-a083-w003	m-w-s027-a083-w002-01	m-w-s027-a083-w004-01	m-w-s027-a083-w003-01	27:83:2:1	27:83:4:1	27:83:3:1	q:27:83:3	q:27:83:5	q:27:83:4	3	5	4	prep_complement	syntactically_forced	high			IV	NOUN_ABSTRACT		مِن	position_morpheme_aligned	case_government;local_syntax	كُلِّ is governed by مِنْ as a partitive complement of نَحْشُرُ.	resources/attachments.tsv:36769
sx-27_83-00809	ae:v3:s027:083:pass1:attach:a3	27:83	w-s027-a083-w004	w-s027-a083-w005		m-w-s027-a083-w004-01	m-w-s027-a083-w005-01		27:83:4:1	27:83:5:1		q:27:83:5	q:27:83:6		5	6		idafa	syntactically_forced	high			NOUN_ABSTRACT	NOUN_CONCRETE			position_morpheme_aligned	morphology;case_government	أُمَّةٍ is the genitive complement of the construct كُلِّ.	resources/attachments.tsv:36770
sx-27_83-00810	ae:v3:s027:083:pass1:attach:a4	27:83	w-s027-a083-w002	w-s027-a083-w006		m-w-s027-a083-w002-01	m-w-s027-a083-w006-01		27:83:2:1	27:83:6:1		q:27:83:3	q:27:83:7		3	7		direct_object	syntactically_forced	high			IV	NOUN_CONCRETE	explicit		position_morpheme_aligned	case_government;word_order	فَوْجًا is the direct object of نَحْشُرُ.	resources/attachments.tsv:36771
sx-27_83-00811	ae:v3:s027:083:pass1:attach:a5	27:83	w-s027-a083-w006	w-s027-a083-w007	w-s027-a083-w007	m-w-s027-a083-w006-01		m-w-s027-a083-w007-01	27:83:6:1	27:83:7	27:83:7:1	q:27:83:7	q:27:83:8	q:27:83:8	7	8	8	prep_complement	syntactically_forced	high		particle_segment	NOUN_CONCRETE			مِن	position_word_aligned	case_government;local_syntax	The مَنْ segment in مِمَّن is governed by مِنْ as a complement specifying فَوْجًا.	resources/attachments.tsv:36772
sx-27_83-00812	ae:v3:s027:083:pass1:attach:a6	27:83	w-s027-a083-w008	w-s027-a083-w007		m-w-s027-a083-w008-01			27:83:8:1	27:83:7		q:27:83:9	q:27:83:8		9	8		subject	syntactically_forced	high		particle_segment	IV				position_word_aligned	agreement;local_syntax	The مَنْ segment in مِمَّن is the subject of يُكَذِّبُ.	resources/attachments.tsv:36773
sx-27_83-00813	ae:v3:s027:083:pass1:attach:a7	27:83	w-s027-a083-w008	w-s027-a083-w009	w-s027-a083-w009	m-w-s027-a083-w008-01	m-w-s027-a083-w009-02	m-w-s027-a083-w009-01	27:83:8:1	27:83:9:2	27:83:9:1	q:27:83:9	q:27:83:11	q:27:83:10	9	11	10	prep_complement	syntactically_forced	high			IV	NOUN_ABSTRACT		بـ	position_morpheme_aligned	case_government;local_syntax	آيَاتِنَا is governed by بِ as complement of يُكَذِّبُ.	resources/attachments.tsv:36774
sx-27_83-00814	ae:v3:s027:083:pass1:attach:a8	27:83	w-s027-a083-w011	w-s027-a083-w010		m-w-s027-a083-w011-01	m-w-s027-a083-w010-02		27:83:11:1	27:83:10:2		q:27:83:14	q:27:83:13		14	13		subject	strongly_licensed	high			IV	PRON			position_morpheme_aligned	agreement;local_syntax	هُمْ supplies the explicit subject for يُوزَعُونَ in the result clause.	resources/attachments.tsv:36775
sx-27_83-00815	ae:v3:s027:083:pass1:attach:a9	27:83	w-s027-a083-w010	w-s027-a083-w011		m-w-s027-a083-w010-02	m-w-s027-a083-w011-01		27:83:10:2	27:83:11:1		q:27:83:13	q:27:83:14		13	14		predication	strongly_licensed	high			PRON	IV			position_morpheme_aligned	local_syntax	يُوزَعُونَ is the verbal predicate of هُمْ in فَهُمْ يُوزَعُونَ.	resources/attachments.tsv:36776
sx-27_84-00816	ae:v3:s027:084:pass1:attach:a1	27:84	w-s027-a084-w003	w-s027-a084-w002		m-w-s027-a084-w003-01	m-w-s027-a084-w002-01		27:84:3:1	27:84:2:1		q:27:84:3	q:27:84:2		3	2		adverbial	strongly_licensed	high			PV	ADV			position_morpheme_aligned	local_syntax	إِذَا provides the temporal setting for جَاءُوا after حَتَّى.	resources/attachments.tsv:36777
sx-27_84-00817	ae:v3:s027:084:pass1:attach:a2	27:84	w-s027-a084-w004	w-s027-a084-w005		m-w-s027-a084-w004-01	m-w-s027-a084-w005-02		27:84:4:1	27:84:5:2		q:27:84:4	q:27:84:5		4	5		quoted_complement	syntactically_forced	high			PV	IV			position_morpheme_aligned	local_syntax	The full question أَكَذَّبْتُمْ ... تَعْمَلُونَ is the quoted content of قَالَ.	resources/attachments.tsv:36778
sx-27_84-00818	ae:v3:s027:084:pass1:attach:a3	27:84	w-s027-a084-w005	w-s027-a084-w006	w-s027-a084-w006	m-w-s027-a084-w005-02	m-w-s027-a084-w006-02	m-w-s027-a084-w006-01	27:84:5:2	27:84:6:2	27:84:6:1	q:27:84:5	q:27:84:7	q:27:84:6	5	7	6	prep_complement	syntactically_forced	high			IV	NOUN_ABSTRACT		بـ	fallback_morpheme_aligned	case_government;local_syntax	آيَاتِي is governed by بِ as complement of أَكَذَّبْتُمْ.	resources/attachments.tsv:36779
sx-27_84-00819	ae:v3:s027:084:pass1:attach:a4	27:84	w-s027-a084-w008	w-s027-a084-w009	w-s027-a084-w009	m-w-s027-a084-w008-01	m-w-s027-a084-w009-02	m-w-s027-a084-w009-01	27:84:8:1	27:84:9:2	27:84:9:1	q:27:84:10	q:27:84:11	q:27:84:11	10	11	11	prep_complement	syntactically_forced	high		pronoun_suffix	IV			بـ	fallback_morpheme_aligned	case_government;local_syntax	The pronoun in بِهَا is governed by بِ as complement of تُحِيطُوا.	resources/attachments.tsv:36780
sx-27_84-00820	ae:v3:s027:084:pass1:attach:a5	27:84	w-s027-a084-w008	w-s027-a084-w010		m-w-s027-a084-w008-01	m-w-s027-a084-w010-01		27:84:8:1	27:84:10:1		q:27:84:10	q:27:84:12		10	12		accusative_specification	strongly_licensed	high			IV	GERUND			fallback_morpheme_aligned	case_government;local_syntax	عِلْمًا specifies the respect in which تُحِيطُوا applies.	resources/attachments.tsv:36781
sx-27_84-00821	ae:v3:s027:084:pass1:attach:a6	27:84	w-s027-a084-w012	w-s027-a084-w013		m-w-s027-a084-w012-01	m-w-s027-a084-w013-01		27:84:12:1	27:84:13:1		q:27:84:14	q:27:84:15		14	15		kana_predicate	strongly_licensed	high			PV	IV			fallback_morpheme_aligned	local_syntax	تَعْمَلُونَ is the verbal predicate of كُنْتُمْ.	resources/attachments.tsv:36782
sx-27_84-00822	ae:v3:s027:084:pass1:attach:a7	27:84	w-s027-a084-w013	w-s027-a084-w011		m-w-s027-a084-w013-01	m-w-s027-a084-w011-01		27:84:13:1	27:84:11:1		q:27:84:15	q:27:84:13		15	13		direct_object	strongly_licensed	high			IV	INTERROG_PART	explicit		fallback_morpheme_aligned	local_syntax	أَمَّاذَا supplies the interrogative object of تَعْمَلُونَ.	resources/attachments.tsv:36783
sx-27_84-00823	ae:v3:s027:084:pass1:attach:a8	27:84	w-s027-a084-w005	w-s027-a084-w008		m-w-s027-a084-w005-02	m-w-s027-a084-w008-01		27:84:5:2	27:84:8:1		q:27:84:5	q:27:84:10		5	10		circumstantial	strongly_licensed	high			IV	IV			fallback_morpheme_aligned	local_syntax	وَلَمْ تُحِيطُوا بِهَا عِلْمًا is a circumstantial clause alongside أَكَذَّبْتُمْ.	resources/attachments.tsv:36784
sx-27_85-00824	ae:v3:s027:085:pass1:attach:a1	27:85	w-s027-a085-w001	w-s027-a085-w002		m-w-s027-a085-w001-02	m-w-s027-a085-w002-02		27:85:1:2	27:85:2:2		q:27:85:2	q:27:85:3		2	3		subject	syntactically_forced	high			PV	GERUND			position_morpheme_aligned	agreement;word_order	الْقَوْلُ is the explicit subject of وَقَعَ.	resources/attachments.tsv:36785
sx-27_85-00825	ae:v3:s027:085:pass1:attach:a2	27:85	w-s027-a085-w001	w-s027-a085-w003	w-s027-a085-w003	m-w-s027-a085-w001-02	m-w-s027-a085-w003-02	m-w-s027-a085-w003-01	27:85:1:2	27:85:3:2	27:85:3:1	q:27:85:2	q:27:85:4	q:27:85:4	2	4	4	prep_complement	syntactically_forced	high		pronoun_suffix	PV			عَلَى	position_morpheme_aligned	case_government;local_syntax	The pronoun in عَلَيْهِمْ is governed by عَلَى as complement of وَقَعَ.	resources/attachments.tsv:36786
sx-27_85-00826	ae:v3:s027:085:pass1:attach:a3	27:85	w-s027-a085-w001	w-s027-a085-w004	w-s027-a085-w004	m-w-s027-a085-w001-02	m-w-s027-a085-w004-02	m-w-s027-a085-w004-01	27:85:1:2	27:85:4:2	27:85:4:1	q:27:85:2	q:27:85:6	q:27:85:5	2	6	5	prep_complement	syntactically_forced	high			PV	REL_PRON		بـ	position_morpheme_aligned	case_government;local_syntax	مَا is governed by بِ as the causal complement of وَقَعَ.	resources/attachments.tsv:36787
sx-27_85-00827	ae:v3:s027:085:pass1:attach:a4	27:85	w-s027-a085-w005	w-s027-a085-w004		m-w-s027-a085-w005-01	m-w-s027-a085-w004-02		27:85:5:1	27:85:4:2		q:27:85:7	q:27:85:6		7	6		direct_object	strongly_licensed	high			PV	REL_PRON	explicit		position_morpheme_aligned	local_syntax	مَا is the relative object of ظَلَمُوا.	resources/attachments.tsv:36788
sx-27_85-00828	ae:v3:s027:085:pass1:attach:a5	27:85	w-s027-a085-w008	w-s027-a085-w006		m-w-s027-a085-w008-01	m-w-s027-a085-w006-02		27:85:8:1	27:85:6:2		q:27:85:11	q:27:85:9		11	9		subject	strongly_licensed	high			IV	PRON			position_morpheme_aligned	agreement;local_syntax	هُمْ supplies the explicit subject for يَنطِقُونَ in the result clause.	resources/attachments.tsv:36789
sx-27_85-00829	ae:v3:s027:085:pass1:attach:a6	27:85	w-s027-a085-w006	w-s027-a085-w008		m-w-s027-a085-w006-02	m-w-s027-a085-w008-01		27:85:6:2	27:85:8:1		q:27:85:9	q:27:85:11		9	11		predication	strongly_licensed	high			PRON	IV			position_morpheme_aligned	local_syntax	لَا يَنطِقُونَ is the verbal predicate of هُمْ in the result clause.	resources/attachments.tsv:36790
sx-27_86-00830	ae:v3:s027:086:pass1:attach:a1	27:86	w-s027-a086-w002	w-s027-a086-w003		m-w-s027-a086-w002-01	m-w-s027-a086-w003-01		27:86:2:1	27:86:3:1		q:27:86:2	q:27:86:3		2	3		clausal_complement	syntactically_forced	high			IV	PRON_1S			fallback_morpheme_aligned	local_syntax	أَنَّا جَعَلْنَا اللَّيْلَ ... is the content object of يَرَوْا.	resources/attachments.tsv:36791
sx-27_86-00831	ae:v3:s027:086:pass1:attach:a2	27:86	w-s027-a086-w004	w-s027-a086-w005		m-w-s027-a086-w004-01	m-w-s027-a086-w005-02		27:86:4:1	27:86:5:2		q:27:86:4	q:27:86:5		4	5		direct_object	syntactically_forced	high			PV	NOUN_ABSTRACT	explicit		fallback_morpheme_aligned	case_government;word_order	اللَّيْلَ is a direct object of جَعَلْنَا.	resources/attachments.tsv:36792
sx-27_86-00832	ae:v3:s027:086:pass1:attach:a3	27:86	w-s027-a086-w006	w-s027-a086-w007	w-s027-a086-w007	m-w-s027-a086-w006-02	m-w-s027-a086-w007-02	m-w-s027-a086-w007-01	27:86:6:2	27:86:7:2	27:86:7:1	q:27:86:7	q:27:86:8	q:27:86:8	7	8	8	prep_complement	syntactically_forced	high		pronoun_suffix	IV			فِي	fallback_morpheme_aligned	case_government;local_syntax	The pronoun in فِيهِ is governed by فِي as complement of يَسْكُنُوا.	resources/attachments.tsv:36793
sx-27_86-00833	ae:v3:s027:086:pass1:attach:a4	27:86	w-s027-a086-w004	w-s027-a086-w008		m-w-s027-a086-w004-01	m-w-s027-a086-w008-03		27:86:4:1	27:86:8:3		q:27:86:4	q:27:86:10		4	10		direct_object	syntactically_forced	high			PV	NOUN_ABSTRACT	explicit		fallback_morpheme_aligned	case_government;parallelism	النَّهَارَ is the coordinated direct object of جَعَلْنَا.	resources/attachments.tsv:36794
sx-27_86-00834	ae:v3:s027:086:pass1:attach:a5	27:86	w-s027-a086-w005	w-s027-a086-w008		m-w-s027-a086-w005-02	m-w-s027-a086-w008-03		27:86:5:2	27:86:8:3		q:27:86:5	q:27:86:10		5	10		conjoined	strongly_licensed	high			NOUN_ABSTRACT	NOUN_ABSTRACT			fallback_morpheme_aligned	parallelism;local_syntax	النَّهَارَ is joined by وَ to اللَّيْلَ under جَعَلْنَا.	resources/attachments.tsv:36795
sx-27_86-00835	ae:v3:s027:086:pass1:attach:a6	27:86	w-s027-a086-w008	w-s027-a086-w009		m-w-s027-a086-w008-03	m-w-s027-a086-w009-01		27:86:8:3	27:86:9:1		q:27:86:10	q:27:86:11		10	11		circumstantial	strongly_licensed	high			NOUN_ABSTRACT	NOUN_ACTIVE_PART			fallback_morpheme_aligned	case_government;local_syntax	مُبْصِرًا describes النَّهَارَ circumstantially in the جعل construction.	resources/attachments.tsv:36796
sx-27_86-00836	ae:v3:s027:086:pass1:attach:a7	27:86	w-s027-a086-w013	w-s027-a086-w012	w-s027-a086-w011	m-w-s027-a086-w013-02	m-w-s027-a086-w012-01	m-w-s027-a086-w011-01	27:86:13:2	27:86:12:1	27:86:11:1	q:27:86:16	q:27:86:14	q:27:86:13	16	14	13	prep_complement	syntactically_forced	high			NOUN_ABSTRACT	DEM_PRON		فِي	fallback_morpheme_aligned	case_government;local_syntax	ذَلِكَ is governed by فِي in the fronted predicate of آيَاتٍ.	resources/attachments.tsv:36797
sx-27_86-00837	ae:v3:s027:086:pass1:attach:a8	27:86	w-s027-a086-w010	w-s027-a086-w013		m-w-s027-a086-w010-01	m-w-s027-a086-w013-02		27:86:10:1	27:86:13:2		q:27:86:12	q:27:86:16		12	16		particle_complement	syntactically_forced	high			ANNUL_PART	NOUN_ABSTRACT			fallback_morpheme_aligned	case_government;local_syntax	آيَاتٍ is the delayed governed noun of إِنَّ.	resources/attachments.tsv:36798
sx-27_86-00838	ae:v3:s027:086:pass1:attach:a9	27:86	w-s027-a086-w010	w-s027-a086-w012		m-w-s027-a086-w010-01	m-w-s027-a086-w012-01		27:86:10:1	27:86:12:1		q:27:86:12	q:27:86:14		12	14		predication	strongly_licensed	high			ANNUL_PART	DEM_PRON			fallback_morpheme_aligned	local_syntax	فِي ذَلِكَ is the fronted predicate within the إِنَّ clause.	resources/attachments.tsv:36799
sx-27_86-00839	ae:v3:s027:086:pass1:attach:a10	27:86	w-s027-a086-w013	w-s027-a086-w014	w-s027-a086-w013	m-w-s027-a086-w013-02	m-w-s027-a086-w014-02	m-w-s027-a086-w013-02	27:86:13:2	27:86:14:2	27:86:13:2	q:27:86:16	q:27:86:18	q:27:86:17	16	18	17	prep_complement	syntactically_forced	high			NOUN_ABSTRACT	NOUN_CONCRETE		لـ	position_morpheme_aligned	case_government;local_syntax	قَوْمٍ is governed by لِ as complement of آيَاتٍ.	resources/attachments.tsv:36800
sx-27_86-00840	ae:v3:s027:086:pass1:attach:a11	27:86	w-s027-a086-w014	w-s027-a086-w015		m-w-s027-a086-w014-02	m-w-s027-a086-w015-01		27:86:14:2	27:86:15:1		q:27:86:18	q:27:86:19		18	19		adjective	strongly_licensed	high			NOUN_CONCRETE	IV			fallback_morpheme_aligned	agreement;local_syntax	يُؤْمِنُونَ is an adjectival verbal clause modifying قَوْمٍ.	resources/attachments.tsv:36801
sx-27_87-00841	ae:v3:s027:087:pass1:attach:a1	27:87	w-s027-a087-w002	w-s027-a087-w001		m-w-s027-a087-w002-01	m-w-s027-a087-w001-02		27:87:2:1	27:87:1:2		q:27:87:3	q:27:87:2		3	2		adverbial	strongly_licensed	high			IV_PASS	NOUN_ABSTRACT			position_morpheme_aligned	case_government;local_syntax	يَوْمَ is the temporal adverbial for يُنفَخُ.	resources/attachments.tsv:36802
sx-27_87-00842	ae:v3:s027:087:pass1:attach:a2	27:87	w-s027-a087-w002	w-s027-a087-w004	w-s027-a087-w003	m-w-s027-a087-w002-01	m-w-s027-a087-w004-02	m-w-s027-a087-w003-01	27:87:2:1	27:87:4:2	27:87:3:1	q:27:87:3	q:27:87:5	q:27:87:4	3	5	4	prep_complement	syntactically_forced	high			IV_PASS	NOUN_CONCRETE		فِي	position_morpheme_aligned	case_government;local_syntax	الصُّورِ is governed by فِي as complement of يُنفَخُ.	resources/attachments.tsv:36803
sx-27_87-00843	ae:v3:s027:087:pass1:attach:a3	27:87	w-s027-a087-w005	w-s027-a087-w006		m-w-s027-a087-w005-02	m-w-s027-a087-w006-01		27:87:5:2	27:87:6:1		q:27:87:7	q:27:87:8		7	8		subject	syntactically_forced	high			PV	REL_PRON			position_morpheme_aligned	word_order;local_syntax	مَن is the subject of فَزِعَ.	resources/attachments.tsv:36804
sx-27_87-00844	ae:v3:s027:087:pass1:attach:a4	27:87	w-s027-a087-w006	w-s027-a087-w008	w-s027-a087-w007	m-w-s027-a087-w006-01	m-w-s027-a087-w008-02	m-w-s027-a087-w007-01	27:87:6:1	27:87:8:2	27:87:7:1	q:27:87:8	q:27:87:10	q:27:87:9	8	10	9	prep_complement	syntactically_forced	high			REL_PRON	NOUN_CONCRETE		فِي	position_morpheme_aligned	case_government;local_syntax	السَّمَاوَاتِ is governed by فِي as predicate complement of مَن.	resources/attachments.tsv:36805
sx-27_87-00845	ae:v3:s027:087:pass1:attach:a13	27:87	w-s027-a087-w006	w-s027-a087-w008		m-w-s027-a087-w006-01	m-w-s027-a087-w008-02		27:87:6:1	27:87:8:2		q:27:87:8	q:27:87:10		8	10		predication	strongly_licensed	high			REL_PRON	NOUN_CONCRETE			position_morpheme_aligned	local_syntax	فِي السَّمَاوَاتِ is the predicate of مَن.	resources/attachments.tsv:36806
sx-27_87-00846	ae:v3:s027:087:pass1:attach:a5	27:87	w-s027-a087-w006	w-s027-a087-w009		m-w-s027-a087-w006-01	m-w-s027-a087-w009-02		27:87:6:1	27:87:9:2		q:27:87:8	q:27:87:12		8	12		conjoined	strongly_licensed	high			REL_PRON	REL_PRON			position_morpheme_aligned	parallelism;local_syntax	مَن after وَ is conjoined with the preceding مَن.	resources/attachments.tsv:36807
sx-27_87-00847	ae:v3:s027:087:pass1:attach:a6	27:87	w-s027-a087-w009	w-s027-a087-w011	w-s027-a087-w010	m-w-s027-a087-w009-02	m-w-s027-a087-w011-02	m-w-s027-a087-w010-01	27:87:9:2	27:87:11:2	27:87:10:1	q:27:87:12	q:27:87:14	q:27:87:13	12	14	13	prep_complement	syntactically_forced	high			REL_PRON	NOUN_CONCRETE		فِي	position_morpheme_aligned	case_government;local_syntax	الْأَرْضِ is governed by فِي as predicate complement of the second مَن.	resources/attachments.tsv:36808
sx-27_87-00848	ae:v3:s027:087:pass1:attach:a14	27:87	w-s027-a087-w009	w-s027-a087-w011		m-w-s027-a087-w009-02	m-w-s027-a087-w011-02		27:87:9:2	27:87:11:2		q:27:87:12	q:27:87:14		12	14		predication	strongly_licensed	high			REL_PRON	NOUN_CONCRETE			position_morpheme_aligned	local_syntax	فِي الْأَرْضِ is the predicate of the second مَن.	resources/attachments.tsv:36809
sx-27_87-00849	ae:v3:s027:087:pass1:attach:a7	27:87	w-s027-a087-w006	w-s027-a087-w013		m-w-s027-a087-w006-01	m-w-s027-a087-w013-01		27:87:6:1	27:87:13:1		q:27:87:8	q:27:87:16		8	16		exception	syntactically_forced	high			REL_PRON	REL_PRON			position_morpheme_aligned	local_syntax	مَن شَاءَ اللَّهُ is excluded by إِلَّا from the fearful group.	resources/attachments.tsv:36810
sx-27_87-00850	ae:v3:s027:087:pass1:attach:a8	27:87	w-s027-a087-w014	w-s027-a087-w013		m-w-s027-a087-w014-01	m-w-s027-a087-w013-01		27:87:14:1	27:87:13:1		q:27:87:17	q:27:87:16		17	16		direct_object	strongly_licensed	high			PV	REL_PRON	explicit		position_morpheme_aligned	local_syntax	مَن is the object of شَاءَ in the exception clause.	resources/attachments.tsv:36811
sx-27_87-00851	ae:v3:s027:087:pass1:attach:a9	27:87	w-s027-a087-w014	w-s027-a087-w015		m-w-s027-a087-w014-01	m-w-s027-a087-w015-01		27:87:14:1	27:87:15:1		q:27:87:17	q:27:87:18		17	18		subject	syntactically_forced	high			PV	NOUN_PROP			position_morpheme_aligned	word_order;agreement	اللَّهُ is the explicit subject of شَاءَ.	resources/attachments.tsv:36812
sx-27_87-00852	ae:v3:s027:087:pass1:attach:a10	27:87	w-s027-a087-w017	w-s027-a087-w016		m-w-s027-a087-w017-01	m-w-s027-a087-w016-02		27:87:17:1	27:87:16:2		q:27:87:21	q:27:87:20		21	20		subject	strongly_licensed	high			PV	NOUN_ABSTRACT			position_morpheme_aligned	agreement;local_syntax	كُلٌّ supplies the explicit subject of أَتَوْهُ.	resources/attachments.tsv:36813
sx-27_87-00853	ae:v3:s027:087:pass1:attach:a11	27:87	w-s027-a087-w017	w-s027-a087-w017		m-w-s027-a087-w017-01	m-w-s027-a087-w017-01		27:87:17:1	27:87:17:1		q:27:87:21	q:27:87:21		21	21		direct_object	syntactically_forced	high		object_suffix	PV		clitic		position_morpheme_aligned	morphology;local_syntax	The هُ suffix in أَتَوْهُ is the object pronoun of أَتَوْا.	resources/attachments.tsv:36814
sx-27_87-00854	ae:v3:s027:087:pass1:attach:a12	27:87	w-s027-a087-w017	w-s027-a087-w018		m-w-s027-a087-w017-01	m-w-s027-a087-w018-01		27:87:17:1	27:87:18:1		q:27:87:21	q:27:87:22		21	22		circumstantial	strongly_licensed	high			PV	NOUN_ACTIVE_PART			position_morpheme_aligned	case_government;local_syntax	دَاخِرِينَ describes the state in which they come in أَتَوْهُ.	resources/attachments.tsv:36815
sx-27_88-00855	ae:v3:s027:088:pass1:attach:a1	27:88	w-s027-a088-w001	w-s027-a088-w002		m-w-s027-a088-w001-02	m-w-s027-a088-w002-02		27:88:1:2	27:88:2:2		q:27:88:2	q:27:88:3		2	3		direct_object	syntactically_forced	high			IV	NOUN_CONCRETE	explicit		position_morpheme_aligned	case_government;word_order	الْجِبَالَ is the direct object of تَرَى.	resources/attachments.tsv:36816
sx-27_88-00856	ae:v3:s027:088:pass1:attach:a2	27:88	w-s027-a088-w001	w-s027-a088-w003		m-w-s027-a088-w001-02	m-w-s027-a088-w003-01		27:88:1:2	27:88:3:1		q:27:88:2	q:27:88:4		2	4		circumstantial	strongly_licensed	high			IV	IV			position_morpheme_aligned	local_syntax	تَحْسَبُهَا جَامِدَةً is a circumstantial clause under تَرَى.	resources/attachments.tsv:36817
sx-27_88-00857	ae:v3:s027:088:pass1:attach:a3	27:88	w-s027-a088-w003	w-s027-a088-w003		m-w-s027-a088-w003-01	m-w-s027-a088-w003-02		27:88:3:1	27:88:3:2		q:27:88:4	q:27:88:4		4	4		direct_object	syntactically_forced	high		object_suffix	IV		clitic		position_morpheme_aligned	morphology;local_syntax	The هَا suffix in تَحْسَبُهَا is the first object of تَحْسَبُ.	resources/attachments.tsv:36818
sx-27_88-00858	ae:v3:s027:088:pass1:attach:a4	27:88	w-s027-a088-w003	w-s027-a088-w004		m-w-s027-a088-w003-01	m-w-s027-a088-w004-01		27:88:3:1	27:88:4:1		q:27:88:4	q:27:88:5		4	5		direct_object	strongly_licensed	high			IV	NOUN_ACTIVE_PART	explicit		position_morpheme_aligned	case_government;local_syntax	جَامِدَةً is the second object of تَحْسَبُهَا.	resources/attachments.tsv:36819
sx-27_88-00859	ae:v3:s027:088:pass1:attach:a5	27:88	w-s027-a088-w001	w-s027-a088-w005		m-w-s027-a088-w001-02	m-w-s027-a088-w005-02		27:88:1:2	27:88:5:2		q:27:88:2	q:27:88:7		2	7		circumstantial	strongly_licensed	high			IV	PRON			position_morpheme_aligned	local_syntax	وَهِيَ تَمُرُّ describes the actual state accompanying تَرَى الْجِبَالَ.	resources/attachments.tsv:36820
sx-27_88-00860	ae:v3:s027:088:pass1:attach:a6	27:88	w-s027-a088-w006	w-s027-a088-w005		m-w-s027-a088-w006-01	m-w-s027-a088-w005-02		27:88:6:1	27:88:5:2		q:27:88:8	q:27:88:7		8	7		subject	strongly_licensed	high			IV	PRON			position_morpheme_aligned	agreement;local_syntax	هِيَ is the explicit subject of تَمُرُّ.	resources/attachments.tsv:36821
sx-27_88-00861	ae:v3:s027:088:pass1:attach:a7	27:88	w-s027-a088-w006	w-s027-a088-w006		m-w-s027-a088-w006-01	m-w-s027-a088-w006-01		27:88:6:1	27:88:6:1		q:27:88:8	q:27:88:9		8	9		cognate_acc	strongly_licensed	high			IV	PV			fallback_morpheme_aligned	case_government;local_syntax	مَرَّ is the cognate accusative of تَمُرُّ.	resources/attachments.tsv:36822
sx-27_88-00862	ae:v3:s027:088:pass1:attach:a8	27:88	w-s027-a088-w006	w-s027-a088-w008		m-w-s027-a088-w006-01	m-w-s027-a088-w008-02		27:88:6:1	27:88:8:2		q:27:88:9	q:27:88:10		9	10		idafa	syntactically_forced	high			PV	NOUN_CONCRETE			fallback_morpheme_aligned	morphology;case_government	السَّحَابِ is the genitive complement of مَرَّ.	resources/attachments.tsv:36823
sx-27_88-00863	ae:v3:s027:088:pass1:attach:a9	27:88	w-s027-a088-w009	w-s027-a088-w010		m-w-s027-a088-w009-01	m-w-s027-a088-w010-01		27:88:9:1	27:88:10:1		q:27:88:11	q:27:88:12		11	12		idafa	syntactically_forced	high			GERUND	NOUN_PROP			position_morpheme_aligned	morphology;case_government	اللَّهِ is the genitive complement of صُنْعَ.	resources/attachments.tsv:36824
sx-27_88-00864	ae:v3:s027:088:pass1:attach:a10	27:88	w-s027-a088-w012	w-s027-a088-w011		m-w-s027-a088-w012-01	m-w-s027-a088-w011-01		27:88:12:1	27:88:11:1		q:27:88:14	q:27:88:13		14	13		subject	syntactically_forced	high			PV	REL_PRON			position_morpheme_aligned	agreement;local_syntax	الَّذِي is the subject of أَتْقَنَ in the relative clause.	resources/attachments.tsv:36825
sx-27_88-00865	ae:v3:s027:088:pass1:attach:a17	27:88	w-s027-a088-w010	w-s027-a088-w011		m-w-s027-a088-w010-01	m-w-s027-a088-w011-01		27:88:10:1	27:88:11:1		q:27:88:12	q:27:88:13		12	13		adjective	strongly_licensed	high			NOUN_PROP	REL_PRON			position_morpheme_aligned	local_syntax	الَّذِي أَتْقَنَ كُلَّ شَيْءٍ modifies اللَّهِ in صُنْعَ اللَّهِ.	resources/attachments.tsv:36826
sx-27_88-00866	ae:v3:s027:088:pass1:attach:a11	27:88	w-s027-a088-w012	w-s027-a088-w013		m-w-s027-a088-w012-01	m-w-s027-a088-w013-01		27:88:12:1	27:88:13:1		q:27:88:14	q:27:88:15		14	15		direct_object	syntactically_forced	high			PV	NOUN_ABSTRACT	explicit		position_morpheme_aligned	case_government;word_order	كُلَّ is the direct object of أَتْقَنَ.	resources/attachments.tsv:36827
sx-27_88-00867	ae:v3:s027:088:pass1:attach:a12	27:88	w-s027-a088-w013	w-s027-a088-w014		m-w-s027-a088-w013-01	m-w-s027-a088-w014-01		27:88:13:1	27:88:14:1		q:27:88:15	q:27:88:16		15	16		idafa	syntactically_forced	high			NOUN_ABSTRACT	NOUN_ABSTRACT			position_morpheme_aligned	morphology;case_government	شَيْءٍ is the genitive complement of كُلَّ.	resources/attachments.tsv:36828
sx-27_88-00868	ae:v3:s027:088:pass1:attach:a13	27:88	w-s027-a088-w015	w-s027-a088-w015		m-w-s027-a088-w015-01	m-w-s027-a088-w015-02		27:88:15:1	27:88:15:2		q:27:88:17	q:27:88:17		17	17		particle_complement	syntactically_forced	high	particle_segment	pronoun_suffix					position_morpheme_aligned	morphology;local_syntax	The هُ suffix in إِنَّهُ is the governed اسم of إِنَّ.	resources/attachments.tsv:36829
sx-27_88-00869	ae:v3:s027:088:pass1:attach:a14	27:88	w-s027-a088-w015	w-s027-a088-w016		m-w-s027-a088-w015-01	m-w-s027-a088-w016-01		27:88:15:1	27:88:16:1		q:27:88:17	q:27:88:18		17	18		predication	syntactically_forced	high			ANNUL_PART	ADJ_QUALIT			position_morpheme_aligned	local_syntax	خَبِيرٌ is the خبر of إِنَّ in إِنَّهُ.	resources/attachments.tsv:36830
sx-27_88-00870	ae:v3:s027:088:pass1:attach:a15	27:88	w-s027-a088-w016	w-s027-a088-w017	w-s027-a088-w016	m-w-s027-a088-w016-01	m-w-s027-a088-w017-02	m-w-s027-a088-w016-01	27:88:16:1	27:88:17:2	27:88:16:1	q:27:88:18	q:27:88:20	q:27:88:19	18	20	19	prep_complement	syntactically_forced	high			ADJ_QUALIT	REL_PRON		بـ	fallback_morpheme_aligned	case_government;local_syntax	مَا is governed by بِ as complement of خَبِيرٌ.	resources/attachments.tsv:36831
sx-27_88-00871	ae:v3:s027:088:pass1:attach:a16	27:88	w-s027-a088-w018	w-s027-a088-w017		m-w-s027-a088-w018-01	m-w-s027-a088-w017-02		27:88:18:1	27:88:17:2		q:27:88:21	q:27:88:20		21	20		direct_object	strongly_licensed	high			IV	REL_PRON	explicit		position_morpheme_aligned	local_syntax	مَا is the relative object of تَفْعَلُونَ.	resources/attachments.tsv:36832
sx-27_89-00872	ae:v3:s027:089:pass1:attach:a1	27:89	w-s027-a089-w002	w-s027-a089-w001		m-w-s027-a089-w002-01	m-w-s027-a089-w001-01		27:89:2:1	27:89:1:1		q:27:89:2	q:27:89:1		2	1		subject	syntactically_forced	high			PV	CONDITION_PART			position_morpheme_aligned	agreement;local_syntax	مَن is the conditional subject of جَاءَ.	resources/attachments.tsv:36833
sx-27_89-00873	ae:v3:s027:089:pass1:attach:a2	27:89	w-s027-a089-w002	w-s027-a089-w003	w-s027-a089-w003	m-w-s027-a089-w002-01	m-w-s027-a089-w003-03	m-w-s027-a089-w003-01	27:89:2:1	27:89:3:3	27:89:3:1	q:27:89:2	q:27:89:4	q:27:89:3	2	4	3	prep_complement	syntactically_forced	high			PV	NOUN_ABSTRACT		بـ	position_morpheme_aligned	case_government;local_syntax	الْحَسَنَةِ is governed by بِ as complement of جَاءَ.	resources/attachments.tsv:36834
sx-27_89-00874	ae:v3:s027:089:pass1:attach:a3	27:89	w-s027-a089-w005	w-s027-a089-w003	w-s027-a089-w003	m-w-s027-a089-w005-01	m-w-s027-a089-w003-03	m-w-s027-a089-w003-01	27:89:5:1	27:89:3:3	27:89:3:1	q:27:89:7	q:27:89:6	q:27:89:6	7	6	6	prep_complement	syntactically_forced	high		pronoun_suffix	ADJ_COMP			لـ	fallback_morpheme_aligned	case_government;local_syntax	The pronoun in لَهُ is governed by لِ in the fronted predicate of خَيْرٌ.	resources/attachments.tsv:36835
sx-27_89-00875	ae:v3:s027:089:pass1:attach:a4	27:89	w-s027-a089-w005	w-s027-a089-w003		m-w-s027-a089-w005-01	m-w-s027-a089-w003-01		27:89:5:1	27:89:3:1		q:27:89:7	q:27:89:6		7	6		predication	strongly_licensed	high			ADJ_COMP	PREP			fallback_morpheme_aligned	local_syntax	لَهُ is the fronted predicate for خَيْرٌ.	resources/attachments.tsv:36836
sx-27_89-00876	ae:v3:s027:089:pass1:attach:a5	27:89	w-s027-a089-w005	w-s027-a089-w006	w-s027-a089-w006	m-w-s027-a089-w005-01	m-w-s027-a089-w006-02	m-w-s027-a089-w006-01	27:89:5:1	27:89:6:2	27:89:6:1	q:27:89:7	q:27:89:8	q:27:89:8	7	8	8	prep_complement	syntactically_forced	high		pronoun_suffix	ADJ_COMP			مِن	fallback_morpheme_aligned	case_government;local_syntax	The pronoun in مِنْهَا is governed by مِنْ as the comparative complement of خَيْرٌ.	resources/attachments.tsv:36837
sx-27_89-00877	ae:v3:s027:089:pass1:attach:a6	27:89	w-s027-a089-w007	w-s027-a089-w011		m-w-s027-a089-w007-02	m-w-s027-a089-w011-01		27:89:7:2	27:89:11:1		q:27:89:10	q:27:89:14		10	14		predication	strongly_licensed	high			PRON	NOUN_ACTIVE_PART			fallback_morpheme_aligned	local_syntax	آمِنُونَ is the predicate of هُمْ.	resources/attachments.tsv:36838
sx-27_89-00878	ae:v3:s027:089:pass1:attach:a7	27:89	w-s027-a089-w011	w-s027-a089-w009	w-s027-a089-w008	m-w-s027-a089-w011-01	m-w-s027-a089-w009-01	m-w-s027-a089-w008-01	27:89:11:1	27:89:9:1	27:89:8:1	q:27:89:14	q:27:89:12	q:27:89:11	14	12	11	prep_complement	syntactically_forced	high			NOUN_ACTIVE_PART	GERUND		مِن	fallback_morpheme_aligned	case_government;local_syntax	فَزَعٍ is governed by مِنْ as complement of آمِنُونَ.	resources/attachments.tsv:36839
sx-27_89-00879	ae:v3:s027:089:pass1:attach:a8	27:89	w-s027-a089-w011	w-s027-a089-w010		m-w-s027-a089-w011-01	m-w-s027-a089-w010-01		27:89:11:1	27:89:10:1		q:27:89:14	q:27:89:13		14	13		adverbial	strongly_licensed	high			NOUN_ACTIVE_PART	NOUN_ABSTRACT			fallback_morpheme_aligned	case_government;local_syntax	يَوْمَئِذٍ is the temporal adverbial for آمِنُونَ.	resources/attachments.tsv:36840
sx-27_90-00880	ae:v3:s027:090:pass1:attach:a1	27:90	w-s027-a090-w002	w-s027-a090-w001		m-w-s027-a090-w002-01	m-w-s027-a090-w001-02		27:90:2:1	27:90:1:2		q:27:90:3	q:27:90:2		3	2		subject	syntactically_forced	high			PV	CONDITION_PART			position_morpheme_aligned	agreement;local_syntax	مَنْ is the conditional subject of جَاءَ.	resources/attachments.tsv:36841
sx-27_90-00881	ae:v3:s027:090:pass1:attach:a2	27:90	w-s027-a090-w002	w-s027-a090-w003	w-s027-a090-w003	m-w-s027-a090-w002-01	m-w-s027-a090-w003-03	m-w-s027-a090-w003-01	27:90:2:1	27:90:3:3	27:90:3:1	q:27:90:3	q:27:90:5	q:27:90:4	3	5	4	prep_complement	syntactically_forced	high			PV	NOUN_ABSTRACT		بـ	position_morpheme_aligned	case_government;local_syntax	السَّيِّئَةِ is governed by بِ as complement of جَاءَ.	resources/attachments.tsv:36842
sx-27_90-00882	ae:v3:s027:090:pass1:attach:a3	27:90	w-s027-a090-w004	w-s027-a090-w005		m-w-s027-a090-w004-02	m-w-s027-a090-w005-01		27:90:4:2	27:90:5:1		q:27:90:7	q:27:90:8		7	8		subject	syntactically_forced	high			PV_PASS	NOUN_CONCRETE			position_morpheme_aligned	agreement;word_order	وُجُوهُهُمْ is the passive subject of كُبَّتْ.	resources/attachments.tsv:36843
sx-27_90-00883	ae:v3:s027:090:pass1:attach:a4	27:90	w-s027-a090-w004	w-s027-a090-w007	w-s027-a090-w006	m-w-s027-a090-w004-02	m-w-s027-a090-w007-02	m-w-s027-a090-w006-01	27:90:4:2	27:90:7:2	27:90:6:1	q:27:90:7	q:27:90:10	q:27:90:9	7	10	9	prep_complement	syntactically_forced	high			PV_PASS	NOUN_CONCRETE		فِي	position_morpheme_aligned	case_government;local_syntax	النَّارِ is governed by فِي as complement of كُبَّتْ.	resources/attachments.tsv:36844
sx-27_90-00884	ae:v3:s027:090:pass1:attach:a5	27:90	w-s027-a090-w009	w-s027-a090-w011		m-w-s027-a090-w009-01	m-w-s027-a090-w011-01		27:90:9:1	27:90:11:1		q:27:90:12	q:27:90:14		12	14		direct_object	strongly_licensed	high			IV_PASS	REL_PRON	explicit		position_morpheme_aligned	local_syntax	مَا is the retained restricted object of تُجْزَوْنَ after إِلَّا.	resources/attachments.tsv:36845
sx-27_90-00885	ae:v3:s027:090:pass1:attach:a6	27:90	w-s027-a090-w013	w-s027-a090-w011		m-w-s027-a090-w013-01	m-w-s027-a090-w011-01		27:90:13:1	27:90:11:1		q:27:90:16	q:27:90:14		16	14		direct_object	strongly_licensed	high			IV	REL_PRON	explicit		position_morpheme_aligned	local_syntax	مَا is also the relative object of تَعْمَلُونَ.	resources/attachments.tsv:36846
sx-27_90-00886	ae:v3:s027:090:pass1:attach:a7	27:90	w-s027-a090-w012	w-s027-a090-w013		m-w-s027-a090-w012-01	m-w-s027-a090-w013-01		27:90:12:1	27:90:13:1		q:27:90:15	q:27:90:16		15	16		kana_predicate	strongly_licensed	high			PV	IV			position_morpheme_aligned	local_syntax	تَعْمَلُونَ is the verbal predicate of كُنْتُمْ.	resources/attachments.tsv:36847
sx-27_91-00887	ae:v3:s027:091:pass1:attach:a1	27:91	w-s027-a091-w002	w-s027-a091-w003		m-w-s027-a091-w002-01	m-w-s027-a091-w003-01		27:91:2:1	27:91:3:1		q:27:91:2	q:27:91:3		2	3		clausal_complement	syntactically_forced	high			PV_PASS	SUBJUNC_PART			position_morpheme_aligned	local_syntax	أَنْ أَعْبُدَ ... is the infinitival content governed by أُمِرْتُ.	resources/attachments.tsv:36848
sx-27_91-00888	ae:v3:s027:091:pass1:attach:a2	27:91	w-s027-a091-w004	w-s027-a091-w005		m-w-s027-a091-w004-01	m-w-s027-a091-w005-01		27:91:4:1	27:91:5:1		q:27:91:4	q:27:91:5		4	5		direct_object	syntactically_forced	high			IV	NOUN_CONCRETE	explicit		position_morpheme_aligned	case_government;word_order	رَبَّ is the direct object of أَعْبُدَ.	resources/attachments.tsv:36849
sx-27_91-00889	ae:v3:s027:091:pass1:attach:a3	27:91	w-s027-a091-w005	w-s027-a091-w006		m-w-s027-a091-w005-01	m-w-s027-a091-w006-01		27:91:5:1	27:91:6:1		q:27:91:5	q:27:91:6		5	6		idafa	syntactically_forced	high			NOUN_CONCRETE	DEM_PRON_F			position_morpheme_aligned	morphology;case_government	هَذِهِ is the genitive complement of the construct رَبَّ.	resources/attachments.tsv:36850
sx-27_91-00890	ae:v3:s027:091:pass1:attach:a4	27:91	w-s027-a091-w006	w-s027-a091-w007		m-w-s027-a091-w006-01	m-w-s027-a091-w007-02		27:91:6:1	27:91:7:2		q:27:91:6	q:27:91:7		6	7		apposition	strongly_licensed	high			DEM_PRON_F	NOUN_CONCRETE			position_morpheme_aligned	agreement;local_syntax	الْبَلْدَةِ is appositional clarification of هَذِهِ.	resources/attachments.tsv:36851
sx-27_91-00891	ae:v3:s027:091:pass1:attach:a5	27:91	w-s027-a091-w009	w-s027-a091-w008		m-w-s027-a091-w009-01	m-w-s027-a091-w008-01		27:91:9:1	27:91:8:1		q:27:91:9	q:27:91:8		9	8		subject	syntactically_forced	high			PV	REL_PRON			position_morpheme_aligned	agreement;local_syntax	الَّذِي is the subject of حَرَّمَهَا.	resources/attachments.tsv:36852
sx-27_91-00892	ae:v3:s027:091:pass1:attach:a13	27:91	w-s027-a091-w005	w-s027-a091-w008		m-w-s027-a091-w005-01	m-w-s027-a091-w008-01		27:91:5:1	27:91:8:1		q:27:91:5	q:27:91:8		5	8		adjective	strongly_licensed	high			NOUN_CONCRETE	REL_PRON			position_morpheme_aligned	agreement;local_syntax	الَّذِي حَرَّمَهَا is a relative adjectival clause modifying رَبَّ.	resources/attachments.tsv:36853
sx-27_91-00893	ae:v3:s027:091:pass1:attach:a6	27:91	w-s027-a091-w009	w-s027-a091-w009		m-w-s027-a091-w009-01	m-w-s027-a091-w009-02		27:91:9:1	27:91:9:2		q:27:91:9	q:27:91:9		9	9		direct_object	syntactically_forced	high		object_suffix	PV		clitic		position_morpheme_aligned	morphology;local_syntax	The هَا suffix in حَرَّمَهَا is the object pronoun of حَرَّمَ.	resources/attachments.tsv:36854
sx-27_91-00894	ae:v3:s027:091:pass1:attach:a7	27:91	w-s027-a091-w011	w-s027-a091-w010	w-s027-a091-w010	m-w-s027-a091-w011-01	m-w-s027-a091-w010-03	m-w-s027-a091-w010-02	27:91:11:1	27:91:10:3	27:91:10:2	q:27:91:12	q:27:91:11	q:27:91:11	12	11	11	prep_complement	syntactically_forced	high		pronoun_suffix	NOUN_ABSTRACT			لـ	fallback_morpheme_aligned	case_government;local_syntax	The pronoun in لَهُ is governed by لِ in the fronted predicate of كُلُّ.	resources/attachments.tsv:36855
sx-27_91-00895	ae:v3:s027:091:pass1:attach:a8	27:91	w-s027-a091-w011	w-s027-a091-w010		m-w-s027-a091-w011-01	m-w-s027-a091-w010-02		27:91:11:1	27:91:10:2		q:27:91:12	q:27:91:11		12	11		predication	strongly_licensed	high			NOUN_ABSTRACT	PREP			fallback_morpheme_aligned	local_syntax	لَهُ is the fronted predicate for كُلُّ شَيْءٍ.	resources/attachments.tsv:36856
sx-27_91-00896	ae:v3:s027:091:pass1:attach:a9	27:91	w-s027-a091-w011	w-s027-a091-w012		m-w-s027-a091-w011-01	m-w-s027-a091-w012-01		27:91:11:1	27:91:12:1		q:27:91:12	q:27:91:13		12	13		idafa	syntactically_forced	high			NOUN_ABSTRACT	NOUN_ABSTRACT			fallback_morpheme_aligned	morphology;case_government	شَيْءٍ is the genitive complement of كُلُّ.	resources/attachments.tsv:36857
sx-27_91-00897	ae:v3:s027:091:pass1:attach:a10	27:91	w-s027-a091-w013	w-s027-a091-w014		m-w-s027-a091-w013-02	m-w-s027-a091-w014-01		27:91:13:2	27:91:14:1		q:27:91:15	q:27:91:16		15	16		clausal_complement	syntactically_forced	high			PV_PASS	SUBJUNC_PART			fallback_morpheme_aligned	local_syntax	أَنْ أَكُونَ مِنَ الْمُسْلِمِينَ is the infinitival content governed by the second أُمِرْتُ.	resources/attachments.tsv:36858
sx-27_91-00898	ae:v3:s027:091:pass1:attach:a14	27:91	w-s027-a091-w002	w-s027-a091-w013		m-w-s027-a091-w002-01	m-w-s027-a091-w013-02		27:91:2:1	27:91:13:2		q:27:91:2	q:27:91:15		2	15		conjoined	strongly_licensed	high			PV_PASS	PV_PASS			position_morpheme_aligned	parallelism;local_syntax	The second أُمِرْتُ is joined by وَ to the first أُمِرْتُ.	resources/attachments.tsv:36859
sx-27_91-00899	ae:v3:s027:091:pass1:attach:a11	27:91	w-s027-a091-w015	w-s027-a091-w017	w-s027-a091-w016	m-w-s027-a091-w015-01	m-w-s027-a091-w017-02	m-w-s027-a091-w016-01	27:91:15:1	27:91:17:2	27:91:16:1	q:27:91:17	q:27:91:19	q:27:91:18	17	19	18	prep_complement	syntactically_forced	high			IV	NOUN_ACTIVE_PART		مِن	fallback_morpheme_aligned	case_government;local_syntax	الْمُسْلِمِينَ is governed by مِنَ as the predicate complement of أَكُونَ.	resources/attachments.tsv:36860
sx-27_91-00900	ae:v3:s027:091:pass1:attach:a12	27:91	w-s027-a091-w015	w-s027-a091-w017		m-w-s027-a091-w015-01	m-w-s027-a091-w017-02		27:91:15:1	27:91:17:2		q:27:91:17	q:27:91:19		17	19		kana_predicate	strongly_licensed	high			IV	NOUN_ACTIVE_PART			fallback_morpheme_aligned	local_syntax	مِنَ الْمُسْلِمِينَ supplies the predicate of أَكُونَ.	resources/attachments.tsv:36861
sx-27_92-00901	ae:v3:s027:092:pass1:attach:a1	27:92	w-s027-a092-w002	w-s027-a092-w003		m-w-s027-a092-w002-01	m-w-s027-a092-w003-02		27:92:2:1	27:92:3:2		q:27:92:3	q:27:92:4		3	4		direct_object	syntactically_forced	high			IV	NOUN_CONCRETE	explicit		position_morpheme_aligned	case_government;word_order	الْقُرْآنَ is the direct object of أَتْلُوَ.	resources/attachments.tsv:36862
sx-27_92-00902	ae:v3:s027:092:pass1:attach:a2	27:92	w-s027-a092-w005	w-s027-a092-w004		m-w-s027-a092-w005-01	m-w-s027-a092-w004-02		27:92:5:1	27:92:4:2		q:27:92:7	q:27:92:6		7	6		subject	syntactically_forced	high			PV	INTERROG_PART			position_morpheme_aligned	agreement;local_syntax	مَنِ is the conditional subject of اهْتَدَى.	resources/attachments.tsv:36863
sx-27_92-00903	ae:v3:s027:092:pass1:attach:a3	27:92	w-s027-a092-w005	w-s027-a092-w008	w-s027-a092-w008	m-w-s027-a092-w005-01	m-w-s027-a092-w008-02	m-w-s027-a092-w008-01	27:92:5:1	27:92:8:2	27:92:8:1	q:27:92:10	q:27:92:12	q:27:92:11	10	12	11	prep_complement	syntactically_forced	high			IV	NOUN_ABSTRACT		لـ	fallback_morpheme_aligned	case_government;local_syntax	نَفْسِهِ is governed by لِ as complement of يَهْتَدِي.	resources/attachments.tsv:36864
sx-27_92-00904	ae:v3:s027:092:pass1:attach:a4	27:92	w-s027-a092-w010	w-s027-a092-w009		m-w-s027-a092-w010-01	m-w-s027-a092-w009-02		27:92:10:1	27:92:9:2		q:27:92:15	q:27:92:14		15	14		subject	syntactically_forced	high			PV	CONDITION_PART			position_morpheme_aligned	agreement;local_syntax	مَنْ is the conditional subject of ضَلَّ.	resources/attachments.tsv:36865
sx-27_92-00905	ae:v3:s027:092:pass1:attach:a8	27:92	w-s027-a092-w004	w-s027-a092-w009		m-w-s027-a092-w004-02	m-w-s027-a092-w009-02		27:92:4:2	27:92:9:2		q:27:92:6	q:27:92:14		6	14		conjoined	strongly_licensed	high			INTERROG_PART	CONDITION_PART			position_morpheme_aligned	parallelism;local_syntax	مَنْ ضَلَّ is introduced by وَ as a conditional parallel to مَنِ اهْتَدَى.	resources/attachments.tsv:36866
sx-27_92-00906	ae:v3:s027:092:pass1:attach:a5	27:92	w-s027-a092-w011	w-s027-a092-w012		m-w-s027-a092-w011-02			27:92:11:2	27:92:12		q:27:92:17	q:27:92:18		17	18		quoted_complement	syntactically_forced	high			CV	KAAFA_MAKFOUFA			position_word_aligned	local_syntax	إِنَّمَا أَنَا مِنَ الْمُنذِرِينَ is the quoted content of قُلْ.	resources/attachments.tsv:36867
sx-27_92-00907	ae:v3:s027:092:pass1:attach:a6	27:92	w-s027-a092-w013	w-s027-a092-w015	w-s027-a092-w014	m-w-s027-a092-w013-01	m-w-s027-a092-w015-02	m-w-s027-a092-w014-01	27:92:13:1	27:92:15:2	27:92:14:1	q:27:92:19	q:27:92:21	q:27:92:20	19	21	20	prep_complement	syntactically_forced	high			PRON_1S	NOUN_ACTIVE_PART		مِن	position_morpheme_aligned	case_government;local_syntax	الْمُنذِرِينَ is governed by مِنَ in the predicate of أَنَا.	resources/attachments.tsv:36868
sx-27_92-00908	ae:v3:s027:092:pass1:attach:a7	27:92	w-s027-a092-w013	w-s027-a092-w015		m-w-s027-a092-w013-01	m-w-s027-a092-w015-02		27:92:13:1	27:92:15:2		q:27:92:19	q:27:92:21		19	21		predication	strongly_licensed	high			PRON_1S	NOUN_ACTIVE_PART			position_morpheme_aligned	local_syntax	مِنَ الْمُنذِرِينَ is the predicate of أَنَا.	resources/attachments.tsv:36869
sx-27_93-00909	ae:v3:s027:093:pass1:attach:a1	27:93	w-s027-a093-w001	w-s027-a093-w002		m-w-s027-a093-w001-02	m-w-s027-a093-w002-02		27:93:1:2	27:93:2:2		q:27:93:2	q:27:93:3		2	3		quoted_complement	syntactically_forced	high			CV	GERUND			position_morpheme_aligned	local_syntax	الْحَمْدُ لِلَّهِ is the quoted content of قُلِ.	resources/attachments.tsv:36870
sx-27_93-00910	ae:v3:s027:093:pass1:attach:a2	27:93	w-s027-a093-w002	w-s027-a093-w003	w-s027-a093-w002	m-w-s027-a093-w002-02	m-w-s027-a093-w003-02	m-w-s027-a093-w002-02	27:93:2:2	27:93:3:2	27:93:2:2	q:27:93:3	q:27:93:5	q:27:93:4	3	5	4	prep_complement	syntactically_forced	high			GERUND	NOUN_PROP		لـ	fallback_morpheme_aligned	case_government;local_syntax	اللَّهِ is governed by لِ in the predicate of الْحَمْدُ.	resources/attachments.tsv:36871
sx-27_93-00911	ae:v3:s027:093:pass1:attach:a3	27:93	w-s027-a093-w002	w-s027-a093-w003		m-w-s027-a093-w002-02	m-w-s027-a093-w003-02		27:93:2:2	27:93:3:2		q:27:93:3	q:27:93:5		3	5		predication	strongly_licensed	high			GERUND	NOUN_PROP			position_morpheme_aligned	local_syntax	لِلَّهِ is the predicate of الْحَمْدُ.	resources/attachments.tsv:36872
sx-27_93-00912	ae:v3:s027:093:pass1:attach:a4	27:93	w-s027-a093-w004	w-s027-a093-w004		m-w-s027-a093-w004-02	m-w-s027-a093-w004-03		27:93:4:2	27:93:4:3		q:27:93:6	q:27:93:6		6	6		direct_object	syntactically_forced	high		object_suffix	IV		clitic		position_morpheme_aligned	morphology;local_syntax	The كُمْ suffix in سَيُرِيكُمْ is the object pronoun of يُرِي.	resources/attachments.tsv:36873
sx-27_93-00913	ae:v3:s027:093:pass1:attach:a5	27:93	w-s027-a093-w004	w-s027-a093-w005		m-w-s027-a093-w004-02	m-w-s027-a093-w005-01		27:93:4:2	27:93:5:1		q:27:93:6	q:27:93:7		6	7		direct_object	syntactically_forced	high			IV	NOUN_ABSTRACT	explicit		fallback_morpheme_aligned	case_government;local_syntax	آيَاتِهِ is the second object of سَيُرِيكُمْ.	resources/attachments.tsv:36874
sx-27_93-00914	ae:v3:s027:093:pass1:attach:a6	27:93	w-s027-a093-w006	w-s027-a093-w006		m-w-s027-a093-w006-02	m-w-s027-a093-w006-02		27:93:6:2	27:93:6:2		q:27:93:9	q:27:93:9		9	9		direct_object	syntactically_forced	high		object_suffix	IV		clitic		position_morpheme_aligned	morphology;local_syntax	The هَا suffix in تَعْرِفُونَهَا is the object pronoun of تَعْرِفُونَ.	resources/attachments.tsv:36875
sx-27_93-00915	ae:v3:s027:093:pass1:attach:a7	27:93	w-s027-a093-w008	w-s027-a093-w009	w-s027-a093-w008	m-w-s027-a093-w008-01	m-w-s027-a093-w009-02	m-w-s027-a093-w008-01	27:93:8:1	27:93:9:2	27:93:8:1	q:27:93:12	q:27:93:14	q:27:93:13	12	14	13	prep_complement	syntactically_forced	high			NOUN_CONCRETE	NOUN_ACTIVE_PART		بـ	fallback_morpheme_aligned	case_government;local_syntax	غَافِلٍ is governed by بِ as the predicate marker with رَبُّكَ.	resources/attachments.tsv:36876
sx-27_93-00916	ae:v3:s027:093:pass1:attach:a8	27:93	w-s027-a093-w008	w-s027-a093-w009		m-w-s027-a093-w008-01	m-w-s027-a093-w009-02		27:93:8:1	27:93:9:2		q:27:93:12	q:27:93:14		12	14		predication	strongly_licensed	high			NOUN_CONCRETE	NOUN_ACTIVE_PART			fallback_morpheme_aligned	local_syntax	غَافِلٍ is the predicate of رَبُّكَ in the negated nominal clause.	resources/attachments.tsv:36877
sx-27_93-00917	ae:v3:s027:093:pass1:attach:a9	27:93	w-s027-a093-w009	w-s027-a093-w010	w-s027-a093-w010	m-w-s027-a093-w009-02		m-w-s027-a093-w010-01	27:93:9:2	27:93:10	27:93:10:1	q:27:93:14	q:27:93:15	q:27:93:15	14	15	15	prep_complement	syntactically_forced	high		particle_segment	NOUN_ACTIVE_PART			عَن	fallback_word_aligned	case_government;local_syntax	The مَا segment in عَمَّا is governed by عَنْ as complement of غَافِلٍ.	resources/attachments.tsv:36878
sx-27_93-00918	ae:v3:s027:093:pass1:attach:a10	27:93	w-s027-a093-w011	w-s027-a093-w010		m-w-s027-a093-w011-01			27:93:11:1	27:93:10		q:27:93:16	q:27:93:15		16	15		direct_object	strongly_licensed	high		particle_segment	IV		explicit		fallback_word_aligned	local_syntax	The مَا segment in عَمَّا is the relative object of تَعْمَلُونَ.	resources/attachments.tsv:36879
