cooccurrence_id	ayah_ref	left_word_id	right_word_id	left_root	right_root	word_distance	root_distance_min	root_distance_max	local_pair_count	corpus_window_count	corpus_pair_count	source_pair_id
co-12_0-00001	12:0	w-s012-a000-w002	w-s012-a000-w003	ء ل ه	ر ح م	1	1	2	2	130	254	intra_ayah:1:1:root:1
co-12_0-00002	12:0	w-s012-a000-w002	w-s012-a000-w004	ء ل ه	ر ح م	2	1	2	2	130	254	intra_ayah:1:1:root:1
co-12_0-00003	12:0	w-s012-a000-w002	w-s012-a000-w001	ء ل ه	س م و	1	1	1	1	185	319	intra_ayah:1:1:root:2
co-12_0-00004	12:0	w-s012-a000-w003	w-s012-a000-w001	ر ح م	س م و	2	2	3	2	18	21	intra_ayah:1:1:root:3
co-12_0-00005	12:0	w-s012-a000-w004	w-s012-a000-w001	ر ح م	س م و	3	2	3	2	18	21	intra_ayah:1:1:root:3
co-12_1-00006	12:1	w-s012-a001-w003	w-s012-a001-w005	ء ي ي	ب ي ن	2	2	2	1	61	71	intra_ayah:12:1:root:1
co-12_1-00007	12:1	w-s012-a001-w003	w-s012-a001-w004	ء ي ي	ك ت ب	1	1	1	1	33	37	intra_ayah:12:1:root:2
co-12_1-00008	12:1	w-s012-a001-w005	w-s012-a001-w004	ب ي ن	ك ت ب	1	1	1	1	57	97	intra_ayah:12:1:root:3
co-12_2-00009	12:2	w-s012-a002-w004	w-s012-a002-w006	ع ر ب	ع ق ل	2	1	1	1	2	2	intra_ayah:12:2:root:1
co-12_2-00010	12:2	w-s012-a002-w004	w-s012-a002-w003	ع ر ب	ق ر ء	1	1	1	1	7	7	intra_ayah:12:2:root:2
co-12_2-00011	12:2	w-s012-a002-w004	w-s012-a002-w002	ع ر ب	ن ز ل	2	2	2	1	4	4	intra_ayah:12:2:root:3
co-12_2-00012	12:2	w-s012-a002-w006	w-s012-a002-w003	ع ق ل	ق ر ء	3	2	2	1	2	2	intra_ayah:12:2:root:4
co-12_2-00013	12:2	w-s012-a002-w006	w-s012-a002-w002	ع ق ل	ن ز ل	4	3	3	1	8	8	intra_ayah:12:2:root:5
co-12_2-00014	12:2	w-s012-a002-w003	w-s012-a002-w002	ق ر ء	ن ز ل	1	1	1	1	13	17	intra_ayah:12:2:root:6
co-12_3-00015	12:3	w-s012-a003-w004	w-s012-a003-w016	ح س ن	غ ف ل	12	6	6	1	1	1	intra_ayah:12:3:root:1
co-12_3-00016	12:3	w-s012-a003-w016	w-s012-a003-w012	غ ف ل	ك و ن	4	2	2	1	16	20	intra_ayah:12:3:root:10
co-12_3-00017	12:3	w-s012-a003-w016	w-s012-a003-w007	غ ف ل	و ح ي	9	4	4	1	1	1	intra_ayah:12:3:root:11
co-12_3-00018	12:3	w-s012-a003-w014	w-s012-a003-w010	ق ب ل	ق ر ء	4	2	2	1	3	3	intra_ayah:12:3:root:12
co-12_3-00019	12:3	w-s012-a003-w014	w-s012-a003-w002	ق ب ل	ق ص ص	12	4	6	2	5	8	intra_ayah:12:3:root:13
co-12_3-00020	12:3	w-s012-a003-w014	w-s012-a003-w005	ق ب ل	ق ص ص	9	4	6	2	5	8	intra_ayah:12:3:root:13
co-12_3-00021	12:3	w-s012-a003-w014	w-s012-a003-w012	ق ب ل	ك و ن	2	1	1	1	105	134	intra_ayah:12:3:root:14
co-12_3-00022	12:3	w-s012-a003-w014	w-s012-a003-w007	ق ب ل	و ح ي	7	3	3	1	11	12	intra_ayah:12:3:root:15
co-12_3-00023	12:3	w-s012-a003-w010	w-s012-a003-w002	ق ر ء	ق ص ص	8	2	4	2	2	3	intra_ayah:12:3:root:16
co-12_3-00024	12:3	w-s012-a003-w010	w-s012-a003-w005	ق ر ء	ق ص ص	5	2	4	2	2	3	intra_ayah:12:3:root:16
co-12_3-00025	12:3	w-s012-a003-w010	w-s012-a003-w012	ق ر ء	ك و ن	2	1	1	1	16	22	intra_ayah:12:3:root:17
co-12_3-00026	12:3	w-s012-a003-w010	w-s012-a003-w007	ق ر ء	و ح ي	3	1	1	1	6	6	intra_ayah:12:3:root:18
co-12_3-00027	12:3	w-s012-a003-w002	w-s012-a003-w012	ق ص ص	ك و ن	10	3	5	2	8	11	intra_ayah:12:3:root:19
co-12_3-00028	12:3	w-s012-a003-w005	w-s012-a003-w012	ق ص ص	ك و ن	7	3	5	2	8	11	intra_ayah:12:3:root:19
co-12_3-00029	12:3	w-s012-a003-w004	w-s012-a003-w014	ح س ن	ق ب ل	10	5	5	1	15	19	intra_ayah:12:3:root:2
co-12_3-00030	12:3	w-s012-a003-w002	w-s012-a003-w007	ق ص ص	و ح ي	5	1	3	2	1	2	intra_ayah:12:3:root:20
co-12_3-00031	12:3	w-s012-a003-w005	w-s012-a003-w007	ق ص ص	و ح ي	2	1	3	2	1	2	intra_ayah:12:3:root:20
co-12_3-00032	12:3	w-s012-a003-w012	w-s012-a003-w007	ك و ن	و ح ي	5	2	2	1	22	27	intra_ayah:12:3:root:21
co-12_3-00033	12:3	w-s012-a003-w004	w-s012-a003-w010	ح س ن	ق ر ء	6	3	3	1	2	4	intra_ayah:12:3:root:3
co-12_3-00034	12:3	w-s012-a003-w004	w-s012-a003-w002	ح س ن	ق ص ص	2	1	1	2	2	3	intra_ayah:12:3:root:4
co-12_3-00035	12:3	w-s012-a003-w004	w-s012-a003-w005	ح س ن	ق ص ص	1	1	1	2	2	3	intra_ayah:12:3:root:4
co-12_3-00036	12:3	w-s012-a003-w004	w-s012-a003-w012	ح س ن	ك و ن	8	4	4	1	36	43	intra_ayah:12:3:root:5
co-12_3-00037	12:3	w-s012-a003-w004	w-s012-a003-w007	ح س ن	و ح ي	3	2	2	1	1	1	intra_ayah:12:3:root:6
co-12_3-00038	12:3	w-s012-a003-w016	w-s012-a003-w014	غ ف ل	ق ب ل	2	1	1	1	3	3	intra_ayah:12:3:root:7
co-12_3-00039	12:3	w-s012-a003-w016	w-s012-a003-w010	غ ف ل	ق ر ء	6	3	3	1	1	1	intra_ayah:12:3:root:8
co-12_3-00040	12:3	w-s012-a003-w016	w-s012-a003-w002	غ ف ل	ق ص ص	14	5	7	2	1	2	intra_ayah:12:3:root:9
co-12_3-00041	12:3	w-s012-a003-w016	w-s012-a003-w005	غ ف ل	ق ص ص	11	5	7	2	1	2	intra_ayah:12:3:root:9
co-12_4-00042	12:4	w-s012-a004-w004	w-s012-a004-w008	ء ب و	ء ح د	4	2	3	2	5	6	intra_ayah:12:4:root:1
co-12_4-00043	12:4	w-s012-a004-w005	w-s012-a004-w008	ء ب و	ء ح د	3	2	3	2	5	6	intra_ayah:12:4:root:1
co-12_4-00044	12:4	w-s012-a004-w008	w-s012-a004-w015	ء ح د	س ج د	7	6	6	1	2	2	intra_ayah:12:4:root:10
co-12_4-00045	12:4	w-s012-a004-w008	w-s012-a004-w011	ء ح د	ش م س	3	3	3	1	1	1	intra_ayah:12:4:root:11
co-12_4-00046	12:4	w-s012-a004-w008	w-s012-a004-w009	ء ح د	ع ش ر	1	1	1	1	2	2	intra_ayah:12:4:root:12
co-12_4-00047	12:4	w-s012-a004-w008	w-s012-a004-w012	ء ح د	ق م ر	4	4	4	1	1	1	intra_ayah:12:4:root:13
co-12_4-00048	12:4	w-s012-a004-w008	w-s012-a004-w002	ء ح د	ق و ل	6	4	4	1	37	56	intra_ayah:12:4:root:14
co-12_4-00049	12:4	w-s012-a004-w008	w-s012-a004-w010	ء ح د	ك و ك ب	2	2	2	1	1	1	intra_ayah:12:4:root:15
co-12_4-00050	12:4	w-s012-a004-w007	w-s012-a004-w015	ر ء ي	س ج د	8	1	7	2	8	11	intra_ayah:12:4:root:16
co-12_4-00051	12:4	w-s012-a004-w013	w-s012-a004-w015	ر ء ي	س ج د	2	1	7	2	8	11	intra_ayah:12:4:root:16
co-12_4-00052	12:4	w-s012-a004-w007	w-s012-a004-w011	ر ء ي	ش م س	4	2	4	2	9	10	intra_ayah:12:4:root:17
co-12_4-00053	12:4	w-s012-a004-w013	w-s012-a004-w011	ر ء ي	ش م س	2	2	4	2	9	10	intra_ayah:12:4:root:17
co-12_4-00054	12:4	w-s012-a004-w007	w-s012-a004-w009	ر ء ي	ع ش ر	2	2	4	2	1	2	intra_ayah:12:4:root:18
co-12_4-00055	12:4	w-s012-a004-w013	w-s012-a004-w009	ر ء ي	ع ش ر	4	2	4	2	1	2	intra_ayah:12:4:root:18
co-12_4-00056	12:4	w-s012-a004-w007	w-s012-a004-w012	ر ء ي	ق م ر	5	1	5	2	5	6	intra_ayah:12:4:root:19
co-12_4-00057	12:4	w-s012-a004-w013	w-s012-a004-w012	ر ء ي	ق م ر	1	1	5	2	5	6	intra_ayah:12:4:root:19
co-12_4-00058	12:4	w-s012-a004-w004	w-s012-a004-w007	ء ب و	ر ء ي	3	1	8	4	8	15	intra_ayah:12:4:root:2
co-12_4-00059	12:4	w-s012-a004-w004	w-s012-a004-w013	ء ب و	ر ء ي	9	1	8	4	8	15	intra_ayah:12:4:root:2
co-12_4-00060	12:4	w-s012-a004-w005	w-s012-a004-w007	ء ب و	ر ء ي	2	1	8	4	8	15	intra_ayah:12:4:root:2
co-12_4-00061	12:4	w-s012-a004-w005	w-s012-a004-w013	ء ب و	ر ء ي	8	1	8	4	8	15	intra_ayah:12:4:root:2
co-12_4-00062	12:4	w-s012-a004-w007	w-s012-a004-w002	ر ء ي	ق و ل	5	3	9	2	113	174	intra_ayah:12:4:root:20
co-12_4-00063	12:4	w-s012-a004-w013	w-s012-a004-w002	ر ء ي	ق و ل	11	3	9	2	113	174	intra_ayah:12:4:root:20
co-12_4-00064	12:4	w-s012-a004-w007	w-s012-a004-w010	ر ء ي	ك و ك ب	3	3	3	2	2	3	intra_ayah:12:4:root:21
co-12_4-00065	12:4	w-s012-a004-w013	w-s012-a004-w010	ر ء ي	ك و ك ب	3	3	3	2	2	3	intra_ayah:12:4:root:21
co-12_4-00066	12:4	w-s012-a004-w015	w-s012-a004-w011	س ج د	ش م س	4	3	3	1	4	7	intra_ayah:12:4:root:22
co-12_4-00067	12:4	w-s012-a004-w015	w-s012-a004-w009	س ج د	ع ش ر	6	5	5	1	2	2	intra_ayah:12:4:root:23
co-12_4-00068	12:4	w-s012-a004-w015	w-s012-a004-w012	س ج د	ق م ر	3	2	2	1	3	6	intra_ayah:12:4:root:24
co-12_4-00069	12:4	w-s012-a004-w015	w-s012-a004-w002	س ج د	ق و ل	13	10	10	1	22	40	intra_ayah:12:4:root:25
co-12_4-00070	12:4	w-s012-a004-w015	w-s012-a004-w010	س ج د	ك و ك ب	5	4	4	1	1	1	intra_ayah:12:4:root:26
co-12_4-00071	12:4	w-s012-a004-w011	w-s012-a004-w009	ش م س	ع ش ر	2	2	2	1	1	1	intra_ayah:12:4:root:27
co-12_4-00072	12:4	w-s012-a004-w011	w-s012-a004-w012	ش م س	ق م ر	1	1	1	1	18	21	intra_ayah:12:4:root:28
co-12_4-00073	12:4	w-s012-a004-w011	w-s012-a004-w002	ش م س	ق و ل	9	7	7	1	7	10	intra_ayah:12:4:root:29
co-12_4-00074	12:4	w-s012-a004-w004	w-s012-a004-w015	ء ب و	س ج د	11	8	9	2	2	4	intra_ayah:12:4:root:3
co-12_4-00075	12:4	w-s012-a004-w005	w-s012-a004-w015	ء ب و	س ج د	10	8	9	2	2	4	intra_ayah:12:4:root:3
co-12_4-00076	12:4	w-s012-a004-w011	w-s012-a004-w010	ش م س	ك و ك ب	1	1	1	1	1	1	intra_ayah:12:4:root:30
co-12_4-00077	12:4	w-s012-a004-w009	w-s012-a004-w012	ع ش ر	ق م ر	3	3	3	1	1	1	intra_ayah:12:4:root:31
co-12_4-00078	12:4	w-s012-a004-w009	w-s012-a004-w002	ع ش ر	ق و ل	7	5	5	1	9	11	intra_ayah:12:4:root:32
co-12_4-00079	12:4	w-s012-a004-w009	w-s012-a004-w010	ع ش ر	ك و ك ب	1	1	1	1	1	1	intra_ayah:12:4:root:33
co-12_4-00080	12:4	w-s012-a004-w012	w-s012-a004-w002	ق م ر	ق و ل	10	8	8	1	3	4	intra_ayah:12:4:root:34
co-12_4-00081	12:4	w-s012-a004-w012	w-s012-a004-w010	ق م ر	ك و ك ب	2	2	2	1	1	1	intra_ayah:12:4:root:35
co-12_4-00082	12:4	w-s012-a004-w002	w-s012-a004-w010	ق و ل	ك و ك ب	8	6	6	1	2	3	intra_ayah:12:4:root:36
co-12_4-00083	12:4	w-s012-a004-w004	w-s012-a004-w011	ء ب و	ش م س	7	5	6	2	1	2	intra_ayah:12:4:root:4
co-12_4-00084	12:4	w-s012-a004-w005	w-s012-a004-w011	ء ب و	ش م س	6	5	6	2	1	2	intra_ayah:12:4:root:4
co-12_4-00085	12:4	w-s012-a004-w004	w-s012-a004-w009	ء ب و	ع ش ر	5	3	4	2	3	4	intra_ayah:12:4:root:5
co-12_4-00086	12:4	w-s012-a004-w005	w-s012-a004-w009	ء ب و	ع ش ر	4	3	4	2	3	4	intra_ayah:12:4:root:5
co-12_4-00087	12:4	w-s012-a004-w004	w-s012-a004-w012	ء ب و	ق م ر	8	6	7	2	1	2	intra_ayah:12:4:root:6
co-12_4-00088	12:4	w-s012-a004-w005	w-s012-a004-w012	ء ب و	ق م ر	7	6	7	2	1	2	intra_ayah:12:4:root:6
co-12_4-00089	12:4	w-s012-a004-w004	w-s012-a004-w002	ء ب و	ق و ل	2	1	2	2	60	89	intra_ayah:12:4:root:7
co-12_4-00090	12:4	w-s012-a004-w005	w-s012-a004-w002	ء ب و	ق و ل	3	1	2	2	60	89	intra_ayah:12:4:root:7
co-12_4-00091	12:4	w-s012-a004-w004	w-s012-a004-w010	ء ب و	ك و ك ب	6	4	5	2	1	2	intra_ayah:12:4:root:8
co-12_4-00092	12:4	w-s012-a004-w005	w-s012-a004-w010	ء ب و	ك و ك ب	5	4	5	2	1	2	intra_ayah:12:4:root:8
co-12_4-00093	12:4	w-s012-a004-w008	w-s012-a004-w007	ء ح د	ر ء ي	1	1	5	2	9	12	intra_ayah:12:4:root:9
co-12_4-00094	12:4	w-s012-a004-w008	w-s012-a004-w013	ء ح د	ر ء ي	5	1	5	2	9	12	intra_ayah:12:4:root:9
co-12_5-00095	12:5	w-s012-a005-w007	w-s012-a005-w013	ء خ و	ء ن س	6	4	4	1	2	2	intra_ayah:12:5:root:1
co-12_5-00096	12:5	w-s012-a005-w013	w-s012-a005-w002	ء ن س	ب ن ي	11	7	7	1	1	1	intra_ayah:12:5:root:10
co-12_5-00097	12:5	w-s012-a005-w013	w-s012-a005-w015	ء ن س	ب ي ن	2	2	2	1	6	7	intra_ayah:12:5:root:11
co-12_5-00098	12:5	w-s012-a005-w013	w-s012-a005-w005	ء ن س	ر ء ي	8	5	5	1	6	6	intra_ayah:12:5:root:12
co-12_5-00099	12:5	w-s012-a005-w013	w-s012-a005-w012	ء ن س	ش ط ن	1	1	1	1	5	6	intra_ayah:12:5:root:13
co-12_5-00100	12:5	w-s012-a005-w013	w-s012-a005-w014	ء ن س	ع د و	1	1	1	1	3	3	intra_ayah:12:5:root:14
co-12_5-00101	12:5	w-s012-a005-w013	w-s012-a005-w004	ء ن س	ق ص ص	9	6	6	1	2	2	intra_ayah:12:5:root:15
co-12_5-00102	12:5	w-s012-a005-w013	w-s012-a005-w001	ء ن س	ق و ل	12	8	8	1	27	35	intra_ayah:12:5:root:16
co-12_5-00103	12:5	w-s012-a005-w013	w-s012-a005-w008	ء ن س	ك ي د	5	2	3	2	1	2	intra_ayah:12:5:root:17
co-12_5-00104	12:5	w-s012-a005-w013	w-s012-a005-w010	ء ن س	ك ي د	3	2	3	2	1	2	intra_ayah:12:5:root:17
co-12_5-00105	12:5	w-s012-a005-w002	w-s012-a005-w015	ب ن ي	ب ي ن	13	9	9	1	19	35	intra_ayah:12:5:root:18
co-12_5-00106	12:5	w-s012-a005-w002	w-s012-a005-w005	ب ن ي	ر ء ي	3	2	2	1	5	9	intra_ayah:12:5:root:19
co-12_5-00107	12:5	w-s012-a005-w007	w-s012-a005-w002	ء خ و	ب ن ي	5	3	3	1	9	47	intra_ayah:12:5:root:2
co-12_5-00108	12:5	w-s012-a005-w002	w-s012-a005-w012	ب ن ي	ش ط ن	10	6	6	1	4	5	intra_ayah:12:5:root:20
co-12_5-00109	12:5	w-s012-a005-w002	w-s012-a005-w014	ب ن ي	ع د و	12	8	8	1	7	10	intra_ayah:12:5:root:21
co-12_5-00110	12:5	w-s012-a005-w002	w-s012-a005-w004	ب ن ي	ق ص ص	2	1	1	1	3	3	intra_ayah:12:5:root:22
co-12_5-00111	12:5	w-s012-a005-w002	w-s012-a005-w001	ب ن ي	ق و ل	1	1	1	1	56	114	intra_ayah:12:5:root:23
co-12_5-00112	12:5	w-s012-a005-w002	w-s012-a005-w008	ب ن ي	ك ي د	6	4	5	2	2	3	intra_ayah:12:5:root:24
co-12_5-00113	12:5	w-s012-a005-w002	w-s012-a005-w010	ب ن ي	ك ي د	8	4	5	2	2	3	intra_ayah:12:5:root:24
co-12_5-00114	12:5	w-s012-a005-w015	w-s012-a005-w005	ب ي ن	ر ء ي	10	7	7	1	26	30	intra_ayah:12:5:root:25
co-12_5-00115	12:5	w-s012-a005-w015	w-s012-a005-w012	ب ي ن	ش ط ن	3	3	3	1	15	20	intra_ayah:12:5:root:26
co-12_5-00116	12:5	w-s012-a005-w015	w-s012-a005-w014	ب ي ن	ع د و	1	1	1	1	24	36	intra_ayah:12:5:root:27
co-12_5-00117	12:5	w-s012-a005-w015	w-s012-a005-w004	ب ي ن	ق ص ص	11	8	8	1	4	4	intra_ayah:12:5:root:28
co-12_5-00118	12:5	w-s012-a005-w015	w-s012-a005-w001	ب ي ن	ق و ل	14	10	10	1	137	242	intra_ayah:12:5:root:29
co-12_5-00119	12:5	w-s012-a005-w007	w-s012-a005-w015	ء خ و	ب ي ن	8	6	6	1	13	23	intra_ayah:12:5:root:3
co-12_5-00120	12:5	w-s012-a005-w015	w-s012-a005-w008	ب ي ن	ك ي د	7	4	5	2	1	2	intra_ayah:12:5:root:30
co-12_5-00121	12:5	w-s012-a005-w015	w-s012-a005-w010	ب ي ن	ك ي د	5	4	5	2	1	2	intra_ayah:12:5:root:30
co-12_5-00122	12:5	w-s012-a005-w005	w-s012-a005-w012	ر ء ي	ش ط ن	7	4	4	1	9	16	intra_ayah:12:5:root:31
co-12_5-00123	12:5	w-s012-a005-w005	w-s012-a005-w014	ر ء ي	ع د و	9	6	6	1	4	4	intra_ayah:12:5:root:32
co-12_5-00124	12:5	w-s012-a005-w005	w-s012-a005-w004	ر ء ي	ق ص ص	1	1	1	1	1	1	intra_ayah:12:5:root:33
co-12_5-00125	12:5	w-s012-a005-w005	w-s012-a005-w001	ر ء ي	ق و ل	4	3	3	1	113	174	intra_ayah:12:5:root:34
co-12_5-00126	12:5	w-s012-a005-w005	w-s012-a005-w008	ر ء ي	ك ي د	3	2	3	2	2	4	intra_ayah:12:5:root:35
co-12_5-00127	12:5	w-s012-a005-w005	w-s012-a005-w010	ر ء ي	ك ي د	5	2	3	2	2	4	intra_ayah:12:5:root:35
co-12_5-00128	12:5	w-s012-a005-w012	w-s012-a005-w014	ش ط ن	ع د و	2	2	2	1	13	17	intra_ayah:12:5:root:36
co-12_5-00129	12:5	w-s012-a005-w012	w-s012-a005-w004	ش ط ن	ق ص ص	8	5	5	1	1	1	intra_ayah:12:5:root:37
co-12_5-00130	12:5	w-s012-a005-w012	w-s012-a005-w001	ش ط ن	ق و ل	11	7	7	1	22	31	intra_ayah:12:5:root:38
co-12_5-00131	12:5	w-s012-a005-w012	w-s012-a005-w008	ش ط ن	ك ي د	4	1	2	2	2	4	intra_ayah:12:5:root:39
co-12_5-00132	12:5	w-s012-a005-w012	w-s012-a005-w010	ش ط ن	ك ي د	2	1	2	2	2	4	intra_ayah:12:5:root:39
co-12_5-00133	12:5	w-s012-a005-w007	w-s012-a005-w005	ء خ و	ر ء ي	2	1	1	1	7	8	intra_ayah:12:5:root:4
co-12_5-00134	12:5	w-s012-a005-w014	w-s012-a005-w004	ع د و	ق ص ص	10	7	7	1	3	5	intra_ayah:12:5:root:40
co-12_5-00135	12:5	w-s012-a005-w014	w-s012-a005-w001	ع د و	ق و ل	13	9	9	1	28	41	intra_ayah:12:5:root:41
co-12_5-00136	12:5	w-s012-a005-w014	w-s012-a005-w008	ع د و	ك ي د	6	3	4	2	1	2	intra_ayah:12:5:root:42
co-12_5-00137	12:5	w-s012-a005-w014	w-s012-a005-w010	ع د و	ك ي د	4	3	4	2	1	2	intra_ayah:12:5:root:42
co-12_5-00138	12:5	w-s012-a005-w004	w-s012-a005-w001	ق ص ص	ق و ل	3	2	2	1	6	9	intra_ayah:12:5:root:43
co-12_5-00139	12:5	w-s012-a005-w004	w-s012-a005-w008	ق ص ص	ك ي د	4	3	4	2	1	2	intra_ayah:12:5:root:44
co-12_5-00140	12:5	w-s012-a005-w004	w-s012-a005-w010	ق ص ص	ك ي د	6	3	4	2	1	2	intra_ayah:12:5:root:44
co-12_5-00141	12:5	w-s012-a005-w001	w-s012-a005-w008	ق و ل	ك ي د	7	5	6	2	6	9	intra_ayah:12:5:root:45
co-12_5-00142	12:5	w-s012-a005-w001	w-s012-a005-w010	ق و ل	ك ي د	9	5	6	2	6	9	intra_ayah:12:5:root:45
co-12_5-00143	12:5	w-s012-a005-w007	w-s012-a005-w012	ء خ و	ش ط ن	5	3	3	1	3	4	intra_ayah:12:5:root:5
co-12_5-00144	12:5	w-s012-a005-w007	w-s012-a005-w014	ء خ و	ع د و	7	5	5	1	4	4	intra_ayah:12:5:root:6
co-12_5-00145	12:5	w-s012-a005-w007	w-s012-a005-w004	ء خ و	ق ص ص	3	2	2	1	3	3	intra_ayah:12:5:root:7
co-12_5-00146	12:5	w-s012-a005-w007	w-s012-a005-w001	ء خ و	ق و ل	6	4	4	1	43	54	intra_ayah:12:5:root:8
co-12_5-00147	12:5	w-s012-a005-w007	w-s012-a005-w008	ء خ و	ك ي د	1	1	2	2	2	5	intra_ayah:12:5:root:9
co-12_5-00148	12:5	w-s012-a005-w007	w-s012-a005-w010	ء خ و	ك ي د	3	1	2	2	2	5	intra_ayah:12:5:root:9
co-12_6-00149	12:6	w-s012-a006-w017	w-s012-a006-w006	ء ب و	ء و ل	11	2	6	2	14	17	intra_ayah:12:6:root:1
co-12_6-00150	12:6	w-s012-a006-w017	w-s012-a006-w012	ء ب و	ء و ل	5	2	6	2	14	17	intra_ayah:12:6:root:1
co-12_6-00151	12:6	w-s012-a006-w006	w-s012-a006-w008	ء و ل	ت م م	2	1	5	4	1	4	intra_ayah:12:6:root:10
co-12_6-00152	12:6	w-s012-a006-w006	w-s012-a006-w015	ء و ل	ت م م	9	1	5	4	1	4	intra_ayah:12:6:root:10
co-12_6-00153	12:6	w-s012-a006-w012	w-s012-a006-w008	ء و ل	ت م م	4	1	5	4	1	4	intra_ayah:12:6:root:10
co-12_6-00154	12:6	w-s012-a006-w012	w-s012-a006-w015	ء و ل	ت م م	3	1	5	4	1	4	intra_ayah:12:6:root:10
co-12_6-00155	12:6	w-s012-a006-w006	w-s012-a006-w002	ء و ل	ج ب ي	4	3	7	2	2	3	intra_ayah:12:6:root:11
co-12_6-00156	12:6	w-s012-a006-w012	w-s012-a006-w002	ء و ل	ج ب ي	10	3	7	2	2	3	intra_ayah:12:6:root:11
co-12_6-00157	12:6	w-s012-a006-w006	w-s012-a006-w007	ء و ل	ح د ث	1	1	3	2	4	5	intra_ayah:12:6:root:12
co-12_6-00158	12:6	w-s012-a006-w012	w-s012-a006-w007	ء و ل	ح د ث	5	1	3	2	4	5	intra_ayah:12:6:root:12
co-12_6-00159	12:6	w-s012-a006-w006	w-s012-a006-w025	ء و ل	ح ك م	19	6	10	2	7	11	intra_ayah:12:6:root:13
co-12_6-00160	12:6	w-s012-a006-w012	w-s012-a006-w025	ء و ل	ح ك م	13	6	10	2	7	11	intra_ayah:12:6:root:13
co-12_6-00161	12:6	w-s012-a006-w006	w-s012-a006-w003	ء و ل	ر ب ب	3	2	8	4	27	43	intra_ayah:12:6:root:14
co-12_6-00162	12:6	w-s012-a006-w006	w-s012-a006-w023	ء و ل	ر ب ب	17	2	8	4	27	43	intra_ayah:12:6:root:14
co-12_6-00163	12:6	w-s012-a006-w012	w-s012-a006-w003	ء و ل	ر ب ب	9	2	8	4	27	43	intra_ayah:12:6:root:14
co-12_6-00164	12:6	w-s012-a006-w012	w-s012-a006-w023	ء و ل	ر ب ب	11	2	8	4	27	43	intra_ayah:12:6:root:14
co-12_6-00165	12:6	w-s012-a006-w006	w-s012-a006-w004	ء و ل	ع ل م	2	1	9	4	22	34	intra_ayah:12:6:root:15
co-12_6-00166	12:6	w-s012-a006-w006	w-s012-a006-w024	ء و ل	ع ل م	18	1	9	4	22	34	intra_ayah:12:6:root:15
co-12_6-00167	12:6	w-s012-a006-w012	w-s012-a006-w004	ء و ل	ع ل م	8	1	9	4	22	34	intra_ayah:12:6:root:15
co-12_6-00168	12:6	w-s012-a006-w012	w-s012-a006-w024	ء و ل	ع ل م	12	1	9	4	22	34	intra_ayah:12:6:root:15
co-12_6-00169	12:6	w-s012-a006-w006	w-s012-a006-w019	ء و ل	ق ب ل	13	3	7	2	18	21	intra_ayah:12:6:root:16
co-12_6-00170	12:6	w-s012-a006-w012	w-s012-a006-w019	ء و ل	ق ب ل	7	3	7	2	18	21	intra_ayah:12:6:root:16
co-12_6-00171	12:6	w-s012-a006-w006	w-s012-a006-w009	ء و ل	ن ع م	3	1	3	2	4	5	intra_ayah:12:6:root:17
co-12_6-00172	12:6	w-s012-a006-w012	w-s012-a006-w009	ء و ل	ن ع م	3	1	3	2	4	5	intra_ayah:12:6:root:17
co-12_6-00173	12:6	w-s012-a006-w008	w-s012-a006-w002	ت م م	ج ب ي	6	5	8	2	1	2	intra_ayah:12:6:root:18
co-12_6-00174	12:6	w-s012-a006-w015	w-s012-a006-w002	ت م م	ج ب ي	13	5	8	2	1	2	intra_ayah:12:6:root:18
co-12_6-00175	12:6	w-s012-a006-w008	w-s012-a006-w007	ت م م	ح د ث	1	1	4	2	1	2	intra_ayah:12:6:root:19
co-12_6-00176	12:6	w-s012-a006-w015	w-s012-a006-w007	ت م م	ح د ث	8	1	4	2	1	2	intra_ayah:12:6:root:19
co-12_6-00177	12:6	w-s012-a006-w017	w-s012-a006-w008	ء ب و	ت م م	9	1	4	2	1	2	intra_ayah:12:6:root:2
co-12_6-00178	12:6	w-s012-a006-w017	w-s012-a006-w015	ء ب و	ت م م	2	1	4	2	1	2	intra_ayah:12:6:root:2
co-12_6-00179	12:6	w-s012-a006-w008	w-s012-a006-w025	ت م م	ح ك م	17	5	8	2	1	2	intra_ayah:12:6:root:20
co-12_6-00180	12:6	w-s012-a006-w015	w-s012-a006-w025	ت م م	ح ك م	10	5	8	2	1	2	intra_ayah:12:6:root:20
co-12_6-00181	12:6	w-s012-a006-w008	w-s012-a006-w003	ت م م	ر ب ب	5	3	7	4	8	14	intra_ayah:12:6:root:21
co-12_6-00182	12:6	w-s012-a006-w008	w-s012-a006-w023	ت م م	ر ب ب	15	3	7	4	8	14	intra_ayah:12:6:root:21
co-12_6-00183	12:6	w-s012-a006-w015	w-s012-a006-w003	ت م م	ر ب ب	12	3	7	4	8	14	intra_ayah:12:6:root:21
co-12_6-00184	12:6	w-s012-a006-w015	w-s012-a006-w023	ت م م	ر ب ب	8	3	7	4	8	14	intra_ayah:12:6:root:21
co-12_6-00185	12:6	w-s012-a006-w008	w-s012-a006-w004	ت م م	ع ل م	4	3	7	4	5	8	intra_ayah:12:6:root:22
co-12_6-00186	12:6	w-s012-a006-w008	w-s012-a006-w024	ت م م	ع ل م	16	3	7	4	5	8	intra_ayah:12:6:root:22
co-12_6-00187	12:6	w-s012-a006-w015	w-s012-a006-w004	ت م م	ع ل م	11	3	7	4	5	8	intra_ayah:12:6:root:22
co-12_6-00188	12:6	w-s012-a006-w015	w-s012-a006-w024	ت م م	ع ل م	9	3	7	4	5	8	intra_ayah:12:6:root:22
co-12_6-00189	12:6	w-s012-a006-w008	w-s012-a006-w019	ت م م	ق ب ل	11	2	5	2	1	2	intra_ayah:12:6:root:23
co-12_6-00190	12:6	w-s012-a006-w015	w-s012-a006-w019	ت م م	ق ب ل	4	2	5	2	1	2	intra_ayah:12:6:root:23
co-12_6-00191	12:6	w-s012-a006-w008	w-s012-a006-w009	ت م م	ن ع م	1	1	2	2	6	7	intra_ayah:12:6:root:24
co-12_6-00192	12:6	w-s012-a006-w015	w-s012-a006-w009	ت م م	ن ع م	6	1	2	2	6	7	intra_ayah:12:6:root:24
co-12_6-00193	12:6	w-s012-a006-w002	w-s012-a006-w007	ج ب ي	ح د ث	5	4	4	1	1	1	intra_ayah:12:6:root:25
co-12_6-00194	12:6	w-s012-a006-w002	w-s012-a006-w025	ج ب ي	ح ك م	23	13	13	1	1	1	intra_ayah:12:6:root:26
co-12_6-00195	12:6	w-s012-a006-w002	w-s012-a006-w003	ج ب ي	ر ب ب	1	1	11	2	4	6	intra_ayah:12:6:root:27
co-12_6-00196	12:6	w-s012-a006-w002	w-s012-a006-w023	ج ب ي	ر ب ب	21	1	11	2	4	6	intra_ayah:12:6:root:27
co-12_6-00197	12:6	w-s012-a006-w002	w-s012-a006-w004	ج ب ي	ع ل م	2	2	12	2	2	3	intra_ayah:12:6:root:28
co-12_6-00198	12:6	w-s012-a006-w002	w-s012-a006-w024	ج ب ي	ع ل م	22	2	12	2	2	3	intra_ayah:12:6:root:28
co-12_6-00199	12:6	w-s012-a006-w002	w-s012-a006-w019	ج ب ي	ق ب ل	17	10	10	1	2	2	intra_ayah:12:6:root:29
co-12_6-00200	12:6	w-s012-a006-w017	w-s012-a006-w002	ء ب و	ج ب ي	15	9	9	1	3	3	intra_ayah:12:6:root:3
co-12_6-00201	12:6	w-s012-a006-w002	w-s012-a006-w009	ج ب ي	ن ع م	7	6	6	1	4	5	intra_ayah:12:6:root:30
co-12_6-00202	12:6	w-s012-a006-w007	w-s012-a006-w025	ح د ث	ح ك م	18	9	9	1	1	1	intra_ayah:12:6:root:31
co-12_6-00203	12:6	w-s012-a006-w007	w-s012-a006-w003	ح د ث	ر ب ب	4	3	7	2	8	9	intra_ayah:12:6:root:32
co-12_6-00204	12:6	w-s012-a006-w007	w-s012-a006-w023	ح د ث	ر ب ب	16	3	7	2	8	9	intra_ayah:12:6:root:32
co-12_6-00205	12:6	w-s012-a006-w007	w-s012-a006-w004	ح د ث	ع ل م	3	2	8	2	6	8	intra_ayah:12:6:root:33
co-12_6-00206	12:6	w-s012-a006-w007	w-s012-a006-w024	ح د ث	ع ل م	17	2	8	2	6	8	intra_ayah:12:6:root:33
co-12_6-00207	12:6	w-s012-a006-w007	w-s012-a006-w019	ح د ث	ق ب ل	12	6	6	1	1	1	intra_ayah:12:6:root:34
co-12_6-00208	12:6	w-s012-a006-w007	w-s012-a006-w009	ح د ث	ن ع م	2	2	2	1	2	2	intra_ayah:12:6:root:35
co-12_6-00209	12:6	w-s012-a006-w025	w-s012-a006-w003	ح ك م	ر ب ب	22	2	12	2	30	42	intra_ayah:12:6:root:36
co-12_6-00210	12:6	w-s012-a006-w025	w-s012-a006-w023	ح ك م	ر ب ب	2	2	12	2	30	42	intra_ayah:12:6:root:36
co-12_6-00211	12:6	w-s012-a006-w025	w-s012-a006-w004	ح ك م	ع ل م	21	1	11	2	71	94	intra_ayah:12:6:root:37
co-12_6-00212	12:6	w-s012-a006-w025	w-s012-a006-w024	ح ك م	ع ل م	1	1	11	2	71	94	intra_ayah:12:6:root:37
co-12_6-00213	12:6	w-s012-a006-w025	w-s012-a006-w019	ح ك م	ق ب ل	6	3	3	1	12	14	intra_ayah:12:6:root:38
co-12_6-00214	12:6	w-s012-a006-w025	w-s012-a006-w009	ح ك م	ن ع م	16	7	7	1	10	11	intra_ayah:12:6:root:39
co-12_6-00215	12:6	w-s012-a006-w017	w-s012-a006-w007	ء ب و	ح د ث	10	5	5	1	1	1	intra_ayah:12:6:root:4
co-12_6-00216	12:6	w-s012-a006-w003	w-s012-a006-w004	ر ب ب	ع ل م	1	1	11	4	129	173	intra_ayah:12:6:root:40
co-12_6-00217	12:6	w-s012-a006-w003	w-s012-a006-w024	ر ب ب	ع ل م	21	1	11	4	129	173	intra_ayah:12:6:root:40
co-12_6-00218	12:6	w-s012-a006-w023	w-s012-a006-w004	ر ب ب	ع ل م	19	1	11	4	129	173	intra_ayah:12:6:root:40
co-12_6-00219	12:6	w-s012-a006-w023	w-s012-a006-w024	ر ب ب	ع ل م	1	1	11	4	129	173	intra_ayah:12:6:root:40
co-12_6-00220	12:6	w-s012-a006-w003	w-s012-a006-w019	ر ب ب	ق ب ل	16	1	9	2	44	61	intra_ayah:12:6:root:41
co-12_6-00221	12:6	w-s012-a006-w023	w-s012-a006-w019	ر ب ب	ق ب ل	4	1	9	2	44	61	intra_ayah:12:6:root:41
co-12_6-00222	12:6	w-s012-a006-w003	w-s012-a006-w009	ر ب ب	ن ع م	6	5	5	2	20	24	intra_ayah:12:6:root:42
co-12_6-00223	12:6	w-s012-a006-w023	w-s012-a006-w009	ر ب ب	ن ع م	14	5	5	2	20	24	intra_ayah:12:6:root:42
co-12_6-00224	12:6	w-s012-a006-w004	w-s012-a006-w019	ع ل م	ق ب ل	15	2	8	2	45	54	intra_ayah:12:6:root:43
co-12_6-00225	12:6	w-s012-a006-w024	w-s012-a006-w019	ع ل م	ق ب ل	5	2	8	2	45	54	intra_ayah:12:6:root:43
co-12_6-00226	12:6	w-s012-a006-w004	w-s012-a006-w009	ع ل م	ن ع م	5	4	6	2	15	22	intra_ayah:12:6:root:44
co-12_6-00227	12:6	w-s012-a006-w024	w-s012-a006-w009	ع ل م	ن ع م	15	4	6	2	15	22	intra_ayah:12:6:root:44
co-12_6-00228	12:6	w-s012-a006-w019	w-s012-a006-w009	ق ب ل	ن ع م	10	4	4	1	3	4	intra_ayah:12:6:root:45
co-12_6-00229	12:6	w-s012-a006-w017	w-s012-a006-w025	ء ب و	ح ك م	8	4	4	1	6	12	intra_ayah:12:6:root:5
co-12_6-00230	12:6	w-s012-a006-w017	w-s012-a006-w003	ء ب و	ر ب ب	14	2	8	2	11	19	intra_ayah:12:6:root:6
co-12_6-00231	12:6	w-s012-a006-w017	w-s012-a006-w023	ء ب و	ر ب ب	6	2	8	2	11	19	intra_ayah:12:6:root:6
co-12_6-00232	12:6	w-s012-a006-w017	w-s012-a006-w004	ء ب و	ع ل م	13	3	7	2	16	28	intra_ayah:12:6:root:7
co-12_6-00233	12:6	w-s012-a006-w017	w-s012-a006-w024	ء ب و	ع ل م	7	3	7	2	16	28	intra_ayah:12:6:root:7
co-12_6-00234	12:6	w-s012-a006-w017	w-s012-a006-w019	ء ب و	ق ب ل	2	1	1	1	13	15	intra_ayah:12:6:root:8
co-12_6-00235	12:6	w-s012-a006-w017	w-s012-a006-w009	ء ب و	ن ع م	8	3	3	1	2	3	intra_ayah:12:6:root:9
co-12_7-00236	12:7	w-s012-a007-w005	w-s012-a007-w006	ء خ و	ء ي ي	1	1	1	1	9	10	intra_ayah:12:7:root:1
co-12_7-00237	12:7	w-s012-a007-w005	w-s012-a007-w007	ء خ و	س ء ل	2	2	2	1	2	2	intra_ayah:12:7:root:2
co-12_7-00238	12:7	w-s012-a007-w005	w-s012-a007-w002	ء خ و	ك و ن	3	1	1	1	19	60	intra_ayah:12:7:root:3
co-12_7-00239	12:7	w-s012-a007-w006	w-s012-a007-w007	ء ي ي	س ء ل	1	1	1	1	6	7	intra_ayah:12:7:root:4
co-12_7-00240	12:7	w-s012-a007-w006	w-s012-a007-w002	ء ي ي	ك و ن	4	2	2	1	98	130	intra_ayah:12:7:root:5
co-12_7-00241	12:7	w-s012-a007-w007	w-s012-a007-w002	س ء ل	ك و ن	5	3	3	1	27	37	intra_ayah:12:7:root:6
co-12_8-00242	12:8	w-s012-a008-w007	w-s012-a008-w004	ء ب و	ء خ و	3	2	4	2	15	29	intra_ayah:12:8:root:1
co-12_8-00243	12:8	w-s012-a008-w012	w-s012-a008-w004	ء ب و	ء خ و	8	2	4	2	15	29	intra_ayah:12:8:root:1
co-12_8-00244	12:8	w-s012-a008-w004	w-s012-a008-w010	ء خ و	ع ص ب	6	3	3	1	1	1	intra_ayah:12:8:root:10
co-12_8-00245	12:8	w-s012-a008-w004	w-s012-a008-w002	ء خ و	ق و ل	2	1	1	1	43	54	intra_ayah:12:8:root:11
co-12_8-00246	12:8	w-s012-a008-w015	w-s012-a008-w005	ب ي ن	ح ب ب	10	5	5	1	8	10	intra_ayah:12:8:root:12
co-12_8-00247	12:8	w-s012-a008-w015	w-s012-a008-w014	ب ي ن	ض ل ل	1	1	1	1	30	33	intra_ayah:12:8:root:13
co-12_8-00248	12:8	w-s012-a008-w015	w-s012-a008-w010	ب ي ن	ع ص ب	5	3	3	1	1	1	intra_ayah:12:8:root:14
co-12_8-00249	12:8	w-s012-a008-w015	w-s012-a008-w002	ب ي ن	ق و ل	13	7	7	1	137	242	intra_ayah:12:8:root:15
co-12_8-00250	12:8	w-s012-a008-w005	w-s012-a008-w014	ح ب ب	ض ل ل	9	4	4	1	3	3	intra_ayah:12:8:root:16
co-12_8-00251	12:8	w-s012-a008-w005	w-s012-a008-w010	ح ب ب	ع ص ب	5	2	2	1	2	2	intra_ayah:12:8:root:17
co-12_8-00252	12:8	w-s012-a008-w005	w-s012-a008-w002	ح ب ب	ق و ل	3	2	2	1	15	24	intra_ayah:12:8:root:18
co-12_8-00253	12:8	w-s012-a008-w014	w-s012-a008-w010	ض ل ل	ع ص ب	4	2	2	1	1	1	intra_ayah:12:8:root:19
co-12_8-00254	12:8	w-s012-a008-w007	w-s012-a008-w015	ء ب و	ب ي ن	8	2	4	2	13	19	intra_ayah:12:8:root:2
co-12_8-00255	12:8	w-s012-a008-w012	w-s012-a008-w015	ء ب و	ب ي ن	3	2	4	2	13	19	intra_ayah:12:8:root:2
co-12_8-00256	12:8	w-s012-a008-w014	w-s012-a008-w002	ض ل ل	ق و ل	12	6	6	1	59	78	intra_ayah:12:8:root:20
co-12_8-00257	12:8	w-s012-a008-w010	w-s012-a008-w002	ع ص ب	ق و ل	8	4	4	1	4	4	intra_ayah:12:8:root:21
co-12_8-00258	12:8	w-s012-a008-w007	w-s012-a008-w005	ء ب و	ح ب ب	2	1	3	2	3	4	intra_ayah:12:8:root:3
co-12_8-00259	12:8	w-s012-a008-w012	w-s012-a008-w005	ء ب و	ح ب ب	7	1	3	2	3	4	intra_ayah:12:8:root:3
co-12_8-00260	12:8	w-s012-a008-w007	w-s012-a008-w014	ء ب و	ض ل ل	7	1	3	2	5	6	intra_ayah:12:8:root:4
co-12_8-00261	12:8	w-s012-a008-w012	w-s012-a008-w014	ء ب و	ض ل ل	2	1	3	2	5	6	intra_ayah:12:8:root:4
co-12_8-00262	12:8	w-s012-a008-w007	w-s012-a008-w010	ء ب و	ع ص ب	3	1	1	2	1	2	intra_ayah:12:8:root:5
co-12_8-00263	12:8	w-s012-a008-w012	w-s012-a008-w010	ء ب و	ع ص ب	2	1	1	2	1	2	intra_ayah:12:8:root:5
co-12_8-00264	12:8	w-s012-a008-w007	w-s012-a008-w002	ء ب و	ق و ل	5	3	5	2	60	89	intra_ayah:12:8:root:6
co-12_8-00265	12:8	w-s012-a008-w012	w-s012-a008-w002	ء ب و	ق و ل	10	3	5	2	60	89	intra_ayah:12:8:root:6
co-12_8-00266	12:8	w-s012-a008-w004	w-s012-a008-w015	ء خ و	ب ي ن	11	6	6	1	13	23	intra_ayah:12:8:root:7
co-12_8-00267	12:8	w-s012-a008-w004	w-s012-a008-w005	ء خ و	ح ب ب	1	1	1	1	4	4	intra_ayah:12:8:root:8
co-12_8-00268	12:8	w-s012-a008-w004	w-s012-a008-w014	ء خ و	ض ل ل	10	5	5	1	3	4	intra_ayah:12:8:root:9
co-12_9-00269	12:9	w-s012-a009-w009	w-s012-a009-w005	ء ب و	ء ر ض	4	3	3	1	5	6	intra_ayah:12:9:root:1
co-12_9-00270	12:9	w-s012-a009-w005	w-s012-a009-w012	ء ر ض	ب ع د	7	5	5	1	37	42	intra_ayah:12:9:root:10
co-12_9-00271	12:9	w-s012-a009-w005	w-s012-a009-w006	ء ر ض	خ ل و	1	1	1	1	2	2	intra_ayah:12:9:root:11
co-12_9-00272	12:9	w-s012-a009-w005	w-s012-a009-w014	ء ر ض	ص ل ح	9	7	7	1	14	14	intra_ayah:12:9:root:12
co-12_9-00273	12:9	w-s012-a009-w005	w-s012-a009-w004	ء ر ض	ط ر ح	1	1	1	1	1	1	intra_ayah:12:9:root:13
co-12_9-00274	12:9	w-s012-a009-w005	w-s012-a009-w001	ء ر ض	ق ت ل	4	2	2	1	12	19	intra_ayah:12:9:root:14
co-12_9-00275	12:9	w-s012-a009-w005	w-s012-a009-w013	ء ر ض	ق و م	8	6	6	1	48	56	intra_ayah:12:9:root:15
co-12_9-00276	12:9	w-s012-a009-w005	w-s012-a009-w010	ء ر ض	ك و ن	5	4	4	1	91	149	intra_ayah:12:9:root:16
co-12_9-00277	12:9	w-s012-a009-w005	w-s012-a009-w008	ء ر ض	و ج ه	3	2	2	1	2	3	intra_ayah:12:9:root:17
co-12_9-00278	12:9	w-s012-a009-w012	w-s012-a009-w006	ب ع د	خ ل و	6	4	4	1	1	1	intra_ayah:12:9:root:18
co-12_9-00279	12:9	w-s012-a009-w012	w-s012-a009-w014	ب ع د	ص ل ح	2	2	2	1	13	15	intra_ayah:12:9:root:19
co-12_9-00280	12:9	w-s012-a009-w009	w-s012-a009-w012	ء ب و	ب ع د	3	2	2	1	5	8	intra_ayah:12:9:root:2
co-12_9-00281	12:9	w-s012-a009-w012	w-s012-a009-w004	ب ع د	ط ر ح	8	6	6	1	1	1	intra_ayah:12:9:root:20
co-12_9-00282	12:9	w-s012-a009-w012	w-s012-a009-w001	ب ع د	ق ت ل	11	7	7	1	11	21	intra_ayah:12:9:root:21
co-12_9-00283	12:9	w-s012-a009-w012	w-s012-a009-w013	ب ع د	ق و م	1	1	1	1	38	49	intra_ayah:12:9:root:22
co-12_9-00284	12:9	w-s012-a009-w012	w-s012-a009-w010	ب ع د	ك و ن	2	1	1	1	50	80	intra_ayah:12:9:root:23
co-12_9-00285	12:9	w-s012-a009-w012	w-s012-a009-w008	ب ع د	و ج ه	4	3	3	1	3	5	intra_ayah:12:9:root:24
co-12_9-00286	12:9	w-s012-a009-w006	w-s012-a009-w014	خ ل و	ص ل ح	8	6	6	1	1	1	intra_ayah:12:9:root:25
co-12_9-00287	12:9	w-s012-a009-w006	w-s012-a009-w004	خ ل و	ط ر ح	2	2	2	1	1	1	intra_ayah:12:9:root:26
co-12_9-00288	12:9	w-s012-a009-w006	w-s012-a009-w001	خ ل و	ق ت ل	5	3	3	1	3	3	intra_ayah:12:9:root:27
co-12_9-00289	12:9	w-s012-a009-w006	w-s012-a009-w013	خ ل و	ق و م	7	5	5	1	3	3	intra_ayah:12:9:root:28
co-12_9-00290	12:9	w-s012-a009-w006	w-s012-a009-w010	خ ل و	ك و ن	4	3	3	1	9	10	intra_ayah:12:9:root:29
co-12_9-00291	12:9	w-s012-a009-w009	w-s012-a009-w006	ء ب و	خ ل و	3	2	2	1	1	1	intra_ayah:12:9:root:3
co-12_9-00292	12:9	w-s012-a009-w006	w-s012-a009-w008	خ ل و	و ج ه	2	1	1	1	1	1	intra_ayah:12:9:root:30
co-12_9-00293	12:9	w-s012-a009-w014	w-s012-a009-w004	ص ل ح	ط ر ح	10	8	8	1	1	1	intra_ayah:12:9:root:31
co-12_9-00294	12:9	w-s012-a009-w014	w-s012-a009-w001	ص ل ح	ق ت ل	13	9	9	1	3	7	intra_ayah:12:9:root:32
co-12_9-00295	12:9	w-s012-a009-w014	w-s012-a009-w013	ص ل ح	ق و م	1	1	1	1	15	19	intra_ayah:12:9:root:33
co-12_9-00296	12:9	w-s012-a009-w014	w-s012-a009-w010	ص ل ح	ك و ن	4	3	3	1	36	43	intra_ayah:12:9:root:34
co-12_9-00297	12:9	w-s012-a009-w014	w-s012-a009-w008	ص ل ح	و ج ه	6	5	5	1	2	2	intra_ayah:12:9:root:35
co-12_9-00298	12:9	w-s012-a009-w004	w-s012-a009-w001	ط ر ح	ق ت ل	3	1	1	1	1	1	intra_ayah:12:9:root:36
co-12_9-00299	12:9	w-s012-a009-w004	w-s012-a009-w013	ط ر ح	ق و م	9	7	7	1	1	1	intra_ayah:12:9:root:37
co-12_9-00300	12:9	w-s012-a009-w004	w-s012-a009-w010	ط ر ح	ك و ن	6	5	5	1	1	1	intra_ayah:12:9:root:38
co-12_9-00301	12:9	w-s012-a009-w004	w-s012-a009-w008	ط ر ح	و ج ه	4	3	3	1	1	1	intra_ayah:12:9:root:39
co-12_9-00302	12:9	w-s012-a009-w009	w-s012-a009-w014	ء ب و	ص ل ح	5	4	4	1	5	5	intra_ayah:12:9:root:4
co-12_9-00303	12:9	w-s012-a009-w001	w-s012-a009-w013	ق ت ل	ق و م	12	8	8	1	18	36	intra_ayah:12:9:root:40
co-12_9-00304	12:9	w-s012-a009-w001	w-s012-a009-w010	ق ت ل	ك و ن	9	6	6	1	29	56	intra_ayah:12:9:root:41
co-12_9-00305	12:9	w-s012-a009-w001	w-s012-a009-w008	ق ت ل	و ج ه	7	4	4	1	1	1	intra_ayah:12:9:root:42
co-12_9-00306	12:9	w-s012-a009-w013	w-s012-a009-w010	ق و م	ك و ن	3	2	2	1	131	196	intra_ayah:12:9:root:43
co-12_9-00307	12:9	w-s012-a009-w013	w-s012-a009-w008	ق و م	و ج ه	5	4	4	1	15	18	intra_ayah:12:9:root:44
co-12_9-00308	12:9	w-s012-a009-w010	w-s012-a009-w008	ك و ن	و ج ه	2	2	2	1	16	28	intra_ayah:12:9:root:45
co-12_9-00309	12:9	w-s012-a009-w009	w-s012-a009-w004	ء ب و	ط ر ح	5	4	4	1	1	1	intra_ayah:12:9:root:5
co-12_9-00310	12:9	w-s012-a009-w009	w-s012-a009-w001	ء ب و	ق ت ل	8	5	5	1	1	1	intra_ayah:12:9:root:6
co-12_9-00311	12:9	w-s012-a009-w009	w-s012-a009-w013	ء ب و	ق و م	4	3	3	1	16	16	intra_ayah:12:9:root:7
co-12_9-00312	12:9	w-s012-a009-w009	w-s012-a009-w010	ء ب و	ك و ن	1	1	1	1	40	69	intra_ayah:12:9:root:8
co-12_9-00313	12:9	w-s012-a009-w009	w-s012-a009-w008	ء ب و	و ج ه	1	1	1	1	2	2	intra_ayah:12:9:root:9
co-12_10-00314	12:10	w-s012-a010-w012	w-s012-a010-w010	ب ع ض	ج ب ب	2	2	2	1	1	1	intra_ayah:12:10:root:1
co-12_10-00315	12:10	w-s012-a010-w010	w-s012-a010-w013	ج ب ب	س ي ر	3	3	3	1	1	1	intra_ayah:12:10:root:10
co-12_10-00316	12:10	w-s012-a010-w010	w-s012-a010-w009	ج ب ب	غ ي ب	1	1	1	1	2	2	intra_ayah:12:10:root:11
co-12_10-00317	12:10	w-s012-a010-w010	w-s012-a010-w016	ج ب ب	ف ع ل	6	5	5	1	1	1	intra_ayah:12:10:root:12
co-12_10-00318	12:10	w-s012-a010-w010	w-s012-a010-w005	ج ب ب	ق ت ل	5	3	3	1	1	1	intra_ayah:12:10:root:13
co-12_10-00319	12:10	w-s012-a010-w010	w-s012-a010-w001	ج ب ب	ق و ل	9	4	5	2	1	2	intra_ayah:12:10:root:14
co-12_10-00320	12:10	w-s012-a010-w010	w-s012-a010-w002	ج ب ب	ق و ل	8	4	5	2	1	2	intra_ayah:12:10:root:14
co-12_10-00321	12:10	w-s012-a010-w010	w-s012-a010-w015	ج ب ب	ك و ن	5	4	4	1	1	1	intra_ayah:12:10:root:15
co-12_10-00322	12:10	w-s012-a010-w010	w-s012-a010-w011	ج ب ب	ل ق ط	1	1	1	1	1	1	intra_ayah:12:10:root:16
co-12_10-00323	12:10	w-s012-a010-w010	w-s012-a010-w007	ج ب ب	ل ق ي	3	2	2	1	1	1	intra_ayah:12:10:root:17
co-12_10-00324	12:10	w-s012-a010-w013	w-s012-a010-w009	س ي ر	غ ي ب	4	4	4	1	1	1	intra_ayah:12:10:root:18
co-12_10-00325	12:10	w-s012-a010-w013	w-s012-a010-w016	س ي ر	ف ع ل	3	2	2	1	1	1	intra_ayah:12:10:root:19
co-12_10-00326	12:10	w-s012-a010-w012	w-s012-a010-w013	ب ع ض	س ي ر	1	1	1	1	1	1	intra_ayah:12:10:root:2
co-12_10-00327	12:10	w-s012-a010-w013	w-s012-a010-w005	س ي ر	ق ت ل	8	6	6	1	1	1	intra_ayah:12:10:root:20
co-12_10-00328	12:10	w-s012-a010-w013	w-s012-a010-w001	س ي ر	ق و ل	12	7	8	2	8	9	intra_ayah:12:10:root:21
co-12_10-00329	12:10	w-s012-a010-w013	w-s012-a010-w002	س ي ر	ق و ل	11	7	8	2	8	9	intra_ayah:12:10:root:21
co-12_10-00330	12:10	w-s012-a010-w013	w-s012-a010-w015	س ي ر	ك و ن	2	1	1	1	15	29	intra_ayah:12:10:root:22
co-12_10-00331	12:10	w-s012-a010-w013	w-s012-a010-w011	س ي ر	ل ق ط	2	2	2	1	1	1	intra_ayah:12:10:root:23
co-12_10-00332	12:10	w-s012-a010-w013	w-s012-a010-w007	س ي ر	ل ق ي	6	5	5	1	1	1	intra_ayah:12:10:root:24
co-12_10-00333	12:10	w-s012-a010-w009	w-s012-a010-w016	غ ي ب	ف ع ل	7	6	6	1	1	1	intra_ayah:12:10:root:25
co-12_10-00334	12:10	w-s012-a010-w009	w-s012-a010-w005	غ ي ب	ق ت ل	4	2	2	1	1	1	intra_ayah:12:10:root:26
co-12_10-00335	12:10	w-s012-a010-w009	w-s012-a010-w001	غ ي ب	ق و ل	8	3	4	2	20	39	intra_ayah:12:10:root:27
co-12_10-00336	12:10	w-s012-a010-w009	w-s012-a010-w002	غ ي ب	ق و ل	7	3	4	2	20	39	intra_ayah:12:10:root:27
co-12_10-00337	12:10	w-s012-a010-w009	w-s012-a010-w015	غ ي ب	ك و ن	6	5	5	1	21	25	intra_ayah:12:10:root:28
co-12_10-00338	12:10	w-s012-a010-w009	w-s012-a010-w011	غ ي ب	ل ق ط	2	2	2	1	1	1	intra_ayah:12:10:root:29
co-12_10-00339	12:10	w-s012-a010-w012	w-s012-a010-w009	ب ع ض	غ ي ب	3	3	3	1	3	6	intra_ayah:12:10:root:3
co-12_10-00340	12:10	w-s012-a010-w009	w-s012-a010-w007	غ ي ب	ل ق ي	2	1	1	1	3	3	intra_ayah:12:10:root:30
co-12_10-00341	12:10	w-s012-a010-w016	w-s012-a010-w005	ف ع ل	ق ت ل	11	8	8	1	6	8	intra_ayah:12:10:root:31
co-12_10-00342	12:10	w-s012-a010-w016	w-s012-a010-w001	ف ع ل	ق و ل	15	9	10	2	32	41	intra_ayah:12:10:root:32
co-12_10-00343	12:10	w-s012-a010-w016	w-s012-a010-w002	ف ع ل	ق و ل	14	9	10	2	32	41	intra_ayah:12:10:root:32
co-12_10-00344	12:10	w-s012-a010-w016	w-s012-a010-w015	ف ع ل	ك و ن	1	1	1	1	34	44	intra_ayah:12:10:root:33
co-12_10-00345	12:10	w-s012-a010-w016	w-s012-a010-w011	ف ع ل	ل ق ط	5	4	4	1	1	1	intra_ayah:12:10:root:34
co-12_10-00346	12:10	w-s012-a010-w016	w-s012-a010-w007	ف ع ل	ل ق ي	9	7	7	1	4	4	intra_ayah:12:10:root:35
co-12_10-00347	12:10	w-s012-a010-w005	w-s012-a010-w001	ق ت ل	ق و ل	4	1	2	2	40	98	intra_ayah:12:10:root:36
co-12_10-00348	12:10	w-s012-a010-w005	w-s012-a010-w002	ق ت ل	ق و ل	3	1	2	2	40	98	intra_ayah:12:10:root:36
co-12_10-00349	12:10	w-s012-a010-w005	w-s012-a010-w015	ق ت ل	ك و ن	10	7	7	1	29	56	intra_ayah:12:10:root:37
co-12_10-00350	12:10	w-s012-a010-w005	w-s012-a010-w011	ق ت ل	ل ق ط	6	4	4	1	1	1	intra_ayah:12:10:root:38
co-12_10-00351	12:10	w-s012-a010-w005	w-s012-a010-w007	ق ت ل	ل ق ي	2	1	1	1	8	12	intra_ayah:12:10:root:39
co-12_10-00352	12:10	w-s012-a010-w012	w-s012-a010-w016	ب ع ض	ف ع ل	4	3	3	1	7	13	intra_ayah:12:10:root:4
co-12_10-00353	12:10	w-s012-a010-w001	w-s012-a010-w015	ق و ل	ك و ن	14	8	9	2	369	573	intra_ayah:12:10:root:40
co-12_10-00354	12:10	w-s012-a010-w002	w-s012-a010-w015	ق و ل	ك و ن	13	8	9	2	369	573	intra_ayah:12:10:root:40
co-12_10-00355	12:10	w-s012-a010-w001	w-s012-a010-w011	ق و ل	ل ق ط	10	5	6	2	1	2	intra_ayah:12:10:root:41
co-12_10-00356	12:10	w-s012-a010-w002	w-s012-a010-w011	ق و ل	ل ق ط	9	5	6	2	1	2	intra_ayah:12:10:root:41
co-12_10-00357	12:10	w-s012-a010-w001	w-s012-a010-w007	ق و ل	ل ق ي	6	2	3	2	42	62	intra_ayah:12:10:root:42
co-12_10-00358	12:10	w-s012-a010-w002	w-s012-a010-w007	ق و ل	ل ق ي	5	2	3	2	42	62	intra_ayah:12:10:root:42
co-12_10-00359	12:10	w-s012-a010-w015	w-s012-a010-w011	ك و ن	ل ق ط	4	3	3	1	2	3	intra_ayah:12:10:root:43
co-12_10-00360	12:10	w-s012-a010-w015	w-s012-a010-w007	ك و ن	ل ق ي	8	6	6	1	30	37	intra_ayah:12:10:root:44
co-12_10-00361	12:10	w-s012-a010-w011	w-s012-a010-w007	ل ق ط	ل ق ي	4	3	3	1	1	1	intra_ayah:12:10:root:45
co-12_10-00362	12:10	w-s012-a010-w012	w-s012-a010-w005	ب ع ض	ق ت ل	7	5	5	1	7	18	intra_ayah:12:10:root:5
co-12_10-00363	12:10	w-s012-a010-w012	w-s012-a010-w001	ب ع ض	ق و ل	11	6	7	2	35	83	intra_ayah:12:10:root:6
co-12_10-00364	12:10	w-s012-a010-w012	w-s012-a010-w002	ب ع ض	ق و ل	10	6	7	2	35	83	intra_ayah:12:10:root:6
co-12_10-00365	12:10	w-s012-a010-w012	w-s012-a010-w015	ب ع ض	ك و ن	3	2	2	1	17	31	intra_ayah:12:10:root:7
co-12_10-00366	12:10	w-s012-a010-w012	w-s012-a010-w011	ب ع ض	ل ق ط	1	1	1	1	1	1	intra_ayah:12:10:root:8
co-12_10-00367	12:10	w-s012-a010-w012	w-s012-a010-w007	ب ع ض	ل ق ي	5	4	4	1	4	6	intra_ayah:12:10:root:9
co-12_11-00368	12:11	w-s012-a011-w002	w-s012-a011-w006	ء ب و	ء م ن	4	1	1	1	11	16	intra_ayah:12:11:root:1
co-12_11-00369	12:11	w-s012-a011-w002	w-s012-a011-w001	ء ب و	ق و ل	1	1	1	1	60	89	intra_ayah:12:11:root:2
co-12_11-00370	12:11	w-s012-a011-w002	w-s012-a011-w011	ء ب و	ن ص ح	9	2	2	1	1	1	intra_ayah:12:11:root:3
co-12_11-00371	12:11	w-s012-a011-w006	w-s012-a011-w001	ء م ن	ق و ل	5	2	2	1	185	327	intra_ayah:12:11:root:4
co-12_11-00372	12:11	w-s012-a011-w006	w-s012-a011-w011	ء م ن	ن ص ح	5	1	1	1	3	4	intra_ayah:12:11:root:5
co-12_11-00373	12:11	w-s012-a011-w001	w-s012-a011-w011	ق و ل	ن ص ح	10	3	3	1	6	7	intra_ayah:12:11:root:6
co-12_12-00374	12:12	w-s012-a012-w008	w-s012-a012-w004	ح ف ظ	ر ت ع	4	2	2	1	1	1	intra_ayah:12:12:root:1
co-12_12-00375	12:12	w-s012-a012-w003	w-s012-a012-w005	غ د و	ل ع ب	2	2	2	1	1	1	intra_ayah:12:12:root:10
co-12_12-00376	12:12	w-s012-a012-w008	w-s012-a012-w001	ح ف ظ	ر س ل	7	4	4	1	7	9	intra_ayah:12:12:root:2
co-12_12-00377	12:12	w-s012-a012-w008	w-s012-a012-w003	ح ف ظ	غ د و	5	3	3	1	1	1	intra_ayah:12:12:root:3
co-12_12-00378	12:12	w-s012-a012-w008	w-s012-a012-w005	ح ف ظ	ل ع ب	3	1	1	1	1	1	intra_ayah:12:12:root:4
co-12_12-00379	12:12	w-s012-a012-w004	w-s012-a012-w001	ر ت ع	ر س ل	3	2	2	1	1	1	intra_ayah:12:12:root:5
co-12_12-00380	12:12	w-s012-a012-w004	w-s012-a012-w003	ر ت ع	غ د و	1	1	1	1	1	1	intra_ayah:12:12:root:6
co-12_12-00381	12:12	w-s012-a012-w004	w-s012-a012-w005	ر ت ع	ل ع ب	1	1	1	1	1	1	intra_ayah:12:12:root:7
co-12_12-00382	12:12	w-s012-a012-w001	w-s012-a012-w003	ر س ل	غ د و	2	1	1	1	1	1	intra_ayah:12:12:root:8
co-12_12-00383	12:12	w-s012-a012-w001	w-s012-a012-w005	ر س ل	ل ع ب	4	3	3	1	2	2	intra_ayah:12:12:root:9
co-12_13-00384	12:13	w-s012-a013-w009	w-s012-a013-w003	ء ك ل	ح ز ن	6	3	3	1	1	1	intra_ayah:12:13:root:1
co-12_13-00385	12:13	w-s012-a013-w003	w-s012-a013-w013	ح ز ن	غ ف ل	10	5	5	1	1	1	intra_ayah:12:13:root:10
co-12_13-00386	12:13	w-s012-a013-w003	w-s012-a013-w001	ح ز ن	ق و ل	2	1	1	1	15	16	intra_ayah:12:13:root:11
co-12_13-00387	12:13	w-s012-a013-w007	w-s012-a013-w010	خ و ف	ذ ء ب	3	2	2	1	1	1	intra_ayah:12:13:root:12
co-12_13-00388	12:13	w-s012-a013-w007	w-s012-a013-w005	خ و ف	ذ ه ب	2	1	1	1	2	3	intra_ayah:12:13:root:13
co-12_13-00389	12:13	w-s012-a013-w007	w-s012-a013-w013	خ و ف	غ ف ل	6	3	3	1	2	2	intra_ayah:12:13:root:14
co-12_13-00390	12:13	w-s012-a013-w007	w-s012-a013-w001	خ و ف	ق و ل	6	3	3	1	32	39	intra_ayah:12:13:root:15
co-12_13-00391	12:13	w-s012-a013-w010	w-s012-a013-w005	ذ ء ب	ذ ه ب	5	3	3	1	2	2	intra_ayah:12:13:root:16
co-12_13-00392	12:13	w-s012-a013-w010	w-s012-a013-w013	ذ ء ب	غ ف ل	3	1	1	1	1	1	intra_ayah:12:13:root:17
co-12_13-00393	12:13	w-s012-a013-w010	w-s012-a013-w001	ذ ء ب	ق و ل	9	5	5	1	3	3	intra_ayah:12:13:root:18
co-12_13-00394	12:13	w-s012-a013-w005	w-s012-a013-w013	ذ ه ب	غ ف ل	8	4	4	1	1	1	intra_ayah:12:13:root:19
co-12_13-00395	12:13	w-s012-a013-w009	w-s012-a013-w007	ء ك ل	خ و ف	2	1	1	1	1	1	intra_ayah:12:13:root:2
co-12_13-00396	12:13	w-s012-a013-w005	w-s012-a013-w001	ذ ه ب	ق و ل	4	2	2	1	11	12	intra_ayah:12:13:root:20
co-12_13-00397	12:13	w-s012-a013-w013	w-s012-a013-w001	غ ف ل	ق و ل	12	6	6	1	8	10	intra_ayah:12:13:root:21
co-12_13-00398	12:13	w-s012-a013-w009	w-s012-a013-w010	ء ك ل	ذ ء ب	1	1	1	1	3	3	intra_ayah:12:13:root:3
co-12_13-00399	12:13	w-s012-a013-w009	w-s012-a013-w005	ء ك ل	ذ ه ب	4	2	2	1	3	3	intra_ayah:12:13:root:4
co-12_13-00400	12:13	w-s012-a013-w009	w-s012-a013-w013	ء ك ل	غ ف ل	4	2	2	1	1	1	intra_ayah:12:13:root:5
co-12_13-00401	12:13	w-s012-a013-w009	w-s012-a013-w001	ء ك ل	ق و ل	8	4	4	1	22	28	intra_ayah:12:13:root:6
co-12_13-00402	12:13	w-s012-a013-w003	w-s012-a013-w007	ح ز ن	خ و ف	4	2	2	1	18	19	intra_ayah:12:13:root:7
co-12_13-00403	12:13	w-s012-a013-w003	w-s012-a013-w010	ح ز ن	ذ ء ب	7	4	4	1	1	1	intra_ayah:12:13:root:8
co-12_13-00404	12:13	w-s012-a013-w003	w-s012-a013-w005	ح ز ن	ذ ه ب	2	1	1	1	2	2	intra_ayah:12:13:root:9
co-12_14-00405	12:14	w-s012-a014-w003	w-s012-a014-w009	ء ك ل	خ س ر	6	3	3	1	1	1	intra_ayah:12:14:root:1
co-12_14-00406	12:14	w-s012-a014-w006	w-s012-a014-w001	ع ص ب	ق و ل	5	3	3	1	4	4	intra_ayah:12:14:root:10
co-12_14-00407	12:14	w-s012-a014-w003	w-s012-a014-w004	ء ك ل	ذ ء ب	1	1	1	1	3	3	intra_ayah:12:14:root:2
co-12_14-00408	12:14	w-s012-a014-w003	w-s012-a014-w006	ء ك ل	ع ص ب	3	2	2	1	1	1	intra_ayah:12:14:root:3
co-12_14-00409	12:14	w-s012-a014-w003	w-s012-a014-w001	ء ك ل	ق و ل	2	1	1	1	22	28	intra_ayah:12:14:root:4
co-12_14-00410	12:14	w-s012-a014-w009	w-s012-a014-w004	خ س ر	ذ ء ب	5	2	2	1	1	1	intra_ayah:12:14:root:5
co-12_14-00411	12:14	w-s012-a014-w009	w-s012-a014-w006	خ س ر	ع ص ب	3	1	1	1	1	1	intra_ayah:12:14:root:6
co-12_14-00412	12:14	w-s012-a014-w009	w-s012-a014-w001	خ س ر	ق و ل	8	4	4	1	18	22	intra_ayah:12:14:root:7
co-12_14-00413	12:14	w-s012-a014-w004	w-s012-a014-w006	ذ ء ب	ع ص ب	2	1	1	1	1	1	intra_ayah:12:14:root:8
co-12_14-00414	12:14	w-s012-a014-w004	w-s012-a014-w001	ذ ء ب	ق و ل	3	2	2	1	3	3	intra_ayah:12:14:root:9
co-12_15-00415	12:15	w-s012-a015-w013	w-s012-a015-w009	ء م ر	ج ب ب	4	3	3	1	1	1	intra_ayah:12:15:root:1
co-12_15-00416	12:15	w-s012-a015-w009	w-s012-a015-w004	ج ب ب	ج م ع	5	3	3	1	1	1	intra_ayah:12:15:root:10
co-12_15-00417	12:15	w-s012-a015-w009	w-s012-a015-w002	ج ب ب	ذ ه ب	7	4	4	1	1	1	intra_ayah:12:15:root:11
co-12_15-00418	12:15	w-s012-a015-w009	w-s012-a015-w017	ج ب ب	ش ع ر	8	4	4	1	1	1	intra_ayah:12:15:root:12
co-12_15-00419	12:15	w-s012-a015-w009	w-s012-a015-w008	ج ب ب	غ ي ب	1	1	1	1	2	2	intra_ayah:12:15:root:13
co-12_15-00420	12:15	w-s012-a015-w009	w-s012-a015-w012	ج ب ب	ن ب ء	3	2	2	1	1	1	intra_ayah:12:15:root:14
co-12_15-00421	12:15	w-s012-a015-w009	w-s012-a015-w010	ج ب ب	و ح ي	1	1	1	1	1	1	intra_ayah:12:15:root:15
co-12_15-00422	12:15	w-s012-a015-w006	w-s012-a015-w004	ج ع ل	ج م ع	2	1	1	1	3	5	intra_ayah:12:15:root:16
co-12_15-00423	12:15	w-s012-a015-w006	w-s012-a015-w002	ج ع ل	ذ ه ب	4	2	2	1	3	3	intra_ayah:12:15:root:17
co-12_15-00424	12:15	w-s012-a015-w006	w-s012-a015-w017	ج ع ل	ش ع ر	11	6	6	1	4	5	intra_ayah:12:15:root:18
co-12_15-00425	12:15	w-s012-a015-w006	w-s012-a015-w008	ج ع ل	غ ي ب	2	1	1	1	1	1	intra_ayah:12:15:root:19
co-12_15-00426	12:15	w-s012-a015-w013	w-s012-a015-w006	ء م ر	ج ع ل	7	5	5	1	14	15	intra_ayah:12:15:root:2
co-12_15-00427	12:15	w-s012-a015-w006	w-s012-a015-w012	ج ع ل	ن ب ء	6	4	4	1	11	13	intra_ayah:12:15:root:20
co-12_15-00428	12:15	w-s012-a015-w006	w-s012-a015-w010	ج ع ل	و ح ي	4	3	3	1	7	7	intra_ayah:12:15:root:21
co-12_15-00429	12:15	w-s012-a015-w004	w-s012-a015-w002	ج م ع	ذ ه ب	2	1	1	1	3	3	intra_ayah:12:15:root:22
co-12_15-00430	12:15	w-s012-a015-w004	w-s012-a015-w017	ج م ع	ش ع ر	13	7	7	1	1	1	intra_ayah:12:15:root:23
co-12_15-00431	12:15	w-s012-a015-w004	w-s012-a015-w008	ج م ع	غ ي ب	4	2	2	1	3	3	intra_ayah:12:15:root:24
co-12_15-00432	12:15	w-s012-a015-w004	w-s012-a015-w012	ج م ع	ن ب ء	8	5	5	1	7	7	intra_ayah:12:15:root:25
co-12_15-00433	12:15	w-s012-a015-w004	w-s012-a015-w010	ج م ع	و ح ي	6	4	4	1	3	3	intra_ayah:12:15:root:26
co-12_15-00434	12:15	w-s012-a015-w002	w-s012-a015-w017	ذ ه ب	ش ع ر	15	8	8	1	1	1	intra_ayah:12:15:root:27
co-12_15-00435	12:15	w-s012-a015-w002	w-s012-a015-w008	ذ ه ب	غ ي ب	6	3	3	1	1	1	intra_ayah:12:15:root:28
co-12_15-00436	12:15	w-s012-a015-w002	w-s012-a015-w012	ذ ه ب	ن ب ء	10	6	6	1	2	2	intra_ayah:12:15:root:29
co-12_15-00437	12:15	w-s012-a015-w013	w-s012-a015-w004	ء م ر	ج م ع	9	6	6	1	7	10	intra_ayah:12:15:root:3
co-12_15-00438	12:15	w-s012-a015-w002	w-s012-a015-w010	ذ ه ب	و ح ي	8	5	5	1	2	2	intra_ayah:12:15:root:30
co-12_15-00439	12:15	w-s012-a015-w017	w-s012-a015-w008	ش ع ر	غ ي ب	9	5	5	1	2	2	intra_ayah:12:15:root:31
co-12_15-00440	12:15	w-s012-a015-w017	w-s012-a015-w012	ش ع ر	ن ب ء	5	2	2	1	2	2	intra_ayah:12:15:root:32
co-12_15-00441	12:15	w-s012-a015-w017	w-s012-a015-w010	ش ع ر	و ح ي	7	3	3	1	1	1	intra_ayah:12:15:root:33
co-12_15-00442	12:15	w-s012-a015-w008	w-s012-a015-w012	غ ي ب	ن ب ء	4	3	3	1	8	10	intra_ayah:12:15:root:34
co-12_15-00443	12:15	w-s012-a015-w008	w-s012-a015-w010	غ ي ب	و ح ي	2	2	2	1	5	5	intra_ayah:12:15:root:35
co-12_15-00444	12:15	w-s012-a015-w012	w-s012-a015-w010	ن ب ء	و ح ي	2	1	1	1	6	8	intra_ayah:12:15:root:36
co-12_15-00445	12:15	w-s012-a015-w013	w-s012-a015-w002	ء م ر	ذ ه ب	11	7	7	1	2	2	intra_ayah:12:15:root:4
co-12_15-00446	12:15	w-s012-a015-w013	w-s012-a015-w017	ء م ر	ش ع ر	4	1	1	1	1	1	intra_ayah:12:15:root:5
co-12_15-00447	12:15	w-s012-a015-w013	w-s012-a015-w008	ء م ر	غ ي ب	5	4	4	1	4	4	intra_ayah:12:15:root:6
co-12_15-00448	12:15	w-s012-a015-w013	w-s012-a015-w012	ء م ر	ن ب ء	1	1	1	1	10	12	intra_ayah:12:15:root:7
co-12_15-00449	12:15	w-s012-a015-w013	w-s012-a015-w010	ء م ر	و ح ي	3	2	2	1	6	7	intra_ayah:12:15:root:8
co-12_15-00450	12:15	w-s012-a015-w009	w-s012-a015-w006	ج ب ب	ج ع ل	3	2	2	1	1	1	intra_ayah:12:15:root:9
co-12_16-00451	12:16	w-s012-a016-w002	w-s012-a016-w004	ء ب و	ب ك ي	2	2	2	1	1	1	intra_ayah:12:16:root:1
co-12_16-00452	12:16	w-s012-a016-w002	w-s012-a016-w001	ء ب و	ج ي ء	1	1	1	1	13	15	intra_ayah:12:16:root:2
co-12_16-00453	12:16	w-s012-a016-w002	w-s012-a016-w003	ء ب و	ع ش و	1	1	1	1	1	1	intra_ayah:12:16:root:3
co-12_16-00454	12:16	w-s012-a016-w004	w-s012-a016-w001	ب ك ي	ج ي ء	3	3	3	1	1	1	intra_ayah:12:16:root:4
co-12_16-00455	12:16	w-s012-a016-w004	w-s012-a016-w003	ب ك ي	ع ش و	1	1	1	1	1	1	intra_ayah:12:16:root:5
co-12_16-00456	12:16	w-s012-a016-w001	w-s012-a016-w003	ج ي ء	ع ش و	2	2	2	1	1	1	intra_ayah:12:16:root:6
co-12_17-00457	12:17	w-s012-a017-w002	w-s012-a017-w010	ء ب و	ء ك ل	8	6	6	1	2	3	intra_ayah:12:17:root:1
co-12_17-00458	12:17	w-s012-a017-w002	w-s012-a017-w017	ء ب و	ك و ن	15	9	9	1	40	69	intra_ayah:12:17:root:10
co-12_17-00459	12:17	w-s012-a017-w002	w-s012-a017-w009	ء ب و	م ت ع	7	5	5	1	5	5	intra_ayah:12:17:root:11
co-12_17-00460	12:17	w-s012-a017-w010	w-s012-a017-w014	ء ك ل	ء م ن	4	2	2	1	11	12	intra_ayah:12:17:root:12
co-12_17-00461	12:17	w-s012-a017-w010	w-s012-a017-w006	ء ك ل	ت ر ك	4	3	3	1	1	1	intra_ayah:12:17:root:13
co-12_17-00462	12:17	w-s012-a017-w010	w-s012-a017-w011	ء ك ل	ذ ء ب	1	1	1	1	3	3	intra_ayah:12:17:root:14
co-12_17-00463	12:17	w-s012-a017-w010	w-s012-a017-w004	ء ك ل	ذ ه ب	6	5	5	1	3	3	intra_ayah:12:17:root:15
co-12_17-00464	12:17	w-s012-a017-w010	w-s012-a017-w005	ء ك ل	س ب ق	5	4	4	1	1	1	intra_ayah:12:17:root:16
co-12_17-00465	12:17	w-s012-a017-w010	w-s012-a017-w018	ء ك ل	ص د ق	8	4	4	1	7	8	intra_ayah:12:17:root:17
co-12_17-00466	12:17	w-s012-a017-w010	w-s012-a017-w008	ء ك ل	ع ن د	2	2	2	1	3	4	intra_ayah:12:17:root:18
co-12_17-00467	12:17	w-s012-a017-w010	w-s012-a017-w001	ء ك ل	ق و ل	9	7	7	1	22	28	intra_ayah:12:17:root:19
co-12_17-00468	12:17	w-s012-a017-w002	w-s012-a017-w014	ء ب و	ء م ن	12	8	8	1	11	16	intra_ayah:12:17:root:2
co-12_17-00469	12:17	w-s012-a017-w010	w-s012-a017-w017	ء ك ل	ك و ن	7	3	3	1	27	32	intra_ayah:12:17:root:20
co-12_17-00470	12:17	w-s012-a017-w010	w-s012-a017-w009	ء ك ل	م ت ع	1	1	1	1	4	5	intra_ayah:12:17:root:21
co-12_17-00471	12:17	w-s012-a017-w014	w-s012-a017-w006	ء م ن	ت ر ك	8	5	5	1	8	9	intra_ayah:12:17:root:22
co-12_17-00472	12:17	w-s012-a017-w014	w-s012-a017-w011	ء م ن	ذ ء ب	3	1	1	1	1	1	intra_ayah:12:17:root:23
co-12_17-00473	12:17	w-s012-a017-w014	w-s012-a017-w004	ء م ن	ذ ه ب	10	7	7	1	8	10	intra_ayah:12:17:root:24
co-12_17-00474	12:17	w-s012-a017-w014	w-s012-a017-w005	ء م ن	س ب ق	9	6	6	1	5	7	intra_ayah:12:17:root:25
co-12_17-00475	12:17	w-s012-a017-w014	w-s012-a017-w018	ء م ن	ص د ق	4	2	2	1	28	48	intra_ayah:12:17:root:26
co-12_17-00476	12:17	w-s012-a017-w014	w-s012-a017-w008	ء م ن	ع ن د	6	4	4	1	36	44	intra_ayah:12:17:root:27
co-12_17-00477	12:17	w-s012-a017-w014	w-s012-a017-w001	ء م ن	ق و ل	13	9	9	1	185	327	intra_ayah:12:17:root:28
co-12_17-00478	12:17	w-s012-a017-w014	w-s012-a017-w017	ء م ن	ك و ن	3	1	1	1	197	320	intra_ayah:12:17:root:29
co-12_17-00479	12:17	w-s012-a017-w002	w-s012-a017-w006	ء ب و	ت ر ك	4	3	3	1	3	8	intra_ayah:12:17:root:3
co-12_17-00480	12:17	w-s012-a017-w014	w-s012-a017-w009	ء م ن	م ت ع	5	3	3	1	11	15	intra_ayah:12:17:root:30
co-12_17-00481	12:17	w-s012-a017-w006	w-s012-a017-w011	ت ر ك	ذ ء ب	5	4	4	1	1	1	intra_ayah:12:17:root:31
co-12_17-00482	12:17	w-s012-a017-w006	w-s012-a017-w004	ت ر ك	ذ ه ب	2	2	2	1	2	2	intra_ayah:12:17:root:32
co-12_17-00483	12:17	w-s012-a017-w006	w-s012-a017-w005	ت ر ك	س ب ق	1	1	1	1	1	1	intra_ayah:12:17:root:33
co-12_17-00484	12:17	w-s012-a017-w006	w-s012-a017-w018	ت ر ك	ص د ق	12	7	7	1	2	2	intra_ayah:12:17:root:34
co-12_17-00485	12:17	w-s012-a017-w006	w-s012-a017-w008	ت ر ك	ع ن د	2	1	1	1	2	2	intra_ayah:12:17:root:35
co-12_17-00486	12:17	w-s012-a017-w006	w-s012-a017-w001	ت ر ك	ق و ل	5	4	4	1	12	15	intra_ayah:12:17:root:36
co-12_17-00487	12:17	w-s012-a017-w006	w-s012-a017-w017	ت ر ك	ك و ن	11	6	6	1	8	47	intra_ayah:12:17:root:37
co-12_17-00488	12:17	w-s012-a017-w006	w-s012-a017-w009	ت ر ك	م ت ع	3	2	2	1	1	1	intra_ayah:12:17:root:38
co-12_17-00489	12:17	w-s012-a017-w011	w-s012-a017-w004	ذ ء ب	ذ ه ب	7	6	6	1	2	2	intra_ayah:12:17:root:39
co-12_17-00490	12:17	w-s012-a017-w002	w-s012-a017-w011	ء ب و	ذ ء ب	9	7	7	1	1	1	intra_ayah:12:17:root:4
co-12_17-00491	12:17	w-s012-a017-w011	w-s012-a017-w005	ذ ء ب	س ب ق	6	5	5	1	1	1	intra_ayah:12:17:root:40
co-12_17-00492	12:17	w-s012-a017-w011	w-s012-a017-w018	ذ ء ب	ص د ق	7	3	3	1	1	1	intra_ayah:12:17:root:41
co-12_17-00493	12:17	w-s012-a017-w011	w-s012-a017-w008	ذ ء ب	ع ن د	3	3	3	1	1	1	intra_ayah:12:17:root:42
co-12_17-00494	12:17	w-s012-a017-w011	w-s012-a017-w001	ذ ء ب	ق و ل	10	8	8	1	3	3	intra_ayah:12:17:root:43
co-12_17-00495	12:17	w-s012-a017-w011	w-s012-a017-w017	ذ ء ب	ك و ن	6	2	2	1	1	1	intra_ayah:12:17:root:44
co-12_17-00496	12:17	w-s012-a017-w011	w-s012-a017-w009	ذ ء ب	م ت ع	2	2	2	1	1	1	intra_ayah:12:17:root:45
co-12_17-00497	12:17	w-s012-a017-w004	w-s012-a017-w005	ذ ه ب	س ب ق	1	1	1	1	1	1	intra_ayah:12:17:root:46
co-12_17-00498	12:17	w-s012-a017-w004	w-s012-a017-w018	ذ ه ب	ص د ق	14	9	9	1	1	1	intra_ayah:12:17:root:47
co-12_17-00499	12:17	w-s012-a017-w004	w-s012-a017-w008	ذ ه ب	ع ن د	4	3	3	1	2	2	intra_ayah:12:17:root:48
co-12_17-00500	12:17	w-s012-a017-w004	w-s012-a017-w001	ذ ه ب	ق و ل	3	2	2	1	11	12	intra_ayah:12:17:root:49
co-12_17-00501	12:17	w-s012-a017-w002	w-s012-a017-w004	ء ب و	ذ ه ب	2	1	1	1	2	2	intra_ayah:12:17:root:5
co-12_17-00502	12:17	w-s012-a017-w004	w-s012-a017-w017	ذ ه ب	ك و ن	13	8	8	1	9	10	intra_ayah:12:17:root:50
co-12_17-00503	12:17	w-s012-a017-w004	w-s012-a017-w009	ذ ه ب	م ت ع	5	4	4	1	4	4	intra_ayah:12:17:root:51
co-12_17-00504	12:17	w-s012-a017-w005	w-s012-a017-w018	س ب ق	ص د ق	13	8	8	1	2	2	intra_ayah:12:17:root:52
co-12_17-00505	12:17	w-s012-a017-w005	w-s012-a017-w008	س ب ق	ع ن د	3	2	2	1	1	1	intra_ayah:12:17:root:53
co-12_17-00506	12:17	w-s012-a017-w005	w-s012-a017-w001	س ب ق	ق و ل	4	3	3	1	9	11	intra_ayah:12:17:root:54
co-12_17-00507	12:17	w-s012-a017-w005	w-s012-a017-w017	س ب ق	ك و ن	12	7	7	1	7	7	intra_ayah:12:17:root:55
co-12_17-00508	12:17	w-s012-a017-w005	w-s012-a017-w009	س ب ق	م ت ع	4	3	3	1	1	1	intra_ayah:12:17:root:56
co-12_17-00509	12:17	w-s012-a017-w018	w-s012-a017-w008	ص د ق	ع ن د	10	6	6	1	9	9	intra_ayah:12:17:root:57
co-12_17-00510	12:17	w-s012-a017-w018	w-s012-a017-w001	ص د ق	ق و ل	17	11	11	1	54	72	intra_ayah:12:17:root:58
co-12_17-00511	12:17	w-s012-a017-w018	w-s012-a017-w017	ص د ق	ك و ن	1	1	1	1	73	90	intra_ayah:12:17:root:59
co-12_17-00512	12:17	w-s012-a017-w002	w-s012-a017-w005	ء ب و	س ب ق	3	2	2	1	1	1	intra_ayah:12:17:root:6
co-12_17-00513	12:17	w-s012-a017-w018	w-s012-a017-w009	ص د ق	م ت ع	9	5	5	1	2	2	intra_ayah:12:17:root:60
co-12_17-00514	12:17	w-s012-a017-w008	w-s012-a017-w001	ع ن د	ق و ل	7	5	5	1	71	118	intra_ayah:12:17:root:61
co-12_17-00515	12:17	w-s012-a017-w008	w-s012-a017-w017	ع ن د	ك و ن	9	5	5	1	41	62	intra_ayah:12:17:root:62
co-12_17-00516	12:17	w-s012-a017-w008	w-s012-a017-w009	ع ن د	م ت ع	1	1	1	1	7	7	intra_ayah:12:17:root:63
co-12_17-00517	12:17	w-s012-a017-w001	w-s012-a017-w017	ق و ل	ك و ن	16	10	10	1	369	573	intra_ayah:12:17:root:64
co-12_17-00518	12:17	w-s012-a017-w001	w-s012-a017-w009	ق و ل	م ت ع	8	6	6	1	17	21	intra_ayah:12:17:root:65
co-12_17-00519	12:17	w-s012-a017-w017	w-s012-a017-w009	ك و ن	م ت ع	8	4	4	1	16	26	intra_ayah:12:17:root:66
co-12_17-00520	12:17	w-s012-a017-w002	w-s012-a017-w018	ء ب و	ص د ق	16	10	10	1	5	5	intra_ayah:12:17:root:7
co-12_17-00521	12:17	w-s012-a017-w002	w-s012-a017-w008	ء ب و	ع ن د	6	4	4	1	4	5	intra_ayah:12:17:root:8
co-12_17-00522	12:17	w-s012-a017-w002	w-s012-a017-w001	ء ب و	ق و ل	1	1	1	1	60	89	intra_ayah:12:17:root:9
co-12_18-00523	12:18	w-s012-a018-w014	w-s012-a018-w011	ء ل ه	ء م ر	3	3	3	1	112	224	intra_ayah:12:18:root:1
co-12_18-00524	12:18	w-s012-a018-w014	w-s012-a018-w005	ء ل ه	ك ذ ب	9	7	7	1	68	119	intra_ayah:12:18:root:10
co-12_18-00525	12:18	w-s012-a018-w014	w-s012-a018-w010	ء ل ه	ن ف س	4	4	4	1	139	272	intra_ayah:12:18:root:11
co-12_18-00526	12:18	w-s012-a018-w014	w-s012-a018-w018	ء ل ه	و ص ف	4	2	2	1	8	14	intra_ayah:12:18:root:12
co-12_18-00527	12:18	w-s012-a018-w011	w-s012-a018-w013	ء م ر	ج م ل	2	2	2	1	2	2	intra_ayah:12:18:root:13
co-12_18-00528	12:18	w-s012-a018-w011	w-s012-a018-w001	ء م ر	ج ي ء	10	7	7	1	19	21	intra_ayah:12:18:root:14
co-12_18-00529	12:18	w-s012-a018-w011	w-s012-a018-w004	ء م ر	د م و	7	5	5	1	1	1	intra_ayah:12:18:root:15
co-12_18-00530	12:18	w-s012-a018-w011	w-s012-a018-w008	ء م ر	س و ل	3	2	2	1	2	2	intra_ayah:12:18:root:16
co-12_18-00531	12:18	w-s012-a018-w011	w-s012-a018-w012	ء م ر	ص ب ر	1	1	1	1	11	12	intra_ayah:12:18:root:17
co-12_18-00532	12:18	w-s012-a018-w011	w-s012-a018-w015	ء م ر	ع و ن	4	4	4	1	2	2	intra_ayah:12:18:root:18
co-12_18-00533	12:18	w-s012-a018-w011	w-s012-a018-w003	ء م ر	ق م ص	8	6	6	1	1	1	intra_ayah:12:18:root:19
co-12_18-00534	12:18	w-s012-a018-w014	w-s012-a018-w013	ء ل ه	ج م ل	1	1	1	1	2	2	intra_ayah:12:18:root:2
co-12_18-00535	12:18	w-s012-a018-w011	w-s012-a018-w006	ء م ر	ق و ل	5	3	3	1	69	112	intra_ayah:12:18:root:20
co-12_18-00536	12:18	w-s012-a018-w011	w-s012-a018-w005	ء م ر	ك ذ ب	6	4	4	1	4	5	intra_ayah:12:18:root:21
co-12_18-00537	12:18	w-s012-a018-w011	w-s012-a018-w010	ء م ر	ن ف س	1	1	1	1	20	28	intra_ayah:12:18:root:22
co-12_18-00538	12:18	w-s012-a018-w011	w-s012-a018-w018	ء م ر	و ص ف	7	5	5	1	1	1	intra_ayah:12:18:root:23
co-12_18-00539	12:18	w-s012-a018-w013	w-s012-a018-w001	ج م ل	ج ي ء	12	9	9	1	1	1	intra_ayah:12:18:root:24
co-12_18-00540	12:18	w-s012-a018-w013	w-s012-a018-w004	ج م ل	د م و	9	7	7	1	1	1	intra_ayah:12:18:root:25
co-12_18-00541	12:18	w-s012-a018-w013	w-s012-a018-w008	ج م ل	س و ل	5	4	4	1	2	2	intra_ayah:12:18:root:26
co-12_18-00542	12:18	w-s012-a018-w013	w-s012-a018-w012	ج م ل	ص ب ر	1	1	1	1	4	5	intra_ayah:12:18:root:27
co-12_18-00543	12:18	w-s012-a018-w013	w-s012-a018-w015	ج م ل	ع و ن	2	2	2	1	1	1	intra_ayah:12:18:root:28
co-12_18-00544	12:18	w-s012-a018-w013	w-s012-a018-w003	ج م ل	ق م ص	10	8	8	1	1	1	intra_ayah:12:18:root:29
co-12_18-00545	12:18	w-s012-a018-w014	w-s012-a018-w001	ء ل ه	ج ي ء	13	10	10	1	97	161	intra_ayah:12:18:root:3
co-12_18-00546	12:18	w-s012-a018-w013	w-s012-a018-w006	ج م ل	ق و ل	7	5	5	1	5	5	intra_ayah:12:18:root:30
co-12_18-00547	12:18	w-s012-a018-w013	w-s012-a018-w005	ج م ل	ك ذ ب	8	6	6	1	2	2	intra_ayah:12:18:root:31
co-12_18-00548	12:18	w-s012-a018-w013	w-s012-a018-w010	ج م ل	ن ف س	3	3	3	1	2	2	intra_ayah:12:18:root:32
co-12_18-00549	12:18	w-s012-a018-w013	w-s012-a018-w018	ج م ل	و ص ف	5	3	3	1	1	1	intra_ayah:12:18:root:33
co-12_18-00550	12:18	w-s012-a018-w001	w-s012-a018-w004	ج ي ء	د م و	3	2	2	1	1	1	intra_ayah:12:18:root:34
co-12_18-00551	12:18	w-s012-a018-w001	w-s012-a018-w008	ج ي ء	س و ل	7	5	5	1	1	1	intra_ayah:12:18:root:35
co-12_18-00552	12:18	w-s012-a018-w001	w-s012-a018-w012	ج ي ء	ص ب ر	11	8	8	1	3	3	intra_ayah:12:18:root:36
co-12_18-00553	12:18	w-s012-a018-w001	w-s012-a018-w015	ج ي ء	ع و ن	14	11	11	1	2	2	intra_ayah:12:18:root:37
co-12_18-00554	12:18	w-s012-a018-w001	w-s012-a018-w003	ج ي ء	ق م ص	2	1	1	1	1	1	intra_ayah:12:18:root:38
co-12_18-00555	12:18	w-s012-a018-w001	w-s012-a018-w006	ج ي ء	ق و ل	5	4	4	1	118	160	intra_ayah:12:18:root:39
co-12_18-00556	12:18	w-s012-a018-w014	w-s012-a018-w004	ء ل ه	د م و	10	8	8	1	6	10	intra_ayah:12:18:root:4
co-12_18-00557	12:18	w-s012-a018-w001	w-s012-a018-w005	ج ي ء	ك ذ ب	4	3	3	1	28	36	intra_ayah:12:18:root:40
co-12_18-00558	12:18	w-s012-a018-w001	w-s012-a018-w010	ج ي ء	ن ف س	9	6	6	1	24	27	intra_ayah:12:18:root:41
co-12_18-00559	12:18	w-s012-a018-w001	w-s012-a018-w018	ج ي ء	و ص ف	17	12	12	1	1	1	intra_ayah:12:18:root:42
co-12_18-00560	12:18	w-s012-a018-w004	w-s012-a018-w008	د م و	س و ل	4	3	3	1	1	1	intra_ayah:12:18:root:43
co-12_18-00561	12:18	w-s012-a018-w004	w-s012-a018-w012	د م و	ص ب ر	8	6	6	1	1	1	intra_ayah:12:18:root:44
co-12_18-00562	12:18	w-s012-a018-w004	w-s012-a018-w015	د م و	ع و ن	11	9	9	1	1	1	intra_ayah:12:18:root:45
co-12_18-00563	12:18	w-s012-a018-w004	w-s012-a018-w003	د م و	ق م ص	1	1	1	1	1	1	intra_ayah:12:18:root:46
co-12_18-00564	12:18	w-s012-a018-w004	w-s012-a018-w006	د م و	ق و ل	2	2	2	1	3	5	intra_ayah:12:18:root:47
co-12_18-00565	12:18	w-s012-a018-w004	w-s012-a018-w005	د م و	ك ذ ب	1	1	1	1	1	1	intra_ayah:12:18:root:48
co-12_18-00566	12:18	w-s012-a018-w004	w-s012-a018-w010	د م و	ن ف س	6	4	4	1	2	2	intra_ayah:12:18:root:49
co-12_18-00567	12:18	w-s012-a018-w014	w-s012-a018-w008	ء ل ه	س و ل	6	5	5	1	2	2	intra_ayah:12:18:root:5
co-12_18-00568	12:18	w-s012-a018-w004	w-s012-a018-w018	د م و	و ص ف	14	10	10	1	1	1	intra_ayah:12:18:root:50
co-12_18-00569	12:18	w-s012-a018-w008	w-s012-a018-w012	س و ل	ص ب ر	4	3	3	1	2	2	intra_ayah:12:18:root:51
co-12_18-00570	12:18	w-s012-a018-w008	w-s012-a018-w015	س و ل	ع و ن	7	6	6	1	1	1	intra_ayah:12:18:root:52
co-12_18-00571	12:18	w-s012-a018-w008	w-s012-a018-w003	س و ل	ق م ص	5	4	4	1	1	1	intra_ayah:12:18:root:53
co-12_18-00572	12:18	w-s012-a018-w008	w-s012-a018-w006	س و ل	ق و ل	2	1	1	1	3	3	intra_ayah:12:18:root:54
co-12_18-00573	12:18	w-s012-a018-w008	w-s012-a018-w005	س و ل	ك ذ ب	3	2	2	1	1	1	intra_ayah:12:18:root:55
co-12_18-00574	12:18	w-s012-a018-w008	w-s012-a018-w010	س و ل	ن ف س	2	1	1	1	3	3	intra_ayah:12:18:root:56
co-12_18-00575	12:18	w-s012-a018-w008	w-s012-a018-w018	س و ل	و ص ف	10	7	7	1	1	1	intra_ayah:12:18:root:57
co-12_18-00576	12:18	w-s012-a018-w012	w-s012-a018-w015	ص ب ر	ع و ن	3	3	3	1	4	5	intra_ayah:12:18:root:58
co-12_18-00577	12:18	w-s012-a018-w012	w-s012-a018-w003	ص ب ر	ق م ص	9	7	7	1	1	1	intra_ayah:12:18:root:59
co-12_18-00578	12:18	w-s012-a018-w014	w-s012-a018-w012	ء ل ه	ص ب ر	2	2	2	1	37	62	intra_ayah:12:18:root:6
co-12_18-00579	12:18	w-s012-a018-w012	w-s012-a018-w006	ص ب ر	ق و ل	6	4	4	1	21	29	intra_ayah:12:18:root:60
co-12_18-00580	12:18	w-s012-a018-w012	w-s012-a018-w005	ص ب ر	ك ذ ب	7	5	5	1	2	3	intra_ayah:12:18:root:61
co-12_18-00581	12:18	w-s012-a018-w012	w-s012-a018-w010	ص ب ر	ن ف س	2	2	2	1	6	6	intra_ayah:12:18:root:62
co-12_18-00582	12:18	w-s012-a018-w012	w-s012-a018-w018	ص ب ر	و ص ف	6	4	4	1	1	1	intra_ayah:12:18:root:63
co-12_18-00583	12:18	w-s012-a018-w015	w-s012-a018-w003	ع و ن	ق م ص	12	10	10	1	1	1	intra_ayah:12:18:root:64
co-12_18-00584	12:18	w-s012-a018-w015	w-s012-a018-w006	ع و ن	ق و ل	9	7	7	1	6	8	intra_ayah:12:18:root:65
co-12_18-00585	12:18	w-s012-a018-w015	w-s012-a018-w005	ع و ن	ك ذ ب	10	8	8	1	1	1	intra_ayah:12:18:root:66
co-12_18-00586	12:18	w-s012-a018-w015	w-s012-a018-w010	ع و ن	ن ف س	5	5	5	1	1	1	intra_ayah:12:18:root:67
co-12_18-00587	12:18	w-s012-a018-w015	w-s012-a018-w018	ع و ن	و ص ف	3	1	1	1	2	2	intra_ayah:12:18:root:68
co-12_18-00588	12:18	w-s012-a018-w003	w-s012-a018-w006	ق م ص	ق و ل	3	3	3	1	4	4	intra_ayah:12:18:root:69
co-12_18-00589	12:18	w-s012-a018-w014	w-s012-a018-w015	ء ل ه	ع و ن	1	1	1	1	4	10	intra_ayah:12:18:root:7
co-12_18-00590	12:18	w-s012-a018-w003	w-s012-a018-w005	ق م ص	ك ذ ب	2	2	2	1	3	3	intra_ayah:12:18:root:70
co-12_18-00591	12:18	w-s012-a018-w003	w-s012-a018-w010	ق م ص	ن ف س	7	5	5	1	2	2	intra_ayah:12:18:root:71
co-12_18-00592	12:18	w-s012-a018-w003	w-s012-a018-w018	ق م ص	و ص ف	15	11	11	1	1	1	intra_ayah:12:18:root:72
co-12_18-00593	12:18	w-s012-a018-w006	w-s012-a018-w005	ق و ل	ك ذ ب	1	1	1	1	56	76	intra_ayah:12:18:root:73
co-12_18-00594	12:18	w-s012-a018-w006	w-s012-a018-w010	ق و ل	ن ف س	4	2	2	1	67	123	intra_ayah:12:18:root:74
co-12_18-00595	12:18	w-s012-a018-w006	w-s012-a018-w018	ق و ل	و ص ف	12	8	8	1	5	6	intra_ayah:12:18:root:75
co-12_18-00596	12:18	w-s012-a018-w005	w-s012-a018-w010	ك ذ ب	ن ف س	5	3	3	1	10	12	intra_ayah:12:18:root:76
co-12_18-00597	12:18	w-s012-a018-w005	w-s012-a018-w018	ك ذ ب	و ص ف	13	9	9	1	3	5	intra_ayah:12:18:root:77
co-12_18-00598	12:18	w-s012-a018-w010	w-s012-a018-w018	ن ف س	و ص ف	8	6	6	1	2	2	intra_ayah:12:18:root:78
co-12_18-00599	12:18	w-s012-a018-w014	w-s012-a018-w003	ء ل ه	ق م ص	11	9	9	1	1	1	intra_ayah:12:18:root:8
co-12_18-00600	12:18	w-s012-a018-w014	w-s012-a018-w006	ء ل ه	ق و ل	8	6	6	1	514	1188	intra_ayah:12:18:root:9
co-12_19-00601	12:19	w-s012-a019-w013	w-s012-a019-w008	ء ل ه	ب ش ر	5	4	4	1	48	86	intra_ayah:12:19:root:1
co-12_19-00602	12:19	w-s012-a019-w013	w-s012-a019-w010	ء ل ه	غ ل م	3	3	3	1	2	2	intra_ayah:12:19:root:10
co-12_19-00603	12:19	w-s012-a019-w013	w-s012-a019-w007	ء ل ه	ق و ل	6	5	5	1	514	1188	intra_ayah:12:19:root:11
co-12_19-00604	12:19	w-s012-a019-w013	w-s012-a019-w004	ء ل ه	و ر د	9	8	8	1	3	3	intra_ayah:12:19:root:12
co-12_19-00605	12:19	w-s012-a019-w008	w-s012-a019-w012	ب ش ر	ب ض ع	4	3	3	1	1	1	intra_ayah:12:19:root:13
co-12_19-00606	12:19	w-s012-a019-w008	w-s012-a019-w001	ب ش ر	ج ي ء	7	7	7	1	12	18	intra_ayah:12:19:root:14
co-12_19-00607	12:19	w-s012-a019-w008	w-s012-a019-w005	ب ش ر	د ل و	3	2	3	2	1	2	intra_ayah:12:19:root:15
co-12_19-00608	12:19	w-s012-a019-w008	w-s012-a019-w006	ب ش ر	د ل و	2	2	3	2	1	2	intra_ayah:12:19:root:15
co-12_19-00609	12:19	w-s012-a019-w008	w-s012-a019-w003	ب ش ر	ر س ل	5	5	5	1	29	38	intra_ayah:12:19:root:16
co-12_19-00610	12:19	w-s012-a019-w008	w-s012-a019-w011	ب ش ر	س ر ر	3	2	2	1	2	2	intra_ayah:12:19:root:17
co-12_19-00611	12:19	w-s012-a019-w008	w-s012-a019-w002	ب ش ر	س ي ر	6	6	6	1	1	1	intra_ayah:12:19:root:18
co-12_19-00612	12:19	w-s012-a019-w008	w-s012-a019-w014	ب ش ر	ع ل م	6	5	5	1	13	17	intra_ayah:12:19:root:19
co-12_19-00613	12:19	w-s012-a019-w013	w-s012-a019-w012	ء ل ه	ب ض ع	1	1	1	1	3	3	intra_ayah:12:19:root:2
co-12_19-00614	12:19	w-s012-a019-w008	w-s012-a019-w016	ب ش ر	ع م ل	8	6	6	1	6	7	intra_ayah:12:19:root:20
co-12_19-00615	12:19	w-s012-a019-w008	w-s012-a019-w010	ب ش ر	غ ل م	2	1	1	1	6	6	intra_ayah:12:19:root:21
co-12_19-00616	12:19	w-s012-a019-w008	w-s012-a019-w007	ب ش ر	ق و ل	1	1	1	1	46	58	intra_ayah:12:19:root:22
co-12_19-00617	12:19	w-s012-a019-w008	w-s012-a019-w004	ب ش ر	و ر د	4	4	4	1	1	1	intra_ayah:12:19:root:23
co-12_19-00618	12:19	w-s012-a019-w012	w-s012-a019-w001	ب ض ع	ج ي ء	11	10	10	1	2	2	intra_ayah:12:19:root:24
co-12_19-00619	12:19	w-s012-a019-w012	w-s012-a019-w005	ب ض ع	د ل و	7	5	6	2	1	2	intra_ayah:12:19:root:25
co-12_19-00620	12:19	w-s012-a019-w012	w-s012-a019-w006	ب ض ع	د ل و	6	5	6	2	1	2	intra_ayah:12:19:root:25
co-12_19-00621	12:19	w-s012-a019-w012	w-s012-a019-w003	ب ض ع	ر س ل	9	8	8	1	1	1	intra_ayah:12:19:root:26
co-12_19-00622	12:19	w-s012-a019-w012	w-s012-a019-w011	ب ض ع	س ر ر	1	1	1	1	1	1	intra_ayah:12:19:root:27
co-12_19-00623	12:19	w-s012-a019-w012	w-s012-a019-w002	ب ض ع	س ي ر	10	9	9	1	1	1	intra_ayah:12:19:root:28
co-12_19-00624	12:19	w-s012-a019-w012	w-s012-a019-w014	ب ض ع	ع ل م	2	2	2	1	1	1	intra_ayah:12:19:root:29
co-12_19-00625	12:19	w-s012-a019-w013	w-s012-a019-w001	ء ل ه	ج ي ء	12	11	11	1	97	161	intra_ayah:12:19:root:3
co-12_19-00626	12:19	w-s012-a019-w012	w-s012-a019-w016	ب ض ع	ع م ل	4	3	3	1	1	1	intra_ayah:12:19:root:30
co-12_19-00627	12:19	w-s012-a019-w012	w-s012-a019-w010	ب ض ع	غ ل م	2	2	2	1	1	1	intra_ayah:12:19:root:31
co-12_19-00628	12:19	w-s012-a019-w012	w-s012-a019-w007	ب ض ع	ق و ل	5	4	4	1	5	6	intra_ayah:12:19:root:32
co-12_19-00629	12:19	w-s012-a019-w012	w-s012-a019-w004	ب ض ع	و ر د	8	7	7	1	1	1	intra_ayah:12:19:root:33
co-12_19-00630	12:19	w-s012-a019-w001	w-s012-a019-w005	ج ي ء	د ل و	4	4	5	2	1	2	intra_ayah:12:19:root:34
co-12_19-00631	12:19	w-s012-a019-w001	w-s012-a019-w006	ج ي ء	د ل و	5	4	5	2	1	2	intra_ayah:12:19:root:34
co-12_19-00632	12:19	w-s012-a019-w001	w-s012-a019-w003	ج ي ء	ر س ل	2	2	2	1	62	90	intra_ayah:12:19:root:35
co-12_19-00633	12:19	w-s012-a019-w001	w-s012-a019-w011	ج ي ء	س ر ر	10	9	9	1	2	2	intra_ayah:12:19:root:36
co-12_19-00634	12:19	w-s012-a019-w001	w-s012-a019-w002	ج ي ء	س ي ر	1	1	1	1	3	4	intra_ayah:12:19:root:37
co-12_19-00635	12:19	w-s012-a019-w001	w-s012-a019-w014	ج ي ء	ع ل م	13	12	12	1	38	43	intra_ayah:12:19:root:38
co-12_19-00636	12:19	w-s012-a019-w001	w-s012-a019-w016	ج ي ء	ع م ل	15	13	13	1	17	22	intra_ayah:12:19:root:39
co-12_19-00637	12:19	w-s012-a019-w013	w-s012-a019-w005	ء ل ه	د ل و	8	6	7	2	1	2	intra_ayah:12:19:root:4
co-12_19-00638	12:19	w-s012-a019-w013	w-s012-a019-w006	ء ل ه	د ل و	7	6	7	2	1	2	intra_ayah:12:19:root:4
co-12_19-00639	12:19	w-s012-a019-w001	w-s012-a019-w010	ج ي ء	غ ل م	9	8	8	1	2	2	intra_ayah:12:19:root:40
co-12_19-00640	12:19	w-s012-a019-w001	w-s012-a019-w007	ج ي ء	ق و ل	6	6	6	1	118	160	intra_ayah:12:19:root:41
co-12_19-00641	12:19	w-s012-a019-w001	w-s012-a019-w004	ج ي ء	و ر د	3	3	3	1	1	1	intra_ayah:12:19:root:42
co-12_19-00642	12:19	w-s012-a019-w005	w-s012-a019-w003	د ل و	ر س ل	2	2	3	2	1	2	intra_ayah:12:19:root:43
co-12_19-00643	12:19	w-s012-a019-w006	w-s012-a019-w003	د ل و	ر س ل	3	2	3	2	1	2	intra_ayah:12:19:root:43
co-12_19-00644	12:19	w-s012-a019-w005	w-s012-a019-w011	د ل و	س ر ر	6	4	5	2	1	2	intra_ayah:12:19:root:44
co-12_19-00645	12:19	w-s012-a019-w006	w-s012-a019-w011	د ل و	س ر ر	5	4	5	2	1	2	intra_ayah:12:19:root:44
co-12_19-00646	12:19	w-s012-a019-w005	w-s012-a019-w002	د ل و	س ي ر	3	3	4	2	1	2	intra_ayah:12:19:root:45
co-12_19-00647	12:19	w-s012-a019-w006	w-s012-a019-w002	د ل و	س ي ر	4	3	4	2	1	2	intra_ayah:12:19:root:45
co-12_19-00648	12:19	w-s012-a019-w005	w-s012-a019-w014	د ل و	ع ل م	9	7	8	2	2	3	intra_ayah:12:19:root:46
co-12_19-00649	12:19	w-s012-a019-w006	w-s012-a019-w014	د ل و	ع ل م	8	7	8	2	2	3	intra_ayah:12:19:root:46
co-12_19-00650	12:19	w-s012-a019-w005	w-s012-a019-w016	د ل و	ع م ل	11	8	9	2	1	2	intra_ayah:12:19:root:47
co-12_19-00651	12:19	w-s012-a019-w006	w-s012-a019-w016	د ل و	ع م ل	10	8	9	2	1	2	intra_ayah:12:19:root:47
co-12_19-00652	12:19	w-s012-a019-w005	w-s012-a019-w010	د ل و	غ ل م	5	3	4	2	1	2	intra_ayah:12:19:root:48
co-12_19-00653	12:19	w-s012-a019-w006	w-s012-a019-w010	د ل و	غ ل م	4	3	4	2	1	2	intra_ayah:12:19:root:48
co-12_19-00654	12:19	w-s012-a019-w005	w-s012-a019-w007	د ل و	ق و ل	2	1	2	2	1	2	intra_ayah:12:19:root:49
co-12_19-00655	12:19	w-s012-a019-w006	w-s012-a019-w007	د ل و	ق و ل	1	1	2	2	1	2	intra_ayah:12:19:root:49
co-12_19-00656	12:19	w-s012-a019-w013	w-s012-a019-w003	ء ل ه	ر س ل	10	9	9	1	211	488	intra_ayah:12:19:root:5
co-12_19-00657	12:19	w-s012-a019-w005	w-s012-a019-w004	د ل و	و ر د	1	1	2	2	1	2	intra_ayah:12:19:root:50
co-12_19-00658	12:19	w-s012-a019-w006	w-s012-a019-w004	د ل و	و ر د	2	1	2	2	1	2	intra_ayah:12:19:root:50
co-12_19-00659	12:19	w-s012-a019-w003	w-s012-a019-w011	ر س ل	س ر ر	8	7	7	1	3	3	intra_ayah:12:19:root:51
co-12_19-00660	12:19	w-s012-a019-w003	w-s012-a019-w002	ر س ل	س ي ر	1	1	1	1	4	4	intra_ayah:12:19:root:52
co-12_19-00661	12:19	w-s012-a019-w003	w-s012-a019-w014	ر س ل	ع ل م	11	10	10	1	59	80	intra_ayah:12:19:root:53
co-12_19-00662	12:19	w-s012-a019-w003	w-s012-a019-w016	ر س ل	ع م ل	13	11	11	1	20	26	intra_ayah:12:19:root:54
co-12_19-00663	12:19	w-s012-a019-w003	w-s012-a019-w010	ر س ل	غ ل م	7	6	6	1	2	2	intra_ayah:12:19:root:55
co-12_19-00664	12:19	w-s012-a019-w003	w-s012-a019-w007	ر س ل	ق و ل	4	4	4	1	120	181	intra_ayah:12:19:root:56
co-12_19-00665	12:19	w-s012-a019-w003	w-s012-a019-w004	ر س ل	و ر د	1	1	1	1	1	1	intra_ayah:12:19:root:57
co-12_19-00666	12:19	w-s012-a019-w011	w-s012-a019-w002	س ر ر	س ي ر	9	8	8	1	1	1	intra_ayah:12:19:root:58
co-12_19-00667	12:19	w-s012-a019-w011	w-s012-a019-w014	س ر ر	ع ل م	3	3	3	1	18	28	intra_ayah:12:19:root:59
co-12_19-00668	12:19	w-s012-a019-w013	w-s012-a019-w011	ء ل ه	س ر ر	2	2	2	1	18	23	intra_ayah:12:19:root:6
co-12_19-00669	12:19	w-s012-a019-w011	w-s012-a019-w016	س ر ر	ع م ل	5	4	4	1	2	2	intra_ayah:12:19:root:60
co-12_19-00670	12:19	w-s012-a019-w011	w-s012-a019-w010	س ر ر	غ ل م	1	1	1	1	1	1	intra_ayah:12:19:root:61
co-12_19-00671	12:19	w-s012-a019-w011	w-s012-a019-w007	س ر ر	ق و ل	4	3	3	1	15	20	intra_ayah:12:19:root:62
co-12_19-00672	12:19	w-s012-a019-w011	w-s012-a019-w004	س ر ر	و ر د	7	6	6	1	1	1	intra_ayah:12:19:root:63
co-12_19-00673	12:19	w-s012-a019-w002	w-s012-a019-w014	س ي ر	ع ل م	12	11	11	1	2	2	intra_ayah:12:19:root:64
co-12_19-00674	12:19	w-s012-a019-w002	w-s012-a019-w016	س ي ر	ع م ل	14	12	12	1	1	1	intra_ayah:12:19:root:65
co-12_19-00675	12:19	w-s012-a019-w002	w-s012-a019-w010	س ي ر	غ ل م	8	7	7	1	1	1	intra_ayah:12:19:root:66
co-12_19-00676	12:19	w-s012-a019-w002	w-s012-a019-w007	س ي ر	ق و ل	5	5	5	1	8	9	intra_ayah:12:19:root:67
co-12_19-00677	12:19	w-s012-a019-w002	w-s012-a019-w004	س ي ر	و ر د	2	2	2	1	1	1	intra_ayah:12:19:root:68
co-12_19-00678	12:19	w-s012-a019-w014	w-s012-a019-w016	ع ل م	ع م ل	2	1	1	1	42	53	intra_ayah:12:19:root:69
co-12_19-00679	12:19	w-s012-a019-w013	w-s012-a019-w002	ء ل ه	س ي ر	11	10	10	1	10	16	intra_ayah:12:19:root:7
co-12_19-00680	12:19	w-s012-a019-w014	w-s012-a019-w010	ع ل م	غ ل م	4	4	4	1	3	3	intra_ayah:12:19:root:70
co-12_19-00681	12:19	w-s012-a019-w014	w-s012-a019-w007	ع ل م	ق و ل	7	6	6	1	230	414	intra_ayah:12:19:root:71
co-12_19-00682	12:19	w-s012-a019-w014	w-s012-a019-w004	ع ل م	و ر د	10	9	9	1	2	2	intra_ayah:12:19:root:72
co-12_19-00683	12:19	w-s012-a019-w016	w-s012-a019-w010	ع م ل	غ ل م	6	5	5	1	1	1	intra_ayah:12:19:root:73
co-12_19-00684	12:19	w-s012-a019-w016	w-s012-a019-w007	ع م ل	ق و ل	9	7	7	1	72	98	intra_ayah:12:19:root:74
co-12_19-00685	12:19	w-s012-a019-w016	w-s012-a019-w004	ع م ل	و ر د	12	10	10	1	1	1	intra_ayah:12:19:root:75
co-12_19-00686	12:19	w-s012-a019-w010	w-s012-a019-w007	غ ل م	ق و ل	3	2	2	1	8	9	intra_ayah:12:19:root:76
co-12_19-00687	12:19	w-s012-a019-w010	w-s012-a019-w004	غ ل م	و ر د	6	5	5	1	1	1	intra_ayah:12:19:root:77
co-12_19-00688	12:19	w-s012-a019-w007	w-s012-a019-w004	ق و ل	و ر د	3	3	3	1	2	3	intra_ayah:12:19:root:78
co-12_19-00689	12:19	w-s012-a019-w013	w-s012-a019-w014	ء ل ه	ع ل م	1	1	1	1	408	878	intra_ayah:12:19:root:8
co-12_19-00690	12:19	w-s012-a019-w013	w-s012-a019-w016	ء ل ه	ع م ل	3	2	2	1	141	249	intra_ayah:12:19:root:9
co-12_20-00691	12:20	w-s012-a020-w003	w-s012-a020-w002	ب خ س	ث م ن	1	1	1	1	1	1	intra_ayah:12:20:root:1
co-12_20-00692	12:20	w-s012-a020-w002	w-s012-a020-w005	ث م ن	ع د د	3	3	3	1	2	2	intra_ayah:12:20:root:10
co-12_20-00693	12:20	w-s012-a020-w002	w-s012-a020-w006	ث م ن	ك و ن	4	4	4	1	8	13	intra_ayah:12:20:root:11
co-12_20-00694	12:20	w-s012-a020-w004	w-s012-a020-w009	د ر ه م	ز ه د	5	3	3	1	1	1	intra_ayah:12:20:root:12
co-12_20-00695	12:20	w-s012-a020-w004	w-s012-a020-w001	د ر ه م	ش ر ي	3	3	3	1	1	1	intra_ayah:12:20:root:13
co-12_20-00696	12:20	w-s012-a020-w004	w-s012-a020-w005	د ر ه م	ع د د	1	1	1	1	1	1	intra_ayah:12:20:root:14
co-12_20-00697	12:20	w-s012-a020-w004	w-s012-a020-w006	د ر ه م	ك و ن	2	2	2	1	1	1	intra_ayah:12:20:root:15
co-12_20-00698	12:20	w-s012-a020-w009	w-s012-a020-w001	ز ه د	ش ر ي	8	6	6	1	1	1	intra_ayah:12:20:root:16
co-12_20-00699	12:20	w-s012-a020-w009	w-s012-a020-w005	ز ه د	ع د د	4	2	2	1	1	1	intra_ayah:12:20:root:17
co-12_20-00700	12:20	w-s012-a020-w009	w-s012-a020-w006	ز ه د	ك و ن	3	1	1	1	1	1	intra_ayah:12:20:root:18
co-12_20-00701	12:20	w-s012-a020-w001	w-s012-a020-w005	ش ر ي	ع د د	4	4	4	1	1	1	intra_ayah:12:20:root:19
co-12_20-00702	12:20	w-s012-a020-w003	w-s012-a020-w004	ب خ س	د ر ه م	1	1	1	1	1	1	intra_ayah:12:20:root:2
co-12_20-00703	12:20	w-s012-a020-w001	w-s012-a020-w006	ش ر ي	ك و ن	5	5	5	1	8	9	intra_ayah:12:20:root:20
co-12_20-00704	12:20	w-s012-a020-w005	w-s012-a020-w006	ع د د	ك و ن	1	1	1	1	10	17	intra_ayah:12:20:root:21
co-12_20-00705	12:20	w-s012-a020-w003	w-s012-a020-w009	ب خ س	ز ه د	6	4	4	1	1	1	intra_ayah:12:20:root:3
co-12_20-00706	12:20	w-s012-a020-w003	w-s012-a020-w001	ب خ س	ش ر ي	2	2	2	1	1	1	intra_ayah:12:20:root:4
co-12_20-00707	12:20	w-s012-a020-w003	w-s012-a020-w005	ب خ س	ع د د	2	2	2	1	1	1	intra_ayah:12:20:root:5
co-12_20-00708	12:20	w-s012-a020-w003	w-s012-a020-w006	ب خ س	ك و ن	3	3	3	1	4	6	intra_ayah:12:20:root:6
co-12_20-00709	12:20	w-s012-a020-w002	w-s012-a020-w004	ث م ن	د ر ه م	2	2	2	1	1	1	intra_ayah:12:20:root:7
co-12_20-00710	12:20	w-s012-a020-w002	w-s012-a020-w009	ث م ن	ز ه د	7	5	5	1	1	1	intra_ayah:12:20:root:8
co-12_20-00711	12:20	w-s012-a020-w002	w-s012-a020-w001	ث م ن	ش ر ي	1	1	1	1	11	12	intra_ayah:12:20:root:9
co-12_21-00712	12:21	w-s012-a021-w013	w-s012-a021-w019	ء خ ذ	ء ر ض	6	3	3	1	19	25	intra_ayah:12:21:root:1
co-12_21-00713	12:21	w-s012-a021-w013	w-s012-a021-w025	ء خ ذ	غ ل ب	12	8	8	1	2	2	intra_ayah:12:21:root:10
co-12_21-00714	12:21	w-s012-a021-w023	w-s012-a021-w003	ح د ث	ش ر ي	20	13	13	1	2	2	intra_ayah:12:21:root:100
co-12_21-00715	12:21	w-s012-a021-w023	w-s012-a021-w009	ح د ث	ع س ي	14	8	8	1	2	2	intra_ayah:12:21:root:101
co-12_21-00716	12:21	w-s012-a021-w023	w-s012-a021-w020	ح د ث	ع ل م	3	2	6	2	6	8	intra_ayah:12:21:root:102
co-12_21-00717	12:21	w-s012-a021-w023	w-s012-a021-w032	ح د ث	ع ل م	9	2	6	2	6	8	intra_ayah:12:21:root:102
co-12_21-00718	12:21	w-s012-a021-w023	w-s012-a021-w025	ح د ث	غ ل ب	2	2	2	1	1	1	intra_ayah:12:21:root:103
co-12_21-00719	12:21	w-s012-a021-w023	w-s012-a021-w001	ح د ث	ق و ل	22	14	14	1	6	10	intra_ayah:12:21:root:104
co-12_21-00720	12:21	w-s012-a021-w023	w-s012-a021-w029	ح د ث	ك ث ر	6	4	4	1	1	1	intra_ayah:12:21:root:105
co-12_21-00721	12:21	w-s012-a021-w023	w-s012-a021-w007	ح د ث	ك ر م	16	10	10	1	2	2	intra_ayah:12:21:root:106
co-12_21-00722	12:21	w-s012-a021-w023	w-s012-a021-w006	ح د ث	م ر ء	17	11	11	1	1	1	intra_ayah:12:21:root:107
co-12_21-00723	12:21	w-s012-a021-w023	w-s012-a021-w005	ح د ث	م ص ر	18	12	12	1	1	1	intra_ayah:12:21:root:108
co-12_21-00724	12:21	w-s012-a021-w023	w-s012-a021-w016	ح د ث	م ك ن	7	4	4	1	1	1	intra_ayah:12:21:root:109
co-12_21-00725	12:21	w-s012-a021-w013	w-s012-a021-w001	ء خ ذ	ق و ل	12	8	8	1	63	106	intra_ayah:12:21:root:11
co-12_21-00726	12:21	w-s012-a021-w023	w-s012-a021-w011	ح د ث	ن ف ع	12	7	7	1	1	1	intra_ayah:12:21:root:110
co-12_21-00727	12:21	w-s012-a021-w023	w-s012-a021-w030	ح د ث	ن و س	7	5	5	1	2	2	intra_ayah:12:21:root:111
co-12_21-00728	12:21	w-s012-a021-w023	w-s012-a021-w014	ح د ث	و ل د	9	5	5	1	1	1	intra_ayah:12:21:root:112
co-12_21-00729	12:21	w-s012-a021-w003	w-s012-a021-w009	ش ر ي	ع س ي	6	5	5	1	1	1	intra_ayah:12:21:root:113
co-12_21-00730	12:21	w-s012-a021-w003	w-s012-a021-w020	ش ر ي	ع ل م	17	11	19	2	4	16	intra_ayah:12:21:root:114
co-12_21-00731	12:21	w-s012-a021-w003	w-s012-a021-w032	ش ر ي	ع ل م	29	11	19	2	4	16	intra_ayah:12:21:root:114
co-12_21-00732	12:21	w-s012-a021-w003	w-s012-a021-w025	ش ر ي	غ ل ب	22	15	15	1	2	2	intra_ayah:12:21:root:115
co-12_21-00733	12:21	w-s012-a021-w003	w-s012-a021-w001	ش ر ي	ق و ل	2	1	1	1	3	4	intra_ayah:12:21:root:116
co-12_21-00734	12:21	w-s012-a021-w003	w-s012-a021-w029	ش ر ي	ك ث ر	26	17	17	1	1	1	intra_ayah:12:21:root:117
co-12_21-00735	12:21	w-s012-a021-w003	w-s012-a021-w007	ش ر ي	ك ر م	4	3	3	1	1	1	intra_ayah:12:21:root:118
co-12_21-00736	12:21	w-s012-a021-w003	w-s012-a021-w006	ش ر ي	م ر ء	3	2	2	1	2	3	intra_ayah:12:21:root:119
co-12_21-00737	12:21	w-s012-a021-w013	w-s012-a021-w029	ء خ ذ	ك ث ر	16	10	10	1	6	6	intra_ayah:12:21:root:12
co-12_21-00738	12:21	w-s012-a021-w003	w-s012-a021-w005	ش ر ي	م ص ر	2	1	1	1	1	1	intra_ayah:12:21:root:120
co-12_21-00739	12:21	w-s012-a021-w003	w-s012-a021-w016	ش ر ي	م ك ن	13	9	9	1	1	1	intra_ayah:12:21:root:121
co-12_21-00740	12:21	w-s012-a021-w003	w-s012-a021-w011	ش ر ي	ن ف ع	8	6	6	1	2	3	intra_ayah:12:21:root:122
co-12_21-00741	12:21	w-s012-a021-w003	w-s012-a021-w030	ش ر ي	ن و س	27	18	18	1	6	8	intra_ayah:12:21:root:123
co-12_21-00742	12:21	w-s012-a021-w003	w-s012-a021-w014	ش ر ي	و ل د	11	8	8	1	1	1	intra_ayah:12:21:root:124
co-12_21-00743	12:21	w-s012-a021-w009	w-s012-a021-w020	ع س ي	ع ل م	11	6	14	2	4	8	intra_ayah:12:21:root:125
co-12_21-00744	12:21	w-s012-a021-w009	w-s012-a021-w032	ع س ي	ع ل م	23	6	14	2	4	8	intra_ayah:12:21:root:125
co-12_21-00745	12:21	w-s012-a021-w009	w-s012-a021-w025	ع س ي	غ ل ب	16	10	10	1	1	1	intra_ayah:12:21:root:126
co-12_21-00746	12:21	w-s012-a021-w009	w-s012-a021-w001	ع س ي	ق و ل	8	6	6	1	11	17	intra_ayah:12:21:root:127
co-12_21-00747	12:21	w-s012-a021-w009	w-s012-a021-w029	ع س ي	ك ث ر	20	12	12	1	2	2	intra_ayah:12:21:root:128
co-12_21-00748	12:21	w-s012-a021-w009	w-s012-a021-w007	ع س ي	ك ر م	2	2	2	1	1	1	intra_ayah:12:21:root:129
co-12_21-00749	12:21	w-s012-a021-w013	w-s012-a021-w007	ء خ ذ	ك ر م	6	4	4	1	2	2	intra_ayah:12:21:root:13
co-12_21-00750	12:21	w-s012-a021-w009	w-s012-a021-w006	ع س ي	م ر ء	3	3	3	1	2	2	intra_ayah:12:21:root:130
co-12_21-00751	12:21	w-s012-a021-w009	w-s012-a021-w005	ع س ي	م ص ر	4	4	4	1	1	1	intra_ayah:12:21:root:131
co-12_21-00752	12:21	w-s012-a021-w009	w-s012-a021-w016	ع س ي	م ك ن	7	4	4	1	1	1	intra_ayah:12:21:root:132
co-12_21-00753	12:21	w-s012-a021-w009	w-s012-a021-w011	ع س ي	ن ف ع	2	1	1	1	2	2	intra_ayah:12:21:root:133
co-12_21-00754	12:21	w-s012-a021-w009	w-s012-a021-w030	ع س ي	ن و س	21	13	13	1	1	1	intra_ayah:12:21:root:134
co-12_21-00755	12:21	w-s012-a021-w009	w-s012-a021-w014	ع س ي	و ل د	5	3	3	1	2	2	intra_ayah:12:21:root:135
co-12_21-00756	12:21	w-s012-a021-w020	w-s012-a021-w025	ع ل م	غ ل ب	5	4	4	2	3	6	intra_ayah:12:21:root:136
co-12_21-00757	12:21	w-s012-a021-w032	w-s012-a021-w025	ع ل م	غ ل ب	7	4	4	2	3	6	intra_ayah:12:21:root:136
co-12_21-00758	12:21	w-s012-a021-w020	w-s012-a021-w001	ع ل م	ق و ل	19	12	20	2	230	414	intra_ayah:12:21:root:137
co-12_21-00759	12:21	w-s012-a021-w032	w-s012-a021-w001	ع ل م	ق و ل	31	12	20	2	230	414	intra_ayah:12:21:root:137
co-12_21-00760	12:21	w-s012-a021-w020	w-s012-a021-w029	ع ل م	ك ث ر	9	2	6	2	42	55	intra_ayah:12:21:root:138
co-12_21-00761	12:21	w-s012-a021-w032	w-s012-a021-w029	ع ل م	ك ث ر	3	2	6	2	42	55	intra_ayah:12:21:root:138
co-12_21-00762	12:21	w-s012-a021-w020	w-s012-a021-w007	ع ل م	ك ر م	13	8	16	2	3	4	intra_ayah:12:21:root:139
co-12_21-00763	12:21	w-s012-a021-w032	w-s012-a021-w007	ع ل م	ك ر م	25	8	16	2	3	4	intra_ayah:12:21:root:139
co-12_21-00764	12:21	w-s012-a021-w013	w-s012-a021-w006	ء خ ذ	م ر ء	7	5	5	1	2	2	intra_ayah:12:21:root:14
co-12_21-00765	12:21	w-s012-a021-w020	w-s012-a021-w006	ع ل م	م ر ء	14	9	17	2	10	18	intra_ayah:12:21:root:140
co-12_21-00766	12:21	w-s012-a021-w032	w-s012-a021-w006	ع ل م	م ر ء	26	9	17	2	10	18	intra_ayah:12:21:root:140
co-12_21-00767	12:21	w-s012-a021-w020	w-s012-a021-w005	ع ل م	م ص ر	15	10	18	2	1	2	intra_ayah:12:21:root:141
co-12_21-00768	12:21	w-s012-a021-w032	w-s012-a021-w005	ع ل م	م ص ر	27	10	18	2	1	2	intra_ayah:12:21:root:141
co-12_21-00769	12:21	w-s012-a021-w020	w-s012-a021-w016	ع ل م	م ك ن	4	2	10	2	3	4	intra_ayah:12:21:root:142
co-12_21-00770	12:21	w-s012-a021-w032	w-s012-a021-w016	ع ل م	م ك ن	16	2	10	2	3	4	intra_ayah:12:21:root:142
co-12_21-00771	12:21	w-s012-a021-w020	w-s012-a021-w011	ع ل م	ن ف ع	9	5	13	2	9	15	intra_ayah:12:21:root:143
co-12_21-00772	12:21	w-s012-a021-w032	w-s012-a021-w011	ع ل م	ن ف ع	21	5	13	2	9	15	intra_ayah:12:21:root:143
co-12_21-00773	12:21	w-s012-a021-w020	w-s012-a021-w030	ع ل م	ن و س	10	1	7	2	48	74	intra_ayah:12:21:root:144
co-12_21-00774	12:21	w-s012-a021-w032	w-s012-a021-w030	ع ل م	ن و س	2	1	7	2	48	74	intra_ayah:12:21:root:144
co-12_21-00775	12:21	w-s012-a021-w020	w-s012-a021-w014	ع ل م	و ل د	6	3	11	2	14	28	intra_ayah:12:21:root:145
co-12_21-00776	12:21	w-s012-a021-w032	w-s012-a021-w014	ع ل م	و ل د	18	3	11	2	14	28	intra_ayah:12:21:root:145
co-12_21-00777	12:21	w-s012-a021-w025	w-s012-a021-w001	غ ل ب	ق و ل	24	16	16	1	12	16	intra_ayah:12:21:root:146
co-12_21-00778	12:21	w-s012-a021-w025	w-s012-a021-w029	غ ل ب	ك ث ر	4	2	2	1	2	2	intra_ayah:12:21:root:147
co-12_21-00779	12:21	w-s012-a021-w025	w-s012-a021-w007	غ ل ب	ك ر م	18	12	12	1	1	1	intra_ayah:12:21:root:148
co-12_21-00780	12:21	w-s012-a021-w025	w-s012-a021-w006	غ ل ب	م ر ء	19	13	13	1	1	1	intra_ayah:12:21:root:149
co-12_21-00781	12:21	w-s012-a021-w013	w-s012-a021-w005	ء خ ذ	م ص ر	8	6	6	1	1	1	intra_ayah:12:21:root:15
co-12_21-00782	12:21	w-s012-a021-w025	w-s012-a021-w005	غ ل ب	م ص ر	20	14	14	1	1	1	intra_ayah:12:21:root:150
co-12_21-00783	12:21	w-s012-a021-w025	w-s012-a021-w016	غ ل ب	م ك ن	9	6	6	1	1	1	intra_ayah:12:21:root:151
co-12_21-00784	12:21	w-s012-a021-w025	w-s012-a021-w011	غ ل ب	ن ف ع	14	9	9	1	1	1	intra_ayah:12:21:root:152
co-12_21-00785	12:21	w-s012-a021-w025	w-s012-a021-w030	غ ل ب	ن و س	5	3	3	1	2	2	intra_ayah:12:21:root:153
co-12_21-00786	12:21	w-s012-a021-w025	w-s012-a021-w014	غ ل ب	و ل د	11	7	7	1	1	1	intra_ayah:12:21:root:154
co-12_21-00787	12:21	w-s012-a021-w001	w-s012-a021-w029	ق و ل	ك ث ر	28	18	18	1	37	50	intra_ayah:12:21:root:155
co-12_21-00788	12:21	w-s012-a021-w001	w-s012-a021-w007	ق و ل	ك ر م	6	4	4	1	11	16	intra_ayah:12:21:root:156
co-12_21-00789	12:21	w-s012-a021-w001	w-s012-a021-w006	ق و ل	م ر ء	5	3	3	1	17	23	intra_ayah:12:21:root:157
co-12_21-00790	12:21	w-s012-a021-w001	w-s012-a021-w005	ق و ل	م ص ر	4	2	2	1	4	5	intra_ayah:12:21:root:158
co-12_21-00791	12:21	w-s012-a021-w001	w-s012-a021-w016	ق و ل	م ك ن	15	10	10	1	4	5	intra_ayah:12:21:root:159
co-12_21-00792	12:21	w-s012-a021-w013	w-s012-a021-w016	ء خ ذ	م ك ن	3	2	2	1	1	1	intra_ayah:12:21:root:16
co-12_21-00793	12:21	w-s012-a021-w001	w-s012-a021-w011	ق و ل	ن ف ع	10	7	7	1	20	33	intra_ayah:12:21:root:160
co-12_21-00794	12:21	w-s012-a021-w001	w-s012-a021-w030	ق و ل	ن و س	29	19	19	1	57	90	intra_ayah:12:21:root:161
co-12_21-00795	12:21	w-s012-a021-w001	w-s012-a021-w014	ق و ل	و ل د	13	9	9	1	30	43	intra_ayah:12:21:root:162
co-12_21-00796	12:21	w-s012-a021-w029	w-s012-a021-w007	ك ث ر	ك ر م	22	14	14	1	3	4	intra_ayah:12:21:root:163
co-12_21-00797	12:21	w-s012-a021-w029	w-s012-a021-w006	ك ث ر	م ر ء	23	15	15	1	2	2	intra_ayah:12:21:root:164
co-12_21-00798	12:21	w-s012-a021-w029	w-s012-a021-w005	ك ث ر	م ص ر	24	16	16	1	1	1	intra_ayah:12:21:root:165
co-12_21-00799	12:21	w-s012-a021-w029	w-s012-a021-w016	ك ث ر	م ك ن	13	8	8	1	2	2	intra_ayah:12:21:root:166
co-12_21-00800	12:21	w-s012-a021-w029	w-s012-a021-w011	ك ث ر	ن ف ع	18	11	11	1	3	3	intra_ayah:12:21:root:167
co-12_21-00801	12:21	w-s012-a021-w029	w-s012-a021-w030	ك ث ر	ن و س	1	1	1	1	37	46	intra_ayah:12:21:root:168
co-12_21-00802	12:21	w-s012-a021-w029	w-s012-a021-w014	ك ث ر	و ل د	15	9	9	1	7	11	intra_ayah:12:21:root:169
co-12_21-00803	12:21	w-s012-a021-w013	w-s012-a021-w011	ء خ ذ	ن ف ع	2	1	1	1	4	4	intra_ayah:12:21:root:17
co-12_21-00804	12:21	w-s012-a021-w007	w-s012-a021-w006	ك ر م	م ر ء	1	1	1	1	1	1	intra_ayah:12:21:root:170
co-12_21-00805	12:21	w-s012-a021-w007	w-s012-a021-w005	ك ر م	م ص ر	2	2	2	1	1	1	intra_ayah:12:21:root:171
co-12_21-00806	12:21	w-s012-a021-w007	w-s012-a021-w016	ك ر م	م ك ن	9	6	6	1	1	1	intra_ayah:12:21:root:172
co-12_21-00807	12:21	w-s012-a021-w007	w-s012-a021-w011	ك ر م	ن ف ع	4	3	3	1	1	1	intra_ayah:12:21:root:173
co-12_21-00808	12:21	w-s012-a021-w007	w-s012-a021-w030	ك ر م	ن و س	23	15	15	1	3	3	intra_ayah:12:21:root:174
co-12_21-00809	12:21	w-s012-a021-w007	w-s012-a021-w014	ك ر م	و ل د	7	5	5	1	3	3	intra_ayah:12:21:root:175
co-12_21-00810	12:21	w-s012-a021-w006	w-s012-a021-w005	م ر ء	م ص ر	1	1	1	1	1	1	intra_ayah:12:21:root:176
co-12_21-00811	12:21	w-s012-a021-w006	w-s012-a021-w016	م ر ء	م ك ن	10	7	7	1	1	1	intra_ayah:12:21:root:177
co-12_21-00812	12:21	w-s012-a021-w006	w-s012-a021-w011	م ر ء	ن ف ع	5	4	4	1	3	3	intra_ayah:12:21:root:178
co-12_21-00813	12:21	w-s012-a021-w006	w-s012-a021-w030	م ر ء	ن و س	24	16	16	1	3	3	intra_ayah:12:21:root:179
co-12_21-00814	12:21	w-s012-a021-w013	w-s012-a021-w030	ء خ ذ	ن و س	17	11	11	1	14	14	intra_ayah:12:21:root:18
co-12_21-00815	12:21	w-s012-a021-w006	w-s012-a021-w014	م ر ء	و ل د	8	6	6	1	4	8	intra_ayah:12:21:root:180
co-12_21-00816	12:21	w-s012-a021-w005	w-s012-a021-w016	م ص ر	م ك ن	11	8	8	1	1	1	intra_ayah:12:21:root:181
co-12_21-00817	12:21	w-s012-a021-w005	w-s012-a021-w011	م ص ر	ن ف ع	6	5	5	1	1	1	intra_ayah:12:21:root:182
co-12_21-00818	12:21	w-s012-a021-w005	w-s012-a021-w030	م ص ر	ن و س	25	17	17	1	1	1	intra_ayah:12:21:root:183
co-12_21-00819	12:21	w-s012-a021-w005	w-s012-a021-w014	م ص ر	و ل د	9	7	7	1	1	1	intra_ayah:12:21:root:184
co-12_21-00820	12:21	w-s012-a021-w016	w-s012-a021-w011	م ك ن	ن ف ع	5	3	3	1	1	1	intra_ayah:12:21:root:185
co-12_21-00821	12:21	w-s012-a021-w016	w-s012-a021-w030	م ك ن	ن و س	14	9	9	1	1	1	intra_ayah:12:21:root:186
co-12_21-00822	12:21	w-s012-a021-w016	w-s012-a021-w014	م ك ن	و ل د	2	1	1	1	1	1	intra_ayah:12:21:root:187
co-12_21-00823	12:21	w-s012-a021-w011	w-s012-a021-w030	ن ف ع	ن و س	19	12	12	1	6	8	intra_ayah:12:21:root:188
co-12_21-00824	12:21	w-s012-a021-w011	w-s012-a021-w014	ن ف ع	و ل د	3	2	2	1	4	6	intra_ayah:12:21:root:189
co-12_21-00825	12:21	w-s012-a021-w013	w-s012-a021-w014	ء خ ذ	و ل د	1	1	1	1	15	15	intra_ayah:12:21:root:19
co-12_21-00826	12:21	w-s012-a021-w030	w-s012-a021-w014	ن و س	و ل د	16	10	10	1	4	7	intra_ayah:12:21:root:190
co-12_21-00827	12:21	w-s012-a021-w013	w-s012-a021-w024	ء خ ذ	ء ل ه	11	7	7	1	113	204	intra_ayah:12:21:root:2
co-12_21-00828	12:21	w-s012-a021-w019	w-s012-a021-w024	ء ر ض	ء ل ه	5	4	4	1	215	380	intra_ayah:12:21:root:20
co-12_21-00829	12:21	w-s012-a021-w019	w-s012-a021-w027	ء ر ض	ء م ر	8	6	6	1	27	32	intra_ayah:12:21:root:21
co-12_21-00830	12:21	w-s012-a021-w019	w-s012-a021-w022	ء ر ض	ء و ل	3	2	2	1	8	8	intra_ayah:12:21:root:22
co-12_21-00831	12:21	w-s012-a021-w019	w-s012-a021-w008	ء ر ض	ث و ي	11	6	6	1	1	1	intra_ayah:12:21:root:23
co-12_21-00832	12:21	w-s012-a021-w019	w-s012-a021-w023	ء ر ض	ح د ث	4	3	3	1	4	4	intra_ayah:12:21:root:24
co-12_21-00833	12:21	w-s012-a021-w019	w-s012-a021-w003	ء ر ض	ش ر ي	16	10	10	1	2	2	intra_ayah:12:21:root:25
co-12_21-00834	12:21	w-s012-a021-w019	w-s012-a021-w009	ء ر ض	ع س ي	10	5	5	1	4	4	intra_ayah:12:21:root:26
co-12_21-00835	12:21	w-s012-a021-w019	w-s012-a021-w020	ء ر ض	ع ل م	1	1	9	2	85	119	intra_ayah:12:21:root:27
co-12_21-00836	12:21	w-s012-a021-w019	w-s012-a021-w032	ء ر ض	ع ل م	13	1	9	2	85	119	intra_ayah:12:21:root:27
co-12_21-00837	12:21	w-s012-a021-w019	w-s012-a021-w025	ء ر ض	غ ل ب	6	5	5	1	3	4	intra_ayah:12:21:root:28
co-12_21-00838	12:21	w-s012-a021-w019	w-s012-a021-w001	ء ر ض	ق و ل	18	11	11	1	101	149	intra_ayah:12:21:root:29
co-12_21-00839	12:21	w-s012-a021-w013	w-s012-a021-w027	ء خ ذ	ء م ر	14	9	9	1	18	23	intra_ayah:12:21:root:3
co-12_21-00840	12:21	w-s012-a021-w019	w-s012-a021-w029	ء ر ض	ك ث ر	10	7	7	1	20	25	intra_ayah:12:21:root:30
co-12_21-00841	12:21	w-s012-a021-w019	w-s012-a021-w007	ء ر ض	ك ر م	12	7	7	1	4	4	intra_ayah:12:21:root:31
co-12_21-00842	12:21	w-s012-a021-w019	w-s012-a021-w006	ء ر ض	م ر ء	13	8	8	1	1	1	intra_ayah:12:21:root:32
co-12_21-00843	12:21	w-s012-a021-w019	w-s012-a021-w005	ء ر ض	م ص ر	14	9	9	1	2	2	intra_ayah:12:21:root:33
co-12_21-00844	12:21	w-s012-a021-w019	w-s012-a021-w016	ء ر ض	م ك ن	3	1	1	1	9	10	intra_ayah:12:21:root:34
co-12_21-00845	12:21	w-s012-a021-w019	w-s012-a021-w011	ء ر ض	ن ف ع	8	4	4	1	6	8	intra_ayah:12:21:root:35
co-12_21-00846	12:21	w-s012-a021-w019	w-s012-a021-w030	ء ر ض	ن و س	11	8	8	1	31	39	intra_ayah:12:21:root:36
co-12_21-00847	12:21	w-s012-a021-w019	w-s012-a021-w014	ء ر ض	و ل د	5	2	2	1	6	6	intra_ayah:12:21:root:37
co-12_21-00848	12:21	w-s012-a021-w024	w-s012-a021-w027	ء ل ه	ء م ر	3	2	2	1	112	224	intra_ayah:12:21:root:38
co-12_21-00849	12:21	w-s012-a021-w024	w-s012-a021-w022	ء ل ه	ء و ل	2	2	2	1	48	82	intra_ayah:12:21:root:39
co-12_21-00850	12:21	w-s012-a021-w013	w-s012-a021-w022	ء خ ذ	ء و ل	9	5	5	1	7	7	intra_ayah:12:21:root:4
co-12_21-00851	12:21	w-s012-a021-w024	w-s012-a021-w008	ء ل ه	ث و ي	16	10	10	1	9	11	intra_ayah:12:21:root:40
co-12_21-00852	12:21	w-s012-a021-w024	w-s012-a021-w023	ء ل ه	ح د ث	1	1	1	1	13	26	intra_ayah:12:21:root:41
co-12_21-00853	12:21	w-s012-a021-w024	w-s012-a021-w003	ء ل ه	ش ر ي	21	14	14	1	17	32	intra_ayah:12:21:root:42
co-12_21-00854	12:21	w-s012-a021-w024	w-s012-a021-w009	ء ل ه	ع س ي	15	9	9	1	15	27	intra_ayah:12:21:root:43
co-12_21-00855	12:21	w-s012-a021-w024	w-s012-a021-w020	ء ل ه	ع ل م	4	3	5	2	408	878	intra_ayah:12:21:root:44
co-12_21-00856	12:21	w-s012-a021-w024	w-s012-a021-w032	ء ل ه	ع ل م	8	3	5	2	408	878	intra_ayah:12:21:root:44
co-12_21-00857	12:21	w-s012-a021-w024	w-s012-a021-w025	ء ل ه	غ ل ب	1	1	1	1	11	25	intra_ayah:12:21:root:45
co-12_21-00858	12:21	w-s012-a021-w024	w-s012-a021-w001	ء ل ه	ق و ل	23	15	15	1	514	1188	intra_ayah:12:21:root:46
co-12_21-00859	12:21	w-s012-a021-w024	w-s012-a021-w029	ء ل ه	ك ث ر	5	3	3	1	83	142	intra_ayah:12:21:root:47
co-12_21-00860	12:21	w-s012-a021-w024	w-s012-a021-w007	ء ل ه	ك ر م	17	11	11	1	9	13	intra_ayah:12:21:root:48
co-12_21-00861	12:21	w-s012-a021-w024	w-s012-a021-w006	ء ل ه	م ر ء	18	12	12	1	12	25	intra_ayah:12:21:root:49
co-12_21-00862	12:21	w-s012-a021-w013	w-s012-a021-w008	ء خ ذ	ث و ي	5	3	3	1	1	1	intra_ayah:12:21:root:5
co-12_21-00863	12:21	w-s012-a021-w024	w-s012-a021-w005	ء ل ه	م ص ر	19	13	13	1	3	4	intra_ayah:12:21:root:50
co-12_21-00864	12:21	w-s012-a021-w024	w-s012-a021-w016	ء ل ه	م ك ن	8	5	5	1	5	7	intra_ayah:12:21:root:51
co-12_21-00865	12:21	w-s012-a021-w024	w-s012-a021-w011	ء ل ه	ن ف ع	13	8	8	1	24	38	intra_ayah:12:21:root:52
co-12_21-00866	12:21	w-s012-a021-w024	w-s012-a021-w030	ء ل ه	ن و س	6	4	4	1	129	252	intra_ayah:12:21:root:53
co-12_21-00867	12:21	w-s012-a021-w024	w-s012-a021-w014	ء ل ه	و ل د	10	6	6	1	42	104	intra_ayah:12:21:root:54
co-12_21-00868	12:21	w-s012-a021-w027	w-s012-a021-w022	ء م ر	ء و ل	5	4	4	1	10	15	intra_ayah:12:21:root:55
co-12_21-00869	12:21	w-s012-a021-w027	w-s012-a021-w008	ء م ر	ث و ي	19	12	12	1	1	1	intra_ayah:12:21:root:56
co-12_21-00870	12:21	w-s012-a021-w027	w-s012-a021-w023	ء م ر	ح د ث	4	3	3	1	2	2	intra_ayah:12:21:root:57
co-12_21-00871	12:21	w-s012-a021-w027	w-s012-a021-w003	ء م ر	ش ر ي	24	16	16	1	1	1	intra_ayah:12:21:root:58
co-12_21-00872	12:21	w-s012-a021-w027	w-s012-a021-w009	ء م ر	ع س ي	18	11	11	1	3	3	intra_ayah:12:21:root:59
co-12_21-00873	12:21	w-s012-a021-w013	w-s012-a021-w023	ء خ ذ	ح د ث	10	6	6	1	2	2	intra_ayah:12:21:root:6
co-12_21-00874	12:21	w-s012-a021-w027	w-s012-a021-w020	ء م ر	ع ل م	7	3	5	2	28	40	intra_ayah:12:21:root:60
co-12_21-00875	12:21	w-s012-a021-w027	w-s012-a021-w032	ء م ر	ع ل م	5	3	5	2	28	40	intra_ayah:12:21:root:60
co-12_21-00876	12:21	w-s012-a021-w027	w-s012-a021-w025	ء م ر	غ ل ب	2	1	1	1	2	3	intra_ayah:12:21:root:61
co-12_21-00877	12:21	w-s012-a021-w027	w-s012-a021-w001	ء م ر	ق و ل	26	17	17	1	69	112	intra_ayah:12:21:root:62
co-12_21-00878	12:21	w-s012-a021-w027	w-s012-a021-w029	ء م ر	ك ث ر	2	1	1	1	9	9	intra_ayah:12:21:root:63
co-12_21-00879	12:21	w-s012-a021-w027	w-s012-a021-w007	ء م ر	ك ر م	20	13	13	1	1	1	intra_ayah:12:21:root:64
co-12_21-00880	12:21	w-s012-a021-w027	w-s012-a021-w006	ء م ر	م ر ء	21	14	14	1	1	1	intra_ayah:12:21:root:65
co-12_21-00881	12:21	w-s012-a021-w027	w-s012-a021-w005	ء م ر	م ص ر	22	15	15	1	1	1	intra_ayah:12:21:root:66
co-12_21-00882	12:21	w-s012-a021-w027	w-s012-a021-w016	ء م ر	م ك ن	11	7	7	1	2	3	intra_ayah:12:21:root:67
co-12_21-00883	12:21	w-s012-a021-w027	w-s012-a021-w011	ء م ر	ن ف ع	16	10	10	1	2	2	intra_ayah:12:21:root:68
co-12_21-00884	12:21	w-s012-a021-w027	w-s012-a021-w030	ء م ر	ن و س	3	2	2	1	17	18	intra_ayah:12:21:root:69
co-12_21-00885	12:21	w-s012-a021-w013	w-s012-a021-w003	ء خ ذ	ش ر ي	10	7	7	1	3	4	intra_ayah:12:21:root:7
co-12_21-00886	12:21	w-s012-a021-w027	w-s012-a021-w014	ء م ر	و ل د	13	8	8	1	3	3	intra_ayah:12:21:root:70
co-12_21-00887	12:21	w-s012-a021-w022	w-s012-a021-w008	ء و ل	ث و ي	14	8	8	1	1	1	intra_ayah:12:21:root:71
co-12_21-00888	12:21	w-s012-a021-w022	w-s012-a021-w023	ء و ل	ح د ث	1	1	1	1	4	5	intra_ayah:12:21:root:72
co-12_21-00889	12:21	w-s012-a021-w022	w-s012-a021-w003	ء و ل	ش ر ي	19	12	12	1	2	2	intra_ayah:12:21:root:73
co-12_21-00890	12:21	w-s012-a021-w022	w-s012-a021-w009	ء و ل	ع س ي	13	7	7	1	2	2	intra_ayah:12:21:root:74
co-12_21-00891	12:21	w-s012-a021-w022	w-s012-a021-w020	ء و ل	ع ل م	2	1	7	2	22	34	intra_ayah:12:21:root:75
co-12_21-00892	12:21	w-s012-a021-w022	w-s012-a021-w032	ء و ل	ع ل م	10	1	7	2	22	34	intra_ayah:12:21:root:75
co-12_21-00893	12:21	w-s012-a021-w022	w-s012-a021-w025	ء و ل	غ ل ب	3	3	3	1	1	1	intra_ayah:12:21:root:76
co-12_21-00894	12:21	w-s012-a021-w022	w-s012-a021-w001	ء و ل	ق و ل	21	13	13	1	51	72	intra_ayah:12:21:root:77
co-12_21-00895	12:21	w-s012-a021-w022	w-s012-a021-w029	ء و ل	ك ث ر	7	5	5	1	4	4	intra_ayah:12:21:root:78
co-12_21-00896	12:21	w-s012-a021-w022	w-s012-a021-w007	ء و ل	ك ر م	15	9	9	1	1	1	intra_ayah:12:21:root:79
co-12_21-00897	12:21	w-s012-a021-w013	w-s012-a021-w009	ء خ ذ	ع س ي	4	2	2	1	2	2	intra_ayah:12:21:root:8
co-12_21-00898	12:21	w-s012-a021-w022	w-s012-a021-w006	ء و ل	م ر ء	16	10	10	1	1	1	intra_ayah:12:21:root:80
co-12_21-00899	12:21	w-s012-a021-w022	w-s012-a021-w005	ء و ل	م ص ر	17	11	11	1	1	1	intra_ayah:12:21:root:81
co-12_21-00900	12:21	w-s012-a021-w022	w-s012-a021-w016	ء و ل	م ك ن	6	3	3	1	1	1	intra_ayah:12:21:root:82
co-12_21-00901	12:21	w-s012-a021-w022	w-s012-a021-w011	ء و ل	ن ف ع	11	6	6	1	1	1	intra_ayah:12:21:root:83
co-12_21-00902	12:21	w-s012-a021-w022	w-s012-a021-w030	ء و ل	ن و س	8	6	6	1	6	6	intra_ayah:12:21:root:84
co-12_21-00903	12:21	w-s012-a021-w022	w-s012-a021-w014	ء و ل	و ل د	8	4	4	1	3	3	intra_ayah:12:21:root:85
co-12_21-00904	12:21	w-s012-a021-w008	w-s012-a021-w023	ث و ي	ح د ث	15	9	9	1	1	1	intra_ayah:12:21:root:86
co-12_21-00905	12:21	w-s012-a021-w008	w-s012-a021-w003	ث و ي	ش ر ي	5	4	4	1	1	1	intra_ayah:12:21:root:87
co-12_21-00906	12:21	w-s012-a021-w008	w-s012-a021-w009	ث و ي	ع س ي	1	1	1	1	1	1	intra_ayah:12:21:root:88
co-12_21-00907	12:21	w-s012-a021-w008	w-s012-a021-w020	ث و ي	ع ل م	12	7	15	2	3	5	intra_ayah:12:21:root:89
co-12_21-00908	12:21	w-s012-a021-w008	w-s012-a021-w032	ث و ي	ع ل م	24	7	15	2	3	5	intra_ayah:12:21:root:89
co-12_21-00909	12:21	w-s012-a021-w013	w-s012-a021-w020	ء خ ذ	ع ل م	7	4	12	2	24	33	intra_ayah:12:21:root:9
co-12_21-00910	12:21	w-s012-a021-w013	w-s012-a021-w032	ء خ ذ	ع ل م	19	4	12	2	24	33	intra_ayah:12:21:root:9
co-12_21-00911	12:21	w-s012-a021-w008	w-s012-a021-w025	ث و ي	غ ل ب	17	11	11	1	1	1	intra_ayah:12:21:root:90
co-12_21-00912	12:21	w-s012-a021-w008	w-s012-a021-w001	ث و ي	ق و ل	7	5	5	1	4	6	intra_ayah:12:21:root:91
co-12_21-00913	12:21	w-s012-a021-w008	w-s012-a021-w029	ث و ي	ك ث ر	21	13	13	1	2	2	intra_ayah:12:21:root:92
co-12_21-00914	12:21	w-s012-a021-w008	w-s012-a021-w007	ث و ي	ك ر م	1	1	1	1	1	1	intra_ayah:12:21:root:93
co-12_21-00915	12:21	w-s012-a021-w008	w-s012-a021-w006	ث و ي	م ر ء	2	2	2	1	1	1	intra_ayah:12:21:root:94
co-12_21-00916	12:21	w-s012-a021-w008	w-s012-a021-w005	ث و ي	م ص ر	3	3	3	1	1	1	intra_ayah:12:21:root:95
co-12_21-00917	12:21	w-s012-a021-w008	w-s012-a021-w016	ث و ي	م ك ن	8	5	5	1	1	1	intra_ayah:12:21:root:96
co-12_21-00918	12:21	w-s012-a021-w008	w-s012-a021-w011	ث و ي	ن ف ع	3	2	2	1	1	1	intra_ayah:12:21:root:97
co-12_21-00919	12:21	w-s012-a021-w008	w-s012-a021-w030	ث و ي	ن و س	22	14	14	1	1	1	intra_ayah:12:21:root:98
co-12_21-00920	12:21	w-s012-a021-w008	w-s012-a021-w014	ث و ي	و ل د	6	4	4	1	1	1	intra_ayah:12:21:root:99
co-12_22-00921	12:22	w-s012-a022-w004	w-s012-a022-w002	ء ت ي	ب ل غ	2	2	2	1	5	5	intra_ayah:12:22:root:1
co-12_22-00922	12:22	w-s012-a022-w002	w-s012-a022-w003	ب ل غ	ش د د	1	1	1	1	9	11	intra_ayah:12:22:root:10
co-12_22-00923	12:22	w-s012-a022-w002	w-s012-a022-w006	ب ل غ	ع ل م	4	4	4	1	20	30	intra_ayah:12:22:root:11
co-12_22-00924	12:22	w-s012-a022-w008	w-s012-a022-w009	ج ز ي	ح س ن	1	1	1	1	23	27	intra_ayah:12:22:root:12
co-12_22-00925	12:22	w-s012-a022-w008	w-s012-a022-w005	ج ز ي	ح ك م	3	2	2	1	5	5	intra_ayah:12:22:root:13
co-12_22-00926	12:22	w-s012-a022-w008	w-s012-a022-w003	ج ز ي	ش د د	5	4	4	1	6	6	intra_ayah:12:22:root:14
co-12_22-00927	12:22	w-s012-a022-w008	w-s012-a022-w006	ج ز ي	ع ل م	2	1	1	1	4	4	intra_ayah:12:22:root:15
co-12_22-00928	12:22	w-s012-a022-w009	w-s012-a022-w005	ح س ن	ح ك م	4	3	3	1	6	8	intra_ayah:12:22:root:16
co-12_22-00929	12:22	w-s012-a022-w009	w-s012-a022-w003	ح س ن	ش د د	6	5	5	1	8	8	intra_ayah:12:22:root:17
co-12_22-00930	12:22	w-s012-a022-w009	w-s012-a022-w006	ح س ن	ع ل م	3	2	2	1	13	18	intra_ayah:12:22:root:18
co-12_22-00931	12:22	w-s012-a022-w005	w-s012-a022-w003	ح ك م	ش د د	2	2	2	1	5	5	intra_ayah:12:22:root:19
co-12_22-00932	12:22	w-s012-a022-w004	w-s012-a022-w008	ء ت ي	ج ز ي	4	3	3	1	6	7	intra_ayah:12:22:root:2
co-12_22-00933	12:22	w-s012-a022-w005	w-s012-a022-w006	ح ك م	ع ل م	1	1	1	1	71	94	intra_ayah:12:22:root:20
co-12_22-00934	12:22	w-s012-a022-w003	w-s012-a022-w006	ش د د	ع ل م	3	3	3	1	14	18	intra_ayah:12:22:root:21
co-12_22-00935	12:22	w-s012-a022-w004	w-s012-a022-w009	ء ت ي	ح س ن	5	4	4	1	20	24	intra_ayah:12:22:root:3
co-12_22-00936	12:22	w-s012-a022-w004	w-s012-a022-w005	ء ت ي	ح ك م	1	1	1	1	26	39	intra_ayah:12:22:root:4
co-12_22-00937	12:22	w-s012-a022-w004	w-s012-a022-w003	ء ت ي	ش د د	1	1	1	1	15	16	intra_ayah:12:22:root:5
co-12_22-00938	12:22	w-s012-a022-w004	w-s012-a022-w006	ء ت ي	ع ل م	2	2	2	1	86	118	intra_ayah:12:22:root:6
co-12_22-00939	12:22	w-s012-a022-w002	w-s012-a022-w008	ب ل غ	ج ز ي	6	5	5	1	3	3	intra_ayah:12:22:root:7
co-12_22-00940	12:22	w-s012-a022-w002	w-s012-a022-w009	ب ل غ	ح س ن	7	6	6	1	7	8	intra_ayah:12:22:root:8
co-12_22-00941	12:22	w-s012-a022-w002	w-s012-a022-w005	ب ل غ	ح ك م	3	3	3	1	9	9	intra_ayah:12:22:root:9
co-12_23-00942	12:23	w-s012-a023-w015	w-s012-a023-w009	ء ل ه	ب و ب	6	5	5	1	4	8	intra_ayah:12:23:root:1
co-12_23-00943	12:23	w-s012-a023-w015	w-s012-a023-w022	ء ل ه	ف ل ح	7	4	4	1	20	28	intra_ayah:12:23:root:10
co-12_23-00944	12:23	w-s012-a023-w015	w-s012-a023-w010	ء ل ه	ق و ل	5	2	4	2	514	1188	intra_ayah:12:23:root:11
co-12_23-00945	12:23	w-s012-a023-w015	w-s012-a023-w013	ء ل ه	ق و ل	2	2	4	2	514	1188	intra_ayah:12:23:root:11
co-12_23-00946	12:23	w-s012-a023-w015	w-s012-a023-w007	ء ل ه	ن ف س	8	7	7	1	139	272	intra_ayah:12:23:root:12
co-12_23-00947	12:23	w-s012-a023-w015	w-s012-a023-w011	ء ل ه	ه ي ت	4	3	3	1	1	1	intra_ayah:12:23:root:13
co-12_23-00948	12:23	w-s012-a023-w009	w-s012-a023-w005	ب و ب	ب ي ت	4	3	3	1	3	4	intra_ayah:12:23:root:14
co-12_23-00949	12:23	w-s012-a023-w009	w-s012-a023-w019	ب و ب	ث و ي	10	8	8	1	4	4	intra_ayah:12:23:root:15
co-12_23-00950	12:23	w-s012-a023-w009	w-s012-a023-w018	ب و ب	ح س ن	9	7	7	1	3	3	intra_ayah:12:23:root:16
co-12_23-00951	12:23	w-s012-a023-w009	w-s012-a023-w017	ب و ب	ر ب ب	8	6	6	1	3	3	intra_ayah:12:23:root:17
co-12_23-00952	12:23	w-s012-a023-w009	w-s012-a023-w001	ب و ب	ر و د	8	4	4	1	2	3	intra_ayah:12:23:root:18
co-12_23-00953	12:23	w-s012-a023-w009	w-s012-a023-w023	ب و ب	ظ ل م	14	10	10	1	1	1	intra_ayah:12:23:root:19
co-12_23-00954	12:23	w-s012-a023-w015	w-s012-a023-w005	ء ل ه	ب ي ت	10	8	8	1	26	79	intra_ayah:12:23:root:2
co-12_23-00955	12:23	w-s012-a023-w009	w-s012-a023-w014	ب و ب	ع و ذ	5	4	4	1	1	1	intra_ayah:12:23:root:20
co-12_23-00956	12:23	w-s012-a023-w009	w-s012-a023-w008	ب و ب	غ ل ق	1	1	1	1	1	1	intra_ayah:12:23:root:21
co-12_23-00957	12:23	w-s012-a023-w009	w-s012-a023-w022	ب و ب	ف ل ح	13	9	9	1	2	2	intra_ayah:12:23:root:22
co-12_23-00958	12:23	w-s012-a023-w009	w-s012-a023-w010	ب و ب	ق و ل	1	1	3	2	12	20	intra_ayah:12:23:root:23
co-12_23-00959	12:23	w-s012-a023-w009	w-s012-a023-w013	ب و ب	ق و ل	4	1	3	2	12	20	intra_ayah:12:23:root:23
co-12_23-00960	12:23	w-s012-a023-w009	w-s012-a023-w007	ب و ب	ن ف س	2	2	2	1	1	1	intra_ayah:12:23:root:24
co-12_23-00961	12:23	w-s012-a023-w009	w-s012-a023-w011	ب و ب	ه ي ت	2	2	2	1	1	1	intra_ayah:12:23:root:25
co-12_23-00962	12:23	w-s012-a023-w005	w-s012-a023-w019	ب ي ت	ث و ي	14	11	11	1	1	1	intra_ayah:12:23:root:26
co-12_23-00963	12:23	w-s012-a023-w005	w-s012-a023-w018	ب ي ت	ح س ن	13	10	10	1	1	1	intra_ayah:12:23:root:27
co-12_23-00964	12:23	w-s012-a023-w005	w-s012-a023-w017	ب ي ت	ر ب ب	12	9	9	1	13	14	intra_ayah:12:23:root:28
co-12_23-00965	12:23	w-s012-a023-w005	w-s012-a023-w001	ب ي ت	ر و د	4	1	1	1	3	4	intra_ayah:12:23:root:29
co-12_23-00966	12:23	w-s012-a023-w015	w-s012-a023-w019	ء ل ه	ث و ي	4	3	3	1	9	11	intra_ayah:12:23:root:3
co-12_23-00967	12:23	w-s012-a023-w005	w-s012-a023-w023	ب ي ت	ظ ل م	18	13	13	1	5	5	intra_ayah:12:23:root:30
co-12_23-00968	12:23	w-s012-a023-w005	w-s012-a023-w014	ب ي ت	ع و ذ	9	7	7	1	1	1	intra_ayah:12:23:root:31
co-12_23-00969	12:23	w-s012-a023-w005	w-s012-a023-w008	ب ي ت	غ ل ق	3	2	2	1	1	1	intra_ayah:12:23:root:32
co-12_23-00970	12:23	w-s012-a023-w005	w-s012-a023-w022	ب ي ت	ف ل ح	17	12	12	1	2	3	intra_ayah:12:23:root:33
co-12_23-00971	12:23	w-s012-a023-w005	w-s012-a023-w010	ب ي ت	ق و ل	5	4	6	2	12	22	intra_ayah:12:23:root:34
co-12_23-00972	12:23	w-s012-a023-w005	w-s012-a023-w013	ب ي ت	ق و ل	8	4	6	2	12	22	intra_ayah:12:23:root:34
co-12_23-00973	12:23	w-s012-a023-w005	w-s012-a023-w007	ب ي ت	ن ف س	2	1	1	1	4	24	intra_ayah:12:23:root:35
co-12_23-00974	12:23	w-s012-a023-w005	w-s012-a023-w011	ب ي ت	ه ي ت	6	5	5	1	1	1	intra_ayah:12:23:root:36
co-12_23-00975	12:23	w-s012-a023-w019	w-s012-a023-w018	ث و ي	ح س ن	1	1	1	1	1	1	intra_ayah:12:23:root:37
co-12_23-00976	12:23	w-s012-a023-w019	w-s012-a023-w017	ث و ي	ر ب ب	2	2	2	1	2	3	intra_ayah:12:23:root:38
co-12_23-00977	12:23	w-s012-a023-w019	w-s012-a023-w001	ث و ي	ر و د	18	12	12	1	1	1	intra_ayah:12:23:root:39
co-12_23-00978	12:23	w-s012-a023-w015	w-s012-a023-w018	ء ل ه	ح س ن	3	2	2	1	86	167	intra_ayah:12:23:root:4
co-12_23-00979	12:23	w-s012-a023-w019	w-s012-a023-w023	ث و ي	ظ ل م	4	2	2	1	4	4	intra_ayah:12:23:root:40
co-12_23-00980	12:23	w-s012-a023-w019	w-s012-a023-w014	ث و ي	ع و ذ	5	4	4	1	1	1	intra_ayah:12:23:root:41
co-12_23-00981	12:23	w-s012-a023-w019	w-s012-a023-w008	ث و ي	غ ل ق	11	9	9	1	1	1	intra_ayah:12:23:root:42
co-12_23-00982	12:23	w-s012-a023-w019	w-s012-a023-w022	ث و ي	ف ل ح	3	1	1	1	1	1	intra_ayah:12:23:root:43
co-12_23-00983	12:23	w-s012-a023-w019	w-s012-a023-w010	ث و ي	ق و ل	9	5	7	2	4	6	intra_ayah:12:23:root:44
co-12_23-00984	12:23	w-s012-a023-w019	w-s012-a023-w013	ث و ي	ق و ل	6	5	7	2	4	6	intra_ayah:12:23:root:44
co-12_23-00985	12:23	w-s012-a023-w019	w-s012-a023-w007	ث و ي	ن ف س	12	10	10	1	1	1	intra_ayah:12:23:root:45
co-12_23-00986	12:23	w-s012-a023-w019	w-s012-a023-w011	ث و ي	ه ي ت	8	6	6	1	1	1	intra_ayah:12:23:root:46
co-12_23-00987	12:23	w-s012-a023-w018	w-s012-a023-w017	ح س ن	ر ب ب	1	1	1	1	29	40	intra_ayah:12:23:root:47
co-12_23-00988	12:23	w-s012-a023-w018	w-s012-a023-w001	ح س ن	ر و د	17	11	11	1	6	7	intra_ayah:12:23:root:48
co-12_23-00989	12:23	w-s012-a023-w018	w-s012-a023-w023	ح س ن	ظ ل م	5	3	3	1	11	11	intra_ayah:12:23:root:49
co-12_23-00990	12:23	w-s012-a023-w015	w-s012-a023-w017	ء ل ه	ر ب ب	2	1	1	1	204	368	intra_ayah:12:23:root:5
co-12_23-00991	12:23	w-s012-a023-w018	w-s012-a023-w014	ح س ن	ع و ذ	4	3	3	1	1	1	intra_ayah:12:23:root:50
co-12_23-00992	12:23	w-s012-a023-w018	w-s012-a023-w008	ح س ن	غ ل ق	10	8	8	1	1	1	intra_ayah:12:23:root:51
co-12_23-00993	12:23	w-s012-a023-w018	w-s012-a023-w022	ح س ن	ف ل ح	4	2	2	1	1	1	intra_ayah:12:23:root:52
co-12_23-00994	12:23	w-s012-a023-w018	w-s012-a023-w010	ح س ن	ق و ل	8	4	6	2	41	64	intra_ayah:12:23:root:53
co-12_23-00995	12:23	w-s012-a023-w018	w-s012-a023-w013	ح س ن	ق و ل	5	4	6	2	41	64	intra_ayah:12:23:root:53
co-12_23-00996	12:23	w-s012-a023-w018	w-s012-a023-w007	ح س ن	ن ف س	11	9	9	1	11	14	intra_ayah:12:23:root:54
co-12_23-00997	12:23	w-s012-a023-w018	w-s012-a023-w011	ح س ن	ه ي ت	7	5	5	1	1	1	intra_ayah:12:23:root:55
co-12_23-00998	12:23	w-s012-a023-w017	w-s012-a023-w001	ر ب ب	ر و د	16	10	10	1	12	19	intra_ayah:12:23:root:56
co-12_23-00999	12:23	w-s012-a023-w017	w-s012-a023-w023	ر ب ب	ظ ل م	6	4	4	1	56	66	intra_ayah:12:23:root:57
co-12_23-01000	12:23	w-s012-a023-w017	w-s012-a023-w014	ر ب ب	ع و ذ	3	2	2	1	9	11	intra_ayah:12:23:root:58
co-12_23-01001	12:23	w-s012-a023-w017	w-s012-a023-w008	ر ب ب	غ ل ق	9	7	7	1	1	1	intra_ayah:12:23:root:59
co-12_23-01002	12:23	w-s012-a023-w015	w-s012-a023-w001	ء ل ه	ر و د	14	9	9	1	65	146	intra_ayah:12:23:root:6
co-12_23-01003	12:23	w-s012-a023-w017	w-s012-a023-w022	ر ب ب	ف ل ح	5	3	3	1	7	7	intra_ayah:12:23:root:60
co-12_23-01004	12:23	w-s012-a023-w017	w-s012-a023-w010	ر ب ب	ق و ل	7	3	5	2	329	501	intra_ayah:12:23:root:61
co-12_23-01005	12:23	w-s012-a023-w017	w-s012-a023-w013	ر ب ب	ق و ل	4	3	5	2	329	501	intra_ayah:12:23:root:61
co-12_23-01006	12:23	w-s012-a023-w017	w-s012-a023-w007	ر ب ب	ن ف س	10	8	8	1	42	54	intra_ayah:12:23:root:62
co-12_23-01007	12:23	w-s012-a023-w017	w-s012-a023-w011	ر ب ب	ه ي ت	6	4	4	1	1	1	intra_ayah:12:23:root:63
co-12_23-01008	12:23	w-s012-a023-w001	w-s012-a023-w023	ر و د	ظ ل م	22	14	14	1	6	6	intra_ayah:12:23:root:64
co-12_23-01009	12:23	w-s012-a023-w001	w-s012-a023-w014	ر و د	ع و ذ	13	8	8	1	1	1	intra_ayah:12:23:root:65
co-12_23-01010	12:23	w-s012-a023-w001	w-s012-a023-w008	ر و د	غ ل ق	7	3	3	1	1	1	intra_ayah:12:23:root:66
co-12_23-01011	12:23	w-s012-a023-w001	w-s012-a023-w022	ر و د	ف ل ح	21	13	13	1	2	2	intra_ayah:12:23:root:67
co-12_23-01012	12:23	w-s012-a023-w001	w-s012-a023-w010	ر و د	ق و ل	9	5	7	2	35	70	intra_ayah:12:23:root:68
co-12_23-01013	12:23	w-s012-a023-w001	w-s012-a023-w013	ر و د	ق و ل	12	5	7	2	35	70	intra_ayah:12:23:root:68
co-12_23-01014	12:23	w-s012-a023-w001	w-s012-a023-w007	ر و د	ن ف س	6	2	2	1	14	24	intra_ayah:12:23:root:69
co-12_23-01015	12:23	w-s012-a023-w015	w-s012-a023-w023	ء ل ه	ظ ل م	8	5	5	1	131	222	intra_ayah:12:23:root:7
co-12_23-01016	12:23	w-s012-a023-w001	w-s012-a023-w011	ر و د	ه ي ت	10	6	6	1	1	1	intra_ayah:12:23:root:70
co-12_23-01017	12:23	w-s012-a023-w023	w-s012-a023-w014	ظ ل م	ع و ذ	9	6	6	1	2	2	intra_ayah:12:23:root:71
co-12_23-01018	12:23	w-s012-a023-w023	w-s012-a023-w008	ظ ل م	غ ل ق	15	11	11	1	1	1	intra_ayah:12:23:root:72
co-12_23-01019	12:23	w-s012-a023-w023	w-s012-a023-w022	ظ ل م	ف ل ح	1	1	1	1	5	6	intra_ayah:12:23:root:73
co-12_23-01020	12:23	w-s012-a023-w023	w-s012-a023-w010	ظ ل م	ق و ل	13	7	9	2	79	119	intra_ayah:12:23:root:74
co-12_23-01021	12:23	w-s012-a023-w023	w-s012-a023-w013	ظ ل م	ق و ل	10	7	9	2	79	119	intra_ayah:12:23:root:74
co-12_23-01022	12:23	w-s012-a023-w023	w-s012-a023-w007	ظ ل م	ن ف س	16	12	12	1	55	75	intra_ayah:12:23:root:75
co-12_23-01023	12:23	w-s012-a023-w023	w-s012-a023-w011	ظ ل م	ه ي ت	12	8	8	1	1	1	intra_ayah:12:23:root:76
co-12_23-01024	12:23	w-s012-a023-w014	w-s012-a023-w008	ع و ذ	غ ل ق	6	5	5	1	1	1	intra_ayah:12:23:root:77
co-12_23-01025	12:23	w-s012-a023-w014	w-s012-a023-w022	ع و ذ	ف ل ح	8	5	5	1	1	1	intra_ayah:12:23:root:78
co-12_23-01026	12:23	w-s012-a023-w014	w-s012-a023-w010	ع و ذ	ق و ل	4	1	3	2	10	13	intra_ayah:12:23:root:79
co-12_23-01027	12:23	w-s012-a023-w014	w-s012-a023-w013	ع و ذ	ق و ل	1	1	3	2	10	13	intra_ayah:12:23:root:79
co-12_23-01028	12:23	w-s012-a023-w015	w-s012-a023-w014	ء ل ه	ع و ذ	1	1	1	1	8	10	intra_ayah:12:23:root:8
co-12_23-01029	12:23	w-s012-a023-w014	w-s012-a023-w007	ع و ذ	ن ف س	7	6	6	1	1	1	intra_ayah:12:23:root:80
co-12_23-01030	12:23	w-s012-a023-w014	w-s012-a023-w011	ع و ذ	ه ي ت	3	2	2	1	1	1	intra_ayah:12:23:root:81
co-12_23-01031	12:23	w-s012-a023-w008	w-s012-a023-w022	غ ل ق	ف ل ح	14	10	10	1	1	1	intra_ayah:12:23:root:82
co-12_23-01032	12:23	w-s012-a023-w008	w-s012-a023-w010	غ ل ق	ق و ل	2	2	4	2	1	2	intra_ayah:12:23:root:83
co-12_23-01033	12:23	w-s012-a023-w008	w-s012-a023-w013	غ ل ق	ق و ل	5	2	4	2	1	2	intra_ayah:12:23:root:83
co-12_23-01034	12:23	w-s012-a023-w008	w-s012-a023-w007	غ ل ق	ن ف س	1	1	1	1	1	1	intra_ayah:12:23:root:84
co-12_23-01035	12:23	w-s012-a023-w008	w-s012-a023-w011	غ ل ق	ه ي ت	3	3	3	1	1	1	intra_ayah:12:23:root:85
co-12_23-01036	12:23	w-s012-a023-w022	w-s012-a023-w010	ف ل ح	ق و ل	12	6	8	2	11	14	intra_ayah:12:23:root:86
co-12_23-01037	12:23	w-s012-a023-w022	w-s012-a023-w013	ف ل ح	ق و ل	9	6	8	2	11	14	intra_ayah:12:23:root:86
co-12_23-01038	12:23	w-s012-a023-w022	w-s012-a023-w007	ف ل ح	ن ف س	15	11	11	1	4	6	intra_ayah:12:23:root:87
co-12_23-01039	12:23	w-s012-a023-w022	w-s012-a023-w011	ف ل ح	ه ي ت	11	7	7	1	1	1	intra_ayah:12:23:root:88
co-12_23-01040	12:23	w-s012-a023-w010	w-s012-a023-w007	ق و ل	ن ف س	3	3	5	2	67	123	intra_ayah:12:23:root:89
co-12_23-01041	12:23	w-s012-a023-w013	w-s012-a023-w007	ق و ل	ن ف س	6	3	5	2	67	123	intra_ayah:12:23:root:89
co-12_23-01042	12:23	w-s012-a023-w015	w-s012-a023-w008	ء ل ه	غ ل ق	7	6	6	1	1	1	intra_ayah:12:23:root:9
co-12_23-01043	12:23	w-s012-a023-w010	w-s012-a023-w011	ق و ل	ه ي ت	1	1	1	2	1	2	intra_ayah:12:23:root:90
co-12_23-01044	12:23	w-s012-a023-w013	w-s012-a023-w011	ق و ل	ه ي ت	2	1	1	2	1	2	intra_ayah:12:23:root:90
co-12_23-01045	12:23	w-s012-a023-w007	w-s012-a023-w011	ن ف س	ه ي ت	4	4	4	1	1	1	intra_ayah:12:23:root:91
co-12_24-01046	12:24	w-s012-a024-w009	w-s012-a024-w019	ب ر ه ن	خ ل ص	10	6	6	1	1	1	intra_ayah:12:24:root:1
co-12_24-01047	12:24	w-s012-a024-w019	w-s012-a024-w010	خ ل ص	ر ب ب	9	5	5	1	4	5	intra_ayah:12:24:root:10
co-12_24-01048	12:24	w-s012-a024-w019	w-s012-a024-w014	خ ل ص	س و ء	5	3	3	1	1	1	intra_ayah:12:24:root:11
co-12_24-01049	12:24	w-s012-a024-w019	w-s012-a024-w012	خ ل ص	ص ر ف	7	4	4	1	1	1	intra_ayah:12:24:root:12
co-12_24-01050	12:24	w-s012-a024-w019	w-s012-a024-w018	خ ل ص	ع ب د	1	1	1	1	14	14	intra_ayah:12:24:root:13
co-12_24-01051	12:24	w-s012-a024-w019	w-s012-a024-w015	خ ل ص	ف ح ش	4	2	2	1	1	1	intra_ayah:12:24:root:14
co-12_24-01052	12:24	w-s012-a024-w019	w-s012-a024-w002	خ ل ص	ه م م	17	8	9	2	1	2	intra_ayah:12:24:root:15
co-12_24-01053	12:24	w-s012-a024-w019	w-s012-a024-w004	خ ل ص	ه م م	15	8	9	2	1	2	intra_ayah:12:24:root:15
co-12_24-01054	12:24	w-s012-a024-w008	w-s012-a024-w010	ر ء ي	ر ب ب	2	2	2	1	41	60	intra_ayah:12:24:root:16
co-12_24-01055	12:24	w-s012-a024-w008	w-s012-a024-w014	ر ء ي	س و ء	6	4	4	1	7	10	intra_ayah:12:24:root:17
co-12_24-01056	12:24	w-s012-a024-w008	w-s012-a024-w012	ر ء ي	ص ر ف	4	3	3	1	8	12	intra_ayah:12:24:root:18
co-12_24-01057	12:24	w-s012-a024-w008	w-s012-a024-w018	ر ء ي	ع ب د	10	6	6	1	7	7	intra_ayah:12:24:root:19
co-12_24-01058	12:24	w-s012-a024-w009	w-s012-a024-w008	ب ر ه ن	ر ء ي	1	1	1	1	1	1	intra_ayah:12:24:root:2
co-12_24-01059	12:24	w-s012-a024-w008	w-s012-a024-w015	ر ء ي	ف ح ش	7	5	5	1	1	1	intra_ayah:12:24:root:20
co-12_24-01060	12:24	w-s012-a024-w008	w-s012-a024-w002	ر ء ي	ه م م	6	1	2	2	1	2	intra_ayah:12:24:root:21
co-12_24-01061	12:24	w-s012-a024-w008	w-s012-a024-w004	ر ء ي	ه م م	4	1	2	2	1	2	intra_ayah:12:24:root:21
co-12_24-01062	12:24	w-s012-a024-w010	w-s012-a024-w014	ر ب ب	س و ء	4	2	2	1	29	36	intra_ayah:12:24:root:22
co-12_24-01063	12:24	w-s012-a024-w010	w-s012-a024-w012	ر ب ب	ص ر ف	2	1	1	1	8	8	intra_ayah:12:24:root:23
co-12_24-01064	12:24	w-s012-a024-w010	w-s012-a024-w018	ر ب ب	ع ب د	8	4	4	1	47	57	intra_ayah:12:24:root:24
co-12_24-01065	12:24	w-s012-a024-w010	w-s012-a024-w015	ر ب ب	ف ح ش	5	3	3	1	5	5	intra_ayah:12:24:root:25
co-12_24-01066	12:24	w-s012-a024-w010	w-s012-a024-w002	ر ب ب	ه م م	8	3	4	2	1	2	intra_ayah:12:24:root:26
co-12_24-01067	12:24	w-s012-a024-w010	w-s012-a024-w004	ر ب ب	ه م م	6	3	4	2	1	2	intra_ayah:12:24:root:26
co-12_24-01068	12:24	w-s012-a024-w014	w-s012-a024-w012	س و ء	ص ر ف	2	1	1	1	1	1	intra_ayah:12:24:root:27
co-12_24-01069	12:24	w-s012-a024-w014	w-s012-a024-w018	س و ء	ع ب د	4	2	2	1	5	5	intra_ayah:12:24:root:28
co-12_24-01070	12:24	w-s012-a024-w014	w-s012-a024-w015	س و ء	ف ح ش	1	1	1	1	4	4	intra_ayah:12:24:root:29
co-12_24-01071	12:24	w-s012-a024-w009	w-s012-a024-w010	ب ر ه ن	ر ب ب	1	1	1	1	4	4	intra_ayah:12:24:root:3
co-12_24-01072	12:24	w-s012-a024-w014	w-s012-a024-w002	س و ء	ه م م	12	5	6	2	1	2	intra_ayah:12:24:root:30
co-12_24-01073	12:24	w-s012-a024-w014	w-s012-a024-w004	س و ء	ه م م	10	5	6	2	1	2	intra_ayah:12:24:root:30
co-12_24-01074	12:24	w-s012-a024-w012	w-s012-a024-w018	ص ر ف	ع ب د	6	3	3	1	1	1	intra_ayah:12:24:root:31
co-12_24-01075	12:24	w-s012-a024-w012	w-s012-a024-w015	ص ر ف	ف ح ش	3	2	2	1	1	1	intra_ayah:12:24:root:32
co-12_24-01076	12:24	w-s012-a024-w012	w-s012-a024-w002	ص ر ف	ه م م	10	4	5	2	1	2	intra_ayah:12:24:root:33
co-12_24-01077	12:24	w-s012-a024-w012	w-s012-a024-w004	ص ر ف	ه م م	8	4	5	2	1	2	intra_ayah:12:24:root:33
co-12_24-01078	12:24	w-s012-a024-w018	w-s012-a024-w015	ع ب د	ف ح ش	3	1	1	1	1	1	intra_ayah:12:24:root:34
co-12_24-01079	12:24	w-s012-a024-w018	w-s012-a024-w002	ع ب د	ه م م	16	7	8	2	1	2	intra_ayah:12:24:root:35
co-12_24-01080	12:24	w-s012-a024-w018	w-s012-a024-w004	ع ب د	ه م م	14	7	8	2	1	2	intra_ayah:12:24:root:35
co-12_24-01081	12:24	w-s012-a024-w015	w-s012-a024-w002	ف ح ش	ه م م	13	6	7	2	1	2	intra_ayah:12:24:root:36
co-12_24-01082	12:24	w-s012-a024-w015	w-s012-a024-w004	ف ح ش	ه م م	11	6	7	2	1	2	intra_ayah:12:24:root:36
co-12_24-01083	12:24	w-s012-a024-w009	w-s012-a024-w014	ب ر ه ن	س و ء	5	3	3	1	2	2	intra_ayah:12:24:root:4
co-12_24-01084	12:24	w-s012-a024-w009	w-s012-a024-w012	ب ر ه ن	ص ر ف	3	2	2	1	1	1	intra_ayah:12:24:root:5
co-12_24-01085	12:24	w-s012-a024-w009	w-s012-a024-w018	ب ر ه ن	ع ب د	9	5	5	1	1	1	intra_ayah:12:24:root:6
co-12_24-01086	12:24	w-s012-a024-w009	w-s012-a024-w015	ب ر ه ن	ف ح ش	6	4	4	1	1	1	intra_ayah:12:24:root:7
co-12_24-01087	12:24	w-s012-a024-w009	w-s012-a024-w002	ب ر ه ن	ه م م	7	2	3	2	1	2	intra_ayah:12:24:root:8
co-12_24-01088	12:24	w-s012-a024-w009	w-s012-a024-w004	ب ر ه ن	ه م م	5	2	3	2	1	2	intra_ayah:12:24:root:8
co-12_24-01089	12:24	w-s012-a024-w019	w-s012-a024-w008	خ ل ص	ر ء ي	11	7	7	1	1	1	intra_ayah:12:24:root:9
co-12_25-01090	12:25	w-s012-a025-w023	w-s012-a025-w016	ء ل م	ء ه ل	7	4	4	1	1	1	intra_ayah:12:25:root:1
co-12_25-01091	12:25	w-s012-a025-w023	w-s012-a025-w022	ء ل م	ع ذ ب	1	1	1	1	70	79	intra_ayah:12:25:root:10
co-12_25-01092	12:25	w-s012-a025-w003	w-s012-a025-w004	ق د د	ق م ص	1	1	1	1	4	4	intra_ayah:12:25:root:100
co-12_25-01093	12:25	w-s012-a025-w003	w-s012-a025-w011	ق د د	ق و ل	8	6	6	1	3	3	intra_ayah:12:25:root:101
co-12_25-01094	12:25	w-s012-a025-w003	w-s012-a025-w007	ق د د	ل ف و	4	3	3	1	1	1	intra_ayah:12:25:root:102
co-12_25-01095	12:25	w-s012-a025-w004	w-s012-a025-w011	ق م ص	ق و ل	7	5	5	1	4	4	intra_ayah:12:25:root:103
co-12_25-01096	12:25	w-s012-a025-w004	w-s012-a025-w007	ق م ص	ل ف و	3	2	2	1	1	1	intra_ayah:12:25:root:104
co-12_25-01097	12:25	w-s012-a025-w011	w-s012-a025-w007	ق و ل	ل ف و	4	3	3	1	2	3	intra_ayah:12:25:root:105
co-12_25-01098	12:25	w-s012-a025-w023	w-s012-a025-w003	ء ل م	ق د د	20	13	13	1	1	1	intra_ayah:12:25:root:11
co-12_25-01099	12:25	w-s012-a025-w023	w-s012-a025-w004	ء ل م	ق م ص	19	12	12	1	1	1	intra_ayah:12:25:root:12
co-12_25-01100	12:25	w-s012-a025-w023	w-s012-a025-w011	ء ل م	ق و ل	12	7	7	1	16	21	intra_ayah:12:25:root:13
co-12_25-01101	12:25	w-s012-a025-w023	w-s012-a025-w007	ء ل م	ل ف و	16	10	10	1	1	1	intra_ayah:12:25:root:14
co-12_25-01102	12:25	w-s012-a025-w016	w-s012-a025-w002	ء ه ل	ب و ب	14	4	10	2	1	2	intra_ayah:12:25:root:15
co-12_25-01103	12:25	w-s012-a025-w016	w-s012-a025-w010	ء ه ل	ب و ب	6	4	10	2	1	2	intra_ayah:12:25:root:15
co-12_25-01104	12:25	w-s012-a025-w016	w-s012-a025-w013	ء ه ل	ج ز ي	3	2	2	1	3	3	intra_ayah:12:25:root:16
co-12_25-01105	12:25	w-s012-a025-w016	w-s012-a025-w006	ء ه ل	د ب ر	10	7	7	1	2	2	intra_ayah:12:25:root:17
co-12_25-01106	12:25	w-s012-a025-w016	w-s012-a025-w015	ء ه ل	ر و د	1	1	1	1	7	10	intra_ayah:12:25:root:18
co-12_25-01107	12:25	w-s012-a025-w016	w-s012-a025-w001	ء ه ل	س ب ق	15	11	11	1	3	3	intra_ayah:12:25:root:19
co-12_25-01108	12:25	w-s012-a025-w023	w-s012-a025-w002	ء ل م	ب و ب	21	8	14	2	1	2	intra_ayah:12:25:root:2
co-12_25-01109	12:25	w-s012-a025-w023	w-s012-a025-w010	ء ل م	ب و ب	13	8	14	2	1	2	intra_ayah:12:25:root:2
co-12_25-01110	12:25	w-s012-a025-w016	w-s012-a025-w020	ء ه ل	س ج ن	4	2	2	1	1	1	intra_ayah:12:25:root:20
co-12_25-01111	12:25	w-s012-a025-w016	w-s012-a025-w017	ء ه ل	س و ء	1	1	1	1	6	7	intra_ayah:12:25:root:21
co-12_25-01112	12:25	w-s012-a025-w016	w-s012-a025-w008	ء ه ل	س و د	8	5	5	1	1	1	intra_ayah:12:25:root:22
co-12_25-01113	12:25	w-s012-a025-w016	w-s012-a025-w022	ء ه ل	ع ذ ب	6	3	3	1	5	6	intra_ayah:12:25:root:23
co-12_25-01114	12:25	w-s012-a025-w016	w-s012-a025-w003	ء ه ل	ق د د	13	9	9	1	2	2	intra_ayah:12:25:root:24
co-12_25-01115	12:25	w-s012-a025-w016	w-s012-a025-w004	ء ه ل	ق م ص	12	8	8	1	3	3	intra_ayah:12:25:root:25
co-12_25-01116	12:25	w-s012-a025-w016	w-s012-a025-w011	ء ه ل	ق و ل	5	3	3	1	46	61	intra_ayah:12:25:root:26
co-12_25-01117	12:25	w-s012-a025-w016	w-s012-a025-w007	ء ه ل	ل ف و	9	6	6	1	1	1	intra_ayah:12:25:root:27
co-12_25-01118	12:25	w-s012-a025-w002	w-s012-a025-w013	ب و ب	ج ز ي	11	2	8	2	2	3	intra_ayah:12:25:root:28
co-12_25-01119	12:25	w-s012-a025-w010	w-s012-a025-w013	ب و ب	ج ز ي	3	2	8	2	2	3	intra_ayah:12:25:root:28
co-12_25-01120	12:25	w-s012-a025-w002	w-s012-a025-w006	ب و ب	د ب ر	4	3	3	2	1	2	intra_ayah:12:25:root:29
co-12_25-01121	12:25	w-s012-a025-w010	w-s012-a025-w006	ب و ب	د ب ر	4	3	3	2	1	2	intra_ayah:12:25:root:29
co-12_25-01122	12:25	w-s012-a025-w023	w-s012-a025-w013	ء ل م	ج ز ي	10	6	6	1	2	2	intra_ayah:12:25:root:3
co-12_25-01123	12:25	w-s012-a025-w002	w-s012-a025-w015	ب و ب	ر و د	13	3	9	2	2	3	intra_ayah:12:25:root:30
co-12_25-01124	12:25	w-s012-a025-w010	w-s012-a025-w015	ب و ب	ر و د	5	3	9	2	2	3	intra_ayah:12:25:root:30
co-12_25-01125	12:25	w-s012-a025-w002	w-s012-a025-w001	ب و ب	س ب ق	1	1	7	2	1	2	intra_ayah:12:25:root:31
co-12_25-01126	12:25	w-s012-a025-w010	w-s012-a025-w001	ب و ب	س ب ق	9	1	7	2	1	2	intra_ayah:12:25:root:31
co-12_25-01127	12:25	w-s012-a025-w002	w-s012-a025-w020	ب و ب	س ج ن	18	6	12	2	1	2	intra_ayah:12:25:root:32
co-12_25-01128	12:25	w-s012-a025-w010	w-s012-a025-w020	ب و ب	س ج ن	10	6	12	2	1	2	intra_ayah:12:25:root:32
co-12_25-01129	12:25	w-s012-a025-w002	w-s012-a025-w017	ب و ب	س و ء	15	5	11	2	1	2	intra_ayah:12:25:root:33
co-12_25-01130	12:25	w-s012-a025-w010	w-s012-a025-w017	ب و ب	س و ء	7	5	11	2	1	2	intra_ayah:12:25:root:33
co-12_25-01131	12:25	w-s012-a025-w002	w-s012-a025-w008	ب و ب	س و د	6	1	5	2	1	2	intra_ayah:12:25:root:34
co-12_25-01132	12:25	w-s012-a025-w010	w-s012-a025-w008	ب و ب	س و د	2	1	5	2	1	2	intra_ayah:12:25:root:34
co-12_25-01133	12:25	w-s012-a025-w002	w-s012-a025-w022	ب و ب	ع ذ ب	20	7	13	2	4	5	intra_ayah:12:25:root:35
co-12_25-01134	12:25	w-s012-a025-w010	w-s012-a025-w022	ب و ب	ع ذ ب	12	7	13	2	4	5	intra_ayah:12:25:root:35
co-12_25-01135	12:25	w-s012-a025-w002	w-s012-a025-w003	ب و ب	ق د د	1	1	5	2	1	2	intra_ayah:12:25:root:36
co-12_25-01136	12:25	w-s012-a025-w010	w-s012-a025-w003	ب و ب	ق د د	7	1	5	2	1	2	intra_ayah:12:25:root:36
co-12_25-01137	12:25	w-s012-a025-w002	w-s012-a025-w004	ب و ب	ق م ص	2	2	4	2	1	2	intra_ayah:12:25:root:37
co-12_25-01138	12:25	w-s012-a025-w010	w-s012-a025-w004	ب و ب	ق م ص	6	2	4	2	1	2	intra_ayah:12:25:root:37
co-12_25-01139	12:25	w-s012-a025-w002	w-s012-a025-w011	ب و ب	ق و ل	9	1	7	2	12	20	intra_ayah:12:25:root:38
co-12_25-01140	12:25	w-s012-a025-w010	w-s012-a025-w011	ب و ب	ق و ل	1	1	7	2	12	20	intra_ayah:12:25:root:38
co-12_25-01141	12:25	w-s012-a025-w002	w-s012-a025-w007	ب و ب	ل ف و	5	2	4	2	1	2	intra_ayah:12:25:root:39
co-12_25-01142	12:25	w-s012-a025-w010	w-s012-a025-w007	ب و ب	ل ف و	3	2	4	2	1	2	intra_ayah:12:25:root:39
co-12_25-01143	12:25	w-s012-a025-w023	w-s012-a025-w006	ء ل م	د ب ر	17	11	11	1	1	1	intra_ayah:12:25:root:4
co-12_25-01144	12:25	w-s012-a025-w013	w-s012-a025-w006	ج ز ي	د ب ر	7	5	5	1	1	1	intra_ayah:12:25:root:40
co-12_25-01145	12:25	w-s012-a025-w013	w-s012-a025-w015	ج ز ي	ر و د	2	1	1	1	4	5	intra_ayah:12:25:root:41
co-12_25-01146	12:25	w-s012-a025-w013	w-s012-a025-w001	ج ز ي	س ب ق	12	9	9	1	1	1	intra_ayah:12:25:root:42
co-12_25-01147	12:25	w-s012-a025-w013	w-s012-a025-w020	ج ز ي	س ج ن	7	4	4	1	1	1	intra_ayah:12:25:root:43
co-12_25-01148	12:25	w-s012-a025-w013	w-s012-a025-w017	ج ز ي	س و ء	4	3	3	1	13	17	intra_ayah:12:25:root:44
co-12_25-01149	12:25	w-s012-a025-w013	w-s012-a025-w008	ج ز ي	س و د	5	3	3	1	1	1	intra_ayah:12:25:root:45
co-12_25-01150	12:25	w-s012-a025-w013	w-s012-a025-w022	ج ز ي	ع ذ ب	9	5	5	1	15	15	intra_ayah:12:25:root:46
co-12_25-01151	12:25	w-s012-a025-w013	w-s012-a025-w003	ج ز ي	ق د د	10	7	7	1	1	1	intra_ayah:12:25:root:47
co-12_25-01152	12:25	w-s012-a025-w013	w-s012-a025-w004	ج ز ي	ق م ص	9	6	6	1	1	1	intra_ayah:12:25:root:48
co-12_25-01153	12:25	w-s012-a025-w013	w-s012-a025-w011	ج ز ي	ق و ل	2	1	1	1	18	25	intra_ayah:12:25:root:49
co-12_25-01154	12:25	w-s012-a025-w023	w-s012-a025-w015	ء ل م	ر و د	8	5	5	1	2	2	intra_ayah:12:25:root:5
co-12_25-01155	12:25	w-s012-a025-w013	w-s012-a025-w007	ج ز ي	ل ف و	6	4	4	1	1	1	intra_ayah:12:25:root:50
co-12_25-01156	12:25	w-s012-a025-w006	w-s012-a025-w015	د ب ر	ر و د	9	6	6	1	2	2	intra_ayah:12:25:root:51
co-12_25-01157	12:25	w-s012-a025-w006	w-s012-a025-w001	د ب ر	س ب ق	5	4	4	1	1	1	intra_ayah:12:25:root:52
co-12_25-01158	12:25	w-s012-a025-w006	w-s012-a025-w020	د ب ر	س ج ن	14	9	9	1	1	1	intra_ayah:12:25:root:53
co-12_25-01159	12:25	w-s012-a025-w006	w-s012-a025-w017	د ب ر	س و ء	11	8	8	1	1	1	intra_ayah:12:25:root:54
co-12_25-01160	12:25	w-s012-a025-w006	w-s012-a025-w008	د ب ر	س و د	2	2	2	1	1	1	intra_ayah:12:25:root:55
co-12_25-01161	12:25	w-s012-a025-w006	w-s012-a025-w022	د ب ر	ع ذ ب	16	10	10	1	2	2	intra_ayah:12:25:root:56
co-12_25-01162	12:25	w-s012-a025-w006	w-s012-a025-w003	د ب ر	ق د د	3	2	2	1	3	3	intra_ayah:12:25:root:57
co-12_25-01163	12:25	w-s012-a025-w006	w-s012-a025-w004	د ب ر	ق م ص	2	1	1	1	3	3	intra_ayah:12:25:root:58
co-12_25-01164	12:25	w-s012-a025-w006	w-s012-a025-w011	د ب ر	ق و ل	5	4	4	1	4	6	intra_ayah:12:25:root:59
co-12_25-01165	12:25	w-s012-a025-w023	w-s012-a025-w001	ء ل م	س ب ق	22	15	15	1	1	1	intra_ayah:12:25:root:6
co-12_25-01166	12:25	w-s012-a025-w006	w-s012-a025-w007	د ب ر	ل ف و	1	1	1	1	1	1	intra_ayah:12:25:root:60
co-12_25-01167	12:25	w-s012-a025-w015	w-s012-a025-w001	ر و د	س ب ق	14	10	10	1	1	1	intra_ayah:12:25:root:61
co-12_25-01168	12:25	w-s012-a025-w015	w-s012-a025-w020	ر و د	س ج ن	5	3	3	1	2	2	intra_ayah:12:25:root:62
co-12_25-01169	12:25	w-s012-a025-w015	w-s012-a025-w017	ر و د	س و ء	2	2	2	1	5	7	intra_ayah:12:25:root:63
co-12_25-01170	12:25	w-s012-a025-w015	w-s012-a025-w008	ر و د	س و د	7	4	4	1	1	1	intra_ayah:12:25:root:64
co-12_25-01171	12:25	w-s012-a025-w015	w-s012-a025-w022	ر و د	ع ذ ب	7	4	4	1	11	12	intra_ayah:12:25:root:65
co-12_25-01172	12:25	w-s012-a025-w015	w-s012-a025-w003	ر و د	ق د د	12	8	8	1	2	2	intra_ayah:12:25:root:66
co-12_25-01173	12:25	w-s012-a025-w015	w-s012-a025-w004	ر و د	ق م ص	11	7	7	1	2	2	intra_ayah:12:25:root:67
co-12_25-01174	12:25	w-s012-a025-w015	w-s012-a025-w011	ر و د	ق و ل	4	2	2	1	35	70	intra_ayah:12:25:root:68
co-12_25-01175	12:25	w-s012-a025-w015	w-s012-a025-w007	ر و د	ل ف و	8	5	5	1	1	1	intra_ayah:12:25:root:69
co-12_25-01176	12:25	w-s012-a025-w023	w-s012-a025-w020	ء ل م	س ج ن	3	2	2	1	1	1	intra_ayah:12:25:root:7
co-12_25-01177	12:25	w-s012-a025-w001	w-s012-a025-w020	س ب ق	س ج ن	19	13	13	1	1	1	intra_ayah:12:25:root:70
co-12_25-01178	12:25	w-s012-a025-w001	w-s012-a025-w017	س ب ق	س و ء	16	12	12	1	2	3	intra_ayah:12:25:root:71
co-12_25-01179	12:25	w-s012-a025-w001	w-s012-a025-w008	س ب ق	س و د	7	6	6	1	1	1	intra_ayah:12:25:root:72
co-12_25-01180	12:25	w-s012-a025-w001	w-s012-a025-w022	س ب ق	ع ذ ب	21	14	14	1	2	2	intra_ayah:12:25:root:73
co-12_25-01181	12:25	w-s012-a025-w001	w-s012-a025-w003	س ب ق	ق د د	2	2	2	1	1	1	intra_ayah:12:25:root:74
co-12_25-01182	12:25	w-s012-a025-w001	w-s012-a025-w004	س ب ق	ق م ص	3	3	3	1	1	1	intra_ayah:12:25:root:75
co-12_25-01183	12:25	w-s012-a025-w001	w-s012-a025-w011	س ب ق	ق و ل	10	8	8	1	9	11	intra_ayah:12:25:root:76
co-12_25-01184	12:25	w-s012-a025-w001	w-s012-a025-w007	س ب ق	ل ف و	6	5	5	1	1	1	intra_ayah:12:25:root:77
co-12_25-01185	12:25	w-s012-a025-w020	w-s012-a025-w017	س ج ن	س و ء	3	1	1	1	1	1	intra_ayah:12:25:root:78
co-12_25-01186	12:25	w-s012-a025-w020	w-s012-a025-w008	س ج ن	س و د	12	7	7	1	1	1	intra_ayah:12:25:root:79
co-12_25-01187	12:25	w-s012-a025-w023	w-s012-a025-w017	ء ل م	س و ء	6	3	3	1	3	3	intra_ayah:12:25:root:8
co-12_25-01188	12:25	w-s012-a025-w020	w-s012-a025-w022	س ج ن	ع ذ ب	2	1	1	1	1	1	intra_ayah:12:25:root:80
co-12_25-01189	12:25	w-s012-a025-w020	w-s012-a025-w003	س ج ن	ق د د	17	11	11	1	1	1	intra_ayah:12:25:root:81
co-12_25-01190	12:25	w-s012-a025-w020	w-s012-a025-w004	س ج ن	ق م ص	16	10	10	1	1	1	intra_ayah:12:25:root:82
co-12_25-01191	12:25	w-s012-a025-w020	w-s012-a025-w011	س ج ن	ق و ل	9	5	5	1	7	8	intra_ayah:12:25:root:83
co-12_25-01192	12:25	w-s012-a025-w020	w-s012-a025-w007	س ج ن	ل ف و	13	8	8	1	1	1	intra_ayah:12:25:root:84
co-12_25-01193	12:25	w-s012-a025-w017	w-s012-a025-w008	س و ء	س و د	9	6	6	1	1	1	intra_ayah:12:25:root:85
co-12_25-01194	12:25	w-s012-a025-w017	w-s012-a025-w022	س و ء	ع ذ ب	5	2	2	1	21	24	intra_ayah:12:25:root:86
co-12_25-01195	12:25	w-s012-a025-w017	w-s012-a025-w003	س و ء	ق د د	14	10	10	1	1	1	intra_ayah:12:25:root:87
co-12_25-01196	12:25	w-s012-a025-w017	w-s012-a025-w004	س و ء	ق م ص	13	9	9	1	1	1	intra_ayah:12:25:root:88
co-12_25-01197	12:25	w-s012-a025-w017	w-s012-a025-w011	س و ء	ق و ل	6	4	4	1	33	42	intra_ayah:12:25:root:89
co-12_25-01198	12:25	w-s012-a025-w023	w-s012-a025-w008	ء ل م	س و د	15	9	9	1	1	1	intra_ayah:12:25:root:9
co-12_25-01199	12:25	w-s012-a025-w017	w-s012-a025-w007	س و ء	ل ف و	10	7	7	1	1	1	intra_ayah:12:25:root:90
co-12_25-01200	12:25	w-s012-a025-w008	w-s012-a025-w022	س و د	ع ذ ب	14	8	8	1	2	3	intra_ayah:12:25:root:91
co-12_25-01201	12:25	w-s012-a025-w008	w-s012-a025-w003	س و د	ق د د	5	4	4	1	1	1	intra_ayah:12:25:root:92
co-12_25-01202	12:25	w-s012-a025-w008	w-s012-a025-w004	س و د	ق م ص	4	3	3	1	1	1	intra_ayah:12:25:root:93
co-12_25-01203	12:25	w-s012-a025-w008	w-s012-a025-w011	س و د	ق و ل	3	2	2	1	2	2	intra_ayah:12:25:root:94
co-12_25-01204	12:25	w-s012-a025-w008	w-s012-a025-w007	س و د	ل ف و	1	1	1	1	1	1	intra_ayah:12:25:root:95
co-12_25-01205	12:25	w-s012-a025-w022	w-s012-a025-w003	ع ذ ب	ق د د	19	12	12	1	1	1	intra_ayah:12:25:root:96
co-12_25-01206	12:25	w-s012-a025-w022	w-s012-a025-w004	ع ذ ب	ق م ص	18	11	11	1	1	1	intra_ayah:12:25:root:97
co-12_25-01207	12:25	w-s012-a025-w022	w-s012-a025-w011	ع ذ ب	ق و ل	11	6	6	1	78	115	intra_ayah:12:25:root:98
co-12_25-01208	12:25	w-s012-a025-w022	w-s012-a025-w007	ع ذ ب	ل ف و	15	9	9	1	1	1	intra_ayah:12:25:root:99
co-12_26-01209	12:26	w-s012-a026-w009	w-s012-a026-w003	ء ه ل	ر و د	6	4	4	1	7	10	intra_ayah:12:26:root:1
co-12_26-01210	12:26	w-s012-a026-w009	w-s012-a026-w005	ء ه ل	ن ف س	4	3	3	1	8	9	intra_ayah:12:26:root:10
co-12_26-01211	12:26	w-s012-a026-w003	w-s012-a026-w006	ر و د	ش ه د	3	2	3	2	4	6	intra_ayah:12:26:root:11
co-12_26-01212	12:26	w-s012-a026-w003	w-s012-a026-w007	ر و د	ش ه د	4	2	3	2	4	6	intra_ayah:12:26:root:11
co-12_26-01213	12:26	w-s012-a026-w003	w-s012-a026-w016	ر و د	ص د ق	13	9	9	1	4	6	intra_ayah:12:26:root:12
co-12_26-01214	12:26	w-s012-a026-w003	w-s012-a026-w015	ر و د	ق ب ل	12	8	8	1	7	8	intra_ayah:12:26:root:13
co-12_26-01215	12:26	w-s012-a026-w003	w-s012-a026-w013	ر و د	ق د د	10	7	7	1	2	2	intra_ayah:12:26:root:14
co-12_26-01216	12:26	w-s012-a026-w003	w-s012-a026-w012	ر و د	ق م ص	9	6	6	1	2	2	intra_ayah:12:26:root:15
co-12_26-01217	12:26	w-s012-a026-w003	w-s012-a026-w001	ر و د	ق و ل	2	1	1	1	35	70	intra_ayah:12:26:root:16
co-12_26-01218	12:26	w-s012-a026-w003	w-s012-a026-w019	ر و د	ك ذ ب	16	10	10	1	4	5	intra_ayah:12:26:root:17
co-12_26-01219	12:26	w-s012-a026-w003	w-s012-a026-w011	ر و د	ك و ن	8	5	5	1	36	66	intra_ayah:12:26:root:18
co-12_26-01220	12:26	w-s012-a026-w003	w-s012-a026-w005	ر و د	ن ف س	2	1	1	1	14	24	intra_ayah:12:26:root:19
co-12_26-01221	12:26	w-s012-a026-w009	w-s012-a026-w006	ء ه ل	ش ه د	3	1	2	2	8	10	intra_ayah:12:26:root:2
co-12_26-01222	12:26	w-s012-a026-w009	w-s012-a026-w007	ء ه ل	ش ه د	2	1	2	2	8	10	intra_ayah:12:26:root:2
co-12_26-01223	12:26	w-s012-a026-w006	w-s012-a026-w016	ش ه د	ص د ق	10	6	7	2	8	12	intra_ayah:12:26:root:20
co-12_26-01224	12:26	w-s012-a026-w007	w-s012-a026-w016	ش ه د	ص د ق	9	6	7	2	8	12	intra_ayah:12:26:root:20
co-12_26-01225	12:26	w-s012-a026-w006	w-s012-a026-w015	ش ه د	ق ب ل	9	5	6	2	7	11	intra_ayah:12:26:root:21
co-12_26-01226	12:26	w-s012-a026-w007	w-s012-a026-w015	ش ه د	ق ب ل	8	5	6	2	7	11	intra_ayah:12:26:root:21
co-12_26-01227	12:26	w-s012-a026-w006	w-s012-a026-w013	ش ه د	ق د د	7	4	5	2	1	2	intra_ayah:12:26:root:22
co-12_26-01228	12:26	w-s012-a026-w007	w-s012-a026-w013	ش ه د	ق د د	6	4	5	2	1	2	intra_ayah:12:26:root:22
co-12_26-01229	12:26	w-s012-a026-w006	w-s012-a026-w012	ش ه د	ق م ص	6	3	4	2	1	2	intra_ayah:12:26:root:23
co-12_26-01230	12:26	w-s012-a026-w007	w-s012-a026-w012	ش ه د	ق م ص	5	3	4	2	1	2	intra_ayah:12:26:root:23
co-12_26-01231	12:26	w-s012-a026-w006	w-s012-a026-w001	ش ه د	ق و ل	5	3	4	2	43	87	intra_ayah:12:26:root:24
co-12_26-01232	12:26	w-s012-a026-w007	w-s012-a026-w001	ش ه د	ق و ل	6	3	4	2	43	87	intra_ayah:12:26:root:24
co-12_26-01233	12:26	w-s012-a026-w006	w-s012-a026-w019	ش ه د	ك ذ ب	13	7	8	2	11	20	intra_ayah:12:26:root:25
co-12_26-01234	12:26	w-s012-a026-w007	w-s012-a026-w019	ش ه د	ك ذ ب	12	7	8	2	11	20	intra_ayah:12:26:root:25
co-12_26-01235	12:26	w-s012-a026-w006	w-s012-a026-w011	ش ه د	ك و ن	5	2	3	2	50	102	intra_ayah:12:26:root:26
co-12_26-01236	12:26	w-s012-a026-w007	w-s012-a026-w011	ش ه د	ك و ن	4	2	3	2	50	102	intra_ayah:12:26:root:26
co-12_26-01237	12:26	w-s012-a026-w006	w-s012-a026-w005	ش ه د	ن ف س	1	1	2	2	13	21	intra_ayah:12:26:root:27
co-12_26-01238	12:26	w-s012-a026-w007	w-s012-a026-w005	ش ه د	ن ف س	2	1	2	2	13	21	intra_ayah:12:26:root:27
co-12_26-01239	12:26	w-s012-a026-w016	w-s012-a026-w015	ص د ق	ق ب ل	1	1	1	1	15	15	intra_ayah:12:26:root:28
co-12_26-01240	12:26	w-s012-a026-w016	w-s012-a026-w013	ص د ق	ق د د	3	2	2	1	2	2	intra_ayah:12:26:root:29
co-12_26-01241	12:26	w-s012-a026-w009	w-s012-a026-w016	ء ه ل	ص د ق	7	5	5	1	5	8	intra_ayah:12:26:root:3
co-12_26-01242	12:26	w-s012-a026-w016	w-s012-a026-w012	ص د ق	ق م ص	4	3	3	1	2	2	intra_ayah:12:26:root:30
co-12_26-01243	12:26	w-s012-a026-w016	w-s012-a026-w001	ص د ق	ق و ل	15	10	10	1	54	72	intra_ayah:12:26:root:31
co-12_26-01244	12:26	w-s012-a026-w016	w-s012-a026-w019	ص د ق	ك ذ ب	3	1	1	1	9	12	intra_ayah:12:26:root:32
co-12_26-01245	12:26	w-s012-a026-w016	w-s012-a026-w011	ص د ق	ك و ن	5	4	4	1	73	90	intra_ayah:12:26:root:33
co-12_26-01246	12:26	w-s012-a026-w016	w-s012-a026-w005	ص د ق	ن ف س	11	8	8	1	9	12	intra_ayah:12:26:root:34
co-12_26-01247	12:26	w-s012-a026-w015	w-s012-a026-w013	ق ب ل	ق د د	2	1	1	1	1	1	intra_ayah:12:26:root:35
co-12_26-01248	12:26	w-s012-a026-w015	w-s012-a026-w012	ق ب ل	ق م ص	3	2	2	1	1	1	intra_ayah:12:26:root:36
co-12_26-01249	12:26	w-s012-a026-w015	w-s012-a026-w001	ق ب ل	ق و ل	14	9	9	1	86	123	intra_ayah:12:26:root:37
co-12_26-01250	12:26	w-s012-a026-w015	w-s012-a026-w019	ق ب ل	ك ذ ب	4	2	2	1	24	33	intra_ayah:12:26:root:38
co-12_26-01251	12:26	w-s012-a026-w015	w-s012-a026-w011	ق ب ل	ك و ن	4	3	3	1	105	134	intra_ayah:12:26:root:39
co-12_26-01252	12:26	w-s012-a026-w009	w-s012-a026-w015	ء ه ل	ق ب ل	6	4	4	1	11	12	intra_ayah:12:26:root:4
co-12_26-01253	12:26	w-s012-a026-w015	w-s012-a026-w005	ق ب ل	ن ف س	10	7	7	1	19	22	intra_ayah:12:26:root:40
co-12_26-01254	12:26	w-s012-a026-w013	w-s012-a026-w012	ق د د	ق م ص	1	1	1	1	4	4	intra_ayah:12:26:root:41
co-12_26-01255	12:26	w-s012-a026-w013	w-s012-a026-w001	ق د د	ق و ل	12	8	8	1	3	3	intra_ayah:12:26:root:42
co-12_26-01256	12:26	w-s012-a026-w013	w-s012-a026-w019	ق د د	ك ذ ب	6	3	3	1	2	2	intra_ayah:12:26:root:43
co-12_26-01257	12:26	w-s012-a026-w013	w-s012-a026-w011	ق د د	ك و ن	2	2	2	1	3	3	intra_ayah:12:26:root:44
co-12_26-01258	12:26	w-s012-a026-w013	w-s012-a026-w005	ق د د	ن ف س	8	6	6	1	1	1	intra_ayah:12:26:root:45
co-12_26-01259	12:26	w-s012-a026-w012	w-s012-a026-w001	ق م ص	ق و ل	11	7	7	1	4	4	intra_ayah:12:26:root:46
co-12_26-01260	12:26	w-s012-a026-w012	w-s012-a026-w019	ق م ص	ك ذ ب	7	4	4	1	3	3	intra_ayah:12:26:root:47
co-12_26-01261	12:26	w-s012-a026-w012	w-s012-a026-w011	ق م ص	ك و ن	1	1	1	1	2	2	intra_ayah:12:26:root:48
co-12_26-01262	12:26	w-s012-a026-w012	w-s012-a026-w005	ق م ص	ن ف س	7	5	5	1	2	2	intra_ayah:12:26:root:49
co-12_26-01263	12:26	w-s012-a026-w009	w-s012-a026-w013	ء ه ل	ق د د	4	3	3	1	2	2	intra_ayah:12:26:root:5
co-12_26-01264	12:26	w-s012-a026-w001	w-s012-a026-w019	ق و ل	ك ذ ب	18	11	11	1	56	76	intra_ayah:12:26:root:50
co-12_26-01265	12:26	w-s012-a026-w001	w-s012-a026-w011	ق و ل	ك و ن	10	6	6	1	369	573	intra_ayah:12:26:root:51
co-12_26-01266	12:26	w-s012-a026-w001	w-s012-a026-w005	ق و ل	ن ف س	4	2	2	1	67	123	intra_ayah:12:26:root:52
co-12_26-01267	12:26	w-s012-a026-w019	w-s012-a026-w011	ك ذ ب	ك و ن	8	5	5	1	64	82	intra_ayah:12:26:root:53
co-12_26-01268	12:26	w-s012-a026-w019	w-s012-a026-w005	ك ذ ب	ن ف س	14	9	9	1	10	12	intra_ayah:12:26:root:54
co-12_26-01269	12:26	w-s012-a026-w011	w-s012-a026-w005	ك و ن	ن ف س	6	4	4	1	87	117	intra_ayah:12:26:root:55
co-12_26-01270	12:26	w-s012-a026-w009	w-s012-a026-w012	ء ه ل	ق م ص	3	2	2	1	3	3	intra_ayah:12:26:root:6
co-12_26-01271	12:26	w-s012-a026-w009	w-s012-a026-w001	ء ه ل	ق و ل	8	5	5	1	46	61	intra_ayah:12:26:root:7
co-12_26-01272	12:26	w-s012-a026-w009	w-s012-a026-w019	ء ه ل	ك ذ ب	10	6	6	1	4	4	intra_ayah:12:26:root:8
co-12_26-01273	12:26	w-s012-a026-w009	w-s012-a026-w011	ء ه ل	ك و ن	2	1	1	1	34	49	intra_ayah:12:26:root:9
co-12_27-01274	12:27	w-s012-a027-w006	w-s012-a027-w010	د ب ر	ص د ق	4	2	2	1	2	2	intra_ayah:12:27:root:1
co-12_27-01275	12:27	w-s012-a027-w004	w-s012-a027-w003	ق د د	ق م ص	1	1	1	1	4	4	intra_ayah:12:27:root:10
co-12_27-01276	12:27	w-s012-a027-w004	w-s012-a027-w007	ق د د	ك ذ ب	3	2	2	1	2	2	intra_ayah:12:27:root:11
co-12_27-01277	12:27	w-s012-a027-w004	w-s012-a027-w002	ق د د	ك و ن	2	2	2	1	3	3	intra_ayah:12:27:root:12
co-12_27-01278	12:27	w-s012-a027-w003	w-s012-a027-w007	ق م ص	ك ذ ب	4	3	3	1	3	3	intra_ayah:12:27:root:13
co-12_27-01279	12:27	w-s012-a027-w003	w-s012-a027-w002	ق م ص	ك و ن	1	1	1	1	2	2	intra_ayah:12:27:root:14
co-12_27-01280	12:27	w-s012-a027-w007	w-s012-a027-w002	ك ذ ب	ك و ن	5	4	4	1	64	82	intra_ayah:12:27:root:15
co-12_27-01281	12:27	w-s012-a027-w006	w-s012-a027-w004	د ب ر	ق د د	2	1	1	1	3	3	intra_ayah:12:27:root:2
co-12_27-01282	12:27	w-s012-a027-w006	w-s012-a027-w003	د ب ر	ق م ص	3	2	2	1	3	3	intra_ayah:12:27:root:3
co-12_27-01283	12:27	w-s012-a027-w006	w-s012-a027-w007	د ب ر	ك ذ ب	1	1	1	1	2	2	intra_ayah:12:27:root:4
co-12_27-01284	12:27	w-s012-a027-w006	w-s012-a027-w002	د ب ر	ك و ن	4	3	3	1	7	8	intra_ayah:12:27:root:5
co-12_27-01285	12:27	w-s012-a027-w010	w-s012-a027-w004	ص د ق	ق د د	6	3	3	1	2	2	intra_ayah:12:27:root:6
co-12_27-01286	12:27	w-s012-a027-w010	w-s012-a027-w003	ص د ق	ق م ص	7	4	4	1	2	2	intra_ayah:12:27:root:7
co-12_27-01287	12:27	w-s012-a027-w010	w-s012-a027-w007	ص د ق	ك ذ ب	3	1	1	1	9	12	intra_ayah:12:27:root:8
co-12_27-01288	12:27	w-s012-a027-w010	w-s012-a027-w002	ص د ق	ك و ن	8	5	5	1	73	90	intra_ayah:12:27:root:9
co-12_28-01289	12:28	w-s012-a028-w006	w-s012-a028-w002	د ب ر	ر ء ي	4	3	3	1	5	5	intra_ayah:12:28:root:1
co-12_28-01290	12:28	w-s012-a028-w002	w-s012-a028-w007	ر ء ي	ق و ل	5	4	4	1	113	174	intra_ayah:12:28:root:10
co-12_28-01291	12:28	w-s012-a028-w002	w-s012-a028-w010	ر ء ي	ك ي د	8	5	6	2	2	4	intra_ayah:12:28:root:11
co-12_28-01292	12:28	w-s012-a028-w002	w-s012-a028-w012	ر ء ي	ك ي د	10	5	6	2	2	4	intra_ayah:12:28:root:11
co-12_28-01293	12:28	w-s012-a028-w013	w-s012-a028-w004	ع ظ م	ق د د	9	5	5	1	1	1	intra_ayah:12:28:root:12
co-12_28-01294	12:28	w-s012-a028-w013	w-s012-a028-w003	ع ظ م	ق م ص	10	6	6	1	1	1	intra_ayah:12:28:root:13
co-12_28-01295	12:28	w-s012-a028-w013	w-s012-a028-w007	ع ظ م	ق و ل	6	3	3	1	28	35	intra_ayah:12:28:root:14
co-12_28-01296	12:28	w-s012-a028-w013	w-s012-a028-w010	ع ظ م	ك ي د	3	1	2	2	1	2	intra_ayah:12:28:root:15
co-12_28-01297	12:28	w-s012-a028-w013	w-s012-a028-w012	ع ظ م	ك ي د	1	1	2	2	1	2	intra_ayah:12:28:root:15
co-12_28-01298	12:28	w-s012-a028-w004	w-s012-a028-w003	ق د د	ق م ص	1	1	1	1	4	4	intra_ayah:12:28:root:16
co-12_28-01299	12:28	w-s012-a028-w004	w-s012-a028-w007	ق د د	ق و ل	3	2	2	1	3	3	intra_ayah:12:28:root:17
co-12_28-01300	12:28	w-s012-a028-w004	w-s012-a028-w010	ق د د	ك ي د	6	3	4	2	1	2	intra_ayah:12:28:root:18
co-12_28-01301	12:28	w-s012-a028-w004	w-s012-a028-w012	ق د د	ك ي د	8	3	4	2	1	2	intra_ayah:12:28:root:18
co-12_28-01302	12:28	w-s012-a028-w003	w-s012-a028-w007	ق م ص	ق و ل	4	3	3	1	4	4	intra_ayah:12:28:root:19
co-12_28-01303	12:28	w-s012-a028-w006	w-s012-a028-w013	د ب ر	ع ظ م	7	4	4	1	1	1	intra_ayah:12:28:root:2
co-12_28-01304	12:28	w-s012-a028-w003	w-s012-a028-w010	ق م ص	ك ي د	7	4	5	2	1	2	intra_ayah:12:28:root:20
co-12_28-01305	12:28	w-s012-a028-w003	w-s012-a028-w012	ق م ص	ك ي د	9	4	5	2	1	2	intra_ayah:12:28:root:20
co-12_28-01306	12:28	w-s012-a028-w007	w-s012-a028-w010	ق و ل	ك ي د	3	1	2	2	6	9	intra_ayah:12:28:root:21
co-12_28-01307	12:28	w-s012-a028-w007	w-s012-a028-w012	ق و ل	ك ي د	5	1	2	2	6	9	intra_ayah:12:28:root:21
co-12_28-01308	12:28	w-s012-a028-w006	w-s012-a028-w004	د ب ر	ق د د	2	1	1	1	3	3	intra_ayah:12:28:root:3
co-12_28-01309	12:28	w-s012-a028-w006	w-s012-a028-w003	د ب ر	ق م ص	3	2	2	1	3	3	intra_ayah:12:28:root:4
co-12_28-01310	12:28	w-s012-a028-w006	w-s012-a028-w007	د ب ر	ق و ل	1	1	1	1	4	6	intra_ayah:12:28:root:5
co-12_28-01311	12:28	w-s012-a028-w006	w-s012-a028-w010	د ب ر	ك ي د	4	2	3	2	2	3	intra_ayah:12:28:root:6
co-12_28-01312	12:28	w-s012-a028-w006	w-s012-a028-w012	د ب ر	ك ي د	6	2	3	2	2	3	intra_ayah:12:28:root:6
co-12_28-01313	12:28	w-s012-a028-w002	w-s012-a028-w013	ر ء ي	ع ظ م	11	7	7	1	3	3	intra_ayah:12:28:root:7
co-12_28-01314	12:28	w-s012-a028-w002	w-s012-a028-w004	ر ء ي	ق د د	2	2	2	1	1	1	intra_ayah:12:28:root:8
co-12_28-01315	12:28	w-s012-a028-w002	w-s012-a028-w003	ر ء ي	ق م ص	1	1	1	1	1	1	intra_ayah:12:28:root:9
co-12_29-01316	12:29	w-s012-a029-w010	w-s012-a029-w006	خ ط ء	ذ ن ب	4	2	2	1	2	2	intra_ayah:12:29:root:1
co-12_29-01317	12:29	w-s012-a029-w005	w-s012-a029-w008	غ ف ر	ك و ن	3	2	2	1	49	62	intra_ayah:12:29:root:10
co-12_29-01318	12:29	w-s012-a029-w010	w-s012-a029-w002	خ ط ء	ع ر ض	8	4	4	1	1	1	intra_ayah:12:29:root:2
co-12_29-01319	12:29	w-s012-a029-w010	w-s012-a029-w005	خ ط ء	غ ف ر	5	3	3	1	9	9	intra_ayah:12:29:root:3
co-12_29-01320	12:29	w-s012-a029-w010	w-s012-a029-w008	خ ط ء	ك و ن	2	1	1	1	8	16	intra_ayah:12:29:root:4
co-12_29-01321	12:29	w-s012-a029-w006	w-s012-a029-w002	ذ ن ب	ع ر ض	4	2	2	1	1	1	intra_ayah:12:29:root:5
co-12_29-01322	12:29	w-s012-a029-w006	w-s012-a029-w005	ذ ن ب	غ ف ر	1	1	1	1	19	24	intra_ayah:12:29:root:6
co-12_29-01323	12:29	w-s012-a029-w006	w-s012-a029-w008	ذ ن ب	ك و ن	2	1	1	1	9	13	intra_ayah:12:29:root:7
co-12_29-01324	12:29	w-s012-a029-w002	w-s012-a029-w005	ع ر ض	غ ف ر	3	1	1	1	6	8	intra_ayah:12:29:root:8
co-12_29-01325	12:29	w-s012-a029-w002	w-s012-a029-w008	ع ر ض	ك و ن	6	3	3	1	19	26	intra_ayah:12:29:root:9
co-12_30-01326	12:30	w-s012-a030-w018	w-s012-a030-w013	ب ي ن	ح ب ب	5	3	3	1	8	10	intra_ayah:12:30:root:1
co-12_30-01327	12:30	w-s012-a030-w018	w-s012-a030-w005	ب ي ن	م ر ء	13	9	9	1	6	7	intra_ayah:12:30:root:10
co-12_30-01328	12:30	w-s012-a030-w018	w-s012-a030-w002	ب ي ن	ن س و	16	11	11	1	9	11	intra_ayah:12:30:root:11
co-12_30-01329	12:30	w-s012-a030-w018	w-s012-a030-w010	ب ي ن	ن ف س	8	5	5	1	29	37	intra_ayah:12:30:root:12
co-12_30-01330	12:30	w-s012-a030-w013	w-s012-a030-w015	ح ب ب	ر ء ي	2	1	1	1	4	9	intra_ayah:12:30:root:13
co-12_30-01331	12:30	w-s012-a030-w013	w-s012-a030-w007	ح ب ب	ر و د	6	4	4	1	2	3	intra_ayah:12:30:root:14
co-12_30-01332	12:30	w-s012-a030-w013	w-s012-a030-w012	ح ب ب	ش غ ف	1	1	1	1	1	1	intra_ayah:12:30:root:15
co-12_30-01333	12:30	w-s012-a030-w013	w-s012-a030-w017	ح ب ب	ض ل ل	4	2	2	1	3	3	intra_ayah:12:30:root:16
co-12_30-01334	12:30	w-s012-a030-w013	w-s012-a030-w006	ح ب ب	ع ز ز	7	5	5	1	2	3	intra_ayah:12:30:root:17
co-12_30-01335	12:30	w-s012-a030-w013	w-s012-a030-w008	ح ب ب	ف ت ي	5	3	3	1	1	1	intra_ayah:12:30:root:18
co-12_30-01336	12:30	w-s012-a030-w013	w-s012-a030-w001	ح ب ب	ق و ل	12	9	9	1	15	24	intra_ayah:12:30:root:19
co-12_30-01337	12:30	w-s012-a030-w018	w-s012-a030-w015	ب ي ن	ر ء ي	3	2	2	1	26	30	intra_ayah:12:30:root:2
co-12_30-01338	12:30	w-s012-a030-w013	w-s012-a030-w004	ح ب ب	م د ن	9	7	7	1	1	1	intra_ayah:12:30:root:20
co-12_30-01339	12:30	w-s012-a030-w013	w-s012-a030-w005	ح ب ب	م ر ء	8	6	6	1	1	1	intra_ayah:12:30:root:21
co-12_30-01340	12:30	w-s012-a030-w013	w-s012-a030-w002	ح ب ب	ن س و	11	8	8	1	3	4	intra_ayah:12:30:root:22
co-12_30-01341	12:30	w-s012-a030-w013	w-s012-a030-w010	ح ب ب	ن ف س	3	2	2	1	4	5	intra_ayah:12:30:root:23
co-12_30-01342	12:30	w-s012-a030-w015	w-s012-a030-w007	ر ء ي	ر و د	8	5	5	1	6	10	intra_ayah:12:30:root:24
co-12_30-01343	12:30	w-s012-a030-w015	w-s012-a030-w012	ر ء ي	ش غ ف	3	2	2	1	1	1	intra_ayah:12:30:root:25
co-12_30-01344	12:30	w-s012-a030-w015	w-s012-a030-w017	ر ء ي	ض ل ل	2	1	1	1	21	25	intra_ayah:12:30:root:26
co-12_30-01345	12:30	w-s012-a030-w015	w-s012-a030-w006	ر ء ي	ع ز ز	9	6	6	1	7	7	intra_ayah:12:30:root:27
co-12_30-01346	12:30	w-s012-a030-w015	w-s012-a030-w008	ر ء ي	ف ت ي	7	4	4	1	3	7	intra_ayah:12:30:root:28
co-12_30-01347	12:30	w-s012-a030-w015	w-s012-a030-w001	ر ء ي	ق و ل	14	10	10	1	113	174	intra_ayah:12:30:root:29
co-12_30-01348	12:30	w-s012-a030-w018	w-s012-a030-w007	ب ي ن	ر و د	11	7	7	1	18	26	intra_ayah:12:30:root:3
co-12_30-01349	12:30	w-s012-a030-w015	w-s012-a030-w004	ر ء ي	م د ن	11	8	8	1	1	1	intra_ayah:12:30:root:30
co-12_30-01350	12:30	w-s012-a030-w015	w-s012-a030-w005	ر ء ي	م ر ء	10	7	7	1	1	1	intra_ayah:12:30:root:31
co-12_30-01351	12:30	w-s012-a030-w015	w-s012-a030-w002	ر ء ي	ن س و	13	9	9	1	1	1	intra_ayah:12:30:root:32
co-12_30-01352	12:30	w-s012-a030-w015	w-s012-a030-w010	ر ء ي	ن ف س	5	3	3	1	14	14	intra_ayah:12:30:root:33
co-12_30-01353	12:30	w-s012-a030-w007	w-s012-a030-w012	ر و د	ش غ ف	5	3	3	1	1	1	intra_ayah:12:30:root:34
co-12_30-01354	12:30	w-s012-a030-w007	w-s012-a030-w017	ر و د	ض ل ل	10	6	6	1	8	15	intra_ayah:12:30:root:35
co-12_30-01355	12:30	w-s012-a030-w007	w-s012-a030-w006	ر و د	ع ز ز	1	1	1	1	5	8	intra_ayah:12:30:root:36
co-12_30-01356	12:30	w-s012-a030-w007	w-s012-a030-w008	ر و د	ف ت ي	1	1	1	1	2	2	intra_ayah:12:30:root:37
co-12_30-01357	12:30	w-s012-a030-w007	w-s012-a030-w001	ر و د	ق و ل	6	5	5	1	35	70	intra_ayah:12:30:root:38
co-12_30-01358	12:30	w-s012-a030-w007	w-s012-a030-w004	ر و د	م د ن	3	3	3	1	2	2	intra_ayah:12:30:root:39
co-12_30-01359	12:30	w-s012-a030-w018	w-s012-a030-w012	ب ي ن	ش غ ف	6	4	4	1	1	1	intra_ayah:12:30:root:4
co-12_30-01360	12:30	w-s012-a030-w007	w-s012-a030-w005	ر و د	م ر ء	2	2	2	1	4	5	intra_ayah:12:30:root:40
co-12_30-01361	12:30	w-s012-a030-w007	w-s012-a030-w002	ر و د	ن س و	5	4	4	1	2	3	intra_ayah:12:30:root:41
co-12_30-01362	12:30	w-s012-a030-w007	w-s012-a030-w010	ر و د	ن ف س	3	2	2	1	14	24	intra_ayah:12:30:root:42
co-12_30-01363	12:30	w-s012-a030-w012	w-s012-a030-w017	ش غ ف	ض ل ل	5	3	3	1	1	1	intra_ayah:12:30:root:43
co-12_30-01364	12:30	w-s012-a030-w012	w-s012-a030-w006	ش غ ف	ع ز ز	6	4	4	1	1	1	intra_ayah:12:30:root:44
co-12_30-01365	12:30	w-s012-a030-w012	w-s012-a030-w008	ش غ ف	ف ت ي	4	2	2	1	1	1	intra_ayah:12:30:root:45
co-12_30-01366	12:30	w-s012-a030-w012	w-s012-a030-w001	ش غ ف	ق و ل	11	8	8	1	1	1	intra_ayah:12:30:root:46
co-12_30-01367	12:30	w-s012-a030-w012	w-s012-a030-w004	ش غ ف	م د ن	8	6	6	1	1	1	intra_ayah:12:30:root:47
co-12_30-01368	12:30	w-s012-a030-w012	w-s012-a030-w005	ش غ ف	م ر ء	7	5	5	1	1	1	intra_ayah:12:30:root:48
co-12_30-01369	12:30	w-s012-a030-w012	w-s012-a030-w002	ش غ ف	ن س و	10	7	7	1	1	1	intra_ayah:12:30:root:49
co-12_30-01370	12:30	w-s012-a030-w018	w-s012-a030-w017	ب ي ن	ض ل ل	1	1	1	1	30	33	intra_ayah:12:30:root:5
co-12_30-01371	12:30	w-s012-a030-w012	w-s012-a030-w010	ش غ ف	ن ف س	2	1	1	1	1	1	intra_ayah:12:30:root:50
co-12_30-01372	12:30	w-s012-a030-w017	w-s012-a030-w006	ض ل ل	ع ز ز	11	7	7	1	3	3	intra_ayah:12:30:root:51
co-12_30-01373	12:30	w-s012-a030-w017	w-s012-a030-w008	ض ل ل	ف ت ي	9	5	5	1	2	3	intra_ayah:12:30:root:52
co-12_30-01374	12:30	w-s012-a030-w017	w-s012-a030-w001	ض ل ل	ق و ل	16	11	11	1	59	78	intra_ayah:12:30:root:53
co-12_30-01375	12:30	w-s012-a030-w017	w-s012-a030-w004	ض ل ل	م د ن	13	9	9	1	2	2	intra_ayah:12:30:root:54
co-12_30-01376	12:30	w-s012-a030-w017	w-s012-a030-w005	ض ل ل	م ر ء	12	8	8	1	3	3	intra_ayah:12:30:root:55
co-12_30-01377	12:30	w-s012-a030-w017	w-s012-a030-w002	ض ل ل	ن س و	15	10	10	1	3	3	intra_ayah:12:30:root:56
co-12_30-01378	12:30	w-s012-a030-w017	w-s012-a030-w010	ض ل ل	ن ف س	7	4	4	1	18	24	intra_ayah:12:30:root:57
co-12_30-01379	12:30	w-s012-a030-w006	w-s012-a030-w008	ع ز ز	ف ت ي	2	2	2	1	1	1	intra_ayah:12:30:root:58
co-12_30-01380	12:30	w-s012-a030-w006	w-s012-a030-w001	ع ز ز	ق و ل	5	4	4	1	24	31	intra_ayah:12:30:root:59
co-12_30-01381	12:30	w-s012-a030-w018	w-s012-a030-w006	ب ي ن	ع ز ز	12	8	8	1	7	9	intra_ayah:12:30:root:6
co-12_30-01382	12:30	w-s012-a030-w006	w-s012-a030-w004	ع ز ز	م د ن	2	2	2	1	2	3	intra_ayah:12:30:root:60
co-12_30-01383	12:30	w-s012-a030-w006	w-s012-a030-w005	ع ز ز	م ر ء	1	1	1	1	2	2	intra_ayah:12:30:root:61
co-12_30-01384	12:30	w-s012-a030-w006	w-s012-a030-w002	ع ز ز	ن س و	4	3	3	1	1	1	intra_ayah:12:30:root:62
co-12_30-01385	12:30	w-s012-a030-w006	w-s012-a030-w010	ع ز ز	ن ف س	4	3	3	1	5	6	intra_ayah:12:30:root:63
co-12_30-01386	12:30	w-s012-a030-w008	w-s012-a030-w001	ف ت ي	ق و ل	7	6	6	1	12	19	intra_ayah:12:30:root:64
co-12_30-01387	12:30	w-s012-a030-w008	w-s012-a030-w004	ف ت ي	م د ن	4	4	4	1	1	1	intra_ayah:12:30:root:65
co-12_30-01388	12:30	w-s012-a030-w008	w-s012-a030-w005	ف ت ي	م ر ء	3	3	3	1	2	3	intra_ayah:12:30:root:66
co-12_30-01389	12:30	w-s012-a030-w008	w-s012-a030-w002	ف ت ي	ن س و	6	5	5	1	3	7	intra_ayah:12:30:root:67
co-12_30-01390	12:30	w-s012-a030-w008	w-s012-a030-w010	ف ت ي	ن ف س	2	1	1	1	1	1	intra_ayah:12:30:root:68
co-12_30-01391	12:30	w-s012-a030-w001	w-s012-a030-w004	ق و ل	م د ن	3	2	2	1	10	13	intra_ayah:12:30:root:69
co-12_30-01392	12:30	w-s012-a030-w018	w-s012-a030-w008	ب ي ن	ف ت ي	10	6	6	1	2	3	intra_ayah:12:30:root:7
co-12_30-01393	12:30	w-s012-a030-w001	w-s012-a030-w005	ق و ل	م ر ء	4	3	3	1	17	23	intra_ayah:12:30:root:70
co-12_30-01394	12:30	w-s012-a030-w001	w-s012-a030-w002	ق و ل	ن س و	1	1	1	1	18	30	intra_ayah:12:30:root:71
co-12_30-01395	12:30	w-s012-a030-w001	w-s012-a030-w010	ق و ل	ن ف س	9	7	7	1	67	123	intra_ayah:12:30:root:72
co-12_30-01396	12:30	w-s012-a030-w004	w-s012-a030-w005	م د ن	م ر ء	1	1	1	1	1	1	intra_ayah:12:30:root:73
co-12_30-01397	12:30	w-s012-a030-w004	w-s012-a030-w002	م د ن	ن س و	2	1	1	1	1	1	intra_ayah:12:30:root:74
co-12_30-01398	12:30	w-s012-a030-w004	w-s012-a030-w010	م د ن	ن ف س	6	5	5	1	2	3	intra_ayah:12:30:root:75
co-12_30-01399	12:30	w-s012-a030-w005	w-s012-a030-w002	م ر ء	ن س و	3	2	2	1	3	3	intra_ayah:12:30:root:76
co-12_30-01400	12:30	w-s012-a030-w005	w-s012-a030-w010	م ر ء	ن ف س	5	4	4	1	6	7	intra_ayah:12:30:root:77
co-12_30-01401	12:30	w-s012-a030-w002	w-s012-a030-w010	ن س و	ن ف س	8	6	6	1	10	15	intra_ayah:12:30:root:78
co-12_30-01402	12:30	w-s012-a030-w018	w-s012-a030-w001	ب ي ن	ق و ل	17	12	12	1	137	242	intra_ayah:12:30:root:8
co-12_30-01403	12:30	w-s012-a030-w018	w-s012-a030-w004	ب ي ن	م د ن	14	10	10	1	4	4	intra_ayah:12:30:root:9
co-12_31-01404	12:31	w-s012-a031-w009	w-s012-a031-w024	ء ت ي	ء ل ه	15	12	12	1	198	411	intra_ayah:12:31:root:1
co-12_31-01405	12:31	w-s012-a031-w009	w-s012-a031-w020	ء ت ي	ق ط ع	11	8	8	1	4	6	intra_ayah:12:31:root:10
co-12_31-01406	12:31	w-s012-a031-w004	w-s012-a031-w013	ر س ل	س ك ن	9	6	6	1	7	9	intra_ayah:12:31:root:100
co-12_31-01407	12:31	w-s012-a031-w004	w-s012-a031-w002	ر س ل	س م ع	2	2	2	1	9	12	intra_ayah:12:31:root:101
co-12_31-01408	12:31	w-s012-a031-w004	w-s012-a031-w006	ر س ل	ع ت د	2	1	1	1	4	4	intra_ayah:12:31:root:102
co-12_31-01409	12:31	w-s012-a031-w004	w-s012-a031-w020	ر س ل	ق ط ع	16	11	11	1	4	4	intra_ayah:12:31:root:103
co-12_31-01410	12:31	w-s012-a031-w004	w-s012-a031-w014	ر س ل	ق و ل	10	7	13	2	120	181	intra_ayah:12:31:root:104
co-12_31-01411	12:31	w-s012-a031-w004	w-s012-a031-w022	ر س ل	ق و ل	18	7	13	2	120	181	intra_ayah:12:31:root:104
co-12_31-01412	12:31	w-s012-a031-w004	w-s012-a031-w019	ر س ل	ك ب ر	15	10	10	1	8	12	intra_ayah:12:31:root:105
co-12_31-01413	12:31	w-s012-a031-w004	w-s012-a031-w032	ر س ل	ك ر م	28	18	18	1	5	5	intra_ayah:12:31:root:106
co-12_31-01414	12:31	w-s012-a031-w004	w-s012-a031-w010	ر س ل	ك ل ل	6	4	4	1	27	42	intra_ayah:12:31:root:107
co-12_31-01415	12:31	w-s012-a031-w004	w-s012-a031-w003	ر س ل	م ك ر	1	1	1	1	3	6	intra_ayah:12:31:root:108
co-12_31-01416	12:31	w-s012-a031-w004	w-s012-a031-w031	ر س ل	م ل ك	27	17	17	1	13	20	intra_ayah:12:31:root:109
co-12_31-01417	12:31	w-s012-a031-w009	w-s012-a031-w014	ء ت ي	ق و ل	5	4	10	2	154	264	intra_ayah:12:31:root:11
co-12_31-01418	12:31	w-s012-a031-w009	w-s012-a031-w022	ء ت ي	ق و ل	13	4	10	2	154	264	intra_ayah:12:31:root:11
co-12_31-01419	12:31	w-s012-a031-w004	w-s012-a031-w011	ر س ل	و ح د	7	5	5	1	3	4	intra_ayah:12:31:root:110
co-12_31-01420	12:31	w-s012-a031-w004	w-s012-a031-w008	ر س ل	و ك ء	4	2	2	1	1	1	intra_ayah:12:31:root:111
co-12_31-01421	12:31	w-s012-a031-w004	w-s012-a031-w021	ر س ل	ي د ي	17	12	12	1	18	22	intra_ayah:12:31:root:112
co-12_31-01422	12:31	w-s012-a031-w013	w-s012-a031-w002	س ك ن	س م ع	11	8	8	1	5	5	intra_ayah:12:31:root:113
co-12_31-01423	12:31	w-s012-a031-w013	w-s012-a031-w006	س ك ن	ع ت د	7	5	5	1	1	1	intra_ayah:12:31:root:114
co-12_31-01424	12:31	w-s012-a031-w013	w-s012-a031-w020	س ك ن	ق ط ع	7	5	5	1	1	1	intra_ayah:12:31:root:115
co-12_31-01425	12:31	w-s012-a031-w013	w-s012-a031-w014	س ك ن	ق و ل	1	1	7	2	13	17	intra_ayah:12:31:root:116
co-12_31-01426	12:31	w-s012-a031-w013	w-s012-a031-w022	س ك ن	ق و ل	9	1	7	2	13	17	intra_ayah:12:31:root:116
co-12_31-01427	12:31	w-s012-a031-w013	w-s012-a031-w019	س ك ن	ك ب ر	6	4	4	1	2	2	intra_ayah:12:31:root:117
co-12_31-01428	12:31	w-s012-a031-w013	w-s012-a031-w032	س ك ن	ك ر م	19	12	12	1	1	1	intra_ayah:12:31:root:118
co-12_31-01429	12:31	w-s012-a031-w013	w-s012-a031-w010	س ك ن	ك ل ل	3	2	2	1	6	6	intra_ayah:12:31:root:119
co-12_31-01430	12:31	w-s012-a031-w009	w-s012-a031-w019	ء ت ي	ك ب ر	10	7	7	1	10	13	intra_ayah:12:31:root:12
co-12_31-01431	12:31	w-s012-a031-w013	w-s012-a031-w003	س ك ن	م ك ر	10	7	7	1	1	1	intra_ayah:12:31:root:120
co-12_31-01432	12:31	w-s012-a031-w013	w-s012-a031-w031	س ك ن	م ل ك	18	11	11	1	5	6	intra_ayah:12:31:root:121
co-12_31-01433	12:31	w-s012-a031-w013	w-s012-a031-w011	س ك ن	و ح د	2	1	1	1	3	3	intra_ayah:12:31:root:122
co-12_31-01434	12:31	w-s012-a031-w013	w-s012-a031-w008	س ك ن	و ك ء	5	4	4	1	1	1	intra_ayah:12:31:root:123
co-12_31-01435	12:31	w-s012-a031-w013	w-s012-a031-w021	س ك ن	ي د ي	8	6	6	1	1	1	intra_ayah:12:31:root:124
co-12_31-01436	12:31	w-s012-a031-w002	w-s012-a031-w006	س م ع	ع ت د	4	3	3	1	1	1	intra_ayah:12:31:root:125
co-12_31-01437	12:31	w-s012-a031-w002	w-s012-a031-w020	س م ع	ق ط ع	18	13	13	1	1	1	intra_ayah:12:31:root:126
co-12_31-01438	12:31	w-s012-a031-w002	w-s012-a031-w014	س م ع	ق و ل	12	9	15	2	49	84	intra_ayah:12:31:root:127
co-12_31-01439	12:31	w-s012-a031-w002	w-s012-a031-w022	س م ع	ق و ل	20	9	15	2	49	84	intra_ayah:12:31:root:127
co-12_31-01440	12:31	w-s012-a031-w002	w-s012-a031-w019	س م ع	ك ب ر	17	12	12	1	5	6	intra_ayah:12:31:root:128
co-12_31-01441	12:31	w-s012-a031-w002	w-s012-a031-w032	س م ع	ك ر م	30	20	20	1	1	1	intra_ayah:12:31:root:129
co-12_31-01442	12:31	w-s012-a031-w009	w-s012-a031-w032	ء ت ي	ك ر م	23	15	15	1	4	4	intra_ayah:12:31:root:13
co-12_31-01443	12:31	w-s012-a031-w002	w-s012-a031-w010	س م ع	ك ل ل	8	6	6	1	7	8	intra_ayah:12:31:root:130
co-12_31-01444	12:31	w-s012-a031-w002	w-s012-a031-w003	س م ع	م ك ر	1	1	1	1	1	1	intra_ayah:12:31:root:131
co-12_31-01445	12:31	w-s012-a031-w002	w-s012-a031-w031	س م ع	م ل ك	29	19	19	1	7	8	intra_ayah:12:31:root:132
co-12_31-01446	12:31	w-s012-a031-w002	w-s012-a031-w011	س م ع	و ح د	9	7	7	1	2	2	intra_ayah:12:31:root:133
co-12_31-01447	12:31	w-s012-a031-w002	w-s012-a031-w008	س م ع	و ك ء	6	4	4	1	1	1	intra_ayah:12:31:root:134
co-12_31-01448	12:31	w-s012-a031-w002	w-s012-a031-w021	س م ع	ي د ي	19	14	14	1	4	4	intra_ayah:12:31:root:135
co-12_31-01449	12:31	w-s012-a031-w006	w-s012-a031-w020	ع ت د	ق ط ع	14	10	10	1	1	1	intra_ayah:12:31:root:136
co-12_31-01450	12:31	w-s012-a031-w006	w-s012-a031-w014	ع ت د	ق و ل	8	6	12	2	5	6	intra_ayah:12:31:root:137
co-12_31-01451	12:31	w-s012-a031-w006	w-s012-a031-w022	ع ت د	ق و ل	16	6	12	2	5	6	intra_ayah:12:31:root:137
co-12_31-01452	12:31	w-s012-a031-w006	w-s012-a031-w019	ع ت د	ك ب ر	13	9	9	1	1	1	intra_ayah:12:31:root:138
co-12_31-01453	12:31	w-s012-a031-w006	w-s012-a031-w032	ع ت د	ك ر م	26	17	17	1	2	2	intra_ayah:12:31:root:139
co-12_31-01454	12:31	w-s012-a031-w009	w-s012-a031-w010	ء ت ي	ك ل ل	1	1	1	1	46	57	intra_ayah:12:31:root:14
co-12_31-01455	12:31	w-s012-a031-w006	w-s012-a031-w010	ع ت د	ك ل ل	4	3	3	1	1	1	intra_ayah:12:31:root:140
co-12_31-01456	12:31	w-s012-a031-w006	w-s012-a031-w003	ع ت د	م ك ر	3	2	2	1	1	1	intra_ayah:12:31:root:141
co-12_31-01457	12:31	w-s012-a031-w006	w-s012-a031-w031	ع ت د	م ل ك	25	16	16	1	1	1	intra_ayah:12:31:root:142
co-12_31-01458	12:31	w-s012-a031-w006	w-s012-a031-w011	ع ت د	و ح د	5	4	4	1	1	1	intra_ayah:12:31:root:143
co-12_31-01459	12:31	w-s012-a031-w006	w-s012-a031-w008	ع ت د	و ك ء	2	1	1	1	1	1	intra_ayah:12:31:root:144
co-12_31-01460	12:31	w-s012-a031-w006	w-s012-a031-w021	ع ت د	ي د ي	15	11	11	1	1	1	intra_ayah:12:31:root:145
co-12_31-01461	12:31	w-s012-a031-w020	w-s012-a031-w014	ق ط ع	ق و ل	6	2	4	2	7	9	intra_ayah:12:31:root:146
co-12_31-01462	12:31	w-s012-a031-w020	w-s012-a031-w022	ق ط ع	ق و ل	2	2	4	2	7	9	intra_ayah:12:31:root:146
co-12_31-01463	12:31	w-s012-a031-w020	w-s012-a031-w019	ق ط ع	ك ب ر	1	1	1	1	4	4	intra_ayah:12:31:root:147
co-12_31-01464	12:31	w-s012-a031-w020	w-s012-a031-w032	ق ط ع	ك ر م	12	7	7	1	1	1	intra_ayah:12:31:root:148
co-12_31-01465	12:31	w-s012-a031-w020	w-s012-a031-w010	ق ط ع	ك ل ل	10	7	7	1	5	5	intra_ayah:12:31:root:149
co-12_31-01466	12:31	w-s012-a031-w009	w-s012-a031-w003	ء ت ي	م ك ر	6	4	4	1	4	6	intra_ayah:12:31:root:15
co-12_31-01467	12:31	w-s012-a031-w020	w-s012-a031-w003	ق ط ع	م ك ر	17	12	12	1	1	1	intra_ayah:12:31:root:150
co-12_31-01468	12:31	w-s012-a031-w020	w-s012-a031-w031	ق ط ع	م ل ك	11	6	6	1	2	2	intra_ayah:12:31:root:151
co-12_31-01469	12:31	w-s012-a031-w020	w-s012-a031-w011	ق ط ع	و ح د	9	6	6	1	2	2	intra_ayah:12:31:root:152
co-12_31-01470	12:31	w-s012-a031-w020	w-s012-a031-w008	ق ط ع	و ك ء	12	9	9	1	1	1	intra_ayah:12:31:root:153
co-12_31-01471	12:31	w-s012-a031-w020	w-s012-a031-w021	ق ط ع	ي د ي	1	1	1	1	7	7	intra_ayah:12:31:root:154
co-12_31-01472	12:31	w-s012-a031-w014	w-s012-a031-w019	ق و ل	ك ب ر	5	3	3	2	53	83	intra_ayah:12:31:root:155
co-12_31-01473	12:31	w-s012-a031-w022	w-s012-a031-w019	ق و ل	ك ب ر	3	3	3	2	53	83	intra_ayah:12:31:root:155
co-12_31-01474	12:31	w-s012-a031-w014	w-s012-a031-w032	ق و ل	ك ر م	18	5	11	2	11	16	intra_ayah:12:31:root:156
co-12_31-01475	12:31	w-s012-a031-w022	w-s012-a031-w032	ق و ل	ك ر م	10	5	11	2	11	16	intra_ayah:12:31:root:156
co-12_31-01476	12:31	w-s012-a031-w014	w-s012-a031-w010	ق و ل	ك ل ل	4	3	9	2	61	97	intra_ayah:12:31:root:157
co-12_31-01477	12:31	w-s012-a031-w022	w-s012-a031-w010	ق و ل	ك ل ل	12	3	9	2	61	97	intra_ayah:12:31:root:157
co-12_31-01478	12:31	w-s012-a031-w014	w-s012-a031-w003	ق و ل	م ك ر	11	8	14	2	6	11	intra_ayah:12:31:root:158
co-12_31-01479	12:31	w-s012-a031-w022	w-s012-a031-w003	ق و ل	م ك ر	19	8	14	2	6	11	intra_ayah:12:31:root:158
co-12_31-01480	12:31	w-s012-a031-w014	w-s012-a031-w031	ق و ل	م ل ك	17	4	10	2	80	134	intra_ayah:12:31:root:159
co-12_31-01481	12:31	w-s012-a031-w022	w-s012-a031-w031	ق و ل	م ل ك	9	4	10	2	80	134	intra_ayah:12:31:root:159
co-12_31-01482	12:31	w-s012-a031-w009	w-s012-a031-w031	ء ت ي	م ل ك	22	14	14	1	28	55	intra_ayah:12:31:root:16
co-12_31-01483	12:31	w-s012-a031-w014	w-s012-a031-w011	ق و ل	و ح د	3	2	8	2	21	34	intra_ayah:12:31:root:160
co-12_31-01484	12:31	w-s012-a031-w022	w-s012-a031-w011	ق و ل	و ح د	11	2	8	2	21	34	intra_ayah:12:31:root:160
co-12_31-01485	12:31	w-s012-a031-w014	w-s012-a031-w008	ق و ل	و ك ء	6	5	11	2	2	3	intra_ayah:12:31:root:161
co-12_31-01486	12:31	w-s012-a031-w022	w-s012-a031-w008	ق و ل	و ك ء	14	5	11	2	2	3	intra_ayah:12:31:root:161
co-12_31-01487	12:31	w-s012-a031-w014	w-s012-a031-w021	ق و ل	ي د ي	7	1	5	2	33	51	intra_ayah:12:31:root:162
co-12_31-01488	12:31	w-s012-a031-w022	w-s012-a031-w021	ق و ل	ي د ي	1	1	5	2	33	51	intra_ayah:12:31:root:162
co-12_31-01489	12:31	w-s012-a031-w019	w-s012-a031-w032	ك ب ر	ك ر م	13	8	8	1	3	3	intra_ayah:12:31:root:163
co-12_31-01490	12:31	w-s012-a031-w019	w-s012-a031-w010	ك ب ر	ك ل ل	9	6	6	1	13	15	intra_ayah:12:31:root:164
co-12_31-01491	12:31	w-s012-a031-w019	w-s012-a031-w003	ك ب ر	م ك ر	16	11	11	1	5	8	intra_ayah:12:31:root:165
co-12_31-01492	12:31	w-s012-a031-w019	w-s012-a031-w031	ك ب ر	م ل ك	12	7	7	1	10	12	intra_ayah:12:31:root:166
co-12_31-01493	12:31	w-s012-a031-w019	w-s012-a031-w011	ك ب ر	و ح د	8	5	5	1	4	4	intra_ayah:12:31:root:167
co-12_31-01494	12:31	w-s012-a031-w019	w-s012-a031-w008	ك ب ر	و ك ء	11	8	8	1	1	1	intra_ayah:12:31:root:168
co-12_31-01495	12:31	w-s012-a031-w019	w-s012-a031-w021	ك ب ر	ي د ي	2	2	2	1	6	6	intra_ayah:12:31:root:169
co-12_31-01496	12:31	w-s012-a031-w009	w-s012-a031-w011	ء ت ي	و ح د	2	2	2	1	6	6	intra_ayah:12:31:root:17
co-12_31-01497	12:31	w-s012-a031-w032	w-s012-a031-w010	ك ر م	ك ل ل	22	14	14	1	3	4	intra_ayah:12:31:root:170
co-12_31-01498	12:31	w-s012-a031-w032	w-s012-a031-w003	ك ر م	م ك ر	29	19	19	1	1	1	intra_ayah:12:31:root:171
co-12_31-01499	12:31	w-s012-a031-w032	w-s012-a031-w031	ك ر م	م ل ك	1	1	1	1	2	2	intra_ayah:12:31:root:172
co-12_31-01500	12:31	w-s012-a031-w032	w-s012-a031-w011	ك ر م	و ح د	21	13	13	1	1	1	intra_ayah:12:31:root:173
co-12_31-01501	12:31	w-s012-a031-w032	w-s012-a031-w008	ك ر م	و ك ء	24	16	16	1	1	1	intra_ayah:12:31:root:174
co-12_31-01502	12:31	w-s012-a031-w032	w-s012-a031-w021	ك ر م	ي د ي	11	6	6	1	1	1	intra_ayah:12:31:root:175
co-12_31-01503	12:31	w-s012-a031-w010	w-s012-a031-w003	ك ل ل	م ك ر	7	5	5	1	4	6	intra_ayah:12:31:root:176
co-12_31-01504	12:31	w-s012-a031-w010	w-s012-a031-w031	ك ل ل	م ل ك	21	13	13	1	31	37	intra_ayah:12:31:root:177
co-12_31-01505	12:31	w-s012-a031-w010	w-s012-a031-w011	ك ل ل	و ح د	1	1	1	1	7	9	intra_ayah:12:31:root:178
co-12_31-01506	12:31	w-s012-a031-w010	w-s012-a031-w008	ك ل ل	و ك ء	2	2	2	1	1	1	intra_ayah:12:31:root:179
co-12_31-01507	12:31	w-s012-a031-w009	w-s012-a031-w008	ء ت ي	و ك ء	1	1	1	1	1	1	intra_ayah:12:31:root:18
co-12_31-01508	12:31	w-s012-a031-w010	w-s012-a031-w021	ك ل ل	ي د ي	11	8	8	1	13	15	intra_ayah:12:31:root:180
co-12_31-01509	12:31	w-s012-a031-w003	w-s012-a031-w031	م ك ر	م ل ك	28	18	18	1	1	1	intra_ayah:12:31:root:181
co-12_31-01510	12:31	w-s012-a031-w003	w-s012-a031-w011	م ك ر	و ح د	8	6	6	1	1	1	intra_ayah:12:31:root:182
co-12_31-01511	12:31	w-s012-a031-w003	w-s012-a031-w008	م ك ر	و ك ء	5	3	3	1	1	1	intra_ayah:12:31:root:183
co-12_31-01512	12:31	w-s012-a031-w003	w-s012-a031-w021	م ك ر	ي د ي	18	13	13	1	1	1	intra_ayah:12:31:root:184
co-12_31-01513	12:31	w-s012-a031-w031	w-s012-a031-w011	م ل ك	و ح د	20	12	12	1	6	6	intra_ayah:12:31:root:185
co-12_31-01514	12:31	w-s012-a031-w031	w-s012-a031-w008	م ل ك	و ك ء	23	15	15	1	1	1	intra_ayah:12:31:root:186
co-12_31-01515	12:31	w-s012-a031-w031	w-s012-a031-w021	م ل ك	ي د ي	10	5	5	1	9	12	intra_ayah:12:31:root:187
co-12_31-01516	12:31	w-s012-a031-w011	w-s012-a031-w008	و ح د	و ك ء	3	3	3	1	1	1	intra_ayah:12:31:root:188
co-12_31-01517	12:31	w-s012-a031-w011	w-s012-a031-w021	و ح د	ي د ي	10	7	7	1	3	3	intra_ayah:12:31:root:189
co-12_31-01518	12:31	w-s012-a031-w009	w-s012-a031-w021	ء ت ي	ي د ي	12	9	9	1	18	23	intra_ayah:12:31:root:19
co-12_31-01519	12:31	w-s012-a031-w008	w-s012-a031-w021	و ك ء	ي د ي	13	10	10	1	1	1	intra_ayah:12:31:root:190
co-12_31-01520	12:31	w-s012-a031-w009	w-s012-a031-w027	ء ت ي	ب ش ر	18	13	13	1	13	14	intra_ayah:12:31:root:2
co-12_31-01521	12:31	w-s012-a031-w024	w-s012-a031-w027	ء ل ه	ب ش ر	3	1	1	1	48	86	intra_ayah:12:31:root:20
co-12_31-01522	12:31	w-s012-a031-w024	w-s012-a031-w023	ء ل ه	ح و ش	1	1	1	1	2	2	intra_ayah:12:31:root:21
co-12_31-01523	12:31	w-s012-a031-w024	w-s012-a031-w015	ء ل ه	خ ر ج	9	7	7	1	66	121	intra_ayah:12:31:root:22
co-12_31-01524	12:31	w-s012-a031-w024	w-s012-a031-w018	ء ل ه	ر ء ي	6	6	6	1	121	204	intra_ayah:12:31:root:23
co-12_31-01525	12:31	w-s012-a031-w024	w-s012-a031-w004	ء ل ه	ر س ل	20	15	15	1	211	488	intra_ayah:12:31:root:24
co-12_31-01526	12:31	w-s012-a031-w024	w-s012-a031-w013	ء ل ه	س ك ن	11	9	9	1	28	57	intra_ayah:12:31:root:25
co-12_31-01527	12:31	w-s012-a031-w024	w-s012-a031-w002	ء ل ه	س م ع	22	17	17	1	70	128	intra_ayah:12:31:root:26
co-12_31-01528	12:31	w-s012-a031-w024	w-s012-a031-w006	ء ل ه	ع ت د	18	14	14	1	4	4	intra_ayah:12:31:root:27
co-12_31-01529	12:31	w-s012-a031-w024	w-s012-a031-w020	ء ل ه	ق ط ع	4	4	4	1	14	21	intra_ayah:12:31:root:28
co-12_31-01530	12:31	w-s012-a031-w024	w-s012-a031-w014	ء ل ه	ق و ل	10	2	8	2	514	1188	intra_ayah:12:31:root:29
co-12_31-01531	12:31	w-s012-a031-w024	w-s012-a031-w022	ء ل ه	ق و ل	2	2	8	2	514	1188	intra_ayah:12:31:root:29
co-12_31-01532	12:31	w-s012-a031-w009	w-s012-a031-w023	ء ت ي	ح و ش	14	11	11	1	1	1	intra_ayah:12:31:root:3
co-12_31-01533	12:31	w-s012-a031-w024	w-s012-a031-w019	ء ل ه	ك ب ر	5	5	5	1	54	100	intra_ayah:12:31:root:30
co-12_31-01534	12:31	w-s012-a031-w024	w-s012-a031-w032	ء ل ه	ك ر م	8	3	3	1	9	13	intra_ayah:12:31:root:31
co-12_31-01535	12:31	w-s012-a031-w024	w-s012-a031-w010	ء ل ه	ك ل ل	14	11	11	1	149	285	intra_ayah:12:31:root:32
co-12_31-01536	12:31	w-s012-a031-w024	w-s012-a031-w003	ء ل ه	م ك ر	21	16	16	1	16	44	intra_ayah:12:31:root:33
co-12_31-01537	12:31	w-s012-a031-w024	w-s012-a031-w031	ء ل ه	م ل ك	7	2	2	1	101	189	intra_ayah:12:31:root:34
co-12_31-01538	12:31	w-s012-a031-w024	w-s012-a031-w011	ء ل ه	و ح د	13	10	10	1	43	92	intra_ayah:12:31:root:35
co-12_31-01539	12:31	w-s012-a031-w024	w-s012-a031-w008	ء ل ه	و ك ء	16	13	13	1	1	1	intra_ayah:12:31:root:36
co-12_31-01540	12:31	w-s012-a031-w024	w-s012-a031-w021	ء ل ه	ي د ي	3	3	3	1	53	106	intra_ayah:12:31:root:37
co-12_31-01541	12:31	w-s012-a031-w027	w-s012-a031-w023	ب ش ر	ح و ش	4	2	2	1	1	1	intra_ayah:12:31:root:38
co-12_31-01542	12:31	w-s012-a031-w027	w-s012-a031-w015	ب ش ر	خ ر ج	12	8	8	1	3	4	intra_ayah:12:31:root:39
co-12_31-01543	12:31	w-s012-a031-w009	w-s012-a031-w015	ء ت ي	خ ر ج	6	5	5	1	7	10	intra_ayah:12:31:root:4
co-12_31-01544	12:31	w-s012-a031-w027	w-s012-a031-w018	ب ش ر	ر ء ي	9	7	7	1	6	9	intra_ayah:12:31:root:40
co-12_31-01545	12:31	w-s012-a031-w027	w-s012-a031-w004	ب ش ر	ر س ل	23	16	16	1	29	38	intra_ayah:12:31:root:41
co-12_31-01546	12:31	w-s012-a031-w027	w-s012-a031-w013	ب ش ر	س ك ن	14	10	10	1	1	1	intra_ayah:12:31:root:42
co-12_31-01547	12:31	w-s012-a031-w027	w-s012-a031-w002	ب ش ر	س م ع	25	18	18	1	5	6	intra_ayah:12:31:root:43
co-12_31-01548	12:31	w-s012-a031-w027	w-s012-a031-w006	ب ش ر	ع ت د	21	15	15	1	1	1	intra_ayah:12:31:root:44
co-12_31-01549	12:31	w-s012-a031-w027	w-s012-a031-w020	ب ش ر	ق ط ع	7	5	5	1	1	1	intra_ayah:12:31:root:45
co-12_31-01550	12:31	w-s012-a031-w027	w-s012-a031-w014	ب ش ر	ق و ل	13	3	9	2	46	58	intra_ayah:12:31:root:46
co-12_31-01551	12:31	w-s012-a031-w027	w-s012-a031-w022	ب ش ر	ق و ل	5	3	9	2	46	58	intra_ayah:12:31:root:46
co-12_31-01552	12:31	w-s012-a031-w027	w-s012-a031-w019	ب ش ر	ك ب ر	8	6	6	1	8	9	intra_ayah:12:31:root:47
co-12_31-01553	12:31	w-s012-a031-w027	w-s012-a031-w032	ب ش ر	ك ر م	5	2	2	1	2	2	intra_ayah:12:31:root:48
co-12_31-01554	12:31	w-s012-a031-w027	w-s012-a031-w010	ب ش ر	ك ل ل	17	12	12	1	6	8	intra_ayah:12:31:root:49
co-12_31-01555	12:31	w-s012-a031-w009	w-s012-a031-w018	ء ت ي	ر ء ي	9	6	6	1	31	36	intra_ayah:12:31:root:5
co-12_31-01556	12:31	w-s012-a031-w027	w-s012-a031-w003	ب ش ر	م ك ر	24	17	17	1	1	1	intra_ayah:12:31:root:50
co-12_31-01557	12:31	w-s012-a031-w027	w-s012-a031-w031	ب ش ر	م ل ك	4	1	1	1	11	11	intra_ayah:12:31:root:51
co-12_31-01558	12:31	w-s012-a031-w027	w-s012-a031-w011	ب ش ر	و ح د	16	11	11	1	7	7	intra_ayah:12:31:root:52
co-12_31-01559	12:31	w-s012-a031-w027	w-s012-a031-w008	ب ش ر	و ك ء	19	14	14	1	1	1	intra_ayah:12:31:root:53
co-12_31-01560	12:31	w-s012-a031-w027	w-s012-a031-w021	ب ش ر	ي د ي	6	4	4	1	7	7	intra_ayah:12:31:root:54
co-12_31-01561	12:31	w-s012-a031-w023	w-s012-a031-w015	ح و ش	خ ر ج	8	6	6	1	1	1	intra_ayah:12:31:root:55
co-12_31-01562	12:31	w-s012-a031-w023	w-s012-a031-w018	ح و ش	ر ء ي	5	5	5	1	1	1	intra_ayah:12:31:root:56
co-12_31-01563	12:31	w-s012-a031-w023	w-s012-a031-w004	ح و ش	ر س ل	19	14	14	1	1	1	intra_ayah:12:31:root:57
co-12_31-01564	12:31	w-s012-a031-w023	w-s012-a031-w013	ح و ش	س ك ن	10	8	8	1	1	1	intra_ayah:12:31:root:58
co-12_31-01565	12:31	w-s012-a031-w023	w-s012-a031-w002	ح و ش	س م ع	21	16	16	1	1	1	intra_ayah:12:31:root:59
co-12_31-01566	12:31	w-s012-a031-w009	w-s012-a031-w004	ء ت ي	ر س ل	5	3	3	1	58	85	intra_ayah:12:31:root:6
co-12_31-01567	12:31	w-s012-a031-w023	w-s012-a031-w006	ح و ش	ع ت د	17	13	13	1	1	1	intra_ayah:12:31:root:60
co-12_31-01568	12:31	w-s012-a031-w023	w-s012-a031-w020	ح و ش	ق ط ع	3	3	3	1	1	1	intra_ayah:12:31:root:61
co-12_31-01569	12:31	w-s012-a031-w023	w-s012-a031-w014	ح و ش	ق و ل	9	1	7	2	2	5	intra_ayah:12:31:root:62
co-12_31-01570	12:31	w-s012-a031-w023	w-s012-a031-w022	ح و ش	ق و ل	1	1	7	2	2	5	intra_ayah:12:31:root:62
co-12_31-01571	12:31	w-s012-a031-w023	w-s012-a031-w019	ح و ش	ك ب ر	4	4	4	1	1	1	intra_ayah:12:31:root:63
co-12_31-01572	12:31	w-s012-a031-w023	w-s012-a031-w032	ح و ش	ك ر م	9	4	4	1	1	1	intra_ayah:12:31:root:64
co-12_31-01573	12:31	w-s012-a031-w023	w-s012-a031-w010	ح و ش	ك ل ل	13	10	10	1	1	1	intra_ayah:12:31:root:65
co-12_31-01574	12:31	w-s012-a031-w023	w-s012-a031-w003	ح و ش	م ك ر	20	15	15	1	1	1	intra_ayah:12:31:root:66
co-12_31-01575	12:31	w-s012-a031-w023	w-s012-a031-w031	ح و ش	م ل ك	8	3	3	1	1	1	intra_ayah:12:31:root:67
co-12_31-01576	12:31	w-s012-a031-w023	w-s012-a031-w011	ح و ش	و ح د	12	9	9	1	1	1	intra_ayah:12:31:root:68
co-12_31-01577	12:31	w-s012-a031-w023	w-s012-a031-w008	ح و ش	و ك ء	15	12	12	1	1	1	intra_ayah:12:31:root:69
co-12_31-01578	12:31	w-s012-a031-w009	w-s012-a031-w013	ء ت ي	س ك ن	4	3	3	1	13	15	intra_ayah:12:31:root:7
co-12_31-01579	12:31	w-s012-a031-w023	w-s012-a031-w021	ح و ش	ي د ي	2	2	2	1	1	1	intra_ayah:12:31:root:70
co-12_31-01580	12:31	w-s012-a031-w015	w-s012-a031-w018	خ ر ج	ر ء ي	3	1	1	1	20	25	intra_ayah:12:31:root:71
co-12_31-01581	12:31	w-s012-a031-w015	w-s012-a031-w004	خ ر ج	ر س ل	11	8	8	1	12	14	intra_ayah:12:31:root:72
co-12_31-01582	12:31	w-s012-a031-w015	w-s012-a031-w013	خ ر ج	س ك ن	2	2	2	1	3	3	intra_ayah:12:31:root:73
co-12_31-01583	12:31	w-s012-a031-w015	w-s012-a031-w002	خ ر ج	س م ع	13	10	10	1	6	7	intra_ayah:12:31:root:74
co-12_31-01584	12:31	w-s012-a031-w015	w-s012-a031-w006	خ ر ج	ع ت د	9	7	7	1	1	1	intra_ayah:12:31:root:75
co-12_31-01585	12:31	w-s012-a031-w015	w-s012-a031-w020	خ ر ج	ق ط ع	5	3	3	1	1	1	intra_ayah:12:31:root:76
co-12_31-01586	12:31	w-s012-a031-w015	w-s012-a031-w014	خ ر ج	ق و ل	1	1	5	2	53	74	intra_ayah:12:31:root:77
co-12_31-01587	12:31	w-s012-a031-w015	w-s012-a031-w022	خ ر ج	ق و ل	7	1	5	2	53	74	intra_ayah:12:31:root:77
co-12_31-01588	12:31	w-s012-a031-w015	w-s012-a031-w019	خ ر ج	ك ب ر	4	2	2	1	6	8	intra_ayah:12:31:root:78
co-12_31-01589	12:31	w-s012-a031-w015	w-s012-a031-w032	خ ر ج	ك ر م	17	10	10	1	1	1	intra_ayah:12:31:root:79
co-12_31-01590	12:31	w-s012-a031-w009	w-s012-a031-w002	ء ت ي	س م ع	7	5	5	1	13	20	intra_ayah:12:31:root:8
co-12_31-01591	12:31	w-s012-a031-w015	w-s012-a031-w010	خ ر ج	ك ل ل	5	4	4	1	11	14	intra_ayah:12:31:root:80
co-12_31-01592	12:31	w-s012-a031-w015	w-s012-a031-w003	خ ر ج	م ك ر	12	9	9	1	3	7	intra_ayah:12:31:root:81
co-12_31-01593	12:31	w-s012-a031-w015	w-s012-a031-w031	خ ر ج	م ل ك	16	9	9	1	6	7	intra_ayah:12:31:root:82
co-12_31-01594	12:31	w-s012-a031-w015	w-s012-a031-w011	خ ر ج	و ح د	4	3	3	1	2	2	intra_ayah:12:31:root:83
co-12_31-01595	12:31	w-s012-a031-w015	w-s012-a031-w008	خ ر ج	و ك ء	7	6	6	1	1	1	intra_ayah:12:31:root:84
co-12_31-01596	12:31	w-s012-a031-w015	w-s012-a031-w021	خ ر ج	ي د ي	6	4	4	1	8	12	intra_ayah:12:31:root:85
co-12_31-01597	12:31	w-s012-a031-w018	w-s012-a031-w004	ر ء ي	ر س ل	14	9	9	1	21	22	intra_ayah:12:31:root:86
co-12_31-01598	12:31	w-s012-a031-w018	w-s012-a031-w013	ر ء ي	س ك ن	5	3	3	1	7	7	intra_ayah:12:31:root:87
co-12_31-01599	12:31	w-s012-a031-w018	w-s012-a031-w002	ر ء ي	س م ع	16	11	11	1	12	12	intra_ayah:12:31:root:88
co-12_31-01600	12:31	w-s012-a031-w018	w-s012-a031-w006	ر ء ي	ع ت د	12	8	8	1	1	1	intra_ayah:12:31:root:89
co-12_31-01601	12:31	w-s012-a031-w009	w-s012-a031-w006	ء ت ي	ع ت د	3	2	2	1	3	3	intra_ayah:12:31:root:9
co-12_31-01602	12:31	w-s012-a031-w018	w-s012-a031-w020	ر ء ي	ق ط ع	2	2	2	1	3	3	intra_ayah:12:31:root:90
co-12_31-01603	12:31	w-s012-a031-w018	w-s012-a031-w014	ر ء ي	ق و ل	4	2	4	2	113	174	intra_ayah:12:31:root:91
co-12_31-01604	12:31	w-s012-a031-w018	w-s012-a031-w022	ر ء ي	ق و ل	4	2	4	2	113	174	intra_ayah:12:31:root:91
co-12_31-01605	12:31	w-s012-a031-w018	w-s012-a031-w019	ر ء ي	ك ب ر	1	1	1	1	21	26	intra_ayah:12:31:root:92
co-12_31-01606	12:31	w-s012-a031-w018	w-s012-a031-w032	ر ء ي	ك ر م	14	9	9	1	6	6	intra_ayah:12:31:root:93
co-12_31-01607	12:31	w-s012-a031-w018	w-s012-a031-w010	ر ء ي	ك ل ل	8	5	5	1	30	39	intra_ayah:12:31:root:94
co-12_31-01608	12:31	w-s012-a031-w018	w-s012-a031-w003	ر ء ي	م ك ر	15	10	10	1	2	2	intra_ayah:12:31:root:95
co-12_31-01609	12:31	w-s012-a031-w018	w-s012-a031-w031	ر ء ي	م ل ك	13	8	8	1	14	18	intra_ayah:12:31:root:96
co-12_31-01610	12:31	w-s012-a031-w018	w-s012-a031-w011	ر ء ي	و ح د	7	4	4	1	2	2	intra_ayah:12:31:root:97
co-12_31-01611	12:31	w-s012-a031-w018	w-s012-a031-w008	ر ء ي	و ك ء	10	7	7	1	2	2	intra_ayah:12:31:root:98
co-12_31-01612	12:31	w-s012-a031-w018	w-s012-a031-w021	ر ء ي	ي د ي	3	3	3	1	10	10	intra_ayah:12:31:root:99
co-12_32-01613	12:32	w-s012-a032-w015	w-s012-a032-w007	ء م ر	ر و د	8	4	4	1	10	13	intra_ayah:12:32:root:1
co-12_32-01614	12:32	w-s012-a032-w007	w-s012-a032-w016	ر و د	س ج ن	9	5	5	1	2	2	intra_ayah:12:32:root:10
co-12_32-01615	12:32	w-s012-a032-w007	w-s012-a032-w019	ر و د	ص غ ر	12	7	7	1	1	1	intra_ayah:12:32:root:11
co-12_32-01616	12:32	w-s012-a032-w007	w-s012-a032-w010	ر و د	ع ص م	3	2	2	1	2	3	intra_ayah:12:32:root:12
co-12_32-01617	12:32	w-s012-a032-w007	w-s012-a032-w013	ر و د	ف ع ل	6	3	3	1	8	8	intra_ayah:12:32:root:13
co-12_32-01618	12:32	w-s012-a032-w007	w-s012-a032-w001	ر و د	ق و ل	6	2	2	1	35	70	intra_ayah:12:32:root:14
co-12_32-01619	12:32	w-s012-a032-w007	w-s012-a032-w017	ر و د	ك و ن	10	6	6	1	36	66	intra_ayah:12:32:root:15
co-12_32-01620	12:32	w-s012-a032-w007	w-s012-a032-w004	ر و د	ل و م	3	1	1	1	1	1	intra_ayah:12:32:root:16
co-12_32-01621	12:32	w-s012-a032-w007	w-s012-a032-w009	ر و د	ن ف س	2	1	1	1	14	24	intra_ayah:12:32:root:17
co-12_32-01622	12:32	w-s012-a032-w016	w-s012-a032-w019	س ج ن	ص غ ر	3	2	2	1	1	1	intra_ayah:12:32:root:18
co-12_32-01623	12:32	w-s012-a032-w016	w-s012-a032-w010	س ج ن	ع ص م	6	3	3	1	1	1	intra_ayah:12:32:root:19
co-12_32-01624	12:32	w-s012-a032-w015	w-s012-a032-w016	ء م ر	س ج ن	1	1	1	1	2	2	intra_ayah:12:32:root:2
co-12_32-01625	12:32	w-s012-a032-w016	w-s012-a032-w013	س ج ن	ف ع ل	3	2	2	1	1	1	intra_ayah:12:32:root:20
co-12_32-01626	12:32	w-s012-a032-w016	w-s012-a032-w001	س ج ن	ق و ل	15	7	7	1	7	8	intra_ayah:12:32:root:21
co-12_32-01627	12:32	w-s012-a032-w016	w-s012-a032-w017	س ج ن	ك و ن	1	1	1	1	2	2	intra_ayah:12:32:root:22
co-12_32-01628	12:32	w-s012-a032-w016	w-s012-a032-w004	س ج ن	ل و م	12	6	6	1	1	1	intra_ayah:12:32:root:23
co-12_32-01629	12:32	w-s012-a032-w016	w-s012-a032-w009	س ج ن	ن ف س	7	4	4	1	1	1	intra_ayah:12:32:root:24
co-12_32-01630	12:32	w-s012-a032-w019	w-s012-a032-w010	ص غ ر	ع ص م	9	5	5	1	1	1	intra_ayah:12:32:root:25
co-12_32-01631	12:32	w-s012-a032-w019	w-s012-a032-w013	ص غ ر	ف ع ل	6	4	4	1	2	2	intra_ayah:12:32:root:26
co-12_32-01632	12:32	w-s012-a032-w019	w-s012-a032-w001	ص غ ر	ق و ل	18	9	9	1	6	7	intra_ayah:12:32:root:27
co-12_32-01633	12:32	w-s012-a032-w019	w-s012-a032-w017	ص غ ر	ك و ن	2	1	1	1	6	9	intra_ayah:12:32:root:28
co-12_32-01634	12:32	w-s012-a032-w019	w-s012-a032-w004	ص غ ر	ل و م	15	8	8	1	1	1	intra_ayah:12:32:root:29
co-12_32-01635	12:32	w-s012-a032-w015	w-s012-a032-w019	ء م ر	ص غ ر	4	3	3	1	1	1	intra_ayah:12:32:root:3
co-12_32-01636	12:32	w-s012-a032-w019	w-s012-a032-w009	ص غ ر	ن ف س	10	6	6	1	1	1	intra_ayah:12:32:root:30
co-12_32-01637	12:32	w-s012-a032-w010	w-s012-a032-w013	ع ص م	ف ع ل	3	1	1	1	2	2	intra_ayah:12:32:root:31
co-12_32-01638	12:32	w-s012-a032-w010	w-s012-a032-w001	ع ص م	ق و ل	9	4	4	1	3	6	intra_ayah:12:32:root:32
co-12_32-01639	12:32	w-s012-a032-w010	w-s012-a032-w017	ع ص م	ك و ن	7	4	4	1	4	7	intra_ayah:12:32:root:33
co-12_32-01640	12:32	w-s012-a032-w010	w-s012-a032-w004	ع ص م	ل و م	6	3	3	1	1	1	intra_ayah:12:32:root:34
co-12_32-01641	12:32	w-s012-a032-w010	w-s012-a032-w009	ع ص م	ن ف س	1	1	1	1	1	1	intra_ayah:12:32:root:35
co-12_32-01642	12:32	w-s012-a032-w013	w-s012-a032-w001	ف ع ل	ق و ل	12	5	5	1	32	41	intra_ayah:12:32:root:36
co-12_32-01643	12:32	w-s012-a032-w013	w-s012-a032-w017	ف ع ل	ك و ن	4	3	3	1	34	44	intra_ayah:12:32:root:37
co-12_32-01644	12:32	w-s012-a032-w013	w-s012-a032-w004	ف ع ل	ل و م	9	4	4	1	1	1	intra_ayah:12:32:root:38
co-12_32-01645	12:32	w-s012-a032-w013	w-s012-a032-w009	ف ع ل	ن ف س	4	2	2	1	15	18	intra_ayah:12:32:root:39
co-12_32-01646	12:32	w-s012-a032-w015	w-s012-a032-w010	ء م ر	ع ص م	5	2	2	1	2	3	intra_ayah:12:32:root:4
co-12_32-01647	12:32	w-s012-a032-w001	w-s012-a032-w017	ق و ل	ك و ن	16	8	8	1	369	573	intra_ayah:12:32:root:40
co-12_32-01648	12:32	w-s012-a032-w001	w-s012-a032-w004	ق و ل	ل و م	3	1	1	1	2	3	intra_ayah:12:32:root:41
co-12_32-01649	12:32	w-s012-a032-w001	w-s012-a032-w009	ق و ل	ن ف س	8	3	3	1	67	123	intra_ayah:12:32:root:42
co-12_32-01650	12:32	w-s012-a032-w017	w-s012-a032-w004	ك و ن	ل و م	13	7	7	1	2	3	intra_ayah:12:32:root:43
co-12_32-01651	12:32	w-s012-a032-w017	w-s012-a032-w009	ك و ن	ن ف س	8	5	5	1	87	117	intra_ayah:12:32:root:44
co-12_32-01652	12:32	w-s012-a032-w004	w-s012-a032-w009	ل و م	ن ف س	5	2	2	1	3	4	intra_ayah:12:32:root:45
co-12_32-01653	12:32	w-s012-a032-w015	w-s012-a032-w013	ء م ر	ف ع ل	2	1	1	1	16	19	intra_ayah:12:32:root:5
co-12_32-01654	12:32	w-s012-a032-w015	w-s012-a032-w001	ء م ر	ق و ل	14	6	6	1	69	112	intra_ayah:12:32:root:6
co-12_32-01655	12:32	w-s012-a032-w015	w-s012-a032-w017	ء م ر	ك و ن	2	2	2	1	59	92	intra_ayah:12:32:root:7
co-12_32-01656	12:32	w-s012-a032-w015	w-s012-a032-w004	ء م ر	ل و م	11	5	5	1	2	3	intra_ayah:12:32:root:8
co-12_32-01657	12:32	w-s012-a032-w015	w-s012-a032-w009	ء م ر	ن ف س	6	3	3	1	20	28	intra_ayah:12:32:root:9
co-12_33-01658	12:33	w-s012-a033-w017	w-s012-a033-w004	ج ه ل	ح ب ب	13	6	6	1	1	1	intra_ayah:12:33:root:1
co-12_33-01659	12:33	w-s012-a033-w004	w-s012-a033-w007	ح ب ب	د ع و	3	1	1	1	2	2	intra_ayah:12:33:root:10
co-12_33-01660	12:33	w-s012-a033-w004	w-s012-a033-w002	ح ب ب	ر ب ب	2	2	2	1	7	8	intra_ayah:12:33:root:11
co-12_33-01661	12:33	w-s012-a033-w004	w-s012-a033-w003	ح ب ب	س ج ن	1	1	1	1	1	1	intra_ayah:12:33:root:12
co-12_33-01662	12:33	w-s012-a033-w004	w-s012-a033-w013	ح ب ب	ص ب و	9	4	4	1	1	1	intra_ayah:12:33:root:13
co-12_33-01663	12:33	w-s012-a033-w004	w-s012-a033-w010	ح ب ب	ص ر ف	6	2	2	1	2	2	intra_ayah:12:33:root:14
co-12_33-01664	12:33	w-s012-a033-w004	w-s012-a033-w001	ح ب ب	ق و ل	3	3	3	1	15	24	intra_ayah:12:33:root:15
co-12_33-01665	12:33	w-s012-a033-w004	w-s012-a033-w015	ح ب ب	ك و ن	11	5	5	1	13	15	intra_ayah:12:33:root:16
co-12_33-01666	12:33	w-s012-a033-w004	w-s012-a033-w012	ح ب ب	ك ي د	8	3	3	1	1	1	intra_ayah:12:33:root:17
co-12_33-01667	12:33	w-s012-a033-w007	w-s012-a033-w002	د ع و	ر ب ب	5	3	3	1	49	68	intra_ayah:12:33:root:18
co-12_33-01668	12:33	w-s012-a033-w007	w-s012-a033-w003	د ع و	س ج ن	4	2	2	1	1	1	intra_ayah:12:33:root:19
co-12_33-01669	12:33	w-s012-a033-w017	w-s012-a033-w007	ج ه ل	د ع و	10	5	5	1	1	1	intra_ayah:12:33:root:2
co-12_33-01670	12:33	w-s012-a033-w007	w-s012-a033-w013	د ع و	ص ب و	6	3	3	1	1	1	intra_ayah:12:33:root:20
co-12_33-01671	12:33	w-s012-a033-w007	w-s012-a033-w010	د ع و	ص ر ف	3	1	1	1	1	1	intra_ayah:12:33:root:21
co-12_33-01672	12:33	w-s012-a033-w007	w-s012-a033-w001	د ع و	ق و ل	6	4	4	1	63	98	intra_ayah:12:33:root:22
co-12_33-01673	12:33	w-s012-a033-w007	w-s012-a033-w015	د ع و	ك و ن	8	4	4	1	54	74	intra_ayah:12:33:root:23
co-12_33-01674	12:33	w-s012-a033-w007	w-s012-a033-w012	د ع و	ك ي د	5	2	2	1	2	2	intra_ayah:12:33:root:24
co-12_33-01675	12:33	w-s012-a033-w002	w-s012-a033-w003	ر ب ب	س ج ن	1	1	1	1	5	7	intra_ayah:12:33:root:25
co-12_33-01676	12:33	w-s012-a033-w002	w-s012-a033-w013	ر ب ب	ص ب و	11	6	6	1	1	1	intra_ayah:12:33:root:26
co-12_33-01677	12:33	w-s012-a033-w002	w-s012-a033-w010	ر ب ب	ص ر ف	8	4	4	1	8	8	intra_ayah:12:33:root:27
co-12_33-01678	12:33	w-s012-a033-w002	w-s012-a033-w001	ر ب ب	ق و ل	1	1	1	1	329	501	intra_ayah:12:33:root:28
co-12_33-01679	12:33	w-s012-a033-w002	w-s012-a033-w015	ر ب ب	ك و ن	13	7	7	1	159	222	intra_ayah:12:33:root:29
co-12_33-01680	12:33	w-s012-a033-w017	w-s012-a033-w002	ج ه ل	ر ب ب	15	8	8	1	4	5	intra_ayah:12:33:root:3
co-12_33-01681	12:33	w-s012-a033-w002	w-s012-a033-w012	ر ب ب	ك ي د	10	5	5	1	3	4	intra_ayah:12:33:root:30
co-12_33-01682	12:33	w-s012-a033-w003	w-s012-a033-w013	س ج ن	ص ب و	10	5	5	1	1	1	intra_ayah:12:33:root:31
co-12_33-01683	12:33	w-s012-a033-w003	w-s012-a033-w010	س ج ن	ص ر ف	7	3	3	1	1	1	intra_ayah:12:33:root:32
co-12_33-01684	12:33	w-s012-a033-w003	w-s012-a033-w001	س ج ن	ق و ل	2	2	2	1	7	8	intra_ayah:12:33:root:33
co-12_33-01685	12:33	w-s012-a033-w003	w-s012-a033-w015	س ج ن	ك و ن	12	6	6	1	2	2	intra_ayah:12:33:root:34
co-12_33-01686	12:33	w-s012-a033-w003	w-s012-a033-w012	س ج ن	ك ي د	9	4	4	1	1	1	intra_ayah:12:33:root:35
co-12_33-01687	12:33	w-s012-a033-w013	w-s012-a033-w010	ص ب و	ص ر ف	3	2	2	1	1	1	intra_ayah:12:33:root:36
co-12_33-01688	12:33	w-s012-a033-w013	w-s012-a033-w001	ص ب و	ق و ل	12	7	7	1	2	2	intra_ayah:12:33:root:37
co-12_33-01689	12:33	w-s012-a033-w013	w-s012-a033-w015	ص ب و	ك و ن	2	1	1	1	2	2	intra_ayah:12:33:root:38
co-12_33-01690	12:33	w-s012-a033-w013	w-s012-a033-w012	ص ب و	ك ي د	1	1	1	1	1	1	intra_ayah:12:33:root:39
co-12_33-01691	12:33	w-s012-a033-w017	w-s012-a033-w003	ج ه ل	س ج ن	14	7	7	1	1	1	intra_ayah:12:33:root:4
co-12_33-01692	12:33	w-s012-a033-w010	w-s012-a033-w001	ص ر ف	ق و ل	9	5	5	1	9	9	intra_ayah:12:33:root:40
co-12_33-01693	12:33	w-s012-a033-w010	w-s012-a033-w015	ص ر ف	ك و ن	5	3	3	1	5	5	intra_ayah:12:33:root:41
co-12_33-01694	12:33	w-s012-a033-w010	w-s012-a033-w012	ص ر ف	ك ي د	2	1	1	1	2	2	intra_ayah:12:33:root:42
co-12_33-01695	12:33	w-s012-a033-w001	w-s012-a033-w015	ق و ل	ك و ن	14	8	8	1	369	573	intra_ayah:12:33:root:43
co-12_33-01696	12:33	w-s012-a033-w001	w-s012-a033-w012	ق و ل	ك ي د	11	6	6	1	6	9	intra_ayah:12:33:root:44
co-12_33-01697	12:33	w-s012-a033-w015	w-s012-a033-w012	ك و ن	ك ي د	3	2	2	1	5	6	intra_ayah:12:33:root:45
co-12_33-01698	12:33	w-s012-a033-w017	w-s012-a033-w013	ج ه ل	ص ب و	4	2	2	1	1	1	intra_ayah:12:33:root:5
co-12_33-01699	12:33	w-s012-a033-w017	w-s012-a033-w010	ج ه ل	ص ر ف	7	4	4	1	1	1	intra_ayah:12:33:root:6
co-12_33-01700	12:33	w-s012-a033-w017	w-s012-a033-w001	ج ه ل	ق و ل	16	9	9	1	11	17	intra_ayah:12:33:root:7
co-12_33-01701	12:33	w-s012-a033-w017	w-s012-a033-w015	ج ه ل	ك و ن	2	1	1	1	9	12	intra_ayah:12:33:root:8
co-12_33-01702	12:33	w-s012-a033-w017	w-s012-a033-w012	ج ه ل	ك ي د	5	3	3	1	1	1	intra_ayah:12:33:root:9
co-12_34-01703	12:34	w-s012-a034-w001	w-s012-a034-w003	ج و ب	ر ب ب	2	1	1	1	10	11	intra_ayah:12:34:root:1
co-12_34-01704	12:34	w-s012-a034-w009	w-s012-a034-w004	س م ع	ص ر ف	5	2	2	1	3	3	intra_ayah:12:34:root:10
co-12_34-01705	12:34	w-s012-a034-w009	w-s012-a034-w010	س م ع	ع ل م	1	1	1	1	44	49	intra_ayah:12:34:root:11
co-12_34-01706	12:34	w-s012-a034-w009	w-s012-a034-w006	س م ع	ك ي د	3	1	1	1	2	2	intra_ayah:12:34:root:12
co-12_34-01707	12:34	w-s012-a034-w004	w-s012-a034-w010	ص ر ف	ع ل م	6	3	3	1	2	2	intra_ayah:12:34:root:13
co-12_34-01708	12:34	w-s012-a034-w004	w-s012-a034-w006	ص ر ف	ك ي د	2	1	1	1	2	2	intra_ayah:12:34:root:14
co-12_34-01709	12:34	w-s012-a034-w010	w-s012-a034-w006	ع ل م	ك ي د	4	2	2	1	4	5	intra_ayah:12:34:root:15
co-12_34-01710	12:34	w-s012-a034-w001	w-s012-a034-w009	ج و ب	س م ع	8	4	4	1	3	4	intra_ayah:12:34:root:2
co-12_34-01711	12:34	w-s012-a034-w001	w-s012-a034-w004	ج و ب	ص ر ف	3	2	2	1	1	1	intra_ayah:12:34:root:3
co-12_34-01712	12:34	w-s012-a034-w001	w-s012-a034-w010	ج و ب	ع ل م	9	5	5	1	6	8	intra_ayah:12:34:root:4
co-12_34-01713	12:34	w-s012-a034-w001	w-s012-a034-w006	ج و ب	ك ي د	5	3	3	1	1	1	intra_ayah:12:34:root:5
co-12_34-01714	12:34	w-s012-a034-w003	w-s012-a034-w009	ر ب ب	س م ع	6	3	3	1	16	21	intra_ayah:12:34:root:6
co-12_34-01715	12:34	w-s012-a034-w003	w-s012-a034-w004	ر ب ب	ص ر ف	1	1	1	1	8	8	intra_ayah:12:34:root:7
co-12_34-01716	12:34	w-s012-a034-w003	w-s012-a034-w010	ر ب ب	ع ل م	7	4	4	1	129	173	intra_ayah:12:34:root:8
co-12_34-01717	12:34	w-s012-a034-w003	w-s012-a034-w006	ر ب ب	ك ي د	3	2	2	1	3	4	intra_ayah:12:34:root:9
co-12_35-01718	12:35	w-s012-a035-w008	w-s012-a035-w002	ء ي ي	ب د و	6	3	3	1	2	2	intra_ayah:12:35:root:1
co-12_35-01719	12:35	w-s012-a035-w005	w-s012-a035-w011	ب ع د	ح ي ن	6	4	4	1	4	5	intra_ayah:12:35:root:10
co-12_35-01720	12:35	w-s012-a035-w005	w-s012-a035-w007	ب ع د	ر ء ي	2	1	1	1	17	18	intra_ayah:12:35:root:11
co-12_35-01721	12:35	w-s012-a035-w005	w-s012-a035-w009	ب ع د	س ج ن	4	3	3	1	2	2	intra_ayah:12:35:root:12
co-12_35-01722	12:35	w-s012-a035-w011	w-s012-a035-w007	ح ي ن	ر ء ي	4	3	3	1	4	4	intra_ayah:12:35:root:13
co-12_35-01723	12:35	w-s012-a035-w011	w-s012-a035-w009	ح ي ن	س ج ن	2	1	1	1	1	1	intra_ayah:12:35:root:14
co-12_35-01724	12:35	w-s012-a035-w007	w-s012-a035-w009	ر ء ي	س ج ن	2	2	2	1	3	5	intra_ayah:12:35:root:15
co-12_35-01725	12:35	w-s012-a035-w008	w-s012-a035-w005	ء ي ي	ب ع د	3	2	2	1	20	23	intra_ayah:12:35:root:2
co-12_35-01726	12:35	w-s012-a035-w008	w-s012-a035-w011	ء ي ي	ح ي ن	3	2	2	1	3	3	intra_ayah:12:35:root:3
co-12_35-01727	12:35	w-s012-a035-w008	w-s012-a035-w007	ء ي ي	ر ء ي	1	1	1	1	35	49	intra_ayah:12:35:root:4
co-12_35-01728	12:35	w-s012-a035-w008	w-s012-a035-w009	ء ي ي	س ج ن	1	1	1	1	1	1	intra_ayah:12:35:root:5
co-12_35-01729	12:35	w-s012-a035-w002	w-s012-a035-w005	ب د و	ب ع د	3	1	1	1	3	3	intra_ayah:12:35:root:6
co-12_35-01730	12:35	w-s012-a035-w002	w-s012-a035-w011	ب د و	ح ي ن	9	5	5	1	2	3	intra_ayah:12:35:root:7
co-12_35-01731	12:35	w-s012-a035-w002	w-s012-a035-w007	ب د و	ر ء ي	5	2	2	1	3	6	intra_ayah:12:35:root:8
co-12_35-01732	12:35	w-s012-a035-w002	w-s012-a035-w009	ب د و	س ج ن	7	4	4	1	2	2	intra_ayah:12:35:root:9
co-12_36-01733	12:36	w-s012-a036-w006	w-s012-a036-w012	ء ح د	ء خ ر	6	5	5	1	9	11	intra_ayah:12:36:root:1
co-12_36-01734	12:36	w-s012-a036-w006	w-s012-a036-w008	ء ح د	ر ء ي	2	1	15	3	9	12	intra_ayah:12:36:root:10
co-12_36-01735	12:36	w-s012-a036-w006	w-s012-a036-w014	ء ح د	ر ء ي	8	1	15	3	9	12	intra_ayah:12:36:root:10
co-12_36-01736	12:36	w-s012-a036-w006	w-s012-a036-w025	ء ح د	ر ء ي	19	1	15	3	9	12	intra_ayah:12:36:root:10
co-12_36-01737	12:36	w-s012-a036-w010	w-s012-a036-w017	خ م ر	ر ء س	7	6	6	1	2	2	intra_ayah:12:36:root:100
co-12_36-01738	12:36	w-s012-a036-w010	w-s012-a036-w008	خ م ر	ر ء ي	2	2	12	3	1	3	intra_ayah:12:36:root:101
co-12_36-01739	12:36	w-s012-a036-w010	w-s012-a036-w014	خ م ر	ر ء ي	4	2	12	3	1	3	intra_ayah:12:36:root:101
co-12_36-01740	12:36	w-s012-a036-w010	w-s012-a036-w025	خ م ر	ر ء ي	15	2	12	3	1	3	intra_ayah:12:36:root:101
co-12_36-01741	12:36	w-s012-a036-w010	w-s012-a036-w003	خ م ر	س ج ن	7	6	6	1	2	2	intra_ayah:12:36:root:102
co-12_36-01742	12:36	w-s012-a036-w010	w-s012-a036-w020	خ م ر	ط ي ر	10	9	9	1	2	2	intra_ayah:12:36:root:103
co-12_36-01743	12:36	w-s012-a036-w010	w-s012-a036-w009	خ م ر	ع ص ر	1	1	1	1	1	1	intra_ayah:12:36:root:104
co-12_36-01744	12:36	w-s012-a036-w010	w-s012-a036-w004	خ م ر	ف ت ي	6	5	5	1	2	2	intra_ayah:12:36:root:105
co-12_36-01745	12:36	w-s012-a036-w010	w-s012-a036-w016	خ م ر	ف و ق	6	5	5	1	1	1	intra_ayah:12:36:root:106
co-12_36-01746	12:36	w-s012-a036-w010	w-s012-a036-w005	خ م ر	ق و ل	5	1	4	2	3	5	intra_ayah:12:36:root:107
co-12_36-01747	12:36	w-s012-a036-w010	w-s012-a036-w011	خ م ر	ق و ل	1	1	4	2	3	5	intra_ayah:12:36:root:107
co-12_36-01748	12:36	w-s012-a036-w010	w-s012-a036-w022	خ م ر	ن ب ء	12	10	10	1	1	1	intra_ayah:12:36:root:108
co-12_36-01749	12:36	w-s012-a036-w001	w-s012-a036-w017	د خ ل	ر ء س	16	13	13	1	2	2	intra_ayah:12:36:root:109
co-12_36-01750	12:36	w-s012-a036-w006	w-s012-a036-w003	ء ح د	س ج ن	3	3	3	1	2	2	intra_ayah:12:36:root:11
co-12_36-01751	12:36	w-s012-a036-w001	w-s012-a036-w008	د خ ل	ر ء ي	7	5	19	3	5	7	intra_ayah:12:36:root:110
co-12_36-01752	12:36	w-s012-a036-w001	w-s012-a036-w014	د خ ل	ر ء ي	13	5	19	3	5	7	intra_ayah:12:36:root:110
co-12_36-01753	12:36	w-s012-a036-w001	w-s012-a036-w025	د خ ل	ر ء ي	24	5	19	3	5	7	intra_ayah:12:36:root:110
co-12_36-01754	12:36	w-s012-a036-w001	w-s012-a036-w003	د خ ل	س ج ن	2	1	1	1	1	1	intra_ayah:12:36:root:111
co-12_36-01755	12:36	w-s012-a036-w001	w-s012-a036-w020	د خ ل	ط ي ر	19	16	16	1	1	1	intra_ayah:12:36:root:112
co-12_36-01756	12:36	w-s012-a036-w001	w-s012-a036-w009	د خ ل	ع ص ر	8	6	6	1	1	1	intra_ayah:12:36:root:113
co-12_36-01757	12:36	w-s012-a036-w001	w-s012-a036-w004	د خ ل	ف ت ي	3	2	2	1	1	1	intra_ayah:12:36:root:114
co-12_36-01758	12:36	w-s012-a036-w001	w-s012-a036-w016	د خ ل	ف و ق	15	12	12	1	2	2	intra_ayah:12:36:root:115
co-12_36-01759	12:36	w-s012-a036-w001	w-s012-a036-w005	د خ ل	ق و ل	4	3	8	2	39	66	intra_ayah:12:36:root:116
co-12_36-01760	12:36	w-s012-a036-w001	w-s012-a036-w011	د خ ل	ق و ل	10	3	8	2	39	66	intra_ayah:12:36:root:116
co-12_36-01761	12:36	w-s012-a036-w001	w-s012-a036-w022	د خ ل	ن ب ء	21	17	17	1	3	6	intra_ayah:12:36:root:117
co-12_36-01762	12:36	w-s012-a036-w017	w-s012-a036-w008	ر ء س	ر ء ي	9	3	8	3	4	6	intra_ayah:12:36:root:118
co-12_36-01763	12:36	w-s012-a036-w017	w-s012-a036-w014	ر ء س	ر ء ي	3	3	8	3	4	6	intra_ayah:12:36:root:118
co-12_36-01764	12:36	w-s012-a036-w017	w-s012-a036-w025	ر ء س	ر ء ي	8	3	8	3	4	6	intra_ayah:12:36:root:118
co-12_36-01765	12:36	w-s012-a036-w017	w-s012-a036-w003	ر ء س	س ج ن	14	12	12	1	2	2	intra_ayah:12:36:root:119
co-12_36-01766	12:36	w-s012-a036-w006	w-s012-a036-w020	ء ح د	ط ي ر	14	12	12	1	2	2	intra_ayah:12:36:root:12
co-12_36-01767	12:36	w-s012-a036-w017	w-s012-a036-w020	ر ء س	ط ي ر	3	3	3	1	2	2	intra_ayah:12:36:root:120
co-12_36-01768	12:36	w-s012-a036-w017	w-s012-a036-w009	ر ء س	ع ص ر	8	7	7	1	1	1	intra_ayah:12:36:root:121
co-12_36-01769	12:36	w-s012-a036-w017	w-s012-a036-w004	ر ء س	ف ت ي	13	11	11	1	2	2	intra_ayah:12:36:root:122
co-12_36-01770	12:36	w-s012-a036-w017	w-s012-a036-w016	ر ء س	ف و ق	1	1	1	1	3	3	intra_ayah:12:36:root:123
co-12_36-01771	12:36	w-s012-a036-w017	w-s012-a036-w005	ر ء س	ق و ل	12	5	10	2	6	13	intra_ayah:12:36:root:124
co-12_36-01772	12:36	w-s012-a036-w017	w-s012-a036-w011	ر ء س	ق و ل	6	5	10	2	6	13	intra_ayah:12:36:root:124
co-12_36-01773	12:36	w-s012-a036-w017	w-s012-a036-w022	ر ء س	ن ب ء	5	4	4	1	1	1	intra_ayah:12:36:root:125
co-12_36-01774	12:36	w-s012-a036-w008	w-s012-a036-w003	ر ء ي	س ج ن	5	4	18	3	3	5	intra_ayah:12:36:root:126
co-12_36-01775	12:36	w-s012-a036-w014	w-s012-a036-w003	ر ء ي	س ج ن	11	4	18	3	3	5	intra_ayah:12:36:root:126
co-12_36-01776	12:36	w-s012-a036-w025	w-s012-a036-w003	ر ء ي	س ج ن	22	4	18	3	3	5	intra_ayah:12:36:root:126
co-12_36-01777	12:36	w-s012-a036-w008	w-s012-a036-w020	ر ء ي	ط ي ر	12	3	11	3	6	8	intra_ayah:12:36:root:127
co-12_36-01778	12:36	w-s012-a036-w014	w-s012-a036-w020	ر ء ي	ط ي ر	6	3	11	3	6	8	intra_ayah:12:36:root:127
co-12_36-01779	12:36	w-s012-a036-w025	w-s012-a036-w020	ر ء ي	ط ي ر	5	3	11	3	6	8	intra_ayah:12:36:root:127
co-12_36-01780	12:36	w-s012-a036-w008	w-s012-a036-w009	ر ء ي	ع ص ر	1	1	13	3	1	3	intra_ayah:12:36:root:128
co-12_36-01781	12:36	w-s012-a036-w014	w-s012-a036-w009	ر ء ي	ع ص ر	5	1	13	3	1	3	intra_ayah:12:36:root:128
co-12_36-01782	12:36	w-s012-a036-w025	w-s012-a036-w009	ر ء ي	ع ص ر	16	1	13	3	1	3	intra_ayah:12:36:root:128
co-12_36-01783	12:36	w-s012-a036-w008	w-s012-a036-w004	ر ء ي	ف ت ي	4	3	17	3	3	7	intra_ayah:12:36:root:129
co-12_36-01784	12:36	w-s012-a036-w014	w-s012-a036-w004	ر ء ي	ف ت ي	10	3	17	3	3	7	intra_ayah:12:36:root:129
co-12_36-01785	12:36	w-s012-a036-w025	w-s012-a036-w004	ر ء ي	ف ت ي	21	3	17	3	3	7	intra_ayah:12:36:root:129
co-12_36-01786	12:36	w-s012-a036-w006	w-s012-a036-w009	ء ح د	ع ص ر	3	2	2	1	2	2	intra_ayah:12:36:root:13
co-12_36-01787	12:36	w-s012-a036-w008	w-s012-a036-w016	ر ء ي	ف و ق	8	2	7	3	4	10	intra_ayah:12:36:root:130
co-12_36-01788	12:36	w-s012-a036-w014	w-s012-a036-w016	ر ء ي	ف و ق	2	2	7	3	4	10	intra_ayah:12:36:root:130
co-12_36-01789	12:36	w-s012-a036-w025	w-s012-a036-w016	ر ء ي	ف و ق	9	2	7	3	4	10	intra_ayah:12:36:root:130
co-12_36-01790	12:36	w-s012-a036-w008	w-s012-a036-w005	ر ء ي	ق و ل	3	2	16	6	113	174	intra_ayah:12:36:root:131
co-12_36-01791	12:36	w-s012-a036-w008	w-s012-a036-w011	ر ء ي	ق و ل	3	2	16	6	113	174	intra_ayah:12:36:root:131
co-12_36-01792	12:36	w-s012-a036-w014	w-s012-a036-w005	ر ء ي	ق و ل	9	2	16	6	113	174	intra_ayah:12:36:root:131
co-12_36-01793	12:36	w-s012-a036-w014	w-s012-a036-w011	ر ء ي	ق و ل	3	2	16	6	113	174	intra_ayah:12:36:root:131
co-12_36-01794	12:36	w-s012-a036-w025	w-s012-a036-w005	ر ء ي	ق و ل	20	2	16	6	113	174	intra_ayah:12:36:root:131
co-12_36-01795	12:36	w-s012-a036-w025	w-s012-a036-w011	ر ء ي	ق و ل	14	2	16	6	113	174	intra_ayah:12:36:root:131
co-12_36-01796	12:36	w-s012-a036-w008	w-s012-a036-w022	ر ء ي	ن ب ء	14	2	12	3	5	8	intra_ayah:12:36:root:132
co-12_36-01797	12:36	w-s012-a036-w014	w-s012-a036-w022	ر ء ي	ن ب ء	8	2	12	3	5	8	intra_ayah:12:36:root:132
co-12_36-01798	12:36	w-s012-a036-w025	w-s012-a036-w022	ر ء ي	ن ب ء	3	2	12	3	5	8	intra_ayah:12:36:root:132
co-12_36-01799	12:36	w-s012-a036-w003	w-s012-a036-w020	س ج ن	ط ي ر	17	15	15	1	2	2	intra_ayah:12:36:root:133
co-12_36-01800	12:36	w-s012-a036-w003	w-s012-a036-w009	س ج ن	ع ص ر	6	5	5	1	1	1	intra_ayah:12:36:root:134
co-12_36-01801	12:36	w-s012-a036-w003	w-s012-a036-w004	س ج ن	ف ت ي	1	1	1	1	2	2	intra_ayah:12:36:root:135
co-12_36-01802	12:36	w-s012-a036-w003	w-s012-a036-w016	س ج ن	ف و ق	13	11	11	1	1	1	intra_ayah:12:36:root:136
co-12_36-01803	12:36	w-s012-a036-w003	w-s012-a036-w005	س ج ن	ق و ل	2	2	7	2	7	8	intra_ayah:12:36:root:137
co-12_36-01804	12:36	w-s012-a036-w003	w-s012-a036-w011	س ج ن	ق و ل	8	2	7	2	7	8	intra_ayah:12:36:root:137
co-12_36-01805	12:36	w-s012-a036-w003	w-s012-a036-w022	س ج ن	ن ب ء	19	16	16	1	1	1	intra_ayah:12:36:root:138
co-12_36-01806	12:36	w-s012-a036-w020	w-s012-a036-w009	ط ي ر	ع ص ر	11	10	10	1	1	1	intra_ayah:12:36:root:139
co-12_36-01807	12:36	w-s012-a036-w006	w-s012-a036-w004	ء ح د	ف ت ي	2	2	2	1	3	3	intra_ayah:12:36:root:14
co-12_36-01808	12:36	w-s012-a036-w020	w-s012-a036-w004	ط ي ر	ف ت ي	16	14	14	1	2	2	intra_ayah:12:36:root:140
co-12_36-01809	12:36	w-s012-a036-w020	w-s012-a036-w016	ط ي ر	ف و ق	4	4	4	1	2	2	intra_ayah:12:36:root:141
co-12_36-01810	12:36	w-s012-a036-w020	w-s012-a036-w005	ط ي ر	ق و ل	15	8	13	2	9	20	intra_ayah:12:36:root:142
co-12_36-01811	12:36	w-s012-a036-w020	w-s012-a036-w011	ط ي ر	ق و ل	9	8	13	2	9	20	intra_ayah:12:36:root:142
co-12_36-01812	12:36	w-s012-a036-w020	w-s012-a036-w022	ط ي ر	ن ب ء	2	1	1	1	2	3	intra_ayah:12:36:root:143
co-12_36-01813	12:36	w-s012-a036-w009	w-s012-a036-w004	ع ص ر	ف ت ي	5	4	4	1	1	1	intra_ayah:12:36:root:144
co-12_36-01814	12:36	w-s012-a036-w009	w-s012-a036-w016	ع ص ر	ف و ق	7	6	6	1	1	1	intra_ayah:12:36:root:145
co-12_36-01815	12:36	w-s012-a036-w009	w-s012-a036-w005	ع ص ر	ق و ل	4	2	3	2	1	2	intra_ayah:12:36:root:146
co-12_36-01816	12:36	w-s012-a036-w009	w-s012-a036-w011	ع ص ر	ق و ل	2	2	3	2	1	2	intra_ayah:12:36:root:146
co-12_36-01817	12:36	w-s012-a036-w009	w-s012-a036-w022	ع ص ر	ن ب ء	13	11	11	1	1	1	intra_ayah:12:36:root:147
co-12_36-01818	12:36	w-s012-a036-w004	w-s012-a036-w016	ف ت ي	ف و ق	12	10	10	1	1	1	intra_ayah:12:36:root:148
co-12_36-01819	12:36	w-s012-a036-w004	w-s012-a036-w005	ف ت ي	ق و ل	1	1	6	2	12	19	intra_ayah:12:36:root:149
co-12_36-01820	12:36	w-s012-a036-w004	w-s012-a036-w011	ف ت ي	ق و ل	7	1	6	2	12	19	intra_ayah:12:36:root:149
co-12_36-01821	12:36	w-s012-a036-w006	w-s012-a036-w016	ء ح د	ف و ق	10	8	8	1	2	2	intra_ayah:12:36:root:15
co-12_36-01822	12:36	w-s012-a036-w004	w-s012-a036-w022	ف ت ي	ن ب ء	18	15	15	1	2	2	intra_ayah:12:36:root:150
co-12_36-01823	12:36	w-s012-a036-w016	w-s012-a036-w005	ف و ق	ق و ل	11	4	9	2	10	16	intra_ayah:12:36:root:151
co-12_36-01824	12:36	w-s012-a036-w016	w-s012-a036-w011	ف و ق	ق و ل	5	4	9	2	10	16	intra_ayah:12:36:root:151
co-12_36-01825	12:36	w-s012-a036-w016	w-s012-a036-w022	ف و ق	ن ب ء	6	5	5	1	2	2	intra_ayah:12:36:root:152
co-12_36-01826	12:36	w-s012-a036-w005	w-s012-a036-w022	ق و ل	ن ب ء	17	9	14	2	52	87	intra_ayah:12:36:root:153
co-12_36-01827	12:36	w-s012-a036-w011	w-s012-a036-w022	ق و ل	ن ب ء	11	9	14	2	52	87	intra_ayah:12:36:root:153
co-12_36-01828	12:36	w-s012-a036-w006	w-s012-a036-w005	ء ح د	ق و ل	1	1	4	2	37	56	intra_ayah:12:36:root:16
co-12_36-01829	12:36	w-s012-a036-w006	w-s012-a036-w011	ء ح د	ق و ل	5	1	4	2	37	56	intra_ayah:12:36:root:16
co-12_36-01830	12:36	w-s012-a036-w006	w-s012-a036-w022	ء ح د	ن ب ء	16	13	13	1	7	7	intra_ayah:12:36:root:17
co-12_36-01831	12:36	w-s012-a036-w012	w-s012-a036-w019	ء خ ر	ء ك ل	7	6	6	1	5	6	intra_ayah:12:36:root:18
co-12_36-01832	12:36	w-s012-a036-w012	w-s012-a036-w023	ء خ ر	ء و ل	11	9	9	1	19	22	intra_ayah:12:36:root:19
co-12_36-01833	12:36	w-s012-a036-w006	w-s012-a036-w019	ء ح د	ء ك ل	13	11	11	1	4	4	intra_ayah:12:36:root:2
co-12_36-01834	12:36	w-s012-a036-w012	w-s012-a036-w027	ء خ ر	ح س ن	15	11	11	1	15	21	intra_ayah:12:36:root:20
co-12_36-01835	12:36	w-s012-a036-w012	w-s012-a036-w015	ء خ ر	ح م ل	3	2	2	1	3	5	intra_ayah:12:36:root:21
co-12_36-01836	12:36	w-s012-a036-w012	w-s012-a036-w018	ء خ ر	خ ب ز	6	5	5	1	1	1	intra_ayah:12:36:root:22
co-12_36-01837	12:36	w-s012-a036-w012	w-s012-a036-w010	ء خ ر	خ م ر	2	2	2	1	2	2	intra_ayah:12:36:root:23
co-12_36-01838	12:36	w-s012-a036-w012	w-s012-a036-w001	ء خ ر	د خ ل	11	9	9	1	6	8	intra_ayah:12:36:root:24
co-12_36-01839	12:36	w-s012-a036-w012	w-s012-a036-w017	ء خ ر	ر ء س	5	4	4	1	2	2	intra_ayah:12:36:root:25
co-12_36-01840	12:36	w-s012-a036-w012	w-s012-a036-w008	ء خ ر	ر ء ي	4	1	10	3	11	17	intra_ayah:12:36:root:26
co-12_36-01841	12:36	w-s012-a036-w012	w-s012-a036-w014	ء خ ر	ر ء ي	2	1	10	3	11	17	intra_ayah:12:36:root:26
co-12_36-01842	12:36	w-s012-a036-w012	w-s012-a036-w025	ء خ ر	ر ء ي	13	1	10	3	11	17	intra_ayah:12:36:root:26
co-12_36-01843	12:36	w-s012-a036-w012	w-s012-a036-w003	ء خ ر	س ج ن	9	8	8	1	2	2	intra_ayah:12:36:root:27
co-12_36-01844	12:36	w-s012-a036-w012	w-s012-a036-w020	ء خ ر	ط ي ر	8	7	7	1	2	2	intra_ayah:12:36:root:28
co-12_36-01845	12:36	w-s012-a036-w012	w-s012-a036-w009	ء خ ر	ع ص ر	3	3	3	1	1	1	intra_ayah:12:36:root:29
co-12_36-01846	12:36	w-s012-a036-w006	w-s012-a036-w023	ء ح د	ء و ل	17	14	14	1	1	1	intra_ayah:12:36:root:3
co-12_36-01847	12:36	w-s012-a036-w012	w-s012-a036-w004	ء خ ر	ف ت ي	8	7	7	1	4	4	intra_ayah:12:36:root:30
co-12_36-01848	12:36	w-s012-a036-w012	w-s012-a036-w016	ء خ ر	ف و ق	4	3	3	1	1	1	intra_ayah:12:36:root:31
co-12_36-01849	12:36	w-s012-a036-w012	w-s012-a036-w005	ء خ ر	ق و ل	7	1	6	2	44	65	intra_ayah:12:36:root:32
co-12_36-01850	12:36	w-s012-a036-w012	w-s012-a036-w011	ء خ ر	ق و ل	1	1	6	2	44	65	intra_ayah:12:36:root:32
co-12_36-01851	12:36	w-s012-a036-w012	w-s012-a036-w022	ء خ ر	ن ب ء	10	8	8	1	9	9	intra_ayah:12:36:root:33
co-12_36-01852	12:36	w-s012-a036-w019	w-s012-a036-w023	ء ك ل	ء و ل	4	3	3	1	2	2	intra_ayah:12:36:root:34
co-12_36-01853	12:36	w-s012-a036-w019	w-s012-a036-w027	ء ك ل	ح س ن	8	5	5	1	3	3	intra_ayah:12:36:root:35
co-12_36-01854	12:36	w-s012-a036-w019	w-s012-a036-w015	ء ك ل	ح م ل	4	4	4	1	2	2	intra_ayah:12:36:root:36
co-12_36-01855	12:36	w-s012-a036-w019	w-s012-a036-w018	ء ك ل	خ ب ز	1	1	1	1	1	1	intra_ayah:12:36:root:37
co-12_36-01856	12:36	w-s012-a036-w019	w-s012-a036-w010	ء ك ل	خ م ر	9	8	8	1	2	2	intra_ayah:12:36:root:38
co-12_36-01857	12:36	w-s012-a036-w019	w-s012-a036-w001	ء ك ل	د خ ل	18	15	15	1	5	8	intra_ayah:12:36:root:39
co-12_36-01858	12:36	w-s012-a036-w006	w-s012-a036-w027	ء ح د	ح س ن	21	16	16	1	4	4	intra_ayah:12:36:root:4
co-12_36-01859	12:36	w-s012-a036-w019	w-s012-a036-w017	ء ك ل	ر ء س	2	2	2	1	2	2	intra_ayah:12:36:root:40
co-12_36-01860	12:36	w-s012-a036-w019	w-s012-a036-w008	ء ك ل	ر ء ي	11	4	10	3	7	11	intra_ayah:12:36:root:41
co-12_36-01861	12:36	w-s012-a036-w019	w-s012-a036-w014	ء ك ل	ر ء ي	5	4	10	3	7	11	intra_ayah:12:36:root:41
co-12_36-01862	12:36	w-s012-a036-w019	w-s012-a036-w025	ء ك ل	ر ء ي	6	4	10	3	7	11	intra_ayah:12:36:root:41
co-12_36-01863	12:36	w-s012-a036-w019	w-s012-a036-w003	ء ك ل	س ج ن	16	14	14	1	2	2	intra_ayah:12:36:root:42
co-12_36-01864	12:36	w-s012-a036-w019	w-s012-a036-w020	ء ك ل	ط ي ر	1	1	1	1	3	4	intra_ayah:12:36:root:43
co-12_36-01865	12:36	w-s012-a036-w019	w-s012-a036-w009	ء ك ل	ع ص ر	10	9	9	1	1	1	intra_ayah:12:36:root:44
co-12_36-01866	12:36	w-s012-a036-w019	w-s012-a036-w004	ء ك ل	ف ت ي	15	13	13	1	4	4	intra_ayah:12:36:root:45
co-12_36-01867	12:36	w-s012-a036-w019	w-s012-a036-w016	ء ك ل	ف و ق	3	3	3	1	2	2	intra_ayah:12:36:root:46
co-12_36-01868	12:36	w-s012-a036-w019	w-s012-a036-w005	ء ك ل	ق و ل	14	7	12	2	22	28	intra_ayah:12:36:root:47
co-12_36-01869	12:36	w-s012-a036-w019	w-s012-a036-w011	ء ك ل	ق و ل	8	7	12	2	22	28	intra_ayah:12:36:root:47
co-12_36-01870	12:36	w-s012-a036-w019	w-s012-a036-w022	ء ك ل	ن ب ء	3	2	2	1	2	2	intra_ayah:12:36:root:48
co-12_36-01871	12:36	w-s012-a036-w023	w-s012-a036-w027	ء و ل	ح س ن	4	2	2	1	9	11	intra_ayah:12:36:root:49
co-12_36-01872	12:36	w-s012-a036-w006	w-s012-a036-w015	ء ح د	ح م ل	9	7	7	1	1	1	intra_ayah:12:36:root:5
co-12_36-01873	12:36	w-s012-a036-w023	w-s012-a036-w015	ء و ل	ح م ل	8	7	7	1	4	7	intra_ayah:12:36:root:50
co-12_36-01874	12:36	w-s012-a036-w023	w-s012-a036-w018	ء و ل	خ ب ز	5	4	4	1	1	1	intra_ayah:12:36:root:51
co-12_36-01875	12:36	w-s012-a036-w023	w-s012-a036-w010	ء و ل	خ م ر	13	11	11	1	2	2	intra_ayah:12:36:root:52
co-12_36-01876	12:36	w-s012-a036-w023	w-s012-a036-w001	ء و ل	د خ ل	22	18	18	1	4	6	intra_ayah:12:36:root:53
co-12_36-01877	12:36	w-s012-a036-w023	w-s012-a036-w017	ء و ل	ر ء س	6	5	5	1	2	2	intra_ayah:12:36:root:54
co-12_36-01878	12:36	w-s012-a036-w023	w-s012-a036-w008	ء و ل	ر ء ي	15	1	13	3	8	14	intra_ayah:12:36:root:55
co-12_36-01879	12:36	w-s012-a036-w023	w-s012-a036-w014	ء و ل	ر ء ي	9	1	13	3	8	14	intra_ayah:12:36:root:55
co-12_36-01880	12:36	w-s012-a036-w023	w-s012-a036-w025	ء و ل	ر ء ي	2	1	13	3	8	14	intra_ayah:12:36:root:55
co-12_36-01881	12:36	w-s012-a036-w023	w-s012-a036-w003	ء و ل	س ج ن	20	17	17	1	2	2	intra_ayah:12:36:root:56
co-12_36-01882	12:36	w-s012-a036-w023	w-s012-a036-w020	ء و ل	ط ي ر	3	2	2	1	1	1	intra_ayah:12:36:root:57
co-12_36-01883	12:36	w-s012-a036-w023	w-s012-a036-w009	ء و ل	ع ص ر	14	12	12	1	1	1	intra_ayah:12:36:root:58
co-12_36-01884	12:36	w-s012-a036-w023	w-s012-a036-w004	ء و ل	ف ت ي	19	16	16	1	1	1	intra_ayah:12:36:root:59
co-12_36-01885	12:36	w-s012-a036-w006	w-s012-a036-w018	ء ح د	خ ب ز	12	10	10	1	1	1	intra_ayah:12:36:root:6
co-12_36-01886	12:36	w-s012-a036-w023	w-s012-a036-w016	ء و ل	ف و ق	7	6	6	1	2	2	intra_ayah:12:36:root:60
co-12_36-01887	12:36	w-s012-a036-w023	w-s012-a036-w005	ء و ل	ق و ل	18	10	15	2	51	72	intra_ayah:12:36:root:61
co-12_36-01888	12:36	w-s012-a036-w023	w-s012-a036-w011	ء و ل	ق و ل	12	10	15	2	51	72	intra_ayah:12:36:root:61
co-12_36-01889	12:36	w-s012-a036-w023	w-s012-a036-w022	ء و ل	ن ب ء	1	1	1	1	8	9	intra_ayah:12:36:root:62
co-12_36-01890	12:36	w-s012-a036-w027	w-s012-a036-w015	ح س ن	ح م ل	12	9	9	1	2	3	intra_ayah:12:36:root:63
co-12_36-01891	12:36	w-s012-a036-w027	w-s012-a036-w018	ح س ن	خ ب ز	9	6	6	1	1	1	intra_ayah:12:36:root:64
co-12_36-01892	12:36	w-s012-a036-w027	w-s012-a036-w010	ح س ن	خ م ر	17	13	13	1	1	1	intra_ayah:12:36:root:65
co-12_36-01893	12:36	w-s012-a036-w027	w-s012-a036-w001	ح س ن	د خ ل	26	20	20	1	8	13	intra_ayah:12:36:root:66
co-12_36-01894	12:36	w-s012-a036-w027	w-s012-a036-w017	ح س ن	ر ء س	10	7	7	1	1	1	intra_ayah:12:36:root:67
co-12_36-01895	12:36	w-s012-a036-w027	w-s012-a036-w008	ح س ن	ر ء ي	19	1	15	3	9	11	intra_ayah:12:36:root:68
co-12_36-01896	12:36	w-s012-a036-w027	w-s012-a036-w014	ح س ن	ر ء ي	13	1	15	3	9	11	intra_ayah:12:36:root:68
co-12_36-01897	12:36	w-s012-a036-w027	w-s012-a036-w025	ح س ن	ر ء ي	2	1	15	3	9	11	intra_ayah:12:36:root:68
co-12_36-01898	12:36	w-s012-a036-w027	w-s012-a036-w003	ح س ن	س ج ن	24	19	19	1	2	2	intra_ayah:12:36:root:69
co-12_36-01899	12:36	w-s012-a036-w006	w-s012-a036-w010	ء ح د	خ م ر	4	3	3	1	2	2	intra_ayah:12:36:root:7
co-12_36-01900	12:36	w-s012-a036-w027	w-s012-a036-w020	ح س ن	ط ي ر	7	4	4	1	2	3	intra_ayah:12:36:root:70
co-12_36-01901	12:36	w-s012-a036-w027	w-s012-a036-w009	ح س ن	ع ص ر	18	14	14	1	1	1	intra_ayah:12:36:root:71
co-12_36-01902	12:36	w-s012-a036-w027	w-s012-a036-w004	ح س ن	ف ت ي	23	18	18	1	1	1	intra_ayah:12:36:root:72
co-12_36-01903	12:36	w-s012-a036-w027	w-s012-a036-w016	ح س ن	ف و ق	11	8	8	1	1	1	intra_ayah:12:36:root:73
co-12_36-01904	12:36	w-s012-a036-w027	w-s012-a036-w005	ح س ن	ق و ل	22	12	17	2	41	64	intra_ayah:12:36:root:74
co-12_36-01905	12:36	w-s012-a036-w027	w-s012-a036-w011	ح س ن	ق و ل	16	12	17	2	41	64	intra_ayah:12:36:root:74
co-12_36-01906	12:36	w-s012-a036-w027	w-s012-a036-w022	ح س ن	ن ب ء	5	3	3	1	4	4	intra_ayah:12:36:root:75
co-12_36-01907	12:36	w-s012-a036-w015	w-s012-a036-w018	ح م ل	خ ب ز	3	3	3	1	1	1	intra_ayah:12:36:root:76
co-12_36-01908	12:36	w-s012-a036-w015	w-s012-a036-w010	ح م ل	خ م ر	5	4	4	1	1	1	intra_ayah:12:36:root:77
co-12_36-01909	12:36	w-s012-a036-w015	w-s012-a036-w001	ح م ل	د خ ل	14	11	11	1	1	1	intra_ayah:12:36:root:78
co-12_36-01910	12:36	w-s012-a036-w015	w-s012-a036-w017	ح م ل	ر ء س	2	2	2	1	1	1	intra_ayah:12:36:root:79
co-12_36-01911	12:36	w-s012-a036-w006	w-s012-a036-w001	ء ح د	د خ ل	5	4	4	1	2	2	intra_ayah:12:36:root:8
co-12_36-01912	12:36	w-s012-a036-w015	w-s012-a036-w008	ح م ل	ر ء ي	7	1	8	3	2	7	intra_ayah:12:36:root:80
co-12_36-01913	12:36	w-s012-a036-w015	w-s012-a036-w014	ح م ل	ر ء ي	1	1	8	3	2	7	intra_ayah:12:36:root:80
co-12_36-01914	12:36	w-s012-a036-w015	w-s012-a036-w025	ح م ل	ر ء ي	10	1	8	3	2	7	intra_ayah:12:36:root:80
co-12_36-01915	12:36	w-s012-a036-w015	w-s012-a036-w003	ح م ل	س ج ن	12	10	10	1	1	1	intra_ayah:12:36:root:81
co-12_36-01916	12:36	w-s012-a036-w015	w-s012-a036-w020	ح م ل	ط ي ر	5	5	5	1	1	1	intra_ayah:12:36:root:82
co-12_36-01917	12:36	w-s012-a036-w015	w-s012-a036-w009	ح م ل	ع ص ر	6	5	5	1	1	1	intra_ayah:12:36:root:83
co-12_36-01918	12:36	w-s012-a036-w015	w-s012-a036-w004	ح م ل	ف ت ي	11	9	9	1	1	1	intra_ayah:12:36:root:84
co-12_36-01919	12:36	w-s012-a036-w015	w-s012-a036-w016	ح م ل	ف و ق	1	1	1	1	2	2	intra_ayah:12:36:root:85
co-12_36-01920	12:36	w-s012-a036-w015	w-s012-a036-w005	ح م ل	ق و ل	10	3	8	2	12	18	intra_ayah:12:36:root:86
co-12_36-01921	12:36	w-s012-a036-w015	w-s012-a036-w011	ح م ل	ق و ل	4	3	8	2	12	18	intra_ayah:12:36:root:86
co-12_36-01922	12:36	w-s012-a036-w015	w-s012-a036-w022	ح م ل	ن ب ء	7	6	6	1	3	3	intra_ayah:12:36:root:87
co-12_36-01923	12:36	w-s012-a036-w018	w-s012-a036-w010	خ ب ز	خ م ر	8	7	7	1	1	1	intra_ayah:12:36:root:88
co-12_36-01924	12:36	w-s012-a036-w018	w-s012-a036-w001	خ ب ز	د خ ل	17	14	14	1	1	1	intra_ayah:12:36:root:89
co-12_36-01925	12:36	w-s012-a036-w006	w-s012-a036-w017	ء ح د	ر ء س	11	9	9	1	3	3	intra_ayah:12:36:root:9
co-12_36-01926	12:36	w-s012-a036-w018	w-s012-a036-w017	خ ب ز	ر ء س	1	1	1	1	1	1	intra_ayah:12:36:root:90
co-12_36-01927	12:36	w-s012-a036-w018	w-s012-a036-w008	خ ب ز	ر ء ي	10	4	9	3	1	3	intra_ayah:12:36:root:91
co-12_36-01928	12:36	w-s012-a036-w018	w-s012-a036-w014	خ ب ز	ر ء ي	4	4	9	3	1	3	intra_ayah:12:36:root:91
co-12_36-01929	12:36	w-s012-a036-w018	w-s012-a036-w025	خ ب ز	ر ء ي	7	4	9	3	1	3	intra_ayah:12:36:root:91
co-12_36-01930	12:36	w-s012-a036-w018	w-s012-a036-w003	خ ب ز	س ج ن	15	13	13	1	1	1	intra_ayah:12:36:root:92
co-12_36-01931	12:36	w-s012-a036-w018	w-s012-a036-w020	خ ب ز	ط ي ر	2	2	2	1	1	1	intra_ayah:12:36:root:93
co-12_36-01932	12:36	w-s012-a036-w018	w-s012-a036-w009	خ ب ز	ع ص ر	9	8	8	1	1	1	intra_ayah:12:36:root:94
co-12_36-01933	12:36	w-s012-a036-w018	w-s012-a036-w004	خ ب ز	ف ت ي	14	12	12	1	1	1	intra_ayah:12:36:root:95
co-12_36-01934	12:36	w-s012-a036-w018	w-s012-a036-w016	خ ب ز	ف و ق	2	2	2	1	1	1	intra_ayah:12:36:root:96
co-12_36-01935	12:36	w-s012-a036-w018	w-s012-a036-w005	خ ب ز	ق و ل	13	6	11	2	1	2	intra_ayah:12:36:root:97
co-12_36-01936	12:36	w-s012-a036-w018	w-s012-a036-w011	خ ب ز	ق و ل	7	6	11	2	1	2	intra_ayah:12:36:root:97
co-12_36-01937	12:36	w-s012-a036-w018	w-s012-a036-w022	خ ب ز	ن ب ء	4	3	3	1	1	1	intra_ayah:12:36:root:98
co-12_36-01938	12:36	w-s012-a036-w010	w-s012-a036-w001	خ م ر	د خ ل	9	7	7	1	1	1	intra_ayah:12:36:root:99
co-12_37-01939	12:37	w-s012-a037-w003	w-s012-a037-w024	ء ت ي	ء خ ر	21	8	14	2	32	46	intra_ayah:12:37:root:1
co-12_37-01940	12:37	w-s012-a037-w011	w-s012-a037-w024	ء ت ي	ء خ ر	13	8	14	2	32	46	intra_ayah:12:37:root:1
co-12_37-01941	12:37	w-s012-a037-w003	w-s012-a037-w009	ء ت ي	ق ب ل	6	1	5	2	64	84	intra_ayah:12:37:root:10
co-12_37-01942	12:37	w-s012-a037-w011	w-s012-a037-w009	ء ت ي	ق ب ل	2	1	5	2	64	84	intra_ayah:12:37:root:10
co-12_37-01943	12:37	w-s012-a037-w014	w-s012-a037-w009	ع ل م	ق ب ل	5	2	2	1	45	54	intra_ayah:12:37:root:100
co-12_37-01944	12:37	w-s012-a037-w014	w-s012-a037-w001	ع ل م	ق و ل	13	8	8	1	230	414	intra_ayah:12:37:root:101
co-12_37-01945	12:37	w-s012-a037-w014	w-s012-a037-w019	ع ل م	ق و م	5	4	4	1	75	97	intra_ayah:12:37:root:102
co-12_37-01946	12:37	w-s012-a037-w014	w-s012-a037-w026	ع ل م	ك ف ر	12	8	8	1	44	78	intra_ayah:12:37:root:103
co-12_37-01947	12:37	w-s012-a037-w014	w-s012-a037-w018	ع ل م	م ل ل	4	3	3	1	4	12	intra_ayah:12:37:root:104
co-12_37-01948	12:37	w-s012-a037-w014	w-s012-a037-w007	ع ل م	ن ب ء	7	4	4	1	33	46	intra_ayah:12:37:root:105
co-12_37-01949	12:37	w-s012-a037-w009	w-s012-a037-w001	ق ب ل	ق و ل	8	6	6	1	86	123	intra_ayah:12:37:root:106
co-12_37-01950	12:37	w-s012-a037-w009	w-s012-a037-w019	ق ب ل	ق و م	10	6	6	1	41	48	intra_ayah:12:37:root:107
co-12_37-01951	12:37	w-s012-a037-w009	w-s012-a037-w026	ق ب ل	ك ف ر	17	10	10	1	38	44	intra_ayah:12:37:root:108
co-12_37-01952	12:37	w-s012-a037-w009	w-s012-a037-w018	ق ب ل	م ل ل	9	5	5	1	2	2	intra_ayah:12:37:root:109
co-12_37-01953	12:37	w-s012-a037-w003	w-s012-a037-w001	ء ت ي	ق و ل	2	1	7	2	154	264	intra_ayah:12:37:root:11
co-12_37-01954	12:37	w-s012-a037-w011	w-s012-a037-w001	ء ت ي	ق و ل	10	1	7	2	154	264	intra_ayah:12:37:root:11
co-12_37-01955	12:37	w-s012-a037-w009	w-s012-a037-w007	ق ب ل	ن ب ء	2	2	2	1	12	14	intra_ayah:12:37:root:110
co-12_37-01956	12:37	w-s012-a037-w001	w-s012-a037-w019	ق و ل	ق و م	18	12	12	1	186	259	intra_ayah:12:37:root:111
co-12_37-01957	12:37	w-s012-a037-w001	w-s012-a037-w026	ق و ل	ك ف ر	25	16	16	1	132	211	intra_ayah:12:37:root:112
co-12_37-01958	12:37	w-s012-a037-w001	w-s012-a037-w018	ق و ل	م ل ل	17	11	11	1	7	9	intra_ayah:12:37:root:113
co-12_37-01959	12:37	w-s012-a037-w001	w-s012-a037-w007	ق و ل	ن ب ء	6	4	4	1	52	87	intra_ayah:12:37:root:114
co-12_37-01960	12:37	w-s012-a037-w019	w-s012-a037-w026	ق و م	ك ف ر	7	4	4	1	55	71	intra_ayah:12:37:root:115
co-12_37-01961	12:37	w-s012-a037-w019	w-s012-a037-w018	ق و م	م ل ل	1	1	1	1	6	9	intra_ayah:12:37:root:116
co-12_37-01962	12:37	w-s012-a037-w019	w-s012-a037-w007	ق و م	ن ب ء	12	8	8	1	21	25	intra_ayah:12:37:root:117
co-12_37-01963	12:37	w-s012-a037-w026	w-s012-a037-w018	ك ف ر	م ل ل	8	5	5	1	2	2	intra_ayah:12:37:root:118
co-12_37-01964	12:37	w-s012-a037-w026	w-s012-a037-w007	ك ف ر	ن ب ء	19	12	12	1	25	30	intra_ayah:12:37:root:119
co-12_37-01965	12:37	w-s012-a037-w003	w-s012-a037-w019	ء ت ي	ق و م	16	5	11	2	83	109	intra_ayah:12:37:root:12
co-12_37-01966	12:37	w-s012-a037-w011	w-s012-a037-w019	ء ت ي	ق و م	8	5	11	2	83	109	intra_ayah:12:37:root:12
co-12_37-01967	12:37	w-s012-a037-w018	w-s012-a037-w007	م ل ل	ن ب ء	11	7	7	1	1	1	intra_ayah:12:37:root:120
co-12_37-01968	12:37	w-s012-a037-w003	w-s012-a037-w026	ء ت ي	ك ف ر	23	9	15	2	49	75	intra_ayah:12:37:root:13
co-12_37-01969	12:37	w-s012-a037-w011	w-s012-a037-w026	ء ت ي	ك ف ر	15	9	15	2	49	75	intra_ayah:12:37:root:13
co-12_37-01970	12:37	w-s012-a037-w003	w-s012-a037-w018	ء ت ي	م ل ل	15	4	10	2	2	3	intra_ayah:12:37:root:14
co-12_37-01971	12:37	w-s012-a037-w011	w-s012-a037-w018	ء ت ي	م ل ل	7	4	10	2	2	3	intra_ayah:12:37:root:14
co-12_37-01972	12:37	w-s012-a037-w003	w-s012-a037-w007	ء ت ي	ن ب ء	4	3	3	2	34	42	intra_ayah:12:37:root:15
co-12_37-01973	12:37	w-s012-a037-w011	w-s012-a037-w007	ء ت ي	ن ب ء	4	3	3	2	34	42	intra_ayah:12:37:root:15
co-12_37-01974	12:37	w-s012-a037-w024	w-s012-a037-w022	ء خ ر	ء ل ه	2	1	1	1	123	229	intra_ayah:12:37:root:16
co-12_37-01975	12:37	w-s012-a037-w024	w-s012-a037-w021	ء خ ر	ء م ن	3	2	2	1	58	77	intra_ayah:12:37:root:17
co-12_37-01976	12:37	w-s012-a037-w024	w-s012-a037-w008	ء خ ر	ء و ل	16	10	10	1	19	22	intra_ayah:12:37:root:18
co-12_37-01977	12:37	w-s012-a037-w024	w-s012-a037-w017	ء خ ر	ت ر ك	7	5	5	1	8	9	intra_ayah:12:37:root:19
co-12_37-01978	12:37	w-s012-a037-w003	w-s012-a037-w022	ء ت ي	ء ل ه	19	7	13	2	198	411	intra_ayah:12:37:root:2
co-12_37-01979	12:37	w-s012-a037-w011	w-s012-a037-w022	ء ت ي	ء ل ه	11	7	13	2	198	411	intra_ayah:12:37:root:2
co-12_37-01980	12:37	w-s012-a037-w024	w-s012-a037-w015	ء خ ر	ر ب ب	9	6	6	1	28	32	intra_ayah:12:37:root:20
co-12_37-01981	12:37	w-s012-a037-w024	w-s012-a037-w005	ء خ ر	ر ز ق	19	12	12	1	6	7	intra_ayah:12:37:root:21
co-12_37-01982	12:37	w-s012-a037-w024	w-s012-a037-w004	ء خ ر	ط ع م	20	13	13	1	3	4	intra_ayah:12:37:root:22
co-12_37-01983	12:37	w-s012-a037-w024	w-s012-a037-w014	ء خ ر	ع ل م	10	7	7	1	34	53	intra_ayah:12:37:root:23
co-12_37-01984	12:37	w-s012-a037-w024	w-s012-a037-w009	ء خ ر	ق ب ل	15	9	9	1	14	18	intra_ayah:12:37:root:24
co-12_37-01985	12:37	w-s012-a037-w024	w-s012-a037-w001	ء خ ر	ق و ل	23	15	15	1	44	65	intra_ayah:12:37:root:25
co-12_37-01986	12:37	w-s012-a037-w024	w-s012-a037-w019	ء خ ر	ق و م	5	3	3	1	33	40	intra_ayah:12:37:root:26
co-12_37-01987	12:37	w-s012-a037-w024	w-s012-a037-w026	ء خ ر	ك ف ر	2	1	1	1	26	33	intra_ayah:12:37:root:27
co-12_37-01988	12:37	w-s012-a037-w024	w-s012-a037-w018	ء خ ر	م ل ل	6	4	4	1	4	6	intra_ayah:12:37:root:28
co-12_37-01989	12:37	w-s012-a037-w024	w-s012-a037-w007	ء خ ر	ن ب ء	17	11	11	1	9	9	intra_ayah:12:37:root:29
co-12_37-01990	12:37	w-s012-a037-w003	w-s012-a037-w021	ء ت ي	ء م ن	18	6	12	2	81	149	intra_ayah:12:37:root:3
co-12_37-01991	12:37	w-s012-a037-w011	w-s012-a037-w021	ء ت ي	ء م ن	10	6	12	2	81	149	intra_ayah:12:37:root:3
co-12_37-01992	12:37	w-s012-a037-w022	w-s012-a037-w021	ء ل ه	ء م ن	1	1	1	1	372	843	intra_ayah:12:37:root:30
co-12_37-01993	12:37	w-s012-a037-w022	w-s012-a037-w008	ء ل ه	ء و ل	14	9	9	1	48	82	intra_ayah:12:37:root:31
co-12_37-01994	12:37	w-s012-a037-w022	w-s012-a037-w017	ء ل ه	ت ر ك	5	4	4	1	16	38	intra_ayah:12:37:root:32
co-12_37-01995	12:37	w-s012-a037-w022	w-s012-a037-w015	ء ل ه	ر ب ب	7	5	5	1	204	368	intra_ayah:12:37:root:33
co-12_37-01996	12:37	w-s012-a037-w022	w-s012-a037-w005	ء ل ه	ر ز ق	17	11	11	1	59	114	intra_ayah:12:37:root:34
co-12_37-01997	12:37	w-s012-a037-w022	w-s012-a037-w004	ء ل ه	ط ع م	18	12	12	1	17	40	intra_ayah:12:37:root:35
co-12_37-01998	12:37	w-s012-a037-w022	w-s012-a037-w014	ء ل ه	ع ل م	8	6	6	1	408	878	intra_ayah:12:37:root:36
co-12_37-01999	12:37	w-s012-a037-w022	w-s012-a037-w009	ء ل ه	ق ب ل	13	8	8	1	98	148	intra_ayah:12:37:root:37
co-12_37-02000	12:37	w-s012-a037-w022	w-s012-a037-w001	ء ل ه	ق و ل	21	14	14	1	514	1188	intra_ayah:12:37:root:38
co-12_37-02001	12:37	w-s012-a037-w022	w-s012-a037-w019	ء ل ه	ق و م	3	2	2	1	242	460	intra_ayah:12:37:root:39
co-12_37-02002	12:37	w-s012-a037-w003	w-s012-a037-w008	ء ت ي	ء و ل	5	2	4	2	20	31	intra_ayah:12:37:root:4
co-12_37-02003	12:37	w-s012-a037-w011	w-s012-a037-w008	ء ت ي	ء و ل	3	2	4	2	20	31	intra_ayah:12:37:root:4
co-12_37-02004	12:37	w-s012-a037-w022	w-s012-a037-w026	ء ل ه	ك ف ر	4	2	2	1	225	443	intra_ayah:12:37:root:40
co-12_37-02005	12:37	w-s012-a037-w022	w-s012-a037-w018	ء ل ه	م ل ل	4	3	3	1	8	32	intra_ayah:12:37:root:41
co-12_37-02006	12:37	w-s012-a037-w022	w-s012-a037-w007	ء ل ه	ن ب ء	15	10	10	1	73	141	intra_ayah:12:37:root:42
co-12_37-02007	12:37	w-s012-a037-w021	w-s012-a037-w008	ء م ن	ء و ل	13	8	8	1	24	34	intra_ayah:12:37:root:43
co-12_37-02008	12:37	w-s012-a037-w021	w-s012-a037-w017	ء م ن	ت ر ك	4	3	3	1	8	9	intra_ayah:12:37:root:44
co-12_37-02009	12:37	w-s012-a037-w021	w-s012-a037-w015	ء م ن	ر ب ب	6	4	4	1	112	177	intra_ayah:12:37:root:45
co-12_37-02010	12:37	w-s012-a037-w021	w-s012-a037-w005	ء م ن	ر ز ق	16	10	10	1	23	28	intra_ayah:12:37:root:46
co-12_37-02011	12:37	w-s012-a037-w021	w-s012-a037-w004	ء م ن	ط ع م	17	11	11	1	9	16	intra_ayah:12:37:root:47
co-12_37-02012	12:37	w-s012-a037-w021	w-s012-a037-w014	ء م ن	ع ل م	7	5	5	1	99	166	intra_ayah:12:37:root:48
co-12_37-02013	12:37	w-s012-a037-w021	w-s012-a037-w009	ء م ن	ق ب ل	12	7	7	1	53	69	intra_ayah:12:37:root:49
co-12_37-02014	12:37	w-s012-a037-w003	w-s012-a037-w017	ء ت ي	ت ر ك	14	3	9	2	3	4	intra_ayah:12:37:root:5
co-12_37-02015	12:37	w-s012-a037-w011	w-s012-a037-w017	ء ت ي	ت ر ك	6	3	9	2	3	4	intra_ayah:12:37:root:5
co-12_37-02016	12:37	w-s012-a037-w021	w-s012-a037-w001	ء م ن	ق و ل	20	13	13	1	185	327	intra_ayah:12:37:root:50
co-12_37-02017	12:37	w-s012-a037-w021	w-s012-a037-w019	ء م ن	ق و م	2	1	1	1	102	145	intra_ayah:12:37:root:51
co-12_37-02018	12:37	w-s012-a037-w021	w-s012-a037-w026	ء م ن	ك ف ر	5	3	3	1	126	190	intra_ayah:12:37:root:52
co-12_37-02019	12:37	w-s012-a037-w021	w-s012-a037-w018	ء م ن	م ل ل	3	2	2	1	3	5	intra_ayah:12:37:root:53
co-12_37-02020	12:37	w-s012-a037-w021	w-s012-a037-w007	ء م ن	ن ب ء	14	9	9	1	34	50	intra_ayah:12:37:root:54
co-12_37-02021	12:37	w-s012-a037-w008	w-s012-a037-w017	ء و ل	ت ر ك	9	5	5	1	3	4	intra_ayah:12:37:root:55
co-12_37-02022	12:37	w-s012-a037-w008	w-s012-a037-w015	ء و ل	ر ب ب	7	4	4	1	27	43	intra_ayah:12:37:root:56
co-12_37-02023	12:37	w-s012-a037-w008	w-s012-a037-w005	ء و ل	ر ز ق	3	2	2	1	3	4	intra_ayah:12:37:root:57
co-12_37-02024	12:37	w-s012-a037-w008	w-s012-a037-w004	ء و ل	ط ع م	4	3	3	1	2	3	intra_ayah:12:37:root:58
co-12_37-02025	12:37	w-s012-a037-w008	w-s012-a037-w014	ء و ل	ع ل م	6	3	3	1	22	34	intra_ayah:12:37:root:59
co-12_37-02026	12:37	w-s012-a037-w003	w-s012-a037-w015	ء ت ي	ر ب ب	12	2	8	2	78	111	intra_ayah:12:37:root:6
co-12_37-02027	12:37	w-s012-a037-w011	w-s012-a037-w015	ء ت ي	ر ب ب	4	2	8	2	78	111	intra_ayah:12:37:root:6
co-12_37-02028	12:37	w-s012-a037-w008	w-s012-a037-w009	ء و ل	ق ب ل	1	1	1	1	18	21	intra_ayah:12:37:root:60
co-12_37-02029	12:37	w-s012-a037-w008	w-s012-a037-w001	ء و ل	ق و ل	7	5	5	1	51	72	intra_ayah:12:37:root:61
co-12_37-02030	12:37	w-s012-a037-w008	w-s012-a037-w019	ء و ل	ق و م	11	7	7	1	15	17	intra_ayah:12:37:root:62
co-12_37-02031	12:37	w-s012-a037-w008	w-s012-a037-w026	ء و ل	ك ف ر	18	11	11	1	8	9	intra_ayah:12:37:root:63
co-12_37-02032	12:37	w-s012-a037-w008	w-s012-a037-w018	ء و ل	م ل ل	10	6	6	1	1	1	intra_ayah:12:37:root:64
co-12_37-02033	12:37	w-s012-a037-w008	w-s012-a037-w007	ء و ل	ن ب ء	1	1	1	1	8	9	intra_ayah:12:37:root:65
co-12_37-02034	12:37	w-s012-a037-w017	w-s012-a037-w015	ت ر ك	ر ب ب	2	1	1	1	2	2	intra_ayah:12:37:root:66
co-12_37-02035	12:37	w-s012-a037-w017	w-s012-a037-w005	ت ر ك	ر ز ق	12	7	7	1	2	2	intra_ayah:12:37:root:67
co-12_37-02036	12:37	w-s012-a037-w017	w-s012-a037-w004	ت ر ك	ط ع م	13	8	8	1	1	1	intra_ayah:12:37:root:68
co-12_37-02037	12:37	w-s012-a037-w017	w-s012-a037-w014	ت ر ك	ع ل م	3	2	2	1	5	10	intra_ayah:12:37:root:69
co-12_37-02038	12:37	w-s012-a037-w003	w-s012-a037-w005	ء ت ي	ر ز ق	2	2	4	2	13	17	intra_ayah:12:37:root:7
co-12_37-02039	12:37	w-s012-a037-w011	w-s012-a037-w005	ء ت ي	ر ز ق	6	2	4	2	13	17	intra_ayah:12:37:root:7
co-12_37-02040	12:37	w-s012-a037-w017	w-s012-a037-w009	ت ر ك	ق ب ل	8	4	4	1	1	1	intra_ayah:12:37:root:70
co-12_37-02041	12:37	w-s012-a037-w017	w-s012-a037-w001	ت ر ك	ق و ل	16	10	10	1	12	15	intra_ayah:12:37:root:71
co-12_37-02042	12:37	w-s012-a037-w017	w-s012-a037-w019	ت ر ك	ق و م	2	2	2	1	6	6	intra_ayah:12:37:root:72
co-12_37-02043	12:37	w-s012-a037-w017	w-s012-a037-w026	ت ر ك	ك ف ر	9	6	6	1	2	2	intra_ayah:12:37:root:73
co-12_37-02044	12:37	w-s012-a037-w017	w-s012-a037-w018	ت ر ك	م ل ل	1	1	1	1	1	1	intra_ayah:12:37:root:74
co-12_37-02045	12:37	w-s012-a037-w017	w-s012-a037-w007	ت ر ك	ن ب ء	10	6	6	1	2	2	intra_ayah:12:37:root:75
co-12_37-02046	12:37	w-s012-a037-w015	w-s012-a037-w005	ر ب ب	ر ز ق	10	6	6	1	23	30	intra_ayah:12:37:root:76
co-12_37-02047	12:37	w-s012-a037-w015	w-s012-a037-w004	ر ب ب	ط ع م	11	7	7	1	6	7	intra_ayah:12:37:root:77
co-12_37-02048	12:37	w-s012-a037-w015	w-s012-a037-w014	ر ب ب	ع ل م	1	1	1	1	129	173	intra_ayah:12:37:root:78
co-12_37-02049	12:37	w-s012-a037-w015	w-s012-a037-w009	ر ب ب	ق ب ل	6	3	3	1	44	61	intra_ayah:12:37:root:79
co-12_37-02050	12:37	w-s012-a037-w003	w-s012-a037-w004	ء ت ي	ط ع م	1	1	5	2	5	11	intra_ayah:12:37:root:8
co-12_37-02051	12:37	w-s012-a037-w011	w-s012-a037-w004	ء ت ي	ط ع م	7	1	5	2	5	11	intra_ayah:12:37:root:8
co-12_37-02052	12:37	w-s012-a037-w015	w-s012-a037-w001	ر ب ب	ق و ل	14	9	9	1	329	501	intra_ayah:12:37:root:80
co-12_37-02053	12:37	w-s012-a037-w015	w-s012-a037-w019	ر ب ب	ق و م	4	3	3	1	112	150	intra_ayah:12:37:root:81
co-12_37-02054	12:37	w-s012-a037-w015	w-s012-a037-w026	ر ب ب	ك ف ر	11	7	7	1	70	96	intra_ayah:12:37:root:82
co-12_37-02055	12:37	w-s012-a037-w015	w-s012-a037-w018	ر ب ب	م ل ل	3	2	2	1	5	9	intra_ayah:12:37:root:83
co-12_37-02056	12:37	w-s012-a037-w015	w-s012-a037-w007	ر ب ب	ن ب ء	8	5	5	1	24	27	intra_ayah:12:37:root:84
co-12_37-02057	12:37	w-s012-a037-w005	w-s012-a037-w004	ر ز ق	ط ع م	1	1	1	1	5	6	intra_ayah:12:37:root:85
co-12_37-02058	12:37	w-s012-a037-w005	w-s012-a037-w014	ر ز ق	ع ل م	9	5	5	1	23	25	intra_ayah:12:37:root:86
co-12_37-02059	12:37	w-s012-a037-w005	w-s012-a037-w009	ر ز ق	ق ب ل	4	3	3	1	6	11	intra_ayah:12:37:root:87
co-12_37-02060	12:37	w-s012-a037-w005	w-s012-a037-w001	ر ز ق	ق و ل	4	3	3	1	27	47	intra_ayah:12:37:root:88
co-12_37-02061	12:37	w-s012-a037-w005	w-s012-a037-w019	ر ز ق	ق و م	14	9	9	1	22	24	intra_ayah:12:37:root:89
co-12_37-02062	12:37	w-s012-a037-w003	w-s012-a037-w014	ء ت ي	ع ل م	11	1	7	2	86	118	intra_ayah:12:37:root:9
co-12_37-02063	12:37	w-s012-a037-w011	w-s012-a037-w014	ء ت ي	ع ل م	3	1	7	2	86	118	intra_ayah:12:37:root:9
co-12_37-02064	12:37	w-s012-a037-w005	w-s012-a037-w026	ر ز ق	ك ف ر	21	13	13	1	9	9	intra_ayah:12:37:root:90
co-12_37-02065	12:37	w-s012-a037-w005	w-s012-a037-w018	ر ز ق	م ل ل	13	8	8	1	1	1	intra_ayah:12:37:root:91
co-12_37-02066	12:37	w-s012-a037-w005	w-s012-a037-w007	ر ز ق	ن ب ء	2	1	1	1	2	2	intra_ayah:12:37:root:92
co-12_37-02067	12:37	w-s012-a037-w004	w-s012-a037-w014	ط ع م	ع ل م	10	6	6	1	5	5	intra_ayah:12:37:root:93
co-12_37-02068	12:37	w-s012-a037-w004	w-s012-a037-w009	ط ع م	ق ب ل	5	4	4	1	6	7	intra_ayah:12:37:root:94
co-12_37-02069	12:37	w-s012-a037-w004	w-s012-a037-w001	ط ع م	ق و ل	3	2	2	1	12	29	intra_ayah:12:37:root:95
co-12_37-02070	12:37	w-s012-a037-w004	w-s012-a037-w019	ط ع م	ق و م	15	10	10	1	2	2	intra_ayah:12:37:root:96
co-12_37-02071	12:37	w-s012-a037-w004	w-s012-a037-w026	ط ع م	ك ف ر	22	14	14	1	7	12	intra_ayah:12:37:root:97
co-12_37-02072	12:37	w-s012-a037-w004	w-s012-a037-w018	ط ع م	م ل ل	14	9	9	1	1	1	intra_ayah:12:37:root:98
co-12_37-02073	12:37	w-s012-a037-w004	w-s012-a037-w007	ط ع م	ن ب ء	3	2	2	1	3	6	intra_ayah:12:37:root:99
co-12_38-02074	12:38	w-s012-a038-w003	w-s012-a038-w012	ء ب و	ء ل ه	9	3	6	2	34	71	intra_ayah:12:38:root:1
co-12_38-02075	12:38	w-s012-a038-w003	w-s012-a038-w018	ء ب و	ء ل ه	15	3	6	2	34	71	intra_ayah:12:38:root:1
co-12_38-02076	12:38	w-s012-a038-w003	w-s012-a038-w021	ء ب و	ن و س	18	7	9	2	7	8	intra_ayah:12:38:root:10
co-12_38-02077	12:38	w-s012-a038-w003	w-s012-a038-w024	ء ب و	ن و س	21	7	9	2	7	8	intra_ayah:12:38:root:10
co-12_38-02078	12:38	w-s012-a038-w012	w-s012-a038-w001	ء ل ه	ت ب ع	11	5	8	2	65	116	intra_ayah:12:38:root:11
co-12_38-02079	12:38	w-s012-a038-w018	w-s012-a038-w001	ء ل ه	ت ب ع	17	5	8	2	65	116	intra_ayah:12:38:root:11
co-12_38-02080	12:38	w-s012-a038-w012	w-s012-a038-w011	ء ل ه	ش ر ك	1	1	4	2	85	166	intra_ayah:12:38:root:12
co-12_38-02081	12:38	w-s012-a038-w018	w-s012-a038-w011	ء ل ه	ش ر ك	7	1	4	2	85	166	intra_ayah:12:38:root:12
co-12_38-02082	12:38	w-s012-a038-w012	w-s012-a038-w026	ء ل ه	ش ك ر	14	4	7	2	30	54	intra_ayah:12:38:root:13
co-12_38-02083	12:38	w-s012-a038-w018	w-s012-a038-w026	ء ل ه	ش ك ر	8	4	7	2	30	54	intra_ayah:12:38:root:13
co-12_38-02084	12:38	w-s012-a038-w012	w-s012-a038-w014	ء ل ه	ش ي ء	2	1	2	2	282	596	intra_ayah:12:38:root:14
co-12_38-02085	12:38	w-s012-a038-w018	w-s012-a038-w014	ء ل ه	ش ي ء	4	1	2	2	282	596	intra_ayah:12:38:root:14
co-12_38-02086	12:38	w-s012-a038-w012	w-s012-a038-w017	ء ل ه	ف ض ل	5	1	2	2	62	159	intra_ayah:12:38:root:15
co-12_38-02087	12:38	w-s012-a038-w018	w-s012-a038-w017	ء ل ه	ف ض ل	1	1	2	2	62	159	intra_ayah:12:38:root:15
co-12_38-02088	12:38	w-s012-a038-w012	w-s012-a038-w023	ء ل ه	ك ث ر	11	2	5	2	83	142	intra_ayah:12:38:root:16
co-12_38-02089	12:38	w-s012-a038-w018	w-s012-a038-w023	ء ل ه	ك ث ر	5	2	5	2	83	142	intra_ayah:12:38:root:16
co-12_38-02090	12:38	w-s012-a038-w012	w-s012-a038-w008	ء ل ه	ك و ن	4	2	5	2	441	974	intra_ayah:12:38:root:17
co-12_38-02091	12:38	w-s012-a038-w018	w-s012-a038-w008	ء ل ه	ك و ن	10	2	5	2	441	974	intra_ayah:12:38:root:17
co-12_38-02092	12:38	w-s012-a038-w012	w-s012-a038-w002	ء ل ه	م ل ل	10	4	7	2	8	32	intra_ayah:12:38:root:18
co-12_38-02093	12:38	w-s012-a038-w018	w-s012-a038-w002	ء ل ه	م ل ل	16	4	7	2	8	32	intra_ayah:12:38:root:18
co-12_38-02094	12:38	w-s012-a038-w012	w-s012-a038-w021	ء ل ه	ن و س	9	1	6	4	129	252	intra_ayah:12:38:root:19
co-12_38-02095	12:38	w-s012-a038-w012	w-s012-a038-w024	ء ل ه	ن و س	12	1	6	4	129	252	intra_ayah:12:38:root:19
co-12_38-02096	12:38	w-s012-a038-w018	w-s012-a038-w021	ء ل ه	ن و س	3	1	6	4	129	252	intra_ayah:12:38:root:19
co-12_38-02097	12:38	w-s012-a038-w018	w-s012-a038-w024	ء ل ه	ن و س	6	1	6	4	129	252	intra_ayah:12:38:root:19
co-12_38-02098	12:38	w-s012-a038-w003	w-s012-a038-w001	ء ب و	ت ب ع	2	2	2	1	7	12	intra_ayah:12:38:root:2
co-12_38-02099	12:38	w-s012-a038-w001	w-s012-a038-w011	ت ب ع	ش ر ك	10	4	4	1	9	11	intra_ayah:12:38:root:20
co-12_38-02100	12:38	w-s012-a038-w001	w-s012-a038-w026	ت ب ع	ش ك ر	25	12	12	1	1	1	intra_ayah:12:38:root:21
co-12_38-02101	12:38	w-s012-a038-w001	w-s012-a038-w014	ت ب ع	ش ي ء	13	6	6	1	16	19	intra_ayah:12:38:root:22
co-12_38-02102	12:38	w-s012-a038-w001	w-s012-a038-w017	ت ب ع	ف ض ل	16	7	7	1	6	8	intra_ayah:12:38:root:23
co-12_38-02103	12:38	w-s012-a038-w001	w-s012-a038-w023	ت ب ع	ك ث ر	22	10	10	1	8	8	intra_ayah:12:38:root:24
co-12_38-02104	12:38	w-s012-a038-w001	w-s012-a038-w008	ت ب ع	ك و ن	7	3	3	1	30	44	intra_ayah:12:38:root:25
co-12_38-02105	12:38	w-s012-a038-w001	w-s012-a038-w002	ت ب ع	م ل ل	1	1	1	1	5	6	intra_ayah:12:38:root:26
co-12_38-02106	12:38	w-s012-a038-w001	w-s012-a038-w021	ت ب ع	ن و س	20	9	11	2	12	15	intra_ayah:12:38:root:27
co-12_38-02107	12:38	w-s012-a038-w001	w-s012-a038-w024	ت ب ع	ن و س	23	9	11	2	12	15	intra_ayah:12:38:root:27
co-12_38-02108	12:38	w-s012-a038-w011	w-s012-a038-w026	ش ر ك	ش ك ر	15	8	8	1	1	1	intra_ayah:12:38:root:28
co-12_38-02109	12:38	w-s012-a038-w011	w-s012-a038-w014	ش ر ك	ش ي ء	3	2	2	1	27	38	intra_ayah:12:38:root:29
co-12_38-02110	12:38	w-s012-a038-w003	w-s012-a038-w011	ء ب و	ش ر ك	8	2	2	1	4	5	intra_ayah:12:38:root:3
co-12_38-02111	12:38	w-s012-a038-w011	w-s012-a038-w017	ش ر ك	ف ض ل	6	3	3	1	3	3	intra_ayah:12:38:root:30
co-12_38-02112	12:38	w-s012-a038-w011	w-s012-a038-w023	ش ر ك	ك ث ر	12	6	6	1	7	8	intra_ayah:12:38:root:31
co-12_38-02113	12:38	w-s012-a038-w011	w-s012-a038-w008	ش ر ك	ك و ن	3	1	1	1	50	85	intra_ayah:12:38:root:32
co-12_38-02114	12:38	w-s012-a038-w011	w-s012-a038-w002	ش ر ك	م ل ل	9	3	3	1	5	5	intra_ayah:12:38:root:33
co-12_38-02115	12:38	w-s012-a038-w011	w-s012-a038-w021	ش ر ك	ن و س	10	5	7	2	6	10	intra_ayah:12:38:root:34
co-12_38-02116	12:38	w-s012-a038-w011	w-s012-a038-w024	ش ر ك	ن و س	13	5	7	2	6	10	intra_ayah:12:38:root:34
co-12_38-02117	12:38	w-s012-a038-w026	w-s012-a038-w014	ش ك ر	ش ي ء	12	6	6	1	6	7	intra_ayah:12:38:root:35
co-12_38-02118	12:38	w-s012-a038-w026	w-s012-a038-w017	ش ك ر	ف ض ل	9	5	5	1	12	14	intra_ayah:12:38:root:36
co-12_38-02119	12:38	w-s012-a038-w026	w-s012-a038-w023	ش ك ر	ك ث ر	3	2	2	1	6	6	intra_ayah:12:38:root:37
co-12_38-02120	12:38	w-s012-a038-w026	w-s012-a038-w008	ش ك ر	ك و ن	18	9	9	1	17	22	intra_ayah:12:38:root:38
co-12_38-02121	12:38	w-s012-a038-w026	w-s012-a038-w002	ش ك ر	م ل ل	24	11	11	1	1	1	intra_ayah:12:38:root:39
co-12_38-02122	12:38	w-s012-a038-w003	w-s012-a038-w026	ء ب و	ش ك ر	23	10	10	1	1	1	intra_ayah:12:38:root:4
co-12_38-02123	12:38	w-s012-a038-w026	w-s012-a038-w021	ش ك ر	ن و س	5	1	3	2	9	12	intra_ayah:12:38:root:40
co-12_38-02124	12:38	w-s012-a038-w026	w-s012-a038-w024	ش ك ر	ن و س	2	1	3	2	9	12	intra_ayah:12:38:root:40
co-12_38-02125	12:38	w-s012-a038-w014	w-s012-a038-w017	ش ي ء	ف ض ل	3	1	1	1	21	31	intra_ayah:12:38:root:41
co-12_38-02126	12:38	w-s012-a038-w014	w-s012-a038-w023	ش ي ء	ك ث ر	9	4	4	1	21	24	intra_ayah:12:38:root:42
co-12_38-02127	12:38	w-s012-a038-w014	w-s012-a038-w008	ش ي ء	ك و ن	6	3	3	1	98	144	intra_ayah:12:38:root:43
co-12_38-02128	12:38	w-s012-a038-w014	w-s012-a038-w002	ش ي ء	م ل ل	12	5	5	1	3	9	intra_ayah:12:38:root:44
co-12_38-02129	12:38	w-s012-a038-w014	w-s012-a038-w021	ش ي ء	ن و س	7	3	5	2	27	32	intra_ayah:12:38:root:45
co-12_38-02130	12:38	w-s012-a038-w014	w-s012-a038-w024	ش ي ء	ن و س	10	3	5	2	27	32	intra_ayah:12:38:root:45
co-12_38-02131	12:38	w-s012-a038-w017	w-s012-a038-w023	ف ض ل	ك ث ر	6	3	3	1	8	9	intra_ayah:12:38:root:46
co-12_38-02132	12:38	w-s012-a038-w017	w-s012-a038-w008	ف ض ل	ك و ن	9	4	4	1	14	20	intra_ayah:12:38:root:47
co-12_38-02133	12:38	w-s012-a038-w017	w-s012-a038-w002	ف ض ل	م ل ل	15	6	6	1	1	1	intra_ayah:12:38:root:48
co-12_38-02134	12:38	w-s012-a038-w017	w-s012-a038-w021	ف ض ل	ن و س	4	2	4	2	9	12	intra_ayah:12:38:root:49
co-12_38-02135	12:38	w-s012-a038-w017	w-s012-a038-w024	ف ض ل	ن و س	7	2	4	2	9	12	intra_ayah:12:38:root:49
co-12_38-02136	12:38	w-s012-a038-w003	w-s012-a038-w014	ء ب و	ش ي ء	11	4	4	1	16	23	intra_ayah:12:38:root:5
co-12_38-02137	12:38	w-s012-a038-w023	w-s012-a038-w008	ك ث ر	ك و ن	15	7	7	1	44	62	intra_ayah:12:38:root:50
co-12_38-02138	12:38	w-s012-a038-w023	w-s012-a038-w002	ك ث ر	م ل ل	21	9	9	1	1	1	intra_ayah:12:38:root:51
co-12_38-02139	12:38	w-s012-a038-w023	w-s012-a038-w021	ك ث ر	ن و س	2	1	1	2	37	46	intra_ayah:12:38:root:52
co-12_38-02140	12:38	w-s012-a038-w023	w-s012-a038-w024	ك ث ر	ن و س	1	1	1	2	37	46	intra_ayah:12:38:root:52
co-12_38-02141	12:38	w-s012-a038-w008	w-s012-a038-w002	ك و ن	م ل ل	6	2	2	1	9	19	intra_ayah:12:38:root:53
co-12_38-02142	12:38	w-s012-a038-w008	w-s012-a038-w021	ك و ن	ن و س	13	6	8	2	52	81	intra_ayah:12:38:root:54
co-12_38-02143	12:38	w-s012-a038-w008	w-s012-a038-w024	ك و ن	ن و س	16	6	8	2	52	81	intra_ayah:12:38:root:54
co-12_38-02144	12:38	w-s012-a038-w002	w-s012-a038-w021	م ل ل	ن و س	19	8	10	2	2	3	intra_ayah:12:38:root:55
co-12_38-02145	12:38	w-s012-a038-w002	w-s012-a038-w024	م ل ل	ن و س	22	8	10	2	2	3	intra_ayah:12:38:root:55
co-12_38-02146	12:38	w-s012-a038-w003	w-s012-a038-w017	ء ب و	ف ض ل	14	5	5	1	2	2	intra_ayah:12:38:root:6
co-12_38-02147	12:38	w-s012-a038-w003	w-s012-a038-w023	ء ب و	ك ث ر	20	8	8	1	4	4	intra_ayah:12:38:root:7
co-12_38-02148	12:38	w-s012-a038-w003	w-s012-a038-w008	ء ب و	ك و ن	5	1	1	1	40	69	intra_ayah:12:38:root:8
co-12_38-02149	12:38	w-s012-a038-w003	w-s012-a038-w002	ء ب و	م ل ل	1	1	1	1	2	2	intra_ayah:12:38:root:9
co-12_39-02150	12:39	w-s012-a039-w007	w-s012-a039-w005	ء ل ه	خ ي ر	2	1	1	1	99	182	intra_ayah:12:39:root:1
co-12_39-02151	12:39	w-s012-a039-w005	w-s012-a039-w001	خ ي ر	ص ح ب	4	4	4	1	2	2	intra_ayah:12:39:root:10
co-12_39-02152	12:39	w-s012-a039-w005	w-s012-a039-w004	خ ي ر	ف ر ق	1	1	1	1	4	4	intra_ayah:12:39:root:11
co-12_39-02153	12:39	w-s012-a039-w005	w-s012-a039-w009	خ ي ر	ق ه ر	4	3	3	1	1	1	intra_ayah:12:39:root:12
co-12_39-02154	12:39	w-s012-a039-w005	w-s012-a039-w008	خ ي ر	و ح د	3	2	2	1	4	4	intra_ayah:12:39:root:13
co-12_39-02155	12:39	w-s012-a039-w003	w-s012-a039-w002	ر ب ب	س ج ن	1	1	1	1	5	7	intra_ayah:12:39:root:14
co-12_39-02156	12:39	w-s012-a039-w003	w-s012-a039-w001	ر ب ب	ص ح ب	2	2	2	1	15	18	intra_ayah:12:39:root:15
co-12_39-02157	12:39	w-s012-a039-w003	w-s012-a039-w004	ر ب ب	ف ر ق	1	1	1	1	11	13	intra_ayah:12:39:root:16
co-12_39-02158	12:39	w-s012-a039-w003	w-s012-a039-w009	ر ب ب	ق ه ر	6	5	5	1	2	2	intra_ayah:12:39:root:17
co-12_39-02159	12:39	w-s012-a039-w003	w-s012-a039-w008	ر ب ب	و ح د	5	4	4	1	14	15	intra_ayah:12:39:root:18
co-12_39-02160	12:39	w-s012-a039-w002	w-s012-a039-w001	س ج ن	ص ح ب	1	1	1	1	2	2	intra_ayah:12:39:root:19
co-12_39-02161	12:39	w-s012-a039-w007	w-s012-a039-w003	ء ل ه	ر ب ب	4	3	3	1	204	368	intra_ayah:12:39:root:2
co-12_39-02162	12:39	w-s012-a039-w002	w-s012-a039-w004	س ج ن	ف ر ق	2	2	2	1	1	1	intra_ayah:12:39:root:20
co-12_39-02163	12:39	w-s012-a039-w002	w-s012-a039-w009	س ج ن	ق ه ر	7	6	6	1	1	1	intra_ayah:12:39:root:21
co-12_39-02164	12:39	w-s012-a039-w002	w-s012-a039-w008	س ج ن	و ح د	6	5	5	1	1	1	intra_ayah:12:39:root:22
co-12_39-02165	12:39	w-s012-a039-w001	w-s012-a039-w004	ص ح ب	ف ر ق	3	3	3	1	1	1	intra_ayah:12:39:root:23
co-12_39-02166	12:39	w-s012-a039-w001	w-s012-a039-w009	ص ح ب	ق ه ر	8	7	7	1	1	1	intra_ayah:12:39:root:24
co-12_39-02167	12:39	w-s012-a039-w001	w-s012-a039-w008	ص ح ب	و ح د	7	6	6	1	2	2	intra_ayah:12:39:root:25
co-12_39-02168	12:39	w-s012-a039-w004	w-s012-a039-w009	ف ر ق	ق ه ر	5	4	4	1	1	1	intra_ayah:12:39:root:26
co-12_39-02169	12:39	w-s012-a039-w004	w-s012-a039-w008	ف ر ق	و ح د	4	3	3	1	2	2	intra_ayah:12:39:root:27
co-12_39-02170	12:39	w-s012-a039-w009	w-s012-a039-w008	ق ه ر	و ح د	1	1	1	1	6	6	intra_ayah:12:39:root:28
co-12_39-02171	12:39	w-s012-a039-w007	w-s012-a039-w002	ء ل ه	س ج ن	5	4	4	1	2	2	intra_ayah:12:39:root:3
co-12_39-02172	12:39	w-s012-a039-w007	w-s012-a039-w001	ء ل ه	ص ح ب	6	5	5	1	21	35	intra_ayah:12:39:root:4
co-12_39-02173	12:39	w-s012-a039-w007	w-s012-a039-w004	ء ل ه	ف ر ق	3	2	2	1	31	49	intra_ayah:12:39:root:5
co-12_39-02174	12:39	w-s012-a039-w007	w-s012-a039-w009	ء ل ه	ق ه ر	2	2	2	1	7	12	intra_ayah:12:39:root:6
co-12_39-02175	12:39	w-s012-a039-w007	w-s012-a039-w008	ء ل ه	و ح د	1	1	1	1	43	92	intra_ayah:12:39:root:7
co-12_39-02176	12:39	w-s012-a039-w005	w-s012-a039-w003	خ ي ر	ر ب ب	2	2	2	1	38	52	intra_ayah:12:39:root:8
co-12_39-02177	12:39	w-s012-a039-w005	w-s012-a039-w002	خ ي ر	س ج ن	3	3	3	1	1	1	intra_ayah:12:39:root:9
co-12_40-02178	12:40	w-s012-a040-w009	w-s012-a040-w012	ء ب و	ء ل ه	3	2	5	2	34	71	intra_ayah:12:40:root:1
co-12_40-02179	12:40	w-s012-a040-w009	w-s012-a040-w019	ء ب و	ء ل ه	10	2	5	2	34	71	intra_ayah:12:40:root:1
co-12_40-02180	12:40	w-s012-a040-w009	w-s012-a040-w027	ء ب و	ق و م	18	9	9	1	16	16	intra_ayah:12:40:root:10
co-12_40-02181	12:40	w-s012-a040-w009	w-s012-a040-w029	ء ب و	ك ث ر	20	10	10	1	4	4	intra_ayah:12:40:root:11
co-12_40-02182	12:40	w-s012-a040-w009	w-s012-a040-w011	ء ب و	ن ز ل	2	1	1	1	9	12	intra_ayah:12:40:root:12
co-12_40-02183	12:40	w-s012-a040-w009	w-s012-a040-w030	ء ب و	ن و س	21	11	11	1	7	8	intra_ayah:12:40:root:13
co-12_40-02184	12:40	w-s012-a040-w012	w-s012-a040-w020	ء ل ه	ء م ر	8	1	4	2	112	224	intra_ayah:12:40:root:14
co-12_40-02185	12:40	w-s012-a040-w019	w-s012-a040-w020	ء ل ه	ء م ر	1	1	4	2	112	224	intra_ayah:12:40:root:14
co-12_40-02186	12:40	w-s012-a040-w012	w-s012-a040-w017	ء ل ه	ح ك م	5	1	2	2	127	252	intra_ayah:12:40:root:15
co-12_40-02187	12:40	w-s012-a040-w019	w-s012-a040-w017	ء ل ه	ح ك م	2	1	2	2	127	252	intra_ayah:12:40:root:15
co-12_40-02188	12:40	w-s012-a040-w012	w-s012-a040-w004	ء ل ه	د و ن	8	5	8	2	109	173	intra_ayah:12:40:root:16
co-12_40-02189	12:40	w-s012-a040-w019	w-s012-a040-w004	ء ل ه	د و ن	15	5	8	2	109	173	intra_ayah:12:40:root:16
co-12_40-02190	12:40	w-s012-a040-w012	w-s012-a040-w026	ء ل ه	د ي ن	14	3	6	2	53	122	intra_ayah:12:40:root:17
co-12_40-02191	12:40	w-s012-a040-w019	w-s012-a040-w026	ء ل ه	د ي ن	7	3	6	2	53	122	intra_ayah:12:40:root:17
co-12_40-02192	12:40	w-s012-a040-w012	w-s012-a040-w015	ء ل ه	س ل ط	3	1	2	2	20	32	intra_ayah:12:40:root:18
co-12_40-02193	12:40	w-s012-a040-w019	w-s012-a040-w015	ء ل ه	س ل ط	4	1	2	2	20	32	intra_ayah:12:40:root:18
co-12_40-02194	12:40	w-s012-a040-w012	w-s012-a040-w006	ء ل ه	س م و	6	3	7	4	185	319	intra_ayah:12:40:root:19
co-12_40-02195	12:40	w-s012-a040-w012	w-s012-a040-w007	ء ل ه	س م و	5	3	7	4	185	319	intra_ayah:12:40:root:19
co-12_40-02196	12:40	w-s012-a040-w019	w-s012-a040-w006	ء ل ه	س م و	13	3	7	4	185	319	intra_ayah:12:40:root:19
co-12_40-02197	12:40	w-s012-a040-w019	w-s012-a040-w007	ء ل ه	س م و	12	3	7	4	185	319	intra_ayah:12:40:root:19
co-12_40-02198	12:40	w-s012-a040-w009	w-s012-a040-w020	ء ب و	ء م ر	11	6	6	1	7	8	intra_ayah:12:40:root:2
co-12_40-02199	12:40	w-s012-a040-w012	w-s012-a040-w002	ء ل ه	ع ب د	10	2	9	4	134	221	intra_ayah:12:40:root:20
co-12_40-02200	12:40	w-s012-a040-w012	w-s012-a040-w022	ء ل ه	ع ب د	10	2	9	4	134	221	intra_ayah:12:40:root:20
co-12_40-02201	12:40	w-s012-a040-w019	w-s012-a040-w002	ء ل ه	ع ب د	17	2	9	4	134	221	intra_ayah:12:40:root:20
co-12_40-02202	12:40	w-s012-a040-w019	w-s012-a040-w022	ء ل ه	ع ب د	3	2	9	4	134	221	intra_ayah:12:40:root:20
co-12_40-02203	12:40	w-s012-a040-w012	w-s012-a040-w032	ء ل ه	ع ل م	20	7	10	2	408	878	intra_ayah:12:40:root:21
co-12_40-02204	12:40	w-s012-a040-w019	w-s012-a040-w032	ء ل ه	ع ل م	13	7	10	2	408	878	intra_ayah:12:40:root:21
co-12_40-02205	12:40	w-s012-a040-w012	w-s012-a040-w027	ء ل ه	ق و م	15	4	7	2	242	460	intra_ayah:12:40:root:22
co-12_40-02206	12:40	w-s012-a040-w019	w-s012-a040-w027	ء ل ه	ق و م	8	4	7	2	242	460	intra_ayah:12:40:root:22
co-12_40-02207	12:40	w-s012-a040-w012	w-s012-a040-w029	ء ل ه	ك ث ر	17	5	8	2	83	142	intra_ayah:12:40:root:23
co-12_40-02208	12:40	w-s012-a040-w019	w-s012-a040-w029	ء ل ه	ك ث ر	10	5	8	2	83	142	intra_ayah:12:40:root:23
co-12_40-02209	12:40	w-s012-a040-w012	w-s012-a040-w011	ء ل ه	ن ز ل	1	1	4	2	126	236	intra_ayah:12:40:root:24
co-12_40-02210	12:40	w-s012-a040-w019	w-s012-a040-w011	ء ل ه	ن ز ل	8	1	4	2	126	236	intra_ayah:12:40:root:24
co-12_40-02211	12:40	w-s012-a040-w012	w-s012-a040-w030	ء ل ه	ن و س	18	6	9	2	129	252	intra_ayah:12:40:root:25
co-12_40-02212	12:40	w-s012-a040-w019	w-s012-a040-w030	ء ل ه	ن و س	11	6	9	2	129	252	intra_ayah:12:40:root:25
co-12_40-02213	12:40	w-s012-a040-w020	w-s012-a040-w017	ء م ر	ح ك م	3	2	2	1	8	9	intra_ayah:12:40:root:26
co-12_40-02214	12:40	w-s012-a040-w020	w-s012-a040-w004	ء م ر	د و ن	16	9	9	1	9	10	intra_ayah:12:40:root:27
co-12_40-02215	12:40	w-s012-a040-w020	w-s012-a040-w026	ء م ر	د ي ن	6	2	2	1	6	7	intra_ayah:12:40:root:28
co-12_40-02216	12:40	w-s012-a040-w020	w-s012-a040-w015	ء م ر	س ل ط	5	3	3	1	2	2	intra_ayah:12:40:root:29
co-12_40-02217	12:40	w-s012-a040-w009	w-s012-a040-w017	ء ب و	ح ك م	8	4	4	1	6	12	intra_ayah:12:40:root:3
co-12_40-02218	12:40	w-s012-a040-w020	w-s012-a040-w006	ء م ر	س م و	14	7	8	2	20	26	intra_ayah:12:40:root:30
co-12_40-02219	12:40	w-s012-a040-w020	w-s012-a040-w007	ء م ر	س م و	13	7	8	2	20	26	intra_ayah:12:40:root:30
co-12_40-02220	12:40	w-s012-a040-w020	w-s012-a040-w002	ء م ر	ع ب د	18	1	10	2	20	24	intra_ayah:12:40:root:31
co-12_40-02221	12:40	w-s012-a040-w020	w-s012-a040-w022	ء م ر	ع ب د	2	1	10	2	20	24	intra_ayah:12:40:root:31
co-12_40-02222	12:40	w-s012-a040-w020	w-s012-a040-w032	ء م ر	ع ل م	12	6	6	1	28	40	intra_ayah:12:40:root:32
co-12_40-02223	12:40	w-s012-a040-w020	w-s012-a040-w027	ء م ر	ق و م	7	3	3	1	29	42	intra_ayah:12:40:root:33
co-12_40-02224	12:40	w-s012-a040-w020	w-s012-a040-w029	ء م ر	ك ث ر	9	4	4	1	9	9	intra_ayah:12:40:root:34
co-12_40-02225	12:40	w-s012-a040-w020	w-s012-a040-w011	ء م ر	ن ز ل	9	5	5	1	16	21	intra_ayah:12:40:root:35
co-12_40-02226	12:40	w-s012-a040-w020	w-s012-a040-w030	ء م ر	ن و س	10	5	5	1	17	18	intra_ayah:12:40:root:36
co-12_40-02227	12:40	w-s012-a040-w017	w-s012-a040-w004	ح ك م	د و ن	13	7	7	1	5	5	intra_ayah:12:40:root:37
co-12_40-02228	12:40	w-s012-a040-w017	w-s012-a040-w026	ح ك م	د ي ن	9	4	4	1	4	4	intra_ayah:12:40:root:38
co-12_40-02229	12:40	w-s012-a040-w017	w-s012-a040-w015	ح ك م	س ل ط	2	1	1	1	1	1	intra_ayah:12:40:root:39
co-12_40-02230	12:40	w-s012-a040-w009	w-s012-a040-w004	ء ب و	د و ن	5	3	3	1	5	6	intra_ayah:12:40:root:4
co-12_40-02231	12:40	w-s012-a040-w017	w-s012-a040-w006	ح ك م	س م و	11	5	6	2	16	18	intra_ayah:12:40:root:40
co-12_40-02232	12:40	w-s012-a040-w017	w-s012-a040-w007	ح ك م	س م و	10	5	6	2	16	18	intra_ayah:12:40:root:40
co-12_40-02233	12:40	w-s012-a040-w017	w-s012-a040-w002	ح ك م	ع ب د	15	3	8	2	7	8	intra_ayah:12:40:root:41
co-12_40-02234	12:40	w-s012-a040-w017	w-s012-a040-w022	ح ك م	ع ب د	5	3	8	2	7	8	intra_ayah:12:40:root:41
co-12_40-02235	12:40	w-s012-a040-w017	w-s012-a040-w032	ح ك م	ع ل م	15	8	8	1	71	94	intra_ayah:12:40:root:42
co-12_40-02236	12:40	w-s012-a040-w017	w-s012-a040-w027	ح ك م	ق و م	10	5	5	1	20	23	intra_ayah:12:40:root:43
co-12_40-02237	12:40	w-s012-a040-w017	w-s012-a040-w029	ح ك م	ك ث ر	12	6	6	1	5	6	intra_ayah:12:40:root:44
co-12_40-02238	12:40	w-s012-a040-w017	w-s012-a040-w011	ح ك م	ن ز ل	6	3	3	1	22	33	intra_ayah:12:40:root:45
co-12_40-02239	12:40	w-s012-a040-w017	w-s012-a040-w030	ح ك م	ن و س	13	7	7	1	15	18	intra_ayah:12:40:root:46
co-12_40-02240	12:40	w-s012-a040-w004	w-s012-a040-w026	د و ن	د ي ن	22	11	11	1	4	4	intra_ayah:12:40:root:47
co-12_40-02241	12:40	w-s012-a040-w004	w-s012-a040-w015	د و ن	س ل ط	11	6	6	1	4	4	intra_ayah:12:40:root:48
co-12_40-02242	12:40	w-s012-a040-w004	w-s012-a040-w006	د و ن	س م و	2	1	2	2	16	17	intra_ayah:12:40:root:49
co-12_40-02243	12:40	w-s012-a040-w004	w-s012-a040-w007	د و ن	س م و	3	1	2	2	16	17	intra_ayah:12:40:root:49
co-12_40-02244	12:40	w-s012-a040-w009	w-s012-a040-w026	ء ب و	د ي ن	17	8	8	1	4	7	intra_ayah:12:40:root:5
co-12_40-02245	12:40	w-s012-a040-w004	w-s012-a040-w002	د و ن	ع ب د	2	1	10	2	29	39	intra_ayah:12:40:root:50
co-12_40-02246	12:40	w-s012-a040-w004	w-s012-a040-w022	د و ن	ع ب د	18	1	10	2	29	39	intra_ayah:12:40:root:50
co-12_40-02247	12:40	w-s012-a040-w004	w-s012-a040-w032	د و ن	ع ل م	28	15	15	1	22	27	intra_ayah:12:40:root:51
co-12_40-02248	12:40	w-s012-a040-w004	w-s012-a040-w027	د و ن	ق و م	23	12	12	1	16	17	intra_ayah:12:40:root:52
co-12_40-02249	12:40	w-s012-a040-w004	w-s012-a040-w029	د و ن	ك ث ر	25	13	13	1	4	4	intra_ayah:12:40:root:53
co-12_40-02250	12:40	w-s012-a040-w004	w-s012-a040-w011	د و ن	ن ز ل	7	4	4	1	5	5	intra_ayah:12:40:root:54
co-12_40-02251	12:40	w-s012-a040-w004	w-s012-a040-w030	د و ن	ن و س	26	14	14	1	9	9	intra_ayah:12:40:root:55
co-12_40-02252	12:40	w-s012-a040-w026	w-s012-a040-w015	د ي ن	س ل ط	11	5	5	1	1	1	intra_ayah:12:40:root:56
co-12_40-02253	12:40	w-s012-a040-w026	w-s012-a040-w006	د ي ن	س م و	20	9	10	2	8	10	intra_ayah:12:40:root:57
co-12_40-02254	12:40	w-s012-a040-w026	w-s012-a040-w007	د ي ن	س م و	19	9	10	2	8	10	intra_ayah:12:40:root:57
co-12_40-02255	12:40	w-s012-a040-w026	w-s012-a040-w002	د ي ن	ع ب د	24	1	12	2	8	12	intra_ayah:12:40:root:58
co-12_40-02256	12:40	w-s012-a040-w026	w-s012-a040-w022	د ي ن	ع ب د	4	1	12	2	8	12	intra_ayah:12:40:root:58
co-12_40-02257	12:40	w-s012-a040-w026	w-s012-a040-w032	د ي ن	ع ل م	6	4	4	1	16	27	intra_ayah:12:40:root:59
co-12_40-02258	12:40	w-s012-a040-w009	w-s012-a040-w015	ء ب و	س ل ط	6	3	3	1	4	4	intra_ayah:12:40:root:6
co-12_40-02259	12:40	w-s012-a040-w026	w-s012-a040-w027	د ي ن	ق و م	1	1	1	1	17	28	intra_ayah:12:40:root:60
co-12_40-02260	12:40	w-s012-a040-w026	w-s012-a040-w029	د ي ن	ك ث ر	3	2	2	1	5	8	intra_ayah:12:40:root:61
co-12_40-02261	12:40	w-s012-a040-w026	w-s012-a040-w011	د ي ن	ن ز ل	15	7	7	1	3	3	intra_ayah:12:40:root:62
co-12_40-02262	12:40	w-s012-a040-w026	w-s012-a040-w030	د ي ن	ن و س	4	3	3	1	5	8	intra_ayah:12:40:root:63
co-12_40-02263	12:40	w-s012-a040-w015	w-s012-a040-w006	س ل ط	س م و	9	4	5	2	7	11	intra_ayah:12:40:root:64
co-12_40-02264	12:40	w-s012-a040-w015	w-s012-a040-w007	س ل ط	س م و	8	4	5	2	7	11	intra_ayah:12:40:root:64
co-12_40-02265	12:40	w-s012-a040-w015	w-s012-a040-w002	س ل ط	ع ب د	13	4	7	2	6	7	intra_ayah:12:40:root:65
co-12_40-02266	12:40	w-s012-a040-w015	w-s012-a040-w022	س ل ط	ع ب د	7	4	7	2	6	7	intra_ayah:12:40:root:65
co-12_40-02267	12:40	w-s012-a040-w015	w-s012-a040-w032	س ل ط	ع ل م	17	9	9	1	6	6	intra_ayah:12:40:root:66
co-12_40-02268	12:40	w-s012-a040-w015	w-s012-a040-w027	س ل ط	ق و م	12	6	6	1	5	6	intra_ayah:12:40:root:67
co-12_40-02269	12:40	w-s012-a040-w015	w-s012-a040-w029	س ل ط	ك ث ر	14	7	7	1	1	1	intra_ayah:12:40:root:68
co-12_40-02270	12:40	w-s012-a040-w015	w-s012-a040-w011	س ل ط	ن ز ل	4	2	2	1	9	9	intra_ayah:12:40:root:69
co-12_40-02271	12:40	w-s012-a040-w009	w-s012-a040-w006	ء ب و	س م و	3	1	2	2	5	9	intra_ayah:12:40:root:7
co-12_40-02272	12:40	w-s012-a040-w009	w-s012-a040-w007	ء ب و	س م و	2	1	2	2	5	9	intra_ayah:12:40:root:7
co-12_40-02273	12:40	w-s012-a040-w015	w-s012-a040-w030	س ل ط	ن و س	15	8	8	1	1	1	intra_ayah:12:40:root:70
co-12_40-02274	12:40	w-s012-a040-w006	w-s012-a040-w002	س م و	ع ب د	4	2	9	4	13	21	intra_ayah:12:40:root:71
co-12_40-02275	12:40	w-s012-a040-w006	w-s012-a040-w022	س م و	ع ب د	16	2	9	4	13	21	intra_ayah:12:40:root:71
co-12_40-02276	12:40	w-s012-a040-w007	w-s012-a040-w002	س م و	ع ب د	5	2	9	4	13	21	intra_ayah:12:40:root:71
co-12_40-02277	12:40	w-s012-a040-w007	w-s012-a040-w022	س م و	ع ب د	15	2	9	4	13	21	intra_ayah:12:40:root:71
co-12_40-02278	12:40	w-s012-a040-w006	w-s012-a040-w032	س م و	ع ل م	26	13	14	2	72	111	intra_ayah:12:40:root:72
co-12_40-02279	12:40	w-s012-a040-w007	w-s012-a040-w032	س م و	ع ل م	25	13	14	2	72	111	intra_ayah:12:40:root:72
co-12_40-02280	12:40	w-s012-a040-w006	w-s012-a040-w027	س م و	ق و م	21	10	11	2	32	38	intra_ayah:12:40:root:73
co-12_40-02281	12:40	w-s012-a040-w007	w-s012-a040-w027	س م و	ق و م	20	10	11	2	32	38	intra_ayah:12:40:root:73
co-12_40-02282	12:40	w-s012-a040-w006	w-s012-a040-w029	س م و	ك ث ر	23	11	12	2	11	14	intra_ayah:12:40:root:74
co-12_40-02283	12:40	w-s012-a040-w007	w-s012-a040-w029	س م و	ك ث ر	22	11	12	2	11	14	intra_ayah:12:40:root:74
co-12_40-02284	12:40	w-s012-a040-w006	w-s012-a040-w011	س م و	ن ز ل	5	2	3	2	47	59	intra_ayah:12:40:root:75
co-12_40-02285	12:40	w-s012-a040-w007	w-s012-a040-w011	س م و	ن ز ل	4	2	3	2	47	59	intra_ayah:12:40:root:75
co-12_40-02286	12:40	w-s012-a040-w006	w-s012-a040-w030	س م و	ن و س	24	12	13	2	20	25	intra_ayah:12:40:root:76
co-12_40-02287	12:40	w-s012-a040-w007	w-s012-a040-w030	س م و	ن و س	23	12	13	2	20	25	intra_ayah:12:40:root:76
co-12_40-02288	12:40	w-s012-a040-w002	w-s012-a040-w032	ع ب د	ع ل م	30	5	16	2	22	27	intra_ayah:12:40:root:77
co-12_40-02289	12:40	w-s012-a040-w022	w-s012-a040-w032	ع ب د	ع ل م	10	5	16	2	22	27	intra_ayah:12:40:root:77
co-12_40-02290	12:40	w-s012-a040-w002	w-s012-a040-w027	ع ب د	ق و م	25	2	13	2	35	40	intra_ayah:12:40:root:78
co-12_40-02291	12:40	w-s012-a040-w022	w-s012-a040-w027	ع ب د	ق و م	5	2	13	2	35	40	intra_ayah:12:40:root:78
co-12_40-02292	12:40	w-s012-a040-w002	w-s012-a040-w029	ع ب د	ك ث ر	27	3	14	2	4	5	intra_ayah:12:40:root:79
co-12_40-02293	12:40	w-s012-a040-w022	w-s012-a040-w029	ع ب د	ك ث ر	7	3	14	2	4	5	intra_ayah:12:40:root:79
co-12_40-02294	12:40	w-s012-a040-w009	w-s012-a040-w002	ء ب و	ع ب د	7	4	7	2	16	23	intra_ayah:12:40:root:8
co-12_40-02295	12:40	w-s012-a040-w009	w-s012-a040-w022	ء ب و	ع ب د	13	4	7	2	16	23	intra_ayah:12:40:root:8
co-12_40-02296	12:40	w-s012-a040-w002	w-s012-a040-w011	ع ب د	ن ز ل	9	5	6	2	14	17	intra_ayah:12:40:root:80
co-12_40-02297	12:40	w-s012-a040-w022	w-s012-a040-w011	ع ب د	ن ز ل	11	5	6	2	14	17	intra_ayah:12:40:root:80
co-12_40-02298	12:40	w-s012-a040-w002	w-s012-a040-w030	ع ب د	ن و س	28	4	15	2	12	15	intra_ayah:12:40:root:81
co-12_40-02299	12:40	w-s012-a040-w022	w-s012-a040-w030	ع ب د	ن و س	8	4	15	2	12	15	intra_ayah:12:40:root:81
co-12_40-02300	12:40	w-s012-a040-w032	w-s012-a040-w027	ع ل م	ق و م	5	3	3	1	75	97	intra_ayah:12:40:root:82
co-12_40-02301	12:40	w-s012-a040-w032	w-s012-a040-w029	ع ل م	ك ث ر	3	2	2	1	42	55	intra_ayah:12:40:root:83
co-12_40-02302	12:40	w-s012-a040-w032	w-s012-a040-w011	ع ل م	ن ز ل	21	11	11	1	46	71	intra_ayah:12:40:root:84
co-12_40-02303	12:40	w-s012-a040-w032	w-s012-a040-w030	ع ل م	ن و س	2	1	1	1	48	74	intra_ayah:12:40:root:85
co-12_40-02304	12:40	w-s012-a040-w027	w-s012-a040-w029	ق و م	ك ث ر	2	1	1	1	11	13	intra_ayah:12:40:root:86
co-12_40-02305	12:40	w-s012-a040-w027	w-s012-a040-w011	ق و م	ن ز ل	16	8	8	1	28	35	intra_ayah:12:40:root:87
co-12_40-02306	12:40	w-s012-a040-w027	w-s012-a040-w030	ق و م	ن و س	3	2	2	1	28	34	intra_ayah:12:40:root:88
co-12_40-02307	12:40	w-s012-a040-w029	w-s012-a040-w011	ك ث ر	ن ز ل	18	9	9	1	14	19	intra_ayah:12:40:root:89
co-12_40-02308	12:40	w-s012-a040-w009	w-s012-a040-w032	ء ب و	ع ل م	23	12	12	1	16	28	intra_ayah:12:40:root:9
co-12_40-02309	12:40	w-s012-a040-w029	w-s012-a040-w030	ك ث ر	ن و س	1	1	1	1	37	46	intra_ayah:12:40:root:90
co-12_40-02310	12:40	w-s012-a040-w011	w-s012-a040-w030	ن ز ل	ن و س	19	10	10	1	23	32	intra_ayah:12:40:root:91
co-12_41-02311	12:41	w-s012-a041-w004	w-s012-a041-w009	ء ح د	ء خ ر	5	4	4	1	9	11	intra_ayah:12:41:root:1
co-12_41-02312	12:41	w-s012-a041-w004	w-s012-a041-w010	ء ح د	ص ل ب	6	5	5	1	1	1	intra_ayah:12:41:root:10
co-12_41-02313	12:41	w-s012-a041-w004	w-s012-a041-w012	ء ح د	ط ي ر	8	7	7	1	2	2	intra_ayah:12:41:root:11
co-12_41-02314	12:41	w-s012-a041-w004	w-s012-a041-w019	ء ح د	ف ت ي	15	11	11	1	3	3	intra_ayah:12:41:root:12
co-12_41-02315	12:41	w-s012-a041-w004	w-s012-a041-w015	ء ح د	ق ض ي	11	9	9	1	2	2	intra_ayah:12:41:root:13
co-12_41-02316	12:41	w-s012-a041-w009	w-s012-a041-w011	ء خ ر	ء ك ل	2	2	2	1	5	6	intra_ayah:12:41:root:14
co-12_41-02317	12:41	w-s012-a041-w009	w-s012-a041-w016	ء خ ر	ء م ر	7	6	6	1	7	7	intra_ayah:12:41:root:15
co-12_41-02318	12:41	w-s012-a041-w009	w-s012-a041-w007	ء خ ر	خ م ر	2	1	1	1	2	2	intra_ayah:12:41:root:16
co-12_41-02319	12:41	w-s012-a041-w009	w-s012-a041-w014	ء خ ر	ر ء س	5	4	4	1	2	2	intra_ayah:12:41:root:17
co-12_41-02320	12:41	w-s012-a041-w009	w-s012-a041-w006	ء خ ر	ر ب ب	3	2	2	1	28	32	intra_ayah:12:41:root:18
co-12_41-02321	12:41	w-s012-a041-w009	w-s012-a041-w002	ء خ ر	س ج ن	7	5	5	1	2	2	intra_ayah:12:41:root:19
co-12_41-02322	12:41	w-s012-a041-w004	w-s012-a041-w011	ء ح د	ء ك ل	7	6	6	1	4	4	intra_ayah:12:41:root:2
co-12_41-02323	12:41	w-s012-a041-w009	w-s012-a041-w005	ء خ ر	س ق ي	4	3	3	1	2	2	intra_ayah:12:41:root:20
co-12_41-02324	12:41	w-s012-a041-w009	w-s012-a041-w001	ء خ ر	ص ح ب	8	6	6	1	4	4	intra_ayah:12:41:root:21
co-12_41-02325	12:41	w-s012-a041-w009	w-s012-a041-w010	ء خ ر	ص ل ب	1	1	1	1	2	2	intra_ayah:12:41:root:22
co-12_41-02326	12:41	w-s012-a041-w009	w-s012-a041-w012	ء خ ر	ط ي ر	3	3	3	1	2	2	intra_ayah:12:41:root:23
co-12_41-02327	12:41	w-s012-a041-w009	w-s012-a041-w019	ء خ ر	ف ت ي	10	7	7	1	4	4	intra_ayah:12:41:root:24
co-12_41-02328	12:41	w-s012-a041-w009	w-s012-a041-w015	ء خ ر	ق ض ي	6	5	5	1	3	3	intra_ayah:12:41:root:25
co-12_41-02329	12:41	w-s012-a041-w011	w-s012-a041-w016	ء ك ل	ء م ر	5	4	4	1	3	3	intra_ayah:12:41:root:26
co-12_41-02330	12:41	w-s012-a041-w011	w-s012-a041-w007	ء ك ل	خ م ر	4	3	3	1	2	2	intra_ayah:12:41:root:27
co-12_41-02331	12:41	w-s012-a041-w011	w-s012-a041-w014	ء ك ل	ر ء س	3	2	2	1	2	2	intra_ayah:12:41:root:28
co-12_41-02332	12:41	w-s012-a041-w011	w-s012-a041-w006	ء ك ل	ر ب ب	5	4	4	1	12	13	intra_ayah:12:41:root:29
co-12_41-02333	12:41	w-s012-a041-w004	w-s012-a041-w016	ء ح د	ء م ر	12	10	10	1	5	5	intra_ayah:12:41:root:3
co-12_41-02334	12:41	w-s012-a041-w011	w-s012-a041-w002	ء ك ل	س ج ن	9	7	7	1	2	2	intra_ayah:12:41:root:30
co-12_41-02335	12:41	w-s012-a041-w011	w-s012-a041-w005	ء ك ل	س ق ي	6	5	5	1	5	5	intra_ayah:12:41:root:31
co-12_41-02336	12:41	w-s012-a041-w011	w-s012-a041-w001	ء ك ل	ص ح ب	10	8	8	1	2	2	intra_ayah:12:41:root:32
co-12_41-02337	12:41	w-s012-a041-w011	w-s012-a041-w010	ء ك ل	ص ل ب	1	1	1	1	1	1	intra_ayah:12:41:root:33
co-12_41-02338	12:41	w-s012-a041-w011	w-s012-a041-w012	ء ك ل	ط ي ر	1	1	1	1	3	4	intra_ayah:12:41:root:34
co-12_41-02339	12:41	w-s012-a041-w011	w-s012-a041-w019	ء ك ل	ف ت ي	8	5	5	1	4	4	intra_ayah:12:41:root:35
co-12_41-02340	12:41	w-s012-a041-w011	w-s012-a041-w015	ء ك ل	ق ض ي	4	3	3	1	2	2	intra_ayah:12:41:root:36
co-12_41-02341	12:41	w-s012-a041-w016	w-s012-a041-w007	ء م ر	خ م ر	9	7	7	1	1	1	intra_ayah:12:41:root:37
co-12_41-02342	12:41	w-s012-a041-w016	w-s012-a041-w014	ء م ر	ر ء س	2	2	2	1	2	2	intra_ayah:12:41:root:38
co-12_41-02343	12:41	w-s012-a041-w016	w-s012-a041-w006	ء م ر	ر ب ب	10	8	8	1	47	62	intra_ayah:12:41:root:39
co-12_41-02344	12:41	w-s012-a041-w004	w-s012-a041-w007	ء ح د	خ م ر	3	3	3	1	2	2	intra_ayah:12:41:root:4
co-12_41-02345	12:41	w-s012-a041-w016	w-s012-a041-w002	ء م ر	س ج ن	14	11	11	1	2	2	intra_ayah:12:41:root:40
co-12_41-02346	12:41	w-s012-a041-w016	w-s012-a041-w005	ء م ر	س ق ي	11	9	9	1	1	1	intra_ayah:12:41:root:41
co-12_41-02347	12:41	w-s012-a041-w016	w-s012-a041-w001	ء م ر	ص ح ب	15	12	12	1	4	4	intra_ayah:12:41:root:42
co-12_41-02348	12:41	w-s012-a041-w016	w-s012-a041-w010	ء م ر	ص ل ب	6	5	5	1	1	1	intra_ayah:12:41:root:43
co-12_41-02349	12:41	w-s012-a041-w016	w-s012-a041-w012	ء م ر	ط ي ر	4	3	3	1	1	1	intra_ayah:12:41:root:44
co-12_41-02350	12:41	w-s012-a041-w016	w-s012-a041-w019	ء م ر	ف ت ي	3	1	1	1	3	4	intra_ayah:12:41:root:45
co-12_41-02351	12:41	w-s012-a041-w016	w-s012-a041-w015	ء م ر	ق ض ي	1	1	1	1	24	29	intra_ayah:12:41:root:46
co-12_41-02352	12:41	w-s012-a041-w007	w-s012-a041-w014	خ م ر	ر ء س	7	5	5	1	2	2	intra_ayah:12:41:root:47
co-12_41-02353	12:41	w-s012-a041-w007	w-s012-a041-w006	خ م ر	ر ب ب	1	1	1	1	2	2	intra_ayah:12:41:root:48
co-12_41-02354	12:41	w-s012-a041-w007	w-s012-a041-w002	خ م ر	س ج ن	5	4	4	1	2	2	intra_ayah:12:41:root:49
co-12_41-02355	12:41	w-s012-a041-w004	w-s012-a041-w014	ء ح د	ر ء س	10	8	8	1	3	3	intra_ayah:12:41:root:5
co-12_41-02356	12:41	w-s012-a041-w007	w-s012-a041-w005	خ م ر	س ق ي	2	2	2	1	2	2	intra_ayah:12:41:root:50
co-12_41-02357	12:41	w-s012-a041-w007	w-s012-a041-w001	خ م ر	ص ح ب	6	5	5	1	1	1	intra_ayah:12:41:root:51
co-12_41-02358	12:41	w-s012-a041-w007	w-s012-a041-w010	خ م ر	ص ل ب	3	2	2	1	1	1	intra_ayah:12:41:root:52
co-12_41-02359	12:41	w-s012-a041-w007	w-s012-a041-w012	خ م ر	ط ي ر	5	4	4	1	2	2	intra_ayah:12:41:root:53
co-12_41-02360	12:41	w-s012-a041-w007	w-s012-a041-w019	خ م ر	ف ت ي	12	8	8	1	2	2	intra_ayah:12:41:root:54
co-12_41-02361	12:41	w-s012-a041-w007	w-s012-a041-w015	خ م ر	ق ض ي	8	6	6	1	1	1	intra_ayah:12:41:root:55
co-12_41-02362	12:41	w-s012-a041-w014	w-s012-a041-w006	ر ء س	ر ب ب	8	6	6	1	5	7	intra_ayah:12:41:root:56
co-12_41-02363	12:41	w-s012-a041-w014	w-s012-a041-w002	ر ء س	س ج ن	12	9	9	1	2	2	intra_ayah:12:41:root:57
co-12_41-02364	12:41	w-s012-a041-w014	w-s012-a041-w005	ر ء س	س ق ي	9	7	7	1	1	1	intra_ayah:12:41:root:58
co-12_41-02365	12:41	w-s012-a041-w014	w-s012-a041-w001	ر ء س	ص ح ب	13	10	10	1	1	1	intra_ayah:12:41:root:59
co-12_41-02366	12:41	w-s012-a041-w004	w-s012-a041-w006	ء ح د	ر ب ب	2	2	2	1	19	24	intra_ayah:12:41:root:6
co-12_41-02367	12:41	w-s012-a041-w014	w-s012-a041-w010	ر ء س	ص ل ب	4	3	3	1	1	1	intra_ayah:12:41:root:60
co-12_41-02368	12:41	w-s012-a041-w014	w-s012-a041-w012	ر ء س	ط ي ر	2	1	1	1	2	2	intra_ayah:12:41:root:61
co-12_41-02369	12:41	w-s012-a041-w014	w-s012-a041-w019	ر ء س	ف ت ي	5	3	3	1	2	2	intra_ayah:12:41:root:62
co-12_41-02370	12:41	w-s012-a041-w014	w-s012-a041-w015	ر ء س	ق ض ي	1	1	1	1	1	1	intra_ayah:12:41:root:63
co-12_41-02371	12:41	w-s012-a041-w006	w-s012-a041-w002	ر ب ب	س ج ن	4	3	3	1	5	7	intra_ayah:12:41:root:64
co-12_41-02372	12:41	w-s012-a041-w006	w-s012-a041-w005	ر ب ب	س ق ي	1	1	1	1	4	4	intra_ayah:12:41:root:65
co-12_41-02373	12:41	w-s012-a041-w006	w-s012-a041-w001	ر ب ب	ص ح ب	5	4	4	1	15	18	intra_ayah:12:41:root:66
co-12_41-02374	12:41	w-s012-a041-w006	w-s012-a041-w010	ر ب ب	ص ل ب	4	3	3	1	2	2	intra_ayah:12:41:root:67
co-12_41-02375	12:41	w-s012-a041-w006	w-s012-a041-w012	ر ب ب	ط ي ر	6	5	5	1	4	6	intra_ayah:12:41:root:68
co-12_41-02376	12:41	w-s012-a041-w006	w-s012-a041-w019	ر ب ب	ف ت ي	13	9	9	1	5	5	intra_ayah:12:41:root:69
co-12_41-02377	12:41	w-s012-a041-w004	w-s012-a041-w002	ء ح د	س ج ن	2	1	1	1	2	2	intra_ayah:12:41:root:7
co-12_41-02378	12:41	w-s012-a041-w006	w-s012-a041-w015	ر ب ب	ق ض ي	9	7	7	1	18	19	intra_ayah:12:41:root:70
co-12_41-02379	12:41	w-s012-a041-w002	w-s012-a041-w005	س ج ن	س ق ي	3	2	2	1	1	1	intra_ayah:12:41:root:71
co-12_41-02380	12:41	w-s012-a041-w002	w-s012-a041-w001	س ج ن	ص ح ب	1	1	1	1	2	2	intra_ayah:12:41:root:72
co-12_41-02381	12:41	w-s012-a041-w002	w-s012-a041-w010	س ج ن	ص ل ب	8	6	6	1	1	1	intra_ayah:12:41:root:73
co-12_41-02382	12:41	w-s012-a041-w002	w-s012-a041-w012	س ج ن	ط ي ر	10	8	8	1	2	2	intra_ayah:12:41:root:74
co-12_41-02383	12:41	w-s012-a041-w002	w-s012-a041-w019	س ج ن	ف ت ي	17	12	12	1	2	2	intra_ayah:12:41:root:75
co-12_41-02384	12:41	w-s012-a041-w002	w-s012-a041-w015	س ج ن	ق ض ي	13	10	10	1	1	1	intra_ayah:12:41:root:76
co-12_41-02385	12:41	w-s012-a041-w005	w-s012-a041-w001	س ق ي	ص ح ب	4	3	3	1	1	1	intra_ayah:12:41:root:77
co-12_41-02386	12:41	w-s012-a041-w005	w-s012-a041-w010	س ق ي	ص ل ب	5	4	4	1	1	1	intra_ayah:12:41:root:78
co-12_41-02387	12:41	w-s012-a041-w005	w-s012-a041-w012	س ق ي	ط ي ر	7	6	6	1	1	1	intra_ayah:12:41:root:79
co-12_41-02388	12:41	w-s012-a041-w004	w-s012-a041-w005	ء ح د	س ق ي	1	1	1	1	2	2	intra_ayah:12:41:root:8
co-12_41-02389	12:41	w-s012-a041-w005	w-s012-a041-w019	س ق ي	ف ت ي	14	10	10	1	1	1	intra_ayah:12:41:root:80
co-12_41-02390	12:41	w-s012-a041-w005	w-s012-a041-w015	س ق ي	ق ض ي	10	8	8	1	1	1	intra_ayah:12:41:root:81
co-12_41-02391	12:41	w-s012-a041-w001	w-s012-a041-w010	ص ح ب	ص ل ب	9	7	7	1	1	1	intra_ayah:12:41:root:82
co-12_41-02392	12:41	w-s012-a041-w001	w-s012-a041-w012	ص ح ب	ط ي ر	11	9	9	1	1	1	intra_ayah:12:41:root:83
co-12_41-02393	12:41	w-s012-a041-w001	w-s012-a041-w019	ص ح ب	ف ت ي	18	13	13	1	1	1	intra_ayah:12:41:root:84
co-12_41-02394	12:41	w-s012-a041-w001	w-s012-a041-w015	ص ح ب	ق ض ي	14	11	11	1	1	1	intra_ayah:12:41:root:85
co-12_41-02395	12:41	w-s012-a041-w010	w-s012-a041-w012	ص ل ب	ط ي ر	2	2	2	1	1	1	intra_ayah:12:41:root:86
co-12_41-02396	12:41	w-s012-a041-w010	w-s012-a041-w019	ص ل ب	ف ت ي	9	6	6	1	1	1	intra_ayah:12:41:root:87
co-12_41-02397	12:41	w-s012-a041-w010	w-s012-a041-w015	ص ل ب	ق ض ي	5	4	4	1	1	1	intra_ayah:12:41:root:88
co-12_41-02398	12:41	w-s012-a041-w012	w-s012-a041-w019	ط ي ر	ف ت ي	7	4	4	1	2	2	intra_ayah:12:41:root:89
co-12_41-02399	12:41	w-s012-a041-w004	w-s012-a041-w001	ء ح د	ص ح ب	3	2	2	1	1	1	intra_ayah:12:41:root:9
co-12_41-02400	12:41	w-s012-a041-w012	w-s012-a041-w015	ط ي ر	ق ض ي	3	2	2	1	1	1	intra_ayah:12:41:root:90
co-12_41-02401	12:41	w-s012-a041-w019	w-s012-a041-w015	ف ت ي	ق ض ي	4	2	2	1	1	1	intra_ayah:12:41:root:91
co-12_42-02402	12:42	w-s012-a042-w017	w-s012-a042-w007	ب ض ع	ذ ك ر	10	4	9	2	1	2	intra_ayah:12:42:root:1
co-12_42-02403	12:42	w-s012-a042-w017	w-s012-a042-w012	ب ض ع	ذ ك ر	5	4	9	2	1	2	intra_ayah:12:42:root:1
co-12_42-02404	12:42	w-s012-a042-w017	w-s012-a042-w005	ب ض ع	ن ج و	12	10	10	1	1	1	intra_ayah:12:42:root:10
co-12_42-02405	12:42	w-s012-a042-w017	w-s012-a042-w010	ب ض ع	ن س ي	7	6	6	1	1	1	intra_ayah:12:42:root:11
co-12_42-02406	12:42	w-s012-a042-w007	w-s012-a042-w009	ذ ك ر	ر ب ب	2	1	6	4	48	61	intra_ayah:12:42:root:12
co-12_42-02407	12:42	w-s012-a042-w007	w-s012-a042-w013	ذ ك ر	ر ب ب	6	1	6	4	48	61	intra_ayah:12:42:root:12
co-12_42-02408	12:42	w-s012-a042-w012	w-s012-a042-w009	ذ ك ر	ر ب ب	3	1	6	4	48	61	intra_ayah:12:42:root:12
co-12_42-02409	12:42	w-s012-a042-w012	w-s012-a042-w013	ذ ك ر	ر ب ب	1	1	6	4	48	61	intra_ayah:12:42:root:12
co-12_42-02410	12:42	w-s012-a042-w007	w-s012-a042-w016	ذ ك ر	س ج ن	9	3	8	2	1	2	intra_ayah:12:42:root:13
co-12_42-02411	12:42	w-s012-a042-w012	w-s012-a042-w016	ذ ك ر	س ج ن	4	3	8	2	1	2	intra_ayah:12:42:root:13
co-12_42-02412	12:42	w-s012-a042-w007	w-s012-a042-w018	ذ ك ر	س ن و	11	5	10	2	2	3	intra_ayah:12:42:root:14
co-12_42-02413	12:42	w-s012-a042-w012	w-s012-a042-w018	ذ ك ر	س ن و	6	5	10	2	2	3	intra_ayah:12:42:root:14
co-12_42-02414	12:42	w-s012-a042-w007	w-s012-a042-w011	ذ ك ر	ش ط ن	4	1	4	2	11	14	intra_ayah:12:42:root:15
co-12_42-02415	12:42	w-s012-a042-w012	w-s012-a042-w011	ذ ك ر	ش ط ن	1	1	4	2	11	14	intra_ayah:12:42:root:15
co-12_42-02416	12:42	w-s012-a042-w007	w-s012-a042-w003	ذ ك ر	ظ ن ن	4	2	7	2	2	3	intra_ayah:12:42:root:16
co-12_42-02417	12:42	w-s012-a042-w012	w-s012-a042-w003	ذ ك ر	ظ ن ن	9	2	7	2	2	3	intra_ayah:12:42:root:16
co-12_42-02418	12:42	w-s012-a042-w007	w-s012-a042-w008	ذ ك ر	ع ن د	1	1	4	2	8	11	intra_ayah:12:42:root:17
co-12_42-02419	12:42	w-s012-a042-w012	w-s012-a042-w008	ذ ك ر	ع ن د	4	1	4	2	8	11	intra_ayah:12:42:root:17
co-12_42-02420	12:42	w-s012-a042-w007	w-s012-a042-w001	ذ ك ر	ق و ل	6	3	8	2	48	58	intra_ayah:12:42:root:18
co-12_42-02421	12:42	w-s012-a042-w012	w-s012-a042-w001	ذ ك ر	ق و ل	11	3	8	2	48	58	intra_ayah:12:42:root:18
co-12_42-02422	12:42	w-s012-a042-w007	w-s012-a042-w014	ذ ك ر	ل ب ث	7	2	7	2	1	2	intra_ayah:12:42:root:19
co-12_42-02423	12:42	w-s012-a042-w012	w-s012-a042-w014	ذ ك ر	ل ب ث	2	2	7	2	1	2	intra_ayah:12:42:root:19
co-12_42-02424	12:42	w-s012-a042-w017	w-s012-a042-w009	ب ض ع	ر ب ب	8	3	7	2	1	2	intra_ayah:12:42:root:2
co-12_42-02425	12:42	w-s012-a042-w017	w-s012-a042-w013	ب ض ع	ر ب ب	4	3	7	2	1	2	intra_ayah:12:42:root:2
co-12_42-02426	12:42	w-s012-a042-w007	w-s012-a042-w005	ذ ك ر	ن ج و	2	1	6	2	4	5	intra_ayah:12:42:root:20
co-12_42-02427	12:42	w-s012-a042-w012	w-s012-a042-w005	ذ ك ر	ن ج و	7	1	6	2	4	5	intra_ayah:12:42:root:20
co-12_42-02428	12:42	w-s012-a042-w007	w-s012-a042-w010	ذ ك ر	ن س ي	3	2	3	2	12	14	intra_ayah:12:42:root:21
co-12_42-02429	12:42	w-s012-a042-w012	w-s012-a042-w010	ذ ك ر	ن س ي	2	2	3	2	12	14	intra_ayah:12:42:root:21
co-12_42-02430	12:42	w-s012-a042-w009	w-s012-a042-w016	ر ب ب	س ج ن	7	2	6	2	5	7	intra_ayah:12:42:root:22
co-12_42-02431	12:42	w-s012-a042-w013	w-s012-a042-w016	ر ب ب	س ج ن	3	2	6	2	5	7	intra_ayah:12:42:root:22
co-12_42-02432	12:42	w-s012-a042-w009	w-s012-a042-w018	ر ب ب	س ن و	9	4	8	2	4	5	intra_ayah:12:42:root:23
co-12_42-02433	12:42	w-s012-a042-w013	w-s012-a042-w018	ر ب ب	س ن و	5	4	8	2	4	5	intra_ayah:12:42:root:23
co-12_42-02434	12:42	w-s012-a042-w009	w-s012-a042-w011	ر ب ب	ش ط ن	2	2	2	2	13	16	intra_ayah:12:42:root:24
co-12_42-02435	12:42	w-s012-a042-w013	w-s012-a042-w011	ر ب ب	ش ط ن	2	2	2	2	13	16	intra_ayah:12:42:root:24
co-12_42-02436	12:42	w-s012-a042-w009	w-s012-a042-w003	ر ب ب	ظ ن ن	6	4	8	2	9	11	intra_ayah:12:42:root:25
co-12_42-02437	12:42	w-s012-a042-w013	w-s012-a042-w003	ر ب ب	ظ ن ن	10	4	8	2	9	11	intra_ayah:12:42:root:25
co-12_42-02438	12:42	w-s012-a042-w009	w-s012-a042-w008	ر ب ب	ع ن د	1	1	5	2	62	74	intra_ayah:12:42:root:26
co-12_42-02439	12:42	w-s012-a042-w013	w-s012-a042-w008	ر ب ب	ع ن د	5	1	5	2	62	74	intra_ayah:12:42:root:26
co-12_42-02440	12:42	w-s012-a042-w009	w-s012-a042-w001	ر ب ب	ق و ل	8	5	9	2	329	501	intra_ayah:12:42:root:27
co-12_42-02441	12:42	w-s012-a042-w013	w-s012-a042-w001	ر ب ب	ق و ل	12	5	9	2	329	501	intra_ayah:12:42:root:27
co-12_42-02442	12:42	w-s012-a042-w009	w-s012-a042-w014	ر ب ب	ل ب ث	5	1	5	2	2	5	intra_ayah:12:42:root:28
co-12_42-02443	12:42	w-s012-a042-w013	w-s012-a042-w014	ر ب ب	ل ب ث	1	1	5	2	2	5	intra_ayah:12:42:root:28
co-12_42-02444	12:42	w-s012-a042-w009	w-s012-a042-w005	ر ب ب	ن ج و	4	3	7	2	9	13	intra_ayah:12:42:root:29
co-12_42-02445	12:42	w-s012-a042-w013	w-s012-a042-w005	ر ب ب	ن ج و	8	3	7	2	9	13	intra_ayah:12:42:root:29
co-12_42-02446	12:42	w-s012-a042-w017	w-s012-a042-w016	ب ض ع	س ج ن	1	1	1	1	1	1	intra_ayah:12:42:root:3
co-12_42-02447	12:42	w-s012-a042-w009	w-s012-a042-w010	ر ب ب	ن س ي	1	1	3	2	8	14	intra_ayah:12:42:root:30
co-12_42-02448	12:42	w-s012-a042-w013	w-s012-a042-w010	ر ب ب	ن س ي	3	1	3	2	8	14	intra_ayah:12:42:root:30
co-12_42-02449	12:42	w-s012-a042-w016	w-s012-a042-w018	س ج ن	س ن و	2	2	2	1	1	1	intra_ayah:12:42:root:31
co-12_42-02450	12:42	w-s012-a042-w016	w-s012-a042-w011	س ج ن	ش ط ن	5	4	4	1	2	2	intra_ayah:12:42:root:32
co-12_42-02451	12:42	w-s012-a042-w016	w-s012-a042-w003	س ج ن	ظ ن ن	13	10	10	1	1	1	intra_ayah:12:42:root:33
co-12_42-02452	12:42	w-s012-a042-w016	w-s012-a042-w008	س ج ن	ع ن د	8	7	7	1	1	1	intra_ayah:12:42:root:34
co-12_42-02453	12:42	w-s012-a042-w016	w-s012-a042-w001	س ج ن	ق و ل	15	11	11	1	7	8	intra_ayah:12:42:root:35
co-12_42-02454	12:42	w-s012-a042-w016	w-s012-a042-w014	س ج ن	ل ب ث	2	1	1	1	1	1	intra_ayah:12:42:root:36
co-12_42-02455	12:42	w-s012-a042-w016	w-s012-a042-w005	س ج ن	ن ج و	11	9	9	1	1	1	intra_ayah:12:42:root:37
co-12_42-02456	12:42	w-s012-a042-w016	w-s012-a042-w010	س ج ن	ن س ي	6	5	5	1	1	1	intra_ayah:12:42:root:38
co-12_42-02457	12:42	w-s012-a042-w018	w-s012-a042-w011	س ن و	ش ط ن	7	6	6	1	1	1	intra_ayah:12:42:root:39
co-12_42-02458	12:42	w-s012-a042-w017	w-s012-a042-w018	ب ض ع	س ن و	1	1	1	1	2	2	intra_ayah:12:42:root:4
co-12_42-02459	12:42	w-s012-a042-w018	w-s012-a042-w003	س ن و	ظ ن ن	15	12	12	1	1	1	intra_ayah:12:42:root:40
co-12_42-02460	12:42	w-s012-a042-w018	w-s012-a042-w008	س ن و	ع ن د	10	9	9	1	2	2	intra_ayah:12:42:root:41
co-12_42-02461	12:42	w-s012-a042-w018	w-s012-a042-w001	س ن و	ق و ل	17	13	13	1	7	7	intra_ayah:12:42:root:42
co-12_42-02462	12:42	w-s012-a042-w018	w-s012-a042-w014	س ن و	ل ب ث	4	3	3	1	6	6	intra_ayah:12:42:root:43
co-12_42-02463	12:42	w-s012-a042-w018	w-s012-a042-w005	س ن و	ن ج و	13	11	11	1	2	2	intra_ayah:12:42:root:44
co-12_42-02464	12:42	w-s012-a042-w018	w-s012-a042-w010	س ن و	ن س ي	8	7	7	1	1	1	intra_ayah:12:42:root:45
co-12_42-02465	12:42	w-s012-a042-w011	w-s012-a042-w003	ش ط ن	ظ ن ن	8	6	6	1	1	1	intra_ayah:12:42:root:46
co-12_42-02466	12:42	w-s012-a042-w011	w-s012-a042-w008	ش ط ن	ع ن د	3	3	3	1	1	1	intra_ayah:12:42:root:47
co-12_42-02467	12:42	w-s012-a042-w011	w-s012-a042-w001	ش ط ن	ق و ل	10	7	7	1	22	31	intra_ayah:12:42:root:48
co-12_42-02468	12:42	w-s012-a042-w011	w-s012-a042-w014	ش ط ن	ل ب ث	3	3	3	1	1	1	intra_ayah:12:42:root:49
co-12_42-02469	12:42	w-s012-a042-w017	w-s012-a042-w011	ب ض ع	ش ط ن	6	5	5	1	1	1	intra_ayah:12:42:root:5
co-12_42-02470	12:42	w-s012-a042-w011	w-s012-a042-w005	ش ط ن	ن ج و	6	5	5	1	2	2	intra_ayah:12:42:root:50
co-12_42-02471	12:42	w-s012-a042-w011	w-s012-a042-w010	ش ط ن	ن س ي	1	1	1	1	4	7	intra_ayah:12:42:root:51
co-12_42-02472	12:42	w-s012-a042-w003	w-s012-a042-w008	ظ ن ن	ع ن د	5	3	3	1	3	3	intra_ayah:12:42:root:52
co-12_42-02473	12:42	w-s012-a042-w003	w-s012-a042-w001	ظ ن ن	ق و ل	2	1	1	1	17	30	intra_ayah:12:42:root:53
co-12_42-02474	12:42	w-s012-a042-w003	w-s012-a042-w014	ظ ن ن	ل ب ث	11	9	9	1	2	2	intra_ayah:12:42:root:54
co-12_42-02475	12:42	w-s012-a042-w003	w-s012-a042-w005	ظ ن ن	ن ج و	2	1	1	1	3	3	intra_ayah:12:42:root:55
co-12_42-02476	12:42	w-s012-a042-w003	w-s012-a042-w010	ظ ن ن	ن س ي	7	5	5	1	1	1	intra_ayah:12:42:root:56
co-12_42-02477	12:42	w-s012-a042-w008	w-s012-a042-w001	ع ن د	ق و ل	7	4	4	1	71	118	intra_ayah:12:42:root:57
co-12_42-02478	12:42	w-s012-a042-w008	w-s012-a042-w014	ع ن د	ل ب ث	6	6	6	1	1	1	intra_ayah:12:42:root:58
co-12_42-02479	12:42	w-s012-a042-w008	w-s012-a042-w005	ع ن د	ن ج و	3	2	2	1	2	3	intra_ayah:12:42:root:59
co-12_42-02480	12:42	w-s012-a042-w017	w-s012-a042-w003	ب ض ع	ظ ن ن	14	11	11	1	1	1	intra_ayah:12:42:root:6
co-12_42-02481	12:42	w-s012-a042-w008	w-s012-a042-w010	ع ن د	ن س ي	2	2	2	1	2	2	intra_ayah:12:42:root:60
co-12_42-02482	12:42	w-s012-a042-w001	w-s012-a042-w014	ق و ل	ل ب ث	13	10	10	1	13	40	intra_ayah:12:42:root:61
co-12_42-02483	12:42	w-s012-a042-w001	w-s012-a042-w005	ق و ل	ن ج و	4	2	2	1	16	23	intra_ayah:12:42:root:62
co-12_42-02484	12:42	w-s012-a042-w001	w-s012-a042-w010	ق و ل	ن س ي	9	6	6	1	14	18	intra_ayah:12:42:root:63
co-12_42-02485	12:42	w-s012-a042-w014	w-s012-a042-w005	ل ب ث	ن ج و	9	8	8	1	2	2	intra_ayah:12:42:root:64
co-12_42-02486	12:42	w-s012-a042-w014	w-s012-a042-w010	ل ب ث	ن س ي	4	4	4	1	1	1	intra_ayah:12:42:root:65
co-12_42-02487	12:42	w-s012-a042-w005	w-s012-a042-w010	ن ج و	ن س ي	5	4	4	1	2	2	intra_ayah:12:42:root:66
co-12_42-02488	12:42	w-s012-a042-w017	w-s012-a042-w008	ب ض ع	ع ن د	9	8	8	1	1	1	intra_ayah:12:42:root:7
co-12_42-02489	12:42	w-s012-a042-w017	w-s012-a042-w001	ب ض ع	ق و ل	16	12	12	1	5	6	intra_ayah:12:42:root:8
co-12_42-02490	12:42	w-s012-a042-w017	w-s012-a042-w014	ب ض ع	ل ب ث	3	2	2	1	1	1	intra_ayah:12:42:root:9
co-12_43-02491	12:43	w-s012-a043-w014	w-s012-a043-w008	ء خ ر	ء ك ل	6	6	6	1	5	6	intra_ayah:12:43:root:1
co-12_43-02492	12:43	w-s012-a043-w014	w-s012-a043-w018	ء خ ر	ف ت ي	4	3	3	1	4	4	intra_ayah:12:43:root:10
co-12_43-02493	12:43	w-s012-a043-w010	w-s012-a043-w018	ع ج ف	ف ت ي	8	7	7	1	2	2	intra_ayah:12:43:root:100
co-12_43-02494	12:43	w-s012-a043-w010	w-s012-a043-w001	ع ج ف	ق و ل	9	8	8	1	1	1	intra_ayah:12:43:root:101
co-12_43-02495	12:43	w-s012-a043-w010	w-s012-a043-w022	ع ج ف	ك و ن	12	9	9	1	1	1	intra_ayah:12:43:root:102
co-12_43-02496	12:43	w-s012-a043-w010	w-s012-a043-w017	ع ج ف	م ل ء	7	6	6	1	1	1	intra_ayah:12:43:root:103
co-12_43-02497	12:43	w-s012-a043-w010	w-s012-a043-w002	ع ج ف	م ل ك	8	7	7	1	1	1	intra_ayah:12:43:root:104
co-12_43-02498	12:43	w-s012-a043-w010	w-s012-a043-w015	ع ج ف	ي ب س	5	5	5	1	2	2	intra_ayah:12:43:root:105
co-12_43-02499	12:43	w-s012-a043-w018	w-s012-a043-w001	ف ت ي	ق و ل	17	15	15	1	12	19	intra_ayah:12:43:root:106
co-12_43-02500	12:43	w-s012-a043-w018	w-s012-a043-w022	ف ت ي	ك و ن	4	2	2	1	4	10	intra_ayah:12:43:root:107
co-12_43-02501	12:43	w-s012-a043-w018	w-s012-a043-w017	ف ت ي	م ل ء	1	1	1	1	2	2	intra_ayah:12:43:root:108
co-12_43-02502	12:43	w-s012-a043-w018	w-s012-a043-w002	ف ت ي	م ل ك	16	14	14	1	3	3	intra_ayah:12:43:root:109
co-12_43-02503	12:43	w-s012-a043-w014	w-s012-a043-w001	ء خ ر	ق و ل	13	12	12	1	44	65	intra_ayah:12:43:root:11
co-12_43-02504	12:43	w-s012-a043-w018	w-s012-a043-w015	ف ت ي	ي ب س	3	2	2	1	2	2	intra_ayah:12:43:root:110
co-12_43-02505	12:43	w-s012-a043-w001	w-s012-a043-w022	ق و ل	ك و ن	21	17	17	1	369	573	intra_ayah:12:43:root:111
co-12_43-02506	12:43	w-s012-a043-w001	w-s012-a043-w017	ق و ل	م ل ء	16	14	14	1	24	30	intra_ayah:12:43:root:112
co-12_43-02507	12:43	w-s012-a043-w001	w-s012-a043-w002	ق و ل	م ل ك	1	1	1	1	80	134	intra_ayah:12:43:root:113
co-12_43-02508	12:43	w-s012-a043-w001	w-s012-a043-w015	ق و ل	ي ب س	14	13	13	1	1	1	intra_ayah:12:43:root:114
co-12_43-02509	12:43	w-s012-a043-w022	w-s012-a043-w017	ك و ن	م ل ء	5	3	3	1	8	8	intra_ayah:12:43:root:115
co-12_43-02510	12:43	w-s012-a043-w022	w-s012-a043-w002	ك و ن	م ل ك	20	16	16	1	48	66	intra_ayah:12:43:root:116
co-12_43-02511	12:43	w-s012-a043-w022	w-s012-a043-w015	ك و ن	ي ب س	7	4	4	1	1	1	intra_ayah:12:43:root:117
co-12_43-02512	12:43	w-s012-a043-w017	w-s012-a043-w002	م ل ء	م ل ك	15	13	13	1	3	3	intra_ayah:12:43:root:118
co-12_43-02513	12:43	w-s012-a043-w017	w-s012-a043-w015	م ل ء	ي ب س	2	1	1	1	1	1	intra_ayah:12:43:root:119
co-12_43-02514	12:43	w-s012-a043-w014	w-s012-a043-w022	ء خ ر	ك و ن	8	5	5	1	59	76	intra_ayah:12:43:root:12
co-12_43-02515	12:43	w-s012-a043-w002	w-s012-a043-w015	م ل ك	ي ب س	13	12	12	1	1	1	intra_ayah:12:43:root:120
co-12_43-02516	12:43	w-s012-a043-w014	w-s012-a043-w017	ء خ ر	م ل ء	3	2	2	1	2	2	intra_ayah:12:43:root:13
co-12_43-02517	12:43	w-s012-a043-w014	w-s012-a043-w002	ء خ ر	م ل ك	12	11	11	1	9	11	intra_ayah:12:43:root:14
co-12_43-02518	12:43	w-s012-a043-w014	w-s012-a043-w015	ء خ ر	ي ب س	1	1	1	1	2	2	intra_ayah:12:43:root:15
co-12_43-02519	12:43	w-s012-a043-w008	w-s012-a043-w006	ء ك ل	ب ق ر	2	2	2	1	2	2	intra_ayah:12:43:root:16
co-12_43-02520	12:43	w-s012-a043-w008	w-s012-a043-w013	ء ك ل	خ ض ر	5	5	5	1	2	2	intra_ayah:12:43:root:17
co-12_43-02521	12:43	w-s012-a043-w008	w-s012-a043-w004	ء ك ل	ر ء ي	4	4	12	3	7	11	intra_ayah:12:43:root:18
co-12_43-02522	12:43	w-s012-a043-w008	w-s012-a043-w020	ء ك ل	ر ء ي	12	4	12	3	7	11	intra_ayah:12:43:root:18
co-12_43-02523	12:43	w-s012-a043-w008	w-s012-a043-w023	ء ك ل	ر ء ي	15	4	12	3	7	11	intra_ayah:12:43:root:18
co-12_43-02524	12:43	w-s012-a043-w008	w-s012-a043-w005	ء ك ل	س ب ع	3	1	3	3	5	9	intra_ayah:12:43:root:19
co-12_43-02525	12:43	w-s012-a043-w008	w-s012-a043-w009	ء ك ل	س ب ع	1	1	3	3	5	9	intra_ayah:12:43:root:19
co-12_43-02526	12:43	w-s012-a043-w008	w-s012-a043-w011	ء ك ل	س ب ع	3	1	3	3	5	9	intra_ayah:12:43:root:19
co-12_43-02527	12:43	w-s012-a043-w014	w-s012-a043-w006	ء خ ر	ب ق ر	8	8	8	1	2	2	intra_ayah:12:43:root:2
co-12_43-02528	12:43	w-s012-a043-w008	w-s012-a043-w007	ء ك ل	س م ن	1	1	1	1	2	2	intra_ayah:12:43:root:20
co-12_43-02529	12:43	w-s012-a043-w008	w-s012-a043-w012	ء ك ل	س ن ب ل	4	4	4	1	3	3	intra_ayah:12:43:root:21
co-12_43-02530	12:43	w-s012-a043-w008	w-s012-a043-w024	ء ك ل	ع ب ر	16	13	13	1	2	2	intra_ayah:12:43:root:22
co-12_43-02531	12:43	w-s012-a043-w008	w-s012-a043-w010	ء ك ل	ع ج ف	2	2	2	1	2	2	intra_ayah:12:43:root:23
co-12_43-02532	12:43	w-s012-a043-w008	w-s012-a043-w018	ء ك ل	ف ت ي	10	9	9	1	4	4	intra_ayah:12:43:root:24
co-12_43-02533	12:43	w-s012-a043-w008	w-s012-a043-w001	ء ك ل	ق و ل	7	6	6	1	22	28	intra_ayah:12:43:root:25
co-12_43-02534	12:43	w-s012-a043-w008	w-s012-a043-w022	ء ك ل	ك و ن	14	11	11	1	27	32	intra_ayah:12:43:root:26
co-12_43-02535	12:43	w-s012-a043-w008	w-s012-a043-w017	ء ك ل	م ل ء	9	8	8	1	3	4	intra_ayah:12:43:root:27
co-12_43-02536	12:43	w-s012-a043-w008	w-s012-a043-w002	ء ك ل	م ل ك	6	5	5	1	3	4	intra_ayah:12:43:root:28
co-12_43-02537	12:43	w-s012-a043-w008	w-s012-a043-w015	ء ك ل	ي ب س	7	7	7	1	2	2	intra_ayah:12:43:root:29
co-12_43-02538	12:43	w-s012-a043-w014	w-s012-a043-w013	ء خ ر	خ ض ر	1	1	1	1	2	2	intra_ayah:12:43:root:3
co-12_43-02539	12:43	w-s012-a043-w006	w-s012-a043-w013	ب ق ر	خ ض ر	7	7	7	1	2	2	intra_ayah:12:43:root:30
co-12_43-02540	12:43	w-s012-a043-w006	w-s012-a043-w004	ب ق ر	ر ء ي	2	2	14	3	1	3	intra_ayah:12:43:root:31
co-12_43-02541	12:43	w-s012-a043-w006	w-s012-a043-w020	ب ق ر	ر ء ي	14	2	14	3	1	3	intra_ayah:12:43:root:31
co-12_43-02542	12:43	w-s012-a043-w006	w-s012-a043-w023	ب ق ر	ر ء ي	17	2	14	3	1	3	intra_ayah:12:43:root:31
co-12_43-02543	12:43	w-s012-a043-w006	w-s012-a043-w005	ب ق ر	س ب ع	1	1	5	3	2	6	intra_ayah:12:43:root:32
co-12_43-02544	12:43	w-s012-a043-w006	w-s012-a043-w009	ب ق ر	س ب ع	3	1	5	3	2	6	intra_ayah:12:43:root:32
co-12_43-02545	12:43	w-s012-a043-w006	w-s012-a043-w011	ب ق ر	س ب ع	5	1	5	3	2	6	intra_ayah:12:43:root:32
co-12_43-02546	12:43	w-s012-a043-w006	w-s012-a043-w007	ب ق ر	س م ن	1	1	1	1	2	2	intra_ayah:12:43:root:33
co-12_43-02547	12:43	w-s012-a043-w006	w-s012-a043-w012	ب ق ر	س ن ب ل	6	6	6	1	2	2	intra_ayah:12:43:root:34
co-12_43-02548	12:43	w-s012-a043-w006	w-s012-a043-w024	ب ق ر	ع ب ر	18	15	15	1	1	1	intra_ayah:12:43:root:35
co-12_43-02549	12:43	w-s012-a043-w006	w-s012-a043-w010	ب ق ر	ع ج ف	4	4	4	1	2	2	intra_ayah:12:43:root:36
co-12_43-02550	12:43	w-s012-a043-w006	w-s012-a043-w018	ب ق ر	ف ت ي	12	11	11	1	2	2	intra_ayah:12:43:root:37
co-12_43-02551	12:43	w-s012-a043-w006	w-s012-a043-w001	ب ق ر	ق و ل	5	4	4	1	7	15	intra_ayah:12:43:root:38
co-12_43-02552	12:43	w-s012-a043-w006	w-s012-a043-w022	ب ق ر	ك و ن	16	13	13	1	3	3	intra_ayah:12:43:root:39
co-12_43-02553	12:43	w-s012-a043-w014	w-s012-a043-w004	ء خ ر	ر ء ي	10	4	10	3	11	17	intra_ayah:12:43:root:4
co-12_43-02554	12:43	w-s012-a043-w014	w-s012-a043-w020	ء خ ر	ر ء ي	6	4	10	3	11	17	intra_ayah:12:43:root:4
co-12_43-02555	12:43	w-s012-a043-w014	w-s012-a043-w023	ء خ ر	ر ء ي	9	4	10	3	11	17	intra_ayah:12:43:root:4
co-12_43-02556	12:43	w-s012-a043-w006	w-s012-a043-w017	ب ق ر	م ل ء	11	10	10	1	1	1	intra_ayah:12:43:root:40
co-12_43-02557	12:43	w-s012-a043-w006	w-s012-a043-w002	ب ق ر	م ل ك	4	3	3	1	1	1	intra_ayah:12:43:root:41
co-12_43-02558	12:43	w-s012-a043-w006	w-s012-a043-w015	ب ق ر	ي ب س	9	9	9	1	2	2	intra_ayah:12:43:root:42
co-12_43-02559	12:43	w-s012-a043-w013	w-s012-a043-w004	خ ض ر	ر ء ي	9	5	9	3	2	4	intra_ayah:12:43:root:43
co-12_43-02560	12:43	w-s012-a043-w013	w-s012-a043-w020	خ ض ر	ر ء ي	7	5	9	3	2	4	intra_ayah:12:43:root:43
co-12_43-02561	12:43	w-s012-a043-w013	w-s012-a043-w023	خ ض ر	ر ء ي	10	5	9	3	2	4	intra_ayah:12:43:root:43
co-12_43-02562	12:43	w-s012-a043-w013	w-s012-a043-w005	خ ض ر	س ب ع	8	2	8	3	2	6	intra_ayah:12:43:root:44
co-12_43-02563	12:43	w-s012-a043-w013	w-s012-a043-w009	خ ض ر	س ب ع	4	2	8	3	2	6	intra_ayah:12:43:root:44
co-12_43-02564	12:43	w-s012-a043-w013	w-s012-a043-w011	خ ض ر	س ب ع	2	2	8	3	2	6	intra_ayah:12:43:root:44
co-12_43-02565	12:43	w-s012-a043-w013	w-s012-a043-w007	خ ض ر	س م ن	6	6	6	1	2	2	intra_ayah:12:43:root:45
co-12_43-02566	12:43	w-s012-a043-w013	w-s012-a043-w012	خ ض ر	س ن ب ل	1	1	1	1	2	2	intra_ayah:12:43:root:46
co-12_43-02567	12:43	w-s012-a043-w013	w-s012-a043-w024	خ ض ر	ع ب ر	11	8	8	1	1	1	intra_ayah:12:43:root:47
co-12_43-02568	12:43	w-s012-a043-w013	w-s012-a043-w010	خ ض ر	ع ج ف	3	3	3	1	2	2	intra_ayah:12:43:root:48
co-12_43-02569	12:43	w-s012-a043-w013	w-s012-a043-w018	خ ض ر	ف ت ي	5	4	4	1	2	2	intra_ayah:12:43:root:49
co-12_43-02570	12:43	w-s012-a043-w014	w-s012-a043-w005	ء خ ر	س ب ع	9	3	9	3	2	6	intra_ayah:12:43:root:5
co-12_43-02571	12:43	w-s012-a043-w014	w-s012-a043-w009	ء خ ر	س ب ع	5	3	9	3	2	6	intra_ayah:12:43:root:5
co-12_43-02572	12:43	w-s012-a043-w014	w-s012-a043-w011	ء خ ر	س ب ع	3	3	9	3	2	6	intra_ayah:12:43:root:5
co-12_43-02573	12:43	w-s012-a043-w013	w-s012-a043-w001	خ ض ر	ق و ل	12	11	11	1	1	1	intra_ayah:12:43:root:50
co-12_43-02574	12:43	w-s012-a043-w013	w-s012-a043-w022	خ ض ر	ك و ن	9	6	6	1	1	1	intra_ayah:12:43:root:51
co-12_43-02575	12:43	w-s012-a043-w013	w-s012-a043-w017	خ ض ر	م ل ء	4	3	3	1	1	1	intra_ayah:12:43:root:52
co-12_43-02576	12:43	w-s012-a043-w013	w-s012-a043-w002	خ ض ر	م ل ك	11	10	10	1	1	1	intra_ayah:12:43:root:53
co-12_43-02577	12:43	w-s012-a043-w013	w-s012-a043-w015	خ ض ر	ي ب س	2	2	2	1	2	2	intra_ayah:12:43:root:54
co-12_43-02578	12:43	w-s012-a043-w004	w-s012-a043-w005	ر ء ي	س ب ع	1	1	15	9	4	13	intra_ayah:12:43:root:55
co-12_43-02579	12:43	w-s012-a043-w004	w-s012-a043-w009	ر ء ي	س ب ع	5	1	15	9	4	13	intra_ayah:12:43:root:55
co-12_43-02580	12:43	w-s012-a043-w004	w-s012-a043-w011	ر ء ي	س ب ع	7	1	15	9	4	13	intra_ayah:12:43:root:55
co-12_43-02581	12:43	w-s012-a043-w020	w-s012-a043-w005	ر ء ي	س ب ع	15	1	15	9	4	13	intra_ayah:12:43:root:55
co-12_43-02582	12:43	w-s012-a043-w020	w-s012-a043-w009	ر ء ي	س ب ع	11	1	15	9	4	13	intra_ayah:12:43:root:55
co-12_43-02583	12:43	w-s012-a043-w020	w-s012-a043-w011	ر ء ي	س ب ع	9	1	15	9	4	13	intra_ayah:12:43:root:55
co-12_43-02584	12:43	w-s012-a043-w023	w-s012-a043-w005	ر ء ي	س ب ع	18	1	15	9	4	13	intra_ayah:12:43:root:55
co-12_43-02585	12:43	w-s012-a043-w023	w-s012-a043-w009	ر ء ي	س ب ع	14	1	15	9	4	13	intra_ayah:12:43:root:55
co-12_43-02586	12:43	w-s012-a043-w023	w-s012-a043-w011	ر ء ي	س ب ع	12	1	15	9	4	13	intra_ayah:12:43:root:55
co-12_43-02587	12:43	w-s012-a043-w004	w-s012-a043-w007	ر ء ي	س م ن	3	3	13	3	1	3	intra_ayah:12:43:root:56
co-12_43-02588	12:43	w-s012-a043-w020	w-s012-a043-w007	ر ء ي	س م ن	13	3	13	3	1	3	intra_ayah:12:43:root:56
co-12_43-02589	12:43	w-s012-a043-w023	w-s012-a043-w007	ر ء ي	س م ن	16	3	13	3	1	3	intra_ayah:12:43:root:56
co-12_43-02590	12:43	w-s012-a043-w004	w-s012-a043-w012	ر ء ي	س ن ب ل	8	6	8	3	1	3	intra_ayah:12:43:root:57
co-12_43-02591	12:43	w-s012-a043-w020	w-s012-a043-w012	ر ء ي	س ن ب ل	8	6	8	3	1	3	intra_ayah:12:43:root:57
co-12_43-02592	12:43	w-s012-a043-w023	w-s012-a043-w012	ر ء ي	س ن ب ل	11	6	8	3	1	3	intra_ayah:12:43:root:57
co-12_43-02593	12:43	w-s012-a043-w004	w-s012-a043-w024	ر ء ي	ع ب ر	20	1	17	3	2	5	intra_ayah:12:43:root:58
co-12_43-02594	12:43	w-s012-a043-w020	w-s012-a043-w024	ر ء ي	ع ب ر	4	1	17	3	2	5	intra_ayah:12:43:root:58
co-12_43-02595	12:43	w-s012-a043-w023	w-s012-a043-w024	ر ء ي	ع ب ر	1	1	17	3	2	5	intra_ayah:12:43:root:58
co-12_43-02596	12:43	w-s012-a043-w004	w-s012-a043-w010	ر ء ي	ع ج ف	6	6	10	3	1	3	intra_ayah:12:43:root:59
co-12_43-02597	12:43	w-s012-a043-w020	w-s012-a043-w010	ر ء ي	ع ج ف	10	6	10	3	1	3	intra_ayah:12:43:root:59
co-12_43-02598	12:43	w-s012-a043-w023	w-s012-a043-w010	ر ء ي	ع ج ف	13	6	10	3	1	3	intra_ayah:12:43:root:59
co-12_43-02599	12:43	w-s012-a043-w014	w-s012-a043-w007	ء خ ر	س م ن	7	7	7	1	2	2	intra_ayah:12:43:root:6
co-12_43-02600	12:43	w-s012-a043-w004	w-s012-a043-w018	ر ء ي	ف ت ي	14	1	13	3	3	7	intra_ayah:12:43:root:60
co-12_43-02601	12:43	w-s012-a043-w020	w-s012-a043-w018	ر ء ي	ف ت ي	2	1	13	3	3	7	intra_ayah:12:43:root:60
co-12_43-02602	12:43	w-s012-a043-w023	w-s012-a043-w018	ر ء ي	ف ت ي	5	1	13	3	3	7	intra_ayah:12:43:root:60
co-12_43-02603	12:43	w-s012-a043-w004	w-s012-a043-w001	ر ء ي	ق و ل	3	2	18	3	113	174	intra_ayah:12:43:root:61
co-12_43-02604	12:43	w-s012-a043-w020	w-s012-a043-w001	ر ء ي	ق و ل	19	2	18	3	113	174	intra_ayah:12:43:root:61
co-12_43-02605	12:43	w-s012-a043-w023	w-s012-a043-w001	ر ء ي	ق و ل	22	2	18	3	113	174	intra_ayah:12:43:root:61
co-12_43-02606	12:43	w-s012-a043-w004	w-s012-a043-w022	ر ء ي	ك و ن	18	1	15	3	57	69	intra_ayah:12:43:root:62
co-12_43-02607	12:43	w-s012-a043-w020	w-s012-a043-w022	ر ء ي	ك و ن	2	1	15	3	57	69	intra_ayah:12:43:root:62
co-12_43-02608	12:43	w-s012-a043-w023	w-s012-a043-w022	ر ء ي	ك و ن	1	1	15	3	57	69	intra_ayah:12:43:root:62
co-12_43-02609	12:43	w-s012-a043-w004	w-s012-a043-w017	ر ء ي	م ل ء	13	2	12	3	6	11	intra_ayah:12:43:root:63
co-12_43-02610	12:43	w-s012-a043-w020	w-s012-a043-w017	ر ء ي	م ل ء	3	2	12	3	6	11	intra_ayah:12:43:root:63
co-12_43-02611	12:43	w-s012-a043-w023	w-s012-a043-w017	ر ء ي	م ل ء	6	2	12	3	6	11	intra_ayah:12:43:root:63
co-12_43-02612	12:43	w-s012-a043-w004	w-s012-a043-w002	ر ء ي	م ل ك	2	1	17	3	14	18	intra_ayah:12:43:root:64
co-12_43-02613	12:43	w-s012-a043-w020	w-s012-a043-w002	ر ء ي	م ل ك	18	1	17	3	14	18	intra_ayah:12:43:root:64
co-12_43-02614	12:43	w-s012-a043-w023	w-s012-a043-w002	ر ء ي	م ل ك	21	1	17	3	14	18	intra_ayah:12:43:root:64
co-12_43-02615	12:43	w-s012-a043-w004	w-s012-a043-w015	ر ء ي	ي ب س	11	3	11	3	1	3	intra_ayah:12:43:root:65
co-12_43-02616	12:43	w-s012-a043-w020	w-s012-a043-w015	ر ء ي	ي ب س	5	3	11	3	1	3	intra_ayah:12:43:root:65
co-12_43-02617	12:43	w-s012-a043-w023	w-s012-a043-w015	ر ء ي	ي ب س	8	3	11	3	1	3	intra_ayah:12:43:root:65
co-12_43-02618	12:43	w-s012-a043-w005	w-s012-a043-w007	س ب ع	س م ن	2	2	4	3	2	6	intra_ayah:12:43:root:66
co-12_43-02619	12:43	w-s012-a043-w009	w-s012-a043-w007	س ب ع	س م ن	2	2	4	3	2	6	intra_ayah:12:43:root:66
co-12_43-02620	12:43	w-s012-a043-w011	w-s012-a043-w007	س ب ع	س م ن	4	2	4	3	2	6	intra_ayah:12:43:root:66
co-12_43-02621	12:43	w-s012-a043-w005	w-s012-a043-w012	س ب ع	س ن ب ل	7	1	7	3	4	9	intra_ayah:12:43:root:67
co-12_43-02622	12:43	w-s012-a043-w009	w-s012-a043-w012	س ب ع	س ن ب ل	3	1	7	3	4	9	intra_ayah:12:43:root:67
co-12_43-02623	12:43	w-s012-a043-w011	w-s012-a043-w012	س ب ع	س ن ب ل	1	1	7	3	4	9	intra_ayah:12:43:root:67
co-12_43-02624	12:43	w-s012-a043-w005	w-s012-a043-w024	س ب ع	ع ب ر	19	10	16	3	1	3	intra_ayah:12:43:root:68
co-12_43-02625	12:43	w-s012-a043-w009	w-s012-a043-w024	س ب ع	ع ب ر	15	10	16	3	1	3	intra_ayah:12:43:root:68
co-12_43-02626	12:43	w-s012-a043-w011	w-s012-a043-w024	س ب ع	ع ب ر	13	10	16	3	1	3	intra_ayah:12:43:root:68
co-12_43-02627	12:43	w-s012-a043-w005	w-s012-a043-w010	س ب ع	ع ج ف	5	1	5	3	2	6	intra_ayah:12:43:root:69
co-12_43-02628	12:43	w-s012-a043-w009	w-s012-a043-w010	س ب ع	ع ج ف	1	1	5	3	2	6	intra_ayah:12:43:root:69
co-12_43-02629	12:43	w-s012-a043-w011	w-s012-a043-w010	س ب ع	ع ج ف	1	1	5	3	2	6	intra_ayah:12:43:root:69
co-12_43-02630	12:43	w-s012-a043-w014	w-s012-a043-w012	ء خ ر	س ن ب ل	2	2	2	1	2	2	intra_ayah:12:43:root:7
co-12_43-02631	12:43	w-s012-a043-w005	w-s012-a043-w018	س ب ع	ف ت ي	13	6	12	3	3	7	intra_ayah:12:43:root:70
co-12_43-02632	12:43	w-s012-a043-w009	w-s012-a043-w018	س ب ع	ف ت ي	9	6	12	3	3	7	intra_ayah:12:43:root:70
co-12_43-02633	12:43	w-s012-a043-w011	w-s012-a043-w018	س ب ع	ف ت ي	7	6	12	3	3	7	intra_ayah:12:43:root:70
co-12_43-02634	12:43	w-s012-a043-w005	w-s012-a043-w001	س ب ع	ق و ل	4	3	9	3	5	10	intra_ayah:12:43:root:71
co-12_43-02635	12:43	w-s012-a043-w009	w-s012-a043-w001	س ب ع	ق و ل	8	3	9	3	5	10	intra_ayah:12:43:root:71
co-12_43-02636	12:43	w-s012-a043-w011	w-s012-a043-w001	س ب ع	ق و ل	10	3	9	3	5	10	intra_ayah:12:43:root:71
co-12_43-02637	12:43	w-s012-a043-w005	w-s012-a043-w022	س ب ع	ك و ن	17	8	14	3	4	7	intra_ayah:12:43:root:72
co-12_43-02638	12:43	w-s012-a043-w009	w-s012-a043-w022	س ب ع	ك و ن	13	8	14	3	4	7	intra_ayah:12:43:root:72
co-12_43-02639	12:43	w-s012-a043-w011	w-s012-a043-w022	س ب ع	ك و ن	11	8	14	3	4	7	intra_ayah:12:43:root:72
co-12_43-02640	12:43	w-s012-a043-w005	w-s012-a043-w017	س ب ع	م ل ء	12	5	11	3	1	3	intra_ayah:12:43:root:73
co-12_43-02641	12:43	w-s012-a043-w009	w-s012-a043-w017	س ب ع	م ل ء	8	5	11	3	1	3	intra_ayah:12:43:root:73
co-12_43-02642	12:43	w-s012-a043-w011	w-s012-a043-w017	س ب ع	م ل ء	6	5	11	3	1	3	intra_ayah:12:43:root:73
co-12_43-02643	12:43	w-s012-a043-w005	w-s012-a043-w002	س ب ع	م ل ك	3	2	8	3	1	3	intra_ayah:12:43:root:74
co-12_43-02644	12:43	w-s012-a043-w009	w-s012-a043-w002	س ب ع	م ل ك	7	2	8	3	1	3	intra_ayah:12:43:root:74
co-12_43-02645	12:43	w-s012-a043-w011	w-s012-a043-w002	س ب ع	م ل ك	9	2	8	3	1	3	intra_ayah:12:43:root:74
co-12_43-02646	12:43	w-s012-a043-w005	w-s012-a043-w015	س ب ع	ي ب س	10	4	10	3	2	6	intra_ayah:12:43:root:75
co-12_43-02647	12:43	w-s012-a043-w009	w-s012-a043-w015	س ب ع	ي ب س	6	4	10	3	2	6	intra_ayah:12:43:root:75
co-12_43-02648	12:43	w-s012-a043-w011	w-s012-a043-w015	س ب ع	ي ب س	4	4	10	3	2	6	intra_ayah:12:43:root:75
co-12_43-02649	12:43	w-s012-a043-w007	w-s012-a043-w012	س م ن	س ن ب ل	5	5	5	1	2	2	intra_ayah:12:43:root:76
co-12_43-02650	12:43	w-s012-a043-w007	w-s012-a043-w024	س م ن	ع ب ر	17	14	14	1	1	1	intra_ayah:12:43:root:77
co-12_43-02651	12:43	w-s012-a043-w007	w-s012-a043-w010	س م ن	ع ج ف	3	3	3	1	2	2	intra_ayah:12:43:root:78
co-12_43-02652	12:43	w-s012-a043-w007	w-s012-a043-w018	س م ن	ف ت ي	11	10	10	1	2	2	intra_ayah:12:43:root:79
co-12_43-02653	12:43	w-s012-a043-w014	w-s012-a043-w024	ء خ ر	ع ب ر	10	7	7	1	2	2	intra_ayah:12:43:root:8
co-12_43-02654	12:43	w-s012-a043-w007	w-s012-a043-w001	س م ن	ق و ل	6	5	5	1	1	1	intra_ayah:12:43:root:80
co-12_43-02655	12:43	w-s012-a043-w007	w-s012-a043-w022	س م ن	ك و ن	15	12	12	1	1	1	intra_ayah:12:43:root:81
co-12_43-02656	12:43	w-s012-a043-w007	w-s012-a043-w017	س م ن	م ل ء	10	9	9	1	1	1	intra_ayah:12:43:root:82
co-12_43-02657	12:43	w-s012-a043-w007	w-s012-a043-w002	س م ن	م ل ك	5	4	4	1	1	1	intra_ayah:12:43:root:83
co-12_43-02658	12:43	w-s012-a043-w007	w-s012-a043-w015	س م ن	ي ب س	8	8	8	1	2	2	intra_ayah:12:43:root:84
co-12_43-02659	12:43	w-s012-a043-w012	w-s012-a043-w024	س ن ب ل	ع ب ر	12	9	9	1	1	1	intra_ayah:12:43:root:85
co-12_43-02660	12:43	w-s012-a043-w012	w-s012-a043-w010	س ن ب ل	ع ج ف	2	2	2	1	2	2	intra_ayah:12:43:root:86
co-12_43-02661	12:43	w-s012-a043-w012	w-s012-a043-w018	س ن ب ل	ف ت ي	6	5	5	1	2	2	intra_ayah:12:43:root:87
co-12_43-02662	12:43	w-s012-a043-w012	w-s012-a043-w001	س ن ب ل	ق و ل	11	10	10	1	2	2	intra_ayah:12:43:root:88
co-12_43-02663	12:43	w-s012-a043-w012	w-s012-a043-w022	س ن ب ل	ك و ن	10	7	7	1	1	1	intra_ayah:12:43:root:89
co-12_43-02664	12:43	w-s012-a043-w014	w-s012-a043-w010	ء خ ر	ع ج ف	4	4	4	1	2	2	intra_ayah:12:43:root:9
co-12_43-02665	12:43	w-s012-a043-w012	w-s012-a043-w017	س ن ب ل	م ل ء	5	4	4	1	1	1	intra_ayah:12:43:root:90
co-12_43-02666	12:43	w-s012-a043-w012	w-s012-a043-w002	س ن ب ل	م ل ك	10	9	9	1	1	1	intra_ayah:12:43:root:91
co-12_43-02667	12:43	w-s012-a043-w012	w-s012-a043-w015	س ن ب ل	ي ب س	3	3	3	1	2	2	intra_ayah:12:43:root:92
co-12_43-02668	12:43	w-s012-a043-w024	w-s012-a043-w010	ع ب ر	ع ج ف	14	11	11	1	1	1	intra_ayah:12:43:root:93
co-12_43-02669	12:43	w-s012-a043-w024	w-s012-a043-w018	ع ب ر	ف ت ي	6	4	4	1	1	1	intra_ayah:12:43:root:94
co-12_43-02670	12:43	w-s012-a043-w024	w-s012-a043-w001	ع ب ر	ق و ل	23	19	19	1	2	2	intra_ayah:12:43:root:95
co-12_43-02671	12:43	w-s012-a043-w024	w-s012-a043-w022	ع ب ر	ك و ن	2	2	2	1	4	6	intra_ayah:12:43:root:96
co-12_43-02672	12:43	w-s012-a043-w024	w-s012-a043-w017	ع ب ر	م ل ء	7	5	5	1	1	1	intra_ayah:12:43:root:97
co-12_43-02673	12:43	w-s012-a043-w024	w-s012-a043-w002	ع ب ر	م ل ك	22	18	18	1	1	1	intra_ayah:12:43:root:98
co-12_43-02674	12:43	w-s012-a043-w024	w-s012-a043-w015	ع ب ر	ي ب س	9	6	6	1	1	1	intra_ayah:12:43:root:99
co-12_44-02675	12:44	w-s012-a044-w006	w-s012-a044-w003	ء و ل	ح ل م	3	1	1	2	2	3	intra_ayah:12:44:root:1
co-12_44-02676	12:44	w-s012-a044-w006	w-s012-a044-w007	ء و ل	ح ل م	1	1	1	2	2	3	intra_ayah:12:44:root:1
co-12_44-02677	12:44	w-s012-a044-w008	w-s012-a044-w001	ع ل م	ق و ل	7	5	5	1	230	414	intra_ayah:12:44:root:10
co-12_44-02678	12:44	w-s012-a044-w006	w-s012-a044-w002	ء و ل	ض غ ث	4	2	2	1	2	2	intra_ayah:12:44:root:2
co-12_44-02679	12:44	w-s012-a044-w006	w-s012-a044-w008	ء و ل	ع ل م	2	2	2	1	22	34	intra_ayah:12:44:root:3
co-12_44-02680	12:44	w-s012-a044-w006	w-s012-a044-w001	ء و ل	ق و ل	5	3	3	1	51	72	intra_ayah:12:44:root:4
co-12_44-02681	12:44	w-s012-a044-w003	w-s012-a044-w002	ح ل م	ض غ ث	1	1	3	2	2	3	intra_ayah:12:44:root:5
co-12_44-02682	12:44	w-s012-a044-w007	w-s012-a044-w002	ح ل م	ض غ ث	5	1	3	2	2	3	intra_ayah:12:44:root:5
co-12_44-02683	12:44	w-s012-a044-w003	w-s012-a044-w008	ح ل م	ع ل م	5	1	3	2	7	12	intra_ayah:12:44:root:6
co-12_44-02684	12:44	w-s012-a044-w007	w-s012-a044-w008	ح ل م	ع ل م	1	1	3	2	7	12	intra_ayah:12:44:root:6
co-12_44-02685	12:44	w-s012-a044-w003	w-s012-a044-w001	ح ل م	ق و ل	2	2	4	2	5	7	intra_ayah:12:44:root:7
co-12_44-02686	12:44	w-s012-a044-w007	w-s012-a044-w001	ح ل م	ق و ل	6	2	4	2	5	7	intra_ayah:12:44:root:7
co-12_44-02687	12:44	w-s012-a044-w002	w-s012-a044-w008	ض غ ث	ع ل م	6	4	4	1	1	1	intra_ayah:12:44:root:8
co-12_44-02688	12:44	w-s012-a044-w002	w-s012-a044-w001	ض غ ث	ق و ل	1	1	1	1	2	2	intra_ayah:12:44:root:9
co-12_45-02689	12:45	w-s012-a045-w007	w-s012-a045-w010	ء م م	ء و ل	3	2	2	1	4	7	intra_ayah:12:45:root:1
co-12_45-02690	12:45	w-s012-a045-w010	w-s012-a045-w011	ء و ل	ر س ل	1	1	1	1	15	20	intra_ayah:12:45:root:10
co-12_45-02691	12:45	w-s012-a045-w010	w-s012-a045-w001	ء و ل	ق و ل	9	6	6	1	51	72	intra_ayah:12:45:root:11
co-12_45-02692	12:45	w-s012-a045-w010	w-s012-a045-w009	ء و ل	ن ب ء	1	1	1	1	8	9	intra_ayah:12:45:root:12
co-12_45-02693	12:45	w-s012-a045-w010	w-s012-a045-w003	ء و ل	ن ج و	7	5	5	1	8	8	intra_ayah:12:45:root:13
co-12_45-02694	12:45	w-s012-a045-w006	w-s012-a045-w005	ب ع د	ذ ك ر	1	1	1	1	11	14	intra_ayah:12:45:root:14
co-12_45-02695	12:45	w-s012-a045-w006	w-s012-a045-w011	ب ع د	ر س ل	5	4	4	1	26	35	intra_ayah:12:45:root:15
co-12_45-02696	12:45	w-s012-a045-w006	w-s012-a045-w001	ب ع د	ق و ل	5	3	3	1	46	67	intra_ayah:12:45:root:16
co-12_45-02697	12:45	w-s012-a045-w006	w-s012-a045-w009	ب ع د	ن ب ء	3	2	2	1	13	14	intra_ayah:12:45:root:17
co-12_45-02698	12:45	w-s012-a045-w006	w-s012-a045-w003	ب ع د	ن ج و	3	2	2	1	2	2	intra_ayah:12:45:root:18
co-12_45-02699	12:45	w-s012-a045-w005	w-s012-a045-w011	ذ ك ر	ر س ل	6	5	5	1	11	11	intra_ayah:12:45:root:19
co-12_45-02700	12:45	w-s012-a045-w007	w-s012-a045-w006	ء م م	ب ع د	1	1	1	1	9	11	intra_ayah:12:45:root:2
co-12_45-02701	12:45	w-s012-a045-w005	w-s012-a045-w001	ذ ك ر	ق و ل	4	2	2	1	48	58	intra_ayah:12:45:root:20
co-12_45-02702	12:45	w-s012-a045-w005	w-s012-a045-w009	ذ ك ر	ن ب ء	4	3	3	1	11	11	intra_ayah:12:45:root:21
co-12_45-02703	12:45	w-s012-a045-w005	w-s012-a045-w003	ذ ك ر	ن ج و	2	1	1	1	4	5	intra_ayah:12:45:root:22
co-12_45-02704	12:45	w-s012-a045-w011	w-s012-a045-w001	ر س ل	ق و ل	10	7	7	1	120	181	intra_ayah:12:45:root:23
co-12_45-02705	12:45	w-s012-a045-w011	w-s012-a045-w009	ر س ل	ن ب ء	2	2	2	1	23	29	intra_ayah:12:45:root:24
co-12_45-02706	12:45	w-s012-a045-w011	w-s012-a045-w003	ر س ل	ن ج و	8	6	6	1	10	15	intra_ayah:12:45:root:25
co-12_45-02707	12:45	w-s012-a045-w001	w-s012-a045-w009	ق و ل	ن ب ء	8	5	5	1	52	87	intra_ayah:12:45:root:26
co-12_45-02708	12:45	w-s012-a045-w001	w-s012-a045-w003	ق و ل	ن ج و	2	1	1	1	16	23	intra_ayah:12:45:root:27
co-12_45-02709	12:45	w-s012-a045-w009	w-s012-a045-w003	ن ب ء	ن ج و	6	4	4	1	3	3	intra_ayah:12:45:root:28
co-12_45-02710	12:45	w-s012-a045-w007	w-s012-a045-w005	ء م م	ذ ك ر	2	2	2	1	4	5	intra_ayah:12:45:root:3
co-12_45-02711	12:45	w-s012-a045-w007	w-s012-a045-w011	ء م م	ر س ل	4	3	3	1	18	25	intra_ayah:12:45:root:4
co-12_45-02712	12:45	w-s012-a045-w007	w-s012-a045-w001	ء م م	ق و ل	6	4	4	1	27	52	intra_ayah:12:45:root:5
co-12_45-02713	12:45	w-s012-a045-w007	w-s012-a045-w009	ء م م	ن ب ء	2	1	1	1	7	7	intra_ayah:12:45:root:6
co-12_45-02714	12:45	w-s012-a045-w007	w-s012-a045-w003	ء م م	ن ج و	4	3	3	1	2	2	intra_ayah:12:45:root:7
co-12_45-02715	12:45	w-s012-a045-w010	w-s012-a045-w006	ء و ل	ب ع د	4	3	3	1	5	5	intra_ayah:12:45:root:8
co-12_45-02716	12:45	w-s012-a045-w010	w-s012-a045-w005	ء و ل	ذ ك ر	5	4	4	1	17	19	intra_ayah:12:45:root:9
co-12_46-02717	12:46	w-s012-a046-w015	w-s012-a046-w009	ء خ ر	ء ك ل	6	6	6	1	5	6	intra_ayah:12:46:root:1
co-12_46-02718	12:46	w-s012-a046-w015	w-s012-a046-w022	ء خ ر	ع ل م	7	4	4	1	34	53	intra_ayah:12:46:root:10
co-12_46-02719	12:46	w-s012-a046-w015	w-s012-a046-w004	ء خ ر	ف ت ي	11	10	10	1	4	4	intra_ayah:12:46:root:11
co-12_46-02720	12:46	w-s012-a046-w015	w-s012-a046-w020	ء خ ر	ن و س	5	3	3	1	15	17	intra_ayah:12:46:root:12
co-12_46-02721	12:46	w-s012-a046-w015	w-s012-a046-w016	ء خ ر	ي ب س	1	1	1	1	2	2	intra_ayah:12:46:root:13
co-12_46-02722	12:46	w-s012-a046-w009	w-s012-a046-w007	ء ك ل	ب ق ر	2	2	2	1	2	2	intra_ayah:12:46:root:14
co-12_46-02723	12:46	w-s012-a046-w009	w-s012-a046-w014	ء ك ل	خ ض ر	5	5	5	1	2	2	intra_ayah:12:46:root:15
co-12_46-02724	12:46	w-s012-a046-w009	w-s012-a046-w018	ء ك ل	ر ج ع	9	8	8	1	1	1	intra_ayah:12:46:root:16
co-12_46-02725	12:46	w-s012-a046-w009	w-s012-a046-w006	ء ك ل	س ب ع	3	1	3	3	5	9	intra_ayah:12:46:root:17
co-12_46-02726	12:46	w-s012-a046-w009	w-s012-a046-w010	ء ك ل	س ب ع	1	1	3	3	5	9	intra_ayah:12:46:root:17
co-12_46-02727	12:46	w-s012-a046-w009	w-s012-a046-w012	ء ك ل	س ب ع	3	1	3	3	5	9	intra_ayah:12:46:root:17
co-12_46-02728	12:46	w-s012-a046-w009	w-s012-a046-w008	ء ك ل	س م ن	1	1	1	1	2	2	intra_ayah:12:46:root:18
co-12_46-02729	12:46	w-s012-a046-w009	w-s012-a046-w013	ء ك ل	س ن ب ل	4	4	4	1	3	3	intra_ayah:12:46:root:19
co-12_46-02730	12:46	w-s012-a046-w015	w-s012-a046-w007	ء خ ر	ب ق ر	8	8	8	1	2	2	intra_ayah:12:46:root:2
co-12_46-02731	12:46	w-s012-a046-w009	w-s012-a046-w003	ء ك ل	ص د ق	6	5	5	1	7	8	intra_ayah:12:46:root:20
co-12_46-02732	12:46	w-s012-a046-w009	w-s012-a046-w011	ء ك ل	ع ج ف	2	2	2	1	2	2	intra_ayah:12:46:root:21
co-12_46-02733	12:46	w-s012-a046-w009	w-s012-a046-w022	ء ك ل	ع ل م	13	10	10	1	12	16	intra_ayah:12:46:root:22
co-12_46-02734	12:46	w-s012-a046-w009	w-s012-a046-w004	ء ك ل	ف ت ي	5	4	4	1	4	4	intra_ayah:12:46:root:23
co-12_46-02735	12:46	w-s012-a046-w009	w-s012-a046-w020	ء ك ل	ن و س	11	9	9	1	9	10	intra_ayah:12:46:root:24
co-12_46-02736	12:46	w-s012-a046-w009	w-s012-a046-w016	ء ك ل	ي ب س	7	7	7	1	2	2	intra_ayah:12:46:root:25
co-12_46-02737	12:46	w-s012-a046-w007	w-s012-a046-w014	ب ق ر	خ ض ر	7	7	7	1	2	2	intra_ayah:12:46:root:26
co-12_46-02738	12:46	w-s012-a046-w007	w-s012-a046-w018	ب ق ر	ر ج ع	11	10	10	1	1	1	intra_ayah:12:46:root:27
co-12_46-02739	12:46	w-s012-a046-w007	w-s012-a046-w006	ب ق ر	س ب ع	1	1	5	3	2	6	intra_ayah:12:46:root:28
co-12_46-02740	12:46	w-s012-a046-w007	w-s012-a046-w010	ب ق ر	س ب ع	3	1	5	3	2	6	intra_ayah:12:46:root:28
co-12_46-02741	12:46	w-s012-a046-w007	w-s012-a046-w012	ب ق ر	س ب ع	5	1	5	3	2	6	intra_ayah:12:46:root:28
co-12_46-02742	12:46	w-s012-a046-w007	w-s012-a046-w008	ب ق ر	س م ن	1	1	1	1	2	2	intra_ayah:12:46:root:29
co-12_46-02743	12:46	w-s012-a046-w015	w-s012-a046-w014	ء خ ر	خ ض ر	1	1	1	1	2	2	intra_ayah:12:46:root:3
co-12_46-02744	12:46	w-s012-a046-w007	w-s012-a046-w013	ب ق ر	س ن ب ل	6	6	6	1	2	2	intra_ayah:12:46:root:30
co-12_46-02745	12:46	w-s012-a046-w007	w-s012-a046-w003	ب ق ر	ص د ق	4	3	3	1	2	2	intra_ayah:12:46:root:31
co-12_46-02746	12:46	w-s012-a046-w007	w-s012-a046-w011	ب ق ر	ع ج ف	4	4	4	1	2	2	intra_ayah:12:46:root:32
co-12_46-02747	12:46	w-s012-a046-w007	w-s012-a046-w022	ب ق ر	ع ل م	15	12	12	1	2	2	intra_ayah:12:46:root:33
co-12_46-02748	12:46	w-s012-a046-w007	w-s012-a046-w004	ب ق ر	ف ت ي	3	2	2	1	2	2	intra_ayah:12:46:root:34
co-12_46-02749	12:46	w-s012-a046-w007	w-s012-a046-w020	ب ق ر	ن و س	13	11	11	1	2	2	intra_ayah:12:46:root:35
co-12_46-02750	12:46	w-s012-a046-w007	w-s012-a046-w016	ب ق ر	ي ب س	9	9	9	1	2	2	intra_ayah:12:46:root:36
co-12_46-02751	12:46	w-s012-a046-w014	w-s012-a046-w018	خ ض ر	ر ج ع	4	3	3	1	1	1	intra_ayah:12:46:root:37
co-12_46-02752	12:46	w-s012-a046-w014	w-s012-a046-w006	خ ض ر	س ب ع	8	2	8	3	2	6	intra_ayah:12:46:root:38
co-12_46-02753	12:46	w-s012-a046-w014	w-s012-a046-w010	خ ض ر	س ب ع	4	2	8	3	2	6	intra_ayah:12:46:root:38
co-12_46-02754	12:46	w-s012-a046-w014	w-s012-a046-w012	خ ض ر	س ب ع	2	2	8	3	2	6	intra_ayah:12:46:root:38
co-12_46-02755	12:46	w-s012-a046-w014	w-s012-a046-w008	خ ض ر	س م ن	6	6	6	1	2	2	intra_ayah:12:46:root:39
co-12_46-02756	12:46	w-s012-a046-w015	w-s012-a046-w018	ء خ ر	ر ج ع	3	2	2	1	6	6	intra_ayah:12:46:root:4
co-12_46-02757	12:46	w-s012-a046-w014	w-s012-a046-w013	خ ض ر	س ن ب ل	1	1	1	1	2	2	intra_ayah:12:46:root:40
co-12_46-02758	12:46	w-s012-a046-w014	w-s012-a046-w003	خ ض ر	ص د ق	11	10	10	1	1	1	intra_ayah:12:46:root:41
co-12_46-02759	12:46	w-s012-a046-w014	w-s012-a046-w011	خ ض ر	ع ج ف	3	3	3	1	2	2	intra_ayah:12:46:root:42
co-12_46-02760	12:46	w-s012-a046-w014	w-s012-a046-w022	خ ض ر	ع ل م	8	5	5	1	1	1	intra_ayah:12:46:root:43
co-12_46-02761	12:46	w-s012-a046-w014	w-s012-a046-w004	خ ض ر	ف ت ي	10	9	9	1	2	2	intra_ayah:12:46:root:44
co-12_46-02762	12:46	w-s012-a046-w014	w-s012-a046-w020	خ ض ر	ن و س	6	4	4	1	1	1	intra_ayah:12:46:root:45
co-12_46-02763	12:46	w-s012-a046-w014	w-s012-a046-w016	خ ض ر	ي ب س	2	2	2	1	2	2	intra_ayah:12:46:root:46
co-12_46-02764	12:46	w-s012-a046-w018	w-s012-a046-w006	ر ج ع	س ب ع	12	5	11	3	3	5	intra_ayah:12:46:root:47
co-12_46-02765	12:46	w-s012-a046-w018	w-s012-a046-w010	ر ج ع	س ب ع	8	5	11	3	3	5	intra_ayah:12:46:root:47
co-12_46-02766	12:46	w-s012-a046-w018	w-s012-a046-w012	ر ج ع	س ب ع	6	5	11	3	3	5	intra_ayah:12:46:root:47
co-12_46-02767	12:46	w-s012-a046-w018	w-s012-a046-w008	ر ج ع	س م ن	10	9	9	1	1	1	intra_ayah:12:46:root:48
co-12_46-02768	12:46	w-s012-a046-w018	w-s012-a046-w013	ر ج ع	س ن ب ل	5	4	4	1	1	1	intra_ayah:12:46:root:49
co-12_46-02769	12:46	w-s012-a046-w015	w-s012-a046-w006	ء خ ر	س ب ع	9	3	9	3	2	6	intra_ayah:12:46:root:5
co-12_46-02770	12:46	w-s012-a046-w015	w-s012-a046-w010	ء خ ر	س ب ع	5	3	9	3	2	6	intra_ayah:12:46:root:5
co-12_46-02771	12:46	w-s012-a046-w015	w-s012-a046-w012	ء خ ر	س ب ع	3	3	9	3	2	6	intra_ayah:12:46:root:5
co-12_46-02772	12:46	w-s012-a046-w018	w-s012-a046-w003	ر ج ع	ص د ق	15	13	13	1	4	4	intra_ayah:12:46:root:50
co-12_46-02773	12:46	w-s012-a046-w018	w-s012-a046-w011	ر ج ع	ع ج ف	7	6	6	1	1	1	intra_ayah:12:46:root:51
co-12_46-02774	12:46	w-s012-a046-w018	w-s012-a046-w022	ر ج ع	ع ل م	4	2	2	1	18	22	intra_ayah:12:46:root:52
co-12_46-02775	12:46	w-s012-a046-w018	w-s012-a046-w004	ر ج ع	ف ت ي	14	12	12	1	2	2	intra_ayah:12:46:root:53
co-12_46-02776	12:46	w-s012-a046-w018	w-s012-a046-w020	ر ج ع	ن و س	2	1	1	1	3	3	intra_ayah:12:46:root:54
co-12_46-02777	12:46	w-s012-a046-w018	w-s012-a046-w016	ر ج ع	ي ب س	2	1	1	1	1	1	intra_ayah:12:46:root:55
co-12_46-02778	12:46	w-s012-a046-w006	w-s012-a046-w008	س ب ع	س م ن	2	2	4	3	2	6	intra_ayah:12:46:root:56
co-12_46-02779	12:46	w-s012-a046-w010	w-s012-a046-w008	س ب ع	س م ن	2	2	4	3	2	6	intra_ayah:12:46:root:56
co-12_46-02780	12:46	w-s012-a046-w012	w-s012-a046-w008	س ب ع	س م ن	4	2	4	3	2	6	intra_ayah:12:46:root:56
co-12_46-02781	12:46	w-s012-a046-w006	w-s012-a046-w013	س ب ع	س ن ب ل	7	1	7	3	4	9	intra_ayah:12:46:root:57
co-12_46-02782	12:46	w-s012-a046-w010	w-s012-a046-w013	س ب ع	س ن ب ل	3	1	7	3	4	9	intra_ayah:12:46:root:57
co-12_46-02783	12:46	w-s012-a046-w012	w-s012-a046-w013	س ب ع	س ن ب ل	1	1	7	3	4	9	intra_ayah:12:46:root:57
co-12_46-02784	12:46	w-s012-a046-w006	w-s012-a046-w003	س ب ع	ص د ق	3	2	8	3	2	4	intra_ayah:12:46:root:58
co-12_46-02785	12:46	w-s012-a046-w010	w-s012-a046-w003	س ب ع	ص د ق	7	2	8	3	2	4	intra_ayah:12:46:root:58
co-12_46-02786	12:46	w-s012-a046-w012	w-s012-a046-w003	س ب ع	ص د ق	9	2	8	3	2	4	intra_ayah:12:46:root:58
co-12_46-02787	12:46	w-s012-a046-w006	w-s012-a046-w011	س ب ع	ع ج ف	5	1	5	3	2	6	intra_ayah:12:46:root:59
co-12_46-02788	12:46	w-s012-a046-w010	w-s012-a046-w011	س ب ع	ع ج ف	1	1	5	3	2	6	intra_ayah:12:46:root:59
co-12_46-02789	12:46	w-s012-a046-w012	w-s012-a046-w011	س ب ع	ع ج ف	1	1	5	3	2	6	intra_ayah:12:46:root:59
co-12_46-02790	12:46	w-s012-a046-w015	w-s012-a046-w008	ء خ ر	س م ن	7	7	7	1	2	2	intra_ayah:12:46:root:6
co-12_46-02791	12:46	w-s012-a046-w006	w-s012-a046-w022	س ب ع	ع ل م	16	7	13	3	7	11	intra_ayah:12:46:root:60
co-12_46-02792	12:46	w-s012-a046-w010	w-s012-a046-w022	س ب ع	ع ل م	12	7	13	3	7	11	intra_ayah:12:46:root:60
co-12_46-02793	12:46	w-s012-a046-w012	w-s012-a046-w022	س ب ع	ع ل م	10	7	13	3	7	11	intra_ayah:12:46:root:60
co-12_46-02794	12:46	w-s012-a046-w006	w-s012-a046-w004	س ب ع	ف ت ي	2	1	7	3	3	7	intra_ayah:12:46:root:61
co-12_46-02795	12:46	w-s012-a046-w010	w-s012-a046-w004	س ب ع	ف ت ي	6	1	7	3	3	7	intra_ayah:12:46:root:61
co-12_46-02796	12:46	w-s012-a046-w012	w-s012-a046-w004	س ب ع	ف ت ي	8	1	7	3	3	7	intra_ayah:12:46:root:61
co-12_46-02797	12:46	w-s012-a046-w006	w-s012-a046-w020	س ب ع	ن و س	14	6	12	3	1	3	intra_ayah:12:46:root:62
co-12_46-02798	12:46	w-s012-a046-w010	w-s012-a046-w020	س ب ع	ن و س	10	6	12	3	1	3	intra_ayah:12:46:root:62
co-12_46-02799	12:46	w-s012-a046-w012	w-s012-a046-w020	س ب ع	ن و س	8	6	12	3	1	3	intra_ayah:12:46:root:62
co-12_46-02800	12:46	w-s012-a046-w006	w-s012-a046-w016	س ب ع	ي ب س	10	4	10	3	2	6	intra_ayah:12:46:root:63
co-12_46-02801	12:46	w-s012-a046-w010	w-s012-a046-w016	س ب ع	ي ب س	6	4	10	3	2	6	intra_ayah:12:46:root:63
co-12_46-02802	12:46	w-s012-a046-w012	w-s012-a046-w016	س ب ع	ي ب س	4	4	10	3	2	6	intra_ayah:12:46:root:63
co-12_46-02803	12:46	w-s012-a046-w008	w-s012-a046-w013	س م ن	س ن ب ل	5	5	5	1	2	2	intra_ayah:12:46:root:64
co-12_46-02804	12:46	w-s012-a046-w008	w-s012-a046-w003	س م ن	ص د ق	5	4	4	1	1	1	intra_ayah:12:46:root:65
co-12_46-02805	12:46	w-s012-a046-w008	w-s012-a046-w011	س م ن	ع ج ف	3	3	3	1	2	2	intra_ayah:12:46:root:66
co-12_46-02806	12:46	w-s012-a046-w008	w-s012-a046-w022	س م ن	ع ل م	14	11	11	1	1	1	intra_ayah:12:46:root:67
co-12_46-02807	12:46	w-s012-a046-w008	w-s012-a046-w004	س م ن	ف ت ي	4	3	3	1	2	2	intra_ayah:12:46:root:68
co-12_46-02808	12:46	w-s012-a046-w008	w-s012-a046-w020	س م ن	ن و س	12	10	10	1	1	1	intra_ayah:12:46:root:69
co-12_46-02809	12:46	w-s012-a046-w015	w-s012-a046-w013	ء خ ر	س ن ب ل	2	2	2	1	2	2	intra_ayah:12:46:root:7
co-12_46-02810	12:46	w-s012-a046-w008	w-s012-a046-w016	س م ن	ي ب س	8	8	8	1	2	2	intra_ayah:12:46:root:70
co-12_46-02811	12:46	w-s012-a046-w013	w-s012-a046-w003	س ن ب ل	ص د ق	10	9	9	1	1	1	intra_ayah:12:46:root:71
co-12_46-02812	12:46	w-s012-a046-w013	w-s012-a046-w011	س ن ب ل	ع ج ف	2	2	2	1	2	2	intra_ayah:12:46:root:72
co-12_46-02813	12:46	w-s012-a046-w013	w-s012-a046-w022	س ن ب ل	ع ل م	9	6	6	1	2	3	intra_ayah:12:46:root:73
co-12_46-02814	12:46	w-s012-a046-w013	w-s012-a046-w004	س ن ب ل	ف ت ي	9	8	8	1	2	2	intra_ayah:12:46:root:74
co-12_46-02815	12:46	w-s012-a046-w013	w-s012-a046-w020	س ن ب ل	ن و س	7	5	5	1	1	1	intra_ayah:12:46:root:75
co-12_46-02816	12:46	w-s012-a046-w013	w-s012-a046-w016	س ن ب ل	ي ب س	3	3	3	1	2	2	intra_ayah:12:46:root:76
co-12_46-02817	12:46	w-s012-a046-w003	w-s012-a046-w011	ص د ق	ع ج ف	8	7	7	1	1	1	intra_ayah:12:46:root:77
co-12_46-02818	12:46	w-s012-a046-w003	w-s012-a046-w022	ص د ق	ع ل م	19	15	15	1	19	21	intra_ayah:12:46:root:78
co-12_46-02819	12:46	w-s012-a046-w003	w-s012-a046-w004	ص د ق	ف ت ي	1	1	1	1	1	1	intra_ayah:12:46:root:79
co-12_46-02820	12:46	w-s012-a046-w015	w-s012-a046-w003	ء خ ر	ص د ق	12	11	11	1	8	8	intra_ayah:12:46:root:8
co-12_46-02821	12:46	w-s012-a046-w003	w-s012-a046-w020	ص د ق	ن و س	17	14	14	1	6	7	intra_ayah:12:46:root:80
co-12_46-02822	12:46	w-s012-a046-w003	w-s012-a046-w016	ص د ق	ي ب س	13	12	12	1	1	1	intra_ayah:12:46:root:81
co-12_46-02823	12:46	w-s012-a046-w011	w-s012-a046-w022	ع ج ف	ع ل م	11	8	8	1	1	1	intra_ayah:12:46:root:82
co-12_46-02824	12:46	w-s012-a046-w011	w-s012-a046-w004	ع ج ف	ف ت ي	7	6	6	1	2	2	intra_ayah:12:46:root:83
co-12_46-02825	12:46	w-s012-a046-w011	w-s012-a046-w020	ع ج ف	ن و س	9	7	7	1	1	1	intra_ayah:12:46:root:84
co-12_46-02826	12:46	w-s012-a046-w011	w-s012-a046-w016	ع ج ف	ي ب س	5	5	5	1	2	2	intra_ayah:12:46:root:85
co-12_46-02827	12:46	w-s012-a046-w022	w-s012-a046-w004	ع ل م	ف ت ي	18	14	14	1	6	9	intra_ayah:12:46:root:86
co-12_46-02828	12:46	w-s012-a046-w022	w-s012-a046-w020	ع ل م	ن و س	2	1	1	1	48	74	intra_ayah:12:46:root:87
co-12_46-02829	12:46	w-s012-a046-w022	w-s012-a046-w016	ع ل م	ي ب س	6	3	3	1	2	4	intra_ayah:12:46:root:88
co-12_46-02830	12:46	w-s012-a046-w004	w-s012-a046-w020	ف ت ي	ن و س	16	13	13	1	1	1	intra_ayah:12:46:root:89
co-12_46-02831	12:46	w-s012-a046-w015	w-s012-a046-w011	ء خ ر	ع ج ف	4	4	4	1	2	2	intra_ayah:12:46:root:9
co-12_46-02832	12:46	w-s012-a046-w004	w-s012-a046-w016	ف ت ي	ي ب س	12	11	11	1	2	2	intra_ayah:12:46:root:90
co-12_46-02833	12:46	w-s012-a046-w020	w-s012-a046-w016	ن و س	ي ب س	4	2	2	1	1	1	intra_ayah:12:46:root:91
co-12_47-02834	12:47	w-s012-a047-w014	w-s012-a047-w007	ء ك ل	ح ص د	7	4	4	1	3	4	intra_ayah:12:47:root:1
co-12_47-02835	12:47	w-s012-a047-w007	w-s012-a047-w005	ح ص د	د ء ب	2	1	1	1	1	1	intra_ayah:12:47:root:10
co-12_47-02836	12:47	w-s012-a047-w007	w-s012-a047-w002	ح ص د	ز ر ع	5	4	4	1	2	2	intra_ayah:12:47:root:11
co-12_47-02837	12:47	w-s012-a047-w007	w-s012-a047-w003	ح ص د	س ب ع	4	3	3	1	1	1	intra_ayah:12:47:root:12
co-12_47-02838	12:47	w-s012-a047-w007	w-s012-a047-w010	ح ص د	س ن ب ل	3	2	2	1	1	1	intra_ayah:12:47:root:13
co-12_47-02839	12:47	w-s012-a047-w007	w-s012-a047-w004	ح ص د	س ن و	3	2	2	1	1	1	intra_ayah:12:47:root:14
co-12_47-02840	12:47	w-s012-a047-w007	w-s012-a047-w012	ح ص د	ق ل ل	5	3	3	1	1	1	intra_ayah:12:47:root:15
co-12_47-02841	12:47	w-s012-a047-w007	w-s012-a047-w001	ح ص د	ق و ل	6	5	5	1	1	1	intra_ayah:12:47:root:16
co-12_47-02842	12:47	w-s012-a047-w007	w-s012-a047-w008	ح ص د	و ذ ر	1	1	1	1	1	1	intra_ayah:12:47:root:17
co-12_47-02843	12:47	w-s012-a047-w005	w-s012-a047-w002	د ء ب	ز ر ع	3	3	3	1	1	1	intra_ayah:12:47:root:18
co-12_47-02844	12:47	w-s012-a047-w005	w-s012-a047-w003	د ء ب	س ب ع	2	2	2	1	1	1	intra_ayah:12:47:root:19
co-12_47-02845	12:47	w-s012-a047-w014	w-s012-a047-w005	ء ك ل	د ء ب	9	5	5	1	1	1	intra_ayah:12:47:root:2
co-12_47-02846	12:47	w-s012-a047-w005	w-s012-a047-w010	د ء ب	س ن ب ل	5	3	3	1	1	1	intra_ayah:12:47:root:20
co-12_47-02847	12:47	w-s012-a047-w005	w-s012-a047-w004	د ء ب	س ن و	1	1	1	1	1	1	intra_ayah:12:47:root:21
co-12_47-02848	12:47	w-s012-a047-w005	w-s012-a047-w012	د ء ب	ق ل ل	7	4	4	1	1	1	intra_ayah:12:47:root:22
co-12_47-02849	12:47	w-s012-a047-w005	w-s012-a047-w001	د ء ب	ق و ل	4	4	4	1	1	1	intra_ayah:12:47:root:23
co-12_47-02850	12:47	w-s012-a047-w005	w-s012-a047-w008	د ء ب	و ذ ر	3	2	2	1	1	1	intra_ayah:12:47:root:24
co-12_47-02851	12:47	w-s012-a047-w002	w-s012-a047-w003	ز ر ع	س ب ع	1	1	1	1	1	1	intra_ayah:12:47:root:25
co-12_47-02852	12:47	w-s012-a047-w002	w-s012-a047-w010	ز ر ع	س ن ب ل	8	6	6	1	1	1	intra_ayah:12:47:root:26
co-12_47-02853	12:47	w-s012-a047-w002	w-s012-a047-w004	ز ر ع	س ن و	2	2	2	1	1	1	intra_ayah:12:47:root:27
co-12_47-02854	12:47	w-s012-a047-w002	w-s012-a047-w012	ز ر ع	ق ل ل	10	7	7	1	1	1	intra_ayah:12:47:root:28
co-12_47-02855	12:47	w-s012-a047-w002	w-s012-a047-w001	ز ر ع	ق و ل	1	1	1	1	1	1	intra_ayah:12:47:root:29
co-12_47-02856	12:47	w-s012-a047-w014	w-s012-a047-w002	ء ك ل	ز ر ع	12	8	8	1	4	5	intra_ayah:12:47:root:3
co-12_47-02857	12:47	w-s012-a047-w002	w-s012-a047-w008	ز ر ع	و ذ ر	6	5	5	1	1	1	intra_ayah:12:47:root:30
co-12_47-02858	12:47	w-s012-a047-w003	w-s012-a047-w010	س ب ع	س ن ب ل	7	5	5	1	4	9	intra_ayah:12:47:root:31
co-12_47-02859	12:47	w-s012-a047-w003	w-s012-a047-w004	س ب ع	س ن و	1	1	1	1	1	1	intra_ayah:12:47:root:32
co-12_47-02860	12:47	w-s012-a047-w003	w-s012-a047-w012	س ب ع	ق ل ل	9	6	6	1	3	3	intra_ayah:12:47:root:33
co-12_47-02861	12:47	w-s012-a047-w003	w-s012-a047-w001	س ب ع	ق و ل	2	2	2	1	5	10	intra_ayah:12:47:root:34
co-12_47-02862	12:47	w-s012-a047-w003	w-s012-a047-w008	س ب ع	و ذ ر	5	4	4	1	1	1	intra_ayah:12:47:root:35
co-12_47-02863	12:47	w-s012-a047-w010	w-s012-a047-w004	س ن ب ل	س ن و	6	4	4	1	1	1	intra_ayah:12:47:root:36
co-12_47-02864	12:47	w-s012-a047-w010	w-s012-a047-w012	س ن ب ل	ق ل ل	2	1	1	1	1	1	intra_ayah:12:47:root:37
co-12_47-02865	12:47	w-s012-a047-w010	w-s012-a047-w001	س ن ب ل	ق و ل	9	7	7	1	2	2	intra_ayah:12:47:root:38
co-12_47-02866	12:47	w-s012-a047-w010	w-s012-a047-w008	س ن ب ل	و ذ ر	2	1	1	1	1	1	intra_ayah:12:47:root:39
co-12_47-02867	12:47	w-s012-a047-w014	w-s012-a047-w003	ء ك ل	س ب ع	11	7	7	1	5	9	intra_ayah:12:47:root:4
co-12_47-02868	12:47	w-s012-a047-w004	w-s012-a047-w012	س ن و	ق ل ل	8	5	5	1	1	1	intra_ayah:12:47:root:40
co-12_47-02869	12:47	w-s012-a047-w004	w-s012-a047-w001	س ن و	ق و ل	3	3	3	1	7	7	intra_ayah:12:47:root:41
co-12_47-02870	12:47	w-s012-a047-w004	w-s012-a047-w008	س ن و	و ذ ر	4	3	3	1	1	1	intra_ayah:12:47:root:42
co-12_47-02871	12:47	w-s012-a047-w012	w-s012-a047-w001	ق ل ل	ق و ل	11	8	8	1	26	44	intra_ayah:12:47:root:43
co-12_47-02872	12:47	w-s012-a047-w012	w-s012-a047-w008	ق ل ل	و ذ ر	4	2	2	1	3	3	intra_ayah:12:47:root:44
co-12_47-02873	12:47	w-s012-a047-w001	w-s012-a047-w008	ق و ل	و ذ ر	7	6	6	1	11	20	intra_ayah:12:47:root:45
co-12_47-02874	12:47	w-s012-a047-w014	w-s012-a047-w010	ء ك ل	س ن ب ل	4	2	2	1	3	3	intra_ayah:12:47:root:5
co-12_47-02875	12:47	w-s012-a047-w014	w-s012-a047-w004	ء ك ل	س ن و	10	6	6	1	1	1	intra_ayah:12:47:root:6
co-12_47-02876	12:47	w-s012-a047-w014	w-s012-a047-w012	ء ك ل	ق ل ل	2	1	1	1	5	5	intra_ayah:12:47:root:7
co-12_47-02877	12:47	w-s012-a047-w014	w-s012-a047-w001	ء ك ل	ق و ل	13	9	9	1	22	28	intra_ayah:12:47:root:8
co-12_47-02878	12:47	w-s012-a047-w014	w-s012-a047-w008	ء ك ل	و ذ ر	6	3	3	1	4	4	intra_ayah:12:47:root:9
co-12_48-02879	12:48	w-s012-a048-w002	w-s012-a048-w008	ء ت ي	ء ك ل	6	4	4	1	9	10	intra_ayah:12:48:root:1
co-12_48-02880	12:48	w-s012-a048-w008	w-s012-a048-w006	ء ك ل	س ب ع	2	2	2	1	5	9	intra_ayah:12:48:root:10
co-12_48-02881	12:48	w-s012-a048-w008	w-s012-a048-w007	ء ك ل	ش د د	1	1	1	1	1	1	intra_ayah:12:48:root:11
co-12_48-02882	12:48	w-s012-a048-w008	w-s012-a048-w010	ء ك ل	ق د م	2	1	1	1	1	1	intra_ayah:12:48:root:12
co-12_48-02883	12:48	w-s012-a048-w008	w-s012-a048-w013	ء ك ل	ق ل ل	5	2	2	1	5	5	intra_ayah:12:48:root:13
co-12_48-02884	12:48	w-s012-a048-w004	w-s012-a048-w015	ب ع د	ح ص ن	11	6	6	1	3	4	intra_ayah:12:48:root:14
co-12_48-02885	12:48	w-s012-a048-w004	w-s012-a048-w006	ب ع د	س ب ع	2	1	1	1	2	2	intra_ayah:12:48:root:15
co-12_48-02886	12:48	w-s012-a048-w004	w-s012-a048-w007	ب ع د	ش د د	3	2	2	1	7	7	intra_ayah:12:48:root:16
co-12_48-02887	12:48	w-s012-a048-w004	w-s012-a048-w010	ب ع د	ق د م	6	4	4	1	2	2	intra_ayah:12:48:root:17
co-12_48-02888	12:48	w-s012-a048-w004	w-s012-a048-w013	ب ع د	ق ل ل	9	5	5	1	3	3	intra_ayah:12:48:root:18
co-12_48-02889	12:48	w-s012-a048-w015	w-s012-a048-w006	ح ص ن	س ب ع	9	5	5	1	1	1	intra_ayah:12:48:root:19
co-12_48-02890	12:48	w-s012-a048-w002	w-s012-a048-w004	ء ت ي	ب ع د	2	1	1	1	27	35	intra_ayah:12:48:root:2
co-12_48-02891	12:48	w-s012-a048-w015	w-s012-a048-w007	ح ص ن	ش د د	8	4	4	1	2	2	intra_ayah:12:48:root:20
co-12_48-02892	12:48	w-s012-a048-w015	w-s012-a048-w010	ح ص ن	ق د م	5	2	2	1	1	1	intra_ayah:12:48:root:21
co-12_48-02893	12:48	w-s012-a048-w015	w-s012-a048-w013	ح ص ن	ق ل ل	2	1	1	1	1	1	intra_ayah:12:48:root:22
co-12_48-02894	12:48	w-s012-a048-w006	w-s012-a048-w007	س ب ع	ش د د	1	1	1	1	3	3	intra_ayah:12:48:root:23
co-12_48-02895	12:48	w-s012-a048-w006	w-s012-a048-w010	س ب ع	ق د م	4	3	3	1	1	1	intra_ayah:12:48:root:24
co-12_48-02896	12:48	w-s012-a048-w006	w-s012-a048-w013	س ب ع	ق ل ل	7	4	4	1	3	3	intra_ayah:12:48:root:25
co-12_48-02897	12:48	w-s012-a048-w007	w-s012-a048-w010	ش د د	ق د م	3	2	2	1	1	1	intra_ayah:12:48:root:26
co-12_48-02898	12:48	w-s012-a048-w007	w-s012-a048-w013	ش د د	ق ل ل	6	3	3	1	3	3	intra_ayah:12:48:root:27
co-12_48-02899	12:48	w-s012-a048-w010	w-s012-a048-w013	ق د م	ق ل ل	3	1	1	1	1	1	intra_ayah:12:48:root:28
co-12_48-02900	12:48	w-s012-a048-w002	w-s012-a048-w015	ء ت ي	ح ص ن	13	7	7	1	7	24	intra_ayah:12:48:root:3
co-12_48-02901	12:48	w-s012-a048-w002	w-s012-a048-w006	ء ت ي	س ب ع	4	2	2	1	2	2	intra_ayah:12:48:root:4
co-12_48-02902	12:48	w-s012-a048-w002	w-s012-a048-w007	ء ت ي	ش د د	5	3	3	1	15	16	intra_ayah:12:48:root:5
co-12_48-02903	12:48	w-s012-a048-w002	w-s012-a048-w010	ء ت ي	ق د م	8	5	5	1	5	5	intra_ayah:12:48:root:6
co-12_48-02904	12:48	w-s012-a048-w002	w-s012-a048-w013	ء ت ي	ق ل ل	11	6	6	1	7	7	intra_ayah:12:48:root:7
co-12_48-02905	12:48	w-s012-a048-w008	w-s012-a048-w004	ء ك ل	ب ع د	4	3	3	1	1	1	intra_ayah:12:48:root:8
co-12_48-02906	12:48	w-s012-a048-w008	w-s012-a048-w015	ء ك ل	ح ص ن	7	3	3	1	1	1	intra_ayah:12:48:root:9
co-12_49-02907	12:49	w-s012-a049-w002	w-s012-a049-w004	ء ت ي	ب ع د	2	1	1	1	27	35	intra_ayah:12:49:root:1
co-12_49-02908	12:49	w-s012-a049-w011	w-s012-a049-w006	ع ص ر	ع و م	5	3	3	1	1	1	intra_ayah:12:49:root:10
co-12_49-02909	12:49	w-s012-a049-w011	w-s012-a049-w008	ع ص ر	غ ي ث	3	2	2	1	1	1	intra_ayah:12:49:root:11
co-12_49-02910	12:49	w-s012-a049-w011	w-s012-a049-w009	ع ص ر	ن و س	2	1	1	1	1	1	intra_ayah:12:49:root:12
co-12_49-02911	12:49	w-s012-a049-w006	w-s012-a049-w008	ع و م	غ ي ث	2	1	1	1	1	1	intra_ayah:12:49:root:13
co-12_49-02912	12:49	w-s012-a049-w006	w-s012-a049-w009	ع و م	ن و س	3	2	2	1	2	3	intra_ayah:12:49:root:14
co-12_49-02913	12:49	w-s012-a049-w008	w-s012-a049-w009	غ ي ث	ن و س	1	1	1	1	1	1	intra_ayah:12:49:root:15
co-12_49-02914	12:49	w-s012-a049-w002	w-s012-a049-w011	ء ت ي	ع ص ر	9	5	5	1	1	1	intra_ayah:12:49:root:2
co-12_49-02915	12:49	w-s012-a049-w002	w-s012-a049-w006	ء ت ي	ع و م	4	2	2	1	1	1	intra_ayah:12:49:root:3
co-12_49-02916	12:49	w-s012-a049-w002	w-s012-a049-w008	ء ت ي	غ ي ث	6	3	3	1	1	1	intra_ayah:12:49:root:4
co-12_49-02917	12:49	w-s012-a049-w002	w-s012-a049-w009	ء ت ي	ن و س	7	4	4	1	29	36	intra_ayah:12:49:root:5
co-12_49-02918	12:49	w-s012-a049-w004	w-s012-a049-w011	ب ع د	ع ص ر	7	4	4	1	1	1	intra_ayah:12:49:root:6
co-12_49-02919	12:49	w-s012-a049-w004	w-s012-a049-w006	ب ع د	ع و م	2	1	1	1	3	4	intra_ayah:12:49:root:7
co-12_49-02920	12:49	w-s012-a049-w004	w-s012-a049-w008	ب ع د	غ ي ث	4	2	2	1	2	2	intra_ayah:12:49:root:8
co-12_49-02921	12:49	w-s012-a049-w004	w-s012-a049-w009	ب ع د	ن و س	5	3	3	1	12	14	intra_ayah:12:49:root:9
co-12_50-02922	12:50	w-s012-a050-w003	w-s012-a050-w014	ء ت ي	ب و ل	11	7	7	1	1	1	intra_ayah:12:50:root:1
co-12_50-02923	12:50	w-s012-a050-w003	w-s012-a050-w021	ء ت ي	ك ي د	18	12	12	1	4	4	intra_ayah:12:50:root:10
co-12_50-02924	12:50	w-s012-a050-w003	w-s012-a050-w002	ء ت ي	م ل ك	1	1	1	1	28	55	intra_ayah:12:50:root:11
co-12_50-02925	12:50	w-s012-a050-w003	w-s012-a050-w015	ء ت ي	ن س و	12	8	8	1	12	14	intra_ayah:12:50:root:12
co-12_50-02926	12:50	w-s012-a050-w003	w-s012-a050-w018	ء ت ي	ي د ي	15	10	10	1	18	23	intra_ayah:12:50:root:13
co-12_50-02927	12:50	w-s012-a050-w014	w-s012-a050-w006	ب و ل	ج ي ء	8	6	6	1	1	1	intra_ayah:12:50:root:14
co-12_50-02928	12:50	w-s012-a050-w014	w-s012-a050-w011	ب و ل	ر ب ب	3	2	4	2	2	3	intra_ayah:12:50:root:15
co-12_50-02929	12:50	w-s012-a050-w014	w-s012-a050-w020	ب و ل	ر ب ب	6	2	4	2	2	3	intra_ayah:12:50:root:15
co-12_50-02930	12:50	w-s012-a050-w014	w-s012-a050-w009	ب و ل	ر ج ع	5	3	3	1	1	1	intra_ayah:12:50:root:16
co-12_50-02931	12:50	w-s012-a050-w014	w-s012-a050-w007	ب و ل	ر س ل	7	5	5	1	1	1	intra_ayah:12:50:root:17
co-12_50-02932	12:50	w-s012-a050-w014	w-s012-a050-w012	ب و ل	س ء ل	2	1	1	1	1	1	intra_ayah:12:50:root:18
co-12_50-02933	12:50	w-s012-a050-w014	w-s012-a050-w022	ب و ل	ع ل م	8	6	6	1	1	1	intra_ayah:12:50:root:19
co-12_50-02934	12:50	w-s012-a050-w003	w-s012-a050-w006	ء ت ي	ج ي ء	3	1	1	1	42	51	intra_ayah:12:50:root:2
co-12_50-02935	12:50	w-s012-a050-w014	w-s012-a050-w017	ب و ل	ق ط ع	3	2	2	1	1	1	intra_ayah:12:50:root:20
co-12_50-02936	12:50	w-s012-a050-w014	w-s012-a050-w001	ب و ل	ق و ل	13	4	9	2	2	3	intra_ayah:12:50:root:21
co-12_50-02937	12:50	w-s012-a050-w014	w-s012-a050-w008	ب و ل	ق و ل	6	4	9	2	2	3	intra_ayah:12:50:root:21
co-12_50-02938	12:50	w-s012-a050-w014	w-s012-a050-w021	ب و ل	ك ي د	7	5	5	1	1	1	intra_ayah:12:50:root:22
co-12_50-02939	12:50	w-s012-a050-w014	w-s012-a050-w002	ب و ل	م ل ك	12	8	8	1	1	1	intra_ayah:12:50:root:23
co-12_50-02940	12:50	w-s012-a050-w014	w-s012-a050-w015	ب و ل	ن س و	1	1	1	1	1	1	intra_ayah:12:50:root:24
co-12_50-02941	12:50	w-s012-a050-w014	w-s012-a050-w018	ب و ل	ي د ي	4	3	3	1	1	1	intra_ayah:12:50:root:25
co-12_50-02942	12:50	w-s012-a050-w006	w-s012-a050-w011	ج ي ء	ر ب ب	5	4	10	2	52	64	intra_ayah:12:50:root:26
co-12_50-02943	12:50	w-s012-a050-w006	w-s012-a050-w020	ج ي ء	ر ب ب	14	4	10	2	52	64	intra_ayah:12:50:root:26
co-12_50-02944	12:50	w-s012-a050-w006	w-s012-a050-w009	ج ي ء	ر ج ع	3	3	3	1	5	5	intra_ayah:12:50:root:27
co-12_50-02945	12:50	w-s012-a050-w006	w-s012-a050-w007	ج ي ء	ر س ل	1	1	1	1	62	90	intra_ayah:12:50:root:28
co-12_50-02946	12:50	w-s012-a050-w006	w-s012-a050-w012	ج ي ء	س ء ل	6	5	5	1	6	8	intra_ayah:12:50:root:29
co-12_50-02947	12:50	w-s012-a050-w003	w-s012-a050-w011	ء ت ي	ر ب ب	8	5	11	2	78	111	intra_ayah:12:50:root:3
co-12_50-02948	12:50	w-s012-a050-w003	w-s012-a050-w020	ء ت ي	ر ب ب	17	5	11	2	78	111	intra_ayah:12:50:root:3
co-12_50-02949	12:50	w-s012-a050-w006	w-s012-a050-w022	ج ي ء	ع ل م	16	12	12	1	38	43	intra_ayah:12:50:root:30
co-12_50-02950	12:50	w-s012-a050-w006	w-s012-a050-w017	ج ي ء	ق ط ع	11	8	8	1	2	2	intra_ayah:12:50:root:31
co-12_50-02951	12:50	w-s012-a050-w006	w-s012-a050-w001	ج ي ء	ق و ل	5	2	3	2	118	160	intra_ayah:12:50:root:32
co-12_50-02952	12:50	w-s012-a050-w006	w-s012-a050-w008	ج ي ء	ق و ل	2	2	3	2	118	160	intra_ayah:12:50:root:32
co-12_50-02953	12:50	w-s012-a050-w006	w-s012-a050-w021	ج ي ء	ك ي د	15	11	11	1	2	2	intra_ayah:12:50:root:33
co-12_50-02954	12:50	w-s012-a050-w006	w-s012-a050-w002	ج ي ء	م ل ك	4	2	2	1	8	8	intra_ayah:12:50:root:34
co-12_50-02955	12:50	w-s012-a050-w006	w-s012-a050-w015	ج ي ء	ن س و	9	7	7	1	5	6	intra_ayah:12:50:root:35
co-12_50-02956	12:50	w-s012-a050-w006	w-s012-a050-w018	ج ي ء	ي د ي	12	9	9	1	10	11	intra_ayah:12:50:root:36
co-12_50-02957	12:50	w-s012-a050-w011	w-s012-a050-w009	ر ب ب	ر ج ع	2	1	7	2	18	23	intra_ayah:12:50:root:37
co-12_50-02958	12:50	w-s012-a050-w020	w-s012-a050-w009	ر ب ب	ر ج ع	11	1	7	2	18	23	intra_ayah:12:50:root:37
co-12_50-02959	12:50	w-s012-a050-w011	w-s012-a050-w007	ر ب ب	ر س ل	4	3	9	2	53	70	intra_ayah:12:50:root:38
co-12_50-02960	12:50	w-s012-a050-w020	w-s012-a050-w007	ر ب ب	ر س ل	13	3	9	2	53	70	intra_ayah:12:50:root:38
co-12_50-02961	12:50	w-s012-a050-w011	w-s012-a050-w012	ر ب ب	س ء ل	1	1	5	2	20	22	intra_ayah:12:50:root:39
co-12_50-02962	12:50	w-s012-a050-w020	w-s012-a050-w012	ر ب ب	س ء ل	8	1	5	2	20	22	intra_ayah:12:50:root:39
co-12_50-02963	12:50	w-s012-a050-w003	w-s012-a050-w009	ء ت ي	ر ج ع	6	4	4	1	6	8	intra_ayah:12:50:root:4
co-12_50-02964	12:50	w-s012-a050-w011	w-s012-a050-w022	ر ب ب	ع ل م	11	2	8	2	129	173	intra_ayah:12:50:root:40
co-12_50-02965	12:50	w-s012-a050-w020	w-s012-a050-w022	ر ب ب	ع ل م	2	2	8	2	129	173	intra_ayah:12:50:root:40
co-12_50-02966	12:50	w-s012-a050-w011	w-s012-a050-w017	ر ب ب	ق ط ع	6	2	4	2	5	6	intra_ayah:12:50:root:41
co-12_50-02967	12:50	w-s012-a050-w020	w-s012-a050-w017	ر ب ب	ق ط ع	3	2	4	2	5	6	intra_ayah:12:50:root:41
co-12_50-02968	12:50	w-s012-a050-w011	w-s012-a050-w001	ر ب ب	ق و ل	10	2	13	4	329	501	intra_ayah:12:50:root:42
co-12_50-02969	12:50	w-s012-a050-w011	w-s012-a050-w008	ر ب ب	ق و ل	3	2	13	4	329	501	intra_ayah:12:50:root:42
co-12_50-02970	12:50	w-s012-a050-w020	w-s012-a050-w001	ر ب ب	ق و ل	19	2	13	4	329	501	intra_ayah:12:50:root:42
co-12_50-02971	12:50	w-s012-a050-w020	w-s012-a050-w008	ر ب ب	ق و ل	12	2	13	4	329	501	intra_ayah:12:50:root:42
co-12_50-02972	12:50	w-s012-a050-w011	w-s012-a050-w021	ر ب ب	ك ي د	10	1	7	2	3	4	intra_ayah:12:50:root:43
co-12_50-02973	12:50	w-s012-a050-w020	w-s012-a050-w021	ر ب ب	ك ي د	1	1	7	2	3	4	intra_ayah:12:50:root:43
co-12_50-02974	12:50	w-s012-a050-w011	w-s012-a050-w002	ر ب ب	م ل ك	9	6	12	2	39	47	intra_ayah:12:50:root:44
co-12_50-02975	12:50	w-s012-a050-w020	w-s012-a050-w002	ر ب ب	م ل ك	18	6	12	2	39	47	intra_ayah:12:50:root:44
co-12_50-02976	12:50	w-s012-a050-w011	w-s012-a050-w015	ر ب ب	ن س و	4	3	3	2	8	10	intra_ayah:12:50:root:45
co-12_50-02977	12:50	w-s012-a050-w020	w-s012-a050-w015	ر ب ب	ن س و	5	3	3	2	8	10	intra_ayah:12:50:root:45
co-12_50-02978	12:50	w-s012-a050-w011	w-s012-a050-w018	ر ب ب	ي د ي	7	1	5	2	16	22	intra_ayah:12:50:root:46
co-12_50-02979	12:50	w-s012-a050-w020	w-s012-a050-w018	ر ب ب	ي د ي	2	1	5	2	16	22	intra_ayah:12:50:root:46
co-12_50-02980	12:50	w-s012-a050-w009	w-s012-a050-w007	ر ج ع	ر س ل	2	2	2	1	6	7	intra_ayah:12:50:root:47
co-12_50-02981	12:50	w-s012-a050-w009	w-s012-a050-w012	ر ج ع	س ء ل	3	2	2	1	3	4	intra_ayah:12:50:root:48
co-12_50-02982	12:50	w-s012-a050-w009	w-s012-a050-w022	ر ج ع	ع ل م	13	9	9	1	18	22	intra_ayah:12:50:root:49
co-12_50-02983	12:50	w-s012-a050-w003	w-s012-a050-w007	ء ت ي	ر س ل	4	2	2	1	58	85	intra_ayah:12:50:root:5
co-12_50-02984	12:50	w-s012-a050-w009	w-s012-a050-w017	ر ج ع	ق ط ع	8	5	5	1	3	3	intra_ayah:12:50:root:50
co-12_50-02985	12:50	w-s012-a050-w009	w-s012-a050-w001	ر ج ع	ق و ل	8	1	6	2	26	34	intra_ayah:12:50:root:51
co-12_50-02986	12:50	w-s012-a050-w009	w-s012-a050-w008	ر ج ع	ق و ل	1	1	6	2	26	34	intra_ayah:12:50:root:51
co-12_50-02987	12:50	w-s012-a050-w009	w-s012-a050-w021	ر ج ع	ك ي د	12	8	8	1	1	1	intra_ayah:12:50:root:52
co-12_50-02988	12:50	w-s012-a050-w009	w-s012-a050-w002	ر ج ع	م ل ك	7	5	5	1	9	9	intra_ayah:12:50:root:53
co-12_50-02989	12:50	w-s012-a050-w009	w-s012-a050-w015	ر ج ع	ن س و	6	4	4	1	1	1	intra_ayah:12:50:root:54
co-12_50-02990	12:50	w-s012-a050-w009	w-s012-a050-w018	ر ج ع	ي د ي	9	6	6	1	6	6	intra_ayah:12:50:root:55
co-12_50-02991	12:50	w-s012-a050-w007	w-s012-a050-w012	ر س ل	س ء ل	5	4	4	1	10	17	intra_ayah:12:50:root:56
co-12_50-02992	12:50	w-s012-a050-w007	w-s012-a050-w022	ر س ل	ع ل م	15	11	11	1	59	80	intra_ayah:12:50:root:57
co-12_50-02993	12:50	w-s012-a050-w007	w-s012-a050-w017	ر س ل	ق ط ع	10	7	7	1	4	4	intra_ayah:12:50:root:58
co-12_50-02994	12:50	w-s012-a050-w007	w-s012-a050-w001	ر س ل	ق و ل	6	1	4	2	120	181	intra_ayah:12:50:root:59
co-12_50-02995	12:50	w-s012-a050-w007	w-s012-a050-w008	ر س ل	ق و ل	1	1	4	2	120	181	intra_ayah:12:50:root:59
co-12_50-02996	12:50	w-s012-a050-w003	w-s012-a050-w012	ء ت ي	س ء ل	9	6	6	1	19	27	intra_ayah:12:50:root:6
co-12_50-02997	12:50	w-s012-a050-w007	w-s012-a050-w021	ر س ل	ك ي د	14	10	10	1	1	1	intra_ayah:12:50:root:60
co-12_50-02998	12:50	w-s012-a050-w007	w-s012-a050-w002	ر س ل	م ل ك	5	3	3	1	13	20	intra_ayah:12:50:root:61
co-12_50-02999	12:50	w-s012-a050-w007	w-s012-a050-w015	ر س ل	ن س و	8	6	6	1	1	1	intra_ayah:12:50:root:62
co-12_50-03000	12:50	w-s012-a050-w007	w-s012-a050-w018	ر س ل	ي د ي	11	8	8	1	18	22	intra_ayah:12:50:root:63
co-12_50-03001	12:50	w-s012-a050-w012	w-s012-a050-w022	س ء ل	ع ل م	10	7	7	1	27	40	intra_ayah:12:50:root:64
co-12_50-03002	12:50	w-s012-a050-w012	w-s012-a050-w017	س ء ل	ق ط ع	5	3	3	1	1	1	intra_ayah:12:50:root:65
co-12_50-03003	12:50	w-s012-a050-w012	w-s012-a050-w001	س ء ل	ق و ل	11	3	8	2	40	58	intra_ayah:12:50:root:66
co-12_50-03004	12:50	w-s012-a050-w012	w-s012-a050-w008	س ء ل	ق و ل	4	3	8	2	40	58	intra_ayah:12:50:root:66
co-12_50-03005	12:50	w-s012-a050-w012	w-s012-a050-w021	س ء ل	ك ي د	9	6	6	1	1	1	intra_ayah:12:50:root:67
co-12_50-03006	12:50	w-s012-a050-w012	w-s012-a050-w002	س ء ل	م ل ك	10	7	7	1	3	3	intra_ayah:12:50:root:68
co-12_50-03007	12:50	w-s012-a050-w012	w-s012-a050-w015	س ء ل	ن س و	3	2	2	1	4	4	intra_ayah:12:50:root:69
co-12_50-03008	12:50	w-s012-a050-w003	w-s012-a050-w022	ء ت ي	ع ل م	19	13	13	1	86	118	intra_ayah:12:50:root:7
co-12_50-03009	12:50	w-s012-a050-w012	w-s012-a050-w018	س ء ل	ي د ي	6	4	4	1	1	1	intra_ayah:12:50:root:70
co-12_50-03010	12:50	w-s012-a050-w022	w-s012-a050-w017	ع ل م	ق ط ع	5	4	4	1	6	8	intra_ayah:12:50:root:71
co-12_50-03011	12:50	w-s012-a050-w022	w-s012-a050-w001	ع ل م	ق و ل	21	10	15	2	230	414	intra_ayah:12:50:root:72
co-12_50-03012	12:50	w-s012-a050-w022	w-s012-a050-w008	ع ل م	ق و ل	14	10	15	2	230	414	intra_ayah:12:50:root:72
co-12_50-03013	12:50	w-s012-a050-w022	w-s012-a050-w021	ع ل م	ك ي د	1	1	1	1	4	5	intra_ayah:12:50:root:73
co-12_50-03014	12:50	w-s012-a050-w022	w-s012-a050-w002	ع ل م	م ل ك	20	14	14	1	35	58	intra_ayah:12:50:root:74
co-12_50-03015	12:50	w-s012-a050-w022	w-s012-a050-w015	ع ل م	ن س و	7	5	5	1	17	26	intra_ayah:12:50:root:75
co-12_50-03016	12:50	w-s012-a050-w022	w-s012-a050-w018	ع ل م	ي د ي	4	3	3	1	19	24	intra_ayah:12:50:root:76
co-12_50-03017	12:50	w-s012-a050-w017	w-s012-a050-w001	ق ط ع	ق و ل	16	6	11	2	7	9	intra_ayah:12:50:root:77
co-12_50-03018	12:50	w-s012-a050-w017	w-s012-a050-w008	ق ط ع	ق و ل	9	6	11	2	7	9	intra_ayah:12:50:root:77
co-12_50-03019	12:50	w-s012-a050-w017	w-s012-a050-w021	ق ط ع	ك ي د	4	3	3	1	2	2	intra_ayah:12:50:root:78
co-12_50-03020	12:50	w-s012-a050-w017	w-s012-a050-w002	ق ط ع	م ل ك	15	10	10	1	2	2	intra_ayah:12:50:root:79
co-12_50-03021	12:50	w-s012-a050-w003	w-s012-a050-w017	ء ت ي	ق ط ع	14	9	9	1	4	6	intra_ayah:12:50:root:8
co-12_50-03022	12:50	w-s012-a050-w017	w-s012-a050-w015	ق ط ع	ن س و	2	1	1	1	1	1	intra_ayah:12:50:root:80
co-12_50-03023	12:50	w-s012-a050-w017	w-s012-a050-w018	ق ط ع	ي د ي	1	1	1	1	7	7	intra_ayah:12:50:root:81
co-12_50-03024	12:50	w-s012-a050-w001	w-s012-a050-w021	ق و ل	ك ي د	20	9	14	2	6	9	intra_ayah:12:50:root:82
co-12_50-03025	12:50	w-s012-a050-w008	w-s012-a050-w021	ق و ل	ك ي د	13	9	14	2	6	9	intra_ayah:12:50:root:82
co-12_50-03026	12:50	w-s012-a050-w001	w-s012-a050-w002	ق و ل	م ل ك	1	1	4	2	80	134	intra_ayah:12:50:root:83
co-12_50-03027	12:50	w-s012-a050-w008	w-s012-a050-w002	ق و ل	م ل ك	6	1	4	2	80	134	intra_ayah:12:50:root:83
co-12_50-03028	12:50	w-s012-a050-w001	w-s012-a050-w015	ق و ل	ن س و	14	5	10	2	18	30	intra_ayah:12:50:root:84
co-12_50-03029	12:50	w-s012-a050-w008	w-s012-a050-w015	ق و ل	ن س و	7	5	10	2	18	30	intra_ayah:12:50:root:84
co-12_50-03030	12:50	w-s012-a050-w001	w-s012-a050-w018	ق و ل	ي د ي	17	7	12	2	33	51	intra_ayah:12:50:root:85
co-12_50-03031	12:50	w-s012-a050-w008	w-s012-a050-w018	ق و ل	ي د ي	10	7	12	2	33	51	intra_ayah:12:50:root:85
co-12_50-03032	12:50	w-s012-a050-w021	w-s012-a050-w002	ك ي د	م ل ك	19	13	13	1	2	2	intra_ayah:12:50:root:86
co-12_50-03033	12:50	w-s012-a050-w021	w-s012-a050-w015	ك ي د	ن س و	6	4	4	1	2	2	intra_ayah:12:50:root:87
co-12_50-03034	12:50	w-s012-a050-w021	w-s012-a050-w018	ك ي د	ي د ي	3	2	2	1	2	2	intra_ayah:12:50:root:88
co-12_50-03035	12:50	w-s012-a050-w002	w-s012-a050-w015	م ل ك	ن س و	13	9	9	1	7	8	intra_ayah:12:50:root:89
co-12_50-03036	12:50	w-s012-a050-w003	w-s012-a050-w001	ء ت ي	ق و ل	2	2	3	2	154	264	intra_ayah:12:50:root:9
co-12_50-03037	12:50	w-s012-a050-w003	w-s012-a050-w008	ء ت ي	ق و ل	5	2	3	2	154	264	intra_ayah:12:50:root:9
co-12_50-03038	12:50	w-s012-a050-w002	w-s012-a050-w018	م ل ك	ي د ي	16	11	11	1	9	12	intra_ayah:12:50:root:90
co-12_50-03039	12:50	w-s012-a050-w015	w-s012-a050-w018	ن س و	ي د ي	3	2	2	1	3	4	intra_ayah:12:50:root:91
co-12_51-03040	12:51	w-s012-a051-w011	w-s012-a051-w021	ء ل ه	ح ص ح ص	10	6	6	1	1	1	intra_ayah:12:51:root:1
co-12_51-03041	12:51	w-s012-a051-w011	w-s012-a051-w001	ء ل ه	ق و ل	10	2	6	3	514	1188	intra_ayah:12:51:root:10
co-12_51-03042	12:51	w-s012-a051-w011	w-s012-a051-w009	ء ل ه	ق و ل	2	2	6	3	514	1188	intra_ayah:12:51:root:10
co-12_51-03043	12:51	w-s012-a051-w011	w-s012-a051-w017	ء ل ه	ق و ل	6	2	6	3	514	1188	intra_ayah:12:51:root:10
co-12_51-03044	12:51	w-s012-a051-w011	w-s012-a051-w018	ء ل ه	م ر ء	7	4	4	1	12	25	intra_ayah:12:51:root:11
co-12_51-03045	12:51	w-s012-a051-w011	w-s012-a051-w008	ء ل ه	ن ف س	3	3	9	2	139	272	intra_ayah:12:51:root:12
co-12_51-03046	12:51	w-s012-a051-w011	w-s012-a051-w026	ء ل ه	ن ف س	15	3	9	2	139	272	intra_ayah:12:51:root:12
co-12_51-03047	12:51	w-s012-a051-w021	w-s012-a051-w022	ح ص ح ص	ح ق ق	1	1	1	1	1	1	intra_ayah:12:51:root:13
co-12_51-03048	12:51	w-s012-a051-w021	w-s012-a051-w010	ح ص ح ص	ح و ش	11	7	7	1	1	1	intra_ayah:12:51:root:14
co-12_51-03049	12:51	w-s012-a051-w021	w-s012-a051-w003	ح ص ح ص	خ ط ب	18	11	11	1	1	1	intra_ayah:12:51:root:15
co-12_51-03050	12:51	w-s012-a051-w021	w-s012-a051-w005	ح ص ح ص	ر و د	16	2	10	2	1	2	intra_ayah:12:51:root:16
co-12_51-03051	12:51	w-s012-a051-w021	w-s012-a051-w024	ح ص ح ص	ر و د	3	2	10	2	1	2	intra_ayah:12:51:root:16
co-12_51-03052	12:51	w-s012-a051-w021	w-s012-a051-w016	ح ص ح ص	س و ء	5	4	4	1	1	1	intra_ayah:12:51:root:17
co-12_51-03053	12:51	w-s012-a051-w021	w-s012-a051-w029	ح ص ح ص	ص د ق	8	4	4	1	1	1	intra_ayah:12:51:root:18
co-12_51-03054	12:51	w-s012-a051-w021	w-s012-a051-w019	ح ص ح ص	ع ز ز	2	1	1	1	1	1	intra_ayah:12:51:root:19
co-12_51-03055	12:51	w-s012-a051-w011	w-s012-a051-w022	ء ل ه	ح ق ق	11	7	7	1	120	236	intra_ayah:12:51:root:2
co-12_51-03056	12:51	w-s012-a051-w021	w-s012-a051-w013	ح ص ح ص	ع ل م	8	5	5	1	1	1	intra_ayah:12:51:root:20
co-12_51-03057	12:51	w-s012-a051-w021	w-s012-a051-w001	ح ص ح ص	ق و ل	20	3	12	3	1	3	intra_ayah:12:51:root:21
co-12_51-03058	12:51	w-s012-a051-w021	w-s012-a051-w009	ح ص ح ص	ق و ل	12	3	12	3	1	3	intra_ayah:12:51:root:21
co-12_51-03059	12:51	w-s012-a051-w021	w-s012-a051-w017	ح ص ح ص	ق و ل	4	3	12	3	1	3	intra_ayah:12:51:root:21
co-12_51-03060	12:51	w-s012-a051-w021	w-s012-a051-w018	ح ص ح ص	م ر ء	3	2	2	1	1	1	intra_ayah:12:51:root:22
co-12_51-03061	12:51	w-s012-a051-w021	w-s012-a051-w008	ح ص ح ص	ن ف س	13	3	9	2	1	2	intra_ayah:12:51:root:23
co-12_51-03062	12:51	w-s012-a051-w021	w-s012-a051-w026	ح ص ح ص	ن ف س	5	3	9	2	1	2	intra_ayah:12:51:root:23
co-12_51-03063	12:51	w-s012-a051-w022	w-s012-a051-w010	ح ق ق	ح و ش	12	8	8	1	1	1	intra_ayah:12:51:root:24
co-12_51-03064	12:51	w-s012-a051-w022	w-s012-a051-w003	ح ق ق	خ ط ب	19	12	12	1	1	1	intra_ayah:12:51:root:25
co-12_51-03065	12:51	w-s012-a051-w022	w-s012-a051-w005	ح ق ق	ر و د	17	1	11	2	9	11	intra_ayah:12:51:root:26
co-12_51-03066	12:51	w-s012-a051-w022	w-s012-a051-w024	ح ق ق	ر و د	2	1	11	2	9	11	intra_ayah:12:51:root:26
co-12_51-03067	12:51	w-s012-a051-w022	w-s012-a051-w016	ح ق ق	س و ء	6	5	5	1	3	3	intra_ayah:12:51:root:27
co-12_51-03068	12:51	w-s012-a051-w022	w-s012-a051-w029	ح ق ق	ص د ق	7	3	3	1	10	11	intra_ayah:12:51:root:28
co-12_51-03069	12:51	w-s012-a051-w022	w-s012-a051-w019	ح ق ق	ع ز ز	3	2	2	1	8	8	intra_ayah:12:51:root:29
co-12_51-03070	12:51	w-s012-a051-w011	w-s012-a051-w010	ء ل ه	ح و ش	1	1	1	1	2	2	intra_ayah:12:51:root:3
co-12_51-03071	12:51	w-s012-a051-w022	w-s012-a051-w013	ح ق ق	ع ل م	9	6	6	1	45	66	intra_ayah:12:51:root:30
co-12_51-03072	12:51	w-s012-a051-w022	w-s012-a051-w001	ح ق ق	ق و ل	21	4	13	3	83	144	intra_ayah:12:51:root:31
co-12_51-03073	12:51	w-s012-a051-w022	w-s012-a051-w009	ح ق ق	ق و ل	13	4	13	3	83	144	intra_ayah:12:51:root:31
co-12_51-03074	12:51	w-s012-a051-w022	w-s012-a051-w017	ح ق ق	ق و ل	5	4	13	3	83	144	intra_ayah:12:51:root:31
co-12_51-03075	12:51	w-s012-a051-w022	w-s012-a051-w018	ح ق ق	م ر ء	4	3	3	1	2	3	intra_ayah:12:51:root:32
co-12_51-03076	12:51	w-s012-a051-w022	w-s012-a051-w008	ح ق ق	ن ف س	14	2	10	2	22	25	intra_ayah:12:51:root:33
co-12_51-03077	12:51	w-s012-a051-w022	w-s012-a051-w026	ح ق ق	ن ف س	4	2	10	2	22	25	intra_ayah:12:51:root:33
co-12_51-03078	12:51	w-s012-a051-w010	w-s012-a051-w003	ح و ش	خ ط ب	7	4	4	1	1	1	intra_ayah:12:51:root:34
co-12_51-03079	12:51	w-s012-a051-w010	w-s012-a051-w005	ح و ش	ر و د	5	3	9	2	1	2	intra_ayah:12:51:root:35
co-12_51-03080	12:51	w-s012-a051-w010	w-s012-a051-w024	ح و ش	ر و د	14	3	9	2	1	2	intra_ayah:12:51:root:35
co-12_51-03081	12:51	w-s012-a051-w010	w-s012-a051-w016	ح و ش	س و ء	6	3	3	1	1	1	intra_ayah:12:51:root:36
co-12_51-03082	12:51	w-s012-a051-w010	w-s012-a051-w029	ح و ش	ص د ق	19	11	11	1	1	1	intra_ayah:12:51:root:37
co-12_51-03083	12:51	w-s012-a051-w010	w-s012-a051-w019	ح و ش	ع ز ز	9	6	6	1	1	1	intra_ayah:12:51:root:38
co-12_51-03084	12:51	w-s012-a051-w010	w-s012-a051-w013	ح و ش	ع ل م	3	2	2	1	1	1	intra_ayah:12:51:root:39
co-12_51-03085	12:51	w-s012-a051-w011	w-s012-a051-w003	ء ل ه	خ ط ب	8	5	5	1	2	4	intra_ayah:12:51:root:4
co-12_51-03086	12:51	w-s012-a051-w010	w-s012-a051-w001	ح و ش	ق و ل	9	1	5	3	2	5	intra_ayah:12:51:root:40
co-12_51-03087	12:51	w-s012-a051-w010	w-s012-a051-w009	ح و ش	ق و ل	1	1	5	3	2	5	intra_ayah:12:51:root:40
co-12_51-03088	12:51	w-s012-a051-w010	w-s012-a051-w017	ح و ش	ق و ل	7	1	5	3	2	5	intra_ayah:12:51:root:40
co-12_51-03089	12:51	w-s012-a051-w010	w-s012-a051-w018	ح و ش	م ر ء	8	5	5	1	1	1	intra_ayah:12:51:root:41
co-12_51-03090	12:51	w-s012-a051-w010	w-s012-a051-w008	ح و ش	ن ف س	2	2	10	2	1	2	intra_ayah:12:51:root:42
co-12_51-03091	12:51	w-s012-a051-w010	w-s012-a051-w026	ح و ش	ن ف س	16	2	10	2	1	2	intra_ayah:12:51:root:42
co-12_51-03092	12:51	w-s012-a051-w003	w-s012-a051-w005	خ ط ب	ر و د	2	1	13	2	1	2	intra_ayah:12:51:root:43
co-12_51-03093	12:51	w-s012-a051-w003	w-s012-a051-w024	خ ط ب	ر و د	21	1	13	2	1	2	intra_ayah:12:51:root:43
co-12_51-03094	12:51	w-s012-a051-w003	w-s012-a051-w016	خ ط ب	س و ء	13	7	7	1	1	1	intra_ayah:12:51:root:44
co-12_51-03095	12:51	w-s012-a051-w003	w-s012-a051-w029	خ ط ب	ص د ق	26	15	15	1	1	1	intra_ayah:12:51:root:45
co-12_51-03096	12:51	w-s012-a051-w003	w-s012-a051-w019	خ ط ب	ع ز ز	16	10	10	1	2	2	intra_ayah:12:51:root:46
co-12_51-03097	12:51	w-s012-a051-w003	w-s012-a051-w013	خ ط ب	ع ل م	10	6	6	1	2	5	intra_ayah:12:51:root:47
co-12_51-03098	12:51	w-s012-a051-w003	w-s012-a051-w001	خ ط ب	ق و ل	2	1	8	3	9	13	intra_ayah:12:51:root:48
co-12_51-03099	12:51	w-s012-a051-w003	w-s012-a051-w009	خ ط ب	ق و ل	6	1	8	3	9	13	intra_ayah:12:51:root:48
co-12_51-03100	12:51	w-s012-a051-w003	w-s012-a051-w017	خ ط ب	ق و ل	14	1	8	3	9	13	intra_ayah:12:51:root:48
co-12_51-03101	12:51	w-s012-a051-w003	w-s012-a051-w018	خ ط ب	م ر ء	15	9	9	1	2	2	intra_ayah:12:51:root:49
co-12_51-03102	12:51	w-s012-a051-w011	w-s012-a051-w005	ء ل ه	ر و د	6	4	8	2	65	146	intra_ayah:12:51:root:5
co-12_51-03103	12:51	w-s012-a051-w011	w-s012-a051-w024	ء ل ه	ر و د	13	4	8	2	65	146	intra_ayah:12:51:root:5
co-12_51-03104	12:51	w-s012-a051-w003	w-s012-a051-w008	خ ط ب	ن ف س	5	2	14	2	2	4	intra_ayah:12:51:root:50
co-12_51-03105	12:51	w-s012-a051-w003	w-s012-a051-w026	خ ط ب	ن ف س	23	2	14	2	2	4	intra_ayah:12:51:root:50
co-12_51-03106	12:51	w-s012-a051-w005	w-s012-a051-w016	ر و د	س و ء	11	6	6	2	5	7	intra_ayah:12:51:root:51
co-12_51-03107	12:51	w-s012-a051-w024	w-s012-a051-w016	ر و د	س و ء	8	6	6	2	5	7	intra_ayah:12:51:root:51
co-12_51-03108	12:51	w-s012-a051-w005	w-s012-a051-w029	ر و د	ص د ق	24	2	14	2	4	6	intra_ayah:12:51:root:52
co-12_51-03109	12:51	w-s012-a051-w024	w-s012-a051-w029	ر و د	ص د ق	5	2	14	2	4	6	intra_ayah:12:51:root:52
co-12_51-03110	12:51	w-s012-a051-w005	w-s012-a051-w019	ر و د	ع ز ز	14	3	9	2	5	8	intra_ayah:12:51:root:53
co-12_51-03111	12:51	w-s012-a051-w024	w-s012-a051-w019	ر و د	ع ز ز	5	3	9	2	5	8	intra_ayah:12:51:root:53
co-12_51-03112	12:51	w-s012-a051-w005	w-s012-a051-w013	ر و د	ع ل م	8	5	7	2	13	17	intra_ayah:12:51:root:54
co-12_51-03113	12:51	w-s012-a051-w024	w-s012-a051-w013	ر و د	ع ل م	11	5	7	2	13	17	intra_ayah:12:51:root:54
co-12_51-03114	12:51	w-s012-a051-w005	w-s012-a051-w001	ر و د	ق و ل	4	2	14	6	35	70	intra_ayah:12:51:root:55
co-12_51-03115	12:51	w-s012-a051-w005	w-s012-a051-w009	ر و د	ق و ل	4	2	14	6	35	70	intra_ayah:12:51:root:55
co-12_51-03116	12:51	w-s012-a051-w005	w-s012-a051-w017	ر و د	ق و ل	12	2	14	6	35	70	intra_ayah:12:51:root:55
co-12_51-03117	12:51	w-s012-a051-w024	w-s012-a051-w001	ر و د	ق و ل	23	2	14	6	35	70	intra_ayah:12:51:root:55
co-12_51-03118	12:51	w-s012-a051-w024	w-s012-a051-w009	ر و د	ق و ل	15	2	14	6	35	70	intra_ayah:12:51:root:55
co-12_51-03119	12:51	w-s012-a051-w024	w-s012-a051-w017	ر و د	ق و ل	7	2	14	6	35	70	intra_ayah:12:51:root:55
co-12_51-03120	12:51	w-s012-a051-w005	w-s012-a051-w018	ر و د	م ر ء	13	4	8	2	4	5	intra_ayah:12:51:root:56
co-12_51-03121	12:51	w-s012-a051-w024	w-s012-a051-w018	ر و د	م ر ء	6	4	8	2	4	5	intra_ayah:12:51:root:56
co-12_51-03122	12:51	w-s012-a051-w005	w-s012-a051-w008	ر و د	ن ف س	3	1	13	4	14	24	intra_ayah:12:51:root:57
co-12_51-03123	12:51	w-s012-a051-w005	w-s012-a051-w026	ر و د	ن ف س	21	1	13	4	14	24	intra_ayah:12:51:root:57
co-12_51-03124	12:51	w-s012-a051-w024	w-s012-a051-w008	ر و د	ن ف س	16	1	13	4	14	24	intra_ayah:12:51:root:57
co-12_51-03125	12:51	w-s012-a051-w024	w-s012-a051-w026	ر و د	ن ف س	2	1	13	4	14	24	intra_ayah:12:51:root:57
co-12_51-03126	12:51	w-s012-a051-w016	w-s012-a051-w029	س و ء	ص د ق	13	8	8	1	3	3	intra_ayah:12:51:root:58
co-12_51-03127	12:51	w-s012-a051-w016	w-s012-a051-w019	س و ء	ع ز ز	3	3	3	1	3	4	intra_ayah:12:51:root:59
co-12_51-03128	12:51	w-s012-a051-w011	w-s012-a051-w016	ء ل ه	س و ء	5	2	2	1	66	114	intra_ayah:12:51:root:6
co-12_51-03129	12:51	w-s012-a051-w016	w-s012-a051-w013	س و ء	ع ل م	3	1	1	1	14	14	intra_ayah:12:51:root:60
co-12_51-03130	12:51	w-s012-a051-w016	w-s012-a051-w001	س و ء	ق و ل	15	1	8	3	33	42	intra_ayah:12:51:root:61
co-12_51-03131	12:51	w-s012-a051-w016	w-s012-a051-w009	س و ء	ق و ل	7	1	8	3	33	42	intra_ayah:12:51:root:61
co-12_51-03132	12:51	w-s012-a051-w016	w-s012-a051-w017	س و ء	ق و ل	1	1	8	3	33	42	intra_ayah:12:51:root:61
co-12_51-03133	12:51	w-s012-a051-w016	w-s012-a051-w018	س و ء	م ر ء	2	2	2	1	3	3	intra_ayah:12:51:root:62
co-12_51-03134	12:51	w-s012-a051-w016	w-s012-a051-w008	س و ء	ن ف س	8	5	7	2	15	19	intra_ayah:12:51:root:63
co-12_51-03135	12:51	w-s012-a051-w016	w-s012-a051-w026	س و ء	ن ف س	10	5	7	2	15	19	intra_ayah:12:51:root:63
co-12_51-03136	12:51	w-s012-a051-w029	w-s012-a051-w019	ص د ق	ع ز ز	10	5	5	1	2	3	intra_ayah:12:51:root:64
co-12_51-03137	12:51	w-s012-a051-w029	w-s012-a051-w013	ص د ق	ع ل م	16	9	9	1	19	21	intra_ayah:12:51:root:65
co-12_51-03138	12:51	w-s012-a051-w029	w-s012-a051-w001	ص د ق	ق و ل	28	7	16	3	54	72	intra_ayah:12:51:root:66
co-12_51-03139	12:51	w-s012-a051-w029	w-s012-a051-w009	ص د ق	ق و ل	20	7	16	3	54	72	intra_ayah:12:51:root:66
co-12_51-03140	12:51	w-s012-a051-w029	w-s012-a051-w017	ص د ق	ق و ل	12	7	16	3	54	72	intra_ayah:12:51:root:66
co-12_51-03141	12:51	w-s012-a051-w029	w-s012-a051-w018	ص د ق	م ر ء	11	6	6	1	2	2	intra_ayah:12:51:root:67
co-12_51-03142	12:51	w-s012-a051-w029	w-s012-a051-w008	ص د ق	ن ف س	21	1	13	2	9	12	intra_ayah:12:51:root:68
co-12_51-03143	12:51	w-s012-a051-w029	w-s012-a051-w026	ص د ق	ن ف س	3	1	13	2	9	12	intra_ayah:12:51:root:68
co-12_51-03144	12:51	w-s012-a051-w019	w-s012-a051-w013	ع ز ز	ع ل م	6	4	4	1	22	23	intra_ayah:12:51:root:69
co-12_51-03145	12:51	w-s012-a051-w011	w-s012-a051-w029	ء ل ه	ص د ق	18	10	10	1	71	115	intra_ayah:12:51:root:7
co-12_51-03146	12:51	w-s012-a051-w019	w-s012-a051-w001	ع ز ز	ق و ل	18	2	11	3	24	31	intra_ayah:12:51:root:70
co-12_51-03147	12:51	w-s012-a051-w019	w-s012-a051-w009	ع ز ز	ق و ل	10	2	11	3	24	31	intra_ayah:12:51:root:70
co-12_51-03148	12:51	w-s012-a051-w019	w-s012-a051-w017	ع ز ز	ق و ل	2	2	11	3	24	31	intra_ayah:12:51:root:70
co-12_51-03149	12:51	w-s012-a051-w019	w-s012-a051-w018	ع ز ز	م ر ء	1	1	1	1	2	2	intra_ayah:12:51:root:71
co-12_51-03150	12:51	w-s012-a051-w019	w-s012-a051-w008	ع ز ز	ن ف س	11	4	8	2	5	6	intra_ayah:12:51:root:72
co-12_51-03151	12:51	w-s012-a051-w019	w-s012-a051-w026	ع ز ز	ن ف س	7	4	8	2	5	6	intra_ayah:12:51:root:72
co-12_51-03152	12:51	w-s012-a051-w013	w-s012-a051-w001	ع ل م	ق و ل	12	2	7	3	230	414	intra_ayah:12:51:root:73
co-12_51-03153	12:51	w-s012-a051-w013	w-s012-a051-w009	ع ل م	ق و ل	4	2	7	3	230	414	intra_ayah:12:51:root:73
co-12_51-03154	12:51	w-s012-a051-w013	w-s012-a051-w017	ع ل م	ق و ل	4	2	7	3	230	414	intra_ayah:12:51:root:73
co-12_51-03155	12:51	w-s012-a051-w013	w-s012-a051-w018	ع ل م	م ر ء	5	3	3	1	10	18	intra_ayah:12:51:root:74
co-12_51-03156	12:51	w-s012-a051-w013	w-s012-a051-w008	ع ل م	ن ف س	5	4	8	2	45	81	intra_ayah:12:51:root:75
co-12_51-03157	12:51	w-s012-a051-w013	w-s012-a051-w026	ع ل م	ن ف س	13	4	8	2	45	81	intra_ayah:12:51:root:75
co-12_51-03158	12:51	w-s012-a051-w001	w-s012-a051-w018	ق و ل	م ر ء	17	1	10	3	17	23	intra_ayah:12:51:root:76
co-12_51-03159	12:51	w-s012-a051-w009	w-s012-a051-w018	ق و ل	م ر ء	9	1	10	3	17	23	intra_ayah:12:51:root:76
co-12_51-03160	12:51	w-s012-a051-w017	w-s012-a051-w018	ق و ل	م ر ء	1	1	10	3	17	23	intra_ayah:12:51:root:76
co-12_51-03161	12:51	w-s012-a051-w001	w-s012-a051-w008	ق و ل	ن ف س	7	1	15	6	67	123	intra_ayah:12:51:root:77
co-12_51-03162	12:51	w-s012-a051-w001	w-s012-a051-w026	ق و ل	ن ف س	25	1	15	6	67	123	intra_ayah:12:51:root:77
co-12_51-03163	12:51	w-s012-a051-w009	w-s012-a051-w008	ق و ل	ن ف س	1	1	15	6	67	123	intra_ayah:12:51:root:77
co-12_51-03164	12:51	w-s012-a051-w009	w-s012-a051-w026	ق و ل	ن ف س	17	1	15	6	67	123	intra_ayah:12:51:root:77
co-12_51-03165	12:51	w-s012-a051-w017	w-s012-a051-w008	ق و ل	ن ف س	9	1	15	6	67	123	intra_ayah:12:51:root:77
co-12_51-03166	12:51	w-s012-a051-w017	w-s012-a051-w026	ق و ل	ن ف س	9	1	15	6	67	123	intra_ayah:12:51:root:77
co-12_51-03167	12:51	w-s012-a051-w018	w-s012-a051-w008	م ر ء	ن ف س	10	5	7	2	6	7	intra_ayah:12:51:root:78
co-12_51-03168	12:51	w-s012-a051-w018	w-s012-a051-w026	م ر ء	ن ف س	8	5	7	2	6	7	intra_ayah:12:51:root:78
co-12_51-03169	12:51	w-s012-a051-w011	w-s012-a051-w019	ء ل ه	ع ز ز	8	5	5	1	69	117	intra_ayah:12:51:root:8
co-12_51-03170	12:51	w-s012-a051-w011	w-s012-a051-w013	ء ل ه	ع ل م	2	1	1	1	408	878	intra_ayah:12:51:root:9
co-12_52-03171	12:52	w-s012-a052-w008	w-s012-a052-w005	ء ل ه	خ و ن	3	2	3	2	10	22	intra_ayah:12:52:root:1
co-12_52-03172	12:52	w-s012-a052-w008	w-s012-a052-w012	ء ل ه	خ و ن	4	2	3	2	10	22	intra_ayah:12:52:root:1
co-12_52-03173	12:52	w-s012-a052-w002	w-s012-a052-w006	ع ل م	غ ي ب	4	2	2	1	34	47	intra_ayah:12:52:root:10
co-12_52-03174	12:52	w-s012-a052-w002	w-s012-a052-w011	ع ل م	ك ي د	9	5	5	1	4	5	intra_ayah:12:52:root:11
co-12_52-03175	12:52	w-s012-a052-w002	w-s012-a052-w010	ع ل م	ه د ي	8	4	4	1	46	67	intra_ayah:12:52:root:12
co-12_52-03176	12:52	w-s012-a052-w006	w-s012-a052-w011	غ ي ب	ك ي د	5	3	3	1	1	1	intra_ayah:12:52:root:13
co-12_52-03177	12:52	w-s012-a052-w006	w-s012-a052-w010	غ ي ب	ه د ي	4	2	2	1	1	1	intra_ayah:12:52:root:14
co-12_52-03178	12:52	w-s012-a052-w011	w-s012-a052-w010	ك ي د	ه د ي	1	1	1	1	1	1	intra_ayah:12:52:root:15
co-12_52-03179	12:52	w-s012-a052-w008	w-s012-a052-w002	ء ل ه	ع ل م	6	3	3	1	408	878	intra_ayah:12:52:root:2
co-12_52-03180	12:52	w-s012-a052-w008	w-s012-a052-w006	ء ل ه	غ ي ب	2	1	1	1	24	41	intra_ayah:12:52:root:3
co-12_52-03181	12:52	w-s012-a052-w008	w-s012-a052-w011	ء ل ه	ك ي د	3	2	2	1	8	8	intra_ayah:12:52:root:4
co-12_52-03182	12:52	w-s012-a052-w008	w-s012-a052-w010	ء ل ه	ه د ي	2	1	1	1	130	296	intra_ayah:12:52:root:5
co-12_52-03183	12:52	w-s012-a052-w005	w-s012-a052-w002	خ و ن	ع ل م	3	1	6	2	5	8	intra_ayah:12:52:root:6
co-12_52-03184	12:52	w-s012-a052-w012	w-s012-a052-w002	خ و ن	ع ل م	10	1	6	2	5	8	intra_ayah:12:52:root:6
co-12_52-03185	12:52	w-s012-a052-w005	w-s012-a052-w006	خ و ن	غ ي ب	1	1	4	2	1	2	intra_ayah:12:52:root:7
co-12_52-03186	12:52	w-s012-a052-w012	w-s012-a052-w006	خ و ن	غ ي ب	6	1	4	2	1	2	intra_ayah:12:52:root:7
co-12_52-03187	12:52	w-s012-a052-w005	w-s012-a052-w011	خ و ن	ك ي د	6	1	4	2	1	2	intra_ayah:12:52:root:8
co-12_52-03188	12:52	w-s012-a052-w012	w-s012-a052-w011	خ و ن	ك ي د	1	1	4	2	1	2	intra_ayah:12:52:root:8
co-12_52-03189	12:52	w-s012-a052-w005	w-s012-a052-w010	خ و ن	ه د ي	5	2	3	2	1	2	intra_ayah:12:52:root:9
co-12_52-03190	12:52	w-s012-a052-w012	w-s012-a052-w010	خ و ن	ه د ي	2	2	3	2	1	2	intra_ayah:12:52:root:9
co-12_53-03191	12:53	w-s012-a053-w006	w-s012-a053-w002	ء م ر	ب ر ء	4	3	3	1	1	1	intra_ayah:12:53:root:1
co-12_53-03192	12:53	w-s012-a053-w002	w-s012-a053-w014	ب ر ء	غ ف ر	12	8	8	1	4	4	intra_ayah:12:53:root:10
co-12_53-03193	12:53	w-s012-a053-w002	w-s012-a053-w003	ب ر ء	ن ف س	1	1	2	2	3	7	intra_ayah:12:53:root:11
co-12_53-03194	12:53	w-s012-a053-w002	w-s012-a053-w005	ب ر ء	ن ف س	3	1	2	2	3	7	intra_ayah:12:53:root:11
co-12_53-03195	12:53	w-s012-a053-w011	w-s012-a053-w010	ر ب ب	ر ح م	1	1	3	4	91	121	intra_ayah:12:53:root:12
co-12_53-03196	12:53	w-s012-a053-w011	w-s012-a053-w015	ر ب ب	ر ح م	4	1	3	4	91	121	intra_ayah:12:53:root:12
co-12_53-03197	12:53	w-s012-a053-w013	w-s012-a053-w010	ر ب ب	ر ح م	3	1	3	4	91	121	intra_ayah:12:53:root:12
co-12_53-03198	12:53	w-s012-a053-w013	w-s012-a053-w015	ر ب ب	ر ح م	2	1	3	4	91	121	intra_ayah:12:53:root:12
co-12_53-03199	12:53	w-s012-a053-w011	w-s012-a053-w007	ر ب ب	س و ء	4	2	3	2	29	36	intra_ayah:12:53:root:13
co-12_53-03200	12:53	w-s012-a053-w013	w-s012-a053-w007	ر ب ب	س و ء	6	2	3	2	29	36	intra_ayah:12:53:root:13
co-12_53-03201	12:53	w-s012-a053-w011	w-s012-a053-w014	ر ب ب	غ ف ر	3	1	2	2	62	87	intra_ayah:12:53:root:14
co-12_53-03202	12:53	w-s012-a053-w013	w-s012-a053-w014	ر ب ب	غ ف ر	1	1	2	2	62	87	intra_ayah:12:53:root:14
co-12_53-03203	12:53	w-s012-a053-w011	w-s012-a053-w003	ر ب ب	ن ف س	8	4	6	4	42	54	intra_ayah:12:53:root:15
co-12_53-03204	12:53	w-s012-a053-w011	w-s012-a053-w005	ر ب ب	ن ف س	6	4	6	4	42	54	intra_ayah:12:53:root:15
co-12_53-03205	12:53	w-s012-a053-w013	w-s012-a053-w003	ر ب ب	ن ف س	10	4	6	4	42	54	intra_ayah:12:53:root:15
co-12_53-03206	12:53	w-s012-a053-w013	w-s012-a053-w005	ر ب ب	ن ف س	8	4	6	4	42	54	intra_ayah:12:53:root:15
co-12_53-03207	12:53	w-s012-a053-w010	w-s012-a053-w007	ر ح م	س و ء	3	1	5	2	15	18	intra_ayah:12:53:root:16
co-12_53-03208	12:53	w-s012-a053-w015	w-s012-a053-w007	ر ح م	س و ء	8	1	5	2	15	18	intra_ayah:12:53:root:16
co-12_53-03209	12:53	w-s012-a053-w010	w-s012-a053-w014	ر ح م	غ ف ر	4	1	3	2	91	129	intra_ayah:12:53:root:17
co-12_53-03210	12:53	w-s012-a053-w015	w-s012-a053-w014	ر ح م	غ ف ر	1	1	3	2	91	129	intra_ayah:12:53:root:17
co-12_53-03211	12:53	w-s012-a053-w010	w-s012-a053-w003	ر ح م	ن ف س	7	3	8	4	23	31	intra_ayah:12:53:root:18
co-12_53-03212	12:53	w-s012-a053-w010	w-s012-a053-w005	ر ح م	ن ف س	5	3	8	4	23	31	intra_ayah:12:53:root:18
co-12_53-03213	12:53	w-s012-a053-w015	w-s012-a053-w003	ر ح م	ن ف س	12	3	8	4	23	31	intra_ayah:12:53:root:18
co-12_53-03214	12:53	w-s012-a053-w015	w-s012-a053-w005	ر ح م	ن ف س	10	3	8	4	23	31	intra_ayah:12:53:root:18
co-12_53-03215	12:53	w-s012-a053-w007	w-s012-a053-w014	س و ء	غ ف ر	7	4	4	1	15	16	intra_ayah:12:53:root:19
co-12_53-03216	12:53	w-s012-a053-w006	w-s012-a053-w011	ء م ر	ر ب ب	5	3	4	2	47	62	intra_ayah:12:53:root:2
co-12_53-03217	12:53	w-s012-a053-w006	w-s012-a053-w013	ء م ر	ر ب ب	7	3	4	2	47	62	intra_ayah:12:53:root:2
co-12_53-03218	12:53	w-s012-a053-w007	w-s012-a053-w003	س و ء	ن ف س	4	2	3	2	15	19	intra_ayah:12:53:root:20
co-12_53-03219	12:53	w-s012-a053-w007	w-s012-a053-w005	س و ء	ن ف س	2	2	3	2	15	19	intra_ayah:12:53:root:20
co-12_53-03220	12:53	w-s012-a053-w014	w-s012-a053-w003	غ ف ر	ن ف س	11	6	7	2	15	24	intra_ayah:12:53:root:21
co-12_53-03221	12:53	w-s012-a053-w014	w-s012-a053-w005	غ ف ر	ن ف س	9	6	7	2	15	24	intra_ayah:12:53:root:21
co-12_53-03222	12:53	w-s012-a053-w006	w-s012-a053-w010	ء م ر	ر ح م	4	2	6	2	19	22	intra_ayah:12:53:root:3
co-12_53-03223	12:53	w-s012-a053-w006	w-s012-a053-w015	ء م ر	ر ح م	9	2	6	2	19	22	intra_ayah:12:53:root:3
co-12_53-03224	12:53	w-s012-a053-w006	w-s012-a053-w007	ء م ر	س و ء	1	1	1	1	7	7	intra_ayah:12:53:root:4
co-12_53-03225	12:53	w-s012-a053-w006	w-s012-a053-w014	ء م ر	غ ف ر	8	5	5	1	6	7	intra_ayah:12:53:root:5
co-12_53-03226	12:53	w-s012-a053-w006	w-s012-a053-w003	ء م ر	ن ف س	3	1	2	2	20	28	intra_ayah:12:53:root:6
co-12_53-03227	12:53	w-s012-a053-w006	w-s012-a053-w005	ء م ر	ن ف س	1	1	2	2	20	28	intra_ayah:12:53:root:6
co-12_53-03228	12:53	w-s012-a053-w002	w-s012-a053-w011	ب ر ء	ر ب ب	9	6	7	2	6	7	intra_ayah:12:53:root:7
co-12_53-03229	12:53	w-s012-a053-w002	w-s012-a053-w013	ب ر ء	ر ب ب	11	6	7	2	6	7	intra_ayah:12:53:root:7
co-12_53-03230	12:53	w-s012-a053-w002	w-s012-a053-w010	ب ر ء	ر ح م	8	5	9	2	2	4	intra_ayah:12:53:root:8
co-12_53-03231	12:53	w-s012-a053-w002	w-s012-a053-w015	ب ر ء	ر ح م	13	5	9	2	2	4	intra_ayah:12:53:root:8
co-12_53-03232	12:53	w-s012-a053-w002	w-s012-a053-w007	ب ر ء	س و ء	5	4	4	1	2	2	intra_ayah:12:53:root:9
co-12_54-03233	12:54	w-s012-a054-w003	w-s012-a054-w014	ء ت ي	ء م ن	11	7	7	1	81	149	intra_ayah:12:54:root:1
co-12_54-03234	12:54	w-s012-a054-w014	w-s012-a054-w001	ء م ن	ق و ل	13	3	9	2	185	327	intra_ayah:12:54:root:10
co-12_54-03235	12:54	w-s012-a054-w014	w-s012-a054-w009	ء م ن	ق و ل	5	3	9	2	185	327	intra_ayah:12:54:root:10
co-12_54-03236	12:54	w-s012-a054-w014	w-s012-a054-w008	ء م ن	ك ل م	6	4	4	1	14	16	intra_ayah:12:54:root:11
co-12_54-03237	12:54	w-s012-a054-w014	w-s012-a054-w013	ء م ن	م ك ن	1	1	1	1	3	4	intra_ayah:12:54:root:12
co-12_54-03238	12:54	w-s012-a054-w014	w-s012-a054-w002	ء م ن	م ل ك	12	8	8	1	26	42	intra_ayah:12:54:root:13
co-12_54-03239	12:54	w-s012-a054-w014	w-s012-a054-w006	ء م ن	ن ف س	8	5	5	1	43	56	intra_ayah:12:54:root:14
co-12_54-03240	12:54	w-s012-a054-w014	w-s012-a054-w011	ء م ن	ي و م	3	2	2	1	58	81	intra_ayah:12:54:root:15
co-12_54-03241	12:54	w-s012-a054-w005	w-s012-a054-w001	خ ل ص	ق و ل	4	3	3	2	9	11	intra_ayah:12:54:root:16
co-12_54-03242	12:54	w-s012-a054-w005	w-s012-a054-w009	خ ل ص	ق و ل	4	3	3	2	9	11	intra_ayah:12:54:root:16
co-12_54-03243	12:54	w-s012-a054-w005	w-s012-a054-w008	خ ل ص	ك ل م	3	2	2	1	1	1	intra_ayah:12:54:root:17
co-12_54-03244	12:54	w-s012-a054-w005	w-s012-a054-w013	خ ل ص	م ك ن	8	5	5	1	1	1	intra_ayah:12:54:root:18
co-12_54-03245	12:54	w-s012-a054-w005	w-s012-a054-w002	خ ل ص	م ل ك	3	2	2	1	2	3	intra_ayah:12:54:root:19
co-12_54-03246	12:54	w-s012-a054-w003	w-s012-a054-w005	ء ت ي	خ ل ص	2	1	1	1	4	4	intra_ayah:12:54:root:2
co-12_54-03247	12:54	w-s012-a054-w005	w-s012-a054-w006	خ ل ص	ن ف س	1	1	1	1	2	2	intra_ayah:12:54:root:20
co-12_54-03248	12:54	w-s012-a054-w005	w-s012-a054-w011	خ ل ص	ي و م	6	4	4	1	2	2	intra_ayah:12:54:root:21
co-12_54-03249	12:54	w-s012-a054-w001	w-s012-a054-w008	ق و ل	ك ل م	7	1	5	2	28	49	intra_ayah:12:54:root:22
co-12_54-03250	12:54	w-s012-a054-w009	w-s012-a054-w008	ق و ل	ك ل م	1	1	5	2	28	49	intra_ayah:12:54:root:22
co-12_54-03251	12:54	w-s012-a054-w001	w-s012-a054-w013	ق و ل	م ك ن	12	2	8	2	4	5	intra_ayah:12:54:root:23
co-12_54-03252	12:54	w-s012-a054-w009	w-s012-a054-w013	ق و ل	م ك ن	4	2	8	2	4	5	intra_ayah:12:54:root:23
co-12_54-03253	12:54	w-s012-a054-w001	w-s012-a054-w002	ق و ل	م ل ك	1	1	5	2	80	134	intra_ayah:12:54:root:24
co-12_54-03254	12:54	w-s012-a054-w009	w-s012-a054-w002	ق و ل	م ل ك	7	1	5	2	80	134	intra_ayah:12:54:root:24
co-12_54-03255	12:54	w-s012-a054-w001	w-s012-a054-w006	ق و ل	ن ف س	5	2	4	2	67	123	intra_ayah:12:54:root:25
co-12_54-03256	12:54	w-s012-a054-w009	w-s012-a054-w006	ق و ل	ن ف س	3	2	4	2	67	123	intra_ayah:12:54:root:25
co-12_54-03257	12:54	w-s012-a054-w001	w-s012-a054-w011	ق و ل	ي و م	10	1	7	2	94	148	intra_ayah:12:54:root:26
co-12_54-03258	12:54	w-s012-a054-w009	w-s012-a054-w011	ق و ل	ي و م	2	1	7	2	94	148	intra_ayah:12:54:root:26
co-12_54-03259	12:54	w-s012-a054-w008	w-s012-a054-w013	ك ل م	م ك ن	5	3	3	1	1	1	intra_ayah:12:54:root:27
co-12_54-03260	12:54	w-s012-a054-w008	w-s012-a054-w002	ك ل م	م ل ك	6	4	4	1	7	7	intra_ayah:12:54:root:28
co-12_54-03261	12:54	w-s012-a054-w008	w-s012-a054-w006	ك ل م	ن ف س	2	1	1	1	2	2	intra_ayah:12:54:root:29
co-12_54-03262	12:54	w-s012-a054-w003	w-s012-a054-w001	ء ت ي	ق و ل	2	2	4	2	154	264	intra_ayah:12:54:root:3
co-12_54-03263	12:54	w-s012-a054-w003	w-s012-a054-w009	ء ت ي	ق و ل	6	2	4	2	154	264	intra_ayah:12:54:root:3
co-12_54-03264	12:54	w-s012-a054-w008	w-s012-a054-w011	ك ل م	ي و م	3	2	2	1	10	10	intra_ayah:12:54:root:30
co-12_54-03265	12:54	w-s012-a054-w013	w-s012-a054-w002	م ك ن	م ل ك	11	7	7	1	1	1	intra_ayah:12:54:root:31
co-12_54-03266	12:54	w-s012-a054-w013	w-s012-a054-w006	م ك ن	ن ف س	7	4	4	1	1	1	intra_ayah:12:54:root:32
co-12_54-03267	12:54	w-s012-a054-w013	w-s012-a054-w011	م ك ن	ي و م	2	1	1	1	1	1	intra_ayah:12:54:root:33
co-12_54-03268	12:54	w-s012-a054-w002	w-s012-a054-w006	م ل ك	ن ف س	4	3	3	1	20	26	intra_ayah:12:54:root:34
co-12_54-03269	12:54	w-s012-a054-w002	w-s012-a054-w011	م ل ك	ي و م	9	6	6	1	19	21	intra_ayah:12:54:root:35
co-12_54-03270	12:54	w-s012-a054-w006	w-s012-a054-w011	ن ف س	ي و م	5	3	3	1	30	39	intra_ayah:12:54:root:36
co-12_54-03271	12:54	w-s012-a054-w003	w-s012-a054-w008	ء ت ي	ك ل م	5	3	3	1	11	13	intra_ayah:12:54:root:4
co-12_54-03272	12:54	w-s012-a054-w003	w-s012-a054-w013	ء ت ي	م ك ن	10	6	6	1	3	3	intra_ayah:12:54:root:5
co-12_54-03273	12:54	w-s012-a054-w003	w-s012-a054-w002	ء ت ي	م ل ك	1	1	1	1	28	55	intra_ayah:12:54:root:6
co-12_54-03274	12:54	w-s012-a054-w003	w-s012-a054-w006	ء ت ي	ن ف س	3	2	2	1	37	49	intra_ayah:12:54:root:7
co-12_54-03275	12:54	w-s012-a054-w003	w-s012-a054-w011	ء ت ي	ي و م	8	5	5	1	44	59	intra_ayah:12:54:root:8
co-12_54-03276	12:54	w-s012-a054-w014	w-s012-a054-w005	ء م ن	خ ل ص	9	6	6	1	4	6	intra_ayah:12:54:root:9
co-12_55-03277	12:55	w-s012-a055-w005	w-s012-a055-w002	ء ر ض	ج ع ل	3	2	2	1	40	53	intra_ayah:12:55:root:1
co-12_55-03278	12:55	w-s012-a055-w007	w-s012-a055-w004	ح ف ظ	خ ز ن	3	2	2	1	1	1	intra_ayah:12:55:root:10
co-12_55-03279	12:55	w-s012-a055-w007	w-s012-a055-w008	ح ف ظ	ع ل م	1	1	1	1	7	8	intra_ayah:12:55:root:11
co-12_55-03280	12:55	w-s012-a055-w007	w-s012-a055-w001	ح ف ظ	ق و ل	6	4	4	1	7	7	intra_ayah:12:55:root:12
co-12_55-03281	12:55	w-s012-a055-w004	w-s012-a055-w008	خ ز ن	ع ل م	4	3	3	1	4	5	intra_ayah:12:55:root:13
co-12_55-03282	12:55	w-s012-a055-w004	w-s012-a055-w001	خ ز ن	ق و ل	3	2	2	1	8	14	intra_ayah:12:55:root:14
co-12_55-03283	12:55	w-s012-a055-w008	w-s012-a055-w001	ع ل م	ق و ل	7	5	5	1	230	414	intra_ayah:12:55:root:15
co-12_55-03284	12:55	w-s012-a055-w005	w-s012-a055-w007	ء ر ض	ح ف ظ	2	1	1	1	3	4	intra_ayah:12:55:root:2
co-12_55-03285	12:55	w-s012-a055-w005	w-s012-a055-w004	ء ر ض	خ ز ن	1	1	1	1	2	2	intra_ayah:12:55:root:3
co-12_55-03286	12:55	w-s012-a055-w005	w-s012-a055-w008	ء ر ض	ع ل م	3	2	2	1	85	119	intra_ayah:12:55:root:4
co-12_55-03287	12:55	w-s012-a055-w005	w-s012-a055-w001	ء ر ض	ق و ل	4	3	3	1	101	149	intra_ayah:12:55:root:5
co-12_55-03288	12:55	w-s012-a055-w002	w-s012-a055-w007	ج ع ل	ح ف ظ	5	3	3	1	3	3	intra_ayah:12:55:root:6
co-12_55-03289	12:55	w-s012-a055-w002	w-s012-a055-w004	ج ع ل	خ ز ن	2	1	1	1	1	1	intra_ayah:12:55:root:7
co-12_55-03290	12:55	w-s012-a055-w002	w-s012-a055-w008	ج ع ل	ع ل م	6	4	4	1	41	59	intra_ayah:12:55:root:8
co-12_55-03291	12:55	w-s012-a055-w002	w-s012-a055-w001	ج ع ل	ق و ل	1	1	1	1	62	107	intra_ayah:12:55:root:9
co-12_56-03292	12:56	w-s012-a056-w016	w-s012-a056-w005	ء ج ر	ء ر ض	11	8	8	1	5	5	intra_ayah:12:56:root:1
co-12_56-03293	12:56	w-s012-a056-w005	w-s012-a056-w006	ء ر ض	ب و ء	1	1	1	1	4	5	intra_ayah:12:56:root:10
co-12_56-03294	12:56	w-s012-a056-w005	w-s012-a056-w017	ء ر ض	ح س ن	12	9	9	1	15	18	intra_ayah:12:56:root:11
co-12_56-03295	12:56	w-s012-a056-w005	w-s012-a056-w008	ء ر ض	ح ي ث	3	2	2	1	3	3	intra_ayah:12:56:root:12
co-12_56-03296	12:56	w-s012-a056-w005	w-s012-a056-w011	ء ر ض	ر ح م	6	5	5	1	22	24	intra_ayah:12:56:root:13
co-12_56-03297	12:56	w-s012-a056-w005	w-s012-a056-w009	ء ر ض	ش ي ء	4	3	6	2	74	101	intra_ayah:12:56:root:14
co-12_56-03298	12:56	w-s012-a056-w005	w-s012-a056-w013	ء ر ض	ش ي ء	8	3	6	2	74	101	intra_ayah:12:56:root:14
co-12_56-03299	12:56	w-s012-a056-w005	w-s012-a056-w010	ء ر ض	ص و ب	5	4	4	1	5	7	intra_ayah:12:56:root:15
co-12_56-03300	12:56	w-s012-a056-w005	w-s012-a056-w015	ء ر ض	ض ي ع	10	7	7	1	1	1	intra_ayah:12:56:root:16
co-12_56-03301	12:56	w-s012-a056-w005	w-s012-a056-w002	ء ر ض	م ك ن	3	1	1	1	9	10	intra_ayah:12:56:root:17
co-12_56-03302	12:56	w-s012-a056-w006	w-s012-a056-w017	ب و ء	ح س ن	11	8	8	1	2	2	intra_ayah:12:56:root:18
co-12_56-03303	12:56	w-s012-a056-w006	w-s012-a056-w008	ب و ء	ح ي ث	2	1	1	1	2	2	intra_ayah:12:56:root:19
co-12_56-03304	12:56	w-s012-a056-w016	w-s012-a056-w006	ء ج ر	ب و ء	10	7	7	1	4	4	intra_ayah:12:56:root:2
co-12_56-03305	12:56	w-s012-a056-w006	w-s012-a056-w011	ب و ء	ر ح م	5	4	4	1	1	1	intra_ayah:12:56:root:20
co-12_56-03306	12:56	w-s012-a056-w006	w-s012-a056-w009	ب و ء	ش ي ء	3	2	5	2	4	5	intra_ayah:12:56:root:21
co-12_56-03307	12:56	w-s012-a056-w006	w-s012-a056-w013	ب و ء	ش ي ء	7	2	5	2	4	5	intra_ayah:12:56:root:21
co-12_56-03308	12:56	w-s012-a056-w006	w-s012-a056-w010	ب و ء	ص و ب	4	3	3	1	1	1	intra_ayah:12:56:root:22
co-12_56-03309	12:56	w-s012-a056-w006	w-s012-a056-w015	ب و ء	ض ي ع	9	6	6	1	1	1	intra_ayah:12:56:root:23
co-12_56-03310	12:56	w-s012-a056-w006	w-s012-a056-w002	ب و ء	م ك ن	4	2	2	1	1	1	intra_ayah:12:56:root:24
co-12_56-03311	12:56	w-s012-a056-w017	w-s012-a056-w008	ح س ن	ح ي ث	9	7	7	1	3	3	intra_ayah:12:56:root:25
co-12_56-03312	12:56	w-s012-a056-w017	w-s012-a056-w011	ح س ن	ر ح م	6	4	4	1	14	14	intra_ayah:12:56:root:26
co-12_56-03313	12:56	w-s012-a056-w017	w-s012-a056-w009	ح س ن	ش ي ء	8	3	6	2	24	29	intra_ayah:12:56:root:27
co-12_56-03314	12:56	w-s012-a056-w017	w-s012-a056-w013	ح س ن	ش ي ء	4	3	6	2	24	29	intra_ayah:12:56:root:27
co-12_56-03315	12:56	w-s012-a056-w017	w-s012-a056-w010	ح س ن	ص و ب	7	5	5	1	11	16	intra_ayah:12:56:root:28
co-12_56-03316	12:56	w-s012-a056-w017	w-s012-a056-w015	ح س ن	ض ي ع	2	2	2	1	6	6	intra_ayah:12:56:root:29
co-12_56-03317	12:56	w-s012-a056-w016	w-s012-a056-w017	ء ج ر	ح س ن	1	1	1	1	22	24	intra_ayah:12:56:root:3
co-12_56-03318	12:56	w-s012-a056-w017	w-s012-a056-w002	ح س ن	م ك ن	15	10	10	1	1	1	intra_ayah:12:56:root:30
co-12_56-03319	12:56	w-s012-a056-w008	w-s012-a056-w011	ح ي ث	ر ح م	3	3	3	1	3	3	intra_ayah:12:56:root:31
co-12_56-03320	12:56	w-s012-a056-w008	w-s012-a056-w009	ح ي ث	ش ي ء	1	1	4	2	8	9	intra_ayah:12:56:root:32
co-12_56-03321	12:56	w-s012-a056-w008	w-s012-a056-w013	ح ي ث	ش ي ء	5	1	4	2	8	9	intra_ayah:12:56:root:32
co-12_56-03322	12:56	w-s012-a056-w008	w-s012-a056-w010	ح ي ث	ص و ب	2	2	2	1	3	3	intra_ayah:12:56:root:33
co-12_56-03323	12:56	w-s012-a056-w008	w-s012-a056-w015	ح ي ث	ض ي ع	7	5	5	1	1	1	intra_ayah:12:56:root:34
co-12_56-03324	12:56	w-s012-a056-w008	w-s012-a056-w002	ح ي ث	م ك ن	6	3	3	1	1	1	intra_ayah:12:56:root:35
co-12_56-03325	12:56	w-s012-a056-w011	w-s012-a056-w009	ر ح م	ش ي ء	2	1	2	2	37	48	intra_ayah:12:56:root:36
co-12_56-03326	12:56	w-s012-a056-w011	w-s012-a056-w013	ر ح م	ش ي ء	2	1	2	2	37	48	intra_ayah:12:56:root:36
co-12_56-03327	12:56	w-s012-a056-w011	w-s012-a056-w010	ر ح م	ص و ب	1	1	1	1	7	7	intra_ayah:12:56:root:37
co-12_56-03328	12:56	w-s012-a056-w011	w-s012-a056-w015	ر ح م	ض ي ع	4	2	2	1	2	2	intra_ayah:12:56:root:38
co-12_56-03329	12:56	w-s012-a056-w011	w-s012-a056-w002	ر ح م	م ك ن	9	6	6	1	1	1	intra_ayah:12:56:root:39
co-12_56-03330	12:56	w-s012-a056-w016	w-s012-a056-w008	ء ج ر	ح ي ث	8	6	6	1	3	3	intra_ayah:12:56:root:4
co-12_56-03331	12:56	w-s012-a056-w009	w-s012-a056-w010	ش ي ء	ص و ب	1	1	2	2	13	20	intra_ayah:12:56:root:40
co-12_56-03332	12:56	w-s012-a056-w013	w-s012-a056-w010	ش ي ء	ص و ب	3	1	2	2	13	20	intra_ayah:12:56:root:40
co-12_56-03333	12:56	w-s012-a056-w009	w-s012-a056-w015	ش ي ء	ض ي ع	6	1	4	2	1	2	intra_ayah:12:56:root:41
co-12_56-03334	12:56	w-s012-a056-w013	w-s012-a056-w015	ش ي ء	ض ي ع	2	1	4	2	1	2	intra_ayah:12:56:root:41
co-12_56-03335	12:56	w-s012-a056-w009	w-s012-a056-w002	ش ي ء	م ك ن	7	4	7	2	5	7	intra_ayah:12:56:root:42
co-12_56-03336	12:56	w-s012-a056-w013	w-s012-a056-w002	ش ي ء	م ك ن	11	4	7	2	5	7	intra_ayah:12:56:root:42
co-12_56-03337	12:56	w-s012-a056-w010	w-s012-a056-w015	ص و ب	ض ي ع	5	3	3	1	2	2	intra_ayah:12:56:root:43
co-12_56-03338	12:56	w-s012-a056-w010	w-s012-a056-w002	ص و ب	م ك ن	8	5	5	1	1	1	intra_ayah:12:56:root:44
co-12_56-03339	12:56	w-s012-a056-w015	w-s012-a056-w002	ض ي ع	م ك ن	13	8	8	1	1	1	intra_ayah:12:56:root:45
co-12_56-03340	12:56	w-s012-a056-w016	w-s012-a056-w011	ء ج ر	ر ح م	5	3	3	1	9	9	intra_ayah:12:56:root:5
co-12_56-03341	12:56	w-s012-a056-w016	w-s012-a056-w009	ء ج ر	ش ي ء	7	2	5	2	7	9	intra_ayah:12:56:root:6
co-12_56-03342	12:56	w-s012-a056-w016	w-s012-a056-w013	ء ج ر	ش ي ء	3	2	5	2	7	9	intra_ayah:12:56:root:6
co-12_56-03343	12:56	w-s012-a056-w016	w-s012-a056-w010	ء ج ر	ص و ب	6	4	4	1	3	3	intra_ayah:12:56:root:7
co-12_56-03344	12:56	w-s012-a056-w016	w-s012-a056-w015	ء ج ر	ض ي ع	1	1	1	1	7	7	intra_ayah:12:56:root:8
co-12_56-03345	12:56	w-s012-a056-w016	w-s012-a056-w002	ء ج ر	م ك ن	14	9	9	1	1	1	intra_ayah:12:56:root:9
co-12_57-03346	12:57	w-s012-a057-w001	w-s012-a057-w002	ء ج ر	ء خ ر	1	1	1	1	10	11	intra_ayah:12:57:root:1
co-12_57-03347	12:57	w-s012-a057-w005	w-s012-a057-w003	ء م ن	خ ي ر	2	1	1	1	41	68	intra_ayah:12:57:root:10
co-12_57-03348	12:57	w-s012-a057-w005	w-s012-a057-w006	ء م ن	ك و ن	1	1	1	1	197	320	intra_ayah:12:57:root:11
co-12_57-03349	12:57	w-s012-a057-w005	w-s012-a057-w007	ء م ن	و ق ي	2	2	2	1	55	81	intra_ayah:12:57:root:12
co-12_57-03350	12:57	w-s012-a057-w003	w-s012-a057-w006	خ ي ر	ك و ن	3	2	2	1	47	64	intra_ayah:12:57:root:13
co-12_57-03351	12:57	w-s012-a057-w003	w-s012-a057-w007	خ ي ر	و ق ي	4	3	3	1	18	25	intra_ayah:12:57:root:14
co-12_57-03352	12:57	w-s012-a057-w006	w-s012-a057-w007	ك و ن	و ق ي	1	1	1	1	44	58	intra_ayah:12:57:root:15
co-12_57-03353	12:57	w-s012-a057-w001	w-s012-a057-w005	ء ج ر	ء م ن	4	3	3	1	36	52	intra_ayah:12:57:root:2
co-12_57-03354	12:57	w-s012-a057-w001	w-s012-a057-w003	ء ج ر	خ ي ر	2	2	2	1	5	7	intra_ayah:12:57:root:3
co-12_57-03355	12:57	w-s012-a057-w001	w-s012-a057-w006	ء ج ر	ك و ن	5	4	4	1	18	21	intra_ayah:12:57:root:4
co-12_57-03356	12:57	w-s012-a057-w001	w-s012-a057-w007	ء ج ر	و ق ي	6	5	5	1	8	8	intra_ayah:12:57:root:5
co-12_57-03357	12:57	w-s012-a057-w002	w-s012-a057-w005	ء خ ر	ء م ن	3	2	2	1	58	77	intra_ayah:12:57:root:6
co-12_57-03358	12:57	w-s012-a057-w002	w-s012-a057-w003	ء خ ر	خ ي ر	1	1	1	1	16	23	intra_ayah:12:57:root:7
co-12_57-03359	12:57	w-s012-a057-w002	w-s012-a057-w006	ء خ ر	ك و ن	4	3	3	1	59	76	intra_ayah:12:57:root:8
co-12_57-03360	12:57	w-s012-a057-w002	w-s012-a057-w007	ء خ ر	و ق ي	5	4	4	1	17	21	intra_ayah:12:57:root:9
co-12_58-03361	12:58	w-s012-a058-w002	w-s012-a058-w001	ء خ و	ج ي ء	1	1	1	1	6	6	intra_ayah:12:58:root:1
co-12_58-03362	12:58	w-s012-a058-w006	w-s012-a058-w009	ع ر ف	ن ك ر	3	1	1	1	13	13	intra_ayah:12:58:root:10
co-12_58-03363	12:58	w-s012-a058-w002	w-s012-a058-w004	ء خ و	د خ ل	2	1	1	1	7	19	intra_ayah:12:58:root:2
co-12_58-03364	12:58	w-s012-a058-w002	w-s012-a058-w006	ء خ و	ع ر ف	4	2	2	1	2	2	intra_ayah:12:58:root:3
co-12_58-03365	12:58	w-s012-a058-w002	w-s012-a058-w009	ء خ و	ن ك ر	7	3	3	1	1	1	intra_ayah:12:58:root:4
co-12_58-03366	12:58	w-s012-a058-w001	w-s012-a058-w004	ج ي ء	د خ ل	3	2	2	1	6	7	intra_ayah:12:58:root:5
co-12_58-03367	12:58	w-s012-a058-w001	w-s012-a058-w006	ج ي ء	ع ر ف	5	3	3	1	3	4	intra_ayah:12:58:root:6
co-12_58-03368	12:58	w-s012-a058-w001	w-s012-a058-w009	ج ي ء	ن ك ر	8	4	4	1	2	2	intra_ayah:12:58:root:7
co-12_58-03369	12:58	w-s012-a058-w004	w-s012-a058-w006	د خ ل	ع ر ف	2	1	1	1	3	4	intra_ayah:12:58:root:8
co-12_58-03370	12:58	w-s012-a058-w004	w-s012-a058-w009	د خ ل	ن ك ر	5	2	2	1	2	2	intra_ayah:12:58:root:9
co-12_59-03371	12:59	w-s012-a059-w009	w-s012-a059-w005	ء ب و	ء ت ي	4	2	2	1	12	13	intra_ayah:12:59:root:1
co-12_59-03372	12:59	w-s012-a059-w005	w-s012-a059-w006	ء ت ي	ء خ و	1	1	1	1	6	6	intra_ayah:12:59:root:10
co-12_59-03373	12:59	w-s012-a059-w005	w-s012-a059-w002	ء ت ي	ج ه ز	3	2	3	2	1	2	intra_ayah:12:59:root:11
co-12_59-03374	12:59	w-s012-a059-w005	w-s012-a059-w003	ء ت ي	ج ه ز	2	2	3	2	1	2	intra_ayah:12:59:root:11
co-12_59-03375	12:59	w-s012-a059-w005	w-s012-a059-w016	ء ت ي	خ ي ر	11	6	6	1	29	40	intra_ayah:12:59:root:12
co-12_59-03376	12:59	w-s012-a059-w005	w-s012-a059-w011	ء ت ي	ر ء ي	6	3	3	1	31	36	intra_ayah:12:59:root:13
co-12_59-03377	12:59	w-s012-a059-w005	w-s012-a059-w004	ء ت ي	ق و ل	1	1	1	1	154	264	intra_ayah:12:59:root:14
co-12_59-03378	12:59	w-s012-a059-w005	w-s012-a059-w014	ء ت ي	ك ي ل	9	5	5	1	2	2	intra_ayah:12:59:root:15
co-12_59-03379	12:59	w-s012-a059-w005	w-s012-a059-w017	ء ت ي	ن ز ل	12	7	7	1	18	27	intra_ayah:12:59:root:16
co-12_59-03380	12:59	w-s012-a059-w005	w-s012-a059-w013	ء ت ي	و ف ي	8	4	4	1	7	8	intra_ayah:12:59:root:17
co-12_59-03381	12:59	w-s012-a059-w006	w-s012-a059-w002	ء خ و	ج ه ز	4	3	4	2	2	4	intra_ayah:12:59:root:18
co-12_59-03382	12:59	w-s012-a059-w006	w-s012-a059-w003	ء خ و	ج ه ز	3	3	4	2	2	4	intra_ayah:12:59:root:18
co-12_59-03383	12:59	w-s012-a059-w006	w-s012-a059-w016	ء خ و	خ ي ر	10	5	5	1	5	5	intra_ayah:12:59:root:19
co-12_59-03384	12:59	w-s012-a059-w009	w-s012-a059-w006	ء ب و	ء خ و	3	1	1	1	15	29	intra_ayah:12:59:root:2
co-12_59-03385	12:59	w-s012-a059-w006	w-s012-a059-w011	ء خ و	ر ء ي	5	2	2	1	7	8	intra_ayah:12:59:root:20
co-12_59-03386	12:59	w-s012-a059-w006	w-s012-a059-w004	ء خ و	ق و ل	2	2	2	1	43	54	intra_ayah:12:59:root:21
co-12_59-03387	12:59	w-s012-a059-w006	w-s012-a059-w014	ء خ و	ك ي ل	8	4	4	1	5	7	intra_ayah:12:59:root:22
co-12_59-03388	12:59	w-s012-a059-w006	w-s012-a059-w017	ء خ و	ن ز ل	11	6	6	1	1	1	intra_ayah:12:59:root:23
co-12_59-03389	12:59	w-s012-a059-w006	w-s012-a059-w013	ء خ و	و ف ي	7	3	3	1	2	2	intra_ayah:12:59:root:24
co-12_59-03390	12:59	w-s012-a059-w002	w-s012-a059-w016	ج ه ز	خ ي ر	14	8	9	2	1	2	intra_ayah:12:59:root:25
co-12_59-03391	12:59	w-s012-a059-w003	w-s012-a059-w016	ج ه ز	خ ي ر	13	8	9	2	1	2	intra_ayah:12:59:root:25
co-12_59-03392	12:59	w-s012-a059-w002	w-s012-a059-w011	ج ه ز	ر ء ي	9	5	6	2	1	2	intra_ayah:12:59:root:26
co-12_59-03393	12:59	w-s012-a059-w003	w-s012-a059-w011	ج ه ز	ر ء ي	8	5	6	2	1	2	intra_ayah:12:59:root:26
co-12_59-03394	12:59	w-s012-a059-w002	w-s012-a059-w004	ج ه ز	ق و ل	2	1	2	2	1	2	intra_ayah:12:59:root:27
co-12_59-03395	12:59	w-s012-a059-w003	w-s012-a059-w004	ج ه ز	ق و ل	1	1	2	2	1	2	intra_ayah:12:59:root:27
co-12_59-03396	12:59	w-s012-a059-w002	w-s012-a059-w014	ج ه ز	ك ي ل	12	7	8	2	1	2	intra_ayah:12:59:root:28
co-12_59-03397	12:59	w-s012-a059-w003	w-s012-a059-w014	ج ه ز	ك ي ل	11	7	8	2	1	2	intra_ayah:12:59:root:28
co-12_59-03398	12:59	w-s012-a059-w002	w-s012-a059-w017	ج ه ز	ن ز ل	15	9	10	2	1	2	intra_ayah:12:59:root:29
co-12_59-03399	12:59	w-s012-a059-w003	w-s012-a059-w017	ج ه ز	ن ز ل	14	9	10	2	1	2	intra_ayah:12:59:root:29
co-12_59-03400	12:59	w-s012-a059-w009	w-s012-a059-w002	ء ب و	ج ه ز	7	4	5	2	1	2	intra_ayah:12:59:root:3
co-12_59-03401	12:59	w-s012-a059-w009	w-s012-a059-w003	ء ب و	ج ه ز	6	4	5	2	1	2	intra_ayah:12:59:root:3
co-12_59-03402	12:59	w-s012-a059-w002	w-s012-a059-w013	ج ه ز	و ف ي	11	6	7	2	1	2	intra_ayah:12:59:root:30
co-12_59-03403	12:59	w-s012-a059-w003	w-s012-a059-w013	ج ه ز	و ف ي	10	6	7	2	1	2	intra_ayah:12:59:root:30
co-12_59-03404	12:59	w-s012-a059-w016	w-s012-a059-w011	خ ي ر	ر ء ي	5	3	3	1	6	7	intra_ayah:12:59:root:31
co-12_59-03405	12:59	w-s012-a059-w016	w-s012-a059-w004	خ ي ر	ق و ل	12	7	7	1	50	69	intra_ayah:12:59:root:32
co-12_59-03406	12:59	w-s012-a059-w016	w-s012-a059-w014	خ ي ر	ك ي ل	2	1	1	1	4	5	intra_ayah:12:59:root:33
co-12_59-03407	12:59	w-s012-a059-w016	w-s012-a059-w017	خ ي ر	ن ز ل	1	1	1	1	10	14	intra_ayah:12:59:root:34
co-12_59-03408	12:59	w-s012-a059-w016	w-s012-a059-w013	خ ي ر	و ف ي	3	2	2	1	4	5	intra_ayah:12:59:root:35
co-12_59-03409	12:59	w-s012-a059-w011	w-s012-a059-w004	ر ء ي	ق و ل	7	4	4	1	113	174	intra_ayah:12:59:root:36
co-12_59-03410	12:59	w-s012-a059-w011	w-s012-a059-w014	ر ء ي	ك ي ل	3	2	2	1	2	2	intra_ayah:12:59:root:37
co-12_59-03411	12:59	w-s012-a059-w011	w-s012-a059-w017	ر ء ي	ن ز ل	6	4	4	1	25	31	intra_ayah:12:59:root:38
co-12_59-03412	12:59	w-s012-a059-w011	w-s012-a059-w013	ر ء ي	و ف ي	2	1	1	1	6	6	intra_ayah:12:59:root:39
co-12_59-03413	12:59	w-s012-a059-w009	w-s012-a059-w016	ء ب و	خ ي ر	7	4	4	1	3	4	intra_ayah:12:59:root:4
co-12_59-03414	12:59	w-s012-a059-w004	w-s012-a059-w014	ق و ل	ك ي ل	10	6	6	1	7	9	intra_ayah:12:59:root:40
co-12_59-03415	12:59	w-s012-a059-w004	w-s012-a059-w017	ق و ل	ن ز ل	13	8	8	1	71	116	intra_ayah:12:59:root:41
co-12_59-03416	12:59	w-s012-a059-w004	w-s012-a059-w013	ق و ل	و ف ي	9	5	5	1	12	16	intra_ayah:12:59:root:42
co-12_59-03417	12:59	w-s012-a059-w014	w-s012-a059-w017	ك ي ل	ن ز ل	3	2	2	1	1	1	intra_ayah:12:59:root:43
co-12_59-03418	12:59	w-s012-a059-w014	w-s012-a059-w013	ك ي ل	و ف ي	1	1	1	1	8	10	intra_ayah:12:59:root:44
co-12_59-03419	12:59	w-s012-a059-w017	w-s012-a059-w013	ن ز ل	و ف ي	4	3	3	1	2	2	intra_ayah:12:59:root:45
co-12_59-03420	12:59	w-s012-a059-w009	w-s012-a059-w011	ء ب و	ر ء ي	2	1	1	1	8	15	intra_ayah:12:59:root:5
co-12_59-03421	12:59	w-s012-a059-w009	w-s012-a059-w004	ء ب و	ق و ل	5	3	3	1	60	89	intra_ayah:12:59:root:6
co-12_59-03422	12:59	w-s012-a059-w009	w-s012-a059-w014	ء ب و	ك ي ل	5	3	3	1	3	7	intra_ayah:12:59:root:7
co-12_59-03423	12:59	w-s012-a059-w009	w-s012-a059-w017	ء ب و	ن ز ل	8	5	5	1	9	12	intra_ayah:12:59:root:8
co-12_59-03424	12:59	w-s012-a059-w009	w-s012-a059-w013	ء ب و	و ف ي	4	2	2	1	2	2	intra_ayah:12:59:root:9
co-12_60-03425	12:60	w-s012-a060-w003	w-s012-a060-w008	ء ت ي	ع ن د	5	2	2	1	26	35	intra_ayah:12:60:root:1
co-12_60-03426	12:60	w-s012-a060-w003	w-s012-a060-w010	ء ت ي	ق ر ب	7	3	3	1	16	17	intra_ayah:12:60:root:2
co-12_60-03427	12:60	w-s012-a060-w003	w-s012-a060-w006	ء ت ي	ك ي ل	3	1	1	1	2	2	intra_ayah:12:60:root:3
co-12_60-03428	12:60	w-s012-a060-w008	w-s012-a060-w010	ع ن د	ق ر ب	2	1	1	1	4	5	intra_ayah:12:60:root:4
co-12_60-03429	12:60	w-s012-a060-w008	w-s012-a060-w006	ع ن د	ك ي ل	2	1	1	1	1	1	intra_ayah:12:60:root:5
co-12_60-03430	12:60	w-s012-a060-w010	w-s012-a060-w006	ق ر ب	ك ي ل	4	2	2	1	2	3	intra_ayah:12:60:root:6
co-12_61-03431	12:61	w-s012-a061-w004	w-s012-a061-w002	ء ب و	ر و د	2	1	1	1	5	5	intra_ayah:12:61:root:1
co-12_61-03432	12:61	w-s012-a061-w004	w-s012-a061-w006	ء ب و	ف ع ل	2	1	1	1	8	8	intra_ayah:12:61:root:2
co-12_61-03433	12:61	w-s012-a061-w004	w-s012-a061-w001	ء ب و	ق و ل	3	2	2	1	60	89	intra_ayah:12:61:root:3
co-12_61-03434	12:61	w-s012-a061-w002	w-s012-a061-w006	ر و د	ف ع ل	4	2	2	1	8	8	intra_ayah:12:61:root:4
co-12_61-03435	12:61	w-s012-a061-w002	w-s012-a061-w001	ر و د	ق و ل	1	1	1	1	35	70	intra_ayah:12:61:root:5
co-12_61-03436	12:61	w-s012-a061-w006	w-s012-a061-w001	ف ع ل	ق و ل	5	3	3	1	32	41	intra_ayah:12:61:root:6
co-12_62-03437	12:62	w-s012-a062-w012	w-s012-a062-w004	ء ه ل	ب ض ع	8	4	4	1	3	4	intra_ayah:12:62:root:1
co-12_62-03438	12:62	w-s012-a062-w004	w-s012-a062-w014	ب ض ع	ر ج ع	10	5	5	1	1	1	intra_ayah:12:62:root:10
co-12_62-03439	12:62	w-s012-a062-w004	w-s012-a062-w006	ب ض ع	ر ح ل	2	1	1	1	1	1	intra_ayah:12:62:root:11
co-12_62-03440	12:62	w-s012-a062-w004	w-s012-a062-w008	ب ض ع	ع ر ف	4	2	2	1	1	1	intra_ayah:12:62:root:12
co-12_62-03441	12:62	w-s012-a062-w004	w-s012-a062-w002	ب ض ع	ف ت ي	2	2	2	1	1	1	intra_ayah:12:62:root:13
co-12_62-03442	12:62	w-s012-a062-w004	w-s012-a062-w010	ب ض ع	ق ل ب	6	3	3	1	1	1	intra_ayah:12:62:root:14
co-12_62-03443	12:62	w-s012-a062-w004	w-s012-a062-w001	ب ض ع	ق و ل	3	3	3	1	5	6	intra_ayah:12:62:root:15
co-12_62-03444	12:62	w-s012-a062-w003	w-s012-a062-w014	ج ع ل	ر ج ع	11	6	6	1	6	7	intra_ayah:12:62:root:16
co-12_62-03445	12:62	w-s012-a062-w003	w-s012-a062-w006	ج ع ل	ر ح ل	3	2	2	1	2	2	intra_ayah:12:62:root:17
co-12_62-03446	12:62	w-s012-a062-w003	w-s012-a062-w008	ج ع ل	ع ر ف	5	3	3	1	5	6	intra_ayah:12:62:root:18
co-12_62-03447	12:62	w-s012-a062-w003	w-s012-a062-w002	ج ع ل	ف ت ي	1	1	1	1	1	1	intra_ayah:12:62:root:19
co-12_62-03448	12:62	w-s012-a062-w012	w-s012-a062-w003	ء ه ل	ج ع ل	9	5	5	1	8	9	intra_ayah:12:62:root:2
co-12_62-03449	12:62	w-s012-a062-w003	w-s012-a062-w010	ج ع ل	ق ل ب	7	4	4	1	17	22	intra_ayah:12:62:root:20
co-12_62-03450	12:62	w-s012-a062-w003	w-s012-a062-w001	ج ع ل	ق و ل	2	2	2	1	62	107	intra_ayah:12:62:root:21
co-12_62-03451	12:62	w-s012-a062-w014	w-s012-a062-w006	ر ج ع	ر ح ل	8	4	4	1	1	1	intra_ayah:12:62:root:22
co-12_62-03452	12:62	w-s012-a062-w014	w-s012-a062-w008	ر ج ع	ع ر ف	6	3	3	1	2	2	intra_ayah:12:62:root:23
co-12_62-03453	12:62	w-s012-a062-w014	w-s012-a062-w002	ر ج ع	ف ت ي	12	7	7	1	2	2	intra_ayah:12:62:root:24
co-12_62-03454	12:62	w-s012-a062-w014	w-s012-a062-w010	ر ج ع	ق ل ب	4	2	2	1	3	3	intra_ayah:12:62:root:25
co-12_62-03455	12:62	w-s012-a062-w014	w-s012-a062-w001	ر ج ع	ق و ل	13	8	8	1	26	34	intra_ayah:12:62:root:26
co-12_62-03456	12:62	w-s012-a062-w006	w-s012-a062-w008	ر ح ل	ع ر ف	2	1	1	1	1	1	intra_ayah:12:62:root:27
co-12_62-03457	12:62	w-s012-a062-w006	w-s012-a062-w002	ر ح ل	ف ت ي	4	3	3	1	1	1	intra_ayah:12:62:root:28
co-12_62-03458	12:62	w-s012-a062-w006	w-s012-a062-w010	ر ح ل	ق ل ب	4	2	2	1	1	1	intra_ayah:12:62:root:29
co-12_62-03459	12:62	w-s012-a062-w012	w-s012-a062-w014	ء ه ل	ر ج ع	2	1	1	1	6	6	intra_ayah:12:62:root:3
co-12_62-03460	12:62	w-s012-a062-w006	w-s012-a062-w001	ر ح ل	ق و ل	5	4	4	1	2	2	intra_ayah:12:62:root:30
co-12_62-03461	12:62	w-s012-a062-w008	w-s012-a062-w002	ع ر ف	ف ت ي	6	4	4	1	2	2	intra_ayah:12:62:root:31
co-12_62-03462	12:62	w-s012-a062-w008	w-s012-a062-w010	ع ر ف	ق ل ب	2	1	1	1	2	2	intra_ayah:12:62:root:32
co-12_62-03463	12:62	w-s012-a062-w008	w-s012-a062-w001	ع ر ف	ق و ل	7	5	5	1	16	24	intra_ayah:12:62:root:33
co-12_62-03464	12:62	w-s012-a062-w002	w-s012-a062-w010	ف ت ي	ق ل ب	8	5	5	1	1	1	intra_ayah:12:62:root:34
co-12_62-03465	12:62	w-s012-a062-w002	w-s012-a062-w001	ف ت ي	ق و ل	1	1	1	1	12	19	intra_ayah:12:62:root:35
co-12_62-03466	12:62	w-s012-a062-w010	w-s012-a062-w001	ق ل ب	ق و ل	9	6	6	1	40	66	intra_ayah:12:62:root:36
co-12_62-03467	12:62	w-s012-a062-w012	w-s012-a062-w006	ء ه ل	ر ح ل	6	3	3	1	1	1	intra_ayah:12:62:root:4
co-12_62-03468	12:62	w-s012-a062-w012	w-s012-a062-w008	ء ه ل	ع ر ف	4	2	2	1	3	3	intra_ayah:12:62:root:5
co-12_62-03469	12:62	w-s012-a062-w012	w-s012-a062-w002	ء ه ل	ف ت ي	10	6	6	1	2	2	intra_ayah:12:62:root:6
co-12_62-03470	12:62	w-s012-a062-w012	w-s012-a062-w010	ء ه ل	ق ل ب	2	1	1	1	9	11	intra_ayah:12:62:root:7
co-12_62-03471	12:62	w-s012-a062-w012	w-s012-a062-w001	ء ه ل	ق و ل	11	7	7	1	46	61	intra_ayah:12:62:root:8
co-12_62-03472	12:62	w-s012-a062-w004	w-s012-a062-w003	ب ض ع	ج ع ل	1	1	1	1	1	1	intra_ayah:12:62:root:9
co-12_63-03473	12:63	w-s012-a063-w004	w-s012-a063-w012	ء ب و	ء خ و	8	4	6	2	15	29	intra_ayah:12:63:root:1
co-12_63-03474	12:63	w-s012-a063-w006	w-s012-a063-w012	ء ب و	ء خ و	6	4	6	2	15	29	intra_ayah:12:63:root:1
co-12_63-03475	12:63	w-s012-a063-w012	w-s012-a063-w010	ء خ و	ر س ل	2	1	1	1	7	7	intra_ayah:12:63:root:10
co-12_63-03476	12:63	w-s012-a063-w012	w-s012-a063-w005	ء خ و	ق و ل	7	5	5	1	43	54	intra_ayah:12:63:root:11
co-12_63-03477	12:63	w-s012-a063-w012	w-s012-a063-w009	ء خ و	ك ي ل	3	1	2	2	5	7	intra_ayah:12:63:root:12
co-12_63-03478	12:63	w-s012-a063-w012	w-s012-a063-w013	ء خ و	ك ي ل	1	1	2	2	5	7	intra_ayah:12:63:root:12
co-12_63-03479	12:63	w-s012-a063-w012	w-s012-a063-w007	ء خ و	م ن ع	5	3	3	1	1	1	intra_ayah:12:63:root:13
co-12_63-03480	12:63	w-s012-a063-w016	w-s012-a063-w002	ح ف ظ	ر ج ع	14	9	9	1	2	2	intra_ayah:12:63:root:14
co-12_63-03481	12:63	w-s012-a063-w016	w-s012-a063-w010	ح ف ظ	ر س ل	6	3	3	1	7	9	intra_ayah:12:63:root:15
co-12_63-03482	12:63	w-s012-a063-w016	w-s012-a063-w005	ح ف ظ	ق و ل	11	7	7	1	7	7	intra_ayah:12:63:root:16
co-12_63-03483	12:63	w-s012-a063-w016	w-s012-a063-w009	ح ف ظ	ك ي ل	7	1	4	2	2	4	intra_ayah:12:63:root:17
co-12_63-03484	12:63	w-s012-a063-w016	w-s012-a063-w013	ح ف ظ	ك ي ل	3	1	4	2	2	4	intra_ayah:12:63:root:17
co-12_63-03485	12:63	w-s012-a063-w016	w-s012-a063-w007	ح ف ظ	م ن ع	9	5	5	1	1	1	intra_ayah:12:63:root:18
co-12_63-03486	12:63	w-s012-a063-w002	w-s012-a063-w010	ر ج ع	ر س ل	8	6	6	1	6	7	intra_ayah:12:63:root:19
co-12_63-03487	12:63	w-s012-a063-w004	w-s012-a063-w016	ء ب و	ح ف ظ	12	6	8	2	4	7	intra_ayah:12:63:root:2
co-12_63-03488	12:63	w-s012-a063-w006	w-s012-a063-w016	ء ب و	ح ف ظ	10	6	8	2	4	7	intra_ayah:12:63:root:2
co-12_63-03489	12:63	w-s012-a063-w002	w-s012-a063-w005	ر ج ع	ق و ل	3	2	2	1	26	34	intra_ayah:12:63:root:20
co-12_63-03490	12:63	w-s012-a063-w002	w-s012-a063-w009	ر ج ع	ك ي ل	7	5	8	2	1	2	intra_ayah:12:63:root:21
co-12_63-03491	12:63	w-s012-a063-w002	w-s012-a063-w013	ر ج ع	ك ي ل	11	5	8	2	1	2	intra_ayah:12:63:root:21
co-12_63-03492	12:63	w-s012-a063-w002	w-s012-a063-w007	ر ج ع	م ن ع	5	4	4	1	1	1	intra_ayah:12:63:root:22
co-12_63-03493	12:63	w-s012-a063-w010	w-s012-a063-w005	ر س ل	ق و ل	5	4	4	1	120	181	intra_ayah:12:63:root:23
co-12_63-03494	12:63	w-s012-a063-w010	w-s012-a063-w009	ر س ل	ك ي ل	1	1	2	2	1	2	intra_ayah:12:63:root:24
co-12_63-03495	12:63	w-s012-a063-w010	w-s012-a063-w013	ر س ل	ك ي ل	3	1	2	2	1	2	intra_ayah:12:63:root:24
co-12_63-03496	12:63	w-s012-a063-w010	w-s012-a063-w007	ر س ل	م ن ع	3	2	2	1	4	5	intra_ayah:12:63:root:25
co-12_63-03497	12:63	w-s012-a063-w005	w-s012-a063-w009	ق و ل	ك ي ل	4	3	6	2	7	9	intra_ayah:12:63:root:26
co-12_63-03498	12:63	w-s012-a063-w005	w-s012-a063-w013	ق و ل	ك ي ل	8	3	6	2	7	9	intra_ayah:12:63:root:26
co-12_63-03499	12:63	w-s012-a063-w005	w-s012-a063-w007	ق و ل	م ن ع	2	2	2	1	6	8	intra_ayah:12:63:root:27
co-12_63-03500	12:63	w-s012-a063-w009	w-s012-a063-w007	ك ي ل	م ن ع	2	1	4	2	1	2	intra_ayah:12:63:root:28
co-12_63-03501	12:63	w-s012-a063-w013	w-s012-a063-w007	ك ي ل	م ن ع	6	1	4	2	1	2	intra_ayah:12:63:root:28
co-12_63-03502	12:63	w-s012-a063-w004	w-s012-a063-w002	ء ب و	ر ج ع	2	1	3	2	2	4	intra_ayah:12:63:root:3
co-12_63-03503	12:63	w-s012-a063-w006	w-s012-a063-w002	ء ب و	ر ج ع	4	1	3	2	2	4	intra_ayah:12:63:root:3
co-12_63-03504	12:63	w-s012-a063-w004	w-s012-a063-w010	ء ب و	ر س ل	6	3	5	2	11	13	intra_ayah:12:63:root:4
co-12_63-03505	12:63	w-s012-a063-w006	w-s012-a063-w010	ء ب و	ر س ل	4	3	5	2	11	13	intra_ayah:12:63:root:4
co-12_63-03506	12:63	w-s012-a063-w004	w-s012-a063-w005	ء ب و	ق و ل	1	1	1	2	60	89	intra_ayah:12:63:root:5
co-12_63-03507	12:63	w-s012-a063-w006	w-s012-a063-w005	ء ب و	ق و ل	1	1	1	2	60	89	intra_ayah:12:63:root:5
co-12_63-03508	12:63	w-s012-a063-w004	w-s012-a063-w009	ء ب و	ك ي ل	5	2	7	4	3	7	intra_ayah:12:63:root:6
co-12_63-03509	12:63	w-s012-a063-w004	w-s012-a063-w013	ء ب و	ك ي ل	9	2	7	4	3	7	intra_ayah:12:63:root:6
co-12_63-03510	12:63	w-s012-a063-w006	w-s012-a063-w009	ء ب و	ك ي ل	3	2	7	4	3	7	intra_ayah:12:63:root:6
co-12_63-03511	12:63	w-s012-a063-w006	w-s012-a063-w013	ء ب و	ك ي ل	7	2	7	4	3	7	intra_ayah:12:63:root:6
co-12_63-03512	12:63	w-s012-a063-w004	w-s012-a063-w007	ء ب و	م ن ع	3	1	3	2	1	2	intra_ayah:12:63:root:7
co-12_63-03513	12:63	w-s012-a063-w006	w-s012-a063-w007	ء ب و	م ن ع	1	1	3	2	1	2	intra_ayah:12:63:root:7
co-12_63-03514	12:63	w-s012-a063-w012	w-s012-a063-w016	ء خ و	ح ف ظ	4	2	2	1	4	6	intra_ayah:12:63:root:8
co-12_63-03515	12:63	w-s012-a063-w012	w-s012-a063-w002	ء خ و	ر ج ع	10	7	7	1	4	4	intra_ayah:12:63:root:9
co-12_64-03516	12:64	w-s012-a064-w009	w-s012-a064-w012	ء خ و	ء ل ه	3	2	2	1	32	84	intra_ayah:12:64:root:1
co-12_64-03517	12:64	w-s012-a064-w012	w-s012-a064-w013	ء ل ه	خ ي ر	1	1	1	1	99	182	intra_ayah:12:64:root:10
co-12_64-03518	12:64	w-s012-a064-w012	w-s012-a064-w016	ء ل ه	ر ح م	4	3	4	2	130	254	intra_ayah:12:64:root:11
co-12_64-03519	12:64	w-s012-a064-w012	w-s012-a064-w017	ء ل ه	ر ح م	5	3	4	2	130	254	intra_ayah:12:64:root:11
co-12_64-03520	12:64	w-s012-a064-w012	w-s012-a064-w011	ء ل ه	ق ب ل	1	1	1	1	98	148	intra_ayah:12:64:root:12
co-12_64-03521	12:64	w-s012-a064-w012	w-s012-a064-w001	ء ل ه	ق و ل	11	5	5	1	514	1188	intra_ayah:12:64:root:13
co-12_64-03522	12:64	w-s012-a064-w003	w-s012-a064-w014	ء م ن	ح ف ظ	11	5	6	2	8	14	intra_ayah:12:64:root:14
co-12_64-03523	12:64	w-s012-a064-w007	w-s012-a064-w014	ء م ن	ح ف ظ	7	5	6	2	8	14	intra_ayah:12:64:root:14
co-12_64-03524	12:64	w-s012-a064-w003	w-s012-a064-w013	ء م ن	خ ي ر	10	4	5	2	41	68	intra_ayah:12:64:root:15
co-12_64-03525	12:64	w-s012-a064-w007	w-s012-a064-w013	ء م ن	خ ي ر	6	4	5	2	41	68	intra_ayah:12:64:root:15
co-12_64-03526	12:64	w-s012-a064-w003	w-s012-a064-w016	ء م ن	ر ح م	13	6	8	4	59	86	intra_ayah:12:64:root:16
co-12_64-03527	12:64	w-s012-a064-w003	w-s012-a064-w017	ء م ن	ر ح م	14	6	8	4	59	86	intra_ayah:12:64:root:16
co-12_64-03528	12:64	w-s012-a064-w007	w-s012-a064-w016	ء م ن	ر ح م	9	6	8	4	59	86	intra_ayah:12:64:root:16
co-12_64-03529	12:64	w-s012-a064-w007	w-s012-a064-w017	ء م ن	ر ح م	10	6	8	4	59	86	intra_ayah:12:64:root:16
co-12_64-03530	12:64	w-s012-a064-w003	w-s012-a064-w011	ء م ن	ق ب ل	8	2	3	2	53	69	intra_ayah:12:64:root:17
co-12_64-03531	12:64	w-s012-a064-w007	w-s012-a064-w011	ء م ن	ق ب ل	4	2	3	2	53	69	intra_ayah:12:64:root:17
co-12_64-03532	12:64	w-s012-a064-w003	w-s012-a064-w001	ء م ن	ق و ل	2	1	2	2	185	327	intra_ayah:12:64:root:18
co-12_64-03533	12:64	w-s012-a064-w007	w-s012-a064-w001	ء م ن	ق و ل	6	1	2	2	185	327	intra_ayah:12:64:root:18
co-12_64-03534	12:64	w-s012-a064-w014	w-s012-a064-w013	ح ف ظ	خ ي ر	1	1	1	1	2	2	intra_ayah:12:64:root:19
co-12_64-03535	12:64	w-s012-a064-w009	w-s012-a064-w003	ء خ و	ء م ن	6	1	2	2	11	21	intra_ayah:12:64:root:2
co-12_64-03536	12:64	w-s012-a064-w009	w-s012-a064-w007	ء خ و	ء م ن	2	1	2	2	11	21	intra_ayah:12:64:root:2
co-12_64-03537	12:64	w-s012-a064-w014	w-s012-a064-w016	ح ف ظ	ر ح م	2	1	2	2	2	3	intra_ayah:12:64:root:20
co-12_64-03538	12:64	w-s012-a064-w014	w-s012-a064-w017	ح ف ظ	ر ح م	3	1	2	2	2	3	intra_ayah:12:64:root:20
co-12_64-03539	12:64	w-s012-a064-w014	w-s012-a064-w011	ح ف ظ	ق ب ل	3	3	3	1	1	1	intra_ayah:12:64:root:21
co-12_64-03540	12:64	w-s012-a064-w014	w-s012-a064-w001	ح ف ظ	ق و ل	13	7	7	1	7	7	intra_ayah:12:64:root:22
co-12_64-03541	12:64	w-s012-a064-w013	w-s012-a064-w016	خ ي ر	ر ح م	3	2	3	2	18	25	intra_ayah:12:64:root:23
co-12_64-03542	12:64	w-s012-a064-w013	w-s012-a064-w017	خ ي ر	ر ح م	4	2	3	2	18	25	intra_ayah:12:64:root:23
co-12_64-03543	12:64	w-s012-a064-w013	w-s012-a064-w011	خ ي ر	ق ب ل	2	2	2	1	6	8	intra_ayah:12:64:root:24
co-12_64-03544	12:64	w-s012-a064-w013	w-s012-a064-w001	خ ي ر	ق و ل	12	6	6	1	50	69	intra_ayah:12:64:root:25
co-12_64-03545	12:64	w-s012-a064-w016	w-s012-a064-w011	ر ح م	ق ب ل	5	4	5	2	15	16	intra_ayah:12:64:root:26
co-12_64-03546	12:64	w-s012-a064-w017	w-s012-a064-w011	ر ح م	ق ب ل	6	4	5	2	15	16	intra_ayah:12:64:root:26
co-12_64-03547	12:64	w-s012-a064-w016	w-s012-a064-w001	ر ح م	ق و ل	15	8	9	2	73	101	intra_ayah:12:64:root:27
co-12_64-03548	12:64	w-s012-a064-w017	w-s012-a064-w001	ر ح م	ق و ل	16	8	9	2	73	101	intra_ayah:12:64:root:27
co-12_64-03549	12:64	w-s012-a064-w011	w-s012-a064-w001	ق ب ل	ق و ل	10	4	4	1	86	123	intra_ayah:12:64:root:28
co-12_64-03550	12:64	w-s012-a064-w009	w-s012-a064-w014	ء خ و	ح ف ظ	5	4	4	1	4	6	intra_ayah:12:64:root:3
co-12_64-03551	12:64	w-s012-a064-w009	w-s012-a064-w013	ء خ و	خ ي ر	4	3	3	1	5	5	intra_ayah:12:64:root:4
co-12_64-03552	12:64	w-s012-a064-w009	w-s012-a064-w016	ء خ و	ر ح م	7	5	6	2	9	17	intra_ayah:12:64:root:5
co-12_64-03553	12:64	w-s012-a064-w009	w-s012-a064-w017	ء خ و	ر ح م	8	5	6	2	9	17	intra_ayah:12:64:root:5
co-12_64-03554	12:64	w-s012-a064-w009	w-s012-a064-w011	ء خ و	ق ب ل	2	1	1	1	7	9	intra_ayah:12:64:root:6
co-12_64-03555	12:64	w-s012-a064-w009	w-s012-a064-w001	ء خ و	ق و ل	8	3	3	1	43	54	intra_ayah:12:64:root:7
co-12_64-03556	12:64	w-s012-a064-w012	w-s012-a064-w003	ء ل ه	ء م ن	9	3	4	2	372	843	intra_ayah:12:64:root:8
co-12_64-03557	12:64	w-s012-a064-w012	w-s012-a064-w007	ء ل ه	ء م ن	5	3	4	2	372	843	intra_ayah:12:64:root:8
co-12_64-03558	12:64	w-s012-a064-w012	w-s012-a064-w014	ء ل ه	ح ف ظ	2	2	2	1	15	28	intra_ayah:12:64:root:9
co-12_65-03559	12:65	w-s012-a065-w009	w-s012-a065-w019	ء ب و	ء خ و	10	7	7	1	15	29	intra_ayah:12:65:root:1
co-12_65-03560	12:65	w-s012-a065-w009	w-s012-a065-w008	ء ب و	ق و ل	1	1	1	1	60	89	intra_ayah:12:65:root:10
co-12_65-03561	12:65	w-s012-a065-w002	w-s012-a065-w008	ف ت ح	ق و ل	6	5	5	1	10	14	intra_ayah:12:65:root:100
co-12_65-03562	12:65	w-s012-a065-w002	w-s012-a065-w021	ف ت ح	ك ي ل	19	15	17	2	1	2	intra_ayah:12:65:root:101
co-12_65-03563	12:65	w-s012-a065-w002	w-s012-a065-w024	ف ت ح	ك ي ل	22	15	17	2	1	2	intra_ayah:12:65:root:101
co-12_65-03564	12:65	w-s012-a065-w002	w-s012-a065-w003	ف ت ح	م ت ع	1	1	1	1	1	1	intra_ayah:12:65:root:102
co-12_65-03565	12:65	w-s012-a065-w002	w-s012-a065-w016	ف ت ح	م ي ر	14	10	10	1	1	1	intra_ayah:12:65:root:103
co-12_65-03566	12:65	w-s012-a065-w002	w-s012-a065-w004	ف ت ح	و ج د	2	2	2	1	1	1	intra_ayah:12:65:root:104
co-12_65-03567	12:65	w-s012-a065-w002	w-s012-a065-w025	ف ت ح	ي س ر	23	18	18	1	1	1	intra_ayah:12:65:root:105
co-12_65-03568	12:65	w-s012-a065-w008	w-s012-a065-w021	ق و ل	ك ي ل	13	10	12	2	7	9	intra_ayah:12:65:root:106
co-12_65-03569	12:65	w-s012-a065-w008	w-s012-a065-w024	ق و ل	ك ي ل	16	10	12	2	7	9	intra_ayah:12:65:root:106
co-12_65-03570	12:65	w-s012-a065-w008	w-s012-a065-w003	ق و ل	م ت ع	5	4	4	1	17	21	intra_ayah:12:65:root:107
co-12_65-03571	12:65	w-s012-a065-w008	w-s012-a065-w016	ق و ل	م ي ر	8	5	5	1	1	1	intra_ayah:12:65:root:108
co-12_65-03572	12:65	w-s012-a065-w008	w-s012-a065-w004	ق و ل	و ج د	4	3	3	1	32	46	intra_ayah:12:65:root:109
co-12_65-03573	12:65	w-s012-a065-w009	w-s012-a065-w021	ء ب و	ك ي ل	12	9	11	2	3	7	intra_ayah:12:65:root:11
co-12_65-03574	12:65	w-s012-a065-w009	w-s012-a065-w024	ء ب و	ك ي ل	15	9	11	2	3	7	intra_ayah:12:65:root:11
co-12_65-03575	12:65	w-s012-a065-w008	w-s012-a065-w025	ق و ل	ي س ر	17	13	13	1	5	7	intra_ayah:12:65:root:110
co-12_65-03576	12:65	w-s012-a065-w021	w-s012-a065-w003	ك ي ل	م ت ع	18	14	16	2	1	2	intra_ayah:12:65:root:111
co-12_65-03577	12:65	w-s012-a065-w024	w-s012-a065-w003	ك ي ل	م ت ع	21	14	16	2	1	2	intra_ayah:12:65:root:111
co-12_65-03578	12:65	w-s012-a065-w021	w-s012-a065-w016	ك ي ل	م ي ر	5	5	7	2	1	2	intra_ayah:12:65:root:112
co-12_65-03579	12:65	w-s012-a065-w024	w-s012-a065-w016	ك ي ل	م ي ر	8	5	7	2	1	2	intra_ayah:12:65:root:112
co-12_65-03580	12:65	w-s012-a065-w021	w-s012-a065-w004	ك ي ل	و ج د	17	13	15	2	1	2	intra_ayah:12:65:root:113
co-12_65-03581	12:65	w-s012-a065-w024	w-s012-a065-w004	ك ي ل	و ج د	20	13	15	2	1	2	intra_ayah:12:65:root:113
co-12_65-03582	12:65	w-s012-a065-w021	w-s012-a065-w025	ك ي ل	ي س ر	4	1	3	2	1	2	intra_ayah:12:65:root:114
co-12_65-03583	12:65	w-s012-a065-w024	w-s012-a065-w025	ك ي ل	ي س ر	1	1	3	2	1	2	intra_ayah:12:65:root:114
co-12_65-03584	12:65	w-s012-a065-w003	w-s012-a065-w016	م ت ع	م ي ر	13	9	9	1	1	1	intra_ayah:12:65:root:115
co-12_65-03585	12:65	w-s012-a065-w003	w-s012-a065-w004	م ت ع	و ج د	1	1	1	1	3	3	intra_ayah:12:65:root:116
co-12_65-03586	12:65	w-s012-a065-w003	w-s012-a065-w025	م ت ع	ي س ر	22	17	17	1	2	3	intra_ayah:12:65:root:117
co-12_65-03587	12:65	w-s012-a065-w016	w-s012-a065-w004	م ي ر	و ج د	12	8	8	1	1	1	intra_ayah:12:65:root:118
co-12_65-03588	12:65	w-s012-a065-w016	w-s012-a065-w025	م ي ر	ي س ر	9	8	8	1	1	1	intra_ayah:12:65:root:119
co-12_65-03589	12:65	w-s012-a065-w009	w-s012-a065-w003	ء ب و	م ت ع	6	5	5	1	5	5	intra_ayah:12:65:root:12
co-12_65-03590	12:65	w-s012-a065-w004	w-s012-a065-w025	و ج د	ي س ر	21	16	16	1	3	5	intra_ayah:12:65:root:120
co-12_65-03591	12:65	w-s012-a065-w009	w-s012-a065-w016	ء ب و	م ي ر	7	4	4	1	1	1	intra_ayah:12:65:root:13
co-12_65-03592	12:65	w-s012-a065-w009	w-s012-a065-w004	ء ب و	و ج د	5	4	4	1	14	16	intra_ayah:12:65:root:14
co-12_65-03593	12:65	w-s012-a065-w009	w-s012-a065-w025	ء ب و	ي س ر	16	12	12	1	1	1	intra_ayah:12:65:root:15
co-12_65-03594	12:65	w-s012-a065-w019	w-s012-a065-w017	ء خ و	ء ه ل	2	2	2	1	3	3	intra_ayah:12:65:root:16
co-12_65-03595	12:65	w-s012-a065-w019	w-s012-a065-w005	ء خ و	ب ض ع	14	5	10	2	1	2	intra_ayah:12:65:root:17
co-12_65-03596	12:65	w-s012-a065-w019	w-s012-a065-w013	ء خ و	ب ض ع	6	5	10	2	1	2	intra_ayah:12:65:root:17
co-12_65-03597	12:65	w-s012-a065-w019	w-s012-a065-w022	ء خ و	ب ع ر	3	3	3	1	1	1	intra_ayah:12:65:root:18
co-12_65-03598	12:65	w-s012-a065-w019	w-s012-a065-w011	ء خ و	ب غ ي	8	6	6	1	2	2	intra_ayah:12:65:root:19
co-12_65-03599	12:65	w-s012-a065-w009	w-s012-a065-w017	ء ب و	ء ه ل	8	5	5	1	2	2	intra_ayah:12:65:root:2
co-12_65-03600	12:65	w-s012-a065-w019	w-s012-a065-w018	ء خ و	ح ف ظ	1	1	1	1	4	6	intra_ayah:12:65:root:20
co-12_65-03601	12:65	w-s012-a065-w019	w-s012-a065-w006	ء خ و	ر د د	13	4	9	2	1	2	intra_ayah:12:65:root:21
co-12_65-03602	12:65	w-s012-a065-w019	w-s012-a065-w014	ء خ و	ر د د	5	4	9	2	1	2	intra_ayah:12:65:root:21
co-12_65-03603	12:65	w-s012-a065-w019	w-s012-a065-w020	ء خ و	ز ي د	1	1	1	1	1	1	intra_ayah:12:65:root:22
co-12_65-03604	12:65	w-s012-a065-w019	w-s012-a065-w002	ء خ و	ف ت ح	17	13	13	1	2	3	intra_ayah:12:65:root:23
co-12_65-03605	12:65	w-s012-a065-w019	w-s012-a065-w008	ء خ و	ق و ل	11	8	8	1	43	54	intra_ayah:12:65:root:24
co-12_65-03606	12:65	w-s012-a065-w019	w-s012-a065-w021	ء خ و	ك ي ل	2	2	4	2	5	7	intra_ayah:12:65:root:25
co-12_65-03607	12:65	w-s012-a065-w019	w-s012-a065-w024	ء خ و	ك ي ل	5	2	4	2	5	7	intra_ayah:12:65:root:25
co-12_65-03608	12:65	w-s012-a065-w019	w-s012-a065-w003	ء خ و	م ت ع	16	12	12	1	1	1	intra_ayah:12:65:root:26
co-12_65-03609	12:65	w-s012-a065-w019	w-s012-a065-w016	ء خ و	م ي ر	3	3	3	1	1	1	intra_ayah:12:65:root:27
co-12_65-03610	12:65	w-s012-a065-w019	w-s012-a065-w004	ء خ و	و ج د	15	11	11	1	2	2	intra_ayah:12:65:root:28
co-12_65-03611	12:65	w-s012-a065-w019	w-s012-a065-w025	ء خ و	ي س ر	6	5	5	1	1	1	intra_ayah:12:65:root:29
co-12_65-03612	12:65	w-s012-a065-w009	w-s012-a065-w005	ء ب و	ب ض ع	4	2	3	2	1	2	intra_ayah:12:65:root:3
co-12_65-03613	12:65	w-s012-a065-w009	w-s012-a065-w013	ء ب و	ب ض ع	4	2	3	2	1	2	intra_ayah:12:65:root:3
co-12_65-03614	12:65	w-s012-a065-w017	w-s012-a065-w005	ء ه ل	ب ض ع	12	3	8	2	3	4	intra_ayah:12:65:root:30
co-12_65-03615	12:65	w-s012-a065-w017	w-s012-a065-w013	ء ه ل	ب ض ع	4	3	8	2	3	4	intra_ayah:12:65:root:30
co-12_65-03616	12:65	w-s012-a065-w017	w-s012-a065-w022	ء ه ل	ب ع ر	5	5	5	1	1	1	intra_ayah:12:65:root:31
co-12_65-03617	12:65	w-s012-a065-w017	w-s012-a065-w011	ء ه ل	ب غ ي	6	4	4	1	2	2	intra_ayah:12:65:root:32
co-12_65-03618	12:65	w-s012-a065-w017	w-s012-a065-w018	ء ه ل	ح ف ظ	1	1	1	1	2	2	intra_ayah:12:65:root:33
co-12_65-03619	12:65	w-s012-a065-w017	w-s012-a065-w006	ء ه ل	ر د د	11	2	7	2	4	6	intra_ayah:12:65:root:34
co-12_65-03620	12:65	w-s012-a065-w017	w-s012-a065-w014	ء ه ل	ر د د	3	2	7	2	4	6	intra_ayah:12:65:root:34
co-12_65-03621	12:65	w-s012-a065-w017	w-s012-a065-w020	ء ه ل	ز ي د	3	3	3	1	2	2	intra_ayah:12:65:root:35
co-12_65-03622	12:65	w-s012-a065-w017	w-s012-a065-w002	ء ه ل	ف ت ح	15	11	11	1	2	2	intra_ayah:12:65:root:36
co-12_65-03623	12:65	w-s012-a065-w017	w-s012-a065-w008	ء ه ل	ق و ل	9	6	6	1	46	61	intra_ayah:12:65:root:37
co-12_65-03624	12:65	w-s012-a065-w017	w-s012-a065-w021	ء ه ل	ك ي ل	4	4	6	2	2	3	intra_ayah:12:65:root:38
co-12_65-03625	12:65	w-s012-a065-w017	w-s012-a065-w024	ء ه ل	ك ي ل	7	4	6	2	2	3	intra_ayah:12:65:root:38
co-12_65-03626	12:65	w-s012-a065-w017	w-s012-a065-w003	ء ه ل	م ت ع	14	10	10	1	3	3	intra_ayah:12:65:root:39
co-12_65-03627	12:65	w-s012-a065-w009	w-s012-a065-w022	ء ب و	ب ع ر	13	10	10	1	1	1	intra_ayah:12:65:root:4
co-12_65-03628	12:65	w-s012-a065-w017	w-s012-a065-w016	ء ه ل	م ي ر	1	1	1	1	1	1	intra_ayah:12:65:root:40
co-12_65-03629	12:65	w-s012-a065-w017	w-s012-a065-w004	ء ه ل	و ج د	13	9	9	1	9	12	intra_ayah:12:65:root:41
co-12_65-03630	12:65	w-s012-a065-w017	w-s012-a065-w025	ء ه ل	ي س ر	8	7	7	1	2	3	intra_ayah:12:65:root:42
co-12_65-03631	12:65	w-s012-a065-w005	w-s012-a065-w022	ب ض ع	ب ع ر	17	8	13	2	1	2	intra_ayah:12:65:root:43
co-12_65-03632	12:65	w-s012-a065-w013	w-s012-a065-w022	ب ض ع	ب ع ر	9	8	13	2	1	2	intra_ayah:12:65:root:43
co-12_65-03633	12:65	w-s012-a065-w005	w-s012-a065-w011	ب ض ع	ب غ ي	6	1	4	2	1	2	intra_ayah:12:65:root:44
co-12_65-03634	12:65	w-s012-a065-w013	w-s012-a065-w011	ب ض ع	ب غ ي	2	1	4	2	1	2	intra_ayah:12:65:root:44
co-12_65-03635	12:65	w-s012-a065-w005	w-s012-a065-w018	ب ض ع	ح ف ظ	13	4	9	2	1	2	intra_ayah:12:65:root:45
co-12_65-03636	12:65	w-s012-a065-w013	w-s012-a065-w018	ب ض ع	ح ف ظ	5	4	9	2	1	2	intra_ayah:12:65:root:45
co-12_65-03637	12:65	w-s012-a065-w005	w-s012-a065-w006	ب ض ع	ر د د	1	1	6	4	1	4	intra_ayah:12:65:root:46
co-12_65-03638	12:65	w-s012-a065-w005	w-s012-a065-w014	ب ض ع	ر د د	9	1	6	4	1	4	intra_ayah:12:65:root:46
co-12_65-03639	12:65	w-s012-a065-w013	w-s012-a065-w006	ب ض ع	ر د د	7	1	6	4	1	4	intra_ayah:12:65:root:46
co-12_65-03640	12:65	w-s012-a065-w013	w-s012-a065-w014	ب ض ع	ر د د	1	1	6	4	1	4	intra_ayah:12:65:root:46
co-12_65-03641	12:65	w-s012-a065-w005	w-s012-a065-w020	ب ض ع	ز ي د	15	6	11	2	1	2	intra_ayah:12:65:root:47
co-12_65-03642	12:65	w-s012-a065-w013	w-s012-a065-w020	ب ض ع	ز ي د	7	6	11	2	1	2	intra_ayah:12:65:root:47
co-12_65-03643	12:65	w-s012-a065-w005	w-s012-a065-w002	ب ض ع	ف ت ح	3	3	8	2	1	2	intra_ayah:12:65:root:48
co-12_65-03644	12:65	w-s012-a065-w013	w-s012-a065-w002	ب ض ع	ف ت ح	11	3	8	2	1	2	intra_ayah:12:65:root:48
co-12_65-03645	12:65	w-s012-a065-w005	w-s012-a065-w008	ب ض ع	ق و ل	3	2	3	2	5	6	intra_ayah:12:65:root:49
co-12_65-03646	12:65	w-s012-a065-w013	w-s012-a065-w008	ب ض ع	ق و ل	5	2	3	2	5	6	intra_ayah:12:65:root:49
co-12_65-03647	12:65	w-s012-a065-w009	w-s012-a065-w011	ء ب و	ب غ ي	2	1	1	1	3	3	intra_ayah:12:65:root:5
co-12_65-03648	12:65	w-s012-a065-w005	w-s012-a065-w021	ب ض ع	ك ي ل	16	7	14	4	2	5	intra_ayah:12:65:root:50
co-12_65-03649	12:65	w-s012-a065-w005	w-s012-a065-w024	ب ض ع	ك ي ل	19	7	14	4	2	5	intra_ayah:12:65:root:50
co-12_65-03650	12:65	w-s012-a065-w013	w-s012-a065-w021	ب ض ع	ك ي ل	8	7	14	4	2	5	intra_ayah:12:65:root:50
co-12_65-03651	12:65	w-s012-a065-w013	w-s012-a065-w024	ب ض ع	ك ي ل	11	7	14	4	2	5	intra_ayah:12:65:root:50
co-12_65-03652	12:65	w-s012-a065-w005	w-s012-a065-w003	ب ض ع	م ت ع	2	2	7	2	1	2	intra_ayah:12:65:root:51
co-12_65-03653	12:65	w-s012-a065-w013	w-s012-a065-w003	ب ض ع	م ت ع	10	2	7	2	1	2	intra_ayah:12:65:root:51
co-12_65-03654	12:65	w-s012-a065-w005	w-s012-a065-w016	ب ض ع	م ي ر	11	2	7	2	1	2	intra_ayah:12:65:root:52
co-12_65-03655	12:65	w-s012-a065-w013	w-s012-a065-w016	ب ض ع	م ي ر	3	2	7	2	1	2	intra_ayah:12:65:root:52
co-12_65-03656	12:65	w-s012-a065-w005	w-s012-a065-w004	ب ض ع	و ج د	1	1	6	2	1	2	intra_ayah:12:65:root:53
co-12_65-03657	12:65	w-s012-a065-w013	w-s012-a065-w004	ب ض ع	و ج د	9	1	6	2	1	2	intra_ayah:12:65:root:53
co-12_65-03658	12:65	w-s012-a065-w005	w-s012-a065-w025	ب ض ع	ي س ر	20	10	15	2	1	2	intra_ayah:12:65:root:54
co-12_65-03659	12:65	w-s012-a065-w013	w-s012-a065-w025	ب ض ع	ي س ر	12	10	15	2	1	2	intra_ayah:12:65:root:54
co-12_65-03660	12:65	w-s012-a065-w022	w-s012-a065-w011	ب ع ر	ب غ ي	11	9	9	1	1	1	intra_ayah:12:65:root:55
co-12_65-03661	12:65	w-s012-a065-w022	w-s012-a065-w018	ب ع ر	ح ف ظ	4	4	4	1	1	1	intra_ayah:12:65:root:56
co-12_65-03662	12:65	w-s012-a065-w022	w-s012-a065-w006	ب ع ر	ر د د	16	7	12	2	1	2	intra_ayah:12:65:root:57
co-12_65-03663	12:65	w-s012-a065-w022	w-s012-a065-w014	ب ع ر	ر د د	8	7	12	2	1	2	intra_ayah:12:65:root:57
co-12_65-03664	12:65	w-s012-a065-w022	w-s012-a065-w020	ب ع ر	ز ي د	2	2	2	1	1	1	intra_ayah:12:65:root:58
co-12_65-03665	12:65	w-s012-a065-w022	w-s012-a065-w002	ب ع ر	ف ت ح	20	16	16	1	1	1	intra_ayah:12:65:root:59
co-12_65-03666	12:65	w-s012-a065-w009	w-s012-a065-w018	ء ب و	ح ف ظ	9	6	6	1	4	7	intra_ayah:12:65:root:6
co-12_65-03667	12:65	w-s012-a065-w022	w-s012-a065-w008	ب ع ر	ق و ل	14	11	11	1	2	2	intra_ayah:12:65:root:60
co-12_65-03668	12:65	w-s012-a065-w022	w-s012-a065-w021	ب ع ر	ك ي ل	1	1	1	2	1	2	intra_ayah:12:65:root:61
co-12_65-03669	12:65	w-s012-a065-w022	w-s012-a065-w024	ب ع ر	ك ي ل	2	1	1	2	1	2	intra_ayah:12:65:root:61
co-12_65-03670	12:65	w-s012-a065-w022	w-s012-a065-w003	ب ع ر	م ت ع	19	15	15	1	1	1	intra_ayah:12:65:root:62
co-12_65-03671	12:65	w-s012-a065-w022	w-s012-a065-w016	ب ع ر	م ي ر	6	6	6	1	1	1	intra_ayah:12:65:root:63
co-12_65-03672	12:65	w-s012-a065-w022	w-s012-a065-w004	ب ع ر	و ج د	18	14	14	1	1	1	intra_ayah:12:65:root:64
co-12_65-03673	12:65	w-s012-a065-w022	w-s012-a065-w025	ب ع ر	ي س ر	3	2	2	1	1	1	intra_ayah:12:65:root:65
co-12_65-03674	12:65	w-s012-a065-w011	w-s012-a065-w018	ب غ ي	ح ف ظ	7	5	5	1	2	3	intra_ayah:12:65:root:66
co-12_65-03675	12:65	w-s012-a065-w011	w-s012-a065-w006	ب غ ي	ر د د	5	2	3	2	2	3	intra_ayah:12:65:root:67
co-12_65-03676	12:65	w-s012-a065-w011	w-s012-a065-w014	ب غ ي	ر د د	3	2	3	2	2	3	intra_ayah:12:65:root:67
co-12_65-03677	12:65	w-s012-a065-w011	w-s012-a065-w020	ب غ ي	ز ي د	9	7	7	1	2	2	intra_ayah:12:65:root:68
co-12_65-03678	12:65	w-s012-a065-w011	w-s012-a065-w002	ب غ ي	ف ت ح	9	7	7	1	2	2	intra_ayah:12:65:root:69
co-12_65-03679	12:65	w-s012-a065-w009	w-s012-a065-w006	ء ب و	ر د د	3	2	3	2	1	2	intra_ayah:12:65:root:7
co-12_65-03680	12:65	w-s012-a065-w009	w-s012-a065-w014	ء ب و	ر د د	5	2	3	2	1	2	intra_ayah:12:65:root:7
co-12_65-03681	12:65	w-s012-a065-w011	w-s012-a065-w008	ب غ ي	ق و ل	3	2	2	1	20	24	intra_ayah:12:65:root:70
co-12_65-03682	12:65	w-s012-a065-w011	w-s012-a065-w021	ب غ ي	ك ي ل	10	8	10	2	1	2	intra_ayah:12:65:root:71
co-12_65-03683	12:65	w-s012-a065-w011	w-s012-a065-w024	ب غ ي	ك ي ل	13	8	10	2	1	2	intra_ayah:12:65:root:71
co-12_65-03684	12:65	w-s012-a065-w011	w-s012-a065-w003	ب غ ي	م ت ع	8	6	6	1	5	6	intra_ayah:12:65:root:72
co-12_65-03685	12:65	w-s012-a065-w011	w-s012-a065-w016	ب غ ي	م ي ر	5	3	3	1	1	1	intra_ayah:12:65:root:73
co-12_65-03686	12:65	w-s012-a065-w011	w-s012-a065-w004	ب غ ي	و ج د	7	5	5	1	4	6	intra_ayah:12:65:root:74
co-12_65-03687	12:65	w-s012-a065-w011	w-s012-a065-w025	ب غ ي	ي س ر	14	11	11	1	3	4	intra_ayah:12:65:root:75
co-12_65-03688	12:65	w-s012-a065-w018	w-s012-a065-w006	ح ف ظ	ر د د	12	3	8	2	2	3	intra_ayah:12:65:root:76
co-12_65-03689	12:65	w-s012-a065-w018	w-s012-a065-w014	ح ف ظ	ر د د	4	3	8	2	2	3	intra_ayah:12:65:root:76
co-12_65-03690	12:65	w-s012-a065-w018	w-s012-a065-w020	ح ف ظ	ز ي د	2	2	2	1	1	1	intra_ayah:12:65:root:77
co-12_65-03691	12:65	w-s012-a065-w018	w-s012-a065-w002	ح ف ظ	ف ت ح	16	12	12	1	1	1	intra_ayah:12:65:root:78
co-12_65-03692	12:65	w-s012-a065-w018	w-s012-a065-w008	ح ف ظ	ق و ل	10	7	7	1	7	7	intra_ayah:12:65:root:79
co-12_65-03693	12:65	w-s012-a065-w009	w-s012-a065-w020	ء ب و	ز ي د	11	8	8	1	1	1	intra_ayah:12:65:root:8
co-12_65-03694	12:65	w-s012-a065-w018	w-s012-a065-w021	ح ف ظ	ك ي ل	3	3	5	2	2	4	intra_ayah:12:65:root:80
co-12_65-03695	12:65	w-s012-a065-w018	w-s012-a065-w024	ح ف ظ	ك ي ل	6	3	5	2	2	4	intra_ayah:12:65:root:80
co-12_65-03696	12:65	w-s012-a065-w018	w-s012-a065-w003	ح ف ظ	م ت ع	15	11	11	1	1	1	intra_ayah:12:65:root:81
co-12_65-03697	12:65	w-s012-a065-w018	w-s012-a065-w016	ح ف ظ	م ي ر	2	2	2	1	1	1	intra_ayah:12:65:root:82
co-12_65-03698	12:65	w-s012-a065-w018	w-s012-a065-w004	ح ف ظ	و ج د	14	10	10	1	2	2	intra_ayah:12:65:root:83
co-12_65-03699	12:65	w-s012-a065-w018	w-s012-a065-w025	ح ف ظ	ي س ر	7	6	6	1	1	1	intra_ayah:12:65:root:84
co-12_65-03700	12:65	w-s012-a065-w006	w-s012-a065-w020	ر د د	ز ي د	14	5	10	2	2	3	intra_ayah:12:65:root:85
co-12_65-03701	12:65	w-s012-a065-w014	w-s012-a065-w020	ر د د	ز ي د	6	5	10	2	2	3	intra_ayah:12:65:root:85
co-12_65-03702	12:65	w-s012-a065-w006	w-s012-a065-w002	ر د د	ف ت ح	4	4	9	2	1	2	intra_ayah:12:65:root:86
co-12_65-03703	12:65	w-s012-a065-w014	w-s012-a065-w002	ر د د	ف ت ح	12	4	9	2	1	2	intra_ayah:12:65:root:86
co-12_65-03704	12:65	w-s012-a065-w006	w-s012-a065-w008	ر د د	ق و ل	2	1	4	2	18	23	intra_ayah:12:65:root:87
co-12_65-03705	12:65	w-s012-a065-w014	w-s012-a065-w008	ر د د	ق و ل	6	1	4	2	18	23	intra_ayah:12:65:root:87
co-12_65-03706	12:65	w-s012-a065-w006	w-s012-a065-w021	ر د د	ك ي ل	15	6	13	4	1	4	intra_ayah:12:65:root:88
co-12_65-03707	12:65	w-s012-a065-w006	w-s012-a065-w024	ر د د	ك ي ل	18	6	13	4	1	4	intra_ayah:12:65:root:88
co-12_65-03708	12:65	w-s012-a065-w014	w-s012-a065-w021	ر د د	ك ي ل	7	6	13	4	1	4	intra_ayah:12:65:root:88
co-12_65-03709	12:65	w-s012-a065-w014	w-s012-a065-w024	ر د د	ك ي ل	10	6	13	4	1	4	intra_ayah:12:65:root:88
co-12_65-03710	12:65	w-s012-a065-w006	w-s012-a065-w003	ر د د	م ت ع	3	3	8	2	1	2	intra_ayah:12:65:root:89
co-12_65-03711	12:65	w-s012-a065-w014	w-s012-a065-w003	ر د د	م ت ع	11	3	8	2	1	2	intra_ayah:12:65:root:89
co-12_65-03712	12:65	w-s012-a065-w009	w-s012-a065-w002	ء ب و	ف ت ح	7	6	6	1	2	2	intra_ayah:12:65:root:9
co-12_65-03713	12:65	w-s012-a065-w006	w-s012-a065-w016	ر د د	م ي ر	10	1	6	2	1	2	intra_ayah:12:65:root:90
co-12_65-03714	12:65	w-s012-a065-w014	w-s012-a065-w016	ر د د	م ي ر	2	1	6	2	1	2	intra_ayah:12:65:root:90
co-12_65-03715	12:65	w-s012-a065-w006	w-s012-a065-w004	ر د د	و ج د	2	2	7	2	3	4	intra_ayah:12:65:root:91
co-12_65-03716	12:65	w-s012-a065-w014	w-s012-a065-w004	ر د د	و ج د	10	2	7	2	3	4	intra_ayah:12:65:root:91
co-12_65-03717	12:65	w-s012-a065-w006	w-s012-a065-w025	ر د د	ي س ر	19	9	14	2	1	2	intra_ayah:12:65:root:92
co-12_65-03718	12:65	w-s012-a065-w014	w-s012-a065-w025	ر د د	ي س ر	11	9	14	2	1	2	intra_ayah:12:65:root:92
co-12_65-03719	12:65	w-s012-a065-w020	w-s012-a065-w002	ز ي د	ف ت ح	18	14	14	1	1	1	intra_ayah:12:65:root:93
co-12_65-03720	12:65	w-s012-a065-w020	w-s012-a065-w008	ز ي د	ق و ل	12	9	9	1	18	27	intra_ayah:12:65:root:94
co-12_65-03721	12:65	w-s012-a065-w020	w-s012-a065-w021	ز ي د	ك ي ل	1	1	3	2	1	2	intra_ayah:12:65:root:95
co-12_65-03722	12:65	w-s012-a065-w020	w-s012-a065-w024	ز ي د	ك ي ل	4	1	3	2	1	2	intra_ayah:12:65:root:95
co-12_65-03723	12:65	w-s012-a065-w020	w-s012-a065-w003	ز ي د	م ت ع	17	13	13	1	1	1	intra_ayah:12:65:root:96
co-12_65-03724	12:65	w-s012-a065-w020	w-s012-a065-w016	ز ي د	م ي ر	4	4	4	1	1	1	intra_ayah:12:65:root:97
co-12_65-03725	12:65	w-s012-a065-w020	w-s012-a065-w004	ز ي د	و ج د	16	12	12	1	3	3	intra_ayah:12:65:root:98
co-12_65-03726	12:65	w-s012-a065-w020	w-s012-a065-w025	ز ي د	ي س ر	5	4	4	1	1	1	intra_ayah:12:65:root:99
co-12_66-03727	12:66	w-s012-a066-w006	w-s012-a066-w009	ء ت ي	ء ل ه	3	1	8	6	198	411	intra_ayah:12:66:root:1
co-12_66-03728	12:66	w-s012-a066-w006	w-s012-a066-w020	ء ت ي	ء ل ه	14	1	8	6	198	411	intra_ayah:12:66:root:1
co-12_66-03729	12:66	w-s012-a066-w010	w-s012-a066-w009	ء ت ي	ء ل ه	1	1	8	6	198	411	intra_ayah:12:66:root:1
co-12_66-03730	12:66	w-s012-a066-w010	w-s012-a066-w020	ء ت ي	ء ل ه	10	1	8	6	198	411	intra_ayah:12:66:root:1
co-12_66-03731	12:66	w-s012-a066-w017	w-s012-a066-w009	ء ت ي	ء ل ه	8	1	8	6	198	411	intra_ayah:12:66:root:1
co-12_66-03732	12:66	w-s012-a066-w017	w-s012-a066-w020	ء ت ي	ء ل ه	3	1	8	6	198	411	intra_ayah:12:66:root:1
co-12_66-03733	12:66	w-s012-a066-w009	w-s012-a066-w007	ء ل ه	و ث ق	2	1	7	4	21	41	intra_ayah:12:66:root:10
co-12_66-03734	12:66	w-s012-a066-w009	w-s012-a066-w018	ء ل ه	و ث ق	9	1	7	4	21	41	intra_ayah:12:66:root:10
co-12_66-03735	12:66	w-s012-a066-w020	w-s012-a066-w007	ء ل ه	و ث ق	13	1	7	4	21	41	intra_ayah:12:66:root:10
co-12_66-03736	12:66	w-s012-a066-w020	w-s012-a066-w018	ء ل ه	و ث ق	2	1	7	4	21	41	intra_ayah:12:66:root:10
co-12_66-03737	12:66	w-s012-a066-w009	w-s012-a066-w024	ء ل ه	و ك ل	15	2	8	2	45	108	intra_ayah:12:66:root:11
co-12_66-03738	12:66	w-s012-a066-w020	w-s012-a066-w024	ء ل ه	و ك ل	4	2	8	2	45	108	intra_ayah:12:66:root:11
co-12_66-03739	12:66	w-s012-a066-w014	w-s012-a066-w003	ح و ط	ر س ل	11	5	5	1	2	2	intra_ayah:12:66:root:12
co-12_66-03740	12:66	w-s012-a066-w014	w-s012-a066-w001	ح و ط	ق و ل	13	3	6	3	10	13	intra_ayah:12:66:root:13
co-12_66-03741	12:66	w-s012-a066-w014	w-s012-a066-w019	ح و ط	ق و ل	5	3	6	3	10	13	intra_ayah:12:66:root:13
co-12_66-03742	12:66	w-s012-a066-w014	w-s012-a066-w023	ح و ط	ق و ل	9	3	6	3	10	13	intra_ayah:12:66:root:13
co-12_66-03743	12:66	w-s012-a066-w014	w-s012-a066-w007	ح و ط	و ث ق	7	2	3	2	1	2	intra_ayah:12:66:root:14
co-12_66-03744	12:66	w-s012-a066-w014	w-s012-a066-w018	ح و ط	و ث ق	4	2	3	2	1	2	intra_ayah:12:66:root:14
co-12_66-03745	12:66	w-s012-a066-w014	w-s012-a066-w024	ح و ط	و ك ل	10	6	6	1	1	1	intra_ayah:12:66:root:15
co-12_66-03746	12:66	w-s012-a066-w003	w-s012-a066-w001	ر س ل	ق و ل	2	1	10	3	120	181	intra_ayah:12:66:root:16
co-12_66-03747	12:66	w-s012-a066-w003	w-s012-a066-w019	ر س ل	ق و ل	16	1	10	3	120	181	intra_ayah:12:66:root:16
co-12_66-03748	12:66	w-s012-a066-w003	w-s012-a066-w023	ر س ل	ق و ل	20	1	10	3	120	181	intra_ayah:12:66:root:16
co-12_66-03749	12:66	w-s012-a066-w003	w-s012-a066-w007	ر س ل	و ث ق	4	2	7	2	5	8	intra_ayah:12:66:root:17
co-12_66-03750	12:66	w-s012-a066-w003	w-s012-a066-w018	ر س ل	و ث ق	15	2	7	2	5	8	intra_ayah:12:66:root:17
co-12_66-03751	12:66	w-s012-a066-w003	w-s012-a066-w024	ر س ل	و ك ل	21	11	11	1	6	7	intra_ayah:12:66:root:18
co-12_66-03752	12:66	w-s012-a066-w001	w-s012-a066-w007	ق و ل	و ث ق	6	1	8	6	11	24	intra_ayah:12:66:root:19
co-12_66-03753	12:66	w-s012-a066-w001	w-s012-a066-w018	ق و ل	و ث ق	17	1	8	6	11	24	intra_ayah:12:66:root:19
co-12_66-03754	12:66	w-s012-a066-w019	w-s012-a066-w007	ق و ل	و ث ق	12	1	8	6	11	24	intra_ayah:12:66:root:19
co-12_66-03755	12:66	w-s012-a066-w019	w-s012-a066-w018	ق و ل	و ث ق	1	1	8	6	11	24	intra_ayah:12:66:root:19
co-12_66-03756	12:66	w-s012-a066-w023	w-s012-a066-w007	ق و ل	و ث ق	16	1	8	6	11	24	intra_ayah:12:66:root:19
co-12_66-03757	12:66	w-s012-a066-w023	w-s012-a066-w018	ق و ل	و ث ق	5	1	8	6	11	24	intra_ayah:12:66:root:19
co-12_66-03758	12:66	w-s012-a066-w006	w-s012-a066-w014	ء ت ي	ح و ط	8	1	4	3	2	4	intra_ayah:12:66:root:2
co-12_66-03759	12:66	w-s012-a066-w010	w-s012-a066-w014	ء ت ي	ح و ط	4	1	4	3	2	4	intra_ayah:12:66:root:2
co-12_66-03760	12:66	w-s012-a066-w017	w-s012-a066-w014	ء ت ي	ح و ط	3	1	4	3	2	4	intra_ayah:12:66:root:2
co-12_66-03761	12:66	w-s012-a066-w001	w-s012-a066-w024	ق و ل	و ك ل	23	1	12	3	23	39	intra_ayah:12:66:root:20
co-12_66-03762	12:66	w-s012-a066-w019	w-s012-a066-w024	ق و ل	و ك ل	5	1	12	3	23	39	intra_ayah:12:66:root:20
co-12_66-03763	12:66	w-s012-a066-w023	w-s012-a066-w024	ق و ل	و ك ل	1	1	12	3	23	39	intra_ayah:12:66:root:20
co-12_66-03764	12:66	w-s012-a066-w007	w-s012-a066-w024	و ث ق	و ك ل	17	4	9	2	1	2	intra_ayah:12:66:root:21
co-12_66-03765	12:66	w-s012-a066-w018	w-s012-a066-w024	و ث ق	و ك ل	6	4	9	2	1	2	intra_ayah:12:66:root:21
co-12_66-03766	12:66	w-s012-a066-w006	w-s012-a066-w003	ء ت ي	ر س ل	3	1	6	3	58	85	intra_ayah:12:66:root:3
co-12_66-03767	12:66	w-s012-a066-w010	w-s012-a066-w003	ء ت ي	ر س ل	7	1	6	3	58	85	intra_ayah:12:66:root:3
co-12_66-03768	12:66	w-s012-a066-w017	w-s012-a066-w003	ء ت ي	ر س ل	14	1	6	3	58	85	intra_ayah:12:66:root:3
co-12_66-03769	12:66	w-s012-a066-w006	w-s012-a066-w001	ء ت ي	ق و ل	5	2	9	9	154	264	intra_ayah:12:66:root:4
co-12_66-03770	12:66	w-s012-a066-w006	w-s012-a066-w019	ء ت ي	ق و ل	13	2	9	9	154	264	intra_ayah:12:66:root:4
co-12_66-03771	12:66	w-s012-a066-w006	w-s012-a066-w023	ء ت ي	ق و ل	17	2	9	9	154	264	intra_ayah:12:66:root:4
co-12_66-03772	12:66	w-s012-a066-w010	w-s012-a066-w001	ء ت ي	ق و ل	9	2	9	9	154	264	intra_ayah:12:66:root:4
co-12_66-03773	12:66	w-s012-a066-w010	w-s012-a066-w019	ء ت ي	ق و ل	9	2	9	9	154	264	intra_ayah:12:66:root:4
co-12_66-03774	12:66	w-s012-a066-w010	w-s012-a066-w023	ء ت ي	ق و ل	13	2	9	9	154	264	intra_ayah:12:66:root:4
co-12_66-03775	12:66	w-s012-a066-w017	w-s012-a066-w001	ء ت ي	ق و ل	16	2	9	9	154	264	intra_ayah:12:66:root:4
co-12_66-03776	12:66	w-s012-a066-w017	w-s012-a066-w019	ء ت ي	ق و ل	2	2	9	9	154	264	intra_ayah:12:66:root:4
co-12_66-03777	12:66	w-s012-a066-w017	w-s012-a066-w023	ء ت ي	ق و ل	6	2	9	9	154	264	intra_ayah:12:66:root:4
co-12_66-03778	12:66	w-s012-a066-w006	w-s012-a066-w007	ء ت ي	و ث ق	1	1	6	6	8	13	intra_ayah:12:66:root:5
co-12_66-03779	12:66	w-s012-a066-w006	w-s012-a066-w018	ء ت ي	و ث ق	12	1	6	6	8	13	intra_ayah:12:66:root:5
co-12_66-03780	12:66	w-s012-a066-w010	w-s012-a066-w007	ء ت ي	و ث ق	3	1	6	6	8	13	intra_ayah:12:66:root:5
co-12_66-03781	12:66	w-s012-a066-w010	w-s012-a066-w018	ء ت ي	و ث ق	8	1	6	6	8	13	intra_ayah:12:66:root:5
co-12_66-03782	12:66	w-s012-a066-w017	w-s012-a066-w007	ء ت ي	و ث ق	10	1	6	6	8	13	intra_ayah:12:66:root:5
co-12_66-03783	12:66	w-s012-a066-w017	w-s012-a066-w018	ء ت ي	و ث ق	1	1	6	6	8	13	intra_ayah:12:66:root:5
co-12_66-03784	12:66	w-s012-a066-w006	w-s012-a066-w024	ء ت ي	و ك ل	18	5	10	3	5	7	intra_ayah:12:66:root:6
co-12_66-03785	12:66	w-s012-a066-w010	w-s012-a066-w024	ء ت ي	و ك ل	14	5	10	3	5	7	intra_ayah:12:66:root:6
co-12_66-03786	12:66	w-s012-a066-w017	w-s012-a066-w024	ء ت ي	و ك ل	7	5	10	3	5	7	intra_ayah:12:66:root:6
co-12_66-03787	12:66	w-s012-a066-w009	w-s012-a066-w014	ء ل ه	ح و ط	5	2	4	2	13	22	intra_ayah:12:66:root:7
co-12_66-03788	12:66	w-s012-a066-w020	w-s012-a066-w014	ء ل ه	ح و ط	6	2	4	2	13	22	intra_ayah:12:66:root:7
co-12_66-03789	12:66	w-s012-a066-w009	w-s012-a066-w003	ء ل ه	ر س ل	6	3	9	2	211	488	intra_ayah:12:66:root:8
co-12_66-03790	12:66	w-s012-a066-w020	w-s012-a066-w003	ء ل ه	ر س ل	17	3	9	2	211	488	intra_ayah:12:66:root:8
co-12_66-03791	12:66	w-s012-a066-w009	w-s012-a066-w001	ء ل ه	ق و ل	8	1	10	6	514	1188	intra_ayah:12:66:root:9
co-12_66-03792	12:66	w-s012-a066-w009	w-s012-a066-w019	ء ل ه	ق و ل	10	1	10	6	514	1188	intra_ayah:12:66:root:9
co-12_66-03793	12:66	w-s012-a066-w009	w-s012-a066-w023	ء ل ه	ق و ل	14	1	10	6	514	1188	intra_ayah:12:66:root:9
co-12_66-03794	12:66	w-s012-a066-w020	w-s012-a066-w001	ء ل ه	ق و ل	19	1	10	6	514	1188	intra_ayah:12:66:root:9
co-12_66-03795	12:66	w-s012-a066-w020	w-s012-a066-w019	ء ل ه	ق و ل	1	1	10	6	514	1188	intra_ayah:12:66:root:9
co-12_66-03796	12:66	w-s012-a066-w020	w-s012-a066-w023	ء ل ه	ق و ل	3	1	10	6	514	1188	intra_ayah:12:66:root:9
co-12_67-03797	12:67	w-s012-a067-w016	w-s012-a067-w002	ء ل ه	ب ن ي	14	8	11	2	68	172	intra_ayah:12:67:root:1
co-12_67-03798	12:67	w-s012-a067-w022	w-s012-a067-w002	ء ل ه	ب ن ي	20	8	11	2	68	172	intra_ayah:12:67:root:1
co-12_67-03799	12:67	w-s012-a067-w016	w-s012-a067-w024	ء ل ه	و ك ل	8	1	6	6	45	108	intra_ayah:12:67:root:10
co-12_67-03800	12:67	w-s012-a067-w016	w-s012-a067-w026	ء ل ه	و ك ل	10	1	6	6	45	108	intra_ayah:12:67:root:10
co-12_67-03801	12:67	w-s012-a067-w016	w-s012-a067-w027	ء ل ه	و ك ل	11	1	6	6	45	108	intra_ayah:12:67:root:10
co-12_67-03802	12:67	w-s012-a067-w022	w-s012-a067-w024	ء ل ه	و ك ل	2	1	6	6	45	108	intra_ayah:12:67:root:10
co-12_67-03803	12:67	w-s012-a067-w022	w-s012-a067-w026	ء ل ه	و ك ل	4	1	6	6	45	108	intra_ayah:12:67:root:10
co-12_67-03804	12:67	w-s012-a067-w022	w-s012-a067-w027	ء ل ه	و ك ل	5	1	6	6	45	108	intra_ayah:12:67:root:10
co-12_67-03805	12:67	w-s012-a067-w002	w-s012-a067-w006	ب ن ي	ب و ب	4	2	5	2	1	2	intra_ayah:12:67:root:11
co-12_67-03806	12:67	w-s012-a067-w002	w-s012-a067-w010	ب ن ي	ب و ب	8	2	5	2	1	2	intra_ayah:12:67:root:11
co-12_67-03807	12:67	w-s012-a067-w002	w-s012-a067-w020	ب ن ي	ح ك م	18	10	10	1	7	10	intra_ayah:12:67:root:12
co-12_67-03808	12:67	w-s012-a067-w002	w-s012-a067-w004	ب ن ي	د خ ل	2	1	4	2	4	12	intra_ayah:12:67:root:13
co-12_67-03809	12:67	w-s012-a067-w002	w-s012-a067-w008	ب ن ي	د خ ل	6	1	4	2	4	12	intra_ayah:12:67:root:13
co-12_67-03810	12:67	w-s012-a067-w002	w-s012-a067-w018	ب ن ي	ش ي ء	16	9	9	1	9	19	intra_ayah:12:67:root:14
co-12_67-03811	12:67	w-s012-a067-w002	w-s012-a067-w013	ب ن ي	غ ن ي	11	7	7	1	2	2	intra_ayah:12:67:root:15
co-12_67-03812	12:67	w-s012-a067-w002	w-s012-a067-w011	ب ن ي	ف ر ق	9	6	6	1	6	9	intra_ayah:12:67:root:16
co-12_67-03813	12:67	w-s012-a067-w002	w-s012-a067-w001	ب ن ي	ق و ل	1	1	1	1	56	114	intra_ayah:12:67:root:17
co-12_67-03814	12:67	w-s012-a067-w002	w-s012-a067-w007	ب ن ي	و ح د	5	3	3	1	5	6	intra_ayah:12:67:root:18
co-12_67-03815	12:67	w-s012-a067-w002	w-s012-a067-w024	ب ن ي	و ك ل	22	12	14	3	3	5	intra_ayah:12:67:root:19
co-12_67-03816	12:67	w-s012-a067-w002	w-s012-a067-w026	ب ن ي	و ك ل	24	12	14	3	3	5	intra_ayah:12:67:root:19
co-12_67-03817	12:67	w-s012-a067-w002	w-s012-a067-w027	ب ن ي	و ك ل	25	12	14	3	3	5	intra_ayah:12:67:root:19
co-12_67-03818	12:67	w-s012-a067-w016	w-s012-a067-w006	ء ل ه	ب و ب	10	3	9	4	4	8	intra_ayah:12:67:root:2
co-12_67-03819	12:67	w-s012-a067-w016	w-s012-a067-w010	ء ل ه	ب و ب	6	3	9	4	4	8	intra_ayah:12:67:root:2
co-12_67-03820	12:67	w-s012-a067-w022	w-s012-a067-w006	ء ل ه	ب و ب	16	3	9	4	4	8	intra_ayah:12:67:root:2
co-12_67-03821	12:67	w-s012-a067-w022	w-s012-a067-w010	ء ل ه	ب و ب	12	3	9	4	4	8	intra_ayah:12:67:root:2
co-12_67-03822	12:67	w-s012-a067-w006	w-s012-a067-w020	ب و ب	ح ك م	14	5	8	2	1	2	intra_ayah:12:67:root:20
co-12_67-03823	12:67	w-s012-a067-w010	w-s012-a067-w020	ب و ب	ح ك م	10	5	8	2	1	2	intra_ayah:12:67:root:20
co-12_67-03824	12:67	w-s012-a067-w006	w-s012-a067-w004	ب و ب	د خ ل	2	1	4	4	11	17	intra_ayah:12:67:root:21
co-12_67-03825	12:67	w-s012-a067-w006	w-s012-a067-w008	ب و ب	د خ ل	2	1	4	4	11	17	intra_ayah:12:67:root:21
co-12_67-03826	12:67	w-s012-a067-w010	w-s012-a067-w004	ب و ب	د خ ل	6	1	4	4	11	17	intra_ayah:12:67:root:21
co-12_67-03827	12:67	w-s012-a067-w010	w-s012-a067-w008	ب و ب	د خ ل	2	1	4	4	11	17	intra_ayah:12:67:root:21
co-12_67-03828	12:67	w-s012-a067-w006	w-s012-a067-w018	ب و ب	ش ي ء	12	4	7	2	4	5	intra_ayah:12:67:root:22
co-12_67-03829	12:67	w-s012-a067-w010	w-s012-a067-w018	ب و ب	ش ي ء	8	4	7	2	4	5	intra_ayah:12:67:root:22
co-12_67-03830	12:67	w-s012-a067-w006	w-s012-a067-w013	ب و ب	غ ن ي	7	2	5	2	1	2	intra_ayah:12:67:root:23
co-12_67-03831	12:67	w-s012-a067-w010	w-s012-a067-w013	ب و ب	غ ن ي	3	2	5	2	1	2	intra_ayah:12:67:root:23
co-12_67-03832	12:67	w-s012-a067-w006	w-s012-a067-w011	ب و ب	ف ر ق	5	1	4	2	1	2	intra_ayah:12:67:root:24
co-12_67-03833	12:67	w-s012-a067-w010	w-s012-a067-w011	ب و ب	ف ر ق	1	1	4	2	1	2	intra_ayah:12:67:root:24
co-12_67-03834	12:67	w-s012-a067-w006	w-s012-a067-w001	ب و ب	ق و ل	5	3	6	2	12	20	intra_ayah:12:67:root:25
co-12_67-03835	12:67	w-s012-a067-w010	w-s012-a067-w001	ب و ب	ق و ل	9	3	6	2	12	20	intra_ayah:12:67:root:25
co-12_67-03836	12:67	w-s012-a067-w006	w-s012-a067-w007	ب و ب	و ح د	1	1	2	2	1	2	intra_ayah:12:67:root:26
co-12_67-03837	12:67	w-s012-a067-w010	w-s012-a067-w007	ب و ب	و ح د	3	1	2	2	1	2	intra_ayah:12:67:root:26
co-12_67-03838	12:67	w-s012-a067-w006	w-s012-a067-w024	ب و ب	و ك ل	18	7	12	6	2	7	intra_ayah:12:67:root:27
co-12_67-03839	12:67	w-s012-a067-w006	w-s012-a067-w026	ب و ب	و ك ل	20	7	12	6	2	7	intra_ayah:12:67:root:27
co-12_67-03840	12:67	w-s012-a067-w006	w-s012-a067-w027	ب و ب	و ك ل	21	7	12	6	2	7	intra_ayah:12:67:root:27
co-12_67-03841	12:67	w-s012-a067-w010	w-s012-a067-w024	ب و ب	و ك ل	14	7	12	6	2	7	intra_ayah:12:67:root:27
co-12_67-03842	12:67	w-s012-a067-w010	w-s012-a067-w026	ب و ب	و ك ل	16	7	12	6	2	7	intra_ayah:12:67:root:27
co-12_67-03843	12:67	w-s012-a067-w010	w-s012-a067-w027	ب و ب	و ك ل	17	7	12	6	2	7	intra_ayah:12:67:root:27
co-12_67-03844	12:67	w-s012-a067-w020	w-s012-a067-w004	ح ك م	د خ ل	16	6	9	2	3	4	intra_ayah:12:67:root:28
co-12_67-03845	12:67	w-s012-a067-w020	w-s012-a067-w008	ح ك م	د خ ل	12	6	9	2	3	4	intra_ayah:12:67:root:28
co-12_67-03846	12:67	w-s012-a067-w020	w-s012-a067-w018	ح ك م	ش ي ء	2	1	1	1	22	28	intra_ayah:12:67:root:29
co-12_67-03847	12:67	w-s012-a067-w016	w-s012-a067-w020	ء ل ه	ح ك م	4	1	2	2	127	252	intra_ayah:12:67:root:3
co-12_67-03848	12:67	w-s012-a067-w022	w-s012-a067-w020	ء ل ه	ح ك م	2	1	2	2	127	252	intra_ayah:12:67:root:3
co-12_67-03849	12:67	w-s012-a067-w020	w-s012-a067-w013	ح ك م	غ ن ي	7	3	3	1	5	5	intra_ayah:12:67:root:30
co-12_67-03850	12:67	w-s012-a067-w020	w-s012-a067-w011	ح ك م	ف ر ق	9	4	4	1	6	6	intra_ayah:12:67:root:31
co-12_67-03851	12:67	w-s012-a067-w020	w-s012-a067-w001	ح ك م	ق و ل	19	11	11	1	34	51	intra_ayah:12:67:root:32
co-12_67-03852	12:67	w-s012-a067-w020	w-s012-a067-w007	ح ك م	و ح د	13	7	7	1	5	6	intra_ayah:12:67:root:33
co-12_67-03853	12:67	w-s012-a067-w020	w-s012-a067-w024	ح ك م	و ك ل	4	2	4	3	4	6	intra_ayah:12:67:root:34
co-12_67-03854	12:67	w-s012-a067-w020	w-s012-a067-w026	ح ك م	و ك ل	6	2	4	3	4	6	intra_ayah:12:67:root:34
co-12_67-03855	12:67	w-s012-a067-w020	w-s012-a067-w027	ح ك م	و ك ل	7	2	4	3	4	6	intra_ayah:12:67:root:34
co-12_67-03856	12:67	w-s012-a067-w004	w-s012-a067-w018	د خ ل	ش ي ء	14	5	8	2	16	21	intra_ayah:12:67:root:35
co-12_67-03857	12:67	w-s012-a067-w008	w-s012-a067-w018	د خ ل	ش ي ء	10	5	8	2	16	21	intra_ayah:12:67:root:35
co-12_67-03858	12:67	w-s012-a067-w004	w-s012-a067-w013	د خ ل	غ ن ي	9	3	6	2	4	6	intra_ayah:12:67:root:36
co-12_67-03859	12:67	w-s012-a067-w008	w-s012-a067-w013	د خ ل	غ ن ي	5	3	6	2	4	6	intra_ayah:12:67:root:36
co-12_67-03860	12:67	w-s012-a067-w004	w-s012-a067-w011	د خ ل	ف ر ق	7	2	5	2	1	2	intra_ayah:12:67:root:37
co-12_67-03861	12:67	w-s012-a067-w008	w-s012-a067-w011	د خ ل	ف ر ق	3	2	5	2	1	2	intra_ayah:12:67:root:37
co-12_67-03862	12:67	w-s012-a067-w004	w-s012-a067-w001	د خ ل	ق و ل	3	2	5	2	39	66	intra_ayah:12:67:root:38
co-12_67-03863	12:67	w-s012-a067-w008	w-s012-a067-w001	د خ ل	ق و ل	7	2	5	2	39	66	intra_ayah:12:67:root:38
co-12_67-03864	12:67	w-s012-a067-w004	w-s012-a067-w007	د خ ل	و ح د	3	1	2	2	2	3	intra_ayah:12:67:root:39
co-12_67-03865	12:67	w-s012-a067-w008	w-s012-a067-w007	د خ ل	و ح د	1	1	2	2	2	3	intra_ayah:12:67:root:39
co-12_67-03866	12:67	w-s012-a067-w016	w-s012-a067-w004	ء ل ه	د خ ل	12	4	10	4	48	88	intra_ayah:12:67:root:4
co-12_67-03867	12:67	w-s012-a067-w016	w-s012-a067-w008	ء ل ه	د خ ل	8	4	10	4	48	88	intra_ayah:12:67:root:4
co-12_67-03868	12:67	w-s012-a067-w022	w-s012-a067-w004	ء ل ه	د خ ل	18	4	10	4	48	88	intra_ayah:12:67:root:4
co-12_67-03869	12:67	w-s012-a067-w022	w-s012-a067-w008	ء ل ه	د خ ل	14	4	10	4	48	88	intra_ayah:12:67:root:4
co-12_67-03870	12:67	w-s012-a067-w004	w-s012-a067-w024	د خ ل	و ك ل	20	8	13	6	2	8	intra_ayah:12:67:root:40
co-12_67-03871	12:67	w-s012-a067-w004	w-s012-a067-w026	د خ ل	و ك ل	22	8	13	6	2	8	intra_ayah:12:67:root:40
co-12_67-03872	12:67	w-s012-a067-w004	w-s012-a067-w027	د خ ل	و ك ل	23	8	13	6	2	8	intra_ayah:12:67:root:40
co-12_67-03873	12:67	w-s012-a067-w008	w-s012-a067-w024	د خ ل	و ك ل	16	8	13	6	2	8	intra_ayah:12:67:root:40
co-12_67-03874	12:67	w-s012-a067-w008	w-s012-a067-w026	د خ ل	و ك ل	18	8	13	6	2	8	intra_ayah:12:67:root:40
co-12_67-03875	12:67	w-s012-a067-w008	w-s012-a067-w027	د خ ل	و ك ل	19	8	13	6	2	8	intra_ayah:12:67:root:40
co-12_67-03876	12:67	w-s012-a067-w018	w-s012-a067-w013	ش ي ء	غ ن ي	5	2	2	1	22	24	intra_ayah:12:67:root:41
co-12_67-03877	12:67	w-s012-a067-w018	w-s012-a067-w011	ش ي ء	ف ر ق	7	3	3	1	4	5	intra_ayah:12:67:root:42
co-12_67-03878	12:67	w-s012-a067-w018	w-s012-a067-w001	ش ي ء	ق و ل	17	10	10	1	113	199	intra_ayah:12:67:root:43
co-12_67-03879	12:67	w-s012-a067-w018	w-s012-a067-w007	ش ي ء	و ح د	11	6	6	1	12	15	intra_ayah:12:67:root:44
co-12_67-03880	12:67	w-s012-a067-w018	w-s012-a067-w024	ش ي ء	و ك ل	6	3	5	3	14	20	intra_ayah:12:67:root:45
co-12_67-03881	12:67	w-s012-a067-w018	w-s012-a067-w026	ش ي ء	و ك ل	8	3	5	3	14	20	intra_ayah:12:67:root:45
co-12_67-03882	12:67	w-s012-a067-w018	w-s012-a067-w027	ش ي ء	و ك ل	9	3	5	3	14	20	intra_ayah:12:67:root:45
co-12_67-03883	12:67	w-s012-a067-w013	w-s012-a067-w011	غ ن ي	ف ر ق	2	1	1	1	2	2	intra_ayah:12:67:root:46
co-12_67-03884	12:67	w-s012-a067-w013	w-s012-a067-w001	غ ن ي	ق و ل	12	8	8	1	15	23	intra_ayah:12:67:root:47
co-12_67-03885	12:67	w-s012-a067-w013	w-s012-a067-w007	غ ن ي	و ح د	6	4	4	1	1	1	intra_ayah:12:67:root:48
co-12_67-03886	12:67	w-s012-a067-w013	w-s012-a067-w024	غ ن ي	و ك ل	11	5	7	3	1	3	intra_ayah:12:67:root:49
co-12_67-03887	12:67	w-s012-a067-w013	w-s012-a067-w026	غ ن ي	و ك ل	13	5	7	3	1	3	intra_ayah:12:67:root:49
co-12_67-03888	12:67	w-s012-a067-w013	w-s012-a067-w027	غ ن ي	و ك ل	14	5	7	3	1	3	intra_ayah:12:67:root:49
co-12_67-03889	12:67	w-s012-a067-w016	w-s012-a067-w018	ء ل ه	ش ي ء	2	1	2	2	282	596	intra_ayah:12:67:root:5
co-12_67-03890	12:67	w-s012-a067-w022	w-s012-a067-w018	ء ل ه	ش ي ء	4	1	2	2	282	596	intra_ayah:12:67:root:5
co-12_67-03891	12:67	w-s012-a067-w011	w-s012-a067-w001	ف ر ق	ق و ل	10	7	7	1	15	21	intra_ayah:12:67:root:50
co-12_67-03892	12:67	w-s012-a067-w011	w-s012-a067-w007	ف ر ق	و ح د	4	3	3	1	2	2	intra_ayah:12:67:root:51
co-12_67-03893	12:67	w-s012-a067-w011	w-s012-a067-w024	ف ر ق	و ك ل	13	6	8	3	1	3	intra_ayah:12:67:root:52
co-12_67-03894	12:67	w-s012-a067-w011	w-s012-a067-w026	ف ر ق	و ك ل	15	6	8	3	1	3	intra_ayah:12:67:root:52
co-12_67-03895	12:67	w-s012-a067-w011	w-s012-a067-w027	ف ر ق	و ك ل	16	6	8	3	1	3	intra_ayah:12:67:root:52
co-12_67-03896	12:67	w-s012-a067-w001	w-s012-a067-w007	ق و ل	و ح د	6	4	4	1	21	34	intra_ayah:12:67:root:53
co-12_67-03897	12:67	w-s012-a067-w001	w-s012-a067-w024	ق و ل	و ك ل	23	13	15	3	23	39	intra_ayah:12:67:root:54
co-12_67-03898	12:67	w-s012-a067-w001	w-s012-a067-w026	ق و ل	و ك ل	25	13	15	3	23	39	intra_ayah:12:67:root:54
co-12_67-03899	12:67	w-s012-a067-w001	w-s012-a067-w027	ق و ل	و ك ل	26	13	15	3	23	39	intra_ayah:12:67:root:54
co-12_67-03900	12:67	w-s012-a067-w007	w-s012-a067-w024	و ح د	و ك ل	17	9	11	3	3	5	intra_ayah:12:67:root:55
co-12_67-03901	12:67	w-s012-a067-w007	w-s012-a067-w026	و ح د	و ك ل	19	9	11	3	3	5	intra_ayah:12:67:root:55
co-12_67-03902	12:67	w-s012-a067-w007	w-s012-a067-w027	و ح د	و ك ل	20	9	11	3	3	5	intra_ayah:12:67:root:55
co-12_67-03903	12:67	w-s012-a067-w016	w-s012-a067-w013	ء ل ه	غ ن ي	3	1	4	2	43	76	intra_ayah:12:67:root:6
co-12_67-03904	12:67	w-s012-a067-w022	w-s012-a067-w013	ء ل ه	غ ن ي	9	1	4	2	43	76	intra_ayah:12:67:root:6
co-12_67-03905	12:67	w-s012-a067-w016	w-s012-a067-w011	ء ل ه	ف ر ق	5	2	5	2	31	49	intra_ayah:12:67:root:7
co-12_67-03906	12:67	w-s012-a067-w022	w-s012-a067-w011	ء ل ه	ف ر ق	11	2	5	2	31	49	intra_ayah:12:67:root:7
co-12_67-03907	12:67	w-s012-a067-w016	w-s012-a067-w001	ء ل ه	ق و ل	15	9	12	2	514	1188	intra_ayah:12:67:root:8
co-12_67-03908	12:67	w-s012-a067-w022	w-s012-a067-w001	ء ل ه	ق و ل	21	9	12	2	514	1188	intra_ayah:12:67:root:8
co-12_67-03909	12:67	w-s012-a067-w016	w-s012-a067-w007	ء ل ه	و ح د	9	5	8	2	43	92	intra_ayah:12:67:root:9
co-12_67-03910	12:67	w-s012-a067-w022	w-s012-a067-w007	ء ل ه	و ح د	15	5	8	2	43	92	intra_ayah:12:67:root:9
co-12_68-03911	12:68	w-s012-a068-w006	w-s012-a068-w012	ء ب و	ء ل ه	6	3	3	1	34	71	intra_ayah:12:68:root:1
co-12_68-03912	12:68	w-s012-a068-w006	w-s012-a068-w027	ء ب و	ك ث ر	21	10	10	1	4	4	intra_ayah:12:68:root:10
co-12_68-03913	12:68	w-s012-a068-w006	w-s012-a068-w008	ء ب و	ك و ن	2	1	1	1	40	69	intra_ayah:12:68:root:11
co-12_68-03914	12:68	w-s012-a068-w006	w-s012-a068-w018	ء ب و	ن ف س	12	6	6	1	3	4	intra_ayah:12:68:root:12
co-12_68-03915	12:68	w-s012-a068-w006	w-s012-a068-w028	ء ب و	ن و س	22	11	11	1	7	8	intra_ayah:12:68:root:13
co-12_68-03916	12:68	w-s012-a068-w012	w-s012-a068-w005	ء ل ه	ء م ر	7	4	4	1	112	224	intra_ayah:12:68:root:14
co-12_68-03917	12:68	w-s012-a068-w012	w-s012-a068-w016	ء ل ه	ح و ج	4	2	2	1	1	1	intra_ayah:12:68:root:15
co-12_68-03918	12:68	w-s012-a068-w012	w-s012-a068-w004	ء ل ه	ح ي ث	8	5	5	1	13	20	intra_ayah:12:68:root:16
co-12_68-03919	12:68	w-s012-a068-w012	w-s012-a068-w002	ء ل ه	د خ ل	10	6	6	1	48	88	intra_ayah:12:68:root:17
co-12_68-03920	12:68	w-s012-a068-w012	w-s012-a068-w014	ء ل ه	ش ي ء	2	1	1	1	282	596	intra_ayah:12:68:root:18
co-12_68-03921	12:68	w-s012-a068-w012	w-s012-a068-w023	ء ل ه	ع ل م	11	5	9	3	408	878	intra_ayah:12:68:root:19
co-12_68-03922	12:68	w-s012-a068-w012	w-s012-a068-w025	ء ل ه	ع ل م	13	5	9	3	408	878	intra_ayah:12:68:root:19
co-12_68-03923	12:68	w-s012-a068-w012	w-s012-a068-w030	ء ل ه	ع ل م	18	5	9	3	408	878	intra_ayah:12:68:root:19
co-12_68-03924	12:68	w-s012-a068-w006	w-s012-a068-w005	ء ب و	ء م ر	1	1	1	1	7	8	intra_ayah:12:68:root:2
co-12_68-03925	12:68	w-s012-a068-w012	w-s012-a068-w009	ء ل ه	غ ن ي	3	1	1	1	43	76	intra_ayah:12:68:root:20
co-12_68-03926	12:68	w-s012-a068-w012	w-s012-a068-w020	ء ل ه	ق ض ي	8	4	4	1	23	42	intra_ayah:12:68:root:21
co-12_68-03927	12:68	w-s012-a068-w012	w-s012-a068-w027	ء ل ه	ك ث ر	15	7	7	1	83	142	intra_ayah:12:68:root:22
co-12_68-03928	12:68	w-s012-a068-w012	w-s012-a068-w008	ء ل ه	ك و ن	4	2	2	1	441	974	intra_ayah:12:68:root:23
co-12_68-03929	12:68	w-s012-a068-w012	w-s012-a068-w018	ء ل ه	ن ف س	6	3	3	1	139	272	intra_ayah:12:68:root:24
co-12_68-03930	12:68	w-s012-a068-w012	w-s012-a068-w028	ء ل ه	ن و س	16	8	8	1	129	252	intra_ayah:12:68:root:25
co-12_68-03931	12:68	w-s012-a068-w005	w-s012-a068-w016	ء م ر	ح و ج	11	6	6	1	1	1	intra_ayah:12:68:root:26
co-12_68-03932	12:68	w-s012-a068-w005	w-s012-a068-w004	ء م ر	ح ي ث	1	1	1	1	6	6	intra_ayah:12:68:root:27
co-12_68-03933	12:68	w-s012-a068-w005	w-s012-a068-w002	ء م ر	د خ ل	3	2	2	1	1	1	intra_ayah:12:68:root:28
co-12_68-03934	12:68	w-s012-a068-w005	w-s012-a068-w014	ء م ر	ش ي ء	9	5	5	1	29	37	intra_ayah:12:68:root:29
co-12_68-03935	12:68	w-s012-a068-w006	w-s012-a068-w016	ء ب و	ح و ج	10	5	5	1	1	1	intra_ayah:12:68:root:3
co-12_68-03936	12:68	w-s012-a068-w005	w-s012-a068-w023	ء م ر	ع ل م	18	9	13	3	28	40	intra_ayah:12:68:root:30
co-12_68-03937	12:68	w-s012-a068-w005	w-s012-a068-w025	ء م ر	ع ل م	20	9	13	3	28	40	intra_ayah:12:68:root:30
co-12_68-03938	12:68	w-s012-a068-w005	w-s012-a068-w030	ء م ر	ع ل م	25	9	13	3	28	40	intra_ayah:12:68:root:30
co-12_68-03939	12:68	w-s012-a068-w005	w-s012-a068-w009	ء م ر	غ ن ي	4	3	3	1	4	4	intra_ayah:12:68:root:31
co-12_68-03940	12:68	w-s012-a068-w005	w-s012-a068-w020	ء م ر	ق ض ي	15	8	8	1	24	29	intra_ayah:12:68:root:32
co-12_68-03941	12:68	w-s012-a068-w005	w-s012-a068-w027	ء م ر	ك ث ر	22	11	11	1	9	9	intra_ayah:12:68:root:33
co-12_68-03942	12:68	w-s012-a068-w005	w-s012-a068-w008	ء م ر	ك و ن	3	2	2	1	59	92	intra_ayah:12:68:root:34
co-12_68-03943	12:68	w-s012-a068-w005	w-s012-a068-w018	ء م ر	ن ف س	13	7	7	1	20	28	intra_ayah:12:68:root:35
co-12_68-03944	12:68	w-s012-a068-w005	w-s012-a068-w028	ء م ر	ن و س	23	12	12	1	17	18	intra_ayah:12:68:root:36
co-12_68-03945	12:68	w-s012-a068-w016	w-s012-a068-w004	ح و ج	ح ي ث	12	7	7	1	1	1	intra_ayah:12:68:root:37
co-12_68-03946	12:68	w-s012-a068-w016	w-s012-a068-w002	ح و ج	د خ ل	14	8	8	1	1	1	intra_ayah:12:68:root:38
co-12_68-03947	12:68	w-s012-a068-w016	w-s012-a068-w014	ح و ج	ش ي ء	2	1	1	1	1	1	intra_ayah:12:68:root:39
co-12_68-03948	12:68	w-s012-a068-w006	w-s012-a068-w004	ء ب و	ح ي ث	2	2	2	1	2	2	intra_ayah:12:68:root:4
co-12_68-03949	12:68	w-s012-a068-w016	w-s012-a068-w023	ح و ج	ع ل م	7	3	7	3	1	3	intra_ayah:12:68:root:40
co-12_68-03950	12:68	w-s012-a068-w016	w-s012-a068-w025	ح و ج	ع ل م	9	3	7	3	1	3	intra_ayah:12:68:root:40
co-12_68-03951	12:68	w-s012-a068-w016	w-s012-a068-w030	ح و ج	ع ل م	14	3	7	3	1	3	intra_ayah:12:68:root:40
co-12_68-03952	12:68	w-s012-a068-w016	w-s012-a068-w009	ح و ج	غ ن ي	7	3	3	1	1	1	intra_ayah:12:68:root:41
co-12_68-03953	12:68	w-s012-a068-w016	w-s012-a068-w020	ح و ج	ق ض ي	4	2	2	1	1	1	intra_ayah:12:68:root:42
co-12_68-03954	12:68	w-s012-a068-w016	w-s012-a068-w027	ح و ج	ك ث ر	11	5	5	1	1	1	intra_ayah:12:68:root:43
co-12_68-03955	12:68	w-s012-a068-w016	w-s012-a068-w008	ح و ج	ك و ن	8	4	4	1	2	2	intra_ayah:12:68:root:44
co-12_68-03956	12:68	w-s012-a068-w016	w-s012-a068-w018	ح و ج	ن ف س	2	1	1	1	2	3	intra_ayah:12:68:root:45
co-12_68-03957	12:68	w-s012-a068-w016	w-s012-a068-w028	ح و ج	ن و س	12	6	6	1	1	1	intra_ayah:12:68:root:46
co-12_68-03958	12:68	w-s012-a068-w004	w-s012-a068-w002	ح ي ث	د خ ل	2	1	1	1	3	4	intra_ayah:12:68:root:47
co-12_68-03959	12:68	w-s012-a068-w004	w-s012-a068-w014	ح ي ث	ش ي ء	10	6	6	1	8	9	intra_ayah:12:68:root:48
co-12_68-03960	12:68	w-s012-a068-w004	w-s012-a068-w023	ح ي ث	ع ل م	19	10	14	3	5	7	intra_ayah:12:68:root:49
co-12_68-03961	12:68	w-s012-a068-w004	w-s012-a068-w025	ح ي ث	ع ل م	21	10	14	3	5	7	intra_ayah:12:68:root:49
co-12_68-03962	12:68	w-s012-a068-w004	w-s012-a068-w030	ح ي ث	ع ل م	26	10	14	3	5	7	intra_ayah:12:68:root:49
co-12_68-03963	12:68	w-s012-a068-w006	w-s012-a068-w002	ء ب و	د خ ل	4	3	3	1	6	8	intra_ayah:12:68:root:5
co-12_68-03964	12:68	w-s012-a068-w004	w-s012-a068-w009	ح ي ث	غ ن ي	5	4	4	1	1	1	intra_ayah:12:68:root:50
co-12_68-03965	12:68	w-s012-a068-w004	w-s012-a068-w020	ح ي ث	ق ض ي	16	9	9	1	1	1	intra_ayah:12:68:root:51
co-12_68-03966	12:68	w-s012-a068-w004	w-s012-a068-w027	ح ي ث	ك ث ر	23	12	12	1	1	1	intra_ayah:12:68:root:52
co-12_68-03967	12:68	w-s012-a068-w004	w-s012-a068-w008	ح ي ث	ك و ن	4	3	3	1	8	11	intra_ayah:12:68:root:53
co-12_68-03968	12:68	w-s012-a068-w004	w-s012-a068-w018	ح ي ث	ن ف س	14	8	8	1	1	1	intra_ayah:12:68:root:54
co-12_68-03969	12:68	w-s012-a068-w004	w-s012-a068-w028	ح ي ث	ن و س	24	13	13	1	3	4	intra_ayah:12:68:root:55
co-12_68-03970	12:68	w-s012-a068-w002	w-s012-a068-w014	د خ ل	ش ي ء	12	7	7	1	16	21	intra_ayah:12:68:root:56
co-12_68-03971	12:68	w-s012-a068-w002	w-s012-a068-w023	د خ ل	ع ل م	21	11	15	3	12	19	intra_ayah:12:68:root:57
co-12_68-03972	12:68	w-s012-a068-w002	w-s012-a068-w025	د خ ل	ع ل م	23	11	15	3	12	19	intra_ayah:12:68:root:57
co-12_68-03973	12:68	w-s012-a068-w002	w-s012-a068-w030	د خ ل	ع ل م	28	11	15	3	12	19	intra_ayah:12:68:root:57
co-12_68-03974	12:68	w-s012-a068-w002	w-s012-a068-w009	د خ ل	غ ن ي	7	5	5	1	4	6	intra_ayah:12:68:root:58
co-12_68-03975	12:68	w-s012-a068-w002	w-s012-a068-w020	د خ ل	ق ض ي	18	10	10	1	2	2	intra_ayah:12:68:root:59
co-12_68-03976	12:68	w-s012-a068-w006	w-s012-a068-w014	ء ب و	ش ي ء	8	4	4	1	16	23	intra_ayah:12:68:root:6
co-12_68-03977	12:68	w-s012-a068-w002	w-s012-a068-w027	د خ ل	ك ث ر	25	13	13	1	1	1	intra_ayah:12:68:root:60
co-12_68-03978	12:68	w-s012-a068-w002	w-s012-a068-w008	د خ ل	ك و ن	6	4	4	1	15	28	intra_ayah:12:68:root:61
co-12_68-03979	12:68	w-s012-a068-w002	w-s012-a068-w018	د خ ل	ن ف س	16	9	9	1	6	8	intra_ayah:12:68:root:62
co-12_68-03980	12:68	w-s012-a068-w002	w-s012-a068-w028	د خ ل	ن و س	26	14	14	1	3	3	intra_ayah:12:68:root:63
co-12_68-03981	12:68	w-s012-a068-w014	w-s012-a068-w023	ش ي ء	ع ل م	9	4	8	3	95	157	intra_ayah:12:68:root:64
co-12_68-03982	12:68	w-s012-a068-w014	w-s012-a068-w025	ش ي ء	ع ل م	11	4	8	3	95	157	intra_ayah:12:68:root:64
co-12_68-03983	12:68	w-s012-a068-w014	w-s012-a068-w030	ش ي ء	ع ل م	16	4	8	3	95	157	intra_ayah:12:68:root:64
co-12_68-03984	12:68	w-s012-a068-w014	w-s012-a068-w009	ش ي ء	غ ن ي	5	2	2	1	22	24	intra_ayah:12:68:root:65
co-12_68-03985	12:68	w-s012-a068-w014	w-s012-a068-w020	ش ي ء	ق ض ي	6	3	3	1	3	4	intra_ayah:12:68:root:66
co-12_68-03986	12:68	w-s012-a068-w014	w-s012-a068-w027	ش ي ء	ك ث ر	13	6	6	1	21	24	intra_ayah:12:68:root:67
co-12_68-03987	12:68	w-s012-a068-w014	w-s012-a068-w008	ش ي ء	ك و ن	6	3	3	1	98	144	intra_ayah:12:68:root:68
co-12_68-03988	12:68	w-s012-a068-w014	w-s012-a068-w018	ش ي ء	ن ف س	4	2	2	1	37	47	intra_ayah:12:68:root:69
co-12_68-03989	12:68	w-s012-a068-w006	w-s012-a068-w023	ء ب و	ع ل م	17	8	12	3	16	28	intra_ayah:12:68:root:7
co-12_68-03990	12:68	w-s012-a068-w006	w-s012-a068-w025	ء ب و	ع ل م	19	8	12	3	16	28	intra_ayah:12:68:root:7
co-12_68-03991	12:68	w-s012-a068-w006	w-s012-a068-w030	ء ب و	ع ل م	24	8	12	3	16	28	intra_ayah:12:68:root:7
co-12_68-03992	12:68	w-s012-a068-w014	w-s012-a068-w028	ش ي ء	ن و س	14	7	7	1	27	32	intra_ayah:12:68:root:70
co-12_68-03993	12:68	w-s012-a068-w023	w-s012-a068-w009	ع ل م	غ ن ي	14	6	10	3	14	16	intra_ayah:12:68:root:71
co-12_68-03994	12:68	w-s012-a068-w025	w-s012-a068-w009	ع ل م	غ ن ي	16	6	10	3	14	16	intra_ayah:12:68:root:71
co-12_68-03995	12:68	w-s012-a068-w030	w-s012-a068-w009	ع ل م	غ ن ي	21	6	10	3	14	16	intra_ayah:12:68:root:71
co-12_68-03996	12:68	w-s012-a068-w023	w-s012-a068-w020	ع ل م	ق ض ي	3	1	5	3	12	14	intra_ayah:12:68:root:72
co-12_68-03997	12:68	w-s012-a068-w025	w-s012-a068-w020	ع ل م	ق ض ي	5	1	5	3	12	14	intra_ayah:12:68:root:72
co-12_68-03998	12:68	w-s012-a068-w030	w-s012-a068-w020	ع ل م	ق ض ي	10	1	5	3	12	14	intra_ayah:12:68:root:72
co-12_68-03999	12:68	w-s012-a068-w023	w-s012-a068-w027	ع ل م	ك ث ر	4	1	2	3	42	55	intra_ayah:12:68:root:73
co-12_68-04000	12:68	w-s012-a068-w025	w-s012-a068-w027	ع ل م	ك ث ر	2	1	2	3	42	55	intra_ayah:12:68:root:73
co-12_68-04001	12:68	w-s012-a068-w030	w-s012-a068-w027	ع ل م	ك ث ر	3	1	2	3	42	55	intra_ayah:12:68:root:73
co-12_68-04002	12:68	w-s012-a068-w023	w-s012-a068-w008	ع ل م	ك و ن	15	7	11	3	157	243	intra_ayah:12:68:root:74
co-12_68-04003	12:68	w-s012-a068-w025	w-s012-a068-w008	ع ل م	ك و ن	17	7	11	3	157	243	intra_ayah:12:68:root:74
co-12_68-04004	12:68	w-s012-a068-w030	w-s012-a068-w008	ع ل م	ك و ن	22	7	11	3	157	243	intra_ayah:12:68:root:74
co-12_68-04005	12:68	w-s012-a068-w023	w-s012-a068-w018	ع ل م	ن ف س	5	2	6	3	45	81	intra_ayah:12:68:root:75
co-12_68-04006	12:68	w-s012-a068-w025	w-s012-a068-w018	ع ل م	ن ف س	7	2	6	3	45	81	intra_ayah:12:68:root:75
co-12_68-04007	12:68	w-s012-a068-w030	w-s012-a068-w018	ع ل م	ن ف س	12	2	6	3	45	81	intra_ayah:12:68:root:75
co-12_68-04008	12:68	w-s012-a068-w023	w-s012-a068-w028	ع ل م	ن و س	5	1	3	3	48	74	intra_ayah:12:68:root:76
co-12_68-04009	12:68	w-s012-a068-w025	w-s012-a068-w028	ع ل م	ن و س	3	1	3	3	48	74	intra_ayah:12:68:root:76
co-12_68-04010	12:68	w-s012-a068-w030	w-s012-a068-w028	ع ل م	ن و س	2	1	3	3	48	74	intra_ayah:12:68:root:76
co-12_68-04011	12:68	w-s012-a068-w009	w-s012-a068-w020	غ ن ي	ق ض ي	11	5	5	1	1	1	intra_ayah:12:68:root:77
co-12_68-04012	12:68	w-s012-a068-w009	w-s012-a068-w027	غ ن ي	ك ث ر	18	8	8	1	5	6	intra_ayah:12:68:root:78
co-12_68-04013	12:68	w-s012-a068-w009	w-s012-a068-w008	غ ن ي	ك و ن	1	1	1	1	24	32	intra_ayah:12:68:root:79
co-12_68-04014	12:68	w-s012-a068-w006	w-s012-a068-w009	ء ب و	غ ن ي	3	2	2	1	2	3	intra_ayah:12:68:root:8
co-12_68-04015	12:68	w-s012-a068-w009	w-s012-a068-w018	غ ن ي	ن ف س	9	4	4	1	7	7	intra_ayah:12:68:root:80
co-12_68-04016	12:68	w-s012-a068-w009	w-s012-a068-w028	غ ن ي	ن و س	19	9	9	1	6	6	intra_ayah:12:68:root:81
co-12_68-04017	12:68	w-s012-a068-w020	w-s012-a068-w027	ق ض ي	ك ث ر	7	3	3	1	2	2	intra_ayah:12:68:root:82
co-12_68-04018	12:68	w-s012-a068-w020	w-s012-a068-w008	ق ض ي	ك و ن	12	6	6	1	22	34	intra_ayah:12:68:root:83
co-12_68-04019	12:68	w-s012-a068-w020	w-s012-a068-w018	ق ض ي	ن ف س	2	1	1	1	6	7	intra_ayah:12:68:root:84
co-12_68-04020	12:68	w-s012-a068-w020	w-s012-a068-w028	ق ض ي	ن و س	8	4	4	1	6	7	intra_ayah:12:68:root:85
co-12_68-04021	12:68	w-s012-a068-w027	w-s012-a068-w008	ك ث ر	ك و ن	19	9	9	1	44	62	intra_ayah:12:68:root:86
co-12_68-04022	12:68	w-s012-a068-w027	w-s012-a068-w018	ك ث ر	ن ف س	9	4	4	1	9	10	intra_ayah:12:68:root:87
co-12_68-04023	12:68	w-s012-a068-w027	w-s012-a068-w028	ك ث ر	ن و س	1	1	1	1	37	46	intra_ayah:12:68:root:88
co-12_68-04024	12:68	w-s012-a068-w008	w-s012-a068-w018	ك و ن	ن ف س	10	5	5	1	87	117	intra_ayah:12:68:root:89
co-12_68-04025	12:68	w-s012-a068-w006	w-s012-a068-w020	ء ب و	ق ض ي	14	7	7	1	2	2	intra_ayah:12:68:root:9
co-12_68-04026	12:68	w-s012-a068-w008	w-s012-a068-w028	ك و ن	ن و س	20	10	10	1	52	81	intra_ayah:12:68:root:90
co-12_68-04027	12:68	w-s012-a068-w018	w-s012-a068-w028	ن ف س	ن و س	10	5	5	1	17	22	intra_ayah:12:68:root:91
co-12_69-04028	12:69	w-s012-a069-w007	w-s012-a069-w005	ء خ و	ء و ي	2	1	3	2	1	2	intra_ayah:12:69:root:1
co-12_69-04029	12:69	w-s012-a069-w011	w-s012-a069-w005	ء خ و	ء و ي	6	1	3	2	1	2	intra_ayah:12:69:root:1
co-12_69-04030	12:69	w-s012-a069-w005	w-s012-a069-w008	ء و ي	ق و ل	3	2	2	1	11	15	intra_ayah:12:69:root:10
co-12_69-04031	12:69	w-s012-a069-w005	w-s012-a069-w015	ء و ي	ك و ن	10	5	5	1	8	10	intra_ayah:12:69:root:11
co-12_69-04032	12:69	w-s012-a069-w013	w-s012-a069-w002	ب ء س	د خ ل	11	5	5	1	5	5	intra_ayah:12:69:root:12
co-12_69-04033	12:69	w-s012-a069-w013	w-s012-a069-w016	ب ء س	ع م ل	3	2	2	1	4	4	intra_ayah:12:69:root:13
co-12_69-04034	12:69	w-s012-a069-w013	w-s012-a069-w008	ب ء س	ق و ل	5	2	2	1	25	30	intra_ayah:12:69:root:14
co-12_69-04035	12:69	w-s012-a069-w013	w-s012-a069-w015	ب ء س	ك و ن	2	1	1	1	15	18	intra_ayah:12:69:root:15
co-12_69-04036	12:69	w-s012-a069-w002	w-s012-a069-w016	د خ ل	ع م ل	14	7	7	1	20	24	intra_ayah:12:69:root:16
co-12_69-04037	12:69	w-s012-a069-w002	w-s012-a069-w008	د خ ل	ق و ل	6	3	3	1	39	66	intra_ayah:12:69:root:17
co-12_69-04038	12:69	w-s012-a069-w002	w-s012-a069-w015	د خ ل	ك و ن	13	6	6	1	15	28	intra_ayah:12:69:root:18
co-12_69-04039	12:69	w-s012-a069-w016	w-s012-a069-w008	ع م ل	ق و ل	8	4	4	1	72	98	intra_ayah:12:69:root:19
co-12_69-04040	12:69	w-s012-a069-w007	w-s012-a069-w013	ء خ و	ب ء س	6	1	3	2	3	4	intra_ayah:12:69:root:2
co-12_69-04041	12:69	w-s012-a069-w011	w-s012-a069-w013	ء خ و	ب ء س	2	1	3	2	3	4	intra_ayah:12:69:root:2
co-12_69-04042	12:69	w-s012-a069-w016	w-s012-a069-w015	ع م ل	ك و ن	1	1	1	1	110	151	intra_ayah:12:69:root:20
co-12_69-04043	12:69	w-s012-a069-w008	w-s012-a069-w015	ق و ل	ك و ن	7	3	3	1	369	573	intra_ayah:12:69:root:21
co-12_69-04044	12:69	w-s012-a069-w007	w-s012-a069-w002	ء خ و	د خ ل	5	2	4	2	7	19	intra_ayah:12:69:root:3
co-12_69-04045	12:69	w-s012-a069-w011	w-s012-a069-w002	ء خ و	د خ ل	9	2	4	2	7	19	intra_ayah:12:69:root:3
co-12_69-04046	12:69	w-s012-a069-w007	w-s012-a069-w016	ء خ و	ع م ل	9	3	5	2	2	3	intra_ayah:12:69:root:4
co-12_69-04047	12:69	w-s012-a069-w011	w-s012-a069-w016	ء خ و	ع م ل	5	3	5	2	2	3	intra_ayah:12:69:root:4
co-12_69-04048	12:69	w-s012-a069-w007	w-s012-a069-w008	ء خ و	ق و ل	1	1	1	2	43	54	intra_ayah:12:69:root:5
co-12_69-04049	12:69	w-s012-a069-w011	w-s012-a069-w008	ء خ و	ق و ل	3	1	1	2	43	54	intra_ayah:12:69:root:5
co-12_69-04050	12:69	w-s012-a069-w007	w-s012-a069-w015	ء خ و	ك و ن	8	2	4	2	19	60	intra_ayah:12:69:root:6
co-12_69-04051	12:69	w-s012-a069-w011	w-s012-a069-w015	ء خ و	ك و ن	4	2	4	2	19	60	intra_ayah:12:69:root:6
co-12_69-04052	12:69	w-s012-a069-w005	w-s012-a069-w013	ء و ي	ب ء س	8	4	4	1	10	10	intra_ayah:12:69:root:7
co-12_69-04053	12:69	w-s012-a069-w005	w-s012-a069-w002	ء و ي	د خ ل	3	1	1	1	2	3	intra_ayah:12:69:root:8
co-12_69-04054	12:69	w-s012-a069-w005	w-s012-a069-w016	ء و ي	ع م ل	11	6	6	1	3	4	intra_ayah:12:69:root:9
co-12_70-04055	12:70	w-s012-a070-w008	w-s012-a070-w010	ء خ و	ء ذ ن	2	1	2	2	1	2	intra_ayah:12:70:root:1
co-12_70-04056	12:70	w-s012-a070-w008	w-s012-a070-w011	ء خ و	ء ذ ن	3	1	2	2	1	2	intra_ayah:12:70:root:1
co-12_70-04057	12:70	w-s012-a070-w010	w-s012-a070-w007	ء ذ ن	ر ح ل	3	2	3	2	1	2	intra_ayah:12:70:root:10
co-12_70-04058	12:70	w-s012-a070-w011	w-s012-a070-w007	ء ذ ن	ر ح ل	4	2	3	2	1	2	intra_ayah:12:70:root:10
co-12_70-04059	12:70	w-s012-a070-w010	w-s012-a070-w015	ء ذ ن	س ر ق	5	2	3	2	1	2	intra_ayah:12:70:root:11
co-12_70-04060	12:70	w-s012-a070-w011	w-s012-a070-w015	ء ذ ن	س ر ق	4	2	3	2	1	2	intra_ayah:12:70:root:11
co-12_70-04061	12:70	w-s012-a070-w010	w-s012-a070-w005	ء ذ ن	س ق ي	5	3	4	2	1	2	intra_ayah:12:70:root:12
co-12_70-04062	12:70	w-s012-a070-w011	w-s012-a070-w005	ء ذ ن	س ق ي	6	3	4	2	1	2	intra_ayah:12:70:root:12
co-12_70-04063	12:70	w-s012-a070-w010	w-s012-a070-w013	ء ذ ن	ع ي ر	3	1	2	2	1	2	intra_ayah:12:70:root:13
co-12_70-04064	12:70	w-s012-a070-w011	w-s012-a070-w013	ء ذ ن	ع ي ر	2	1	2	2	1	2	intra_ayah:12:70:root:13
co-12_70-04065	12:70	w-s012-a070-w004	w-s012-a070-w002	ج ع ل	ج ه ز	2	1	2	2	1	2	intra_ayah:12:70:root:14
co-12_70-04066	12:70	w-s012-a070-w004	w-s012-a070-w003	ج ع ل	ج ه ز	1	1	2	2	1	2	intra_ayah:12:70:root:14
co-12_70-04067	12:70	w-s012-a070-w004	w-s012-a070-w007	ج ع ل	ر ح ل	3	2	2	1	2	2	intra_ayah:12:70:root:15
co-12_70-04068	12:70	w-s012-a070-w004	w-s012-a070-w015	ج ع ل	س ر ق	11	7	7	1	1	1	intra_ayah:12:70:root:16
co-12_70-04069	12:70	w-s012-a070-w004	w-s012-a070-w005	ج ع ل	س ق ي	1	1	1	1	3	3	intra_ayah:12:70:root:17
co-12_70-04070	12:70	w-s012-a070-w004	w-s012-a070-w013	ج ع ل	ع ي ر	9	6	6	1	1	1	intra_ayah:12:70:root:18
co-12_70-04071	12:70	w-s012-a070-w002	w-s012-a070-w007	ج ه ز	ر ح ل	5	3	4	2	1	2	intra_ayah:12:70:root:19
co-12_70-04072	12:70	w-s012-a070-w003	w-s012-a070-w007	ج ه ز	ر ح ل	4	3	4	2	1	2	intra_ayah:12:70:root:19
co-12_70-04073	12:70	w-s012-a070-w008	w-s012-a070-w004	ء خ و	ج ع ل	4	3	3	1	8	8	intra_ayah:12:70:root:2
co-12_70-04074	12:70	w-s012-a070-w002	w-s012-a070-w015	ج ه ز	س ر ق	13	8	9	2	1	2	intra_ayah:12:70:root:20
co-12_70-04075	12:70	w-s012-a070-w003	w-s012-a070-w015	ج ه ز	س ر ق	12	8	9	2	1	2	intra_ayah:12:70:root:20
co-12_70-04076	12:70	w-s012-a070-w002	w-s012-a070-w005	ج ه ز	س ق ي	3	2	3	2	1	2	intra_ayah:12:70:root:21
co-12_70-04077	12:70	w-s012-a070-w003	w-s012-a070-w005	ج ه ز	س ق ي	2	2	3	2	1	2	intra_ayah:12:70:root:21
co-12_70-04078	12:70	w-s012-a070-w002	w-s012-a070-w013	ج ه ز	ع ي ر	11	7	8	2	1	2	intra_ayah:12:70:root:22
co-12_70-04079	12:70	w-s012-a070-w003	w-s012-a070-w013	ج ه ز	ع ي ر	10	7	8	2	1	2	intra_ayah:12:70:root:22
co-12_70-04080	12:70	w-s012-a070-w007	w-s012-a070-w015	ر ح ل	س ر ق	8	5	5	1	1	1	intra_ayah:12:70:root:23
co-12_70-04081	12:70	w-s012-a070-w007	w-s012-a070-w005	ر ح ل	س ق ي	2	1	1	1	1	1	intra_ayah:12:70:root:24
co-12_70-04082	12:70	w-s012-a070-w007	w-s012-a070-w013	ر ح ل	ع ي ر	6	4	4	1	1	1	intra_ayah:12:70:root:25
co-12_70-04083	12:70	w-s012-a070-w015	w-s012-a070-w005	س ر ق	س ق ي	10	6	6	1	1	1	intra_ayah:12:70:root:26
co-12_70-04084	12:70	w-s012-a070-w015	w-s012-a070-w013	س ر ق	ع ي ر	2	1	1	1	1	1	intra_ayah:12:70:root:27
co-12_70-04085	12:70	w-s012-a070-w005	w-s012-a070-w013	س ق ي	ع ي ر	8	5	5	1	1	1	intra_ayah:12:70:root:28
co-12_70-04086	12:70	w-s012-a070-w008	w-s012-a070-w002	ء خ و	ج ه ز	6	4	5	2	2	4	intra_ayah:12:70:root:3
co-12_70-04087	12:70	w-s012-a070-w008	w-s012-a070-w003	ء خ و	ج ه ز	5	4	5	2	2	4	intra_ayah:12:70:root:3
co-12_70-04088	12:70	w-s012-a070-w008	w-s012-a070-w007	ء خ و	ر ح ل	1	1	1	1	1	1	intra_ayah:12:70:root:4
co-12_70-04089	12:70	w-s012-a070-w008	w-s012-a070-w015	ء خ و	س ر ق	7	4	4	1	2	3	intra_ayah:12:70:root:5
co-12_70-04090	12:70	w-s012-a070-w008	w-s012-a070-w005	ء خ و	س ق ي	3	2	2	1	1	1	intra_ayah:12:70:root:6
co-12_70-04091	12:70	w-s012-a070-w008	w-s012-a070-w013	ء خ و	ع ي ر	5	3	3	1	1	1	intra_ayah:12:70:root:7
co-12_70-04092	12:70	w-s012-a070-w010	w-s012-a070-w004	ء ذ ن	ج ع ل	6	4	5	2	11	12	intra_ayah:12:70:root:8
co-12_70-04093	12:70	w-s012-a070-w011	w-s012-a070-w004	ء ذ ن	ج ع ل	7	4	5	2	11	12	intra_ayah:12:70:root:8
co-12_70-04094	12:70	w-s012-a070-w010	w-s012-a070-w002	ء ذ ن	ج ه ز	8	5	7	4	1	4	intra_ayah:12:70:root:9
co-12_70-04095	12:70	w-s012-a070-w010	w-s012-a070-w003	ء ذ ن	ج ه ز	7	5	7	4	1	4	intra_ayah:12:70:root:9
co-12_70-04096	12:70	w-s012-a070-w011	w-s012-a070-w002	ء ذ ن	ج ه ز	9	5	7	4	1	4	intra_ayah:12:70:root:9
co-12_70-04097	12:70	w-s012-a070-w011	w-s012-a070-w003	ء ذ ن	ج ه ز	8	5	7	4	1	4	intra_ayah:12:70:root:9
co-12_71-04098	12:71	w-s012-a071-w005	w-s012-a071-w002	ف ق د	ق ب ل	3	1	1	1	1	1	intra_ayah:12:71:root:1
co-12_71-04099	12:71	w-s012-a071-w005	w-s012-a071-w001	ف ق د	ق و ل	4	2	2	1	3	3	intra_ayah:12:71:root:2
co-12_71-04100	12:71	w-s012-a071-w002	w-s012-a071-w001	ق ب ل	ق و ل	1	1	1	1	86	123	intra_ayah:12:71:root:3
co-12_72-04101	12:72	w-s012-a072-w009	w-s012-a072-w006	ب ع ر	ج ي ء	3	2	2	1	1	1	intra_ayah:12:72:root:1
co-12_72-04102	12:72	w-s012-a072-w006	w-s012-a072-w003	ج ي ء	ص و ع	3	2	2	1	1	1	intra_ayah:12:72:root:10
co-12_72-04103	12:72	w-s012-a072-w006	w-s012-a072-w002	ج ي ء	ف ق د	4	3	3	1	1	1	intra_ayah:12:72:root:11
co-12_72-04104	12:72	w-s012-a072-w006	w-s012-a072-w001	ج ي ء	ق و ل	5	4	4	1	118	160	intra_ayah:12:72:root:12
co-12_72-04105	12:72	w-s012-a072-w006	w-s012-a072-w004	ج ي ء	م ل ك	2	1	1	1	8	8	intra_ayah:12:72:root:13
co-12_72-04106	12:72	w-s012-a072-w008	w-s012-a072-w012	ح م ل	ز ع م	4	2	2	1	1	1	intra_ayah:12:72:root:14
co-12_72-04107	12:72	w-s012-a072-w008	w-s012-a072-w003	ح م ل	ص و ع	5	3	3	1	1	1	intra_ayah:12:72:root:15
co-12_72-04108	12:72	w-s012-a072-w008	w-s012-a072-w002	ح م ل	ف ق د	6	4	4	1	1	1	intra_ayah:12:72:root:16
co-12_72-04109	12:72	w-s012-a072-w008	w-s012-a072-w001	ح م ل	ق و ل	7	5	5	1	12	18	intra_ayah:12:72:root:17
co-12_72-04110	12:72	w-s012-a072-w008	w-s012-a072-w004	ح م ل	م ل ك	4	2	2	1	4	5	intra_ayah:12:72:root:18
co-12_72-04111	12:72	w-s012-a072-w012	w-s012-a072-w003	ز ع م	ص و ع	9	5	5	1	1	1	intra_ayah:12:72:root:19
co-12_72-04112	12:72	w-s012-a072-w009	w-s012-a072-w008	ب ع ر	ح م ل	1	1	1	1	1	1	intra_ayah:12:72:root:2
co-12_72-04113	12:72	w-s012-a072-w012	w-s012-a072-w002	ز ع م	ف ق د	10	6	6	1	1	1	intra_ayah:12:72:root:20
co-12_72-04114	12:72	w-s012-a072-w012	w-s012-a072-w001	ز ع م	ق و ل	11	7	7	1	11	11	intra_ayah:12:72:root:21
co-12_72-04115	12:72	w-s012-a072-w012	w-s012-a072-w004	ز ع م	م ل ك	8	4	4	1	4	4	intra_ayah:12:72:root:22
co-12_72-04116	12:72	w-s012-a072-w003	w-s012-a072-w002	ص و ع	ف ق د	1	1	1	1	1	1	intra_ayah:12:72:root:23
co-12_72-04117	12:72	w-s012-a072-w003	w-s012-a072-w001	ص و ع	ق و ل	2	2	2	1	1	1	intra_ayah:12:72:root:24
co-12_72-04118	12:72	w-s012-a072-w003	w-s012-a072-w004	ص و ع	م ل ك	1	1	1	1	1	1	intra_ayah:12:72:root:25
co-12_72-04119	12:72	w-s012-a072-w002	w-s012-a072-w001	ف ق د	ق و ل	1	1	1	1	3	3	intra_ayah:12:72:root:26
co-12_72-04120	12:72	w-s012-a072-w002	w-s012-a072-w004	ف ق د	م ل ك	2	2	2	1	1	1	intra_ayah:12:72:root:27
co-12_72-04121	12:72	w-s012-a072-w001	w-s012-a072-w004	ق و ل	م ل ك	3	3	3	1	80	134	intra_ayah:12:72:root:28
co-12_72-04122	12:72	w-s012-a072-w009	w-s012-a072-w012	ب ع ر	ز ع م	3	1	1	1	1	1	intra_ayah:12:72:root:3
co-12_72-04123	12:72	w-s012-a072-w009	w-s012-a072-w003	ب ع ر	ص و ع	6	4	4	1	1	1	intra_ayah:12:72:root:4
co-12_72-04124	12:72	w-s012-a072-w009	w-s012-a072-w002	ب ع ر	ف ق د	7	5	5	1	1	1	intra_ayah:12:72:root:5
co-12_72-04125	12:72	w-s012-a072-w009	w-s012-a072-w001	ب ع ر	ق و ل	8	6	6	1	2	2	intra_ayah:12:72:root:6
co-12_72-04126	12:72	w-s012-a072-w009	w-s012-a072-w004	ب ع ر	م ل ك	5	3	3	1	1	1	intra_ayah:12:72:root:7
co-12_72-04127	12:72	w-s012-a072-w006	w-s012-a072-w008	ج ي ء	ح م ل	2	1	1	1	4	4	intra_ayah:12:72:root:8
co-12_72-04128	12:72	w-s012-a072-w006	w-s012-a072-w012	ج ي ء	ز ع م	6	3	3	1	3	4	intra_ayah:12:72:root:9
co-12_73-04129	12:73	w-s012-a073-w009	w-s012-a073-w002	ء ر ض	ء ل ه	7	4	4	1	215	380	intra_ayah:12:73:root:1
co-12_73-04130	12:73	w-s012-a073-w002	w-s012-a073-w004	ء ل ه	ع ل م	2	1	1	1	408	878	intra_ayah:12:73:root:10
co-12_73-04131	12:73	w-s012-a073-w002	w-s012-a073-w007	ء ل ه	ف س د	5	3	3	1	20	42	intra_ayah:12:73:root:11
co-12_73-04132	12:73	w-s012-a073-w002	w-s012-a073-w001	ء ل ه	ق و ل	1	1	1	1	514	1188	intra_ayah:12:73:root:12
co-12_73-04133	12:73	w-s012-a073-w002	w-s012-a073-w011	ء ل ه	ك و ن	9	5	5	1	441	974	intra_ayah:12:73:root:13
co-12_73-04134	12:73	w-s012-a073-w006	w-s012-a073-w012	ج ي ء	س ر ق	6	4	4	1	2	2	intra_ayah:12:73:root:14
co-12_73-04135	12:73	w-s012-a073-w006	w-s012-a073-w004	ج ي ء	ع ل م	2	1	1	1	38	43	intra_ayah:12:73:root:15
co-12_73-04136	12:73	w-s012-a073-w006	w-s012-a073-w007	ج ي ء	ف س د	1	1	1	1	4	4	intra_ayah:12:73:root:16
co-12_73-04137	12:73	w-s012-a073-w006	w-s012-a073-w001	ج ي ء	ق و ل	5	3	3	1	118	160	intra_ayah:12:73:root:17
co-12_73-04138	12:73	w-s012-a073-w006	w-s012-a073-w011	ج ي ء	ك و ن	5	3	3	1	73	97	intra_ayah:12:73:root:18
co-12_73-04139	12:73	w-s012-a073-w012	w-s012-a073-w004	س ر ق	ع ل م	8	5	5	1	3	4	intra_ayah:12:73:root:19
co-12_73-04140	12:73	w-s012-a073-w009	w-s012-a073-w006	ء ر ض	ج ي ء	3	2	2	1	14	17	intra_ayah:12:73:root:2
co-12_73-04141	12:73	w-s012-a073-w012	w-s012-a073-w007	س ر ق	ف س د	5	3	3	1	1	1	intra_ayah:12:73:root:20
co-12_73-04142	12:73	w-s012-a073-w012	w-s012-a073-w001	س ر ق	ق و ل	11	7	7	1	3	6	intra_ayah:12:73:root:21
co-12_73-04143	12:73	w-s012-a073-w012	w-s012-a073-w011	س ر ق	ك و ن	1	1	1	1	3	4	intra_ayah:12:73:root:22
co-12_73-04144	12:73	w-s012-a073-w004	w-s012-a073-w007	ع ل م	ف س د	3	2	2	1	7	9	intra_ayah:12:73:root:23
co-12_73-04145	12:73	w-s012-a073-w004	w-s012-a073-w001	ع ل م	ق و ل	3	2	2	1	230	414	intra_ayah:12:73:root:24
co-12_73-04146	12:73	w-s012-a073-w004	w-s012-a073-w011	ع ل م	ك و ن	7	4	4	1	157	243	intra_ayah:12:73:root:25
co-12_73-04147	12:73	w-s012-a073-w007	w-s012-a073-w001	ف س د	ق و ل	6	4	4	1	15	22	intra_ayah:12:73:root:26
co-12_73-04148	12:73	w-s012-a073-w007	w-s012-a073-w011	ف س د	ك و ن	4	2	2	1	12	14	intra_ayah:12:73:root:27
co-12_73-04149	12:73	w-s012-a073-w001	w-s012-a073-w011	ق و ل	ك و ن	10	6	6	1	369	573	intra_ayah:12:73:root:28
co-12_73-04150	12:73	w-s012-a073-w009	w-s012-a073-w012	ء ر ض	س ر ق	3	2	2	1	1	1	intra_ayah:12:73:root:3
co-12_73-04151	12:73	w-s012-a073-w009	w-s012-a073-w004	ء ر ض	ع ل م	5	3	3	1	85	119	intra_ayah:12:73:root:4
co-12_73-04152	12:73	w-s012-a073-w009	w-s012-a073-w007	ء ر ض	ف س د	2	1	1	1	31	37	intra_ayah:12:73:root:5
co-12_73-04153	12:73	w-s012-a073-w009	w-s012-a073-w001	ء ر ض	ق و ل	8	5	5	1	101	149	intra_ayah:12:73:root:6
co-12_73-04154	12:73	w-s012-a073-w009	w-s012-a073-w011	ء ر ض	ك و ن	2	1	1	1	91	149	intra_ayah:12:73:root:7
co-12_73-04155	12:73	w-s012-a073-w002	w-s012-a073-w006	ء ل ه	ج ي ء	4	2	2	1	97	161	intra_ayah:12:73:root:8
co-12_73-04156	12:73	w-s012-a073-w002	w-s012-a073-w012	ء ل ه	س ر ق	10	6	6	1	4	10	intra_ayah:12:73:root:9
co-12_74-04157	12:74	w-s012-a074-w003	w-s012-a074-w001	ج ز ي	ق و ل	2	1	1	1	18	25	intra_ayah:12:74:root:1
co-12_74-04158	12:74	w-s012-a074-w003	w-s012-a074-w006	ج ز ي	ك ذ ب	3	2	2	1	5	5	intra_ayah:12:74:root:2
co-12_74-04159	12:74	w-s012-a074-w003	w-s012-a074-w005	ج ز ي	ك و ن	2	1	1	1	41	46	intra_ayah:12:74:root:3
co-12_74-04160	12:74	w-s012-a074-w001	w-s012-a074-w006	ق و ل	ك ذ ب	5	3	3	1	56	76	intra_ayah:12:74:root:4
co-12_74-04161	12:74	w-s012-a074-w001	w-s012-a074-w005	ق و ل	ك و ن	4	2	2	1	369	573	intra_ayah:12:74:root:5
co-12_74-04162	12:74	w-s012-a074-w006	w-s012-a074-w005	ك ذ ب	ك و ن	1	1	1	1	64	82	intra_ayah:12:74:root:6
co-12_75-04163	12:75	w-s012-a075-w002	w-s012-a075-w006	ج ز ي	ر ح ل	4	1	2	3	1	3	intra_ayah:12:75:root:1
co-12_75-04164	12:75	w-s012-a075-w008	w-s012-a075-w006	ج ز ي	ر ح ل	2	1	2	3	1	3	intra_ayah:12:75:root:1
co-12_75-04165	12:75	w-s012-a075-w010	w-s012-a075-w006	ج ز ي	ر ح ل	4	1	2	3	1	3	intra_ayah:12:75:root:1
co-12_75-04166	12:75	w-s012-a075-w001	w-s012-a075-w004	ق و ل	و ج د	3	2	2	1	32	46	intra_ayah:12:75:root:10
co-12_75-04167	12:75	w-s012-a075-w002	w-s012-a075-w011	ج ز ي	ظ ل م	9	1	5	3	16	20	intra_ayah:12:75:root:2
co-12_75-04168	12:75	w-s012-a075-w008	w-s012-a075-w011	ج ز ي	ظ ل م	3	1	5	3	16	20	intra_ayah:12:75:root:2
co-12_75-04169	12:75	w-s012-a075-w010	w-s012-a075-w011	ج ز ي	ظ ل م	1	1	5	3	16	20	intra_ayah:12:75:root:2
co-12_75-04170	12:75	w-s012-a075-w002	w-s012-a075-w001	ج ز ي	ق و ل	1	1	5	3	18	25	intra_ayah:12:75:root:3
co-12_75-04171	12:75	w-s012-a075-w008	w-s012-a075-w001	ج ز ي	ق و ل	7	1	5	3	18	25	intra_ayah:12:75:root:3
co-12_75-04172	12:75	w-s012-a075-w010	w-s012-a075-w001	ج ز ي	ق و ل	9	1	5	3	18	25	intra_ayah:12:75:root:3
co-12_75-04173	12:75	w-s012-a075-w002	w-s012-a075-w004	ج ز ي	و ج د	2	1	3	3	2	4	intra_ayah:12:75:root:4
co-12_75-04174	12:75	w-s012-a075-w008	w-s012-a075-w004	ج ز ي	و ج د	4	1	3	3	2	4	intra_ayah:12:75:root:4
co-12_75-04175	12:75	w-s012-a075-w010	w-s012-a075-w004	ج ز ي	و ج د	6	1	3	3	2	4	intra_ayah:12:75:root:4
co-12_75-04176	12:75	w-s012-a075-w006	w-s012-a075-w011	ر ح ل	ظ ل م	5	3	3	1	1	1	intra_ayah:12:75:root:5
co-12_75-04177	12:75	w-s012-a075-w006	w-s012-a075-w001	ر ح ل	ق و ل	5	3	3	1	2	2	intra_ayah:12:75:root:6
co-12_75-04178	12:75	w-s012-a075-w006	w-s012-a075-w004	ر ح ل	و ج د	2	1	1	1	1	1	intra_ayah:12:75:root:7
co-12_75-04179	12:75	w-s012-a075-w011	w-s012-a075-w001	ظ ل م	ق و ل	10	6	6	1	79	119	intra_ayah:12:75:root:8
co-12_75-04180	12:75	w-s012-a075-w011	w-s012-a075-w004	ظ ل م	و ج د	7	4	4	1	6	7	intra_ayah:12:75:root:9
co-12_76-04181	12:76	w-s012-a076-w016	w-s012-a076-w005	ء خ ذ	ء خ و	11	1	6	3	5	7	intra_ayah:12:76:root:1
co-12_76-04182	12:76	w-s012-a076-w016	w-s012-a076-w010	ء خ ذ	ء خ و	6	1	6	3	5	7	intra_ayah:12:76:root:1
co-12_76-04183	12:76	w-s012-a076-w016	w-s012-a076-w017	ء خ ذ	ء خ و	1	1	6	3	5	7	intra_ayah:12:76:root:1
co-12_76-04184	12:76	w-s012-a076-w016	w-s012-a076-w029	ء خ ذ	ف و ق	13	9	9	1	6	8	intra_ayah:12:76:root:10
co-12_76-04185	12:76	w-s012-a076-w025	w-s012-a076-w002	ر ف ع	و ع ي	23	10	15	3	1	3	intra_ayah:12:76:root:100
co-12_76-04186	12:76	w-s012-a076-w025	w-s012-a076-w004	ر ف ع	و ع ي	21	10	15	3	1	3	intra_ayah:12:76:root:100
co-12_76-04187	12:76	w-s012-a076-w025	w-s012-a076-w009	ر ف ع	و ع ي	16	10	15	3	1	3	intra_ayah:12:76:root:100
co-12_76-04188	12:76	w-s012-a076-w023	w-s012-a076-w032	ش ي ء	ع ل م	9	3	8	4	95	157	intra_ayah:12:76:root:101
co-12_76-04189	12:76	w-s012-a076-w023	w-s012-a076-w033	ش ي ء	ع ل م	10	3	8	4	95	157	intra_ayah:12:76:root:101
co-12_76-04190	12:76	w-s012-a076-w028	w-s012-a076-w032	ش ي ء	ع ل م	4	3	8	4	95	157	intra_ayah:12:76:root:101
co-12_76-04191	12:76	w-s012-a076-w028	w-s012-a076-w033	ش ي ء	ع ل م	5	3	8	4	95	157	intra_ayah:12:76:root:101
co-12_76-04192	12:76	w-s012-a076-w023	w-s012-a076-w029	ش ي ء	ف و ق	6	1	5	2	3	4	intra_ayah:12:76:root:102
co-12_76-04193	12:76	w-s012-a076-w028	w-s012-a076-w029	ش ي ء	ف و ق	1	1	5	2	3	4	intra_ayah:12:76:root:102
co-12_76-04194	12:76	w-s012-a076-w023	w-s012-a076-w003	ش ي ء	ق ب ل	20	12	16	2	17	25	intra_ayah:12:76:root:103
co-12_76-04195	12:76	w-s012-a076-w028	w-s012-a076-w003	ش ي ء	ق ب ل	25	12	16	2	17	25	intra_ayah:12:76:root:103
co-12_76-04196	12:76	w-s012-a076-w023	w-s012-a076-w030	ش ي ء	ك ل ل	7	2	6	2	135	191	intra_ayah:12:76:root:104
co-12_76-04197	12:76	w-s012-a076-w028	w-s012-a076-w030	ش ي ء	ك ل ل	2	2	6	2	135	191	intra_ayah:12:76:root:104
co-12_76-04198	12:76	w-s012-a076-w023	w-s012-a076-w015	ش ي ء	ك و ن	8	5	9	2	98	144	intra_ayah:12:76:root:105
co-12_76-04199	12:76	w-s012-a076-w028	w-s012-a076-w015	ش ي ء	ك و ن	13	5	9	2	98	144	intra_ayah:12:76:root:105
co-12_76-04200	12:76	w-s012-a076-w023	w-s012-a076-w012	ش ي ء	ك ي د	11	6	10	2	3	4	intra_ayah:12:76:root:106
co-12_76-04201	12:76	w-s012-a076-w028	w-s012-a076-w012	ش ي ء	ك ي د	16	6	10	2	3	4	intra_ayah:12:76:root:106
co-12_76-04202	12:76	w-s012-a076-w023	w-s012-a076-w020	ش ي ء	م ل ك	3	1	5	2	47	87	intra_ayah:12:76:root:107
co-12_76-04203	12:76	w-s012-a076-w028	w-s012-a076-w020	ش ي ء	م ل ك	8	1	5	2	47	87	intra_ayah:12:76:root:107
co-12_76-04204	12:76	w-s012-a076-w023	w-s012-a076-w002	ش ي ء	و ع ي	21	8	17	6	1	6	intra_ayah:12:76:root:108
co-12_76-04205	12:76	w-s012-a076-w023	w-s012-a076-w004	ش ي ء	و ع ي	19	8	17	6	1	6	intra_ayah:12:76:root:108
co-12_76-04206	12:76	w-s012-a076-w023	w-s012-a076-w009	ش ي ء	و ع ي	14	8	17	6	1	6	intra_ayah:12:76:root:108
co-12_76-04207	12:76	w-s012-a076-w028	w-s012-a076-w002	ش ي ء	و ع ي	26	8	17	6	1	6	intra_ayah:12:76:root:108
co-12_76-04208	12:76	w-s012-a076-w028	w-s012-a076-w004	ش ي ء	و ع ي	24	8	17	6	1	6	intra_ayah:12:76:root:108
co-12_76-04209	12:76	w-s012-a076-w028	w-s012-a076-w009	ش ي ء	و ع ي	19	8	17	6	1	6	intra_ayah:12:76:root:108
co-12_76-04210	12:76	w-s012-a076-w032	w-s012-a076-w029	ع ل م	ف و ق	3	2	3	2	3	4	intra_ayah:12:76:root:109
co-12_76-04211	12:76	w-s012-a076-w033	w-s012-a076-w029	ع ل م	ف و ق	4	2	3	2	3	4	intra_ayah:12:76:root:109
co-12_76-04212	12:76	w-s012-a076-w016	w-s012-a076-w003	ء خ ذ	ق ب ل	13	8	8	1	19	21	intra_ayah:12:76:root:11
co-12_76-04213	12:76	w-s012-a076-w032	w-s012-a076-w003	ع ل م	ق ب ل	29	19	20	2	45	54	intra_ayah:12:76:root:110
co-12_76-04214	12:76	w-s012-a076-w033	w-s012-a076-w003	ع ل م	ق ب ل	30	19	20	2	45	54	intra_ayah:12:76:root:110
co-12_76-04215	12:76	w-s012-a076-w032	w-s012-a076-w030	ع ل م	ك ل ل	2	1	2	2	73	97	intra_ayah:12:76:root:111
co-12_76-04216	12:76	w-s012-a076-w033	w-s012-a076-w030	ع ل م	ك ل ل	3	1	2	2	73	97	intra_ayah:12:76:root:111
co-12_76-04217	12:76	w-s012-a076-w032	w-s012-a076-w015	ع ل م	ك و ن	17	12	13	2	157	243	intra_ayah:12:76:root:112
co-12_76-04218	12:76	w-s012-a076-w033	w-s012-a076-w015	ع ل م	ك و ن	18	12	13	2	157	243	intra_ayah:12:76:root:112
co-12_76-04219	12:76	w-s012-a076-w032	w-s012-a076-w012	ع ل م	ك ي د	20	13	14	2	4	5	intra_ayah:12:76:root:113
co-12_76-04220	12:76	w-s012-a076-w033	w-s012-a076-w012	ع ل م	ك ي د	21	13	14	2	4	5	intra_ayah:12:76:root:113
co-12_76-04221	12:76	w-s012-a076-w032	w-s012-a076-w020	ع ل م	م ل ك	12	8	9	2	35	58	intra_ayah:12:76:root:114
co-12_76-04222	12:76	w-s012-a076-w033	w-s012-a076-w020	ع ل م	م ل ك	13	8	9	2	35	58	intra_ayah:12:76:root:114
co-12_76-04223	12:76	w-s012-a076-w032	w-s012-a076-w002	ع ل م	و ع ي	30	15	21	6	2	7	intra_ayah:12:76:root:115
co-12_76-04224	12:76	w-s012-a076-w032	w-s012-a076-w004	ع ل م	و ع ي	28	15	21	6	2	7	intra_ayah:12:76:root:115
co-12_76-04225	12:76	w-s012-a076-w032	w-s012-a076-w009	ع ل م	و ع ي	23	15	21	6	2	7	intra_ayah:12:76:root:115
co-12_76-04226	12:76	w-s012-a076-w033	w-s012-a076-w002	ع ل م	و ع ي	31	15	21	6	2	7	intra_ayah:12:76:root:115
co-12_76-04227	12:76	w-s012-a076-w033	w-s012-a076-w004	ع ل م	و ع ي	29	15	21	6	2	7	intra_ayah:12:76:root:115
co-12_76-04228	12:76	w-s012-a076-w033	w-s012-a076-w009	ع ل م	و ع ي	24	15	21	6	2	7	intra_ayah:12:76:root:115
co-12_76-04229	12:76	w-s012-a076-w029	w-s012-a076-w003	ف و ق	ق ب ل	26	17	17	1	2	2	intra_ayah:12:76:root:116
co-12_76-04230	12:76	w-s012-a076-w029	w-s012-a076-w030	ف و ق	ك ل ل	1	1	1	1	4	4	intra_ayah:12:76:root:117
co-12_76-04231	12:76	w-s012-a076-w029	w-s012-a076-w015	ف و ق	ك و ن	14	10	10	1	8	13	intra_ayah:12:76:root:118
co-12_76-04232	12:76	w-s012-a076-w029	w-s012-a076-w012	ف و ق	ك ي د	17	11	11	1	1	1	intra_ayah:12:76:root:119
co-12_76-04233	12:76	w-s012-a076-w016	w-s012-a076-w030	ء خ ذ	ك ل ل	14	10	10	1	21	29	intra_ayah:12:76:root:12
co-12_76-04234	12:76	w-s012-a076-w029	w-s012-a076-w020	ف و ق	م ل ك	9	6	6	1	4	4	intra_ayah:12:76:root:120
co-12_76-04235	12:76	w-s012-a076-w029	w-s012-a076-w002	ف و ق	و ع ي	27	13	18	3	1	3	intra_ayah:12:76:root:121
co-12_76-04236	12:76	w-s012-a076-w029	w-s012-a076-w004	ف و ق	و ع ي	25	13	18	3	1	3	intra_ayah:12:76:root:121
co-12_76-04237	12:76	w-s012-a076-w029	w-s012-a076-w009	ف و ق	و ع ي	20	13	18	3	1	3	intra_ayah:12:76:root:121
co-12_76-04238	12:76	w-s012-a076-w003	w-s012-a076-w030	ق ب ل	ك ل ل	27	18	18	1	14	18	intra_ayah:12:76:root:122
co-12_76-04239	12:76	w-s012-a076-w003	w-s012-a076-w015	ق ب ل	ك و ن	12	7	7	1	105	134	intra_ayah:12:76:root:123
co-12_76-04240	12:76	w-s012-a076-w003	w-s012-a076-w012	ق ب ل	ك ي د	9	6	6	1	1	1	intra_ayah:12:76:root:124
co-12_76-04241	12:76	w-s012-a076-w003	w-s012-a076-w020	ق ب ل	م ل ك	17	11	11	1	9	9	intra_ayah:12:76:root:125
co-12_76-04242	12:76	w-s012-a076-w003	w-s012-a076-w002	ق ب ل	و ع ي	1	1	4	3	1	3	intra_ayah:12:76:root:126
co-12_76-04243	12:76	w-s012-a076-w003	w-s012-a076-w004	ق ب ل	و ع ي	1	1	4	3	1	3	intra_ayah:12:76:root:126
co-12_76-04244	12:76	w-s012-a076-w003	w-s012-a076-w009	ق ب ل	و ع ي	6	1	4	3	1	3	intra_ayah:12:76:root:126
co-12_76-04245	12:76	w-s012-a076-w030	w-s012-a076-w015	ك ل ل	ك و ن	15	11	11	1	77	125	intra_ayah:12:76:root:127
co-12_76-04246	12:76	w-s012-a076-w030	w-s012-a076-w012	ك ل ل	ك ي د	18	12	12	1	1	1	intra_ayah:12:76:root:128
co-12_76-04247	12:76	w-s012-a076-w030	w-s012-a076-w020	ك ل ل	م ل ك	10	7	7	1	31	37	intra_ayah:12:76:root:129
co-12_76-04248	12:76	w-s012-a076-w016	w-s012-a076-w015	ء خ ذ	ك و ن	1	1	1	1	61	98	intra_ayah:12:76:root:13
co-12_76-04249	12:76	w-s012-a076-w030	w-s012-a076-w002	ك ل ل	و ع ي	28	14	19	3	1	3	intra_ayah:12:76:root:130
co-12_76-04250	12:76	w-s012-a076-w030	w-s012-a076-w004	ك ل ل	و ع ي	26	14	19	3	1	3	intra_ayah:12:76:root:130
co-12_76-04251	12:76	w-s012-a076-w030	w-s012-a076-w009	ك ل ل	و ع ي	21	14	19	3	1	3	intra_ayah:12:76:root:130
co-12_76-04252	12:76	w-s012-a076-w015	w-s012-a076-w012	ك و ن	ك ي د	3	1	1	1	5	6	intra_ayah:12:76:root:131
co-12_76-04253	12:76	w-s012-a076-w015	w-s012-a076-w020	ك و ن	م ل ك	5	4	4	1	48	66	intra_ayah:12:76:root:132
co-12_76-04254	12:76	w-s012-a076-w015	w-s012-a076-w002	ك و ن	و ع ي	13	3	8	3	1	3	intra_ayah:12:76:root:133
co-12_76-04255	12:76	w-s012-a076-w015	w-s012-a076-w004	ك و ن	و ع ي	11	3	8	3	1	3	intra_ayah:12:76:root:133
co-12_76-04256	12:76	w-s012-a076-w015	w-s012-a076-w009	ك و ن	و ع ي	6	3	8	3	1	3	intra_ayah:12:76:root:133
co-12_76-04257	12:76	w-s012-a076-w012	w-s012-a076-w020	ك ي د	م ل ك	8	5	5	1	2	2	intra_ayah:12:76:root:134
co-12_76-04258	12:76	w-s012-a076-w012	w-s012-a076-w002	ك ي د	و ع ي	10	2	7	3	1	3	intra_ayah:12:76:root:135
co-12_76-04259	12:76	w-s012-a076-w012	w-s012-a076-w004	ك ي د	و ع ي	8	2	7	3	1	3	intra_ayah:12:76:root:135
co-12_76-04260	12:76	w-s012-a076-w012	w-s012-a076-w009	ك ي د	و ع ي	3	2	7	3	1	3	intra_ayah:12:76:root:135
co-12_76-04261	12:76	w-s012-a076-w020	w-s012-a076-w002	م ل ك	و ع ي	18	7	12	3	1	3	intra_ayah:12:76:root:136
co-12_76-04262	12:76	w-s012-a076-w020	w-s012-a076-w004	م ل ك	و ع ي	16	7	12	3	1	3	intra_ayah:12:76:root:136
co-12_76-04263	12:76	w-s012-a076-w020	w-s012-a076-w009	م ل ك	و ع ي	11	7	12	3	1	3	intra_ayah:12:76:root:136
co-12_76-04264	12:76	w-s012-a076-w016	w-s012-a076-w012	ء خ ذ	ك ي د	4	2	2	1	1	1	intra_ayah:12:76:root:14
co-12_76-04265	12:76	w-s012-a076-w016	w-s012-a076-w020	ء خ ذ	م ل ك	4	3	3	1	13	15	intra_ayah:12:76:root:15
co-12_76-04266	12:76	w-s012-a076-w016	w-s012-a076-w002	ء خ ذ	و ع ي	14	4	9	3	1	3	intra_ayah:12:76:root:16
co-12_76-04267	12:76	w-s012-a076-w016	w-s012-a076-w004	ء خ ذ	و ع ي	12	4	9	3	1	3	intra_ayah:12:76:root:16
co-12_76-04268	12:76	w-s012-a076-w016	w-s012-a076-w009	ء خ ذ	و ع ي	7	4	9	3	1	3	intra_ayah:12:76:root:16
co-12_76-04269	12:76	w-s012-a076-w005	w-s012-a076-w024	ء خ و	ء ل ه	19	4	11	3	32	84	intra_ayah:12:76:root:17
co-12_76-04270	12:76	w-s012-a076-w010	w-s012-a076-w024	ء خ و	ء ل ه	14	4	11	3	32	84	intra_ayah:12:76:root:17
co-12_76-04271	12:76	w-s012-a076-w017	w-s012-a076-w024	ء خ و	ء ل ه	7	4	11	3	32	84	intra_ayah:12:76:root:17
co-12_76-04272	12:76	w-s012-a076-w005	w-s012-a076-w001	ء خ و	ب د ء	4	4	11	3	1	3	intra_ayah:12:76:root:18
co-12_76-04273	12:76	w-s012-a076-w010	w-s012-a076-w001	ء خ و	ب د ء	9	4	11	3	1	3	intra_ayah:12:76:root:18
co-12_76-04274	12:76	w-s012-a076-w017	w-s012-a076-w001	ء خ و	ب د ء	16	4	11	3	1	3	intra_ayah:12:76:root:18
co-12_76-04275	12:76	w-s012-a076-w005	w-s012-a076-w007	ء خ و	خ ر ج	2	1	6	3	3	6	intra_ayah:12:76:root:19
co-12_76-04276	12:76	w-s012-a076-w010	w-s012-a076-w007	ء خ و	خ ر ج	3	1	6	3	3	6	intra_ayah:12:76:root:19
co-12_76-04277	12:76	w-s012-a076-w017	w-s012-a076-w007	ء خ و	خ ر ج	10	1	6	3	3	6	intra_ayah:12:76:root:19
co-12_76-04278	12:76	w-s012-a076-w016	w-s012-a076-w024	ء خ ذ	ء ل ه	8	5	5	1	113	204	intra_ayah:12:76:root:2
co-12_76-04279	12:76	w-s012-a076-w005	w-s012-a076-w026	ء خ و	د ر ج	21	6	13	3	1	3	intra_ayah:12:76:root:20
co-12_76-04280	12:76	w-s012-a076-w010	w-s012-a076-w026	ء خ و	د ر ج	16	6	13	3	1	3	intra_ayah:12:76:root:20
co-12_76-04281	12:76	w-s012-a076-w017	w-s012-a076-w026	ء خ و	د ر ج	9	6	13	3	1	3	intra_ayah:12:76:root:20
co-12_76-04282	12:76	w-s012-a076-w005	w-s012-a076-w019	ء خ و	د ي ن	14	1	8	3	5	12	intra_ayah:12:76:root:21
co-12_76-04283	12:76	w-s012-a076-w010	w-s012-a076-w019	ء خ و	د ي ن	9	1	8	3	5	12	intra_ayah:12:76:root:21
co-12_76-04284	12:76	w-s012-a076-w017	w-s012-a076-w019	ء خ و	د ي ن	2	1	8	3	5	12	intra_ayah:12:76:root:21
co-12_76-04285	12:76	w-s012-a076-w005	w-s012-a076-w025	ء خ و	ر ف ع	20	5	12	3	2	4	intra_ayah:12:76:root:22
co-12_76-04286	12:76	w-s012-a076-w010	w-s012-a076-w025	ء خ و	ر ف ع	15	5	12	3	2	4	intra_ayah:12:76:root:22
co-12_76-04287	12:76	w-s012-a076-w017	w-s012-a076-w025	ء خ و	ر ف ع	8	5	12	3	2	4	intra_ayah:12:76:root:22
co-12_76-04288	12:76	w-s012-a076-w005	w-s012-a076-w023	ء خ و	ش ي ء	18	3	14	6	7	15	intra_ayah:12:76:root:23
co-12_76-04289	12:76	w-s012-a076-w005	w-s012-a076-w028	ء خ و	ش ي ء	23	3	14	6	7	15	intra_ayah:12:76:root:23
co-12_76-04290	12:76	w-s012-a076-w010	w-s012-a076-w023	ء خ و	ش ي ء	13	3	14	6	7	15	intra_ayah:12:76:root:23
co-12_76-04291	12:76	w-s012-a076-w010	w-s012-a076-w028	ء خ و	ش ي ء	18	3	14	6	7	15	intra_ayah:12:76:root:23
co-12_76-04292	12:76	w-s012-a076-w017	w-s012-a076-w023	ء خ و	ش ي ء	6	3	14	6	7	15	intra_ayah:12:76:root:23
co-12_76-04293	12:76	w-s012-a076-w017	w-s012-a076-w028	ء خ و	ش ي ء	11	3	14	6	7	15	intra_ayah:12:76:root:23
co-12_76-04294	12:76	w-s012-a076-w005	w-s012-a076-w032	ء خ و	ع ل م	27	10	18	6	13	22	intra_ayah:12:76:root:24
co-12_76-04295	12:76	w-s012-a076-w005	w-s012-a076-w033	ء خ و	ع ل م	28	10	18	6	13	22	intra_ayah:12:76:root:24
co-12_76-04296	12:76	w-s012-a076-w010	w-s012-a076-w032	ء خ و	ع ل م	22	10	18	6	13	22	intra_ayah:12:76:root:24
co-12_76-04297	12:76	w-s012-a076-w010	w-s012-a076-w033	ء خ و	ع ل م	23	10	18	6	13	22	intra_ayah:12:76:root:24
co-12_76-04298	12:76	w-s012-a076-w017	w-s012-a076-w032	ء خ و	ع ل م	15	10	18	6	13	22	intra_ayah:12:76:root:24
co-12_76-04299	12:76	w-s012-a076-w017	w-s012-a076-w033	ء خ و	ع ل م	16	10	18	6	13	22	intra_ayah:12:76:root:24
co-12_76-04300	12:76	w-s012-a076-w005	w-s012-a076-w029	ء خ و	ف و ق	24	8	15	3	2	4	intra_ayah:12:76:root:25
co-12_76-04301	12:76	w-s012-a076-w010	w-s012-a076-w029	ء خ و	ف و ق	19	8	15	3	2	4	intra_ayah:12:76:root:25
co-12_76-04302	12:76	w-s012-a076-w017	w-s012-a076-w029	ء خ و	ف و ق	12	8	15	3	2	4	intra_ayah:12:76:root:25
co-12_76-04303	12:76	w-s012-a076-w005	w-s012-a076-w003	ء خ و	ق ب ل	2	2	9	3	7	9	intra_ayah:12:76:root:26
co-12_76-04304	12:76	w-s012-a076-w010	w-s012-a076-w003	ء خ و	ق ب ل	7	2	9	3	7	9	intra_ayah:12:76:root:26
co-12_76-04305	12:76	w-s012-a076-w017	w-s012-a076-w003	ء خ و	ق ب ل	14	2	9	3	7	9	intra_ayah:12:76:root:26
co-12_76-04306	12:76	w-s012-a076-w005	w-s012-a076-w030	ء خ و	ك ل ل	25	9	16	3	6	17	intra_ayah:12:76:root:27
co-12_76-04307	12:76	w-s012-a076-w010	w-s012-a076-w030	ء خ و	ك ل ل	20	9	16	3	6	17	intra_ayah:12:76:root:27
co-12_76-04308	12:76	w-s012-a076-w017	w-s012-a076-w030	ء خ و	ك ل ل	13	9	16	3	6	17	intra_ayah:12:76:root:27
co-12_76-04309	12:76	w-s012-a076-w005	w-s012-a076-w015	ء خ و	ك و ن	10	2	5	3	19	60	intra_ayah:12:76:root:28
co-12_76-04310	12:76	w-s012-a076-w010	w-s012-a076-w015	ء خ و	ك و ن	5	2	5	3	19	60	intra_ayah:12:76:root:28
co-12_76-04311	12:76	w-s012-a076-w017	w-s012-a076-w015	ء خ و	ك و ن	2	2	5	3	19	60	intra_ayah:12:76:root:28
co-12_76-04312	12:76	w-s012-a076-w005	w-s012-a076-w012	ء خ و	ك ي د	7	1	4	3	2	5	intra_ayah:12:76:root:29
co-12_76-04313	12:76	w-s012-a076-w010	w-s012-a076-w012	ء خ و	ك ي د	2	1	4	3	2	5	intra_ayah:12:76:root:29
co-12_76-04314	12:76	w-s012-a076-w017	w-s012-a076-w012	ء خ و	ك ي د	5	1	4	3	2	5	intra_ayah:12:76:root:29
co-12_76-04315	12:76	w-s012-a076-w016	w-s012-a076-w001	ء خ ذ	ب د ء	15	10	10	1	1	1	intra_ayah:12:76:root:3
co-12_76-04316	12:76	w-s012-a076-w005	w-s012-a076-w020	ء خ و	م ل ك	15	2	9	3	5	12	intra_ayah:12:76:root:30
co-12_76-04317	12:76	w-s012-a076-w010	w-s012-a076-w020	ء خ و	م ل ك	10	2	9	3	5	12	intra_ayah:12:76:root:30
co-12_76-04318	12:76	w-s012-a076-w017	w-s012-a076-w020	ء خ و	م ل ك	3	2	9	3	5	12	intra_ayah:12:76:root:30
co-12_76-04319	12:76	w-s012-a076-w005	w-s012-a076-w002	ء خ و	و ع ي	3	1	10	9	1	9	intra_ayah:12:76:root:31
co-12_76-04320	12:76	w-s012-a076-w005	w-s012-a076-w004	ء خ و	و ع ي	1	1	10	9	1	9	intra_ayah:12:76:root:31
co-12_76-04321	12:76	w-s012-a076-w005	w-s012-a076-w009	ء خ و	و ع ي	4	1	10	9	1	9	intra_ayah:12:76:root:31
co-12_76-04322	12:76	w-s012-a076-w010	w-s012-a076-w002	ء خ و	و ع ي	8	1	10	9	1	9	intra_ayah:12:76:root:31
co-12_76-04323	12:76	w-s012-a076-w010	w-s012-a076-w004	ء خ و	و ع ي	6	1	10	9	1	9	intra_ayah:12:76:root:31
co-12_76-04324	12:76	w-s012-a076-w010	w-s012-a076-w009	ء خ و	و ع ي	1	1	10	9	1	9	intra_ayah:12:76:root:31
co-12_76-04325	12:76	w-s012-a076-w017	w-s012-a076-w002	ء خ و	و ع ي	15	1	10	9	1	9	intra_ayah:12:76:root:31
co-12_76-04326	12:76	w-s012-a076-w017	w-s012-a076-w004	ء خ و	و ع ي	13	1	10	9	1	9	intra_ayah:12:76:root:31
co-12_76-04327	12:76	w-s012-a076-w017	w-s012-a076-w009	ء خ و	و ع ي	8	1	10	9	1	9	intra_ayah:12:76:root:31
co-12_76-04328	12:76	w-s012-a076-w024	w-s012-a076-w001	ء ل ه	ب د ء	23	15	15	1	8	12	intra_ayah:12:76:root:32
co-12_76-04329	12:76	w-s012-a076-w024	w-s012-a076-w007	ء ل ه	خ ر ج	17	10	10	1	66	121	intra_ayah:12:76:root:33
co-12_76-04330	12:76	w-s012-a076-w024	w-s012-a076-w026	ء ل ه	د ر ج	2	2	2	1	9	24	intra_ayah:12:76:root:34
co-12_76-04331	12:76	w-s012-a076-w024	w-s012-a076-w019	ء ل ه	د ي ن	5	3	3	1	53	122	intra_ayah:12:76:root:35
co-12_76-04332	12:76	w-s012-a076-w024	w-s012-a076-w025	ء ل ه	ر ف ع	1	1	1	1	8	14	intra_ayah:12:76:root:36
co-12_76-04333	12:76	w-s012-a076-w024	w-s012-a076-w023	ء ل ه	ش ي ء	1	1	3	2	282	596	intra_ayah:12:76:root:37
co-12_76-04334	12:76	w-s012-a076-w024	w-s012-a076-w028	ء ل ه	ش ي ء	4	1	3	2	282	596	intra_ayah:12:76:root:37
co-12_76-04335	12:76	w-s012-a076-w024	w-s012-a076-w032	ء ل ه	ع ل م	8	6	7	2	408	878	intra_ayah:12:76:root:38
co-12_76-04336	12:76	w-s012-a076-w024	w-s012-a076-w033	ء ل ه	ع ل م	9	6	7	2	408	878	intra_ayah:12:76:root:38
co-12_76-04337	12:76	w-s012-a076-w024	w-s012-a076-w029	ء ل ه	ف و ق	5	4	4	1	14	22	intra_ayah:12:76:root:39
co-12_76-04338	12:76	w-s012-a076-w016	w-s012-a076-w007	ء خ ذ	خ ر ج	9	5	5	1	5	6	intra_ayah:12:76:root:4
co-12_76-04339	12:76	w-s012-a076-w024	w-s012-a076-w003	ء ل ه	ق ب ل	21	13	13	1	98	148	intra_ayah:12:76:root:40
co-12_76-04340	12:76	w-s012-a076-w024	w-s012-a076-w030	ء ل ه	ك ل ل	6	5	5	1	149	285	intra_ayah:12:76:root:41
co-12_76-04341	12:76	w-s012-a076-w024	w-s012-a076-w015	ء ل ه	ك و ن	9	6	6	1	441	974	intra_ayah:12:76:root:42
co-12_76-04342	12:76	w-s012-a076-w024	w-s012-a076-w012	ء ل ه	ك ي د	12	7	7	1	8	8	intra_ayah:12:76:root:43
co-12_76-04343	12:76	w-s012-a076-w024	w-s012-a076-w020	ء ل ه	م ل ك	4	2	2	1	101	189	intra_ayah:12:76:root:44
co-12_76-04344	12:76	w-s012-a076-w024	w-s012-a076-w002	ء ل ه	و ع ي	22	9	14	3	2	4	intra_ayah:12:76:root:45
co-12_76-04345	12:76	w-s012-a076-w024	w-s012-a076-w004	ء ل ه	و ع ي	20	9	14	3	2	4	intra_ayah:12:76:root:45
co-12_76-04346	12:76	w-s012-a076-w024	w-s012-a076-w009	ء ل ه	و ع ي	15	9	14	3	2	4	intra_ayah:12:76:root:45
co-12_76-04347	12:76	w-s012-a076-w001	w-s012-a076-w007	ب د ء	خ ر ج	6	5	5	1	2	2	intra_ayah:12:76:root:46
co-12_76-04348	12:76	w-s012-a076-w001	w-s012-a076-w026	ب د ء	د ر ج	25	17	17	1	1	1	intra_ayah:12:76:root:47
co-12_76-04349	12:76	w-s012-a076-w001	w-s012-a076-w019	ب د ء	د ي ن	18	12	12	1	2	2	intra_ayah:12:76:root:48
co-12_76-04350	12:76	w-s012-a076-w001	w-s012-a076-w025	ب د ء	ر ف ع	24	16	16	1	1	1	intra_ayah:12:76:root:49
co-12_76-04351	12:76	w-s012-a076-w016	w-s012-a076-w026	ء خ ذ	د ر ج	10	7	7	1	2	2	intra_ayah:12:76:root:5
co-12_76-04352	12:76	w-s012-a076-w001	w-s012-a076-w023	ب د ء	ش ي ء	22	14	18	2	3	4	intra_ayah:12:76:root:50
co-12_76-04353	12:76	w-s012-a076-w001	w-s012-a076-w028	ب د ء	ش ي ء	27	14	18	2	3	4	intra_ayah:12:76:root:50
co-12_76-04354	12:76	w-s012-a076-w001	w-s012-a076-w032	ب د ء	ع ل م	31	21	22	2	1	2	intra_ayah:12:76:root:51
co-12_76-04355	12:76	w-s012-a076-w001	w-s012-a076-w033	ب د ء	ع ل م	32	21	22	2	1	2	intra_ayah:12:76:root:51
co-12_76-04356	12:76	w-s012-a076-w001	w-s012-a076-w029	ب د ء	ف و ق	28	19	19	1	1	1	intra_ayah:12:76:root:52
co-12_76-04357	12:76	w-s012-a076-w001	w-s012-a076-w003	ب د ء	ق ب ل	2	2	2	1	1	1	intra_ayah:12:76:root:53
co-12_76-04358	12:76	w-s012-a076-w001	w-s012-a076-w030	ب د ء	ك ل ل	29	20	20	1	4	4	intra_ayah:12:76:root:54
co-12_76-04359	12:76	w-s012-a076-w001	w-s012-a076-w015	ب د ء	ك و ن	14	9	9	1	5	5	intra_ayah:12:76:root:55
co-12_76-04360	12:76	w-s012-a076-w001	w-s012-a076-w012	ب د ء	ك ي د	11	8	8	1	1	1	intra_ayah:12:76:root:56
co-12_76-04361	12:76	w-s012-a076-w001	w-s012-a076-w020	ب د ء	م ل ك	19	13	13	1	1	1	intra_ayah:12:76:root:57
co-12_76-04362	12:76	w-s012-a076-w001	w-s012-a076-w002	ب د ء	و ع ي	1	1	6	3	1	3	intra_ayah:12:76:root:58
co-12_76-04363	12:76	w-s012-a076-w001	w-s012-a076-w004	ب د ء	و ع ي	3	1	6	3	1	3	intra_ayah:12:76:root:58
co-12_76-04364	12:76	w-s012-a076-w001	w-s012-a076-w009	ب د ء	و ع ي	8	1	6	3	1	3	intra_ayah:12:76:root:58
co-12_76-04365	12:76	w-s012-a076-w007	w-s012-a076-w026	خ ر ج	د ر ج	19	12	12	1	1	1	intra_ayah:12:76:root:59
co-12_76-04366	12:76	w-s012-a076-w016	w-s012-a076-w019	ء خ ذ	د ي ن	3	2	2	1	7	9	intra_ayah:12:76:root:6
co-12_76-04367	12:76	w-s012-a076-w007	w-s012-a076-w019	خ ر ج	د ي ن	12	7	7	1	4	6	intra_ayah:12:76:root:60
co-12_76-04368	12:76	w-s012-a076-w007	w-s012-a076-w025	خ ر ج	ر ف ع	18	11	11	1	2	2	intra_ayah:12:76:root:61
co-12_76-04369	12:76	w-s012-a076-w007	w-s012-a076-w023	خ ر ج	ش ي ء	16	9	13	2	10	18	intra_ayah:12:76:root:62
co-12_76-04370	12:76	w-s012-a076-w007	w-s012-a076-w028	خ ر ج	ش ي ء	21	9	13	2	10	18	intra_ayah:12:76:root:62
co-12_76-04371	12:76	w-s012-a076-w007	w-s012-a076-w032	خ ر ج	ع ل م	25	16	17	2	22	26	intra_ayah:12:76:root:63
co-12_76-04372	12:76	w-s012-a076-w007	w-s012-a076-w033	خ ر ج	ع ل م	26	16	17	2	22	26	intra_ayah:12:76:root:63
co-12_76-04373	12:76	w-s012-a076-w007	w-s012-a076-w029	خ ر ج	ف و ق	22	14	14	1	2	4	intra_ayah:12:76:root:64
co-12_76-04374	12:76	w-s012-a076-w007	w-s012-a076-w003	خ ر ج	ق ب ل	4	3	3	1	8	8	intra_ayah:12:76:root:65
co-12_76-04375	12:76	w-s012-a076-w007	w-s012-a076-w030	خ ر ج	ك ل ل	23	15	15	1	11	14	intra_ayah:12:76:root:66
co-12_76-04376	12:76	w-s012-a076-w007	w-s012-a076-w015	خ ر ج	ك و ن	8	4	4	1	36	44	intra_ayah:12:76:root:67
co-12_76-04377	12:76	w-s012-a076-w007	w-s012-a076-w012	خ ر ج	ك ي د	5	3	3	1	1	1	intra_ayah:12:76:root:68
co-12_76-04378	12:76	w-s012-a076-w007	w-s012-a076-w020	خ ر ج	م ل ك	13	8	8	1	6	7	intra_ayah:12:76:root:69
co-12_76-04379	12:76	w-s012-a076-w016	w-s012-a076-w025	ء خ ذ	ر ف ع	9	6	6	1	5	7	intra_ayah:12:76:root:7
co-12_76-04380	12:76	w-s012-a076-w007	w-s012-a076-w002	خ ر ج	و ع ي	5	1	4	3	1	3	intra_ayah:12:76:root:70
co-12_76-04381	12:76	w-s012-a076-w007	w-s012-a076-w004	خ ر ج	و ع ي	3	1	4	3	1	3	intra_ayah:12:76:root:70
co-12_76-04382	12:76	w-s012-a076-w007	w-s012-a076-w009	خ ر ج	و ع ي	2	1	4	3	1	3	intra_ayah:12:76:root:70
co-12_76-04383	12:76	w-s012-a076-w026	w-s012-a076-w019	د ر ج	د ي ن	7	5	5	1	1	1	intra_ayah:12:76:root:71
co-12_76-04384	12:76	w-s012-a076-w026	w-s012-a076-w025	د ر ج	ر ف ع	1	1	1	1	7	7	intra_ayah:12:76:root:72
co-12_76-04385	12:76	w-s012-a076-w026	w-s012-a076-w023	د ر ج	ش ي ء	3	1	3	2	4	6	intra_ayah:12:76:root:73
co-12_76-04386	12:76	w-s012-a076-w026	w-s012-a076-w028	د ر ج	ش ي ء	2	1	3	2	4	6	intra_ayah:12:76:root:73
co-12_76-04387	12:76	w-s012-a076-w026	w-s012-a076-w032	د ر ج	ع ل م	6	4	5	2	5	6	intra_ayah:12:76:root:74
co-12_76-04388	12:76	w-s012-a076-w026	w-s012-a076-w033	د ر ج	ع ل م	7	4	5	2	5	6	intra_ayah:12:76:root:74
co-12_76-04389	12:76	w-s012-a076-w026	w-s012-a076-w029	د ر ج	ف و ق	3	2	2	1	3	3	intra_ayah:12:76:root:75
co-12_76-04390	12:76	w-s012-a076-w026	w-s012-a076-w003	د ر ج	ق ب ل	23	15	15	1	2	2	intra_ayah:12:76:root:76
co-12_76-04391	12:76	w-s012-a076-w026	w-s012-a076-w030	د ر ج	ك ل ل	4	3	3	1	5	5	intra_ayah:12:76:root:77
co-12_76-04392	12:76	w-s012-a076-w026	w-s012-a076-w015	د ر ج	ك و ن	11	8	8	1	3	3	intra_ayah:12:76:root:78
co-12_76-04393	12:76	w-s012-a076-w026	w-s012-a076-w012	د ر ج	ك ي د	14	9	9	1	1	1	intra_ayah:12:76:root:79
co-12_76-04394	12:76	w-s012-a076-w016	w-s012-a076-w023	ء خ ذ	ش ي ء	7	4	8	2	26	34	intra_ayah:12:76:root:8
co-12_76-04395	12:76	w-s012-a076-w016	w-s012-a076-w028	ء خ ذ	ش ي ء	12	4	8	2	26	34	intra_ayah:12:76:root:8
co-12_76-04396	12:76	w-s012-a076-w026	w-s012-a076-w020	د ر ج	م ل ك	6	4	4	1	1	1	intra_ayah:12:76:root:80
co-12_76-04397	12:76	w-s012-a076-w026	w-s012-a076-w002	د ر ج	و ع ي	24	11	16	3	1	3	intra_ayah:12:76:root:81
co-12_76-04398	12:76	w-s012-a076-w026	w-s012-a076-w004	د ر ج	و ع ي	22	11	16	3	1	3	intra_ayah:12:76:root:81
co-12_76-04399	12:76	w-s012-a076-w026	w-s012-a076-w009	د ر ج	و ع ي	17	11	16	3	1	3	intra_ayah:12:76:root:81
co-12_76-04400	12:76	w-s012-a076-w019	w-s012-a076-w025	د ي ن	ر ف ع	6	4	4	1	1	1	intra_ayah:12:76:root:82
co-12_76-04401	12:76	w-s012-a076-w019	w-s012-a076-w023	د ي ن	ش ي ء	4	2	6	2	10	15	intra_ayah:12:76:root:83
co-12_76-04402	12:76	w-s012-a076-w019	w-s012-a076-w028	د ي ن	ش ي ء	9	2	6	2	10	15	intra_ayah:12:76:root:83
co-12_76-04403	12:76	w-s012-a076-w019	w-s012-a076-w032	د ي ن	ع ل م	13	9	10	2	16	27	intra_ayah:12:76:root:84
co-12_76-04404	12:76	w-s012-a076-w019	w-s012-a076-w033	د ي ن	ع ل م	14	9	10	2	16	27	intra_ayah:12:76:root:84
co-12_76-04405	12:76	w-s012-a076-w019	w-s012-a076-w029	د ي ن	ف و ق	10	7	7	1	2	2	intra_ayah:12:76:root:85
co-12_76-04406	12:76	w-s012-a076-w019	w-s012-a076-w003	د ي ن	ق ب ل	16	10	10	1	7	7	intra_ayah:12:76:root:86
co-12_76-04407	12:76	w-s012-a076-w019	w-s012-a076-w030	د ي ن	ك ل ل	11	8	8	1	16	25	intra_ayah:12:76:root:87
co-12_76-04408	12:76	w-s012-a076-w019	w-s012-a076-w015	د ي ن	ك و ن	4	3	3	1	25	59	intra_ayah:12:76:root:88
co-12_76-04409	12:76	w-s012-a076-w019	w-s012-a076-w012	د ي ن	ك ي د	7	4	4	1	1	1	intra_ayah:12:76:root:89
co-12_76-04410	12:76	w-s012-a076-w016	w-s012-a076-w032	ء خ ذ	ع ل م	16	11	12	2	24	33	intra_ayah:12:76:root:9
co-12_76-04411	12:76	w-s012-a076-w016	w-s012-a076-w033	ء خ ذ	ع ل م	17	11	12	2	24	33	intra_ayah:12:76:root:9
co-12_76-04412	12:76	w-s012-a076-w019	w-s012-a076-w020	د ي ن	م ل ك	1	1	1	1	2	2	intra_ayah:12:76:root:90
co-12_76-04413	12:76	w-s012-a076-w019	w-s012-a076-w002	د ي ن	و ع ي	17	6	11	3	1	3	intra_ayah:12:76:root:91
co-12_76-04414	12:76	w-s012-a076-w019	w-s012-a076-w004	د ي ن	و ع ي	15	6	11	3	1	3	intra_ayah:12:76:root:91
co-12_76-04415	12:76	w-s012-a076-w019	w-s012-a076-w009	د ي ن	و ع ي	10	6	11	3	1	3	intra_ayah:12:76:root:91
co-12_76-04416	12:76	w-s012-a076-w025	w-s012-a076-w023	ر ف ع	ش ي ء	2	2	2	2	6	8	intra_ayah:12:76:root:92
co-12_76-04417	12:76	w-s012-a076-w025	w-s012-a076-w028	ر ف ع	ش ي ء	3	2	2	2	6	8	intra_ayah:12:76:root:92
co-12_76-04418	12:76	w-s012-a076-w025	w-s012-a076-w032	ر ف ع	ع ل م	7	5	6	2	5	6	intra_ayah:12:76:root:93
co-12_76-04419	12:76	w-s012-a076-w025	w-s012-a076-w033	ر ف ع	ع ل م	8	5	6	2	5	6	intra_ayah:12:76:root:93
co-12_76-04420	12:76	w-s012-a076-w025	w-s012-a076-w029	ر ف ع	ف و ق	4	3	3	1	8	8	intra_ayah:12:76:root:94
co-12_76-04421	12:76	w-s012-a076-w025	w-s012-a076-w003	ر ف ع	ق ب ل	22	14	14	1	3	3	intra_ayah:12:76:root:95
co-12_76-04422	12:76	w-s012-a076-w025	w-s012-a076-w030	ر ف ع	ك ل ل	5	4	4	1	2	2	intra_ayah:12:76:root:96
co-12_76-04423	12:76	w-s012-a076-w025	w-s012-a076-w015	ر ف ع	ك و ن	10	7	7	1	6	6	intra_ayah:12:76:root:97
co-12_76-04424	12:76	w-s012-a076-w025	w-s012-a076-w012	ر ف ع	ك ي د	13	8	8	1	1	1	intra_ayah:12:76:root:98
co-12_76-04425	12:76	w-s012-a076-w025	w-s012-a076-w020	ر ف ع	م ل ك	5	3	3	1	1	1	intra_ayah:12:76:root:99
co-12_77-04426	12:77	w-s012-a077-w006	w-s012-a077-w021	ء خ و	ء ل ه	15	8	8	1	32	84	intra_ayah:12:77:root:1
co-12_77-04427	12:77	w-s012-a077-w006	w-s012-a077-w013	ء خ و	ن ف س	7	3	3	1	6	9	intra_ayah:12:77:root:10
co-12_77-04428	12:77	w-s012-a077-w006	w-s012-a077-w024	ء خ و	و ص ف	18	10	10	1	1	1	intra_ayah:12:77:root:11
co-12_77-04429	12:77	w-s012-a077-w021	w-s012-a077-w015	ء ل ه	ب د و	6	4	4	1	16	34	intra_ayah:12:77:root:12
co-12_77-04430	12:77	w-s012-a077-w021	w-s012-a077-w010	ء ل ه	س ر ر	11	6	6	1	18	23	intra_ayah:12:77:root:13
co-12_77-04431	12:77	w-s012-a077-w021	w-s012-a077-w003	ء ل ه	س ر ق	18	9	10	2	4	10	intra_ayah:12:77:root:14
co-12_77-04432	12:77	w-s012-a077-w021	w-s012-a077-w005	ء ل ه	س ر ق	16	9	10	2	4	10	intra_ayah:12:77:root:14
co-12_77-04433	12:77	w-s012-a077-w021	w-s012-a077-w019	ء ل ه	ش ر ر	2	2	2	1	9	14	intra_ayah:12:77:root:15
co-12_77-04434	12:77	w-s012-a077-w021	w-s012-a077-w022	ء ل ه	ع ل م	1	1	1	1	408	878	intra_ayah:12:77:root:16
co-12_77-04435	12:77	w-s012-a077-w021	w-s012-a077-w009	ء ل ه	ق ب ل	12	7	7	1	98	148	intra_ayah:12:77:root:17
co-12_77-04436	12:77	w-s012-a077-w021	w-s012-a077-w001	ء ل ه	ق و ل	20	3	11	2	514	1188	intra_ayah:12:77:root:18
co-12_77-04437	12:77	w-s012-a077-w021	w-s012-a077-w017	ء ل ه	ق و ل	4	3	11	2	514	1188	intra_ayah:12:77:root:18
co-12_77-04438	12:77	w-s012-a077-w021	w-s012-a077-w020	ء ل ه	ك و ن	1	1	1	1	441	974	intra_ayah:12:77:root:19
co-12_77-04439	12:77	w-s012-a077-w006	w-s012-a077-w015	ء خ و	ب د و	9	4	4	1	3	8	intra_ayah:12:77:root:2
co-12_77-04440	12:77	w-s012-a077-w021	w-s012-a077-w013	ء ل ه	ن ف س	8	5	5	1	139	272	intra_ayah:12:77:root:20
co-12_77-04441	12:77	w-s012-a077-w021	w-s012-a077-w024	ء ل ه	و ص ف	3	2	2	1	8	14	intra_ayah:12:77:root:21
co-12_77-04442	12:77	w-s012-a077-w015	w-s012-a077-w010	ب د و	س ر ر	5	2	2	1	1	1	intra_ayah:12:77:root:22
co-12_77-04443	12:77	w-s012-a077-w015	w-s012-a077-w003	ب د و	س ر ق	12	5	6	2	1	2	intra_ayah:12:77:root:23
co-12_77-04444	12:77	w-s012-a077-w015	w-s012-a077-w005	ب د و	س ر ق	10	5	6	2	1	2	intra_ayah:12:77:root:23
co-12_77-04445	12:77	w-s012-a077-w015	w-s012-a077-w019	ب د و	ش ر ر	4	2	2	1	1	1	intra_ayah:12:77:root:24
co-12_77-04446	12:77	w-s012-a077-w015	w-s012-a077-w022	ب د و	ع ل م	7	5	5	1	10	14	intra_ayah:12:77:root:25
co-12_77-04447	12:77	w-s012-a077-w015	w-s012-a077-w009	ب د و	ق ب ل	6	3	3	1	3	3	intra_ayah:12:77:root:26
co-12_77-04448	12:77	w-s012-a077-w015	w-s012-a077-w001	ب د و	ق و ل	14	1	7	2	12	22	intra_ayah:12:77:root:27
co-12_77-04449	12:77	w-s012-a077-w015	w-s012-a077-w017	ب د و	ق و ل	2	1	7	2	12	22	intra_ayah:12:77:root:27
co-12_77-04450	12:77	w-s012-a077-w015	w-s012-a077-w020	ب د و	ك و ن	5	3	3	1	15	18	intra_ayah:12:77:root:28
co-12_77-04451	12:77	w-s012-a077-w015	w-s012-a077-w013	ب د و	ن ف س	2	1	1	1	4	5	intra_ayah:12:77:root:29
co-12_77-04452	12:77	w-s012-a077-w006	w-s012-a077-w010	ء خ و	س ر ر	4	2	2	1	2	2	intra_ayah:12:77:root:3
co-12_77-04453	12:77	w-s012-a077-w015	w-s012-a077-w024	ب د و	و ص ف	9	6	6	1	1	1	intra_ayah:12:77:root:30
co-12_77-04454	12:77	w-s012-a077-w010	w-s012-a077-w003	س ر ر	س ر ق	7	3	4	2	1	2	intra_ayah:12:77:root:31
co-12_77-04455	12:77	w-s012-a077-w010	w-s012-a077-w005	س ر ر	س ر ق	5	3	4	2	1	2	intra_ayah:12:77:root:31
co-12_77-04456	12:77	w-s012-a077-w010	w-s012-a077-w019	س ر ر	ش ر ر	9	4	4	1	2	2	intra_ayah:12:77:root:32
co-12_77-04457	12:77	w-s012-a077-w010	w-s012-a077-w022	س ر ر	ع ل م	12	7	7	1	18	28	intra_ayah:12:77:root:33
co-12_77-04458	12:77	w-s012-a077-w010	w-s012-a077-w009	س ر ر	ق ب ل	1	1	1	1	4	4	intra_ayah:12:77:root:34
co-12_77-04459	12:77	w-s012-a077-w010	w-s012-a077-w001	س ر ر	ق و ل	9	3	5	2	15	20	intra_ayah:12:77:root:35
co-12_77-04460	12:77	w-s012-a077-w010	w-s012-a077-w017	س ر ر	ق و ل	7	3	5	2	15	20	intra_ayah:12:77:root:35
co-12_77-04461	12:77	w-s012-a077-w010	w-s012-a077-w020	س ر ر	ك و ن	10	5	5	1	6	6	intra_ayah:12:77:root:36
co-12_77-04462	12:77	w-s012-a077-w010	w-s012-a077-w013	س ر ر	ن ف س	3	1	1	1	4	5	intra_ayah:12:77:root:37
co-12_77-04463	12:77	w-s012-a077-w010	w-s012-a077-w024	س ر ر	و ص ف	14	8	8	1	1	1	intra_ayah:12:77:root:38
co-12_77-04464	12:77	w-s012-a077-w003	w-s012-a077-w019	س ر ق	ش ر ر	16	7	8	2	1	2	intra_ayah:12:77:root:39
co-12_77-04465	12:77	w-s012-a077-w005	w-s012-a077-w019	س ر ق	ش ر ر	14	7	8	2	1	2	intra_ayah:12:77:root:39
co-12_77-04466	12:77	w-s012-a077-w006	w-s012-a077-w003	ء خ و	س ر ق	3	1	2	2	2	3	intra_ayah:12:77:root:4
co-12_77-04467	12:77	w-s012-a077-w006	w-s012-a077-w005	ء خ و	س ر ق	1	1	2	2	2	3	intra_ayah:12:77:root:4
co-12_77-04468	12:77	w-s012-a077-w003	w-s012-a077-w022	س ر ق	ع ل م	19	10	11	2	3	4	intra_ayah:12:77:root:40
co-12_77-04469	12:77	w-s012-a077-w005	w-s012-a077-w022	س ر ق	ع ل م	17	10	11	2	3	4	intra_ayah:12:77:root:40
co-12_77-04470	12:77	w-s012-a077-w003	w-s012-a077-w009	س ر ق	ق ب ل	6	2	3	2	1	2	intra_ayah:12:77:root:41
co-12_77-04471	12:77	w-s012-a077-w005	w-s012-a077-w009	س ر ق	ق ب ل	4	2	3	2	1	2	intra_ayah:12:77:root:41
co-12_77-04472	12:77	w-s012-a077-w003	w-s012-a077-w001	س ر ق	ق و ل	2	1	7	4	3	6	intra_ayah:12:77:root:42
co-12_77-04473	12:77	w-s012-a077-w003	w-s012-a077-w017	س ر ق	ق و ل	14	1	7	4	3	6	intra_ayah:12:77:root:42
co-12_77-04474	12:77	w-s012-a077-w005	w-s012-a077-w001	س ر ق	ق و ل	4	1	7	4	3	6	intra_ayah:12:77:root:42
co-12_77-04475	12:77	w-s012-a077-w005	w-s012-a077-w017	س ر ق	ق و ل	12	1	7	4	3	6	intra_ayah:12:77:root:42
co-12_77-04476	12:77	w-s012-a077-w003	w-s012-a077-w020	س ر ق	ك و ن	17	8	9	2	3	4	intra_ayah:12:77:root:43
co-12_77-04477	12:77	w-s012-a077-w005	w-s012-a077-w020	س ر ق	ك و ن	15	8	9	2	3	4	intra_ayah:12:77:root:43
co-12_77-04478	12:77	w-s012-a077-w003	w-s012-a077-w013	س ر ق	ن ف س	10	4	5	2	1	2	intra_ayah:12:77:root:44
co-12_77-04479	12:77	w-s012-a077-w005	w-s012-a077-w013	س ر ق	ن ف س	8	4	5	2	1	2	intra_ayah:12:77:root:44
co-12_77-04480	12:77	w-s012-a077-w003	w-s012-a077-w024	س ر ق	و ص ف	21	11	12	2	1	2	intra_ayah:12:77:root:45
co-12_77-04481	12:77	w-s012-a077-w005	w-s012-a077-w024	س ر ق	و ص ف	19	11	12	2	1	2	intra_ayah:12:77:root:45
co-12_77-04482	12:77	w-s012-a077-w019	w-s012-a077-w022	ش ر ر	ع ل م	3	3	3	1	3	4	intra_ayah:12:77:root:46
co-12_77-04483	12:77	w-s012-a077-w019	w-s012-a077-w009	ش ر ر	ق ب ل	10	5	5	1	1	1	intra_ayah:12:77:root:47
co-12_77-04484	12:77	w-s012-a077-w019	w-s012-a077-w001	ش ر ر	ق و ل	18	1	9	2	5	7	intra_ayah:12:77:root:48
co-12_77-04485	12:77	w-s012-a077-w019	w-s012-a077-w017	ش ر ر	ق و ل	2	1	9	2	5	7	intra_ayah:12:77:root:48
co-12_77-04486	12:77	w-s012-a077-w019	w-s012-a077-w020	ش ر ر	ك و ن	1	1	1	1	8	10	intra_ayah:12:77:root:49
co-12_77-04487	12:77	w-s012-a077-w006	w-s012-a077-w019	ء خ و	ش ر ر	13	6	6	1	1	1	intra_ayah:12:77:root:5
co-12_77-04488	12:77	w-s012-a077-w019	w-s012-a077-w013	ش ر ر	ن ف س	6	3	3	1	2	2	intra_ayah:12:77:root:50
co-12_77-04489	12:77	w-s012-a077-w019	w-s012-a077-w024	ش ر ر	و ص ف	5	4	4	1	1	1	intra_ayah:12:77:root:51
co-12_77-04490	12:77	w-s012-a077-w022	w-s012-a077-w009	ع ل م	ق ب ل	13	8	8	1	45	54	intra_ayah:12:77:root:52
co-12_77-04491	12:77	w-s012-a077-w022	w-s012-a077-w001	ع ل م	ق و ل	21	4	12	2	230	414	intra_ayah:12:77:root:53
co-12_77-04492	12:77	w-s012-a077-w022	w-s012-a077-w017	ع ل م	ق و ل	5	4	12	2	230	414	intra_ayah:12:77:root:53
co-12_77-04493	12:77	w-s012-a077-w022	w-s012-a077-w020	ع ل م	ك و ن	2	2	2	1	157	243	intra_ayah:12:77:root:54
co-12_77-04494	12:77	w-s012-a077-w022	w-s012-a077-w013	ع ل م	ن ف س	9	6	6	1	45	81	intra_ayah:12:77:root:55
co-12_77-04495	12:77	w-s012-a077-w022	w-s012-a077-w024	ع ل م	و ص ف	2	1	1	1	4	4	intra_ayah:12:77:root:56
co-12_77-04496	12:77	w-s012-a077-w009	w-s012-a077-w001	ق ب ل	ق و ل	8	4	4	2	86	123	intra_ayah:12:77:root:57
co-12_77-04497	12:77	w-s012-a077-w009	w-s012-a077-w017	ق ب ل	ق و ل	8	4	4	2	86	123	intra_ayah:12:77:root:57
co-12_77-04498	12:77	w-s012-a077-w009	w-s012-a077-w020	ق ب ل	ك و ن	11	6	6	1	105	134	intra_ayah:12:77:root:58
co-12_77-04499	12:77	w-s012-a077-w009	w-s012-a077-w013	ق ب ل	ن ف س	4	2	2	1	19	22	intra_ayah:12:77:root:59
co-12_77-04500	12:77	w-s012-a077-w006	w-s012-a077-w022	ء خ و	ع ل م	16	9	9	1	13	22	intra_ayah:12:77:root:6
co-12_77-04501	12:77	w-s012-a077-w009	w-s012-a077-w024	ق ب ل	و ص ف	15	9	9	1	1	1	intra_ayah:12:77:root:60
co-12_77-04502	12:77	w-s012-a077-w001	w-s012-a077-w020	ق و ل	ك و ن	19	2	10	2	369	573	intra_ayah:12:77:root:61
co-12_77-04503	12:77	w-s012-a077-w017	w-s012-a077-w020	ق و ل	ك و ن	3	2	10	2	369	573	intra_ayah:12:77:root:61
co-12_77-04504	12:77	w-s012-a077-w001	w-s012-a077-w013	ق و ل	ن ف س	12	2	6	2	67	123	intra_ayah:12:77:root:62
co-12_77-04505	12:77	w-s012-a077-w017	w-s012-a077-w013	ق و ل	ن ف س	4	2	6	2	67	123	intra_ayah:12:77:root:62
co-12_77-04506	12:77	w-s012-a077-w001	w-s012-a077-w024	ق و ل	و ص ف	23	5	13	2	5	6	intra_ayah:12:77:root:63
co-12_77-04507	12:77	w-s012-a077-w017	w-s012-a077-w024	ق و ل	و ص ف	7	5	13	2	5	6	intra_ayah:12:77:root:63
co-12_77-04508	12:77	w-s012-a077-w020	w-s012-a077-w013	ك و ن	ن ف س	7	4	4	1	87	117	intra_ayah:12:77:root:64
co-12_77-04509	12:77	w-s012-a077-w020	w-s012-a077-w024	ك و ن	و ص ف	4	3	3	1	4	4	intra_ayah:12:77:root:65
co-12_77-04510	12:77	w-s012-a077-w013	w-s012-a077-w024	ن ف س	و ص ف	11	7	7	1	2	2	intra_ayah:12:77:root:66
co-12_77-04511	12:77	w-s012-a077-w006	w-s012-a077-w009	ء خ و	ق ب ل	3	1	1	1	7	9	intra_ayah:12:77:root:7
co-12_77-04512	12:77	w-s012-a077-w006	w-s012-a077-w001	ء خ و	ق و ل	5	3	5	2	43	54	intra_ayah:12:77:root:8
co-12_77-04513	12:77	w-s012-a077-w006	w-s012-a077-w017	ء خ و	ق و ل	11	3	5	2	43	54	intra_ayah:12:77:root:8
co-12_77-04514	12:77	w-s012-a077-w006	w-s012-a077-w020	ء خ و	ك و ن	14	7	7	1	19	60	intra_ayah:12:77:root:9
co-12_78-04515	12:78	w-s012-a078-w006	w-s012-a078-w010	ء ب و	ء ح د	4	4	4	1	5	6	intra_ayah:12:78:root:1
co-12_78-04516	12:78	w-s012-a078-w010	w-s012-a078-w009	ء ح د	ء خ ذ	1	1	1	1	2	3	intra_ayah:12:78:root:10
co-12_78-04517	12:78	w-s012-a078-w010	w-s012-a078-w015	ء ح د	ح س ن	5	3	3	1	4	4	intra_ayah:12:78:root:11
co-12_78-04518	12:78	w-s012-a078-w010	w-s012-a078-w013	ء ح د	ر ء ي	3	2	2	1	9	12	intra_ayah:12:78:root:12
co-12_78-04519	12:78	w-s012-a078-w010	w-s012-a078-w007	ء ح د	ش ي خ	3	3	3	1	1	1	intra_ayah:12:78:root:13
co-12_78-04520	12:78	w-s012-a078-w010	w-s012-a078-w003	ء ح د	ع ز ز	7	5	5	1	1	1	intra_ayah:12:78:root:14
co-12_78-04521	12:78	w-s012-a078-w010	w-s012-a078-w001	ء ح د	ق و ل	9	6	6	1	37	56	intra_ayah:12:78:root:15
co-12_78-04522	12:78	w-s012-a078-w010	w-s012-a078-w008	ء ح د	ك ب ر	2	2	2	1	6	7	intra_ayah:12:78:root:16
co-12_78-04523	12:78	w-s012-a078-w010	w-s012-a078-w011	ء ح د	ك و ن	1	1	1	1	17	26	intra_ayah:12:78:root:17
co-12_78-04524	12:78	w-s012-a078-w009	w-s012-a078-w015	ء خ ذ	ح س ن	6	4	4	1	12	15	intra_ayah:12:78:root:18
co-12_78-04525	12:78	w-s012-a078-w009	w-s012-a078-w013	ء خ ذ	ر ء ي	4	3	3	1	17	26	intra_ayah:12:78:root:19
co-12_78-04526	12:78	w-s012-a078-w006	w-s012-a078-w009	ء ب و	ء خ ذ	3	3	3	1	6	7	intra_ayah:12:78:root:2
co-12_78-04527	12:78	w-s012-a078-w009	w-s012-a078-w007	ء خ ذ	ش ي خ	2	2	2	1	1	1	intra_ayah:12:78:root:20
co-12_78-04528	12:78	w-s012-a078-w009	w-s012-a078-w003	ء خ ذ	ع ز ز	6	4	4	1	8	10	intra_ayah:12:78:root:21
co-12_78-04529	12:78	w-s012-a078-w009	w-s012-a078-w001	ء خ ذ	ق و ل	8	5	5	1	63	106	intra_ayah:12:78:root:22
co-12_78-04530	12:78	w-s012-a078-w009	w-s012-a078-w008	ء خ ذ	ك ب ر	1	1	1	1	7	10	intra_ayah:12:78:root:23
co-12_78-04531	12:78	w-s012-a078-w009	w-s012-a078-w011	ء خ ذ	ك و ن	2	2	2	1	61	98	intra_ayah:12:78:root:24
co-12_78-04532	12:78	w-s012-a078-w015	w-s012-a078-w013	ح س ن	ر ء ي	2	1	1	1	9	11	intra_ayah:12:78:root:25
co-12_78-04533	12:78	w-s012-a078-w015	w-s012-a078-w007	ح س ن	ش ي خ	8	6	6	1	1	1	intra_ayah:12:78:root:26
co-12_78-04534	12:78	w-s012-a078-w015	w-s012-a078-w003	ح س ن	ع ز ز	12	8	8	1	3	3	intra_ayah:12:78:root:27
co-12_78-04535	12:78	w-s012-a078-w015	w-s012-a078-w001	ح س ن	ق و ل	14	9	9	1	41	64	intra_ayah:12:78:root:28
co-12_78-04536	12:78	w-s012-a078-w015	w-s012-a078-w008	ح س ن	ك ب ر	7	5	5	1	6	6	intra_ayah:12:78:root:29
co-12_78-04537	12:78	w-s012-a078-w006	w-s012-a078-w015	ء ب و	ح س ن	9	7	7	1	4	5	intra_ayah:12:78:root:3
co-12_78-04538	12:78	w-s012-a078-w015	w-s012-a078-w011	ح س ن	ك و ن	4	2	2	1	36	43	intra_ayah:12:78:root:30
co-12_78-04539	12:78	w-s012-a078-w013	w-s012-a078-w007	ر ء ي	ش ي خ	6	5	5	1	1	1	intra_ayah:12:78:root:31
co-12_78-04540	12:78	w-s012-a078-w013	w-s012-a078-w003	ر ء ي	ع ز ز	10	7	7	1	7	7	intra_ayah:12:78:root:32
co-12_78-04541	12:78	w-s012-a078-w013	w-s012-a078-w001	ر ء ي	ق و ل	12	8	8	1	113	174	intra_ayah:12:78:root:33
co-12_78-04542	12:78	w-s012-a078-w013	w-s012-a078-w008	ر ء ي	ك ب ر	5	4	4	1	21	26	intra_ayah:12:78:root:34
co-12_78-04543	12:78	w-s012-a078-w013	w-s012-a078-w011	ر ء ي	ك و ن	2	1	1	1	57	69	intra_ayah:12:78:root:35
co-12_78-04544	12:78	w-s012-a078-w007	w-s012-a078-w003	ش ي خ	ع ز ز	4	2	2	1	1	1	intra_ayah:12:78:root:36
co-12_78-04545	12:78	w-s012-a078-w007	w-s012-a078-w001	ش ي خ	ق و ل	6	3	3	1	3	4	intra_ayah:12:78:root:37
co-12_78-04546	12:78	w-s012-a078-w007	w-s012-a078-w008	ش ي خ	ك ب ر	1	1	1	1	2	2	intra_ayah:12:78:root:38
co-12_78-04547	12:78	w-s012-a078-w007	w-s012-a078-w011	ش ي خ	ك و ن	4	4	4	1	2	2	intra_ayah:12:78:root:39
co-12_78-04548	12:78	w-s012-a078-w006	w-s012-a078-w013	ء ب و	ر ء ي	7	6	6	1	8	15	intra_ayah:12:78:root:4
co-12_78-04549	12:78	w-s012-a078-w003	w-s012-a078-w001	ع ز ز	ق و ل	2	1	1	1	24	31	intra_ayah:12:78:root:40
co-12_78-04550	12:78	w-s012-a078-w003	w-s012-a078-w008	ع ز ز	ك ب ر	5	3	3	1	3	3	intra_ayah:12:78:root:41
co-12_78-04551	12:78	w-s012-a078-w003	w-s012-a078-w011	ع ز ز	ك و ن	8	6	6	1	12	15	intra_ayah:12:78:root:42
co-12_78-04552	12:78	w-s012-a078-w001	w-s012-a078-w008	ق و ل	ك ب ر	7	4	4	1	53	83	intra_ayah:12:78:root:43
co-12_78-04553	12:78	w-s012-a078-w001	w-s012-a078-w011	ق و ل	ك و ن	10	7	7	1	369	573	intra_ayah:12:78:root:44
co-12_78-04554	12:78	w-s012-a078-w008	w-s012-a078-w011	ك ب ر	ك و ن	3	3	3	1	50	67	intra_ayah:12:78:root:45
co-12_78-04555	12:78	w-s012-a078-w006	w-s012-a078-w007	ء ب و	ش ي خ	1	1	1	1	2	2	intra_ayah:12:78:root:5
co-12_78-04556	12:78	w-s012-a078-w006	w-s012-a078-w003	ء ب و	ع ز ز	3	1	1	1	2	2	intra_ayah:12:78:root:6
co-12_78-04557	12:78	w-s012-a078-w006	w-s012-a078-w001	ء ب و	ق و ل	5	2	2	1	60	89	intra_ayah:12:78:root:7
co-12_78-04558	12:78	w-s012-a078-w006	w-s012-a078-w008	ء ب و	ك ب ر	2	2	2	1	5	6	intra_ayah:12:78:root:8
co-12_78-04559	12:78	w-s012-a078-w006	w-s012-a078-w011	ء ب و	ك و ن	5	5	5	1	40	69	intra_ayah:12:78:root:9
co-12_79-04560	12:79	w-s012-a079-w005	w-s012-a079-w003	ء خ ذ	ء ل ه	2	1	1	1	113	204	intra_ayah:12:79:root:1
co-12_79-04561	12:79	w-s012-a079-w003	w-s012-a079-w002	ء ل ه	ع و ذ	1	1	1	1	8	10	intra_ayah:12:79:root:10
co-12_79-04562	12:79	w-s012-a079-w003	w-s012-a079-w001	ء ل ه	ق و ل	2	2	2	1	514	1188	intra_ayah:12:79:root:11
co-12_79-04563	12:79	w-s012-a079-w003	w-s012-a079-w009	ء ل ه	م ت ع	6	3	3	1	22	28	intra_ayah:12:79:root:12
co-12_79-04564	12:79	w-s012-a079-w003	w-s012-a079-w008	ء ل ه	و ج د	5	2	2	1	49	93	intra_ayah:12:79:root:13
co-12_79-04565	12:79	w-s012-a079-w013	w-s012-a079-w010	ظ ل م	ع ن د	3	1	1	1	14	14	intra_ayah:12:79:root:14
co-12_79-04566	12:79	w-s012-a079-w013	w-s012-a079-w002	ظ ل م	ع و ذ	11	6	6	1	2	2	intra_ayah:12:79:root:15
co-12_79-04567	12:79	w-s012-a079-w013	w-s012-a079-w001	ظ ل م	ق و ل	12	7	7	1	79	119	intra_ayah:12:79:root:16
co-12_79-04568	12:79	w-s012-a079-w013	w-s012-a079-w009	ظ ل م	م ت ع	4	2	2	1	2	2	intra_ayah:12:79:root:17
co-12_79-04569	12:79	w-s012-a079-w013	w-s012-a079-w008	ظ ل م	و ج د	5	3	3	1	6	7	intra_ayah:12:79:root:18
co-12_79-04570	12:79	w-s012-a079-w010	w-s012-a079-w002	ع ن د	ع و ذ	8	5	5	1	1	1	intra_ayah:12:79:root:19
co-12_79-04571	12:79	w-s012-a079-w005	w-s012-a079-w013	ء خ ذ	ظ ل م	8	4	4	1	28	35	intra_ayah:12:79:root:2
co-12_79-04572	12:79	w-s012-a079-w010	w-s012-a079-w001	ع ن د	ق و ل	9	6	6	1	71	118	intra_ayah:12:79:root:20
co-12_79-04573	12:79	w-s012-a079-w010	w-s012-a079-w009	ع ن د	م ت ع	1	1	1	1	7	7	intra_ayah:12:79:root:21
co-12_79-04574	12:79	w-s012-a079-w010	w-s012-a079-w008	ع ن د	و ج د	2	2	2	1	10	13	intra_ayah:12:79:root:22
co-12_79-04575	12:79	w-s012-a079-w002	w-s012-a079-w001	ع و ذ	ق و ل	1	1	1	1	10	13	intra_ayah:12:79:root:23
co-12_79-04576	12:79	w-s012-a079-w002	w-s012-a079-w009	ع و ذ	م ت ع	7	4	4	1	1	1	intra_ayah:12:79:root:24
co-12_79-04577	12:79	w-s012-a079-w002	w-s012-a079-w008	ع و ذ	و ج د	6	3	3	1	1	1	intra_ayah:12:79:root:25
co-12_79-04578	12:79	w-s012-a079-w001	w-s012-a079-w009	ق و ل	م ت ع	8	5	5	1	17	21	intra_ayah:12:79:root:26
co-12_79-04579	12:79	w-s012-a079-w001	w-s012-a079-w008	ق و ل	و ج د	7	4	4	1	32	46	intra_ayah:12:79:root:27
co-12_79-04580	12:79	w-s012-a079-w009	w-s012-a079-w008	م ت ع	و ج د	1	1	1	1	3	3	intra_ayah:12:79:root:28
co-12_79-04581	12:79	w-s012-a079-w005	w-s012-a079-w010	ء خ ذ	ع ن د	5	3	3	1	11	11	intra_ayah:12:79:root:3
co-12_79-04582	12:79	w-s012-a079-w005	w-s012-a079-w002	ء خ ذ	ع و ذ	3	2	2	1	2	2	intra_ayah:12:79:root:4
co-12_79-04583	12:79	w-s012-a079-w005	w-s012-a079-w001	ء خ ذ	ق و ل	4	3	3	1	63	106	intra_ayah:12:79:root:5
co-12_79-04584	12:79	w-s012-a079-w005	w-s012-a079-w009	ء خ ذ	م ت ع	4	2	2	1	3	5	intra_ayah:12:79:root:6
co-12_79-04585	12:79	w-s012-a079-w005	w-s012-a079-w008	ء خ ذ	و ج د	3	1	1	1	9	13	intra_ayah:12:79:root:7
co-12_79-04586	12:79	w-s012-a079-w003	w-s012-a079-w013	ء ل ه	ظ ل م	10	5	5	1	131	222	intra_ayah:12:79:root:8
co-12_79-04587	12:79	w-s012-a079-w003	w-s012-a079-w010	ء ل ه	ع ن د	7	4	4	1	112	219	intra_ayah:12:79:root:9
co-12_80-04588	12:80	w-s012-a080-w011	w-s012-a080-w013	ء ب و	ء خ ذ	2	1	8	2	6	7	intra_ayah:12:80:root:1
co-12_80-04589	12:80	w-s012-a080-w030	w-s012-a080-w013	ء ب و	ء خ ذ	17	1	8	2	6	7	intra_ayah:12:80:root:1
co-12_80-04590	12:80	w-s012-a080-w011	w-s012-a080-w021	ء ب و	ف ر ط	10	4	5	2	1	2	intra_ayah:12:80:root:10
co-12_80-04591	12:80	w-s012-a080-w030	w-s012-a080-w021	ء ب و	ف ر ط	9	4	5	2	1	2	intra_ayah:12:80:root:10
co-12_80-04592	12:80	w-s012-a080-w004	w-s012-a080-w002	خ ل ص	ي ء س	2	1	1	1	1	1	intra_ayah:12:80:root:100
co-12_80-04593	12:80	w-s012-a080-w036	w-s012-a080-w009	خ ي ر	ع ل م	27	13	13	1	31	46	intra_ayah:12:80:root:101
co-12_80-04594	12:80	w-s012-a080-w036	w-s012-a080-w021	خ ي ر	ف ر ط	15	7	7	1	1	1	intra_ayah:12:80:root:102
co-12_80-04595	12:80	w-s012-a080-w036	w-s012-a080-w019	خ ي ر	ق ب ل	17	8	8	1	6	8	intra_ayah:12:80:root:103
co-12_80-04596	12:80	w-s012-a080-w036	w-s012-a080-w006	خ ي ر	ق و ل	30	15	15	1	50	69	intra_ayah:12:80:root:104
co-12_80-04597	12:80	w-s012-a080-w036	w-s012-a080-w007	خ ي ر	ك ب ر	29	14	14	1	4	4	intra_ayah:12:80:root:105
co-12_80-04598	12:80	w-s012-a080-w036	w-s012-a080-w005	خ ي ر	ن ج و	31	16	16	1	4	5	intra_ayah:12:80:root:106
co-12_80-04599	12:80	w-s012-a080-w036	w-s012-a080-w015	خ ي ر	و ث ق	21	10	10	1	2	2	intra_ayah:12:80:root:107
co-12_80-04600	12:80	w-s012-a080-w036	w-s012-a080-w002	خ ي ر	ي ء س	34	18	18	1	2	2	intra_ayah:12:80:root:108
co-12_80-04601	12:80	w-s012-a080-w009	w-s012-a080-w021	ع ل م	ف ر ط	12	6	6	1	1	1	intra_ayah:12:80:root:109
co-12_80-04602	12:80	w-s012-a080-w011	w-s012-a080-w019	ء ب و	ق ب ل	8	4	5	2	13	15	intra_ayah:12:80:root:11
co-12_80-04603	12:80	w-s012-a080-w030	w-s012-a080-w019	ء ب و	ق ب ل	11	4	5	2	13	15	intra_ayah:12:80:root:11
co-12_80-04604	12:80	w-s012-a080-w009	w-s012-a080-w019	ع ل م	ق ب ل	10	5	5	1	45	54	intra_ayah:12:80:root:110
co-12_80-04605	12:80	w-s012-a080-w009	w-s012-a080-w006	ع ل م	ق و ل	3	2	2	1	230	414	intra_ayah:12:80:root:111
co-12_80-04606	12:80	w-s012-a080-w009	w-s012-a080-w007	ع ل م	ك ب ر	2	1	1	1	17	22	intra_ayah:12:80:root:112
co-12_80-04607	12:80	w-s012-a080-w009	w-s012-a080-w005	ع ل م	ن ج و	4	3	3	1	9	12	intra_ayah:12:80:root:113
co-12_80-04608	12:80	w-s012-a080-w009	w-s012-a080-w015	ع ل م	و ث ق	6	3	3	1	4	5	intra_ayah:12:80:root:114
co-12_80-04609	12:80	w-s012-a080-w009	w-s012-a080-w002	ع ل م	ي ء س	7	5	5	1	1	1	intra_ayah:12:80:root:115
co-12_80-04610	12:80	w-s012-a080-w021	w-s012-a080-w019	ف ر ط	ق ب ل	2	1	1	1	1	1	intra_ayah:12:80:root:116
co-12_80-04611	12:80	w-s012-a080-w021	w-s012-a080-w006	ف ر ط	ق و ل	15	8	8	1	4	4	intra_ayah:12:80:root:117
co-12_80-04612	12:80	w-s012-a080-w021	w-s012-a080-w007	ف ر ط	ك ب ر	14	7	7	1	1	1	intra_ayah:12:80:root:118
co-12_80-04613	12:80	w-s012-a080-w021	w-s012-a080-w005	ف ر ط	ن ج و	16	9	9	1	1	1	intra_ayah:12:80:root:119
co-12_80-04614	12:80	w-s012-a080-w011	w-s012-a080-w006	ء ب و	ق و ل	5	3	12	2	60	89	intra_ayah:12:80:root:12
co-12_80-04615	12:80	w-s012-a080-w030	w-s012-a080-w006	ء ب و	ق و ل	24	3	12	2	60	89	intra_ayah:12:80:root:12
co-12_80-04616	12:80	w-s012-a080-w021	w-s012-a080-w015	ف ر ط	و ث ق	6	3	3	1	1	1	intra_ayah:12:80:root:120
co-12_80-04617	12:80	w-s012-a080-w021	w-s012-a080-w002	ف ر ط	ي ء س	19	11	11	1	1	1	intra_ayah:12:80:root:121
co-12_80-04618	12:80	w-s012-a080-w019	w-s012-a080-w006	ق ب ل	ق و ل	13	7	7	1	86	123	intra_ayah:12:80:root:122
co-12_80-04619	12:80	w-s012-a080-w019	w-s012-a080-w007	ق ب ل	ك ب ر	12	6	6	1	4	4	intra_ayah:12:80:root:123
co-12_80-04620	12:80	w-s012-a080-w019	w-s012-a080-w005	ق ب ل	ن ج و	14	8	8	1	3	3	intra_ayah:12:80:root:124
co-12_80-04621	12:80	w-s012-a080-w019	w-s012-a080-w015	ق ب ل	و ث ق	4	2	2	1	1	1	intra_ayah:12:80:root:125
co-12_80-04622	12:80	w-s012-a080-w019	w-s012-a080-w002	ق ب ل	ي ء س	17	10	10	1	1	1	intra_ayah:12:80:root:126
co-12_80-04623	12:80	w-s012-a080-w006	w-s012-a080-w007	ق و ل	ك ب ر	1	1	1	1	53	83	intra_ayah:12:80:root:127
co-12_80-04624	12:80	w-s012-a080-w006	w-s012-a080-w005	ق و ل	ن ج و	1	1	1	1	16	23	intra_ayah:12:80:root:128
co-12_80-04625	12:80	w-s012-a080-w006	w-s012-a080-w015	ق و ل	و ث ق	9	5	5	1	11	24	intra_ayah:12:80:root:129
co-12_80-04626	12:80	w-s012-a080-w011	w-s012-a080-w007	ء ب و	ك ب ر	4	2	11	2	5	6	intra_ayah:12:80:root:13
co-12_80-04627	12:80	w-s012-a080-w030	w-s012-a080-w007	ء ب و	ك ب ر	23	2	11	2	5	6	intra_ayah:12:80:root:13
co-12_80-04628	12:80	w-s012-a080-w006	w-s012-a080-w002	ق و ل	ي ء س	4	3	3	1	1	1	intra_ayah:12:80:root:130
co-12_80-04629	12:80	w-s012-a080-w007	w-s012-a080-w005	ك ب ر	ن ج و	2	2	2	1	1	1	intra_ayah:12:80:root:131
co-12_80-04630	12:80	w-s012-a080-w007	w-s012-a080-w015	ك ب ر	و ث ق	8	4	4	1	1	1	intra_ayah:12:80:root:132
co-12_80-04631	12:80	w-s012-a080-w007	w-s012-a080-w002	ك ب ر	ي ء س	5	4	4	1	1	1	intra_ayah:12:80:root:133
co-12_80-04632	12:80	w-s012-a080-w005	w-s012-a080-w015	ن ج و	و ث ق	10	6	6	1	1	1	intra_ayah:12:80:root:134
co-12_80-04633	12:80	w-s012-a080-w005	w-s012-a080-w002	ن ج و	ي ء س	3	2	2	1	2	2	intra_ayah:12:80:root:135
co-12_80-04634	12:80	w-s012-a080-w015	w-s012-a080-w002	و ث ق	ي ء س	13	8	8	1	1	1	intra_ayah:12:80:root:136
co-12_80-04635	12:80	w-s012-a080-w011	w-s012-a080-w005	ء ب و	ن ج و	6	4	13	2	2	3	intra_ayah:12:80:root:14
co-12_80-04636	12:80	w-s012-a080-w030	w-s012-a080-w005	ء ب و	ن ج و	25	4	13	2	2	3	intra_ayah:12:80:root:14
co-12_80-04637	12:80	w-s012-a080-w011	w-s012-a080-w015	ء ب و	و ث ق	4	2	7	2	1	2	intra_ayah:12:80:root:15
co-12_80-04638	12:80	w-s012-a080-w030	w-s012-a080-w015	ء ب و	و ث ق	15	2	7	2	1	2	intra_ayah:12:80:root:15
co-12_80-04639	12:80	w-s012-a080-w011	w-s012-a080-w002	ء ب و	ي ء س	9	6	15	2	1	2	intra_ayah:12:80:root:16
co-12_80-04640	12:80	w-s012-a080-w030	w-s012-a080-w002	ء ب و	ي ء س	28	6	15	2	1	2	intra_ayah:12:80:root:16
co-12_80-04641	12:80	w-s012-a080-w013	w-s012-a080-w028	ء خ ذ	ء ذ ن	15	7	7	1	4	4	intra_ayah:12:80:root:17
co-12_80-04642	12:80	w-s012-a080-w013	w-s012-a080-w026	ء خ ذ	ء ر ض	13	6	6	1	19	25	intra_ayah:12:80:root:18
co-12_80-04643	12:80	w-s012-a080-w013	w-s012-a080-w017	ء خ ذ	ء ل ه	4	2	10	2	113	204	intra_ayah:12:80:root:19
co-12_80-04644	12:80	w-s012-a080-w013	w-s012-a080-w033	ء خ ذ	ء ل ه	20	2	10	2	113	204	intra_ayah:12:80:root:19
co-12_80-04645	12:80	w-s012-a080-w011	w-s012-a080-w028	ء ب و	ء ذ ن	17	1	8	2	1	2	intra_ayah:12:80:root:2
co-12_80-04646	12:80	w-s012-a080-w030	w-s012-a080-w028	ء ب و	ء ذ ن	2	1	8	2	1	2	intra_ayah:12:80:root:2
co-12_80-04647	12:80	w-s012-a080-w013	w-s012-a080-w025	ء خ ذ	ب ر ح	12	5	5	1	1	1	intra_ayah:12:80:root:20
co-12_80-04648	12:80	w-s012-a080-w013	w-s012-a080-w032	ء خ ذ	ح ك م	19	9	12	2	7	9	intra_ayah:12:80:root:21
co-12_80-04649	12:80	w-s012-a080-w013	w-s012-a080-w037	ء خ ذ	ح ك م	24	9	12	2	7	9	intra_ayah:12:80:root:21
co-12_80-04650	12:80	w-s012-a080-w013	w-s012-a080-w004	ء خ ذ	خ ل ص	9	6	6	1	2	2	intra_ayah:12:80:root:22
co-12_80-04651	12:80	w-s012-a080-w013	w-s012-a080-w036	ء خ ذ	خ ي ر	23	11	11	1	7	11	intra_ayah:12:80:root:23
co-12_80-04652	12:80	w-s012-a080-w013	w-s012-a080-w009	ء خ ذ	ع ل م	4	2	2	1	24	33	intra_ayah:12:80:root:24
co-12_80-04653	12:80	w-s012-a080-w013	w-s012-a080-w021	ء خ ذ	ف ر ط	8	4	4	1	1	1	intra_ayah:12:80:root:25
co-12_80-04654	12:80	w-s012-a080-w013	w-s012-a080-w019	ء خ ذ	ق ب ل	6	3	3	1	19	21	intra_ayah:12:80:root:26
co-12_80-04655	12:80	w-s012-a080-w013	w-s012-a080-w006	ء خ ذ	ق و ل	7	4	4	1	63	106	intra_ayah:12:80:root:27
co-12_80-04656	12:80	w-s012-a080-w013	w-s012-a080-w007	ء خ ذ	ك ب ر	6	3	3	1	7	10	intra_ayah:12:80:root:28
co-12_80-04657	12:80	w-s012-a080-w013	w-s012-a080-w005	ء خ ذ	ن ج و	8	5	5	1	3	3	intra_ayah:12:80:root:29
co-12_80-04658	12:80	w-s012-a080-w011	w-s012-a080-w026	ء ب و	ء ر ض	15	2	7	2	5	6	intra_ayah:12:80:root:3
co-12_80-04659	12:80	w-s012-a080-w030	w-s012-a080-w026	ء ب و	ء ر ض	4	2	7	2	5	6	intra_ayah:12:80:root:3
co-12_80-04660	12:80	w-s012-a080-w013	w-s012-a080-w015	ء خ ذ	و ث ق	2	1	1	1	15	25	intra_ayah:12:80:root:30
co-12_80-04661	12:80	w-s012-a080-w013	w-s012-a080-w002	ء خ ذ	ي ء س	11	7	7	1	1	1	intra_ayah:12:80:root:31
co-12_80-04662	12:80	w-s012-a080-w028	w-s012-a080-w026	ء ذ ن	ء ر ض	2	1	1	1	6	8	intra_ayah:12:80:root:32
co-12_80-04663	12:80	w-s012-a080-w028	w-s012-a080-w017	ء ذ ن	ء ل ه	11	3	5	2	54	116	intra_ayah:12:80:root:33
co-12_80-04664	12:80	w-s012-a080-w028	w-s012-a080-w033	ء ذ ن	ء ل ه	5	3	5	2	54	116	intra_ayah:12:80:root:33
co-12_80-04665	12:80	w-s012-a080-w028	w-s012-a080-w025	ء ذ ن	ب ر ح	3	2	2	1	1	1	intra_ayah:12:80:root:34
co-12_80-04666	12:80	w-s012-a080-w028	w-s012-a080-w032	ء ذ ن	ح ك م	4	2	5	2	8	14	intra_ayah:12:80:root:35
co-12_80-04667	12:80	w-s012-a080-w028	w-s012-a080-w037	ء ذ ن	ح ك م	9	2	5	2	8	14	intra_ayah:12:80:root:35
co-12_80-04668	12:80	w-s012-a080-w028	w-s012-a080-w004	ء ذ ن	خ ل ص	24	13	13	1	1	1	intra_ayah:12:80:root:36
co-12_80-04669	12:80	w-s012-a080-w028	w-s012-a080-w036	ء ذ ن	خ ي ر	8	4	4	1	6	8	intra_ayah:12:80:root:37
co-12_80-04670	12:80	w-s012-a080-w028	w-s012-a080-w009	ء ذ ن	ع ل م	19	9	9	1	20	34	intra_ayah:12:80:root:38
co-12_80-04671	12:80	w-s012-a080-w028	w-s012-a080-w021	ء ذ ن	ف ر ط	7	3	3	1	1	1	intra_ayah:12:80:root:39
co-12_80-04672	12:80	w-s012-a080-w011	w-s012-a080-w017	ء ب و	ء ل ه	6	2	11	4	34	71	intra_ayah:12:80:root:4
co-12_80-04673	12:80	w-s012-a080-w011	w-s012-a080-w033	ء ب و	ء ل ه	22	2	11	4	34	71	intra_ayah:12:80:root:4
co-12_80-04674	12:80	w-s012-a080-w030	w-s012-a080-w017	ء ب و	ء ل ه	13	2	11	4	34	71	intra_ayah:12:80:root:4
co-12_80-04675	12:80	w-s012-a080-w030	w-s012-a080-w033	ء ب و	ء ل ه	3	2	11	4	34	71	intra_ayah:12:80:root:4
co-12_80-04676	12:80	w-s012-a080-w028	w-s012-a080-w019	ء ذ ن	ق ب ل	9	4	4	1	8	9	intra_ayah:12:80:root:40
co-12_80-04677	12:80	w-s012-a080-w028	w-s012-a080-w006	ء ذ ن	ق و ل	22	11	11	1	26	44	intra_ayah:12:80:root:41
co-12_80-04678	12:80	w-s012-a080-w028	w-s012-a080-w007	ء ذ ن	ك ب ر	21	10	10	1	8	9	intra_ayah:12:80:root:42
co-12_80-04679	12:80	w-s012-a080-w028	w-s012-a080-w005	ء ذ ن	ن ج و	23	12	12	1	2	2	intra_ayah:12:80:root:43
co-12_80-04680	12:80	w-s012-a080-w028	w-s012-a080-w015	ء ذ ن	و ث ق	13	6	6	1	1	1	intra_ayah:12:80:root:44
co-12_80-04681	12:80	w-s012-a080-w028	w-s012-a080-w002	ء ذ ن	ي ء س	26	14	14	1	1	1	intra_ayah:12:80:root:45
co-12_80-04682	12:80	w-s012-a080-w026	w-s012-a080-w017	ء ر ض	ء ل ه	9	4	4	2	215	380	intra_ayah:12:80:root:46
co-12_80-04683	12:80	w-s012-a080-w026	w-s012-a080-w033	ء ر ض	ء ل ه	7	4	4	2	215	380	intra_ayah:12:80:root:46
co-12_80-04684	12:80	w-s012-a080-w026	w-s012-a080-w025	ء ر ض	ب ر ح	1	1	1	1	1	1	intra_ayah:12:80:root:47
co-12_80-04685	12:80	w-s012-a080-w026	w-s012-a080-w032	ء ر ض	ح ك م	6	3	6	2	22	24	intra_ayah:12:80:root:48
co-12_80-04686	12:80	w-s012-a080-w026	w-s012-a080-w037	ء ر ض	ح ك م	11	3	6	2	22	24	intra_ayah:12:80:root:48
co-12_80-04687	12:80	w-s012-a080-w026	w-s012-a080-w004	ء ر ض	خ ل ص	22	12	12	1	1	1	intra_ayah:12:80:root:49
co-12_80-04688	12:80	w-s012-a080-w011	w-s012-a080-w025	ء ب و	ب ر ح	14	3	6	2	1	2	intra_ayah:12:80:root:5
co-12_80-04689	12:80	w-s012-a080-w030	w-s012-a080-w025	ء ب و	ب ر ح	5	3	6	2	1	2	intra_ayah:12:80:root:5
co-12_80-04690	12:80	w-s012-a080-w026	w-s012-a080-w036	ء ر ض	خ ي ر	10	5	5	1	10	11	intra_ayah:12:80:root:50
co-12_80-04691	12:80	w-s012-a080-w026	w-s012-a080-w009	ء ر ض	ع ل م	17	8	8	1	85	119	intra_ayah:12:80:root:51
co-12_80-04692	12:80	w-s012-a080-w026	w-s012-a080-w021	ء ر ض	ف ر ط	5	2	2	1	2	2	intra_ayah:12:80:root:52
co-12_80-04693	12:80	w-s012-a080-w026	w-s012-a080-w019	ء ر ض	ق ب ل	7	3	3	1	19	25	intra_ayah:12:80:root:53
co-12_80-04694	12:80	w-s012-a080-w026	w-s012-a080-w006	ء ر ض	ق و ل	20	10	10	1	101	149	intra_ayah:12:80:root:54
co-12_80-04695	12:80	w-s012-a080-w026	w-s012-a080-w007	ء ر ض	ك ب ر	19	9	9	1	18	18	intra_ayah:12:80:root:55
co-12_80-04696	12:80	w-s012-a080-w026	w-s012-a080-w005	ء ر ض	ن ج و	21	11	11	1	6	6	intra_ayah:12:80:root:56
co-12_80-04697	12:80	w-s012-a080-w026	w-s012-a080-w015	ء ر ض	و ث ق	11	5	5	1	3	3	intra_ayah:12:80:root:57
co-12_80-04698	12:80	w-s012-a080-w026	w-s012-a080-w002	ء ر ض	ي ء س	24	13	13	1	2	2	intra_ayah:12:80:root:58
co-12_80-04699	12:80	w-s012-a080-w017	w-s012-a080-w025	ء ل ه	ب ر ح	8	3	5	2	1	2	intra_ayah:12:80:root:59
co-12_80-04700	12:80	w-s012-a080-w033	w-s012-a080-w025	ء ل ه	ب ر ح	8	3	5	2	1	2	intra_ayah:12:80:root:59
co-12_80-04701	12:80	w-s012-a080-w011	w-s012-a080-w032	ء ب و	ح ك م	21	1	13	4	6	12	intra_ayah:12:80:root:6
co-12_80-04702	12:80	w-s012-a080-w011	w-s012-a080-w037	ء ب و	ح ك م	26	1	13	4	6	12	intra_ayah:12:80:root:6
co-12_80-04703	12:80	w-s012-a080-w030	w-s012-a080-w032	ء ب و	ح ك م	2	1	13	4	6	12	intra_ayah:12:80:root:6
co-12_80-04704	12:80	w-s012-a080-w030	w-s012-a080-w037	ء ب و	ح ك م	7	1	13	4	6	12	intra_ayah:12:80:root:6
co-12_80-04705	12:80	w-s012-a080-w017	w-s012-a080-w032	ء ل ه	ح ك م	15	1	10	4	127	252	intra_ayah:12:80:root:60
co-12_80-04706	12:80	w-s012-a080-w017	w-s012-a080-w037	ء ل ه	ح ك م	20	1	10	4	127	252	intra_ayah:12:80:root:60
co-12_80-04707	12:80	w-s012-a080-w033	w-s012-a080-w032	ء ل ه	ح ك م	1	1	10	4	127	252	intra_ayah:12:80:root:60
co-12_80-04708	12:80	w-s012-a080-w033	w-s012-a080-w037	ء ل ه	ح ك م	4	1	10	4	127	252	intra_ayah:12:80:root:60
co-12_80-04709	12:80	w-s012-a080-w017	w-s012-a080-w004	ء ل ه	خ ل ص	13	8	16	2	21	29	intra_ayah:12:80:root:61
co-12_80-04710	12:80	w-s012-a080-w033	w-s012-a080-w004	ء ل ه	خ ل ص	29	8	16	2	21	29	intra_ayah:12:80:root:61
co-12_80-04711	12:80	w-s012-a080-w017	w-s012-a080-w036	ء ل ه	خ ي ر	19	1	9	2	99	182	intra_ayah:12:80:root:62
co-12_80-04712	12:80	w-s012-a080-w033	w-s012-a080-w036	ء ل ه	خ ي ر	3	1	9	2	99	182	intra_ayah:12:80:root:62
co-12_80-04713	12:80	w-s012-a080-w017	w-s012-a080-w009	ء ل ه	ع ل م	8	4	12	2	408	878	intra_ayah:12:80:root:63
co-12_80-04714	12:80	w-s012-a080-w033	w-s012-a080-w009	ء ل ه	ع ل م	24	4	12	2	408	878	intra_ayah:12:80:root:63
co-12_80-04715	12:80	w-s012-a080-w017	w-s012-a080-w021	ء ل ه	ف ر ط	4	2	6	2	4	5	intra_ayah:12:80:root:64
co-12_80-04716	12:80	w-s012-a080-w033	w-s012-a080-w021	ء ل ه	ف ر ط	12	2	6	2	4	5	intra_ayah:12:80:root:64
co-12_80-04717	12:80	w-s012-a080-w017	w-s012-a080-w019	ء ل ه	ق ب ل	2	1	7	2	98	148	intra_ayah:12:80:root:65
co-12_80-04718	12:80	w-s012-a080-w033	w-s012-a080-w019	ء ل ه	ق ب ل	14	1	7	2	98	148	intra_ayah:12:80:root:65
co-12_80-04719	12:80	w-s012-a080-w017	w-s012-a080-w006	ء ل ه	ق و ل	11	6	14	2	514	1188	intra_ayah:12:80:root:66
co-12_80-04720	12:80	w-s012-a080-w033	w-s012-a080-w006	ء ل ه	ق و ل	27	6	14	2	514	1188	intra_ayah:12:80:root:66
co-12_80-04721	12:80	w-s012-a080-w017	w-s012-a080-w007	ء ل ه	ك ب ر	10	5	13	2	54	100	intra_ayah:12:80:root:67
co-12_80-04722	12:80	w-s012-a080-w033	w-s012-a080-w007	ء ل ه	ك ب ر	26	5	13	2	54	100	intra_ayah:12:80:root:67
co-12_80-04723	12:80	w-s012-a080-w017	w-s012-a080-w005	ء ل ه	ن ج و	12	7	15	2	19	35	intra_ayah:12:80:root:68
co-12_80-04724	12:80	w-s012-a080-w033	w-s012-a080-w005	ء ل ه	ن ج و	28	7	15	2	19	35	intra_ayah:12:80:root:68
co-12_80-04725	12:80	w-s012-a080-w017	w-s012-a080-w015	ء ل ه	و ث ق	2	1	9	2	21	41	intra_ayah:12:80:root:69
co-12_80-04726	12:80	w-s012-a080-w033	w-s012-a080-w015	ء ل ه	و ث ق	18	1	9	2	21	41	intra_ayah:12:80:root:69
co-12_80-04727	12:80	w-s012-a080-w011	w-s012-a080-w004	ء ب و	خ ل ص	7	5	14	2	1	2	intra_ayah:12:80:root:7
co-12_80-04728	12:80	w-s012-a080-w030	w-s012-a080-w004	ء ب و	خ ل ص	26	5	14	2	1	2	intra_ayah:12:80:root:7
co-12_80-04729	12:80	w-s012-a080-w017	w-s012-a080-w002	ء ل ه	ي ء س	15	9	17	2	7	16	intra_ayah:12:80:root:70
co-12_80-04730	12:80	w-s012-a080-w033	w-s012-a080-w002	ء ل ه	ي ء س	31	9	17	2	7	16	intra_ayah:12:80:root:70
co-12_80-04731	12:80	w-s012-a080-w025	w-s012-a080-w032	ب ر ح	ح ك م	7	4	7	2	1	2	intra_ayah:12:80:root:71
co-12_80-04732	12:80	w-s012-a080-w025	w-s012-a080-w037	ب ر ح	ح ك م	12	4	7	2	1	2	intra_ayah:12:80:root:71
co-12_80-04733	12:80	w-s012-a080-w025	w-s012-a080-w004	ب ر ح	خ ل ص	21	11	11	1	1	1	intra_ayah:12:80:root:72
co-12_80-04734	12:80	w-s012-a080-w025	w-s012-a080-w036	ب ر ح	خ ي ر	11	6	6	1	1	1	intra_ayah:12:80:root:73
co-12_80-04735	12:80	w-s012-a080-w025	w-s012-a080-w009	ب ر ح	ع ل م	16	7	7	1	1	1	intra_ayah:12:80:root:74
co-12_80-04736	12:80	w-s012-a080-w025	w-s012-a080-w021	ب ر ح	ف ر ط	4	1	1	1	1	1	intra_ayah:12:80:root:75
co-12_80-04737	12:80	w-s012-a080-w025	w-s012-a080-w019	ب ر ح	ق ب ل	6	2	2	1	1	1	intra_ayah:12:80:root:76
co-12_80-04738	12:80	w-s012-a080-w025	w-s012-a080-w006	ب ر ح	ق و ل	19	9	9	1	3	3	intra_ayah:12:80:root:77
co-12_80-04739	12:80	w-s012-a080-w025	w-s012-a080-w007	ب ر ح	ك ب ر	18	8	8	1	1	1	intra_ayah:12:80:root:78
co-12_80-04740	12:80	w-s012-a080-w025	w-s012-a080-w005	ب ر ح	ن ج و	20	10	10	1	1	1	intra_ayah:12:80:root:79
co-12_80-04741	12:80	w-s012-a080-w011	w-s012-a080-w036	ء ب و	خ ي ر	25	3	12	2	3	4	intra_ayah:12:80:root:8
co-12_80-04742	12:80	w-s012-a080-w030	w-s012-a080-w036	ء ب و	خ ي ر	6	3	12	2	3	4	intra_ayah:12:80:root:8
co-12_80-04743	12:80	w-s012-a080-w025	w-s012-a080-w015	ب ر ح	و ث ق	10	4	4	1	1	1	intra_ayah:12:80:root:80
co-12_80-04744	12:80	w-s012-a080-w025	w-s012-a080-w002	ب ر ح	ي ء س	23	12	12	1	1	1	intra_ayah:12:80:root:81
co-12_80-04745	12:80	w-s012-a080-w032	w-s012-a080-w004	ح ك م	خ ل ص	28	15	18	2	3	4	intra_ayah:12:80:root:82
co-12_80-04746	12:80	w-s012-a080-w037	w-s012-a080-w004	ح ك م	خ ل ص	33	15	18	2	3	4	intra_ayah:12:80:root:82
co-12_80-04747	12:80	w-s012-a080-w032	w-s012-a080-w036	ح ك م	خ ي ر	4	1	2	2	8	12	intra_ayah:12:80:root:83
co-12_80-04748	12:80	w-s012-a080-w037	w-s012-a080-w036	ح ك م	خ ي ر	1	1	2	2	8	12	intra_ayah:12:80:root:83
co-12_80-04749	12:80	w-s012-a080-w032	w-s012-a080-w009	ح ك م	ع ل م	23	11	14	2	71	94	intra_ayah:12:80:root:84
co-12_80-04750	12:80	w-s012-a080-w037	w-s012-a080-w009	ح ك م	ع ل م	28	11	14	2	71	94	intra_ayah:12:80:root:84
co-12_80-04751	12:80	w-s012-a080-w032	w-s012-a080-w021	ح ك م	ف ر ط	11	5	8	2	1	2	intra_ayah:12:80:root:85
co-12_80-04752	12:80	w-s012-a080-w037	w-s012-a080-w021	ح ك م	ف ر ط	16	5	8	2	1	2	intra_ayah:12:80:root:85
co-12_80-04753	12:80	w-s012-a080-w032	w-s012-a080-w019	ح ك م	ق ب ل	13	6	9	2	12	14	intra_ayah:12:80:root:86
co-12_80-04754	12:80	w-s012-a080-w037	w-s012-a080-w019	ح ك م	ق ب ل	18	6	9	2	12	14	intra_ayah:12:80:root:86
co-12_80-04755	12:80	w-s012-a080-w032	w-s012-a080-w006	ح ك م	ق و ل	26	13	16	2	34	51	intra_ayah:12:80:root:87
co-12_80-04756	12:80	w-s012-a080-w037	w-s012-a080-w006	ح ك م	ق و ل	31	13	16	2	34	51	intra_ayah:12:80:root:87
co-12_80-04757	12:80	w-s012-a080-w032	w-s012-a080-w007	ح ك م	ك ب ر	25	12	15	2	4	5	intra_ayah:12:80:root:88
co-12_80-04758	12:80	w-s012-a080-w037	w-s012-a080-w007	ح ك م	ك ب ر	30	12	15	2	4	5	intra_ayah:12:80:root:88
co-12_80-04759	12:80	w-s012-a080-w032	w-s012-a080-w005	ح ك م	ن ج و	27	14	17	2	2	3	intra_ayah:12:80:root:89
co-12_80-04760	12:80	w-s012-a080-w037	w-s012-a080-w005	ح ك م	ن ج و	32	14	17	2	2	3	intra_ayah:12:80:root:89
co-12_80-04761	12:80	w-s012-a080-w011	w-s012-a080-w009	ء ب و	ع ل م	2	1	10	2	16	28	intra_ayah:12:80:root:9
co-12_80-04762	12:80	w-s012-a080-w030	w-s012-a080-w009	ء ب و	ع ل م	21	1	10	2	16	28	intra_ayah:12:80:root:9
co-12_80-04763	12:80	w-s012-a080-w032	w-s012-a080-w015	ح ك م	و ث ق	17	8	11	2	3	4	intra_ayah:12:80:root:90
co-12_80-04764	12:80	w-s012-a080-w037	w-s012-a080-w015	ح ك م	و ث ق	22	8	11	2	3	4	intra_ayah:12:80:root:90
co-12_80-04765	12:80	w-s012-a080-w032	w-s012-a080-w002	ح ك م	ي ء س	30	16	19	2	1	2	intra_ayah:12:80:root:91
co-12_80-04766	12:80	w-s012-a080-w037	w-s012-a080-w002	ح ك م	ي ء س	35	16	19	2	1	2	intra_ayah:12:80:root:91
co-12_80-04767	12:80	w-s012-a080-w004	w-s012-a080-w036	خ ل ص	خ ي ر	32	17	17	1	1	1	intra_ayah:12:80:root:92
co-12_80-04768	12:80	w-s012-a080-w004	w-s012-a080-w009	خ ل ص	ع ل م	5	4	4	1	5	5	intra_ayah:12:80:root:93
co-12_80-04769	12:80	w-s012-a080-w004	w-s012-a080-w021	خ ل ص	ف ر ط	17	10	10	1	1	1	intra_ayah:12:80:root:94
co-12_80-04770	12:80	w-s012-a080-w004	w-s012-a080-w019	خ ل ص	ق ب ل	15	9	9	1	1	1	intra_ayah:12:80:root:95
co-12_80-04771	12:80	w-s012-a080-w004	w-s012-a080-w006	خ ل ص	ق و ل	2	2	2	1	9	11	intra_ayah:12:80:root:96
co-12_80-04772	12:80	w-s012-a080-w004	w-s012-a080-w007	خ ل ص	ك ب ر	3	3	3	1	1	1	intra_ayah:12:80:root:97
co-12_80-04773	12:80	w-s012-a080-w004	w-s012-a080-w005	خ ل ص	ن ج و	1	1	1	1	4	4	intra_ayah:12:80:root:98
co-12_80-04774	12:80	w-s012-a080-w004	w-s012-a080-w015	خ ل ص	و ث ق	11	7	7	1	1	1	intra_ayah:12:80:root:99
co-12_81-04775	12:81	w-s012-a081-w003	w-s012-a081-w007	ء ب و	ب ن ي	4	1	3	2	9	21	intra_ayah:12:81:root:1
co-12_81-04776	12:81	w-s012-a081-w005	w-s012-a081-w007	ء ب و	ب ن ي	2	1	3	2	9	21	intra_ayah:12:81:root:1
co-12_81-04777	12:81	w-s012-a081-w007	w-s012-a081-w017	ب ن ي	ح ف ظ	10	6	6	1	2	5	intra_ayah:12:81:root:10
co-12_81-04778	12:81	w-s012-a081-w007	w-s012-a081-w001	ب ن ي	ر ج ع	6	4	4	1	2	2	intra_ayah:12:81:root:11
co-12_81-04779	12:81	w-s012-a081-w007	w-s012-a081-w008	ب ن ي	س ر ق	1	1	1	1	1	1	intra_ayah:12:81:root:12
co-12_81-04780	12:81	w-s012-a081-w007	w-s012-a081-w010	ب ن ي	ش ه د	3	2	2	1	6	10	intra_ayah:12:81:root:13
co-12_81-04781	12:81	w-s012-a081-w007	w-s012-a081-w013	ب ن ي	ع ل م	6	3	3	1	25	44	intra_ayah:12:81:root:14
co-12_81-04782	12:81	w-s012-a081-w007	w-s012-a081-w016	ب ن ي	غ ي ب	9	5	5	1	2	2	intra_ayah:12:81:root:15
co-12_81-04783	12:81	w-s012-a081-w007	w-s012-a081-w004	ب ن ي	ق و ل	3	2	2	1	56	114	intra_ayah:12:81:root:16
co-12_81-04784	12:81	w-s012-a081-w007	w-s012-a081-w015	ب ن ي	ك و ن	8	4	4	1	35	68	intra_ayah:12:81:root:17
co-12_81-04785	12:81	w-s012-a081-w017	w-s012-a081-w001	ح ف ظ	ر ج ع	16	10	10	1	2	2	intra_ayah:12:81:root:18
co-12_81-04786	12:81	w-s012-a081-w017	w-s012-a081-w008	ح ف ظ	س ر ق	9	5	5	1	1	1	intra_ayah:12:81:root:19
co-12_81-04787	12:81	w-s012-a081-w003	w-s012-a081-w017	ء ب و	ح ف ظ	14	7	9	2	4	7	intra_ayah:12:81:root:2
co-12_81-04788	12:81	w-s012-a081-w005	w-s012-a081-w017	ء ب و	ح ف ظ	12	7	9	2	4	7	intra_ayah:12:81:root:2
co-12_81-04789	12:81	w-s012-a081-w017	w-s012-a081-w010	ح ف ظ	ش ه د	7	4	4	1	2	2	intra_ayah:12:81:root:20
co-12_81-04790	12:81	w-s012-a081-w017	w-s012-a081-w013	ح ف ظ	ع ل م	4	3	3	1	7	8	intra_ayah:12:81:root:21
co-12_81-04791	12:81	w-s012-a081-w017	w-s012-a081-w016	ح ف ظ	غ ي ب	1	1	1	1	2	3	intra_ayah:12:81:root:22
co-12_81-04792	12:81	w-s012-a081-w017	w-s012-a081-w004	ح ف ظ	ق و ل	13	8	8	1	7	7	intra_ayah:12:81:root:23
co-12_81-04793	12:81	w-s012-a081-w017	w-s012-a081-w015	ح ف ظ	ك و ن	2	2	2	1	6	7	intra_ayah:12:81:root:24
co-12_81-04794	12:81	w-s012-a081-w001	w-s012-a081-w008	ر ج ع	س ر ق	7	5	5	1	1	1	intra_ayah:12:81:root:25
co-12_81-04795	12:81	w-s012-a081-w001	w-s012-a081-w010	ر ج ع	ش ه د	9	6	6	1	4	4	intra_ayah:12:81:root:26
co-12_81-04796	12:81	w-s012-a081-w001	w-s012-a081-w013	ر ج ع	ع ل م	12	7	7	1	18	22	intra_ayah:12:81:root:27
co-12_81-04797	12:81	w-s012-a081-w001	w-s012-a081-w016	ر ج ع	غ ي ب	15	9	9	1	3	3	intra_ayah:12:81:root:28
co-12_81-04798	12:81	w-s012-a081-w001	w-s012-a081-w004	ر ج ع	ق و ل	3	2	2	1	26	34	intra_ayah:12:81:root:29
co-12_81-04799	12:81	w-s012-a081-w003	w-s012-a081-w001	ء ب و	ر ج ع	2	1	3	2	2	4	intra_ayah:12:81:root:3
co-12_81-04800	12:81	w-s012-a081-w005	w-s012-a081-w001	ء ب و	ر ج ع	4	1	3	2	2	4	intra_ayah:12:81:root:3
co-12_81-04801	12:81	w-s012-a081-w001	w-s012-a081-w015	ر ج ع	ك و ن	14	8	8	1	23	24	intra_ayah:12:81:root:30
co-12_81-04802	12:81	w-s012-a081-w008	w-s012-a081-w010	س ر ق	ش ه د	2	1	1	1	1	1	intra_ayah:12:81:root:31
co-12_81-04803	12:81	w-s012-a081-w008	w-s012-a081-w013	س ر ق	ع ل م	5	2	2	1	3	4	intra_ayah:12:81:root:32
co-12_81-04804	12:81	w-s012-a081-w008	w-s012-a081-w016	س ر ق	غ ي ب	8	4	4	1	1	1	intra_ayah:12:81:root:33
co-12_81-04805	12:81	w-s012-a081-w008	w-s012-a081-w004	س ر ق	ق و ل	4	3	3	1	3	6	intra_ayah:12:81:root:34
co-12_81-04806	12:81	w-s012-a081-w008	w-s012-a081-w015	س ر ق	ك و ن	7	3	3	1	3	4	intra_ayah:12:81:root:35
co-12_81-04807	12:81	w-s012-a081-w010	w-s012-a081-w013	ش ه د	ع ل م	3	1	1	1	29	54	intra_ayah:12:81:root:36
co-12_81-04808	12:81	w-s012-a081-w010	w-s012-a081-w016	ش ه د	غ ي ب	6	3	3	1	11	11	intra_ayah:12:81:root:37
co-12_81-04809	12:81	w-s012-a081-w010	w-s012-a081-w004	ش ه د	ق و ل	6	4	4	1	43	87	intra_ayah:12:81:root:38
co-12_81-04810	12:81	w-s012-a081-w010	w-s012-a081-w015	ش ه د	ك و ن	5	2	2	1	50	102	intra_ayah:12:81:root:39
co-12_81-04811	12:81	w-s012-a081-w003	w-s012-a081-w008	ء ب و	س ر ق	5	2	4	2	1	2	intra_ayah:12:81:root:4
co-12_81-04812	12:81	w-s012-a081-w005	w-s012-a081-w008	ء ب و	س ر ق	3	2	4	2	1	2	intra_ayah:12:81:root:4
co-12_81-04813	12:81	w-s012-a081-w013	w-s012-a081-w016	ع ل م	غ ي ب	3	2	2	1	34	47	intra_ayah:12:81:root:40
co-12_81-04814	12:81	w-s012-a081-w013	w-s012-a081-w004	ع ل م	ق و ل	9	5	5	1	230	414	intra_ayah:12:81:root:41
co-12_81-04815	12:81	w-s012-a081-w013	w-s012-a081-w015	ع ل م	ك و ن	2	1	1	1	157	243	intra_ayah:12:81:root:42
co-12_81-04816	12:81	w-s012-a081-w016	w-s012-a081-w004	غ ي ب	ق و ل	12	7	7	1	20	39	intra_ayah:12:81:root:43
co-12_81-04817	12:81	w-s012-a081-w016	w-s012-a081-w015	غ ي ب	ك و ن	1	1	1	1	21	25	intra_ayah:12:81:root:44
co-12_81-04818	12:81	w-s012-a081-w004	w-s012-a081-w015	ق و ل	ك و ن	11	6	6	1	369	573	intra_ayah:12:81:root:45
co-12_81-04819	12:81	w-s012-a081-w003	w-s012-a081-w010	ء ب و	ش ه د	7	3	5	2	4	6	intra_ayah:12:81:root:5
co-12_81-04820	12:81	w-s012-a081-w005	w-s012-a081-w010	ء ب و	ش ه د	5	3	5	2	4	6	intra_ayah:12:81:root:5
co-12_81-04821	12:81	w-s012-a081-w003	w-s012-a081-w013	ء ب و	ع ل م	10	4	6	2	16	28	intra_ayah:12:81:root:6
co-12_81-04822	12:81	w-s012-a081-w005	w-s012-a081-w013	ء ب و	ع ل م	8	4	6	2	16	28	intra_ayah:12:81:root:6
co-12_81-04823	12:81	w-s012-a081-w003	w-s012-a081-w016	ء ب و	غ ي ب	13	6	8	2	1	2	intra_ayah:12:81:root:7
co-12_81-04824	12:81	w-s012-a081-w005	w-s012-a081-w016	ء ب و	غ ي ب	11	6	8	2	1	2	intra_ayah:12:81:root:7
co-12_81-04825	12:81	w-s012-a081-w003	w-s012-a081-w004	ء ب و	ق و ل	1	1	1	2	60	89	intra_ayah:12:81:root:8
co-12_81-04826	12:81	w-s012-a081-w005	w-s012-a081-w004	ء ب و	ق و ل	1	1	1	2	60	89	intra_ayah:12:81:root:8
co-12_81-04827	12:81	w-s012-a081-w003	w-s012-a081-w015	ء ب و	ك و ن	12	5	7	2	40	69	intra_ayah:12:81:root:9
co-12_81-04828	12:81	w-s012-a081-w005	w-s012-a081-w015	ء ب و	ك و ن	10	5	7	2	40	69	intra_ayah:12:81:root:9
co-12_82-04829	12:82	w-s012-a082-w001	w-s012-a082-w011	س ء ل	ص د ق	10	5	5	1	3	4	intra_ayah:12:82:root:1
co-12_82-04830	12:82	w-s012-a082-w006	w-s012-a082-w008	ع ي ر	ق ب ل	2	1	1	1	1	1	intra_ayah:12:82:root:10
co-12_82-04831	12:82	w-s012-a082-w006	w-s012-a082-w002	ع ي ر	ق ر ي	4	2	2	1	1	1	intra_ayah:12:82:root:11
co-12_82-04832	12:82	w-s012-a082-w006	w-s012-a082-w004	ع ي ر	ك و ن	2	1	1	1	1	1	intra_ayah:12:82:root:12
co-12_82-04833	12:82	w-s012-a082-w008	w-s012-a082-w002	ق ب ل	ق ر ي	6	3	3	1	6	7	intra_ayah:12:82:root:13
co-12_82-04834	12:82	w-s012-a082-w008	w-s012-a082-w004	ق ب ل	ك و ن	4	2	2	1	105	134	intra_ayah:12:82:root:14
co-12_82-04835	12:82	w-s012-a082-w002	w-s012-a082-w004	ق ر ي	ك و ن	2	1	1	1	21	29	intra_ayah:12:82:root:15
co-12_82-04836	12:82	w-s012-a082-w001	w-s012-a082-w006	س ء ل	ع ي ر	5	3	3	1	1	1	intra_ayah:12:82:root:2
co-12_82-04837	12:82	w-s012-a082-w001	w-s012-a082-w008	س ء ل	ق ب ل	7	4	4	1	13	14	intra_ayah:12:82:root:3
co-12_82-04838	12:82	w-s012-a082-w001	w-s012-a082-w002	س ء ل	ق ر ي	1	1	1	1	2	2	intra_ayah:12:82:root:4
co-12_82-04839	12:82	w-s012-a082-w001	w-s012-a082-w004	س ء ل	ك و ن	3	2	2	1	27	37	intra_ayah:12:82:root:5
co-12_82-04840	12:82	w-s012-a082-w011	w-s012-a082-w006	ص د ق	ع ي ر	5	2	2	1	1	1	intra_ayah:12:82:root:6
co-12_82-04841	12:82	w-s012-a082-w011	w-s012-a082-w008	ص د ق	ق ب ل	3	1	1	1	15	15	intra_ayah:12:82:root:7
co-12_82-04842	12:82	w-s012-a082-w011	w-s012-a082-w002	ص د ق	ق ر ي	9	4	4	1	2	2	intra_ayah:12:82:root:8
co-12_82-04843	12:82	w-s012-a082-w011	w-s012-a082-w004	ص د ق	ك و ن	7	3	3	1	73	90	intra_ayah:12:82:root:9
co-12_83-04844	12:83	w-s012-a083-w012	w-s012-a083-w010	ء ت ي	ء ل ه	2	1	1	1	198	411	intra_ayah:12:83:root:1
co-12_83-04845	12:83	w-s012-a083-w012	w-s012-a083-w001	ء ت ي	ق و ل	11	8	8	1	154	264	intra_ayah:12:83:root:10
co-12_83-04846	12:83	w-s012-a083-w012	w-s012-a083-w005	ء ت ي	ن ف س	7	6	6	1	37	49	intra_ayah:12:83:root:11
co-12_83-04847	12:83	w-s012-a083-w010	w-s012-a083-w006	ء ل ه	ء م ر	4	4	4	1	112	224	intra_ayah:12:83:root:12
co-12_83-04848	12:83	w-s012-a083-w010	w-s012-a083-w014	ء ل ه	ج م ع	4	2	2	1	53	97	intra_ayah:12:83:root:13
co-12_83-04849	12:83	w-s012-a083-w010	w-s012-a083-w008	ء ل ه	ج م ل	2	2	2	1	2	2	intra_ayah:12:83:root:14
co-12_83-04850	12:83	w-s012-a083-w010	w-s012-a083-w018	ء ل ه	ح ك م	8	4	4	1	127	252	intra_ayah:12:83:root:15
co-12_83-04851	12:83	w-s012-a083-w010	w-s012-a083-w003	ء ل ه	س و ل	7	6	6	1	2	2	intra_ayah:12:83:root:16
co-12_83-04852	12:83	w-s012-a083-w010	w-s012-a083-w007	ء ل ه	ص ب ر	3	3	3	1	37	62	intra_ayah:12:83:root:17
co-12_83-04853	12:83	w-s012-a083-w010	w-s012-a083-w009	ء ل ه	ع س ي	1	1	1	1	15	27	intra_ayah:12:83:root:18
co-12_83-04854	12:83	w-s012-a083-w010	w-s012-a083-w017	ء ل ه	ع ل م	7	3	3	1	408	878	intra_ayah:12:83:root:19
co-12_83-04855	12:83	w-s012-a083-w012	w-s012-a083-w006	ء ت ي	ء م ر	6	5	5	1	32	35	intra_ayah:12:83:root:2
co-12_83-04856	12:83	w-s012-a083-w010	w-s012-a083-w001	ء ل ه	ق و ل	9	7	7	1	514	1188	intra_ayah:12:83:root:20
co-12_83-04857	12:83	w-s012-a083-w010	w-s012-a083-w005	ء ل ه	ن ف س	5	5	5	1	139	272	intra_ayah:12:83:root:21
co-12_83-04858	12:83	w-s012-a083-w006	w-s012-a083-w014	ء م ر	ج م ع	8	6	6	1	7	10	intra_ayah:12:83:root:22
co-12_83-04859	12:83	w-s012-a083-w006	w-s012-a083-w008	ء م ر	ج م ل	2	2	2	1	2	2	intra_ayah:12:83:root:23
co-12_83-04860	12:83	w-s012-a083-w006	w-s012-a083-w018	ء م ر	ح ك م	12	8	8	1	8	9	intra_ayah:12:83:root:24
co-12_83-04861	12:83	w-s012-a083-w006	w-s012-a083-w003	ء م ر	س و ل	3	2	2	1	2	2	intra_ayah:12:83:root:25
co-12_83-04862	12:83	w-s012-a083-w006	w-s012-a083-w007	ء م ر	ص ب ر	1	1	1	1	11	12	intra_ayah:12:83:root:26
co-12_83-04863	12:83	w-s012-a083-w006	w-s012-a083-w009	ء م ر	ع س ي	3	3	3	1	3	3	intra_ayah:12:83:root:27
co-12_83-04864	12:83	w-s012-a083-w006	w-s012-a083-w017	ء م ر	ع ل م	11	7	7	1	28	40	intra_ayah:12:83:root:28
co-12_83-04865	12:83	w-s012-a083-w006	w-s012-a083-w001	ء م ر	ق و ل	5	3	3	1	69	112	intra_ayah:12:83:root:29
co-12_83-04866	12:83	w-s012-a083-w012	w-s012-a083-w014	ء ت ي	ج م ع	2	1	1	1	14	17	intra_ayah:12:83:root:3
co-12_83-04867	12:83	w-s012-a083-w006	w-s012-a083-w005	ء م ر	ن ف س	1	1	1	1	20	28	intra_ayah:12:83:root:30
co-12_83-04868	12:83	w-s012-a083-w014	w-s012-a083-w008	ج م ع	ج م ل	6	4	4	1	1	1	intra_ayah:12:83:root:31
co-12_83-04869	12:83	w-s012-a083-w014	w-s012-a083-w018	ج م ع	ح ك م	4	2	2	1	4	4	intra_ayah:12:83:root:32
co-12_83-04870	12:83	w-s012-a083-w014	w-s012-a083-w003	ج م ع	س و ل	11	8	8	1	1	1	intra_ayah:12:83:root:33
co-12_83-04871	12:83	w-s012-a083-w014	w-s012-a083-w007	ج م ع	ص ب ر	7	5	5	1	2	2	intra_ayah:12:83:root:34
co-12_83-04872	12:83	w-s012-a083-w014	w-s012-a083-w009	ج م ع	ع س ي	5	3	3	1	1	1	intra_ayah:12:83:root:35
co-12_83-04873	12:83	w-s012-a083-w014	w-s012-a083-w017	ج م ع	ع ل م	3	1	1	1	17	21	intra_ayah:12:83:root:36
co-12_83-04874	12:83	w-s012-a083-w014	w-s012-a083-w001	ج م ع	ق و ل	13	9	9	1	37	46	intra_ayah:12:83:root:37
co-12_83-04875	12:83	w-s012-a083-w014	w-s012-a083-w005	ج م ع	ن ف س	9	7	7	1	9	14	intra_ayah:12:83:root:38
co-12_83-04876	12:83	w-s012-a083-w008	w-s012-a083-w018	ج م ل	ح ك م	10	6	6	1	1	1	intra_ayah:12:83:root:39
co-12_83-04877	12:83	w-s012-a083-w012	w-s012-a083-w008	ء ت ي	ج م ل	4	3	3	1	2	2	intra_ayah:12:83:root:4
co-12_83-04878	12:83	w-s012-a083-w008	w-s012-a083-w003	ج م ل	س و ل	5	4	4	1	2	2	intra_ayah:12:83:root:40
co-12_83-04879	12:83	w-s012-a083-w008	w-s012-a083-w007	ج م ل	ص ب ر	1	1	1	1	4	5	intra_ayah:12:83:root:41
co-12_83-04880	12:83	w-s012-a083-w008	w-s012-a083-w009	ج م ل	ع س ي	1	1	1	1	1	1	intra_ayah:12:83:root:42
co-12_83-04881	12:83	w-s012-a083-w008	w-s012-a083-w017	ج م ل	ع ل م	9	5	5	1	1	1	intra_ayah:12:83:root:43
co-12_83-04882	12:83	w-s012-a083-w008	w-s012-a083-w001	ج م ل	ق و ل	7	5	5	1	5	5	intra_ayah:12:83:root:44
co-12_83-04883	12:83	w-s012-a083-w008	w-s012-a083-w005	ج م ل	ن ف س	3	3	3	1	2	2	intra_ayah:12:83:root:45
co-12_83-04884	12:83	w-s012-a083-w018	w-s012-a083-w003	ح ك م	س و ل	15	10	10	1	1	1	intra_ayah:12:83:root:46
co-12_83-04885	12:83	w-s012-a083-w018	w-s012-a083-w007	ح ك م	ص ب ر	11	7	7	1	6	8	intra_ayah:12:83:root:47
co-12_83-04886	12:83	w-s012-a083-w018	w-s012-a083-w009	ح ك م	ع س ي	9	5	5	1	1	1	intra_ayah:12:83:root:48
co-12_83-04887	12:83	w-s012-a083-w018	w-s012-a083-w017	ح ك م	ع ل م	1	1	1	1	71	94	intra_ayah:12:83:root:49
co-12_83-04888	12:83	w-s012-a083-w012	w-s012-a083-w018	ء ت ي	ح ك م	6	3	3	1	26	39	intra_ayah:12:83:root:5
co-12_83-04889	12:83	w-s012-a083-w018	w-s012-a083-w001	ح ك م	ق و ل	17	11	11	1	34	51	intra_ayah:12:83:root:50
co-12_83-04890	12:83	w-s012-a083-w018	w-s012-a083-w005	ح ك م	ن ف س	13	9	9	1	10	11	intra_ayah:12:83:root:51
co-12_83-04891	12:83	w-s012-a083-w003	w-s012-a083-w007	س و ل	ص ب ر	4	3	3	1	2	2	intra_ayah:12:83:root:52
co-12_83-04892	12:83	w-s012-a083-w003	w-s012-a083-w009	س و ل	ع س ي	6	5	5	1	1	1	intra_ayah:12:83:root:53
co-12_83-04893	12:83	w-s012-a083-w003	w-s012-a083-w017	س و ل	ع ل م	14	9	9	1	1	1	intra_ayah:12:83:root:54
co-12_83-04894	12:83	w-s012-a083-w003	w-s012-a083-w001	س و ل	ق و ل	2	1	1	1	3	3	intra_ayah:12:83:root:55
co-12_83-04895	12:83	w-s012-a083-w003	w-s012-a083-w005	س و ل	ن ف س	2	1	1	1	3	3	intra_ayah:12:83:root:56
co-12_83-04896	12:83	w-s012-a083-w007	w-s012-a083-w009	ص ب ر	ع س ي	2	2	2	1	1	1	intra_ayah:12:83:root:57
co-12_83-04897	12:83	w-s012-a083-w007	w-s012-a083-w017	ص ب ر	ع ل م	10	6	6	1	9	11	intra_ayah:12:83:root:58
co-12_83-04898	12:83	w-s012-a083-w007	w-s012-a083-w001	ص ب ر	ق و ل	6	4	4	1	21	29	intra_ayah:12:83:root:59
co-12_83-04899	12:83	w-s012-a083-w012	w-s012-a083-w003	ء ت ي	س و ل	9	7	7	1	1	1	intra_ayah:12:83:root:6
co-12_83-04900	12:83	w-s012-a083-w007	w-s012-a083-w005	ص ب ر	ن ف س	2	2	2	1	6	6	intra_ayah:12:83:root:60
co-12_83-04901	12:83	w-s012-a083-w009	w-s012-a083-w017	ع س ي	ع ل م	8	4	4	1	4	8	intra_ayah:12:83:root:61
co-12_83-04902	12:83	w-s012-a083-w009	w-s012-a083-w001	ع س ي	ق و ل	8	6	6	1	11	17	intra_ayah:12:83:root:62
co-12_83-04903	12:83	w-s012-a083-w009	w-s012-a083-w005	ع س ي	ن ف س	4	4	4	1	4	5	intra_ayah:12:83:root:63
co-12_83-04904	12:83	w-s012-a083-w017	w-s012-a083-w001	ع ل م	ق و ل	16	10	10	1	230	414	intra_ayah:12:83:root:64
co-12_83-04905	12:83	w-s012-a083-w017	w-s012-a083-w005	ع ل م	ن ف س	12	8	8	1	45	81	intra_ayah:12:83:root:65
co-12_83-04906	12:83	w-s012-a083-w001	w-s012-a083-w005	ق و ل	ن ف س	4	2	2	1	67	123	intra_ayah:12:83:root:66
co-12_83-04907	12:83	w-s012-a083-w012	w-s012-a083-w007	ء ت ي	ص ب ر	5	4	4	1	8	10	intra_ayah:12:83:root:7
co-12_83-04908	12:83	w-s012-a083-w012	w-s012-a083-w009	ء ت ي	ع س ي	3	2	2	1	6	7	intra_ayah:12:83:root:8
co-12_83-04909	12:83	w-s012-a083-w012	w-s012-a083-w017	ء ت ي	ع ل م	5	2	2	1	86	118	intra_ayah:12:83:root:9
co-12_84-04910	12:84	w-s012-a084-w004	w-s012-a084-w007	ء س ف	ب ي ض	3	1	1	1	1	1	intra_ayah:12:84:root:1
co-12_84-04911	12:84	w-s012-a084-w007	w-s012-a084-w012	ب ي ض	ك ظ م	5	3	3	1	1	1	intra_ayah:12:84:root:10
co-12_84-04912	12:84	w-s012-a084-w007	w-s012-a084-w001	ب ي ض	و ل ي	6	3	3	1	1	1	intra_ayah:12:84:root:11
co-12_84-04913	12:84	w-s012-a084-w010	w-s012-a084-w008	ح ز ن	ع ي ن	2	1	1	1	6	6	intra_ayah:12:84:root:12
co-12_84-04914	12:84	w-s012-a084-w010	w-s012-a084-w003	ح ز ن	ق و ل	7	4	4	1	15	16	intra_ayah:12:84:root:13
co-12_84-04915	12:84	w-s012-a084-w010	w-s012-a084-w012	ح ز ن	ك ظ م	2	1	1	1	1	1	intra_ayah:12:84:root:14
co-12_84-04916	12:84	w-s012-a084-w010	w-s012-a084-w001	ح ز ن	و ل ي	9	5	5	1	3	3	intra_ayah:12:84:root:15
co-12_84-04917	12:84	w-s012-a084-w008	w-s012-a084-w003	ع ي ن	ق و ل	5	3	3	1	15	17	intra_ayah:12:84:root:16
co-12_84-04918	12:84	w-s012-a084-w008	w-s012-a084-w012	ع ي ن	ك ظ م	4	2	2	1	1	1	intra_ayah:12:84:root:17
co-12_84-04919	12:84	w-s012-a084-w008	w-s012-a084-w001	ع ي ن	و ل ي	7	4	4	1	2	2	intra_ayah:12:84:root:18
co-12_84-04920	12:84	w-s012-a084-w003	w-s012-a084-w012	ق و ل	ك ظ م	9	5	5	1	1	1	intra_ayah:12:84:root:19
co-12_84-04921	12:84	w-s012-a084-w004	w-s012-a084-w010	ء س ف	ح ز ن	6	3	3	1	1	1	intra_ayah:12:84:root:2
co-12_84-04922	12:84	w-s012-a084-w003	w-s012-a084-w001	ق و ل	و ل ي	2	1	1	1	39	55	intra_ayah:12:84:root:20
co-12_84-04923	12:84	w-s012-a084-w012	w-s012-a084-w001	ك ظ م	و ل ي	11	6	6	1	1	1	intra_ayah:12:84:root:21
co-12_84-04924	12:84	w-s012-a084-w004	w-s012-a084-w008	ء س ف	ع ي ن	4	2	2	1	1	1	intra_ayah:12:84:root:3
co-12_84-04925	12:84	w-s012-a084-w004	w-s012-a084-w003	ء س ف	ق و ل	1	1	1	1	3	4	intra_ayah:12:84:root:4
co-12_84-04926	12:84	w-s012-a084-w004	w-s012-a084-w012	ء س ف	ك ظ م	8	4	4	1	1	1	intra_ayah:12:84:root:5
co-12_84-04927	12:84	w-s012-a084-w004	w-s012-a084-w001	ء س ف	و ل ي	3	2	2	1	1	1	intra_ayah:12:84:root:6
co-12_84-04928	12:84	w-s012-a084-w007	w-s012-a084-w010	ب ي ض	ح ز ن	3	2	2	1	1	1	intra_ayah:12:84:root:7
co-12_84-04929	12:84	w-s012-a084-w007	w-s012-a084-w008	ب ي ض	ع ي ن	1	1	1	1	1	1	intra_ayah:12:84:root:8
co-12_84-04930	12:84	w-s012-a084-w007	w-s012-a084-w003	ب ي ض	ق و ل	4	2	2	1	1	1	intra_ayah:12:84:root:9
co-12_85-04931	12:85	w-s012-a085-w002	w-s012-a085-w008	ء ل ه	ح ر ض	6	4	4	1	2	4	intra_ayah:12:85:root:1
co-12_85-04932	12:85	w-s012-a085-w008	w-s012-a085-w007	ح ر ض	ك و ن	1	1	1	2	2	4	intra_ayah:12:85:root:10
co-12_85-04933	12:85	w-s012-a085-w008	w-s012-a085-w010	ح ر ض	ك و ن	2	1	1	2	2	4	intra_ayah:12:85:root:10
co-12_85-04934	12:85	w-s012-a085-w008	w-s012-a085-w012	ح ر ض	ه ل ك	4	2	2	1	1	1	intra_ayah:12:85:root:11
co-12_85-04935	12:85	w-s012-a085-w004	w-s012-a085-w003	ذ ك ر	ف ت ء	1	1	1	1	1	1	intra_ayah:12:85:root:12
co-12_85-04936	12:85	w-s012-a085-w004	w-s012-a085-w001	ذ ك ر	ق و ل	3	3	3	1	48	58	intra_ayah:12:85:root:13
co-12_85-04937	12:85	w-s012-a085-w004	w-s012-a085-w007	ذ ك ر	ك و ن	3	1	3	2	50	70	intra_ayah:12:85:root:14
co-12_85-04938	12:85	w-s012-a085-w004	w-s012-a085-w010	ذ ك ر	ك و ن	6	1	3	2	50	70	intra_ayah:12:85:root:14
co-12_85-04939	12:85	w-s012-a085-w004	w-s012-a085-w012	ذ ك ر	ه ل ك	8	4	4	1	4	4	intra_ayah:12:85:root:15
co-12_85-04940	12:85	w-s012-a085-w003	w-s012-a085-w001	ف ت ء	ق و ل	2	2	2	1	1	1	intra_ayah:12:85:root:16
co-12_85-04941	12:85	w-s012-a085-w003	w-s012-a085-w007	ف ت ء	ك و ن	4	2	4	2	1	2	intra_ayah:12:85:root:17
co-12_85-04942	12:85	w-s012-a085-w003	w-s012-a085-w010	ف ت ء	ك و ن	7	2	4	2	1	2	intra_ayah:12:85:root:17
co-12_85-04943	12:85	w-s012-a085-w003	w-s012-a085-w012	ف ت ء	ه ل ك	9	5	5	1	1	1	intra_ayah:12:85:root:18
co-12_85-04944	12:85	w-s012-a085-w001	w-s012-a085-w007	ق و ل	ك و ن	6	4	6	2	369	573	intra_ayah:12:85:root:19
co-12_85-04945	12:85	w-s012-a085-w001	w-s012-a085-w010	ق و ل	ك و ن	9	4	6	2	369	573	intra_ayah:12:85:root:19
co-12_85-04946	12:85	w-s012-a085-w002	w-s012-a085-w004	ء ل ه	ذ ك ر	2	2	2	1	91	166	intra_ayah:12:85:root:2
co-12_85-04947	12:85	w-s012-a085-w001	w-s012-a085-w012	ق و ل	ه ل ك	11	7	7	1	18	23	intra_ayah:12:85:root:20
co-12_85-04948	12:85	w-s012-a085-w007	w-s012-a085-w012	ك و ن	ه ل ك	5	1	3	2	16	23	intra_ayah:12:85:root:21
co-12_85-04949	12:85	w-s012-a085-w010	w-s012-a085-w012	ك و ن	ه ل ك	2	1	3	2	16	23	intra_ayah:12:85:root:21
co-12_85-04950	12:85	w-s012-a085-w002	w-s012-a085-w003	ء ل ه	ف ت ء	1	1	1	1	1	1	intra_ayah:12:85:root:3
co-12_85-04951	12:85	w-s012-a085-w002	w-s012-a085-w001	ء ل ه	ق و ل	1	1	1	1	514	1188	intra_ayah:12:85:root:4
co-12_85-04952	12:85	w-s012-a085-w002	w-s012-a085-w007	ء ل ه	ك و ن	5	3	5	2	441	974	intra_ayah:12:85:root:5
co-12_85-04953	12:85	w-s012-a085-w002	w-s012-a085-w010	ء ل ه	ك و ن	8	3	5	2	441	974	intra_ayah:12:85:root:5
co-12_85-04954	12:85	w-s012-a085-w002	w-s012-a085-w012	ء ل ه	ه ل ك	10	6	6	1	15	28	intra_ayah:12:85:root:6
co-12_85-04955	12:85	w-s012-a085-w008	w-s012-a085-w004	ح ر ض	ذ ك ر	4	2	2	1	1	1	intra_ayah:12:85:root:7
co-12_85-04956	12:85	w-s012-a085-w008	w-s012-a085-w003	ح ر ض	ف ت ء	5	3	3	1	1	1	intra_ayah:12:85:root:8
co-12_85-04957	12:85	w-s012-a085-w008	w-s012-a085-w001	ح ر ض	ق و ل	7	5	5	1	1	1	intra_ayah:12:85:root:9
co-12_86-04958	12:86	w-s012-a086-w007	w-s012-a086-w004	ء ل ه	ب ث ث	3	2	4	2	3	5	intra_ayah:12:86:root:1
co-12_86-04959	12:86	w-s012-a086-w010	w-s012-a086-w004	ء ل ه	ب ث ث	6	2	4	2	3	5	intra_ayah:12:86:root:1
co-12_86-04960	12:86	w-s012-a086-w005	w-s012-a086-w003	ح ز ن	ش ك و	2	2	2	1	1	1	intra_ayah:12:86:root:10
co-12_86-04961	12:86	w-s012-a086-w005	w-s012-a086-w008	ح ز ن	ع ل م	3	2	4	2	7	10	intra_ayah:12:86:root:11
co-12_86-04962	12:86	w-s012-a086-w005	w-s012-a086-w013	ح ز ن	ع ل م	8	2	4	2	7	10	intra_ayah:12:86:root:11
co-12_86-04963	12:86	w-s012-a086-w005	w-s012-a086-w001	ح ز ن	ق و ل	4	3	3	1	15	16	intra_ayah:12:86:root:12
co-12_86-04964	12:86	w-s012-a086-w003	w-s012-a086-w008	ش ك و	ع ل م	5	4	6	2	2	3	intra_ayah:12:86:root:13
co-12_86-04965	12:86	w-s012-a086-w003	w-s012-a086-w013	ش ك و	ع ل م	10	4	6	2	2	3	intra_ayah:12:86:root:13
co-12_86-04966	12:86	w-s012-a086-w003	w-s012-a086-w001	ش ك و	ق و ل	2	1	1	1	2	2	intra_ayah:12:86:root:14
co-12_86-04967	12:86	w-s012-a086-w008	w-s012-a086-w001	ع ل م	ق و ل	7	5	7	2	230	414	intra_ayah:12:86:root:15
co-12_86-04968	12:86	w-s012-a086-w013	w-s012-a086-w001	ع ل م	ق و ل	12	5	7	2	230	414	intra_ayah:12:86:root:15
co-12_86-04969	12:86	w-s012-a086-w007	w-s012-a086-w005	ء ل ه	ح ز ن	2	1	3	2	23	33	intra_ayah:12:86:root:2
co-12_86-04970	12:86	w-s012-a086-w010	w-s012-a086-w005	ء ل ه	ح ز ن	5	1	3	2	23	33	intra_ayah:12:86:root:2
co-12_86-04971	12:86	w-s012-a086-w007	w-s012-a086-w003	ء ل ه	ش ك و	4	3	5	2	3	10	intra_ayah:12:86:root:3
co-12_86-04972	12:86	w-s012-a086-w010	w-s012-a086-w003	ء ل ه	ش ك و	7	3	5	2	3	10	intra_ayah:12:86:root:3
co-12_86-04973	12:86	w-s012-a086-w007	w-s012-a086-w008	ء ل ه	ع ل م	1	1	3	4	408	878	intra_ayah:12:86:root:4
co-12_86-04974	12:86	w-s012-a086-w007	w-s012-a086-w013	ء ل ه	ع ل م	6	1	3	4	408	878	intra_ayah:12:86:root:4
co-12_86-04975	12:86	w-s012-a086-w010	w-s012-a086-w008	ء ل ه	ع ل م	2	1	3	4	408	878	intra_ayah:12:86:root:4
co-12_86-04976	12:86	w-s012-a086-w010	w-s012-a086-w013	ء ل ه	ع ل م	3	1	3	4	408	878	intra_ayah:12:86:root:4
co-12_86-04977	12:86	w-s012-a086-w007	w-s012-a086-w001	ء ل ه	ق و ل	6	4	6	2	514	1188	intra_ayah:12:86:root:5
co-12_86-04978	12:86	w-s012-a086-w010	w-s012-a086-w001	ء ل ه	ق و ل	9	4	6	2	514	1188	intra_ayah:12:86:root:5
co-12_86-04979	12:86	w-s012-a086-w004	w-s012-a086-w005	ب ث ث	ح ز ن	1	1	1	1	1	1	intra_ayah:12:86:root:6
co-12_86-04980	12:86	w-s012-a086-w004	w-s012-a086-w003	ب ث ث	ش ك و	1	1	1	1	1	1	intra_ayah:12:86:root:7
co-12_86-04981	12:86	w-s012-a086-w004	w-s012-a086-w008	ب ث ث	ع ل م	4	3	5	2	1	2	intra_ayah:12:86:root:8
co-12_86-04982	12:86	w-s012-a086-w004	w-s012-a086-w013	ب ث ث	ع ل م	9	3	5	2	1	2	intra_ayah:12:86:root:8
co-12_86-04983	12:86	w-s012-a086-w004	w-s012-a086-w001	ب ث ث	ق و ل	3	2	2	1	1	1	intra_ayah:12:86:root:9
co-12_87-04984	12:87	w-s012-a087-w006	w-s012-a087-w011	ء خ و	ء ل ه	5	3	6	2	32	84	intra_ayah:12:87:root:1
co-12_87-04985	12:87	w-s012-a087-w006	w-s012-a087-w017	ء خ و	ء ل ه	11	3	6	2	32	84	intra_ayah:12:87:root:1
co-12_87-04986	12:87	w-s012-a087-w011	w-s012-a087-w003	ء ل ه	ح س س	8	4	7	2	3	7	intra_ayah:12:87:root:10
co-12_87-04987	12:87	w-s012-a087-w017	w-s012-a087-w003	ء ل ه	ح س س	14	4	7	2	3	7	intra_ayah:12:87:root:10
co-12_87-04988	12:87	w-s012-a087-w011	w-s012-a087-w002	ء ل ه	ذ ه ب	9	5	8	2	23	38	intra_ayah:12:87:root:11
co-12_87-04989	12:87	w-s012-a087-w017	w-s012-a087-w002	ء ل ه	ذ ه ب	15	5	8	2	23	38	intra_ayah:12:87:root:11
co-12_87-04990	12:87	w-s012-a087-w011	w-s012-a087-w010	ء ل ه	ر و ح	1	1	4	4	17	38	intra_ayah:12:87:root:12
co-12_87-04991	12:87	w-s012-a087-w011	w-s012-a087-w016	ء ل ه	ر و ح	5	1	4	4	17	38	intra_ayah:12:87:root:12
co-12_87-04992	12:87	w-s012-a087-w017	w-s012-a087-w010	ء ل ه	ر و ح	7	1	4	4	17	38	intra_ayah:12:87:root:12
co-12_87-04993	12:87	w-s012-a087-w017	w-s012-a087-w016	ء ل ه	ر و ح	1	1	4	4	17	38	intra_ayah:12:87:root:12
co-12_87-04994	12:87	w-s012-a087-w011	w-s012-a087-w019	ء ل ه	ق و م	8	1	4	2	242	460	intra_ayah:12:87:root:13
co-12_87-04995	12:87	w-s012-a087-w017	w-s012-a087-w019	ء ل ه	ق و م	2	1	4	2	242	460	intra_ayah:12:87:root:13
co-12_87-04996	12:87	w-s012-a087-w011	w-s012-a087-w020	ء ل ه	ك ف ر	9	2	5	2	225	443	intra_ayah:12:87:root:14
co-12_87-04997	12:87	w-s012-a087-w017	w-s012-a087-w020	ء ل ه	ك ف ر	3	2	5	2	225	443	intra_ayah:12:87:root:14
co-12_87-04998	12:87	w-s012-a087-w011	w-s012-a087-w008	ء ل ه	ي ء س	3	1	5	4	7	16	intra_ayah:12:87:root:15
co-12_87-04999	12:87	w-s012-a087-w011	w-s012-a087-w014	ء ل ه	ي ء س	3	1	5	4	7	16	intra_ayah:12:87:root:15
co-12_87-05000	12:87	w-s012-a087-w017	w-s012-a087-w008	ء ل ه	ي ء س	9	1	5	4	7	16	intra_ayah:12:87:root:15
co-12_87-05001	12:87	w-s012-a087-w017	w-s012-a087-w014	ء ل ه	ي ء س	3	1	5	4	7	16	intra_ayah:12:87:root:15
co-12_87-05002	12:87	w-s012-a087-w001	w-s012-a087-w003	ب ن ي	ح س س	2	2	2	1	1	1	intra_ayah:12:87:root:16
co-12_87-05003	12:87	w-s012-a087-w001	w-s012-a087-w002	ب ن ي	ذ ه ب	1	1	1	1	2	2	intra_ayah:12:87:root:17
co-12_87-05004	12:87	w-s012-a087-w001	w-s012-a087-w010	ب ن ي	ر و ح	9	5	8	2	8	10	intra_ayah:12:87:root:18
co-12_87-05005	12:87	w-s012-a087-w001	w-s012-a087-w016	ب ن ي	ر و ح	15	5	8	2	8	10	intra_ayah:12:87:root:18
co-12_87-05006	12:87	w-s012-a087-w001	w-s012-a087-w019	ب ن ي	ق و م	18	10	10	1	19	26	intra_ayah:12:87:root:19
co-12_87-05007	12:87	w-s012-a087-w006	w-s012-a087-w001	ء خ و	ب ن ي	5	3	3	1	9	47	intra_ayah:12:87:root:2
co-12_87-05008	12:87	w-s012-a087-w001	w-s012-a087-w020	ب ن ي	ك ف ر	19	11	11	1	13	21	intra_ayah:12:87:root:20
co-12_87-05009	12:87	w-s012-a087-w001	w-s012-a087-w008	ب ن ي	ي ء س	7	4	7	2	1	2	intra_ayah:12:87:root:21
co-12_87-05010	12:87	w-s012-a087-w001	w-s012-a087-w014	ب ن ي	ي ء س	13	4	7	2	1	2	intra_ayah:12:87:root:21
co-12_87-05011	12:87	w-s012-a087-w003	w-s012-a087-w002	ح س س	ذ ه ب	1	1	1	1	1	1	intra_ayah:12:87:root:22
co-12_87-05012	12:87	w-s012-a087-w003	w-s012-a087-w010	ح س س	ر و ح	7	3	6	2	1	2	intra_ayah:12:87:root:23
co-12_87-05013	12:87	w-s012-a087-w003	w-s012-a087-w016	ح س س	ر و ح	13	3	6	2	1	2	intra_ayah:12:87:root:23
co-12_87-05014	12:87	w-s012-a087-w003	w-s012-a087-w019	ح س س	ق و م	16	8	8	1	1	1	intra_ayah:12:87:root:24
co-12_87-05015	12:87	w-s012-a087-w003	w-s012-a087-w020	ح س س	ك ف ر	17	9	9	1	2	2	intra_ayah:12:87:root:25
co-12_87-05016	12:87	w-s012-a087-w003	w-s012-a087-w008	ح س س	ي ء س	5	2	5	2	1	2	intra_ayah:12:87:root:26
co-12_87-05017	12:87	w-s012-a087-w003	w-s012-a087-w014	ح س س	ي ء س	11	2	5	2	1	2	intra_ayah:12:87:root:26
co-12_87-05018	12:87	w-s012-a087-w002	w-s012-a087-w010	ذ ه ب	ر و ح	8	4	7	2	2	3	intra_ayah:12:87:root:27
co-12_87-05019	12:87	w-s012-a087-w002	w-s012-a087-w016	ذ ه ب	ر و ح	14	4	7	2	2	3	intra_ayah:12:87:root:27
co-12_87-05020	12:87	w-s012-a087-w002	w-s012-a087-w019	ذ ه ب	ق و م	17	9	9	1	7	7	intra_ayah:12:87:root:28
co-12_87-05021	12:87	w-s012-a087-w002	w-s012-a087-w020	ذ ه ب	ك ف ر	18	10	10	1	4	5	intra_ayah:12:87:root:29
co-12_87-05022	12:87	w-s012-a087-w006	w-s012-a087-w003	ء خ و	ح س س	3	1	1	1	1	1	intra_ayah:12:87:root:3
co-12_87-05023	12:87	w-s012-a087-w002	w-s012-a087-w008	ذ ه ب	ي ء س	6	3	6	2	1	2	intra_ayah:12:87:root:30
co-12_87-05024	12:87	w-s012-a087-w002	w-s012-a087-w014	ذ ه ب	ي ء س	12	3	6	2	1	2	intra_ayah:12:87:root:30
co-12_87-05025	12:87	w-s012-a087-w010	w-s012-a087-w019	ر و ح	ق و م	9	2	5	2	7	8	intra_ayah:12:87:root:31
co-12_87-05026	12:87	w-s012-a087-w016	w-s012-a087-w019	ر و ح	ق و م	3	2	5	2	7	8	intra_ayah:12:87:root:31
co-12_87-05027	12:87	w-s012-a087-w010	w-s012-a087-w020	ر و ح	ك ف ر	10	3	6	2	6	7	intra_ayah:12:87:root:32
co-12_87-05028	12:87	w-s012-a087-w016	w-s012-a087-w020	ر و ح	ك ف ر	4	3	6	2	6	7	intra_ayah:12:87:root:32
co-12_87-05029	12:87	w-s012-a087-w010	w-s012-a087-w008	ر و ح	ي ء س	2	1	4	4	1	4	intra_ayah:12:87:root:33
co-12_87-05030	12:87	w-s012-a087-w010	w-s012-a087-w014	ر و ح	ي ء س	4	1	4	4	1	4	intra_ayah:12:87:root:33
co-12_87-05031	12:87	w-s012-a087-w016	w-s012-a087-w008	ر و ح	ي ء س	8	1	4	4	1	4	intra_ayah:12:87:root:33
co-12_87-05032	12:87	w-s012-a087-w016	w-s012-a087-w014	ر و ح	ي ء س	2	1	4	4	1	4	intra_ayah:12:87:root:33
co-12_87-05033	12:87	w-s012-a087-w019	w-s012-a087-w020	ق و م	ك ف ر	1	1	1	1	55	71	intra_ayah:12:87:root:34
co-12_87-05034	12:87	w-s012-a087-w019	w-s012-a087-w008	ق و م	ي ء س	11	3	6	2	3	5	intra_ayah:12:87:root:35
co-12_87-05035	12:87	w-s012-a087-w019	w-s012-a087-w014	ق و م	ي ء س	5	3	6	2	3	5	intra_ayah:12:87:root:35
co-12_87-05036	12:87	w-s012-a087-w020	w-s012-a087-w008	ك ف ر	ي ء س	12	4	7	2	6	8	intra_ayah:12:87:root:36
co-12_87-05037	12:87	w-s012-a087-w020	w-s012-a087-w014	ك ف ر	ي ء س	6	4	7	2	6	8	intra_ayah:12:87:root:36
co-12_87-05038	12:87	w-s012-a087-w006	w-s012-a087-w002	ء خ و	ذ ه ب	4	2	2	1	2	2	intra_ayah:12:87:root:4
co-12_87-05039	12:87	w-s012-a087-w006	w-s012-a087-w010	ء خ و	ر و ح	4	2	5	2	2	3	intra_ayah:12:87:root:5
co-12_87-05040	12:87	w-s012-a087-w006	w-s012-a087-w016	ء خ و	ر و ح	10	2	5	2	2	3	intra_ayah:12:87:root:5
co-12_87-05041	12:87	w-s012-a087-w006	w-s012-a087-w019	ء خ و	ق و م	13	7	7	1	17	21	intra_ayah:12:87:root:6
co-12_87-05042	12:87	w-s012-a087-w006	w-s012-a087-w020	ء خ و	ك ف ر	14	8	8	1	5	5	intra_ayah:12:87:root:7
co-12_87-05043	12:87	w-s012-a087-w006	w-s012-a087-w008	ء خ و	ي ء س	2	1	4	2	1	2	intra_ayah:12:87:root:8
co-12_87-05044	12:87	w-s012-a087-w006	w-s012-a087-w014	ء خ و	ي ء س	8	1	4	2	1	2	intra_ayah:12:87:root:8
co-12_87-05045	12:87	w-s012-a087-w011	w-s012-a087-w001	ء ل ه	ب ن ي	10	6	9	2	68	172	intra_ayah:12:87:root:9
co-12_87-05046	12:87	w-s012-a087-w017	w-s012-a087-w001	ء ل ه	ب ن ي	16	6	9	2	68	172	intra_ayah:12:87:root:9
co-12_88-05047	12:88	w-s012-a088-w019	w-s012-a088-w008	ء ل ه	ء ه ل	11	8	8	1	42	85	intra_ayah:12:88:root:1
co-12_88-05048	12:88	w-s012-a088-w019	w-s012-a088-w004	ء ل ه	ق و ل	15	11	11	1	514	1188	intra_ayah:12:88:root:10
co-12_88-05049	12:88	w-s012-a088-w019	w-s012-a088-w015	ء ل ه	ك ي ل	4	2	2	1	4	6	intra_ayah:12:88:root:11
co-12_88-05050	12:88	w-s012-a088-w019	w-s012-a088-w007	ء ل ه	م س س	12	9	9	1	26	46	intra_ayah:12:88:root:12
co-12_88-05051	12:88	w-s012-a088-w019	w-s012-a088-w013	ء ل ه	و ف ي	6	3	3	1	31	47	intra_ayah:12:88:root:13
co-12_88-05052	12:88	w-s012-a088-w008	w-s012-a088-w011	ء ه ل	ب ض ع	3	3	3	1	3	4	intra_ayah:12:88:root:14
co-12_88-05053	12:88	w-s012-a088-w008	w-s012-a088-w020	ء ه ل	ج ز ي	12	9	9	1	3	3	intra_ayah:12:88:root:15
co-12_88-05054	12:88	w-s012-a088-w008	w-s012-a088-w010	ء ه ل	ج ي ء	2	2	2	1	12	16	intra_ayah:12:88:root:16
co-12_88-05055	12:88	w-s012-a088-w008	w-s012-a088-w002	ء ه ل	د خ ل	6	4	4	1	5	5	intra_ayah:12:88:root:17
co-12_88-05056	12:88	w-s012-a088-w008	w-s012-a088-w012	ء ه ل	ز ج و	4	4	4	1	1	1	intra_ayah:12:88:root:18
co-12_88-05057	12:88	w-s012-a088-w008	w-s012-a088-w016	ء ه ل	ص د ق	8	7	10	2	5	8	intra_ayah:12:88:root:19
co-12_88-05058	12:88	w-s012-a088-w008	w-s012-a088-w021	ء ه ل	ص د ق	13	7	10	2	5	8	intra_ayah:12:88:root:19
co-12_88-05059	12:88	w-s012-a088-w019	w-s012-a088-w011	ء ل ه	ب ض ع	8	5	5	1	3	3	intra_ayah:12:88:root:2
co-12_88-05060	12:88	w-s012-a088-w008	w-s012-a088-w009	ء ه ل	ض ر ر	1	1	1	1	5	5	intra_ayah:12:88:root:20
co-12_88-05061	12:88	w-s012-a088-w008	w-s012-a088-w006	ء ه ل	ع ز ز	2	2	2	1	2	2	intra_ayah:12:88:root:21
co-12_88-05062	12:88	w-s012-a088-w008	w-s012-a088-w004	ء ه ل	ق و ل	4	3	3	1	46	61	intra_ayah:12:88:root:22
co-12_88-05063	12:88	w-s012-a088-w008	w-s012-a088-w015	ء ه ل	ك ي ل	7	6	6	1	2	3	intra_ayah:12:88:root:23
co-12_88-05064	12:88	w-s012-a088-w008	w-s012-a088-w007	ء ه ل	م س س	1	1	1	1	1	1	intra_ayah:12:88:root:24
co-12_88-05065	12:88	w-s012-a088-w008	w-s012-a088-w013	ء ه ل	و ف ي	5	5	5	1	1	1	intra_ayah:12:88:root:25
co-12_88-05066	12:88	w-s012-a088-w011	w-s012-a088-w020	ب ض ع	ج ز ي	9	6	6	1	1	1	intra_ayah:12:88:root:26
co-12_88-05067	12:88	w-s012-a088-w011	w-s012-a088-w010	ب ض ع	ج ي ء	1	1	1	1	2	2	intra_ayah:12:88:root:27
co-12_88-05068	12:88	w-s012-a088-w011	w-s012-a088-w002	ب ض ع	د خ ل	9	7	7	1	1	1	intra_ayah:12:88:root:28
co-12_88-05069	12:88	w-s012-a088-w011	w-s012-a088-w012	ب ض ع	ز ج و	1	1	1	1	1	1	intra_ayah:12:88:root:29
co-12_88-05070	12:88	w-s012-a088-w019	w-s012-a088-w020	ء ل ه	ج ز ي	1	1	1	1	38	54	intra_ayah:12:88:root:3
co-12_88-05071	12:88	w-s012-a088-w011	w-s012-a088-w016	ب ض ع	ص د ق	5	4	7	2	1	2	intra_ayah:12:88:root:30
co-12_88-05072	12:88	w-s012-a088-w011	w-s012-a088-w021	ب ض ع	ص د ق	10	4	7	2	1	2	intra_ayah:12:88:root:30
co-12_88-05073	12:88	w-s012-a088-w011	w-s012-a088-w009	ب ض ع	ض ر ر	2	2	2	1	1	1	intra_ayah:12:88:root:31
co-12_88-05074	12:88	w-s012-a088-w011	w-s012-a088-w006	ب ض ع	ع ز ز	5	5	5	1	1	1	intra_ayah:12:88:root:32
co-12_88-05075	12:88	w-s012-a088-w011	w-s012-a088-w004	ب ض ع	ق و ل	7	6	6	1	5	6	intra_ayah:12:88:root:33
co-12_88-05076	12:88	w-s012-a088-w011	w-s012-a088-w015	ب ض ع	ك ي ل	4	3	3	1	2	5	intra_ayah:12:88:root:34
co-12_88-05077	12:88	w-s012-a088-w011	w-s012-a088-w007	ب ض ع	م س س	4	4	4	1	1	1	intra_ayah:12:88:root:35
co-12_88-05078	12:88	w-s012-a088-w011	w-s012-a088-w013	ب ض ع	و ف ي	2	2	2	1	1	1	intra_ayah:12:88:root:36
co-12_88-05079	12:88	w-s012-a088-w020	w-s012-a088-w010	ج ز ي	ج ي ء	10	7	7	1	7	10	intra_ayah:12:88:root:37
co-12_88-05080	12:88	w-s012-a088-w020	w-s012-a088-w002	ج ز ي	د خ ل	18	13	13	1	4	4	intra_ayah:12:88:root:38
co-12_88-05081	12:88	w-s012-a088-w020	w-s012-a088-w012	ج ز ي	ز ج و	8	5	5	1	1	1	intra_ayah:12:88:root:39
co-12_88-05082	12:88	w-s012-a088-w019	w-s012-a088-w010	ء ل ه	ج ي ء	9	6	6	1	97	161	intra_ayah:12:88:root:4
co-12_88-05083	12:88	w-s012-a088-w020	w-s012-a088-w016	ج ز ي	ص د ق	4	1	2	2	4	6	intra_ayah:12:88:root:40
co-12_88-05084	12:88	w-s012-a088-w020	w-s012-a088-w021	ج ز ي	ص د ق	1	1	2	2	4	6	intra_ayah:12:88:root:40
co-12_88-05085	12:88	w-s012-a088-w020	w-s012-a088-w009	ج ز ي	ض ر ر	11	8	8	1	2	2	intra_ayah:12:88:root:41
co-12_88-05086	12:88	w-s012-a088-w020	w-s012-a088-w006	ج ز ي	ع ز ز	14	11	11	1	3	3	intra_ayah:12:88:root:42
co-12_88-05087	12:88	w-s012-a088-w020	w-s012-a088-w004	ج ز ي	ق و ل	16	12	12	1	18	25	intra_ayah:12:88:root:43
co-12_88-05088	12:88	w-s012-a088-w020	w-s012-a088-w015	ج ز ي	ك ي ل	5	3	3	1	1	1	intra_ayah:12:88:root:44
co-12_88-05089	12:88	w-s012-a088-w020	w-s012-a088-w007	ج ز ي	م س س	13	10	10	1	1	1	intra_ayah:12:88:root:45
co-12_88-05090	12:88	w-s012-a088-w020	w-s012-a088-w013	ج ز ي	و ف ي	7	4	4	1	2	3	intra_ayah:12:88:root:46
co-12_88-05091	12:88	w-s012-a088-w010	w-s012-a088-w002	ج ي ء	د خ ل	8	6	6	1	6	7	intra_ayah:12:88:root:47
co-12_88-05092	12:88	w-s012-a088-w010	w-s012-a088-w012	ج ي ء	ز ج و	2	2	2	1	1	1	intra_ayah:12:88:root:48
co-12_88-05093	12:88	w-s012-a088-w010	w-s012-a088-w016	ج ي ء	ص د ق	6	5	8	2	16	19	intra_ayah:12:88:root:49
co-12_88-05094	12:88	w-s012-a088-w010	w-s012-a088-w021	ج ي ء	ص د ق	11	5	8	2	16	19	intra_ayah:12:88:root:49
co-12_88-05095	12:88	w-s012-a088-w019	w-s012-a088-w002	ء ل ه	د خ ل	17	12	12	1	48	88	intra_ayah:12:88:root:5
co-12_88-05096	12:88	w-s012-a088-w010	w-s012-a088-w009	ج ي ء	ض ر ر	1	1	1	1	3	3	intra_ayah:12:88:root:50
co-12_88-05097	12:88	w-s012-a088-w010	w-s012-a088-w006	ج ي ء	ع ز ز	4	4	4	1	5	5	intra_ayah:12:88:root:51
co-12_88-05098	12:88	w-s012-a088-w010	w-s012-a088-w004	ج ي ء	ق و ل	6	5	5	1	118	160	intra_ayah:12:88:root:52
co-12_88-05099	12:88	w-s012-a088-w010	w-s012-a088-w015	ج ي ء	ك ي ل	5	4	4	1	2	2	intra_ayah:12:88:root:53
co-12_88-05100	12:88	w-s012-a088-w010	w-s012-a088-w007	ج ي ء	م س س	3	3	3	1	3	3	intra_ayah:12:88:root:54
co-12_88-05101	12:88	w-s012-a088-w010	w-s012-a088-w013	ج ي ء	و ف ي	3	3	3	1	6	6	intra_ayah:12:88:root:55
co-12_88-05102	12:88	w-s012-a088-w002	w-s012-a088-w012	د خ ل	ز ج و	10	8	8	1	1	1	intra_ayah:12:88:root:56
co-12_88-05103	12:88	w-s012-a088-w002	w-s012-a088-w016	د خ ل	ص د ق	14	11	14	2	6	10	intra_ayah:12:88:root:57
co-12_88-05104	12:88	w-s012-a088-w002	w-s012-a088-w021	د خ ل	ص د ق	19	11	14	2	6	10	intra_ayah:12:88:root:57
co-12_88-05105	12:88	w-s012-a088-w002	w-s012-a088-w009	د خ ل	ض ر ر	7	5	5	1	2	2	intra_ayah:12:88:root:58
co-12_88-05106	12:88	w-s012-a088-w002	w-s012-a088-w006	د خ ل	ع ز ز	4	2	2	1	3	3	intra_ayah:12:88:root:59
co-12_88-05107	12:88	w-s012-a088-w019	w-s012-a088-w012	ء ل ه	ز ج و	7	4	4	1	2	2	intra_ayah:12:88:root:6
co-12_88-05108	12:88	w-s012-a088-w002	w-s012-a088-w004	د خ ل	ق و ل	2	1	1	1	39	66	intra_ayah:12:88:root:60
co-12_88-05109	12:88	w-s012-a088-w002	w-s012-a088-w015	د خ ل	ك ي ل	13	10	10	1	1	1	intra_ayah:12:88:root:61
co-12_88-05110	12:88	w-s012-a088-w002	w-s012-a088-w007	د خ ل	م س س	5	3	3	1	2	2	intra_ayah:12:88:root:62
co-12_88-05111	12:88	w-s012-a088-w002	w-s012-a088-w013	د خ ل	و ف ي	11	9	9	1	3	3	intra_ayah:12:88:root:63
co-12_88-05112	12:88	w-s012-a088-w012	w-s012-a088-w016	ز ج و	ص د ق	4	3	6	2	1	2	intra_ayah:12:88:root:64
co-12_88-05113	12:88	w-s012-a088-w012	w-s012-a088-w021	ز ج و	ص د ق	9	3	6	2	1	2	intra_ayah:12:88:root:64
co-12_88-05114	12:88	w-s012-a088-w012	w-s012-a088-w009	ز ج و	ض ر ر	3	3	3	1	1	1	intra_ayah:12:88:root:65
co-12_88-05115	12:88	w-s012-a088-w012	w-s012-a088-w006	ز ج و	ع ز ز	6	6	6	1	1	1	intra_ayah:12:88:root:66
co-12_88-05116	12:88	w-s012-a088-w012	w-s012-a088-w004	ز ج و	ق و ل	8	7	7	1	1	1	intra_ayah:12:88:root:67
co-12_88-05117	12:88	w-s012-a088-w012	w-s012-a088-w015	ز ج و	ك ي ل	3	2	2	1	1	1	intra_ayah:12:88:root:68
co-12_88-05118	12:88	w-s012-a088-w012	w-s012-a088-w007	ز ج و	م س س	5	5	5	1	1	1	intra_ayah:12:88:root:69
co-12_88-05119	12:88	w-s012-a088-w019	w-s012-a088-w016	ء ل ه	ص د ق	3	1	2	2	71	115	intra_ayah:12:88:root:7
co-12_88-05120	12:88	w-s012-a088-w019	w-s012-a088-w021	ء ل ه	ص د ق	2	1	2	2	71	115	intra_ayah:12:88:root:7
co-12_88-05121	12:88	w-s012-a088-w012	w-s012-a088-w013	ز ج و	و ف ي	1	1	1	1	1	1	intra_ayah:12:88:root:70
co-12_88-05122	12:88	w-s012-a088-w016	w-s012-a088-w009	ص د ق	ض ر ر	7	6	9	2	2	3	intra_ayah:12:88:root:71
co-12_88-05123	12:88	w-s012-a088-w021	w-s012-a088-w009	ص د ق	ض ر ر	12	6	9	2	2	3	intra_ayah:12:88:root:71
co-12_88-05124	12:88	w-s012-a088-w016	w-s012-a088-w006	ص د ق	ع ز ز	10	9	12	2	2	3	intra_ayah:12:88:root:72
co-12_88-05125	12:88	w-s012-a088-w021	w-s012-a088-w006	ص د ق	ع ز ز	15	9	12	2	2	3	intra_ayah:12:88:root:72
co-12_88-05126	12:88	w-s012-a088-w016	w-s012-a088-w004	ص د ق	ق و ل	12	10	13	2	54	72	intra_ayah:12:88:root:73
co-12_88-05127	12:88	w-s012-a088-w021	w-s012-a088-w004	ص د ق	ق و ل	17	10	13	2	54	72	intra_ayah:12:88:root:73
co-12_88-05128	12:88	w-s012-a088-w016	w-s012-a088-w015	ص د ق	ك ي ل	1	1	4	2	1	2	intra_ayah:12:88:root:74
co-12_88-05129	12:88	w-s012-a088-w021	w-s012-a088-w015	ص د ق	ك ي ل	6	1	4	2	1	2	intra_ayah:12:88:root:74
co-12_88-05130	12:88	w-s012-a088-w016	w-s012-a088-w007	ص د ق	م س س	9	8	11	2	1	2	intra_ayah:12:88:root:75
co-12_88-05131	12:88	w-s012-a088-w021	w-s012-a088-w007	ص د ق	م س س	14	8	11	2	1	2	intra_ayah:12:88:root:75
co-12_88-05132	12:88	w-s012-a088-w016	w-s012-a088-w013	ص د ق	و ف ي	3	2	5	2	2	3	intra_ayah:12:88:root:76
co-12_88-05133	12:88	w-s012-a088-w021	w-s012-a088-w013	ص د ق	و ف ي	8	2	5	2	2	3	intra_ayah:12:88:root:76
co-12_88-05134	12:88	w-s012-a088-w009	w-s012-a088-w006	ض ر ر	ع ز ز	3	3	3	1	1	1	intra_ayah:12:88:root:77
co-12_88-05135	12:88	w-s012-a088-w009	w-s012-a088-w004	ض ر ر	ق و ل	5	4	4	1	24	39	intra_ayah:12:88:root:78
co-12_88-05136	12:88	w-s012-a088-w009	w-s012-a088-w015	ض ر ر	ك ي ل	6	5	5	1	1	1	intra_ayah:12:88:root:79
co-12_88-05137	12:88	w-s012-a088-w019	w-s012-a088-w009	ء ل ه	ض ر ر	10	7	7	1	47	88	intra_ayah:12:88:root:8
co-12_88-05138	12:88	w-s012-a088-w009	w-s012-a088-w007	ض ر ر	م س س	2	2	2	1	17	23	intra_ayah:12:88:root:80
co-12_88-05139	12:88	w-s012-a088-w009	w-s012-a088-w013	ض ر ر	و ف ي	4	4	4	1	2	2	intra_ayah:12:88:root:81
co-12_88-05140	12:88	w-s012-a088-w006	w-s012-a088-w004	ع ز ز	ق و ل	2	1	1	1	24	31	intra_ayah:12:88:root:82
co-12_88-05141	12:88	w-s012-a088-w006	w-s012-a088-w015	ع ز ز	ك ي ل	9	8	8	1	1	1	intra_ayah:12:88:root:83
co-12_88-05142	12:88	w-s012-a088-w006	w-s012-a088-w007	ع ز ز	م س س	1	1	1	1	1	1	intra_ayah:12:88:root:84
co-12_88-05143	12:88	w-s012-a088-w006	w-s012-a088-w013	ع ز ز	و ف ي	7	7	7	1	2	2	intra_ayah:12:88:root:85
co-12_88-05144	12:88	w-s012-a088-w004	w-s012-a088-w015	ق و ل	ك ي ل	11	9	9	1	7	9	intra_ayah:12:88:root:86
co-12_88-05145	12:88	w-s012-a088-w004	w-s012-a088-w007	ق و ل	م س س	3	2	2	1	22	28	intra_ayah:12:88:root:87
co-12_88-05146	12:88	w-s012-a088-w004	w-s012-a088-w013	ق و ل	و ف ي	9	8	8	1	12	16	intra_ayah:12:88:root:88
co-12_88-05147	12:88	w-s012-a088-w015	w-s012-a088-w007	ك ي ل	م س س	8	7	7	1	1	1	intra_ayah:12:88:root:89
co-12_88-05148	12:88	w-s012-a088-w019	w-s012-a088-w006	ء ل ه	ع ز ز	13	10	10	1	69	117	intra_ayah:12:88:root:9
co-12_88-05149	12:88	w-s012-a088-w015	w-s012-a088-w013	ك ي ل	و ف ي	2	1	1	1	8	10	intra_ayah:12:88:root:90
co-12_88-05150	12:88	w-s012-a088-w007	w-s012-a088-w013	م س س	و ف ي	6	6	6	1	1	1	intra_ayah:12:88:root:91
co-12_89-05151	12:89	w-s012-a089-w007	w-s012-a089-w010	ء خ و	ج ه ل	3	1	1	1	1	1	intra_ayah:12:89:root:1
co-12_89-05152	12:89	w-s012-a089-w005	w-s012-a089-w001	ف ع ل	ق و ل	4	2	2	1	32	41	intra_ayah:12:89:root:10
co-12_89-05153	12:89	w-s012-a089-w007	w-s012-a089-w003	ء خ و	ع ل م	4	2	2	1	13	22	intra_ayah:12:89:root:2
co-12_89-05154	12:89	w-s012-a089-w007	w-s012-a089-w005	ء خ و	ف ع ل	2	1	1	1	1	1	intra_ayah:12:89:root:3
co-12_89-05155	12:89	w-s012-a089-w007	w-s012-a089-w001	ء خ و	ق و ل	6	3	3	1	43	54	intra_ayah:12:89:root:4
co-12_89-05156	12:89	w-s012-a089-w010	w-s012-a089-w003	ج ه ل	ع ل م	7	3	3	1	7	7	intra_ayah:12:89:root:5
co-12_89-05157	12:89	w-s012-a089-w010	w-s012-a089-w005	ج ه ل	ف ع ل	5	2	2	1	2	2	intra_ayah:12:89:root:6
co-12_89-05158	12:89	w-s012-a089-w010	w-s012-a089-w001	ج ه ل	ق و ل	9	4	4	1	11	17	intra_ayah:12:89:root:7
co-12_89-05159	12:89	w-s012-a089-w003	w-s012-a089-w005	ع ل م	ف ع ل	2	1	1	1	19	25	intra_ayah:12:89:root:8
co-12_89-05160	12:89	w-s012-a089-w003	w-s012-a089-w001	ع ل م	ق و ل	2	1	1	1	230	414	intra_ayah:12:89:root:9
co-12_90-05161	12:90	w-s012-a090-w022	w-s012-a090-w009	ء ج ر	ء خ و	13	7	7	1	1	1	intra_ayah:12:90:root:1
co-12_90-05162	12:90	w-s012-a090-w009	w-s012-a090-w023	ء خ و	ح س ن	14	8	8	1	3	3	intra_ayah:12:90:root:10
co-12_90-05163	12:90	w-s012-a090-w009	w-s012-a090-w017	ء خ و	ص ب ر	8	4	4	1	1	1	intra_ayah:12:90:root:11
co-12_90-05164	12:90	w-s012-a090-w009	w-s012-a090-w021	ء خ و	ض ي ع	12	6	6	1	1	1	intra_ayah:12:90:root:12
co-12_90-05165	12:90	w-s012-a090-w009	w-s012-a090-w001	ء خ و	ق و ل	8	1	2	2	43	54	intra_ayah:12:90:root:13
co-12_90-05166	12:90	w-s012-a090-w009	w-s012-a090-w005	ء خ و	ق و ل	4	1	2	2	43	54	intra_ayah:12:90:root:13
co-12_90-05167	12:90	w-s012-a090-w009	w-s012-a090-w011	ء خ و	م ن ن	2	1	1	1	1	1	intra_ayah:12:90:root:14
co-12_90-05168	12:90	w-s012-a090-w009	w-s012-a090-w016	ء خ و	و ق ي	7	3	3	1	9	12	intra_ayah:12:90:root:15
co-12_90-05169	12:90	w-s012-a090-w012	w-s012-a090-w023	ء ل ه	ح س ن	11	3	6	2	86	167	intra_ayah:12:90:root:16
co-12_90-05170	12:90	w-s012-a090-w019	w-s012-a090-w023	ء ل ه	ح س ن	4	3	6	2	86	167	intra_ayah:12:90:root:16
co-12_90-05171	12:90	w-s012-a090-w012	w-s012-a090-w017	ء ل ه	ص ب ر	5	1	2	2	37	62	intra_ayah:12:90:root:17
co-12_90-05172	12:90	w-s012-a090-w019	w-s012-a090-w017	ء ل ه	ص ب ر	2	1	2	2	37	62	intra_ayah:12:90:root:17
co-12_90-05173	12:90	w-s012-a090-w012	w-s012-a090-w021	ء ل ه	ض ي ع	9	1	4	2	6	13	intra_ayah:12:90:root:18
co-12_90-05174	12:90	w-s012-a090-w019	w-s012-a090-w021	ء ل ه	ض ي ع	2	1	4	2	6	13	intra_ayah:12:90:root:18
co-12_90-05175	12:90	w-s012-a090-w012	w-s012-a090-w001	ء ل ه	ق و ل	11	3	7	4	514	1188	intra_ayah:12:90:root:19
co-12_90-05176	12:90	w-s012-a090-w012	w-s012-a090-w005	ء ل ه	ق و ل	7	3	7	4	514	1188	intra_ayah:12:90:root:19
co-12_90-05177	12:90	w-s012-a090-w019	w-s012-a090-w001	ء ل ه	ق و ل	18	3	7	4	514	1188	intra_ayah:12:90:root:19
co-12_90-05178	12:90	w-s012-a090-w019	w-s012-a090-w005	ء ل ه	ق و ل	14	3	7	4	514	1188	intra_ayah:12:90:root:19
co-12_90-05179	12:90	w-s012-a090-w022	w-s012-a090-w012	ء ج ر	ء ل ه	10	2	5	2	54	96	intra_ayah:12:90:root:2
co-12_90-05180	12:90	w-s012-a090-w022	w-s012-a090-w019	ء ج ر	ء ل ه	3	2	5	2	54	96	intra_ayah:12:90:root:2
co-12_90-05181	12:90	w-s012-a090-w012	w-s012-a090-w011	ء ل ه	م ن ن	1	1	4	2	11	23	intra_ayah:12:90:root:20
co-12_90-05182	12:90	w-s012-a090-w019	w-s012-a090-w011	ء ل ه	م ن ن	8	1	4	2	11	23	intra_ayah:12:90:root:20
co-12_90-05183	12:90	w-s012-a090-w012	w-s012-a090-w016	ء ل ه	و ق ي	4	1	2	2	135	258	intra_ayah:12:90:root:21
co-12_90-05184	12:90	w-s012-a090-w019	w-s012-a090-w016	ء ل ه	و ق ي	3	1	2	2	135	258	intra_ayah:12:90:root:21
co-12_90-05185	12:90	w-s012-a090-w023	w-s012-a090-w017	ح س ن	ص ب ر	6	4	4	1	8	9	intra_ayah:12:90:root:22
co-12_90-05186	12:90	w-s012-a090-w023	w-s012-a090-w021	ح س ن	ض ي ع	2	2	2	1	6	6	intra_ayah:12:90:root:23
co-12_90-05187	12:90	w-s012-a090-w023	w-s012-a090-w001	ح س ن	ق و ل	22	9	10	2	41	64	intra_ayah:12:90:root:24
co-12_90-05188	12:90	w-s012-a090-w023	w-s012-a090-w005	ح س ن	ق و ل	18	9	10	2	41	64	intra_ayah:12:90:root:24
co-12_90-05189	12:90	w-s012-a090-w023	w-s012-a090-w011	ح س ن	م ن ن	12	7	7	1	1	1	intra_ayah:12:90:root:25
co-12_90-05190	12:90	w-s012-a090-w023	w-s012-a090-w016	ح س ن	و ق ي	7	5	5	1	12	22	intra_ayah:12:90:root:26
co-12_90-05191	12:90	w-s012-a090-w017	w-s012-a090-w021	ص ب ر	ض ي ع	4	2	2	1	2	2	intra_ayah:12:90:root:27
co-12_90-05192	12:90	w-s012-a090-w017	w-s012-a090-w001	ص ب ر	ق و ل	16	5	6	2	21	29	intra_ayah:12:90:root:28
co-12_90-05193	12:90	w-s012-a090-w017	w-s012-a090-w005	ص ب ر	ق و ل	12	5	6	2	21	29	intra_ayah:12:90:root:28
co-12_90-05194	12:90	w-s012-a090-w017	w-s012-a090-w011	ص ب ر	م ن ن	6	3	3	1	1	1	intra_ayah:12:90:root:29
co-12_90-05195	12:90	w-s012-a090-w022	w-s012-a090-w023	ء ج ر	ح س ن	1	1	1	1	22	24	intra_ayah:12:90:root:3
co-12_90-05196	12:90	w-s012-a090-w017	w-s012-a090-w016	ص ب ر	و ق ي	1	1	1	1	10	11	intra_ayah:12:90:root:30
co-12_90-05197	12:90	w-s012-a090-w021	w-s012-a090-w001	ض ي ع	ق و ل	20	7	8	2	1	2	intra_ayah:12:90:root:31
co-12_90-05198	12:90	w-s012-a090-w021	w-s012-a090-w005	ض ي ع	ق و ل	16	7	8	2	1	2	intra_ayah:12:90:root:31
co-12_90-05199	12:90	w-s012-a090-w021	w-s012-a090-w011	ض ي ع	م ن ن	10	5	5	1	1	1	intra_ayah:12:90:root:32
co-12_90-05200	12:90	w-s012-a090-w021	w-s012-a090-w016	ض ي ع	و ق ي	5	3	3	1	1	1	intra_ayah:12:90:root:33
co-12_90-05201	12:90	w-s012-a090-w001	w-s012-a090-w011	ق و ل	م ن ن	10	2	3	2	7	10	intra_ayah:12:90:root:34
co-12_90-05202	12:90	w-s012-a090-w005	w-s012-a090-w011	ق و ل	م ن ن	6	2	3	2	7	10	intra_ayah:12:90:root:34
co-12_90-05203	12:90	w-s012-a090-w001	w-s012-a090-w016	ق و ل	و ق ي	15	4	5	2	43	61	intra_ayah:12:90:root:35
co-12_90-05204	12:90	w-s012-a090-w005	w-s012-a090-w016	ق و ل	و ق ي	11	4	5	2	43	61	intra_ayah:12:90:root:35
co-12_90-05205	12:90	w-s012-a090-w011	w-s012-a090-w016	م ن ن	و ق ي	5	2	2	1	2	2	intra_ayah:12:90:root:36
co-12_90-05206	12:90	w-s012-a090-w022	w-s012-a090-w017	ء ج ر	ص ب ر	5	3	3	1	8	9	intra_ayah:12:90:root:4
co-12_90-05207	12:90	w-s012-a090-w022	w-s012-a090-w021	ء ج ر	ض ي ع	1	1	1	1	7	7	intra_ayah:12:90:root:5
co-12_90-05208	12:90	w-s012-a090-w022	w-s012-a090-w001	ء ج ر	ق و ل	21	8	9	2	15	19	intra_ayah:12:90:root:6
co-12_90-05209	12:90	w-s012-a090-w022	w-s012-a090-w005	ء ج ر	ق و ل	17	8	9	2	15	19	intra_ayah:12:90:root:6
co-12_90-05210	12:90	w-s012-a090-w022	w-s012-a090-w011	ء ج ر	م ن ن	11	6	6	1	6	6	intra_ayah:12:90:root:7
co-12_90-05211	12:90	w-s012-a090-w022	w-s012-a090-w016	ء ج ر	و ق ي	6	4	4	1	8	8	intra_ayah:12:90:root:8
co-12_90-05212	12:90	w-s012-a090-w009	w-s012-a090-w012	ء خ و	ء ل ه	3	2	5	2	32	84	intra_ayah:12:90:root:9
co-12_90-05213	12:90	w-s012-a090-w009	w-s012-a090-w019	ء خ و	ء ل ه	10	2	5	2	32	84	intra_ayah:12:90:root:9
co-12_91-05214	12:91	w-s012-a091-w004	w-s012-a091-w002	ء ث ر	ء ل ه	2	1	1	2	6	10	intra_ayah:12:91:root:1
co-12_91-05215	12:91	w-s012-a091-w004	w-s012-a091-w005	ء ث ر	ء ل ه	1	1	1	2	6	10	intra_ayah:12:91:root:1
co-12_91-05216	12:91	w-s012-a091-w001	w-s012-a091-w008	ق و ل	ك و ن	7	4	4	1	369	573	intra_ayah:12:91:root:10
co-12_91-05217	12:91	w-s012-a091-w004	w-s012-a091-w009	ء ث ر	خ ط ء	5	3	3	1	1	1	intra_ayah:12:91:root:2
co-12_91-05218	12:91	w-s012-a091-w004	w-s012-a091-w001	ء ث ر	ق و ل	3	2	2	1	9	9	intra_ayah:12:91:root:3
co-12_91-05219	12:91	w-s012-a091-w004	w-s012-a091-w008	ء ث ر	ك و ن	4	2	2	1	6	11	intra_ayah:12:91:root:4
co-12_91-05220	12:91	w-s012-a091-w002	w-s012-a091-w009	ء ل ه	خ ط ء	7	2	4	2	6	11	intra_ayah:12:91:root:5
co-12_91-05221	12:91	w-s012-a091-w005	w-s012-a091-w009	ء ل ه	خ ط ء	4	2	4	2	6	11	intra_ayah:12:91:root:5
co-12_91-05222	12:91	w-s012-a091-w002	w-s012-a091-w001	ء ل ه	ق و ل	1	1	3	2	514	1188	intra_ayah:12:91:root:6
co-12_91-05223	12:91	w-s012-a091-w005	w-s012-a091-w001	ء ل ه	ق و ل	4	1	3	2	514	1188	intra_ayah:12:91:root:6
co-12_91-05224	12:91	w-s012-a091-w002	w-s012-a091-w008	ء ل ه	ك و ن	6	1	3	2	441	974	intra_ayah:12:91:root:7
co-12_91-05225	12:91	w-s012-a091-w005	w-s012-a091-w008	ء ل ه	ك و ن	3	1	3	2	441	974	intra_ayah:12:91:root:7
co-12_91-05226	12:91	w-s012-a091-w009	w-s012-a091-w001	خ ط ء	ق و ل	8	5	5	1	5	8	intra_ayah:12:91:root:8
co-12_91-05227	12:91	w-s012-a091-w009	w-s012-a091-w008	خ ط ء	ك و ن	1	1	1	1	8	16	intra_ayah:12:91:root:9
co-12_92-05228	12:92	w-s012-a092-w007	w-s012-a092-w003	ء ل ه	ث ر ب	4	3	3	1	1	1	intra_ayah:12:92:root:1
co-12_92-05229	12:92	w-s012-a092-w010	w-s012-a092-w006	ر ح م	غ ف ر	4	2	3	2	91	129	intra_ayah:12:92:root:10
co-12_92-05230	12:92	w-s012-a092-w011	w-s012-a092-w006	ر ح م	غ ف ر	5	2	3	2	91	129	intra_ayah:12:92:root:10
co-12_92-05231	12:92	w-s012-a092-w010	w-s012-a092-w001	ر ح م	ق و ل	9	5	6	2	73	101	intra_ayah:12:92:root:11
co-12_92-05232	12:92	w-s012-a092-w011	w-s012-a092-w001	ر ح م	ق و ل	10	5	6	2	73	101	intra_ayah:12:92:root:11
co-12_92-05233	12:92	w-s012-a092-w010	w-s012-a092-w005	ر ح م	ي و م	5	3	4	2	15	18	intra_ayah:12:92:root:12
co-12_92-05234	12:92	w-s012-a092-w011	w-s012-a092-w005	ر ح م	ي و م	6	3	4	2	15	18	intra_ayah:12:92:root:12
co-12_92-05235	12:92	w-s012-a092-w006	w-s012-a092-w001	غ ف ر	ق و ل	5	3	3	1	51	74	intra_ayah:12:92:root:13
co-12_92-05236	12:92	w-s012-a092-w006	w-s012-a092-w005	غ ف ر	ي و م	1	1	1	1	10	11	intra_ayah:12:92:root:14
co-12_92-05237	12:92	w-s012-a092-w001	w-s012-a092-w005	ق و ل	ي و م	4	2	2	1	94	148	intra_ayah:12:92:root:15
co-12_92-05238	12:92	w-s012-a092-w007	w-s012-a092-w010	ء ل ه	ر ح م	3	1	2	2	130	254	intra_ayah:12:92:root:2
co-12_92-05239	12:92	w-s012-a092-w007	w-s012-a092-w011	ء ل ه	ر ح م	4	1	2	2	130	254	intra_ayah:12:92:root:2
co-12_92-05240	12:92	w-s012-a092-w007	w-s012-a092-w006	ء ل ه	غ ف ر	1	1	1	1	120	282	intra_ayah:12:92:root:3
co-12_92-05241	12:92	w-s012-a092-w007	w-s012-a092-w001	ء ل ه	ق و ل	6	4	4	1	514	1188	intra_ayah:12:92:root:4
co-12_92-05242	12:92	w-s012-a092-w007	w-s012-a092-w005	ء ل ه	ي و م	2	2	2	1	125	226	intra_ayah:12:92:root:5
co-12_92-05243	12:92	w-s012-a092-w003	w-s012-a092-w010	ث ر ب	ر ح م	7	4	5	2	1	2	intra_ayah:12:92:root:6
co-12_92-05244	12:92	w-s012-a092-w003	w-s012-a092-w011	ث ر ب	ر ح م	8	4	5	2	1	2	intra_ayah:12:92:root:6
co-12_92-05245	12:92	w-s012-a092-w003	w-s012-a092-w006	ث ر ب	غ ف ر	3	2	2	1	1	1	intra_ayah:12:92:root:7
co-12_92-05246	12:92	w-s012-a092-w003	w-s012-a092-w001	ث ر ب	ق و ل	2	1	1	1	1	1	intra_ayah:12:92:root:8
co-12_92-05247	12:92	w-s012-a092-w003	w-s012-a092-w005	ث ر ب	ي و م	2	1	1	1	1	1	intra_ayah:12:92:root:9
co-12_93-05248	12:93	w-s012-a093-w007	w-s012-a093-w008	ء ب و	ء ت ي	1	1	3	2	12	13	intra_ayah:12:93:root:1
co-12_93-05249	12:93	w-s012-a093-w007	w-s012-a093-w010	ء ب و	ء ت ي	3	1	3	2	12	13	intra_ayah:12:93:root:1
co-12_93-05250	12:93	w-s012-a093-w008	w-s012-a093-w009	ء ت ي	ب ص ر	1	1	1	2	17	18	intra_ayah:12:93:root:10
co-12_93-05251	12:93	w-s012-a093-w010	w-s012-a093-w009	ء ت ي	ب ص ر	1	1	1	2	17	18	intra_ayah:12:93:root:10
co-12_93-05252	12:93	w-s012-a093-w008	w-s012-a093-w012	ء ت ي	ج م ع	4	2	4	2	14	17	intra_ayah:12:93:root:11
co-12_93-05253	12:93	w-s012-a093-w010	w-s012-a093-w012	ء ت ي	ج م ع	2	2	4	2	14	17	intra_ayah:12:93:root:11
co-12_93-05254	12:93	w-s012-a093-w008	w-s012-a093-w001	ء ت ي	ذ ه ب	7	5	7	2	8	10	intra_ayah:12:93:root:12
co-12_93-05255	12:93	w-s012-a093-w010	w-s012-a093-w001	ء ت ي	ذ ه ب	9	5	7	2	8	10	intra_ayah:12:93:root:12
co-12_93-05256	12:93	w-s012-a093-w008	w-s012-a093-w002	ء ت ي	ق م ص	6	4	6	2	1	2	intra_ayah:12:93:root:13
co-12_93-05257	12:93	w-s012-a093-w010	w-s012-a093-w002	ء ت ي	ق م ص	8	4	6	2	1	2	intra_ayah:12:93:root:13
co-12_93-05258	12:93	w-s012-a093-w008	w-s012-a093-w004	ء ت ي	ل ق ي	4	3	5	2	13	15	intra_ayah:12:93:root:14
co-12_93-05259	12:93	w-s012-a093-w010	w-s012-a093-w004	ء ت ي	ل ق ي	6	3	5	2	13	15	intra_ayah:12:93:root:14
co-12_93-05260	12:93	w-s012-a093-w008	w-s012-a093-w006	ء ت ي	و ج ه	2	2	4	2	11	16	intra_ayah:12:93:root:15
co-12_93-05261	12:93	w-s012-a093-w010	w-s012-a093-w006	ء ت ي	و ج ه	4	2	4	2	11	16	intra_ayah:12:93:root:15
co-12_93-05262	12:93	w-s012-a093-w011	w-s012-a093-w009	ء ه ل	ب ص ر	2	2	2	1	3	3	intra_ayah:12:93:root:16
co-12_93-05263	12:93	w-s012-a093-w011	w-s012-a093-w012	ء ه ل	ج م ع	1	1	1	1	3	3	intra_ayah:12:93:root:17
co-12_93-05264	12:93	w-s012-a093-w011	w-s012-a093-w001	ء ه ل	ذ ه ب	10	8	8	1	3	3	intra_ayah:12:93:root:18
co-12_93-05265	12:93	w-s012-a093-w011	w-s012-a093-w002	ء ه ل	ق م ص	9	7	7	1	3	3	intra_ayah:12:93:root:19
co-12_93-05266	12:93	w-s012-a093-w007	w-s012-a093-w011	ء ب و	ء ه ل	4	4	4	1	2	2	intra_ayah:12:93:root:2
co-12_93-05267	12:93	w-s012-a093-w011	w-s012-a093-w004	ء ه ل	ل ق ي	7	6	6	1	2	2	intra_ayah:12:93:root:20
co-12_93-05268	12:93	w-s012-a093-w011	w-s012-a093-w006	ء ه ل	و ج ه	5	5	5	1	2	2	intra_ayah:12:93:root:21
co-12_93-05269	12:93	w-s012-a093-w009	w-s012-a093-w012	ب ص ر	ج م ع	3	3	3	1	2	2	intra_ayah:12:93:root:22
co-12_93-05270	12:93	w-s012-a093-w009	w-s012-a093-w001	ب ص ر	ذ ه ب	8	6	6	1	4	5	intra_ayah:12:93:root:23
co-12_93-05271	12:93	w-s012-a093-w009	w-s012-a093-w002	ب ص ر	ق م ص	7	5	5	1	1	1	intra_ayah:12:93:root:24
co-12_93-05272	12:93	w-s012-a093-w009	w-s012-a093-w004	ب ص ر	ل ق ي	5	4	4	1	5	5	intra_ayah:12:93:root:25
co-12_93-05273	12:93	w-s012-a093-w009	w-s012-a093-w006	ب ص ر	و ج ه	3	3	3	1	3	3	intra_ayah:12:93:root:26
co-12_93-05274	12:93	w-s012-a093-w012	w-s012-a093-w001	ج م ع	ذ ه ب	11	9	9	1	3	3	intra_ayah:12:93:root:27
co-12_93-05275	12:93	w-s012-a093-w012	w-s012-a093-w002	ج م ع	ق م ص	10	8	8	1	1	1	intra_ayah:12:93:root:28
co-12_93-05276	12:93	w-s012-a093-w012	w-s012-a093-w004	ج م ع	ل ق ي	8	7	7	1	4	4	intra_ayah:12:93:root:29
co-12_93-05277	12:93	w-s012-a093-w007	w-s012-a093-w009	ء ب و	ب ص ر	2	2	2	1	3	5	intra_ayah:12:93:root:3
co-12_93-05278	12:93	w-s012-a093-w012	w-s012-a093-w006	ج م ع	و ج ه	6	6	6	1	2	2	intra_ayah:12:93:root:30
co-12_93-05279	12:93	w-s012-a093-w001	w-s012-a093-w002	ذ ه ب	ق م ص	1	1	1	1	1	1	intra_ayah:12:93:root:31
co-12_93-05280	12:93	w-s012-a093-w001	w-s012-a093-w004	ذ ه ب	ل ق ي	3	2	2	1	3	3	intra_ayah:12:93:root:32
co-12_93-05281	12:93	w-s012-a093-w001	w-s012-a093-w006	ذ ه ب	و ج ه	5	3	3	1	1	1	intra_ayah:12:93:root:33
co-12_93-05282	12:93	w-s012-a093-w002	w-s012-a093-w004	ق م ص	ل ق ي	2	1	1	1	1	1	intra_ayah:12:93:root:34
co-12_93-05283	12:93	w-s012-a093-w002	w-s012-a093-w006	ق م ص	و ج ه	4	2	2	1	1	1	intra_ayah:12:93:root:35
co-12_93-05284	12:93	w-s012-a093-w004	w-s012-a093-w006	ل ق ي	و ج ه	2	1	1	1	3	3	intra_ayah:12:93:root:36
co-12_93-05285	12:93	w-s012-a093-w007	w-s012-a093-w012	ء ب و	ج م ع	5	5	5	1	3	4	intra_ayah:12:93:root:4
co-12_93-05286	12:93	w-s012-a093-w007	w-s012-a093-w001	ء ب و	ذ ه ب	6	4	4	1	2	2	intra_ayah:12:93:root:5
co-12_93-05287	12:93	w-s012-a093-w007	w-s012-a093-w002	ء ب و	ق م ص	5	3	3	1	1	1	intra_ayah:12:93:root:6
co-12_93-05288	12:93	w-s012-a093-w007	w-s012-a093-w004	ء ب و	ل ق ي	3	2	2	1	1	1	intra_ayah:12:93:root:7
co-12_93-05289	12:93	w-s012-a093-w007	w-s012-a093-w006	ء ب و	و ج ه	1	1	1	1	2	2	intra_ayah:12:93:root:8
co-12_93-05290	12:93	w-s012-a093-w008	w-s012-a093-w011	ء ت ي	ء ه ل	3	1	3	2	17	22	intra_ayah:12:93:root:9
co-12_93-05291	12:93	w-s012-a093-w010	w-s012-a093-w011	ء ت ي	ء ه ل	1	1	3	2	17	22	intra_ayah:12:93:root:9
co-12_94-05292	12:94	w-s012-a094-w005	w-s012-a094-w008	ء ب و	ر و ح	3	2	2	1	2	2	intra_ayah:12:94:root:1
co-12_94-05293	12:94	w-s012-a094-w008	w-s012-a094-w004	ر و ح	ق و ل	4	3	3	1	7	10	intra_ayah:12:94:root:10
co-12_94-05294	12:94	w-s012-a094-w008	w-s012-a094-w007	ر و ح	و ج د	1	1	1	1	3	3	intra_ayah:12:94:root:11
co-12_94-05295	12:94	w-s012-a094-w003	w-s012-a094-w002	ع ي ر	ف ص ل	1	1	1	1	1	1	intra_ayah:12:94:root:12
co-12_94-05296	12:94	w-s012-a094-w003	w-s012-a094-w012	ع ي ر	ف ن د	9	5	5	1	1	1	intra_ayah:12:94:root:13
co-12_94-05297	12:94	w-s012-a094-w003	w-s012-a094-w004	ع ي ر	ق و ل	1	1	1	1	1	1	intra_ayah:12:94:root:14
co-12_94-05298	12:94	w-s012-a094-w003	w-s012-a094-w007	ع ي ر	و ج د	4	3	3	1	1	1	intra_ayah:12:94:root:15
co-12_94-05299	12:94	w-s012-a094-w002	w-s012-a094-w012	ف ص ل	ف ن د	10	6	6	1	1	1	intra_ayah:12:94:root:16
co-12_94-05300	12:94	w-s012-a094-w002	w-s012-a094-w004	ف ص ل	ق و ل	2	2	2	1	7	11	intra_ayah:12:94:root:17
co-12_94-05301	12:94	w-s012-a094-w002	w-s012-a094-w007	ف ص ل	و ج د	5	4	4	1	1	1	intra_ayah:12:94:root:18
co-12_94-05302	12:94	w-s012-a094-w012	w-s012-a094-w004	ف ن د	ق و ل	8	4	4	1	1	1	intra_ayah:12:94:root:19
co-12_94-05303	12:94	w-s012-a094-w005	w-s012-a094-w003	ء ب و	ع ي ر	2	2	2	1	1	1	intra_ayah:12:94:root:2
co-12_94-05304	12:94	w-s012-a094-w012	w-s012-a094-w007	ف ن د	و ج د	5	2	2	1	1	1	intra_ayah:12:94:root:20
co-12_94-05305	12:94	w-s012-a094-w004	w-s012-a094-w007	ق و ل	و ج د	3	2	2	1	32	46	intra_ayah:12:94:root:21
co-12_94-05306	12:94	w-s012-a094-w005	w-s012-a094-w002	ء ب و	ف ص ل	3	3	3	1	1	1	intra_ayah:12:94:root:3
co-12_94-05307	12:94	w-s012-a094-w005	w-s012-a094-w012	ء ب و	ف ن د	7	3	3	1	1	1	intra_ayah:12:94:root:4
co-12_94-05308	12:94	w-s012-a094-w005	w-s012-a094-w004	ء ب و	ق و ل	1	1	1	1	60	89	intra_ayah:12:94:root:5
co-12_94-05309	12:94	w-s012-a094-w005	w-s012-a094-w007	ء ب و	و ج د	2	1	1	1	14	16	intra_ayah:12:94:root:6
co-12_94-05310	12:94	w-s012-a094-w008	w-s012-a094-w003	ر و ح	ع ي ر	5	4	4	1	1	1	intra_ayah:12:94:root:7
co-12_94-05311	12:94	w-s012-a094-w008	w-s012-a094-w002	ر و ح	ف ص ل	6	5	5	1	1	1	intra_ayah:12:94:root:8
co-12_94-05312	12:94	w-s012-a094-w008	w-s012-a094-w012	ر و ح	ف ن د	4	1	1	1	1	1	intra_ayah:12:94:root:9
co-12_95-05313	12:95	w-s012-a095-w002	w-s012-a095-w005	ء ل ه	ض ل ل	3	1	1	1	80	152	intra_ayah:12:95:root:1
co-12_95-05314	12:95	w-s012-a095-w002	w-s012-a095-w006	ء ل ه	ق د م	4	2	2	1	20	33	intra_ayah:12:95:root:2
co-12_95-05315	12:95	w-s012-a095-w002	w-s012-a095-w001	ء ل ه	ق و ل	1	1	1	1	514	1188	intra_ayah:12:95:root:3
co-12_95-05316	12:95	w-s012-a095-w005	w-s012-a095-w006	ض ل ل	ق د م	1	1	1	1	2	2	intra_ayah:12:95:root:4
co-12_95-05317	12:95	w-s012-a095-w005	w-s012-a095-w001	ض ل ل	ق و ل	4	2	2	1	59	78	intra_ayah:12:95:root:5
co-12_95-05318	12:95	w-s012-a095-w006	w-s012-a095-w001	ق د م	ق و ل	5	3	3	1	14	16	intra_ayah:12:95:root:6
co-12_96-05319	12:96	w-s012-a096-w017	w-s012-a096-w004	ء ل ه	ب ش ر	13	8	8	1	48	86	intra_ayah:12:96:root:1
co-12_96-05320	12:96	w-s012-a096-w004	w-s012-a096-w003	ب ش ر	ج ي ء	1	1	1	1	12	18	intra_ayah:12:96:root:10
co-12_96-05321	12:96	w-s012-a096-w004	w-s012-a096-w008	ب ش ر	ر د د	4	3	3	1	1	1	intra_ayah:12:96:root:11
co-12_96-05322	12:96	w-s012-a096-w004	w-s012-a096-w015	ب ش ر	ع ل م	11	7	9	2	13	17	intra_ayah:12:96:root:12
co-12_96-05323	12:96	w-s012-a096-w004	w-s012-a096-w020	ب ش ر	ع ل م	16	7	9	2	13	17	intra_ayah:12:96:root:12
co-12_96-05324	12:96	w-s012-a096-w004	w-s012-a096-w010	ب ش ر	ق و ل	6	5	6	2	46	58	intra_ayah:12:96:root:13
co-12_96-05325	12:96	w-s012-a096-w004	w-s012-a096-w012	ب ش ر	ق و ل	8	5	6	2	46	58	intra_ayah:12:96:root:13
co-12_96-05326	12:96	w-s012-a096-w004	w-s012-a096-w005	ب ش ر	ل ق ي	1	1	1	1	4	4	intra_ayah:12:96:root:14
co-12_96-05327	12:96	w-s012-a096-w004	w-s012-a096-w007	ب ش ر	و ج ه	3	2	2	1	4	4	intra_ayah:12:96:root:15
co-12_96-05328	12:96	w-s012-a096-w009	w-s012-a096-w003	ب ص ر	ج ي ء	6	5	5	1	7	8	intra_ayah:12:96:root:16
co-12_96-05329	12:96	w-s012-a096-w009	w-s012-a096-w008	ب ص ر	ر د د	1	1	1	1	1	1	intra_ayah:12:96:root:17
co-12_96-05330	12:96	w-s012-a096-w009	w-s012-a096-w015	ب ص ر	ع ل م	6	3	5	2	13	14	intra_ayah:12:96:root:18
co-12_96-05331	12:96	w-s012-a096-w009	w-s012-a096-w020	ب ص ر	ع ل م	11	3	5	2	13	14	intra_ayah:12:96:root:18
co-12_96-05332	12:96	w-s012-a096-w009	w-s012-a096-w010	ب ص ر	ق و ل	1	1	2	2	30	43	intra_ayah:12:96:root:19
co-12_96-05333	12:96	w-s012-a096-w009	w-s012-a096-w012	ب ص ر	ق و ل	3	1	2	2	30	43	intra_ayah:12:96:root:19
co-12_96-05334	12:96	w-s012-a096-w017	w-s012-a096-w009	ء ل ه	ب ص ر	8	4	4	1	60	102	intra_ayah:12:96:root:2
co-12_96-05335	12:96	w-s012-a096-w009	w-s012-a096-w005	ب ص ر	ل ق ي	4	3	3	1	5	5	intra_ayah:12:96:root:20
co-12_96-05336	12:96	w-s012-a096-w009	w-s012-a096-w007	ب ص ر	و ج ه	2	2	2	1	3	3	intra_ayah:12:96:root:21
co-12_96-05337	12:96	w-s012-a096-w003	w-s012-a096-w008	ج ي ء	ر د د	5	4	4	1	7	7	intra_ayah:12:96:root:22
co-12_96-05338	12:96	w-s012-a096-w003	w-s012-a096-w015	ج ي ء	ع ل م	12	8	10	2	38	43	intra_ayah:12:96:root:23
co-12_96-05339	12:96	w-s012-a096-w003	w-s012-a096-w020	ج ي ء	ع ل م	17	8	10	2	38	43	intra_ayah:12:96:root:23
co-12_96-05340	12:96	w-s012-a096-w003	w-s012-a096-w010	ج ي ء	ق و ل	7	6	7	2	118	160	intra_ayah:12:96:root:24
co-12_96-05341	12:96	w-s012-a096-w003	w-s012-a096-w012	ج ي ء	ق و ل	9	6	7	2	118	160	intra_ayah:12:96:root:24
co-12_96-05342	12:96	w-s012-a096-w003	w-s012-a096-w005	ج ي ء	ل ق ي	2	2	2	1	10	12	intra_ayah:12:96:root:25
co-12_96-05343	12:96	w-s012-a096-w003	w-s012-a096-w007	ج ي ء	و ج ه	4	3	3	1	5	6	intra_ayah:12:96:root:26
co-12_96-05344	12:96	w-s012-a096-w008	w-s012-a096-w015	ر د د	ع ل م	7	4	6	2	15	22	intra_ayah:12:96:root:27
co-12_96-05345	12:96	w-s012-a096-w008	w-s012-a096-w020	ر د د	ع ل م	12	4	6	2	15	22	intra_ayah:12:96:root:27
co-12_96-05346	12:96	w-s012-a096-w008	w-s012-a096-w010	ر د د	ق و ل	2	2	3	2	18	23	intra_ayah:12:96:root:28
co-12_96-05347	12:96	w-s012-a096-w008	w-s012-a096-w012	ر د د	ق و ل	4	2	3	2	18	23	intra_ayah:12:96:root:28
co-12_96-05348	12:96	w-s012-a096-w008	w-s012-a096-w005	ر د د	ل ق ي	3	2	2	1	4	4	intra_ayah:12:96:root:29
co-12_96-05349	12:96	w-s012-a096-w017	w-s012-a096-w003	ء ل ه	ج ي ء	14	9	9	1	97	161	intra_ayah:12:96:root:3
co-12_96-05350	12:96	w-s012-a096-w008	w-s012-a096-w007	ر د د	و ج ه	1	1	1	1	4	4	intra_ayah:12:96:root:30
co-12_96-05351	12:96	w-s012-a096-w015	w-s012-a096-w010	ع ل م	ق و ل	5	1	4	4	230	414	intra_ayah:12:96:root:31
co-12_96-05352	12:96	w-s012-a096-w015	w-s012-a096-w012	ع ل م	ق و ل	3	1	4	4	230	414	intra_ayah:12:96:root:31
co-12_96-05353	12:96	w-s012-a096-w020	w-s012-a096-w010	ع ل م	ق و ل	10	1	4	4	230	414	intra_ayah:12:96:root:31
co-12_96-05354	12:96	w-s012-a096-w020	w-s012-a096-w012	ع ل م	ق و ل	8	1	4	4	230	414	intra_ayah:12:96:root:31
co-12_96-05355	12:96	w-s012-a096-w015	w-s012-a096-w005	ع ل م	ل ق ي	10	6	8	2	13	15	intra_ayah:12:96:root:32
co-12_96-05356	12:96	w-s012-a096-w020	w-s012-a096-w005	ع ل م	ل ق ي	15	6	8	2	13	15	intra_ayah:12:96:root:32
co-12_96-05357	12:96	w-s012-a096-w015	w-s012-a096-w007	ع ل م	و ج ه	8	5	7	2	6	9	intra_ayah:12:96:root:33
co-12_96-05358	12:96	w-s012-a096-w020	w-s012-a096-w007	ع ل م	و ج ه	13	5	7	2	6	9	intra_ayah:12:96:root:33
co-12_96-05359	12:96	w-s012-a096-w010	w-s012-a096-w005	ق و ل	ل ق ي	5	4	5	2	42	62	intra_ayah:12:96:root:34
co-12_96-05360	12:96	w-s012-a096-w012	w-s012-a096-w005	ق و ل	ل ق ي	7	4	5	2	42	62	intra_ayah:12:96:root:34
co-12_96-05361	12:96	w-s012-a096-w010	w-s012-a096-w007	ق و ل	و ج ه	3	3	4	2	14	16	intra_ayah:12:96:root:35
co-12_96-05362	12:96	w-s012-a096-w012	w-s012-a096-w007	ق و ل	و ج ه	5	3	4	2	14	16	intra_ayah:12:96:root:35
co-12_96-05363	12:96	w-s012-a096-w005	w-s012-a096-w007	ل ق ي	و ج ه	2	1	1	1	3	3	intra_ayah:12:96:root:36
co-12_96-05364	12:96	w-s012-a096-w017	w-s012-a096-w008	ء ل ه	ر د د	9	5	5	1	30	51	intra_ayah:12:96:root:4
co-12_96-05365	12:96	w-s012-a096-w017	w-s012-a096-w015	ء ل ه	ع ل م	2	1	1	2	408	878	intra_ayah:12:96:root:5
co-12_96-05366	12:96	w-s012-a096-w017	w-s012-a096-w020	ء ل ه	ع ل م	3	1	1	2	408	878	intra_ayah:12:96:root:5
co-12_96-05367	12:96	w-s012-a096-w017	w-s012-a096-w010	ء ل ه	ق و ل	7	2	3	2	514	1188	intra_ayah:12:96:root:6
co-12_96-05368	12:96	w-s012-a096-w017	w-s012-a096-w012	ء ل ه	ق و ل	5	2	3	2	514	1188	intra_ayah:12:96:root:6
co-12_96-05369	12:96	w-s012-a096-w017	w-s012-a096-w005	ء ل ه	ل ق ي	12	7	7	1	39	72	intra_ayah:12:96:root:7
co-12_96-05370	12:96	w-s012-a096-w017	w-s012-a096-w007	ء ل ه	و ج ه	10	6	6	1	32	50	intra_ayah:12:96:root:8
co-12_96-05371	12:96	w-s012-a096-w004	w-s012-a096-w009	ب ش ر	ب ص ر	5	4	4	1	2	2	intra_ayah:12:96:root:9
co-12_97-05372	12:97	w-s012-a097-w002	w-s012-a097-w008	ء ب و	خ ط ء	6	4	4	1	2	3	intra_ayah:12:97:root:1
co-12_97-05373	12:97	w-s012-a097-w005	w-s012-a097-w003	ذ ن ب	غ ف ر	2	1	1	1	19	24	intra_ayah:12:97:root:10
co-12_97-05374	12:97	w-s012-a097-w005	w-s012-a097-w001	ذ ن ب	ق و ل	4	3	3	1	9	12	intra_ayah:12:97:root:11
co-12_97-05375	12:97	w-s012-a097-w005	w-s012-a097-w007	ذ ن ب	ك و ن	2	1	1	1	9	13	intra_ayah:12:97:root:12
co-12_97-05376	12:97	w-s012-a097-w003	w-s012-a097-w001	غ ف ر	ق و ل	2	2	2	1	51	74	intra_ayah:12:97:root:13
co-12_97-05377	12:97	w-s012-a097-w003	w-s012-a097-w007	غ ف ر	ك و ن	4	2	2	1	49	62	intra_ayah:12:97:root:14
co-12_97-05378	12:97	w-s012-a097-w001	w-s012-a097-w007	ق و ل	ك و ن	6	4	4	1	369	573	intra_ayah:12:97:root:15
co-12_97-05379	12:97	w-s012-a097-w002	w-s012-a097-w005	ء ب و	ذ ن ب	3	2	2	1	2	2	intra_ayah:12:97:root:2
co-12_97-05380	12:97	w-s012-a097-w002	w-s012-a097-w003	ء ب و	غ ف ر	1	1	1	1	6	7	intra_ayah:12:97:root:3
co-12_97-05381	12:97	w-s012-a097-w002	w-s012-a097-w001	ء ب و	ق و ل	1	1	1	1	60	89	intra_ayah:12:97:root:4
co-12_97-05382	12:97	w-s012-a097-w002	w-s012-a097-w007	ء ب و	ك و ن	5	3	3	1	40	69	intra_ayah:12:97:root:5
co-12_97-05383	12:97	w-s012-a097-w008	w-s012-a097-w005	خ ط ء	ذ ن ب	3	2	2	1	2	2	intra_ayah:12:97:root:6
co-12_97-05384	12:97	w-s012-a097-w008	w-s012-a097-w003	خ ط ء	غ ف ر	5	3	3	1	9	9	intra_ayah:12:97:root:7
co-12_97-05385	12:97	w-s012-a097-w008	w-s012-a097-w001	خ ط ء	ق و ل	7	5	5	1	5	8	intra_ayah:12:97:root:8
co-12_97-05386	12:97	w-s012-a097-w008	w-s012-a097-w007	خ ط ء	ك و ن	1	1	1	1	8	16	intra_ayah:12:97:root:9
co-12_98-05387	12:98	w-s012-a098-w005	w-s012-a098-w009	ر ب ب	ر ح م	4	2	2	1	91	121	intra_ayah:12:98:root:1
co-12_98-05388	12:98	w-s012-a098-w005	w-s012-a098-w003	ر ب ب	غ ف ر	2	1	1	2	62	87	intra_ayah:12:98:root:2
co-12_98-05389	12:98	w-s012-a098-w005	w-s012-a098-w008	ر ب ب	غ ف ر	3	1	1	2	62	87	intra_ayah:12:98:root:2
co-12_98-05390	12:98	w-s012-a098-w005	w-s012-a098-w001	ر ب ب	ق و ل	4	2	2	1	329	501	intra_ayah:12:98:root:3
co-12_98-05391	12:98	w-s012-a098-w009	w-s012-a098-w003	ر ح م	غ ف ر	6	1	3	2	91	129	intra_ayah:12:98:root:4
co-12_98-05392	12:98	w-s012-a098-w009	w-s012-a098-w008	ر ح م	غ ف ر	1	1	3	2	91	129	intra_ayah:12:98:root:4
co-12_98-05393	12:98	w-s012-a098-w009	w-s012-a098-w001	ر ح م	ق و ل	8	4	4	1	73	101	intra_ayah:12:98:root:5
co-12_98-05394	12:98	w-s012-a098-w003	w-s012-a098-w001	غ ف ر	ق و ل	2	1	3	2	51	74	intra_ayah:12:98:root:6
co-12_98-05395	12:98	w-s012-a098-w008	w-s012-a098-w001	غ ف ر	ق و ل	7	1	3	2	51	74	intra_ayah:12:98:root:6
co-12_99-05396	12:99	w-s012-a099-w007	w-s012-a099-w013	ء ب و	ء ل ه	6	5	5	1	34	71	intra_ayah:12:99:root:1
co-12_99-05397	12:99	w-s012-a099-w013	w-s012-a099-w002	ء ل ه	د خ ل	11	3	7	2	48	88	intra_ayah:12:99:root:10
co-12_99-05398	12:99	w-s012-a099-w013	w-s012-a099-w009	ء ل ه	د خ ل	4	3	7	2	48	88	intra_ayah:12:99:root:10
co-12_99-05399	12:99	w-s012-a099-w013	w-s012-a099-w012	ء ل ه	ش ي ء	1	1	1	1	282	596	intra_ayah:12:99:root:11
co-12_99-05400	12:99	w-s012-a099-w013	w-s012-a099-w008	ء ل ه	ق و ل	5	4	4	1	514	1188	intra_ayah:12:99:root:12
co-12_99-05401	12:99	w-s012-a099-w013	w-s012-a099-w010	ء ل ه	م ص ر	3	2	2	1	3	4	intra_ayah:12:99:root:13
co-12_99-05402	12:99	w-s012-a099-w014	w-s012-a099-w005	ء م ن	ء و ي	9	7	7	1	4	6	intra_ayah:12:99:root:14
co-12_99-05403	12:99	w-s012-a099-w014	w-s012-a099-w002	ء م ن	د خ ل	12	4	8	2	34	47	intra_ayah:12:99:root:15
co-12_99-05404	12:99	w-s012-a099-w014	w-s012-a099-w009	ء م ن	د خ ل	5	4	8	2	34	47	intra_ayah:12:99:root:15
co-12_99-05405	12:99	w-s012-a099-w014	w-s012-a099-w012	ء م ن	ش ي ء	2	2	2	1	68	99	intra_ayah:12:99:root:16
co-12_99-05406	12:99	w-s012-a099-w014	w-s012-a099-w008	ء م ن	ق و ل	6	5	5	1	185	327	intra_ayah:12:99:root:17
co-12_99-05407	12:99	w-s012-a099-w014	w-s012-a099-w010	ء م ن	م ص ر	4	3	3	1	2	2	intra_ayah:12:99:root:18
co-12_99-05408	12:99	w-s012-a099-w005	w-s012-a099-w002	ء و ي	د خ ل	3	1	3	2	2	3	intra_ayah:12:99:root:19
co-12_99-05409	12:99	w-s012-a099-w005	w-s012-a099-w009	ء و ي	د خ ل	4	1	3	2	2	3	intra_ayah:12:99:root:19
co-12_99-05410	12:99	w-s012-a099-w007	w-s012-a099-w014	ء ب و	ء م ن	7	6	6	1	11	16	intra_ayah:12:99:root:2
co-12_99-05411	12:99	w-s012-a099-w005	w-s012-a099-w012	ء و ي	ش ي ء	7	5	5	1	3	4	intra_ayah:12:99:root:20
co-12_99-05412	12:99	w-s012-a099-w005	w-s012-a099-w008	ء و ي	ق و ل	3	2	2	1	11	15	intra_ayah:12:99:root:21
co-12_99-05413	12:99	w-s012-a099-w005	w-s012-a099-w010	ء و ي	م ص ر	5	4	4	1	1	1	intra_ayah:12:99:root:22
co-12_99-05414	12:99	w-s012-a099-w002	w-s012-a099-w012	د خ ل	ش ي ء	10	2	6	2	16	21	intra_ayah:12:99:root:23
co-12_99-05415	12:99	w-s012-a099-w009	w-s012-a099-w012	د خ ل	ش ي ء	3	2	6	2	16	21	intra_ayah:12:99:root:23
co-12_99-05416	12:99	w-s012-a099-w002	w-s012-a099-w008	د خ ل	ق و ل	6	1	3	2	39	66	intra_ayah:12:99:root:24
co-12_99-05417	12:99	w-s012-a099-w009	w-s012-a099-w008	د خ ل	ق و ل	1	1	3	2	39	66	intra_ayah:12:99:root:24
co-12_99-05418	12:99	w-s012-a099-w002	w-s012-a099-w010	د خ ل	م ص ر	8	1	5	2	1	2	intra_ayah:12:99:root:25
co-12_99-05419	12:99	w-s012-a099-w009	w-s012-a099-w010	د خ ل	م ص ر	1	1	5	2	1	2	intra_ayah:12:99:root:25
co-12_99-05420	12:99	w-s012-a099-w012	w-s012-a099-w008	ش ي ء	ق و ل	4	3	3	1	113	199	intra_ayah:12:99:root:26
co-12_99-05421	12:99	w-s012-a099-w012	w-s012-a099-w010	ش ي ء	م ص ر	2	1	1	1	1	1	intra_ayah:12:99:root:27
co-12_99-05422	12:99	w-s012-a099-w008	w-s012-a099-w010	ق و ل	م ص ر	2	2	2	1	4	5	intra_ayah:12:99:root:28
co-12_99-05423	12:99	w-s012-a099-w007	w-s012-a099-w005	ء ب و	ء و ي	2	1	1	1	1	1	intra_ayah:12:99:root:3
co-12_99-05424	12:99	w-s012-a099-w007	w-s012-a099-w002	ء ب و	د خ ل	5	2	2	2	6	8	intra_ayah:12:99:root:4
co-12_99-05425	12:99	w-s012-a099-w007	w-s012-a099-w009	ء ب و	د خ ل	2	2	2	2	6	8	intra_ayah:12:99:root:4
co-12_99-05426	12:99	w-s012-a099-w007	w-s012-a099-w012	ء ب و	ش ي ء	5	4	4	1	16	23	intra_ayah:12:99:root:5
co-12_99-05427	12:99	w-s012-a099-w007	w-s012-a099-w008	ء ب و	ق و ل	1	1	1	1	60	89	intra_ayah:12:99:root:6
co-12_99-05428	12:99	w-s012-a099-w007	w-s012-a099-w010	ء ب و	م ص ر	3	3	3	1	1	1	intra_ayah:12:99:root:7
co-12_99-05429	12:99	w-s012-a099-w013	w-s012-a099-w014	ء ل ه	ء م ن	1	1	1	1	372	843	intra_ayah:12:99:root:8
co-12_99-05430	12:99	w-s012-a099-w013	w-s012-a099-w005	ء ل ه	ء و ي	8	6	6	1	14	20	intra_ayah:12:99:root:9
co-12_100-05431	12:100	w-s012-a100-w002	w-s012-a100-w037	ء ب و	ء خ و	35	17	22	2	15	29	intra_ayah:12:100:root:1
co-12_100-05432	12:100	w-s012-a100-w009	w-s012-a100-w037	ء ب و	ء خ و	28	17	22	2	15	29	intra_ayah:12:100:root:1
co-12_100-05433	12:100	w-s012-a100-w002	w-s012-a100-w046	ء ب و	ح ك م	44	22	27	2	6	12	intra_ayah:12:100:root:10
co-12_100-05434	12:100	w-s012-a100-w009	w-s012-a100-w046	ء ب و	ح ك م	37	22	27	2	6	12	intra_ayah:12:100:root:10
co-12_100-05435	12:100	w-s012-a100-w031	w-s012-a100-w046	ب ع د	ح ك م	15	10	10	1	13	15	intra_ayah:12:100:root:100
co-12_100-05436	12:100	w-s012-a100-w031	w-s012-a100-w023	ب ع د	خ ر ج	8	4	4	1	7	10	intra_ayah:12:100:root:101
co-12_100-05437	12:100	w-s012-a100-w031	w-s012-a100-w005	ب ع د	خ ر ر	26	15	15	1	1	1	intra_ayah:12:100:root:102
co-12_100-05438	12:100	w-s012-a100-w031	w-s012-a100-w012	ب ع د	ر ء ي	19	10	10	1	17	18	intra_ayah:12:100:root:103
co-12_100-05439	12:100	w-s012-a100-w031	w-s012-a100-w017	ب ع د	ر ب ب	14	6	7	2	33	46	intra_ayah:12:100:root:104
co-12_100-05440	12:100	w-s012-a100-w031	w-s012-a100-w039	ب ع د	ر ب ب	8	6	7	2	33	46	intra_ayah:12:100:root:104
co-12_100-05441	12:100	w-s012-a100-w031	w-s012-a100-w001	ب ع د	ر ف ع	30	18	18	1	2	3	intra_ayah:12:100:root:105
co-12_100-05442	12:100	w-s012-a100-w031	w-s012-a100-w007	ب ع د	س ج د	24	14	14	1	2	2	intra_ayah:12:100:root:106
co-12_100-05443	12:100	w-s012-a100-w031	w-s012-a100-w025	ب ع د	س ج ن	6	3	3	1	2	2	intra_ayah:12:100:root:107
co-12_100-05444	12:100	w-s012-a100-w031	w-s012-a100-w034	ب ع د	ش ط ن	3	2	2	1	7	7	intra_ayah:12:100:root:108
co-12_100-05445	12:100	w-s012-a100-w031	w-s012-a100-w042	ب ع د	ش ي ء	11	8	8	1	30	41	intra_ayah:12:100:root:109
co-12_100-05446	12:100	w-s012-a100-w002	w-s012-a100-w023	ء ب و	خ ر ج	21	8	13	2	6	7	intra_ayah:12:100:root:11
co-12_100-05447	12:100	w-s012-a100-w009	w-s012-a100-w023	ء ب و	خ ر ج	14	8	13	2	6	7	intra_ayah:12:100:root:11
co-12_100-05448	12:100	w-s012-a100-w031	w-s012-a100-w004	ب ع د	ع ر ش	27	16	16	1	4	4	intra_ayah:12:100:root:110
co-12_100-05449	12:100	w-s012-a100-w031	w-s012-a100-w045	ب ع د	ع ل م	14	9	9	1	39	47	intra_ayah:12:100:root:111
co-12_100-05450	12:100	w-s012-a100-w031	w-s012-a100-w014	ب ع د	ق ب ل	17	9	9	1	17	21	intra_ayah:12:100:root:112
co-12_100-05451	12:100	w-s012-a100-w031	w-s012-a100-w008	ب ع د	ق و ل	23	13	13	1	46	67	intra_ayah:12:100:root:113
co-12_100-05452	12:100	w-s012-a100-w031	w-s012-a100-w040	ب ع د	ل ط ف	9	7	7	1	1	1	intra_ayah:12:100:root:114
co-12_100-05453	12:100	w-s012-a100-w031	w-s012-a100-w033	ب ع د	ن ز غ	2	1	1	1	1	1	intra_ayah:12:100:root:115
co-12_100-05454	12:100	w-s012-a100-w035	w-s012-a100-w016	ب ي ن	ج ع ل	19	11	12	2	32	50	intra_ayah:12:100:root:116
co-12_100-05455	12:100	w-s012-a100-w036	w-s012-a100-w016	ب ي ن	ج ع ل	20	11	12	2	32	50	intra_ayah:12:100:root:116
co-12_100-05456	12:100	w-s012-a100-w035	w-s012-a100-w026	ب ي ن	ج ي ء	9	5	6	2	65	91	intra_ayah:12:100:root:117
co-12_100-05457	12:100	w-s012-a100-w036	w-s012-a100-w026	ب ي ن	ج ي ء	10	5	6	2	65	91	intra_ayah:12:100:root:117
co-12_100-05458	12:100	w-s012-a100-w035	w-s012-a100-w020	ب ي ن	ح س ن	15	8	9	2	12	18	intra_ayah:12:100:root:118
co-12_100-05459	12:100	w-s012-a100-w036	w-s012-a100-w020	ب ي ن	ح س ن	16	8	9	2	12	18	intra_ayah:12:100:root:118
co-12_100-05460	12:100	w-s012-a100-w035	w-s012-a100-w018	ب ي ن	ح ق ق	17	9	10	2	34	53	intra_ayah:12:100:root:119
co-12_100-05461	12:100	w-s012-a100-w036	w-s012-a100-w018	ب ي ن	ح ق ق	18	9	10	2	34	53	intra_ayah:12:100:root:119
co-12_100-05462	12:100	w-s012-a100-w002	w-s012-a100-w005	ء ب و	خ ر ر	3	2	3	2	1	2	intra_ayah:12:100:root:12
co-12_100-05463	12:100	w-s012-a100-w009	w-s012-a100-w005	ء ب و	خ ر ر	4	2	3	2	1	2	intra_ayah:12:100:root:12
co-12_100-05464	12:100	w-s012-a100-w035	w-s012-a100-w046	ب ي ن	ح ك م	11	6	7	2	41	62	intra_ayah:12:100:root:120
co-12_100-05465	12:100	w-s012-a100-w036	w-s012-a100-w046	ب ي ن	ح ك م	10	6	7	2	41	62	intra_ayah:12:100:root:120
co-12_100-05466	12:100	w-s012-a100-w035	w-s012-a100-w023	ب ي ن	خ ر ج	12	7	8	2	11	16	intra_ayah:12:100:root:121
co-12_100-05467	12:100	w-s012-a100-w036	w-s012-a100-w023	ب ي ن	خ ر ج	13	7	8	2	11	16	intra_ayah:12:100:root:121
co-12_100-05468	12:100	w-s012-a100-w035	w-s012-a100-w005	ب ي ن	خ ر ر	30	18	19	2	2	3	intra_ayah:12:100:root:122
co-12_100-05469	12:100	w-s012-a100-w036	w-s012-a100-w005	ب ي ن	خ ر ر	31	18	19	2	2	3	intra_ayah:12:100:root:122
co-12_100-05470	12:100	w-s012-a100-w035	w-s012-a100-w012	ب ي ن	ر ء ي	23	13	14	2	26	30	intra_ayah:12:100:root:123
co-12_100-05471	12:100	w-s012-a100-w036	w-s012-a100-w012	ب ي ن	ر ء ي	24	13	14	2	26	30	intra_ayah:12:100:root:123
co-12_100-05472	12:100	w-s012-a100-w035	w-s012-a100-w017	ب ي ن	ر ب ب	18	2	11	4	75	112	intra_ayah:12:100:root:124
co-12_100-05473	12:100	w-s012-a100-w035	w-s012-a100-w039	ب ي ن	ر ب ب	4	2	11	4	75	112	intra_ayah:12:100:root:124
co-12_100-05474	12:100	w-s012-a100-w036	w-s012-a100-w017	ب ي ن	ر ب ب	19	2	11	4	75	112	intra_ayah:12:100:root:124
co-12_100-05475	12:100	w-s012-a100-w036	w-s012-a100-w039	ب ي ن	ر ب ب	3	2	11	4	75	112	intra_ayah:12:100:root:124
co-12_100-05476	12:100	w-s012-a100-w035	w-s012-a100-w001	ب ي ن	ر ف ع	34	21	22	2	4	6	intra_ayah:12:100:root:125
co-12_100-05477	12:100	w-s012-a100-w036	w-s012-a100-w001	ب ي ن	ر ف ع	35	21	22	2	4	6	intra_ayah:12:100:root:125
co-12_100-05478	12:100	w-s012-a100-w035	w-s012-a100-w007	ب ي ن	س ج د	28	17	18	2	5	8	intra_ayah:12:100:root:126
co-12_100-05479	12:100	w-s012-a100-w036	w-s012-a100-w007	ب ي ن	س ج د	29	17	18	2	5	8	intra_ayah:12:100:root:126
co-12_100-05480	12:100	w-s012-a100-w035	w-s012-a100-w025	ب ي ن	س ج ن	10	6	7	2	1	2	intra_ayah:12:100:root:127
co-12_100-05481	12:100	w-s012-a100-w036	w-s012-a100-w025	ب ي ن	س ج ن	11	6	7	2	1	2	intra_ayah:12:100:root:127
co-12_100-05482	12:100	w-s012-a100-w035	w-s012-a100-w034	ب ي ن	ش ط ن	1	1	2	2	15	20	intra_ayah:12:100:root:128
co-12_100-05483	12:100	w-s012-a100-w036	w-s012-a100-w034	ب ي ن	ش ط ن	2	1	2	2	15	20	intra_ayah:12:100:root:128
co-12_100-05484	12:100	w-s012-a100-w035	w-s012-a100-w042	ب ي ن	ش ي ء	7	4	5	2	47	78	intra_ayah:12:100:root:129
co-12_100-05485	12:100	w-s012-a100-w036	w-s012-a100-w042	ب ي ن	ش ي ء	6	4	5	2	47	78	intra_ayah:12:100:root:129
co-12_100-05486	12:100	w-s012-a100-w002	w-s012-a100-w012	ء ب و	ر ء ي	10	2	7	2	8	15	intra_ayah:12:100:root:13
co-12_100-05487	12:100	w-s012-a100-w009	w-s012-a100-w012	ء ب و	ر ء ي	3	2	7	2	8	15	intra_ayah:12:100:root:13
co-12_100-05488	12:100	w-s012-a100-w035	w-s012-a100-w004	ب ي ن	ع ر ش	31	19	20	2	6	7	intra_ayah:12:100:root:130
co-12_100-05489	12:100	w-s012-a100-w036	w-s012-a100-w004	ب ي ن	ع ر ش	32	19	20	2	6	7	intra_ayah:12:100:root:130
co-12_100-05490	12:100	w-s012-a100-w035	w-s012-a100-w045	ب ي ن	ع ل م	10	5	6	2	82	119	intra_ayah:12:100:root:131
co-12_100-05491	12:100	w-s012-a100-w036	w-s012-a100-w045	ب ي ن	ع ل م	9	5	6	2	82	119	intra_ayah:12:100:root:131
co-12_100-05492	12:100	w-s012-a100-w035	w-s012-a100-w014	ب ي ن	ق ب ل	21	12	13	2	30	33	intra_ayah:12:100:root:132
co-12_100-05493	12:100	w-s012-a100-w036	w-s012-a100-w014	ب ي ن	ق ب ل	22	12	13	2	30	33	intra_ayah:12:100:root:132
co-12_100-05494	12:100	w-s012-a100-w035	w-s012-a100-w008	ب ي ن	ق و ل	27	16	17	2	137	242	intra_ayah:12:100:root:133
co-12_100-05495	12:100	w-s012-a100-w036	w-s012-a100-w008	ب ي ن	ق و ل	28	16	17	2	137	242	intra_ayah:12:100:root:133
co-12_100-05496	12:100	w-s012-a100-w035	w-s012-a100-w040	ب ي ن	ل ط ف	5	3	4	2	2	3	intra_ayah:12:100:root:134
co-12_100-05497	12:100	w-s012-a100-w036	w-s012-a100-w040	ب ي ن	ل ط ف	4	3	4	2	2	3	intra_ayah:12:100:root:134
co-12_100-05498	12:100	w-s012-a100-w035	w-s012-a100-w033	ب ي ن	ن ز غ	2	2	3	2	2	4	intra_ayah:12:100:root:135
co-12_100-05499	12:100	w-s012-a100-w036	w-s012-a100-w033	ب ي ن	ن ز غ	3	2	3	2	2	4	intra_ayah:12:100:root:135
co-12_100-05500	12:100	w-s012-a100-w016	w-s012-a100-w026	ج ع ل	ج ي ء	10	6	6	1	16	17	intra_ayah:12:100:root:136
co-12_100-05501	12:100	w-s012-a100-w016	w-s012-a100-w020	ج ع ل	ح س ن	4	3	3	1	5	5	intra_ayah:12:100:root:137
co-12_100-05502	12:100	w-s012-a100-w016	w-s012-a100-w018	ج ع ل	ح ق ق	2	2	2	1	13	18	intra_ayah:12:100:root:138
co-12_100-05503	12:100	w-s012-a100-w016	w-s012-a100-w046	ج ع ل	ح ك م	30	18	18	1	15	16	intra_ayah:12:100:root:139
co-12_100-05504	12:100	w-s012-a100-w002	w-s012-a100-w017	ء ب و	ر ب ب	15	5	23	4	11	19	intra_ayah:12:100:root:14
co-12_100-05505	12:100	w-s012-a100-w002	w-s012-a100-w039	ء ب و	ر ب ب	37	5	23	4	11	19	intra_ayah:12:100:root:14
co-12_100-05506	12:100	w-s012-a100-w009	w-s012-a100-w017	ء ب و	ر ب ب	8	5	23	4	11	19	intra_ayah:12:100:root:14
co-12_100-05507	12:100	w-s012-a100-w009	w-s012-a100-w039	ء ب و	ر ب ب	30	5	23	4	11	19	intra_ayah:12:100:root:14
co-12_100-05508	12:100	w-s012-a100-w016	w-s012-a100-w023	ج ع ل	خ ر ج	7	4	4	1	15	19	intra_ayah:12:100:root:140
co-12_100-05509	12:100	w-s012-a100-w016	w-s012-a100-w005	ج ع ل	خ ر ر	11	7	7	1	2	2	intra_ayah:12:100:root:141
co-12_100-05510	12:100	w-s012-a100-w016	w-s012-a100-w012	ج ع ل	ر ء ي	4	2	2	1	25	34	intra_ayah:12:100:root:142
co-12_100-05511	12:100	w-s012-a100-w016	w-s012-a100-w017	ج ع ل	ر ب ب	1	1	14	2	59	75	intra_ayah:12:100:root:143
co-12_100-05512	12:100	w-s012-a100-w016	w-s012-a100-w039	ج ع ل	ر ب ب	23	1	14	2	59	75	intra_ayah:12:100:root:143
co-12_100-05513	12:100	w-s012-a100-w016	w-s012-a100-w001	ج ع ل	ر ف ع	15	10	10	1	3	3	intra_ayah:12:100:root:144
co-12_100-05514	12:100	w-s012-a100-w016	w-s012-a100-w007	ج ع ل	س ج د	9	6	6	1	5	5	intra_ayah:12:100:root:145
co-12_100-05515	12:100	w-s012-a100-w016	w-s012-a100-w025	ج ع ل	س ج ن	9	5	5	1	2	2	intra_ayah:12:100:root:146
co-12_100-05516	12:100	w-s012-a100-w016	w-s012-a100-w034	ج ع ل	ش ط ن	18	10	10	1	5	6	intra_ayah:12:100:root:147
co-12_100-05517	12:100	w-s012-a100-w016	w-s012-a100-w042	ج ع ل	ش ي ء	26	16	16	1	39	54	intra_ayah:12:100:root:148
co-12_100-05518	12:100	w-s012-a100-w016	w-s012-a100-w004	ج ع ل	ع ر ش	12	8	8	1	2	2	intra_ayah:12:100:root:149
co-12_100-05519	12:100	w-s012-a100-w002	w-s012-a100-w001	ء ب و	ر ف ع	1	1	6	2	1	2	intra_ayah:12:100:root:15
co-12_100-05520	12:100	w-s012-a100-w009	w-s012-a100-w001	ء ب و	ر ف ع	8	1	6	2	1	2	intra_ayah:12:100:root:15
co-12_100-05521	12:100	w-s012-a100-w016	w-s012-a100-w045	ج ع ل	ع ل م	29	17	17	1	41	59	intra_ayah:12:100:root:150
co-12_100-05522	12:100	w-s012-a100-w016	w-s012-a100-w014	ج ع ل	ق ب ل	2	1	1	1	14	15	intra_ayah:12:100:root:151
co-12_100-05523	12:100	w-s012-a100-w016	w-s012-a100-w008	ج ع ل	ق و ل	8	5	5	1	62	107	intra_ayah:12:100:root:152
co-12_100-05524	12:100	w-s012-a100-w016	w-s012-a100-w040	ج ع ل	ل ط ف	24	15	15	1	1	1	intra_ayah:12:100:root:153
co-12_100-05525	12:100	w-s012-a100-w016	w-s012-a100-w033	ج ع ل	ن ز غ	17	9	9	1	1	1	intra_ayah:12:100:root:154
co-12_100-05526	12:100	w-s012-a100-w026	w-s012-a100-w020	ج ي ء	ح س ن	6	3	3	1	8	11	intra_ayah:12:100:root:155
co-12_100-05527	12:100	w-s012-a100-w026	w-s012-a100-w018	ج ي ء	ح ق ق	8	4	4	1	40	45	intra_ayah:12:100:root:156
co-12_100-05528	12:100	w-s012-a100-w026	w-s012-a100-w046	ج ي ء	ح ك م	20	12	12	1	11	16	intra_ayah:12:100:root:157
co-12_100-05529	12:100	w-s012-a100-w026	w-s012-a100-w023	ج ي ء	خ ر ج	3	2	2	1	7	8	intra_ayah:12:100:root:158
co-12_100-05530	12:100	w-s012-a100-w026	w-s012-a100-w005	ج ي ء	خ ر ر	21	13	13	1	2	2	intra_ayah:12:100:root:159
co-12_100-05531	12:100	w-s012-a100-w002	w-s012-a100-w007	ء ب و	س ج د	5	2	3	2	2	4	intra_ayah:12:100:root:16
co-12_100-05532	12:100	w-s012-a100-w009	w-s012-a100-w007	ء ب و	س ج د	2	2	3	2	2	4	intra_ayah:12:100:root:16
co-12_100-05533	12:100	w-s012-a100-w026	w-s012-a100-w012	ج ي ء	ر ء ي	14	8	8	1	10	13	intra_ayah:12:100:root:160
co-12_100-05534	12:100	w-s012-a100-w026	w-s012-a100-w017	ج ي ء	ر ب ب	9	5	8	2	52	64	intra_ayah:12:100:root:161
co-12_100-05535	12:100	w-s012-a100-w026	w-s012-a100-w039	ج ي ء	ر ب ب	13	5	8	2	52	64	intra_ayah:12:100:root:161
co-12_100-05536	12:100	w-s012-a100-w026	w-s012-a100-w001	ج ي ء	ر ف ع	25	16	16	1	2	2	intra_ayah:12:100:root:162
co-12_100-05537	12:100	w-s012-a100-w026	w-s012-a100-w007	ج ي ء	س ج د	19	12	12	1	2	2	intra_ayah:12:100:root:163
co-12_100-05538	12:100	w-s012-a100-w026	w-s012-a100-w025	ج ي ء	س ج ن	1	1	1	1	1	1	intra_ayah:12:100:root:164
co-12_100-05539	12:100	w-s012-a100-w026	w-s012-a100-w034	ج ي ء	ش ط ن	8	4	4	1	5	5	intra_ayah:12:100:root:165
co-12_100-05540	12:100	w-s012-a100-w026	w-s012-a100-w042	ج ي ء	ش ي ء	16	10	10	1	25	28	intra_ayah:12:100:root:166
co-12_100-05541	12:100	w-s012-a100-w026	w-s012-a100-w004	ج ي ء	ع ر ش	22	14	14	1	2	2	intra_ayah:12:100:root:167
co-12_100-05542	12:100	w-s012-a100-w026	w-s012-a100-w045	ج ي ء	ع ل م	19	11	11	1	38	43	intra_ayah:12:100:root:168
co-12_100-05543	12:100	w-s012-a100-w026	w-s012-a100-w014	ج ي ء	ق ب ل	12	7	7	1	27	31	intra_ayah:12:100:root:169
co-12_100-05544	12:100	w-s012-a100-w002	w-s012-a100-w025	ء ب و	س ج ن	23	9	14	2	1	2	intra_ayah:12:100:root:17
co-12_100-05545	12:100	w-s012-a100-w009	w-s012-a100-w025	ء ب و	س ج ن	16	9	14	2	1	2	intra_ayah:12:100:root:17
co-12_100-05546	12:100	w-s012-a100-w026	w-s012-a100-w008	ج ي ء	ق و ل	18	11	11	1	118	160	intra_ayah:12:100:root:170
co-12_100-05547	12:100	w-s012-a100-w026	w-s012-a100-w040	ج ي ء	ل ط ف	14	9	9	1	1	1	intra_ayah:12:100:root:171
co-12_100-05548	12:100	w-s012-a100-w026	w-s012-a100-w033	ج ي ء	ن ز غ	7	3	3	1	1	1	intra_ayah:12:100:root:172
co-12_100-05549	12:100	w-s012-a100-w020	w-s012-a100-w018	ح س ن	ح ق ق	2	1	1	1	5	5	intra_ayah:12:100:root:173
co-12_100-05550	12:100	w-s012-a100-w020	w-s012-a100-w046	ح س ن	ح ك م	26	15	15	1	6	8	intra_ayah:12:100:root:174
co-12_100-05551	12:100	w-s012-a100-w020	w-s012-a100-w023	ح س ن	خ ر ج	3	1	1	1	3	3	intra_ayah:12:100:root:175
co-12_100-05552	12:100	w-s012-a100-w020	w-s012-a100-w005	ح س ن	خ ر ر	15	10	10	1	1	1	intra_ayah:12:100:root:176
co-12_100-05553	12:100	w-s012-a100-w020	w-s012-a100-w012	ح س ن	ر ء ي	8	5	5	1	9	11	intra_ayah:12:100:root:177
co-12_100-05554	12:100	w-s012-a100-w020	w-s012-a100-w017	ح س ن	ر ب ب	3	2	11	2	29	40	intra_ayah:12:100:root:178
co-12_100-05555	12:100	w-s012-a100-w020	w-s012-a100-w039	ح س ن	ر ب ب	19	2	11	2	29	40	intra_ayah:12:100:root:178
co-12_100-05556	12:100	w-s012-a100-w020	w-s012-a100-w001	ح س ن	ر ف ع	19	13	13	1	1	1	intra_ayah:12:100:root:179
co-12_100-05557	12:100	w-s012-a100-w002	w-s012-a100-w034	ء ب و	ش ط ن	32	14	19	2	5	8	intra_ayah:12:100:root:18
co-12_100-05558	12:100	w-s012-a100-w009	w-s012-a100-w034	ء ب و	ش ط ن	25	14	19	2	5	8	intra_ayah:12:100:root:18
co-12_100-05559	12:100	w-s012-a100-w020	w-s012-a100-w007	ح س ن	س ج د	13	9	9	1	5	6	intra_ayah:12:100:root:180
co-12_100-05560	12:100	w-s012-a100-w020	w-s012-a100-w025	ح س ن	س ج ن	5	2	2	1	2	2	intra_ayah:12:100:root:181
co-12_100-05561	12:100	w-s012-a100-w020	w-s012-a100-w034	ح س ن	ش ط ن	14	7	7	1	2	3	intra_ayah:12:100:root:182
co-12_100-05562	12:100	w-s012-a100-w020	w-s012-a100-w042	ح س ن	ش ي ء	22	13	13	1	24	29	intra_ayah:12:100:root:183
co-12_100-05563	12:100	w-s012-a100-w020	w-s012-a100-w004	ح س ن	ع ر ش	16	11	11	1	3	3	intra_ayah:12:100:root:184
co-12_100-05564	12:100	w-s012-a100-w020	w-s012-a100-w045	ح س ن	ع ل م	25	14	14	1	13	18	intra_ayah:12:100:root:185
co-12_100-05565	12:100	w-s012-a100-w020	w-s012-a100-w014	ح س ن	ق ب ل	6	4	4	1	15	19	intra_ayah:12:100:root:186
co-12_100-05566	12:100	w-s012-a100-w020	w-s012-a100-w008	ح س ن	ق و ل	12	8	8	1	41	64	intra_ayah:12:100:root:187
co-12_100-05567	12:100	w-s012-a100-w020	w-s012-a100-w040	ح س ن	ل ط ف	20	12	12	1	1	1	intra_ayah:12:100:root:188
co-12_100-05568	12:100	w-s012-a100-w020	w-s012-a100-w033	ح س ن	ن ز غ	13	6	6	1	2	2	intra_ayah:12:100:root:189
co-12_100-05569	12:100	w-s012-a100-w002	w-s012-a100-w042	ء ب و	ش ي ء	40	20	25	2	16	23	intra_ayah:12:100:root:19
co-12_100-05570	12:100	w-s012-a100-w009	w-s012-a100-w042	ء ب و	ش ي ء	33	20	25	2	16	23	intra_ayah:12:100:root:19
co-12_100-05571	12:100	w-s012-a100-w018	w-s012-a100-w046	ح ق ق	ح ك م	28	16	16	1	17	24	intra_ayah:12:100:root:190
co-12_100-05572	12:100	w-s012-a100-w018	w-s012-a100-w023	ح ق ق	خ ر ج	5	2	2	1	10	11	intra_ayah:12:100:root:191
co-12_100-05573	12:100	w-s012-a100-w018	w-s012-a100-w005	ح ق ق	خ ر ر	13	9	9	1	1	1	intra_ayah:12:100:root:192
co-12_100-05574	12:100	w-s012-a100-w018	w-s012-a100-w012	ح ق ق	ر ء ي	6	4	4	1	15	17	intra_ayah:12:100:root:193
co-12_100-05575	12:100	w-s012-a100-w018	w-s012-a100-w017	ح ق ق	ر ب ب	1	1	12	2	67	84	intra_ayah:12:100:root:194
co-12_100-05576	12:100	w-s012-a100-w018	w-s012-a100-w039	ح ق ق	ر ب ب	21	1	12	2	67	84	intra_ayah:12:100:root:194
co-12_100-05577	12:100	w-s012-a100-w018	w-s012-a100-w001	ح ق ق	ر ف ع	17	12	12	1	1	1	intra_ayah:12:100:root:195
co-12_100-05578	12:100	w-s012-a100-w018	w-s012-a100-w007	ح ق ق	س ج د	11	8	8	1	8	8	intra_ayah:12:100:root:196
co-12_100-05579	12:100	w-s012-a100-w018	w-s012-a100-w025	ح ق ق	س ج ن	7	3	3	1	1	1	intra_ayah:12:100:root:197
co-12_100-05580	12:100	w-s012-a100-w018	w-s012-a100-w034	ح ق ق	ش ط ن	16	8	8	1	3	3	intra_ayah:12:100:root:198
co-12_100-05581	12:100	w-s012-a100-w018	w-s012-a100-w042	ح ق ق	ش ي ء	24	14	14	1	26	35	intra_ayah:12:100:root:199
co-12_100-05582	12:100	w-s012-a100-w002	w-s012-a100-w011	ء ب و	ء و ل	9	1	6	2	14	17	intra_ayah:12:100:root:2
co-12_100-05583	12:100	w-s012-a100-w009	w-s012-a100-w011	ء ب و	ء و ل	2	1	6	2	14	17	intra_ayah:12:100:root:2
co-12_100-05584	12:100	w-s012-a100-w002	w-s012-a100-w004	ء ب و	ع ر ش	2	1	4	2	1	2	intra_ayah:12:100:root:20
co-12_100-05585	12:100	w-s012-a100-w009	w-s012-a100-w004	ء ب و	ع ر ش	5	1	4	2	1	2	intra_ayah:12:100:root:20
co-12_100-05586	12:100	w-s012-a100-w018	w-s012-a100-w004	ح ق ق	ع ر ش	14	10	10	1	4	5	intra_ayah:12:100:root:200
co-12_100-05587	12:100	w-s012-a100-w018	w-s012-a100-w045	ح ق ق	ع ل م	27	15	15	1	45	66	intra_ayah:12:100:root:201
co-12_100-05588	12:100	w-s012-a100-w018	w-s012-a100-w014	ح ق ق	ق ب ل	4	3	3	1	23	25	intra_ayah:12:100:root:202
co-12_100-05589	12:100	w-s012-a100-w018	w-s012-a100-w008	ح ق ق	ق و ل	10	7	7	1	83	144	intra_ayah:12:100:root:203
co-12_100-05590	12:100	w-s012-a100-w018	w-s012-a100-w040	ح ق ق	ل ط ف	22	13	13	1	1	1	intra_ayah:12:100:root:204
co-12_100-05591	12:100	w-s012-a100-w018	w-s012-a100-w033	ح ق ق	ن ز غ	15	7	7	1	1	1	intra_ayah:12:100:root:205
co-12_100-05592	12:100	w-s012-a100-w046	w-s012-a100-w023	ح ك م	خ ر ج	23	14	14	1	4	5	intra_ayah:12:100:root:206
co-12_100-05593	12:100	w-s012-a100-w046	w-s012-a100-w005	ح ك م	خ ر ر	41	25	25	1	1	1	intra_ayah:12:100:root:207
co-12_100-05594	12:100	w-s012-a100-w046	w-s012-a100-w012	ح ك م	ر ء ي	34	20	20	1	9	10	intra_ayah:12:100:root:208
co-12_100-05595	12:100	w-s012-a100-w046	w-s012-a100-w017	ح ك م	ر ب ب	29	4	17	2	30	42	intra_ayah:12:100:root:209
co-12_100-05596	12:100	w-s012-a100-w046	w-s012-a100-w039	ح ك م	ر ب ب	7	4	17	2	30	42	intra_ayah:12:100:root:209
co-12_100-05597	12:100	w-s012-a100-w002	w-s012-a100-w045	ء ب و	ع ل م	43	21	26	2	16	28	intra_ayah:12:100:root:21
co-12_100-05598	12:100	w-s012-a100-w009	w-s012-a100-w045	ء ب و	ع ل م	36	21	26	2	16	28	intra_ayah:12:100:root:21
co-12_100-05599	12:100	w-s012-a100-w046	w-s012-a100-w001	ح ك م	ر ف ع	45	28	28	1	4	4	intra_ayah:12:100:root:210
co-12_100-05600	12:100	w-s012-a100-w046	w-s012-a100-w007	ح ك م	س ج د	39	24	24	1	2	2	intra_ayah:12:100:root:211
co-12_100-05601	12:100	w-s012-a100-w046	w-s012-a100-w025	ح ك م	س ج ن	21	13	13	1	1	1	intra_ayah:12:100:root:212
co-12_100-05602	12:100	w-s012-a100-w046	w-s012-a100-w034	ح ك م	ش ط ن	12	8	8	1	3	6	intra_ayah:12:100:root:213
co-12_100-05603	12:100	w-s012-a100-w046	w-s012-a100-w042	ح ك م	ش ي ء	4	2	2	1	22	28	intra_ayah:12:100:root:214
co-12_100-05604	12:100	w-s012-a100-w046	w-s012-a100-w004	ح ك م	ع ر ش	42	26	26	1	1	1	intra_ayah:12:100:root:215
co-12_100-05605	12:100	w-s012-a100-w046	w-s012-a100-w045	ح ك م	ع ل م	1	1	1	1	71	94	intra_ayah:12:100:root:216
co-12_100-05606	12:100	w-s012-a100-w046	w-s012-a100-w014	ح ك م	ق ب ل	32	19	19	1	12	14	intra_ayah:12:100:root:217
co-12_100-05607	12:100	w-s012-a100-w046	w-s012-a100-w008	ح ك م	ق و ل	38	23	23	1	34	51	intra_ayah:12:100:root:218
co-12_100-05608	12:100	w-s012-a100-w046	w-s012-a100-w040	ح ك م	ل ط ف	6	3	3	1	2	2	intra_ayah:12:100:root:219
co-12_100-05609	12:100	w-s012-a100-w002	w-s012-a100-w014	ء ب و	ق ب ل	12	3	8	2	13	15	intra_ayah:12:100:root:22
co-12_100-05610	12:100	w-s012-a100-w009	w-s012-a100-w014	ء ب و	ق ب ل	5	3	8	2	13	15	intra_ayah:12:100:root:22
co-12_100-05611	12:100	w-s012-a100-w046	w-s012-a100-w033	ح ك م	ن ز غ	13	9	9	1	1	1	intra_ayah:12:100:root:220
co-12_100-05612	12:100	w-s012-a100-w023	w-s012-a100-w005	خ ر ج	خ ر ر	18	11	11	1	1	1	intra_ayah:12:100:root:221
co-12_100-05613	12:100	w-s012-a100-w023	w-s012-a100-w012	خ ر ج	ر ء ي	11	6	6	1	20	25	intra_ayah:12:100:root:222
co-12_100-05614	12:100	w-s012-a100-w023	w-s012-a100-w017	خ ر ج	ر ب ب	6	3	10	2	21	28	intra_ayah:12:100:root:223
co-12_100-05615	12:100	w-s012-a100-w023	w-s012-a100-w039	خ ر ج	ر ب ب	16	3	10	2	21	28	intra_ayah:12:100:root:223
co-12_100-05616	12:100	w-s012-a100-w023	w-s012-a100-w001	خ ر ج	ر ف ع	22	14	14	1	2	2	intra_ayah:12:100:root:224
co-12_100-05617	12:100	w-s012-a100-w023	w-s012-a100-w007	خ ر ج	س ج د	16	10	10	1	8	10	intra_ayah:12:100:root:225
co-12_100-05618	12:100	w-s012-a100-w023	w-s012-a100-w025	خ ر ج	س ج ن	2	1	1	1	1	1	intra_ayah:12:100:root:226
co-12_100-05619	12:100	w-s012-a100-w023	w-s012-a100-w034	خ ر ج	ش ط ن	11	6	6	1	3	4	intra_ayah:12:100:root:227
co-12_100-05620	12:100	w-s012-a100-w023	w-s012-a100-w042	خ ر ج	ش ي ء	19	12	12	1	10	18	intra_ayah:12:100:root:228
co-12_100-05621	12:100	w-s012-a100-w023	w-s012-a100-w004	خ ر ج	ع ر ش	19	12	12	1	2	2	intra_ayah:12:100:root:229
co-12_100-05622	12:100	w-s012-a100-w002	w-s012-a100-w008	ء ب و	ق و ل	6	1	4	2	60	89	intra_ayah:12:100:root:23
co-12_100-05623	12:100	w-s012-a100-w009	w-s012-a100-w008	ء ب و	ق و ل	1	1	4	2	60	89	intra_ayah:12:100:root:23
co-12_100-05624	12:100	w-s012-a100-w023	w-s012-a100-w045	خ ر ج	ع ل م	22	13	13	1	22	26	intra_ayah:12:100:root:230
co-12_100-05625	12:100	w-s012-a100-w023	w-s012-a100-w014	خ ر ج	ق ب ل	9	5	5	1	8	8	intra_ayah:12:100:root:231
co-12_100-05626	12:100	w-s012-a100-w023	w-s012-a100-w008	خ ر ج	ق و ل	15	9	9	1	53	74	intra_ayah:12:100:root:232
co-12_100-05627	12:100	w-s012-a100-w023	w-s012-a100-w040	خ ر ج	ل ط ف	17	11	11	1	1	1	intra_ayah:12:100:root:233
co-12_100-05628	12:100	w-s012-a100-w023	w-s012-a100-w033	خ ر ج	ن ز غ	10	5	5	1	1	1	intra_ayah:12:100:root:234
co-12_100-05629	12:100	w-s012-a100-w005	w-s012-a100-w012	خ ر ر	ر ء ي	7	5	5	1	2	4	intra_ayah:12:100:root:235
co-12_100-05630	12:100	w-s012-a100-w005	w-s012-a100-w017	خ ر ر	ر ب ب	12	8	21	2	5	8	intra_ayah:12:100:root:236
co-12_100-05631	12:100	w-s012-a100-w005	w-s012-a100-w039	خ ر ر	ر ب ب	34	8	21	2	5	8	intra_ayah:12:100:root:236
co-12_100-05632	12:100	w-s012-a100-w005	w-s012-a100-w001	خ ر ر	ر ف ع	4	3	3	1	1	1	intra_ayah:12:100:root:237
co-12_100-05633	12:100	w-s012-a100-w005	w-s012-a100-w007	خ ر ر	س ج د	2	1	1	1	4	4	intra_ayah:12:100:root:238
co-12_100-05634	12:100	w-s012-a100-w005	w-s012-a100-w025	خ ر ر	س ج ن	20	12	12	1	1	1	intra_ayah:12:100:root:239
co-12_100-05635	12:100	w-s012-a100-w002	w-s012-a100-w040	ء ب و	ل ط ف	38	19	24	2	1	2	intra_ayah:12:100:root:24
co-12_100-05636	12:100	w-s012-a100-w009	w-s012-a100-w040	ء ب و	ل ط ف	31	19	24	2	1	2	intra_ayah:12:100:root:24
co-12_100-05637	12:100	w-s012-a100-w005	w-s012-a100-w034	خ ر ر	ش ط ن	29	17	17	1	1	1	intra_ayah:12:100:root:240
co-12_100-05638	12:100	w-s012-a100-w005	w-s012-a100-w042	خ ر ر	ش ي ء	37	23	23	1	1	1	intra_ayah:12:100:root:241
co-12_100-05639	12:100	w-s012-a100-w005	w-s012-a100-w004	خ ر ر	ع ر ش	1	1	1	1	1	1	intra_ayah:12:100:root:242
co-12_100-05640	12:100	w-s012-a100-w005	w-s012-a100-w045	خ ر ر	ع ل م	40	24	24	1	3	3	intra_ayah:12:100:root:243
co-12_100-05641	12:100	w-s012-a100-w005	w-s012-a100-w014	خ ر ر	ق ب ل	9	6	6	1	3	3	intra_ayah:12:100:root:244
co-12_100-05642	12:100	w-s012-a100-w005	w-s012-a100-w008	خ ر ر	ق و ل	3	2	2	1	4	6	intra_ayah:12:100:root:245
co-12_100-05643	12:100	w-s012-a100-w005	w-s012-a100-w040	خ ر ر	ل ط ف	35	22	22	1	1	1	intra_ayah:12:100:root:246
co-12_100-05644	12:100	w-s012-a100-w005	w-s012-a100-w033	خ ر ر	ن ز غ	28	16	16	1	1	1	intra_ayah:12:100:root:247
co-12_100-05645	12:100	w-s012-a100-w012	w-s012-a100-w017	ر ء ي	ر ب ب	5	3	16	2	41	60	intra_ayah:12:100:root:248
co-12_100-05646	12:100	w-s012-a100-w012	w-s012-a100-w039	ر ء ي	ر ب ب	27	3	16	2	41	60	intra_ayah:12:100:root:248
co-12_100-05647	12:100	w-s012-a100-w012	w-s012-a100-w001	ر ء ي	ر ف ع	11	8	8	1	2	2	intra_ayah:12:100:root:249
co-12_100-05648	12:100	w-s012-a100-w002	w-s012-a100-w033	ء ب و	ن ز غ	31	13	18	2	1	2	intra_ayah:12:100:root:25
co-12_100-05649	12:100	w-s012-a100-w009	w-s012-a100-w033	ء ب و	ن ز غ	24	13	18	2	1	2	intra_ayah:12:100:root:25
co-12_100-05650	12:100	w-s012-a100-w012	w-s012-a100-w007	ر ء ي	س ج د	5	4	4	1	8	11	intra_ayah:12:100:root:250
co-12_100-05651	12:100	w-s012-a100-w012	w-s012-a100-w025	ر ء ي	س ج ن	13	7	7	1	3	5	intra_ayah:12:100:root:251
co-12_100-05652	12:100	w-s012-a100-w012	w-s012-a100-w034	ر ء ي	ش ط ن	22	12	12	1	9	16	intra_ayah:12:100:root:252
co-12_100-05653	12:100	w-s012-a100-w012	w-s012-a100-w042	ر ء ي	ش ي ء	30	18	18	1	29	38	intra_ayah:12:100:root:253
co-12_100-05654	12:100	w-s012-a100-w012	w-s012-a100-w004	ر ء ي	ع ر ش	8	6	6	1	3	3	intra_ayah:12:100:root:254
co-12_100-05655	12:100	w-s012-a100-w012	w-s012-a100-w045	ر ء ي	ع ل م	33	19	19	1	28	34	intra_ayah:12:100:root:255
co-12_100-05656	12:100	w-s012-a100-w012	w-s012-a100-w014	ر ء ي	ق ب ل	2	1	1	1	12	15	intra_ayah:12:100:root:256
co-12_100-05657	12:100	w-s012-a100-w012	w-s012-a100-w008	ر ء ي	ق و ل	4	3	3	1	113	174	intra_ayah:12:100:root:257
co-12_100-05658	12:100	w-s012-a100-w012	w-s012-a100-w040	ر ء ي	ل ط ف	28	17	17	1	2	2	intra_ayah:12:100:root:258
co-12_100-05659	12:100	w-s012-a100-w012	w-s012-a100-w033	ر ء ي	ن ز غ	21	11	11	1	1	1	intra_ayah:12:100:root:259
co-12_100-05660	12:100	w-s012-a100-w037	w-s012-a100-w011	ء خ و	ء و ل	26	16	16	1	3	5	intra_ayah:12:100:root:26
co-12_100-05661	12:100	w-s012-a100-w017	w-s012-a100-w001	ر ب ب	ر ف ع	16	11	24	2	6	8	intra_ayah:12:100:root:260
co-12_100-05662	12:100	w-s012-a100-w039	w-s012-a100-w001	ر ب ب	ر ف ع	38	11	24	2	6	8	intra_ayah:12:100:root:260
co-12_100-05663	12:100	w-s012-a100-w017	w-s012-a100-w007	ر ب ب	س ج د	10	7	20	2	16	18	intra_ayah:12:100:root:261
co-12_100-05664	12:100	w-s012-a100-w039	w-s012-a100-w007	ر ب ب	س ج د	32	7	20	2	16	18	intra_ayah:12:100:root:261
co-12_100-05665	12:100	w-s012-a100-w017	w-s012-a100-w025	ر ب ب	س ج ن	8	4	9	2	5	7	intra_ayah:12:100:root:262
co-12_100-05666	12:100	w-s012-a100-w039	w-s012-a100-w025	ر ب ب	س ج ن	14	4	9	2	5	7	intra_ayah:12:100:root:262
co-12_100-05667	12:100	w-s012-a100-w017	w-s012-a100-w034	ر ب ب	ش ط ن	17	4	9	2	13	16	intra_ayah:12:100:root:263
co-12_100-05668	12:100	w-s012-a100-w039	w-s012-a100-w034	ر ب ب	ش ط ن	5	4	9	2	13	16	intra_ayah:12:100:root:263
co-12_100-05669	12:100	w-s012-a100-w017	w-s012-a100-w042	ر ب ب	ش ي ء	25	2	15	2	75	109	intra_ayah:12:100:root:264
co-12_100-05670	12:100	w-s012-a100-w039	w-s012-a100-w042	ر ب ب	ش ي ء	3	2	15	2	75	109	intra_ayah:12:100:root:264
co-12_100-05671	12:100	w-s012-a100-w017	w-s012-a100-w004	ر ب ب	ع ر ش	13	9	22	2	16	23	intra_ayah:12:100:root:265
co-12_100-05672	12:100	w-s012-a100-w039	w-s012-a100-w004	ر ب ب	ع ر ش	35	9	22	2	16	23	intra_ayah:12:100:root:265
co-12_100-05673	12:100	w-s012-a100-w017	w-s012-a100-w045	ر ب ب	ع ل م	28	3	16	2	129	173	intra_ayah:12:100:root:266
co-12_100-05674	12:100	w-s012-a100-w039	w-s012-a100-w045	ر ب ب	ع ل م	6	3	16	2	129	173	intra_ayah:12:100:root:266
co-12_100-05675	12:100	w-s012-a100-w017	w-s012-a100-w014	ر ب ب	ق ب ل	3	2	15	2	44	61	intra_ayah:12:100:root:267
co-12_100-05676	12:100	w-s012-a100-w039	w-s012-a100-w014	ر ب ب	ق ب ل	25	2	15	2	44	61	intra_ayah:12:100:root:267
co-12_100-05677	12:100	w-s012-a100-w017	w-s012-a100-w008	ر ب ب	ق و ل	9	6	19	2	329	501	intra_ayah:12:100:root:268
co-12_100-05678	12:100	w-s012-a100-w039	w-s012-a100-w008	ر ب ب	ق و ل	31	6	19	2	329	501	intra_ayah:12:100:root:268
co-12_100-05679	12:100	w-s012-a100-w017	w-s012-a100-w040	ر ب ب	ل ط ف	23	1	14	2	2	3	intra_ayah:12:100:root:269
co-12_100-05680	12:100	w-s012-a100-w039	w-s012-a100-w040	ر ب ب	ل ط ف	1	1	14	2	2	3	intra_ayah:12:100:root:269
co-12_100-05681	12:100	w-s012-a100-w037	w-s012-a100-w029	ء خ و	ب د و	8	6	6	1	3	8	intra_ayah:12:100:root:27
co-12_100-05682	12:100	w-s012-a100-w017	w-s012-a100-w033	ر ب ب	ن ز غ	16	5	8	2	1	2	intra_ayah:12:100:root:270
co-12_100-05683	12:100	w-s012-a100-w039	w-s012-a100-w033	ر ب ب	ن ز غ	6	5	8	2	1	2	intra_ayah:12:100:root:270
co-12_100-05684	12:100	w-s012-a100-w001	w-s012-a100-w007	ر ف ع	س ج د	6	4	4	1	2	2	intra_ayah:12:100:root:271
co-12_100-05685	12:100	w-s012-a100-w001	w-s012-a100-w025	ر ف ع	س ج ن	24	15	15	1	1	1	intra_ayah:12:100:root:272
co-12_100-05686	12:100	w-s012-a100-w001	w-s012-a100-w034	ر ف ع	ش ط ن	33	20	20	1	1	1	intra_ayah:12:100:root:273
co-12_100-05687	12:100	w-s012-a100-w001	w-s012-a100-w042	ر ف ع	ش ي ء	41	26	26	1	6	8	intra_ayah:12:100:root:274
co-12_100-05688	12:100	w-s012-a100-w001	w-s012-a100-w004	ر ف ع	ع ر ش	3	2	2	1	3	3	intra_ayah:12:100:root:275
co-12_100-05689	12:100	w-s012-a100-w001	w-s012-a100-w045	ر ف ع	ع ل م	44	27	27	1	5	6	intra_ayah:12:100:root:276
co-12_100-05690	12:100	w-s012-a100-w001	w-s012-a100-w014	ر ف ع	ق ب ل	13	9	9	1	3	3	intra_ayah:12:100:root:277
co-12_100-05691	12:100	w-s012-a100-w001	w-s012-a100-w008	ر ف ع	ق و ل	7	5	5	1	6	9	intra_ayah:12:100:root:278
co-12_100-05692	12:100	w-s012-a100-w001	w-s012-a100-w040	ر ف ع	ل ط ف	39	25	25	1	1	1	intra_ayah:12:100:root:279
co-12_100-05693	12:100	w-s012-a100-w037	w-s012-a100-w031	ء خ و	ب ع د	6	5	5	1	7	12	intra_ayah:12:100:root:28
co-12_100-05694	12:100	w-s012-a100-w001	w-s012-a100-w033	ر ف ع	ن ز غ	32	19	19	1	1	1	intra_ayah:12:100:root:280
co-12_100-05695	12:100	w-s012-a100-w007	w-s012-a100-w025	س ج د	س ج ن	18	11	11	1	1	1	intra_ayah:12:100:root:281
co-12_100-05696	12:100	w-s012-a100-w007	w-s012-a100-w034	س ج د	ش ط ن	27	16	16	1	2	2	intra_ayah:12:100:root:282
co-12_100-05697	12:100	w-s012-a100-w007	w-s012-a100-w042	س ج د	ش ي ء	35	22	22	1	9	9	intra_ayah:12:100:root:283
co-12_100-05698	12:100	w-s012-a100-w007	w-s012-a100-w004	س ج د	ع ر ش	3	2	2	1	1	1	intra_ayah:12:100:root:284
co-12_100-05699	12:100	w-s012-a100-w007	w-s012-a100-w045	س ج د	ع ل م	38	23	23	1	12	16	intra_ayah:12:100:root:285
co-12_100-05700	12:100	w-s012-a100-w007	w-s012-a100-w014	س ج د	ق ب ل	7	5	5	1	4	4	intra_ayah:12:100:root:286
co-12_100-05701	12:100	w-s012-a100-w007	w-s012-a100-w008	س ج د	ق و ل	1	1	1	1	22	40	intra_ayah:12:100:root:287
co-12_100-05702	12:100	w-s012-a100-w007	w-s012-a100-w040	س ج د	ل ط ف	33	21	21	1	1	1	intra_ayah:12:100:root:288
co-12_100-05703	12:100	w-s012-a100-w007	w-s012-a100-w033	س ج د	ن ز غ	26	15	15	1	1	1	intra_ayah:12:100:root:289
co-12_100-05704	12:100	w-s012-a100-w037	w-s012-a100-w035	ء خ و	ب ي ن	2	1	2	2	13	23	intra_ayah:12:100:root:29
co-12_100-05705	12:100	w-s012-a100-w037	w-s012-a100-w036	ء خ و	ب ي ن	1	1	2	2	13	23	intra_ayah:12:100:root:29
co-12_100-05706	12:100	w-s012-a100-w025	w-s012-a100-w034	س ج ن	ش ط ن	9	5	5	1	2	2	intra_ayah:12:100:root:290
co-12_100-05707	12:100	w-s012-a100-w025	w-s012-a100-w042	س ج ن	ش ي ء	17	11	11	1	1	1	intra_ayah:12:100:root:291
co-12_100-05708	12:100	w-s012-a100-w025	w-s012-a100-w004	س ج ن	ع ر ش	21	13	13	1	1	1	intra_ayah:12:100:root:292
co-12_100-05709	12:100	w-s012-a100-w025	w-s012-a100-w045	س ج ن	ع ل م	20	12	12	1	1	1	intra_ayah:12:100:root:293
co-12_100-05710	12:100	w-s012-a100-w025	w-s012-a100-w014	س ج ن	ق ب ل	11	6	6	1	1	1	intra_ayah:12:100:root:294
co-12_100-05711	12:100	w-s012-a100-w025	w-s012-a100-w008	س ج ن	ق و ل	17	10	10	1	7	8	intra_ayah:12:100:root:295
co-12_100-05712	12:100	w-s012-a100-w025	w-s012-a100-w040	س ج ن	ل ط ف	15	10	10	1	1	1	intra_ayah:12:100:root:296
co-12_100-05713	12:100	w-s012-a100-w025	w-s012-a100-w033	س ج ن	ن ز غ	8	4	4	1	1	1	intra_ayah:12:100:root:297
co-12_100-05714	12:100	w-s012-a100-w034	w-s012-a100-w042	ش ط ن	ش ي ء	8	6	6	1	4	5	intra_ayah:12:100:root:298
co-12_100-05715	12:100	w-s012-a100-w034	w-s012-a100-w004	ش ط ن	ع ر ش	30	18	18	1	1	1	intra_ayah:12:100:root:299
co-12_100-05716	12:100	w-s012-a100-w002	w-s012-a100-w029	ء ب و	ب د و	27	11	16	2	4	8	intra_ayah:12:100:root:3
co-12_100-05717	12:100	w-s012-a100-w009	w-s012-a100-w029	ء ب و	ب د و	20	11	16	2	4	8	intra_ayah:12:100:root:3
co-12_100-05718	12:100	w-s012-a100-w037	w-s012-a100-w016	ء خ و	ج ع ل	21	13	13	1	8	8	intra_ayah:12:100:root:30
co-12_100-05719	12:100	w-s012-a100-w034	w-s012-a100-w045	ش ط ن	ع ل م	11	7	7	1	12	25	intra_ayah:12:100:root:300
co-12_100-05720	12:100	w-s012-a100-w034	w-s012-a100-w014	ش ط ن	ق ب ل	20	11	11	1	6	8	intra_ayah:12:100:root:301
co-12_100-05721	12:100	w-s012-a100-w034	w-s012-a100-w008	ش ط ن	ق و ل	26	15	15	1	22	31	intra_ayah:12:100:root:302
co-12_100-05722	12:100	w-s012-a100-w034	w-s012-a100-w040	ش ط ن	ل ط ف	6	5	5	1	1	1	intra_ayah:12:100:root:303
co-12_100-05723	12:100	w-s012-a100-w034	w-s012-a100-w033	ش ط ن	ن ز غ	1	1	1	1	4	7	intra_ayah:12:100:root:304
co-12_100-05724	12:100	w-s012-a100-w042	w-s012-a100-w004	ش ي ء	ع ر ش	38	24	24	1	5	5	intra_ayah:12:100:root:305
co-12_100-05725	12:100	w-s012-a100-w042	w-s012-a100-w045	ش ي ء	ع ل م	3	1	1	1	95	157	intra_ayah:12:100:root:306
co-12_100-05726	12:100	w-s012-a100-w042	w-s012-a100-w014	ش ي ء	ق ب ل	28	17	17	1	17	25	intra_ayah:12:100:root:307
co-12_100-05727	12:100	w-s012-a100-w042	w-s012-a100-w008	ش ي ء	ق و ل	34	21	21	1	113	199	intra_ayah:12:100:root:308
co-12_100-05728	12:100	w-s012-a100-w042	w-s012-a100-w040	ش ي ء	ل ط ف	2	1	1	1	2	2	intra_ayah:12:100:root:309
co-12_100-05729	12:100	w-s012-a100-w037	w-s012-a100-w026	ء خ و	ج ي ء	11	7	7	1	6	6	intra_ayah:12:100:root:31
co-12_100-05730	12:100	w-s012-a100-w042	w-s012-a100-w033	ش ي ء	ن ز غ	9	7	7	1	1	1	intra_ayah:12:100:root:310
co-12_100-05731	12:100	w-s012-a100-w004	w-s012-a100-w045	ع ر ش	ع ل م	41	25	25	1	7	7	intra_ayah:12:100:root:311
co-12_100-05732	12:100	w-s012-a100-w004	w-s012-a100-w014	ع ر ش	ق ب ل	10	7	7	1	3	3	intra_ayah:12:100:root:312
co-12_100-05733	12:100	w-s012-a100-w004	w-s012-a100-w008	ع ر ش	ق و ل	4	3	3	1	11	18	intra_ayah:12:100:root:313
co-12_100-05734	12:100	w-s012-a100-w004	w-s012-a100-w040	ع ر ش	ل ط ف	36	23	23	1	1	1	intra_ayah:12:100:root:314
co-12_100-05735	12:100	w-s012-a100-w004	w-s012-a100-w033	ع ر ش	ن ز غ	29	17	17	1	1	1	intra_ayah:12:100:root:315
co-12_100-05736	12:100	w-s012-a100-w045	w-s012-a100-w014	ع ل م	ق ب ل	31	18	18	1	45	54	intra_ayah:12:100:root:316
co-12_100-05737	12:100	w-s012-a100-w045	w-s012-a100-w008	ع ل م	ق و ل	37	22	22	1	230	414	intra_ayah:12:100:root:317
co-12_100-05738	12:100	w-s012-a100-w045	w-s012-a100-w040	ع ل م	ل ط ف	5	2	2	1	3	3	intra_ayah:12:100:root:318
co-12_100-05739	12:100	w-s012-a100-w045	w-s012-a100-w033	ع ل م	ن ز غ	12	8	8	1	3	5	intra_ayah:12:100:root:319
co-12_100-05740	12:100	w-s012-a100-w037	w-s012-a100-w020	ء خ و	ح س ن	17	10	10	1	3	3	intra_ayah:12:100:root:32
co-12_100-05741	12:100	w-s012-a100-w014	w-s012-a100-w008	ق ب ل	ق و ل	6	4	4	1	86	123	intra_ayah:12:100:root:320
co-12_100-05742	12:100	w-s012-a100-w014	w-s012-a100-w040	ق ب ل	ل ط ف	26	16	16	1	1	1	intra_ayah:12:100:root:321
co-12_100-05743	12:100	w-s012-a100-w014	w-s012-a100-w033	ق ب ل	ن ز غ	19	10	10	1	1	1	intra_ayah:12:100:root:322
co-12_100-05744	12:100	w-s012-a100-w008	w-s012-a100-w040	ق و ل	ل ط ف	32	20	20	1	2	5	intra_ayah:12:100:root:323
co-12_100-05745	12:100	w-s012-a100-w008	w-s012-a100-w033	ق و ل	ن ز غ	25	14	14	1	2	3	intra_ayah:12:100:root:324
co-12_100-05746	12:100	w-s012-a100-w040	w-s012-a100-w033	ل ط ف	ن ز غ	7	6	6	1	1	1	intra_ayah:12:100:root:325
co-12_100-05747	12:100	w-s012-a100-w037	w-s012-a100-w018	ء خ و	ح ق ق	19	11	11	1	1	1	intra_ayah:12:100:root:33
co-12_100-05748	12:100	w-s012-a100-w037	w-s012-a100-w046	ء خ و	ح ك م	9	5	5	1	3	3	intra_ayah:12:100:root:34
co-12_100-05749	12:100	w-s012-a100-w037	w-s012-a100-w023	ء خ و	خ ر ج	14	9	9	1	3	6	intra_ayah:12:100:root:35
co-12_100-05750	12:100	w-s012-a100-w037	w-s012-a100-w005	ء خ و	خ ر ر	32	20	20	1	1	1	intra_ayah:12:100:root:36
co-12_100-05751	12:100	w-s012-a100-w037	w-s012-a100-w012	ء خ و	ر ء ي	25	15	15	1	7	8	intra_ayah:12:100:root:37
co-12_100-05752	12:100	w-s012-a100-w037	w-s012-a100-w017	ء خ و	ر ب ب	20	1	12	2	13	19	intra_ayah:12:100:root:38
co-12_100-05753	12:100	w-s012-a100-w037	w-s012-a100-w039	ء خ و	ر ب ب	2	1	12	2	13	19	intra_ayah:12:100:root:38
co-12_100-05754	12:100	w-s012-a100-w037	w-s012-a100-w001	ء خ و	ر ف ع	36	23	23	1	2	4	intra_ayah:12:100:root:39
co-12_100-05755	12:100	w-s012-a100-w002	w-s012-a100-w031	ء ب و	ب ع د	29	12	17	2	5	8	intra_ayah:12:100:root:4
co-12_100-05756	12:100	w-s012-a100-w009	w-s012-a100-w031	ء ب و	ب ع د	22	12	17	2	5	8	intra_ayah:12:100:root:4
co-12_100-05757	12:100	w-s012-a100-w037	w-s012-a100-w007	ء خ و	س ج د	30	19	19	1	1	1	intra_ayah:12:100:root:40
co-12_100-05758	12:100	w-s012-a100-w037	w-s012-a100-w025	ء خ و	س ج ن	12	8	8	1	1	1	intra_ayah:12:100:root:41
co-12_100-05759	12:100	w-s012-a100-w037	w-s012-a100-w034	ء خ و	ش ط ن	3	3	3	1	3	4	intra_ayah:12:100:root:42
co-12_100-05760	12:100	w-s012-a100-w037	w-s012-a100-w042	ء خ و	ش ي ء	5	3	3	1	7	15	intra_ayah:12:100:root:43
co-12_100-05761	12:100	w-s012-a100-w037	w-s012-a100-w004	ء خ و	ع ر ش	33	21	21	1	1	1	intra_ayah:12:100:root:44
co-12_100-05762	12:100	w-s012-a100-w037	w-s012-a100-w045	ء خ و	ع ل م	8	4	4	1	13	22	intra_ayah:12:100:root:45
co-12_100-05763	12:100	w-s012-a100-w037	w-s012-a100-w014	ء خ و	ق ب ل	23	14	14	1	7	9	intra_ayah:12:100:root:46
co-12_100-05764	12:100	w-s012-a100-w037	w-s012-a100-w008	ء خ و	ق و ل	29	18	18	1	43	54	intra_ayah:12:100:root:47
co-12_100-05765	12:100	w-s012-a100-w037	w-s012-a100-w040	ء خ و	ل ط ف	3	2	2	1	1	1	intra_ayah:12:100:root:48
co-12_100-05766	12:100	w-s012-a100-w037	w-s012-a100-w033	ء خ و	ن ز غ	4	4	4	1	1	1	intra_ayah:12:100:root:49
co-12_100-05767	12:100	w-s012-a100-w002	w-s012-a100-w035	ء ب و	ب ي ن	33	15	21	4	13	19	intra_ayah:12:100:root:5
co-12_100-05768	12:100	w-s012-a100-w002	w-s012-a100-w036	ء ب و	ب ي ن	34	15	21	4	13	19	intra_ayah:12:100:root:5
co-12_100-05769	12:100	w-s012-a100-w009	w-s012-a100-w035	ء ب و	ب ي ن	26	15	21	4	13	19	intra_ayah:12:100:root:5
co-12_100-05770	12:100	w-s012-a100-w009	w-s012-a100-w036	ء ب و	ب ي ن	27	15	21	4	13	19	intra_ayah:12:100:root:5
co-12_100-05771	12:100	w-s012-a100-w011	w-s012-a100-w029	ء و ل	ب د و	18	10	10	1	2	3	intra_ayah:12:100:root:50
co-12_100-05772	12:100	w-s012-a100-w011	w-s012-a100-w031	ء و ل	ب ع د	20	11	11	1	5	5	intra_ayah:12:100:root:51
co-12_100-05773	12:100	w-s012-a100-w011	w-s012-a100-w035	ء و ل	ب ي ن	24	14	15	2	9	11	intra_ayah:12:100:root:52
co-12_100-05774	12:100	w-s012-a100-w011	w-s012-a100-w036	ء و ل	ب ي ن	25	14	15	2	9	11	intra_ayah:12:100:root:52
co-12_100-05775	12:100	w-s012-a100-w011	w-s012-a100-w016	ء و ل	ج ع ل	5	3	3	1	8	8	intra_ayah:12:100:root:53
co-12_100-05776	12:100	w-s012-a100-w011	w-s012-a100-w026	ء و ل	ج ي ء	15	9	9	1	15	17	intra_ayah:12:100:root:54
co-12_100-05777	12:100	w-s012-a100-w011	w-s012-a100-w020	ء و ل	ح س ن	9	6	6	1	9	11	intra_ayah:12:100:root:55
co-12_100-05778	12:100	w-s012-a100-w011	w-s012-a100-w018	ء و ل	ح ق ق	7	5	5	1	6	7	intra_ayah:12:100:root:56
co-12_100-05779	12:100	w-s012-a100-w011	w-s012-a100-w046	ء و ل	ح ك م	35	21	21	1	7	11	intra_ayah:12:100:root:57
co-12_100-05780	12:100	w-s012-a100-w011	w-s012-a100-w023	ء و ل	خ ر ج	12	7	7	1	8	12	intra_ayah:12:100:root:58
co-12_100-05781	12:100	w-s012-a100-w011	w-s012-a100-w005	ء و ل	خ ر ر	6	4	4	1	2	2	intra_ayah:12:100:root:59
co-12_100-05782	12:100	w-s012-a100-w002	w-s012-a100-w016	ء ب و	ج ع ل	14	4	9	2	4	5	intra_ayah:12:100:root:6
co-12_100-05783	12:100	w-s012-a100-w009	w-s012-a100-w016	ء ب و	ج ع ل	7	4	9	2	4	5	intra_ayah:12:100:root:6
co-12_100-05784	12:100	w-s012-a100-w011	w-s012-a100-w012	ء و ل	ر ء ي	1	1	1	1	8	14	intra_ayah:12:100:root:60
co-12_100-05785	12:100	w-s012-a100-w011	w-s012-a100-w017	ء و ل	ر ب ب	6	4	17	2	27	43	intra_ayah:12:100:root:61
co-12_100-05786	12:100	w-s012-a100-w011	w-s012-a100-w039	ء و ل	ر ب ب	28	4	17	2	27	43	intra_ayah:12:100:root:61
co-12_100-05787	12:100	w-s012-a100-w011	w-s012-a100-w001	ء و ل	ر ف ع	10	7	7	1	1	1	intra_ayah:12:100:root:62
co-12_100-05788	12:100	w-s012-a100-w011	w-s012-a100-w007	ء و ل	س ج د	4	3	3	1	4	4	intra_ayah:12:100:root:63
co-12_100-05789	12:100	w-s012-a100-w011	w-s012-a100-w025	ء و ل	س ج ن	14	8	8	1	2	2	intra_ayah:12:100:root:64
co-12_100-05790	12:100	w-s012-a100-w011	w-s012-a100-w034	ء و ل	ش ط ن	23	13	13	1	2	2	intra_ayah:12:100:root:65
co-12_100-05791	12:100	w-s012-a100-w011	w-s012-a100-w042	ء و ل	ش ي ء	31	19	19	1	12	14	intra_ayah:12:100:root:66
co-12_100-05792	12:100	w-s012-a100-w011	w-s012-a100-w004	ء و ل	ع ر ش	7	5	5	1	1	1	intra_ayah:12:100:root:67
co-12_100-05793	12:100	w-s012-a100-w011	w-s012-a100-w045	ء و ل	ع ل م	34	20	20	1	22	34	intra_ayah:12:100:root:68
co-12_100-05794	12:100	w-s012-a100-w011	w-s012-a100-w014	ء و ل	ق ب ل	3	2	2	1	18	21	intra_ayah:12:100:root:69
co-12_100-05795	12:100	w-s012-a100-w002	w-s012-a100-w026	ء ب و	ج ي ء	24	10	15	2	13	15	intra_ayah:12:100:root:7
co-12_100-05796	12:100	w-s012-a100-w009	w-s012-a100-w026	ء ب و	ج ي ء	17	10	15	2	13	15	intra_ayah:12:100:root:7
co-12_100-05797	12:100	w-s012-a100-w011	w-s012-a100-w008	ء و ل	ق و ل	3	2	2	1	51	72	intra_ayah:12:100:root:70
co-12_100-05798	12:100	w-s012-a100-w011	w-s012-a100-w040	ء و ل	ل ط ف	29	18	18	1	1	1	intra_ayah:12:100:root:71
co-12_100-05799	12:100	w-s012-a100-w011	w-s012-a100-w033	ء و ل	ن ز غ	22	12	12	1	1	1	intra_ayah:12:100:root:72
co-12_100-05800	12:100	w-s012-a100-w029	w-s012-a100-w031	ب د و	ب ع د	2	1	1	1	3	3	intra_ayah:12:100:root:73
co-12_100-05801	12:100	w-s012-a100-w029	w-s012-a100-w035	ب د و	ب ي ن	6	4	5	2	4	6	intra_ayah:12:100:root:74
co-12_100-05802	12:100	w-s012-a100-w029	w-s012-a100-w036	ب د و	ب ي ن	7	4	5	2	4	6	intra_ayah:12:100:root:74
co-12_100-05803	12:100	w-s012-a100-w029	w-s012-a100-w016	ب د و	ج ع ل	13	7	7	1	3	3	intra_ayah:12:100:root:75
co-12_100-05804	12:100	w-s012-a100-w029	w-s012-a100-w026	ب د و	ج ي ء	3	1	1	1	2	2	intra_ayah:12:100:root:76
co-12_100-05805	12:100	w-s012-a100-w029	w-s012-a100-w020	ب د و	ح س ن	9	4	4	1	2	2	intra_ayah:12:100:root:77
co-12_100-05806	12:100	w-s012-a100-w029	w-s012-a100-w018	ب د و	ح ق ق	11	5	5	1	4	4	intra_ayah:12:100:root:78
co-12_100-05807	12:100	w-s012-a100-w029	w-s012-a100-w046	ب د و	ح ك م	17	11	11	1	1	1	intra_ayah:12:100:root:79
co-12_100-05808	12:100	w-s012-a100-w002	w-s012-a100-w020	ء ب و	ح س ن	18	7	12	2	4	5	intra_ayah:12:100:root:8
co-12_100-05809	12:100	w-s012-a100-w009	w-s012-a100-w020	ء ب و	ح س ن	11	7	12	2	4	5	intra_ayah:12:100:root:8
co-12_100-05810	12:100	w-s012-a100-w029	w-s012-a100-w023	ب د و	خ ر ج	6	3	3	1	1	1	intra_ayah:12:100:root:80
co-12_100-05811	12:100	w-s012-a100-w029	w-s012-a100-w005	ب د و	خ ر ر	24	14	14	1	1	1	intra_ayah:12:100:root:81
co-12_100-05812	12:100	w-s012-a100-w029	w-s012-a100-w012	ب د و	ر ء ي	17	9	9	1	3	6	intra_ayah:12:100:root:82
co-12_100-05813	12:100	w-s012-a100-w029	w-s012-a100-w017	ب د و	ر ب ب	12	6	7	2	5	6	intra_ayah:12:100:root:83
co-12_100-05814	12:100	w-s012-a100-w029	w-s012-a100-w039	ب د و	ر ب ب	10	6	7	2	5	6	intra_ayah:12:100:root:83
co-12_100-05815	12:100	w-s012-a100-w029	w-s012-a100-w001	ب د و	ر ف ع	28	17	17	1	1	1	intra_ayah:12:100:root:84
co-12_100-05816	12:100	w-s012-a100-w029	w-s012-a100-w007	ب د و	س ج د	22	13	13	1	2	2	intra_ayah:12:100:root:85
co-12_100-05817	12:100	w-s012-a100-w029	w-s012-a100-w025	ب د و	س ج ن	4	2	2	1	2	2	intra_ayah:12:100:root:86
co-12_100-05818	12:100	w-s012-a100-w029	w-s012-a100-w034	ب د و	ش ط ن	5	3	3	1	3	3	intra_ayah:12:100:root:87
co-12_100-05819	12:100	w-s012-a100-w029	w-s012-a100-w042	ب د و	ش ي ء	13	9	9	1	8	13	intra_ayah:12:100:root:88
co-12_100-05820	12:100	w-s012-a100-w029	w-s012-a100-w004	ب د و	ع ر ش	25	15	15	1	1	1	intra_ayah:12:100:root:89
co-12_100-05821	12:100	w-s012-a100-w002	w-s012-a100-w018	ء ب و	ح ق ق	16	6	11	2	5	6	intra_ayah:12:100:root:9
co-12_100-05822	12:100	w-s012-a100-w009	w-s012-a100-w018	ء ب و	ح ق ق	9	6	11	2	5	6	intra_ayah:12:100:root:9
co-12_100-05823	12:100	w-s012-a100-w029	w-s012-a100-w045	ب د و	ع ل م	16	10	10	1	10	14	intra_ayah:12:100:root:90
co-12_100-05824	12:100	w-s012-a100-w029	w-s012-a100-w014	ب د و	ق ب ل	15	8	8	1	3	3	intra_ayah:12:100:root:91
co-12_100-05825	12:100	w-s012-a100-w029	w-s012-a100-w008	ب د و	ق و ل	21	12	12	1	12	22	intra_ayah:12:100:root:92
co-12_100-05826	12:100	w-s012-a100-w029	w-s012-a100-w040	ب د و	ل ط ف	11	8	8	1	1	1	intra_ayah:12:100:root:93
co-12_100-05827	12:100	w-s012-a100-w029	w-s012-a100-w033	ب د و	ن ز غ	4	2	2	1	1	1	intra_ayah:12:100:root:94
co-12_100-05828	12:100	w-s012-a100-w031	w-s012-a100-w035	ب ع د	ب ي ن	4	3	4	2	44	65	intra_ayah:12:100:root:95
co-12_100-05829	12:100	w-s012-a100-w031	w-s012-a100-w036	ب ع د	ب ي ن	5	3	4	2	44	65	intra_ayah:12:100:root:95
co-12_100-05830	12:100	w-s012-a100-w031	w-s012-a100-w016	ب ع د	ج ع ل	15	8	8	1	19	22	intra_ayah:12:100:root:96
co-12_100-05831	12:100	w-s012-a100-w031	w-s012-a100-w026	ب ع د	ج ي ء	5	2	2	1	34	38	intra_ayah:12:100:root:97
co-12_100-05832	12:100	w-s012-a100-w031	w-s012-a100-w020	ب ع د	ح س ن	11	5	5	1	12	12	intra_ayah:12:100:root:98
co-12_100-05833	12:100	w-s012-a100-w031	w-s012-a100-w018	ب ع د	ح ق ق	13	6	6	1	16	19	intra_ayah:12:100:root:99
co-12_101-05834	12:101	w-s012-a101-w003	w-s012-a101-w017	ء ت ي	ء خ ر	14	10	10	1	32	46	intra_ayah:12:101:root:1
co-12_101-05835	12:101	w-s012-a101-w003	w-s012-a101-w006	ء ت ي	ع ل م	3	2	2	1	86	118	intra_ayah:12:101:root:10
co-12_101-05836	12:101	w-s012-a101-w021	w-s012-a101-w006	ص ل ح	ع ل م	15	12	12	1	11	12	intra_ayah:12:101:root:100
co-12_101-05837	12:101	w-s012-a101-w021	w-s012-a101-w010	ص ل ح	ف ط ر	11	9	9	1	1	1	intra_ayah:12:101:root:101
co-12_101-05838	12:101	w-s012-a101-w021	w-s012-a101-w020	ص ل ح	ل ح ق	1	1	1	1	2	2	intra_ayah:12:101:root:102
co-12_101-05839	12:101	w-s012-a101-w021	w-s012-a101-w005	ص ل ح	م ل ك	16	13	13	1	5	5	intra_ayah:12:101:root:103
co-12_101-05840	12:101	w-s012-a101-w021	w-s012-a101-w018	ص ل ح	و ف ي	3	3	3	1	4	4	intra_ayah:12:101:root:104
co-12_101-05841	12:101	w-s012-a101-w021	w-s012-a101-w014	ص ل ح	و ل ي	7	6	6	1	4	5	intra_ayah:12:101:root:105
co-12_101-05842	12:101	w-s012-a101-w006	w-s012-a101-w010	ع ل م	ف ط ر	4	3	3	1	3	4	intra_ayah:12:101:root:106
co-12_101-05843	12:101	w-s012-a101-w006	w-s012-a101-w020	ع ل م	ل ح ق	14	11	11	1	1	1	intra_ayah:12:101:root:107
co-12_101-05844	12:101	w-s012-a101-w006	w-s012-a101-w005	ع ل م	م ل ك	1	1	1	1	35	58	intra_ayah:12:101:root:108
co-12_101-05845	12:101	w-s012-a101-w006	w-s012-a101-w018	ع ل م	و ف ي	12	9	9	1	9	13	intra_ayah:12:101:root:109
co-12_101-05846	12:101	w-s012-a101-w003	w-s012-a101-w010	ء ت ي	ف ط ر	7	5	5	1	2	2	intra_ayah:12:101:root:11
co-12_101-05847	12:101	w-s012-a101-w006	w-s012-a101-w014	ع ل م	و ل ي	8	6	6	1	28	35	intra_ayah:12:101:root:110
co-12_101-05848	12:101	w-s012-a101-w010	w-s012-a101-w020	ف ط ر	ل ح ق	10	8	8	1	1	1	intra_ayah:12:101:root:111
co-12_101-05849	12:101	w-s012-a101-w010	w-s012-a101-w005	ف ط ر	م ل ك	5	4	4	1	3	3	intra_ayah:12:101:root:112
co-12_101-05850	12:101	w-s012-a101-w010	w-s012-a101-w018	ف ط ر	و ف ي	8	6	6	1	1	1	intra_ayah:12:101:root:113
co-12_101-05851	12:101	w-s012-a101-w010	w-s012-a101-w014	ف ط ر	و ل ي	4	3	3	1	2	2	intra_ayah:12:101:root:114
co-12_101-05852	12:101	w-s012-a101-w020	w-s012-a101-w005	ل ح ق	م ل ك	15	12	12	1	1	1	intra_ayah:12:101:root:115
co-12_101-05853	12:101	w-s012-a101-w020	w-s012-a101-w018	ل ح ق	و ف ي	2	2	2	1	1	1	intra_ayah:12:101:root:116
co-12_101-05854	12:101	w-s012-a101-w020	w-s012-a101-w014	ل ح ق	و ل ي	6	5	5	1	1	1	intra_ayah:12:101:root:117
co-12_101-05855	12:101	w-s012-a101-w005	w-s012-a101-w018	م ل ك	و ف ي	13	10	10	1	8	8	intra_ayah:12:101:root:118
co-12_101-05856	12:101	w-s012-a101-w005	w-s012-a101-w014	م ل ك	و ل ي	9	7	7	1	9	9	intra_ayah:12:101:root:119
co-12_101-05857	12:101	w-s012-a101-w003	w-s012-a101-w020	ء ت ي	ل ح ق	17	13	13	1	2	2	intra_ayah:12:101:root:12
co-12_101-05858	12:101	w-s012-a101-w018	w-s012-a101-w014	و ف ي	و ل ي	4	3	3	1	3	3	intra_ayah:12:101:root:120
co-12_101-05859	12:101	w-s012-a101-w003	w-s012-a101-w005	ء ت ي	م ل ك	2	1	1	1	28	55	intra_ayah:12:101:root:13
co-12_101-05860	12:101	w-s012-a101-w003	w-s012-a101-w018	ء ت ي	و ف ي	15	11	11	1	7	8	intra_ayah:12:101:root:14
co-12_101-05861	12:101	w-s012-a101-w003	w-s012-a101-w014	ء ت ي	و ل ي	11	8	8	1	19	24	intra_ayah:12:101:root:15
co-12_101-05862	12:101	w-s012-a101-w017	w-s012-a101-w012	ء خ ر	ء ر ض	5	3	3	1	17	20	intra_ayah:12:101:root:16
co-12_101-05863	12:101	w-s012-a101-w017	w-s012-a101-w008	ء خ ر	ء و ل	9	7	7	1	19	22	intra_ayah:12:101:root:17
co-12_101-05864	12:101	w-s012-a101-w017	w-s012-a101-w009	ء خ ر	ح د ث	8	6	6	1	1	1	intra_ayah:12:101:root:18
co-12_101-05865	12:101	w-s012-a101-w017	w-s012-a101-w016	ء خ ر	د ن و	1	1	1	1	57	67	intra_ayah:12:101:root:19
co-12_101-05866	12:101	w-s012-a101-w003	w-s012-a101-w012	ء ت ي	ء ر ض	9	7	7	1	31	35	intra_ayah:12:101:root:2
co-12_101-05867	12:101	w-s012-a101-w017	w-s012-a101-w001	ء خ ر	ر ب ب	16	11	11	1	28	32	intra_ayah:12:101:root:20
co-12_101-05868	12:101	w-s012-a101-w017	w-s012-a101-w019	ء خ ر	س ل م	2	2	2	1	5	5	intra_ayah:12:101:root:21
co-12_101-05869	12:101	w-s012-a101-w017	w-s012-a101-w011	ء خ ر	س م و	6	4	4	1	15	19	intra_ayah:12:101:root:22
co-12_101-05870	12:101	w-s012-a101-w017	w-s012-a101-w021	ء خ ر	ص ل ح	4	4	4	1	12	15	intra_ayah:12:101:root:23
co-12_101-05871	12:101	w-s012-a101-w017	w-s012-a101-w006	ء خ ر	ع ل م	11	8	8	1	34	53	intra_ayah:12:101:root:24
co-12_101-05872	12:101	w-s012-a101-w017	w-s012-a101-w010	ء خ ر	ف ط ر	7	5	5	1	2	2	intra_ayah:12:101:root:25
co-12_101-05873	12:101	w-s012-a101-w017	w-s012-a101-w020	ء خ ر	ل ح ق	3	3	3	1	2	2	intra_ayah:12:101:root:26
co-12_101-05874	12:101	w-s012-a101-w017	w-s012-a101-w005	ء خ ر	م ل ك	12	9	9	1	9	11	intra_ayah:12:101:root:27
co-12_101-05875	12:101	w-s012-a101-w017	w-s012-a101-w018	ء خ ر	و ف ي	1	1	1	1	4	4	intra_ayah:12:101:root:28
co-12_101-05876	12:101	w-s012-a101-w017	w-s012-a101-w014	ء خ ر	و ل ي	3	2	2	1	8	9	intra_ayah:12:101:root:29
co-12_101-05877	12:101	w-s012-a101-w003	w-s012-a101-w008	ء ت ي	ء و ل	5	3	3	1	20	31	intra_ayah:12:101:root:3
co-12_101-05878	12:101	w-s012-a101-w012	w-s012-a101-w008	ء ر ض	ء و ل	4	4	4	1	8	8	intra_ayah:12:101:root:30
co-12_101-05879	12:101	w-s012-a101-w012	w-s012-a101-w009	ء ر ض	ح د ث	3	3	3	1	4	4	intra_ayah:12:101:root:31
co-12_101-05880	12:101	w-s012-a101-w012	w-s012-a101-w016	ء ر ض	د ن و	4	2	2	1	15	18	intra_ayah:12:101:root:32
co-12_101-05881	12:101	w-s012-a101-w012	w-s012-a101-w001	ء ر ض	ر ب ب	11	8	8	1	58	68	intra_ayah:12:101:root:33
co-12_101-05882	12:101	w-s012-a101-w012	w-s012-a101-w019	ء ر ض	س ل م	7	5	5	1	8	8	intra_ayah:12:101:root:34
co-12_101-05883	12:101	w-s012-a101-w012	w-s012-a101-w011	ء ر ض	س م و	1	1	1	1	224	263	intra_ayah:12:101:root:35
co-12_101-05884	12:101	w-s012-a101-w012	w-s012-a101-w021	ء ر ض	ص ل ح	9	7	7	1	14	14	intra_ayah:12:101:root:36
co-12_101-05885	12:101	w-s012-a101-w012	w-s012-a101-w006	ء ر ض	ع ل م	6	5	5	1	85	119	intra_ayah:12:101:root:37
co-12_101-05886	12:101	w-s012-a101-w012	w-s012-a101-w010	ء ر ض	ف ط ر	2	2	2	1	10	10	intra_ayah:12:101:root:38
co-12_101-05887	12:101	w-s012-a101-w012	w-s012-a101-w020	ء ر ض	ل ح ق	8	6	6	1	1	1	intra_ayah:12:101:root:39
co-12_101-05888	12:101	w-s012-a101-w003	w-s012-a101-w009	ء ت ي	ح د ث	6	4	4	1	10	10	intra_ayah:12:101:root:4
co-12_101-05889	12:101	w-s012-a101-w012	w-s012-a101-w005	ء ر ض	م ل ك	7	6	6	1	39	45	intra_ayah:12:101:root:40
co-12_101-05890	12:101	w-s012-a101-w012	w-s012-a101-w018	ء ر ض	و ف ي	6	4	4	1	6	7	intra_ayah:12:101:root:41
co-12_101-05891	12:101	w-s012-a101-w012	w-s012-a101-w014	ء ر ض	و ل ي	2	1	1	1	16	17	intra_ayah:12:101:root:42
co-12_101-05892	12:101	w-s012-a101-w008	w-s012-a101-w009	ء و ل	ح د ث	1	1	1	1	4	5	intra_ayah:12:101:root:43
co-12_101-05893	12:101	w-s012-a101-w008	w-s012-a101-w016	ء و ل	د ن و	8	6	6	1	1	1	intra_ayah:12:101:root:44
co-12_101-05894	12:101	w-s012-a101-w008	w-s012-a101-w001	ء و ل	ر ب ب	7	4	4	1	27	43	intra_ayah:12:101:root:45
co-12_101-05895	12:101	w-s012-a101-w008	w-s012-a101-w019	ء و ل	س ل م	11	9	9	1	5	5	intra_ayah:12:101:root:46
co-12_101-05896	12:101	w-s012-a101-w008	w-s012-a101-w011	ء و ل	س م و	3	3	3	1	7	7	intra_ayah:12:101:root:47
co-12_101-05897	12:101	w-s012-a101-w008	w-s012-a101-w021	ء و ل	ص ل ح	13	11	11	1	2	2	intra_ayah:12:101:root:48
co-12_101-05898	12:101	w-s012-a101-w008	w-s012-a101-w006	ء و ل	ع ل م	2	1	1	1	22	34	intra_ayah:12:101:root:49
co-12_101-05899	12:101	w-s012-a101-w003	w-s012-a101-w016	ء ت ي	د ن و	13	9	9	1	26	30	intra_ayah:12:101:root:5
co-12_101-05900	12:101	w-s012-a101-w008	w-s012-a101-w010	ء و ل	ف ط ر	2	2	2	1	4	4	intra_ayah:12:101:root:50
co-12_101-05901	12:101	w-s012-a101-w008	w-s012-a101-w020	ء و ل	ل ح ق	12	10	10	1	1	1	intra_ayah:12:101:root:51
co-12_101-05902	12:101	w-s012-a101-w008	w-s012-a101-w005	ء و ل	م ل ك	3	2	2	1	7	10	intra_ayah:12:101:root:52
co-12_101-05903	12:101	w-s012-a101-w008	w-s012-a101-w018	ء و ل	و ف ي	10	8	8	1	2	2	intra_ayah:12:101:root:53
co-12_101-05904	12:101	w-s012-a101-w008	w-s012-a101-w014	ء و ل	و ل ي	6	5	5	1	5	8	intra_ayah:12:101:root:54
co-12_101-05905	12:101	w-s012-a101-w009	w-s012-a101-w016	ح د ث	د ن و	7	5	5	1	1	1	intra_ayah:12:101:root:55
co-12_101-05906	12:101	w-s012-a101-w009	w-s012-a101-w001	ح د ث	ر ب ب	8	5	5	1	8	9	intra_ayah:12:101:root:56
co-12_101-05907	12:101	w-s012-a101-w009	w-s012-a101-w019	ح د ث	س ل م	10	8	8	1	1	1	intra_ayah:12:101:root:57
co-12_101-05908	12:101	w-s012-a101-w009	w-s012-a101-w011	ح د ث	س م و	2	2	2	1	2	2	intra_ayah:12:101:root:58
co-12_101-05909	12:101	w-s012-a101-w009	w-s012-a101-w021	ح د ث	ص ل ح	12	10	10	1	1	1	intra_ayah:12:101:root:59
co-12_101-05910	12:101	w-s012-a101-w003	w-s012-a101-w001	ء ت ي	ر ب ب	2	1	1	1	78	111	intra_ayah:12:101:root:6
co-12_101-05911	12:101	w-s012-a101-w009	w-s012-a101-w006	ح د ث	ع ل م	3	2	2	1	6	8	intra_ayah:12:101:root:60
co-12_101-05912	12:101	w-s012-a101-w009	w-s012-a101-w010	ح د ث	ف ط ر	1	1	1	1	1	1	intra_ayah:12:101:root:61
co-12_101-05913	12:101	w-s012-a101-w009	w-s012-a101-w020	ح د ث	ل ح ق	11	9	9	1	1	1	intra_ayah:12:101:root:62
co-12_101-05914	12:101	w-s012-a101-w009	w-s012-a101-w005	ح د ث	م ل ك	4	3	3	1	2	2	intra_ayah:12:101:root:63
co-12_101-05915	12:101	w-s012-a101-w009	w-s012-a101-w018	ح د ث	و ف ي	9	7	7	1	1	1	intra_ayah:12:101:root:64
co-12_101-05916	12:101	w-s012-a101-w009	w-s012-a101-w014	ح د ث	و ل ي	5	4	4	1	1	1	intra_ayah:12:101:root:65
co-12_101-05917	12:101	w-s012-a101-w016	w-s012-a101-w001	د ن و	ر ب ب	15	10	10	1	19	22	intra_ayah:12:101:root:66
co-12_101-05918	12:101	w-s012-a101-w016	w-s012-a101-w019	د ن و	س ل م	3	3	3	1	3	3	intra_ayah:12:101:root:67
co-12_101-05919	12:101	w-s012-a101-w016	w-s012-a101-w011	د ن و	س م و	5	3	3	1	12	14	intra_ayah:12:101:root:68
co-12_101-05920	12:101	w-s012-a101-w016	w-s012-a101-w021	د ن و	ص ل ح	5	5	5	1	6	7	intra_ayah:12:101:root:69
co-12_101-05921	12:101	w-s012-a101-w003	w-s012-a101-w019	ء ت ي	س ل م	16	12	12	1	17	21	intra_ayah:12:101:root:7
co-12_101-05922	12:101	w-s012-a101-w016	w-s012-a101-w006	د ن و	ع ل م	10	7	7	1	18	26	intra_ayah:12:101:root:70
co-12_101-05923	12:101	w-s012-a101-w016	w-s012-a101-w010	د ن و	ف ط ر	6	4	4	1	2	2	intra_ayah:12:101:root:71
co-12_101-05924	12:101	w-s012-a101-w016	w-s012-a101-w020	د ن و	ل ح ق	4	4	4	1	1	1	intra_ayah:12:101:root:72
co-12_101-05925	12:101	w-s012-a101-w016	w-s012-a101-w005	د ن و	م ل ك	11	8	8	1	5	5	intra_ayah:12:101:root:73
co-12_101-05926	12:101	w-s012-a101-w016	w-s012-a101-w018	د ن و	و ف ي	2	2	2	1	4	4	intra_ayah:12:101:root:74
co-12_101-05927	12:101	w-s012-a101-w016	w-s012-a101-w014	د ن و	و ل ي	2	1	1	1	6	7	intra_ayah:12:101:root:75
co-12_101-05928	12:101	w-s012-a101-w001	w-s012-a101-w019	ر ب ب	س ل م	18	13	13	1	30	39	intra_ayah:12:101:root:76
co-12_101-05929	12:101	w-s012-a101-w001	w-s012-a101-w011	ر ب ب	س م و	10	7	7	1	61	77	intra_ayah:12:101:root:77
co-12_101-05930	12:101	w-s012-a101-w001	w-s012-a101-w021	ر ب ب	ص ل ح	20	15	15	1	39	46	intra_ayah:12:101:root:78
co-12_101-05931	12:101	w-s012-a101-w001	w-s012-a101-w006	ر ب ب	ع ل م	5	3	3	1	129	173	intra_ayah:12:101:root:79
co-12_101-05932	12:101	w-s012-a101-w003	w-s012-a101-w011	ء ت ي	س م و	8	6	6	1	29	33	intra_ayah:12:101:root:8
co-12_101-05933	12:101	w-s012-a101-w001	w-s012-a101-w010	ر ب ب	ف ط ر	9	6	6	1	3	4	intra_ayah:12:101:root:80
co-12_101-05934	12:101	w-s012-a101-w001	w-s012-a101-w020	ر ب ب	ل ح ق	19	14	14	1	2	2	intra_ayah:12:101:root:81
co-12_101-05935	12:101	w-s012-a101-w001	w-s012-a101-w005	ر ب ب	م ل ك	4	2	2	1	39	47	intra_ayah:12:101:root:82
co-12_101-05936	12:101	w-s012-a101-w001	w-s012-a101-w018	ر ب ب	و ف ي	17	12	12	1	8	12	intra_ayah:12:101:root:83
co-12_101-05937	12:101	w-s012-a101-w001	w-s012-a101-w014	ر ب ب	و ل ي	13	9	9	1	23	29	intra_ayah:12:101:root:84
co-12_101-05938	12:101	w-s012-a101-w019	w-s012-a101-w011	س ل م	س م و	8	6	6	1	7	7	intra_ayah:12:101:root:85
co-12_101-05939	12:101	w-s012-a101-w019	w-s012-a101-w021	س ل م	ص ل ح	2	2	2	1	5	6	intra_ayah:12:101:root:86
co-12_101-05940	12:101	w-s012-a101-w019	w-s012-a101-w006	س ل م	ع ل م	13	10	10	1	17	20	intra_ayah:12:101:root:87
co-12_101-05941	12:101	w-s012-a101-w019	w-s012-a101-w010	س ل م	ف ط ر	9	7	7	1	2	2	intra_ayah:12:101:root:88
co-12_101-05942	12:101	w-s012-a101-w019	w-s012-a101-w020	س ل م	ل ح ق	1	1	1	1	1	1	intra_ayah:12:101:root:89
co-12_101-05943	12:101	w-s012-a101-w003	w-s012-a101-w021	ء ت ي	ص ل ح	18	14	14	1	17	18	intra_ayah:12:101:root:9
co-12_101-05944	12:101	w-s012-a101-w019	w-s012-a101-w005	س ل م	م ل ك	14	11	11	1	7	8	intra_ayah:12:101:root:90
co-12_101-05945	12:101	w-s012-a101-w019	w-s012-a101-w018	س ل م	و ف ي	1	1	1	1	4	4	intra_ayah:12:101:root:91
co-12_101-05946	12:101	w-s012-a101-w019	w-s012-a101-w014	س ل م	و ل ي	5	4	4	1	9	14	intra_ayah:12:101:root:92
co-12_101-05947	12:101	w-s012-a101-w011	w-s012-a101-w021	س م و	ص ل ح	10	8	8	1	1	1	intra_ayah:12:101:root:93
co-12_101-05948	12:101	w-s012-a101-w011	w-s012-a101-w006	س م و	ع ل م	5	4	4	1	72	111	intra_ayah:12:101:root:94
co-12_101-05949	12:101	w-s012-a101-w011	w-s012-a101-w010	س م و	ف ط ر	1	1	1	1	13	14	intra_ayah:12:101:root:95
co-12_101-05950	12:101	w-s012-a101-w011	w-s012-a101-w020	س م و	ل ح ق	9	7	7	1	1	1	intra_ayah:12:101:root:96
co-12_101-05951	12:101	w-s012-a101-w011	w-s012-a101-w005	س م و	م ل ك	6	5	5	1	41	47	intra_ayah:12:101:root:97
co-12_101-05952	12:101	w-s012-a101-w011	w-s012-a101-w018	س م و	و ف ي	7	5	5	1	5	5	intra_ayah:12:101:root:98
co-12_101-05953	12:101	w-s012-a101-w011	w-s012-a101-w014	س م و	و ل ي	3	2	2	1	14	17	intra_ayah:12:101:root:99
co-12_102-05954	12:102	w-s012-a102-w012	w-s012-a102-w011	ء م ر	ج م ع	1	1	1	1	7	10	intra_ayah:12:102:root:1
co-12_102-05955	12:102	w-s012-a102-w011	w-s012-a102-w003	ج م ع	ن ب ء	8	4	4	1	7	7	intra_ayah:12:102:root:10
co-12_102-05956	12:102	w-s012-a102-w011	w-s012-a102-w005	ج م ع	و ح ي	6	2	2	1	3	3	intra_ayah:12:102:root:11
co-12_102-05957	12:102	w-s012-a102-w004	w-s012-a102-w008	غ ي ب	ك و ن	4	2	2	1	21	25	intra_ayah:12:102:root:12
co-12_102-05958	12:102	w-s012-a102-w004	w-s012-a102-w014	غ ي ب	م ك ر	10	5	5	1	1	1	intra_ayah:12:102:root:13
co-12_102-05959	12:102	w-s012-a102-w004	w-s012-a102-w003	غ ي ب	ن ب ء	1	1	1	1	8	10	intra_ayah:12:102:root:14
co-12_102-05960	12:102	w-s012-a102-w004	w-s012-a102-w005	غ ي ب	و ح ي	1	1	1	1	5	5	intra_ayah:12:102:root:15
co-12_102-05961	12:102	w-s012-a102-w008	w-s012-a102-w014	ك و ن	م ك ر	6	3	3	1	8	12	intra_ayah:12:102:root:16
co-12_102-05962	12:102	w-s012-a102-w008	w-s012-a102-w003	ك و ن	ن ب ء	5	3	3	1	58	89	intra_ayah:12:102:root:17
co-12_102-05963	12:102	w-s012-a102-w008	w-s012-a102-w005	ك و ن	و ح ي	3	1	1	1	22	27	intra_ayah:12:102:root:18
co-12_102-05964	12:102	w-s012-a102-w014	w-s012-a102-w003	م ك ر	ن ب ء	11	6	6	1	2	2	intra_ayah:12:102:root:19
co-12_102-05965	12:102	w-s012-a102-w012	w-s012-a102-w004	ء م ر	غ ي ب	8	4	4	1	4	4	intra_ayah:12:102:root:2
co-12_102-05966	12:102	w-s012-a102-w014	w-s012-a102-w005	م ك ر	و ح ي	9	4	4	1	1	1	intra_ayah:12:102:root:20
co-12_102-05967	12:102	w-s012-a102-w003	w-s012-a102-w005	ن ب ء	و ح ي	2	2	2	1	6	8	intra_ayah:12:102:root:21
co-12_102-05968	12:102	w-s012-a102-w012	w-s012-a102-w008	ء م ر	ك و ن	4	2	2	1	59	92	intra_ayah:12:102:root:3
co-12_102-05969	12:102	w-s012-a102-w012	w-s012-a102-w014	ء م ر	م ك ر	2	1	1	1	2	2	intra_ayah:12:102:root:4
co-12_102-05970	12:102	w-s012-a102-w012	w-s012-a102-w003	ء م ر	ن ب ء	9	5	5	1	10	12	intra_ayah:12:102:root:5
co-12_102-05971	12:102	w-s012-a102-w012	w-s012-a102-w005	ء م ر	و ح ي	7	3	3	1	6	7	intra_ayah:12:102:root:6
co-12_102-05972	12:102	w-s012-a102-w011	w-s012-a102-w004	ج م ع	غ ي ب	7	3	3	1	3	3	intra_ayah:12:102:root:7
co-12_102-05973	12:102	w-s012-a102-w011	w-s012-a102-w008	ج م ع	ك و ن	3	1	1	1	25	30	intra_ayah:12:102:root:8
co-12_102-05974	12:102	w-s012-a102-w011	w-s012-a102-w014	ج م ع	م ك ر	3	2	2	1	4	6	intra_ayah:12:102:root:9
co-12_103-05975	12:103	w-s012-a103-w006	w-s012-a103-w005	ء م ن	ح ر ص	1	1	1	1	2	2	intra_ayah:12:103:root:1
co-12_103-05976	12:103	w-s012-a103-w006	w-s012-a103-w002	ء م ن	ك ث ر	4	3	3	1	41	47	intra_ayah:12:103:root:2
co-12_103-05977	12:103	w-s012-a103-w006	w-s012-a103-w003	ء م ن	ن و س	3	2	2	1	38	59	intra_ayah:12:103:root:3
co-12_103-05978	12:103	w-s012-a103-w005	w-s012-a103-w002	ح ر ص	ك ث ر	3	2	2	1	1	1	intra_ayah:12:103:root:4
co-12_103-05979	12:103	w-s012-a103-w005	w-s012-a103-w003	ح ر ص	ن و س	2	1	1	1	2	2	intra_ayah:12:103:root:5
co-12_103-05980	12:103	w-s012-a103-w002	w-s012-a103-w003	ك ث ر	ن و س	1	1	1	1	37	46	intra_ayah:12:103:root:6
co-12_104-05981	12:104	w-s012-a104-w005	w-s012-a104-w009	ء ج ر	ذ ك ر	4	1	1	1	5	6	intra_ayah:12:104:root:1
co-12_104-05982	12:104	w-s012-a104-w005	w-s012-a104-w002	ء ج ر	س ء ل	3	1	1	1	19	28	intra_ayah:12:104:root:2
co-12_104-05983	12:104	w-s012-a104-w005	w-s012-a104-w010	ء ج ر	ع ل م	5	2	2	1	15	24	intra_ayah:12:104:root:3
co-12_104-05984	12:104	w-s012-a104-w009	w-s012-a104-w002	ذ ك ر	س ء ل	7	2	2	1	8	8	intra_ayah:12:104:root:4
co-12_104-05985	12:104	w-s012-a104-w009	w-s012-a104-w010	ذ ك ر	ع ل م	1	1	1	1	44	57	intra_ayah:12:104:root:5
co-12_104-05986	12:104	w-s012-a104-w002	w-s012-a104-w010	س ء ل	ع ل م	8	3	3	1	27	40	intra_ayah:12:104:root:6
co-12_105-05987	12:105	w-s012-a105-w006	w-s012-a105-w003	ء ر ض	ء ي ي	3	2	2	1	32	41	intra_ayah:12:105:root:1
co-12_105-05988	12:105	w-s012-a105-w011	w-s012-a105-w007	ع ر ض	م ر ر	4	1	1	1	3	3	intra_ayah:12:105:root:10
co-12_105-05989	12:105	w-s012-a105-w006	w-s012-a105-w005	ء ر ض	س م و	1	1	1	1	224	263	intra_ayah:12:105:root:2
co-12_105-05990	12:105	w-s012-a105-w006	w-s012-a105-w011	ء ر ض	ع ر ض	5	2	2	1	9	10	intra_ayah:12:105:root:3
co-12_105-05991	12:105	w-s012-a105-w006	w-s012-a105-w007	ء ر ض	م ر ر	1	1	1	1	2	2	intra_ayah:12:105:root:4
co-12_105-05992	12:105	w-s012-a105-w003	w-s012-a105-w005	ء ي ي	س م و	2	1	1	1	28	34	intra_ayah:12:105:root:5
co-12_105-05993	12:105	w-s012-a105-w003	w-s012-a105-w011	ء ي ي	ع ر ض	8	4	4	1	10	12	intra_ayah:12:105:root:6
co-12_105-05994	12:105	w-s012-a105-w003	w-s012-a105-w007	ء ي ي	م ر ر	4	3	3	1	4	4	intra_ayah:12:105:root:7
co-12_105-05995	12:105	w-s012-a105-w005	w-s012-a105-w011	س م و	ع ر ض	6	3	3	1	9	12	intra_ayah:12:105:root:8
co-12_105-05996	12:105	w-s012-a105-w005	w-s012-a105-w007	س م و	م ر ر	2	2	2	1	1	1	intra_ayah:12:105:root:9
co-12_106-05997	12:106	w-s012-a106-w004	w-s012-a106-w002	ء ل ه	ء م ن	2	2	2	1	372	843	intra_ayah:12:106:root:1
co-12_106-05998	12:106	w-s012-a106-w004	w-s012-a106-w007	ء ل ه	ش ر ك	3	1	1	1	85	166	intra_ayah:12:106:root:2
co-12_106-05999	12:106	w-s012-a106-w004	w-s012-a106-w003	ء ل ه	ك ث ر	1	1	1	1	83	142	intra_ayah:12:106:root:3
co-12_106-06000	12:106	w-s012-a106-w002	w-s012-a106-w007	ء م ن	ش ر ك	5	3	3	1	16	38	intra_ayah:12:106:root:4
co-12_106-06001	12:106	w-s012-a106-w002	w-s012-a106-w003	ء م ن	ك ث ر	1	1	1	1	41	47	intra_ayah:12:106:root:5
co-12_106-06002	12:106	w-s012-a106-w007	w-s012-a106-w003	ش ر ك	ك ث ر	4	2	2	1	7	8	intra_ayah:12:106:root:6
co-12_107-06003	12:107	w-s012-a107-w003	w-s012-a107-w007	ء ت ي	ء ل ه	4	1	3	2	198	411	intra_ayah:12:107:root:1
co-12_107-06004	12:107	w-s012-a107-w009	w-s012-a107-w007	ء ت ي	ء ل ه	2	1	3	2	198	411	intra_ayah:12:107:root:1
co-12_107-06005	12:107	w-s012-a107-w007	w-s012-a107-w010	ء ل ه	س و ع	3	2	2	1	17	22	intra_ayah:12:107:root:10
co-12_107-06006	12:107	w-s012-a107-w007	w-s012-a107-w014	ء ل ه	ش ع ر	7	4	4	1	14	19	intra_ayah:12:107:root:11
co-12_107-06007	12:107	w-s012-a107-w007	w-s012-a107-w006	ء ل ه	ع ذ ب	1	1	1	1	133	222	intra_ayah:12:107:root:12
co-12_107-06008	12:107	w-s012-a107-w007	w-s012-a107-w004	ء ل ه	غ ش و	3	2	2	1	10	17	intra_ayah:12:107:root:13
co-12_107-06009	12:107	w-s012-a107-w001	w-s012-a107-w011	ء م ن	ب غ ت	10	7	7	1	1	1	intra_ayah:12:107:root:14
co-12_107-06010	12:107	w-s012-a107-w001	w-s012-a107-w010	ء م ن	س و ع	9	6	6	1	3	4	intra_ayah:12:107:root:15
co-12_107-06011	12:107	w-s012-a107-w001	w-s012-a107-w014	ء م ن	ش ع ر	13	8	8	1	7	8	intra_ayah:12:107:root:16
co-12_107-06012	12:107	w-s012-a107-w001	w-s012-a107-w006	ء م ن	ع ذ ب	5	3	3	1	55	76	intra_ayah:12:107:root:17
co-12_107-06013	12:107	w-s012-a107-w001	w-s012-a107-w004	ء م ن	غ ش و	3	2	2	1	5	5	intra_ayah:12:107:root:18
co-12_107-06014	12:107	w-s012-a107-w011	w-s012-a107-w010	ب غ ت	س و ع	1	1	1	1	6	6	intra_ayah:12:107:root:19
co-12_107-06015	12:107	w-s012-a107-w003	w-s012-a107-w001	ء ت ي	ء م ن	2	1	5	2	81	149	intra_ayah:12:107:root:2
co-12_107-06016	12:107	w-s012-a107-w009	w-s012-a107-w001	ء ت ي	ء م ن	8	1	5	2	81	149	intra_ayah:12:107:root:2
co-12_107-06017	12:107	w-s012-a107-w011	w-s012-a107-w014	ب غ ت	ش ع ر	3	1	1	1	6	6	intra_ayah:12:107:root:20
co-12_107-06018	12:107	w-s012-a107-w011	w-s012-a107-w006	ب غ ت	ع ذ ب	5	4	4	1	5	6	intra_ayah:12:107:root:21
co-12_107-06019	12:107	w-s012-a107-w011	w-s012-a107-w004	ب غ ت	غ ش و	7	5	5	1	1	1	intra_ayah:12:107:root:22
co-12_107-06020	12:107	w-s012-a107-w010	w-s012-a107-w014	س و ع	ش ع ر	4	2	2	1	2	2	intra_ayah:12:107:root:23
co-12_107-06021	12:107	w-s012-a107-w010	w-s012-a107-w006	س و ع	ع ذ ب	4	3	3	1	6	6	intra_ayah:12:107:root:24
co-12_107-06022	12:107	w-s012-a107-w010	w-s012-a107-w004	س و ع	غ ش و	6	4	4	1	1	1	intra_ayah:12:107:root:25
co-12_107-06023	12:107	w-s012-a107-w014	w-s012-a107-w006	ش ع ر	ع ذ ب	8	5	5	1	6	7	intra_ayah:12:107:root:26
co-12_107-06024	12:107	w-s012-a107-w014	w-s012-a107-w004	ش ع ر	غ ش و	10	6	6	1	1	1	intra_ayah:12:107:root:27
co-12_107-06025	12:107	w-s012-a107-w006	w-s012-a107-w004	ع ذ ب	غ ش و	2	1	1	1	4	4	intra_ayah:12:107:root:28
co-12_107-06026	12:107	w-s012-a107-w003	w-s012-a107-w011	ء ت ي	ب غ ت	8	2	6	2	11	13	intra_ayah:12:107:root:3
co-12_107-06027	12:107	w-s012-a107-w009	w-s012-a107-w011	ء ت ي	ب غ ت	2	2	6	2	11	13	intra_ayah:12:107:root:3
co-12_107-06028	12:107	w-s012-a107-w003	w-s012-a107-w010	ء ت ي	س و ع	7	1	5	2	11	15	intra_ayah:12:107:root:4
co-12_107-06029	12:107	w-s012-a107-w009	w-s012-a107-w010	ء ت ي	س و ع	1	1	5	2	11	15	intra_ayah:12:107:root:4
co-12_107-06030	12:107	w-s012-a107-w003	w-s012-a107-w014	ء ت ي	ش ع ر	11	3	7	2	11	13	intra_ayah:12:107:root:5
co-12_107-06031	12:107	w-s012-a107-w009	w-s012-a107-w014	ء ت ي	ش ع ر	5	3	7	2	11	13	intra_ayah:12:107:root:5
co-12_107-06032	12:107	w-s012-a107-w003	w-s012-a107-w006	ء ت ي	ع ذ ب	3	2	2	2	43	60	intra_ayah:12:107:root:6
co-12_107-06033	12:107	w-s012-a107-w009	w-s012-a107-w006	ء ت ي	ع ذ ب	3	2	2	2	43	60	intra_ayah:12:107:root:6
co-12_107-06034	12:107	w-s012-a107-w003	w-s012-a107-w004	ء ت ي	غ ش و	1	1	3	2	3	4	intra_ayah:12:107:root:7
co-12_107-06035	12:107	w-s012-a107-w009	w-s012-a107-w004	ء ت ي	غ ش و	5	1	3	2	3	4	intra_ayah:12:107:root:7
co-12_107-06036	12:107	w-s012-a107-w007	w-s012-a107-w001	ء ل ه	ء م ن	6	4	4	1	372	843	intra_ayah:12:107:root:8
co-12_107-06037	12:107	w-s012-a107-w007	w-s012-a107-w011	ء ل ه	ب غ ت	4	3	3	1	4	4	intra_ayah:12:107:root:9
co-12_108-06038	12:108	w-s012-a108-w006	w-s012-a108-w008	ء ل ه	ب ص ر	2	1	3	2	60	102	intra_ayah:12:108:root:1
co-12_108-06039	12:108	w-s012-a108-w013	w-s012-a108-w008	ء ل ه	ب ص ر	5	1	3	2	60	102	intra_ayah:12:108:root:1
co-12_108-06040	12:108	w-s012-a108-w008	w-s012-a108-w012	ب ص ر	س ب ح	4	2	2	1	2	2	intra_ayah:12:108:root:10
co-12_108-06041	12:108	w-s012-a108-w008	w-s012-a108-w003	ب ص ر	س ب ل	5	3	3	1	4	4	intra_ayah:12:108:root:11
co-12_108-06042	12:108	w-s012-a108-w008	w-s012-a108-w017	ب ص ر	ش ر ك	9	4	4	1	5	5	intra_ayah:12:108:root:12
co-12_108-06043	12:108	w-s012-a108-w008	w-s012-a108-w001	ب ص ر	ق و ل	7	4	4	1	30	43	intra_ayah:12:108:root:13
co-12_108-06044	12:108	w-s012-a108-w011	w-s012-a108-w004	ت ب ع	د ع و	7	3	3	1	10	13	intra_ayah:12:108:root:14
co-12_108-06045	12:108	w-s012-a108-w011	w-s012-a108-w012	ت ب ع	س ب ح	1	1	1	1	2	2	intra_ayah:12:108:root:15
co-12_108-06046	12:108	w-s012-a108-w011	w-s012-a108-w003	ت ب ع	س ب ل	8	4	4	1	15	19	intra_ayah:12:108:root:16
co-12_108-06047	12:108	w-s012-a108-w011	w-s012-a108-w017	ت ب ع	ش ر ك	6	3	3	1	9	11	intra_ayah:12:108:root:17
co-12_108-06048	12:108	w-s012-a108-w011	w-s012-a108-w001	ت ب ع	ق و ل	10	5	5	1	59	87	intra_ayah:12:108:root:18
co-12_108-06049	12:108	w-s012-a108-w004	w-s012-a108-w012	د ع و	س ب ح	8	4	4	1	2	3	intra_ayah:12:108:root:19
co-12_108-06050	12:108	w-s012-a108-w006	w-s012-a108-w011	ء ل ه	ت ب ع	5	2	2	2	65	116	intra_ayah:12:108:root:2
co-12_108-06051	12:108	w-s012-a108-w013	w-s012-a108-w011	ء ل ه	ت ب ع	2	2	2	2	65	116	intra_ayah:12:108:root:2
co-12_108-06052	12:108	w-s012-a108-w004	w-s012-a108-w003	د ع و	س ب ل	1	1	1	1	7	11	intra_ayah:12:108:root:20
co-12_108-06053	12:108	w-s012-a108-w004	w-s012-a108-w017	د ع و	ش ر ك	13	6	6	1	21	35	intra_ayah:12:108:root:21
co-12_108-06054	12:108	w-s012-a108-w004	w-s012-a108-w001	د ع و	ق و ل	3	2	2	1	63	98	intra_ayah:12:108:root:22
co-12_108-06055	12:108	w-s012-a108-w012	w-s012-a108-w003	س ب ح	س ب ل	9	5	5	1	2	2	intra_ayah:12:108:root:23
co-12_108-06056	12:108	w-s012-a108-w012	w-s012-a108-w017	س ب ح	ش ر ك	5	2	2	1	10	11	intra_ayah:12:108:root:24
co-12_108-06057	12:108	w-s012-a108-w012	w-s012-a108-w001	س ب ح	ق و ل	11	6	6	1	24	38	intra_ayah:12:108:root:25
co-12_108-06058	12:108	w-s012-a108-w003	w-s012-a108-w017	س ب ل	ش ر ك	14	7	7	1	5	5	intra_ayah:12:108:root:26
co-12_108-06059	12:108	w-s012-a108-w003	w-s012-a108-w001	س ب ل	ق و ل	2	1	1	1	42	55	intra_ayah:12:108:root:27
co-12_108-06060	12:108	w-s012-a108-w017	w-s012-a108-w001	ش ر ك	ق و ل	16	8	8	1	54	91	intra_ayah:12:108:root:28
co-12_108-06061	12:108	w-s012-a108-w006	w-s012-a108-w004	ء ل ه	د ع و	2	1	5	2	88	149	intra_ayah:12:108:root:3
co-12_108-06062	12:108	w-s012-a108-w013	w-s012-a108-w004	ء ل ه	د ع و	9	1	5	2	88	149	intra_ayah:12:108:root:3
co-12_108-06063	12:108	w-s012-a108-w006	w-s012-a108-w012	ء ل ه	س ب ح	6	1	3	2	38	65	intra_ayah:12:108:root:4
co-12_108-06064	12:108	w-s012-a108-w013	w-s012-a108-w012	ء ل ه	س ب ح	1	1	3	2	38	65	intra_ayah:12:108:root:4
co-12_108-06065	12:108	w-s012-a108-w006	w-s012-a108-w003	ء ل ه	س ب ل	3	2	6	2	112	220	intra_ayah:12:108:root:5
co-12_108-06066	12:108	w-s012-a108-w013	w-s012-a108-w003	ء ل ه	س ب ل	10	2	6	2	112	220	intra_ayah:12:108:root:5
co-12_108-06067	12:108	w-s012-a108-w006	w-s012-a108-w017	ء ل ه	ش ر ك	11	1	5	2	85	166	intra_ayah:12:108:root:6
co-12_108-06068	12:108	w-s012-a108-w013	w-s012-a108-w017	ء ل ه	ش ر ك	4	1	5	2	85	166	intra_ayah:12:108:root:6
co-12_108-06069	12:108	w-s012-a108-w006	w-s012-a108-w001	ء ل ه	ق و ل	5	3	7	2	514	1188	intra_ayah:12:108:root:7
co-12_108-06070	12:108	w-s012-a108-w013	w-s012-a108-w001	ء ل ه	ق و ل	12	3	7	2	514	1188	intra_ayah:12:108:root:7
co-12_108-06071	12:108	w-s012-a108-w008	w-s012-a108-w011	ب ص ر	ت ب ع	3	1	1	1	5	5	intra_ayah:12:108:root:8
co-12_108-06072	12:108	w-s012-a108-w008	w-s012-a108-w004	ب ص ر	د ع و	4	2	2	1	5	5	intra_ayah:12:108:root:9
co-12_109-06073	12:109	w-s012-a109-w024	w-s012-a109-w015	ء خ ر	ء ر ض	9	7	7	1	17	20	intra_ayah:12:109:root:1
co-12_109-06074	12:109	w-s012-a109-w024	w-s012-a109-w004	ء خ ر	ق ب ل	20	2	13	2	14	18	intra_ayah:12:109:root:10
co-12_109-06075	12:109	w-s012-a109-w024	w-s012-a109-w022	ء خ ر	ق ب ل	2	2	13	2	14	18	intra_ayah:12:109:root:10
co-12_109-06076	12:109	w-s012-a109-w013	w-s012-a109-w027	س ي ر	و ق ي	14	10	10	1	3	3	intra_ayah:12:109:root:100
co-12_109-06077	12:109	w-s012-a109-w019	w-s012-a109-w029	ع ق ب	ع ق ل	10	6	6	1	1	1	intra_ayah:12:109:root:101
co-12_109-06078	12:109	w-s012-a109-w019	w-s012-a109-w004	ع ق ب	ق ب ل	15	1	10	2	21	24	intra_ayah:12:109:root:102
co-12_109-06079	12:109	w-s012-a109-w019	w-s012-a109-w022	ع ق ب	ق ب ل	3	1	10	2	21	24	intra_ayah:12:109:root:102
co-12_109-06080	12:109	w-s012-a109-w019	w-s012-a109-w011	ع ق ب	ق ر ي	8	6	6	1	2	2	intra_ayah:12:109:root:103
co-12_109-06081	12:109	w-s012-a109-w019	w-s012-a109-w018	ع ق ب	ك و ن	1	1	1	1	35	56	intra_ayah:12:109:root:104
co-12_109-06082	12:109	w-s012-a109-w019	w-s012-a109-w017	ع ق ب	ك ي ف	2	2	2	1	23	23	intra_ayah:12:109:root:105
co-12_109-06083	12:109	w-s012-a109-w019	w-s012-a109-w016	ع ق ب	ن ظ ر	3	3	3	1	21	21	intra_ayah:12:109:root:106
co-12_109-06084	12:109	w-s012-a109-w019	w-s012-a109-w007	ع ق ب	و ح ي	12	8	8	1	2	2	intra_ayah:12:109:root:107
co-12_109-06085	12:109	w-s012-a109-w019	w-s012-a109-w027	ع ق ب	و ق ي	8	5	5	1	12	16	intra_ayah:12:109:root:108
co-12_109-06086	12:109	w-s012-a109-w029	w-s012-a109-w004	ع ق ل	ق ب ل	25	5	16	2	3	4	intra_ayah:12:109:root:109
co-12_109-06087	12:109	w-s012-a109-w029	w-s012-a109-w022	ع ق ل	ق ب ل	7	5	16	2	3	4	intra_ayah:12:109:root:109
co-12_109-06088	12:109	w-s012-a109-w024	w-s012-a109-w011	ء خ ر	ق ر ي	13	9	9	1	3	3	intra_ayah:12:109:root:11
co-12_109-06089	12:109	w-s012-a109-w029	w-s012-a109-w011	ع ق ل	ق ر ي	18	12	12	1	2	2	intra_ayah:12:109:root:110
co-12_109-06090	12:109	w-s012-a109-w029	w-s012-a109-w018	ع ق ل	ك و ن	11	7	7	1	12	13	intra_ayah:12:109:root:111
co-12_109-06091	12:109	w-s012-a109-w029	w-s012-a109-w017	ع ق ل	ك ي ف	12	8	8	1	1	1	intra_ayah:12:109:root:112
co-12_109-06092	12:109	w-s012-a109-w029	w-s012-a109-w016	ع ق ل	ن ظ ر	13	9	9	1	1	1	intra_ayah:12:109:root:113
co-12_109-06093	12:109	w-s012-a109-w029	w-s012-a109-w007	ع ق ل	و ح ي	22	14	14	1	1	1	intra_ayah:12:109:root:114
co-12_109-06094	12:109	w-s012-a109-w029	w-s012-a109-w027	ع ق ل	و ق ي	2	1	1	1	3	3	intra_ayah:12:109:root:115
co-12_109-06095	12:109	w-s012-a109-w004	w-s012-a109-w011	ق ب ل	ق ر ي	7	4	7	2	6	7	intra_ayah:12:109:root:116
co-12_109-06096	12:109	w-s012-a109-w022	w-s012-a109-w011	ق ب ل	ق ر ي	11	4	7	2	6	7	intra_ayah:12:109:root:116
co-12_109-06097	12:109	w-s012-a109-w004	w-s012-a109-w018	ق ب ل	ك و ن	14	2	9	2	105	134	intra_ayah:12:109:root:117
co-12_109-06098	12:109	w-s012-a109-w022	w-s012-a109-w018	ق ب ل	ك و ن	4	2	9	2	105	134	intra_ayah:12:109:root:117
co-12_109-06099	12:109	w-s012-a109-w004	w-s012-a109-w017	ق ب ل	ك ي ف	13	3	8	2	15	16	intra_ayah:12:109:root:118
co-12_109-06100	12:109	w-s012-a109-w022	w-s012-a109-w017	ق ب ل	ك ي ف	5	3	8	2	15	16	intra_ayah:12:109:root:118
co-12_109-06101	12:109	w-s012-a109-w004	w-s012-a109-w016	ق ب ل	ن ظ ر	12	4	7	2	17	23	intra_ayah:12:109:root:119
co-12_109-06102	12:109	w-s012-a109-w022	w-s012-a109-w016	ق ب ل	ن ظ ر	6	4	7	2	17	23	intra_ayah:12:109:root:119
co-12_109-06103	12:109	w-s012-a109-w024	w-s012-a109-w018	ء خ ر	ك و ن	6	4	4	1	59	76	intra_ayah:12:109:root:12
co-12_109-06104	12:109	w-s012-a109-w004	w-s012-a109-w007	ق ب ل	و ح ي	3	2	9	2	11	12	intra_ayah:12:109:root:120
co-12_109-06105	12:109	w-s012-a109-w022	w-s012-a109-w007	ق ب ل	و ح ي	15	2	9	2	11	12	intra_ayah:12:109:root:120
co-12_109-06106	12:109	w-s012-a109-w004	w-s012-a109-w027	ق ب ل	و ق ي	23	4	15	2	17	20	intra_ayah:12:109:root:121
co-12_109-06107	12:109	w-s012-a109-w022	w-s012-a109-w027	ق ب ل	و ق ي	5	4	15	2	17	20	intra_ayah:12:109:root:121
co-12_109-06108	12:109	w-s012-a109-w011	w-s012-a109-w018	ق ر ي	ك و ن	7	5	5	1	21	29	intra_ayah:12:109:root:122
co-12_109-06109	12:109	w-s012-a109-w011	w-s012-a109-w017	ق ر ي	ك ي ف	6	4	4	1	2	2	intra_ayah:12:109:root:123
co-12_109-06110	12:109	w-s012-a109-w011	w-s012-a109-w016	ق ر ي	ن ظ ر	5	3	3	1	2	4	intra_ayah:12:109:root:124
co-12_109-06111	12:109	w-s012-a109-w011	w-s012-a109-w007	ق ر ي	و ح ي	4	2	2	1	2	2	intra_ayah:12:109:root:125
co-12_109-06112	12:109	w-s012-a109-w011	w-s012-a109-w027	ق ر ي	و ق ي	16	11	11	1	3	3	intra_ayah:12:109:root:126
co-12_109-06113	12:109	w-s012-a109-w018	w-s012-a109-w017	ك و ن	ك ي ف	1	1	1	1	38	51	intra_ayah:12:109:root:127
co-12_109-06114	12:109	w-s012-a109-w018	w-s012-a109-w016	ك و ن	ن ظ ر	2	2	2	1	41	63	intra_ayah:12:109:root:128
co-12_109-06115	12:109	w-s012-a109-w018	w-s012-a109-w007	ك و ن	و ح ي	11	7	7	1	22	27	intra_ayah:12:109:root:129
co-12_109-06116	12:109	w-s012-a109-w024	w-s012-a109-w017	ء خ ر	ك ي ف	7	5	5	1	3	3	intra_ayah:12:109:root:13
co-12_109-06117	12:109	w-s012-a109-w018	w-s012-a109-w027	ك و ن	و ق ي	9	6	6	1	44	58	intra_ayah:12:109:root:130
co-12_109-06118	12:109	w-s012-a109-w017	w-s012-a109-w016	ك ي ف	ن ظ ر	1	1	1	1	36	39	intra_ayah:12:109:root:131
co-12_109-06119	12:109	w-s012-a109-w017	w-s012-a109-w007	ك ي ف	و ح ي	10	6	6	1	1	1	intra_ayah:12:109:root:132
co-12_109-06120	12:109	w-s012-a109-w017	w-s012-a109-w027	ك ي ف	و ق ي	10	7	7	1	4	4	intra_ayah:12:109:root:133
co-12_109-06121	12:109	w-s012-a109-w016	w-s012-a109-w007	ن ظ ر	و ح ي	9	5	5	1	1	1	intra_ayah:12:109:root:134
co-12_109-06122	12:109	w-s012-a109-w016	w-s012-a109-w027	ن ظ ر	و ق ي	11	8	8	1	3	4	intra_ayah:12:109:root:135
co-12_109-06123	12:109	w-s012-a109-w007	w-s012-a109-w027	و ح ي	و ق ي	20	13	13	1	2	2	intra_ayah:12:109:root:136
co-12_109-06124	12:109	w-s012-a109-w024	w-s012-a109-w016	ء خ ر	ن ظ ر	8	6	6	1	6	6	intra_ayah:12:109:root:14
co-12_109-06125	12:109	w-s012-a109-w024	w-s012-a109-w007	ء خ ر	و ح ي	17	11	11	1	3	3	intra_ayah:12:109:root:15
co-12_109-06126	12:109	w-s012-a109-w024	w-s012-a109-w027	ء خ ر	و ق ي	3	2	2	1	17	21	intra_ayah:12:109:root:16
co-12_109-06127	12:109	w-s012-a109-w015	w-s012-a109-w010	ء ر ض	ء ه ل	5	3	3	1	7	8	intra_ayah:12:109:root:17
co-12_109-06128	12:109	w-s012-a109-w015	w-s012-a109-w025	ء ر ض	خ ي ر	10	8	8	1	10	11	intra_ayah:12:109:root:18
co-12_109-06129	12:109	w-s012-a109-w015	w-s012-a109-w023	ء ر ض	د و ر	8	6	6	1	8	9	intra_ayah:12:109:root:19
co-12_109-06130	12:109	w-s012-a109-w024	w-s012-a109-w010	ء خ ر	ء ه ل	14	10	10	1	4	4	intra_ayah:12:109:root:2
co-12_109-06131	12:109	w-s012-a109-w015	w-s012-a109-w006	ء ر ض	ر ج ل	9	5	5	1	2	3	intra_ayah:12:109:root:20
co-12_109-06132	12:109	w-s012-a109-w015	w-s012-a109-w002	ء ر ض	ر س ل	13	7	7	1	20	25	intra_ayah:12:109:root:21
co-12_109-06133	12:109	w-s012-a109-w015	w-s012-a109-w013	ء ر ض	س ي ر	2	1	1	1	15	19	intra_ayah:12:109:root:22
co-12_109-06134	12:109	w-s012-a109-w015	w-s012-a109-w019	ء ر ض	ع ق ب	4	4	4	1	17	21	intra_ayah:12:109:root:23
co-12_109-06135	12:109	w-s012-a109-w015	w-s012-a109-w029	ء ر ض	ع ق ل	14	10	10	1	8	10	intra_ayah:12:109:root:24
co-12_109-06136	12:109	w-s012-a109-w015	w-s012-a109-w004	ء ر ض	ق ب ل	11	5	6	2	19	25	intra_ayah:12:109:root:25
co-12_109-06137	12:109	w-s012-a109-w015	w-s012-a109-w022	ء ر ض	ق ب ل	7	5	6	2	19	25	intra_ayah:12:109:root:25
co-12_109-06138	12:109	w-s012-a109-w015	w-s012-a109-w011	ء ر ض	ق ر ي	4	2	2	1	2	2	intra_ayah:12:109:root:26
co-12_109-06139	12:109	w-s012-a109-w015	w-s012-a109-w018	ء ر ض	ك و ن	3	3	3	1	91	149	intra_ayah:12:109:root:27
co-12_109-06140	12:109	w-s012-a109-w015	w-s012-a109-w017	ء ر ض	ك ي ف	2	2	2	1	18	22	intra_ayah:12:109:root:28
co-12_109-06141	12:109	w-s012-a109-w015	w-s012-a109-w016	ء ر ض	ن ظ ر	1	1	1	1	20	24	intra_ayah:12:109:root:29
co-12_109-06142	12:109	w-s012-a109-w024	w-s012-a109-w025	ء خ ر	خ ي ر	1	1	1	1	16	23	intra_ayah:12:109:root:3
co-12_109-06143	12:109	w-s012-a109-w015	w-s012-a109-w007	ء ر ض	و ح ي	8	4	4	1	2	2	intra_ayah:12:109:root:30
co-12_109-06144	12:109	w-s012-a109-w015	w-s012-a109-w027	ء ر ض	و ق ي	12	9	9	1	15	17	intra_ayah:12:109:root:31
co-12_109-06145	12:109	w-s012-a109-w010	w-s012-a109-w025	ء ه ل	خ ي ر	15	11	11	1	6	7	intra_ayah:12:109:root:32
co-12_109-06146	12:109	w-s012-a109-w010	w-s012-a109-w023	ء ه ل	د و ر	13	9	9	1	2	2	intra_ayah:12:109:root:33
co-12_109-06147	12:109	w-s012-a109-w010	w-s012-a109-w006	ء ه ل	ر ج ل	4	2	2	1	5	5	intra_ayah:12:109:root:34
co-12_109-06148	12:109	w-s012-a109-w010	w-s012-a109-w002	ء ه ل	ر س ل	8	4	4	1	17	22	intra_ayah:12:109:root:35
co-12_109-06149	12:109	w-s012-a109-w010	w-s012-a109-w013	ء ه ل	س ي ر	3	2	2	1	2	3	intra_ayah:12:109:root:36
co-12_109-06150	12:109	w-s012-a109-w010	w-s012-a109-w019	ء ه ل	ع ق ب	9	7	7	1	4	4	intra_ayah:12:109:root:37
co-12_109-06151	12:109	w-s012-a109-w010	w-s012-a109-w029	ء ه ل	ع ق ل	19	13	13	1	2	2	intra_ayah:12:109:root:38
co-12_109-06152	12:109	w-s012-a109-w010	w-s012-a109-w004	ء ه ل	ق ب ل	6	3	8	2	11	12	intra_ayah:12:109:root:39
co-12_109-06153	12:109	w-s012-a109-w010	w-s012-a109-w022	ء ه ل	ق ب ل	12	3	8	2	11	12	intra_ayah:12:109:root:39
co-12_109-06154	12:109	w-s012-a109-w024	w-s012-a109-w023	ء خ ر	د و ر	1	1	1	1	11	12	intra_ayah:12:109:root:4
co-12_109-06155	12:109	w-s012-a109-w010	w-s012-a109-w011	ء ه ل	ق ر ي	1	1	1	1	14	17	intra_ayah:12:109:root:40
co-12_109-06156	12:109	w-s012-a109-w010	w-s012-a109-w018	ء ه ل	ك و ن	8	6	6	1	34	49	intra_ayah:12:109:root:41
co-12_109-06157	12:109	w-s012-a109-w010	w-s012-a109-w017	ء ه ل	ك ي ف	7	5	5	1	1	1	intra_ayah:12:109:root:42
co-12_109-06158	12:109	w-s012-a109-w010	w-s012-a109-w016	ء ه ل	ن ظ ر	6	4	4	1	3	3	intra_ayah:12:109:root:43
co-12_109-06159	12:109	w-s012-a109-w010	w-s012-a109-w007	ء ه ل	و ح ي	3	1	1	1	4	5	intra_ayah:12:109:root:44
co-12_109-06160	12:109	w-s012-a109-w010	w-s012-a109-w027	ء ه ل	و ق ي	17	12	12	1	9	10	intra_ayah:12:109:root:45
co-12_109-06161	12:109	w-s012-a109-w025	w-s012-a109-w023	خ ي ر	د و ر	2	2	2	1	6	9	intra_ayah:12:109:root:46
co-12_109-06162	12:109	w-s012-a109-w025	w-s012-a109-w006	خ ي ر	ر ج ل	19	13	13	1	3	4	intra_ayah:12:109:root:47
co-12_109-06163	12:109	w-s012-a109-w025	w-s012-a109-w002	خ ي ر	ر س ل	23	15	15	1	13	17	intra_ayah:12:109:root:48
co-12_109-06164	12:109	w-s012-a109-w025	w-s012-a109-w013	خ ي ر	س ي ر	12	9	9	1	1	1	intra_ayah:12:109:root:49
co-12_109-06165	12:109	w-s012-a109-w024	w-s012-a109-w006	ء خ ر	ر ج ل	18	12	12	1	4	6	intra_ayah:12:109:root:5
co-12_109-06166	12:109	w-s012-a109-w025	w-s012-a109-w019	خ ي ر	ع ق ب	6	4	4	1	3	6	intra_ayah:12:109:root:50
co-12_109-06167	12:109	w-s012-a109-w025	w-s012-a109-w029	خ ي ر	ع ق ل	4	2	2	1	4	4	intra_ayah:12:109:root:51
co-12_109-06168	12:109	w-s012-a109-w025	w-s012-a109-w004	خ ي ر	ق ب ل	21	3	14	2	6	8	intra_ayah:12:109:root:52
co-12_109-06169	12:109	w-s012-a109-w025	w-s012-a109-w022	خ ي ر	ق ب ل	3	3	14	2	6	8	intra_ayah:12:109:root:52
co-12_109-06170	12:109	w-s012-a109-w025	w-s012-a109-w011	خ ي ر	ق ر ي	14	10	10	1	1	1	intra_ayah:12:109:root:53
co-12_109-06171	12:109	w-s012-a109-w025	w-s012-a109-w018	خ ي ر	ك و ن	7	5	5	1	47	64	intra_ayah:12:109:root:54
co-12_109-06172	12:109	w-s012-a109-w025	w-s012-a109-w017	خ ي ر	ك ي ف	8	6	6	1	1	1	intra_ayah:12:109:root:55
co-12_109-06173	12:109	w-s012-a109-w025	w-s012-a109-w016	خ ي ر	ن ظ ر	9	7	7	1	5	7	intra_ayah:12:109:root:56
co-12_109-06174	12:109	w-s012-a109-w025	w-s012-a109-w007	خ ي ر	و ح ي	18	12	12	1	4	4	intra_ayah:12:109:root:57
co-12_109-06175	12:109	w-s012-a109-w025	w-s012-a109-w027	خ ي ر	و ق ي	2	1	1	1	18	25	intra_ayah:12:109:root:58
co-12_109-06176	12:109	w-s012-a109-w023	w-s012-a109-w006	د و ر	ر ج ل	17	11	11	1	2	4	intra_ayah:12:109:root:59
co-12_109-06177	12:109	w-s012-a109-w024	w-s012-a109-w002	ء خ ر	ر س ل	22	14	14	1	20	24	intra_ayah:12:109:root:6
co-12_109-06178	12:109	w-s012-a109-w023	w-s012-a109-w002	د و ر	ر س ل	21	13	13	1	3	3	intra_ayah:12:109:root:60
co-12_109-06179	12:109	w-s012-a109-w023	w-s012-a109-w013	د و ر	س ي ر	10	7	7	1	2	2	intra_ayah:12:109:root:61
co-12_109-06180	12:109	w-s012-a109-w023	w-s012-a109-w019	د و ر	ع ق ب	4	2	2	1	7	7	intra_ayah:12:109:root:62
co-12_109-06181	12:109	w-s012-a109-w023	w-s012-a109-w029	د و ر	ع ق ل	6	4	4	1	3	3	intra_ayah:12:109:root:63
co-12_109-06182	12:109	w-s012-a109-w023	w-s012-a109-w004	د و ر	ق ب ل	19	1	12	2	3	4	intra_ayah:12:109:root:64
co-12_109-06183	12:109	w-s012-a109-w023	w-s012-a109-w022	د و ر	ق ب ل	1	1	12	2	3	4	intra_ayah:12:109:root:64
co-12_109-06184	12:109	w-s012-a109-w023	w-s012-a109-w011	د و ر	ق ر ي	12	8	8	1	1	1	intra_ayah:12:109:root:65
co-12_109-06185	12:109	w-s012-a109-w023	w-s012-a109-w018	د و ر	ك و ن	5	3	3	1	16	21	intra_ayah:12:109:root:66
co-12_109-06186	12:109	w-s012-a109-w023	w-s012-a109-w017	د و ر	ك ي ف	6	4	4	1	1	1	intra_ayah:12:109:root:67
co-12_109-06187	12:109	w-s012-a109-w023	w-s012-a109-w016	د و ر	ن ظ ر	7	5	5	1	2	2	intra_ayah:12:109:root:68
co-12_109-06188	12:109	w-s012-a109-w023	w-s012-a109-w007	د و ر	و ح ي	16	10	10	1	1	1	intra_ayah:12:109:root:69
co-12_109-06189	12:109	w-s012-a109-w024	w-s012-a109-w013	ء خ ر	س ي ر	11	8	8	1	2	2	intra_ayah:12:109:root:7
co-12_109-06190	12:109	w-s012-a109-w023	w-s012-a109-w027	د و ر	و ق ي	4	3	3	1	7	11	intra_ayah:12:109:root:70
co-12_109-06191	12:109	w-s012-a109-w006	w-s012-a109-w002	ر ج ل	ر س ل	4	2	2	1	6	6	intra_ayah:12:109:root:71
co-12_109-06192	12:109	w-s012-a109-w006	w-s012-a109-w013	ر ج ل	س ي ر	7	4	4	1	1	1	intra_ayah:12:109:root:72
co-12_109-06193	12:109	w-s012-a109-w006	w-s012-a109-w019	ر ج ل	ع ق ب	13	9	9	1	1	1	intra_ayah:12:109:root:73
co-12_109-06194	12:109	w-s012-a109-w006	w-s012-a109-w029	ر ج ل	ع ق ل	23	15	15	1	1	1	intra_ayah:12:109:root:74
co-12_109-06195	12:109	w-s012-a109-w006	w-s012-a109-w004	ر ج ل	ق ب ل	2	1	10	2	7	8	intra_ayah:12:109:root:75
co-12_109-06196	12:109	w-s012-a109-w006	w-s012-a109-w022	ر ج ل	ق ب ل	16	1	10	2	7	8	intra_ayah:12:109:root:75
co-12_109-06197	12:109	w-s012-a109-w006	w-s012-a109-w011	ر ج ل	ق ر ي	5	3	3	1	3	3	intra_ayah:12:109:root:76
co-12_109-06198	12:109	w-s012-a109-w006	w-s012-a109-w018	ر ج ل	ك و ن	12	8	8	1	26	48	intra_ayah:12:109:root:77
co-12_109-06199	12:109	w-s012-a109-w006	w-s012-a109-w017	ر ج ل	ك ي ف	11	7	7	1	2	2	intra_ayah:12:109:root:78
co-12_109-06200	12:109	w-s012-a109-w006	w-s012-a109-w016	ر ج ل	ن ظ ر	10	6	6	1	4	4	intra_ayah:12:109:root:79
co-12_109-06201	12:109	w-s012-a109-w024	w-s012-a109-w019	ء خ ر	ع ق ب	5	3	3	1	2	2	intra_ayah:12:109:root:8
co-12_109-06202	12:109	w-s012-a109-w006	w-s012-a109-w007	ر ج ل	و ح ي	1	1	1	1	4	4	intra_ayah:12:109:root:80
co-12_109-06203	12:109	w-s012-a109-w006	w-s012-a109-w027	ر ج ل	و ق ي	21	14	14	1	6	12	intra_ayah:12:109:root:81
co-12_109-06204	12:109	w-s012-a109-w002	w-s012-a109-w013	ر س ل	س ي ر	11	6	6	1	4	4	intra_ayah:12:109:root:82
co-12_109-06205	12:109	w-s012-a109-w002	w-s012-a109-w019	ر س ل	ع ق ب	17	11	11	1	14	21	intra_ayah:12:109:root:83
co-12_109-06206	12:109	w-s012-a109-w002	w-s012-a109-w029	ر س ل	ع ق ل	27	17	17	1	1	1	intra_ayah:12:109:root:84
co-12_109-06207	12:109	w-s012-a109-w002	w-s012-a109-w004	ر س ل	ق ب ل	2	1	12	2	58	81	intra_ayah:12:109:root:85
co-12_109-06208	12:109	w-s012-a109-w002	w-s012-a109-w022	ر س ل	ق ب ل	20	1	12	2	58	81	intra_ayah:12:109:root:85
co-12_109-06209	12:109	w-s012-a109-w002	w-s012-a109-w011	ر س ل	ق ر ي	9	5	5	1	10	14	intra_ayah:12:109:root:86
co-12_109-06210	12:109	w-s012-a109-w002	w-s012-a109-w018	ر س ل	ك و ن	16	10	10	1	100	157	intra_ayah:12:109:root:87
co-12_109-06211	12:109	w-s012-a109-w002	w-s012-a109-w017	ر س ل	ك ي ف	15	9	9	1	13	14	intra_ayah:12:109:root:88
co-12_109-06212	12:109	w-s012-a109-w002	w-s012-a109-w016	ر س ل	ن ظ ر	14	8	8	1	7	11	intra_ayah:12:109:root:89
co-12_109-06213	12:109	w-s012-a109-w024	w-s012-a109-w029	ء خ ر	ع ق ل	5	3	3	1	3	3	intra_ayah:12:109:root:9
co-12_109-06214	12:109	w-s012-a109-w002	w-s012-a109-w007	ر س ل	و ح ي	5	3	3	1	10	14	intra_ayah:12:109:root:90
co-12_109-06215	12:109	w-s012-a109-w002	w-s012-a109-w027	ر س ل	و ق ي	25	16	16	1	15	21	intra_ayah:12:109:root:91
co-12_109-06216	12:109	w-s012-a109-w013	w-s012-a109-w019	س ي ر	ع ق ب	6	5	5	1	11	11	intra_ayah:12:109:root:92
co-12_109-06217	12:109	w-s012-a109-w013	w-s012-a109-w029	س ي ر	ع ق ل	16	11	11	1	2	2	intra_ayah:12:109:root:93
co-12_109-06218	12:109	w-s012-a109-w013	w-s012-a109-w004	س ي ر	ق ب ل	9	5	6	2	8	9	intra_ayah:12:109:root:94
co-12_109-06219	12:109	w-s012-a109-w013	w-s012-a109-w022	س ي ر	ق ب ل	9	5	6	2	8	9	intra_ayah:12:109:root:94
co-12_109-06220	12:109	w-s012-a109-w013	w-s012-a109-w011	س ي ر	ق ر ي	2	1	1	1	2	5	intra_ayah:12:109:root:95
co-12_109-06221	12:109	w-s012-a109-w013	w-s012-a109-w018	س ي ر	ك و ن	5	4	4	1	15	29	intra_ayah:12:109:root:96
co-12_109-06222	12:109	w-s012-a109-w013	w-s012-a109-w017	س ي ر	ك ي ف	4	3	3	1	12	12	intra_ayah:12:109:root:97
co-12_109-06223	12:109	w-s012-a109-w013	w-s012-a109-w016	س ي ر	ن ظ ر	3	2	2	1	12	12	intra_ayah:12:109:root:98
co-12_109-06224	12:109	w-s012-a109-w013	w-s012-a109-w007	س ي ر	و ح ي	6	3	3	1	1	1	intra_ayah:12:109:root:99
co-12_110-06225	12:110	w-s012-a110-w016	w-s012-a110-w019	ب ء س	ج ر م	3	2	2	1	2	2	intra_ayah:12:110:root:1
co-12_110-06226	12:110	w-s012-a110-w016	w-s012-a110-w010	ب ء س	ن ص ر	6	4	4	1	4	5	intra_ayah:12:110:root:10
co-12_110-06227	12:110	w-s012-a110-w016	w-s012-a110-w003	ب ء س	ي ء س	13	9	9	1	1	1	intra_ayah:12:110:root:11
co-12_110-06228	12:110	w-s012-a110-w019	w-s012-a110-w009	ج ر م	ج ي ء	10	7	7	1	5	5	intra_ayah:12:110:root:12
co-12_110-06229	12:110	w-s012-a110-w019	w-s012-a110-w015	ج ر م	ر د د	4	3	3	1	3	3	intra_ayah:12:110:root:13
co-12_110-06230	12:110	w-s012-a110-w019	w-s012-a110-w004	ج ر م	ر س ل	15	10	10	1	8	10	intra_ayah:12:110:root:14
co-12_110-06231	12:110	w-s012-a110-w019	w-s012-a110-w013	ج ر م	ش ي ء	6	4	4	1	2	2	intra_ayah:12:110:root:15
co-12_110-06232	12:110	w-s012-a110-w019	w-s012-a110-w005	ج ر م	ظ ن ن	14	9	9	1	2	2	intra_ayah:12:110:root:16
co-12_110-06233	12:110	w-s012-a110-w019	w-s012-a110-w018	ج ر م	ق و م	1	1	1	1	18	23	intra_ayah:12:110:root:17
co-12_110-06234	12:110	w-s012-a110-w019	w-s012-a110-w008	ج ر م	ك ذ ب	11	8	8	1	6	7	intra_ayah:12:110:root:18
co-12_110-06235	12:110	w-s012-a110-w019	w-s012-a110-w011	ج ر م	ن ج و	8	5	5	1	2	2	intra_ayah:12:110:root:19
co-12_110-06236	12:110	w-s012-a110-w016	w-s012-a110-w009	ب ء س	ج ي ء	7	5	5	1	8	8	intra_ayah:12:110:root:2
co-12_110-06237	12:110	w-s012-a110-w019	w-s012-a110-w010	ج ر م	ن ص ر	9	6	6	1	3	3	intra_ayah:12:110:root:20
co-12_110-06238	12:110	w-s012-a110-w019	w-s012-a110-w003	ج ر م	ي ء س	16	11	11	1	1	1	intra_ayah:12:110:root:21
co-12_110-06239	12:110	w-s012-a110-w009	w-s012-a110-w015	ج ي ء	ر د د	6	4	4	1	7	7	intra_ayah:12:110:root:22
co-12_110-06240	12:110	w-s012-a110-w009	w-s012-a110-w004	ج ي ء	ر س ل	5	3	3	1	62	90	intra_ayah:12:110:root:23
co-12_110-06241	12:110	w-s012-a110-w009	w-s012-a110-w013	ج ي ء	ش ي ء	4	3	3	1	25	28	intra_ayah:12:110:root:24
co-12_110-06242	12:110	w-s012-a110-w009	w-s012-a110-w005	ج ي ء	ظ ن ن	4	2	2	1	5	7	intra_ayah:12:110:root:25
co-12_110-06243	12:110	w-s012-a110-w009	w-s012-a110-w018	ج ي ء	ق و م	9	6	6	1	27	32	intra_ayah:12:110:root:26
co-12_110-06244	12:110	w-s012-a110-w009	w-s012-a110-w008	ج ي ء	ك ذ ب	1	1	1	1	28	36	intra_ayah:12:110:root:27
co-12_110-06245	12:110	w-s012-a110-w009	w-s012-a110-w011	ج ي ء	ن ج و	2	2	2	1	9	13	intra_ayah:12:110:root:28
co-12_110-06246	12:110	w-s012-a110-w009	w-s012-a110-w010	ج ي ء	ن ص ر	1	1	1	1	9	10	intra_ayah:12:110:root:29
co-12_110-06247	12:110	w-s012-a110-w016	w-s012-a110-w015	ب ء س	ر د د	1	1	1	1	2	2	intra_ayah:12:110:root:3
co-12_110-06248	12:110	w-s012-a110-w009	w-s012-a110-w003	ج ي ء	ي ء س	6	4	4	1	1	1	intra_ayah:12:110:root:30
co-12_110-06249	12:110	w-s012-a110-w015	w-s012-a110-w004	ر د د	ر س ل	11	7	7	1	8	10	intra_ayah:12:110:root:31
co-12_110-06250	12:110	w-s012-a110-w015	w-s012-a110-w013	ر د د	ش ي ء	2	1	1	1	8	9	intra_ayah:12:110:root:32
co-12_110-06251	12:110	w-s012-a110-w015	w-s012-a110-w005	ر د د	ظ ن ن	10	6	6	1	2	2	intra_ayah:12:110:root:33
co-12_110-06252	12:110	w-s012-a110-w015	w-s012-a110-w018	ر د د	ق و م	3	2	2	1	11	13	intra_ayah:12:110:root:34
co-12_110-06253	12:110	w-s012-a110-w015	w-s012-a110-w008	ر د د	ك ذ ب	7	5	5	1	4	4	intra_ayah:12:110:root:35
co-12_110-06254	12:110	w-s012-a110-w015	w-s012-a110-w011	ر د د	ن ج و	4	2	2	1	1	1	intra_ayah:12:110:root:36
co-12_110-06255	12:110	w-s012-a110-w015	w-s012-a110-w010	ر د د	ن ص ر	5	3	3	1	1	1	intra_ayah:12:110:root:37
co-12_110-06256	12:110	w-s012-a110-w015	w-s012-a110-w003	ر د د	ي ء س	12	8	8	1	1	1	intra_ayah:12:110:root:38
co-12_110-06257	12:110	w-s012-a110-w004	w-s012-a110-w013	ر س ل	ش ي ء	9	6	6	1	29	50	intra_ayah:12:110:root:39
co-12_110-06258	12:110	w-s012-a110-w016	w-s012-a110-w004	ب ء س	ر س ل	12	8	8	1	6	8	intra_ayah:12:110:root:4
co-12_110-06259	12:110	w-s012-a110-w004	w-s012-a110-w005	ر س ل	ظ ن ن	1	1	1	1	3	5	intra_ayah:12:110:root:40
co-12_110-06260	12:110	w-s012-a110-w004	w-s012-a110-w018	ر س ل	ق و م	14	9	9	1	58	76	intra_ayah:12:110:root:41
co-12_110-06261	12:110	w-s012-a110-w004	w-s012-a110-w008	ر س ل	ك ذ ب	4	2	2	1	34	52	intra_ayah:12:110:root:42
co-12_110-06262	12:110	w-s012-a110-w004	w-s012-a110-w011	ر س ل	ن ج و	7	5	5	1	10	15	intra_ayah:12:110:root:43
co-12_110-06263	12:110	w-s012-a110-w004	w-s012-a110-w010	ر س ل	ن ص ر	6	4	4	1	13	18	intra_ayah:12:110:root:44
co-12_110-06264	12:110	w-s012-a110-w004	w-s012-a110-w003	ر س ل	ي ء س	1	1	1	1	1	1	intra_ayah:12:110:root:45
co-12_110-06265	12:110	w-s012-a110-w013	w-s012-a110-w005	ش ي ء	ظ ن ن	8	5	5	1	5	11	intra_ayah:12:110:root:46
co-12_110-06266	12:110	w-s012-a110-w013	w-s012-a110-w018	ش ي ء	ق و م	5	3	3	1	56	74	intra_ayah:12:110:root:47
co-12_110-06267	12:110	w-s012-a110-w013	w-s012-a110-w008	ش ي ء	ك ذ ب	5	4	4	1	13	16	intra_ayah:12:110:root:48
co-12_110-06268	12:110	w-s012-a110-w013	w-s012-a110-w011	ش ي ء	ن ج و	2	1	1	1	5	6	intra_ayah:12:110:root:49
co-12_110-06269	12:110	w-s012-a110-w016	w-s012-a110-w013	ب ء س	ش ي ء	3	2	2	1	4	6	intra_ayah:12:110:root:5
co-12_110-06270	12:110	w-s012-a110-w013	w-s012-a110-w010	ش ي ء	ن ص ر	3	2	2	1	14	22	intra_ayah:12:110:root:50
co-12_110-06271	12:110	w-s012-a110-w013	w-s012-a110-w003	ش ي ء	ي ء س	10	7	7	1	2	2	intra_ayah:12:110:root:51
co-12_110-06272	12:110	w-s012-a110-w005	w-s012-a110-w018	ظ ن ن	ق و م	13	8	8	1	9	12	intra_ayah:12:110:root:52
co-12_110-06273	12:110	w-s012-a110-w005	w-s012-a110-w008	ظ ن ن	ك ذ ب	3	1	1	1	9	9	intra_ayah:12:110:root:53
co-12_110-06274	12:110	w-s012-a110-w005	w-s012-a110-w011	ظ ن ن	ن ج و	6	4	4	1	3	3	intra_ayah:12:110:root:54
co-12_110-06275	12:110	w-s012-a110-w005	w-s012-a110-w010	ظ ن ن	ن ص ر	5	3	3	1	2	2	intra_ayah:12:110:root:55
co-12_110-06276	12:110	w-s012-a110-w005	w-s012-a110-w003	ظ ن ن	ي ء س	2	2	2	1	1	1	intra_ayah:12:110:root:56
co-12_110-06277	12:110	w-s012-a110-w018	w-s012-a110-w008	ق و م	ك ذ ب	10	7	7	1	36	41	intra_ayah:12:110:root:57
co-12_110-06278	12:110	w-s012-a110-w018	w-s012-a110-w011	ق و م	ن ج و	7	4	4	1	15	17	intra_ayah:12:110:root:58
co-12_110-06279	12:110	w-s012-a110-w018	w-s012-a110-w010	ق و م	ن ص ر	8	5	5	1	22	26	intra_ayah:12:110:root:59
co-12_110-06280	12:110	w-s012-a110-w016	w-s012-a110-w005	ب ء س	ظ ن ن	11	7	7	1	2	2	intra_ayah:12:110:root:6
co-12_110-06281	12:110	w-s012-a110-w018	w-s012-a110-w003	ق و م	ي ء س	15	10	10	1	3	5	intra_ayah:12:110:root:60
co-12_110-06282	12:110	w-s012-a110-w008	w-s012-a110-w011	ك ذ ب	ن ج و	3	3	3	1	5	7	intra_ayah:12:110:root:61
co-12_110-06283	12:110	w-s012-a110-w008	w-s012-a110-w010	ك ذ ب	ن ص ر	2	2	2	1	7	8	intra_ayah:12:110:root:62
co-12_110-06284	12:110	w-s012-a110-w008	w-s012-a110-w003	ك ذ ب	ي ء س	5	3	3	1	1	1	intra_ayah:12:110:root:63
co-12_110-06285	12:110	w-s012-a110-w011	w-s012-a110-w010	ن ج و	ن ص ر	1	1	1	1	1	1	intra_ayah:12:110:root:64
co-12_110-06286	12:110	w-s012-a110-w011	w-s012-a110-w003	ن ج و	ي ء س	8	6	6	1	2	2	intra_ayah:12:110:root:65
co-12_110-06287	12:110	w-s012-a110-w010	w-s012-a110-w003	ن ص ر	ي ء س	7	5	5	1	1	1	intra_ayah:12:110:root:66
co-12_110-06288	12:110	w-s012-a110-w016	w-s012-a110-w018	ب ء س	ق و م	2	1	1	1	14	20	intra_ayah:12:110:root:7
co-12_110-06289	12:110	w-s012-a110-w016	w-s012-a110-w008	ب ء س	ك ذ ب	8	6	6	1	5	5	intra_ayah:12:110:root:8
co-12_110-06290	12:110	w-s012-a110-w016	w-s012-a110-w011	ب ء س	ن ج و	5	3	3	1	3	4	intra_ayah:12:110:root:9
co-12_111-06291	12:111	w-s012-a111-w023	w-s012-a111-w006	ء م ن	ء و ل	17	14	14	1	24	34	intra_ayah:12:111:root:1
co-12_111-06292	12:111	w-s012-a111-w023	w-s012-a111-w004	ء م ن	ق ص ص	19	16	16	1	5	5	intra_ayah:12:111:root:10
co-12_111-06293	12:111	w-s012-a111-w005	w-s012-a111-w016	ع ب ر	ي د ي	11	8	8	1	3	4	intra_ayah:12:111:root:100
co-12_111-06294	12:111	w-s012-a111-w011	w-s012-a111-w017	ف ر ي	ف ص ل	6	4	4	1	2	2	intra_ayah:12:111:root:101
co-12_111-06295	12:111	w-s012-a111-w011	w-s012-a111-w004	ف ر ي	ق ص ص	7	6	6	1	1	1	intra_ayah:12:111:root:102
co-12_111-06296	12:111	w-s012-a111-w011	w-s012-a111-w022	ف ر ي	ق و م	11	9	9	1	11	11	intra_ayah:12:111:root:103
co-12_111-06297	12:111	w-s012-a111-w011	w-s012-a111-w018	ف ر ي	ك ل ل	7	5	5	1	5	5	intra_ayah:12:111:root:104
co-12_111-06298	12:111	w-s012-a111-w011	w-s012-a111-w002	ف ر ي	ك و ن	9	2	7	2	22	28	intra_ayah:12:111:root:105
co-12_111-06299	12:111	w-s012-a111-w011	w-s012-a111-w009	ف ر ي	ك و ن	2	2	7	2	22	28	intra_ayah:12:111:root:105
co-12_111-06300	12:111	w-s012-a111-w011	w-s012-a111-w007	ف ر ي	ل ب ب	4	3	3	1	1	1	intra_ayah:12:111:root:106
co-12_111-06301	12:111	w-s012-a111-w011	w-s012-a111-w020	ف ر ي	ه د ي	9	7	7	1	5	5	intra_ayah:12:111:root:107
co-12_111-06302	12:111	w-s012-a111-w011	w-s012-a111-w016	ف ر ي	ي د ي	5	3	3	1	4	4	intra_ayah:12:111:root:108
co-12_111-06303	12:111	w-s012-a111-w017	w-s012-a111-w004	ف ص ل	ق ص ص	13	10	10	1	2	2	intra_ayah:12:111:root:109
co-12_111-06304	12:111	w-s012-a111-w023	w-s012-a111-w022	ء م ن	ق و م	1	1	1	1	102	145	intra_ayah:12:111:root:11
co-12_111-06305	12:111	w-s012-a111-w017	w-s012-a111-w022	ف ص ل	ق و م	5	5	5	1	16	19	intra_ayah:12:111:root:110
co-12_111-06306	12:111	w-s012-a111-w017	w-s012-a111-w018	ف ص ل	ك ل ل	1	1	1	1	6	8	intra_ayah:12:111:root:111
co-12_111-06307	12:111	w-s012-a111-w017	w-s012-a111-w002	ف ص ل	ك و ن	15	6	11	2	8	9	intra_ayah:12:111:root:112
co-12_111-06308	12:111	w-s012-a111-w017	w-s012-a111-w009	ف ص ل	ك و ن	8	6	11	2	8	9	intra_ayah:12:111:root:112
co-12_111-06309	12:111	w-s012-a111-w017	w-s012-a111-w007	ف ص ل	ل ب ب	10	7	7	1	1	1	intra_ayah:12:111:root:113
co-12_111-06310	12:111	w-s012-a111-w017	w-s012-a111-w020	ف ص ل	ه د ي	3	3	3	1	5	5	intra_ayah:12:111:root:114
co-12_111-06311	12:111	w-s012-a111-w017	w-s012-a111-w016	ف ص ل	ي د ي	1	1	1	1	3	3	intra_ayah:12:111:root:115
co-12_111-06312	12:111	w-s012-a111-w004	w-s012-a111-w022	ق ص ص	ق و م	18	15	15	1	4	6	intra_ayah:12:111:root:116
co-12_111-06313	12:111	w-s012-a111-w004	w-s012-a111-w018	ق ص ص	ك ل ل	14	11	11	1	2	2	intra_ayah:12:111:root:117
co-12_111-06314	12:111	w-s012-a111-w004	w-s012-a111-w002	ق ص ص	ك و ن	2	1	4	2	8	11	intra_ayah:12:111:root:118
co-12_111-06315	12:111	w-s012-a111-w004	w-s012-a111-w009	ق ص ص	ك و ن	5	1	4	2	8	11	intra_ayah:12:111:root:118
co-12_111-06316	12:111	w-s012-a111-w004	w-s012-a111-w007	ق ص ص	ل ب ب	3	3	3	1	2	2	intra_ayah:12:111:root:119
co-12_111-06317	12:111	w-s012-a111-w023	w-s012-a111-w018	ء م ن	ك ل ل	5	5	5	1	42	52	intra_ayah:12:111:root:12
co-12_111-06318	12:111	w-s012-a111-w004	w-s012-a111-w020	ق ص ص	ه د ي	16	13	13	1	2	2	intra_ayah:12:111:root:120
co-12_111-06319	12:111	w-s012-a111-w004	w-s012-a111-w016	ق ص ص	ي د ي	12	9	9	1	1	1	intra_ayah:12:111:root:121
co-12_111-06320	12:111	w-s012-a111-w022	w-s012-a111-w018	ق و م	ك ل ل	4	4	4	1	40	42	intra_ayah:12:111:root:122
co-12_111-06321	12:111	w-s012-a111-w022	w-s012-a111-w002	ق و م	ك و ن	20	11	16	2	131	196	intra_ayah:12:111:root:123
co-12_111-06322	12:111	w-s012-a111-w022	w-s012-a111-w009	ق و م	ك و ن	13	11	16	2	131	196	intra_ayah:12:111:root:123
co-12_111-06323	12:111	w-s012-a111-w022	w-s012-a111-w007	ق و م	ل ب ب	15	12	12	1	2	2	intra_ayah:12:111:root:124
co-12_111-06324	12:111	w-s012-a111-w022	w-s012-a111-w020	ق و م	ه د ي	2	2	2	1	66	79	intra_ayah:12:111:root:125
co-12_111-06325	12:111	w-s012-a111-w022	w-s012-a111-w016	ق و م	ي د ي	6	6	6	1	18	25	intra_ayah:12:111:root:126
co-12_111-06326	12:111	w-s012-a111-w018	w-s012-a111-w002	ك ل ل	ك و ن	16	7	12	2	77	125	intra_ayah:12:111:root:127
co-12_111-06327	12:111	w-s012-a111-w018	w-s012-a111-w009	ك ل ل	ك و ن	9	7	12	2	77	125	intra_ayah:12:111:root:127
co-12_111-06328	12:111	w-s012-a111-w018	w-s012-a111-w007	ك ل ل	ل ب ب	11	8	8	1	2	2	intra_ayah:12:111:root:128
co-12_111-06329	12:111	w-s012-a111-w018	w-s012-a111-w020	ك ل ل	ه د ي	2	2	2	1	23	26	intra_ayah:12:111:root:129
co-12_111-06330	12:111	w-s012-a111-w023	w-s012-a111-w002	ء م ن	ك و ن	21	12	17	2	197	320	intra_ayah:12:111:root:13
co-12_111-06331	12:111	w-s012-a111-w023	w-s012-a111-w009	ء م ن	ك و ن	14	12	17	2	197	320	intra_ayah:12:111:root:13
co-12_111-06332	12:111	w-s012-a111-w018	w-s012-a111-w016	ك ل ل	ي د ي	2	2	2	1	13	15	intra_ayah:12:111:root:130
co-12_111-06333	12:111	w-s012-a111-w002	w-s012-a111-w007	ك و ن	ل ب ب	5	1	4	2	1	2	intra_ayah:12:111:root:131
co-12_111-06334	12:111	w-s012-a111-w009	w-s012-a111-w007	ك و ن	ل ب ب	2	1	4	2	1	2	intra_ayah:12:111:root:131
co-12_111-06335	12:111	w-s012-a111-w002	w-s012-a111-w020	ك و ن	ه د ي	18	9	14	2	57	90	intra_ayah:12:111:root:132
co-12_111-06336	12:111	w-s012-a111-w009	w-s012-a111-w020	ك و ن	ه د ي	11	9	14	2	57	90	intra_ayah:12:111:root:132
co-12_111-06337	12:111	w-s012-a111-w002	w-s012-a111-w016	ك و ن	ي د ي	14	5	10	2	22	29	intra_ayah:12:111:root:133
co-12_111-06338	12:111	w-s012-a111-w009	w-s012-a111-w016	ك و ن	ي د ي	7	5	10	2	22	29	intra_ayah:12:111:root:133
co-12_111-06339	12:111	w-s012-a111-w007	w-s012-a111-w020	ل ب ب	ه د ي	13	10	10	1	3	3	intra_ayah:12:111:root:134
co-12_111-06340	12:111	w-s012-a111-w007	w-s012-a111-w016	ل ب ب	ي د ي	9	6	6	1	1	1	intra_ayah:12:111:root:135
co-12_111-06341	12:111	w-s012-a111-w020	w-s012-a111-w016	ه د ي	ي د ي	4	4	4	1	8	13	intra_ayah:12:111:root:136
co-12_111-06342	12:111	w-s012-a111-w023	w-s012-a111-w007	ء م ن	ل ب ب	16	13	13	1	3	3	intra_ayah:12:111:root:14
co-12_111-06343	12:111	w-s012-a111-w023	w-s012-a111-w020	ء م ن	ه د ي	3	3	3	1	56	77	intra_ayah:12:111:root:15
co-12_111-06344	12:111	w-s012-a111-w023	w-s012-a111-w016	ء م ن	ي د ي	7	7	7	1	23	33	intra_ayah:12:111:root:16
co-12_111-06345	12:111	w-s012-a111-w006	w-s012-a111-w015	ء و ل	ب ي ن	9	6	6	1	9	11	intra_ayah:12:111:root:17
co-12_111-06346	12:111	w-s012-a111-w006	w-s012-a111-w010	ء و ل	ح د ث	4	3	3	1	4	5	intra_ayah:12:111:root:18
co-12_111-06347	12:111	w-s012-a111-w006	w-s012-a111-w021	ء و ل	ر ح م	15	12	12	1	10	11	intra_ayah:12:111:root:19
co-12_111-06348	12:111	w-s012-a111-w023	w-s012-a111-w015	ء م ن	ب ي ن	8	8	8	1	79	134	intra_ayah:12:111:root:2
co-12_111-06349	12:111	w-s012-a111-w006	w-s012-a111-w019	ء و ل	ش ي ء	13	10	10	1	12	14	intra_ayah:12:111:root:20
co-12_111-06350	12:111	w-s012-a111-w006	w-s012-a111-w013	ء و ل	ص د ق	7	5	5	1	3	3	intra_ayah:12:111:root:21
co-12_111-06351	12:111	w-s012-a111-w006	w-s012-a111-w005	ء و ل	ع ب ر	1	1	1	1	4	5	intra_ayah:12:111:root:22
co-12_111-06352	12:111	w-s012-a111-w006	w-s012-a111-w011	ء و ل	ف ر ي	5	4	4	1	4	5	intra_ayah:12:111:root:23
co-12_111-06353	12:111	w-s012-a111-w006	w-s012-a111-w017	ء و ل	ف ص ل	11	8	8	1	2	2	intra_ayah:12:111:root:24
co-12_111-06354	12:111	w-s012-a111-w006	w-s012-a111-w004	ء و ل	ق ص ص	2	2	2	1	2	2	intra_ayah:12:111:root:25
co-12_111-06355	12:111	w-s012-a111-w006	w-s012-a111-w022	ء و ل	ق و م	16	13	13	1	15	17	intra_ayah:12:111:root:26
co-12_111-06356	12:111	w-s012-a111-w006	w-s012-a111-w018	ء و ل	ك ل ل	12	9	9	1	11	15	intra_ayah:12:111:root:27
co-12_111-06357	12:111	w-s012-a111-w006	w-s012-a111-w002	ء و ل	ك و ن	4	2	3	2	31	47	intra_ayah:12:111:root:28
co-12_111-06358	12:111	w-s012-a111-w006	w-s012-a111-w009	ء و ل	ك و ن	3	2	3	2	31	47	intra_ayah:12:111:root:28
co-12_111-06359	12:111	w-s012-a111-w006	w-s012-a111-w007	ء و ل	ل ب ب	1	1	1	1	16	18	intra_ayah:12:111:root:29
co-12_111-06360	12:111	w-s012-a111-w023	w-s012-a111-w010	ء م ن	ح د ث	13	11	11	1	8	9	intra_ayah:12:111:root:3
co-12_111-06361	12:111	w-s012-a111-w006	w-s012-a111-w020	ء و ل	ه د ي	14	11	11	1	8	8	intra_ayah:12:111:root:30
co-12_111-06362	12:111	w-s012-a111-w006	w-s012-a111-w016	ء و ل	ي د ي	10	7	7	1	3	6	intra_ayah:12:111:root:31
co-12_111-06363	12:111	w-s012-a111-w015	w-s012-a111-w010	ب ي ن	ح د ث	5	3	3	1	3	3	intra_ayah:12:111:root:32
co-12_111-06364	12:111	w-s012-a111-w015	w-s012-a111-w021	ب ي ن	ر ح م	6	6	6	1	36	39	intra_ayah:12:111:root:33
co-12_111-06365	12:111	w-s012-a111-w015	w-s012-a111-w019	ب ي ن	ش ي ء	4	4	4	1	47	78	intra_ayah:12:111:root:34
co-12_111-06366	12:111	w-s012-a111-w015	w-s012-a111-w013	ب ي ن	ص د ق	2	1	1	1	23	30	intra_ayah:12:111:root:35
co-12_111-06367	12:111	w-s012-a111-w015	w-s012-a111-w005	ب ي ن	ع ب ر	10	7	7	1	2	2	intra_ayah:12:111:root:36
co-12_111-06368	12:111	w-s012-a111-w015	w-s012-a111-w011	ب ي ن	ف ر ي	4	2	2	1	9	14	intra_ayah:12:111:root:37
co-12_111-06369	12:111	w-s012-a111-w015	w-s012-a111-w017	ب ي ن	ف ص ل	2	2	2	1	8	8	intra_ayah:12:111:root:38
co-12_111-06370	12:111	w-s012-a111-w015	w-s012-a111-w004	ب ي ن	ق ص ص	11	8	8	1	4	4	intra_ayah:12:111:root:39
co-12_111-06371	12:111	w-s012-a111-w023	w-s012-a111-w021	ء م ن	ر ح م	2	2	2	1	59	86	intra_ayah:12:111:root:4
co-12_111-06372	12:111	w-s012-a111-w015	w-s012-a111-w022	ب ي ن	ق و م	7	7	7	1	67	91	intra_ayah:12:111:root:40
co-12_111-06373	12:111	w-s012-a111-w015	w-s012-a111-w018	ب ي ن	ك ل ل	3	3	3	1	37	45	intra_ayah:12:111:root:41
co-12_111-06374	12:111	w-s012-a111-w015	w-s012-a111-w002	ب ي ن	ك و ن	13	4	9	2	113	177	intra_ayah:12:111:root:42
co-12_111-06375	12:111	w-s012-a111-w015	w-s012-a111-w009	ب ي ن	ك و ن	6	4	9	2	113	177	intra_ayah:12:111:root:42
co-12_111-06376	12:111	w-s012-a111-w015	w-s012-a111-w007	ب ي ن	ل ب ب	8	5	5	1	1	1	intra_ayah:12:111:root:43
co-12_111-06377	12:111	w-s012-a111-w015	w-s012-a111-w020	ب ي ن	ه د ي	5	5	5	1	32	46	intra_ayah:12:111:root:44
co-12_111-06378	12:111	w-s012-a111-w015	w-s012-a111-w016	ب ي ن	ي د ي	1	1	1	1	44	53	intra_ayah:12:111:root:45
co-12_111-06379	12:111	w-s012-a111-w010	w-s012-a111-w021	ح د ث	ر ح م	11	9	9	1	2	2	intra_ayah:12:111:root:46
co-12_111-06380	12:111	w-s012-a111-w010	w-s012-a111-w019	ح د ث	ش ي ء	9	7	7	1	4	4	intra_ayah:12:111:root:47
co-12_111-06381	12:111	w-s012-a111-w010	w-s012-a111-w013	ح د ث	ص د ق	3	2	2	1	3	3	intra_ayah:12:111:root:48
co-12_111-06382	12:111	w-s012-a111-w010	w-s012-a111-w005	ح د ث	ع ب ر	5	4	4	1	1	1	intra_ayah:12:111:root:49
co-12_111-06383	12:111	w-s012-a111-w023	w-s012-a111-w019	ء م ن	ش ي ء	4	4	4	1	68	99	intra_ayah:12:111:root:5
co-12_111-06384	12:111	w-s012-a111-w010	w-s012-a111-w011	ح د ث	ف ر ي	1	1	1	1	1	1	intra_ayah:12:111:root:50
co-12_111-06385	12:111	w-s012-a111-w010	w-s012-a111-w017	ح د ث	ف ص ل	7	5	5	1	1	1	intra_ayah:12:111:root:51
co-12_111-06386	12:111	w-s012-a111-w010	w-s012-a111-w004	ح د ث	ق ص ص	6	5	5	1	1	1	intra_ayah:12:111:root:52
co-12_111-06387	12:111	w-s012-a111-w010	w-s012-a111-w022	ح د ث	ق و م	12	10	10	1	5	5	intra_ayah:12:111:root:53
co-12_111-06388	12:111	w-s012-a111-w010	w-s012-a111-w018	ح د ث	ك ل ل	8	6	6	1	4	5	intra_ayah:12:111:root:54
co-12_111-06389	12:111	w-s012-a111-w010	w-s012-a111-w002	ح د ث	ك و ن	8	1	6	2	6	10	intra_ayah:12:111:root:55
co-12_111-06390	12:111	w-s012-a111-w010	w-s012-a111-w009	ح د ث	ك و ن	1	1	6	2	6	10	intra_ayah:12:111:root:55
co-12_111-06391	12:111	w-s012-a111-w010	w-s012-a111-w007	ح د ث	ل ب ب	3	2	2	1	1	1	intra_ayah:12:111:root:56
co-12_111-06392	12:111	w-s012-a111-w010	w-s012-a111-w020	ح د ث	ه د ي	10	8	8	1	2	4	intra_ayah:12:111:root:57
co-12_111-06393	12:111	w-s012-a111-w010	w-s012-a111-w016	ح د ث	ي د ي	6	4	4	1	1	1	intra_ayah:12:111:root:58
co-12_111-06394	12:111	w-s012-a111-w021	w-s012-a111-w019	ر ح م	ش ي ء	2	2	2	1	37	48	intra_ayah:12:111:root:59
co-12_111-06395	12:111	w-s012-a111-w023	w-s012-a111-w013	ء م ن	ص د ق	10	9	9	1	28	48	intra_ayah:12:111:root:6
co-12_111-06396	12:111	w-s012-a111-w021	w-s012-a111-w013	ر ح م	ص د ق	8	7	7	1	8	9	intra_ayah:12:111:root:60
co-12_111-06397	12:111	w-s012-a111-w021	w-s012-a111-w005	ر ح م	ع ب ر	16	13	13	1	1	1	intra_ayah:12:111:root:61
co-12_111-06398	12:111	w-s012-a111-w021	w-s012-a111-w011	ر ح م	ف ر ي	10	8	8	1	4	5	intra_ayah:12:111:root:62
co-12_111-06399	12:111	w-s012-a111-w021	w-s012-a111-w017	ر ح م	ف ص ل	4	4	4	1	4	4	intra_ayah:12:111:root:63
co-12_111-06400	12:111	w-s012-a111-w021	w-s012-a111-w004	ر ح م	ق ص ص	17	14	14	1	2	2	intra_ayah:12:111:root:64
co-12_111-06401	12:111	w-s012-a111-w021	w-s012-a111-w022	ر ح م	ق و م	1	1	1	1	31	33	intra_ayah:12:111:root:65
co-12_111-06402	12:111	w-s012-a111-w021	w-s012-a111-w018	ر ح م	ك ل ل	3	3	3	1	15	17	intra_ayah:12:111:root:66
co-12_111-06403	12:111	w-s012-a111-w021	w-s012-a111-w002	ر ح م	ك و ن	19	10	15	2	64	81	intra_ayah:12:111:root:67
co-12_111-06404	12:111	w-s012-a111-w021	w-s012-a111-w009	ر ح م	ك و ن	12	10	15	2	64	81	intra_ayah:12:111:root:67
co-12_111-06405	12:111	w-s012-a111-w021	w-s012-a111-w007	ر ح م	ل ب ب	14	11	11	1	3	3	intra_ayah:12:111:root:68
co-12_111-06406	12:111	w-s012-a111-w021	w-s012-a111-w020	ر ح م	ه د ي	1	1	1	1	22	23	intra_ayah:12:111:root:69
co-12_111-06407	12:111	w-s012-a111-w023	w-s012-a111-w005	ء م ن	ع ب ر	18	15	15	1	3	3	intra_ayah:12:111:root:7
co-12_111-06408	12:111	w-s012-a111-w021	w-s012-a111-w016	ر ح م	ي د ي	5	5	5	1	11	11	intra_ayah:12:111:root:70
co-12_111-06409	12:111	w-s012-a111-w019	w-s012-a111-w013	ش ي ء	ص د ق	6	5	5	1	8	9	intra_ayah:12:111:root:71
co-12_111-06410	12:111	w-s012-a111-w019	w-s012-a111-w005	ش ي ء	ع ب ر	14	11	11	1	2	2	intra_ayah:12:111:root:72
co-12_111-06411	12:111	w-s012-a111-w019	w-s012-a111-w011	ش ي ء	ف ر ي	8	6	6	1	11	14	intra_ayah:12:111:root:73
co-12_111-06412	12:111	w-s012-a111-w019	w-s012-a111-w017	ش ي ء	ف ص ل	2	2	2	1	5	7	intra_ayah:12:111:root:74
co-12_111-06413	12:111	w-s012-a111-w019	w-s012-a111-w004	ش ي ء	ق ص ص	15	12	12	1	3	4	intra_ayah:12:111:root:75
co-12_111-06414	12:111	w-s012-a111-w019	w-s012-a111-w022	ش ي ء	ق و م	3	3	3	1	56	74	intra_ayah:12:111:root:76
co-12_111-06415	12:111	w-s012-a111-w019	w-s012-a111-w018	ش ي ء	ك ل ل	1	1	1	1	135	191	intra_ayah:12:111:root:77
co-12_111-06416	12:111	w-s012-a111-w019	w-s012-a111-w002	ش ي ء	ك و ن	17	8	13	2	98	144	intra_ayah:12:111:root:78
co-12_111-06417	12:111	w-s012-a111-w019	w-s012-a111-w009	ش ي ء	ك و ن	10	8	13	2	98	144	intra_ayah:12:111:root:78
co-12_111-06418	12:111	w-s012-a111-w019	w-s012-a111-w007	ش ي ء	ل ب ب	12	9	9	1	2	2	intra_ayah:12:111:root:79
co-12_111-06419	12:111	w-s012-a111-w023	w-s012-a111-w011	ء م ن	ف ر ي	12	10	10	1	5	5	intra_ayah:12:111:root:8
co-12_111-06420	12:111	w-s012-a111-w019	w-s012-a111-w020	ش ي ء	ه د ي	1	1	1	1	42	62	intra_ayah:12:111:root:80
co-12_111-06421	12:111	w-s012-a111-w019	w-s012-a111-w016	ش ي ء	ي د ي	3	3	3	1	16	24	intra_ayah:12:111:root:81
co-12_111-06422	12:111	w-s012-a111-w013	w-s012-a111-w005	ص د ق	ع ب ر	8	6	6	1	1	1	intra_ayah:12:111:root:82
co-12_111-06423	12:111	w-s012-a111-w013	w-s012-a111-w011	ص د ق	ف ر ي	2	1	1	1	4	5	intra_ayah:12:111:root:83
co-12_111-06424	12:111	w-s012-a111-w013	w-s012-a111-w017	ص د ق	ف ص ل	4	3	3	1	2	2	intra_ayah:12:111:root:84
co-12_111-06425	12:111	w-s012-a111-w013	w-s012-a111-w004	ص د ق	ق ص ص	9	7	7	1	2	2	intra_ayah:12:111:root:85
co-12_111-06426	12:111	w-s012-a111-w013	w-s012-a111-w022	ص د ق	ق و م	9	8	8	1	10	12	intra_ayah:12:111:root:86
co-12_111-06427	12:111	w-s012-a111-w013	w-s012-a111-w018	ص د ق	ك ل ل	5	4	4	1	6	6	intra_ayah:12:111:root:87
co-12_111-06428	12:111	w-s012-a111-w013	w-s012-a111-w002	ص د ق	ك و ن	11	3	8	2	73	90	intra_ayah:12:111:root:88
co-12_111-06429	12:111	w-s012-a111-w013	w-s012-a111-w009	ص د ق	ك و ن	4	3	8	2	73	90	intra_ayah:12:111:root:88
co-12_111-06430	12:111	w-s012-a111-w013	w-s012-a111-w007	ص د ق	ل ب ب	6	4	4	1	1	1	intra_ayah:12:111:root:89
co-12_111-06431	12:111	w-s012-a111-w023	w-s012-a111-w017	ء م ن	ف ص ل	6	6	6	1	7	8	intra_ayah:12:111:root:9
co-12_111-06432	12:111	w-s012-a111-w013	w-s012-a111-w020	ص د ق	ه د ي	7	6	6	1	9	14	intra_ayah:12:111:root:90
co-12_111-06433	12:111	w-s012-a111-w013	w-s012-a111-w016	ص د ق	ي د ي	3	2	2	1	13	16	intra_ayah:12:111:root:91
co-12_111-06434	12:111	w-s012-a111-w005	w-s012-a111-w011	ع ب ر	ف ر ي	6	5	5	1	1	1	intra_ayah:12:111:root:92
co-12_111-06435	12:111	w-s012-a111-w005	w-s012-a111-w017	ع ب ر	ف ص ل	12	9	9	1	1	1	intra_ayah:12:111:root:93
co-12_111-06436	12:111	w-s012-a111-w005	w-s012-a111-w004	ع ب ر	ق ص ص	1	1	1	1	1	1	intra_ayah:12:111:root:94
co-12_111-06437	12:111	w-s012-a111-w005	w-s012-a111-w022	ع ب ر	ق و م	17	14	14	1	1	1	intra_ayah:12:111:root:95
co-12_111-06438	12:111	w-s012-a111-w005	w-s012-a111-w018	ع ب ر	ك ل ل	13	10	10	1	1	1	intra_ayah:12:111:root:96
co-12_111-06439	12:111	w-s012-a111-w005	w-s012-a111-w002	ع ب ر	ك و ن	3	2	3	2	4	6	intra_ayah:12:111:root:97
co-12_111-06440	12:111	w-s012-a111-w005	w-s012-a111-w009	ع ب ر	ك و ن	4	2	3	2	4	6	intra_ayah:12:111:root:97
co-12_111-06441	12:111	w-s012-a111-w005	w-s012-a111-w007	ع ب ر	ل ب ب	2	2	2	1	1	1	intra_ayah:12:111:root:98
co-12_111-06442	12:111	w-s012-a111-w005	w-s012-a111-w020	ع ب ر	ه د ي	15	12	12	1	1	1	intra_ayah:12:111:root:99
