source_token_id	ayah_ref	source_token_index	surface_ar	word_ids	qac_word_refs	binding_status
t-s011-a000-w001	11:0	1	بِسْمِ	w-s011-a000-w001	1:1:1	one_to_one
t-s011-a000-w002	11:0	2	ٱللَّهِ	w-s011-a000-w002	1:1:2	one_to_one
t-s011-a000-w003	11:0	3	ٱلرَّحْمَٰنِ	w-s011-a000-w003	1:1:3	one_to_one
t-s011-a000-w004	11:0	4	ٱلرَّحِيمِ	w-s011-a000-w004	1:1:4	one_to_one
t-s011-a001-w001	11:1	1	الٓر	w-s011-a001-w001	11:1:1	one_to_one
t-s011-a001-w002	11:1	2	كِتَٰبٌ	w-s011-a001-w002	11:1:2	one_to_one
t-s011-a001-w003	11:1	3	أُحْكِمَتْ	w-s011-a001-w003	11:1:3	one_to_one
t-s011-a001-w004	11:1	4	ءَايَٰتُهُۥ	w-s011-a001-w004	11:1:4	one_to_one
t-s011-a001-w005	11:1	5	ثُمَّ	w-s011-a001-w005	11:1:5	one_to_one
t-s011-a001-w006	11:1	6	فُصِّلَتْ	w-s011-a001-w006	11:1:6	one_to_one
t-s011-a001-w007	11:1	7	مِن	w-s011-a001-w007	11:1:7	one_to_one
t-s011-a001-w008	11:1	8	لَّدُنْ	w-s011-a001-w008	11:1:8	one_to_one
t-s011-a001-w009	11:1	9	حَكِيمٍ	w-s011-a001-w009	11:1:9	one_to_one
t-s011-a001-w010	11:1	10	خَبِيرٍ	w-s011-a001-w010	11:1:10	one_to_one
t-s011-a002-w001	11:2	1	أَلَّا	w-s011-a002-w001	11:2:1	one_to_one
t-s011-a002-w002	11:2	2	تَعْبُدُوٓا۟	w-s011-a002-w002	11:2:2	one_to_one
t-s011-a002-w003	11:2	3	إِلَّا	w-s011-a002-w003	11:2:3	one_to_one
t-s011-a002-w004	11:2	4	ٱللَّهَ	w-s011-a002-w004	11:2:4	one_to_one
t-s011-a002-w005	11:2	5	إِنَّنِى	w-s011-a002-w005	11:2:5	one_to_one
t-s011-a002-w006	11:2	6	لَكُم	w-s011-a002-w006	11:2:6	one_to_one
t-s011-a002-w007	11:2	7	مِّنْهُ	w-s011-a002-w007	11:2:7	one_to_one
t-s011-a002-w008	11:2	8	نَذِيرٌۭ	w-s011-a002-w008	11:2:8	one_to_one
t-s011-a002-w009	11:2	9	وَبَشِيرٌۭ	w-s011-a002-w009	11:2:9	one_to_one
t-s011-a003-w001	11:3	1	وَأَنِ	w-s011-a003-w001	11:3:1	one_to_one
t-s011-a003-w002	11:3	2	ٱسْتَغْفِرُوا۟	w-s011-a003-w002	11:3:2	one_to_one
t-s011-a003-w003	11:3	3	رَبَّكُمْ	w-s011-a003-w003	11:3:3	one_to_one
t-s011-a003-w004	11:3	4	ثُمَّ	w-s011-a003-w004	11:3:4	one_to_one
t-s011-a003-w005	11:3	5	تُوبُوٓا۟	w-s011-a003-w005	11:3:5	one_to_one
t-s011-a003-w006	11:3	6	إِلَيْهِ	w-s011-a003-w006	11:3:6	one_to_one
t-s011-a003-w007	11:3	7	يُمَتِّعْكُم	w-s011-a003-w007	11:3:7	one_to_one
t-s011-a003-w008	11:3	8	مَّتَٰعًا	w-s011-a003-w008	11:3:8	one_to_one
t-s011-a003-w009	11:3	9	حَسَنًا	w-s011-a003-w009	11:3:9	one_to_one
t-s011-a003-w010	11:3	10	إِلَىٰٓ	w-s011-a003-w010	11:3:10	one_to_one
t-s011-a003-w011	11:3	11	أَجَلٍۢ	w-s011-a003-w011	11:3:11	one_to_one
t-s011-a003-w012	11:3	12	مُّسَمًّۭى	w-s011-a003-w012	11:3:12	one_to_one
t-s011-a003-w013	11:3	13	وَيُؤْتِ	w-s011-a003-w013	11:3:13	one_to_one
t-s011-a003-w014	11:3	14	كُلَّ	w-s011-a003-w014	11:3:14	one_to_one
t-s011-a003-w015	11:3	15	ذِى	w-s011-a003-w015	11:3:15	one_to_one
t-s011-a003-w016	11:3	16	فَضْلٍۢ	w-s011-a003-w016	11:3:16	one_to_one
t-s011-a003-w017	11:3	17	فَضْلَهُۥ	w-s011-a003-w017	11:3:17	one_to_one
t-s011-a003-w018	11:3	18	وَإِن	w-s011-a003-w018	11:3:18	one_to_one
t-s011-a003-w019	11:3	19	تَوَلَّوْا۟	w-s011-a003-w019	11:3:19	one_to_one
t-s011-a003-w020	11:3	20	فَإِنِّىٓ	w-s011-a003-w020	11:3:20	one_to_one
t-s011-a003-w021	11:3	21	أَخَافُ	w-s011-a003-w021	11:3:21	one_to_one
t-s011-a003-w022	11:3	22	عَلَيْكُمْ	w-s011-a003-w022	11:3:22	one_to_one
t-s011-a003-w023	11:3	23	عَذَابَ	w-s011-a003-w023	11:3:23	one_to_one
t-s011-a003-w024	11:3	24	يَوْمٍۢ	w-s011-a003-w024	11:3:24	one_to_one
t-s011-a003-w025	11:3	25	كَبِيرٍ	w-s011-a003-w025	11:3:25	one_to_one
t-s011-a004-w001	11:4	1	إِلَى	w-s011-a004-w001	11:4:1	one_to_one
t-s011-a004-w002	11:4	2	ٱللَّهِ	w-s011-a004-w002	11:4:2	one_to_one
t-s011-a004-w003	11:4	3	مَرْجِعُكُمْ	w-s011-a004-w003	11:4:3	one_to_one
t-s011-a004-w004	11:4	4	وَهُوَ	w-s011-a004-w004	11:4:4	one_to_one
t-s011-a004-w005	11:4	5	عَلَىٰ	w-s011-a004-w005	11:4:5	one_to_one
t-s011-a004-w006	11:4	6	كُلِّ	w-s011-a004-w006	11:4:6	one_to_one
t-s011-a004-w007	11:4	7	شَىْءٍۢ	w-s011-a004-w007	11:4:7	one_to_one
t-s011-a004-w008	11:4	8	قَدِيرٌ	w-s011-a004-w008	11:4:8	one_to_one
t-s011-a005-w001	11:5	1	أَلَآ	w-s011-a005-w001	11:5:1	one_to_one
t-s011-a005-w002	11:5	2	إِنَّهُمْ	w-s011-a005-w002	11:5:2	one_to_one
t-s011-a005-w003	11:5	3	يَثْنُونَ	w-s011-a005-w003	11:5:3	one_to_one
t-s011-a005-w004	11:5	4	صُدُورَهُمْ	w-s011-a005-w004	11:5:4	one_to_one
t-s011-a005-w005	11:5	5	لِيَسْتَخْفُوا۟	w-s011-a005-w005	11:5:5	one_to_one
t-s011-a005-w006	11:5	6	مِنْهُ	w-s011-a005-w006	11:5:6	one_to_one
t-s011-a005-w007	11:5	7	أَلَا	w-s011-a005-w007	11:5:7	one_to_one
t-s011-a005-w008	11:5	8	حِينَ	w-s011-a005-w008	11:5:8	one_to_one
t-s011-a005-w009	11:5	9	يَسْتَغْشُونَ	w-s011-a005-w009	11:5:9	one_to_one
t-s011-a005-w010	11:5	10	ثِيَابَهُمْ	w-s011-a005-w010	11:5:10	one_to_one
t-s011-a005-w011	11:5	11	يَعْلَمُ	w-s011-a005-w011	11:5:11	one_to_one
t-s011-a005-w012	11:5	12	مَا	w-s011-a005-w012	11:5:12	one_to_one
t-s011-a005-w013	11:5	13	يُسِرُّونَ	w-s011-a005-w013	11:5:13	one_to_one
t-s011-a005-w014	11:5	14	وَمَا	w-s011-a005-w014	11:5:14	one_to_one
t-s011-a005-w015	11:5	15	يُعْلِنُونَ	w-s011-a005-w015	11:5:15	one_to_one
t-s011-a005-w016	11:5	16	إِنَّهُۥ	w-s011-a005-w016	11:5:16	one_to_one
t-s011-a005-w017	11:5	17	عَلِيمٌۢ	w-s011-a005-w017	11:5:17	one_to_one
t-s011-a005-w018	11:5	18	بِذَاتِ	w-s011-a005-w018	11:5:18	one_to_one
t-s011-a005-w019	11:5	19	ٱلصُّدُورِ	w-s011-a005-w019	11:5:19	one_to_one
t-s011-a006-w001	11:6	1	وَمَا	w-s011-a006-w001	11:6:1	one_to_one
t-s011-a006-w002	11:6	2	مِن	w-s011-a006-w002	11:6:2	one_to_one
t-s011-a006-w003	11:6	3	دَآبَّةٍۢ	w-s011-a006-w003	11:6:3	one_to_one
t-s011-a006-w004	11:6	4	فِى	w-s011-a006-w004	11:6:4	one_to_one
t-s011-a006-w005	11:6	5	ٱلْأَرْضِ	w-s011-a006-w005	11:6:5	one_to_one
t-s011-a006-w006	11:6	6	إِلَّا	w-s011-a006-w006	11:6:6	one_to_one
t-s011-a006-w007	11:6	7	عَلَى	w-s011-a006-w007	11:6:7	one_to_one
t-s011-a006-w008	11:6	8	ٱللَّهِ	w-s011-a006-w008	11:6:8	one_to_one
t-s011-a006-w009	11:6	9	رِزْقُهَا	w-s011-a006-w009	11:6:9	one_to_one
t-s011-a006-w010	11:6	10	وَيَعْلَمُ	w-s011-a006-w010	11:6:10	one_to_one
t-s011-a006-w011	11:6	11	مُسْتَقَرَّهَا	w-s011-a006-w011	11:6:11	one_to_one
t-s011-a006-w012	11:6	12	وَمُسْتَوْدَعَهَا	w-s011-a006-w012	11:6:12	one_to_one
t-s011-a006-w013	11:6	13	كُلٌّۭ	w-s011-a006-w013	11:6:13	one_to_one
t-s011-a006-w014	11:6	14	فِى	w-s011-a006-w014	11:6:14	one_to_one
t-s011-a006-w015	11:6	15	كِتَٰبٍۢ	w-s011-a006-w015	11:6:15	one_to_one
t-s011-a006-w016	11:6	16	مُّبِينٍۢ	w-s011-a006-w016	11:6:16	one_to_one
t-s011-a007-w001	11:7	1	وَهُوَ	w-s011-a007-w001	11:7:1	one_to_one
t-s011-a007-w002	11:7	2	ٱلَّذِى	w-s011-a007-w002	11:7:2	one_to_one
t-s011-a007-w003	11:7	3	خَلَقَ	w-s011-a007-w003	11:7:3	one_to_one
t-s011-a007-w004	11:7	4	ٱلسَّمَٰوَٰتِ	w-s011-a007-w004	11:7:4	one_to_one
t-s011-a007-w005	11:7	5	وَٱلْأَرْضَ	w-s011-a007-w005	11:7:5	one_to_one
t-s011-a007-w006	11:7	6	فِى	w-s011-a007-w006	11:7:6	one_to_one
t-s011-a007-w007	11:7	7	سِتَّةِ	w-s011-a007-w007	11:7:7	one_to_one
t-s011-a007-w008	11:7	8	أَيَّامٍۢ	w-s011-a007-w008	11:7:8	one_to_one
t-s011-a007-w009	11:7	9	وَكَانَ	w-s011-a007-w009	11:7:9	one_to_one
t-s011-a007-w010	11:7	10	عَرْشُهُۥ	w-s011-a007-w010	11:7:10	one_to_one
t-s011-a007-w011	11:7	11	عَلَى	w-s011-a007-w011	11:7:11	one_to_one
t-s011-a007-w012	11:7	12	ٱلْمَآءِ	w-s011-a007-w012	11:7:12	one_to_one
t-s011-a007-w013	11:7	13	لِيَبْلُوَكُمْ	w-s011-a007-w013	11:7:13	one_to_one
t-s011-a007-w014	11:7	14	أَيُّكُمْ	w-s011-a007-w014	11:7:14	one_to_one
t-s011-a007-w015	11:7	15	أَحْسَنُ	w-s011-a007-w015	11:7:15	one_to_one
t-s011-a007-w016	11:7	16	عَمَلًۭا	w-s011-a007-w016	11:7:16	one_to_one
t-s011-a007-w017	11:7	17	وَلَئِن	w-s011-a007-w017	11:7:17	one_to_one
t-s011-a007-w018	11:7	18	قُلْتَ	w-s011-a007-w018	11:7:18	one_to_one
t-s011-a007-w019	11:7	19	إِنَّكُم	w-s011-a007-w019	11:7:19	one_to_one
t-s011-a007-w020	11:7	20	مَّبْعُوثُونَ	w-s011-a007-w020	11:7:20	one_to_one
t-s011-a007-w021	11:7	21	مِنۢ	w-s011-a007-w021	11:7:21	one_to_one
t-s011-a007-w022	11:7	22	بَعْدِ	w-s011-a007-w022	11:7:22	one_to_one
t-s011-a007-w023	11:7	23	ٱلْمَوْتِ	w-s011-a007-w023	11:7:23	one_to_one
t-s011-a007-w024	11:7	24	لَيَقُولَنَّ	w-s011-a007-w024	11:7:24	one_to_one
t-s011-a007-w025	11:7	25	ٱلَّذِينَ	w-s011-a007-w025	11:7:25	one_to_one
t-s011-a007-w026	11:7	26	كَفَرُوٓا۟	w-s011-a007-w026	11:7:26	one_to_one
t-s011-a007-w027	11:7	27	إِنْ	w-s011-a007-w027	11:7:27	one_to_one
t-s011-a007-w028	11:7	28	هَٰذَآ	w-s011-a007-w028	11:7:28	one_to_one
t-s011-a007-w029	11:7	29	إِلَّا	w-s011-a007-w029	11:7:29	one_to_one
t-s011-a007-w030	11:7	30	سِحْرٌۭ	w-s011-a007-w030	11:7:30	one_to_one
t-s011-a007-w031	11:7	31	مُّبِينٌۭ	w-s011-a007-w031	11:7:31	one_to_one
t-s011-a008-w001	11:8	1	وَلَئِنْ	w-s011-a008-w001	11:8:1	one_to_one
t-s011-a008-w002	11:8	2	أَخَّرْنَا	w-s011-a008-w002	11:8:2	one_to_one
t-s011-a008-w003	11:8	3	عَنْهُمُ	w-s011-a008-w003	11:8:3	one_to_one
t-s011-a008-w004	11:8	4	ٱلْعَذَابَ	w-s011-a008-w004	11:8:4	one_to_one
t-s011-a008-w005	11:8	5	إِلَىٰٓ	w-s011-a008-w005	11:8:5	one_to_one
t-s011-a008-w006	11:8	6	أُمَّةٍۢ	w-s011-a008-w006	11:8:6	one_to_one
t-s011-a008-w007	11:8	7	مَّعْدُودَةٍۢ	w-s011-a008-w007	11:8:7	one_to_one
t-s011-a008-w008	11:8	8	لَّيَقُولُنَّ	w-s011-a008-w008	11:8:8	one_to_one
t-s011-a008-w009	11:8	9	مَا	w-s011-a008-w009	11:8:9	one_to_one
t-s011-a008-w010	11:8	10	يَحْبِسُهُۥٓ	w-s011-a008-w010	11:8:10	one_to_one
t-s011-a008-w011	11:8	11	أَلَا	w-s011-a008-w011	11:8:11	one_to_one
t-s011-a008-w012	11:8	12	يَوْمَ	w-s011-a008-w012	11:8:12	one_to_one
t-s011-a008-w013	11:8	13	يَأْتِيهِمْ	w-s011-a008-w013	11:8:13	one_to_one
t-s011-a008-w014	11:8	14	لَيْسَ	w-s011-a008-w014	11:8:14	one_to_one
t-s011-a008-w015	11:8	15	مَصْرُوفًا	w-s011-a008-w015	11:8:15	one_to_one
t-s011-a008-w016	11:8	16	عَنْهُمْ	w-s011-a008-w016	11:8:16	one_to_one
t-s011-a008-w017	11:8	17	وَحَاقَ	w-s011-a008-w017	11:8:17	one_to_one
t-s011-a008-w018	11:8	18	بِهِم	w-s011-a008-w018	11:8:18	one_to_one
t-s011-a008-w019	11:8	19	مَّا	w-s011-a008-w019	11:8:19	one_to_one
t-s011-a008-w020	11:8	20	كَانُوا۟	w-s011-a008-w020	11:8:20	one_to_one
t-s011-a008-w021	11:8	21	بِهِۦ	w-s011-a008-w021	11:8:21	one_to_one
t-s011-a008-w022	11:8	22	يَسْتَهْزِءُونَ	w-s011-a008-w022	11:8:22	one_to_one
t-s011-a009-w001	11:9	1	وَلَئِنْ	w-s011-a009-w001	11:9:1	one_to_one
t-s011-a009-w002	11:9	2	أَذَقْنَا	w-s011-a009-w002	11:9:2	one_to_one
t-s011-a009-w003	11:9	3	ٱلْإِنسَٰنَ	w-s011-a009-w003	11:9:3	one_to_one
t-s011-a009-w004	11:9	4	مِنَّا	w-s011-a009-w004	11:9:4	one_to_one
t-s011-a009-w005	11:9	5	رَحْمَةًۭ	w-s011-a009-w005	11:9:5	one_to_one
t-s011-a009-w006	11:9	6	ثُمَّ	w-s011-a009-w006	11:9:6	one_to_one
t-s011-a009-w007	11:9	7	نَزَعْنَٰهَا	w-s011-a009-w007	11:9:7	one_to_one
t-s011-a009-w008	11:9	8	مِنْهُ	w-s011-a009-w008	11:9:8	one_to_one
t-s011-a009-w009	11:9	9	إِنَّهُۥ	w-s011-a009-w009	11:9:9	one_to_one
t-s011-a009-w010	11:9	10	لَيَـُٔوسٌۭ	w-s011-a009-w010	11:9:10	one_to_one
t-s011-a009-w011	11:9	11	كَفُورٌۭ	w-s011-a009-w011	11:9:11	one_to_one
t-s011-a010-w001	11:10	1	وَلَئِنْ	w-s011-a010-w001	11:10:1	one_to_one
t-s011-a010-w002	11:10	2	أَذَقْنَٰهُ	w-s011-a010-w002	11:10:2	one_to_one
t-s011-a010-w003	11:10	3	نَعْمَآءَ	w-s011-a010-w003	11:10:3	one_to_one
t-s011-a010-w004	11:10	4	بَعْدَ	w-s011-a010-w004	11:10:4	one_to_one
t-s011-a010-w005	11:10	5	ضَرَّآءَ	w-s011-a010-w005	11:10:5	one_to_one
t-s011-a010-w006	11:10	6	مَسَّتْهُ	w-s011-a010-w006	11:10:6	one_to_one
t-s011-a010-w007	11:10	7	لَيَقُولَنَّ	w-s011-a010-w007	11:10:7	one_to_one
t-s011-a010-w008	11:10	8	ذَهَبَ	w-s011-a010-w008	11:10:8	one_to_one
t-s011-a010-w009	11:10	9	ٱلسَّيِّـَٔاتُ	w-s011-a010-w009	11:10:9	one_to_one
t-s011-a010-w010	11:10	10	عَنِّىٓ	w-s011-a010-w010	11:10:10	one_to_one
t-s011-a010-w011	11:10	11	إِنَّهُۥ	w-s011-a010-w011	11:10:11	one_to_one
t-s011-a010-w012	11:10	12	لَفَرِحٌۭ	w-s011-a010-w012	11:10:12	one_to_one
t-s011-a010-w013	11:10	13	فَخُورٌ	w-s011-a010-w013	11:10:13	one_to_one
t-s011-a011-w001	11:11	1	إِلَّا	w-s011-a011-w001	11:11:1	one_to_one
t-s011-a011-w002	11:11	2	ٱلَّذِينَ	w-s011-a011-w002	11:11:2	one_to_one
t-s011-a011-w003	11:11	3	صَبَرُوا۟	w-s011-a011-w003	11:11:3	one_to_one
t-s011-a011-w004	11:11	4	وَعَمِلُوا۟	w-s011-a011-w004	11:11:4	one_to_one
t-s011-a011-w005	11:11	5	ٱلصَّٰلِحَٰتِ	w-s011-a011-w005	11:11:5	one_to_one
t-s011-a011-w006	11:11	6	أُو۟لَٰٓئِكَ	w-s011-a011-w006	11:11:6	one_to_one
t-s011-a011-w007	11:11	7	لَهُم	w-s011-a011-w007	11:11:7	one_to_one
t-s011-a011-w008	11:11	8	مَّغْفِرَةٌۭ	w-s011-a011-w008	11:11:8	one_to_one
t-s011-a011-w009	11:11	9	وَأَجْرٌۭ	w-s011-a011-w009	11:11:9	one_to_one
t-s011-a011-w010	11:11	10	كَبِيرٌۭ	w-s011-a011-w010	11:11:10	one_to_one
t-s011-a012-w001	11:12	1	فَلَعَلَّكَ	w-s011-a012-w001	11:12:1	one_to_one
t-s011-a012-w002	11:12	2	تَارِكٌۢ	w-s011-a012-w002	11:12:2	one_to_one
t-s011-a012-w003	11:12	3	بَعْضَ	w-s011-a012-w003	11:12:3	one_to_one
t-s011-a012-w004	11:12	4	مَا	w-s011-a012-w004	11:12:4	one_to_one
t-s011-a012-w005	11:12	5	يُوحَىٰٓ	w-s011-a012-w005	11:12:5	one_to_one
t-s011-a012-w006	11:12	6	إِلَيْكَ	w-s011-a012-w006	11:12:6	one_to_one
t-s011-a012-w007	11:12	7	وَضَآئِقٌۢ	w-s011-a012-w007	11:12:7	one_to_one
t-s011-a012-w008	11:12	8	بِهِۦ	w-s011-a012-w008	11:12:8	one_to_one
t-s011-a012-w009	11:12	9	صَدْرُكَ	w-s011-a012-w009	11:12:9	one_to_one
t-s011-a012-w010	11:12	10	أَن	w-s011-a012-w010	11:12:10	one_to_one
t-s011-a012-w011	11:12	11	يَقُولُوا۟	w-s011-a012-w011	11:12:11	one_to_one
t-s011-a012-w012	11:12	12	لَوْلَآ	w-s011-a012-w012	11:12:12	one_to_one
t-s011-a012-w013	11:12	13	أُنزِلَ	w-s011-a012-w013	11:12:13	one_to_one
t-s011-a012-w014	11:12	14	عَلَيْهِ	w-s011-a012-w014	11:12:14	one_to_one
t-s011-a012-w015	11:12	15	كَنزٌ	w-s011-a012-w015	11:12:15	one_to_one
t-s011-a012-w016	11:12	16	أَوْ	w-s011-a012-w016	11:12:16	one_to_one
t-s011-a012-w017	11:12	17	جَآءَ	w-s011-a012-w017	11:12:17	one_to_one
t-s011-a012-w018	11:12	18	مَعَهُۥ	w-s011-a012-w018	11:12:18	one_to_one
t-s011-a012-w019	11:12	19	مَلَكٌ	w-s011-a012-w019	11:12:19	one_to_one
t-s011-a012-w020	11:12	20	إِنَّمَآ	w-s011-a012-w020	11:12:20	one_to_one
t-s011-a012-w021	11:12	21	أَنتَ	w-s011-a012-w021	11:12:21	one_to_one
t-s011-a012-w022	11:12	22	نَذِيرٌۭ	w-s011-a012-w022	11:12:22	one_to_one
t-s011-a012-w023	11:12	23	وَٱللَّهُ	w-s011-a012-w023	11:12:23	one_to_one
t-s011-a012-w024	11:12	24	عَلَىٰ	w-s011-a012-w024	11:12:24	one_to_one
t-s011-a012-w025	11:12	25	كُلِّ	w-s011-a012-w025	11:12:25	one_to_one
t-s011-a012-w026	11:12	26	شَىْءٍۢ	w-s011-a012-w026	11:12:26	one_to_one
t-s011-a012-w027	11:12	27	وَكِيلٌ	w-s011-a012-w027	11:12:27	one_to_one
t-s011-a013-w001	11:13	1	أَمْ	w-s011-a013-w001	11:13:1	one_to_one
t-s011-a013-w002	11:13	2	يَقُولُونَ	w-s011-a013-w002	11:13:2	one_to_one
t-s011-a013-w003	11:13	3	ٱفْتَرَىٰهُ	w-s011-a013-w003	11:13:3	one_to_one
t-s011-a013-w004	11:13	4	قُلْ	w-s011-a013-w004	11:13:4	one_to_one
t-s011-a013-w005	11:13	5	فَأْتُوا۟	w-s011-a013-w005	11:13:5	one_to_one
t-s011-a013-w006	11:13	6	بِعَشْرِ	w-s011-a013-w006	11:13:6	one_to_one
t-s011-a013-w007	11:13	7	سُوَرٍۢ	w-s011-a013-w007	11:13:7	one_to_one
t-s011-a013-w008	11:13	8	مِّثْلِهِۦ	w-s011-a013-w008	11:13:8	one_to_one
t-s011-a013-w009	11:13	9	مُفْتَرَيَٰتٍۢ	w-s011-a013-w009	11:13:9	one_to_one
t-s011-a013-w010	11:13	10	وَٱدْعُوا۟	w-s011-a013-w010	11:13:10	one_to_one
t-s011-a013-w011	11:13	11	مَنِ	w-s011-a013-w011	11:13:11	one_to_one
t-s011-a013-w012	11:13	12	ٱسْتَطَعْتُم	w-s011-a013-w012	11:13:12	one_to_one
t-s011-a013-w013	11:13	13	مِّن	w-s011-a013-w013	11:13:13	one_to_one
t-s011-a013-w014	11:13	14	دُونِ	w-s011-a013-w014	11:13:14	one_to_one
t-s011-a013-w015	11:13	15	ٱللَّهِ	w-s011-a013-w015	11:13:15	one_to_one
t-s011-a013-w016	11:13	16	إِن	w-s011-a013-w016	11:13:16	one_to_one
t-s011-a013-w017	11:13	17	كُنتُمْ	w-s011-a013-w017	11:13:17	one_to_one
t-s011-a013-w018	11:13	18	صَٰدِقِينَ	w-s011-a013-w018	11:13:18	one_to_one
t-s011-a014-w001	11:14	1	فَإِلَّمْ	w-s011-a014-w001	11:14:1	one_to_one
t-s011-a014-w002	11:14	2	يَسْتَجِيبُوا۟	w-s011-a014-w002	11:14:2	one_to_one
t-s011-a014-w003	11:14	3	لَكُمْ	w-s011-a014-w003	11:14:3	one_to_one
t-s011-a014-w004	11:14	4	فَٱعْلَمُوٓا۟	w-s011-a014-w004	11:14:4	one_to_one
t-s011-a014-w005	11:14	5	أَنَّمَآ	w-s011-a014-w005	11:14:5	one_to_one
t-s011-a014-w006	11:14	6	أُنزِلَ	w-s011-a014-w006	11:14:6	one_to_one
t-s011-a014-w007	11:14	7	بِعِلْمِ	w-s011-a014-w007	11:14:7	one_to_one
t-s011-a014-w008	11:14	8	ٱللَّهِ	w-s011-a014-w008	11:14:8	one_to_one
t-s011-a014-w009	11:14	9	وَأَن	w-s011-a014-w009	11:14:9	one_to_one
t-s011-a014-w010	11:14	10	لَّآ	w-s011-a014-w010	11:14:10	one_to_one
t-s011-a014-w011	11:14	11	إِلَٰهَ	w-s011-a014-w011	11:14:11	one_to_one
t-s011-a014-w012	11:14	12	إِلَّا	w-s011-a014-w012	11:14:12	one_to_one
t-s011-a014-w013	11:14	13	هُوَ	w-s011-a014-w013	11:14:13	one_to_one
t-s011-a014-w014	11:14	14	فَهَلْ	w-s011-a014-w014	11:14:14	one_to_one
t-s011-a014-w015	11:14	15	أَنتُم	w-s011-a014-w015	11:14:15	one_to_one
t-s011-a014-w016	11:14	16	مُّسْلِمُونَ	w-s011-a014-w016	11:14:16	one_to_one
t-s011-a015-w001	11:15	1	مَن	w-s011-a015-w001	11:15:1	one_to_one
t-s011-a015-w002	11:15	2	كَانَ	w-s011-a015-w002	11:15:2	one_to_one
t-s011-a015-w003	11:15	3	يُرِيدُ	w-s011-a015-w003	11:15:3	one_to_one
t-s011-a015-w004	11:15	4	ٱلْحَيَوٰةَ	w-s011-a015-w004	11:15:4	one_to_one
t-s011-a015-w005	11:15	5	ٱلدُّنْيَا	w-s011-a015-w005	11:15:5	one_to_one
t-s011-a015-w006	11:15	6	وَزِينَتَهَا	w-s011-a015-w006	11:15:6	one_to_one
t-s011-a015-w007	11:15	7	نُوَفِّ	w-s011-a015-w007	11:15:7	one_to_one
t-s011-a015-w008	11:15	8	إِلَيْهِمْ	w-s011-a015-w008	11:15:8	one_to_one
t-s011-a015-w009	11:15	9	أَعْمَٰلَهُمْ	w-s011-a015-w009	11:15:9	one_to_one
t-s011-a015-w010	11:15	10	فِيهَا	w-s011-a015-w010	11:15:10	one_to_one
t-s011-a015-w011	11:15	11	وَهُمْ	w-s011-a015-w011	11:15:11	one_to_one
t-s011-a015-w012	11:15	12	فِيهَا	w-s011-a015-w012	11:15:12	one_to_one
t-s011-a015-w013	11:15	13	لَا	w-s011-a015-w013	11:15:13	one_to_one
t-s011-a015-w014	11:15	14	يُبْخَسُونَ	w-s011-a015-w014	11:15:14	one_to_one
t-s011-a016-w001	11:16	1	أُو۟لَٰٓئِكَ	w-s011-a016-w001	11:16:1	one_to_one
t-s011-a016-w002	11:16	2	ٱلَّذِينَ	w-s011-a016-w002	11:16:2	one_to_one
t-s011-a016-w003	11:16	3	لَيْسَ	w-s011-a016-w003	11:16:3	one_to_one
t-s011-a016-w004	11:16	4	لَهُمْ	w-s011-a016-w004	11:16:4	one_to_one
t-s011-a016-w005	11:16	5	فِى	w-s011-a016-w005	11:16:5	one_to_one
t-s011-a016-w006	11:16	6	ٱلْءَاخِرَةِ	w-s011-a016-w006	11:16:6	one_to_one
t-s011-a016-w007	11:16	7	إِلَّا	w-s011-a016-w007	11:16:7	one_to_one
t-s011-a016-w008	11:16	8	ٱلنَّارُ	w-s011-a016-w008	11:16:8	one_to_one
t-s011-a016-w009	11:16	9	وَحَبِطَ	w-s011-a016-w009	11:16:9	one_to_one
t-s011-a016-w010	11:16	10	مَا	w-s011-a016-w010	11:16:10	one_to_one
t-s011-a016-w011	11:16	11	صَنَعُوا۟	w-s011-a016-w011	11:16:11	one_to_one
t-s011-a016-w012	11:16	12	فِيهَا	w-s011-a016-w012	11:16:12	one_to_one
t-s011-a016-w013	11:16	13	وَبَٰطِلٌۭ	w-s011-a016-w013	11:16:13	one_to_one
t-s011-a016-w014	11:16	14	مَّا	w-s011-a016-w014	11:16:14	one_to_one
t-s011-a016-w015	11:16	15	كَانُوا۟	w-s011-a016-w015	11:16:15	one_to_one
t-s011-a016-w016	11:16	16	يَعْمَلُونَ	w-s011-a016-w016	11:16:16	one_to_one
t-s011-a017-w001	11:17	1	أَفَمَن	w-s011-a017-w001	11:17:1	one_to_one
t-s011-a017-w002	11:17	2	كَانَ	w-s011-a017-w002	11:17:2	one_to_one
t-s011-a017-w003	11:17	3	عَلَىٰ	w-s011-a017-w003	11:17:3	one_to_one
t-s011-a017-w004	11:17	4	بَيِّنَةٍۢ	w-s011-a017-w004	11:17:4	one_to_one
t-s011-a017-w005	11:17	5	مِّن	w-s011-a017-w005	11:17:5	one_to_one
t-s011-a017-w006	11:17	6	رَّبِّهِۦ	w-s011-a017-w006	11:17:6	one_to_one
t-s011-a017-w007	11:17	7	وَيَتْلُوهُ	w-s011-a017-w007	11:17:7	one_to_one
t-s011-a017-w008	11:17	8	شَاهِدٌۭ	w-s011-a017-w008	11:17:8	one_to_one
t-s011-a017-w009	11:17	9	مِّنْهُ	w-s011-a017-w009	11:17:9	one_to_one
t-s011-a017-w010	11:17	10	وَمِن	w-s011-a017-w010	11:17:10	one_to_one
t-s011-a017-w011	11:17	11	قَبْلِهِۦ	w-s011-a017-w011	11:17:11	one_to_one
t-s011-a017-w012	11:17	12	كِتَٰبُ	w-s011-a017-w012	11:17:12	one_to_one
t-s011-a017-w013	11:17	13	مُوسَىٰٓ	w-s011-a017-w013	11:17:13	one_to_one
t-s011-a017-w014	11:17	14	إِمَامًۭا	w-s011-a017-w014	11:17:14	one_to_one
t-s011-a017-w015	11:17	15	وَرَحْمَةً	w-s011-a017-w015	11:17:15	one_to_one
t-s011-a017-w016	11:17	16	أُو۟لَٰٓئِكَ	w-s011-a017-w016	11:17:16	one_to_one
t-s011-a017-w017	11:17	17	يُؤْمِنُونَ	w-s011-a017-w017	11:17:17	one_to_one
t-s011-a017-w018	11:17	18	بِهِۦ	w-s011-a017-w018	11:17:18	one_to_one
t-s011-a017-w019	11:17	19	وَمَن	w-s011-a017-w019	11:17:19	one_to_one
t-s011-a017-w020	11:17	20	يَكْفُرْ	w-s011-a017-w020	11:17:20	one_to_one
t-s011-a017-w021	11:17	21	بِهِۦ	w-s011-a017-w021	11:17:21	one_to_one
t-s011-a017-w022	11:17	22	مِنَ	w-s011-a017-w022	11:17:22	one_to_one
t-s011-a017-w023	11:17	23	ٱلْأَحْزَابِ	w-s011-a017-w023	11:17:23	one_to_one
t-s011-a017-w024	11:17	24	فَٱلنَّارُ	w-s011-a017-w024	11:17:24	one_to_one
t-s011-a017-w025	11:17	25	مَوْعِدُهُۥ	w-s011-a017-w025	11:17:25	one_to_one
t-s011-a017-w026	11:17	26	فَلَا	w-s011-a017-w026	11:17:26	one_to_one
t-s011-a017-w027	11:17	27	تَكُ	w-s011-a017-w027	11:17:27	one_to_one
t-s011-a017-w028	11:17	28	فِى	w-s011-a017-w028	11:17:28	one_to_one
t-s011-a017-w029	11:17	29	مِرْيَةٍۢ	w-s011-a017-w029	11:17:29	one_to_one
t-s011-a017-w030	11:17	30	مِّنْهُ	w-s011-a017-w030	11:17:30	one_to_one
t-s011-a017-w031	11:17	31	إِنَّهُ	w-s011-a017-w031	11:17:31	one_to_one
t-s011-a017-w032	11:17	32	ٱلْحَقُّ	w-s011-a017-w032	11:17:32	one_to_one
t-s011-a017-w033	11:17	33	مِن	w-s011-a017-w033	11:17:33	one_to_one
t-s011-a017-w034	11:17	34	رَّبِّكَ	w-s011-a017-w034	11:17:34	one_to_one
t-s011-a017-w035	11:17	35	وَلَٰكِنَّ	w-s011-a017-w035	11:17:35	one_to_one
t-s011-a017-w036	11:17	36	أَكْثَرَ	w-s011-a017-w036	11:17:36	one_to_one
t-s011-a017-w037	11:17	37	ٱلنَّاسِ	w-s011-a017-w037	11:17:37	one_to_one
t-s011-a017-w038	11:17	38	لَا	w-s011-a017-w038	11:17:38	one_to_one
t-s011-a017-w039	11:17	39	يُؤْمِنُونَ	w-s011-a017-w039	11:17:39	one_to_one
t-s011-a018-w001	11:18	1	وَمَنْ	w-s011-a018-w001	11:18:1	one_to_one
t-s011-a018-w002	11:18	2	أَظْلَمُ	w-s011-a018-w002	11:18:2	one_to_one
t-s011-a018-w003	11:18	3	مِمَّنِ	w-s011-a018-w003	11:18:3	one_to_one
t-s011-a018-w004	11:18	4	ٱفْتَرَىٰ	w-s011-a018-w004	11:18:4	one_to_one
t-s011-a018-w005	11:18	5	عَلَى	w-s011-a018-w005	11:18:5	one_to_one
t-s011-a018-w006	11:18	6	ٱللَّهِ	w-s011-a018-w006	11:18:6	one_to_one
t-s011-a018-w007	11:18	7	كَذِبًا	w-s011-a018-w007	11:18:7	one_to_one
t-s011-a018-w008	11:18	8	أُو۟لَٰٓئِكَ	w-s011-a018-w008	11:18:8	one_to_one
t-s011-a018-w009	11:18	9	يُعْرَضُونَ	w-s011-a018-w009	11:18:9	one_to_one
t-s011-a018-w010	11:18	10	عَلَىٰ	w-s011-a018-w010	11:18:10	one_to_one
t-s011-a018-w011	11:18	11	رَبِّهِمْ	w-s011-a018-w011	11:18:11	one_to_one
t-s011-a018-w012	11:18	12	وَيَقُولُ	w-s011-a018-w012	11:18:12	one_to_one
t-s011-a018-w013	11:18	13	ٱلْأَشْهَٰدُ	w-s011-a018-w013	11:18:13	one_to_one
t-s011-a018-w014	11:18	14	هَٰٓؤُلَآءِ	w-s011-a018-w014	11:18:14	one_to_one
t-s011-a018-w015	11:18	15	ٱلَّذِينَ	w-s011-a018-w015	11:18:15	one_to_one
t-s011-a018-w016	11:18	16	كَذَبُوا۟	w-s011-a018-w016	11:18:16	one_to_one
t-s011-a018-w017	11:18	17	عَلَىٰ	w-s011-a018-w017	11:18:17	one_to_one
t-s011-a018-w018	11:18	18	رَبِّهِمْ	w-s011-a018-w018	11:18:18	one_to_one
t-s011-a018-w019	11:18	19	أَلَا	w-s011-a018-w019	11:18:19	one_to_one
t-s011-a018-w020	11:18	20	لَعْنَةُ	w-s011-a018-w020	11:18:20	one_to_one
t-s011-a018-w021	11:18	21	ٱللَّهِ	w-s011-a018-w021	11:18:21	one_to_one
t-s011-a018-w022	11:18	22	عَلَى	w-s011-a018-w022	11:18:22	one_to_one
t-s011-a018-w023	11:18	23	ٱلظَّٰلِمِينَ	w-s011-a018-w023	11:18:23	one_to_one
t-s011-a019-w001	11:19	1	ٱلَّذِينَ	w-s011-a019-w001	11:19:1	one_to_one
t-s011-a019-w002	11:19	2	يَصُدُّونَ	w-s011-a019-w002	11:19:2	one_to_one
t-s011-a019-w003	11:19	3	عَن	w-s011-a019-w003	11:19:3	one_to_one
t-s011-a019-w004	11:19	4	سَبِيلِ	w-s011-a019-w004	11:19:4	one_to_one
t-s011-a019-w005	11:19	5	ٱللَّهِ	w-s011-a019-w005	11:19:5	one_to_one
t-s011-a019-w006	11:19	6	وَيَبْغُونَهَا	w-s011-a019-w006	11:19:6	one_to_one
t-s011-a019-w007	11:19	7	عِوَجًۭا	w-s011-a019-w007	11:19:7	one_to_one
t-s011-a019-w008	11:19	8	وَهُم	w-s011-a019-w008	11:19:8	one_to_one
t-s011-a019-w009	11:19	9	بِٱلْءَاخِرَةِ	w-s011-a019-w009	11:19:9	one_to_one
t-s011-a019-w010	11:19	10	هُمْ	w-s011-a019-w010	11:19:10	one_to_one
t-s011-a019-w011	11:19	11	كَٰفِرُونَ	w-s011-a019-w011	11:19:11	one_to_one
t-s011-a020-w001	11:20	1	أُو۟لَٰٓئِكَ	w-s011-a020-w001	11:20:1	one_to_one
t-s011-a020-w002	11:20	2	لَمْ	w-s011-a020-w002	11:20:2	one_to_one
t-s011-a020-w003	11:20	3	يَكُونُوا۟	w-s011-a020-w003	11:20:3	one_to_one
t-s011-a020-w004	11:20	4	مُعْجِزِينَ	w-s011-a020-w004	11:20:4	one_to_one
t-s011-a020-w005	11:20	5	فِى	w-s011-a020-w005	11:20:5	one_to_one
t-s011-a020-w006	11:20	6	ٱلْأَرْضِ	w-s011-a020-w006	11:20:6	one_to_one
t-s011-a020-w007	11:20	7	وَمَا	w-s011-a020-w007	11:20:7	one_to_one
t-s011-a020-w008	11:20	8	كَانَ	w-s011-a020-w008	11:20:8	one_to_one
t-s011-a020-w009	11:20	9	لَهُم	w-s011-a020-w009	11:20:9	one_to_one
t-s011-a020-w010	11:20	10	مِّن	w-s011-a020-w010	11:20:10	one_to_one
t-s011-a020-w011	11:20	11	دُونِ	w-s011-a020-w011	11:20:11	one_to_one
t-s011-a020-w012	11:20	12	ٱللَّهِ	w-s011-a020-w012	11:20:12	one_to_one
t-s011-a020-w013	11:20	13	مِنْ	w-s011-a020-w013	11:20:13	one_to_one
t-s011-a020-w014	11:20	14	أَوْلِيَآءَ	w-s011-a020-w014	11:20:14	one_to_one
t-s011-a020-w015	11:20	15	يُضَٰعَفُ	w-s011-a020-w015	11:20:15	one_to_one
t-s011-a020-w016	11:20	16	لَهُمُ	w-s011-a020-w016	11:20:16	one_to_one
t-s011-a020-w017	11:20	17	ٱلْعَذَابُ	w-s011-a020-w017	11:20:17	one_to_one
t-s011-a020-w018	11:20	18	مَا	w-s011-a020-w018	11:20:18	one_to_one
t-s011-a020-w019	11:20	19	كَانُوا۟	w-s011-a020-w019	11:20:19	one_to_one
t-s011-a020-w020	11:20	20	يَسْتَطِيعُونَ	w-s011-a020-w020	11:20:20	one_to_one
t-s011-a020-w021	11:20	21	ٱلسَّمْعَ	w-s011-a020-w021	11:20:21	one_to_one
t-s011-a020-w022	11:20	22	وَمَا	w-s011-a020-w022	11:20:22	one_to_one
t-s011-a020-w023	11:20	23	كَانُوا۟	w-s011-a020-w023	11:20:23	one_to_one
t-s011-a020-w024	11:20	24	يُبْصِرُونَ	w-s011-a020-w024	11:20:24	one_to_one
t-s011-a021-w001	11:21	1	أُو۟لَٰٓئِكَ	w-s011-a021-w001	11:21:1	one_to_one
t-s011-a021-w002	11:21	2	ٱلَّذِينَ	w-s011-a021-w002	11:21:2	one_to_one
t-s011-a021-w003	11:21	3	خَسِرُوٓا۟	w-s011-a021-w003	11:21:3	one_to_one
t-s011-a021-w004	11:21	4	أَنفُسَهُمْ	w-s011-a021-w004	11:21:4	one_to_one
t-s011-a021-w005	11:21	5	وَضَلَّ	w-s011-a021-w005	11:21:5	one_to_one
t-s011-a021-w006	11:21	6	عَنْهُم	w-s011-a021-w006	11:21:6	one_to_one
t-s011-a021-w007	11:21	7	مَّا	w-s011-a021-w007	11:21:7	one_to_one
t-s011-a021-w008	11:21	8	كَانُوا۟	w-s011-a021-w008	11:21:8	one_to_one
t-s011-a021-w009	11:21	9	يَفْتَرُونَ	w-s011-a021-w009	11:21:9	one_to_one
t-s011-a022-w001	11:22	1	لَا	w-s011-a022-w001	11:22:1	one_to_one
t-s011-a022-w002	11:22	2	جَرَمَ	w-s011-a022-w002	11:22:2	one_to_one
t-s011-a022-w003	11:22	3	أَنَّهُمْ	w-s011-a022-w003	11:22:3	one_to_one
t-s011-a022-w004	11:22	4	فِى	w-s011-a022-w004	11:22:4	one_to_one
t-s011-a022-w005	11:22	5	ٱلْءَاخِرَةِ	w-s011-a022-w005	11:22:5	one_to_one
t-s011-a022-w006	11:22	6	هُمُ	w-s011-a022-w006	11:22:6	one_to_one
t-s011-a022-w007	11:22	7	ٱلْأَخْسَرُونَ	w-s011-a022-w007	11:22:7	one_to_one
t-s011-a023-w001	11:23	1	إِنَّ	w-s011-a023-w001	11:23:1	one_to_one
t-s011-a023-w002	11:23	2	ٱلَّذِينَ	w-s011-a023-w002	11:23:2	one_to_one
t-s011-a023-w003	11:23	3	ءَامَنُوا۟	w-s011-a023-w003	11:23:3	one_to_one
t-s011-a023-w004	11:23	4	وَعَمِلُوا۟	w-s011-a023-w004	11:23:4	one_to_one
t-s011-a023-w005	11:23	5	ٱلصَّٰلِحَٰتِ	w-s011-a023-w005	11:23:5	one_to_one
t-s011-a023-w006	11:23	6	وَأَخْبَتُوٓا۟	w-s011-a023-w006	11:23:6	one_to_one
t-s011-a023-w007	11:23	7	إِلَىٰ	w-s011-a023-w007	11:23:7	one_to_one
t-s011-a023-w008	11:23	8	رَبِّهِمْ	w-s011-a023-w008	11:23:8	one_to_one
t-s011-a023-w009	11:23	9	أُو۟لَٰٓئِكَ	w-s011-a023-w009	11:23:9	one_to_one
t-s011-a023-w010	11:23	10	أَصْحَٰبُ	w-s011-a023-w010	11:23:10	one_to_one
t-s011-a023-w011	11:23	11	ٱلْجَنَّةِ	w-s011-a023-w011	11:23:11	one_to_one
t-s011-a023-w012	11:23	12	هُمْ	w-s011-a023-w012	11:23:12	one_to_one
t-s011-a023-w013	11:23	13	فِيهَا	w-s011-a023-w013	11:23:13	one_to_one
t-s011-a023-w014	11:23	14	خَٰلِدُونَ	w-s011-a023-w014	11:23:14	one_to_one
t-s011-a024-w001	11:24	1	مَثَلُ	w-s011-a024-w001	11:24:1	one_to_one
t-s011-a024-w002	11:24	2	ٱلْفَرِيقَيْنِ	w-s011-a024-w002	11:24:2	one_to_one
t-s011-a024-w003	11:24	3	كَٱلْأَعْمَىٰ	w-s011-a024-w003	11:24:3	one_to_one
t-s011-a024-w004	11:24	4	وَٱلْأَصَمِّ	w-s011-a024-w004	11:24:4	one_to_one
t-s011-a024-w005	11:24	5	وَٱلْبَصِيرِ	w-s011-a024-w005	11:24:5	one_to_one
t-s011-a024-w006	11:24	6	وَٱلسَّمِيعِ	w-s011-a024-w006	11:24:6	one_to_one
t-s011-a024-w007	11:24	7	هَلْ	w-s011-a024-w007	11:24:7	one_to_one
t-s011-a024-w008	11:24	8	يَسْتَوِيَانِ	w-s011-a024-w008	11:24:8	one_to_one
t-s011-a024-w009	11:24	9	مَثَلًا	w-s011-a024-w009	11:24:9	one_to_one
t-s011-a024-w010	11:24	10	أَفَلَا	w-s011-a024-w010	11:24:10	one_to_one
t-s011-a024-w011	11:24	11	تَذَكَّرُونَ	w-s011-a024-w011	11:24:11	one_to_one
t-s011-a025-w001	11:25	1	وَلَقَدْ	w-s011-a025-w001	11:25:1	one_to_one
t-s011-a025-w002	11:25	2	أَرْسَلْنَا	w-s011-a025-w002	11:25:2	one_to_one
t-s011-a025-w003	11:25	3	نُوحًا	w-s011-a025-w003	11:25:3	one_to_one
t-s011-a025-w004	11:25	4	إِلَىٰ	w-s011-a025-w004	11:25:4	one_to_one
t-s011-a025-w005	11:25	5	قَوْمِهِۦٓ	w-s011-a025-w005	11:25:5	one_to_one
t-s011-a025-w006	11:25	6	إِنِّى	w-s011-a025-w006	11:25:6	one_to_one
t-s011-a025-w007	11:25	7	لَكُمْ	w-s011-a025-w007	11:25:7	one_to_one
t-s011-a025-w008	11:25	8	نَذِيرٌۭ	w-s011-a025-w008	11:25:8	one_to_one
t-s011-a025-w009	11:25	9	مُّبِينٌ	w-s011-a025-w009	11:25:9	one_to_one
t-s011-a026-w001	11:26	1	أَن	w-s011-a026-w001	11:26:1	one_to_one
t-s011-a026-w002	11:26	2	لَّا	w-s011-a026-w002	11:26:2	one_to_one
t-s011-a026-w003	11:26	3	تَعْبُدُوٓا۟	w-s011-a026-w003	11:26:3	one_to_one
t-s011-a026-w004	11:26	4	إِلَّا	w-s011-a026-w004	11:26:4	one_to_one
t-s011-a026-w005	11:26	5	ٱللَّهَ	w-s011-a026-w005	11:26:5	one_to_one
t-s011-a026-w006	11:26	6	إِنِّىٓ	w-s011-a026-w006	11:26:6	one_to_one
t-s011-a026-w007	11:26	7	أَخَافُ	w-s011-a026-w007	11:26:7	one_to_one
t-s011-a026-w008	11:26	8	عَلَيْكُمْ	w-s011-a026-w008	11:26:8	one_to_one
t-s011-a026-w009	11:26	9	عَذَابَ	w-s011-a026-w009	11:26:9	one_to_one
t-s011-a026-w010	11:26	10	يَوْمٍ	w-s011-a026-w010	11:26:10	one_to_one
t-s011-a026-w011	11:26	11	أَلِيمٍۢ	w-s011-a026-w011	11:26:11	one_to_one
t-s011-a027-w001	11:27	1	فَقَالَ	w-s011-a027-w001	11:27:1	one_to_one
t-s011-a027-w002	11:27	2	ٱلْمَلَأُ	w-s011-a027-w002	11:27:2	one_to_one
t-s011-a027-w003	11:27	3	ٱلَّذِينَ	w-s011-a027-w003	11:27:3	one_to_one
t-s011-a027-w004	11:27	4	كَفَرُوا۟	w-s011-a027-w004	11:27:4	one_to_one
t-s011-a027-w005	11:27	5	مِن	w-s011-a027-w005	11:27:5	one_to_one
t-s011-a027-w006	11:27	6	قَوْمِهِۦ	w-s011-a027-w006	11:27:6	one_to_one
t-s011-a027-w007	11:27	7	مَا	w-s011-a027-w007	11:27:7	one_to_one
t-s011-a027-w008	11:27	8	نَرَىٰكَ	w-s011-a027-w008	11:27:8	one_to_one
t-s011-a027-w009	11:27	9	إِلَّا	w-s011-a027-w009	11:27:9	one_to_one
t-s011-a027-w010	11:27	10	بَشَرًۭا	w-s011-a027-w010	11:27:10	one_to_one
t-s011-a027-w011	11:27	11	مِّثْلَنَا	w-s011-a027-w011	11:27:11	one_to_one
t-s011-a027-w012	11:27	12	وَمَا	w-s011-a027-w012	11:27:12	one_to_one
t-s011-a027-w013	11:27	13	نَرَىٰكَ	w-s011-a027-w013	11:27:13	one_to_one
t-s011-a027-w014	11:27	14	ٱتَّبَعَكَ	w-s011-a027-w014	11:27:14	one_to_one
t-s011-a027-w015	11:27	15	إِلَّا	w-s011-a027-w015	11:27:15	one_to_one
t-s011-a027-w016	11:27	16	ٱلَّذِينَ	w-s011-a027-w016	11:27:16	one_to_one
t-s011-a027-w017	11:27	17	هُمْ	w-s011-a027-w017	11:27:17	one_to_one
t-s011-a027-w018	11:27	18	أَرَاذِلُنَا	w-s011-a027-w018	11:27:18	one_to_one
t-s011-a027-w019	11:27	19	بَادِىَ	w-s011-a027-w019	11:27:19	one_to_one
t-s011-a027-w020	11:27	20	ٱلرَّأْىِ	w-s011-a027-w020	11:27:20	one_to_one
t-s011-a027-w021	11:27	21	وَمَا	w-s011-a027-w021	11:27:21	one_to_one
t-s011-a027-w022	11:27	22	نَرَىٰ	w-s011-a027-w022	11:27:22	one_to_one
t-s011-a027-w023	11:27	23	لَكُمْ	w-s011-a027-w023	11:27:23	one_to_one
t-s011-a027-w024	11:27	24	عَلَيْنَا	w-s011-a027-w024	11:27:24	one_to_one
t-s011-a027-w025	11:27	25	مِن	w-s011-a027-w025	11:27:25	one_to_one
t-s011-a027-w026	11:27	26	فَضْلٍۭ	w-s011-a027-w026	11:27:26	one_to_one
t-s011-a027-w027	11:27	27	بَلْ	w-s011-a027-w027	11:27:27	one_to_one
t-s011-a027-w028	11:27	28	نَظُنُّكُمْ	w-s011-a027-w028	11:27:28	one_to_one
t-s011-a027-w029	11:27	29	كَٰذِبِينَ	w-s011-a027-w029	11:27:29	one_to_one
t-s011-a028-w001	11:28	1	قَالَ	w-s011-a028-w001	11:28:1	one_to_one
t-s011-a028-w002	11:28	2	يَٰقَوْمِ	w-s011-a028-w002	11:28:2	one_to_one
t-s011-a028-w003	11:28	3	أَرَءَيْتُمْ	w-s011-a028-w003	11:28:3	one_to_one
t-s011-a028-w004	11:28	4	إِن	w-s011-a028-w004	11:28:4	one_to_one
t-s011-a028-w005	11:28	5	كُنتُ	w-s011-a028-w005	11:28:5	one_to_one
t-s011-a028-w006	11:28	6	عَلَىٰ	w-s011-a028-w006	11:28:6	one_to_one
t-s011-a028-w007	11:28	7	بَيِّنَةٍۢ	w-s011-a028-w007	11:28:7	one_to_one
t-s011-a028-w008	11:28	8	مِّن	w-s011-a028-w008	11:28:8	one_to_one
t-s011-a028-w009	11:28	9	رَّبِّى	w-s011-a028-w009	11:28:9	one_to_one
t-s011-a028-w010	11:28	10	وَءَاتَىٰنِى	w-s011-a028-w010	11:28:10	one_to_one
t-s011-a028-w011	11:28	11	رَحْمَةًۭ	w-s011-a028-w011	11:28:11	one_to_one
t-s011-a028-w012	11:28	12	مِّنْ	w-s011-a028-w012	11:28:12	one_to_one
t-s011-a028-w013	11:28	13	عِندِهِۦ	w-s011-a028-w013	11:28:13	one_to_one
t-s011-a028-w014	11:28	14	فَعُمِّيَتْ	w-s011-a028-w014	11:28:14	one_to_one
t-s011-a028-w015	11:28	15	عَلَيْكُمْ	w-s011-a028-w015	11:28:15	one_to_one
t-s011-a028-w016	11:28	16	أَنُلْزِمُكُمُوهَا	w-s011-a028-w016	11:28:16	one_to_one
t-s011-a028-w017	11:28	17	وَأَنتُمْ	w-s011-a028-w017	11:28:17	one_to_one
t-s011-a028-w018	11:28	18	لَهَا	w-s011-a028-w018	11:28:18	one_to_one
t-s011-a028-w019	11:28	19	كَٰرِهُونَ	w-s011-a028-w019	11:28:19	one_to_one
t-s011-a029-w001	11:29	1	وَيَٰقَوْمِ	w-s011-a029-w001	11:29:1	one_to_one
t-s011-a029-w002	11:29	2	لَآ	w-s011-a029-w002	11:29:2	one_to_one
t-s011-a029-w003	11:29	3	أَسْـَٔلُكُمْ	w-s011-a029-w003	11:29:3	one_to_one
t-s011-a029-w004	11:29	4	عَلَيْهِ	w-s011-a029-w004	11:29:4	one_to_one
t-s011-a029-w005	11:29	5	مَالًا	w-s011-a029-w005	11:29:5	one_to_one
t-s011-a029-w006	11:29	6	إِنْ	w-s011-a029-w006	11:29:6	one_to_one
t-s011-a029-w007	11:29	7	أَجْرِىَ	w-s011-a029-w007	11:29:7	one_to_one
t-s011-a029-w008	11:29	8	إِلَّا	w-s011-a029-w008	11:29:8	one_to_one
t-s011-a029-w009	11:29	9	عَلَى	w-s011-a029-w009	11:29:9	one_to_one
t-s011-a029-w010	11:29	10	ٱللَّهِ	w-s011-a029-w010	11:29:10	one_to_one
t-s011-a029-w011	11:29	11	وَمَآ	w-s011-a029-w011	11:29:11	one_to_one
t-s011-a029-w012	11:29	12	أَنَا۠	w-s011-a029-w012	11:29:12	one_to_one
t-s011-a029-w013	11:29	13	بِطَارِدِ	w-s011-a029-w013	11:29:13	one_to_one
t-s011-a029-w014	11:29	14	ٱلَّذِينَ	w-s011-a029-w014	11:29:14	one_to_one
t-s011-a029-w015	11:29	15	ءَامَنُوٓا۟	w-s011-a029-w015	11:29:15	one_to_one
t-s011-a029-w016	11:29	16	إِنَّهُم	w-s011-a029-w016	11:29:16	one_to_one
t-s011-a029-w017	11:29	17	مُّلَٰقُوا۟	w-s011-a029-w017	11:29:17	one_to_one
t-s011-a029-w018	11:29	18	رَبِّهِمْ	w-s011-a029-w018	11:29:18	one_to_one
t-s011-a029-w019	11:29	19	وَلَٰكِنِّىٓ	w-s011-a029-w019	11:29:19	one_to_one
t-s011-a029-w020	11:29	20	أَرَىٰكُمْ	w-s011-a029-w020	11:29:20	one_to_one
t-s011-a029-w021	11:29	21	قَوْمًۭا	w-s011-a029-w021	11:29:21	one_to_one
t-s011-a029-w022	11:29	22	تَجْهَلُونَ	w-s011-a029-w022	11:29:22	one_to_one
t-s011-a030-w001	11:30	1	وَيَٰقَوْمِ	w-s011-a030-w001	11:30:1	one_to_one
t-s011-a030-w002	11:30	2	مَن	w-s011-a030-w002	11:30:2	one_to_one
t-s011-a030-w003	11:30	3	يَنصُرُنِى	w-s011-a030-w003	11:30:3	one_to_one
t-s011-a030-w004	11:30	4	مِنَ	w-s011-a030-w004	11:30:4	one_to_one
t-s011-a030-w005	11:30	5	ٱللَّهِ	w-s011-a030-w005	11:30:5	one_to_one
t-s011-a030-w006	11:30	6	إِن	w-s011-a030-w006	11:30:6	one_to_one
t-s011-a030-w007	11:30	7	طَرَدتُّهُمْ	w-s011-a030-w007	11:30:7	one_to_one
t-s011-a030-w008	11:30	8	أَفَلَا	w-s011-a030-w008	11:30:8	one_to_one
t-s011-a030-w009	11:30	9	تَذَكَّرُونَ	w-s011-a030-w009	11:30:9	one_to_one
t-s011-a031-w001	11:31	1	وَلَآ	w-s011-a031-w001	11:31:1	one_to_one
t-s011-a031-w002	11:31	2	أَقُولُ	w-s011-a031-w002	11:31:2	one_to_one
t-s011-a031-w003	11:31	3	لَكُمْ	w-s011-a031-w003	11:31:3	one_to_one
t-s011-a031-w004	11:31	4	عِندِى	w-s011-a031-w004	11:31:4	one_to_one
t-s011-a031-w005	11:31	5	خَزَآئِنُ	w-s011-a031-w005	11:31:5	one_to_one
t-s011-a031-w006	11:31	6	ٱللَّهِ	w-s011-a031-w006	11:31:6	one_to_one
t-s011-a031-w007	11:31	7	وَلَآ	w-s011-a031-w007	11:31:7	one_to_one
t-s011-a031-w008	11:31	8	أَعْلَمُ	w-s011-a031-w008	11:31:8	one_to_one
t-s011-a031-w009	11:31	9	ٱلْغَيْبَ	w-s011-a031-w009	11:31:9	one_to_one
t-s011-a031-w010	11:31	10	وَلَآ	w-s011-a031-w010	11:31:10	one_to_one
t-s011-a031-w011	11:31	11	أَقُولُ	w-s011-a031-w011	11:31:11	one_to_one
t-s011-a031-w012	11:31	12	إِنِّى	w-s011-a031-w012	11:31:12	one_to_one
t-s011-a031-w013	11:31	13	مَلَكٌۭ	w-s011-a031-w013	11:31:13	one_to_one
t-s011-a031-w014	11:31	14	وَلَآ	w-s011-a031-w014	11:31:14	one_to_one
t-s011-a031-w015	11:31	15	أَقُولُ	w-s011-a031-w015	11:31:15	one_to_one
t-s011-a031-w016	11:31	16	لِلَّذِينَ	w-s011-a031-w016	11:31:16	one_to_one
t-s011-a031-w017	11:31	17	تَزْدَرِىٓ	w-s011-a031-w017	11:31:17	one_to_one
t-s011-a031-w018	11:31	18	أَعْيُنُكُمْ	w-s011-a031-w018	11:31:18	one_to_one
t-s011-a031-w019	11:31	19	لَن	w-s011-a031-w019	11:31:19	one_to_one
t-s011-a031-w020	11:31	20	يُؤْتِيَهُمُ	w-s011-a031-w020	11:31:20	one_to_one
t-s011-a031-w021	11:31	21	ٱللَّهُ	w-s011-a031-w021	11:31:21	one_to_one
t-s011-a031-w022	11:31	22	خَيْرًا	w-s011-a031-w022	11:31:22	one_to_one
t-s011-a031-w023	11:31	23	ٱللَّهُ	w-s011-a031-w023	11:31:23	one_to_one
t-s011-a031-w024	11:31	24	أَعْلَمُ	w-s011-a031-w024	11:31:24	one_to_one
t-s011-a031-w025	11:31	25	بِمَا	w-s011-a031-w025	11:31:25	one_to_one
t-s011-a031-w026	11:31	26	فِىٓ	w-s011-a031-w026	11:31:26	one_to_one
t-s011-a031-w027	11:31	27	أَنفُسِهِمْ	w-s011-a031-w027	11:31:27	one_to_one
t-s011-a031-w028	11:31	28	إِنِّىٓ	w-s011-a031-w028	11:31:28	one_to_one
t-s011-a031-w029	11:31	29	إِذًۭا	w-s011-a031-w029	11:31:29	one_to_one
t-s011-a031-w030	11:31	30	لَّمِنَ	w-s011-a031-w030	11:31:30	one_to_one
t-s011-a031-w031	11:31	31	ٱلظَّٰلِمِينَ	w-s011-a031-w031	11:31:31	one_to_one
t-s011-a032-w001	11:32	1	قَالُوا۟	w-s011-a032-w001	11:32:1	one_to_one
t-s011-a032-w002	11:32	2	يَٰنُوحُ	w-s011-a032-w002	11:32:2	one_to_one
t-s011-a032-w003	11:32	3	قَدْ	w-s011-a032-w003	11:32:3	one_to_one
t-s011-a032-w004	11:32	4	جَٰدَلْتَنَا	w-s011-a032-w004	11:32:4	one_to_one
t-s011-a032-w005	11:32	5	فَأَكْثَرْتَ	w-s011-a032-w005	11:32:5	one_to_one
t-s011-a032-w006	11:32	6	جِدَٰلَنَا	w-s011-a032-w006	11:32:6	one_to_one
t-s011-a032-w007	11:32	7	فَأْتِنَا	w-s011-a032-w007	11:32:7	one_to_one
t-s011-a032-w008	11:32	8	بِمَا	w-s011-a032-w008	11:32:8	one_to_one
t-s011-a032-w009	11:32	9	تَعِدُنَآ	w-s011-a032-w009	11:32:9	one_to_one
t-s011-a032-w010	11:32	10	إِن	w-s011-a032-w010	11:32:10	one_to_one
t-s011-a032-w011	11:32	11	كُنتَ	w-s011-a032-w011	11:32:11	one_to_one
t-s011-a032-w012	11:32	12	مِنَ	w-s011-a032-w012	11:32:12	one_to_one
t-s011-a032-w013	11:32	13	ٱلصَّٰدِقِينَ	w-s011-a032-w013	11:32:13	one_to_one
t-s011-a033-w001	11:33	1	قَالَ	w-s011-a033-w001	11:33:1	one_to_one
t-s011-a033-w002	11:33	2	إِنَّمَا	w-s011-a033-w002	11:33:2	one_to_one
t-s011-a033-w003	11:33	3	يَأْتِيكُم	w-s011-a033-w003	11:33:3	one_to_one
t-s011-a033-w004	11:33	4	بِهِ	w-s011-a033-w004	11:33:4	one_to_one
t-s011-a033-w005	11:33	5	ٱللَّهُ	w-s011-a033-w005	11:33:5	one_to_one
t-s011-a033-w006	11:33	6	إِن	w-s011-a033-w006	11:33:6	one_to_one
t-s011-a033-w007	11:33	7	شَآءَ	w-s011-a033-w007	11:33:7	one_to_one
t-s011-a033-w008	11:33	8	وَمَآ	w-s011-a033-w008	11:33:8	one_to_one
t-s011-a033-w009	11:33	9	أَنتُم	w-s011-a033-w009	11:33:9	one_to_one
t-s011-a033-w010	11:33	10	بِمُعْجِزِينَ	w-s011-a033-w010	11:33:10	one_to_one
t-s011-a034-w001	11:34	1	وَلَا	w-s011-a034-w001	11:34:1	one_to_one
t-s011-a034-w002	11:34	2	يَنفَعُكُمْ	w-s011-a034-w002	11:34:2	one_to_one
t-s011-a034-w003	11:34	3	نُصْحِىٓ	w-s011-a034-w003	11:34:3	one_to_one
t-s011-a034-w004	11:34	4	إِنْ	w-s011-a034-w004	11:34:4	one_to_one
t-s011-a034-w005	11:34	5	أَرَدتُّ	w-s011-a034-w005	11:34:5	one_to_one
t-s011-a034-w006	11:34	6	أَنْ	w-s011-a034-w006	11:34:6	one_to_one
t-s011-a034-w007	11:34	7	أَنصَحَ	w-s011-a034-w007	11:34:7	one_to_one
t-s011-a034-w008	11:34	8	لَكُمْ	w-s011-a034-w008	11:34:8	one_to_one
t-s011-a034-w009	11:34	9	إِن	w-s011-a034-w009	11:34:9	one_to_one
t-s011-a034-w010	11:34	10	كَانَ	w-s011-a034-w010	11:34:10	one_to_one
t-s011-a034-w011	11:34	11	ٱللَّهُ	w-s011-a034-w011	11:34:11	one_to_one
t-s011-a034-w012	11:34	12	يُرِيدُ	w-s011-a034-w012	11:34:12	one_to_one
t-s011-a034-w013	11:34	13	أَن	w-s011-a034-w013	11:34:13	one_to_one
t-s011-a034-w014	11:34	14	يُغْوِيَكُمْ	w-s011-a034-w014	11:34:14	one_to_one
t-s011-a034-w015	11:34	15	هُوَ	w-s011-a034-w015	11:34:15	one_to_one
t-s011-a034-w016	11:34	16	رَبُّكُمْ	w-s011-a034-w016	11:34:16	one_to_one
t-s011-a034-w017	11:34	17	وَإِلَيْهِ	w-s011-a034-w017	11:34:17	one_to_one
t-s011-a034-w018	11:34	18	تُرْجَعُونَ	w-s011-a034-w018	11:34:18	one_to_one
t-s011-a035-w001	11:35	1	أَمْ	w-s011-a035-w001	11:35:1	one_to_one
t-s011-a035-w002	11:35	2	يَقُولُونَ	w-s011-a035-w002	11:35:2	one_to_one
t-s011-a035-w003	11:35	3	ٱفْتَرَىٰهُ	w-s011-a035-w003	11:35:3	one_to_one
t-s011-a035-w004	11:35	4	قُلْ	w-s011-a035-w004	11:35:4	one_to_one
t-s011-a035-w005	11:35	5	إِنِ	w-s011-a035-w005	11:35:5	one_to_one
t-s011-a035-w006	11:35	6	ٱفْتَرَيْتُهُۥ	w-s011-a035-w006	11:35:6	one_to_one
t-s011-a035-w007	11:35	7	فَعَلَىَّ	w-s011-a035-w007	11:35:7	one_to_one
t-s011-a035-w008	11:35	8	إِجْرَامِى	w-s011-a035-w008	11:35:8	one_to_one
t-s011-a035-w009	11:35	9	وَأَنَا۠	w-s011-a035-w009	11:35:9	one_to_one
t-s011-a035-w010	11:35	10	بَرِىٓءٌۭ	w-s011-a035-w010	11:35:10	one_to_one
t-s011-a035-w011	11:35	11	مِّمَّا	w-s011-a035-w011	11:35:11	one_to_one
t-s011-a035-w012	11:35	12	تُجْرِمُونَ	w-s011-a035-w012	11:35:12	one_to_one
t-s011-a036-w001	11:36	1	وَأُوحِىَ	w-s011-a036-w001	11:36:1	one_to_one
t-s011-a036-w002	11:36	2	إِلَىٰ	w-s011-a036-w002	11:36:2	one_to_one
t-s011-a036-w003	11:36	3	نُوحٍ	w-s011-a036-w003	11:36:3	one_to_one
t-s011-a036-w004	11:36	4	أَنَّهُۥ	w-s011-a036-w004	11:36:4	one_to_one
t-s011-a036-w005	11:36	5	لَن	w-s011-a036-w005	11:36:5	one_to_one
t-s011-a036-w006	11:36	6	يُؤْمِنَ	w-s011-a036-w006	11:36:6	one_to_one
t-s011-a036-w007	11:36	7	مِن	w-s011-a036-w007	11:36:7	one_to_one
t-s011-a036-w008	11:36	8	قَوْمِكَ	w-s011-a036-w008	11:36:8	one_to_one
t-s011-a036-w009	11:36	9	إِلَّا	w-s011-a036-w009	11:36:9	one_to_one
t-s011-a036-w010	11:36	10	مَن	w-s011-a036-w010	11:36:10	one_to_one
t-s011-a036-w011	11:36	11	قَدْ	w-s011-a036-w011	11:36:11	one_to_one
t-s011-a036-w012	11:36	12	ءَامَنَ	w-s011-a036-w012	11:36:12	one_to_one
t-s011-a036-w013	11:36	13	فَلَا	w-s011-a036-w013	11:36:13	one_to_one
t-s011-a036-w014	11:36	14	تَبْتَئِسْ	w-s011-a036-w014	11:36:14	one_to_one
t-s011-a036-w015	11:36	15	بِمَا	w-s011-a036-w015	11:36:15	one_to_one
t-s011-a036-w016	11:36	16	كَانُوا۟	w-s011-a036-w016	11:36:16	one_to_one
t-s011-a036-w017	11:36	17	يَفْعَلُونَ	w-s011-a036-w017	11:36:17	one_to_one
t-s011-a037-w001	11:37	1	وَٱصْنَعِ	w-s011-a037-w001	11:37:1	one_to_one
t-s011-a037-w002	11:37	2	ٱلْفُلْكَ	w-s011-a037-w002	11:37:2	one_to_one
t-s011-a037-w003	11:37	3	بِأَعْيُنِنَا	w-s011-a037-w003	11:37:3	one_to_one
t-s011-a037-w004	11:37	4	وَوَحْيِنَا	w-s011-a037-w004	11:37:4	one_to_one
t-s011-a037-w005	11:37	5	وَلَا	w-s011-a037-w005	11:37:5	one_to_one
t-s011-a037-w006	11:37	6	تُخَٰطِبْنِى	w-s011-a037-w006	11:37:6	one_to_one
t-s011-a037-w007	11:37	7	فِى	w-s011-a037-w007	11:37:7	one_to_one
t-s011-a037-w008	11:37	8	ٱلَّذِينَ	w-s011-a037-w008	11:37:8	one_to_one
t-s011-a037-w009	11:37	9	ظَلَمُوٓا۟	w-s011-a037-w009	11:37:9	one_to_one
t-s011-a037-w010	11:37	10	إِنَّهُم	w-s011-a037-w010	11:37:10	one_to_one
t-s011-a037-w011	11:37	11	مُّغْرَقُونَ	w-s011-a037-w011	11:37:11	one_to_one
t-s011-a038-w001	11:38	1	وَيَصْنَعُ	w-s011-a038-w001	11:38:1	one_to_one
t-s011-a038-w002	11:38	2	ٱلْفُلْكَ	w-s011-a038-w002	11:38:2	one_to_one
t-s011-a038-w003	11:38	3	وَكُلَّمَا	w-s011-a038-w003	11:38:3	one_to_one
t-s011-a038-w004	11:38	4	مَرَّ	w-s011-a038-w004	11:38:4	one_to_one
t-s011-a038-w005	11:38	5	عَلَيْهِ	w-s011-a038-w005	11:38:5	one_to_one
t-s011-a038-w006	11:38	6	مَلَأٌۭ	w-s011-a038-w006	11:38:6	one_to_one
t-s011-a038-w007	11:38	7	مِّن	w-s011-a038-w007	11:38:7	one_to_one
t-s011-a038-w008	11:38	8	قَوْمِهِۦ	w-s011-a038-w008	11:38:8	one_to_one
t-s011-a038-w009	11:38	9	سَخِرُوا۟	w-s011-a038-w009	11:38:9	one_to_one
t-s011-a038-w010	11:38	10	مِنْهُ	w-s011-a038-w010	11:38:10	one_to_one
t-s011-a038-w011	11:38	11	قَالَ	w-s011-a038-w011	11:38:11	one_to_one
t-s011-a038-w012	11:38	12	إِن	w-s011-a038-w012	11:38:12	one_to_one
t-s011-a038-w013	11:38	13	تَسْخَرُوا۟	w-s011-a038-w013	11:38:13	one_to_one
t-s011-a038-w014	11:38	14	مِنَّا	w-s011-a038-w014	11:38:14	one_to_one
t-s011-a038-w015	11:38	15	فَإِنَّا	w-s011-a038-w015	11:38:15	one_to_one
t-s011-a038-w016	11:38	16	نَسْخَرُ	w-s011-a038-w016	11:38:16	one_to_one
t-s011-a038-w017	11:38	17	مِنكُمْ	w-s011-a038-w017	11:38:17	one_to_one
t-s011-a038-w018	11:38	18	كَمَا	w-s011-a038-w018	11:38:18	one_to_one
t-s011-a038-w019	11:38	19	تَسْخَرُونَ	w-s011-a038-w019	11:38:19	one_to_one
t-s011-a039-w001	11:39	1	فَسَوْفَ	w-s011-a039-w001	11:39:1	one_to_one
t-s011-a039-w002	11:39	2	تَعْلَمُونَ	w-s011-a039-w002	11:39:2	one_to_one
t-s011-a039-w003	11:39	3	مَن	w-s011-a039-w003	11:39:3	one_to_one
t-s011-a039-w004	11:39	4	يَأْتِيهِ	w-s011-a039-w004	11:39:4	one_to_one
t-s011-a039-w005	11:39	5	عَذَابٌۭ	w-s011-a039-w005	11:39:5	one_to_one
t-s011-a039-w006	11:39	6	يُخْزِيهِ	w-s011-a039-w006	11:39:6	one_to_one
t-s011-a039-w007	11:39	7	وَيَحِلُّ	w-s011-a039-w007	11:39:7	one_to_one
t-s011-a039-w008	11:39	8	عَلَيْهِ	w-s011-a039-w008	11:39:8	one_to_one
t-s011-a039-w009	11:39	9	عَذَابٌۭ	w-s011-a039-w009	11:39:9	one_to_one
t-s011-a039-w010	11:39	10	مُّقِيمٌ	w-s011-a039-w010	11:39:10	one_to_one
t-s011-a040-w001	11:40	1	حَتَّىٰٓ	w-s011-a040-w001	11:40:1	one_to_one
t-s011-a040-w002	11:40	2	إِذَا	w-s011-a040-w002	11:40:2	one_to_one
t-s011-a040-w003	11:40	3	جَآءَ	w-s011-a040-w003	11:40:3	one_to_one
t-s011-a040-w004	11:40	4	أَمْرُنَا	w-s011-a040-w004	11:40:4	one_to_one
t-s011-a040-w005	11:40	5	وَفَارَ	w-s011-a040-w005	11:40:5	one_to_one
t-s011-a040-w006	11:40	6	ٱلتَّنُّورُ	w-s011-a040-w006	11:40:6	one_to_one
t-s011-a040-w007	11:40	7	قُلْنَا	w-s011-a040-w007	11:40:7	one_to_one
t-s011-a040-w008	11:40	8	ٱحْمِلْ	w-s011-a040-w008	11:40:8	one_to_one
t-s011-a040-w009	11:40	9	فِيهَا	w-s011-a040-w009	11:40:9	one_to_one
t-s011-a040-w010	11:40	10	مِن	w-s011-a040-w010	11:40:10	one_to_one
t-s011-a040-w011	11:40	11	كُلٍّۢ	w-s011-a040-w011	11:40:11	one_to_one
t-s011-a040-w012	11:40	12	زَوْجَيْنِ	w-s011-a040-w012	11:40:12	one_to_one
t-s011-a040-w013	11:40	13	ٱثْنَيْنِ	w-s011-a040-w013	11:40:13	one_to_one
t-s011-a040-w014	11:40	14	وَأَهْلَكَ	w-s011-a040-w014	11:40:14	one_to_one
t-s011-a040-w015	11:40	15	إِلَّا	w-s011-a040-w015	11:40:15	one_to_one
t-s011-a040-w016	11:40	16	مَن	w-s011-a040-w016	11:40:16	one_to_one
t-s011-a040-w017	11:40	17	سَبَقَ	w-s011-a040-w017	11:40:17	one_to_one
t-s011-a040-w018	11:40	18	عَلَيْهِ	w-s011-a040-w018	11:40:18	one_to_one
t-s011-a040-w019	11:40	19	ٱلْقَوْلُ	w-s011-a040-w019	11:40:19	one_to_one
t-s011-a040-w020	11:40	20	وَمَنْ	w-s011-a040-w020	11:40:20	one_to_one
t-s011-a040-w021	11:40	21	ءَامَنَ	w-s011-a040-w021	11:40:21	one_to_one
t-s011-a040-w022	11:40	22	وَمَآ	w-s011-a040-w022	11:40:22	one_to_one
t-s011-a040-w023	11:40	23	ءَامَنَ	w-s011-a040-w023	11:40:23	one_to_one
t-s011-a040-w024	11:40	24	مَعَهُۥٓ	w-s011-a040-w024	11:40:24	one_to_one
t-s011-a040-w025	11:40	25	إِلَّا	w-s011-a040-w025	11:40:25	one_to_one
t-s011-a040-w026	11:40	26	قَلِيلٌۭ	w-s011-a040-w026	11:40:26	one_to_one
t-s011-a041-w001	11:41	1	وَقَالَ	w-s011-a041-w001	11:41:1	one_to_one
t-s011-a041-w002	11:41	2	ٱرْكَبُوا۟	w-s011-a041-w002	11:41:2	one_to_one
t-s011-a041-w003	11:41	3	فِيهَا	w-s011-a041-w003	11:41:3	one_to_one
t-s011-a041-w004	11:41	4	بِسْمِ	w-s011-a041-w004	11:41:4	one_to_one
t-s011-a041-w005	11:41	5	ٱللَّهِ	w-s011-a041-w005	11:41:5	one_to_one
t-s011-a041-w006	11:41	6	مَجْر۪ىٰهَا	w-s011-a041-w006	11:41:6	one_to_one
t-s011-a041-w007	11:41	7	وَمُرْسَىٰهَآ	w-s011-a041-w007	11:41:7	one_to_one
t-s011-a041-w008	11:41	8	إِنَّ	w-s011-a041-w008	11:41:8	one_to_one
t-s011-a041-w009	11:41	9	رَبِّى	w-s011-a041-w009	11:41:9	one_to_one
t-s011-a041-w010	11:41	10	لَغَفُورٌۭ	w-s011-a041-w010	11:41:10	one_to_one
t-s011-a041-w011	11:41	11	رَّحِيمٌۭ	w-s011-a041-w011	11:41:11	one_to_one
t-s011-a042-w001	11:42	1	وَهِىَ	w-s011-a042-w001	11:42:1	one_to_one
t-s011-a042-w002	11:42	2	تَجْرِى	w-s011-a042-w002	11:42:2	one_to_one
t-s011-a042-w003	11:42	3	بِهِمْ	w-s011-a042-w003	11:42:3	one_to_one
t-s011-a042-w004	11:42	4	فِى	w-s011-a042-w004	11:42:4	one_to_one
t-s011-a042-w005	11:42	5	مَوْجٍۢ	w-s011-a042-w005	11:42:5	one_to_one
t-s011-a042-w006	11:42	6	كَٱلْجِبَالِ	w-s011-a042-w006	11:42:6	one_to_one
t-s011-a042-w007	11:42	7	وَنَادَىٰ	w-s011-a042-w007	11:42:7	one_to_one
t-s011-a042-w008	11:42	8	نُوحٌ	w-s011-a042-w008	11:42:8	one_to_one
t-s011-a042-w009	11:42	9	ٱبْنَهُۥ	w-s011-a042-w009	11:42:9	one_to_one
t-s011-a042-w010	11:42	10	وَكَانَ	w-s011-a042-w010	11:42:10	one_to_one
t-s011-a042-w011	11:42	11	فِى	w-s011-a042-w011	11:42:11	one_to_one
t-s011-a042-w012	11:42	12	مَعْزِلٍۢ	w-s011-a042-w012	11:42:12	one_to_one
t-s011-a042-w013	11:42	13	يَٰبُنَىَّ	w-s011-a042-w013	11:42:13	one_to_one
t-s011-a042-w014	11:42	14	ٱرْكَب	w-s011-a042-w014	11:42:14	one_to_one
t-s011-a042-w015	11:42	15	مَّعَنَا	w-s011-a042-w015	11:42:15	one_to_one
t-s011-a042-w016	11:42	16	وَلَا	w-s011-a042-w016	11:42:16	one_to_one
t-s011-a042-w017	11:42	17	تَكُن	w-s011-a042-w017	11:42:17	one_to_one
t-s011-a042-w018	11:42	18	مَّعَ	w-s011-a042-w018	11:42:18	one_to_one
t-s011-a042-w019	11:42	19	ٱلْكَٰفِرِينَ	w-s011-a042-w019	11:42:19	one_to_one
t-s011-a043-w001	11:43	1	قَالَ	w-s011-a043-w001	11:43:1	one_to_one
t-s011-a043-w002	11:43	2	سَـَٔاوِىٓ	w-s011-a043-w002	11:43:2	one_to_one
t-s011-a043-w003	11:43	3	إِلَىٰ	w-s011-a043-w003	11:43:3	one_to_one
t-s011-a043-w004	11:43	4	جَبَلٍۢ	w-s011-a043-w004	11:43:4	one_to_one
t-s011-a043-w005	11:43	5	يَعْصِمُنِى	w-s011-a043-w005	11:43:5	one_to_one
t-s011-a043-w006	11:43	6	مِنَ	w-s011-a043-w006	11:43:6	one_to_one
t-s011-a043-w007	11:43	7	ٱلْمَآءِ	w-s011-a043-w007	11:43:7	one_to_one
t-s011-a043-w008	11:43	8	قَالَ	w-s011-a043-w008	11:43:8	one_to_one
t-s011-a043-w009	11:43	9	لَا	w-s011-a043-w009	11:43:9	one_to_one
t-s011-a043-w010	11:43	10	عَاصِمَ	w-s011-a043-w010	11:43:10	one_to_one
t-s011-a043-w011	11:43	11	ٱلْيَوْمَ	w-s011-a043-w011	11:43:11	one_to_one
t-s011-a043-w012	11:43	12	مِنْ	w-s011-a043-w012	11:43:12	one_to_one
t-s011-a043-w013	11:43	13	أَمْرِ	w-s011-a043-w013	11:43:13	one_to_one
t-s011-a043-w014	11:43	14	ٱللَّهِ	w-s011-a043-w014	11:43:14	one_to_one
t-s011-a043-w015	11:43	15	إِلَّا	w-s011-a043-w015	11:43:15	one_to_one
t-s011-a043-w016	11:43	16	مَن	w-s011-a043-w016	11:43:16	one_to_one
t-s011-a043-w017	11:43	17	رَّحِمَ	w-s011-a043-w017	11:43:17	one_to_one
t-s011-a043-w018	11:43	18	وَحَالَ	w-s011-a043-w018	11:43:18	one_to_one
t-s011-a043-w019	11:43	19	بَيْنَهُمَا	w-s011-a043-w019	11:43:19	one_to_one
t-s011-a043-w020	11:43	20	ٱلْمَوْجُ	w-s011-a043-w020	11:43:20	one_to_one
t-s011-a043-w021	11:43	21	فَكَانَ	w-s011-a043-w021	11:43:21	one_to_one
t-s011-a043-w022	11:43	22	مِنَ	w-s011-a043-w022	11:43:22	one_to_one
t-s011-a043-w023	11:43	23	ٱلْمُغْرَقِينَ	w-s011-a043-w023	11:43:23	one_to_one
t-s011-a044-w001	11:44	1	وَقِيلَ	w-s011-a044-w001	11:44:1	one_to_one
t-s011-a044-w002	11:44	2	يَٰٓأَرْضُ	w-s011-a044-w002	11:44:2	one_to_one
t-s011-a044-w003	11:44	3	ٱبْلَعِى	w-s011-a044-w003	11:44:3	one_to_one
t-s011-a044-w004	11:44	4	مَآءَكِ	w-s011-a044-w004	11:44:4	one_to_one
t-s011-a044-w005	11:44	5	وَيَٰسَمَآءُ	w-s011-a044-w005	11:44:5	one_to_one
t-s011-a044-w006	11:44	6	أَقْلِعِى	w-s011-a044-w006	11:44:6	one_to_one
t-s011-a044-w007	11:44	7	وَغِيضَ	w-s011-a044-w007	11:44:7	one_to_one
t-s011-a044-w008	11:44	8	ٱلْمَآءُ	w-s011-a044-w008	11:44:8	one_to_one
t-s011-a044-w009	11:44	9	وَقُضِىَ	w-s011-a044-w009	11:44:9	one_to_one
t-s011-a044-w010	11:44	10	ٱلْأَمْرُ	w-s011-a044-w010	11:44:10	one_to_one
t-s011-a044-w011	11:44	11	وَٱسْتَوَتْ	w-s011-a044-w011	11:44:11	one_to_one
t-s011-a044-w012	11:44	12	عَلَى	w-s011-a044-w012	11:44:12	one_to_one
t-s011-a044-w013	11:44	13	ٱلْجُودِىِّ	w-s011-a044-w013	11:44:13	one_to_one
t-s011-a044-w014	11:44	14	وَقِيلَ	w-s011-a044-w014	11:44:14	one_to_one
t-s011-a044-w015	11:44	15	بُعْدًۭا	w-s011-a044-w015	11:44:15	one_to_one
t-s011-a044-w016	11:44	16	لِّلْقَوْمِ	w-s011-a044-w016	11:44:16	one_to_one
t-s011-a044-w017	11:44	17	ٱلظَّٰلِمِينَ	w-s011-a044-w017	11:44:17	one_to_one
t-s011-a045-w001	11:45	1	وَنَادَىٰ	w-s011-a045-w001	11:45:1	one_to_one
t-s011-a045-w002	11:45	2	نُوحٌۭ	w-s011-a045-w002	11:45:2	one_to_one
t-s011-a045-w003	11:45	3	رَّبَّهُۥ	w-s011-a045-w003	11:45:3	one_to_one
t-s011-a045-w004	11:45	4	فَقَالَ	w-s011-a045-w004	11:45:4	one_to_one
t-s011-a045-w005	11:45	5	رَبِّ	w-s011-a045-w005	11:45:5	one_to_one
t-s011-a045-w006	11:45	6	إِنَّ	w-s011-a045-w006	11:45:6	one_to_one
t-s011-a045-w007	11:45	7	ٱبْنِى	w-s011-a045-w007	11:45:7	one_to_one
t-s011-a045-w008	11:45	8	مِنْ	w-s011-a045-w008	11:45:8	one_to_one
t-s011-a045-w009	11:45	9	أَهْلِى	w-s011-a045-w009	11:45:9	one_to_one
t-s011-a045-w010	11:45	10	وَإِنَّ	w-s011-a045-w010	11:45:10	one_to_one
t-s011-a045-w011	11:45	11	وَعْدَكَ	w-s011-a045-w011	11:45:11	one_to_one
t-s011-a045-w012	11:45	12	ٱلْحَقُّ	w-s011-a045-w012	11:45:12	one_to_one
t-s011-a045-w013	11:45	13	وَأَنتَ	w-s011-a045-w013	11:45:13	one_to_one
t-s011-a045-w014	11:45	14	أَحْكَمُ	w-s011-a045-w014	11:45:14	one_to_one
t-s011-a045-w015	11:45	15	ٱلْحَٰكِمِينَ	w-s011-a045-w015	11:45:15	one_to_one
t-s011-a046-w001	11:46	1	قَالَ	w-s011-a046-w001	11:46:1	one_to_one
t-s011-a046-w002	11:46	2	يَٰنُوحُ	w-s011-a046-w002	11:46:2	one_to_one
t-s011-a046-w003	11:46	3	إِنَّهُۥ	w-s011-a046-w003	11:46:3	one_to_one
t-s011-a046-w004	11:46	4	لَيْسَ	w-s011-a046-w004	11:46:4	one_to_one
t-s011-a046-w005	11:46	5	مِنْ	w-s011-a046-w005	11:46:5	one_to_one
t-s011-a046-w006	11:46	6	أَهْلِكَ	w-s011-a046-w006	11:46:6	one_to_one
t-s011-a046-w007	11:46	7	إِنَّهُۥ	w-s011-a046-w007	11:46:7	one_to_one
t-s011-a046-w008	11:46	8	عَمَلٌ	w-s011-a046-w008	11:46:8	one_to_one
t-s011-a046-w009	11:46	9	غَيْرُ	w-s011-a046-w009	11:46:9	one_to_one
t-s011-a046-w010	11:46	10	صَٰلِحٍۢ	w-s011-a046-w010	11:46:10	one_to_one
t-s011-a046-w011	11:46	11	فَلَا	w-s011-a046-w011	11:46:11	one_to_one
t-s011-a046-w012	11:46	12	تَسْـَٔلْنِ	w-s011-a046-w012	11:46:12	one_to_one
t-s011-a046-w013	11:46	13	مَا	w-s011-a046-w013	11:46:13	one_to_one
t-s011-a046-w014	11:46	14	لَيْسَ	w-s011-a046-w014	11:46:14	one_to_one
t-s011-a046-w015	11:46	15	لَكَ	w-s011-a046-w015	11:46:15	one_to_one
t-s011-a046-w016	11:46	16	بِهِۦ	w-s011-a046-w016	11:46:16	one_to_one
t-s011-a046-w017	11:46	17	عِلْمٌ	w-s011-a046-w017	11:46:17	one_to_one
t-s011-a046-w018	11:46	18	إِنِّىٓ	w-s011-a046-w018	11:46:18	one_to_one
t-s011-a046-w019	11:46	19	أَعِظُكَ	w-s011-a046-w019	11:46:19	one_to_one
t-s011-a046-w020	11:46	20	أَن	w-s011-a046-w020	11:46:20	one_to_one
t-s011-a046-w021	11:46	21	تَكُونَ	w-s011-a046-w021	11:46:21	one_to_one
t-s011-a046-w022	11:46	22	مِنَ	w-s011-a046-w022	11:46:22	one_to_one
t-s011-a046-w023	11:46	23	ٱلْجَٰهِلِينَ	w-s011-a046-w023	11:46:23	one_to_one
t-s011-a047-w001	11:47	1	قَالَ	w-s011-a047-w001	11:47:1	one_to_one
t-s011-a047-w002	11:47	2	رَبِّ	w-s011-a047-w002	11:47:2	one_to_one
t-s011-a047-w003	11:47	3	إِنِّىٓ	w-s011-a047-w003	11:47:3	one_to_one
t-s011-a047-w004	11:47	4	أَعُوذُ	w-s011-a047-w004	11:47:4	one_to_one
t-s011-a047-w005	11:47	5	بِكَ	w-s011-a047-w005	11:47:5	one_to_one
t-s011-a047-w006	11:47	6	أَنْ	w-s011-a047-w006	11:47:6	one_to_one
t-s011-a047-w007	11:47	7	أَسْـَٔلَكَ	w-s011-a047-w007	11:47:7	one_to_one
t-s011-a047-w008	11:47	8	مَا	w-s011-a047-w008	11:47:8	one_to_one
t-s011-a047-w009	11:47	9	لَيْسَ	w-s011-a047-w009	11:47:9	one_to_one
t-s011-a047-w010	11:47	10	لِى	w-s011-a047-w010	11:47:10	one_to_one
t-s011-a047-w011	11:47	11	بِهِۦ	w-s011-a047-w011	11:47:11	one_to_one
t-s011-a047-w012	11:47	12	عِلْمٌۭ	w-s011-a047-w012	11:47:12	one_to_one
t-s011-a047-w013	11:47	13	وَإِلَّا	w-s011-a047-w013	11:47:13	one_to_one
t-s011-a047-w014	11:47	14	تَغْفِرْ	w-s011-a047-w014	11:47:14	one_to_one
t-s011-a047-w015	11:47	15	لِى	w-s011-a047-w015	11:47:15	one_to_one
t-s011-a047-w016	11:47	16	وَتَرْحَمْنِىٓ	w-s011-a047-w016	11:47:16	one_to_one
t-s011-a047-w017	11:47	17	أَكُن	w-s011-a047-w017	11:47:17	one_to_one
t-s011-a047-w018	11:47	18	مِّنَ	w-s011-a047-w018	11:47:18	one_to_one
t-s011-a047-w019	11:47	19	ٱلْخَٰسِرِينَ	w-s011-a047-w019	11:47:19	one_to_one
t-s011-a048-w001	11:48	1	قِيلَ	w-s011-a048-w001	11:48:1	one_to_one
t-s011-a048-w002	11:48	2	يَٰنُوحُ	w-s011-a048-w002	11:48:2	one_to_one
t-s011-a048-w003	11:48	3	ٱهْبِطْ	w-s011-a048-w003	11:48:3	one_to_one
t-s011-a048-w004	11:48	4	بِسَلَٰمٍۢ	w-s011-a048-w004	11:48:4	one_to_one
t-s011-a048-w005	11:48	5	مِّنَّا	w-s011-a048-w005	11:48:5	one_to_one
t-s011-a048-w006	11:48	6	وَبَرَكَٰتٍ	w-s011-a048-w006	11:48:6	one_to_one
t-s011-a048-w007	11:48	7	عَلَيْكَ	w-s011-a048-w007	11:48:7	one_to_one
t-s011-a048-w008	11:48	8	وَعَلَىٰٓ	w-s011-a048-w008	11:48:8	one_to_one
t-s011-a048-w009	11:48	9	أُمَمٍۢ	w-s011-a048-w009	11:48:9	one_to_one
t-s011-a048-w010	11:48	10	مِّمَّن	w-s011-a048-w010	11:48:10	one_to_one
t-s011-a048-w011	11:48	11	مَّعَكَ	w-s011-a048-w011	11:48:11	one_to_one
t-s011-a048-w012	11:48	12	وَأُمَمٌۭ	w-s011-a048-w012	11:48:12	one_to_one
t-s011-a048-w013	11:48	13	سَنُمَتِّعُهُمْ	w-s011-a048-w013	11:48:13	one_to_one
t-s011-a048-w014	11:48	14	ثُمَّ	w-s011-a048-w014	11:48:14	one_to_one
t-s011-a048-w015	11:48	15	يَمَسُّهُم	w-s011-a048-w015	11:48:15	one_to_one
t-s011-a048-w016	11:48	16	مِّنَّا	w-s011-a048-w016	11:48:16	one_to_one
t-s011-a048-w017	11:48	17	عَذَابٌ	w-s011-a048-w017	11:48:17	one_to_one
t-s011-a048-w018	11:48	18	أَلِيمٌۭ	w-s011-a048-w018	11:48:18	one_to_one
t-s011-a049-w001	11:49	1	تِلْكَ	w-s011-a049-w001	11:49:1	one_to_one
t-s011-a049-w002	11:49	2	مِنْ	w-s011-a049-w002	11:49:2	one_to_one
t-s011-a049-w003	11:49	3	أَنۢبَآءِ	w-s011-a049-w003	11:49:3	one_to_one
t-s011-a049-w004	11:49	4	ٱلْغَيْبِ	w-s011-a049-w004	11:49:4	one_to_one
t-s011-a049-w005	11:49	5	نُوحِيهَآ	w-s011-a049-w005	11:49:5	one_to_one
t-s011-a049-w006	11:49	6	إِلَيْكَ	w-s011-a049-w006	11:49:6	one_to_one
t-s011-a049-w007	11:49	7	مَا	w-s011-a049-w007	11:49:7	one_to_one
t-s011-a049-w008	11:49	8	كُنتَ	w-s011-a049-w008	11:49:8	one_to_one
t-s011-a049-w009	11:49	9	تَعْلَمُهَآ	w-s011-a049-w009	11:49:9	one_to_one
t-s011-a049-w010	11:49	10	أَنتَ	w-s011-a049-w010	11:49:10	one_to_one
t-s011-a049-w011	11:49	11	وَلَا	w-s011-a049-w011	11:49:11	one_to_one
t-s011-a049-w012	11:49	12	قَوْمُكَ	w-s011-a049-w012	11:49:12	one_to_one
t-s011-a049-w013	11:49	13	مِن	w-s011-a049-w013	11:49:13	one_to_one
t-s011-a049-w014	11:49	14	قَبْلِ	w-s011-a049-w014	11:49:14	one_to_one
t-s011-a049-w015	11:49	15	هَٰذَا	w-s011-a049-w015	11:49:15	one_to_one
t-s011-a049-w016	11:49	16	فَٱصْبِرْ	w-s011-a049-w016	11:49:16	one_to_one
t-s011-a049-w017	11:49	17	إِنَّ	w-s011-a049-w017	11:49:17	one_to_one
t-s011-a049-w018	11:49	18	ٱلْعَٰقِبَةَ	w-s011-a049-w018	11:49:18	one_to_one
t-s011-a049-w019	11:49	19	لِلْمُتَّقِينَ	w-s011-a049-w019	11:49:19	one_to_one
t-s011-a050-w001	11:50	1	وَإِلَىٰ	w-s011-a050-w001	11:50:1	one_to_one
t-s011-a050-w002	11:50	2	عَادٍ	w-s011-a050-w002	11:50:2	one_to_one
t-s011-a050-w003	11:50	3	أَخَاهُمْ	w-s011-a050-w003	11:50:3	one_to_one
t-s011-a050-w004	11:50	4	هُودًۭا	w-s011-a050-w004	11:50:4	one_to_one
t-s011-a050-w005	11:50	5	قَالَ	w-s011-a050-w005	11:50:5	one_to_one
t-s011-a050-w006	11:50	6	يَٰقَوْمِ	w-s011-a050-w006	11:50:6	one_to_one
t-s011-a050-w007	11:50	7	ٱعْبُدُوا۟	w-s011-a050-w007	11:50:7	one_to_one
t-s011-a050-w008	11:50	8	ٱللَّهَ	w-s011-a050-w008	11:50:8	one_to_one
t-s011-a050-w009	11:50	9	مَا	w-s011-a050-w009	11:50:9	one_to_one
t-s011-a050-w010	11:50	10	لَكُم	w-s011-a050-w010	11:50:10	one_to_one
t-s011-a050-w011	11:50	11	مِّنْ	w-s011-a050-w011	11:50:11	one_to_one
t-s011-a050-w012	11:50	12	إِلَٰهٍ	w-s011-a050-w012	11:50:12	one_to_one
t-s011-a050-w013	11:50	13	غَيْرُهُۥٓ	w-s011-a050-w013	11:50:13	one_to_one
t-s011-a050-w014	11:50	14	إِنْ	w-s011-a050-w014	11:50:14	one_to_one
t-s011-a050-w015	11:50	15	أَنتُمْ	w-s011-a050-w015	11:50:15	one_to_one
t-s011-a050-w016	11:50	16	إِلَّا	w-s011-a050-w016	11:50:16	one_to_one
t-s011-a050-w017	11:50	17	مُفْتَرُونَ	w-s011-a050-w017	11:50:17	one_to_one
t-s011-a051-w001	11:51	1	يَٰقَوْمِ	w-s011-a051-w001	11:51:1	one_to_one
t-s011-a051-w002	11:51	2	لَآ	w-s011-a051-w002	11:51:2	one_to_one
t-s011-a051-w003	11:51	3	أَسْـَٔلُكُمْ	w-s011-a051-w003	11:51:3	one_to_one
t-s011-a051-w004	11:51	4	عَلَيْهِ	w-s011-a051-w004	11:51:4	one_to_one
t-s011-a051-w005	11:51	5	أَجْرًا	w-s011-a051-w005	11:51:5	one_to_one
t-s011-a051-w006	11:51	6	إِنْ	w-s011-a051-w006	11:51:6	one_to_one
t-s011-a051-w007	11:51	7	أَجْرِىَ	w-s011-a051-w007	11:51:7	one_to_one
t-s011-a051-w008	11:51	8	إِلَّا	w-s011-a051-w008	11:51:8	one_to_one
t-s011-a051-w009	11:51	9	عَلَى	w-s011-a051-w009	11:51:9	one_to_one
t-s011-a051-w010	11:51	10	ٱلَّذِى	w-s011-a051-w010	11:51:10	one_to_one
t-s011-a051-w011	11:51	11	فَطَرَنِىٓ	w-s011-a051-w011	11:51:11	one_to_one
t-s011-a051-w012	11:51	12	أَفَلَا	w-s011-a051-w012	11:51:12	one_to_one
t-s011-a051-w013	11:51	13	تَعْقِلُونَ	w-s011-a051-w013	11:51:13	one_to_one
t-s011-a052-w001	11:52	1	وَيَٰقَوْمِ	w-s011-a052-w001	11:52:1	one_to_one
t-s011-a052-w002	11:52	2	ٱسْتَغْفِرُوا۟	w-s011-a052-w002	11:52:2	one_to_one
t-s011-a052-w003	11:52	3	رَبَّكُمْ	w-s011-a052-w003	11:52:3	one_to_one
t-s011-a052-w004	11:52	4	ثُمَّ	w-s011-a052-w004	11:52:4	one_to_one
t-s011-a052-w005	11:52	5	تُوبُوٓا۟	w-s011-a052-w005	11:52:5	one_to_one
t-s011-a052-w006	11:52	6	إِلَيْهِ	w-s011-a052-w006	11:52:6	one_to_one
t-s011-a052-w007	11:52	7	يُرْسِلِ	w-s011-a052-w007	11:52:7	one_to_one
t-s011-a052-w008	11:52	8	ٱلسَّمَآءَ	w-s011-a052-w008	11:52:8	one_to_one
t-s011-a052-w009	11:52	9	عَلَيْكُم	w-s011-a052-w009	11:52:9	one_to_one
t-s011-a052-w010	11:52	10	مِّدْرَارًۭا	w-s011-a052-w010	11:52:10	one_to_one
t-s011-a052-w011	11:52	11	وَيَزِدْكُمْ	w-s011-a052-w011	11:52:11	one_to_one
t-s011-a052-w012	11:52	12	قُوَّةً	w-s011-a052-w012	11:52:12	one_to_one
t-s011-a052-w013	11:52	13	إِلَىٰ	w-s011-a052-w013	11:52:13	one_to_one
t-s011-a052-w014	11:52	14	قُوَّتِكُمْ	w-s011-a052-w014	11:52:14	one_to_one
t-s011-a052-w015	11:52	15	وَلَا	w-s011-a052-w015	11:52:15	one_to_one
t-s011-a052-w016	11:52	16	تَتَوَلَّوْا۟	w-s011-a052-w016	11:52:16	one_to_one
t-s011-a052-w017	11:52	17	مُجْرِمِينَ	w-s011-a052-w017	11:52:17	one_to_one
t-s011-a053-w001	11:53	1	قَالُوا۟	w-s011-a053-w001	11:53:1	one_to_one
t-s011-a053-w002	11:53	2	يَٰهُودُ	w-s011-a053-w002	11:53:2	one_to_one
t-s011-a053-w003	11:53	3	مَا	w-s011-a053-w003	11:53:3	one_to_one
t-s011-a053-w004	11:53	4	جِئْتَنَا	w-s011-a053-w004	11:53:4	one_to_one
t-s011-a053-w005	11:53	5	بِبَيِّنَةٍۢ	w-s011-a053-w005	11:53:5	one_to_one
t-s011-a053-w006	11:53	6	وَمَا	w-s011-a053-w006	11:53:6	one_to_one
t-s011-a053-w007	11:53	7	نَحْنُ	w-s011-a053-w007	11:53:7	one_to_one
t-s011-a053-w008	11:53	8	بِتَارِكِىٓ	w-s011-a053-w008	11:53:8	one_to_one
t-s011-a053-w009	11:53	9	ءَالِهَتِنَا	w-s011-a053-w009	11:53:9	one_to_one
t-s011-a053-w010	11:53	10	عَن	w-s011-a053-w010	11:53:10	one_to_one
t-s011-a053-w011	11:53	11	قَوْلِكَ	w-s011-a053-w011	11:53:11	one_to_one
t-s011-a053-w012	11:53	12	وَمَا	w-s011-a053-w012	11:53:12	one_to_one
t-s011-a053-w013	11:53	13	نَحْنُ	w-s011-a053-w013	11:53:13	one_to_one
t-s011-a053-w014	11:53	14	لَكَ	w-s011-a053-w014	11:53:14	one_to_one
t-s011-a053-w015	11:53	15	بِمُؤْمِنِينَ	w-s011-a053-w015	11:53:15	one_to_one
t-s011-a054-w001	11:54	1	إِن	w-s011-a054-w001	11:54:1	one_to_one
t-s011-a054-w002	11:54	2	نَّقُولُ	w-s011-a054-w002	11:54:2	one_to_one
t-s011-a054-w003	11:54	3	إِلَّا	w-s011-a054-w003	11:54:3	one_to_one
t-s011-a054-w004	11:54	4	ٱعْتَرَىٰكَ	w-s011-a054-w004	11:54:4	one_to_one
t-s011-a054-w005	11:54	5	بَعْضُ	w-s011-a054-w005	11:54:5	one_to_one
t-s011-a054-w006	11:54	6	ءَالِهَتِنَا	w-s011-a054-w006	11:54:6	one_to_one
t-s011-a054-w007	11:54	7	بِسُوٓءٍۢ	w-s011-a054-w007	11:54:7	one_to_one
t-s011-a054-w008	11:54	8	قَالَ	w-s011-a054-w008	11:54:8	one_to_one
t-s011-a054-w009	11:54	9	إِنِّىٓ	w-s011-a054-w009	11:54:9	one_to_one
t-s011-a054-w010	11:54	10	أُشْهِدُ	w-s011-a054-w010	11:54:10	one_to_one
t-s011-a054-w011	11:54	11	ٱللَّهَ	w-s011-a054-w011	11:54:11	one_to_one
t-s011-a054-w012	11:54	12	وَٱشْهَدُوٓا۟	w-s011-a054-w012	11:54:12	one_to_one
t-s011-a054-w013	11:54	13	أَنِّى	w-s011-a054-w013	11:54:13	one_to_one
t-s011-a054-w014	11:54	14	بَرِىٓءٌۭ	w-s011-a054-w014	11:54:14	one_to_one
t-s011-a054-w015	11:54	15	مِّمَّا	w-s011-a054-w015	11:54:15	one_to_one
t-s011-a054-w016	11:54	16	تُشْرِكُونَ	w-s011-a054-w016	11:54:16	one_to_one
t-s011-a055-w001	11:55	1	مِن	w-s011-a055-w001	11:55:1	one_to_one
t-s011-a055-w002	11:55	2	دُونِهِۦ	w-s011-a055-w002	11:55:2	one_to_one
t-s011-a055-w003	11:55	3	فَكِيدُونِى	w-s011-a055-w003	11:55:3	one_to_one
t-s011-a055-w004	11:55	4	جَمِيعًۭا	w-s011-a055-w004	11:55:4	one_to_one
t-s011-a055-w005	11:55	5	ثُمَّ	w-s011-a055-w005	11:55:5	one_to_one
t-s011-a055-w006	11:55	6	لَا	w-s011-a055-w006	11:55:6	one_to_one
t-s011-a055-w007	11:55	7	تُنظِرُونِ	w-s011-a055-w007	11:55:7	one_to_one
t-s011-a056-w001	11:56	1	إِنِّى	w-s011-a056-w001	11:56:1	one_to_one
t-s011-a056-w002	11:56	2	تَوَكَّلْتُ	w-s011-a056-w002	11:56:2	one_to_one
t-s011-a056-w003	11:56	3	عَلَى	w-s011-a056-w003	11:56:3	one_to_one
t-s011-a056-w004	11:56	4	ٱللَّهِ	w-s011-a056-w004	11:56:4	one_to_one
t-s011-a056-w005	11:56	5	رَبِّى	w-s011-a056-w005	11:56:5	one_to_one
t-s011-a056-w006	11:56	6	وَرَبِّكُم	w-s011-a056-w006	11:56:6	one_to_one
t-s011-a056-w007	11:56	7	مَّا	w-s011-a056-w007	11:56:7	one_to_one
t-s011-a056-w008	11:56	8	مِن	w-s011-a056-w008	11:56:8	one_to_one
t-s011-a056-w009	11:56	9	دَآبَّةٍ	w-s011-a056-w009	11:56:9	one_to_one
t-s011-a056-w010	11:56	10	إِلَّا	w-s011-a056-w010	11:56:10	one_to_one
t-s011-a056-w011	11:56	11	هُوَ	w-s011-a056-w011	11:56:11	one_to_one
t-s011-a056-w012	11:56	12	ءَاخِذٌۢ	w-s011-a056-w012	11:56:12	one_to_one
t-s011-a056-w013	11:56	13	بِنَاصِيَتِهَآ	w-s011-a056-w013	11:56:13	one_to_one
t-s011-a056-w014	11:56	14	إِنَّ	w-s011-a056-w014	11:56:14	one_to_one
t-s011-a056-w015	11:56	15	رَبِّى	w-s011-a056-w015	11:56:15	one_to_one
t-s011-a056-w016	11:56	16	عَلَىٰ	w-s011-a056-w016	11:56:16	one_to_one
t-s011-a056-w017	11:56	17	صِرَٰطٍۢ	w-s011-a056-w017	11:56:17	one_to_one
t-s011-a056-w018	11:56	18	مُّسْتَقِيمٍۢ	w-s011-a056-w018	11:56:18	one_to_one
t-s011-a057-w001	11:57	1	فَإِن	w-s011-a057-w001	11:57:1	one_to_one
t-s011-a057-w002	11:57	2	تَوَلَّوْا۟	w-s011-a057-w002	11:57:2	one_to_one
t-s011-a057-w003	11:57	3	فَقَدْ	w-s011-a057-w003	11:57:3	one_to_one
t-s011-a057-w004	11:57	4	أَبْلَغْتُكُم	w-s011-a057-w004	11:57:4	one_to_one
t-s011-a057-w005	11:57	5	مَّآ	w-s011-a057-w005	11:57:5	one_to_one
t-s011-a057-w006	11:57	6	أُرْسِلْتُ	w-s011-a057-w006	11:57:6	one_to_one
t-s011-a057-w007	11:57	7	بِهِۦٓ	w-s011-a057-w007	11:57:7	one_to_one
t-s011-a057-w008	11:57	8	إِلَيْكُمْ	w-s011-a057-w008	11:57:8	one_to_one
t-s011-a057-w009	11:57	9	وَيَسْتَخْلِفُ	w-s011-a057-w009	11:57:9	one_to_one
t-s011-a057-w010	11:57	10	رَبِّى	w-s011-a057-w010	11:57:10	one_to_one
t-s011-a057-w011	11:57	11	قَوْمًا	w-s011-a057-w011	11:57:11	one_to_one
t-s011-a057-w012	11:57	12	غَيْرَكُمْ	w-s011-a057-w012	11:57:12	one_to_one
t-s011-a057-w013	11:57	13	وَلَا	w-s011-a057-w013	11:57:13	one_to_one
t-s011-a057-w014	11:57	14	تَضُرُّونَهُۥ	w-s011-a057-w014	11:57:14	one_to_one
t-s011-a057-w015	11:57	15	شَيْـًٔا	w-s011-a057-w015	11:57:15	one_to_one
t-s011-a057-w016	11:57	16	إِنَّ	w-s011-a057-w016	11:57:16	one_to_one
t-s011-a057-w017	11:57	17	رَبِّى	w-s011-a057-w017	11:57:17	one_to_one
t-s011-a057-w018	11:57	18	عَلَىٰ	w-s011-a057-w018	11:57:18	one_to_one
t-s011-a057-w019	11:57	19	كُلِّ	w-s011-a057-w019	11:57:19	one_to_one
t-s011-a057-w020	11:57	20	شَىْءٍ	w-s011-a057-w020	11:57:20	one_to_one
t-s011-a057-w021	11:57	21	حَفِيظٌۭ	w-s011-a057-w021	11:57:21	one_to_one
t-s011-a058-w001	11:58	1	وَلَمَّا	w-s011-a058-w001	11:58:1	one_to_one
t-s011-a058-w002	11:58	2	جَآءَ	w-s011-a058-w002	11:58:2	one_to_one
t-s011-a058-w003	11:58	3	أَمْرُنَا	w-s011-a058-w003	11:58:3	one_to_one
t-s011-a058-w004	11:58	4	نَجَّيْنَا	w-s011-a058-w004	11:58:4	one_to_one
t-s011-a058-w005	11:58	5	هُودًۭا	w-s011-a058-w005	11:58:5	one_to_one
t-s011-a058-w006	11:58	6	وَٱلَّذِينَ	w-s011-a058-w006	11:58:6	one_to_one
t-s011-a058-w007	11:58	7	ءَامَنُوا۟	w-s011-a058-w007	11:58:7	one_to_one
t-s011-a058-w008	11:58	8	مَعَهُۥ	w-s011-a058-w008	11:58:8	one_to_one
t-s011-a058-w009	11:58	9	بِرَحْمَةٍۢ	w-s011-a058-w009	11:58:9	one_to_one
t-s011-a058-w010	11:58	10	مِّنَّا	w-s011-a058-w010	11:58:10	one_to_one
t-s011-a058-w011	11:58	11	وَنَجَّيْنَٰهُم	w-s011-a058-w011	11:58:11	one_to_one
t-s011-a058-w012	11:58	12	مِّنْ	w-s011-a058-w012	11:58:12	one_to_one
t-s011-a058-w013	11:58	13	عَذَابٍ	w-s011-a058-w013	11:58:13	one_to_one
t-s011-a058-w014	11:58	14	غَلِيظٍۢ	w-s011-a058-w014	11:58:14	one_to_one
t-s011-a059-w001	11:59	1	وَتِلْكَ	w-s011-a059-w001	11:59:1	one_to_one
t-s011-a059-w002	11:59	2	عَادٌۭ	w-s011-a059-w002	11:59:2	one_to_one
t-s011-a059-w003	11:59	3	جَحَدُوا۟	w-s011-a059-w003	11:59:3	one_to_one
t-s011-a059-w004	11:59	4	بِـَٔايَٰتِ	w-s011-a059-w004	11:59:4	one_to_one
t-s011-a059-w005	11:59	5	رَبِّهِمْ	w-s011-a059-w005	11:59:5	one_to_one
t-s011-a059-w006	11:59	6	وَعَصَوْا۟	w-s011-a059-w006	11:59:6	one_to_one
t-s011-a059-w007	11:59	7	رُسُلَهُۥ	w-s011-a059-w007	11:59:7	one_to_one
t-s011-a059-w008	11:59	8	وَٱتَّبَعُوٓا۟	w-s011-a059-w008	11:59:8	one_to_one
t-s011-a059-w009	11:59	9	أَمْرَ	w-s011-a059-w009	11:59:9	one_to_one
t-s011-a059-w010	11:59	10	كُلِّ	w-s011-a059-w010	11:59:10	one_to_one
t-s011-a059-w011	11:59	11	جَبَّارٍ	w-s011-a059-w011	11:59:11	one_to_one
t-s011-a059-w012	11:59	12	عَنِيدٍۢ	w-s011-a059-w012	11:59:12	one_to_one
t-s011-a060-w001	11:60	1	وَأُتْبِعُوا۟	w-s011-a060-w001	11:60:1	one_to_one
t-s011-a060-w002	11:60	2	فِى	w-s011-a060-w002	11:60:2	one_to_one
t-s011-a060-w003	11:60	3	هَٰذِهِ	w-s011-a060-w003	11:60:3	one_to_one
t-s011-a060-w004	11:60	4	ٱلدُّنْيَا	w-s011-a060-w004	11:60:4	one_to_one
t-s011-a060-w005	11:60	5	لَعْنَةًۭ	w-s011-a060-w005	11:60:5	one_to_one
t-s011-a060-w006	11:60	6	وَيَوْمَ	w-s011-a060-w006	11:60:6	one_to_one
t-s011-a060-w007	11:60	7	ٱلْقِيَٰمَةِ	w-s011-a060-w007	11:60:7	one_to_one
t-s011-a060-w008	11:60	8	أَلَآ	w-s011-a060-w008	11:60:8	one_to_one
t-s011-a060-w009	11:60	9	إِنَّ	w-s011-a060-w009	11:60:9	one_to_one
t-s011-a060-w010	11:60	10	عَادًۭا	w-s011-a060-w010	11:60:10	one_to_one
t-s011-a060-w011	11:60	11	كَفَرُوا۟	w-s011-a060-w011	11:60:11	one_to_one
t-s011-a060-w012	11:60	12	رَبَّهُمْ	w-s011-a060-w012	11:60:12	one_to_one
t-s011-a060-w013	11:60	13	أَلَا	w-s011-a060-w013	11:60:13	one_to_one
t-s011-a060-w014	11:60	14	بُعْدًۭا	w-s011-a060-w014	11:60:14	one_to_one
t-s011-a060-w015	11:60	15	لِّعَادٍۢ	w-s011-a060-w015	11:60:15	one_to_one
t-s011-a060-w016	11:60	16	قَوْمِ	w-s011-a060-w016	11:60:16	one_to_one
t-s011-a060-w017	11:60	17	هُودٍۢ	w-s011-a060-w017	11:60:17	one_to_one
t-s011-a061-w001	11:61	1	وَإِلَىٰ	w-s011-a061-w001	11:61:1	one_to_one
t-s011-a061-w002	11:61	2	ثَمُودَ	w-s011-a061-w002	11:61:2	one_to_one
t-s011-a061-w003	11:61	3	أَخَاهُمْ	w-s011-a061-w003	11:61:3	one_to_one
t-s011-a061-w004	11:61	4	صَٰلِحًۭا	w-s011-a061-w004	11:61:4	one_to_one
t-s011-a061-w005	11:61	5	قَالَ	w-s011-a061-w005	11:61:5	one_to_one
t-s011-a061-w006	11:61	6	يَٰقَوْمِ	w-s011-a061-w006	11:61:6	one_to_one
t-s011-a061-w007	11:61	7	ٱعْبُدُوا۟	w-s011-a061-w007	11:61:7	one_to_one
t-s011-a061-w008	11:61	8	ٱللَّهَ	w-s011-a061-w008	11:61:8	one_to_one
t-s011-a061-w009	11:61	9	مَا	w-s011-a061-w009	11:61:9	one_to_one
t-s011-a061-w010	11:61	10	لَكُم	w-s011-a061-w010	11:61:10	one_to_one
t-s011-a061-w011	11:61	11	مِّنْ	w-s011-a061-w011	11:61:11	one_to_one
t-s011-a061-w012	11:61	12	إِلَٰهٍ	w-s011-a061-w012	11:61:12	one_to_one
t-s011-a061-w013	11:61	13	غَيْرُهُۥ	w-s011-a061-w013	11:61:13	one_to_one
t-s011-a061-w014	11:61	14	هُوَ	w-s011-a061-w014	11:61:14	one_to_one
t-s011-a061-w015	11:61	15	أَنشَأَكُم	w-s011-a061-w015	11:61:15	one_to_one
t-s011-a061-w016	11:61	16	مِّنَ	w-s011-a061-w016	11:61:16	one_to_one
t-s011-a061-w017	11:61	17	ٱلْأَرْضِ	w-s011-a061-w017	11:61:17	one_to_one
t-s011-a061-w018	11:61	18	وَٱسْتَعْمَرَكُمْ	w-s011-a061-w018	11:61:18	one_to_one
t-s011-a061-w019	11:61	19	فِيهَا	w-s011-a061-w019	11:61:19	one_to_one
t-s011-a061-w020	11:61	20	فَٱسْتَغْفِرُوهُ	w-s011-a061-w020	11:61:20	one_to_one
t-s011-a061-w021	11:61	21	ثُمَّ	w-s011-a061-w021	11:61:21	one_to_one
t-s011-a061-w022	11:61	22	تُوبُوٓا۟	w-s011-a061-w022	11:61:22	one_to_one
t-s011-a061-w023	11:61	23	إِلَيْهِ	w-s011-a061-w023	11:61:23	one_to_one
t-s011-a061-w024	11:61	24	إِنَّ	w-s011-a061-w024	11:61:24	one_to_one
t-s011-a061-w025	11:61	25	رَبِّى	w-s011-a061-w025	11:61:25	one_to_one
t-s011-a061-w026	11:61	26	قَرِيبٌۭ	w-s011-a061-w026	11:61:26	one_to_one
t-s011-a061-w027	11:61	27	مُّجِيبٌۭ	w-s011-a061-w027	11:61:27	one_to_one
t-s011-a062-w001	11:62	1	قَالُوا۟	w-s011-a062-w001	11:62:1	one_to_one
t-s011-a062-w002	11:62	2	يَٰصَٰلِحُ	w-s011-a062-w002	11:62:2	one_to_one
t-s011-a062-w003	11:62	3	قَدْ	w-s011-a062-w003	11:62:3	one_to_one
t-s011-a062-w004	11:62	4	كُنتَ	w-s011-a062-w004	11:62:4	one_to_one
t-s011-a062-w005	11:62	5	فِينَا	w-s011-a062-w005	11:62:5	one_to_one
t-s011-a062-w006	11:62	6	مَرْجُوًّۭا	w-s011-a062-w006	11:62:6	one_to_one
t-s011-a062-w007	11:62	7	قَبْلَ	w-s011-a062-w007	11:62:7	one_to_one
t-s011-a062-w008	11:62	8	هَٰذَآ	w-s011-a062-w008	11:62:8	one_to_one
t-s011-a062-w009	11:62	9	أَتَنْهَىٰنَآ	w-s011-a062-w009	11:62:9	one_to_one
t-s011-a062-w010	11:62	10	أَن	w-s011-a062-w010	11:62:10	one_to_one
t-s011-a062-w011	11:62	11	نَّعْبُدَ	w-s011-a062-w011	11:62:11	one_to_one
t-s011-a062-w012	11:62	12	مَا	w-s011-a062-w012	11:62:12	one_to_one
t-s011-a062-w013	11:62	13	يَعْبُدُ	w-s011-a062-w013	11:62:13	one_to_one
t-s011-a062-w014	11:62	14	ءَابَآؤُنَا	w-s011-a062-w014	11:62:14	one_to_one
t-s011-a062-w015	11:62	15	وَإِنَّنَا	w-s011-a062-w015	11:62:15	one_to_one
t-s011-a062-w016	11:62	16	لَفِى	w-s011-a062-w016	11:62:16	one_to_one
t-s011-a062-w017	11:62	17	شَكٍّۢ	w-s011-a062-w017	11:62:17	one_to_one
t-s011-a062-w018	11:62	18	مِّمَّا	w-s011-a062-w018	11:62:18	one_to_one
t-s011-a062-w019	11:62	19	تَدْعُونَآ	w-s011-a062-w019	11:62:19	one_to_one
t-s011-a062-w020	11:62	20	إِلَيْهِ	w-s011-a062-w020	11:62:20	one_to_one
t-s011-a062-w021	11:62	21	مُرِيبٍۢ	w-s011-a062-w021	11:62:21	one_to_one
t-s011-a063-w001	11:63	1	قَالَ	w-s011-a063-w001	11:63:1	one_to_one
t-s011-a063-w002	11:63	2	يَٰقَوْمِ	w-s011-a063-w002	11:63:2	one_to_one
t-s011-a063-w003	11:63	3	أَرَءَيْتُمْ	w-s011-a063-w003	11:63:3	one_to_one
t-s011-a063-w004	11:63	4	إِن	w-s011-a063-w004	11:63:4	one_to_one
t-s011-a063-w005	11:63	5	كُنتُ	w-s011-a063-w005	11:63:5	one_to_one
t-s011-a063-w006	11:63	6	عَلَىٰ	w-s011-a063-w006	11:63:6	one_to_one
t-s011-a063-w007	11:63	7	بَيِّنَةٍۢ	w-s011-a063-w007	11:63:7	one_to_one
t-s011-a063-w008	11:63	8	مِّن	w-s011-a063-w008	11:63:8	one_to_one
t-s011-a063-w009	11:63	9	رَّبِّى	w-s011-a063-w009	11:63:9	one_to_one
t-s011-a063-w010	11:63	10	وَءَاتَىٰنِى	w-s011-a063-w010	11:63:10	one_to_one
t-s011-a063-w011	11:63	11	مِنْهُ	w-s011-a063-w011	11:63:11	one_to_one
t-s011-a063-w012	11:63	12	رَحْمَةًۭ	w-s011-a063-w012	11:63:12	one_to_one
t-s011-a063-w013	11:63	13	فَمَن	w-s011-a063-w013	11:63:13	one_to_one
t-s011-a063-w014	11:63	14	يَنصُرُنِى	w-s011-a063-w014	11:63:14	one_to_one
t-s011-a063-w015	11:63	15	مِنَ	w-s011-a063-w015	11:63:15	one_to_one
t-s011-a063-w016	11:63	16	ٱللَّهِ	w-s011-a063-w016	11:63:16	one_to_one
t-s011-a063-w017	11:63	17	إِنْ	w-s011-a063-w017	11:63:17	one_to_one
t-s011-a063-w018	11:63	18	عَصَيْتُهُۥ	w-s011-a063-w018	11:63:18	one_to_one
t-s011-a063-w019	11:63	19	فَمَا	w-s011-a063-w019	11:63:19	one_to_one
t-s011-a063-w020	11:63	20	تَزِيدُونَنِى	w-s011-a063-w020	11:63:20	one_to_one
t-s011-a063-w021	11:63	21	غَيْرَ	w-s011-a063-w021	11:63:21	one_to_one
t-s011-a063-w022	11:63	22	تَخْسِيرٍۢ	w-s011-a063-w022	11:63:22	one_to_one
t-s011-a064-w001	11:64	1	وَيَٰقَوْمِ	w-s011-a064-w001	11:64:1	one_to_one
t-s011-a064-w002	11:64	2	هَٰذِهِۦ	w-s011-a064-w002	11:64:2	one_to_one
t-s011-a064-w003	11:64	3	نَاقَةُ	w-s011-a064-w003	11:64:3	one_to_one
t-s011-a064-w004	11:64	4	ٱللَّهِ	w-s011-a064-w004	11:64:4	one_to_one
t-s011-a064-w005	11:64	5	لَكُمْ	w-s011-a064-w005	11:64:5	one_to_one
t-s011-a064-w006	11:64	6	ءَايَةًۭ	w-s011-a064-w006	11:64:6	one_to_one
t-s011-a064-w007	11:64	7	فَذَرُوهَا	w-s011-a064-w007	11:64:7	one_to_one
t-s011-a064-w008	11:64	8	تَأْكُلْ	w-s011-a064-w008	11:64:8	one_to_one
t-s011-a064-w009	11:64	9	فِىٓ	w-s011-a064-w009	11:64:9	one_to_one
t-s011-a064-w010	11:64	10	أَرْضِ	w-s011-a064-w010	11:64:10	one_to_one
t-s011-a064-w011	11:64	11	ٱللَّهِ	w-s011-a064-w011	11:64:11	one_to_one
t-s011-a064-w012	11:64	12	وَلَا	w-s011-a064-w012	11:64:12	one_to_one
t-s011-a064-w013	11:64	13	تَمَسُّوهَا	w-s011-a064-w013	11:64:13	one_to_one
t-s011-a064-w014	11:64	14	بِسُوٓءٍۢ	w-s011-a064-w014	11:64:14	one_to_one
t-s011-a064-w015	11:64	15	فَيَأْخُذَكُمْ	w-s011-a064-w015	11:64:15	one_to_one
t-s011-a064-w016	11:64	16	عَذَابٌۭ	w-s011-a064-w016	11:64:16	one_to_one
t-s011-a064-w017	11:64	17	قَرِيبٌۭ	w-s011-a064-w017	11:64:17	one_to_one
t-s011-a065-w001	11:65	1	فَعَقَرُوهَا	w-s011-a065-w001	11:65:1	one_to_one
t-s011-a065-w002	11:65	2	فَقَالَ	w-s011-a065-w002	11:65:2	one_to_one
t-s011-a065-w003	11:65	3	تَمَتَّعُوا۟	w-s011-a065-w003	11:65:3	one_to_one
t-s011-a065-w004	11:65	4	فِى	w-s011-a065-w004	11:65:4	one_to_one
t-s011-a065-w005	11:65	5	دَارِكُمْ	w-s011-a065-w005	11:65:5	one_to_one
t-s011-a065-w006	11:65	6	ثَلَٰثَةَ	w-s011-a065-w006	11:65:6	one_to_one
t-s011-a065-w007	11:65	7	أَيَّامٍۢ	w-s011-a065-w007	11:65:7	one_to_one
t-s011-a065-w008	11:65	8	ذَٰلِكَ	w-s011-a065-w008	11:65:8	one_to_one
t-s011-a065-w009	11:65	9	وَعْدٌ	w-s011-a065-w009	11:65:9	one_to_one
t-s011-a065-w010	11:65	10	غَيْرُ	w-s011-a065-w010	11:65:10	one_to_one
t-s011-a065-w011	11:65	11	مَكْذُوبٍۢ	w-s011-a065-w011	11:65:11	one_to_one
t-s011-a066-w001	11:66	1	فَلَمَّا	w-s011-a066-w001	11:66:1	one_to_one
t-s011-a066-w002	11:66	2	جَآءَ	w-s011-a066-w002	11:66:2	one_to_one
t-s011-a066-w003	11:66	3	أَمْرُنَا	w-s011-a066-w003	11:66:3	one_to_one
t-s011-a066-w004	11:66	4	نَجَّيْنَا	w-s011-a066-w004	11:66:4	one_to_one
t-s011-a066-w005	11:66	5	صَٰلِحًۭا	w-s011-a066-w005	11:66:5	one_to_one
t-s011-a066-w006	11:66	6	وَٱلَّذِينَ	w-s011-a066-w006	11:66:6	one_to_one
t-s011-a066-w007	11:66	7	ءَامَنُوا۟	w-s011-a066-w007	11:66:7	one_to_one
t-s011-a066-w008	11:66	8	مَعَهُۥ	w-s011-a066-w008	11:66:8	one_to_one
t-s011-a066-w009	11:66	9	بِرَحْمَةٍۢ	w-s011-a066-w009	11:66:9	one_to_one
t-s011-a066-w010	11:66	10	مِّنَّا	w-s011-a066-w010	11:66:10	one_to_one
t-s011-a066-w011	11:66	11	وَمِنْ	w-s011-a066-w011	11:66:11	one_to_one
t-s011-a066-w012	11:66	12	خِزْىِ	w-s011-a066-w012	11:66:12	one_to_one
t-s011-a066-w013	11:66	13	يَوْمِئِذٍ	w-s011-a066-w013	11:66:13	one_to_one
t-s011-a066-w014	11:66	14	إِنَّ	w-s011-a066-w014	11:66:14	one_to_one
t-s011-a066-w015	11:66	15	رَبَّكَ	w-s011-a066-w015	11:66:15	one_to_one
t-s011-a066-w016	11:66	16	هُوَ	w-s011-a066-w016	11:66:16	one_to_one
t-s011-a066-w017	11:66	17	ٱلْقَوِىُّ	w-s011-a066-w017	11:66:17	one_to_one
t-s011-a066-w018	11:66	18	ٱلْعَزِيزُ	w-s011-a066-w018	11:66:18	one_to_one
t-s011-a067-w001	11:67	1	وَأَخَذَ	w-s011-a067-w001	11:67:1	one_to_one
t-s011-a067-w002	11:67	2	ٱلَّذِينَ	w-s011-a067-w002	11:67:2	one_to_one
t-s011-a067-w003	11:67	3	ظَلَمُوا۟	w-s011-a067-w003	11:67:3	one_to_one
t-s011-a067-w004	11:67	4	ٱلصَّيْحَةُ	w-s011-a067-w004	11:67:4	one_to_one
t-s011-a067-w005	11:67	5	فَأَصْبَحُوا۟	w-s011-a067-w005	11:67:5	one_to_one
t-s011-a067-w006	11:67	6	فِى	w-s011-a067-w006	11:67:6	one_to_one
t-s011-a067-w007	11:67	7	دِيَٰرِهِمْ	w-s011-a067-w007	11:67:7	one_to_one
t-s011-a067-w008	11:67	8	جَٰثِمِينَ	w-s011-a067-w008	11:67:8	one_to_one
t-s011-a068-w001	11:68	1	كَأَن	w-s011-a068-w001	11:68:1	one_to_one
t-s011-a068-w002	11:68	2	لَّمْ	w-s011-a068-w002	11:68:2	one_to_one
t-s011-a068-w003	11:68	3	يَغْنَوْا۟	w-s011-a068-w003	11:68:3	one_to_one
t-s011-a068-w004	11:68	4	فِيهَآ	w-s011-a068-w004	11:68:4	one_to_one
t-s011-a068-w005	11:68	5	أَلَآ	w-s011-a068-w005	11:68:5	one_to_one
t-s011-a068-w006	11:68	6	إِنَّ	w-s011-a068-w006	11:68:6	one_to_one
t-s011-a068-w007	11:68	7	ثَمُودَا۟	w-s011-a068-w007	11:68:7	one_to_one
t-s011-a068-w008	11:68	8	كَفَرُوا۟	w-s011-a068-w008	11:68:8	one_to_one
t-s011-a068-w009	11:68	9	رَبَّهُمْ	w-s011-a068-w009	11:68:9	one_to_one
t-s011-a068-w010	11:68	10	أَلَا	w-s011-a068-w010	11:68:10	one_to_one
t-s011-a068-w011	11:68	11	بُعْدًۭا	w-s011-a068-w011	11:68:11	one_to_one
t-s011-a068-w012	11:68	12	لِّثَمُودَ	w-s011-a068-w012	11:68:12	one_to_one
t-s011-a069-w001	11:69	1	وَلَقَدْ	w-s011-a069-w001	11:69:1	one_to_one
t-s011-a069-w002	11:69	2	جَآءَتْ	w-s011-a069-w002	11:69:2	one_to_one
t-s011-a069-w003	11:69	3	رُسُلُنَآ	w-s011-a069-w003	11:69:3	one_to_one
t-s011-a069-w004	11:69	4	إِبْرَٰهِيمَ	w-s011-a069-w004	11:69:4	one_to_one
t-s011-a069-w005	11:69	5	بِٱلْبُشْرَىٰ	w-s011-a069-w005	11:69:5	one_to_one
t-s011-a069-w006	11:69	6	قَالُوا۟	w-s011-a069-w006	11:69:6	one_to_one
t-s011-a069-w007	11:69	7	سَلَٰمًۭا	w-s011-a069-w007	11:69:7	one_to_one
t-s011-a069-w008	11:69	8	قَالَ	w-s011-a069-w008	11:69:8	one_to_one
t-s011-a069-w009	11:69	9	سَلَٰمٌۭ	w-s011-a069-w009	11:69:9	one_to_one
t-s011-a069-w010	11:69	10	فَمَا	w-s011-a069-w010	11:69:10	one_to_one
t-s011-a069-w011	11:69	11	لَبِثَ	w-s011-a069-w011	11:69:11	one_to_one
t-s011-a069-w012	11:69	12	أَن	w-s011-a069-w012	11:69:12	one_to_one
t-s011-a069-w013	11:69	13	جَآءَ	w-s011-a069-w013	11:69:13	one_to_one
t-s011-a069-w014	11:69	14	بِعِجْلٍ	w-s011-a069-w014	11:69:14	one_to_one
t-s011-a069-w015	11:69	15	حَنِيذٍۢ	w-s011-a069-w015	11:69:15	one_to_one
t-s011-a070-w001	11:70	1	فَلَمَّا	w-s011-a070-w001	11:70:1	one_to_one
t-s011-a070-w002	11:70	2	رَءَآ	w-s011-a070-w002	11:70:2	one_to_one
t-s011-a070-w003	11:70	3	أَيْدِيَهُمْ	w-s011-a070-w003	11:70:3	one_to_one
t-s011-a070-w004	11:70	4	لَا	w-s011-a070-w004	11:70:4	one_to_one
t-s011-a070-w005	11:70	5	تَصِلُ	w-s011-a070-w005	11:70:5	one_to_one
t-s011-a070-w006	11:70	6	إِلَيْهِ	w-s011-a070-w006	11:70:6	one_to_one
t-s011-a070-w007	11:70	7	نَكِرَهُمْ	w-s011-a070-w007	11:70:7	one_to_one
t-s011-a070-w008	11:70	8	وَأَوْجَسَ	w-s011-a070-w008	11:70:8	one_to_one
t-s011-a070-w009	11:70	9	مِنْهُمْ	w-s011-a070-w009	11:70:9	one_to_one
t-s011-a070-w010	11:70	10	خِيفَةًۭ	w-s011-a070-w010	11:70:10	one_to_one
t-s011-a070-w011	11:70	11	قَالُوا۟	w-s011-a070-w011	11:70:11	one_to_one
t-s011-a070-w012	11:70	12	لَا	w-s011-a070-w012	11:70:12	one_to_one
t-s011-a070-w013	11:70	13	تَخَفْ	w-s011-a070-w013	11:70:13	one_to_one
t-s011-a070-w014	11:70	14	إِنَّآ	w-s011-a070-w014	11:70:14	one_to_one
t-s011-a070-w015	11:70	15	أُرْسِلْنَآ	w-s011-a070-w015	11:70:15	one_to_one
t-s011-a070-w016	11:70	16	إِلَىٰ	w-s011-a070-w016	11:70:16	one_to_one
t-s011-a070-w017	11:70	17	قَوْمِ	w-s011-a070-w017	11:70:17	one_to_one
t-s011-a070-w018	11:70	18	لُوطٍۢ	w-s011-a070-w018	11:70:18	one_to_one
t-s011-a071-w001	11:71	1	وَٱمْرَأَتُهُۥ	w-s011-a071-w001	11:71:1	one_to_one
t-s011-a071-w002	11:71	2	قَآئِمَةٌۭ	w-s011-a071-w002	11:71:2	one_to_one
t-s011-a071-w003	11:71	3	فَضَحِكَتْ	w-s011-a071-w003	11:71:3	one_to_one
t-s011-a071-w004	11:71	4	فَبَشَّرْنَٰهَا	w-s011-a071-w004	11:71:4	one_to_one
t-s011-a071-w005	11:71	5	بِإِسْحَٰقَ	w-s011-a071-w005	11:71:5	one_to_one
t-s011-a071-w006	11:71	6	وَمِن	w-s011-a071-w006	11:71:6	one_to_one
t-s011-a071-w007	11:71	7	وَرَآءِ	w-s011-a071-w007	11:71:7	one_to_one
t-s011-a071-w008	11:71	8	إِسْحَٰقَ	w-s011-a071-w008	11:71:8	one_to_one
t-s011-a071-w009	11:71	9	يَعْقُوبَ	w-s011-a071-w009	11:71:9	one_to_one
t-s011-a072-w001	11:72	1	قَالَتْ	w-s011-a072-w001	11:72:1	one_to_one
t-s011-a072-w002	11:72	2	يَٰوَيْلَتَىٰٓ	w-s011-a072-w002	11:72:2	one_to_one
t-s011-a072-w003	11:72	3	ءَأَلِدُ	w-s011-a072-w003	11:72:3	one_to_one
t-s011-a072-w004	11:72	4	وَأَنَا۠	w-s011-a072-w004	11:72:4	one_to_one
t-s011-a072-w005	11:72	5	عَجُوزٌۭ	w-s011-a072-w005	11:72:5	one_to_one
t-s011-a072-w006	11:72	6	وَهَٰذَا	w-s011-a072-w006	11:72:6	one_to_one
t-s011-a072-w007	11:72	7	بَعْلِى	w-s011-a072-w007	11:72:7	one_to_one
t-s011-a072-w008	11:72	8	شَيْخًا	w-s011-a072-w008	11:72:8	one_to_one
t-s011-a072-w009	11:72	9	إِنَّ	w-s011-a072-w009	11:72:9	one_to_one
t-s011-a072-w010	11:72	10	هَٰذَا	w-s011-a072-w010	11:72:10	one_to_one
t-s011-a072-w011	11:72	11	لَشَىْءٌ	w-s011-a072-w011	11:72:11	one_to_one
t-s011-a072-w012	11:72	12	عَجِيبٌۭ	w-s011-a072-w012	11:72:12	one_to_one
t-s011-a073-w001	11:73	1	قَالُوٓا۟	w-s011-a073-w001	11:73:1	one_to_one
t-s011-a073-w002	11:73	2	أَتَعْجَبِينَ	w-s011-a073-w002	11:73:2	one_to_one
t-s011-a073-w003	11:73	3	مِنْ	w-s011-a073-w003	11:73:3	one_to_one
t-s011-a073-w004	11:73	4	أَمْرِ	w-s011-a073-w004	11:73:4	one_to_one
t-s011-a073-w005	11:73	5	ٱللَّهِ	w-s011-a073-w005	11:73:5	one_to_one
t-s011-a073-w006	11:73	6	رَحْمَتُ	w-s011-a073-w006	11:73:6	one_to_one
t-s011-a073-w007	11:73	7	ٱللَّهِ	w-s011-a073-w007	11:73:7	one_to_one
t-s011-a073-w008	11:73	8	وَبَرَكَٰتُهُۥ	w-s011-a073-w008	11:73:8	one_to_one
t-s011-a073-w009	11:73	9	عَلَيْكُمْ	w-s011-a073-w009	11:73:9	one_to_one
t-s011-a073-w010	11:73	10	أَهْلَ	w-s011-a073-w010	11:73:10	one_to_one
t-s011-a073-w011	11:73	11	ٱلْبَيْتِ	w-s011-a073-w011	11:73:11	one_to_one
t-s011-a073-w012	11:73	12	إِنَّهُۥ	w-s011-a073-w012	11:73:12	one_to_one
t-s011-a073-w013	11:73	13	حَمِيدٌۭ	w-s011-a073-w013	11:73:13	one_to_one
t-s011-a073-w014	11:73	14	مَّجِيدٌۭ	w-s011-a073-w014	11:73:14	one_to_one
t-s011-a074-w001	11:74	1	فَلَمَّا	w-s011-a074-w001	11:74:1	one_to_one
t-s011-a074-w002	11:74	2	ذَهَبَ	w-s011-a074-w002	11:74:2	one_to_one
t-s011-a074-w003	11:74	3	عَنْ	w-s011-a074-w003	11:74:3	one_to_one
t-s011-a074-w004	11:74	4	إِبْرَٰهِيمَ	w-s011-a074-w004	11:74:4	one_to_one
t-s011-a074-w005	11:74	5	ٱلرَّوْعُ	w-s011-a074-w005	11:74:5	one_to_one
t-s011-a074-w006	11:74	6	وَجَآءَتْهُ	w-s011-a074-w006	11:74:6	one_to_one
t-s011-a074-w007	11:74	7	ٱلْبُشْرَىٰ	w-s011-a074-w007	11:74:7	one_to_one
t-s011-a074-w008	11:74	8	يُجَٰدِلُنَا	w-s011-a074-w008	11:74:8	one_to_one
t-s011-a074-w009	11:74	9	فِى	w-s011-a074-w009	11:74:9	one_to_one
t-s011-a074-w010	11:74	10	قَوْمِ	w-s011-a074-w010	11:74:10	one_to_one
t-s011-a074-w011	11:74	11	لُوطٍ	w-s011-a074-w011	11:74:11	one_to_one
t-s011-a075-w001	11:75	1	إِنَّ	w-s011-a075-w001	11:75:1	one_to_one
t-s011-a075-w002	11:75	2	إِبْرَٰهِيمَ	w-s011-a075-w002	11:75:2	one_to_one
t-s011-a075-w003	11:75	3	لَحَلِيمٌ	w-s011-a075-w003	11:75:3	one_to_one
t-s011-a075-w004	11:75	4	أَوَّٰهٌۭ	w-s011-a075-w004	11:75:4	one_to_one
t-s011-a075-w005	11:75	5	مُّنِيبٌۭ	w-s011-a075-w005	11:75:5	one_to_one
t-s011-a076-w001	11:76	1	يَٰٓإِبْرَٰهِيمُ	w-s011-a076-w001	11:76:1	one_to_one
t-s011-a076-w002	11:76	2	أَعْرِضْ	w-s011-a076-w002	11:76:2	one_to_one
t-s011-a076-w003	11:76	3	عَنْ	w-s011-a076-w003	11:76:3	one_to_one
t-s011-a076-w004	11:76	4	هَٰذَآ	w-s011-a076-w004	11:76:4	one_to_one
t-s011-a076-w005	11:76	5	إِنَّهُۥ	w-s011-a076-w005	11:76:5	one_to_one
t-s011-a076-w006	11:76	6	قَدْ	w-s011-a076-w006	11:76:6	one_to_one
t-s011-a076-w007	11:76	7	جَآءَ	w-s011-a076-w007	11:76:7	one_to_one
t-s011-a076-w008	11:76	8	أَمْرُ	w-s011-a076-w008	11:76:8	one_to_one
t-s011-a076-w009	11:76	9	رَبِّكَ	w-s011-a076-w009	11:76:9	one_to_one
t-s011-a076-w010	11:76	10	وَإِنَّهُمْ	w-s011-a076-w010	11:76:10	one_to_one
t-s011-a076-w011	11:76	11	ءَاتِيهِمْ	w-s011-a076-w011	11:76:11	one_to_one
t-s011-a076-w012	11:76	12	عَذَابٌ	w-s011-a076-w012	11:76:12	one_to_one
t-s011-a076-w013	11:76	13	غَيْرُ	w-s011-a076-w013	11:76:13	one_to_one
t-s011-a076-w014	11:76	14	مَرْدُودٍۢ	w-s011-a076-w014	11:76:14	one_to_one
t-s011-a077-w001	11:77	1	وَلَمَّا	w-s011-a077-w001	11:77:1	one_to_one
t-s011-a077-w002	11:77	2	جَآءَتْ	w-s011-a077-w002	11:77:2	one_to_one
t-s011-a077-w003	11:77	3	رُسُلُنَا	w-s011-a077-w003	11:77:3	one_to_one
t-s011-a077-w004	11:77	4	لُوطًۭا	w-s011-a077-w004	11:77:4	one_to_one
t-s011-a077-w005	11:77	5	سِىٓءَ	w-s011-a077-w005	11:77:5	one_to_one
t-s011-a077-w006	11:77	6	بِهِمْ	w-s011-a077-w006	11:77:6	one_to_one
t-s011-a077-w007	11:77	7	وَضَاقَ	w-s011-a077-w007	11:77:7	one_to_one
t-s011-a077-w008	11:77	8	بِهِمْ	w-s011-a077-w008	11:77:8	one_to_one
t-s011-a077-w009	11:77	9	ذَرْعًۭا	w-s011-a077-w009	11:77:9	one_to_one
t-s011-a077-w010	11:77	10	وَقَالَ	w-s011-a077-w010	11:77:10	one_to_one
t-s011-a077-w011	11:77	11	هَٰذَا	w-s011-a077-w011	11:77:11	one_to_one
t-s011-a077-w012	11:77	12	يَوْمٌ	w-s011-a077-w012	11:77:12	one_to_one
t-s011-a077-w013	11:77	13	عَصِيبٌۭ	w-s011-a077-w013	11:77:13	one_to_one
t-s011-a078-w001	11:78	1	وَجَآءَهُۥ	w-s011-a078-w001	11:78:1	one_to_one
t-s011-a078-w002	11:78	2	قَوْمُهُۥ	w-s011-a078-w002	11:78:2	one_to_one
t-s011-a078-w003	11:78	3	يُهْرَعُونَ	w-s011-a078-w003	11:78:3	one_to_one
t-s011-a078-w004	11:78	4	إِلَيْهِ	w-s011-a078-w004	11:78:4	one_to_one
t-s011-a078-w005	11:78	5	وَمِن	w-s011-a078-w005	11:78:5	one_to_one
t-s011-a078-w006	11:78	6	قَبْلُ	w-s011-a078-w006	11:78:6	one_to_one
t-s011-a078-w007	11:78	7	كَانُوا۟	w-s011-a078-w007	11:78:7	one_to_one
t-s011-a078-w008	11:78	8	يَعْمَلُونَ	w-s011-a078-w008	11:78:8	one_to_one
t-s011-a078-w009	11:78	9	ٱلسَّيِّـَٔاتِ	w-s011-a078-w009	11:78:9	one_to_one
t-s011-a078-w010	11:78	10	قَالَ	w-s011-a078-w010	11:78:10	one_to_one
t-s011-a078-w011	11:78	11	يَٰقَوْمِ	w-s011-a078-w011	11:78:11	one_to_one
t-s011-a078-w012	11:78	12	هَٰٓؤُلَآءِ	w-s011-a078-w012	11:78:12	one_to_one
t-s011-a078-w013	11:78	13	بَنَاتِى	w-s011-a078-w013	11:78:13	one_to_one
t-s011-a078-w014	11:78	14	هُنَّ	w-s011-a078-w014	11:78:14	one_to_one
t-s011-a078-w015	11:78	15	أَطْهَرُ	w-s011-a078-w015	11:78:15	one_to_one
t-s011-a078-w016	11:78	16	لَكُمْ	w-s011-a078-w016	11:78:16	one_to_one
t-s011-a078-w017	11:78	17	فَٱتَّقُوا۟	w-s011-a078-w017	11:78:17	one_to_one
t-s011-a078-w018	11:78	18	ٱللَّهَ	w-s011-a078-w018	11:78:18	one_to_one
t-s011-a078-w019	11:78	19	وَلَا	w-s011-a078-w019	11:78:19	one_to_one
t-s011-a078-w020	11:78	20	تُخْزُونِ	w-s011-a078-w020	11:78:20	one_to_one
t-s011-a078-w021	11:78	21	فِى	w-s011-a078-w021	11:78:21	one_to_one
t-s011-a078-w022	11:78	22	ضَيْفِىٓ	w-s011-a078-w022	11:78:22	one_to_one
t-s011-a078-w023	11:78	23	أَلَيْسَ	w-s011-a078-w023	11:78:23	one_to_one
t-s011-a078-w024	11:78	24	مِنكُمْ	w-s011-a078-w024	11:78:24	one_to_one
t-s011-a078-w025	11:78	25	رَجُلٌۭ	w-s011-a078-w025	11:78:25	one_to_one
t-s011-a078-w026	11:78	26	رَّشِيدٌۭ	w-s011-a078-w026	11:78:26	one_to_one
t-s011-a079-w001	11:79	1	قَالُوا۟	w-s011-a079-w001	11:79:1	one_to_one
t-s011-a079-w002	11:79	2	لَقَدْ	w-s011-a079-w002	11:79:2	one_to_one
t-s011-a079-w003	11:79	3	عَلِمْتَ	w-s011-a079-w003	11:79:3	one_to_one
t-s011-a079-w004	11:79	4	مَا	w-s011-a079-w004	11:79:4	one_to_one
t-s011-a079-w005	11:79	5	لَنَا	w-s011-a079-w005	11:79:5	one_to_one
t-s011-a079-w006	11:79	6	فِى	w-s011-a079-w006	11:79:6	one_to_one
t-s011-a079-w007	11:79	7	بَنَاتِكَ	w-s011-a079-w007	11:79:7	one_to_one
t-s011-a079-w008	11:79	8	مِنْ	w-s011-a079-w008	11:79:8	one_to_one
t-s011-a079-w009	11:79	9	حَقٍّۢ	w-s011-a079-w009	11:79:9	one_to_one
t-s011-a079-w010	11:79	10	وَإِنَّكَ	w-s011-a079-w010	11:79:10	one_to_one
t-s011-a079-w011	11:79	11	لَتَعْلَمُ	w-s011-a079-w011	11:79:11	one_to_one
t-s011-a079-w012	11:79	12	مَا	w-s011-a079-w012	11:79:12	one_to_one
t-s011-a079-w013	11:79	13	نُرِيدُ	w-s011-a079-w013	11:79:13	one_to_one
t-s011-a080-w001	11:80	1	قَالَ	w-s011-a080-w001	11:80:1	one_to_one
t-s011-a080-w002	11:80	2	لَوْ	w-s011-a080-w002	11:80:2	one_to_one
t-s011-a080-w003	11:80	3	أَنَّ	w-s011-a080-w003	11:80:3	one_to_one
t-s011-a080-w004	11:80	4	لِى	w-s011-a080-w004	11:80:4	one_to_one
t-s011-a080-w005	11:80	5	بِكُمْ	w-s011-a080-w005	11:80:5	one_to_one
t-s011-a080-w006	11:80	6	قُوَّةً	w-s011-a080-w006	11:80:6	one_to_one
t-s011-a080-w007	11:80	7	أَوْ	w-s011-a080-w007	11:80:7	one_to_one
t-s011-a080-w008	11:80	8	ءَاوِىٓ	w-s011-a080-w008	11:80:8	one_to_one
t-s011-a080-w009	11:80	9	إِلَىٰ	w-s011-a080-w009	11:80:9	one_to_one
t-s011-a080-w010	11:80	10	رُكْنٍۢ	w-s011-a080-w010	11:80:10	one_to_one
t-s011-a080-w011	11:80	11	شَدِيدٍۢ	w-s011-a080-w011	11:80:11	one_to_one
t-s011-a081-w001	11:81	1	قَالُوا۟	w-s011-a081-w001	11:81:1	one_to_one
t-s011-a081-w002	11:81	2	يَٰلُوطُ	w-s011-a081-w002	11:81:2	one_to_one
t-s011-a081-w003	11:81	3	إِنَّا	w-s011-a081-w003	11:81:3	one_to_one
t-s011-a081-w004	11:81	4	رُسُلُ	w-s011-a081-w004	11:81:4	one_to_one
t-s011-a081-w005	11:81	5	رَبِّكَ	w-s011-a081-w005	11:81:5	one_to_one
t-s011-a081-w006	11:81	6	لَن	w-s011-a081-w006	11:81:6	one_to_one
t-s011-a081-w007	11:81	7	يَصِلُوٓا۟	w-s011-a081-w007	11:81:7	one_to_one
t-s011-a081-w008	11:81	8	إِلَيْكَ	w-s011-a081-w008	11:81:8	one_to_one
t-s011-a081-w009	11:81	9	فَأَسْرِ	w-s011-a081-w009	11:81:9	one_to_one
t-s011-a081-w010	11:81	10	بِأَهْلِكَ	w-s011-a081-w010	11:81:10	one_to_one
t-s011-a081-w011	11:81	11	بِقِطْعٍۢ	w-s011-a081-w011	11:81:11	one_to_one
t-s011-a081-w012	11:81	12	مِّنَ	w-s011-a081-w012	11:81:12	one_to_one
t-s011-a081-w013	11:81	13	ٱلَّيْلِ	w-s011-a081-w013	11:81:13	one_to_one
t-s011-a081-w014	11:81	14	وَلَا	w-s011-a081-w014	11:81:14	one_to_one
t-s011-a081-w015	11:81	15	يَلْتَفِتْ	w-s011-a081-w015	11:81:15	one_to_one
t-s011-a081-w016	11:81	16	مِنكُمْ	w-s011-a081-w016	11:81:16	one_to_one
t-s011-a081-w017	11:81	17	أَحَدٌ	w-s011-a081-w017	11:81:17	one_to_one
t-s011-a081-w018	11:81	18	إِلَّا	w-s011-a081-w018	11:81:18	one_to_one
t-s011-a081-w019	11:81	19	ٱمْرَأَتَكَ	w-s011-a081-w019	11:81:19	one_to_one
t-s011-a081-w020	11:81	20	إِنَّهُۥ	w-s011-a081-w020	11:81:20	one_to_one
t-s011-a081-w021	11:81	21	مُصِيبُهَا	w-s011-a081-w021	11:81:21	one_to_one
t-s011-a081-w022	11:81	22	مَآ	w-s011-a081-w022	11:81:22	one_to_one
t-s011-a081-w023	11:81	23	أَصَابَهُمْ	w-s011-a081-w023	11:81:23	one_to_one
t-s011-a081-w024	11:81	24	إِنَّ	w-s011-a081-w024	11:81:24	one_to_one
t-s011-a081-w025	11:81	25	مَوْعِدَهُمُ	w-s011-a081-w025	11:81:25	one_to_one
t-s011-a081-w026	11:81	26	ٱلصُّبْحُ	w-s011-a081-w026	11:81:26	one_to_one
t-s011-a081-w027	11:81	27	أَلَيْسَ	w-s011-a081-w027	11:81:27	one_to_one
t-s011-a081-w028	11:81	28	ٱلصُّبْحُ	w-s011-a081-w028	11:81:28	one_to_one
t-s011-a081-w029	11:81	29	بِقَرِيبٍۢ	w-s011-a081-w029	11:81:29	one_to_one
t-s011-a082-w001	11:82	1	فَلَمَّا	w-s011-a082-w001	11:82:1	one_to_one
t-s011-a082-w002	11:82	2	جَآءَ	w-s011-a082-w002	11:82:2	one_to_one
t-s011-a082-w003	11:82	3	أَمْرُنَا	w-s011-a082-w003	11:82:3	one_to_one
t-s011-a082-w004	11:82	4	جَعَلْنَا	w-s011-a082-w004	11:82:4	one_to_one
t-s011-a082-w005	11:82	5	عَٰلِيَهَا	w-s011-a082-w005	11:82:5	one_to_one
t-s011-a082-w006	11:82	6	سَافِلَهَا	w-s011-a082-w006	11:82:6	one_to_one
t-s011-a082-w007	11:82	7	وَأَمْطَرْنَا	w-s011-a082-w007	11:82:7	one_to_one
t-s011-a082-w008	11:82	8	عَلَيْهَا	w-s011-a082-w008	11:82:8	one_to_one
t-s011-a082-w009	11:82	9	حِجَارَةًۭ	w-s011-a082-w009	11:82:9	one_to_one
t-s011-a082-w010	11:82	10	مِّن	w-s011-a082-w010	11:82:10	one_to_one
t-s011-a082-w011	11:82	11	سِجِّيلٍۢ	w-s011-a082-w011	11:82:11	one_to_one
t-s011-a082-w012	11:82	12	مَّنضُودٍۢ	w-s011-a082-w012	11:82:12	one_to_one
t-s011-a083-w001	11:83	1	مُّسَوَّمَةً	w-s011-a083-w001	11:83:1	one_to_one
t-s011-a083-w002	11:83	2	عِندَ	w-s011-a083-w002	11:83:2	one_to_one
t-s011-a083-w003	11:83	3	رَبِّكَ	w-s011-a083-w003	11:83:3	one_to_one
t-s011-a083-w004	11:83	4	وَمَا	w-s011-a083-w004	11:83:4	one_to_one
t-s011-a083-w005	11:83	5	هِىَ	w-s011-a083-w005	11:83:5	one_to_one
t-s011-a083-w006	11:83	6	مِنَ	w-s011-a083-w006	11:83:6	one_to_one
t-s011-a083-w007	11:83	7	ٱلظَّٰلِمِينَ	w-s011-a083-w007	11:83:7	one_to_one
t-s011-a083-w008	11:83	8	بِبَعِيدٍۢ	w-s011-a083-w008	11:83:8	one_to_one
t-s011-a084-w001	11:84	1	وَإِلَىٰ	w-s011-a084-w001	11:84:1	one_to_one
t-s011-a084-w002	11:84	2	مَدْيَنَ	w-s011-a084-w002	11:84:2	one_to_one
t-s011-a084-w003	11:84	3	أَخَاهُمْ	w-s011-a084-w003	11:84:3	one_to_one
t-s011-a084-w004	11:84	4	شُعَيْبًۭا	w-s011-a084-w004	11:84:4	one_to_one
t-s011-a084-w005	11:84	5	قَالَ	w-s011-a084-w005	11:84:5	one_to_one
t-s011-a084-w006	11:84	6	يَٰقَوْمِ	w-s011-a084-w006	11:84:6	one_to_one
t-s011-a084-w007	11:84	7	ٱعْبُدُوا۟	w-s011-a084-w007	11:84:7	one_to_one
t-s011-a084-w008	11:84	8	ٱللَّهَ	w-s011-a084-w008	11:84:8	one_to_one
t-s011-a084-w009	11:84	9	مَا	w-s011-a084-w009	11:84:9	one_to_one
t-s011-a084-w010	11:84	10	لَكُم	w-s011-a084-w010	11:84:10	one_to_one
t-s011-a084-w011	11:84	11	مِّنْ	w-s011-a084-w011	11:84:11	one_to_one
t-s011-a084-w012	11:84	12	إِلَٰهٍ	w-s011-a084-w012	11:84:12	one_to_one
t-s011-a084-w013	11:84	13	غَيْرُهُۥ	w-s011-a084-w013	11:84:13	one_to_one
t-s011-a084-w014	11:84	14	وَلَا	w-s011-a084-w014	11:84:14	one_to_one
t-s011-a084-w015	11:84	15	تَنقُصُوا۟	w-s011-a084-w015	11:84:15	one_to_one
t-s011-a084-w016	11:84	16	ٱلْمِكْيَالَ	w-s011-a084-w016	11:84:16	one_to_one
t-s011-a084-w017	11:84	17	وَٱلْمِيزَانَ	w-s011-a084-w017	11:84:17	one_to_one
t-s011-a084-w018	11:84	18	إِنِّىٓ	w-s011-a084-w018	11:84:18	one_to_one
t-s011-a084-w019	11:84	19	أَرَىٰكُم	w-s011-a084-w019	11:84:19	one_to_one
t-s011-a084-w020	11:84	20	بِخَيْرٍۢ	w-s011-a084-w020	11:84:20	one_to_one
t-s011-a084-w021	11:84	21	وَإِنِّىٓ	w-s011-a084-w021	11:84:21	one_to_one
t-s011-a084-w022	11:84	22	أَخَافُ	w-s011-a084-w022	11:84:22	one_to_one
t-s011-a084-w023	11:84	23	عَلَيْكُمْ	w-s011-a084-w023	11:84:23	one_to_one
t-s011-a084-w024	11:84	24	عَذَابَ	w-s011-a084-w024	11:84:24	one_to_one
t-s011-a084-w025	11:84	25	يَوْمٍۢ	w-s011-a084-w025	11:84:25	one_to_one
t-s011-a084-w026	11:84	26	مُّحِيطٍۢ	w-s011-a084-w026	11:84:26	one_to_one
t-s011-a085-w001	11:85	1	وَيَٰقَوْمِ	w-s011-a085-w001	11:85:1	one_to_one
t-s011-a085-w002	11:85	2	أَوْفُوا۟	w-s011-a085-w002	11:85:2	one_to_one
t-s011-a085-w003	11:85	3	ٱلْمِكْيَالَ	w-s011-a085-w003	11:85:3	one_to_one
t-s011-a085-w004	11:85	4	وَٱلْمِيزَانَ	w-s011-a085-w004	11:85:4	one_to_one
t-s011-a085-w005	11:85	5	بِٱلْقِسْطِ	w-s011-a085-w005	11:85:5	one_to_one
t-s011-a085-w006	11:85	6	وَلَا	w-s011-a085-w006	11:85:6	one_to_one
t-s011-a085-w007	11:85	7	تَبْخَسُوا۟	w-s011-a085-w007	11:85:7	one_to_one
t-s011-a085-w008	11:85	8	ٱلنَّاسَ	w-s011-a085-w008	11:85:8	one_to_one
t-s011-a085-w009	11:85	9	أَشْيَآءَهُمْ	w-s011-a085-w009	11:85:9	one_to_one
t-s011-a085-w010	11:85	10	وَلَا	w-s011-a085-w010	11:85:10	one_to_one
t-s011-a085-w011	11:85	11	تَعْثَوْا۟	w-s011-a085-w011	11:85:11	one_to_one
t-s011-a085-w012	11:85	12	فِى	w-s011-a085-w012	11:85:12	one_to_one
t-s011-a085-w013	11:85	13	ٱلْأَرْضِ	w-s011-a085-w013	11:85:13	one_to_one
t-s011-a085-w014	11:85	14	مُفْسِدِينَ	w-s011-a085-w014	11:85:14	one_to_one
t-s011-a086-w001	11:86	1	بَقِيَّتُ	w-s011-a086-w001	11:86:1	one_to_one
t-s011-a086-w002	11:86	2	ٱللَّهِ	w-s011-a086-w002	11:86:2	one_to_one
t-s011-a086-w003	11:86	3	خَيْرٌۭ	w-s011-a086-w003	11:86:3	one_to_one
t-s011-a086-w004	11:86	4	لَّكُمْ	w-s011-a086-w004	11:86:4	one_to_one
t-s011-a086-w005	11:86	5	إِن	w-s011-a086-w005	11:86:5	one_to_one
t-s011-a086-w006	11:86	6	كُنتُم	w-s011-a086-w006	11:86:6	one_to_one
t-s011-a086-w007	11:86	7	مُّؤْمِنِينَ	w-s011-a086-w007	11:86:7	one_to_one
t-s011-a086-w008	11:86	8	وَمَآ	w-s011-a086-w008	11:86:8	one_to_one
t-s011-a086-w009	11:86	9	أَنَا۠	w-s011-a086-w009	11:86:9	one_to_one
t-s011-a086-w010	11:86	10	عَلَيْكُم	w-s011-a086-w010	11:86:10	one_to_one
t-s011-a086-w011	11:86	11	بِحَفِيظٍۢ	w-s011-a086-w011	11:86:11	one_to_one
t-s011-a087-w001	11:87	1	قَالُوا۟	w-s011-a087-w001	11:87:1	one_to_one
t-s011-a087-w002	11:87	2	يَٰشُعَيْبُ	w-s011-a087-w002	11:87:2	one_to_one
t-s011-a087-w003	11:87	3	أَصَلَوٰتُكَ	w-s011-a087-w003	11:87:3	one_to_one
t-s011-a087-w004	11:87	4	تَأْمُرُكَ	w-s011-a087-w004	11:87:4	one_to_one
t-s011-a087-w005	11:87	5	أَن	w-s011-a087-w005	11:87:5	one_to_one
t-s011-a087-w006	11:87	6	نَّتْرُكَ	w-s011-a087-w006	11:87:6	one_to_one
t-s011-a087-w007	11:87	7	مَا	w-s011-a087-w007	11:87:7	one_to_one
t-s011-a087-w008	11:87	8	يَعْبُدُ	w-s011-a087-w008	11:87:8	one_to_one
t-s011-a087-w009	11:87	9	ءَابَآؤُنَآ	w-s011-a087-w009	11:87:9	one_to_one
t-s011-a087-w010	11:87	10	أَوْ	w-s011-a087-w010	11:87:10	one_to_one
t-s011-a087-w011	11:87	11	أَن	w-s011-a087-w011	11:87:11	one_to_one
t-s011-a087-w012	11:87	12	نَّفْعَلَ	w-s011-a087-w012	11:87:12	one_to_one
t-s011-a087-w013	11:87	13	فِىٓ	w-s011-a087-w013	11:87:13	one_to_one
t-s011-a087-w014	11:87	14	أَمْوَٰلِنَا	w-s011-a087-w014	11:87:14	one_to_one
t-s011-a087-w015	11:87	15	مَا	w-s011-a087-w015	11:87:15	one_to_one
t-s011-a087-w016	11:87	16	نَشَٰٓؤُا۟	w-s011-a087-w016	11:87:16	one_to_one
t-s011-a087-w017	11:87	17	إِنَّكَ	w-s011-a087-w017	11:87:17	one_to_one
t-s011-a087-w018	11:87	18	لَأَنتَ	w-s011-a087-w018	11:87:18	one_to_one
t-s011-a087-w019	11:87	19	ٱلْحَلِيمُ	w-s011-a087-w019	11:87:19	one_to_one
t-s011-a087-w020	11:87	20	ٱلرَّشِيدُ	w-s011-a087-w020	11:87:20	one_to_one
t-s011-a088-w001	11:88	1	قَالَ	w-s011-a088-w001	11:88:1	one_to_one
t-s011-a088-w002	11:88	2	يَٰقَوْمِ	w-s011-a088-w002	11:88:2	one_to_one
t-s011-a088-w003	11:88	3	أَرَءَيْتُمْ	w-s011-a088-w003	11:88:3	one_to_one
t-s011-a088-w004	11:88	4	إِن	w-s011-a088-w004	11:88:4	one_to_one
t-s011-a088-w005	11:88	5	كُنتُ	w-s011-a088-w005	11:88:5	one_to_one
t-s011-a088-w006	11:88	6	عَلَىٰ	w-s011-a088-w006	11:88:6	one_to_one
t-s011-a088-w007	11:88	7	بَيِّنَةٍۢ	w-s011-a088-w007	11:88:7	one_to_one
t-s011-a088-w008	11:88	8	مِّن	w-s011-a088-w008	11:88:8	one_to_one
t-s011-a088-w009	11:88	9	رَّبِّى	w-s011-a088-w009	11:88:9	one_to_one
t-s011-a088-w010	11:88	10	وَرَزَقَنِى	w-s011-a088-w010	11:88:10	one_to_one
t-s011-a088-w011	11:88	11	مِنْهُ	w-s011-a088-w011	11:88:11	one_to_one
t-s011-a088-w012	11:88	12	رِزْقًا	w-s011-a088-w012	11:88:12	one_to_one
t-s011-a088-w013	11:88	13	حَسَنًۭا	w-s011-a088-w013	11:88:13	one_to_one
t-s011-a088-w014	11:88	14	وَمَآ	w-s011-a088-w014	11:88:14	one_to_one
t-s011-a088-w015	11:88	15	أُرِيدُ	w-s011-a088-w015	11:88:15	one_to_one
t-s011-a088-w016	11:88	16	أَنْ	w-s011-a088-w016	11:88:16	one_to_one
t-s011-a088-w017	11:88	17	أُخَالِفَكُمْ	w-s011-a088-w017	11:88:17	one_to_one
t-s011-a088-w018	11:88	18	إِلَىٰ	w-s011-a088-w018	11:88:18	one_to_one
t-s011-a088-w019	11:88	19	مَآ	w-s011-a088-w019	11:88:19	one_to_one
t-s011-a088-w020	11:88	20	أَنْهَىٰكُمْ	w-s011-a088-w020	11:88:20	one_to_one
t-s011-a088-w021	11:88	21	عَنْهُ	w-s011-a088-w021	11:88:21	one_to_one
t-s011-a088-w022	11:88	22	إِنْ	w-s011-a088-w022	11:88:22	one_to_one
t-s011-a088-w023	11:88	23	أُرِيدُ	w-s011-a088-w023	11:88:23	one_to_one
t-s011-a088-w024	11:88	24	إِلَّا	w-s011-a088-w024	11:88:24	one_to_one
t-s011-a088-w025	11:88	25	ٱلْإِصْلَٰحَ	w-s011-a088-w025	11:88:25	one_to_one
t-s011-a088-w026	11:88	26	مَا	w-s011-a088-w026	11:88:26	one_to_one
t-s011-a088-w027	11:88	27	ٱسْتَطَعْتُ	w-s011-a088-w027	11:88:27	one_to_one
t-s011-a088-w028	11:88	28	وَمَا	w-s011-a088-w028	11:88:28	one_to_one
t-s011-a088-w029	11:88	29	تَوْفِيقِىٓ	w-s011-a088-w029	11:88:29	one_to_one
t-s011-a088-w030	11:88	30	إِلَّا	w-s011-a088-w030	11:88:30	one_to_one
t-s011-a088-w031	11:88	31	بِٱللَّهِ	w-s011-a088-w031	11:88:31	one_to_one
t-s011-a088-w032	11:88	32	عَلَيْهِ	w-s011-a088-w032	11:88:32	one_to_one
t-s011-a088-w033	11:88	33	تَوَكَّلْتُ	w-s011-a088-w033	11:88:33	one_to_one
t-s011-a088-w034	11:88	34	وَإِلَيْهِ	w-s011-a088-w034	11:88:34	one_to_one
t-s011-a088-w035	11:88	35	أُنِيبُ	w-s011-a088-w035	11:88:35	one_to_one
t-s011-a089-w001	11:89	1	وَيَٰقَوْمِ	w-s011-a089-w001	11:89:1	one_to_one
t-s011-a089-w002	11:89	2	لَا	w-s011-a089-w002	11:89:2	one_to_one
t-s011-a089-w003	11:89	3	يَجْرِمَنَّكُمْ	w-s011-a089-w003	11:89:3	one_to_one
t-s011-a089-w004	11:89	4	شِقَاقِىٓ	w-s011-a089-w004	11:89:4	one_to_one
t-s011-a089-w005	11:89	5	أَن	w-s011-a089-w005	11:89:5	one_to_one
t-s011-a089-w006	11:89	6	يُصِيبَكُم	w-s011-a089-w006	11:89:6	one_to_one
t-s011-a089-w007	11:89	7	مِّثْلُ	w-s011-a089-w007	11:89:7	one_to_one
t-s011-a089-w008	11:89	8	مَآ	w-s011-a089-w008	11:89:8	one_to_one
t-s011-a089-w009	11:89	9	أَصَابَ	w-s011-a089-w009	11:89:9	one_to_one
t-s011-a089-w010	11:89	10	قَوْمَ	w-s011-a089-w010	11:89:10	one_to_one
t-s011-a089-w011	11:89	11	نُوحٍ	w-s011-a089-w011	11:89:11	one_to_one
t-s011-a089-w012	11:89	12	أَوْ	w-s011-a089-w012	11:89:12	one_to_one
t-s011-a089-w013	11:89	13	قَوْمَ	w-s011-a089-w013	11:89:13	one_to_one
t-s011-a089-w014	11:89	14	هُودٍ	w-s011-a089-w014	11:89:14	one_to_one
t-s011-a089-w015	11:89	15	أَوْ	w-s011-a089-w015	11:89:15	one_to_one
t-s011-a089-w016	11:89	16	قَوْمَ	w-s011-a089-w016	11:89:16	one_to_one
t-s011-a089-w017	11:89	17	صَٰلِحٍۢ	w-s011-a089-w017	11:89:17	one_to_one
t-s011-a089-w018	11:89	18	وَمَا	w-s011-a089-w018	11:89:18	one_to_one
t-s011-a089-w019	11:89	19	قَوْمُ	w-s011-a089-w019	11:89:19	one_to_one
t-s011-a089-w020	11:89	20	لُوطٍۢ	w-s011-a089-w020	11:89:20	one_to_one
t-s011-a089-w021	11:89	21	مِّنكُم	w-s011-a089-w021	11:89:21	one_to_one
t-s011-a089-w022	11:89	22	بِبَعِيدٍۢ	w-s011-a089-w022	11:89:22	one_to_one
t-s011-a090-w001	11:90	1	وَٱسْتَغْفِرُوا۟	w-s011-a090-w001	11:90:1	one_to_one
t-s011-a090-w002	11:90	2	رَبَّكُمْ	w-s011-a090-w002	11:90:2	one_to_one
t-s011-a090-w003	11:90	3	ثُمَّ	w-s011-a090-w003	11:90:3	one_to_one
t-s011-a090-w004	11:90	4	تُوبُوٓا۟	w-s011-a090-w004	11:90:4	one_to_one
t-s011-a090-w005	11:90	5	إِلَيْهِ	w-s011-a090-w005	11:90:5	one_to_one
t-s011-a090-w006	11:90	6	إِنَّ	w-s011-a090-w006	11:90:6	one_to_one
t-s011-a090-w007	11:90	7	رَبِّى	w-s011-a090-w007	11:90:7	one_to_one
t-s011-a090-w008	11:90	8	رَحِيمٌۭ	w-s011-a090-w008	11:90:8	one_to_one
t-s011-a090-w009	11:90	9	وَدُودٌۭ	w-s011-a090-w009	11:90:9	one_to_one
t-s011-a091-w001	11:91	1	قَالُوا۟	w-s011-a091-w001	11:91:1	one_to_one
t-s011-a091-w002	11:91	2	يَٰشُعَيْبُ	w-s011-a091-w002	11:91:2	one_to_one
t-s011-a091-w003	11:91	3	مَا	w-s011-a091-w003	11:91:3	one_to_one
t-s011-a091-w004	11:91	4	نَفْقَهُ	w-s011-a091-w004	11:91:4	one_to_one
t-s011-a091-w005	11:91	5	كَثِيرًۭا	w-s011-a091-w005	11:91:5	one_to_one
t-s011-a091-w006	11:91	6	مِّمَّا	w-s011-a091-w006	11:91:6	one_to_one
t-s011-a091-w007	11:91	7	تَقُولُ	w-s011-a091-w007	11:91:7	one_to_one
t-s011-a091-w008	11:91	8	وَإِنَّا	w-s011-a091-w008	11:91:8	one_to_one
t-s011-a091-w009	11:91	9	لَنَرَىٰكَ	w-s011-a091-w009	11:91:9	one_to_one
t-s011-a091-w010	11:91	10	فِينَا	w-s011-a091-w010	11:91:10	one_to_one
t-s011-a091-w011	11:91	11	ضَعِيفًۭا	w-s011-a091-w011	11:91:11	one_to_one
t-s011-a091-w012	11:91	12	وَلَوْلَا	w-s011-a091-w012	11:91:12	one_to_one
t-s011-a091-w013	11:91	13	رَهْطُكَ	w-s011-a091-w013	11:91:13	one_to_one
t-s011-a091-w014	11:91	14	لَرَجَمْنَٰكَ	w-s011-a091-w014	11:91:14	one_to_one
t-s011-a091-w015	11:91	15	وَمَآ	w-s011-a091-w015	11:91:15	one_to_one
t-s011-a091-w016	11:91	16	أَنتَ	w-s011-a091-w016	11:91:16	one_to_one
t-s011-a091-w017	11:91	17	عَلَيْنَا	w-s011-a091-w017	11:91:17	one_to_one
t-s011-a091-w018	11:91	18	بِعَزِيزٍۢ	w-s011-a091-w018	11:91:18	one_to_one
t-s011-a092-w001	11:92	1	قَالَ	w-s011-a092-w001	11:92:1	one_to_one
t-s011-a092-w002	11:92	2	يَٰقَوْمِ	w-s011-a092-w002	11:92:2	one_to_one
t-s011-a092-w003	11:92	3	أَرَهْطِىٓ	w-s011-a092-w003	11:92:3	one_to_one
t-s011-a092-w004	11:92	4	أَعَزُّ	w-s011-a092-w004	11:92:4	one_to_one
t-s011-a092-w005	11:92	5	عَلَيْكُم	w-s011-a092-w005	11:92:5	one_to_one
t-s011-a092-w006	11:92	6	مِّنَ	w-s011-a092-w006	11:92:6	one_to_one
t-s011-a092-w007	11:92	7	ٱللَّهِ	w-s011-a092-w007	11:92:7	one_to_one
t-s011-a092-w008	11:92	8	وَٱتَّخَذْتُمُوهُ	w-s011-a092-w008	11:92:8	one_to_one
t-s011-a092-w009	11:92	9	وَرَآءَكُمْ	w-s011-a092-w009	11:92:9	one_to_one
t-s011-a092-w010	11:92	10	ظِهْرِيًّا	w-s011-a092-w010	11:92:10	one_to_one
t-s011-a092-w011	11:92	11	إِنَّ	w-s011-a092-w011	11:92:11	one_to_one
t-s011-a092-w012	11:92	12	رَبِّى	w-s011-a092-w012	11:92:12	one_to_one
t-s011-a092-w013	11:92	13	بِمَا	w-s011-a092-w013	11:92:13	one_to_one
t-s011-a092-w014	11:92	14	تَعْمَلُونَ	w-s011-a092-w014	11:92:14	one_to_one
t-s011-a092-w015	11:92	15	مُحِيطٌۭ	w-s011-a092-w015	11:92:15	one_to_one
t-s011-a093-w001	11:93	1	وَيَٰقَوْمِ	w-s011-a093-w001	11:93:1	one_to_one
t-s011-a093-w002	11:93	2	ٱعْمَلُوا۟	w-s011-a093-w002	11:93:2	one_to_one
t-s011-a093-w003	11:93	3	عَلَىٰ	w-s011-a093-w003	11:93:3	one_to_one
t-s011-a093-w004	11:93	4	مَكَانَتِكُمْ	w-s011-a093-w004	11:93:4	one_to_one
t-s011-a093-w005	11:93	5	إِنِّى	w-s011-a093-w005	11:93:5	one_to_one
t-s011-a093-w006	11:93	6	عَٰمِلٌۭ	w-s011-a093-w006	11:93:6	one_to_one
t-s011-a093-w007	11:93	7	سَوْفَ	w-s011-a093-w007	11:93:7	one_to_one
t-s011-a093-w008	11:93	8	تَعْلَمُونَ	w-s011-a093-w008	11:93:8	one_to_one
t-s011-a093-w009	11:93	9	مَن	w-s011-a093-w009	11:93:9	one_to_one
t-s011-a093-w010	11:93	10	يَأْتِيهِ	w-s011-a093-w010	11:93:10	one_to_one
t-s011-a093-w011	11:93	11	عَذَابٌۭ	w-s011-a093-w011	11:93:11	one_to_one
t-s011-a093-w012	11:93	12	يُخْزِيهِ	w-s011-a093-w012	11:93:12	one_to_one
t-s011-a093-w013	11:93	13	وَمَنْ	w-s011-a093-w013	11:93:13	one_to_one
t-s011-a093-w014	11:93	14	هُوَ	w-s011-a093-w014	11:93:14	one_to_one
t-s011-a093-w015	11:93	15	كَٰذِبٌۭ	w-s011-a093-w015	11:93:15	one_to_one
t-s011-a093-w016	11:93	16	وَٱرْتَقِبُوٓا۟	w-s011-a093-w016	11:93:16	one_to_one
t-s011-a093-w017	11:93	17	إِنِّى	w-s011-a093-w017	11:93:17	one_to_one
t-s011-a093-w018	11:93	18	مَعَكُمْ	w-s011-a093-w018	11:93:18	one_to_one
t-s011-a093-w019	11:93	19	رَقِيبٌۭ	w-s011-a093-w019	11:93:19	one_to_one
t-s011-a094-w001	11:94	1	وَلَمَّا	w-s011-a094-w001	11:94:1	one_to_one
t-s011-a094-w002	11:94	2	جَآءَ	w-s011-a094-w002	11:94:2	one_to_one
t-s011-a094-w003	11:94	3	أَمْرُنَا	w-s011-a094-w003	11:94:3	one_to_one
t-s011-a094-w004	11:94	4	نَجَّيْنَا	w-s011-a094-w004	11:94:4	one_to_one
t-s011-a094-w005	11:94	5	شُعَيْبًۭا	w-s011-a094-w005	11:94:5	one_to_one
t-s011-a094-w006	11:94	6	وَٱلَّذِينَ	w-s011-a094-w006	11:94:6	one_to_one
t-s011-a094-w007	11:94	7	ءَامَنُوا۟	w-s011-a094-w007	11:94:7	one_to_one
t-s011-a094-w008	11:94	8	مَعَهُۥ	w-s011-a094-w008	11:94:8	one_to_one
t-s011-a094-w009	11:94	9	بِرَحْمَةٍۢ	w-s011-a094-w009	11:94:9	one_to_one
t-s011-a094-w010	11:94	10	مِّنَّا	w-s011-a094-w010	11:94:10	one_to_one
t-s011-a094-w011	11:94	11	وَأَخَذَتِ	w-s011-a094-w011	11:94:11	one_to_one
t-s011-a094-w012	11:94	12	ٱلَّذِينَ	w-s011-a094-w012	11:94:12	one_to_one
t-s011-a094-w013	11:94	13	ظَلَمُوا۟	w-s011-a094-w013	11:94:13	one_to_one
t-s011-a094-w014	11:94	14	ٱلصَّيْحَةُ	w-s011-a094-w014	11:94:14	one_to_one
t-s011-a094-w015	11:94	15	فَأَصْبَحُوا۟	w-s011-a094-w015	11:94:15	one_to_one
t-s011-a094-w016	11:94	16	فِى	w-s011-a094-w016	11:94:16	one_to_one
t-s011-a094-w017	11:94	17	دِيَٰرِهِمْ	w-s011-a094-w017	11:94:17	one_to_one
t-s011-a094-w018	11:94	18	جَٰثِمِينَ	w-s011-a094-w018	11:94:18	one_to_one
t-s011-a095-w001	11:95	1	كَأَن	w-s011-a095-w001	11:95:1	one_to_one
t-s011-a095-w002	11:95	2	لَّمْ	w-s011-a095-w002	11:95:2	one_to_one
t-s011-a095-w003	11:95	3	يَغْنَوْا۟	w-s011-a095-w003	11:95:3	one_to_one
t-s011-a095-w004	11:95	4	فِيهَآ	w-s011-a095-w004	11:95:4	one_to_one
t-s011-a095-w005	11:95	5	أَلَا	w-s011-a095-w005	11:95:5	one_to_one
t-s011-a095-w006	11:95	6	بُعْدًۭا	w-s011-a095-w006	11:95:6	one_to_one
t-s011-a095-w007	11:95	7	لِّمَدْيَنَ	w-s011-a095-w007	11:95:7	one_to_one
t-s011-a095-w008	11:95	8	كَمَا	w-s011-a095-w008	11:95:8	one_to_one
t-s011-a095-w009	11:95	9	بَعِدَتْ	w-s011-a095-w009	11:95:9	one_to_one
t-s011-a095-w010	11:95	10	ثَمُودُ	w-s011-a095-w010	11:95:10	one_to_one
t-s011-a096-w001	11:96	1	وَلَقَدْ	w-s011-a096-w001	11:96:1	one_to_one
t-s011-a096-w002	11:96	2	أَرْسَلْنَا	w-s011-a096-w002	11:96:2	one_to_one
t-s011-a096-w003	11:96	3	مُوسَىٰ	w-s011-a096-w003	11:96:3	one_to_one
t-s011-a096-w004	11:96	4	بِـَٔايَٰتِنَا	w-s011-a096-w004	11:96:4	one_to_one
t-s011-a096-w005	11:96	5	وَسُلْطَٰنٍۢ	w-s011-a096-w005	11:96:5	one_to_one
t-s011-a096-w006	11:96	6	مُّبِينٍ	w-s011-a096-w006	11:96:6	one_to_one
t-s011-a097-w001	11:97	1	إِلَىٰ	w-s011-a097-w001	11:97:1	one_to_one
t-s011-a097-w002	11:97	2	فِرْعَوْنَ	w-s011-a097-w002	11:97:2	one_to_one
t-s011-a097-w003	11:97	3	وَمَلَإِي۟هِۦ	w-s011-a097-w003	11:97:3	one_to_one
t-s011-a097-w004	11:97	4	فَٱتَّبَعُوٓا۟	w-s011-a097-w004	11:97:4	one_to_one
t-s011-a097-w005	11:97	5	أَمْرَ	w-s011-a097-w005	11:97:5	one_to_one
t-s011-a097-w006	11:97	6	فِرْعَوْنَ	w-s011-a097-w006	11:97:6	one_to_one
t-s011-a097-w007	11:97	7	وَمَآ	w-s011-a097-w007	11:97:7	one_to_one
t-s011-a097-w008	11:97	8	أَمْرُ	w-s011-a097-w008	11:97:8	one_to_one
t-s011-a097-w009	11:97	9	فِرْعَوْنَ	w-s011-a097-w009	11:97:9	one_to_one
t-s011-a097-w010	11:97	10	بِرَشِيدٍۢ	w-s011-a097-w010	11:97:10	one_to_one
t-s011-a098-w001	11:98	1	يَقْدُمُ	w-s011-a098-w001	11:98:1	one_to_one
t-s011-a098-w002	11:98	2	قَوْمَهُۥ	w-s011-a098-w002	11:98:2	one_to_one
t-s011-a098-w003	11:98	3	يَوْمَ	w-s011-a098-w003	11:98:3	one_to_one
t-s011-a098-w004	11:98	4	ٱلْقِيَٰمَةِ	w-s011-a098-w004	11:98:4	one_to_one
t-s011-a098-w005	11:98	5	فَأَوْرَدَهُمُ	w-s011-a098-w005	11:98:5	one_to_one
t-s011-a098-w006	11:98	6	ٱلنَّارَ	w-s011-a098-w006	11:98:6	one_to_one
t-s011-a098-w007	11:98	7	وَبِئْسَ	w-s011-a098-w007	11:98:7	one_to_one
t-s011-a098-w008	11:98	8	ٱلْوِرْدُ	w-s011-a098-w008	11:98:8	one_to_one
t-s011-a098-w009	11:98	9	ٱلْمَوْرُودُ	w-s011-a098-w009	11:98:9	one_to_one
t-s011-a099-w001	11:99	1	وَأُتْبِعُوا۟	w-s011-a099-w001	11:99:1	one_to_one
t-s011-a099-w002	11:99	2	فِى	w-s011-a099-w002	11:99:2	one_to_one
t-s011-a099-w003	11:99	3	هَٰذِهِۦ	w-s011-a099-w003	11:99:3	one_to_one
t-s011-a099-w004	11:99	4	لَعْنَةًۭ	w-s011-a099-w004	11:99:4	one_to_one
t-s011-a099-w005	11:99	5	وَيَوْمَ	w-s011-a099-w005	11:99:5	one_to_one
t-s011-a099-w006	11:99	6	ٱلْقِيَٰمَةِ	w-s011-a099-w006	11:99:6	one_to_one
t-s011-a099-w007	11:99	7	بِئْسَ	w-s011-a099-w007	11:99:7	one_to_one
t-s011-a099-w008	11:99	8	ٱلرِّفْدُ	w-s011-a099-w008	11:99:8	one_to_one
t-s011-a099-w009	11:99	9	ٱلْمَرْفُودُ	w-s011-a099-w009	11:99:9	one_to_one
t-s011-a100-w001	11:100	1	ذَٰلِكَ	w-s011-a100-w001	11:100:1	one_to_one
t-s011-a100-w002	11:100	2	مِنْ	w-s011-a100-w002	11:100:2	one_to_one
t-s011-a100-w003	11:100	3	أَنۢبَآءِ	w-s011-a100-w003	11:100:3	one_to_one
t-s011-a100-w004	11:100	4	ٱلْقُرَىٰ	w-s011-a100-w004	11:100:4	one_to_one
t-s011-a100-w005	11:100	5	نَقُصُّهُۥ	w-s011-a100-w005	11:100:5	one_to_one
t-s011-a100-w006	11:100	6	عَلَيْكَ	w-s011-a100-w006	11:100:6	one_to_one
t-s011-a100-w007	11:100	7	مِنْهَا	w-s011-a100-w007	11:100:7	one_to_one
t-s011-a100-w008	11:100	8	قَآئِمٌۭ	w-s011-a100-w008	11:100:8	one_to_one
t-s011-a100-w009	11:100	9	وَحَصِيدٌۭ	w-s011-a100-w009	11:100:9	one_to_one
t-s011-a101-w001	11:101	1	وَمَا	w-s011-a101-w001	11:101:1	one_to_one
t-s011-a101-w002	11:101	2	ظَلَمْنَٰهُمْ	w-s011-a101-w002	11:101:2	one_to_one
t-s011-a101-w003	11:101	3	وَلَٰكِن	w-s011-a101-w003	11:101:3	one_to_one
t-s011-a101-w004	11:101	4	ظَلَمُوٓا۟	w-s011-a101-w004	11:101:4	one_to_one
t-s011-a101-w005	11:101	5	أَنفُسَهُمْ	w-s011-a101-w005	11:101:5	one_to_one
t-s011-a101-w006	11:101	6	فَمَآ	w-s011-a101-w006	11:101:6	one_to_one
t-s011-a101-w007	11:101	7	أَغْنَتْ	w-s011-a101-w007	11:101:7	one_to_one
t-s011-a101-w008	11:101	8	عَنْهُمْ	w-s011-a101-w008	11:101:8	one_to_one
t-s011-a101-w009	11:101	9	ءَالِهَتُهُمُ	w-s011-a101-w009	11:101:9	one_to_one
t-s011-a101-w010	11:101	10	ٱلَّتِى	w-s011-a101-w010	11:101:10	one_to_one
t-s011-a101-w011	11:101	11	يَدْعُونَ	w-s011-a101-w011	11:101:11	one_to_one
t-s011-a101-w012	11:101	12	مِن	w-s011-a101-w012	11:101:12	one_to_one
t-s011-a101-w013	11:101	13	دُونِ	w-s011-a101-w013	11:101:13	one_to_one
t-s011-a101-w014	11:101	14	ٱللَّهِ	w-s011-a101-w014	11:101:14	one_to_one
t-s011-a101-w015	11:101	15	مِن	w-s011-a101-w015	11:101:15	one_to_one
t-s011-a101-w016	11:101	16	شَىْءٍۢ	w-s011-a101-w016	11:101:16	one_to_one
t-s011-a101-w017	11:101	17	لَّمَّا	w-s011-a101-w017	11:101:17	one_to_one
t-s011-a101-w018	11:101	18	جَآءَ	w-s011-a101-w018	11:101:18	one_to_one
t-s011-a101-w019	11:101	19	أَمْرُ	w-s011-a101-w019	11:101:19	one_to_one
t-s011-a101-w020	11:101	20	رَبِّكَ	w-s011-a101-w020	11:101:20	one_to_one
t-s011-a101-w021	11:101	21	وَمَا	w-s011-a101-w021	11:101:21	one_to_one
t-s011-a101-w022	11:101	22	زَادُوهُمْ	w-s011-a101-w022	11:101:22	one_to_one
t-s011-a101-w023	11:101	23	غَيْرَ	w-s011-a101-w023	11:101:23	one_to_one
t-s011-a101-w024	11:101	24	تَتْبِيبٍۢ	w-s011-a101-w024	11:101:24	one_to_one
t-s011-a102-w001	11:102	1	وَكَذَٰلِكَ	w-s011-a102-w001	11:102:1	one_to_one
t-s011-a102-w002	11:102	2	أَخْذُ	w-s011-a102-w002	11:102:2	one_to_one
t-s011-a102-w003	11:102	3	رَبِّكَ	w-s011-a102-w003	11:102:3	one_to_one
t-s011-a102-w004	11:102	4	إِذَآ	w-s011-a102-w004	11:102:4	one_to_one
t-s011-a102-w005	11:102	5	أَخَذَ	w-s011-a102-w005	11:102:5	one_to_one
t-s011-a102-w006	11:102	6	ٱلْقُرَىٰ	w-s011-a102-w006	11:102:6	one_to_one
t-s011-a102-w007	11:102	7	وَهِىَ	w-s011-a102-w007	11:102:7	one_to_one
t-s011-a102-w008	11:102	8	ظَٰلِمَةٌ	w-s011-a102-w008	11:102:8	one_to_one
t-s011-a102-w009	11:102	9	إِنَّ	w-s011-a102-w009	11:102:9	one_to_one
t-s011-a102-w010	11:102	10	أَخْذَهُۥٓ	w-s011-a102-w010	11:102:10	one_to_one
t-s011-a102-w011	11:102	11	أَلِيمٌۭ	w-s011-a102-w011	11:102:11	one_to_one
t-s011-a102-w012	11:102	12	شَدِيدٌ	w-s011-a102-w012	11:102:12	one_to_one
t-s011-a103-w001	11:103	1	إِنَّ	w-s011-a103-w001	11:103:1	one_to_one
t-s011-a103-w002	11:103	2	فِى	w-s011-a103-w002	11:103:2	one_to_one
t-s011-a103-w003	11:103	3	ذَٰلِكَ	w-s011-a103-w003	11:103:3	one_to_one
t-s011-a103-w004	11:103	4	لَءَايَةًۭ	w-s011-a103-w004	11:103:4	one_to_one
t-s011-a103-w005	11:103	5	لِّمَنْ	w-s011-a103-w005	11:103:5	one_to_one
t-s011-a103-w006	11:103	6	خَافَ	w-s011-a103-w006	11:103:6	one_to_one
t-s011-a103-w007	11:103	7	عَذَابَ	w-s011-a103-w007	11:103:7	one_to_one
t-s011-a103-w008	11:103	8	ٱلْءَاخِرَةِ	w-s011-a103-w008	11:103:8	one_to_one
t-s011-a103-w009	11:103	9	ذَٰلِكَ	w-s011-a103-w009	11:103:9	one_to_one
t-s011-a103-w010	11:103	10	يَوْمٌۭ	w-s011-a103-w010	11:103:10	one_to_one
t-s011-a103-w011	11:103	11	مَّجْمُوعٌۭ	w-s011-a103-w011	11:103:11	one_to_one
t-s011-a103-w012	11:103	12	لَّهُ	w-s011-a103-w012	11:103:12	one_to_one
t-s011-a103-w013	11:103	13	ٱلنَّاسُ	w-s011-a103-w013	11:103:13	one_to_one
t-s011-a103-w014	11:103	14	وَذَٰلِكَ	w-s011-a103-w014	11:103:14	one_to_one
t-s011-a103-w015	11:103	15	يَوْمٌۭ	w-s011-a103-w015	11:103:15	one_to_one
t-s011-a103-w016	11:103	16	مَّشْهُودٌۭ	w-s011-a103-w016	11:103:16	one_to_one
t-s011-a104-w001	11:104	1	وَمَا	w-s011-a104-w001	11:104:1	one_to_one
t-s011-a104-w002	11:104	2	نُؤَخِّرُهُۥٓ	w-s011-a104-w002	11:104:2	one_to_one
t-s011-a104-w003	11:104	3	إِلَّا	w-s011-a104-w003	11:104:3	one_to_one
t-s011-a104-w004	11:104	4	لِأَجَلٍۢ	w-s011-a104-w004	11:104:4	one_to_one
t-s011-a104-w005	11:104	5	مَّعْدُودٍۢ	w-s011-a104-w005	11:104:5	one_to_one
t-s011-a105-w001	11:105	1	يَوْمَ	w-s011-a105-w001	11:105:1	one_to_one
t-s011-a105-w002	11:105	2	يَأْتِ	w-s011-a105-w002	11:105:2	one_to_one
t-s011-a105-w003	11:105	3	لَا	w-s011-a105-w003	11:105:3	one_to_one
t-s011-a105-w004	11:105	4	تَكَلَّمُ	w-s011-a105-w004	11:105:4	one_to_one
t-s011-a105-w005	11:105	5	نَفْسٌ	w-s011-a105-w005	11:105:5	one_to_one
t-s011-a105-w006	11:105	6	إِلَّا	w-s011-a105-w006	11:105:6	one_to_one
t-s011-a105-w007	11:105	7	بِإِذْنِهِۦ	w-s011-a105-w007	11:105:7	one_to_one
t-s011-a105-w008	11:105	8	فَمِنْهُمْ	w-s011-a105-w008	11:105:8	one_to_one
t-s011-a105-w009	11:105	9	شَقِىٌّۭ	w-s011-a105-w009	11:105:9	one_to_one
t-s011-a105-w010	11:105	10	وَسَعِيدٌۭ	w-s011-a105-w010	11:105:10	one_to_one
t-s011-a106-w001	11:106	1	فَأَمَّا	w-s011-a106-w001	11:106:1	one_to_one
t-s011-a106-w002	11:106	2	ٱلَّذِينَ	w-s011-a106-w002	11:106:2	one_to_one
t-s011-a106-w003	11:106	3	شَقُوا۟	w-s011-a106-w003	11:106:3	one_to_one
t-s011-a106-w004	11:106	4	فَفِى	w-s011-a106-w004	11:106:4	one_to_one
t-s011-a106-w005	11:106	5	ٱلنَّارِ	w-s011-a106-w005	11:106:5	one_to_one
t-s011-a106-w006	11:106	6	لَهُمْ	w-s011-a106-w006	11:106:6	one_to_one
t-s011-a106-w007	11:106	7	فِيهَا	w-s011-a106-w007	11:106:7	one_to_one
t-s011-a106-w008	11:106	8	زَفِيرٌۭ	w-s011-a106-w008	11:106:8	one_to_one
t-s011-a106-w009	11:106	9	وَشَهِيقٌ	w-s011-a106-w009	11:106:9	one_to_one
t-s011-a107-w001	11:107	1	خَٰلِدِينَ	w-s011-a107-w001	11:107:1	one_to_one
t-s011-a107-w002	11:107	2	فِيهَا	w-s011-a107-w002	11:107:2	one_to_one
t-s011-a107-w003	11:107	3	مَا	w-s011-a107-w003	11:107:3	one_to_one
t-s011-a107-w004	11:107	4	دَامَتِ	w-s011-a107-w004	11:107:4	one_to_one
t-s011-a107-w005	11:107	5	ٱلسَّمَٰوَٰتُ	w-s011-a107-w005	11:107:5	one_to_one
t-s011-a107-w006	11:107	6	وَٱلْأَرْضُ	w-s011-a107-w006	11:107:6	one_to_one
t-s011-a107-w007	11:107	7	إِلَّا	w-s011-a107-w007	11:107:7	one_to_one
t-s011-a107-w008	11:107	8	مَا	w-s011-a107-w008	11:107:8	one_to_one
t-s011-a107-w009	11:107	9	شَآءَ	w-s011-a107-w009	11:107:9	one_to_one
t-s011-a107-w010	11:107	10	رَبُّكَ	w-s011-a107-w010	11:107:10	one_to_one
t-s011-a107-w011	11:107	11	إِنَّ	w-s011-a107-w011	11:107:11	one_to_one
t-s011-a107-w012	11:107	12	رَبَّكَ	w-s011-a107-w012	11:107:12	one_to_one
t-s011-a107-w013	11:107	13	فَعَّالٌۭ	w-s011-a107-w013	11:107:13	one_to_one
t-s011-a107-w014	11:107	14	لِّمَا	w-s011-a107-w014	11:107:14	one_to_one
t-s011-a107-w015	11:107	15	يُرِيدُ	w-s011-a107-w015	11:107:15	one_to_one
t-s011-a108-w001	11:108	1	وَأَمَّا	w-s011-a108-w001	11:108:1	one_to_one
t-s011-a108-w002	11:108	2	ٱلَّذِينَ	w-s011-a108-w002	11:108:2	one_to_one
t-s011-a108-w003	11:108	3	سُعِدُوا۟	w-s011-a108-w003	11:108:3	one_to_one
t-s011-a108-w004	11:108	4	فَفِى	w-s011-a108-w004	11:108:4	one_to_one
t-s011-a108-w005	11:108	5	ٱلْجَنَّةِ	w-s011-a108-w005	11:108:5	one_to_one
t-s011-a108-w006	11:108	6	خَٰلِدِينَ	w-s011-a108-w006	11:108:6	one_to_one
t-s011-a108-w007	11:108	7	فِيهَا	w-s011-a108-w007	11:108:7	one_to_one
t-s011-a108-w008	11:108	8	مَا	w-s011-a108-w008	11:108:8	one_to_one
t-s011-a108-w009	11:108	9	دَامَتِ	w-s011-a108-w009	11:108:9	one_to_one
t-s011-a108-w010	11:108	10	ٱلسَّمَٰوَٰتُ	w-s011-a108-w010	11:108:10	one_to_one
t-s011-a108-w011	11:108	11	وَٱلْأَرْضُ	w-s011-a108-w011	11:108:11	one_to_one
t-s011-a108-w012	11:108	12	إِلَّا	w-s011-a108-w012	11:108:12	one_to_one
t-s011-a108-w013	11:108	13	مَا	w-s011-a108-w013	11:108:13	one_to_one
t-s011-a108-w014	11:108	14	شَآءَ	w-s011-a108-w014	11:108:14	one_to_one
t-s011-a108-w015	11:108	15	رَبُّكَ	w-s011-a108-w015	11:108:15	one_to_one
t-s011-a108-w016	11:108	16	عَطَآءً	w-s011-a108-w016	11:108:16	one_to_one
t-s011-a108-w017	11:108	17	غَيْرَ	w-s011-a108-w017	11:108:17	one_to_one
t-s011-a108-w018	11:108	18	مَجْذُوذٍۢ	w-s011-a108-w018	11:108:18	one_to_one
t-s011-a109-w001	11:109	1	فَلَا	w-s011-a109-w001	11:109:1	one_to_one
t-s011-a109-w002	11:109	2	تَكُ	w-s011-a109-w002	11:109:2	one_to_one
t-s011-a109-w003	11:109	3	فِى	w-s011-a109-w003	11:109:3	one_to_one
t-s011-a109-w004	11:109	4	مِرْيَةٍۢ	w-s011-a109-w004	11:109:4	one_to_one
t-s011-a109-w005	11:109	5	مِّمَّا	w-s011-a109-w005	11:109:5	one_to_one
t-s011-a109-w006	11:109	6	يَعْبُدُ	w-s011-a109-w006	11:109:6	one_to_one
t-s011-a109-w007	11:109	7	هَٰٓؤُلَآءِ	w-s011-a109-w007	11:109:7	one_to_one
t-s011-a109-w008	11:109	8	مَا	w-s011-a109-w008	11:109:8	one_to_one
t-s011-a109-w009	11:109	9	يَعْبُدُونَ	w-s011-a109-w009	11:109:9	one_to_one
t-s011-a109-w010	11:109	10	إِلَّا	w-s011-a109-w010	11:109:10	one_to_one
t-s011-a109-w011	11:109	11	كَمَا	w-s011-a109-w011	11:109:11	one_to_one
t-s011-a109-w012	11:109	12	يَعْبُدُ	w-s011-a109-w012	11:109:12	one_to_one
t-s011-a109-w013	11:109	13	ءَابَآؤُهُم	w-s011-a109-w013	11:109:13	one_to_one
t-s011-a109-w014	11:109	14	مِّن	w-s011-a109-w014	11:109:14	one_to_one
t-s011-a109-w015	11:109	15	قَبْلُ	w-s011-a109-w015	11:109:15	one_to_one
t-s011-a109-w016	11:109	16	وَإِنَّا	w-s011-a109-w016	11:109:16	one_to_one
t-s011-a109-w017	11:109	17	لَمُوَفُّوهُمْ	w-s011-a109-w017	11:109:17	one_to_one
t-s011-a109-w018	11:109	18	نَصِيبَهُمْ	w-s011-a109-w018	11:109:18	one_to_one
t-s011-a109-w019	11:109	19	غَيْرَ	w-s011-a109-w019	11:109:19	one_to_one
t-s011-a109-w020	11:109	20	مَنقُوصٍۢ	w-s011-a109-w020	11:109:20	one_to_one
t-s011-a110-w001	11:110	1	وَلَقَدْ	w-s011-a110-w001	11:110:1	one_to_one
t-s011-a110-w002	11:110	2	ءَاتَيْنَا	w-s011-a110-w002	11:110:2	one_to_one
t-s011-a110-w003	11:110	3	مُوسَى	w-s011-a110-w003	11:110:3	one_to_one
t-s011-a110-w004	11:110	4	ٱلْكِتَٰبَ	w-s011-a110-w004	11:110:4	one_to_one
t-s011-a110-w005	11:110	5	فَٱخْتُلِفَ	w-s011-a110-w005	11:110:5	one_to_one
t-s011-a110-w006	11:110	6	فِيهِ	w-s011-a110-w006	11:110:6	one_to_one
t-s011-a110-w007	11:110	7	وَلَوْلَا	w-s011-a110-w007	11:110:7	one_to_one
t-s011-a110-w008	11:110	8	كَلِمَةٌۭ	w-s011-a110-w008	11:110:8	one_to_one
t-s011-a110-w009	11:110	9	سَبَقَتْ	w-s011-a110-w009	11:110:9	one_to_one
t-s011-a110-w010	11:110	10	مِن	w-s011-a110-w010	11:110:10	one_to_one
t-s011-a110-w011	11:110	11	رَّبِّكَ	w-s011-a110-w011	11:110:11	one_to_one
t-s011-a110-w012	11:110	12	لَقُضِىَ	w-s011-a110-w012	11:110:12	one_to_one
t-s011-a110-w013	11:110	13	بَيْنَهُمْ	w-s011-a110-w013	11:110:13	one_to_one
t-s011-a110-w014	11:110	14	وَإِنَّهُمْ	w-s011-a110-w014	11:110:14	one_to_one
t-s011-a110-w015	11:110	15	لَفِى	w-s011-a110-w015	11:110:15	one_to_one
t-s011-a110-w016	11:110	16	شَكٍّۢ	w-s011-a110-w016	11:110:16	one_to_one
t-s011-a110-w017	11:110	17	مِّنْهُ	w-s011-a110-w017	11:110:17	one_to_one
t-s011-a110-w018	11:110	18	مُرِيبٍۢ	w-s011-a110-w018	11:110:18	one_to_one
t-s011-a111-w001	11:111	1	وَإِنَّ	w-s011-a111-w001	11:111:1	one_to_one
t-s011-a111-w002	11:111	2	كُلًّۭا	w-s011-a111-w002	11:111:2	one_to_one
t-s011-a111-w003	11:111	3	لَّمَّا	w-s011-a111-w003	11:111:3	one_to_one
t-s011-a111-w004	11:111	4	لَيُوَفِّيَنَّهُمْ	w-s011-a111-w004	11:111:4	one_to_one
t-s011-a111-w005	11:111	5	رَبُّكَ	w-s011-a111-w005	11:111:5	one_to_one
t-s011-a111-w006	11:111	6	أَعْمَٰلَهُمْ	w-s011-a111-w006	11:111:6	one_to_one
t-s011-a111-w007	11:111	7	إِنَّهُۥ	w-s011-a111-w007	11:111:7	one_to_one
t-s011-a111-w008	11:111	8	بِمَا	w-s011-a111-w008	11:111:8	one_to_one
t-s011-a111-w009	11:111	9	يَعْمَلُونَ	w-s011-a111-w009	11:111:9	one_to_one
t-s011-a111-w010	11:111	10	خَبِيرٌۭ	w-s011-a111-w010	11:111:10	one_to_one
t-s011-a112-w001	11:112	1	فَٱسْتَقِمْ	w-s011-a112-w001	11:112:1	one_to_one
t-s011-a112-w002	11:112	2	كَمَآ	w-s011-a112-w002	11:112:2	one_to_one
t-s011-a112-w003	11:112	3	أُمِرْتَ	w-s011-a112-w003	11:112:3	one_to_one
t-s011-a112-w004	11:112	4	وَمَن	w-s011-a112-w004	11:112:4	one_to_one
t-s011-a112-w005	11:112	5	تَابَ	w-s011-a112-w005	11:112:5	one_to_one
t-s011-a112-w006	11:112	6	مَعَكَ	w-s011-a112-w006	11:112:6	one_to_one
t-s011-a112-w007	11:112	7	وَلَا	w-s011-a112-w007	11:112:7	one_to_one
t-s011-a112-w008	11:112	8	تَطْغَوْا۟	w-s011-a112-w008	11:112:8	one_to_one
t-s011-a112-w009	11:112	9	إِنَّهُۥ	w-s011-a112-w009	11:112:9	one_to_one
t-s011-a112-w010	11:112	10	بِمَا	w-s011-a112-w010	11:112:10	one_to_one
t-s011-a112-w011	11:112	11	تَعْمَلُونَ	w-s011-a112-w011	11:112:11	one_to_one
t-s011-a112-w012	11:112	12	بَصِيرٌۭ	w-s011-a112-w012	11:112:12	one_to_one
t-s011-a113-w001	11:113	1	وَلَا	w-s011-a113-w001	11:113:1	one_to_one
t-s011-a113-w002	11:113	2	تَرْكَنُوٓا۟	w-s011-a113-w002	11:113:2	one_to_one
t-s011-a113-w003	11:113	3	إِلَى	w-s011-a113-w003	11:113:3	one_to_one
t-s011-a113-w004	11:113	4	ٱلَّذِينَ	w-s011-a113-w004	11:113:4	one_to_one
t-s011-a113-w005	11:113	5	ظَلَمُوا۟	w-s011-a113-w005	11:113:5	one_to_one
t-s011-a113-w006	11:113	6	فَتَمَسَّكُمُ	w-s011-a113-w006	11:113:6	one_to_one
t-s011-a113-w007	11:113	7	ٱلنَّارُ	w-s011-a113-w007	11:113:7	one_to_one
t-s011-a113-w008	11:113	8	وَمَا	w-s011-a113-w008	11:113:8	one_to_one
t-s011-a113-w009	11:113	9	لَكُم	w-s011-a113-w009	11:113:9	one_to_one
t-s011-a113-w010	11:113	10	مِّن	w-s011-a113-w010	11:113:10	one_to_one
t-s011-a113-w011	11:113	11	دُونِ	w-s011-a113-w011	11:113:11	one_to_one
t-s011-a113-w012	11:113	12	ٱللَّهِ	w-s011-a113-w012	11:113:12	one_to_one
t-s011-a113-w013	11:113	13	مِنْ	w-s011-a113-w013	11:113:13	one_to_one
t-s011-a113-w014	11:113	14	أَوْلِيَآءَ	w-s011-a113-w014	11:113:14	one_to_one
t-s011-a113-w015	11:113	15	ثُمَّ	w-s011-a113-w015	11:113:15	one_to_one
t-s011-a113-w016	11:113	16	لَا	w-s011-a113-w016	11:113:16	one_to_one
t-s011-a113-w017	11:113	17	تُنصَرُونَ	w-s011-a113-w017	11:113:17	one_to_one
t-s011-a114-w001	11:114	1	وَأَقِمِ	w-s011-a114-w001	11:114:1	one_to_one
t-s011-a114-w002	11:114	2	ٱلصَّلَوٰةَ	w-s011-a114-w002	11:114:2	one_to_one
t-s011-a114-w003	11:114	3	طَرَفَىِ	w-s011-a114-w003	11:114:3	one_to_one
t-s011-a114-w004	11:114	4	ٱلنَّهَارِ	w-s011-a114-w004	11:114:4	one_to_one
t-s011-a114-w005	11:114	5	وَزُلَفًۭا	w-s011-a114-w005	11:114:5	one_to_one
t-s011-a114-w006	11:114	6	مِّنَ	w-s011-a114-w006	11:114:6	one_to_one
t-s011-a114-w007	11:114	7	ٱلَّيْلِ	w-s011-a114-w007	11:114:7	one_to_one
t-s011-a114-w008	11:114	8	إِنَّ	w-s011-a114-w008	11:114:8	one_to_one
t-s011-a114-w009	11:114	9	ٱلْحَسَنَٰتِ	w-s011-a114-w009	11:114:9	one_to_one
t-s011-a114-w010	11:114	10	يُذْهِبْنَ	w-s011-a114-w010	11:114:10	one_to_one
t-s011-a114-w011	11:114	11	ٱلسَّيِّـَٔاتِ	w-s011-a114-w011	11:114:11	one_to_one
t-s011-a114-w012	11:114	12	ذَٰلِكَ	w-s011-a114-w012	11:114:12	one_to_one
t-s011-a114-w013	11:114	13	ذِكْرَىٰ	w-s011-a114-w013	11:114:13	one_to_one
t-s011-a114-w014	11:114	14	لِلذَّٰكِرِينَ	w-s011-a114-w014	11:114:14	one_to_one
t-s011-a115-w001	11:115	1	وَٱصْبِرْ	w-s011-a115-w001	11:115:1	one_to_one
t-s011-a115-w002	11:115	2	فَإِنَّ	w-s011-a115-w002	11:115:2	one_to_one
t-s011-a115-w003	11:115	3	ٱللَّهَ	w-s011-a115-w003	11:115:3	one_to_one
t-s011-a115-w004	11:115	4	لَا	w-s011-a115-w004	11:115:4	one_to_one
t-s011-a115-w005	11:115	5	يُضِيعُ	w-s011-a115-w005	11:115:5	one_to_one
t-s011-a115-w006	11:115	6	أَجْرَ	w-s011-a115-w006	11:115:6	one_to_one
t-s011-a115-w007	11:115	7	ٱلْمُحْسِنِينَ	w-s011-a115-w007	11:115:7	one_to_one
t-s011-a116-w001	11:116	1	فَلَوْلَا	w-s011-a116-w001	11:116:1	one_to_one
t-s011-a116-w002	11:116	2	كَانَ	w-s011-a116-w002	11:116:2	one_to_one
t-s011-a116-w003	11:116	3	مِنَ	w-s011-a116-w003	11:116:3	one_to_one
t-s011-a116-w004	11:116	4	ٱلْقُرُونِ	w-s011-a116-w004	11:116:4	one_to_one
t-s011-a116-w005	11:116	5	مِن	w-s011-a116-w005	11:116:5	one_to_one
t-s011-a116-w006	11:116	6	قَبْلِكُمْ	w-s011-a116-w006	11:116:6	one_to_one
t-s011-a116-w007	11:116	7	أُو۟لُوا۟	w-s011-a116-w007	11:116:7	one_to_one
t-s011-a116-w008	11:116	8	بَقِيَّةٍۢ	w-s011-a116-w008	11:116:8	one_to_one
t-s011-a116-w009	11:116	9	يَنْهَوْنَ	w-s011-a116-w009	11:116:9	one_to_one
t-s011-a116-w010	11:116	10	عَنِ	w-s011-a116-w010	11:116:10	one_to_one
t-s011-a116-w011	11:116	11	ٱلْفَسَادِ	w-s011-a116-w011	11:116:11	one_to_one
t-s011-a116-w012	11:116	12	فِى	w-s011-a116-w012	11:116:12	one_to_one
t-s011-a116-w013	11:116	13	ٱلْأَرْضِ	w-s011-a116-w013	11:116:13	one_to_one
t-s011-a116-w014	11:116	14	إِلَّا	w-s011-a116-w014	11:116:14	one_to_one
t-s011-a116-w015	11:116	15	قَلِيلًۭا	w-s011-a116-w015	11:116:15	one_to_one
t-s011-a116-w016	11:116	16	مِّمَّنْ	w-s011-a116-w016	11:116:16	one_to_one
t-s011-a116-w017	11:116	17	أَنجَيْنَا	w-s011-a116-w017	11:116:17	one_to_one
t-s011-a116-w018	11:116	18	مِنْهُمْ	w-s011-a116-w018	11:116:18	one_to_one
t-s011-a116-w019	11:116	19	وَٱتَّبَعَ	w-s011-a116-w019	11:116:19	one_to_one
t-s011-a116-w020	11:116	20	ٱلَّذِينَ	w-s011-a116-w020	11:116:20	one_to_one
t-s011-a116-w021	11:116	21	ظَلَمُوا۟	w-s011-a116-w021	11:116:21	one_to_one
t-s011-a116-w022	11:116	22	مَآ	w-s011-a116-w022	11:116:22	one_to_one
t-s011-a116-w023	11:116	23	أُتْرِفُوا۟	w-s011-a116-w023	11:116:23	one_to_one
t-s011-a116-w024	11:116	24	فِيهِ	w-s011-a116-w024	11:116:24	one_to_one
t-s011-a116-w025	11:116	25	وَكَانُوا۟	w-s011-a116-w025	11:116:25	one_to_one
t-s011-a116-w026	11:116	26	مُجْرِمِينَ	w-s011-a116-w026	11:116:26	one_to_one
t-s011-a117-w001	11:117	1	وَمَا	w-s011-a117-w001	11:117:1	one_to_one
t-s011-a117-w002	11:117	2	كَانَ	w-s011-a117-w002	11:117:2	one_to_one
t-s011-a117-w003	11:117	3	رَبُّكَ	w-s011-a117-w003	11:117:3	one_to_one
t-s011-a117-w004	11:117	4	لِيُهْلِكَ	w-s011-a117-w004	11:117:4	one_to_one
t-s011-a117-w005	11:117	5	ٱلْقُرَىٰ	w-s011-a117-w005	11:117:5	one_to_one
t-s011-a117-w006	11:117	6	بِظُلْمٍۢ	w-s011-a117-w006	11:117:6	one_to_one
t-s011-a117-w007	11:117	7	وَأَهْلُهَا	w-s011-a117-w007	11:117:7	one_to_one
t-s011-a117-w008	11:117	8	مُصْلِحُونَ	w-s011-a117-w008	11:117:8	one_to_one
t-s011-a118-w001	11:118	1	وَلَوْ	w-s011-a118-w001	11:118:1	one_to_one
t-s011-a118-w002	11:118	2	شَآءَ	w-s011-a118-w002	11:118:2	one_to_one
t-s011-a118-w003	11:118	3	رَبُّكَ	w-s011-a118-w003	11:118:3	one_to_one
t-s011-a118-w004	11:118	4	لَجَعَلَ	w-s011-a118-w004	11:118:4	one_to_one
t-s011-a118-w005	11:118	5	ٱلنَّاسَ	w-s011-a118-w005	11:118:5	one_to_one
t-s011-a118-w006	11:118	6	أُمَّةًۭ	w-s011-a118-w006	11:118:6	one_to_one
t-s011-a118-w007	11:118	7	وَٰحِدَةًۭ	w-s011-a118-w007	11:118:7	one_to_one
t-s011-a118-w008	11:118	8	وَلَا	w-s011-a118-w008	11:118:8	one_to_one
t-s011-a118-w009	11:118	9	يَزَالُونَ	w-s011-a118-w009	11:118:9	one_to_one
t-s011-a118-w010	11:118	10	مُخْتَلِفِينَ	w-s011-a118-w010	11:118:10	one_to_one
t-s011-a119-w001	11:119	1	إِلَّا	w-s011-a119-w001	11:119:1	one_to_one
t-s011-a119-w002	11:119	2	مَن	w-s011-a119-w002	11:119:2	one_to_one
t-s011-a119-w003	11:119	3	رَّحِمَ	w-s011-a119-w003	11:119:3	one_to_one
t-s011-a119-w004	11:119	4	رَبُّكَ	w-s011-a119-w004	11:119:4	one_to_one
t-s011-a119-w005	11:119	5	وَلِذَٰلِكَ	w-s011-a119-w005	11:119:5	one_to_one
t-s011-a119-w006	11:119	6	خَلَقَهُمْ	w-s011-a119-w006	11:119:6	one_to_one
t-s011-a119-w007	11:119	7	وَتَمَّتْ	w-s011-a119-w007	11:119:7	one_to_one
t-s011-a119-w008	11:119	8	كَلِمَةُ	w-s011-a119-w008	11:119:8	one_to_one
t-s011-a119-w009	11:119	9	رَبِّكَ	w-s011-a119-w009	11:119:9	one_to_one
t-s011-a119-w010	11:119	10	لَأَمْلَأَنَّ	w-s011-a119-w010	11:119:10	one_to_one
t-s011-a119-w011	11:119	11	جَهَنَّمَ	w-s011-a119-w011	11:119:11	one_to_one
t-s011-a119-w012	11:119	12	مِنَ	w-s011-a119-w012	11:119:12	one_to_one
t-s011-a119-w013	11:119	13	ٱلْجِنَّةِ	w-s011-a119-w013	11:119:13	one_to_one
t-s011-a119-w014	11:119	14	وَٱلنَّاسِ	w-s011-a119-w014	11:119:14	one_to_one
t-s011-a119-w015	11:119	15	أَجْمَعِينَ	w-s011-a119-w015	11:119:15	one_to_one
t-s011-a120-w001	11:120	1	وَكُلًّۭا	w-s011-a120-w001	11:120:1	one_to_one
t-s011-a120-w002	11:120	2	نَّقُصُّ	w-s011-a120-w002	11:120:2	one_to_one
t-s011-a120-w003	11:120	3	عَلَيْكَ	w-s011-a120-w003	11:120:3	one_to_one
t-s011-a120-w004	11:120	4	مِنْ	w-s011-a120-w004	11:120:4	one_to_one
t-s011-a120-w005	11:120	5	أَنۢبَآءِ	w-s011-a120-w005	11:120:5	one_to_one
t-s011-a120-w006	11:120	6	ٱلرُّسُلِ	w-s011-a120-w006	11:120:6	one_to_one
t-s011-a120-w007	11:120	7	مَا	w-s011-a120-w007	11:120:7	one_to_one
t-s011-a120-w008	11:120	8	نُثَبِّتُ	w-s011-a120-w008	11:120:8	one_to_one
t-s011-a120-w009	11:120	9	بِهِۦ	w-s011-a120-w009	11:120:9	one_to_one
t-s011-a120-w010	11:120	10	فُؤَادَكَ	w-s011-a120-w010	11:120:10	one_to_one
t-s011-a120-w011	11:120	11	وَجَآءَكَ	w-s011-a120-w011	11:120:11	one_to_one
t-s011-a120-w012	11:120	12	فِى	w-s011-a120-w012	11:120:12	one_to_one
t-s011-a120-w013	11:120	13	هَٰذِهِ	w-s011-a120-w013	11:120:13	one_to_one
t-s011-a120-w014	11:120	14	ٱلْحَقُّ	w-s011-a120-w014	11:120:14	one_to_one
t-s011-a120-w015	11:120	15	وَمَوْعِظَةٌۭ	w-s011-a120-w015	11:120:15	one_to_one
t-s011-a120-w016	11:120	16	وَذِكْرَىٰ	w-s011-a120-w016	11:120:16	one_to_one
t-s011-a120-w017	11:120	17	لِلْمُؤْمِنِينَ	w-s011-a120-w017	11:120:17	one_to_one
t-s011-a121-w001	11:121	1	وَقُل	w-s011-a121-w001	11:121:1	one_to_one
t-s011-a121-w002	11:121	2	لِّلَّذِينَ	w-s011-a121-w002	11:121:2	one_to_one
t-s011-a121-w003	11:121	3	لَا	w-s011-a121-w003	11:121:3	one_to_one
t-s011-a121-w004	11:121	4	يُؤْمِنُونَ	w-s011-a121-w004	11:121:4	one_to_one
t-s011-a121-w005	11:121	5	ٱعْمَلُوا۟	w-s011-a121-w005	11:121:5	one_to_one
t-s011-a121-w006	11:121	6	عَلَىٰ	w-s011-a121-w006	11:121:6	one_to_one
t-s011-a121-w007	11:121	7	مَكَانَتِكُمْ	w-s011-a121-w007	11:121:7	one_to_one
t-s011-a121-w008	11:121	8	إِنَّا	w-s011-a121-w008	11:121:8	one_to_one
t-s011-a121-w009	11:121	9	عَٰمِلُونَ	w-s011-a121-w009	11:121:9	one_to_one
t-s011-a122-w001	11:122	1	وَٱنتَظِرُوٓا۟	w-s011-a122-w001	11:122:1	one_to_one
t-s011-a122-w002	11:122	2	إِنَّا	w-s011-a122-w002	11:122:2	one_to_one
t-s011-a122-w003	11:122	3	مُنتَظِرُونَ	w-s011-a122-w003	11:122:3	one_to_one
t-s011-a123-w001	11:123	1	وَلِلَّهِ	w-s011-a123-w001	11:123:1	one_to_one
t-s011-a123-w002	11:123	2	غَيْبُ	w-s011-a123-w002	11:123:2	one_to_one
t-s011-a123-w003	11:123	3	ٱلسَّمَٰوَٰتِ	w-s011-a123-w003	11:123:3	one_to_one
t-s011-a123-w004	11:123	4	وَٱلْأَرْضِ	w-s011-a123-w004	11:123:4	one_to_one
t-s011-a123-w005	11:123	5	وَإِلَيْهِ	w-s011-a123-w005	11:123:5	one_to_one
t-s011-a123-w006	11:123	6	يُرْجَعُ	w-s011-a123-w006	11:123:6	one_to_one
t-s011-a123-w007	11:123	7	ٱلْأَمْرُ	w-s011-a123-w007	11:123:7	one_to_one
t-s011-a123-w008	11:123	8	كُلُّهُۥ	w-s011-a123-w008	11:123:8	one_to_one
t-s011-a123-w009	11:123	9	فَٱعْبُدْهُ	w-s011-a123-w009	11:123:9	one_to_one
t-s011-a123-w010	11:123	10	وَتَوَكَّلْ	w-s011-a123-w010	11:123:10	one_to_one
t-s011-a123-w011	11:123	11	عَلَيْهِ	w-s011-a123-w011	11:123:11	one_to_one
t-s011-a123-w012	11:123	12	وَمَا	w-s011-a123-w012	11:123:12	one_to_one
t-s011-a123-w013	11:123	13	رَبُّكَ	w-s011-a123-w013	11:123:13	one_to_one
t-s011-a123-w014	11:123	14	بِغَٰفِلٍ	w-s011-a123-w014	11:123:14	one_to_one
t-s011-a123-w015	11:123	15	عَمَّا	w-s011-a123-w015	11:123:15	one_to_one
t-s011-a123-w016	11:123	16	تَعْمَلُونَ	w-s011-a123-w016	11:123:16	one_to_one
