syntax_edge_id	attachment_edge_id	ayah_ref	source_word_id	target_word_id	prep_word_id	source_morpheme_id	target_morpheme_id	prep_morpheme_id	source_qac_ref	target_qac_ref	prep_qac_ref	source_attachment_unit_id	target_attachment_unit_id	prep_attachment_unit_id	source_position	target_position	prep_position	relation	status	confidence	source_part	target_part	source_form_tag	target_form_tag	object_type	prep_base	binding_status	evidence	reason	source_pointer
sx-51_0-00001	ae:v3:s001:001:pass1:attach:a1	51:0	w-s051-a000-w001	w-s051-a000-w001	w-s051-a000-w001	m-w-s051-a000-w001-01	m-w-s051-a000-w001-02	m-w-s051-a000-w001-01	1:1:1:1	1:1:1:2	1:1:1:1	q:1:1:1	q:1:1:2	q:1:1:1	1	2	1	prep_complement	strongly_licensed	high			PREP	NOUN_ABSTRACT		بـ	position_morpheme_aligned	case_government;formulaic_construction	سْمِ is governed by the prefixed بِ in the formula بِسْمِ.	resources/attachments.tsv:2
sx-51_0-00002	ae:v3:s001:001:pass1:attach:a2	51:0	w-s051-a000-w001	w-s051-a000-w002		m-w-s051-a000-w001-02	m-w-s051-a000-w002-01		1:1:1:2	1:1:2:1		q:1:1:2	q:1:1:3		2	3		idafa	syntactically_forced	high			NOUN_ABSTRACT	NOUN_PROP			position_morpheme_aligned	case_government;local_syntax	ٱللَّهِ is the genitive muḍāf ilayhi of سْمِ.	resources/attachments.tsv:3
sx-51_0-00003	ae:v3:s001:001:pass1:attach:a3	51:0	w-s051-a000-w002	w-s051-a000-w003		m-w-s051-a000-w002-01	m-w-s051-a000-w003-02		1:1:2:1	1:1:3:2		q:1:1:3	q:1:1:4		3	4		adjective	strongly_licensed	high			NOUN_PROP	NOUN_PROP			position_morpheme_aligned	agreement;local_syntax	ٱلرَّحْمَٰنِ follows ٱللَّهِ in genitive definiteness as an adjectival divine epithet.	resources/attachments.tsv:4
sx-51_0-00004	ae:v3:s001:001:pass1:attach:a4	51:0	w-s051-a000-w002	w-s051-a000-w003		m-w-s051-a000-w002-01	m-w-s051-a000-w003-02		1:1:2:1	1:1:3:2		q:1:1:3	q:1:1:5		3	5		adjective	strongly_licensed	high			NOUN_PROP	NOUN_PROP			fallback_morpheme_aligned	agreement;local_syntax	ٱلرَّحِيمِ follows ٱللَّهِ in the same genitive adjectival series.	resources/attachments.tsv:5
sx-51_1-00005	ae:v3:s051:001:pass1:attach:a1	51:1	w-s051-a001-w001	w-s051-a001-w001		m-w-s051-a001-w001-03	m-w-s051-a001-w001-03		51:1:1:3	51:1:1:3		q:51:1:2	q:51:1:3		2	3		cognate_acc	strongly_licensed	high			NOUN_ACTIVE_PART	GERUND			fallback_morpheme_aligned	case_government;local_syntax	ذَرْوًا is the accusative verbal noun specifying the scattering expressed by ٱلذَّٰرِيَٰتِ.	resources/attachments.tsv:50309
sx-51_1-00006	ae:v3:s051:001:pass1:attach:a2	51:1	w-s051-a001-w001	w-s051-a001-w001		m-w-s051-a001-w001-01	m-w-s051-a001-w001-03		51:1:1:1	51:1:1:3		q:51:1:1	q:51:1:2		1	2		particle_complement	syntactically_forced	high			CONJ	NOUN_ACTIVE_PART			position_morpheme_aligned	case_government;local_syntax	ٱلذَّٰرِيَٰتِ is genitive as the complement governed by the oath وَ.	resources/attachments.tsv:50310
sx-51_2-00007	ae:v3:s051:002:pass1:attach:a1	51:2	w-s051-a002-w001	w-s051-a002-w002		m-w-s051-a002-w001-03	m-w-s051-a002-w002-01		51:2:1:3	51:2:2:1		q:51:2:2	q:51:2:3		2	3		direct_object	strongly_licensed	high			NOUN_ACTIVE_PART	NOUN_CONCRETE	explicit		position_morpheme_aligned	case_government;local_syntax	وِقْرًا names the load borne by ٱلْحَٰمِلَٰتِ and is accusative under the active participle.	resources/attachments.tsv:50311
sx-51_3-00008	ae:v3:s051:003:pass1:attach:a1	51:3	w-s051-a003-w001	w-s051-a003-w002		m-w-s051-a003-w001-03	m-w-s051-a003-w002-01		51:3:1:3	51:3:2:1		q:51:3:2	q:51:3:3		2	3		adverbial	strongly_licensed	high			NOUN_CONCRETE	GERUND			position_morpheme_aligned	case_government;local_syntax	يُسْرًا is an accusative manner expression describing how ٱلْجَٰرِيَٰتِ run.	resources/attachments.tsv:50312
sx-51_4-00009	ae:v3:s051:004:pass1:attach:a1	51:4	w-s051-a004-w001	w-s051-a004-w002		m-w-s051-a004-w001-03	m-w-s051-a004-w002-01		51:4:1:3	51:4:2:1		q:51:4:2	q:51:4:3		2	3		direct_object	strongly_licensed	high			NOUN_ACTIVE_PART	GERUND	explicit		position_morpheme_aligned	case_government;local_syntax	أَمْرًا is the accusative object of the active participle ٱلْمُقَسِّمَٰتِ.	resources/attachments.tsv:50313
sx-51_5-00010	ae:v3:s051:005:pass1:attach:a1	51:5	w-s051-a005-w001	w-s051-a005-w001					51:5:1	51:5:1		q:51:5:1	q:51:5:1		1	1		particle_complement	strongly_licensed	medium	particle_segment	particle_segment					position_word_aligned	local_syntax	The ما segment in إِنَّمَا functions as the nominal complement governed by إنّ.	resources/attachments.tsv:50314
sx-51_5-00011	ae:v3:s051:005:pass1:attach:a2	51:5	w-s051-a005-w001	w-s051-a005-w003			m-w-s051-a005-w003-02		51:5:1	51:5:3:2		q:51:5:1	q:51:5:4		1	4		predication	strongly_licensed	high			KAAFA_MAKFOUFA	NOUN_ACTIVE_PART			position_word_aligned	local_syntax;case_government	صَادِقٌ is the predicate of the إنّ construction opened by إِنَّمَا, with لَ only adding emphasis.	resources/attachments.tsv:50315
sx-51_6-00012	ae:v3:s051:006:pass1:attach:a1	51:6	w-s051-a006-w001	w-s051-a006-w002		m-w-s051-a006-w001-02	m-w-s051-a006-w002-02		51:6:1:2	51:6:2:2		q:51:6:2	q:51:6:3		2	3		particle_complement	syntactically_forced	high			CONDITION_PART	NOUN_ABSTRACT			position_morpheme_aligned	case_government;local_syntax	ٱلدِّينَ is the accusative اسم إنَّ governed by إِنَّ.	resources/attachments.tsv:50316
sx-51_6-00013	ae:v3:s051:006:pass1:attach:a2	51:6	w-s051-a006-w001	w-s051-a006-w003		m-w-s051-a006-w001-02	m-w-s051-a006-w003-02		51:6:1:2	51:6:3:2		q:51:6:2	q:51:6:5		2	5		predication	syntactically_forced	high			CONDITION_PART	NOUN_ABSTRACT			position_morpheme_aligned	local_syntax;case_government	وَاقِعٌ is the predicate of إِنَّ; the preceding لَ is emphatic, not a preposition.	resources/attachments.tsv:50317
sx-51_7-00014	ae:v3:s051:007:pass1:attach:a1	51:7	w-s051-a007-w001	w-s051-a007-w002		m-w-s051-a007-w001-03	m-w-s051-a007-w002-01		51:7:1:3	51:7:2:1		q:51:7:2	q:51:7:3		2	3		adjective	strongly_licensed	high			NOUN_CONCRETE	NOUN_ABSTRACT			position_morpheme_aligned	agreement;case_government	ذَاتِ agrees with ٱلسَّمَآءِ in genitive feminine singular and describes the sky.	resources/attachments.tsv:50318
sx-51_7-00015	ae:v3:s051:007:pass1:attach:a2	51:7	w-s051-a007-w002	w-s051-a007-w003		m-w-s051-a007-w002-01	m-w-s051-a007-w003-02		51:7:2:1	51:7:3:2		q:51:7:3	q:51:7:4		3	4		idafa	syntactically_forced	high			NOUN_ABSTRACT	NOUN_ABSTRACT			position_morpheme_aligned	case_government;local_syntax	ٱلْحُبُكِ is the genitive complement of ذَاتِ in an iḍāfa phrase.	resources/attachments.tsv:50319
sx-51_7-00016	ae:v3:s051:007:pass1:attach:a3	51:7	w-s051-a007-w001	w-s051-a007-w001		m-w-s051-a007-w001-01	m-w-s051-a007-w001-03		51:7:1:1	51:7:1:3		q:51:7:1	q:51:7:2		1	2		particle_complement	syntactically_forced	high			CONJ	NOUN_CONCRETE			position_morpheme_aligned	case_government;local_syntax	ٱلسَّمَآءِ is genitive as the complement governed by the oath وَ.	resources/attachments.tsv:50320
sx-51_8-00017	ae:v3:s051:008:pass1:attach:a1	51:8	w-s051-a008-w001	w-s051-a008-w001		m-w-s051-a008-w001-01	m-w-s051-a008-w001-02		51:8:1:1	51:8:1:2		q:51:8:1	q:51:8:1		1	1		particle_complement	syntactically_forced	high	particle_segment	pronoun_suffix					position_morpheme_aligned	morphology;local_syntax	The كُمْ suffix in إِنَّكُمْ is the اسم إنَّ governed by the particle.	resources/attachments.tsv:50321
sx-51_8-00018	ae:v3:s051:008:pass1:attach:a2	51:8	w-s051-a008-w001	w-s051-a008-w002		m-w-s051-a008-w001-01	m-w-s051-a008-w002-02		51:8:1:1	51:8:2:2		q:51:8:1	q:51:8:3		1	3		predication	syntactically_forced	high			ANNUL_PART	PREP			position_morpheme_aligned	local_syntax	فِى قَوْلٍ مُّخْتَلِفٍ is the predicate phrase of إِنَّكُمْ, with لَ only marking emphasis.	resources/attachments.tsv:50322
sx-51_8-00019	ae:v3:s051:008:pass1:attach:a3	51:8	w-s051-a008-w001	w-s051-a008-w003	w-s051-a008-w002	m-w-s051-a008-w001-01	m-w-s051-a008-w003-01	m-w-s051-a008-w002-02	51:8:1:1	51:8:3:1	51:8:2:2	q:51:8:1	q:51:8:4	q:51:8:3	1	4	3	prep_complement	syntactically_forced	high			ANNUL_PART	GERUND		فِي	position_morpheme_aligned	case_government;local_syntax	قَوْلٍ is governed by فِى inside the predicate of إِنَّكُمْ.	resources/attachments.tsv:50323
sx-51_8-00020	ae:v3:s051:008:pass1:attach:a4	51:8	w-s051-a008-w003	w-s051-a008-w004		m-w-s051-a008-w003-01	m-w-s051-a008-w004-01		51:8:3:1	51:8:4:1		q:51:8:4	q:51:8:5		4	5		adjective	strongly_licensed	high			GERUND	NOUN_ACTIVE_PART			position_morpheme_aligned	agreement;case_government	مُّخْتَلِفٍ agrees with قَوْلٍ in genitive indefinite singular and modifies it.	resources/attachments.tsv:50324
sx-51_9-00021	ae:v3:s051:009:pass1:attach:a1	51:9	w-s051-a009-w001	w-s051-a009-w002	w-s051-a009-w002	m-w-s051-a009-w001-01	m-w-s051-a009-w002-02	m-w-s051-a009-w002-01	51:9:1:1	51:9:2:2	51:9:2:1	q:51:9:1	q:51:9:2	q:51:9:2	1	2	2	prep_complement	syntactically_forced	high		pronoun_suffix	IV_PASS			عَن	position_morpheme_aligned	case_government;local_syntax	The هُ suffix in عَنْهُ is governed by عَنْ as the prepositional complement of يُؤْفَكُ.	resources/attachments.tsv:50325
sx-51_9-00022	ae:v3:s051:009:pass1:attach:a2	51:9	w-s051-a009-w001	w-s051-a009-w003		m-w-s051-a009-w001-01	m-w-s051-a009-w003-01		51:9:1:1	51:9:3:1		q:51:9:1	q:51:9:3		1	3		subject	strongly_licensed	high			IV_PASS	REL_PRON			position_morpheme_aligned	word_order;local_syntax	مَنْ أُفِكَ is the visible passive subject phrase of يُؤْفَكُ.	resources/attachments.tsv:50326
sx-51_10-00023	ae:v3:s051:010:pass1:attach:a1	51:10	w-s051-a010-w001	w-s051-a010-w002		m-w-s051-a010-w001-01	m-w-s051-a010-w002-02		51:10:1:1	51:10:2:2		q:51:10:1	q:51:10:2		1	2		subject	syntactically_forced	high			PV_PASS	ADJ_INTENS			position_morpheme_aligned	agreement;word_order	ٱلْخَرَّٰصُونَ is nominative and supplies the passive subject of قُتِلَ.	resources/attachments.tsv:50327
sx-51_11-00024	ae:v3:s051:011:pass1:attach:a1	51:11	w-s051-a011-w005	w-s051-a011-w004	w-s051-a011-w003	m-w-s051-a011-w005-01	m-w-s051-a011-w004-01	m-w-s051-a011-w003-01	51:11:5:1	51:11:4:1	51:11:3:1	q:51:11:5	q:51:11:4	q:51:11:3	5	4	3	prep_complement	strongly_licensed	high			NOUN_ACTIVE_PART	GERUND_INSTANT		فِي	position_morpheme_aligned	case_government;local_syntax	غَمْرَةٍ is governed by فِى and completes the state expressed by سَاهُونَ.	resources/attachments.tsv:50328
sx-51_11-00025	ae:v3:s051:011:pass1:attach:a2	51:11	w-s051-a011-w002	w-s051-a011-w005		m-w-s051-a011-w002-01	m-w-s051-a011-w005-01		51:11:2:1	51:11:5:1		q:51:11:2	q:51:11:5		2	5		predication	strongly_licensed	high			PRON	NOUN_ACTIVE_PART			position_morpheme_aligned	local_syntax;agreement	سَاهُونَ predicates the state of هُمْ within the relative description.	resources/attachments.tsv:50329
sx-51_12-00026	ae:v3:s051:012:pass1:attach:a1	51:12	w-s051-a012-w001	w-s051-a012-w002		m-w-s051-a012-w001-01	m-w-s051-a012-w002-01		51:12:1:1	51:12:2:1		q:51:12:1	q:51:12:2		1	2		clausal_complement	syntactically_forced	high			IV	INTERROG_PRON			position_morpheme_aligned	local_syntax	The question أَيَّانَ يَوْمُ ٱلدِّينِ supplies the content governed by يَسْـَٔلُونَ.	resources/attachments.tsv:50330
sx-51_12-00027	ae:v3:s051:012:pass1:attach:a2	51:12	w-s051-a012-w003	w-s051-a012-w002		m-w-s051-a012-w003-01	m-w-s051-a012-w002-01		51:12:3:1	51:12:2:1		q:51:12:3	q:51:12:2		3	2		predication	strongly_licensed	high			NOUN_ABSTRACT	INTERROG_PRON			position_morpheme_aligned	local_syntax;word_order	أَيَّانَ is the interrogative time predicate for يَوْمُ ٱلدِّينِ.	resources/attachments.tsv:50331
sx-51_12-00028	ae:v3:s051:012:pass1:attach:a3	51:12	w-s051-a012-w003	w-s051-a012-w004		m-w-s051-a012-w003-01	m-w-s051-a012-w004-02		51:12:3:1	51:12:4:2		q:51:12:3	q:51:12:4		3	4		idafa	syntactically_forced	high			NOUN_ABSTRACT	NOUN_ABSTRACT			position_morpheme_aligned	case_government;local_syntax	ٱلدِّينِ is the genitive complement of يَوْمُ in the iḍāfa phrase.	resources/attachments.tsv:50332
sx-51_13-00029	ae:v3:s051:013:pass1:attach:a1	51:13	w-s051-a013-w005	w-s051-a013-w001		m-w-s051-a013-w005-01	m-w-s051-a013-w001-01		51:13:5:1	51:13:1:1		q:51:13:5	q:51:13:1		5	1		adverbial	syntactically_forced	high			IV	ADV			position_morpheme_aligned	case_government;local_syntax	يَوْمَ is the accusative time adverbial for يُفْتَنُونَ.	resources/attachments.tsv:50333
sx-51_13-00030	ae:v3:s051:013:pass1:attach:a2	51:13	w-s051-a013-w005	w-s051-a013-w004	w-s051-a013-w003	m-w-s051-a013-w005-01	m-w-s051-a013-w004-02	m-w-s051-a013-w003-01	51:13:5:1	51:13:4:2	51:13:3:1	q:51:13:5	q:51:13:4	q:51:13:3	5	4	3	prep_complement	strongly_licensed	high			IV	NOUN_CONCRETE		عَلَى	position_morpheme_aligned	case_government;local_syntax	ٱلنَّارِ is governed by عَلَى and gives the setting of يُفْتَنُونَ.	resources/attachments.tsv:50334
sx-51_13-00031	ae:v3:s051:013:pass1:attach:a3	51:13	w-s051-a013-w005	w-s051-a013-w002		m-w-s051-a013-w005-01	m-w-s051-a013-w002-01		51:13:5:1	51:13:2:1		q:51:13:5	q:51:13:2		5	2		subject	strongly_licensed	high			IV	PRON			position_morpheme_aligned	agreement;local_syntax	هُمْ is the explicit pronoun subject before the passive verb يُفْتَنُونَ.	resources/attachments.tsv:50335
sx-51_14-00032	ae:v3:s051:014:pass1:attach:a1	51:14	w-s051-a014-w001	w-s051-a014-w002		m-w-s051-a014-w001-01	m-w-s051-a014-w002-01		51:14:1:1	51:14:2:1		q:51:14:1	q:51:14:2		1	2		direct_object	syntactically_forced	high			CV	GERUND	explicit		position_morpheme_aligned	case_government;local_syntax	فِتْنَتَكُمْ is the accusative object of ذُوقُوا۟.	resources/attachments.tsv:50336
sx-51_14-00033	ae:v3:s051:014:pass1:attach:a2	51:14	w-s051-a014-w003	w-s051-a014-w004		m-w-s051-a014-w003-01	m-w-s051-a014-w004-01		51:14:3:1	51:14:4:1		q:51:14:3	q:51:14:4		3	4		predication	syntactically_forced	high			DEM_PRON_MS	REL_PRON			position_morpheme_aligned	local_syntax	ٱلَّذِى is the predicate identifying هَٰذَا.	resources/attachments.tsv:50337
sx-51_14-00034	ae:v3:s051:014:pass1:attach:a3	51:14	w-s051-a014-w007	w-s051-a014-w006	w-s051-a014-w006	m-w-s051-a014-w007-01	m-w-s051-a014-w006-02	m-w-s051-a014-w006-01	51:14:7:1	51:14:6:2	51:14:6:1	q:51:14:7	q:51:14:6	q:51:14:6	7	6	6	prep_complement	syntactically_forced	high		pronoun_suffix	IV			بـ	fallback_morpheme_aligned	case_government;local_syntax	The pronoun in بِهِۦ is governed by the prefixed بـ and complements تَسْتَعْجِلُونَ.	resources/attachments.tsv:50338
sx-51_14-00035	ae:v3:s051:014:pass1:attach:a4	51:14	w-s051-a014-w005	w-s051-a014-w007		m-w-s051-a014-w005-01	m-w-s051-a014-w007-01		51:14:5:1	51:14:7:1		q:51:14:5	q:51:14:7		5	7		kana_predicate	syntactically_forced	high			PV	IV			fallback_morpheme_aligned	local_syntax	تَسْتَعْجِلُونَ is the verbal predicate of كُنتُم in the relative clause.	resources/attachments.tsv:50339
sx-51_14-00036	ae:v3:s051:014:pass1:attach:a5	51:14	w-s051-a014-w002	w-s051-a014-w002		m-w-s051-a014-w002-01	m-w-s051-a014-w002-01		51:14:2:1	51:14:2:1		q:51:14:2	q:51:14:2		2	2		idafa	syntactically_forced	high		possessive_suffix	GERUND				position_morpheme_aligned	morphology;local_syntax	The suffix كُمْ in فِتْنَتَكُمْ is the genitive possessive complement of فِتْنَة.	resources/attachments.tsv:50340
sx-51_15-00037	ae:v3:s051:015:pass1:attach:a1	51:15	w-s051-a015-w001	w-s051-a015-w002		m-w-s051-a015-w001-01	m-w-s051-a015-w002-02		51:15:1:1	51:15:2:2		q:51:15:1	q:51:15:2		1	2		particle_complement	syntactically_forced	high			ANNUL_PART	NOUN_ACTIVE_PART			position_morpheme_aligned	case_government;local_syntax	ٱلْمُتَّقِينَ is the ism of إِنَّ.	resources/attachments.tsv:50341
sx-51_15-00038	ae:v3:s051:015:pass1:attach:a2	51:15	w-s051-a015-w002	w-s051-a015-w004	w-s051-a015-w003	m-w-s051-a015-w002-02	m-w-s051-a015-w004-01	m-w-s051-a015-w003-01	51:15:2:2	51:15:4:1	51:15:3:1	q:51:15:2	q:51:15:4	q:51:15:3	2	4	3	prep_complement	strongly_licensed	high			NOUN_ACTIVE_PART	NOUN_CONCRETE		فِي	position_morpheme_aligned	case_government;local_syntax	جَنَّٰتٍ is governed by فِى and gives the location predicated of ٱلْمُتَّقِينَ.	resources/attachments.tsv:50342
sx-51_15-00039	ae:v3:s051:015:pass1:attach:a3	51:15	w-s051-a015-w001	w-s051-a015-w004		m-w-s051-a015-w001-01	m-w-s051-a015-w004-01		51:15:1:1	51:15:4:1		q:51:15:1	q:51:15:4		1	4		predication	strongly_licensed	high			ANNUL_PART	NOUN_CONCRETE			position_morpheme_aligned	local_syntax	The prepositional phrase فِى جَنَّٰتٍ is the khabar of إِنَّ.	resources/attachments.tsv:50343
sx-51_15-00040	ae:v3:s051:015:pass1:attach:a4	51:15	w-s051-a015-w004	w-s051-a015-w005		m-w-s051-a015-w004-01	m-w-s051-a015-w005-02		51:15:4:1	51:15:5:2		q:51:15:4	q:51:15:6		4	6		conjoined	strongly_licensed	high			NOUN_CONCRETE	NOUN_CONCRETE			position_morpheme_aligned	parallelism;case_government	عُيُونٍ is coordinated with جَنَّٰتٍ under the same فِى construction.	resources/attachments.tsv:50344
sx-51_15-00041	ae:v3:s051:015:pass1:attach:a5	51:15	w-s051-a015-w002	w-s051-a015-w005	w-s051-a015-w003	m-w-s051-a015-w002-02	m-w-s051-a015-w005-02	m-w-s051-a015-w003-01	51:15:2:2	51:15:5:2	51:15:3:1	q:51:15:2	q:51:15:6	q:51:15:3	2	6	3	prep_complement	strongly_licensed	high			NOUN_ACTIVE_PART	NOUN_CONCRETE		فِي	position_morpheme_aligned	case_government;parallelism	عُيُونٍ shares the governing preposition فِى through coordination with جَنَّٰتٍ.	resources/attachments.tsv:50345
sx-51_15-00042	ae:v3:s051:015:pass1:attach:a6	51:15	w-s051-a015-w001	w-s051-a015-w005		m-w-s051-a015-w001-01	m-w-s051-a015-w005-02		51:15:1:1	51:15:5:2		q:51:15:1	q:51:15:6		1	6		predication	strongly_licensed	high			ANNUL_PART	NOUN_CONCRETE			position_morpheme_aligned	local_syntax;parallelism	عُيُونٍ shares the khabar position of فِى جَنَّٰتٍ as part of the predicate of إِنَّ.	resources/attachments.tsv:50346
sx-51_16-00043	ae:v3:s051:016:pass1:attach:a1	51:16	w-s051-a016-w001	w-s051-a016-w002		m-w-s051-a016-w001-01	m-w-s051-a016-w002-01		51:16:1:1	51:16:2:1		q:51:16:1	q:51:16:2		1	2		direct_object	strongly_licensed	high			NOUN_ACTIVE_PART	REL_PRON	explicit		position_morpheme_aligned	local_syntax;case_government	مَآ is the object content taken by ءَاخِذِينَ.	resources/attachments.tsv:50347
sx-51_16-00044	ae:v3:s051:016:pass1:attach:a2	51:16	w-s051-a016-w003	w-s051-a016-w002		m-w-s051-a016-w003-01	m-w-s051-a016-w002-01		51:16:3:1	51:16:2:1		q:51:16:3	q:51:16:2		3	2		direct_object	strongly_licensed	high			PV	REL_PRON	explicit		position_morpheme_aligned	local_syntax	مَآ is the fronted thing that ءَاتَىٰ gave in the relative clause.	resources/attachments.tsv:50348
sx-51_16-00045	ae:v3:s051:016:pass1:attach:a3	51:16	w-s051-a016-w003	w-s051-a016-w003		m-w-s051-a016-w003-01	m-w-s051-a016-w003-02		51:16:3:1	51:16:3:2		q:51:16:3	q:51:16:3		3	3		direct_object	syntactically_forced	high		object_suffix	PV		clitic		position_morpheme_aligned	morphology;local_syntax	The suffix هُمْ on ءَاتَىٰهُمْ is an object pronoun after the verbal stem.	resources/attachments.tsv:50349
sx-51_16-00046	ae:v3:s051:016:pass1:attach:a4	51:16	w-s051-a016-w003	w-s051-a016-w004		m-w-s051-a016-w003-01	m-w-s051-a016-w004-01		51:16:3:1	51:16:4:1		q:51:16:3	q:51:16:4		3	4		subject	syntactically_forced	high			PV	NOUN_CONCRETE			position_morpheme_aligned	agreement;word_order	رَبُّهُمْ is the explicit subject of ءَاتَىٰهُمْ.	resources/attachments.tsv:50350
sx-51_16-00047	ae:v3:s051:016:pass1:attach:a5	51:16	w-s051-a016-w005	w-s051-a016-w005		m-w-s051-a016-w005-01	m-w-s051-a016-w005-02		51:16:5:1	51:16:5:2		q:51:16:5	q:51:16:5		5	5		particle_complement	syntactically_forced	high	particle_segment	pronoun_suffix					position_morpheme_aligned	morphology;local_syntax	The suffix هُمْ in إِنَّهُمْ is the ism of إِنَّ.	resources/attachments.tsv:50351
sx-51_16-00048	ae:v3:s051:016:pass1:attach:a6	51:16	w-s051-a016-w005	w-s051-a016-w006		m-w-s051-a016-w005-01	m-w-s051-a016-w006-01		51:16:5:1	51:16:6:1		q:51:16:5	q:51:16:6		5	6		predication	syntactically_forced	high			ANNUL_PART	PV			position_morpheme_aligned	local_syntax	كَانُوا۟ قَبْلَ ذَٰلِكَ مُحْسِنِينَ is the khabar of إِنَّهُمْ.	resources/attachments.tsv:50352
sx-51_16-00049	ae:v3:s051:016:pass1:attach:a7	51:16	w-s051-a016-w006	w-s051-a016-w009		m-w-s051-a016-w006-01	m-w-s051-a016-w009-01		51:16:6:1	51:16:9:1		q:51:16:6	q:51:16:9		6	9		kana_predicate	syntactically_forced	high			PV	NOUN_ACTIVE_PART			position_morpheme_aligned	case_government;local_syntax	مُحْسِنِينَ is the accusative predicate of كَانُوا۟.	resources/attachments.tsv:50353
sx-51_16-00050	ae:v3:s051:016:pass1:attach:a8	51:16	w-s051-a016-w009	w-s051-a016-w007		m-w-s051-a016-w009-01	m-w-s051-a016-w007-01		51:16:9:1	51:16:7:1		q:51:16:9	q:51:16:7		9	7		adverbial	strongly_licensed	high			NOUN_ACTIVE_PART	ADV			position_morpheme_aligned	case_government;local_syntax	قَبْلَ ذَٰلِكَ gives the prior time of their being مُحْسِنِينَ.	resources/attachments.tsv:50354
sx-51_16-00051	ae:v3:s051:016:pass1:attach:a9	51:16	w-s051-a016-w007	w-s051-a016-w008		m-w-s051-a016-w007-01	m-w-s051-a016-w008-01		51:16:7:1	51:16:8:1		q:51:16:7	q:51:16:8		7	8		idafa	syntactically_forced	high			ADV	DEM_PRON			position_morpheme_aligned	case_government;local_syntax	ذَٰلِكَ is the genitive complement of قَبْلَ.	resources/attachments.tsv:50355
sx-51_16-00052	ae:v3:s051:016:pass1:attach:a10	51:16	w-s051-a016-w004	w-s051-a016-w004		m-w-s051-a016-w004-01	m-w-s051-a016-w004-01		51:16:4:1	51:16:4:1		q:51:16:4	q:51:16:4		4	4		idafa	syntactically_forced	high		possessive_suffix	NOUN_CONCRETE				position_morpheme_aligned	morphology;local_syntax	The suffix هُمْ in رَبُّهُمْ is the genitive possessive complement of رَبّ.	resources/attachments.tsv:50356
sx-51_17-00053	ae:v3:s051:017:pass1:attach:a1	51:17	w-s051-a017-w001	w-s051-a017-w006		m-w-s051-a017-w001-01	m-w-s051-a017-w006-01		51:17:1:1	51:17:6:1		q:51:17:1	q:51:17:6		1	6		kana_predicate	strongly_licensed	medium			PV	IV			position_morpheme_aligned	local_syntax	يَهْجَعُونَ is the verbal predicate governed by كَانُوا۟, with مَا marking the limited/negated sleep.	resources/attachments.tsv:50357
sx-51_17-00054	ae:v3:s051:017:pass1:attach:a2	51:17	w-s051-a017-w006	w-s051-a017-w002		m-w-s051-a017-w006-01	m-w-s051-a017-w002-01		51:17:6:1	51:17:2:1		q:51:17:6	q:51:17:2		6	2		adverbial	strongly_licensed	high			IV	ADJ_QUALIT			position_morpheme_aligned	case_government;local_syntax	قَلِيلًا gives the small extent of يَهْجَعُونَ.	resources/attachments.tsv:50358
sx-51_17-00055	ae:v3:s051:017:pass1:attach:a3	51:17	w-s051-a017-w002	w-s051-a017-w004	w-s051-a017-w003	m-w-s051-a017-w002-01	m-w-s051-a017-w004-02	m-w-s051-a017-w003-01	51:17:2:1	51:17:4:2	51:17:3:1	q:51:17:2	q:51:17:4	q:51:17:3	2	4	3	prep_complement	syntactically_forced	high			ADJ_QUALIT	NOUN_ABSTRACT		مِن	position_morpheme_aligned	case_government;local_syntax	ٱلَّيْلِ is governed by مِّنَ as the partitive complement of قَلِيلًا.	resources/attachments.tsv:50359
sx-51_17-00056	ae:v3:s051:017:pass1:attach:a4	51:17	w-s051-a017-w006	w-s051-a017-w005		m-w-s051-a017-w006-01	m-w-s051-a017-w005-01		51:17:6:1	51:17:5:1		q:51:17:6	q:51:17:5		6	5		particle_complement	strongly_licensed	medium			IV	OTHER			position_morpheme_aligned	local_syntax	مَا marks the verbal predicate يَهْجَعُونَ, yielding the sense of little or no sleep.	resources/attachments.tsv:50360
sx-51_17-00057	ae:v3:s051:017:pass1:attach:a5	51:17	w-s051-a017-w006	w-s051-a017-w002		m-w-s051-a017-w006-01	m-w-s051-a017-w002-01		51:17:6:1	51:17:2:1		q:51:17:6	q:51:17:2		6	2		cognate_acc	strongly_licensed	medium			IV	ADJ_QUALIT			position_morpheme_aligned	case_government;local_syntax	قَلِيلًا also supplies the cognate extent accusative for يَهْجَعُونَ, expressing that their sleeping was little.	resources/attachments.tsv:50361
sx-51_18-00058	ae:v3:s051:018:pass1:attach:a1	51:18	w-s051-a018-w003	w-s051-a018-w001	w-s051-a018-w001	m-w-s051-a018-w003-01	m-w-s051-a018-w001-04	m-w-s051-a018-w001-02	51:18:3:1	51:18:1:4	51:18:1:2	q:51:18:5	q:51:18:3	q:51:18:2	5	3	2	prep_complement	syntactically_forced	high			IV	NOUN_ABSTRACT		بـ	position_morpheme_aligned	case_government;local_syntax	ٱلْأَسْحَارِ is governed by بِ and gives the time of يَسْتَغْفِرُونَ.	resources/attachments.tsv:50362
sx-51_18-00059	ae:v3:s051:018:pass1:attach:a2	51:18	w-s051-a018-w003	w-s051-a018-w002		m-w-s051-a018-w003-01	m-w-s051-a018-w002-01		51:18:3:1	51:18:2:1		q:51:18:5	q:51:18:4		5	4		subject	strongly_licensed	high			IV	PRON			position_morpheme_aligned	agreement;local_syntax	هُمْ is the explicit pronoun subject before يَسْتَغْفِرُونَ.	resources/attachments.tsv:50363
sx-51_19-00060	ae:v3:s051:019:pass1:attach:a1	51:19	w-s051-a019-w003	w-s051-a019-w002	w-s051-a019-w001	m-w-s051-a019-w003-01	m-w-s051-a019-w002-01	m-w-s051-a019-w001-02	51:19:3:1	51:19:2:1	51:19:1:2	q:51:19:4	q:51:19:3	q:51:19:2	4	3	2	prep_complement	strongly_licensed	high			NOUN_ABSTRACT	NOUN_CONCRETE		فِي	position_morpheme_aligned	case_government;local_syntax	أَمْوَٰلِهِمْ is governed by فِى and forms the fronted predicate for حَقٌّ.	resources/attachments.tsv:50364
sx-51_19-00061	ae:v3:s051:019:pass1:attach:a2	51:19	w-s051-a019-w003	w-s051-a019-w002		m-w-s051-a019-w003-01	m-w-s051-a019-w002-01		51:19:3:1	51:19:2:1		q:51:19:4	q:51:19:3		4	3		predication	strongly_licensed	high			NOUN_ABSTRACT	NOUN_CONCRETE			position_morpheme_aligned	local_syntax;word_order	فِىٓ أَمْوَٰلِهِمْ predicates the location of حَقٌّ.	resources/attachments.tsv:50365
sx-51_19-00062	ae:v3:s051:019:pass1:attach:a3	51:19	w-s051-a019-w003	w-s051-a019-w004	w-s051-a019-w004	m-w-s051-a019-w003-01	m-w-s051-a019-w004-03	m-w-s051-a019-w004-01	51:19:3:1	51:19:4:3	51:19:4:1	q:51:19:4	q:51:19:6	q:51:19:5	4	6	5	prep_complement	strongly_licensed	high			NOUN_ABSTRACT	NOUN_ACTIVE_PART		لـ	position_morpheme_aligned	case_government;local_syntax	ٱلسَّآئِلِ is governed by لِ and identifies who the حَقٌّ is for.	resources/attachments.tsv:50366
sx-51_19-00063	ae:v3:s051:019:pass1:attach:a4	51:19	w-s051-a019-w004	w-s051-a019-w005		m-w-s051-a019-w004-03	m-w-s051-a019-w005-03		51:19:4:3	51:19:5:3		q:51:19:6	q:51:19:8		6	8		conjoined	strongly_licensed	high			NOUN_ACTIVE_PART	NOUN_PASSIVE_PART			position_morpheme_aligned	parallelism;case_government	ٱلْمَحْرُومِ is coordinated with ٱلسَّآئِلِ.	resources/attachments.tsv:50367
sx-51_19-00064	ae:v3:s051:019:pass1:attach:a5	51:19	w-s051-a019-w003	w-s051-a019-w005	w-s051-a019-w004	m-w-s051-a019-w003-01	m-w-s051-a019-w005-03	m-w-s051-a019-w004-01	51:19:3:1	51:19:5:3	51:19:4:1	q:51:19:4	q:51:19:8	q:51:19:5	4	8	5	prep_complement	strongly_licensed	high			NOUN_ABSTRACT	NOUN_PASSIVE_PART		لـ	position_morpheme_aligned	case_government;parallelism	ٱلْمَحْرُومِ shares the لِ beneficiary construction through coordination with ٱلسَّآئِلِ.	resources/attachments.tsv:50368
sx-51_19-00065	ae:v3:s051:019:pass1:attach:a6	51:19	w-s051-a019-w002	w-s051-a019-w002		m-w-s051-a019-w002-01	m-w-s051-a019-w002-01		51:19:2:1	51:19:2:1		q:51:19:3	q:51:19:3		3	3		idafa	syntactically_forced	high		possessive_suffix	NOUN_CONCRETE				position_morpheme_aligned	morphology;local_syntax	The suffix هُمْ in أَمْوَٰلِهِمْ is the genitive possessive complement of أَمْوَٰل.	resources/attachments.tsv:50369
sx-51_20-00066	ae:v3:s051:020:pass1:attach:a1	51:20	w-s051-a020-w003	w-s051-a020-w002	w-s051-a020-w001	m-w-s051-a020-w003-01	m-w-s051-a020-w002-02	m-w-s051-a020-w001-02	51:20:3:1	51:20:2:2	51:20:1:2	q:51:20:4	q:51:20:3	q:51:20:2	4	3	2	prep_complement	strongly_licensed	high			NOUN_ABSTRACT	NOUN_CONCRETE		فِي	position_morpheme_aligned	case_government;local_syntax	ٱلْأَرْضِ is governed by فِى and forms the fronted locative predicate for ءَايَٰتٌ.	resources/attachments.tsv:50370
sx-51_20-00067	ae:v3:s051:020:pass1:attach:a2	51:20	w-s051-a020-w003	w-s051-a020-w002		m-w-s051-a020-w003-01	m-w-s051-a020-w002-02		51:20:3:1	51:20:2:2		q:51:20:4	q:51:20:3		4	3		predication	strongly_licensed	high			NOUN_ABSTRACT	NOUN_CONCRETE			position_morpheme_aligned	local_syntax;word_order	فِى ٱلْأَرْضِ predicates the location of ءَايَٰتٌ.	resources/attachments.tsv:50371
sx-51_20-00068	ae:v3:s051:020:pass1:attach:a3	51:20	w-s051-a020-w003	w-s051-a020-w004	w-s051-a020-w004	m-w-s051-a020-w003-01	m-w-s051-a020-w004-03	m-w-s051-a020-w004-01	51:20:3:1	51:20:4:3	51:20:4:1	q:51:20:4	q:51:20:6	q:51:20:5	4	6	5	prep_complement	strongly_licensed	high			NOUN_ABSTRACT	NOUN_ACTIVE_PART		لـ	position_morpheme_aligned	case_government;local_syntax	لْمُوقِنِينَ is governed by لِّ and identifies those for whom the ءَايَٰتٌ are signs.	resources/attachments.tsv:50372
sx-51_21-00069	ae:v3:s051:021:pass1:attach:a1	51:21	w-s051-a021-w004	w-s051-a021-w002	w-s051-a021-w001	m-w-s051-a021-w004-01	m-w-s051-a021-w002-01	m-w-s051-a021-w001-02	51:21:4:1	51:21:2:1	51:21:1:2	q:51:21:6	q:51:21:3	q:51:21:2	6	3	2	prep_complement	strongly_licensed	medium			IV	NOUN_ABSTRACT		فِي	fallback_morpheme_aligned	case_government;local_syntax	أَنفُسِكُمْ is governed by فِى as the local domain considered by تُبْصِرُونَ.	resources/attachments.tsv:50373
sx-51_21-00070	ae:v3:s051:021:pass1:attach:a2	51:21	w-s051-a021-w002	w-s051-a021-w002		m-w-s051-a021-w002-01	m-w-s051-a021-w002-01		51:21:2:1	51:21:2:1		q:51:21:3	q:51:21:3		3	3		idafa	syntactically_forced	high		possessive_suffix	NOUN_ABSTRACT				position_morpheme_aligned	morphology;local_syntax	The suffix ـكُمْ in أَنفُسِكُمْ is the possessive complement of أَنفُسِ.	resources/attachments.tsv:50374
sx-51_22-00071	ae:v3:s051:022:pass1:attach:a1	51:22	w-s051-a022-w003	w-s051-a022-w002	w-s051-a022-w001	m-w-s051-a022-w003-01	m-w-s051-a022-w002-02	m-w-s051-a022-w001-02	51:22:3:1	51:22:2:2	51:22:1:2	q:51:22:4	q:51:22:3	q:51:22:2	4	3	2	prep_complement	strongly_licensed	high			GERUND	NOUN_CONCRETE		فِي	position_morpheme_aligned	case_government;word_order	ٱلسَّمَآءِ is governed by فِى, and the prepositional phrase serves as the fronted predicate for رِزْقُكُمْ.	resources/attachments.tsv:50375
sx-51_22-00072	ae:v3:s051:022:pass1:attach:a2	51:22	w-s051-a022-w003	w-s051-a022-w004		m-w-s051-a022-w003-01	m-w-s051-a022-w004-02		51:22:3:1	51:22:4:2		q:51:22:4	q:51:22:6		4	6		conjoined	strongly_licensed	high			GERUND	REL_PRON			position_morpheme_aligned	local_syntax;parallelism	مَا تُوعَدُونَ is conjoined by وَ to رِزْقُكُمْ as the second nominal subject.	resources/attachments.tsv:50376
sx-51_22-00073	ae:v3:s051:022:pass1:attach:a3	51:22	w-s051-a022-w003	w-s051-a022-w002		m-w-s051-a022-w003-01	m-w-s051-a022-w002-02		51:22:3:1	51:22:2:2		q:51:22:4	q:51:22:3		4	3		predication	strongly_licensed	high			GERUND	NOUN_CONCRETE			position_morpheme_aligned	word_order;local_syntax	فِى ٱلسَّمَآءِ supplies the fronted predicate for رِزْقُكُمْ.	resources/attachments.tsv:50377
sx-51_22-00074	ae:v3:s051:022:pass1:attach:a4	51:22	w-s051-a022-w003	w-s051-a022-w003		m-w-s051-a022-w003-01	m-w-s051-a022-w003-01		51:22:3:1	51:22:3:1		q:51:22:4	q:51:22:4		4	4		idafa	syntactically_forced	high		possessive_suffix	GERUND				position_morpheme_aligned	morphology;local_syntax	The suffix ـكُمْ in رِزْقُكُمْ is the possessive complement of رِزْقُ.	resources/attachments.tsv:50378
sx-51_23-00075	ae:v3:s051:023:pass1:attach:a1	51:23	w-s051-a023-w005	w-s051-a023-w001		m-w-s051-a023-w005-02	m-w-s051-a023-w001-03		51:23:5:2	51:23:1:3		q:51:23:9	q:51:23:3		9	3		adverbial	strongly_licensed	high			NOUN_ABSTRACT	NOUN_CONCRETE			position_morpheme_aligned	case_government;local_syntax	The oath phrase وَرَبِّ frames the assertion حَقٌّ.	resources/attachments.tsv:50379
sx-51_23-00076	ae:v3:s051:023:pass1:attach:a2	51:23	w-s051-a023-w001	w-s051-a023-w002		m-w-s051-a023-w001-03	m-w-s051-a023-w002-02		51:23:1:3	51:23:2:2		q:51:23:3	q:51:23:4		3	4		idafa	syntactically_forced	high			NOUN_CONCRETE	NOUN_CONCRETE			position_morpheme_aligned	case_government;local_syntax	ٱلسَّمَآءِ is the genitive complement of رَبِّ in the iḍāfa.	resources/attachments.tsv:50380
sx-51_23-00077	ae:v3:s051:023:pass1:attach:a3	51:23	w-s051-a023-w002	w-s051-a023-w003		m-w-s051-a023-w002-02	m-w-s051-a023-w003-03		51:23:2:2	51:23:3:3		q:51:23:4	q:51:23:6		4	6		conjoined	strongly_licensed	high			NOUN_CONCRETE	NOUN_CONCRETE			position_morpheme_aligned	case_government;local_syntax	ٱلْأَرْضِ is conjoined to ٱلسَّمَآءِ after وَ and shares the genitive construction.	resources/attachments.tsv:50381
sx-51_23-00078	ae:v3:s051:023:pass1:attach:a4	51:23	w-s051-a023-w004	w-s051-a023-w004		m-w-s051-a023-w004-01	m-w-s051-a023-w004-02		51:23:4:1	51:23:4:2		q:51:23:7	q:51:23:7		7	7		particle_complement	syntactically_forced	high	particle_segment	pronoun_suffix					position_morpheme_aligned	morphology;local_syntax	The suffix ـهُ in إِنَّهُ is the governed noun of إِنَّ.	resources/attachments.tsv:50382
sx-51_23-00079	ae:v3:s051:023:pass1:attach:a5	51:23	w-s051-a023-w004	w-s051-a023-w005		m-w-s051-a023-w004-01	m-w-s051-a023-w005-02		51:23:4:1	51:23:5:2		q:51:23:7	q:51:23:9		7	9		predication	syntactically_forced	high			ANNUL_PART	NOUN_ABSTRACT			position_morpheme_aligned	local_syntax	حَقٌّ is the predicate of إِنَّ in إِنَّهُ لَحَقٌّ.	resources/attachments.tsv:50383
sx-51_23-00080	ae:v3:s051:023:pass1:attach:a6	51:23	w-s051-a023-w005	w-s051-a023-w006		m-w-s051-a023-w005-02	m-w-s051-a023-w006-01		51:23:5:2	51:23:6:1		q:51:23:9	q:51:23:10		9	10		circumstantial	strongly_licensed	medium			NOUN_ABSTRACT	NOUN_ABSTRACT			position_morpheme_aligned	case_government;local_syntax	مِّثْلَ qualifies حَقٌّ by an accusative comparison.	resources/attachments.tsv:50384
sx-51_23-00081	ae:v3:s051:023:pass1:attach:a7	51:23	w-s051-a023-w006	w-s051-a023-w008		m-w-s051-a023-w006-01	m-w-s051-a023-w008-01		51:23:6:1	51:23:8:1		q:51:23:10	q:51:23:12		10	12		clausal_complement	strongly_licensed	medium			NOUN_ABSTRACT	INF_ANNUL_PART			position_morpheme_aligned	local_syntax	أَنَّكُمْ تَنطِقُونَ completes the comparison introduced by مِّثْلَ.	resources/attachments.tsv:50385
sx-51_23-00082	ae:v3:s051:023:pass1:attach:a8	51:23	w-s051-a023-w008	w-s051-a023-w008		m-w-s051-a023-w008-01	m-w-s051-a023-w008-02		51:23:8:1	51:23:8:2		q:51:23:12	q:51:23:12		12	12		particle_complement	syntactically_forced	high	particle_segment	pronoun_suffix					position_morpheme_aligned	morphology;local_syntax	The suffix ـكُمْ in أَنَّكُمْ is the governed noun of أَنَّ.	resources/attachments.tsv:50386
sx-51_23-00083	ae:v3:s051:023:pass1:attach:a9	51:23	w-s051-a023-w008	w-s051-a023-w009		m-w-s051-a023-w008-01	m-w-s051-a023-w009-01		51:23:8:1	51:23:9:1		q:51:23:12	q:51:23:13		12	13		predication	syntactically_forced	high			INF_ANNUL_PART	IV			position_morpheme_aligned	local_syntax	تَنطِقُونَ is the predicate clause of أَنَّكُمْ.	resources/attachments.tsv:50387
sx-51_24-00084	ae:v3:s051:024:pass1:attach:a1	51:24	w-s051-a024-w002	w-s051-a024-w002		m-w-s051-a024-w002-01	m-w-s051-a024-w002-02		51:24:2:1	51:24:2:2		q:51:24:2	q:51:24:2		2	2		direct_object	syntactically_forced	high		object_suffix	PV		clitic		position_morpheme_aligned	morphology;local_syntax	The suffix ـكَ on أَتَىٰكَ is the pronominal object reached by أَتَىٰ.	resources/attachments.tsv:50388
sx-51_24-00085	ae:v3:s051:024:pass1:attach:a2	51:24	w-s051-a024-w002	w-s051-a024-w003		m-w-s051-a024-w002-01	m-w-s051-a024-w003-01		51:24:2:1	51:24:3:1		q:51:24:2	q:51:24:3		2	3		subject	syntactically_forced	high			PV	NOUN_ABSTRACT			position_morpheme_aligned	case_government;word_order	حَدِيثُ is the nominative subject of أَتَىٰكَ.	resources/attachments.tsv:50389
sx-51_24-00086	ae:v3:s051:024:pass1:attach:a3	51:24	w-s051-a024-w003	w-s051-a024-w004		m-w-s051-a024-w003-01	m-w-s051-a024-w004-01		51:24:3:1	51:24:4:1		q:51:24:3	q:51:24:4		3	4		idafa	syntactically_forced	high			NOUN_ABSTRACT	NOUN_CONCRETE			position_morpheme_aligned	case_government;local_syntax	ضَيْفِ is the genitive complement of حَدِيثُ in the iḍāfa.	resources/attachments.tsv:50390
sx-51_24-00087	ae:v3:s051:024:pass1:attach:a4	51:24	w-s051-a024-w004	w-s051-a024-w005		m-w-s051-a024-w004-01	m-w-s051-a024-w005-01		51:24:4:1	51:24:5:1		q:51:24:4	q:51:24:5		4	5		idafa	syntactically_forced	high			NOUN_CONCRETE	NOUN_PROP			position_morpheme_aligned	case_government;local_syntax	إِبْرَٰهِيمَ is the genitive complement of ضَيْفِ.	resources/attachments.tsv:50391
sx-51_24-00088	ae:v3:s051:024:pass1:attach:a5	51:24	w-s051-a024-w004	w-s051-a024-w006		m-w-s051-a024-w004-01	m-w-s051-a024-w006-02		51:24:4:1	51:24:6:2		q:51:24:4	q:51:24:6		4	6		adjective	strongly_licensed	high			NOUN_CONCRETE	NOUN_PASSIVE_PART			position_morpheme_aligned	agreement;local_syntax	ٱلْمُكْرَمِينَ describes ضَيْفِ as the honored guests.	resources/attachments.tsv:50392
sx-51_25-00089	ae:v3:s051:025:pass1:attach:a1	51:25	w-s051-a025-w002	w-s051-a025-w003	w-s051-a025-w003	m-w-s051-a025-w002-01	m-w-s051-a025-w003-02	m-w-s051-a025-w003-01	51:25:2:1	51:25:3:2	51:25:3:1	q:51:25:2	q:51:25:3	q:51:25:3	2	3	3	prep_complement	syntactically_forced	high		pronoun_suffix	PV			عَلَى	position_morpheme_aligned	case_government;local_syntax	The pronoun ـهِ in عَلَيْهِ is governed by عَلَى as the complement of دَخَلُوا۟.	resources/attachments.tsv:50393
sx-51_25-00090	ae:v3:s051:025:pass1:attach:a2	51:25	w-s051-a025-w004	w-s051-a025-w005		m-w-s051-a025-w004-02	m-w-s051-a025-w005-01		51:25:4:2	51:25:5:1		q:51:25:5	q:51:25:6		5	6		quoted_complement	syntactically_forced	high			PV	GERUND			position_morpheme_aligned	local_syntax	سَلَٰمًا is the complete quoted content of قَالُوا۟.	resources/attachments.tsv:50394
sx-51_25-00091	ae:v3:s051:025:pass1:attach:a3	51:25	w-s051-a025-w006	w-s051-a025-w007		m-w-s051-a025-w006-01	m-w-s051-a025-w007-01		51:25:6:1	51:25:7:1		q:51:25:7	q:51:25:8		7	8		quoted_complement	syntactically_forced	high			PV	GERUND			position_morpheme_aligned	local_syntax	سَلَٰمٌ قَوْمٌ مُّنكَرُونَ is the full quoted response governed by قَالَ.	resources/attachments.tsv:50395
sx-51_25-00092	ae:v3:s051:025:pass1:attach:a4	51:25	w-s051-a025-w008	w-s051-a025-w009		m-w-s051-a025-w008-01	m-w-s051-a025-w009-01		51:25:8:1	51:25:9:1		q:51:25:9	q:51:25:10		9	10		adjective	strongly_licensed	high			NOUN_CONCRETE	NOUN_ACTIVE_PART			position_morpheme_aligned	agreement;local_syntax	مُّنكَرُونَ describes قَوْمٌ within the quoted response.	resources/attachments.tsv:50396
sx-51_25-00093	ae:v3:s051:025:pass1:attach:a5	51:25	w-s051-a025-w002	w-s051-a025-w001		m-w-s051-a025-w002-01	m-w-s051-a025-w001-01		51:25:2:1	51:25:1:1		q:51:25:2	q:51:25:1		2	1		adverbial	syntactically_forced	high			PV	ADV			position_morpheme_aligned	local_syntax	إِذْ sets the temporal frame for دَخَلُوا۟.	resources/attachments.tsv:50397
sx-51_26-00094	ae:v3:s051:026:pass1:attach:a1	51:26	w-s051-a026-w001	w-s051-a026-w003	w-s051-a026-w002	m-w-s051-a026-w001-02	m-w-s051-a026-w003-01	m-w-s051-a026-w002-01	51:26:1:2	51:26:3:1	51:26:2:1	q:51:26:2	q:51:26:4	q:51:26:3	2	4	3	prep_complement	syntactically_forced	high			PV	NOUN_CONCRETE		إِلَى	position_morpheme_aligned	case_government;local_syntax	أَهْلِهِۦ is governed by إِلَىٰ as the destination of رَاغَ.	resources/attachments.tsv:50398
sx-51_26-00095	ae:v3:s051:026:pass1:attach:a2	51:26	w-s051-a026-w004	w-s051-a026-w005	w-s051-a026-w005	m-w-s051-a026-w004-02	m-w-s051-a026-w005-02	m-w-s051-a026-w005-01	51:26:4:2	51:26:5:2	51:26:5:1	q:51:26:6	q:51:26:8	q:51:26:7	6	8	7	prep_complement	syntactically_forced	high			PV	NOUN_CONCRETE		بـ	position_morpheme_aligned	case_government;local_syntax	عِجْلٍ is governed by بِ as the thing brought with جَآءَ.	resources/attachments.tsv:50399
sx-51_26-00096	ae:v3:s051:026:pass1:attach:a3	51:26	w-s051-a026-w005	w-s051-a026-w006		m-w-s051-a026-w005-02	m-w-s051-a026-w006-01		51:26:5:2	51:26:6:1		q:51:26:8	q:51:26:9		8	9		adjective	strongly_licensed	high			NOUN_CONCRETE	ADJ_QUALIT			position_morpheme_aligned	agreement;local_syntax	سَمِينٍ describes عِجْلٍ and agrees with it in genitive indefiniteness.	resources/attachments.tsv:50400
sx-51_26-00097	ae:v3:s051:026:pass1:attach:a4	51:26	w-s051-a026-w003	w-s051-a026-w003		m-w-s051-a026-w003-01	m-w-s051-a026-w003-01		51:26:3:1	51:26:3:1		q:51:26:4	q:51:26:4		4	4		idafa	syntactically_forced	high		possessive_suffix	NOUN_CONCRETE				position_morpheme_aligned	morphology;local_syntax	The suffix ـهِ in أَهْلِهِۦ is the possessive complement of أَهْلِ.	resources/attachments.tsv:50401
sx-51_27-00098	ae:v3:s051:027:pass1:attach:a1	51:27	w-s051-a027-w001	w-s051-a027-w001		m-w-s051-a027-w001-02	m-w-s051-a027-w001-03		51:27:1:2	51:27:1:3		q:51:27:2	q:51:27:2		2	2		direct_object	syntactically_forced	high		object_suffix	PV		clitic		position_morpheme_aligned	morphology;local_syntax	The suffix ـهُ on قَرَّبَهُۥ is the object brought near.	resources/attachments.tsv:50402
sx-51_27-00099	ae:v3:s051:027:pass1:attach:a2	51:27	w-s051-a027-w001	w-s051-a027-w002	w-s051-a027-w002	m-w-s051-a027-w001-02	m-w-s051-a027-w002-02	m-w-s051-a027-w002-01	51:27:1:2	51:27:2:2	51:27:2:1	q:51:27:2	q:51:27:3	q:51:27:3	2	3	3	prep_complement	syntactically_forced	high		pronoun_suffix	PV			إِلَى	position_morpheme_aligned	case_government;local_syntax	The pronoun ـهِمْ in إِلَيْهِمْ is governed by إِلَى as complement of قَرَّبَهُۥ.	resources/attachments.tsv:50403
sx-51_27-00100	ae:v3:s051:027:pass1:attach:a3	51:27	w-s051-a027-w003	w-s051-a027-w004		m-w-s051-a027-w003-01	m-w-s051-a027-w004-02		51:27:3:1	51:27:4:2		q:51:27:4	q:51:27:5		4	5		quoted_complement	syntactically_forced	high			PV	OTHER			position_morpheme_aligned	local_syntax	أَلَا تَأْكُلُونَ is the complete quoted question governed by قَالَ.	resources/attachments.tsv:50404
sx-51_28-00101	ae:v3:s051:028:pass1:attach:a1	51:28	w-s051-a028-w001	w-s051-a028-w002	w-s051-a028-w002	m-w-s051-a028-w001-02	m-w-s051-a028-w002-02	m-w-s051-a028-w002-01	51:28:1:2	51:28:2:2	51:28:2:1	q:51:28:2	q:51:28:3	q:51:28:3	2	3	3	prep_complement	syntactically_forced	high		pronoun_suffix	PV			مِن	position_morpheme_aligned	case_government;local_syntax	The pronoun ـهُمْ in مِنْهُمْ is governed by مِنْ as complement of أَوْجَسَ.	resources/attachments.tsv:50405
sx-51_28-00102	ae:v3:s051:028:pass1:attach:a2	51:28	w-s051-a028-w001	w-s051-a028-w003		m-w-s051-a028-w001-02	m-w-s051-a028-w003-01		51:28:1:2	51:28:3:1		q:51:28:2	q:51:28:4		2	4		direct_object	syntactically_forced	high			PV	GERUND	explicit		position_morpheme_aligned	case_government;local_syntax	خِيفَةً is the accusative object of أَوْجَسَ.	resources/attachments.tsv:50406
sx-51_28-00103	ae:v3:s051:028:pass1:attach:a3	51:28	w-s051-a028-w004	w-s051-a028-w005		m-w-s051-a028-w004-01	m-w-s051-a028-w005-01		51:28:4:1	51:28:5:1		q:51:28:5	q:51:28:6		5	6		quoted_complement	syntactically_forced	high			PV	NEG_PART			position_morpheme_aligned	local_syntax	لَا تَخَفْ is the quoted content of قَالُوا۟; the following وَبَشَّرُوهُ is narration.	resources/attachments.tsv:50407
sx-51_28-00104	ae:v3:s051:028:pass1:attach:a4	51:28	w-s051-a028-w007	w-s051-a028-w007		m-w-s051-a028-w007-02	m-w-s051-a028-w007-02		51:28:7:2	51:28:7:2		q:51:28:9	q:51:28:9		9	9		direct_object	syntactically_forced	high		object_suffix	PV		clitic		position_morpheme_aligned	morphology;local_syntax	The suffix ـهُ on بَشَّرُوهُ is the person receiving the good news.	resources/attachments.tsv:50408
sx-51_28-00105	ae:v3:s051:028:pass1:attach:a5	51:28	w-s051-a028-w007	w-s051-a028-w008	w-s051-a028-w007	m-w-s051-a028-w007-02	m-w-s051-a028-w008-02	m-w-s051-a028-w007-02	51:28:7:2	51:28:8:2	51:28:7:2	q:51:28:9	q:51:28:11	q:51:28:10	9	11	10	prep_complement	syntactically_forced	high			PV	NOUN_CONCRETE		بـ	fallback_morpheme_aligned	case_government;local_syntax	غُلَٰمٍ is governed by بِ as the content of بَشَّرُوهُ.	resources/attachments.tsv:50409
sx-51_28-00106	ae:v3:s051:028:pass1:attach:a6	51:28	w-s051-a028-w008	w-s051-a028-w009		m-w-s051-a028-w008-02	m-w-s051-a028-w009-01		51:28:8:2	51:28:9:1		q:51:28:11	q:51:28:12		11	12		adjective	strongly_licensed	high			NOUN_CONCRETE	ADJ_QUALIT			position_morpheme_aligned	agreement;local_syntax	عَلِيمٍ describes غُلَٰمٍ and agrees with it in genitive indefiniteness.	resources/attachments.tsv:50410
sx-51_29-00107	ae:v3:s051:029:pass1:attach:a1	51:29	w-s051-a029-w001	w-s051-a029-w002		m-w-s051-a029-w001-02	m-w-s051-a029-w002-01		51:29:1:2	51:29:2:1		q:51:29:2	q:51:29:3		2	3		subject	syntactically_forced	high			PV	NOUN_CONCRETE			position_morpheme_aligned	agreement;word_order	ٱمْرَأَتُهُۥ is the explicit subject of أَقْبَلَتِ.	resources/attachments.tsv:50411
sx-51_29-00108	ae:v3:s051:029:pass1:attach:a2	51:29	w-s051-a029-w001	w-s051-a029-w004	w-s051-a029-w003	m-w-s051-a029-w001-02	m-w-s051-a029-w004-01	m-w-s051-a029-w003-01	51:29:1:2	51:29:4:1	51:29:3:1	q:51:29:2	q:51:29:5	q:51:29:4	2	5	4	prep_complement	strongly_licensed	medium			PV	NOUN_ABSTRACT		فِي	position_morpheme_aligned	case_government;local_syntax	صَرَّةٍ is governed by فِى and marks the state accompanying أَقْبَلَتِ.	resources/attachments.tsv:50412
sx-51_29-00109	ae:v3:s051:029:pass1:attach:a3	51:29	w-s051-a029-w005	w-s051-a029-w006		m-w-s051-a029-w005-02	m-w-s051-a029-w006-01		51:29:5:2	51:29:6:1		q:51:29:7	q:51:29:8		7	8		direct_object	syntactically_forced	high			PV	NOUN_CONCRETE	explicit		position_morpheme_aligned	case_government;local_syntax	وَجْهَهَا is the accusative object of صَكَّتْ.	resources/attachments.tsv:50413
sx-51_29-00110	ae:v3:s051:029:pass1:attach:a4	51:29	w-s051-a029-w007	w-s051-a029-w008		m-w-s051-a029-w007-02	m-w-s051-a029-w008-01		51:29:7:2	51:29:8:1		q:51:29:10	q:51:29:11		10	11		quoted_complement	syntactically_forced	high			PV	ADJ_QUALIT			position_morpheme_aligned	local_syntax	عَجُوزٌ عَقِيمٌ is the full quoted content of قَالَتْ.	resources/attachments.tsv:50414
sx-51_29-00111	ae:v3:s051:029:pass1:attach:a5	51:29	w-s051-a029-w008	w-s051-a029-w009		m-w-s051-a029-w008-01	m-w-s051-a029-w009-01		51:29:8:1	51:29:9:1		q:51:29:11	q:51:29:12		11	12		adjective	strongly_licensed	high			ADJ_QUALIT	ADJ_QUALIT			position_morpheme_aligned	agreement;local_syntax	عَقِيمٌ describes عَجُوزٌ in the quoted exclamation.	resources/attachments.tsv:50415
sx-51_29-00112	ae:v3:s051:029:pass1:attach:a6	51:29	w-s051-a029-w002	w-s051-a029-w002		m-w-s051-a029-w002-01	m-w-s051-a029-w002-01		51:29:2:1	51:29:2:1		q:51:29:3	q:51:29:3		3	3		idafa	syntactically_forced	high		possessive_suffix	NOUN_CONCRETE				position_morpheme_aligned	morphology;local_syntax	The suffix ـهُ in ٱمْرَأَتُهُۥ is the possessive complement of ٱمْرَأَتُ.	resources/attachments.tsv:50416
sx-51_29-00113	ae:v3:s051:029:pass1:attach:a7	51:29	w-s051-a029-w006	w-s051-a029-w006		m-w-s051-a029-w006-01	m-w-s051-a029-w006-01		51:29:6:1	51:29:6:1		q:51:29:8	q:51:29:8		8	8		idafa	syntactically_forced	high		possessive_suffix	NOUN_CONCRETE				position_morpheme_aligned	morphology;local_syntax	The suffix ـهَا in وَجْهَهَا is the possessive complement of وَجْهَ.	resources/attachments.tsv:50417
sx-51_30-00114	ae:v3:s051:030:pass1:attach:a1	51:30	w-s051-a030-w001	w-s051-a030-w002		m-w-s051-a030-w001-01	m-w-s051-a030-w002-01		51:30:1:1	51:30:2:1		q:51:30:1	q:51:30:2		1	2		quoted_complement	syntactically_forced	high			PV	PREP			position_morpheme_aligned	local_syntax	كَذَٰلِكِ قَالَ رَبُّكِ إِنَّهُ هُوَ ٱلْحَكِيمُ ٱلْعَلِيمُ is the full utterance of قَالُوا۟.	resources/attachments.tsv:50418
sx-51_30-00115	ae:v3:s051:030:pass1:attach:a2	51:30	w-s051-a030-w003	w-s051-a030-w002	w-s051-a030-w002	m-w-s051-a030-w003-01	m-w-s051-a030-w002-02	m-w-s051-a030-w002-01	51:30:3:1	51:30:2:2	51:30:2:1	q:51:30:4	q:51:30:3	q:51:30:2	4	3	2	prep_complement	strongly_licensed	high			PV	DEM_PRON		كـ	position_morpheme_aligned	case_government;local_syntax	ذَٰلِكِ is governed by كَ and modifies the manner of قَالَ.	resources/attachments.tsv:50419
sx-51_30-00116	ae:v3:s051:030:pass1:attach:a3	51:30	w-s051-a030-w003	w-s051-a030-w004		m-w-s051-a030-w003-01	m-w-s051-a030-w004-01		51:30:3:1	51:30:4:1		q:51:30:4	q:51:30:5		4	5		subject	syntactically_forced	high			PV	NOUN_CONCRETE			position_morpheme_aligned	case_government;word_order	رَبُّكِ is the explicit subject of قَالَ.	resources/attachments.tsv:50420
sx-51_30-00117	ae:v3:s051:030:pass1:attach:a4	51:30	w-s051-a030-w005	w-s051-a030-w006		m-w-s051-a030-w005-01	m-w-s051-a030-w006-01		51:30:5:1	51:30:6:1		q:51:30:6	q:51:30:7		6	7		particle_complement	strongly_licensed	medium			ANNUL_PART	PRON			position_morpheme_aligned	local_syntax	هُوَ is the visible pronoun completing the إِنَّ clause before the predicate.	resources/attachments.tsv:50421
sx-51_30-00118	ae:v3:s051:030:pass1:attach:a5	51:30	w-s051-a030-w005	w-s051-a030-w007		m-w-s051-a030-w005-01	m-w-s051-a030-w007-02		51:30:5:1	51:30:7:2		q:51:30:6	q:51:30:8		6	8		predication	syntactically_forced	high			ANNUL_PART	NOUN_PROP			position_morpheme_aligned	local_syntax	ٱلْحَكِيمُ is the predicate of إِنَّ in the emphatic clause.	resources/attachments.tsv:50422
sx-51_30-00119	ae:v3:s051:030:pass1:attach:a6	51:30	w-s051-a030-w007	w-s051-a030-w008		m-w-s051-a030-w007-02	m-w-s051-a030-w008-02		51:30:7:2	51:30:8:2		q:51:30:8	q:51:30:9		8	9		adjective	strongly_licensed	high			NOUN_PROP	NOUN_PROP			position_morpheme_aligned	agreement;local_syntax	ٱلْعَلِيمُ follows ٱلْحَكِيمُ as a coordinated divine attribute in the same predicate phrase.	resources/attachments.tsv:50423
sx-51_30-00120	ae:v3:s051:030:pass1:attach:a7	51:30	w-s051-a030-w004	w-s051-a030-w004		m-w-s051-a030-w004-01	m-w-s051-a030-w004-01		51:30:4:1	51:30:4:1		q:51:30:5	q:51:30:5		5	5		idafa	syntactically_forced	high		possessive_suffix	NOUN_CONCRETE				position_morpheme_aligned	morphology;local_syntax	The suffix ـكِ in رَبُّكِ is the possessive complement of رَبُّ.	resources/attachments.tsv:50424
sx-51_31-00121	ae:v3:s051:031:pass1:attach:a1	51:31	w-s051-a031-w001	w-s051-a031-w002		m-w-s051-a031-w001-01	m-w-s051-a031-w002-02		51:31:1:1	51:31:2:2		q:51:31:1	q:51:31:2		1	2		quoted_complement	syntactically_forced	high			PV	CONJ			position_morpheme_aligned	local_syntax	The question beginning فَمَا is the quoted content governed by قَالَ.	resources/attachments.tsv:50425
sx-51_31-00122	ae:v3:s051:031:pass1:attach:a2	51:31	w-s051-a031-w003	w-s051-a031-w002		m-w-s051-a031-w003-01	m-w-s051-a031-w002-02		51:31:3:1	51:31:2:2		q:51:31:4	q:51:31:3		4	3		predication	syntactically_forced	high			NOUN_ABSTRACT	INTERROG_PRON			position_morpheme_aligned	local_syntax;word_order	مَا is the fronted interrogative predicate and خَطْبُكُمْ is the delayed subject of the nominal question.	resources/attachments.tsv:50426
sx-51_31-00123	ae:v3:s051:031:pass1:attach:a3	51:31	w-s051-a031-w003	w-s051-a031-w003		m-w-s051-a031-w003-01	m-w-s051-a031-w003-01		51:31:3:1	51:31:3:1		q:51:31:4	q:51:31:4		4	4		idafa	syntactically_forced	high	whole_word	possessive_suffix	NOUN_ABSTRACT				position_morpheme_aligned	morphology;local_syntax	The suffix كُمْ in خَطْبُكُمْ is the possessor attached to خَطْب.	resources/attachments.tsv:50427
sx-51_31-00124	ae:v3:s051:031:pass1:attach:a4	51:31	w-s051-a031-w004	w-s051-a031-w005		m-w-s051-a031-w004-01	m-w-s051-a031-w005-02		51:31:4:1	51:31:5:2		q:51:31:5	q:51:31:6		5	6		apposition	syntactically_forced	high			REL_PRON	NOUN_PASSIVE_PART			position_morpheme_aligned	agreement;local_syntax	ٱلْمُرْسَلُونَ specifies the addressee marked by أَيُّهَا.	resources/attachments.tsv:50428
sx-51_31-00125	ae:v3:s051:031:pass1:attach:a5	51:31	w-s051-a031-w003	w-s051-a031-w004		m-w-s051-a031-w003-01	m-w-s051-a031-w004-01		51:31:3:1	51:31:4:1		q:51:31:4	q:51:31:5		4	5		vocative	strongly_licensed	high			NOUN_ABSTRACT	REL_PRON			position_morpheme_aligned	local_syntax	أَيُّهَا marks a direct address appended to the nominal question مَا خَطْبُكُمْ.	resources/attachments.tsv:50429
sx-51_32-00126	ae:v3:s051:032:pass1:attach:a1	51:32	w-s051-a032-w001	w-s051-a032-w002		m-w-s051-a032-w001-01	m-w-s051-a032-w002-01		51:32:1:1	51:32:2:1		q:51:32:1	q:51:32:2		1	2		quoted_complement	syntactically_forced	high			PV	INF_ANNUL_PART			position_morpheme_aligned	local_syntax	The إنّ clause beginning إِنَّا is the quoted content governed by قَالُوا.	resources/attachments.tsv:50430
sx-51_32-00127	ae:v3:s051:032:pass1:attach:a2	51:32	w-s051-a032-w002	w-s051-a032-w002		m-w-s051-a032-w002-01	m-w-s051-a032-w002-02		51:32:2:1	51:32:2:2		q:51:32:2	q:51:32:2		2	2		particle_complement	syntactically_forced	high	particle_segment	pronoun_suffix					position_morpheme_aligned	morphology;local_syntax	The suffix نَا in إِنَّا is the governed ism of إِنَّ.	resources/attachments.tsv:50431
sx-51_32-00128	ae:v3:s051:032:pass1:attach:a3	51:32	w-s051-a032-w002	w-s051-a032-w003		m-w-s051-a032-w002-01	m-w-s051-a032-w003-01		51:32:2:1	51:32:3:1		q:51:32:2	q:51:32:3		2	3		predication	syntactically_forced	high			INF_ANNUL_PART	PV_PASS			position_morpheme_aligned	local_syntax	أُرْسِلْنَا supplies the khabar content for إِنَّا.	resources/attachments.tsv:50432
sx-51_32-00129	ae:v3:s051:032:pass1:attach:a4	51:32	w-s051-a032-w003	w-s051-a032-w005	w-s051-a032-w004	m-w-s051-a032-w003-01	m-w-s051-a032-w005-01	m-w-s051-a032-w004-01	51:32:3:1	51:32:5:1	51:32:4:1	q:51:32:3	q:51:32:5	q:51:32:4	3	5	4	prep_complement	syntactically_forced	high			PV_PASS	NOUN_CONCRETE		إِلَى	position_morpheme_aligned	case_government;local_syntax	قَوْمٍ is governed by إِلَىٰ as the destination of أُرْسِلْنَا.	resources/attachments.tsv:50433
sx-51_32-00130	ae:v3:s051:032:pass1:attach:a5	51:32	w-s051-a032-w005	w-s051-a032-w006		m-w-s051-a032-w005-01	m-w-s051-a032-w006-01		51:32:5:1	51:32:6:1		q:51:32:5	q:51:32:6		5	6		adjective	strongly_licensed	high			NOUN_CONCRETE	NOUN_ACTIVE_PART			position_morpheme_aligned	agreement;morphology	مُّجْرِمِينَ agrees with and modifies قَوْمٍ.	resources/attachments.tsv:50434
sx-51_33-00131	ae:v3:s051:033:pass1:attach:a1	51:33	w-s051-a033-w001	w-s051-a033-w003		m-w-s051-a033-w001-02	m-w-s051-a033-w003-01		51:33:1:2	51:33:3:1		q:51:33:2	q:51:33:4		2	4		direct_object	syntactically_forced	high			IV	NOUN_CONCRETE	explicit		position_morpheme_aligned	case_government;local_syntax	حِجَارَةً is the accusative object of نُرْسِلَ.	resources/attachments.tsv:50435
sx-51_33-00132	ae:v3:s051:033:pass1:attach:a2	51:33	w-s051-a033-w001	w-s051-a033-w002	w-s051-a033-w002	m-w-s051-a033-w001-02	m-w-s051-a033-w002-02	m-w-s051-a033-w002-01	51:33:1:2	51:33:2:2	51:33:2:1	q:51:33:2	q:51:33:3	q:51:33:3	2	3	3	prep_complement	syntactically_forced	high		pronoun_suffix	IV			عَلَى	position_morpheme_aligned	case_government;local_syntax	The suffix هُمْ in عَلَيْهِمْ is governed by عَلَى as the target of نُرْسِلَ.	resources/attachments.tsv:50436
sx-51_33-00133	ae:v3:s051:033:pass1:attach:a3	51:33	w-s051-a033-w003	w-s051-a033-w005	w-s051-a033-w004	m-w-s051-a033-w003-01	m-w-s051-a033-w005-01	m-w-s051-a033-w004-01	51:33:3:1	51:33:5:1	51:33:4:1	q:51:33:4	q:51:33:6	q:51:33:5	4	6	5	prep_complement	strongly_licensed	high			NOUN_CONCRETE	NOUN_CONCRETE		مِن	position_morpheme_aligned	case_government;local_syntax	طِينٍ is governed by مِنْ to describe the material of حِجَارَةً.	resources/attachments.tsv:50437
sx-51_34-00134	ae:v3:s051:034:pass1:attach:a1	51:34	w-s051-a034-w001	w-s051-a034-w002		m-w-s051-a034-w001-01	m-w-s051-a034-w002-01		51:34:1:1	51:34:2:1		q:51:34:1	q:51:34:2		1	2		adverbial	strongly_licensed	high			NOUN_PASSIVE_PART	ADV			position_morpheme_aligned	local_syntax;case_government	عِندَ رَبِّكَ gives the locative setting for مُّسَوَّمَةً.	resources/attachments.tsv:50438
sx-51_34-00135	ae:v3:s051:034:pass1:attach:a2	51:34	w-s051-a034-w002	w-s051-a034-w003		m-w-s051-a034-w002-01	m-w-s051-a034-w003-01		51:34:2:1	51:34:3:1		q:51:34:2	q:51:34:3		2	3		idafa	syntactically_forced	high			ADV	NOUN_CONCRETE			position_morpheme_aligned	case_government;local_syntax	رَبِّكَ is the genitive complement of the ظرف عِندَ.	resources/attachments.tsv:50439
sx-51_34-00136	ae:v3:s051:034:pass1:attach:a3	51:34	w-s051-a034-w003	w-s051-a034-w003		m-w-s051-a034-w003-01	m-w-s051-a034-w003-01		51:34:3:1	51:34:3:1		q:51:34:3	q:51:34:3		3	3		idafa	syntactically_forced	high	whole_word	possessive_suffix	NOUN_CONCRETE				position_morpheme_aligned	morphology;local_syntax	The suffix كَ in رَبِّكَ is the possessor attached to رَبِّ.	resources/attachments.tsv:50440
sx-51_34-00137	ae:v3:s051:034:pass1:attach:a4	51:34	w-s051-a034-w001	w-s051-a034-w004	w-s051-a034-w004	m-w-s051-a034-w001-01	m-w-s051-a034-w004-03	m-w-s051-a034-w004-01	51:34:1:1	51:34:4:3	51:34:4:1	q:51:34:1	q:51:34:5	q:51:34:4	1	5	4	prep_complement	strongly_licensed	high			NOUN_PASSIVE_PART	NOUN_ACTIVE_PART		لـ	position_morpheme_aligned	case_government;local_syntax	الْمُسْرِفِينَ is governed by لِ as the group for whom مُّسَوَّمَةً is marked.	resources/attachments.tsv:50441
sx-51_35-00138	ae:v3:s051:035:pass1:attach:a1	51:35	w-s051-a035-w001	w-s051-a035-w002		m-w-s051-a035-w001-02	m-w-s051-a035-w002-01		51:35:1:2	51:35:2:1		q:51:35:2	q:51:35:3		2	3		direct_object	syntactically_forced	high			PV	REL_PRON	explicit		position_morpheme_aligned	case_government;local_syntax	مَن is the direct object of أَخْرَجْنَا and is completed by its relative clause.	resources/attachments.tsv:50442
sx-51_35-00139	ae:v3:s051:035:pass1:attach:a2	51:35	w-s051-a035-w003	w-s051-a035-w004	w-s051-a035-w004	m-w-s051-a035-w003-01	m-w-s051-a035-w004-02	m-w-s051-a035-w004-01	51:35:3:1	51:35:4:2	51:35:4:1	q:51:35:4	q:51:35:5	q:51:35:5	4	5	5	prep_complement	syntactically_forced	high		pronoun_suffix	PV			فِي	position_morpheme_aligned	case_government;local_syntax	The suffix هَا in فِيهَا is governed by فِي within the predicate of كَانَ.	resources/attachments.tsv:50443
sx-51_35-00140	ae:v3:s051:035:pass1:attach:a3	51:35	w-s051-a035-w003	w-s051-a035-w004		m-w-s051-a035-w003-01	m-w-s051-a035-w004-01		51:35:3:1	51:35:4:1		q:51:35:4	q:51:35:5		4	5		kana_predicate	syntactically_forced	high			PV	PREP			position_morpheme_aligned	local_syntax	فِيهَا functions as the khabar of كَانَ.	resources/attachments.tsv:50444
sx-51_35-00141	ae:v3:s051:035:pass1:attach:a4	51:35	w-s051-a035-w002	w-s051-a035-w006	w-s051-a035-w005	m-w-s051-a035-w002-01	m-w-s051-a035-w006-02	m-w-s051-a035-w005-01	51:35:2:1	51:35:6:2	51:35:5:1	q:51:35:3	q:51:35:7	q:51:35:6	3	7	6	prep_complement	strongly_licensed	high			REL_PRON	NOUN_ACTIVE_PART		مِن	position_morpheme_aligned	case_government;local_syntax	ٱلْمُؤْمِنِينَ is governed by مِنَ to specify the group denoted by مَن.	resources/attachments.tsv:50445
sx-51_35-00142	ae:v3:s051:035:pass1:attach:a5	51:35	w-s051-a035-w003	w-s051-a035-w002		m-w-s051-a035-w003-01	m-w-s051-a035-w002-01		51:35:3:1	51:35:2:1		q:51:35:4	q:51:35:3		4	3		subject	syntactically_forced	high			PV	REL_PRON			position_morpheme_aligned	local_syntax;word_order	مَن is the ism of كَانَ in the relative clause كَانَ فِيهَا.	resources/attachments.tsv:50446
sx-51_36-00143	ae:v3:s051:036:pass1:attach:a1	51:36	w-s051-a036-w002	w-s051-a036-w003	w-s051-a036-w003	m-w-s051-a036-w002-01	m-w-s051-a036-w003-02	m-w-s051-a036-w003-01	51:36:2:1	51:36:3:2	51:36:3:1	q:51:36:3	q:51:36:4	q:51:36:4	3	4	4	prep_complement	syntactically_forced	high		pronoun_suffix	PV			فِي	position_morpheme_aligned	case_government;local_syntax	The suffix هَا in فِيهَا is governed by فِي as the location of وَجَدْنَا under negation.	resources/attachments.tsv:50447
sx-51_36-00144	ae:v3:s051:036:pass1:attach:a2	51:36	w-s051-a036-w002	w-s051-a036-w004		m-w-s051-a036-w002-01	m-w-s051-a036-w004-01		51:36:2:1	51:36:4:1		q:51:36:3	q:51:36:5		3	5		direct_object	syntactically_forced	high			PV	EXCEPT_NOUN	explicit		position_morpheme_aligned	case_government;local_syntax	غَيْرَ is the accusative object of the negated verb وَجَدْنَا.	resources/attachments.tsv:50448
sx-51_36-00145	ae:v3:s051:036:pass1:attach:a3	51:36	w-s051-a036-w004	w-s051-a036-w005		m-w-s051-a036-w004-01	m-w-s051-a036-w005-01		51:36:4:1	51:36:5:1		q:51:36:5	q:51:36:6		5	6		idafa	syntactically_forced	high			EXCEPT_NOUN	NOUN_CONCRETE			position_morpheme_aligned	case_government;local_syntax	بَيْتٍ is the genitive complement of غَيْرَ.	resources/attachments.tsv:50449
sx-51_36-00146	ae:v3:s051:036:pass1:attach:a4	51:36	w-s051-a036-w005	w-s051-a036-w007	w-s051-a036-w006	m-w-s051-a036-w005-01	m-w-s051-a036-w007-02	m-w-s051-a036-w006-01	51:36:5:1	51:36:7:2	51:36:6:1	q:51:36:6	q:51:36:8	q:51:36:7	6	8	7	prep_complement	strongly_licensed	high			NOUN_CONCRETE	NOUN_ACTIVE_PART		مِن	position_morpheme_aligned	case_government;local_syntax	ٱلْمُسْلِمِينَ is governed by مِنَ to characterize بَيْتٍ.	resources/attachments.tsv:50450
sx-51_37-00147	ae:v3:s051:037:pass1:attach:a1	51:37	w-s051-a037-w001	w-s051-a037-w002	w-s051-a037-w002	m-w-s051-a037-w001-02	m-w-s051-a037-w002-02	m-w-s051-a037-w002-01	51:37:1:2	51:37:2:2	51:37:2:1	q:51:37:2	q:51:37:3	q:51:37:3	2	3	3	prep_complement	syntactically_forced	high		pronoun_suffix	PV			فِي	position_morpheme_aligned	case_government;local_syntax	The suffix هَا in فِيهَآ is governed by فِي as the location of تَرَكْنَا.	resources/attachments.tsv:50451
sx-51_37-00148	ae:v3:s051:037:pass1:attach:a2	51:37	w-s051-a037-w001	w-s051-a037-w003		m-w-s051-a037-w001-02	m-w-s051-a037-w003-01		51:37:1:2	51:37:3:1		q:51:37:2	q:51:37:4		2	4		direct_object	syntactically_forced	high			PV	NOUN_ABSTRACT	explicit		position_morpheme_aligned	case_government;local_syntax	ءَايَةً is the accusative direct object of تَرَكْنَا.	resources/attachments.tsv:50452
sx-51_37-00149	ae:v3:s051:037:pass1:attach:a3	51:37	w-s051-a037-w003	w-s051-a037-w004	w-s051-a037-w004	m-w-s051-a037-w003-01	m-w-s051-a037-w004-02	m-w-s051-a037-w004-01	51:37:3:1	51:37:4:2	51:37:4:1	q:51:37:4	q:51:37:6	q:51:37:5	4	6	5	prep_complement	strongly_licensed	high			NOUN_ABSTRACT	REL_PRON		لـ	position_morpheme_aligned	case_government;local_syntax	الَّذِينَ is governed by لِ as the beneficiary group for ءَايَةً.	resources/attachments.tsv:50453
sx-51_37-00150	ae:v3:s051:037:pass1:attach:a4	51:37	w-s051-a037-w005	w-s051-a037-w006		m-w-s051-a037-w005-01	m-w-s051-a037-w006-02		51:37:5:1	51:37:6:2		q:51:37:7	q:51:37:8		7	8		direct_object	syntactically_forced	high			IV	GERUND	explicit		position_morpheme_aligned	case_government;local_syntax	ٱلْعَذَابَ is the accusative object of يَخَافُونَ.	resources/attachments.tsv:50454
sx-51_37-00151	ae:v3:s051:037:pass1:attach:a5	51:37	w-s051-a037-w006	w-s051-a037-w007		m-w-s051-a037-w006-02	m-w-s051-a037-w007-02		51:37:6:2	51:37:7:2		q:51:37:8	q:51:37:9		8	9		adjective	strongly_licensed	high			GERUND	ADJ_QUALIT			position_morpheme_aligned	agreement;morphology	ٱلْأَلِيمَ agrees with and modifies ٱلْعَذَابَ.	resources/attachments.tsv:50455
sx-51_38-00152	ae:v3:s051:038:pass1:attach:a1	51:38	w-s051-a038-w004	w-s051-a038-w002	w-s051-a038-w001	m-w-s051-a038-w004-01	m-w-s051-a038-w002-01	m-w-s051-a038-w001-02	51:38:4:1	51:38:2:1	51:38:1:2	q:51:38:5	q:51:38:3	q:51:38:2	5	3	2	prep_complement	strongly_licensed	medium			PV	NOUN_PROP_FOREIGN		فِي	position_morpheme_aligned	case_government;local_syntax	مُوسَىٰ is governed by فِى as the local locus for the event narrated by أَرْسَلْنَٰهُ.	resources/attachments.tsv:50456
sx-51_38-00153	ae:v3:s051:038:pass1:attach:a2	51:38	w-s051-a038-w004	w-s051-a038-w003		m-w-s051-a038-w004-01	m-w-s051-a038-w003-01		51:38:4:1	51:38:3:1		q:51:38:5	q:51:38:4		5	4		adverbial	syntactically_forced	high			PV	ADV			position_morpheme_aligned	local_syntax	إِذْ sets the temporal frame for أَرْسَلْنَٰهُ.	resources/attachments.tsv:50457
sx-51_38-00154	ae:v3:s051:038:pass1:attach:a3	51:38	w-s051-a038-w004	w-s051-a038-w004		m-w-s051-a038-w004-01	m-w-s051-a038-w004-01		51:38:4:1	51:38:4:1		q:51:38:5	q:51:38:5		5	5		direct_object	syntactically_forced	high	whole_word	object_suffix	PV		clitic		position_morpheme_aligned	morphology;local_syntax	The suffix هُ in أَرْسَلْنَٰهُ is the direct object of أَرْسَلْنَٰ.	resources/attachments.tsv:50458
sx-51_38-00155	ae:v3:s051:038:pass1:attach:a4	51:38	w-s051-a038-w004	w-s051-a038-w006	w-s051-a038-w005	m-w-s051-a038-w004-01	m-w-s051-a038-w006-01	m-w-s051-a038-w005-01	51:38:4:1	51:38:6:1	51:38:5:1	q:51:38:5	q:51:38:7	q:51:38:6	5	7	6	prep_complement	syntactically_forced	high			PV	NOUN_PROP_FOREIGN		إِلَى	position_morpheme_aligned	case_government;local_syntax	فِرْعَوْنَ is governed by إِلَىٰ as the destination of أَرْسَلْنَٰهُ.	resources/attachments.tsv:50459
sx-51_38-00156	ae:v3:s051:038:pass1:attach:a5	51:38	w-s051-a038-w004	w-s051-a038-w007	w-s051-a038-w007	m-w-s051-a038-w004-01	m-w-s051-a038-w007-02	m-w-s051-a038-w007-01	51:38:4:1	51:38:7:2	51:38:7:1	q:51:38:5	q:51:38:9	q:51:38:8	5	9	8	prep_complement	strongly_licensed	high			PV	NOUN_ABSTRACT		بـ	position_morpheme_aligned	case_government;local_syntax	سُلْطَٰنٍ is governed by بِ as the accompanying proof for أَرْسَلْنَٰهُ.	resources/attachments.tsv:50460
sx-51_38-00157	ae:v3:s051:038:pass1:attach:a6	51:38	w-s051-a038-w007	w-s051-a038-w008		m-w-s051-a038-w007-02	m-w-s051-a038-w008-01		51:38:7:2	51:38:8:1		q:51:38:9	q:51:38:10		9	10		adjective	strongly_licensed	high			NOUN_ABSTRACT	NOUN_ACTIVE_PART			position_morpheme_aligned	agreement;morphology	مُّبِينٍ agrees with and modifies سُلْطَٰنٍ.	resources/attachments.tsv:50461
sx-51_39-00158	ae:v3:s051:039:pass1:attach:a1	51:39	w-s051-a039-w001	w-s051-a039-w002	w-s051-a039-w002	m-w-s051-a039-w001-02	m-w-s051-a039-w002-02	m-w-s051-a039-w002-01	51:39:1:2	51:39:2:2	51:39:2:1	q:51:39:2	q:51:39:4	q:51:39:3	2	4	3	prep_complement	strongly_licensed	high			PV	NOUN_ABSTRACT		بـ	position_morpheme_aligned	case_government;local_syntax	رُكْنِهِ is governed by بِ as the support or force with which he تَوَلَّىٰ.	resources/attachments.tsv:50462
sx-51_39-00159	ae:v3:s051:039:pass1:attach:a2	51:39	w-s051-a039-w002	w-s051-a039-w002		m-w-s051-a039-w002-02	m-w-s051-a039-w002-02		51:39:2:2	51:39:2:2		q:51:39:4	q:51:39:4		4	4		idafa	syntactically_forced	high	whole_word	possessive_suffix	NOUN_ABSTRACT				position_morpheme_aligned	morphology;local_syntax	The suffix هِ in رُكْنِهِ is the possessor attached to رُكْن.	resources/attachments.tsv:50463
sx-51_39-00160	ae:v3:s051:039:pass1:attach:a3	51:39	w-s051-a039-w003	w-s051-a039-w004		m-w-s051-a039-w003-02	m-w-s051-a039-w004-01		51:39:3:2	51:39:4:1		q:51:39:6	q:51:39:7		6	7		quoted_complement	syntactically_forced	high			PV	NOUN_ACTIVE_PART			position_morpheme_aligned	local_syntax	سَٰحِرٌ أَوْ مَجْنُونٌ is the quoted content governed by قَالَ.	resources/attachments.tsv:50464
sx-51_39-00161	ae:v3:s051:039:pass1:attach:a4	51:39	w-s051-a039-w004	w-s051-a039-w006		m-w-s051-a039-w004-01	m-w-s051-a039-w006-01		51:39:4:1	51:39:6:1		q:51:39:7	q:51:39:9		7	9		conjoined	strongly_licensed	high			NOUN_ACTIVE_PART	NOUN_PASSIVE_PART			position_morpheme_aligned	local_syntax;parallelism	مَجْنُونٌ is conjoined to سَٰحِرٌ by أَوْ as the second quoted alternative.	resources/attachments.tsv:50465
sx-51_40-00162	ae:v3:s051:040:pass1:attach:a1	51:40	w-s051-a040-w001	w-s051-a040-w001		m-w-s051-a040-w001-02	m-w-s051-a040-w001-02		51:40:1:2	51:40:1:2		q:51:40:2	q:51:40:2		2	2		direct_object	syntactically_forced	high	whole_word	object_suffix	PV		clitic		position_morpheme_aligned	morphology;local_syntax	The suffix هُ in أَخَذْنَٰهُ is the direct object of أَخَذْنَٰ.	resources/attachments.tsv:50466
sx-51_40-00163	ae:v3:s051:040:pass1:attach:a2	51:40	w-s051-a040-w001	w-s051-a040-w002		m-w-s051-a040-w001-02	m-w-s051-a040-w002-02		51:40:1:2	51:40:2:2		q:51:40:2	q:51:40:4		2	4		direct_object	strongly_licensed	high			PV	NOUN_RELATIVE	explicit		position_morpheme_aligned	case_government;local_syntax	جُنُودَهُ is an accusative object coordinated with the object suffix of أَخَذْنَٰهُ.	resources/attachments.tsv:50467
sx-51_40-00164	ae:v3:s051:040:pass1:attach:a3	51:40	w-s051-a040-w001	w-s051-a040-w002		m-w-s051-a040-w001-02	m-w-s051-a040-w002-02		51:40:1:2	51:40:2:2		q:51:40:2	q:51:40:4		2	4		conjoined	strongly_licensed	high	object_suffix			NOUN_RELATIVE			position_morpheme_aligned	local_syntax;parallelism	جُنُودَهُ is conjoined by وَ to the suffix هُ in أَخَذْنَٰهُ.	resources/attachments.tsv:50468
sx-51_40-00165	ae:v3:s051:040:pass1:attach:a4	51:40	w-s051-a040-w002	w-s051-a040-w002		m-w-s051-a040-w002-02	m-w-s051-a040-w002-02		51:40:2:2	51:40:2:2		q:51:40:4	q:51:40:4		4	4		idafa	syntactically_forced	high	whole_word	possessive_suffix	NOUN_RELATIVE				position_morpheme_aligned	morphology;local_syntax	The suffix هُ in جُنُودَهُ is the possessor attached to جُنُود.	resources/attachments.tsv:50469
sx-51_40-00166	ae:v3:s051:040:pass1:attach:a5	51:40	w-s051-a040-w003	w-s051-a040-w003		m-w-s051-a040-w003-02	m-w-s051-a040-w003-02		51:40:3:2	51:40:3:2		q:51:40:6	q:51:40:6		6	6		direct_object	syntactically_forced	high	whole_word	object_suffix	PV		clitic		position_morpheme_aligned	morphology;local_syntax	The suffix هُمْ in نَبَذْنَٰهُمْ is the direct object of نَبَذْنَٰ.	resources/attachments.tsv:50470
sx-51_40-00167	ae:v3:s051:040:pass1:attach:a6	51:40	w-s051-a040-w003	w-s051-a040-w005	w-s051-a040-w004	m-w-s051-a040-w003-02	m-w-s051-a040-w005-02	m-w-s051-a040-w004-01	51:40:3:2	51:40:5:2	51:40:4:1	q:51:40:6	q:51:40:8	q:51:40:7	6	8	7	prep_complement	syntactically_forced	high			PV	NOUN_CONCRETE		فِي	position_morpheme_aligned	case_government;local_syntax	ٱلْيَمِّ is governed by فِى as the place into which نَبَذْنَٰهُمْ occurs.	resources/attachments.tsv:50471
sx-51_40-00168	ae:v3:s051:040:pass1:attach:a7	51:40	w-s051-a040-w006	w-s051-a040-w007		m-w-s051-a040-w006-02	m-w-s051-a040-w007-01		51:40:6:2	51:40:7:1		q:51:40:10	q:51:40:11		10	11		predication	syntactically_forced	high			PRON	NOUN_ACTIVE_PART			position_morpheme_aligned	local_syntax;word_order	مُلِيمٌ is the predicate of the pronoun هُوَ.	resources/attachments.tsv:50472
sx-51_40-00169	ae:v3:s051:040:pass1:attach:a8	51:40	w-s051-a040-w003	w-s051-a040-w006		m-w-s051-a040-w003-02	m-w-s051-a040-w006-02		51:40:3:2	51:40:6:2		q:51:40:6	q:51:40:10		6	10		circumstantial	strongly_licensed	high			PV	PRON			position_morpheme_aligned	local_syntax	هُوَ مُلِيمٌ gives the state accompanying نَبَذْنَٰهُمْ.	resources/attachments.tsv:50473
sx-51_41-00170	ae:v3:s051:041:pass1:attach:a1	51:41	w-s051-a041-w004	w-s051-a041-w002	w-s051-a041-w001	m-w-s051-a041-w004-01	m-w-s051-a041-w002-01	m-w-s051-a041-w001-02	51:41:4:1	51:41:2:1	51:41:1:2	q:51:41:5	q:51:41:3	q:51:41:2	5	3	2	prep_complement	strongly_licensed	medium			PV	NOUN_PROP		فِي	position_morpheme_aligned	case_government;local_syntax	فِى عَادٍ frames the sending in أَرْسَلْنَا as the thematic setting.	resources/attachments.tsv:50474
sx-51_41-00171	ae:v3:s051:041:pass1:attach:a2	51:41	w-s051-a041-w004	w-s051-a041-w003		m-w-s051-a041-w004-01	m-w-s051-a041-w003-01		51:41:4:1	51:41:3:1		q:51:41:5	q:51:41:4		5	4		adverbial	syntactically_forced	high			PV	ADV			position_morpheme_aligned	local_syntax	إِذْ temporally anchors أَرْسَلْنَا and its clause.	resources/attachments.tsv:50475
sx-51_41-00172	ae:v3:s051:041:pass1:attach:a3	51:41	w-s051-a041-w004	w-s051-a041-w005	w-s051-a041-w005	m-w-s051-a041-w004-01	m-w-s051-a041-w005-02	m-w-s051-a041-w005-01	51:41:4:1	51:41:5:2	51:41:5:1	q:51:41:5	q:51:41:6	q:51:41:6	5	6	6	prep_complement	syntactically_forced	high		pronoun_suffix	PV			عَلَى	position_morpheme_aligned	case_government;local_syntax	The pronoun in عَلَيْهِمُ is governed by عَلَى as complement of أَرْسَلْنَا.	resources/attachments.tsv:50476
sx-51_41-00173	ae:v3:s051:041:pass1:attach:a4	51:41	w-s051-a041-w004	w-s051-a041-w006		m-w-s051-a041-w004-01	m-w-s051-a041-w006-02		51:41:4:1	51:41:6:2		q:51:41:5	q:51:41:7		5	7		direct_object	syntactically_forced	high			PV	NOUN_ABSTRACT	explicit		position_morpheme_aligned	case_government;word_order	ٱلرِّيحَ is the accusative object sent by أَرْسَلْنَا.	resources/attachments.tsv:50477
sx-51_41-00174	ae:v3:s051:041:pass1:attach:a5	51:41	w-s051-a041-w006	w-s051-a041-w007		m-w-s051-a041-w006-02	m-w-s051-a041-w007-02		51:41:6:2	51:41:7:2		q:51:41:7	q:51:41:8		7	8		adjective	strongly_licensed	high			NOUN_ABSTRACT	ADJ_QUALIT			position_morpheme_aligned	agreement;case_government	ٱلْعَقِيمَ agrees with ٱلرِّيحَ in definiteness, gender, number, and accusative case.	resources/attachments.tsv:50478
sx-51_42-00175	ae:v3:s051:042:pass1:attach:a1	51:42	w-s051-a042-w002	w-s051-a042-w004	w-s051-a042-w003	m-w-s051-a042-w002-01	m-w-s051-a042-w004-01	m-w-s051-a042-w003-01	51:42:2:1	51:42:4:1	51:42:3:1	q:51:42:2	q:51:42:4	q:51:42:3	2	4	3	prep_complement	syntactically_forced	high			IV	NOUN_ABSTRACT		مِن	position_morpheme_aligned	case_government;local_syntax	شَىْءٍ is governed by مِنْ under the negation مَا تَذَرُ.	resources/attachments.tsv:50479
sx-51_42-00176	ae:v3:s051:042:pass1:attach:a2	51:42	w-s051-a042-w002	w-s051-a042-w004		m-w-s051-a042-w002-01	m-w-s051-a042-w004-01		51:42:2:1	51:42:4:1		q:51:42:2	q:51:42:4		2	4		direct_object	strongly_licensed	medium			IV	NOUN_ABSTRACT	explicit		position_morpheme_aligned	case_government;local_syntax	مِن شَىْءٍ supplies the negated object domain of تَذَرُ.	resources/attachments.tsv:50480
sx-51_42-00177	ae:v3:s051:042:pass1:attach:a3	51:42	w-s051-a042-w005	w-s051-a042-w006	w-s051-a042-w006	m-w-s051-a042-w005-01	m-w-s051-a042-w006-02	m-w-s051-a042-w006-01	51:42:5:1	51:42:6:2	51:42:6:1	q:51:42:5	q:51:42:6	q:51:42:6	5	6	6	prep_complement	syntactically_forced	high		pronoun_suffix	PV			عَلَى	position_morpheme_aligned	case_government;local_syntax	The pronoun in عَلَيْهِ is the complement of عَلَى governed by أَتَتْ.	resources/attachments.tsv:50481
sx-51_42-00178	ae:v3:s051:042:pass1:attach:a4	51:42	w-s051-a042-w002	w-s051-a042-w008		m-w-s051-a042-w002-01	m-w-s051-a042-w008-01		51:42:2:1	51:42:8:1		q:51:42:2	q:51:42:8		2	8		exception	syntactically_forced	high			IV	PV			position_morpheme_aligned	local_syntax	إِلَّا marks جَعَلَتْهُ كَٱلرَّمِيمِ as the exception to what تَذَرُ negates.	resources/attachments.tsv:50482
sx-51_42-00179	ae:v3:s051:042:pass1:attach:a5	51:42	w-s051-a042-w008	w-s051-a042-w008		m-w-s051-a042-w008-01	m-w-s051-a042-w008-02		51:42:8:1	51:42:8:2		q:51:42:8	q:51:42:8		8	8		direct_object	syntactically_forced	high		object_suffix	PV		clitic		position_morpheme_aligned	morphology;local_syntax	The suffix هُ in جَعَلَتْهُ is the thing made by جَعَلَتْ.	resources/attachments.tsv:50483
sx-51_42-00180	ae:v3:s051:042:pass1:attach:a6	51:42	w-s051-a042-w008	w-s051-a042-w009	w-s051-a042-w009	m-w-s051-a042-w008-01	m-w-s051-a042-w009-03	m-w-s051-a042-w009-01	51:42:8:1	51:42:9:3	51:42:9:1	q:51:42:8	q:51:42:10	q:51:42:9	8	10	9	prep_complement	syntactically_forced	high			PV	NOUN_CONCRETE		كـ	position_morpheme_aligned	case_government;local_syntax	ٱلرَّمِيمِ is governed by كَ as the simile complement of جَعَلَتْهُ.	resources/attachments.tsv:50484
sx-51_43-00181	ae:v3:s051:043:pass1:attach:a1	51:43	w-s051-a043-w004	w-s051-a043-w002	w-s051-a043-w001	m-w-s051-a043-w004-01	m-w-s051-a043-w002-01	m-w-s051-a043-w001-02	51:43:4:1	51:43:2:1	51:43:1:2	q:51:43:5	q:51:43:3	q:51:43:2	5	3	2	prep_complement	strongly_licensed	medium			PV_PASS	NOUN_PROP		فِي	position_morpheme_aligned	case_government;local_syntax	فِى ثَمُودَ frames قِيلَ as the event concerning Thamud.	resources/attachments.tsv:50485
sx-51_43-00182	ae:v3:s051:043:pass1:attach:a2	51:43	w-s051-a043-w004	w-s051-a043-w003		m-w-s051-a043-w004-01	m-w-s051-a043-w003-01		51:43:4:1	51:43:3:1		q:51:43:5	q:51:43:4		5	4		adverbial	syntactically_forced	high			PV_PASS	ADV			position_morpheme_aligned	local_syntax	إِذْ temporally governs the clause headed by قِيلَ.	resources/attachments.tsv:50486
sx-51_43-00183	ae:v3:s051:043:pass1:attach:a3	51:43	w-s051-a043-w004	w-s051-a043-w005	w-s051-a043-w004	m-w-s051-a043-w004-01	m-w-s051-a043-w005-02	m-w-s051-a043-w004-01	51:43:4:1	51:43:5:2	51:43:4:1	q:51:43:5	q:51:43:7	q:51:43:6	5	7	6	prep_complement	syntactically_forced	high			PV_PASS	PRON		لـ	fallback_morpheme_aligned	case_government;local_syntax	هُمْ is governed by لَ as the addressee complement of قِيلَ.	resources/attachments.tsv:50487
sx-51_43-00184	ae:v3:s051:043:pass1:attach:a4	51:43	w-s051-a043-w004	w-s051-a043-w006		m-w-s051-a043-w004-01	m-w-s051-a043-w006-01		51:43:4:1	51:43:6:1		q:51:43:5	q:51:43:8		5	8		quoted_complement	syntactically_forced	high			PV_PASS	PV			position_morpheme_aligned	local_syntax	The utterance تَمَتَّعُوا۟ حَتَّىٰ حِينٍ is the quoted content of قِيلَ; لَهُمْ stays outside the quote.	resources/attachments.tsv:50488
sx-51_43-00185	ae:v3:s051:043:pass1:attach:a5	51:43	w-s051-a043-w006	w-s051-a043-w008	w-s051-a043-w007	m-w-s051-a043-w006-01	m-w-s051-a043-w008-01	m-w-s051-a043-w007-01	51:43:6:1	51:43:8:1	51:43:7:1	q:51:43:8	q:51:43:10	q:51:43:9	8	10	9	prep_complement	syntactically_forced	high			PV	ADV		حَتَّى	position_morpheme_aligned	case_government;local_syntax	حِينٍ is governed by حَتَّىٰ as the temporal endpoint of تَمَتَّعُوا۟.	resources/attachments.tsv:50489
sx-51_44-00186	ae:v3:s051:044:pass1:attach:a1	51:44	w-s051-a044-w001	w-s051-a044-w003	w-s051-a044-w002	m-w-s051-a044-w001-02	m-w-s051-a044-w003-01	m-w-s051-a044-w002-01	51:44:1:2	51:44:3:1	51:44:2:1	q:51:44:2	q:51:44:4	q:51:44:3	2	4	3	prep_complement	syntactically_forced	high			PV	GERUND		عَن	position_morpheme_aligned	case_government;local_syntax	أَمْرِ is governed by عَنْ as the target of عَتَوْا۟.	resources/attachments.tsv:50490
sx-51_44-00187	ae:v3:s051:044:pass1:attach:a2	51:44	w-s051-a044-w003	w-s051-a044-w004		m-w-s051-a044-w003-01	m-w-s051-a044-w004-01		51:44:3:1	51:44:4:1		q:51:44:4	q:51:44:5		4	5		idafa	syntactically_forced	high			GERUND	NOUN_CONCRETE			position_morpheme_aligned	case_government;local_syntax	رَبِّهِمْ is the genitive complement in the construct أَمْرِ رَبِّهِمْ.	resources/attachments.tsv:50491
sx-51_44-00188	ae:v3:s051:044:pass1:attach:a3	51:44	w-s051-a044-w005	w-s051-a044-w005		m-w-s051-a044-w005-02	m-w-s051-a044-w005-03		51:44:5:2	51:44:5:3		q:51:44:7	q:51:44:7		7	7		direct_object	syntactically_forced	high		object_suffix	PV		clitic		position_morpheme_aligned	morphology;local_syntax	The suffix هُم in أَخَذَتْهُمُ is the object seized by أَخَذَتْ.	resources/attachments.tsv:50492
sx-51_44-00189	ae:v3:s051:044:pass1:attach:a4	51:44	w-s051-a044-w005	w-s051-a044-w006		m-w-s051-a044-w005-02	m-w-s051-a044-w006-02		51:44:5:2	51:44:6:2		q:51:44:7	q:51:44:8		7	8		subject	syntactically_forced	high			PV	NOUN_ACTIVE_PART			position_morpheme_aligned	agreement;word_order	ٱلصَّٰعِقَةُ is the feminine nominative subject of أَخَذَتْ.	resources/attachments.tsv:50493
sx-51_44-00190	ae:v3:s051:044:pass1:attach:a5	51:44	w-s051-a044-w005	w-s051-a044-w007		m-w-s051-a044-w005-02	m-w-s051-a044-w007-02		51:44:5:2	51:44:7:2		q:51:44:7	q:51:44:10		7	10		circumstantial	strongly_licensed	high			PV	PRON			position_morpheme_aligned	local_syntax	وَهُمْ يَنظُرُونَ states the circumstance during أَخَذَتْهُمُ.	resources/attachments.tsv:50494
sx-51_44-00191	ae:v3:s051:044:pass1:attach:a6	51:44	w-s051-a044-w007	w-s051-a044-w008		m-w-s051-a044-w007-02	m-w-s051-a044-w008-01		51:44:7:2	51:44:8:1		q:51:44:10	q:51:44:11		10	11		predication	syntactically_forced	high			PRON	IV			position_morpheme_aligned	local_syntax;agreement	يَنظُرُونَ is the predicate of the nominal clause headed by هُمْ.	resources/attachments.tsv:50495
sx-51_44-00192	ae:v3:s051:044:pass1:attach:a7	51:44	w-s051-a044-w004	w-s051-a044-w004		m-w-s051-a044-w004-01	m-w-s051-a044-w004-01		51:44:4:1	51:44:4:1		q:51:44:5	q:51:44:5		5	5		idafa	syntactically_forced	high		possessive_suffix	NOUN_CONCRETE				position_morpheme_aligned	morphology;local_syntax	The suffix هُمْ in رَبِّهِمْ is the possessive genitive complement of رَبِّ.	resources/attachments.tsv:50496
sx-51_45-00193	ae:v3:s051:045:pass1:attach:a1	51:45	w-s051-a045-w002	w-s051-a045-w004	w-s051-a045-w003	m-w-s051-a045-w002-01	m-w-s051-a045-w004-01	m-w-s051-a045-w003-01	51:45:2:1	51:45:4:1	51:45:3:1	q:51:45:3	q:51:45:5	q:51:45:4	3	5	4	prep_complement	syntactically_forced	high			PV	GERUND		مِن	position_morpheme_aligned	case_government;local_syntax	قِيَامٍ is governed by مِنْ under the negation of ٱسْتَطَٰعُوا۟.	resources/attachments.tsv:50497
sx-51_45-00194	ae:v3:s051:045:pass1:attach:a2	51:45	w-s051-a045-w006	w-s051-a045-w007		m-w-s051-a045-w006-01	m-w-s051-a045-w007-01		51:45:6:1	51:45:7:1		q:51:45:8	q:51:45:9		8	9		kana_predicate	syntactically_forced	high			PV	NOUN_ACTIVE_PART			position_morpheme_aligned	case_government;local_syntax	مُنتَصِرِينَ is the accusative predicate of كَانُوا۟.	resources/attachments.tsv:50498
sx-51_45-00195	ae:v3:s051:045:pass1:attach:a3	51:45	w-s051-a045-w002	w-s051-a045-w006		m-w-s051-a045-w002-01	m-w-s051-a045-w006-01		51:45:2:1	51:45:6:1		q:51:45:3	q:51:45:8		3	8		conjoined	strongly_licensed	high			PV	PV			position_morpheme_aligned	local_syntax;parallelism	كَانُوا۟ is coordinated with ٱسْتَطَٰعُوا۟ by وَ in the paired negation.	resources/attachments.tsv:50499
sx-51_46-00196	ae:v3:s051:046:pass1:attach:a1	51:46	w-s051-a046-w001	w-s051-a046-w002		m-w-s051-a046-w001-02	m-w-s051-a046-w002-01		51:46:1:2	51:46:2:1		q:51:46:2	q:51:46:3		2	3		idafa	syntactically_forced	high			NOUN_CONCRETE	NOUN_PROP_FOREIGN			position_morpheme_aligned	case_government;local_syntax	نُوحٍ is the genitive complement of the construct قَوْمَ.	resources/attachments.tsv:50500
sx-51_46-00197	ae:v3:s051:046:pass1:attach:a2	51:46	w-s051-a046-w001	w-s051-a046-w004	w-s051-a046-w003	m-w-s051-a046-w001-02	m-w-s051-a046-w004-01	m-w-s051-a046-w003-01	51:46:1:2	51:46:4:1	51:46:3:1	q:51:46:2	q:51:46:5	q:51:46:4	2	5	4	prep_complement	strongly_licensed	medium			NOUN_CONCRETE	NOUN_ABSTRACT		مِن	position_morpheme_aligned	case_government;local_syntax	مِّن قَبْلُ temporally qualifies قَوْمَ نُوحٍ as earlier than the preceding examples.	resources/attachments.tsv:50501
sx-51_46-00198	ae:v3:s051:046:pass1:attach:a3	51:46	w-s051-a046-w005	w-s051-a046-w005		m-w-s051-a046-w005-01	m-w-s051-a046-w005-02		51:46:5:1	51:46:5:2		q:51:46:6	q:51:46:6		6	6		particle_complement	syntactically_forced	high	particle_segment	pronoun_suffix					position_morpheme_aligned	morphology;local_syntax	The pronoun هُمْ in إِنَّهُمْ is the governed subject of إِنَّ.	resources/attachments.tsv:50502
sx-51_46-00199	ae:v3:s051:046:pass1:attach:a4	51:46	w-s051-a046-w005	w-s051-a046-w006		m-w-s051-a046-w005-01	m-w-s051-a046-w006-01		51:46:5:1	51:46:6:1		q:51:46:6	q:51:46:7		6	7		predication	syntactically_forced	high			ANNUL_PART	PV			position_morpheme_aligned	local_syntax	كَانُوا۟ قَوْمًۭا فَٰسِقِينَ supplies the predicate content of إِنَّهُمْ.	resources/attachments.tsv:50503
sx-51_46-00200	ae:v3:s051:046:pass1:attach:a5	51:46	w-s051-a046-w006	w-s051-a046-w007		m-w-s051-a046-w006-01	m-w-s051-a046-w007-01		51:46:6:1	51:46:7:1		q:51:46:7	q:51:46:8		7	8		kana_predicate	syntactically_forced	high			PV	NOUN_CONCRETE			position_morpheme_aligned	case_government;local_syntax	قَوْمًۭا is the accusative predicate of كَانُوا۟.	resources/attachments.tsv:50504
sx-51_46-00201	ae:v3:s051:046:pass1:attach:a6	51:46	w-s051-a046-w007	w-s051-a046-w008		m-w-s051-a046-w007-01	m-w-s051-a046-w008-01		51:46:7:1	51:46:8:1		q:51:46:8	q:51:46:9		8	9		adjective	strongly_licensed	high			NOUN_CONCRETE	NOUN_ACTIVE_PART			position_morpheme_aligned	agreement;case_government	فَٰسِقِينَ describes قَوْمًۭا and agrees in accusative predicate case.	resources/attachments.tsv:50505
sx-51_47-00202	ae:v3:s051:047:pass1:attach:a1	51:47	w-s051-a047-w002	w-s051-a047-w001		m-w-s051-a047-w002-01	m-w-s051-a047-w001-03		51:47:2:1	51:47:1:3		q:51:47:3	q:51:47:2		3	2		direct_object	strongly_licensed	high			IV	NOUN_CONCRETE	explicit		position_morpheme_aligned	case_government;local_syntax	ٱلسَّمَآءَ is the fronted accusative object resumed by بَنَيْنَٰهَا.	resources/attachments.tsv:50506
sx-51_47-00203	ae:v3:s051:047:pass1:attach:a2	51:47	w-s051-a047-w002	w-s051-a047-w002		m-w-s051-a047-w002-01	m-w-s051-a047-w002-01		51:47:2:1	51:47:2:1		q:51:47:3	q:51:47:3		3	3		direct_object	syntactically_forced	high		object_suffix	IV		clitic		position_morpheme_aligned	morphology;local_syntax	The suffix هَا in بَنَيْنَٰهَا is the object pronoun referring to ٱلسَّمَآءَ.	resources/attachments.tsv:50507
sx-51_47-00204	ae:v3:s051:047:pass1:attach:a3	51:47	w-s051-a047-w002	w-s051-a047-w003	w-s051-a047-w002	m-w-s051-a047-w002-01	m-w-s051-a047-w003-02	m-w-s051-a047-w002-01	51:47:2:1	51:47:3:2	51:47:2:1	q:51:47:3	q:51:47:5	q:51:47:4	3	5	4	prep_complement	syntactically_forced	high			IV	NOUN_CONCRETE		بـ	fallback_morpheme_aligned	case_government;local_syntax	أَيْي۟دٍ is governed by بِ as the means of بَنَيْنَٰهَا.	resources/attachments.tsv:50508
sx-51_47-00205	ae:v3:s051:047:pass1:attach:a4	51:47	w-s051-a047-w004	w-s051-a047-w004		m-w-s051-a047-w004-02	m-w-s051-a047-w004-03		51:47:4:2	51:47:4:3		q:51:47:7	q:51:47:7		7	7		particle_complement	syntactically_forced	high	particle_segment	pronoun_suffix					position_morpheme_aligned	morphology;local_syntax	The pronoun نَا in إِنَّا is the governed subject of إِنَّ.	resources/attachments.tsv:50509
sx-51_47-00206	ae:v3:s051:047:pass1:attach:a5	51:47	w-s051-a047-w004	w-s051-a047-w005		m-w-s051-a047-w004-02	m-w-s051-a047-w005-02		51:47:4:2	51:47:5:2		q:51:47:7	q:51:47:9		7	9		predication	syntactically_forced	high			INF_ANNUL_PART	NOUN_ACTIVE_PART			position_morpheme_aligned	local_syntax;case_government	مُوسِعُونَ is the nominative predicate of إِنَّا, with لَ as emphasis.	resources/attachments.tsv:50510
sx-51_48-00207	ae:v3:s051:048:pass1:attach:a1	51:48	w-s051-a048-w002	w-s051-a048-w001		m-w-s051-a048-w002-01	m-w-s051-a048-w001-03		51:48:2:1	51:48:1:3		q:51:48:3	q:51:48:2		3	2		direct_object	strongly_licensed	high			PV	NOUN_CONCRETE	explicit		position_morpheme_aligned	case_government;local_syntax	ٱلْأَرْضَ is the fronted accusative object resumed by فَرَشْنَٰهَا.	resources/attachments.tsv:50511
sx-51_48-00208	ae:v3:s051:048:pass1:attach:a2	51:48	w-s051-a048-w002	w-s051-a048-w002		m-w-s051-a048-w002-01	m-w-s051-a048-w002-01		51:48:2:1	51:48:2:1		q:51:48:3	q:51:48:3		3	3		direct_object	syntactically_forced	high		object_suffix	PV		clitic		position_morpheme_aligned	morphology;local_syntax	The suffix هَا in فَرَشْنَٰهَا is the object pronoun referring to ٱلْأَرْضَ.	resources/attachments.tsv:50512
sx-51_48-00209	ae:v3:s051:048:pass1:attach:a3	51:48	w-s051-a048-w003	w-s051-a048-w004		m-w-s051-a048-w003-02	m-w-s051-a048-w004-02		51:48:3:2	51:48:4:2		q:51:48:5	q:51:48:6		5	6		subject	syntactically_forced	high			UNINFLECTED_VERB	NOUN_ACTIVE_PART			position_morpheme_aligned	case_government;local_syntax	ٱلْمَٰهِدُونَ is the nominative subject/praised term of نِعْمَ.	resources/attachments.tsv:50513
sx-51_49-00210	ae:v3:s051:049:pass1:attach:a1	51:49	w-s051-a049-w004	w-s051-a049-w002	w-s051-a049-w001	m-w-s051-a049-w004-01	m-w-s051-a049-w002-01	m-w-s051-a049-w001-02	51:49:4:1	51:49:2:1	51:49:1:2	q:51:49:5	q:51:49:3	q:51:49:2	5	3	2	prep_complement	syntactically_forced	high			PV	NOUN_ABSTRACT		مِن	position_morpheme_aligned	case_government;local_syntax	كُلِّ is governed by مِن as the source/domain complement of خَلَقْنَا.	resources/attachments.tsv:50514
sx-51_49-00211	ae:v3:s051:049:pass1:attach:a2	51:49	w-s051-a049-w002	w-s051-a049-w003		m-w-s051-a049-w002-01	m-w-s051-a049-w003-01		51:49:2:1	51:49:3:1		q:51:49:3	q:51:49:4		3	4		idafa	syntactically_forced	high			NOUN_ABSTRACT	NOUN_ABSTRACT			position_morpheme_aligned	case_government;local_syntax	شَىْءٍ is the genitive complement of the construct كُلِّ.	resources/attachments.tsv:50515
sx-51_49-00212	ae:v3:s051:049:pass1:attach:a3	51:49	w-s051-a049-w004	w-s051-a049-w005		m-w-s051-a049-w004-01	m-w-s051-a049-w005-01		51:49:4:1	51:49:5:1		q:51:49:5	q:51:49:6		5	6		direct_object	syntactically_forced	high			PV	NOUN_CONCRETE	explicit		position_morpheme_aligned	case_government;word_order	زَوْجَيْنِ is the accusative direct object of خَلَقْنَا.	resources/attachments.tsv:50516
sx-51_49-00213	ae:v3:s051:049:pass1:attach:a4	51:49	w-s051-a049-w006	w-s051-a049-w006		m-w-s051-a049-w006-01	m-w-s051-a049-w006-02		51:49:6:1	51:49:6:2		q:51:49:7	q:51:49:7		7	7		particle_complement	syntactically_forced	high	particle_segment	pronoun_suffix					position_morpheme_aligned	morphology;local_syntax	The pronoun كُمْ in لَعَلَّكُمْ is the governed subject of لَعَلَّ.	resources/attachments.tsv:50517
sx-51_49-00214	ae:v3:s051:049:pass1:attach:a5	51:49	w-s051-a049-w006	w-s051-a049-w007		m-w-s051-a049-w006-01	m-w-s051-a049-w007-01		51:49:6:1	51:49:7:1		q:51:49:7	q:51:49:8		7	8		predication	syntactically_forced	high			ANNUL_PART	IV			position_morpheme_aligned	local_syntax;agreement	تَذَكَّرُونَ is the predicate of لَعَلَّكُمْ.	resources/attachments.tsv:50518
sx-51_50-00215	ae:v3:s051:050:pass1:attach:a1	51:50	w-s051-a050-w001	w-s051-a050-w003	w-s051-a050-w002	m-w-s051-a050-w001-02	m-w-s051-a050-w003-01	m-w-s051-a050-w002-01	51:50:1:2	51:50:3:1	51:50:2:1	q:51:50:2	q:51:50:4	q:51:50:3	2	4	3	prep_complement	syntactically_forced	high			CV	NOUN_PROP		إِلَى	position_morpheme_aligned	case_government;local_syntax	ٱللَّهِ is governed by إِلَى as the destination of فِرُّوٓا۟.	resources/attachments.tsv:50519
sx-51_50-00216	ae:v3:s051:050:pass1:attach:a2	51:50	w-s051-a050-w004	w-s051-a050-w004		m-w-s051-a050-w004-01	m-w-s051-a050-w004-02		51:50:4:1	51:50:4:2		q:51:50:5	q:51:50:5		5	5		particle_complement	syntactically_forced	high	particle_segment	pronoun_suffix					position_morpheme_aligned	morphology;local_syntax	The pronoun ي in إِنِّى is the governed subject of إِنَّ.	resources/attachments.tsv:50520
sx-51_50-00217	ae:v3:s051:050:pass1:attach:a3	51:50	w-s051-a050-w007	w-s051-a050-w005	w-s051-a050-w005	m-w-s051-a050-w007-01	m-w-s051-a050-w005-02	m-w-s051-a050-w005-01	51:50:7:1	51:50:5:2	51:50:5:1	q:51:50:8	q:51:50:6	q:51:50:6	8	6	6	prep_complement	syntactically_forced	high		pronoun_suffix	ADJ_QUALIT			لـ	fallback_morpheme_aligned	case_government;local_syntax	The pronoun كُمْ in لَكُم is governed by لَ as an addressee complement of نَذِيرٌ.	resources/attachments.tsv:50521
sx-51_50-00218	ae:v3:s051:050:pass1:attach:a4	51:50	w-s051-a050-w007	w-s051-a050-w006	w-s051-a050-w006	m-w-s051-a050-w007-01	m-w-s051-a050-w006-02	m-w-s051-a050-w006-01	51:50:7:1	51:50:6:2	51:50:6:1	q:51:50:8	q:51:50:7	q:51:50:7	8	7	7	prep_complement	syntactically_forced	high		pronoun_suffix	ADJ_QUALIT			مِن	fallback_morpheme_aligned	case_government;local_syntax	The pronoun هُ in مِّنْهُ is governed by مِنْ as the source complement of نَذِيرٌ.	resources/attachments.tsv:50522
sx-51_50-00219	ae:v3:s051:050:pass1:attach:a5	51:50	w-s051-a050-w004	w-s051-a050-w007		m-w-s051-a050-w004-01	m-w-s051-a050-w007-01		51:50:4:1	51:50:7:1		q:51:50:5	q:51:50:8		5	8		predication	syntactically_forced	high			ANNUL_PART	ADJ_QUALIT			fallback_morpheme_aligned	local_syntax;case_government	نَذِيرٌ is the nominative predicate of إِنِّى.	resources/attachments.tsv:50523
sx-51_50-00220	ae:v3:s051:050:pass1:attach:a6	51:50	w-s051-a050-w007	w-s051-a050-w008		m-w-s051-a050-w007-01	m-w-s051-a050-w008-01		51:50:7:1	51:50:8:1		q:51:50:8	q:51:50:9		8	9		adjective	strongly_licensed	high			ADJ_QUALIT	NOUN_ACTIVE_PART			fallback_morpheme_aligned	agreement;case_government	مُّبِينٌ qualifies نَذِيرٌ and agrees with it in nominative indefinite masculine singular form.	resources/attachments.tsv:50524
sx-51_51-00221	ae:v3:s051:051:pass1:attach:a1	51:51	w-s051-a051-w003	w-s051-a051-w004		m-w-s051-a051-w003-01	m-w-s051-a051-w004-01		51:51:3:1	51:51:4:1		q:51:51:4	q:51:51:5		4	5		idafa	syntactically_forced	high			ADV	NOUN_PROP			position_morpheme_aligned	case_government;local_syntax	ٱللَّهِ is genitive after the ظرف مَعَ in the phrase مَعَ ٱللَّهِ.	resources/attachments.tsv:50525
sx-51_51-00222	ae:v3:s051:051:pass1:attach:a2	51:51	w-s051-a051-w002	w-s051-a051-w003		m-w-s051-a051-w002-01	m-w-s051-a051-w003-01		51:51:2:1	51:51:3:1		q:51:51:3	q:51:51:4		3	4		adverbial	strongly_licensed	high			IV	ADV			position_morpheme_aligned	case_government;local_syntax	مَعَ ٱللَّهِ gives the accompanying setting for تَجْعَلُوا.	resources/attachments.tsv:50526
sx-51_51-00223	ae:v3:s051:051:pass1:attach:a3	51:51	w-s051-a051-w002	w-s051-a051-w004		m-w-s051-a051-w002-01	m-w-s051-a051-w004-01		51:51:2:1	51:51:4:1		q:51:51:3	q:51:51:6		3	6		direct_object	syntactically_forced	high			IV	NOUN_CONCRETE	explicit		fallback_morpheme_aligned	case_government;local_syntax	إِلَٰهًا is the accusative object of تَجْعَلُوا.	resources/attachments.tsv:50527
sx-51_51-00224	ae:v3:s051:051:pass1:attach:a4	51:51	w-s051-a051-w004	w-s051-a051-w006		m-w-s051-a051-w004-01	m-w-s051-a051-w006-01		51:51:4:1	51:51:6:1		q:51:51:6	q:51:51:7		6	7		adjective	strongly_licensed	high			NOUN_CONCRETE	ADJ_COMP			fallback_morpheme_aligned	agreement;case_government	ءَاخَرَ agrees with إِلَٰهًا as its accusative masculine singular adjective.	resources/attachments.tsv:50528
sx-51_51-00225	ae:v3:s051:051:pass1:attach:a5	51:51	w-s051-a051-w007	w-s051-a051-w007		m-w-s051-a051-w007-01	m-w-s051-a051-w007-02		51:51:7:1	51:51:7:2		q:51:51:8	q:51:51:8		8	8		particle_complement	syntactically_forced	high	particle_segment	pronoun_suffix					position_morpheme_aligned	morphology;local_syntax	The ي in إِنِّى is the governed ism of the particle إِنَّ.	resources/attachments.tsv:50529
sx-51_51-00226	ae:v3:s051:051:pass1:attach:a6	51:51	w-s051-a051-w007	w-s051-a051-w010		m-w-s051-a051-w007-01	m-w-s051-a051-w010-01		51:51:7:1	51:51:10:1		q:51:51:8	q:51:51:11		8	11		predication	syntactically_forced	high			ANNUL_PART	ADJ_QUALIT			fallback_morpheme_aligned	case_government;local_syntax	نَذِيرٌ is the khabar of إِنِّى.	resources/attachments.tsv:50530
sx-51_51-00227	ae:v3:s051:051:pass1:attach:a7	51:51	w-s051-a051-w010	w-s051-a051-w008	w-s051-a051-w008	m-w-s051-a051-w010-01	m-w-s051-a051-w008-02	m-w-s051-a051-w008-01	51:51:10:1	51:51:8:2	51:51:8:1	q:51:51:11	q:51:51:9	q:51:51:9	11	9	9	prep_complement	strongly_licensed	high		pronoun_suffix	ADJ_QUALIT			لـ	fallback_morpheme_aligned	case_government;local_syntax	لَكُم marks the warned audience connected with نَذِيرٌ.	resources/attachments.tsv:50531
sx-51_51-00228	ae:v3:s051:051:pass1:attach:a8	51:51	w-s051-a051-w010	w-s051-a051-w009	w-s051-a051-w009	m-w-s051-a051-w010-01	m-w-s051-a051-w009-02	m-w-s051-a051-w009-01	51:51:10:1	51:51:9:2	51:51:9:1	q:51:51:11	q:51:51:10	q:51:51:10	11	10	10	prep_complement	strongly_licensed	high		pronoun_suffix	ADJ_QUALIT			مِن	fallback_morpheme_aligned	case_government;local_syntax	مِّنْهُ marks the source of the warning expressed by نَذِيرٌ.	resources/attachments.tsv:50532
sx-51_51-00229	ae:v3:s051:051:pass1:attach:a9	51:51	w-s051-a051-w010	w-s051-a051-w011		m-w-s051-a051-w010-01	m-w-s051-a051-w011-01		51:51:10:1	51:51:11:1		q:51:51:11	q:51:51:12		11	12		adjective	strongly_licensed	high			ADJ_QUALIT	NOUN_ACTIVE_PART			fallback_morpheme_aligned	agreement;case_government	مُّبِينٌ agrees with نَذِيرٌ as a nominative masculine singular adjective.	resources/attachments.tsv:50533
sx-51_52-00230	ae:v3:s051:052:pass1:attach:a1	51:52	w-s051-a052-w003	w-s051-a052-w001	w-s051-a052-w001	m-w-s051-a052-w003-01	m-w-s051-a052-w001-02	m-w-s051-a052-w001-01	51:52:3:1	51:52:1:2	51:52:1:1	q:51:52:4	q:51:52:2	q:51:52:1	4	2	1	prep_complement	strongly_licensed	medium			PV	DEM_PRON		كـ	position_morpheme_aligned	case_government;local_syntax	كَذَٰلِكَ sets the comparative manner for the following pattern of rejection.	resources/attachments.tsv:50534
sx-51_52-00231	ae:v3:s051:052:pass1:attach:a2	51:52	w-s051-a052-w003	w-s051-a052-w004		m-w-s051-a052-w003-01	m-w-s051-a052-w004-01		51:52:3:1	51:52:4:1		q:51:52:4	q:51:52:5		4	5		direct_object	strongly_licensed	high			PV	REL_PRON	explicit		position_morpheme_aligned	case_government;local_syntax	ٱلَّذِينَ is the group reached by أَتَى.	resources/attachments.tsv:50535
sx-51_52-00232	ae:v3:s051:052:pass1:attach:a3	51:52	w-s051-a052-w004	w-s051-a052-w006	w-s051-a052-w005	m-w-s051-a052-w004-01	m-w-s051-a052-w006-01	m-w-s051-a052-w005-01	51:52:4:1	51:52:6:1	51:52:5:1	q:51:52:5	q:51:52:7	q:51:52:6	5	7	6	prep_complement	strongly_licensed	high			REL_PRON	ADV		مِن	position_morpheme_aligned	case_government;local_syntax	مِن قَبْلِهِم specifies that ٱلَّذِينَ are those before them.	resources/attachments.tsv:50536
sx-51_52-00233	ae:v3:s051:052:pass1:attach:a4	51:52	w-s051-a052-w003	w-s051-a052-w008		m-w-s051-a052-w003-01	m-w-s051-a052-w008-01		51:52:3:1	51:52:8:1		q:51:52:4	q:51:52:9		4	9		subject	syntactically_forced	high			PV	NOUN_CONCRETE			position_morpheme_aligned	case_government;word_order	رَسُولٍ is the delayed subject of أَتَى despite the زائد مِن under negation.	resources/attachments.tsv:50537
sx-51_52-00234	ae:v3:s051:052:pass1:attach:a5	51:52	w-s051-a052-w003	w-s051-a052-w008	w-s051-a052-w007	m-w-s051-a052-w003-01	m-w-s051-a052-w008-01	m-w-s051-a052-w007-01	51:52:3:1	51:52:8:1	51:52:7:1	q:51:52:4	q:51:52:9	q:51:52:8	4	9	8	prep_complement	surface_form	high			PV	NOUN_CONCRETE		مِن	position_morpheme_aligned	case_government;local_syntax	مِّن governs رَّسُولٍ in the negated مِن رَّسُولٍ construction.	resources/attachments.tsv:50538
sx-51_52-00235	ae:v3:s051:052:pass1:attach:a6	51:52	w-s051-a052-w003	w-s051-a052-w010		m-w-s051-a052-w003-01	m-w-s051-a052-w010-01		51:52:3:1	51:52:10:1		q:51:52:4	q:51:52:11		4	11		exception	syntactically_forced	high			PV	PV			position_morpheme_aligned	local_syntax	إِلَّا makes قَالُوا سَاحِرٌ أَوْ مَجْنُونٌ the excepted response to مَا أَتَى.	resources/attachments.tsv:50539
sx-51_52-00236	ae:v3:s051:052:pass1:attach:a7	51:52	w-s051-a052-w010	w-s051-a052-w011		m-w-s051-a052-w010-01	m-w-s051-a052-w011-01		51:52:10:1	51:52:11:1		q:51:52:11	q:51:52:12		11	12		quoted_complement	syntactically_forced	high			PV	NOUN_ACTIVE_PART			position_morpheme_aligned	local_syntax	سَاحِرٌ أَوْ مَجْنُونٌ is the direct quote governed by قَالُوا.	resources/attachments.tsv:50540
sx-51_52-00237	ae:v3:s051:052:pass1:attach:a8	51:52	w-s051-a052-w011	w-s051-a052-w013		m-w-s051-a052-w011-01	m-w-s051-a052-w013-01		51:52:11:1	51:52:13:1		q:51:52:12	q:51:52:14		12	14		conjoined	strongly_licensed	high			NOUN_ACTIVE_PART	NOUN_PASSIVE_PART			position_morpheme_aligned	local_syntax;parallelism	مَجْنُونٌ is conjoined to سَاحِرٌ by أَوْ as an alternative accusation.	resources/attachments.tsv:50541
sx-51_52-00238	ae:v3:s051:052:pass1:attach:a9	51:52	w-s051-a052-w006	w-s051-a052-w006		m-w-s051-a052-w006-01	m-w-s051-a052-w006-01		51:52:6:1	51:52:6:1		q:51:52:7	q:51:52:7		7	7		idafa	syntactically_forced	high		possessive_suffix	ADV				position_morpheme_aligned	morphology;case_government	The هِمْ suffix in قَبْلِهِمْ is the genitive possessor completing قَبْلِ.	resources/attachments.tsv:50542
sx-51_53-00239	ae:v3:s051:053:pass1:attach:a1	51:53	w-s051-a053-w001	w-s051-a053-w002	w-s051-a053-w002	m-w-s051-a053-w001-02	m-w-s051-a053-w002-02	m-w-s051-a053-w002-01	51:53:1:2	51:53:2:2	51:53:2:1	q:51:53:1	q:51:53:2	q:51:53:2	1	2	2	prep_complement	syntactically_forced	high		pronoun_suffix	PV			بـ	fallback_morpheme_aligned	case_government;local_syntax	بِهِ supplies the matter about which أَتَوَاصَوْا is asked.	resources/attachments.tsv:50543
sx-51_53-00240	ae:v3:s051:053:pass1:attach:a2	51:53	w-s051-a053-w004	w-s051-a053-w005		m-w-s051-a053-w004-01	m-w-s051-a053-w005-01		51:53:4:1	51:53:5:1		q:51:53:4	q:51:53:5		4	5		predication	syntactically_forced	high			PRON	NOUN_CONCRETE			fallback_morpheme_aligned	local_syntax;word_order	قَوْمٌ is predicated of هُمْ in the nominal clause.	resources/attachments.tsv:50544
sx-51_53-00241	ae:v3:s051:053:pass1:attach:a3	51:53	w-s051-a053-w005	w-s051-a053-w006		m-w-s051-a053-w005-01	m-w-s051-a053-w006-01		51:53:5:1	51:53:6:1		q:51:53:5	q:51:53:6		5	6		adjective	strongly_licensed	high			NOUN_CONCRETE	NOUN_ACTIVE_PART			fallback_morpheme_aligned	agreement;case_government	طَاغُونَ characterizes قَوْمٌ as its nominative adjective.	resources/attachments.tsv:50545
sx-51_54-00242	ae:v3:s051:054:pass1:attach:a1	51:54	w-s051-a054-w001	w-s051-a054-w002	w-s051-a054-w002	m-w-s051-a054-w001-02	m-w-s051-a054-w002-02	m-w-s051-a054-w002-01	51:54:1:2	51:54:2:2	51:54:2:1	q:51:54:2	q:51:54:3	q:51:54:3	2	3	3	prep_complement	syntactically_forced	high		pronoun_suffix	CV			عَن	position_morpheme_aligned	case_government;local_syntax	عَنْهُمْ gives the group from whom تَوَلَّ commands separation.	resources/attachments.tsv:50546
sx-51_54-00243	ae:v3:s051:054:pass1:attach:a2	51:54	w-s051-a054-w004	w-s051-a054-w005		m-w-s051-a054-w004-01	m-w-s051-a054-w005-02		51:54:4:1	51:54:5:2		q:51:54:6	q:51:54:8		6	8		predication	syntactically_forced	high			PRON_2MS	NOUN_PASSIVE_PART			position_morpheme_aligned	local_syntax;word_order	مَلُومٍ is the negated predicate of أَنتَ in مَا أَنتَ بِمَلُومٍ.	resources/attachments.tsv:50547
sx-51_54-00244	ae:v3:s051:054:pass1:attach:a3	51:54	w-s051-a054-w005	w-s051-a054-w005		m-w-s051-a054-w005-01	m-w-s051-a054-w005-02		51:54:5:1	51:54:5:2		q:51:54:7	q:51:54:8		7	8		particle_complement	surface_form	high			PREP	NOUN_PASSIVE_PART			position_morpheme_aligned	case_government;local_syntax	بِ is the زائد bāʾ that governs مَلُومٍ in the emphatic negated predicate.	resources/attachments.tsv:50548
sx-51_55-00245	ae:v3:s051:055:pass1:attach:a1	51:55	w-s051-a055-w002	w-s051-a055-w003		m-w-s051-a055-w002-02	m-w-s051-a055-w003-02		51:55:2:2	51:55:3:2		q:51:55:4	q:51:55:5		4	5		particle_complement	syntactically_forced	high			ANNUL_PART	NOUN_ABSTRACT			position_morpheme_aligned	case_government;local_syntax	ٱلذِّكْرَىٰ is the ism governed by إِنَّ.	resources/attachments.tsv:50549
sx-51_55-00246	ae:v3:s051:055:pass1:attach:a2	51:55	w-s051-a055-w002	w-s051-a055-w004		m-w-s051-a055-w002-02	m-w-s051-a055-w004-01		51:55:2:2	51:55:4:1		q:51:55:4	q:51:55:6		4	6		predication	syntactically_forced	high			ANNUL_PART	IV			position_morpheme_aligned	local_syntax	تَنفَعُ ٱلْمُؤْمِنِينَ is the verbal predicate of إِنَّ.	resources/attachments.tsv:50550
sx-51_55-00247	ae:v3:s051:055:pass1:attach:a3	51:55	w-s051-a055-w004	w-s051-a055-w003		m-w-s051-a055-w004-01	m-w-s051-a055-w003-02		51:55:4:1	51:55:3:2		q:51:55:6	q:51:55:5		6	5		subject	syntactically_forced	high			IV	NOUN_ABSTRACT			position_morpheme_aligned	agreement;local_syntax	ٱلذِّكْرَىٰ is the feminine subject of تَنفَعُ.	resources/attachments.tsv:50551
sx-51_55-00248	ae:v3:s051:055:pass1:attach:a4	51:55	w-s051-a055-w004	w-s051-a055-w005		m-w-s051-a055-w004-01	m-w-s051-a055-w005-02		51:55:4:1	51:55:5:2		q:51:55:6	q:51:55:7		6	7		direct_object	syntactically_forced	high			IV	NOUN_ACTIVE_PART	explicit		position_morpheme_aligned	case_government;local_syntax	ٱلْمُؤْمِنِينَ is the accusative object of تَنفَعُ.	resources/attachments.tsv:50552
sx-51_56-00249	ae:v3:s051:056:pass1:attach:a1	51:56	w-s051-a056-w002	w-s051-a056-w003		m-w-s051-a056-w002-01	m-w-s051-a056-w003-02		51:56:2:1	51:56:3:2		q:51:56:3	q:51:56:4		3	4		direct_object	syntactically_forced	high			PV	NOUN_CONCRETE	explicit		position_morpheme_aligned	case_government;local_syntax	ٱلْجِنَّ is the first accusative object of خَلَقْتُ.	resources/attachments.tsv:50553
sx-51_56-00250	ae:v3:s051:056:pass1:attach:a2	51:56	w-s051-a056-w003	w-s051-a056-w004		m-w-s051-a056-w003-02	m-w-s051-a056-w004-03		51:56:3:2	51:56:4:3		q:51:56:4	q:51:56:6		4	6		conjoined	strongly_licensed	high			NOUN_CONCRETE	NOUN_CONCRETE			position_morpheme_aligned	local_syntax;parallelism	ٱلْإِنسَ is conjoined to ٱلْجِنَّ by وَ as the second created group.	resources/attachments.tsv:50554
sx-51_56-00251	ae:v3:s051:056:pass1:attach:a3	51:56	w-s051-a056-w002	w-s051-a056-w006		m-w-s051-a056-w002-01	m-w-s051-a056-w006-02		51:56:2:1	51:56:6:2		q:51:56:3	q:51:56:9		3	9		exception	syntactically_forced	high			PV	IV			position_morpheme_aligned	local_syntax	إِلَّا restricts the purpose of خَلَقْتُ to لِيَعْبُدُونِ.	resources/attachments.tsv:50555
sx-51_56-00252	ae:v3:s051:056:pass1:attach:a4	51:56	w-s051-a056-w006	w-s051-a056-w006		m-w-s051-a056-w006-02	m-w-s051-a056-w006-02		51:56:6:2	51:56:6:2		q:51:56:8	q:51:56:9		8	9		particle_complement	syntactically_forced	high			PREP	IV			position_morpheme_aligned	case_government;local_syntax	لِ governs يَعْبُدُونِ as a purposive subjunctive verb.	resources/attachments.tsv:50556
sx-51_56-00253	ae:v3:s051:056:pass1:attach:a5	51:56	w-s051-a056-w006	w-s051-a056-w006		m-w-s051-a056-w006-02	m-w-s051-a056-w006-02		51:56:6:2	51:56:6:2		q:51:56:9	q:51:56:9		9	9		direct_object	syntactically_forced	high		object_suffix	IV		clitic		position_morpheme_aligned	morphology;local_syntax	The final ي in يَعْبُدُونِ is the object suffix of يَعْبُدُونِ, while the وا ending marks its subject.	resources/attachments.tsv:50557
sx-51_57-00254	ae:v3:s051:057:pass1:attach:a1	51:57	w-s051-a057-w002	w-s051-a057-w003	w-s051-a057-w003	m-w-s051-a057-w002-01	m-w-s051-a057-w003-02	m-w-s051-a057-w003-01	51:57:2:1	51:57:3:2	51:57:3:1	q:51:57:2	q:51:57:3	q:51:57:3	2	3	3	prep_complement	syntactically_forced	high		pronoun_suffix	IV			مِن	position_morpheme_aligned	case_government;local_syntax	مِنْهُم marks the source from whom provision is not wanted.	resources/attachments.tsv:50558
sx-51_57-00255	ae:v3:s051:057:pass1:attach:a2	51:57	w-s051-a057-w002	w-s051-a057-w005		m-w-s051-a057-w002-01	m-w-s051-a057-w005-01		51:57:2:1	51:57:5:1		q:51:57:2	q:51:57:5		2	5		direct_object	strongly_licensed	high			IV	GERUND	explicit		position_morpheme_aligned	case_government;local_syntax	رِّزْقٍ is the denied object of أُرِيدُ under the زائد مِن construction.	resources/attachments.tsv:50559
sx-51_57-00256	ae:v3:s051:057:pass1:attach:a3	51:57	w-s051-a057-w002	w-s051-a057-w005	w-s051-a057-w003	m-w-s051-a057-w002-01	m-w-s051-a057-w005-01	m-w-s051-a057-w003-01	51:57:2:1	51:57:5:1	51:57:3:1	q:51:57:2	q:51:57:5	q:51:57:4	2	5	4	prep_complement	surface_form	high			IV	GERUND		مِن	fallback_morpheme_aligned	case_government;local_syntax	مِّن governs رِّزْقٍ in the negated مِن رِّزْقٍ phrase.	resources/attachments.tsv:50560
sx-51_57-00257	ae:v3:s051:057:pass1:attach:a4	51:57	w-s051-a057-w007	w-s051-a057-w008		m-w-s051-a057-w007-01	m-w-s051-a057-w008-01		51:57:7:1	51:57:8:1		q:51:57:8	q:51:57:9		8	9		clausal_complement	syntactically_forced	high			IV	SUBJUNC_PART			position_morpheme_aligned	local_syntax	أَن يُطْعِمُونِ is the infinitival clause governed by أُرِيدُ.	resources/attachments.tsv:50561
sx-51_57-00258	ae:v3:s051:057:pass1:attach:a5	51:57	w-s051-a057-w009	w-s051-a057-w009		m-w-s051-a057-w009-01	m-w-s051-a057-w009-01		51:57:9:1	51:57:9:1		q:51:57:10	q:51:57:10		10	10		direct_object	syntactically_forced	high		object_suffix	IV		clitic		position_morpheme_aligned	morphology;local_syntax	The final ي in يُطْعِمُونِ is the object suffix of يُطْعِمُونِ after the plural subject ending.	resources/attachments.tsv:50562
sx-51_57-00259	ae:v3:s051:057:pass1:attach:a6	51:57	w-s051-a057-w002	w-s051-a057-w007		m-w-s051-a057-w002-01	m-w-s051-a057-w007-01		51:57:2:1	51:57:7:1		q:51:57:2	q:51:57:8		2	8		conjoined	strongly_licensed	high			IV	IV			position_morpheme_aligned	local_syntax;parallelism	The second أُرِيدُ is coordinated with the first أُرِيدُ by وَ in the parallel negation.	resources/attachments.tsv:50563
sx-51_58-00260	ae:v3:s051:058:pass1:attach:a1	51:58	w-s051-a058-w001	w-s051-a058-w002		m-w-s051-a058-w001-01	m-w-s051-a058-w002-01		51:58:1:1	51:58:2:1		q:51:58:1	q:51:58:2		1	2		particle_complement	syntactically_forced	high			ANNUL_PART	NOUN_PROP			position_morpheme_aligned	case_government;local_syntax	ٱللَّهَ is the ism governed by إِنَّ.	resources/attachments.tsv:50564
sx-51_58-00261	ae:v3:s051:058:pass1:attach:a2	51:58	w-s051-a058-w001	w-s051-a058-w004		m-w-s051-a058-w001-01	m-w-s051-a058-w004-02		51:58:1:1	51:58:4:2		q:51:58:1	q:51:58:4		1	4		predication	syntactically_forced	high			ANNUL_PART	NOUN_PROP			position_morpheme_aligned	case_government;local_syntax	ٱلرَّزَّاقُ is the primary khabar of إِنَّ.	resources/attachments.tsv:50565
sx-51_58-00262	ae:v3:s051:058:pass1:attach:a3	51:58	w-s051-a058-w001	w-s051-a058-w005		m-w-s051-a058-w001-01	m-w-s051-a058-w005-01		51:58:1:1	51:58:5:1		q:51:58:1	q:51:58:5		1	5		predication	strongly_licensed	high			ANNUL_PART	NOUN_FIVE			position_morpheme_aligned	case_government;local_syntax	ذُو ٱلْقُوَّةِ is a further nominative predicate within the إِنَّ clause.	resources/attachments.tsv:50566
sx-51_58-00263	ae:v3:s051:058:pass1:attach:a4	51:58	w-s051-a058-w005	w-s051-a058-w006		m-w-s051-a058-w005-01	m-w-s051-a058-w006-02		51:58:5:1	51:58:6:2		q:51:58:5	q:51:58:6		5	6		idafa	syntactically_forced	high			NOUN_FIVE	GERUND			position_morpheme_aligned	case_government;local_syntax	ٱلْقُوَّةِ is the genitive complement of ذُو in iḍāfa.	resources/attachments.tsv:50567
sx-51_58-00264	ae:v3:s051:058:pass1:attach:a5	51:58	w-s051-a058-w005	w-s051-a058-w007		m-w-s051-a058-w005-01	m-w-s051-a058-w007-02		51:58:5:1	51:58:7:2		q:51:58:5	q:51:58:7		5	7		adjective	strongly_licensed	medium			NOUN_FIVE	ADJ_QUALIT			position_morpheme_aligned	agreement;case_government	ٱلْمَتِينُ agrees in masculine nominative definiteness with ذُو as a strengthening adjective.	resources/attachments.tsv:50568
sx-51_59-00265	ae:v3:s051:059:pass1:attach:a1	51:59	w-s051-a059-w001	w-s051-a059-w002	w-s051-a059-w002	m-w-s051-a059-w001-02	m-w-s051-a059-w002-02	m-w-s051-a059-w002-01	51:59:1:2	51:59:2:2	51:59:2:1	q:51:59:2	q:51:59:4	q:51:59:3	2	4	3	prep_complement	strongly_licensed	high			ANNUL_PART	REL_PRON		لـ	position_morpheme_aligned	case_government;local_syntax	لِلَّذِينَ is the fronted prepositional predicate in the إِنَّ clause.	resources/attachments.tsv:50569
sx-51_59-00266	ae:v3:s051:059:pass1:attach:a2	51:59	w-s051-a059-w001	w-s051-a059-w004		m-w-s051-a059-w001-02	m-w-s051-a059-w004-01		51:59:1:2	51:59:4:1		q:51:59:2	q:51:59:6		2	6		particle_complement	syntactically_forced	high			ANNUL_PART	NOUN_ABSTRACT			position_morpheme_aligned	case_government;local_syntax	ذَنُوبًا is the delayed ism governed by إِنَّ.	resources/attachments.tsv:50570
sx-51_59-00267	ae:v3:s051:059:pass1:attach:a3	51:59	w-s051-a059-w001	w-s051-a059-w002		m-w-s051-a059-w001-02	m-w-s051-a059-w002-02		51:59:1:2	51:59:2:2		q:51:59:2	q:51:59:4		2	4		predication	strongly_licensed	high			ANNUL_PART	REL_PRON			position_morpheme_aligned	local_syntax;word_order	لِلَّذِينَ ظَلَمُوا supplies the khabar of إِنَّ before ذَنُوبًا.	resources/attachments.tsv:50571
sx-51_59-00268	ae:v3:s051:059:pass1:attach:a4	51:59	w-s051-a059-w004	w-s051-a059-w005		m-w-s051-a059-w004-01	m-w-s051-a059-w005-01		51:59:4:1	51:59:5:1		q:51:59:6	q:51:59:7		6	7		adjective	strongly_licensed	high			NOUN_ABSTRACT	NOUN_ABSTRACT			position_morpheme_aligned	case_government;local_syntax	مِّثْلَ specifies ذَنُوبًا by giving its matching measure.	resources/attachments.tsv:50572
sx-51_59-00269	ae:v3:s051:059:pass1:attach:a5	51:59	w-s051-a059-w005	w-s051-a059-w006		m-w-s051-a059-w005-01	m-w-s051-a059-w006-01		51:59:5:1	51:59:6:1		q:51:59:7	q:51:59:8		7	8		idafa	syntactically_forced	high			NOUN_ABSTRACT	NOUN_ABSTRACT			position_morpheme_aligned	case_government;local_syntax	ذَنُوبِ is the genitive complement of مِّثْلَ.	resources/attachments.tsv:50573
sx-51_59-00270	ae:v3:s051:059:pass1:attach:a6	51:59	w-s051-a059-w006	w-s051-a059-w007		m-w-s051-a059-w006-01	m-w-s051-a059-w007-01		51:59:6:1	51:59:7:1		q:51:59:8	q:51:59:9		8	9		idafa	syntactically_forced	high			NOUN_ABSTRACT	NOUN_ACTIVE_PART			position_morpheme_aligned	case_government;local_syntax	أَصْحَٰبِهِمْ is genitive after ذَنُوبِ in the idafa chain.	resources/attachments.tsv:50574
sx-51_59-00271	ae:v3:s051:059:pass1:attach:a7	51:59	w-s051-a059-w009	w-s051-a059-w009		m-w-s051-a059-w009-01	m-w-s051-a059-w009-01		51:59:9:1	51:59:9:1		q:51:59:12	q:51:59:12		12	12		direct_object	syntactically_forced	high		object_suffix	IV		clitic		position_morpheme_aligned	morphology;local_syntax	The final ي in يَسْتَعْجِلُونِ is the object suffix of يَسْتَعْجِلُونِ after the plural subject ending.	resources/attachments.tsv:50575
sx-51_59-00272	ae:v3:s051:059:pass1:attach:a8	51:59	w-s051-a059-w007	w-s051-a059-w007		m-w-s051-a059-w007-01	m-w-s051-a059-w007-01		51:59:7:1	51:59:7:1		q:51:59:9	q:51:59:9		9	9		idafa	syntactically_forced	high		possessive_suffix	NOUN_ACTIVE_PART				position_morpheme_aligned	morphology;case_government	The هِمْ suffix in أَصْحَٰبِهِمْ is the genitive possessor completing أَصْحَٰبِ.	resources/attachments.tsv:50576
sx-51_60-00273	ae:v3:s051:060:pass1:attach:a1	51:60	w-s051-a060-w001	w-s051-a060-w002	w-s051-a060-w002	m-w-s051-a060-w001-02	m-w-s051-a060-w002-02	m-w-s051-a060-w002-01	51:60:1:2	51:60:2:2	51:60:2:1	q:51:60:2	q:51:60:4	q:51:60:3	2	4	3	prep_complement	syntactically_forced	high			NOUN_ABSTRACT	REL_PRON		لـ	position_morpheme_aligned	case_government;local_syntax	لِّلَّذِينَ marks the recipients of وَيْلٌ.	resources/attachments.tsv:50577
sx-51_60-00274	ae:v3:s051:060:pass1:attach:a2	51:60	w-s051-a060-w001	w-s051-a060-w002		m-w-s051-a060-w001-02	m-w-s051-a060-w002-02		51:60:1:2	51:60:2:2		q:51:60:2	q:51:60:4		2	4		predication	strongly_licensed	high			NOUN_ABSTRACT	REL_PRON			position_morpheme_aligned	local_syntax;word_order	لِّلَّذِينَ كَفَرُوا functions as the predicate complement of وَيْلٌ.	resources/attachments.tsv:50578
sx-51_60-00275	ae:v3:s051:060:pass1:attach:a3	51:60	w-s051-a060-w001	w-s051-a060-w005	w-s051-a060-w004	m-w-s051-a060-w001-02	m-w-s051-a060-w005-01	m-w-s051-a060-w004-01	51:60:1:2	51:60:5:1	51:60:4:1	q:51:60:2	q:51:60:7	q:51:60:6	2	7	6	prep_complement	strongly_licensed	high			NOUN_ABSTRACT	NOUN_ABSTRACT		مِن	position_morpheme_aligned	case_government;local_syntax	مِن يَوْمِهِمُ gives the day from which the وَيْلٌ is pronounced.	resources/attachments.tsv:50579
sx-51_60-00276	ae:v3:s051:060:pass1:attach:a4	51:60	w-s051-a060-w005	w-s051-a060-w006		m-w-s051-a060-w005-01	m-w-s051-a060-w006-01		51:60:5:1	51:60:6:1		q:51:60:7	q:51:60:8		7	8		adjective	strongly_licensed	high			NOUN_ABSTRACT	REL_PRON			position_morpheme_aligned	agreement;local_syntax	ٱلَّذِى introduces the relative modifier of يَوْمِهِمُ.	resources/attachments.tsv:50580
sx-51_60-00277	ae:v3:s051:060:pass1:attach:a5	51:60	w-s051-a060-w007	w-s051-a060-w006		m-w-s051-a060-w007-01	m-w-s051-a060-w006-01		51:60:7:1	51:60:6:1		q:51:60:9	q:51:60:8		9	8		direct_object	strongly_licensed	medium			IV_PASS	REL_PRON	explicit		position_morpheme_aligned	local_syntax	ٱلَّذِى supplies the promised thing in يُوعَدُونَ, referring back to يَوْمِهِمُ.	resources/attachments.tsv:50581
sx-51_60-00278	ae:v3:s051:060:pass1:attach:a6	51:60	w-s051-a060-w005	w-s051-a060-w005		m-w-s051-a060-w005-01	m-w-s051-a060-w005-01		51:60:5:1	51:60:5:1		q:51:60:7	q:51:60:7		7	7		idafa	syntactically_forced	high		possessive_suffix	NOUN_ABSTRACT				position_morpheme_aligned	morphology;case_government	The هِمُ suffix in يَوْمِهِمُ is the genitive possessor completing يَوْمِ.	resources/attachments.tsv:50582
