word_id	ayah_ref	qac_ayah_ref	word_index	qac_word_ref	surface_ar	lemma_ar	root	pos	aspect	mood	voice	measure	morphology_summary
w-s005-a000-w001	5:0	1:1	1	1:1:1	بِسْمِ	ٱسْم	س م و	N					PREFIX|bi+ | STEM|POS:N|LEM:{som|ROOT:smw|M|GEN
w-s005-a000-w002	5:0	1:1	2	1:1:2	ٱللَّهِ	ٱللَّه	ء ل ه	PN					STEM|POS:PN|LEM:{ll~ah|ROOT:Alh|GEN
w-s005-a000-w003	5:0	1:1	3	1:1:3	ٱلرَّحْمَٰنِ	رَّحْمَٰن	ر ح م	ADJ					PREFIX|Al+ | STEM|POS:ADJ|LEM:r~aHoma`n|ROOT:rHm|MS|GEN
w-s005-a000-w004	5:0	1:1	4	1:1:4	ٱلرَّحِيمِ	رَّحِيم	ر ح م	ADJ					PREFIX|Al+ | STEM|POS:ADJ|LEM:r~aHiym|ROOT:rHm|MS|GEN
w-s005-a001-w001	5:1	5:1	1	5:1:1	يَٰٓأَيُّهَا	أَيُّهَا		N					PREFIX|ya+ | STEM|POS:N|LEM:>ay~uhaA|NOM
w-s005-a001-w002	5:1	5:1	2	5:1:2	ٱلَّذِينَ	ٱلَّذِى		REL					STEM|POS:REL|LEM:{l~a*iY|MP
w-s005-a001-w003	5:1	5:1	3	5:1:3	ءَامَنُوٓا۟	ءَامَنَ	ء م ن	V	PERF			IV	STEM|POS:V|PERF|(IV)|LEM:'aAmana|ROOT:Amn|3MP | SUFFIX|PRON:3MP
w-s005-a001-w004	5:1	5:1	4	5:1:4	أَوْفُوا۟	أَوْفَىٰ	و ف ي	V	IMPV			IV	STEM|POS:V|IMPV|(IV)|LEM:>awofaY`|ROOT:wfy|2MP | SUFFIX|PRON:2MP
w-s005-a001-w005	5:1	5:1	5	5:1:5	بِٱلْعُقُودِ	عُقُود	ع ق د	N					PREFIX|bi+ | PREFIX|Al+ | STEM|POS:N|LEM:Euquwd|ROOT:Eqd|MP|GEN
w-s005-a001-w006	5:1	5:1	6	5:1:6	أُحِلَّتْ	أَحَلَّ	ح ل ل	V	PERF		PASS	IV	STEM|POS:V|PERF|PASS|(IV)|LEM:>aHal~a|ROOT:Hll|3FS
w-s005-a001-w007	5:1	5:1	7	5:1:7	لَكُم			PRON					PREFIX|l:P+ | STEM|POS:PRON|2MP
w-s005-a001-w008	5:1	5:1	8	5:1:8	بَهِيمَةُ	بَهِيمَة	ب ه م	N					STEM|POS:N|LEM:bahiymap|ROOT:bhm|F|NOM
w-s005-a001-w009	5:1	5:1	9	5:1:9	ٱلْأَنْعَٰمِ	نَّعَم	ن ع م	N					PREFIX|Al+ | STEM|POS:N|LEM:n~aEam|ROOT:nEm|MP|GEN
w-s005-a001-w010	5:1	5:1	10	5:1:10	إِلَّا	إِلَّا		EXP					STEM|POS:EXP|LEM:<il~aA
w-s005-a001-w011	5:1	5:1	11	5:1:11	مَا	مَا		REL					STEM|POS:REL|LEM:maA
w-s005-a001-w012	5:1	5:1	12	5:1:12	يُتْلَىٰ	تَلَىٰ	ت ل و	V	IMPF		PASS		STEM|POS:V|IMPF|PASS|LEM:talaY`|ROOT:tlw|3MS
w-s005-a001-w013	5:1	5:1	13	5:1:13	عَلَيْكُمْ	عَلَىٰ		P					STEM|POS:P|LEM:EalaY` | SUFFIX|PRON:2MP
w-s005-a001-w014	5:1	5:1	14	5:1:14	غَيْرَ	غَيْر	غ ي ر	N					STEM|POS:N|LEM:gayor|ROOT:gyr|M|ACC
w-s005-a001-w015	5:1	5:1	15	5:1:15	مُحِلِّى	مُحِلِّى	ح ل ل	N			ACT	IV	STEM|POS:N|ACT|PCPL|(IV)|LEM:muHil~iY|ROOT:Hll|MP|GEN
w-s005-a001-w016	5:1	5:1	16	5:1:16	ٱلصَّيْدِ	صَيْد	ص ي د	N					PREFIX|Al+ | STEM|POS:N|LEM:Sayod|ROOT:Syd|M|GEN
w-s005-a001-w017	5:1	5:1	17	5:1:17	وَأَنتُمْ			PRON					PREFIX|w:CIRC+ | STEM|POS:PRON|2MP
w-s005-a001-w018	5:1	5:1	18	5:1:18	حُرُمٌ	حَرَام	ح ر م	N					STEM|POS:N|LEM:HaraAm|ROOT:Hrm|MP|INDEF|NOM
w-s005-a001-w019	5:1	5:1	19	5:1:19	إِنَّ	إِنّ		ACC					STEM|POS:ACC|LEM:<in~|SP:<in~
w-s005-a001-w020	5:1	5:1	20	5:1:20	ٱللَّهَ	ٱللَّه	ء ل ه	PN					STEM|POS:PN|LEM:{ll~ah|ROOT:Alh|ACC
w-s005-a001-w021	5:1	5:1	21	5:1:21	يَحْكُمُ	حَكَمَ	ح ك م	V	IMPF				STEM|POS:V|IMPF|LEM:Hakama|ROOT:Hkm|3MS
w-s005-a001-w022	5:1	5:1	22	5:1:22	مَا	مَا		REL					STEM|POS:REL|LEM:maA
w-s005-a001-w023	5:1	5:1	23	5:1:23	يُرِيدُ	أَرَادَ	ر و د	V	IMPF			IV	STEM|POS:V|IMPF|(IV)|LEM:>araAda|ROOT:rwd|3MS
w-s005-a002-w001	5:2	5:2	1	5:2:1	يَٰٓأَيُّهَا	أَيُّهَا		N					PREFIX|ya+ | STEM|POS:N|LEM:>ay~uhaA|NOM
w-s005-a002-w002	5:2	5:2	2	5:2:2	ٱلَّذِينَ	ٱلَّذِى		REL					STEM|POS:REL|LEM:{l~a*iY|MP
w-s005-a002-w003	5:2	5:2	3	5:2:3	ءَامَنُوا۟	ءَامَنَ	ء م ن	V	PERF			IV	STEM|POS:V|PERF|(IV)|LEM:'aAmana|ROOT:Amn|3MP | SUFFIX|PRON:3MP
w-s005-a002-w004	5:2	5:2	4	5:2:4	لَا	لَا		PRO					STEM|POS:PRO|LEM:laA
w-s005-a002-w005	5:2	5:2	5	5:2:5	تُحِلُّوا۟	أَحَلَّ	ح ل ل	V	IMPF	JUS		IV	STEM|POS:V|IMPF|(IV)|LEM:>aHal~a|ROOT:Hll|2MP|MOOD:JUS | SUFFIX|PRON:2MP
w-s005-a002-w006	5:2	5:2	6	5:2:6	شَعَٰٓئِرَ	شَعَٰٓئِر	ش ع ر	N					STEM|POS:N|LEM:$aEa`^}ir|ROOT:$Er|MP|ACC
w-s005-a002-w007	5:2	5:2	7	5:2:7	ٱللَّهِ	ٱللَّه	ء ل ه	PN					STEM|POS:PN|LEM:{ll~ah|ROOT:Alh|GEN
w-s005-a002-w008	5:2	5:2	8	5:2:8	وَلَا	لَا		NEG					PREFIX|w:CONJ+ | STEM|POS:NEG|LEM:laA
w-s005-a002-w009	5:2	5:2	9	5:2:9	ٱلشَّهْرَ	شَهْر	ش ه ر	N					PREFIX|Al+ | STEM|POS:N|LEM:$ahor|ROOT:$hr|M|ACC
w-s005-a002-w010	5:2	5:2	10	5:2:10	ٱلْحَرَامَ	حَرَام	ح ر م	ADJ					PREFIX|Al+ | STEM|POS:ADJ|LEM:HaraAm|ROOT:Hrm|M|ACC
w-s005-a002-w011	5:2	5:2	11	5:2:11	وَلَا	لَا		NEG					PREFIX|w:CONJ+ | STEM|POS:NEG|LEM:laA
w-s005-a002-w012	5:2	5:2	12	5:2:12	ٱلْهَدْىَ	هَدْي	ه د ي	N					PREFIX|Al+ | STEM|POS:N|LEM:hadoy|ROOT:hdy|M|ACC
w-s005-a002-w013	5:2	5:2	13	5:2:13	وَلَا	لَا		NEG					PREFIX|w:CONJ+ | STEM|POS:NEG|LEM:laA
w-s005-a002-w014	5:2	5:2	14	5:2:14	ٱلْقَلَٰٓئِدَ	قَلَٰٓئِد	ق ل د	N					PREFIX|Al+ | STEM|POS:N|LEM:qala`^}id|ROOT:qld|FP|ACC
w-s005-a002-w015	5:2	5:2	15	5:2:15	وَلَآ	لَا		NEG					PREFIX|w:CONJ+ | STEM|POS:NEG|LEM:laA
w-s005-a002-w016	5:2	5:2	16	5:2:16	ءَآمِّينَ	آمِّين	ء م م	N			ACT		STEM|POS:N|ACT|PCPL|LEM:A^m~iyn|ROOT:Amm|MP|ACC
w-s005-a002-w017	5:2	5:2	17	5:2:17	ٱلْبَيْتَ	بَيْت	ب ي ت	N					PREFIX|Al+ | STEM|POS:N|LEM:bayot|ROOT:byt|M|ACC
w-s005-a002-w018	5:2	5:2	18	5:2:18	ٱلْحَرَامَ	حَرَام	ح ر م	ADJ					PREFIX|Al+ | STEM|POS:ADJ|LEM:HaraAm|ROOT:Hrm|M|ACC
w-s005-a002-w019	5:2	5:2	19	5:2:19	يَبْتَغُونَ	ٱبْتَغَىٰ	ب غ ي	V	IMPF			VIII	STEM|POS:V|IMPF|(VIII)|LEM:{botagaY`|ROOT:bgy|3MP | SUFFIX|PRON:3MP
w-s005-a002-w020	5:2	5:2	20	5:2:20	فَضْلًا	فَضْل	ف ض ل	N					STEM|POS:N|LEM:faDol|ROOT:fDl|M|INDEF|ACC
w-s005-a002-w021	5:2	5:2	21	5:2:21	مِّن	مِن		P					STEM|POS:P|LEM:min
w-s005-a002-w022	5:2	5:2	22	5:2:22	رَّبِّهِمْ	رَبّ	ر ب ب	N					STEM|POS:N|LEM:rab~|ROOT:rbb|M|GEN | SUFFIX|PRON:3MP
w-s005-a002-w023	5:2	5:2	23	5:2:23	وَرِضْوَٰنًا	رِضْوَٰن	ر ض و	N					PREFIX|w:CONJ+ | STEM|POS:N|LEM:riDowa`n|ROOT:rDw|M|INDEF|ACC
w-s005-a002-w024	5:2	5:2	24	5:2:24	وَإِذَا	إِذَا		T					PREFIX|w:REM+ | STEM|POS:T|LEM:<i*aA
w-s005-a002-w025	5:2	5:2	25	5:2:25	حَلَلْتُمْ	حَلَلْ	ح ل ل	V	PERF				STEM|POS:V|PERF|LEM:Halalo|ROOT:Hll|2MP | SUFFIX|PRON:2MP
w-s005-a002-w026	5:2	5:2	26	5:2:26	فَٱصْطَادُوا۟	ٱصْطَادُ	ص ي د	V	IMPV			VIII	PREFIX|f:RSLT+ | STEM|POS:V|IMPV|(VIII)|LEM:{SoTaAdu|ROOT:Syd|2MP | SUFFIX|PRON:2MP
w-s005-a002-w027	5:2	5:2	27	5:2:27	وَلَا	لَا		PRO					PREFIX|w:CONJ+ | STEM|POS:PRO|LEM:laA
w-s005-a002-w028	5:2	5:2	28	5:2:28	يَجْرِمَنَّكُمْ	يَجْرِمَ	ج ر م	V	IMPF	JUS			STEM|POS:V|IMPF|LEM:yajorima|ROOT:jrm|3MS|MOOD:JUS | SUFFIX|+n:EMPH | SUFFIX|PRON:2MP
w-s005-a002-w029	5:2	5:2	29	5:2:29	شَنَـَٔانُ	شَنَـَٔان	ش ن ء	N					STEM|POS:N|LEM:$ana_#aAn|ROOT:$nA|M|NOM
w-s005-a002-w030	5:2	5:2	30	5:2:30	قَوْمٍ	قَوْم	ق و م	N					STEM|POS:N|LEM:qawom|ROOT:qwm|M|INDEF|GEN
w-s005-a002-w031	5:2	5:2	31	5:2:31	أَن	أَن		SUB					STEM|POS:SUB|LEM:>an
w-s005-a002-w032	5:2	5:2	32	5:2:32	صَدُّوكُمْ	صَدَّ	ص د د	V	PERF				STEM|POS:V|PERF|LEM:Sad~a|ROOT:Sdd|3MP | SUFFIX|PRON:3MP | SUFFIX|PRON:2MP
w-s005-a002-w033	5:2	5:2	33	5:2:33	عَنِ	عَن		P					STEM|POS:P|LEM:Ean
w-s005-a002-w034	5:2	5:2	34	5:2:34	ٱلْمَسْجِدِ	مَسْجِد	س ج د	N					PREFIX|Al+ | STEM|POS:N|LEM:masojid|ROOT:sjd|M|GEN
w-s005-a002-w035	5:2	5:2	35	5:2:35	ٱلْحَرَامِ	حَرَام	ح ر م	ADJ					PREFIX|Al+ | STEM|POS:ADJ|LEM:HaraAm|ROOT:Hrm|M|GEN
w-s005-a002-w036	5:2	5:2	36	5:2:36	أَن	أَن		SUB					STEM|POS:SUB|LEM:>an
w-s005-a002-w037	5:2	5:2	37	5:2:37	تَعْتَدُوا۟	ٱعْتَدَىٰ	ع د و	V	IMPF	SUBJ		VIII	STEM|POS:V|IMPF|(VIII)|LEM:{EotadaY`|ROOT:Edw|2MP|MOOD:SUBJ | SUFFIX|PRON:2MP
w-s005-a002-w038	5:2	5:2	38	5:2:38	وَتَعَاوَنُوا۟	تَعَاوَنُ	ع و ن	V	IMPV			VI	PREFIX|w:REM+ | STEM|POS:V|IMPV|(VI)|LEM:taEaAwanu|ROOT:Ewn|2MP | SUFFIX|PRON:2MP
w-s005-a002-w039	5:2	5:2	39	5:2:39	عَلَى	عَلَىٰ		P					STEM|POS:P|LEM:EalaY`
w-s005-a002-w040	5:2	5:2	40	5:2:40	ٱلْبِرِّ	بِرّ	ب ر ر	N					PREFIX|Al+ | STEM|POS:N|LEM:bir~|ROOT:brr|M|GEN
w-s005-a002-w041	5:2	5:2	41	5:2:41	وَٱلتَّقْوَىٰ	تَقْوَى	و ق ي	N					PREFIX|w:CONJ+ | PREFIX|Al+ | STEM|POS:N|LEM:taqowaY|ROOT:wqy|M|GEN
w-s005-a002-w042	5:2	5:2	42	5:2:42	وَلَا	لَا		PRO					PREFIX|w:CONJ+ | STEM|POS:PRO|LEM:laA
w-s005-a002-w043	5:2	5:2	43	5:2:43	تَعَاوَنُوا۟	تَعَاوَنُ	ع و ن	V	IMPF	JUS		VI	STEM|POS:V|IMPF|(VI)|LEM:taEaAwanu|ROOT:Ewn|2MP|MOOD:JUS | SUFFIX|PRON:2MP
w-s005-a002-w044	5:2	5:2	44	5:2:44	عَلَى	عَلَىٰ		P					STEM|POS:P|LEM:EalaY`
w-s005-a002-w045	5:2	5:2	45	5:2:45	ٱلْإِثْمِ	إِثْم	ء ث م	N					PREFIX|Al+ | STEM|POS:N|LEM:<ivom|ROOT:Avm|M|GEN
w-s005-a002-w046	5:2	5:2	46	5:2:46	وَٱلْعُدْوَٰنِ	عُدْوَٰن	ع د و	N					PREFIX|w:CONJ+ | PREFIX|Al+ | STEM|POS:N|LEM:Eudowa`n|ROOT:Edw|M|GEN
w-s005-a002-w047	5:2	5:2	47	5:2:47	وَٱتَّقُوا۟	ٱتَّقَىٰ	و ق ي	V	IMPV			VIII	PREFIX|w:CONJ+ | STEM|POS:V|IMPV|(VIII)|LEM:{t~aqaY`|ROOT:wqy|2MP | SUFFIX|PRON:2MP
w-s005-a002-w048	5:2	5:2	48	5:2:48	ٱللَّهَ	ٱللَّه	ء ل ه	PN					STEM|POS:PN|LEM:{ll~ah|ROOT:Alh|ACC
w-s005-a002-w049	5:2	5:2	49	5:2:49	إِنَّ	إِنّ		ACC					STEM|POS:ACC|LEM:<in~|SP:<in~
w-s005-a002-w050	5:2	5:2	50	5:2:50	ٱللَّهَ	ٱللَّه	ء ل ه	PN					STEM|POS:PN|LEM:{ll~ah|ROOT:Alh|ACC
w-s005-a002-w051	5:2	5:2	51	5:2:51	شَدِيدُ	شَدِيد	ش د د	N					STEM|POS:N|LEM:$adiyd|ROOT:$dd|MS|NOM
w-s005-a002-w052	5:2	5:2	52	5:2:52	ٱلْعِقَابِ	عِقَاب	ع ق ب	N					PREFIX|Al+ | STEM|POS:N|LEM:EiqaAb|ROOT:Eqb|M|GEN
w-s005-a003-w001	5:3	5:3	1	5:3:1	حُرِّمَتْ	حَرَّمَ	ح ر م	V	PERF		PASS	II	STEM|POS:V|PERF|PASS|(II)|LEM:Har~ama|ROOT:Hrm|3FS
w-s005-a003-w002	5:3	5:3	2	5:3:2	عَلَيْكُمُ	عَلَىٰ		P					STEM|POS:P|LEM:EalaY` | SUFFIX|PRON:2MP
w-s005-a003-w003	5:3	5:3	3	5:3:3	ٱلْمَيْتَةُ	مَيْتَة	م و ت	N					PREFIX|Al+ | STEM|POS:N|LEM:mayotap|ROOT:mwt|FS|NOM
w-s005-a003-w004	5:3	5:3	4	5:3:4	وَٱلدَّمُ	دَم	د م و	N					PREFIX|w:CONJ+ | PREFIX|Al+ | STEM|POS:N|LEM:dam|ROOT:dmw|M|NOM
w-s005-a003-w005	5:3	5:3	5	5:3:5	وَلَحْمُ	لَحْم	ل ح م	N					PREFIX|w:CONJ+ | STEM|POS:N|LEM:laHom|ROOT:lHm|M|NOM
w-s005-a003-w006	5:3	5:3	6	5:3:6	ٱلْخِنزِيرِ	خِنزِير	خ ن ز ر	N					PREFIX|Al+ | STEM|POS:N|LEM:xinziyr|ROOT:xnzr|M|GEN
w-s005-a003-w007	5:3	5:3	7	5:3:7	وَمَآ	مَا		REL					PREFIX|w:CONJ+ | STEM|POS:REL|LEM:maA
w-s005-a003-w008	5:3	5:3	8	5:3:8	أُهِلَّ	أُهِلَّ	ه ل ل	V	PERF		PASS	IV	STEM|POS:V|PERF|PASS|(IV)|LEM:>uhil~a|ROOT:hll|3MS
w-s005-a003-w009	5:3	5:3	9	5:3:9	لِغَيْرِ	غَيْر	غ ي ر	N					PREFIX|l:P+ | STEM|POS:N|LEM:gayor|ROOT:gyr|M|GEN
w-s005-a003-w010	5:3	5:3	10	5:3:10	ٱللَّهِ	ٱللَّه	ء ل ه	PN					STEM|POS:PN|LEM:{ll~ah|ROOT:Alh|GEN
w-s005-a003-w011	5:3	5:3	11	5:3:11	بِهِۦ			PRON					PREFIX|bi+ | STEM|POS:PRON|3MS
w-s005-a003-w012	5:3	5:3	12	5:3:12	وَٱلْمُنْخَنِقَةُ	مُنْخَنِقَة	خ ن ق	N			ACT	VII	PREFIX|w:CONJ+ | PREFIX|Al+ | STEM|POS:N|ACT|PCPL|(VII)|LEM:munoxaniqap|ROOT:xnq|F|NOM
w-s005-a003-w013	5:3	5:3	13	5:3:13	وَٱلْمَوْقُوذَةُ	مَوْقُوذَة	و ق ذ	N			PASS		PREFIX|w:CONJ+ | PREFIX|Al+ | STEM|POS:N|PASS|PCPL|LEM:mawoquw*ap|ROOT:wq*|F|NOM
w-s005-a003-w014	5:3	5:3	14	5:3:14	وَٱلْمُتَرَدِّيَةُ	مُتَرَدِّيَة	ر د ي	N			ACT	V	PREFIX|w:CONJ+ | PREFIX|Al+ | STEM|POS:N|ACT|PCPL|(V)|LEM:mutarad~iyap|ROOT:rdy|F|NOM
w-s005-a003-w015	5:3	5:3	15	5:3:15	وَٱلنَّطِيحَةُ	نَّطِيحَة	ن ط ح	N					PREFIX|w:CONJ+ | PREFIX|Al+ | STEM|POS:N|LEM:n~aTiyHap|ROOT:nTH|F|NOM
w-s005-a003-w016	5:3	5:3	16	5:3:16	وَمَآ	مَا		REL					PREFIX|w:CONJ+ | STEM|POS:REL|LEM:maA
w-s005-a003-w017	5:3	5:3	17	5:3:17	أَكَلَ	أَكَلَ	ء ك ل	V	PERF				STEM|POS:V|PERF|LEM:>akala|ROOT:Akl|3MS
w-s005-a003-w018	5:3	5:3	18	5:3:18	ٱلسَّبُعُ	سَّبُع	س ب ع	N					PREFIX|Al+ | STEM|POS:N|LEM:s~abuE|ROOT:sbE|M|NOM
w-s005-a003-w019	5:3	5:3	19	5:3:19	إِلَّا	إِلَّا		EXP					STEM|POS:EXP|LEM:<il~aA
w-s005-a003-w020	5:3	5:3	20	5:3:20	مَا	مَا		REL					STEM|POS:REL|LEM:maA
w-s005-a003-w021	5:3	5:3	21	5:3:21	ذَكَّيْتُمْ	ذَكَّيْ	ذ ك و	V	PERF			II	STEM|POS:V|PERF|(II)|LEM:*ak~ayo|ROOT:*kw|2MP | SUFFIX|PRON:2MP
w-s005-a003-w022	5:3	5:3	22	5:3:22	وَمَا	مَا		REL					PREFIX|w:CONJ+ | STEM|POS:REL|LEM:maA
w-s005-a003-w023	5:3	5:3	23	5:3:23	ذُبِحَ	ذُبِحَ	ذ ب ح	V	PERF		PASS		STEM|POS:V|PERF|PASS|LEM:*ubiHa|ROOT:*bH|3MS
w-s005-a003-w024	5:3	5:3	24	5:3:24	عَلَى	عَلَىٰ		P					STEM|POS:P|LEM:EalaY`
w-s005-a003-w025	5:3	5:3	25	5:3:25	ٱلنُّصُبِ	نُصُب	ن ص ب	N					PREFIX|Al+ | STEM|POS:N|LEM:nuSub|ROOT:nSb|M|GEN
w-s005-a003-w026	5:3	5:3	26	5:3:26	وَأَن	أَن		SUB					PREFIX|w:CONJ+ | STEM|POS:SUB|LEM:>an
w-s005-a003-w027	5:3	5:3	27	5:3:27	تَسْتَقْسِمُوا۟	تَسْتَقْسِمُ	ق س م	V	IMPF	SUBJ		X	STEM|POS:V|IMPF|(X)|LEM:tasotaqosimu|ROOT:qsm|2MP|MOOD:SUBJ | SUFFIX|PRON:2MP
w-s005-a003-w028	5:3	5:3	28	5:3:28	بِٱلْأَزْلَٰمِ	أَزْلَٰم	ز ل م	N					PREFIX|bi+ | PREFIX|Al+ | STEM|POS:N|LEM:>azola`m|ROOT:zlm|MP|GEN
w-s005-a003-w029	5:3	5:3	29	5:3:29	ذَٰلِكُمْ	ذَٰلِك		DEM					STEM|POS:DEM|LEM:*a`lik|2MP
w-s005-a003-w030	5:3	5:3	30	5:3:30	فِسْقٌ	فِسْق	ف س ق	N					STEM|POS:N|LEM:fisoq|ROOT:fsq|M|INDEF|NOM
w-s005-a003-w031	5:3	5:3	31	5:3:31	ٱلْيَوْمَ	يَوْم	ي و م	T					PREFIX|Al+ | STEM|POS:T|LEM:yawom|ROOT:ywm|M|ACC
w-s005-a003-w032	5:3	5:3	32	5:3:32	يَئِسَ	يَئِسَ	ي ء س	V	PERF				STEM|POS:V|PERF|LEM:ya}isa|ROOT:yAs|3MS
w-s005-a003-w033	5:3	5:3	33	5:3:33	ٱلَّذِينَ	ٱلَّذِى		REL					STEM|POS:REL|LEM:{l~a*iY|MP
w-s005-a003-w034	5:3	5:3	34	5:3:34	كَفَرُوا۟	كَفَرَ	ك ف ر	V	PERF				STEM|POS:V|PERF|LEM:kafara|ROOT:kfr|3MP | SUFFIX|PRON:3MP
w-s005-a003-w035	5:3	5:3	35	5:3:35	مِن	مِن		P					STEM|POS:P|LEM:min
w-s005-a003-w036	5:3	5:3	36	5:3:36	دِينِكُمْ	دِين	د ي ن	N					STEM|POS:N|LEM:diyn|ROOT:dyn|M|GEN | SUFFIX|PRON:2MP
w-s005-a003-w037	5:3	5:3	37	5:3:37	فَلَا	لَا		PRO					PREFIX|f:REM+ | STEM|POS:PRO|LEM:laA
w-s005-a003-w038	5:3	5:3	38	5:3:38	تَخْشَوْهُمْ	خَشِىَ	خ ش ي	V	IMPF	JUS			STEM|POS:V|IMPF|LEM:xa$iYa|ROOT:x$y|2MP|MOOD:JUS | SUFFIX|PRON:2MP | SUFFIX|PRON:3MP
w-s005-a003-w039	5:3	5:3	39	5:3:39	وَٱخْشَوْنِ	خَشِىَ	خ ش ي	V	IMPV				PREFIX|w:CONJ+ | STEM|POS:V|IMPV|LEM:xa$iYa|ROOT:x$y|2MP | SUFFIX|PRON:2MP | SUFFIX|PRON:1S
w-s005-a003-w040	5:3	5:3	40	5:3:40	ٱلْيَوْمَ	يَوْم	ي و م	T					PREFIX|Al+ | STEM|POS:T|LEM:yawom|ROOT:ywm|M|ACC
w-s005-a003-w041	5:3	5:3	41	5:3:41	أَكْمَلْتُ	أَكْمَلْ	ك م ل	V	PERF			IV	STEM|POS:V|PERF|(IV)|LEM:>akomalo|ROOT:kml|1S | SUFFIX|PRON:1S
w-s005-a003-w042	5:3	5:3	42	5:3:42	لَكُمْ			PRON					PREFIX|l:P+ | STEM|POS:PRON|2MP
w-s005-a003-w043	5:3	5:3	43	5:3:43	دِينَكُمْ	دِين	د ي ن	N					STEM|POS:N|LEM:diyn|ROOT:dyn|M|ACC | SUFFIX|PRON:2MP
w-s005-a003-w044	5:3	5:3	44	5:3:44	وَأَتْمَمْتُ	أَتَمَّ	ت م م	V	PERF			IV	PREFIX|w:CONJ+ | STEM|POS:V|PERF|(IV)|LEM:>atam~a|ROOT:tmm|1S | SUFFIX|PRON:1S
w-s005-a003-w045	5:3	5:3	45	5:3:45	عَلَيْكُمْ	عَلَىٰ		P					STEM|POS:P|LEM:EalaY` | SUFFIX|PRON:2MP
w-s005-a003-w046	5:3	5:3	46	5:3:46	نِعْمَتِى	نِعْمَة	ن ع م	N					STEM|POS:N|LEM:niEomap|ROOT:nEm|F|ACC | SUFFIX|PRON:1S
w-s005-a003-w047	5:3	5:3	47	5:3:47	وَرَضِيتُ	رَّضِىَ	ر ض و	V	PERF				PREFIX|w:CONJ+ | STEM|POS:V|PERF|LEM:r~aDiYa|ROOT:rDw|1S | SUFFIX|PRON:1S
w-s005-a003-w048	5:3	5:3	48	5:3:48	لَكُمُ			PRON					PREFIX|l:P+ | STEM|POS:PRON|2MP
w-s005-a003-w049	5:3	5:3	49	5:3:49	ٱلْإِسْلَٰمَ	إِسْلَٰم	س ل م	PN				IV	PREFIX|Al+ | STEM|POS:PN|VN|(IV)|LEM:<isola`m|ROOT:slm|M|ACC
w-s005-a003-w050	5:3	5:3	50	5:3:50	دِينًا	دِين	د ي ن	N					STEM|POS:N|LEM:diyn|ROOT:dyn|M|INDEF|ACC
w-s005-a003-w051	5:3	5:3	51	5:3:51	فَمَنِ	مَن		COND					PREFIX|f:REM+ | STEM|POS:COND|LEM:man
w-s005-a003-w052	5:3	5:3	52	5:3:52	ٱضْطُرَّ	ٱضْطُرَّ	ض ر ر	V	PERF		PASS	VIII	STEM|POS:V|PERF|PASS|(VIII)|LEM:{DoTur~a|ROOT:Drr|3MS
w-s005-a003-w053	5:3	5:3	53	5:3:53	فِى	فِى		P					STEM|POS:P|LEM:fiY
w-s005-a003-w054	5:3	5:3	54	5:3:54	مَخْمَصَةٍ	مَخْمَصَة	خ م ص	N					STEM|POS:N|LEM:maxomaSap|ROOT:xmS|F|INDEF|GEN
w-s005-a003-w055	5:3	5:3	55	5:3:55	غَيْرَ	غَيْر	غ ي ر	N					STEM|POS:N|LEM:gayor|ROOT:gyr|M|ACC
w-s005-a003-w056	5:3	5:3	56	5:3:56	مُتَجَانِفٍ	مُتَجَانِف	ج ن ف	N			ACT	VI	STEM|POS:N|ACT|PCPL|(VI)|LEM:mutajaAnif|ROOT:jnf|M|INDEF|GEN
w-s005-a003-w057	5:3	5:3	57	5:3:57	لِّإِثْمٍ	إِثْم	ء ث م	N					PREFIX|l:P+ | STEM|POS:N|LEM:<ivom|ROOT:Avm|M|INDEF|GEN
w-s005-a003-w058	5:3	5:3	58	5:3:58	فَإِنَّ	إِنّ		ACC					PREFIX|f:RSLT+ | STEM|POS:ACC|LEM:<in~|SP:<in~
w-s005-a003-w059	5:3	5:3	59	5:3:59	ٱللَّهَ	ٱللَّه	ء ل ه	PN					STEM|POS:PN|LEM:{ll~ah|ROOT:Alh|ACC
w-s005-a003-w060	5:3	5:3	60	5:3:60	غَفُورٌ	غَفُور	غ ف ر	N					STEM|POS:N|LEM:gafuwr|ROOT:gfr|MS|INDEF|NOM
w-s005-a003-w061	5:3	5:3	61	5:3:61	رَّحِيمٌ	رَّحِيم	ر ح م	ADJ					STEM|POS:ADJ|LEM:r~aHiym|ROOT:rHm|MS|INDEF|NOM
w-s005-a004-w001	5:4	5:4	1	5:4:1	يَسْـَٔلُونَكَ	سَأَلَ	س ء ل	V	IMPF				STEM|POS:V|IMPF|LEM:sa>ala|ROOT:sAl|3MP | SUFFIX|PRON:3MP | SUFFIX|PRON:2MS
w-s005-a004-w002	5:4	5:4	2	5:4:2	مَاذَآ	مَاذَا		INTG					STEM|POS:INTG|LEM:maA*aA
w-s005-a004-w003	5:4	5:4	3	5:4:3	أُحِلَّ	أَحَلَّ	ح ل ل	V	PERF		PASS	IV	STEM|POS:V|PERF|PASS|(IV)|LEM:>aHal~a|ROOT:Hll|3MS
w-s005-a004-w004	5:4	5:4	4	5:4:4	لَهُمْ			PRON					PREFIX|l:P+ | STEM|POS:PRON|3MP
w-s005-a004-w005	5:4	5:4	5	5:4:5	قُلْ	قَالَ	ق و ل	V	IMPV				STEM|POS:V|IMPV|LEM:qaAla|ROOT:qwl|2MS
w-s005-a004-w006	5:4	5:4	6	5:4:6	أُحِلَّ	أَحَلَّ	ح ل ل	V	PERF		PASS	IV	STEM|POS:V|PERF|PASS|(IV)|LEM:>aHal~a|ROOT:Hll|3MS
w-s005-a004-w007	5:4	5:4	7	5:4:7	لَكُمُ			PRON					PREFIX|l:P+ | STEM|POS:PRON|2MP
w-s005-a004-w008	5:4	5:4	8	5:4:8	ٱلطَّيِّبَٰتُ	طَيِّبَٰت	ط ي ب	N					PREFIX|Al+ | STEM|POS:N|LEM:Tay~iba`t|ROOT:Tyb|FP|NOM
w-s005-a004-w009	5:4	5:4	9	5:4:9	وَمَا	مَا		REL					PREFIX|w:CONJ+ | STEM|POS:REL|LEM:maA
w-s005-a004-w010	5:4	5:4	10	5:4:10	عَلَّمْتُم	عَلَّمَ	ع ل م	V	PERF			II	STEM|POS:V|PERF|(II)|LEM:Eal~ama|ROOT:Elm|2MP | SUFFIX|PRON:2MP
w-s005-a004-w011	5:4	5:4	11	5:4:11	مِّنَ	مِن		P					STEM|POS:P|LEM:min
w-s005-a004-w012	5:4	5:4	12	5:4:12	ٱلْجَوَارِحِ	جَوَارِح	ج ر ح	N					PREFIX|Al+ | STEM|POS:N|LEM:jawaAriH|ROOT:jrH|MP|GEN
w-s005-a004-w013	5:4	5:4	13	5:4:13	مُكَلِّبِينَ	مُكَلِّبِين	ك ل ب	N			ACT	II	STEM|POS:N|ACT|PCPL|(II)|LEM:mukal~ibiyn|ROOT:klb|MP|ACC
w-s005-a004-w014	5:4	5:4	14	5:4:14	تُعَلِّمُونَهُنَّ	عَلَّمَ	ع ل م	V	IMPF			II	STEM|POS:V|IMPF|(II)|LEM:Eal~ama|ROOT:Elm|2MP | SUFFIX|PRON:2MP | SUFFIX|PRON:3FP
w-s005-a004-w015	5:4	5:4	15	5:4:15	مِمَّا	مِن;مَا		P;REL					STEM|POS:P|LEM:min | STEM|POS:REL|LEM:maA
w-s005-a004-w016	5:4	5:4	16	5:4:16	عَلَّمَكُمُ	عَلَّمَ	ع ل م	V	PERF			II	STEM|POS:V|PERF|(II)|LEM:Eal~ama|ROOT:Elm|3MS | SUFFIX|PRON:2MP
w-s005-a004-w017	5:4	5:4	17	5:4:17	ٱللَّهُ	ٱللَّه	ء ل ه	PN					STEM|POS:PN|LEM:{ll~ah|ROOT:Alh|NOM
w-s005-a004-w018	5:4	5:4	18	5:4:18	فَكُلُوا۟	أَكَلَ	ء ك ل	V	IMPV				PREFIX|f:REM+ | STEM|POS:V|IMPV|LEM:>akala|ROOT:Akl|2MP | SUFFIX|PRON:2MP
w-s005-a004-w019	5:4	5:4	19	5:4:19	مِمَّآ	مِن;مَا		P;REL					STEM|POS:P|LEM:min | STEM|POS:REL|LEM:maA
w-s005-a004-w020	5:4	5:4	20	5:4:20	أَمْسَكْنَ	أَمْسَكَ	م س ك	V	PERF			IV	STEM|POS:V|PERF|(IV)|LEM:>amosaka|ROOT:msk|3FP | SUFFIX|PRON:3FP
w-s005-a004-w021	5:4	5:4	21	5:4:21	عَلَيْكُمْ	عَلَىٰ		P					STEM|POS:P|LEM:EalaY` | SUFFIX|PRON:2MP
w-s005-a004-w022	5:4	5:4	22	5:4:22	وَٱذْكُرُوا۟	ذَكَرَ	ذ ك ر	V	IMPV				PREFIX|w:CONJ+ | STEM|POS:V|IMPV|LEM:*akara|ROOT:*kr|2MP | SUFFIX|PRON:2MP
w-s005-a004-w023	5:4	5:4	23	5:4:23	ٱسْمَ	ٱسْم	س م و	N					STEM|POS:N|LEM:{som|ROOT:smw|M|ACC
w-s005-a004-w024	5:4	5:4	24	5:4:24	ٱللَّهِ	ٱللَّه	ء ل ه	PN					STEM|POS:PN|LEM:{ll~ah|ROOT:Alh|GEN
w-s005-a004-w025	5:4	5:4	25	5:4:25	عَلَيْهِ	عَلَىٰ		P					STEM|POS:P|LEM:EalaY` | SUFFIX|PRON:3MS
w-s005-a004-w026	5:4	5:4	26	5:4:26	وَٱتَّقُوا۟	ٱتَّقَىٰ	و ق ي	V	IMPV			VIII	PREFIX|w:CONJ+ | STEM|POS:V|IMPV|(VIII)|LEM:{t~aqaY`|ROOT:wqy|2MP | SUFFIX|PRON:2MP
w-s005-a004-w027	5:4	5:4	27	5:4:27	ٱللَّهَ	ٱللَّه	ء ل ه	PN					STEM|POS:PN|LEM:{ll~ah|ROOT:Alh|ACC
w-s005-a004-w028	5:4	5:4	28	5:4:28	إِنَّ	إِنّ		ACC					STEM|POS:ACC|LEM:<in~|SP:<in~
w-s005-a004-w029	5:4	5:4	29	5:4:29	ٱللَّهَ	ٱللَّه	ء ل ه	PN					STEM|POS:PN|LEM:{ll~ah|ROOT:Alh|ACC
w-s005-a004-w030	5:4	5:4	30	5:4:30	سَرِيعُ	سَرِيع	س ر ع	N					STEM|POS:N|LEM:sariyE|ROOT:srE|MS|NOM
w-s005-a004-w031	5:4	5:4	31	5:4:31	ٱلْحِسَابِ	حِسَاب	ح س ب	N				III	PREFIX|Al+ | STEM|POS:N|VN|(III)|LEM:HisaAb|ROOT:Hsb|M|GEN
w-s005-a005-w001	5:5	5:5	1	5:5:1	ٱلْيَوْمَ	يَوْم	ي و م	T					PREFIX|Al+ | STEM|POS:T|LEM:yawom|ROOT:ywm|M|ACC
w-s005-a005-w002	5:5	5:5	2	5:5:2	أُحِلَّ	أَحَلَّ	ح ل ل	V	PERF		PASS	IV	STEM|POS:V|PERF|PASS|(IV)|LEM:>aHal~a|ROOT:Hll|3MS
w-s005-a005-w003	5:5	5:5	3	5:5:3	لَكُمُ			PRON					PREFIX|l:P+ | STEM|POS:PRON|2MP
w-s005-a005-w004	5:5	5:5	4	5:5:4	ٱلطَّيِّبَٰتُ	طَيِّبَٰت	ط ي ب	N					PREFIX|Al+ | STEM|POS:N|LEM:Tay~iba`t|ROOT:Tyb|FP|NOM
w-s005-a005-w005	5:5	5:5	5	5:5:5	وَطَعَامُ	طَعَام	ط ع م	N					PREFIX|w:REM+ | STEM|POS:N|LEM:TaEaAm|ROOT:TEm|M|NOM
w-s005-a005-w006	5:5	5:5	6	5:5:6	ٱلَّذِينَ	ٱلَّذِى		REL					STEM|POS:REL|LEM:{l~a*iY|MP
w-s005-a005-w007	5:5	5:5	7	5:5:7	أُوتُوا۟	آتَى	ء ت ي	V	PERF		PASS	IV	STEM|POS:V|PERF|PASS|(IV)|LEM:A^taY|ROOT:Aty|3MP | SUFFIX|PRON:3MP
w-s005-a005-w008	5:5	5:5	8	5:5:8	ٱلْكِتَٰبَ	كِتَٰب	ك ت ب	N					PREFIX|Al+ | STEM|POS:N|LEM:kita`b|ROOT:ktb|M|ACC
w-s005-a005-w009	5:5	5:5	9	5:5:9	حِلٌّ	حِلّ	ح ل ل	N					STEM|POS:N|LEM:Hil~|ROOT:Hll|M|INDEF|NOM
w-s005-a005-w010	5:5	5:5	10	5:5:10	لَّكُمْ			PRON					PREFIX|l:P+ | STEM|POS:PRON|2MP
w-s005-a005-w011	5:5	5:5	11	5:5:11	وَطَعَامُكُمْ	طَعَام	ط ع م	N					PREFIX|w:CONJ+ | STEM|POS:N|LEM:TaEaAm|ROOT:TEm|M|NOM | SUFFIX|PRON:2MP
w-s005-a005-w012	5:5	5:5	12	5:5:12	حِلٌّ	حِلّ	ح ل ل	N					STEM|POS:N|LEM:Hil~|ROOT:Hll|M|INDEF|NOM
w-s005-a005-w013	5:5	5:5	13	5:5:13	لَّهُمْ			PRON					PREFIX|l:P+ | STEM|POS:PRON|3MP
w-s005-a005-w014	5:5	5:5	14	5:5:14	وَٱلْمُحْصَنَٰتُ	مُحْصَنَٰت	ح ص ن	N			PASS	IV	PREFIX|w:CONJ+ | PREFIX|Al+ | STEM|POS:N|PASS|PCPL|(IV)|LEM:muHoSana`t|ROOT:HSn|FP|NOM
w-s005-a005-w015	5:5	5:5	15	5:5:15	مِنَ	مِن		P					STEM|POS:P|LEM:min
w-s005-a005-w016	5:5	5:5	16	5:5:16	ٱلْمُؤْمِنَٰتِ	مُّؤْمِنَٰت	ء م ن	N			ACT	IV	PREFIX|Al+ | STEM|POS:N|ACT|PCPL|(IV)|LEM:m~u&omina`t|ROOT:Amn|FP|GEN
w-s005-a005-w017	5:5	5:5	17	5:5:17	وَٱلْمُحْصَنَٰتُ	مُحْصَنَٰت	ح ص ن	N			PASS	IV	PREFIX|w:CONJ+ | PREFIX|Al+ | STEM|POS:N|PASS|PCPL|(IV)|LEM:muHoSana`t|ROOT:HSn|FP|NOM
w-s005-a005-w018	5:5	5:5	18	5:5:18	مِنَ	مِن		P					STEM|POS:P|LEM:min
w-s005-a005-w019	5:5	5:5	19	5:5:19	ٱلَّذِينَ	ٱلَّذِى		REL					STEM|POS:REL|LEM:{l~a*iY|MP
w-s005-a005-w020	5:5	5:5	20	5:5:20	أُوتُوا۟	آتَى	ء ت ي	V	PERF		PASS	IV	STEM|POS:V|PERF|PASS|(IV)|LEM:A^taY|ROOT:Aty|3MP | SUFFIX|PRON:3MP
w-s005-a005-w021	5:5	5:5	21	5:5:21	ٱلْكِتَٰبَ	كِتَٰب	ك ت ب	N					PREFIX|Al+ | STEM|POS:N|LEM:kita`b|ROOT:ktb|M|ACC
w-s005-a005-w022	5:5	5:5	22	5:5:22	مِن	مِن		P					STEM|POS:P|LEM:min
w-s005-a005-w023	5:5	5:5	23	5:5:23	قَبْلِكُمْ	قَبْل	ق ب ل	N					STEM|POS:N|LEM:qabol|ROOT:qbl|GEN | SUFFIX|PRON:2MP
w-s005-a005-w024	5:5	5:5	24	5:5:24	إِذَآ	إِذَا		T					STEM|POS:T|LEM:<i*aA
w-s005-a005-w025	5:5	5:5	25	5:5:25	ءَاتَيْتُمُوهُنَّ	آتَى	ء ت ي	V	PERF			IV	STEM|POS:V|PERF|(IV)|LEM:A^taY|ROOT:Aty|2MP | SUFFIX|PRON:2MP | SUFFIX|PRON:3FP
w-s005-a005-w026	5:5	5:5	26	5:5:26	أُجُورَهُنَّ	أَجْر	ء ج ر	N					STEM|POS:N|LEM:>ajor|ROOT:Ajr|MP|ACC | SUFFIX|PRON:3FP
w-s005-a005-w027	5:5	5:5	27	5:5:27	مُحْصِنِينَ	مُّحْصِنِين	ح ص ن	N			ACT	IV	STEM|POS:N|ACT|PCPL|(IV)|LEM:m~uHoSiniyn|ROOT:HSn|MP|ACC
w-s005-a005-w028	5:5	5:5	28	5:5:28	غَيْرَ	غَيْر	غ ي ر	N					STEM|POS:N|LEM:gayor|ROOT:gyr|M|ACC
w-s005-a005-w029	5:5	5:5	29	5:5:29	مُسَٰفِحِينَ	مُسَٰفِحِين	س ف ح	N			ACT	III	STEM|POS:N|ACT|PCPL|(III)|LEM:musa`fiHiyn|ROOT:sfH|MP|GEN
w-s005-a005-w030	5:5	5:5	30	5:5:30	وَلَا	لَا		NEG					PREFIX|w:CONJ+ | STEM|POS:NEG|LEM:laA
w-s005-a005-w031	5:5	5:5	31	5:5:31	مُتَّخِذِىٓ	مُتَّخِذ	ء خ ذ	N			ACT	VIII	STEM|POS:N|ACT|PCPL|(VIII)|LEM:mut~axi*|ROOT:Ax*|MP|GEN
w-s005-a005-w032	5:5	5:5	32	5:5:32	أَخْدَانٍ	أَخْدَان	خ د ن	N					STEM|POS:N|LEM:>axodaAn|ROOT:xdn|MP|INDEF|GEN
w-s005-a005-w033	5:5	5:5	33	5:5:33	وَمَن	مَن		COND					PREFIX|w:REM+ | STEM|POS:COND|LEM:man
w-s005-a005-w034	5:5	5:5	34	5:5:34	يَكْفُرْ	كَفَرَ	ك ف ر	V	IMPF	JUS			STEM|POS:V|IMPF|LEM:kafara|ROOT:kfr|3MS|MOOD:JUS
w-s005-a005-w035	5:5	5:5	35	5:5:35	بِٱلْإِيمَٰنِ	إِيمَٰن	ء م ن	N				IV	PREFIX|bi+ | PREFIX|Al+ | STEM|POS:N|VN|(IV)|LEM:<iyma`n|ROOT:Amn|M|GEN
w-s005-a005-w036	5:5	5:5	36	5:5:36	فَقَدْ	قَد		CERT					PREFIX|f:RSLT+ | STEM|POS:CERT|LEM:qad
w-s005-a005-w037	5:5	5:5	37	5:5:37	حَبِطَ	حَبِطَ	ح ب ط	V	PERF				STEM|POS:V|PERF|LEM:HabiTa|ROOT:HbT|3MS
w-s005-a005-w038	5:5	5:5	38	5:5:38	عَمَلُهُۥ	عَمَل	ع م ل	N					STEM|POS:N|LEM:Eamal|ROOT:Eml|M|NOM | SUFFIX|PRON:3MS
w-s005-a005-w039	5:5	5:5	39	5:5:39	وَهُوَ			PRON					PREFIX|w:CIRC+ | STEM|POS:PRON|3MS
w-s005-a005-w040	5:5	5:5	40	5:5:40	فِى	فِى		P					STEM|POS:P|LEM:fiY
w-s005-a005-w041	5:5	5:5	41	5:5:41	ٱلْءَاخِرَةِ	آخِر	ء خ ر	N					PREFIX|Al+ | STEM|POS:N|LEM:A^xir|ROOT:Axr|FS|GEN
w-s005-a005-w042	5:5	5:5	42	5:5:42	مِنَ	مِن		P					STEM|POS:P|LEM:min
w-s005-a005-w043	5:5	5:5	43	5:5:43	ٱلْخَٰسِرِينَ	خَٰسِرِين	خ س ر	N			ACT		PREFIX|Al+ | STEM|POS:N|ACT|PCPL|LEM:xa`siriyn|ROOT:xsr|MP|GEN
w-s005-a006-w001	5:6	5:6	1	5:6:1	يَٰٓأَيُّهَا	أَيُّهَا		N					PREFIX|ya+ | STEM|POS:N|LEM:>ay~uhaA|NOM
w-s005-a006-w002	5:6	5:6	2	5:6:2	ٱلَّذِينَ	ٱلَّذِى		REL					STEM|POS:REL|LEM:{l~a*iY|MP
w-s005-a006-w003	5:6	5:6	3	5:6:3	ءَامَنُوٓا۟	ءَامَنَ	ء م ن	V	PERF			IV	STEM|POS:V|PERF|(IV)|LEM:'aAmana|ROOT:Amn|3MP | SUFFIX|PRON:3MP
w-s005-a006-w004	5:6	5:6	4	5:6:4	إِذَا	إِذَا		T					STEM|POS:T|LEM:<i*aA
w-s005-a006-w005	5:6	5:6	5	5:6:5	قُمْتُمْ	قَامَ	ق و م	V	PERF				STEM|POS:V|PERF|LEM:qaAma|ROOT:qwm|2MP | SUFFIX|PRON:2MP
w-s005-a006-w006	5:6	5:6	6	5:6:6	إِلَى	إِلَىٰ		P					STEM|POS:P|LEM:<ilaY`
w-s005-a006-w007	5:6	5:6	7	5:6:7	ٱلصَّلَوٰةِ	صَلَوٰة	ص ل و	N					PREFIX|Al+ | STEM|POS:N|LEM:Salaw`p|ROOT:Slw|F|GEN
w-s005-a006-w008	5:6	5:6	8	5:6:8	فَٱغْسِلُوا۟	ٱغْسِلُ	غ س ل	V	IMPV				PREFIX|f:RSLT+ | STEM|POS:V|IMPV|LEM:{gosilu|ROOT:gsl|2MP | SUFFIX|PRON:2MP
w-s005-a006-w009	5:6	5:6	9	5:6:9	وُجُوهَكُمْ	وَجْه	و ج ه	N					STEM|POS:N|LEM:wajoh|ROOT:wjh|MP|ACC | SUFFIX|PRON:2MP
w-s005-a006-w010	5:6	5:6	10	5:6:10	وَأَيْدِيَكُمْ	يَد	ي د ي	N					PREFIX|w:CONJ+ | STEM|POS:N|LEM:yad|ROOT:ydy|FP|ACC | SUFFIX|PRON:2MP
w-s005-a006-w011	5:6	5:6	11	5:6:11	إِلَى	إِلَىٰ		P					STEM|POS:P|LEM:<ilaY`
w-s005-a006-w012	5:6	5:6	12	5:6:12	ٱلْمَرَافِقِ	مَرَافِق	ر ف ق	N					PREFIX|Al+ | STEM|POS:N|LEM:maraAfiq|ROOT:rfq|M|GEN
w-s005-a006-w013	5:6	5:6	13	5:6:13	وَٱمْسَحُوا۟	ٱمْسَحُ	م س ح	V	IMPV				PREFIX|w:CONJ+ | STEM|POS:V|IMPV|LEM:{mosaHu|ROOT:msH|2MP | SUFFIX|PRON:2MP
w-s005-a006-w014	5:6	5:6	14	5:6:14	بِرُءُوسِكُمْ	رَأْس	ر ء س	N					PREFIX|bi+ | STEM|POS:N|LEM:ra>os|ROOT:rAs|MP|GEN | SUFFIX|PRON:2MP
w-s005-a006-w015	5:6	5:6	15	5:6:15	وَأَرْجُلَكُمْ	رِجْل	ر ج ل	N					PREFIX|w:CONJ+ | STEM|POS:N|LEM:rijol|ROOT:rjl|FP|ACC | SUFFIX|PRON:2MP
w-s005-a006-w016	5:6	5:6	16	5:6:16	إِلَى	إِلَىٰ		P					STEM|POS:P|LEM:<ilaY`
w-s005-a006-w017	5:6	5:6	17	5:6:17	ٱلْكَعْبَيْنِ	كَعْبَيْن	ك ع ب	N					PREFIX|Al+ | STEM|POS:N|LEM:kaEobayon|ROOT:kEb|MD|GEN
w-s005-a006-w018	5:6	5:6	18	5:6:18	وَإِن	إِن		COND					PREFIX|w:REM+ | STEM|POS:COND|LEM:<in
w-s005-a006-w019	5:6	5:6	19	5:6:19	كُنتُمْ	كَانَ	ك و ن	V	PERF				STEM|POS:V|PERF|LEM:kaAna|ROOT:kwn|SP:kaAn|2MP | SUFFIX|PRON:2MP
w-s005-a006-w020	5:6	5:6	20	5:6:20	جُنُبًا	جُنُب	ج ن ب	N					STEM|POS:N|LEM:junub|ROOT:jnb|MS|INDEF|ACC
w-s005-a006-w021	5:6	5:6	21	5:6:21	فَٱطَّهَّرُوا۟	تَطَهَّرْ	ط ه ر	V	IMPV			V	PREFIX|f:RSLT+ | STEM|POS:V|IMPV|(V)|LEM:taTah~aro|ROOT:Thr|2MP | SUFFIX|PRON:2MP
w-s005-a006-w022	5:6	5:6	22	5:6:22	وَإِن	إِن		COND					PREFIX|w:CONJ+ | STEM|POS:COND|LEM:<in
w-s005-a006-w023	5:6	5:6	23	5:6:23	كُنتُم	كَانَ	ك و ن	V	PERF				STEM|POS:V|PERF|LEM:kaAna|ROOT:kwn|SP:kaAn|2MP | SUFFIX|PRON:2MP
w-s005-a006-w024	5:6	5:6	24	5:6:24	مَّرْضَىٰٓ	مَّرِيض	م ر ض	N					STEM|POS:N|LEM:m~ariyD|ROOT:mrD|P|ACC
w-s005-a006-w025	5:6	5:6	25	5:6:25	أَوْ	أَو		CONJ					STEM|POS:CONJ|LEM:>aw
w-s005-a006-w026	5:6	5:6	26	5:6:26	عَلَىٰ	عَلَىٰ		P					STEM|POS:P|LEM:EalaY`
w-s005-a006-w027	5:6	5:6	27	5:6:27	سَفَرٍ	سَفَر	س ف ر	N					STEM|POS:N|LEM:safar|ROOT:sfr|M|INDEF|GEN
w-s005-a006-w028	5:6	5:6	28	5:6:28	أَوْ	أَو		CONJ					STEM|POS:CONJ|LEM:>aw
w-s005-a006-w029	5:6	5:6	29	5:6:29	جَآءَ	جَآءَ	ج ي ء	V	PERF				STEM|POS:V|PERF|LEM:jaA^'a|ROOT:jyA|3MS
w-s005-a006-w030	5:6	5:6	30	5:6:30	أَحَدٌ	أَحَد	ء ح د	N					STEM|POS:N|LEM:>aHad|ROOT:AHd|M|INDEF|NOM
w-s005-a006-w031	5:6	5:6	31	5:6:31	مِّنكُم	مِن		P					STEM|POS:P|LEM:min | SUFFIX|PRON:2MP
w-s005-a006-w032	5:6	5:6	32	5:6:32	مِّنَ	مِن		P					STEM|POS:P|LEM:min
w-s005-a006-w033	5:6	5:6	33	5:6:33	ٱلْغَآئِطِ	غَآئِط	غ و ط	N					PREFIX|Al+ | STEM|POS:N|LEM:gaA^}iT|ROOT:gwT|M|GEN
w-s005-a006-w034	5:6	5:6	34	5:6:34	أَوْ	أَو		CONJ					STEM|POS:CONJ|LEM:>aw
w-s005-a006-w035	5:6	5:6	35	5:6:35	لَٰمَسْتُمُ	لَمَسُ	ل م س	V	PERF				STEM|POS:V|PERF|LEM:lamasu|ROOT:lms|2MP | SUFFIX|PRON:2MP
w-s005-a006-w036	5:6	5:6	36	5:6:36	ٱلنِّسَآءَ	نِسَآء	ن س و	N					PREFIX|Al+ | STEM|POS:N|LEM:nisaA^'|ROOT:nsw|FP|ACC
w-s005-a006-w037	5:6	5:6	37	5:6:37	فَلَمْ	لَم		NEG					PREFIX|f:CONJ+ | STEM|POS:NEG|LEM:lam
w-s005-a006-w038	5:6	5:6	38	5:6:38	تَجِدُوا۟	وَجَدَ	و ج د	V	IMPF	JUS			STEM|POS:V|IMPF|LEM:wajada|ROOT:wjd|2MP|MOOD:JUS | SUFFIX|PRON:2MP
w-s005-a006-w039	5:6	5:6	39	5:6:39	مَآءً	مَآء	م و ه	N					STEM|POS:N|LEM:maA^'|ROOT:mwh|M|INDEF|ACC
w-s005-a006-w040	5:6	5:6	40	5:6:40	فَتَيَمَّمُوا۟	تَيَمَّمُ	ي م م	V	IMPV			V	PREFIX|f:RSLT+ | STEM|POS:V|IMPV|(V)|LEM:tayam~amu|ROOT:ymm|2MP | SUFFIX|PRON:2MP
w-s005-a006-w041	5:6	5:6	41	5:6:41	صَعِيدًا	صَعِيد	ص ع د	N					STEM|POS:N|LEM:SaEiyd|ROOT:SEd|M|INDEF|ACC
w-s005-a006-w042	5:6	5:6	42	5:6:42	طَيِّبًا	طَيِّب	ط ي ب	ADJ					STEM|POS:ADJ|LEM:Tay~ib|ROOT:Tyb|MS|INDEF|ACC
w-s005-a006-w043	5:6	5:6	43	5:6:43	فَٱمْسَحُوا۟	ٱمْسَحُ	م س ح	V	IMPV				PREFIX|f:CONJ+ | STEM|POS:V|IMPV|LEM:{mosaHu|ROOT:msH|2MP | SUFFIX|PRON:2MP
w-s005-a006-w044	5:6	5:6	44	5:6:44	بِوُجُوهِكُمْ	وَجْه	و ج ه	N					PREFIX|bi+ | STEM|POS:N|LEM:wajoh|ROOT:wjh|MP|GEN | SUFFIX|PRON:2MP
w-s005-a006-w045	5:6	5:6	45	5:6:45	وَأَيْدِيكُم	يَد	ي د ي	N					PREFIX|w:CONJ+ | STEM|POS:N|LEM:yad|ROOT:ydy|FP|GEN | SUFFIX|PRON:2MP
w-s005-a006-w046	5:6	5:6	46	5:6:46	مِّنْهُ	مِن		P					STEM|POS:P|LEM:min | SUFFIX|PRON:3MS
w-s005-a006-w047	5:6	5:6	47	5:6:47	مَا	مَا		NEG					STEM|POS:NEG|LEM:maA
w-s005-a006-w048	5:6	5:6	48	5:6:48	يُرِيدُ	أَرَادَ	ر و د	V	IMPF			IV	STEM|POS:V|IMPF|(IV)|LEM:>araAda|ROOT:rwd|3MS
w-s005-a006-w049	5:6	5:6	49	5:6:49	ٱللَّهُ	ٱللَّه	ء ل ه	PN					STEM|POS:PN|LEM:{ll~ah|ROOT:Alh|NOM
w-s005-a006-w050	5:6	5:6	50	5:6:50	لِيَجْعَلَ	جَعَلَ	ج ع ل	V	IMPF	SUBJ			PREFIX|l:PRP+ | STEM|POS:V|IMPF|LEM:jaEala|ROOT:jEl|3MS|MOOD:SUBJ
w-s005-a006-w051	5:6	5:6	51	5:6:51	عَلَيْكُم	عَلَىٰ		P					STEM|POS:P|LEM:EalaY` | SUFFIX|PRON:2MP
w-s005-a006-w052	5:6	5:6	52	5:6:52	مِّنْ	مِن		P					STEM|POS:P|LEM:min
w-s005-a006-w053	5:6	5:6	53	5:6:53	حَرَجٍ	حَرَج	ح ر ج	N					STEM|POS:N|LEM:Haraj|ROOT:Hrj|M|INDEF|GEN
w-s005-a006-w054	5:6	5:6	54	5:6:54	وَلَٰكِن	لَٰكِن		AMD					PREFIX|w:REM+ | STEM|POS:AMD|LEM:la`kin
w-s005-a006-w055	5:6	5:6	55	5:6:55	يُرِيدُ	أَرَادَ	ر و د	V	IMPF			IV	STEM|POS:V|IMPF|(IV)|LEM:>araAda|ROOT:rwd|3MS
w-s005-a006-w056	5:6	5:6	56	5:6:56	لِيُطَهِّرَكُمْ	طَهَّرَ	ط ه ر	V	IMPF	SUBJ		II	PREFIX|l:PRP+ | STEM|POS:V|IMPF|(II)|LEM:Tah~ara|ROOT:Thr|3MS|MOOD:SUBJ | SUFFIX|PRON:2MP
w-s005-a006-w057	5:6	5:6	57	5:6:57	وَلِيُتِمَّ	أَتَمَّ	ت م م	V	IMPF	SUBJ		IV	PREFIX|w:CONJ+ | PREFIX|l:PRP+ | STEM|POS:V|IMPF|(IV)|LEM:>atam~a|ROOT:tmm|3MS|MOOD:SUBJ
w-s005-a006-w058	5:6	5:6	58	5:6:58	نِعْمَتَهُۥ	نِعْمَة	ن ع م	N					STEM|POS:N|LEM:niEomap|ROOT:nEm|F|ACC | SUFFIX|PRON:3MS
w-s005-a006-w059	5:6	5:6	59	5:6:59	عَلَيْكُمْ	عَلَىٰ		P					STEM|POS:P|LEM:EalaY` | SUFFIX|PRON:2MP
w-s005-a006-w060	5:6	5:6	60	5:6:60	لَعَلَّكُمْ	لَعَلّ		ACC					STEM|POS:ACC|LEM:laEal~|SP:<in~ | SUFFIX|PRON:2MP
w-s005-a006-w061	5:6	5:6	61	5:6:61	تَشْكُرُونَ	شَكَرَ	ش ك ر	V	IMPF				STEM|POS:V|IMPF|LEM:$akara|ROOT:$kr|2MP | SUFFIX|PRON:2MP
w-s005-a007-w001	5:7	5:7	1	5:7:1	وَٱذْكُرُوا۟	ذَكَرَ	ذ ك ر	V	IMPV				PREFIX|w:CONJ+ | STEM|POS:V|IMPV|LEM:*akara|ROOT:*kr|2MP | SUFFIX|PRON:2MP
w-s005-a007-w002	5:7	5:7	2	5:7:2	نِعْمَةَ	نِعْمَة	ن ع م	N					STEM|POS:N|LEM:niEomap|ROOT:nEm|F|ACC
w-s005-a007-w003	5:7	5:7	3	5:7:3	ٱللَّهِ	ٱللَّه	ء ل ه	PN					STEM|POS:PN|LEM:{ll~ah|ROOT:Alh|GEN
w-s005-a007-w004	5:7	5:7	4	5:7:4	عَلَيْكُمْ	عَلَىٰ		P					STEM|POS:P|LEM:EalaY` | SUFFIX|PRON:2MP
w-s005-a007-w005	5:7	5:7	5	5:7:5	وَمِيثَٰقَهُ	مِّيثَٰق	و ث ق	N					PREFIX|w:CONJ+ | STEM|POS:N|LEM:m~iyva`q|ROOT:wvq|M|ACC | SUFFIX|PRON:3MS
w-s005-a007-w006	5:7	5:7	6	5:7:6	ٱلَّذِى	ٱلَّذِى		REL					STEM|POS:REL|LEM:{l~a*iY|MS
w-s005-a007-w007	5:7	5:7	7	5:7:7	وَاثَقَكُم	وَاثَقَ	و ث ق	V	PERF			III	STEM|POS:V|PERF|(III)|LEM:waAvaqa|ROOT:wvq|3MS | SUFFIX|PRON:2MP
w-s005-a007-w008	5:7	5:7	8	5:7:8	بِهِۦٓ			PRON					PREFIX|bi+ | STEM|POS:PRON|3MS
w-s005-a007-w009	5:7	5:7	9	5:7:9	إِذْ	إِذ		T					STEM|POS:T|LEM:<i*
w-s005-a007-w010	5:7	5:7	10	5:7:10	قُلْتُمْ	قَالَ	ق و ل	V	PERF				STEM|POS:V|PERF|LEM:qaAla|ROOT:qwl|2MP | SUFFIX|PRON:2MP
w-s005-a007-w011	5:7	5:7	11	5:7:11	سَمِعْنَا	سَمِعَ	س م ع	V	PERF				STEM|POS:V|PERF|LEM:samiEa|ROOT:smE|1P | SUFFIX|PRON:1P
w-s005-a007-w012	5:7	5:7	12	5:7:12	وَأَطَعْنَا	أَطَاعَ	ط و ع	V	PERF			IV	PREFIX|w:CONJ+ | STEM|POS:V|PERF|(IV)|LEM:>aTaAEa|ROOT:TwE|1P | SUFFIX|PRON:1P
w-s005-a007-w013	5:7	5:7	13	5:7:13	وَٱتَّقُوا۟	ٱتَّقَىٰ	و ق ي	V	IMPV			VIII	PREFIX|w:CONJ+ | STEM|POS:V|IMPV|(VIII)|LEM:{t~aqaY`|ROOT:wqy|2MP | SUFFIX|PRON:2MP
w-s005-a007-w014	5:7	5:7	14	5:7:14	ٱللَّهَ	ٱللَّه	ء ل ه	PN					STEM|POS:PN|LEM:{ll~ah|ROOT:Alh|ACC
w-s005-a007-w015	5:7	5:7	15	5:7:15	إِنَّ	إِنّ		ACC					STEM|POS:ACC|LEM:<in~|SP:<in~
w-s005-a007-w016	5:7	5:7	16	5:7:16	ٱللَّهَ	ٱللَّه	ء ل ه	PN					STEM|POS:PN|LEM:{ll~ah|ROOT:Alh|ACC
w-s005-a007-w017	5:7	5:7	17	5:7:17	عَلِيمٌۢ	عَلِيم	ع ل م	N					STEM|POS:N|LEM:Ealiym|ROOT:Elm|MS|INDEF|NOM
w-s005-a007-w018	5:7	5:7	18	5:7:18	بِذَاتِ	ذُو		N					PREFIX|bi+ | STEM|POS:N|LEM:*uw|FS|GEN
w-s005-a007-w019	5:7	5:7	19	5:7:19	ٱلصُّدُورِ	صَدْر	ص د ر	N					PREFIX|Al+ | STEM|POS:N|LEM:Sador|ROOT:Sdr|MP|GEN
w-s005-a008-w001	5:8	5:8	1	5:8:1	يَٰٓأَيُّهَا	أَيُّهَا		N					PREFIX|ya+ | STEM|POS:N|LEM:>ay~uhaA|NOM
w-s005-a008-w002	5:8	5:8	2	5:8:2	ٱلَّذِينَ	ٱلَّذِى		REL					STEM|POS:REL|LEM:{l~a*iY|MP
w-s005-a008-w003	5:8	5:8	3	5:8:3	ءَامَنُوا۟	ءَامَنَ	ء م ن	V	PERF			IV	STEM|POS:V|PERF|(IV)|LEM:'aAmana|ROOT:Amn|3MP | SUFFIX|PRON:3MP
w-s005-a008-w004	5:8	5:8	4	5:8:4	كُونُوا۟	كَانَ	ك و ن	V	IMPV				STEM|POS:V|IMPV|LEM:kaAna|ROOT:kwn|SP:kaAn|2MP | SUFFIX|PRON:2MP
w-s005-a008-w005	5:8	5:8	5	5:8:5	قَوَّٰمِينَ	قَوَّٰمِين	ق و م	N					STEM|POS:N|LEM:qaw~a`miyn|ROOT:qwm|MP|ACC
w-s005-a008-w006	5:8	5:8	6	5:8:6	لِلَّهِ	ٱللَّه	ء ل ه	PN					PREFIX|l:P+ | STEM|POS:PN|LEM:{ll~ah|ROOT:Alh|GEN
w-s005-a008-w007	5:8	5:8	7	5:8:7	شُهَدَآءَ	شَهِيد	ش ه د	N					STEM|POS:N|LEM:$ahiyd|ROOT:$hd|MP|ACC
w-s005-a008-w008	5:8	5:8	8	5:8:8	بِٱلْقِسْطِ	قِسْط	ق س ط	N					PREFIX|bi+ | PREFIX|Al+ | STEM|POS:N|LEM:qisoT|ROOT:qsT|M|GEN
w-s005-a008-w009	5:8	5:8	9	5:8:9	وَلَا	لَا		PRO					PREFIX|w:CONJ+ | STEM|POS:PRO|LEM:laA
w-s005-a008-w010	5:8	5:8	10	5:8:10	يَجْرِمَنَّكُمْ	يَجْرِمَ	ج ر م	V	IMPF	JUS			STEM|POS:V|IMPF|LEM:yajorima|ROOT:jrm|3MS|MOOD:JUS | SUFFIX|+n:EMPH | SUFFIX|PRON:2MP
w-s005-a008-w011	5:8	5:8	11	5:8:11	شَنَـَٔانُ	شَنَـَٔان	ش ن ء	N					STEM|POS:N|LEM:$ana_#aAn|ROOT:$nA|M|NOM
w-s005-a008-w012	5:8	5:8	12	5:8:12	قَوْمٍ	قَوْم	ق و م	N					STEM|POS:N|LEM:qawom|ROOT:qwm|M|INDEF|GEN
w-s005-a008-w013	5:8	5:8	13	5:8:13	عَلَىٰٓ	عَلَىٰ		P					STEM|POS:P|LEM:EalaY`
w-s005-a008-w014	5:8	5:8	14	5:8:14	أَلَّا	أَن;لَا		SUB;NEG					STEM|POS:SUB|LEM:>an | STEM|POS:NEG|LEM:laA
w-s005-a008-w015	5:8	5:8	15	5:8:15	تَعْدِلُوا۟	عَدَلَ	ع د ل	V	IMPF	SUBJ			STEM|POS:V|IMPF|LEM:Eadala|ROOT:Edl|2MP|MOOD:SUBJ | SUFFIX|PRON:2MP
w-s005-a008-w016	5:8	5:8	16	5:8:16	ٱعْدِلُوا۟	عَدَلَ	ع د ل	V	IMPV				STEM|POS:V|IMPV|LEM:Eadala|ROOT:Edl|2MP | SUFFIX|PRON:2MP
w-s005-a008-w017	5:8	5:8	17	5:8:17	هُوَ			PRON					STEM|POS:PRON|3MS
w-s005-a008-w018	5:8	5:8	18	5:8:18	أَقْرَبُ	أَقْرَب	ق ر ب	N					STEM|POS:N|LEM:>aqorab|ROOT:qrb|MS|NOM
w-s005-a008-w019	5:8	5:8	19	5:8:19	لِلتَّقْوَىٰ	تَقْوَى	و ق ي	N					PREFIX|l:P+ | PREFIX|Al+ | STEM|POS:N|LEM:taqowaY|ROOT:wqy|M|GEN
w-s005-a008-w020	5:8	5:8	20	5:8:20	وَٱتَّقُوا۟	ٱتَّقَىٰ	و ق ي	V	IMPV			VIII	PREFIX|w:REM+ | STEM|POS:V|IMPV|(VIII)|LEM:{t~aqaY`|ROOT:wqy|2MP | SUFFIX|PRON:2MP
w-s005-a008-w021	5:8	5:8	21	5:8:21	ٱللَّهَ	ٱللَّه	ء ل ه	PN					STEM|POS:PN|LEM:{ll~ah|ROOT:Alh|ACC
w-s005-a008-w022	5:8	5:8	22	5:8:22	إِنَّ	إِنّ		ACC					STEM|POS:ACC|LEM:<in~|SP:<in~
w-s005-a008-w023	5:8	5:8	23	5:8:23	ٱللَّهَ	ٱللَّه	ء ل ه	PN					STEM|POS:PN|LEM:{ll~ah|ROOT:Alh|ACC
w-s005-a008-w024	5:8	5:8	24	5:8:24	خَبِيرٌۢ	خَبِير	خ ب ر	N					STEM|POS:N|LEM:xabiyr|ROOT:xbr|MS|INDEF|NOM
w-s005-a008-w025	5:8	5:8	25	5:8:25	بِمَا	مَا		REL					PREFIX|bi+ | STEM|POS:REL|LEM:maA
w-s005-a008-w026	5:8	5:8	26	5:8:26	تَعْمَلُونَ	عَمِلَ	ع م ل	V	IMPF				STEM|POS:V|IMPF|LEM:Eamila|ROOT:Eml|2MP | SUFFIX|PRON:2MP
w-s005-a009-w001	5:9	5:9	1	5:9:1	وَعَدَ	وَعَدَ	و ع د	V	PERF				STEM|POS:V|PERF|LEM:waEada|ROOT:wEd|3MS
w-s005-a009-w002	5:9	5:9	2	5:9:2	ٱللَّهُ	ٱللَّه	ء ل ه	PN					STEM|POS:PN|LEM:{ll~ah|ROOT:Alh|NOM
w-s005-a009-w003	5:9	5:9	3	5:9:3	ٱلَّذِينَ	ٱلَّذِى		REL					STEM|POS:REL|LEM:{l~a*iY|MP
w-s005-a009-w004	5:9	5:9	4	5:9:4	ءَامَنُوا۟	ءَامَنَ	ء م ن	V	PERF			IV	STEM|POS:V|PERF|(IV)|LEM:'aAmana|ROOT:Amn|3MP | SUFFIX|PRON:3MP
w-s005-a009-w005	5:9	5:9	5	5:9:5	وَعَمِلُوا۟	عَمِلَ	ع م ل	V	PERF				PREFIX|w:CONJ+ | STEM|POS:V|PERF|LEM:Eamila|ROOT:Eml|3MP | SUFFIX|PRON:3MP
w-s005-a009-w006	5:9	5:9	6	5:9:6	ٱلصَّٰلِحَٰتِ	صَّٰلِحَٰت	ص ل ح	N			ACT		PREFIX|Al+ | STEM|POS:N|ACT|PCPL|LEM:S~a`liHa`t|ROOT:SlH|FP|ACC
w-s005-a009-w007	5:9	5:9	7	5:9:7	لَهُم			PRON					PREFIX|l:P+ | STEM|POS:PRON|3MP
w-s005-a009-w008	5:9	5:9	8	5:9:8	مَّغْفِرَةٌ	مَّغْفِرَة	غ ف ر	N					STEM|POS:N|LEM:m~agofirap|ROOT:gfr|F|INDEF|NOM
w-s005-a009-w009	5:9	5:9	9	5:9:9	وَأَجْرٌ	أَجْر	ء ج ر	N					PREFIX|w:CONJ+ | STEM|POS:N|LEM:>ajor|ROOT:Ajr|M|INDEF|NOM
w-s005-a009-w010	5:9	5:9	10	5:9:10	عَظِيمٌ	عَظِيم	ع ظ م	ADJ					STEM|POS:ADJ|LEM:EaZiym|ROOT:EZm|MS|INDEF|NOM
w-s005-a010-w001	5:10	5:10	1	5:10:1	وَٱلَّذِينَ	ٱلَّذِى		REL					PREFIX|w:REM+ | STEM|POS:REL|LEM:{l~a*iY|MP
w-s005-a010-w002	5:10	5:10	2	5:10:2	كَفَرُوا۟	كَفَرَ	ك ف ر	V	PERF				STEM|POS:V|PERF|LEM:kafara|ROOT:kfr|3MP | SUFFIX|PRON:3MP
w-s005-a010-w003	5:10	5:10	3	5:10:3	وَكَذَّبُوا۟	كَذَّبَ	ك ذ ب	V	PERF			II	PREFIX|w:CONJ+ | STEM|POS:V|PERF|(II)|LEM:ka*~aba|ROOT:k*b|3MP | SUFFIX|PRON:3MP
w-s005-a010-w004	5:10	5:10	4	5:10:4	بِـَٔايَٰتِنَآ	ءَايَة	ء ي ي	N					PREFIX|bi+ | STEM|POS:N|LEM:'aAyap|ROOT:Ayy|FP|GEN | SUFFIX|PRON:1P
w-s005-a010-w005	5:10	5:10	5	5:10:5	أُو۟لَٰٓئِكَ	أُولَٰٓئِك		DEM					STEM|POS:DEM|LEM:>uwla`^}ik|P
w-s005-a010-w006	5:10	5:10	6	5:10:6	أَصْحَٰبُ	أَصْحَٰب	ص ح ب	N					STEM|POS:N|LEM:>aSoHa`b|ROOT:SHb|MP|NOM
w-s005-a010-w007	5:10	5:10	7	5:10:7	ٱلْجَحِيمِ	جَحِيم	ج ح م	N					PREFIX|Al+ | STEM|POS:N|LEM:jaHiym|ROOT:jHm|F|GEN
w-s005-a011-w001	5:11	5:11	1	5:11:1	يَٰٓأَيُّهَا	أَيُّهَا		N					PREFIX|ya+ | STEM|POS:N|LEM:>ay~uhaA|NOM
w-s005-a011-w002	5:11	5:11	2	5:11:2	ٱلَّذِينَ	ٱلَّذِى		REL					STEM|POS:REL|LEM:{l~a*iY|MP
w-s005-a011-w003	5:11	5:11	3	5:11:3	ءَامَنُوا۟	ءَامَنَ	ء م ن	V	PERF			IV	STEM|POS:V|PERF|(IV)|LEM:'aAmana|ROOT:Amn|3MP | SUFFIX|PRON:3MP
w-s005-a011-w004	5:11	5:11	4	5:11:4	ٱذْكُرُوا۟	ذَكَرَ	ذ ك ر	V	IMPV				STEM|POS:V|IMPV|LEM:*akara|ROOT:*kr|2MP | SUFFIX|PRON:2MP
w-s005-a011-w005	5:11	5:11	5	5:11:5	نِعْمَتَ	نِعْمَة	ن ع م	N					STEM|POS:N|LEM:niEomap|ROOT:nEm|F|ACC
w-s005-a011-w006	5:11	5:11	6	5:11:6	ٱللَّهِ	ٱللَّه	ء ل ه	PN					STEM|POS:PN|LEM:{ll~ah|ROOT:Alh|GEN
w-s005-a011-w007	5:11	5:11	7	5:11:7	عَلَيْكُمْ	عَلَىٰ		P					STEM|POS:P|LEM:EalaY` | SUFFIX|PRON:2MP
w-s005-a011-w008	5:11	5:11	8	5:11:8	إِذْ	إِذ		T					STEM|POS:T|LEM:<i*
w-s005-a011-w009	5:11	5:11	9	5:11:9	هَمَّ	هَمَّ	ه م م	V	PERF				STEM|POS:V|PERF|LEM:ham~a|ROOT:hmm|3MS
w-s005-a011-w010	5:11	5:11	10	5:11:10	قَوْمٌ	قَوْم	ق و م	N					STEM|POS:N|LEM:qawom|ROOT:qwm|M|INDEF|NOM
w-s005-a011-w011	5:11	5:11	11	5:11:11	أَن	أَن		SUB					STEM|POS:SUB|LEM:>an
w-s005-a011-w012	5:11	5:11	12	5:11:12	يَبْسُطُوٓا۟	بَسَطَ	ب س ط	V	IMPF	SUBJ			STEM|POS:V|IMPF|LEM:basaTa|ROOT:bsT|3MP|MOOD:SUBJ | SUFFIX|PRON:3MP
w-s005-a011-w013	5:11	5:11	13	5:11:13	إِلَيْكُمْ	إِلَىٰ		P					STEM|POS:P|LEM:<ilaY` | SUFFIX|PRON:2MP
w-s005-a011-w014	5:11	5:11	14	5:11:14	أَيْدِيَهُمْ	يَد	ي د ي	N					STEM|POS:N|LEM:yad|ROOT:ydy|FP|ACC | SUFFIX|PRON:3MP
w-s005-a011-w015	5:11	5:11	15	5:11:15	فَكَفَّ	كَفَّ	ك ف ف	V	PERF				PREFIX|f:CONJ+ | STEM|POS:V|PERF|LEM:kaf~a|ROOT:kff|3MS
w-s005-a011-w016	5:11	5:11	16	5:11:16	أَيْدِيَهُمْ	يَد	ي د ي	N					STEM|POS:N|LEM:yad|ROOT:ydy|FP|ACC | SUFFIX|PRON:3MP
w-s005-a011-w017	5:11	5:11	17	5:11:17	عَنكُمْ	عَن		P					STEM|POS:P|LEM:Ean | SUFFIX|PRON:2MP
w-s005-a011-w018	5:11	5:11	18	5:11:18	وَٱتَّقُوا۟	ٱتَّقَىٰ	و ق ي	V	IMPV			VIII	PREFIX|w:CONJ+ | STEM|POS:V|IMPV|(VIII)|LEM:{t~aqaY`|ROOT:wqy|2MP | SUFFIX|PRON:2MP
w-s005-a011-w019	5:11	5:11	19	5:11:19	ٱللَّهَ	ٱللَّه	ء ل ه	PN					STEM|POS:PN|LEM:{ll~ah|ROOT:Alh|ACC
w-s005-a011-w020	5:11	5:11	20	5:11:20	وَعَلَى	عَلَىٰ		P					PREFIX|w:REM+ | STEM|POS:P|LEM:EalaY`
w-s005-a011-w021	5:11	5:11	21	5:11:21	ٱللَّهِ	ٱللَّه	ء ل ه	PN					STEM|POS:PN|LEM:{ll~ah|ROOT:Alh|GEN
w-s005-a011-w022	5:11	5:11	22	5:11:22	فَلْيَتَوَكَّلِ	تَوَكَّلْ	و ك ل	V	IMPF	JUS		V	PREFIX|f:SUP+ | PREFIX|l:IMPV+ | STEM|POS:V|IMPF|(V)|LEM:tawak~alo|ROOT:wkl|3MS|MOOD:JUS
w-s005-a011-w023	5:11	5:11	23	5:11:23	ٱلْمُؤْمِنُونَ	مُؤْمِن	ء م ن	N			ACT	IV	PREFIX|Al+ | STEM|POS:N|ACT|PCPL|(IV)|LEM:mu&omin|ROOT:Amn|MP|NOM
w-s005-a012-w001	5:12	5:12	1	5:12:1	وَلَقَدْ	قَد		CERT					PREFIX|w:REM+ | PREFIX|l:EMPH+ | STEM|POS:CERT|LEM:qad
w-s005-a012-w002	5:12	5:12	2	5:12:2	أَخَذَ	أَخَذَ	ء خ ذ	V	PERF				STEM|POS:V|PERF|LEM:>axa*a|ROOT:Ax*|3MS
w-s005-a012-w003	5:12	5:12	3	5:12:3	ٱللَّهُ	ٱللَّه	ء ل ه	PN					STEM|POS:PN|LEM:{ll~ah|ROOT:Alh|NOM
w-s005-a012-w004	5:12	5:12	4	5:12:4	مِيثَٰقَ	مِّيثَٰق	و ث ق	N					STEM|POS:N|LEM:m~iyva`q|ROOT:wvq|M|ACC
w-s005-a012-w005	5:12	5:12	5	5:12:5	بَنِىٓ	بُنَىّ	ب ن ي	N					STEM|POS:N|LEM:bunaY~|ROOT:bny|MP|GEN
w-s005-a012-w006	5:12	5:12	6	5:12:6	إِسْرَٰٓءِيلَ	إِسْرَائِيل		PN					STEM|POS:PN|LEM:<isoraA}iyl|GEN
w-s005-a012-w007	5:12	5:12	7	5:12:7	وَبَعَثْنَا	بَعَثَ	ب ع ث	V	PERF				PREFIX|w:CONJ+ | STEM|POS:V|PERF|LEM:baEava|ROOT:bEv|1P | SUFFIX|PRON:1P
w-s005-a012-w008	5:12	5:12	8	5:12:8	مِنْهُمُ	مِن		P					STEM|POS:P|LEM:min | SUFFIX|PRON:3MP
w-s005-a012-w009	5:12	5:12	9	5:12:9	ٱثْنَىْ	ٱثْنَيْن	ث ن ي	N					STEM|POS:N|LEM:{vonayon|ROOT:vny|MD|ACC
w-s005-a012-w010	5:12	5:12	10	5:12:10	عَشَرَ	عَشَر	ع ش ر	N					STEM|POS:N|LEM:Ea$ar|ROOT:E$r|M|ACC
w-s005-a012-w011	5:12	5:12	11	5:12:11	نَقِيبًا	نَقِيب	ن ق ب	N					STEM|POS:N|LEM:naqiyb|ROOT:nqb|M|INDEF|ACC
w-s005-a012-w012	5:12	5:12	12	5:12:12	وَقَالَ	قَالَ	ق و ل	V	PERF				PREFIX|w:CONJ+ | STEM|POS:V|PERF|LEM:qaAla|ROOT:qwl|3MS
w-s005-a012-w013	5:12	5:12	13	5:12:13	ٱللَّهُ	ٱللَّه	ء ل ه	PN					STEM|POS:PN|LEM:{ll~ah|ROOT:Alh|NOM
w-s005-a012-w014	5:12	5:12	14	5:12:14	إِنِّى	إِنّ		ACC					STEM|POS:ACC|LEM:<in~|SP:<in~ | SUFFIX|PRON:1S
w-s005-a012-w015	5:12	5:12	15	5:12:15	مَعَكُمْ	مَع		LOC					STEM|POS:LOC|LEM:maE|ACC | SUFFIX|PRON:2MP
w-s005-a012-w016	5:12	5:12	16	5:12:16	لَئِنْ	إِن		COND					PREFIX|l:EMPH+ | STEM|POS:COND|LEM:<in
w-s005-a012-w017	5:12	5:12	17	5:12:17	أَقَمْتُمُ	أَقَامَ	ق و م	V	PERF			IV	STEM|POS:V|PERF|(IV)|LEM:>aqaAma|ROOT:qwm|2MP | SUFFIX|PRON:2MP
w-s005-a012-w018	5:12	5:12	18	5:12:18	ٱلصَّلَوٰةَ	صَلَوٰة	ص ل و	N					PREFIX|Al+ | STEM|POS:N|LEM:Salaw`p|ROOT:Slw|F|ACC
w-s005-a012-w019	5:12	5:12	19	5:12:19	وَءَاتَيْتُمُ	آتَى	ء ت ي	V	PERF			IV	PREFIX|w:CONJ+ | STEM|POS:V|PERF|(IV)|LEM:A^taY|ROOT:Aty|2MP | SUFFIX|PRON:2MP
w-s005-a012-w020	5:12	5:12	20	5:12:20	ٱلزَّكَوٰةَ	زَكَوٰة	ز ك و	N					PREFIX|Al+ | STEM|POS:N|LEM:zakaw`p|ROOT:zkw|F|ACC
w-s005-a012-w021	5:12	5:12	21	5:12:21	وَءَامَنتُم	ءَامَنَ	ء م ن	V	PERF			IV	PREFIX|w:CONJ+ | STEM|POS:V|PERF|(IV)|LEM:'aAmana|ROOT:Amn|2MP | SUFFIX|PRON:2MP
w-s005-a012-w022	5:12	5:12	22	5:12:22	بِرُسُلِى	رَسُول	ر س ل	N					PREFIX|bi+ | STEM|POS:N|LEM:rasuwl|ROOT:rsl|MP|GEN | SUFFIX|PRON:1S
w-s005-a012-w023	5:12	5:12	23	5:12:23	وَعَزَّرْتُمُوهُمْ	عَزَّرُ	ع ز ر	V	PERF			II	PREFIX|w:CONJ+ | STEM|POS:V|PERF|(II)|LEM:Eaz~aru|ROOT:Ezr|2MP | SUFFIX|PRON:2MP | SUFFIX|PRON:3MP
w-s005-a012-w024	5:12	5:12	24	5:12:24	وَأَقْرَضْتُمُ	أَقْرَضُ	ق ر ض	V	PERF			IV	PREFIX|w:CONJ+ | STEM|POS:V|PERF|(IV)|LEM:>aqoraDu|ROOT:qrD|2MP | SUFFIX|PRON:2MP
w-s005-a012-w025	5:12	5:12	25	5:12:25	ٱللَّهَ	ٱللَّه	ء ل ه	PN					STEM|POS:PN|LEM:{ll~ah|ROOT:Alh|ACC
w-s005-a012-w026	5:12	5:12	26	5:12:26	قَرْضًا	قَرْض	ق ر ض	N					STEM|POS:N|LEM:qaroD|ROOT:qrD|M|INDEF|ACC
w-s005-a012-w027	5:12	5:12	27	5:12:27	حَسَنًا	حَسَن	ح س ن	ADJ					STEM|POS:ADJ|LEM:Hasan|ROOT:Hsn|MS|INDEF|ACC
w-s005-a012-w028	5:12	5:12	28	5:12:28	لَّأُكَفِّرَنَّ	كَفَّرَ	ك ف ر	V	IMPF			II	PREFIX|l:EMPH+ | STEM|POS:V|IMPF|(II)|LEM:kaf~ara|ROOT:kfr|1S | SUFFIX|+n:EMPH
w-s005-a012-w029	5:12	5:12	29	5:12:29	عَنكُمْ	عَن		P					STEM|POS:P|LEM:Ean | SUFFIX|PRON:2MP
w-s005-a012-w030	5:12	5:12	30	5:12:30	سَيِّـَٔاتِكُمْ	سَيِّـَٔات	س و ء	N					STEM|POS:N|LEM:say~i_#aAt|ROOT:swA|FP|ACC | SUFFIX|PRON:2MP
w-s005-a012-w031	5:12	5:12	31	5:12:31	وَلَأُدْخِلَنَّكُمْ	أُدْخِلَ	د خ ل	V	IMPF			IV	PREFIX|w:CONJ+ | PREFIX|l:EMPH+ | STEM|POS:V|IMPF|(IV)|LEM:>udoxila|ROOT:dxl|1S | SUFFIX|+n:EMPH | SUFFIX|PRON:2MP
w-s005-a012-w032	5:12	5:12	32	5:12:32	جَنَّٰتٍ	جَنَّة	ج ن ن	N					STEM|POS:N|LEM:jan~ap|ROOT:jnn|FP|INDEF|ACC
w-s005-a012-w033	5:12	5:12	33	5:12:33	تَجْرِى	جَرَيْ	ج ر ي	V	IMPF				STEM|POS:V|IMPF|LEM:jarayo|ROOT:jry|3FS
w-s005-a012-w034	5:12	5:12	34	5:12:34	مِن	مِن		P					STEM|POS:P|LEM:min
w-s005-a012-w035	5:12	5:12	35	5:12:35	تَحْتِهَا	تَحْت	ت ح ت	N					STEM|POS:N|LEM:taHot|ROOT:tHt|GEN | SUFFIX|PRON:3FS
w-s005-a012-w036	5:12	5:12	36	5:12:36	ٱلْأَنْهَٰرُ	نَهَر	ن ه ر	N					PREFIX|Al+ | STEM|POS:N|LEM:nahar|ROOT:nhr|MP|NOM
w-s005-a012-w037	5:12	5:12	37	5:12:37	فَمَن	مَن		COND					PREFIX|f:REM+ | STEM|POS:COND|LEM:man
w-s005-a012-w038	5:12	5:12	38	5:12:38	كَفَرَ	كَفَرَ	ك ف ر	V	PERF				STEM|POS:V|PERF|LEM:kafara|ROOT:kfr|3MS
w-s005-a012-w039	5:12	5:12	39	5:12:39	بَعْدَ	بَعْد	ب ع د	T					STEM|POS:T|LEM:baEod|ROOT:bEd|ACC
w-s005-a012-w040	5:12	5:12	40	5:12:40	ذَٰلِكَ	ذَٰلِك		DEM					STEM|POS:DEM|LEM:*a`lik|MS
w-s005-a012-w041	5:12	5:12	41	5:12:41	مِنكُمْ	مِن		P					STEM|POS:P|LEM:min | SUFFIX|PRON:2MP
w-s005-a012-w042	5:12	5:12	42	5:12:42	فَقَدْ	قَد		CERT					PREFIX|f:RSLT+ | STEM|POS:CERT|LEM:qad
w-s005-a012-w043	5:12	5:12	43	5:12:43	ضَلَّ	ضَلَّ	ض ل ل	V	PERF				STEM|POS:V|PERF|LEM:Dal~a|ROOT:Dll|3MS
w-s005-a012-w044	5:12	5:12	44	5:12:44	سَوَآءَ	سَوَآء	س و ي	N					STEM|POS:N|LEM:sawaA^'|ROOT:swy|M|ACC
w-s005-a012-w045	5:12	5:12	45	5:12:45	ٱلسَّبِيلِ	سَبِيل	س ب ل	N					PREFIX|Al+ | STEM|POS:N|LEM:sabiyl|ROOT:sbl|M|GEN
w-s005-a013-w001	5:13	5:13	1	5:13:1	فَبِمَا	مَا		SUP					PREFIX|f:REM+ | PREFIX|bi+ | STEM|POS:SUP|LEM:maA
w-s005-a013-w002	5:13	5:13	2	5:13:2	نَقْضِهِم	نَقْض	ن ق ض	N					STEM|POS:N|VN|LEM:naqoD|ROOT:nqD|M|GEN | SUFFIX|PRON:3MP
w-s005-a013-w003	5:13	5:13	3	5:13:3	مِّيثَٰقَهُمْ	مِّيثَٰق	و ث ق	N					STEM|POS:N|LEM:m~iyva`q|ROOT:wvq|M|ACC | SUFFIX|PRON:3MP
w-s005-a013-w004	5:13	5:13	4	5:13:4	لَعَنَّٰهُمْ	لَعَنَ	ل ع ن	V	PERF				STEM|POS:V|PERF|LEM:laEana|ROOT:lEn|1P | SUFFIX|PRON:1P | SUFFIX|PRON:3MP
w-s005-a013-w005	5:13	5:13	5	5:13:5	وَجَعَلْنَا	جَعَلَ	ج ع ل	V	PERF				PREFIX|w:CONJ+ | STEM|POS:V|PERF|LEM:jaEala|ROOT:jEl|1P | SUFFIX|PRON:1P
w-s005-a013-w006	5:13	5:13	6	5:13:6	قُلُوبَهُمْ	قَلْب	ق ل ب	N					STEM|POS:N|LEM:qalob|ROOT:qlb|FP|ACC | SUFFIX|PRON:3MP
w-s005-a013-w007	5:13	5:13	7	5:13:7	قَٰسِيَةً	قَٰسِيَة	ق س و	N			ACT		STEM|POS:N|ACT|PCPL|LEM:qa`siyap|ROOT:qsw|F|INDEF|ACC
w-s005-a013-w008	5:13	5:13	8	5:13:8	يُحَرِّفُونَ	يُحَرِّفُ	ح ر ف	V	IMPF			II	STEM|POS:V|IMPF|(II)|LEM:yuHar~ifu|ROOT:Hrf|3MP | SUFFIX|PRON:3MP
w-s005-a013-w009	5:13	5:13	9	5:13:9	ٱلْكَلِمَ	كَلِم	ك ل م	N					PREFIX|Al+ | STEM|POS:N|LEM:kalim|ROOT:klm|M|ACC
w-s005-a013-w010	5:13	5:13	10	5:13:10	عَن	عَن		P					STEM|POS:P|LEM:Ean
w-s005-a013-w011	5:13	5:13	11	5:13:11	مَّوَاضِعِهِۦ	مَّوَاضِع	و ض ع	N					STEM|POS:N|LEM:m~awaADiE|ROOT:wDE|MP|GEN | SUFFIX|PRON:3MS
w-s005-a013-w012	5:13	5:13	12	5:13:12	وَنَسُوا۟	نَسِىَ	ن س ي	V	PERF				PREFIX|w:CIRC+ | STEM|POS:V|PERF|LEM:nasiYa|ROOT:nsy|3MP | SUFFIX|PRON:3MP
w-s005-a013-w013	5:13	5:13	13	5:13:13	حَظًّا	حَظّ	ح ظ ظ	N					STEM|POS:N|LEM:HaZ~|ROOT:HZZ|M|INDEF|ACC
w-s005-a013-w014	5:13	5:13	14	5:13:14	مِّمَّا	مِن;مَا		P;REL					STEM|POS:P|LEM:min | STEM|POS:REL|LEM:maA
w-s005-a013-w015	5:13	5:13	15	5:13:15	ذُكِّرُوا۟	ذُكِّرَ	ذ ك ر	V	PERF		PASS	II	STEM|POS:V|PERF|PASS|(II)|LEM:*uk~ira|ROOT:*kr|3MP | SUFFIX|PRON:3MP
w-s005-a013-w016	5:13	5:13	16	5:13:16	بِهِۦ			PRON					PREFIX|bi+ | STEM|POS:PRON|3MS
w-s005-a013-w017	5:13	5:13	17	5:13:17	وَلَا	لَا		NEG					PREFIX|w:REM+ | STEM|POS:NEG|LEM:laA
w-s005-a013-w018	5:13	5:13	18	5:13:18	تَزَالُ	زَالَت	ز ي ل	V	IMPF				STEM|POS:V|IMPF|LEM:zaAlat|ROOT:zyl|2MS
w-s005-a013-w019	5:13	5:13	19	5:13:19	تَطَّلِعُ	طَّلَعَ	ط ل ع	V	IMPF			VIII	STEM|POS:V|IMPF|(VIII)|LEM:T~alaEa|ROOT:TlE|2MS
w-s005-a013-w020	5:13	5:13	20	5:13:20	عَلَىٰ	عَلَىٰ		P					STEM|POS:P|LEM:EalaY`
w-s005-a013-w021	5:13	5:13	21	5:13:21	خَآئِنَةٍ	خَآئِنَة	خ و ن	N			ACT		STEM|POS:N|ACT|PCPL|LEM:xaA^}inap|ROOT:xwn|F|INDEF|GEN
w-s005-a013-w022	5:13	5:13	22	5:13:22	مِّنْهُمْ	مِن		P					STEM|POS:P|LEM:min | SUFFIX|PRON:3MP
w-s005-a013-w023	5:13	5:13	23	5:13:23	إِلَّا	إِلَّا		EXP					STEM|POS:EXP|LEM:<il~aA
w-s005-a013-w024	5:13	5:13	24	5:13:24	قَلِيلًا	قَلِيل	ق ل ل	N					STEM|POS:N|LEM:qaliyl|ROOT:qll|MS|INDEF|ACC
w-s005-a013-w025	5:13	5:13	25	5:13:25	مِّنْهُمْ	مِن		P					STEM|POS:P|LEM:min | SUFFIX|PRON:3MP
w-s005-a013-w026	5:13	5:13	26	5:13:26	فَٱعْفُ	عَفَا	ع ف و	V	IMPV				PREFIX|f:REM+ | STEM|POS:V|IMPV|LEM:EafaA|ROOT:Efw|2MS
w-s005-a013-w027	5:13	5:13	27	5:13:27	عَنْهُمْ	عَن		P					STEM|POS:P|LEM:Ean | SUFFIX|PRON:3MP
w-s005-a013-w028	5:13	5:13	28	5:13:28	وَٱصْفَحْ	يَصْفَحُ	ص ف ح	V	IMPV				PREFIX|w:CONJ+ | STEM|POS:V|IMPV|LEM:yaSofaHu|ROOT:SfH|2MS
w-s005-a013-w029	5:13	5:13	29	5:13:29	إِنَّ	إِنّ		ACC					STEM|POS:ACC|LEM:<in~|SP:<in~
w-s005-a013-w030	5:13	5:13	30	5:13:30	ٱللَّهَ	ٱللَّه	ء ل ه	PN					STEM|POS:PN|LEM:{ll~ah|ROOT:Alh|ACC
w-s005-a013-w031	5:13	5:13	31	5:13:31	يُحِبُّ	أَحْبَبْ	ح ب ب	V	IMPF			IV	STEM|POS:V|IMPF|(IV)|LEM:>aHobabo|ROOT:Hbb|3MS
w-s005-a013-w032	5:13	5:13	32	5:13:32	ٱلْمُحْسِنِينَ	مُحْسِن	ح س ن	N			ACT	IV	PREFIX|Al+ | STEM|POS:N|ACT|PCPL|(IV)|LEM:muHosin|ROOT:Hsn|MP|ACC
w-s005-a014-w001	5:14	5:14	1	5:14:1	وَمِنَ	مِن		P					PREFIX|w:CONJ+ | STEM|POS:P|LEM:min
w-s005-a014-w002	5:14	5:14	2	5:14:2	ٱلَّذِينَ	ٱلَّذِى		REL					STEM|POS:REL|LEM:{l~a*iY|MP
w-s005-a014-w003	5:14	5:14	3	5:14:3	قَالُوٓا۟	قَالَ	ق و ل	V	PERF				STEM|POS:V|PERF|LEM:qaAla|ROOT:qwl|3MP | SUFFIX|PRON:3MP
w-s005-a014-w004	5:14	5:14	4	5:14:4	إِنَّا	إِنّ		ACC					STEM|POS:ACC|LEM:<in~|SP:<in~ | SUFFIX|PRON:1P
w-s005-a014-w005	5:14	5:14	5	5:14:5	نَصَٰرَىٰٓ	نَصْرَانِيّ	ن ص ر	PN					STEM|POS:PN|LEM:naSoraAniy~|ROOT:nSr|P|NOM
w-s005-a014-w006	5:14	5:14	6	5:14:6	أَخَذْنَا	أَخَذَ	ء خ ذ	V	PERF				STEM|POS:V|PERF|LEM:>axa*a|ROOT:Ax*|1P | SUFFIX|PRON:1P
w-s005-a014-w007	5:14	5:14	7	5:14:7	مِيثَٰقَهُمْ	مِّيثَٰق	و ث ق	N					STEM|POS:N|LEM:m~iyva`q|ROOT:wvq|M|ACC | SUFFIX|PRON:3MP
w-s005-a014-w008	5:14	5:14	8	5:14:8	فَنَسُوا۟	نَسِىَ	ن س ي	V	PERF				PREFIX|f:CONJ+ | STEM|POS:V|PERF|LEM:nasiYa|ROOT:nsy|3MP | SUFFIX|PRON:3MP
w-s005-a014-w009	5:14	5:14	9	5:14:9	حَظًّا	حَظّ	ح ظ ظ	N					STEM|POS:N|LEM:HaZ~|ROOT:HZZ|M|INDEF|ACC
w-s005-a014-w010	5:14	5:14	10	5:14:10	مِّمَّا	مِن;مَا		P;REL					STEM|POS:P|LEM:min | STEM|POS:REL|LEM:maA
w-s005-a014-w011	5:14	5:14	11	5:14:11	ذُكِّرُوا۟	ذُكِّرَ	ذ ك ر	V	PERF		PASS	II	STEM|POS:V|PERF|PASS|(II)|LEM:*uk~ira|ROOT:*kr|3MP | SUFFIX|PRON:3MP
w-s005-a014-w012	5:14	5:14	12	5:14:12	بِهِۦ			PRON					PREFIX|bi+ | STEM|POS:PRON|3MS
w-s005-a014-w013	5:14	5:14	13	5:14:13	فَأَغْرَيْنَا	أَغْرَيْ	غ ر و	V	PERF			IV	PREFIX|f:CONJ+ | STEM|POS:V|PERF|(IV)|LEM:>agorayo|ROOT:grw|1P | SUFFIX|PRON:1P
w-s005-a014-w014	5:14	5:14	14	5:14:14	بَيْنَهُمُ	بَيْن	ب ي ن	LOC					STEM|POS:LOC|LEM:bayon|ROOT:byn|ACC | SUFFIX|PRON:3MP
w-s005-a014-w015	5:14	5:14	15	5:14:15	ٱلْعَدَاوَةَ	عَدَٰوَة	ع د و	N					PREFIX|Al+ | STEM|POS:N|LEM:Eada`wap|ROOT:Edw|F|ACC
w-s005-a014-w016	5:14	5:14	16	5:14:16	وَٱلْبَغْضَآءَ	بَغْضَآء	ب غ ض	N					PREFIX|w:CONJ+ | PREFIX|Al+ | STEM|POS:N|LEM:bagoDaA^'|ROOT:bgD|F|ACC
w-s005-a014-w017	5:14	5:14	17	5:14:17	إِلَىٰ	إِلَىٰ		P					STEM|POS:P|LEM:<ilaY`
w-s005-a014-w018	5:14	5:14	18	5:14:18	يَوْمِ	يَوْم	ي و م	N					STEM|POS:N|LEM:yawom|ROOT:ywm|M|GEN
w-s005-a014-w019	5:14	5:14	19	5:14:19	ٱلْقِيَٰمَةِ	قِيَٰمَة	ق و م	N					PREFIX|Al+ | STEM|POS:N|LEM:qiya`map|ROOT:qwm|F|GEN
w-s005-a014-w020	5:14	5:14	20	5:14:20	وَسَوْفَ	سَوْف		FUT					PREFIX|w:REM+ | STEM|POS:FUT|LEM:sawof
w-s005-a014-w021	5:14	5:14	21	5:14:21	يُنَبِّئُهُمُ	نَبَّأَ	ن ب ء	V	IMPF			II	STEM|POS:V|IMPF|(II)|LEM:nab~a>a|ROOT:nbA|3MS | SUFFIX|PRON:3MP
w-s005-a014-w022	5:14	5:14	22	5:14:22	ٱللَّهُ	ٱللَّه	ء ل ه	PN					STEM|POS:PN|LEM:{ll~ah|ROOT:Alh|NOM
w-s005-a014-w023	5:14	5:14	23	5:14:23	بِمَا	مَا		REL					PREFIX|bi+ | STEM|POS:REL|LEM:maA
w-s005-a014-w024	5:14	5:14	24	5:14:24	كَانُوا۟	كَانَ	ك و ن	V	PERF				STEM|POS:V|PERF|LEM:kaAna|ROOT:kwn|SP:kaAn|3MP | SUFFIX|PRON:3MP
w-s005-a014-w025	5:14	5:14	25	5:14:25	يَصْنَعُونَ	صَنَعُ	ص ن ع	V	IMPF				STEM|POS:V|IMPF|LEM:SanaEu|ROOT:SnE|3MP | SUFFIX|PRON:3MP
w-s005-a015-w001	5:15	5:15	1	5:15:1	يَٰٓأَهْلَ	أَهْل	ء ه ل	N					PREFIX|ya+ | STEM|POS:N|LEM:>ahol|ROOT:Ahl|M|ACC
w-s005-a015-w002	5:15	5:15	2	5:15:2	ٱلْكِتَٰبِ	كِتَٰب	ك ت ب	N					PREFIX|Al+ | STEM|POS:N|LEM:kita`b|ROOT:ktb|M|GEN
w-s005-a015-w003	5:15	5:15	3	5:15:3	قَدْ	قَد		CERT					STEM|POS:CERT|LEM:qad
w-s005-a015-w004	5:15	5:15	4	5:15:4	جَآءَكُمْ	جَآءَ	ج ي ء	V	PERF				STEM|POS:V|PERF|LEM:jaA^'a|ROOT:jyA|3MS | SUFFIX|PRON:2MP
w-s005-a015-w005	5:15	5:15	5	5:15:5	رَسُولُنَا	رَسُول	ر س ل	N					STEM|POS:N|LEM:rasuwl|ROOT:rsl|M|NOM | SUFFIX|PRON:1P
w-s005-a015-w006	5:15	5:15	6	5:15:6	يُبَيِّنُ	بَيَّنُ	ب ي ن	V	IMPF			II	STEM|POS:V|IMPF|(II)|LEM:bay~anu|ROOT:byn|3MS
w-s005-a015-w007	5:15	5:15	7	5:15:7	لَكُمْ			PRON					PREFIX|l:P+ | STEM|POS:PRON|2MP
w-s005-a015-w008	5:15	5:15	8	5:15:8	كَثِيرًا	كَثِير	ك ث ر	N					STEM|POS:N|LEM:kaviyr|ROOT:kvr|MS|INDEF|ACC
w-s005-a015-w009	5:15	5:15	9	5:15:9	مِّمَّا	مِن;مَا		P;REL					STEM|POS:P|LEM:min | STEM|POS:REL|LEM:maA
w-s005-a015-w010	5:15	5:15	10	5:15:10	كُنتُمْ	كَانَ	ك و ن	V	PERF				STEM|POS:V|PERF|LEM:kaAna|ROOT:kwn|SP:kaAn|2MP | SUFFIX|PRON:2MP
w-s005-a015-w011	5:15	5:15	11	5:15:11	تُخْفُونَ	أُخْفِىَ	خ ف ي	V	IMPF			IV	STEM|POS:V|IMPF|(IV)|LEM:>uxofiYa|ROOT:xfy|2MP | SUFFIX|PRON:2MP
w-s005-a015-w012	5:15	5:15	12	5:15:12	مِنَ	مِن		P					STEM|POS:P|LEM:min
w-s005-a015-w013	5:15	5:15	13	5:15:13	ٱلْكِتَٰبِ	كِتَٰب	ك ت ب	N					PREFIX|Al+ | STEM|POS:N|LEM:kita`b|ROOT:ktb|M|GEN
w-s005-a015-w014	5:15	5:15	14	5:15:14	وَيَعْفُوا۟	عَفَا	ع ف و	V	IMPF				PREFIX|w:CONJ+ | STEM|POS:V|IMPF|LEM:EafaA|ROOT:Efw|3MS
w-s005-a015-w015	5:15	5:15	15	5:15:15	عَن	عَن		P					STEM|POS:P|LEM:Ean
w-s005-a015-w016	5:15	5:15	16	5:15:16	كَثِيرٍ	كَثِير	ك ث ر	N					STEM|POS:N|LEM:kaviyr|ROOT:kvr|MS|INDEF|GEN
w-s005-a015-w017	5:15	5:15	17	5:15:17	قَدْ	قَد		CERT					STEM|POS:CERT|LEM:qad
w-s005-a015-w018	5:15	5:15	18	5:15:18	جَآءَكُم	جَآءَ	ج ي ء	V	PERF				STEM|POS:V|PERF|LEM:jaA^'a|ROOT:jyA|3MS | SUFFIX|PRON:2MP
w-s005-a015-w019	5:15	5:15	19	5:15:19	مِّنَ	مِن		P					STEM|POS:P|LEM:min
w-s005-a015-w020	5:15	5:15	20	5:15:20	ٱللَّهِ	ٱللَّه	ء ل ه	PN					STEM|POS:PN|LEM:{ll~ah|ROOT:Alh|GEN
w-s005-a015-w021	5:15	5:15	21	5:15:21	نُورٌ	نُور	ن و ر	N					STEM|POS:N|LEM:nuwr|ROOT:nwr|M|INDEF|NOM
w-s005-a015-w022	5:15	5:15	22	5:15:22	وَكِتَٰبٌ	كِتَٰب	ك ت ب	N					PREFIX|w:CONJ+ | STEM|POS:N|LEM:kita`b|ROOT:ktb|M|INDEF|NOM
w-s005-a015-w023	5:15	5:15	23	5:15:23	مُّبِينٌ	مُّبِين	ب ي ن	ADJ			ACT	IV	STEM|POS:ADJ|ACT|PCPL|(IV)|LEM:m~ubiyn|ROOT:byn|M|INDEF|NOM
w-s005-a016-w001	5:16	5:16	1	5:16:1	يَهْدِى	هَدَى	ه د ي	V	IMPF				STEM|POS:V|IMPF|LEM:hadaY|ROOT:hdy|3MS
w-s005-a016-w002	5:16	5:16	2	5:16:2	بِهِ			PRON					PREFIX|bi+ | STEM|POS:PRON|3MS
w-s005-a016-w003	5:16	5:16	3	5:16:3	ٱللَّهُ	ٱللَّه	ء ل ه	PN					STEM|POS:PN|LEM:{ll~ah|ROOT:Alh|NOM
w-s005-a016-w004	5:16	5:16	4	5:16:4	مَنِ	مَن		REL					STEM|POS:REL|LEM:man
w-s005-a016-w005	5:16	5:16	5	5:16:5	ٱتَّبَعَ	ٱتَّبَعَ	ت ب ع	V	PERF			VIII	STEM|POS:V|PERF|(VIII)|LEM:{t~abaEa|ROOT:tbE|3MS
w-s005-a016-w006	5:16	5:16	6	5:16:6	رِضْوَٰنَهُۥ	رِضْوَٰن	ر ض و	N					STEM|POS:N|LEM:riDowa`n|ROOT:rDw|M|ACC | SUFFIX|PRON:3MS
w-s005-a016-w007	5:16	5:16	7	5:16:7	سُبُلَ	سَبِيل	س ب ل	N					STEM|POS:N|LEM:sabiyl|ROOT:sbl|MP|ACC
w-s005-a016-w008	5:16	5:16	8	5:16:8	ٱلسَّلَٰمِ	سَلَٰم	س ل م	N					PREFIX|Al+ | STEM|POS:N|LEM:sala`m|ROOT:slm|M|GEN
w-s005-a016-w009	5:16	5:16	9	5:16:9	وَيُخْرِجُهُم	أَخْرَجَ	خ ر ج	V	IMPF			IV	PREFIX|w:CONJ+ | STEM|POS:V|IMPF|(IV)|LEM:>axoraja|ROOT:xrj|3MS | SUFFIX|PRON:3MP
w-s005-a016-w010	5:16	5:16	10	5:16:10	مِّنَ	مِن		P					STEM|POS:P|LEM:min
w-s005-a016-w011	5:16	5:16	11	5:16:11	ٱلظُّلُمَٰتِ	ظُلُمَٰت	ظ ل م	N					PREFIX|Al+ | STEM|POS:N|LEM:Zuluma`t|ROOT:Zlm|FP|GEN
w-s005-a016-w012	5:16	5:16	12	5:16:12	إِلَى	إِلَىٰ		P					STEM|POS:P|LEM:<ilaY`
w-s005-a016-w013	5:16	5:16	13	5:16:13	ٱلنُّورِ	نُور	ن و ر	N					PREFIX|Al+ | STEM|POS:N|LEM:nuwr|ROOT:nwr|M|GEN
w-s005-a016-w014	5:16	5:16	14	5:16:14	بِإِذْنِهِۦ	إِذْن	ء ذ ن	N					PREFIX|bi+ | STEM|POS:N|LEM:<i*on|ROOT:A*n|M|GEN | SUFFIX|PRON:3MS
w-s005-a016-w015	5:16	5:16	15	5:16:15	وَيَهْدِيهِمْ	هَدَى	ه د ي	V	IMPF				PREFIX|w:CONJ+ | STEM|POS:V|IMPF|LEM:hadaY|ROOT:hdy|3MS | SUFFIX|PRON:3MP
w-s005-a016-w016	5:16	5:16	16	5:16:16	إِلَىٰ	إِلَىٰ		P					STEM|POS:P|LEM:<ilaY`
w-s005-a016-w017	5:16	5:16	17	5:16:17	صِرَٰطٍ	صِرَٰط	ص ر ط	N					STEM|POS:N|LEM:Sira`T|ROOT:SrT|M|INDEF|GEN
w-s005-a016-w018	5:16	5:16	18	5:16:18	مُّسْتَقِيمٍ	مُّسْتَقِيم	ق و م	ADJ			ACT	X	STEM|POS:ADJ|ACT|PCPL|(X)|LEM:m~usotaqiym|ROOT:qwm|M|INDEF|GEN
w-s005-a017-w001	5:17	5:17	1	5:17:1	لَّقَدْ	قَد		CERT					PREFIX|l:EMPH+ | STEM|POS:CERT|LEM:qad
w-s005-a017-w002	5:17	5:17	2	5:17:2	كَفَرَ	كَفَرَ	ك ف ر	V	PERF				STEM|POS:V|PERF|LEM:kafara|ROOT:kfr|3MS
w-s005-a017-w003	5:17	5:17	3	5:17:3	ٱلَّذِينَ	ٱلَّذِى		REL					STEM|POS:REL|LEM:{l~a*iY|MP
w-s005-a017-w004	5:17	5:17	4	5:17:4	قَالُوٓا۟	قَالَ	ق و ل	V	PERF				STEM|POS:V|PERF|LEM:qaAla|ROOT:qwl|3MP | SUFFIX|PRON:3MP
w-s005-a017-w005	5:17	5:17	5	5:17:5	إِنَّ	إِنّ		ACC					STEM|POS:ACC|LEM:<in~|SP:<in~
w-s005-a017-w006	5:17	5:17	6	5:17:6	ٱللَّهَ	ٱللَّه	ء ل ه	PN					STEM|POS:PN|LEM:{ll~ah|ROOT:Alh|ACC
w-s005-a017-w007	5:17	5:17	7	5:17:7	هُوَ			PRON					STEM|POS:PRON|3MS
w-s005-a017-w008	5:17	5:17	8	5:17:8	ٱلْمَسِيحُ	مَسِيح		PN					PREFIX|Al+ | STEM|POS:PN|LEM:masiyH|NOM
w-s005-a017-w009	5:17	5:17	9	5:17:9	ٱبْنُ	ٱبْن	ب ن ي	N					STEM|POS:N|LEM:{bon|ROOT:bny|M|NOM
w-s005-a017-w010	5:17	5:17	10	5:17:10	مَرْيَمَ	مَرْيَم		PN					STEM|POS:PN|LEM:maroyam|F|GEN
w-s005-a017-w011	5:17	5:17	11	5:17:11	قُلْ	قَالَ	ق و ل	V	IMPV				STEM|POS:V|IMPV|LEM:qaAla|ROOT:qwl|2MS
w-s005-a017-w012	5:17	5:17	12	5:17:12	فَمَن	مَن		INTG					PREFIX|f:SUP+ | STEM|POS:INTG|LEM:man
w-s005-a017-w013	5:17	5:17	13	5:17:13	يَمْلِكُ	مَلَكَتْ	م ل ك	V	IMPF				STEM|POS:V|IMPF|LEM:malakato|ROOT:mlk|3MS
w-s005-a017-w014	5:17	5:17	14	5:17:14	مِنَ	مِن		P					STEM|POS:P|LEM:min
w-s005-a017-w015	5:17	5:17	15	5:17:15	ٱللَّهِ	ٱللَّه	ء ل ه	PN					STEM|POS:PN|LEM:{ll~ah|ROOT:Alh|GEN
w-s005-a017-w016	5:17	5:17	16	5:17:16	شَيْـًٔا	شَىْء	ش ي ء	N					STEM|POS:N|LEM:$aYo'|ROOT:$yA|M|INDEF|ACC
w-s005-a017-w017	5:17	5:17	17	5:17:17	إِنْ	إِن		COND					STEM|POS:COND|LEM:<in
w-s005-a017-w018	5:17	5:17	18	5:17:18	أَرَادَ	أَرَادَ	ر و د	V	PERF			IV	STEM|POS:V|PERF|(IV)|LEM:>araAda|ROOT:rwd|3MS
w-s005-a017-w019	5:17	5:17	19	5:17:19	أَن	أَن		SUB					STEM|POS:SUB|LEM:>an
w-s005-a017-w020	5:17	5:17	20	5:17:20	يُهْلِكَ	أَهْلَكَ	ه ل ك	V	IMPF	SUBJ		IV	STEM|POS:V|IMPF|(IV)|LEM:>aholaka|ROOT:hlk|3MS|MOOD:SUBJ
w-s005-a017-w021	5:17	5:17	21	5:17:21	ٱلْمَسِيحَ	مَسِيح		PN					PREFIX|Al+ | STEM|POS:PN|LEM:masiyH|ACC
w-s005-a017-w022	5:17	5:17	22	5:17:22	ٱبْنَ	ٱبْن	ب ن ي	N					STEM|POS:N|LEM:{bon|ROOT:bny|M|ACC
w-s005-a017-w023	5:17	5:17	23	5:17:23	مَرْيَمَ	مَرْيَم		PN					STEM|POS:PN|LEM:maroyam|F|GEN
w-s005-a017-w024	5:17	5:17	24	5:17:24	وَأُمَّهُۥ	أُمّ	ء م م	N					PREFIX|w:CONJ+ | STEM|POS:N|LEM:>um~|ROOT:Amm|FS|ACC | SUFFIX|PRON:3MS
w-s005-a017-w025	5:17	5:17	25	5:17:25	وَمَن	مَن		REL					PREFIX|w:CONJ+ | STEM|POS:REL|LEM:man
w-s005-a017-w026	5:17	5:17	26	5:17:26	فِى	فِى		P					STEM|POS:P|LEM:fiY
w-s005-a017-w027	5:17	5:17	27	5:17:27	ٱلْأَرْضِ	أَرْض	ء ر ض	N					PREFIX|Al+ | STEM|POS:N|LEM:>aroD|ROOT:ArD|F|GEN
w-s005-a017-w028	5:17	5:17	28	5:17:28	جَمِيعًا	جَمِيع	ج م ع	N					STEM|POS:N|LEM:jamiyE|ROOT:jmE|M|INDEF|ACC
w-s005-a017-w029	5:17	5:17	29	5:17:29	وَلِلَّهِ	ٱللَّه	ء ل ه	PN					PREFIX|w:REM+ | PREFIX|l:P+ | STEM|POS:PN|LEM:{ll~ah|ROOT:Alh|GEN
w-s005-a017-w030	5:17	5:17	30	5:17:30	مُلْكُ	مُلْك	م ل ك	N					STEM|POS:N|LEM:mulok|ROOT:mlk|M|NOM
w-s005-a017-w031	5:17	5:17	31	5:17:31	ٱلسَّمَٰوَٰتِ	سَمَآء	س م و	N					PREFIX|Al+ | STEM|POS:N|LEM:samaA^'|ROOT:smw|FP|GEN
w-s005-a017-w032	5:17	5:17	32	5:17:32	وَٱلْأَرْضِ	أَرْض	ء ر ض	N					PREFIX|w:CONJ+ | PREFIX|Al+ | STEM|POS:N|LEM:>aroD|ROOT:ArD|F|GEN
w-s005-a017-w033	5:17	5:17	33	5:17:33	وَمَا	مَا		REL					PREFIX|w:CONJ+ | STEM|POS:REL|LEM:maA
w-s005-a017-w034	5:17	5:17	34	5:17:34	بَيْنَهُمَا	بَيْن	ب ي ن	LOC					STEM|POS:LOC|LEM:bayon|ROOT:byn|ACC | SUFFIX|PRON:3D
w-s005-a017-w035	5:17	5:17	35	5:17:35	يَخْلُقُ	خَلَقَ	خ ل ق	V	IMPF				STEM|POS:V|IMPF|LEM:xalaqa|ROOT:xlq|3MS
w-s005-a017-w036	5:17	5:17	36	5:17:36	مَا	مَا		REL					STEM|POS:REL|LEM:maA
w-s005-a017-w037	5:17	5:17	37	5:17:37	يَشَآءُ	شَآءَ	ش ي ء	V	IMPF				STEM|POS:V|IMPF|LEM:$aA^'a|ROOT:$yA|3MS
w-s005-a017-w038	5:17	5:17	38	5:17:38	وَٱللَّهُ	ٱللَّه	ء ل ه	PN					PREFIX|w:REM+ | STEM|POS:PN|LEM:{ll~ah|ROOT:Alh|NOM
w-s005-a017-w039	5:17	5:17	39	5:17:39	عَلَىٰ	عَلَىٰ		P					STEM|POS:P|LEM:EalaY`
w-s005-a017-w040	5:17	5:17	40	5:17:40	كُلِّ	كُلّ	ك ل ل	N					STEM|POS:N|LEM:kul~|ROOT:kll|M|GEN
w-s005-a017-w041	5:17	5:17	41	5:17:41	شَىْءٍ	شَىْء	ش ي ء	N					STEM|POS:N|LEM:$aYo'|ROOT:$yA|M|INDEF|GEN
w-s005-a017-w042	5:17	5:17	42	5:17:42	قَدِيرٌ	قَدِير	ق د ر	N					STEM|POS:N|LEM:qadiyr|ROOT:qdr|M|INDEF|NOM
w-s005-a018-w001	5:18	5:18	1	5:18:1	وَقَالَتِ	قَالَ	ق و ل	V	PERF				PREFIX|w:CONJ+ | STEM|POS:V|PERF|LEM:qaAla|ROOT:qwl|3FS
w-s005-a018-w002	5:18	5:18	2	5:18:2	ٱلْيَهُودُ	يَهُودِيّ		PN					PREFIX|Al+ | STEM|POS:PN|LEM:yahuwdiy~|MP|NOM
w-s005-a018-w003	5:18	5:18	3	5:18:3	وَٱلنَّصَٰرَىٰ	نَصْرَانِيّ	ن ص ر	PN					PREFIX|w:CONJ+ | PREFIX|Al+ | STEM|POS:PN|LEM:naSoraAniy~|ROOT:nSr|P|NOM
w-s005-a018-w004	5:18	5:18	4	5:18:4	نَحْنُ			PRON					STEM|POS:PRON|1P
w-s005-a018-w005	5:18	5:18	5	5:18:5	أَبْنَٰٓؤُا۟	ٱبْن	ب ن ي	N					STEM|POS:N|LEM:{bon|ROOT:bny|MP|NOM
w-s005-a018-w006	5:18	5:18	6	5:18:6	ٱللَّهِ	ٱللَّه	ء ل ه	PN					STEM|POS:PN|LEM:{ll~ah|ROOT:Alh|GEN
w-s005-a018-w007	5:18	5:18	7	5:18:7	وَأَحِبَّٰٓؤُهُۥ	أَحِبَّٰٓؤ	ح ب ب	N					PREFIX|w:CONJ+ | STEM|POS:N|LEM:>aHib~a`^&|ROOT:Hbb|MP|NOM | SUFFIX|PRON:3MS
w-s005-a018-w008	5:18	5:18	8	5:18:8	قُلْ	قَالَ	ق و ل	V	IMPV				STEM|POS:V|IMPV|LEM:qaAla|ROOT:qwl|2MS
w-s005-a018-w009	5:18	5:18	9	5:18:9	فَلِمَ	مَا		INTG					PREFIX|f:REM+ | PREFIX|l:P+ | STEM|POS:INTG|LEM:maA
w-s005-a018-w010	5:18	5:18	10	5:18:10	يُعَذِّبُكُم	عَذَّبَ	ع ذ ب	V	IMPF			II	STEM|POS:V|IMPF|(II)|LEM:Ea*~aba|ROOT:E*b|3MS | SUFFIX|PRON:2MP
w-s005-a018-w011	5:18	5:18	11	5:18:11	بِذُنُوبِكُم	ذَنب	ذ ن ب	N					PREFIX|bi+ | STEM|POS:N|LEM:*anb|ROOT:*nb|MP|GEN | SUFFIX|PRON:2MP
w-s005-a018-w012	5:18	5:18	12	5:18:12	بَلْ	بَل		INC					STEM|POS:INC|LEM:bal
w-s005-a018-w013	5:18	5:18	13	5:18:13	أَنتُم			PRON					STEM|POS:PRON|2MP
w-s005-a018-w014	5:18	5:18	14	5:18:14	بَشَرٌ	بَشَر	ب ش ر	N					STEM|POS:N|LEM:ba$ar|ROOT:b$r|M|INDEF|NOM
w-s005-a018-w015	5:18	5:18	15	5:18:15	مِّمَّنْ	مِن;مَن		P;REL					STEM|POS:P|LEM:min | STEM|POS:REL|LEM:man
w-s005-a018-w016	5:18	5:18	16	5:18:16	خَلَقَ	خَلَقَ	خ ل ق	V	PERF				STEM|POS:V|PERF|LEM:xalaqa|ROOT:xlq|3MS
w-s005-a018-w017	5:18	5:18	17	5:18:17	يَغْفِرُ	غَفَرَ	غ ف ر	V	IMPF				STEM|POS:V|IMPF|LEM:gafara|ROOT:gfr|3MS
w-s005-a018-w018	5:18	5:18	18	5:18:18	لِمَن	مَن		REL					PREFIX|l:P+ | STEM|POS:REL|LEM:man
w-s005-a018-w019	5:18	5:18	19	5:18:19	يَشَآءُ	شَآءَ	ش ي ء	V	IMPF				STEM|POS:V|IMPF|LEM:$aA^'a|ROOT:$yA|3MS
w-s005-a018-w020	5:18	5:18	20	5:18:20	وَيُعَذِّبُ	عَذَّبَ	ع ذ ب	V	IMPF			II	PREFIX|w:CONJ+ | STEM|POS:V|IMPF|(II)|LEM:Ea*~aba|ROOT:E*b|3MS
w-s005-a018-w021	5:18	5:18	21	5:18:21	مَن	مَن		REL					STEM|POS:REL|LEM:man
w-s005-a018-w022	5:18	5:18	22	5:18:22	يَشَآءُ	شَآءَ	ش ي ء	V	IMPF				STEM|POS:V|IMPF|LEM:$aA^'a|ROOT:$yA|3MS
w-s005-a018-w023	5:18	5:18	23	5:18:23	وَلِلَّهِ	ٱللَّه	ء ل ه	PN					PREFIX|w:REM+ | PREFIX|l:P+ | STEM|POS:PN|LEM:{ll~ah|ROOT:Alh|GEN
w-s005-a018-w024	5:18	5:18	24	5:18:24	مُلْكُ	مُلْك	م ل ك	N					STEM|POS:N|LEM:mulok|ROOT:mlk|M|NOM
w-s005-a018-w025	5:18	5:18	25	5:18:25	ٱلسَّمَٰوَٰتِ	سَمَآء	س م و	N					PREFIX|Al+ | STEM|POS:N|LEM:samaA^'|ROOT:smw|FP|GEN
w-s005-a018-w026	5:18	5:18	26	5:18:26	وَٱلْأَرْضِ	أَرْض	ء ر ض	N					PREFIX|w:CONJ+ | PREFIX|Al+ | STEM|POS:N|LEM:>aroD|ROOT:ArD|F|GEN
w-s005-a018-w027	5:18	5:18	27	5:18:27	وَمَا	مَا		REL					PREFIX|w:CONJ+ | STEM|POS:REL|LEM:maA
w-s005-a018-w028	5:18	5:18	28	5:18:28	بَيْنَهُمَا	بَيْن	ب ي ن	LOC					STEM|POS:LOC|LEM:bayon|ROOT:byn|ACC | SUFFIX|PRON:3D
w-s005-a018-w029	5:18	5:18	29	5:18:29	وَإِلَيْهِ	إِلَىٰ		P					PREFIX|w:CONJ+ | STEM|POS:P|LEM:<ilaY` | SUFFIX|PRON:3MS
w-s005-a018-w030	5:18	5:18	30	5:18:30	ٱلْمَصِيرُ	مَصِير	ص ي ر	N					PREFIX|Al+ | STEM|POS:N|LEM:maSiyr|ROOT:Syr|NOM
w-s005-a019-w001	5:19	5:19	1	5:19:1	يَٰٓأَهْلَ	أَهْل	ء ه ل	N					PREFIX|ya+ | STEM|POS:N|LEM:>ahol|ROOT:Ahl|M|ACC
w-s005-a019-w002	5:19	5:19	2	5:19:2	ٱلْكِتَٰبِ	كِتَٰب	ك ت ب	N					PREFIX|Al+ | STEM|POS:N|LEM:kita`b|ROOT:ktb|M|GEN
w-s005-a019-w003	5:19	5:19	3	5:19:3	قَدْ	قَد		CERT					STEM|POS:CERT|LEM:qad
w-s005-a019-w004	5:19	5:19	4	5:19:4	جَآءَكُمْ	جَآءَ	ج ي ء	V	PERF				STEM|POS:V|PERF|LEM:jaA^'a|ROOT:jyA|3MS | SUFFIX|PRON:2MP
w-s005-a019-w005	5:19	5:19	5	5:19:5	رَسُولُنَا	رَسُول	ر س ل	N					STEM|POS:N|LEM:rasuwl|ROOT:rsl|M|NOM | SUFFIX|PRON:1P
w-s005-a019-w006	5:19	5:19	6	5:19:6	يُبَيِّنُ	بَيَّنُ	ب ي ن	V	IMPF			II	STEM|POS:V|IMPF|(II)|LEM:bay~anu|ROOT:byn|3MS
w-s005-a019-w007	5:19	5:19	7	5:19:7	لَكُمْ			PRON					PREFIX|l:P+ | STEM|POS:PRON|2MP
w-s005-a019-w008	5:19	5:19	8	5:19:8	عَلَىٰ	عَلَىٰ		P					STEM|POS:P|LEM:EalaY`
w-s005-a019-w009	5:19	5:19	9	5:19:9	فَتْرَةٍ	فَتْرَة	ف ت ر	N					STEM|POS:N|LEM:fatorap|ROOT:ftr|F|INDEF|GEN
w-s005-a019-w010	5:19	5:19	10	5:19:10	مِّنَ	مِن		P					STEM|POS:P|LEM:min
w-s005-a019-w011	5:19	5:19	11	5:19:11	ٱلرُّسُلِ	رَسُول	ر س ل	N					PREFIX|Al+ | STEM|POS:N|LEM:rasuwl|ROOT:rsl|MP|GEN
w-s005-a019-w012	5:19	5:19	12	5:19:12	أَن	أَن		SUB					STEM|POS:SUB|LEM:>an
w-s005-a019-w013	5:19	5:19	13	5:19:13	تَقُولُوا۟	قَالَ	ق و ل	V	IMPF	SUBJ			STEM|POS:V|IMPF|LEM:qaAla|ROOT:qwl|2MP|MOOD:SUBJ | SUFFIX|PRON:2MP
w-s005-a019-w014	5:19	5:19	14	5:19:14	مَا	مَا		NEG					STEM|POS:NEG|LEM:maA
w-s005-a019-w015	5:19	5:19	15	5:19:15	جَآءَنَا	جَآءَ	ج ي ء	V	PERF				STEM|POS:V|PERF|LEM:jaA^'a|ROOT:jyA|3MS | SUFFIX|PRON:1P
w-s005-a019-w016	5:19	5:19	16	5:19:16	مِنۢ	مِن		P					STEM|POS:P|LEM:min
w-s005-a019-w017	5:19	5:19	17	5:19:17	بَشِيرٍ	بَشِير	ب ش ر	N					STEM|POS:N|LEM:ba$iyr|ROOT:b$r|MS|INDEF|GEN
w-s005-a019-w018	5:19	5:19	18	5:19:18	وَلَا	لَا		NEG					PREFIX|w:CONJ+ | STEM|POS:NEG|LEM:laA
w-s005-a019-w019	5:19	5:19	19	5:19:19	نَذِيرٍ	نَذِير	ن ذ ر	N					STEM|POS:N|LEM:na*iyr|ROOT:n*r|M|INDEF|GEN
w-s005-a019-w020	5:19	5:19	20	5:19:20	فَقَدْ	قَد		CERT					PREFIX|f:REM+ | STEM|POS:CERT|LEM:qad
w-s005-a019-w021	5:19	5:19	21	5:19:21	جَآءَكُم	جَآءَ	ج ي ء	V	PERF				STEM|POS:V|PERF|LEM:jaA^'a|ROOT:jyA|3MS | SUFFIX|PRON:2MP
w-s005-a019-w022	5:19	5:19	22	5:19:22	بَشِيرٌ	بَشِير	ب ش ر	N					STEM|POS:N|LEM:ba$iyr|ROOT:b$r|MS|INDEF|NOM
w-s005-a019-w023	5:19	5:19	23	5:19:23	وَنَذِيرٌ	نَذِير	ن ذ ر	N					PREFIX|w:CONJ+ | STEM|POS:N|LEM:na*iyr|ROOT:n*r|M|INDEF|NOM
w-s005-a019-w024	5:19	5:19	24	5:19:24	وَٱللَّهُ	ٱللَّه	ء ل ه	PN					PREFIX|w:REM+ | STEM|POS:PN|LEM:{ll~ah|ROOT:Alh|NOM
w-s005-a019-w025	5:19	5:19	25	5:19:25	عَلَىٰ	عَلَىٰ		P					STEM|POS:P|LEM:EalaY`
w-s005-a019-w026	5:19	5:19	26	5:19:26	كُلِّ	كُلّ	ك ل ل	N					STEM|POS:N|LEM:kul~|ROOT:kll|M|GEN
w-s005-a019-w027	5:19	5:19	27	5:19:27	شَىْءٍ	شَىْء	ش ي ء	N					STEM|POS:N|LEM:$aYo'|ROOT:$yA|M|INDEF|GEN
w-s005-a019-w028	5:19	5:19	28	5:19:28	قَدِيرٌ	قَدِير	ق د ر	N					STEM|POS:N|LEM:qadiyr|ROOT:qdr|M|INDEF|NOM
w-s005-a020-w001	5:20	5:20	1	5:20:1	وَإِذْ	إِذ		T					PREFIX|w:REM+ | STEM|POS:T|LEM:<i*
w-s005-a020-w002	5:20	5:20	2	5:20:2	قَالَ	قَالَ	ق و ل	V	PERF				STEM|POS:V|PERF|LEM:qaAla|ROOT:qwl|3MS
w-s005-a020-w003	5:20	5:20	3	5:20:3	مُوسَىٰ	مُوسَىٰ		PN					STEM|POS:PN|LEM:muwsaY`|M|NOM
w-s005-a020-w004	5:20	5:20	4	5:20:4	لِقَوْمِهِۦ	قَوْم	ق و م	N					PREFIX|l:P+ | STEM|POS:N|LEM:qawom|ROOT:qwm|M|GEN | SUFFIX|PRON:3MS
w-s005-a020-w005	5:20	5:20	5	5:20:5	يَٰقَوْمِ	قَوْم	ق و م	N					PREFIX|ya+ | STEM|POS:N|LEM:qawom|ROOT:qwm|M|ACC | SUFFIX|PRON:1S
w-s005-a020-w006	5:20	5:20	6	5:20:6	ٱذْكُرُوا۟	ذَكَرَ	ذ ك ر	V	IMPV				STEM|POS:V|IMPV|LEM:*akara|ROOT:*kr|2MP | SUFFIX|PRON:2MP
w-s005-a020-w007	5:20	5:20	7	5:20:7	نِعْمَةَ	نِعْمَة	ن ع م	N					STEM|POS:N|LEM:niEomap|ROOT:nEm|F|ACC
w-s005-a020-w008	5:20	5:20	8	5:20:8	ٱللَّهِ	ٱللَّه	ء ل ه	PN					STEM|POS:PN|LEM:{ll~ah|ROOT:Alh|GEN
w-s005-a020-w009	5:20	5:20	9	5:20:9	عَلَيْكُمْ	عَلَىٰ		P					STEM|POS:P|LEM:EalaY` | SUFFIX|PRON:2MP
w-s005-a020-w010	5:20	5:20	10	5:20:10	إِذْ	إِذ		T					STEM|POS:T|LEM:<i*
w-s005-a020-w011	5:20	5:20	11	5:20:11	جَعَلَ	جَعَلَ	ج ع ل	V	PERF				STEM|POS:V|PERF|LEM:jaEala|ROOT:jEl|3MS
w-s005-a020-w012	5:20	5:20	12	5:20:12	فِيكُمْ	فِى		P					STEM|POS:P|LEM:fiY | SUFFIX|PRON:2MP
w-s005-a020-w013	5:20	5:20	13	5:20:13	أَنۢبِيَآءَ	نَّبِىّ	ن ب ء	N					STEM|POS:N|LEM:n~abiY~|ROOT:nbA|MP|ACC
w-s005-a020-w014	5:20	5:20	14	5:20:14	وَجَعَلَكُم	جَعَلَ	ج ع ل	V	PERF				PREFIX|w:CONJ+ | STEM|POS:V|PERF|LEM:jaEala|ROOT:jEl|3MS | SUFFIX|PRON:2MP
w-s005-a020-w015	5:20	5:20	15	5:20:15	مُّلُوكًا	مَلِك	م ل ك	N					STEM|POS:N|LEM:malik|ROOT:mlk|MP|INDEF|ACC
w-s005-a020-w016	5:20	5:20	16	5:20:16	وَءَاتَىٰكُم	آتَى	ء ت ي	V	PERF			IV	PREFIX|w:CONJ+ | STEM|POS:V|PERF|(IV)|LEM:A^taY|ROOT:Aty|3MS | SUFFIX|PRON:2MP
w-s005-a020-w017	5:20	5:20	17	5:20:17	مَّا	مَا		REL					STEM|POS:REL|LEM:maA
w-s005-a020-w018	5:20	5:20	18	5:20:18	لَمْ	لَم		NEG					STEM|POS:NEG|LEM:lam
w-s005-a020-w019	5:20	5:20	19	5:20:19	يُؤْتِ	آتَى	ء ت ي	V	IMPF	JUS		IV	STEM|POS:V|IMPF|(IV)|LEM:A^taY|ROOT:Aty|3MS|MOOD:JUS
w-s005-a020-w020	5:20	5:20	20	5:20:20	أَحَدًا	أَحَد	ء ح د	N					STEM|POS:N|LEM:>aHad|ROOT:AHd|M|INDEF|ACC
w-s005-a020-w021	5:20	5:20	21	5:20:21	مِّنَ	مِن		P					STEM|POS:P|LEM:min
w-s005-a020-w022	5:20	5:20	22	5:20:22	ٱلْعَٰلَمِينَ	عَٰلَمِين	ع ل م	N					PREFIX|Al+ | STEM|POS:N|LEM:Ea`lamiyn|ROOT:Elm|MP|GEN
w-s005-a021-w001	5:21	5:21	1	5:21:1	يَٰقَوْمِ	قَوْم	ق و م	N					PREFIX|ya+ | STEM|POS:N|LEM:qawom|ROOT:qwm|M|ACC | SUFFIX|PRON:1S
w-s005-a021-w002	5:21	5:21	2	5:21:2	ٱدْخُلُوا۟	دَخَلَ	د خ ل	V	IMPV				STEM|POS:V|IMPV|LEM:daxala|ROOT:dxl|2MP | SUFFIX|PRON:2MP
w-s005-a021-w003	5:21	5:21	3	5:21:3	ٱلْأَرْضَ	أَرْض	ء ر ض	N					PREFIX|Al+ | STEM|POS:N|LEM:>aroD|ROOT:ArD|F|ACC
w-s005-a021-w004	5:21	5:21	4	5:21:4	ٱلْمُقَدَّسَةَ	مُقَدَّسَة	ق د س	ADJ			PASS	II	PREFIX|Al+ | STEM|POS:ADJ|PASS|PCPL|(II)|LEM:muqad~asap|ROOT:qds|F|ACC
w-s005-a021-w005	5:21	5:21	5	5:21:5	ٱلَّتِى	ٱلَّذِى		REL					STEM|POS:REL|LEM:{l~a*iY|FS
w-s005-a021-w006	5:21	5:21	6	5:21:6	كَتَبَ	كَتَبَ	ك ت ب	V	PERF				STEM|POS:V|PERF|LEM:kataba|ROOT:ktb|3MS
w-s005-a021-w007	5:21	5:21	7	5:21:7	ٱللَّهُ	ٱللَّه	ء ل ه	PN					STEM|POS:PN|LEM:{ll~ah|ROOT:Alh|NOM
w-s005-a021-w008	5:21	5:21	8	5:21:8	لَكُمْ			PRON					PREFIX|l:P+ | STEM|POS:PRON|2MP
w-s005-a021-w009	5:21	5:21	9	5:21:9	وَلَا	لَا		PRO					PREFIX|w:REM+ | STEM|POS:PRO|LEM:laA
w-s005-a021-w010	5:21	5:21	10	5:21:10	تَرْتَدُّوا۟	ٱرْتَدَّ	ر د د	V	IMPF	JUS		VIII	STEM|POS:V|IMPF|(VIII)|LEM:{rotad~a|ROOT:rdd|2MP|MOOD:JUS | SUFFIX|PRON:2MP
w-s005-a021-w011	5:21	5:21	11	5:21:11	عَلَىٰٓ	عَلَىٰ		P					STEM|POS:P|LEM:EalaY`
w-s005-a021-w012	5:21	5:21	12	5:21:12	أَدْبَارِكُمْ	دُبُر	د ب ر	N					STEM|POS:N|LEM:dubur|ROOT:dbr|MP|GEN | SUFFIX|PRON:2MP
w-s005-a021-w013	5:21	5:21	13	5:21:13	فَتَنقَلِبُوا۟	ٱنقَلَبَ	ق ل ب	V	IMPF	SUBJ		VII	PREFIX|f:CAUS+ | STEM|POS:V|IMPF|(VII)|LEM:{nqalaba|ROOT:qlb|2MP|MOOD:SUBJ | SUFFIX|PRON:2MP
w-s005-a021-w014	5:21	5:21	14	5:21:14	خَٰسِرِينَ	خَٰسِرِين	خ س ر	N			ACT		STEM|POS:N|ACT|PCPL|LEM:xa`siriyn|ROOT:xsr|MP|ACC
w-s005-a022-w001	5:22	5:22	1	5:22:1	قَالُوا۟	قَالَ	ق و ل	V	PERF				STEM|POS:V|PERF|LEM:qaAla|ROOT:qwl|3MP | SUFFIX|PRON:3MP
w-s005-a022-w002	5:22	5:22	2	5:22:2	يَٰمُوسَىٰٓ	مُوسَىٰ		PN					PREFIX|ya+ | STEM|POS:PN|LEM:muwsaY`|M|ACC
w-s005-a022-w003	5:22	5:22	3	5:22:3	إِنَّ	إِنّ		ACC					STEM|POS:ACC|LEM:<in~|SP:<in~
w-s005-a022-w004	5:22	5:22	4	5:22:4	فِيهَا	فِى		P					STEM|POS:P|LEM:fiY | SUFFIX|PRON:3FS
w-s005-a022-w005	5:22	5:22	5	5:22:5	قَوْمًا	قَوْم	ق و م	N					STEM|POS:N|LEM:qawom|ROOT:qwm|M|INDEF|ACC
w-s005-a022-w006	5:22	5:22	6	5:22:6	جَبَّارِينَ	جَبَّار	ج ب ر	ADJ					STEM|POS:ADJ|LEM:jab~aAr|ROOT:jbr|MP|ACC
w-s005-a022-w007	5:22	5:22	7	5:22:7	وَإِنَّا	إِنّ		ACC					PREFIX|w:CONJ+ | STEM|POS:ACC|LEM:<in~|SP:<in~ | SUFFIX|PRON:1P
w-s005-a022-w008	5:22	5:22	8	5:22:8	لَن	لَن		NEG					STEM|POS:NEG|LEM:lan
w-s005-a022-w009	5:22	5:22	9	5:22:9	نَّدْخُلَهَا	دَخَلَ	د خ ل	V	IMPF	SUBJ			STEM|POS:V|IMPF|LEM:daxala|ROOT:dxl|1P|MOOD:SUBJ | SUFFIX|PRON:3FS
w-s005-a022-w010	5:22	5:22	10	5:22:10	حَتَّىٰ	حَتَّىٰ		P					STEM|POS:P|LEM:Hat~aY`
w-s005-a022-w011	5:22	5:22	11	5:22:11	يَخْرُجُوا۟	خَرَجَ	خ ر ج	V	IMPF	SUBJ			STEM|POS:V|IMPF|LEM:xaraja|ROOT:xrj|3MP|MOOD:SUBJ | SUFFIX|PRON:3MP
w-s005-a022-w012	5:22	5:22	12	5:22:12	مِنْهَا	مِن		P					STEM|POS:P|LEM:min | SUFFIX|PRON:3FS
w-s005-a022-w013	5:22	5:22	13	5:22:13	فَإِن	إِن		COND					PREFIX|f:REM+ | STEM|POS:COND|LEM:<in
w-s005-a022-w014	5:22	5:22	14	5:22:14	يَخْرُجُوا۟	خَرَجَ	خ ر ج	V	IMPF	JUS			STEM|POS:V|IMPF|LEM:xaraja|ROOT:xrj|3MP|MOOD:JUS | SUFFIX|PRON:3MP
w-s005-a022-w015	5:22	5:22	15	5:22:15	مِنْهَا	مِن		P					STEM|POS:P|LEM:min | SUFFIX|PRON:3FS
w-s005-a022-w016	5:22	5:22	16	5:22:16	فَإِنَّا	إِنّ		ACC					PREFIX|f:RSLT+ | STEM|POS:ACC|LEM:<in~|SP:<in~ | SUFFIX|PRON:1P
w-s005-a022-w017	5:22	5:22	17	5:22:17	دَٰخِلُونَ	دَٰخِلُون	د خ ل	N			ACT		STEM|POS:N|ACT|PCPL|LEM:da`xiluwn|ROOT:dxl|MP|NOM
w-s005-a023-w001	5:23	5:23	1	5:23:1	قَالَ	قَالَ	ق و ل	V	PERF				STEM|POS:V|PERF|LEM:qaAla|ROOT:qwl|3MS
w-s005-a023-w002	5:23	5:23	2	5:23:2	رَجُلَانِ	رَجُل	ر ج ل	N					STEM|POS:N|LEM:rajul|ROOT:rjl|MD|NOM
w-s005-a023-w003	5:23	5:23	3	5:23:3	مِنَ	مِن		P					STEM|POS:P|LEM:min
w-s005-a023-w004	5:23	5:23	4	5:23:4	ٱلَّذِينَ	ٱلَّذِى		REL					STEM|POS:REL|LEM:{l~a*iY|MP
w-s005-a023-w005	5:23	5:23	5	5:23:5	يَخَافُونَ	خَافَ	خ و ف	V	IMPF				STEM|POS:V|IMPF|LEM:xaAfa|ROOT:xwf|3MP | SUFFIX|PRON:3MP
w-s005-a023-w006	5:23	5:23	6	5:23:6	أَنْعَمَ	أَنْعَمَ	ن ع م	V	PERF			IV	STEM|POS:V|PERF|(IV)|LEM:>anoEama|ROOT:nEm|3MS
w-s005-a023-w007	5:23	5:23	7	5:23:7	ٱللَّهُ	ٱللَّه	ء ل ه	PN					STEM|POS:PN|LEM:{ll~ah|ROOT:Alh|NOM
w-s005-a023-w008	5:23	5:23	8	5:23:8	عَلَيْهِمَا	عَلَىٰ		P					STEM|POS:P|LEM:EalaY` | SUFFIX|PRON:3D
w-s005-a023-w009	5:23	5:23	9	5:23:9	ٱدْخُلُوا۟	دَخَلَ	د خ ل	V	IMPV				STEM|POS:V|IMPV|LEM:daxala|ROOT:dxl|2MP | SUFFIX|PRON:2MP
w-s005-a023-w010	5:23	5:23	10	5:23:10	عَلَيْهِمُ	عَلَىٰ		P					STEM|POS:P|LEM:EalaY` | SUFFIX|PRON:3MP
w-s005-a023-w011	5:23	5:23	11	5:23:11	ٱلْبَابَ	بَاب	ب و ب	N					PREFIX|Al+ | STEM|POS:N|LEM:baAb|ROOT:bwb|M|ACC
w-s005-a023-w012	5:23	5:23	12	5:23:12	فَإِذَا	إِذَا		T					PREFIX|f:REM+ | STEM|POS:T|LEM:<i*aA
w-s005-a023-w013	5:23	5:23	13	5:23:13	دَخَلْتُمُوهُ	دَخَلَ	د خ ل	V	PERF				STEM|POS:V|PERF|LEM:daxala|ROOT:dxl|2MP | SUFFIX|PRON:2MP | SUFFIX|PRON:3MS
w-s005-a023-w014	5:23	5:23	14	5:23:14	فَإِنَّكُمْ	إِنّ		ACC					PREFIX|f:RSLT+ | STEM|POS:ACC|LEM:<in~|SP:<in~ | SUFFIX|PRON:2MP
w-s005-a023-w015	5:23	5:23	15	5:23:15	غَٰلِبُونَ	غَالِب	غ ل ب	N			ACT		STEM|POS:N|ACT|PCPL|LEM:gaAlib|ROOT:glb|MP|NOM
w-s005-a023-w016	5:23	5:23	16	5:23:16	وَعَلَى	عَلَىٰ		P					PREFIX|w:REM+ | STEM|POS:P|LEM:EalaY`
w-s005-a023-w017	5:23	5:23	17	5:23:17	ٱللَّهِ	ٱللَّه	ء ل ه	PN					STEM|POS:PN|LEM:{ll~ah|ROOT:Alh|GEN
w-s005-a023-w018	5:23	5:23	18	5:23:18	فَتَوَكَّلُوٓا۟	تَوَكَّلْ	و ك ل	V	IMPV			V	PREFIX|f:SUP+ | STEM|POS:V|IMPV|(V)|LEM:tawak~alo|ROOT:wkl|2MP | SUFFIX|PRON:2MP
w-s005-a023-w019	5:23	5:23	19	5:23:19	إِن	إِن		COND					STEM|POS:COND|LEM:<in
w-s005-a023-w020	5:23	5:23	20	5:23:20	كُنتُم	كَانَ	ك و ن	V	PERF				STEM|POS:V|PERF|LEM:kaAna|ROOT:kwn|SP:kaAn|2MP | SUFFIX|PRON:2MP
w-s005-a023-w021	5:23	5:23	21	5:23:21	مُّؤْمِنِينَ	مُؤْمِن	ء م ن	N			ACT	IV	STEM|POS:N|ACT|PCPL|(IV)|LEM:mu&omin|ROOT:Amn|MP|ACC
w-s005-a024-w001	5:24	5:24	1	5:24:1	قَالُوا۟	قَالَ	ق و ل	V	PERF				STEM|POS:V|PERF|LEM:qaAla|ROOT:qwl|3MP | SUFFIX|PRON:3MP
w-s005-a024-w002	5:24	5:24	2	5:24:2	يَٰمُوسَىٰٓ	مُوسَىٰ		PN					PREFIX|ya+ | STEM|POS:PN|LEM:muwsaY`|M|ACC
w-s005-a024-w003	5:24	5:24	3	5:24:3	إِنَّا	إِنّ		ACC					STEM|POS:ACC|LEM:<in~|SP:<in~ | SUFFIX|PRON:1P
w-s005-a024-w004	5:24	5:24	4	5:24:4	لَن	لَن		NEG					STEM|POS:NEG|LEM:lan
w-s005-a024-w005	5:24	5:24	5	5:24:5	نَّدْخُلَهَآ	دَخَلَ	د خ ل	V	IMPF	SUBJ			STEM|POS:V|IMPF|LEM:daxala|ROOT:dxl|1P|MOOD:SUBJ | SUFFIX|PRON:3FS
w-s005-a024-w006	5:24	5:24	6	5:24:6	أَبَدًا	أَبَدًا	ء ب د	T					STEM|POS:T|LEM:>abadFA|ROOT:Abd|M|INDEF|ACC
w-s005-a024-w007	5:24	5:24	7	5:24:7	مَّا	مَا		SUB					STEM|POS:SUB|LEM:maA
w-s005-a024-w008	5:24	5:24	8	5:24:8	دَامُوا۟	دَامُ	د و م	V	PERF				STEM|POS:V|PERF|LEM:daAmu|ROOT:dwm|SP:kaAn|3MP | SUFFIX|PRON:3MP
w-s005-a024-w009	5:24	5:24	9	5:24:9	فِيهَا	فِى		P					STEM|POS:P|LEM:fiY | SUFFIX|PRON:3FS
w-s005-a024-w010	5:24	5:24	10	5:24:10	فَٱذْهَبْ	ذَهَبَ	ذ ه ب	V	IMPV				PREFIX|f:REM+ | STEM|POS:V|IMPV|LEM:*ahaba|ROOT:*hb|2MS
w-s005-a024-w011	5:24	5:24	11	5:24:11	أَنتَ			PRON					STEM|POS:PRON|2MS
w-s005-a024-w012	5:24	5:24	12	5:24:12	وَرَبُّكَ	رَبّ	ر ب ب	N					PREFIX|w:CONJ+ | STEM|POS:N|LEM:rab~|ROOT:rbb|M|NOM | SUFFIX|PRON:2MS
w-s005-a024-w013	5:24	5:24	13	5:24:13	فَقَٰتِلَآ	قَٰتَلَ	ق ت ل	V	IMPV			III	PREFIX|f:CONJ+ | STEM|POS:V|IMPV|(III)|LEM:qa`tala|ROOT:qtl|2MD | SUFFIX|PRON:2MD
w-s005-a024-w014	5:24	5:24	14	5:24:14	إِنَّا	إِنّ		ACC					STEM|POS:ACC|LEM:<in~|SP:<in~ | SUFFIX|PRON:1P
w-s005-a024-w015	5:24	5:24	15	5:24:15	هَٰهُنَا	هُنَا		DEM					PREFIX|ha+ | STEM|POS:DEM|LEM:hunaA
w-s005-a024-w016	5:24	5:24	16	5:24:16	قَٰعِدُونَ	قَاعِد	ق ع د	N			ACT		STEM|POS:N|ACT|PCPL|LEM:qaAEid|ROOT:qEd|MP|NOM
w-s005-a025-w001	5:25	5:25	1	5:25:1	قَالَ	قَالَ	ق و ل	V	PERF				STEM|POS:V|PERF|LEM:qaAla|ROOT:qwl|3MS
w-s005-a025-w002	5:25	5:25	2	5:25:2	رَبِّ	رَبّ	ر ب ب	N					STEM|POS:N|LEM:rab~|ROOT:rbb|M|ACC | SUFFIX|PRON:1S
w-s005-a025-w003	5:25	5:25	3	5:25:3	إِنِّى	إِنّ		ACC					STEM|POS:ACC|LEM:<in~|SP:<in~ | SUFFIX|PRON:1S
w-s005-a025-w004	5:25	5:25	4	5:25:4	لَآ	لَا		NEG					STEM|POS:NEG|LEM:laA
w-s005-a025-w005	5:25	5:25	5	5:25:5	أَمْلِكُ	مَلَكَتْ	م ل ك	V	IMPF				STEM|POS:V|IMPF|LEM:malakato|ROOT:mlk|1S
w-s005-a025-w006	5:25	5:25	6	5:25:6	إِلَّا	إِلَّا		EXP					STEM|POS:EXP|LEM:<il~aA
w-s005-a025-w007	5:25	5:25	7	5:25:7	نَفْسِى	نَفْس	ن ف س	N					STEM|POS:N|LEM:nafos|ROOT:nfs|FS|ACC | SUFFIX|PRON:1S
w-s005-a025-w008	5:25	5:25	8	5:25:8	وَأَخِى	أَخ	ء خ و	N					PREFIX|w:CONJ+ | STEM|POS:N|LEM:>ax|ROOT:Axw|MS|ACC | SUFFIX|PRON:1S
w-s005-a025-w009	5:25	5:25	9	5:25:9	فَٱفْرُقْ	فَرَقْ	ف ر ق	V	IMPV				PREFIX|f:SUP+ | STEM|POS:V|IMPV|LEM:faraqo|ROOT:frq|2MS
w-s005-a025-w010	5:25	5:25	10	5:25:10	بَيْنَنَا	بَيْن	ب ي ن	LOC					STEM|POS:LOC|LEM:bayon|ROOT:byn|ACC | SUFFIX|PRON:1P
w-s005-a025-w011	5:25	5:25	11	5:25:11	وَبَيْنَ	بَيْن	ب ي ن	LOC					PREFIX|w:CONJ+ | STEM|POS:LOC|LEM:bayon|ROOT:byn|ACC
w-s005-a025-w012	5:25	5:25	12	5:25:12	ٱلْقَوْمِ	قَوْم	ق و م	N					PREFIX|Al+ | STEM|POS:N|LEM:qawom|ROOT:qwm|M|GEN
w-s005-a025-w013	5:25	5:25	13	5:25:13	ٱلْفَٰسِقِينَ	فَاسِق	ف س ق	ADJ			ACT		PREFIX|Al+ | STEM|POS:ADJ|ACT|PCPL|LEM:faAsiq|ROOT:fsq|MP|GEN
w-s005-a026-w001	5:26	5:26	1	5:26:1	قَالَ	قَالَ	ق و ل	V	PERF				STEM|POS:V|PERF|LEM:qaAla|ROOT:qwl|3MS
w-s005-a026-w002	5:26	5:26	2	5:26:2	فَإِنَّهَا	إِنّ		ACC					PREFIX|f:SUP+ | STEM|POS:ACC|LEM:<in~|SP:<in~ | SUFFIX|PRON:3FS
w-s005-a026-w003	5:26	5:26	3	5:26:3	مُحَرَّمَةٌ	مُحَرَّمَة	ح ر م	N			PASS	II	STEM|POS:N|PASS|PCPL|(II)|LEM:muHar~amap|ROOT:Hrm|F|INDEF|NOM
w-s005-a026-w004	5:26	5:26	4	5:26:4	عَلَيْهِمْ	عَلَىٰ		P					STEM|POS:P|LEM:EalaY` | SUFFIX|PRON:3MP
w-s005-a026-w005	5:26	5:26	5	5:26:5	أَرْبَعِينَ	أَرْبَع	ر ب ع	T					STEM|POS:T|LEM:>arobaE|ROOT:rbE|MP|ACC
w-s005-a026-w006	5:26	5:26	6	5:26:6	سَنَةً	سَنَة	س ن و	N					STEM|POS:N|LEM:sanap|ROOT:snw|F|INDEF|ACC
w-s005-a026-w007	5:26	5:26	7	5:26:7	يَتِيهُونَ	يَتِيهُ	ت ي ه	V	IMPF				STEM|POS:V|IMPF|LEM:yatiyhu|ROOT:tyh|3MP | SUFFIX|PRON:3MP
w-s005-a026-w008	5:26	5:26	8	5:26:8	فِى	فِى		P					STEM|POS:P|LEM:fiY
w-s005-a026-w009	5:26	5:26	9	5:26:9	ٱلْأَرْضِ	أَرْض	ء ر ض	N					PREFIX|Al+ | STEM|POS:N|LEM:>aroD|ROOT:ArD|F|GEN
w-s005-a026-w010	5:26	5:26	10	5:26:10	فَلَا	لَا		NEG					PREFIX|f:SUP+ | STEM|POS:NEG|LEM:laA
w-s005-a026-w011	5:26	5:26	11	5:26:11	تَأْسَ	تَأْسَ	ء س و	V	IMPF	JUS			STEM|POS:V|IMPF|LEM:ta>osa|ROOT:Asw|2MS|MOOD:JUS
w-s005-a026-w012	5:26	5:26	12	5:26:12	عَلَى	عَلَىٰ		P					STEM|POS:P|LEM:EalaY`
w-s005-a026-w013	5:26	5:26	13	5:26:13	ٱلْقَوْمِ	قَوْم	ق و م	N					PREFIX|Al+ | STEM|POS:N|LEM:qawom|ROOT:qwm|M|GEN
w-s005-a026-w014	5:26	5:26	14	5:26:14	ٱلْفَٰسِقِينَ	فَاسِق	ف س ق	ADJ			ACT		PREFIX|Al+ | STEM|POS:ADJ|ACT|PCPL|LEM:faAsiq|ROOT:fsq|MP|GEN
w-s005-a027-w001	5:27	5:27	1	5:27:1	وَٱتْلُ	تَلَىٰ	ت ل و	V	IMPV				PREFIX|w:CONJ+ | STEM|POS:V|IMPV|LEM:talaY`|ROOT:tlw|2MS
w-s005-a027-w002	5:27	5:27	2	5:27:2	عَلَيْهِمْ	عَلَىٰ		P					STEM|POS:P|LEM:EalaY` | SUFFIX|PRON:3MP
w-s005-a027-w003	5:27	5:27	3	5:27:3	نَبَأَ	نَبَأ	ن ب ء	N					STEM|POS:N|LEM:naba>|ROOT:nbA|M|ACC
w-s005-a027-w004	5:27	5:27	4	5:27:4	ٱبْنَىْ	ٱبْن	ب ن ي	N					STEM|POS:N|LEM:{bon|ROOT:bny|MD|GEN
w-s005-a027-w005	5:27	5:27	5	5:27:5	ءَادَمَ	آدَم		PN					STEM|POS:PN|LEM:A^dam|M|GEN
w-s005-a027-w006	5:27	5:27	6	5:27:6	بِٱلْحَقِّ	حَقّ	ح ق ق	N					PREFIX|bi+ | PREFIX|Al+ | STEM|POS:N|LEM:Haq~|ROOT:Hqq|M|GEN
w-s005-a027-w007	5:27	5:27	7	5:27:7	إِذْ	إِذ		T					STEM|POS:T|LEM:<i*
w-s005-a027-w008	5:27	5:27	8	5:27:8	قَرَّبَا	قَرَّبَ	ق ر ب	V	PERF			II	STEM|POS:V|PERF|(II)|LEM:qar~aba|ROOT:qrb|3MD | SUFFIX|PRON:3MD
w-s005-a027-w009	5:27	5:27	9	5:27:9	قُرْبَانًا	قُرْبَان	ق ر ب	N					STEM|POS:N|LEM:qurobaAn|ROOT:qrb|M|INDEF|ACC
w-s005-a027-w010	5:27	5:27	10	5:27:10	فَتُقُبِّلَ	تَقَبَّلَ	ق ب ل	V	PERF		PASS	V	PREFIX|f:CONJ+ | STEM|POS:V|PERF|PASS|(V)|LEM:taqab~ala|ROOT:qbl|3MS
w-s005-a027-w011	5:27	5:27	11	5:27:11	مِنْ	مِن		P					STEM|POS:P|LEM:min
w-s005-a027-w012	5:27	5:27	12	5:27:12	أَحَدِهِمَا	أَحَد	ء ح د	N					STEM|POS:N|LEM:>aHad|ROOT:AHd|M|GEN | SUFFIX|PRON:3MD
w-s005-a027-w013	5:27	5:27	13	5:27:13	وَلَمْ	لَم		NEG					PREFIX|w:CONJ+ | STEM|POS:NEG|LEM:lam
w-s005-a027-w014	5:27	5:27	14	5:27:14	يُتَقَبَّلْ	تَقَبَّلَ	ق ب ل	V	IMPF	JUS	PASS	V	STEM|POS:V|IMPF|PASS|(V)|LEM:taqab~ala|ROOT:qbl|3MS|MOOD:JUS
w-s005-a027-w015	5:27	5:27	15	5:27:15	مِنَ	مِن		P					STEM|POS:P|LEM:min
w-s005-a027-w016	5:27	5:27	16	5:27:16	ٱلْءَاخَرِ	آخَر	ء خ ر	N					PREFIX|Al+ | STEM|POS:N|LEM:A^xar|ROOT:Axr|MS|GEN
w-s005-a027-w017	5:27	5:27	17	5:27:17	قَالَ	قَالَ	ق و ل	V	PERF				STEM|POS:V|PERF|LEM:qaAla|ROOT:qwl|3MS
w-s005-a027-w018	5:27	5:27	18	5:27:18	لَأَقْتُلَنَّكَ	قَتَلَ	ق ت ل	V	IMPF				PREFIX|l:EMPH+ | STEM|POS:V|IMPF|LEM:qatala|ROOT:qtl|1S | SUFFIX|+n:EMPH | SUFFIX|PRON:2MS
w-s005-a027-w019	5:27	5:27	19	5:27:19	قَالَ	قَالَ	ق و ل	V	PERF				STEM|POS:V|PERF|LEM:qaAla|ROOT:qwl|3MS
w-s005-a027-w020	5:27	5:27	20	5:27:20	إِنَّمَا	إِنّ;مَا		ACC;PREV					STEM|POS:ACC|LEM:<in~|SP:<in~ | STEM|POS:PREV|LEM:maA
w-s005-a027-w021	5:27	5:27	21	5:27:21	يَتَقَبَّلُ	تَقَبَّلَ	ق ب ل	V	IMPF			V	STEM|POS:V|IMPF|(V)|LEM:taqab~ala|ROOT:qbl|3MS
w-s005-a027-w022	5:27	5:27	22	5:27:22	ٱللَّهُ	ٱللَّه	ء ل ه	PN					STEM|POS:PN|LEM:{ll~ah|ROOT:Alh|NOM
w-s005-a027-w023	5:27	5:27	23	5:27:23	مِنَ	مِن		P					STEM|POS:P|LEM:min
w-s005-a027-w024	5:27	5:27	24	5:27:24	ٱلْمُتَّقِينَ	مُتَّقِين	و ق ي	N			ACT	VIII	PREFIX|Al+ | STEM|POS:N|ACT|PCPL|(VIII)|LEM:mut~aqiyn|ROOT:wqy|MP|GEN
w-s005-a028-w001	5:28	5:28	1	5:28:1	لَئِنۢ	إِن		COND					PREFIX|l:EMPH+ | STEM|POS:COND|LEM:<in
w-s005-a028-w002	5:28	5:28	2	5:28:2	بَسَطتَ	بَسَطَ	ب س ط	V	PERF				STEM|POS:V|PERF|LEM:basaTa|ROOT:bsT|2MS | SUFFIX|PRON:2MS
w-s005-a028-w003	5:28	5:28	3	5:28:3	إِلَىَّ	إِلَىٰ		P					STEM|POS:P|LEM:<ilaY` | SUFFIX|PRON:1S
w-s005-a028-w004	5:28	5:28	4	5:28:4	يَدَكَ	يَد	ي د ي	N					STEM|POS:N|LEM:yad|ROOT:ydy|FS|ACC | SUFFIX|PRON:2MS
w-s005-a028-w005	5:28	5:28	5	5:28:5	لِتَقْتُلَنِى	قَتَلَ	ق ت ل	V	IMPF	SUBJ			PREFIX|l:PRP+ | STEM|POS:V|IMPF|LEM:qatala|ROOT:qtl|2MS|MOOD:SUBJ | SUFFIX|PRON:1S
w-s005-a028-w006	5:28	5:28	6	5:28:6	مَآ	مَا		NEG					STEM|POS:NEG|LEM:maA
w-s005-a028-w007	5:28	5:28	7	5:28:7	أَنَا۠			PRON					STEM|POS:PRON|1S
w-s005-a028-w008	5:28	5:28	8	5:28:8	بِبَاسِطٍ	بَٰسِط	ب س ط	N			ACT		PREFIX|bi+ | STEM|POS:N|ACT|PCPL|LEM:ba`siT|ROOT:bsT|M|INDEF|GEN
w-s005-a028-w009	5:28	5:28	9	5:28:9	يَدِىَ	يَد	ي د ي	N					STEM|POS:N|LEM:yad|ROOT:ydy|FS|ACC | SUFFIX|PRON:1S
w-s005-a028-w010	5:28	5:28	10	5:28:10	إِلَيْكَ	إِلَىٰ		P					STEM|POS:P|LEM:<ilaY` | SUFFIX|PRON:2MS
w-s005-a028-w011	5:28	5:28	11	5:28:11	لِأَقْتُلَكَ	قَتَلَ	ق ت ل	V	IMPF	SUBJ			PREFIX|l:PRP+ | STEM|POS:V|IMPF|LEM:qatala|ROOT:qtl|1S|MOOD:SUBJ | SUFFIX|PRON:2MS
w-s005-a028-w012	5:28	5:28	12	5:28:12	إِنِّىٓ	إِنّ		ACC					STEM|POS:ACC|LEM:<in~|SP:<in~ | SUFFIX|PRON:1S
w-s005-a028-w013	5:28	5:28	13	5:28:13	أَخَافُ	خَافَ	خ و ف	V	IMPF				STEM|POS:V|IMPF|LEM:xaAfa|ROOT:xwf|1S
w-s005-a028-w014	5:28	5:28	14	5:28:14	ٱللَّهَ	ٱللَّه	ء ل ه	PN					STEM|POS:PN|LEM:{ll~ah|ROOT:Alh|ACC
w-s005-a028-w015	5:28	5:28	15	5:28:15	رَبَّ	رَبّ	ر ب ب	N					STEM|POS:N|LEM:rab~|ROOT:rbb|M|ACC
w-s005-a028-w016	5:28	5:28	16	5:28:16	ٱلْعَٰلَمِينَ	عَٰلَمِين	ع ل م	N					PREFIX|Al+ | STEM|POS:N|LEM:Ea`lamiyn|ROOT:Elm|MP|GEN
w-s005-a029-w001	5:29	5:29	1	5:29:1	إِنِّىٓ	إِنّ		ACC					STEM|POS:ACC|LEM:<in~|SP:<in~ | SUFFIX|PRON:1S
w-s005-a029-w002	5:29	5:29	2	5:29:2	أُرِيدُ	أَرَادَ	ر و د	V	IMPF			IV	STEM|POS:V|IMPF|(IV)|LEM:>araAda|ROOT:rwd|1S
w-s005-a029-w003	5:29	5:29	3	5:29:3	أَن	أَن		SUB					STEM|POS:SUB|LEM:>an
w-s005-a029-w004	5:29	5:29	4	5:29:4	تَبُوٓأَ	بَآءَ	ب و ء	V	IMPF	SUBJ			STEM|POS:V|IMPF|LEM:baA^'a|ROOT:bwA|2MS|MOOD:SUBJ
w-s005-a029-w005	5:29	5:29	5	5:29:5	بِإِثْمِى	إِثْم	ء ث م	N					PREFIX|bi+ | STEM|POS:N|LEM:<ivom|ROOT:Avm|M|GEN | SUFFIX|PRON:1S
w-s005-a029-w006	5:29	5:29	6	5:29:6	وَإِثْمِكَ	إِثْم	ء ث م	N					PREFIX|w:CONJ+ | STEM|POS:N|LEM:<ivom|ROOT:Avm|M|GEN | SUFFIX|PRON:2MS
w-s005-a029-w007	5:29	5:29	7	5:29:7	فَتَكُونَ	كَانَ	ك و ن	V	IMPF	SUBJ			PREFIX|f:CONJ+ | STEM|POS:V|IMPF|LEM:kaAna|ROOT:kwn|SP:kaAn|2MS|MOOD:SUBJ
w-s005-a029-w008	5:29	5:29	8	5:29:8	مِنْ	مِن		P					STEM|POS:P|LEM:min
w-s005-a029-w009	5:29	5:29	9	5:29:9	أَصْحَٰبِ	أَصْحَٰب	ص ح ب	N					STEM|POS:N|LEM:>aSoHa`b|ROOT:SHb|MP|GEN
w-s005-a029-w010	5:29	5:29	10	5:29:10	ٱلنَّارِ	نَار	ن و ر	N					PREFIX|Al+ | STEM|POS:N|LEM:naAr|ROOT:nwr|F|GEN
w-s005-a029-w011	5:29	5:29	11	5:29:11	وَذَٰلِكَ	ذَٰلِك		DEM					PREFIX|w:REM+ | STEM|POS:DEM|LEM:*a`lik|MS
w-s005-a029-w012	5:29	5:29	12	5:29:12	جَزَٰٓؤُا۟	جَزَآء	ج ز ي	N					STEM|POS:N|LEM:jazaA^'|ROOT:jzy|M|NOM
w-s005-a029-w013	5:29	5:29	13	5:29:13	ٱلظَّٰلِمِينَ	ظَالِم	ظ ل م	N			ACT		PREFIX|Al+ | STEM|POS:N|ACT|PCPL|LEM:ZaAlim|ROOT:Zlm|MP|GEN
w-s005-a030-w001	5:30	5:30	1	5:30:1	فَطَوَّعَتْ	طَوَّعَتْ	ط و ع	V	PERF			II	PREFIX|f:REM+ | STEM|POS:V|PERF|(II)|LEM:Taw~aEato|ROOT:TwE|3FS
w-s005-a030-w002	5:30	5:30	2	5:30:2	لَهُۥ			PRON					PREFIX|l:P+ | STEM|POS:PRON|3MS
w-s005-a030-w003	5:30	5:30	3	5:30:3	نَفْسُهُۥ	نَفْس	ن ف س	N					STEM|POS:N|LEM:nafos|ROOT:nfs|FS|NOM | SUFFIX|PRON:3MS
w-s005-a030-w004	5:30	5:30	4	5:30:4	قَتْلَ	قَتْل	ق ت ل	N					STEM|POS:N|VN|LEM:qatol|ROOT:qtl|M|ACC
w-s005-a030-w005	5:30	5:30	5	5:30:5	أَخِيهِ	أَخ	ء خ و	N					STEM|POS:N|LEM:>ax|ROOT:Axw|MS|GEN | SUFFIX|PRON:3MS
w-s005-a030-w006	5:30	5:30	6	5:30:6	فَقَتَلَهُۥ	قَتَلَ	ق ت ل	V	PERF				PREFIX|f:CAUS+ | STEM|POS:V|PERF|LEM:qatala|ROOT:qtl|3MS | SUFFIX|PRON:3MS
w-s005-a030-w007	5:30	5:30	7	5:30:7	فَأَصْبَحَ	أَصْبَحَ	ص ب ح	V	PERF			IV	PREFIX|f:CONJ+ | STEM|POS:V|PERF|(IV)|LEM:>aSobaHa|ROOT:SbH|SP:kaAn|3MS
w-s005-a030-w008	5:30	5:30	8	5:30:8	مِنَ	مِن		P					STEM|POS:P|LEM:min
w-s005-a030-w009	5:30	5:30	9	5:30:9	ٱلْخَٰسِرِينَ	خَٰسِرِين	خ س ر	N			ACT		PREFIX|Al+ | STEM|POS:N|ACT|PCPL|LEM:xa`siriyn|ROOT:xsr|MP|GEN
w-s005-a031-w001	5:31	5:31	1	5:31:1	فَبَعَثَ	بَعَثَ	ب ع ث	V	PERF				PREFIX|f:CONJ+ | STEM|POS:V|PERF|LEM:baEava|ROOT:bEv|3MS
w-s005-a031-w002	5:31	5:31	2	5:31:2	ٱللَّهُ	ٱللَّه	ء ل ه	PN					STEM|POS:PN|LEM:{ll~ah|ROOT:Alh|NOM
w-s005-a031-w003	5:31	5:31	3	5:31:3	غُرَابًا	غُرَاب	غ ر ب	N					STEM|POS:N|LEM:guraAb|ROOT:grb|M|INDEF|ACC
w-s005-a031-w004	5:31	5:31	4	5:31:4	يَبْحَثُ	يَبْحَثُ	ب ح ث	V	IMPF				STEM|POS:V|IMPF|LEM:yaboHavu|ROOT:bHv|3MS
w-s005-a031-w005	5:31	5:31	5	5:31:5	فِى	فِى		P					STEM|POS:P|LEM:fiY
w-s005-a031-w006	5:31	5:31	6	5:31:6	ٱلْأَرْضِ	أَرْض	ء ر ض	N					PREFIX|Al+ | STEM|POS:N|LEM:>aroD|ROOT:ArD|F|GEN
w-s005-a031-w007	5:31	5:31	7	5:31:7	لِيُرِيَهُۥ	أَرَيْ	ر ء ي	V	IMPF	SUBJ	PASS	IV	PREFIX|l:PRP+ | STEM|POS:V|IMPF|PASS|(IV)|LEM:>arayo|ROOT:rAy|3MS|MOOD:SUBJ | SUFFIX|PRON:3MS
w-s005-a031-w008	5:31	5:31	8	5:31:8	كَيْفَ	كَيْف	ك ي ف	N					STEM|POS:N|LEM:kayof|ROOT:kyf|ACC
w-s005-a031-w009	5:31	5:31	9	5:31:9	يُوَٰرِى	وُۥرِىَ	و ر ي	V	IMPF			III	STEM|POS:V|IMPF|(III)|LEM:wu,riYa|ROOT:wry|3MS
w-s005-a031-w010	5:31	5:31	10	5:31:10	سَوْءَةَ	سَوْءَة	س و ء	N					STEM|POS:N|LEM:sawo'ap|ROOT:swA|F|ACC
w-s005-a031-w011	5:31	5:31	11	5:31:11	أَخِيهِ	أَخ	ء خ و	N					STEM|POS:N|LEM:>ax|ROOT:Axw|MS|GEN | SUFFIX|PRON:3MS
w-s005-a031-w012	5:31	5:31	12	5:31:12	قَالَ	قَالَ	ق و ل	V	PERF				STEM|POS:V|PERF|LEM:qaAla|ROOT:qwl|3MS
w-s005-a031-w013	5:31	5:31	13	5:31:13	يَٰوَيْلَتَىٰٓ	وَيْل		N					PREFIX|ya+ | STEM|POS:N|LEM:wayol|ACC | SUFFIX|PRON:1S
w-s005-a031-w014	5:31	5:31	14	5:31:14	أَعَجَزْتُ	عَجَزْ	ع ج ز	V	PERF				PREFIX|A:INTG+ | STEM|POS:V|PERF|LEM:Eajazo|ROOT:Ejz|1S | SUFFIX|PRON:1S
w-s005-a031-w015	5:31	5:31	15	5:31:15	أَنْ	أَن		SUB					STEM|POS:SUB|LEM:>an
w-s005-a031-w016	5:31	5:31	16	5:31:16	أَكُونَ	كَانَ	ك و ن	V	IMPF	SUBJ			STEM|POS:V|IMPF|LEM:kaAna|ROOT:kwn|SP:kaAn|1S|MOOD:SUBJ
w-s005-a031-w017	5:31	5:31	17	5:31:17	مِثْلَ	مِثْل	م ث ل	N					STEM|POS:N|LEM:mivol|ROOT:mvl|M|ACC
w-s005-a031-w018	5:31	5:31	18	5:31:18	هَٰذَا	هَٰذَا		DEM					STEM|POS:DEM|LEM:ha`*aA|MS
w-s005-a031-w019	5:31	5:31	19	5:31:19	ٱلْغُرَابِ	غُرَاب	غ ر ب	N					PREFIX|Al+ | STEM|POS:N|LEM:guraAb|ROOT:grb|M|GEN
w-s005-a031-w020	5:31	5:31	20	5:31:20	فَأُوَٰرِىَ	وُۥرِىَ	و ر ي	V	IMPF	SUBJ		III	PREFIX|f:CAUS+ | STEM|POS:V|IMPF|(III)|LEM:wu,riYa|ROOT:wry|1S|MOOD:SUBJ
w-s005-a031-w021	5:31	5:31	21	5:31:21	سَوْءَةَ	سَوْءَة	س و ء	N					STEM|POS:N|LEM:sawo'ap|ROOT:swA|F|ACC
w-s005-a031-w022	5:31	5:31	22	5:31:22	أَخِى	أَخ	ء خ و	N					STEM|POS:N|LEM:>ax|ROOT:Axw|MS|NOM | SUFFIX|PRON:1S
w-s005-a031-w023	5:31	5:31	23	5:31:23	فَأَصْبَحَ	أَصْبَحَ	ص ب ح	V	PERF			IV	PREFIX|f:CAUS+ | STEM|POS:V|PERF|(IV)|LEM:>aSobaHa|ROOT:SbH|SP:kaAn|3MS
w-s005-a031-w024	5:31	5:31	24	5:31:24	مِنَ	مِن		P					STEM|POS:P|LEM:min
w-s005-a031-w025	5:31	5:31	25	5:31:25	ٱلنَّٰدِمِينَ	نَٰدِمِين	ن د م	N			ACT		PREFIX|Al+ | STEM|POS:N|ACT|PCPL|LEM:na`dimiyn|ROOT:ndm|MP|GEN
w-s005-a032-w001	5:32	5:32	1	5:32:1	مِنْ	مِن		P					STEM|POS:P|LEM:min
w-s005-a032-w002	5:32	5:32	2	5:32:2	أَجْلِ	أَجْل	ء ج ل	N					STEM|POS:N|LEM:>ajol|ROOT:Ajl|M|GEN
w-s005-a032-w003	5:32	5:32	3	5:32:3	ذَٰلِكَ	ذَٰلِك		DEM					STEM|POS:DEM|LEM:*a`lik|MS
w-s005-a032-w004	5:32	5:32	4	5:32:4	كَتَبْنَا	كَتَبَ	ك ت ب	V	PERF				STEM|POS:V|PERF|LEM:kataba|ROOT:ktb|1P | SUFFIX|PRON:1P
w-s005-a032-w005	5:32	5:32	5	5:32:5	عَلَىٰ	عَلَىٰ		P					STEM|POS:P|LEM:EalaY`
w-s005-a032-w006	5:32	5:32	6	5:32:6	بَنِىٓ	بُنَىّ	ب ن ي	N					STEM|POS:N|LEM:bunaY~|ROOT:bny|MP|GEN
w-s005-a032-w007	5:32	5:32	7	5:32:7	إِسْرَٰٓءِيلَ	إِسْرَائِيل		PN					STEM|POS:PN|LEM:<isoraA}iyl|GEN
w-s005-a032-w008	5:32	5:32	8	5:32:8	أَنَّهُۥ	أَنّ		ACC					STEM|POS:ACC|LEM:>an~|SP:<in~ | SUFFIX|PRON:3MS
w-s005-a032-w009	5:32	5:32	9	5:32:9	مَن	مَن		COND					STEM|POS:COND|LEM:man
w-s005-a032-w010	5:32	5:32	10	5:32:10	قَتَلَ	قَتَلَ	ق ت ل	V	PERF				STEM|POS:V|PERF|LEM:qatala|ROOT:qtl|3MS
w-s005-a032-w011	5:32	5:32	11	5:32:11	نَفْسًۢا	نَفْس	ن ف س	N					STEM|POS:N|LEM:nafos|ROOT:nfs|FS|INDEF|ACC
w-s005-a032-w012	5:32	5:32	12	5:32:12	بِغَيْرِ	غَيْر	غ ي ر	N					PREFIX|bi+ | STEM|POS:N|LEM:gayor|ROOT:gyr|M|GEN
w-s005-a032-w013	5:32	5:32	13	5:32:13	نَفْسٍ	نَفْس	ن ف س	N					STEM|POS:N|LEM:nafos|ROOT:nfs|FS|INDEF|GEN
w-s005-a032-w014	5:32	5:32	14	5:32:14	أَوْ	أَو		CONJ					STEM|POS:CONJ|LEM:>aw
w-s005-a032-w015	5:32	5:32	15	5:32:15	فَسَادٍ	فَسَاد	ف س د	N					STEM|POS:N|LEM:fasaAd|ROOT:fsd|M|INDEF|GEN
w-s005-a032-w016	5:32	5:32	16	5:32:16	فِى	فِى		P					STEM|POS:P|LEM:fiY
w-s005-a032-w017	5:32	5:32	17	5:32:17	ٱلْأَرْضِ	أَرْض	ء ر ض	N					PREFIX|Al+ | STEM|POS:N|LEM:>aroD|ROOT:ArD|F|GEN
w-s005-a032-w018	5:32	5:32	18	5:32:18	فَكَأَنَّمَا	كَأَنّ;مَا		ACC;PREV					PREFIX|f:RSLT+ | STEM|POS:ACC|LEM:ka>an~|SP:<in~ | STEM|POS:PREV|LEM:maA
w-s005-a032-w019	5:32	5:32	19	5:32:19	قَتَلَ	قَتَلَ	ق ت ل	V	PERF				STEM|POS:V|PERF|LEM:qatala|ROOT:qtl|3MS
w-s005-a032-w020	5:32	5:32	20	5:32:20	ٱلنَّاسَ	نَّاس	ن و س	N					PREFIX|Al+ | STEM|POS:N|LEM:n~aAs|ROOT:nws|MP|ACC
w-s005-a032-w021	5:32	5:32	21	5:32:21	جَمِيعًا	جَمِيع	ج م ع	N					STEM|POS:N|LEM:jamiyE|ROOT:jmE|M|INDEF|ACC
w-s005-a032-w022	5:32	5:32	22	5:32:22	وَمَنْ	مَن		COND					PREFIX|w:CONJ+ | STEM|POS:COND|LEM:man
w-s005-a032-w023	5:32	5:32	23	5:32:23	أَحْيَاهَا	أَحْيَا	ح ي ي	V	PERF			IV	STEM|POS:V|PERF|(IV)|LEM:>aHoyaA|ROOT:Hyy|3MS | SUFFIX|PRON:3FS
w-s005-a032-w024	5:32	5:32	24	5:32:24	فَكَأَنَّمَآ	كَأَنّ;مَا		ACC;PREV					PREFIX|f:RSLT+ | STEM|POS:ACC|LEM:ka>an~|SP:<in~ | STEM|POS:PREV|LEM:maA
w-s005-a032-w025	5:32	5:32	25	5:32:25	أَحْيَا	أَحْيَا	ح ي ي	V	PERF			IV	STEM|POS:V|PERF|(IV)|LEM:>aHoyaA|ROOT:Hyy|3MS
w-s005-a032-w026	5:32	5:32	26	5:32:26	ٱلنَّاسَ	نَّاس	ن و س	N					PREFIX|Al+ | STEM|POS:N|LEM:n~aAs|ROOT:nws|MP|ACC
w-s005-a032-w027	5:32	5:32	27	5:32:27	جَمِيعًا	جَمِيع	ج م ع	N					STEM|POS:N|LEM:jamiyE|ROOT:jmE|M|INDEF|ACC
w-s005-a032-w028	5:32	5:32	28	5:32:28	وَلَقَدْ	قَد		CERT					PREFIX|w:REM+ | PREFIX|l:EMPH+ | STEM|POS:CERT|LEM:qad
w-s005-a032-w029	5:32	5:32	29	5:32:29	جَآءَتْهُمْ	جَآءَ	ج ي ء	V	PERF				STEM|POS:V|PERF|LEM:jaA^'a|ROOT:jyA|3FS | SUFFIX|PRON:3MP
w-s005-a032-w030	5:32	5:32	30	5:32:30	رُسُلُنَا	رَسُول	ر س ل	N					STEM|POS:N|LEM:rasuwl|ROOT:rsl|MP|NOM | SUFFIX|PRON:1P
w-s005-a032-w031	5:32	5:32	31	5:32:31	بِٱلْبَيِّنَٰتِ	بَيِّنَة	ب ي ن	N					PREFIX|bi+ | PREFIX|Al+ | STEM|POS:N|LEM:bay~inap|ROOT:byn|FP|GEN
w-s005-a032-w032	5:32	5:32	32	5:32:32	ثُمَّ	ثُمّ		CONJ					STEM|POS:CONJ|LEM:vum~
w-s005-a032-w033	5:32	5:32	33	5:32:33	إِنَّ	إِنّ		ACC					STEM|POS:ACC|LEM:<in~|SP:<in~
w-s005-a032-w034	5:32	5:32	34	5:32:34	كَثِيرًا	كَثِير	ك ث ر	N					STEM|POS:N|LEM:kaviyr|ROOT:kvr|MS|INDEF|ACC
w-s005-a032-w035	5:32	5:32	35	5:32:35	مِّنْهُم	مِن		P					STEM|POS:P|LEM:min | SUFFIX|PRON:3MP
w-s005-a032-w036	5:32	5:32	36	5:32:36	بَعْدَ	بَعْد	ب ع د	T					STEM|POS:T|LEM:baEod|ROOT:bEd|ACC
w-s005-a032-w037	5:32	5:32	37	5:32:37	ذَٰلِكَ	ذَٰلِك		DEM					STEM|POS:DEM|LEM:*a`lik|MS
w-s005-a032-w038	5:32	5:32	38	5:32:38	فِى	فِى		P					STEM|POS:P|LEM:fiY
w-s005-a032-w039	5:32	5:32	39	5:32:39	ٱلْأَرْضِ	أَرْض	ء ر ض	N					PREFIX|Al+ | STEM|POS:N|LEM:>aroD|ROOT:ArD|F|GEN
w-s005-a032-w040	5:32	5:32	40	5:32:40	لَمُسْرِفُونَ	مُسْرِف	س ر ف	N			ACT	IV	PREFIX|l:EMPH+ | STEM|POS:N|ACT|PCPL|(IV)|LEM:musorif|ROOT:srf|MP|NOM
w-s005-a033-w001	5:33	5:33	1	5:33:1	إِنَّمَا	إِنّ;مَا		ACC;PREV					STEM|POS:ACC|LEM:<in~|SP:<in~ | STEM|POS:PREV|LEM:maA
w-s005-a033-w002	5:33	5:33	2	5:33:2	جَزَٰٓؤُا۟	جَزَآء	ج ز ي	N					STEM|POS:N|LEM:jazaA^'|ROOT:jzy|M|NOM
w-s005-a033-w003	5:33	5:33	3	5:33:3	ٱلَّذِينَ	ٱلَّذِى		REL					STEM|POS:REL|LEM:{l~a*iY|MP
w-s005-a033-w004	5:33	5:33	4	5:33:4	يُحَارِبُونَ	حَارَبَ	ح ر ب	V	IMPF			III	STEM|POS:V|IMPF|(III)|LEM:HaAraba|ROOT:Hrb|3MP | SUFFIX|PRON:3MP
w-s005-a033-w005	5:33	5:33	5	5:33:5	ٱللَّهَ	ٱللَّه	ء ل ه	PN					STEM|POS:PN|LEM:{ll~ah|ROOT:Alh|ACC
w-s005-a033-w006	5:33	5:33	6	5:33:6	وَرَسُولَهُۥ	رَسُول	ر س ل	N					PREFIX|w:CONJ+ | STEM|POS:N|LEM:rasuwl|ROOT:rsl|M|ACC | SUFFIX|PRON:3MS
w-s005-a033-w007	5:33	5:33	7	5:33:7	وَيَسْعَوْنَ	سَعَىٰ	س ع ي	V	IMPF				PREFIX|w:CONJ+ | STEM|POS:V|IMPF|LEM:saEaY`|ROOT:sEy|3MP | SUFFIX|PRON:3MP
w-s005-a033-w008	5:33	5:33	8	5:33:8	فِى	فِى		P					STEM|POS:P|LEM:fiY
w-s005-a033-w009	5:33	5:33	9	5:33:9	ٱلْأَرْضِ	أَرْض	ء ر ض	N					PREFIX|Al+ | STEM|POS:N|LEM:>aroD|ROOT:ArD|F|GEN
w-s005-a033-w010	5:33	5:33	10	5:33:10	فَسَادًا	فَسَاد	ف س د	N					STEM|POS:N|LEM:fasaAd|ROOT:fsd|M|INDEF|ACC
w-s005-a033-w011	5:33	5:33	11	5:33:11	أَن	أَن		SUB					STEM|POS:SUB|LEM:>an
w-s005-a033-w012	5:33	5:33	12	5:33:12	يُقَتَّلُوٓا۟	قُتِّلُ	ق ت ل	V	IMPF	SUBJ	PASS	II	STEM|POS:V|IMPF|PASS|(II)|LEM:qut~ilu|ROOT:qtl|3MP|MOOD:SUBJ | SUFFIX|PRON:3MP
w-s005-a033-w013	5:33	5:33	13	5:33:13	أَوْ	أَو		CONJ					STEM|POS:CONJ|LEM:>aw
w-s005-a033-w014	5:33	5:33	14	5:33:14	يُصَلَّبُوٓا۟	يُصَلَّبُ	ص ل ب	V	IMPF	SUBJ	PASS	II	STEM|POS:V|IMPF|PASS|(II)|LEM:yuSal~abu|ROOT:Slb|3MP|MOOD:SUBJ | SUFFIX|PRON:3MP
w-s005-a033-w015	5:33	5:33	15	5:33:15	أَوْ	أَو		CONJ					STEM|POS:CONJ|LEM:>aw
w-s005-a033-w016	5:33	5:33	16	5:33:16	تُقَطَّعَ	قَطَّعَ	ق ط ع	V	IMPF	SUBJ	PASS	II	STEM|POS:V|IMPF|PASS|(II)|LEM:qaT~aEa|ROOT:qTE|3FS|MOOD:SUBJ
w-s005-a033-w017	5:33	5:33	17	5:33:17	أَيْدِيهِمْ	يَد	ي د ي	N					STEM|POS:N|LEM:yad|ROOT:ydy|FP|NOM | SUFFIX|PRON:3MP
w-s005-a033-w018	5:33	5:33	18	5:33:18	وَأَرْجُلُهُم	رِجْل	ر ج ل	N					PREFIX|w:CONJ+ | STEM|POS:N|LEM:rijol|ROOT:rjl|FP|NOM | SUFFIX|PRON:3MP
w-s005-a033-w019	5:33	5:33	19	5:33:19	مِّنْ	مِن		P					STEM|POS:P|LEM:min
w-s005-a033-w020	5:33	5:33	20	5:33:20	خِلَٰفٍ	خِلَٰف	خ ل ف	N					STEM|POS:N|LEM:xila`f|ROOT:xlf|M|INDEF|GEN
w-s005-a033-w021	5:33	5:33	21	5:33:21	أَوْ	أَو		CONJ					STEM|POS:CONJ|LEM:>aw
w-s005-a033-w022	5:33	5:33	22	5:33:22	يُنفَوْا۟	يُنفَ	ن ف ي	V	IMPF	SUBJ	PASS		STEM|POS:V|IMPF|PASS|LEM:yunfa|ROOT:nfy|3MP|MOOD:SUBJ | SUFFIX|PRON:3MP
w-s005-a033-w023	5:33	5:33	23	5:33:23	مِنَ	مِن		P					STEM|POS:P|LEM:min
w-s005-a033-w024	5:33	5:33	24	5:33:24	ٱلْأَرْضِ	أَرْض	ء ر ض	N					PREFIX|Al+ | STEM|POS:N|LEM:>aroD|ROOT:ArD|F|GEN
w-s005-a033-w025	5:33	5:33	25	5:33:25	ذَٰلِكَ	ذَٰلِك		DEM					STEM|POS:DEM|LEM:*a`lik|MS
w-s005-a033-w026	5:33	5:33	26	5:33:26	لَهُمْ			PRON					PREFIX|l:P+ | STEM|POS:PRON|3MP
w-s005-a033-w027	5:33	5:33	27	5:33:27	خِزْىٌ	خِزْى	خ ز ي	N					STEM|POS:N|LEM:xizoY|ROOT:xzy|M|INDEF|NOM
w-s005-a033-w028	5:33	5:33	28	5:33:28	فِى	فِى		P					STEM|POS:P|LEM:fiY
w-s005-a033-w029	5:33	5:33	29	5:33:29	ٱلدُّنْيَا	دُّنْيَا	د ن و	N					PREFIX|Al+ | STEM|POS:N|LEM:d~unoyaA|ROOT:dnw|FS|GEN
w-s005-a033-w030	5:33	5:33	30	5:33:30	وَلَهُمْ			PRON					PREFIX|w:REM+ | PREFIX|l:P+ | STEM|POS:PRON|3MP
w-s005-a033-w031	5:33	5:33	31	5:33:31	فِى	فِى		P					STEM|POS:P|LEM:fiY
w-s005-a033-w032	5:33	5:33	32	5:33:32	ٱلْءَاخِرَةِ	آخِر	ء خ ر	N					PREFIX|Al+ | STEM|POS:N|LEM:A^xir|ROOT:Axr|FS|GEN
w-s005-a033-w033	5:33	5:33	33	5:33:33	عَذَابٌ	عَذَاب	ع ذ ب	N					STEM|POS:N|LEM:Ea*aAb|ROOT:E*b|M|INDEF|NOM
w-s005-a033-w034	5:33	5:33	34	5:33:34	عَظِيمٌ	عَظِيم	ع ظ م	ADJ					STEM|POS:ADJ|LEM:EaZiym|ROOT:EZm|MS|INDEF|NOM
w-s005-a034-w001	5:34	5:34	1	5:34:1	إِلَّا	إِلَّا		EXP					STEM|POS:EXP|LEM:<il~aA
w-s005-a034-w002	5:34	5:34	2	5:34:2	ٱلَّذِينَ	ٱلَّذِى		REL					STEM|POS:REL|LEM:{l~a*iY|MP
w-s005-a034-w003	5:34	5:34	3	5:34:3	تَابُوا۟	تَابَ	ت و ب	V	PERF				STEM|POS:V|PERF|LEM:taAba|ROOT:twb|3MP | SUFFIX|PRON:3MP
w-s005-a034-w004	5:34	5:34	4	5:34:4	مِن	مِن		P					STEM|POS:P|LEM:min
w-s005-a034-w005	5:34	5:34	5	5:34:5	قَبْلِ	قَبْل	ق ب ل	N					STEM|POS:N|LEM:qabol|ROOT:qbl|GEN
w-s005-a034-w006	5:34	5:34	6	5:34:6	أَن	أَن		SUB					STEM|POS:SUB|LEM:>an
w-s005-a034-w007	5:34	5:34	7	5:34:7	تَقْدِرُوا۟	قَدَرَ	ق د ر	V	IMPF	SUBJ			STEM|POS:V|IMPF|LEM:qadara|ROOT:qdr|2MP|MOOD:SUBJ | SUFFIX|PRON:2MP
w-s005-a034-w008	5:34	5:34	8	5:34:8	عَلَيْهِمْ	عَلَىٰ		P					STEM|POS:P|LEM:EalaY` | SUFFIX|PRON:3MP
w-s005-a034-w009	5:34	5:34	9	5:34:9	فَٱعْلَمُوٓا۟	عَلِمَ	ع ل م	V	IMPV				PREFIX|f:REM+ | STEM|POS:V|IMPV|LEM:Ealima|ROOT:Elm|2MP | SUFFIX|PRON:2MP
w-s005-a034-w010	5:34	5:34	10	5:34:10	أَنَّ	أَنّ		ACC					STEM|POS:ACC|LEM:>an~|SP:<in~
w-s005-a034-w011	5:34	5:34	11	5:34:11	ٱللَّهَ	ٱللَّه	ء ل ه	PN					STEM|POS:PN|LEM:{ll~ah|ROOT:Alh|ACC
w-s005-a034-w012	5:34	5:34	12	5:34:12	غَفُورٌ	غَفُور	غ ف ر	N					STEM|POS:N|LEM:gafuwr|ROOT:gfr|MS|INDEF|NOM
w-s005-a034-w013	5:34	5:34	13	5:34:13	رَّحِيمٌ	رَّحِيم	ر ح م	ADJ					STEM|POS:ADJ|LEM:r~aHiym|ROOT:rHm|MS|INDEF|NOM
w-s005-a035-w001	5:35	5:35	1	5:35:1	يَٰٓأَيُّهَا	أَيُّهَا		N					PREFIX|ya+ | STEM|POS:N|LEM:>ay~uhaA|NOM
w-s005-a035-w002	5:35	5:35	2	5:35:2	ٱلَّذِينَ	ٱلَّذِى		REL					STEM|POS:REL|LEM:{l~a*iY|MP
w-s005-a035-w003	5:35	5:35	3	5:35:3	ءَامَنُوا۟	ءَامَنَ	ء م ن	V	PERF			IV	STEM|POS:V|PERF|(IV)|LEM:'aAmana|ROOT:Amn|3MP | SUFFIX|PRON:3MP
w-s005-a035-w004	5:35	5:35	4	5:35:4	ٱتَّقُوا۟	ٱتَّقَىٰ	و ق ي	V	IMPV			VIII	STEM|POS:V|IMPV|(VIII)|LEM:{t~aqaY`|ROOT:wqy|2MP | SUFFIX|PRON:2MP
w-s005-a035-w005	5:35	5:35	5	5:35:5	ٱللَّهَ	ٱللَّه	ء ل ه	PN					STEM|POS:PN|LEM:{ll~ah|ROOT:Alh|ACC
w-s005-a035-w006	5:35	5:35	6	5:35:6	وَٱبْتَغُوٓا۟	ٱبْتَغَىٰ	ب غ ي	V	IMPV			VIII	PREFIX|w:CONJ+ | STEM|POS:V|IMPV|(VIII)|LEM:{botagaY`|ROOT:bgy|2MP | SUFFIX|PRON:2MP
w-s005-a035-w007	5:35	5:35	7	5:35:7	إِلَيْهِ	إِلَىٰ		P					STEM|POS:P|LEM:<ilaY` | SUFFIX|PRON:3MS
w-s005-a035-w008	5:35	5:35	8	5:35:8	ٱلْوَسِيلَةَ	وَسِيلَة	و س ل	N					PREFIX|Al+ | STEM|POS:N|LEM:wasiylap|ROOT:wsl|F|ACC
w-s005-a035-w009	5:35	5:35	9	5:35:9	وَجَٰهِدُوا۟	جَٰهَدَ	ج ه د	V	IMPV			III	PREFIX|w:CONJ+ | STEM|POS:V|IMPV|(III)|LEM:ja`hada|ROOT:jhd|2MP | SUFFIX|PRON:2MP
w-s005-a035-w010	5:35	5:35	10	5:35:10	فِى	فِى		P					STEM|POS:P|LEM:fiY
w-s005-a035-w011	5:35	5:35	11	5:35:11	سَبِيلِهِۦ	سَبِيل	س ب ل	N					STEM|POS:N|LEM:sabiyl|ROOT:sbl|M|GEN | SUFFIX|PRON:3MS
w-s005-a035-w012	5:35	5:35	12	5:35:12	لَعَلَّكُمْ	لَعَلّ		ACC					STEM|POS:ACC|LEM:laEal~|SP:<in~ | SUFFIX|PRON:2MP
w-s005-a035-w013	5:35	5:35	13	5:35:13	تُفْلِحُونَ	أَفْلَحَ	ف ل ح	V	IMPF			IV	STEM|POS:V|IMPF|(IV)|LEM:>afolaHa|ROOT:flH|2MP | SUFFIX|PRON:2MP
w-s005-a036-w001	5:36	5:36	1	5:36:1	إِنَّ	إِنّ		ACC					STEM|POS:ACC|LEM:<in~|SP:<in~
w-s005-a036-w002	5:36	5:36	2	5:36:2	ٱلَّذِينَ	ٱلَّذِى		REL					STEM|POS:REL|LEM:{l~a*iY|MP
w-s005-a036-w003	5:36	5:36	3	5:36:3	كَفَرُوا۟	كَفَرَ	ك ف ر	V	PERF				STEM|POS:V|PERF|LEM:kafara|ROOT:kfr|3MP | SUFFIX|PRON:3MP
w-s005-a036-w004	5:36	5:36	4	5:36:4	لَوْ	لَو		COND					STEM|POS:COND|LEM:law
w-s005-a036-w005	5:36	5:36	5	5:36:5	أَنَّ	أَنّ		ACC					STEM|POS:ACC|LEM:>an~|SP:<in~
w-s005-a036-w006	5:36	5:36	6	5:36:6	لَهُم			PRON					PREFIX|l:P+ | STEM|POS:PRON|3MP
w-s005-a036-w007	5:36	5:36	7	5:36:7	مَّا	مَا		REL					STEM|POS:REL|LEM:maA
w-s005-a036-w008	5:36	5:36	8	5:36:8	فِى	فِى		P					STEM|POS:P|LEM:fiY
w-s005-a036-w009	5:36	5:36	9	5:36:9	ٱلْأَرْضِ	أَرْض	ء ر ض	N					PREFIX|Al+ | STEM|POS:N|LEM:>aroD|ROOT:ArD|F|GEN
w-s005-a036-w010	5:36	5:36	10	5:36:10	جَمِيعًا	جَمِيع	ج م ع	N					STEM|POS:N|LEM:jamiyE|ROOT:jmE|M|INDEF|ACC
w-s005-a036-w011	5:36	5:36	11	5:36:11	وَمِثْلَهُۥ	مِثْل	م ث ل	N					PREFIX|w:COM+ | STEM|POS:N|LEM:mivol|ROOT:mvl|M|ACC | SUFFIX|PRON:3MS
w-s005-a036-w012	5:36	5:36	12	5:36:12	مَعَهُۥ	مَع		LOC					STEM|POS:LOC|LEM:maE|ACC | SUFFIX|PRON:3MS
w-s005-a036-w013	5:36	5:36	13	5:36:13	لِيَفْتَدُوا۟	ٱفْتَدَىٰ	ف د ي	V	IMPF	SUBJ		VIII	PREFIX|l:PRP+ | STEM|POS:V|IMPF|(VIII)|LEM:{fotadaY`|ROOT:fdy|3MP|MOOD:SUBJ | SUFFIX|PRON:3MP
w-s005-a036-w014	5:36	5:36	14	5:36:14	بِهِۦ			PRON					PREFIX|bi+ | STEM|POS:PRON|3MS
w-s005-a036-w015	5:36	5:36	15	5:36:15	مِنْ	مِن		P					STEM|POS:P|LEM:min
w-s005-a036-w016	5:36	5:36	16	5:36:16	عَذَابِ	عَذَاب	ع ذ ب	N					STEM|POS:N|LEM:Ea*aAb|ROOT:E*b|M|GEN
w-s005-a036-w017	5:36	5:36	17	5:36:17	يَوْمِ	يَوْم	ي و م	N					STEM|POS:N|LEM:yawom|ROOT:ywm|M|GEN
w-s005-a036-w018	5:36	5:36	18	5:36:18	ٱلْقِيَٰمَةِ	قِيَٰمَة	ق و م	N					PREFIX|Al+ | STEM|POS:N|LEM:qiya`map|ROOT:qwm|F|GEN
w-s005-a036-w019	5:36	5:36	19	5:36:19	مَا	مَا		NEG					STEM|POS:NEG|LEM:maA
w-s005-a036-w020	5:36	5:36	20	5:36:20	تُقُبِّلَ	تَقَبَّلَ	ق ب ل	V	PERF		PASS	V	STEM|POS:V|PERF|PASS|(V)|LEM:taqab~ala|ROOT:qbl|3MS
w-s005-a036-w021	5:36	5:36	21	5:36:21	مِنْهُمْ	مِن		P					STEM|POS:P|LEM:min | SUFFIX|PRON:3MP
w-s005-a036-w022	5:36	5:36	22	5:36:22	وَلَهُمْ			PRON					PREFIX|w:REM+ | PREFIX|l:P+ | STEM|POS:PRON|3MP
w-s005-a036-w023	5:36	5:36	23	5:36:23	عَذَابٌ	عَذَاب	ع ذ ب	N					STEM|POS:N|LEM:Ea*aAb|ROOT:E*b|M|INDEF|NOM
w-s005-a036-w024	5:36	5:36	24	5:36:24	أَلِيمٌ	أَلِيم	ء ل م	ADJ					STEM|POS:ADJ|LEM:>aliym|ROOT:Alm|MS|INDEF|NOM
w-s005-a037-w001	5:37	5:37	1	5:37:1	يُرِيدُونَ	أَرَادَ	ر و د	V	IMPF			IV	STEM|POS:V|IMPF|(IV)|LEM:>araAda|ROOT:rwd|3MP | SUFFIX|PRON:3MP
w-s005-a037-w002	5:37	5:37	2	5:37:2	أَن	أَن		SUB					STEM|POS:SUB|LEM:>an
w-s005-a037-w003	5:37	5:37	3	5:37:3	يَخْرُجُوا۟	خَرَجَ	خ ر ج	V	IMPF	SUBJ			STEM|POS:V|IMPF|LEM:xaraja|ROOT:xrj|3MP|MOOD:SUBJ | SUFFIX|PRON:3MP
w-s005-a037-w004	5:37	5:37	4	5:37:4	مِنَ	مِن		P					STEM|POS:P|LEM:min
w-s005-a037-w005	5:37	5:37	5	5:37:5	ٱلنَّارِ	نَار	ن و ر	N					PREFIX|Al+ | STEM|POS:N|LEM:naAr|ROOT:nwr|F|GEN
w-s005-a037-w006	5:37	5:37	6	5:37:6	وَمَا	مَا		NEG					PREFIX|w:REM+ | STEM|POS:NEG|LEM:maA|SP:kaAn
w-s005-a037-w007	5:37	5:37	7	5:37:7	هُم			PRON					STEM|POS:PRON|3MP
w-s005-a037-w008	5:37	5:37	8	5:37:8	بِخَٰرِجِينَ	خَارِج	خ ر ج	N			ACT		PREFIX|bi+ | STEM|POS:N|ACT|PCPL|LEM:xaArij|ROOT:xrj|MP|GEN
w-s005-a037-w009	5:37	5:37	9	5:37:9	مِنْهَا	مِن		P					STEM|POS:P|LEM:min | SUFFIX|PRON:3FS
w-s005-a037-w010	5:37	5:37	10	5:37:10	وَلَهُمْ			PRON					PREFIX|w:REM+ | PREFIX|l:P+ | STEM|POS:PRON|3MP
w-s005-a037-w011	5:37	5:37	11	5:37:11	عَذَابٌ	عَذَاب	ع ذ ب	N					STEM|POS:N|LEM:Ea*aAb|ROOT:E*b|M|INDEF|NOM
w-s005-a037-w012	5:37	5:37	12	5:37:12	مُّقِيمٌ	مُّقِيم	ق و م	ADJ			ACT	IV	STEM|POS:ADJ|ACT|PCPL|(IV)|LEM:m~uqiym|ROOT:qwm|M|INDEF|NOM
w-s005-a038-w001	5:38	5:38	1	5:38:1	وَٱلسَّارِقُ	سَّارِق	س ر ق	N			ACT		PREFIX|w:REM+ | PREFIX|Al+ | STEM|POS:N|ACT|PCPL|LEM:s~aAriq|ROOT:srq|M|NOM
w-s005-a038-w002	5:38	5:38	2	5:38:2	وَٱلسَّارِقَةُ	سَّارِقَة	س ر ق	N			ACT		PREFIX|w:CONJ+ | PREFIX|Al+ | STEM|POS:N|ACT|PCPL|LEM:s~aAriqap|ROOT:srq|F|NOM
w-s005-a038-w003	5:38	5:38	3	5:38:3	فَٱقْطَعُوٓا۟	قُطِعَ	ق ط ع	V	IMPV				PREFIX|f:SUP+ | STEM|POS:V|IMPV|LEM:quTiEa|ROOT:qTE|2MP | SUFFIX|PRON:2MP
w-s005-a038-w004	5:38	5:38	4	5:38:4	أَيْدِيَهُمَا	يَد	ي د ي	N					STEM|POS:N|LEM:yad|ROOT:ydy|FP|ACC | SUFFIX|PRON:3MD
w-s005-a038-w005	5:38	5:38	5	5:38:5	جَزَآءًۢ	جَزَآء	ج ز ي	N					STEM|POS:N|LEM:jazaA^'|ROOT:jzy|M|INDEF|ACC
w-s005-a038-w006	5:38	5:38	6	5:38:6	بِمَا	مَا		REL					PREFIX|bi+ | STEM|POS:REL|LEM:maA
w-s005-a038-w007	5:38	5:38	7	5:38:7	كَسَبَا	كَسَبَ	ك س ب	V	PERF				STEM|POS:V|PERF|LEM:kasaba|ROOT:ksb|3MD | SUFFIX|PRON:3MD
w-s005-a038-w008	5:38	5:38	8	5:38:8	نَكَٰلًا	نَكَٰل	ن ك ل	N					STEM|POS:N|LEM:naka`l|ROOT:nkl|M|INDEF|ACC
w-s005-a038-w009	5:38	5:38	9	5:38:9	مِّنَ	مِن		P					STEM|POS:P|LEM:min
w-s005-a038-w010	5:38	5:38	10	5:38:10	ٱللَّهِ	ٱللَّه	ء ل ه	PN					STEM|POS:PN|LEM:{ll~ah|ROOT:Alh|GEN
w-s005-a038-w011	5:38	5:38	11	5:38:11	وَٱللَّهُ	ٱللَّه	ء ل ه	PN					PREFIX|w:REM+ | STEM|POS:PN|LEM:{ll~ah|ROOT:Alh|NOM
w-s005-a038-w012	5:38	5:38	12	5:38:12	عَزِيزٌ	عَزِيز	ع ز ز	N					STEM|POS:N|LEM:Eaziyz|ROOT:Ezz|MS|INDEF|NOM
w-s005-a038-w013	5:38	5:38	13	5:38:13	حَكِيمٌ	حَكِيم	ح ك م	ADJ					STEM|POS:ADJ|LEM:Hakiym|ROOT:Hkm|MS|INDEF|NOM
w-s005-a039-w001	5:39	5:39	1	5:39:1	فَمَن	مَن		COND					PREFIX|f:REM+ | STEM|POS:COND|LEM:man
w-s005-a039-w002	5:39	5:39	2	5:39:2	تَابَ	تَابَ	ت و ب	V	PERF				STEM|POS:V|PERF|LEM:taAba|ROOT:twb|3MS
w-s005-a039-w003	5:39	5:39	3	5:39:3	مِنۢ	مِن		P					STEM|POS:P|LEM:min
w-s005-a039-w004	5:39	5:39	4	5:39:4	بَعْدِ	بَعْد	ب ع د	N					STEM|POS:N|LEM:baEod|ROOT:bEd|GEN
w-s005-a039-w005	5:39	5:39	5	5:39:5	ظُلْمِهِۦ	ظُلْم	ظ ل م	N					STEM|POS:N|LEM:Zulom|ROOT:Zlm|M|GEN | SUFFIX|PRON:3MS
w-s005-a039-w006	5:39	5:39	6	5:39:6	وَأَصْلَحَ	أَصْلَحَ	ص ل ح	V	PERF			IV	PREFIX|w:CONJ+ | STEM|POS:V|PERF|(IV)|LEM:>aSolaHa|ROOT:SlH|3MS
w-s005-a039-w007	5:39	5:39	7	5:39:7	فَإِنَّ	إِنّ		ACC					PREFIX|f:RSLT+ | STEM|POS:ACC|LEM:<in~|SP:<in~
w-s005-a039-w008	5:39	5:39	8	5:39:8	ٱللَّهَ	ٱللَّه	ء ل ه	PN					STEM|POS:PN|LEM:{ll~ah|ROOT:Alh|ACC
w-s005-a039-w009	5:39	5:39	9	5:39:9	يَتُوبُ	تَابَ	ت و ب	V	IMPF				STEM|POS:V|IMPF|LEM:taAba|ROOT:twb|3MS
w-s005-a039-w010	5:39	5:39	10	5:39:10	عَلَيْهِ	عَلَىٰ		P					STEM|POS:P|LEM:EalaY` | SUFFIX|PRON:3MS
w-s005-a039-w011	5:39	5:39	11	5:39:11	إِنَّ	إِنّ		ACC					STEM|POS:ACC|LEM:<in~|SP:<in~
w-s005-a039-w012	5:39	5:39	12	5:39:12	ٱللَّهَ	ٱللَّه	ء ل ه	PN					STEM|POS:PN|LEM:{ll~ah|ROOT:Alh|ACC
w-s005-a039-w013	5:39	5:39	13	5:39:13	غَفُورٌ	غَفُور	غ ف ر	N					STEM|POS:N|LEM:gafuwr|ROOT:gfr|MS|INDEF|NOM
w-s005-a039-w014	5:39	5:39	14	5:39:14	رَّحِيمٌ	رَّحِيم	ر ح م	ADJ					STEM|POS:ADJ|LEM:r~aHiym|ROOT:rHm|MS|INDEF|NOM
w-s005-a040-w001	5:40	5:40	1	5:40:1	أَلَمْ	لَم		NEG					PREFIX|A:INTG+ | STEM|POS:NEG|LEM:lam
w-s005-a040-w002	5:40	5:40	2	5:40:2	تَعْلَمْ	عَلِمَ	ع ل م	V	IMPF	JUS			STEM|POS:V|IMPF|LEM:Ealima|ROOT:Elm|2MS|MOOD:JUS
w-s005-a040-w003	5:40	5:40	3	5:40:3	أَنَّ	أَنّ		ACC					STEM|POS:ACC|LEM:>an~|SP:<in~
w-s005-a040-w004	5:40	5:40	4	5:40:4	ٱللَّهَ	ٱللَّه	ء ل ه	PN					STEM|POS:PN|LEM:{ll~ah|ROOT:Alh|ACC
w-s005-a040-w005	5:40	5:40	5	5:40:5	لَهُۥ			PRON					PREFIX|l:P+ | STEM|POS:PRON|3MS
w-s005-a040-w006	5:40	5:40	6	5:40:6	مُلْكُ	مُلْك	م ل ك	N					STEM|POS:N|LEM:mulok|ROOT:mlk|M|NOM
w-s005-a040-w007	5:40	5:40	7	5:40:7	ٱلسَّمَٰوَٰتِ	سَمَآء	س م و	N					PREFIX|Al+ | STEM|POS:N|LEM:samaA^'|ROOT:smw|FP|GEN
w-s005-a040-w008	5:40	5:40	8	5:40:8	وَٱلْأَرْضِ	أَرْض	ء ر ض	N					PREFIX|w:CONJ+ | PREFIX|Al+ | STEM|POS:N|LEM:>aroD|ROOT:ArD|F|GEN
w-s005-a040-w009	5:40	5:40	9	5:40:9	يُعَذِّبُ	عَذَّبَ	ع ذ ب	V	IMPF			II	STEM|POS:V|IMPF|(II)|LEM:Ea*~aba|ROOT:E*b|3MS
w-s005-a040-w010	5:40	5:40	10	5:40:10	مَن	مَن		REL					STEM|POS:REL|LEM:man
w-s005-a040-w011	5:40	5:40	11	5:40:11	يَشَآءُ	شَآءَ	ش ي ء	V	IMPF				STEM|POS:V|IMPF|LEM:$aA^'a|ROOT:$yA|3MS
w-s005-a040-w012	5:40	5:40	12	5:40:12	وَيَغْفِرُ	غَفَرَ	غ ف ر	V	IMPF				PREFIX|w:CONJ+ | STEM|POS:V|IMPF|LEM:gafara|ROOT:gfr|3MS
w-s005-a040-w013	5:40	5:40	13	5:40:13	لِمَن	مَن		REL					PREFIX|l:P+ | STEM|POS:REL|LEM:man
w-s005-a040-w014	5:40	5:40	14	5:40:14	يَشَآءُ	شَآءَ	ش ي ء	V	IMPF				STEM|POS:V|IMPF|LEM:$aA^'a|ROOT:$yA|3MS
w-s005-a040-w015	5:40	5:40	15	5:40:15	وَٱللَّهُ	ٱللَّه	ء ل ه	PN					PREFIX|w:REM+ | STEM|POS:PN|LEM:{ll~ah|ROOT:Alh|NOM
w-s005-a040-w016	5:40	5:40	16	5:40:16	عَلَىٰ	عَلَىٰ		P					STEM|POS:P|LEM:EalaY`
w-s005-a040-w017	5:40	5:40	17	5:40:17	كُلِّ	كُلّ	ك ل ل	N					STEM|POS:N|LEM:kul~|ROOT:kll|M|GEN
w-s005-a040-w018	5:40	5:40	18	5:40:18	شَىْءٍ	شَىْء	ش ي ء	N					STEM|POS:N|LEM:$aYo'|ROOT:$yA|M|INDEF|GEN
w-s005-a040-w019	5:40	5:40	19	5:40:19	قَدِيرٌ	قَدِير	ق د ر	N					STEM|POS:N|LEM:qadiyr|ROOT:qdr|M|INDEF|NOM
w-s005-a041-w001	5:41	5:41	1	5:41:1	يَٰٓأَيُّهَا	أَيُّهَا		N					PREFIX|ya+ | STEM|POS:N|LEM:>ay~uhaA|NOM
w-s005-a041-w002	5:41	5:41	2	5:41:2	ٱلرَّسُولُ	رَسُول	ر س ل	N					PREFIX|Al+ | STEM|POS:N|LEM:rasuwl|ROOT:rsl|M|NOM
w-s005-a041-w003	5:41	5:41	3	5:41:3	لَا	لَا		PRO					STEM|POS:PRO|LEM:laA
w-s005-a041-w004	5:41	5:41	4	5:41:4	يَحْزُنكَ	يَحْزُن	ح ز ن	V	IMPF	JUS			STEM|POS:V|IMPF|LEM:yaHozun|ROOT:Hzn|3MS|MOOD:JUS | SUFFIX|PRON:2MS
w-s005-a041-w005	5:41	5:41	5	5:41:5	ٱلَّذِينَ	ٱلَّذِى		REL					STEM|POS:REL|LEM:{l~a*iY|MP
w-s005-a041-w006	5:41	5:41	6	5:41:6	يُسَٰرِعُونَ	يُسَٰرِعُ	س ر ع	V	IMPF			III	STEM|POS:V|IMPF|(III)|LEM:yusa`riEu|ROOT:srE|3MP | SUFFIX|PRON:3MP
w-s005-a041-w007	5:41	5:41	7	5:41:7	فِى	فِى		P					STEM|POS:P|LEM:fiY
w-s005-a041-w008	5:41	5:41	8	5:41:8	ٱلْكُفْرِ	كُفْر	ك ف ر	N					PREFIX|Al+ | STEM|POS:N|LEM:kufor|ROOT:kfr|M|GEN
w-s005-a041-w009	5:41	5:41	9	5:41:9	مِنَ	مِن		P					STEM|POS:P|LEM:min
w-s005-a041-w010	5:41	5:41	10	5:41:10	ٱلَّذِينَ	ٱلَّذِى		REL					STEM|POS:REL|LEM:{l~a*iY|MP
w-s005-a041-w011	5:41	5:41	11	5:41:11	قَالُوٓا۟	قَالَ	ق و ل	V	PERF				STEM|POS:V|PERF|LEM:qaAla|ROOT:qwl|3MP | SUFFIX|PRON:3MP
w-s005-a041-w012	5:41	5:41	12	5:41:12	ءَامَنَّا	ءَامَنَ	ء م ن	V	PERF			IV	STEM|POS:V|PERF|(IV)|LEM:'aAmana|ROOT:Amn|1P | SUFFIX|PRON:1P
w-s005-a041-w013	5:41	5:41	13	5:41:13	بِأَفْوَٰهِهِمْ	أَفْوَٰه	ف و ه	N					PREFIX|bi+ | STEM|POS:N|LEM:>afowa`h|ROOT:fwh|MP|GEN | SUFFIX|PRON:3MP
w-s005-a041-w014	5:41	5:41	14	5:41:14	وَلَمْ	لَم		NEG					PREFIX|w:REM+ | STEM|POS:NEG|LEM:lam
w-s005-a041-w015	5:41	5:41	15	5:41:15	تُؤْمِن	ءَامَنَ	ء م ن	V	IMPF	JUS		IV	STEM|POS:V|IMPF|(IV)|LEM:'aAmana|ROOT:Amn|3FS|MOOD:JUS
w-s005-a041-w016	5:41	5:41	16	5:41:16	قُلُوبُهُمْ	قَلْب	ق ل ب	N					STEM|POS:N|LEM:qalob|ROOT:qlb|FP|NOM | SUFFIX|PRON:3MP
w-s005-a041-w017	5:41	5:41	17	5:41:17	وَمِنَ	مِن		P					PREFIX|w:CONJ+ | STEM|POS:P|LEM:min
w-s005-a041-w018	5:41	5:41	18	5:41:18	ٱلَّذِينَ	ٱلَّذِى		REL					STEM|POS:REL|LEM:{l~a*iY|MP
w-s005-a041-w019	5:41	5:41	19	5:41:19	هَادُوا۟	هَادُ	ه و د	V	PERF				STEM|POS:V|PERF|LEM:haAdu|ROOT:hwd|3MP | SUFFIX|PRON:3MP
w-s005-a041-w020	5:41	5:41	20	5:41:20	سَمَّٰعُونَ	سَمَّٰعُون	س م ع	N					STEM|POS:N|LEM:sam~a`Euwn|ROOT:smE|MP|NOM
w-s005-a041-w021	5:41	5:41	21	5:41:21	لِلْكَذِبِ	كَذِب	ك ذ ب	N					PREFIX|l:P+ | PREFIX|Al+ | STEM|POS:N|LEM:ka*ib|ROOT:k*b|M|GEN
w-s005-a041-w022	5:41	5:41	22	5:41:22	سَمَّٰعُونَ	سَمَّٰعُون	س م ع	N					STEM|POS:N|LEM:sam~a`Euwn|ROOT:smE|MP|NOM
w-s005-a041-w023	5:41	5:41	23	5:41:23	لِقَوْمٍ	قَوْم	ق و م	N					PREFIX|l:P+ | STEM|POS:N|LEM:qawom|ROOT:qwm|M|INDEF|GEN
w-s005-a041-w024	5:41	5:41	24	5:41:24	ءَاخَرِينَ	آخَر	ء خ ر	ADJ					STEM|POS:ADJ|LEM:A^xar|ROOT:Axr|MP|GEN
w-s005-a041-w025	5:41	5:41	25	5:41:25	لَمْ	لَم		NEG					STEM|POS:NEG|LEM:lam
w-s005-a041-w026	5:41	5:41	26	5:41:26	يَأْتُوكَ	أَتَى	ء ت ي	V	IMPF	JUS			STEM|POS:V|IMPF|LEM:>ataY|ROOT:Aty|3MP|MOOD:JUS | SUFFIX|PRON:3MP | SUFFIX|PRON:2MS
w-s005-a041-w027	5:41	5:41	27	5:41:27	يُحَرِّفُونَ	يُحَرِّفُ	ح ر ف	V	IMPF			II	STEM|POS:V|IMPF|(II)|LEM:yuHar~ifu|ROOT:Hrf|3MP | SUFFIX|PRON:3MP
w-s005-a041-w028	5:41	5:41	28	5:41:28	ٱلْكَلِمَ	كَلِم	ك ل م	N					PREFIX|Al+ | STEM|POS:N|LEM:kalim|ROOT:klm|M|ACC
w-s005-a041-w029	5:41	5:41	29	5:41:29	مِنۢ	مِن		P					STEM|POS:P|LEM:min
w-s005-a041-w030	5:41	5:41	30	5:41:30	بَعْدِ	بَعْد	ب ع د	N					STEM|POS:N|LEM:baEod|ROOT:bEd|GEN
w-s005-a041-w031	5:41	5:41	31	5:41:31	مَوَاضِعِهِۦ	مَّوَاضِع	و ض ع	N					STEM|POS:N|LEM:m~awaADiE|ROOT:wDE|MP|GEN | SUFFIX|PRON:3MS
w-s005-a041-w032	5:41	5:41	32	5:41:32	يَقُولُونَ	قَالَ	ق و ل	V	IMPF				STEM|POS:V|IMPF|LEM:qaAla|ROOT:qwl|3MP | SUFFIX|PRON:3MP
w-s005-a041-w033	5:41	5:41	33	5:41:33	إِنْ	إِن		COND					STEM|POS:COND|LEM:<in
w-s005-a041-w034	5:41	5:41	34	5:41:34	أُوتِيتُمْ	آتَى	ء ت ي	V	PERF		PASS	IV	STEM|POS:V|PERF|PASS|(IV)|LEM:A^taY|ROOT:Aty|2MP | SUFFIX|PRON:2MP
w-s005-a041-w035	5:41	5:41	35	5:41:35	هَٰذَا	هَٰذَا		DEM					STEM|POS:DEM|LEM:ha`*aA|MS
w-s005-a041-w036	5:41	5:41	36	5:41:36	فَخُذُوهُ	أَخَذَ	ء خ ذ	V	IMPV				PREFIX|f:RSLT+ | STEM|POS:V|IMPV|LEM:>axa*a|ROOT:Ax*|2MP | SUFFIX|PRON:2MP | SUFFIX|PRON:3MS
w-s005-a041-w037	5:41	5:41	37	5:41:37	وَإِن	إِن		COND					PREFIX|w:CONJ+ | STEM|POS:COND|LEM:<in
w-s005-a041-w038	5:41	5:41	38	5:41:38	لَّمْ	لَم		NEG					STEM|POS:NEG|LEM:lam
w-s005-a041-w039	5:41	5:41	39	5:41:39	تُؤْتَوْهُ	آتَى	ء ت ي	V	IMPF	SUBJ	PASS	IV	STEM|POS:V|IMPF|PASS|(IV)|LEM:A^taY|ROOT:Aty|2MP|MOOD:SUBJ | SUFFIX|PRON:2MP | SUFFIX|PRON:3MS
w-s005-a041-w040	5:41	5:41	40	5:41:40	فَٱحْذَرُوا۟	يَحْذَرُ	ح ذ ر	V	IMPV				PREFIX|f:RSLT+ | STEM|POS:V|IMPV|LEM:yaHo*aru|ROOT:H*r|2MP | SUFFIX|PRON:2MP
w-s005-a041-w041	5:41	5:41	41	5:41:41	وَمَن	مَن		COND					PREFIX|w:REM+ | STEM|POS:COND|LEM:man
w-s005-a041-w042	5:41	5:41	42	5:41:42	يُرِدِ	أَرَادَ	ر و د	V	IMPF	JUS		IV	STEM|POS:V|IMPF|(IV)|LEM:>araAda|ROOT:rwd|3MS|MOOD:JUS
w-s005-a041-w043	5:41	5:41	43	5:41:43	ٱللَّهُ	ٱللَّه	ء ل ه	PN					STEM|POS:PN|LEM:{ll~ah|ROOT:Alh|NOM
w-s005-a041-w044	5:41	5:41	44	5:41:44	فِتْنَتَهُۥ	فِتْنَة	ف ت ن	N					STEM|POS:N|LEM:fitonap|ROOT:ftn|F|ACC | SUFFIX|PRON:3MS
w-s005-a041-w045	5:41	5:41	45	5:41:45	فَلَن	لَن		NEG					PREFIX|f:RSLT+ | STEM|POS:NEG|LEM:lan
w-s005-a041-w046	5:41	5:41	46	5:41:46	تَمْلِكَ	مَلَكَتْ	م ل ك	V	IMPF	SUBJ			STEM|POS:V|IMPF|LEM:malakato|ROOT:mlk|2MS|MOOD:SUBJ
w-s005-a041-w047	5:41	5:41	47	5:41:47	لَهُۥ			PRON					PREFIX|l:P+ | STEM|POS:PRON|3MS
w-s005-a041-w048	5:41	5:41	48	5:41:48	مِنَ	مِن		P					STEM|POS:P|LEM:min
w-s005-a041-w049	5:41	5:41	49	5:41:49	ٱللَّهِ	ٱللَّه	ء ل ه	PN					STEM|POS:PN|LEM:{ll~ah|ROOT:Alh|GEN
w-s005-a041-w050	5:41	5:41	50	5:41:50	شَيْـًٔا	شَىْء	ش ي ء	N					STEM|POS:N|LEM:$aYo'|ROOT:$yA|M|INDEF|ACC
w-s005-a041-w051	5:41	5:41	51	5:41:51	أُو۟لَٰٓئِكَ	أُولَٰٓئِك		DEM					STEM|POS:DEM|LEM:>uwla`^}ik|P
w-s005-a041-w052	5:41	5:41	52	5:41:52	ٱلَّذِينَ	ٱلَّذِى		REL					STEM|POS:REL|LEM:{l~a*iY|MP
w-s005-a041-w053	5:41	5:41	53	5:41:53	لَمْ	لَم		NEG					STEM|POS:NEG|LEM:lam
w-s005-a041-w054	5:41	5:41	54	5:41:54	يُرِدِ	أَرَادَ	ر و د	V	IMPF	JUS		IV	STEM|POS:V|IMPF|(IV)|LEM:>araAda|ROOT:rwd|3MS|MOOD:JUS
w-s005-a041-w055	5:41	5:41	55	5:41:55	ٱللَّهُ	ٱللَّه	ء ل ه	PN					STEM|POS:PN|LEM:{ll~ah|ROOT:Alh|NOM
w-s005-a041-w056	5:41	5:41	56	5:41:56	أَن	أَن		SUB					STEM|POS:SUB|LEM:>an
w-s005-a041-w057	5:41	5:41	57	5:41:57	يُطَهِّرَ	طَهَّرَ	ط ه ر	V	IMPF	SUBJ		II	STEM|POS:V|IMPF|(II)|LEM:Tah~ara|ROOT:Thr|3MS|MOOD:SUBJ
w-s005-a041-w058	5:41	5:41	58	5:41:58	قُلُوبَهُمْ	قَلْب	ق ل ب	N					STEM|POS:N|LEM:qalob|ROOT:qlb|FP|ACC | SUFFIX|PRON:3MP
w-s005-a041-w059	5:41	5:41	59	5:41:59	لَهُمْ			PRON					PREFIX|l:P+ | STEM|POS:PRON|3MP
w-s005-a041-w060	5:41	5:41	60	5:41:60	فِى	فِى		P					STEM|POS:P|LEM:fiY
w-s005-a041-w061	5:41	5:41	61	5:41:61	ٱلدُّنْيَا	دُّنْيَا	د ن و	N					PREFIX|Al+ | STEM|POS:N|LEM:d~unoyaA|ROOT:dnw|FS|GEN
w-s005-a041-w062	5:41	5:41	62	5:41:62	خِزْىٌ	خِزْى	خ ز ي	N					STEM|POS:N|LEM:xizoY|ROOT:xzy|M|INDEF|NOM
w-s005-a041-w063	5:41	5:41	63	5:41:63	وَلَهُمْ			PRON					PREFIX|w:CONJ+ | PREFIX|l:P+ | STEM|POS:PRON|3MP
w-s005-a041-w064	5:41	5:41	64	5:41:64	فِى	فِى		P					STEM|POS:P|LEM:fiY
w-s005-a041-w065	5:41	5:41	65	5:41:65	ٱلْءَاخِرَةِ	آخِر	ء خ ر	N					PREFIX|Al+ | STEM|POS:N|LEM:A^xir|ROOT:Axr|FS|GEN
w-s005-a041-w066	5:41	5:41	66	5:41:66	عَذَابٌ	عَذَاب	ع ذ ب	N					STEM|POS:N|LEM:Ea*aAb|ROOT:E*b|M|INDEF|NOM
w-s005-a041-w067	5:41	5:41	67	5:41:67	عَظِيمٌ	عَظِيم	ع ظ م	ADJ					STEM|POS:ADJ|LEM:EaZiym|ROOT:EZm|MS|INDEF|NOM
w-s005-a042-w001	5:42	5:42	1	5:42:1	سَمَّٰعُونَ	سَمَّٰعُون	س م ع	N					STEM|POS:N|LEM:sam~a`Euwn|ROOT:smE|MP|NOM
w-s005-a042-w002	5:42	5:42	2	5:42:2	لِلْكَذِبِ	كَذِب	ك ذ ب	N					PREFIX|l:P+ | PREFIX|Al+ | STEM|POS:N|LEM:ka*ib|ROOT:k*b|M|GEN
w-s005-a042-w003	5:42	5:42	3	5:42:3	أَكَّٰلُونَ	أَكَّٰلُون	ء ك ل	N					STEM|POS:N|LEM:>ak~a`luwn|ROOT:Akl|MP|NOM
w-s005-a042-w004	5:42	5:42	4	5:42:4	لِلسُّحْتِ	سُّحْت	س ح ت	N					PREFIX|l:P+ | PREFIX|Al+ | STEM|POS:N|LEM:s~uHot|ROOT:sHt|M|GEN
w-s005-a042-w005	5:42	5:42	5	5:42:5	فَإِن	إِن		COND					PREFIX|f:REM+ | STEM|POS:COND|LEM:<in
w-s005-a042-w006	5:42	5:42	6	5:42:6	جَآءُوكَ	جَآءَ	ج ي ء	V	PERF				STEM|POS:V|PERF|LEM:jaA^'a|ROOT:jyA|3MP | SUFFIX|PRON:3MP | SUFFIX|PRON:2MS
w-s005-a042-w007	5:42	5:42	7	5:42:7	فَٱحْكُم	حَكَمَ	ح ك م	V	IMPV				PREFIX|f:RSLT+ | STEM|POS:V|IMPV|LEM:Hakama|ROOT:Hkm|2MS
w-s005-a042-w008	5:42	5:42	8	5:42:8	بَيْنَهُمْ	بَيْن	ب ي ن	LOC					STEM|POS:LOC|LEM:bayon|ROOT:byn|ACC | SUFFIX|PRON:3MP
w-s005-a042-w009	5:42	5:42	9	5:42:9	أَوْ	أَو		CONJ					STEM|POS:CONJ|LEM:>aw
w-s005-a042-w010	5:42	5:42	10	5:42:10	أَعْرِضْ	أَعْرَضَ	ع ر ض	V	IMPV			IV	STEM|POS:V|IMPV|(IV)|LEM:>aEoraDa|ROOT:ErD|2MS
w-s005-a042-w011	5:42	5:42	11	5:42:11	عَنْهُمْ	عَن		P					STEM|POS:P|LEM:Ean | SUFFIX|PRON:3MP
w-s005-a042-w012	5:42	5:42	12	5:42:12	وَإِن	إِن		COND					PREFIX|w:CONJ+ | STEM|POS:COND|LEM:<in
w-s005-a042-w013	5:42	5:42	13	5:42:13	تُعْرِضْ	أَعْرَضَ	ع ر ض	V	IMPF	JUS		IV	STEM|POS:V|IMPF|(IV)|LEM:>aEoraDa|ROOT:ErD|2MS|MOOD:JUS
w-s005-a042-w014	5:42	5:42	14	5:42:14	عَنْهُمْ	عَن		P					STEM|POS:P|LEM:Ean | SUFFIX|PRON:3MP
w-s005-a042-w015	5:42	5:42	15	5:42:15	فَلَن	لَن		NEG					PREFIX|f:RSLT+ | STEM|POS:NEG|LEM:lan
w-s005-a042-w016	5:42	5:42	16	5:42:16	يَضُرُّوكَ	يَضُرَّ	ض ر ر	V	IMPF	SUBJ			STEM|POS:V|IMPF|LEM:yaDur~a|ROOT:Drr|3MP|MOOD:SUBJ | SUFFIX|PRON:3MP | SUFFIX|PRON:2MS
w-s005-a042-w017	5:42	5:42	17	5:42:17	شَيْـًٔا	شَىْء	ش ي ء	N					STEM|POS:N|LEM:$aYo'|ROOT:$yA|M|INDEF|ACC
w-s005-a042-w018	5:42	5:42	18	5:42:18	وَإِنْ	إِن		COND					PREFIX|w:CONJ+ | STEM|POS:COND|LEM:<in
w-s005-a042-w019	5:42	5:42	19	5:42:19	حَكَمْتَ	حَكَمَ	ح ك م	V	PERF				STEM|POS:V|PERF|LEM:Hakama|ROOT:Hkm|2MS | SUFFIX|PRON:2MS
w-s005-a042-w020	5:42	5:42	20	5:42:20	فَٱحْكُم	حَكَمَ	ح ك م	V	IMPV				PREFIX|f:RSLT+ | STEM|POS:V|IMPV|LEM:Hakama|ROOT:Hkm|2MS
w-s005-a042-w021	5:42	5:42	21	5:42:21	بَيْنَهُم	بَيْن	ب ي ن	LOC					STEM|POS:LOC|LEM:bayon|ROOT:byn|ACC | SUFFIX|PRON:3MP
w-s005-a042-w022	5:42	5:42	22	5:42:22	بِٱلْقِسْطِ	قِسْط	ق س ط	N					PREFIX|bi+ | PREFIX|Al+ | STEM|POS:N|LEM:qisoT|ROOT:qsT|M|GEN
w-s005-a042-w023	5:42	5:42	23	5:42:23	إِنَّ	إِنّ		ACC					STEM|POS:ACC|LEM:<in~|SP:<in~
w-s005-a042-w024	5:42	5:42	24	5:42:24	ٱللَّهَ	ٱللَّه	ء ل ه	PN					STEM|POS:PN|LEM:{ll~ah|ROOT:Alh|ACC
w-s005-a042-w025	5:42	5:42	25	5:42:25	يُحِبُّ	أَحْبَبْ	ح ب ب	V	IMPF			IV	STEM|POS:V|IMPF|(IV)|LEM:>aHobabo|ROOT:Hbb|3MS
w-s005-a042-w026	5:42	5:42	26	5:42:26	ٱلْمُقْسِطِينَ	مُقْسِطِين	ق س ط	N			ACT	IV	PREFIX|Al+ | STEM|POS:N|ACT|PCPL|(IV)|LEM:muqosiTiyn|ROOT:qsT|MP|ACC
w-s005-a043-w001	5:43	5:43	1	5:43:1	وَكَيْفَ	كَيْف	ك ي ف	INTG					PREFIX|w:REM+ | STEM|POS:INTG|LEM:kayof|ROOT:kyf
w-s005-a043-w002	5:43	5:43	2	5:43:2	يُحَكِّمُونَكَ	يُحَكِّمُ	ح ك م	V	IMPF			II	STEM|POS:V|IMPF|(II)|LEM:yuHak~imu|ROOT:Hkm|3MP | SUFFIX|PRON:3MP | SUFFIX|PRON:2MS
w-s005-a043-w003	5:43	5:43	3	5:43:3	وَعِندَهُمُ	عِند	ع ن د	LOC					PREFIX|w:CIRC+ | STEM|POS:LOC|LEM:Eind|ROOT:End|ACC | SUFFIX|PRON:3MP
w-s005-a043-w004	5:43	5:43	4	5:43:4	ٱلتَّوْرَىٰةُ	تَّوْرَىٰة		PN					PREFIX|Al+ | STEM|POS:PN|LEM:t~aworaY`p|NOM
w-s005-a043-w005	5:43	5:43	5	5:43:5	فِيهَا	فِى		P					STEM|POS:P|LEM:fiY | SUFFIX|PRON:3FS
w-s005-a043-w006	5:43	5:43	6	5:43:6	حُكْمُ	حُكْم	ح ك م	N					STEM|POS:N|LEM:Hukom|ROOT:Hkm|M|NOM
w-s005-a043-w007	5:43	5:43	7	5:43:7	ٱللَّهِ	ٱللَّه	ء ل ه	PN					STEM|POS:PN|LEM:{ll~ah|ROOT:Alh|GEN
w-s005-a043-w008	5:43	5:43	8	5:43:8	ثُمَّ	ثُمّ		CONJ					STEM|POS:CONJ|LEM:vum~
w-s005-a043-w009	5:43	5:43	9	5:43:9	يَتَوَلَّوْنَ	تَوَلَّىٰ	و ل ي	V	IMPF			V	STEM|POS:V|IMPF|(V)|LEM:tawal~aY`|ROOT:wly|3MP | SUFFIX|PRON:3MP
w-s005-a043-w010	5:43	5:43	10	5:43:10	مِنۢ	مِن		P					STEM|POS:P|LEM:min
w-s005-a043-w011	5:43	5:43	11	5:43:11	بَعْدِ	بَعْد	ب ع د	N					STEM|POS:N|LEM:baEod|ROOT:bEd|GEN
w-s005-a043-w012	5:43	5:43	12	5:43:12	ذَٰلِكَ	ذَٰلِك		DEM					STEM|POS:DEM|LEM:*a`lik|MS
w-s005-a043-w013	5:43	5:43	13	5:43:13	وَمَآ	مَا		NEG					PREFIX|w:REM+ | STEM|POS:NEG|LEM:maA|SP:kaAn
w-s005-a043-w014	5:43	5:43	14	5:43:14	أُو۟لَٰٓئِكَ	أُولَٰٓئِك		DEM					STEM|POS:DEM|LEM:>uwla`^}ik|P
w-s005-a043-w015	5:43	5:43	15	5:43:15	بِٱلْمُؤْمِنِينَ	مُؤْمِن	ء م ن	N			ACT	IV	PREFIX|bi+ | PREFIX|Al+ | STEM|POS:N|ACT|PCPL|(IV)|LEM:mu&omin|ROOT:Amn|MP|GEN
w-s005-a044-w001	5:44	5:44	1	5:44:1	إِنَّآ	إِنّ		ACC					STEM|POS:ACC|LEM:<in~|SP:<in~ | SUFFIX|PRON:1P
w-s005-a044-w002	5:44	5:44	2	5:44:2	أَنزَلْنَا	أَنزَلَ	ن ز ل	V	PERF			IV	STEM|POS:V|PERF|(IV)|LEM:>anzala|ROOT:nzl|1P | SUFFIX|PRON:1P
w-s005-a044-w003	5:44	5:44	3	5:44:3	ٱلتَّوْرَىٰةَ	تَّوْرَىٰة		PN					PREFIX|Al+ | STEM|POS:PN|LEM:t~aworaY`p|ACC
w-s005-a044-w004	5:44	5:44	4	5:44:4	فِيهَا	فِى		P					STEM|POS:P|LEM:fiY | SUFFIX|PRON:3FS
w-s005-a044-w005	5:44	5:44	5	5:44:5	هُدًى	هُدًى	ه د ي	N					STEM|POS:N|LEM:hudFY|ROOT:hdy|M|INDEF|NOM
w-s005-a044-w006	5:44	5:44	6	5:44:6	وَنُورٌ	نُور	ن و ر	N					PREFIX|w:CONJ+ | STEM|POS:N|LEM:nuwr|ROOT:nwr|M|INDEF|NOM
w-s005-a044-w007	5:44	5:44	7	5:44:7	يَحْكُمُ	حَكَمَ	ح ك م	V	IMPF				STEM|POS:V|IMPF|LEM:Hakama|ROOT:Hkm|3MS
w-s005-a044-w008	5:44	5:44	8	5:44:8	بِهَا			PRON					PREFIX|bi+ | STEM|POS:PRON|3FS
w-s005-a044-w009	5:44	5:44	9	5:44:9	ٱلنَّبِيُّونَ	نَّبِىّ	ن ب ء	N					PREFIX|Al+ | STEM|POS:N|LEM:n~abiY~|ROOT:nbA|MP|NOM
w-s005-a044-w010	5:44	5:44	10	5:44:10	ٱلَّذِينَ	ٱلَّذِى		REL					STEM|POS:REL|LEM:{l~a*iY|MP
w-s005-a044-w011	5:44	5:44	11	5:44:11	أَسْلَمُوا۟	أَسْلَمَ	س ل م	V	PERF			IV	STEM|POS:V|PERF|(IV)|LEM:>asolama|ROOT:slm|3MP | SUFFIX|PRON:3MP
w-s005-a044-w012	5:44	5:44	12	5:44:12	لِلَّذِينَ	ٱلَّذِى		REL					PREFIX|l:P+ | STEM|POS:REL|LEM:{l~a*iY|MP
w-s005-a044-w013	5:44	5:44	13	5:44:13	هَادُوا۟	هَادُ	ه و د	V	PERF				STEM|POS:V|PERF|LEM:haAdu|ROOT:hwd|3MP | SUFFIX|PRON:3MP
w-s005-a044-w014	5:44	5:44	14	5:44:14	وَٱلرَّبَّٰنِيُّونَ	رَبَّٰنِيِّن	ر ب ب	N					PREFIX|w:CONJ+ | PREFIX|Al+ | STEM|POS:N|LEM:rab~a`niy~in|ROOT:rbb|MP|NOM
w-s005-a044-w015	5:44	5:44	15	5:44:15	وَٱلْأَحْبَارُ	أَحْبَار	ح ب ر	N					PREFIX|w:CONJ+ | PREFIX|Al+ | STEM|POS:N|LEM:>aHobaAr|ROOT:Hbr|MP|NOM
w-s005-a044-w016	5:44	5:44	16	5:44:16	بِمَا	مَا		REL					PREFIX|bi+ | STEM|POS:REL|LEM:maA
w-s005-a044-w017	5:44	5:44	17	5:44:17	ٱسْتُحْفِظُوا۟	ٱسْتُحْفِظُ	ح ف ظ	V	PERF		PASS	X	STEM|POS:V|PERF|PASS|(X)|LEM:{sotuHofiZu|ROOT:HfZ|3MP | SUFFIX|PRON:3MP
w-s005-a044-w018	5:44	5:44	18	5:44:18	مِن	مِن		P					STEM|POS:P|LEM:min
w-s005-a044-w019	5:44	5:44	19	5:44:19	كِتَٰبِ	كِتَٰب	ك ت ب	N					STEM|POS:N|LEM:kita`b|ROOT:ktb|M|GEN
w-s005-a044-w020	5:44	5:44	20	5:44:20	ٱللَّهِ	ٱللَّه	ء ل ه	PN					STEM|POS:PN|LEM:{ll~ah|ROOT:Alh|GEN
w-s005-a044-w021	5:44	5:44	21	5:44:21	وَكَانُوا۟	كَانَ	ك و ن	V	PERF				PREFIX|w:CIRC+ | STEM|POS:V|PERF|LEM:kaAna|ROOT:kwn|SP:kaAn|3MP | SUFFIX|PRON:3MP
w-s005-a044-w022	5:44	5:44	22	5:44:22	عَلَيْهِ	عَلَىٰ		P					STEM|POS:P|LEM:EalaY` | SUFFIX|PRON:3MS
w-s005-a044-w023	5:44	5:44	23	5:44:23	شُهَدَآءَ	شَهِيد	ش ه د	N					STEM|POS:N|LEM:$ahiyd|ROOT:$hd|MP|ACC
w-s005-a044-w024	5:44	5:44	24	5:44:24	فَلَا	لَا		PRO					PREFIX|f:REM+ | STEM|POS:PRO|LEM:laA
w-s005-a044-w025	5:44	5:44	25	5:44:25	تَخْشَوُا۟	خَشِىَ	خ ش ي	V	IMPF	JUS			STEM|POS:V|IMPF|LEM:xa$iYa|ROOT:x$y|2MP|MOOD:JUS | SUFFIX|PRON:2MP
w-s005-a044-w026	5:44	5:44	26	5:44:26	ٱلنَّاسَ	نَّاس	ن و س	N					PREFIX|Al+ | STEM|POS:N|LEM:n~aAs|ROOT:nws|MP|ACC
w-s005-a044-w027	5:44	5:44	27	5:44:27	وَٱخْشَوْنِ	خَشِىَ	خ ش ي	V	IMPV				PREFIX|w:REM+ | STEM|POS:V|IMPV|LEM:xa$iYa|ROOT:x$y|2MP | SUFFIX|PRON:2MP | SUFFIX|PRON:1S
w-s005-a044-w028	5:44	5:44	28	5:44:28	وَلَا	لَا		PRO					PREFIX|w:CONJ+ | STEM|POS:PRO|LEM:laA
w-s005-a044-w029	5:44	5:44	29	5:44:29	تَشْتَرُوا۟	ٱشْتَرَىٰ	ش ر ي	V	IMPF	JUS		VIII	STEM|POS:V|IMPF|(VIII)|LEM:{$otaraY`|ROOT:$ry|2MP|MOOD:JUS | SUFFIX|PRON:2MP
w-s005-a044-w030	5:44	5:44	30	5:44:30	بِـَٔايَٰتِى	ءَايَة	ء ي ي	N					PREFIX|bi+ | STEM|POS:N|LEM:'aAyap|ROOT:Ayy|FP|GEN | SUFFIX|PRON:1S
w-s005-a044-w031	5:44	5:44	31	5:44:31	ثَمَنًا	ثَمَن	ث م ن	N					STEM|POS:N|LEM:vaman|ROOT:vmn|M|INDEF|ACC
w-s005-a044-w032	5:44	5:44	32	5:44:32	قَلِيلًا	قَلِيل	ق ل ل	ADJ					STEM|POS:ADJ|LEM:qaliyl|ROOT:qll|MS|INDEF|ACC
w-s005-a044-w033	5:44	5:44	33	5:44:33	وَمَن	مَن		COND					PREFIX|w:REM+ | STEM|POS:COND|LEM:man
w-s005-a044-w034	5:44	5:44	34	5:44:34	لَّمْ	لَم		NEG					STEM|POS:NEG|LEM:lam
w-s005-a044-w035	5:44	5:44	35	5:44:35	يَحْكُم	حَكَمَ	ح ك م	V	IMPF	JUS			STEM|POS:V|IMPF|LEM:Hakama|ROOT:Hkm|3MS|MOOD:JUS
w-s005-a044-w036	5:44	5:44	36	5:44:36	بِمَآ	مَا		REL					PREFIX|bi+ | STEM|POS:REL|LEM:maA
w-s005-a044-w037	5:44	5:44	37	5:44:37	أَنزَلَ	أَنزَلَ	ن ز ل	V	PERF			IV	STEM|POS:V|PERF|(IV)|LEM:>anzala|ROOT:nzl|3MS
w-s005-a044-w038	5:44	5:44	38	5:44:38	ٱللَّهُ	ٱللَّه	ء ل ه	PN					STEM|POS:PN|LEM:{ll~ah|ROOT:Alh|NOM
w-s005-a044-w039	5:44	5:44	39	5:44:39	فَأُو۟لَٰٓئِكَ	أُولَٰٓئِك		DEM					PREFIX|f:RSLT+ | STEM|POS:DEM|LEM:>uwla`^}ik|P
w-s005-a044-w040	5:44	5:44	40	5:44:40	هُمُ			PRON					STEM|POS:PRON|3MP
w-s005-a044-w041	5:44	5:44	41	5:44:41	ٱلْكَٰفِرُونَ	كَٰفِرُون	ك ف ر	N			ACT		PREFIX|Al+ | STEM|POS:N|ACT|PCPL|LEM:ka`firuwn|ROOT:kfr|MP|NOM
w-s005-a045-w001	5:45	5:45	1	5:45:1	وَكَتَبْنَا	كَتَبَ	ك ت ب	V	PERF				PREFIX|w:CONJ+ | STEM|POS:V|PERF|LEM:kataba|ROOT:ktb|1P | SUFFIX|PRON:1P
w-s005-a045-w002	5:45	5:45	2	5:45:2	عَلَيْهِمْ	عَلَىٰ		P					STEM|POS:P|LEM:EalaY` | SUFFIX|PRON:3MP
w-s005-a045-w003	5:45	5:45	3	5:45:3	فِيهَآ	فِى		P					STEM|POS:P|LEM:fiY | SUFFIX|PRON:3FS
w-s005-a045-w004	5:45	5:45	4	5:45:4	أَنَّ	أَنّ		ACC					STEM|POS:ACC|LEM:>an~|SP:<in~
w-s005-a045-w005	5:45	5:45	5	5:45:5	ٱلنَّفْسَ	نَفْس	ن ف س	N					PREFIX|Al+ | STEM|POS:N|LEM:nafos|ROOT:nfs|FS|ACC
w-s005-a045-w006	5:45	5:45	6	5:45:6	بِٱلنَّفْسِ	نَفْس	ن ف س	N					PREFIX|bi+ | PREFIX|Al+ | STEM|POS:N|LEM:nafos|ROOT:nfs|FS|GEN
w-s005-a045-w007	5:45	5:45	7	5:45:7	وَٱلْعَيْنَ	عَيْن	ع ي ن	N					PREFIX|w:CONJ+ | PREFIX|Al+ | STEM|POS:N|LEM:Eayon|ROOT:Eyn|F|ACC
w-s005-a045-w008	5:45	5:45	8	5:45:8	بِٱلْعَيْنِ	عَيْن	ع ي ن	N					PREFIX|bi+ | PREFIX|Al+ | STEM|POS:N|LEM:Eayon|ROOT:Eyn|F|GEN
w-s005-a045-w009	5:45	5:45	9	5:45:9	وَٱلْأَنفَ	أَنف	ء ن ف	N					PREFIX|w:CONJ+ | PREFIX|Al+ | STEM|POS:N|LEM:>anf|ROOT:Anf|MS|ACC
w-s005-a045-w010	5:45	5:45	10	5:45:10	بِٱلْأَنفِ	أَنف	ء ن ف	N					PREFIX|bi+ | PREFIX|Al+ | STEM|POS:N|LEM:>anf|ROOT:Anf|MS|GEN
w-s005-a045-w011	5:45	5:45	11	5:45:11	وَٱلْأُذُنَ	أُذُنٌ	ء ذ ن	N					PREFIX|w:CONJ+ | PREFIX|Al+ | STEM|POS:N|LEM:>u*unN|ROOT:A*n|F|ACC
w-s005-a045-w012	5:45	5:45	12	5:45:12	بِٱلْأُذُنِ	أُذُنٌ	ء ذ ن	N					PREFIX|bi+ | PREFIX|Al+ | STEM|POS:N|LEM:>u*unN|ROOT:A*n|F|GEN
w-s005-a045-w013	5:45	5:45	13	5:45:13	وَٱلسِّنَّ	سِّنّ	س ن ن	N					PREFIX|w:CONJ+ | PREFIX|Al+ | STEM|POS:N|LEM:s~in~|ROOT:snn|F|ACC
w-s005-a045-w014	5:45	5:45	14	5:45:14	بِٱلسِّنِّ	سِّنّ	س ن ن	N					PREFIX|bi+ | PREFIX|Al+ | STEM|POS:N|LEM:s~in~|ROOT:snn|F|GEN
w-s005-a045-w015	5:45	5:45	15	5:45:15	وَٱلْجُرُوحَ	جُرُوح	ج ر ح	N					PREFIX|w:CONJ+ | PREFIX|Al+ | STEM|POS:N|LEM:juruwH|ROOT:jrH|MP|ACC
w-s005-a045-w016	5:45	5:45	16	5:45:16	قِصَاصٌ	قِصَاص	ق ص ص	N					STEM|POS:N|LEM:qiSaAS|ROOT:qSS|M|INDEF|NOM
w-s005-a045-w017	5:45	5:45	17	5:45:17	فَمَن	مَن		COND					PREFIX|f:REM+ | STEM|POS:COND|LEM:man
w-s005-a045-w018	5:45	5:45	18	5:45:18	تَصَدَّقَ	تَصَدَّقَ	ص د ق	V	PERF			V	STEM|POS:V|PERF|(V)|LEM:taSad~aqa|ROOT:Sdq|3MS
w-s005-a045-w019	5:45	5:45	19	5:45:19	بِهِۦ			PRON					PREFIX|bi+ | STEM|POS:PRON|3MS
w-s005-a045-w020	5:45	5:45	20	5:45:20	فَهُوَ			PRON					PREFIX|f:RSLT+ | STEM|POS:PRON|3MS
w-s005-a045-w021	5:45	5:45	21	5:45:21	كَفَّارَةٌ	كَفَّٰرَة	ك ف ر	N					STEM|POS:N|LEM:kaf~a`rap|ROOT:kfr|F|INDEF|NOM
w-s005-a045-w022	5:45	5:45	22	5:45:22	لَّهُۥ			PRON					PREFIX|l:P+ | STEM|POS:PRON|3MS
w-s005-a045-w023	5:45	5:45	23	5:45:23	وَمَن	مَن		COND					PREFIX|w:CONJ+ | STEM|POS:COND|LEM:man
w-s005-a045-w024	5:45	5:45	24	5:45:24	لَّمْ	لَم		NEG					STEM|POS:NEG|LEM:lam
w-s005-a045-w025	5:45	5:45	25	5:45:25	يَحْكُم	حَكَمَ	ح ك م	V	IMPF	JUS			STEM|POS:V|IMPF|LEM:Hakama|ROOT:Hkm|3MS|MOOD:JUS
w-s005-a045-w026	5:45	5:45	26	5:45:26	بِمَآ	مَا		REL					PREFIX|bi+ | STEM|POS:REL|LEM:maA
w-s005-a045-w027	5:45	5:45	27	5:45:27	أَنزَلَ	أَنزَلَ	ن ز ل	V	PERF			IV	STEM|POS:V|PERF|(IV)|LEM:>anzala|ROOT:nzl|3MS
w-s005-a045-w028	5:45	5:45	28	5:45:28	ٱللَّهُ	ٱللَّه	ء ل ه	PN					STEM|POS:PN|LEM:{ll~ah|ROOT:Alh|NOM
w-s005-a045-w029	5:45	5:45	29	5:45:29	فَأُو۟لَٰٓئِكَ	أُولَٰٓئِك		DEM					PREFIX|f:RSLT+ | STEM|POS:DEM|LEM:>uwla`^}ik|P
w-s005-a045-w030	5:45	5:45	30	5:45:30	هُمُ			PRON					STEM|POS:PRON|3MP
w-s005-a045-w031	5:45	5:45	31	5:45:31	ٱلظَّٰلِمُونَ	ظَالِم	ظ ل م	N			ACT		PREFIX|Al+ | STEM|POS:N|ACT|PCPL|LEM:ZaAlim|ROOT:Zlm|MP|NOM
w-s005-a046-w001	5:46	5:46	1	5:46:1	وَقَفَّيْنَا	قَفَّيْ	ق ف و	V	PERF			II	PREFIX|w:CONJ+ | STEM|POS:V|PERF|(II)|LEM:qaf~ayo|ROOT:qfw|1P | SUFFIX|PRON:1P
w-s005-a046-w002	5:46	5:46	2	5:46:2	عَلَىٰٓ	عَلَىٰ		P					STEM|POS:P|LEM:EalaY`
w-s005-a046-w003	5:46	5:46	3	5:46:3	ءَاثَٰرِهِم	أَثَر	ء ث ر	N					STEM|POS:N|LEM:>avar|ROOT:Avr|MP|GEN | SUFFIX|PRON:3MP
w-s005-a046-w004	5:46	5:46	4	5:46:4	بِعِيسَى	عِيسَى		PN					PREFIX|bi+ | STEM|POS:PN|LEM:EiysaY|GEN
w-s005-a046-w005	5:46	5:46	5	5:46:5	ٱبْنِ	ٱبْن	ب ن ي	N					STEM|POS:N|LEM:{bon|ROOT:bny|M|GEN
w-s005-a046-w006	5:46	5:46	6	5:46:6	مَرْيَمَ	مَرْيَم		PN					STEM|POS:PN|LEM:maroyam|F|GEN
w-s005-a046-w007	5:46	5:46	7	5:46:7	مُصَدِّقًا	مُصَدِّق	ص د ق	N			ACT	II	STEM|POS:N|ACT|PCPL|(II)|LEM:muSad~iq|ROOT:Sdq|M|INDEF|ACC
w-s005-a046-w008	5:46	5:46	8	5:46:8	لِّمَا	مَا		REL					PREFIX|l:P+ | STEM|POS:REL|LEM:maA
w-s005-a046-w009	5:46	5:46	9	5:46:9	بَيْنَ	بَيْن	ب ي ن	LOC					STEM|POS:LOC|LEM:bayon|ROOT:byn|ACC
w-s005-a046-w010	5:46	5:46	10	5:46:10	يَدَيْهِ	يَد	ي د ي	N					STEM|POS:N|LEM:yad|ROOT:ydy|FD|GEN | SUFFIX|PRON:3MS
w-s005-a046-w011	5:46	5:46	11	5:46:11	مِنَ	مِن		P					STEM|POS:P|LEM:min
w-s005-a046-w012	5:46	5:46	12	5:46:12	ٱلتَّوْرَىٰةِ	تَّوْرَىٰة		PN					PREFIX|Al+ | STEM|POS:PN|LEM:t~aworaY`p|GEN
w-s005-a046-w013	5:46	5:46	13	5:46:13	وَءَاتَيْنَٰهُ	آتَى	ء ت ي	V	PERF			IV	PREFIX|w:CONJ+ | STEM|POS:V|PERF|(IV)|LEM:A^taY|ROOT:Aty|1P | SUFFIX|PRON:1P | SUFFIX|PRON:3MS
w-s005-a046-w014	5:46	5:46	14	5:46:14	ٱلْإِنجِيلَ	إِنجِيل		PN					PREFIX|Al+ | STEM|POS:PN|LEM:<injiyl|ACC
w-s005-a046-w015	5:46	5:46	15	5:46:15	فِيهِ	فِى		P					STEM|POS:P|LEM:fiY | SUFFIX|PRON:3MS
w-s005-a046-w016	5:46	5:46	16	5:46:16	هُدًى	هُدًى	ه د ي	N					STEM|POS:N|LEM:hudFY|ROOT:hdy|M|INDEF|NOM
w-s005-a046-w017	5:46	5:46	17	5:46:17	وَنُورٌ	نُور	ن و ر	N					PREFIX|w:CONJ+ | STEM|POS:N|LEM:nuwr|ROOT:nwr|M|INDEF|NOM
w-s005-a046-w018	5:46	5:46	18	5:46:18	وَمُصَدِّقًا	مُصَدِّق	ص د ق	N			ACT	II	PREFIX|w:CONJ+ | STEM|POS:N|ACT|PCPL|(II)|LEM:muSad~iq|ROOT:Sdq|M|INDEF|ACC
w-s005-a046-w019	5:46	5:46	19	5:46:19	لِّمَا	مَا		REL					PREFIX|l:P+ | STEM|POS:REL|LEM:maA
w-s005-a046-w020	5:46	5:46	20	5:46:20	بَيْنَ	بَيْن	ب ي ن	LOC					STEM|POS:LOC|LEM:bayon|ROOT:byn|ACC
w-s005-a046-w021	5:46	5:46	21	5:46:21	يَدَيْهِ	يَد	ي د ي	N					STEM|POS:N|LEM:yad|ROOT:ydy|FD|GEN | SUFFIX|PRON:3MS
w-s005-a046-w022	5:46	5:46	22	5:46:22	مِنَ	مِن		P					STEM|POS:P|LEM:min
w-s005-a046-w023	5:46	5:46	23	5:46:23	ٱلتَّوْرَىٰةِ	تَّوْرَىٰة		PN					PREFIX|Al+ | STEM|POS:PN|LEM:t~aworaY`p|GEN
w-s005-a046-w024	5:46	5:46	24	5:46:24	وَهُدًى	هُدًى	ه د ي	N					PREFIX|w:CONJ+ | STEM|POS:N|LEM:hudFY|ROOT:hdy|M|INDEF|ACC
w-s005-a046-w025	5:46	5:46	25	5:46:25	وَمَوْعِظَةً	مَّوْعِظَة	و ع ظ	N					PREFIX|w:CONJ+ | STEM|POS:N|LEM:m~awoEiZap|ROOT:wEZ|F|INDEF|ACC
w-s005-a046-w026	5:46	5:46	26	5:46:26	لِّلْمُتَّقِينَ	مُتَّقِين	و ق ي	N			ACT	VIII	PREFIX|l:P+ | PREFIX|Al+ | STEM|POS:N|ACT|PCPL|(VIII)|LEM:mut~aqiyn|ROOT:wqy|MP|GEN
w-s005-a047-w001	5:47	5:47	1	5:47:1	وَلْيَحْكُمْ	حَكَمَ	ح ك م	V	IMPF	JUS			PREFIX|w:CONJ+ | PREFIX|l:IMPV+ | STEM|POS:V|IMPF|LEM:Hakama|ROOT:Hkm|3MS|MOOD:JUS
w-s005-a047-w002	5:47	5:47	2	5:47:2	أَهْلُ	أَهْل	ء ه ل	N					STEM|POS:N|LEM:>ahol|ROOT:Ahl|M|NOM
w-s005-a047-w003	5:47	5:47	3	5:47:3	ٱلْإِنجِيلِ	إِنجِيل		PN					PREFIX|Al+ | STEM|POS:PN|LEM:<injiyl|GEN
w-s005-a047-w004	5:47	5:47	4	5:47:4	بِمَآ	مَا		REL					PREFIX|bi+ | STEM|POS:REL|LEM:maA
w-s005-a047-w005	5:47	5:47	5	5:47:5	أَنزَلَ	أَنزَلَ	ن ز ل	V	PERF			IV	STEM|POS:V|PERF|(IV)|LEM:>anzala|ROOT:nzl|3MS
w-s005-a047-w006	5:47	5:47	6	5:47:6	ٱللَّهُ	ٱللَّه	ء ل ه	PN					STEM|POS:PN|LEM:{ll~ah|ROOT:Alh|NOM
w-s005-a047-w007	5:47	5:47	7	5:47:7	فِيهِ	فِى		P					STEM|POS:P|LEM:fiY | SUFFIX|PRON:3MS
w-s005-a047-w008	5:47	5:47	8	5:47:8	وَمَن	مَن		COND					PREFIX|w:CONJ+ | STEM|POS:COND|LEM:man
w-s005-a047-w009	5:47	5:47	9	5:47:9	لَّمْ	لَم		NEG					STEM|POS:NEG|LEM:lam
w-s005-a047-w010	5:47	5:47	10	5:47:10	يَحْكُم	حَكَمَ	ح ك م	V	IMPF	JUS			STEM|POS:V|IMPF|LEM:Hakama|ROOT:Hkm|3MS|MOOD:JUS
w-s005-a047-w011	5:47	5:47	11	5:47:11	بِمَآ	مَا		REL					PREFIX|bi+ | STEM|POS:REL|LEM:maA
w-s005-a047-w012	5:47	5:47	12	5:47:12	أَنزَلَ	أَنزَلَ	ن ز ل	V	PERF			IV	STEM|POS:V|PERF|(IV)|LEM:>anzala|ROOT:nzl|3MS
w-s005-a047-w013	5:47	5:47	13	5:47:13	ٱللَّهُ	ٱللَّه	ء ل ه	PN					STEM|POS:PN|LEM:{ll~ah|ROOT:Alh|NOM
w-s005-a047-w014	5:47	5:47	14	5:47:14	فَأُو۟لَٰٓئِكَ	أُولَٰٓئِك		DEM					PREFIX|f:RSLT+ | STEM|POS:DEM|LEM:>uwla`^}ik|P
w-s005-a047-w015	5:47	5:47	15	5:47:15	هُمُ			PRON					STEM|POS:PRON|3MP
w-s005-a047-w016	5:47	5:47	16	5:47:16	ٱلْفَٰسِقُونَ	فَاسِق	ف س ق	N			ACT		PREFIX|Al+ | STEM|POS:N|ACT|PCPL|LEM:faAsiq|ROOT:fsq|MP|NOM
w-s005-a048-w001	5:48	5:48	1	5:48:1	وَأَنزَلْنَآ	أَنزَلَ	ن ز ل	V	PERF			IV	PREFIX|w:CONJ+ | STEM|POS:V|PERF|(IV)|LEM:>anzala|ROOT:nzl|1P | SUFFIX|PRON:1P
w-s005-a048-w002	5:48	5:48	2	5:48:2	إِلَيْكَ	إِلَىٰ		P					STEM|POS:P|LEM:<ilaY` | SUFFIX|PRON:2MS
w-s005-a048-w003	5:48	5:48	3	5:48:3	ٱلْكِتَٰبَ	كِتَٰب	ك ت ب	N					PREFIX|Al+ | STEM|POS:N|LEM:kita`b|ROOT:ktb|M|ACC
w-s005-a048-w004	5:48	5:48	4	5:48:4	بِٱلْحَقِّ	حَقّ	ح ق ق	N					PREFIX|bi+ | PREFIX|Al+ | STEM|POS:N|LEM:Haq~|ROOT:Hqq|M|GEN
w-s005-a048-w005	5:48	5:48	5	5:48:5	مُصَدِّقًا	مُصَدِّق	ص د ق	N			ACT	II	STEM|POS:N|ACT|PCPL|(II)|LEM:muSad~iq|ROOT:Sdq|M|INDEF|ACC
w-s005-a048-w006	5:48	5:48	6	5:48:6	لِّمَا	مَا		REL					PREFIX|l:P+ | STEM|POS:REL|LEM:maA
w-s005-a048-w007	5:48	5:48	7	5:48:7	بَيْنَ	بَيْن	ب ي ن	LOC					STEM|POS:LOC|LEM:bayon|ROOT:byn|ACC
w-s005-a048-w008	5:48	5:48	8	5:48:8	يَدَيْهِ	يَد	ي د ي	N					STEM|POS:N|LEM:yad|ROOT:ydy|FD|GEN | SUFFIX|PRON:3MS
w-s005-a048-w009	5:48	5:48	9	5:48:9	مِنَ	مِن		P					STEM|POS:P|LEM:min
w-s005-a048-w010	5:48	5:48	10	5:48:10	ٱلْكِتَٰبِ	كِتَٰب	ك ت ب	N					PREFIX|Al+ | STEM|POS:N|LEM:kita`b|ROOT:ktb|M|GEN
w-s005-a048-w011	5:48	5:48	11	5:48:11	وَمُهَيْمِنًا	مُهَيْمِن	ه م ن	N			ACT	II	PREFIX|w:CONJ+ | STEM|POS:N|ACT|PCPL|(II)|LEM:muhayomin|ROOT:hmn|M|INDEF|ACC
w-s005-a048-w012	5:48	5:48	12	5:48:12	عَلَيْهِ	عَلَىٰ		P					STEM|POS:P|LEM:EalaY` | SUFFIX|PRON:3MS
w-s005-a048-w013	5:48	5:48	13	5:48:13	فَٱحْكُم	حَكَمَ	ح ك م	V	IMPV				PREFIX|f:CONJ+ | STEM|POS:V|IMPV|LEM:Hakama|ROOT:Hkm|2MS
w-s005-a048-w014	5:48	5:48	14	5:48:14	بَيْنَهُم	بَيْن	ب ي ن	LOC					STEM|POS:LOC|LEM:bayon|ROOT:byn|ACC | SUFFIX|PRON:3MP
w-s005-a048-w015	5:48	5:48	15	5:48:15	بِمَآ	مَا		REL					PREFIX|bi+ | STEM|POS:REL|LEM:maA
w-s005-a048-w016	5:48	5:48	16	5:48:16	أَنزَلَ	أَنزَلَ	ن ز ل	V	PERF			IV	STEM|POS:V|PERF|(IV)|LEM:>anzala|ROOT:nzl|3MS
w-s005-a048-w017	5:48	5:48	17	5:48:17	ٱللَّهُ	ٱللَّه	ء ل ه	PN					STEM|POS:PN|LEM:{ll~ah|ROOT:Alh|NOM
w-s005-a048-w018	5:48	5:48	18	5:48:18	وَلَا	لَا		PRO					PREFIX|w:REM+ | STEM|POS:PRO|LEM:laA
w-s005-a048-w019	5:48	5:48	19	5:48:19	تَتَّبِعْ	ٱتَّبَعَ	ت ب ع	V	IMPF	JUS		VIII	STEM|POS:V|IMPF|(VIII)|LEM:{t~abaEa|ROOT:tbE|2MS|MOOD:JUS
w-s005-a048-w020	5:48	5:48	20	5:48:20	أَهْوَآءَهُمْ	أَهْوَآء	ه و ي	N					STEM|POS:N|LEM:>ahowaA^'|ROOT:hwy|MP|ACC | SUFFIX|PRON:3MP
w-s005-a048-w021	5:48	5:48	21	5:48:21	عَمَّا	عَن;مَا		P;REL					STEM|POS:P|LEM:Ean | STEM|POS:REL|LEM:maA
w-s005-a048-w022	5:48	5:48	22	5:48:22	جَآءَكَ	جَآءَ	ج ي ء	V	PERF				STEM|POS:V|PERF|LEM:jaA^'a|ROOT:jyA|3MS | SUFFIX|PRON:2MS
w-s005-a048-w023	5:48	5:48	23	5:48:23	مِنَ	مِن		P					STEM|POS:P|LEM:min
w-s005-a048-w024	5:48	5:48	24	5:48:24	ٱلْحَقِّ	حَقّ	ح ق ق	N					PREFIX|Al+ | STEM|POS:N|LEM:Haq~|ROOT:Hqq|M|GEN
w-s005-a048-w025	5:48	5:48	25	5:48:25	لِكُلٍّ	كُلّ	ك ل ل	N					PREFIX|l:P+ | STEM|POS:N|LEM:kul~|ROOT:kll|M|INDEF|GEN
w-s005-a048-w026	5:48	5:48	26	5:48:26	جَعَلْنَا	جَعَلَ	ج ع ل	V	PERF				STEM|POS:V|PERF|LEM:jaEala|ROOT:jEl|1P | SUFFIX|PRON:1P
w-s005-a048-w027	5:48	5:48	27	5:48:27	مِنكُمْ	مِن		P					STEM|POS:P|LEM:min | SUFFIX|PRON:2MP
w-s005-a048-w028	5:48	5:48	28	5:48:28	شِرْعَةً	شِرْعَة	ش ر ع	N					STEM|POS:N|LEM:$iroEap|ROOT:$rE|F|INDEF|ACC
w-s005-a048-w029	5:48	5:48	29	5:48:29	وَمِنْهَاجًا	مِنْهَاج	ن ه ج	N					PREFIX|w:CONJ+ | STEM|POS:N|LEM:minohaAj|ROOT:nhj|M|INDEF|ACC
w-s005-a048-w030	5:48	5:48	30	5:48:30	وَلَوْ	لَو		COND					PREFIX|w:REM+ | STEM|POS:COND|LEM:law
w-s005-a048-w031	5:48	5:48	31	5:48:31	شَآءَ	شَآءَ	ش ي ء	V	PERF				STEM|POS:V|PERF|LEM:$aA^'a|ROOT:$yA|3MS
w-s005-a048-w032	5:48	5:48	32	5:48:32	ٱللَّهُ	ٱللَّه	ء ل ه	PN					STEM|POS:PN|LEM:{ll~ah|ROOT:Alh|NOM
w-s005-a048-w033	5:48	5:48	33	5:48:33	لَجَعَلَكُمْ	جَعَلَ	ج ع ل	V	PERF				PREFIX|l:EMPH+ | STEM|POS:V|PERF|LEM:jaEala|ROOT:jEl|3MS | SUFFIX|PRON:2MP
w-s005-a048-w034	5:48	5:48	34	5:48:34	أُمَّةً	أُمَّة	ء م م	N					STEM|POS:N|LEM:>um~ap|ROOT:Amm|FS|INDEF|ACC
w-s005-a048-w035	5:48	5:48	35	5:48:35	وَٰحِدَةً	وَٰحِدَة	و ح د	ADJ					STEM|POS:ADJ|LEM:wa`Hidap|ROOT:wHd|F|INDEF|ACC
w-s005-a048-w036	5:48	5:48	36	5:48:36	وَلَٰكِن	لَٰكِن		AMD					PREFIX|w:REM+ | STEM|POS:AMD|LEM:la`kin
w-s005-a048-w037	5:48	5:48	37	5:48:37	لِّيَبْلُوَكُمْ	بَلَوْ	ب ل و	V	IMPF	SUBJ			PREFIX|l:PRP+ | STEM|POS:V|IMPF|LEM:balawo|ROOT:blw|3MS|MOOD:SUBJ | SUFFIX|PRON:2MP
w-s005-a048-w038	5:48	5:48	38	5:48:38	فِى	فِى		P					STEM|POS:P|LEM:fiY
w-s005-a048-w039	5:48	5:48	39	5:48:39	مَآ	مَا		REL					STEM|POS:REL|LEM:maA
w-s005-a048-w040	5:48	5:48	40	5:48:40	ءَاتَىٰكُمْ	آتَى	ء ت ي	V	PERF			IV	STEM|POS:V|PERF|(IV)|LEM:A^taY|ROOT:Aty|3MS | SUFFIX|PRON:2MP
w-s005-a048-w041	5:48	5:48	41	5:48:41	فَٱسْتَبِقُوا۟	ٱسْتَبَقَ	س ب ق	V	IMPV			VIII	PREFIX|f:REM+ | STEM|POS:V|IMPV|(VIII)|LEM:{sotabaqa|ROOT:sbq|2MP | SUFFIX|PRON:2MP
w-s005-a048-w042	5:48	5:48	42	5:48:42	ٱلْخَيْرَٰتِ	خَيْرَٰت	خ ي ر	N					PREFIX|Al+ | STEM|POS:N|LEM:xayora`t|ROOT:xyr|FP|ACC
w-s005-a048-w043	5:48	5:48	43	5:48:43	إِلَى	إِلَىٰ		P					STEM|POS:P|LEM:<ilaY`
w-s005-a048-w044	5:48	5:48	44	5:48:44	ٱللَّهِ	ٱللَّه	ء ل ه	PN					STEM|POS:PN|LEM:{ll~ah|ROOT:Alh|GEN
w-s005-a048-w045	5:48	5:48	45	5:48:45	مَرْجِعُكُمْ	مَرْجِع	ر ج ع	N					STEM|POS:N|LEM:marojiE|ROOT:rjE|M|NOM | SUFFIX|PRON:2MP
w-s005-a048-w046	5:48	5:48	46	5:48:46	جَمِيعًا	جَمِيع	ج م ع	N					STEM|POS:N|LEM:jamiyE|ROOT:jmE|M|INDEF|ACC
w-s005-a048-w047	5:48	5:48	47	5:48:47	فَيُنَبِّئُكُم	نَبَّأَ	ن ب ء	V	IMPF			II	PREFIX|f:REM+ | STEM|POS:V|IMPF|(II)|LEM:nab~a>a|ROOT:nbA|3MS | SUFFIX|PRON:2MP
w-s005-a048-w048	5:48	5:48	48	5:48:48	بِمَا	مَا		REL					PREFIX|bi+ | STEM|POS:REL|LEM:maA
w-s005-a048-w049	5:48	5:48	49	5:48:49	كُنتُمْ	كَانَ	ك و ن	V	PERF				STEM|POS:V|PERF|LEM:kaAna|ROOT:kwn|SP:kaAn|2MP | SUFFIX|PRON:2MP
w-s005-a048-w050	5:48	5:48	50	5:48:50	فِيهِ	فِى		P					STEM|POS:P|LEM:fiY | SUFFIX|PRON:3MS
w-s005-a048-w051	5:48	5:48	51	5:48:51	تَخْتَلِفُونَ	ٱخْتَلَفَ	خ ل ف	V	IMPF			VIII	STEM|POS:V|IMPF|(VIII)|LEM:{xotalafa|ROOT:xlf|2MP | SUFFIX|PRON:2MP
w-s005-a049-w001	5:49	5:49	1	5:49:1	وَأَنِ	أَن		SUB					PREFIX|w:CONJ+ | STEM|POS:SUB|LEM:>an
w-s005-a049-w002	5:49	5:49	2	5:49:2	ٱحْكُم	حَكَمَ	ح ك م	V	IMPV				STEM|POS:V|IMPV|LEM:Hakama|ROOT:Hkm|2MS
w-s005-a049-w003	5:49	5:49	3	5:49:3	بَيْنَهُم	بَيْن	ب ي ن	LOC					STEM|POS:LOC|LEM:bayon|ROOT:byn|ACC | SUFFIX|PRON:3MP
w-s005-a049-w004	5:49	5:49	4	5:49:4	بِمَآ	مَا		REL					PREFIX|bi+ | STEM|POS:REL|LEM:maA
w-s005-a049-w005	5:49	5:49	5	5:49:5	أَنزَلَ	أَنزَلَ	ن ز ل	V	PERF			IV	STEM|POS:V|PERF|(IV)|LEM:>anzala|ROOT:nzl|3MS
w-s005-a049-w006	5:49	5:49	6	5:49:6	ٱللَّهُ	ٱللَّه	ء ل ه	PN					STEM|POS:PN|LEM:{ll~ah|ROOT:Alh|NOM
w-s005-a049-w007	5:49	5:49	7	5:49:7	وَلَا	لَا		PRO					PREFIX|w:CONJ+ | STEM|POS:PRO|LEM:laA
w-s005-a049-w008	5:49	5:49	8	5:49:8	تَتَّبِعْ	ٱتَّبَعَ	ت ب ع	V	IMPF	JUS		VIII	STEM|POS:V|IMPF|(VIII)|LEM:{t~abaEa|ROOT:tbE|2MS|MOOD:JUS
w-s005-a049-w009	5:49	5:49	9	5:49:9	أَهْوَآءَهُمْ	أَهْوَآء	ه و ي	N					STEM|POS:N|LEM:>ahowaA^'|ROOT:hwy|MP|ACC | SUFFIX|PRON:3MP
w-s005-a049-w010	5:49	5:49	10	5:49:10	وَٱحْذَرْهُمْ	يَحْذَرُ	ح ذ ر	V	IMPV				PREFIX|w:CONJ+ | STEM|POS:V|IMPV|LEM:yaHo*aru|ROOT:H*r|2MS | SUFFIX|PRON:3MP
w-s005-a049-w011	5:49	5:49	11	5:49:11	أَن	أَن		SUB					STEM|POS:SUB|LEM:>an
w-s005-a049-w012	5:49	5:49	12	5:49:12	يَفْتِنُوكَ	فَتَنُ	ف ت ن	V	IMPF	SUBJ			STEM|POS:V|IMPF|LEM:fatanu|ROOT:ftn|3MP|MOOD:SUBJ | SUFFIX|PRON:3MP | SUFFIX|PRON:2MS
w-s005-a049-w013	5:49	5:49	13	5:49:13	عَنۢ	عَن		P					STEM|POS:P|LEM:Ean
w-s005-a049-w014	5:49	5:49	14	5:49:14	بَعْضِ	بَعْض	ب ع ض	N					STEM|POS:N|LEM:baEoD|ROOT:bED|M|GEN
w-s005-a049-w015	5:49	5:49	15	5:49:15	مَآ	مَا		REL					STEM|POS:REL|LEM:maA
w-s005-a049-w016	5:49	5:49	16	5:49:16	أَنزَلَ	أَنزَلَ	ن ز ل	V	PERF			IV	STEM|POS:V|PERF|(IV)|LEM:>anzala|ROOT:nzl|3MS
w-s005-a049-w017	5:49	5:49	17	5:49:17	ٱللَّهُ	ٱللَّه	ء ل ه	PN					STEM|POS:PN|LEM:{ll~ah|ROOT:Alh|NOM
w-s005-a049-w018	5:49	5:49	18	5:49:18	إِلَيْكَ	إِلَىٰ		P					STEM|POS:P|LEM:<ilaY` | SUFFIX|PRON:2MS
w-s005-a049-w019	5:49	5:49	19	5:49:19	فَإِن	إِن		COND					PREFIX|f:REM+ | STEM|POS:COND|LEM:<in
w-s005-a049-w020	5:49	5:49	20	5:49:20	تَوَلَّوْا۟	تَوَلَّىٰ	و ل ي	V	PERF			V	STEM|POS:V|PERF|(V)|LEM:tawal~aY`|ROOT:wly|3MP | SUFFIX|PRON:3MP
w-s005-a049-w021	5:49	5:49	21	5:49:21	فَٱعْلَمْ	عَلِمَ	ع ل م	V	IMPV				PREFIX|f:RSLT+ | STEM|POS:V|IMPV|LEM:Ealima|ROOT:Elm|2MS
w-s005-a049-w022	5:49	5:49	22	5:49:22	أَنَّمَا	أَنّ;مَا		ACC;PREV					STEM|POS:ACC|LEM:>an~|SP:<in~ | STEM|POS:PREV|LEM:maA
w-s005-a049-w023	5:49	5:49	23	5:49:23	يُرِيدُ	أَرَادَ	ر و د	V	IMPF			IV	STEM|POS:V|IMPF|(IV)|LEM:>araAda|ROOT:rwd|3MS
w-s005-a049-w024	5:49	5:49	24	5:49:24	ٱللَّهُ	ٱللَّه	ء ل ه	PN					STEM|POS:PN|LEM:{ll~ah|ROOT:Alh|NOM
w-s005-a049-w025	5:49	5:49	25	5:49:25	أَن	أَن		SUB					STEM|POS:SUB|LEM:>an
w-s005-a049-w026	5:49	5:49	26	5:49:26	يُصِيبَهُم	أَصَابَ	ص و ب	V	IMPF	SUBJ		IV	STEM|POS:V|IMPF|(IV)|LEM:>aSaAba|ROOT:Swb|3MS|MOOD:SUBJ | SUFFIX|PRON:3MP
w-s005-a049-w027	5:49	5:49	27	5:49:27	بِبَعْضِ	بَعْض	ب ع ض	N					PREFIX|bi+ | STEM|POS:N|LEM:baEoD|ROOT:bED|M|GEN
w-s005-a049-w028	5:49	5:49	28	5:49:28	ذُنُوبِهِمْ	ذَنب	ذ ن ب	N					STEM|POS:N|LEM:*anb|ROOT:*nb|MP|GEN | SUFFIX|PRON:3MP
w-s005-a049-w029	5:49	5:49	29	5:49:29	وَإِنَّ	إِنّ		ACC					PREFIX|w:REM+ | STEM|POS:ACC|LEM:<in~|SP:<in~
w-s005-a049-w030	5:49	5:49	30	5:49:30	كَثِيرًا	كَثِير	ك ث ر	N					STEM|POS:N|LEM:kaviyr|ROOT:kvr|MS|INDEF|ACC
w-s005-a049-w031	5:49	5:49	31	5:49:31	مِّنَ	مِن		P					STEM|POS:P|LEM:min
w-s005-a049-w032	5:49	5:49	32	5:49:32	ٱلنَّاسِ	نَّاس	ن و س	N					PREFIX|Al+ | STEM|POS:N|LEM:n~aAs|ROOT:nws|MP|GEN
w-s005-a049-w033	5:49	5:49	33	5:49:33	لَفَٰسِقُونَ	فَاسِق	ف س ق	N			ACT		PREFIX|l:EMPH+ | STEM|POS:N|ACT|PCPL|LEM:faAsiq|ROOT:fsq|MP|NOM
w-s005-a050-w001	5:50	5:50	1	5:50:1	أَفَحُكْمَ	حُكْم	ح ك م	N					PREFIX|A:INTG+ | PREFIX|f:SUP+ | STEM|POS:N|LEM:Hukom|ROOT:Hkm|M|ACC
w-s005-a050-w002	5:50	5:50	2	5:50:2	ٱلْجَٰهِلِيَّةِ	جَٰهِلِيَّة2	ج ه ل	PN					PREFIX|Al+ | STEM|POS:PN|LEM:ja`hiliy~ap2|ROOT:jhl|F|GEN
w-s005-a050-w003	5:50	5:50	3	5:50:3	يَبْغُونَ	بَغَىٰ	ب غ ي	V	IMPF				STEM|POS:V|IMPF|LEM:bagaY`|ROOT:bgy|3MP | SUFFIX|PRON:3MP
w-s005-a050-w004	5:50	5:50	4	5:50:4	وَمَنْ	مَن		INTG					PREFIX|w:REM+ | STEM|POS:INTG|LEM:man
w-s005-a050-w005	5:50	5:50	5	5:50:5	أَحْسَنُ	أَحْسَن	ح س ن	N					STEM|POS:N|LEM:>aHosan|ROOT:Hsn|MS|NOM
w-s005-a050-w006	5:50	5:50	6	5:50:6	مِنَ	مِن		P					STEM|POS:P|LEM:min
w-s005-a050-w007	5:50	5:50	7	5:50:7	ٱللَّهِ	ٱللَّه	ء ل ه	PN					STEM|POS:PN|LEM:{ll~ah|ROOT:Alh|GEN
w-s005-a050-w008	5:50	5:50	8	5:50:8	حُكْمًا	حُكْم	ح ك م	N					STEM|POS:N|LEM:Hukom|ROOT:Hkm|M|INDEF|ACC
w-s005-a050-w009	5:50	5:50	9	5:50:9	لِّقَوْمٍ	قَوْم	ق و م	N					PREFIX|l:P+ | STEM|POS:N|LEM:qawom|ROOT:qwm|M|INDEF|GEN
w-s005-a050-w010	5:50	5:50	10	5:50:10	يُوقِنُونَ	يُوقِنُ	ي ق ن	V	IMPF			IV	STEM|POS:V|IMPF|(IV)|LEM:yuwqinu|ROOT:yqn|3MP | SUFFIX|PRON:3MP
w-s005-a051-w001	5:51	5:51	1	5:51:1	يَٰٓأَيُّهَا	أَيُّهَا		N					PREFIX|ya+ | STEM|POS:N|LEM:>ay~uhaA|NOM
w-s005-a051-w002	5:51	5:51	2	5:51:2	ٱلَّذِينَ	ٱلَّذِى		REL					STEM|POS:REL|LEM:{l~a*iY|MP
w-s005-a051-w003	5:51	5:51	3	5:51:3	ءَامَنُوا۟	ءَامَنَ	ء م ن	V	PERF			IV	STEM|POS:V|PERF|(IV)|LEM:'aAmana|ROOT:Amn|3MP | SUFFIX|PRON:3MP
w-s005-a051-w004	5:51	5:51	4	5:51:4	لَا	لَا		PRO					STEM|POS:PRO|LEM:laA
w-s005-a051-w005	5:51	5:51	5	5:51:5	تَتَّخِذُوا۟	ٱتَّخَذَ	ء خ ذ	V	IMPF	JUS		VIII	STEM|POS:V|IMPF|(VIII)|LEM:{t~axa*a|ROOT:Ax*|2MP|MOOD:JUS | SUFFIX|PRON:2MP
w-s005-a051-w006	5:51	5:51	6	5:51:6	ٱلْيَهُودَ	يَهُودِيّ		PN					PREFIX|Al+ | STEM|POS:PN|LEM:yahuwdiy~|MP|ACC
w-s005-a051-w007	5:51	5:51	7	5:51:7	وَٱلنَّصَٰرَىٰٓ	نَصْرَانِيّ	ن ص ر	PN					PREFIX|w:CONJ+ | PREFIX|Al+ | STEM|POS:PN|LEM:naSoraAniy~|ROOT:nSr|P|ACC
w-s005-a051-w008	5:51	5:51	8	5:51:8	أَوْلِيَآءَ	وَلِىّ	و ل ي	N					STEM|POS:N|LEM:waliY~|ROOT:wly|MP|ACC
w-s005-a051-w009	5:51	5:51	9	5:51:9	بَعْضُهُمْ	بَعْض	ب ع ض	N					STEM|POS:N|LEM:baEoD|ROOT:bED|M|NOM | SUFFIX|PRON:3MP
w-s005-a051-w010	5:51	5:51	10	5:51:10	أَوْلِيَآءُ	وَلِىّ	و ل ي	N					STEM|POS:N|LEM:waliY~|ROOT:wly|MP|NOM
w-s005-a051-w011	5:51	5:51	11	5:51:11	بَعْضٍ	بَعْض	ب ع ض	N					STEM|POS:N|LEM:baEoD|ROOT:bED|M|INDEF|GEN
w-s005-a051-w012	5:51	5:51	12	5:51:12	وَمَن	مَن		COND					PREFIX|w:REM+ | STEM|POS:COND|LEM:man
w-s005-a051-w013	5:51	5:51	13	5:51:13	يَتَوَلَّهُم	تَوَلَّىٰ	و ل ي	V	IMPF	JUS		V	STEM|POS:V|IMPF|(V)|LEM:tawal~aY`|ROOT:wly|3MS|MOOD:JUS | SUFFIX|PRON:3MP
w-s005-a051-w014	5:51	5:51	14	5:51:14	مِّنكُمْ	مِن		P					STEM|POS:P|LEM:min | SUFFIX|PRON:2MP
w-s005-a051-w015	5:51	5:51	15	5:51:15	فَإِنَّهُۥ	إِنّ		ACC					PREFIX|f:RSLT+ | STEM|POS:ACC|LEM:<in~|SP:<in~ | SUFFIX|PRON:3MS
w-s005-a051-w016	5:51	5:51	16	5:51:16	مِنْهُمْ	مِن		P					STEM|POS:P|LEM:min | SUFFIX|PRON:3MP
w-s005-a051-w017	5:51	5:51	17	5:51:17	إِنَّ	إِنّ		ACC					STEM|POS:ACC|LEM:<in~|SP:<in~
w-s005-a051-w018	5:51	5:51	18	5:51:18	ٱللَّهَ	ٱللَّه	ء ل ه	PN					STEM|POS:PN|LEM:{ll~ah|ROOT:Alh|ACC
w-s005-a051-w019	5:51	5:51	19	5:51:19	لَا	لَا		NEG					STEM|POS:NEG|LEM:laA
w-s005-a051-w020	5:51	5:51	20	5:51:20	يَهْدِى	هَدَى	ه د ي	V	IMPF				STEM|POS:V|IMPF|LEM:hadaY|ROOT:hdy|3MS
w-s005-a051-w021	5:51	5:51	21	5:51:21	ٱلْقَوْمَ	قَوْم	ق و م	N					PREFIX|Al+ | STEM|POS:N|LEM:qawom|ROOT:qwm|M|ACC
w-s005-a051-w022	5:51	5:51	22	5:51:22	ٱلظَّٰلِمِينَ	ظَالِم	ظ ل م	ADJ			ACT		PREFIX|Al+ | STEM|POS:ADJ|ACT|PCPL|LEM:ZaAlim|ROOT:Zlm|MP|ACC
w-s005-a052-w001	5:52	5:52	1	5:52:1	فَتَرَى	رَءَا	ر ء ي	V	IMPF				PREFIX|f:REM+ | STEM|POS:V|IMPF|LEM:ra'aA|ROOT:rAy|2MS
w-s005-a052-w002	5:52	5:52	2	5:52:2	ٱلَّذِينَ	ٱلَّذِى		REL					STEM|POS:REL|LEM:{l~a*iY|MP
w-s005-a052-w003	5:52	5:52	3	5:52:3	فِى	فِى		P					STEM|POS:P|LEM:fiY
w-s005-a052-w004	5:52	5:52	4	5:52:4	قُلُوبِهِم	قَلْب	ق ل ب	N					STEM|POS:N|LEM:qalob|ROOT:qlb|FP|GEN | SUFFIX|PRON:3MP
w-s005-a052-w005	5:52	5:52	5	5:52:5	مَّرَضٌ	مَّرَض	م ر ض	N					STEM|POS:N|LEM:m~araD|ROOT:mrD|M|INDEF|NOM
w-s005-a052-w006	5:52	5:52	6	5:52:6	يُسَٰرِعُونَ	يُسَٰرِعُ	س ر ع	V	IMPF			III	STEM|POS:V|IMPF|(III)|LEM:yusa`riEu|ROOT:srE|3MP | SUFFIX|PRON:3MP
w-s005-a052-w007	5:52	5:52	7	5:52:7	فِيهِمْ	فِى		P					STEM|POS:P|LEM:fiY | SUFFIX|PRON:3MP
w-s005-a052-w008	5:52	5:52	8	5:52:8	يَقُولُونَ	قَالَ	ق و ل	V	IMPF				STEM|POS:V|IMPF|LEM:qaAla|ROOT:qwl|3MP | SUFFIX|PRON:3MP
w-s005-a052-w009	5:52	5:52	9	5:52:9	نَخْشَىٰٓ	خَشِىَ	خ ش ي	V	IMPF				STEM|POS:V|IMPF|LEM:xa$iYa|ROOT:x$y|1P
w-s005-a052-w010	5:52	5:52	10	5:52:10	أَن	أَن		SUB					STEM|POS:SUB|LEM:>an
w-s005-a052-w011	5:52	5:52	11	5:52:11	تُصِيبَنَا	أَصَابَ	ص و ب	V	IMPF	SUBJ		IV	STEM|POS:V|IMPF|(IV)|LEM:>aSaAba|ROOT:Swb|3FS|MOOD:SUBJ | SUFFIX|PRON:1P
w-s005-a052-w012	5:52	5:52	12	5:52:12	دَآئِرَةٌ	دَآئِرَة	د و ر	N					STEM|POS:N|LEM:daA^}irap|ROOT:dwr|FS|INDEF|NOM
w-s005-a052-w013	5:52	5:52	13	5:52:13	فَعَسَى	عَسَى	ع س ي	V	PERF				PREFIX|f:REM+ | STEM|POS:V|PERF|LEM:EasaY|ROOT:Esy|SP:kaAd|3MS
w-s005-a052-w014	5:52	5:52	14	5:52:14	ٱللَّهُ	ٱللَّه	ء ل ه	PN					STEM|POS:PN|LEM:{ll~ah|ROOT:Alh|NOM
w-s005-a052-w015	5:52	5:52	15	5:52:15	أَن	أَن		SUB					STEM|POS:SUB|LEM:>an
w-s005-a052-w016	5:52	5:52	16	5:52:16	يَأْتِىَ	أَتَى	ء ت ي	V	IMPF	SUBJ			STEM|POS:V|IMPF|LEM:>ataY|ROOT:Aty|3MS|MOOD:SUBJ
w-s005-a052-w017	5:52	5:52	17	5:52:17	بِٱلْفَتْحِ	فَتْح	ف ت ح	N					PREFIX|bi+ | PREFIX|Al+ | STEM|POS:N|LEM:fatoH|ROOT:ftH|M|GEN
w-s005-a052-w018	5:52	5:52	18	5:52:18	أَوْ	أَو		CONJ					STEM|POS:CONJ|LEM:>aw
w-s005-a052-w019	5:52	5:52	19	5:52:19	أَمْرٍ	أَمْر	ء م ر	N					STEM|POS:N|LEM:>amor|ROOT:Amr|M|INDEF|GEN
w-s005-a052-w020	5:52	5:52	20	5:52:20	مِّنْ	مِن		P					STEM|POS:P|LEM:min
w-s005-a052-w021	5:52	5:52	21	5:52:21	عِندِهِۦ	عِند	ع ن د	N					STEM|POS:N|LEM:Eind|ROOT:End|GEN | SUFFIX|PRON:3MS
w-s005-a052-w022	5:52	5:52	22	5:52:22	فَيُصْبِحُوا۟	أَصْبَحَ	ص ب ح	V	IMPF	SUBJ		IV	PREFIX|f:CONJ+ | STEM|POS:V|IMPF|(IV)|LEM:>aSobaHa|ROOT:SbH|SP:kaAn|3MP|MOOD:SUBJ | SUFFIX|PRON:3MP
w-s005-a052-w023	5:52	5:52	23	5:52:23	عَلَىٰ	عَلَىٰ		P					STEM|POS:P|LEM:EalaY`
w-s005-a052-w024	5:52	5:52	24	5:52:24	مَآ	مَا		REL					STEM|POS:REL|LEM:maA
w-s005-a052-w025	5:52	5:52	25	5:52:25	أَسَرُّوا۟	أَسَرَّ	س ر ر	V	PERF			IV	STEM|POS:V|PERF|(IV)|LEM:>asar~a|ROOT:srr|3MP | SUFFIX|PRON:3MP
w-s005-a052-w026	5:52	5:52	26	5:52:26	فِىٓ	فِى		P					STEM|POS:P|LEM:fiY
w-s005-a052-w027	5:52	5:52	27	5:52:27	أَنفُسِهِمْ	نَفْس	ن ف س	N					STEM|POS:N|LEM:nafos|ROOT:nfs|FP|GEN | SUFFIX|PRON:3MP
w-s005-a052-w028	5:52	5:52	28	5:52:28	نَٰدِمِينَ	نَٰدِمِين	ن د م	N			ACT		STEM|POS:N|ACT|PCPL|LEM:na`dimiyn|ROOT:ndm|MP|ACC
w-s005-a053-w001	5:53	5:53	1	5:53:1	وَيَقُولُ	قَالَ	ق و ل	V	IMPF				PREFIX|w:REM+ | STEM|POS:V|IMPF|LEM:qaAla|ROOT:qwl|3MS
w-s005-a053-w002	5:53	5:53	2	5:53:2	ٱلَّذِينَ	ٱلَّذِى		REL					STEM|POS:REL|LEM:{l~a*iY|MP
w-s005-a053-w003	5:53	5:53	3	5:53:3	ءَامَنُوٓا۟	ءَامَنَ	ء م ن	V	PERF			IV	STEM|POS:V|PERF|(IV)|LEM:'aAmana|ROOT:Amn|3MP | SUFFIX|PRON:3MP
w-s005-a053-w004	5:53	5:53	4	5:53:4	أَهَٰٓؤُلَآءِ	هَٰذَا		DEM					PREFIX|A:INTG+ | STEM|POS:DEM|LEM:ha`*aA|P
w-s005-a053-w005	5:53	5:53	5	5:53:5	ٱلَّذِينَ	ٱلَّذِى		REL					STEM|POS:REL|LEM:{l~a*iY|MP
w-s005-a053-w006	5:53	5:53	6	5:53:6	أَقْسَمُوا۟	أَقْسَمُ	ق س م	V	PERF			IV	STEM|POS:V|PERF|(IV)|LEM:>aqosamu|ROOT:qsm|3MP | SUFFIX|PRON:3MP
w-s005-a053-w007	5:53	5:53	7	5:53:7	بِٱللَّهِ	ٱللَّه	ء ل ه	PN					PREFIX|bi+ | STEM|POS:PN|LEM:{ll~ah|ROOT:Alh|GEN
w-s005-a053-w008	5:53	5:53	8	5:53:8	جَهْدَ	جَهْد	ج ه د	N					STEM|POS:N|VN|LEM:jahod|ROOT:jhd|M|ACC
w-s005-a053-w009	5:53	5:53	9	5:53:9	أَيْمَٰنِهِمْ	يَمِين	ي م ن	N					STEM|POS:N|LEM:yamiyn|ROOT:ymn|MP|GEN | SUFFIX|PRON:3MP
w-s005-a053-w010	5:53	5:53	10	5:53:10	إِنَّهُمْ	إِنّ		ACC					STEM|POS:ACC|LEM:<in~|SP:<in~ | SUFFIX|PRON:3MP
w-s005-a053-w011	5:53	5:53	11	5:53:11	لَمَعَكُمْ	مَع		LOC					PREFIX|l:EMPH+ | STEM|POS:LOC|LEM:maE|ACC | SUFFIX|PRON:2MP
w-s005-a053-w012	5:53	5:53	12	5:53:12	حَبِطَتْ	حَبِطَ	ح ب ط	V	PERF				STEM|POS:V|PERF|LEM:HabiTa|ROOT:HbT|3FS
w-s005-a053-w013	5:53	5:53	13	5:53:13	أَعْمَٰلُهُمْ	عَمَل	ع م ل	N					STEM|POS:N|LEM:Eamal|ROOT:Eml|MP|NOM | SUFFIX|PRON:3MP
w-s005-a053-w014	5:53	5:53	14	5:53:14	فَأَصْبَحُوا۟	أَصْبَحَ	ص ب ح	V	PERF			IV	PREFIX|f:CONJ+ | STEM|POS:V|PERF|(IV)|LEM:>aSobaHa|ROOT:SbH|SP:kaAn|3MP | SUFFIX|PRON:3MP
w-s005-a053-w015	5:53	5:53	15	5:53:15	خَٰسِرِينَ	خَٰسِرِين	خ س ر	N			ACT		STEM|POS:N|ACT|PCPL|LEM:xa`siriyn|ROOT:xsr|MP|ACC
w-s005-a054-w001	5:54	5:54	1	5:54:1	يَٰٓأَيُّهَا	أَيُّهَا		N					PREFIX|ya+ | STEM|POS:N|LEM:>ay~uhaA|NOM
w-s005-a054-w002	5:54	5:54	2	5:54:2	ٱلَّذِينَ	ٱلَّذِى		REL					STEM|POS:REL|LEM:{l~a*iY|MP
w-s005-a054-w003	5:54	5:54	3	5:54:3	ءَامَنُوا۟	ءَامَنَ	ء م ن	V	PERF			IV	STEM|POS:V|PERF|(IV)|LEM:'aAmana|ROOT:Amn|3MP | SUFFIX|PRON:3MP
w-s005-a054-w004	5:54	5:54	4	5:54:4	مَن	مَن		COND					STEM|POS:COND|LEM:man
w-s005-a054-w005	5:54	5:54	5	5:54:5	يَرْتَدَّ	ٱرْتَدَّ	ر د د	V	IMPF	JUS		VIII	STEM|POS:V|IMPF|(VIII)|LEM:{rotad~a|ROOT:rdd|3MS|MOOD:JUS
w-s005-a054-w006	5:54	5:54	6	5:54:6	مِنكُمْ	مِن		P					STEM|POS:P|LEM:min | SUFFIX|PRON:2MP
w-s005-a054-w007	5:54	5:54	7	5:54:7	عَن	عَن		P					STEM|POS:P|LEM:Ean
w-s005-a054-w008	5:54	5:54	8	5:54:8	دِينِهِۦ	دِين	د ي ن	N					STEM|POS:N|LEM:diyn|ROOT:dyn|M|GEN | SUFFIX|PRON:3MS
w-s005-a054-w009	5:54	5:54	9	5:54:9	فَسَوْفَ	سَوْف		FUT					PREFIX|f:RSLT+ | STEM|POS:FUT|LEM:sawof
w-s005-a054-w010	5:54	5:54	10	5:54:10	يَأْتِى	أَتَى	ء ت ي	V	IMPF				STEM|POS:V|IMPF|LEM:>ataY|ROOT:Aty|3MS
w-s005-a054-w011	5:54	5:54	11	5:54:11	ٱللَّهُ	ٱللَّه	ء ل ه	PN					STEM|POS:PN|LEM:{ll~ah|ROOT:Alh|NOM
w-s005-a054-w012	5:54	5:54	12	5:54:12	بِقَوْمٍ	قَوْم	ق و م	N					PREFIX|bi+ | STEM|POS:N|LEM:qawom|ROOT:qwm|M|INDEF|GEN
w-s005-a054-w013	5:54	5:54	13	5:54:13	يُحِبُّهُمْ	أَحْبَبْ	ح ب ب	V	IMPF			IV	STEM|POS:V|IMPF|(IV)|LEM:>aHobabo|ROOT:Hbb|3MS | SUFFIX|PRON:3MP
w-s005-a054-w014	5:54	5:54	14	5:54:14	وَيُحِبُّونَهُۥٓ	أَحْبَبْ	ح ب ب	V	IMPF			IV	PREFIX|w:CONJ+ | STEM|POS:V|IMPF|(IV)|LEM:>aHobabo|ROOT:Hbb|3MP | SUFFIX|PRON:3MP | SUFFIX|PRON:3MS
w-s005-a054-w015	5:54	5:54	15	5:54:15	أَذِلَّةٍ	أَذِلَّة	ذ ل ل	ADJ					STEM|POS:ADJ|LEM:>a*il~ap|ROOT:*ll|MP|INDEF|GEN
w-s005-a054-w016	5:54	5:54	16	5:54:16	عَلَى	عَلَىٰ		P					STEM|POS:P|LEM:EalaY`
w-s005-a054-w017	5:54	5:54	17	5:54:17	ٱلْمُؤْمِنِينَ	مُؤْمِن	ء م ن	N			ACT	IV	PREFIX|Al+ | STEM|POS:N|ACT|PCPL|(IV)|LEM:mu&omin|ROOT:Amn|MP|GEN
w-s005-a054-w018	5:54	5:54	18	5:54:18	أَعِزَّةٍ	عَزِيز	ع ز ز	ADJ					STEM|POS:ADJ|LEM:Eaziyz|ROOT:Ezz|MP|INDEF|GEN
w-s005-a054-w019	5:54	5:54	19	5:54:19	عَلَى	عَلَىٰ		P					STEM|POS:P|LEM:EalaY`
w-s005-a054-w020	5:54	5:54	20	5:54:20	ٱلْكَٰفِرِينَ	كَٰفِرُون	ك ف ر	N			ACT		PREFIX|Al+ | STEM|POS:N|ACT|PCPL|LEM:ka`firuwn|ROOT:kfr|MP|GEN
w-s005-a054-w021	5:54	5:54	21	5:54:21	يُجَٰهِدُونَ	جَٰهَدَ	ج ه د	V	IMPF			III	STEM|POS:V|IMPF|(III)|LEM:ja`hada|ROOT:jhd|3MP | SUFFIX|PRON:3MP
w-s005-a054-w022	5:54	5:54	22	5:54:22	فِى	فِى		P					STEM|POS:P|LEM:fiY
w-s005-a054-w023	5:54	5:54	23	5:54:23	سَبِيلِ	سَبِيل	س ب ل	N					STEM|POS:N|LEM:sabiyl|ROOT:sbl|M|GEN
w-s005-a054-w024	5:54	5:54	24	5:54:24	ٱللَّهِ	ٱللَّه	ء ل ه	PN					STEM|POS:PN|LEM:{ll~ah|ROOT:Alh|GEN
w-s005-a054-w025	5:54	5:54	25	5:54:25	وَلَا	لَا		NEG					PREFIX|w:CIRC+ | STEM|POS:NEG|LEM:laA
w-s005-a054-w026	5:54	5:54	26	5:54:26	يَخَافُونَ	خَافَ	خ و ف	V	IMPF				STEM|POS:V|IMPF|LEM:xaAfa|ROOT:xwf|3MP | SUFFIX|PRON:3MP
w-s005-a054-w027	5:54	5:54	27	5:54:27	لَوْمَةَ	لَوْمَة	ل و م	N					STEM|POS:N|LEM:lawomap|ROOT:lwm|F|ACC
w-s005-a054-w028	5:54	5:54	28	5:54:28	لَآئِمٍ	لَآئِم	ل و م	N			ACT		STEM|POS:N|ACT|PCPL|LEM:laA^}im|ROOT:lwm|M|INDEF|GEN
w-s005-a054-w029	5:54	5:54	29	5:54:29	ذَٰلِكَ	ذَٰلِك		DEM					STEM|POS:DEM|LEM:*a`lik|MS
w-s005-a054-w030	5:54	5:54	30	5:54:30	فَضْلُ	فَضْل	ف ض ل	N					STEM|POS:N|LEM:faDol|ROOT:fDl|M|NOM
w-s005-a054-w031	5:54	5:54	31	5:54:31	ٱللَّهِ	ٱللَّه	ء ل ه	PN					STEM|POS:PN|LEM:{ll~ah|ROOT:Alh|GEN
w-s005-a054-w032	5:54	5:54	32	5:54:32	يُؤْتِيهِ	آتَى	ء ت ي	V	IMPF			IV	STEM|POS:V|IMPF|(IV)|LEM:A^taY|ROOT:Aty|3MS | SUFFIX|PRON:3MS
w-s005-a054-w033	5:54	5:54	33	5:54:33	مَن	مَن		REL					STEM|POS:REL|LEM:man
w-s005-a054-w034	5:54	5:54	34	5:54:34	يَشَآءُ	شَآءَ	ش ي ء	V	IMPF				STEM|POS:V|IMPF|LEM:$aA^'a|ROOT:$yA|3MS
w-s005-a054-w035	5:54	5:54	35	5:54:35	وَٱللَّهُ	ٱللَّه	ء ل ه	PN					PREFIX|w:REM+ | STEM|POS:PN|LEM:{ll~ah|ROOT:Alh|NOM
w-s005-a054-w036	5:54	5:54	36	5:54:36	وَٰسِعٌ	وَٰسِع	و س ع	N			ACT		STEM|POS:N|ACT|PCPL|LEM:wa`siE|ROOT:wsE|M|INDEF|NOM
w-s005-a054-w037	5:54	5:54	37	5:54:37	عَلِيمٌ	عَلِيم	ع ل م	ADJ					STEM|POS:ADJ|LEM:Ealiym|ROOT:Elm|MS|INDEF|NOM
w-s005-a055-w001	5:55	5:55	1	5:55:1	إِنَّمَا	إِنّ;مَا		ACC;PREV					STEM|POS:ACC|LEM:<in~|SP:<in~ | STEM|POS:PREV|LEM:maA
w-s005-a055-w002	5:55	5:55	2	5:55:2	وَلِيُّكُمُ	وَلِىّ	و ل ي	N					STEM|POS:N|LEM:waliY~|ROOT:wly|M|NOM | SUFFIX|PRON:2MP
w-s005-a055-w003	5:55	5:55	3	5:55:3	ٱللَّهُ	ٱللَّه	ء ل ه	PN					STEM|POS:PN|LEM:{ll~ah|ROOT:Alh|NOM
w-s005-a055-w004	5:55	5:55	4	5:55:4	وَرَسُولُهُۥ	رَسُول	ر س ل	N					PREFIX|w:CONJ+ | STEM|POS:N|LEM:rasuwl|ROOT:rsl|M|NOM | SUFFIX|PRON:3MS
w-s005-a055-w005	5:55	5:55	5	5:55:5	وَٱلَّذِينَ	ٱلَّذِى		REL					PREFIX|w:CONJ+ | STEM|POS:REL|LEM:{l~a*iY|MP
w-s005-a055-w006	5:55	5:55	6	5:55:6	ءَامَنُوا۟	ءَامَنَ	ء م ن	V	PERF			IV	STEM|POS:V|PERF|(IV)|LEM:'aAmana|ROOT:Amn|3MP | SUFFIX|PRON:3MP
w-s005-a055-w007	5:55	5:55	7	5:55:7	ٱلَّذِينَ	ٱلَّذِى		REL					STEM|POS:REL|LEM:{l~a*iY|MP
w-s005-a055-w008	5:55	5:55	8	5:55:8	يُقِيمُونَ	أَقَامَ	ق و م	V	IMPF			IV	STEM|POS:V|IMPF|(IV)|LEM:>aqaAma|ROOT:qwm|3MP | SUFFIX|PRON:3MP
w-s005-a055-w009	5:55	5:55	9	5:55:9	ٱلصَّلَوٰةَ	صَلَوٰة	ص ل و	N					PREFIX|Al+ | STEM|POS:N|LEM:Salaw`p|ROOT:Slw|F|ACC
w-s005-a055-w010	5:55	5:55	10	5:55:10	وَيُؤْتُونَ	آتَى	ء ت ي	V	IMPF			IV	PREFIX|w:CONJ+ | STEM|POS:V|IMPF|(IV)|LEM:A^taY|ROOT:Aty|3MP | SUFFIX|PRON:3MP
w-s005-a055-w011	5:55	5:55	11	5:55:11	ٱلزَّكَوٰةَ	زَكَوٰة	ز ك و	N					PREFIX|Al+ | STEM|POS:N|LEM:zakaw`p|ROOT:zkw|F|ACC
w-s005-a055-w012	5:55	5:55	12	5:55:12	وَهُمْ			PRON					PREFIX|w:CIRC+ | STEM|POS:PRON|3MP
w-s005-a055-w013	5:55	5:55	13	5:55:13	رَٰكِعُونَ	رَاكِع	ر ك ع	N			ACT		STEM|POS:N|ACT|PCPL|LEM:raAkiE|ROOT:rkE|MP|NOM
w-s005-a056-w001	5:56	5:56	1	5:56:1	وَمَن	مَن		COND					PREFIX|w:REM+ | STEM|POS:COND|LEM:man
w-s005-a056-w002	5:56	5:56	2	5:56:2	يَتَوَلَّ	تَوَلَّىٰ	و ل ي	V	IMPF	JUS		V	STEM|POS:V|IMPF|(V)|LEM:tawal~aY`|ROOT:wly|3MS|MOOD:JUS
w-s005-a056-w003	5:56	5:56	3	5:56:3	ٱللَّهَ	ٱللَّه	ء ل ه	PN					STEM|POS:PN|LEM:{ll~ah|ROOT:Alh|ACC
w-s005-a056-w004	5:56	5:56	4	5:56:4	وَرَسُولَهُۥ	رَسُول	ر س ل	N					PREFIX|w:CONJ+ | STEM|POS:N|LEM:rasuwl|ROOT:rsl|M|ACC | SUFFIX|PRON:3MS
w-s005-a056-w005	5:56	5:56	5	5:56:5	وَٱلَّذِينَ	ٱلَّذِى		REL					PREFIX|w:CONJ+ | STEM|POS:REL|LEM:{l~a*iY|MP
w-s005-a056-w006	5:56	5:56	6	5:56:6	ءَامَنُوا۟	ءَامَنَ	ء م ن	V	PERF			IV	STEM|POS:V|PERF|(IV)|LEM:'aAmana|ROOT:Amn|3MP | SUFFIX|PRON:3MP
w-s005-a056-w007	5:56	5:56	7	5:56:7	فَإِنَّ	إِنّ		ACC					PREFIX|f:RSLT+ | STEM|POS:ACC|LEM:<in~|SP:<in~
w-s005-a056-w008	5:56	5:56	8	5:56:8	حِزْبَ	حِزْب	ح ز ب	N					STEM|POS:N|LEM:Hizob|ROOT:Hzb|M|ACC
w-s005-a056-w009	5:56	5:56	9	5:56:9	ٱللَّهِ	ٱللَّه	ء ل ه	PN					STEM|POS:PN|LEM:{ll~ah|ROOT:Alh|GEN
w-s005-a056-w010	5:56	5:56	10	5:56:10	هُمُ			PRON					STEM|POS:PRON|3MP
w-s005-a056-w011	5:56	5:56	11	5:56:11	ٱلْغَٰلِبُونَ	غَالِب	غ ل ب	N			ACT		PREFIX|Al+ | STEM|POS:N|ACT|PCPL|LEM:gaAlib|ROOT:glb|MP|NOM
w-s005-a057-w001	5:57	5:57	1	5:57:1	يَٰٓأَيُّهَا	أَيُّهَا		N					PREFIX|ya+ | STEM|POS:N|LEM:>ay~uhaA|NOM
w-s005-a057-w002	5:57	5:57	2	5:57:2	ٱلَّذِينَ	ٱلَّذِى		REL					STEM|POS:REL|LEM:{l~a*iY|MP
w-s005-a057-w003	5:57	5:57	3	5:57:3	ءَامَنُوا۟	ءَامَنَ	ء م ن	V	PERF			IV	STEM|POS:V|PERF|(IV)|LEM:'aAmana|ROOT:Amn|3MP | SUFFIX|PRON:3MP
w-s005-a057-w004	5:57	5:57	4	5:57:4	لَا	لَا		PRO					STEM|POS:PRO|LEM:laA
w-s005-a057-w005	5:57	5:57	5	5:57:5	تَتَّخِذُوا۟	ٱتَّخَذَ	ء خ ذ	V	IMPF	JUS		VIII	STEM|POS:V|IMPF|(VIII)|LEM:{t~axa*a|ROOT:Ax*|2MP|MOOD:JUS | SUFFIX|PRON:2MP
w-s005-a057-w006	5:57	5:57	6	5:57:6	ٱلَّذِينَ	ٱلَّذِى		REL					STEM|POS:REL|LEM:{l~a*iY|MP
w-s005-a057-w007	5:57	5:57	7	5:57:7	ٱتَّخَذُوا۟	ٱتَّخَذَ	ء خ ذ	V	PERF			VIII	STEM|POS:V|PERF|(VIII)|LEM:{t~axa*a|ROOT:Ax*|3MP | SUFFIX|PRON:3MP
w-s005-a057-w008	5:57	5:57	8	5:57:8	دِينَكُمْ	دِين	د ي ن	N					STEM|POS:N|LEM:diyn|ROOT:dyn|M|ACC | SUFFIX|PRON:2MP
w-s005-a057-w009	5:57	5:57	9	5:57:9	هُزُوًا	هُزُو	ه ز ء	N					STEM|POS:N|LEM:huzuw|ROOT:hzA|M|INDEF|ACC
w-s005-a057-w010	5:57	5:57	10	5:57:10	وَلَعِبًا	لَعِب	ل ع ب	N					PREFIX|w:CONJ+ | STEM|POS:N|LEM:laEib|ROOT:lEb|M|INDEF|ACC
w-s005-a057-w011	5:57	5:57	11	5:57:11	مِّنَ	مِن		P					STEM|POS:P|LEM:min
w-s005-a057-w012	5:57	5:57	12	5:57:12	ٱلَّذِينَ	ٱلَّذِى		REL					STEM|POS:REL|LEM:{l~a*iY|MP
w-s005-a057-w013	5:57	5:57	13	5:57:13	أُوتُوا۟	آتَى	ء ت ي	V	PERF		PASS	IV	STEM|POS:V|PERF|PASS|(IV)|LEM:A^taY|ROOT:Aty|3MP | SUFFIX|PRON:3MP
w-s005-a057-w014	5:57	5:57	14	5:57:14	ٱلْكِتَٰبَ	كِتَٰب	ك ت ب	N					PREFIX|Al+ | STEM|POS:N|LEM:kita`b|ROOT:ktb|M|ACC
w-s005-a057-w015	5:57	5:57	15	5:57:15	مِن	مِن		P					STEM|POS:P|LEM:min
w-s005-a057-w016	5:57	5:57	16	5:57:16	قَبْلِكُمْ	قَبْل	ق ب ل	N					STEM|POS:N|LEM:qabol|ROOT:qbl|GEN | SUFFIX|PRON:2MP
w-s005-a057-w017	5:57	5:57	17	5:57:17	وَٱلْكُفَّارَ	كَافِر	ك ف ر	N					PREFIX|w:CONJ+ | PREFIX|Al+ | STEM|POS:N|LEM:kaAfir|ROOT:kfr|MP|ACC
w-s005-a057-w018	5:57	5:57	18	5:57:18	أَوْلِيَآءَ	وَلِىّ	و ل ي	N					STEM|POS:N|LEM:waliY~|ROOT:wly|MP|ACC
w-s005-a057-w019	5:57	5:57	19	5:57:19	وَٱتَّقُوا۟	ٱتَّقَىٰ	و ق ي	V	IMPV			VIII	PREFIX|w:REM+ | STEM|POS:V|IMPV|(VIII)|LEM:{t~aqaY`|ROOT:wqy|2MP | SUFFIX|PRON:2MP
w-s005-a057-w020	5:57	5:57	20	5:57:20	ٱللَّهَ	ٱللَّه	ء ل ه	PN					STEM|POS:PN|LEM:{ll~ah|ROOT:Alh|ACC
w-s005-a057-w021	5:57	5:57	21	5:57:21	إِن	إِن		COND					STEM|POS:COND|LEM:<in
w-s005-a057-w022	5:57	5:57	22	5:57:22	كُنتُم	كَانَ	ك و ن	V	PERF				STEM|POS:V|PERF|LEM:kaAna|ROOT:kwn|SP:kaAn|2MP | SUFFIX|PRON:2MP
w-s005-a057-w023	5:57	5:57	23	5:57:23	مُّؤْمِنِينَ	مُؤْمِن	ء م ن	N			ACT	IV	STEM|POS:N|ACT|PCPL|(IV)|LEM:mu&omin|ROOT:Amn|MP|ACC
w-s005-a058-w001	5:58	5:58	1	5:58:1	وَإِذَا	إِذَا		T					PREFIX|w:REM+ | STEM|POS:T|LEM:<i*aA
w-s005-a058-w002	5:58	5:58	2	5:58:2	نَادَيْتُمْ	نَادَىٰ	ن د و	V	PERF			III	STEM|POS:V|PERF|(III)|LEM:naAdaY`|ROOT:ndw|2MP | SUFFIX|PRON:2MP
w-s005-a058-w003	5:58	5:58	3	5:58:3	إِلَى	إِلَىٰ		P					STEM|POS:P|LEM:<ilaY`
w-s005-a058-w004	5:58	5:58	4	5:58:4	ٱلصَّلَوٰةِ	صَلَوٰة	ص ل و	N					PREFIX|Al+ | STEM|POS:N|LEM:Salaw`p|ROOT:Slw|F|GEN
w-s005-a058-w005	5:58	5:58	5	5:58:5	ٱتَّخَذُوهَا	ٱتَّخَذَ	ء خ ذ	V	PERF			VIII	STEM|POS:V|PERF|(VIII)|LEM:{t~axa*a|ROOT:Ax*|3MP | SUFFIX|PRON:3MP | SUFFIX|PRON:3FS
w-s005-a058-w006	5:58	5:58	6	5:58:6	هُزُوًا	هُزُو	ه ز ء	N					STEM|POS:N|LEM:huzuw|ROOT:hzA|M|INDEF|ACC
w-s005-a058-w007	5:58	5:58	7	5:58:7	وَلَعِبًا	لَعِب	ل ع ب	N					PREFIX|w:CONJ+ | STEM|POS:N|LEM:laEib|ROOT:lEb|M|INDEF|ACC
w-s005-a058-w008	5:58	5:58	8	5:58:8	ذَٰلِكَ	ذَٰلِك		DEM					STEM|POS:DEM|LEM:*a`lik|MS
w-s005-a058-w009	5:58	5:58	9	5:58:9	بِأَنَّهُمْ	أَنّ		ACC					PREFIX|bi+ | STEM|POS:ACC|LEM:>an~|SP:<in~ | SUFFIX|PRON:3MP
w-s005-a058-w010	5:58	5:58	10	5:58:10	قَوْمٌ	قَوْم	ق و م	N					STEM|POS:N|LEM:qawom|ROOT:qwm|M|INDEF|NOM
w-s005-a058-w011	5:58	5:58	11	5:58:11	لَّا	لَا		NEG					STEM|POS:NEG|LEM:laA
w-s005-a058-w012	5:58	5:58	12	5:58:12	يَعْقِلُونَ	عَقَلُ	ع ق ل	V	IMPF				STEM|POS:V|IMPF|LEM:Eaqalu|ROOT:Eql|3MP | SUFFIX|PRON:3MP
w-s005-a059-w001	5:59	5:59	1	5:59:1	قُلْ	قَالَ	ق و ل	V	IMPV				STEM|POS:V|IMPV|LEM:qaAla|ROOT:qwl|2MS
w-s005-a059-w002	5:59	5:59	2	5:59:2	يَٰٓأَهْلَ	أَهْل	ء ه ل	N					PREFIX|ya+ | STEM|POS:N|LEM:>ahol|ROOT:Ahl|M|ACC
w-s005-a059-w003	5:59	5:59	3	5:59:3	ٱلْكِتَٰبِ	كِتَٰب	ك ت ب	N					PREFIX|Al+ | STEM|POS:N|LEM:kita`b|ROOT:ktb|M|GEN
w-s005-a059-w004	5:59	5:59	4	5:59:4	هَلْ	هَل		INTG					STEM|POS:INTG|LEM:hal
w-s005-a059-w005	5:59	5:59	5	5:59:5	تَنقِمُونَ	نَقَمُ	ن ق م	V	IMPF				STEM|POS:V|IMPF|LEM:naqamu|ROOT:nqm|2MP | SUFFIX|PRON:2MP
w-s005-a059-w006	5:59	5:59	6	5:59:6	مِنَّآ	مِن		P					STEM|POS:P|LEM:min | SUFFIX|PRON:1P
w-s005-a059-w007	5:59	5:59	7	5:59:7	إِلَّآ	إِلَّا		RES					STEM|POS:RES|LEM:<il~aA
w-s005-a059-w008	5:59	5:59	8	5:59:8	أَنْ	أَن		SUB					STEM|POS:SUB|LEM:>an
w-s005-a059-w009	5:59	5:59	9	5:59:9	ءَامَنَّا	ءَامَنَ	ء م ن	V	PERF			IV	STEM|POS:V|PERF|(IV)|LEM:'aAmana|ROOT:Amn|1P | SUFFIX|PRON:1P
w-s005-a059-w010	5:59	5:59	10	5:59:10	بِٱللَّهِ	ٱللَّه	ء ل ه	PN					PREFIX|bi+ | STEM|POS:PN|LEM:{ll~ah|ROOT:Alh|GEN
w-s005-a059-w011	5:59	5:59	11	5:59:11	وَمَآ	مَا		REL					PREFIX|w:CONJ+ | STEM|POS:REL|LEM:maA
w-s005-a059-w012	5:59	5:59	12	5:59:12	أُنزِلَ	أَنزَلَ	ن ز ل	V	PERF		PASS	IV	STEM|POS:V|PERF|PASS|(IV)|LEM:>anzala|ROOT:nzl|3MS
w-s005-a059-w013	5:59	5:59	13	5:59:13	إِلَيْنَا	إِلَىٰ		P					STEM|POS:P|LEM:<ilaY` | SUFFIX|PRON:1P
w-s005-a059-w014	5:59	5:59	14	5:59:14	وَمَآ	مَا		REL					PREFIX|w:CONJ+ | STEM|POS:REL|LEM:maA
w-s005-a059-w015	5:59	5:59	15	5:59:15	أُنزِلَ	أَنزَلَ	ن ز ل	V	PERF		PASS	IV	STEM|POS:V|PERF|PASS|(IV)|LEM:>anzala|ROOT:nzl|3MS
w-s005-a059-w016	5:59	5:59	16	5:59:16	مِن	مِن		P					STEM|POS:P|LEM:min
w-s005-a059-w017	5:59	5:59	17	5:59:17	قَبْلُ	قَبْل	ق ب ل	N					STEM|POS:N|LEM:qabol|ROOT:qbl|GEN
w-s005-a059-w018	5:59	5:59	18	5:59:18	وَأَنَّ	أَنّ		ACC					PREFIX|w:CONJ+ | STEM|POS:ACC|LEM:>an~|SP:<in~
w-s005-a059-w019	5:59	5:59	19	5:59:19	أَكْثَرَكُمْ	أَكْثَر	ك ث ر	N					STEM|POS:N|LEM:>akovar|ROOT:kvr|MS|ACC | SUFFIX|PRON:2MP
w-s005-a059-w020	5:59	5:59	20	5:59:20	فَٰسِقُونَ	فَاسِق	ف س ق	N			ACT		STEM|POS:N|ACT|PCPL|LEM:faAsiq|ROOT:fsq|MP|NOM
w-s005-a060-w001	5:60	5:60	1	5:60:1	قُلْ	قَالَ	ق و ل	V	IMPV				STEM|POS:V|IMPV|LEM:qaAla|ROOT:qwl|2MS
w-s005-a060-w002	5:60	5:60	2	5:60:2	هَلْ	هَل		INTG					STEM|POS:INTG|LEM:hal
w-s005-a060-w003	5:60	5:60	3	5:60:3	أُنَبِّئُكُم	نَبَّأَ	ن ب ء	V	IMPF			II	STEM|POS:V|IMPF|(II)|LEM:nab~a>a|ROOT:nbA|1S | SUFFIX|PRON:2MP
w-s005-a060-w004	5:60	5:60	4	5:60:4	بِشَرٍّ	شَرّ	ش ر ر	N					PREFIX|bi+ | STEM|POS:N|LEM:$ar~|ROOT:$rr|MS|INDEF|GEN
w-s005-a060-w005	5:60	5:60	5	5:60:5	مِّن	مِن		P					STEM|POS:P|LEM:min
w-s005-a060-w006	5:60	5:60	6	5:60:6	ذَٰلِكَ	ذَٰلِك		DEM					STEM|POS:DEM|LEM:*a`lik|MS
w-s005-a060-w007	5:60	5:60	7	5:60:7	مَثُوبَةً	مَثُوبَة	ث و ب	N					STEM|POS:N|VN|LEM:mavuwbap|ROOT:vwb|F|INDEF|ACC
w-s005-a060-w008	5:60	5:60	8	5:60:8	عِندَ	عِند	ع ن د	LOC					STEM|POS:LOC|LEM:Eind|ROOT:End|ACC
w-s005-a060-w009	5:60	5:60	9	5:60:9	ٱللَّهِ	ٱللَّه	ء ل ه	PN					STEM|POS:PN|LEM:{ll~ah|ROOT:Alh|GEN
w-s005-a060-w010	5:60	5:60	10	5:60:10	مَن	مَن		REL					STEM|POS:REL|LEM:man
w-s005-a060-w011	5:60	5:60	11	5:60:11	لَّعَنَهُ	لَعَنَ	ل ع ن	V	PERF				STEM|POS:V|PERF|LEM:laEana|ROOT:lEn|3MS | SUFFIX|PRON:3MS
w-s005-a060-w012	5:60	5:60	12	5:60:12	ٱللَّهُ	ٱللَّه	ء ل ه	PN					STEM|POS:PN|LEM:{ll~ah|ROOT:Alh|NOM
w-s005-a060-w013	5:60	5:60	13	5:60:13	وَغَضِبَ	غَضِبَ	غ ض ب	V	PERF				PREFIX|w:CONJ+ | STEM|POS:V|PERF|LEM:gaDiba|ROOT:gDb|3MS
w-s005-a060-w014	5:60	5:60	14	5:60:14	عَلَيْهِ	عَلَىٰ		P					STEM|POS:P|LEM:EalaY` | SUFFIX|PRON:3MS
w-s005-a060-w015	5:60	5:60	15	5:60:15	وَجَعَلَ	جَعَلَ	ج ع ل	V	PERF				PREFIX|w:CONJ+ | STEM|POS:V|PERF|LEM:jaEala|ROOT:jEl|3MS
w-s005-a060-w016	5:60	5:60	16	5:60:16	مِنْهُمُ	مِن		P					STEM|POS:P|LEM:min | SUFFIX|PRON:3MP
w-s005-a060-w017	5:60	5:60	17	5:60:17	ٱلْقِرَدَةَ	قِرَدَة	ق ر د	N					PREFIX|Al+ | STEM|POS:N|LEM:qiradap|ROOT:qrd|MP|ACC
w-s005-a060-w018	5:60	5:60	18	5:60:18	وَٱلْخَنَازِيرَ	خِنزِير	خ ن ز ر	N					PREFIX|w:CONJ+ | PREFIX|Al+ | STEM|POS:N|LEM:xinziyr|ROOT:xnzr|MP|ACC
w-s005-a060-w019	5:60	5:60	19	5:60:19	وَعَبَدَ	عَبَدَ	ع ب د	V	PERF				PREFIX|w:CONJ+ | STEM|POS:V|PERF|LEM:Eabada|ROOT:Ebd|3MS
w-s005-a060-w020	5:60	5:60	20	5:60:20	ٱلطَّٰغُوتَ	طَّٰغُوت	ط غ ي	N					PREFIX|Al+ | STEM|POS:N|LEM:T~a`guwt|ROOT:Tgy|ACC
w-s005-a060-w021	5:60	5:60	21	5:60:21	أُو۟لَٰٓئِكَ	أُولَٰٓئِك		DEM					STEM|POS:DEM|LEM:>uwla`^}ik|P
w-s005-a060-w022	5:60	5:60	22	5:60:22	شَرٌّ	شَرّ	ش ر ر	N					STEM|POS:N|LEM:$ar~|ROOT:$rr|MS|INDEF|NOM
w-s005-a060-w023	5:60	5:60	23	5:60:23	مَّكَانًا	مَّكَان	ك و ن	N					STEM|POS:N|LEM:m~akaAn|ROOT:kwn|M|INDEF|ACC
w-s005-a060-w024	5:60	5:60	24	5:60:24	وَأَضَلُّ	أَضَلّ	ض ل ل	N					PREFIX|w:CONJ+ | STEM|POS:N|LEM:>aDal~|ROOT:Dll|MS|NOM
w-s005-a060-w025	5:60	5:60	25	5:60:25	عَن	عَن		P					STEM|POS:P|LEM:Ean
w-s005-a060-w026	5:60	5:60	26	5:60:26	سَوَآءِ	سَوَآء	س و ي	N					STEM|POS:N|LEM:sawaA^'|ROOT:swy|M|GEN
w-s005-a060-w027	5:60	5:60	27	5:60:27	ٱلسَّبِيلِ	سَبِيل	س ب ل	N					PREFIX|Al+ | STEM|POS:N|LEM:sabiyl|ROOT:sbl|M|GEN
w-s005-a061-w001	5:61	5:61	1	5:61:1	وَإِذَا	إِذَا		T					PREFIX|w:CONJ+ | STEM|POS:T|LEM:<i*aA
w-s005-a061-w002	5:61	5:61	2	5:61:2	جَآءُوكُمْ	جَآءَ	ج ي ء	V	PERF				STEM|POS:V|PERF|LEM:jaA^'a|ROOT:jyA|3MP | SUFFIX|PRON:3MP | SUFFIX|PRON:2MP
w-s005-a061-w003	5:61	5:61	3	5:61:3	قَالُوٓا۟	قَالَ	ق و ل	V	PERF				STEM|POS:V|PERF|LEM:qaAla|ROOT:qwl|3MP | SUFFIX|PRON:3MP
w-s005-a061-w004	5:61	5:61	4	5:61:4	ءَامَنَّا	ءَامَنَ	ء م ن	V	PERF			IV	STEM|POS:V|PERF|(IV)|LEM:'aAmana|ROOT:Amn|1P | SUFFIX|PRON:1P
w-s005-a061-w005	5:61	5:61	5	5:61:5	وَقَد	قَد		CERT					PREFIX|w:CIRC+ | STEM|POS:CERT|LEM:qad
w-s005-a061-w006	5:61	5:61	6	5:61:6	دَّخَلُوا۟	دَخَلَ	د خ ل	V	PERF				STEM|POS:V|PERF|LEM:daxala|ROOT:dxl|3MP | SUFFIX|PRON:3MP
w-s005-a061-w007	5:61	5:61	7	5:61:7	بِٱلْكُفْرِ	كُفْر	ك ف ر	N					PREFIX|bi+ | PREFIX|Al+ | STEM|POS:N|LEM:kufor|ROOT:kfr|M|GEN
w-s005-a061-w008	5:61	5:61	8	5:61:8	وَهُمْ			PRON					PREFIX|w:CONJ+ | STEM|POS:PRON|3MP
w-s005-a061-w009	5:61	5:61	9	5:61:9	قَدْ	قَد		CERT					STEM|POS:CERT|LEM:qad
w-s005-a061-w010	5:61	5:61	10	5:61:10	خَرَجُوا۟	خَرَجَ	خ ر ج	V	PERF				STEM|POS:V|PERF|LEM:xaraja|ROOT:xrj|3MP | SUFFIX|PRON:3MP
w-s005-a061-w011	5:61	5:61	11	5:61:11	بِهِۦ			PRON					PREFIX|bi+ | STEM|POS:PRON|3MS
w-s005-a061-w012	5:61	5:61	12	5:61:12	وَٱللَّهُ	ٱللَّه	ء ل ه	PN					PREFIX|w:REM+ | STEM|POS:PN|LEM:{ll~ah|ROOT:Alh|NOM
w-s005-a061-w013	5:61	5:61	13	5:61:13	أَعْلَمُ	أَعْلَم	ع ل م	N					STEM|POS:N|LEM:>aEolam|ROOT:Elm|MS|NOM
w-s005-a061-w014	5:61	5:61	14	5:61:14	بِمَا	مَا		REL					PREFIX|bi+ | STEM|POS:REL|LEM:maA
w-s005-a061-w015	5:61	5:61	15	5:61:15	كَانُوا۟	كَانَ	ك و ن	V	PERF				STEM|POS:V|PERF|LEM:kaAna|ROOT:kwn|SP:kaAn|3MP | SUFFIX|PRON:3MP
w-s005-a061-w016	5:61	5:61	16	5:61:16	يَكْتُمُونَ	كَتَمَ	ك ت م	V	IMPF				STEM|POS:V|IMPF|LEM:katama|ROOT:ktm|3MP | SUFFIX|PRON:3MP
w-s005-a062-w001	5:62	5:62	1	5:62:1	وَتَرَىٰ	رَءَا	ر ء ي	V	IMPF				PREFIX|w:REM+ | STEM|POS:V|IMPF|LEM:ra'aA|ROOT:rAy|2MS
w-s005-a062-w002	5:62	5:62	2	5:62:2	كَثِيرًا	كَثِير	ك ث ر	N					STEM|POS:N|LEM:kaviyr|ROOT:kvr|MS|INDEF|ACC
w-s005-a062-w003	5:62	5:62	3	5:62:3	مِّنْهُمْ	مِن		P					STEM|POS:P|LEM:min | SUFFIX|PRON:3MP
w-s005-a062-w004	5:62	5:62	4	5:62:4	يُسَٰرِعُونَ	يُسَٰرِعُ	س ر ع	V	IMPF			III	STEM|POS:V|IMPF|(III)|LEM:yusa`riEu|ROOT:srE|3MP | SUFFIX|PRON:3MP
w-s005-a062-w005	5:62	5:62	5	5:62:5	فِى	فِى		P					STEM|POS:P|LEM:fiY
w-s005-a062-w006	5:62	5:62	6	5:62:6	ٱلْإِثْمِ	إِثْم	ء ث م	N					PREFIX|Al+ | STEM|POS:N|LEM:<ivom|ROOT:Avm|M|GEN
w-s005-a062-w007	5:62	5:62	7	5:62:7	وَٱلْعُدْوَٰنِ	عُدْوَٰن	ع د و	N					PREFIX|w:CONJ+ | PREFIX|Al+ | STEM|POS:N|LEM:Eudowa`n|ROOT:Edw|M|GEN
w-s005-a062-w008	5:62	5:62	8	5:62:8	وَأَكْلِهِمُ	أَكْل	ء ك ل	N					PREFIX|w:CONJ+ | STEM|POS:N|VN|LEM:>akol|ROOT:Akl|M|GEN | SUFFIX|PRON:3MP
w-s005-a062-w009	5:62	5:62	9	5:62:9	ٱلسُّحْتَ	سُّحْت	س ح ت	N					PREFIX|Al+ | STEM|POS:N|LEM:s~uHot|ROOT:sHt|M|ACC
w-s005-a062-w010	5:62	5:62	10	5:62:10	لَبِئْسَ	بِئْسَ	ب ء س	V	PERF				PREFIX|l:EMPH+ | STEM|POS:V|PERF|LEM:bi}osa|ROOT:bAs|3MS
w-s005-a062-w011	5:62	5:62	11	5:62:11	مَا	مَا		REL					STEM|POS:REL|LEM:maA
w-s005-a062-w012	5:62	5:62	12	5:62:12	كَانُوا۟	كَانَ	ك و ن	V	PERF				STEM|POS:V|PERF|LEM:kaAna|ROOT:kwn|SP:kaAn|3MP | SUFFIX|PRON:3MP
w-s005-a062-w013	5:62	5:62	13	5:62:13	يَعْمَلُونَ	عَمِلَ	ع م ل	V	IMPF				STEM|POS:V|IMPF|LEM:Eamila|ROOT:Eml|3MP | SUFFIX|PRON:3MP
w-s005-a063-w001	5:63	5:63	1	5:63:1	لَوْلَا	لَوْلَآ		EXH					STEM|POS:EXH|LEM:lawolaA^
w-s005-a063-w002	5:63	5:63	2	5:63:2	يَنْهَىٰهُمُ	نَهَىٰ	ن ه ي	V	IMPF				STEM|POS:V|IMPF|LEM:nahaY`|ROOT:nhy|3MS | SUFFIX|PRON:3MP
w-s005-a063-w003	5:63	5:63	3	5:63:3	ٱلرَّبَّٰنِيُّونَ	رَبَّٰنِيِّن	ر ب ب	N					PREFIX|Al+ | STEM|POS:N|LEM:rab~a`niy~in|ROOT:rbb|MP|NOM
w-s005-a063-w004	5:63	5:63	4	5:63:4	وَٱلْأَحْبَارُ	أَحْبَار	ح ب ر	N					PREFIX|w:CONJ+ | PREFIX|Al+ | STEM|POS:N|LEM:>aHobaAr|ROOT:Hbr|MP|NOM
w-s005-a063-w005	5:63	5:63	5	5:63:5	عَن	عَن		P					STEM|POS:P|LEM:Ean
w-s005-a063-w006	5:63	5:63	6	5:63:6	قَوْلِهِمُ	قَوْل	ق و ل	N					STEM|POS:N|VN|LEM:qawol|ROOT:qwl|M|GEN | SUFFIX|PRON:3MP
w-s005-a063-w007	5:63	5:63	7	5:63:7	ٱلْإِثْمَ	إِثْم	ء ث م	N					PREFIX|Al+ | STEM|POS:N|LEM:<ivom|ROOT:Avm|M|ACC
w-s005-a063-w008	5:63	5:63	8	5:63:8	وَأَكْلِهِمُ	أَكْل	ء ك ل	N					PREFIX|w:CONJ+ | STEM|POS:N|VN|LEM:>akol|ROOT:Akl|M|GEN | SUFFIX|PRON:3MP
w-s005-a063-w009	5:63	5:63	9	5:63:9	ٱلسُّحْتَ	سُّحْت	س ح ت	N					PREFIX|Al+ | STEM|POS:N|LEM:s~uHot|ROOT:sHt|M|ACC
w-s005-a063-w010	5:63	5:63	10	5:63:10	لَبِئْسَ	بِئْسَ	ب ء س	V	PERF				PREFIX|l:EMPH+ | STEM|POS:V|PERF|LEM:bi}osa|ROOT:bAs|3MS
w-s005-a063-w011	5:63	5:63	11	5:63:11	مَا	مَا		REL					STEM|POS:REL|LEM:maA
w-s005-a063-w012	5:63	5:63	12	5:63:12	كَانُوا۟	كَانَ	ك و ن	V	PERF				STEM|POS:V|PERF|LEM:kaAna|ROOT:kwn|SP:kaAn|3MP | SUFFIX|PRON:3MP
w-s005-a063-w013	5:63	5:63	13	5:63:13	يَصْنَعُونَ	صَنَعُ	ص ن ع	V	IMPF				STEM|POS:V|IMPF|LEM:SanaEu|ROOT:SnE|3MP | SUFFIX|PRON:3MP
w-s005-a064-w001	5:64	5:64	1	5:64:1	وَقَالَتِ	قَالَ	ق و ل	V	PERF				PREFIX|w:REM+ | STEM|POS:V|PERF|LEM:qaAla|ROOT:qwl|3FS
w-s005-a064-w002	5:64	5:64	2	5:64:2	ٱلْيَهُودُ	يَهُودِيّ		PN					PREFIX|Al+ | STEM|POS:PN|LEM:yahuwdiy~|MP|NOM
w-s005-a064-w003	5:64	5:64	3	5:64:3	يَدُ	يَد	ي د ي	N					STEM|POS:N|LEM:yad|ROOT:ydy|FS|NOM
w-s005-a064-w004	5:64	5:64	4	5:64:4	ٱللَّهِ	ٱللَّه	ء ل ه	PN					STEM|POS:PN|LEM:{ll~ah|ROOT:Alh|GEN
w-s005-a064-w005	5:64	5:64	5	5:64:5	مَغْلُولَةٌ	مَغْلُولَة	غ ل ل	N			PASS		STEM|POS:N|PASS|PCPL|LEM:magoluwlap|ROOT:gll|F|INDEF|NOM
w-s005-a064-w006	5:64	5:64	6	5:64:6	غُلَّتْ	غَلَّ	غ ل ل	V	PERF		PASS		STEM|POS:V|PERF|PASS|LEM:gal~a|ROOT:gll|3FS
w-s005-a064-w007	5:64	5:64	7	5:64:7	أَيْدِيهِمْ	يَد	ي د ي	N					STEM|POS:N|LEM:yad|ROOT:ydy|FP|NOM | SUFFIX|PRON:3MP
w-s005-a064-w008	5:64	5:64	8	5:64:8	وَلُعِنُوا۟	لَعَنَ	ل ع ن	V	PERF		PASS		PREFIX|w:CONJ+ | STEM|POS:V|PERF|PASS|LEM:laEana|ROOT:lEn|3MP | SUFFIX|PRON:3MP
w-s005-a064-w009	5:64	5:64	9	5:64:9	بِمَا	مَا		REL					PREFIX|bi+ | STEM|POS:REL|LEM:maA
w-s005-a064-w010	5:64	5:64	10	5:64:10	قَالُوا۟	قَالَ	ق و ل	V	PERF				STEM|POS:V|PERF|LEM:qaAla|ROOT:qwl|3MP | SUFFIX|PRON:3MP
w-s005-a064-w011	5:64	5:64	11	5:64:11	بَلْ	بَل		RET					STEM|POS:RET|LEM:bal
w-s005-a064-w012	5:64	5:64	12	5:64:12	يَدَاهُ	يَد	ي د ي	N					STEM|POS:N|LEM:yad|ROOT:ydy|FD|NOM | SUFFIX|PRON:3MS
w-s005-a064-w013	5:64	5:64	13	5:64:13	مَبْسُوطَتَانِ	مَبْسُوطَتَان	ب س ط	N			PASS		STEM|POS:N|PASS|PCPL|LEM:mabosuwTataAn|ROOT:bsT|FD|NOM
w-s005-a064-w014	5:64	5:64	14	5:64:14	يُنفِقُ	أَنفَقَ	ن ف ق	V	IMPF			IV	STEM|POS:V|IMPF|(IV)|LEM:>anfaqa|ROOT:nfq|3MS
w-s005-a064-w015	5:64	5:64	15	5:64:15	كَيْفَ	كَيْف	ك ي ف	N					STEM|POS:N|LEM:kayof|ROOT:kyf|ACC
w-s005-a064-w016	5:64	5:64	16	5:64:16	يَشَآءُ	شَآءَ	ش ي ء	V	IMPF				STEM|POS:V|IMPF|LEM:$aA^'a|ROOT:$yA|3MS
w-s005-a064-w017	5:64	5:64	17	5:64:17	وَلَيَزِيدَنَّ	زَادَ	ز ي د	V	IMPF				PREFIX|w:REM+ | PREFIX|l:EMPH+ | STEM|POS:V|IMPF|LEM:zaAda|ROOT:zyd|3MS | SUFFIX|+n:EMPH
w-s005-a064-w018	5:64	5:64	18	5:64:18	كَثِيرًا	كَثِير	ك ث ر	N					STEM|POS:N|LEM:kaviyr|ROOT:kvr|MS|INDEF|ACC
w-s005-a064-w019	5:64	5:64	19	5:64:19	مِّنْهُم	مِن		P					STEM|POS:P|LEM:min | SUFFIX|PRON:3MP
w-s005-a064-w020	5:64	5:64	20	5:64:20	مَّآ	مَا		REL					STEM|POS:REL|LEM:maA
w-s005-a064-w021	5:64	5:64	21	5:64:21	أُنزِلَ	أَنزَلَ	ن ز ل	V	PERF		PASS	IV	STEM|POS:V|PERF|PASS|(IV)|LEM:>anzala|ROOT:nzl|3MS
w-s005-a064-w022	5:64	5:64	22	5:64:22	إِلَيْكَ	إِلَىٰ		P					STEM|POS:P|LEM:<ilaY` | SUFFIX|PRON:2MS
w-s005-a064-w023	5:64	5:64	23	5:64:23	مِن	مِن		P					STEM|POS:P|LEM:min
w-s005-a064-w024	5:64	5:64	24	5:64:24	رَّبِّكَ	رَبّ	ر ب ب	N					STEM|POS:N|LEM:rab~|ROOT:rbb|M|GEN | SUFFIX|PRON:2MS
w-s005-a064-w025	5:64	5:64	25	5:64:25	طُغْيَٰنًا	طُغْيَٰن	ط غ ي	N					STEM|POS:N|VN|LEM:Tugoya`n|ROOT:Tgy|M|INDEF|ACC
w-s005-a064-w026	5:64	5:64	26	5:64:26	وَكُفْرًا	كُفْر	ك ف ر	N					PREFIX|w:CONJ+ | STEM|POS:N|LEM:kufor|ROOT:kfr|M|INDEF|ACC
w-s005-a064-w027	5:64	5:64	27	5:64:27	وَأَلْقَيْنَا	أَلْقَىٰٓ	ل ق ي	V	PERF			IV	PREFIX|w:REM+ | STEM|POS:V|PERF|(IV)|LEM:>aloqaY`^|ROOT:lqy|1P | SUFFIX|PRON:1P
w-s005-a064-w028	5:64	5:64	28	5:64:28	بَيْنَهُمُ	بَيْن	ب ي ن	LOC					STEM|POS:LOC|LEM:bayon|ROOT:byn|ACC | SUFFIX|PRON:3MP
w-s005-a064-w029	5:64	5:64	29	5:64:29	ٱلْعَدَٰوَةَ	عَدَٰوَة	ع د و	N					PREFIX|Al+ | STEM|POS:N|LEM:Eada`wap|ROOT:Edw|F|ACC
w-s005-a064-w030	5:64	5:64	30	5:64:30	وَٱلْبَغْضَآءَ	بَغْضَآء	ب غ ض	N					PREFIX|w:CONJ+ | PREFIX|Al+ | STEM|POS:N|LEM:bagoDaA^'|ROOT:bgD|F|ACC
w-s005-a064-w031	5:64	5:64	31	5:64:31	إِلَىٰ	إِلَىٰ		P					STEM|POS:P|LEM:<ilaY`
w-s005-a064-w032	5:64	5:64	32	5:64:32	يَوْمِ	يَوْم	ي و م	N					STEM|POS:N|LEM:yawom|ROOT:ywm|M|GEN
w-s005-a064-w033	5:64	5:64	33	5:64:33	ٱلْقِيَٰمَةِ	قِيَٰمَة	ق و م	N					PREFIX|Al+ | STEM|POS:N|LEM:qiya`map|ROOT:qwm|F|GEN
w-s005-a064-w034	5:64	5:64	34	5:64:34	كُلَّمَآ	كُلَّمَا	ك ل ل	T					STEM|POS:T|LEM:kul~amaA|ROOT:kll
w-s005-a064-w035	5:64	5:64	35	5:64:35	أَوْقَدُوا۟	أَوْقَدُ	و ق د	V	PERF			IV	STEM|POS:V|PERF|(IV)|LEM:>awoqadu|ROOT:wqd|3MP | SUFFIX|PRON:3MP
w-s005-a064-w036	5:64	5:64	36	5:64:36	نَارًا	نَار	ن و ر	N					STEM|POS:N|LEM:naAr|ROOT:nwr|F|INDEF|ACC
w-s005-a064-w037	5:64	5:64	37	5:64:37	لِّلْحَرْبِ	حَرْب	ح ر ب	N					PREFIX|l:P+ | PREFIX|Al+ | STEM|POS:N|LEM:Harob|ROOT:Hrb|M|GEN
w-s005-a064-w038	5:64	5:64	38	5:64:38	أَطْفَأَهَا	أَطْفَأَ	ط ف ء	V	PERF			IV	STEM|POS:V|PERF|(IV)|LEM:>aTofa>a|ROOT:TfA|3MS | SUFFIX|PRON:3FS
w-s005-a064-w039	5:64	5:64	39	5:64:39	ٱللَّهُ	ٱللَّه	ء ل ه	PN					STEM|POS:PN|LEM:{ll~ah|ROOT:Alh|NOM
w-s005-a064-w040	5:64	5:64	40	5:64:40	وَيَسْعَوْنَ	سَعَىٰ	س ع ي	V	IMPF				PREFIX|w:REM+ | STEM|POS:V|IMPF|LEM:saEaY`|ROOT:sEy|3MP | SUFFIX|PRON:3MP
w-s005-a064-w041	5:64	5:64	41	5:64:41	فِى	فِى		P					STEM|POS:P|LEM:fiY
w-s005-a064-w042	5:64	5:64	42	5:64:42	ٱلْأَرْضِ	أَرْض	ء ر ض	N					PREFIX|Al+ | STEM|POS:N|LEM:>aroD|ROOT:ArD|F|GEN
w-s005-a064-w043	5:64	5:64	43	5:64:43	فَسَادًا	فَسَاد	ف س د	N					STEM|POS:N|LEM:fasaAd|ROOT:fsd|M|INDEF|ACC
w-s005-a064-w044	5:64	5:64	44	5:64:44	وَٱللَّهُ	ٱللَّه	ء ل ه	PN					PREFIX|w:REM+ | STEM|POS:PN|LEM:{ll~ah|ROOT:Alh|NOM
w-s005-a064-w045	5:64	5:64	45	5:64:45	لَا	لَا		NEG					STEM|POS:NEG|LEM:laA
w-s005-a064-w046	5:64	5:64	46	5:64:46	يُحِبُّ	أَحْبَبْ	ح ب ب	V	IMPF			IV	STEM|POS:V|IMPF|(IV)|LEM:>aHobabo|ROOT:Hbb|3MS
w-s005-a064-w047	5:64	5:64	47	5:64:47	ٱلْمُفْسِدِينَ	مُفْسِد	ف س د	N			ACT	IV	PREFIX|Al+ | STEM|POS:N|ACT|PCPL|(IV)|LEM:mufosid|ROOT:fsd|MP|ACC
w-s005-a065-w001	5:65	5:65	1	5:65:1	وَلَوْ	لَو		COND					PREFIX|w:REM+ | STEM|POS:COND|LEM:law
w-s005-a065-w002	5:65	5:65	2	5:65:2	أَنَّ	أَنّ		ACC					STEM|POS:ACC|LEM:>an~|SP:<in~
w-s005-a065-w003	5:65	5:65	3	5:65:3	أَهْلَ	أَهْل	ء ه ل	N					STEM|POS:N|LEM:>ahol|ROOT:Ahl|M|ACC
w-s005-a065-w004	5:65	5:65	4	5:65:4	ٱلْكِتَٰبِ	كِتَٰب	ك ت ب	N					PREFIX|Al+ | STEM|POS:N|LEM:kita`b|ROOT:ktb|M|GEN
w-s005-a065-w005	5:65	5:65	5	5:65:5	ءَامَنُوا۟	ءَامَنَ	ء م ن	V	PERF			IV	STEM|POS:V|PERF|(IV)|LEM:'aAmana|ROOT:Amn|3MP | SUFFIX|PRON:3MP
w-s005-a065-w006	5:65	5:65	6	5:65:6	وَٱتَّقَوْا۟	ٱتَّقَىٰ	و ق ي	V	PERF			VIII	PREFIX|w:CONJ+ | STEM|POS:V|PERF|(VIII)|LEM:{t~aqaY`|ROOT:wqy|3MP | SUFFIX|PRON:3MP
w-s005-a065-w007	5:65	5:65	7	5:65:7	لَكَفَّرْنَا	كَفَّرَ	ك ف ر	V	PERF			II	PREFIX|l:EMPH+ | STEM|POS:V|PERF|(II)|LEM:kaf~ara|ROOT:kfr|1P | SUFFIX|PRON:1P
w-s005-a065-w008	5:65	5:65	8	5:65:8	عَنْهُمْ	عَن		P					STEM|POS:P|LEM:Ean | SUFFIX|PRON:3MP
w-s005-a065-w009	5:65	5:65	9	5:65:9	سَيِّـَٔاتِهِمْ	سَيِّـَٔات	س و ء	N					STEM|POS:N|LEM:say~i_#aAt|ROOT:swA|FP|ACC | SUFFIX|PRON:3MP
w-s005-a065-w010	5:65	5:65	10	5:65:10	وَلَأَدْخَلْنَٰهُمْ	أُدْخِلَ	د خ ل	V	PERF			IV	PREFIX|w:CONJ+ | PREFIX|l:EMPH+ | STEM|POS:V|PERF|(IV)|LEM:>udoxila|ROOT:dxl|1P | SUFFIX|PRON:1P | SUFFIX|PRON:3MP
w-s005-a065-w011	5:65	5:65	11	5:65:11	جَنَّٰتِ	جَنَّة	ج ن ن	N					STEM|POS:N|LEM:jan~ap|ROOT:jnn|FP|ACC
w-s005-a065-w012	5:65	5:65	12	5:65:12	ٱلنَّعِيمِ	نَعِيم	ن ع م	N					PREFIX|Al+ | STEM|POS:N|LEM:naEiym|ROOT:nEm|M|GEN
w-s005-a066-w001	5:66	5:66	1	5:66:1	وَلَوْ	لَو		COND					PREFIX|w:REM+ | STEM|POS:COND|LEM:law
w-s005-a066-w002	5:66	5:66	2	5:66:2	أَنَّهُمْ	أَنّ		ACC					STEM|POS:ACC|LEM:>an~|SP:<in~ | SUFFIX|PRON:3MP
w-s005-a066-w003	5:66	5:66	3	5:66:3	أَقَامُوا۟	أَقَامَ	ق و م	V	PERF			IV	STEM|POS:V|PERF|(IV)|LEM:>aqaAma|ROOT:qwm|3MP | SUFFIX|PRON:3MP
w-s005-a066-w004	5:66	5:66	4	5:66:4	ٱلتَّوْرَىٰةَ	تَّوْرَىٰة		PN					PREFIX|Al+ | STEM|POS:PN|LEM:t~aworaY`p|ACC
w-s005-a066-w005	5:66	5:66	5	5:66:5	وَٱلْإِنجِيلَ	إِنجِيل		PN					PREFIX|w:CONJ+ | PREFIX|Al+ | STEM|POS:PN|LEM:<injiyl|ACC
w-s005-a066-w006	5:66	5:66	6	5:66:6	وَمَآ	مَا		REL					PREFIX|w:CONJ+ | STEM|POS:REL|LEM:maA
w-s005-a066-w007	5:66	5:66	7	5:66:7	أُنزِلَ	أَنزَلَ	ن ز ل	V	PERF		PASS	IV	STEM|POS:V|PERF|PASS|(IV)|LEM:>anzala|ROOT:nzl|3MS
w-s005-a066-w008	5:66	5:66	8	5:66:8	إِلَيْهِم	إِلَىٰ		P					STEM|POS:P|LEM:<ilaY` | SUFFIX|PRON:3MP
w-s005-a066-w009	5:66	5:66	9	5:66:9	مِّن	مِن		P					STEM|POS:P|LEM:min
w-s005-a066-w010	5:66	5:66	10	5:66:10	رَّبِّهِمْ	رَبّ	ر ب ب	N					STEM|POS:N|LEM:rab~|ROOT:rbb|M|GEN | SUFFIX|PRON:3MP
w-s005-a066-w011	5:66	5:66	11	5:66:11	لَأَكَلُوا۟	أَكَلَ	ء ك ل	V	PERF				PREFIX|l:EMPH+ | STEM|POS:V|PERF|LEM:>akala|ROOT:Akl|3MP | SUFFIX|PRON:3MP
w-s005-a066-w012	5:66	5:66	12	5:66:12	مِن	مِن		P					STEM|POS:P|LEM:min
w-s005-a066-w013	5:66	5:66	13	5:66:13	فَوْقِهِمْ	فَوْق	ف و ق	N					STEM|POS:N|LEM:fawoq|ROOT:fwq|M|GEN | SUFFIX|PRON:3MP
w-s005-a066-w014	5:66	5:66	14	5:66:14	وَمِن	مِن		P					PREFIX|w:CONJ+ | STEM|POS:P|LEM:min
w-s005-a066-w015	5:66	5:66	15	5:66:15	تَحْتِ	تَحْت	ت ح ت	N					STEM|POS:N|LEM:taHot|ROOT:tHt|GEN
w-s005-a066-w016	5:66	5:66	16	5:66:16	أَرْجُلِهِم	رِجْل	ر ج ل	N					STEM|POS:N|LEM:rijol|ROOT:rjl|FP|GEN | SUFFIX|PRON:3MP
w-s005-a066-w017	5:66	5:66	17	5:66:17	مِّنْهُمْ	مِن		P					STEM|POS:P|LEM:min | SUFFIX|PRON:3MP
w-s005-a066-w018	5:66	5:66	18	5:66:18	أُمَّةٌ	أُمَّة	ء م م	N					STEM|POS:N|LEM:>um~ap|ROOT:Amm|FS|INDEF|NOM
w-s005-a066-w019	5:66	5:66	19	5:66:19	مُّقْتَصِدَةٌ	مُّقْتَصِدَة	ق ص د	ADJ			ACT	VIII	STEM|POS:ADJ|ACT|PCPL|(VIII)|LEM:m~uqotaSidap|ROOT:qSd|F|INDEF|NOM
w-s005-a066-w020	5:66	5:66	20	5:66:20	وَكَثِيرٌ	كَثِير	ك ث ر	N					PREFIX|w:CONJ+ | STEM|POS:N|LEM:kaviyr|ROOT:kvr|MS|INDEF|NOM
w-s005-a066-w021	5:66	5:66	21	5:66:21	مِّنْهُمْ	مِن		P					STEM|POS:P|LEM:min | SUFFIX|PRON:3MP
w-s005-a066-w022	5:66	5:66	22	5:66:22	سَآءَ	سَآءَ	س و ء	V	PERF				STEM|POS:V|PERF|LEM:saA^'a|ROOT:swA|3MS
w-s005-a066-w023	5:66	5:66	23	5:66:23	مَا	مَا		REL					STEM|POS:REL|LEM:maA
w-s005-a066-w024	5:66	5:66	24	5:66:24	يَعْمَلُونَ	عَمِلَ	ع م ل	V	IMPF				STEM|POS:V|IMPF|LEM:Eamila|ROOT:Eml|3MP | SUFFIX|PRON:3MP
w-s005-a067-w001	5:67	5:67	1	5:67:1	يَٰٓأَيُّهَا	أَيُّهَا		N					PREFIX|ya+ | STEM|POS:N|LEM:>ay~uhaA|NOM
w-s005-a067-w002	5:67	5:67	2	5:67:2	ٱلرَّسُولُ	رَسُول	ر س ل	N					PREFIX|Al+ | STEM|POS:N|LEM:rasuwl|ROOT:rsl|M|NOM
w-s005-a067-w003	5:67	5:67	3	5:67:3	بَلِّغْ	بَلَّغْ	ب ل غ	V	IMPV			II	STEM|POS:V|IMPV|(II)|LEM:bal~ago|ROOT:blg|2MS
w-s005-a067-w004	5:67	5:67	4	5:67:4	مَآ	مَا		REL					STEM|POS:REL|LEM:maA
w-s005-a067-w005	5:67	5:67	5	5:67:5	أُنزِلَ	أَنزَلَ	ن ز ل	V	PERF		PASS	IV	STEM|POS:V|PERF|PASS|(IV)|LEM:>anzala|ROOT:nzl|3MS
w-s005-a067-w006	5:67	5:67	6	5:67:6	إِلَيْكَ	إِلَىٰ		P					STEM|POS:P|LEM:<ilaY` | SUFFIX|PRON:2MS
w-s005-a067-w007	5:67	5:67	7	5:67:7	مِن	مِن		P					STEM|POS:P|LEM:min
w-s005-a067-w008	5:67	5:67	8	5:67:8	رَّبِّكَ	رَبّ	ر ب ب	N					STEM|POS:N|LEM:rab~|ROOT:rbb|M|GEN | SUFFIX|PRON:2MS
w-s005-a067-w009	5:67	5:67	9	5:67:9	وَإِن	إِن		COND					PREFIX|w:REM+ | STEM|POS:COND|LEM:<in
w-s005-a067-w010	5:67	5:67	10	5:67:10	لَّمْ	لَم		NEG					STEM|POS:NEG|LEM:lam
w-s005-a067-w011	5:67	5:67	11	5:67:11	تَفْعَلْ	فَعَلَ	ف ع ل	V	IMPF	JUS			STEM|POS:V|IMPF|LEM:faEala|ROOT:fEl|2MS|MOOD:JUS
w-s005-a067-w012	5:67	5:67	12	5:67:12	فَمَا	مَا		NEG					PREFIX|f:RSLT+ | STEM|POS:NEG|LEM:maA
w-s005-a067-w013	5:67	5:67	13	5:67:13	بَلَّغْتَ	بَلَّغْ	ب ل غ	V	PERF			II	STEM|POS:V|PERF|(II)|LEM:bal~ago|ROOT:blg|2MS | SUFFIX|PRON:2MS
w-s005-a067-w014	5:67	5:67	14	5:67:14	رِسَالَتَهُۥ	رِسَالَة	ر س ل	N					STEM|POS:N|LEM:risaAlap|ROOT:rsl|F|ACC | SUFFIX|PRON:3MS
w-s005-a067-w015	5:67	5:67	15	5:67:15	وَٱللَّهُ	ٱللَّه	ء ل ه	PN					PREFIX|w:REM+ | STEM|POS:PN|LEM:{ll~ah|ROOT:Alh|NOM
w-s005-a067-w016	5:67	5:67	16	5:67:16	يَعْصِمُكَ	يَعْصِمُ	ع ص م	V	IMPF				STEM|POS:V|IMPF|LEM:yaEoSimu|ROOT:ESm|3MS | SUFFIX|PRON:2MS
w-s005-a067-w017	5:67	5:67	17	5:67:17	مِنَ	مِن		P					STEM|POS:P|LEM:min
w-s005-a067-w018	5:67	5:67	18	5:67:18	ٱلنَّاسِ	نَّاس	ن و س	N					PREFIX|Al+ | STEM|POS:N|LEM:n~aAs|ROOT:nws|MP|GEN
w-s005-a067-w019	5:67	5:67	19	5:67:19	إِنَّ	إِنّ		ACC					STEM|POS:ACC|LEM:<in~|SP:<in~
w-s005-a067-w020	5:67	5:67	20	5:67:20	ٱللَّهَ	ٱللَّه	ء ل ه	PN					STEM|POS:PN|LEM:{ll~ah|ROOT:Alh|ACC
w-s005-a067-w021	5:67	5:67	21	5:67:21	لَا	لَا		NEG					STEM|POS:NEG|LEM:laA
w-s005-a067-w022	5:67	5:67	22	5:67:22	يَهْدِى	هَدَى	ه د ي	V	IMPF				STEM|POS:V|IMPF|LEM:hadaY|ROOT:hdy|3MS
w-s005-a067-w023	5:67	5:67	23	5:67:23	ٱلْقَوْمَ	قَوْم	ق و م	N					PREFIX|Al+ | STEM|POS:N|LEM:qawom|ROOT:qwm|M|ACC
w-s005-a067-w024	5:67	5:67	24	5:67:24	ٱلْكَٰفِرِينَ	كَٰفِرُون	ك ف ر	ADJ			ACT		PREFIX|Al+ | STEM|POS:ADJ|ACT|PCPL|LEM:ka`firuwn|ROOT:kfr|MP|ACC
w-s005-a068-w001	5:68	5:68	1	5:68:1	قُلْ	قَالَ	ق و ل	V	IMPV				STEM|POS:V|IMPV|LEM:qaAla|ROOT:qwl|2MS
w-s005-a068-w002	5:68	5:68	2	5:68:2	يَٰٓأَهْلَ	أَهْل	ء ه ل	N					PREFIX|ya+ | STEM|POS:N|LEM:>ahol|ROOT:Ahl|M|ACC
w-s005-a068-w003	5:68	5:68	3	5:68:3	ٱلْكِتَٰبِ	كِتَٰب	ك ت ب	N					PREFIX|Al+ | STEM|POS:N|LEM:kita`b|ROOT:ktb|M|GEN
w-s005-a068-w004	5:68	5:68	4	5:68:4	لَسْتُمْ	لَّيْسَ	ل ي س	V	PERF				STEM|POS:V|PERF|LEM:l~ayosa|ROOT:lys|SP:kaAn|2MP | SUFFIX|PRON:2MP
w-s005-a068-w005	5:68	5:68	5	5:68:5	عَلَىٰ	عَلَىٰ		P					STEM|POS:P|LEM:EalaY`
w-s005-a068-w006	5:68	5:68	6	5:68:6	شَىْءٍ	شَىْء	ش ي ء	N					STEM|POS:N|LEM:$aYo'|ROOT:$yA|M|INDEF|GEN
w-s005-a068-w007	5:68	5:68	7	5:68:7	حَتَّىٰ	حَتَّىٰ		P					STEM|POS:P|LEM:Hat~aY`
w-s005-a068-w008	5:68	5:68	8	5:68:8	تُقِيمُوا۟	أَقَامَ	ق و م	V	IMPF	SUBJ		IV	STEM|POS:V|IMPF|(IV)|LEM:>aqaAma|ROOT:qwm|2MP|MOOD:SUBJ | SUFFIX|PRON:2MP
w-s005-a068-w009	5:68	5:68	9	5:68:9	ٱلتَّوْرَىٰةَ	تَّوْرَىٰة		PN					PREFIX|Al+ | STEM|POS:PN|LEM:t~aworaY`p|ACC
w-s005-a068-w010	5:68	5:68	10	5:68:10	وَٱلْإِنجِيلَ	إِنجِيل		PN					PREFIX|w:CONJ+ | PREFIX|Al+ | STEM|POS:PN|LEM:<injiyl|ACC
w-s005-a068-w011	5:68	5:68	11	5:68:11	وَمَآ	مَا		REL					PREFIX|w:CONJ+ | STEM|POS:REL|LEM:maA
w-s005-a068-w012	5:68	5:68	12	5:68:12	أُنزِلَ	أَنزَلَ	ن ز ل	V	PERF		PASS	IV	STEM|POS:V|PERF|PASS|(IV)|LEM:>anzala|ROOT:nzl|3MS
w-s005-a068-w013	5:68	5:68	13	5:68:13	إِلَيْكُم	إِلَىٰ		P					STEM|POS:P|LEM:<ilaY` | SUFFIX|PRON:2MP
w-s005-a068-w014	5:68	5:68	14	5:68:14	مِّن	مِن		P					STEM|POS:P|LEM:min
w-s005-a068-w015	5:68	5:68	15	5:68:15	رَّبِّكُمْ	رَبّ	ر ب ب	N					STEM|POS:N|LEM:rab~|ROOT:rbb|M|GEN | SUFFIX|PRON:2MP
w-s005-a068-w016	5:68	5:68	16	5:68:16	وَلَيَزِيدَنَّ	زَادَ	ز ي د	V	IMPF				PREFIX|w:REM+ | PREFIX|l:EMPH+ | STEM|POS:V|IMPF|LEM:zaAda|ROOT:zyd|3MS | SUFFIX|+n:EMPH
w-s005-a068-w017	5:68	5:68	17	5:68:17	كَثِيرًا	كَثِير	ك ث ر	N					STEM|POS:N|LEM:kaviyr|ROOT:kvr|MS|INDEF|ACC
w-s005-a068-w018	5:68	5:68	18	5:68:18	مِّنْهُم	مِن		P					STEM|POS:P|LEM:min | SUFFIX|PRON:3MP
w-s005-a068-w019	5:68	5:68	19	5:68:19	مَّآ	مَا		REL					STEM|POS:REL|LEM:maA
w-s005-a068-w020	5:68	5:68	20	5:68:20	أُنزِلَ	أَنزَلَ	ن ز ل	V	PERF		PASS	IV	STEM|POS:V|PERF|PASS|(IV)|LEM:>anzala|ROOT:nzl|3MS
w-s005-a068-w021	5:68	5:68	21	5:68:21	إِلَيْكَ	إِلَىٰ		P					STEM|POS:P|LEM:<ilaY` | SUFFIX|PRON:2MS
w-s005-a068-w022	5:68	5:68	22	5:68:22	مِن	مِن		P					STEM|POS:P|LEM:min
w-s005-a068-w023	5:68	5:68	23	5:68:23	رَّبِّكَ	رَبّ	ر ب ب	N					STEM|POS:N|LEM:rab~|ROOT:rbb|M|GEN | SUFFIX|PRON:2MS
w-s005-a068-w024	5:68	5:68	24	5:68:24	طُغْيَٰنًا	طُغْيَٰن	ط غ ي	N					STEM|POS:N|VN|LEM:Tugoya`n|ROOT:Tgy|M|INDEF|ACC
w-s005-a068-w025	5:68	5:68	25	5:68:25	وَكُفْرًا	كُفْر	ك ف ر	N					PREFIX|w:CONJ+ | STEM|POS:N|LEM:kufor|ROOT:kfr|M|INDEF|ACC
w-s005-a068-w026	5:68	5:68	26	5:68:26	فَلَا	لَا		PRO					PREFIX|f:REM+ | STEM|POS:PRO|LEM:laA
w-s005-a068-w027	5:68	5:68	27	5:68:27	تَأْسَ	تَأْسَ	ء س و	V	IMPF	JUS			STEM|POS:V|IMPF|LEM:ta>osa|ROOT:Asw|2MS|MOOD:JUS
w-s005-a068-w028	5:68	5:68	28	5:68:28	عَلَى	عَلَىٰ		P					STEM|POS:P|LEM:EalaY`
w-s005-a068-w029	5:68	5:68	29	5:68:29	ٱلْقَوْمِ	قَوْم	ق و م	N					PREFIX|Al+ | STEM|POS:N|LEM:qawom|ROOT:qwm|M|GEN
w-s005-a068-w030	5:68	5:68	30	5:68:30	ٱلْكَٰفِرِينَ	كَٰفِرُون	ك ف ر	ADJ			ACT		PREFIX|Al+ | STEM|POS:ADJ|ACT|PCPL|LEM:ka`firuwn|ROOT:kfr|MP|GEN
w-s005-a069-w001	5:69	5:69	1	5:69:1	إِنَّ	إِنّ		ACC					STEM|POS:ACC|LEM:<in~|SP:<in~
w-s005-a069-w002	5:69	5:69	2	5:69:2	ٱلَّذِينَ	ٱلَّذِى		REL					STEM|POS:REL|LEM:{l~a*iY|MP
w-s005-a069-w003	5:69	5:69	3	5:69:3	ءَامَنُوا۟	ءَامَنَ	ء م ن	V	PERF			IV	STEM|POS:V|PERF|(IV)|LEM:'aAmana|ROOT:Amn|3MP | SUFFIX|PRON:3MP
w-s005-a069-w004	5:69	5:69	4	5:69:4	وَٱلَّذِينَ	ٱلَّذِى		REL					PREFIX|w:CONJ+ | STEM|POS:REL|LEM:{l~a*iY|MP
w-s005-a069-w005	5:69	5:69	5	5:69:5	هَادُوا۟	هَادُ	ه و د	V	PERF				STEM|POS:V|PERF|LEM:haAdu|ROOT:hwd|3MP | SUFFIX|PRON:3MP
w-s005-a069-w006	5:69	5:69	6	5:69:6	وَٱلصَّٰبِـُٔونَ	صَّٰبِـِٔين	ص ب ء	PN			ACT		PREFIX|w:CONJ+ | PREFIX|Al+ | STEM|POS:PN|ACT|PCPL|LEM:S~a`bi_#iyn|ROOT:SbA|MP|NOM
w-s005-a069-w007	5:69	5:69	7	5:69:7	وَٱلنَّصَٰرَىٰ	نَصْرَانِيّ	ن ص ر	PN					PREFIX|w:CONJ+ | PREFIX|Al+ | STEM|POS:PN|LEM:naSoraAniy~|ROOT:nSr|P|NOM
w-s005-a069-w008	5:69	5:69	8	5:69:8	مَنْ	مَن		COND					STEM|POS:COND|LEM:man
w-s005-a069-w009	5:69	5:69	9	5:69:9	ءَامَنَ	ءَامَنَ	ء م ن	V	PERF			IV	STEM|POS:V|PERF|(IV)|LEM:'aAmana|ROOT:Amn|3MS
w-s005-a069-w010	5:69	5:69	10	5:69:10	بِٱللَّهِ	ٱللَّه	ء ل ه	PN					PREFIX|bi+ | STEM|POS:PN|LEM:{ll~ah|ROOT:Alh|GEN
w-s005-a069-w011	5:69	5:69	11	5:69:11	وَٱلْيَوْمِ	يَوْم	ي و م	N					PREFIX|w:CONJ+ | PREFIX|Al+ | STEM|POS:N|LEM:yawom|ROOT:ywm|M|GEN
w-s005-a069-w012	5:69	5:69	12	5:69:12	ٱلْءَاخِرِ	آخِر	ء خ ر	ADJ					PREFIX|Al+ | STEM|POS:ADJ|LEM:A^xir|ROOT:Axr|MS|GEN
w-s005-a069-w013	5:69	5:69	13	5:69:13	وَعَمِلَ	عَمِلَ	ع م ل	V	PERF				PREFIX|w:CONJ+ | STEM|POS:V|PERF|LEM:Eamila|ROOT:Eml|3MS
w-s005-a069-w014	5:69	5:69	14	5:69:14	صَٰلِحًا	صَٰلِح	ص ل ح	N			ACT		STEM|POS:N|ACT|PCPL|LEM:Sa`liH|ROOT:SlH|M|INDEF|ACC
w-s005-a069-w015	5:69	5:69	15	5:69:15	فَلَا	لَا		NEG					PREFIX|f:RSLT+ | STEM|POS:NEG|LEM:laA|SP:kaAn
w-s005-a069-w016	5:69	5:69	16	5:69:16	خَوْفٌ	خَوْف	خ و ف	N					STEM|POS:N|LEM:xawof|ROOT:xwf|M|INDEF|NOM
w-s005-a069-w017	5:69	5:69	17	5:69:17	عَلَيْهِمْ	عَلَىٰ		P					STEM|POS:P|LEM:EalaY` | SUFFIX|PRON:3MP
w-s005-a069-w018	5:69	5:69	18	5:69:18	وَلَا	لَا		NEG					PREFIX|w:CONJ+ | STEM|POS:NEG|LEM:laA|SP:kaAn
w-s005-a069-w019	5:69	5:69	19	5:69:19	هُمْ			PRON					STEM|POS:PRON|3MP
w-s005-a069-w020	5:69	5:69	20	5:69:20	يَحْزَنُونَ	يَحْزُن	ح ز ن	V	IMPF				STEM|POS:V|IMPF|LEM:yaHozun|ROOT:Hzn|3MP | SUFFIX|PRON:3MP
w-s005-a070-w001	5:70	5:70	1	5:70:1	لَقَدْ	قَد		CERT					PREFIX|l:EMPH+ | STEM|POS:CERT|LEM:qad
w-s005-a070-w002	5:70	5:70	2	5:70:2	أَخَذْنَا	أَخَذَ	ء خ ذ	V	PERF				STEM|POS:V|PERF|LEM:>axa*a|ROOT:Ax*|1P | SUFFIX|PRON:1P
w-s005-a070-w003	5:70	5:70	3	5:70:3	مِيثَٰقَ	مِّيثَٰق	و ث ق	N					STEM|POS:N|LEM:m~iyva`q|ROOT:wvq|M|ACC
w-s005-a070-w004	5:70	5:70	4	5:70:4	بَنِىٓ	بُنَىّ	ب ن ي	N					STEM|POS:N|LEM:bunaY~|ROOT:bny|MP|GEN
w-s005-a070-w005	5:70	5:70	5	5:70:5	إِسْرَٰٓءِيلَ	إِسْرَائِيل		PN					STEM|POS:PN|LEM:<isoraA}iyl|GEN
w-s005-a070-w006	5:70	5:70	6	5:70:6	وَأَرْسَلْنَآ	أَرْسَلَ	ر س ل	V	PERF			IV	PREFIX|w:CONJ+ | STEM|POS:V|PERF|(IV)|LEM:>arosala|ROOT:rsl|1P | SUFFIX|PRON:1P
w-s005-a070-w007	5:70	5:70	7	5:70:7	إِلَيْهِمْ	إِلَىٰ		P					STEM|POS:P|LEM:<ilaY` | SUFFIX|PRON:3MP
w-s005-a070-w008	5:70	5:70	8	5:70:8	رُسُلًا	رَسُول	ر س ل	N					STEM|POS:N|LEM:rasuwl|ROOT:rsl|MP|INDEF|ACC
w-s005-a070-w009	5:70	5:70	9	5:70:9	كُلَّمَا	كُلَّمَا	ك ل ل	T					STEM|POS:T|LEM:kul~amaA|ROOT:kll
w-s005-a070-w010	5:70	5:70	10	5:70:10	جَآءَهُمْ	جَآءَ	ج ي ء	V	PERF				STEM|POS:V|PERF|LEM:jaA^'a|ROOT:jyA|3MS | SUFFIX|PRON:3MP
w-s005-a070-w011	5:70	5:70	11	5:70:11	رَسُولٌۢ	رَسُول	ر س ل	N					STEM|POS:N|LEM:rasuwl|ROOT:rsl|M|INDEF|NOM
w-s005-a070-w012	5:70	5:70	12	5:70:12	بِمَا	مَا		REL					PREFIX|bi+ | STEM|POS:REL|LEM:maA
w-s005-a070-w013	5:70	5:70	13	5:70:13	لَا	لَا		NEG					STEM|POS:NEG|LEM:laA
w-s005-a070-w014	5:70	5:70	14	5:70:14	تَهْوَىٰٓ	هَوَىٰ	ه و ي	V	IMPF	JUS			STEM|POS:V|IMPF|LEM:hawaY`|ROOT:hwy|3FS|MOOD:JUS
w-s005-a070-w015	5:70	5:70	15	5:70:15	أَنفُسُهُمْ	نَفْس	ن ف س	N					STEM|POS:N|LEM:nafos|ROOT:nfs|FP|NOM | SUFFIX|PRON:3MP
w-s005-a070-w016	5:70	5:70	16	5:70:16	فَرِيقًا	فَرِيق	ف ر ق	N					STEM|POS:N|LEM:fariyq|ROOT:frq|M|INDEF|ACC
w-s005-a070-w017	5:70	5:70	17	5:70:17	كَذَّبُوا۟	كَذَّبَ	ك ذ ب	V	PERF			II	STEM|POS:V|PERF|(II)|LEM:ka*~aba|ROOT:k*b|3MP | SUFFIX|PRON:3MP
w-s005-a070-w018	5:70	5:70	18	5:70:18	وَفَرِيقًا	فَرِيق	ف ر ق	N					PREFIX|w:CONJ+ | STEM|POS:N|LEM:fariyq|ROOT:frq|M|INDEF|ACC
w-s005-a070-w019	5:70	5:70	19	5:70:19	يَقْتُلُونَ	قَتَلَ	ق ت ل	V	IMPF				STEM|POS:V|IMPF|LEM:qatala|ROOT:qtl|3MP | SUFFIX|PRON:3MP
w-s005-a071-w001	5:71	5:71	1	5:71:1	وَحَسِبُوٓا۟	حَسِبَ	ح س ب	V	PERF				PREFIX|w:CONJ+ | STEM|POS:V|PERF|LEM:Hasiba|ROOT:Hsb|3MP | SUFFIX|PRON:3MP
w-s005-a071-w002	5:71	5:71	2	5:71:2	أَلَّا	أَن;لَا		SUB;NEG					STEM|POS:SUB|LEM:>an | STEM|POS:NEG|LEM:laA
w-s005-a071-w003	5:71	5:71	3	5:71:3	تَكُونَ	كَانَ	ك و ن	V	IMPF	SUBJ			STEM|POS:V|IMPF|LEM:kaAna|ROOT:kwn|3FS|MOOD:SUBJ
w-s005-a071-w004	5:71	5:71	4	5:71:4	فِتْنَةٌ	فِتْنَة	ف ت ن	N					STEM|POS:N|LEM:fitonap|ROOT:ftn|F|INDEF|NOM
w-s005-a071-w005	5:71	5:71	5	5:71:5	فَعَمُوا۟	عَمِىَ	ع م ي	V	PERF				PREFIX|f:CAUS+ | STEM|POS:V|PERF|LEM:EamiYa|ROOT:Emy|3MP | SUFFIX|PRON:3MP
w-s005-a071-w006	5:71	5:71	6	5:71:6	وَصَمُّوا۟	صَمُّ	ص م م	V	PERF				PREFIX|w:CONJ+ | STEM|POS:V|PERF|LEM:Sam~u|ROOT:Smm|3MP | SUFFIX|PRON:3MP
w-s005-a071-w007	5:71	5:71	7	5:71:7	ثُمَّ	ثُمّ		CONJ					STEM|POS:CONJ|LEM:vum~
w-s005-a071-w008	5:71	5:71	8	5:71:8	تَابَ	تَابَ	ت و ب	V	PERF				STEM|POS:V|PERF|LEM:taAba|ROOT:twb|3MS
w-s005-a071-w009	5:71	5:71	9	5:71:9	ٱللَّهُ	ٱللَّه	ء ل ه	PN					STEM|POS:PN|LEM:{ll~ah|ROOT:Alh|NOM
w-s005-a071-w010	5:71	5:71	10	5:71:10	عَلَيْهِمْ	عَلَىٰ		P					STEM|POS:P|LEM:EalaY` | SUFFIX|PRON:3MP
w-s005-a071-w011	5:71	5:71	11	5:71:11	ثُمَّ	ثُمّ		CONJ					STEM|POS:CONJ|LEM:vum~
w-s005-a071-w012	5:71	5:71	12	5:71:12	عَمُوا۟	عَمِىَ	ع م ي	V	PERF				STEM|POS:V|PERF|LEM:EamiYa|ROOT:Emy|3MP | SUFFIX|PRON:3MP
w-s005-a071-w013	5:71	5:71	13	5:71:13	وَصَمُّوا۟	صَمُّ	ص م م	V	PERF				PREFIX|w:CONJ+ | STEM|POS:V|PERF|LEM:Sam~u|ROOT:Smm|3MP | SUFFIX|PRON:3MP
w-s005-a071-w014	5:71	5:71	14	5:71:14	كَثِيرٌ	كَثِير	ك ث ر	N					STEM|POS:N|LEM:kaviyr|ROOT:kvr|MS|INDEF|NOM
w-s005-a071-w015	5:71	5:71	15	5:71:15	مِّنْهُمْ	مِن		P					STEM|POS:P|LEM:min | SUFFIX|PRON:3MP
w-s005-a071-w016	5:71	5:71	16	5:71:16	وَٱللَّهُ	ٱللَّه	ء ل ه	PN					PREFIX|w:REM+ | STEM|POS:PN|LEM:{ll~ah|ROOT:Alh|NOM
w-s005-a071-w017	5:71	5:71	17	5:71:17	بَصِيرٌۢ	بَصِير	ب ص ر	N					STEM|POS:N|LEM:baSiyr|ROOT:bSr|MS|INDEF|NOM
w-s005-a071-w018	5:71	5:71	18	5:71:18	بِمَا	مَا		REL					PREFIX|bi+ | STEM|POS:REL|LEM:maA
w-s005-a071-w019	5:71	5:71	19	5:71:19	يَعْمَلُونَ	عَمِلَ	ع م ل	V	IMPF				STEM|POS:V|IMPF|LEM:Eamila|ROOT:Eml|3MP | SUFFIX|PRON:3MP
w-s005-a072-w001	5:72	5:72	1	5:72:1	لَقَدْ	قَد		CERT					PREFIX|l:EMPH+ | STEM|POS:CERT|LEM:qad
w-s005-a072-w002	5:72	5:72	2	5:72:2	كَفَرَ	كَفَرَ	ك ف ر	V	PERF				STEM|POS:V|PERF|LEM:kafara|ROOT:kfr|3MS
w-s005-a072-w003	5:72	5:72	3	5:72:3	ٱلَّذِينَ	ٱلَّذِى		REL					STEM|POS:REL|LEM:{l~a*iY|MP
w-s005-a072-w004	5:72	5:72	4	5:72:4	قَالُوٓا۟	قَالَ	ق و ل	V	PERF				STEM|POS:V|PERF|LEM:qaAla|ROOT:qwl|3MP | SUFFIX|PRON:3MP
w-s005-a072-w005	5:72	5:72	5	5:72:5	إِنَّ	إِنّ		ACC					STEM|POS:ACC|LEM:<in~|SP:<in~
w-s005-a072-w006	5:72	5:72	6	5:72:6	ٱللَّهَ	ٱللَّه	ء ل ه	PN					STEM|POS:PN|LEM:{ll~ah|ROOT:Alh|ACC
w-s005-a072-w007	5:72	5:72	7	5:72:7	هُوَ			PRON					STEM|POS:PRON|3MS
w-s005-a072-w008	5:72	5:72	8	5:72:8	ٱلْمَسِيحُ	مَسِيح		PN					PREFIX|Al+ | STEM|POS:PN|LEM:masiyH|NOM
w-s005-a072-w009	5:72	5:72	9	5:72:9	ٱبْنُ	ٱبْن	ب ن ي	N					STEM|POS:N|LEM:{bon|ROOT:bny|M|NOM
w-s005-a072-w010	5:72	5:72	10	5:72:10	مَرْيَمَ	مَرْيَم		PN					STEM|POS:PN|LEM:maroyam|F|GEN
w-s005-a072-w011	5:72	5:72	11	5:72:11	وَقَالَ	قَالَ	ق و ل	V	PERF				PREFIX|w:REM+ | STEM|POS:V|PERF|LEM:qaAla|ROOT:qwl|3MS
w-s005-a072-w012	5:72	5:72	12	5:72:12	ٱلْمَسِيحُ	مَسِيح		PN					PREFIX|Al+ | STEM|POS:PN|LEM:masiyH|NOM
w-s005-a072-w013	5:72	5:72	13	5:72:13	يَٰبَنِىٓ	بُنَىّ	ب ن ي	N					PREFIX|ya+ | STEM|POS:N|LEM:bunaY~|ROOT:bny|MP|ACC
w-s005-a072-w014	5:72	5:72	14	5:72:14	إِسْرَٰٓءِيلَ	إِسْرَائِيل		PN					STEM|POS:PN|LEM:<isoraA}iyl|GEN
w-s005-a072-w015	5:72	5:72	15	5:72:15	ٱعْبُدُوا۟	عَبَدَ	ع ب د	V	IMPV				STEM|POS:V|IMPV|LEM:Eabada|ROOT:Ebd|2MP | SUFFIX|PRON:2MP
w-s005-a072-w016	5:72	5:72	16	5:72:16	ٱللَّهَ	ٱللَّه	ء ل ه	PN					STEM|POS:PN|LEM:{ll~ah|ROOT:Alh|ACC
w-s005-a072-w017	5:72	5:72	17	5:72:17	رَبِّى	رَبّ	ر ب ب	N					STEM|POS:N|LEM:rab~|ROOT:rbb|M|ACC | SUFFIX|PRON:1S
w-s005-a072-w018	5:72	5:72	18	5:72:18	وَرَبَّكُمْ	رَبّ	ر ب ب	N					PREFIX|w:CONJ+ | STEM|POS:N|LEM:rab~|ROOT:rbb|M|ACC | SUFFIX|PRON:2MP
w-s005-a072-w019	5:72	5:72	19	5:72:19	إِنَّهُۥ	إِنّ		ACC					STEM|POS:ACC|LEM:<in~|SP:<in~ | SUFFIX|PRON:3MS
w-s005-a072-w020	5:72	5:72	20	5:72:20	مَن	مَن		COND					STEM|POS:COND|LEM:man
w-s005-a072-w021	5:72	5:72	21	5:72:21	يُشْرِكْ	أَشْرَكَ	ش ر ك	V	IMPF	JUS		IV	STEM|POS:V|IMPF|(IV)|LEM:>a$oraka|ROOT:$rk|3MS|MOOD:JUS
w-s005-a072-w022	5:72	5:72	22	5:72:22	بِٱللَّهِ	ٱللَّه	ء ل ه	PN					PREFIX|bi+ | STEM|POS:PN|LEM:{ll~ah|ROOT:Alh|GEN
w-s005-a072-w023	5:72	5:72	23	5:72:23	فَقَدْ	قَد		CERT					PREFIX|f:RSLT+ | STEM|POS:CERT|LEM:qad
w-s005-a072-w024	5:72	5:72	24	5:72:24	حَرَّمَ	حَرَّمَ	ح ر م	V	PERF			II	STEM|POS:V|PERF|(II)|LEM:Har~ama|ROOT:Hrm|3MS
w-s005-a072-w025	5:72	5:72	25	5:72:25	ٱللَّهُ	ٱللَّه	ء ل ه	PN					STEM|POS:PN|LEM:{ll~ah|ROOT:Alh|NOM
w-s005-a072-w026	5:72	5:72	26	5:72:26	عَلَيْهِ	عَلَىٰ		P					STEM|POS:P|LEM:EalaY` | SUFFIX|PRON:3MS
w-s005-a072-w027	5:72	5:72	27	5:72:27	ٱلْجَنَّةَ	جَنَّة	ج ن ن	PN					PREFIX|Al+ | STEM|POS:PN|LEM:jan~ap|ROOT:jnn|F|ACC
w-s005-a072-w028	5:72	5:72	28	5:72:28	وَمَأْوَىٰهُ	مَأْوَىٰ	ء و ي	N					PREFIX|w:CIRC+ | STEM|POS:N|LEM:ma>owaY`|ROOT:Awy|M|NOM | SUFFIX|PRON:3MS
w-s005-a072-w029	5:72	5:72	29	5:72:29	ٱلنَّارُ	نَار	ن و ر	N					PREFIX|Al+ | STEM|POS:N|LEM:naAr|ROOT:nwr|F|NOM
w-s005-a072-w030	5:72	5:72	30	5:72:30	وَمَا	مَا		NEG					PREFIX|w:REM+ | STEM|POS:NEG|LEM:maA
w-s005-a072-w031	5:72	5:72	31	5:72:31	لِلظَّٰلِمِينَ	ظَالِم	ظ ل م	N			ACT		PREFIX|l:P+ | PREFIX|Al+ | STEM|POS:N|ACT|PCPL|LEM:ZaAlim|ROOT:Zlm|MP|GEN
w-s005-a072-w032	5:72	5:72	32	5:72:32	مِنْ	مِن		P					STEM|POS:P|LEM:min
w-s005-a072-w033	5:72	5:72	33	5:72:33	أَنصَارٍ	نَصِير	ن ص ر	N					STEM|POS:N|LEM:naSiyr|ROOT:nSr|MP|INDEF|GEN
w-s005-a073-w001	5:73	5:73	1	5:73:1	لَّقَدْ	قَد		CERT					PREFIX|l:EMPH+ | STEM|POS:CERT|LEM:qad
w-s005-a073-w002	5:73	5:73	2	5:73:2	كَفَرَ	كَفَرَ	ك ف ر	V	PERF				STEM|POS:V|PERF|LEM:kafara|ROOT:kfr|3MS
w-s005-a073-w003	5:73	5:73	3	5:73:3	ٱلَّذِينَ	ٱلَّذِى		REL					STEM|POS:REL|LEM:{l~a*iY|MP
w-s005-a073-w004	5:73	5:73	4	5:73:4	قَالُوٓا۟	قَالَ	ق و ل	V	PERF				STEM|POS:V|PERF|LEM:qaAla|ROOT:qwl|3MP | SUFFIX|PRON:3MP
w-s005-a073-w005	5:73	5:73	5	5:73:5	إِنَّ	إِنّ		ACC					STEM|POS:ACC|LEM:<in~|SP:<in~
w-s005-a073-w006	5:73	5:73	6	5:73:6	ٱللَّهَ	ٱللَّه	ء ل ه	PN					STEM|POS:PN|LEM:{ll~ah|ROOT:Alh|ACC
w-s005-a073-w007	5:73	5:73	7	5:73:7	ثَالِثُ	ثَالِث	ث ل ث	N					STEM|POS:N|LEM:vaAliv|ROOT:vlv|M|NOM
w-s005-a073-w008	5:73	5:73	8	5:73:8	ثَلَٰثَةٍ	ثَلَٰثَة	ث ل ث	N					STEM|POS:N|LEM:vala`vap|ROOT:vlv|F|INDEF|GEN
w-s005-a073-w009	5:73	5:73	9	5:73:9	وَمَا	مَا		NEG					PREFIX|w:REM+ | STEM|POS:NEG|LEM:maA|SP:kaAn
w-s005-a073-w010	5:73	5:73	10	5:73:10	مِنْ	مِن		P					STEM|POS:P|LEM:min
w-s005-a073-w011	5:73	5:73	11	5:73:11	إِلَٰهٍ	إِلَٰه	ء ل ه	N					STEM|POS:N|LEM:<ila`h|ROOT:Alh|MS|INDEF|GEN
w-s005-a073-w012	5:73	5:73	12	5:73:12	إِلَّآ	إِلَّا		RES					STEM|POS:RES|LEM:<il~aA
w-s005-a073-w013	5:73	5:73	13	5:73:13	إِلَٰهٌ	إِلَٰه	ء ل ه	N					STEM|POS:N|LEM:<ila`h|ROOT:Alh|MS|INDEF|NOM
w-s005-a073-w014	5:73	5:73	14	5:73:14	وَٰحِدٌ	وَٰحِد	و ح د	ADJ					STEM|POS:ADJ|LEM:wa`Hid|ROOT:wHd|MS|INDEF|NOM
w-s005-a073-w015	5:73	5:73	15	5:73:15	وَإِن	إِن		COND					PREFIX|w:REM+ | STEM|POS:COND|LEM:<in
w-s005-a073-w016	5:73	5:73	16	5:73:16	لَّمْ	لَم		NEG					STEM|POS:NEG|LEM:lam
w-s005-a073-w017	5:73	5:73	17	5:73:17	يَنتَهُوا۟	ٱنتَهَىٰ	ن ه ي	V	IMPF	JUS		VIII	STEM|POS:V|IMPF|(VIII)|LEM:{ntahaY`|ROOT:nhy|3MP|MOOD:JUS | SUFFIX|PRON:3MP
w-s005-a073-w018	5:73	5:73	18	5:73:18	عَمَّا	عَن;مَا		P;REL					STEM|POS:P|LEM:Ean | STEM|POS:REL|LEM:maA
w-s005-a073-w019	5:73	5:73	19	5:73:19	يَقُولُونَ	قَالَ	ق و ل	V	IMPF				STEM|POS:V|IMPF|LEM:qaAla|ROOT:qwl|3MP | SUFFIX|PRON:3MP
w-s005-a073-w020	5:73	5:73	20	5:73:20	لَيَمَسَّنَّ	مَسَّ	م س س	V	IMPF				PREFIX|l:EMPH+ | STEM|POS:V|IMPF|LEM:mas~a|ROOT:mss|3MS | SUFFIX|+n:EMPH
w-s005-a073-w021	5:73	5:73	21	5:73:21	ٱلَّذِينَ	ٱلَّذِى		REL					STEM|POS:REL|LEM:{l~a*iY|MP
w-s005-a073-w022	5:73	5:73	22	5:73:22	كَفَرُوا۟	كَفَرَ	ك ف ر	V	PERF				STEM|POS:V|PERF|LEM:kafara|ROOT:kfr|3MP | SUFFIX|PRON:3MP
w-s005-a073-w023	5:73	5:73	23	5:73:23	مِنْهُمْ	مِن		P					STEM|POS:P|LEM:min | SUFFIX|PRON:3MP
w-s005-a073-w024	5:73	5:73	24	5:73:24	عَذَابٌ	عَذَاب	ع ذ ب	N					STEM|POS:N|LEM:Ea*aAb|ROOT:E*b|M|INDEF|NOM
w-s005-a073-w025	5:73	5:73	25	5:73:25	أَلِيمٌ	أَلِيم	ء ل م	ADJ					STEM|POS:ADJ|LEM:>aliym|ROOT:Alm|MS|INDEF|NOM
w-s005-a074-w001	5:74	5:74	1	5:74:1	أَفَلَا	لَا		NEG					PREFIX|A:INTG+ | PREFIX|f:SUP+ | STEM|POS:NEG|LEM:laA
w-s005-a074-w002	5:74	5:74	2	5:74:2	يَتُوبُونَ	تَابَ	ت و ب	V	IMPF				STEM|POS:V|IMPF|LEM:taAba|ROOT:twb|3MP | SUFFIX|PRON:3MP
w-s005-a074-w003	5:74	5:74	3	5:74:3	إِلَى	إِلَىٰ		P					STEM|POS:P|LEM:<ilaY`
w-s005-a074-w004	5:74	5:74	4	5:74:4	ٱللَّهِ	ٱللَّه	ء ل ه	PN					STEM|POS:PN|LEM:{ll~ah|ROOT:Alh|GEN
w-s005-a074-w005	5:74	5:74	5	5:74:5	وَيَسْتَغْفِرُونَهُۥ	ٱسْتَغْفَرَ	غ ف ر	V	IMPF			X	PREFIX|w:CONJ+ | STEM|POS:V|IMPF|(X)|LEM:{sotagofara|ROOT:gfr|3MP | SUFFIX|PRON:3MP | SUFFIX|PRON:3MS
w-s005-a074-w006	5:74	5:74	6	5:74:6	وَٱللَّهُ	ٱللَّه	ء ل ه	PN					PREFIX|w:REM+ | STEM|POS:PN|LEM:{ll~ah|ROOT:Alh|NOM
w-s005-a074-w007	5:74	5:74	7	5:74:7	غَفُورٌ	غَفُور	غ ف ر	N					STEM|POS:N|LEM:gafuwr|ROOT:gfr|MS|INDEF|NOM
w-s005-a074-w008	5:74	5:74	8	5:74:8	رَّحِيمٌ	رَّحِيم	ر ح م	ADJ					STEM|POS:ADJ|LEM:r~aHiym|ROOT:rHm|MS|INDEF|NOM
w-s005-a075-w001	5:75	5:75	1	5:75:1	مَّا	مَا		NEG					STEM|POS:NEG|LEM:maA
w-s005-a075-w002	5:75	5:75	2	5:75:2	ٱلْمَسِيحُ	مَسِيح		PN					PREFIX|Al+ | STEM|POS:PN|LEM:masiyH|NOM
w-s005-a075-w003	5:75	5:75	3	5:75:3	ٱبْنُ	ٱبْن	ب ن ي	N					STEM|POS:N|LEM:{bon|ROOT:bny|M|NOM
w-s005-a075-w004	5:75	5:75	4	5:75:4	مَرْيَمَ	مَرْيَم		PN					STEM|POS:PN|LEM:maroyam|F|GEN
w-s005-a075-w005	5:75	5:75	5	5:75:5	إِلَّا	إِلَّا		RES					STEM|POS:RES|LEM:<il~aA
w-s005-a075-w006	5:75	5:75	6	5:75:6	رَسُولٌ	رَسُول	ر س ل	N					STEM|POS:N|LEM:rasuwl|ROOT:rsl|M|INDEF|NOM
w-s005-a075-w007	5:75	5:75	7	5:75:7	قَدْ	قَد		CERT					STEM|POS:CERT|LEM:qad
w-s005-a075-w008	5:75	5:75	8	5:75:8	خَلَتْ	خَلَا	خ ل و	V	PERF				STEM|POS:V|PERF|LEM:xalaA|ROOT:xlw|3FS
w-s005-a075-w009	5:75	5:75	9	5:75:9	مِن	مِن		P					STEM|POS:P|LEM:min
w-s005-a075-w010	5:75	5:75	10	5:75:10	قَبْلِهِ	قَبْل	ق ب ل	N					STEM|POS:N|LEM:qabol|ROOT:qbl|GEN | SUFFIX|PRON:3MS
w-s005-a075-w011	5:75	5:75	11	5:75:11	ٱلرُّسُلُ	رَسُول	ر س ل	N					PREFIX|Al+ | STEM|POS:N|LEM:rasuwl|ROOT:rsl|MP|NOM
w-s005-a075-w012	5:75	5:75	12	5:75:12	وَأُمُّهُۥ	أُمّ	ء م م	N					PREFIX|w:CONJ+ | STEM|POS:N|LEM:>um~|ROOT:Amm|FS|NOM | SUFFIX|PRON:3MS
w-s005-a075-w013	5:75	5:75	13	5:75:13	صِدِّيقَةٌ	صِدِّيقَة	ص د ق	N					STEM|POS:N|LEM:Sid~iyqap|ROOT:Sdq|F|INDEF|NOM
w-s005-a075-w014	5:75	5:75	14	5:75:14	كَانَا	كَانَ	ك و ن	V	PERF				STEM|POS:V|PERF|LEM:kaAna|ROOT:kwn|SP:kaAn|3MD | SUFFIX|PRON:3MD
w-s005-a075-w015	5:75	5:75	15	5:75:15	يَأْكُلَانِ	أَكَلَ	ء ك ل	V	IMPF				STEM|POS:V|IMPF|LEM:>akala|ROOT:Akl|3MD | SUFFIX|PRON:3MD
w-s005-a075-w016	5:75	5:75	16	5:75:16	ٱلطَّعَامَ	طَعَام	ط ع م	N					PREFIX|Al+ | STEM|POS:N|LEM:TaEaAm|ROOT:TEm|M|ACC
w-s005-a075-w017	5:75	5:75	17	5:75:17	ٱنظُرْ	نَّظَرَ	ن ظ ر	V	IMPV				STEM|POS:V|IMPV|LEM:n~aZara|ROOT:nZr|2MS
w-s005-a075-w018	5:75	5:75	18	5:75:18	كَيْفَ	كَيْف	ك ي ف	N					STEM|POS:N|LEM:kayof|ROOT:kyf|ACC
w-s005-a075-w019	5:75	5:75	19	5:75:19	نُبَيِّنُ	بَيَّنُ	ب ي ن	V	IMPF			II	STEM|POS:V|IMPF|(II)|LEM:bay~anu|ROOT:byn|1P
w-s005-a075-w020	5:75	5:75	20	5:75:20	لَهُمُ			PRON					PREFIX|l:P+ | STEM|POS:PRON|3MP
w-s005-a075-w021	5:75	5:75	21	5:75:21	ٱلْءَايَٰتِ	ءَايَة	ء ي ي	N					PREFIX|Al+ | STEM|POS:N|LEM:'aAyap|ROOT:Ayy|FP|ACC
w-s005-a075-w022	5:75	5:75	22	5:75:22	ثُمَّ	ثُمّ		CONJ					STEM|POS:CONJ|LEM:vum~
w-s005-a075-w023	5:75	5:75	23	5:75:23	ٱنظُرْ	نَّظَرَ	ن ظ ر	V	IMPV				STEM|POS:V|IMPV|LEM:n~aZara|ROOT:nZr|2MS
w-s005-a075-w024	5:75	5:75	24	5:75:24	أَنَّىٰ	أَنَّىٰ	ء ن ي	N					STEM|POS:N|LEM:>an~aY`|ROOT:Any|ACC
w-s005-a075-w025	5:75	5:75	25	5:75:25	يُؤْفَكُونَ	أُفِكَ	ء ف ك	V	IMPF		PASS		STEM|POS:V|IMPF|PASS|LEM:>ufika|ROOT:Afk|3MP | SUFFIX|PRON:3MP
w-s005-a076-w001	5:76	5:76	1	5:76:1	قُلْ	قَالَ	ق و ل	V	IMPV				STEM|POS:V|IMPV|LEM:qaAla|ROOT:qwl|2MS
w-s005-a076-w002	5:76	5:76	2	5:76:2	أَتَعْبُدُونَ	عَبَدَ	ع ب د	V	IMPF				PREFIX|A:INTG+ | STEM|POS:V|IMPF|LEM:Eabada|ROOT:Ebd|2MP | SUFFIX|PRON:2MP
w-s005-a076-w003	5:76	5:76	3	5:76:3	مِن	مِن		P					STEM|POS:P|LEM:min
w-s005-a076-w004	5:76	5:76	4	5:76:4	دُونِ	دُون	د و ن	N					STEM|POS:N|LEM:duwn|ROOT:dwn|GEN
w-s005-a076-w005	5:76	5:76	5	5:76:5	ٱللَّهِ	ٱللَّه	ء ل ه	PN					STEM|POS:PN|LEM:{ll~ah|ROOT:Alh|GEN
w-s005-a076-w006	5:76	5:76	6	5:76:6	مَا	مَا		REL					STEM|POS:REL|LEM:maA
w-s005-a076-w007	5:76	5:76	7	5:76:7	لَا	لَا		NEG					STEM|POS:NEG|LEM:laA
w-s005-a076-w008	5:76	5:76	8	5:76:8	يَمْلِكُ	مَلَكَتْ	م ل ك	V	IMPF				STEM|POS:V|IMPF|LEM:malakato|ROOT:mlk|3MS
w-s005-a076-w009	5:76	5:76	9	5:76:9	لَكُمْ			PRON					PREFIX|l:P+ | STEM|POS:PRON|2MP
w-s005-a076-w010	5:76	5:76	10	5:76:10	ضَرًّا	ضَرّ	ض ر ر	N					STEM|POS:N|LEM:Dar~|ROOT:Drr|M|INDEF|ACC
w-s005-a076-w011	5:76	5:76	11	5:76:11	وَلَا	لَا		NEG					PREFIX|w:CONJ+ | STEM|POS:NEG|LEM:laA
w-s005-a076-w012	5:76	5:76	12	5:76:12	نَفْعًا	نَفْع	ن ف ع	N					STEM|POS:N|LEM:nafoE|ROOT:nfE|M|INDEF|ACC
w-s005-a076-w013	5:76	5:76	13	5:76:13	وَٱللَّهُ	ٱللَّه	ء ل ه	PN					PREFIX|w:REM+ | STEM|POS:PN|LEM:{ll~ah|ROOT:Alh|NOM
w-s005-a076-w014	5:76	5:76	14	5:76:14	هُوَ			PRON					STEM|POS:PRON|3MS
w-s005-a076-w015	5:76	5:76	15	5:76:15	ٱلسَّمِيعُ	سَمِيع	س م ع	N					PREFIX|Al+ | STEM|POS:N|LEM:samiyE|ROOT:smE|MS|NOM
w-s005-a076-w016	5:76	5:76	16	5:76:16	ٱلْعَلِيمُ	عَلِيم	ع ل م	ADJ					PREFIX|Al+ | STEM|POS:ADJ|LEM:Ealiym|ROOT:Elm|MS|NOM
w-s005-a077-w001	5:77	5:77	1	5:77:1	قُلْ	قَالَ	ق و ل	V	IMPV				STEM|POS:V|IMPV|LEM:qaAla|ROOT:qwl|2MS
w-s005-a077-w002	5:77	5:77	2	5:77:2	يَٰٓأَهْلَ	أَهْل	ء ه ل	N					PREFIX|ya+ | STEM|POS:N|LEM:>ahol|ROOT:Ahl|M|ACC
w-s005-a077-w003	5:77	5:77	3	5:77:3	ٱلْكِتَٰبِ	كِتَٰب	ك ت ب	N					PREFIX|Al+ | STEM|POS:N|LEM:kita`b|ROOT:ktb|M|GEN
w-s005-a077-w004	5:77	5:77	4	5:77:4	لَا	لَا		PRO					STEM|POS:PRO|LEM:laA
w-s005-a077-w005	5:77	5:77	5	5:77:5	تَغْلُوا۟	تَغْلُو	غ ل و	V	IMPF	JUS			STEM|POS:V|IMPF|LEM:tagoluw|ROOT:glw|2D|MOOD:JUS | SUFFIX|PRON:2D
w-s005-a077-w006	5:77	5:77	6	5:77:6	فِى	فِى		P					STEM|POS:P|LEM:fiY
w-s005-a077-w007	5:77	5:77	7	5:77:7	دِينِكُمْ	دِين	د ي ن	N					STEM|POS:N|LEM:diyn|ROOT:dyn|M|GEN | SUFFIX|PRON:2MP
w-s005-a077-w008	5:77	5:77	8	5:77:8	غَيْرَ	غَيْر	غ ي ر	N					STEM|POS:N|LEM:gayor|ROOT:gyr|M|ACC
w-s005-a077-w009	5:77	5:77	9	5:77:9	ٱلْحَقِّ	حَقّ	ح ق ق	N					PREFIX|Al+ | STEM|POS:N|LEM:Haq~|ROOT:Hqq|M|GEN
w-s005-a077-w010	5:77	5:77	10	5:77:10	وَلَا	لَا		PRO					PREFIX|w:CONJ+ | STEM|POS:PRO|LEM:laA
w-s005-a077-w011	5:77	5:77	11	5:77:11	تَتَّبِعُوٓا۟	ٱتَّبَعَ	ت ب ع	V	IMPF	JUS		VIII	STEM|POS:V|IMPF|(VIII)|LEM:{t~abaEa|ROOT:tbE|2MP|MOOD:JUS | SUFFIX|PRON:2MP
w-s005-a077-w012	5:77	5:77	12	5:77:12	أَهْوَآءَ	أَهْوَآء	ه و ي	N					STEM|POS:N|LEM:>ahowaA^'|ROOT:hwy|MP|ACC
w-s005-a077-w013	5:77	5:77	13	5:77:13	قَوْمٍ	قَوْم	ق و م	N					STEM|POS:N|LEM:qawom|ROOT:qwm|M|INDEF|GEN
w-s005-a077-w014	5:77	5:77	14	5:77:14	قَدْ	قَد		CERT					STEM|POS:CERT|LEM:qad
w-s005-a077-w015	5:77	5:77	15	5:77:15	ضَلُّوا۟	ضَلَّ	ض ل ل	V	PERF				STEM|POS:V|PERF|LEM:Dal~a|ROOT:Dll|3MP | SUFFIX|PRON:3MP
w-s005-a077-w016	5:77	5:77	16	5:77:16	مِن	مِن		P					STEM|POS:P|LEM:min
w-s005-a077-w017	5:77	5:77	17	5:77:17	قَبْلُ	قَبْل	ق ب ل	N					STEM|POS:N|LEM:qabol|ROOT:qbl|GEN
w-s005-a077-w018	5:77	5:77	18	5:77:18	وَأَضَلُّوا۟	أَضَلَّ	ض ل ل	V	PERF			IV	PREFIX|w:CONJ+ | STEM|POS:V|PERF|(IV)|LEM:>aDal~a|ROOT:Dll|3MP | SUFFIX|PRON:3MP
w-s005-a077-w019	5:77	5:77	19	5:77:19	كَثِيرًا	كَثِير	ك ث ر	N					STEM|POS:N|LEM:kaviyr|ROOT:kvr|MS|INDEF|ACC
w-s005-a077-w020	5:77	5:77	20	5:77:20	وَضَلُّوا۟	ضَلَّ	ض ل ل	V	PERF				PREFIX|w:CONJ+ | STEM|POS:V|PERF|LEM:Dal~a|ROOT:Dll|3MP | SUFFIX|PRON:3MP
w-s005-a077-w021	5:77	5:77	21	5:77:21	عَن	عَن		P					STEM|POS:P|LEM:Ean
w-s005-a077-w022	5:77	5:77	22	5:77:22	سَوَآءِ	سَوَآء	س و ي	N					STEM|POS:N|LEM:sawaA^'|ROOT:swy|M|GEN
w-s005-a077-w023	5:77	5:77	23	5:77:23	ٱلسَّبِيلِ	سَبِيل	س ب ل	N					PREFIX|Al+ | STEM|POS:N|LEM:sabiyl|ROOT:sbl|M|GEN
w-s005-a078-w001	5:78	5:78	1	5:78:1	لُعِنَ	لَعَنَ	ل ع ن	V	PERF		PASS		STEM|POS:V|PERF|PASS|LEM:laEana|ROOT:lEn|3MS
w-s005-a078-w002	5:78	5:78	2	5:78:2	ٱلَّذِينَ	ٱلَّذِى		REL					STEM|POS:REL|LEM:{l~a*iY|MP
w-s005-a078-w003	5:78	5:78	3	5:78:3	كَفَرُوا۟	كَفَرَ	ك ف ر	V	PERF				STEM|POS:V|PERF|LEM:kafara|ROOT:kfr|3MP | SUFFIX|PRON:3MP
w-s005-a078-w004	5:78	5:78	4	5:78:4	مِنۢ	مِن		P					STEM|POS:P|LEM:min
w-s005-a078-w005	5:78	5:78	5	5:78:5	بَنِىٓ	بُنَىّ	ب ن ي	N					STEM|POS:N|LEM:bunaY~|ROOT:bny|MP|GEN
w-s005-a078-w006	5:78	5:78	6	5:78:6	إِسْرَٰٓءِيلَ	إِسْرَائِيل		PN					STEM|POS:PN|LEM:<isoraA}iyl|GEN
w-s005-a078-w007	5:78	5:78	7	5:78:7	عَلَىٰ	عَلَىٰ		P					STEM|POS:P|LEM:EalaY`
w-s005-a078-w008	5:78	5:78	8	5:78:8	لِسَانِ	لِسَان	ل س ن	N					STEM|POS:N|LEM:lisaAn|ROOT:lsn|M|GEN
w-s005-a078-w009	5:78	5:78	9	5:78:9	دَاوُۥدَ	دَاوُد		PN					STEM|POS:PN|LEM:daAwud|GEN
w-s005-a078-w010	5:78	5:78	10	5:78:10	وَعِيسَى	عِيسَى		PN					PREFIX|w:CONJ+ | STEM|POS:PN|LEM:EiysaY|GEN
w-s005-a078-w011	5:78	5:78	11	5:78:11	ٱبْنِ	ٱبْن	ب ن ي	N					STEM|POS:N|LEM:{bon|ROOT:bny|M|GEN
w-s005-a078-w012	5:78	5:78	12	5:78:12	مَرْيَمَ	مَرْيَم		PN					STEM|POS:PN|LEM:maroyam|F|GEN
w-s005-a078-w013	5:78	5:78	13	5:78:13	ذَٰلِكَ	ذَٰلِك		DEM					STEM|POS:DEM|LEM:*a`lik|MS
w-s005-a078-w014	5:78	5:78	14	5:78:14	بِمَا	مَا		SUB					PREFIX|bi+ | STEM|POS:SUB|LEM:maA
w-s005-a078-w015	5:78	5:78	15	5:78:15	عَصَوا۟	عَصَا	ع ص ي	V	PERF				STEM|POS:V|PERF|LEM:EaSaA|ROOT:ESy|3MP | SUFFIX|PRON:3MP
w-s005-a078-w016	5:78	5:78	16	5:78:16	وَّكَانُوا۟	كَانَ	ك و ن	V	PERF				PREFIX|w:CONJ+ | STEM|POS:V|PERF|LEM:kaAna|ROOT:kwn|SP:kaAn|3MP | SUFFIX|PRON:3MP
w-s005-a078-w017	5:78	5:78	17	5:78:17	يَعْتَدُونَ	ٱعْتَدَىٰ	ع د و	V	IMPF			VIII	STEM|POS:V|IMPF|(VIII)|LEM:{EotadaY`|ROOT:Edw|3MP | SUFFIX|PRON:3MP
w-s005-a079-w001	5:79	5:79	1	5:79:1	كَانُوا۟	كَانَ	ك و ن	V	PERF				STEM|POS:V|PERF|LEM:kaAna|ROOT:kwn|SP:kaAn|3MP | SUFFIX|PRON:3MP
w-s005-a079-w002	5:79	5:79	2	5:79:2	لَا	لَا		NEG					STEM|POS:NEG|LEM:laA
w-s005-a079-w003	5:79	5:79	3	5:79:3	يَتَنَاهَوْنَ	يَتَنَاهَ	ن ه ي	V	IMPF			VI	STEM|POS:V|IMPF|(VI)|LEM:yatanaAha|ROOT:nhy|3MP | SUFFIX|PRON:3MP
w-s005-a079-w004	5:79	5:79	4	5:79:4	عَن	عَن		P					STEM|POS:P|LEM:Ean
w-s005-a079-w005	5:79	5:79	5	5:79:5	مُّنكَرٍ	مُنكَر	ن ك ر	N			PASS	IV	STEM|POS:N|PASS|PCPL|(IV)|LEM:munkar|ROOT:nkr|M|INDEF|GEN
w-s005-a079-w006	5:79	5:79	6	5:79:6	فَعَلُوهُ	فَعَلَ	ف ع ل	V	PERF				STEM|POS:V|PERF|LEM:faEala|ROOT:fEl|3MP | SUFFIX|PRON:3MP | SUFFIX|PRON:3MS
w-s005-a079-w007	5:79	5:79	7	5:79:7	لَبِئْسَ	بِئْسَ	ب ء س	V	PERF				PREFIX|l:EMPH+ | STEM|POS:V|PERF|LEM:bi}osa|ROOT:bAs|3MS
w-s005-a079-w008	5:79	5:79	8	5:79:8	مَا	مَا		REL					STEM|POS:REL|LEM:maA
w-s005-a079-w009	5:79	5:79	9	5:79:9	كَانُوا۟	كَانَ	ك و ن	V	PERF				STEM|POS:V|PERF|LEM:kaAna|ROOT:kwn|SP:kaAn|3MP | SUFFIX|PRON:3MP
w-s005-a079-w010	5:79	5:79	10	5:79:10	يَفْعَلُونَ	فَعَلَ	ف ع ل	V	IMPF				STEM|POS:V|IMPF|LEM:faEala|ROOT:fEl|3MP | SUFFIX|PRON:3MP
w-s005-a080-w001	5:80	5:80	1	5:80:1	تَرَىٰ	رَءَا	ر ء ي	V	IMPF				STEM|POS:V|IMPF|LEM:ra'aA|ROOT:rAy|2MS
w-s005-a080-w002	5:80	5:80	2	5:80:2	كَثِيرًا	كَثِير	ك ث ر	N					STEM|POS:N|LEM:kaviyr|ROOT:kvr|MS|INDEF|ACC
w-s005-a080-w003	5:80	5:80	3	5:80:3	مِّنْهُمْ	مِن		P					STEM|POS:P|LEM:min | SUFFIX|PRON:3MP
w-s005-a080-w004	5:80	5:80	4	5:80:4	يَتَوَلَّوْنَ	تَوَلَّىٰ	و ل ي	V	IMPF			V	STEM|POS:V|IMPF|(V)|LEM:tawal~aY`|ROOT:wly|3MP | SUFFIX|PRON:3MP
w-s005-a080-w005	5:80	5:80	5	5:80:5	ٱلَّذِينَ	ٱلَّذِى		REL					STEM|POS:REL|LEM:{l~a*iY|MP
w-s005-a080-w006	5:80	5:80	6	5:80:6	كَفَرُوا۟	كَفَرَ	ك ف ر	V	PERF				STEM|POS:V|PERF|LEM:kafara|ROOT:kfr|3MP | SUFFIX|PRON:3MP
w-s005-a080-w007	5:80	5:80	7	5:80:7	لَبِئْسَ	بِئْسَ	ب ء س	V	PERF				PREFIX|l:EMPH+ | STEM|POS:V|PERF|LEM:bi}osa|ROOT:bAs|3MS
w-s005-a080-w008	5:80	5:80	8	5:80:8	مَا	مَا		REL					STEM|POS:REL|LEM:maA
w-s005-a080-w009	5:80	5:80	9	5:80:9	قَدَّمَتْ	قَدَّمَ	ق د م	V	PERF			II	STEM|POS:V|PERF|(II)|LEM:qad~ama|ROOT:qdm|3FS
w-s005-a080-w010	5:80	5:80	10	5:80:10	لَهُمْ			PRON					PREFIX|l:P+ | STEM|POS:PRON|3MP
w-s005-a080-w011	5:80	5:80	11	5:80:11	أَنفُسُهُمْ	نَفْس	ن ف س	N					STEM|POS:N|LEM:nafos|ROOT:nfs|FP|NOM | SUFFIX|PRON:3MP
w-s005-a080-w012	5:80	5:80	12	5:80:12	أَن	أَن		SUB					STEM|POS:SUB|LEM:>an
w-s005-a080-w013	5:80	5:80	13	5:80:13	سَخِطَ	سَخِطَ	س خ ط	V	PERF				STEM|POS:V|PERF|LEM:saxiTa|ROOT:sxT|3MS
w-s005-a080-w014	5:80	5:80	14	5:80:14	ٱللَّهُ	ٱللَّه	ء ل ه	PN					STEM|POS:PN|LEM:{ll~ah|ROOT:Alh|NOM
w-s005-a080-w015	5:80	5:80	15	5:80:15	عَلَيْهِمْ	عَلَىٰ		P					STEM|POS:P|LEM:EalaY` | SUFFIX|PRON:3MP
w-s005-a080-w016	5:80	5:80	16	5:80:16	وَفِى	فِى		P					PREFIX|w:REM+ | STEM|POS:P|LEM:fiY
w-s005-a080-w017	5:80	5:80	17	5:80:17	ٱلْعَذَابِ	عَذَاب	ع ذ ب	N					PREFIX|Al+ | STEM|POS:N|LEM:Ea*aAb|ROOT:E*b|M|GEN
w-s005-a080-w018	5:80	5:80	18	5:80:18	هُمْ			PRON					STEM|POS:PRON|3MP
w-s005-a080-w019	5:80	5:80	19	5:80:19	خَٰلِدُونَ	خَٰلِد	خ ل د	N			ACT		STEM|POS:N|ACT|PCPL|LEM:xa`lid|ROOT:xld|MP|NOM
w-s005-a081-w001	5:81	5:81	1	5:81:1	وَلَوْ	لَو		COND					PREFIX|w:REM+ | STEM|POS:COND|LEM:law
w-s005-a081-w002	5:81	5:81	2	5:81:2	كَانُوا۟	كَانَ	ك و ن	V	PERF				STEM|POS:V|PERF|LEM:kaAna|ROOT:kwn|SP:kaAn|3MP | SUFFIX|PRON:3MP
w-s005-a081-w003	5:81	5:81	3	5:81:3	يُؤْمِنُونَ	ءَامَنَ	ء م ن	V	IMPF			IV	STEM|POS:V|IMPF|(IV)|LEM:'aAmana|ROOT:Amn|3MP | SUFFIX|PRON:3MP
w-s005-a081-w004	5:81	5:81	4	5:81:4	بِٱللَّهِ	ٱللَّه	ء ل ه	PN					PREFIX|bi+ | STEM|POS:PN|LEM:{ll~ah|ROOT:Alh|GEN
w-s005-a081-w005	5:81	5:81	5	5:81:5	وَٱلنَّبِىِّ	نَّبِىّ	ن ب ء	N					PREFIX|w:CONJ+ | PREFIX|Al+ | STEM|POS:N|LEM:n~abiY~|ROOT:nbA|M|GEN
w-s005-a081-w006	5:81	5:81	6	5:81:6	وَمَآ	مَا		REL					PREFIX|w:CONJ+ | STEM|POS:REL|LEM:maA
w-s005-a081-w007	5:81	5:81	7	5:81:7	أُنزِلَ	أَنزَلَ	ن ز ل	V	PERF		PASS	IV	STEM|POS:V|PERF|PASS|(IV)|LEM:>anzala|ROOT:nzl|3MS
w-s005-a081-w008	5:81	5:81	8	5:81:8	إِلَيْهِ	إِلَىٰ		P					STEM|POS:P|LEM:<ilaY` | SUFFIX|PRON:3MS
w-s005-a081-w009	5:81	5:81	9	5:81:9	مَا	مَا		NEG					STEM|POS:NEG|LEM:maA
w-s005-a081-w010	5:81	5:81	10	5:81:10	ٱتَّخَذُوهُمْ	ٱتَّخَذَ	ء خ ذ	V	PERF			VIII	STEM|POS:V|PERF|(VIII)|LEM:{t~axa*a|ROOT:Ax*|3MP | SUFFIX|PRON:3MP | SUFFIX|PRON:3MP
w-s005-a081-w011	5:81	5:81	11	5:81:11	أَوْلِيَآءَ	وَلِىّ	و ل ي	N					STEM|POS:N|LEM:waliY~|ROOT:wly|MP|ACC
w-s005-a081-w012	5:81	5:81	12	5:81:12	وَلَٰكِنَّ	لَٰكِنّ		ACC					PREFIX|w:REM+ | STEM|POS:ACC|LEM:la`kin~|SP:<in~
w-s005-a081-w013	5:81	5:81	13	5:81:13	كَثِيرًا	كَثِير	ك ث ر	N					STEM|POS:N|LEM:kaviyr|ROOT:kvr|MS|INDEF|ACC
w-s005-a081-w014	5:81	5:81	14	5:81:14	مِّنْهُمْ	مِن		P					STEM|POS:P|LEM:min | SUFFIX|PRON:3MP
w-s005-a081-w015	5:81	5:81	15	5:81:15	فَٰسِقُونَ	فَاسِق	ف س ق	N			ACT		STEM|POS:N|ACT|PCPL|LEM:faAsiq|ROOT:fsq|MP|NOM
w-s005-a082-w001	5:82	5:82	1	5:82:1	لَتَجِدَنَّ	وَجَدَ	و ج د	V	IMPF				PREFIX|l:EMPH+ | STEM|POS:V|IMPF|LEM:wajada|ROOT:wjd|2MS | SUFFIX|+n:EMPH
w-s005-a082-w002	5:82	5:82	2	5:82:2	أَشَدَّ	أَشَدّ	ش د د	N					STEM|POS:N|LEM:>a$ad~|ROOT:$dd|MS|ACC
w-s005-a082-w003	5:82	5:82	3	5:82:3	ٱلنَّاسِ	نَّاس	ن و س	N					PREFIX|Al+ | STEM|POS:N|LEM:n~aAs|ROOT:nws|MP|GEN
w-s005-a082-w004	5:82	5:82	4	5:82:4	عَدَٰوَةً	عَدَٰوَة	ع د و	N					STEM|POS:N|LEM:Eada`wap|ROOT:Edw|F|INDEF|ACC
w-s005-a082-w005	5:82	5:82	5	5:82:5	لِّلَّذِينَ	ٱلَّذِى		REL					PREFIX|l:P+ | STEM|POS:REL|LEM:{l~a*iY|MP
w-s005-a082-w006	5:82	5:82	6	5:82:6	ءَامَنُوا۟	ءَامَنَ	ء م ن	V	PERF			IV	STEM|POS:V|PERF|(IV)|LEM:'aAmana|ROOT:Amn|3MP | SUFFIX|PRON:3MP
w-s005-a082-w007	5:82	5:82	7	5:82:7	ٱلْيَهُودَ	يَهُودِيّ		PN					PREFIX|Al+ | STEM|POS:PN|LEM:yahuwdiy~|MP|ACC
w-s005-a082-w008	5:82	5:82	8	5:82:8	وَٱلَّذِينَ	ٱلَّذِى		REL					PREFIX|w:CONJ+ | STEM|POS:REL|LEM:{l~a*iY|MP
w-s005-a082-w009	5:82	5:82	9	5:82:9	أَشْرَكُوا۟	أَشْرَكَ	ش ر ك	V	PERF			IV	STEM|POS:V|PERF|(IV)|LEM:>a$oraka|ROOT:$rk|3MP | SUFFIX|PRON:3MP
w-s005-a082-w010	5:82	5:82	10	5:82:10	وَلَتَجِدَنَّ	وَجَدَ	و ج د	V	IMPF				PREFIX|w:CONJ+ | PREFIX|l:EMPH+ | STEM|POS:V|IMPF|LEM:wajada|ROOT:wjd|2MS | SUFFIX|+n:EMPH
w-s005-a082-w011	5:82	5:82	11	5:82:11	أَقْرَبَهُم	أَقْرَب	ق ر ب	N					STEM|POS:N|LEM:>aqorab|ROOT:qrb|MS|ACC | SUFFIX|PRON:3MP
w-s005-a082-w012	5:82	5:82	12	5:82:12	مَّوَدَّةً	مَّوَدَّة	و د د	N					STEM|POS:N|LEM:m~awad~ap|ROOT:wdd|F|INDEF|ACC
w-s005-a082-w013	5:82	5:82	13	5:82:13	لِّلَّذِينَ	ٱلَّذِى		REL					PREFIX|l:P+ | STEM|POS:REL|LEM:{l~a*iY|MP
w-s005-a082-w014	5:82	5:82	14	5:82:14	ءَامَنُوا۟	ءَامَنَ	ء م ن	V	PERF			IV	STEM|POS:V|PERF|(IV)|LEM:'aAmana|ROOT:Amn|3MP | SUFFIX|PRON:3MP
w-s005-a082-w015	5:82	5:82	15	5:82:15	ٱلَّذِينَ	ٱلَّذِى		REL					STEM|POS:REL|LEM:{l~a*iY|MP
w-s005-a082-w016	5:82	5:82	16	5:82:16	قَالُوٓا۟	قَالَ	ق و ل	V	PERF				STEM|POS:V|PERF|LEM:qaAla|ROOT:qwl|3MP | SUFFIX|PRON:3MP
w-s005-a082-w017	5:82	5:82	17	5:82:17	إِنَّا	إِنّ		ACC					STEM|POS:ACC|LEM:<in~|SP:<in~ | SUFFIX|PRON:1P
w-s005-a082-w018	5:82	5:82	18	5:82:18	نَصَٰرَىٰ	نَصْرَانِيّ	ن ص ر	PN					STEM|POS:PN|LEM:naSoraAniy~|ROOT:nSr|P|NOM
w-s005-a082-w019	5:82	5:82	19	5:82:19	ذَٰلِكَ	ذَٰلِك		DEM					STEM|POS:DEM|LEM:*a`lik|MS
w-s005-a082-w020	5:82	5:82	20	5:82:20	بِأَنَّ	أَنّ		ACC					PREFIX|bi+ | STEM|POS:ACC|LEM:>an~|SP:<in~
w-s005-a082-w021	5:82	5:82	21	5:82:21	مِنْهُمْ	مِن		P					STEM|POS:P|LEM:min | SUFFIX|PRON:3MP
w-s005-a082-w022	5:82	5:82	22	5:82:22	قِسِّيسِينَ	قِسِّيسِين	ق س س	N					STEM|POS:N|LEM:qis~iysiyn|ROOT:qss|MP|ACC
w-s005-a082-w023	5:82	5:82	23	5:82:23	وَرُهْبَانًا	رُهْبَٰن	ر ه ب	N					PREFIX|w:CONJ+ | STEM|POS:N|LEM:ruhoba`n|ROOT:rhb|MP|INDEF|ACC
w-s005-a082-w024	5:82	5:82	24	5:82:24	وَأَنَّهُمْ	أَنّ		ACC					PREFIX|w:CONJ+ | STEM|POS:ACC|LEM:>an~|SP:<in~ | SUFFIX|PRON:3MP
w-s005-a082-w025	5:82	5:82	25	5:82:25	لَا	لَا		NEG					STEM|POS:NEG|LEM:laA
w-s005-a082-w026	5:82	5:82	26	5:82:26	يَسْتَكْبِرُونَ	ٱسْتَكْبَرَ	ك ب ر	V	IMPF			X	STEM|POS:V|IMPF|(X)|LEM:{sotakobara|ROOT:kbr|3MP | SUFFIX|PRON:3MP
w-s005-a083-w001	5:83	5:83	1	5:83:1	وَإِذَا	إِذَا		T					PREFIX|w:CONJ+ | STEM|POS:T|LEM:<i*aA
w-s005-a083-w002	5:83	5:83	2	5:83:2	سَمِعُوا۟	سَمِعَ	س م ع	V	PERF				STEM|POS:V|PERF|LEM:samiEa|ROOT:smE|3MP | SUFFIX|PRON:3MP
w-s005-a083-w003	5:83	5:83	3	5:83:3	مَآ	مَا		REL					STEM|POS:REL|LEM:maA
w-s005-a083-w004	5:83	5:83	4	5:83:4	أُنزِلَ	أَنزَلَ	ن ز ل	V	PERF		PASS	IV	STEM|POS:V|PERF|PASS|(IV)|LEM:>anzala|ROOT:nzl|3MS
w-s005-a083-w005	5:83	5:83	5	5:83:5	إِلَى	إِلَىٰ		P					STEM|POS:P|LEM:<ilaY`
w-s005-a083-w006	5:83	5:83	6	5:83:6	ٱلرَّسُولِ	رَسُول	ر س ل	N					PREFIX|Al+ | STEM|POS:N|LEM:rasuwl|ROOT:rsl|M|GEN
w-s005-a083-w007	5:83	5:83	7	5:83:7	تَرَىٰٓ	رَءَا	ر ء ي	V	IMPF				STEM|POS:V|IMPF|LEM:ra'aA|ROOT:rAy|2MS
w-s005-a083-w008	5:83	5:83	8	5:83:8	أَعْيُنَهُمْ	عَيْن	ع ي ن	N					STEM|POS:N|LEM:Eayon|ROOT:Eyn|FP|ACC | SUFFIX|PRON:3MP
w-s005-a083-w009	5:83	5:83	9	5:83:9	تَفِيضُ	تَفِيضُ	ف ي ض	V	IMPF				STEM|POS:V|IMPF|LEM:tafiyDu|ROOT:fyD|3FS
w-s005-a083-w010	5:83	5:83	10	5:83:10	مِنَ	مِن		P					STEM|POS:P|LEM:min
w-s005-a083-w011	5:83	5:83	11	5:83:11	ٱلدَّمْعِ	دَّمْع	د م ع	N					PREFIX|Al+ | STEM|POS:N|LEM:d~amoE|ROOT:dmE|M|GEN
w-s005-a083-w012	5:83	5:83	12	5:83:12	مِمَّا	مِن;مَا		P;REL					STEM|POS:P|LEM:min | STEM|POS:REL|LEM:maA
w-s005-a083-w013	5:83	5:83	13	5:83:13	عَرَفُوا۟	عَرَفَ	ع ر ف	V	PERF				STEM|POS:V|PERF|LEM:Earafa|ROOT:Erf|3MP | SUFFIX|PRON:3MP
w-s005-a083-w014	5:83	5:83	14	5:83:14	مِنَ	مِن		P					STEM|POS:P|LEM:min
w-s005-a083-w015	5:83	5:83	15	5:83:15	ٱلْحَقِّ	حَقّ	ح ق ق	N					PREFIX|Al+ | STEM|POS:N|LEM:Haq~|ROOT:Hqq|M|GEN
w-s005-a083-w016	5:83	5:83	16	5:83:16	يَقُولُونَ	قَالَ	ق و ل	V	IMPF				STEM|POS:V|IMPF|LEM:qaAla|ROOT:qwl|3MP | SUFFIX|PRON:3MP
w-s005-a083-w017	5:83	5:83	17	5:83:17	رَبَّنَآ	رَبّ	ر ب ب	N					STEM|POS:N|LEM:rab~|ROOT:rbb|M|ACC | SUFFIX|PRON:1P
w-s005-a083-w018	5:83	5:83	18	5:83:18	ءَامَنَّا	ءَامَنَ	ء م ن	V	PERF			IV	STEM|POS:V|PERF|(IV)|LEM:'aAmana|ROOT:Amn|1P | SUFFIX|PRON:1P
w-s005-a083-w019	5:83	5:83	19	5:83:19	فَٱكْتُبْنَا	كَتَبَ	ك ت ب	V	IMPV				PREFIX|f:REM+ | STEM|POS:V|IMPV|LEM:kataba|ROOT:ktb|2MS | SUFFIX|PRON:1P
w-s005-a083-w020	5:83	5:83	20	5:83:20	مَعَ	مَع		LOC					STEM|POS:LOC|LEM:maE|ACC
w-s005-a083-w021	5:83	5:83	21	5:83:21	ٱلشَّٰهِدِينَ	شَاهِد	ش ه د	N			ACT		PREFIX|Al+ | STEM|POS:N|ACT|PCPL|LEM:$aAhid|ROOT:$hd|MP|GEN
w-s005-a084-w001	5:84	5:84	1	5:84:1	وَمَا	مَا		INTG					PREFIX|w:REM+ | STEM|POS:INTG|LEM:maA
w-s005-a084-w002	5:84	5:84	2	5:84:2	لَنَا			PRON					PREFIX|l:P+ | STEM|POS:PRON|1P
w-s005-a084-w003	5:84	5:84	3	5:84:3	لَا	لَا		NEG					STEM|POS:NEG|LEM:laA
w-s005-a084-w004	5:84	5:84	4	5:84:4	نُؤْمِنُ	ءَامَنَ	ء م ن	V	IMPF			IV	STEM|POS:V|IMPF|(IV)|LEM:'aAmana|ROOT:Amn|1P
w-s005-a084-w005	5:84	5:84	5	5:84:5	بِٱللَّهِ	ٱللَّه	ء ل ه	PN					PREFIX|bi+ | STEM|POS:PN|LEM:{ll~ah|ROOT:Alh|GEN
w-s005-a084-w006	5:84	5:84	6	5:84:6	وَمَا	مَا		REL					PREFIX|w:CONJ+ | STEM|POS:REL|LEM:maA
w-s005-a084-w007	5:84	5:84	7	5:84:7	جَآءَنَا	جَآءَ	ج ي ء	V	PERF				STEM|POS:V|PERF|LEM:jaA^'a|ROOT:jyA|3MS | SUFFIX|PRON:1P
w-s005-a084-w008	5:84	5:84	8	5:84:8	مِنَ	مِن		P					STEM|POS:P|LEM:min
w-s005-a084-w009	5:84	5:84	9	5:84:9	ٱلْحَقِّ	حَقّ	ح ق ق	N					PREFIX|Al+ | STEM|POS:N|LEM:Haq~|ROOT:Hqq|M|GEN
w-s005-a084-w010	5:84	5:84	10	5:84:10	وَنَطْمَعُ	يَطْمَعُ	ط م ع	V	IMPF				PREFIX|w:CIRC+ | STEM|POS:V|IMPF|LEM:yaTomaEu|ROOT:TmE|1P
w-s005-a084-w011	5:84	5:84	11	5:84:11	أَن	أَن		SUB					STEM|POS:SUB|LEM:>an
w-s005-a084-w012	5:84	5:84	12	5:84:12	يُدْخِلَنَا	أُدْخِلَ	د خ ل	V	IMPF	SUBJ		IV	STEM|POS:V|IMPF|(IV)|LEM:>udoxila|ROOT:dxl|3MS|MOOD:SUBJ | SUFFIX|PRON:1P
w-s005-a084-w013	5:84	5:84	13	5:84:13	رَبُّنَا	رَبّ	ر ب ب	N					STEM|POS:N|LEM:rab~|ROOT:rbb|M|NOM | SUFFIX|PRON:1P
w-s005-a084-w014	5:84	5:84	14	5:84:14	مَعَ	مَع		LOC					STEM|POS:LOC|LEM:maE|ACC
w-s005-a084-w015	5:84	5:84	15	5:84:15	ٱلْقَوْمِ	قَوْم	ق و م	N					PREFIX|Al+ | STEM|POS:N|LEM:qawom|ROOT:qwm|M|GEN
w-s005-a084-w016	5:84	5:84	16	5:84:16	ٱلصَّٰلِحِينَ	صَٰلِح	ص ل ح	ADJ			ACT		PREFIX|Al+ | STEM|POS:ADJ|ACT|PCPL|LEM:Sa`liH|ROOT:SlH|MP|GEN
w-s005-a085-w001	5:85	5:85	1	5:85:1	فَأَثَٰبَهُمُ	أَثَٰبَ	ث و ب	V	PERF			IV	PREFIX|f:CAUS+ | STEM|POS:V|PERF|(IV)|LEM:>ava`ba|ROOT:vwb|3MS | SUFFIX|PRON:3MP
w-s005-a085-w002	5:85	5:85	2	5:85:2	ٱللَّهُ	ٱللَّه	ء ل ه	PN					STEM|POS:PN|LEM:{ll~ah|ROOT:Alh|NOM
w-s005-a085-w003	5:85	5:85	3	5:85:3	بِمَا	مَا		REL					PREFIX|bi+ | STEM|POS:REL|LEM:maA
w-s005-a085-w004	5:85	5:85	4	5:85:4	قَالُوا۟	قَالَ	ق و ل	V	PERF				STEM|POS:V|PERF|LEM:qaAla|ROOT:qwl|3MP | SUFFIX|PRON:3MP
w-s005-a085-w005	5:85	5:85	5	5:85:5	جَنَّٰتٍ	جَنَّة	ج ن ن	N					STEM|POS:N|LEM:jan~ap|ROOT:jnn|FP|INDEF|ACC
w-s005-a085-w006	5:85	5:85	6	5:85:6	تَجْرِى	جَرَيْ	ج ر ي	V	IMPF				STEM|POS:V|IMPF|LEM:jarayo|ROOT:jry|3FS
w-s005-a085-w007	5:85	5:85	7	5:85:7	مِن	مِن		P					STEM|POS:P|LEM:min
w-s005-a085-w008	5:85	5:85	8	5:85:8	تَحْتِهَا	تَحْت	ت ح ت	N					STEM|POS:N|LEM:taHot|ROOT:tHt|GEN | SUFFIX|PRON:3FS
w-s005-a085-w009	5:85	5:85	9	5:85:9	ٱلْأَنْهَٰرُ	نَهَر	ن ه ر	N					PREFIX|Al+ | STEM|POS:N|LEM:nahar|ROOT:nhr|MP|NOM
w-s005-a085-w010	5:85	5:85	10	5:85:10	خَٰلِدِينَ	خَٰلِد	خ ل د	N			ACT		STEM|POS:N|ACT|PCPL|LEM:xa`lid|ROOT:xld|MP|ACC
w-s005-a085-w011	5:85	5:85	11	5:85:11	فِيهَا	فِى		P					STEM|POS:P|LEM:fiY | SUFFIX|PRON:3FS
w-s005-a085-w012	5:85	5:85	12	5:85:12	وَذَٰلِكَ	ذَٰلِك		DEM					PREFIX|w:REM+ | STEM|POS:DEM|LEM:*a`lik|MS
w-s005-a085-w013	5:85	5:85	13	5:85:13	جَزَآءُ	جَزَآء	ج ز ي	N					STEM|POS:N|LEM:jazaA^'|ROOT:jzy|M|NOM
w-s005-a085-w014	5:85	5:85	14	5:85:14	ٱلْمُحْسِنِينَ	مُحْسِن	ح س ن	N			ACT	IV	PREFIX|Al+ | STEM|POS:N|ACT|PCPL|(IV)|LEM:muHosin|ROOT:Hsn|MP|GEN
w-s005-a086-w001	5:86	5:86	1	5:86:1	وَٱلَّذِينَ	ٱلَّذِى		REL					PREFIX|w:REM+ | STEM|POS:REL|LEM:{l~a*iY|MP
w-s005-a086-w002	5:86	5:86	2	5:86:2	كَفَرُوا۟	كَفَرَ	ك ف ر	V	PERF				STEM|POS:V|PERF|LEM:kafara|ROOT:kfr|3MP | SUFFIX|PRON:3MP
w-s005-a086-w003	5:86	5:86	3	5:86:3	وَكَذَّبُوا۟	كَذَّبَ	ك ذ ب	V	PERF			II	PREFIX|w:CONJ+ | STEM|POS:V|PERF|(II)|LEM:ka*~aba|ROOT:k*b|3MP | SUFFIX|PRON:3MP
w-s005-a086-w004	5:86	5:86	4	5:86:4	بِـَٔايَٰتِنَآ	ءَايَة	ء ي ي	N					PREFIX|bi+ | STEM|POS:N|LEM:'aAyap|ROOT:Ayy|FP|GEN | SUFFIX|PRON:1P
w-s005-a086-w005	5:86	5:86	5	5:86:5	أُو۟لَٰٓئِكَ	أُولَٰٓئِك		DEM					STEM|POS:DEM|LEM:>uwla`^}ik|P
w-s005-a086-w006	5:86	5:86	6	5:86:6	أَصْحَٰبُ	أَصْحَٰب	ص ح ب	N					STEM|POS:N|LEM:>aSoHa`b|ROOT:SHb|MP|NOM
w-s005-a086-w007	5:86	5:86	7	5:86:7	ٱلْجَحِيمِ	جَحِيم	ج ح م	N					PREFIX|Al+ | STEM|POS:N|LEM:jaHiym|ROOT:jHm|F|GEN
w-s005-a087-w001	5:87	5:87	1	5:87:1	يَٰٓأَيُّهَا	أَيُّهَا		N					PREFIX|ya+ | STEM|POS:N|LEM:>ay~uhaA|NOM
w-s005-a087-w002	5:87	5:87	2	5:87:2	ٱلَّذِينَ	ٱلَّذِى		REL					STEM|POS:REL|LEM:{l~a*iY|MP
w-s005-a087-w003	5:87	5:87	3	5:87:3	ءَامَنُوا۟	ءَامَنَ	ء م ن	V	PERF			IV	STEM|POS:V|PERF|(IV)|LEM:'aAmana|ROOT:Amn|3MP | SUFFIX|PRON:3MP
w-s005-a087-w004	5:87	5:87	4	5:87:4	لَا	لَا		PRO					STEM|POS:PRO|LEM:laA
w-s005-a087-w005	5:87	5:87	5	5:87:5	تُحَرِّمُوا۟	حَرَّمَ	ح ر م	V	IMPF	JUS		II	STEM|POS:V|IMPF|(II)|LEM:Har~ama|ROOT:Hrm|2MP|MOOD:JUS | SUFFIX|PRON:2MP
w-s005-a087-w006	5:87	5:87	6	5:87:6	طَيِّبَٰتِ	طَيِّبَٰت	ط ي ب	N					STEM|POS:N|LEM:Tay~iba`t|ROOT:Tyb|FP|ACC
w-s005-a087-w007	5:87	5:87	7	5:87:7	مَآ	مَا		REL					STEM|POS:REL|LEM:maA
w-s005-a087-w008	5:87	5:87	8	5:87:8	أَحَلَّ	أَحَلَّ	ح ل ل	V	PERF			IV	STEM|POS:V|PERF|(IV)|LEM:>aHal~a|ROOT:Hll|3MS
w-s005-a087-w009	5:87	5:87	9	5:87:9	ٱللَّهُ	ٱللَّه	ء ل ه	PN					STEM|POS:PN|LEM:{ll~ah|ROOT:Alh|NOM
w-s005-a087-w010	5:87	5:87	10	5:87:10	لَكُمْ			PRON					PREFIX|l:P+ | STEM|POS:PRON|2MP
w-s005-a087-w011	5:87	5:87	11	5:87:11	وَلَا	لَا		PRO					PREFIX|w:CONJ+ | STEM|POS:PRO|LEM:laA
w-s005-a087-w012	5:87	5:87	12	5:87:12	تَعْتَدُوٓا۟	ٱعْتَدَىٰ	ع د و	V	IMPF	JUS		VIII	STEM|POS:V|IMPF|(VIII)|LEM:{EotadaY`|ROOT:Edw|2MP|MOOD:JUS | SUFFIX|PRON:2MP
w-s005-a087-w013	5:87	5:87	13	5:87:13	إِنَّ	إِنّ		ACC					STEM|POS:ACC|LEM:<in~|SP:<in~
w-s005-a087-w014	5:87	5:87	14	5:87:14	ٱللَّهَ	ٱللَّه	ء ل ه	PN					STEM|POS:PN|LEM:{ll~ah|ROOT:Alh|ACC
w-s005-a087-w015	5:87	5:87	15	5:87:15	لَا	لَا		NEG					STEM|POS:NEG|LEM:laA
w-s005-a087-w016	5:87	5:87	16	5:87:16	يُحِبُّ	أَحْبَبْ	ح ب ب	V	IMPF			IV	STEM|POS:V|IMPF|(IV)|LEM:>aHobabo|ROOT:Hbb|3MS
w-s005-a087-w017	5:87	5:87	17	5:87:17	ٱلْمُعْتَدِينَ	مُعْتَدِين	ع د و	N					PREFIX|Al+ | STEM|POS:N|LEM:muEotadiyn|ROOT:Edw|MP|ACC
w-s005-a088-w001	5:88	5:88	1	5:88:1	وَكُلُوا۟	أَكَلَ	ء ك ل	V	IMPV				PREFIX|w:REM+ | STEM|POS:V|IMPV|LEM:>akala|ROOT:Akl|2MP | SUFFIX|PRON:2MP
w-s005-a088-w002	5:88	5:88	2	5:88:2	مِمَّا	مِن;مَا		P;REL					STEM|POS:P|LEM:min | STEM|POS:REL|LEM:maA
w-s005-a088-w003	5:88	5:88	3	5:88:3	رَزَقَكُمُ	رَزَقَ	ر ز ق	V	PERF				STEM|POS:V|PERF|LEM:razaqa|ROOT:rzq|3MS | SUFFIX|PRON:2MP
w-s005-a088-w004	5:88	5:88	4	5:88:4	ٱللَّهُ	ٱللَّه	ء ل ه	PN					STEM|POS:PN|LEM:{ll~ah|ROOT:Alh|NOM
w-s005-a088-w005	5:88	5:88	5	5:88:5	حَلَٰلًا	حَلَٰل	ح ل ل	N					STEM|POS:N|LEM:Hala`l|ROOT:Hll|M|INDEF|ACC
w-s005-a088-w006	5:88	5:88	6	5:88:6	طَيِّبًا	طَيِّب	ط ي ب	ADJ					STEM|POS:ADJ|LEM:Tay~ib|ROOT:Tyb|MS|INDEF|ACC
w-s005-a088-w007	5:88	5:88	7	5:88:7	وَٱتَّقُوا۟	ٱتَّقَىٰ	و ق ي	V	IMPV			VIII	PREFIX|w:CONJ+ | STEM|POS:V|IMPV|(VIII)|LEM:{t~aqaY`|ROOT:wqy|2MP | SUFFIX|PRON:2MP
w-s005-a088-w008	5:88	5:88	8	5:88:8	ٱللَّهَ	ٱللَّه	ء ل ه	PN					STEM|POS:PN|LEM:{ll~ah|ROOT:Alh|ACC
w-s005-a088-w009	5:88	5:88	9	5:88:9	ٱلَّذِىٓ	ٱلَّذِى		REL					STEM|POS:REL|LEM:{l~a*iY|MS
w-s005-a088-w010	5:88	5:88	10	5:88:10	أَنتُم			PRON					STEM|POS:PRON|2MP
w-s005-a088-w011	5:88	5:88	11	5:88:11	بِهِۦ			PRON					PREFIX|bi+ | STEM|POS:PRON|3MS
w-s005-a088-w012	5:88	5:88	12	5:88:12	مُؤْمِنُونَ	مُؤْمِن	ء م ن	N			ACT	IV	STEM|POS:N|ACT|PCPL|(IV)|LEM:mu&omin|ROOT:Amn|MP|NOM
w-s005-a089-w001	5:89	5:89	1	5:89:1	لَا	لَا		NEG					STEM|POS:NEG|LEM:laA
w-s005-a089-w002	5:89	5:89	2	5:89:2	يُؤَاخِذُكُمُ	يُؤَاخِذُ	ء خ ذ	V	IMPF			III	STEM|POS:V|IMPF|(III)|LEM:yu&aAxi*u|ROOT:Ax*|3MS | SUFFIX|PRON:2MP
w-s005-a089-w003	5:89	5:89	3	5:89:3	ٱللَّهُ	ٱللَّه	ء ل ه	PN					STEM|POS:PN|LEM:{ll~ah|ROOT:Alh|NOM
w-s005-a089-w004	5:89	5:89	4	5:89:4	بِٱللَّغْوِ	لَغْو	ل غ و	N					PREFIX|bi+ | PREFIX|Al+ | STEM|POS:N|LEM:lagow|ROOT:lgw|M|GEN
w-s005-a089-w005	5:89	5:89	5	5:89:5	فِىٓ	فِى		P					STEM|POS:P|LEM:fiY
w-s005-a089-w006	5:89	5:89	6	5:89:6	أَيْمَٰنِكُمْ	يَمِين	ي م ن	N					STEM|POS:N|LEM:yamiyn|ROOT:ymn|MP|GEN | SUFFIX|PRON:2MP
w-s005-a089-w007	5:89	5:89	7	5:89:7	وَلَٰكِن	لَٰكِن		AMD					PREFIX|w:REM+ | STEM|POS:AMD|LEM:la`kin
w-s005-a089-w008	5:89	5:89	8	5:89:8	يُؤَاخِذُكُم	يُؤَاخِذُ	ء خ ذ	V	IMPF			III	STEM|POS:V|IMPF|(III)|LEM:yu&aAxi*u|ROOT:Ax*|3MS | SUFFIX|PRON:2MP
w-s005-a089-w009	5:89	5:89	9	5:89:9	بِمَا	مَا		REL					PREFIX|bi+ | STEM|POS:REL|LEM:maA
w-s005-a089-w010	5:89	5:89	10	5:89:10	عَقَّدتُّمُ	عَقَّد	ع ق د	V	PERF			II	STEM|POS:V|PERF|(II)|LEM:Eaq~ad|ROOT:Eqd|2MP | SUFFIX|PRON:2MP
w-s005-a089-w011	5:89	5:89	11	5:89:11	ٱلْأَيْمَٰنَ	يَمِين	ي م ن	N					PREFIX|Al+ | STEM|POS:N|LEM:yamiyn|ROOT:ymn|MP|ACC
w-s005-a089-w012	5:89	5:89	12	5:89:12	فَكَفَّٰرَتُهُۥٓ	كَفَّٰرَة	ك ف ر	N					PREFIX|f:REM+ | STEM|POS:N|LEM:kaf~a`rap|ROOT:kfr|F|NOM | SUFFIX|PRON:3MS
w-s005-a089-w013	5:89	5:89	13	5:89:13	إِطْعَامُ	إِطْعَٰم	ط ع م	N				IV	STEM|POS:N|VN|(IV)|LEM:<iToEa`m|ROOT:TEm|M|NOM
w-s005-a089-w014	5:89	5:89	14	5:89:14	عَشَرَةِ	عَشَرَة	ع ش ر	N					STEM|POS:N|LEM:Ea$arap|ROOT:E$r|F|GEN
w-s005-a089-w015	5:89	5:89	15	5:89:15	مَسَٰكِينَ	مِسْكِين	س ك ن	N					STEM|POS:N|LEM:misokiyn|ROOT:skn|MP|GEN
w-s005-a089-w016	5:89	5:89	16	5:89:16	مِنْ	مِن		P					STEM|POS:P|LEM:min
w-s005-a089-w017	5:89	5:89	17	5:89:17	أَوْسَطِ	أَوْسَط	و س ط	N					STEM|POS:N|LEM:>awosaT|ROOT:wsT|MS|GEN
w-s005-a089-w018	5:89	5:89	18	5:89:18	مَا	مَا		REL					STEM|POS:REL|LEM:maA
w-s005-a089-w019	5:89	5:89	19	5:89:19	تُطْعِمُونَ	أَطْعَمَ	ط ع م	V	IMPF			IV	STEM|POS:V|IMPF|(IV)|LEM:>aToEama|ROOT:TEm|2MP | SUFFIX|PRON:2MP
w-s005-a089-w020	5:89	5:89	20	5:89:20	أَهْلِيكُمْ	أَهْل	ء ه ل	N					STEM|POS:N|LEM:>ahol|ROOT:Ahl|P|ACC | SUFFIX|PRON:2MP
w-s005-a089-w021	5:89	5:89	21	5:89:21	أَوْ	أَو		CONJ					STEM|POS:CONJ|LEM:>aw
w-s005-a089-w022	5:89	5:89	22	5:89:22	كِسْوَتُهُمْ	كِسْوَت	ك س و	N					STEM|POS:N|LEM:kisowat|ROOT:ksw|F|NOM | SUFFIX|PRON:3MP
w-s005-a089-w023	5:89	5:89	23	5:89:23	أَوْ	أَو		CONJ					STEM|POS:CONJ|LEM:>aw
w-s005-a089-w024	5:89	5:89	24	5:89:24	تَحْرِيرُ	تَحْرِير	ح ر ر	N				II	STEM|POS:N|VN|(II)|LEM:taHoriyr|ROOT:Hrr|M|NOM
w-s005-a089-w025	5:89	5:89	25	5:89:25	رَقَبَةٍ	رَقَبَة	ر ق ب	N					STEM|POS:N|LEM:raqabap|ROOT:rqb|F|INDEF|GEN
w-s005-a089-w026	5:89	5:89	26	5:89:26	فَمَن	مَن		COND					PREFIX|f:REM+ | STEM|POS:COND|LEM:man
w-s005-a089-w027	5:89	5:89	27	5:89:27	لَّمْ	لَم		NEG					STEM|POS:NEG|LEM:lam
w-s005-a089-w028	5:89	5:89	28	5:89:28	يَجِدْ	وَجَدَ	و ج د	V	IMPF	JUS			STEM|POS:V|IMPF|LEM:wajada|ROOT:wjd|3MS|MOOD:JUS
w-s005-a089-w029	5:89	5:89	29	5:89:29	فَصِيَامُ	صِيَام	ص و م	N					PREFIX|f:RSLT+ | STEM|POS:N|LEM:SiyaAm|ROOT:Swm|M|NOM
w-s005-a089-w030	5:89	5:89	30	5:89:30	ثَلَٰثَةِ	ثَلَٰثَة	ث ل ث	N					STEM|POS:N|LEM:vala`vap|ROOT:vlv|F|GEN
w-s005-a089-w031	5:89	5:89	31	5:89:31	أَيَّامٍ	يَوْم	ي و م	N					STEM|POS:N|LEM:yawom|ROOT:ywm|MP|INDEF|GEN
w-s005-a089-w032	5:89	5:89	32	5:89:32	ذَٰلِكَ	ذَٰلِك		DEM					STEM|POS:DEM|LEM:*a`lik|MS
w-s005-a089-w033	5:89	5:89	33	5:89:33	كَفَّٰرَةُ	كَفَّٰرَة	ك ف ر	N					STEM|POS:N|LEM:kaf~a`rap|ROOT:kfr|F|NOM
w-s005-a089-w034	5:89	5:89	34	5:89:34	أَيْمَٰنِكُمْ	يَمِين	ي م ن	N					STEM|POS:N|LEM:yamiyn|ROOT:ymn|MP|GEN | SUFFIX|PRON:2MP
w-s005-a089-w035	5:89	5:89	35	5:89:35	إِذَا	إِذَا		T					STEM|POS:T|LEM:<i*aA
w-s005-a089-w036	5:89	5:89	36	5:89:36	حَلَفْتُمْ	حَلَفْ	ح ل ف	V	PERF				STEM|POS:V|PERF|LEM:Halafo|ROOT:Hlf|2MP | SUFFIX|PRON:2MP
w-s005-a089-w037	5:89	5:89	37	5:89:37	وَٱحْفَظُوٓا۟	حَفِظَ	ح ف ظ	V	IMPV				PREFIX|w:REM+ | STEM|POS:V|IMPV|LEM:HafiZa|ROOT:HfZ|2MP | SUFFIX|PRON:2MP
w-s005-a089-w038	5:89	5:89	38	5:89:38	أَيْمَٰنَكُمْ	يَمِين	ي م ن	N					STEM|POS:N|LEM:yamiyn|ROOT:ymn|MP|ACC | SUFFIX|PRON:2MP
w-s005-a089-w039	5:89	5:89	39	5:89:39	كَذَٰلِكَ	ذَٰلِك		DEM					PREFIX|ka+ | STEM|POS:DEM|LEM:*a`lik|MS
w-s005-a089-w040	5:89	5:89	40	5:89:40	يُبَيِّنُ	بَيَّنُ	ب ي ن	V	IMPF			II	STEM|POS:V|IMPF|(II)|LEM:bay~anu|ROOT:byn|3MS
w-s005-a089-w041	5:89	5:89	41	5:89:41	ٱللَّهُ	ٱللَّه	ء ل ه	PN					STEM|POS:PN|LEM:{ll~ah|ROOT:Alh|NOM
w-s005-a089-w042	5:89	5:89	42	5:89:42	لَكُمْ			PRON					PREFIX|l:P+ | STEM|POS:PRON|2MP
w-s005-a089-w043	5:89	5:89	43	5:89:43	ءَايَٰتِهِۦ	ءَايَة	ء ي ي	N					STEM|POS:N|LEM:'aAyap|ROOT:Ayy|FP|ACC | SUFFIX|PRON:3MS
w-s005-a089-w044	5:89	5:89	44	5:89:44	لَعَلَّكُمْ	لَعَلّ		ACC					STEM|POS:ACC|LEM:laEal~|SP:<in~ | SUFFIX|PRON:2MP
w-s005-a089-w045	5:89	5:89	45	5:89:45	تَشْكُرُونَ	شَكَرَ	ش ك ر	V	IMPF				STEM|POS:V|IMPF|LEM:$akara|ROOT:$kr|2MP | SUFFIX|PRON:2MP
w-s005-a090-w001	5:90	5:90	1	5:90:1	يَٰٓأَيُّهَا	أَيُّهَا		N					PREFIX|ya+ | STEM|POS:N|LEM:>ay~uhaA|NOM
w-s005-a090-w002	5:90	5:90	2	5:90:2	ٱلَّذِينَ	ٱلَّذِى		REL					STEM|POS:REL|LEM:{l~a*iY|MP
w-s005-a090-w003	5:90	5:90	3	5:90:3	ءَامَنُوٓا۟	ءَامَنَ	ء م ن	V	PERF			IV	STEM|POS:V|PERF|(IV)|LEM:'aAmana|ROOT:Amn|3MP | SUFFIX|PRON:3MP
w-s005-a090-w004	5:90	5:90	4	5:90:4	إِنَّمَا	إِنّ;مَا		ACC;PREV					STEM|POS:ACC|LEM:<in~|SP:<in~ | STEM|POS:PREV|LEM:maA
w-s005-a090-w005	5:90	5:90	5	5:90:5	ٱلْخَمْرُ	خَمْر	خ م ر	N					PREFIX|Al+ | STEM|POS:N|LEM:xamor|ROOT:xmr|M|NOM
w-s005-a090-w006	5:90	5:90	6	5:90:6	وَٱلْمَيْسِرُ	مَيْسِر	ي س ر	N					PREFIX|w:CONJ+ | PREFIX|Al+ | STEM|POS:N|LEM:mayosir|ROOT:ysr|M|NOM
w-s005-a090-w007	5:90	5:90	7	5:90:7	وَٱلْأَنصَابُ	نُصُب	ن ص ب	N					PREFIX|w:CONJ+ | PREFIX|Al+ | STEM|POS:N|LEM:nuSub|ROOT:nSb|MP|NOM
w-s005-a090-w008	5:90	5:90	8	5:90:8	وَٱلْأَزْلَٰمُ	أَزْلَٰم	ز ل م	N					PREFIX|w:CONJ+ | PREFIX|Al+ | STEM|POS:N|LEM:>azola`m|ROOT:zlm|MP|NOM
w-s005-a090-w009	5:90	5:90	9	5:90:9	رِجْسٌ	رِجْس	ر ج س	N					STEM|POS:N|LEM:rijos|ROOT:rjs|M|INDEF|NOM
w-s005-a090-w010	5:90	5:90	10	5:90:10	مِّنْ	مِن		P					STEM|POS:P|LEM:min
w-s005-a090-w011	5:90	5:90	11	5:90:11	عَمَلِ	عَمَل	ع م ل	N					STEM|POS:N|LEM:Eamal|ROOT:Eml|M|GEN
w-s005-a090-w012	5:90	5:90	12	5:90:12	ٱلشَّيْطَٰنِ	شَيْطَٰن	ش ط ن	PN					PREFIX|Al+ | STEM|POS:PN|LEM:$ayoTa`n|ROOT:$Tn|M|GEN
w-s005-a090-w013	5:90	5:90	13	5:90:13	فَٱجْتَنِبُوهُ	ٱجْتَنَبُ	ج ن ب	V	IMPV			VIII	PREFIX|f:REM+ | STEM|POS:V|IMPV|(VIII)|LEM:{jotanabu|ROOT:jnb|2MP | SUFFIX|PRON:2MP | SUFFIX|PRON:3MS
w-s005-a090-w014	5:90	5:90	14	5:90:14	لَعَلَّكُمْ	لَعَلّ		ACC					STEM|POS:ACC|LEM:laEal~|SP:<in~ | SUFFIX|PRON:2MP
w-s005-a090-w015	5:90	5:90	15	5:90:15	تُفْلِحُونَ	أَفْلَحَ	ف ل ح	V	IMPF			IV	STEM|POS:V|IMPF|(IV)|LEM:>afolaHa|ROOT:flH|2MP | SUFFIX|PRON:2MP
w-s005-a091-w001	5:91	5:91	1	5:91:1	إِنَّمَا	إِنّ;مَا		ACC;PREV					STEM|POS:ACC|LEM:<in~|SP:<in~ | STEM|POS:PREV|LEM:maA
w-s005-a091-w002	5:91	5:91	2	5:91:2	يُرِيدُ	أَرَادَ	ر و د	V	IMPF			IV	STEM|POS:V|IMPF|(IV)|LEM:>araAda|ROOT:rwd|3MS
w-s005-a091-w003	5:91	5:91	3	5:91:3	ٱلشَّيْطَٰنُ	شَيْطَٰن	ش ط ن	PN					PREFIX|Al+ | STEM|POS:PN|LEM:$ayoTa`n|ROOT:$Tn|M|NOM
w-s005-a091-w004	5:91	5:91	4	5:91:4	أَن	أَن		SUB					STEM|POS:SUB|LEM:>an
w-s005-a091-w005	5:91	5:91	5	5:91:5	يُوقِعَ	يُوقِعَ	و ق ع	V	IMPF	SUBJ		IV	STEM|POS:V|IMPF|(IV)|LEM:yuwqiEa|ROOT:wqE|3MS|MOOD:SUBJ
w-s005-a091-w006	5:91	5:91	6	5:91:6	بَيْنَكُمُ	بَيْن	ب ي ن	LOC					STEM|POS:LOC|LEM:bayon|ROOT:byn|ACC | SUFFIX|PRON:2MP
w-s005-a091-w007	5:91	5:91	7	5:91:7	ٱلْعَدَٰوَةَ	عَدَٰوَة	ع د و	N					PREFIX|Al+ | STEM|POS:N|LEM:Eada`wap|ROOT:Edw|F|ACC
w-s005-a091-w008	5:91	5:91	8	5:91:8	وَٱلْبَغْضَآءَ	بَغْضَآء	ب غ ض	N					PREFIX|w:CONJ+ | PREFIX|Al+ | STEM|POS:N|LEM:bagoDaA^'|ROOT:bgD|F|ACC
w-s005-a091-w009	5:91	5:91	9	5:91:9	فِى	فِى		P					STEM|POS:P|LEM:fiY
w-s005-a091-w010	5:91	5:91	10	5:91:10	ٱلْخَمْرِ	خَمْر	خ م ر	N					PREFIX|Al+ | STEM|POS:N|LEM:xamor|ROOT:xmr|M|GEN
w-s005-a091-w011	5:91	5:91	11	5:91:11	وَٱلْمَيْسِرِ	مَيْسِر	ي س ر	N					PREFIX|w:CONJ+ | PREFIX|Al+ | STEM|POS:N|LEM:mayosir|ROOT:ysr|M|GEN
w-s005-a091-w012	5:91	5:91	12	5:91:12	وَيَصُدَّكُمْ	صَدَّ	ص د د	V	IMPF	SUBJ			PREFIX|w:CONJ+ | STEM|POS:V|IMPF|LEM:Sad~a|ROOT:Sdd|3MS|MOOD:SUBJ | SUFFIX|PRON:2MP
w-s005-a091-w013	5:91	5:91	13	5:91:13	عَن	عَن		P					STEM|POS:P|LEM:Ean
w-s005-a091-w014	5:91	5:91	14	5:91:14	ذِكْرِ	ذِكْر	ذ ك ر	N					STEM|POS:N|VN|LEM:*ikor|ROOT:*kr|M|GEN
w-s005-a091-w015	5:91	5:91	15	5:91:15	ٱللَّهِ	ٱللَّه	ء ل ه	PN					STEM|POS:PN|LEM:{ll~ah|ROOT:Alh|GEN
w-s005-a091-w016	5:91	5:91	16	5:91:16	وَعَنِ	عَن		P					PREFIX|w:CONJ+ | STEM|POS:P|LEM:Ean
w-s005-a091-w017	5:91	5:91	17	5:91:17	ٱلصَّلَوٰةِ	صَلَوٰة	ص ل و	N					PREFIX|Al+ | STEM|POS:N|LEM:Salaw`p|ROOT:Slw|F|GEN
w-s005-a091-w018	5:91	5:91	18	5:91:18	فَهَلْ	هَل		INTG					PREFIX|f:REM+ | STEM|POS:INTG|LEM:hal
w-s005-a091-w019	5:91	5:91	19	5:91:19	أَنتُم			PRON					STEM|POS:PRON|2MP
w-s005-a091-w020	5:91	5:91	20	5:91:20	مُّنتَهُونَ	مُّنتَهُون	ن ه ي	N			ACT	VIII	STEM|POS:N|ACT|PCPL|(VIII)|LEM:m~untahuwn|ROOT:nhy|MP|NOM
w-s005-a092-w001	5:92	5:92	1	5:92:1	وَأَطِيعُوا۟	أَطَاعَ	ط و ع	V	IMPV			IV	PREFIX|w:CONJ+ | STEM|POS:V|IMPV|(IV)|LEM:>aTaAEa|ROOT:TwE|2MP | SUFFIX|PRON:2MP
w-s005-a092-w002	5:92	5:92	2	5:92:2	ٱللَّهَ	ٱللَّه	ء ل ه	PN					STEM|POS:PN|LEM:{ll~ah|ROOT:Alh|ACC
w-s005-a092-w003	5:92	5:92	3	5:92:3	وَأَطِيعُوا۟	أَطَاعَ	ط و ع	V	IMPV			IV	PREFIX|w:CONJ+ | STEM|POS:V|IMPV|(IV)|LEM:>aTaAEa|ROOT:TwE|2MP | SUFFIX|PRON:2MP
w-s005-a092-w004	5:92	5:92	4	5:92:4	ٱلرَّسُولَ	رَسُول	ر س ل	N					PREFIX|Al+ | STEM|POS:N|LEM:rasuwl|ROOT:rsl|M|ACC
w-s005-a092-w005	5:92	5:92	5	5:92:5	وَٱحْذَرُوا۟	يَحْذَرُ	ح ذ ر	V	IMPV				PREFIX|w:CONJ+ | STEM|POS:V|IMPV|LEM:yaHo*aru|ROOT:H*r|2MP | SUFFIX|PRON:2MP
w-s005-a092-w006	5:92	5:92	6	5:92:6	فَإِن	إِن		COND					PREFIX|f:REM+ | STEM|POS:COND|LEM:<in
w-s005-a092-w007	5:92	5:92	7	5:92:7	تَوَلَّيْتُمْ	تَوَلَّىٰ	و ل ي	V	PERF			V	STEM|POS:V|PERF|(V)|LEM:tawal~aY`|ROOT:wly|2MP | SUFFIX|PRON:2MP
w-s005-a092-w008	5:92	5:92	8	5:92:8	فَٱعْلَمُوٓا۟	عَلِمَ	ع ل م	V	IMPV				PREFIX|f:RSLT+ | STEM|POS:V|IMPV|LEM:Ealima|ROOT:Elm|2MP | SUFFIX|PRON:2MP
w-s005-a092-w009	5:92	5:92	9	5:92:9	أَنَّمَا	أَنّ;مَا		ACC;PREV					STEM|POS:ACC|LEM:>an~|SP:<in~ | STEM|POS:PREV|LEM:maA
w-s005-a092-w010	5:92	5:92	10	5:92:10	عَلَىٰ	عَلَىٰ		P					STEM|POS:P|LEM:EalaY`
w-s005-a092-w011	5:92	5:92	11	5:92:11	رَسُولِنَا	رَسُول	ر س ل	N					STEM|POS:N|LEM:rasuwl|ROOT:rsl|M|GEN | SUFFIX|PRON:1P
w-s005-a092-w012	5:92	5:92	12	5:92:12	ٱلْبَلَٰغُ	بَلَٰغ	ب ل غ	N					PREFIX|Al+ | STEM|POS:N|LEM:bala`g|ROOT:blg|M|NOM
w-s005-a092-w013	5:92	5:92	13	5:92:13	ٱلْمُبِينُ	مُّبِين	ب ي ن	ADJ			ACT	IV	PREFIX|Al+ | STEM|POS:ADJ|ACT|PCPL|(IV)|LEM:m~ubiyn|ROOT:byn|M|NOM
w-s005-a093-w001	5:93	5:93	1	5:93:1	لَيْسَ	لَّيْسَ	ل ي س	V	PERF				STEM|POS:V|PERF|LEM:l~ayosa|ROOT:lys|SP:kaAn|3MS
w-s005-a093-w002	5:93	5:93	2	5:93:2	عَلَى	عَلَىٰ		P					STEM|POS:P|LEM:EalaY`
w-s005-a093-w003	5:93	5:93	3	5:93:3	ٱلَّذِينَ	ٱلَّذِى		REL					STEM|POS:REL|LEM:{l~a*iY|MP
w-s005-a093-w004	5:93	5:93	4	5:93:4	ءَامَنُوا۟	ءَامَنَ	ء م ن	V	PERF			IV	STEM|POS:V|PERF|(IV)|LEM:'aAmana|ROOT:Amn|3MP | SUFFIX|PRON:3MP
w-s005-a093-w005	5:93	5:93	5	5:93:5	وَعَمِلُوا۟	عَمِلَ	ع م ل	V	PERF				PREFIX|w:CONJ+ | STEM|POS:V|PERF|LEM:Eamila|ROOT:Eml|3MP | SUFFIX|PRON:3MP
w-s005-a093-w006	5:93	5:93	6	5:93:6	ٱلصَّٰلِحَٰتِ	صَّٰلِحَٰت	ص ل ح	N			ACT		PREFIX|Al+ | STEM|POS:N|ACT|PCPL|LEM:S~a`liHa`t|ROOT:SlH|FP|ACC
w-s005-a093-w007	5:93	5:93	7	5:93:7	جُنَاحٌ	جُنَاح	ج ن ح	N					STEM|POS:N|LEM:junaAH|ROOT:jnH|M|INDEF|NOM
w-s005-a093-w008	5:93	5:93	8	5:93:8	فِيمَا	فِى;مَا		P;REL					STEM|POS:P|LEM:fiY | STEM|POS:REL|LEM:maA
w-s005-a093-w009	5:93	5:93	9	5:93:9	طَعِمُوٓا۟	طَعِمُ	ط ع م	V	PERF				STEM|POS:V|PERF|LEM:TaEimu|ROOT:TEm|3MP | SUFFIX|PRON:3MP
w-s005-a093-w010	5:93	5:93	10	5:93:10	إِذَا	إِذَا		T					STEM|POS:T|LEM:<i*aA
w-s005-a093-w011	5:93	5:93	11	5:93:11	مَا	مَا		SUP					STEM|POS:SUP|LEM:maA
w-s005-a093-w012	5:93	5:93	12	5:93:12	ٱتَّقَوا۟	ٱتَّقَىٰ	و ق ي	V	PERF			VIII	STEM|POS:V|PERF|(VIII)|LEM:{t~aqaY`|ROOT:wqy|3MP | SUFFIX|PRON:3MP
w-s005-a093-w013	5:93	5:93	13	5:93:13	وَّءَامَنُوا۟	ءَامَنَ	ء م ن	V	PERF			IV	PREFIX|w:CONJ+ | STEM|POS:V|PERF|(IV)|LEM:'aAmana|ROOT:Amn|3MP | SUFFIX|PRON:3MP
w-s005-a093-w014	5:93	5:93	14	5:93:14	وَعَمِلُوا۟	عَمِلَ	ع م ل	V	PERF				PREFIX|w:CONJ+ | STEM|POS:V|PERF|LEM:Eamila|ROOT:Eml|3MP | SUFFIX|PRON:3MP
w-s005-a093-w015	5:93	5:93	15	5:93:15	ٱلصَّٰلِحَٰتِ	صَّٰلِحَٰت	ص ل ح	N			ACT		PREFIX|Al+ | STEM|POS:N|ACT|PCPL|LEM:S~a`liHa`t|ROOT:SlH|FP|ACC
w-s005-a093-w016	5:93	5:93	16	5:93:16	ثُمَّ	ثُمّ		CONJ					STEM|POS:CONJ|LEM:vum~
w-s005-a093-w017	5:93	5:93	17	5:93:17	ٱتَّقَوا۟	ٱتَّقَىٰ	و ق ي	V	PERF			VIII	STEM|POS:V|PERF|(VIII)|LEM:{t~aqaY`|ROOT:wqy|3MP | SUFFIX|PRON:3MP
w-s005-a093-w018	5:93	5:93	18	5:93:18	وَّءَامَنُوا۟	ءَامَنَ	ء م ن	V	PERF			IV	PREFIX|w:CONJ+ | STEM|POS:V|PERF|(IV)|LEM:'aAmana|ROOT:Amn|3MP | SUFFIX|PRON:3MP
w-s005-a093-w019	5:93	5:93	19	5:93:19	ثُمَّ	ثُمّ		CONJ					STEM|POS:CONJ|LEM:vum~
w-s005-a093-w020	5:93	5:93	20	5:93:20	ٱتَّقَوا۟	ٱتَّقَىٰ	و ق ي	V	PERF			VIII	STEM|POS:V|PERF|(VIII)|LEM:{t~aqaY`|ROOT:wqy|3MP | SUFFIX|PRON:3MP
w-s005-a093-w021	5:93	5:93	21	5:93:21	وَّأَحْسَنُوا۟	أَحْسَنَ	ح س ن	V	PERF			IV	PREFIX|w:CONJ+ | STEM|POS:V|PERF|(IV)|LEM:>aHosana|ROOT:Hsn|3MP | SUFFIX|PRON:3MP
w-s005-a093-w022	5:93	5:93	22	5:93:22	وَٱللَّهُ	ٱللَّه	ء ل ه	PN					PREFIX|w:REM+ | STEM|POS:PN|LEM:{ll~ah|ROOT:Alh|NOM
w-s005-a093-w023	5:93	5:93	23	5:93:23	يُحِبُّ	أَحْبَبْ	ح ب ب	V	IMPF			IV	STEM|POS:V|IMPF|(IV)|LEM:>aHobabo|ROOT:Hbb|3MS
w-s005-a093-w024	5:93	5:93	24	5:93:24	ٱلْمُحْسِنِينَ	مُحْسِن	ح س ن	N			ACT	IV	PREFIX|Al+ | STEM|POS:N|ACT|PCPL|(IV)|LEM:muHosin|ROOT:Hsn|MP|ACC
w-s005-a094-w001	5:94	5:94	1	5:94:1	يَٰٓأَيُّهَا	أَيُّهَا		N					PREFIX|ya+ | STEM|POS:N|LEM:>ay~uhaA|NOM
w-s005-a094-w002	5:94	5:94	2	5:94:2	ٱلَّذِينَ	ٱلَّذِى		REL					STEM|POS:REL|LEM:{l~a*iY|MP
w-s005-a094-w003	5:94	5:94	3	5:94:3	ءَامَنُوا۟	ءَامَنَ	ء م ن	V	PERF			IV	STEM|POS:V|PERF|(IV)|LEM:'aAmana|ROOT:Amn|3MP | SUFFIX|PRON:3MP
w-s005-a094-w004	5:94	5:94	4	5:94:4	لَيَبْلُوَنَّكُمُ	بَلَوْ	ب ل و	V	IMPF				PREFIX|l:EMPH+ | STEM|POS:V|IMPF|LEM:balawo|ROOT:blw|3MS | SUFFIX|+n:EMPH | SUFFIX|PRON:2MP
w-s005-a094-w005	5:94	5:94	5	5:94:5	ٱللَّهُ	ٱللَّه	ء ل ه	PN					STEM|POS:PN|LEM:{ll~ah|ROOT:Alh|NOM
w-s005-a094-w006	5:94	5:94	6	5:94:6	بِشَىْءٍ	شَىْء	ش ي ء	N					PREFIX|bi+ | STEM|POS:N|LEM:$aYo'|ROOT:$yA|M|INDEF|GEN
w-s005-a094-w007	5:94	5:94	7	5:94:7	مِّنَ	مِن		P					STEM|POS:P|LEM:min
w-s005-a094-w008	5:94	5:94	8	5:94:8	ٱلصَّيْدِ	صَيْد	ص ي د	N					PREFIX|Al+ | STEM|POS:N|LEM:Sayod|ROOT:Syd|M|GEN
w-s005-a094-w009	5:94	5:94	9	5:94:9	تَنَالُهُۥٓ	يَنَالُ	ن ي ل	V	IMPF				STEM|POS:V|IMPF|LEM:yanaAlu|ROOT:nyl|3FS | SUFFIX|PRON:3MS
w-s005-a094-w010	5:94	5:94	10	5:94:10	أَيْدِيكُمْ	يَد	ي د ي	N					STEM|POS:N|LEM:yad|ROOT:ydy|FP|NOM | SUFFIX|PRON:2MP
w-s005-a094-w011	5:94	5:94	11	5:94:11	وَرِمَاحُكُمْ	رِمَاح	ر م ح	N					PREFIX|w:CONJ+ | STEM|POS:N|LEM:rimaAH|ROOT:rmH|MP|NOM | SUFFIX|PRON:2MP
w-s005-a094-w012	5:94	5:94	12	5:94:12	لِيَعْلَمَ	عَلِمَ	ع ل م	V	IMPF	SUBJ			PREFIX|l:PRP+ | STEM|POS:V|IMPF|LEM:Ealima|ROOT:Elm|3MS|MOOD:SUBJ
w-s005-a094-w013	5:94	5:94	13	5:94:13	ٱللَّهُ	ٱللَّه	ء ل ه	PN					STEM|POS:PN|LEM:{ll~ah|ROOT:Alh|NOM
w-s005-a094-w014	5:94	5:94	14	5:94:14	مَن	مَن		REL					STEM|POS:REL|LEM:man
w-s005-a094-w015	5:94	5:94	15	5:94:15	يَخَافُهُۥ	خَافَ	خ و ف	V	IMPF				STEM|POS:V|IMPF|LEM:xaAfa|ROOT:xwf|3MS | SUFFIX|PRON:3MS
w-s005-a094-w016	5:94	5:94	16	5:94:16	بِٱلْغَيْبِ	غَيْب	غ ي ب	N					PREFIX|bi+ | PREFIX|Al+ | STEM|POS:N|LEM:gayob|ROOT:gyb|M|GEN
w-s005-a094-w017	5:94	5:94	17	5:94:17	فَمَنِ	مَن		COND					PREFIX|f:REM+ | STEM|POS:COND|LEM:man
w-s005-a094-w018	5:94	5:94	18	5:94:18	ٱعْتَدَىٰ	ٱعْتَدَىٰ	ع د و	V	PERF			VIII	STEM|POS:V|PERF|(VIII)|LEM:{EotadaY`|ROOT:Edw|3MS
w-s005-a094-w019	5:94	5:94	19	5:94:19	بَعْدَ	بَعْد	ب ع د	T					STEM|POS:T|LEM:baEod|ROOT:bEd|ACC
w-s005-a094-w020	5:94	5:94	20	5:94:20	ذَٰلِكَ	ذَٰلِك		DEM					STEM|POS:DEM|LEM:*a`lik|MS
w-s005-a094-w021	5:94	5:94	21	5:94:21	فَلَهُۥ			PRON					PREFIX|f:RSLT+ | PREFIX|l:P+ | STEM|POS:PRON|3MS
w-s005-a094-w022	5:94	5:94	22	5:94:22	عَذَابٌ	عَذَاب	ع ذ ب	N					STEM|POS:N|LEM:Ea*aAb|ROOT:E*b|M|INDEF|NOM
w-s005-a094-w023	5:94	5:94	23	5:94:23	أَلِيمٌ	أَلِيم	ء ل م	ADJ					STEM|POS:ADJ|LEM:>aliym|ROOT:Alm|MS|INDEF|NOM
w-s005-a095-w001	5:95	5:95	1	5:95:1	يَٰٓأَيُّهَا	أَيُّهَا		N					PREFIX|ya+ | STEM|POS:N|LEM:>ay~uhaA|NOM
w-s005-a095-w002	5:95	5:95	2	5:95:2	ٱلَّذِينَ	ٱلَّذِى		REL					STEM|POS:REL|LEM:{l~a*iY|MP
w-s005-a095-w003	5:95	5:95	3	5:95:3	ءَامَنُوا۟	ءَامَنَ	ء م ن	V	PERF			IV	STEM|POS:V|PERF|(IV)|LEM:'aAmana|ROOT:Amn|3MP | SUFFIX|PRON:3MP
w-s005-a095-w004	5:95	5:95	4	5:95:4	لَا	لَا		PRO					STEM|POS:PRO|LEM:laA
w-s005-a095-w005	5:95	5:95	5	5:95:5	تَقْتُلُوا۟	قَتَلَ	ق ت ل	V	IMPF	JUS			STEM|POS:V|IMPF|LEM:qatala|ROOT:qtl|2MP|MOOD:JUS | SUFFIX|PRON:2MP
w-s005-a095-w006	5:95	5:95	6	5:95:6	ٱلصَّيْدَ	صَيْد	ص ي د	N					PREFIX|Al+ | STEM|POS:N|LEM:Sayod|ROOT:Syd|M|ACC
w-s005-a095-w007	5:95	5:95	7	5:95:7	وَأَنتُمْ			PRON					PREFIX|w:CIRC+ | STEM|POS:PRON|2MP
w-s005-a095-w008	5:95	5:95	8	5:95:8	حُرُمٌ	حَرَام	ح ر م	N					STEM|POS:N|LEM:HaraAm|ROOT:Hrm|MP|INDEF|NOM
w-s005-a095-w009	5:95	5:95	9	5:95:9	وَمَن	مَن		COND					PREFIX|w:REM+ | STEM|POS:COND|LEM:man
w-s005-a095-w010	5:95	5:95	10	5:95:10	قَتَلَهُۥ	قَتَلَ	ق ت ل	V	PERF				STEM|POS:V|PERF|LEM:qatala|ROOT:qtl|3MS | SUFFIX|PRON:3MS
w-s005-a095-w011	5:95	5:95	11	5:95:11	مِنكُم	مِن		P					STEM|POS:P|LEM:min | SUFFIX|PRON:2MP
w-s005-a095-w012	5:95	5:95	12	5:95:12	مُّتَعَمِّدًا	مُّتَعَمِّد	ع م د	N			ACT	V	STEM|POS:N|ACT|PCPL|(V)|LEM:m~utaEam~id|ROOT:Emd|M|INDEF|ACC
w-s005-a095-w013	5:95	5:95	13	5:95:13	فَجَزَآءٌ	جَزَآء	ج ز ي	N					PREFIX|f:RSLT+ | STEM|POS:N|LEM:jazaA^'|ROOT:jzy|M|INDEF|NOM
w-s005-a095-w014	5:95	5:95	14	5:95:14	مِّثْلُ	مِثْل	م ث ل	N					STEM|POS:N|LEM:mivol|ROOT:mvl|M|NOM
w-s005-a095-w015	5:95	5:95	15	5:95:15	مَا	مَا		REL					STEM|POS:REL|LEM:maA
w-s005-a095-w016	5:95	5:95	16	5:95:16	قَتَلَ	قَتَلَ	ق ت ل	V	PERF				STEM|POS:V|PERF|LEM:qatala|ROOT:qtl|3MS
w-s005-a095-w017	5:95	5:95	17	5:95:17	مِنَ	مِن		P					STEM|POS:P|LEM:min
w-s005-a095-w018	5:95	5:95	18	5:95:18	ٱلنَّعَمِ	نَّعَم	ن ع م	N					PREFIX|Al+ | STEM|POS:N|LEM:n~aEam|ROOT:nEm|M|GEN
w-s005-a095-w019	5:95	5:95	19	5:95:19	يَحْكُمُ	حَكَمَ	ح ك م	V	IMPF				STEM|POS:V|IMPF|LEM:Hakama|ROOT:Hkm|3MS
w-s005-a095-w020	5:95	5:95	20	5:95:20	بِهِۦ			PRON					PREFIX|bi+ | STEM|POS:PRON|3MS
w-s005-a095-w021	5:95	5:95	21	5:95:21	ذَوَا	ذَا		N					STEM|POS:N|LEM:*aA|MD|NOM
w-s005-a095-w022	5:95	5:95	22	5:95:22	عَدْلٍ	عَدْل	ع د ل	N					STEM|POS:N|LEM:Eadol|ROOT:Edl|M|INDEF|GEN
w-s005-a095-w023	5:95	5:95	23	5:95:23	مِّنكُمْ	مِن		P					STEM|POS:P|LEM:min | SUFFIX|PRON:2MP
w-s005-a095-w024	5:95	5:95	24	5:95:24	هَدْيًۢا	هَدْي	ه د ي	N					STEM|POS:N|LEM:hadoy|ROOT:hdy|M|INDEF|ACC
w-s005-a095-w025	5:95	5:95	25	5:95:25	بَٰلِغَ	بَٰلِغ	ب ل غ	N			ACT		STEM|POS:N|ACT|PCPL|LEM:ba`lig|ROOT:blg|M|ACC
w-s005-a095-w026	5:95	5:95	26	5:95:26	ٱلْكَعْبَةِ	كَعْبَة	ك ع ب	PN					PREFIX|Al+ | STEM|POS:PN|LEM:kaEobap|ROOT:kEb|F|GEN
w-s005-a095-w027	5:95	5:95	27	5:95:27	أَوْ	أَو		CONJ					STEM|POS:CONJ|LEM:>aw
w-s005-a095-w028	5:95	5:95	28	5:95:28	كَفَّٰرَةٌ	كَفَّٰرَة	ك ف ر	N					STEM|POS:N|LEM:kaf~a`rap|ROOT:kfr|F|INDEF|NOM
w-s005-a095-w029	5:95	5:95	29	5:95:29	طَعَامُ	طَعَام	ط ع م	N					STEM|POS:N|LEM:TaEaAm|ROOT:TEm|M|NOM
w-s005-a095-w030	5:95	5:95	30	5:95:30	مَسَٰكِينَ	مِسْكِين	س ك ن	N					STEM|POS:N|LEM:misokiyn|ROOT:skn|MP|GEN
w-s005-a095-w031	5:95	5:95	31	5:95:31	أَوْ	أَو		CONJ					STEM|POS:CONJ|LEM:>aw
w-s005-a095-w032	5:95	5:95	32	5:95:32	عَدْلُ	عَدْل	ع د ل	N					STEM|POS:N|LEM:Eadol|ROOT:Edl|M|NOM
w-s005-a095-w033	5:95	5:95	33	5:95:33	ذَٰلِكَ	ذَٰلِك		DEM					STEM|POS:DEM|LEM:*a`lik|MS
w-s005-a095-w034	5:95	5:95	34	5:95:34	صِيَامًا	صِيَام	ص و م	N					STEM|POS:N|LEM:SiyaAm|ROOT:Swm|M|INDEF|ACC
w-s005-a095-w035	5:95	5:95	35	5:95:35	لِّيَذُوقَ	ذَاقُ	ذ و ق	V	IMPF	SUBJ			PREFIX|l:PRP+ | STEM|POS:V|IMPF|LEM:*aAqu|ROOT:*wq|3MS|MOOD:SUBJ
w-s005-a095-w036	5:95	5:95	36	5:95:36	وَبَالَ	وَبَال	و ب ل	N					STEM|POS:N|LEM:wabaAl|ROOT:wbl|M|ACC
w-s005-a095-w037	5:95	5:95	37	5:95:37	أَمْرِهِۦ	أَمْر	ء م ر	N					STEM|POS:N|LEM:>amor|ROOT:Amr|M|GEN | SUFFIX|PRON:3MS
w-s005-a095-w038	5:95	5:95	38	5:95:38	عَفَا	عَفَا	ع ف و	V	PERF				STEM|POS:V|PERF|LEM:EafaA|ROOT:Efw|3MS
w-s005-a095-w039	5:95	5:95	39	5:95:39	ٱللَّهُ	ٱللَّه	ء ل ه	PN					STEM|POS:PN|LEM:{ll~ah|ROOT:Alh|NOM
w-s005-a095-w040	5:95	5:95	40	5:95:40	عَمَّا	عَن;مَا		P;REL					STEM|POS:P|LEM:Ean | STEM|POS:REL|LEM:maA
w-s005-a095-w041	5:95	5:95	41	5:95:41	سَلَفَ	سَلَفَ	س ل ف	V	PERF				STEM|POS:V|PERF|LEM:salafa|ROOT:slf|3MS
w-s005-a095-w042	5:95	5:95	42	5:95:42	وَمَنْ	مَن		COND					PREFIX|w:CONJ+ | STEM|POS:COND|LEM:man
w-s005-a095-w043	5:95	5:95	43	5:95:43	عَادَ	عَادَ	ع و د	V	PERF				STEM|POS:V|PERF|LEM:EaAda|ROOT:Ewd|3MS
w-s005-a095-w044	5:95	5:95	44	5:95:44	فَيَنتَقِمُ	ٱنتَقَمْ	ن ق م	V	IMPF			VIII	PREFIX|f:RSLT+ | STEM|POS:V|IMPF|(VIII)|LEM:{ntaqamo|ROOT:nqm|3MS
w-s005-a095-w045	5:95	5:95	45	5:95:45	ٱللَّهُ	ٱللَّه	ء ل ه	PN					STEM|POS:PN|LEM:{ll~ah|ROOT:Alh|NOM
w-s005-a095-w046	5:95	5:95	46	5:95:46	مِنْهُ	مِن		P					STEM|POS:P|LEM:min | SUFFIX|PRON:3MS
w-s005-a095-w047	5:95	5:95	47	5:95:47	وَٱللَّهُ	ٱللَّه	ء ل ه	PN					PREFIX|w:REM+ | STEM|POS:PN|LEM:{ll~ah|ROOT:Alh|NOM
w-s005-a095-w048	5:95	5:95	48	5:95:48	عَزِيزٌ	عَزِيز	ع ز ز	N					STEM|POS:N|LEM:Eaziyz|ROOT:Ezz|MS|INDEF|NOM
w-s005-a095-w049	5:95	5:95	49	5:95:49	ذُو	ذُو		N					STEM|POS:N|LEM:*uw|MS|NOM
w-s005-a095-w050	5:95	5:95	50	5:95:50	ٱنتِقَامٍ	ٱنتِقَام	ن ق م	N				VIII	STEM|POS:N|VN|(VIII)|LEM:{ntiqaAm|ROOT:nqm|M|INDEF|GEN
w-s005-a096-w001	5:96	5:96	1	5:96:1	أُحِلَّ	أَحَلَّ	ح ل ل	V	PERF		PASS	IV	STEM|POS:V|PERF|PASS|(IV)|LEM:>aHal~a|ROOT:Hll|3MS
w-s005-a096-w002	5:96	5:96	2	5:96:2	لَكُمْ			PRON					PREFIX|l:P+ | STEM|POS:PRON|2MP
w-s005-a096-w003	5:96	5:96	3	5:96:3	صَيْدُ	صَيْد	ص ي د	N					STEM|POS:N|LEM:Sayod|ROOT:Syd|M|NOM
w-s005-a096-w004	5:96	5:96	4	5:96:4	ٱلْبَحْرِ	بَحْر	ب ح ر	N					PREFIX|Al+ | STEM|POS:N|LEM:baHor|ROOT:bHr|M|GEN
w-s005-a096-w005	5:96	5:96	5	5:96:5	وَطَعَامُهُۥ	طَعَام	ط ع م	N					PREFIX|w:CONJ+ | STEM|POS:N|LEM:TaEaAm|ROOT:TEm|M|NOM | SUFFIX|PRON:3MS
w-s005-a096-w006	5:96	5:96	6	5:96:6	مَتَٰعًا	مَتَٰع	م ت ع	N					STEM|POS:N|LEM:mata`E|ROOT:mtE|M|INDEF|ACC
w-s005-a096-w007	5:96	5:96	7	5:96:7	لَّكُمْ			PRON					PREFIX|l:P+ | STEM|POS:PRON|2MP
w-s005-a096-w008	5:96	5:96	8	5:96:8	وَلِلسَّيَّارَةِ	سَيَّارَة	س ي ر	N					PREFIX|w:CONJ+ | PREFIX|l:P+ | PREFIX|Al+ | STEM|POS:N|LEM:say~aArap|ROOT:syr|F|GEN
w-s005-a096-w009	5:96	5:96	9	5:96:9	وَحُرِّمَ	حَرَّمَ	ح ر م	V	PERF		PASS	II	PREFIX|w:CONJ+ | STEM|POS:V|PERF|PASS|(II)|LEM:Har~ama|ROOT:Hrm|3MS
w-s005-a096-w010	5:96	5:96	10	5:96:10	عَلَيْكُمْ	عَلَىٰ		P					STEM|POS:P|LEM:EalaY` | SUFFIX|PRON:2MP
w-s005-a096-w011	5:96	5:96	11	5:96:11	صَيْدُ	صَيْد	ص ي د	N					STEM|POS:N|LEM:Sayod|ROOT:Syd|M|NOM
w-s005-a096-w012	5:96	5:96	12	5:96:12	ٱلْبَرِّ	بَرّ	ب ر ر	N					PREFIX|Al+ | STEM|POS:N|LEM:bar~|ROOT:brr|M|GEN
w-s005-a096-w013	5:96	5:96	13	5:96:13	مَا	مَا		SUB					STEM|POS:SUB|LEM:maA
w-s005-a096-w014	5:96	5:96	14	5:96:14	دُمْتُمْ	دَامُ	د و م	V	PERF				STEM|POS:V|PERF|LEM:daAmu|ROOT:dwm|SP:kaAn|2MP | SUFFIX|PRON:2MP
w-s005-a096-w015	5:96	5:96	15	5:96:15	حُرُمًا	حَرَام	ح ر م	N					STEM|POS:N|LEM:HaraAm|ROOT:Hrm|MP|INDEF|ACC
w-s005-a096-w016	5:96	5:96	16	5:96:16	وَٱتَّقُوا۟	ٱتَّقَىٰ	و ق ي	V	IMPV			VIII	PREFIX|w:REM+ | STEM|POS:V|IMPV|(VIII)|LEM:{t~aqaY`|ROOT:wqy|2MP | SUFFIX|PRON:2MP
w-s005-a096-w017	5:96	5:96	17	5:96:17	ٱللَّهَ	ٱللَّه	ء ل ه	PN					STEM|POS:PN|LEM:{ll~ah|ROOT:Alh|ACC
w-s005-a096-w018	5:96	5:96	18	5:96:18	ٱلَّذِىٓ	ٱلَّذِى		REL					STEM|POS:REL|LEM:{l~a*iY|MS
w-s005-a096-w019	5:96	5:96	19	5:96:19	إِلَيْهِ	إِلَىٰ		P					STEM|POS:P|LEM:<ilaY` | SUFFIX|PRON:3MS
w-s005-a096-w020	5:96	5:96	20	5:96:20	تُحْشَرُونَ	حَشَرَ	ح ش ر	V	IMPF		PASS		STEM|POS:V|IMPF|PASS|LEM:Ha$ara|ROOT:H$r|2MP | SUFFIX|PRON:2MP
w-s005-a097-w001	5:97	5:97	1	5:97:1	جَعَلَ	جَعَلَ	ج ع ل	V	PERF				STEM|POS:V|PERF|LEM:jaEala|ROOT:jEl|3MS
w-s005-a097-w002	5:97	5:97	2	5:97:2	ٱللَّهُ	ٱللَّه	ء ل ه	PN					STEM|POS:PN|LEM:{ll~ah|ROOT:Alh|NOM
w-s005-a097-w003	5:97	5:97	3	5:97:3	ٱلْكَعْبَةَ	كَعْبَة	ك ع ب	PN					PREFIX|Al+ | STEM|POS:PN|LEM:kaEobap|ROOT:kEb|F|ACC
w-s005-a097-w004	5:97	5:97	4	5:97:4	ٱلْبَيْتَ	بَيْت	ب ي ت	N					PREFIX|Al+ | STEM|POS:N|LEM:bayot|ROOT:byt|M|ACC
w-s005-a097-w005	5:97	5:97	5	5:97:5	ٱلْحَرَامَ	حَرَام	ح ر م	ADJ					PREFIX|Al+ | STEM|POS:ADJ|LEM:HaraAm|ROOT:Hrm|M|ACC
w-s005-a097-w006	5:97	5:97	6	5:97:6	قِيَٰمًا	قَآئِم	ق و م	N			ACT		STEM|POS:N|ACT|PCPL|LEM:qaA^}im|ROOT:qwm|MP|INDEF|ACC
w-s005-a097-w007	5:97	5:97	7	5:97:7	لِّلنَّاسِ	نَّاس	ن و س	N					PREFIX|l:P+ | PREFIX|Al+ | STEM|POS:N|LEM:n~aAs|ROOT:nws|MP|GEN
w-s005-a097-w008	5:97	5:97	8	5:97:8	وَٱلشَّهْرَ	شَهْر	ش ه ر	N					PREFIX|w:CONJ+ | PREFIX|Al+ | STEM|POS:N|LEM:$ahor|ROOT:$hr|M|ACC
w-s005-a097-w009	5:97	5:97	9	5:97:9	ٱلْحَرَامَ	حَرَام	ح ر م	ADJ					PREFIX|Al+ | STEM|POS:ADJ|LEM:HaraAm|ROOT:Hrm|M|ACC
w-s005-a097-w010	5:97	5:97	10	5:97:10	وَٱلْهَدْىَ	هَدْي	ه د ي	N					PREFIX|w:CONJ+ | PREFIX|Al+ | STEM|POS:N|LEM:hadoy|ROOT:hdy|M|ACC
w-s005-a097-w011	5:97	5:97	11	5:97:11	وَٱلْقَلَٰٓئِدَ	قَلَٰٓئِد	ق ل د	N					PREFIX|w:CONJ+ | PREFIX|Al+ | STEM|POS:N|LEM:qala`^}id|ROOT:qld|FP|ACC
w-s005-a097-w012	5:97	5:97	12	5:97:12	ذَٰلِكَ	ذَٰلِك		DEM					STEM|POS:DEM|LEM:*a`lik|MS
w-s005-a097-w013	5:97	5:97	13	5:97:13	لِتَعْلَمُوٓا۟	عَلِمَ	ع ل م	V	IMPF	SUBJ			PREFIX|l:PRP+ | STEM|POS:V|IMPF|LEM:Ealima|ROOT:Elm|2MP|MOOD:SUBJ | SUFFIX|PRON:2MP
w-s005-a097-w014	5:97	5:97	14	5:97:14	أَنَّ	أَنّ		ACC					STEM|POS:ACC|LEM:>an~|SP:<in~
w-s005-a097-w015	5:97	5:97	15	5:97:15	ٱللَّهَ	ٱللَّه	ء ل ه	PN					STEM|POS:PN|LEM:{ll~ah|ROOT:Alh|ACC
w-s005-a097-w016	5:97	5:97	16	5:97:16	يَعْلَمُ	عَلِمَ	ع ل م	V	IMPF				STEM|POS:V|IMPF|LEM:Ealima|ROOT:Elm|3MS
w-s005-a097-w017	5:97	5:97	17	5:97:17	مَا	مَا		REL					STEM|POS:REL|LEM:maA
w-s005-a097-w018	5:97	5:97	18	5:97:18	فِى	فِى		P					STEM|POS:P|LEM:fiY
w-s005-a097-w019	5:97	5:97	19	5:97:19	ٱلسَّمَٰوَٰتِ	سَمَآء	س م و	N					PREFIX|Al+ | STEM|POS:N|LEM:samaA^'|ROOT:smw|FP|GEN
w-s005-a097-w020	5:97	5:97	20	5:97:20	وَمَا	مَا		REL					PREFIX|w:CONJ+ | STEM|POS:REL|LEM:maA
w-s005-a097-w021	5:97	5:97	21	5:97:21	فِى	فِى		P					STEM|POS:P|LEM:fiY
w-s005-a097-w022	5:97	5:97	22	5:97:22	ٱلْأَرْضِ	أَرْض	ء ر ض	N					PREFIX|Al+ | STEM|POS:N|LEM:>aroD|ROOT:ArD|F|GEN
w-s005-a097-w023	5:97	5:97	23	5:97:23	وَأَنَّ	أَنّ		ACC					PREFIX|w:REM+ | STEM|POS:ACC|LEM:>an~|SP:<in~
w-s005-a097-w024	5:97	5:97	24	5:97:24	ٱللَّهَ	ٱللَّه	ء ل ه	PN					STEM|POS:PN|LEM:{ll~ah|ROOT:Alh|ACC
w-s005-a097-w025	5:97	5:97	25	5:97:25	بِكُلِّ	كُلّ	ك ل ل	N					PREFIX|bi+ | STEM|POS:N|LEM:kul~|ROOT:kll|M|GEN
w-s005-a097-w026	5:97	5:97	26	5:97:26	شَىْءٍ	شَىْء	ش ي ء	N					STEM|POS:N|LEM:$aYo'|ROOT:$yA|M|INDEF|GEN
w-s005-a097-w027	5:97	5:97	27	5:97:27	عَلِيمٌ	عَلِيم	ع ل م	N					STEM|POS:N|LEM:Ealiym|ROOT:Elm|MS|INDEF|NOM
w-s005-a098-w001	5:98	5:98	1	5:98:1	ٱعْلَمُوٓا۟	عَلِمَ	ع ل م	V	IMPV				STEM|POS:V|IMPV|LEM:Ealima|ROOT:Elm|2MP | SUFFIX|PRON:2MP
w-s005-a098-w002	5:98	5:98	2	5:98:2	أَنَّ	أَنّ		ACC					STEM|POS:ACC|LEM:>an~|SP:<in~
w-s005-a098-w003	5:98	5:98	3	5:98:3	ٱللَّهَ	ٱللَّه	ء ل ه	PN					STEM|POS:PN|LEM:{ll~ah|ROOT:Alh|ACC
w-s005-a098-w004	5:98	5:98	4	5:98:4	شَدِيدُ	شَدِيد	ش د د	N					STEM|POS:N|LEM:$adiyd|ROOT:$dd|MS|NOM
w-s005-a098-w005	5:98	5:98	5	5:98:5	ٱلْعِقَابِ	عِقَاب	ع ق ب	N					PREFIX|Al+ | STEM|POS:N|LEM:EiqaAb|ROOT:Eqb|M|GEN
w-s005-a098-w006	5:98	5:98	6	5:98:6	وَأَنَّ	أَنّ		ACC					PREFIX|w:CONJ+ | STEM|POS:ACC|LEM:>an~|SP:<in~
w-s005-a098-w007	5:98	5:98	7	5:98:7	ٱللَّهَ	ٱللَّه	ء ل ه	PN					STEM|POS:PN|LEM:{ll~ah|ROOT:Alh|ACC
w-s005-a098-w008	5:98	5:98	8	5:98:8	غَفُورٌ	غَفُور	غ ف ر	N					STEM|POS:N|LEM:gafuwr|ROOT:gfr|MS|INDEF|NOM
w-s005-a098-w009	5:98	5:98	9	5:98:9	رَّحِيمٌ	رَّحِيم	ر ح م	ADJ					STEM|POS:ADJ|LEM:r~aHiym|ROOT:rHm|MS|INDEF|NOM
w-s005-a099-w001	5:99	5:99	1	5:99:1	مَّا	مَا		NEG					STEM|POS:NEG|LEM:maA
w-s005-a099-w002	5:99	5:99	2	5:99:2	عَلَى	عَلَىٰ		P					STEM|POS:P|LEM:EalaY`
w-s005-a099-w003	5:99	5:99	3	5:99:3	ٱلرَّسُولِ	رَسُول	ر س ل	N					PREFIX|Al+ | STEM|POS:N|LEM:rasuwl|ROOT:rsl|M|GEN
w-s005-a099-w004	5:99	5:99	4	5:99:4	إِلَّا	إِلَّا		RES					STEM|POS:RES|LEM:<il~aA
w-s005-a099-w005	5:99	5:99	5	5:99:5	ٱلْبَلَٰغُ	بَلَٰغ	ب ل غ	N					PREFIX|Al+ | STEM|POS:N|LEM:bala`g|ROOT:blg|M|NOM
w-s005-a099-w006	5:99	5:99	6	5:99:6	وَٱللَّهُ	ٱللَّه	ء ل ه	PN					PREFIX|w:REM+ | STEM|POS:PN|LEM:{ll~ah|ROOT:Alh|NOM
w-s005-a099-w007	5:99	5:99	7	5:99:7	يَعْلَمُ	عَلِمَ	ع ل م	V	IMPF				STEM|POS:V|IMPF|LEM:Ealima|ROOT:Elm|3MS
w-s005-a099-w008	5:99	5:99	8	5:99:8	مَا	مَا		REL					STEM|POS:REL|LEM:maA
w-s005-a099-w009	5:99	5:99	9	5:99:9	تُبْدُونَ	يُبْدِىَ	ب د و	V	IMPF			IV	STEM|POS:V|IMPF|(IV)|LEM:yubodiYa|ROOT:bdw|2MP | SUFFIX|PRON:2MP
w-s005-a099-w010	5:99	5:99	10	5:99:10	وَمَا	مَا		REL					PREFIX|w:CONJ+ | STEM|POS:REL|LEM:maA
w-s005-a099-w011	5:99	5:99	11	5:99:11	تَكْتُمُونَ	كَتَمَ	ك ت م	V	IMPF				STEM|POS:V|IMPF|LEM:katama|ROOT:ktm|2MP | SUFFIX|PRON:2MP
w-s005-a100-w001	5:100	5:100	1	5:100:1	قُل	قَالَ	ق و ل	V	IMPV				STEM|POS:V|IMPV|LEM:qaAla|ROOT:qwl|2MS
w-s005-a100-w002	5:100	5:100	2	5:100:2	لَّا	لَا		NEG					STEM|POS:NEG|LEM:laA
w-s005-a100-w003	5:100	5:100	3	5:100:3	يَسْتَوِى	ٱسْتَوَىٰٓ	س و ي	V	IMPF			VIII	STEM|POS:V|IMPF|(VIII)|LEM:{sotawaY`^|ROOT:swy|3MS
w-s005-a100-w004	5:100	5:100	4	5:100:4	ٱلْخَبِيثُ	خَبِيث	خ ب ث	N					PREFIX|Al+ | STEM|POS:N|LEM:xabiyv|ROOT:xbv|MS|NOM
w-s005-a100-w005	5:100	5:100	5	5:100:5	وَٱلطَّيِّبُ	طَيِّب	ط ي ب	N					PREFIX|w:CONJ+ | PREFIX|Al+ | STEM|POS:N|LEM:Tay~ib|ROOT:Tyb|MS|NOM
w-s005-a100-w006	5:100	5:100	6	5:100:6	وَلَوْ	لَو		SUB					PREFIX|w:CIRC+ | STEM|POS:SUB|LEM:law
w-s005-a100-w007	5:100	5:100	7	5:100:7	أَعْجَبَكَ	أَعْجَبَ	ع ج ب	V	PERF			IV	STEM|POS:V|PERF|(IV)|LEM:>aEojaba|ROOT:Ejb|3MS | SUFFIX|PRON:2MS
w-s005-a100-w008	5:100	5:100	8	5:100:8	كَثْرَةُ	كَثْرَة	ك ث ر	N					STEM|POS:N|LEM:kavorap|ROOT:kvr|F|NOM
w-s005-a100-w009	5:100	5:100	9	5:100:9	ٱلْخَبِيثِ	خَبِيث	خ ب ث	N					PREFIX|Al+ | STEM|POS:N|LEM:xabiyv|ROOT:xbv|MS|GEN
w-s005-a100-w010	5:100	5:100	10	5:100:10	فَٱتَّقُوا۟	ٱتَّقَىٰ	و ق ي	V	IMPV			VIII	PREFIX|f:REM+ | STEM|POS:V|IMPV|(VIII)|LEM:{t~aqaY`|ROOT:wqy|2MP | SUFFIX|PRON:2MP
w-s005-a100-w011	5:100	5:100	11	5:100:11	ٱللَّهَ	ٱللَّه	ء ل ه	PN					STEM|POS:PN|LEM:{ll~ah|ROOT:Alh|ACC
w-s005-a100-w012	5:100	5:100	12	5:100:12	يَٰٓأُو۟لِى	أُولِى	ء و ل	N					PREFIX|ya+ | STEM|POS:N|LEM:>uwliY|ROOT:Awl|MP|ACC
w-s005-a100-w013	5:100	5:100	13	5:100:13	ٱلْأَلْبَٰبِ	أَلْبَٰب	ل ب ب	N					PREFIX|Al+ | STEM|POS:N|LEM:>aloba`b|ROOT:lbb|MP|GEN
w-s005-a100-w014	5:100	5:100	14	5:100:14	لَعَلَّكُمْ	لَعَلّ		ACC					STEM|POS:ACC|LEM:laEal~|SP:<in~ | SUFFIX|PRON:2MP
w-s005-a100-w015	5:100	5:100	15	5:100:15	تُفْلِحُونَ	أَفْلَحَ	ف ل ح	V	IMPF			IV	STEM|POS:V|IMPF|(IV)|LEM:>afolaHa|ROOT:flH|2MP | SUFFIX|PRON:2MP
w-s005-a101-w001	5:101	5:101	1	5:101:1	يَٰٓأَيُّهَا	أَيُّهَا		N					PREFIX|ya+ | STEM|POS:N|LEM:>ay~uhaA|NOM
w-s005-a101-w002	5:101	5:101	2	5:101:2	ٱلَّذِينَ	ٱلَّذِى		REL					STEM|POS:REL|LEM:{l~a*iY|MP
w-s005-a101-w003	5:101	5:101	3	5:101:3	ءَامَنُوا۟	ءَامَنَ	ء م ن	V	PERF			IV	STEM|POS:V|PERF|(IV)|LEM:'aAmana|ROOT:Amn|3MP | SUFFIX|PRON:3MP
w-s005-a101-w004	5:101	5:101	4	5:101:4	لَا	لَا		PRO					STEM|POS:PRO|LEM:laA
w-s005-a101-w005	5:101	5:101	5	5:101:5	تَسْـَٔلُوا۟	سَأَلَ	س ء ل	V	IMPF	JUS			STEM|POS:V|IMPF|LEM:sa>ala|ROOT:sAl|2MP|MOOD:JUS | SUFFIX|PRON:2MP
w-s005-a101-w006	5:101	5:101	6	5:101:6	عَنْ	عَن		P					STEM|POS:P|LEM:Ean
w-s005-a101-w007	5:101	5:101	7	5:101:7	أَشْيَآءَ	شَىْء	ش ي ء	N					STEM|POS:N|LEM:$aYo'|ROOT:$yA|MP|GEN
w-s005-a101-w008	5:101	5:101	8	5:101:8	إِن	إِن		COND					STEM|POS:COND|LEM:<in
w-s005-a101-w009	5:101	5:101	9	5:101:9	تُبْدَ	بَدَا	ب د و	V	IMPF	JUS	PASS		STEM|POS:V|IMPF|PASS|LEM:badaA|ROOT:bdw|3FS|MOOD:JUS
w-s005-a101-w010	5:101	5:101	10	5:101:10	لَكُمْ			PRON					PREFIX|l:P+ | STEM|POS:PRON|2MP
w-s005-a101-w011	5:101	5:101	11	5:101:11	تَسُؤْكُمْ	سَآءَ	س و ء	V	IMPF	JUS			STEM|POS:V|IMPF|LEM:saA^'a|ROOT:swA|3FS|MOOD:JUS | SUFFIX|PRON:2MP
w-s005-a101-w012	5:101	5:101	12	5:101:12	وَإِن	إِن		COND					PREFIX|w:CONJ+ | STEM|POS:COND|LEM:<in
w-s005-a101-w013	5:101	5:101	13	5:101:13	تَسْـَٔلُوا۟	سَأَلَ	س ء ل	V	IMPF	JUS			STEM|POS:V|IMPF|LEM:sa>ala|ROOT:sAl|2MP|MOOD:JUS | SUFFIX|PRON:2MP
w-s005-a101-w014	5:101	5:101	14	5:101:14	عَنْهَا	عَن		P					STEM|POS:P|LEM:Ean | SUFFIX|PRON:3FS
w-s005-a101-w015	5:101	5:101	15	5:101:15	حِينَ	حِين	ح ي ن	T					STEM|POS:T|LEM:Hiyn|ROOT:Hyn|M|ACC
w-s005-a101-w016	5:101	5:101	16	5:101:16	يُنَزَّلُ	نَزَّلَ	ن ز ل	V	IMPF		PASS	II	STEM|POS:V|IMPF|PASS|(II)|LEM:naz~ala|ROOT:nzl|3MS
w-s005-a101-w017	5:101	5:101	17	5:101:17	ٱلْقُرْءَانُ	قُرْءَان	ق ر ء	PN					PREFIX|Al+ | STEM|POS:PN|LEM:quro'aAn|ROOT:qrA|M|NOM
w-s005-a101-w018	5:101	5:101	18	5:101:18	تُبْدَ	بَدَا	ب د و	V	IMPF	JUS	PASS		STEM|POS:V|IMPF|PASS|LEM:badaA|ROOT:bdw|3FS|MOOD:JUS
w-s005-a101-w019	5:101	5:101	19	5:101:19	لَكُمْ			PRON					PREFIX|l:P+ | STEM|POS:PRON|2MP
w-s005-a101-w020	5:101	5:101	20	5:101:20	عَفَا	عَفَا	ع ف و	V	PERF				STEM|POS:V|PERF|LEM:EafaA|ROOT:Efw|3MS
w-s005-a101-w021	5:101	5:101	21	5:101:21	ٱللَّهُ	ٱللَّه	ء ل ه	PN					STEM|POS:PN|LEM:{ll~ah|ROOT:Alh|NOM
w-s005-a101-w022	5:101	5:101	22	5:101:22	عَنْهَا	عَن		P					STEM|POS:P|LEM:Ean | SUFFIX|PRON:3FS
w-s005-a101-w023	5:101	5:101	23	5:101:23	وَٱللَّهُ	ٱللَّه	ء ل ه	PN					PREFIX|w:REM+ | STEM|POS:PN|LEM:{ll~ah|ROOT:Alh|NOM
w-s005-a101-w024	5:101	5:101	24	5:101:24	غَفُورٌ	غَفُور	غ ف ر	N					STEM|POS:N|LEM:gafuwr|ROOT:gfr|MS|INDEF|NOM
w-s005-a101-w025	5:101	5:101	25	5:101:25	حَلِيمٌ	حَلِيم	ح ل م	ADJ					STEM|POS:ADJ|LEM:Haliym|ROOT:Hlm|MS|INDEF|NOM
w-s005-a102-w001	5:102	5:102	1	5:102:1	قَدْ	قَد		CERT					STEM|POS:CERT|LEM:qad
w-s005-a102-w002	5:102	5:102	2	5:102:2	سَأَلَهَا	سَأَلَ	س ء ل	V	PERF				STEM|POS:V|PERF|LEM:sa>ala|ROOT:sAl|3MS | SUFFIX|PRON:3FS
w-s005-a102-w003	5:102	5:102	3	5:102:3	قَوْمٌ	قَوْم	ق و م	N					STEM|POS:N|LEM:qawom|ROOT:qwm|M|INDEF|NOM
w-s005-a102-w004	5:102	5:102	4	5:102:4	مِّن	مِن		P					STEM|POS:P|LEM:min
w-s005-a102-w005	5:102	5:102	5	5:102:5	قَبْلِكُمْ	قَبْل	ق ب ل	N					STEM|POS:N|LEM:qabol|ROOT:qbl|GEN | SUFFIX|PRON:2MP
w-s005-a102-w006	5:102	5:102	6	5:102:6	ثُمَّ	ثُمّ		CONJ					STEM|POS:CONJ|LEM:vum~
w-s005-a102-w007	5:102	5:102	7	5:102:7	أَصْبَحُوا۟	أَصْبَحَ	ص ب ح	V	PERF			IV	STEM|POS:V|PERF|(IV)|LEM:>aSobaHa|ROOT:SbH|SP:kaAn|3MP | SUFFIX|PRON:3MP
w-s005-a102-w008	5:102	5:102	8	5:102:8	بِهَا			PRON					PREFIX|bi+ | STEM|POS:PRON|3FS
w-s005-a102-w009	5:102	5:102	9	5:102:9	كَٰفِرِينَ	كَٰفِرُون	ك ف ر	N			ACT		STEM|POS:N|ACT|PCPL|LEM:ka`firuwn|ROOT:kfr|MP|ACC
w-s005-a103-w001	5:103	5:103	1	5:103:1	مَا	مَا		NEG					STEM|POS:NEG|LEM:maA
w-s005-a103-w002	5:103	5:103	2	5:103:2	جَعَلَ	جَعَلَ	ج ع ل	V	PERF				STEM|POS:V|PERF|LEM:jaEala|ROOT:jEl|3MS
w-s005-a103-w003	5:103	5:103	3	5:103:3	ٱللَّهُ	ٱللَّه	ء ل ه	PN					STEM|POS:PN|LEM:{ll~ah|ROOT:Alh|NOM
w-s005-a103-w004	5:103	5:103	4	5:103:4	مِنۢ	مِن		P					STEM|POS:P|LEM:min
w-s005-a103-w005	5:103	5:103	5	5:103:5	بَحِيرَةٍ	بَحِيرَة	ب ح ر	N					STEM|POS:N|LEM:baHiyrap|ROOT:bHr|F|INDEF|GEN
w-s005-a103-w006	5:103	5:103	6	5:103:6	وَلَا	لَا		NEG					PREFIX|w:CONJ+ | STEM|POS:NEG|LEM:laA
w-s005-a103-w007	5:103	5:103	7	5:103:7	سَآئِبَةٍ	سَآئِبَة	س ي ب	N			ACT		STEM|POS:N|ACT|PCPL|LEM:saA^}ibap|ROOT:syb|F|INDEF|GEN
w-s005-a103-w008	5:103	5:103	8	5:103:8	وَلَا	لَا		NEG					PREFIX|w:CONJ+ | STEM|POS:NEG|LEM:laA
w-s005-a103-w009	5:103	5:103	9	5:103:9	وَصِيلَةٍ	وَصِيلَة	و ص ل	N					STEM|POS:N|LEM:waSiylap|ROOT:wSl|F|INDEF|GEN
w-s005-a103-w010	5:103	5:103	10	5:103:10	وَلَا	لَا		NEG					PREFIX|w:CONJ+ | STEM|POS:NEG|LEM:laA
w-s005-a103-w011	5:103	5:103	11	5:103:11	حَامٍ	حَام	ح م ي	N					STEM|POS:N|LEM:HaAm|ROOT:Hmy|INDEF|GEN
w-s005-a103-w012	5:103	5:103	12	5:103:12	وَلَٰكِنَّ	لَٰكِنّ		ACC					PREFIX|w:REM+ | STEM|POS:ACC|LEM:la`kin~|SP:<in~
w-s005-a103-w013	5:103	5:103	13	5:103:13	ٱلَّذِينَ	ٱلَّذِى		REL					STEM|POS:REL|LEM:{l~a*iY|MP
w-s005-a103-w014	5:103	5:103	14	5:103:14	كَفَرُوا۟	كَفَرَ	ك ف ر	V	PERF				STEM|POS:V|PERF|LEM:kafara|ROOT:kfr|3MP | SUFFIX|PRON:3MP
w-s005-a103-w015	5:103	5:103	15	5:103:15	يَفْتَرُونَ	ٱفْتَرَىٰ	ف ر ي	V	IMPF			VIII	STEM|POS:V|IMPF|(VIII)|LEM:{fotaraY`|ROOT:fry|3MP | SUFFIX|PRON:3MP
w-s005-a103-w016	5:103	5:103	16	5:103:16	عَلَى	عَلَىٰ		P					STEM|POS:P|LEM:EalaY`
w-s005-a103-w017	5:103	5:103	17	5:103:17	ٱللَّهِ	ٱللَّه	ء ل ه	PN					STEM|POS:PN|LEM:{ll~ah|ROOT:Alh|GEN
w-s005-a103-w018	5:103	5:103	18	5:103:18	ٱلْكَذِبَ	كَذِب	ك ذ ب	N					PREFIX|Al+ | STEM|POS:N|LEM:ka*ib|ROOT:k*b|M|ACC
w-s005-a103-w019	5:103	5:103	19	5:103:19	وَأَكْثَرُهُمْ	أَكْثَر	ك ث ر	N					PREFIX|w:CIRC+ | STEM|POS:N|LEM:>akovar|ROOT:kvr|MS|NOM | SUFFIX|PRON:3MP
w-s005-a103-w020	5:103	5:103	20	5:103:20	لَا	لَا		NEG					STEM|POS:NEG|LEM:laA
w-s005-a103-w021	5:103	5:103	21	5:103:21	يَعْقِلُونَ	عَقَلُ	ع ق ل	V	IMPF				STEM|POS:V|IMPF|LEM:Eaqalu|ROOT:Eql|3MP | SUFFIX|PRON:3MP
w-s005-a104-w001	5:104	5:104	1	5:104:1	وَإِذَا	إِذَا		T					PREFIX|w:REM+ | STEM|POS:T|LEM:<i*aA
w-s005-a104-w002	5:104	5:104	2	5:104:2	قِيلَ	قَالَ	ق و ل	V	PERF		PASS		STEM|POS:V|PERF|PASS|LEM:qaAla|ROOT:qwl|3MS
w-s005-a104-w003	5:104	5:104	3	5:104:3	لَهُمْ			PRON					PREFIX|l:P+ | STEM|POS:PRON|3MP
w-s005-a104-w004	5:104	5:104	4	5:104:4	تَعَالَوْا۟	تَعَالَ	ع ل و	V	IMPV			IV	STEM|POS:V|IMPV|(IV)|LEM:taEaAla|ROOT:Elw|2MP | SUFFIX|PRON:2MP
w-s005-a104-w005	5:104	5:104	5	5:104:5	إِلَىٰ	إِلَىٰ		P					STEM|POS:P|LEM:<ilaY`
w-s005-a104-w006	5:104	5:104	6	5:104:6	مَآ	مَا		REL					STEM|POS:REL|LEM:maA
w-s005-a104-w007	5:104	5:104	7	5:104:7	أَنزَلَ	أَنزَلَ	ن ز ل	V	PERF			IV	STEM|POS:V|PERF|(IV)|LEM:>anzala|ROOT:nzl|3MS
w-s005-a104-w008	5:104	5:104	8	5:104:8	ٱللَّهُ	ٱللَّه	ء ل ه	PN					STEM|POS:PN|LEM:{ll~ah|ROOT:Alh|NOM
w-s005-a104-w009	5:104	5:104	9	5:104:9	وَإِلَى	إِلَىٰ		P					PREFIX|w:CONJ+ | STEM|POS:P|LEM:<ilaY`
w-s005-a104-w010	5:104	5:104	10	5:104:10	ٱلرَّسُولِ	رَسُول	ر س ل	N					PREFIX|Al+ | STEM|POS:N|LEM:rasuwl|ROOT:rsl|M|GEN
w-s005-a104-w011	5:104	5:104	11	5:104:11	قَالُوا۟	قَالَ	ق و ل	V	PERF				STEM|POS:V|PERF|LEM:qaAla|ROOT:qwl|3MP | SUFFIX|PRON:3MP
w-s005-a104-w012	5:104	5:104	12	5:104:12	حَسْبُنَا	حَسْب	ح س ب	N					STEM|POS:N|LEM:Hasob|ROOT:Hsb|M|NOM | SUFFIX|PRON:1P
w-s005-a104-w013	5:104	5:104	13	5:104:13	مَا	مَا		REL					STEM|POS:REL|LEM:maA
w-s005-a104-w014	5:104	5:104	14	5:104:14	وَجَدْنَا	وَجَدَ	و ج د	V	PERF				STEM|POS:V|PERF|LEM:wajada|ROOT:wjd|1P | SUFFIX|PRON:1P
w-s005-a104-w015	5:104	5:104	15	5:104:15	عَلَيْهِ	عَلَىٰ		P					STEM|POS:P|LEM:EalaY` | SUFFIX|PRON:3MS
w-s005-a104-w016	5:104	5:104	16	5:104:16	ءَابَآءَنَآ	آبَاء	ء ب و	N					STEM|POS:N|LEM:A^baA'|ROOT:Abw|MP|ACC | SUFFIX|PRON:1P
w-s005-a104-w017	5:104	5:104	17	5:104:17	أَوَلَوْ	لَو		COND					PREFIX|A:INTG+ | PREFIX|w:SUP+ | STEM|POS:COND|LEM:law
w-s005-a104-w018	5:104	5:104	18	5:104:18	كَانَ	كَانَ	ك و ن	V	PERF				STEM|POS:V|PERF|LEM:kaAna|ROOT:kwn|SP:kaAn|3MS
w-s005-a104-w019	5:104	5:104	19	5:104:19	ءَابَآؤُهُمْ	آبَاء	ء ب و	N					STEM|POS:N|LEM:A^baA'|ROOT:Abw|MP|NOM | SUFFIX|PRON:3MP
w-s005-a104-w020	5:104	5:104	20	5:104:20	لَا	لَا		NEG					STEM|POS:NEG|LEM:laA
w-s005-a104-w021	5:104	5:104	21	5:104:21	يَعْلَمُونَ	عَلِمَ	ع ل م	V	IMPF				STEM|POS:V|IMPF|LEM:Ealima|ROOT:Elm|3MP | SUFFIX|PRON:3MP
w-s005-a104-w022	5:104	5:104	22	5:104:22	شَيْـًٔا	شَىْء	ش ي ء	N					STEM|POS:N|LEM:$aYo'|ROOT:$yA|M|INDEF|ACC
w-s005-a104-w023	5:104	5:104	23	5:104:23	وَلَا	لَا		NEG					PREFIX|w:CONJ+ | STEM|POS:NEG|LEM:laA
w-s005-a104-w024	5:104	5:104	24	5:104:24	يَهْتَدُونَ	ٱهْتَدَىٰ	ه د ي	V	IMPF			VIII	STEM|POS:V|IMPF|(VIII)|LEM:{hotadaY`|ROOT:hdy|3MP | SUFFIX|PRON:3MP
w-s005-a105-w001	5:105	5:105	1	5:105:1	يَٰٓأَيُّهَا	أَيُّهَا		N					PREFIX|ya+ | STEM|POS:N|LEM:>ay~uhaA|NOM
w-s005-a105-w002	5:105	5:105	2	5:105:2	ٱلَّذِينَ	ٱلَّذِى		REL					STEM|POS:REL|LEM:{l~a*iY|MP
w-s005-a105-w003	5:105	5:105	3	5:105:3	ءَامَنُوا۟	ءَامَنَ	ء م ن	V	PERF			IV	STEM|POS:V|PERF|(IV)|LEM:'aAmana|ROOT:Amn|3MP | SUFFIX|PRON:3MP
w-s005-a105-w004	5:105	5:105	4	5:105:4	عَلَيْكُمْ	عَلَىٰ		P					STEM|POS:P|LEM:EalaY` | SUFFIX|PRON:2MP
w-s005-a105-w005	5:105	5:105	5	5:105:5	أَنفُسَكُمْ	نَفْس	ن ف س	N					STEM|POS:N|LEM:nafos|ROOT:nfs|FP|ACC | SUFFIX|PRON:2MP
w-s005-a105-w006	5:105	5:105	6	5:105:6	لَا	لَا		NEG					STEM|POS:NEG|LEM:laA
w-s005-a105-w007	5:105	5:105	7	5:105:7	يَضُرُّكُم	يَضُرَّ	ض ر ر	V	IMPF				STEM|POS:V|IMPF|LEM:yaDur~a|ROOT:Drr|3MS | SUFFIX|PRON:2MP
w-s005-a105-w008	5:105	5:105	8	5:105:8	مَّن	مَن		REL					STEM|POS:REL|LEM:man
w-s005-a105-w009	5:105	5:105	9	5:105:9	ضَلَّ	ضَلَّ	ض ل ل	V	PERF				STEM|POS:V|PERF|LEM:Dal~a|ROOT:Dll|3MS
w-s005-a105-w010	5:105	5:105	10	5:105:10	إِذَا	إِذَا		T					STEM|POS:T|LEM:<i*aA
w-s005-a105-w011	5:105	5:105	11	5:105:11	ٱهْتَدَيْتُمْ	ٱهْتَدَىٰ	ه د ي	V	PERF			VIII	STEM|POS:V|PERF|(VIII)|LEM:{hotadaY`|ROOT:hdy|2MP | SUFFIX|PRON:2MP
w-s005-a105-w012	5:105	5:105	12	5:105:12	إِلَى	إِلَىٰ		P					STEM|POS:P|LEM:<ilaY`
w-s005-a105-w013	5:105	5:105	13	5:105:13	ٱللَّهِ	ٱللَّه	ء ل ه	PN					STEM|POS:PN|LEM:{ll~ah|ROOT:Alh|GEN
w-s005-a105-w014	5:105	5:105	14	5:105:14	مَرْجِعُكُمْ	مَرْجِع	ر ج ع	N					STEM|POS:N|LEM:marojiE|ROOT:rjE|M|NOM | SUFFIX|PRON:2MP
w-s005-a105-w015	5:105	5:105	15	5:105:15	جَمِيعًا	جَمِيع	ج م ع	N					STEM|POS:N|LEM:jamiyE|ROOT:jmE|M|INDEF|ACC
w-s005-a105-w016	5:105	5:105	16	5:105:16	فَيُنَبِّئُكُم	نَبَّأَ	ن ب ء	V	IMPF			II	PREFIX|f:REM+ | STEM|POS:V|IMPF|(II)|LEM:nab~a>a|ROOT:nbA|3MS | SUFFIX|PRON:2MP
w-s005-a105-w017	5:105	5:105	17	5:105:17	بِمَا	مَا		REL					PREFIX|bi+ | STEM|POS:REL|LEM:maA
w-s005-a105-w018	5:105	5:105	18	5:105:18	كُنتُمْ	كَانَ	ك و ن	V	PERF				STEM|POS:V|PERF|LEM:kaAna|ROOT:kwn|SP:kaAn|2MP | SUFFIX|PRON:2MP
w-s005-a105-w019	5:105	5:105	19	5:105:19	تَعْمَلُونَ	عَمِلَ	ع م ل	V	IMPF				STEM|POS:V|IMPF|LEM:Eamila|ROOT:Eml|2MP | SUFFIX|PRON:2MP
w-s005-a106-w001	5:106	5:106	1	5:106:1	يَٰٓأَيُّهَا	أَيُّهَا		N					PREFIX|ya+ | STEM|POS:N|LEM:>ay~uhaA|NOM
w-s005-a106-w002	5:106	5:106	2	5:106:2	ٱلَّذِينَ	ٱلَّذِى		REL					STEM|POS:REL|LEM:{l~a*iY|MP
w-s005-a106-w003	5:106	5:106	3	5:106:3	ءَامَنُوا۟	ءَامَنَ	ء م ن	V	PERF			IV	STEM|POS:V|PERF|(IV)|LEM:'aAmana|ROOT:Amn|3MP | SUFFIX|PRON:3MP
w-s005-a106-w004	5:106	5:106	4	5:106:4	شَهَٰدَةُ	شَهَٰدَة	ش ه د	N					STEM|POS:N|LEM:$aha`dap|ROOT:$hd|F|NOM
w-s005-a106-w005	5:106	5:106	5	5:106:5	بَيْنِكُمْ	بَيْن	ب ي ن	N					STEM|POS:N|LEM:bayon|ROOT:byn|GEN | SUFFIX|PRON:2MP
w-s005-a106-w006	5:106	5:106	6	5:106:6	إِذَا	إِذَا		T					STEM|POS:T|LEM:<i*aA
w-s005-a106-w007	5:106	5:106	7	5:106:7	حَضَرَ	حَضَرَ	ح ض ر	V	PERF				STEM|POS:V|PERF|LEM:HaDara|ROOT:HDr|3MS
w-s005-a106-w008	5:106	5:106	8	5:106:8	أَحَدَكُمُ	أَحَد	ء ح د	N					STEM|POS:N|LEM:>aHad|ROOT:AHd|M|ACC | SUFFIX|PRON:2MP
w-s005-a106-w009	5:106	5:106	9	5:106:9	ٱلْمَوْتُ	مَوْت	م و ت	N					PREFIX|Al+ | STEM|POS:N|LEM:mawot|ROOT:mwt|M|NOM
w-s005-a106-w010	5:106	5:106	10	5:106:10	حِينَ	حِين	ح ي ن	T					STEM|POS:T|LEM:Hiyn|ROOT:Hyn|M|ACC
w-s005-a106-w011	5:106	5:106	11	5:106:11	ٱلْوَصِيَّةِ	وَصِيَّة	و ص ي	N					PREFIX|Al+ | STEM|POS:N|LEM:waSiy~ap|ROOT:wSy|F|GEN
w-s005-a106-w012	5:106	5:106	12	5:106:12	ٱثْنَانِ	ٱثْنَيْن	ث ن ي	N					STEM|POS:N|LEM:{vonayon|ROOT:vny|MD|NOM
w-s005-a106-w013	5:106	5:106	13	5:106:13	ذَوَا	ذَا		N					STEM|POS:N|LEM:*aA|MD|NOM
w-s005-a106-w014	5:106	5:106	14	5:106:14	عَدْلٍ	عَدْل	ع د ل	N					STEM|POS:N|LEM:Eadol|ROOT:Edl|M|INDEF|GEN
w-s005-a106-w015	5:106	5:106	15	5:106:15	مِّنكُمْ	مِن		P					STEM|POS:P|LEM:min | SUFFIX|PRON:2MP
w-s005-a106-w016	5:106	5:106	16	5:106:16	أَوْ	أَو		CONJ					STEM|POS:CONJ|LEM:>aw
w-s005-a106-w017	5:106	5:106	17	5:106:17	ءَاخَرَانِ	آخَر	ء خ ر	N					STEM|POS:N|LEM:A^xar|ROOT:Axr|MD|NOM
w-s005-a106-w018	5:106	5:106	18	5:106:18	مِنْ	مِن		P					STEM|POS:P|LEM:min
w-s005-a106-w019	5:106	5:106	19	5:106:19	غَيْرِكُمْ	غَيْر	غ ي ر	N					STEM|POS:N|LEM:gayor|ROOT:gyr|M|GEN | SUFFIX|PRON:2MP
w-s005-a106-w020	5:106	5:106	20	5:106:20	إِنْ	إِن		COND					STEM|POS:COND|LEM:<in
w-s005-a106-w021	5:106	5:106	21	5:106:21	أَنتُمْ			PRON					STEM|POS:PRON|2MP
w-s005-a106-w022	5:106	5:106	22	5:106:22	ضَرَبْتُمْ	ضَرَبَ	ض ر ب	V	PERF				STEM|POS:V|PERF|LEM:Daraba|ROOT:Drb|2MP | SUFFIX|PRON:2MP
w-s005-a106-w023	5:106	5:106	23	5:106:23	فِى	فِى		P					STEM|POS:P|LEM:fiY
w-s005-a106-w024	5:106	5:106	24	5:106:24	ٱلْأَرْضِ	أَرْض	ء ر ض	N					PREFIX|Al+ | STEM|POS:N|LEM:>aroD|ROOT:ArD|F|GEN
w-s005-a106-w025	5:106	5:106	25	5:106:25	فَأَصَٰبَتْكُم	أَصَابَ	ص و ب	V	PERF			IV	PREFIX|f:CONJ+ | STEM|POS:V|PERF|(IV)|LEM:>aSaAba|ROOT:Swb|3FS | SUFFIX|PRON:2MP
w-s005-a106-w026	5:106	5:106	26	5:106:26	مُّصِيبَةُ	مُّصِيبَة	ص و ب	N			ACT	IV	STEM|POS:N|ACT|PCPL|(IV)|LEM:m~uSiybap|ROOT:Swb|F|NOM
w-s005-a106-w027	5:106	5:106	27	5:106:27	ٱلْمَوْتِ	مَوْت	م و ت	N					PREFIX|Al+ | STEM|POS:N|LEM:mawot|ROOT:mwt|M|GEN
w-s005-a106-w028	5:106	5:106	28	5:106:28	تَحْبِسُونَهُمَا	يَحْبِسُ	ح ب س	V	IMPF				STEM|POS:V|IMPF|LEM:yaHobisu|ROOT:Hbs|2MP | SUFFIX|PRON:2MP | SUFFIX|PRON:3D
w-s005-a106-w029	5:106	5:106	29	5:106:29	مِنۢ	مِن		P					STEM|POS:P|LEM:min
w-s005-a106-w030	5:106	5:106	30	5:106:30	بَعْدِ	بَعْد	ب ع د	N					STEM|POS:N|LEM:baEod|ROOT:bEd|GEN
w-s005-a106-w031	5:106	5:106	31	5:106:31	ٱلصَّلَوٰةِ	صَلَوٰة	ص ل و	N					PREFIX|Al+ | STEM|POS:N|LEM:Salaw`p|ROOT:Slw|F|GEN
w-s005-a106-w032	5:106	5:106	32	5:106:32	فَيُقْسِمَانِ	أَقْسَمُ	ق س م	V	IMPF			IV	PREFIX|f:REM+ | STEM|POS:V|IMPF|(IV)|LEM:>aqosamu|ROOT:qsm|3MD | SUFFIX|PRON:3MD
w-s005-a106-w033	5:106	5:106	33	5:106:33	بِٱللَّهِ	ٱللَّه	ء ل ه	PN					PREFIX|bi+ | STEM|POS:PN|LEM:{ll~ah|ROOT:Alh|GEN
w-s005-a106-w034	5:106	5:106	34	5:106:34	إِنِ	إِن		COND					STEM|POS:COND|LEM:<in
w-s005-a106-w035	5:106	5:106	35	5:106:35	ٱرْتَبْتُمْ	ٱرْتَابَ	ر ي ب	V	PERF			VIII	STEM|POS:V|PERF|(VIII)|LEM:{rotaAba|ROOT:ryb|2MP | SUFFIX|PRON:2MP
w-s005-a106-w036	5:106	5:106	36	5:106:36	لَا	لَا		NEG					STEM|POS:NEG|LEM:laA
w-s005-a106-w037	5:106	5:106	37	5:106:37	نَشْتَرِى	ٱشْتَرَىٰ	ش ر ي	V	IMPF			VIII	STEM|POS:V|IMPF|(VIII)|LEM:{$otaraY`|ROOT:$ry|1P
w-s005-a106-w038	5:106	5:106	38	5:106:38	بِهِۦ			PRON					PREFIX|bi+ | STEM|POS:PRON|3MS
w-s005-a106-w039	5:106	5:106	39	5:106:39	ثَمَنًا	ثَمَن	ث م ن	N					STEM|POS:N|LEM:vaman|ROOT:vmn|M|INDEF|ACC
w-s005-a106-w040	5:106	5:106	40	5:106:40	وَلَوْ	لَو		COND					PREFIX|w:REM+ | STEM|POS:COND|LEM:law
w-s005-a106-w041	5:106	5:106	41	5:106:41	كَانَ	كَانَ	ك و ن	V	PERF				STEM|POS:V|PERF|LEM:kaAna|ROOT:kwn|SP:kaAn|3MS
w-s005-a106-w042	5:106	5:106	42	5:106:42	ذَا	ذَا		N					STEM|POS:N|LEM:*aA|MS|ACC
w-s005-a106-w043	5:106	5:106	43	5:106:43	قُرْبَىٰ	قُرْبَىٰ	ق ر ب	N					STEM|POS:N|LEM:qurobaY`|ROOT:qrb|F|GEN
w-s005-a106-w044	5:106	5:106	44	5:106:44	وَلَا	لَا		NEG					PREFIX|w:CONJ+ | STEM|POS:NEG|LEM:laA
w-s005-a106-w045	5:106	5:106	45	5:106:45	نَكْتُمُ	كَتَمَ	ك ت م	V	IMPF	JUS			STEM|POS:V|IMPF|LEM:katama|ROOT:ktm|1P|MOOD:JUS
w-s005-a106-w046	5:106	5:106	46	5:106:46	شَهَٰدَةَ	شَهَٰدَة	ش ه د	N					STEM|POS:N|LEM:$aha`dap|ROOT:$hd|F|ACC
w-s005-a106-w047	5:106	5:106	47	5:106:47	ٱللَّهِ	ٱللَّه	ء ل ه	PN					STEM|POS:PN|LEM:{ll~ah|ROOT:Alh|GEN
w-s005-a106-w048	5:106	5:106	48	5:106:48	إِنَّآ	إِنّ		ACC					STEM|POS:ACC|LEM:<in~|SP:<in~ | SUFFIX|PRON:1P
w-s005-a106-w049	5:106	5:106	49	5:106:49	إِذًا	إِذًا		ANS					STEM|POS:ANS|LEM:<i*FA
w-s005-a106-w050	5:106	5:106	50	5:106:50	لَّمِنَ	مِن		P					PREFIX|l:EMPH+ | STEM|POS:P|LEM:min
w-s005-a106-w051	5:106	5:106	51	5:106:51	ٱلْءَاثِمِينَ	آثِم	ء ث م	N			ACT		PREFIX|Al+ | STEM|POS:N|ACT|PCPL|LEM:A^vim|ROOT:Avm|MP|GEN
w-s005-a107-w001	5:107	5:107	1	5:107:1	فَإِنْ	إِن		COND					PREFIX|f:CONJ+ | STEM|POS:COND|LEM:<in
w-s005-a107-w002	5:107	5:107	2	5:107:2	عُثِرَ	عُثِرَ	ع ث ر	V	PERF		PASS		STEM|POS:V|PERF|PASS|LEM:Euvira|ROOT:Evr|3MS
w-s005-a107-w003	5:107	5:107	3	5:107:3	عَلَىٰٓ	عَلَىٰ		P					STEM|POS:P|LEM:EalaY`
w-s005-a107-w004	5:107	5:107	4	5:107:4	أَنَّهُمَا	أَنّ		ACC					STEM|POS:ACC|LEM:>an~|SP:<in~ | SUFFIX|PRON:3D
w-s005-a107-w005	5:107	5:107	5	5:107:5	ٱسْتَحَقَّآ	ٱسْتَحَقَّ	ح ق ق	V	PERF			X	STEM|POS:V|PERF|(X)|LEM:{sotaHaq~a|ROOT:Hqq|3MD | SUFFIX|PRON:3MD
w-s005-a107-w006	5:107	5:107	6	5:107:6	إِثْمًا	إِثْم	ء ث م	N					STEM|POS:N|LEM:<ivom|ROOT:Avm|M|INDEF|ACC
w-s005-a107-w007	5:107	5:107	7	5:107:7	فَـَٔاخَرَانِ	آخَر	ء خ ر	N					PREFIX|f:RSLT+ | STEM|POS:N|LEM:A^xar|ROOT:Axr|MD|NOM
w-s005-a107-w008	5:107	5:107	8	5:107:8	يَقُومَانِ	قَامَ	ق و م	V	IMPF				STEM|POS:V|IMPF|LEM:qaAma|ROOT:qwm|3MD | SUFFIX|PRON:3MD
w-s005-a107-w009	5:107	5:107	9	5:107:9	مَقَامَهُمَا	مَقَام	ق و م	N					STEM|POS:N|LEM:maqaAm|ROOT:qwm|M|ACC | SUFFIX|PRON:3MD
w-s005-a107-w010	5:107	5:107	10	5:107:10	مِنَ	مِن		P					STEM|POS:P|LEM:min
w-s005-a107-w011	5:107	5:107	11	5:107:11	ٱلَّذِينَ	ٱلَّذِى		REL					STEM|POS:REL|LEM:{l~a*iY|MP
w-s005-a107-w012	5:107	5:107	12	5:107:12	ٱسْتَحَقَّ	ٱسْتَحَقَّ	ح ق ق	V	PERF			X	STEM|POS:V|PERF|(X)|LEM:{sotaHaq~a|ROOT:Hqq|3MS
w-s005-a107-w013	5:107	5:107	13	5:107:13	عَلَيْهِمُ	عَلَىٰ		P					STEM|POS:P|LEM:EalaY` | SUFFIX|PRON:3MP
w-s005-a107-w014	5:107	5:107	14	5:107:14	ٱلْأَوْلَيَٰنِ	أَوْلَيَٰن	و ل ي	N					PREFIX|Al+ | STEM|POS:N|LEM:>awolaya`n|ROOT:wly|MD|NOM
w-s005-a107-w015	5:107	5:107	15	5:107:15	فَيُقْسِمَانِ	أَقْسَمُ	ق س م	V	IMPF			IV	PREFIX|f:CONJ+ | STEM|POS:V|IMPF|(IV)|LEM:>aqosamu|ROOT:qsm|3MD | SUFFIX|PRON:3MD
w-s005-a107-w016	5:107	5:107	16	5:107:16	بِٱللَّهِ	ٱللَّه	ء ل ه	PN					PREFIX|bi+ | STEM|POS:PN|LEM:{ll~ah|ROOT:Alh|GEN
w-s005-a107-w017	5:107	5:107	17	5:107:17	لَشَهَٰدَتُنَآ	شَهَٰدَة	ش ه د	N					PREFIX|l:EMPH+ | STEM|POS:N|LEM:$aha`dap|ROOT:$hd|F|NOM | SUFFIX|PRON:1P
w-s005-a107-w018	5:107	5:107	18	5:107:18	أَحَقُّ	أَحَقّ	ح ق ق	N					STEM|POS:N|LEM:>aHaq~|ROOT:Hqq|MS|NOM
w-s005-a107-w019	5:107	5:107	19	5:107:19	مِن	مِن		P					STEM|POS:P|LEM:min
w-s005-a107-w020	5:107	5:107	20	5:107:20	شَهَٰدَتِهِمَا	شَهَٰدَة	ش ه د	N					STEM|POS:N|LEM:$aha`dap|ROOT:$hd|F|GEN | SUFFIX|PRON:3MD
w-s005-a107-w021	5:107	5:107	21	5:107:21	وَمَا	مَا		NEG					PREFIX|w:REM+ | STEM|POS:NEG|LEM:maA
w-s005-a107-w022	5:107	5:107	22	5:107:22	ٱعْتَدَيْنَآ	ٱعْتَدَىٰ	ع د و	V	PERF			VIII	STEM|POS:V|PERF|(VIII)|LEM:{EotadaY`|ROOT:Edw|1P | SUFFIX|PRON:1P
w-s005-a107-w023	5:107	5:107	23	5:107:23	إِنَّآ	إِنّ		ACC					STEM|POS:ACC|LEM:<in~|SP:<in~ | SUFFIX|PRON:1P
w-s005-a107-w024	5:107	5:107	24	5:107:24	إِذًا	إِذًا		ANS					STEM|POS:ANS|LEM:<i*FA
w-s005-a107-w025	5:107	5:107	25	5:107:25	لَّمِنَ	مِن		P					PREFIX|l:EMPH+ | STEM|POS:P|LEM:min
w-s005-a107-w026	5:107	5:107	26	5:107:26	ٱلظَّٰلِمِينَ	ظَالِم	ظ ل م	N			ACT		PREFIX|Al+ | STEM|POS:N|ACT|PCPL|LEM:ZaAlim|ROOT:Zlm|MP|GEN
w-s005-a108-w001	5:108	5:108	1	5:108:1	ذَٰلِكَ	ذَٰلِك		DEM					STEM|POS:DEM|LEM:*a`lik|MS
w-s005-a108-w002	5:108	5:108	2	5:108:2	أَدْنَىٰٓ	أَدْنَىٰ	د ن و	N					STEM|POS:N|LEM:>adonaY`|ROOT:dnw|MS|NOM
w-s005-a108-w003	5:108	5:108	3	5:108:3	أَن	أَن		SUB					STEM|POS:SUB|LEM:>an
w-s005-a108-w004	5:108	5:108	4	5:108:4	يَأْتُوا۟	أَتَى	ء ت ي	V	IMPF	SUBJ			STEM|POS:V|IMPF|LEM:>ataY|ROOT:Aty|3MP|MOOD:SUBJ | SUFFIX|PRON:3MP
w-s005-a108-w005	5:108	5:108	5	5:108:5	بِٱلشَّهَٰدَةِ	شَهَٰدَة	ش ه د	N					PREFIX|bi+ | PREFIX|Al+ | STEM|POS:N|LEM:$aha`dap|ROOT:$hd|F|GEN
w-s005-a108-w006	5:108	5:108	6	5:108:6	عَلَىٰ	عَلَىٰ		P					STEM|POS:P|LEM:EalaY`
w-s005-a108-w007	5:108	5:108	7	5:108:7	وَجْهِهَآ	وَجْه	و ج ه	N					STEM|POS:N|LEM:wajoh|ROOT:wjh|M|GEN | SUFFIX|PRON:3FS
w-s005-a108-w008	5:108	5:108	8	5:108:8	أَوْ	أَو		CONJ					STEM|POS:CONJ|LEM:>aw
w-s005-a108-w009	5:108	5:108	9	5:108:9	يَخَافُوٓا۟	خَافَ	خ و ف	V	IMPF	SUBJ			STEM|POS:V|IMPF|LEM:xaAfa|ROOT:xwf|3MP|MOOD:SUBJ | SUFFIX|PRON:3MP
w-s005-a108-w010	5:108	5:108	10	5:108:10	أَن	أَن		SUB					STEM|POS:SUB|LEM:>an
w-s005-a108-w011	5:108	5:108	11	5:108:11	تُرَدَّ	رَدَّ	ر د د	V	IMPF	SUBJ	PASS		STEM|POS:V|IMPF|PASS|LEM:rad~a|ROOT:rdd|3FS|MOOD:SUBJ
w-s005-a108-w012	5:108	5:108	12	5:108:12	أَيْمَٰنٌۢ	يَمِين	ي م ن	N					STEM|POS:N|LEM:yamiyn|ROOT:ymn|MP|INDEF|NOM
w-s005-a108-w013	5:108	5:108	13	5:108:13	بَعْدَ	بَعْد	ب ع د	T					STEM|POS:T|LEM:baEod|ROOT:bEd|ACC
w-s005-a108-w014	5:108	5:108	14	5:108:14	أَيْمَٰنِهِمْ	يَمِين	ي م ن	N					STEM|POS:N|LEM:yamiyn|ROOT:ymn|MP|GEN | SUFFIX|PRON:3MP
w-s005-a108-w015	5:108	5:108	15	5:108:15	وَٱتَّقُوا۟	ٱتَّقَىٰ	و ق ي	V	IMPV			VIII	PREFIX|w:REM+ | STEM|POS:V|IMPV|(VIII)|LEM:{t~aqaY`|ROOT:wqy|2MP | SUFFIX|PRON:2MP
w-s005-a108-w016	5:108	5:108	16	5:108:16	ٱللَّهَ	ٱللَّه	ء ل ه	PN					STEM|POS:PN|LEM:{ll~ah|ROOT:Alh|ACC
w-s005-a108-w017	5:108	5:108	17	5:108:17	وَٱسْمَعُوا۟	سَمِعَ	س م ع	V	IMPV				PREFIX|w:CONJ+ | STEM|POS:V|IMPV|LEM:samiEa|ROOT:smE|2MP | SUFFIX|PRON:2MP
w-s005-a108-w018	5:108	5:108	18	5:108:18	وَٱللَّهُ	ٱللَّه	ء ل ه	PN					PREFIX|w:REM+ | STEM|POS:PN|LEM:{ll~ah|ROOT:Alh|NOM
w-s005-a108-w019	5:108	5:108	19	5:108:19	لَا	لَا		NEG					STEM|POS:NEG|LEM:laA
w-s005-a108-w020	5:108	5:108	20	5:108:20	يَهْدِى	هَدَى	ه د ي	V	IMPF				STEM|POS:V|IMPF|LEM:hadaY|ROOT:hdy|3MS
w-s005-a108-w021	5:108	5:108	21	5:108:21	ٱلْقَوْمَ	قَوْم	ق و م	N					PREFIX|Al+ | STEM|POS:N|LEM:qawom|ROOT:qwm|M|ACC
w-s005-a108-w022	5:108	5:108	22	5:108:22	ٱلْفَٰسِقِينَ	فَاسِق	ف س ق	ADJ			ACT		PREFIX|Al+ | STEM|POS:ADJ|ACT|PCPL|LEM:faAsiq|ROOT:fsq|MP|ACC
w-s005-a109-w001	5:109	5:109	1	5:109:1	يَوْمَ	يَوْم	ي و م	T					STEM|POS:T|LEM:yawom|ROOT:ywm|M|ACC
w-s005-a109-w002	5:109	5:109	2	5:109:2	يَجْمَعُ	جَمَعَ	ج م ع	V	IMPF				STEM|POS:V|IMPF|LEM:jamaEa|ROOT:jmE|3MS
w-s005-a109-w003	5:109	5:109	3	5:109:3	ٱللَّهُ	ٱللَّه	ء ل ه	PN					STEM|POS:PN|LEM:{ll~ah|ROOT:Alh|NOM
w-s005-a109-w004	5:109	5:109	4	5:109:4	ٱلرُّسُلَ	رَسُول	ر س ل	N					PREFIX|Al+ | STEM|POS:N|LEM:rasuwl|ROOT:rsl|MP|ACC
w-s005-a109-w005	5:109	5:109	5	5:109:5	فَيَقُولُ	قَالَ	ق و ل	V	IMPF				PREFIX|f:CONJ+ | STEM|POS:V|IMPF|LEM:qaAla|ROOT:qwl|3MS
w-s005-a109-w006	5:109	5:109	6	5:109:6	مَاذَآ	مَاذَا		INTG					STEM|POS:INTG|LEM:maA*aA
w-s005-a109-w007	5:109	5:109	7	5:109:7	أُجِبْتُمْ	أُجِيبَت	ج و ب	V	PERF		PASS	IV	STEM|POS:V|PERF|PASS|(IV)|LEM:>ujiybat|ROOT:jwb|2MP | SUFFIX|PRON:2MP
w-s005-a109-w008	5:109	5:109	8	5:109:8	قَالُوا۟	قَالَ	ق و ل	V	PERF				STEM|POS:V|PERF|LEM:qaAla|ROOT:qwl|3MP | SUFFIX|PRON:3MP
w-s005-a109-w009	5:109	5:109	9	5:109:9	لَا	لَا		NEG					STEM|POS:NEG|LEM:laA|SP:kaAn
w-s005-a109-w010	5:109	5:109	10	5:109:10	عِلْمَ	عِلْم	ع ل م	N					STEM|POS:N|LEM:Eilom|ROOT:Elm|M|ACC
w-s005-a109-w011	5:109	5:109	11	5:109:11	لَنَآ			PRON					PREFIX|l:P+ | STEM|POS:PRON|1P
w-s005-a109-w012	5:109	5:109	12	5:109:12	إِنَّكَ	إِنّ		ACC					STEM|POS:ACC|LEM:<in~|SP:<in~ | SUFFIX|PRON:2MS
w-s005-a109-w013	5:109	5:109	13	5:109:13	أَنتَ			PRON					STEM|POS:PRON|2MS
w-s005-a109-w014	5:109	5:109	14	5:109:14	عَلَّٰمُ	عَلَّٰم	ع ل م	N					STEM|POS:N|LEM:Eal~a`m|ROOT:Elm|MS|NOM
w-s005-a109-w015	5:109	5:109	15	5:109:15	ٱلْغُيُوبِ	غُيُوب	غ ي ب	N					PREFIX|Al+ | STEM|POS:N|LEM:guyuwb|ROOT:gyb|M|GEN
w-s005-a110-w001	5:110	5:110	1	5:110:1	إِذْ	إِذ		T					STEM|POS:T|LEM:<i*
w-s005-a110-w002	5:110	5:110	2	5:110:2	قَالَ	قَالَ	ق و ل	V	PERF				STEM|POS:V|PERF|LEM:qaAla|ROOT:qwl|3MS
w-s005-a110-w003	5:110	5:110	3	5:110:3	ٱللَّهُ	ٱللَّه	ء ل ه	PN					STEM|POS:PN|LEM:{ll~ah|ROOT:Alh|NOM
w-s005-a110-w004	5:110	5:110	4	5:110:4	يَٰعِيسَى	عِيسَى		PN					PREFIX|ya+ | STEM|POS:PN|LEM:EiysaY|ACC
w-s005-a110-w005	5:110	5:110	5	5:110:5	ٱبْنَ	ٱبْن	ب ن ي	N					STEM|POS:N|LEM:{bon|ROOT:bny|M|ACC
w-s005-a110-w006	5:110	5:110	6	5:110:6	مَرْيَمَ	مَرْيَم		PN					STEM|POS:PN|LEM:maroyam|F|GEN
w-s005-a110-w007	5:110	5:110	7	5:110:7	ٱذْكُرْ	ذَكَرَ	ذ ك ر	V	IMPV				STEM|POS:V|IMPV|LEM:*akara|ROOT:*kr|2MS
w-s005-a110-w008	5:110	5:110	8	5:110:8	نِعْمَتِى	نِعْمَة	ن ع م	N					STEM|POS:N|LEM:niEomap|ROOT:nEm|F|ACC | SUFFIX|PRON:1S
w-s005-a110-w009	5:110	5:110	9	5:110:9	عَلَيْكَ	عَلَىٰ		P					STEM|POS:P|LEM:EalaY` | SUFFIX|PRON:2MS
w-s005-a110-w010	5:110	5:110	10	5:110:10	وَعَلَىٰ	عَلَىٰ		P					PREFIX|w:CONJ+ | STEM|POS:P|LEM:EalaY`
w-s005-a110-w011	5:110	5:110	11	5:110:11	وَٰلِدَتِكَ	وَٰلِدَة	و ل د	N			ACT		STEM|POS:N|ACT|PCPL|LEM:wa`lidap|ROOT:wld|F|GEN | SUFFIX|PRON:2MS
w-s005-a110-w012	5:110	5:110	12	5:110:12	إِذْ	إِذ		T					STEM|POS:T|LEM:<i*
w-s005-a110-w013	5:110	5:110	13	5:110:13	أَيَّدتُّكَ	أَيَّدَ	ء ي د	V	PERF			II	STEM|POS:V|PERF|(II)|LEM:>ay~ada|ROOT:Ayd|1S | SUFFIX|PRON:1S | SUFFIX|PRON:2MS
w-s005-a110-w014	5:110	5:110	14	5:110:14	بِرُوحِ	رُوح	ر و ح	N					PREFIX|bi+ | STEM|POS:N|LEM:ruwH|ROOT:rwH|M|GEN
w-s005-a110-w015	5:110	5:110	15	5:110:15	ٱلْقُدُسِ	قُدُس	ق د س	N					PREFIX|Al+ | STEM|POS:N|LEM:qudus|ROOT:qds|M|GEN
w-s005-a110-w016	5:110	5:110	16	5:110:16	تُكَلِّمُ	كَلَّمَ	ك ل م	V	IMPF			II	STEM|POS:V|IMPF|(II)|LEM:kal~ama|ROOT:klm|2MS
w-s005-a110-w017	5:110	5:110	17	5:110:17	ٱلنَّاسَ	نَّاس	ن و س	N					PREFIX|Al+ | STEM|POS:N|LEM:n~aAs|ROOT:nws|MP|ACC
w-s005-a110-w018	5:110	5:110	18	5:110:18	فِى	فِى		P					STEM|POS:P|LEM:fiY
w-s005-a110-w019	5:110	5:110	19	5:110:19	ٱلْمَهْدِ	مَهْد	م ه د	N					PREFIX|Al+ | STEM|POS:N|LEM:mahod|ROOT:mhd|M|GEN
w-s005-a110-w020	5:110	5:110	20	5:110:20	وَكَهْلًا	كَهْل	ك ه ل	N					PREFIX|w:CONJ+ | STEM|POS:N|LEM:kahol|ROOT:khl|M|INDEF|ACC
w-s005-a110-w021	5:110	5:110	21	5:110:21	وَإِذْ	إِذ		T					PREFIX|w:CONJ+ | STEM|POS:T|LEM:<i*
w-s005-a110-w022	5:110	5:110	22	5:110:22	عَلَّمْتُكَ	عَلَّمَ	ع ل م	V	PERF			II	STEM|POS:V|PERF|(II)|LEM:Eal~ama|ROOT:Elm|1S | SUFFIX|PRON:1S | SUFFIX|PRON:2MS
w-s005-a110-w023	5:110	5:110	23	5:110:23	ٱلْكِتَٰبَ	كِتَٰب	ك ت ب	N					PREFIX|Al+ | STEM|POS:N|LEM:kita`b|ROOT:ktb|M|ACC
w-s005-a110-w024	5:110	5:110	24	5:110:24	وَٱلْحِكْمَةَ	حِكْمَة	ح ك م	N					PREFIX|w:CONJ+ | PREFIX|Al+ | STEM|POS:N|LEM:Hikomap|ROOT:Hkm|F|ACC
w-s005-a110-w025	5:110	5:110	25	5:110:25	وَٱلتَّوْرَىٰةَ	تَّوْرَىٰة		PN					PREFIX|w:CONJ+ | PREFIX|Al+ | STEM|POS:PN|LEM:t~aworaY`p|ACC
w-s005-a110-w026	5:110	5:110	26	5:110:26	وَٱلْإِنجِيلَ	إِنجِيل		PN					PREFIX|w:CONJ+ | PREFIX|Al+ | STEM|POS:PN|LEM:<injiyl|ACC
w-s005-a110-w027	5:110	5:110	27	5:110:27	وَإِذْ	إِذ		T					PREFIX|w:CONJ+ | STEM|POS:T|LEM:<i*
w-s005-a110-w028	5:110	5:110	28	5:110:28	تَخْلُقُ	خَلَقَ	خ ل ق	V	IMPF				STEM|POS:V|IMPF|LEM:xalaqa|ROOT:xlq|2MS
w-s005-a110-w029	5:110	5:110	29	5:110:29	مِنَ	مِن		P					STEM|POS:P|LEM:min
w-s005-a110-w030	5:110	5:110	30	5:110:30	ٱلطِّينِ	طِين	ط ي ن	N					PREFIX|Al+ | STEM|POS:N|LEM:Tiyn|ROOT:Tyn|M|GEN
w-s005-a110-w031	5:110	5:110	31	5:110:31	كَهَيْـَٔةِ	هَيْـَٔة	ه ي ء	N					PREFIX|ka+ | STEM|POS:N|LEM:hayo_#ap|ROOT:hyA|F|GEN
w-s005-a110-w032	5:110	5:110	32	5:110:32	ٱلطَّيْرِ	طَيْر	ط ي ر	N					PREFIX|Al+ | STEM|POS:N|LEM:Tayor|ROOT:Tyr|M|GEN
w-s005-a110-w033	5:110	5:110	33	5:110:33	بِإِذْنِى	إِذْن	ء ذ ن	N					PREFIX|bi+ | STEM|POS:N|LEM:<i*on|ROOT:A*n|M|GEN | SUFFIX|PRON:1S
w-s005-a110-w034	5:110	5:110	34	5:110:34	فَتَنفُخُ	نَفَخَ	ن ف خ	V	IMPF				PREFIX|f:CONJ+ | STEM|POS:V|IMPF|LEM:nafaxa|ROOT:nfx|2MS
w-s005-a110-w035	5:110	5:110	35	5:110:35	فِيهَا	فِى		P					STEM|POS:P|LEM:fiY | SUFFIX|PRON:3FS
w-s005-a110-w036	5:110	5:110	36	5:110:36	فَتَكُونُ	كَانَ	ك و ن	V	IMPF				PREFIX|f:CONJ+ | STEM|POS:V|IMPF|LEM:kaAna|ROOT:kwn|SP:kaAn|3FS
w-s005-a110-w037	5:110	5:110	37	5:110:37	طَيْرًۢا	طَيْر	ط ي ر	N					STEM|POS:N|LEM:Tayor|ROOT:Tyr|M|INDEF|ACC
w-s005-a110-w038	5:110	5:110	38	5:110:38	بِإِذْنِى	إِذْن	ء ذ ن	N					PREFIX|bi+ | STEM|POS:N|LEM:<i*on|ROOT:A*n|M|GEN | SUFFIX|PRON:1S
w-s005-a110-w039	5:110	5:110	39	5:110:39	وَتُبْرِئُ	تُبْرِئُ	ب ر ء	V	IMPF			IV	PREFIX|w:CONJ+ | STEM|POS:V|IMPF|(IV)|LEM:tubori}u|ROOT:brA|2MS
w-s005-a110-w040	5:110	5:110	40	5:110:40	ٱلْأَكْمَهَ	أَكْمَه	ك م ه	N					PREFIX|Al+ | STEM|POS:N|LEM:>akomah|ROOT:kmh|M|ACC
w-s005-a110-w041	5:110	5:110	41	5:110:41	وَٱلْأَبْرَصَ	أَبْرَص	ب ر ص	N					PREFIX|w:CONJ+ | PREFIX|Al+ | STEM|POS:N|LEM:>aboraS|ROOT:brS|M|ACC
w-s005-a110-w042	5:110	5:110	42	5:110:42	بِإِذْنِى	إِذْن	ء ذ ن	N					PREFIX|bi+ | STEM|POS:N|LEM:<i*on|ROOT:A*n|M|GEN | SUFFIX|PRON:1S
w-s005-a110-w043	5:110	5:110	43	5:110:43	وَإِذْ	إِذ		T					PREFIX|w:CONJ+ | STEM|POS:T|LEM:<i*
w-s005-a110-w044	5:110	5:110	44	5:110:44	تُخْرِجُ	أَخْرَجَ	خ ر ج	V	IMPF			IV	STEM|POS:V|IMPF|(IV)|LEM:>axoraja|ROOT:xrj|2MS
w-s005-a110-w045	5:110	5:110	45	5:110:45	ٱلْمَوْتَىٰ	مَّيِّت	م و ت	N					PREFIX|Al+ | STEM|POS:N|LEM:m~ay~it|ROOT:mwt|P|ACC
w-s005-a110-w046	5:110	5:110	46	5:110:46	بِإِذْنِى	إِذْن	ء ذ ن	N					PREFIX|bi+ | STEM|POS:N|LEM:<i*on|ROOT:A*n|M|GEN | SUFFIX|PRON:1S
w-s005-a110-w047	5:110	5:110	47	5:110:47	وَإِذْ	إِذ		T					PREFIX|w:CONJ+ | STEM|POS:T|LEM:<i*
w-s005-a110-w048	5:110	5:110	48	5:110:48	كَفَفْتُ	كَفَّ	ك ف ف	V	PERF				STEM|POS:V|PERF|LEM:kaf~a|ROOT:kff|1S | SUFFIX|PRON:1S
w-s005-a110-w049	5:110	5:110	49	5:110:49	بَنِىٓ	بُنَىّ	ب ن ي	N					STEM|POS:N|LEM:bunaY~|ROOT:bny|MP|ACC
w-s005-a110-w050	5:110	5:110	50	5:110:50	إِسْرَٰٓءِيلَ	إِسْرَائِيل		PN					STEM|POS:PN|LEM:<isoraA}iyl|GEN
w-s005-a110-w051	5:110	5:110	51	5:110:51	عَنكَ	عَن		P					STEM|POS:P|LEM:Ean | SUFFIX|PRON:2MS
w-s005-a110-w052	5:110	5:110	52	5:110:52	إِذْ	إِذ		T					STEM|POS:T|LEM:<i*
w-s005-a110-w053	5:110	5:110	53	5:110:53	جِئْتَهُم	جَآءَ	ج ي ء	V	PERF				STEM|POS:V|PERF|LEM:jaA^'a|ROOT:jyA|2MS | SUFFIX|PRON:2MS | SUFFIX|PRON:3MP
w-s005-a110-w054	5:110	5:110	54	5:110:54	بِٱلْبَيِّنَٰتِ	بَيِّنَة	ب ي ن	N					PREFIX|bi+ | PREFIX|Al+ | STEM|POS:N|LEM:bay~inap|ROOT:byn|FP|GEN
w-s005-a110-w055	5:110	5:110	55	5:110:55	فَقَالَ	قَالَ	ق و ل	V	PERF				PREFIX|f:REM+ | STEM|POS:V|PERF|LEM:qaAla|ROOT:qwl|3MS
w-s005-a110-w056	5:110	5:110	56	5:110:56	ٱلَّذِينَ	ٱلَّذِى		REL					STEM|POS:REL|LEM:{l~a*iY|MP
w-s005-a110-w057	5:110	5:110	57	5:110:57	كَفَرُوا۟	كَفَرَ	ك ف ر	V	PERF				STEM|POS:V|PERF|LEM:kafara|ROOT:kfr|3MP | SUFFIX|PRON:3MP
w-s005-a110-w058	5:110	5:110	58	5:110:58	مِنْهُمْ	مِن		P					STEM|POS:P|LEM:min | SUFFIX|PRON:3MP
w-s005-a110-w059	5:110	5:110	59	5:110:59	إِنْ	إِن		NEG					STEM|POS:NEG|LEM:<in
w-s005-a110-w060	5:110	5:110	60	5:110:60	هَٰذَآ	هَٰذَا		DEM					STEM|POS:DEM|LEM:ha`*aA|MS
w-s005-a110-w061	5:110	5:110	61	5:110:61	إِلَّا	إِلَّا		RES					STEM|POS:RES|LEM:<il~aA
w-s005-a110-w062	5:110	5:110	62	5:110:62	سِحْرٌ	سِحْر	س ح ر	N					STEM|POS:N|LEM:siHor|ROOT:sHr|M|INDEF|NOM
w-s005-a110-w063	5:110	5:110	63	5:110:63	مُّبِينٌ	مُّبِين	ب ي ن	ADJ			ACT	IV	STEM|POS:ADJ|ACT|PCPL|(IV)|LEM:m~ubiyn|ROOT:byn|M|INDEF|NOM
w-s005-a111-w001	5:111	5:111	1	5:111:1	وَإِذْ	إِذ		T					PREFIX|w:CONJ+ | STEM|POS:T|LEM:<i*
w-s005-a111-w002	5:111	5:111	2	5:111:2	أَوْحَيْتُ	أَوْحَىٰٓ	و ح ي	V	PERF			IV	STEM|POS:V|PERF|(IV)|LEM:>awoHaY`^|ROOT:wHy|1S | SUFFIX|PRON:1S
w-s005-a111-w003	5:111	5:111	3	5:111:3	إِلَى	إِلَىٰ		P					STEM|POS:P|LEM:<ilaY`
w-s005-a111-w004	5:111	5:111	4	5:111:4	ٱلْحَوَارِيِّۦنَ	حَوَارِيُّون	ح و ر	N					PREFIX|Al+ | STEM|POS:N|LEM:HawaAriy~uwn|ROOT:Hwr|MP|GEN
w-s005-a111-w005	5:111	5:111	5	5:111:5	أَنْ	أَن		INT					STEM|POS:INT|LEM:>an
w-s005-a111-w006	5:111	5:111	6	5:111:6	ءَامِنُوا۟	ءَامَنَ	ء م ن	V	IMPV			IV	STEM|POS:V|IMPV|(IV)|LEM:'aAmana|ROOT:Amn|2MP | SUFFIX|PRON:2MP
w-s005-a111-w007	5:111	5:111	7	5:111:7	بِى			PRON					PREFIX|bi+ | STEM|POS:PRON|1S
w-s005-a111-w008	5:111	5:111	8	5:111:8	وَبِرَسُولِى	رَسُول	ر س ل	N					PREFIX|w:CONJ+ | PREFIX|bi+ | STEM|POS:N|LEM:rasuwl|ROOT:rsl|M|GEN | SUFFIX|PRON:1S
w-s005-a111-w009	5:111	5:111	9	5:111:9	قَالُوٓا۟	قَالَ	ق و ل	V	PERF				STEM|POS:V|PERF|LEM:qaAla|ROOT:qwl|3MP | SUFFIX|PRON:3MP
w-s005-a111-w010	5:111	5:111	10	5:111:10	ءَامَنَّا	ءَامَنَ	ء م ن	V	PERF			IV	STEM|POS:V|PERF|(IV)|LEM:'aAmana|ROOT:Amn|1P | SUFFIX|PRON:1P
w-s005-a111-w011	5:111	5:111	11	5:111:11	وَٱشْهَدْ	شَهِدَ	ش ه د	V	IMPV				PREFIX|w:REM+ | STEM|POS:V|IMPV|LEM:$ahida|ROOT:$hd|2MS
w-s005-a111-w012	5:111	5:111	12	5:111:12	بِأَنَّنَا	أَنّ		ACC					PREFIX|bi+ | STEM|POS:ACC|LEM:>an~|SP:<in~ | SUFFIX|PRON:1P
w-s005-a111-w013	5:111	5:111	13	5:111:13	مُسْلِمُونَ	مُسْلِم	س ل م	N			ACT	IV	STEM|POS:N|ACT|PCPL|(IV)|LEM:musolim|ROOT:slm|MP|NOM
w-s005-a112-w001	5:112	5:112	1	5:112:1	إِذْ	إِذ		T					STEM|POS:T|LEM:<i*
w-s005-a112-w002	5:112	5:112	2	5:112:2	قَالَ	قَالَ	ق و ل	V	PERF				STEM|POS:V|PERF|LEM:qaAla|ROOT:qwl|3MS
w-s005-a112-w003	5:112	5:112	3	5:112:3	ٱلْحَوَارِيُّونَ	حَوَارِيُّون	ح و ر	N					PREFIX|Al+ | STEM|POS:N|LEM:HawaAriy~uwn|ROOT:Hwr|MP|NOM
w-s005-a112-w004	5:112	5:112	4	5:112:4	يَٰعِيسَى	عِيسَى		PN					PREFIX|ya+ | STEM|POS:PN|LEM:EiysaY|ACC
w-s005-a112-w005	5:112	5:112	5	5:112:5	ٱبْنَ	ٱبْن	ب ن ي	N					STEM|POS:N|LEM:{bon|ROOT:bny|M|ACC
w-s005-a112-w006	5:112	5:112	6	5:112:6	مَرْيَمَ	مَرْيَم		PN					STEM|POS:PN|LEM:maroyam|F|GEN
w-s005-a112-w007	5:112	5:112	7	5:112:7	هَلْ	هَل		INTG					STEM|POS:INTG|LEM:hal
w-s005-a112-w008	5:112	5:112	8	5:112:8	يَسْتَطِيعُ	ٱسْتَطَاعَ	ط و ع	V	IMPF			X	STEM|POS:V|IMPF|(X)|LEM:{sotaTaAEa|ROOT:TwE|3MS
w-s005-a112-w009	5:112	5:112	9	5:112:9	رَبُّكَ	رَبّ	ر ب ب	N					STEM|POS:N|LEM:rab~|ROOT:rbb|M|NOM | SUFFIX|PRON:2MS
w-s005-a112-w010	5:112	5:112	10	5:112:10	أَن	أَن		SUB					STEM|POS:SUB|LEM:>an
w-s005-a112-w011	5:112	5:112	11	5:112:11	يُنَزِّلَ	نَزَّلَ	ن ز ل	V	IMPF	SUBJ		II	STEM|POS:V|IMPF|(II)|LEM:naz~ala|ROOT:nzl|3MS|MOOD:SUBJ
w-s005-a112-w012	5:112	5:112	12	5:112:12	عَلَيْنَا	عَلَىٰ		P					STEM|POS:P|LEM:EalaY` | SUFFIX|PRON:1P
w-s005-a112-w013	5:112	5:112	13	5:112:13	مَآئِدَةً	مَآئِدَة	م ي د	N					STEM|POS:N|LEM:maA^}idap|ROOT:myd|F|INDEF|ACC
w-s005-a112-w014	5:112	5:112	14	5:112:14	مِّنَ	مِن		P					STEM|POS:P|LEM:min
w-s005-a112-w015	5:112	5:112	15	5:112:15	ٱلسَّمَآءِ	سَمَآء	س م و	N					PREFIX|Al+ | STEM|POS:N|LEM:samaA^'|ROOT:smw|F|GEN
w-s005-a112-w016	5:112	5:112	16	5:112:16	قَالَ	قَالَ	ق و ل	V	PERF				STEM|POS:V|PERF|LEM:qaAla|ROOT:qwl|3MS
w-s005-a112-w017	5:112	5:112	17	5:112:17	ٱتَّقُوا۟	ٱتَّقَىٰ	و ق ي	V	IMPV			VIII	STEM|POS:V|IMPV|(VIII)|LEM:{t~aqaY`|ROOT:wqy|2MP | SUFFIX|PRON:2MP
w-s005-a112-w018	5:112	5:112	18	5:112:18	ٱللَّهَ	ٱللَّه	ء ل ه	PN					STEM|POS:PN|LEM:{ll~ah|ROOT:Alh|ACC
w-s005-a112-w019	5:112	5:112	19	5:112:19	إِن	إِن		COND					STEM|POS:COND|LEM:<in
w-s005-a112-w020	5:112	5:112	20	5:112:20	كُنتُم	كَانَ	ك و ن	V	PERF				STEM|POS:V|PERF|LEM:kaAna|ROOT:kwn|SP:kaAn|2MP | SUFFIX|PRON:2MP
w-s005-a112-w021	5:112	5:112	21	5:112:21	مُّؤْمِنِينَ	مُؤْمِن	ء م ن	N			ACT	IV	STEM|POS:N|ACT|PCPL|(IV)|LEM:mu&omin|ROOT:Amn|MP|ACC
w-s005-a113-w001	5:113	5:113	1	5:113:1	قَالُوا۟	قَالَ	ق و ل	V	PERF				STEM|POS:V|PERF|LEM:qaAla|ROOT:qwl|3MP | SUFFIX|PRON:3MP
w-s005-a113-w002	5:113	5:113	2	5:113:2	نُرِيدُ	أَرَادَ	ر و د	V	IMPF			IV	STEM|POS:V|IMPF|(IV)|LEM:>araAda|ROOT:rwd|1P
w-s005-a113-w003	5:113	5:113	3	5:113:3	أَن	أَن		SUB					STEM|POS:SUB|LEM:>an
w-s005-a113-w004	5:113	5:113	4	5:113:4	نَّأْكُلَ	أَكَلَ	ء ك ل	V	IMPF	SUBJ			STEM|POS:V|IMPF|LEM:>akala|ROOT:Akl|1P|MOOD:SUBJ
w-s005-a113-w005	5:113	5:113	5	5:113:5	مِنْهَا	مِن		P					STEM|POS:P|LEM:min | SUFFIX|PRON:3FS
w-s005-a113-w006	5:113	5:113	6	5:113:6	وَتَطْمَئِنَّ	ٱطْمَأَنَّ	ط م ن	V	IMPF	SUBJ		XII	PREFIX|w:CONJ+ | STEM|POS:V|IMPF|(XII)|LEM:{Toma>an~a|ROOT:Tmn|3FS|MOOD:SUBJ
w-s005-a113-w007	5:113	5:113	7	5:113:7	قُلُوبُنَا	قَلْب	ق ل ب	N					STEM|POS:N|LEM:qalob|ROOT:qlb|FP|NOM | SUFFIX|PRON:1P
w-s005-a113-w008	5:113	5:113	8	5:113:8	وَنَعْلَمَ	عَلِمَ	ع ل م	V	IMPF	SUBJ			PREFIX|w:CONJ+ | STEM|POS:V|IMPF|LEM:Ealima|ROOT:Elm|1P|MOOD:SUBJ
w-s005-a113-w009	5:113	5:113	9	5:113:9	أَن	أَن		SUB					STEM|POS:SUB|LEM:>an
w-s005-a113-w010	5:113	5:113	10	5:113:10	قَدْ	قَد		CERT					STEM|POS:CERT|LEM:qad
w-s005-a113-w011	5:113	5:113	11	5:113:11	صَدَقْتَنَا	صَدَقَ	ص د ق	V	PERF				STEM|POS:V|PERF|LEM:Sadaqa|ROOT:Sdq|2MS | SUFFIX|PRON:2MS | SUFFIX|PRON:1P
w-s005-a113-w012	5:113	5:113	12	5:113:12	وَنَكُونَ	كَانَ	ك و ن	V	IMPF	SUBJ			PREFIX|w:CONJ+ | STEM|POS:V|IMPF|LEM:kaAna|ROOT:kwn|SP:kaAn|1P|MOOD:SUBJ
w-s005-a113-w013	5:113	5:113	13	5:113:13	عَلَيْهَا	عَلَىٰ		P					STEM|POS:P|LEM:EalaY` | SUFFIX|PRON:3FS
w-s005-a113-w014	5:113	5:113	14	5:113:14	مِنَ	مِن		P					STEM|POS:P|LEM:min
w-s005-a113-w015	5:113	5:113	15	5:113:15	ٱلشَّٰهِدِينَ	شَاهِد	ش ه د	N			ACT		PREFIX|Al+ | STEM|POS:N|ACT|PCPL|LEM:$aAhid|ROOT:$hd|MP|GEN
w-s005-a114-w001	5:114	5:114	1	5:114:1	قَالَ	قَالَ	ق و ل	V	PERF				STEM|POS:V|PERF|LEM:qaAla|ROOT:qwl|3MS
w-s005-a114-w002	5:114	5:114	2	5:114:2	عِيسَى	عِيسَى		PN					STEM|POS:PN|LEM:EiysaY|NOM
w-s005-a114-w003	5:114	5:114	3	5:114:3	ٱبْنُ	ٱبْن	ب ن ي	N					STEM|POS:N|LEM:{bon|ROOT:bny|M|NOM
w-s005-a114-w004	5:114	5:114	4	5:114:4	مَرْيَمَ	مَرْيَم		PN					STEM|POS:PN|LEM:maroyam|F|GEN
w-s005-a114-w005	5:114	5:114	5	5:114:5	ٱللَّهُمَّ	ٱللَّهُمَّ	ء ل ه	PN					STEM|POS:PN|LEM:{ll~ahum~a|ROOT:Alh|ACC | SUFFIX|+VOC
w-s005-a114-w006	5:114	5:114	6	5:114:6	رَبَّنَآ	رَبّ	ر ب ب	N					STEM|POS:N|LEM:rab~|ROOT:rbb|M|ACC | SUFFIX|PRON:1P
w-s005-a114-w007	5:114	5:114	7	5:114:7	أَنزِلْ	أَنزَلَ	ن ز ل	V	IMPV			IV	STEM|POS:V|IMPV|(IV)|LEM:>anzala|ROOT:nzl|2MS
w-s005-a114-w008	5:114	5:114	8	5:114:8	عَلَيْنَا	عَلَىٰ		P					STEM|POS:P|LEM:EalaY` | SUFFIX|PRON:1P
w-s005-a114-w009	5:114	5:114	9	5:114:9	مَآئِدَةً	مَآئِدَة	م ي د	N					STEM|POS:N|LEM:maA^}idap|ROOT:myd|F|INDEF|ACC
w-s005-a114-w010	5:114	5:114	10	5:114:10	مِّنَ	مِن		P					STEM|POS:P|LEM:min
w-s005-a114-w011	5:114	5:114	11	5:114:11	ٱلسَّمَآءِ	سَمَآء	س م و	N					PREFIX|Al+ | STEM|POS:N|LEM:samaA^'|ROOT:smw|F|GEN
w-s005-a114-w012	5:114	5:114	12	5:114:12	تَكُونُ	كَانَ	ك و ن	V	IMPF				STEM|POS:V|IMPF|LEM:kaAna|ROOT:kwn|SP:kaAn|3FS
w-s005-a114-w013	5:114	5:114	13	5:114:13	لَنَا			PRON					PREFIX|l:P+ | STEM|POS:PRON|1P
w-s005-a114-w014	5:114	5:114	14	5:114:14	عِيدًا	عِيد	ع و د	N					STEM|POS:N|LEM:Eiyd|ROOT:Ewd|M|INDEF|ACC
w-s005-a114-w015	5:114	5:114	15	5:114:15	لِّأَوَّلِنَا	أَوَّل	ء و ل	N					PREFIX|l:P+ | STEM|POS:N|LEM:>aw~al|ROOT:Awl|MS|GEN | SUFFIX|PRON:1P
w-s005-a114-w016	5:114	5:114	16	5:114:16	وَءَاخِرِنَا	آخِر	ء خ ر	N					PREFIX|w:CONJ+ | STEM|POS:N|LEM:A^xir|ROOT:Axr|MS|GEN | SUFFIX|PRON:1P
w-s005-a114-w017	5:114	5:114	17	5:114:17	وَءَايَةً	ءَايَة	ء ي ي	N					PREFIX|w:CONJ+ | STEM|POS:N|LEM:'aAyap|ROOT:Ayy|FS|INDEF|ACC
w-s005-a114-w018	5:114	5:114	18	5:114:18	مِّنكَ	مِن		P					STEM|POS:P|LEM:min | SUFFIX|PRON:2MS
w-s005-a114-w019	5:114	5:114	19	5:114:19	وَٱرْزُقْنَا	رَزَقَ	ر ز ق	V	IMPV				PREFIX|w:CONJ+ | STEM|POS:V|IMPV|LEM:razaqa|ROOT:rzq|2MS | SUFFIX|PRON:1P
w-s005-a114-w020	5:114	5:114	20	5:114:20	وَأَنتَ			PRON					PREFIX|w:REM+ | STEM|POS:PRON|2MS
w-s005-a114-w021	5:114	5:114	21	5:114:21	خَيْرُ	خَيْر	خ ي ر	N					STEM|POS:N|LEM:xayor|ROOT:xyr|MS|NOM
w-s005-a114-w022	5:114	5:114	22	5:114:22	ٱلرَّٰزِقِينَ	رَّٰزِقِين	ر ز ق	N			ACT		PREFIX|Al+ | STEM|POS:N|ACT|PCPL|LEM:r~a`ziqiyn|ROOT:rzq|MP|GEN
w-s005-a115-w001	5:115	5:115	1	5:115:1	قَالَ	قَالَ	ق و ل	V	PERF				STEM|POS:V|PERF|LEM:qaAla|ROOT:qwl|3MS
w-s005-a115-w002	5:115	5:115	2	5:115:2	ٱللَّهُ	ٱللَّه	ء ل ه	PN					STEM|POS:PN|LEM:{ll~ah|ROOT:Alh|NOM
w-s005-a115-w003	5:115	5:115	3	5:115:3	إِنِّى	إِنّ		ACC					STEM|POS:ACC|LEM:<in~|SP:<in~ | SUFFIX|PRON:1S
w-s005-a115-w004	5:115	5:115	4	5:115:4	مُنَزِّلُهَا	مُنَزِّل	ن ز ل	N			ACT	II	STEM|POS:N|ACT|PCPL|(II)|LEM:munaz~il|ROOT:nzl|M|NOM | SUFFIX|PRON:3FS
w-s005-a115-w005	5:115	5:115	5	5:115:5	عَلَيْكُمْ	عَلَىٰ		P					STEM|POS:P|LEM:EalaY` | SUFFIX|PRON:2MP
w-s005-a115-w006	5:115	5:115	6	5:115:6	فَمَن	مَن		COND					PREFIX|f:REM+ | STEM|POS:COND|LEM:man
w-s005-a115-w007	5:115	5:115	7	5:115:7	يَكْفُرْ	كَفَرَ	ك ف ر	V	IMPF	JUS			STEM|POS:V|IMPF|LEM:kafara|ROOT:kfr|3MS|MOOD:JUS
w-s005-a115-w008	5:115	5:115	8	5:115:8	بَعْدُ	بَعْد	ب ع د	T					STEM|POS:T|LEM:baEod|ROOT:bEd
w-s005-a115-w009	5:115	5:115	9	5:115:9	مِنكُمْ	مِن		P					STEM|POS:P|LEM:min | SUFFIX|PRON:2MP
w-s005-a115-w010	5:115	5:115	10	5:115:10	فَإِنِّىٓ	إِنّ		ACC					PREFIX|f:RSLT+ | STEM|POS:ACC|LEM:<in~|SP:<in~ | SUFFIX|PRON:1S
w-s005-a115-w011	5:115	5:115	11	5:115:11	أُعَذِّبُهُۥ	عَذَّبَ	ع ذ ب	V	IMPF			II	STEM|POS:V|IMPF|(II)|LEM:Ea*~aba|ROOT:E*b|1S | SUFFIX|PRON:3MS
w-s005-a115-w012	5:115	5:115	12	5:115:12	عَذَابًا	عَذَاب	ع ذ ب	N					STEM|POS:N|LEM:Ea*aAb|ROOT:E*b|M|INDEF|ACC
w-s005-a115-w013	5:115	5:115	13	5:115:13	لَّآ	لَا		NEG					STEM|POS:NEG|LEM:laA
w-s005-a115-w014	5:115	5:115	14	5:115:14	أُعَذِّبُهُۥٓ	عَذَّبَ	ع ذ ب	V	IMPF			II	STEM|POS:V|IMPF|(II)|LEM:Ea*~aba|ROOT:E*b|1S | SUFFIX|PRON:3MS
w-s005-a115-w015	5:115	5:115	15	5:115:15	أَحَدًا	أَحَد	ء ح د	N					STEM|POS:N|LEM:>aHad|ROOT:AHd|M|INDEF|ACC
w-s005-a115-w016	5:115	5:115	16	5:115:16	مِّنَ	مِن		P					STEM|POS:P|LEM:min
w-s005-a115-w017	5:115	5:115	17	5:115:17	ٱلْعَٰلَمِينَ	عَٰلَمِين	ع ل م	N					PREFIX|Al+ | STEM|POS:N|LEM:Ea`lamiyn|ROOT:Elm|MP|GEN
w-s005-a116-w001	5:116	5:116	1	5:116:1	وَإِذْ	إِذ		T					PREFIX|w:CONJ+ | STEM|POS:T|LEM:<i*
w-s005-a116-w002	5:116	5:116	2	5:116:2	قَالَ	قَالَ	ق و ل	V	PERF				STEM|POS:V|PERF|LEM:qaAla|ROOT:qwl|3MS
w-s005-a116-w003	5:116	5:116	3	5:116:3	ٱللَّهُ	ٱللَّه	ء ل ه	PN					STEM|POS:PN|LEM:{ll~ah|ROOT:Alh|NOM
w-s005-a116-w004	5:116	5:116	4	5:116:4	يَٰعِيسَى	عِيسَى		PN					PREFIX|ya+ | STEM|POS:PN|LEM:EiysaY|ACC
w-s005-a116-w005	5:116	5:116	5	5:116:5	ٱبْنَ	ٱبْن	ب ن ي	N					STEM|POS:N|LEM:{bon|ROOT:bny|M|ACC
w-s005-a116-w006	5:116	5:116	6	5:116:6	مَرْيَمَ	مَرْيَم		PN					STEM|POS:PN|LEM:maroyam|F|GEN
w-s005-a116-w007	5:116	5:116	7	5:116:7	ءَأَنتَ			PRON					PREFIX|A:INTG+ | STEM|POS:PRON|2MS
w-s005-a116-w008	5:116	5:116	8	5:116:8	قُلْتَ	قَالَ	ق و ل	V	PERF				STEM|POS:V|PERF|LEM:qaAla|ROOT:qwl|2MS | SUFFIX|PRON:2MS
w-s005-a116-w009	5:116	5:116	9	5:116:9	لِلنَّاسِ	نَّاس	ن و س	N					PREFIX|l:P+ | PREFIX|Al+ | STEM|POS:N|LEM:n~aAs|ROOT:nws|MP|GEN
w-s005-a116-w010	5:116	5:116	10	5:116:10	ٱتَّخِذُونِى	ٱتَّخَذَ	ء خ ذ	V	IMPV			VIII	STEM|POS:V|IMPV|(VIII)|LEM:{t~axa*a|ROOT:Ax*|2MP | SUFFIX|PRON:2MP | SUFFIX|PRON:1S
w-s005-a116-w011	5:116	5:116	11	5:116:11	وَأُمِّىَ	أُمّ	ء م م	N					PREFIX|w:CONJ+ | STEM|POS:N|LEM:>um~|ROOT:Amm|FS|ACC | SUFFIX|PRON:1S
w-s005-a116-w012	5:116	5:116	12	5:116:12	إِلَٰهَيْنِ	إِلَٰه	ء ل ه	N					STEM|POS:N|LEM:<ila`h|ROOT:Alh|MD|ACC
w-s005-a116-w013	5:116	5:116	13	5:116:13	مِن	مِن		P					STEM|POS:P|LEM:min
w-s005-a116-w014	5:116	5:116	14	5:116:14	دُونِ	دُون	د و ن	N					STEM|POS:N|LEM:duwn|ROOT:dwn|GEN
w-s005-a116-w015	5:116	5:116	15	5:116:15	ٱللَّهِ	ٱللَّه	ء ل ه	PN					STEM|POS:PN|LEM:{ll~ah|ROOT:Alh|GEN
w-s005-a116-w016	5:116	5:116	16	5:116:16	قَالَ	قَالَ	ق و ل	V	PERF				STEM|POS:V|PERF|LEM:qaAla|ROOT:qwl|3MS
w-s005-a116-w017	5:116	5:116	17	5:116:17	سُبْحَٰنَكَ	سُبْحَٰن	س ب ح	N					STEM|POS:N|LEM:suboHa`n|ROOT:sbH|M|ACC | SUFFIX|PRON:2MS
w-s005-a116-w018	5:116	5:116	18	5:116:18	مَا	مَا		NEG					STEM|POS:NEG|LEM:maA
w-s005-a116-w019	5:116	5:116	19	5:116:19	يَكُونُ	كَانَ	ك و ن	V	IMPF				STEM|POS:V|IMPF|LEM:kaAna|ROOT:kwn|3MS
w-s005-a116-w020	5:116	5:116	20	5:116:20	لِىٓ			PRON					PREFIX|l:P+ | STEM|POS:PRON|1S
w-s005-a116-w021	5:116	5:116	21	5:116:21	أَنْ	أَن		SUB					STEM|POS:SUB|LEM:>an
w-s005-a116-w022	5:116	5:116	22	5:116:22	أَقُولَ	قَالَ	ق و ل	V	IMPF	SUBJ			STEM|POS:V|IMPF|LEM:qaAla|ROOT:qwl|1S|MOOD:SUBJ
w-s005-a116-w023	5:116	5:116	23	5:116:23	مَا	مَا		REL					STEM|POS:REL|LEM:maA
w-s005-a116-w024	5:116	5:116	24	5:116:24	لَيْسَ	لَّيْسَ	ل ي س	V	PERF				STEM|POS:V|PERF|LEM:l~ayosa|ROOT:lys|SP:kaAn|3MS
w-s005-a116-w025	5:116	5:116	25	5:116:25	لِى			PRON					PREFIX|l:P+ | STEM|POS:PRON|1S
w-s005-a116-w026	5:116	5:116	26	5:116:26	بِحَقٍّ	حَقّ	ح ق ق	N					PREFIX|bi+ | STEM|POS:N|LEM:Haq~|ROOT:Hqq|M|INDEF|GEN
w-s005-a116-w027	5:116	5:116	27	5:116:27	إِن	إِن		COND					STEM|POS:COND|LEM:<in
w-s005-a116-w028	5:116	5:116	28	5:116:28	كُنتُ	كَانَ	ك و ن	V	PERF				STEM|POS:V|PERF|LEM:kaAna|ROOT:kwn|SP:kaAn|1S | SUFFIX|PRON:1S
w-s005-a116-w029	5:116	5:116	29	5:116:29	قُلْتُهُۥ	قَالَ	ق و ل	V	PERF				STEM|POS:V|PERF|LEM:qaAla|ROOT:qwl|1S | SUFFIX|PRON:1S | SUFFIX|PRON:3MS
w-s005-a116-w030	5:116	5:116	30	5:116:30	فَقَدْ	قَد		CERT					PREFIX|f:RSLT+ | STEM|POS:CERT|LEM:qad
w-s005-a116-w031	5:116	5:116	31	5:116:31	عَلِمْتَهُۥ	عَلِمَ	ع ل م	V	PERF				STEM|POS:V|PERF|LEM:Ealima|ROOT:Elm|2MS | SUFFIX|PRON:2MS | SUFFIX|PRON:3MS
w-s005-a116-w032	5:116	5:116	32	5:116:32	تَعْلَمُ	عَلِمَ	ع ل م	V	IMPF				STEM|POS:V|IMPF|LEM:Ealima|ROOT:Elm|2MS
w-s005-a116-w033	5:116	5:116	33	5:116:33	مَا	مَا		REL					STEM|POS:REL|LEM:maA
w-s005-a116-w034	5:116	5:116	34	5:116:34	فِى	فِى		P					STEM|POS:P|LEM:fiY
w-s005-a116-w035	5:116	5:116	35	5:116:35	نَفْسِى	نَفْس	ن ف س	N					STEM|POS:N|LEM:nafos|ROOT:nfs|FS|GEN | SUFFIX|PRON:1S
w-s005-a116-w036	5:116	5:116	36	5:116:36	وَلَآ	لَا		NEG					PREFIX|w:CONJ+ | STEM|POS:NEG|LEM:laA
w-s005-a116-w037	5:116	5:116	37	5:116:37	أَعْلَمُ	عَلِمَ	ع ل م	V	IMPF				STEM|POS:V|IMPF|LEM:Ealima|ROOT:Elm|1S
w-s005-a116-w038	5:116	5:116	38	5:116:38	مَا	مَا		REL					STEM|POS:REL|LEM:maA
w-s005-a116-w039	5:116	5:116	39	5:116:39	فِى	فِى		P					STEM|POS:P|LEM:fiY
w-s005-a116-w040	5:116	5:116	40	5:116:40	نَفْسِكَ	نَفْس	ن ف س	N					STEM|POS:N|LEM:nafos|ROOT:nfs|FS|GEN | SUFFIX|PRON:2MS
w-s005-a116-w041	5:116	5:116	41	5:116:41	إِنَّكَ	إِنّ		ACC					STEM|POS:ACC|LEM:<in~|SP:<in~ | SUFFIX|PRON:2MS
w-s005-a116-w042	5:116	5:116	42	5:116:42	أَنتَ			PRON					STEM|POS:PRON|2MS
w-s005-a116-w043	5:116	5:116	43	5:116:43	عَلَّٰمُ	عَلَّٰم	ع ل م	N					STEM|POS:N|LEM:Eal~a`m|ROOT:Elm|MS|NOM
w-s005-a116-w044	5:116	5:116	44	5:116:44	ٱلْغُيُوبِ	غُيُوب	غ ي ب	N					PREFIX|Al+ | STEM|POS:N|LEM:guyuwb|ROOT:gyb|M|GEN
w-s005-a117-w001	5:117	5:117	1	5:117:1	مَا	مَا		NEG					STEM|POS:NEG|LEM:maA
w-s005-a117-w002	5:117	5:117	2	5:117:2	قُلْتُ	قَالَ	ق و ل	V	PERF				STEM|POS:V|PERF|LEM:qaAla|ROOT:qwl|1S | SUFFIX|PRON:1S
w-s005-a117-w003	5:117	5:117	3	5:117:3	لَهُمْ			PRON					PREFIX|l:P+ | STEM|POS:PRON|3MP
w-s005-a117-w004	5:117	5:117	4	5:117:4	إِلَّا	إِلَّا		EXP					STEM|POS:EXP|LEM:<il~aA
w-s005-a117-w005	5:117	5:117	5	5:117:5	مَآ	مَا		REL					STEM|POS:REL|LEM:maA
w-s005-a117-w006	5:117	5:117	6	5:117:6	أَمَرْتَنِى	أَمَرَ	ء م ر	V	PERF				STEM|POS:V|PERF|LEM:>amara|ROOT:Amr|2MS | SUFFIX|PRON:2MS | SUFFIX|PRON:1S
w-s005-a117-w007	5:117	5:117	7	5:117:7	بِهِۦٓ			PRON					PREFIX|bi+ | STEM|POS:PRON|3MS
w-s005-a117-w008	5:117	5:117	8	5:117:8	أَنِ	أَن		INT					STEM|POS:INT|LEM:>an
w-s005-a117-w009	5:117	5:117	9	5:117:9	ٱعْبُدُوا۟	عَبَدَ	ع ب د	V	IMPV				STEM|POS:V|IMPV|LEM:Eabada|ROOT:Ebd|2MP | SUFFIX|PRON:2MP
w-s005-a117-w010	5:117	5:117	10	5:117:10	ٱللَّهَ	ٱللَّه	ء ل ه	PN					STEM|POS:PN|LEM:{ll~ah|ROOT:Alh|ACC
w-s005-a117-w011	5:117	5:117	11	5:117:11	رَبِّى	رَبّ	ر ب ب	N					STEM|POS:N|LEM:rab~|ROOT:rbb|M|ACC | SUFFIX|PRON:1S
w-s005-a117-w012	5:117	5:117	12	5:117:12	وَرَبَّكُمْ	رَبّ	ر ب ب	N					PREFIX|w:CONJ+ | STEM|POS:N|LEM:rab~|ROOT:rbb|M|ACC | SUFFIX|PRON:2MP
w-s005-a117-w013	5:117	5:117	13	5:117:13	وَكُنتُ	كَانَ	ك و ن	V	PERF				PREFIX|w:CONJ+ | STEM|POS:V|PERF|LEM:kaAna|ROOT:kwn|SP:kaAn|1S | SUFFIX|PRON:1S
w-s005-a117-w014	5:117	5:117	14	5:117:14	عَلَيْهِمْ	عَلَىٰ		P					STEM|POS:P|LEM:EalaY` | SUFFIX|PRON:3MP
w-s005-a117-w015	5:117	5:117	15	5:117:15	شَهِيدًا	شَهِيد	ش ه د	N					STEM|POS:N|LEM:$ahiyd|ROOT:$hd|MS|INDEF|ACC
w-s005-a117-w016	5:117	5:117	16	5:117:16	مَّا	مَا		SUB					STEM|POS:SUB|LEM:maA
w-s005-a117-w017	5:117	5:117	17	5:117:17	دُمْتُ	دَامُ	د و م	V	PERF				STEM|POS:V|PERF|LEM:daAmu|ROOT:dwm|1S | SUFFIX|PRON:1S
w-s005-a117-w018	5:117	5:117	18	5:117:18	فِيهِمْ	فِى		P					STEM|POS:P|LEM:fiY | SUFFIX|PRON:3MP
w-s005-a117-w019	5:117	5:117	19	5:117:19	فَلَمَّا	لَمَّا		T					PREFIX|f:REM+ | STEM|POS:T|LEM:lam~aA
w-s005-a117-w020	5:117	5:117	20	5:117:20	تَوَفَّيْتَنِى	تَوَفَّىٰ	و ف ي	V	PERF			V	STEM|POS:V|PERF|(V)|LEM:tawaf~aY`|ROOT:wfy|2MS | SUFFIX|PRON:2MS | SUFFIX|PRON:1S
w-s005-a117-w021	5:117	5:117	21	5:117:21	كُنتَ	كَانَ	ك و ن	V	PERF				STEM|POS:V|PERF|LEM:kaAna|ROOT:kwn|SP:kaAn|2MS | SUFFIX|PRON:2MS
w-s005-a117-w022	5:117	5:117	22	5:117:22	أَنتَ			PRON					STEM|POS:PRON|2MS
w-s005-a117-w023	5:117	5:117	23	5:117:23	ٱلرَّقِيبَ	رَقِيب	ر ق ب	N					PREFIX|Al+ | STEM|POS:N|LEM:raqiyb|ROOT:rqb|M|ACC
w-s005-a117-w024	5:117	5:117	24	5:117:24	عَلَيْهِمْ	عَلَىٰ		P					STEM|POS:P|LEM:EalaY` | SUFFIX|PRON:3MP
w-s005-a117-w025	5:117	5:117	25	5:117:25	وَأَنتَ			PRON					PREFIX|w:REM+ | STEM|POS:PRON|2MS
w-s005-a117-w026	5:117	5:117	26	5:117:26	عَلَىٰ	عَلَىٰ		P					STEM|POS:P|LEM:EalaY`
w-s005-a117-w027	5:117	5:117	27	5:117:27	كُلِّ	كُلّ	ك ل ل	N					STEM|POS:N|LEM:kul~|ROOT:kll|M|GEN
w-s005-a117-w028	5:117	5:117	28	5:117:28	شَىْءٍ	شَىْء	ش ي ء	N					STEM|POS:N|LEM:$aYo'|ROOT:$yA|M|INDEF|GEN
w-s005-a117-w029	5:117	5:117	29	5:117:29	شَهِيدٌ	شَهِيد	ش ه د	N					STEM|POS:N|LEM:$ahiyd|ROOT:$hd|MS|INDEF|NOM
w-s005-a118-w001	5:118	5:118	1	5:118:1	إِن	إِن		COND					STEM|POS:COND|LEM:<in
w-s005-a118-w002	5:118	5:118	2	5:118:2	تُعَذِّبْهُمْ	عَذَّبَ	ع ذ ب	V	IMPF	JUS		II	STEM|POS:V|IMPF|(II)|LEM:Ea*~aba|ROOT:E*b|2MS|MOOD:JUS | SUFFIX|PRON:3MP
w-s005-a118-w003	5:118	5:118	3	5:118:3	فَإِنَّهُمْ	إِنّ		ACC					PREFIX|f:RSLT+ | STEM|POS:ACC|LEM:<in~|SP:<in~ | SUFFIX|PRON:3MP
w-s005-a118-w004	5:118	5:118	4	5:118:4	عِبَادُكَ	عَبْد	ع ب د	N					STEM|POS:N|LEM:Eabod|ROOT:Ebd|MP|NOM | SUFFIX|PRON:2MS
w-s005-a118-w005	5:118	5:118	5	5:118:5	وَإِن	إِن		COND					PREFIX|w:CONJ+ | STEM|POS:COND|LEM:<in
w-s005-a118-w006	5:118	5:118	6	5:118:6	تَغْفِرْ	غَفَرَ	غ ف ر	V	IMPF	JUS			STEM|POS:V|IMPF|LEM:gafara|ROOT:gfr|2MS|MOOD:JUS
w-s005-a118-w007	5:118	5:118	7	5:118:7	لَهُمْ			PRON					PREFIX|l:P+ | STEM|POS:PRON|3MP
w-s005-a118-w008	5:118	5:118	8	5:118:8	فَإِنَّكَ	إِنّ		ACC					PREFIX|f:RSLT+ | STEM|POS:ACC|LEM:<in~|SP:<in~ | SUFFIX|PRON:2MS
w-s005-a118-w009	5:118	5:118	9	5:118:9	أَنتَ			PRON					STEM|POS:PRON|2MS
w-s005-a118-w010	5:118	5:118	10	5:118:10	ٱلْعَزِيزُ	عَزِيز	ع ز ز	N					PREFIX|Al+ | STEM|POS:N|LEM:Eaziyz|ROOT:Ezz|MS|NOM
w-s005-a118-w011	5:118	5:118	11	5:118:11	ٱلْحَكِيمُ	حَكِيم	ح ك م	ADJ					PREFIX|Al+ | STEM|POS:ADJ|LEM:Hakiym|ROOT:Hkm|MS|NOM
w-s005-a119-w001	5:119	5:119	1	5:119:1	قَالَ	قَالَ	ق و ل	V	PERF				STEM|POS:V|PERF|LEM:qaAla|ROOT:qwl|3MS
w-s005-a119-w002	5:119	5:119	2	5:119:2	ٱللَّهُ	ٱللَّه	ء ل ه	PN					STEM|POS:PN|LEM:{ll~ah|ROOT:Alh|NOM
w-s005-a119-w003	5:119	5:119	3	5:119:3	هَٰذَا	هَٰذَا		DEM					STEM|POS:DEM|LEM:ha`*aA|MS
w-s005-a119-w004	5:119	5:119	4	5:119:4	يَوْمُ	يَوْم	ي و م	N					STEM|POS:N|LEM:yawom|ROOT:ywm|M|NOM
w-s005-a119-w005	5:119	5:119	5	5:119:5	يَنفَعُ	نَفَعَ	ن ف ع	V	IMPF				STEM|POS:V|IMPF|LEM:nafaEa|ROOT:nfE|3MS
w-s005-a119-w006	5:119	5:119	6	5:119:6	ٱلصَّٰدِقِينَ	صَادِق	ص د ق	N			ACT		PREFIX|Al+ | STEM|POS:N|ACT|PCPL|LEM:SaAdiq|ROOT:Sdq|MP|ACC
w-s005-a119-w007	5:119	5:119	7	5:119:7	صِدْقُهُمْ	صِدْق	ص د ق	N					STEM|POS:N|LEM:Sidoq|ROOT:Sdq|M|NOM | SUFFIX|PRON:3MP
w-s005-a119-w008	5:119	5:119	8	5:119:8	لَهُمْ			PRON					PREFIX|l:P+ | STEM|POS:PRON|3MP
w-s005-a119-w009	5:119	5:119	9	5:119:9	جَنَّٰتٌ	جَنَّة	ج ن ن	N					STEM|POS:N|LEM:jan~ap|ROOT:jnn|FP|INDEF|NOM
w-s005-a119-w010	5:119	5:119	10	5:119:10	تَجْرِى	جَرَيْ	ج ر ي	V	IMPF				STEM|POS:V|IMPF|LEM:jarayo|ROOT:jry|3FS
w-s005-a119-w011	5:119	5:119	11	5:119:11	مِن	مِن		P					STEM|POS:P|LEM:min
w-s005-a119-w012	5:119	5:119	12	5:119:12	تَحْتِهَا	تَحْت	ت ح ت	N					STEM|POS:N|LEM:taHot|ROOT:tHt|GEN | SUFFIX|PRON:3FS
w-s005-a119-w013	5:119	5:119	13	5:119:13	ٱلْأَنْهَٰرُ	نَهَر	ن ه ر	N					PREFIX|Al+ | STEM|POS:N|LEM:nahar|ROOT:nhr|MP|NOM
w-s005-a119-w014	5:119	5:119	14	5:119:14	خَٰلِدِينَ	خَٰلِد	خ ل د	N			ACT		STEM|POS:N|ACT|PCPL|LEM:xa`lid|ROOT:xld|MP|ACC
w-s005-a119-w015	5:119	5:119	15	5:119:15	فِيهَآ	فِى		P					STEM|POS:P|LEM:fiY | SUFFIX|PRON:3FS
w-s005-a119-w016	5:119	5:119	16	5:119:16	أَبَدًا	أَبَدًا	ء ب د	T					STEM|POS:T|LEM:>abadFA|ROOT:Abd|M|INDEF|ACC
w-s005-a119-w017	5:119	5:119	17	5:119:17	رَّضِىَ	رَّضِىَ	ر ض و	V	PERF				STEM|POS:V|PERF|LEM:r~aDiYa|ROOT:rDw|3MS
w-s005-a119-w018	5:119	5:119	18	5:119:18	ٱللَّهُ	ٱللَّه	ء ل ه	PN					STEM|POS:PN|LEM:{ll~ah|ROOT:Alh|NOM
w-s005-a119-w019	5:119	5:119	19	5:119:19	عَنْهُمْ	عَن		P					STEM|POS:P|LEM:Ean | SUFFIX|PRON:3MP
w-s005-a119-w020	5:119	5:119	20	5:119:20	وَرَضُوا۟	رَّضِىَ	ر ض و	V	PERF				PREFIX|w:CONJ+ | STEM|POS:V|PERF|LEM:r~aDiYa|ROOT:rDw|3MP | SUFFIX|PRON:3MP
w-s005-a119-w021	5:119	5:119	21	5:119:21	عَنْهُ	عَن		P					STEM|POS:P|LEM:Ean | SUFFIX|PRON:3MS
w-s005-a119-w022	5:119	5:119	22	5:119:22	ذَٰلِكَ	ذَٰلِك		DEM					STEM|POS:DEM|LEM:*a`lik|MS
w-s005-a119-w023	5:119	5:119	23	5:119:23	ٱلْفَوْزُ	فَوْز	ف و ز	N					PREFIX|Al+ | STEM|POS:N|LEM:fawoz|ROOT:fwz|M|NOM
w-s005-a119-w024	5:119	5:119	24	5:119:24	ٱلْعَظِيمُ	عَظِيم	ع ظ م	ADJ					PREFIX|Al+ | STEM|POS:ADJ|LEM:EaZiym|ROOT:EZm|MS|NOM
w-s005-a120-w001	5:120	5:120	1	5:120:1	لِلَّهِ	ٱللَّه	ء ل ه	PN					PREFIX|l:P+ | STEM|POS:PN|LEM:{ll~ah|ROOT:Alh|GEN
w-s005-a120-w002	5:120	5:120	2	5:120:2	مُلْكُ	مُلْك	م ل ك	N					STEM|POS:N|LEM:mulok|ROOT:mlk|M|NOM
w-s005-a120-w003	5:120	5:120	3	5:120:3	ٱلسَّمَٰوَٰتِ	سَمَآء	س م و	N					PREFIX|Al+ | STEM|POS:N|LEM:samaA^'|ROOT:smw|FP|GEN
w-s005-a120-w004	5:120	5:120	4	5:120:4	وَٱلْأَرْضِ	أَرْض	ء ر ض	N					PREFIX|w:CONJ+ | PREFIX|Al+ | STEM|POS:N|LEM:>aroD|ROOT:ArD|F|GEN
w-s005-a120-w005	5:120	5:120	5	5:120:5	وَمَا	مَا		REL					PREFIX|w:CONJ+ | STEM|POS:REL|LEM:maA
w-s005-a120-w006	5:120	5:120	6	5:120:6	فِيهِنَّ	فِى		P					STEM|POS:P|LEM:fiY | SUFFIX|PRON:3FP
w-s005-a120-w007	5:120	5:120	7	5:120:7	وَهُوَ			PRON					PREFIX|w:CONJ+ | STEM|POS:PRON|3MS
w-s005-a120-w008	5:120	5:120	8	5:120:8	عَلَىٰ	عَلَىٰ		P					STEM|POS:P|LEM:EalaY`
w-s005-a120-w009	5:120	5:120	9	5:120:9	كُلِّ	كُلّ	ك ل ل	N					STEM|POS:N|LEM:kul~|ROOT:kll|M|GEN
w-s005-a120-w010	5:120	5:120	10	5:120:10	شَىْءٍ	شَىْء	ش ي ء	N					STEM|POS:N|LEM:$aYo'|ROOT:$yA|M|INDEF|GEN
w-s005-a120-w011	5:120	5:120	11	5:120:11	قَدِيرٌۢ	قَدِير	ق د ر	N					STEM|POS:N|LEM:qadiyr|ROOT:qdr|M|INDEF|NOM
