source_token_id	ayah_ref	source_token_index	surface_ar	word_ids	qac_word_refs	binding_status
t-s018-a000-w001	18:0	1	بِسْمِ	w-s018-a000-w001	1:1:1	one_to_one
t-s018-a000-w002	18:0	2	ٱللَّهِ	w-s018-a000-w002	1:1:2	one_to_one
t-s018-a000-w003	18:0	3	ٱلرَّحْمَٰنِ	w-s018-a000-w003	1:1:3	one_to_one
t-s018-a000-w004	18:0	4	ٱلرَّحِيمِ	w-s018-a000-w004	1:1:4	one_to_one
t-s018-a001-w001	18:1	1	ٱلْحَمْدُ	w-s018-a001-w001	18:1:1	one_to_one
t-s018-a001-w002	18:1	2	لِلَّهِ	w-s018-a001-w002	18:1:2	one_to_one
t-s018-a001-w003	18:1	3	ٱلَّذِىٓ	w-s018-a001-w003	18:1:3	one_to_one
t-s018-a001-w004	18:1	4	أَنزَلَ	w-s018-a001-w004	18:1:4	one_to_one
t-s018-a001-w005	18:1	5	عَلَىٰ	w-s018-a001-w005	18:1:5	one_to_one
t-s018-a001-w006	18:1	6	عَبْدِهِ	w-s018-a001-w006	18:1:6	one_to_one
t-s018-a001-w007	18:1	7	ٱلْكِتَٰبَ	w-s018-a001-w007	18:1:7	one_to_one
t-s018-a001-w008	18:1	8	وَلَمْ	w-s018-a001-w008	18:1:8	one_to_one
t-s018-a001-w009	18:1	9	يَجْعَل	w-s018-a001-w009	18:1:9	one_to_one
t-s018-a001-w010	18:1	10	لَّهُۥ	w-s018-a001-w010	18:1:10	one_to_one
t-s018-a001-w011	18:1	11	عِوَجَا	w-s018-a001-w011	18:1:11	one_to_one
t-s018-a002-w001	18:2	1	قَيِّمًۭا	w-s018-a002-w001	18:2:1	one_to_one
t-s018-a002-w002	18:2	2	لِّيُنذِرَ	w-s018-a002-w002	18:2:2	one_to_one
t-s018-a002-w003	18:2	3	بَأْسًۭا	w-s018-a002-w003	18:2:3	one_to_one
t-s018-a002-w004	18:2	4	شَدِيدًۭا	w-s018-a002-w004	18:2:4	one_to_one
t-s018-a002-w005	18:2	5	مِّن	w-s018-a002-w005	18:2:5	one_to_one
t-s018-a002-w006	18:2	6	لَّدُنْهُ	w-s018-a002-w006	18:2:6	one_to_one
t-s018-a002-w007	18:2	7	وَيُبَشِّرَ	w-s018-a002-w007	18:2:7	one_to_one
t-s018-a002-w008	18:2	8	ٱلْمُؤْمِنِينَ	w-s018-a002-w008	18:2:8	one_to_one
t-s018-a002-w009	18:2	9	ٱلَّذِينَ	w-s018-a002-w009	18:2:9	one_to_one
t-s018-a002-w010	18:2	10	يَعْمَلُونَ	w-s018-a002-w010	18:2:10	one_to_one
t-s018-a002-w011	18:2	11	ٱلصَّٰلِحَٰتِ	w-s018-a002-w011	18:2:11	one_to_one
t-s018-a002-w012	18:2	12	أَنَّ	w-s018-a002-w012	18:2:12	one_to_one
t-s018-a002-w013	18:2	13	لَهُمْ	w-s018-a002-w013	18:2:13	one_to_one
t-s018-a002-w014	18:2	14	أَجْرًا	w-s018-a002-w014	18:2:14	one_to_one
t-s018-a002-w015	18:2	15	حَسَنًۭا	w-s018-a002-w015	18:2:15	one_to_one
t-s018-a003-w001	18:3	1	مَّٰكِثِينَ	w-s018-a003-w001	18:3:1	one_to_one
t-s018-a003-w002	18:3	2	فِيهِ	w-s018-a003-w002	18:3:2	one_to_one
t-s018-a003-w003	18:3	3	أَبَدًۭا	w-s018-a003-w003	18:3:3	one_to_one
t-s018-a004-w001	18:4	1	وَيُنذِرَ	w-s018-a004-w001	18:4:1	one_to_one
t-s018-a004-w002	18:4	2	ٱلَّذِينَ	w-s018-a004-w002	18:4:2	one_to_one
t-s018-a004-w003	18:4	3	قَالُوا۟	w-s018-a004-w003	18:4:3	one_to_one
t-s018-a004-w004	18:4	4	ٱتَّخَذَ	w-s018-a004-w004	18:4:4	one_to_one
t-s018-a004-w005	18:4	5	ٱللَّهُ	w-s018-a004-w005	18:4:5	one_to_one
t-s018-a004-w006	18:4	6	وَلَدًۭا	w-s018-a004-w006	18:4:6	one_to_one
t-s018-a005-w001	18:5	1	مَّا	w-s018-a005-w001	18:5:1	one_to_one
t-s018-a005-w002	18:5	2	لَهُم	w-s018-a005-w002	18:5:2	one_to_one
t-s018-a005-w003	18:5	3	بِهِۦ	w-s018-a005-w003	18:5:3	one_to_one
t-s018-a005-w004	18:5	4	مِنْ	w-s018-a005-w004	18:5:4	one_to_one
t-s018-a005-w005	18:5	5	عِلْمٍۢ	w-s018-a005-w005	18:5:5	one_to_one
t-s018-a005-w006	18:5	6	وَلَا	w-s018-a005-w006	18:5:6	one_to_one
t-s018-a005-w007	18:5	7	لِءَابَآئِهِمْ	w-s018-a005-w007	18:5:7	one_to_one
t-s018-a005-w008	18:5	8	كَبُرَتْ	w-s018-a005-w008	18:5:8	one_to_one
t-s018-a005-w009	18:5	9	كَلِمَةًۭ	w-s018-a005-w009	18:5:9	one_to_one
t-s018-a005-w010	18:5	10	تَخْرُجُ	w-s018-a005-w010	18:5:10	one_to_one
t-s018-a005-w011	18:5	11	مِنْ	w-s018-a005-w011	18:5:11	one_to_one
t-s018-a005-w012	18:5	12	أَفْوَٰهِهِمْ	w-s018-a005-w012	18:5:12	one_to_one
t-s018-a005-w013	18:5	13	إِن	w-s018-a005-w013	18:5:13	one_to_one
t-s018-a005-w014	18:5	14	يَقُولُونَ	w-s018-a005-w014	18:5:14	one_to_one
t-s018-a005-w015	18:5	15	إِلَّا	w-s018-a005-w015	18:5:15	one_to_one
t-s018-a005-w016	18:5	16	كَذِبًۭا	w-s018-a005-w016	18:5:16	one_to_one
t-s018-a006-w001	18:6	1	فَلَعَلَّكَ	w-s018-a006-w001	18:6:1	one_to_one
t-s018-a006-w002	18:6	2	بَٰخِعٌۭ	w-s018-a006-w002	18:6:2	one_to_one
t-s018-a006-w003	18:6	3	نَّفْسَكَ	w-s018-a006-w003	18:6:3	one_to_one
t-s018-a006-w004	18:6	4	عَلَىٰٓ	w-s018-a006-w004	18:6:4	one_to_one
t-s018-a006-w005	18:6	5	ءَاثَٰرِهِمْ	w-s018-a006-w005	18:6:5	one_to_one
t-s018-a006-w006	18:6	6	إِن	w-s018-a006-w006	18:6:6	one_to_one
t-s018-a006-w007	18:6	7	لَّمْ	w-s018-a006-w007	18:6:7	one_to_one
t-s018-a006-w008	18:6	8	يُؤْمِنُوا۟	w-s018-a006-w008	18:6:8	one_to_one
t-s018-a006-w009	18:6	9	بِهَٰذَا	w-s018-a006-w009	18:6:9	one_to_one
t-s018-a006-w010	18:6	10	ٱلْحَدِيثِ	w-s018-a006-w010	18:6:10	one_to_one
t-s018-a006-w011	18:6	11	أَسَفًا	w-s018-a006-w011	18:6:11	one_to_one
t-s018-a007-w001	18:7	1	إِنَّا	w-s018-a007-w001	18:7:1	one_to_one
t-s018-a007-w002	18:7	2	جَعَلْنَا	w-s018-a007-w002	18:7:2	one_to_one
t-s018-a007-w003	18:7	3	مَا	w-s018-a007-w003	18:7:3	one_to_one
t-s018-a007-w004	18:7	4	عَلَى	w-s018-a007-w004	18:7:4	one_to_one
t-s018-a007-w005	18:7	5	ٱلْأَرْضِ	w-s018-a007-w005	18:7:5	one_to_one
t-s018-a007-w006	18:7	6	زِينَةًۭ	w-s018-a007-w006	18:7:6	one_to_one
t-s018-a007-w007	18:7	7	لَّهَا	w-s018-a007-w007	18:7:7	one_to_one
t-s018-a007-w008	18:7	8	لِنَبْلُوَهُمْ	w-s018-a007-w008	18:7:8	one_to_one
t-s018-a007-w009	18:7	9	أَيُّهُمْ	w-s018-a007-w009	18:7:9	one_to_one
t-s018-a007-w010	18:7	10	أَحْسَنُ	w-s018-a007-w010	18:7:10	one_to_one
t-s018-a007-w011	18:7	11	عَمَلًۭا	w-s018-a007-w011	18:7:11	one_to_one
t-s018-a008-w001	18:8	1	وَإِنَّا	w-s018-a008-w001	18:8:1	one_to_one
t-s018-a008-w002	18:8	2	لَجَٰعِلُونَ	w-s018-a008-w002	18:8:2	one_to_one
t-s018-a008-w003	18:8	3	مَا	w-s018-a008-w003	18:8:3	one_to_one
t-s018-a008-w004	18:8	4	عَلَيْهَا	w-s018-a008-w004	18:8:4	one_to_one
t-s018-a008-w005	18:8	5	صَعِيدًۭا	w-s018-a008-w005	18:8:5	one_to_one
t-s018-a008-w006	18:8	6	جُرُزًا	w-s018-a008-w006	18:8:6	one_to_one
t-s018-a009-w001	18:9	1	أَمْ	w-s018-a009-w001	18:9:1	one_to_one
t-s018-a009-w002	18:9	2	حَسِبْتَ	w-s018-a009-w002	18:9:2	one_to_one
t-s018-a009-w003	18:9	3	أَنَّ	w-s018-a009-w003	18:9:3	one_to_one
t-s018-a009-w004	18:9	4	أَصْحَٰبَ	w-s018-a009-w004	18:9:4	one_to_one
t-s018-a009-w005	18:9	5	ٱلْكَهْفِ	w-s018-a009-w005	18:9:5	one_to_one
t-s018-a009-w006	18:9	6	وَٱلرَّقِيمِ	w-s018-a009-w006	18:9:6	one_to_one
t-s018-a009-w007	18:9	7	كَانُوا۟	w-s018-a009-w007	18:9:7	one_to_one
t-s018-a009-w008	18:9	8	مِنْ	w-s018-a009-w008	18:9:8	one_to_one
t-s018-a009-w009	18:9	9	ءَايَٰتِنَا	w-s018-a009-w009	18:9:9	one_to_one
t-s018-a009-w010	18:9	10	عَجَبًا	w-s018-a009-w010	18:9:10	one_to_one
t-s018-a010-w001	18:10	1	إِذْ	w-s018-a010-w001	18:10:1	one_to_one
t-s018-a010-w002	18:10	2	أَوَى	w-s018-a010-w002	18:10:2	one_to_one
t-s018-a010-w003	18:10	3	ٱلْفِتْيَةُ	w-s018-a010-w003	18:10:3	one_to_one
t-s018-a010-w004	18:10	4	إِلَى	w-s018-a010-w004	18:10:4	one_to_one
t-s018-a010-w005	18:10	5	ٱلْكَهْفِ	w-s018-a010-w005	18:10:5	one_to_one
t-s018-a010-w006	18:10	6	فَقَالُوا۟	w-s018-a010-w006	18:10:6	one_to_one
t-s018-a010-w007	18:10	7	رَبَّنَآ	w-s018-a010-w007	18:10:7	one_to_one
t-s018-a010-w008	18:10	8	ءَاتِنَا	w-s018-a010-w008	18:10:8	one_to_one
t-s018-a010-w009	18:10	9	مِن	w-s018-a010-w009	18:10:9	one_to_one
t-s018-a010-w010	18:10	10	لَّدُنكَ	w-s018-a010-w010	18:10:10	one_to_one
t-s018-a010-w011	18:10	11	رَحْمَةًۭ	w-s018-a010-w011	18:10:11	one_to_one
t-s018-a010-w012	18:10	12	وَهَيِّئْ	w-s018-a010-w012	18:10:12	one_to_one
t-s018-a010-w013	18:10	13	لَنَا	w-s018-a010-w013	18:10:13	one_to_one
t-s018-a010-w014	18:10	14	مِنْ	w-s018-a010-w014	18:10:14	one_to_one
t-s018-a010-w015	18:10	15	أَمْرِنَا	w-s018-a010-w015	18:10:15	one_to_one
t-s018-a010-w016	18:10	16	رَشَدًۭا	w-s018-a010-w016	18:10:16	one_to_one
t-s018-a011-w001	18:11	1	فَضَرَبْنَا	w-s018-a011-w001	18:11:1	one_to_one
t-s018-a011-w002	18:11	2	عَلَىٰٓ	w-s018-a011-w002	18:11:2	one_to_one
t-s018-a011-w003	18:11	3	ءَاذَانِهِمْ	w-s018-a011-w003	18:11:3	one_to_one
t-s018-a011-w004	18:11	4	فِى	w-s018-a011-w004	18:11:4	one_to_one
t-s018-a011-w005	18:11	5	ٱلْكَهْفِ	w-s018-a011-w005	18:11:5	one_to_one
t-s018-a011-w006	18:11	6	سِنِينَ	w-s018-a011-w006	18:11:6	one_to_one
t-s018-a011-w007	18:11	7	عَدَدًۭا	w-s018-a011-w007	18:11:7	one_to_one
t-s018-a012-w001	18:12	1	ثُمَّ	w-s018-a012-w001	18:12:1	one_to_one
t-s018-a012-w002	18:12	2	بَعَثْنَٰهُمْ	w-s018-a012-w002	18:12:2	one_to_one
t-s018-a012-w003	18:12	3	لِنَعْلَمَ	w-s018-a012-w003	18:12:3	one_to_one
t-s018-a012-w004	18:12	4	أَىُّ	w-s018-a012-w004	18:12:4	one_to_one
t-s018-a012-w005	18:12	5	ٱلْحِزْبَيْنِ	w-s018-a012-w005	18:12:5	one_to_one
t-s018-a012-w006	18:12	6	أَحْصَىٰ	w-s018-a012-w006	18:12:6	one_to_one
t-s018-a012-w007	18:12	7	لِمَا	w-s018-a012-w007	18:12:7	one_to_one
t-s018-a012-w008	18:12	8	لَبِثُوٓا۟	w-s018-a012-w008	18:12:8	one_to_one
t-s018-a012-w009	18:12	9	أَمَدًۭا	w-s018-a012-w009	18:12:9	one_to_one
t-s018-a013-w001	18:13	1	نَّحْنُ	w-s018-a013-w001	18:13:1	one_to_one
t-s018-a013-w002	18:13	2	نَقُصُّ	w-s018-a013-w002	18:13:2	one_to_one
t-s018-a013-w003	18:13	3	عَلَيْكَ	w-s018-a013-w003	18:13:3	one_to_one
t-s018-a013-w004	18:13	4	نَبَأَهُم	w-s018-a013-w004	18:13:4	one_to_one
t-s018-a013-w005	18:13	5	بِٱلْحَقِّ	w-s018-a013-w005	18:13:5	one_to_one
t-s018-a013-w006	18:13	6	إِنَّهُمْ	w-s018-a013-w006	18:13:6	one_to_one
t-s018-a013-w007	18:13	7	فِتْيَةٌ	w-s018-a013-w007	18:13:7	one_to_one
t-s018-a013-w008	18:13	8	ءَامَنُوا۟	w-s018-a013-w008	18:13:8	one_to_one
t-s018-a013-w009	18:13	9	بِرَبِّهِمْ	w-s018-a013-w009	18:13:9	one_to_one
t-s018-a013-w010	18:13	10	وَزِدْنَٰهُمْ	w-s018-a013-w010	18:13:10	one_to_one
t-s018-a013-w011	18:13	11	هُدًۭى	w-s018-a013-w011	18:13:11	one_to_one
t-s018-a014-w001	18:14	1	وَرَبَطْنَا	w-s018-a014-w001	18:14:1	one_to_one
t-s018-a014-w002	18:14	2	عَلَىٰ	w-s018-a014-w002	18:14:2	one_to_one
t-s018-a014-w003	18:14	3	قُلُوبِهِمْ	w-s018-a014-w003	18:14:3	one_to_one
t-s018-a014-w004	18:14	4	إِذْ	w-s018-a014-w004	18:14:4	one_to_one
t-s018-a014-w005	18:14	5	قَامُوا۟	w-s018-a014-w005	18:14:5	one_to_one
t-s018-a014-w006	18:14	6	فَقَالُوا۟	w-s018-a014-w006	18:14:6	one_to_one
t-s018-a014-w007	18:14	7	رَبُّنَا	w-s018-a014-w007	18:14:7	one_to_one
t-s018-a014-w008	18:14	8	رَبُّ	w-s018-a014-w008	18:14:8	one_to_one
t-s018-a014-w009	18:14	9	ٱلسَّمَٰوَٰتِ	w-s018-a014-w009	18:14:9	one_to_one
t-s018-a014-w010	18:14	10	وَٱلْأَرْضِ	w-s018-a014-w010	18:14:10	one_to_one
t-s018-a014-w011	18:14	11	لَن	w-s018-a014-w011	18:14:11	one_to_one
t-s018-a014-w012	18:14	12	نَّدْعُوَا۟	w-s018-a014-w012	18:14:12	one_to_one
t-s018-a014-w013	18:14	13	مِن	w-s018-a014-w013	18:14:13	one_to_one
t-s018-a014-w014	18:14	14	دُونِهِۦٓ	w-s018-a014-w014	18:14:14	one_to_one
t-s018-a014-w015	18:14	15	إِلَٰهًۭا	w-s018-a014-w015	18:14:15	one_to_one
t-s018-a014-w016	18:14	16	لَّقَدْ	w-s018-a014-w016	18:14:16	one_to_one
t-s018-a014-w017	18:14	17	قُلْنَآ	w-s018-a014-w017	18:14:17	one_to_one
t-s018-a014-w018	18:14	18	إِذًۭا	w-s018-a014-w018	18:14:18	one_to_one
t-s018-a014-w019	18:14	19	شَطَطًا	w-s018-a014-w019	18:14:19	one_to_one
t-s018-a015-w001	18:15	1	هَٰٓؤُلَآءِ	w-s018-a015-w001	18:15:1	one_to_one
t-s018-a015-w002	18:15	2	قَوْمُنَا	w-s018-a015-w002	18:15:2	one_to_one
t-s018-a015-w003	18:15	3	ٱتَّخَذُوا۟	w-s018-a015-w003	18:15:3	one_to_one
t-s018-a015-w004	18:15	4	مِن	w-s018-a015-w004	18:15:4	one_to_one
t-s018-a015-w005	18:15	5	دُونِهِۦٓ	w-s018-a015-w005	18:15:5	one_to_one
t-s018-a015-w006	18:15	6	ءَالِهَةًۭ	w-s018-a015-w006	18:15:6	one_to_one
t-s018-a015-w007	18:15	7	لَّوْلَا	w-s018-a015-w007	18:15:7	one_to_one
t-s018-a015-w008	18:15	8	يَأْتُونَ	w-s018-a015-w008	18:15:8	one_to_one
t-s018-a015-w009	18:15	9	عَلَيْهِم	w-s018-a015-w009	18:15:9	one_to_one
t-s018-a015-w010	18:15	10	بِسُلْطَٰنٍۭ	w-s018-a015-w010	18:15:10	one_to_one
t-s018-a015-w011	18:15	11	بَيِّنٍۢ	w-s018-a015-w011	18:15:11	one_to_one
t-s018-a015-w012	18:15	12	فَمَنْ	w-s018-a015-w012	18:15:12	one_to_one
t-s018-a015-w013	18:15	13	أَظْلَمُ	w-s018-a015-w013	18:15:13	one_to_one
t-s018-a015-w014	18:15	14	مِمَّنِ	w-s018-a015-w014	18:15:14	one_to_one
t-s018-a015-w015	18:15	15	ٱفْتَرَىٰ	w-s018-a015-w015	18:15:15	one_to_one
t-s018-a015-w016	18:15	16	عَلَى	w-s018-a015-w016	18:15:16	one_to_one
t-s018-a015-w017	18:15	17	ٱللَّهِ	w-s018-a015-w017	18:15:17	one_to_one
t-s018-a015-w018	18:15	18	كَذِبًۭا	w-s018-a015-w018	18:15:18	one_to_one
t-s018-a016-w001	18:16	1	وَإِذِ	w-s018-a016-w001	18:16:1	one_to_one
t-s018-a016-w002	18:16	2	ٱعْتَزَلْتُمُوهُمْ	w-s018-a016-w002	18:16:2	one_to_one
t-s018-a016-w003	18:16	3	وَمَا	w-s018-a016-w003	18:16:3	one_to_one
t-s018-a016-w004	18:16	4	يَعْبُدُونَ	w-s018-a016-w004	18:16:4	one_to_one
t-s018-a016-w005	18:16	5	إِلَّا	w-s018-a016-w005	18:16:5	one_to_one
t-s018-a016-w006	18:16	6	ٱللَّهَ	w-s018-a016-w006	18:16:6	one_to_one
t-s018-a016-w007	18:16	7	فَأْوُۥٓا۟	w-s018-a016-w007	18:16:7	one_to_one
t-s018-a016-w008	18:16	8	إِلَى	w-s018-a016-w008	18:16:8	one_to_one
t-s018-a016-w009	18:16	9	ٱلْكَهْفِ	w-s018-a016-w009	18:16:9	one_to_one
t-s018-a016-w010	18:16	10	يَنشُرْ	w-s018-a016-w010	18:16:10	one_to_one
t-s018-a016-w011	18:16	11	لَكُمْ	w-s018-a016-w011	18:16:11	one_to_one
t-s018-a016-w012	18:16	12	رَبُّكُم	w-s018-a016-w012	18:16:12	one_to_one
t-s018-a016-w013	18:16	13	مِّن	w-s018-a016-w013	18:16:13	one_to_one
t-s018-a016-w014	18:16	14	رَّحْمَتِهِۦ	w-s018-a016-w014	18:16:14	one_to_one
t-s018-a016-w015	18:16	15	وَيُهَيِّئْ	w-s018-a016-w015	18:16:15	one_to_one
t-s018-a016-w016	18:16	16	لَكُم	w-s018-a016-w016	18:16:16	one_to_one
t-s018-a016-w017	18:16	17	مِّنْ	w-s018-a016-w017	18:16:17	one_to_one
t-s018-a016-w018	18:16	18	أَمْرِكُم	w-s018-a016-w018	18:16:18	one_to_one
t-s018-a016-w019	18:16	19	مِّرْفَقًۭا	w-s018-a016-w019	18:16:19	one_to_one
t-s018-a017-w001	18:17	1	وَتَرَى	w-s018-a017-w001	18:17:1	one_to_one
t-s018-a017-w002	18:17	2	ٱلشَّمْسَ	w-s018-a017-w002	18:17:2	one_to_one
t-s018-a017-w003	18:17	3	إِذَا	w-s018-a017-w003	18:17:3	one_to_one
t-s018-a017-w004	18:17	4	طَلَعَت	w-s018-a017-w004	18:17:4	one_to_one
t-s018-a017-w005	18:17	5	تَّزَٰوَرُ	w-s018-a017-w005	18:17:5	one_to_one
t-s018-a017-w006	18:17	6	عَن	w-s018-a017-w006	18:17:6	one_to_one
t-s018-a017-w007	18:17	7	كَهْفِهِمْ	w-s018-a017-w007	18:17:7	one_to_one
t-s018-a017-w008	18:17	8	ذَاتَ	w-s018-a017-w008	18:17:8	one_to_one
t-s018-a017-w009	18:17	9	ٱلْيَمِينِ	w-s018-a017-w009	18:17:9	one_to_one
t-s018-a017-w010	18:17	10	وَإِذَا	w-s018-a017-w010	18:17:10	one_to_one
t-s018-a017-w011	18:17	11	غَرَبَت	w-s018-a017-w011	18:17:11	one_to_one
t-s018-a017-w012	18:17	12	تَّقْرِضُهُمْ	w-s018-a017-w012	18:17:12	one_to_one
t-s018-a017-w013	18:17	13	ذَاتَ	w-s018-a017-w013	18:17:13	one_to_one
t-s018-a017-w014	18:17	14	ٱلشِّمَالِ	w-s018-a017-w014	18:17:14	one_to_one
t-s018-a017-w015	18:17	15	وَهُمْ	w-s018-a017-w015	18:17:15	one_to_one
t-s018-a017-w016	18:17	16	فِى	w-s018-a017-w016	18:17:16	one_to_one
t-s018-a017-w017	18:17	17	فَجْوَةٍۢ	w-s018-a017-w017	18:17:17	one_to_one
t-s018-a017-w018	18:17	18	مِّنْهُ	w-s018-a017-w018	18:17:18	one_to_one
t-s018-a017-w019	18:17	19	ذَٰلِكَ	w-s018-a017-w019	18:17:19	one_to_one
t-s018-a017-w020	18:17	20	مِنْ	w-s018-a017-w020	18:17:20	one_to_one
t-s018-a017-w021	18:17	21	ءَايَٰتِ	w-s018-a017-w021	18:17:21	one_to_one
t-s018-a017-w022	18:17	22	ٱللَّهِ	w-s018-a017-w022	18:17:22	one_to_one
t-s018-a017-w023	18:17	23	مَن	w-s018-a017-w023	18:17:23	one_to_one
t-s018-a017-w024	18:17	24	يَهْدِ	w-s018-a017-w024	18:17:24	one_to_one
t-s018-a017-w025	18:17	25	ٱللَّهُ	w-s018-a017-w025	18:17:25	one_to_one
t-s018-a017-w026	18:17	26	فَهُوَ	w-s018-a017-w026	18:17:26	one_to_one
t-s018-a017-w027	18:17	27	ٱلْمُهْتَدِ	w-s018-a017-w027	18:17:27	one_to_one
t-s018-a017-w028	18:17	28	وَمَن	w-s018-a017-w028	18:17:28	one_to_one
t-s018-a017-w029	18:17	29	يُضْلِلْ	w-s018-a017-w029	18:17:29	one_to_one
t-s018-a017-w030	18:17	30	فَلَن	w-s018-a017-w030	18:17:30	one_to_one
t-s018-a017-w031	18:17	31	تَجِدَ	w-s018-a017-w031	18:17:31	one_to_one
t-s018-a017-w032	18:17	32	لَهُۥ	w-s018-a017-w032	18:17:32	one_to_one
t-s018-a017-w033	18:17	33	وَلِيًّۭا	w-s018-a017-w033	18:17:33	one_to_one
t-s018-a017-w034	18:17	34	مُّرْشِدًۭا	w-s018-a017-w034	18:17:34	one_to_one
t-s018-a018-w001	18:18	1	وَتَحْسَبُهُمْ	w-s018-a018-w001	18:18:1	one_to_one
t-s018-a018-w002	18:18	2	أَيْقَاظًۭا	w-s018-a018-w002	18:18:2	one_to_one
t-s018-a018-w003	18:18	3	وَهُمْ	w-s018-a018-w003	18:18:3	one_to_one
t-s018-a018-w004	18:18	4	رُقُودٌۭ	w-s018-a018-w004	18:18:4	one_to_one
t-s018-a018-w005	18:18	5	وَنُقَلِّبُهُمْ	w-s018-a018-w005	18:18:5	one_to_one
t-s018-a018-w006	18:18	6	ذَاتَ	w-s018-a018-w006	18:18:6	one_to_one
t-s018-a018-w007	18:18	7	ٱلْيَمِينِ	w-s018-a018-w007	18:18:7	one_to_one
t-s018-a018-w008	18:18	8	وَذَاتَ	w-s018-a018-w008	18:18:8	one_to_one
t-s018-a018-w009	18:18	9	ٱلشِّمَالِ	w-s018-a018-w009	18:18:9	one_to_one
t-s018-a018-w010	18:18	10	وَكَلْبُهُم	w-s018-a018-w010	18:18:10	one_to_one
t-s018-a018-w011	18:18	11	بَٰسِطٌۭ	w-s018-a018-w011	18:18:11	one_to_one
t-s018-a018-w012	18:18	12	ذِرَاعَيْهِ	w-s018-a018-w012	18:18:12	one_to_one
t-s018-a018-w013	18:18	13	بِٱلْوَصِيدِ	w-s018-a018-w013	18:18:13	one_to_one
t-s018-a018-w014	18:18	14	لَوِ	w-s018-a018-w014	18:18:14	one_to_one
t-s018-a018-w015	18:18	15	ٱطَّلَعْتَ	w-s018-a018-w015	18:18:15	one_to_one
t-s018-a018-w016	18:18	16	عَلَيْهِمْ	w-s018-a018-w016	18:18:16	one_to_one
t-s018-a018-w017	18:18	17	لَوَلَّيْتَ	w-s018-a018-w017	18:18:17	one_to_one
t-s018-a018-w018	18:18	18	مِنْهُمْ	w-s018-a018-w018	18:18:18	one_to_one
t-s018-a018-w019	18:18	19	فِرَارًۭا	w-s018-a018-w019	18:18:19	one_to_one
t-s018-a018-w020	18:18	20	وَلَمُلِئْتَ	w-s018-a018-w020	18:18:20	one_to_one
t-s018-a018-w021	18:18	21	مِنْهُمْ	w-s018-a018-w021	18:18:21	one_to_one
t-s018-a018-w022	18:18	22	رُعْبًۭا	w-s018-a018-w022	18:18:22	one_to_one
t-s018-a019-w001	18:19	1	وَكَذَٰلِكَ	w-s018-a019-w001	18:19:1	one_to_one
t-s018-a019-w002	18:19	2	بَعَثْنَٰهُمْ	w-s018-a019-w002	18:19:2	one_to_one
t-s018-a019-w003	18:19	3	لِيَتَسَآءَلُوا۟	w-s018-a019-w003	18:19:3	one_to_one
t-s018-a019-w004	18:19	4	بَيْنَهُمْ	w-s018-a019-w004	18:19:4	one_to_one
t-s018-a019-w005	18:19	5	قَالَ	w-s018-a019-w005	18:19:5	one_to_one
t-s018-a019-w006	18:19	6	قَآئِلٌۭ	w-s018-a019-w006	18:19:6	one_to_one
t-s018-a019-w007	18:19	7	مِّنْهُمْ	w-s018-a019-w007	18:19:7	one_to_one
t-s018-a019-w008	18:19	8	كَمْ	w-s018-a019-w008	18:19:8	one_to_one
t-s018-a019-w009	18:19	9	لَبِثْتُمْ	w-s018-a019-w009	18:19:9	one_to_one
t-s018-a019-w010	18:19	10	قَالُوا۟	w-s018-a019-w010	18:19:10	one_to_one
t-s018-a019-w011	18:19	11	لَبِثْنَا	w-s018-a019-w011	18:19:11	one_to_one
t-s018-a019-w012	18:19	12	يَوْمًا	w-s018-a019-w012	18:19:12	one_to_one
t-s018-a019-w013	18:19	13	أَوْ	w-s018-a019-w013	18:19:13	one_to_one
t-s018-a019-w014	18:19	14	بَعْضَ	w-s018-a019-w014	18:19:14	one_to_one
t-s018-a019-w015	18:19	15	يَوْمٍۢ	w-s018-a019-w015	18:19:15	one_to_one
t-s018-a019-w016	18:19	16	قَالُوا۟	w-s018-a019-w016	18:19:16	one_to_one
t-s018-a019-w017	18:19	17	رَبُّكُمْ	w-s018-a019-w017	18:19:17	one_to_one
t-s018-a019-w018	18:19	18	أَعْلَمُ	w-s018-a019-w018	18:19:18	one_to_one
t-s018-a019-w019	18:19	19	بِمَا	w-s018-a019-w019	18:19:19	one_to_one
t-s018-a019-w020	18:19	20	لَبِثْتُمْ	w-s018-a019-w020	18:19:20	one_to_one
t-s018-a019-w021	18:19	21	فَٱبْعَثُوٓا۟	w-s018-a019-w021	18:19:21	one_to_one
t-s018-a019-w022	18:19	22	أَحَدَكُم	w-s018-a019-w022	18:19:22	one_to_one
t-s018-a019-w023	18:19	23	بِوَرِقِكُمْ	w-s018-a019-w023	18:19:23	one_to_one
t-s018-a019-w024	18:19	24	هَٰذِهِۦٓ	w-s018-a019-w024	18:19:24	one_to_one
t-s018-a019-w025	18:19	25	إِلَى	w-s018-a019-w025	18:19:25	one_to_one
t-s018-a019-w026	18:19	26	ٱلْمَدِينَةِ	w-s018-a019-w026	18:19:26	one_to_one
t-s018-a019-w027	18:19	27	فَلْيَنظُرْ	w-s018-a019-w027	18:19:27	one_to_one
t-s018-a019-w028	18:19	28	أَيُّهَآ	w-s018-a019-w028	18:19:28	one_to_one
t-s018-a019-w029	18:19	29	أَزْكَىٰ	w-s018-a019-w029	18:19:29	one_to_one
t-s018-a019-w030	18:19	30	طَعَامًۭا	w-s018-a019-w030	18:19:30	one_to_one
t-s018-a019-w031	18:19	31	فَلْيَأْتِكُم	w-s018-a019-w031	18:19:31	one_to_one
t-s018-a019-w032	18:19	32	بِرِزْقٍۢ	w-s018-a019-w032	18:19:32	one_to_one
t-s018-a019-w033	18:19	33	مِّنْهُ	w-s018-a019-w033	18:19:33	one_to_one
t-s018-a019-w034	18:19	34	وَلْيَتَلَطَّفْ	w-s018-a019-w034	18:19:34	one_to_one
t-s018-a019-w035	18:19	35	وَلَا	w-s018-a019-w035	18:19:35	one_to_one
t-s018-a019-w036	18:19	36	يُشْعِرَنَّ	w-s018-a019-w036	18:19:36	one_to_one
t-s018-a019-w037	18:19	37	بِكُمْ	w-s018-a019-w037	18:19:37	one_to_one
t-s018-a019-w038	18:19	38	أَحَدًا	w-s018-a019-w038	18:19:38	one_to_one
t-s018-a020-w001	18:20	1	إِنَّهُمْ	w-s018-a020-w001	18:20:1	one_to_one
t-s018-a020-w002	18:20	2	إِن	w-s018-a020-w002	18:20:2	one_to_one
t-s018-a020-w003	18:20	3	يَظْهَرُوا۟	w-s018-a020-w003	18:20:3	one_to_one
t-s018-a020-w004	18:20	4	عَلَيْكُمْ	w-s018-a020-w004	18:20:4	one_to_one
t-s018-a020-w005	18:20	5	يَرْجُمُوكُمْ	w-s018-a020-w005	18:20:5	one_to_one
t-s018-a020-w006	18:20	6	أَوْ	w-s018-a020-w006	18:20:6	one_to_one
t-s018-a020-w007	18:20	7	يُعِيدُوكُمْ	w-s018-a020-w007	18:20:7	one_to_one
t-s018-a020-w008	18:20	8	فِى	w-s018-a020-w008	18:20:8	one_to_one
t-s018-a020-w009	18:20	9	مِلَّتِهِمْ	w-s018-a020-w009	18:20:9	one_to_one
t-s018-a020-w010	18:20	10	وَلَن	w-s018-a020-w010	18:20:10	one_to_one
t-s018-a020-w011	18:20	11	تُفْلِحُوٓا۟	w-s018-a020-w011	18:20:11	one_to_one
t-s018-a020-w012	18:20	12	إِذًا	w-s018-a020-w012	18:20:12	one_to_one
t-s018-a020-w013	18:20	13	أَبَدًۭا	w-s018-a020-w013	18:20:13	one_to_one
t-s018-a021-w001	18:21	1	وَكَذَٰلِكَ	w-s018-a021-w001	18:21:1	one_to_one
t-s018-a021-w002	18:21	2	أَعْثَرْنَا	w-s018-a021-w002	18:21:2	one_to_one
t-s018-a021-w003	18:21	3	عَلَيْهِمْ	w-s018-a021-w003	18:21:3	one_to_one
t-s018-a021-w004	18:21	4	لِيَعْلَمُوٓا۟	w-s018-a021-w004	18:21:4	one_to_one
t-s018-a021-w005	18:21	5	أَنَّ	w-s018-a021-w005	18:21:5	one_to_one
t-s018-a021-w006	18:21	6	وَعْدَ	w-s018-a021-w006	18:21:6	one_to_one
t-s018-a021-w007	18:21	7	ٱللَّهِ	w-s018-a021-w007	18:21:7	one_to_one
t-s018-a021-w008	18:21	8	حَقٌّۭ	w-s018-a021-w008	18:21:8	one_to_one
t-s018-a021-w009	18:21	9	وَأَنَّ	w-s018-a021-w009	18:21:9	one_to_one
t-s018-a021-w010	18:21	10	ٱلسَّاعَةَ	w-s018-a021-w010	18:21:10	one_to_one
t-s018-a021-w011	18:21	11	لَا	w-s018-a021-w011	18:21:11	one_to_one
t-s018-a021-w012	18:21	12	رَيْبَ	w-s018-a021-w012	18:21:12	one_to_one
t-s018-a021-w013	18:21	13	فِيهَآ	w-s018-a021-w013	18:21:13	one_to_one
t-s018-a021-w014	18:21	14	إِذْ	w-s018-a021-w014	18:21:14	one_to_one
t-s018-a021-w015	18:21	15	يَتَنَٰزَعُونَ	w-s018-a021-w015	18:21:15	one_to_one
t-s018-a021-w016	18:21	16	بَيْنَهُمْ	w-s018-a021-w016	18:21:16	one_to_one
t-s018-a021-w017	18:21	17	أَمْرَهُمْ	w-s018-a021-w017	18:21:17	one_to_one
t-s018-a021-w018	18:21	18	فَقَالُوا۟	w-s018-a021-w018	18:21:18	one_to_one
t-s018-a021-w019	18:21	19	ٱبْنُوا۟	w-s018-a021-w019	18:21:19	one_to_one
t-s018-a021-w020	18:21	20	عَلَيْهِم	w-s018-a021-w020	18:21:20	one_to_one
t-s018-a021-w021	18:21	21	بُنْيَٰنًۭا	w-s018-a021-w021	18:21:21	one_to_one
t-s018-a021-w022	18:21	22	رَّبُّهُمْ	w-s018-a021-w022	18:21:22	one_to_one
t-s018-a021-w023	18:21	23	أَعْلَمُ	w-s018-a021-w023	18:21:23	one_to_one
t-s018-a021-w024	18:21	24	بِهِمْ	w-s018-a021-w024	18:21:24	one_to_one
t-s018-a021-w025	18:21	25	قَالَ	w-s018-a021-w025	18:21:25	one_to_one
t-s018-a021-w026	18:21	26	ٱلَّذِينَ	w-s018-a021-w026	18:21:26	one_to_one
t-s018-a021-w027	18:21	27	غَلَبُوا۟	w-s018-a021-w027	18:21:27	one_to_one
t-s018-a021-w028	18:21	28	عَلَىٰٓ	w-s018-a021-w028	18:21:28	one_to_one
t-s018-a021-w029	18:21	29	أَمْرِهِمْ	w-s018-a021-w029	18:21:29	one_to_one
t-s018-a021-w030	18:21	30	لَنَتَّخِذَنَّ	w-s018-a021-w030	18:21:30	one_to_one
t-s018-a021-w031	18:21	31	عَلَيْهِم	w-s018-a021-w031	18:21:31	one_to_one
t-s018-a021-w032	18:21	32	مَّسْجِدًۭا	w-s018-a021-w032	18:21:32	one_to_one
t-s018-a022-w001	18:22	1	سَيَقُولُونَ	w-s018-a022-w001	18:22:1	one_to_one
t-s018-a022-w002	18:22	2	ثَلَٰثَةٌۭ	w-s018-a022-w002	18:22:2	one_to_one
t-s018-a022-w003	18:22	3	رَّابِعُهُمْ	w-s018-a022-w003	18:22:3	one_to_one
t-s018-a022-w004	18:22	4	كَلْبُهُمْ	w-s018-a022-w004	18:22:4	one_to_one
t-s018-a022-w005	18:22	5	وَيَقُولُونَ	w-s018-a022-w005	18:22:5	one_to_one
t-s018-a022-w006	18:22	6	خَمْسَةٌۭ	w-s018-a022-w006	18:22:6	one_to_one
t-s018-a022-w007	18:22	7	سَادِسُهُمْ	w-s018-a022-w007	18:22:7	one_to_one
t-s018-a022-w008	18:22	8	كَلْبُهُمْ	w-s018-a022-w008	18:22:8	one_to_one
t-s018-a022-w009	18:22	9	رَجْمًۢا	w-s018-a022-w009	18:22:9	one_to_one
t-s018-a022-w010	18:22	10	بِٱلْغَيْبِ	w-s018-a022-w010	18:22:10	one_to_one
t-s018-a022-w011	18:22	11	وَيَقُولُونَ	w-s018-a022-w011	18:22:11	one_to_one
t-s018-a022-w012	18:22	12	سَبْعَةٌۭ	w-s018-a022-w012	18:22:12	one_to_one
t-s018-a022-w013	18:22	13	وَثَامِنُهُمْ	w-s018-a022-w013	18:22:13	one_to_one
t-s018-a022-w014	18:22	14	كَلْبُهُمْ	w-s018-a022-w014	18:22:14	one_to_one
t-s018-a022-w015	18:22	15	قُل	w-s018-a022-w015	18:22:15	one_to_one
t-s018-a022-w016	18:22	16	رَّبِّىٓ	w-s018-a022-w016	18:22:16	one_to_one
t-s018-a022-w017	18:22	17	أَعْلَمُ	w-s018-a022-w017	18:22:17	one_to_one
t-s018-a022-w018	18:22	18	بِعِدَّتِهِم	w-s018-a022-w018	18:22:18	one_to_one
t-s018-a022-w019	18:22	19	مَّا	w-s018-a022-w019	18:22:19	one_to_one
t-s018-a022-w020	18:22	20	يَعْلَمُهُمْ	w-s018-a022-w020	18:22:20	one_to_one
t-s018-a022-w021	18:22	21	إِلَّا	w-s018-a022-w021	18:22:21	one_to_one
t-s018-a022-w022	18:22	22	قَلِيلٌۭ	w-s018-a022-w022	18:22:22	one_to_one
t-s018-a022-w023	18:22	23	فَلَا	w-s018-a022-w023	18:22:23	one_to_one
t-s018-a022-w024	18:22	24	تُمَارِ	w-s018-a022-w024	18:22:24	one_to_one
t-s018-a022-w025	18:22	25	فِيهِمْ	w-s018-a022-w025	18:22:25	one_to_one
t-s018-a022-w026	18:22	26	إِلَّا	w-s018-a022-w026	18:22:26	one_to_one
t-s018-a022-w027	18:22	27	مِرَآءًۭ	w-s018-a022-w027	18:22:27	one_to_one
t-s018-a022-w028	18:22	28	ظَٰهِرًۭا	w-s018-a022-w028	18:22:28	one_to_one
t-s018-a022-w029	18:22	29	وَلَا	w-s018-a022-w029	18:22:29	one_to_one
t-s018-a022-w030	18:22	30	تَسْتَفْتِ	w-s018-a022-w030	18:22:30	one_to_one
t-s018-a022-w031	18:22	31	فِيهِم	w-s018-a022-w031	18:22:31	one_to_one
t-s018-a022-w032	18:22	32	مِّنْهُمْ	w-s018-a022-w032	18:22:32	one_to_one
t-s018-a022-w033	18:22	33	أَحَدًۭا	w-s018-a022-w033	18:22:33	one_to_one
t-s018-a023-w001	18:23	1	وَلَا	w-s018-a023-w001	18:23:1	one_to_one
t-s018-a023-w002	18:23	2	تَقُولَنَّ	w-s018-a023-w002	18:23:2	one_to_one
t-s018-a023-w003	18:23	3	لِشَا۟ىْءٍ	w-s018-a023-w003	18:23:3	one_to_one
t-s018-a023-w004	18:23	4	إِنِّى	w-s018-a023-w004	18:23:4	one_to_one
t-s018-a023-w005	18:23	5	فَاعِلٌۭ	w-s018-a023-w005	18:23:5	one_to_one
t-s018-a023-w006	18:23	6	ذَٰلِكَ	w-s018-a023-w006	18:23:6	one_to_one
t-s018-a023-w007	18:23	7	غَدًا	w-s018-a023-w007	18:23:7	one_to_one
t-s018-a024-w001	18:24	1	إِلَّآ	w-s018-a024-w001	18:24:1	one_to_one
t-s018-a024-w002	18:24	2	أَن	w-s018-a024-w002	18:24:2	one_to_one
t-s018-a024-w003	18:24	3	يَشَآءَ	w-s018-a024-w003	18:24:3	one_to_one
t-s018-a024-w004	18:24	4	ٱللَّهُ	w-s018-a024-w004	18:24:4	one_to_one
t-s018-a024-w005	18:24	5	وَٱذْكُر	w-s018-a024-w005	18:24:5	one_to_one
t-s018-a024-w006	18:24	6	رَّبَّكَ	w-s018-a024-w006	18:24:6	one_to_one
t-s018-a024-w007	18:24	7	إِذَا	w-s018-a024-w007	18:24:7	one_to_one
t-s018-a024-w008	18:24	8	نَسِيتَ	w-s018-a024-w008	18:24:8	one_to_one
t-s018-a024-w009	18:24	9	وَقُلْ	w-s018-a024-w009	18:24:9	one_to_one
t-s018-a024-w010	18:24	10	عَسَىٰٓ	w-s018-a024-w010	18:24:10	one_to_one
t-s018-a024-w011	18:24	11	أَن	w-s018-a024-w011	18:24:11	one_to_one
t-s018-a024-w012	18:24	12	يَهْدِيَنِ	w-s018-a024-w012	18:24:12	one_to_one
t-s018-a024-w013	18:24	13	رَبِّى	w-s018-a024-w013	18:24:13	one_to_one
t-s018-a024-w014	18:24	14	لِأَقْرَبَ	w-s018-a024-w014	18:24:14	one_to_one
t-s018-a024-w015	18:24	15	مِنْ	w-s018-a024-w015	18:24:15	one_to_one
t-s018-a024-w016	18:24	16	هَٰذَا	w-s018-a024-w016	18:24:16	one_to_one
t-s018-a024-w017	18:24	17	رَشَدًۭا	w-s018-a024-w017	18:24:17	one_to_one
t-s018-a025-w001	18:25	1	وَلَبِثُوا۟	w-s018-a025-w001	18:25:1	one_to_one
t-s018-a025-w002	18:25	2	فِى	w-s018-a025-w002	18:25:2	one_to_one
t-s018-a025-w003	18:25	3	كَهْفِهِمْ	w-s018-a025-w003	18:25:3	one_to_one
t-s018-a025-w004	18:25	4	ثَلَٰثَ	w-s018-a025-w004	18:25:4	one_to_one
t-s018-a025-w005	18:25	5	مِا۟ئَةٍۢ	w-s018-a025-w005	18:25:5	one_to_one
t-s018-a025-w006	18:25	6	سِنِينَ	w-s018-a025-w006	18:25:6	one_to_one
t-s018-a025-w007	18:25	7	وَٱزْدَادُوا۟	w-s018-a025-w007	18:25:7	one_to_one
t-s018-a025-w008	18:25	8	تِسْعًۭا	w-s018-a025-w008	18:25:8	one_to_one
t-s018-a026-w001	18:26	1	قُلِ	w-s018-a026-w001	18:26:1	one_to_one
t-s018-a026-w002	18:26	2	ٱللَّهُ	w-s018-a026-w002	18:26:2	one_to_one
t-s018-a026-w003	18:26	3	أَعْلَمُ	w-s018-a026-w003	18:26:3	one_to_one
t-s018-a026-w004	18:26	4	بِمَا	w-s018-a026-w004	18:26:4	one_to_one
t-s018-a026-w005	18:26	5	لَبِثُوا۟	w-s018-a026-w005	18:26:5	one_to_one
t-s018-a026-w006	18:26	6	لَهُۥ	w-s018-a026-w006	18:26:6	one_to_one
t-s018-a026-w007	18:26	7	غَيْبُ	w-s018-a026-w007	18:26:7	one_to_one
t-s018-a026-w008	18:26	8	ٱلسَّمَٰوَٰتِ	w-s018-a026-w008	18:26:8	one_to_one
t-s018-a026-w009	18:26	9	وَٱلْأَرْضِ	w-s018-a026-w009	18:26:9	one_to_one
t-s018-a026-w010	18:26	10	أَبْصِرْ	w-s018-a026-w010	18:26:10	one_to_one
t-s018-a026-w011	18:26	11	بِهِۦ	w-s018-a026-w011	18:26:11	one_to_one
t-s018-a026-w012	18:26	12	وَأَسْمِعْ	w-s018-a026-w012	18:26:12	one_to_one
t-s018-a026-w013	18:26	13	مَا	w-s018-a026-w013	18:26:13	one_to_one
t-s018-a026-w014	18:26	14	لَهُم	w-s018-a026-w014	18:26:14	one_to_one
t-s018-a026-w015	18:26	15	مِّن	w-s018-a026-w015	18:26:15	one_to_one
t-s018-a026-w016	18:26	16	دُونِهِۦ	w-s018-a026-w016	18:26:16	one_to_one
t-s018-a026-w017	18:26	17	مِن	w-s018-a026-w017	18:26:17	one_to_one
t-s018-a026-w018	18:26	18	وَلِىٍّۢ	w-s018-a026-w018	18:26:18	one_to_one
t-s018-a026-w019	18:26	19	وَلَا	w-s018-a026-w019	18:26:19	one_to_one
t-s018-a026-w020	18:26	20	يُشْرِكُ	w-s018-a026-w020	18:26:20	one_to_one
t-s018-a026-w021	18:26	21	فِى	w-s018-a026-w021	18:26:21	one_to_one
t-s018-a026-w022	18:26	22	حُكْمِهِۦٓ	w-s018-a026-w022	18:26:22	one_to_one
t-s018-a026-w023	18:26	23	أَحَدًۭا	w-s018-a026-w023	18:26:23	one_to_one
t-s018-a027-w001	18:27	1	وَٱتْلُ	w-s018-a027-w001	18:27:1	one_to_one
t-s018-a027-w002	18:27	2	مَآ	w-s018-a027-w002	18:27:2	one_to_one
t-s018-a027-w003	18:27	3	أُوحِىَ	w-s018-a027-w003	18:27:3	one_to_one
t-s018-a027-w004	18:27	4	إِلَيْكَ	w-s018-a027-w004	18:27:4	one_to_one
t-s018-a027-w005	18:27	5	مِن	w-s018-a027-w005	18:27:5	one_to_one
t-s018-a027-w006	18:27	6	كِتَابِ	w-s018-a027-w006	18:27:6	one_to_one
t-s018-a027-w007	18:27	7	رَبِّكَ	w-s018-a027-w007	18:27:7	one_to_one
t-s018-a027-w008	18:27	8	لَا	w-s018-a027-w008	18:27:8	one_to_one
t-s018-a027-w009	18:27	9	مُبَدِّلَ	w-s018-a027-w009	18:27:9	one_to_one
t-s018-a027-w010	18:27	10	لِكَلِمَٰتِهِۦ	w-s018-a027-w010	18:27:10	one_to_one
t-s018-a027-w011	18:27	11	وَلَن	w-s018-a027-w011	18:27:11	one_to_one
t-s018-a027-w012	18:27	12	تَجِدَ	w-s018-a027-w012	18:27:12	one_to_one
t-s018-a027-w013	18:27	13	مِن	w-s018-a027-w013	18:27:13	one_to_one
t-s018-a027-w014	18:27	14	دُونِهِۦ	w-s018-a027-w014	18:27:14	one_to_one
t-s018-a027-w015	18:27	15	مُلْتَحَدًۭا	w-s018-a027-w015	18:27:15	one_to_one
t-s018-a028-w001	18:28	1	وَٱصْبِرْ	w-s018-a028-w001	18:28:1	one_to_one
t-s018-a028-w002	18:28	2	نَفْسَكَ	w-s018-a028-w002	18:28:2	one_to_one
t-s018-a028-w003	18:28	3	مَعَ	w-s018-a028-w003	18:28:3	one_to_one
t-s018-a028-w004	18:28	4	ٱلَّذِينَ	w-s018-a028-w004	18:28:4	one_to_one
t-s018-a028-w005	18:28	5	يَدْعُونَ	w-s018-a028-w005	18:28:5	one_to_one
t-s018-a028-w006	18:28	6	رَبَّهُم	w-s018-a028-w006	18:28:6	one_to_one
t-s018-a028-w007	18:28	7	بِٱلْغَدَوٰةِ	w-s018-a028-w007	18:28:7	one_to_one
t-s018-a028-w008	18:28	8	وَٱلْعَشِىِّ	w-s018-a028-w008	18:28:8	one_to_one
t-s018-a028-w009	18:28	9	يُرِيدُونَ	w-s018-a028-w009	18:28:9	one_to_one
t-s018-a028-w010	18:28	10	وَجْهَهُۥ	w-s018-a028-w010	18:28:10	one_to_one
t-s018-a028-w011	18:28	11	وَلَا	w-s018-a028-w011	18:28:11	one_to_one
t-s018-a028-w012	18:28	12	تَعْدُ	w-s018-a028-w012	18:28:12	one_to_one
t-s018-a028-w013	18:28	13	عَيْنَاكَ	w-s018-a028-w013	18:28:13	one_to_one
t-s018-a028-w014	18:28	14	عَنْهُمْ	w-s018-a028-w014	18:28:14	one_to_one
t-s018-a028-w015	18:28	15	تُرِيدُ	w-s018-a028-w015	18:28:15	one_to_one
t-s018-a028-w016	18:28	16	زِينَةَ	w-s018-a028-w016	18:28:16	one_to_one
t-s018-a028-w017	18:28	17	ٱلْحَيَوٰةِ	w-s018-a028-w017	18:28:17	one_to_one
t-s018-a028-w018	18:28	18	ٱلدُّنْيَا	w-s018-a028-w018	18:28:18	one_to_one
t-s018-a028-w019	18:28	19	وَلَا	w-s018-a028-w019	18:28:19	one_to_one
t-s018-a028-w020	18:28	20	تُطِعْ	w-s018-a028-w020	18:28:20	one_to_one
t-s018-a028-w021	18:28	21	مَنْ	w-s018-a028-w021	18:28:21	one_to_one
t-s018-a028-w022	18:28	22	أَغْفَلْنَا	w-s018-a028-w022	18:28:22	one_to_one
t-s018-a028-w023	18:28	23	قَلْبَهُۥ	w-s018-a028-w023	18:28:23	one_to_one
t-s018-a028-w024	18:28	24	عَن	w-s018-a028-w024	18:28:24	one_to_one
t-s018-a028-w025	18:28	25	ذِكْرِنَا	w-s018-a028-w025	18:28:25	one_to_one
t-s018-a028-w026	18:28	26	وَٱتَّبَعَ	w-s018-a028-w026	18:28:26	one_to_one
t-s018-a028-w027	18:28	27	هَوَىٰهُ	w-s018-a028-w027	18:28:27	one_to_one
t-s018-a028-w028	18:28	28	وَكَانَ	w-s018-a028-w028	18:28:28	one_to_one
t-s018-a028-w029	18:28	29	أَمْرُهُۥ	w-s018-a028-w029	18:28:29	one_to_one
t-s018-a028-w030	18:28	30	فُرُطًۭا	w-s018-a028-w030	18:28:30	one_to_one
t-s018-a029-w001	18:29	1	وَقُلِ	w-s018-a029-w001	18:29:1	one_to_one
t-s018-a029-w002	18:29	2	ٱلْحَقُّ	w-s018-a029-w002	18:29:2	one_to_one
t-s018-a029-w003	18:29	3	مِن	w-s018-a029-w003	18:29:3	one_to_one
t-s018-a029-w004	18:29	4	رَّبِّكُمْ	w-s018-a029-w004	18:29:4	one_to_one
t-s018-a029-w005	18:29	5	فَمَن	w-s018-a029-w005	18:29:5	one_to_one
t-s018-a029-w006	18:29	6	شَآءَ	w-s018-a029-w006	18:29:6	one_to_one
t-s018-a029-w007	18:29	7	فَلْيُؤْمِن	w-s018-a029-w007	18:29:7	one_to_one
t-s018-a029-w008	18:29	8	وَمَن	w-s018-a029-w008	18:29:8	one_to_one
t-s018-a029-w009	18:29	9	شَآءَ	w-s018-a029-w009	18:29:9	one_to_one
t-s018-a029-w010	18:29	10	فَلْيَكْفُرْ	w-s018-a029-w010	18:29:10	one_to_one
t-s018-a029-w011	18:29	11	إِنَّآ	w-s018-a029-w011	18:29:11	one_to_one
t-s018-a029-w012	18:29	12	أَعْتَدْنَا	w-s018-a029-w012	18:29:12	one_to_one
t-s018-a029-w013	18:29	13	لِلظَّٰلِمِينَ	w-s018-a029-w013	18:29:13	one_to_one
t-s018-a029-w014	18:29	14	نَارًا	w-s018-a029-w014	18:29:14	one_to_one
t-s018-a029-w015	18:29	15	أَحَاطَ	w-s018-a029-w015	18:29:15	one_to_one
t-s018-a029-w016	18:29	16	بِهِمْ	w-s018-a029-w016	18:29:16	one_to_one
t-s018-a029-w017	18:29	17	سُرَادِقُهَا	w-s018-a029-w017	18:29:17	one_to_one
t-s018-a029-w018	18:29	18	وَإِن	w-s018-a029-w018	18:29:18	one_to_one
t-s018-a029-w019	18:29	19	يَسْتَغِيثُوا۟	w-s018-a029-w019	18:29:19	one_to_one
t-s018-a029-w020	18:29	20	يُغَاثُوا۟	w-s018-a029-w020	18:29:20	one_to_one
t-s018-a029-w021	18:29	21	بِمَآءٍۢ	w-s018-a029-w021	18:29:21	one_to_one
t-s018-a029-w022	18:29	22	كَٱلْمُهْلِ	w-s018-a029-w022	18:29:22	one_to_one
t-s018-a029-w023	18:29	23	يَشْوِى	w-s018-a029-w023	18:29:23	one_to_one
t-s018-a029-w024	18:29	24	ٱلْوُجُوهَ	w-s018-a029-w024	18:29:24	one_to_one
t-s018-a029-w025	18:29	25	بِئْسَ	w-s018-a029-w025	18:29:25	one_to_one
t-s018-a029-w026	18:29	26	ٱلشَّرَابُ	w-s018-a029-w026	18:29:26	one_to_one
t-s018-a029-w027	18:29	27	وَسَآءَتْ	w-s018-a029-w027	18:29:27	one_to_one
t-s018-a029-w028	18:29	28	مُرْتَفَقًا	w-s018-a029-w028	18:29:28	one_to_one
t-s018-a030-w001	18:30	1	إِنَّ	w-s018-a030-w001	18:30:1	one_to_one
t-s018-a030-w002	18:30	2	ٱلَّذِينَ	w-s018-a030-w002	18:30:2	one_to_one
t-s018-a030-w003	18:30	3	ءَامَنُوا۟	w-s018-a030-w003	18:30:3	one_to_one
t-s018-a030-w004	18:30	4	وَعَمِلُوا۟	w-s018-a030-w004	18:30:4	one_to_one
t-s018-a030-w005	18:30	5	ٱلصَّٰلِحَٰتِ	w-s018-a030-w005	18:30:5	one_to_one
t-s018-a030-w006	18:30	6	إِنَّا	w-s018-a030-w006	18:30:6	one_to_one
t-s018-a030-w007	18:30	7	لَا	w-s018-a030-w007	18:30:7	one_to_one
t-s018-a030-w008	18:30	8	نُضِيعُ	w-s018-a030-w008	18:30:8	one_to_one
t-s018-a030-w009	18:30	9	أَجْرَ	w-s018-a030-w009	18:30:9	one_to_one
t-s018-a030-w010	18:30	10	مَنْ	w-s018-a030-w010	18:30:10	one_to_one
t-s018-a030-w011	18:30	11	أَحْسَنَ	w-s018-a030-w011	18:30:11	one_to_one
t-s018-a030-w012	18:30	12	عَمَلًا	w-s018-a030-w012	18:30:12	one_to_one
t-s018-a031-w001	18:31	1	أُو۟لَٰٓئِكَ	w-s018-a031-w001	18:31:1	one_to_one
t-s018-a031-w002	18:31	2	لَهُمْ	w-s018-a031-w002	18:31:2	one_to_one
t-s018-a031-w003	18:31	3	جَنَّٰتُ	w-s018-a031-w003	18:31:3	one_to_one
t-s018-a031-w004	18:31	4	عَدْنٍۢ	w-s018-a031-w004	18:31:4	one_to_one
t-s018-a031-w005	18:31	5	تَجْرِى	w-s018-a031-w005	18:31:5	one_to_one
t-s018-a031-w006	18:31	6	مِن	w-s018-a031-w006	18:31:6	one_to_one
t-s018-a031-w007	18:31	7	تَحْتِهِمُ	w-s018-a031-w007	18:31:7	one_to_one
t-s018-a031-w008	18:31	8	ٱلْأَنْهَٰرُ	w-s018-a031-w008	18:31:8	one_to_one
t-s018-a031-w009	18:31	9	يُحَلَّوْنَ	w-s018-a031-w009	18:31:9	one_to_one
t-s018-a031-w010	18:31	10	فِيهَا	w-s018-a031-w010	18:31:10	one_to_one
t-s018-a031-w011	18:31	11	مِنْ	w-s018-a031-w011	18:31:11	one_to_one
t-s018-a031-w012	18:31	12	أَسَاوِرَ	w-s018-a031-w012	18:31:12	one_to_one
t-s018-a031-w013	18:31	13	مِن	w-s018-a031-w013	18:31:13	one_to_one
t-s018-a031-w014	18:31	14	ذَهَبٍۢ	w-s018-a031-w014	18:31:14	one_to_one
t-s018-a031-w015	18:31	15	وَيَلْبَسُونَ	w-s018-a031-w015	18:31:15	one_to_one
t-s018-a031-w016	18:31	16	ثِيَابًا	w-s018-a031-w016	18:31:16	one_to_one
t-s018-a031-w017	18:31	17	خُضْرًۭا	w-s018-a031-w017	18:31:17	one_to_one
t-s018-a031-w018	18:31	18	مِّن	w-s018-a031-w018	18:31:18	one_to_one
t-s018-a031-w019	18:31	19	سُندُسٍۢ	w-s018-a031-w019	18:31:19	one_to_one
t-s018-a031-w020	18:31	20	وَإِسْتَبْرَقٍۢ	w-s018-a031-w020	18:31:20	one_to_one
t-s018-a031-w021	18:31	21	مُّتَّكِـِٔينَ	w-s018-a031-w021	18:31:21	one_to_one
t-s018-a031-w022	18:31	22	فِيهَا	w-s018-a031-w022	18:31:22	one_to_one
t-s018-a031-w023	18:31	23	عَلَى	w-s018-a031-w023	18:31:23	one_to_one
t-s018-a031-w024	18:31	24	ٱلْأَرَآئِكِ	w-s018-a031-w024	18:31:24	one_to_one
t-s018-a031-w025	18:31	25	نِعْمَ	w-s018-a031-w025	18:31:25	one_to_one
t-s018-a031-w026	18:31	26	ٱلثَّوَابُ	w-s018-a031-w026	18:31:26	one_to_one
t-s018-a031-w027	18:31	27	وَحَسُنَتْ	w-s018-a031-w027	18:31:27	one_to_one
t-s018-a031-w028	18:31	28	مُرْتَفَقًۭا	w-s018-a031-w028	18:31:28	one_to_one
t-s018-a032-w001	18:32	1	وَٱضْرِبْ	w-s018-a032-w001	18:32:1	one_to_one
t-s018-a032-w002	18:32	2	لَهُم	w-s018-a032-w002	18:32:2	one_to_one
t-s018-a032-w003	18:32	3	مَّثَلًۭا	w-s018-a032-w003	18:32:3	one_to_one
t-s018-a032-w004	18:32	4	رَّجُلَيْنِ	w-s018-a032-w004	18:32:4	one_to_one
t-s018-a032-w005	18:32	5	جَعَلْنَا	w-s018-a032-w005	18:32:5	one_to_one
t-s018-a032-w006	18:32	6	لِأَحَدِهِمَا	w-s018-a032-w006	18:32:6	one_to_one
t-s018-a032-w007	18:32	7	جَنَّتَيْنِ	w-s018-a032-w007	18:32:7	one_to_one
t-s018-a032-w008	18:32	8	مِنْ	w-s018-a032-w008	18:32:8	one_to_one
t-s018-a032-w009	18:32	9	أَعْنَٰبٍۢ	w-s018-a032-w009	18:32:9	one_to_one
t-s018-a032-w010	18:32	10	وَحَفَفْنَٰهُمَا	w-s018-a032-w010	18:32:10	one_to_one
t-s018-a032-w011	18:32	11	بِنَخْلٍۢ	w-s018-a032-w011	18:32:11	one_to_one
t-s018-a032-w012	18:32	12	وَجَعَلْنَا	w-s018-a032-w012	18:32:12	one_to_one
t-s018-a032-w013	18:32	13	بَيْنَهُمَا	w-s018-a032-w013	18:32:13	one_to_one
t-s018-a032-w014	18:32	14	زَرْعًۭا	w-s018-a032-w014	18:32:14	one_to_one
t-s018-a033-w001	18:33	1	كِلْتَا	w-s018-a033-w001	18:33:1	one_to_one
t-s018-a033-w002	18:33	2	ٱلْجَنَّتَيْنِ	w-s018-a033-w002	18:33:2	one_to_one
t-s018-a033-w003	18:33	3	ءَاتَتْ	w-s018-a033-w003	18:33:3	one_to_one
t-s018-a033-w004	18:33	4	أُكُلَهَا	w-s018-a033-w004	18:33:4	one_to_one
t-s018-a033-w005	18:33	5	وَلَمْ	w-s018-a033-w005	18:33:5	one_to_one
t-s018-a033-w006	18:33	6	تَظْلِم	w-s018-a033-w006	18:33:6	one_to_one
t-s018-a033-w007	18:33	7	مِّنْهُ	w-s018-a033-w007	18:33:7	one_to_one
t-s018-a033-w008	18:33	8	شَيْـًۭٔا	w-s018-a033-w008	18:33:8	one_to_one
t-s018-a033-w009	18:33	9	وَفَجَّرْنَا	w-s018-a033-w009	18:33:9	one_to_one
t-s018-a033-w010	18:33	10	خِلَٰلَهُمَا	w-s018-a033-w010	18:33:10	one_to_one
t-s018-a033-w011	18:33	11	نَهَرًۭا	w-s018-a033-w011	18:33:11	one_to_one
t-s018-a034-w001	18:34	1	وَكَانَ	w-s018-a034-w001	18:34:1	one_to_one
t-s018-a034-w002	18:34	2	لَهُۥ	w-s018-a034-w002	18:34:2	one_to_one
t-s018-a034-w003	18:34	3	ثَمَرٌۭ	w-s018-a034-w003	18:34:3	one_to_one
t-s018-a034-w004	18:34	4	فَقَالَ	w-s018-a034-w004	18:34:4	one_to_one
t-s018-a034-w005	18:34	5	لِصَٰحِبِهِۦ	w-s018-a034-w005	18:34:5	one_to_one
t-s018-a034-w006	18:34	6	وَهُوَ	w-s018-a034-w006	18:34:6	one_to_one
t-s018-a034-w007	18:34	7	يُحَاوِرُهُۥٓ	w-s018-a034-w007	18:34:7	one_to_one
t-s018-a034-w008	18:34	8	أَنَا۠	w-s018-a034-w008	18:34:8	one_to_one
t-s018-a034-w009	18:34	9	أَكْثَرُ	w-s018-a034-w009	18:34:9	one_to_one
t-s018-a034-w010	18:34	10	مِنكَ	w-s018-a034-w010	18:34:10	one_to_one
t-s018-a034-w011	18:34	11	مَالًۭا	w-s018-a034-w011	18:34:11	one_to_one
t-s018-a034-w012	18:34	12	وَأَعَزُّ	w-s018-a034-w012	18:34:12	one_to_one
t-s018-a034-w013	18:34	13	نَفَرًۭا	w-s018-a034-w013	18:34:13	one_to_one
t-s018-a035-w001	18:35	1	وَدَخَلَ	w-s018-a035-w001	18:35:1	one_to_one
t-s018-a035-w002	18:35	2	جَنَّتَهُۥ	w-s018-a035-w002	18:35:2	one_to_one
t-s018-a035-w003	18:35	3	وَهُوَ	w-s018-a035-w003	18:35:3	one_to_one
t-s018-a035-w004	18:35	4	ظَالِمٌۭ	w-s018-a035-w004	18:35:4	one_to_one
t-s018-a035-w005	18:35	5	لِّنَفْسِهِۦ	w-s018-a035-w005	18:35:5	one_to_one
t-s018-a035-w006	18:35	6	قَالَ	w-s018-a035-w006	18:35:6	one_to_one
t-s018-a035-w007	18:35	7	مَآ	w-s018-a035-w007	18:35:7	one_to_one
t-s018-a035-w008	18:35	8	أَظُنُّ	w-s018-a035-w008	18:35:8	one_to_one
t-s018-a035-w009	18:35	9	أَن	w-s018-a035-w009	18:35:9	one_to_one
t-s018-a035-w010	18:35	10	تَبِيدَ	w-s018-a035-w010	18:35:10	one_to_one
t-s018-a035-w011	18:35	11	هَٰذِهِۦٓ	w-s018-a035-w011	18:35:11	one_to_one
t-s018-a035-w012	18:35	12	أَبَدًۭا	w-s018-a035-w012	18:35:12	one_to_one
t-s018-a036-w001	18:36	1	وَمَآ	w-s018-a036-w001	18:36:1	one_to_one
t-s018-a036-w002	18:36	2	أَظُنُّ	w-s018-a036-w002	18:36:2	one_to_one
t-s018-a036-w003	18:36	3	ٱلسَّاعَةَ	w-s018-a036-w003	18:36:3	one_to_one
t-s018-a036-w004	18:36	4	قَآئِمَةًۭ	w-s018-a036-w004	18:36:4	one_to_one
t-s018-a036-w005	18:36	5	وَلَئِن	w-s018-a036-w005	18:36:5	one_to_one
t-s018-a036-w006	18:36	6	رُّدِدتُّ	w-s018-a036-w006	18:36:6	one_to_one
t-s018-a036-w007	18:36	7	إِلَىٰ	w-s018-a036-w007	18:36:7	one_to_one
t-s018-a036-w008	18:36	8	رَبِّى	w-s018-a036-w008	18:36:8	one_to_one
t-s018-a036-w009	18:36	9	لَأَجِدَنَّ	w-s018-a036-w009	18:36:9	one_to_one
t-s018-a036-w010	18:36	10	خَيْرًۭا	w-s018-a036-w010	18:36:10	one_to_one
t-s018-a036-w011	18:36	11	مِّنْهَا	w-s018-a036-w011	18:36:11	one_to_one
t-s018-a036-w012	18:36	12	مُنقَلَبًۭا	w-s018-a036-w012	18:36:12	one_to_one
t-s018-a037-w001	18:37	1	قَالَ	w-s018-a037-w001	18:37:1	one_to_one
t-s018-a037-w002	18:37	2	لَهُۥ	w-s018-a037-w002	18:37:2	one_to_one
t-s018-a037-w003	18:37	3	صَاحِبُهُۥ	w-s018-a037-w003	18:37:3	one_to_one
t-s018-a037-w004	18:37	4	وَهُوَ	w-s018-a037-w004	18:37:4	one_to_one
t-s018-a037-w005	18:37	5	يُحَاوِرُهُۥٓ	w-s018-a037-w005	18:37:5	one_to_one
t-s018-a037-w006	18:37	6	أَكَفَرْتَ	w-s018-a037-w006	18:37:6	one_to_one
t-s018-a037-w007	18:37	7	بِٱلَّذِى	w-s018-a037-w007	18:37:7	one_to_one
t-s018-a037-w008	18:37	8	خَلَقَكَ	w-s018-a037-w008	18:37:8	one_to_one
t-s018-a037-w009	18:37	9	مِن	w-s018-a037-w009	18:37:9	one_to_one
t-s018-a037-w010	18:37	10	تُرَابٍۢ	w-s018-a037-w010	18:37:10	one_to_one
t-s018-a037-w011	18:37	11	ثُمَّ	w-s018-a037-w011	18:37:11	one_to_one
t-s018-a037-w012	18:37	12	مِن	w-s018-a037-w012	18:37:12	one_to_one
t-s018-a037-w013	18:37	13	نُّطْفَةٍۢ	w-s018-a037-w013	18:37:13	one_to_one
t-s018-a037-w014	18:37	14	ثُمَّ	w-s018-a037-w014	18:37:14	one_to_one
t-s018-a037-w015	18:37	15	سَوَّىٰكَ	w-s018-a037-w015	18:37:15	one_to_one
t-s018-a037-w016	18:37	16	رَجُلًۭا	w-s018-a037-w016	18:37:16	one_to_one
t-s018-a038-w001	18:38	1	لَّٰكِنَّا۠	w-s018-a038-w001	18:38:1	one_to_one
t-s018-a038-w002	18:38	2	هُوَ	w-s018-a038-w002	18:38:2	one_to_one
t-s018-a038-w003	18:38	3	ٱللَّهُ	w-s018-a038-w003	18:38:3	one_to_one
t-s018-a038-w004	18:38	4	رَبِّى	w-s018-a038-w004	18:38:4	one_to_one
t-s018-a038-w005	18:38	5	وَلَآ	w-s018-a038-w005	18:38:5	one_to_one
t-s018-a038-w006	18:38	6	أُشْرِكُ	w-s018-a038-w006	18:38:6	one_to_one
t-s018-a038-w007	18:38	7	بِرَبِّىٓ	w-s018-a038-w007	18:38:7	one_to_one
t-s018-a038-w008	18:38	8	أَحَدًۭا	w-s018-a038-w008	18:38:8	one_to_one
t-s018-a039-w001	18:39	1	وَلَوْلَآ	w-s018-a039-w001	18:39:1	one_to_one
t-s018-a039-w002	18:39	2	إِذْ	w-s018-a039-w002	18:39:2	one_to_one
t-s018-a039-w003	18:39	3	دَخَلْتَ	w-s018-a039-w003	18:39:3	one_to_one
t-s018-a039-w004	18:39	4	جَنَّتَكَ	w-s018-a039-w004	18:39:4	one_to_one
t-s018-a039-w005	18:39	5	قُلْتَ	w-s018-a039-w005	18:39:5	one_to_one
t-s018-a039-w006	18:39	6	مَا	w-s018-a039-w006	18:39:6	one_to_one
t-s018-a039-w007	18:39	7	شَآءَ	w-s018-a039-w007	18:39:7	one_to_one
t-s018-a039-w008	18:39	8	ٱللَّهُ	w-s018-a039-w008	18:39:8	one_to_one
t-s018-a039-w009	18:39	9	لَا	w-s018-a039-w009	18:39:9	one_to_one
t-s018-a039-w010	18:39	10	قُوَّةَ	w-s018-a039-w010	18:39:10	one_to_one
t-s018-a039-w011	18:39	11	إِلَّا	w-s018-a039-w011	18:39:11	one_to_one
t-s018-a039-w012	18:39	12	بِٱللَّهِ	w-s018-a039-w012	18:39:12	one_to_one
t-s018-a039-w013	18:39	13	إِن	w-s018-a039-w013	18:39:13	one_to_one
t-s018-a039-w014	18:39	14	تَرَنِ	w-s018-a039-w014	18:39:14	one_to_one
t-s018-a039-w015	18:39	15	أَنَا۠	w-s018-a039-w015	18:39:15	one_to_one
t-s018-a039-w016	18:39	16	أَقَلَّ	w-s018-a039-w016	18:39:16	one_to_one
t-s018-a039-w017	18:39	17	مِنكَ	w-s018-a039-w017	18:39:17	one_to_one
t-s018-a039-w018	18:39	18	مَالًۭا	w-s018-a039-w018	18:39:18	one_to_one
t-s018-a039-w019	18:39	19	وَوَلَدًۭا	w-s018-a039-w019	18:39:19	one_to_one
t-s018-a040-w001	18:40	1	فَعَسَىٰ	w-s018-a040-w001	18:40:1	one_to_one
t-s018-a040-w002	18:40	2	رَبِّىٓ	w-s018-a040-w002	18:40:2	one_to_one
t-s018-a040-w003	18:40	3	أَن	w-s018-a040-w003	18:40:3	one_to_one
t-s018-a040-w004	18:40	4	يُؤْتِيَنِ	w-s018-a040-w004	18:40:4	one_to_one
t-s018-a040-w005	18:40	5	خَيْرًۭا	w-s018-a040-w005	18:40:5	one_to_one
t-s018-a040-w006	18:40	6	مِّن	w-s018-a040-w006	18:40:6	one_to_one
t-s018-a040-w007	18:40	7	جَنَّتِكَ	w-s018-a040-w007	18:40:7	one_to_one
t-s018-a040-w008	18:40	8	وَيُرْسِلَ	w-s018-a040-w008	18:40:8	one_to_one
t-s018-a040-w009	18:40	9	عَلَيْهَا	w-s018-a040-w009	18:40:9	one_to_one
t-s018-a040-w010	18:40	10	حُسْبَانًۭا	w-s018-a040-w010	18:40:10	one_to_one
t-s018-a040-w011	18:40	11	مِّنَ	w-s018-a040-w011	18:40:11	one_to_one
t-s018-a040-w012	18:40	12	ٱلسَّمَآءِ	w-s018-a040-w012	18:40:12	one_to_one
t-s018-a040-w013	18:40	13	فَتُصْبِحَ	w-s018-a040-w013	18:40:13	one_to_one
t-s018-a040-w014	18:40	14	صَعِيدًۭا	w-s018-a040-w014	18:40:14	one_to_one
t-s018-a040-w015	18:40	15	زَلَقًا	w-s018-a040-w015	18:40:15	one_to_one
t-s018-a041-w001	18:41	1	أَوْ	w-s018-a041-w001	18:41:1	one_to_one
t-s018-a041-w002	18:41	2	يُصْبِحَ	w-s018-a041-w002	18:41:2	one_to_one
t-s018-a041-w003	18:41	3	مَآؤُهَا	w-s018-a041-w003	18:41:3	one_to_one
t-s018-a041-w004	18:41	4	غَوْرًۭا	w-s018-a041-w004	18:41:4	one_to_one
t-s018-a041-w005	18:41	5	فَلَن	w-s018-a041-w005	18:41:5	one_to_one
t-s018-a041-w006	18:41	6	تَسْتَطِيعَ	w-s018-a041-w006	18:41:6	one_to_one
t-s018-a041-w007	18:41	7	لَهُۥ	w-s018-a041-w007	18:41:7	one_to_one
t-s018-a041-w008	18:41	8	طَلَبًۭا	w-s018-a041-w008	18:41:8	one_to_one
t-s018-a042-w001	18:42	1	وَأُحِيطَ	w-s018-a042-w001	18:42:1	one_to_one
t-s018-a042-w002	18:42	2	بِثَمَرِهِۦ	w-s018-a042-w002	18:42:2	one_to_one
t-s018-a042-w003	18:42	3	فَأَصْبَحَ	w-s018-a042-w003	18:42:3	one_to_one
t-s018-a042-w004	18:42	4	يُقَلِّبُ	w-s018-a042-w004	18:42:4	one_to_one
t-s018-a042-w005	18:42	5	كَفَّيْهِ	w-s018-a042-w005	18:42:5	one_to_one
t-s018-a042-w006	18:42	6	عَلَىٰ	w-s018-a042-w006	18:42:6	one_to_one
t-s018-a042-w007	18:42	7	مَآ	w-s018-a042-w007	18:42:7	one_to_one
t-s018-a042-w008	18:42	8	أَنفَقَ	w-s018-a042-w008	18:42:8	one_to_one
t-s018-a042-w009	18:42	9	فِيهَا	w-s018-a042-w009	18:42:9	one_to_one
t-s018-a042-w010	18:42	10	وَهِىَ	w-s018-a042-w010	18:42:10	one_to_one
t-s018-a042-w011	18:42	11	خَاوِيَةٌ	w-s018-a042-w011	18:42:11	one_to_one
t-s018-a042-w012	18:42	12	عَلَىٰ	w-s018-a042-w012	18:42:12	one_to_one
t-s018-a042-w013	18:42	13	عُرُوشِهَا	w-s018-a042-w013	18:42:13	one_to_one
t-s018-a042-w014	18:42	14	وَيَقُولُ	w-s018-a042-w014	18:42:14	one_to_one
t-s018-a042-w015	18:42	15	يَٰلَيْتَنِى	w-s018-a042-w015	18:42:15	one_to_one
t-s018-a042-w016	18:42	16	لَمْ	w-s018-a042-w016	18:42:16	one_to_one
t-s018-a042-w017	18:42	17	أُشْرِكْ	w-s018-a042-w017	18:42:17	one_to_one
t-s018-a042-w018	18:42	18	بِرَبِّىٓ	w-s018-a042-w018	18:42:18	one_to_one
t-s018-a042-w019	18:42	19	أَحَدًۭا	w-s018-a042-w019	18:42:19	one_to_one
t-s018-a043-w001	18:43	1	وَلَمْ	w-s018-a043-w001	18:43:1	one_to_one
t-s018-a043-w002	18:43	2	تَكُن	w-s018-a043-w002	18:43:2	one_to_one
t-s018-a043-w003	18:43	3	لَّهُۥ	w-s018-a043-w003	18:43:3	one_to_one
t-s018-a043-w004	18:43	4	فِئَةٌۭ	w-s018-a043-w004	18:43:4	one_to_one
t-s018-a043-w005	18:43	5	يَنصُرُونَهُۥ	w-s018-a043-w005	18:43:5	one_to_one
t-s018-a043-w006	18:43	6	مِن	w-s018-a043-w006	18:43:6	one_to_one
t-s018-a043-w007	18:43	7	دُونِ	w-s018-a043-w007	18:43:7	one_to_one
t-s018-a043-w008	18:43	8	ٱللَّهِ	w-s018-a043-w008	18:43:8	one_to_one
t-s018-a043-w009	18:43	9	وَمَا	w-s018-a043-w009	18:43:9	one_to_one
t-s018-a043-w010	18:43	10	كَانَ	w-s018-a043-w010	18:43:10	one_to_one
t-s018-a043-w011	18:43	11	مُنتَصِرًا	w-s018-a043-w011	18:43:11	one_to_one
t-s018-a044-w001	18:44	1	هُنَالِكَ	w-s018-a044-w001	18:44:1	one_to_one
t-s018-a044-w002	18:44	2	ٱلْوَلَٰيَةُ	w-s018-a044-w002	18:44:2	one_to_one
t-s018-a044-w003	18:44	3	لِلَّهِ	w-s018-a044-w003	18:44:3	one_to_one
t-s018-a044-w004	18:44	4	ٱلْحَقِّ	w-s018-a044-w004	18:44:4	one_to_one
t-s018-a044-w005	18:44	5	هُوَ	w-s018-a044-w005	18:44:5	one_to_one
t-s018-a044-w006	18:44	6	خَيْرٌۭ	w-s018-a044-w006	18:44:6	one_to_one
t-s018-a044-w007	18:44	7	ثَوَابًۭا	w-s018-a044-w007	18:44:7	one_to_one
t-s018-a044-w008	18:44	8	وَخَيْرٌ	w-s018-a044-w008	18:44:8	one_to_one
t-s018-a044-w009	18:44	9	عُقْبًۭا	w-s018-a044-w009	18:44:9	one_to_one
t-s018-a045-w001	18:45	1	وَٱضْرِبْ	w-s018-a045-w001	18:45:1	one_to_one
t-s018-a045-w002	18:45	2	لَهُم	w-s018-a045-w002	18:45:2	one_to_one
t-s018-a045-w003	18:45	3	مَّثَلَ	w-s018-a045-w003	18:45:3	one_to_one
t-s018-a045-w004	18:45	4	ٱلْحَيَوٰةِ	w-s018-a045-w004	18:45:4	one_to_one
t-s018-a045-w005	18:45	5	ٱلدُّنْيَا	w-s018-a045-w005	18:45:5	one_to_one
t-s018-a045-w006	18:45	6	كَمَآءٍ	w-s018-a045-w006	18:45:6	one_to_one
t-s018-a045-w007	18:45	7	أَنزَلْنَٰهُ	w-s018-a045-w007	18:45:7	one_to_one
t-s018-a045-w008	18:45	8	مِنَ	w-s018-a045-w008	18:45:8	one_to_one
t-s018-a045-w009	18:45	9	ٱلسَّمَآءِ	w-s018-a045-w009	18:45:9	one_to_one
t-s018-a045-w010	18:45	10	فَٱخْتَلَطَ	w-s018-a045-w010	18:45:10	one_to_one
t-s018-a045-w011	18:45	11	بِهِۦ	w-s018-a045-w011	18:45:11	one_to_one
t-s018-a045-w012	18:45	12	نَبَاتُ	w-s018-a045-w012	18:45:12	one_to_one
t-s018-a045-w013	18:45	13	ٱلْأَرْضِ	w-s018-a045-w013	18:45:13	one_to_one
t-s018-a045-w014	18:45	14	فَأَصْبَحَ	w-s018-a045-w014	18:45:14	one_to_one
t-s018-a045-w015	18:45	15	هَشِيمًۭا	w-s018-a045-w015	18:45:15	one_to_one
t-s018-a045-w016	18:45	16	تَذْرُوهُ	w-s018-a045-w016	18:45:16	one_to_one
t-s018-a045-w017	18:45	17	ٱلرِّيَٰحُ	w-s018-a045-w017	18:45:17	one_to_one
t-s018-a045-w018	18:45	18	وَكَانَ	w-s018-a045-w018	18:45:18	one_to_one
t-s018-a045-w019	18:45	19	ٱللَّهُ	w-s018-a045-w019	18:45:19	one_to_one
t-s018-a045-w020	18:45	20	عَلَىٰ	w-s018-a045-w020	18:45:20	one_to_one
t-s018-a045-w021	18:45	21	كُلِّ	w-s018-a045-w021	18:45:21	one_to_one
t-s018-a045-w022	18:45	22	شَىْءٍۢ	w-s018-a045-w022	18:45:22	one_to_one
t-s018-a045-w023	18:45	23	مُّقْتَدِرًا	w-s018-a045-w023	18:45:23	one_to_one
t-s018-a046-w001	18:46	1	ٱلْمَالُ	w-s018-a046-w001	18:46:1	one_to_one
t-s018-a046-w002	18:46	2	وَٱلْبَنُونَ	w-s018-a046-w002	18:46:2	one_to_one
t-s018-a046-w003	18:46	3	زِينَةُ	w-s018-a046-w003	18:46:3	one_to_one
t-s018-a046-w004	18:46	4	ٱلْحَيَوٰةِ	w-s018-a046-w004	18:46:4	one_to_one
t-s018-a046-w005	18:46	5	ٱلدُّنْيَا	w-s018-a046-w005	18:46:5	one_to_one
t-s018-a046-w006	18:46	6	وَٱلْبَٰقِيَٰتُ	w-s018-a046-w006	18:46:6	one_to_one
t-s018-a046-w007	18:46	7	ٱلصَّٰلِحَٰتُ	w-s018-a046-w007	18:46:7	one_to_one
t-s018-a046-w008	18:46	8	خَيْرٌ	w-s018-a046-w008	18:46:8	one_to_one
t-s018-a046-w009	18:46	9	عِندَ	w-s018-a046-w009	18:46:9	one_to_one
t-s018-a046-w010	18:46	10	رَبِّكَ	w-s018-a046-w010	18:46:10	one_to_one
t-s018-a046-w011	18:46	11	ثَوَابًۭا	w-s018-a046-w011	18:46:11	one_to_one
t-s018-a046-w012	18:46	12	وَخَيْرٌ	w-s018-a046-w012	18:46:12	one_to_one
t-s018-a046-w013	18:46	13	أَمَلًۭا	w-s018-a046-w013	18:46:13	one_to_one
t-s018-a047-w001	18:47	1	وَيَوْمَ	w-s018-a047-w001	18:47:1	one_to_one
t-s018-a047-w002	18:47	2	نُسَيِّرُ	w-s018-a047-w002	18:47:2	one_to_one
t-s018-a047-w003	18:47	3	ٱلْجِبَالَ	w-s018-a047-w003	18:47:3	one_to_one
t-s018-a047-w004	18:47	4	وَتَرَى	w-s018-a047-w004	18:47:4	one_to_one
t-s018-a047-w005	18:47	5	ٱلْأَرْضَ	w-s018-a047-w005	18:47:5	one_to_one
t-s018-a047-w006	18:47	6	بَارِزَةًۭ	w-s018-a047-w006	18:47:6	one_to_one
t-s018-a047-w007	18:47	7	وَحَشَرْنَٰهُمْ	w-s018-a047-w007	18:47:7	one_to_one
t-s018-a047-w008	18:47	8	فَلَمْ	w-s018-a047-w008	18:47:8	one_to_one
t-s018-a047-w009	18:47	9	نُغَادِرْ	w-s018-a047-w009	18:47:9	one_to_one
t-s018-a047-w010	18:47	10	مِنْهُمْ	w-s018-a047-w010	18:47:10	one_to_one
t-s018-a047-w011	18:47	11	أَحَدًۭا	w-s018-a047-w011	18:47:11	one_to_one
t-s018-a048-w001	18:48	1	وَعُرِضُوا۟	w-s018-a048-w001	18:48:1	one_to_one
t-s018-a048-w002	18:48	2	عَلَىٰ	w-s018-a048-w002	18:48:2	one_to_one
t-s018-a048-w003	18:48	3	رَبِّكَ	w-s018-a048-w003	18:48:3	one_to_one
t-s018-a048-w004	18:48	4	صَفًّۭا	w-s018-a048-w004	18:48:4	one_to_one
t-s018-a048-w005	18:48	5	لَّقَدْ	w-s018-a048-w005	18:48:5	one_to_one
t-s018-a048-w006	18:48	6	جِئْتُمُونَا	w-s018-a048-w006	18:48:6	one_to_one
t-s018-a048-w007	18:48	7	كَمَا	w-s018-a048-w007	18:48:7	one_to_one
t-s018-a048-w008	18:48	8	خَلَقْنَٰكُمْ	w-s018-a048-w008	18:48:8	one_to_one
t-s018-a048-w009	18:48	9	أَوَّلَ	w-s018-a048-w009	18:48:9	one_to_one
t-s018-a048-w010	18:48	10	مَرَّةٍۭ	w-s018-a048-w010	18:48:10	one_to_one
t-s018-a048-w011	18:48	11	بَلْ	w-s018-a048-w011	18:48:11	one_to_one
t-s018-a048-w012	18:48	12	زَعَمْتُمْ	w-s018-a048-w012	18:48:12	one_to_one
t-s018-a048-w013	18:48	13	أَلَّن	w-s018-a048-w013	18:48:13	one_to_one
t-s018-a048-w014	18:48	14	نَّجْعَلَ	w-s018-a048-w014	18:48:14	one_to_one
t-s018-a048-w015	18:48	15	لَكُم	w-s018-a048-w015	18:48:15	one_to_one
t-s018-a048-w016	18:48	16	مَّوْعِدًۭا	w-s018-a048-w016	18:48:16	one_to_one
t-s018-a049-w001	18:49	1	وَوُضِعَ	w-s018-a049-w001	18:49:1	one_to_one
t-s018-a049-w002	18:49	2	ٱلْكِتَٰبُ	w-s018-a049-w002	18:49:2	one_to_one
t-s018-a049-w003	18:49	3	فَتَرَى	w-s018-a049-w003	18:49:3	one_to_one
t-s018-a049-w004	18:49	4	ٱلْمُجْرِمِينَ	w-s018-a049-w004	18:49:4	one_to_one
t-s018-a049-w005	18:49	5	مُشْفِقِينَ	w-s018-a049-w005	18:49:5	one_to_one
t-s018-a049-w006	18:49	6	مِمَّا	w-s018-a049-w006	18:49:6	one_to_one
t-s018-a049-w007	18:49	7	فِيهِ	w-s018-a049-w007	18:49:7	one_to_one
t-s018-a049-w008	18:49	8	وَيَقُولُونَ	w-s018-a049-w008	18:49:8	one_to_one
t-s018-a049-w009	18:49	9	يَٰوَيْلَتَنَا	w-s018-a049-w009	18:49:9	one_to_one
t-s018-a049-w010	18:49	10	مَالِ	w-s018-a049-w010	18:49:10	one_to_one
t-s018-a049-w011	18:49	11	هَٰذَا	w-s018-a049-w011	18:49:11	one_to_one
t-s018-a049-w012	18:49	12	ٱلْكِتَٰبِ	w-s018-a049-w012	18:49:12	one_to_one
t-s018-a049-w013	18:49	13	لَا	w-s018-a049-w013	18:49:13	one_to_one
t-s018-a049-w014	18:49	14	يُغَادِرُ	w-s018-a049-w014	18:49:14	one_to_one
t-s018-a049-w015	18:49	15	صَغِيرَةًۭ	w-s018-a049-w015	18:49:15	one_to_one
t-s018-a049-w016	18:49	16	وَلَا	w-s018-a049-w016	18:49:16	one_to_one
t-s018-a049-w017	18:49	17	كَبِيرَةً	w-s018-a049-w017	18:49:17	one_to_one
t-s018-a049-w018	18:49	18	إِلَّآ	w-s018-a049-w018	18:49:18	one_to_one
t-s018-a049-w019	18:49	19	أَحْصَىٰهَا	w-s018-a049-w019	18:49:19	one_to_one
t-s018-a049-w020	18:49	20	وَوَجَدُوا۟	w-s018-a049-w020	18:49:20	one_to_one
t-s018-a049-w021	18:49	21	مَا	w-s018-a049-w021	18:49:21	one_to_one
t-s018-a049-w022	18:49	22	عَمِلُوا۟	w-s018-a049-w022	18:49:22	one_to_one
t-s018-a049-w023	18:49	23	حَاضِرًۭا	w-s018-a049-w023	18:49:23	one_to_one
t-s018-a049-w024	18:49	24	وَلَا	w-s018-a049-w024	18:49:24	one_to_one
t-s018-a049-w025	18:49	25	يَظْلِمُ	w-s018-a049-w025	18:49:25	one_to_one
t-s018-a049-w026	18:49	26	رَبُّكَ	w-s018-a049-w026	18:49:26	one_to_one
t-s018-a049-w027	18:49	27	أَحَدًۭا	w-s018-a049-w027	18:49:27	one_to_one
t-s018-a050-w001	18:50	1	وَإِذْ	w-s018-a050-w001	18:50:1	one_to_one
t-s018-a050-w002	18:50	2	قُلْنَا	w-s018-a050-w002	18:50:2	one_to_one
t-s018-a050-w003	18:50	3	لِلْمَلَٰٓئِكَةِ	w-s018-a050-w003	18:50:3	one_to_one
t-s018-a050-w004	18:50	4	ٱسْجُدُوا۟	w-s018-a050-w004	18:50:4	one_to_one
t-s018-a050-w005	18:50	5	لِءَادَمَ	w-s018-a050-w005	18:50:5	one_to_one
t-s018-a050-w006	18:50	6	فَسَجَدُوٓا۟	w-s018-a050-w006	18:50:6	one_to_one
t-s018-a050-w007	18:50	7	إِلَّآ	w-s018-a050-w007	18:50:7	one_to_one
t-s018-a050-w008	18:50	8	إِبْلِيسَ	w-s018-a050-w008	18:50:8	one_to_one
t-s018-a050-w009	18:50	9	كَانَ	w-s018-a050-w009	18:50:9	one_to_one
t-s018-a050-w010	18:50	10	مِنَ	w-s018-a050-w010	18:50:10	one_to_one
t-s018-a050-w011	18:50	11	ٱلْجِنِّ	w-s018-a050-w011	18:50:11	one_to_one
t-s018-a050-w012	18:50	12	فَفَسَقَ	w-s018-a050-w012	18:50:12	one_to_one
t-s018-a050-w013	18:50	13	عَنْ	w-s018-a050-w013	18:50:13	one_to_one
t-s018-a050-w014	18:50	14	أَمْرِ	w-s018-a050-w014	18:50:14	one_to_one
t-s018-a050-w015	18:50	15	رَبِّهِۦٓ	w-s018-a050-w015	18:50:15	one_to_one
t-s018-a050-w016	18:50	16	أَفَتَتَّخِذُونَهُۥ	w-s018-a050-w016	18:50:16	one_to_one
t-s018-a050-w017	18:50	17	وَذُرِّيَّتَهُۥٓ	w-s018-a050-w017	18:50:17	one_to_one
t-s018-a050-w018	18:50	18	أَوْلِيَآءَ	w-s018-a050-w018	18:50:18	one_to_one
t-s018-a050-w019	18:50	19	مِن	w-s018-a050-w019	18:50:19	one_to_one
t-s018-a050-w020	18:50	20	دُونِى	w-s018-a050-w020	18:50:20	one_to_one
t-s018-a050-w021	18:50	21	وَهُمْ	w-s018-a050-w021	18:50:21	one_to_one
t-s018-a050-w022	18:50	22	لَكُمْ	w-s018-a050-w022	18:50:22	one_to_one
t-s018-a050-w023	18:50	23	عَدُوٌّۢ	w-s018-a050-w023	18:50:23	one_to_one
t-s018-a050-w024	18:50	24	بِئْسَ	w-s018-a050-w024	18:50:24	one_to_one
t-s018-a050-w025	18:50	25	لِلظَّٰلِمِينَ	w-s018-a050-w025	18:50:25	one_to_one
t-s018-a050-w026	18:50	26	بَدَلًۭا	w-s018-a050-w026	18:50:26	one_to_one
t-s018-a051-w001	18:51	1	مَّآ	w-s018-a051-w001	18:51:1	one_to_one
t-s018-a051-w002	18:51	2	أَشْهَدتُّهُمْ	w-s018-a051-w002	18:51:2	one_to_one
t-s018-a051-w003	18:51	3	خَلْقَ	w-s018-a051-w003	18:51:3	one_to_one
t-s018-a051-w004	18:51	4	ٱلسَّمَٰوَٰتِ	w-s018-a051-w004	18:51:4	one_to_one
t-s018-a051-w005	18:51	5	وَٱلْأَرْضِ	w-s018-a051-w005	18:51:5	one_to_one
t-s018-a051-w006	18:51	6	وَلَا	w-s018-a051-w006	18:51:6	one_to_one
t-s018-a051-w007	18:51	7	خَلْقَ	w-s018-a051-w007	18:51:7	one_to_one
t-s018-a051-w008	18:51	8	أَنفُسِهِمْ	w-s018-a051-w008	18:51:8	one_to_one
t-s018-a051-w009	18:51	9	وَمَا	w-s018-a051-w009	18:51:9	one_to_one
t-s018-a051-w010	18:51	10	كُنتُ	w-s018-a051-w010	18:51:10	one_to_one
t-s018-a051-w011	18:51	11	مُتَّخِذَ	w-s018-a051-w011	18:51:11	one_to_one
t-s018-a051-w012	18:51	12	ٱلْمُضِلِّينَ	w-s018-a051-w012	18:51:12	one_to_one
t-s018-a051-w013	18:51	13	عَضُدًۭا	w-s018-a051-w013	18:51:13	one_to_one
t-s018-a052-w001	18:52	1	وَيَوْمَ	w-s018-a052-w001	18:52:1	one_to_one
t-s018-a052-w002	18:52	2	يَقُولُ	w-s018-a052-w002	18:52:2	one_to_one
t-s018-a052-w003	18:52	3	نَادُوا۟	w-s018-a052-w003	18:52:3	one_to_one
t-s018-a052-w004	18:52	4	شُرَكَآءِىَ	w-s018-a052-w004	18:52:4	one_to_one
t-s018-a052-w005	18:52	5	ٱلَّذِينَ	w-s018-a052-w005	18:52:5	one_to_one
t-s018-a052-w006	18:52	6	زَعَمْتُمْ	w-s018-a052-w006	18:52:6	one_to_one
t-s018-a052-w007	18:52	7	فَدَعَوْهُمْ	w-s018-a052-w007	18:52:7	one_to_one
t-s018-a052-w008	18:52	8	فَلَمْ	w-s018-a052-w008	18:52:8	one_to_one
t-s018-a052-w009	18:52	9	يَسْتَجِيبُوا۟	w-s018-a052-w009	18:52:9	one_to_one
t-s018-a052-w010	18:52	10	لَهُمْ	w-s018-a052-w010	18:52:10	one_to_one
t-s018-a052-w011	18:52	11	وَجَعَلْنَا	w-s018-a052-w011	18:52:11	one_to_one
t-s018-a052-w012	18:52	12	بَيْنَهُم	w-s018-a052-w012	18:52:12	one_to_one
t-s018-a052-w013	18:52	13	مَّوْبِقًۭا	w-s018-a052-w013	18:52:13	one_to_one
t-s018-a053-w001	18:53	1	وَرَءَا	w-s018-a053-w001	18:53:1	one_to_one
t-s018-a053-w002	18:53	2	ٱلْمُجْرِمُونَ	w-s018-a053-w002	18:53:2	one_to_one
t-s018-a053-w003	18:53	3	ٱلنَّارَ	w-s018-a053-w003	18:53:3	one_to_one
t-s018-a053-w004	18:53	4	فَظَنُّوٓا۟	w-s018-a053-w004	18:53:4	one_to_one
t-s018-a053-w005	18:53	5	أَنَّهُم	w-s018-a053-w005	18:53:5	one_to_one
t-s018-a053-w006	18:53	6	مُّوَاقِعُوهَا	w-s018-a053-w006	18:53:6	one_to_one
t-s018-a053-w007	18:53	7	وَلَمْ	w-s018-a053-w007	18:53:7	one_to_one
t-s018-a053-w008	18:53	8	يَجِدُوا۟	w-s018-a053-w008	18:53:8	one_to_one
t-s018-a053-w009	18:53	9	عَنْهَا	w-s018-a053-w009	18:53:9	one_to_one
t-s018-a053-w010	18:53	10	مَصْرِفًۭا	w-s018-a053-w010	18:53:10	one_to_one
t-s018-a054-w001	18:54	1	وَلَقَدْ	w-s018-a054-w001	18:54:1	one_to_one
t-s018-a054-w002	18:54	2	صَرَّفْنَا	w-s018-a054-w002	18:54:2	one_to_one
t-s018-a054-w003	18:54	3	فِى	w-s018-a054-w003	18:54:3	one_to_one
t-s018-a054-w004	18:54	4	هَٰذَا	w-s018-a054-w004	18:54:4	one_to_one
t-s018-a054-w005	18:54	5	ٱلْقُرْءَانِ	w-s018-a054-w005	18:54:5	one_to_one
t-s018-a054-w006	18:54	6	لِلنَّاسِ	w-s018-a054-w006	18:54:6	one_to_one
t-s018-a054-w007	18:54	7	مِن	w-s018-a054-w007	18:54:7	one_to_one
t-s018-a054-w008	18:54	8	كُلِّ	w-s018-a054-w008	18:54:8	one_to_one
t-s018-a054-w009	18:54	9	مَثَلٍۢ	w-s018-a054-w009	18:54:9	one_to_one
t-s018-a054-w010	18:54	10	وَكَانَ	w-s018-a054-w010	18:54:10	one_to_one
t-s018-a054-w011	18:54	11	ٱلْإِنسَٰنُ	w-s018-a054-w011	18:54:11	one_to_one
t-s018-a054-w012	18:54	12	أَكْثَرَ	w-s018-a054-w012	18:54:12	one_to_one
t-s018-a054-w013	18:54	13	شَىْءٍۢ	w-s018-a054-w013	18:54:13	one_to_one
t-s018-a054-w014	18:54	14	جَدَلًۭا	w-s018-a054-w014	18:54:14	one_to_one
t-s018-a055-w001	18:55	1	وَمَا	w-s018-a055-w001	18:55:1	one_to_one
t-s018-a055-w002	18:55	2	مَنَعَ	w-s018-a055-w002	18:55:2	one_to_one
t-s018-a055-w003	18:55	3	ٱلنَّاسَ	w-s018-a055-w003	18:55:3	one_to_one
t-s018-a055-w004	18:55	4	أَن	w-s018-a055-w004	18:55:4	one_to_one
t-s018-a055-w005	18:55	5	يُؤْمِنُوٓا۟	w-s018-a055-w005	18:55:5	one_to_one
t-s018-a055-w006	18:55	6	إِذْ	w-s018-a055-w006	18:55:6	one_to_one
t-s018-a055-w007	18:55	7	جَآءَهُمُ	w-s018-a055-w007	18:55:7	one_to_one
t-s018-a055-w008	18:55	8	ٱلْهُدَىٰ	w-s018-a055-w008	18:55:8	one_to_one
t-s018-a055-w009	18:55	9	وَيَسْتَغْفِرُوا۟	w-s018-a055-w009	18:55:9	one_to_one
t-s018-a055-w010	18:55	10	رَبَّهُمْ	w-s018-a055-w010	18:55:10	one_to_one
t-s018-a055-w011	18:55	11	إِلَّآ	w-s018-a055-w011	18:55:11	one_to_one
t-s018-a055-w012	18:55	12	أَن	w-s018-a055-w012	18:55:12	one_to_one
t-s018-a055-w013	18:55	13	تَأْتِيَهُمْ	w-s018-a055-w013	18:55:13	one_to_one
t-s018-a055-w014	18:55	14	سُنَّةُ	w-s018-a055-w014	18:55:14	one_to_one
t-s018-a055-w015	18:55	15	ٱلْأَوَّلِينَ	w-s018-a055-w015	18:55:15	one_to_one
t-s018-a055-w016	18:55	16	أَوْ	w-s018-a055-w016	18:55:16	one_to_one
t-s018-a055-w017	18:55	17	يَأْتِيَهُمُ	w-s018-a055-w017	18:55:17	one_to_one
t-s018-a055-w018	18:55	18	ٱلْعَذَابُ	w-s018-a055-w018	18:55:18	one_to_one
t-s018-a055-w019	18:55	19	قُبُلًۭا	w-s018-a055-w019	18:55:19	one_to_one
t-s018-a056-w001	18:56	1	وَمَا	w-s018-a056-w001	18:56:1	one_to_one
t-s018-a056-w002	18:56	2	نُرْسِلُ	w-s018-a056-w002	18:56:2	one_to_one
t-s018-a056-w003	18:56	3	ٱلْمُرْسَلِينَ	w-s018-a056-w003	18:56:3	one_to_one
t-s018-a056-w004	18:56	4	إِلَّا	w-s018-a056-w004	18:56:4	one_to_one
t-s018-a056-w005	18:56	5	مُبَشِّرِينَ	w-s018-a056-w005	18:56:5	one_to_one
t-s018-a056-w006	18:56	6	وَمُنذِرِينَ	w-s018-a056-w006	18:56:6	one_to_one
t-s018-a056-w007	18:56	7	وَيُجَٰدِلُ	w-s018-a056-w007	18:56:7	one_to_one
t-s018-a056-w008	18:56	8	ٱلَّذِينَ	w-s018-a056-w008	18:56:8	one_to_one
t-s018-a056-w009	18:56	9	كَفَرُوا۟	w-s018-a056-w009	18:56:9	one_to_one
t-s018-a056-w010	18:56	10	بِٱلْبَٰطِلِ	w-s018-a056-w010	18:56:10	one_to_one
t-s018-a056-w011	18:56	11	لِيُدْحِضُوا۟	w-s018-a056-w011	18:56:11	one_to_one
t-s018-a056-w012	18:56	12	بِهِ	w-s018-a056-w012	18:56:12	one_to_one
t-s018-a056-w013	18:56	13	ٱلْحَقَّ	w-s018-a056-w013	18:56:13	one_to_one
t-s018-a056-w014	18:56	14	وَٱتَّخَذُوٓا۟	w-s018-a056-w014	18:56:14	one_to_one
t-s018-a056-w015	18:56	15	ءَايَٰتِى	w-s018-a056-w015	18:56:15	one_to_one
t-s018-a056-w016	18:56	16	وَمَآ	w-s018-a056-w016	18:56:16	one_to_one
t-s018-a056-w017	18:56	17	أُنذِرُوا۟	w-s018-a056-w017	18:56:17	one_to_one
t-s018-a056-w018	18:56	18	هُزُوًۭا	w-s018-a056-w018	18:56:18	one_to_one
t-s018-a057-w001	18:57	1	وَمَنْ	w-s018-a057-w001	18:57:1	one_to_one
t-s018-a057-w002	18:57	2	أَظْلَمُ	w-s018-a057-w002	18:57:2	one_to_one
t-s018-a057-w003	18:57	3	مِمَّن	w-s018-a057-w003	18:57:3	one_to_one
t-s018-a057-w004	18:57	4	ذُكِّرَ	w-s018-a057-w004	18:57:4	one_to_one
t-s018-a057-w005	18:57	5	بِـَٔايَٰتِ	w-s018-a057-w005	18:57:5	one_to_one
t-s018-a057-w006	18:57	6	رَبِّهِۦ	w-s018-a057-w006	18:57:6	one_to_one
t-s018-a057-w007	18:57	7	فَأَعْرَضَ	w-s018-a057-w007	18:57:7	one_to_one
t-s018-a057-w008	18:57	8	عَنْهَا	w-s018-a057-w008	18:57:8	one_to_one
t-s018-a057-w009	18:57	9	وَنَسِىَ	w-s018-a057-w009	18:57:9	one_to_one
t-s018-a057-w010	18:57	10	مَا	w-s018-a057-w010	18:57:10	one_to_one
t-s018-a057-w011	18:57	11	قَدَّمَتْ	w-s018-a057-w011	18:57:11	one_to_one
t-s018-a057-w012	18:57	12	يَدَاهُ	w-s018-a057-w012	18:57:12	one_to_one
t-s018-a057-w013	18:57	13	إِنَّا	w-s018-a057-w013	18:57:13	one_to_one
t-s018-a057-w014	18:57	14	جَعَلْنَا	w-s018-a057-w014	18:57:14	one_to_one
t-s018-a057-w015	18:57	15	عَلَىٰ	w-s018-a057-w015	18:57:15	one_to_one
t-s018-a057-w016	18:57	16	قُلُوبِهِمْ	w-s018-a057-w016	18:57:16	one_to_one
t-s018-a057-w017	18:57	17	أَكِنَّةً	w-s018-a057-w017	18:57:17	one_to_one
t-s018-a057-w018	18:57	18	أَن	w-s018-a057-w018	18:57:18	one_to_one
t-s018-a057-w019	18:57	19	يَفْقَهُوهُ	w-s018-a057-w019	18:57:19	one_to_one
t-s018-a057-w020	18:57	20	وَفِىٓ	w-s018-a057-w020	18:57:20	one_to_one
t-s018-a057-w021	18:57	21	ءَاذَانِهِمْ	w-s018-a057-w021	18:57:21	one_to_one
t-s018-a057-w022	18:57	22	وَقْرًۭا	w-s018-a057-w022	18:57:22	one_to_one
t-s018-a057-w023	18:57	23	وَإِن	w-s018-a057-w023	18:57:23	one_to_one
t-s018-a057-w024	18:57	24	تَدْعُهُمْ	w-s018-a057-w024	18:57:24	one_to_one
t-s018-a057-w025	18:57	25	إِلَى	w-s018-a057-w025	18:57:25	one_to_one
t-s018-a057-w026	18:57	26	ٱلْهُدَىٰ	w-s018-a057-w026	18:57:26	one_to_one
t-s018-a057-w027	18:57	27	فَلَن	w-s018-a057-w027	18:57:27	one_to_one
t-s018-a057-w028	18:57	28	يَهْتَدُوٓا۟	w-s018-a057-w028	18:57:28	one_to_one
t-s018-a057-w029	18:57	29	إِذًا	w-s018-a057-w029	18:57:29	one_to_one
t-s018-a057-w030	18:57	30	أَبَدًۭا	w-s018-a057-w030	18:57:30	one_to_one
t-s018-a058-w001	18:58	1	وَرَبُّكَ	w-s018-a058-w001	18:58:1	one_to_one
t-s018-a058-w002	18:58	2	ٱلْغَفُورُ	w-s018-a058-w002	18:58:2	one_to_one
t-s018-a058-w003	18:58	3	ذُو	w-s018-a058-w003	18:58:3	one_to_one
t-s018-a058-w004	18:58	4	ٱلرَّحْمَةِ	w-s018-a058-w004	18:58:4	one_to_one
t-s018-a058-w005	18:58	5	لَوْ	w-s018-a058-w005	18:58:5	one_to_one
t-s018-a058-w006	18:58	6	يُؤَاخِذُهُم	w-s018-a058-w006	18:58:6	one_to_one
t-s018-a058-w007	18:58	7	بِمَا	w-s018-a058-w007	18:58:7	one_to_one
t-s018-a058-w008	18:58	8	كَسَبُوا۟	w-s018-a058-w008	18:58:8	one_to_one
t-s018-a058-w009	18:58	9	لَعَجَّلَ	w-s018-a058-w009	18:58:9	one_to_one
t-s018-a058-w010	18:58	10	لَهُمُ	w-s018-a058-w010	18:58:10	one_to_one
t-s018-a058-w011	18:58	11	ٱلْعَذَابَ	w-s018-a058-w011	18:58:11	one_to_one
t-s018-a058-w012	18:58	12	بَل	w-s018-a058-w012	18:58:12	one_to_one
t-s018-a058-w013	18:58	13	لَّهُم	w-s018-a058-w013	18:58:13	one_to_one
t-s018-a058-w014	18:58	14	مَّوْعِدٌۭ	w-s018-a058-w014	18:58:14	one_to_one
t-s018-a058-w015	18:58	15	لَّن	w-s018-a058-w015	18:58:15	one_to_one
t-s018-a058-w016	18:58	16	يَجِدُوا۟	w-s018-a058-w016	18:58:16	one_to_one
t-s018-a058-w017	18:58	17	مِن	w-s018-a058-w017	18:58:17	one_to_one
t-s018-a058-w018	18:58	18	دُونِهِۦ	w-s018-a058-w018	18:58:18	one_to_one
t-s018-a058-w019	18:58	19	مَوْئِلًۭا	w-s018-a058-w019	18:58:19	one_to_one
t-s018-a059-w001	18:59	1	وَتِلْكَ	w-s018-a059-w001	18:59:1	one_to_one
t-s018-a059-w002	18:59	2	ٱلْقُرَىٰٓ	w-s018-a059-w002	18:59:2	one_to_one
t-s018-a059-w003	18:59	3	أَهْلَكْنَٰهُمْ	w-s018-a059-w003	18:59:3	one_to_one
t-s018-a059-w004	18:59	4	لَمَّا	w-s018-a059-w004	18:59:4	one_to_one
t-s018-a059-w005	18:59	5	ظَلَمُوا۟	w-s018-a059-w005	18:59:5	one_to_one
t-s018-a059-w006	18:59	6	وَجَعَلْنَا	w-s018-a059-w006	18:59:6	one_to_one
t-s018-a059-w007	18:59	7	لِمَهْلِكِهِم	w-s018-a059-w007	18:59:7	one_to_one
t-s018-a059-w008	18:59	8	مَّوْعِدًۭا	w-s018-a059-w008	18:59:8	one_to_one
t-s018-a060-w001	18:60	1	وَإِذْ	w-s018-a060-w001	18:60:1	one_to_one
t-s018-a060-w002	18:60	2	قَالَ	w-s018-a060-w002	18:60:2	one_to_one
t-s018-a060-w003	18:60	3	مُوسَىٰ	w-s018-a060-w003	18:60:3	one_to_one
t-s018-a060-w004	18:60	4	لِفَتَىٰهُ	w-s018-a060-w004	18:60:4	one_to_one
t-s018-a060-w005	18:60	5	لَآ	w-s018-a060-w005	18:60:5	one_to_one
t-s018-a060-w006	18:60	6	أَبْرَحُ	w-s018-a060-w006	18:60:6	one_to_one
t-s018-a060-w007	18:60	7	حَتَّىٰٓ	w-s018-a060-w007	18:60:7	one_to_one
t-s018-a060-w008	18:60	8	أَبْلُغَ	w-s018-a060-w008	18:60:8	one_to_one
t-s018-a060-w009	18:60	9	مَجْمَعَ	w-s018-a060-w009	18:60:9	one_to_one
t-s018-a060-w010	18:60	10	ٱلْبَحْرَيْنِ	w-s018-a060-w010	18:60:10	one_to_one
t-s018-a060-w011	18:60	11	أَوْ	w-s018-a060-w011	18:60:11	one_to_one
t-s018-a060-w012	18:60	12	أَمْضِىَ	w-s018-a060-w012	18:60:12	one_to_one
t-s018-a060-w013	18:60	13	حُقُبًۭا	w-s018-a060-w013	18:60:13	one_to_one
t-s018-a061-w001	18:61	1	فَلَمَّا	w-s018-a061-w001	18:61:1	one_to_one
t-s018-a061-w002	18:61	2	بَلَغَا	w-s018-a061-w002	18:61:2	one_to_one
t-s018-a061-w003	18:61	3	مَجْمَعَ	w-s018-a061-w003	18:61:3	one_to_one
t-s018-a061-w004	18:61	4	بَيْنِهِمَا	w-s018-a061-w004	18:61:4	one_to_one
t-s018-a061-w005	18:61	5	نَسِيَا	w-s018-a061-w005	18:61:5	one_to_one
t-s018-a061-w006	18:61	6	حُوتَهُمَا	w-s018-a061-w006	18:61:6	one_to_one
t-s018-a061-w007	18:61	7	فَٱتَّخَذَ	w-s018-a061-w007	18:61:7	one_to_one
t-s018-a061-w008	18:61	8	سَبِيلَهُۥ	w-s018-a061-w008	18:61:8	one_to_one
t-s018-a061-w009	18:61	9	فِى	w-s018-a061-w009	18:61:9	one_to_one
t-s018-a061-w010	18:61	10	ٱلْبَحْرِ	w-s018-a061-w010	18:61:10	one_to_one
t-s018-a061-w011	18:61	11	سَرَبًۭا	w-s018-a061-w011	18:61:11	one_to_one
t-s018-a062-w001	18:62	1	فَلَمَّا	w-s018-a062-w001	18:62:1	one_to_one
t-s018-a062-w002	18:62	2	جَاوَزَا	w-s018-a062-w002	18:62:2	one_to_one
t-s018-a062-w003	18:62	3	قَالَ	w-s018-a062-w003	18:62:3	one_to_one
t-s018-a062-w004	18:62	4	لِفَتَىٰهُ	w-s018-a062-w004	18:62:4	one_to_one
t-s018-a062-w005	18:62	5	ءَاتِنَا	w-s018-a062-w005	18:62:5	one_to_one
t-s018-a062-w006	18:62	6	غَدَآءَنَا	w-s018-a062-w006	18:62:6	one_to_one
t-s018-a062-w007	18:62	7	لَقَدْ	w-s018-a062-w007	18:62:7	one_to_one
t-s018-a062-w008	18:62	8	لَقِينَا	w-s018-a062-w008	18:62:8	one_to_one
t-s018-a062-w009	18:62	9	مِن	w-s018-a062-w009	18:62:9	one_to_one
t-s018-a062-w010	18:62	10	سَفَرِنَا	w-s018-a062-w010	18:62:10	one_to_one
t-s018-a062-w011	18:62	11	هَٰذَا	w-s018-a062-w011	18:62:11	one_to_one
t-s018-a062-w012	18:62	12	نَصَبًۭا	w-s018-a062-w012	18:62:12	one_to_one
t-s018-a063-w001	18:63	1	قَالَ	w-s018-a063-w001	18:63:1	one_to_one
t-s018-a063-w002	18:63	2	أَرَءَيْتَ	w-s018-a063-w002	18:63:2	one_to_one
t-s018-a063-w003	18:63	3	إِذْ	w-s018-a063-w003	18:63:3	one_to_one
t-s018-a063-w004	18:63	4	أَوَيْنَآ	w-s018-a063-w004	18:63:4	one_to_one
t-s018-a063-w005	18:63	5	إِلَى	w-s018-a063-w005	18:63:5	one_to_one
t-s018-a063-w006	18:63	6	ٱلصَّخْرَةِ	w-s018-a063-w006	18:63:6	one_to_one
t-s018-a063-w007	18:63	7	فَإِنِّى	w-s018-a063-w007	18:63:7	one_to_one
t-s018-a063-w008	18:63	8	نَسِيتُ	w-s018-a063-w008	18:63:8	one_to_one
t-s018-a063-w009	18:63	9	ٱلْحُوتَ	w-s018-a063-w009	18:63:9	one_to_one
t-s018-a063-w010	18:63	10	وَمَآ	w-s018-a063-w010	18:63:10	one_to_one
t-s018-a063-w011	18:63	11	أَنسَىٰنِيهُ	w-s018-a063-w011	18:63:11	one_to_one
t-s018-a063-w012	18:63	12	إِلَّا	w-s018-a063-w012	18:63:12	one_to_one
t-s018-a063-w013	18:63	13	ٱلشَّيْطَٰنُ	w-s018-a063-w013	18:63:13	one_to_one
t-s018-a063-w014	18:63	14	أَنْ	w-s018-a063-w014	18:63:14	one_to_one
t-s018-a063-w015	18:63	15	أَذْكُرَهُۥ	w-s018-a063-w015	18:63:15	one_to_one
t-s018-a063-w016	18:63	16	وَٱتَّخَذَ	w-s018-a063-w016	18:63:16	one_to_one
t-s018-a063-w017	18:63	17	سَبِيلَهُۥ	w-s018-a063-w017	18:63:17	one_to_one
t-s018-a063-w018	18:63	18	فِى	w-s018-a063-w018	18:63:18	one_to_one
t-s018-a063-w019	18:63	19	ٱلْبَحْرِ	w-s018-a063-w019	18:63:19	one_to_one
t-s018-a063-w020	18:63	20	عَجَبًۭا	w-s018-a063-w020	18:63:20	one_to_one
t-s018-a064-w001	18:64	1	قَالَ	w-s018-a064-w001	18:64:1	one_to_one
t-s018-a064-w002	18:64	2	ذَٰلِكَ	w-s018-a064-w002	18:64:2	one_to_one
t-s018-a064-w003	18:64	3	مَا	w-s018-a064-w003	18:64:3	one_to_one
t-s018-a064-w004	18:64	4	كُنَّا	w-s018-a064-w004	18:64:4	one_to_one
t-s018-a064-w005	18:64	5	نَبْغِ	w-s018-a064-w005	18:64:5	one_to_one
t-s018-a064-w006	18:64	6	فَٱرْتَدَّا	w-s018-a064-w006	18:64:6	one_to_one
t-s018-a064-w007	18:64	7	عَلَىٰٓ	w-s018-a064-w007	18:64:7	one_to_one
t-s018-a064-w008	18:64	8	ءَاثَارِهِمَا	w-s018-a064-w008	18:64:8	one_to_one
t-s018-a064-w009	18:64	9	قَصَصًۭا	w-s018-a064-w009	18:64:9	one_to_one
t-s018-a065-w001	18:65	1	فَوَجَدَا	w-s018-a065-w001	18:65:1	one_to_one
t-s018-a065-w002	18:65	2	عَبْدًۭا	w-s018-a065-w002	18:65:2	one_to_one
t-s018-a065-w003	18:65	3	مِّنْ	w-s018-a065-w003	18:65:3	one_to_one
t-s018-a065-w004	18:65	4	عِبَادِنَآ	w-s018-a065-w004	18:65:4	one_to_one
t-s018-a065-w005	18:65	5	ءَاتَيْنَٰهُ	w-s018-a065-w005	18:65:5	one_to_one
t-s018-a065-w006	18:65	6	رَحْمَةًۭ	w-s018-a065-w006	18:65:6	one_to_one
t-s018-a065-w007	18:65	7	مِّنْ	w-s018-a065-w007	18:65:7	one_to_one
t-s018-a065-w008	18:65	8	عِندِنَا	w-s018-a065-w008	18:65:8	one_to_one
t-s018-a065-w009	18:65	9	وَعَلَّمْنَٰهُ	w-s018-a065-w009	18:65:9	one_to_one
t-s018-a065-w010	18:65	10	مِن	w-s018-a065-w010	18:65:10	one_to_one
t-s018-a065-w011	18:65	11	لَّدُنَّا	w-s018-a065-w011	18:65:11	one_to_one
t-s018-a065-w012	18:65	12	عِلْمًۭا	w-s018-a065-w012	18:65:12	one_to_one
t-s018-a066-w001	18:66	1	قَالَ	w-s018-a066-w001	18:66:1	one_to_one
t-s018-a066-w002	18:66	2	لَهُۥ	w-s018-a066-w002	18:66:2	one_to_one
t-s018-a066-w003	18:66	3	مُوسَىٰ	w-s018-a066-w003	18:66:3	one_to_one
t-s018-a066-w004	18:66	4	هَلْ	w-s018-a066-w004	18:66:4	one_to_one
t-s018-a066-w005	18:66	5	أَتَّبِعُكَ	w-s018-a066-w005	18:66:5	one_to_one
t-s018-a066-w006	18:66	6	عَلَىٰٓ	w-s018-a066-w006	18:66:6	one_to_one
t-s018-a066-w007	18:66	7	أَن	w-s018-a066-w007	18:66:7	one_to_one
t-s018-a066-w008	18:66	8	تُعَلِّمَنِ	w-s018-a066-w008	18:66:8	one_to_one
t-s018-a066-w009	18:66	9	مِمَّا	w-s018-a066-w009	18:66:9	one_to_one
t-s018-a066-w010	18:66	10	عُلِّمْتَ	w-s018-a066-w010	18:66:10	one_to_one
t-s018-a066-w011	18:66	11	رُشْدًۭا	w-s018-a066-w011	18:66:11	one_to_one
t-s018-a067-w001	18:67	1	قَالَ	w-s018-a067-w001	18:67:1	one_to_one
t-s018-a067-w002	18:67	2	إِنَّكَ	w-s018-a067-w002	18:67:2	one_to_one
t-s018-a067-w003	18:67	3	لَن	w-s018-a067-w003	18:67:3	one_to_one
t-s018-a067-w004	18:67	4	تَسْتَطِيعَ	w-s018-a067-w004	18:67:4	one_to_one
t-s018-a067-w005	18:67	5	مَعِىَ	w-s018-a067-w005	18:67:5	one_to_one
t-s018-a067-w006	18:67	6	صَبْرًۭا	w-s018-a067-w006	18:67:6	one_to_one
t-s018-a068-w001	18:68	1	وَكَيْفَ	w-s018-a068-w001	18:68:1	one_to_one
t-s018-a068-w002	18:68	2	تَصْبِرُ	w-s018-a068-w002	18:68:2	one_to_one
t-s018-a068-w003	18:68	3	عَلَىٰ	w-s018-a068-w003	18:68:3	one_to_one
t-s018-a068-w004	18:68	4	مَا	w-s018-a068-w004	18:68:4	one_to_one
t-s018-a068-w005	18:68	5	لَمْ	w-s018-a068-w005	18:68:5	one_to_one
t-s018-a068-w006	18:68	6	تُحِطْ	w-s018-a068-w006	18:68:6	one_to_one
t-s018-a068-w007	18:68	7	بِهِۦ	w-s018-a068-w007	18:68:7	one_to_one
t-s018-a068-w008	18:68	8	خُبْرًۭا	w-s018-a068-w008	18:68:8	one_to_one
t-s018-a069-w001	18:69	1	قَالَ	w-s018-a069-w001	18:69:1	one_to_one
t-s018-a069-w002	18:69	2	سَتَجِدُنِىٓ	w-s018-a069-w002	18:69:2	one_to_one
t-s018-a069-w003	18:69	3	إِن	w-s018-a069-w003	18:69:3	one_to_one
t-s018-a069-w004	18:69	4	شَآءَ	w-s018-a069-w004	18:69:4	one_to_one
t-s018-a069-w005	18:69	5	ٱللَّهُ	w-s018-a069-w005	18:69:5	one_to_one
t-s018-a069-w006	18:69	6	صَابِرًۭا	w-s018-a069-w006	18:69:6	one_to_one
t-s018-a069-w007	18:69	7	وَلَآ	w-s018-a069-w007	18:69:7	one_to_one
t-s018-a069-w008	18:69	8	أَعْصِى	w-s018-a069-w008	18:69:8	one_to_one
t-s018-a069-w009	18:69	9	لَكَ	w-s018-a069-w009	18:69:9	one_to_one
t-s018-a069-w010	18:69	10	أَمْرًۭا	w-s018-a069-w010	18:69:10	one_to_one
t-s018-a070-w001	18:70	1	قَالَ	w-s018-a070-w001	18:70:1	one_to_one
t-s018-a070-w002	18:70	2	فَإِنِ	w-s018-a070-w002	18:70:2	one_to_one
t-s018-a070-w003	18:70	3	ٱتَّبَعْتَنِى	w-s018-a070-w003	18:70:3	one_to_one
t-s018-a070-w004	18:70	4	فَلَا	w-s018-a070-w004	18:70:4	one_to_one
t-s018-a070-w005	18:70	5	تَسْـَٔلْنِى	w-s018-a070-w005	18:70:5	one_to_one
t-s018-a070-w006	18:70	6	عَن	w-s018-a070-w006	18:70:6	one_to_one
t-s018-a070-w007	18:70	7	شَىْءٍ	w-s018-a070-w007	18:70:7	one_to_one
t-s018-a070-w008	18:70	8	حَتَّىٰٓ	w-s018-a070-w008	18:70:8	one_to_one
t-s018-a070-w009	18:70	9	أُحْدِثَ	w-s018-a070-w009	18:70:9	one_to_one
t-s018-a070-w010	18:70	10	لَكَ	w-s018-a070-w010	18:70:10	one_to_one
t-s018-a070-w011	18:70	11	مِنْهُ	w-s018-a070-w011	18:70:11	one_to_one
t-s018-a070-w012	18:70	12	ذِكْرًۭا	w-s018-a070-w012	18:70:12	one_to_one
t-s018-a071-w001	18:71	1	فَٱنطَلَقَا	w-s018-a071-w001	18:71:1	one_to_one
t-s018-a071-w002	18:71	2	حَتَّىٰٓ	w-s018-a071-w002	18:71:2	one_to_one
t-s018-a071-w003	18:71	3	إِذَا	w-s018-a071-w003	18:71:3	one_to_one
t-s018-a071-w004	18:71	4	رَكِبَا	w-s018-a071-w004	18:71:4	one_to_one
t-s018-a071-w005	18:71	5	فِى	w-s018-a071-w005	18:71:5	one_to_one
t-s018-a071-w006	18:71	6	ٱلسَّفِينَةِ	w-s018-a071-w006	18:71:6	one_to_one
t-s018-a071-w007	18:71	7	خَرَقَهَا	w-s018-a071-w007	18:71:7	one_to_one
t-s018-a071-w008	18:71	8	قَالَ	w-s018-a071-w008	18:71:8	one_to_one
t-s018-a071-w009	18:71	9	أَخَرَقْتَهَا	w-s018-a071-w009	18:71:9	one_to_one
t-s018-a071-w010	18:71	10	لِتُغْرِقَ	w-s018-a071-w010	18:71:10	one_to_one
t-s018-a071-w011	18:71	11	أَهْلَهَا	w-s018-a071-w011	18:71:11	one_to_one
t-s018-a071-w012	18:71	12	لَقَدْ	w-s018-a071-w012	18:71:12	one_to_one
t-s018-a071-w013	18:71	13	جِئْتَ	w-s018-a071-w013	18:71:13	one_to_one
t-s018-a071-w014	18:71	14	شَيْـًٔا	w-s018-a071-w014	18:71:14	one_to_one
t-s018-a071-w015	18:71	15	إِمْرًۭا	w-s018-a071-w015	18:71:15	one_to_one
t-s018-a072-w001	18:72	1	قَالَ	w-s018-a072-w001	18:72:1	one_to_one
t-s018-a072-w002	18:72	2	أَلَمْ	w-s018-a072-w002	18:72:2	one_to_one
t-s018-a072-w003	18:72	3	أَقُلْ	w-s018-a072-w003	18:72:3	one_to_one
t-s018-a072-w004	18:72	4	إِنَّكَ	w-s018-a072-w004	18:72:4	one_to_one
t-s018-a072-w005	18:72	5	لَن	w-s018-a072-w005	18:72:5	one_to_one
t-s018-a072-w006	18:72	6	تَسْتَطِيعَ	w-s018-a072-w006	18:72:6	one_to_one
t-s018-a072-w007	18:72	7	مَعِىَ	w-s018-a072-w007	18:72:7	one_to_one
t-s018-a072-w008	18:72	8	صَبْرًۭا	w-s018-a072-w008	18:72:8	one_to_one
t-s018-a073-w001	18:73	1	قَالَ	w-s018-a073-w001	18:73:1	one_to_one
t-s018-a073-w002	18:73	2	لَا	w-s018-a073-w002	18:73:2	one_to_one
t-s018-a073-w003	18:73	3	تُؤَاخِذْنِى	w-s018-a073-w003	18:73:3	one_to_one
t-s018-a073-w004	18:73	4	بِمَا	w-s018-a073-w004	18:73:4	one_to_one
t-s018-a073-w005	18:73	5	نَسِيتُ	w-s018-a073-w005	18:73:5	one_to_one
t-s018-a073-w006	18:73	6	وَلَا	w-s018-a073-w006	18:73:6	one_to_one
t-s018-a073-w007	18:73	7	تُرْهِقْنِى	w-s018-a073-w007	18:73:7	one_to_one
t-s018-a073-w008	18:73	8	مِنْ	w-s018-a073-w008	18:73:8	one_to_one
t-s018-a073-w009	18:73	9	أَمْرِى	w-s018-a073-w009	18:73:9	one_to_one
t-s018-a073-w010	18:73	10	عُسْرًۭا	w-s018-a073-w010	18:73:10	one_to_one
t-s018-a074-w001	18:74	1	فَٱنطَلَقَا	w-s018-a074-w001	18:74:1	one_to_one
t-s018-a074-w002	18:74	2	حَتَّىٰٓ	w-s018-a074-w002	18:74:2	one_to_one
t-s018-a074-w003	18:74	3	إِذَا	w-s018-a074-w003	18:74:3	one_to_one
t-s018-a074-w004	18:74	4	لَقِيَا	w-s018-a074-w004	18:74:4	one_to_one
t-s018-a074-w005	18:74	5	غُلَٰمًۭا	w-s018-a074-w005	18:74:5	one_to_one
t-s018-a074-w006	18:74	6	فَقَتَلَهُۥ	w-s018-a074-w006	18:74:6	one_to_one
t-s018-a074-w007	18:74	7	قَالَ	w-s018-a074-w007	18:74:7	one_to_one
t-s018-a074-w008	18:74	8	أَقَتَلْتَ	w-s018-a074-w008	18:74:8	one_to_one
t-s018-a074-w009	18:74	9	نَفْسًۭا	w-s018-a074-w009	18:74:9	one_to_one
t-s018-a074-w010	18:74	10	زَكِيَّةًۢ	w-s018-a074-w010	18:74:10	one_to_one
t-s018-a074-w011	18:74	11	بِغَيْرِ	w-s018-a074-w011	18:74:11	one_to_one
t-s018-a074-w012	18:74	12	نَفْسٍۢ	w-s018-a074-w012	18:74:12	one_to_one
t-s018-a074-w013	18:74	13	لَّقَدْ	w-s018-a074-w013	18:74:13	one_to_one
t-s018-a074-w014	18:74	14	جِئْتَ	w-s018-a074-w014	18:74:14	one_to_one
t-s018-a074-w015	18:74	15	شَيْـًۭٔا	w-s018-a074-w015	18:74:15	one_to_one
t-s018-a074-w016	18:74	16	نُّكْرًۭا	w-s018-a074-w016	18:74:16	one_to_one
t-s018-a075-w001	18:75	1	قَالَ	w-s018-a075-w001	18:75:1	one_to_one
t-s018-a075-w002	18:75	2	أَلَمْ	w-s018-a075-w002	18:75:2	one_to_one
t-s018-a075-w003	18:75	3	أَقُل	w-s018-a075-w003	18:75:3	one_to_one
t-s018-a075-w004	18:75	4	لَّكَ	w-s018-a075-w004	18:75:4	one_to_one
t-s018-a075-w005	18:75	5	إِنَّكَ	w-s018-a075-w005	18:75:5	one_to_one
t-s018-a075-w006	18:75	6	لَن	w-s018-a075-w006	18:75:6	one_to_one
t-s018-a075-w007	18:75	7	تَسْتَطِيعَ	w-s018-a075-w007	18:75:7	one_to_one
t-s018-a075-w008	18:75	8	مَعِىَ	w-s018-a075-w008	18:75:8	one_to_one
t-s018-a075-w009	18:75	9	صَبْرًۭا	w-s018-a075-w009	18:75:9	one_to_one
t-s018-a076-w001	18:76	1	قَالَ	w-s018-a076-w001	18:76:1	one_to_one
t-s018-a076-w002	18:76	2	إِن	w-s018-a076-w002	18:76:2	one_to_one
t-s018-a076-w003	18:76	3	سَأَلْتُكَ	w-s018-a076-w003	18:76:3	one_to_one
t-s018-a076-w004	18:76	4	عَن	w-s018-a076-w004	18:76:4	one_to_one
t-s018-a076-w005	18:76	5	شَىْءٍۭ	w-s018-a076-w005	18:76:5	one_to_one
t-s018-a076-w006	18:76	6	بَعْدَهَا	w-s018-a076-w006	18:76:6	one_to_one
t-s018-a076-w007	18:76	7	فَلَا	w-s018-a076-w007	18:76:7	one_to_one
t-s018-a076-w008	18:76	8	تُصَٰحِبْنِى	w-s018-a076-w008	18:76:8	one_to_one
t-s018-a076-w009	18:76	9	قَدْ	w-s018-a076-w009	18:76:9	one_to_one
t-s018-a076-w010	18:76	10	بَلَغْتَ	w-s018-a076-w010	18:76:10	one_to_one
t-s018-a076-w011	18:76	11	مِن	w-s018-a076-w011	18:76:11	one_to_one
t-s018-a076-w012	18:76	12	لَّدُنِّى	w-s018-a076-w012	18:76:12	one_to_one
t-s018-a076-w013	18:76	13	عُذْرًۭا	w-s018-a076-w013	18:76:13	one_to_one
t-s018-a077-w001	18:77	1	فَٱنطَلَقَا	w-s018-a077-w001	18:77:1	one_to_one
t-s018-a077-w002	18:77	2	حَتَّىٰٓ	w-s018-a077-w002	18:77:2	one_to_one
t-s018-a077-w003	18:77	3	إِذَآ	w-s018-a077-w003	18:77:3	one_to_one
t-s018-a077-w004	18:77	4	أَتَيَآ	w-s018-a077-w004	18:77:4	one_to_one
t-s018-a077-w005	18:77	5	أَهْلَ	w-s018-a077-w005	18:77:5	one_to_one
t-s018-a077-w006	18:77	6	قَرْيَةٍ	w-s018-a077-w006	18:77:6	one_to_one
t-s018-a077-w007	18:77	7	ٱسْتَطْعَمَآ	w-s018-a077-w007	18:77:7	one_to_one
t-s018-a077-w008	18:77	8	أَهْلَهَا	w-s018-a077-w008	18:77:8	one_to_one
t-s018-a077-w009	18:77	9	فَأَبَوْا۟	w-s018-a077-w009	18:77:9	one_to_one
t-s018-a077-w010	18:77	10	أَن	w-s018-a077-w010	18:77:10	one_to_one
t-s018-a077-w011	18:77	11	يُضَيِّفُوهُمَا	w-s018-a077-w011	18:77:11	one_to_one
t-s018-a077-w012	18:77	12	فَوَجَدَا	w-s018-a077-w012	18:77:12	one_to_one
t-s018-a077-w013	18:77	13	فِيهَا	w-s018-a077-w013	18:77:13	one_to_one
t-s018-a077-w014	18:77	14	جِدَارًۭا	w-s018-a077-w014	18:77:14	one_to_one
t-s018-a077-w015	18:77	15	يُرِيدُ	w-s018-a077-w015	18:77:15	one_to_one
t-s018-a077-w016	18:77	16	أَن	w-s018-a077-w016	18:77:16	one_to_one
t-s018-a077-w017	18:77	17	يَنقَضَّ	w-s018-a077-w017	18:77:17	one_to_one
t-s018-a077-w018	18:77	18	فَأَقَامَهُۥ	w-s018-a077-w018	18:77:18	one_to_one
t-s018-a077-w019	18:77	19	قَالَ	w-s018-a077-w019	18:77:19	one_to_one
t-s018-a077-w020	18:77	20	لَوْ	w-s018-a077-w020	18:77:20	one_to_one
t-s018-a077-w021	18:77	21	شِئْتَ	w-s018-a077-w021	18:77:21	one_to_one
t-s018-a077-w022	18:77	22	لَتَّخَذْتَ	w-s018-a077-w022	18:77:22	one_to_one
t-s018-a077-w023	18:77	23	عَلَيْهِ	w-s018-a077-w023	18:77:23	one_to_one
t-s018-a077-w024	18:77	24	أَجْرًۭا	w-s018-a077-w024	18:77:24	one_to_one
t-s018-a078-w001	18:78	1	قَالَ	w-s018-a078-w001	18:78:1	one_to_one
t-s018-a078-w002	18:78	2	هَٰذَا	w-s018-a078-w002	18:78:2	one_to_one
t-s018-a078-w003	18:78	3	فِرَاقُ	w-s018-a078-w003	18:78:3	one_to_one
t-s018-a078-w004	18:78	4	بَيْنِى	w-s018-a078-w004	18:78:4	one_to_one
t-s018-a078-w005	18:78	5	وَبَيْنِكَ	w-s018-a078-w005	18:78:5	one_to_one
t-s018-a078-w006	18:78	6	سَأُنَبِّئُكَ	w-s018-a078-w006	18:78:6	one_to_one
t-s018-a078-w007	18:78	7	بِتَأْوِيلِ	w-s018-a078-w007	18:78:7	one_to_one
t-s018-a078-w008	18:78	8	مَا	w-s018-a078-w008	18:78:8	one_to_one
t-s018-a078-w009	18:78	9	لَمْ	w-s018-a078-w009	18:78:9	one_to_one
t-s018-a078-w010	18:78	10	تَسْتَطِع	w-s018-a078-w010	18:78:10	one_to_one
t-s018-a078-w011	18:78	11	عَّلَيْهِ	w-s018-a078-w011	18:78:11	one_to_one
t-s018-a078-w012	18:78	12	صَبْرًا	w-s018-a078-w012	18:78:12	one_to_one
t-s018-a079-w001	18:79	1	أَمَّا	w-s018-a079-w001	18:79:1	one_to_one
t-s018-a079-w002	18:79	2	ٱلسَّفِينَةُ	w-s018-a079-w002	18:79:2	one_to_one
t-s018-a079-w003	18:79	3	فَكَانَتْ	w-s018-a079-w003	18:79:3	one_to_one
t-s018-a079-w004	18:79	4	لِمَسَٰكِينَ	w-s018-a079-w004	18:79:4	one_to_one
t-s018-a079-w005	18:79	5	يَعْمَلُونَ	w-s018-a079-w005	18:79:5	one_to_one
t-s018-a079-w006	18:79	6	فِى	w-s018-a079-w006	18:79:6	one_to_one
t-s018-a079-w007	18:79	7	ٱلْبَحْرِ	w-s018-a079-w007	18:79:7	one_to_one
t-s018-a079-w008	18:79	8	فَأَرَدتُّ	w-s018-a079-w008	18:79:8	one_to_one
t-s018-a079-w009	18:79	9	أَنْ	w-s018-a079-w009	18:79:9	one_to_one
t-s018-a079-w010	18:79	10	أَعِيبَهَا	w-s018-a079-w010	18:79:10	one_to_one
t-s018-a079-w011	18:79	11	وَكَانَ	w-s018-a079-w011	18:79:11	one_to_one
t-s018-a079-w012	18:79	12	وَرَآءَهُم	w-s018-a079-w012	18:79:12	one_to_one
t-s018-a079-w013	18:79	13	مَّلِكٌۭ	w-s018-a079-w013	18:79:13	one_to_one
t-s018-a079-w014	18:79	14	يَأْخُذُ	w-s018-a079-w014	18:79:14	one_to_one
t-s018-a079-w015	18:79	15	كُلَّ	w-s018-a079-w015	18:79:15	one_to_one
t-s018-a079-w016	18:79	16	سَفِينَةٍ	w-s018-a079-w016	18:79:16	one_to_one
t-s018-a079-w017	18:79	17	غَصْبًۭا	w-s018-a079-w017	18:79:17	one_to_one
t-s018-a080-w001	18:80	1	وَأَمَّا	w-s018-a080-w001	18:80:1	one_to_one
t-s018-a080-w002	18:80	2	ٱلْغُلَٰمُ	w-s018-a080-w002	18:80:2	one_to_one
t-s018-a080-w003	18:80	3	فَكَانَ	w-s018-a080-w003	18:80:3	one_to_one
t-s018-a080-w004	18:80	4	أَبَوَاهُ	w-s018-a080-w004	18:80:4	one_to_one
t-s018-a080-w005	18:80	5	مُؤْمِنَيْنِ	w-s018-a080-w005	18:80:5	one_to_one
t-s018-a080-w006	18:80	6	فَخَشِينَآ	w-s018-a080-w006	18:80:6	one_to_one
t-s018-a080-w007	18:80	7	أَن	w-s018-a080-w007	18:80:7	one_to_one
t-s018-a080-w008	18:80	8	يُرْهِقَهُمَا	w-s018-a080-w008	18:80:8	one_to_one
t-s018-a080-w009	18:80	9	طُغْيَٰنًۭا	w-s018-a080-w009	18:80:9	one_to_one
t-s018-a080-w010	18:80	10	وَكُفْرًۭا	w-s018-a080-w010	18:80:10	one_to_one
t-s018-a081-w001	18:81	1	فَأَرَدْنَآ	w-s018-a081-w001	18:81:1	one_to_one
t-s018-a081-w002	18:81	2	أَن	w-s018-a081-w002	18:81:2	one_to_one
t-s018-a081-w003	18:81	3	يُبْدِلَهُمَا	w-s018-a081-w003	18:81:3	one_to_one
t-s018-a081-w004	18:81	4	رَبُّهُمَا	w-s018-a081-w004	18:81:4	one_to_one
t-s018-a081-w005	18:81	5	خَيْرًۭا	w-s018-a081-w005	18:81:5	one_to_one
t-s018-a081-w006	18:81	6	مِّنْهُ	w-s018-a081-w006	18:81:6	one_to_one
t-s018-a081-w007	18:81	7	زَكَوٰةًۭ	w-s018-a081-w007	18:81:7	one_to_one
t-s018-a081-w008	18:81	8	وَأَقْرَبَ	w-s018-a081-w008	18:81:8	one_to_one
t-s018-a081-w009	18:81	9	رُحْمًۭا	w-s018-a081-w009	18:81:9	one_to_one
t-s018-a082-w001	18:82	1	وَأَمَّا	w-s018-a082-w001	18:82:1	one_to_one
t-s018-a082-w002	18:82	2	ٱلْجِدَارُ	w-s018-a082-w002	18:82:2	one_to_one
t-s018-a082-w003	18:82	3	فَكَانَ	w-s018-a082-w003	18:82:3	one_to_one
t-s018-a082-w004	18:82	4	لِغُلَٰمَيْنِ	w-s018-a082-w004	18:82:4	one_to_one
t-s018-a082-w005	18:82	5	يَتِيمَيْنِ	w-s018-a082-w005	18:82:5	one_to_one
t-s018-a082-w006	18:82	6	فِى	w-s018-a082-w006	18:82:6	one_to_one
t-s018-a082-w007	18:82	7	ٱلْمَدِينَةِ	w-s018-a082-w007	18:82:7	one_to_one
t-s018-a082-w008	18:82	8	وَكَانَ	w-s018-a082-w008	18:82:8	one_to_one
t-s018-a082-w009	18:82	9	تَحْتَهُۥ	w-s018-a082-w009	18:82:9	one_to_one
t-s018-a082-w010	18:82	10	كَنزٌۭ	w-s018-a082-w010	18:82:10	one_to_one
t-s018-a082-w011	18:82	11	لَّهُمَا	w-s018-a082-w011	18:82:11	one_to_one
t-s018-a082-w012	18:82	12	وَكَانَ	w-s018-a082-w012	18:82:12	one_to_one
t-s018-a082-w013	18:82	13	أَبُوهُمَا	w-s018-a082-w013	18:82:13	one_to_one
t-s018-a082-w014	18:82	14	صَٰلِحًۭا	w-s018-a082-w014	18:82:14	one_to_one
t-s018-a082-w015	18:82	15	فَأَرَادَ	w-s018-a082-w015	18:82:15	one_to_one
t-s018-a082-w016	18:82	16	رَبُّكَ	w-s018-a082-w016	18:82:16	one_to_one
t-s018-a082-w017	18:82	17	أَن	w-s018-a082-w017	18:82:17	one_to_one
t-s018-a082-w018	18:82	18	يَبْلُغَآ	w-s018-a082-w018	18:82:18	one_to_one
t-s018-a082-w019	18:82	19	أَشُدَّهُمَا	w-s018-a082-w019	18:82:19	one_to_one
t-s018-a082-w020	18:82	20	وَيَسْتَخْرِجَا	w-s018-a082-w020	18:82:20	one_to_one
t-s018-a082-w021	18:82	21	كَنزَهُمَا	w-s018-a082-w021	18:82:21	one_to_one
t-s018-a082-w022	18:82	22	رَحْمَةًۭ	w-s018-a082-w022	18:82:22	one_to_one
t-s018-a082-w023	18:82	23	مِّن	w-s018-a082-w023	18:82:23	one_to_one
t-s018-a082-w024	18:82	24	رَّبِّكَ	w-s018-a082-w024	18:82:24	one_to_one
t-s018-a082-w025	18:82	25	وَمَا	w-s018-a082-w025	18:82:25	one_to_one
t-s018-a082-w026	18:82	26	فَعَلْتُهُۥ	w-s018-a082-w026	18:82:26	one_to_one
t-s018-a082-w027	18:82	27	عَنْ	w-s018-a082-w027	18:82:27	one_to_one
t-s018-a082-w028	18:82	28	أَمْرِى	w-s018-a082-w028	18:82:28	one_to_one
t-s018-a082-w029	18:82	29	ذَٰلِكَ	w-s018-a082-w029	18:82:29	one_to_one
t-s018-a082-w030	18:82	30	تَأْوِيلُ	w-s018-a082-w030	18:82:30	one_to_one
t-s018-a082-w031	18:82	31	مَا	w-s018-a082-w031	18:82:31	one_to_one
t-s018-a082-w032	18:82	32	لَمْ	w-s018-a082-w032	18:82:32	one_to_one
t-s018-a082-w033	18:82	33	تَسْطِع	w-s018-a082-w033	18:82:33	one_to_one
t-s018-a082-w034	18:82	34	عَّلَيْهِ	w-s018-a082-w034	18:82:34	one_to_one
t-s018-a082-w035	18:82	35	صَبْرًۭا	w-s018-a082-w035	18:82:35	one_to_one
t-s018-a083-w001	18:83	1	وَيَسْـَٔلُونَكَ	w-s018-a083-w001	18:83:1	one_to_one
t-s018-a083-w002	18:83	2	عَن	w-s018-a083-w002	18:83:2	one_to_one
t-s018-a083-w003	18:83	3	ذِى	w-s018-a083-w003	18:83:3	one_to_one
t-s018-a083-w004	18:83	4	ٱلْقَرْنَيْنِ	w-s018-a083-w004	18:83:4	one_to_one
t-s018-a083-w005	18:83	5	قُلْ	w-s018-a083-w005	18:83:5	one_to_one
t-s018-a083-w006	18:83	6	سَأَتْلُوا۟	w-s018-a083-w006	18:83:6	one_to_one
t-s018-a083-w007	18:83	7	عَلَيْكُم	w-s018-a083-w007	18:83:7	one_to_one
t-s018-a083-w008	18:83	8	مِّنْهُ	w-s018-a083-w008	18:83:8	one_to_one
t-s018-a083-w009	18:83	9	ذِكْرًا	w-s018-a083-w009	18:83:9	one_to_one
t-s018-a084-w001	18:84	1	إِنَّا	w-s018-a084-w001	18:84:1	one_to_one
t-s018-a084-w002	18:84	2	مَكَّنَّا	w-s018-a084-w002	18:84:2	one_to_one
t-s018-a084-w003	18:84	3	لَهُۥ	w-s018-a084-w003	18:84:3	one_to_one
t-s018-a084-w004	18:84	4	فِى	w-s018-a084-w004	18:84:4	one_to_one
t-s018-a084-w005	18:84	5	ٱلْأَرْضِ	w-s018-a084-w005	18:84:5	one_to_one
t-s018-a084-w006	18:84	6	وَءَاتَيْنَٰهُ	w-s018-a084-w006	18:84:6	one_to_one
t-s018-a084-w007	18:84	7	مِن	w-s018-a084-w007	18:84:7	one_to_one
t-s018-a084-w008	18:84	8	كُلِّ	w-s018-a084-w008	18:84:8	one_to_one
t-s018-a084-w009	18:84	9	شَىْءٍۢ	w-s018-a084-w009	18:84:9	one_to_one
t-s018-a084-w010	18:84	10	سَبَبًۭا	w-s018-a084-w010	18:84:10	one_to_one
t-s018-a085-w001	18:85	1	فَأَتْبَعَ	w-s018-a085-w001	18:85:1	one_to_one
t-s018-a085-w002	18:85	2	سَبَبًا	w-s018-a085-w002	18:85:2	one_to_one
t-s018-a086-w001	18:86	1	حَتَّىٰٓ	w-s018-a086-w001	18:86:1	one_to_one
t-s018-a086-w002	18:86	2	إِذَا	w-s018-a086-w002	18:86:2	one_to_one
t-s018-a086-w003	18:86	3	بَلَغَ	w-s018-a086-w003	18:86:3	one_to_one
t-s018-a086-w004	18:86	4	مَغْرِبَ	w-s018-a086-w004	18:86:4	one_to_one
t-s018-a086-w005	18:86	5	ٱلشَّمْسِ	w-s018-a086-w005	18:86:5	one_to_one
t-s018-a086-w006	18:86	6	وَجَدَهَا	w-s018-a086-w006	18:86:6	one_to_one
t-s018-a086-w007	18:86	7	تَغْرُبُ	w-s018-a086-w007	18:86:7	one_to_one
t-s018-a086-w008	18:86	8	فِى	w-s018-a086-w008	18:86:8	one_to_one
t-s018-a086-w009	18:86	9	عَيْنٍ	w-s018-a086-w009	18:86:9	one_to_one
t-s018-a086-w010	18:86	10	حَمِئَةٍۢ	w-s018-a086-w010	18:86:10	one_to_one
t-s018-a086-w011	18:86	11	وَوَجَدَ	w-s018-a086-w011	18:86:11	one_to_one
t-s018-a086-w012	18:86	12	عِندَهَا	w-s018-a086-w012	18:86:12	one_to_one
t-s018-a086-w013	18:86	13	قَوْمًۭا	w-s018-a086-w013	18:86:13	one_to_one
t-s018-a086-w014	18:86	14	قُلْنَا	w-s018-a086-w014	18:86:14	one_to_one
t-s018-a086-w015	18:86	15	يَٰذَا	w-s018-a086-w015	18:86:15	one_to_one
t-s018-a086-w016	18:86	16	ٱلْقَرْنَيْنِ	w-s018-a086-w016	18:86:16	one_to_one
t-s018-a086-w017	18:86	17	إِمَّآ	w-s018-a086-w017	18:86:17	one_to_one
t-s018-a086-w018	18:86	18	أَن	w-s018-a086-w018	18:86:18	one_to_one
t-s018-a086-w019	18:86	19	تُعَذِّبَ	w-s018-a086-w019	18:86:19	one_to_one
t-s018-a086-w020	18:86	20	وَإِمَّآ	w-s018-a086-w020	18:86:20	one_to_one
t-s018-a086-w021	18:86	21	أَن	w-s018-a086-w021	18:86:21	one_to_one
t-s018-a086-w022	18:86	22	تَتَّخِذَ	w-s018-a086-w022	18:86:22	one_to_one
t-s018-a086-w023	18:86	23	فِيهِمْ	w-s018-a086-w023	18:86:23	one_to_one
t-s018-a086-w024	18:86	24	حُسْنًۭا	w-s018-a086-w024	18:86:24	one_to_one
t-s018-a087-w001	18:87	1	قَالَ	w-s018-a087-w001	18:87:1	one_to_one
t-s018-a087-w002	18:87	2	أَمَّا	w-s018-a087-w002	18:87:2	one_to_one
t-s018-a087-w003	18:87	3	مَن	w-s018-a087-w003	18:87:3	one_to_one
t-s018-a087-w004	18:87	4	ظَلَمَ	w-s018-a087-w004	18:87:4	one_to_one
t-s018-a087-w005	18:87	5	فَسَوْفَ	w-s018-a087-w005	18:87:5	one_to_one
t-s018-a087-w006	18:87	6	نُعَذِّبُهُۥ	w-s018-a087-w006	18:87:6	one_to_one
t-s018-a087-w007	18:87	7	ثُمَّ	w-s018-a087-w007	18:87:7	one_to_one
t-s018-a087-w008	18:87	8	يُرَدُّ	w-s018-a087-w008	18:87:8	one_to_one
t-s018-a087-w009	18:87	9	إِلَىٰ	w-s018-a087-w009	18:87:9	one_to_one
t-s018-a087-w010	18:87	10	رَبِّهِۦ	w-s018-a087-w010	18:87:10	one_to_one
t-s018-a087-w011	18:87	11	فَيُعَذِّبُهُۥ	w-s018-a087-w011	18:87:11	one_to_one
t-s018-a087-w012	18:87	12	عَذَابًۭا	w-s018-a087-w012	18:87:12	one_to_one
t-s018-a087-w013	18:87	13	نُّكْرًۭا	w-s018-a087-w013	18:87:13	one_to_one
t-s018-a088-w001	18:88	1	وَأَمَّا	w-s018-a088-w001	18:88:1	one_to_one
t-s018-a088-w002	18:88	2	مَنْ	w-s018-a088-w002	18:88:2	one_to_one
t-s018-a088-w003	18:88	3	ءَامَنَ	w-s018-a088-w003	18:88:3	one_to_one
t-s018-a088-w004	18:88	4	وَعَمِلَ	w-s018-a088-w004	18:88:4	one_to_one
t-s018-a088-w005	18:88	5	صَٰلِحًۭا	w-s018-a088-w005	18:88:5	one_to_one
t-s018-a088-w006	18:88	6	فَلَهُۥ	w-s018-a088-w006	18:88:6	one_to_one
t-s018-a088-w007	18:88	7	جَزَآءً	w-s018-a088-w007	18:88:7	one_to_one
t-s018-a088-w008	18:88	8	ٱلْحُسْنَىٰ	w-s018-a088-w008	18:88:8	one_to_one
t-s018-a088-w009	18:88	9	وَسَنَقُولُ	w-s018-a088-w009	18:88:9	one_to_one
t-s018-a088-w010	18:88	10	لَهُۥ	w-s018-a088-w010	18:88:10	one_to_one
t-s018-a088-w011	18:88	11	مِنْ	w-s018-a088-w011	18:88:11	one_to_one
t-s018-a088-w012	18:88	12	أَمْرِنَا	w-s018-a088-w012	18:88:12	one_to_one
t-s018-a088-w013	18:88	13	يُسْرًۭا	w-s018-a088-w013	18:88:13	one_to_one
t-s018-a089-w001	18:89	1	ثُمَّ	w-s018-a089-w001	18:89:1	one_to_one
t-s018-a089-w002	18:89	2	أَتْبَعَ	w-s018-a089-w002	18:89:2	one_to_one
t-s018-a089-w003	18:89	3	سَبَبًا	w-s018-a089-w003	18:89:3	one_to_one
t-s018-a090-w001	18:90	1	حَتَّىٰٓ	w-s018-a090-w001	18:90:1	one_to_one
t-s018-a090-w002	18:90	2	إِذَا	w-s018-a090-w002	18:90:2	one_to_one
t-s018-a090-w003	18:90	3	بَلَغَ	w-s018-a090-w003	18:90:3	one_to_one
t-s018-a090-w004	18:90	4	مَطْلِعَ	w-s018-a090-w004	18:90:4	one_to_one
t-s018-a090-w005	18:90	5	ٱلشَّمْسِ	w-s018-a090-w005	18:90:5	one_to_one
t-s018-a090-w006	18:90	6	وَجَدَهَا	w-s018-a090-w006	18:90:6	one_to_one
t-s018-a090-w007	18:90	7	تَطْلُعُ	w-s018-a090-w007	18:90:7	one_to_one
t-s018-a090-w008	18:90	8	عَلَىٰ	w-s018-a090-w008	18:90:8	one_to_one
t-s018-a090-w009	18:90	9	قَوْمٍۢ	w-s018-a090-w009	18:90:9	one_to_one
t-s018-a090-w010	18:90	10	لَّمْ	w-s018-a090-w010	18:90:10	one_to_one
t-s018-a090-w011	18:90	11	نَجْعَل	w-s018-a090-w011	18:90:11	one_to_one
t-s018-a090-w012	18:90	12	لَّهُم	w-s018-a090-w012	18:90:12	one_to_one
t-s018-a090-w013	18:90	13	مِّن	w-s018-a090-w013	18:90:13	one_to_one
t-s018-a090-w014	18:90	14	دُونِهَا	w-s018-a090-w014	18:90:14	one_to_one
t-s018-a090-w015	18:90	15	سِتْرًۭا	w-s018-a090-w015	18:90:15	one_to_one
t-s018-a091-w001	18:91	1	كَذَٰلِكَ	w-s018-a091-w001	18:91:1	one_to_one
t-s018-a091-w002	18:91	2	وَقَدْ	w-s018-a091-w002	18:91:2	one_to_one
t-s018-a091-w003	18:91	3	أَحَطْنَا	w-s018-a091-w003	18:91:3	one_to_one
t-s018-a091-w004	18:91	4	بِمَا	w-s018-a091-w004	18:91:4	one_to_one
t-s018-a091-w005	18:91	5	لَدَيْهِ	w-s018-a091-w005	18:91:5	one_to_one
t-s018-a091-w006	18:91	6	خُبْرًۭا	w-s018-a091-w006	18:91:6	one_to_one
t-s018-a092-w001	18:92	1	ثُمَّ	w-s018-a092-w001	18:92:1	one_to_one
t-s018-a092-w002	18:92	2	أَتْبَعَ	w-s018-a092-w002	18:92:2	one_to_one
t-s018-a092-w003	18:92	3	سَبَبًا	w-s018-a092-w003	18:92:3	one_to_one
t-s018-a093-w001	18:93	1	حَتَّىٰٓ	w-s018-a093-w001	18:93:1	one_to_one
t-s018-a093-w002	18:93	2	إِذَا	w-s018-a093-w002	18:93:2	one_to_one
t-s018-a093-w003	18:93	3	بَلَغَ	w-s018-a093-w003	18:93:3	one_to_one
t-s018-a093-w004	18:93	4	بَيْنَ	w-s018-a093-w004	18:93:4	one_to_one
t-s018-a093-w005	18:93	5	ٱلسَّدَّيْنِ	w-s018-a093-w005	18:93:5	one_to_one
t-s018-a093-w006	18:93	6	وَجَدَ	w-s018-a093-w006	18:93:6	one_to_one
t-s018-a093-w007	18:93	7	مِن	w-s018-a093-w007	18:93:7	one_to_one
t-s018-a093-w008	18:93	8	دُونِهِمَا	w-s018-a093-w008	18:93:8	one_to_one
t-s018-a093-w009	18:93	9	قَوْمًۭا	w-s018-a093-w009	18:93:9	one_to_one
t-s018-a093-w010	18:93	10	لَّا	w-s018-a093-w010	18:93:10	one_to_one
t-s018-a093-w011	18:93	11	يَكَادُونَ	w-s018-a093-w011	18:93:11	one_to_one
t-s018-a093-w012	18:93	12	يَفْقَهُونَ	w-s018-a093-w012	18:93:12	one_to_one
t-s018-a093-w013	18:93	13	قَوْلًۭا	w-s018-a093-w013	18:93:13	one_to_one
t-s018-a094-w001	18:94	1	قَالُوا۟	w-s018-a094-w001	18:94:1	one_to_one
t-s018-a094-w002	18:94	2	يَٰذَا	w-s018-a094-w002	18:94:2	one_to_one
t-s018-a094-w003	18:94	3	ٱلْقَرْنَيْنِ	w-s018-a094-w003	18:94:3	one_to_one
t-s018-a094-w004	18:94	4	إِنَّ	w-s018-a094-w004	18:94:4	one_to_one
t-s018-a094-w005	18:94	5	يَأْجُوجَ	w-s018-a094-w005	18:94:5	one_to_one
t-s018-a094-w006	18:94	6	وَمَأْجُوجَ	w-s018-a094-w006	18:94:6	one_to_one
t-s018-a094-w007	18:94	7	مُفْسِدُونَ	w-s018-a094-w007	18:94:7	one_to_one
t-s018-a094-w008	18:94	8	فِى	w-s018-a094-w008	18:94:8	one_to_one
t-s018-a094-w009	18:94	9	ٱلْأَرْضِ	w-s018-a094-w009	18:94:9	one_to_one
t-s018-a094-w010	18:94	10	فَهَلْ	w-s018-a094-w010	18:94:10	one_to_one
t-s018-a094-w011	18:94	11	نَجْعَلُ	w-s018-a094-w011	18:94:11	one_to_one
t-s018-a094-w012	18:94	12	لَكَ	w-s018-a094-w012	18:94:12	one_to_one
t-s018-a094-w013	18:94	13	خَرْجًا	w-s018-a094-w013	18:94:13	one_to_one
t-s018-a094-w014	18:94	14	عَلَىٰٓ	w-s018-a094-w014	18:94:14	one_to_one
t-s018-a094-w015	18:94	15	أَن	w-s018-a094-w015	18:94:15	one_to_one
t-s018-a094-w016	18:94	16	تَجْعَلَ	w-s018-a094-w016	18:94:16	one_to_one
t-s018-a094-w017	18:94	17	بَيْنَنَا	w-s018-a094-w017	18:94:17	one_to_one
t-s018-a094-w018	18:94	18	وَبَيْنَهُمْ	w-s018-a094-w018	18:94:18	one_to_one
t-s018-a094-w019	18:94	19	سَدًّۭا	w-s018-a094-w019	18:94:19	one_to_one
t-s018-a095-w001	18:95	1	قَالَ	w-s018-a095-w001	18:95:1	one_to_one
t-s018-a095-w002	18:95	2	مَا	w-s018-a095-w002	18:95:2	one_to_one
t-s018-a095-w003	18:95	3	مَكَّنِّى	w-s018-a095-w003	18:95:3	one_to_one
t-s018-a095-w004	18:95	4	فِيهِ	w-s018-a095-w004	18:95:4	one_to_one
t-s018-a095-w005	18:95	5	رَبِّى	w-s018-a095-w005	18:95:5	one_to_one
t-s018-a095-w006	18:95	6	خَيْرٌۭ	w-s018-a095-w006	18:95:6	one_to_one
t-s018-a095-w007	18:95	7	فَأَعِينُونِى	w-s018-a095-w007	18:95:7	one_to_one
t-s018-a095-w008	18:95	8	بِقُوَّةٍ	w-s018-a095-w008	18:95:8	one_to_one
t-s018-a095-w009	18:95	9	أَجْعَلْ	w-s018-a095-w009	18:95:9	one_to_one
t-s018-a095-w010	18:95	10	بَيْنَكُمْ	w-s018-a095-w010	18:95:10	one_to_one
t-s018-a095-w011	18:95	11	وَبَيْنَهُمْ	w-s018-a095-w011	18:95:11	one_to_one
t-s018-a095-w012	18:95	12	رَدْمًا	w-s018-a095-w012	18:95:12	one_to_one
t-s018-a096-w001	18:96	1	ءَاتُونِى	w-s018-a096-w001	18:96:1	one_to_one
t-s018-a096-w002	18:96	2	زُبَرَ	w-s018-a096-w002	18:96:2	one_to_one
t-s018-a096-w003	18:96	3	ٱلْحَدِيدِ	w-s018-a096-w003	18:96:3	one_to_one
t-s018-a096-w004	18:96	4	حَتَّىٰٓ	w-s018-a096-w004	18:96:4	one_to_one
t-s018-a096-w005	18:96	5	إِذَا	w-s018-a096-w005	18:96:5	one_to_one
t-s018-a096-w006	18:96	6	سَاوَىٰ	w-s018-a096-w006	18:96:6	one_to_one
t-s018-a096-w007	18:96	7	بَيْنَ	w-s018-a096-w007	18:96:7	one_to_one
t-s018-a096-w008	18:96	8	ٱلصَّدَفَيْنِ	w-s018-a096-w008	18:96:8	one_to_one
t-s018-a096-w009	18:96	9	قَالَ	w-s018-a096-w009	18:96:9	one_to_one
t-s018-a096-w010	18:96	10	ٱنفُخُوا۟	w-s018-a096-w010	18:96:10	one_to_one
t-s018-a096-w011	18:96	11	حَتَّىٰٓ	w-s018-a096-w011	18:96:11	one_to_one
t-s018-a096-w012	18:96	12	إِذَا	w-s018-a096-w012	18:96:12	one_to_one
t-s018-a096-w013	18:96	13	جَعَلَهُۥ	w-s018-a096-w013	18:96:13	one_to_one
t-s018-a096-w014	18:96	14	نَارًۭا	w-s018-a096-w014	18:96:14	one_to_one
t-s018-a096-w015	18:96	15	قَالَ	w-s018-a096-w015	18:96:15	one_to_one
t-s018-a096-w016	18:96	16	ءَاتُونِىٓ	w-s018-a096-w016	18:96:16	one_to_one
t-s018-a096-w017	18:96	17	أُفْرِغْ	w-s018-a096-w017	18:96:17	one_to_one
t-s018-a096-w018	18:96	18	عَلَيْهِ	w-s018-a096-w018	18:96:18	one_to_one
t-s018-a096-w019	18:96	19	قِطْرًۭا	w-s018-a096-w019	18:96:19	one_to_one
t-s018-a097-w001	18:97	1	فَمَا	w-s018-a097-w001	18:97:1	one_to_one
t-s018-a097-w002	18:97	2	ٱسْطَٰعُوٓا۟	w-s018-a097-w002	18:97:2	one_to_one
t-s018-a097-w003	18:97	3	أَن	w-s018-a097-w003	18:97:3	one_to_one
t-s018-a097-w004	18:97	4	يَظْهَرُوهُ	w-s018-a097-w004	18:97:4	one_to_one
t-s018-a097-w005	18:97	5	وَمَا	w-s018-a097-w005	18:97:5	one_to_one
t-s018-a097-w006	18:97	6	ٱسْتَطَٰعُوا۟	w-s018-a097-w006	18:97:6	one_to_one
t-s018-a097-w007	18:97	7	لَهُۥ	w-s018-a097-w007	18:97:7	one_to_one
t-s018-a097-w008	18:97	8	نَقْبًۭا	w-s018-a097-w008	18:97:8	one_to_one
t-s018-a098-w001	18:98	1	قَالَ	w-s018-a098-w001	18:98:1	one_to_one
t-s018-a098-w002	18:98	2	هَٰذَا	w-s018-a098-w002	18:98:2	one_to_one
t-s018-a098-w003	18:98	3	رَحْمَةٌۭ	w-s018-a098-w003	18:98:3	one_to_one
t-s018-a098-w004	18:98	4	مِّن	w-s018-a098-w004	18:98:4	one_to_one
t-s018-a098-w005	18:98	5	رَّبِّى	w-s018-a098-w005	18:98:5	one_to_one
t-s018-a098-w006	18:98	6	فَإِذَا	w-s018-a098-w006	18:98:6	one_to_one
t-s018-a098-w007	18:98	7	جَآءَ	w-s018-a098-w007	18:98:7	one_to_one
t-s018-a098-w008	18:98	8	وَعْدُ	w-s018-a098-w008	18:98:8	one_to_one
t-s018-a098-w009	18:98	9	رَبِّى	w-s018-a098-w009	18:98:9	one_to_one
t-s018-a098-w010	18:98	10	جَعَلَهُۥ	w-s018-a098-w010	18:98:10	one_to_one
t-s018-a098-w011	18:98	11	دَكَّآءَ	w-s018-a098-w011	18:98:11	one_to_one
t-s018-a098-w012	18:98	12	وَكَانَ	w-s018-a098-w012	18:98:12	one_to_one
t-s018-a098-w013	18:98	13	وَعْدُ	w-s018-a098-w013	18:98:13	one_to_one
t-s018-a098-w014	18:98	14	رَبِّى	w-s018-a098-w014	18:98:14	one_to_one
t-s018-a098-w015	18:98	15	حَقًّۭا	w-s018-a098-w015	18:98:15	one_to_one
t-s018-a099-w001	18:99	1	وَتَرَكْنَا	w-s018-a099-w001	18:99:1	one_to_one
t-s018-a099-w002	18:99	2	بَعْضَهُمْ	w-s018-a099-w002	18:99:2	one_to_one
t-s018-a099-w003	18:99	3	يَوْمَئِذٍۢ	w-s018-a099-w003	18:99:3	one_to_one
t-s018-a099-w004	18:99	4	يَمُوجُ	w-s018-a099-w004	18:99:4	one_to_one
t-s018-a099-w005	18:99	5	فِى	w-s018-a099-w005	18:99:5	one_to_one
t-s018-a099-w006	18:99	6	بَعْضٍۢ	w-s018-a099-w006	18:99:6	one_to_one
t-s018-a099-w007	18:99	7	وَنُفِخَ	w-s018-a099-w007	18:99:7	one_to_one
t-s018-a099-w008	18:99	8	فِى	w-s018-a099-w008	18:99:8	one_to_one
t-s018-a099-w009	18:99	9	ٱلصُّورِ	w-s018-a099-w009	18:99:9	one_to_one
t-s018-a099-w010	18:99	10	فَجَمَعْنَٰهُمْ	w-s018-a099-w010	18:99:10	one_to_one
t-s018-a099-w011	18:99	11	جَمْعًۭا	w-s018-a099-w011	18:99:11	one_to_one
t-s018-a100-w001	18:100	1	وَعَرَضْنَا	w-s018-a100-w001	18:100:1	one_to_one
t-s018-a100-w002	18:100	2	جَهَنَّمَ	w-s018-a100-w002	18:100:2	one_to_one
t-s018-a100-w003	18:100	3	يَوْمَئِذٍۢ	w-s018-a100-w003	18:100:3	one_to_one
t-s018-a100-w004	18:100	4	لِّلْكَٰفِرِينَ	w-s018-a100-w004	18:100:4	one_to_one
t-s018-a100-w005	18:100	5	عَرْضًا	w-s018-a100-w005	18:100:5	one_to_one
t-s018-a101-w001	18:101	1	ٱلَّذِينَ	w-s018-a101-w001	18:101:1	one_to_one
t-s018-a101-w002	18:101	2	كَانَتْ	w-s018-a101-w002	18:101:2	one_to_one
t-s018-a101-w003	18:101	3	أَعْيُنُهُمْ	w-s018-a101-w003	18:101:3	one_to_one
t-s018-a101-w004	18:101	4	فِى	w-s018-a101-w004	18:101:4	one_to_one
t-s018-a101-w005	18:101	5	غِطَآءٍ	w-s018-a101-w005	18:101:5	one_to_one
t-s018-a101-w006	18:101	6	عَن	w-s018-a101-w006	18:101:6	one_to_one
t-s018-a101-w007	18:101	7	ذِكْرِى	w-s018-a101-w007	18:101:7	one_to_one
t-s018-a101-w008	18:101	8	وَكَانُوا۟	w-s018-a101-w008	18:101:8	one_to_one
t-s018-a101-w009	18:101	9	لَا	w-s018-a101-w009	18:101:9	one_to_one
t-s018-a101-w010	18:101	10	يَسْتَطِيعُونَ	w-s018-a101-w010	18:101:10	one_to_one
t-s018-a101-w011	18:101	11	سَمْعًا	w-s018-a101-w011	18:101:11	one_to_one
t-s018-a102-w001	18:102	1	أَفَحَسِبَ	w-s018-a102-w001	18:102:1	one_to_one
t-s018-a102-w002	18:102	2	ٱلَّذِينَ	w-s018-a102-w002	18:102:2	one_to_one
t-s018-a102-w003	18:102	3	كَفَرُوٓا۟	w-s018-a102-w003	18:102:3	one_to_one
t-s018-a102-w004	18:102	4	أَن	w-s018-a102-w004	18:102:4	one_to_one
t-s018-a102-w005	18:102	5	يَتَّخِذُوا۟	w-s018-a102-w005	18:102:5	one_to_one
t-s018-a102-w006	18:102	6	عِبَادِى	w-s018-a102-w006	18:102:6	one_to_one
t-s018-a102-w007	18:102	7	مِن	w-s018-a102-w007	18:102:7	one_to_one
t-s018-a102-w008	18:102	8	دُونِىٓ	w-s018-a102-w008	18:102:8	one_to_one
t-s018-a102-w009	18:102	9	أَوْلِيَآءَ	w-s018-a102-w009	18:102:9	one_to_one
t-s018-a102-w010	18:102	10	إِنَّآ	w-s018-a102-w010	18:102:10	one_to_one
t-s018-a102-w011	18:102	11	أَعْتَدْنَا	w-s018-a102-w011	18:102:11	one_to_one
t-s018-a102-w012	18:102	12	جَهَنَّمَ	w-s018-a102-w012	18:102:12	one_to_one
t-s018-a102-w013	18:102	13	لِلْكَٰفِرِينَ	w-s018-a102-w013	18:102:13	one_to_one
t-s018-a102-w014	18:102	14	نُزُلًۭا	w-s018-a102-w014	18:102:14	one_to_one
t-s018-a103-w001	18:103	1	قُلْ	w-s018-a103-w001	18:103:1	one_to_one
t-s018-a103-w002	18:103	2	هَلْ	w-s018-a103-w002	18:103:2	one_to_one
t-s018-a103-w003	18:103	3	نُنَبِّئُكُم	w-s018-a103-w003	18:103:3	one_to_one
t-s018-a103-w004	18:103	4	بِٱلْأَخْسَرِينَ	w-s018-a103-w004	18:103:4	one_to_one
t-s018-a103-w005	18:103	5	أَعْمَٰلًا	w-s018-a103-w005	18:103:5	one_to_one
t-s018-a104-w001	18:104	1	ٱلَّذِينَ	w-s018-a104-w001	18:104:1	one_to_one
t-s018-a104-w002	18:104	2	ضَلَّ	w-s018-a104-w002	18:104:2	one_to_one
t-s018-a104-w003	18:104	3	سَعْيُهُمْ	w-s018-a104-w003	18:104:3	one_to_one
t-s018-a104-w004	18:104	4	فِى	w-s018-a104-w004	18:104:4	one_to_one
t-s018-a104-w005	18:104	5	ٱلْحَيَوٰةِ	w-s018-a104-w005	18:104:5	one_to_one
t-s018-a104-w006	18:104	6	ٱلدُّنْيَا	w-s018-a104-w006	18:104:6	one_to_one
t-s018-a104-w007	18:104	7	وَهُمْ	w-s018-a104-w007	18:104:7	one_to_one
t-s018-a104-w008	18:104	8	يَحْسَبُونَ	w-s018-a104-w008	18:104:8	one_to_one
t-s018-a104-w009	18:104	9	أَنَّهُمْ	w-s018-a104-w009	18:104:9	one_to_one
t-s018-a104-w010	18:104	10	يُحْسِنُونَ	w-s018-a104-w010	18:104:10	one_to_one
t-s018-a104-w011	18:104	11	صُنْعًا	w-s018-a104-w011	18:104:11	one_to_one
t-s018-a105-w001	18:105	1	أُو۟لَٰٓئِكَ	w-s018-a105-w001	18:105:1	one_to_one
t-s018-a105-w002	18:105	2	ٱلَّذِينَ	w-s018-a105-w002	18:105:2	one_to_one
t-s018-a105-w003	18:105	3	كَفَرُوا۟	w-s018-a105-w003	18:105:3	one_to_one
t-s018-a105-w004	18:105	4	بِـَٔايَٰتِ	w-s018-a105-w004	18:105:4	one_to_one
t-s018-a105-w005	18:105	5	رَبِّهِمْ	w-s018-a105-w005	18:105:5	one_to_one
t-s018-a105-w006	18:105	6	وَلِقَآئِهِۦ	w-s018-a105-w006	18:105:6	one_to_one
t-s018-a105-w007	18:105	7	فَحَبِطَتْ	w-s018-a105-w007	18:105:7	one_to_one
t-s018-a105-w008	18:105	8	أَعْمَٰلُهُمْ	w-s018-a105-w008	18:105:8	one_to_one
t-s018-a105-w009	18:105	9	فَلَا	w-s018-a105-w009	18:105:9	one_to_one
t-s018-a105-w010	18:105	10	نُقِيمُ	w-s018-a105-w010	18:105:10	one_to_one
t-s018-a105-w011	18:105	11	لَهُمْ	w-s018-a105-w011	18:105:11	one_to_one
t-s018-a105-w012	18:105	12	يَوْمَ	w-s018-a105-w012	18:105:12	one_to_one
t-s018-a105-w013	18:105	13	ٱلْقِيَٰمَةِ	w-s018-a105-w013	18:105:13	one_to_one
t-s018-a105-w014	18:105	14	وَزْنًۭا	w-s018-a105-w014	18:105:14	one_to_one
t-s018-a106-w001	18:106	1	ذَٰلِكَ	w-s018-a106-w001	18:106:1	one_to_one
t-s018-a106-w002	18:106	2	جَزَآؤُهُمْ	w-s018-a106-w002	18:106:2	one_to_one
t-s018-a106-w003	18:106	3	جَهَنَّمُ	w-s018-a106-w003	18:106:3	one_to_one
t-s018-a106-w004	18:106	4	بِمَا	w-s018-a106-w004	18:106:4	one_to_one
t-s018-a106-w005	18:106	5	كَفَرُوا۟	w-s018-a106-w005	18:106:5	one_to_one
t-s018-a106-w006	18:106	6	وَٱتَّخَذُوٓا۟	w-s018-a106-w006	18:106:6	one_to_one
t-s018-a106-w007	18:106	7	ءَايَٰتِى	w-s018-a106-w007	18:106:7	one_to_one
t-s018-a106-w008	18:106	8	وَرُسُلِى	w-s018-a106-w008	18:106:8	one_to_one
t-s018-a106-w009	18:106	9	هُزُوًا	w-s018-a106-w009	18:106:9	one_to_one
t-s018-a107-w001	18:107	1	إِنَّ	w-s018-a107-w001	18:107:1	one_to_one
t-s018-a107-w002	18:107	2	ٱلَّذِينَ	w-s018-a107-w002	18:107:2	one_to_one
t-s018-a107-w003	18:107	3	ءَامَنُوا۟	w-s018-a107-w003	18:107:3	one_to_one
t-s018-a107-w004	18:107	4	وَعَمِلُوا۟	w-s018-a107-w004	18:107:4	one_to_one
t-s018-a107-w005	18:107	5	ٱلصَّٰلِحَٰتِ	w-s018-a107-w005	18:107:5	one_to_one
t-s018-a107-w006	18:107	6	كَانَتْ	w-s018-a107-w006	18:107:6	one_to_one
t-s018-a107-w007	18:107	7	لَهُمْ	w-s018-a107-w007	18:107:7	one_to_one
t-s018-a107-w008	18:107	8	جَنَّٰتُ	w-s018-a107-w008	18:107:8	one_to_one
t-s018-a107-w009	18:107	9	ٱلْفِرْدَوْسِ	w-s018-a107-w009	18:107:9	one_to_one
t-s018-a107-w010	18:107	10	نُزُلًا	w-s018-a107-w010	18:107:10	one_to_one
t-s018-a108-w001	18:108	1	خَٰلِدِينَ	w-s018-a108-w001	18:108:1	one_to_one
t-s018-a108-w002	18:108	2	فِيهَا	w-s018-a108-w002	18:108:2	one_to_one
t-s018-a108-w003	18:108	3	لَا	w-s018-a108-w003	18:108:3	one_to_one
t-s018-a108-w004	18:108	4	يَبْغُونَ	w-s018-a108-w004	18:108:4	one_to_one
t-s018-a108-w005	18:108	5	عَنْهَا	w-s018-a108-w005	18:108:5	one_to_one
t-s018-a108-w006	18:108	6	حِوَلًۭا	w-s018-a108-w006	18:108:6	one_to_one
t-s018-a109-w001	18:109	1	قُل	w-s018-a109-w001	18:109:1	one_to_one
t-s018-a109-w002	18:109	2	لَّوْ	w-s018-a109-w002	18:109:2	one_to_one
t-s018-a109-w003	18:109	3	كَانَ	w-s018-a109-w003	18:109:3	one_to_one
t-s018-a109-w004	18:109	4	ٱلْبَحْرُ	w-s018-a109-w004	18:109:4	one_to_one
t-s018-a109-w005	18:109	5	مِدَادًۭا	w-s018-a109-w005	18:109:5	one_to_one
t-s018-a109-w006	18:109	6	لِّكَلِمَٰتِ	w-s018-a109-w006	18:109:6	one_to_one
t-s018-a109-w007	18:109	7	رَبِّى	w-s018-a109-w007	18:109:7	one_to_one
t-s018-a109-w008	18:109	8	لَنَفِدَ	w-s018-a109-w008	18:109:8	one_to_one
t-s018-a109-w009	18:109	9	ٱلْبَحْرُ	w-s018-a109-w009	18:109:9	one_to_one
t-s018-a109-w010	18:109	10	قَبْلَ	w-s018-a109-w010	18:109:10	one_to_one
t-s018-a109-w011	18:109	11	أَن	w-s018-a109-w011	18:109:11	one_to_one
t-s018-a109-w012	18:109	12	تَنفَدَ	w-s018-a109-w012	18:109:12	one_to_one
t-s018-a109-w013	18:109	13	كَلِمَٰتُ	w-s018-a109-w013	18:109:13	one_to_one
t-s018-a109-w014	18:109	14	رَبِّى	w-s018-a109-w014	18:109:14	one_to_one
t-s018-a109-w015	18:109	15	وَلَوْ	w-s018-a109-w015	18:109:15	one_to_one
t-s018-a109-w016	18:109	16	جِئْنَا	w-s018-a109-w016	18:109:16	one_to_one
t-s018-a109-w017	18:109	17	بِمِثْلِهِۦ	w-s018-a109-w017	18:109:17	one_to_one
t-s018-a109-w018	18:109	18	مَدَدًۭا	w-s018-a109-w018	18:109:18	one_to_one
t-s018-a110-w001	18:110	1	قُلْ	w-s018-a110-w001	18:110:1	one_to_one
t-s018-a110-w002	18:110	2	إِنَّمَآ	w-s018-a110-w002	18:110:2	one_to_one
t-s018-a110-w003	18:110	3	أَنَا۠	w-s018-a110-w003	18:110:3	one_to_one
t-s018-a110-w004	18:110	4	بَشَرٌۭ	w-s018-a110-w004	18:110:4	one_to_one
t-s018-a110-w005	18:110	5	مِّثْلُكُمْ	w-s018-a110-w005	18:110:5	one_to_one
t-s018-a110-w006	18:110	6	يُوحَىٰٓ	w-s018-a110-w006	18:110:6	one_to_one
t-s018-a110-w007	18:110	7	إِلَىَّ	w-s018-a110-w007	18:110:7	one_to_one
t-s018-a110-w008	18:110	8	أَنَّمَآ	w-s018-a110-w008	18:110:8	one_to_one
t-s018-a110-w009	18:110	9	إِلَٰهُكُمْ	w-s018-a110-w009	18:110:9	one_to_one
t-s018-a110-w010	18:110	10	إِلَٰهٌۭ	w-s018-a110-w010	18:110:10	one_to_one
t-s018-a110-w011	18:110	11	وَٰحِدٌۭ	w-s018-a110-w011	18:110:11	one_to_one
t-s018-a110-w012	18:110	12	فَمَن	w-s018-a110-w012	18:110:12	one_to_one
t-s018-a110-w013	18:110	13	كَانَ	w-s018-a110-w013	18:110:13	one_to_one
t-s018-a110-w014	18:110	14	يَرْجُوا۟	w-s018-a110-w014	18:110:14	one_to_one
t-s018-a110-w015	18:110	15	لِقَآءَ	w-s018-a110-w015	18:110:15	one_to_one
t-s018-a110-w016	18:110	16	رَبِّهِۦ	w-s018-a110-w016	18:110:16	one_to_one
t-s018-a110-w017	18:110	17	فَلْيَعْمَلْ	w-s018-a110-w017	18:110:17	one_to_one
t-s018-a110-w018	18:110	18	عَمَلًۭا	w-s018-a110-w018	18:110:18	one_to_one
t-s018-a110-w019	18:110	19	صَٰلِحًۭا	w-s018-a110-w019	18:110:19	one_to_one
t-s018-a110-w020	18:110	20	وَلَا	w-s018-a110-w020	18:110:20	one_to_one
t-s018-a110-w021	18:110	21	يُشْرِكْ	w-s018-a110-w021	18:110:21	one_to_one
t-s018-a110-w022	18:110	22	بِعِبَادَةِ	w-s018-a110-w022	18:110:22	one_to_one
t-s018-a110-w023	18:110	23	رَبِّهِۦٓ	w-s018-a110-w023	18:110:23	one_to_one
t-s018-a110-w024	18:110	24	أَحَدًۢا	w-s018-a110-w024	18:110:24	one_to_one
