syntax_edge_id	attachment_edge_id	ayah_ref	source_word_id	target_word_id	prep_word_id	source_morpheme_id	target_morpheme_id	prep_morpheme_id	source_qac_ref	target_qac_ref	prep_qac_ref	source_attachment_unit_id	target_attachment_unit_id	prep_attachment_unit_id	source_position	target_position	prep_position	relation	status	confidence	source_part	target_part	source_form_tag	target_form_tag	object_type	prep_base	binding_status	evidence	reason	source_pointer
sx-19_0-00001	ae:v3:s001:001:pass1:attach:a1	19:0	w-s019-a000-w001	w-s019-a000-w001	w-s019-a000-w001	m-w-s019-a000-w001-01	m-w-s019-a000-w001-02	m-w-s019-a000-w001-01	1:1:1:1	1:1:1:2	1:1:1:1	q:1:1:1	q:1:1:2	q:1:1:1	1	2	1	prep_complement	strongly_licensed	high			PREP	NOUN_ABSTRACT		بـ	position_morpheme_aligned	case_government;formulaic_construction	سْمِ is governed by the prefixed بِ in the formula بِسْمِ.	resources/attachments.tsv:2
sx-19_0-00002	ae:v3:s001:001:pass1:attach:a2	19:0	w-s019-a000-w001	w-s019-a000-w002		m-w-s019-a000-w001-02	m-w-s019-a000-w002-01		1:1:1:2	1:1:2:1		q:1:1:2	q:1:1:3		2	3		idafa	syntactically_forced	high			NOUN_ABSTRACT	NOUN_PROP			position_morpheme_aligned	case_government;local_syntax	ٱللَّهِ is the genitive muḍāf ilayhi of سْمِ.	resources/attachments.tsv:3
sx-19_0-00003	ae:v3:s001:001:pass1:attach:a3	19:0	w-s019-a000-w002	w-s019-a000-w003		m-w-s019-a000-w002-01	m-w-s019-a000-w003-02		1:1:2:1	1:1:3:2		q:1:1:3	q:1:1:4		3	4		adjective	strongly_licensed	high			NOUN_PROP	NOUN_PROP			position_morpheme_aligned	agreement;local_syntax	ٱلرَّحْمَٰنِ follows ٱللَّهِ in genitive definiteness as an adjectival divine epithet.	resources/attachments.tsv:4
sx-19_0-00004	ae:v3:s001:001:pass1:attach:a4	19:0	w-s019-a000-w002	w-s019-a000-w003		m-w-s019-a000-w002-01	m-w-s019-a000-w003-02		1:1:2:1	1:1:3:2		q:1:1:3	q:1:1:5		3	5		adjective	strongly_licensed	high			NOUN_PROP	NOUN_PROP			fallback_morpheme_aligned	agreement;local_syntax	ٱلرَّحِيمِ follows ٱللَّهِ in the same genitive adjectival series.	resources/attachments.tsv:5
sx-19_2-00005	ae:v3:s019:002:pass1:attach:a1	19:2	w-s019-a002-w001	w-s019-a002-w002		m-w-s019-a002-w001-01	m-w-s019-a002-w002-01		19:2:1:1	19:2:2:1		q:19:2:1	q:19:2:2		1	2		idafa	syntactically_forced	high			GERUND	GERUND			position_morpheme_aligned	morphology;case_government	رَحْمَتِ is genitive as the mudaf ilayh of ذِكْرُ.	resources/attachments.tsv:28782
sx-19_2-00006	ae:v3:s019:002:pass1:attach:a2	19:2	w-s019-a002-w002	w-s019-a002-w003		m-w-s019-a002-w002-01	m-w-s019-a002-w003-01		19:2:2:1	19:2:3:1		q:19:2:2	q:19:2:3		2	3		idafa	syntactically_forced	high			GERUND	NOUN_CONCRETE			position_morpheme_aligned	morphology;case_government	رَبِّكَ is genitive as the mudaf ilayh of رَحْمَتِ.	resources/attachments.tsv:28783
sx-19_2-00007	ae:v3:s019:002:pass1:attach:a3	19:2	w-s019-a002-w001	w-s019-a002-w004		m-w-s019-a002-w001-01	m-w-s019-a002-w004-01		19:2:1:1	19:2:4:1		q:19:2:1	q:19:2:4		1	4		direct_object	strongly_licensed	medium			GERUND	NOUN_CONCRETE	explicit		position_morpheme_aligned	case_government;local_syntax	عَبْدَهُ is the accusative object-like complement governed by ذِكْرُ in this masdar construction.	resources/attachments.tsv:28784
sx-19_2-00008	ae:v3:s019:002:pass1:attach:a4	19:2	w-s019-a002-w004	w-s019-a002-w005		m-w-s019-a002-w004-01	m-w-s019-a002-w005-01		19:2:4:1	19:2:5:1		q:19:2:4	q:19:2:5		4	5		apposition	strongly_licensed	high			NOUN_CONCRETE	NOUN_PROP_FOREIGN			position_morpheme_aligned	local_syntax	زَكَرِيَّا names عَبْدَهُ in apposition.	resources/attachments.tsv:28785
sx-19_3-00009	ae:v3:s019:003:pass1:attach:a1	19:3	w-s019-a003-w002	w-s019-a003-w001		m-w-s019-a003-w002-01	m-w-s019-a003-w001-01		19:3:2:1	19:3:1:1		q:19:3:2	q:19:3:1		2	1		adverbial	syntactically_forced	high			PV	ADV			position_morpheme_aligned	local_syntax	إِذْ temporally frames نَادَىٰ.	resources/attachments.tsv:28786
sx-19_3-00010	ae:v3:s019:003:pass1:attach:a2	19:3	w-s019-a003-w002	w-s019-a003-w003		m-w-s019-a003-w002-01	m-w-s019-a003-w003-01		19:3:2:1	19:3:3:1		q:19:3:2	q:19:3:3		2	3		direct_object	syntactically_forced	high			PV	NOUN_CONCRETE	explicit		position_morpheme_aligned	case_government;local_syntax	رَبَّهُ is the accusative object of نَادَىٰ.	resources/attachments.tsv:28787
sx-19_3-00011	ae:v3:s019:003:pass1:attach:a3	19:3	w-s019-a003-w002	w-s019-a003-w004		m-w-s019-a003-w002-01	m-w-s019-a003-w004-01		19:3:2:1	19:3:4:1		q:19:3:2	q:19:3:4		2	4		cognate_acc	syntactically_forced	high			PV	GERUND			position_morpheme_aligned	morphology;local_syntax	نِدَاءً repeats the root sense of نَادَىٰ as a cognate accusative.	resources/attachments.tsv:28788
sx-19_3-00012	ae:v3:s019:003:pass1:attach:a4	19:3	w-s019-a003-w004	w-s019-a003-w005		m-w-s019-a003-w004-01	m-w-s019-a003-w005-01		19:3:4:1	19:3:5:1		q:19:3:4	q:19:3:5		4	5		adjective	strongly_licensed	high			GERUND	ADJ_QUALIT			position_morpheme_aligned	agreement;case_government	خَفِيًّا agrees with نِدَاءً in indefiniteness, case, and gender.	resources/attachments.tsv:28789
sx-19_4-00013	ae:v3:s019:004:pass1:attach:a1	19:4	w-s019-a004-w001	w-s019-a004-w002		m-w-s019-a004-w001-01	m-w-s019-a004-w002-01		19:4:1:1	19:4:2:1		q:19:4:1	q:19:4:2		1	2		quoted_complement	syntactically_forced	high			PV	NOUN_CONCRETE			position_morpheme_aligned	local_syntax	The full utterance رَبِّ ... شَقِيًّا is the quoted content of قَالَ.	resources/attachments.tsv:28790
sx-19_4-00014	ae:v3:s019:004:pass1:attach:a2	19:4	w-s019-a004-w004	w-s019-a004-w002		m-w-s019-a004-w004-01	m-w-s019-a004-w002-01		19:4:4:1	19:4:2:1		q:19:4:4	q:19:4:2		4	2		vocative	strongly_licensed	high			PV	NOUN_CONCRETE			position_morpheme_aligned	local_syntax	رَبِّ is an uttered address before إِنِّي وَهَنَ.	resources/attachments.tsv:28791
sx-19_4-00015	ae:v3:s019:004:pass1:attach:a3	19:4	w-s019-a004-w003	w-s019-a004-w003		m-w-s019-a004-w003-01	m-w-s019-a004-w003-02		19:4:3:1	19:4:3:2		q:19:4:3	q:19:4:3		3	3		particle_complement	syntactically_forced	high	particle_segment	pronoun_suffix					position_morpheme_aligned	morphology;local_syntax	The suffix ي in إِنِّي is the governed noun of إِنَّ.	resources/attachments.tsv:28792
sx-19_4-00016	ae:v3:s019:004:pass1:attach:a4	19:4	w-s019-a004-w004	w-s019-a004-w005		m-w-s019-a004-w004-01	m-w-s019-a004-w005-02		19:4:4:1	19:4:5:2		q:19:4:4	q:19:4:5		4	5		subject	syntactically_forced	high			PV	NOUN_CONCRETE			position_morpheme_aligned	agreement;word_order	ٱلْعَظْمُ is nominative after وَهَنَ and supplies its explicit subject.	resources/attachments.tsv:28793
sx-19_4-00017	ae:v3:s019:004:pass1:attach:a5	19:4	w-s019-a004-w004	w-s019-a004-w006	w-s019-a004-w006	m-w-s019-a004-w004-01	m-w-s019-a004-w006-02	m-w-s019-a004-w006-01	19:4:4:1	19:4:6:2	19:4:6:1	q:19:4:4	q:19:4:6	q:19:4:6	4	6	6	prep_complement	syntactically_forced	high		pronoun_suffix	PV			مِن	position_morpheme_aligned	case_government;local_syntax	The pronoun in مِنِّي is governed by مِن as complement to وَهَنَ.	resources/attachments.tsv:28794
sx-19_4-00018	ae:v3:s019:004:pass1:attach:a6	19:4	w-s019-a004-w004	w-s019-a004-w007		m-w-s019-a004-w004-01	m-w-s019-a004-w007-02		19:4:4:1	19:4:7:2		q:19:4:4	q:19:4:8		4	8		conjoined	strongly_licensed	high			PV	PV			position_morpheme_aligned	local_syntax	وَ joins ٱشْتَعَلَ to the preceding predicate وَهَنَ.	resources/attachments.tsv:28795
sx-19_4-00019	ae:v3:s019:004:pass1:attach:a7	19:4	w-s019-a004-w007	w-s019-a004-w008		m-w-s019-a004-w007-02	m-w-s019-a004-w008-02		19:4:7:2	19:4:8:2		q:19:4:8	q:19:4:9		8	9		subject	syntactically_forced	high			PV	NOUN_CONCRETE			position_morpheme_aligned	agreement;word_order	ٱلرَّأْسُ is the nominative subject of ٱشْتَعَلَ.	resources/attachments.tsv:28796
sx-19_4-00020	ae:v3:s019:004:pass1:attach:a8	19:4	w-s019-a004-w007	w-s019-a004-w009		m-w-s019-a004-w007-02	m-w-s019-a004-w009-01		19:4:7:2	19:4:9:1		q:19:4:8	q:19:4:10		8	10		accusative_specification	syntactically_forced	high			PV	NOUN_CONCRETE			position_morpheme_aligned	case_government;local_syntax	شَيْبًا specifies the respect in which ٱلرَّأْسُ ٱشْتَعَلَ.	resources/attachments.tsv:28797
sx-19_4-00021	ae:v3:s019:004:pass1:attach:a9	19:4	w-s019-a004-w004	w-s019-a004-w011		m-w-s019-a004-w004-01	m-w-s019-a004-w011-01		19:4:4:1	19:4:11:1		q:19:4:4	q:19:4:13		4	13		conjoined	strongly_licensed	medium			PV	IV			position_morpheme_aligned	local_syntax	وَلَمْ أَكُن continues the coordinated complaint after وَهَنَ.	resources/attachments.tsv:28798
sx-19_4-00022	ae:v3:s019:004:pass1:attach:a10	19:4	w-s019-a004-w010	w-s019-a004-w011		m-w-s019-a004-w010-02	m-w-s019-a004-w011-01		19:4:10:2	19:4:11:1		q:19:4:12	q:19:4:13		12	13		particle_complement	syntactically_forced	high			NEG_PART	IV			position_morpheme_aligned	local_syntax	لَمْ governs أَكُن in the jussive negated kāna construction.	resources/attachments.tsv:28799
sx-19_4-00023	ae:v3:s019:004:pass1:attach:a11	19:4	w-s019-a004-w011	w-s019-a004-w012	w-s019-a004-w012	m-w-s019-a004-w011-01	m-w-s019-a004-w012-02	m-w-s019-a004-w012-01	19:4:11:1	19:4:12:2	19:4:12:1	q:19:4:13	q:19:4:15	q:19:4:14	13	15	14	prep_complement	syntactically_forced	high			IV	GERUND		بـ	position_morpheme_aligned	case_government;local_syntax	دُعَائِكَ is governed by بِ as complement in the أَكُن بِدُعَائِكَ construction.	resources/attachments.tsv:28800
sx-19_4-00024	ae:v3:s019:004:pass1:attach:a12	19:4	w-s019-a004-w011	w-s019-a004-w013		m-w-s019-a004-w011-01	m-w-s019-a004-w013-01		19:4:11:1	19:4:13:1		q:19:4:13	q:19:4:16		13	16		vocative	strongly_licensed	high			IV	NOUN_CONCRETE			position_morpheme_aligned	local_syntax	رَبِّ is a renewed address within وَلَمْ أَكُن بِدُعَائِكَ.	resources/attachments.tsv:28801
sx-19_4-00025	ae:v3:s019:004:pass1:attach:a13	19:4	w-s019-a004-w011	w-s019-a004-w014		m-w-s019-a004-w011-01	m-w-s019-a004-w014-01		19:4:11:1	19:4:14:1		q:19:4:13	q:19:4:17		13	17		kana_predicate	syntactically_forced	high			IV	ADJ_QUALIT			position_morpheme_aligned	case_government;local_syntax	شَقِيًّا is the accusative predicate of أَكُن.	resources/attachments.tsv:28802
sx-19_5-00026	ae:v3:s019:005:pass1:attach:a1	19:5	w-s019-a005-w001	w-s019-a005-w001		m-w-s019-a005-w001-02	m-w-s019-a005-w001-03		19:5:1:2	19:5:1:3		q:19:5:2	q:19:5:2		2	2		particle_complement	syntactically_forced	high	particle_segment	pronoun_suffix					position_morpheme_aligned	morphology;local_syntax	The suffix ي in إِنِّي is the governed noun of إِنَّ.	resources/attachments.tsv:28803
sx-19_5-00027	ae:v3:s019:005:pass1:attach:a2	19:5	w-s019-a005-w002	w-s019-a005-w003		m-w-s019-a005-w002-01	m-w-s019-a005-w003-02		19:5:2:1	19:5:3:2		q:19:5:3	q:19:5:4		3	4		direct_object	syntactically_forced	high			PV	NOUN_ABSTRACT	explicit		position_morpheme_aligned	case_government;local_syntax	ٱلْمَوَالِيَ is the accusative object of خِفْتُ.	resources/attachments.tsv:28804
sx-19_5-00028	ae:v3:s019:005:pass1:attach:a3	19:5	w-s019-a005-w002	w-s019-a005-w005	w-s019-a005-w004	m-w-s019-a005-w002-01	m-w-s019-a005-w005-01	m-w-s019-a005-w004-01	19:5:2:1	19:5:5:1	19:5:4:1	q:19:5:3	q:19:5:6	q:19:5:5	3	6	5	prep_complement	syntactically_forced	high			PV	NOUN_ABSTRACT		مِن	position_morpheme_aligned	case_government;local_syntax	وَرَائِي is governed by مِن as a complement to خِفْتُ.	resources/attachments.tsv:28805
sx-19_5-00029	ae:v3:s019:005:pass1:attach:a4	19:5	w-s019-a005-w002	w-s019-a005-w006		m-w-s019-a005-w002-01	m-w-s019-a005-w006-02		19:5:2:1	19:5:6:2		q:19:5:3	q:19:5:8		3	8		conjoined	strongly_licensed	high			PV	PV			position_morpheme_aligned	local_syntax	وَ coordinates كَانَتِ with the preceding خِفْتُ clause.	resources/attachments.tsv:28806
sx-19_5-00030	ae:v3:s019:005:pass1:attach:a5	19:5	w-s019-a005-w006	w-s019-a005-w007		m-w-s019-a005-w006-02	m-w-s019-a005-w007-01		19:5:6:2	19:5:7:1		q:19:5:8	q:19:5:9		8	9		subject	syntactically_forced	high			PV	NOUN_CONCRETE			position_morpheme_aligned	agreement;word_order	ٱمْرَأَتِي is the nominative ism of كَانَتِ.	resources/attachments.tsv:28807
sx-19_5-00031	ae:v3:s019:005:pass1:attach:a6	19:5	w-s019-a005-w006	w-s019-a005-w008		m-w-s019-a005-w006-02	m-w-s019-a005-w008-01		19:5:6:2	19:5:8:1		q:19:5:8	q:19:5:10		8	10		kana_predicate	syntactically_forced	high			PV	NOUN_ACTIVE_PART			position_morpheme_aligned	case_government;local_syntax	عَاقِرًا is the accusative predicate of كَانَتِ.	resources/attachments.tsv:28808
sx-19_5-00032	ae:v3:s019:005:pass1:attach:a7	19:5	w-s019-a005-w009	w-s019-a005-w013		m-w-s019-a005-w009-02	m-w-s019-a005-w013-01		19:5:9:2	19:5:13:1		q:19:5:12	q:19:5:16		12	16		direct_object	syntactically_forced	high			CV	NOUN_CONCRETE	explicit		fallback_morpheme_aligned	case_government;local_syntax	وَلِيًّا is the accusative object requested by هَبْ.	resources/attachments.tsv:28809
sx-19_5-00033	ae:v3:s019:005:pass1:attach:a8	19:5	w-s019-a005-w009	w-s019-a005-w010	w-s019-a005-w010	m-w-s019-a005-w009-02	m-w-s019-a005-w010-02	m-w-s019-a005-w010-01	19:5:9:2	19:5:10:2	19:5:10:1	q:19:5:12	q:19:5:13	q:19:5:13	12	13	13	prep_complement	syntactically_forced	high		pronoun_suffix	CV			لـ	position_morpheme_aligned	case_government;local_syntax	The pronoun in لِي is governed by لِ as beneficiary complement of هَبْ.	resources/attachments.tsv:28810
sx-19_5-00034	ae:v3:s019:005:pass1:attach:a9	19:5	w-s019-a005-w009	w-s019-a005-w012	w-s019-a005-w011	m-w-s019-a005-w009-02	m-w-s019-a005-w012-01	m-w-s019-a005-w011-01	19:5:9:2	19:5:12:1	19:5:11:1	q:19:5:12	q:19:5:15	q:19:5:14	12	15	14	prep_complement	syntactically_forced	high			CV	NOUN_ABSTRACT		مِن	fallback_morpheme_aligned	case_government;local_syntax	لَدُنكَ is governed by مِن as the source complement of هَبْ.	resources/attachments.tsv:28811
sx-19_6-00035	ae:v3:s019:006:pass1:attach:a1	19:6	w-s019-a006-w001	w-s019-a006-w001		m-w-s019-a006-w001-01	m-w-s019-a006-w001-02		19:6:1:1	19:6:1:2		q:19:6:1	q:19:6:1		1	1		direct_object	syntactically_forced	high		object_suffix	IV		clitic		position_morpheme_aligned	morphology;local_syntax	The suffix نِي in يَرِثُنِي is the object pronoun of يَرِثُ.	resources/attachments.tsv:28812
sx-19_6-00036	ae:v3:s019:006:pass1:attach:a2	19:6	w-s019-a006-w001	w-s019-a006-w001		m-w-s019-a006-w001-01	m-w-s019-a006-w001-01		19:6:1:1	19:6:1:1		q:19:6:1	q:19:6:3		1	3		conjoined	strongly_licensed	high			IV	IV			fallback_morpheme_aligned	local_syntax	وَ joins the second يَرِثُ to يَرِثُنِي.	resources/attachments.tsv:28813
sx-19_6-00037	ae:v3:s019:006:pass1:attach:a3	19:6	w-s019-a006-w001	w-s019-a006-w004	w-s019-a006-w003	m-w-s019-a006-w001-01	m-w-s019-a006-w004-01	m-w-s019-a006-w003-01	19:6:1:1	19:6:4:1	19:6:3:1	q:19:6:3	q:19:6:5	q:19:6:4	3	5	4	prep_complement	syntactically_forced	high			IV	NOUN_CONCRETE		مِن	fallback_morpheme_aligned	case_government;local_syntax	آلِ is governed by مِن as complement of يَرِثُ.	resources/attachments.tsv:28814
sx-19_6-00038	ae:v3:s019:006:pass1:attach:a4	19:6	w-s019-a006-w004	w-s019-a006-w005		m-w-s019-a006-w004-01	m-w-s019-a006-w005-01		19:6:4:1	19:6:5:1		q:19:6:5	q:19:6:6		5	6		idafa	syntactically_forced	high			NOUN_CONCRETE	NOUN_PROP_FOREIGN			position_morpheme_aligned	morphology;case_government	يَعْقُوبَ is genitive as the mudaf ilayh of آلِ.	resources/attachments.tsv:28815
sx-19_6-00039	ae:v3:s019:006:pass1:attach:a5	19:6	w-s019-a006-w001	w-s019-a006-w006		m-w-s019-a006-w001-01	m-w-s019-a006-w006-02		19:6:1:1	19:6:6:2		q:19:6:3	q:19:6:8		3	8		conjoined	strongly_licensed	high			IV	CV			fallback_morpheme_aligned	local_syntax	وَ joins ٱجْعَلْهُ to the preceding petition sequence.	resources/attachments.tsv:28816
sx-19_6-00040	ae:v3:s019:006:pass1:attach:a6	19:6	w-s019-a006-w006	w-s019-a006-w006		m-w-s019-a006-w006-02	m-w-s019-a006-w006-03		19:6:6:2	19:6:6:3		q:19:6:8	q:19:6:8		8	8		direct_object	syntactically_forced	high		object_suffix	CV		clitic		position_morpheme_aligned	morphology;local_syntax	The suffix هُ in ٱجْعَلْهُ is the first object of ٱجْعَلْ.	resources/attachments.tsv:28817
sx-19_6-00041	ae:v3:s019:006:pass1:attach:a7	19:6	w-s019-a006-w006	w-s019-a006-w007		m-w-s019-a006-w006-02	m-w-s019-a006-w007-01		19:6:6:2	19:6:7:1		q:19:6:8	q:19:6:9		8	9		vocative	strongly_licensed	high			CV	NOUN_CONCRETE			position_morpheme_aligned	local_syntax	رَبِّ is a direct address inserted in the petition ٱجْعَلْهُ رَضِيًّا.	resources/attachments.tsv:28818
sx-19_6-00042	ae:v3:s019:006:pass1:attach:a8	19:6	w-s019-a006-w006	w-s019-a006-w008		m-w-s019-a006-w006-02	m-w-s019-a006-w008-01		19:6:6:2	19:6:8:1		q:19:6:8	q:19:6:10		8	10		direct_object	strongly_licensed	high			CV	ADJ_QUALIT	explicit		position_morpheme_aligned	case_government;local_syntax	رَضِيًّا is the second object or object-complement of ٱجْعَلْ.	resources/attachments.tsv:28819
sx-19_7-00043	ae:v3:s019:007:pass1:attach:a1	19:7	w-s019-a007-w001	w-s019-a007-w001		m-w-s019-a007-w001-02	m-w-s019-a007-w001-02		19:7:1:2	19:7:1:2		q:19:7:1	q:19:7:2		1	2		vocative	syntactically_forced	high			VOC_PART	NOUN_PROP_FOREIGN			position_morpheme_aligned	local_syntax	زَكَرِيَّا is the noun addressed by يَا.	resources/attachments.tsv:28820
sx-19_7-00044	ae:v3:s019:007:pass1:attach:a2	19:7	w-s019-a007-w002	w-s019-a007-w002		m-w-s019-a007-w002-01	m-w-s019-a007-w002-02		19:7:2:1	19:7:2:2		q:19:7:3	q:19:7:3		3	3		particle_complement	syntactically_forced	high	particle_segment	pronoun_suffix					position_morpheme_aligned	morphology;local_syntax	The suffix نَا in إِنَّا is the governed noun of إِنَّ.	resources/attachments.tsv:28821
sx-19_7-00045	ae:v3:s019:007:pass1:attach:a3	19:7	w-s019-a007-w003	w-s019-a007-w003		m-w-s019-a007-w003-01	m-w-s019-a007-w003-02		19:7:3:1	19:7:3:2		q:19:7:4	q:19:7:4		4	4		direct_object	syntactically_forced	high		object_suffix	IV		clitic		position_morpheme_aligned	morphology;local_syntax	The suffix كَ in نُبَشِّرُكَ is the object pronoun of نُبَشِّرُ.	resources/attachments.tsv:28822
sx-19_7-00046	ae:v3:s019:007:pass1:attach:a4	19:7	w-s019-a007-w003	w-s019-a007-w004	w-s019-a007-w003	m-w-s019-a007-w003-01	m-w-s019-a007-w004-02	m-w-s019-a007-w003-01	19:7:3:1	19:7:4:2	19:7:3:1	q:19:7:4	q:19:7:6	q:19:7:5	4	6	5	prep_complement	syntactically_forced	high			IV	NOUN_CONCRETE		بـ	fallback_morpheme_aligned	case_government;local_syntax	غُلَامٍ is governed by بِ as the thing announced by نُبَشِّرُكَ.	resources/attachments.tsv:28823
sx-19_7-00047	ae:v3:s019:007:pass1:attach:a5	19:7	w-s019-a007-w004	w-s019-a007-w005		m-w-s019-a007-w004-02	m-w-s019-a007-w005-01		19:7:4:2	19:7:5:1		q:19:7:6	q:19:7:7		6	7		adjective	strongly_licensed	high			NOUN_CONCRETE	NOUN_ABSTRACT			position_morpheme_aligned	local_syntax	ٱسْمُهُ يَحْيَىٰ functions as an adjectival clause describing غُلَامٍ.	resources/attachments.tsv:28824
sx-19_7-00048	ae:v3:s019:007:pass1:attach:a6	19:7	w-s019-a007-w005	w-s019-a007-w006		m-w-s019-a007-w005-01	m-w-s019-a007-w006-01		19:7:5:1	19:7:6:1		q:19:7:7	q:19:7:8		7	8		predication	syntactically_forced	high			NOUN_ABSTRACT	NOUN_PROP			position_morpheme_aligned	local_syntax;word_order	يَحْيَىٰ is the predicate of ٱسْمُهُ.	resources/attachments.tsv:28825
sx-19_7-00049	ae:v3:s019:007:pass1:attach:a7	19:7	w-s019-a007-w007	w-s019-a007-w008		m-w-s019-a007-w007-01	m-w-s019-a007-w008-01		19:7:7:1	19:7:8:1		q:19:7:9	q:19:7:10		9	10		particle_complement	syntactically_forced	high			JUSSIVE_PART	IV			position_morpheme_aligned	local_syntax	لَمْ governs نَجْعَل in the jussive negated clause.	resources/attachments.tsv:28826
sx-19_7-00050	ae:v3:s019:007:pass1:attach:a8	19:7	w-s019-a007-w008	w-s019-a007-w009	w-s019-a007-w009	m-w-s019-a007-w008-01	m-w-s019-a007-w009-02	m-w-s019-a007-w009-01	19:7:8:1	19:7:9:2	19:7:9:1	q:19:7:10	q:19:7:11	q:19:7:11	10	11	11	prep_complement	syntactically_forced	high		pronoun_suffix	IV			لـ	position_morpheme_aligned	case_government;local_syntax	The pronoun in لَهُ is governed by لِ as complement of نَجْعَل.	resources/attachments.tsv:28827
sx-19_7-00051	ae:v3:s019:007:pass1:attach:a9	19:7	w-s019-a007-w008	w-s019-a007-w011	w-s019-a007-w010	m-w-s019-a007-w008-01	m-w-s019-a007-w011-01	m-w-s019-a007-w010-01	19:7:8:1	19:7:11:1	19:7:10:1	q:19:7:10	q:19:7:13	q:19:7:12	10	13	12	prep_complement	syntactically_forced	high			IV	NOUN_ABSTRACT		مِن	fallback_morpheme_aligned	case_government;local_syntax	قَبْلُ is governed by مِن as temporal complement of نَجْعَل.	resources/attachments.tsv:28828
sx-19_7-00052	ae:v3:s019:007:pass1:attach:a10	19:7	w-s019-a007-w008	w-s019-a007-w012		m-w-s019-a007-w008-01	m-w-s019-a007-w012-01		19:7:8:1	19:7:12:1		q:19:7:10	q:19:7:14		10	14		direct_object	syntactically_forced	high			IV	NOUN_ABSTRACT	explicit		fallback_morpheme_aligned	case_government;local_syntax	سَمِيًّا is the accusative object of نَجْعَل.	resources/attachments.tsv:28829
sx-19_8-00053	ae:v3:s019:008:pass1:attach:a1	19:8	w-s019-a008-w001	w-s019-a008-w002		m-w-s019-a008-w001-01	m-w-s019-a008-w002-01		19:8:1:1	19:8:2:1		q:19:8:1	q:19:8:2		1	2		quoted_complement	syntactically_forced	high			PV	NOUN_CONCRETE			position_morpheme_aligned	local_syntax	The full utterance رَبِّ ... عِتِيًّا is the quoted content of قَالَ.	resources/attachments.tsv:28830
sx-19_8-00054	ae:v3:s019:008:pass1:attach:a2	19:8	w-s019-a008-w004	w-s019-a008-w002		m-w-s019-a008-w004-01	m-w-s019-a008-w002-01		19:8:4:1	19:8:2:1		q:19:8:4	q:19:8:2		4	2		vocative	strongly_licensed	high			IV	NOUN_CONCRETE			position_morpheme_aligned	local_syntax	رَبِّ is an uttered address before the question أَنَّىٰ يَكُونُ.	resources/attachments.tsv:28831
sx-19_8-00055	ae:v3:s019:008:pass1:attach:a3	19:8	w-s019-a008-w004	w-s019-a008-w003		m-w-s019-a008-w004-01	m-w-s019-a008-w003-01		19:8:4:1	19:8:3:1		q:19:8:4	q:19:8:3		4	3		adverbial	syntactically_forced	high			IV	INTERROG_PART			position_morpheme_aligned	local_syntax	أَنَّىٰ supplies the interrogative adverbial for يَكُونُ.	resources/attachments.tsv:28832
sx-19_8-00056	ae:v3:s019:008:pass1:attach:a4	19:8	w-s019-a008-w004	w-s019-a008-w005	w-s019-a008-w005	m-w-s019-a008-w004-01	m-w-s019-a008-w005-02	m-w-s019-a008-w005-01	19:8:4:1	19:8:5:2	19:8:5:1	q:19:8:4	q:19:8:5	q:19:8:5	4	5	5	prep_complement	syntactically_forced	high		pronoun_suffix	IV			لـ	position_morpheme_aligned	case_government;local_syntax	The pronoun in لِي is governed by لِ as complement of يَكُونُ.	resources/attachments.tsv:28833
sx-19_8-00057	ae:v3:s019:008:pass1:attach:a5	19:8	w-s019-a008-w004	w-s019-a008-w006		m-w-s019-a008-w004-01	m-w-s019-a008-w006-01		19:8:4:1	19:8:6:1		q:19:8:4	q:19:8:6		4	6		subject	syntactically_forced	high			IV	NOUN_CONCRETE			fallback_morpheme_aligned	agreement;word_order	غُلَامٌ is the nominative subject of يَكُونُ.	resources/attachments.tsv:28834
sx-19_8-00058	ae:v3:s019:008:pass1:attach:a6	19:8	w-s019-a008-w004	w-s019-a008-w007		m-w-s019-a008-w004-01	m-w-s019-a008-w007-02		19:8:4:1	19:8:7:2		q:19:8:4	q:19:8:8		4	8		conjoined	strongly_licensed	high			IV	PV			position_morpheme_aligned	local_syntax	وَ joins كَانَتِ to the preceding question as a circumstantial coordinate.	resources/attachments.tsv:28835
sx-19_8-00059	ae:v3:s019:008:pass1:attach:a7	19:8	w-s019-a008-w007	w-s019-a008-w008		m-w-s019-a008-w007-02	m-w-s019-a008-w008-01		19:8:7:2	19:8:8:1		q:19:8:8	q:19:8:9		8	9		subject	syntactically_forced	high			PV	NOUN_CONCRETE			fallback_morpheme_aligned	agreement;word_order	ٱمْرَأَتِي is the nominative ism of كَانَتِ.	resources/attachments.tsv:28836
sx-19_8-00060	ae:v3:s019:008:pass1:attach:a8	19:8	w-s019-a008-w007	w-s019-a008-w009		m-w-s019-a008-w007-02	m-w-s019-a008-w009-01		19:8:7:2	19:8:9:1		q:19:8:8	q:19:8:10		8	10		kana_predicate	syntactically_forced	high			PV	NOUN_ACTIVE_PART			fallback_morpheme_aligned	case_government;local_syntax	عَاقِرًا is the accusative predicate of كَانَتِ.	resources/attachments.tsv:28837
sx-19_8-00061	ae:v3:s019:008:pass1:attach:a9	19:8	w-s019-a008-w007	w-s019-a008-w011		m-w-s019-a008-w007-02	m-w-s019-a008-w011-01		19:8:7:2	19:8:11:1		q:19:8:8	q:19:8:13		8	13		conjoined	strongly_licensed	high			PV	PV			fallback_morpheme_aligned	local_syntax	وَقَدْ joins بَلَغْتُ to the preceding circumstantial كَانَتِ clause.	resources/attachments.tsv:28838
sx-19_8-00062	ae:v3:s019:008:pass1:attach:a10	19:8	w-s019-a008-w011	w-s019-a008-w013	w-s019-a008-w012	m-w-s019-a008-w011-01	m-w-s019-a008-w013-02	m-w-s019-a008-w012-01	19:8:11:1	19:8:13:2	19:8:12:1	q:19:8:13	q:19:8:15	q:19:8:14	13	15	14	prep_complement	syntactically_forced	high			PV	GERUND		مِن	fallback_morpheme_aligned	case_government;local_syntax	ٱلْكِبَرِ is governed by مِن as complement of بَلَغْتُ.	resources/attachments.tsv:28839
sx-19_8-00063	ae:v3:s019:008:pass1:attach:a11	19:8	w-s019-a008-w011	w-s019-a008-w014		m-w-s019-a008-w011-01	m-w-s019-a008-w014-01		19:8:11:1	19:8:14:1		q:19:8:13	q:19:8:16		13	16		direct_object	strongly_licensed	high			PV	GERUND	explicit		fallback_morpheme_aligned	case_government;local_syntax	عِتِيًّا is the accusative reached state governed by بَلَغْتُ.	resources/attachments.tsv:28840
sx-19_9-00064	ae:v3:s019:009:pass1:attach:a1	19:9	w-s019-a009-w001	w-s019-a009-w002		m-w-s019-a009-w001-01	m-w-s019-a009-w002-01		19:9:1:1	19:9:2:1		q:19:9:1	q:19:9:2		1	2		quoted_complement	syntactically_forced	high			PV	PREP			position_morpheme_aligned	local_syntax	The span كَذَٰلِكَ ... شَيْئًا is the quoted content of the first قَالَ.	resources/attachments.tsv:28841
sx-19_9-00065	ae:v3:s019:009:pass1:attach:a2	19:9	w-s019-a009-w001	w-s019-a009-w002	w-s019-a009-w002	m-w-s019-a009-w001-01	m-w-s019-a009-w002-02	m-w-s019-a009-w002-01	19:9:1:1	19:9:2:2	19:9:2:1	q:19:9:1	q:19:9:3	q:19:9:2	1	3	2	prep_complement	syntactically_forced	high			PV	DEM_PRON		كـ	position_morpheme_aligned	case_government;local_syntax	ذَٰلِكَ is governed by كَ in the manner expression tied to قَالَ.	resources/attachments.tsv:28842
sx-19_9-00066	ae:v3:s019:009:pass1:attach:a3	19:9	w-s019-a009-w003	w-s019-a009-w005		m-w-s019-a009-w003-01	m-w-s019-a009-w005-01		19:9:3:1	19:9:5:1		q:19:9:4	q:19:9:6		4	6		quoted_complement	syntactically_forced	high			PV	PRON			position_morpheme_aligned	local_syntax	هُوَ عَلَيَّ ... شَيْئًا is the quoted content of قَالَ رَبُّكَ.	resources/attachments.tsv:28843
sx-19_9-00067	ae:v3:s019:009:pass1:attach:a4	19:9	w-s019-a009-w003	w-s019-a009-w004		m-w-s019-a009-w003-01	m-w-s019-a009-w004-01		19:9:3:1	19:9:4:1		q:19:9:4	q:19:9:5		4	5		subject	syntactically_forced	high			PV	NOUN_CONCRETE			position_morpheme_aligned	agreement;word_order	رَبُّكَ is the explicit subject of the internal قَالَ.	resources/attachments.tsv:28844
sx-19_9-00068	ae:v3:s019:009:pass1:attach:a5	19:9	w-s019-a009-w007	w-s019-a009-w006	w-s019-a009-w006	m-w-s019-a009-w007-01	m-w-s019-a009-w006-02	m-w-s019-a009-w006-01	19:9:7:1	19:9:6:2	19:9:6:1	q:19:9:8	q:19:9:7	q:19:9:7	8	7	7	prep_complement	syntactically_forced	high		pronoun_suffix	ADJ_QUALIT			عَلَى	position_morpheme_aligned	case_government;local_syntax	The pronoun in عَلَيَّ is governed by عَلَى as complement of هَيِّنٌ.	resources/attachments.tsv:28845
sx-19_9-00069	ae:v3:s019:009:pass1:attach:a6	19:9	w-s019-a009-w005	w-s019-a009-w007		m-w-s019-a009-w005-01	m-w-s019-a009-w007-01		19:9:5:1	19:9:7:1		q:19:9:6	q:19:9:8		6	8		predication	syntactically_forced	high			PRON	ADJ_QUALIT			position_morpheme_aligned	local_syntax;word_order	هَيِّنٌ is the predicate of هُوَ.	resources/attachments.tsv:28846
sx-19_9-00070	ae:v3:s019:009:pass1:attach:a7	19:9	w-s019-a009-w007	w-s019-a009-w009		m-w-s019-a009-w007-01	m-w-s019-a009-w009-01		19:9:7:1	19:9:9:1		q:19:9:8	q:19:9:11		8	11		conjoined	strongly_licensed	high			ADJ_QUALIT	PV			position_morpheme_aligned	local_syntax	وَقَدْ joins خَلَقْتُكَ to the statement هُوَ عَلَيَّ هَيِّنٌ.	resources/attachments.tsv:28847
sx-19_9-00071	ae:v3:s019:009:pass1:attach:a8	19:9	w-s019-a009-w009	w-s019-a009-w009		m-w-s019-a009-w009-01	m-w-s019-a009-w009-01		19:9:9:1	19:9:9:1		q:19:9:11	q:19:9:11		11	11		direct_object	syntactically_forced	high		object_suffix	PV		clitic		position_morpheme_aligned	morphology;local_syntax	The suffix كَ in خَلَقْتُكَ is the object pronoun of خَلَقْتُ.	resources/attachments.tsv:28848
sx-19_9-00072	ae:v3:s019:009:pass1:attach:a9	19:9	w-s019-a009-w009	w-s019-a009-w011	w-s019-a009-w010	m-w-s019-a009-w009-01	m-w-s019-a009-w011-01	m-w-s019-a009-w010-01	19:9:9:1	19:9:11:1	19:9:10:1	q:19:9:11	q:19:9:13	q:19:9:12	11	13	12	prep_complement	syntactically_forced	high			PV	NOUN_ABSTRACT		مِن	position_morpheme_aligned	case_government;local_syntax	قَبْلُ is governed by مِن as temporal complement of خَلَقْتُكَ.	resources/attachments.tsv:28849
sx-19_9-00073	ae:v3:s019:009:pass1:attach:a10	19:9	w-s019-a009-w009	w-s019-a009-w013		m-w-s019-a009-w009-01	m-w-s019-a009-w013-01		19:9:9:1	19:9:13:1		q:19:9:11	q:19:9:16		11	16		conjoined	strongly_licensed	high			PV	IV			position_morpheme_aligned	local_syntax	وَلَمْ joins تَكُ to the preceding خَلَقْتُكَ clause.	resources/attachments.tsv:28850
sx-19_9-00074	ae:v3:s019:009:pass1:attach:a11	19:9	w-s019-a009-w012	w-s019-a009-w013		m-w-s019-a009-w012-02	m-w-s019-a009-w013-01		19:9:12:2	19:9:13:1		q:19:9:15	q:19:9:16		15	16		particle_complement	syntactically_forced	high			NEG_PART	IV			position_morpheme_aligned	local_syntax	لَمْ governs تَكُ in the jussive negated kāna construction.	resources/attachments.tsv:28851
sx-19_9-00075	ae:v3:s019:009:pass1:attach:a12	19:9	w-s019-a009-w013	w-s019-a009-w014		m-w-s019-a009-w013-01	m-w-s019-a009-w014-01		19:9:13:1	19:9:14:1		q:19:9:16	q:19:9:17		16	17		kana_predicate	syntactically_forced	high			IV	NOUN_ABSTRACT			position_morpheme_aligned	case_government;local_syntax	شَيْئًا is the accusative predicate of تَكُ.	resources/attachments.tsv:28852
sx-19_10-00076	ae:v3:s019:010:pass1:attach:a1	19:10	w-s019-a010-w001	w-s019-a010-w002		m-w-s019-a010-w001-01	m-w-s019-a010-w002-01		19:10:1:1	19:10:2:1		q:19:10:1	q:19:10:2		1	2		quoted_complement	syntactically_forced	high			PV	NOUN_CONCRETE			position_morpheme_aligned	local_syntax	رَبِّ ٱجْعَل لِّي آيَةً is the quoted content of the first قَالَ.	resources/attachments.tsv:28853
sx-19_10-00077	ae:v3:s019:010:pass1:attach:a2	19:10	w-s019-a010-w003	w-s019-a010-w002		m-w-s019-a010-w003-01	m-w-s019-a010-w002-01		19:10:3:1	19:10:2:1		q:19:10:3	q:19:10:2		3	2		vocative	strongly_licensed	high			CV	NOUN_CONCRETE			position_morpheme_aligned	local_syntax	رَبِّ is the uttered address before ٱجْعَل.	resources/attachments.tsv:28854
sx-19_10-00078	ae:v3:s019:010:pass1:attach:a3	19:10	w-s019-a010-w003	w-s019-a010-w004	w-s019-a010-w004	m-w-s019-a010-w003-01	m-w-s019-a010-w004-02	m-w-s019-a010-w004-01	19:10:3:1	19:10:4:2	19:10:4:1	q:19:10:3	q:19:10:4	q:19:10:4	3	4	4	prep_complement	syntactically_forced	high		pronoun_suffix	CV			لـ	position_morpheme_aligned	case_government;local_syntax	The pronoun in لِّي is governed by لِ as beneficiary complement of ٱجْعَل.	resources/attachments.tsv:28855
sx-19_10-00079	ae:v3:s019:010:pass1:attach:a4	19:10	w-s019-a010-w003	w-s019-a010-w005		m-w-s019-a010-w003-01	m-w-s019-a010-w005-01		19:10:3:1	19:10:5:1		q:19:10:3	q:19:10:5		3	5		direct_object	syntactically_forced	high			CV	NOUN_ABSTRACT	explicit		fallback_morpheme_aligned	case_government;local_syntax	آيَةً is the accusative object of ٱجْعَل.	resources/attachments.tsv:28856
sx-19_10-00080	ae:v3:s019:010:pass1:attach:a5	19:10	w-s019-a010-w006	w-s019-a010-w007		m-w-s019-a010-w006-01	m-w-s019-a010-w007-01		19:10:6:1	19:10:7:1		q:19:10:6	q:19:10:7		6	7		quoted_complement	syntactically_forced	high			PV	NOUN_ABSTRACT			fallback_morpheme_aligned	local_syntax	آيَتُكَ ... سَوِيًّا is the quoted content of the second قَالَ.	resources/attachments.tsv:28857
sx-19_10-00081	ae:v3:s019:010:pass1:attach:a6	19:10	w-s019-a010-w007	w-s019-a010-w008		m-w-s019-a010-w007-01			19:10:7:1	19:10:8		q:19:10:7	q:19:10:8		7	8		predication	syntactically_forced	high			NOUN_ABSTRACT	SUBJUNC_PART			fallback_word_aligned	local_syntax;word_order	أَلَّا تُكَلِّمَ ... is the predicate of آيَتُكَ.	resources/attachments.tsv:28858
sx-19_10-00082	ae:v3:s019:010:pass1:attach:a7	19:10	w-s019-a010-w007	w-s019-a010-w008		m-w-s019-a010-w007-01			19:10:7:1	19:10:8		q:19:10:7	q:19:10:8		7	8		clausal_complement	strongly_licensed	high			NOUN_ABSTRACT	SUBJUNC_PART			fallback_word_aligned	local_syntax	آيَتُكَ licenses the marked content clause أَلَّا تُكَلِّمَ ٱلنَّاسَ as its defining content.	resources/attachments.tsv:28859
sx-19_10-00083	ae:v3:s019:010:pass1:attach:a8	19:10	w-s019-a010-w008	w-s019-a010-w009			m-w-s019-a010-w009-01		19:10:8	19:10:9:1		q:19:10:8	q:19:10:9		8	9		particle_complement	syntactically_forced	high			SUBJUNC_PART	IV			fallback_word_aligned	local_syntax	أَلَّا governs تُكَلِّمَ in the subjunctive negative content clause.	resources/attachments.tsv:28860
sx-19_10-00084	ae:v3:s019:010:pass1:attach:a9	19:10	w-s019-a010-w009	w-s019-a010-w010		m-w-s019-a010-w009-01	m-w-s019-a010-w010-02		19:10:9:1	19:10:10:2		q:19:10:9	q:19:10:10		9	10		direct_object	syntactically_forced	high			IV	NOUN_CONCRETE	explicit		fallback_morpheme_aligned	case_government;local_syntax	ٱلنَّاسَ is the accusative object of تُكَلِّمَ.	resources/attachments.tsv:28861
sx-19_10-00085	ae:v3:s019:010:pass1:attach:a10	19:10	w-s019-a010-w009	w-s019-a010-w011		m-w-s019-a010-w009-01	m-w-s019-a010-w011-01		19:10:9:1	19:10:11:1		q:19:10:9	q:19:10:11		9	11		adverbial	strongly_licensed	high			IV	NOUN_NUM			fallback_morpheme_aligned	case_government;local_syntax	ثَلَاثَ gives the accusative time span for تُكَلِّمَ.	resources/attachments.tsv:28862
sx-19_10-00086	ae:v3:s019:010:pass1:attach:a11	19:10	w-s019-a010-w011	w-s019-a010-w012		m-w-s019-a010-w011-01	m-w-s019-a010-w012-01		19:10:11:1	19:10:12:1		q:19:10:11	q:19:10:12		11	12		idafa	syntactically_forced	high			NOUN_NUM	NOUN_ABSTRACT			fallback_morpheme_aligned	morphology;case_government	لَيَالٍ is genitive as the counted noun governed by ثَلَاثَ.	resources/attachments.tsv:28863
sx-19_10-00087	ae:v3:s019:010:pass1:attach:a12	19:10	w-s019-a010-w009	w-s019-a010-w013		m-w-s019-a010-w009-01	m-w-s019-a010-w013-01		19:10:9:1	19:10:13:1		q:19:10:9	q:19:10:13		9	13		circumstantial	strongly_licensed	high			IV	NOUN_ABSTRACT			fallback_morpheme_aligned	case_government;local_syntax	سَوِيًّا is a circumstantial qualifier with the non-speaking state in تُكَلِّمَ.	resources/attachments.tsv:28864
sx-19_11-00088	ae:v3:s019:011:pass1:attach:a1	19:11	w-s019-a011-w001	w-s019-a011-w003	w-s019-a011-w002	m-w-s019-a011-w001-02	m-w-s019-a011-w003-01	m-w-s019-a011-w002-01	19:11:1:2	19:11:3:1	19:11:2:1	q:19:11:2	q:19:11:4	q:19:11:3	2	4	3	prep_complement	syntactically_forced	high			PV	NOUN_CONCRETE		عَلَى	position_morpheme_aligned	case_government;local_syntax	قَوْمِهِ is governed by عَلَىٰ as the complement of خَرَجَ.	resources/attachments.tsv:28865
sx-19_11-00089	ae:v3:s019:011:pass1:attach:a2	19:11	w-s019-a011-w001	w-s019-a011-w005	w-s019-a011-w004	m-w-s019-a011-w001-02	m-w-s019-a011-w005-02	m-w-s019-a011-w004-01	19:11:1:2	19:11:5:2	19:11:4:1	q:19:11:2	q:19:11:6	q:19:11:5	2	6	5	prep_complement	syntactically_forced	high			PV	NOUN_CONCRETE		مِن	position_morpheme_aligned	case_government;local_syntax	ٱلْمِحْرَابِ is governed by مِنَ to mark the source of خَرَجَ.	resources/attachments.tsv:28866
sx-19_11-00090	ae:v3:s019:011:pass1:attach:a3	19:11	w-s019-a011-w006	w-s019-a011-w007	w-s019-a011-w007	m-w-s019-a011-w006-02	m-w-s019-a011-w007-02	m-w-s019-a011-w007-01	19:11:6:2	19:11:7:2	19:11:7:1	q:19:11:8	q:19:11:9	q:19:11:9	8	9	9	prep_complement	syntactically_forced	high		pronoun_suffix	PV			إِلَى	position_morpheme_aligned	case_government;local_syntax	The pronoun in إِلَيْهِمْ is governed by إِلَى as the addressee complement of أَوْحَىٰ.	resources/attachments.tsv:28867
sx-19_11-00091	ae:v3:s019:011:pass1:attach:a4	19:11	w-s019-a011-w006	w-s019-a011-w008		m-w-s019-a011-w006-02	m-w-s019-a011-w008-01		19:11:6:2	19:11:8:1		q:19:11:8	q:19:11:10		8	10		clausal_complement	syntactically_forced	high			PV	SUBJUNC_PART			position_morpheme_aligned	local_syntax	أَنْ سَبِّحُوا بُكْرَةً وَعَشِيًّا is the content signaled by أَوْحَىٰ.	resources/attachments.tsv:28868
sx-19_11-00092	ae:v3:s019:011:pass1:attach:a5	19:11	w-s019-a011-w008	w-s019-a011-w009		m-w-s019-a011-w008-01	m-w-s019-a011-w009-01		19:11:8:1	19:11:9:1		q:19:11:10	q:19:11:11		10	11		particle_complement	syntactically_forced	high			SUBJUNC_PART	CV			position_morpheme_aligned	case_government;local_syntax	أَنْ governs سَبِّحُوا as the marked content verb.	resources/attachments.tsv:28869
sx-19_11-00093	ae:v3:s019:011:pass1:attach:a6	19:11	w-s019-a011-w009	w-s019-a011-w010		m-w-s019-a011-w009-01	m-w-s019-a011-w010-01		19:11:9:1	19:11:10:1		q:19:11:11	q:19:11:12		11	12		adverbial	strongly_licensed	high			CV	NOUN_ABSTRACT			position_morpheme_aligned	case_government;local_syntax	بُكْرَةً gives the time of سَبِّحُوا.	resources/attachments.tsv:28870
sx-19_11-00094	ae:v3:s019:011:pass1:attach:a7	19:11	w-s019-a011-w010	w-s019-a011-w011		m-w-s019-a011-w010-01	m-w-s019-a011-w011-02		19:11:10:1	19:11:11:2		q:19:11:12	q:19:11:14		12	14		conjoined	strongly_licensed	high			NOUN_ABSTRACT	NOUN_ABSTRACT			position_morpheme_aligned	parallelism;local_syntax	عَشِيًّا is coordinated with بُكْرَةً by وَ.	resources/attachments.tsv:28871
sx-19_11-00095	ae:v3:s019:011:pass1:attach:a8	19:11	w-s019-a011-w009	w-s019-a011-w011		m-w-s019-a011-w009-01	m-w-s019-a011-w011-02		19:11:9:1	19:11:11:2		q:19:11:11	q:19:11:14		11	14		adverbial	strongly_licensed	high			CV	NOUN_ABSTRACT			position_morpheme_aligned	case_government;local_syntax	عَشِيًّا also gives the time of سَبِّحُوا.	resources/attachments.tsv:28872
sx-19_12-00096	ae:v3:s019:012:pass1:attach:a1	19:12	w-s019-a012-w002	w-s019-a012-w001		m-w-s019-a012-w002-01	m-w-s019-a012-w001-02		19:12:2:1	19:12:1:2		q:19:12:3	q:19:12:2		3	2		vocative	syntactically_forced	high			CV	NOUN_PROP			position_morpheme_aligned	local_syntax;case_government	يَحْيَى is the addressee introduced by يَا before the command خُذِ.	resources/attachments.tsv:28873
sx-19_12-00097	ae:v3:s019:012:pass1:attach:a2	19:12	w-s019-a012-w002	w-s019-a012-w003		m-w-s019-a012-w002-01	m-w-s019-a012-w003-02		19:12:2:1	19:12:3:2		q:19:12:3	q:19:12:4		3	4		direct_object	syntactically_forced	high			CV	NOUN_CONCRETE	explicit		position_morpheme_aligned	case_government;local_syntax	ٱلْكِتَابَ is the explicit object of خُذِ.	resources/attachments.tsv:28874
sx-19_12-00098	ae:v3:s019:012:pass1:attach:a3	19:12	w-s019-a012-w002	w-s019-a012-w004	w-s019-a012-w004	m-w-s019-a012-w002-01	m-w-s019-a012-w004-02	m-w-s019-a012-w004-01	19:12:2:1	19:12:4:2	19:12:4:1	q:19:12:3	q:19:12:6	q:19:12:5	3	6	5	prep_complement	syntactically_forced	high			CV	GERUND		بـ	position_morpheme_aligned	case_government;local_syntax	قُوَّةٍ is governed by بِ as the manner complement of خُذِ.	resources/attachments.tsv:28875
sx-19_12-00099	ae:v3:s019:012:pass1:attach:a4	19:12	w-s019-a012-w002	w-s019-a012-w005		m-w-s019-a012-w002-01	m-w-s019-a012-w005-02		19:12:2:1	19:12:5:2		q:19:12:3	q:19:12:8		3	8		conjoined	strongly_licensed	high			CV	PV			position_morpheme_aligned	parallelism;local_syntax	ءَاتَيْنَٰهُ is coordinated with the preceding command by وَ.	resources/attachments.tsv:28876
sx-19_12-00100	ae:v3:s019:012:pass1:attach:a5	19:12	w-s019-a012-w005	w-s019-a012-w005		m-w-s019-a012-w005-02	m-w-s019-a012-w005-02		19:12:5:2	19:12:5:2		q:19:12:8	q:19:12:8		8	8		direct_object	syntactically_forced	high		object_suffix	PV		clitic		position_morpheme_aligned	morphology;local_syntax	The هُ suffix in ءَاتَيْنَٰهُ is an object pronoun after the نَا subject agreement.	resources/attachments.tsv:28877
sx-19_12-00101	ae:v3:s019:012:pass1:attach:a6	19:12	w-s019-a012-w005	w-s019-a012-w006		m-w-s019-a012-w005-02	m-w-s019-a012-w006-02		19:12:5:2	19:12:6:2		q:19:12:8	q:19:12:9		8	9		direct_object	syntactically_forced	high			PV	GERUND	explicit		position_morpheme_aligned	case_government;local_syntax	ٱلْحُكْمَ is the explicit second object of ءَاتَيْنَٰهُ.	resources/attachments.tsv:28878
sx-19_12-00102	ae:v3:s019:012:pass1:attach:a7	19:12	w-s019-a012-w005	w-s019-a012-w007		m-w-s019-a012-w005-02	m-w-s019-a012-w007-01		19:12:5:2	19:12:7:1		q:19:12:8	q:19:12:10		8	10		circumstantial	strongly_licensed	high			PV	NOUN_CONCRETE			position_morpheme_aligned	case_government;local_syntax	صَبِيًّا marks the state associated with the giving in ءَاتَيْنَٰهُ.	resources/attachments.tsv:28879
sx-19_13-00103	ae:v3:s019:013:pass1:attach:a1	19:13	w-s019-a013-w001	w-s019-a013-w003	w-s019-a013-w002	m-w-s019-a013-w001-02	m-w-s019-a013-w003-01	m-w-s019-a013-w002-01	19:13:1:2	19:13:3:1	19:13:2:1	q:19:13:2	q:19:13:4	q:19:13:3	2	4	3	prep_complement	syntactically_forced	high			GERUND	ADV		مِن	position_morpheme_aligned	case_government;local_syntax	لَدُنَّا is governed by مِن as the source complement of حَنَانًا.	resources/attachments.tsv:28880
sx-19_13-00104	ae:v3:s019:013:pass1:attach:a2	19:13	w-s019-a013-w001	w-s019-a013-w004		m-w-s019-a013-w001-02	m-w-s019-a013-w004-02		19:13:1:2	19:13:4:2		q:19:13:2	q:19:13:6		2	6		conjoined	strongly_licensed	high			GERUND	GERUND			position_morpheme_aligned	parallelism;local_syntax	زَكَاةً is coordinated with حَنَانًا by وَ.	resources/attachments.tsv:28881
sx-19_13-00105	ae:v3:s019:013:pass1:attach:a3	19:13	w-s019-a013-w005	w-s019-a013-w006		m-w-s019-a013-w005-02	m-w-s019-a013-w006-01		19:13:5:2	19:13:6:1		q:19:13:8	q:19:13:9		8	9		kana_predicate	syntactically_forced	high			PV	ADJ_QUALIT			position_morpheme_aligned	case_government;local_syntax	تَقِيًّا is the accusative predicate of كَانَ.	resources/attachments.tsv:28882
sx-19_14-00106	ae:v3:s019:014:pass1:attach:a1	19:14	w-s019-a014-w001	w-s019-a014-w002	w-s019-a014-w001	m-w-s019-a014-w001-02	m-w-s019-a014-w002-02	m-w-s019-a014-w001-02	19:14:1:2	19:14:2:2	19:14:1:2	q:19:14:2	q:19:14:4	q:19:14:3	2	4	3	prep_complement	syntactically_forced	high			GERUND	NOUN_ACTIVE_PART		بـ	fallback_morpheme_aligned	case_government;local_syntax	وَٰلِدَيْهِ is governed by بِ as the complement of بَرًّا.	resources/attachments.tsv:28883
sx-19_14-00107	ae:v3:s019:014:pass1:attach:a2	19:14	w-s019-a014-w003	w-s019-a014-w004		m-w-s019-a014-w003-02	m-w-s019-a014-w004-01		19:14:3:2	19:14:4:1		q:19:14:6	q:19:14:7		6	7		particle_complement	syntactically_forced	high			NEG_PART	IV			position_morpheme_aligned	case_government;local_syntax	لَمْ governs يَكُنْ in the negated jussive construction.	resources/attachments.tsv:28884
sx-19_14-00108	ae:v3:s019:014:pass1:attach:a3	19:14	w-s019-a014-w004	w-s019-a014-w005		m-w-s019-a014-w004-01	m-w-s019-a014-w005-01		19:14:4:1	19:14:5:1		q:19:14:7	q:19:14:8		7	8		kana_predicate	syntactically_forced	high			IV	ADJ_INTENS			position_morpheme_aligned	case_government;local_syntax	جَبَّارًا is the predicate of يَكُنْ.	resources/attachments.tsv:28885
sx-19_14-00109	ae:v3:s019:014:pass1:attach:a4	19:14	w-s019-a014-w005	w-s019-a014-w006		m-w-s019-a014-w005-01	m-w-s019-a014-w006-01		19:14:5:1	19:14:6:1		q:19:14:8	q:19:14:9		8	9		adjective	strongly_licensed	high			ADJ_INTENS	ADJ_QUALIT			position_morpheme_aligned	agreement;local_syntax	عَصِيًّا agrees with and modifies جَبَّارًا.	resources/attachments.tsv:28886
sx-19_15-00110	ae:v3:s019:015:pass1:attach:a1	19:15	w-s019-a015-w001	w-s019-a015-w002	w-s019-a015-w002	m-w-s019-a015-w001-02	m-w-s019-a015-w002-02	m-w-s019-a015-w002-01	19:15:1:2	19:15:2:2	19:15:2:1	q:19:15:2	q:19:15:3	q:19:15:3	2	3	3	prep_complement	syntactically_forced	high		pronoun_suffix	GERUND			عَلَى	position_morpheme_aligned	case_government;local_syntax	The pronoun in عَلَيْهِ is governed by عَلَى as the complement of سَلَامٌ.	resources/attachments.tsv:28887
sx-19_15-00111	ae:v3:s019:015:pass1:attach:a2	19:15	w-s019-a015-w001	w-s019-a015-w002		m-w-s019-a015-w001-02	m-w-s019-a015-w002-01		19:15:1:2	19:15:2:1		q:19:15:2	q:19:15:3		2	3		predication	strongly_licensed	high			GERUND	PREP			position_morpheme_aligned	local_syntax;word_order	عَلَيْهِ supplies the predicate relation for سَلَامٌ in the nominal clause.	resources/attachments.tsv:28888
sx-19_15-00112	ae:v3:s019:015:pass1:attach:a3	19:15	w-s019-a015-w001	w-s019-a015-w003		m-w-s019-a015-w001-02	m-w-s019-a015-w003-01		19:15:1:2	19:15:3:1		q:19:15:2	q:19:15:4		2	4		adverbial	strongly_licensed	high			GERUND	ADV			position_morpheme_aligned	case_government;local_syntax	يَوْمَ locates the blessing of سَلَامٌ at the day of birth.	resources/attachments.tsv:28889
sx-19_15-00113	ae:v3:s019:015:pass1:attach:a4	19:15	w-s019-a015-w001	w-s019-a015-w003		m-w-s019-a015-w001-02	m-w-s019-a015-w003-01		19:15:1:2	19:15:3:1		q:19:15:2	q:19:15:7		2	7		adverbial	strongly_licensed	high			GERUND	NOUN_ABSTRACT			fallback_morpheme_aligned	case_government;local_syntax	يَوْمَ locates the blessing of سَلَامٌ at the day of death.	resources/attachments.tsv:28890
sx-19_15-00114	ae:v3:s019:015:pass1:attach:a5	19:15	w-s019-a015-w001	w-s019-a015-w003		m-w-s019-a015-w001-02	m-w-s019-a015-w003-01		19:15:1:2	19:15:3:1		q:19:15:2	q:19:15:10		2	10		adverbial	strongly_licensed	high			GERUND	NOUN_ABSTRACT			fallback_morpheme_aligned	case_government;local_syntax	يَوْمَ locates the blessing of سَلَامٌ at the day of resurrection.	resources/attachments.tsv:28891
sx-19_15-00115	ae:v3:s019:015:pass1:attach:a6	19:15	w-s019-a015-w003	w-s019-a015-w003		m-w-s019-a015-w003-01	m-w-s019-a015-w003-01		19:15:3:1	19:15:3:1		q:19:15:4	q:19:15:7		4	7		conjoined	strongly_licensed	high			ADV	NOUN_ABSTRACT			fallback_morpheme_aligned	parallelism;local_syntax	The second يَوْمَ is coordinated with the first يَوْمَ by وَ.	resources/attachments.tsv:28892
sx-19_15-00116	ae:v3:s019:015:pass1:attach:a7	19:15	w-s019-a015-w003	w-s019-a015-w003		m-w-s019-a015-w003-01	m-w-s019-a015-w003-01		19:15:3:1	19:15:3:1		q:19:15:4	q:19:15:10		4	10		conjoined	strongly_licensed	high			ADV	NOUN_ABSTRACT			fallback_morpheme_aligned	parallelism;local_syntax	The third يَوْمَ is coordinated with the first يَوْمَ by وَ.	resources/attachments.tsv:28893
sx-19_15-00117	ae:v3:s019:015:pass1:attach:a8	19:15	w-s019-a015-w008	w-s019-a015-w009		m-w-s019-a015-w008-01	m-w-s019-a015-w009-01		19:15:8:1	19:15:9:1		q:19:15:11	q:19:15:12		11	12		circumstantial	strongly_licensed	high			IV_PASS	ADJ_QUALIT			position_morpheme_aligned	case_government;local_syntax	حَيًّا marks the state in which he is يُبْعَثُ.	resources/attachments.tsv:28894
sx-19_16-00118	ae:v3:s019:016:pass1:attach:a1	19:16	w-s019-a016-w001	w-s019-a016-w003	w-s019-a016-w002	m-w-s019-a016-w001-02	m-w-s019-a016-w003-02	m-w-s019-a016-w002-01	19:16:1:2	19:16:3:2	19:16:2:1	q:19:16:2	q:19:16:4	q:19:16:3	2	4	3	prep_complement	syntactically_forced	high			CV	NOUN_CONCRETE		فِي	position_morpheme_aligned	case_government;local_syntax	ٱلْكِتَٰبِ is governed by فِى as the setting complement of ٱذْكُرْ.	resources/attachments.tsv:28895
sx-19_16-00119	ae:v3:s019:016:pass1:attach:a2	19:16	w-s019-a016-w001	w-s019-a016-w004		m-w-s019-a016-w001-02	m-w-s019-a016-w004-01		19:16:1:2	19:16:4:1		q:19:16:2	q:19:16:5		2	5		direct_object	syntactically_forced	high			CV	NOUN_PROP_FOREIGN	explicit		position_morpheme_aligned	case_government;local_syntax	مَرْيَمَ is the explicit object of ٱذْكُرْ.	resources/attachments.tsv:28896
sx-19_16-00120	ae:v3:s019:016:pass1:attach:a3	19:16	w-s019-a016-w001	w-s019-a016-w005		m-w-s019-a016-w001-02	m-w-s019-a016-w005-01		19:16:1:2	19:16:5:1		q:19:16:2	q:19:16:6		2	6		adverbial	strongly_licensed	high			CV	ADV			position_morpheme_aligned	local_syntax	إِذِ ٱنتَبَذَتْ marks the time to be mentioned with مَرْيَمَ.	resources/attachments.tsv:28897
sx-19_16-00121	ae:v3:s019:016:pass1:attach:a4	19:16	w-s019-a016-w006	w-s019-a016-w008	w-s019-a016-w007	m-w-s019-a016-w006-01	m-w-s019-a016-w008-01	m-w-s019-a016-w007-01	19:16:6:1	19:16:8:1	19:16:7:1	q:19:16:7	q:19:16:9	q:19:16:8	7	9	8	prep_complement	syntactically_forced	high			PV	NOUN_CONCRETE		مِن	position_morpheme_aligned	case_government;local_syntax	أَهْلِهَا is governed by مِنْ as the separation complement of ٱنتَبَذَتْ.	resources/attachments.tsv:28898
sx-19_16-00122	ae:v3:s019:016:pass1:attach:a5	19:16	w-s019-a016-w006	w-s019-a016-w009		m-w-s019-a016-w006-01	m-w-s019-a016-w009-01		19:16:6:1	19:16:9:1		q:19:16:7	q:19:16:10		7	10		adverbial	strongly_licensed	high			PV	NOUN_TIME_PLACE			position_morpheme_aligned	case_government;local_syntax	مَكَانًا gives the place of ٱنتَبَذَتْ.	resources/attachments.tsv:28899
sx-19_16-00123	ae:v3:s019:016:pass1:attach:a6	19:16	w-s019-a016-w009	w-s019-a016-w010		m-w-s019-a016-w009-01	m-w-s019-a016-w010-01		19:16:9:1	19:16:10:1		q:19:16:10	q:19:16:11		10	11		adjective	strongly_licensed	high			NOUN_TIME_PLACE	NOUN_RELATIVE			position_morpheme_aligned	agreement;local_syntax	شَرْقِيًّا agrees with and modifies مَكَانًا.	resources/attachments.tsv:28900
sx-19_17-00124	ae:v3:s019:017:pass1:attach:a1	19:17	w-s019-a017-w001	w-s019-a017-w003	w-s019-a017-w002	m-w-s019-a017-w001-02	m-w-s019-a017-w003-01	m-w-s019-a017-w002-01	19:17:1:2	19:17:3:1	19:17:2:1	q:19:17:2	q:19:17:4	q:19:17:3	2	4	3	prep_complement	syntactically_forced	high			PV	NOUN_ABSTRACT		مِن	position_morpheme_aligned	case_government;local_syntax	دُونِهِمْ is governed by مِن as the separation complement of ٱتَّخَذَتْ.	resources/attachments.tsv:28901
sx-19_17-00125	ae:v3:s019:017:pass1:attach:a2	19:17	w-s019-a017-w001	w-s019-a017-w004		m-w-s019-a017-w001-02	m-w-s019-a017-w004-01		19:17:1:2	19:17:4:1		q:19:17:2	q:19:17:5		2	5		direct_object	syntactically_forced	high			PV	NOUN_ABSTRACT	explicit		position_morpheme_aligned	case_government;local_syntax	حِجَابًا is the explicit object of ٱتَّخَذَتْ.	resources/attachments.tsv:28902
sx-19_17-00126	ae:v3:s019:017:pass1:attach:a3	19:17	w-s019-a017-w005	w-s019-a017-w006	w-s019-a017-w006	m-w-s019-a017-w005-02	m-w-s019-a017-w006-02	m-w-s019-a017-w006-01	19:17:5:2	19:17:6:2	19:17:6:1	q:19:17:7	q:19:17:8	q:19:17:8	7	8	8	prep_complement	syntactically_forced	high		pronoun_suffix	PV			إِلَى	position_morpheme_aligned	case_government;local_syntax	The pronoun in إِلَيْهَا is governed by إِلَى as the goal complement of أَرْسَلْنَا.	resources/attachments.tsv:28903
sx-19_17-00127	ae:v3:s019:017:pass1:attach:a4	19:17	w-s019-a017-w005	w-s019-a017-w007		m-w-s019-a017-w005-02	m-w-s019-a017-w007-01		19:17:5:2	19:17:7:1		q:19:17:7	q:19:17:9		7	9		direct_object	syntactically_forced	high			PV	NOUN_ABSTRACT	explicit		position_morpheme_aligned	case_government;local_syntax	رُوحَنَا is the explicit object of أَرْسَلْنَا.	resources/attachments.tsv:28904
sx-19_17-00128	ae:v3:s019:017:pass1:attach:a5	19:17	w-s019-a017-w008	w-s019-a017-w009	w-s019-a017-w009	m-w-s019-a017-w008-02	m-w-s019-a017-w009-02	m-w-s019-a017-w009-01	19:17:8:2	19:17:9:2	19:17:9:1	q:19:17:11	q:19:17:13	q:19:17:12	11	13	12	prep_complement	syntactically_forced	high			IV	PRON		لـ	position_morpheme_aligned	case_government;local_syntax	هَا is governed by لِ as the dative complement of تَمَثَّلَ.	resources/attachments.tsv:28905
sx-19_17-00129	ae:v3:s019:017:pass1:attach:a6	19:17	w-s019-a017-w008	w-s019-a017-w010		m-w-s019-a017-w008-02	m-w-s019-a017-w010-01		19:17:8:2	19:17:10:1		q:19:17:11	q:19:17:14		11	14		circumstantial	strongly_licensed	high			IV	NOUN_CONCRETE			position_morpheme_aligned	case_government;local_syntax	بَشَرًا describes the form in which he تَمَثَّلَ.	resources/attachments.tsv:28906
sx-19_17-00130	ae:v3:s019:017:pass1:attach:a7	19:17	w-s019-a017-w010	w-s019-a017-w011		m-w-s019-a017-w010-01	m-w-s019-a017-w011-01		19:17:10:1	19:17:11:1		q:19:17:14	q:19:17:15		14	15		adjective	strongly_licensed	high			NOUN_CONCRETE	NOUN_ABSTRACT			position_morpheme_aligned	agreement;local_syntax	سَوِيًّا agrees with and modifies بَشَرًا.	resources/attachments.tsv:28907
sx-19_18-00131	ae:v3:s019:018:pass1:attach:a1	19:18	w-s019-a018-w001	w-s019-a018-w002		m-w-s019-a018-w001-01	m-w-s019-a018-w002-01		19:18:1:1	19:18:2:1		q:19:18:1	q:19:18:2		1	2		quoted_complement	syntactically_forced	high			PV	ANNUL_PART			position_morpheme_aligned	local_syntax	The full utterance إِنِّي ... تَقِيًّا is the quoted content of قَالَتْ.	resources/attachments.tsv:28908
sx-19_18-00132	ae:v3:s019:018:pass1:attach:a2	19:18	w-s019-a018-w002	w-s019-a018-w002		m-w-s019-a018-w002-01	m-w-s019-a018-w002-02		19:18:2:1	19:18:2:2		q:19:18:2	q:19:18:2		2	2		particle_complement	syntactically_forced	high	particle_segment	pronoun_suffix					position_morpheme_aligned	morphology;local_syntax	The ي suffix in إِنِّي is the governed noun of إِنَّ within the same word.	resources/attachments.tsv:28909
sx-19_18-00133	ae:v3:s019:018:pass1:attach:a3	19:18	w-s019-a018-w002	w-s019-a018-w003		m-w-s019-a018-w002-01	m-w-s019-a018-w003-01		19:18:2:1	19:18:3:1		q:19:18:2	q:19:18:3		2	3		predication	strongly_licensed	high			ANNUL_PART	IV			position_morpheme_aligned	local_syntax	أَعُوذُ بِٱلرَّحْمَٰنِ مِنكَ supplies the predicate content of إِنِّي.	resources/attachments.tsv:28910
sx-19_18-00134	ae:v3:s019:018:pass1:attach:a4	19:18	w-s019-a018-w003	w-s019-a018-w004	w-s019-a018-w004	m-w-s019-a018-w003-01	m-w-s019-a018-w004-03	m-w-s019-a018-w004-01	19:18:3:1	19:18:4:3	19:18:4:1	q:19:18:3	q:19:18:5	q:19:18:4	3	5	4	prep_complement	syntactically_forced	high			IV	NOUN_PROP		بـ	position_morpheme_aligned	case_government;local_syntax	ٱلرَّحْمَٰنِ is governed by بِ as the refuge complement of أَعُوذُ.	resources/attachments.tsv:28911
sx-19_18-00135	ae:v3:s019:018:pass1:attach:a5	19:18	w-s019-a018-w003	w-s019-a018-w005	w-s019-a018-w005	m-w-s019-a018-w003-01	m-w-s019-a018-w005-02	m-w-s019-a018-w005-01	19:18:3:1	19:18:5:2	19:18:5:1	q:19:18:3	q:19:18:6	q:19:18:6	3	6	6	prep_complement	syntactically_forced	high		pronoun_suffix	IV			مِن	position_morpheme_aligned	case_government;local_syntax	The كَ suffix in مِنكَ is governed by مِن as the source complement of أَعُوذُ.	resources/attachments.tsv:28912
sx-19_18-00136	ae:v3:s019:018:pass1:attach:a6	19:18	w-s019-a018-w006	w-s019-a018-w007		m-w-s019-a018-w006-01	m-w-s019-a018-w007-01		19:18:6:1	19:18:7:1		q:19:18:7	q:19:18:8		7	8		particle_complement	syntactically_forced	high			SUBJUNC_PART	PV			position_morpheme_aligned	local_syntax;case_government	إِنْ governs كُنتَ in the conditional protasis.	resources/attachments.tsv:28913
sx-19_18-00137	ae:v3:s019:018:pass1:attach:a7	19:18	w-s019-a018-w007	w-s019-a018-w008		m-w-s019-a018-w007-01	m-w-s019-a018-w008-01		19:18:7:1	19:18:8:1		q:19:18:8	q:19:18:9		8	9		kana_predicate	syntactically_forced	high			PV	ADJ_QUALIT			position_morpheme_aligned	case_government;local_syntax	تَقِيًّا is the predicate of كُنتَ.	resources/attachments.tsv:28914
sx-19_19-00138	ae:v3:s019:019:pass1:attach:a1	19:19	w-s019-a019-w001	w-s019-a019-w002		m-w-s019-a019-w001-01			19:19:1:1	19:19:2		q:19:19:1	q:19:19:2		1	2		quoted_complement	syntactically_forced	high			PV	KAAFA_MAKFOUFA			position_word_aligned	local_syntax	The full utterance إِنَّمَا ... زَكِيًّا is the quoted content of قَالَ.	resources/attachments.tsv:28915
sx-19_19-00139	ae:v3:s019:019:pass1:attach:a2	19:19	w-s019-a019-w003	w-s019-a019-w004		m-w-s019-a019-w003-01	m-w-s019-a019-w004-01		19:19:3:1	19:19:4:1		q:19:19:3	q:19:19:4		3	4		predication	strongly_licensed	high			PRON_1S	NOUN_CONCRETE			position_morpheme_aligned	word_order;local_syntax	رَسُولُ predicates the identity of أَنَا.	resources/attachments.tsv:28916
sx-19_19-00140	ae:v3:s019:019:pass1:attach:a3	19:19	w-s019-a019-w004	w-s019-a019-w005		m-w-s019-a019-w004-01	m-w-s019-a019-w005-01		19:19:4:1	19:19:5:1		q:19:19:4	q:19:19:5		4	5		idafa	syntactically_forced	high			NOUN_CONCRETE	NOUN_CONCRETE			position_morpheme_aligned	morphology;case_government	رَسُولُ is construct and governs رَبِّكِ in iḍāfa.	resources/attachments.tsv:28917
sx-19_19-00141	ae:v3:s019:019:pass1:attach:a4	19:19	w-s019-a019-w006	w-s019-a019-w006		m-w-s019-a019-w006-02	m-w-s019-a019-w006-02		19:19:6:2	19:19:6:2		q:19:19:6	q:19:19:7		6	7		particle_complement	syntactically_forced	high			PREP	IV			position_morpheme_aligned	case_government;local_syntax	The purpose لِ governs أَهَبَ in لِأَهَبَ.	resources/attachments.tsv:28918
sx-19_19-00142	ae:v3:s019:019:pass1:attach:a5	19:19	w-s019-a019-w006	w-s019-a019-w006	w-s019-a019-w006	m-w-s019-a019-w006-02	m-w-s019-a019-w006-02	m-w-s019-a019-w006-01	19:19:6:2	19:19:6:2	19:19:6:1	q:19:19:7	q:19:19:8	q:19:19:8	7	8	8	prep_complement	syntactically_forced	high		pronoun_suffix	IV			لـ	fallback_morpheme_aligned	case_government;local_syntax	The كِ suffix in لَكِ is governed by لِ as the beneficiary complement of أَهَبَ.	resources/attachments.tsv:28919
sx-19_19-00143	ae:v3:s019:019:pass1:attach:a6	19:19	w-s019-a019-w006	w-s019-a019-w008		m-w-s019-a019-w006-02	m-w-s019-a019-w008-01		19:19:6:2	19:19:8:1		q:19:19:7	q:19:19:9		7	9		direct_object	syntactically_forced	high			IV	NOUN_CONCRETE	explicit		fallback_morpheme_aligned	case_government;local_syntax	غُلَامًا is the explicit object of أَهَبَ.	resources/attachments.tsv:28920
sx-19_19-00144	ae:v3:s019:019:pass1:attach:a7	19:19	w-s019-a019-w008	w-s019-a019-w009		m-w-s019-a019-w008-01	m-w-s019-a019-w009-01		19:19:8:1	19:19:9:1		q:19:19:9	q:19:19:10		9	10		adjective	strongly_licensed	high			NOUN_CONCRETE	ADJ_QUALIT			fallback_morpheme_aligned	agreement;local_syntax	زَكِيًّا agrees with and modifies غُلَامًا.	resources/attachments.tsv:28921
sx-19_20-00145	ae:v3:s019:020:pass1:attach:a1	19:20	w-s019-a020-w001	w-s019-a020-w002		m-w-s019-a020-w001-01	m-w-s019-a020-w002-01		19:20:1:1	19:20:2:1		q:19:20:1	q:19:20:2		1	2		quoted_complement	syntactically_forced	high			PV	INTERROG_PART			position_morpheme_aligned	local_syntax	The full utterance أَنَّىٰ ... بَغِيًّا is the quoted content of قَالَتْ.	resources/attachments.tsv:28922
sx-19_20-00146	ae:v3:s019:020:pass1:attach:a2	19:20	w-s019-a020-w003	w-s019-a020-w002		m-w-s019-a020-w003-01	m-w-s019-a020-w002-01		19:20:3:1	19:20:2:1		q:19:20:3	q:19:20:2		3	2		adverbial	strongly_licensed	high			IV	INTERROG_PART			position_morpheme_aligned	local_syntax	أَنَّىٰ gives the interrogative manner for يَكُونُ.	resources/attachments.tsv:28923
sx-19_20-00147	ae:v3:s019:020:pass1:attach:a3	19:20	w-s019-a020-w003	w-s019-a020-w004	w-s019-a020-w004	m-w-s019-a020-w003-01	m-w-s019-a020-w004-02	m-w-s019-a020-w004-01	19:20:3:1	19:20:4:2	19:20:4:1	q:19:20:3	q:19:20:4	q:19:20:4	3	4	4	prep_complement	syntactically_forced	high		pronoun_suffix	IV			لـ	position_morpheme_aligned	case_government;local_syntax	The ي suffix in لِى is governed by لِ as the possessive/dative complement of يَكُونُ.	resources/attachments.tsv:28924
sx-19_20-00148	ae:v3:s019:020:pass1:attach:a4	19:20	w-s019-a020-w003	w-s019-a020-w004		m-w-s019-a020-w003-01	m-w-s019-a020-w004-01		19:20:3:1	19:20:4:1		q:19:20:3	q:19:20:4		3	4		kana_predicate	strongly_licensed	high			IV	PREP			position_morpheme_aligned	local_syntax;word_order	لِى supplies the fronted predicate complement of يَكُونُ.	resources/attachments.tsv:28925
sx-19_20-00149	ae:v3:s019:020:pass1:attach:a5	19:20	w-s019-a020-w003	w-s019-a020-w005		m-w-s019-a020-w003-01	m-w-s019-a020-w005-01		19:20:3:1	19:20:5:1		q:19:20:3	q:19:20:5		3	5		subject	strongly_licensed	high			IV	NOUN_CONCRETE			fallback_morpheme_aligned	case_government;word_order	غُلَامٌ is the nominative subject of يَكُونُ.	resources/attachments.tsv:28926
sx-19_20-00150	ae:v3:s019:020:pass1:attach:a6	19:20	w-s019-a020-w006	w-s019-a020-w007		m-w-s019-a020-w006-02	m-w-s019-a020-w007-01		19:20:6:2	19:20:7:1		q:19:20:7	q:19:20:8		7	8		particle_complement	syntactically_forced	high			NEG_PART	IV			fallback_morpheme_aligned	case_government;local_syntax	لَمْ governs يَمْسَسْنِى in the negated jussive construction.	resources/attachments.tsv:28927
sx-19_20-00151	ae:v3:s019:020:pass1:attach:a7	19:20	w-s019-a020-w007	w-s019-a020-w007		m-w-s019-a020-w007-01	m-w-s019-a020-w007-02		19:20:7:1	19:20:7:2		q:19:20:8	q:19:20:8		8	8		direct_object	syntactically_forced	high		object_suffix	IV		clitic		fallback_morpheme_aligned	morphology;local_syntax	The نِى suffix in يَمْسَسْنِى is the first-person object of يَمْسَسْ.	resources/attachments.tsv:28928
sx-19_20-00152	ae:v3:s019:020:pass1:attach:a8	19:20	w-s019-a020-w007	w-s019-a020-w008		m-w-s019-a020-w007-01	m-w-s019-a020-w008-01		19:20:7:1	19:20:8:1		q:19:20:8	q:19:20:9		8	9		subject	syntactically_forced	high			IV	NOUN_CONCRETE			fallback_morpheme_aligned	case_government;word_order	بَشَرٌ is the nominative subject of يَمْسَسْنِى.	resources/attachments.tsv:28929
sx-19_20-00153	ae:v3:s019:020:pass1:attach:a9	19:20	w-s019-a020-w009	w-s019-a020-w010		m-w-s019-a020-w009-02	m-w-s019-a020-w010-01		19:20:9:2	19:20:10:1		q:19:20:11	q:19:20:12		11	12		particle_complement	syntactically_forced	high			NEG_PART	IV			fallback_morpheme_aligned	case_government;local_syntax	لَمْ governs أَكُ in the negated jussive construction.	resources/attachments.tsv:28930
sx-19_20-00154	ae:v3:s019:020:pass1:attach:a10	19:20	w-s019-a020-w010	w-s019-a020-w011		m-w-s019-a020-w010-01	m-w-s019-a020-w011-01		19:20:10:1	19:20:11:1		q:19:20:12	q:19:20:13		12	13		kana_predicate	syntactically_forced	high			IV	GERUND			fallback_morpheme_aligned	case_government;local_syntax	بَغِيًّا is the predicate of أَكُ.	resources/attachments.tsv:28931
sx-19_20-00155	ae:v3:s019:020:pass1:attach:a11	19:20	w-s019-a020-w003	w-s019-a020-w007		m-w-s019-a020-w003-01	m-w-s019-a020-w007-01		19:20:3:1	19:20:7:1		q:19:20:3	q:19:20:8		3	8		conjoined	strongly_licensed	high			IV	IV			fallback_morpheme_aligned	parallelism;local_syntax	يَمْسَسْنِى is coordinated with يَكُونُ by وَ in the quoted sequence.	resources/attachments.tsv:28932
sx-19_20-00156	ae:v3:s019:020:pass1:attach:a12	19:20	w-s019-a020-w003	w-s019-a020-w010		m-w-s019-a020-w003-01	m-w-s019-a020-w010-01		19:20:3:1	19:20:10:1		q:19:20:3	q:19:20:12		3	12		conjoined	strongly_licensed	high			IV	IV			fallback_morpheme_aligned	parallelism;local_syntax	أَكُ is coordinated with يَكُونُ by وَ as another quoted support clause.	resources/attachments.tsv:28933
sx-19_21-00157	ae:v3:s019:021:pass1:attach:a1	19:21	w-s019-a021-w001	w-s019-a021-w002	w-s019-a021-w002	m-w-s019-a021-w001-01	m-w-s019-a021-w002-02	m-w-s019-a021-w002-01	19:21:1:1	19:21:2:2	19:21:2:1	q:19:21:1	q:19:21:3	q:19:21:2	1	3	2	prep_complement	strongly_licensed	high			PV	DEM_PRON		كـ	position_morpheme_aligned	case_government;local_syntax	ذَٰلِكِ is governed by كَ in the formula كَذَٰلِكِ attached to قَالَ.	resources/attachments.tsv:28934
sx-19_21-00158	ae:v3:s019:021:pass1:attach:a2	19:21	w-s019-a021-w001	w-s019-a021-w002		m-w-s019-a021-w001-01	m-w-s019-a021-w002-01		19:21:1:1	19:21:2:1		q:19:21:1	q:19:21:2		1	2		quoted_complement	syntactically_forced	high			PV	PREP			position_morpheme_aligned	local_syntax	كَذَٰلِكِ قَالَ رَبُّكِ through مَقْضِيًّا is the full utterance of قَالَ.	resources/attachments.tsv:28935
sx-19_21-00159	ae:v3:s019:021:pass1:attach:a3	19:21	w-s019-a021-w003	w-s019-a021-w004		m-w-s019-a021-w003-01	m-w-s019-a021-w004-01		19:21:3:1	19:21:4:1		q:19:21:4	q:19:21:5		4	5		subject	syntactically_forced	high			PV	NOUN_CONCRETE			position_morpheme_aligned	agreement;word_order	رَبُّكِ is the explicit subject of the embedded قَالَ.	resources/attachments.tsv:28936
sx-19_21-00160	ae:v3:s019:021:pass1:attach:a4	19:21	w-s019-a021-w003	w-s019-a021-w005		m-w-s019-a021-w003-01	m-w-s019-a021-w005-01		19:21:3:1	19:21:5:1		q:19:21:4	q:19:21:6		4	6		quoted_complement	syntactically_forced	high			PV	PRON			position_morpheme_aligned	local_syntax	هُوَ عَلَىَّ هَيِّنٌ and its continuations are the content of قَالَ رَبُّكِ.	resources/attachments.tsv:28937
sx-19_21-00161	ae:v3:s019:021:pass1:attach:a5	19:21	w-s019-a021-w007	w-s019-a021-w005		m-w-s019-a021-w007-01	m-w-s019-a021-w005-01		19:21:7:1	19:21:5:1		q:19:21:8	q:19:21:6		8	6		predication	strongly_licensed	high			ADJ_QUALIT	PRON			position_morpheme_aligned	local_syntax;word_order	هُوَ is the subject of the nominal predication whose predicate is هَيِّنٌ.	resources/attachments.tsv:28938
sx-19_21-00162	ae:v3:s019:021:pass1:attach:a6	19:21	w-s019-a021-w007	w-s019-a021-w006	w-s019-a021-w006	m-w-s019-a021-w007-01	m-w-s019-a021-w006-02	m-w-s019-a021-w006-01	19:21:7:1	19:21:6:2	19:21:6:1	q:19:21:8	q:19:21:7	q:19:21:7	8	7	7	prep_complement	syntactically_forced	high		pronoun_suffix	ADJ_QUALIT			عَلَى	position_morpheme_aligned	case_government;local_syntax	The pronoun in عَلَىَّ is governed by عَلَى as complement of هَيِّنٌ.	resources/attachments.tsv:28939
sx-19_21-00163	ae:v3:s019:021:pass1:attach:a7	19:21	w-s019-a021-w008	w-s019-a021-w008		m-w-s019-a021-w008-03	m-w-s019-a021-w008-04		19:21:8:3	19:21:8:4		q:19:21:11	q:19:21:11		11	11		direct_object	syntactically_forced	high		object_suffix	IV		clitic		position_morpheme_aligned	morphology;local_syntax	The هُ suffix in نَجْعَلَهُ is the first object of نَجْعَلَ.	resources/attachments.tsv:28940
sx-19_21-00164	ae:v3:s019:021:pass1:attach:a8	19:21	w-s019-a021-w008	w-s019-a021-w009		m-w-s019-a021-w008-03	m-w-s019-a021-w009-01		19:21:8:3	19:21:9:1		q:19:21:11	q:19:21:12		11	12		direct_object	syntactically_forced	high			IV	NOUN_ABSTRACT	explicit		position_morpheme_aligned	case_government;local_syntax	ءَايَةً is the second object in نَجْعَلَهُ ءَايَةً.	resources/attachments.tsv:28941
sx-19_21-00165	ae:v3:s019:021:pass1:attach:a9	19:21	w-s019-a021-w009	w-s019-a021-w010	w-s019-a021-w010	m-w-s019-a021-w009-01	m-w-s019-a021-w010-03	m-w-s019-a021-w010-01	19:21:9:1	19:21:10:3	19:21:10:1	q:19:21:12	q:19:21:14	q:19:21:13	12	14	13	prep_complement	syntactically_forced	high			NOUN_ABSTRACT	NOUN_CONCRETE		لـ	position_morpheme_aligned	case_government;local_syntax	النَّاسِ is governed by لِ as the beneficiary complement of ءَايَةً.	resources/attachments.tsv:28942
sx-19_21-00166	ae:v3:s019:021:pass1:attach:a10	19:21	w-s019-a021-w009	w-s019-a021-w011		m-w-s019-a021-w009-01	m-w-s019-a021-w011-02		19:21:9:1	19:21:11:2		q:19:21:12	q:19:21:16		12	16		conjoined	strongly_licensed	high			NOUN_ABSTRACT	GERUND			position_morpheme_aligned	parallelism;local_syntax	رَحْمَةً is coordinated with ءَايَةً by وَ.	resources/attachments.tsv:28943
sx-19_21-00167	ae:v3:s019:021:pass1:attach:a11	19:21	w-s019-a021-w011	w-s019-a021-w012	w-s019-a021-w012	m-w-s019-a021-w011-02	m-w-s019-a021-w012-02	m-w-s019-a021-w012-01	19:21:11:2	19:21:12:2	19:21:12:1	q:19:21:16	q:19:21:17	q:19:21:17	16	17	17	prep_complement	syntactically_forced	high		pronoun_suffix	GERUND			مِن	position_morpheme_aligned	case_government;local_syntax	The نَا suffix in مِّنَّا is governed by مِن as complement of رَحْمَةً.	resources/attachments.tsv:28944
sx-19_21-00168	ae:v3:s019:021:pass1:attach:a12	19:21	w-s019-a021-w013	w-s019-a021-w014		m-w-s019-a021-w013-02	m-w-s019-a021-w014-01		19:21:13:2	19:21:14:1		q:19:21:19	q:19:21:20		19	20		kana_predicate	syntactically_forced	high			PV	GERUND			position_morpheme_aligned	case_government;local_syntax	أَمْرًا is the accusative predicate of كَانَ.	resources/attachments.tsv:28945
sx-19_21-00169	ae:v3:s019:021:pass1:attach:a13	19:21	w-s019-a021-w014	w-s019-a021-w015		m-w-s019-a021-w014-01	m-w-s019-a021-w015-01		19:21:14:1	19:21:15:1		q:19:21:20	q:19:21:21		20	21		adjective	strongly_licensed	high			GERUND	NOUN_PASSIVE_PART			position_morpheme_aligned	agreement;local_syntax	مَّقْضِيًّا agrees with أَمْرًا as its adjective.	resources/attachments.tsv:28946
sx-19_22-00170	ae:v3:s019:022:pass1:attach:a1	19:22	w-s019-a022-w001	w-s019-a022-w001		m-w-s019-a022-w001-02	m-w-s019-a022-w001-03		19:22:1:2	19:22:1:3		q:19:22:2	q:19:22:2		2	2		direct_object	syntactically_forced	high		object_suffix	PV		clitic		position_morpheme_aligned	morphology;local_syntax	The هُ suffix in حَمَلَتْهُ is the object carried.	resources/attachments.tsv:28947
sx-19_22-00171	ae:v3:s019:022:pass1:attach:a2	19:22	w-s019-a022-w002	w-s019-a022-w003	w-s019-a022-w003	m-w-s019-a022-w002-02	m-w-s019-a022-w003-02	m-w-s019-a022-w003-01	19:22:2:2	19:22:3:2	19:22:3:1	q:19:22:4	q:19:22:5	q:19:22:5	4	5	5	prep_complement	syntactically_forced	high		pronoun_suffix	PV			بـ	position_morpheme_aligned	case_government;local_syntax	The pronoun in بِهِۦ is governed by بِ as complement of ٱنتَبَذَتْ.	resources/attachments.tsv:28948
sx-19_22-00172	ae:v3:s019:022:pass1:attach:a3	19:22	w-s019-a022-w002	w-s019-a022-w004		m-w-s019-a022-w002-02	m-w-s019-a022-w004-01		19:22:2:2	19:22:4:1		q:19:22:4	q:19:22:6		4	6		adverbial	strongly_licensed	high			PV	NOUN_TIME_PLACE			fallback_morpheme_aligned	case_government;local_syntax	مَكَانًا is the accusative place expression for ٱنتَبَذَتْ.	resources/attachments.tsv:28949
sx-19_22-00173	ae:v3:s019:022:pass1:attach:a4	19:22	w-s019-a022-w004	w-s019-a022-w005		m-w-s019-a022-w004-01	m-w-s019-a022-w005-01		19:22:4:1	19:22:5:1		q:19:22:6	q:19:22:7		6	7		adjective	strongly_licensed	high			NOUN_TIME_PLACE	ADJ_QUALIT			fallback_morpheme_aligned	agreement;local_syntax	قَصِيًّا agrees with مَكَانًا as its adjective.	resources/attachments.tsv:28950
sx-19_23-00174	ae:v3:s019:023:pass1:attach:a1	19:23	w-s019-a023-w001	w-s019-a023-w001		m-w-s019-a023-w001-02	m-w-s019-a023-w001-03		19:23:1:2	19:23:1:3		q:19:23:2	q:19:23:2		2	2		direct_object	syntactically_forced	high		object_suffix	PV		clitic		position_morpheme_aligned	morphology;local_syntax	The هَا suffix in أَجَاءَهَا is the object driven by أَجَاءَ.	resources/attachments.tsv:28951
sx-19_23-00175	ae:v3:s019:023:pass1:attach:a2	19:23	w-s019-a023-w001	w-s019-a023-w002		m-w-s019-a023-w001-02	m-w-s019-a023-w002-02		19:23:1:2	19:23:2:2		q:19:23:2	q:19:23:3		2	3		subject	syntactically_forced	high			PV	GERUND_MEEM			position_morpheme_aligned	agreement;word_order	ٱلْمَخَاضُ is the explicit subject of أَجَاءَ.	resources/attachments.tsv:28952
sx-19_23-00176	ae:v3:s019:023:pass1:attach:a3	19:23	w-s019-a023-w001	w-s019-a023-w004	w-s019-a023-w003	m-w-s019-a023-w001-02	m-w-s019-a023-w004-01	m-w-s019-a023-w003-01	19:23:1:2	19:23:4:1	19:23:3:1	q:19:23:2	q:19:23:5	q:19:23:4	2	5	4	prep_complement	syntactically_forced	high			PV	NOUN_CONCRETE		إِلَى	position_morpheme_aligned	case_government;local_syntax	جِذْعِ is governed by إِلَىٰ as the endpoint complement of أَجَاءَ.	resources/attachments.tsv:28953
sx-19_23-00177	ae:v3:s019:023:pass1:attach:a4	19:23	w-s019-a023-w004	w-s019-a023-w005		m-w-s019-a023-w004-01	m-w-s019-a023-w005-02		19:23:4:1	19:23:5:2		q:19:23:5	q:19:23:6		5	6		idafa	syntactically_forced	high			NOUN_CONCRETE	NOUN_CONCRETE			position_morpheme_aligned	morphology;local_syntax	ٱلنَّخْلَةِ is the genitive complement of construct جِذْعِ.	resources/attachments.tsv:28954
sx-19_23-00178	ae:v3:s019:023:pass1:attach:a5	19:23	w-s019-a023-w006	w-s019-a023-w007		m-w-s019-a023-w006-01	m-w-s019-a023-w007-02		19:23:6:1	19:23:7:2		q:19:23:7	q:19:23:8		7	8		quoted_complement	syntactically_forced	high			PV	VOC_PART			position_morpheme_aligned	local_syntax	يَٰلَيْتَنِى through مَّنسِيًّا is the utterance of قَالَتْ.	resources/attachments.tsv:28955
sx-19_23-00179	ae:v3:s019:023:pass1:attach:a6	19:23	w-s019-a023-w007	w-s019-a023-w007		m-w-s019-a023-w007-02	m-w-s019-a023-w007-03		19:23:7:2	19:23:7:3		q:19:23:9	q:19:23:9		9	9		particle_complement	syntactically_forced	high	particle_segment	pronoun_suffix					position_morpheme_aligned	morphology;local_syntax	The نِي suffix in لَيْتَنِي is the governed noun of لَيْتَ.	resources/attachments.tsv:28956
sx-19_23-00180	ae:v3:s019:023:pass1:attach:a7	19:23	w-s019-a023-w007	w-s019-a023-w008		m-w-s019-a023-w007-02	m-w-s019-a023-w008-01		19:23:7:2	19:23:8:1		q:19:23:9	q:19:23:10		9	10		predication	strongly_licensed	high			ANNUL_PART	PV			position_morpheme_aligned	local_syntax	مِتُّ قَبْلَ هَٰذَا supplies the predicate content for لَيْتَنِي.	resources/attachments.tsv:28957
sx-19_23-00181	ae:v3:s019:023:pass1:attach:a8	19:23	w-s019-a023-w008	w-s019-a023-w009		m-w-s019-a023-w008-01	m-w-s019-a023-w009-01		19:23:8:1	19:23:9:1		q:19:23:10	q:19:23:11		10	11		adverbial	strongly_licensed	high			PV	ADV			position_morpheme_aligned	case_government;local_syntax	قَبْلَ is the temporal adverb modifying مِتُّ.	resources/attachments.tsv:28958
sx-19_23-00182	ae:v3:s019:023:pass1:attach:a9	19:23	w-s019-a023-w009	w-s019-a023-w010		m-w-s019-a023-w009-01	m-w-s019-a023-w010-01		19:23:9:1	19:23:10:1		q:19:23:11	q:19:23:12		11	12		idafa	syntactically_forced	high			ADV	DEM_PRON_MS			position_morpheme_aligned	morphology;case_government	هَٰذَا is the genitive complement of construct قَبْلَ.	resources/attachments.tsv:28959
sx-19_23-00183	ae:v3:s019:023:pass1:attach:a10	19:23	w-s019-a023-w008	w-s019-a023-w011		m-w-s019-a023-w008-01	m-w-s019-a023-w011-02		19:23:8:1	19:23:11:2		q:19:23:10	q:19:23:14		10	14		conjoined	strongly_licensed	high			PV	PV			position_morpheme_aligned	parallelism;local_syntax	كُنتُ is coordinated with مِتُّ by وَ inside the wish.	resources/attachments.tsv:28960
sx-19_23-00184	ae:v3:s019:023:pass1:attach:a11	19:23	w-s019-a023-w011	w-s019-a023-w012		m-w-s019-a023-w011-02	m-w-s019-a023-w012-01		19:23:11:2	19:23:12:1		q:19:23:14	q:19:23:15		14	15		kana_predicate	syntactically_forced	high			PV	GERUND			position_morpheme_aligned	case_government;local_syntax	نَسْيًا is the accusative predicate of كُنتُ.	resources/attachments.tsv:28961
sx-19_23-00185	ae:v3:s019:023:pass1:attach:a12	19:23	w-s019-a023-w012	w-s019-a023-w012		m-w-s019-a023-w012-01	m-w-s019-a023-w012-01		19:23:12:1	19:23:12:1		q:19:23:15	q:19:23:16		15	16		adjective	strongly_licensed	high			GERUND	NOUN_PASSIVE_PART			fallback_morpheme_aligned	agreement;local_syntax	مَّنسِيًّا agrees with نَسْيًا as its adjective.	resources/attachments.tsv:28962
sx-19_24-00186	ae:v3:s019:024:pass1:attach:a1	19:24	w-s019-a024-w001	w-s019-a024-w001		m-w-s019-a024-w001-02	m-w-s019-a024-w001-03		19:24:1:2	19:24:1:3		q:19:24:2	q:19:24:2		2	2		direct_object	syntactically_forced	high		object_suffix	PV		clitic		position_morpheme_aligned	morphology;local_syntax	The هَا suffix in نَادَىٰهَا is the addressee object of نَادَىٰ.	resources/attachments.tsv:28963
sx-19_24-00187	ae:v3:s019:024:pass1:attach:a2	19:24	w-s019-a024-w001	w-s019-a024-w003	w-s019-a024-w002	m-w-s019-a024-w001-02	m-w-s019-a024-w003-01	m-w-s019-a024-w002-01	19:24:1:2	19:24:3:1	19:24:2:1	q:19:24:2	q:19:24:4	q:19:24:3	2	4	3	prep_complement	syntactically_forced	high			PV	NOUN_ABSTRACT		مِن	position_morpheme_aligned	case_government;local_syntax	تَحْتِهَا is governed by مِن as the source complement of نَادَىٰ.	resources/attachments.tsv:28964
sx-19_24-00188	ae:v3:s019:024:pass1:attach:a3	19:24	w-s019-a024-w001	w-s019-a024-w004		m-w-s019-a024-w001-02			19:24:1:2	19:24:4		q:19:24:2	q:19:24:5		2	5		quoted_complement	syntactically_forced	high			PV	SUBJUNC_PART			position_word_aligned	local_syntax	أَلَّا تَحْزَنِى through سَرِيًّا is the utterance of نَادَىٰهَا.	resources/attachments.tsv:28965
sx-19_24-00189	ae:v3:s019:024:pass1:attach:a4	19:24	w-s019-a024-w007	w-s019-a024-w008		m-w-s019-a024-w007-01	m-w-s019-a024-w008-01		19:24:7:1	19:24:8:1		q:19:24:8	q:19:24:9		8	9		subject	syntactically_forced	high			PV	NOUN_CONCRETE			position_morpheme_aligned	agreement;word_order	رَبُّكِ is the explicit subject of جَعَلَ.	resources/attachments.tsv:28966
sx-19_24-00190	ae:v3:s019:024:pass1:attach:a5	19:24	w-s019-a024-w007	w-s019-a024-w009		m-w-s019-a024-w007-01	m-w-s019-a024-w009-01		19:24:7:1	19:24:9:1		q:19:24:8	q:19:24:10		8	10		adverbial	strongly_licensed	high			PV	ADV			position_morpheme_aligned	case_government;local_syntax	تَحْتَكِ is the place adverbial governed by جَعَلَ.	resources/attachments.tsv:28967
sx-19_24-00191	ae:v3:s019:024:pass1:attach:a6	19:24	w-s019-a024-w007	w-s019-a024-w010		m-w-s019-a024-w007-01	m-w-s019-a024-w010-01		19:24:7:1	19:24:10:1		q:19:24:8	q:19:24:11		8	11		direct_object	syntactically_forced	high			PV	ADJ_QUALIT	explicit		position_morpheme_aligned	case_government;local_syntax	سَرِيًّا is the accusative object of جَعَلَ.	resources/attachments.tsv:28968
sx-19_25-00192	ae:v3:s019:025:pass1:attach:a1	19:25	w-s019-a025-w001	w-s019-a025-w002	w-s019-a025-w002	m-w-s019-a025-w001-02	m-w-s019-a025-w002-02	m-w-s019-a025-w002-01	19:25:1:2	19:25:2:2	19:25:2:1	q:19:25:2	q:19:25:3	q:19:25:3	2	3	3	prep_complement	syntactically_forced	high		pronoun_suffix	CV			إِلَى	position_morpheme_aligned	case_government;local_syntax	The كِ suffix in إِلَيْكِ is governed by إِلَى as complement of هُزِّى.	resources/attachments.tsv:28969
sx-19_25-00193	ae:v3:s019:025:pass1:attach:a2	19:25	w-s019-a025-w001	w-s019-a025-w003	w-s019-a025-w003	m-w-s019-a025-w001-02	m-w-s019-a025-w003-02	m-w-s019-a025-w003-01	19:25:1:2	19:25:3:2	19:25:3:1	q:19:25:2	q:19:25:5	q:19:25:4	2	5	4	prep_complement	syntactically_forced	high			CV	NOUN_CONCRETE		بـ	position_morpheme_aligned	case_government;local_syntax	جِذْعِ is governed by بِ as the object-like complement of هُزِّى.	resources/attachments.tsv:28970
sx-19_25-00194	ae:v3:s019:025:pass1:attach:a3	19:25	w-s019-a025-w003	w-s019-a025-w004		m-w-s019-a025-w003-02	m-w-s019-a025-w004-02		19:25:3:2	19:25:4:2		q:19:25:5	q:19:25:6		5	6		idafa	syntactically_forced	high			NOUN_CONCRETE	NOUN_CONCRETE			position_morpheme_aligned	morphology;local_syntax	ٱلنَّخْلَةِ is the genitive complement of construct جِذْعِ.	resources/attachments.tsv:28971
sx-19_25-00195	ae:v3:s019:025:pass1:attach:a4	19:25	w-s019-a025-w005	w-s019-a025-w006	w-s019-a025-w006	m-w-s019-a025-w005-01	m-w-s019-a025-w006-02	m-w-s019-a025-w006-01	19:25:5:1	19:25:6:2	19:25:6:1	q:19:25:7	q:19:25:8	q:19:25:8	7	8	8	prep_complement	syntactically_forced	high		pronoun_suffix	IV			عَلَى	position_morpheme_aligned	case_government;local_syntax	The كِ suffix in عَلَيْكِ is governed by عَلَى as complement of تُسَٰقِطْ.	resources/attachments.tsv:28972
sx-19_25-00196	ae:v3:s019:025:pass1:attach:a5	19:25	w-s019-a025-w005	w-s019-a025-w007		m-w-s019-a025-w005-01	m-w-s019-a025-w007-01		19:25:5:1	19:25:7:1		q:19:25:7	q:19:25:9		7	9		direct_object	syntactically_forced	high			IV	NOUN_CONCRETE	explicit		position_morpheme_aligned	case_government;local_syntax	رُطَبًا is the accusative object of تُسَٰقِطْ.	resources/attachments.tsv:28973
sx-19_25-00197	ae:v3:s019:025:pass1:attach:a6	19:25	w-s019-a025-w007	w-s019-a025-w008		m-w-s019-a025-w007-01	m-w-s019-a025-w008-01		19:25:7:1	19:25:8:1		q:19:25:9	q:19:25:10		9	10		adjective	strongly_licensed	high			NOUN_CONCRETE	ADJ_QUALIT			position_morpheme_aligned	agreement;local_syntax	جَنِيًّا agrees with رُطَبًا as its adjective.	resources/attachments.tsv:28974
sx-19_26-00198	ae:v3:s019:026:pass1:attach:a1	19:26	w-s019-a026-w001	w-s019-a026-w002		m-w-s019-a026-w001-02	m-w-s019-a026-w002-02		19:26:1:2	19:26:2:2		q:19:26:2	q:19:26:4		2	4		conjoined	strongly_licensed	high			CV	CV			position_morpheme_aligned	parallelism;local_syntax	ٱشْرَبِى is coordinated with كُلِى by وَ.	resources/attachments.tsv:28975
sx-19_26-00199	ae:v3:s019:026:pass1:attach:a2	19:26	w-s019-a026-w001	w-s019-a026-w003		m-w-s019-a026-w001-02	m-w-s019-a026-w003-02		19:26:1:2	19:26:3:2		q:19:26:2	q:19:26:6		2	6		conjoined	strongly_licensed	high			CV	CV			position_morpheme_aligned	parallelism;local_syntax	قَرِّى is coordinated with كُلِى by وَ.	resources/attachments.tsv:28976
sx-19_26-00200	ae:v3:s019:026:pass1:attach:a3	19:26	w-s019-a026-w003	w-s019-a026-w004		m-w-s019-a026-w003-02	m-w-s019-a026-w004-01		19:26:3:2	19:26:4:1		q:19:26:6	q:19:26:7		6	7		accusative_specification	strongly_licensed	high			CV	NOUN_CONCRETE			position_morpheme_aligned	case_government;local_syntax	عَيْنًا specifies the idiom قَرِّى عَيْنًا.	resources/attachments.tsv:28977
sx-19_26-00201	ae:v3:s019:026:pass1:attach:a4	19:26	w-s019-a026-w009	w-s019-a026-w008	w-s019-a026-w007	m-w-s019-a026-w009-01	m-w-s019-a026-w008-02	m-w-s019-a026-w007-01	19:26:9:1	19:26:8:2	19:26:7:1	q:19:26:13	q:19:26:12	q:19:26:11	13	12	11	prep_complement	syntactically_forced	high			NOUN_NUM	NOUN_CONCRETE		مِن	position_morpheme_aligned	case_government;local_syntax	ٱلْبَشَرِ is governed by مِنَ in the partitive phrase modifying أَحَدًا.	resources/attachments.tsv:28978
sx-19_26-00202	ae:v3:s019:026:pass1:attach:a5	19:26	w-s019-a026-w006	w-s019-a026-w009		m-w-s019-a026-w006-01	m-w-s019-a026-w009-01		19:26:6:1	19:26:9:1		q:19:26:10	q:19:26:13		10	13		direct_object	syntactically_forced	high			IV	NOUN_NUM	explicit		position_morpheme_aligned	case_government;local_syntax	أَحَدًا is the direct object of تَرَيِنَّ.	resources/attachments.tsv:28979
sx-19_26-00203	ae:v3:s019:026:pass1:attach:a6	19:26	w-s019-a026-w010	w-s019-a026-w011		m-w-s019-a026-w010-02	m-w-s019-a026-w011-01		19:26:10:2	19:26:11:1		q:19:26:15	q:19:26:16		15	16		quoted_complement	syntactically_forced	high			CV	ANNUL_PART			position_morpheme_aligned	local_syntax	إِنِّى through إِنسِيًّا is the utterance commanded by قُولِى.	resources/attachments.tsv:28980
sx-19_26-00204	ae:v3:s019:026:pass1:attach:a7	19:26	w-s019-a026-w011	w-s019-a026-w011		m-w-s019-a026-w011-01	m-w-s019-a026-w011-02		19:26:11:1	19:26:11:2		q:19:26:16	q:19:26:16		16	16		particle_complement	syntactically_forced	high	particle_segment	pronoun_suffix					position_morpheme_aligned	morphology;local_syntax	The ي suffix in إِنِّى is the governed noun of إِنَّ.	resources/attachments.tsv:28981
sx-19_26-00205	ae:v3:s019:026:pass1:attach:a8	19:26	w-s019-a026-w011	w-s019-a026-w012		m-w-s019-a026-w011-01	m-w-s019-a026-w012-01		19:26:11:1	19:26:12:1		q:19:26:16	q:19:26:17		16	17		predication	strongly_licensed	high			ANNUL_PART	PV			position_morpheme_aligned	local_syntax	نَذَرْتُ لِلرَّحْمَٰنِ صَوْمًا supplies the predicate content for إِنِّى.	resources/attachments.tsv:28982
sx-19_26-00206	ae:v3:s019:026:pass1:attach:a9	19:26	w-s019-a026-w012	w-s019-a026-w013	w-s019-a026-w013	m-w-s019-a026-w012-01	m-w-s019-a026-w013-03	m-w-s019-a026-w013-01	19:26:12:1	19:26:13:3	19:26:13:1	q:19:26:17	q:19:26:19	q:19:26:18	17	19	18	prep_complement	syntactically_forced	high			PV	NOUN_PROP		لـ	position_morpheme_aligned	case_government;local_syntax	الرَّحْمَٰنِ is governed by لِ as complement of نَذَرْتُ.	resources/attachments.tsv:28983
sx-19_26-00207	ae:v3:s019:026:pass1:attach:a10	19:26	w-s019-a026-w012	w-s019-a026-w014		m-w-s019-a026-w012-01	m-w-s019-a026-w014-01		19:26:12:1	19:26:14:1		q:19:26:17	q:19:26:20		17	20		direct_object	syntactically_forced	high			PV	GERUND	explicit		position_morpheme_aligned	case_government;local_syntax	صَوْمًا is the direct object of نَذَرْتُ.	resources/attachments.tsv:28984
sx-19_26-00208	ae:v3:s019:026:pass1:attach:a11	19:26	w-s019-a026-w016	w-s019-a026-w018		m-w-s019-a026-w016-01	m-w-s019-a026-w018-01		19:26:16:1	19:26:18:1		q:19:26:23	q:19:26:25		23	25		direct_object	syntactically_forced	high			IV	NOUN_RELATIVE	explicit		position_morpheme_aligned	case_government;local_syntax	إِنسِيًّا is the direct object of أُكَلِّمَ.	resources/attachments.tsv:28985
sx-19_26-00209	ae:v3:s019:026:pass1:attach:a12	19:26	w-s019-a026-w016	w-s019-a026-w017		m-w-s019-a026-w016-01	m-w-s019-a026-w017-02		19:26:16:1	19:26:17:2		q:19:26:23	q:19:26:24		23	24		adverbial	strongly_licensed	high			IV	ADV			position_morpheme_aligned	case_government;local_syntax	ٱلْيَوْمَ is the time adverbial for أُكَلِّمَ.	resources/attachments.tsv:28986
sx-19_27-00210	ae:v3:s019:027:pass1:attach:a1	19:27	w-s019-a027-w001	w-s019-a027-w002	w-s019-a027-w002	m-w-s019-a027-w001-02	m-w-s019-a027-w002-02	m-w-s019-a027-w002-01	19:27:1:2	19:27:2:2	19:27:2:1	q:19:27:2	q:19:27:3	q:19:27:3	2	3	3	prep_complement	syntactically_forced	high		pronoun_suffix	PV			بـ	position_morpheme_aligned	case_government;local_syntax	The هِ suffix in بِهِۦ is governed by بِ as complement of أَتَتْ.	resources/attachments.tsv:28987
sx-19_27-00211	ae:v3:s019:027:pass1:attach:a2	19:27	w-s019-a027-w001	w-s019-a027-w003		m-w-s019-a027-w001-02	m-w-s019-a027-w003-01		19:27:1:2	19:27:3:1		q:19:27:2	q:19:27:4		2	4		direct_object	strongly_licensed	high			PV	NOUN_CONCRETE	explicit		fallback_morpheme_aligned	case_government;local_syntax	قَوْمَهَا is the accusative destination object with أَتَتْ.	resources/attachments.tsv:28988
sx-19_27-00212	ae:v3:s019:027:pass1:attach:a3	19:27	w-s019-a027-w001	w-s019-a027-w004		m-w-s019-a027-w001-02	m-w-s019-a027-w004-01		19:27:1:2	19:27:4:1		q:19:27:2	q:19:27:5		2	5		circumstantial	strongly_licensed	high			PV	IV			fallback_morpheme_aligned	local_syntax	تَحْمِلُهُ gives the حال circumstance of her coming.	resources/attachments.tsv:28989
sx-19_27-00213	ae:v3:s019:027:pass1:attach:a4	19:27	w-s019-a027-w004	w-s019-a027-w004		m-w-s019-a027-w004-01	m-w-s019-a027-w004-02		19:27:4:1	19:27:4:2		q:19:27:5	q:19:27:5		5	5		direct_object	syntactically_forced	high		object_suffix	IV		clitic		fallback_morpheme_aligned	morphology;local_syntax	The هُ suffix in تَحْمِلُهُ is the object carried.	resources/attachments.tsv:28990
sx-19_27-00214	ae:v3:s019:027:pass1:attach:a5	19:27	w-s019-a027-w005	w-s019-a027-w006		m-w-s019-a027-w005-01	m-w-s019-a027-w006-02		19:27:5:1	19:27:6:2		q:19:27:6	q:19:27:7		6	7		quoted_complement	syntactically_forced	high			PV	VOC_PART			fallback_morpheme_aligned	local_syntax	يَٰمَرْيَمُ through فَرِيًّا is the utterance of قَالُوا.	resources/attachments.tsv:28991
sx-19_27-00215	ae:v3:s019:027:pass1:attach:a6	19:27	w-s019-a027-w006	w-s019-a027-w006		m-w-s019-a027-w006-02	m-w-s019-a027-w006-02		19:27:6:2	19:27:6:2		q:19:27:7	q:19:27:8		7	8		vocative	syntactically_forced	high			VOC_PART	NOUN_PROP_FOREIGN			fallback_morpheme_aligned	local_syntax;case_government	مَرْيَمُ is the noun called by vocative يَا.	resources/attachments.tsv:28992
sx-19_27-00216	ae:v3:s019:027:pass1:attach:a7	19:27	w-s019-a027-w008	w-s019-a027-w009		m-w-s019-a027-w008-01	m-w-s019-a027-w009-01		19:27:8:1	19:27:9:1		q:19:27:11	q:19:27:12		11	12		direct_object	syntactically_forced	high			PV	NOUN_ABSTRACT	explicit		fallback_morpheme_aligned	case_government;local_syntax	شَيْـًٔا is the direct object of جِئْتِ.	resources/attachments.tsv:28993
sx-19_27-00217	ae:v3:s019:027:pass1:attach:a8	19:27	w-s019-a027-w009	w-s019-a027-w010		m-w-s019-a027-w009-01	m-w-s019-a027-w010-01		19:27:9:1	19:27:10:1		q:19:27:12	q:19:27:13		12	13		adjective	strongly_licensed	high			NOUN_ABSTRACT	ADJ_QUALIT			fallback_morpheme_aligned	agreement;local_syntax	فَرِيًّا agrees with شَيْـًٔا as its adjective.	resources/attachments.tsv:28994
sx-19_28-00218	ae:v3:s019:028:pass1:attach:a1	19:28	w-s019-a028-w001	w-s019-a028-w001		m-w-s019-a028-w001-02	m-w-s019-a028-w001-02		19:28:1:2	19:28:1:2		q:19:28:1	q:19:28:2		1	2		vocative	syntactically_forced	high			VOC_PART	NOUN_CONCRETE			position_morpheme_aligned	local_syntax;case_government	أُخْتَ is the noun called by vocative يَا.	resources/attachments.tsv:28995
sx-19_28-00219	ae:v3:s019:028:pass1:attach:a2	19:28	w-s019-a028-w001	w-s019-a028-w002		m-w-s019-a028-w001-02	m-w-s019-a028-w002-01		19:28:1:2	19:28:2:1		q:19:28:2	q:19:28:3		2	3		idafa	syntactically_forced	high			NOUN_CONCRETE	NOUN_PROP_FOREIGN			position_morpheme_aligned	morphology;local_syntax	هَارُونَ is the genitive complement of construct أُخْتَ.	resources/attachments.tsv:28996
sx-19_28-00220	ae:v3:s019:028:pass1:attach:a3	19:28	w-s019-a028-w004	w-s019-a028-w005		m-w-s019-a028-w004-01	m-w-s019-a028-w005-01		19:28:4:1	19:28:5:1		q:19:28:5	q:19:28:6		5	6		subject	syntactically_forced	high			PV	NOUN_FIVE			position_morpheme_aligned	case_government;local_syntax	أَبُوكِ is the nominative ism of كَانَ.	resources/attachments.tsv:28997
sx-19_28-00221	ae:v3:s019:028:pass1:attach:a4	19:28	w-s019-a028-w004	w-s019-a028-w006		m-w-s019-a028-w004-01	m-w-s019-a028-w006-01		19:28:4:1	19:28:6:1		q:19:28:5	q:19:28:7		5	7		kana_predicate	syntactically_forced	high			PV	NOUN_CONCRETE			position_morpheme_aligned	case_government;local_syntax	ٱمْرَأَ is the accusative predicate of كَانَ.	resources/attachments.tsv:28998
sx-19_28-00222	ae:v3:s019:028:pass1:attach:a5	19:28	w-s019-a028-w006	w-s019-a028-w007		m-w-s019-a028-w006-01	m-w-s019-a028-w007-01		19:28:6:1	19:28:7:1		q:19:28:7	q:19:28:8		7	8		idafa	syntactically_forced	high			NOUN_CONCRETE	GERUND			position_morpheme_aligned	morphology;local_syntax	سَوْءٍ is the genitive complement of construct ٱمْرَأَ.	resources/attachments.tsv:28999
sx-19_28-00223	ae:v3:s019:028:pass1:attach:a6	19:28	w-s019-a028-w004	w-s019-a028-w009		m-w-s019-a028-w004-01	m-w-s019-a028-w009-01		19:28:4:1	19:28:9:1		q:19:28:5	q:19:28:11		5	11		conjoined	strongly_licensed	high			PV	PV			position_morpheme_aligned	parallelism;local_syntax	كَانَتْ is coordinated with كَانَ by وَ.	resources/attachments.tsv:29000
sx-19_28-00224	ae:v3:s019:028:pass1:attach:a7	19:28	w-s019-a028-w009	w-s019-a028-w010		m-w-s019-a028-w009-01	m-w-s019-a028-w010-01		19:28:9:1	19:28:10:1		q:19:28:11	q:19:28:12		11	12		subject	syntactically_forced	high			PV	NOUN_CONCRETE			position_morpheme_aligned	case_government;local_syntax	أُمُّكِ is the nominative ism of كَانَتْ.	resources/attachments.tsv:29001
sx-19_28-00225	ae:v3:s019:028:pass1:attach:a8	19:28	w-s019-a028-w009	w-s019-a028-w011		m-w-s019-a028-w009-01	m-w-s019-a028-w011-01		19:28:9:1	19:28:11:1		q:19:28:11	q:19:28:13		11	13		kana_predicate	syntactically_forced	high			PV	GERUND			position_morpheme_aligned	case_government;local_syntax	بَغِيًّا is the accusative predicate of كَانَتْ.	resources/attachments.tsv:29002
sx-19_29-00226	ae:v3:s019:029:pass1:attach:a1	19:29	w-s019-a029-w001	w-s019-a029-w002	w-s019-a029-w002	m-w-s019-a029-w001-02	m-w-s019-a029-w002-02	m-w-s019-a029-w002-01	19:29:1:2	19:29:2:2	19:29:2:1	q:19:29:2	q:19:29:3	q:19:29:3	2	3	3	prep_complement	syntactically_forced	high		pronoun_suffix	PV			إِلَى	position_morpheme_aligned	case_government;local_syntax	The هِ suffix in إِلَيْهِ is governed by إِلَى as complement of أَشَارَتْ.	resources/attachments.tsv:29003
sx-19_29-00227	ae:v3:s019:029:pass1:attach:a2	19:29	w-s019-a029-w003	w-s019-a029-w004		m-w-s019-a029-w003-01	m-w-s019-a029-w004-01		19:29:3:1	19:29:4:1		q:19:29:4	q:19:29:5		4	5		quoted_complement	syntactically_forced	high			PV	INTERROG_PRON			position_morpheme_aligned	local_syntax	كَيْفَ through صَبِيًّا is the utterance of قَالُوا.	resources/attachments.tsv:29004
sx-19_29-00228	ae:v3:s019:029:pass1:attach:a3	19:29	w-s019-a029-w005	w-s019-a029-w004		m-w-s019-a029-w005-01	m-w-s019-a029-w004-01		19:29:5:1	19:29:4:1		q:19:29:6	q:19:29:5		6	5		circumstantial	strongly_licensed	high			IV	INTERROG_PRON			position_morpheme_aligned	local_syntax	كَيْفَ asks the manner of نُكَلِّمُ.	resources/attachments.tsv:29005
sx-19_29-00229	ae:v3:s019:029:pass1:attach:a4	19:29	w-s019-a029-w005	w-s019-a029-w006		m-w-s019-a029-w005-01	m-w-s019-a029-w006-01		19:29:5:1	19:29:6:1		q:19:29:6	q:19:29:7		6	7		direct_object	syntactically_forced	high			IV	REL_PRON	explicit		position_morpheme_aligned	local_syntax;word_order	مَن is the object of نُكَلِّمُ.	resources/attachments.tsv:29006
sx-19_29-00230	ae:v3:s019:029:pass1:attach:a5	19:29	w-s019-a029-w007	w-s019-a029-w006		m-w-s019-a029-w007-01	m-w-s019-a029-w006-01		19:29:7:1	19:29:6:1		q:19:29:8	q:19:29:7		8	7		subject	strongly_licensed	high			PV	REL_PRON			position_morpheme_aligned	local_syntax;word_order	مَن supplies the ism of كَانَ in the relative clause.	resources/attachments.tsv:29007
sx-19_29-00231	ae:v3:s019:029:pass1:attach:a6	19:29	w-s019-a029-w007	w-s019-a029-w009	w-s019-a029-w008	m-w-s019-a029-w007-01	m-w-s019-a029-w009-02	m-w-s019-a029-w008-01	19:29:7:1	19:29:9:2	19:29:8:1	q:19:29:8	q:19:29:10	q:19:29:9	8	10	9	prep_complement	syntactically_forced	high			PV	GERUND		فِي	position_morpheme_aligned	case_government;local_syntax	ٱلْمَهْدِ is governed by فِى as a locative complement in the كَانَ clause.	resources/attachments.tsv:29008
sx-19_29-00232	ae:v3:s019:029:pass1:attach:a7	19:29	w-s019-a029-w007	w-s019-a029-w010		m-w-s019-a029-w007-01	m-w-s019-a029-w010-01		19:29:7:1	19:29:10:1		q:19:29:8	q:19:29:11		8	11		kana_predicate	syntactically_forced	high			PV	NOUN_CONCRETE			position_morpheme_aligned	case_government;local_syntax	صَبِيًّا is the accusative predicate of كَانَ.	resources/attachments.tsv:29009
sx-19_30-00233	ae:v3:s019:030:pass1:attach:a1	19:30	w-s019-a030-w001	w-s019-a030-w002		m-w-s019-a030-w001-01	m-w-s019-a030-w002-01		19:30:1:1	19:30:2:1		q:19:30:1	q:19:30:2		1	2		quoted_complement	syntactically_forced	high			PV	ANNUL_PART			position_morpheme_aligned	local_syntax	إِنِّى through نَبِيًّا is the utterance governed by قَالَ.	resources/attachments.tsv:29010
sx-19_30-00234	ae:v3:s019:030:pass1:attach:a2	19:30	w-s019-a030-w002	w-s019-a030-w002		m-w-s019-a030-w002-01	m-w-s019-a030-w002-02		19:30:2:1	19:30:2:2		q:19:30:2	q:19:30:2		2	2		particle_complement	syntactically_forced	high	particle_segment	pronoun_suffix					position_morpheme_aligned	morphology;local_syntax	The ي suffix in إِنِّي is the governed noun of إِنَّ.	resources/attachments.tsv:29011
sx-19_30-00235	ae:v3:s019:030:pass1:attach:a3	19:30	w-s019-a030-w002	w-s019-a030-w003		m-w-s019-a030-w002-01	m-w-s019-a030-w003-01		19:30:2:1	19:30:3:1		q:19:30:2	q:19:30:3		2	3		predication	strongly_licensed	high			ANNUL_PART	NOUN_CONCRETE			position_morpheme_aligned	local_syntax;case_government	عَبْدُ is the predicate of إِنِّي.	resources/attachments.tsv:29012
sx-19_30-00236	ae:v3:s019:030:pass1:attach:a4	19:30	w-s019-a030-w003	w-s019-a030-w004		m-w-s019-a030-w003-01	m-w-s019-a030-w004-01		19:30:3:1	19:30:4:1		q:19:30:3	q:19:30:4		3	4		idafa	syntactically_forced	high			NOUN_CONCRETE	NOUN_PROP			position_morpheme_aligned	morphology;local_syntax	ٱللَّهِ is the genitive complement of construct عَبْدُ.	resources/attachments.tsv:29013
sx-19_30-00237	ae:v3:s019:030:pass1:attach:a5	19:30	w-s019-a030-w005	w-s019-a030-w005		m-w-s019-a030-w005-01	m-w-s019-a030-w005-02		19:30:5:1	19:30:5:2		q:19:30:5	q:19:30:5		5	5		direct_object	syntactically_forced	high		object_suffix	PV		clitic		position_morpheme_aligned	morphology;local_syntax	The نِي suffix in ءَاتَىٰنِىَ is an object pronoun of ءَاتَىٰ.	resources/attachments.tsv:29014
sx-19_30-00238	ae:v3:s019:030:pass1:attach:a6	19:30	w-s019-a030-w005	w-s019-a030-w006		m-w-s019-a030-w005-01	m-w-s019-a030-w006-02		19:30:5:1	19:30:6:2		q:19:30:5	q:19:30:6		5	6		direct_object	syntactically_forced	high			PV	NOUN_CONCRETE	explicit		position_morpheme_aligned	case_government;local_syntax	ٱلْكِتَٰبَ is the explicit object of ءَاتَىٰنِىَ.	resources/attachments.tsv:29015
sx-19_30-00239	ae:v3:s019:030:pass1:attach:a7	19:30	w-s019-a030-w005	w-s019-a030-w007		m-w-s019-a030-w005-01	m-w-s019-a030-w007-02		19:30:5:1	19:30:7:2		q:19:30:5	q:19:30:8		5	8		conjoined	strongly_licensed	high			PV	PV			position_morpheme_aligned	parallelism;local_syntax	جَعَلَنِى is coordinated with ءَاتَىٰنِىَ by وَ.	resources/attachments.tsv:29016
sx-19_30-00240	ae:v3:s019:030:pass1:attach:a8	19:30	w-s019-a030-w007	w-s019-a030-w007		m-w-s019-a030-w007-02	m-w-s019-a030-w007-03		19:30:7:2	19:30:7:3		q:19:30:8	q:19:30:8		8	8		direct_object	syntactically_forced	high		object_suffix	PV		clitic		position_morpheme_aligned	morphology;local_syntax	The نِي suffix in جَعَلَنِى is the first object of جَعَلَ.	resources/attachments.tsv:29017
sx-19_30-00241	ae:v3:s019:030:pass1:attach:a9	19:30	w-s019-a030-w007	w-s019-a030-w008		m-w-s019-a030-w007-02	m-w-s019-a030-w008-01		19:30:7:2	19:30:8:1		q:19:30:8	q:19:30:9		8	9		direct_object	syntactically_forced	high			PV	NOUN_CONCRETE	explicit		position_morpheme_aligned	case_government;local_syntax	نَبِيًّا is the second object of جَعَلَنِى.	resources/attachments.tsv:29018
sx-19_31-00242	ae:v3:s019:031:pass1:attach:a1	19:31	w-s019-a031-w001	w-s019-a031-w001		m-w-s019-a031-w001-02	m-w-s019-a031-w001-03		19:31:1:2	19:31:1:3		q:19:31:2	q:19:31:2		2	2		direct_object	syntactically_forced	high		object_suffix	PV		clitic		position_morpheme_aligned	morphology	The suffix نِي on جَعَلَنِي is the first-person object of جَعَلَ.	resources/attachments.tsv:29019
sx-19_31-00243	ae:v3:s019:031:pass1:attach:a2	19:31	w-s019-a031-w001	w-s019-a031-w002		m-w-s019-a031-w001-02	m-w-s019-a031-w002-01		19:31:1:2	19:31:2:1		q:19:31:2	q:19:31:3		2	3		direct_object	syntactically_forced	high			PV	NOUN_PASSIVE_PART	explicit		position_morpheme_aligned	case_government;local_syntax	مُبَارَكًا is the accusative complement object of جَعَلَنِي.	resources/attachments.tsv:29020
sx-19_31-00244	ae:v3:s019:031:pass1:attach:a3	19:31	w-s019-a031-w005	w-s019-a031-w003		m-w-s019-a031-w005-01	m-w-s019-a031-w003-01		19:31:5:1	19:31:3:1		q:19:31:6	q:19:31:4		6	4		adverbial	strongly_licensed	high			PV	INTERROG_PRON			position_morpheme_aligned	local_syntax	أَيْنَ supplies the place adverb for كُنتُ.	resources/attachments.tsv:29021
sx-19_31-00245	ae:v3:s019:031:pass1:attach:a4	19:31	w-s019-a031-w006	w-s019-a031-w006		m-w-s019-a031-w006-02	m-w-s019-a031-w006-03		19:31:6:2	19:31:6:3		q:19:31:8	q:19:31:8		8	8		direct_object	syntactically_forced	high		object_suffix	PV		clitic		position_morpheme_aligned	morphology	The suffix نِي on أَوْصَانِي is the first-person object of أَوْصَى.	resources/attachments.tsv:29022
sx-19_31-00246	ae:v3:s019:031:pass1:attach:a5	19:31	w-s019-a031-w006	w-s019-a031-w007	w-s019-a031-w007	m-w-s019-a031-w006-02	m-w-s019-a031-w007-03	m-w-s019-a031-w007-01	19:31:6:2	19:31:7:3	19:31:7:1	q:19:31:8	q:19:31:10	q:19:31:9	8	10	9	prep_complement	syntactically_forced	high			PV	GERUND		بـ	position_morpheme_aligned	case_government;local_syntax	الصَّلَاةِ is governed by بِ as the matter enjoined by أَوْصَانِي.	resources/attachments.tsv:29023
sx-19_31-00247	ae:v3:s019:031:pass1:attach:a6	19:31	w-s019-a031-w007	w-s019-a031-w008		m-w-s019-a031-w007-03	m-w-s019-a031-w008-03		19:31:7:3	19:31:8:3		q:19:31:10	q:19:31:12		10	12		conjoined	strongly_licensed	high			GERUND	NOUN_ABSTRACT			position_morpheme_aligned	parallelism;local_syntax	الزَّكَاةِ is coordinated with الصَّلَاةِ after وَ.	resources/attachments.tsv:29024
sx-19_31-00248	ae:v3:s019:031:pass1:attach:a7	19:31	w-s019-a031-w006	w-s019-a031-w008	w-s019-a031-w007	m-w-s019-a031-w006-02	m-w-s019-a031-w008-03	m-w-s019-a031-w007-01	19:31:6:2	19:31:8:3	19:31:7:1	q:19:31:8	q:19:31:12	q:19:31:9	8	12	9	prep_complement	strongly_licensed	high			PV	NOUN_ABSTRACT		بـ	position_morpheme_aligned	case_government;parallelism	الزَّكَاةِ shares the بِ-governed complement of أَوْصَانِي through coordination with الصَّلَاةِ.	resources/attachments.tsv:29025
sx-19_31-00249	ae:v3:s019:031:pass1:attach:a8	19:31	w-s019-a031-w010	w-s019-a031-w011		m-w-s019-a031-w010-01	m-w-s019-a031-w011-01		19:31:10:1	19:31:11:1		q:19:31:14	q:19:31:15		14	15		kana_predicate	syntactically_forced	high			PV	ADJ_QUALIT			position_morpheme_aligned	case_government;local_syntax	حَيًّا is the accusative predicate of دُمْتُ.	resources/attachments.tsv:29026
sx-19_32-00250	ae:v3:s019:032:pass1:attach:a1	19:32	w-s019-a032-w001	w-s019-a032-w002	w-s019-a032-w001	m-w-s019-a032-w001-02	m-w-s019-a032-w002-02	m-w-s019-a032-w001-02	19:32:1:2	19:32:2:2	19:32:1:2	q:19:32:2	q:19:32:4	q:19:32:3	2	4	3	prep_complement	syntactically_forced	high			GERUND	NOUN_ACTIVE_PART		بـ	fallback_morpheme_aligned	case_government;local_syntax	وَالِدَتِى is governed by بِ as the complement of بَرًّا.	resources/attachments.tsv:29027
sx-19_32-00251	ae:v3:s019:032:pass1:attach:a2	19:32	w-s019-a032-w004	w-s019-a032-w004		m-w-s019-a032-w004-01	m-w-s019-a032-w004-02		19:32:4:1	19:32:4:2		q:19:32:7	q:19:32:7		7	7		direct_object	syntactically_forced	high		object_suffix	IV		clitic		position_morpheme_aligned	morphology	The suffix نِي on يَجْعَلْنِي is the first-person object of يَجْعَلْ.	resources/attachments.tsv:29028
sx-19_32-00252	ae:v3:s019:032:pass1:attach:a3	19:32	w-s019-a032-w004	w-s019-a032-w005		m-w-s019-a032-w004-01	m-w-s019-a032-w005-01		19:32:4:1	19:32:5:1		q:19:32:7	q:19:32:8		7	8		direct_object	syntactically_forced	high			IV	ADJ_INTENS	explicit		position_morpheme_aligned	case_government;local_syntax	جَبَّارًا is the accusative complement object of يَجْعَلْنِي.	resources/attachments.tsv:29029
sx-19_32-00253	ae:v3:s019:032:pass1:attach:a4	19:32	w-s019-a032-w005	w-s019-a032-w006		m-w-s019-a032-w005-01	m-w-s019-a032-w006-01		19:32:5:1	19:32:6:1		q:19:32:8	q:19:32:9		8	9		adjective	strongly_licensed	high			ADJ_INTENS	ADJ_QUALIT			position_morpheme_aligned	agreement;local_syntax	شَقِيًّا agrees with جَبَّارًا as its accusative indefinite adjective.	resources/attachments.tsv:29030
sx-19_33-00254	ae:v3:s019:033:pass1:attach:a1	19:33	w-s019-a033-w001	w-s019-a033-w002		m-w-s019-a033-w001-03	m-w-s019-a033-w002-01		19:33:1:3	19:33:2:1		q:19:33:2	q:19:33:3		2	3		predication	strongly_licensed	high			GERUND	NOUN_PROP			position_morpheme_aligned	local_syntax	عَلَيَّ supplies the predicate phrase for السَّلَامُ.	resources/attachments.tsv:29031
sx-19_33-00255	ae:v3:s019:033:pass1:attach:a2	19:33	w-s019-a033-w001	w-s019-a033-w002	w-s019-a033-w002	m-w-s019-a033-w001-03	m-w-s019-a033-w002-02	m-w-s019-a033-w002-01	19:33:1:3	19:33:2:2	19:33:2:1	q:19:33:2	q:19:33:3	q:19:33:3	2	3	3	prep_complement	syntactically_forced	high		pronoun_suffix	GERUND			عَلَى	position_morpheme_aligned	case_government;local_syntax	The pronoun suffix in عَلَيَّ is governed by عَلَى in the predicate of السَّلَامُ.	resources/attachments.tsv:29032
sx-19_33-00256	ae:v3:s019:033:pass1:attach:a3	19:33	w-s019-a033-w001	w-s019-a033-w003		m-w-s019-a033-w001-03	m-w-s019-a033-w003-01		19:33:1:3	19:33:3:1		q:19:33:2	q:19:33:4		2	4		adverbial	strongly_licensed	high			GERUND	ADV			position_morpheme_aligned	case_government;local_syntax	يَوْمَ sets the time for السَّلَامُ عَلَيَّ.	resources/attachments.tsv:29033
sx-19_33-00257	ae:v3:s019:033:pass1:attach:a4	19:33	w-s019-a033-w003	w-s019-a033-w003		m-w-s019-a033-w003-01	m-w-s019-a033-w003-01		19:33:3:1	19:33:3:1		q:19:33:4	q:19:33:7		4	7		conjoined	strongly_licensed	high			ADV	NOUN_ABSTRACT			fallback_morpheme_aligned	parallelism;local_syntax	The second يَوْمَ is coordinated with the first يَوْمَ.	resources/attachments.tsv:29034
sx-19_33-00258	ae:v3:s019:033:pass1:attach:a5	19:33	w-s019-a033-w003	w-s019-a033-w003		m-w-s019-a033-w003-01	m-w-s019-a033-w003-01		19:33:3:1	19:33:3:1		q:19:33:4	q:19:33:10		4	10		conjoined	strongly_licensed	high			ADV	NOUN_ABSTRACT			fallback_morpheme_aligned	parallelism;local_syntax	The third يَوْمَ is coordinated with the first يَوْمَ.	resources/attachments.tsv:29035
sx-19_33-00259	ae:v3:s019:033:pass1:attach:a6	19:33	w-s019-a033-w008	w-s019-a033-w009		m-w-s019-a033-w008-01	m-w-s019-a033-w009-01		19:33:8:1	19:33:9:1		q:19:33:11	q:19:33:12		11	12		circumstantial	strongly_licensed	high			IV	ADJ_QUALIT			position_morpheme_aligned	case_government;local_syntax	حَيًّا is the circumstantial accusative with أُبْعَثُ.	resources/attachments.tsv:29036
sx-19_34-00260	ae:v3:s019:034:pass1:attach:a1	19:34	w-s019-a034-w001	w-s019-a034-w002		m-w-s019-a034-w001-01	m-w-s019-a034-w002-01		19:34:1:1	19:34:2:1		q:19:34:1	q:19:34:2		1	2		predication	strongly_licensed	high			DEM_PRON	NOUN_PROP_FOREIGN			position_morpheme_aligned	local_syntax	عِيسَى is the predicate identifying ذَٰلِكَ.	resources/attachments.tsv:29037
sx-19_34-00261	ae:v3:s019:034:pass1:attach:a2	19:34	w-s019-a034-w002	w-s019-a034-w003		m-w-s019-a034-w002-01	m-w-s019-a034-w003-01		19:34:2:1	19:34:3:1		q:19:34:2	q:19:34:3		2	3		apposition	strongly_licensed	high			NOUN_PROP_FOREIGN	NOUN_CONCRETE			position_morpheme_aligned	local_syntax	ابْنُ stands in apposition to عِيسَى.	resources/attachments.tsv:29038
sx-19_34-00262	ae:v3:s019:034:pass1:attach:a3	19:34	w-s019-a034-w003	w-s019-a034-w004		m-w-s019-a034-w003-01	m-w-s019-a034-w004-01		19:34:3:1	19:34:4:1		q:19:34:3	q:19:34:4		3	4		idafa	syntactically_forced	high			NOUN_CONCRETE	NOUN_PROP_FOREIGN			position_morpheme_aligned	morphology;case_government	مَرْيَمَ is the genitive complement of construct ابْنُ.	resources/attachments.tsv:29039
sx-19_34-00263	ae:v3:s019:034:pass1:attach:a4	19:34	w-s019-a034-w002	w-s019-a034-w005		m-w-s019-a034-w002-01	m-w-s019-a034-w005-01		19:34:2:1	19:34:5:1		q:19:34:2	q:19:34:5		2	5		apposition	strongly_licensed	medium			NOUN_PROP_FOREIGN	GERUND			position_morpheme_aligned	local_syntax	قَوْلَ الْحَقِّ gives an appositional characterization of عِيسَى in the surface statement.	resources/attachments.tsv:29040
sx-19_34-00264	ae:v3:s019:034:pass1:attach:a5	19:34	w-s019-a034-w005	w-s019-a034-w006		m-w-s019-a034-w005-01	m-w-s019-a034-w006-02		19:34:5:1	19:34:6:2		q:19:34:5	q:19:34:6		5	6		idafa	syntactically_forced	high			GERUND	GERUND			position_morpheme_aligned	morphology;case_government	الْحَقِّ is the genitive complement of construct قَوْلَ.	resources/attachments.tsv:29041
sx-19_34-00265	ae:v3:s019:034:pass1:attach:a6	19:34	w-s019-a034-w005	w-s019-a034-w007		m-w-s019-a034-w005-01	m-w-s019-a034-w007-01		19:34:5:1	19:34:7:1		q:19:34:5	q:19:34:7		5	7		adjective	strongly_licensed	high			GERUND	REL_PRON			position_morpheme_aligned	local_syntax	الَّذِي فِيهِ يَمْتَرُونَ qualifies قَوْلَ الْحَقِّ.	resources/attachments.tsv:29042
sx-19_34-00266	ae:v3:s019:034:pass1:attach:a7	19:34	w-s019-a034-w009	w-s019-a034-w008	w-s019-a034-w008	m-w-s019-a034-w009-01	m-w-s019-a034-w008-02	m-w-s019-a034-w008-01	19:34:9:1	19:34:8:2	19:34:8:1	q:19:34:9	q:19:34:8	q:19:34:8	9	8	8	prep_complement	syntactically_forced	high		pronoun_suffix	IV			فِي	position_morpheme_aligned	case_government;local_syntax	The suffix هِ in فِيهِ is governed by فِي as the complement of يَمْتَرُونَ.	resources/attachments.tsv:29043
sx-19_35-00267	ae:v3:s019:035:pass1:attach:a1	19:35	w-s019-a035-w002	w-s019-a035-w003	w-s019-a035-w003	m-w-s019-a035-w002-01	m-w-s019-a035-w003-02	m-w-s019-a035-w003-01	19:35:2:1	19:35:3:2	19:35:3:1	q:19:35:2	q:19:35:4	q:19:35:3	2	4	3	prep_complement	syntactically_forced	high			PV	NOUN_PROP		لـ	position_morpheme_aligned	case_government;local_syntax	اللَّهِ is governed by لِ in the predicate phrase of كَانَ.	resources/attachments.tsv:29044
sx-19_35-00268	ae:v3:s019:035:pass1:attach:a2	19:35	w-s019-a035-w002	w-s019-a035-w004		m-w-s019-a035-w002-01	m-w-s019-a035-w004-01		19:35:2:1	19:35:4:1		q:19:35:2	q:19:35:5		2	5		clausal_complement	syntactically_forced	high			PV	SUBJUNC_PART			position_morpheme_aligned	local_syntax	أَنْ يَتَّخِذَ مِنْ وَلَدٍ is the governed content complement of كَانَ.	resources/attachments.tsv:29045
sx-19_35-00269	ae:v3:s019:035:pass1:attach:a3	19:35	w-s019-a035-w005	w-s019-a035-w007	w-s019-a035-w006	m-w-s019-a035-w005-01	m-w-s019-a035-w007-01	m-w-s019-a035-w006-01	19:35:5:1	19:35:7:1	19:35:6:1	q:19:35:6	q:19:35:8	q:19:35:7	6	8	7	prep_complement	syntactically_forced	high			IV	NOUN_CONCRETE		مِن	position_morpheme_aligned	case_government;local_syntax	وَلَدٍ is governed by مِنْ under the negated يَتَّخِذَ construction.	resources/attachments.tsv:29046
sx-19_35-00270	ae:v3:s019:035:pass1:attach:a4	19:35	w-s019-a035-w005	w-s019-a035-w007		m-w-s019-a035-w005-01	m-w-s019-a035-w007-01		19:35:5:1	19:35:7:1		q:19:35:6	q:19:35:8		6	8		direct_object	strongly_licensed	high			IV	NOUN_CONCRETE	explicit		position_morpheme_aligned	case_government;local_syntax	وَلَدٍ fills the object role of يَتَّخِذَ while being surface-governed by مِنْ in negation.	resources/attachments.tsv:29047
sx-19_35-00271	ae:v3:s019:035:pass1:attach:a5	19:35	w-s019-a035-w008	w-s019-a035-w008		m-w-s019-a035-w008-01	m-w-s019-a035-w008-01		19:35:8:1	19:35:8:1		q:19:35:9	q:19:35:9		9	9		idafa	syntactically_forced	high		possessive_suffix	GERUND				position_morpheme_aligned	morphology;local_syntax	The suffix هُ in سُبْحَانَهُ is the possessive complement of سُبْحَانَ.	resources/attachments.tsv:29048
sx-19_35-00272	ae:v3:s019:035:pass1:attach:a6	19:35	w-s019-a035-w010	w-s019-a035-w011		m-w-s019-a035-w010-01	m-w-s019-a035-w011-01		19:35:10:1	19:35:11:1		q:19:35:11	q:19:35:12		11	12		direct_object	syntactically_forced	high			PV	GERUND	explicit		position_morpheme_aligned	case_government;local_syntax	أَمْرًا is the accusative object of قَضَى.	resources/attachments.tsv:29049
sx-19_35-00273	ae:v3:s019:035:pass1:attach:a7	19:35	w-s019-a035-w013	w-s019-a035-w014	w-s019-a035-w014	m-w-s019-a035-w013-01	m-w-s019-a035-w014-02	m-w-s019-a035-w014-01	19:35:13:1	19:35:14:2	19:35:14:1	q:19:35:15	q:19:35:16	q:19:35:16	15	16	16	prep_complement	syntactically_forced	high		pronoun_suffix	IV			لـ	position_morpheme_aligned	case_government;local_syntax	The suffix هُ in لَهُ is governed by لِ as the addressee complement of يَقُولُ.	resources/attachments.tsv:29050
sx-19_35-00274	ae:v3:s019:035:pass1:attach:a8	19:35	w-s019-a035-w013	w-s019-a035-w015		m-w-s019-a035-w013-01	m-w-s019-a035-w015-01		19:35:13:1	19:35:15:1		q:19:35:15	q:19:35:17		15	17		quoted_complement	syntactically_forced	high			IV	CV			fallback_morpheme_aligned	local_syntax	كُنْ فَيَكُونُ is the full utterance of يَقُولُ, while لَهُ remains outside the quote.	resources/attachments.tsv:29051
sx-19_36-00275	ae:v3:s019:036:pass1:attach:a1	19:36	w-s019-a036-w001	w-s019-a036-w002		m-w-s019-a036-w001-02	m-w-s019-a036-w002-01		19:36:1:2	19:36:2:1		q:19:36:2	q:19:36:3		2	3		particle_complement	syntactically_forced	high			CONDITION_PART	NOUN_PROP			position_morpheme_aligned	case_government;local_syntax	اللَّهَ is the accusative complement of إِنَّ.	resources/attachments.tsv:29052
sx-19_36-00276	ae:v3:s019:036:pass1:attach:a2	19:36	w-s019-a036-w001	w-s019-a036-w003		m-w-s019-a036-w001-02	m-w-s019-a036-w003-01		19:36:1:2	19:36:3:1		q:19:36:2	q:19:36:4		2	4		predication	strongly_licensed	high			CONDITION_PART	NOUN_CONCRETE			position_morpheme_aligned	local_syntax	رَبِّي is the predicate of the إِنَّ clause.	resources/attachments.tsv:29053
sx-19_36-00277	ae:v3:s019:036:pass1:attach:a3	19:36	w-s019-a036-w003	w-s019-a036-w003		m-w-s019-a036-w003-01	m-w-s019-a036-w003-01		19:36:3:1	19:36:3:1		q:19:36:4	q:19:36:4		4	4		idafa	syntactically_forced	high		possessive_suffix	NOUN_CONCRETE				position_morpheme_aligned	morphology;local_syntax	The suffix ي in رَبِّي is the possessive complement of رَبّ.	resources/attachments.tsv:29054
sx-19_36-00278	ae:v3:s019:036:pass1:attach:a4	19:36	w-s019-a036-w003	w-s019-a036-w003		m-w-s019-a036-w003-01	m-w-s019-a036-w003-01		19:36:3:1	19:36:3:1		q:19:36:4	q:19:36:6		4	6		conjoined	strongly_licensed	high			NOUN_CONCRETE	NOUN_CONCRETE			fallback_morpheme_aligned	parallelism;local_syntax	رَبُّكُمْ is coordinated with رَبِّي.	resources/attachments.tsv:29055
sx-19_36-00279	ae:v3:s019:036:pass1:attach:a5	19:36	w-s019-a036-w003	w-s019-a036-w003		m-w-s019-a036-w003-01	m-w-s019-a036-w003-01		19:36:3:1	19:36:3:1		q:19:36:6	q:19:36:6		6	6		idafa	syntactically_forced	high		possessive_suffix	NOUN_CONCRETE				fallback_morpheme_aligned	morphology;local_syntax	The suffix كُمْ in رَبُّكُمْ is the possessive complement of رَبّ.	resources/attachments.tsv:29056
sx-19_36-00280	ae:v3:s019:036:pass1:attach:a6	19:36	w-s019-a036-w005	w-s019-a036-w005		m-w-s019-a036-w005-02	m-w-s019-a036-w005-02		19:36:5:2	19:36:5:2		q:19:36:8	q:19:36:8		8	8		direct_object	syntactically_forced	high		object_suffix	CV		clitic		position_morpheme_aligned	morphology	The suffix هُ on اعْبُدُوهُ is the object of اعْبُدُوا.	resources/attachments.tsv:29057
sx-19_36-00281	ae:v3:s019:036:pass1:attach:a7	19:36	w-s019-a036-w006	w-s019-a036-w007		m-w-s019-a036-w006-01	m-w-s019-a036-w007-01		19:36:6:1	19:36:7:1		q:19:36:9	q:19:36:10		9	10		predication	strongly_licensed	high			DEM_PRON_MS	NOUN_ABSTRACT			position_morpheme_aligned	local_syntax	صِرَاطٌ is the predicate of هَذَا.	resources/attachments.tsv:29058
sx-19_36-00282	ae:v3:s019:036:pass1:attach:a8	19:36	w-s019-a036-w007	w-s019-a036-w008		m-w-s019-a036-w007-01	m-w-s019-a036-w008-01		19:36:7:1	19:36:8:1		q:19:36:10	q:19:36:11		10	11		adjective	strongly_licensed	high			NOUN_ABSTRACT	NOUN_ACTIVE_PART			position_morpheme_aligned	agreement;local_syntax	مُسْتَقِيمٌ agrees with صِرَاطٌ as its indefinite nominative adjective.	resources/attachments.tsv:29059
sx-19_37-00283	ae:v3:s019:037:pass1:attach:a1	19:37	w-s019-a037-w001	w-s019-a037-w002		m-w-s019-a037-w001-02	m-w-s019-a037-w002-02		19:37:1:2	19:37:2:2		q:19:37:2	q:19:37:3		2	3		subject	syntactically_forced	high			PV	NOUN_CONCRETE			position_morpheme_aligned	agreement;word_order	الْأَحْزَابُ is the explicit subject of اخْتَلَفَ.	resources/attachments.tsv:29060
sx-19_37-00284	ae:v3:s019:037:pass1:attach:a2	19:37	w-s019-a037-w001	w-s019-a037-w004	w-s019-a037-w003	m-w-s019-a037-w001-02	m-w-s019-a037-w004-01	m-w-s019-a037-w003-01	19:37:1:2	19:37:4:1	19:37:3:1	q:19:37:2	q:19:37:5	q:19:37:4	2	5	4	prep_complement	syntactically_forced	high			PV	NOUN_ABSTRACT		مِن	position_morpheme_aligned	case_government;local_syntax	بَيْنِهِمْ is governed by مِنْ as the complement of اخْتَلَفَ.	resources/attachments.tsv:29061
sx-19_37-00285	ae:v3:s019:037:pass1:attach:a3	19:37	w-s019-a037-w005	w-s019-a037-w006		m-w-s019-a037-w005-02	m-w-s019-a037-w006-02		19:37:5:2	19:37:6:2		q:19:37:7	q:19:37:9		7	9		predication	strongly_licensed	high			NOUN_ABSTRACT	REL_PRON			position_morpheme_aligned	local_syntax	لِلَّذِينَ supplies the predicate phrase for وَيْلٌ.	resources/attachments.tsv:29062
sx-19_37-00286	ae:v3:s019:037:pass1:attach:a4	19:37	w-s019-a037-w005	w-s019-a037-w006	w-s019-a037-w006	m-w-s019-a037-w005-02	m-w-s019-a037-w006-02	m-w-s019-a037-w006-01	19:37:5:2	19:37:6:2	19:37:6:1	q:19:37:7	q:19:37:9	q:19:37:8	7	9	8	prep_complement	syntactically_forced	high			NOUN_ABSTRACT	REL_PRON		لـ	position_morpheme_aligned	case_government;local_syntax	الَّذِينَ is governed by لِ in the predicate phrase of وَيْلٌ.	resources/attachments.tsv:29063
sx-19_37-00287	ae:v3:s019:037:pass1:attach:a5	19:37	w-s019-a037-w005	w-s019-a037-w009	w-s019-a037-w008	m-w-s019-a037-w005-02	m-w-s019-a037-w009-01	m-w-s019-a037-w008-01	19:37:5:2	19:37:9:1	19:37:8:1	q:19:37:7	q:19:37:12	q:19:37:11	7	12	11	prep_complement	syntactically_forced	high			NOUN_ABSTRACT	NOUN_ABSTRACT		مِن	position_morpheme_aligned	case_government;local_syntax	مَشْهَدِ is governed by مِنْ as the source or cause attached to وَيْلٌ.	resources/attachments.tsv:29064
sx-19_37-00288	ae:v3:s019:037:pass1:attach:a6	19:37	w-s019-a037-w009	w-s019-a037-w010		m-w-s019-a037-w009-01	m-w-s019-a037-w010-01		19:37:9:1	19:37:10:1		q:19:37:12	q:19:37:13		12	13		idafa	syntactically_forced	high			NOUN_ABSTRACT	NOUN_ABSTRACT			position_morpheme_aligned	morphology;case_government	يَوْمٍ is the genitive complement of construct مَشْهَدِ.	resources/attachments.tsv:29065
sx-19_37-00289	ae:v3:s019:037:pass1:attach:a7	19:37	w-s019-a037-w010	w-s019-a037-w011		m-w-s019-a037-w010-01	m-w-s019-a037-w011-01		19:37:10:1	19:37:11:1		q:19:37:13	q:19:37:14		13	14		adjective	strongly_licensed	high			NOUN_ABSTRACT	ADJ_QUALIT			position_morpheme_aligned	agreement;local_syntax	عَظِيمٍ agrees with يَوْمٍ as its indefinite genitive adjective.	resources/attachments.tsv:29066
sx-19_38-00290	ae:v3:s019:038:pass1:attach:a1	19:38	w-s019-a038-w001	w-s019-a038-w002	w-s019-a038-w002	m-w-s019-a038-w001-01	m-w-s019-a038-w002-02	m-w-s019-a038-w002-01	19:38:1:1	19:38:2:2	19:38:2:1	q:19:38:1	q:19:38:3	q:19:38:2	1	3	2	prep_complement	syntactically_forced	high			CV	PRON		بـ	position_morpheme_aligned	case_government;formulaic_construction	هِمْ is governed by بِ in the exclamative أَسْمِعْ بِهِمْ.	resources/attachments.tsv:29067
sx-19_38-00291	ae:v3:s019:038:pass1:attach:a2	19:38	w-s019-a038-w001	w-s019-a038-w003		m-w-s019-a038-w001-01	m-w-s019-a038-w003-02		19:38:1:1	19:38:3:2		q:19:38:1	q:19:38:5		1	5		conjoined	strongly_licensed	high			CV	CV			position_morpheme_aligned	parallelism;local_syntax	أَبْصِرْ is coordinated with أَسْمِعْ.	resources/attachments.tsv:29068
sx-19_38-00292	ae:v3:s019:038:pass1:attach:a3	19:38	w-s019-a038-w003	w-s019-a038-w004		m-w-s019-a038-w003-02	m-w-s019-a038-w004-01		19:38:3:2	19:38:4:1		q:19:38:5	q:19:38:6		5	6		adverbial	strongly_licensed	high			CV	ADV			position_morpheme_aligned	case_government;local_syntax	يَوْمَ is the accusative time adverb with أَبْصِرْ.	resources/attachments.tsv:29069
sx-19_38-00293	ae:v3:s019:038:pass1:attach:a4	19:38	w-s019-a038-w005	w-s019-a038-w005		m-w-s019-a038-w005-01	m-w-s019-a038-w005-01		19:38:5:1	19:38:5:1		q:19:38:7	q:19:38:7		7	7		direct_object	syntactically_forced	high		object_suffix	IV		clitic		position_morpheme_aligned	morphology	The suffix نَا on يَأْتُونَنَا is the object of يَأْتُونَ.	resources/attachments.tsv:29070
sx-19_38-00294	ae:v3:s019:038:pass1:attach:a5	19:38	w-s019-a038-w007	w-s019-a038-w008		m-w-s019-a038-w007-02	m-w-s019-a038-w008-02		19:38:7:2	19:38:8:2		q:19:38:9	q:19:38:10		9	10		adverbial	strongly_licensed	high			NOUN_ACTIVE_PART	ADV			position_morpheme_aligned	case_government;local_syntax	الْيَوْمَ is the temporal adverb in the الظَّالِمُونَ predication.	resources/attachments.tsv:29071
sx-19_38-00295	ae:v3:s019:038:pass1:attach:a6	19:38	w-s019-a038-w007	w-s019-a038-w010		m-w-s019-a038-w007-02	m-w-s019-a038-w010-01		19:38:7:2	19:38:10:1		q:19:38:9	q:19:38:12		9	12		predication	strongly_licensed	high			NOUN_ACTIVE_PART	GERUND			position_morpheme_aligned	local_syntax	فِي ضَلَالٍ is the predicate phrase of الظَّالِمُونَ.	resources/attachments.tsv:29072
sx-19_38-00296	ae:v3:s019:038:pass1:attach:a7	19:38	w-s019-a038-w007	w-s019-a038-w010	w-s019-a038-w009	m-w-s019-a038-w007-02	m-w-s019-a038-w010-01	m-w-s019-a038-w009-01	19:38:7:2	19:38:10:1	19:38:9:1	q:19:38:9	q:19:38:12	q:19:38:11	9	12	11	prep_complement	syntactically_forced	high			NOUN_ACTIVE_PART	GERUND		فِي	position_morpheme_aligned	case_government;local_syntax	ضَلَالٍ is governed by فِي in the predicate of الظَّالِمُونَ.	resources/attachments.tsv:29073
sx-19_38-00297	ae:v3:s019:038:pass1:attach:a8	19:38	w-s019-a038-w010	w-s019-a038-w011		m-w-s019-a038-w010-01	m-w-s019-a038-w011-01		19:38:10:1	19:38:11:1		q:19:38:12	q:19:38:13		12	13		adjective	strongly_licensed	high			GERUND	NOUN_ACTIVE_PART			position_morpheme_aligned	agreement;local_syntax	مُبِينٍ agrees with ضَلَالٍ as its indefinite genitive adjective.	resources/attachments.tsv:29074
sx-19_39-00298	ae:v3:s019:039:pass1:attach:a1	19:39	w-s019-a039-w001	w-s019-a039-w001		m-w-s019-a039-w001-02	m-w-s019-a039-w001-03		19:39:1:2	19:39:1:3		q:19:39:2	q:19:39:2		2	2		direct_object	syntactically_forced	high		object_suffix	CV		clitic		position_morpheme_aligned	morphology	The suffix هُمْ on أَنذِرْهُمْ is the object of أَنذِرْ.	resources/attachments.tsv:29075
sx-19_39-00299	ae:v3:s019:039:pass1:attach:a2	19:39	w-s019-a039-w001	w-s019-a039-w002		m-w-s019-a039-w001-02	m-w-s019-a039-w002-01		19:39:1:2	19:39:2:1		q:19:39:2	q:19:39:3		2	3		adverbial	strongly_licensed	high			CV	ADV			position_morpheme_aligned	case_government;local_syntax	يَوْمَ is the accusative time adverb of أَنذِرْهُمْ.	resources/attachments.tsv:29076
sx-19_39-00300	ae:v3:s019:039:pass1:attach:a3	19:39	w-s019-a039-w002	w-s019-a039-w003		m-w-s019-a039-w002-01	m-w-s019-a039-w003-02		19:39:2:1	19:39:3:2		q:19:39:3	q:19:39:4		3	4		idafa	syntactically_forced	high			ADV	NOUN_PROP			position_morpheme_aligned	morphology;case_government	الْحَسْرَةِ is the genitive complement of construct يَوْمَ.	resources/attachments.tsv:29077
sx-19_39-00301	ae:v3:s019:039:pass1:attach:a4	19:39	w-s019-a039-w002	w-s019-a039-w004		m-w-s019-a039-w002-01	m-w-s019-a039-w004-01		19:39:2:1	19:39:4:1		q:19:39:3	q:19:39:5		3	5		adverbial	strongly_licensed	high			ADV	ADV			position_morpheme_aligned	local_syntax	إِذْ قُضِيَ الْأَمْرُ specifies the time contained in يَوْمَ الْحَسْرَةِ.	resources/attachments.tsv:29078
sx-19_39-00302	ae:v3:s019:039:pass1:attach:a5	19:39	w-s019-a039-w005	w-s019-a039-w006		m-w-s019-a039-w005-01	m-w-s019-a039-w006-02		19:39:5:1	19:39:6:2		q:19:39:6	q:19:39:7		6	7		subject	syntactically_forced	high			PV_PASS	NOUN_ABSTRACT			position_morpheme_aligned	agreement;word_order	الْأَمْرُ is the explicit passive subject of قُضِيَ.	resources/attachments.tsv:29079
sx-19_39-00303	ae:v3:s019:039:pass1:attach:a6	19:39	w-s019-a039-w001	w-s019-a039-w007		m-w-s019-a039-w001-02	m-w-s019-a039-w007-02		19:39:1:2	19:39:7:2		q:19:39:2	q:19:39:9		2	9		circumstantial	strongly_licensed	high			CV	PRON			position_morpheme_aligned	local_syntax	وَهُمْ فِي غَفْلَةٍ is a circumstantial clause attached to أَنذِرْهُمْ.	resources/attachments.tsv:29080
sx-19_39-00304	ae:v3:s019:039:pass1:attach:a7	19:39	w-s019-a039-w007	w-s019-a039-w009		m-w-s019-a039-w007-02	m-w-s019-a039-w009-01		19:39:7:2	19:39:9:1		q:19:39:9	q:19:39:11		9	11		predication	strongly_licensed	high			PRON	GERUND			position_morpheme_aligned	local_syntax	فِي غَفْلَةٍ is the predicate phrase of هُمْ.	resources/attachments.tsv:29081
sx-19_39-00305	ae:v3:s019:039:pass1:attach:a8	19:39	w-s019-a039-w007	w-s019-a039-w009	w-s019-a039-w008	m-w-s019-a039-w007-02	m-w-s019-a039-w009-01	m-w-s019-a039-w008-01	19:39:7:2	19:39:9:1	19:39:8:1	q:19:39:9	q:19:39:11	q:19:39:10	9	11	10	prep_complement	syntactically_forced	high			PRON	GERUND		فِي	position_morpheme_aligned	case_government;local_syntax	غَفْلَةٍ is governed by فِي in the predicate phrase.	resources/attachments.tsv:29082
sx-19_39-00306	ae:v3:s019:039:pass1:attach:a9	19:39	w-s019-a039-w001	w-s019-a039-w010		m-w-s019-a039-w001-02	m-w-s019-a039-w010-02		19:39:1:2	19:39:10:2		q:19:39:2	q:19:39:13		2	13		circumstantial	strongly_licensed	high			CV	PRON			position_morpheme_aligned	local_syntax	وَهُمْ لَا يُؤْمِنُونَ is a second circumstantial clause attached to أَنذِرْهُمْ.	resources/attachments.tsv:29083
sx-19_39-00307	ae:v3:s019:039:pass1:attach:a10	19:39	w-s019-a039-w012	w-s019-a039-w010		m-w-s019-a039-w012-01	m-w-s019-a039-w010-02		19:39:12:1	19:39:10:2		q:19:39:15	q:19:39:13		15	13		subject	strongly_licensed	high			IV	PRON			position_morpheme_aligned	local_syntax;word_order	هُمْ is the explicit pronoun subject before لَا يُؤْمِنُونَ.	resources/attachments.tsv:29084
sx-19_40-00308	ae:v3:s019:040:pass1:attach:a1	19:40	w-s019-a040-w001	w-s019-a040-w001		m-w-s019-a040-w001-01	m-w-s019-a040-w001-02		19:40:1:1	19:40:1:2		q:19:40:1	q:19:40:1		1	1		particle_complement	syntactically_forced	high	particle_segment	pronoun_suffix					position_morpheme_aligned	morphology;local_syntax	The suffix نَا in إِنَّا is the complement of إِنَّ.	resources/attachments.tsv:29085
sx-19_40-00309	ae:v3:s019:040:pass1:attach:a2	19:40	w-s019-a040-w001	w-s019-a040-w003		m-w-s019-a040-w001-01	m-w-s019-a040-w003-01		19:40:1:1	19:40:3:1		q:19:40:1	q:19:40:3		1	3		predication	strongly_licensed	high			INF_ANNUL_PART	IV			position_morpheme_aligned	local_syntax	نَرِثُ الْأَرْضَ وَمَنْ عَلَيْهَا supplies the predicate content of إِنَّا.	resources/attachments.tsv:29086
sx-19_40-00310	ae:v3:s019:040:pass1:attach:a3	19:40	w-s019-a040-w003	w-s019-a040-w002		m-w-s019-a040-w003-01	m-w-s019-a040-w002-01		19:40:3:1	19:40:2:1		q:19:40:3	q:19:40:2		3	2		subject	strongly_licensed	high			IV	PRON			position_morpheme_aligned	local_syntax;word_order	نَحْنُ explicitly reinforces the subject of نَرِثُ.	resources/attachments.tsv:29087
sx-19_40-00311	ae:v3:s019:040:pass1:attach:a4	19:40	w-s019-a040-w003	w-s019-a040-w004		m-w-s019-a040-w003-01	m-w-s019-a040-w004-02		19:40:3:1	19:40:4:2		q:19:40:3	q:19:40:4		3	4		direct_object	syntactically_forced	high			IV	NOUN_CONCRETE	explicit		position_morpheme_aligned	case_government;local_syntax	الْأَرْضَ is the accusative object of نَرِثُ.	resources/attachments.tsv:29088
sx-19_40-00312	ae:v3:s019:040:pass1:attach:a5	19:40	w-s019-a040-w004	w-s019-a040-w005		m-w-s019-a040-w004-02	m-w-s019-a040-w005-02		19:40:4:2	19:40:5:2		q:19:40:4	q:19:40:6		4	6		conjoined	strongly_licensed	high			NOUN_CONCRETE	REL_PRON			position_morpheme_aligned	parallelism;local_syntax	مَنْ is coordinated with الْأَرْضَ as an additional inherited object.	resources/attachments.tsv:29089
sx-19_40-00313	ae:v3:s019:040:pass1:attach:a6	19:40	w-s019-a040-w003	w-s019-a040-w005		m-w-s019-a040-w003-01	m-w-s019-a040-w005-02		19:40:3:1	19:40:5:2		q:19:40:3	q:19:40:6		3	6		direct_object	strongly_licensed	high			IV	REL_PRON	explicit		position_morpheme_aligned	local_syntax;parallelism	مَنْ عَلَيْهَا forms the second object phrase governed by نَرِثُ.	resources/attachments.tsv:29090
sx-19_40-00314	ae:v3:s019:040:pass1:attach:a7	19:40	w-s019-a040-w005	w-s019-a040-w006		m-w-s019-a040-w005-02	m-w-s019-a040-w006-01		19:40:5:2	19:40:6:1		q:19:40:6	q:19:40:7		6	7		predication	strongly_licensed	high			REL_PRON	PREP			position_morpheme_aligned	local_syntax	عَلَيْهَا supplies the predicate phrase of مَنْ.	resources/attachments.tsv:29091
sx-19_40-00315	ae:v3:s019:040:pass1:attach:a8	19:40	w-s019-a040-w005	w-s019-a040-w006	w-s019-a040-w006	m-w-s019-a040-w005-02	m-w-s019-a040-w006-02	m-w-s019-a040-w006-01	19:40:5:2	19:40:6:2	19:40:6:1	q:19:40:6	q:19:40:7	q:19:40:7	6	7	7	prep_complement	syntactically_forced	high		pronoun_suffix	REL_PRON			عَلَى	position_morpheme_aligned	case_government;local_syntax	The suffix هَا in عَلَيْهَا is governed by عَلَى in the predicate phrase of مَنْ.	resources/attachments.tsv:29092
sx-19_40-00316	ae:v3:s019:040:pass1:attach:a9	19:40	w-s019-a040-w008	w-s019-a040-w007	w-s019-a040-w007	m-w-s019-a040-w008-01	m-w-s019-a040-w007-03	m-w-s019-a040-w007-02	19:40:8:1	19:40:7:3	19:40:7:2	q:19:40:10	q:19:40:9	q:19:40:9	10	9	9	prep_complement	syntactically_forced	high		pronoun_suffix	IV			إِلَى	position_morpheme_aligned	case_government;local_syntax	The suffix نَا in إِلَيْنَا is governed by إِلَى as the destination complement of يُرْجَعُونَ.	resources/attachments.tsv:29093
sx-19_41-00317	ae:v3:s019:041:pass1:attach:a1	19:41	w-s019-a041-w001	w-s019-a041-w003	w-s019-a041-w002	m-w-s019-a041-w001-02	m-w-s019-a041-w003-02	m-w-s019-a041-w002-01	19:41:1:2	19:41:3:2	19:41:2:1	q:19:41:2	q:19:41:4	q:19:41:3	2	4	3	prep_complement	syntactically_forced	high			CV	NOUN_CONCRETE		فِي	position_morpheme_aligned	case_government;local_syntax	ٱلْكِتَابِ is governed by فِي as the setting complement of ٱذْكُرْ.	resources/attachments.tsv:29094
sx-19_41-00318	ae:v3:s019:041:pass1:attach:a2	19:41	w-s019-a041-w001	w-s019-a041-w004		m-w-s019-a041-w001-02	m-w-s019-a041-w004-01		19:41:1:2	19:41:4:1		q:19:41:2	q:19:41:5		2	5		direct_object	syntactically_forced	high			CV	NOUN_PROP	explicit		position_morpheme_aligned	case_government;local_syntax	إِبْرَاهِيمَ is the accusative object of ٱذْكُرْ.	resources/attachments.tsv:29095
sx-19_41-00319	ae:v3:s019:041:pass1:attach:a3	19:41	w-s019-a041-w005	w-s019-a041-w005		m-w-s019-a041-w005-01	m-w-s019-a041-w005-02		19:41:5:1	19:41:5:2		q:19:41:6	q:19:41:6		6	6		particle_complement	syntactically_forced	high	particle_segment	pronoun_suffix					position_morpheme_aligned	morphology;local_syntax	The suffix هُ in إِنَّهُ is the governed ism of إِنَّ.	resources/attachments.tsv:29096
sx-19_41-00320	ae:v3:s019:041:pass1:attach:a4	19:41	w-s019-a041-w005	w-s019-a041-w006		m-w-s019-a041-w005-01	m-w-s019-a041-w006-01		19:41:5:1	19:41:6:1		q:19:41:6	q:19:41:7		6	7		predication	strongly_licensed	high			ANNUL_PART	PV			position_morpheme_aligned	local_syntax	كَانَ صِدِّيقًا نَبِيًّا supplies the predicate content governed by إِنَّ.	resources/attachments.tsv:29097
sx-19_41-00321	ae:v3:s019:041:pass1:attach:a5	19:41	w-s019-a041-w006	w-s019-a041-w007		m-w-s019-a041-w006-01	m-w-s019-a041-w007-01		19:41:6:1	19:41:7:1		q:19:41:7	q:19:41:8		7	8		kana_predicate	syntactically_forced	high			PV	ADJ_INTENS			position_morpheme_aligned	case_government;local_syntax	صِدِّيقًا is an accusative predicate of كَانَ.	resources/attachments.tsv:29098
sx-19_41-00322	ae:v3:s019:041:pass1:attach:a6	19:41	w-s019-a041-w006	w-s019-a041-w008		m-w-s019-a041-w006-01	m-w-s019-a041-w008-01		19:41:6:1	19:41:8:1		q:19:41:7	q:19:41:9		7	9		kana_predicate	strongly_licensed	high			PV	NOUN_CONCRETE			position_morpheme_aligned	case_government;local_syntax	نَبِيًّا is a second predicate describing the subject of كَانَ.	resources/attachments.tsv:29099
sx-19_42-00323	ae:v3:s019:042:pass1:attach:a1	19:42	w-s019-a042-w002	w-s019-a042-w003	w-s019-a042-w002	m-w-s019-a042-w002-01	m-w-s019-a042-w003-02	m-w-s019-a042-w002-01	19:42:2:1	19:42:3:2	19:42:2:1	q:19:42:2	q:19:42:4	q:19:42:3	2	4	3	prep_complement	syntactically_forced	high			PV	NOUN_FIVE		لـ	fallback_morpheme_aligned	case_government;local_syntax	أَبِيهِ is governed by لِ as the addressee complement of قَالَ.	resources/attachments.tsv:29100
sx-19_42-00324	ae:v3:s019:042:pass1:attach:a2	19:42	w-s019-a042-w003	w-s019-a042-w003		m-w-s019-a042-w003-02	m-w-s019-a042-w003-02		19:42:3:2	19:42:3:2		q:19:42:4	q:19:42:4		4	4		idafa	syntactically_forced	high		possessive_suffix	NOUN_FIVE				position_morpheme_aligned	morphology	The suffix هِ in أَبِيهِ is the genitive possessor of أَبِ.	resources/attachments.tsv:29101
sx-19_42-00325	ae:v3:s019:042:pass1:attach:a3	19:42	w-s019-a042-w002	w-s019-a042-w004		m-w-s019-a042-w002-01	m-w-s019-a042-w004-02		19:42:2:1	19:42:4:2		q:19:42:2	q:19:42:5		2	5		quoted_complement	syntactically_forced	high			PV	VOC_PART			position_morpheme_aligned	local_syntax	يَا أَبَتِ through شَيْئًا is the direct utterance governed by قَالَ.	resources/attachments.tsv:29102
sx-19_42-00326	ae:v3:s019:042:pass1:attach:a4	19:42	w-s019-a042-w004	w-s019-a042-w004		m-w-s019-a042-w004-02	m-w-s019-a042-w004-02		19:42:4:2	19:42:4:2		q:19:42:5	q:19:42:6		5	6		vocative	syntactically_forced	high			VOC_PART	NOUN_CONCRETE			position_morpheme_aligned	local_syntax	أَبَتِ is called by the vocative particle يَا.	resources/attachments.tsv:29103
sx-19_42-00327	ae:v3:s019:042:pass1:attach:a5	19:42	w-s019-a042-w006	w-s019-a042-w005		m-w-s019-a042-w006-01	m-w-s019-a042-w005-02		19:42:6:1	19:42:5:2		q:19:42:8	q:19:42:7		8	7		adverbial	strongly_licensed	high			IV	JUSSIVE_PART			fallback_morpheme_aligned	local_syntax	لِمَ asks the reason for تَعْبُدُ.	resources/attachments.tsv:29104
sx-19_42-00328	ae:v3:s019:042:pass1:attach:a6	19:42	w-s019-a042-w006	w-s019-a042-w007		m-w-s019-a042-w006-01	m-w-s019-a042-w007-01		19:42:6:1	19:42:7:1		q:19:42:8	q:19:42:9		8	9		direct_object	syntactically_forced	high			IV	REL_PRON	explicit		fallback_morpheme_aligned	local_syntax;word_order	مَا is the object of تَعْبُدُ.	resources/attachments.tsv:29105
sx-19_42-00329	ae:v3:s019:042:pass1:attach:a7	19:42	w-s019-a042-w009	w-s019-a042-w007		m-w-s019-a042-w009-01	m-w-s019-a042-w007-01		19:42:9:1	19:42:7:1		q:19:42:11	q:19:42:9		11	9		subject	strongly_licensed	high			IV	REL_PRON			fallback_morpheme_aligned	local_syntax;word_order	مَا is the relative subject described by لَا يَسْمَعُ.	resources/attachments.tsv:29106
sx-19_42-00330	ae:v3:s019:042:pass1:attach:a8	19:42	w-s019-a042-w009	w-s019-a042-w011		m-w-s019-a042-w009-01	m-w-s019-a042-w011-01		19:42:9:1	19:42:11:1		q:19:42:11	q:19:42:14		11	14		conjoined	strongly_licensed	high			IV	IV			fallback_morpheme_aligned	parallelism;local_syntax	يُبْصِرُ is coordinated with يَسْمَعُ under repeated negation.	resources/attachments.tsv:29107
sx-19_42-00331	ae:v3:s019:042:pass1:attach:a9	19:42	w-s019-a042-w011	w-s019-a042-w007		m-w-s019-a042-w011-01	m-w-s019-a042-w007-01		19:42:11:1	19:42:7:1		q:19:42:14	q:19:42:9		14	9		subject	strongly_licensed	high			IV	REL_PRON			fallback_morpheme_aligned	local_syntax;parallelism	مَا is also the shared subject of the coordinated verb يُبْصِرُ.	resources/attachments.tsv:29108
sx-19_42-00332	ae:v3:s019:042:pass1:attach:a10	19:42	w-s019-a042-w009	w-s019-a042-w013		m-w-s019-a042-w009-01	m-w-s019-a042-w013-01		19:42:9:1	19:42:13:1		q:19:42:11	q:19:42:17		11	17		conjoined	strongly_licensed	high			IV	IV			fallback_morpheme_aligned	parallelism;local_syntax	يُغْنِي is coordinated with يَسْمَعُ and يُبْصِرُ under the relative مَا.	resources/attachments.tsv:29109
sx-19_42-00333	ae:v3:s019:042:pass1:attach:a11	19:42	w-s019-a042-w013	w-s019-a042-w007		m-w-s019-a042-w013-01	m-w-s019-a042-w007-01		19:42:13:1	19:42:7:1		q:19:42:17	q:19:42:9		17	9		subject	strongly_licensed	high			IV	REL_PRON			fallback_morpheme_aligned	local_syntax;parallelism	مَا is the shared subject of يُغْنِي in the coordinated relative clause.	resources/attachments.tsv:29110
sx-19_42-00334	ae:v3:s019:042:pass1:attach:a12	19:42	w-s019-a042-w013	w-s019-a042-w014	w-s019-a042-w014	m-w-s019-a042-w013-01	m-w-s019-a042-w014-02	m-w-s019-a042-w014-01	19:42:13:1	19:42:14:2	19:42:14:1	q:19:42:17	q:19:42:18	q:19:42:18	17	18	18	prep_complement	syntactically_forced	high		pronoun_suffix	IV			عَن	fallback_morpheme_aligned	case_government;local_syntax	The suffix كَ in عَنكَ is governed by عَن as the complement of يُغْنِي.	resources/attachments.tsv:29111
sx-19_42-00335	ae:v3:s019:042:pass1:attach:a13	19:42	w-s019-a042-w013	w-s019-a042-w015		m-w-s019-a042-w013-01	m-w-s019-a042-w015-01		19:42:13:1	19:42:15:1		q:19:42:17	q:19:42:19		17	19		direct_object	syntactically_forced	high			IV	NOUN_ABSTRACT	explicit		fallback_morpheme_aligned	case_government;local_syntax	شَيْئًا is the accusative object of يُغْنِي.	resources/attachments.tsv:29112
sx-19_43-00336	ae:v3:s019:043:pass1:attach:a1	19:43	w-s019-a043-w001	w-s019-a043-w001		m-w-s019-a043-w001-02	m-w-s019-a043-w001-02		19:43:1:2	19:43:1:2		q:19:43:1	q:19:43:2		1	2		vocative	syntactically_forced	high			VOC_PART	NOUN_CONCRETE			position_morpheme_aligned	local_syntax	أَبَتِ is called by the vocative particle يَا.	resources/attachments.tsv:29113
sx-19_43-00337	ae:v3:s019:043:pass1:attach:a2	19:43	w-s019-a043-w002	w-s019-a043-w002		m-w-s019-a043-w002-01	m-w-s019-a043-w002-02		19:43:2:1	19:43:2:2		q:19:43:3	q:19:43:3		3	3		particle_complement	syntactically_forced	high	particle_segment	pronoun_suffix					position_morpheme_aligned	morphology;local_syntax	The suffix ي in إِنِّي is the governed ism of إِنَّ.	resources/attachments.tsv:29114
sx-19_43-00338	ae:v3:s019:043:pass1:attach:a3	19:43	w-s019-a043-w002	w-s019-a043-w004		m-w-s019-a043-w002-01	m-w-s019-a043-w004-01		19:43:2:1	19:43:4:1		q:19:43:3	q:19:43:5		3	5		predication	strongly_licensed	high			ANNUL_PART	PV			position_morpheme_aligned	local_syntax	قَدْ جَاءَنِي مِنَ ٱلْعِلْمِ مَا supplies the predicate content of إِنِّي.	resources/attachments.tsv:29115
sx-19_43-00339	ae:v3:s019:043:pass1:attach:a4	19:43	w-s019-a043-w004	w-s019-a043-w004		m-w-s019-a043-w004-01	m-w-s019-a043-w004-02		19:43:4:1	19:43:4:2		q:19:43:5	q:19:43:5		5	5		direct_object	syntactically_forced	high		object_suffix	PV		clitic		position_morpheme_aligned	morphology;local_syntax	The suffix نِي in جَاءَنِي is the pronominal object of جَاءَ.	resources/attachments.tsv:29116
sx-19_43-00340	ae:v3:s019:043:pass1:attach:a5	19:43	w-s019-a043-w004	w-s019-a043-w006	w-s019-a043-w005	m-w-s019-a043-w004-01	m-w-s019-a043-w006-02	m-w-s019-a043-w005-01	19:43:4:1	19:43:6:2	19:43:5:1	q:19:43:5	q:19:43:7	q:19:43:6	5	7	6	prep_complement	syntactically_forced	high			PV	GERUND		مِن	position_morpheme_aligned	case_government;local_syntax	ٱلْعِلْمِ is governed by مِنَ as a source complement of جَاءَنِي.	resources/attachments.tsv:29117
sx-19_43-00341	ae:v3:s019:043:pass1:attach:a6	19:43	w-s019-a043-w004	w-s019-a043-w007		m-w-s019-a043-w004-01	m-w-s019-a043-w007-01		19:43:4:1	19:43:7:1		q:19:43:5	q:19:43:8		5	8		subject	strongly_licensed	high			PV	REL_PRON			position_morpheme_aligned	word_order;local_syntax	مَا is the subject of جَاءَنِي, the thing that came.	resources/attachments.tsv:29118
sx-19_43-00342	ae:v3:s019:043:pass1:attach:a7	19:43	w-s019-a043-w009	w-s019-a043-w007		m-w-s019-a043-w009-01	m-w-s019-a043-w007-01		19:43:9:1	19:43:7:1		q:19:43:10	q:19:43:8		10	8		subject	strongly_licensed	high			IV	REL_PRON			position_morpheme_aligned	local_syntax;word_order	مَا is the relative subject of لَمْ يَأْتِكَ.	resources/attachments.tsv:29119
sx-19_43-00343	ae:v3:s019:043:pass1:attach:a8	19:43	w-s019-a043-w009	w-s019-a043-w009		m-w-s019-a043-w009-01	m-w-s019-a043-w009-02		19:43:9:1	19:43:9:2		q:19:43:10	q:19:43:10		10	10		direct_object	syntactically_forced	high		object_suffix	IV		clitic		position_morpheme_aligned	morphology;local_syntax	The suffix كَ in يَأْتِكَ is the pronominal object of يَأْتِ.	resources/attachments.tsv:29120
sx-19_43-00344	ae:v3:s019:043:pass1:attach:a9	19:43	w-s019-a043-w010	w-s019-a043-w010		m-w-s019-a043-w010-02	m-w-s019-a043-w010-03		19:43:10:2	19:43:10:3		q:19:43:12	q:19:43:12		12	12		direct_object	syntactically_forced	high		object_suffix	CV		clitic		position_morpheme_aligned	morphology;local_syntax	The suffix نِي in اتَّبِعْنِي is the object of اتَّبِعْ.	resources/attachments.tsv:29121
sx-19_43-00345	ae:v3:s019:043:pass1:attach:a10	19:43	w-s019-a043-w011	w-s019-a043-w011		m-w-s019-a043-w011-01	m-w-s019-a043-w011-02		19:43:11:1	19:43:11:2		q:19:43:13	q:19:43:13		13	13		direct_object	syntactically_forced	high		object_suffix	IV		clitic		position_morpheme_aligned	morphology;local_syntax	The suffix كَ in أَهْدِكَ is one object of أَهْدِ.	resources/attachments.tsv:29122
sx-19_43-00346	ae:v3:s019:043:pass1:attach:a11	19:43	w-s019-a043-w011	w-s019-a043-w012		m-w-s019-a043-w011-01	m-w-s019-a043-w012-01		19:43:11:1	19:43:12:1		q:19:43:13	q:19:43:14		13	14		direct_object	syntactically_forced	high			IV	NOUN_ABSTRACT	explicit		position_morpheme_aligned	case_government;local_syntax	صِرَاطًا is the explicit object complement of أَهْدِكَ.	resources/attachments.tsv:29123
sx-19_43-00347	ae:v3:s019:043:pass1:attach:a12	19:43	w-s019-a043-w012	w-s019-a043-w013		m-w-s019-a043-w012-01	m-w-s019-a043-w013-01		19:43:12:1	19:43:13:1		q:19:43:14	q:19:43:15		14	15		adjective	strongly_licensed	high			NOUN_ABSTRACT	NOUN_ABSTRACT			position_morpheme_aligned	agreement;local_syntax	سَوِيًّا agrees with and modifies صِرَاطًا.	resources/attachments.tsv:29124
sx-19_44-00348	ae:v3:s019:044:pass1:attach:a1	19:44	w-s019-a044-w001	w-s019-a044-w001		m-w-s019-a044-w001-02	m-w-s019-a044-w001-02		19:44:1:2	19:44:1:2		q:19:44:1	q:19:44:2		1	2		vocative	syntactically_forced	high			VOC_PART	NOUN_CONCRETE			position_morpheme_aligned	local_syntax	أَبَتِ is called by the vocative particle يا.	resources/attachments.tsv:29125
sx-19_44-00349	ae:v3:s019:044:pass1:attach:a2	19:44	w-s019-a044-w003	w-s019-a044-w004		m-w-s019-a044-w003-01	m-w-s019-a044-w004-02		19:44:3:1	19:44:4:2		q:19:44:4	q:19:44:5		4	5		direct_object	syntactically_forced	high			IV	NOUN_CONCRETE	explicit		position_morpheme_aligned	case_government;local_syntax	ٱلشَّيْطَانَ is the accusative object of تَعْبُدِ.	resources/attachments.tsv:29126
sx-19_44-00350	ae:v3:s019:044:pass1:attach:a3	19:44	w-s019-a044-w005	w-s019-a044-w006		m-w-s019-a044-w005-01	m-w-s019-a044-w006-02		19:44:5:1	19:44:6:2		q:19:44:6	q:19:44:7		6	7		particle_complement	syntactically_forced	high			ANNUL_PART	NOUN_CONCRETE			position_morpheme_aligned	case_government;local_syntax	ٱلشَّيْطَانَ is the governed ism of إِنَّ.	resources/attachments.tsv:29127
sx-19_44-00351	ae:v3:s019:044:pass1:attach:a4	19:44	w-s019-a044-w005	w-s019-a044-w007		m-w-s019-a044-w005-01	m-w-s019-a044-w007-01		19:44:5:1	19:44:7:1		q:19:44:6	q:19:44:8		6	8		predication	strongly_licensed	high			ANNUL_PART	PV			position_morpheme_aligned	local_syntax	كَانَ لِلرَّحْمَٰنِ عَصِيًّا is the predicate content of إِنَّ.	resources/attachments.tsv:29128
sx-19_44-00352	ae:v3:s019:044:pass1:attach:a5	19:44	w-s019-a044-w007	w-s019-a044-w006		m-w-s019-a044-w007-01	m-w-s019-a044-w006-02		19:44:7:1	19:44:6:2		q:19:44:8	q:19:44:7		8	7		subject	strongly_licensed	high			PV	NOUN_CONCRETE			position_morpheme_aligned	local_syntax;word_order	ٱلشَّيْطَانَ is the explicit subject carried into كَانَ.	resources/attachments.tsv:29129
sx-19_44-00353	ae:v3:s019:044:pass1:attach:a6	19:44	w-s019-a044-w009	w-s019-a044-w008	w-s019-a044-w008	m-w-s019-a044-w009-01	m-w-s019-a044-w008-03	m-w-s019-a044-w008-01	19:44:9:1	19:44:8:3	19:44:8:1	q:19:44:11	q:19:44:10	q:19:44:9	11	10	9	prep_complement	syntactically_forced	high			ADJ_QUALIT	NOUN_PROP		لـ	position_morpheme_aligned	case_government;local_syntax	ٱلرَّحْمَٰنِ is governed by لِ as the complement of عَصِيًّا.	resources/attachments.tsv:29130
sx-19_44-00354	ae:v3:s019:044:pass1:attach:a7	19:44	w-s019-a044-w007	w-s019-a044-w009		m-w-s019-a044-w007-01	m-w-s019-a044-w009-01		19:44:7:1	19:44:9:1		q:19:44:8	q:19:44:11		8	11		kana_predicate	syntactically_forced	high			PV	ADJ_QUALIT			position_morpheme_aligned	case_government;local_syntax	عَصِيًّا is the accusative predicate of كَانَ.	resources/attachments.tsv:29131
sx-19_45-00355	ae:v3:s019:045:pass1:attach:a1	19:45	w-s019-a045-w001	w-s019-a045-w001		m-w-s019-a045-w001-02	m-w-s019-a045-w001-02		19:45:1:2	19:45:1:2		q:19:45:1	q:19:45:2		1	2		vocative	syntactically_forced	high			VOC_PART	NOUN_CONCRETE			position_morpheme_aligned	local_syntax	أَبَتِ is called by the vocative particle يَا.	resources/attachments.tsv:29132
sx-19_45-00356	ae:v3:s019:045:pass1:attach:a2	19:45	w-s019-a045-w002	w-s019-a045-w002		m-w-s019-a045-w002-01	m-w-s019-a045-w002-02		19:45:2:1	19:45:2:2		q:19:45:3	q:19:45:3		3	3		particle_complement	syntactically_forced	high	particle_segment	pronoun_suffix					position_morpheme_aligned	morphology;local_syntax	The suffix ي in إِنِّي is the governed ism of إِنَّ.	resources/attachments.tsv:29133
sx-19_45-00357	ae:v3:s019:045:pass1:attach:a3	19:45	w-s019-a045-w002	w-s019-a045-w003		m-w-s019-a045-w002-01	m-w-s019-a045-w003-01		19:45:2:1	19:45:3:1		q:19:45:3	q:19:45:4		3	4		predication	strongly_licensed	high			ANNUL_PART	IV			position_morpheme_aligned	local_syntax	أَخَافُ with its governed content is the predicate of إِنِّي.	resources/attachments.tsv:29134
sx-19_45-00358	ae:v3:s019:045:pass1:attach:a4	19:45	w-s019-a045-w003	w-s019-a045-w004		m-w-s019-a045-w003-01	m-w-s019-a045-w004-01		19:45:3:1	19:45:4:1		q:19:45:4	q:19:45:5		4	5		clausal_complement	syntactically_forced	high			IV	SUBJUNC_PART			position_morpheme_aligned	local_syntax	أَن يَمَسَّكَ عَذَابٌ and the result فَتَكُونَ are the content feared by أَخَافُ.	resources/attachments.tsv:29135
sx-19_45-00359	ae:v3:s019:045:pass1:attach:a5	19:45	w-s019-a045-w005	w-s019-a045-w005		m-w-s019-a045-w005-01	m-w-s019-a045-w005-02		19:45:5:1	19:45:5:2		q:19:45:6	q:19:45:6		6	6		direct_object	syntactically_forced	high		object_suffix	IV		clitic		position_morpheme_aligned	morphology;local_syntax	The suffix كَ in يَمَسَّكَ is the pronominal object of يَمَسَّ.	resources/attachments.tsv:29136
sx-19_45-00360	ae:v3:s019:045:pass1:attach:a6	19:45	w-s019-a045-w005	w-s019-a045-w006		m-w-s019-a045-w005-01	m-w-s019-a045-w006-01		19:45:5:1	19:45:6:1		q:19:45:6	q:19:45:7		6	7		subject	syntactically_forced	high			IV	NOUN_ABSTRACT			position_morpheme_aligned	case_government;word_order	عَذَابٌ is nominative after يَمَسَّكَ and is its explicit subject.	resources/attachments.tsv:29137
sx-19_45-00361	ae:v3:s019:045:pass1:attach:a7	19:45	w-s019-a045-w006	w-s019-a045-w008	w-s019-a045-w007	m-w-s019-a045-w006-01	m-w-s019-a045-w008-02	m-w-s019-a045-w007-01	19:45:6:1	19:45:8:2	19:45:7:1	q:19:45:7	q:19:45:9	q:19:45:8	7	9	8	prep_complement	syntactically_forced	high			NOUN_ABSTRACT	NOUN_PROP		مِن	position_morpheme_aligned	case_government;local_syntax	ٱلرَّحْمَٰنِ is governed by مِنَ as the source complement of عَذَابٌ.	resources/attachments.tsv:29138
sx-19_45-00362	ae:v3:s019:045:pass1:attach:a8	19:45	w-s019-a045-w011	w-s019-a045-w010	w-s019-a045-w010	m-w-s019-a045-w011-01	m-w-s019-a045-w010-03	m-w-s019-a045-w010-01	19:45:11:1	19:45:10:3	19:45:10:1	q:19:45:14	q:19:45:13	q:19:45:12	14	13	12	prep_complement	syntactically_forced	high			NOUN_CONCRETE	NOUN_CONCRETE		لـ	position_morpheme_aligned	case_government;local_syntax	ٱلشَّيْطَانِ is governed by لِ as complement of وَلِيًّا.	resources/attachments.tsv:29139
sx-19_45-00363	ae:v3:s019:045:pass1:attach:a9	19:45	w-s019-a045-w009	w-s019-a045-w011		m-w-s019-a045-w009-02	m-w-s019-a045-w011-01		19:45:9:2	19:45:11:1		q:19:45:11	q:19:45:14		11	14		kana_predicate	syntactically_forced	high			IV	NOUN_CONCRETE			position_morpheme_aligned	case_government;local_syntax	وَلِيًّا is the accusative predicate of تَكُونَ.	resources/attachments.tsv:29140
sx-19_46-00364	ae:v3:s019:046:pass1:attach:a1	19:46	w-s019-a046-w001	w-s019-a046-w002		m-w-s019-a046-w001-01	m-w-s019-a046-w002-02		19:46:1:1	19:46:2:2		q:19:46:1	q:19:46:2		1	2		quoted_complement	syntactically_forced	high			PV	NOUN_ACTIVE_PART			position_morpheme_aligned	local_syntax	أَرَاغِبٌ through مَلِيًّا is the quoted complement of قَالَ.	resources/attachments.tsv:29141
sx-19_46-00365	ae:v3:s019:046:pass1:attach:a2	19:46	w-s019-a046-w003	w-s019-a046-w002		m-w-s019-a046-w003-01	m-w-s019-a046-w002-02		19:46:3:1	19:46:2:2		q:19:46:3	q:19:46:2		3	2		predication	strongly_licensed	high			PRON_2MS	NOUN_ACTIVE_PART			fallback_morpheme_aligned	word_order;local_syntax	أَرَاغِبٌ is the fronted predicate of أَنتَ.	resources/attachments.tsv:29142
sx-19_46-00366	ae:v3:s019:046:pass1:attach:a3	19:46	w-s019-a046-w002	w-s019-a046-w005	w-s019-a046-w004	m-w-s019-a046-w002-02	m-w-s019-a046-w005-01	m-w-s019-a046-w004-01	19:46:2:2	19:46:5:1	19:46:4:1	q:19:46:2	q:19:46:5	q:19:46:4	2	5	4	prep_complement	syntactically_forced	high			NOUN_ACTIVE_PART	NOUN_CONCRETE		عَن	fallback_morpheme_aligned	case_government;local_syntax	ءَالِهَتِي is governed by عَنْ as complement of رَاغِبٌ.	resources/attachments.tsv:29143
sx-19_46-00367	ae:v3:s019:046:pass1:attach:a4	19:46	w-s019-a046-w005	w-s019-a046-w005		m-w-s019-a046-w005-01	m-w-s019-a046-w005-01		19:46:5:1	19:46:5:1		q:19:46:5	q:19:46:5		5	5		idafa	syntactically_forced	high		possessive_suffix	NOUN_CONCRETE				fallback_morpheme_aligned	morphology	The suffix ي in ءَالِهَتِي is the genitive possessor of ءَالِهَة.	resources/attachments.tsv:29144
sx-19_46-00368	ae:v3:s019:046:pass1:attach:a5	19:46	w-s019-a046-w006	w-s019-a046-w006		m-w-s019-a046-w006-02	m-w-s019-a046-w006-02		19:46:6:2	19:46:6:2		q:19:46:6	q:19:46:7		6	7		vocative	syntactically_forced	high			VOC_PART	NOUN_PROP			fallback_morpheme_aligned	local_syntax	إِبْرَاهِيمُ is called by the vocative particle يَا.	resources/attachments.tsv:29145
sx-19_46-00369	ae:v3:s019:046:pass1:attach:a6	19:46	w-s019-a046-w010	w-s019-a046-w010		m-w-s019-a046-w010-02	m-w-s019-a046-w010-04		19:46:10:2	19:46:10:4		q:19:46:13	q:19:46:13		13	13		direct_object	syntactically_forced	high		object_suffix	IV		clitic		position_morpheme_aligned	morphology;local_syntax	The suffix كَ in أَرْجُمَنَّكَ is the pronominal object of أَرْجُمَنَّ.	resources/attachments.tsv:29146
sx-19_46-00370	ae:v3:s019:046:pass1:attach:a7	19:46	w-s019-a046-w011	w-s019-a046-w011		m-w-s019-a046-w011-02	m-w-s019-a046-w011-03		19:46:11:2	19:46:11:3		q:19:46:15	q:19:46:15		15	15		direct_object	syntactically_forced	high		object_suffix	CV		clitic		position_morpheme_aligned	morphology;local_syntax	The suffix نِي in ٱهْجُرْنِي is the pronominal object of ٱهْجُرْ.	resources/attachments.tsv:29147
sx-19_46-00371	ae:v3:s019:046:pass1:attach:a8	19:46	w-s019-a046-w011	w-s019-a046-w012		m-w-s019-a046-w011-02	m-w-s019-a046-w012-01		19:46:11:2	19:46:12:1		q:19:46:15	q:19:46:16		15	16		adverbial	strongly_licensed	high			CV	NOUN_ABSTRACT			fallback_morpheme_aligned	case_government;local_syntax	مَلِيًّا is an accusative temporal adverb modifying ٱهْجُرْنِي.	resources/attachments.tsv:29148
sx-19_46-00372	ae:v3:s019:046:pass1:attach:a9	19:46	w-s019-a046-w002	w-s019-a046-w003		m-w-s019-a046-w002-02	m-w-s019-a046-w003-01		19:46:2:2	19:46:3:1		q:19:46:2	q:19:46:3		2	3		subject	strongly_licensed	high			NOUN_ACTIVE_PART	PRON_2MS			fallback_morpheme_aligned	local_syntax;word_order	أَنتَ is the explicit subject of the active participle رَاغِبٌ in the question.	resources/attachments.tsv:29149
sx-19_47-00373	ae:v3:s019:047:pass1:attach:a1	19:47	w-s019-a047-w001	w-s019-a047-w002		m-w-s019-a047-w001-01	m-w-s019-a047-w002-01		19:47:1:1	19:47:2:1		q:19:47:1	q:19:47:2		1	2		quoted_complement	syntactically_forced	high			PV	GERUND			position_morpheme_aligned	local_syntax	سَلَامٌ through حَفِيًّا is the quoted complement of قَالَ.	resources/attachments.tsv:29150
sx-19_47-00374	ae:v3:s019:047:pass1:attach:a2	19:47	w-s019-a047-w002	w-s019-a047-w003	w-s019-a047-w003	m-w-s019-a047-w002-01	m-w-s019-a047-w003-02	m-w-s019-a047-w003-01	19:47:2:1	19:47:3:2	19:47:3:1	q:19:47:2	q:19:47:3	q:19:47:3	2	3	3	prep_complement	syntactically_forced	high		pronoun_suffix	GERUND			عَلَى	position_morpheme_aligned	case_government;local_syntax	The suffix كَ in عَلَيْكَ is governed by عَلَى in the salutation سَلَامٌ عَلَيْكَ.	resources/attachments.tsv:29151
sx-19_47-00375	ae:v3:s019:047:pass1:attach:a3	19:47	w-s019-a047-w002	w-s019-a047-w003		m-w-s019-a047-w002-01	m-w-s019-a047-w003-01		19:47:2:1	19:47:3:1		q:19:47:2	q:19:47:3		2	3		predication	strongly_licensed	high			GERUND	PREP			position_morpheme_aligned	local_syntax	عَلَيْكَ functions as the predicate completing سَلَامٌ.	resources/attachments.tsv:29152
sx-19_47-00376	ae:v3:s019:047:pass1:attach:a4	19:47	w-s019-a047-w004	w-s019-a047-w005	w-s019-a047-w005	m-w-s019-a047-w004-02	m-w-s019-a047-w005-02	m-w-s019-a047-w005-01	19:47:4:2	19:47:5:2	19:47:5:1	q:19:47:4	q:19:47:5	q:19:47:5	4	5	5	prep_complement	syntactically_forced	high		pronoun_suffix	IV			لـ	fallback_morpheme_aligned	case_government;local_syntax	The suffix كَ in لَكَ is governed by لِ as beneficiary complement of سَأَسْتَغْفِرُ.	resources/attachments.tsv:29153
sx-19_47-00377	ae:v3:s019:047:pass1:attach:a5	19:47	w-s019-a047-w004	w-s019-a047-w006		m-w-s019-a047-w004-02	m-w-s019-a047-w006-01		19:47:4:2	19:47:6:1		q:19:47:4	q:19:47:6		4	6		direct_object	strongly_licensed	high			IV	NOUN_CONCRETE	explicit		fallback_morpheme_aligned	local_syntax;case_government	رَبِّي is the explicit object toward whom أَسْتَغْفِرُ is directed.	resources/attachments.tsv:29154
sx-19_47-00378	ae:v3:s019:047:pass1:attach:a6	19:47	w-s019-a047-w006	w-s019-a047-w006		m-w-s019-a047-w006-01	m-w-s019-a047-w006-01		19:47:6:1	19:47:6:1		q:19:47:6	q:19:47:6		6	6		idafa	syntactically_forced	high		possessive_suffix	NOUN_CONCRETE				fallback_morpheme_aligned	morphology	The suffix ي in رَبِّي is the genitive possessor of رَبّ.	resources/attachments.tsv:29155
sx-19_47-00379	ae:v3:s019:047:pass1:attach:a7	19:47	w-s019-a047-w007	w-s019-a047-w007		m-w-s019-a047-w007-01	m-w-s019-a047-w007-02		19:47:7:1	19:47:7:2		q:19:47:7	q:19:47:7		7	7		particle_complement	syntactically_forced	high	particle_segment	pronoun_suffix					fallback_morpheme_aligned	morphology;local_syntax	The suffix هُ in إِنَّهُ is the governed ism of إِنَّ.	resources/attachments.tsv:29156
sx-19_47-00380	ae:v3:s019:047:pass1:attach:a8	19:47	w-s019-a047-w007	w-s019-a047-w008		m-w-s019-a047-w007-01	m-w-s019-a047-w008-01		19:47:7:1	19:47:8:1		q:19:47:7	q:19:47:8		7	8		predication	strongly_licensed	high			ANNUL_PART	PV			fallback_morpheme_aligned	local_syntax	كَانَ بِي حَفِيًّا supplies the predicate content of إِنَّ.	resources/attachments.tsv:29157
sx-19_47-00381	ae:v3:s019:047:pass1:attach:a9	19:47	w-s019-a047-w010	w-s019-a047-w009	w-s019-a047-w009	m-w-s019-a047-w010-01	m-w-s019-a047-w009-02	m-w-s019-a047-w009-01	19:47:10:1	19:47:9:2	19:47:9:1	q:19:47:10	q:19:47:9	q:19:47:9	10	9	9	prep_complement	syntactically_forced	high		pronoun_suffix	ADJ_QUALIT			بـ	fallback_morpheme_aligned	case_government;local_syntax	The suffix ي in بِي is governed by بِ as complement of حَفِيًّا.	resources/attachments.tsv:29158
sx-19_47-00382	ae:v3:s019:047:pass1:attach:a10	19:47	w-s019-a047-w008	w-s019-a047-w010		m-w-s019-a047-w008-01	m-w-s019-a047-w010-01		19:47:8:1	19:47:10:1		q:19:47:8	q:19:47:10		8	10		kana_predicate	syntactically_forced	high			PV	ADJ_QUALIT			fallback_morpheme_aligned	case_government;local_syntax	حَفِيًّا is the accusative predicate of كَانَ.	resources/attachments.tsv:29159
sx-19_48-00383	ae:v3:s019:048:pass1:attach:a1	19:48	w-s019-a048-w001	w-s019-a048-w001		m-w-s019-a048-w001-02	m-w-s019-a048-w001-03		19:48:1:2	19:48:1:3		q:19:48:2	q:19:48:2		2	2		direct_object	syntactically_forced	high		object_suffix	IV		clitic		position_morpheme_aligned	morphology;local_syntax	The suffix كُمْ in أَعْتَزِلُكُمْ is the pronominal object of أَعْتَزِلُ.	resources/attachments.tsv:29160
sx-19_48-00384	ae:v3:s019:048:pass1:attach:a2	19:48	w-s019-a048-w001	w-s019-a048-w002		m-w-s019-a048-w001-02	m-w-s019-a048-w002-02		19:48:1:2	19:48:2:2		q:19:48:2	q:19:48:4		2	4		direct_object	strongly_licensed	high			IV	NEG_PART	explicit		position_morpheme_aligned	local_syntax;parallelism	مَا is the coordinated explicit object of أَعْتَزِلُ after كُمْ.	resources/attachments.tsv:29161
sx-19_48-00385	ae:v3:s019:048:pass1:attach:a3	19:48	w-s019-a048-w003	w-s019-a048-w002		m-w-s019-a048-w003-01	m-w-s019-a048-w002-02		19:48:3:1	19:48:2:2		q:19:48:5	q:19:48:4		5	4		direct_object	syntactically_forced	high			IV	NEG_PART	explicit		position_morpheme_aligned	local_syntax;word_order	مَا is also the object of تَدْعُونَ within the relative clause.	resources/attachments.tsv:29162
sx-19_48-00386	ae:v3:s019:048:pass1:attach:a4	19:48	w-s019-a048-w003	w-s019-a048-w005	w-s019-a048-w004	m-w-s019-a048-w003-01	m-w-s019-a048-w005-01	m-w-s019-a048-w004-01	19:48:3:1	19:48:5:1	19:48:4:1	q:19:48:5	q:19:48:7	q:19:48:6	5	7	6	prep_complement	syntactically_forced	high			IV	NOUN_ABSTRACT		مِن	position_morpheme_aligned	case_government;local_syntax	دُونِ is governed by مِن as complement of تَدْعُونَ.	resources/attachments.tsv:29163
sx-19_48-00387	ae:v3:s019:048:pass1:attach:a5	19:48	w-s019-a048-w005	w-s019-a048-w006		m-w-s019-a048-w005-01	m-w-s019-a048-w006-01		19:48:5:1	19:48:6:1		q:19:48:7	q:19:48:8		7	8		idafa	syntactically_forced	high			NOUN_ABSTRACT	NOUN_PROP			position_morpheme_aligned	case_government;local_syntax	ٱللَّهِ is the genitive complement in the construct دُونِ ٱللَّهِ.	resources/attachments.tsv:29164
sx-19_48-00388	ae:v3:s019:048:pass1:attach:a6	19:48	w-s019-a048-w001	w-s019-a048-w007		m-w-s019-a048-w001-02	m-w-s019-a048-w007-02		19:48:1:2	19:48:7:2		q:19:48:2	q:19:48:10		2	10		conjoined	strongly_licensed	high			IV	IV			position_morpheme_aligned	local_syntax;parallelism	أَدْعُوا is coordinated with أَعْتَزِلُ by وَ.	resources/attachments.tsv:29165
sx-19_48-00389	ae:v3:s019:048:pass1:attach:a7	19:48	w-s019-a048-w007	w-s019-a048-w008		m-w-s019-a048-w007-02	m-w-s019-a048-w008-01		19:48:7:2	19:48:8:1		q:19:48:10	q:19:48:11		10	11		direct_object	syntactically_forced	high			IV	NOUN_CONCRETE	explicit		position_morpheme_aligned	case_government;local_syntax	رَبِّي is the explicit object of أَدْعُوا.	resources/attachments.tsv:29166
sx-19_48-00390	ae:v3:s019:048:pass1:attach:a8	19:48	w-s019-a048-w008	w-s019-a048-w008		m-w-s019-a048-w008-01	m-w-s019-a048-w008-01		19:48:8:1	19:48:8:1		q:19:48:11	q:19:48:11		11	11		idafa	syntactically_forced	high		possessive_suffix	NOUN_CONCRETE				position_morpheme_aligned	morphology	The suffix ي in رَبِّي is the genitive possessor of رَبّ.	resources/attachments.tsv:29167
sx-19_48-00391	ae:v3:s019:048:pass1:attach:a9	19:48	w-s019-a048-w009	w-s019-a048-w010		m-w-s019-a048-w009-01			19:48:9:1	19:48:10		q:19:48:12	q:19:48:13		12	13		clausal_complement	syntactically_forced	high			UNINFLECTED_VERB	SUBJUNC_PART			position_word_aligned	local_syntax	أَلَّا أَكُونَ بِدُعَاءِ رَبِّي شَقِيًّا is the complement governed by عَسَى.	resources/attachments.tsv:29168
sx-19_48-00392	ae:v3:s019:048:pass1:attach:a10	19:48	w-s019-a048-w014	w-s019-a048-w012	w-s019-a048-w012	m-w-s019-a048-w014-01	m-w-s019-a048-w012-02	m-w-s019-a048-w012-01	19:48:14:1	19:48:12:2	19:48:12:1	q:19:48:18	q:19:48:16	q:19:48:15	18	16	15	prep_complement	syntactically_forced	high			ADJ_QUALIT	GERUND		بـ	position_morpheme_aligned	case_government;local_syntax	دُعَاءِ is governed by بِ as complement of شَقِيًّا.	resources/attachments.tsv:29169
sx-19_48-00393	ae:v3:s019:048:pass1:attach:a11	19:48	w-s019-a048-w012	w-s019-a048-w013		m-w-s019-a048-w012-02	m-w-s019-a048-w013-01		19:48:12:2	19:48:13:1		q:19:48:16	q:19:48:17		16	17		idafa	syntactically_forced	high			GERUND	NOUN_CONCRETE			position_morpheme_aligned	case_government;local_syntax	رَبِّي is the genitive complement in the construct دُعَاءِ رَبِّي.	resources/attachments.tsv:29170
sx-19_48-00394	ae:v3:s019:048:pass1:attach:a12	19:48	w-s019-a048-w013	w-s019-a048-w013		m-w-s019-a048-w013-01	m-w-s019-a048-w013-01		19:48:13:1	19:48:13:1		q:19:48:17	q:19:48:17		17	17		idafa	syntactically_forced	high		possessive_suffix	NOUN_CONCRETE				position_morpheme_aligned	morphology	The suffix ي in رَبِّي is the genitive possessor of رَبّ.	resources/attachments.tsv:29171
sx-19_48-00395	ae:v3:s019:048:pass1:attach:a13	19:48	w-s019-a048-w011	w-s019-a048-w014		m-w-s019-a048-w011-01	m-w-s019-a048-w014-01		19:48:11:1	19:48:14:1		q:19:48:14	q:19:48:18		14	18		kana_predicate	syntactically_forced	high			IV	ADJ_QUALIT			position_morpheme_aligned	case_government;local_syntax	شَقِيًّا is the accusative predicate of أَكُونَ.	resources/attachments.tsv:29172
sx-19_49-00396	ae:v3:s019:049:pass1:attach:a1	19:49	w-s019-a049-w002	w-s019-a049-w002		m-w-s019-a049-w002-01	m-w-s019-a049-w002-02		19:49:2:1	19:49:2:2		q:19:49:3	q:19:49:3		3	3		direct_object	syntactically_forced	high		object_suffix	PV		clitic		position_morpheme_aligned	morphology;local_syntax	The suffix هُمْ in ٱعْتَزَلَهُمْ is the pronominal object of ٱعْتَزَلَ.	resources/attachments.tsv:29173
sx-19_49-00397	ae:v3:s019:049:pass1:attach:a2	19:49	w-s019-a049-w002	w-s019-a049-w003		m-w-s019-a049-w002-01	m-w-s019-a049-w003-02		19:49:2:1	19:49:3:2		q:19:49:3	q:19:49:5		3	5		direct_object	strongly_licensed	high			PV	NEG_PART	explicit		position_morpheme_aligned	local_syntax;parallelism	مَا is coordinated as another object of ٱعْتَزَلَ.	resources/attachments.tsv:29174
sx-19_49-00398	ae:v3:s019:049:pass1:attach:a3	19:49	w-s019-a049-w004	w-s019-a049-w003		m-w-s019-a049-w004-01	m-w-s019-a049-w003-02		19:49:4:1	19:49:3:2		q:19:49:6	q:19:49:5		6	5		direct_object	syntactically_forced	high			IV	NEG_PART	explicit		position_morpheme_aligned	local_syntax;word_order	مَا is the object of يَعْبُدُونَ within the relative clause.	resources/attachments.tsv:29175
sx-19_49-00399	ae:v3:s019:049:pass1:attach:a4	19:49	w-s019-a049-w004	w-s019-a049-w006	w-s019-a049-w005	m-w-s019-a049-w004-01	m-w-s019-a049-w006-01	m-w-s019-a049-w005-01	19:49:4:1	19:49:6:1	19:49:5:1	q:19:49:6	q:19:49:8	q:19:49:7	6	8	7	prep_complement	syntactically_forced	high			IV	NOUN_ABSTRACT		مِن	position_morpheme_aligned	case_government;local_syntax	دُونِ is governed by مِن as complement of يَعْبُدُونَ.	resources/attachments.tsv:29176
sx-19_49-00400	ae:v3:s019:049:pass1:attach:a5	19:49	w-s019-a049-w006	w-s019-a049-w007		m-w-s019-a049-w006-01	m-w-s019-a049-w007-01		19:49:6:1	19:49:7:1		q:19:49:8	q:19:49:9		8	9		idafa	syntactically_forced	high			NOUN_ABSTRACT	NOUN_PROP			position_morpheme_aligned	case_government;local_syntax	ٱللَّهِ is the genitive complement in the construct دُونِ ٱللَّهِ.	resources/attachments.tsv:29177
sx-19_49-00401	ae:v3:s019:049:pass1:attach:a6	19:49	w-s019-a049-w008	w-s019-a049-w009	w-s019-a049-w009	m-w-s019-a049-w008-01	m-w-s019-a049-w009-02	m-w-s019-a049-w009-01	19:49:8:1	19:49:9:2	19:49:9:1	q:19:49:10	q:19:49:11	q:19:49:11	10	11	11	prep_complement	syntactically_forced	high		pronoun_suffix	PV			لـ	position_morpheme_aligned	case_government;local_syntax	The suffix هُ in لَهُ is governed by لِ as beneficiary complement of وَهَبْنَا.	resources/attachments.tsv:29178
sx-19_49-00402	ae:v3:s019:049:pass1:attach:a7	19:49	w-s019-a049-w008	w-s019-a049-w010		m-w-s019-a049-w008-01	m-w-s019-a049-w010-01		19:49:8:1	19:49:10:1		q:19:49:10	q:19:49:12		10	12		direct_object	syntactically_forced	high			PV	NOUN_PROP_FOREIGN	explicit		fallback_morpheme_aligned	case_government;local_syntax	إِسْحَاقَ is the accusative object of وَهَبْنَا.	resources/attachments.tsv:29179
sx-19_49-00403	ae:v3:s019:049:pass1:attach:a8	19:49	w-s019-a049-w010	w-s019-a049-w011		m-w-s019-a049-w010-01	m-w-s019-a049-w011-02		19:49:10:1	19:49:11:2		q:19:49:12	q:19:49:14		12	14		conjoined	strongly_licensed	high			NOUN_PROP_FOREIGN	NOUN_PROP_FOREIGN			fallback_morpheme_aligned	local_syntax;parallelism	يَعْقُوبَ is coordinated with إِسْحَاقَ as another granted son.	resources/attachments.tsv:29180
sx-19_49-00404	ae:v3:s019:049:pass1:attach:a9	19:49	w-s019-a049-w013	w-s019-a049-w012		m-w-s019-a049-w013-01	m-w-s019-a049-w012-02		19:49:13:1	19:49:12:2		q:19:49:17	q:19:49:16		17	16		direct_object	syntactically_forced	high			PV	NOUN_ABSTRACT	explicit		fallback_morpheme_aligned	case_government;word_order	كُلًّا is the fronted accusative object of جَعَلْنَا.	resources/attachments.tsv:29181
sx-19_49-00405	ae:v3:s019:049:pass1:attach:a10	19:49	w-s019-a049-w013	w-s019-a049-w014		m-w-s019-a049-w013-01	m-w-s019-a049-w014-01		19:49:13:1	19:49:14:1		q:19:49:17	q:19:49:18		17	18		direct_object	strongly_licensed	high			PV	NOUN_CONCRETE	explicit		fallback_morpheme_aligned	case_government;local_syntax	نَبِيًّا is the second accusative complement of جَعَلْنَا.	resources/attachments.tsv:29182
sx-19_50-00406	ae:v3:s019:050:pass1:attach:a1	19:50	w-s019-a050-w001	w-s019-a050-w002	w-s019-a050-w002	m-w-s019-a050-w001-02	m-w-s019-a050-w002-02	m-w-s019-a050-w002-01	19:50:1:2	19:50:2:2	19:50:2:1	q:19:50:2	q:19:50:4	q:19:50:3	2	4	3	prep_complement	syntactically_forced	high			PV	PRON		لـ	position_morpheme_aligned	case_government;local_syntax	هُمْ is governed by لَ as beneficiary complement of وَهَبْنَا.	resources/attachments.tsv:29183
sx-19_50-00407	ae:v3:s019:050:pass1:attach:a2	19:50	w-s019-a050-w001	w-s019-a050-w004	w-s019-a050-w003	m-w-s019-a050-w001-02	m-w-s019-a050-w004-01	m-w-s019-a050-w003-01	19:50:1:2	19:50:4:1	19:50:3:1	q:19:50:2	q:19:50:6	q:19:50:5	2	6	5	prep_complement	syntactically_forced	high			PV	GERUND		مِن	position_morpheme_aligned	case_government;local_syntax	رَّحْمَتِنَا is governed by مِنْ as source complement of وَهَبْنَا.	resources/attachments.tsv:29184
sx-19_50-00408	ae:v3:s019:050:pass1:attach:a3	19:50	w-s019-a050-w004	w-s019-a050-w004		m-w-s019-a050-w004-01	m-w-s019-a050-w004-01		19:50:4:1	19:50:4:1		q:19:50:6	q:19:50:6		6	6		idafa	syntactically_forced	high		possessive_suffix	GERUND				position_morpheme_aligned	morphology	The suffix نَا in رَّحْمَتِنَا is the genitive possessor of رَحْمَة.	resources/attachments.tsv:29185
sx-19_50-00409	ae:v3:s019:050:pass1:attach:a4	19:50	w-s019-a050-w001	w-s019-a050-w005		m-w-s019-a050-w001-02	m-w-s019-a050-w005-02		19:50:1:2	19:50:5:2		q:19:50:2	q:19:50:8		2	8		conjoined	strongly_licensed	high			PV	PV			position_morpheme_aligned	local_syntax;parallelism	جَعَلْنَا is coordinated with وَهَبْنَا by وَ.	resources/attachments.tsv:29186
sx-19_50-00410	ae:v3:s019:050:pass1:attach:a5	19:50	w-s019-a050-w005	w-s019-a050-w006	w-s019-a050-w006	m-w-s019-a050-w005-02	m-w-s019-a050-w006-02	m-w-s019-a050-w006-01	19:50:5:2	19:50:6:2	19:50:6:1	q:19:50:8	q:19:50:10	q:19:50:9	8	10	9	prep_complement	syntactically_forced	high			PV	PRON		لـ	position_morpheme_aligned	case_government;local_syntax	هُمْ is governed by لَ as beneficiary complement of جَعَلْنَا.	resources/attachments.tsv:29187
sx-19_50-00411	ae:v3:s019:050:pass1:attach:a6	19:50	w-s019-a050-w005	w-s019-a050-w007		m-w-s019-a050-w005-02	m-w-s019-a050-w007-01		19:50:5:2	19:50:7:1		q:19:50:8	q:19:50:11		8	11		direct_object	syntactically_forced	high			PV	NOUN_CONCRETE	explicit		position_morpheme_aligned	case_government;local_syntax	لِسَانَ is the accusative object of جَعَلْنَا.	resources/attachments.tsv:29188
sx-19_50-00412	ae:v3:s019:050:pass1:attach:a7	19:50	w-s019-a050-w007	w-s019-a050-w008		m-w-s019-a050-w007-01	m-w-s019-a050-w008-01		19:50:7:1	19:50:8:1		q:19:50:11	q:19:50:12		11	12		idafa	syntactically_forced	high			NOUN_CONCRETE	GERUND			position_morpheme_aligned	case_government;local_syntax	صِدْقٍ is the genitive complement in the construct لِسَانَ صِدْقٍ.	resources/attachments.tsv:29189
sx-19_50-00413	ae:v3:s019:050:pass1:attach:a8	19:50	w-s019-a050-w007	w-s019-a050-w009		m-w-s019-a050-w007-01	m-w-s019-a050-w009-01		19:50:7:1	19:50:9:1		q:19:50:11	q:19:50:13		11	13		adjective	strongly_licensed	high			NOUN_CONCRETE	ADJ_QUALIT			position_morpheme_aligned	agreement;local_syntax	عَلِيًّا agrees with and modifies لِسَانَ.	resources/attachments.tsv:29190
sx-19_51-00414	ae:v3:s019:051:pass1:attach:a1	19:51	w-s019-a051-w001	w-s019-a051-w003	w-s019-a051-w002	m-w-s019-a051-w001-02	m-w-s019-a051-w003-02	m-w-s019-a051-w002-01	19:51:1:2	19:51:3:2	19:51:2:1	q:19:51:2	q:19:51:4	q:19:51:3	2	4	3	prep_complement	syntactically_forced	high			CV	NOUN_CONCRETE		فِي	position_morpheme_aligned	case_government;local_syntax	ٱلْكِتَابِ is governed by فِي as the setting of ٱذْكُرْ.	resources/attachments.tsv:29191
sx-19_51-00415	ae:v3:s019:051:pass1:attach:a2	19:51	w-s019-a051-w001	w-s019-a051-w004		m-w-s019-a051-w001-02	m-w-s019-a051-w004-01		19:51:1:2	19:51:4:1		q:19:51:2	q:19:51:5		2	5		direct_object	syntactically_forced	high			CV	NOUN_PROP_FOREIGN	explicit		position_morpheme_aligned	case_government;local_syntax	مُوسَى is the object named for ٱذْكُرْ.	resources/attachments.tsv:29192
sx-19_51-00416	ae:v3:s019:051:pass1:attach:a3	19:51	w-s019-a051-w005	w-s019-a051-w005		m-w-s019-a051-w005-01	m-w-s019-a051-w005-02		19:51:5:1	19:51:5:2		q:19:51:6	q:19:51:6		6	6		particle_complement	syntactically_forced	high	particle_segment	pronoun_suffix					position_morpheme_aligned	morphology;local_syntax	The suffix هُ in إِنَّهُ is the governed noun of إِنَّ.	resources/attachments.tsv:29193
sx-19_51-00417	ae:v3:s019:051:pass1:attach:a4	19:51	w-s019-a051-w005	w-s019-a051-w006		m-w-s019-a051-w005-01	m-w-s019-a051-w006-01		19:51:5:1	19:51:6:1		q:19:51:6	q:19:51:7		6	7		predication	strongly_licensed	high			ANNUL_PART	PV			position_morpheme_aligned	local_syntax	كَانَ مُخْلَصًا supplies the predicate content of إِنَّهُ.	resources/attachments.tsv:29194
sx-19_51-00418	ae:v3:s019:051:pass1:attach:a5	19:51	w-s019-a051-w006	w-s019-a051-w007		m-w-s019-a051-w006-01	m-w-s019-a051-w007-01		19:51:6:1	19:51:7:1		q:19:51:7	q:19:51:8		7	8		kana_predicate	syntactically_forced	high			PV	NOUN_ACTIVE_PART			position_morpheme_aligned	case_government;local_syntax	مُخْلَصًا is the accusative predicate of كَانَ.	resources/attachments.tsv:29195
sx-19_51-00419	ae:v3:s019:051:pass1:attach:a6	19:51	w-s019-a051-w006	w-s019-a051-w008		m-w-s019-a051-w006-01	m-w-s019-a051-w008-02		19:51:6:1	19:51:8:2		q:19:51:7	q:19:51:10		7	10		conjoined	strongly_licensed	high			PV	PV			position_morpheme_aligned	local_syntax	وَكَانَ coordinates the second copular assertion with the first كَانَ.	resources/attachments.tsv:29196
sx-19_51-00420	ae:v3:s019:051:pass1:attach:a7	19:51	w-s019-a051-w008	w-s019-a051-w009		m-w-s019-a051-w008-02	m-w-s019-a051-w009-01		19:51:8:2	19:51:9:1		q:19:51:10	q:19:51:11		10	11		kana_predicate	syntactically_forced	high			PV	NOUN_CONCRETE			position_morpheme_aligned	case_government;local_syntax	رَسُولًا is the predicate of the second كَانَ.	resources/attachments.tsv:29197
sx-19_51-00421	ae:v3:s019:051:pass1:attach:a8	19:51	w-s019-a051-w009	w-s019-a051-w010		m-w-s019-a051-w009-01	m-w-s019-a051-w010-01		19:51:9:1	19:51:10:1		q:19:51:11	q:19:51:12		11	12		adjective	strongly_licensed	high			NOUN_CONCRETE	NOUN_CONCRETE			position_morpheme_aligned	agreement;local_syntax	نَبِيًّا agrees with and describes رَسُولًا.	resources/attachments.tsv:29198
sx-19_52-00422	ae:v3:s019:052:pass1:attach:a1	19:52	w-s019-a052-w001	w-s019-a052-w001		m-w-s019-a052-w001-02	m-w-s019-a052-w001-02		19:52:1:2	19:52:1:2		q:19:52:2	q:19:52:2		2	2		direct_object	syntactically_forced	high		object_suffix	PV		clitic		position_morpheme_aligned	morphology;local_syntax	The suffix هُ in نَادَيْنَاهُ is the object called.	resources/attachments.tsv:29199
sx-19_52-00423	ae:v3:s019:052:pass1:attach:a2	19:52	w-s019-a052-w001	w-s019-a052-w003	w-s019-a052-w002	m-w-s019-a052-w001-02	m-w-s019-a052-w003-01	m-w-s019-a052-w002-01	19:52:1:2	19:52:3:1	19:52:2:1	q:19:52:2	q:19:52:4	q:19:52:3	2	4	3	prep_complement	syntactically_forced	high			PV	NOUN_ABSTRACT		مِن	position_morpheme_aligned	case_government;local_syntax	جَانِبِ is governed by مِنْ as the source complement of نَادَيْنَاهُ.	resources/attachments.tsv:29200
sx-19_52-00424	ae:v3:s019:052:pass1:attach:a3	19:52	w-s019-a052-w003	w-s019-a052-w004		m-w-s019-a052-w003-01	m-w-s019-a052-w004-02		19:52:3:1	19:52:4:2		q:19:52:4	q:19:52:5		4	5		idafa	syntactically_forced	high			NOUN_ABSTRACT	NOUN_ABSTRACT			position_morpheme_aligned	morphology;case_government	ٱلطُّورِ is the genitive complement of construct جَانِبِ.	resources/attachments.tsv:29201
sx-19_52-00425	ae:v3:s019:052:pass1:attach:a4	19:52	w-s019-a052-w003	w-s019-a052-w005		m-w-s019-a052-w003-01	m-w-s019-a052-w005-02		19:52:3:1	19:52:5:2		q:19:52:4	q:19:52:6		4	6		adjective	strongly_licensed	high			NOUN_ABSTRACT	ADJ_QUALIT			position_morpheme_aligned	agreement;local_syntax	ٱلْأَيْمَنِ describes جَانِبِ in جَانِبِ ٱلطُّورِ ٱلْأَيْمَنِ.	resources/attachments.tsv:29202
sx-19_52-00426	ae:v3:s019:052:pass1:attach:a5	19:52	w-s019-a052-w001	w-s019-a052-w006		m-w-s019-a052-w001-02	m-w-s019-a052-w006-02		19:52:1:2	19:52:6:2		q:19:52:2	q:19:52:8		2	8		conjoined	strongly_licensed	high			PV	PV			position_morpheme_aligned	local_syntax	وَقَرَّبْنَاهُ coordinates قَرَّبْنَاهُ with نَادَيْنَاهُ.	resources/attachments.tsv:29203
sx-19_52-00427	ae:v3:s019:052:pass1:attach:a6	19:52	w-s019-a052-w006	w-s019-a052-w006		m-w-s019-a052-w006-02	m-w-s019-a052-w006-02		19:52:6:2	19:52:6:2		q:19:52:8	q:19:52:8		8	8		direct_object	syntactically_forced	high		object_suffix	PV		clitic		position_morpheme_aligned	morphology;local_syntax	The suffix هُ in قَرَّبْنَاهُ is the object brought near.	resources/attachments.tsv:29204
sx-19_52-00428	ae:v3:s019:052:pass1:attach:a7	19:52	w-s019-a052-w006	w-s019-a052-w007		m-w-s019-a052-w006-02	m-w-s019-a052-w007-01		19:52:6:2	19:52:7:1		q:19:52:8	q:19:52:9		8	9		circumstantial	strongly_licensed	high			PV	ADJ_INTENS			position_morpheme_aligned	case_government;local_syntax	نَجِيًّا is an accusative حال with قَرَّبْنَاهُ.	resources/attachments.tsv:29205
sx-19_53-00429	ae:v3:s019:053:pass1:attach:a1	19:53	w-s019-a053-w001	w-s019-a053-w002	w-s019-a053-w002	m-w-s019-a053-w001-02	m-w-s019-a053-w002-02	m-w-s019-a053-w002-01	19:53:1:2	19:53:2:2	19:53:2:1	q:19:53:2	q:19:53:3	q:19:53:3	2	3	3	prep_complement	syntactically_forced	high		pronoun_suffix	PV			لـ	position_morpheme_aligned	case_government;local_syntax	The suffix هُ in لَهُ is governed by لِ as benefactive complement of وَهَبْنَا.	resources/attachments.tsv:29206
sx-19_53-00430	ae:v3:s019:053:pass1:attach:a2	19:53	w-s019-a053-w001	w-s019-a053-w004	w-s019-a053-w003	m-w-s019-a053-w001-02	m-w-s019-a053-w004-01	m-w-s019-a053-w003-01	19:53:1:2	19:53:4:1	19:53:3:1	q:19:53:2	q:19:53:5	q:19:53:4	2	5	4	prep_complement	syntactically_forced	high			PV	GERUND		مِن	fallback_morpheme_aligned	case_government;local_syntax	رَحْمَتِنَا is governed by مِنْ as the source phrase of وَهَبْنَا.	resources/attachments.tsv:29207
sx-19_53-00431	ae:v3:s019:053:pass1:attach:a3	19:53	w-s019-a053-w004	w-s019-a053-w004		m-w-s019-a053-w004-01	m-w-s019-a053-w004-01		19:53:4:1	19:53:4:1		q:19:53:5	q:19:53:5		5	5		idafa	syntactically_forced	high	whole_word	possessive_suffix	GERUND				fallback_morpheme_aligned	morphology;local_syntax	The suffix نَا in رَحْمَتِنَا is the genitive possessor of رَحْمَة.	resources/attachments.tsv:29208
sx-19_53-00432	ae:v3:s019:053:pass1:attach:a4	19:53	w-s019-a053-w001	w-s019-a053-w005		m-w-s019-a053-w001-02	m-w-s019-a053-w005-01		19:53:1:2	19:53:5:1		q:19:53:2	q:19:53:6		2	6		direct_object	syntactically_forced	high			PV	NOUN_FIVE	explicit		fallback_morpheme_aligned	case_government;local_syntax	أَخَاهُ is the object granted by وَهَبْنَا.	resources/attachments.tsv:29209
sx-19_53-00433	ae:v3:s019:053:pass1:attach:a5	19:53	w-s019-a053-w005	w-s019-a053-w005		m-w-s019-a053-w005-01	m-w-s019-a053-w005-01		19:53:5:1	19:53:5:1		q:19:53:6	q:19:53:6		6	6		idafa	syntactically_forced	high	whole_word	possessive_suffix	NOUN_FIVE				fallback_morpheme_aligned	morphology;local_syntax	The suffix هُ in أَخَاهُ is the genitive possessor of أَخَا.	resources/attachments.tsv:29210
sx-19_53-00434	ae:v3:s019:053:pass1:attach:a6	19:53	w-s019-a053-w005	w-s019-a053-w006		m-w-s019-a053-w005-01	m-w-s019-a053-w006-01		19:53:5:1	19:53:6:1		q:19:53:6	q:19:53:7		6	7		apposition	strongly_licensed	high			NOUN_FIVE	NOUN_PROP_FOREIGN			fallback_morpheme_aligned	local_syntax;case_government	هَارُونَ apposes and identifies أَخَاهُ.	resources/attachments.tsv:29211
sx-19_53-00435	ae:v3:s019:053:pass1:attach:a7	19:53	w-s019-a053-w006	w-s019-a053-w007		m-w-s019-a053-w006-01	m-w-s019-a053-w007-01		19:53:6:1	19:53:7:1		q:19:53:7	q:19:53:8		7	8		circumstantial	strongly_licensed	high			NOUN_PROP_FOREIGN	NOUN_CONCRETE			fallback_morpheme_aligned	case_government;local_syntax	نَبِيًّا is an accusative حال describing هَارُونَ in the granting.	resources/attachments.tsv:29212
sx-19_54-00436	ae:v3:s019:054:pass1:attach:a1	19:54	w-s019-a054-w001	w-s019-a054-w003	w-s019-a054-w002	m-w-s019-a054-w001-02	m-w-s019-a054-w003-02	m-w-s019-a054-w002-01	19:54:1:2	19:54:3:2	19:54:2:1	q:19:54:2	q:19:54:4	q:19:54:3	2	4	3	prep_complement	syntactically_forced	high			CV	NOUN_CONCRETE		فِي	position_morpheme_aligned	case_government;local_syntax	ٱلْكِتَابِ is governed by فِي as the setting of ٱذْكُرْ.	resources/attachments.tsv:29213
sx-19_54-00437	ae:v3:s019:054:pass1:attach:a2	19:54	w-s019-a054-w001	w-s019-a054-w004		m-w-s019-a054-w001-02	m-w-s019-a054-w004-01		19:54:1:2	19:54:4:1		q:19:54:2	q:19:54:5		2	5		direct_object	syntactically_forced	high			CV	NOUN_PROP_FOREIGN	explicit		position_morpheme_aligned	case_government;local_syntax	إِسْمَاعِيلَ is the object named for ٱذْكُرْ.	resources/attachments.tsv:29214
sx-19_54-00438	ae:v3:s019:054:pass1:attach:a3	19:54	w-s019-a054-w005	w-s019-a054-w005		m-w-s019-a054-w005-01	m-w-s019-a054-w005-02		19:54:5:1	19:54:5:2		q:19:54:6	q:19:54:6		6	6		particle_complement	syntactically_forced	high	particle_segment	pronoun_suffix					position_morpheme_aligned	morphology;local_syntax	The suffix هُ in إِنَّهُ is the governed noun of إِنَّ.	resources/attachments.tsv:29215
sx-19_54-00439	ae:v3:s019:054:pass1:attach:a4	19:54	w-s019-a054-w005	w-s019-a054-w006		m-w-s019-a054-w005-01	m-w-s019-a054-w006-01		19:54:5:1	19:54:6:1		q:19:54:6	q:19:54:7		6	7		predication	strongly_licensed	high			ANNUL_PART	PV			position_morpheme_aligned	local_syntax	كَانَ صَادِقَ ٱلْوَعْدِ supplies the predicate content of إِنَّهُ.	resources/attachments.tsv:29216
sx-19_54-00440	ae:v3:s019:054:pass1:attach:a5	19:54	w-s019-a054-w006	w-s019-a054-w007		m-w-s019-a054-w006-01	m-w-s019-a054-w007-01		19:54:6:1	19:54:7:1		q:19:54:7	q:19:54:8		7	8		kana_predicate	syntactically_forced	high			PV	NOUN_ACTIVE_PART			position_morpheme_aligned	case_government;local_syntax	صَادِقَ is the accusative predicate of كَانَ.	resources/attachments.tsv:29217
sx-19_54-00441	ae:v3:s019:054:pass1:attach:a6	19:54	w-s019-a054-w007	w-s019-a054-w008		m-w-s019-a054-w007-01	m-w-s019-a054-w008-02		19:54:7:1	19:54:8:2		q:19:54:8	q:19:54:9		8	9		idafa	syntactically_forced	high			NOUN_ACTIVE_PART	GERUND			position_morpheme_aligned	morphology;case_government	ٱلْوَعْدِ is the genitive complement of construct صَادِقَ.	resources/attachments.tsv:29218
sx-19_54-00442	ae:v3:s019:054:pass1:attach:a7	19:54	w-s019-a054-w006	w-s019-a054-w009		m-w-s019-a054-w006-01	m-w-s019-a054-w009-02		19:54:6:1	19:54:9:2		q:19:54:7	q:19:54:11		7	11		conjoined	strongly_licensed	high			PV	PV			position_morpheme_aligned	local_syntax	وَكَانَ coordinates the second copular assertion with the first كَانَ.	resources/attachments.tsv:29219
sx-19_54-00443	ae:v3:s019:054:pass1:attach:a8	19:54	w-s019-a054-w009	w-s019-a054-w010		m-w-s019-a054-w009-02	m-w-s019-a054-w010-01		19:54:9:2	19:54:10:1		q:19:54:11	q:19:54:12		11	12		kana_predicate	syntactically_forced	high			PV	NOUN_CONCRETE			position_morpheme_aligned	case_government;local_syntax	رَسُولًا is the predicate of the second كَانَ.	resources/attachments.tsv:29220
sx-19_54-00444	ae:v3:s019:054:pass1:attach:a9	19:54	w-s019-a054-w010	w-s019-a054-w011		m-w-s019-a054-w010-01	m-w-s019-a054-w011-01		19:54:10:1	19:54:11:1		q:19:54:12	q:19:54:13		12	13		adjective	strongly_licensed	high			NOUN_CONCRETE	NOUN_CONCRETE			position_morpheme_aligned	agreement;local_syntax	نَبِيًّا agrees with and describes رَسُولًا.	resources/attachments.tsv:29221
sx-19_55-00445	ae:v3:s019:055:pass1:attach:a1	19:55	w-s019-a055-w001	w-s019-a055-w002		m-w-s019-a055-w001-02	m-w-s019-a055-w002-01		19:55:1:2	19:55:2:1		q:19:55:2	q:19:55:3		2	3		kana_predicate	strongly_licensed	high			PV	IV			position_morpheme_aligned	local_syntax	يَأْمُرُ supplies the verbal predicate of كَانَ.	resources/attachments.tsv:29222
sx-19_55-00446	ae:v3:s019:055:pass1:attach:a2	19:55	w-s019-a055-w002	w-s019-a055-w003		m-w-s019-a055-w002-01	m-w-s019-a055-w003-01		19:55:2:1	19:55:3:1		q:19:55:3	q:19:55:4		3	4		direct_object	syntactically_forced	high			IV	NOUN_CONCRETE	explicit		position_morpheme_aligned	case_government;local_syntax	أَهْلَهُ is the object commanded by يَأْمُرُ.	resources/attachments.tsv:29223
sx-19_55-00447	ae:v3:s019:055:pass1:attach:a3	19:55	w-s019-a055-w003	w-s019-a055-w003		m-w-s019-a055-w003-01	m-w-s019-a055-w003-01		19:55:3:1	19:55:3:1		q:19:55:4	q:19:55:4		4	4		idafa	syntactically_forced	high	whole_word	possessive_suffix	NOUN_CONCRETE				position_morpheme_aligned	morphology;local_syntax	The suffix هُ in أَهْلَهُ is the genitive possessor of أَهْلَ.	resources/attachments.tsv:29224
sx-19_55-00448	ae:v3:s019:055:pass1:attach:a4	19:55	w-s019-a055-w002	w-s019-a055-w004	w-s019-a055-w004	m-w-s019-a055-w002-01	m-w-s019-a055-w004-03	m-w-s019-a055-w004-01	19:55:2:1	19:55:4:3	19:55:4:1	q:19:55:3	q:19:55:6	q:19:55:5	3	6	5	prep_complement	syntactically_forced	high			IV	GERUND		بـ	position_morpheme_aligned	case_government;local_syntax	ٱلصَّلَوٰةِ is governed by بِ as the commanded matter with يَأْمُرُ.	resources/attachments.tsv:29225
sx-19_55-00449	ae:v3:s019:055:pass1:attach:a5	19:55	w-s019-a055-w004	w-s019-a055-w005		m-w-s019-a055-w004-03	m-w-s019-a055-w005-03		19:55:4:3	19:55:5:3		q:19:55:6	q:19:55:8		6	8		conjoined	strongly_licensed	high			GERUND	NOUN_ABSTRACT			position_morpheme_aligned	local_syntax;parallelism	وَٱلزَّكَوٰةِ coordinates ٱلزَّكَوٰةِ with ٱلصَّلَوٰةِ.	resources/attachments.tsv:29226
sx-19_55-00450	ae:v3:s019:055:pass1:attach:a6	19:55	w-s019-a055-w002	w-s019-a055-w005	w-s019-a055-w004	m-w-s019-a055-w002-01	m-w-s019-a055-w005-03	m-w-s019-a055-w004-01	19:55:2:1	19:55:5:3	19:55:4:1	q:19:55:3	q:19:55:8	q:19:55:5	3	8	5	prep_complement	strongly_licensed	high			IV	NOUN_ABSTRACT		بـ	position_morpheme_aligned	case_government;parallelism	ٱلزَّكَوٰةِ shares the بِ complement governed by يَأْمُرُ through coordination with ٱلصَّلَوٰةِ.	resources/attachments.tsv:29227
sx-19_55-00451	ae:v3:s019:055:pass1:attach:a7	19:55	w-s019-a055-w001	w-s019-a055-w006		m-w-s019-a055-w001-02	m-w-s019-a055-w006-02		19:55:1:2	19:55:6:2		q:19:55:2	q:19:55:10		2	10		conjoined	strongly_licensed	high			PV	PV			position_morpheme_aligned	local_syntax	وَكَانَ coordinates the second كَانَ clause with the first.	resources/attachments.tsv:29228
sx-19_55-00452	ae:v3:s019:055:pass1:attach:a8	19:55	w-s019-a055-w009	w-s019-a055-w007		m-w-s019-a055-w009-01	m-w-s019-a055-w007-01		19:55:9:1	19:55:7:1		q:19:55:13	q:19:55:11		13	11		adverbial	strongly_licensed	high			NOUN_PASSIVE_PART	ADV			position_morpheme_aligned	local_syntax;case_government	عِندَ رَبِّهِ locates the state expressed by مَرْضِيًّا.	resources/attachments.tsv:29229
sx-19_55-00453	ae:v3:s019:055:pass1:attach:a9	19:55	w-s019-a055-w007	w-s019-a055-w008		m-w-s019-a055-w007-01	m-w-s019-a055-w008-01		19:55:7:1	19:55:8:1		q:19:55:11	q:19:55:12		11	12		idafa	syntactically_forced	high			ADV	NOUN_CONCRETE			position_morpheme_aligned	morphology;case_government	رَبِّهِ is the genitive complement governed by عِندَ.	resources/attachments.tsv:29230
sx-19_55-00454	ae:v3:s019:055:pass1:attach:a10	19:55	w-s019-a055-w008	w-s019-a055-w008		m-w-s019-a055-w008-01	m-w-s019-a055-w008-01		19:55:8:1	19:55:8:1		q:19:55:12	q:19:55:12		12	12		idafa	syntactically_forced	high	whole_word	possessive_suffix	NOUN_CONCRETE				position_morpheme_aligned	morphology;local_syntax	The suffix هِ in رَبِّهِ is the genitive possessor of رَبِّ.	resources/attachments.tsv:29231
sx-19_55-00455	ae:v3:s019:055:pass1:attach:a11	19:55	w-s019-a055-w006	w-s019-a055-w009		m-w-s019-a055-w006-02	m-w-s019-a055-w009-01		19:55:6:2	19:55:9:1		q:19:55:10	q:19:55:13		10	13		kana_predicate	syntactically_forced	high			PV	NOUN_PASSIVE_PART			position_morpheme_aligned	case_government;local_syntax	مَرْضِيًّا is the accusative predicate of the second كَانَ.	resources/attachments.tsv:29232
sx-19_56-00456	ae:v3:s019:056:pass1:attach:a1	19:56	w-s019-a056-w001	w-s019-a056-w003	w-s019-a056-w002	m-w-s019-a056-w001-02	m-w-s019-a056-w003-02	m-w-s019-a056-w002-01	19:56:1:2	19:56:3:2	19:56:2:1	q:19:56:2	q:19:56:4	q:19:56:3	2	4	3	prep_complement	syntactically_forced	high			CV	NOUN_CONCRETE		فِي	position_morpheme_aligned	case_government;local_syntax	ٱلْكِتَابِ is governed by فِي as the setting of ٱذْكُرْ.	resources/attachments.tsv:29233
sx-19_56-00457	ae:v3:s019:056:pass1:attach:a2	19:56	w-s019-a056-w001	w-s019-a056-w004		m-w-s019-a056-w001-02	m-w-s019-a056-w004-01		19:56:1:2	19:56:4:1		q:19:56:2	q:19:56:5		2	5		direct_object	syntactically_forced	high			CV	NOUN_PROP_FOREIGN	explicit		position_morpheme_aligned	case_government;local_syntax	إِدْرِيسَ is the object named for ٱذْكُرْ.	resources/attachments.tsv:29234
sx-19_56-00458	ae:v3:s019:056:pass1:attach:a3	19:56	w-s019-a056-w005	w-s019-a056-w005		m-w-s019-a056-w005-01	m-w-s019-a056-w005-02		19:56:5:1	19:56:5:2		q:19:56:6	q:19:56:6		6	6		particle_complement	syntactically_forced	high	particle_segment	pronoun_suffix					position_morpheme_aligned	morphology;local_syntax	The suffix هُ in إِنَّهُ is the governed noun of إِنَّ.	resources/attachments.tsv:29235
sx-19_56-00459	ae:v3:s019:056:pass1:attach:a4	19:56	w-s019-a056-w005	w-s019-a056-w006		m-w-s019-a056-w005-01	m-w-s019-a056-w006-01		19:56:5:1	19:56:6:1		q:19:56:6	q:19:56:7		6	7		predication	strongly_licensed	high			ANNUL_PART	PV			position_morpheme_aligned	local_syntax	كَانَ صِدِّيقًا نَبِيًّا supplies the predicate content of إِنَّهُ.	resources/attachments.tsv:29236
sx-19_56-00460	ae:v3:s019:056:pass1:attach:a5	19:56	w-s019-a056-w006	w-s019-a056-w007		m-w-s019-a056-w006-01	m-w-s019-a056-w007-01		19:56:6:1	19:56:7:1		q:19:56:7	q:19:56:8		7	8		kana_predicate	syntactically_forced	high			PV	ADJ_INTENS			position_morpheme_aligned	case_government;local_syntax	صِدِّيقًا is the accusative predicate of كَانَ.	resources/attachments.tsv:29237
sx-19_56-00461	ae:v3:s019:056:pass1:attach:a6	19:56	w-s019-a056-w007	w-s019-a056-w008		m-w-s019-a056-w007-01	m-w-s019-a056-w008-01		19:56:7:1	19:56:8:1		q:19:56:8	q:19:56:9		8	9		adjective	strongly_licensed	high			ADJ_INTENS	NOUN_CONCRETE			position_morpheme_aligned	agreement;local_syntax	نَبِيًّا agrees with and describes صِدِّيقًا.	resources/attachments.tsv:29238
sx-19_57-00462	ae:v3:s019:057:pass1:attach:a1	19:57	w-s019-a057-w001	w-s019-a057-w001		m-w-s019-a057-w001-02	m-w-s019-a057-w001-02		19:57:1:2	19:57:1:2		q:19:57:2	q:19:57:2		2	2		direct_object	syntactically_forced	high		object_suffix	PV		clitic		position_morpheme_aligned	morphology;local_syntax	The suffix هُ in رَفَعْنَاهُ is the object raised.	resources/attachments.tsv:29239
sx-19_57-00463	ae:v3:s019:057:pass1:attach:a2	19:57	w-s019-a057-w001	w-s019-a057-w002		m-w-s019-a057-w001-02	m-w-s019-a057-w002-01		19:57:1:2	19:57:2:1		q:19:57:2	q:19:57:3		2	3		adverbial	strongly_licensed	high			PV	NOUN_TIME_PLACE			position_morpheme_aligned	case_government;local_syntax	مَكَانًا is an accusative place adverbial with رَفَعْنَاهُ.	resources/attachments.tsv:29240
sx-19_57-00464	ae:v3:s019:057:pass1:attach:a3	19:57	w-s019-a057-w002	w-s019-a057-w003		m-w-s019-a057-w002-01	m-w-s019-a057-w003-01		19:57:2:1	19:57:3:1		q:19:57:3	q:19:57:4		3	4		adjective	strongly_licensed	high			NOUN_TIME_PLACE	ADJ_QUALIT			position_morpheme_aligned	agreement;local_syntax	عَلِيًّا agrees with and describes مَكَانًا.	resources/attachments.tsv:29241
sx-19_58-00465	ae:v3:s019:058:pass1:attach:a1	19:58	w-s019-a058-w001	w-s019-a058-w002		m-w-s019-a058-w001-01	m-w-s019-a058-w002-01		19:58:1:1	19:58:2:1		q:19:58:1	q:19:58:2		1	2		predication	strongly_licensed	high			DEM_PRON_MP	REL_PRON			position_morpheme_aligned	local_syntax	ٱلَّذِينَ is the predicate of أُو۟لَٰئِكَ.	resources/attachments.tsv:29242
sx-19_58-00466	ae:v3:s019:058:pass1:attach:a2	19:58	w-s019-a058-w003	w-s019-a058-w004		m-w-s019-a058-w003-01	m-w-s019-a058-w004-01		19:58:3:1	19:58:4:1		q:19:58:3	q:19:58:4		3	4		subject	syntactically_forced	high			PV	NOUN_PROP			position_morpheme_aligned	case_government;word_order	ٱللَّهُ is the nominative subject of أَنْعَمَ.	resources/attachments.tsv:29243
sx-19_58-00467	ae:v3:s019:058:pass1:attach:a3	19:58	w-s019-a058-w003	w-s019-a058-w005	w-s019-a058-w005	m-w-s019-a058-w003-01	m-w-s019-a058-w005-02	m-w-s019-a058-w005-01	19:58:3:1	19:58:5:2	19:58:5:1	q:19:58:3	q:19:58:5	q:19:58:5	3	5	5	prep_complement	syntactically_forced	high		pronoun_suffix	PV			عَلَى	position_morpheme_aligned	case_government;local_syntax	The suffix هِم in عَلَيْهِم is governed by عَلَى as complement of أَنْعَمَ.	resources/attachments.tsv:29244
sx-19_58-00468	ae:v3:s019:058:pass1:attach:a4	19:58	w-s019-a058-w002	w-s019-a058-w007	w-s019-a058-w006	m-w-s019-a058-w002-01	m-w-s019-a058-w007-02	m-w-s019-a058-w006-01	19:58:2:1	19:58:7:2	19:58:6:1	q:19:58:2	q:19:58:7	q:19:58:6	2	7	6	prep_complement	strongly_licensed	high			REL_PRON	NOUN_CONCRETE		مِن	position_morpheme_aligned	case_government;local_syntax	ٱلنَّبِيِّۦنَ is governed by مِنَ as a partitive specification of ٱلَّذِينَ.	resources/attachments.tsv:29245
sx-19_58-00469	ae:v3:s019:058:pass1:attach:a5	19:58	w-s019-a058-w002	w-s019-a058-w009	w-s019-a058-w008	m-w-s019-a058-w002-01	m-w-s019-a058-w009-01	m-w-s019-a058-w008-01	19:58:2:1	19:58:9:1	19:58:8:1	q:19:58:2	q:19:58:9	q:19:58:8	2	9	8	prep_complement	strongly_licensed	high			REL_PRON	GERUND_PROFESSION		مِن	position_morpheme_aligned	case_government;local_syntax	ذُرِّيَّةِ is governed by مِن as a genealogical specification of ٱلَّذِينَ.	resources/attachments.tsv:29246
sx-19_58-00470	ae:v3:s019:058:pass1:attach:a6	19:58	w-s019-a058-w009	w-s019-a058-w010		m-w-s019-a058-w009-01	m-w-s019-a058-w010-01		19:58:9:1	19:58:10:1		q:19:58:9	q:19:58:10		9	10		idafa	syntactically_forced	high			GERUND_PROFESSION	NOUN_PROP_FOREIGN			position_morpheme_aligned	morphology;case_government	ءَادَمَ is the genitive complement of construct ذُرِّيَّةِ.	resources/attachments.tsv:29247
sx-19_58-00471	ae:v3:s019:058:pass1:attach:a7	19:58	w-s019-a058-w009	w-s019-a058-w011		m-w-s019-a058-w009-01	m-w-s019-a058-w011-02		19:58:9:1	19:58:11:2		q:19:58:9	q:19:58:12		9	12		conjoined	strongly_licensed	high			GERUND_PROFESSION	PREP			position_morpheme_aligned	local_syntax;parallelism	وَمِمَّنْ coordinates the following partitive group with مِن ذُرِّيَّةِ ءَادَمَ.	resources/attachments.tsv:29248
sx-19_58-00472	ae:v3:s019:058:pass1:attach:a8	19:58	w-s019-a058-w002	w-s019-a058-w011	w-s019-a058-w011	m-w-s019-a058-w002-01		m-w-s019-a058-w011-02	19:58:2:1	19:58:11	19:58:11:2	q:19:58:2	q:19:58:12	q:19:58:12	2	12	12	prep_complement	syntactically_forced	high		particle_segment	REL_PRON			مِن	position_word_aligned	case_government;local_syntax	The relative مَنْ in مِمَّنْ is governed by مِن as another partitive complement of ٱلَّذِينَ.	resources/attachments.tsv:29249
sx-19_58-00473	ae:v3:s019:058:pass1:attach:a9	19:58	w-s019-a058-w012	w-s019-a058-w011		m-w-s019-a058-w012-01			19:58:12:1	19:58:11		q:19:58:13	q:19:58:12		13	12		direct_object	syntactically_forced	high		particle_segment	PV		explicit		position_word_aligned	local_syntax;word_order	The relative مَنْ in مِمَّنْ is the object of حَمَلْنَا.	resources/attachments.tsv:29250
sx-19_58-00474	ae:v3:s019:058:pass1:attach:a10	19:58	w-s019-a058-w012	w-s019-a058-w013		m-w-s019-a058-w012-01	m-w-s019-a058-w013-01		19:58:12:1	19:58:13:1		q:19:58:13	q:19:58:14		13	14		adverbial	strongly_licensed	high			PV	ADV			position_morpheme_aligned	case_government;local_syntax	مَعَ introduces the accompaniment adverbial with حَمَلْنَا.	resources/attachments.tsv:29251
sx-19_58-00475	ae:v3:s019:058:pass1:attach:a11	19:58	w-s019-a058-w013	w-s019-a058-w014		m-w-s019-a058-w013-01	m-w-s019-a058-w014-01		19:58:13:1	19:58:14:1		q:19:58:14	q:19:58:15		14	15		idafa	syntactically_forced	high			ADV	NOUN_PROP_FOREIGN			position_morpheme_aligned	case_government;local_syntax	نُوحٍ is the genitive complement governed by مَعَ.	resources/attachments.tsv:29252
sx-19_58-00476	ae:v3:s019:058:pass1:attach:a12	19:58	w-s019-a058-w009	w-s019-a058-w016		m-w-s019-a058-w009-01	m-w-s019-a058-w016-01		19:58:9:1	19:58:16:1		q:19:58:9	q:19:58:18		9	18		conjoined	strongly_licensed	high			GERUND_PROFESSION	GERUND_PROFESSION			position_morpheme_aligned	local_syntax;parallelism	وَمِن ذُرِّيَّةِ coordinates a second ذُرِّيَّةِ phrase with the earlier ذُرِّيَّةِ ءَادَمَ.	resources/attachments.tsv:29253
sx-19_58-00477	ae:v3:s019:058:pass1:attach:a13	19:58	w-s019-a058-w002	w-s019-a058-w016	w-s019-a058-w015	m-w-s019-a058-w002-01	m-w-s019-a058-w016-01	m-w-s019-a058-w015-02	19:58:2:1	19:58:16:1	19:58:15:2	q:19:58:2	q:19:58:18	q:19:58:17	2	18	17	prep_complement	strongly_licensed	high			REL_PRON	GERUND_PROFESSION		مِن	position_morpheme_aligned	case_government;local_syntax	ذُرِّيَّةِ is governed by مِن as another genealogical specification of ٱلَّذِينَ.	resources/attachments.tsv:29254
sx-19_58-00478	ae:v3:s019:058:pass1:attach:a14	19:58	w-s019-a058-w016	w-s019-a058-w017		m-w-s019-a058-w016-01	m-w-s019-a058-w017-01		19:58:16:1	19:58:17:1		q:19:58:18	q:19:58:19		18	19		idafa	syntactically_forced	high			GERUND_PROFESSION	NOUN_PROP			position_morpheme_aligned	morphology;case_government	إِبْرَٰهِيمَ is the genitive complement of construct ذُرِّيَّةِ.	resources/attachments.tsv:29255
sx-19_58-00479	ae:v3:s019:058:pass1:attach:a15	19:58	w-s019-a058-w017	w-s019-a058-w018		m-w-s019-a058-w017-01	m-w-s019-a058-w018-02		19:58:17:1	19:58:18:2		q:19:58:19	q:19:58:21		19	21		conjoined	strongly_licensed	high			NOUN_PROP	NOUN_PROP_FOREIGN			position_morpheme_aligned	local_syntax;parallelism	وَإِسْرَٰٓءِيلَ coordinates إِسْرَٰٓءِيلَ with إِبْرَٰهِيمَ.	resources/attachments.tsv:29256
sx-19_58-00480	ae:v3:s019:058:pass1:attach:a16	19:58	w-s019-a058-w016	w-s019-a058-w018		m-w-s019-a058-w016-01	m-w-s019-a058-w018-02		19:58:16:1	19:58:18:2		q:19:58:18	q:19:58:21		18	21		idafa	syntactically_forced	high			GERUND_PROFESSION	NOUN_PROP_FOREIGN			position_morpheme_aligned	case_government;parallelism	إِسْرَٰٓءِيلَ shares the genitive construct relation with ذُرِّيَّةِ through coordination with إِبْرَٰهِيمَ.	resources/attachments.tsv:29257
sx-19_58-00481	ae:v3:s019:058:pass1:attach:a17	19:58	w-s019-a058-w016	w-s019-a058-w019		m-w-s019-a058-w016-01	m-w-s019-a058-w019-02		19:58:16:1	19:58:19:2		q:19:58:18	q:19:58:23		18	23		conjoined	strongly_licensed	high			GERUND_PROFESSION	PREP			position_morpheme_aligned	local_syntax;parallelism	وَمِمَّنْ coordinates the final partitive group with مِن ذُرِّيَّةِ إِبْرَٰهِيمَ.	resources/attachments.tsv:29258
sx-19_58-00482	ae:v3:s019:058:pass1:attach:a18	19:58	w-s019-a058-w002	w-s019-a058-w019	w-s019-a058-w019	m-w-s019-a058-w002-01		m-w-s019-a058-w019-02	19:58:2:1	19:58:19	19:58:19:2	q:19:58:2	q:19:58:23	q:19:58:23	2	23	23	prep_complement	syntactically_forced	high		particle_segment	REL_PRON			مِن	position_word_aligned	case_government;local_syntax	The relative مَنْ in مِمَّنْ is governed by مِن as a final partitive complement of ٱلَّذِينَ.	resources/attachments.tsv:29259
sx-19_58-00483	ae:v3:s019:058:pass1:attach:a19	19:58	w-s019-a058-w020	w-s019-a058-w019		m-w-s019-a058-w020-01			19:58:20:1	19:58:19		q:19:58:24	q:19:58:23		24	23		direct_object	syntactically_forced	high		particle_segment	PV		explicit		position_word_aligned	local_syntax;word_order	The relative مَنْ in مِمَّنْ is the object of هَدَيْنَا.	resources/attachments.tsv:29260
sx-19_58-00484	ae:v3:s019:058:pass1:attach:a20	19:58	w-s019-a058-w020	w-s019-a058-w021		m-w-s019-a058-w020-01	m-w-s019-a058-w021-02		19:58:20:1	19:58:21:2		q:19:58:24	q:19:58:26		24	26		conjoined	strongly_licensed	high			PV	PV			position_morpheme_aligned	local_syntax;parallelism	وَٱجْتَبَيْنَا coordinates ٱجْتَبَيْنَا with هَدَيْنَا.	resources/attachments.tsv:29261
sx-19_58-00485	ae:v3:s019:058:pass1:attach:a21	19:58	w-s019-a058-w021	w-s019-a058-w019		m-w-s019-a058-w021-02			19:58:21:2	19:58:19		q:19:58:26	q:19:58:23		26	23		direct_object	syntactically_forced	high		particle_segment	PV		explicit		position_word_aligned	local_syntax;parallelism	The relative مَنْ in مِمَّنْ is also the shared object of ٱجْتَبَيْنَا.	resources/attachments.tsv:29262
sx-19_58-00486	ae:v3:s019:058:pass1:attach:a22	19:58	w-s019-a058-w027	w-s019-a058-w022		m-w-s019-a058-w027-01	m-w-s019-a058-w022-01		19:58:27:1	19:58:22:1		q:19:58:32	q:19:58:27		32	27		adverbial	strongly_licensed	high			PV	ADV			position_morpheme_aligned	local_syntax	إِذَا sets the temporal condition for خَرُّوا۟.	resources/attachments.tsv:29263
sx-19_58-00487	ae:v3:s019:058:pass1:attach:a23	19:58	w-s019-a058-w023	w-s019-a058-w024	w-s019-a058-w024	m-w-s019-a058-w023-01	m-w-s019-a058-w024-02	m-w-s019-a058-w024-01	19:58:23:1	19:58:24:2	19:58:24:1	q:19:58:28	q:19:58:29	q:19:58:29	28	29	29	prep_complement	syntactically_forced	high		pronoun_suffix	IV_PASS			عَلَى	position_morpheme_aligned	case_government;local_syntax	The suffix هِم in عَلَيْهِمْ is governed by عَلَى as complement of تُتْلَىٰ.	resources/attachments.tsv:29264
sx-19_58-00488	ae:v3:s019:058:pass1:attach:a24	19:58	w-s019-a058-w023	w-s019-a058-w025		m-w-s019-a058-w023-01	m-w-s019-a058-w025-01		19:58:23:1	19:58:25:1		q:19:58:28	q:19:58:30		28	30		subject	syntactically_forced	high			IV_PASS	NOUN_ABSTRACT			position_morpheme_aligned	agreement;case_government	ءَايَٰتُ is the nominative passive subject of تُتْلَىٰ.	resources/attachments.tsv:29265
sx-19_58-00489	ae:v3:s019:058:pass1:attach:a25	19:58	w-s019-a058-w025	w-s019-a058-w026		m-w-s019-a058-w025-01	m-w-s019-a058-w026-02		19:58:25:1	19:58:26:2		q:19:58:30	q:19:58:31		30	31		idafa	syntactically_forced	high			NOUN_ABSTRACT	NOUN_PROP			position_morpheme_aligned	morphology;case_government	ٱلرَّحْمَٰنِ is the genitive complement of construct ءَايَٰتُ.	resources/attachments.tsv:29266
sx-19_58-00490	ae:v3:s019:058:pass1:attach:a26	19:58	w-s019-a058-w027	w-s019-a058-w028		m-w-s019-a058-w027-01	m-w-s019-a058-w028-01		19:58:27:1	19:58:28:1		q:19:58:32	q:19:58:33		32	33		circumstantial	strongly_licensed	high			PV	NOUN_ACTIVE_PART			position_morpheme_aligned	case_government;local_syntax	سُجَّدًا is an accusative حال with خَرُّوا۟.	resources/attachments.tsv:29267
sx-19_58-00491	ae:v3:s019:058:pass1:attach:a27	19:58	w-s019-a058-w028	w-s019-a058-w029		m-w-s019-a058-w028-01	m-w-s019-a058-w029-02		19:58:28:1	19:58:29:2		q:19:58:33	q:19:58:35		33	35		conjoined	strongly_licensed	high			NOUN_ACTIVE_PART	NOUN_ACTIVE_PART			position_morpheme_aligned	local_syntax;parallelism	وَبُكِيًّا coordinates بُكِيًّا with سُجَّدًا.	resources/attachments.tsv:29268
sx-19_58-00492	ae:v3:s019:058:pass1:attach:a28	19:58	w-s019-a058-w027	w-s019-a058-w029		m-w-s019-a058-w027-01	m-w-s019-a058-w029-02		19:58:27:1	19:58:29:2		q:19:58:32	q:19:58:35		32	35		circumstantial	strongly_licensed	high			PV	NOUN_ACTIVE_PART			position_morpheme_aligned	case_government;parallelism	بُكِيًّا is a second accusative حال with خَرُّوا۟.	resources/attachments.tsv:29269
sx-19_59-00493	ae:v3:s019:059:pass1:attach:a1	19:59	w-s019-a059-w001	w-s019-a059-w003	w-s019-a059-w002	m-w-s019-a059-w001-02	m-w-s019-a059-w003-01	m-w-s019-a059-w002-01	19:59:1:2	19:59:3:1	19:59:2:1	q:19:59:2	q:19:59:4	q:19:59:3	2	4	3	prep_complement	syntactically_forced	high			PV	NOUN_ABSTRACT		مِن	position_morpheme_aligned	case_government;local_syntax	بَعْدِهِمْ is governed by مِنْ as the temporal complement of خَلَفَ.	resources/attachments.tsv:29270
sx-19_59-00494	ae:v3:s019:059:pass1:attach:a2	19:59	w-s019-a059-w003	w-s019-a059-w003		m-w-s019-a059-w003-01	m-w-s019-a059-w003-01		19:59:3:1	19:59:3:1		q:19:59:4	q:19:59:4		4	4		idafa	syntactically_forced	high	whole_word	possessive_suffix	NOUN_ABSTRACT				position_morpheme_aligned	morphology;local_syntax	The suffix هِمْ in بَعْدِهِمْ is the genitive possessor of بَعْدِ.	resources/attachments.tsv:29271
sx-19_59-00495	ae:v3:s019:059:pass1:attach:a3	19:59	w-s019-a059-w001	w-s019-a059-w004		m-w-s019-a059-w001-02	m-w-s019-a059-w004-01		19:59:1:2	19:59:4:1		q:19:59:2	q:19:59:5		2	5		subject	syntactically_forced	high			PV	NOUN_CONCRETE			position_morpheme_aligned	case_government;word_order	خَلْفٌ is the nominative subject of خَلَفَ.	resources/attachments.tsv:29272
sx-19_59-00496	ae:v3:s019:059:pass1:attach:a4	19:59	w-s019-a059-w005	w-s019-a059-w006		m-w-s019-a059-w005-01	m-w-s019-a059-w006-02		19:59:5:1	19:59:6:2		q:19:59:6	q:19:59:7		6	7		direct_object	syntactically_forced	high			PV	GERUND	explicit		position_morpheme_aligned	case_government;local_syntax	ٱلصَّلَوٰةَ is the object of أَضَاعُوا۟.	resources/attachments.tsv:29273
sx-19_59-00497	ae:v3:s019:059:pass1:attach:a5	19:59	w-s019-a059-w005	w-s019-a059-w007		m-w-s019-a059-w005-01	m-w-s019-a059-w007-02		19:59:5:1	19:59:7:2		q:19:59:6	q:19:59:9		6	9		conjoined	strongly_licensed	high			PV	PV			position_morpheme_aligned	local_syntax;parallelism	وَٱتَّبَعُوا۟ coordinates ٱتَّبَعُوا۟ with أَضَاعُوا۟.	resources/attachments.tsv:29274
sx-19_59-00498	ae:v3:s019:059:pass1:attach:a6	19:59	w-s019-a059-w007	w-s019-a059-w008		m-w-s019-a059-w007-02	m-w-s019-a059-w008-02		19:59:7:2	19:59:8:2		q:19:59:9	q:19:59:10		9	10		direct_object	syntactically_forced	high			PV	NOUN_ABSTRACT	explicit		position_morpheme_aligned	case_government;local_syntax	ٱلشَّهَوَٰتِ is the object of ٱتَّبَعُوا۟.	resources/attachments.tsv:29275
sx-19_59-00499	ae:v3:s019:059:pass1:attach:a7	19:59	w-s019-a059-w009	w-s019-a059-w010		m-w-s019-a059-w009-02	m-w-s019-a059-w010-01		19:59:9:2	19:59:10:1		q:19:59:12	q:19:59:13		12	13		particle_complement	strongly_licensed	high			FUTUR_PART	IV			position_morpheme_aligned	local_syntax	سَوْفَ marks يَلْقَوْنَ as its future verbal complement.	resources/attachments.tsv:29276
sx-19_59-00500	ae:v3:s019:059:pass1:attach:a8	19:59	w-s019-a059-w010	w-s019-a059-w011		m-w-s019-a059-w010-01	m-w-s019-a059-w011-01		19:59:10:1	19:59:11:1		q:19:59:13	q:19:59:14		13	14		direct_object	syntactically_forced	high			IV	NOUN_ABSTRACT	explicit		position_morpheme_aligned	case_government;local_syntax	غَيًّا is the object of يَلْقَوْنَ.	resources/attachments.tsv:29277
sx-19_60-00501	ae:v3:s019:060:pass1:attach:a1	19:60	w-s019-a060-w001	w-s019-a060-w002		m-w-s019-a060-w001-01	m-w-s019-a060-w002-01		19:60:1:1	19:60:2:1		q:19:60:1	q:19:60:2		1	2		exception	syntactically_forced	high			EXCEPT_PART	REL_PRON			position_morpheme_aligned	local_syntax	إِلَّا marks مَن تَابَ وَءَامَنَ وَعَمِلَ صَٰلِحًا as the exception span.	resources/attachments.tsv:29278
sx-19_60-00502	ae:v3:s019:060:pass1:attach:a2	19:60	w-s019-a060-w003	w-s019-a060-w002		m-w-s019-a060-w003-01	m-w-s019-a060-w002-01		19:60:3:1	19:60:2:1		q:19:60:3	q:19:60:2		3	2		subject	syntactically_forced	high			PV	REL_PRON			position_morpheme_aligned	local_syntax;word_order	مَن is the subject of تَابَ.	resources/attachments.tsv:29279
sx-19_60-00503	ae:v3:s019:060:pass1:attach:a3	19:60	w-s019-a060-w003	w-s019-a060-w004		m-w-s019-a060-w003-01	m-w-s019-a060-w004-02		19:60:3:1	19:60:4:2		q:19:60:3	q:19:60:5		3	5		conjoined	strongly_licensed	high			PV	PV			position_morpheme_aligned	local_syntax;parallelism	وَءَامَنَ coordinates ءَامَنَ with تَابَ.	resources/attachments.tsv:29280
sx-19_60-00504	ae:v3:s019:060:pass1:attach:a4	19:60	w-s019-a060-w004	w-s019-a060-w002		m-w-s019-a060-w004-02	m-w-s019-a060-w002-01		19:60:4:2	19:60:2:1		q:19:60:5	q:19:60:2		5	2		subject	syntactically_forced	high			PV	REL_PRON			position_morpheme_aligned	local_syntax;parallelism	مَن is the shared subject of ءَامَنَ.	resources/attachments.tsv:29281
sx-19_60-00505	ae:v3:s019:060:pass1:attach:a5	19:60	w-s019-a060-w004	w-s019-a060-w005		m-w-s019-a060-w004-02	m-w-s019-a060-w005-02		19:60:4:2	19:60:5:2		q:19:60:5	q:19:60:7		5	7		conjoined	strongly_licensed	high			PV	PV			position_morpheme_aligned	local_syntax;parallelism	وَعَمِلَ coordinates عَمِلَ with ءَامَنَ.	resources/attachments.tsv:29282
sx-19_60-00506	ae:v3:s019:060:pass1:attach:a6	19:60	w-s019-a060-w005	w-s019-a060-w002		m-w-s019-a060-w005-02	m-w-s019-a060-w002-01		19:60:5:2	19:60:2:1		q:19:60:7	q:19:60:2		7	2		subject	syntactically_forced	high			PV	REL_PRON			position_morpheme_aligned	local_syntax;parallelism	مَن is the shared subject of عَمِلَ.	resources/attachments.tsv:29283
sx-19_60-00507	ae:v3:s019:060:pass1:attach:a7	19:60	w-s019-a060-w005	w-s019-a060-w006		m-w-s019-a060-w005-02	m-w-s019-a060-w006-01		19:60:5:2	19:60:6:1		q:19:60:7	q:19:60:8		7	8		direct_object	strongly_licensed	high			PV	NOUN_ACTIVE_PART	explicit		position_morpheme_aligned	case_government;local_syntax	صَٰلِحًا is the accusative object of عَمِلَ.	resources/attachments.tsv:29284
sx-19_60-00508	ae:v3:s019:060:pass1:attach:a8	19:60	w-s019-a060-w007	w-s019-a060-w008		m-w-s019-a060-w007-02	m-w-s019-a060-w008-01		19:60:7:2	19:60:8:1		q:19:60:10	q:19:60:11		10	11		predication	strongly_licensed	high			DEM_PRON	IV			position_morpheme_aligned	local_syntax	يَدْخُلُونَ ٱلْجَنَّةَ is the predicate of أُو۟لَٰئِكَ.	resources/attachments.tsv:29285
sx-19_60-00509	ae:v3:s019:060:pass1:attach:a9	19:60	w-s019-a060-w008	w-s019-a060-w009		m-w-s019-a060-w008-01	m-w-s019-a060-w009-02		19:60:8:1	19:60:9:2		q:19:60:11	q:19:60:12		11	12		direct_object	strongly_licensed	high			IV	NOUN_CONCRETE	explicit		position_morpheme_aligned	case_government;local_syntax	ٱلْجَنَّةَ is the object entered by يَدْخُلُونَ.	resources/attachments.tsv:29286
sx-19_60-00510	ae:v3:s019:060:pass1:attach:a10	19:60	w-s019-a060-w010	w-s019-a060-w011		m-w-s019-a060-w010-02	m-w-s019-a060-w011-01		19:60:10:2	19:60:11:1		q:19:60:14	q:19:60:15		14	15		particle_complement	strongly_licensed	high			NEG_PART	IV_PASS			position_morpheme_aligned	local_syntax	لَا negates the verbal complement يُظْلَمُونَ.	resources/attachments.tsv:29287
sx-19_60-00511	ae:v3:s019:060:pass1:attach:a11	19:60	w-s019-a060-w008	w-s019-a060-w011		m-w-s019-a060-w008-01	m-w-s019-a060-w011-01		19:60:8:1	19:60:11:1		q:19:60:11	q:19:60:15		11	15		conjoined	strongly_licensed	high			IV	IV_PASS			position_morpheme_aligned	local_syntax;parallelism	وَلَا يُظْلَمُونَ coordinates the passive verb with يَدْخُلُونَ.	resources/attachments.tsv:29288
sx-19_60-00512	ae:v3:s019:060:pass1:attach:a12	19:60	w-s019-a060-w011	w-s019-a060-w012		m-w-s019-a060-w011-01	m-w-s019-a060-w012-01		19:60:11:1	19:60:12:1		q:19:60:15	q:19:60:16		15	16		accusative_specification	strongly_licensed	high			IV_PASS	NOUN_ABSTRACT			position_morpheme_aligned	case_government;local_syntax	شَيْئًا specifies the extent of the negated passive يُظْلَمُونَ.	resources/attachments.tsv:29289
sx-19_61-00513	ae:v3:s019:061:pass1:attach:a1	19:61	w-s019-a061-w001	w-s019-a061-w002		m-w-s019-a061-w001-01	m-w-s019-a061-w002-01		19:61:1:1	19:61:2:1		q:19:61:1	q:19:61:2		1	2		idafa	syntactically_forced	high			NOUN_CONCRETE	NOUN_PROP			position_morpheme_aligned	morphology;case_government	عَدْنٍ is the genitive complement of the construct جَنَّٰتِ.	resources/attachments.tsv:29290
sx-19_61-00514	ae:v3:s019:061:pass1:attach:a2	19:61	w-s019-a061-w001	w-s019-a061-w003		m-w-s019-a061-w001-01	m-w-s019-a061-w003-01		19:61:1:1	19:61:3:1		q:19:61:1	q:19:61:3		1	3		adjective	strongly_licensed	high			NOUN_CONCRETE	REL_PRON			position_morpheme_aligned	agreement;local_syntax	ٱلَّتِى وَعَدَ ٱلرَّحْمَٰنُ عِبَادَهُۥ بِٱلْغَيْبِ functions as an adjectival relative clause for جَنَّٰتِ.	resources/attachments.tsv:29291
sx-19_61-00515	ae:v3:s019:061:pass1:attach:a3	19:61	w-s019-a061-w004	w-s019-a061-w005		m-w-s019-a061-w004-01	m-w-s019-a061-w005-02		19:61:4:1	19:61:5:2		q:19:61:4	q:19:61:5		4	5		subject	syntactically_forced	high			PV	NOUN_PROP			position_morpheme_aligned	agreement;word_order	ٱلرَّحْمَٰنُ is nominative after وَعَدَ and supplies its explicit subject.	resources/attachments.tsv:29292
sx-19_61-00516	ae:v3:s019:061:pass1:attach:a4	19:61	w-s019-a061-w004	w-s019-a061-w006		m-w-s019-a061-w004-01	m-w-s019-a061-w006-01		19:61:4:1	19:61:6:1		q:19:61:4	q:19:61:6		4	6		direct_object	strongly_licensed	high			PV	NOUN_CONCRETE	explicit		position_morpheme_aligned	case_government;local_syntax	عِبَادَهُۥ is the accusative object-recipient governed by وَعَدَ.	resources/attachments.tsv:29293
sx-19_61-00517	ae:v3:s019:061:pass1:attach:a5	19:61	w-s019-a061-w006	w-s019-a061-w006		m-w-s019-a061-w006-01	m-w-s019-a061-w006-01		19:61:6:1	19:61:6:1		q:19:61:6	q:19:61:6		6	6		idafa	syntactically_forced	high		possessive_suffix	NOUN_CONCRETE				position_morpheme_aligned	morphology	The suffix ـهُۥ on عِبَادَهُۥ is the genitive possessor of عِبَاد.	resources/attachments.tsv:29294
sx-19_61-00518	ae:v3:s019:061:pass1:attach:a6	19:61	w-s019-a061-w004	w-s019-a061-w007	w-s019-a061-w006	m-w-s019-a061-w004-01	m-w-s019-a061-w007-03	m-w-s019-a061-w006-01	19:61:4:1	19:61:7:3	19:61:6:1	q:19:61:4	q:19:61:8	q:19:61:7	4	8	7	prep_complement	strongly_licensed	high			PV	GERUND		بـ	fallback_morpheme_aligned	case_government;local_syntax	ٱلْغَيْبِ is governed by بِ and modifies the promising وَعَدَ as بِٱلْغَيْبِ.	resources/attachments.tsv:29295
sx-19_61-00519	ae:v3:s019:061:pass1:attach:a7	19:61	w-s019-a061-w008	w-s019-a061-w008		m-w-s019-a061-w008-01	m-w-s019-a061-w008-02		19:61:8:1	19:61:8:2		q:19:61:9	q:19:61:9		9	9		particle_complement	syntactically_forced	high	particle_segment	pronoun_suffix					position_morpheme_aligned	morphology;local_syntax	The suffix ـهُۥ is the ism of إِنَّ in إِنَّهُۥ.	resources/attachments.tsv:29296
sx-19_61-00520	ae:v3:s019:061:pass1:attach:a8	19:61	w-s019-a061-w008	w-s019-a061-w009		m-w-s019-a061-w008-01	m-w-s019-a061-w009-01		19:61:8:1	19:61:9:1		q:19:61:9	q:19:61:10		9	10		predication	strongly_licensed	high			ANNUL_PART	PV			position_morpheme_aligned	local_syntax	كَانَ وَعْدُهُۥ مَأْتِيًّا supplies the khabar content for إِنَّهُۥ.	resources/attachments.tsv:29297
sx-19_61-00521	ae:v3:s019:061:pass1:attach:a9	19:61	w-s019-a061-w009	w-s019-a061-w010		m-w-s019-a061-w009-01	m-w-s019-a061-w010-01		19:61:9:1	19:61:10:1		q:19:61:10	q:19:61:11		10	11		subject	syntactically_forced	high			PV	GERUND			position_morpheme_aligned	case_government;local_syntax	وَعْدُهُۥ is the nominative ism of كَانَ.	resources/attachments.tsv:29298
sx-19_61-00522	ae:v3:s019:061:pass1:attach:a10	19:61	w-s019-a061-w010	w-s019-a061-w010		m-w-s019-a061-w010-01	m-w-s019-a061-w010-01		19:61:10:1	19:61:10:1		q:19:61:11	q:19:61:11		11	11		idafa	syntactically_forced	high		possessive_suffix	GERUND				position_morpheme_aligned	morphology	The suffix ـهُۥ on وَعْدُهُۥ is the genitive possessor of وَعْد.	resources/attachments.tsv:29299
sx-19_61-00523	ae:v3:s019:061:pass1:attach:a11	19:61	w-s019-a061-w009	w-s019-a061-w011		m-w-s019-a061-w009-01	m-w-s019-a061-w011-01		19:61:9:1	19:61:11:1		q:19:61:10	q:19:61:12		10	12		kana_predicate	syntactically_forced	high			PV	NOUN_PASSIVE_PART			position_morpheme_aligned	case_government;local_syntax	مَأْتِيًّا is the accusative predicate of كَانَ.	resources/attachments.tsv:29300
sx-19_62-00524	ae:v3:s019:062:pass1:attach:a1	19:62	w-s019-a062-w002	w-s019-a062-w003	w-s019-a062-w003	m-w-s019-a062-w002-01	m-w-s019-a062-w003-02	m-w-s019-a062-w003-01	19:62:2:1	19:62:3:2	19:62:3:1	q:19:62:2	q:19:62:3	q:19:62:3	2	3	3	prep_complement	syntactically_forced	high		pronoun_suffix	IV			فِي	position_morpheme_aligned	case_government;local_syntax	The suffix ـهَا in فِيهَا is governed by فِي as the locative complement of يَسْمَعُونَ.	resources/attachments.tsv:29301
sx-19_62-00525	ae:v3:s019:062:pass1:attach:a2	19:62	w-s019-a062-w002	w-s019-a062-w004		m-w-s019-a062-w002-01	m-w-s019-a062-w004-01		19:62:2:1	19:62:4:1		q:19:62:2	q:19:62:4		2	4		direct_object	syntactically_forced	high			IV	GERUND	explicit		position_morpheme_aligned	case_government;local_syntax	لَغْوًا is the accusative object heard by يَسْمَعُونَ under negation.	resources/attachments.tsv:29302
sx-19_62-00526	ae:v3:s019:062:pass1:attach:a3	19:62	w-s019-a062-w004	w-s019-a062-w006		m-w-s019-a062-w004-01	m-w-s019-a062-w006-01		19:62:4:1	19:62:6:1		q:19:62:4	q:19:62:6		4	6		exception	syntactically_forced	high			GERUND	GERUND			position_morpheme_aligned	local_syntax;case_government	سَلَامًا is introduced by إِلَّا as the exception to the negated object لَغْوًا.	resources/attachments.tsv:29303
sx-19_62-00527	ae:v3:s019:062:pass1:attach:a4	19:62	w-s019-a062-w008	w-s019-a062-w006		m-w-s019-a062-w008-01	m-w-s019-a062-w006-01		19:62:8:1	19:62:6:1		q:19:62:9	q:19:62:8		9	8		predication	strongly_licensed	high			NOUN_CONCRETE	PREP			fallback_morpheme_aligned	local_syntax;word_order	لَهُمْ is the fronted predicate of the delayed subject رِزْقُهُمْ.	resources/attachments.tsv:29304
sx-19_62-00528	ae:v3:s019:062:pass1:attach:a5	19:62	w-s019-a062-w008	w-s019-a062-w006	w-s019-a062-w006	m-w-s019-a062-w008-01	m-w-s019-a062-w006-01	m-w-s019-a062-w006-01	19:62:8:1	19:62:6:1	19:62:6:1	q:19:62:9	q:19:62:8	q:19:62:8	9	8	8	prep_complement	syntactically_forced	high		pronoun_suffix	NOUN_CONCRETE			لـ	fallback_morpheme_aligned	case_government;local_syntax	The suffix ـهُمْ in لَهُمْ is governed by لِ in the possessive predicate with رِزْقُهُمْ.	resources/attachments.tsv:29305
sx-19_62-00529	ae:v3:s019:062:pass1:attach:a6	19:62	w-s019-a062-w008	w-s019-a062-w008		m-w-s019-a062-w008-01	m-w-s019-a062-w008-01		19:62:8:1	19:62:8:1		q:19:62:9	q:19:62:9		9	9		idafa	syntactically_forced	high		possessive_suffix	NOUN_CONCRETE				fallback_morpheme_aligned	morphology	The suffix ـهُمْ on رِزْقُهُمْ is the genitive possessor of رِزْق.	resources/attachments.tsv:29306
sx-19_62-00530	ae:v3:s019:062:pass1:attach:a7	19:62	w-s019-a062-w008	w-s019-a062-w009	w-s019-a062-w009	m-w-s019-a062-w008-01	m-w-s019-a062-w009-02	m-w-s019-a062-w009-01	19:62:8:1	19:62:9:2	19:62:9:1	q:19:62:9	q:19:62:10	q:19:62:10	9	10	10	prep_complement	strongly_licensed	high		pronoun_suffix	NOUN_CONCRETE			فِي	fallback_morpheme_aligned	case_government;local_syntax	The suffix ـهَا in فِيهَا is governed by فِي as a locative complement of رِزْقُهُمْ.	resources/attachments.tsv:29307
sx-19_62-00531	ae:v3:s019:062:pass1:attach:a8	19:62	w-s019-a062-w008	w-s019-a062-w010		m-w-s019-a062-w008-01	m-w-s019-a062-w010-01		19:62:8:1	19:62:10:1		q:19:62:9	q:19:62:11		9	11		adverbial	strongly_licensed	high			NOUN_CONCRETE	NOUN_ABSTRACT			fallback_morpheme_aligned	case_government;local_syntax	بُكْرَةً is an accusative time adverb for the provision رِزْقُهُمْ.	resources/attachments.tsv:29308
sx-19_62-00532	ae:v3:s019:062:pass1:attach:a9	19:62	w-s019-a062-w010	w-s019-a062-w011		m-w-s019-a062-w010-01	m-w-s019-a062-w011-02		19:62:10:1	19:62:11:2		q:19:62:11	q:19:62:13		11	13		conjoined	strongly_licensed	high			NOUN_ABSTRACT	NOUN_ABSTRACT			fallback_morpheme_aligned	parallelism;local_syntax	عَشِيًّا is coordinated with بُكْرَةً by وَ as a second time adverb.	resources/attachments.tsv:29309
sx-19_63-00533	ae:v3:s019:063:pass1:attach:a1	19:63	w-s019-a063-w001	w-s019-a063-w002		m-w-s019-a063-w001-01	m-w-s019-a063-w002-02		19:63:1:1	19:63:2:2		q:19:63:1	q:19:63:2		1	2		predication	syntactically_forced	high			DEM_PRON	NOUN_CONCRETE			position_morpheme_aligned	word_order;local_syntax	ٱلْجَنَّةُ is the predicate of the demonstrative subject تِلْكَ.	resources/attachments.tsv:29310
sx-19_63-00534	ae:v3:s019:063:pass1:attach:a2	19:63	w-s019-a063-w002	w-s019-a063-w003		m-w-s019-a063-w002-02	m-w-s019-a063-w003-01		19:63:2:2	19:63:3:1		q:19:63:2	q:19:63:3		2	3		adjective	strongly_licensed	high			NOUN_CONCRETE	REL_PRON			position_morpheme_aligned	agreement;local_syntax	ٱلَّتِى نُورِثُ مِنْ عِبَادِنَا مَنْ كَانَ تَقِيًّا modifies ٱلْجَنَّةُ as a relative adjective.	resources/attachments.tsv:29311
sx-19_63-00535	ae:v3:s019:063:pass1:attach:a3	19:63	w-s019-a063-w004	w-s019-a063-w006	w-s019-a063-w005	m-w-s019-a063-w004-01	m-w-s019-a063-w006-01	m-w-s019-a063-w005-01	19:63:4:1	19:63:6:1	19:63:5:1	q:19:63:4	q:19:63:6	q:19:63:5	4	6	5	prep_complement	syntactically_forced	high			IV	NOUN_CONCRETE		مِن	position_morpheme_aligned	case_government;local_syntax	عِبَادِنَا is governed by مِنْ as the source-set complement of نُورِثُ.	resources/attachments.tsv:29312
sx-19_63-00536	ae:v3:s019:063:pass1:attach:a4	19:63	w-s019-a063-w006	w-s019-a063-w006		m-w-s019-a063-w006-01	m-w-s019-a063-w006-01		19:63:6:1	19:63:6:1		q:19:63:6	q:19:63:6		6	6		idafa	syntactically_forced	high		possessive_suffix	NOUN_CONCRETE				position_morpheme_aligned	morphology	The suffix ـنَا on عِبَادِنَا is the genitive possessor of عِبَاد.	resources/attachments.tsv:29313
sx-19_63-00537	ae:v3:s019:063:pass1:attach:a5	19:63	w-s019-a063-w004	w-s019-a063-w007		m-w-s019-a063-w004-01	m-w-s019-a063-w007-01		19:63:4:1	19:63:7:1		q:19:63:4	q:19:63:7		4	7		direct_object	strongly_licensed	high			IV	REL_PRON	explicit		position_morpheme_aligned	local_syntax;word_order	مَنْ is the explicit object whom نُورِثُ grants inheritance to.	resources/attachments.tsv:29314
sx-19_63-00538	ae:v3:s019:063:pass1:attach:a6	19:63	w-s019-a063-w008	w-s019-a063-w007		m-w-s019-a063-w008-01	m-w-s019-a063-w007-01		19:63:8:1	19:63:7:1		q:19:63:8	q:19:63:7		8	7		subject	strongly_licensed	high			PV	REL_PRON			position_morpheme_aligned	local_syntax	مَنْ supplies the visible subject of كَانَ in مَنْ كَانَ تَقِيًّا.	resources/attachments.tsv:29315
sx-19_63-00539	ae:v3:s019:063:pass1:attach:a7	19:63	w-s019-a063-w008	w-s019-a063-w009		m-w-s019-a063-w008-01	m-w-s019-a063-w009-01		19:63:8:1	19:63:9:1		q:19:63:8	q:19:63:9		8	9		kana_predicate	syntactically_forced	high			PV	ADJ_QUALIT			position_morpheme_aligned	case_government;local_syntax	تَقِيًّا is the accusative predicate of كَانَ.	resources/attachments.tsv:29316
sx-19_64-00540	ae:v3:s019:064:pass1:attach:a1	19:64	w-s019-a064-w002	w-s019-a064-w004	w-s019-a064-w004	m-w-s019-a064-w002-01	m-w-s019-a064-w004-02	m-w-s019-a064-w004-01	19:64:2:1	19:64:4:2	19:64:4:1	q:19:64:3	q:19:64:6	q:19:64:5	3	6	5	prep_complement	syntactically_forced	high			IV	GERUND		بـ	position_morpheme_aligned	case_government;local_syntax	أَمْرِ is governed by بِ after إِلَّا as the restricted complement of نَتَنَزَّلُ.	resources/attachments.tsv:29317
sx-19_64-00541	ae:v3:s019:064:pass1:attach:a2	19:64	w-s019-a064-w004	w-s019-a064-w005		m-w-s019-a064-w004-02	m-w-s019-a064-w005-01		19:64:4:2	19:64:5:1		q:19:64:6	q:19:64:7		6	7		idafa	syntactically_forced	high			GERUND	NOUN_CONCRETE			position_morpheme_aligned	morphology;case_government	رَبِّكَ is the genitive complement of the construct أَمْرِ.	resources/attachments.tsv:29318
sx-19_64-00542	ae:v3:s019:064:pass1:attach:a3	19:64	w-s019-a064-w005	w-s019-a064-w005		m-w-s019-a064-w005-01	m-w-s019-a064-w005-01		19:64:5:1	19:64:5:1		q:19:64:7	q:19:64:7		7	7		idafa	syntactically_forced	high		possessive_suffix	NOUN_CONCRETE				position_morpheme_aligned	morphology	The suffix ـكَ on رَبِّكَ is the genitive possessor of رَبِّ.	resources/attachments.tsv:29319
sx-19_64-00543	ae:v3:s019:064:pass1:attach:a4	19:64	w-s019-a064-w007	w-s019-a064-w006		m-w-s019-a064-w007-01	m-w-s019-a064-w006-01		19:64:7:1	19:64:6:1		q:19:64:9	q:19:64:8		9	8		predication	strongly_licensed	high			REL_PRON	PREP			fallback_morpheme_aligned	local_syntax;word_order	لَهُۥ is the fronted predicate for the relative subject مَا.	resources/attachments.tsv:29320
sx-19_64-00544	ae:v3:s019:064:pass1:attach:a5	19:64	w-s019-a064-w007	w-s019-a064-w006	w-s019-a064-w006	m-w-s019-a064-w007-01	m-w-s019-a064-w006-02	m-w-s019-a064-w006-01	19:64:7:1	19:64:6:2	19:64:6:1	q:19:64:9	q:19:64:8	q:19:64:8	9	8	8	prep_complement	syntactically_forced	high		pronoun_suffix	REL_PRON			لـ	fallback_morpheme_aligned	case_government;local_syntax	The suffix ـهُۥ in لَهُۥ is governed by لِ in the possession predicate with مَا.	resources/attachments.tsv:29321
sx-19_64-00545	ae:v3:s019:064:pass1:attach:a6	19:64	w-s019-a064-w007	w-s019-a064-w008		m-w-s019-a064-w007-01	m-w-s019-a064-w008-01		19:64:7:1	19:64:8:1		q:19:64:9	q:19:64:10		9	10		predication	strongly_licensed	high			REL_PRON	ADV			fallback_morpheme_aligned	local_syntax	بَيْنَ أَيْدِينَا predicates the location of مَا in مَا بَيْنَ أَيْدِينَا.	resources/attachments.tsv:29322
sx-19_64-00546	ae:v3:s019:064:pass1:attach:a7	19:64	w-s019-a064-w008	w-s019-a064-w009		m-w-s019-a064-w008-01	m-w-s019-a064-w009-01		19:64:8:1	19:64:9:1		q:19:64:10	q:19:64:11		10	11		idafa	syntactically_forced	high			ADV	NOUN_CONCRETE			fallback_morpheme_aligned	morphology;case_government	أَيْدِينَا is the genitive complement of the adverbial construct بَيْنَ.	resources/attachments.tsv:29323
sx-19_64-00547	ae:v3:s019:064:pass1:attach:a8	19:64	w-s019-a064-w009	w-s019-a064-w009		m-w-s019-a064-w009-01	m-w-s019-a064-w009-01		19:64:9:1	19:64:9:1		q:19:64:11	q:19:64:11		11	11		idafa	syntactically_forced	high		possessive_suffix	NOUN_CONCRETE				fallback_morpheme_aligned	morphology	The suffix ـنَا on أَيْدِينَا is the genitive possessor of أَيْدِي.	resources/attachments.tsv:29324
sx-19_64-00548	ae:v3:s019:064:pass1:attach:a9	19:64	w-s019-a064-w007	w-s019-a064-w010		m-w-s019-a064-w007-01	m-w-s019-a064-w010-02		19:64:7:1	19:64:10:2		q:19:64:9	q:19:64:13		9	13		conjoined	strongly_licensed	high			REL_PRON	NEG_PART			fallback_morpheme_aligned	parallelism;local_syntax	وَمَا خَلْفَنَا coordinates a second relative possession item with مَا بَيْنَ أَيْدِينَا.	resources/attachments.tsv:29325
sx-19_64-00549	ae:v3:s019:064:pass1:attach:a10	19:64	w-s019-a064-w010	w-s019-a064-w011		m-w-s019-a064-w010-02	m-w-s019-a064-w011-01		19:64:10:2	19:64:11:1		q:19:64:13	q:19:64:14		13	14		predication	strongly_licensed	high			NEG_PART	ADV			fallback_morpheme_aligned	local_syntax	خَلْفَنَا predicates the location of the second مَا.	resources/attachments.tsv:29326
sx-19_64-00550	ae:v3:s019:064:pass1:attach:a11	19:64	w-s019-a064-w011	w-s019-a064-w011		m-w-s019-a064-w011-01	m-w-s019-a064-w011-01		19:64:11:1	19:64:11:1		q:19:64:14	q:19:64:14		14	14		idafa	syntactically_forced	high		possessive_suffix	ADV				fallback_morpheme_aligned	morphology	The suffix ـنَا on خَلْفَنَا is the genitive possessor of خَلْف.	resources/attachments.tsv:29327
sx-19_64-00551	ae:v3:s019:064:pass1:attach:a12	19:64	w-s019-a064-w007	w-s019-a064-w012		m-w-s019-a064-w007-01	m-w-s019-a064-w012-02		19:64:7:1	19:64:12:2		q:19:64:9	q:19:64:16		9	16		conjoined	strongly_licensed	high			REL_PRON	NEG_PART			fallback_morpheme_aligned	parallelism;local_syntax	وَمَا بَيْنَ ذَٰلِكَ coordinates a third relative possession item with the first مَا.	resources/attachments.tsv:29328
sx-19_64-00552	ae:v3:s019:064:pass1:attach:a13	19:64	w-s019-a064-w012	w-s019-a064-w013		m-w-s019-a064-w012-02	m-w-s019-a064-w013-01		19:64:12:2	19:64:13:1		q:19:64:16	q:19:64:17		16	17		predication	strongly_licensed	high			NEG_PART	ADV			fallback_morpheme_aligned	local_syntax	بَيْنَ ذَٰلِكَ predicates the location of the third مَا.	resources/attachments.tsv:29329
sx-19_64-00553	ae:v3:s019:064:pass1:attach:a14	19:64	w-s019-a064-w013	w-s019-a064-w014		m-w-s019-a064-w013-01	m-w-s019-a064-w014-01		19:64:13:1	19:64:14:1		q:19:64:17	q:19:64:18		17	18		idafa	syntactically_forced	high			ADV	DEM_PRON			fallback_morpheme_aligned	morphology;case_government	ذَٰلِكَ is the genitive complement of the construct بَيْنَ.	resources/attachments.tsv:29330
sx-19_64-00554	ae:v3:s019:064:pass1:attach:a15	19:64	w-s019-a064-w016	w-s019-a064-w017		m-w-s019-a064-w016-01	m-w-s019-a064-w017-01		19:64:16:1	19:64:17:1		q:19:64:21	q:19:64:22		21	22		subject	syntactically_forced	high			PV	NOUN_CONCRETE			fallback_morpheme_aligned	case_government;local_syntax	رَبُّكَ is the nominative ism of كَانَ.	resources/attachments.tsv:29331
sx-19_64-00555	ae:v3:s019:064:pass1:attach:a16	19:64	w-s019-a064-w017	w-s019-a064-w017		m-w-s019-a064-w017-01	m-w-s019-a064-w017-01		19:64:17:1	19:64:17:1		q:19:64:22	q:19:64:22		22	22		idafa	syntactically_forced	high		possessive_suffix	NOUN_CONCRETE				fallback_morpheme_aligned	morphology	The suffix ـكَ on رَبُّكَ is the genitive possessor of رَبُّ.	resources/attachments.tsv:29332
sx-19_64-00556	ae:v3:s019:064:pass1:attach:a17	19:64	w-s019-a064-w016	w-s019-a064-w018		m-w-s019-a064-w016-01	m-w-s019-a064-w018-01		19:64:16:1	19:64:18:1		q:19:64:21	q:19:64:23		21	23		kana_predicate	syntactically_forced	high			PV	ADJ_INTENS			fallback_morpheme_aligned	case_government;local_syntax	نَسِيًّا is the accusative predicate of كَانَ.	resources/attachments.tsv:29333
sx-19_65-00557	ae:v3:s019:065:pass1:attach:a1	19:65	w-s019-a065-w001	w-s019-a065-w002		m-w-s019-a065-w001-01	m-w-s019-a065-w002-02		19:65:1:1	19:65:2:2		q:19:65:1	q:19:65:2		1	2		idafa	syntactically_forced	high			NOUN_CONCRETE	NOUN_CONCRETE			position_morpheme_aligned	morphology;case_government	ٱلسَّمَٰوَٰتِ is the genitive complement of the construct رَبُّ.	resources/attachments.tsv:29334
sx-19_65-00558	ae:v3:s019:065:pass1:attach:a2	19:65	w-s019-a065-w002	w-s019-a065-w003		m-w-s019-a065-w002-02	m-w-s019-a065-w003-03		19:65:2:2	19:65:3:3		q:19:65:2	q:19:65:4		2	4		conjoined	strongly_licensed	high			NOUN_CONCRETE	NOUN_CONCRETE			position_morpheme_aligned	parallelism;local_syntax	ٱلْأَرْضِ is coordinated with ٱلسَّمَٰوَٰتِ in the genitive domain of رَبُّ.	resources/attachments.tsv:29335
sx-19_65-00559	ae:v3:s019:065:pass1:attach:a3	19:65	w-s019-a065-w002	w-s019-a065-w004		m-w-s019-a065-w002-02	m-w-s019-a065-w004-02		19:65:2:2	19:65:4:2		q:19:65:2	q:19:65:6		2	6		conjoined	strongly_licensed	high			NOUN_CONCRETE	REL_PRON			position_morpheme_aligned	parallelism;local_syntax	مَا بَيْنَهُمَا is coordinated with ٱلسَّمَٰوَٰتِ and ٱلْأَرْضِ as another genitive domain of رَبُّ.	resources/attachments.tsv:29336
sx-19_65-00560	ae:v3:s019:065:pass1:attach:a4	19:65	w-s019-a065-w004	w-s019-a065-w005		m-w-s019-a065-w004-02	m-w-s019-a065-w005-01		19:65:4:2	19:65:5:1		q:19:65:6	q:19:65:7		6	7		predication	strongly_licensed	high			REL_PRON	ADV			position_morpheme_aligned	local_syntax	بَيْنَهُمَا predicates the location of مَا in مَا بَيْنَهُمَا.	resources/attachments.tsv:29337
sx-19_65-00561	ae:v3:s019:065:pass1:attach:a5	19:65	w-s019-a065-w005	w-s019-a065-w005		m-w-s019-a065-w005-01	m-w-s019-a065-w005-01		19:65:5:1	19:65:5:1		q:19:65:7	q:19:65:7		7	7		idafa	syntactically_forced	high		possessive_suffix	ADV				position_morpheme_aligned	morphology	The suffix ـهُمَا on بَيْنَهُمَا is the genitive complement of بَيْنَ.	resources/attachments.tsv:29338
sx-19_65-00562	ae:v3:s019:065:pass1:attach:a6	19:65	w-s019-a065-w006	w-s019-a065-w006		m-w-s019-a065-w006-02	m-w-s019-a065-w006-03		19:65:6:2	19:65:6:3		q:19:65:9	q:19:65:9		9	9		direct_object	syntactically_forced	high		object_suffix	CV		clitic		position_morpheme_aligned	morphology;local_syntax	The suffix ـهُ on ٱعْبُدْهُ is the clitic object of the imperative ٱعْبُدْ.	resources/attachments.tsv:29339
sx-19_65-00563	ae:v3:s019:065:pass1:attach:a7	19:65	w-s019-a065-w006	w-s019-a065-w007		m-w-s019-a065-w006-02	m-w-s019-a065-w007-02		19:65:6:2	19:65:7:2		q:19:65:9	q:19:65:11		9	11		conjoined	strongly_licensed	high			CV	CV			position_morpheme_aligned	parallelism;local_syntax	ٱصْطَبِرْ is coordinated with ٱعْبُدْهُ as a second imperative.	resources/attachments.tsv:29340
sx-19_65-00564	ae:v3:s019:065:pass1:attach:a8	19:65	w-s019-a065-w007	w-s019-a065-w008	w-s019-a065-w008	m-w-s019-a065-w007-02	m-w-s019-a065-w008-02	m-w-s019-a065-w008-01	19:65:7:2	19:65:8:2	19:65:8:1	q:19:65:11	q:19:65:13	q:19:65:12	11	13	12	prep_complement	syntactically_forced	high			CV	GERUND		لـ	position_morpheme_aligned	case_government;local_syntax	عِبَٰدَتِهِۦ is governed by لِ as the complement of ٱصْطَبِرْ.	resources/attachments.tsv:29341
sx-19_65-00565	ae:v3:s019:065:pass1:attach:a9	19:65	w-s019-a065-w008	w-s019-a065-w008		m-w-s019-a065-w008-02	m-w-s019-a065-w008-02		19:65:8:2	19:65:8:2		q:19:65:13	q:19:65:13		13	13		idafa	syntactically_forced	high		possessive_suffix	GERUND				position_morpheme_aligned	morphology	The suffix ـهِۦ on عِبَٰدَتِهِۦ is the genitive possessor of عِبَٰدَة.	resources/attachments.tsv:29342
sx-19_65-00566	ae:v3:s019:065:pass1:attach:a10	19:65	w-s019-a065-w010	w-s019-a065-w012		m-w-s019-a065-w010-01	m-w-s019-a065-w012-01		19:65:10:1	19:65:12:1		q:19:65:15	q:19:65:17		15	17		direct_object	syntactically_forced	high			IV	NOUN_ABSTRACT	explicit		fallback_morpheme_aligned	case_government;local_syntax	سَمِيًّا is the accusative object of تَعْلَمُ.	resources/attachments.tsv:29343
sx-19_65-00567	ae:v3:s019:065:pass1:attach:a11	19:65	w-s019-a065-w010	w-s019-a065-w010	w-s019-a065-w010	m-w-s019-a065-w010-01	m-w-s019-a065-w010-01	m-w-s019-a065-w010-01	19:65:10:1	19:65:10:1	19:65:10:1	q:19:65:15	q:19:65:16	q:19:65:16	15	16	16	prep_complement	strongly_licensed	high		pronoun_suffix	IV			لـ	fallback_morpheme_aligned	case_government;local_syntax	The suffix ـهُ in لَهُ is governed by لِ as the prepositional complement within هَلْ تَعْلَمُ لَهُۥ سَمِيًّا.	resources/attachments.tsv:29344
sx-19_66-00568	ae:v3:s019:066:pass1:attach:a1	19:66	w-s019-a066-w001	w-s019-a066-w002		m-w-s019-a066-w001-02	m-w-s019-a066-w002-02		19:66:1:2	19:66:2:2		q:19:66:2	q:19:66:3		2	3		subject	syntactically_forced	high			IV	NOUN_CONCRETE			position_morpheme_aligned	agreement;word_order	ٱلْإِنسَٰنُ is the nominative subject of يَقُولُ.	resources/attachments.tsv:29345
sx-19_66-00569	ae:v3:s019:066:pass1:attach:a2	19:66	w-s019-a066-w001	w-s019-a066-w003		m-w-s019-a066-w001-02	m-w-s019-a066-w003-02		19:66:1:2	19:66:3:2		q:19:66:2	q:19:66:4		2	4		quoted_complement	syntactically_forced	high			IV	ADV			position_morpheme_aligned	local_syntax	The quoted question أَءِذَا مَا مِتُّ لَسَوْفَ أُخْرَجُ حَيًّا is the utterance of يَقُولُ.	resources/attachments.tsv:29346
sx-19_66-00570	ae:v3:s019:066:pass1:attach:a3	19:66	w-s019-a066-w005	w-s019-a066-w003		m-w-s019-a066-w005-01	m-w-s019-a066-w003-02		19:66:5:1	19:66:3:2		q:19:66:6	q:19:66:4		6	4		adverbial	strongly_licensed	high			PV	ADV			fallback_morpheme_aligned	local_syntax	أَءِذَا supplies the temporal condition for مِتُّ.	resources/attachments.tsv:29347
sx-19_66-00571	ae:v3:s019:066:pass1:attach:a4	19:66	w-s019-a066-w007	w-s019-a066-w008		m-w-s019-a066-w007-01	m-w-s019-a066-w008-01		19:66:7:1	19:66:8:1		q:19:66:9	q:19:66:10		9	10		circumstantial	strongly_licensed	high			PV	ADJ_QUALIT			fallback_morpheme_aligned	case_government;local_syntax	حَيًّا is a circumstantial accusative describing the subject of أُخْرَجُ.	resources/attachments.tsv:29348
sx-19_67-00572	ae:v3:s019:067:pass1:attach:a1	19:67	w-s019-a067-w002	w-s019-a067-w003		m-w-s019-a067-w002-01	m-w-s019-a067-w003-02		19:67:2:1	19:67:3:2		q:19:67:3	q:19:67:4		3	4		subject	syntactically_forced	high			IV	NOUN_CONCRETE			fallback_morpheme_aligned	agreement;word_order	ٱلْإِنسَانُ is the nominative subject of يَذْكُرُ.	resources/attachments.tsv:29349
sx-19_67-00573	ae:v3:s019:067:pass1:attach:a2	19:67	w-s019-a067-w002	w-s019-a067-w004		m-w-s019-a067-w002-01	m-w-s019-a067-w004-01		19:67:2:1	19:67:4:1		q:19:67:3	q:19:67:5		3	5		clausal_complement	syntactically_forced	high			IV	PRON_1S			fallback_morpheme_aligned	local_syntax	أَنَّا خَلَقْنَاهُ مِن قَبْلُ وَلَمْ يَكُ شَيْـًٔا is the content clause governed by يَذْكُرُ.	resources/attachments.tsv:29350
sx-19_67-00574	ae:v3:s019:067:pass1:attach:a3	19:67	w-s019-a067-w004	w-s019-a067-w004		m-w-s019-a067-w004-01	m-w-s019-a067-w004-02		19:67:4:1	19:67:4:2		q:19:67:5	q:19:67:5		5	5		particle_complement	syntactically_forced	high	particle_segment	pronoun_suffix					fallback_morpheme_aligned	morphology;local_syntax	The suffix ـنَا in أَنَّا is the ism of أَنَّ.	resources/attachments.tsv:29351
sx-19_67-00575	ae:v3:s019:067:pass1:attach:a4	19:67	w-s019-a067-w005	w-s019-a067-w005		m-w-s019-a067-w005-01	m-w-s019-a067-w005-01		19:67:5:1	19:67:5:1		q:19:67:6	q:19:67:6		6	6		direct_object	syntactically_forced	high		object_suffix	PV		clitic		fallback_morpheme_aligned	morphology;local_syntax	The suffix ـهُ on خَلَقْنَاهُ is the clitic object of خَلَقْنَا.	resources/attachments.tsv:29352
sx-19_67-00576	ae:v3:s019:067:pass1:attach:a5	19:67	w-s019-a067-w005	w-s019-a067-w007	w-s019-a067-w006	m-w-s019-a067-w005-01	m-w-s019-a067-w007-01	m-w-s019-a067-w006-01	19:67:5:1	19:67:7:1	19:67:6:1	q:19:67:6	q:19:67:8	q:19:67:7	6	8	7	prep_complement	strongly_licensed	high			PV	NOUN_ABSTRACT		مِن	fallback_morpheme_aligned	case_government;local_syntax	قَبْلُ is governed by مِنْ as a temporal complement of خَلَقْنَاهُ.	resources/attachments.tsv:29353
sx-19_67-00577	ae:v3:s019:067:pass1:attach:a6	19:67	w-s019-a067-w009	w-s019-a067-w010		m-w-s019-a067-w009-01	m-w-s019-a067-w010-01		19:67:9:1	19:67:10:1		q:19:67:11	q:19:67:12		11	12		kana_predicate	syntactically_forced	high			IV	NOUN_ABSTRACT			fallback_morpheme_aligned	case_government;local_syntax	شَيْـًٔا is the accusative predicate of the apocopated copula يَكُ.	resources/attachments.tsv:29354
sx-19_67-00578	ae:v3:s019:067:pass1:attach:a7	19:67	w-s019-a067-w004	w-s019-a067-w005		m-w-s019-a067-w004-01	m-w-s019-a067-w005-01		19:67:4:1	19:67:5:1		q:19:67:5	q:19:67:6		5	6		predication	strongly_licensed	high			PRON_1S	PV			fallback_morpheme_aligned	local_syntax	خَلَقْنَاهُ مِن قَبْلُ supplies the predicate content of أَنَّا after the ism suffix ـنَا.	resources/attachments.tsv:29355
sx-19_68-00579	ae:v3:s019:068:pass1:attach:a1	19:68	w-s019-a068-w001	w-s019-a068-w001		m-w-s019-a068-w001-03	m-w-s019-a068-w001-03		19:68:1:3	19:68:1:3		q:19:68:2	q:19:68:3		2	3		particle_complement	syntactically_forced	high			OTHER	NOUN_CONCRETE			position_morpheme_aligned	case_government;local_syntax	رَبِّكَ is governed by oath وَ in فَوَرَبِّكَ.	resources/attachments.tsv:29356
sx-19_68-00580	ae:v3:s019:068:pass1:attach:a2	19:68	w-s019-a068-w001	w-s019-a068-w001		m-w-s019-a068-w001-03	m-w-s019-a068-w001-03		19:68:1:3	19:68:1:3		q:19:68:3	q:19:68:3		3	3		idafa	syntactically_forced	high		possessive_suffix	NOUN_CONCRETE				position_morpheme_aligned	morphology	The suffix ـكَ on رَبِّكَ is the genitive possessor of رَبِّ.	resources/attachments.tsv:29357
sx-19_68-00581	ae:v3:s019:068:pass1:attach:a3	19:68	w-s019-a068-w002	w-s019-a068-w002		m-w-s019-a068-w002-02	m-w-s019-a068-w002-04		19:68:2:2	19:68:2:4		q:19:68:5	q:19:68:5		5	5		direct_object	syntactically_forced	high		object_suffix	IV		clitic		position_morpheme_aligned	morphology;local_syntax	The suffix ـهُمْ on نَحْشُرَنَّهُمْ is the clitic object of نَحْشُرَ.	resources/attachments.tsv:29358
sx-19_68-00582	ae:v3:s019:068:pass1:attach:a4	19:68	w-s019-a068-w002	w-s019-a068-w003		m-w-s019-a068-w002-02	m-w-s019-a068-w003-03		19:68:2:2	19:68:3:3		q:19:68:5	q:19:68:7		5	7		circumstantial	strongly_licensed	medium			IV	NOUN_CONCRETE			position_morpheme_aligned	case_government;local_syntax	وَٱلشَّيَٰطِينَ is accusative with comitative force alongside the object of نَحْشُرَنَّهُمْ.	resources/attachments.tsv:29359
sx-19_68-00583	ae:v3:s019:068:pass1:attach:a5	19:68	w-s019-a068-w005	w-s019-a068-w005		m-w-s019-a068-w005-02	m-w-s019-a068-w005-04		19:68:5:2	19:68:5:4		q:19:68:10	q:19:68:10		10	10		direct_object	syntactically_forced	high		object_suffix	IV		clitic		position_morpheme_aligned	morphology;local_syntax	The suffix ـهُمْ on نُحْضِرَنَّهُمْ is the clitic object of نُحْضِرَ.	resources/attachments.tsv:29360
sx-19_68-00584	ae:v3:s019:068:pass1:attach:a6	19:68	w-s019-a068-w005	w-s019-a068-w006		m-w-s019-a068-w005-02	m-w-s019-a068-w006-01		19:68:5:2	19:68:6:1		q:19:68:10	q:19:68:11		10	11		adverbial	strongly_licensed	high			IV	NOUN_ABSTRACT			position_morpheme_aligned	case_government;local_syntax	حَوْلَ جَهَنَّمَ is the locative adverbial governed by نُحْضِرَنَّهُمْ.	resources/attachments.tsv:29361
sx-19_68-00585	ae:v3:s019:068:pass1:attach:a7	19:68	w-s019-a068-w006	w-s019-a068-w007		m-w-s019-a068-w006-01	m-w-s019-a068-w007-01		19:68:6:1	19:68:7:1		q:19:68:11	q:19:68:12		11	12		idafa	syntactically_forced	high			NOUN_ABSTRACT	FOREIGN			position_morpheme_aligned	morphology;case_government	جَهَنَّمَ is the genitive complement of the adverbial construct حَوْلَ.	resources/attachments.tsv:29362
sx-19_68-00586	ae:v3:s019:068:pass1:attach:a8	19:68	w-s019-a068-w005	w-s019-a068-w008		m-w-s019-a068-w005-02	m-w-s019-a068-w008-01		19:68:5:2	19:68:8:1		q:19:68:10	q:19:68:13		10	13		circumstantial	strongly_licensed	high			IV	NOUN_ACTIVE_PART			position_morpheme_aligned	case_government;local_syntax	جِثِيًّا is a circumstantial accusative describing the object of نُحْضِرَنَّهُمْ.	resources/attachments.tsv:29363
sx-19_68-00587	ae:v3:s019:068:pass1:attach:a9	19:68	w-s019-a068-w002	w-s019-a068-w005		m-w-s019-a068-w002-02	m-w-s019-a068-w005-02		19:68:2:2	19:68:5:2		q:19:68:5	q:19:68:10		5	10		conjoined	strongly_licensed	high			IV	IV			position_morpheme_aligned	parallelism;local_syntax	نُحْضِرَنَّهُمْ is coordinated by ثُمَّ after نَحْشُرَنَّهُمْ as the second emphatic verb.	resources/attachments.tsv:29364
sx-19_69-00588	ae:v3:s019:069:pass1:attach:a1	19:69	w-s019-a069-w002	w-s019-a069-w004	w-s019-a069-w003	m-w-s019-a069-w002-02	m-w-s019-a069-w004-01	m-w-s019-a069-w003-01	19:69:2:2	19:69:4:1	19:69:3:1	q:19:69:3	q:19:69:5	q:19:69:4	3	5	4	prep_complement	syntactically_forced	high			IV	NOUN_ABSTRACT		مِن	position_morpheme_aligned	case_government;local_syntax	كُلِّ is governed by مِنْ as the source complement of نَنزِعَنَّ.	resources/attachments.tsv:29365
sx-19_69-00589	ae:v3:s019:069:pass1:attach:a2	19:69	w-s019-a069-w004	w-s019-a069-w005		m-w-s019-a069-w004-01	m-w-s019-a069-w005-01		19:69:4:1	19:69:5:1		q:19:69:5	q:19:69:6		5	6		idafa	syntactically_forced	high			NOUN_ABSTRACT	NOUN_CONCRETE			position_morpheme_aligned	morphology;case_government	شِيعَةٍ is the genitive complement of the construct كُلِّ.	resources/attachments.tsv:29366
sx-19_69-00590	ae:v3:s019:069:pass1:attach:a3	19:69	w-s019-a069-w002	w-s019-a069-w006		m-w-s019-a069-w002-02	m-w-s019-a069-w006-01		19:69:2:2	19:69:6:1		q:19:69:3	q:19:69:7		3	7		clausal_complement	syntactically_forced	high			IV	INTERROG_PART			position_morpheme_aligned	local_syntax	أَيُّهُمْ أَشَدُّ عَلَى ٱلرَّحْمَٰنِ عِتِيًّا is the governed embedded أيّ clause selected by نَنزِعَنَّ.	resources/attachments.tsv:29367
sx-19_69-00591	ae:v3:s019:069:pass1:attach:a4	19:69	w-s019-a069-w006	w-s019-a069-w006		m-w-s019-a069-w006-01	m-w-s019-a069-w006-01		19:69:6:1	19:69:6:1		q:19:69:7	q:19:69:7		7	7		idafa	syntactically_forced	high		possessive_suffix	INTERROG_PART				position_morpheme_aligned	morphology	The suffix ـهُمْ on أَيُّهُمْ marks the genitive domain of أَيّ.	resources/attachments.tsv:29368
sx-19_69-00592	ae:v3:s019:069:pass1:attach:a5	19:69	w-s019-a069-w006	w-s019-a069-w007		m-w-s019-a069-w006-01	m-w-s019-a069-w007-01		19:69:6:1	19:69:7:1		q:19:69:7	q:19:69:8		7	8		predication	syntactically_forced	high			INTERROG_PART	ADJ_COMP			position_morpheme_aligned	local_syntax;word_order	أَشَدُّ is the predicate of أَيُّهُمْ in the embedded nominal clause.	resources/attachments.tsv:29369
sx-19_69-00593	ae:v3:s019:069:pass1:attach:a6	19:69	w-s019-a069-w007	w-s019-a069-w009	w-s019-a069-w008	m-w-s019-a069-w007-01	m-w-s019-a069-w009-02	m-w-s019-a069-w008-01	19:69:7:1	19:69:9:2	19:69:8:1	q:19:69:8	q:19:69:10	q:19:69:9	8	10	9	prep_complement	syntactically_forced	high			ADJ_COMP	NOUN_PROP		عَلَى	position_morpheme_aligned	case_government;local_syntax	ٱلرَّحْمَٰنِ is governed by عَلَى as complement of أَشَدُّ.	resources/attachments.tsv:29370
sx-19_69-00594	ae:v3:s019:069:pass1:attach:a7	19:69	w-s019-a069-w007	w-s019-a069-w010		m-w-s019-a069-w007-01	m-w-s019-a069-w010-01		19:69:7:1	19:69:10:1		q:19:69:8	q:19:69:11		8	11		accusative_specification	strongly_licensed	high			ADJ_COMP	GERUND			position_morpheme_aligned	case_government;local_syntax	عِتِيًّا specifies the respect in which أَشَدُّ applies.	resources/attachments.tsv:29371
sx-19_70-00595	ae:v3:s019:070:pass1:attach:a1	19:70	w-s019-a070-w002	w-s019-a070-w003		m-w-s019-a070-w002-02	m-w-s019-a070-w003-01		19:70:2:2	19:70:3:1		q:19:70:3	q:19:70:4		3	4		predication	syntactically_forced	high			PRON	ADJ_COMP			position_morpheme_aligned	local_syntax;word_order	أَعْلَمُ is the predicate of the independent pronoun نَحْنُ.	resources/attachments.tsv:29372
sx-19_70-00596	ae:v3:s019:070:pass1:attach:a2	19:70	w-s019-a070-w003	w-s019-a070-w004	w-s019-a070-w004	m-w-s019-a070-w003-01	m-w-s019-a070-w004-02	m-w-s019-a070-w004-01	19:70:3:1	19:70:4:2	19:70:4:1	q:19:70:4	q:19:70:6	q:19:70:5	4	6	5	prep_complement	syntactically_forced	high			ADJ_COMP	REL_PRON		بـ	position_morpheme_aligned	case_government;local_syntax	ٱلَّذِينَ is governed by بِ as complement of أَعْلَمُ.	resources/attachments.tsv:29373
sx-19_70-00597	ae:v3:s019:070:pass1:attach:a3	19:70	w-s019-a070-w005	w-s019-a070-w006		m-w-s019-a070-w005-01	m-w-s019-a070-w006-01		19:70:5:1	19:70:6:1		q:19:70:7	q:19:70:8		7	8		predication	syntactically_forced	high			PRON	ADJ_QUALIT			position_morpheme_aligned	local_syntax;word_order	أَوْلَىٰ is the predicate of هُمْ inside the relative clause.	resources/attachments.tsv:29374
sx-19_70-00598	ae:v3:s019:070:pass1:attach:a4	19:70	w-s019-a070-w006	w-s019-a070-w007	w-s019-a070-w007	m-w-s019-a070-w006-01	m-w-s019-a070-w007-02	m-w-s019-a070-w007-01	19:70:6:1	19:70:7:2	19:70:7:1	q:19:70:8	q:19:70:9	q:19:70:9	8	9	9	prep_complement	syntactically_forced	high		pronoun_suffix	ADJ_QUALIT			بـ	position_morpheme_aligned	case_government;local_syntax	The suffix ـهَا in بِهَا is governed by بِ as complement of أَوْلَىٰ.	resources/attachments.tsv:29375
sx-19_70-00599	ae:v3:s019:070:pass1:attach:a5	19:70	w-s019-a070-w006	w-s019-a070-w008		m-w-s019-a070-w006-01	m-w-s019-a070-w008-01		19:70:6:1	19:70:8:1		q:19:70:8	q:19:70:10		8	10		accusative_specification	strongly_licensed	high			ADJ_QUALIT	ADJ_QUALIT			fallback_morpheme_aligned	case_government;local_syntax	صِلِيًّا specifies the respect in which أَوْلَىٰ applies.	resources/attachments.tsv:29376
sx-19_71-00600	ae:v3:s019:071:pass1:attach:a1	19:71	w-s019-a071-w002	w-s019-a071-w004		m-w-s019-a071-w002-01	m-w-s019-a071-w004-01		19:71:2:1	19:71:4:1		q:19:71:3	q:19:71:5		3	5		exception	strongly_licensed	high			PREP	NOUN_ACTIVE_PART			position_morpheme_aligned	local_syntax	وَارِدُهَا is the excepted predicative member after إِلَّا against the partitive مِنْكُمْ.	resources/attachments.tsv:29377
sx-19_71-00601	ae:v3:s019:071:pass1:attach:a2	19:71	w-s019-a071-w004	w-s019-a071-w004		m-w-s019-a071-w004-01	m-w-s019-a071-w004-02		19:71:4:1	19:71:4:2		q:19:71:5	q:19:71:5		5	5		direct_object	strongly_licensed	high		object_suffix	NOUN_ACTIVE_PART		clitic		position_morpheme_aligned	morphology;local_syntax	The suffix هَا in وَارِدُهَا is the object-like complement of وَارِد.	resources/attachments.tsv:29378
sx-19_71-00602	ae:v3:s019:071:pass1:attach:a3	19:71	w-s019-a071-w008	w-s019-a071-w007	w-s019-a071-w006	m-w-s019-a071-w008-01	m-w-s019-a071-w007-01	m-w-s019-a071-w006-01	19:71:8:1	19:71:7:1	19:71:6:1	q:19:71:9	q:19:71:8	q:19:71:7	9	8	7	prep_complement	syntactically_forced	high			GERUND	NOUN_CONCRETE		عَلَى	position_morpheme_aligned	case_government;local_syntax	رَبِّكَ is governed by عَلَىٰ in the phrase عَلَىٰ رَبِّكَ attached to حَتْمًا.	resources/attachments.tsv:29379
sx-19_71-00603	ae:v3:s019:071:pass1:attach:a4	19:71	w-s019-a071-w007	w-s019-a071-w007		m-w-s019-a071-w007-01	m-w-s019-a071-w007-01		19:71:7:1	19:71:7:1		q:19:71:8	q:19:71:8		8	8		idafa	syntactically_forced	high		possessive_suffix	NOUN_CONCRETE				position_morpheme_aligned	morphology	The suffix كَ is the genitive possessor of رَبِّكَ.	resources/attachments.tsv:29380
sx-19_71-00604	ae:v3:s019:071:pass1:attach:a5	19:71	w-s019-a071-w005	w-s019-a071-w008		m-w-s019-a071-w005-01	m-w-s019-a071-w008-01		19:71:5:1	19:71:8:1		q:19:71:6	q:19:71:9		6	9		kana_predicate	strongly_licensed	high			PV	GERUND			position_morpheme_aligned	case_government;local_syntax	حَتْمًا is the accusative predicate of كَانَ.	resources/attachments.tsv:29381
sx-19_71-00605	ae:v3:s019:071:pass1:attach:a6	19:71	w-s019-a071-w008	w-s019-a071-w009		m-w-s019-a071-w008-01	m-w-s019-a071-w009-01		19:71:8:1	19:71:9:1		q:19:71:9	q:19:71:10		9	10		adjective	strongly_licensed	high			GERUND	NOUN_PASSIVE_PART			position_morpheme_aligned	agreement;local_syntax	مَقْضِيًّا agrees with and qualifies حَتْمًا.	resources/attachments.tsv:29382
sx-19_71-00606	ae:v3:s019:071:pass1:attach:a7	19:71	w-s019-a071-w004	w-s019-a071-w002	w-s019-a071-w002	m-w-s019-a071-w004-01	m-w-s019-a071-w002-02	m-w-s019-a071-w002-01	19:71:4:1	19:71:2:2	19:71:2:1	q:19:71:5	q:19:71:3	q:19:71:3	5	3	3	prep_complement	strongly_licensed	high		pronoun_suffix	NOUN_ACTIVE_PART			مِن	position_morpheme_aligned	case_government;local_syntax	The suffix كُمْ in مِنْكُمْ is governed by مِنْ in the restricted construction with وَارِدُهَا.	resources/attachments.tsv:29383
sx-19_72-00607	ae:v3:s019:072:pass1:attach:a1	19:72	w-s019-a072-w002	w-s019-a072-w003		m-w-s019-a072-w002-01	m-w-s019-a072-w003-01		19:72:2:1	19:72:3:1		q:19:72:2	q:19:72:3		2	3		direct_object	syntactically_forced	high			IV	REL_PRON	explicit		position_morpheme_aligned	word_order;local_syntax	الَّذِينَ is the direct object of نُنَجِّي.	resources/attachments.tsv:29384
sx-19_72-00608	ae:v3:s019:072:pass1:attach:a2	19:72	w-s019-a072-w004	w-s019-a072-w003		m-w-s019-a072-w004-01	m-w-s019-a072-w003-01		19:72:4:1	19:72:3:1		q:19:72:4	q:19:72:3		4	3		subject	strongly_licensed	high			PV	REL_PRON			position_morpheme_aligned	agreement;local_syntax	الَّذِينَ supplies the subject of the relative verb اتَّقَوْا.	resources/attachments.tsv:29385
sx-19_72-00609	ae:v3:s019:072:pass1:attach:a3	19:72	w-s019-a072-w005	w-s019-a072-w006		m-w-s019-a072-w005-02	m-w-s019-a072-w006-02		19:72:5:2	19:72:6:2		q:19:72:6	q:19:72:7		6	7		direct_object	syntactically_forced	high			IV	NOUN_ACTIVE_PART	explicit		position_morpheme_aligned	case_government;word_order	ٱلظَّالِمِينَ is the accusative direct object of نَذَرُ.	resources/attachments.tsv:29386
sx-19_72-00610	ae:v3:s019:072:pass1:attach:a4	19:72	w-s019-a072-w005	w-s019-a072-w007	w-s019-a072-w007	m-w-s019-a072-w005-02	m-w-s019-a072-w007-02	m-w-s019-a072-w007-01	19:72:5:2	19:72:7:2	19:72:7:1	q:19:72:6	q:19:72:8	q:19:72:8	6	8	8	prep_complement	syntactically_forced	high		pronoun_suffix	IV			فِي	position_morpheme_aligned	case_government;local_syntax	The suffix هَا in فِيهَا is governed by فِي and locates the leaving expressed by نَذَرُ.	resources/attachments.tsv:29387
sx-19_72-00611	ae:v3:s019:072:pass1:attach:a5	19:72	w-s019-a072-w005	w-s019-a072-w008		m-w-s019-a072-w005-02	m-w-s019-a072-w008-01		19:72:5:2	19:72:8:1		q:19:72:6	q:19:72:9		6	9		circumstantial	strongly_licensed	high			IV	NOUN_ACTIVE_PART			position_morpheme_aligned	case_government;local_syntax	جِثِيًّا is the accusative state in which ٱلظَّالِمِينَ are left by نَذَرُ.	resources/attachments.tsv:29388
sx-19_72-00612	ae:v3:s019:072:pass1:attach:a6	19:72	w-s019-a072-w002	w-s019-a072-w005		m-w-s019-a072-w002-01	m-w-s019-a072-w005-02		19:72:2:1	19:72:5:2		q:19:72:2	q:19:72:6		2	6		conjoined	strongly_licensed	high			IV	IV			position_morpheme_aligned	parallelism;local_syntax	نَذَرُ is coordinated with نُنَجِّي by وَ after ثُمَّ.	resources/attachments.tsv:29389
sx-19_73-00613	ae:v3:s019:073:pass1:attach:a1	19:73	w-s019-a073-w002	w-s019-a073-w003	w-s019-a073-w003	m-w-s019-a073-w002-01	m-w-s019-a073-w003-02	m-w-s019-a073-w003-01	19:73:2:1	19:73:3:2	19:73:3:1	q:19:73:3	q:19:73:4	q:19:73:4	3	4	4	prep_complement	syntactically_forced	high		pronoun_suffix	IV_PASS			عَلَى	position_morpheme_aligned	case_government;local_syntax	The suffix هِمْ in عَلَيْهِمْ is governed by عَلَى with تُتْلَىٰ.	resources/attachments.tsv:29390
sx-19_73-00614	ae:v3:s019:073:pass1:attach:a2	19:73	w-s019-a073-w002	w-s019-a073-w004		m-w-s019-a073-w002-01	m-w-s019-a073-w004-01		19:73:2:1	19:73:4:1		q:19:73:3	q:19:73:5		3	5		subject	syntactically_forced	high			IV_PASS	NOUN_ABSTRACT			position_morpheme_aligned	agreement;word_order	ءَايَاتُنَا is the overt passive subject of تُتْلَىٰ.	resources/attachments.tsv:29391
sx-19_73-00615	ae:v3:s019:073:pass1:attach:a3	19:73	w-s019-a073-w004	w-s019-a073-w004		m-w-s019-a073-w004-01	m-w-s019-a073-w004-01		19:73:4:1	19:73:4:1		q:19:73:5	q:19:73:5		5	5		idafa	syntactically_forced	high		possessive_suffix	NOUN_ABSTRACT				position_morpheme_aligned	morphology	The suffix نَا is the genitive possessor of ءَايَاتُنَا.	resources/attachments.tsv:29392
sx-19_73-00616	ae:v3:s019:073:pass1:attach:a4	19:73	w-s019-a073-w004	w-s019-a073-w005		m-w-s019-a073-w004-01	m-w-s019-a073-w005-01		19:73:4:1	19:73:5:1		q:19:73:5	q:19:73:6		5	6		circumstantial	strongly_licensed	high			NOUN_ABSTRACT	NOUN_ABSTRACT			position_morpheme_aligned	case_government;local_syntax	بَيِّنَاتٍ gives the accusative state of ءَايَاتُنَا as they are recited.	resources/attachments.tsv:29393
sx-19_73-00617	ae:v3:s019:073:pass1:attach:a15	19:73	w-s019-a073-w002	w-s019-a073-w001		m-w-s019-a073-w002-01	m-w-s019-a073-w001-02		19:73:2:1	19:73:1:2		q:19:73:3	q:19:73:2		3	2		adverbial	strongly_licensed	high			IV_PASS	ADV			position_morpheme_aligned	local_syntax	إِذَا sets the temporal condition for تُتْلَىٰ.	resources/attachments.tsv:29394
sx-19_73-00618	ae:v3:s019:073:pass1:attach:a5	19:73	w-s019-a073-w006	w-s019-a073-w007		m-w-s019-a073-w006-01	m-w-s019-a073-w007-01		19:73:6:1	19:73:7:1		q:19:73:7	q:19:73:8		7	8		subject	strongly_licensed	high			PV	REL_PRON			position_morpheme_aligned	word_order;local_syntax	ٱلَّذِينَ is the subject of قَالَ.	resources/attachments.tsv:29395
sx-19_73-00619	ae:v3:s019:073:pass1:attach:a6	19:73	w-s019-a073-w008	w-s019-a073-w007		m-w-s019-a073-w008-01	m-w-s019-a073-w007-01		19:73:8:1	19:73:7:1		q:19:73:9	q:19:73:8		9	8		subject	strongly_licensed	high			PV	REL_PRON			position_morpheme_aligned	agreement;local_syntax	ٱلَّذِينَ supplies the subject of كَفَرُوا.	resources/attachments.tsv:29396
sx-19_73-00620	ae:v3:s019:073:pass1:attach:a7	19:73	w-s019-a073-w006	w-s019-a073-w009	w-s019-a073-w009	m-w-s019-a073-w006-01	m-w-s019-a073-w009-02	m-w-s019-a073-w009-01	19:73:6:1	19:73:9:2	19:73:9:1	q:19:73:7	q:19:73:11	q:19:73:10	7	11	10	prep_complement	syntactically_forced	high			PV	REL_PRON		لـ	position_morpheme_aligned	case_government;local_syntax	لَّذِينَ is governed by لِ as the addressee complement of قَالَ.	resources/attachments.tsv:29397
sx-19_73-00621	ae:v3:s019:073:pass1:attach:a8	19:73	w-s019-a073-w010	w-s019-a073-w009		m-w-s019-a073-w010-01	m-w-s019-a073-w009-02		19:73:10:1	19:73:9:2		q:19:73:12	q:19:73:11		12	11		subject	strongly_licensed	high			PV	REL_PRON			position_morpheme_aligned	agreement;local_syntax	لَّذِينَ supplies the subject of ءَامَنُوا.	resources/attachments.tsv:29398
sx-19_73-00622	ae:v3:s019:073:pass1:attach:a9	19:73	w-s019-a073-w006	w-s019-a073-w011		m-w-s019-a073-w006-01	m-w-s019-a073-w011-01		19:73:6:1	19:73:11:1		q:19:73:7	q:19:73:13		7	13		quoted_complement	syntactically_forced	high			PV	INTERROG_PART			position_morpheme_aligned	local_syntax	The question أَيُّ ٱلْفَرِيقَيْنِ خَيْرٌ مَقَامًا وَأَحْسَنُ نَدِيًّا is the quoted content of قَالَ.	resources/attachments.tsv:29399
sx-19_73-00623	ae:v3:s019:073:pass1:attach:a10	19:73	w-s019-a073-w011	w-s019-a073-w012		m-w-s019-a073-w011-01	m-w-s019-a073-w012-02		19:73:11:1	19:73:12:2		q:19:73:13	q:19:73:14		13	14		idafa	syntactically_forced	high			INTERROG_PART	NOUN_CONCRETE			position_morpheme_aligned	morphology;local_syntax	ٱلْفَرِيقَيْنِ is the genitive complement of أَيُّ.	resources/attachments.tsv:29400
sx-19_73-00624	ae:v3:s019:073:pass1:attach:a11	19:73	w-s019-a073-w011	w-s019-a073-w013		m-w-s019-a073-w011-01	m-w-s019-a073-w013-01		19:73:11:1	19:73:13:1		q:19:73:13	q:19:73:15		13	15		predication	strongly_licensed	high			INTERROG_PART	ADJ_COMP			position_morpheme_aligned	local_syntax	خَيْرٌ is predicated of أَيُّ ٱلْفَرِيقَيْنِ in the quoted question.	resources/attachments.tsv:29401
sx-19_73-00625	ae:v3:s019:073:pass1:attach:a12	19:73	w-s019-a073-w013	w-s019-a073-w014		m-w-s019-a073-w013-01	m-w-s019-a073-w014-01		19:73:13:1	19:73:14:1		q:19:73:15	q:19:73:16		15	16		accusative_specification	strongly_licensed	high			ADJ_COMP	NOUN_TIME_PLACE			position_morpheme_aligned	case_government;local_syntax	مَقَامًا specifies the respect in which خَيْرٌ is asserted.	resources/attachments.tsv:29402
sx-19_73-00626	ae:v3:s019:073:pass1:attach:a13	19:73	w-s019-a073-w013	w-s019-a073-w015		m-w-s019-a073-w013-01	m-w-s019-a073-w015-02		19:73:13:1	19:73:15:2		q:19:73:15	q:19:73:18		15	18		conjoined	strongly_licensed	high			ADJ_COMP	ADJ_COMP			position_morpheme_aligned	parallelism;local_syntax	أَحْسَنُ is coordinated with خَيْرٌ by وَ.	resources/attachments.tsv:29403
sx-19_73-00627	ae:v3:s019:073:pass1:attach:a14	19:73	w-s019-a073-w015	w-s019-a073-w016		m-w-s019-a073-w015-02	m-w-s019-a073-w016-01		19:73:15:2	19:73:16:1		q:19:73:18	q:19:73:19		18	19		accusative_specification	strongly_licensed	high			ADJ_COMP	NOUN_CONCRETE			position_morpheme_aligned	case_government;local_syntax	نَدِيًّا specifies the respect in which أَحْسَنُ is asserted.	resources/attachments.tsv:29404
sx-19_74-00628	ae:v3:s019:074:pass1:attach:a1	19:74	w-s019-a074-w002	w-s019-a074-w001		m-w-s019-a074-w002-01	m-w-s019-a074-w001-02		19:74:2:1	19:74:1:2		q:19:74:3	q:19:74:2		3	2		direct_object	strongly_licensed	high			PV	INTERROG_PRON	explicit		position_morpheme_aligned	word_order;local_syntax	كَمْ is the quantified object governed by أَهْلَكْنَا.	resources/attachments.tsv:29405
sx-19_74-00629	ae:v3:s019:074:pass1:attach:a2	19:74	w-s019-a074-w002	w-s019-a074-w003		m-w-s019-a074-w002-01	m-w-s019-a074-w003-01		19:74:2:1	19:74:3:1		q:19:74:3	q:19:74:4		3	4		adverbial	strongly_licensed	high			PV	ADV			position_morpheme_aligned	local_syntax	قَبْلَهُم gives the time before them for أَهْلَكْنَا.	resources/attachments.tsv:29406
sx-19_74-00630	ae:v3:s019:074:pass1:attach:a3	19:74	w-s019-a074-w003	w-s019-a074-w003		m-w-s019-a074-w003-01	m-w-s019-a074-w003-01		19:74:3:1	19:74:3:1		q:19:74:4	q:19:74:4		4	4		idafa	syntactically_forced	high		possessive_suffix	ADV				position_morpheme_aligned	morphology	The suffix هُمْ is the genitive possessor of قَبْلَهُمْ.	resources/attachments.tsv:29407
sx-19_74-00631	ae:v3:s019:074:pass1:attach:a4	19:74	w-s019-a074-w001	w-s019-a074-w005	w-s019-a074-w004	m-w-s019-a074-w001-02	m-w-s019-a074-w005-01	m-w-s019-a074-w004-01	19:74:1:2	19:74:5:1	19:74:4:1	q:19:74:2	q:19:74:6	q:19:74:5	2	6	5	prep_complement	syntactically_forced	high			INTERROG_PRON	NOUN_CONCRETE		مِن	position_morpheme_aligned	case_government;local_syntax	قَرْنٍ is governed by مِن as the partitive complement of كَمْ.	resources/attachments.tsv:29408
sx-19_74-00632	ae:v3:s019:074:pass1:attach:a5	19:74	w-s019-a074-w006	w-s019-a074-w007		m-w-s019-a074-w006-01	m-w-s019-a074-w007-01		19:74:6:1	19:74:7:1		q:19:74:7	q:19:74:8		7	8		predication	strongly_licensed	high			PRON	ADJ_COMP			position_morpheme_aligned	local_syntax	أَحْسَنُ is predicated of هُمْ.	resources/attachments.tsv:29409
sx-19_74-00633	ae:v3:s019:074:pass1:attach:a6	19:74	w-s019-a074-w007	w-s019-a074-w008		m-w-s019-a074-w007-01	m-w-s019-a074-w008-01		19:74:7:1	19:74:8:1		q:19:74:8	q:19:74:9		8	9		accusative_specification	strongly_licensed	high			ADJ_COMP	NOUN_CONCRETE			position_morpheme_aligned	case_government;local_syntax	أَثَاثًا specifies the respect in which أَحْسَنُ is true.	resources/attachments.tsv:29410
sx-19_74-00634	ae:v3:s019:074:pass1:attach:a7	19:74	w-s019-a074-w008	w-s019-a074-w009		m-w-s019-a074-w008-01	m-w-s019-a074-w009-02		19:74:8:1	19:74:9:2		q:19:74:9	q:19:74:10		9	10		conjoined	strongly_licensed	high			NOUN_CONCRETE	NOUN_ABSTRACT			position_morpheme_aligned	parallelism;local_syntax	وَرِءْيًا is coordinated with أَثَاثًا.	resources/attachments.tsv:29411
sx-19_74-00635	ae:v3:s019:074:pass1:attach:a8	19:74	w-s019-a074-w007	w-s019-a074-w009		m-w-s019-a074-w007-01	m-w-s019-a074-w009-02		19:74:7:1	19:74:9:2		q:19:74:8	q:19:74:10		8	10		accusative_specification	strongly_licensed	high			ADJ_COMP	NOUN_ABSTRACT			position_morpheme_aligned	case_government;parallelism	وَرِءْيًا is also an accusative specification for أَحْسَنُ.	resources/attachments.tsv:29412
sx-19_75-00636	ae:v3:s019:075:pass1:attach:a1	19:75	w-s019-a075-w001	w-s019-a075-w002		m-w-s019-a075-w001-01	m-w-s019-a075-w002-01		19:75:1:1	19:75:2:1		q:19:75:1	q:19:75:2		1	2		quoted_complement	syntactically_forced	high			CV	CONDITION_PART			position_morpheme_aligned	local_syntax	The full utterance from مَن through جُندًا is the quoted content of قُلْ.	resources/attachments.tsv:29413
sx-19_75-00637	ae:v3:s019:075:pass1:attach:a2	19:75	w-s019-a075-w003	w-s019-a075-w002		m-w-s019-a075-w003-01	m-w-s019-a075-w002-01		19:75:3:1	19:75:2:1		q:19:75:3	q:19:75:2		3	2		subject	strongly_licensed	high			PV	CONDITION_PART			position_morpheme_aligned	local_syntax;word_order	مَنْ is the subject of كَانَ in the conditional protasis.	resources/attachments.tsv:29414
sx-19_75-00638	ae:v3:s019:075:pass1:attach:a3	19:75	w-s019-a075-w003	w-s019-a075-w005	w-s019-a075-w004	m-w-s019-a075-w003-01	m-w-s019-a075-w005-02	m-w-s019-a075-w004-01	19:75:3:1	19:75:5:2	19:75:4:1	q:19:75:3	q:19:75:5	q:19:75:4	3	5	4	prep_complement	syntactically_forced	high			PV	GERUND		فِي	position_morpheme_aligned	case_government;local_syntax	ٱلضَّلَالَةِ is governed by فِي as the predicate complement of كَانَ.	resources/attachments.tsv:29415
sx-19_75-00639	ae:v3:s019:075:pass1:attach:a4	19:75	w-s019-a075-w003	w-s019-a075-w005		m-w-s019-a075-w003-01	m-w-s019-a075-w005-02		19:75:3:1	19:75:5:2		q:19:75:3	q:19:75:5		3	5		kana_predicate	strongly_licensed	high			PV	GERUND			position_morpheme_aligned	local_syntax;case_government	فِي ٱلضَّلَالَةِ supplies the predicate of كَانَ.	resources/attachments.tsv:29416
sx-19_75-00640	ae:v3:s019:075:pass1:attach:a5	19:75	w-s019-a075-w006	w-s019-a075-w006		m-w-s019-a075-w006-03	m-w-s019-a075-w006-03		19:75:6:3	19:75:6:3		q:19:75:7	q:19:75:8		7	8		particle_complement	syntactically_forced	high			OTHER	IV			position_morpheme_aligned	local_syntax	The command lām لْ governs the jussive verb يَمْدُدْ.	resources/attachments.tsv:29417
sx-19_75-00641	ae:v3:s019:075:pass1:attach:a6	19:75	w-s019-a075-w006	w-s019-a075-w006	w-s019-a075-w006	m-w-s019-a075-w006-03	m-w-s019-a075-w006-03	m-w-s019-a075-w006-03	19:75:6:3	19:75:6:3	19:75:6:3	q:19:75:8	q:19:75:9	q:19:75:9	8	9	9	prep_complement	syntactically_forced	high		pronoun_suffix	IV			لـ	fallback_morpheme_aligned	case_government;local_syntax	The suffix هُ in لَهُ is governed by لِ as benefactive complement of يَمْدُدْ.	resources/attachments.tsv:29418
sx-19_75-00642	ae:v3:s019:075:pass1:attach:a7	19:75	w-s019-a075-w006	w-s019-a075-w008		m-w-s019-a075-w006-03	m-w-s019-a075-w008-02		19:75:6:3	19:75:8:2		q:19:75:8	q:19:75:10		8	10		subject	syntactically_forced	high			IV	NOUN_PROP			fallback_morpheme_aligned	case_government;word_order	ٱلرَّحْمَانُ is the explicit subject of يَمْدُدْ.	resources/attachments.tsv:29419
sx-19_75-00643	ae:v3:s019:075:pass1:attach:a8	19:75	w-s019-a075-w006	w-s019-a075-w009		m-w-s019-a075-w006-03	m-w-s019-a075-w009-01		19:75:6:3	19:75:9:1		q:19:75:8	q:19:75:11		8	11		cognate_acc	syntactically_forced	high			IV	GERUND			fallback_morpheme_aligned	morphology;case_government	مَدًّا is the cognate accusative of يَمْدُدْ.	resources/attachments.tsv:29420
sx-19_75-00644	ae:v3:s019:075:pass1:attach:a9	19:75	w-s019-a075-w006	w-s019-a075-w011		m-w-s019-a075-w006-03	m-w-s019-a075-w011-01		19:75:6:3	19:75:11:1		q:19:75:8	q:19:75:13		8	13		adverbial	strongly_licensed	high			IV	ADV			fallback_morpheme_aligned	local_syntax	إِذَا sets the temporal limit introduced by حَتَّىٰ for يَمْدُدْ.	resources/attachments.tsv:29421
sx-19_75-00645	ae:v3:s019:075:pass1:attach:a10	19:75	w-s019-a075-w012	w-s019-a075-w013		m-w-s019-a075-w012-01	m-w-s019-a075-w013-01		19:75:12:1	19:75:13:1		q:19:75:14	q:19:75:15		14	15		direct_object	syntactically_forced	high			PV	REL_PRON	explicit		fallback_morpheme_aligned	word_order;local_syntax	مَا is the direct object of رَأَوْا.	resources/attachments.tsv:29422
sx-19_75-00646	ae:v3:s019:075:pass1:attach:a11	19:75	w-s019-a075-w013	w-s019-a075-w016		m-w-s019-a075-w013-01	m-w-s019-a075-w016-02		19:75:13:1	19:75:16:2		q:19:75:15	q:19:75:18		15	18		apposition	strongly_licensed	high			REL_PRON	GERUND			fallback_morpheme_aligned	local_syntax	ٱلْعَذَابَ is the first إِمَّا appositive specifying مَا.	resources/attachments.tsv:29423
sx-19_75-00647	ae:v3:s019:075:pass1:attach:a12	19:75	w-s019-a075-w013	w-s019-a075-w018		m-w-s019-a075-w013-01	m-w-s019-a075-w018-02		19:75:13:1	19:75:18:2		q:19:75:15	q:19:75:21		15	21		apposition	strongly_licensed	high			REL_PRON	NOUN_ABSTRACT			fallback_morpheme_aligned	local_syntax;parallelism	ٱلسَّاعَةَ is the second إِمَّا appositive specifying مَا.	resources/attachments.tsv:29424
sx-19_75-00648	ae:v3:s019:075:pass1:attach:a13	19:75	w-s019-a075-w016	w-s019-a075-w018		m-w-s019-a075-w016-02	m-w-s019-a075-w018-02		19:75:16:2	19:75:18:2		q:19:75:18	q:19:75:21		18	21		conjoined	strongly_licensed	high			GERUND	NOUN_ABSTRACT			fallback_morpheme_aligned	parallelism;local_syntax	ٱلسَّاعَةَ is coordinated with ٱلْعَذَابَ in the إِمَّا ... وَإِمَّا pair.	resources/attachments.tsv:29425
sx-19_75-00649	ae:v3:s019:075:pass1:attach:a19	19:75	w-s019-a075-w014	w-s019-a075-w013		m-w-s019-a075-w014-01	m-w-s019-a075-w013-01		19:75:14:1	19:75:13:1		q:19:75:16	q:19:75:15		16	15		direct_object	strongly_licensed	high			IV_PASS	REL_PRON	explicit		fallback_morpheme_aligned	local_syntax	مَا is the retained object of the passive promise verb يُوعَدُونَ.	resources/attachments.tsv:29426
sx-19_75-00650	ae:v3:s019:075:pass1:attach:a14	19:75	w-s019-a075-w019	w-s019-a075-w020		m-w-s019-a075-w019-03	m-w-s019-a075-w020-01		19:75:19:3	19:75:20:1		q:19:75:23	q:19:75:24		23	24		clausal_complement	syntactically_forced	high			IV	REL_PRON			fallback_morpheme_aligned	local_syntax	The embedded question مَنْ هُوَ شَرٌّ مَّكَانًا وَأَضْعَفُ جُندًا is governed by سَيَعْلَمُونَ.	resources/attachments.tsv:29427
sx-19_75-00651	ae:v3:s019:075:pass1:attach:a15	19:75	w-s019-a075-w021	w-s019-a075-w022		m-w-s019-a075-w021-01	m-w-s019-a075-w022-01		19:75:21:1	19:75:22:1		q:19:75:25	q:19:75:26		25	26		predication	strongly_licensed	high			PRON	NOUN_ABSTRACT			fallback_morpheme_aligned	local_syntax	شَرٌّ is predicated of هُوَ inside the embedded question.	resources/attachments.tsv:29428
sx-19_75-00652	ae:v3:s019:075:pass1:attach:a16	19:75	w-s019-a075-w022	w-s019-a075-w023		m-w-s019-a075-w022-01	m-w-s019-a075-w023-01		19:75:22:1	19:75:23:1		q:19:75:26	q:19:75:27		26	27		accusative_specification	strongly_licensed	high			NOUN_ABSTRACT	NOUN_TIME_PLACE			fallback_morpheme_aligned	case_government;local_syntax	مَّكَانًا specifies the respect in which شَرٌّ is asserted.	resources/attachments.tsv:29429
sx-19_75-00653	ae:v3:s019:075:pass1:attach:a17	19:75	w-s019-a075-w022	w-s019-a075-w024		m-w-s019-a075-w022-01	m-w-s019-a075-w024-02		19:75:22:1	19:75:24:2		q:19:75:26	q:19:75:29		26	29		conjoined	strongly_licensed	high			NOUN_ABSTRACT	ADJ_COMP			fallback_morpheme_aligned	parallelism;local_syntax	أَضْعَفُ is coordinated with شَرٌّ.	resources/attachments.tsv:29430
sx-19_75-00654	ae:v3:s019:075:pass1:attach:a18	19:75	w-s019-a075-w024	w-s019-a075-w025		m-w-s019-a075-w024-02	m-w-s019-a075-w025-01		19:75:24:2	19:75:25:1		q:19:75:29	q:19:75:30		29	30		accusative_specification	strongly_licensed	high			ADJ_COMP	NOUN_RELATIVE			fallback_morpheme_aligned	case_government;local_syntax	جُندًا specifies the respect in which أَضْعَفُ is asserted.	resources/attachments.tsv:29431
sx-19_76-00655	ae:v3:s019:076:pass1:attach:a1	19:76	w-s019-a076-w001	w-s019-a076-w002		m-w-s019-a076-w001-02	m-w-s019-a076-w002-01		19:76:1:2	19:76:2:1		q:19:76:2	q:19:76:3		2	3		subject	syntactically_forced	high			IV	NOUN_PROP			position_morpheme_aligned	word_order;case_government	ٱللَّهُ is the explicit subject of يَزِيدُ.	resources/attachments.tsv:29432
sx-19_76-00656	ae:v3:s019:076:pass1:attach:a2	19:76	w-s019-a076-w001	w-s019-a076-w003		m-w-s019-a076-w001-02	m-w-s019-a076-w003-01		19:76:1:2	19:76:3:1		q:19:76:2	q:19:76:4		2	4		direct_object	syntactically_forced	high			IV	REL_PRON	explicit		position_morpheme_aligned	word_order;local_syntax	ٱلَّذِينَ is the direct object of يَزِيدُ.	resources/attachments.tsv:29433
sx-19_76-00657	ae:v3:s019:076:pass1:attach:a3	19:76	w-s019-a076-w004	w-s019-a076-w003		m-w-s019-a076-w004-01	m-w-s019-a076-w003-01		19:76:4:1	19:76:3:1		q:19:76:5	q:19:76:4		5	4		subject	strongly_licensed	high			PV	REL_PRON			position_morpheme_aligned	agreement;local_syntax	ٱلَّذِينَ supplies the subject of ٱهْتَدَوْا.	resources/attachments.tsv:29434
sx-19_76-00658	ae:v3:s019:076:pass1:attach:a4	19:76	w-s019-a076-w001	w-s019-a076-w004		m-w-s019-a076-w001-02	m-w-s019-a076-w004-01		19:76:1:2	19:76:4:1		q:19:76:2	q:19:76:6		2	6		accusative_specification	strongly_licensed	high			IV	GERUND			fallback_morpheme_aligned	case_government;local_syntax	هُدًى specifies the domain of the increase expressed by يَزِيدُ.	resources/attachments.tsv:29435
sx-19_76-00659	ae:v3:s019:076:pass1:attach:a5	19:76	w-s019-a076-w006	w-s019-a076-w007		m-w-s019-a076-w006-03	m-w-s019-a076-w007-02		19:76:6:3	19:76:7:2		q:19:76:8	q:19:76:9		8	9		adjective	strongly_licensed	high			NOUN_ACTIVE_PART	NOUN_ACTIVE_PART			position_morpheme_aligned	agreement;local_syntax	ٱلصَّالِحَاتُ qualifies ٱلْبَاقِيَاتُ.	resources/attachments.tsv:29436
sx-19_76-00660	ae:v3:s019:076:pass1:attach:a6	19:76	w-s019-a076-w006	w-s019-a076-w008		m-w-s019-a076-w006-03	m-w-s019-a076-w008-01		19:76:6:3	19:76:8:1		q:19:76:8	q:19:76:10		8	10		predication	strongly_licensed	high			NOUN_ACTIVE_PART	ADJ_COMP			position_morpheme_aligned	local_syntax	خَيْرٌ is predicated of ٱلْبَاقِيَاتُ ٱلصَّالِحَاتُ.	resources/attachments.tsv:29437
sx-19_76-00661	ae:v3:s019:076:pass1:attach:a7	19:76	w-s019-a076-w008	w-s019-a076-w009		m-w-s019-a076-w008-01	m-w-s019-a076-w009-01		19:76:8:1	19:76:9:1		q:19:76:10	q:19:76:11		10	11		adverbial	strongly_licensed	high			ADJ_COMP	ADV			position_morpheme_aligned	local_syntax	عِندَ gives the evaluative locus for خَيْرٌ.	resources/attachments.tsv:29438
sx-19_76-00662	ae:v3:s019:076:pass1:attach:a8	19:76	w-s019-a076-w009	w-s019-a076-w010		m-w-s019-a076-w009-01	m-w-s019-a076-w010-01		19:76:9:1	19:76:10:1		q:19:76:11	q:19:76:12		11	12		idafa	syntactically_forced	high			ADV	NOUN_CONCRETE			position_morpheme_aligned	morphology;case_government	رَبِّكَ is the genitive complement of عِندَ.	resources/attachments.tsv:29439
sx-19_76-00663	ae:v3:s019:076:pass1:attach:a9	19:76	w-s019-a076-w010	w-s019-a076-w010		m-w-s019-a076-w010-01	m-w-s019-a076-w010-01		19:76:10:1	19:76:10:1		q:19:76:12	q:19:76:12		12	12		idafa	syntactically_forced	high		possessive_suffix	NOUN_CONCRETE				position_morpheme_aligned	morphology	The suffix كَ is the genitive possessor of رَبِّكَ.	resources/attachments.tsv:29440
sx-19_76-00664	ae:v3:s019:076:pass1:attach:a10	19:76	w-s019-a076-w008	w-s019-a076-w011		m-w-s019-a076-w008-01	m-w-s019-a076-w011-01		19:76:8:1	19:76:11:1		q:19:76:10	q:19:76:13		10	13		accusative_specification	strongly_licensed	high			ADJ_COMP	GERUND			position_morpheme_aligned	case_government;local_syntax	ثَوَابًا specifies the respect in which خَيْرٌ is asserted.	resources/attachments.tsv:29441
sx-19_76-00665	ae:v3:s019:076:pass1:attach:a11	19:76	w-s019-a076-w008	w-s019-a076-w012		m-w-s019-a076-w008-01	m-w-s019-a076-w012-02		19:76:8:1	19:76:12:2		q:19:76:10	q:19:76:15		10	15		conjoined	strongly_licensed	high			ADJ_COMP	ADJ_COMP			position_morpheme_aligned	parallelism;local_syntax	خَيْرٌ is repeated and coordinated with the first خَيْرٌ.	resources/attachments.tsv:29442
sx-19_76-00666	ae:v3:s019:076:pass1:attach:a12	19:76	w-s019-a076-w012	w-s019-a076-w013		m-w-s019-a076-w012-02	m-w-s019-a076-w013-01		19:76:12:2	19:76:13:1		q:19:76:15	q:19:76:16		15	16		accusative_specification	strongly_licensed	high			ADJ_COMP	GERUND_MEEM			position_morpheme_aligned	case_government;local_syntax	مَرَدًّا specifies the respect in which the second خَيْرٌ is asserted.	resources/attachments.tsv:29443
sx-19_77-00667	ae:v3:s019:077:pass1:attach:a1	19:77	w-s019-a077-w001	w-s019-a077-w002		m-w-s019-a077-w001-03	m-w-s019-a077-w002-01		19:77:1:3	19:77:2:1		q:19:77:2	q:19:77:3		2	3		direct_object	syntactically_forced	high			PV	REL_PRON	explicit		fallback_morpheme_aligned	word_order;local_syntax	ٱلَّذِي is the direct object of أَفَرَءَيْتَ.	resources/attachments.tsv:29444
sx-19_77-00668	ae:v3:s019:077:pass1:attach:a2	19:77	w-s019-a077-w003	w-s019-a077-w002		m-w-s019-a077-w003-01	m-w-s019-a077-w002-01		19:77:3:1	19:77:2:1		q:19:77:4	q:19:77:3		4	3		subject	strongly_licensed	high			PV	REL_PRON			fallback_morpheme_aligned	agreement;local_syntax	ٱلَّذِي supplies the subject of كَفَرَ.	resources/attachments.tsv:29445
sx-19_77-00669	ae:v3:s019:077:pass1:attach:a3	19:77	w-s019-a077-w003	w-s019-a077-w004	w-s019-a077-w004	m-w-s019-a077-w003-01	m-w-s019-a077-w004-02	m-w-s019-a077-w004-01	19:77:3:1	19:77:4:2	19:77:4:1	q:19:77:4	q:19:77:6	q:19:77:5	4	6	5	prep_complement	syntactically_forced	high			PV	NOUN_ABSTRACT		بـ	fallback_morpheme_aligned	case_government;local_syntax	آيَاتِنَا is governed by بِ as the complement of كَفَرَ.	resources/attachments.tsv:29446
sx-19_77-00670	ae:v3:s019:077:pass1:attach:a4	19:77	w-s019-a077-w004	w-s019-a077-w004		m-w-s019-a077-w004-02	m-w-s019-a077-w004-02		19:77:4:2	19:77:4:2		q:19:77:6	q:19:77:6		6	6		idafa	syntactically_forced	high		possessive_suffix	NOUN_ABSTRACT				position_morpheme_aligned	morphology	The suffix نَا is the genitive possessor of آيَاتِنَا.	resources/attachments.tsv:29447
sx-19_77-00671	ae:v3:s019:077:pass1:attach:a5	19:77	w-s019-a077-w003	w-s019-a077-w005		m-w-s019-a077-w003-01	m-w-s019-a077-w005-02		19:77:3:1	19:77:5:2		q:19:77:4	q:19:77:8		4	8		conjoined	strongly_licensed	high			PV	PV			fallback_morpheme_aligned	parallelism;local_syntax	قَالَ is coordinated with كَفَرَ by وَ.	resources/attachments.tsv:29448
sx-19_77-00672	ae:v3:s019:077:pass1:attach:a6	19:77	w-s019-a077-w005	w-s019-a077-w002		m-w-s019-a077-w005-02	m-w-s019-a077-w002-01		19:77:5:2	19:77:2:1		q:19:77:8	q:19:77:3		8	3		subject	strongly_licensed	high			PV	REL_PRON			fallback_morpheme_aligned	agreement;local_syntax	ٱلَّذِي supplies the subject of قَالَ.	resources/attachments.tsv:29449
sx-19_77-00673	ae:v3:s019:077:pass1:attach:a7	19:77	w-s019-a077-w005	w-s019-a077-w006		m-w-s019-a077-w005-02	m-w-s019-a077-w006-02		19:77:5:2	19:77:6:2		q:19:77:8	q:19:77:9		8	9		quoted_complement	syntactically_forced	high			PV	OTHER			fallback_morpheme_aligned	local_syntax	لَأُوتَيَنَّ مَالًا وَوَلَدًا is the quoted content of قَالَ.	resources/attachments.tsv:29450
sx-19_77-00674	ae:v3:s019:077:pass1:attach:a8	19:77	w-s019-a077-w006	w-s019-a077-w007		m-w-s019-a077-w006-02	m-w-s019-a077-w007-01		19:77:6:2	19:77:7:1		q:19:77:10	q:19:77:11		10	11		direct_object	syntactically_forced	high			IV	NOUN_CONCRETE	explicit		fallback_morpheme_aligned	case_government;local_syntax	مَالًا is the retained accusative object of أُوتَيَنَّ.	resources/attachments.tsv:29451
sx-19_77-00675	ae:v3:s019:077:pass1:attach:a9	19:77	w-s019-a077-w007	w-s019-a077-w008		m-w-s019-a077-w007-01	m-w-s019-a077-w008-02		19:77:7:1	19:77:8:2		q:19:77:11	q:19:77:13		11	13		conjoined	strongly_licensed	high			NOUN_CONCRETE	NOUN_CONCRETE			fallback_morpheme_aligned	parallelism;local_syntax	وَوَلَدًا is coordinated with مَالًا.	resources/attachments.tsv:29452
sx-19_77-00676	ae:v3:s019:077:pass1:attach:a10	19:77	w-s019-a077-w006	w-s019-a077-w008		m-w-s019-a077-w006-02	m-w-s019-a077-w008-02		19:77:6:2	19:77:8:2		q:19:77:10	q:19:77:13		10	13		direct_object	strongly_licensed	high			IV	NOUN_CONCRETE	explicit		position_morpheme_aligned	case_government;parallelism	وَوَلَدًا is a second retained accusative object of أُوتَيَنَّ.	resources/attachments.tsv:29453
sx-19_78-00677	ae:v3:s019:078:pass1:attach:a1	19:78	w-s019-a078-w001	w-s019-a078-w002		m-w-s019-a078-w001-02	m-w-s019-a078-w002-02		19:78:1:2	19:78:2:2		q:19:78:1	q:19:78:2		1	2		direct_object	syntactically_forced	high			PV	GERUND	explicit		fallback_morpheme_aligned	case_government;word_order	ٱلْغَيْبَ is the direct object of أَطَّلَعَ.	resources/attachments.tsv:29454
sx-19_78-00678	ae:v3:s019:078:pass1:attach:a2	19:78	w-s019-a078-w001	w-s019-a078-w004		m-w-s019-a078-w001-02	m-w-s019-a078-w004-01		19:78:1:2	19:78:4:1		q:19:78:1	q:19:78:4		1	4		conjoined	strongly_licensed	high			PV	PV			fallback_morpheme_aligned	parallelism;local_syntax	ٱتَّخَذَ is coordinated with أَطَّلَعَ by أَمِ.	resources/attachments.tsv:29455
sx-19_78-00679	ae:v3:s019:078:pass1:attach:a3	19:78	w-s019-a078-w004	w-s019-a078-w005		m-w-s019-a078-w004-01	m-w-s019-a078-w005-01		19:78:4:1	19:78:5:1		q:19:78:4	q:19:78:5		4	5		adverbial	strongly_licensed	high			PV	ADV			fallback_morpheme_aligned	local_syntax	عِندَ marks the locus with ٱلرَّحْمَانِ for ٱتَّخَذَ.	resources/attachments.tsv:29456
sx-19_78-00680	ae:v3:s019:078:pass1:attach:a4	19:78	w-s019-a078-w005	w-s019-a078-w006		m-w-s019-a078-w005-01	m-w-s019-a078-w006-02		19:78:5:1	19:78:6:2		q:19:78:5	q:19:78:6		5	6		idafa	syntactically_forced	high			ADV	NOUN_PROP			fallback_morpheme_aligned	morphology;case_government	ٱلرَّحْمَانِ is the genitive complement of عِندَ.	resources/attachments.tsv:29457
sx-19_78-00681	ae:v3:s019:078:pass1:attach:a5	19:78	w-s019-a078-w004	w-s019-a078-w007		m-w-s019-a078-w004-01	m-w-s019-a078-w007-01		19:78:4:1	19:78:7:1		q:19:78:4	q:19:78:7		4	7		direct_object	syntactically_forced	high			PV	NOUN_ABSTRACT	explicit		fallback_morpheme_aligned	case_government;word_order	عَهْدًا is the direct object of ٱتَّخَذَ.	resources/attachments.tsv:29458
sx-19_79-00682	ae:v3:s019:079:pass1:attach:a1	19:79	w-s019-a079-w002	w-s019-a079-w003		m-w-s019-a079-w002-02	m-w-s019-a079-w003-01		19:79:2:2	19:79:3:1		q:19:79:2	q:19:79:3		2	3		direct_object	syntactically_forced	high			IV	REL_PRON	explicit		fallback_morpheme_aligned	word_order;local_syntax	مَا is the direct object of سَنَكْتُبُ.	resources/attachments.tsv:29459
sx-19_79-00683	ae:v3:s019:079:pass1:attach:a2	19:79	w-s019-a079-w004	w-s019-a079-w003		m-w-s019-a079-w004-01	m-w-s019-a079-w003-01		19:79:4:1	19:79:3:1		q:19:79:4	q:19:79:3		4	3		direct_object	strongly_licensed	high			IV	REL_PRON	explicit		fallback_morpheme_aligned	local_syntax	مَا is also the content object of يَقُولُ within the relative clause.	resources/attachments.tsv:29460
sx-19_79-00684	ae:v3:s019:079:pass1:attach:a3	19:79	w-s019-a079-w002	w-s019-a079-w005		m-w-s019-a079-w002-02	m-w-s019-a079-w005-02		19:79:2:2	19:79:5:2		q:19:79:2	q:19:79:6		2	6		conjoined	strongly_licensed	high			IV	IV			position_morpheme_aligned	parallelism;local_syntax	نَمُدُّ is coordinated with سَنَكْتُبُ by وَ.	resources/attachments.tsv:29461
sx-19_79-00685	ae:v3:s019:079:pass1:attach:a4	19:79	w-s019-a079-w005	w-s019-a079-w006	w-s019-a079-w006	m-w-s019-a079-w005-02	m-w-s019-a079-w006-02	m-w-s019-a079-w006-01	19:79:5:2	19:79:6:2	19:79:6:1	q:19:79:6	q:19:79:7	q:19:79:7	6	7	7	prep_complement	syntactically_forced	high		pronoun_suffix	IV			لـ	fallback_morpheme_aligned	case_government;local_syntax	The suffix هُ in لَهُ is governed by لِ as benefactive complement of نَمُدُّ.	resources/attachments.tsv:29462
sx-19_79-00686	ae:v3:s019:079:pass1:attach:a5	19:79	w-s019-a079-w005	w-s019-a079-w008	w-s019-a079-w007	m-w-s019-a079-w005-02	m-w-s019-a079-w008-02	m-w-s019-a079-w007-01	19:79:5:2	19:79:8:2	19:79:7:1	q:19:79:6	q:19:79:9	q:19:79:8	6	9	8	prep_complement	syntactically_forced	high			IV	GERUND		مِن	fallback_morpheme_aligned	case_government;local_syntax	ٱلْعَذَابِ is governed by مِنَ with نَمُدُّ.	resources/attachments.tsv:29463
sx-19_79-00687	ae:v3:s019:079:pass1:attach:a6	19:79	w-s019-a079-w005	w-s019-a079-w009		m-w-s019-a079-w005-02	m-w-s019-a079-w009-01		19:79:5:2	19:79:9:1		q:19:79:6	q:19:79:10		6	10		cognate_acc	syntactically_forced	high			IV	GERUND			fallback_morpheme_aligned	morphology;case_government	مَدًّا is the cognate accusative of نَمُدُّ.	resources/attachments.tsv:29464
sx-19_80-00688	ae:v3:s019:080:pass1:attach:a1	19:80	w-s019-a080-w001	w-s019-a080-w001		m-w-s019-a080-w001-02	m-w-s019-a080-w001-03		19:80:1:2	19:80:1:3		q:19:80:2	q:19:80:2		2	2		direct_object	syntactically_forced	high		object_suffix	IV		clitic		position_morpheme_aligned	morphology;local_syntax	The suffix هُ in وَنَرِثُهُ is a clitic object after the verbal agreement of نَرِثُ.	resources/attachments.tsv:29465
sx-19_80-00689	ae:v3:s019:080:pass1:attach:a2	19:80	w-s019-a080-w001	w-s019-a080-w002		m-w-s019-a080-w001-02	m-w-s019-a080-w002-01		19:80:1:2	19:80:2:1		q:19:80:2	q:19:80:3		2	3		direct_object	strongly_licensed	high			IV	REL_PRON	explicit		position_morpheme_aligned	word_order;local_syntax	مَا يَقُولُ is the explicit object inherited by نَرِثُ.	resources/attachments.tsv:29466
sx-19_80-00690	ae:v3:s019:080:pass1:attach:a3	19:80	w-s019-a080-w003	w-s019-a080-w002		m-w-s019-a080-w003-01	m-w-s019-a080-w002-01		19:80:3:1	19:80:2:1		q:19:80:4	q:19:80:3		4	3		direct_object	strongly_licensed	high			IV	REL_PRON	explicit		position_morpheme_aligned	local_syntax	مَا is the content object of يَقُولُ inside the relative clause.	resources/attachments.tsv:29467
sx-19_80-00691	ae:v3:s019:080:pass1:attach:a4	19:80	w-s019-a080-w001	w-s019-a080-w004		m-w-s019-a080-w001-02	m-w-s019-a080-w004-02		19:80:1:2	19:80:4:2		q:19:80:2	q:19:80:6		2	6		conjoined	strongly_licensed	high			IV	IV			position_morpheme_aligned	parallelism;local_syntax	يَأْتِينَا is coordinated with نَرِثُهُ by وَ.	resources/attachments.tsv:29468
sx-19_80-00692	ae:v3:s019:080:pass1:attach:a5	19:80	w-s019-a080-w004	w-s019-a080-w004		m-w-s019-a080-w004-02	m-w-s019-a080-w004-03		19:80:4:2	19:80:4:3		q:19:80:6	q:19:80:6		6	6		direct_object	syntactically_forced	high		object_suffix	IV		clitic		position_morpheme_aligned	morphology;local_syntax	The suffix نَا in وَيَأْتِينَا is the clitic object complement of يَأْتِي.	resources/attachments.tsv:29469
sx-19_80-00693	ae:v3:s019:080:pass1:attach:a6	19:80	w-s019-a080-w004	w-s019-a080-w005		m-w-s019-a080-w004-02	m-w-s019-a080-w005-01		19:80:4:2	19:80:5:1		q:19:80:6	q:19:80:7		6	7		circumstantial	strongly_licensed	high			IV	NOUN_CONCRETE			position_morpheme_aligned	case_government;local_syntax	فَرْدًا is the accusative state of the subject of يَأْتِي.	resources/attachments.tsv:29470
sx-19_81-00694	ae:v3:s019:081:pass1:attach:a1	19:81	w-s019-a081-w001	w-s019-a081-w003	w-s019-a081-w002	m-w-s019-a081-w001-02	m-w-s019-a081-w003-01	m-w-s019-a081-w002-01	19:81:1:2	19:81:3:1	19:81:2:1	q:19:81:2	q:19:81:4	q:19:81:3	2	4	3	prep_complement	syntactically_forced	high			PV	NOUN_ABSTRACT		مِن	position_morpheme_aligned	case_government;local_syntax	دُونِ is governed by مِنْ in the phrase مِن دُونِ ٱللَّهِ attached to ٱتَّخَذُوا.	resources/attachments.tsv:29471
sx-19_81-00695	ae:v3:s019:081:pass1:attach:a2	19:81	w-s019-a081-w003	w-s019-a081-w004		m-w-s019-a081-w003-01	m-w-s019-a081-w004-01		19:81:3:1	19:81:4:1		q:19:81:4	q:19:81:5		4	5		idafa	syntactically_forced	high			NOUN_ABSTRACT	NOUN_PROP			position_morpheme_aligned	morphology;case_government	ٱللَّهِ is the genitive complement of the construct دُونِ.	resources/attachments.tsv:29472
sx-19_81-00696	ae:v3:s019:081:pass1:attach:a3	19:81	w-s019-a081-w001	w-s019-a081-w004		m-w-s019-a081-w001-02	m-w-s019-a081-w004-01		19:81:1:2	19:81:4:1		q:19:81:2	q:19:81:6		2	6		direct_object	syntactically_forced	high			PV	NOUN_CONCRETE	explicit		fallback_morpheme_aligned	case_government;local_syntax	ءَالِهَةً is the accusative object of ٱتَّخَذُوا.	resources/attachments.tsv:29473
sx-19_81-00697	ae:v3:s019:081:pass1:attach:a4	19:81	w-s019-a081-w006	w-s019-a081-w007	w-s019-a081-w006	m-w-s019-a081-w006-02	m-w-s019-a081-w007-02	m-w-s019-a081-w006-01	19:81:6:2	19:81:7:2	19:81:6:1	q:19:81:8	q:19:81:10	q:19:81:9	8	10	9	prep_complement	syntactically_forced	high			IV	PRON		لـ	fallback_morpheme_aligned	case_government;local_syntax	هُمْ is governed by لَـ in لَهُمْ within the predicate of يَكُونُوا.	resources/attachments.tsv:29474
sx-19_81-00698	ae:v3:s019:081:pass1:attach:a5	19:81	w-s019-a081-w006	w-s019-a081-w008		m-w-s019-a081-w006-02	m-w-s019-a081-w008-01		19:81:6:2	19:81:8:1		q:19:81:8	q:19:81:11		8	11		kana_predicate	syntactically_forced	high			IV	GERUND			position_morpheme_aligned	case_government;local_syntax	عِزًّا is the accusative predicate of يَكُونُوا.	resources/attachments.tsv:29475
sx-19_82-00699	ae:v3:s019:082:pass1:attach:a1	19:82	w-s019-a082-w002	w-s019-a082-w003	w-s019-a082-w003	m-w-s019-a082-w002-02	m-w-s019-a082-w003-02	m-w-s019-a082-w003-01	19:82:2:2	19:82:3:2	19:82:3:1	q:19:82:2	q:19:82:4	q:19:82:3	2	4	3	prep_complement	syntactically_forced	high			IV	GERUND		بـ	fallback_morpheme_aligned	case_government;local_syntax	عِبَادَتِهِمْ is governed by بِ as the complement of سَيَكْفُرُونَ.	resources/attachments.tsv:29476
sx-19_82-00700	ae:v3:s019:082:pass1:attach:a2	19:82	w-s019-a082-w002	w-s019-a082-w004		m-w-s019-a082-w002-02	m-w-s019-a082-w004-02		19:82:2:2	19:82:4:2		q:19:82:2	q:19:82:6		2	6		conjoined	strongly_licensed	high			IV	IV			position_morpheme_aligned	parallelism;local_syntax	يَكُونُونَ is joined to سَيَكْفُرُونَ by وَ.	resources/attachments.tsv:29477
sx-19_82-00701	ae:v3:s019:082:pass1:attach:a3	19:82	w-s019-a082-w004	w-s019-a082-w005	w-s019-a082-w005	m-w-s019-a082-w004-02	m-w-s019-a082-w005-02	m-w-s019-a082-w005-01	19:82:4:2	19:82:5:2	19:82:5:1	q:19:82:6	q:19:82:7	q:19:82:7	6	7	7	prep_complement	syntactically_forced	high		pronoun_suffix	IV			عَلَى	fallback_morpheme_aligned	case_government;local_syntax	The pronoun in عَلَيْهِمْ is governed by عَلَى and relates to يَكُونُونَ.	resources/attachments.tsv:29478
sx-19_82-00702	ae:v3:s019:082:pass1:attach:a4	19:82	w-s019-a082-w004	w-s019-a082-w006		m-w-s019-a082-w004-02	m-w-s019-a082-w006-01		19:82:4:2	19:82:6:1		q:19:82:6	q:19:82:8		6	8		kana_predicate	syntactically_forced	high			IV	NOUN_ABSTRACT			fallback_morpheme_aligned	case_government;local_syntax	ضِدًّا is the accusative predicate of يَكُونُونَ.	resources/attachments.tsv:29479
sx-19_82-00703	ae:v3:s019:082:pass1:attach:a5	19:82	w-s019-a082-w003	w-s019-a082-w003		m-w-s019-a082-w003-02	m-w-s019-a082-w003-02		19:82:3:2	19:82:3:2		q:19:82:4	q:19:82:4		4	4		idafa	syntactically_forced	high		possessive_suffix	GERUND				position_morpheme_aligned	morphology;case_government	The suffix هُمْ in عِبَادَتِهِمْ is the genitive possessor of عِبَادَةِ.	resources/attachments.tsv:29480
sx-19_83-00704	ae:v3:s019:083:pass1:attach:a1	19:83	w-s019-a083-w003	w-s019-a083-w003		m-w-s019-a083-w003-01	m-w-s019-a083-w003-02		19:83:3:1	19:83:3:2		q:19:83:3	q:19:83:3		3	3		particle_complement	syntactically_forced	high	particle_segment	pronoun_suffix					fallback_morpheme_aligned	morphology;local_syntax	The pronoun نَا in أَنَّا is the governed noun of أَنَّ.	resources/attachments.tsv:29481
sx-19_83-00705	ae:v3:s019:083:pass1:attach:a2	19:83	w-s019-a083-w003	w-s019-a083-w004		m-w-s019-a083-w003-01	m-w-s019-a083-w004-01		19:83:3:1	19:83:4:1		q:19:83:3	q:19:83:4		3	4		predication	strongly_licensed	high			PRON_1S	PV			fallback_morpheme_aligned	local_syntax	أَرْسَلْنَا ٱلشَّيَاطِينَ ... تَؤُزُّهُمْ is the predicate content of أَنَّا.	resources/attachments.tsv:29482
sx-19_83-00706	ae:v3:s019:083:pass1:attach:a3	19:83	w-s019-a083-w002	w-s019-a083-w003		m-w-s019-a083-w002-01	m-w-s019-a083-w003-01		19:83:2:1	19:83:3:1		q:19:83:2	q:19:83:3		2	3		clausal_complement	syntactically_forced	high			IV	PRON_1S			fallback_morpheme_aligned	local_syntax	أَنَّا أَرْسَلْنَا ... أَزًّا is the content clause governed by تَرَ.	resources/attachments.tsv:29483
sx-19_83-00707	ae:v3:s019:083:pass1:attach:a4	19:83	w-s019-a083-w004	w-s019-a083-w005		m-w-s019-a083-w004-01	m-w-s019-a083-w005-02		19:83:4:1	19:83:5:2		q:19:83:4	q:19:83:5		4	5		direct_object	syntactically_forced	high			PV	NOUN_CONCRETE	explicit		fallback_morpheme_aligned	case_government;local_syntax	ٱلشَّيَاطِينَ is the accusative object of أَرْسَلْنَا.	resources/attachments.tsv:29484
sx-19_83-00708	ae:v3:s019:083:pass1:attach:a5	19:83	w-s019-a083-w004	w-s019-a083-w007	w-s019-a083-w006	m-w-s019-a083-w004-01	m-w-s019-a083-w007-02	m-w-s019-a083-w006-01	19:83:4:1	19:83:7:2	19:83:6:1	q:19:83:4	q:19:83:7	q:19:83:6	4	7	6	prep_complement	syntactically_forced	high			PV	NOUN_ACTIVE_PART		عَلَى	fallback_morpheme_aligned	case_government;local_syntax	ٱلْكَافِرِينَ is governed by عَلَى as complement of أَرْسَلْنَا.	resources/attachments.tsv:29485
sx-19_83-00709	ae:v3:s019:083:pass1:attach:a6	19:83	w-s019-a083-w004	w-s019-a083-w008		m-w-s019-a083-w004-01	m-w-s019-a083-w008-01		19:83:4:1	19:83:8:1		q:19:83:4	q:19:83:8		4	8		circumstantial	strongly_licensed	high			PV	IV			fallback_morpheme_aligned	local_syntax	تَؤُزُّهُمْ أَزًّا describes the manner or effect accompanying أَرْسَلْنَا ٱلشَّيَاطِينَ.	resources/attachments.tsv:29486
sx-19_83-00710	ae:v3:s019:083:pass1:attach:a7	19:83	w-s019-a083-w008	w-s019-a083-w008		m-w-s019-a083-w008-01	m-w-s019-a083-w008-02		19:83:8:1	19:83:8:2		q:19:83:8	q:19:83:8		8	8		direct_object	syntactically_forced	high		object_suffix	IV		clitic		fallback_morpheme_aligned	morphology;local_syntax	The suffix هُمْ on تَؤُزُّهُمْ is the object of the verb تَؤُزُّ.	resources/attachments.tsv:29487
sx-19_83-00711	ae:v3:s019:083:pass1:attach:a8	19:83	w-s019-a083-w008	w-s019-a083-w008		m-w-s019-a083-w008-01	m-w-s019-a083-w008-01		19:83:8:1	19:83:8:1		q:19:83:8	q:19:83:9		8	9		cognate_acc	syntactically_forced	high			IV	GERUND			fallback_morpheme_aligned	morphology;case_government	أَزًّا is a cognate accusative from the same root as تَؤُزُّهُمْ.	resources/attachments.tsv:29488
sx-19_84-00712	ae:v3:s019:084:pass1:attach:a1	19:84	w-s019-a084-w002	w-s019-a084-w003	w-s019-a084-w003	m-w-s019-a084-w002-01	m-w-s019-a084-w003-02	m-w-s019-a084-w003-01	19:84:2:1	19:84:3:2	19:84:3:1	q:19:84:3	q:19:84:4	q:19:84:4	3	4	4	prep_complement	syntactically_forced	high		pronoun_suffix	IV			عَلَى	position_morpheme_aligned	case_government;local_syntax	The pronoun in عَلَيْهِمْ is governed by عَلَى as complement of تَعْجَلْ.	resources/attachments.tsv:29489
sx-19_84-00713	ae:v3:s019:084:pass1:attach:a2	19:84	w-s019-a084-w005	w-s019-a084-w006	w-s019-a084-w006	m-w-s019-a084-w005-01	m-w-s019-a084-w006-02	m-w-s019-a084-w006-01	19:84:5:1	19:84:6:2	19:84:6:1	q:19:84:6	q:19:84:8	q:19:84:7	6	8	7	prep_complement	syntactically_forced	high			IV	PRON		لـ	position_morpheme_aligned	case_government;local_syntax	هُمْ is governed by لَ in لَهُمْ and attaches to نَعُدُّ.	resources/attachments.tsv:29490
sx-19_84-00714	ae:v3:s019:084:pass1:attach:a3	19:84	w-s019-a084-w005	w-s019-a084-w007		m-w-s019-a084-w005-01	m-w-s019-a084-w007-01		19:84:5:1	19:84:7:1		q:19:84:6	q:19:84:9		6	9		cognate_acc	syntactically_forced	high			IV	GERUND			position_morpheme_aligned	morphology;case_government	عَدًّا is a cognate accusative from the same root as نَعُدُّ.	resources/attachments.tsv:29491
sx-19_85-00715	ae:v3:s019:085:pass1:attach:a1	19:85	w-s019-a085-w002	w-s019-a085-w001		m-w-s019-a085-w002-01	m-w-s019-a085-w001-01		19:85:2:1	19:85:1:1		q:19:85:2	q:19:85:1		2	1		adverbial	syntactically_forced	high			IV	ADV			position_morpheme_aligned	case_government;local_syntax	يَوْمَ is the accusative temporal adverb for نَحْشُرُ.	resources/attachments.tsv:29492
sx-19_85-00716	ae:v3:s019:085:pass1:attach:a2	19:85	w-s019-a085-w002	w-s019-a085-w003		m-w-s019-a085-w002-01	m-w-s019-a085-w003-02		19:85:2:1	19:85:3:2		q:19:85:2	q:19:85:3		2	3		direct_object	syntactically_forced	high			IV	NOUN_ACTIVE_PART	explicit		position_morpheme_aligned	case_government;local_syntax	ٱلْمُتَّقِينَ is the accusative object of نَحْشُرُ.	resources/attachments.tsv:29493
sx-19_85-00717	ae:v3:s019:085:pass1:attach:a3	19:85	w-s019-a085-w002	w-s019-a085-w005	w-s019-a085-w004	m-w-s019-a085-w002-01	m-w-s019-a085-w005-02	m-w-s019-a085-w004-01	19:85:2:1	19:85:5:2	19:85:4:1	q:19:85:2	q:19:85:5	q:19:85:4	2	5	4	prep_complement	syntactically_forced	high			IV	NOUN_PROP		إِلَى	position_morpheme_aligned	case_government;local_syntax	ٱلرَّحْمَٰنِ is governed by إِلَى as complement of نَحْشُرُ.	resources/attachments.tsv:29494
sx-19_85-00718	ae:v3:s019:085:pass1:attach:a4	19:85	w-s019-a085-w003	w-s019-a085-w006		m-w-s019-a085-w003-02	m-w-s019-a085-w006-01		19:85:3:2	19:85:6:1		q:19:85:3	q:19:85:6		3	6		circumstantial	strongly_licensed	high			NOUN_ACTIVE_PART	NOUN_CONCRETE			position_morpheme_aligned	case_government;local_syntax	وَفْدًا describes ٱلْمُتَّقِينَ in the state in which they are gathered.	resources/attachments.tsv:29495
sx-19_86-00719	ae:v3:s019:086:pass1:attach:a1	19:86	w-s019-a086-w001	w-s019-a086-w002		m-w-s019-a086-w001-02	m-w-s019-a086-w002-02		19:86:1:2	19:86:2:2		q:19:86:2	q:19:86:3		2	3		direct_object	syntactically_forced	high			IV	NOUN_ACTIVE_PART	explicit		position_morpheme_aligned	case_government;local_syntax	ٱلْمُجْرِمِينَ is the accusative object of نَسُوقُ.	resources/attachments.tsv:29496
sx-19_86-00720	ae:v3:s019:086:pass1:attach:a2	19:86	w-s019-a086-w001	w-s019-a086-w004	w-s019-a086-w003	m-w-s019-a086-w001-02	m-w-s019-a086-w004-01	m-w-s019-a086-w003-01	19:86:1:2	19:86:4:1	19:86:3:1	q:19:86:2	q:19:86:5	q:19:86:4	2	5	4	prep_complement	syntactically_forced	high			IV	FOREIGN		إِلَى	position_morpheme_aligned	case_government;local_syntax	جَهَنَّمَ is governed by إِلَىٰ as complement of نَسُوقُ.	resources/attachments.tsv:29497
sx-19_86-00721	ae:v3:s019:086:pass1:attach:a3	19:86	w-s019-a086-w002	w-s019-a086-w005		m-w-s019-a086-w002-02	m-w-s019-a086-w005-01		19:86:2:2	19:86:5:1		q:19:86:3	q:19:86:6		3	6		circumstantial	strongly_licensed	high			NOUN_ACTIVE_PART	GERUND			position_morpheme_aligned	case_government;local_syntax	وِرْدًا describes ٱلْمُجْرِمِينَ in the state in which they are driven.	resources/attachments.tsv:29498
sx-19_87-00722	ae:v3:s019:087:pass1:attach:a1	19:87	w-s019-a087-w002	w-s019-a087-w003		m-w-s019-a087-w002-01	m-w-s019-a087-w003-02		19:87:2:1	19:87:3:2		q:19:87:2	q:19:87:3		2	3		direct_object	syntactically_forced	high			IV	GERUND	explicit		position_morpheme_aligned	case_government;local_syntax	ٱلشَّفَاعَةَ is the accusative object of يَمْلِكُونَ.	resources/attachments.tsv:29499
sx-19_87-00723	ae:v3:s019:087:pass1:attach:a2	19:87	w-s019-a087-w002	w-s019-a087-w005		m-w-s019-a087-w002-01	m-w-s019-a087-w005-01		19:87:2:1	19:87:5:1		q:19:87:2	q:19:87:5		2	5		exception	syntactically_forced	high			IV	REL_PRON			position_morpheme_aligned	local_syntax	إِلَّا introduces مَنِ ٱتَّخَذَ ... عَهْدًا as the exception to لَا يَمْلِكُونَ.	resources/attachments.tsv:29500
sx-19_87-00724	ae:v3:s019:087:pass1:attach:a3	19:87	w-s019-a087-w006	w-s019-a087-w005		m-w-s019-a087-w006-01	m-w-s019-a087-w005-01		19:87:6:1	19:87:5:1		q:19:87:6	q:19:87:5		6	5		subject	syntactically_forced	high			PV	REL_PRON			position_morpheme_aligned	word_order;local_syntax	مَنِ is the subject of ٱتَّخَذَ in the relative clause.	resources/attachments.tsv:29501
sx-19_87-00725	ae:v3:s019:087:pass1:attach:a4	19:87	w-s019-a087-w006	w-s019-a087-w007		m-w-s019-a087-w006-01	m-w-s019-a087-w007-01		19:87:6:1	19:87:7:1		q:19:87:6	q:19:87:7		6	7		adverbial	strongly_licensed	high			PV	ADV			position_morpheme_aligned	case_government;local_syntax	عِندَ locates the taking of عَهْدًا with ٱلرَّحْمَٰنِ.	resources/attachments.tsv:29502
sx-19_87-00726	ae:v3:s019:087:pass1:attach:a5	19:87	w-s019-a087-w007	w-s019-a087-w008		m-w-s019-a087-w007-01	m-w-s019-a087-w008-02		19:87:7:1	19:87:8:2		q:19:87:7	q:19:87:8		7	8		idafa	syntactically_forced	high			ADV	NOUN_PROP			position_morpheme_aligned	morphology;case_government	ٱلرَّحْمَٰنِ is the genitive complement of the adverbial construct عِندَ.	resources/attachments.tsv:29503
sx-19_87-00727	ae:v3:s019:087:pass1:attach:a6	19:87	w-s019-a087-w006	w-s019-a087-w009		m-w-s019-a087-w006-01	m-w-s019-a087-w009-01		19:87:6:1	19:87:9:1		q:19:87:6	q:19:87:9		6	9		direct_object	syntactically_forced	high			PV	NOUN_ABSTRACT	explicit		position_morpheme_aligned	case_government;local_syntax	عَهْدًا is the accusative object of ٱتَّخَذَ.	resources/attachments.tsv:29504
sx-19_88-00728	ae:v3:s019:088:pass1:attach:a1	19:88	w-s019-a088-w001	w-s019-a088-w002		m-w-s019-a088-w001-02	m-w-s019-a088-w002-01		19:88:1:2	19:88:2:1		q:19:88:2	q:19:88:3		2	3		quoted_complement	syntactically_forced	high			PV	PV			position_morpheme_aligned	local_syntax	ٱتَّخَذَ ٱلرَّحْمَٰنُ وَلَدًا is the full quoted complement of قَالُوا.	resources/attachments.tsv:29505
sx-19_88-00729	ae:v3:s019:088:pass1:attach:a2	19:88	w-s019-a088-w002	w-s019-a088-w003		m-w-s019-a088-w002-01	m-w-s019-a088-w003-02		19:88:2:1	19:88:3:2		q:19:88:3	q:19:88:4		3	4		subject	syntactically_forced	high			PV	NOUN_PROP			position_morpheme_aligned	case_government;word_order	ٱلرَّحْمَٰنُ is the nominative subject of ٱتَّخَذَ.	resources/attachments.tsv:29506
sx-19_88-00730	ae:v3:s019:088:pass1:attach:a3	19:88	w-s019-a088-w002	w-s019-a088-w004		m-w-s019-a088-w002-01	m-w-s019-a088-w004-01		19:88:2:1	19:88:4:1		q:19:88:3	q:19:88:5		3	5		direct_object	syntactically_forced	high			PV	NOUN_CONCRETE	explicit		position_morpheme_aligned	case_government;local_syntax	وَلَدًا is the accusative object of ٱتَّخَذَ.	resources/attachments.tsv:29507
sx-19_89-00731	ae:v3:s019:089:pass1:attach:a1	19:89	w-s019-a089-w002	w-s019-a089-w003		m-w-s019-a089-w002-01	m-w-s019-a089-w003-01		19:89:2:1	19:89:3:1		q:19:89:3	q:19:89:4		3	4		direct_object	syntactically_forced	high			PV	NOUN_ABSTRACT	explicit		position_morpheme_aligned	case_government;local_syntax	شَيْئًا is the accusative object of جِئْتُمْ.	resources/attachments.tsv:29508
sx-19_89-00732	ae:v3:s019:089:pass1:attach:a2	19:89	w-s019-a089-w003	w-s019-a089-w004		m-w-s019-a089-w003-01	m-w-s019-a089-w004-01		19:89:3:1	19:89:4:1		q:19:89:4	q:19:89:5		4	5		adjective	strongly_licensed	high			NOUN_ABSTRACT	NOUN_ABSTRACT			position_morpheme_aligned	agreement;case_government	إِدًّا qualifies شَيْئًا with matching accusative indefiniteness.	resources/attachments.tsv:29509
sx-19_90-00733	ae:v3:s019:090:pass1:attach:a1	19:90	w-s019-a090-w001	w-s019-a090-w002		m-w-s019-a090-w001-01	m-w-s019-a090-w002-02		19:90:1:1	19:90:2:2		q:19:90:1	q:19:90:2		1	2		subject	syntactically_forced	high			IV	NOUN_CONCRETE			position_morpheme_aligned	agreement;word_order	ٱلسَّمَٰوَٰتُ is the nominative subject of تَكَادُ.	resources/attachments.tsv:29510
sx-19_90-00734	ae:v3:s019:090:pass1:attach:a2	19:90	w-s019-a090-w001	w-s019-a090-w003		m-w-s019-a090-w001-01	m-w-s019-a090-w003-01		19:90:1:1	19:90:3:1		q:19:90:1	q:19:90:3		1	3		clausal_complement	syntactically_forced	high			IV	IV			position_morpheme_aligned	local_syntax	يَتَفَطَّرْنَ مِنْهُ is the complement governed by تَكَادُ.	resources/attachments.tsv:29511
sx-19_90-00735	ae:v3:s019:090:pass1:attach:a3	19:90	w-s019-a090-w003	w-s019-a090-w004	w-s019-a090-w004	m-w-s019-a090-w003-01	m-w-s019-a090-w004-02	m-w-s019-a090-w004-01	19:90:3:1	19:90:4:2	19:90:4:1	q:19:90:3	q:19:90:4	q:19:90:4	3	4	4	prep_complement	syntactically_forced	high		pronoun_suffix	IV			مِن	position_morpheme_aligned	case_government;local_syntax	The pronoun in مِنْهُ is governed by مِنْ as complement of يَتَفَطَّرْنَ.	resources/attachments.tsv:29512
sx-19_90-00736	ae:v3:s019:090:pass1:attach:a4	19:90	w-s019-a090-w003	w-s019-a090-w005		m-w-s019-a090-w003-01	m-w-s019-a090-w005-02		19:90:3:1	19:90:5:2		q:19:90:3	q:19:90:6		3	6		conjoined	strongly_licensed	high			IV	IV			position_morpheme_aligned	parallelism;local_syntax	تَنشَقُّ is joined to يَتَفَطَّرْنَ by وَ.	resources/attachments.tsv:29513
sx-19_90-00737	ae:v3:s019:090:pass1:attach:a5	19:90	w-s019-a090-w005	w-s019-a090-w006		m-w-s019-a090-w005-02	m-w-s019-a090-w006-02		19:90:5:2	19:90:6:2		q:19:90:6	q:19:90:7		6	7		subject	syntactically_forced	high			IV	NOUN_CONCRETE			position_morpheme_aligned	agreement;word_order	ٱلْأَرْضُ is the nominative subject of تَنشَقُّ.	resources/attachments.tsv:29514
sx-19_90-00738	ae:v3:s019:090:pass1:attach:a6	19:90	w-s019-a090-w005	w-s019-a090-w007		m-w-s019-a090-w005-02	m-w-s019-a090-w007-02		19:90:5:2	19:90:7:2		q:19:90:6	q:19:90:9		6	9		conjoined	strongly_licensed	high			IV	IV			position_morpheme_aligned	parallelism;local_syntax	تَخِرُّ is joined to تَنشَقُّ by وَ.	resources/attachments.tsv:29515
sx-19_90-00739	ae:v3:s019:090:pass1:attach:a7	19:90	w-s019-a090-w007	w-s019-a090-w008		m-w-s019-a090-w007-02	m-w-s019-a090-w008-02		19:90:7:2	19:90:8:2		q:19:90:9	q:19:90:10		9	10		subject	syntactically_forced	high			IV	NOUN_CONCRETE			position_morpheme_aligned	agreement;word_order	ٱلْجِبَالُ is the nominative subject of تَخِرُّ.	resources/attachments.tsv:29516
sx-19_90-00740	ae:v3:s019:090:pass1:attach:a8	19:90	w-s019-a090-w007	w-s019-a090-w009		m-w-s019-a090-w007-02	m-w-s019-a090-w009-01		19:90:7:2	19:90:9:1		q:19:90:9	q:19:90:11		9	11		cognate_acc	strongly_licensed	high			IV	GERUND			position_morpheme_aligned	morphology;case_government	هَدًّا is an accusative verbal noun describing the crashing action of تَخِرُّ.	resources/attachments.tsv:29517
sx-19_91-00741	ae:v3:s019:091:pass1:attach:a1	19:91	w-s019-a091-w002	w-s019-a091-w003	w-s019-a091-w003	m-w-s019-a091-w002-01	m-w-s019-a091-w003-03	m-w-s019-a091-w003-01	19:91:2:1	19:91:3:3	19:91:3:1	q:19:91:2	q:19:91:4	q:19:91:3	2	4	3	prep_complement	syntactically_forced	high			PV	NOUN_PROP		لـ	position_morpheme_aligned	case_government;local_syntax	لِلرَّحْمَنِ is governed by لِ as the recipient/complement of دَعَوْا.	resources/attachments.tsv:29518
sx-19_91-00742	ae:v3:s019:091:pass1:attach:a2	19:91	w-s019-a091-w002	w-s019-a091-w004		m-w-s019-a091-w002-01	m-w-s019-a091-w004-01		19:91:2:1	19:91:4:1		q:19:91:2	q:19:91:5		2	5		direct_object	syntactically_forced	high			PV	NOUN_CONCRETE	explicit		position_morpheme_aligned	case_government;local_syntax	وَلَدًا is the accusative object claimed by دَعَوْا.	resources/attachments.tsv:29519
sx-19_91-00743	ae:v3:s019:091:pass1:attach:a3	19:91	w-s019-a091-w001	w-s019-a091-w002		m-w-s019-a091-w001-01	m-w-s019-a091-w002-01		19:91:1:1	19:91:2:1		q:19:91:1	q:19:91:2		1	2		particle_complement	strongly_licensed	high			SUBJUNC_PART	PV			position_morpheme_aligned	local_syntax	أَن subordinates the verbal complement دَعَوْا in this clause.	resources/attachments.tsv:29520
sx-19_92-00744	ae:v3:s019:092:pass1:attach:a1	19:92	w-s019-a092-w002	w-s019-a092-w003	w-s019-a092-w003	m-w-s019-a092-w002-01	m-w-s019-a092-w003-03	m-w-s019-a092-w003-01	19:92:2:1	19:92:3:3	19:92:3:1	q:19:92:3	q:19:92:5	q:19:92:4	3	5	4	prep_complement	syntactically_forced	high			IV	NOUN_PROP		لـ	position_morpheme_aligned	case_government;local_syntax	الرَّحْمَٰنِ is governed by لِ as the entity for whom يَنۢبَغِي is negated.	resources/attachments.tsv:29521
sx-19_92-00745	ae:v3:s019:092:pass1:attach:a2	19:92	w-s019-a092-w002	w-s019-a092-w004		m-w-s019-a092-w002-01	m-w-s019-a092-w004-01		19:92:2:1	19:92:4:1		q:19:92:3	q:19:92:6		3	6		clausal_complement	syntactically_forced	high			IV	SUBJUNC_PART			position_morpheme_aligned	local_syntax	أَنْ يَتَّخِذَ وَلَدًا is the governed infinitival content of يَنۢبَغِي.	resources/attachments.tsv:29522
sx-19_92-00746	ae:v3:s019:092:pass1:attach:a3	19:92	w-s019-a092-w005	w-s019-a092-w006		m-w-s019-a092-w005-01	m-w-s019-a092-w006-01		19:92:5:1	19:92:6:1		q:19:92:7	q:19:92:8		7	8		direct_object	syntactically_forced	high			IV	NOUN_CONCRETE	explicit		position_morpheme_aligned	case_government;local_syntax	وَلَدًا is the accusative object of يَتَّخِذَ.	resources/attachments.tsv:29523
sx-19_92-00747	ae:v3:s019:092:pass1:attach:a4	19:92	w-s019-a092-w004	w-s019-a092-w005		m-w-s019-a092-w004-01	m-w-s019-a092-w005-01		19:92:4:1	19:92:5:1		q:19:92:6	q:19:92:7		6	7		particle_complement	syntactically_forced	high			SUBJUNC_PART	IV			position_morpheme_aligned	local_syntax	أَنْ governs the subjunctive verbal complement يَتَّخِذَ.	resources/attachments.tsv:29524
sx-19_93-00748	ae:v3:s019:093:pass1:attach:a1	19:93	w-s019-a093-w002	w-s019-a093-w003		m-w-s019-a093-w002-01	m-w-s019-a093-w003-01		19:93:2:1	19:93:3:1		q:19:93:2	q:19:93:3		2	3		idafa	syntactically_forced	high			NOUN_ABSTRACT	REL_PRON			position_morpheme_aligned	morphology;local_syntax	مَنْ is the genitive complement completing the construct كُلُّ.	resources/attachments.tsv:29525
sx-19_93-00749	ae:v3:s019:093:pass1:attach:a2	19:93	w-s019-a093-w003	w-s019-a093-w005	w-s019-a093-w004	m-w-s019-a093-w003-01	m-w-s019-a093-w005-02	m-w-s019-a093-w004-01	19:93:3:1	19:93:5:2	19:93:4:1	q:19:93:3	q:19:93:5	q:19:93:4	3	5	4	prep_complement	syntactically_forced	high			REL_PRON	NOUN_CONCRETE		فِي	position_morpheme_aligned	case_government;local_syntax	ٱلسَّمَٰوَٰتِ is governed by فِي in the relative phrase مَنْ فِي ٱلسَّمَٰوَٰتِ.	resources/attachments.tsv:29526
sx-19_93-00750	ae:v3:s019:093:pass1:attach:a3	19:93	w-s019-a093-w005	w-s019-a093-w006		m-w-s019-a093-w005-02	m-w-s019-a093-w006-03		19:93:5:2	19:93:6:3		q:19:93:5	q:19:93:7		5	7		conjoined	strongly_licensed	high			NOUN_CONCRETE	NOUN_CONCRETE			position_morpheme_aligned	local_syntax;parallelism	وَ coordinates ٱلْأَرْضِ with ٱلسَّمَٰوَٰتِ under the same locative phrase.	resources/attachments.tsv:29527
sx-19_93-00751	ae:v3:s019:093:pass1:attach:a4	19:93	w-s019-a093-w003	w-s019-a093-w006	w-s019-a093-w004	m-w-s019-a093-w003-01	m-w-s019-a093-w006-03	m-w-s019-a093-w004-01	19:93:3:1	19:93:6:3	19:93:4:1	q:19:93:3	q:19:93:7	q:19:93:4	3	7	4	prep_complement	strongly_licensed	high			REL_PRON	NOUN_CONCRETE		فِي	position_morpheme_aligned	case_government;parallelism	ٱلْأَرْضِ shares the governing preposition فِي through coordination with ٱلسَّمَٰوَٰتِ.	resources/attachments.tsv:29528
sx-19_93-00752	ae:v3:s019:093:pass1:attach:a5	19:93	w-s019-a093-w002	w-s019-a093-w008		m-w-s019-a093-w002-01	m-w-s019-a093-w008-01		19:93:2:1	19:93:8:1		q:19:93:2	q:19:93:9		2	9		predication	strongly_licensed	high			NOUN_ABSTRACT	NOUN_ACTIVE_PART			position_morpheme_aligned	local_syntax;word_order	ءَاتِى is the predicate of كُلُّ مَنْ within the إِنْ ... إِلَّآ restriction.	resources/attachments.tsv:29529
sx-19_93-00753	ae:v3:s019:093:pass1:attach:a6	19:93	w-s019-a093-w008	w-s019-a093-w009		m-w-s019-a093-w008-01	m-w-s019-a093-w009-02		19:93:8:1	19:93:9:2		q:19:93:9	q:19:93:10		9	10		idafa	syntactically_forced	high			NOUN_ACTIVE_PART	NOUN_PROP			position_morpheme_aligned	morphology;local_syntax	ٱلرَّحْمَٰنِ is the genitive complement of the construct active participle ءَاتِى.	resources/attachments.tsv:29530
sx-19_93-00754	ae:v3:s019:093:pass1:attach:a7	19:93	w-s019-a093-w008	w-s019-a093-w010		m-w-s019-a093-w008-01	m-w-s019-a093-w010-01		19:93:8:1	19:93:10:1		q:19:93:9	q:19:93:11		9	11		circumstantial	strongly_licensed	high			NOUN_ACTIVE_PART	NOUN_CONCRETE			position_morpheme_aligned	case_government;local_syntax	عَبْدًا gives the accusative state in which the coming expressed by ءَاتِى occurs.	resources/attachments.tsv:29531
sx-19_94-00755	ae:v3:s019:094:pass1:attach:a1	19:94	w-s019-a094-w002	w-s019-a094-w002		m-w-s019-a094-w002-01	m-w-s019-a094-w002-02		19:94:2:1	19:94:2:2		q:19:94:3	q:19:94:3		3	3		direct_object	syntactically_forced	high		object_suffix	PV		clitic		position_morpheme_aligned	morphology;local_syntax	The هُمْ suffix on أَحْصَاهُمْ is the object pronoun after the 3ms verbal stem.	resources/attachments.tsv:29532
sx-19_94-00756	ae:v3:s019:094:pass1:attach:a2	19:94	w-s019-a094-w002	w-s019-a094-w003		m-w-s019-a094-w002-01	m-w-s019-a094-w003-02		19:94:2:1	19:94:3:2		q:19:94:3	q:19:94:5		3	5		conjoined	strongly_licensed	high			PV	PV			position_morpheme_aligned	local_syntax;parallelism	وَ coordinates عَدَّهُمْ with the preceding verb أَحْصَاهُمْ.	resources/attachments.tsv:29533
sx-19_94-00757	ae:v3:s019:094:pass1:attach:a3	19:94	w-s019-a094-w003	w-s019-a094-w003		m-w-s019-a094-w003-02	m-w-s019-a094-w003-03		19:94:3:2	19:94:3:3		q:19:94:5	q:19:94:5		5	5		direct_object	syntactically_forced	high		object_suffix	PV		clitic		position_morpheme_aligned	morphology;local_syntax	The هُمْ suffix on عَدَّهُمْ is the object pronoun of عَدَّ.	resources/attachments.tsv:29534
sx-19_94-00758	ae:v3:s019:094:pass1:attach:a4	19:94	w-s019-a094-w003	w-s019-a094-w003		m-w-s019-a094-w003-02	m-w-s019-a094-w003-02		19:94:3:2	19:94:3:2		q:19:94:5	q:19:94:6		5	6		cognate_acc	syntactically_forced	high			PV	GERUND			fallback_morpheme_aligned	morphology;local_syntax	عَدًّا repeats the root of عَدَّهُمْ as a cognate accusative.	resources/attachments.tsv:29535
sx-19_95-00759	ae:v3:s019:095:pass1:attach:a1	19:95	w-s019-a095-w001	w-s019-a095-w001		m-w-s019-a095-w001-02	m-w-s019-a095-w001-02		19:95:1:2	19:95:1:2		q:19:95:2	q:19:95:2		2	2		idafa	syntactically_forced	high		possessive_suffix	NOUN_ABSTRACT				position_morpheme_aligned	morphology;local_syntax	The هُمْ suffix in كُلُّهُمْ is the pronominal genitive complement of كُلّ.	resources/attachments.tsv:29536
sx-19_95-00760	ae:v3:s019:095:pass1:attach:a2	19:95	w-s019-a095-w001	w-s019-a095-w002		m-w-s019-a095-w001-02	m-w-s019-a095-w002-01		19:95:1:2	19:95:2:1		q:19:95:2	q:19:95:3		2	3		predication	strongly_licensed	high			NOUN_ABSTRACT	NOUN_ACTIVE_PART			position_morpheme_aligned	local_syntax;word_order	ءَاتِيهِ is the predicate of the nominal subject كُلُّهُمْ.	resources/attachments.tsv:29537
sx-19_95-00761	ae:v3:s019:095:pass1:attach:a3	19:95	w-s019-a095-w002	w-s019-a095-w002		m-w-s019-a095-w002-01	m-w-s019-a095-w002-01		19:95:2:1	19:95:2:1		q:19:95:3	q:19:95:3		3	3		idafa	syntactically_forced	high		possessive_suffix	NOUN_ACTIVE_PART				position_morpheme_aligned	morphology;local_syntax	The هِ suffix on ءَاتِيهِ is the genitive complement of the construct active participle ءَاتِي.	resources/attachments.tsv:29538
sx-19_95-00762	ae:v3:s019:095:pass1:attach:a4	19:95	w-s019-a095-w002	w-s019-a095-w003		m-w-s019-a095-w002-01	m-w-s019-a095-w003-01		19:95:2:1	19:95:3:1		q:19:95:3	q:19:95:4		3	4		adverbial	strongly_licensed	high			NOUN_ACTIVE_PART	ADV			position_morpheme_aligned	case_government;local_syntax	يَوْمَ sets the time of the coming expressed by ءَاتِيهِ.	resources/attachments.tsv:29539
sx-19_95-00763	ae:v3:s019:095:pass1:attach:a5	19:95	w-s019-a095-w003	w-s019-a095-w004		m-w-s019-a095-w003-01	m-w-s019-a095-w004-02		19:95:3:1	19:95:4:2		q:19:95:4	q:19:95:5		4	5		idafa	syntactically_forced	high			ADV	NOUN_PROP			position_morpheme_aligned	morphology;local_syntax	ٱلْقِيَٰمَةِ is the genitive complement of the construct adverb يَوْمَ.	resources/attachments.tsv:29540
sx-19_95-00764	ae:v3:s019:095:pass1:attach:a6	19:95	w-s019-a095-w002	w-s019-a095-w005		m-w-s019-a095-w002-01	m-w-s019-a095-w005-01		19:95:2:1	19:95:5:1		q:19:95:3	q:19:95:6		3	6		circumstantial	strongly_licensed	high			NOUN_ACTIVE_PART	NOUN_CONCRETE			position_morpheme_aligned	case_government;local_syntax	فَرْدًا is the accusative state accompanying the coming in ءَاتِيهِ.	resources/attachments.tsv:29541
sx-19_96-00765	ae:v3:s019:096:pass1:attach:a1	19:96	w-s019-a096-w001	w-s019-a096-w002		m-w-s019-a096-w001-01	m-w-s019-a096-w002-01		19:96:1:1	19:96:2:1		q:19:96:1	q:19:96:2		1	2		particle_complement	syntactically_forced	high			ANNUL_PART	REL_PRON			position_morpheme_aligned	case_government;local_syntax	ٱلَّذِينَ is the governed ism of إِنَّ.	resources/attachments.tsv:29542
sx-19_96-00766	ae:v3:s019:096:pass1:attach:a2	19:96	w-s019-a096-w003	w-s019-a096-w004		m-w-s019-a096-w003-01	m-w-s019-a096-w004-02		19:96:3:1	19:96:4:2		q:19:96:3	q:19:96:5		3	5		conjoined	strongly_licensed	high			PV	PV			position_morpheme_aligned	local_syntax;parallelism	وَ coordinates عَمِلُوا with ءَامَنُوا inside the relative clause.	resources/attachments.tsv:29543
sx-19_96-00767	ae:v3:s019:096:pass1:attach:a3	19:96	w-s019-a096-w004	w-s019-a096-w005		m-w-s019-a096-w004-02	m-w-s019-a096-w005-02		19:96:4:2	19:96:5:2		q:19:96:5	q:19:96:6		5	6		direct_object	syntactically_forced	high			PV	NOUN_ACTIVE_PART	explicit		position_morpheme_aligned	case_government;local_syntax	ٱلصَّٰلِحَٰتِ is the object of عَمِلُوا.	resources/attachments.tsv:29544
sx-19_96-00768	ae:v3:s019:096:pass1:attach:a4	19:96	w-s019-a096-w001	w-s019-a096-w006		m-w-s019-a096-w001-01	m-w-s019-a096-w006-02		19:96:1:1	19:96:6:2		q:19:96:1	q:19:96:7		1	7		predication	strongly_licensed	high			ANNUL_PART	IV			position_morpheme_aligned	local_syntax;word_order	سَيَجْعَلُ لَهُمُ ٱلرَّحْمَٰنُ وُدًّا supplies the khabar of إِنَّ.	resources/attachments.tsv:29545
sx-19_96-00769	ae:v3:s019:096:pass1:attach:a5	19:96	w-s019-a096-w006	w-s019-a096-w007	w-s019-a096-w007	m-w-s019-a096-w006-02	m-w-s019-a096-w007-02	m-w-s019-a096-w007-01	19:96:6:2	19:96:7:2	19:96:7:1	q:19:96:7	q:19:96:9	q:19:96:8	7	9	8	prep_complement	syntactically_forced	high			IV	PRON		لـ	fallback_morpheme_aligned	case_government;local_syntax	هُمُ is governed by لَ as the benefactive complement of سَيَجْعَلُ.	resources/attachments.tsv:29546
sx-19_96-00770	ae:v3:s019:096:pass1:attach:a6	19:96	w-s019-a096-w006	w-s019-a096-w008		m-w-s019-a096-w006-02	m-w-s019-a096-w008-02		19:96:6:2	19:96:8:2		q:19:96:7	q:19:96:10		7	10		subject	syntactically_forced	high			IV	NOUN_PROP			fallback_morpheme_aligned	agreement;word_order	ٱلرَّحْمَٰنُ is the nominative subject following سَيَجْعَلُ.	resources/attachments.tsv:29547
sx-19_96-00771	ae:v3:s019:096:pass1:attach:a7	19:96	w-s019-a096-w006	w-s019-a096-w009		m-w-s019-a096-w006-02	m-w-s019-a096-w009-01		19:96:6:2	19:96:9:1		q:19:96:7	q:19:96:11		7	11		direct_object	syntactically_forced	high			IV	GERUND	explicit		fallback_morpheme_aligned	case_government;local_syntax	وُدًّا is the accusative object made by سَيَجْعَلُ.	resources/attachments.tsv:29548
sx-19_97-00772	ae:v3:s019:097:pass1:attach:a1	19:97	w-s019-a097-w002	w-s019-a097-w002		m-w-s019-a097-w002-01	m-w-s019-a097-w002-01		19:97:2:1	19:97:2:1		q:19:97:3	q:19:97:3		3	3		direct_object	syntactically_forced	high		object_suffix	PV		clitic		position_morpheme_aligned	morphology;local_syntax	The هُ suffix on يَسَّرْنَٰهُ is the object pronoun after the نَا subject marker.	resources/attachments.tsv:29549
sx-19_97-00773	ae:v3:s019:097:pass1:attach:a2	19:97	w-s019-a097-w002	w-s019-a097-w003	w-s019-a097-w003	m-w-s019-a097-w002-01	m-w-s019-a097-w003-02	m-w-s019-a097-w003-01	19:97:2:1	19:97:3:2	19:97:3:1	q:19:97:3	q:19:97:5	q:19:97:4	3	5	4	prep_complement	syntactically_forced	high			PV	NOUN_CONCRETE		بـ	position_morpheme_aligned	case_government;local_syntax	لِسَانِكَ is governed by بِ as the instrument of يَسَّرْنَٰهُ.	resources/attachments.tsv:29550
sx-19_97-00774	ae:v3:s019:097:pass1:attach:a3	19:97	w-s019-a097-w003	w-s019-a097-w003		m-w-s019-a097-w003-02	m-w-s019-a097-w003-02		19:97:3:2	19:97:3:2		q:19:97:5	q:19:97:5		5	5		idafa	syntactically_forced	high		possessive_suffix	NOUN_CONCRETE				position_morpheme_aligned	morphology;local_syntax	The كَ suffix in لِسَانِكَ is the pronominal genitive complement of لِسَان.	resources/attachments.tsv:29551
sx-19_97-00775	ae:v3:s019:097:pass1:attach:a4	19:97	w-s019-a097-w004	w-s019-a097-w004	w-s019-a097-w004	m-w-s019-a097-w004-02	m-w-s019-a097-w004-02	m-w-s019-a097-w004-01	19:97:4:2	19:97:4:2	19:97:4:1	q:19:97:7	q:19:97:8	q:19:97:8	7	8	8	prep_complement	syntactically_forced	high		pronoun_suffix	IV			بـ	fallback_morpheme_aligned	case_government;local_syntax	The هِ suffix in بِهِ is governed by بِ as the message complement of تُبَشِّرَ.	resources/attachments.tsv:29552
sx-19_97-00776	ae:v3:s019:097:pass1:attach:a5	19:97	w-s019-a097-w004	w-s019-a097-w006		m-w-s019-a097-w004-02	m-w-s019-a097-w006-02		19:97:4:2	19:97:6:2		q:19:97:7	q:19:97:9		7	9		direct_object	syntactically_forced	high			IV	NOUN_ACTIVE_PART	explicit		fallback_morpheme_aligned	case_government;local_syntax	ٱلْمُتَّقِينَ is the accusative direct object of تُبَشِّرَ.	resources/attachments.tsv:29553
sx-19_97-00777	ae:v3:s019:097:pass1:attach:a6	19:97	w-s019-a097-w004	w-s019-a097-w007		m-w-s019-a097-w004-02	m-w-s019-a097-w007-02		19:97:4:2	19:97:7:2		q:19:97:7	q:19:97:11		7	11		conjoined	strongly_licensed	high			IV	IV			position_morpheme_aligned	local_syntax;parallelism	وَ coordinates تُنذِرَ with تُبَشِّرَ as a second purpose verb.	resources/attachments.tsv:29554
sx-19_97-00778	ae:v3:s019:097:pass1:attach:a7	19:97	w-s019-a097-w007	w-s019-a097-w008	w-s019-a097-w008	m-w-s019-a097-w007-02	m-w-s019-a097-w008-02	m-w-s019-a097-w008-01	19:97:7:2	19:97:8:2	19:97:8:1	q:19:97:11	q:19:97:12	q:19:97:12	11	12	12	prep_complement	syntactically_forced	high		pronoun_suffix	IV			بـ	fallback_morpheme_aligned	case_government;local_syntax	The هِ suffix in بِهِ is governed by بِ as the warning medium of تُنذِرَ.	resources/attachments.tsv:29555
sx-19_97-00779	ae:v3:s019:097:pass1:attach:a8	19:97	w-s019-a097-w007	w-s019-a097-w009		m-w-s019-a097-w007-02	m-w-s019-a097-w009-01		19:97:7:2	19:97:9:1		q:19:97:11	q:19:97:13		11	13		direct_object	syntactically_forced	high			IV	NOUN_CONCRETE	explicit		fallback_morpheme_aligned	case_government;local_syntax	قَوْمًا is the accusative direct object of تُنذِرَ.	resources/attachments.tsv:29556
sx-19_97-00780	ae:v3:s019:097:pass1:attach:a9	19:97	w-s019-a097-w009	w-s019-a097-w010		m-w-s019-a097-w009-01	m-w-s019-a097-w010-01		19:97:9:1	19:97:10:1		q:19:97:13	q:19:97:14		13	14		adjective	strongly_licensed	high			NOUN_CONCRETE	NOUN_ABSTRACT			fallback_morpheme_aligned	agreement;local_syntax	لُدًّا describes قَوْمًا as an adjective in the accusative phrase.	resources/attachments.tsv:29557
sx-19_97-00781	ae:v3:s019:097:pass1:attach:a10	19:97	w-s019-a097-w004	w-s019-a097-w004		m-w-s019-a097-w004-02	m-w-s019-a097-w004-02		19:97:4:2	19:97:4:2		q:19:97:6	q:19:97:7		6	7		particle_complement	syntactically_forced	high			PREP	IV			position_morpheme_aligned	local_syntax	The purpose لِ governs the subjunctive verb تُبَشِّرَ.	resources/attachments.tsv:29558
sx-19_98-00782	ae:v3:s019:098:pass1:attach:a1	19:98	w-s019-a098-w002	w-s019-a098-w001		m-w-s019-a098-w002-01	m-w-s019-a098-w001-02		19:98:2:1	19:98:1:2		q:19:98:3	q:19:98:2		3	2		direct_object	strongly_licensed	high			PV	INTERROG_PRON	explicit		position_morpheme_aligned	local_syntax;word_order	كَمْ is the fronted exclamatory object quantified by أَهْلَكْنَا.	resources/attachments.tsv:29559
sx-19_98-00783	ae:v3:s019:098:pass1:attach:a2	19:98	w-s019-a098-w002	w-s019-a098-w003		m-w-s019-a098-w002-01	m-w-s019-a098-w003-01		19:98:2:1	19:98:3:1		q:19:98:3	q:19:98:4		3	4		adverbial	strongly_licensed	high			PV	ADV			position_morpheme_aligned	case_government;local_syntax	قَبْلَهُم sets the time before them for أَهْلَكْنَا.	resources/attachments.tsv:29560
sx-19_98-00784	ae:v3:s019:098:pass1:attach:a3	19:98	w-s019-a098-w003	w-s019-a098-w003		m-w-s019-a098-w003-01	m-w-s019-a098-w003-01		19:98:3:1	19:98:3:1		q:19:98:4	q:19:98:4		4	4		idafa	syntactically_forced	high		possessive_suffix	ADV				position_morpheme_aligned	morphology;local_syntax	The هُمْ suffix in قَبْلَهُم is the pronominal genitive complement of قَبْل.	resources/attachments.tsv:29561
sx-19_98-00785	ae:v3:s019:098:pass1:attach:a4	19:98	w-s019-a098-w001	w-s019-a098-w005	w-s019-a098-w004	m-w-s019-a098-w001-02	m-w-s019-a098-w005-01	m-w-s019-a098-w004-01	19:98:1:2	19:98:5:1	19:98:4:1	q:19:98:2	q:19:98:6	q:19:98:5	2	6	5	prep_complement	syntactically_forced	high			INTERROG_PRON	NOUN_CONCRETE		مِن	position_morpheme_aligned	case_government;local_syntax	قَرْنٍ is governed by مِنْ to specify the quantity كَمْ.	resources/attachments.tsv:29562
sx-19_98-00786	ae:v3:s019:098:pass1:attach:a5	19:98	w-s019-a098-w007	w-s019-a098-w008	w-s019-a098-w008	m-w-s019-a098-w007-01	m-w-s019-a098-w008-02	m-w-s019-a098-w008-01	19:98:7:1	19:98:8:2	19:98:8:1	q:19:98:8	q:19:98:9	q:19:98:9	8	9	9	prep_complement	syntactically_forced	high		pronoun_suffix	IV			مِن	position_morpheme_aligned	case_government;local_syntax	The هُمْ suffix in مِنْهُم is governed by مِنْ as the source group for تُحِسُّ.	resources/attachments.tsv:29563
sx-19_98-00787	ae:v3:s019:098:pass1:attach:a6	19:98	w-s019-a098-w007	w-s019-a098-w010		m-w-s019-a098-w007-01	m-w-s019-a098-w010-01		19:98:7:1	19:98:10:1		q:19:98:8	q:19:98:11		8	11		direct_object	strongly_licensed	high			IV	NOUN_NUM	explicit		position_morpheme_aligned	case_government;local_syntax	أَحَدٍ is the object sensed by تُحِسُّ, with مِنْ marking negative-polarity indefiniteness.	resources/attachments.tsv:29564
sx-19_98-00788	ae:v3:s019:098:pass1:attach:a7	19:98	w-s019-a098-w007	w-s019-a098-w010	w-s019-a098-w008	m-w-s019-a098-w007-01	m-w-s019-a098-w010-01	m-w-s019-a098-w008-01	19:98:7:1	19:98:10:1	19:98:8:1	q:19:98:8	q:19:98:11	q:19:98:10	8	11	10	prep_complement	syntactically_forced	high			IV	NOUN_NUM		مِن	fallback_morpheme_aligned	case_government;local_syntax	أَحَدٍ is governed in form by the زائد مِنْ before the negative-polarity object of تُحِسُّ.	resources/attachments.tsv:29565
sx-19_98-00789	ae:v3:s019:098:pass1:attach:a8	19:98	w-s019-a098-w007	w-s019-a098-w012		m-w-s019-a098-w007-01	m-w-s019-a098-w012-01		19:98:7:1	19:98:12:1		q:19:98:8	q:19:98:13		8	13		conjoined	strongly_licensed	high			IV	IV			position_morpheme_aligned	local_syntax;parallelism	أَوْ coordinates تَسْمَعُ with تُحِسُّ in the interrogative sequence.	resources/attachments.tsv:29566
sx-19_98-00790	ae:v3:s019:098:pass1:attach:a9	19:98	w-s019-a098-w012	w-s019-a098-w013	w-s019-a098-w013	m-w-s019-a098-w012-01	m-w-s019-a098-w013-02	m-w-s019-a098-w013-01	19:98:12:1	19:98:13:2	19:98:13:1	q:19:98:13	q:19:98:15	q:19:98:14	13	15	14	prep_complement	syntactically_forced	high			IV	PRON		لـ	position_morpheme_aligned	case_government;local_syntax	هُمْ is governed by لَ as the possessor/source complement for تَسْمَعُ.	resources/attachments.tsv:29567
sx-19_98-00791	ae:v3:s019:098:pass1:attach:a10	19:98	w-s019-a098-w012	w-s019-a098-w014		m-w-s019-a098-w012-01	m-w-s019-a098-w014-01		19:98:12:1	19:98:14:1		q:19:98:13	q:19:98:16		13	16		direct_object	syntactically_forced	high			IV	GERUND	explicit		position_morpheme_aligned	case_government;local_syntax	رِكْزًا is the accusative object heard by تَسْمَعُ.	resources/attachments.tsv:29568
