attachment_unit_id	ayah_ref	qac_ayah_ref	unit_index	word_id	qac_word_ref	morpheme_ids	attachment_surfaces	attachment_roots	prep_bases	binding_method	binding_status
q:1:1:1	21:0	1:1	1	w-s021-a000-w001	1:1:1	m-w-s021-a000-w001-01	بِسْمِ		بـ	position_crosswalk	morpheme_aligned
q:1:1:2	21:0	1:1	2	w-s021-a000-w001	1:1:1	m-w-s021-a000-w001-02	بِسْمِ	س م و	بـ	position_crosswalk	morpheme_aligned
q:1:1:3	21:0	1:1	3	w-s021-a000-w002	1:1:2	m-w-s021-a000-w002-01	اللَّهِ	أ ل ه		position_crosswalk	morpheme_aligned
q:1:1:4	21:0	1:1	4	w-s021-a000-w003	1:1:3	m-w-s021-a000-w003-02	الرَّحْمَنِ	ر ح م		position_crosswalk	morpheme_aligned
q:1:1:5	21:0	1:1	5	w-s021-a000-w003	1:1:3	m-w-s021-a000-w003-02	الرَّحِيمِ	ر ح م		surface_root_sequence_fallback	morpheme_aligned
q:21:1:1	21:1	21:1	1	w-s021-a001-w001	21:1:1	m-w-s021-a001-w001-01	اقْتَرَبَ	ق ر ب	لـ	position_crosswalk	morpheme_aligned
q:21:1:2	21:1	21:1	2	w-s021-a001-w002	21:1:2	m-w-s021-a001-w002-01			لـ	position_crosswalk	morpheme_aligned
q:21:1:3	21:1	21:1	3	w-s021-a001-w002	21:1:2	m-w-s021-a001-w002-03	لِلنَّاسِ	أ ن س	لـ	position_crosswalk	morpheme_aligned
q:21:1:4	21:1	21:1	4	w-s021-a001-w003	21:1:3	m-w-s021-a001-w003-01	حِسَابُهُمْ	ح س ب		position_crosswalk	morpheme_aligned
q:21:1:6	21:1	21:1	6	w-s021-a001-w004	21:1:4	m-w-s021-a001-w004-02	وَهُمْ		فِي	position_crosswalk	morpheme_aligned
q:21:1:7	21:1	21:1	7	w-s021-a001-w005	21:1:5	m-w-s021-a001-w005-01			فِي	position_crosswalk	morpheme_aligned
q:21:1:8	21:1	21:1	8	w-s021-a001-w006	21:1:6	m-w-s021-a001-w006-01	غَفْلَةٍ	غ ف ل	فِي	position_crosswalk	morpheme_aligned
q:21:1:9	21:1	21:1	9	w-s021-a001-w007	21:1:7	m-w-s021-a001-w007-01	مُعْرِضُونَ	ع ر ض		position_crosswalk	morpheme_aligned
q:21:2:2	21:2	21:2	2	w-s021-a002-w002	21:2:2	m-w-s021-a002-w002-01;m-w-s021-a002-w002-02	يَأْتِيهِمْ	أ ت ي	مِن	position_crosswalk	morpheme_aligned
q:21:2:3	21:2	21:2	3	w-s021-a002-w003	21:2:3	m-w-s021-a002-w003-01			مِن	position_crosswalk	morpheme_aligned
q:21:2:4	21:2	21:2	4	w-s021-a002-w004	21:2:4	m-w-s021-a002-w004-01	ذِكْرٍ	ذ ك ر	مِن	position_crosswalk	morpheme_aligned
q:21:2:5	21:2	21:2	5	w-s021-a002-w005	21:2:5	m-w-s021-a002-w005-01			مِن	position_crosswalk	morpheme_aligned
q:21:2:6	21:2	21:2	6	w-s021-a002-w006	21:2:6	m-w-s021-a002-w006-01	رَبِّهِمْ	ر ب ب	مِن	position_crosswalk	morpheme_aligned
q:21:2:7	21:2	21:2	7	w-s021-a002-w007	21:2:7	m-w-s021-a002-w007-01	مُحْدَثٍ	ح د ث		position_crosswalk	morpheme_aligned
q:21:2:9	21:2	21:2	9	w-s021-a002-w009	21:2:9	m-w-s021-a002-w009-01	اسْتَمَعُوهُ	س م ع		position_crosswalk	morpheme_aligned
q:21:2:11	21:2	21:2	11	w-s021-a002-w010	21:2:10	m-w-s021-a002-w010-02	وَهُمْ			position_crosswalk	morpheme_aligned
q:21:2:12	21:2	21:2	12	w-s021-a002-w011	21:2:11	m-w-s021-a002-w011-01	يَلْعَبُونَ	ل ع ب		position_crosswalk	morpheme_aligned
q:21:3:1	21:3	21:3	1	w-s021-a003-w001	21:3:1	m-w-s021-a003-w001-01	لَاهِيَةً	ل ه و		position_crosswalk	morpheme_aligned
q:21:3:2	21:3	21:3	2	w-s021-a003-w002	21:3:2	m-w-s021-a003-w002-01	قُلُوبُهُمْ	ق ل ب		position_crosswalk	morpheme_aligned
q:21:3:4	21:3	21:3	4	w-s021-a003-w003	21:3:3	m-w-s021-a003-w003-02	وَأَسَرُّوا	س ر ر		position_crosswalk	morpheme_aligned
q:21:3:5	21:3	21:3	5	w-s021-a003-w004	21:3:4	m-w-s021-a003-w004-02	النَّجْوَى	ن ج و		position_crosswalk	morpheme_aligned
q:21:3:6	21:3	21:3	6	w-s021-a003-w005	21:3:5	m-w-s021-a003-w005-01	الَّذِينَ	ل ل ذ		position_crosswalk	morpheme_aligned
q:21:3:7	21:3	21:3	7	w-s021-a003-w006	21:3:6	m-w-s021-a003-w006-01	ظَلَمُوا	ظ ل م		position_crosswalk	morpheme_aligned
q:21:3:8	21:3	21:3	8	w-s021-a003-w007	21:3:7	m-w-s021-a003-w007-01	هَلْ			position_crosswalk	morpheme_aligned
q:21:3:9	21:3	21:3	9	w-s021-a003-w008	21:3:8	m-w-s021-a003-w008-01	هَذَا			position_crosswalk	morpheme_aligned
q:21:3:11	21:3	21:3	11	w-s021-a003-w010	21:3:10	m-w-s021-a003-w010-01	بَشَرٌ	ب ش ر		position_crosswalk	morpheme_aligned
q:21:3:12	21:3	21:3	12	w-s021-a003-w011	21:3:11	m-w-s021-a003-w011-01	مِثْلُكُمْ	م ث ل		position_crosswalk	morpheme_aligned
q:21:3:14	21:3	21:3	14	w-s021-a003-w012	21:3:12	m-w-s021-a003-w012-03	أَفَتَأْتُونَ	أ ت ي		position_crosswalk	morpheme_aligned
q:21:3:15	21:3	21:3	15	w-s021-a003-w013	21:3:13	m-w-s021-a003-w013-02	السِّحْرَ	س ح ر		surface_root_sequence_fallback	morpheme_aligned
q:21:3:17	21:3	21:3	17	w-s021-a003-w014	21:3:14	m-w-s021-a003-w014-02	وَأَنْتُمْ			position_crosswalk	morpheme_aligned
q:21:3:18	21:3	21:3	18	w-s021-a003-w015	21:3:15	m-w-s021-a003-w015-01	تُبْصِرُونَ	ب ص ر		surface_root_sequence_fallback	morpheme_aligned
q:21:4:1	21:4	21:4	1	w-s021-a004-w001	21:4:1	m-w-s021-a004-w001-01	قَالَ	ق و ل		position_crosswalk	morpheme_aligned
q:21:4:2	21:4	21:4	2	w-s021-a004-w002	21:4:2	m-w-s021-a004-w002-01	رَبِّي	ر ب ب		position_crosswalk	morpheme_aligned
q:21:4:3	21:4	21:4	3	w-s021-a004-w003	21:4:3	m-w-s021-a004-w003-01	يَعْلَمُ	ع ل م		position_crosswalk	morpheme_aligned
q:21:4:4	21:4	21:4	4	w-s021-a004-w004	21:4:4	m-w-s021-a004-w004-02	الْقَوْلَ	ق و ل	فِي	position_crosswalk	morpheme_aligned
q:21:4:5	21:4	21:4	5	w-s021-a004-w005	21:4:5	m-w-s021-a004-w005-01			فِي	position_crosswalk	morpheme_aligned
q:21:4:6	21:4	21:4	6	w-s021-a004-w006	21:4:6	m-w-s021-a004-w006-02	السَّمَاءِ	س م و	فِي	position_crosswalk	morpheme_aligned
q:21:4:8	21:4	21:4	8	w-s021-a004-w007	21:4:7	m-w-s021-a004-w007-03	وَالْأَرْضِ	أ ر ض		position_crosswalk	morpheme_aligned
q:21:4:10	21:4	21:4	10	w-s021-a004-w008	21:4:8	m-w-s021-a004-w008-02	وَهُوَ			position_crosswalk	morpheme_aligned
q:21:4:11	21:4	21:4	11	w-s021-a004-w009	21:4:9	m-w-s021-a004-w009-02	السَّمِيعُ	س م ع		position_crosswalk	morpheme_aligned
q:21:4:12	21:4	21:4	12	w-s021-a004-w010	21:4:10	m-w-s021-a004-w010-02	الْعَلِيمُ	ع ل م		position_crosswalk	morpheme_aligned
q:21:5:2	21:5	21:5	2	w-s021-a005-w002	21:5:2	m-w-s021-a005-w002-01	قَالُوا	ق و ل		position_crosswalk	morpheme_aligned
q:21:5:3	21:5	21:5	3	w-s021-a005-w003	21:5:3	m-w-s021-a005-w003-01	أَضْغَاثُ	ض غ ث		position_crosswalk	morpheme_aligned
q:21:5:4	21:5	21:5	4	w-s021-a005-w004	21:5:4	m-w-s021-a005-w004-01	أَحْلَامٍ	ح ل م		position_crosswalk	morpheme_aligned
q:21:5:6	21:5	21:5	6	w-s021-a005-w006	21:5:6	m-w-s021-a005-w006-01;m-w-s021-a005-w006-02	افْتَرَاهُ	ف ر ي		position_crosswalk	morpheme_aligned
q:21:5:8	21:5	21:5	8	w-s021-a005-w008	21:5:8	m-w-s021-a005-w008-01	هُوَ			position_crosswalk	morpheme_aligned
q:21:5:9	21:5	21:5	9	w-s021-a005-w009	21:5:9	m-w-s021-a005-w009-01	شَاعِرٌ	ش ع ر		position_crosswalk	morpheme_aligned
q:21:5:11	21:5	21:5	11	w-s021-a005-w010	21:5:10	m-w-s021-a005-w010-03	فَلْيَأْتِنَا	و ل ي		position_crosswalk	morpheme_aligned
q:21:5:12	21:5	21:5	12	w-s021-a005-w010	21:5:10	m-w-s021-a005-w010-03;m-w-s021-a005-w010-04	فَلْيَأْتِنَا	أ ت ي	بـ	position_crosswalk	morpheme_aligned
q:21:5:13	21:5	21:5	13	w-s021-a005-w011	21:5:11	m-w-s021-a005-w011-01			بـ	position_crosswalk	morpheme_aligned
q:21:5:14	21:5	21:5	14	w-s021-a005-w011	21:5:11	m-w-s021-a005-w011-02	بِآيَةٍ	أ ي ي	بـ;كـ	position_crosswalk	morpheme_aligned
q:21:5:15	21:5	21:5	15	w-s021-a005-w012	21:5:12	m-w-s021-a005-w012-01			كـ	position_crosswalk	morpheme_aligned
q:21:5:16	21:5	21:5	16	w-s021-a005-w012	21:5:12	m-w-s021-a005-w012-02	كَمَا		كـ	position_crosswalk	morpheme_aligned
q:21:5:17	21:5	21:5	17	w-s021-a005-w013	21:5:13	m-w-s021-a005-w013-01	أُرْسِلَ	ر س ل		position_crosswalk	morpheme_aligned
q:21:5:18	21:5	21:5	18	w-s021-a005-w014	21:5:14	m-w-s021-a005-w014-02	الْأَوَّلُونَ	أ و ل		position_crosswalk	morpheme_aligned
q:21:6:2	21:6	21:6	2	w-s021-a006-w002	21:6:2	m-w-s021-a006-w002-01	آمَنَتْ	أ م ن	مِن	position_crosswalk	morpheme_aligned
q:21:6:3	21:6	21:6	3	w-s021-a006-w003	21:6:3	m-w-s021-a006-w003-01	قَبْلَهُمْ	ق ب ل		position_crosswalk	morpheme_aligned
q:21:6:4	21:6	21:6	4	w-s021-a006-w004	21:6:4	m-w-s021-a006-w004-01			مِن	position_crosswalk	morpheme_aligned
q:21:6:5	21:6	21:6	5	w-s021-a006-w005	21:6:5	m-w-s021-a006-w005-01	قَرْيَةٍ	ق ر ي	مِن	position_crosswalk	morpheme_aligned
q:21:6:6	21:6	21:6	6	w-s021-a006-w006	21:6:6	m-w-s021-a006-w006-01	أَهْلَكْنَاهَا	ه ل ك		position_crosswalk	morpheme_aligned
q:21:6:8	21:6	21:6	8	w-s021-a006-w007	21:6:7	m-w-s021-a006-w007-03	أَفَهُمْ			position_crosswalk	morpheme_aligned
q:21:6:9	21:6	21:6	9	w-s021-a006-w008	21:6:8	m-w-s021-a006-w008-01	يُؤْمِنُونَ	أ م ن		surface_root_sequence_fallback	morpheme_aligned
q:21:7:3	21:7	21:7	3	w-s021-a007-w002	21:7:2	m-w-s021-a007-w002-01	أَرْسَلْنَا	ر س ل		position_crosswalk	morpheme_aligned
q:21:7:4	21:7	21:7	4	w-s021-a007-w003	21:7:3	m-w-s021-a007-w003-01	قَبْلَكَ	ق ب ل		position_crosswalk	morpheme_aligned
q:21:7:6	21:7	21:7	6	w-s021-a007-w005	21:7:5	m-w-s021-a007-w005-01	رِجَالَاً	ر ج ل		position_crosswalk	morpheme_aligned
q:21:7:7	21:7	21:7	7	w-s021-a007-w006	21:7:6	m-w-s021-a007-w006-01	نُوحِي	و ح ي	إِلَى	position_crosswalk	morpheme_aligned
q:21:7:8	21:7	21:7	8	w-s021-a007-w007	21:7:7	m-w-s021-a007-w007-02;m-w-s021-a007-w007-01			إِلَى	position_crosswalk	morpheme_aligned
q:21:7:10	21:7	21:7	10	w-s021-a007-w008	21:7:8	m-w-s021-a007-w008-02	فَاسْأَلُوا	س أ ل		position_crosswalk	morpheme_aligned
q:21:7:11	21:7	21:7	11	w-s021-a007-w009	21:7:9	m-w-s021-a007-w009-01	أَهْلَ	أ ه ل		position_crosswalk	morpheme_aligned
q:21:7:12	21:7	21:7	12	w-s021-a007-w010	21:7:10	m-w-s021-a007-w010-02	الذِّكْرِ	ذ ك ر		position_crosswalk	morpheme_aligned
q:21:7:13	21:7	21:7	13	w-s021-a007-w011	21:7:11	m-w-s021-a007-w011-01	إِنْ			position_crosswalk	morpheme_aligned
q:21:7:14	21:7	21:7	14	w-s021-a007-w012	21:7:12	m-w-s021-a007-w012-01	كُنْتُمْ	ك و ن		position_crosswalk	morpheme_aligned
q:21:7:16	21:7	21:7	16	w-s021-a007-w014	21:7:14	m-w-s021-a007-w014-01	تَعْلَمُونَ	ع ل م		position_crosswalk	morpheme_aligned
q:21:8:3	21:8	21:8	3	w-s021-a008-w002	21:8:2	m-w-s021-a008-w002-01	جَعَلْنَاهُمْ	ج ع ل		position_crosswalk	morpheme_aligned
q:21:8:4	21:8	21:8	4	w-s021-a008-w003	21:8:3	m-w-s021-a008-w003-01	جَسَدَاً	ج س د		position_crosswalk	morpheme_aligned
q:21:8:6	21:8	21:8	6	w-s021-a008-w005	21:8:5	m-w-s021-a008-w005-01	يَأْكُلُونَ	أ ك ل		position_crosswalk	morpheme_aligned
q:21:8:7	21:8	21:8	7	w-s021-a008-w006	21:8:6	m-w-s021-a008-w006-02	الطَّعَامَ	ط ع م		position_crosswalk	morpheme_aligned
q:21:8:10	21:8	21:8	10	w-s021-a008-w008	21:8:8	m-w-s021-a008-w008-01	كَانُوا	ك و ن		position_crosswalk	morpheme_aligned
q:21:8:11	21:8	21:8	11	w-s021-a008-w009	21:8:9	m-w-s021-a008-w009-01	خَالِدِينَ	خ ل د		position_crosswalk	morpheme_aligned
q:21:9:2	21:9	21:9	2	w-s021-a009-w002	21:9:2	m-w-s021-a009-w002-01	صَدَقْنَاهُمُ	ص د ق		position_crosswalk	morpheme_aligned
q:21:9:3	21:9	21:9	3	w-s021-a009-w003	21:9:3	m-w-s021-a009-w003-02	الْوَعْدَ	و ع د		position_crosswalk	morpheme_aligned
q:21:9:5	21:9	21:9	5	w-s021-a009-w004	21:9:4	m-w-s021-a009-w004-02	فَأَنْجَيْنَاهُمْ	ن ج و		position_crosswalk	morpheme_aligned
q:21:9:7	21:9	21:9	7	w-s021-a009-w005	21:9:5	m-w-s021-a009-w005-02	وَمَنْ	م ن ن		position_crosswalk	morpheme_aligned
q:21:9:8	21:9	21:9	8	w-s021-a009-w006	21:9:6	m-w-s021-a009-w006-01	نَشَاءُ	ش ي أ		position_crosswalk	morpheme_aligned
q:21:9:10	21:9	21:9	10	w-s021-a009-w007	21:9:7	m-w-s021-a009-w007-02	وَأَهْلَكْنَا	ه ل ك		position_crosswalk	morpheme_aligned
q:21:9:11	21:9	21:9	11	w-s021-a009-w008	21:9:8	m-w-s021-a009-w008-02	الْمُسْرِفِينَ	س ر ف		position_crosswalk	morpheme_aligned
q:21:10:3	21:10	21:10	3	w-s021-a010-w002	21:10:2	m-w-s021-a010-w002-01	أَنْزَلْنَا	ن ز ل	إِلَى	position_crosswalk	morpheme_aligned
q:21:10:4	21:10	21:10	4	w-s021-a010-w003	21:10:3	m-w-s021-a010-w003-02;m-w-s021-a010-w003-01			إِلَى	position_crosswalk	morpheme_aligned
q:21:10:5	21:10	21:10	5	w-s021-a010-w004	21:10:4	m-w-s021-a010-w004-01	كِتَابَاً	ك ت ب		position_crosswalk	morpheme_aligned
q:21:10:6	21:10	21:10	6	w-s021-a010-w005	21:10:5	m-w-s021-a010-w005-02;m-w-s021-a010-w005-01	فِيهِ		فِي	position_crosswalk	morpheme_aligned
q:21:10:7	21:10	21:10	7	w-s021-a010-w006	21:10:6	m-w-s021-a010-w006-01	ذِكْرُكُمْ	ذ ك ر	فِي	position_crosswalk	morpheme_aligned
q:21:11:2	21:11	21:11	2	w-s021-a011-w001	21:11:1	m-w-s021-a011-w001-02	وَكَمْ	ك م م	مِن	position_crosswalk	morpheme_aligned
q:21:11:3	21:11	21:11	3	w-s021-a011-w002	21:11:2	m-w-s021-a011-w002-01	قَصَمْنَا	ق ص م		position_crosswalk	morpheme_aligned
q:21:11:4	21:11	21:11	4	w-s021-a011-w003	21:11:3	m-w-s021-a011-w003-01			مِن	position_crosswalk	morpheme_aligned
q:21:11:5	21:11	21:11	5	w-s021-a011-w004	21:11:4	m-w-s021-a011-w004-01	قَرْيَةٍ	ق ر ي	مِن	position_crosswalk	morpheme_aligned
q:21:11:6	21:11	21:11	6	w-s021-a011-w005	21:11:5	m-w-s021-a011-w005-01	كَانَتْ	ك و ن		position_crosswalk	morpheme_aligned
q:21:11:7	21:11	21:11	7	w-s021-a011-w006	21:11:6	m-w-s021-a011-w006-01	ظَالِمَةً	ظ ل م		position_crosswalk	morpheme_aligned
q:21:11:9	21:11	21:11	9	w-s021-a011-w007	21:11:7	m-w-s021-a011-w007-02	وَأَنْشَأْنَا	ن ش أ		position_crosswalk	morpheme_aligned
q:21:11:10	21:11	21:11	10	w-s021-a011-w008	21:11:8	m-w-s021-a011-w008-01	بَعْدَهَا	ب ع د		position_crosswalk	morpheme_aligned
q:21:11:11	21:11	21:11	11	w-s021-a011-w009	21:11:9	m-w-s021-a011-w009-01	قَوْمَاً	ق و م		position_crosswalk	morpheme_aligned
q:21:11:12	21:11	21:11	12	w-s021-a011-w010	21:11:10	m-w-s021-a011-w010-01	آخَرِينَ	أ خ ر		position_crosswalk	morpheme_aligned
q:21:12:3	21:12	21:12	3	w-s021-a012-w002	21:12:2	m-w-s021-a012-w002-01	أَحَسُّوا	ح س س		position_crosswalk	morpheme_aligned
q:21:12:4	21:12	21:12	4	w-s021-a012-w003	21:12:3	m-w-s021-a012-w003-01	بَأْسَنَا	ب أ س		position_crosswalk	morpheme_aligned
q:21:12:6	21:12	21:12	6	w-s021-a012-w005	21:12:5	m-w-s021-a012-w005-01	هُمْ			position_crosswalk	morpheme_aligned
q:21:12:7	21:12	21:12	7	w-s021-a012-w006	21:12:6	m-w-s021-a012-w006-02;m-w-s021-a012-w006-01			مِن	position_crosswalk	morpheme_aligned
q:21:12:8	21:12	21:12	8	w-s021-a012-w007	21:12:7	m-w-s021-a012-w007-01	يَرْكُضُونَ	ر ك ض	مِن	position_crosswalk	morpheme_aligned
q:21:13:2	21:13	21:13	2	w-s021-a013-w002	21:13:2	m-w-s021-a013-w002-01	تَرْكُضُوا	ر ك ض		position_crosswalk	morpheme_aligned
q:21:13:4	21:13	21:13	4	w-s021-a013-w003	21:13:3	m-w-s021-a013-w003-02	وَارْجِعُوا	ر ج ع	إِلَى	position_crosswalk	morpheme_aligned
q:21:13:5	21:13	21:13	5	w-s021-a013-w004	21:13:4	m-w-s021-a013-w004-01			إِلَى	position_crosswalk	morpheme_aligned
q:21:13:6	21:13	21:13	6	w-s021-a013-w005	21:13:5	m-w-s021-a013-w005-01	مَا		إِلَى	position_crosswalk	morpheme_aligned
q:21:13:7	21:13	21:13	7	w-s021-a013-w006	21:13:6	m-w-s021-a013-w006-01	أُتْرِفْتُمْ	ت ر ف	فِي	position_crosswalk	morpheme_aligned
q:21:13:8	21:13	21:13	8	w-s021-a013-w007	21:13:7	m-w-s021-a013-w007-02;m-w-s021-a013-w007-01			فِي	position_crosswalk	morpheme_aligned
q:21:13:10	21:13	21:13	10	w-s021-a013-w008	21:13:8	m-w-s021-a013-w008-02	وَمَسَاكِنِكُمْ	س ك ن		position_crosswalk	morpheme_aligned
q:21:13:11	21:13	21:13	11	w-s021-a013-w009	21:13:9	m-w-s021-a013-w009-01;m-w-s021-a013-w009-02	لَعَلَّكُمْ	ل ع ل		position_crosswalk	morpheme_aligned
q:21:13:12	21:13	21:13	12	w-s021-a013-w010	21:13:10	m-w-s021-a013-w010-01	تُسْأَلُونَ	س أ ل		position_crosswalk	morpheme_aligned
q:21:14:1	21:14	21:14	1	w-s021-a014-w001	21:14:1	m-w-s021-a014-w001-01	قَالُوا	ق و ل		position_crosswalk	morpheme_aligned
q:21:14:2	21:14	21:14	2	w-s021-a014-w002	21:14:2	m-w-s021-a014-w002-02	يَاوَيْلَنَا			position_crosswalk	morpheme_aligned
q:21:14:3	21:14	21:14	3	w-s021-a014-w002	21:14:2	m-w-s021-a014-w002-02	يَاوَيْلَنَا	و ي ل		position_crosswalk	morpheme_aligned
q:21:14:4	21:14	21:14	4	w-s021-a014-w003	21:14:3	m-w-s021-a014-w003-01;m-w-s021-a014-w003-02	إِنَّا			position_crosswalk	morpheme_aligned
q:21:14:5	21:14	21:14	5	w-s021-a014-w004	21:14:4	m-w-s021-a014-w004-01	كُنَّا	ك و ن		position_crosswalk	morpheme_aligned
q:21:14:6	21:14	21:14	6	w-s021-a014-w005	21:14:5	m-w-s021-a014-w005-01	ظَالِمِينَ	ظ ل م		position_crosswalk	morpheme_aligned
q:21:15:3	21:15	21:15	3	w-s021-a015-w002	21:15:2	m-w-s021-a015-w002-01	زَالَتْ	ز و ل		position_crosswalk	morpheme_aligned
q:21:15:4	21:15	21:15	4	w-s021-a015-w003	21:15:3	m-w-s021-a015-w003-01	تِلْكَ	ت ل ك		position_crosswalk	morpheme_aligned
q:21:15:5	21:15	21:15	5	w-s021-a015-w004	21:15:4	m-w-s021-a015-w004-01	دَعْوَاهُمْ	د ع و		position_crosswalk	morpheme_aligned
q:21:15:7	21:15	21:15	7	w-s021-a015-w006	21:15:6	m-w-s021-a015-w006-01	جَعَلْنَاهُمْ	ج ع ل		position_crosswalk	morpheme_aligned
q:21:15:8	21:15	21:15	8	w-s021-a015-w007	21:15:7	m-w-s021-a015-w007-01	حَصِيدَاً	ح ص د		position_crosswalk	morpheme_aligned
q:21:15:9	21:15	21:15	9	w-s021-a015-w008	21:15:8	m-w-s021-a015-w008-01	خَامِدِينَ	خ م د		position_crosswalk	morpheme_aligned
q:21:16:3	21:16	21:16	3	w-s021-a016-w002	21:16:2	m-w-s021-a016-w002-01	خَلَقْنَا	خ ل ق		position_crosswalk	morpheme_aligned
q:21:16:4	21:16	21:16	4	w-s021-a016-w003	21:16:3	m-w-s021-a016-w003-02	السَّمَاءَ	س م و		position_crosswalk	morpheme_aligned
q:21:16:6	21:16	21:16	6	w-s021-a016-w004	21:16:4	m-w-s021-a016-w004-03	وَالْأَرْضَ	أ ر ض		position_crosswalk	morpheme_aligned
q:21:16:8	21:16	21:16	8	w-s021-a016-w005	21:16:5	m-w-s021-a016-w005-02	وَمَا			position_crosswalk	morpheme_aligned
q:21:16:9	21:16	21:16	9	w-s021-a016-w006	21:16:6	m-w-s021-a016-w006-01	بَيْنَهُمَا	ب ي ن		position_crosswalk	morpheme_aligned
q:21:16:10	21:16	21:16	10	w-s021-a016-w007	21:16:7	m-w-s021-a016-w007-01	لَاعِبِينَ	ل ع ب		position_crosswalk	morpheme_aligned
q:21:17:2	21:17	21:17	2	w-s021-a017-w002	21:17:2	m-w-s021-a017-w002-01	أَرَدْنَا	ر و د		position_crosswalk	morpheme_aligned
q:21:17:3	21:17	21:17	3	w-s021-a017-w003	21:17:3	m-w-s021-a017-w003-01	أَنْ			position_crosswalk	morpheme_aligned
q:21:17:4	21:17	21:17	4	w-s021-a017-w004	21:17:4	m-w-s021-a017-w004-01	نَتَّخِذَ	أ خ ذ		position_crosswalk	morpheme_aligned
q:21:17:5	21:17	21:17	5	w-s021-a017-w005	21:17:5	m-w-s021-a017-w005-01	لَهْوَاً	ل ه و		position_crosswalk	morpheme_aligned
q:21:17:7	21:17	21:17	7	w-s021-a017-w006	21:17:6	m-w-s021-a017-w006-02	لَاتَّخَذْنَاهُ	أ خ ذ	مِن	position_crosswalk	morpheme_aligned
q:21:17:8	21:17	21:17	8	w-s021-a017-w007	21:17:7	m-w-s021-a017-w007-01			مِن	position_crosswalk	morpheme_aligned
q:21:17:9	21:17	21:17	9	w-s021-a017-w008	21:17:8	m-w-s021-a017-w008-01	لَدُنَّا	ل د ن	مِن	position_crosswalk	morpheme_aligned
q:21:17:11	21:17	21:17	11	w-s021-a017-w010	21:17:10	m-w-s021-a017-w010-01	كُنَّا	ك و ن		position_crosswalk	morpheme_aligned
q:21:17:12	21:17	21:17	12	w-s021-a017-w011	21:17:11	m-w-s021-a017-w011-01	فَاعِلِينَ	ف ع ل		position_crosswalk	morpheme_aligned
q:21:18:2	21:18	21:18	2	w-s021-a018-w002	21:18:2	m-w-s021-a018-w002-01	نَقْذِفُ	ق ذ ف	بـ;عَلَى	position_crosswalk	morpheme_aligned
q:21:18:3	21:18	21:18	3	w-s021-a018-w003	21:18:3	m-w-s021-a018-w003-01			بـ	position_crosswalk	morpheme_aligned
q:21:18:4	21:18	21:18	4	w-s021-a018-w003	21:18:3	m-w-s021-a018-w003-03	بِالْحَقِّ	ح ق ق	بـ	position_crosswalk	morpheme_aligned
q:21:18:5	21:18	21:18	5	w-s021-a018-w004	21:18:4	m-w-s021-a018-w004-01			عَلَى	position_crosswalk	morpheme_aligned
q:21:18:6	21:18	21:18	6	w-s021-a018-w005	21:18:5	m-w-s021-a018-w005-02	الْبَاطِلِ	ب ط ل	عَلَى	position_crosswalk	morpheme_aligned
q:21:18:8	21:18	21:18	8	w-s021-a018-w006	21:18:6	m-w-s021-a018-w006-02;m-w-s021-a018-w006-03	فَيَدْمَغُهُ	د م غ		position_crosswalk	morpheme_aligned
q:21:18:11	21:18	21:18	11	w-s021-a018-w008	21:18:8	m-w-s021-a018-w008-01	هُوَ			position_crosswalk	morpheme_aligned
q:21:18:12	21:18	21:18	12	w-s021-a018-w009	21:18:9	m-w-s021-a018-w009-01	زَاهِقٌ	ز ه ق		position_crosswalk	morpheme_aligned
q:21:18:14	21:18	21:18	14	w-s021-a018-w010	21:18:10	m-w-s021-a018-w010-03;m-w-s021-a018-w010-02	وَلَكُمُ	و ل ي	لـ	position_crosswalk	morpheme_aligned
q:21:18:15	21:18	21:18	15	w-s021-a018-w011	21:18:11	m-w-s021-a018-w011-02	الْوَيْلُ	و ي ل	لـ;مِن	surface_root_sequence_fallback	morpheme_aligned
q:21:18:16	21:18	21:18	16	w-s021-a018-w012	21:18:12	m-w-s021-a018-w012-01			مِن	surface_root_sequence_fallback	morpheme_aligned
q:21:18:17	21:18	21:18	17	w-s021-a018-w013	21:18:13	m-w-s021-a018-w013-01	تَصِفُونَ	ص ف ف		surface_root_sequence_fallback	morpheme_aligned
q:21:19:2	21:19	21:19	2	w-s021-a019-w001	21:19:1	m-w-s021-a019-w001-03;m-w-s021-a019-w001-02	وَلَهُ	و ل ي	لـ	position_crosswalk	morpheme_aligned
q:21:19:3	21:19	21:19	3	w-s021-a019-w002	21:19:2	m-w-s021-a019-w002-01	مَنْ	م ن ن	لـ;فِي	surface_root_sequence_fallback	morpheme_aligned
q:21:19:4	21:19	21:19	4	w-s021-a019-w003	21:19:3	m-w-s021-a019-w003-01			فِي	surface_root_sequence_fallback	morpheme_aligned
q:21:19:5	21:19	21:19	5	w-s021-a019-w004	21:19:4	m-w-s021-a019-w004-02	السَّمَاوَاتِ	س م و	فِي	surface_root_sequence_fallback	morpheme_aligned
q:21:19:7	21:19	21:19	7	w-s021-a019-w005	21:19:5	m-w-s021-a019-w005-03	وَالْأَرْضِ	أ ر ض		position_crosswalk	morpheme_aligned
q:21:19:9	21:19	21:19	9	w-s021-a019-w006	21:19:6	m-w-s021-a019-w006-02	وَمَنْ	م ن ن		position_crosswalk	morpheme_aligned
q:21:19:10	21:19	21:19	10	w-s021-a019-w007	21:19:7	m-w-s021-a019-w007-01	عِنْدَهُ	ع ن د		surface_root_sequence_fallback	morpheme_aligned
q:21:19:12	21:19	21:19	12	w-s021-a019-w009	21:19:9	m-w-s021-a019-w009-01	يَسْتَكْبِرُونَ	ك ب ر	عَن	surface_root_sequence_fallback	morpheme_aligned
q:21:19:13	21:19	21:19	13	w-s021-a019-w010	21:19:10	m-w-s021-a019-w010-01			عَن	surface_root_sequence_fallback	morpheme_aligned
q:21:19:14	21:19	21:19	14	w-s021-a019-w011	21:19:11	m-w-s021-a019-w011-01	عِبَادَتِهِ	ع ب د	عَن	surface_root_sequence_fallback	morpheme_aligned
q:21:19:17	21:19	21:19	17	w-s021-a019-w013	21:19:13	m-w-s021-a019-w013-01	يَسْتَحْسِرُونَ	ح س ر		surface_root_sequence_fallback	morpheme_aligned
q:21:20:1	21:20	21:20	1	w-s021-a020-w001	21:20:1	m-w-s021-a020-w001-01	يُسَبِّحُونَ	س ب ح		position_crosswalk	morpheme_aligned
q:21:20:2	21:20	21:20	2	w-s021-a020-w002	21:20:2	m-w-s021-a020-w002-02	اللَّيْلَ	ل ي ل		position_crosswalk	morpheme_aligned
q:21:20:4	21:20	21:20	4	w-s021-a020-w003	21:20:3	m-w-s021-a020-w003-03	وَالنَّهَارَ	ن ه ر		position_crosswalk	morpheme_aligned
q:21:20:6	21:20	21:20	6	w-s021-a020-w005	21:20:5	m-w-s021-a020-w005-01	يَفْتُرُونَ	ف ت ر		position_crosswalk	morpheme_aligned
q:21:21:2	21:21	21:21	2	w-s021-a021-w002	21:21:2	m-w-s021-a021-w002-01	اتَّخَذُوا	أ خ ذ		position_crosswalk	morpheme_aligned
q:21:21:3	21:21	21:21	3	w-s021-a021-w003	21:21:3	m-w-s021-a021-w003-01	آلِهَةً	أ ل ه	مِن	position_crosswalk	morpheme_aligned
q:21:21:4	21:21	21:21	4	w-s021-a021-w004	21:21:4	m-w-s021-a021-w004-01			مِن	position_crosswalk	morpheme_aligned
q:21:21:5	21:21	21:21	5	w-s021-a021-w005	21:21:5	m-w-s021-a021-w005-02	الْأَرْضِ	أ ر ض	مِن	position_crosswalk	morpheme_aligned
q:21:21:6	21:21	21:21	6	w-s021-a021-w006	21:21:6	m-w-s021-a021-w006-01	هُمْ			position_crosswalk	morpheme_aligned
q:21:21:7	21:21	21:21	7	w-s021-a021-w007	21:21:7	m-w-s021-a021-w007-01	يُنْشِرُونَ	ن ش ر		position_crosswalk	morpheme_aligned
q:21:22:2	21:22	21:22	2	w-s021-a022-w002	21:22:2	m-w-s021-a022-w002-01	كَانَ	ك و ن	فِي	position_crosswalk	morpheme_aligned
q:21:22:3	21:22	21:22	3	w-s021-a022-w003	21:22:3	m-w-s021-a022-w003-02;m-w-s021-a022-w003-01			فِي	position_crosswalk	morpheme_aligned
q:21:22:4	21:22	21:22	4	w-s021-a022-w004	21:22:4	m-w-s021-a022-w004-01	آلِهَةٌ	أ ل ه		position_crosswalk	morpheme_aligned
q:21:22:6	21:22	21:22	6	w-s021-a022-w004	21:22:4	m-w-s021-a022-w004-01	اللَّهُ	أ ل ه		surface_root_sequence_fallback	morpheme_aligned
q:21:22:10	21:22	21:22	10	w-s021-a022-w008	21:22:8	m-w-s021-a022-w008-02	فَسُبْحَانَ	س ب ح	عَن	position_crosswalk	morpheme_aligned
q:21:22:11	21:22	21:22	11	w-s021-a022-w009	21:22:9	m-w-s021-a022-w009-01	اللَّهِ	أ ل ه		position_crosswalk	morpheme_aligned
q:21:22:12	21:22	21:22	12	w-s021-a022-w010	21:22:10	m-w-s021-a022-w010-01	رَبِّ	ر ب ب		position_crosswalk	morpheme_aligned
q:21:22:13	21:22	21:22	13	w-s021-a022-w011	21:22:11	m-w-s021-a022-w011-02	الْعَرْشِ	ع ر ش		position_crosswalk	morpheme_aligned
q:21:22:14	21:22	21:22	14	w-s021-a022-w012	21:22:12	m-w-s021-a022-w012-01			عَن	position_crosswalk	morpheme_aligned
q:21:23:2	21:23	21:23	2	w-s021-a023-w002	21:23:2	m-w-s021-a023-w002-01	يُسْأَلُ	س أ ل	عَن	position_crosswalk	morpheme_aligned
q:21:23:3	21:23	21:23	3	w-s021-a023-w003	21:23:3	m-w-s021-a023-w003-01			عَن	position_crosswalk	morpheme_aligned
q:21:23:6	21:23	21:23	6	w-s021-a023-w005	21:23:5	m-w-s021-a023-w005-02	وَهُمْ			position_crosswalk	morpheme_aligned
q:21:23:7	21:23	21:23	7	w-s021-a023-w006	21:23:6	m-w-s021-a023-w006-01	يُسْأَلُونَ	س أ ل		position_crosswalk	morpheme_aligned
q:21:24:2	21:24	21:24	2	w-s021-a024-w002	21:24:2	m-w-s021-a024-w002-01	اتَّخَذُوا	أ خ ذ		position_crosswalk	morpheme_aligned
q:21:24:3	21:24	21:24	3	w-s021-a024-w003	21:24:3	m-w-s021-a024-w003-01			مِن	position_crosswalk	morpheme_aligned
q:21:24:4	21:24	21:24	4	w-s021-a024-w004	21:24:4	m-w-s021-a024-w004-01	دُونِهِ	د و ن	مِن	position_crosswalk	morpheme_aligned
q:21:24:5	21:24	21:24	5	w-s021-a024-w005	21:24:5	m-w-s021-a024-w005-01	آلِهَةً	أ ل ه	مِن	position_crosswalk	morpheme_aligned
q:21:24:6	21:24	21:24	6	w-s021-a024-w006	21:24:6	m-w-s021-a024-w006-01	قُلْ	ق ل ل		position_crosswalk	morpheme_aligned
q:21:24:7	21:24	21:24	7	w-s021-a024-w007	21:24:7	m-w-s021-a024-w007-01	هَاتُوا	ه ا ت		position_crosswalk	morpheme_aligned
q:21:24:8	21:24	21:24	8	w-s021-a024-w008	21:24:8	m-w-s021-a024-w008-01	بُرْهَانَكُمْ	ب ر ه ن		position_crosswalk	morpheme_aligned
q:21:24:9	21:24	21:24	9	w-s021-a024-w009	21:24:9	m-w-s021-a024-w009-01	هَذَا			position_crosswalk	morpheme_aligned
q:21:24:10	21:24	21:24	10	w-s021-a024-w010	21:24:10	m-w-s021-a024-w010-01	ذِكْرُ	ذ ك ر		position_crosswalk	morpheme_aligned
q:21:24:11	21:24	21:24	11	w-s021-a024-w011	21:24:11	m-w-s021-a024-w011-01	مَنْ	م ن ن		position_crosswalk	morpheme_aligned
q:21:24:12	21:24	21:24	12	w-s021-a024-w012	21:24:12	m-w-s021-a024-w012-01	مَعِيَ	م ع ع		position_crosswalk	morpheme_aligned
q:21:24:14	21:24	21:24	14	w-s021-a024-w013	21:24:13	m-w-s021-a024-w013-02	وَذِكْرُ	ذ ك ر		position_crosswalk	morpheme_aligned
q:21:24:15	21:24	21:24	15	w-s021-a024-w014	21:24:14	m-w-s021-a024-w014-01	مَنْ	م ن ن		position_crosswalk	morpheme_aligned
q:21:24:16	21:24	21:24	16	w-s021-a024-w015	21:24:15	m-w-s021-a024-w015-01	قَبْلِي	ق ب ل		position_crosswalk	morpheme_aligned
q:21:24:18	21:24	21:24	18	w-s021-a024-w017	21:24:17	m-w-s021-a024-w017-01	أَكْثَرُهُمْ	ك ث ر		position_crosswalk	morpheme_aligned
q:21:24:20	21:24	21:24	20	w-s021-a024-w019	21:24:19	m-w-s021-a024-w019-01	يَعْلَمُونَ	ع ل م		position_crosswalk	morpheme_aligned
q:21:24:21	21:24	21:24	21	w-s021-a024-w020	21:24:20	m-w-s021-a024-w020-02	الْحَقَّ	ح ق ق		position_crosswalk	morpheme_aligned
q:21:24:23	21:24	21:24	23	w-s021-a024-w021	21:24:21	m-w-s021-a024-w021-02	فَهُمْ			position_crosswalk	morpheme_aligned
q:21:24:24	21:24	21:24	24	w-s021-a024-w022	21:24:22	m-w-s021-a024-w022-01	مُعْرِضُونَ	ع ر ض		position_crosswalk	morpheme_aligned
q:21:25:3	21:25	21:25	3	w-s021-a025-w002	21:25:2	m-w-s021-a025-w002-01	أَرْسَلْنَا	ر س ل	مِن	position_crosswalk	morpheme_aligned
q:21:25:4	21:25	21:25	4	w-s021-a025-w003	21:25:3	m-w-s021-a025-w003-01			مِن	position_crosswalk	morpheme_aligned
q:21:25:5	21:25	21:25	5	w-s021-a025-w004	21:25:4	m-w-s021-a025-w004-01	قَبْلِكَ	ق ب ل	مِن	position_crosswalk	morpheme_aligned
q:21:25:6	21:25	21:25	6	w-s021-a025-w005	21:25:5	m-w-s021-a025-w005-01			مِن	position_crosswalk	morpheme_aligned
q:21:25:7	21:25	21:25	7	w-s021-a025-w006	21:25:6	m-w-s021-a025-w006-01	رَسُولٍ	ر س ل	مِن	position_crosswalk	morpheme_aligned
q:21:25:9	21:25	21:25	9	w-s021-a025-w008	21:25:8	m-w-s021-a025-w008-01	نُوحِي	و ح ي	إِلَى	position_crosswalk	morpheme_aligned
q:21:25:10	21:25	21:25	10	w-s021-a025-w009	21:25:9	m-w-s021-a025-w009-02;m-w-s021-a025-w009-01			إِلَى	position_crosswalk	morpheme_aligned
q:21:25:11	21:25	21:25	11	w-s021-a025-w010	21:25:10	m-w-s021-a025-w010-01;m-w-s021-a025-w010-02	أَنَّهُ			position_crosswalk	morpheme_aligned
q:21:25:12	21:25	21:25	12	w-s021-a025-w011	21:25:11	m-w-s021-a025-w011-01	لَا			position_crosswalk	morpheme_aligned
q:21:25:13	21:25	21:25	13	w-s021-a025-w012	21:25:12	m-w-s021-a025-w012-01	إِلَهَ	أ ل ه		position_crosswalk	morpheme_aligned
q:21:25:15	21:25	21:25	15	w-s021-a025-w014	21:25:14	m-w-s021-a025-w014-01	أَنَا			position_crosswalk	morpheme_aligned
q:21:25:17	21:25	21:25	17	w-s021-a025-w015	21:25:15	m-w-s021-a025-w015-02	فَاعْبُدُونِ	ع ب د		position_crosswalk	morpheme_aligned
q:21:26:2	21:26	21:26	2	w-s021-a026-w001	21:26:1	m-w-s021-a026-w001-02	وَقَالُوا	ق و ل		position_crosswalk	morpheme_aligned
q:21:26:3	21:26	21:26	3	w-s021-a026-w002	21:26:2	m-w-s021-a026-w002-01	اتَّخَذَ	أ خ ذ		position_crosswalk	morpheme_aligned
q:21:26:4	21:26	21:26	4	w-s021-a026-w003	21:26:3	m-w-s021-a026-w003-02	الرَّحْمَنُ	ر ح م		position_crosswalk	morpheme_aligned
q:21:26:5	21:26	21:26	5	w-s021-a026-w004	21:26:4	m-w-s021-a026-w004-01	وَلَدَاً	و ل د		position_crosswalk	morpheme_aligned
q:21:26:8	21:26	21:26	8	w-s021-a026-w007	21:26:7	m-w-s021-a026-w007-01	عِبَادٌ	ع ب د		position_crosswalk	morpheme_aligned
q:21:26:9	21:26	21:26	9	w-s021-a026-w008	21:26:8	m-w-s021-a026-w008-01	مُكْرَمُونَ	ك ر م		position_crosswalk	morpheme_aligned
q:21:27:2	21:27	21:27	2	w-s021-a027-w002	21:27:2	m-w-s021-a027-w002-01	يَسْبِقُونَهُ	س ب ق	بـ	position_crosswalk	morpheme_aligned
q:21:27:3	21:27	21:27	3	w-s021-a027-w002	21:27:2	m-w-s021-a027-w002-01			بـ	surface_root_sequence_fallback	morpheme_aligned
q:21:27:4	21:27	21:27	4	w-s021-a027-w003	21:27:3	m-w-s021-a027-w003-03	بِالْقَوْلِ	ق و ل	بـ	position_crosswalk	morpheme_aligned
q:21:27:6	21:27	21:27	6	w-s021-a027-w004	21:27:4	m-w-s021-a027-w004-02	وَهُمْ			position_crosswalk	morpheme_aligned
q:21:27:7	21:27	21:27	7	w-s021-a027-w005	21:27:5	m-w-s021-a027-w005-01			بـ	position_crosswalk	morpheme_aligned
q:21:27:8	21:27	21:27	8	w-s021-a027-w005	21:27:5	m-w-s021-a027-w005-02	بِأَمْرِهِ	أ م ر	بـ	position_crosswalk	morpheme_aligned
q:21:27:9	21:27	21:27	9	w-s021-a027-w006	21:27:6	m-w-s021-a027-w006-01	يَعْمَلُونَ	ع م ل	بـ	position_crosswalk	morpheme_aligned
q:21:28:1	21:28	21:28	1	w-s021-a028-w001	21:28:1	m-w-s021-a028-w001-01	يَعْلَمُ	ع ل م		position_crosswalk	morpheme_aligned
q:21:28:2	21:28	21:28	2	w-s021-a028-w002	21:28:2	m-w-s021-a028-w002-01	مَا			position_crosswalk	morpheme_aligned
q:21:28:3	21:28	21:28	3	w-s021-a028-w003	21:28:3	m-w-s021-a028-w003-01	بَيْنَ	ب ي ن		position_crosswalk	morpheme_aligned
q:21:28:4	21:28	21:28	4	w-s021-a028-w004	21:28:4	m-w-s021-a028-w004-01	أَيْدِيهِمْ	ي د ي		position_crosswalk	morpheme_aligned
q:21:28:6	21:28	21:28	6	w-s021-a028-w005	21:28:5	m-w-s021-a028-w005-02	وَمَا			position_crosswalk	morpheme_aligned
q:21:28:7	21:28	21:28	7	w-s021-a028-w006	21:28:6	m-w-s021-a028-w006-01	خَلْفَهُمْ	خ ل ف		position_crosswalk	morpheme_aligned
q:21:28:10	21:28	21:28	10	w-s021-a028-w008	21:28:8	m-w-s021-a028-w008-01	يَشْفَعُونَ	ش ف ع	لـ	position_crosswalk	morpheme_aligned
q:21:28:12	21:28	21:28	12	w-s021-a028-w009	21:28:9	m-w-s021-a028-w009-01			لـ	surface_root_sequence_fallback	morpheme_aligned
q:21:28:13	21:28	21:28	13	w-s021-a028-w010	21:28:10	m-w-s021-a028-w010-02	لِمَنِ	م ن ن	لـ	position_crosswalk	morpheme_aligned
q:21:28:16	21:28	21:28	16	w-s021-a028-w012	21:28:12	m-w-s021-a028-w012-02	وَهُمْ			position_crosswalk	morpheme_aligned
q:21:28:17	21:28	21:28	17	w-s021-a028-w013	21:28:13	m-w-s021-a028-w013-01			مِن	position_crosswalk	morpheme_aligned
q:21:28:18	21:28	21:28	18	w-s021-a028-w014	21:28:14	m-w-s021-a028-w014-01	خَشْيَتِهِ	خ ش ي	مِن	position_crosswalk	morpheme_aligned
q:21:28:19	21:28	21:28	19	w-s021-a028-w015	21:28:15	m-w-s021-a028-w015-01	مُشْفِقُونَ	ش ف ق	مِن	position_crosswalk	morpheme_aligned
q:21:29:2	21:29	21:29	2	w-s021-a029-w001	21:29:1	m-w-s021-a029-w001-02	وَمَنْ	م ن ن	مِن	position_crosswalk	morpheme_aligned
q:21:29:3	21:29	21:29	3	w-s021-a029-w002	21:29:2	m-w-s021-a029-w002-01	يَقُلْ	ق ل ل		position_crosswalk	morpheme_aligned
q:21:29:4	21:29	21:29	4	w-s021-a029-w003	21:29:3	m-w-s021-a029-w003-02;m-w-s021-a029-w003-01			مِن	position_crosswalk	morpheme_aligned
q:21:29:5	21:29	21:29	5	w-s021-a029-w004	21:29:4	m-w-s021-a029-w004-01;m-w-s021-a029-w004-02	إِنِّي			position_crosswalk	morpheme_aligned
q:21:29:6	21:29	21:29	6	w-s021-a029-w005	21:29:5	m-w-s021-a029-w005-01	إِلَهٌ	أ ل ه	مِن	position_crosswalk	morpheme_aligned
q:21:29:7	21:29	21:29	7	w-s021-a029-w006	21:29:6	m-w-s021-a029-w006-01			مِن	position_crosswalk	morpheme_aligned
q:21:29:8	21:29	21:29	8	w-s021-a029-w007	21:29:7	m-w-s021-a029-w007-01	دُونِهِ	د و ن	مِن	position_crosswalk	morpheme_aligned
q:21:29:10	21:29	21:29	10	w-s021-a029-w008	21:29:8	m-w-s021-a029-w008-02	فَذَلِكَ			position_crosswalk	morpheme_aligned
q:21:29:11	21:29	21:29	11	w-s021-a029-w009	21:29:9	m-w-s021-a029-w009-01;m-w-s021-a029-w009-02	نَجْزِيهِ	ج ز ي		position_crosswalk	morpheme_aligned
q:21:29:12	21:29	21:29	12	w-s021-a029-w010	21:29:10	m-w-s021-a029-w010-01	جَهَنَّمَ	ج ه ن م		position_crosswalk	morpheme_aligned
q:21:29:13	21:29	21:29	13	w-s021-a029-w011	21:29:11	m-w-s021-a029-w011-01			كـ	position_crosswalk	morpheme_aligned
q:21:29:14	21:29	21:29	14	w-s021-a029-w011	21:29:11	m-w-s021-a029-w011-02	كَذَلِكَ		كـ	position_crosswalk	morpheme_aligned
q:21:29:15	21:29	21:29	15	w-s021-a029-w012	21:29:12	m-w-s021-a029-w012-01	نَجْزِي	ج ز ي	كـ	position_crosswalk	morpheme_aligned
q:21:29:16	21:29	21:29	16	w-s021-a029-w013	21:29:13	m-w-s021-a029-w013-02	الظَّالِمِينَ	ظ ل م		position_crosswalk	morpheme_aligned
q:21:30:3	21:30	21:30	3	w-s021-a030-w002	21:30:2	m-w-s021-a030-w002-01	يَرَ	ر أ ي		surface_root_sequence_fallback	morpheme_aligned
q:21:30:4	21:30	21:30	4	w-s021-a030-w003	21:30:3	m-w-s021-a030-w003-01	الَّذِينَ	ل ل ذ		surface_root_sequence_fallback	morpheme_aligned
q:21:30:6	21:30	21:30	6	w-s021-a030-w005	21:30:5	m-w-s021-a030-w005-01	أَنَّ			surface_root_sequence_fallback	morpheme_aligned
q:21:30:7	21:30	21:30	7	w-s021-a030-w006	21:30:6	m-w-s021-a030-w006-02	السَّمَاوَاتِ	س م و		surface_root_sequence_fallback	morpheme_aligned
q:21:30:9	21:30	21:30	9	w-s021-a030-w007	21:30:7	m-w-s021-a030-w007-03	وَالْأَرْضَ	أ ر ض		position_crosswalk	morpheme_aligned
q:21:30:10	21:30	21:30	10	w-s021-a030-w008	21:30:8	m-w-s021-a030-w008-01	كَانَتَا	ك و ن		surface_root_sequence_fallback	morpheme_aligned
q:21:30:11	21:30	21:30	11	w-s021-a030-w009	21:30:9	m-w-s021-a030-w009-01	رَتْقَاً	ر ت ق		surface_root_sequence_fallback	morpheme_aligned
q:21:30:13	21:30	21:30	13	w-s021-a030-w010	21:30:10	m-w-s021-a030-w010-02	فَفَتَقْنَاهُمَا	ف ت ق		position_crosswalk	morpheme_aligned
q:21:30:15	21:30	21:30	15	w-s021-a030-w011	21:30:11	m-w-s021-a030-w011-02	وَجَعَلْنَا	ج ع ل	مِن	position_crosswalk	morpheme_aligned
q:21:30:16	21:30	21:30	16	w-s021-a030-w012	21:30:12	m-w-s021-a030-w012-01			مِن	surface_root_sequence_fallback	morpheme_aligned
q:21:30:17	21:30	21:30	17	w-s021-a030-w013	21:30:13	m-w-s021-a030-w013-02	الْمَاءِ	م و ه	مِن	surface_root_sequence_fallback	morpheme_aligned
q:21:30:18	21:30	21:30	18	w-s021-a030-w014	21:30:14	m-w-s021-a030-w014-01	كُلَّ	ك ل ل		surface_root_sequence_fallback	morpheme_aligned
q:21:30:19	21:30	21:30	19	w-s021-a030-w015	21:30:15	m-w-s021-a030-w015-01	شَيْءٍ	ش ي ء		surface_root_sequence_fallback	morpheme_aligned
q:21:30:20	21:30	21:30	20	w-s021-a030-w016	21:30:16	m-w-s021-a030-w016-01	حَيٍّ	ح ي ي		surface_root_sequence_fallback	morpheme_aligned
q:21:31:2	21:31	21:31	2	w-s021-a031-w001	21:31:1	m-w-s021-a031-w001-02	وَجَعَلْنَا	ج ع ل	فِي	position_crosswalk	morpheme_aligned
q:21:31:3	21:31	21:31	3	w-s021-a031-w002	21:31:2	m-w-s021-a031-w002-01			فِي	position_crosswalk	morpheme_aligned
q:21:31:4	21:31	21:31	4	w-s021-a031-w003	21:31:3	m-w-s021-a031-w003-02	الْأَرْضِ	أ ر ض	فِي	position_crosswalk	morpheme_aligned
q:21:31:5	21:31	21:31	5	w-s021-a031-w004	21:31:4	m-w-s021-a031-w004-01	رَوَاسِيَ	ر س و		position_crosswalk	morpheme_aligned
q:21:31:6	21:31	21:31	6	w-s021-a031-w005	21:31:5	m-w-s021-a031-w005-01	أَنْ			position_crosswalk	morpheme_aligned
q:21:31:7	21:31	21:31	7	w-s021-a031-w006	21:31:6	m-w-s021-a031-w006-01	تَمِيدَ	م ي د	بـ	position_crosswalk	morpheme_aligned
q:21:31:8	21:31	21:31	8	w-s021-a031-w007	21:31:7	m-w-s021-a031-w007-01			بـ	position_crosswalk	morpheme_aligned
q:21:31:9	21:31	21:31	9	w-s021-a031-w007	21:31:7	m-w-s021-a031-w007-02	بِهِمْ		بـ	position_crosswalk	morpheme_aligned
q:21:31:11	21:31	21:31	11	w-s021-a031-w008	21:31:8	m-w-s021-a031-w008-02	وَجَعَلْنَا	ج ع ل	فِي	position_crosswalk	morpheme_aligned
q:21:31:12	21:31	21:31	12	w-s021-a031-w009	21:31:9	m-w-s021-a031-w009-02;m-w-s021-a031-w009-01			فِي	position_crosswalk	morpheme_aligned
q:21:31:13	21:31	21:31	13	w-s021-a031-w010	21:31:10	m-w-s021-a031-w010-01	فِجَاجَاً	ف ج ج		position_crosswalk	morpheme_aligned
q:21:31:14	21:31	21:31	14	w-s021-a031-w011	21:31:11	m-w-s021-a031-w011-01	سُبُلَاً	س ب ل		position_crosswalk	morpheme_aligned
q:21:31:15	21:31	21:31	15	w-s021-a031-w012	21:31:12	m-w-s021-a031-w012-01;m-w-s021-a031-w012-02	لَعَلَّهُمْ	ل ع ل		position_crosswalk	morpheme_aligned
q:21:31:16	21:31	21:31	16	w-s021-a031-w013	21:31:13	m-w-s021-a031-w013-01	يَهْتَدُونَ	ه د ي		position_crosswalk	morpheme_aligned
q:21:32:2	21:32	21:32	2	w-s021-a032-w001	21:32:1	m-w-s021-a032-w001-02	وَجَعَلْنَا	ج ع ل		position_crosswalk	morpheme_aligned
q:21:32:3	21:32	21:32	3	w-s021-a032-w002	21:32:2	m-w-s021-a032-w002-02	السَّمَاءَ	س م و		position_crosswalk	morpheme_aligned
q:21:32:4	21:32	21:32	4	w-s021-a032-w003	21:32:3	m-w-s021-a032-w003-01	سَقْفَاً	س ق ف		position_crosswalk	morpheme_aligned
q:21:32:5	21:32	21:32	5	w-s021-a032-w004	21:32:4	m-w-s021-a032-w004-01	مَحْفُوظَاً	ح ف ظ		position_crosswalk	morpheme_aligned
q:21:32:7	21:32	21:32	7	w-s021-a032-w005	21:32:5	m-w-s021-a032-w005-02	وَهُمْ			position_crosswalk	morpheme_aligned
q:21:32:8	21:32	21:32	8	w-s021-a032-w006	21:32:6	m-w-s021-a032-w006-01			عَن	position_crosswalk	morpheme_aligned
q:21:32:9	21:32	21:32	9	w-s021-a032-w007	21:32:7	m-w-s021-a032-w007-01	آيَاتِهَا	أ ي ي	عَن	position_crosswalk	morpheme_aligned
q:21:32:10	21:32	21:32	10	w-s021-a032-w008	21:32:8	m-w-s021-a032-w008-01	مُعْرِضُونَ	ع ر ض	عَن	position_crosswalk	morpheme_aligned
q:21:33:2	21:33	21:33	2	w-s021-a033-w001	21:33:1	m-w-s021-a033-w001-02	وَهُوَ			position_crosswalk	morpheme_aligned
q:21:33:3	21:33	21:33	3	w-s021-a033-w002	21:33:2	m-w-s021-a033-w002-01	الَّذِي	ل ل ذ		position_crosswalk	morpheme_aligned
q:21:33:4	21:33	21:33	4	w-s021-a033-w003	21:33:3	m-w-s021-a033-w003-01	خَلَقَ	خ ل ق		position_crosswalk	morpheme_aligned
q:21:33:5	21:33	21:33	5	w-s021-a033-w004	21:33:4	m-w-s021-a033-w004-02	اللَّيْلَ	ل ي ل		position_crosswalk	morpheme_aligned
q:21:33:7	21:33	21:33	7	w-s021-a033-w005	21:33:5	m-w-s021-a033-w005-03	وَالنَّهَارَ	ن ه ر		position_crosswalk	morpheme_aligned
q:21:33:9	21:33	21:33	9	w-s021-a033-w006	21:33:6	m-w-s021-a033-w006-03	وَالشَّمْسَ	ش م س		position_crosswalk	morpheme_aligned
q:21:33:11	21:33	21:33	11	w-s021-a033-w007	21:33:7	m-w-s021-a033-w007-03	وَالْقَمَرَ	ق م ر		position_crosswalk	morpheme_aligned
q:21:33:12	21:33	21:33	12	w-s021-a033-w008	21:33:8	m-w-s021-a033-w008-01	كُلٌّ	ك ل ل		position_crosswalk	morpheme_aligned
q:21:33:13	21:33	21:33	13	w-s021-a033-w009	21:33:9	m-w-s021-a033-w009-01			فِي	position_crosswalk	morpheme_aligned
q:21:33:14	21:33	21:33	14	w-s021-a033-w010	21:33:10	m-w-s021-a033-w010-01	فَلَكٍ	ف ل ك	فِي	position_crosswalk	morpheme_aligned
q:21:33:15	21:33	21:33	15	w-s021-a033-w011	21:33:11	m-w-s021-a033-w011-01	يَسْبَحُونَ	س ب ح	فِي	position_crosswalk	morpheme_aligned
q:21:34:3	21:34	21:34	3	w-s021-a034-w002	21:34:2	m-w-s021-a034-w002-01	جَعَلْنَا	ج ع ل	لـ;مِن	position_crosswalk	morpheme_aligned
q:21:34:4	21:34	21:34	4	w-s021-a034-w002	21:34:2	m-w-s021-a034-w002-01			لـ	surface_root_sequence_fallback	morpheme_aligned
q:21:34:5	21:34	21:34	5	w-s021-a034-w003	21:34:3	m-w-s021-a034-w003-02	لِبَشَرٍ	ب ش ر	لـ	position_crosswalk	morpheme_aligned
q:21:34:6	21:34	21:34	6	w-s021-a034-w004	21:34:4	m-w-s021-a034-w004-01			مِن	position_crosswalk	morpheme_aligned
q:21:34:7	21:34	21:34	7	w-s021-a034-w005	21:34:5	m-w-s021-a034-w005-01	قَبْلِكَ	ق ب ل	مِن	position_crosswalk	morpheme_aligned
q:21:34:8	21:34	21:34	8	w-s021-a034-w006	21:34:6	m-w-s021-a034-w006-02	الْخُلْدَ	خ ل د		position_crosswalk	morpheme_aligned
q:21:34:13	21:34	21:34	13	w-s021-a034-w009	21:34:9	m-w-s021-a034-w009-02	فَهُمُ			position_crosswalk	morpheme_aligned
q:21:34:14	21:34	21:34	14	w-s021-a034-w010	21:34:10	m-w-s021-a034-w010-02	الْخَالِدُونَ	خ ل د		surface_root_sequence_fallback	morpheme_aligned
q:21:35:1	21:35	21:35	1	w-s021-a035-w001	21:35:1	m-w-s021-a035-w001-01	كُلُّ	ك ل ل		position_crosswalk	morpheme_aligned
q:21:35:2	21:35	21:35	2	w-s021-a035-w002	21:35:2	m-w-s021-a035-w002-01	نَفْسٍ	ن ف س		position_crosswalk	morpheme_aligned
q:21:35:3	21:35	21:35	3	w-s021-a035-w003	21:35:3	m-w-s021-a035-w003-01	ذَائِقَةُ	ذ و ق		position_crosswalk	morpheme_aligned
q:21:35:4	21:35	21:35	4	w-s021-a035-w004	21:35:4	m-w-s021-a035-w004-02	الْمَوْتِ	م و ت		position_crosswalk	morpheme_aligned
q:21:35:6	21:35	21:35	6	w-s021-a035-w005	21:35:5	m-w-s021-a035-w005-02;m-w-s021-a035-w005-03	وَنَبْلُوكُمْ	ب ل و	بـ	position_crosswalk	morpheme_aligned
q:21:35:7	21:35	21:35	7	w-s021-a035-w005	21:35:5	m-w-s021-a035-w005-02			بـ	surface_root_sequence_fallback	morpheme_aligned
q:21:35:8	21:35	21:35	8	w-s021-a035-w006	21:35:6	m-w-s021-a035-w006-03	بِالشَّرِّ	ش ر ي	بـ	position_crosswalk	morpheme_aligned
q:21:35:10	21:35	21:35	10	w-s021-a035-w007	21:35:7	m-w-s021-a035-w007-03	وَالْخَيْرِ	خ ي ر	بـ	position_crosswalk	morpheme_aligned
q:21:35:11	21:35	21:35	11	w-s021-a035-w008	21:35:8	m-w-s021-a035-w008-01	فِتْنَةً	ف ت ن		position_crosswalk	morpheme_aligned
q:21:35:13	21:35	21:35	13	w-s021-a035-w009	21:35:9	m-w-s021-a035-w009-03;m-w-s021-a035-w009-02			إِلَى	position_crosswalk	morpheme_aligned
q:21:35:14	21:35	21:35	14	w-s021-a035-w010	21:35:10	m-w-s021-a035-w010-01	تُرْجَعُونَ	ر ج ع	إِلَى	position_crosswalk	morpheme_aligned
q:21:36:3	21:36	21:36	3	w-s021-a036-w002	21:36:2	m-w-s021-a036-w002-01;m-w-s021-a036-w002-02	رَآكَ	ر أ ي		position_crosswalk	morpheme_aligned
q:21:36:4	21:36	21:36	4	w-s021-a036-w003	21:36:3	m-w-s021-a036-w003-01	الَّذِينَ	ل ل ذ		position_crosswalk	morpheme_aligned
q:21:36:5	21:36	21:36	5	w-s021-a036-w004	21:36:4	m-w-s021-a036-w004-01	كَفَرُوا	ك ف ر		position_crosswalk	morpheme_aligned
q:21:36:7	21:36	21:36	7	w-s021-a036-w006	21:36:6	m-w-s021-a036-w006-01	يَتَّخِذُونَكَ	أ خ ذ		position_crosswalk	morpheme_aligned
q:21:36:9	21:36	21:36	9	w-s021-a036-w008	21:36:8	m-w-s021-a036-w008-01	هُزُوَاً	ه ز أ		position_crosswalk	morpheme_aligned
q:21:36:10	21:36	21:36	10	w-s021-a036-w009	21:36:9	m-w-s021-a036-w009-02	أَهَذَا			position_crosswalk	morpheme_aligned
q:21:36:11	21:36	21:36	11	w-s021-a036-w010	21:36:10	m-w-s021-a036-w010-01	الَّذِي	ل ل ذ		surface_root_sequence_fallback	morpheme_aligned
q:21:36:12	21:36	21:36	12	w-s021-a036-w011	21:36:11	m-w-s021-a036-w011-01	يَذْكُرُ	ذ ك ر		surface_root_sequence_fallback	morpheme_aligned
q:21:36:13	21:36	21:36	13	w-s021-a036-w012	21:36:12	m-w-s021-a036-w012-01	آلِهَتَكُمْ	أ ل ه		surface_root_sequence_fallback	morpheme_aligned
q:21:36:15	21:36	21:36	15	w-s021-a036-w013	21:36:13	m-w-s021-a036-w013-02	وَهُمْ			position_crosswalk	morpheme_aligned
q:21:36:16	21:36	21:36	16	w-s021-a036-w014	21:36:14	m-w-s021-a036-w014-01			بـ	surface_root_sequence_fallback	morpheme_aligned
q:21:36:17	21:36	21:36	17	w-s021-a036-w014	21:36:14	m-w-s021-a036-w014-02	بِذِكْرِ	ذ ك ر	بـ	position_crosswalk	morpheme_aligned
q:21:36:18	21:36	21:36	18	w-s021-a036-w015	21:36:15	m-w-s021-a036-w015-02	الرَّحْمَنِ	ر ح م		surface_root_sequence_fallback	morpheme_aligned
q:21:36:19	21:36	21:36	19	w-s021-a036-w016	21:36:16	m-w-s021-a036-w016-01	هُمْ			surface_root_sequence_fallback	morpheme_aligned
q:21:36:20	21:36	21:36	20	w-s021-a036-w017	21:36:17	m-w-s021-a036-w017-01	كَافِرُونَ	ك ف ر	بـ	surface_root_sequence_fallback	morpheme_aligned
q:21:37:1	21:37	21:37	1	w-s021-a037-w001	21:37:1	m-w-s021-a037-w001-01	خُلِقَ	خ ل ق	مِن	position_crosswalk	morpheme_aligned
q:21:37:2	21:37	21:37	2	w-s021-a037-w002	21:37:2	m-w-s021-a037-w002-02	الْإِنْسَانُ	أ ن س		position_crosswalk	morpheme_aligned
q:21:37:3	21:37	21:37	3	w-s021-a037-w003	21:37:3	m-w-s021-a037-w003-01			مِن	position_crosswalk	morpheme_aligned
q:21:37:4	21:37	21:37	4	w-s021-a037-w004	21:37:4	m-w-s021-a037-w004-01	عَجَلٍ	ع ج ل	مِن	position_crosswalk	morpheme_aligned
q:21:37:5	21:37	21:37	5	w-s021-a037-w005	21:37:5	m-w-s021-a037-w005-02;m-w-s021-a037-w005-03	سَأُرِيكُمْ	ر أ ي		position_crosswalk	morpheme_aligned
q:21:37:6	21:37	21:37	6	w-s021-a037-w006	21:37:6	m-w-s021-a037-w006-01	آيَاتِي	أ ي ي		surface_root_sequence_fallback	morpheme_aligned
q:21:37:9	21:37	21:37	9	w-s021-a037-w008	21:37:8	m-w-s021-a037-w008-01	تَسْتَعْجِلُونِ	ع ج ل		surface_root_sequence_fallback	morpheme_aligned
q:21:38:2	21:38	21:38	2	w-s021-a038-w001	21:38:1	m-w-s021-a038-w001-02	وَيَقُولُونَ	ق و ل		position_crosswalk	morpheme_aligned
q:21:38:3	21:38	21:38	3	w-s021-a038-w002	21:38:2	m-w-s021-a038-w002-01	مَتَى	م ت ى		position_crosswalk	morpheme_aligned
q:21:38:4	21:38	21:38	4	w-s021-a038-w003	21:38:3	m-w-s021-a038-w003-01	هَذَا			position_crosswalk	morpheme_aligned
q:21:38:5	21:38	21:38	5	w-s021-a038-w004	21:38:4	m-w-s021-a038-w004-02	الْوَعْدُ	و ع د		position_crosswalk	morpheme_aligned
q:21:38:7	21:38	21:38	7	w-s021-a038-w006	21:38:6	m-w-s021-a038-w006-01	كُنْتُمْ	ك و ن		position_crosswalk	morpheme_aligned
q:21:38:8	21:38	21:38	8	w-s021-a038-w007	21:38:7	m-w-s021-a038-w007-01	صَادِقِينَ	ص د ق		position_crosswalk	morpheme_aligned
q:21:39:2	21:39	21:39	2	w-s021-a039-w002	21:39:2	m-w-s021-a039-w002-01	يَعْلَمُ	ع ل م		position_crosswalk	morpheme_aligned
q:21:39:3	21:39	21:39	3	w-s021-a039-w003	21:39:3	m-w-s021-a039-w003-01	الَّذِينَ	ل ل ذ		position_crosswalk	morpheme_aligned
q:21:39:4	21:39	21:39	4	w-s021-a039-w004	21:39:4	m-w-s021-a039-w004-01	كَفَرُوا	ك ف ر		position_crosswalk	morpheme_aligned
q:21:39:5	21:39	21:39	5	w-s021-a039-w005	21:39:5	m-w-s021-a039-w005-01	حِينَ	ح ي ن		position_crosswalk	morpheme_aligned
q:21:39:7	21:39	21:39	7	w-s021-a039-w007	21:39:7	m-w-s021-a039-w007-01	يَكُفُّونَ	ك ف ف	عَن	position_crosswalk	morpheme_aligned
q:21:39:8	21:39	21:39	8	w-s021-a039-w008	21:39:8	m-w-s021-a039-w008-01			عَن	position_crosswalk	morpheme_aligned
q:21:39:9	21:39	21:39	9	w-s021-a039-w009	21:39:9	m-w-s021-a039-w009-01	وُجُوهِهِمُ	و ج ه	عَن	position_crosswalk	morpheme_aligned
q:21:39:10	21:39	21:39	10	w-s021-a039-w010	21:39:10	m-w-s021-a039-w010-02	النَّارَ	ن و ر		position_crosswalk	morpheme_aligned
q:21:39:13	21:39	21:39	13	w-s021-a039-w012	21:39:12	m-w-s021-a039-w012-01			عَن	position_crosswalk	morpheme_aligned
q:21:39:14	21:39	21:39	14	w-s021-a039-w013	21:39:13	m-w-s021-a039-w013-01	ظُهُورِهِمْ	ظ ه ر	عَن	position_crosswalk	morpheme_aligned
q:21:39:17	21:39	21:39	17	w-s021-a039-w015	21:39:15	m-w-s021-a039-w015-01	هُمْ			position_crosswalk	morpheme_aligned
q:21:39:18	21:39	21:39	18	w-s021-a039-w016	21:39:16	m-w-s021-a039-w016-01	يُنْصَرُونَ	ن ص ر		position_crosswalk	morpheme_aligned
q:21:40:2	21:40	21:40	2	w-s021-a040-w002	21:40:2	m-w-s021-a040-w002-01;m-w-s021-a040-w002-02	تَأْتِيهِمْ	أ ت ي		position_crosswalk	morpheme_aligned
q:21:40:3	21:40	21:40	3	w-s021-a040-w003	21:40:3	m-w-s021-a040-w003-01	بَغْتَةً	ب غ ت		position_crosswalk	morpheme_aligned
q:21:40:5	21:40	21:40	5	w-s021-a040-w004	21:40:4	m-w-s021-a040-w004-02;m-w-s021-a040-w004-03	فَتَبْهَتُهُمْ	ب ه ت		position_crosswalk	morpheme_aligned
q:21:40:8	21:40	21:40	8	w-s021-a040-w006	21:40:6	m-w-s021-a040-w006-01	يَسْتَطِيعُونَ	ط و ع		position_crosswalk	morpheme_aligned
q:21:40:9	21:40	21:40	9	w-s021-a040-w007	21:40:7	m-w-s021-a040-w007-01	رَدَّهَا	ر د د		position_crosswalk	morpheme_aligned
q:21:40:12	21:40	21:40	12	w-s021-a040-w009	21:40:9	m-w-s021-a040-w009-01	هُمْ			position_crosswalk	morpheme_aligned
q:21:40:13	21:40	21:40	13	w-s021-a040-w010	21:40:10	m-w-s021-a040-w010-01	يُنْظَرُونَ	ن ظ ر		position_crosswalk	morpheme_aligned
q:21:41:4	21:41	21:41	4	w-s021-a041-w002	21:41:2	m-w-s021-a041-w002-01	اسْتُهْزِئَ	ه ز أ	بـ	position_crosswalk	morpheme_aligned
q:21:41:5	21:41	21:41	5	w-s021-a041-w003	21:41:3	m-w-s021-a041-w003-01			بـ	position_crosswalk	morpheme_aligned
q:21:41:6	21:41	21:41	6	w-s021-a041-w003	21:41:3	m-w-s021-a041-w003-02	بِرُسُلٍ	ر س ل	بـ;مِن	position_crosswalk	morpheme_aligned
q:21:41:7	21:41	21:41	7	w-s021-a041-w004	21:41:4	m-w-s021-a041-w004-01			مِن	position_crosswalk	morpheme_aligned
q:21:41:8	21:41	21:41	8	w-s021-a041-w005	21:41:5	m-w-s021-a041-w005-01	قَبْلِكَ	ق ب ل	مِن	position_crosswalk	morpheme_aligned
q:21:41:10	21:41	21:41	10	w-s021-a041-w006	21:41:6	m-w-s021-a041-w006-02	فَحَاقَ	ح ي ق	بـ	position_crosswalk	morpheme_aligned
q:21:41:11	21:41	21:41	11	w-s021-a041-w007	21:41:7	m-w-s021-a041-w007-01			بـ	position_crosswalk	morpheme_aligned
q:21:41:12	21:41	21:41	12	w-s021-a041-w007	21:41:7	m-w-s021-a041-w007-02	بِالَّذِينَ	ل ل ذ	بـ	position_crosswalk	morpheme_aligned
q:21:41:13	21:41	21:41	13	w-s021-a041-w008	21:41:8	m-w-s021-a041-w008-01	سَخِرُوا	س خ ر	مِن	position_crosswalk	morpheme_aligned
q:21:41:14	21:41	21:41	14	w-s021-a041-w009	21:41:9	m-w-s021-a041-w009-02;m-w-s021-a041-w009-01			مِن	position_crosswalk	morpheme_aligned
q:21:41:15	21:41	21:41	15	w-s021-a041-w010	21:41:10	m-w-s021-a041-w010-01	مَا			position_crosswalk	morpheme_aligned
q:21:41:16	21:41	21:41	16	w-s021-a041-w011	21:41:11	m-w-s021-a041-w011-01	كَانُوا	ك و ن		position_crosswalk	morpheme_aligned
q:21:41:17	21:41	21:41	17	w-s021-a041-w012	21:41:12	m-w-s021-a041-w012-02;m-w-s021-a041-w012-01			بـ	position_crosswalk	morpheme_aligned
q:21:41:18	21:41	21:41	18	w-s021-a041-w013	21:41:13	m-w-s021-a041-w013-01	يَسْتَهْزِئُونَ	ه ز أ	بـ	surface_root_sequence_fallback	morpheme_aligned
q:21:42:1	21:42	21:42	1	w-s021-a042-w001	21:42:1	m-w-s021-a042-w001-01	قُلْ	ق ل ل		position_crosswalk	morpheme_aligned
q:21:42:2	21:42	21:42	2	w-s021-a042-w002	21:42:2	m-w-s021-a042-w002-01	مَنْ	م ن ن		position_crosswalk	morpheme_aligned
q:21:42:3	21:42	21:42	3	w-s021-a042-w003	21:42:3	m-w-s021-a042-w003-01;m-w-s021-a042-w003-02	يَكْلَؤُكُمْ	ك ل ء	بـ;مِن	position_crosswalk	morpheme_aligned
q:21:42:4	21:42	21:42	4	w-s021-a042-w004	21:42:4	m-w-s021-a042-w004-01			بـ	position_crosswalk	morpheme_aligned
q:21:42:5	21:42	21:42	5	w-s021-a042-w004	21:42:4	m-w-s021-a042-w004-03	بِاللَّيْلِ	ل ي ل	بـ	position_crosswalk	morpheme_aligned
q:21:42:7	21:42	21:42	7	w-s021-a042-w005	21:42:5	m-w-s021-a042-w005-03	وَالنَّهَارِ	ن ه ر		position_crosswalk	morpheme_aligned
q:21:42:8	21:42	21:42	8	w-s021-a042-w006	21:42:6	m-w-s021-a042-w006-01			مِن	position_crosswalk	morpheme_aligned
q:21:42:9	21:42	21:42	9	w-s021-a042-w007	21:42:7	m-w-s021-a042-w007-02	الرَّحْمَنِ	ر ح م	مِن	position_crosswalk	morpheme_aligned
q:21:42:11	21:42	21:42	11	w-s021-a042-w009	21:42:9	m-w-s021-a042-w009-01	هُمْ			position_crosswalk	morpheme_aligned
q:21:42:12	21:42	21:42	12	w-s021-a042-w010	21:42:10	m-w-s021-a042-w010-01			عَن	position_crosswalk	morpheme_aligned
q:21:42:13	21:42	21:42	13	w-s021-a042-w011	21:42:11	m-w-s021-a042-w011-01	ذِكْرِ	ذ ك ر	عَن	position_crosswalk	morpheme_aligned
q:21:42:14	21:42	21:42	14	w-s021-a042-w012	21:42:12	m-w-s021-a042-w012-01	رَبِّهِمْ	ر ب ب		position_crosswalk	morpheme_aligned
q:21:42:15	21:42	21:42	15	w-s021-a042-w013	21:42:13	m-w-s021-a042-w013-01	مُعْرِضُونَ	ع ر ض	عَن	position_crosswalk	morpheme_aligned
q:21:43:2	21:43	21:43	2	w-s021-a043-w002	21:43:2	m-w-s021-a043-w002-01			لـ	position_crosswalk	morpheme_aligned
q:21:43:3	21:43	21:43	3	w-s021-a043-w002	21:43:2	m-w-s021-a043-w002-02	لَهُمْ		لـ	position_crosswalk	morpheme_aligned
q:21:43:4	21:43	21:43	4	w-s021-a043-w003	21:43:3	m-w-s021-a043-w003-01	آلِهَةٌ	أ ل ه	لـ	position_crosswalk	morpheme_aligned
q:21:43:5	21:43	21:43	5	w-s021-a043-w004	21:43:4	m-w-s021-a043-w004-01;m-w-s021-a043-w004-02	تَمْنَعُهُمْ	م ن ع	مِن	position_crosswalk	morpheme_aligned
q:21:43:6	21:43	21:43	6	w-s021-a043-w004	21:43:4	m-w-s021-a043-w004-01			مِن	surface_root_sequence_fallback	morpheme_aligned
q:21:43:7	21:43	21:43	7	w-s021-a043-w006	21:43:6	m-w-s021-a043-w006-01	دُونِنَا	د و ن	مِن	position_crosswalk	morpheme_aligned
q:21:43:9	21:43	21:43	9	w-s021-a043-w008	21:43:8	m-w-s021-a043-w008-01	يَسْتَطِيعُونَ	ط و ع		position_crosswalk	morpheme_aligned
q:21:43:10	21:43	21:43	10	w-s021-a043-w009	21:43:9	m-w-s021-a043-w009-01	نَصْرَ	ن ص ر		position_crosswalk	morpheme_aligned
q:21:43:11	21:43	21:43	11	w-s021-a043-w010	21:43:10	m-w-s021-a043-w010-01	أَنْفُسِهِمْ	ن ف س		position_crosswalk	morpheme_aligned
q:21:43:14	21:43	21:43	14	w-s021-a043-w012	21:43:12	m-w-s021-a043-w012-01	هُمْ			position_crosswalk	morpheme_aligned
q:21:43:15	21:43	21:43	15	w-s021-a043-w013	21:43:13	m-w-s021-a043-w013-02;m-w-s021-a043-w013-01			مِن	position_crosswalk	morpheme_aligned
q:21:43:16	21:43	21:43	16	w-s021-a043-w014	21:43:14	m-w-s021-a043-w014-01	يُصْحَبُونَ	ص ح ب	مِن	position_crosswalk	morpheme_aligned
q:21:44:2	21:44	21:44	2	w-s021-a044-w002	21:44:2	m-w-s021-a044-w002-01	مَتَّعْنَا	م ت ع		position_crosswalk	morpheme_aligned
q:21:44:3	21:44	21:44	3	w-s021-a044-w003	21:44:3	m-w-s021-a044-w003-01	هَؤُلَاءِ			position_crosswalk	morpheme_aligned
q:21:44:5	21:44	21:44	5	w-s021-a044-w004	21:44:4	m-w-s021-a044-w004-02	وَآبَاءَهُمْ	أ ب و		position_crosswalk	morpheme_aligned
q:21:44:7	21:44	21:44	7	w-s021-a044-w006	21:44:6	m-w-s021-a044-w006-01	طَالَ	ط و ل	عَلَى	position_crosswalk	morpheme_aligned
q:21:44:8	21:44	21:44	8	w-s021-a044-w007	21:44:7	m-w-s021-a044-w007-02;m-w-s021-a044-w007-01			عَلَى	position_crosswalk	morpheme_aligned
q:21:44:9	21:44	21:44	9	w-s021-a044-w008	21:44:8	m-w-s021-a044-w008-02	الْعُمُرُ	ع م ر		position_crosswalk	morpheme_aligned
q:21:44:12	21:44	21:44	12	w-s021-a044-w010	21:44:10	m-w-s021-a044-w010-01	يَرَوْنَ	ر أ ي		surface_root_sequence_fallback	morpheme_aligned
q:21:44:13	21:44	21:44	13	w-s021-a044-w011	21:44:11	m-w-s021-a044-w011-01;m-w-s021-a044-w011-02	أَنَّا			surface_root_sequence_fallback	morpheme_aligned
q:21:44:14	21:44	21:44	14	w-s021-a044-w012	21:44:12	m-w-s021-a044-w012-01	نَأْتِي	أ ت ي		surface_root_sequence_fallback	morpheme_aligned
q:21:44:15	21:44	21:44	15	w-s021-a044-w013	21:44:13	m-w-s021-a044-w013-02	الْأَرْضَ	أ ر ض		surface_root_sequence_fallback	morpheme_aligned
q:21:44:16	21:44	21:44	16	w-s021-a044-w014	21:44:14	m-w-s021-a044-w014-01;m-w-s021-a044-w014-02	نَنْقُصُهَا	ن ق ص	مِن	surface_root_sequence_fallback	morpheme_aligned
q:21:44:17	21:44	21:44	17	w-s021-a044-w015	21:44:15	m-w-s021-a044-w015-01			مِن	surface_root_sequence_fallback	morpheme_aligned
q:21:44:18	21:44	21:44	18	w-s021-a044-w016	21:44:16	m-w-s021-a044-w016-01	أَطْرَافِهَا	ط ر ف	مِن	surface_root_sequence_fallback	morpheme_aligned
q:21:44:20	21:44	21:44	20	w-s021-a044-w017	21:44:17	m-w-s021-a044-w017-03	أَفَهُمُ			position_crosswalk	morpheme_aligned
q:21:44:21	21:44	21:44	21	w-s021-a044-w018	21:44:18	m-w-s021-a044-w018-02	الْغَالِبُونَ	غ ل ب		surface_root_sequence_fallback	morpheme_aligned
q:21:45:1	21:45	21:45	1	w-s021-a045-w001	21:45:1	m-w-s021-a045-w001-01	قُلْ	ق ل ل		position_crosswalk	morpheme_aligned
q:21:45:2	21:45	21:45	2	w-s021-a045-w002	21:45:2		إِنَّمَا	إ ن م ا		position_crosswalk	word_aligned
q:21:45:3	21:45	21:45	3	w-s021-a045-w003	21:45:3	m-w-s021-a045-w003-01;m-w-s021-a045-w003-02	أُنْذِرُكُمْ	ن ذ ر	بـ	position_crosswalk	morpheme_aligned
q:21:45:4	21:45	21:45	4	w-s021-a045-w004	21:45:4	m-w-s021-a045-w004-01			بـ	position_crosswalk	morpheme_aligned
q:21:45:5	21:45	21:45	5	w-s021-a045-w004	21:45:4	m-w-s021-a045-w004-03	بِالْوَحْيِ	و ح ي	بـ	position_crosswalk	morpheme_aligned
q:21:45:8	21:45	21:45	8	w-s021-a045-w006	21:45:6	m-w-s021-a045-w006-01	يَسْمَعُ	س م ع		position_crosswalk	morpheme_aligned
q:21:45:9	21:45	21:45	9	w-s021-a045-w007	21:45:7	m-w-s021-a045-w007-02	الصُّمُّ	ص م م		position_crosswalk	morpheme_aligned
q:21:45:10	21:45	21:45	10	w-s021-a045-w008	21:45:8	m-w-s021-a045-w008-02	الدُّعَاءَ	د ع و		position_crosswalk	morpheme_aligned
q:21:45:11	21:45	21:45	11	w-s021-a045-w009	21:45:9	m-w-s021-a045-w009-01	إِذَا	أ ذ ي		position_crosswalk	morpheme_aligned
q:21:46:4	21:46	21:46	4	w-s021-a046-w002	21:46:2	m-w-s021-a046-w002-01;m-w-s021-a046-w002-02	مَسَّتْهُمْ	م س س		position_crosswalk	morpheme_aligned
q:21:46:5	21:46	21:46	5	w-s021-a046-w003	21:46:3	m-w-s021-a046-w003-01	نَفْحَةٌ	ن ف ح	مِن	position_crosswalk	morpheme_aligned
q:21:46:6	21:46	21:46	6	w-s021-a046-w004	21:46:4	m-w-s021-a046-w004-01			مِن	position_crosswalk	morpheme_aligned
q:21:46:7	21:46	21:46	7	w-s021-a046-w005	21:46:5	m-w-s021-a046-w005-01	عَذَابِ	ع ذ ب	مِن	position_crosswalk	morpheme_aligned
q:21:46:8	21:46	21:46	8	w-s021-a046-w006	21:46:6	m-w-s021-a046-w006-01	رَبِّكَ	ر ب ب		position_crosswalk	morpheme_aligned
q:21:46:10	21:46	21:46	10	w-s021-a046-w007	21:46:7	m-w-s021-a046-w007-02	لَيَقُولُنَّ	ق و ل		position_crosswalk	morpheme_aligned
q:21:46:11	21:46	21:46	11	w-s021-a046-w008	21:46:8	m-w-s021-a046-w008-02	يَاوَيْلَنَا			position_crosswalk	morpheme_aligned
q:21:46:12	21:46	21:46	12	w-s021-a046-w008	21:46:8	m-w-s021-a046-w008-02	يَاوَيْلَنَا	و ي ل		position_crosswalk	morpheme_aligned
q:21:46:13	21:46	21:46	13	w-s021-a046-w009	21:46:9	m-w-s021-a046-w009-01;m-w-s021-a046-w009-02	إِنَّا			position_crosswalk	morpheme_aligned
q:21:46:14	21:46	21:46	14	w-s021-a046-w010	21:46:10	m-w-s021-a046-w010-01	كُنَّا	ك و ن		position_crosswalk	morpheme_aligned
q:21:46:15	21:46	21:46	15	w-s021-a046-w011	21:46:11	m-w-s021-a046-w011-01	ظَالِمِينَ	ظ ل م		position_crosswalk	morpheme_aligned
q:21:47:2	21:47	21:47	2	w-s021-a047-w001	21:47:1	m-w-s021-a047-w001-02	وَنَضَعُ	و ض ع	لـ	position_crosswalk	morpheme_aligned
q:21:47:3	21:47	21:47	3	w-s021-a047-w002	21:47:2	m-w-s021-a047-w002-02	الْمَوَازِينَ	و ز ن		position_crosswalk	morpheme_aligned
q:21:47:4	21:47	21:47	4	w-s021-a047-w003	21:47:3	m-w-s021-a047-w003-02	الْقِسْطَ	ق س ط		position_crosswalk	morpheme_aligned
q:21:47:5	21:47	21:47	5	w-s021-a047-w003	21:47:3	m-w-s021-a047-w003-02			لـ	surface_root_sequence_fallback	morpheme_aligned
q:21:47:6	21:47	21:47	6	w-s021-a047-w004	21:47:4	m-w-s021-a047-w004-02	لِيَوْمِ	ي و م	لـ	position_crosswalk	morpheme_aligned
q:21:47:7	21:47	21:47	7	w-s021-a047-w005	21:47:5	m-w-s021-a047-w005-02	الْقِيَامَةِ	ق و م		position_crosswalk	morpheme_aligned
q:21:47:10	21:47	21:47	10	w-s021-a047-w007	21:47:7	m-w-s021-a047-w007-01	تُظْلَمُ	ظ ل م		position_crosswalk	morpheme_aligned
q:21:47:11	21:47	21:47	11	w-s021-a047-w008	21:47:8	m-w-s021-a047-w008-01	نَفْسٌ	ن ف س		position_crosswalk	morpheme_aligned
q:21:47:12	21:47	21:47	12	w-s021-a047-w009	21:47:9	m-w-s021-a047-w009-01	شَيْئَاً	ش ي ء		position_crosswalk	morpheme_aligned
q:21:47:15	21:47	21:47	15	w-s021-a047-w011	21:47:11	m-w-s021-a047-w011-01	كَانَ	ك و ن		position_crosswalk	morpheme_aligned
q:21:47:16	21:47	21:47	16	w-s021-a047-w012	21:47:12	m-w-s021-a047-w012-01	مِثْقَالَ	ث ق ل		position_crosswalk	morpheme_aligned
q:21:47:17	21:47	21:47	17	w-s021-a047-w013	21:47:13	m-w-s021-a047-w013-01	حَبَّةٍ	ح ب ب	مِن	position_crosswalk	morpheme_aligned
q:21:47:18	21:47	21:47	18	w-s021-a047-w014	21:47:14	m-w-s021-a047-w014-01			مِن	position_crosswalk	morpheme_aligned
q:21:47:19	21:47	21:47	19	w-s021-a047-w015	21:47:15	m-w-s021-a047-w015-01	خَرْدَلٍ	خ ر د ل	مِن	position_crosswalk	morpheme_aligned
q:21:47:20	21:47	21:47	20	w-s021-a047-w016	21:47:16	m-w-s021-a047-w016-01	أَتَيْنَا	أ ت ي	بـ	position_crosswalk	morpheme_aligned
q:21:47:21	21:47	21:47	21	w-s021-a047-w017	21:47:17	m-w-s021-a047-w017-02;m-w-s021-a047-w017-01			بـ	position_crosswalk	morpheme_aligned
q:21:47:23	21:47	21:47	23	w-s021-a047-w018	21:47:18	m-w-s021-a047-w018-02	وَكَفَى	ك ف ي	بـ	position_crosswalk	morpheme_aligned
q:21:47:24	21:47	21:47	24	w-s021-a047-w019	21:47:19	m-w-s021-a047-w019-02;m-w-s021-a047-w019-01			بـ	surface_root_sequence_fallback	morpheme_aligned
q:21:47:25	21:47	21:47	25	w-s021-a047-w020	21:47:20	m-w-s021-a047-w020-01	حَاسِبِينَ	ح س ب		surface_root_sequence_fallback	morpheme_aligned
q:21:48:4	21:48	21:48	4	w-s021-a048-w002	21:48:2	m-w-s021-a048-w002-01	آتَيْنَا	أ ت ي		position_crosswalk	morpheme_aligned
q:21:48:5	21:48	21:48	5	w-s021-a048-w003	21:48:3	m-w-s021-a048-w003-01	مُوسَى			position_crosswalk	morpheme_aligned
q:21:48:7	21:48	21:48	7	w-s021-a048-w004	21:48:4	m-w-s021-a048-w004-02	وَهَارُونَ			position_crosswalk	morpheme_aligned
q:21:48:8	21:48	21:48	8	w-s021-a048-w005	21:48:5	m-w-s021-a048-w005-02	الْفُرْقَانَ	ف ر ق		position_crosswalk	morpheme_aligned
q:21:48:10	21:48	21:48	10	w-s021-a048-w006	21:48:6	m-w-s021-a048-w006-02	وَضِيَاءً	ض و أ		position_crosswalk	morpheme_aligned
q:21:48:12	21:48	21:48	12	w-s021-a048-w007	21:48:7	m-w-s021-a048-w007-02	وَذِكْرَاً	ذ ك ر	لـ	position_crosswalk	morpheme_aligned
q:21:48:13	21:48	21:48	13	w-s021-a048-w008	21:48:8	m-w-s021-a048-w008-01			لـ	position_crosswalk	morpheme_aligned
q:21:48:14	21:48	21:48	14	w-s021-a048-w008	21:48:8	m-w-s021-a048-w008-03	لِلْمُتَّقِينَ	و ق ي	لـ	position_crosswalk	morpheme_aligned
q:21:49:2	21:49	21:49	2	w-s021-a049-w002	21:49:2	m-w-s021-a049-w002-01	يَخْشَوْنَ	خ ش ي	بـ	position_crosswalk	morpheme_aligned
q:21:49:3	21:49	21:49	3	w-s021-a049-w003	21:49:3	m-w-s021-a049-w003-01	رَبَّهُمْ	ر ب ب		position_crosswalk	morpheme_aligned
q:21:49:4	21:49	21:49	4	w-s021-a049-w003	21:49:3	m-w-s021-a049-w003-01			بـ	surface_root_sequence_fallback	morpheme_aligned
q:21:49:5	21:49	21:49	5	w-s021-a049-w004	21:49:4	m-w-s021-a049-w004-03	بِالْغَيْبِ	غ ي ب	بـ	position_crosswalk	morpheme_aligned
q:21:49:7	21:49	21:49	7	w-s021-a049-w005	21:49:5	m-w-s021-a049-w005-02	وَهُمْ			position_crosswalk	morpheme_aligned
q:21:49:8	21:49	21:49	8	w-s021-a049-w006	21:49:6	m-w-s021-a049-w006-01			مِن	position_crosswalk	morpheme_aligned
q:21:49:9	21:49	21:49	9	w-s021-a049-w007	21:49:7	m-w-s021-a049-w007-02	السَّاعَةِ	س و ع	مِن	position_crosswalk	morpheme_aligned
q:21:49:10	21:49	21:49	10	w-s021-a049-w008	21:49:8	m-w-s021-a049-w008-01	مُشْفِقُونَ	ش ف ق	مِن	position_crosswalk	morpheme_aligned
q:21:50:2	21:50	21:50	2	w-s021-a050-w001	21:50:1	m-w-s021-a050-w001-02	وَهَذَا			position_crosswalk	morpheme_aligned
q:21:50:3	21:50	21:50	3	w-s021-a050-w002	21:50:2	m-w-s021-a050-w002-01	ذِكْرٌ	ذ ك ر		position_crosswalk	morpheme_aligned
q:21:50:4	21:50	21:50	4	w-s021-a050-w003	21:50:3	m-w-s021-a050-w003-01	مُبَارَكٌ	ب ر ك		position_crosswalk	morpheme_aligned
q:21:50:5	21:50	21:50	5	w-s021-a050-w004	21:50:4	m-w-s021-a050-w004-01	أَنْزَلْنَاهُ	ن ز ل		position_crosswalk	morpheme_aligned
q:21:50:7	21:50	21:50	7	w-s021-a050-w005	21:50:5	m-w-s021-a050-w005-03	أَفَأَنْتُمْ			position_crosswalk	morpheme_aligned
q:21:50:8	21:50	21:50	8	w-s021-a050-w006	21:50:6	m-w-s021-a050-w006-02;m-w-s021-a050-w006-01			لـ	surface_root_sequence_fallback	morpheme_aligned
q:21:50:9	21:50	21:50	9	w-s021-a050-w007	21:50:7	m-w-s021-a050-w007-01	مُنْكِرُونَ	ن ك ر	لـ	surface_root_sequence_fallback	morpheme_aligned
q:21:51:4	21:51	21:51	4	w-s021-a051-w002	21:51:2	m-w-s021-a051-w002-01	آتَيْنَا	أ ت ي	مِن	position_crosswalk	morpheme_aligned
q:21:51:5	21:51	21:51	5	w-s021-a051-w003	21:51:3	m-w-s021-a051-w003-01	إِبْرَاهِيمَ	ب ر ه م		position_crosswalk	morpheme_aligned
q:21:51:6	21:51	21:51	6	w-s021-a051-w004	21:51:4	m-w-s021-a051-w004-01	رُشْدَهُ	ر ش د		position_crosswalk	morpheme_aligned
q:21:51:7	21:51	21:51	7	w-s021-a051-w005	21:51:5	m-w-s021-a051-w005-01			مِن	position_crosswalk	morpheme_aligned
q:21:51:8	21:51	21:51	8	w-s021-a051-w006	21:51:6	m-w-s021-a051-w006-01	قَبْلُ	ق ب ل	مِن	position_crosswalk	morpheme_aligned
q:21:51:10	21:51	21:51	10	w-s021-a051-w007	21:51:7	m-w-s021-a051-w007-02	وَكُنَّا	ك و ن		position_crosswalk	morpheme_aligned
q:21:51:11	21:51	21:51	11	w-s021-a051-w008	21:51:8	m-w-s021-a051-w008-02;m-w-s021-a051-w008-01			بـ	position_crosswalk	morpheme_aligned
q:21:51:12	21:51	21:51	12	w-s021-a051-w009	21:51:9	m-w-s021-a051-w009-01	عَالِمِينَ	ع ل م	بـ	surface_root_sequence_fallback	morpheme_aligned
q:21:52:2	21:52	21:52	2	w-s021-a052-w002	21:52:2	m-w-s021-a052-w002-01	قَالَ	ق و ل	لـ	position_crosswalk	morpheme_aligned
q:21:52:3	21:52	21:52	3	w-s021-a052-w002	21:52:2	m-w-s021-a052-w002-01			لـ	surface_root_sequence_fallback	morpheme_aligned
q:21:52:4	21:52	21:52	4	w-s021-a052-w003	21:52:3	m-w-s021-a052-w003-02	لِأَبِيهِ	أ ب و	لـ	position_crosswalk	morpheme_aligned
q:21:52:6	21:52	21:52	6	w-s021-a052-w004	21:52:4	m-w-s021-a052-w004-02	وَقَوْمِهِ	ق و م	لـ	position_crosswalk	morpheme_aligned
q:21:52:7	21:52	21:52	7	w-s021-a052-w005	21:52:5	m-w-s021-a052-w005-01	مَا			position_crosswalk	morpheme_aligned
q:21:52:8	21:52	21:52	8	w-s021-a052-w006	21:52:6	m-w-s021-a052-w006-01	هَذِهِ			position_crosswalk	morpheme_aligned
q:21:52:9	21:52	21:52	9	w-s021-a052-w007	21:52:7	m-w-s021-a052-w007-02	التَّمَاثِيلُ	م ث ل		position_crosswalk	morpheme_aligned
q:21:52:10	21:52	21:52	10	w-s021-a052-w008	21:52:8	m-w-s021-a052-w008-01	الَّتِي	ل ل ت		position_crosswalk	morpheme_aligned
q:21:52:11	21:52	21:52	11	w-s021-a052-w009	21:52:9	m-w-s021-a052-w009-01	أَنْتُمْ			position_crosswalk	morpheme_aligned
q:21:52:12	21:52	21:52	12	w-s021-a052-w010	21:52:10	m-w-s021-a052-w010-01			لـ	position_crosswalk	morpheme_aligned
q:21:52:13	21:52	21:52	13	w-s021-a052-w010	21:52:10	m-w-s021-a052-w010-02	لَهَا		لـ	position_crosswalk	morpheme_aligned
q:21:52:14	21:52	21:52	14	w-s021-a052-w011	21:52:11	m-w-s021-a052-w011-01	عَاكِفُونَ	ع ك ف	لـ	position_crosswalk	morpheme_aligned
q:21:53:1	21:53	21:53	1	w-s021-a053-w001	21:53:1	m-w-s021-a053-w001-01	قَالُوا	ق و ل		position_crosswalk	morpheme_aligned
q:21:53:2	21:53	21:53	2	w-s021-a053-w002	21:53:2	m-w-s021-a053-w002-01	وَجَدْنَا	و ج د		position_crosswalk	morpheme_aligned
q:21:53:3	21:53	21:53	3	w-s021-a053-w003	21:53:3	m-w-s021-a053-w003-01	آبَاءَنَا	أ ب و		position_crosswalk	morpheme_aligned
q:21:53:4	21:53	21:53	4	w-s021-a053-w004	21:53:4	m-w-s021-a053-w004-01			لـ	position_crosswalk	morpheme_aligned
q:21:53:5	21:53	21:53	5	w-s021-a053-w004	21:53:4	m-w-s021-a053-w004-02	لَهَا		لـ	position_crosswalk	morpheme_aligned
q:21:53:6	21:53	21:53	6	w-s021-a053-w005	21:53:5	m-w-s021-a053-w005-01	عَابِدِينَ	ع ب د	لـ	position_crosswalk	morpheme_aligned
q:21:54:1	21:54	21:54	1	w-s021-a054-w001	21:54:1	m-w-s021-a054-w001-01	قَالَ	ق و ل		position_crosswalk	morpheme_aligned
q:21:54:2	21:54	21:54	2	w-s021-a054-w002	21:54:2	m-w-s021-a054-w002-02	لَقَدْ	و ل ي		position_crosswalk	morpheme_aligned
q:21:54:4	21:54	21:54	4	w-s021-a054-w003	21:54:3	m-w-s021-a054-w003-01	كُنْتُمْ	ك و ن	فِي	position_crosswalk	morpheme_aligned
q:21:54:5	21:54	21:54	5	w-s021-a054-w004	21:54:4	m-w-s021-a054-w004-01	أَنْتُمْ			position_crosswalk	morpheme_aligned
q:21:54:7	21:54	21:54	7	w-s021-a054-w005	21:54:5	m-w-s021-a054-w005-02	وَآبَاؤُكُمْ	أ ب و		position_crosswalk	morpheme_aligned
q:21:54:8	21:54	21:54	8	w-s021-a054-w006	21:54:6	m-w-s021-a054-w006-01			فِي	position_crosswalk	morpheme_aligned
q:21:54:9	21:54	21:54	9	w-s021-a054-w007	21:54:7	m-w-s021-a054-w007-01	ضَلَالٍ	ض ل ل	فِي	position_crosswalk	morpheme_aligned
q:21:54:10	21:54	21:54	10	w-s021-a054-w008	21:54:8	m-w-s021-a054-w008-01	مُبِينٍ	ب ي ن		position_crosswalk	morpheme_aligned
q:21:55:1	21:55	21:55	1	w-s021-a055-w001	21:55:1	m-w-s021-a055-w001-01	قَالُوا	ق و ل		position_crosswalk	morpheme_aligned
q:21:55:2	21:55	21:55	2	w-s021-a055-w002	21:55:2	m-w-s021-a055-w002-02	أَجِئْتَنَا	ج ي أ	بـ	position_crosswalk	morpheme_aligned
q:21:55:3	21:55	21:55	3	w-s021-a055-w003	21:55:3	m-w-s021-a055-w003-01			بـ	surface_root_sequence_fallback	morpheme_aligned
q:21:55:4	21:55	21:55	4	w-s021-a055-w003	21:55:3	m-w-s021-a055-w003-03	بِالْحَقِّ	ح ق ق	بـ	position_crosswalk	morpheme_aligned
q:21:55:6	21:55	21:55	6	w-s021-a055-w005	21:55:5	m-w-s021-a055-w005-01	أَنْتَ		مِن	surface_root_sequence_fallback	morpheme_aligned
q:21:55:7	21:55	21:55	7	w-s021-a055-w006	21:55:6	m-w-s021-a055-w006-01			مِن	surface_root_sequence_fallback	morpheme_aligned
q:21:55:8	21:55	21:55	8	w-s021-a055-w007	21:55:7	m-w-s021-a055-w007-02	اللَّاعِبِينَ	ل ع ب	مِن	surface_root_sequence_fallback	morpheme_aligned
q:21:56:1	21:56	21:56	1	w-s021-a056-w001	21:56:1	m-w-s021-a056-w001-01	قَالَ	ق و ل		position_crosswalk	morpheme_aligned
q:21:56:2	21:56	21:56	2	w-s021-a056-w002	21:56:2	m-w-s021-a056-w002-01	بَلْ	ب ل ل		position_crosswalk	morpheme_aligned
q:21:56:3	21:56	21:56	3	w-s021-a056-w003	21:56:3	m-w-s021-a056-w003-01	رَبُّكُمْ	ر ب ب		position_crosswalk	morpheme_aligned
q:21:56:4	21:56	21:56	4	w-s021-a056-w003	21:56:3	m-w-s021-a056-w003-01	رَبُّ	ر ب ب		surface_root_sequence_fallback	morpheme_aligned
q:21:56:5	21:56	21:56	5	w-s021-a056-w005	21:56:5	m-w-s021-a056-w005-02	السَّمَاوَاتِ	س م و		position_crosswalk	morpheme_aligned
q:21:56:7	21:56	21:56	7	w-s021-a056-w006	21:56:6	m-w-s021-a056-w006-03	وَالْأَرْضِ	أ ر ض		position_crosswalk	morpheme_aligned
q:21:56:8	21:56	21:56	8	w-s021-a056-w007	21:56:7	m-w-s021-a056-w007-01	الَّذِي	ل ل ذ		position_crosswalk	morpheme_aligned
q:21:56:9	21:56	21:56	9	w-s021-a056-w008	21:56:8	m-w-s021-a056-w008-01;m-w-s021-a056-w008-02	فَطَرَهُنَّ	ف ط ر		position_crosswalk	morpheme_aligned
q:21:56:11	21:56	21:56	11	w-s021-a056-w009	21:56:9	m-w-s021-a056-w009-02	وَأَنَا		مِن	position_crosswalk	morpheme_aligned
q:21:56:12	21:56	21:56	12	w-s021-a056-w010	21:56:10	m-w-s021-a056-w010-01			عَلَى	position_crosswalk	morpheme_aligned
q:21:56:13	21:56	21:56	13	w-s021-a056-w011	21:56:11	m-w-s021-a056-w011-01	ذَلِكُمْ		عَلَى	position_crosswalk	morpheme_aligned
q:21:56:14	21:56	21:56	14	w-s021-a056-w012	21:56:12	m-w-s021-a056-w012-01			مِن	position_crosswalk	morpheme_aligned
q:21:56:15	21:56	21:56	15	w-s021-a056-w013	21:56:13	m-w-s021-a056-w013-02	الشَّاهِدِينَ	ش ه د	عَلَى;مِن	position_crosswalk	morpheme_aligned
q:21:57:2	21:57	21:57	2	w-s021-a057-w001	21:57:1	m-w-s021-a057-w001-03	وَتَاللَّهِ			position_crosswalk	morpheme_aligned
q:21:57:3	21:57	21:57	3	w-s021-a057-w001	21:57:1	m-w-s021-a057-w001-03	وَتَاللَّهِ	أ ل ه		position_crosswalk	morpheme_aligned
q:21:57:5	21:57	21:57	5	w-s021-a057-w002	21:57:2	m-w-s021-a057-w002-02	لَأَكِيدَنَّ	ك ي د		position_crosswalk	morpheme_aligned
q:21:57:6	21:57	21:57	6	w-s021-a057-w003	21:57:3	m-w-s021-a057-w003-01	أَصْنَامَكُمْ	ص ن م		position_crosswalk	morpheme_aligned
q:21:57:7	21:57	21:57	7	w-s021-a057-w004	21:57:4	m-w-s021-a057-w004-01	بَعْدَ	ب ع د		position_crosswalk	morpheme_aligned
q:21:57:8	21:57	21:57	8	w-s021-a057-w005	21:57:5	m-w-s021-a057-w005-01	أَنْ			position_crosswalk	morpheme_aligned
q:21:57:9	21:57	21:57	9	w-s021-a057-w006	21:57:6	m-w-s021-a057-w006-01	تُوَلُّوا	و ل ي		position_crosswalk	morpheme_aligned
q:21:57:10	21:57	21:57	10	w-s021-a057-w007	21:57:7	m-w-s021-a057-w007-01	مُدْبِرِينَ	د ب ر		position_crosswalk	morpheme_aligned
q:21:58:2	21:58	21:58	2	w-s021-a058-w001	21:58:1	m-w-s021-a058-w001-02;m-w-s021-a058-w001-03	فَجَعَلَهُمْ	ج ع ل		position_crosswalk	morpheme_aligned
q:21:58:3	21:58	21:58	3	w-s021-a058-w002	21:58:2	m-w-s021-a058-w002-01	جُذَاذَاً	ج ذ ذ		position_crosswalk	morpheme_aligned
q:21:58:5	21:58	21:58	5	w-s021-a058-w004	21:58:4	m-w-s021-a058-w004-01	كَبِيرَاً	ك ب ر	لـ	position_crosswalk	morpheme_aligned
q:21:58:6	21:58	21:58	6	w-s021-a058-w005	21:58:5	m-w-s021-a058-w005-01			لـ	position_crosswalk	morpheme_aligned
q:21:58:7	21:58	21:58	7	w-s021-a058-w005	21:58:5	m-w-s021-a058-w005-02	لَهُمْ		لـ	position_crosswalk	morpheme_aligned
q:21:58:8	21:58	21:58	8	w-s021-a058-w006	21:58:6	m-w-s021-a058-w006-01;m-w-s021-a058-w006-02	لَعَلَّهُمْ	ل ع ل		position_crosswalk	morpheme_aligned
q:21:58:9	21:58	21:58	9	w-s021-a058-w007	21:58:7	m-w-s021-a058-w007-02;m-w-s021-a058-w007-01			إِلَى	position_crosswalk	morpheme_aligned
q:21:58:10	21:58	21:58	10	w-s021-a058-w008	21:58:8	m-w-s021-a058-w008-01	يَرْجِعُونَ	ر ج ع	إِلَى	position_crosswalk	morpheme_aligned
q:21:59:1	21:59	21:59	1	w-s021-a059-w001	21:59:1	m-w-s021-a059-w001-01	قَالُوا	ق و ل		position_crosswalk	morpheme_aligned
q:21:59:2	21:59	21:59	2	w-s021-a059-w002	21:59:2	m-w-s021-a059-w002-01	مَنْ	م ن ن		position_crosswalk	morpheme_aligned
q:21:59:3	21:59	21:59	3	w-s021-a059-w003	21:59:3	m-w-s021-a059-w003-01	فَعَلَ	ف ع ل	بـ	position_crosswalk	morpheme_aligned
q:21:59:4	21:59	21:59	4	w-s021-a059-w004	21:59:4	m-w-s021-a059-w004-01	هَذَا			position_crosswalk	morpheme_aligned
q:21:59:5	21:59	21:59	5	w-s021-a059-w005	21:59:5	m-w-s021-a059-w005-01			بـ	position_crosswalk	morpheme_aligned
q:21:59:6	21:59	21:59	6	w-s021-a059-w005	21:59:5	m-w-s021-a059-w005-02	بِآلِهَتِنَا	أ ل ه	بـ	position_crosswalk	morpheme_aligned
q:21:59:7	21:59	21:59	7	w-s021-a059-w006	21:59:6	m-w-s021-a059-w006-01;m-w-s021-a059-w006-02	إِنَّهُ		مِن	position_crosswalk	morpheme_aligned
q:21:59:9	21:59	21:59	9	w-s021-a059-w007	21:59:7	m-w-s021-a059-w007-02			مِن	position_crosswalk	morpheme_aligned
q:21:59:10	21:59	21:59	10	w-s021-a059-w008	21:59:8	m-w-s021-a059-w008-02	الظَّالِمِينَ	ظ ل م	مِن	position_crosswalk	morpheme_aligned
q:21:60:1	21:60	21:60	1	w-s021-a060-w001	21:60:1	m-w-s021-a060-w001-01	قَالُوا	ق و ل		position_crosswalk	morpheme_aligned
q:21:60:2	21:60	21:60	2	w-s021-a060-w002	21:60:2	m-w-s021-a060-w002-01	سَمِعْنَا	س م ع		position_crosswalk	morpheme_aligned
q:21:60:3	21:60	21:60	3	w-s021-a060-w003	21:60:3	m-w-s021-a060-w003-01	فَتَىً	ف ت ي		position_crosswalk	morpheme_aligned
q:21:60:4	21:60	21:60	4	w-s021-a060-w004	21:60:4	m-w-s021-a060-w004-01;m-w-s021-a060-w004-02	يَذْكُرُهُمْ	ذ ك ر		position_crosswalk	morpheme_aligned
q:21:60:5	21:60	21:60	5	w-s021-a060-w005	21:60:5	m-w-s021-a060-w005-01	يُقَالُ	ق و ل	لـ	position_crosswalk	morpheme_aligned
q:21:60:6	21:60	21:60	6	w-s021-a060-w006	21:60:6	m-w-s021-a060-w006-02;m-w-s021-a060-w006-01			لـ	position_crosswalk	morpheme_aligned
q:21:60:7	21:60	21:60	7	w-s021-a060-w007	21:60:7	m-w-s021-a060-w007-01	إِبْرَاهِيمُ	ب ر ه م		surface_root_sequence_fallback	morpheme_aligned
q:21:61:1	21:61	21:61	1	w-s021-a061-w001	21:61:1	m-w-s021-a061-w001-01	قَالُوا	ق و ل		position_crosswalk	morpheme_aligned
q:21:61:2	21:61	21:61	2	w-s021-a061-w002	21:61:2	m-w-s021-a061-w002-02	فَأْتُوا	ف ي أ		position_crosswalk	morpheme_aligned
q:21:61:3	21:61	21:61	3	w-s021-a061-w002	21:61:2	m-w-s021-a061-w002-02	فَأْتُوا	أ ت ي	بـ;عَلَى	position_crosswalk	morpheme_aligned
q:21:61:4	21:61	21:61	4	w-s021-a061-w003	21:61:3	m-w-s021-a061-w003-02;m-w-s021-a061-w003-01			بـ	position_crosswalk	morpheme_aligned
q:21:61:5	21:61	21:61	5	w-s021-a061-w004	21:61:4	m-w-s021-a061-w004-01			عَلَى	surface_root_sequence_fallback	morpheme_aligned
q:21:61:6	21:61	21:61	6	w-s021-a061-w005	21:61:5	m-w-s021-a061-w005-01	أَعْيُنِ	ع ي ن	عَلَى	surface_root_sequence_fallback	morpheme_aligned
q:21:61:7	21:61	21:61	7	w-s021-a061-w006	21:61:6	m-w-s021-a061-w006-02	النَّاسِ	أ ن س		surface_root_sequence_fallback	morpheme_aligned
q:21:61:8	21:61	21:61	8	w-s021-a061-w007	21:61:7	m-w-s021-a061-w007-01;m-w-s021-a061-w007-02	لَعَلَّهُمْ	ل ع ل		surface_root_sequence_fallback	morpheme_aligned
q:21:61:9	21:61	21:61	9	w-s021-a061-w008	21:61:8	m-w-s021-a061-w008-01	يَشْهَدُونَ	ش ه د		surface_root_sequence_fallback	morpheme_aligned
q:21:62:1	21:62	21:62	1	w-s021-a062-w001	21:62:1	m-w-s021-a062-w001-01	قَالُوا	ق و ل		position_crosswalk	morpheme_aligned
q:21:62:2	21:62	21:62	2	w-s021-a062-w002	21:62:2	m-w-s021-a062-w002-02	أَأَنْتَ			position_crosswalk	morpheme_aligned
q:21:62:3	21:62	21:62	3	w-s021-a062-w003	21:62:3	m-w-s021-a062-w003-01	فَعَلْتَ	ف ع ل	بـ	surface_root_sequence_fallback	morpheme_aligned
q:21:62:4	21:62	21:62	4	w-s021-a062-w004	21:62:4	m-w-s021-a062-w004-01	هَذَا			surface_root_sequence_fallback	morpheme_aligned
q:21:62:5	21:62	21:62	5	w-s021-a062-w005	21:62:5	m-w-s021-a062-w005-01			بـ	surface_root_sequence_fallback	morpheme_aligned
q:21:62:6	21:62	21:62	6	w-s021-a062-w005	21:62:5	m-w-s021-a062-w005-02	بِآلِهَتِنَا	أ ل ه	بـ	position_crosswalk	morpheme_aligned
q:21:62:7	21:62	21:62	7	w-s021-a062-w006	21:62:6	m-w-s021-a062-w006-02	يَاإِبْرَاهِيمُ			surface_root_sequence_fallback	morpheme_aligned
q:21:62:8	21:62	21:62	8	w-s021-a062-w006	21:62:6	m-w-s021-a062-w006-02	يَاإِبْرَاهِيمُ	ب ر ه م		position_crosswalk	morpheme_aligned
q:21:63:1	21:63	21:63	1	w-s021-a063-w001	21:63:1	m-w-s021-a063-w001-01	قَالَ	ق و ل		position_crosswalk	morpheme_aligned
q:21:63:2	21:63	21:63	2	w-s021-a063-w002	21:63:2	m-w-s021-a063-w002-01	بَلْ	ب ل ل		position_crosswalk	morpheme_aligned
q:21:63:3	21:63	21:63	3	w-s021-a063-w003	21:63:3	m-w-s021-a063-w003-01;m-w-s021-a063-w003-02	فَعَلَهُ	ف ع ل		position_crosswalk	morpheme_aligned
q:21:63:4	21:63	21:63	4	w-s021-a063-w004	21:63:4	m-w-s021-a063-w004-01	كَبِيرُهُمْ	ك ب ر		position_crosswalk	morpheme_aligned
q:21:63:5	21:63	21:63	5	w-s021-a063-w005	21:63:5	m-w-s021-a063-w005-01	هَذَا			position_crosswalk	morpheme_aligned
q:21:63:7	21:63	21:63	7	w-s021-a063-w006	21:63:6	m-w-s021-a063-w006-02	فَاسْأَلُوهُمْ	س أ ل		position_crosswalk	morpheme_aligned
q:21:63:9	21:63	21:63	9	w-s021-a063-w008	21:63:8	m-w-s021-a063-w008-01	كَانُوا	ك و ن		position_crosswalk	morpheme_aligned
q:21:63:10	21:63	21:63	10	w-s021-a063-w009	21:63:9	m-w-s021-a063-w009-01	يَنْطِقُونَ	ن ط ق		position_crosswalk	morpheme_aligned
q:21:64:2	21:64	21:64	2	w-s021-a064-w001	21:64:1	m-w-s021-a064-w001-02	فَرَجَعُوا	ر ج ع	إِلَى	position_crosswalk	morpheme_aligned
q:21:64:3	21:64	21:64	3	w-s021-a064-w002	21:64:2	m-w-s021-a064-w002-01			إِلَى	position_crosswalk	morpheme_aligned
q:21:64:4	21:64	21:64	4	w-s021-a064-w003	21:64:3	m-w-s021-a064-w003-01	أَنْفُسِهِمْ	ن ف س	إِلَى	position_crosswalk	morpheme_aligned
q:21:64:6	21:64	21:64	6	w-s021-a064-w004	21:64:4	m-w-s021-a064-w004-02	فَقَالُوا	ق و ل		position_crosswalk	morpheme_aligned
q:21:64:7	21:64	21:64	7	w-s021-a064-w005	21:64:5	m-w-s021-a064-w005-01	إِنَّكُمْ			position_crosswalk	morpheme_aligned
q:21:64:8	21:64	21:64	8	w-s021-a064-w006	21:64:6	m-w-s021-a064-w006-01	أَنْتُمُ			position_crosswalk	morpheme_aligned
q:21:64:9	21:64	21:64	9	w-s021-a064-w007	21:64:7	m-w-s021-a064-w007-02	الظَّالِمُونَ	ظ ل م		position_crosswalk	morpheme_aligned
q:21:65:2	21:65	21:65	2	w-s021-a065-w002	21:65:2	m-w-s021-a065-w002-01	نُكِسُوا	ن ك س	عَلَى	position_crosswalk	morpheme_aligned
q:21:65:3	21:65	21:65	3	w-s021-a065-w003	21:65:3	m-w-s021-a065-w003-01			عَلَى	position_crosswalk	morpheme_aligned
q:21:65:4	21:65	21:65	4	w-s021-a065-w004	21:65:4	m-w-s021-a065-w004-01	رُءُوسِهِمْ	ر أ س	عَلَى	position_crosswalk	morpheme_aligned
q:21:65:7	21:65	21:65	7	w-s021-a065-w006	21:65:6	m-w-s021-a065-w006-01	عَلِمْتَ	ع ل م		position_crosswalk	morpheme_aligned
q:21:65:8	21:65	21:65	8	w-s021-a065-w007	21:65:7	m-w-s021-a065-w007-01	مَا			position_crosswalk	morpheme_aligned
q:21:65:9	21:65	21:65	9	w-s021-a065-w008	21:65:8	m-w-s021-a065-w008-01	هَؤُلَاءِ			position_crosswalk	morpheme_aligned
q:21:65:10	21:65	21:65	10	w-s021-a065-w009	21:65:9	m-w-s021-a065-w009-01	يَنْطِقُونَ	ن ط ق		position_crosswalk	morpheme_aligned
q:21:66:1	21:66	21:66	1	w-s021-a066-w001	21:66:1	m-w-s021-a066-w001-01	قَالَ	ق و ل		position_crosswalk	morpheme_aligned
q:21:66:2	21:66	21:66	2	w-s021-a066-w002	21:66:2	m-w-s021-a066-w002-03	أَفَتَعْبُدُونَ	ف ي أ		position_crosswalk	morpheme_aligned
q:21:66:3	21:66	21:66	3	w-s021-a066-w002	21:66:2	m-w-s021-a066-w002-03	أَفَتَعْبُدُونَ	ع ب د	مِن	position_crosswalk	morpheme_aligned
q:21:66:4	21:66	21:66	4	w-s021-a066-w003	21:66:3	m-w-s021-a066-w003-01			مِن	surface_root_sequence_fallback	morpheme_aligned
q:21:66:5	21:66	21:66	5	w-s021-a066-w004	21:66:4	m-w-s021-a066-w004-01	دُونِ	د و ن	مِن	surface_root_sequence_fallback	morpheme_aligned
q:21:66:6	21:66	21:66	6	w-s021-a066-w005	21:66:5	m-w-s021-a066-w005-01	اللَّهِ	أ ل ه		surface_root_sequence_fallback	morpheme_aligned
q:21:66:7	21:66	21:66	7	w-s021-a066-w006	21:66:6	m-w-s021-a066-w006-01	مَا			surface_root_sequence_fallback	morpheme_aligned
q:21:66:9	21:66	21:66	9	w-s021-a066-w008	21:66:8	m-w-s021-a066-w008-01;m-w-s021-a066-w008-02	يَنْفَعُكُمْ	ن ف ع		surface_root_sequence_fallback	morpheme_aligned
q:21:66:10	21:66	21:66	10	w-s021-a066-w009	21:66:9	m-w-s021-a066-w009-01	شَيْئَاً	ش ي ء		surface_root_sequence_fallback	morpheme_aligned
q:21:66:13	21:66	21:66	13	w-s021-a066-w011	21:66:11	m-w-s021-a066-w011-01;m-w-s021-a066-w011-02	يَضُرُّكُمْ	ض ر ر		surface_root_sequence_fallback	morpheme_aligned
q:21:67:1	21:67	21:67	1	w-s021-a067-w001	21:67:1	m-w-s021-a067-w001-01	أُفٍّ	أ ف ف	لـ	position_crosswalk	morpheme_aligned
q:21:67:2	21:67	21:67	2	w-s021-a067-w002	21:67:2	m-w-s021-a067-w002-02;m-w-s021-a067-w002-01	لَكُمْ	و ل ي	لـ	position_crosswalk	morpheme_aligned
q:21:67:4	21:67	21:67	4	w-s021-a067-w002	21:67:2	m-w-s021-a067-w002-01			لـ	surface_root_sequence_fallback	morpheme_aligned
q:21:67:5	21:67	21:67	5	w-s021-a067-w003	21:67:3	m-w-s021-a067-w003-03	وَلِمَا		لـ	position_crosswalk	morpheme_aligned
q:21:67:6	21:67	21:67	6	w-s021-a067-w004	21:67:4	m-w-s021-a067-w004-01	تَعْبُدُونَ	ع ب د	مِن	surface_root_sequence_fallback	morpheme_aligned
q:21:67:7	21:67	21:67	7	w-s021-a067-w005	21:67:5	m-w-s021-a067-w005-01			مِن	surface_root_sequence_fallback	morpheme_aligned
q:21:67:8	21:67	21:67	8	w-s021-a067-w006	21:67:6	m-w-s021-a067-w006-01	دُونِ	د و ن	مِن	surface_root_sequence_fallback	morpheme_aligned
q:21:67:9	21:67	21:67	9	w-s021-a067-w007	21:67:7	m-w-s021-a067-w007-01	اللَّهِ	أ ل ه		surface_root_sequence_fallback	morpheme_aligned
q:21:68:1	21:68	21:68	1	w-s021-a068-w001	21:68:1	m-w-s021-a068-w001-01	قَالُوا	ق و ل		position_crosswalk	morpheme_aligned
q:21:68:2	21:68	21:68	2	w-s021-a068-w002	21:68:2	m-w-s021-a068-w002-01	حَرِّقُوهُ	ح ر ق		position_crosswalk	morpheme_aligned
q:21:68:4	21:68	21:68	4	w-s021-a068-w003	21:68:3	m-w-s021-a068-w003-02	وَانْصُرُوا	ن ص ر		position_crosswalk	morpheme_aligned
q:21:68:5	21:68	21:68	5	w-s021-a068-w004	21:68:4	m-w-s021-a068-w004-01	آلِهَتَكُمْ	أ ل ه		position_crosswalk	morpheme_aligned
q:21:68:7	21:68	21:68	7	w-s021-a068-w006	21:68:6	m-w-s021-a068-w006-01	كُنْتُمْ	ك و ن		position_crosswalk	morpheme_aligned
q:21:68:8	21:68	21:68	8	w-s021-a068-w007	21:68:7	m-w-s021-a068-w007-01	فَاعِلِينَ	ف ع ل		position_crosswalk	morpheme_aligned
q:21:69:1	21:69	21:69	1	w-s021-a069-w001	21:69:1	m-w-s021-a069-w001-01	قُلْنَا	ق ل ل		position_crosswalk	morpheme_aligned
q:21:69:2	21:69	21:69	2	w-s021-a069-w002	21:69:2	m-w-s021-a069-w002-02	يَانَارُ			position_crosswalk	morpheme_aligned
q:21:69:3	21:69	21:69	3	w-s021-a069-w002	21:69:2	m-w-s021-a069-w002-02	يَانَارُ	ن و ر		position_crosswalk	morpheme_aligned
q:21:69:4	21:69	21:69	4	w-s021-a069-w003	21:69:3	m-w-s021-a069-w003-01	كُونِي	ك و ن		position_crosswalk	morpheme_aligned
q:21:69:5	21:69	21:69	5	w-s021-a069-w004	21:69:4	m-w-s021-a069-w004-01	بَرْدَاً	ب ر د		position_crosswalk	morpheme_aligned
q:21:69:7	21:69	21:69	7	w-s021-a069-w005	21:69:5	m-w-s021-a069-w005-02	وَسَلَامَاً	س ل م	عَلَى	position_crosswalk	morpheme_aligned
q:21:69:8	21:69	21:69	8	w-s021-a069-w006	21:69:6	m-w-s021-a069-w006-01			عَلَى	position_crosswalk	morpheme_aligned
q:21:69:9	21:69	21:69	9	w-s021-a069-w007	21:69:7	m-w-s021-a069-w007-01	إِبْرَاهِيمَ	ب ر ه م	عَلَى	position_crosswalk	morpheme_aligned
q:21:70:2	21:70	21:70	2	w-s021-a070-w001	21:70:1	m-w-s021-a070-w001-02	وَأَرَادُوا	ر و د	بـ	position_crosswalk	morpheme_aligned
q:21:70:3	21:70	21:70	3	w-s021-a070-w002	21:70:2	m-w-s021-a070-w002-02;m-w-s021-a070-w002-01			بـ	position_crosswalk	morpheme_aligned
q:21:70:4	21:70	21:70	4	w-s021-a070-w003	21:70:3	m-w-s021-a070-w003-01	كَيْدَاً	ك ي د		surface_root_sequence_fallback	morpheme_aligned
q:21:70:6	21:70	21:70	6	w-s021-a070-w004	21:70:4	m-w-s021-a070-w004-02	فَجَعَلْنَاهُمُ	ج ع ل		position_crosswalk	morpheme_aligned
q:21:70:7	21:70	21:70	7	w-s021-a070-w005	21:70:5	m-w-s021-a070-w005-02	الْأَخْسَرِينَ	خ س ر		surface_root_sequence_fallback	morpheme_aligned
q:21:71:2	21:71	21:71	2	w-s021-a071-w001	21:71:1	m-w-s021-a071-w001-02	وَنَجَّيْنَاهُ	ن ج و	إِلَى	position_crosswalk	morpheme_aligned
q:21:71:4	21:71	21:71	4	w-s021-a071-w002	21:71:2	m-w-s021-a071-w002-02	وَلُوطَاً	ل و ط		position_crosswalk	morpheme_aligned
q:21:71:5	21:71	21:71	5	w-s021-a071-w003	21:71:3	m-w-s021-a071-w003-01			إِلَى	position_crosswalk	morpheme_aligned
q:21:71:6	21:71	21:71	6	w-s021-a071-w004	21:71:4	m-w-s021-a071-w004-02	الْأَرْضِ	أ ر ض	إِلَى	position_crosswalk	morpheme_aligned
q:21:71:7	21:71	21:71	7	w-s021-a071-w005	21:71:5	m-w-s021-a071-w005-01	الَّتِي	ل ل ت		position_crosswalk	morpheme_aligned
q:21:71:8	21:71	21:71	8	w-s021-a071-w006	21:71:6	m-w-s021-a071-w006-01	بَارَكْنَا	ب ر ك	فِي;لـ	position_crosswalk	morpheme_aligned
q:21:71:9	21:71	21:71	9	w-s021-a071-w007	21:71:7	m-w-s021-a071-w007-02;m-w-s021-a071-w007-01			فِي	position_crosswalk	morpheme_aligned
q:21:71:10	21:71	21:71	10	w-s021-a071-w008	21:71:8	m-w-s021-a071-w008-01			لـ	position_crosswalk	morpheme_aligned
q:21:71:11	21:71	21:71	11	w-s021-a071-w008	21:71:8	m-w-s021-a071-w008-03	لِلْعَالَمِينَ	ع ل م	لـ	position_crosswalk	morpheme_aligned
q:21:72:2	21:72	21:72	2	w-s021-a072-w001	21:72:1	m-w-s021-a072-w001-02	وَوَهَبْنَا	و ه ب	لـ	position_crosswalk	morpheme_aligned
q:21:72:3	21:72	21:72	3	w-s021-a072-w002	21:72:2	m-w-s021-a072-w002-02;m-w-s021-a072-w002-01			لـ	position_crosswalk	morpheme_aligned
q:21:72:4	21:72	21:72	4	w-s021-a072-w003	21:72:3	m-w-s021-a072-w003-01	إِسْحَاقَ	س ح ق		surface_root_sequence_fallback	morpheme_aligned
q:21:72:6	21:72	21:72	6	w-s021-a072-w004	21:72:4	m-w-s021-a072-w004-02	وَيَعْقُوبَ	ع ق ب		position_crosswalk	morpheme_aligned
q:21:72:7	21:72	21:72	7	w-s021-a072-w005	21:72:5	m-w-s021-a072-w005-01	نَافِلَةً	ن ف ل		surface_root_sequence_fallback	morpheme_aligned
q:21:72:9	21:72	21:72	9	w-s021-a072-w006	21:72:6	m-w-s021-a072-w006-02	وَكُلَّاً	ك ل ل		position_crosswalk	morpheme_aligned
q:21:72:10	21:72	21:72	10	w-s021-a072-w007	21:72:7	m-w-s021-a072-w007-01	جَعَلْنَا	ج ع ل		surface_root_sequence_fallback	morpheme_aligned
q:21:72:11	21:72	21:72	11	w-s021-a072-w008	21:72:8	m-w-s021-a072-w008-01	صَالِحِينَ	ص ل ح		surface_root_sequence_fallback	morpheme_aligned
q:21:73:2	21:73	21:73	2	w-s021-a073-w001	21:73:1	m-w-s021-a073-w001-02	وَجَعَلْنَاهُمْ	ج ع ل		position_crosswalk	morpheme_aligned
q:21:73:3	21:73	21:73	3	w-s021-a073-w002	21:73:2	m-w-s021-a073-w002-01	أَئِمَّةً	أ م م		position_crosswalk	morpheme_aligned
q:21:73:4	21:73	21:73	4	w-s021-a073-w003	21:73:3	m-w-s021-a073-w003-01	يَهْدُونَ	ه د د	بـ	position_crosswalk	morpheme_aligned
q:21:73:5	21:73	21:73	5	w-s021-a073-w004	21:73:4	m-w-s021-a073-w004-01			بـ	position_crosswalk	morpheme_aligned
q:21:73:6	21:73	21:73	6	w-s021-a073-w004	21:73:4	m-w-s021-a073-w004-02	بِأَمْرِنَا	أ م ر	بـ	position_crosswalk	morpheme_aligned
q:21:73:8	21:73	21:73	8	w-s021-a073-w005	21:73:5	m-w-s021-a073-w005-02	وَأَوْحَيْنَا	و ح ي	إِلَى	position_crosswalk	morpheme_aligned
q:21:73:9	21:73	21:73	9	w-s021-a073-w006	21:73:6	m-w-s021-a073-w006-02;m-w-s021-a073-w006-01			إِلَى	position_crosswalk	morpheme_aligned
q:21:73:10	21:73	21:73	10	w-s021-a073-w007	21:73:7	m-w-s021-a073-w007-01	فِعْلَ	ف ع ل		position_crosswalk	morpheme_aligned
q:21:73:11	21:73	21:73	11	w-s021-a073-w008	21:73:8	m-w-s021-a073-w008-02	الْخَيْرَاتِ	خ ي ر		position_crosswalk	morpheme_aligned
q:21:73:13	21:73	21:73	13	w-s021-a073-w009	21:73:9	m-w-s021-a073-w009-02	وَإِقَامَ	ق و م		position_crosswalk	morpheme_aligned
q:21:73:14	21:73	21:73	14	w-s021-a073-w010	21:73:10	m-w-s021-a073-w010-02	الصَّلَاةِ	ص ل و		position_crosswalk	morpheme_aligned
q:21:73:16	21:73	21:73	16	w-s021-a073-w011	21:73:11	m-w-s021-a073-w011-02	وَإِيتَاءَ	أ ت ي		position_crosswalk	morpheme_aligned
q:21:73:17	21:73	21:73	17	w-s021-a073-w012	21:73:12	m-w-s021-a073-w012-02	الزَّكَاةِ	ز ك و		position_crosswalk	morpheme_aligned
q:21:73:19	21:73	21:73	19	w-s021-a073-w013	21:73:13	m-w-s021-a073-w013-02	وَكَانُوا	ك و ن		position_crosswalk	morpheme_aligned
q:21:73:20	21:73	21:73	20	w-s021-a073-w014	21:73:14	m-w-s021-a073-w014-02;m-w-s021-a073-w014-01			لـ	position_crosswalk	morpheme_aligned
q:21:73:21	21:73	21:73	21	w-s021-a073-w015	21:73:15	m-w-s021-a073-w015-01	عَابِدِينَ	ع ب د	لـ	surface_root_sequence_fallback	morpheme_aligned
q:21:74:2	21:74	21:74	2	w-s021-a074-w001	21:74:1	m-w-s021-a074-w001-02	وَلُوطَاً	ل و ط		position_crosswalk	morpheme_aligned
q:21:74:3	21:74	21:74	3	w-s021-a074-w002	21:74:2	m-w-s021-a074-w002-01	آتَيْنَاهُ	أ ت ي		position_crosswalk	morpheme_aligned
q:21:74:4	21:74	21:74	4	w-s021-a074-w003	21:74:3	m-w-s021-a074-w003-01	حُكْمَاً	ح ك م		position_crosswalk	morpheme_aligned
q:21:74:6	21:74	21:74	6	w-s021-a074-w004	21:74:4	m-w-s021-a074-w004-02	وَعِلْمَاً	ع ل م		position_crosswalk	morpheme_aligned
q:21:74:8	21:74	21:74	8	w-s021-a074-w005	21:74:5	m-w-s021-a074-w005-02	وَنَجَّيْنَاهُ	ن ج و	مِن	position_crosswalk	morpheme_aligned
q:21:74:9	21:74	21:74	9	w-s021-a074-w006	21:74:6	m-w-s021-a074-w006-01			مِن	position_crosswalk	morpheme_aligned
q:21:74:10	21:74	21:74	10	w-s021-a074-w007	21:74:7	m-w-s021-a074-w007-02	الْقَرْيَةِ	ق ر ي	مِن	position_crosswalk	morpheme_aligned
q:21:74:11	21:74	21:74	11	w-s021-a074-w008	21:74:8	m-w-s021-a074-w008-01	الَّتِي	ل ل ت		position_crosswalk	morpheme_aligned
q:21:74:12	21:74	21:74	12	w-s021-a074-w009	21:74:9	m-w-s021-a074-w009-01	كَانَتْ	ك و ن		position_crosswalk	morpheme_aligned
q:21:74:13	21:74	21:74	13	w-s021-a074-w010	21:74:10	m-w-s021-a074-w010-01	تَعْمَلُ	ع م ل		position_crosswalk	morpheme_aligned
q:21:74:14	21:74	21:74	14	w-s021-a074-w011	21:74:11	m-w-s021-a074-w011-02	الْخَبَائِثَ	خ ب ث		position_crosswalk	morpheme_aligned
q:21:74:15	21:74	21:74	15	w-s021-a074-w012	21:74:12	m-w-s021-a074-w012-01	إِنَّهُمْ			position_crosswalk	morpheme_aligned
q:21:74:16	21:74	21:74	16	w-s021-a074-w013	21:74:13	m-w-s021-a074-w013-01	كَانُوا	ك و ن		position_crosswalk	morpheme_aligned
q:21:74:17	21:74	21:74	17	w-s021-a074-w014	21:74:14	m-w-s021-a074-w014-01	قَوْمَ	ق و م		position_crosswalk	morpheme_aligned
q:21:74:18	21:74	21:74	18	w-s021-a074-w015	21:74:15	m-w-s021-a074-w015-01	سَوْءٍ	س و أ		position_crosswalk	morpheme_aligned
q:21:74:19	21:74	21:74	19	w-s021-a074-w016	21:74:16	m-w-s021-a074-w016-01	فَاسِقِينَ	ف س ق		position_crosswalk	morpheme_aligned
q:21:75:2	21:75	21:75	2	w-s021-a075-w001	21:75:1	m-w-s021-a075-w001-02	وَأَدْخَلْنَاهُ	د خ ل	فِي	position_crosswalk	morpheme_aligned
q:21:75:3	21:75	21:75	3	w-s021-a075-w002	21:75:2	m-w-s021-a075-w002-01			فِي	position_crosswalk	morpheme_aligned
q:21:75:4	21:75	21:75	4	w-s021-a075-w003	21:75:3	m-w-s021-a075-w003-01	رَحْمَتِنَا	ر ح م	فِي	position_crosswalk	morpheme_aligned
q:21:75:5	21:75	21:75	5	w-s021-a075-w004	21:75:4	m-w-s021-a075-w004-01	إِنَّهُ		مِن	position_crosswalk	morpheme_aligned
q:21:75:6	21:75	21:75	6	w-s021-a075-w005	21:75:5	m-w-s021-a075-w005-01			مِن	position_crosswalk	morpheme_aligned
q:21:75:7	21:75	21:75	7	w-s021-a075-w006	21:75:6	m-w-s021-a075-w006-02	الصَّالِحِينَ	ص ل ح	مِن	position_crosswalk	morpheme_aligned
q:21:76:3	21:76	21:76	3	w-s021-a076-w002	21:76:2	m-w-s021-a076-w002-01	إِذْ	أ ذ ي		position_crosswalk	morpheme_aligned
q:21:76:4	21:76	21:76	4	w-s021-a076-w003	21:76:3	m-w-s021-a076-w003-01	نَادَى	ن د ي	مِن	position_crosswalk	morpheme_aligned
q:21:76:5	21:76	21:76	5	w-s021-a076-w004	21:76:4	m-w-s021-a076-w004-01			مِن	position_crosswalk	morpheme_aligned
q:21:76:6	21:76	21:76	6	w-s021-a076-w005	21:76:5	m-w-s021-a076-w005-01	قَبْلُ	ق ب ل	مِن	position_crosswalk	morpheme_aligned
q:21:76:8	21:76	21:76	8	w-s021-a076-w006	21:76:6	m-w-s021-a076-w006-02	فَاسْتَجَبْنَا	ج و ب	لـ	position_crosswalk	morpheme_aligned
q:21:76:9	21:76	21:76	9	w-s021-a076-w007	21:76:7	m-w-s021-a076-w007-02;m-w-s021-a076-w007-01			لـ	position_crosswalk	morpheme_aligned
q:21:76:11	21:76	21:76	11	w-s021-a076-w008	21:76:8	m-w-s021-a076-w008-02	فَنَجَّيْنَاهُ	ن ج و	مِن	position_crosswalk	morpheme_aligned
q:21:76:13	21:76	21:76	13	w-s021-a076-w009	21:76:9	m-w-s021-a076-w009-02	وَأَهْلَهُ	أ ه ل		position_crosswalk	morpheme_aligned
q:21:76:14	21:76	21:76	14	w-s021-a076-w010	21:76:10	m-w-s021-a076-w010-01			مِن	surface_root_sequence_fallback	morpheme_aligned
q:21:76:15	21:76	21:76	15	w-s021-a076-w011	21:76:11	m-w-s021-a076-w011-02	الْكَرْبِ	ك ر ب	مِن	surface_root_sequence_fallback	morpheme_aligned
q:21:76:16	21:76	21:76	16	w-s021-a076-w012	21:76:12	m-w-s021-a076-w012-02	الْعَظِيمِ	ع ظ م		surface_root_sequence_fallback	morpheme_aligned
q:21:77:2	21:77	21:77	2	w-s021-a077-w001	21:77:1	m-w-s021-a077-w001-02	وَنَصَرْنَاهُ	ن ص ر	مِن	position_crosswalk	morpheme_aligned
q:21:77:3	21:77	21:77	3	w-s021-a077-w002	21:77:2	m-w-s021-a077-w002-01			مِن	position_crosswalk	morpheme_aligned
q:21:77:4	21:77	21:77	4	w-s021-a077-w003	21:77:3	m-w-s021-a077-w003-02	الْقَوْمِ	ق و م	مِن	position_crosswalk	morpheme_aligned
q:21:77:5	21:77	21:77	5	w-s021-a077-w004	21:77:4	m-w-s021-a077-w004-01	الَّذِينَ	ل ل ذ		position_crosswalk	morpheme_aligned
q:21:77:6	21:77	21:77	6	w-s021-a077-w005	21:77:5	m-w-s021-a077-w005-01	كَذَّبُوا	ك ذ ب	بـ	position_crosswalk	morpheme_aligned
q:21:77:7	21:77	21:77	7	w-s021-a077-w005	21:77:5	m-w-s021-a077-w005-01			بـ	surface_root_sequence_fallback	morpheme_aligned
q:21:77:8	21:77	21:77	8	w-s021-a077-w006	21:77:6	m-w-s021-a077-w006-02	بِآيَاتِنَا	أ ي ي	بـ	position_crosswalk	morpheme_aligned
q:21:77:9	21:77	21:77	9	w-s021-a077-w007	21:77:7	m-w-s021-a077-w007-01	إِنَّهُمْ			position_crosswalk	morpheme_aligned
q:21:77:10	21:77	21:77	10	w-s021-a077-w008	21:77:8	m-w-s021-a077-w008-01	كَانُوا	ك و ن		position_crosswalk	morpheme_aligned
q:21:77:11	21:77	21:77	11	w-s021-a077-w009	21:77:9	m-w-s021-a077-w009-01	قَوْمَ	ق و م		position_crosswalk	morpheme_aligned
q:21:77:12	21:77	21:77	12	w-s021-a077-w010	21:77:10	m-w-s021-a077-w010-01	سَوْءٍ	س و أ		position_crosswalk	morpheme_aligned
q:21:77:14	21:77	21:77	14	w-s021-a077-w011	21:77:11	m-w-s021-a077-w011-02	فَأَغْرَقْنَاهُمْ	غ ر ق		position_crosswalk	morpheme_aligned
q:21:77:15	21:77	21:77	15	w-s021-a077-w012	21:77:12	m-w-s021-a077-w012-01	أَجْمَعِينَ	ج م ع		position_crosswalk	morpheme_aligned
q:21:78:2	21:78	21:78	2	w-s021-a078-w001	21:78:1	m-w-s021-a078-w001-02	وَدَاوُودَ	د و د		position_crosswalk	morpheme_aligned
q:21:78:4	21:78	21:78	4	w-s021-a078-w002	21:78:2	m-w-s021-a078-w002-02	وَسُلَيْمَانَ	س ل م		position_crosswalk	morpheme_aligned
q:21:78:5	21:78	21:78	5	w-s021-a078-w003	21:78:3	m-w-s021-a078-w003-01	إِذْ	أ ذ ي		position_crosswalk	morpheme_aligned
q:21:78:6	21:78	21:78	6	w-s021-a078-w004	21:78:4	m-w-s021-a078-w004-01	يَحْكُمَانِ	ح ك م	فِي	position_crosswalk	morpheme_aligned
q:21:78:7	21:78	21:78	7	w-s021-a078-w005	21:78:5	m-w-s021-a078-w005-01			فِي	position_crosswalk	morpheme_aligned
q:21:78:8	21:78	21:78	8	w-s021-a078-w006	21:78:6	m-w-s021-a078-w006-02	الْحَرْثِ	ح ر ث	فِي	position_crosswalk	morpheme_aligned
q:21:78:9	21:78	21:78	9	w-s021-a078-w007	21:78:7	m-w-s021-a078-w007-01	إِذْ	أ ذ ي		position_crosswalk	morpheme_aligned
q:21:78:10	21:78	21:78	10	w-s021-a078-w008	21:78:8	m-w-s021-a078-w008-01	نَفَشَتْ	ن ف ش	فِي	position_crosswalk	morpheme_aligned
q:21:78:11	21:78	21:78	11	w-s021-a078-w009	21:78:9	m-w-s021-a078-w009-02;m-w-s021-a078-w009-01			فِي	position_crosswalk	morpheme_aligned
q:21:78:12	21:78	21:78	12	w-s021-a078-w010	21:78:10	m-w-s021-a078-w010-01	غَنَمُ	غ ن م		position_crosswalk	morpheme_aligned
q:21:78:13	21:78	21:78	13	w-s021-a078-w011	21:78:11	m-w-s021-a078-w011-02	الْقَوْمِ	ق و م		position_crosswalk	morpheme_aligned
q:21:78:15	21:78	21:78	15	w-s021-a078-w012	21:78:12	m-w-s021-a078-w012-02	وَكُنَّا	ك و ن		position_crosswalk	morpheme_aligned
q:21:78:16	21:78	21:78	16	w-s021-a078-w013	21:78:13	m-w-s021-a078-w013-01			لـ	position_crosswalk	morpheme_aligned
q:21:78:17	21:78	21:78	17	w-s021-a078-w013	21:78:13	m-w-s021-a078-w013-02	لِحُكْمِهِمْ	ح ك م	لـ	position_crosswalk	morpheme_aligned
q:21:78:18	21:78	21:78	18	w-s021-a078-w014	21:78:14	m-w-s021-a078-w014-01	شَاهِدِينَ	ش ه د	لـ	position_crosswalk	morpheme_aligned
q:21:79:2	21:79	21:79	2	w-s021-a079-w001	21:79:1	m-w-s021-a079-w001-02	فَفَهَّمْنَاهَا	ف ه م		position_crosswalk	morpheme_aligned
q:21:79:3	21:79	21:79	3	w-s021-a079-w002	21:79:2	m-w-s021-a079-w002-01	سُلَيْمَانَ	س ل م		position_crosswalk	morpheme_aligned
q:21:79:5	21:79	21:79	5	w-s021-a079-w003	21:79:3	m-w-s021-a079-w003-02	وَكُلَّاً	ك ل ل		position_crosswalk	morpheme_aligned
q:21:79:6	21:79	21:79	6	w-s021-a079-w004	21:79:4	m-w-s021-a079-w004-01	آتَيْنَا	أ ت ي		position_crosswalk	morpheme_aligned
q:21:79:7	21:79	21:79	7	w-s021-a079-w005	21:79:5	m-w-s021-a079-w005-01	حُكْمَاً	ح ك م		position_crosswalk	morpheme_aligned
q:21:79:9	21:79	21:79	9	w-s021-a079-w006	21:79:6	m-w-s021-a079-w006-02	وَعِلْمَاً	ع ل م		position_crosswalk	morpheme_aligned
q:21:79:11	21:79	21:79	11	w-s021-a079-w007	21:79:7	m-w-s021-a079-w007-02	وَسَخَّرْنَا	س خ ر		position_crosswalk	morpheme_aligned
q:21:79:12	21:79	21:79	12	w-s021-a079-w008	21:79:8	m-w-s021-a079-w008-01	مَعَ	م ع ع		position_crosswalk	morpheme_aligned
q:21:79:13	21:79	21:79	13	w-s021-a079-w009	21:79:9	m-w-s021-a079-w009-01	دَاوُودَ	د و د		position_crosswalk	morpheme_aligned
q:21:79:14	21:79	21:79	14	w-s021-a079-w010	21:79:10	m-w-s021-a079-w010-02	الْجِبَالَ	ج ب ل		position_crosswalk	morpheme_aligned
q:21:79:15	21:79	21:79	15	w-s021-a079-w011	21:79:11	m-w-s021-a079-w011-01	يُسَبِّحْنَ	س ب ح		position_crosswalk	morpheme_aligned
q:21:79:17	21:79	21:79	17	w-s021-a079-w012	21:79:12	m-w-s021-a079-w012-03	وَالطَّيْرَ	ط ي ر		position_crosswalk	morpheme_aligned
q:21:79:19	21:79	21:79	19	w-s021-a079-w013	21:79:13	m-w-s021-a079-w013-02	وَكُنَّا	ك و ن		position_crosswalk	morpheme_aligned
q:21:79:20	21:79	21:79	20	w-s021-a079-w014	21:79:14	m-w-s021-a079-w014-01	فَاعِلِينَ	ف ع ل		position_crosswalk	morpheme_aligned
q:21:80:2	21:80	21:80	2	w-s021-a080-w001	21:80:1	m-w-s021-a080-w001-02	وَعَلَّمْنَاهُ	ع ل م	لـ	position_crosswalk	morpheme_aligned
q:21:80:3	21:80	21:80	3	w-s021-a080-w002	21:80:2	m-w-s021-a080-w002-01	صَنْعَةَ	ص ن ع		position_crosswalk	morpheme_aligned
q:21:80:4	21:80	21:80	4	w-s021-a080-w003	21:80:3	m-w-s021-a080-w003-01	لَبُوسٍ	ل ب س		position_crosswalk	morpheme_aligned
q:21:80:5	21:80	21:80	5	w-s021-a080-w003	21:80:3	m-w-s021-a080-w003-01			لـ	surface_root_sequence_fallback	morpheme_aligned
q:21:80:7	21:80	21:80	7	w-s021-a080-w005	21:80:5	m-w-s021-a080-w005-02;m-w-s021-a080-w005-03	لِتُحْصِنَكُمْ	ح ص ن	مِن	position_crosswalk	morpheme_aligned
q:21:80:8	21:80	21:80	8	w-s021-a080-w006	21:80:6	m-w-s021-a080-w006-01			مِن	surface_root_sequence_fallback	morpheme_aligned
q:21:80:9	21:80	21:80	9	w-s021-a080-w007	21:80:7	m-w-s021-a080-w007-01	بَأْسِكُمْ	ب أ س	مِن	surface_root_sequence_fallback	morpheme_aligned
q:21:80:11	21:80	21:80	11	w-s021-a080-w008	21:80:8	m-w-s021-a080-w008-02	فَهَلْ			position_crosswalk	morpheme_aligned
q:21:80:12	21:80	21:80	12	w-s021-a080-w009	21:80:9	m-w-s021-a080-w009-01	أَنْتُمْ			surface_root_sequence_fallback	morpheme_aligned
q:21:80:13	21:80	21:80	13	w-s021-a080-w010	21:80:10	m-w-s021-a080-w010-01	شَاكِرُونَ	ش ك ر		surface_root_sequence_fallback	morpheme_aligned
q:21:81:4	21:81	21:81	4	w-s021-a081-w002	21:81:2	m-w-s021-a081-w002-02	الرِّيحَ	ر و ح		position_crosswalk	morpheme_aligned
q:21:81:5	21:81	21:81	5	w-s021-a081-w003	21:81:3	m-w-s021-a081-w003-01	عَاصِفَةً	ع ص ف		position_crosswalk	morpheme_aligned
q:21:81:6	21:81	21:81	6	w-s021-a081-w004	21:81:4	m-w-s021-a081-w004-01	تَجْرِي	ج ر ي	بـ;إِلَى	position_crosswalk	morpheme_aligned
q:21:81:7	21:81	21:81	7	w-s021-a081-w005	21:81:5	m-w-s021-a081-w005-01			بـ	position_crosswalk	morpheme_aligned
q:21:81:8	21:81	21:81	8	w-s021-a081-w005	21:81:5	m-w-s021-a081-w005-02	بِأَمْرِهِ	أ م ر	بـ	position_crosswalk	morpheme_aligned
q:21:81:9	21:81	21:81	9	w-s021-a081-w006	21:81:6	m-w-s021-a081-w006-01			إِلَى	position_crosswalk	morpheme_aligned
q:21:81:10	21:81	21:81	10	w-s021-a081-w007	21:81:7	m-w-s021-a081-w007-02	الْأَرْضِ	أ ر ض	إِلَى	position_crosswalk	morpheme_aligned
q:21:81:11	21:81	21:81	11	w-s021-a081-w008	21:81:8	m-w-s021-a081-w008-01	الَّتِي	ل ل ت		position_crosswalk	morpheme_aligned
q:21:81:12	21:81	21:81	12	w-s021-a081-w009	21:81:9	m-w-s021-a081-w009-01	بَارَكْنَا	ب ر ك	فِي	position_crosswalk	morpheme_aligned
q:21:81:13	21:81	21:81	13	w-s021-a081-w010	21:81:10	m-w-s021-a081-w010-02;m-w-s021-a081-w010-01			فِي	position_crosswalk	morpheme_aligned
q:21:81:15	21:81	21:81	15	w-s021-a081-w011	21:81:11	m-w-s021-a081-w011-02	وَكُنَّا	ك و ن		position_crosswalk	morpheme_aligned
q:21:81:16	21:81	21:81	16	w-s021-a081-w012	21:81:12	m-w-s021-a081-w012-01			بـ	position_crosswalk	morpheme_aligned
q:21:81:17	21:81	21:81	17	w-s021-a081-w012	21:81:12	m-w-s021-a081-w012-02	بِكُلِّ	ك ل ل	بـ	position_crosswalk	morpheme_aligned
q:21:81:18	21:81	21:81	18	w-s021-a081-w013	21:81:13	m-w-s021-a081-w013-01	شَيْءٍ	ش ي ء		position_crosswalk	morpheme_aligned
q:21:81:19	21:81	21:81	19	w-s021-a081-w014	21:81:14	m-w-s021-a081-w014-01	عَالِمِينَ	ع ل م	بـ	position_crosswalk	morpheme_aligned
q:21:82:2	21:82	21:82	2	w-s021-a082-w001	21:82:1	m-w-s021-a082-w001-02			مِن	position_crosswalk	morpheme_aligned
q:21:82:3	21:82	21:82	3	w-s021-a082-w002	21:82:2	m-w-s021-a082-w002-02	الشَّيَاطِينِ	ش ط ن	مِن	position_crosswalk	morpheme_aligned
q:21:82:4	21:82	21:82	4	w-s021-a082-w003	21:82:3	m-w-s021-a082-w003-01	مَنْ	م ن ن	مِن	position_crosswalk	morpheme_aligned
q:21:82:5	21:82	21:82	5	w-s021-a082-w004	21:82:4	m-w-s021-a082-w004-01	يَغُوصُونَ	غ و ص	لـ	position_crosswalk	morpheme_aligned
q:21:82:6	21:82	21:82	6	w-s021-a082-w005	21:82:5	m-w-s021-a082-w005-02;m-w-s021-a082-w005-01			لـ	position_crosswalk	morpheme_aligned
q:21:82:8	21:82	21:82	8	w-s021-a082-w006	21:82:6	m-w-s021-a082-w006-02	وَيَعْمَلُونَ	ع م ل		position_crosswalk	morpheme_aligned
q:21:82:9	21:82	21:82	9	w-s021-a082-w006	21:82:6	m-w-s021-a082-w006-02	عَمَلَاً	ع م ل		position_crosswalk	morpheme_aligned
q:21:82:10	21:82	21:82	10	w-s021-a082-w008	21:82:8	m-w-s021-a082-w008-01	دُونَ	د و ن		surface_root_sequence_fallback	morpheme_aligned
q:21:82:11	21:82	21:82	11	w-s021-a082-w009	21:82:9	m-w-s021-a082-w009-01	ذَلِكَ			surface_root_sequence_fallback	morpheme_aligned
q:21:82:13	21:82	21:82	13	w-s021-a082-w010	21:82:10	m-w-s021-a082-w010-02	وَكُنَّا	ك و ن		position_crosswalk	morpheme_aligned
q:21:82:14	21:82	21:82	14	w-s021-a082-w011	21:82:11	m-w-s021-a082-w011-01			لـ	surface_root_sequence_fallback	morpheme_aligned
q:21:82:15	21:82	21:82	15	w-s021-a082-w011	21:82:11	m-w-s021-a082-w011-02	لَهُمْ		لـ	position_crosswalk	morpheme_aligned
q:21:82:16	21:82	21:82	16	w-s021-a082-w012	21:82:12	m-w-s021-a082-w012-01	حَافِظِينَ	ح ف ظ	لـ	surface_root_sequence_fallback	morpheme_aligned
q:21:83:4	21:83	21:83	4	w-s021-a083-w003	21:83:3	m-w-s021-a083-w003-01	نَادَى	ن د ي		position_crosswalk	morpheme_aligned
q:21:83:5	21:83	21:83	5	w-s021-a083-w004	21:83:4	m-w-s021-a083-w004-01	رَبَّهُ	ر ب ب		position_crosswalk	morpheme_aligned
q:21:83:6	21:83	21:83	6	w-s021-a083-w005	21:83:5	m-w-s021-a083-w005-01;m-w-s021-a083-w005-02	أَنِّي			position_crosswalk	morpheme_aligned
q:21:83:7	21:83	21:83	7	w-s021-a083-w006	21:83:6	m-w-s021-a083-w006-01;m-w-s021-a083-w006-02	مَسَّنِيَ	م س س		position_crosswalk	morpheme_aligned
q:21:83:8	21:83	21:83	8	w-s021-a083-w007	21:83:7	m-w-s021-a083-w007-02	الضُّرُّ	ض ر ر		position_crosswalk	morpheme_aligned
q:21:83:10	21:83	21:83	10	w-s021-a083-w008	21:83:8	m-w-s021-a083-w008-02	وَأَنْتَ			position_crosswalk	morpheme_aligned
q:21:83:11	21:83	21:83	11	w-s021-a083-w009	21:83:9	m-w-s021-a083-w009-01	أَرْحَمُ	ر ح م		position_crosswalk	morpheme_aligned
q:21:83:12	21:83	21:83	12	w-s021-a083-w009	21:83:9	m-w-s021-a083-w009-01	الرَّاحِمِينَ	ر ح م		surface_root_sequence_fallback	morpheme_aligned
q:21:84:2	21:84	21:84	2	w-s021-a084-w001	21:84:1	m-w-s021-a084-w001-02	فَاسْتَجَبْنَا	ج و ب	لـ	position_crosswalk	morpheme_aligned
q:21:84:3	21:84	21:84	3	w-s021-a084-w002	21:84:2	m-w-s021-a084-w002-02;m-w-s021-a084-w002-01			لـ	position_crosswalk	morpheme_aligned
q:21:84:5	21:84	21:84	5	w-s021-a084-w003	21:84:3	m-w-s021-a084-w003-02	فَكَشَفْنَا	ك ش ف		position_crosswalk	morpheme_aligned
q:21:84:6	21:84	21:84	6	w-s021-a084-w004	21:84:4	m-w-s021-a084-w004-01	مَا		بـ	surface_root_sequence_fallback	morpheme_aligned
q:21:84:7	21:84	21:84	7	w-s021-a084-w005	21:84:5	m-w-s021-a084-w005-01;m-w-s021-a084-w005-02	بِهِ		بـ;مِن	surface_root_sequence_fallback	morpheme_aligned
q:21:84:8	21:84	21:84	8	w-s021-a084-w006	21:84:6	m-w-s021-a084-w006-01			مِن	surface_root_sequence_fallback	morpheme_aligned
q:21:84:9	21:84	21:84	9	w-s021-a084-w007	21:84:7	m-w-s021-a084-w007-01	ضُرٍّ	ض ر ر	مِن	surface_root_sequence_fallback	morpheme_aligned
q:21:84:11	21:84	21:84	11	w-s021-a084-w008	21:84:8	m-w-s021-a084-w008-02	وَآتَيْنَاهُ	أ ت ي		surface_root_sequence_fallback	morpheme_aligned
q:21:84:12	21:84	21:84	12	w-s021-a084-w009	21:84:9	m-w-s021-a084-w009-01	أَهْلَهُ	أ ه ل		surface_root_sequence_fallback	morpheme_aligned
q:21:84:14	21:84	21:84	14	w-s021-a084-w010	21:84:10	m-w-s021-a084-w010-02	وَمِثْلَهُمْ	م ث ل		surface_root_sequence_fallback	morpheme_aligned
q:21:84:15	21:84	21:84	15	w-s021-a084-w011	21:84:11	m-w-s021-a084-w011-01	مَعَهُمْ	م ع ع		surface_root_sequence_fallback	morpheme_aligned
q:21:84:16	21:84	21:84	16	w-s021-a084-w012	21:84:12	m-w-s021-a084-w012-01	رَحْمَةً	ر ح م	مِن	surface_root_sequence_fallback	morpheme_aligned
q:21:84:17	21:84	21:84	17	w-s021-a084-w013	21:84:13	m-w-s021-a084-w013-01			مِن	surface_root_sequence_fallback	morpheme_aligned
q:21:84:18	21:84	21:84	18	w-s021-a084-w014	21:84:14	m-w-s021-a084-w014-01	عِنْدِنَا	ع ن د	مِن	surface_root_sequence_fallback	morpheme_aligned
q:21:84:20	21:84	21:84	20	w-s021-a084-w015	21:84:15	m-w-s021-a084-w015-02	وَذِكْرَى	ذ ك ر	لـ	surface_root_sequence_fallback	morpheme_aligned
q:21:84:21	21:84	21:84	21	w-s021-a084-w016	21:84:16	m-w-s021-a084-w016-01			لـ	surface_root_sequence_fallback	morpheme_aligned
q:21:84:22	21:84	21:84	22	w-s021-a084-w016	21:84:16	m-w-s021-a084-w016-03	لِلْعَابِدِينَ	ع ب د	لـ	surface_root_sequence_fallback	morpheme_aligned
q:21:85:2	21:85	21:85	2	w-s021-a085-w001	21:85:1	m-w-s021-a085-w001-02	وَإِسْمَاعِيلَ	س م ع ل		position_crosswalk	morpheme_aligned
q:21:85:4	21:85	21:85	4	w-s021-a085-w002	21:85:2	m-w-s021-a085-w002-02	وَإِدْرِيسَ	د ر س		position_crosswalk	morpheme_aligned
q:21:85:6	21:85	21:85	6	w-s021-a085-w003	21:85:3	m-w-s021-a085-w003-02	وَذَا	ذ و و		position_crosswalk	morpheme_aligned
q:21:85:7	21:85	21:85	7	w-s021-a085-w004	21:85:4	m-w-s021-a085-w004-02	الْكِفْلِ	ك ف ل		position_crosswalk	morpheme_aligned
q:21:85:8	21:85	21:85	8	w-s021-a085-w005	21:85:5	m-w-s021-a085-w005-01	كُلٌّ	ك ل ل	مِن	position_crosswalk	morpheme_aligned
q:21:85:9	21:85	21:85	9	w-s021-a085-w006	21:85:6	m-w-s021-a085-w006-01	مِنَ	م ن ن	مِن	position_crosswalk	morpheme_aligned
q:21:85:10	21:85	21:85	10	w-s021-a085-w007	21:85:7	m-w-s021-a085-w007-02	الصَّابِرِينَ	ص ب ر	مِن	position_crosswalk	morpheme_aligned
q:21:86:2	21:86	21:86	2	w-s021-a086-w001	21:86:1	m-w-s021-a086-w001-02	وَأَدْخَلْنَاهُمْ	د خ ل	فِي	position_crosswalk	morpheme_aligned
q:21:86:3	21:86	21:86	3	w-s021-a086-w002	21:86:2	m-w-s021-a086-w002-01			فِي	position_crosswalk	morpheme_aligned
q:21:86:4	21:86	21:86	4	w-s021-a086-w003	21:86:3	m-w-s021-a086-w003-01	رَحْمَتِنَا	ر ح م	فِي	position_crosswalk	morpheme_aligned
q:21:86:5	21:86	21:86	5	w-s021-a086-w004	21:86:4	m-w-s021-a086-w004-01;m-w-s021-a086-w004-02	إِنَّهُمْ		مِن	position_crosswalk	morpheme_aligned
q:21:86:6	21:86	21:86	6	w-s021-a086-w005	21:86:5	m-w-s021-a086-w005-01	مِنَ	م ن ن	مِن	position_crosswalk	morpheme_aligned
q:21:86:7	21:86	21:86	7	w-s021-a086-w006	21:86:6	m-w-s021-a086-w006-02	الصَّالِحِينَ	ص ل ح	مِن	position_crosswalk	morpheme_aligned
q:21:87:2	21:87	21:87	2	w-s021-a087-w001	21:87:1	m-w-s021-a087-w001-02	وَذَا	ذ و و		position_crosswalk	morpheme_aligned
q:21:87:3	21:87	21:87	3	w-s021-a087-w002	21:87:2	m-w-s021-a087-w002-02	النُّونِ	ن و ن		position_crosswalk	morpheme_aligned
q:21:87:4	21:87	21:87	4	w-s021-a087-w003	21:87:3	m-w-s021-a087-w003-01	إِذْ	أ ذ ي		position_crosswalk	morpheme_aligned
q:21:87:5	21:87	21:87	5	w-s021-a087-w004	21:87:4	m-w-s021-a087-w004-01	ذَهَبَ	ذ ه ب		position_crosswalk	morpheme_aligned
q:21:87:6	21:87	21:87	6	w-s021-a087-w005	21:87:5	m-w-s021-a087-w005-01	مُغَاضِبَاً	غ ض ب		position_crosswalk	morpheme_aligned
q:21:87:8	21:87	21:87	8	w-s021-a087-w006	21:87:6	m-w-s021-a087-w006-02	فَظَنَّ	ظ ن ن		position_crosswalk	morpheme_aligned
q:21:87:9	21:87	21:87	9	w-s021-a087-w007	21:87:7	m-w-s021-a087-w007-01	أَنْ			position_crosswalk	morpheme_aligned
q:21:87:10	21:87	21:87	10	w-s021-a087-w008	21:87:8	m-w-s021-a087-w008-01	لَنْ	ل ي ن		position_crosswalk	morpheme_aligned
q:21:87:11	21:87	21:87	11	w-s021-a087-w009	21:87:9	m-w-s021-a087-w009-01	نَقْدِرَ	ق د ر	عَلَى	position_crosswalk	morpheme_aligned
q:21:87:12	21:87	21:87	12	w-s021-a087-w010	21:87:10	m-w-s021-a087-w010-02;m-w-s021-a087-w010-01			عَلَى	position_crosswalk	morpheme_aligned
q:21:87:14	21:87	21:87	14	w-s021-a087-w011	21:87:11	m-w-s021-a087-w011-02	فَنَادَى	ن د ي	فِي	position_crosswalk	morpheme_aligned
q:21:87:15	21:87	21:87	15	w-s021-a087-w012	21:87:12	m-w-s021-a087-w012-01			فِي	position_crosswalk	morpheme_aligned
q:21:87:16	21:87	21:87	16	w-s021-a087-w013	21:87:13	m-w-s021-a087-w013-02	الظُّلُمَاتِ	ظ ل م	فِي	position_crosswalk	morpheme_aligned
q:21:87:17	21:87	21:87	17	w-s021-a087-w014	21:87:14	m-w-s021-a087-w014-01	أَنْ			position_crosswalk	morpheme_aligned
q:21:87:18	21:87	21:87	18	w-s021-a087-w015	21:87:15	m-w-s021-a087-w015-01	لَا			position_crosswalk	morpheme_aligned
q:21:87:19	21:87	21:87	19	w-s021-a087-w016	21:87:16	m-w-s021-a087-w016-01	إِلَهَ	أ ل ه		position_crosswalk	morpheme_aligned
q:21:87:21	21:87	21:87	21	w-s021-a087-w018	21:87:18	m-w-s021-a087-w018-01	أَنْتَ			position_crosswalk	morpheme_aligned
q:21:87:23	21:87	21:87	23	w-s021-a087-w020	21:87:20	m-w-s021-a087-w020-01;m-w-s021-a087-w020-02	إِنِّي			position_crosswalk	morpheme_aligned
q:21:87:24	21:87	21:87	24	w-s021-a087-w021	21:87:21	m-w-s021-a087-w021-01	كُنْتُ	ك و ن	مِن	position_crosswalk	morpheme_aligned
q:21:87:25	21:87	21:87	25	w-s021-a087-w022	21:87:22	m-w-s021-a087-w022-01	مِنَ	م ن ن	مِن	position_crosswalk	morpheme_aligned
q:21:87:26	21:87	21:87	26	w-s021-a087-w023	21:87:23	m-w-s021-a087-w023-02	الظَّالِمِينَ	ظ ل م	مِن	position_crosswalk	morpheme_aligned
q:21:88:2	21:88	21:88	2	w-s021-a088-w001	21:88:1	m-w-s021-a088-w001-02	فَاسْتَجَبْنَا	ج و ب	لـ	position_crosswalk	morpheme_aligned
q:21:88:3	21:88	21:88	3	w-s021-a088-w002	21:88:2	m-w-s021-a088-w002-02;m-w-s021-a088-w002-01			لـ	position_crosswalk	morpheme_aligned
q:21:88:5	21:88	21:88	5	w-s021-a088-w003	21:88:3	m-w-s021-a088-w003-02	وَنَجَّيْنَاهُ	ن ج و	مِن	position_crosswalk	morpheme_aligned
q:21:88:6	21:88	21:88	6	w-s021-a088-w004	21:88:4	m-w-s021-a088-w004-01			مِن	surface_root_sequence_fallback	morpheme_aligned
q:21:88:7	21:88	21:88	7	w-s021-a088-w005	21:88:5	m-w-s021-a088-w005-02	الْغَمِّ	غ م م	مِن	surface_root_sequence_fallback	morpheme_aligned
q:21:88:9	21:88	21:88	9	w-s021-a088-w006	21:88:6	m-w-s021-a088-w006-02			كـ	position_crosswalk	morpheme_aligned
q:21:88:10	21:88	21:88	10	w-s021-a088-w006	21:88:6	m-w-s021-a088-w006-03	وَكَذَلِكَ		كـ	position_crosswalk	morpheme_aligned
q:21:88:11	21:88	21:88	11	w-s021-a088-w007	21:88:7	m-w-s021-a088-w007-01	نُنْجِي	ن ج و	كـ	surface_root_sequence_fallback	morpheme_aligned
q:21:88:12	21:88	21:88	12	w-s021-a088-w008	21:88:8	m-w-s021-a088-w008-02	الْمُؤْمِنِينَ	أ م ن		surface_root_sequence_fallback	morpheme_aligned
q:21:89:4	21:89	21:89	4	w-s021-a089-w003	21:89:3	m-w-s021-a089-w003-01	نَادَى	ن د ي		position_crosswalk	morpheme_aligned
q:21:89:5	21:89	21:89	5	w-s021-a089-w004	21:89:4	m-w-s021-a089-w004-01	رَبَّهُ	ر ب ب		position_crosswalk	morpheme_aligned
q:21:89:6	21:89	21:89	6	w-s021-a089-w004	21:89:4	m-w-s021-a089-w004-01	رَبِّ	ر ب ب		surface_root_sequence_fallback	morpheme_aligned
q:21:89:7	21:89	21:89	7	w-s021-a089-w006	21:89:6	m-w-s021-a089-w006-01	لَا			position_crosswalk	morpheme_aligned
q:21:89:8	21:89	21:89	8	w-s021-a089-w007	21:89:7	m-w-s021-a089-w007-01;m-w-s021-a089-w007-02	تَذَرْنِي	و ذ ر		position_crosswalk	morpheme_aligned
q:21:89:9	21:89	21:89	9	w-s021-a089-w008	21:89:8	m-w-s021-a089-w008-01	فَرْدَاً	ف ر د		position_crosswalk	morpheme_aligned
q:21:89:11	21:89	21:89	11	w-s021-a089-w009	21:89:9	m-w-s021-a089-w009-02	وَأَنْتَ			position_crosswalk	morpheme_aligned
q:21:89:12	21:89	21:89	12	w-s021-a089-w010	21:89:10	m-w-s021-a089-w010-01	خَيْرُ	خ ي ر		position_crosswalk	morpheme_aligned
q:21:89:13	21:89	21:89	13	w-s021-a089-w011	21:89:11	m-w-s021-a089-w011-02	الْوَارِثِينَ	و ر ث		position_crosswalk	morpheme_aligned
q:21:90:2	21:90	21:90	2	w-s021-a090-w001	21:90:1	m-w-s021-a090-w001-02	فَاسْتَجَبْنَا	ج و ب	لـ	position_crosswalk	morpheme_aligned
q:21:90:3	21:90	21:90	3	w-s021-a090-w002	21:90:2	m-w-s021-a090-w002-02;m-w-s021-a090-w002-01			لـ	position_crosswalk	morpheme_aligned
q:21:90:5	21:90	21:90	5	w-s021-a090-w003	21:90:3	m-w-s021-a090-w003-02	وَوَهَبْنَا	و ه ب	لـ	position_crosswalk	morpheme_aligned
q:21:90:6	21:90	21:90	6	w-s021-a090-w004	21:90:4	m-w-s021-a090-w004-02;m-w-s021-a090-w004-01			لـ	surface_root_sequence_fallback	morpheme_aligned
q:21:90:7	21:90	21:90	7	w-s021-a090-w005	21:90:5	m-w-s021-a090-w005-01	يَحْيَى	ح ي ي		surface_root_sequence_fallback	morpheme_aligned
q:21:90:9	21:90	21:90	9	w-s021-a090-w006	21:90:6	m-w-s021-a090-w006-02	وَأَصْلَحْنَا	ص ل ح	لـ	surface_root_sequence_fallback	morpheme_aligned
q:21:90:10	21:90	21:90	10	w-s021-a090-w007	21:90:7	m-w-s021-a090-w007-02;m-w-s021-a090-w007-01			لـ	surface_root_sequence_fallback	morpheme_aligned
q:21:90:11	21:90	21:90	11	w-s021-a090-w008	21:90:8	m-w-s021-a090-w008-01	زَوْجَهُ	ز و ج		surface_root_sequence_fallback	morpheme_aligned
q:21:90:12	21:90	21:90	12	w-s021-a090-w009	21:90:9	m-w-s021-a090-w009-01;m-w-s021-a090-w009-02	إِنَّهُمْ			surface_root_sequence_fallback	morpheme_aligned
q:21:90:13	21:90	21:90	13	w-s021-a090-w010	21:90:10	m-w-s021-a090-w010-01	كَانُوا	ك و ن		surface_root_sequence_fallback	morpheme_aligned
q:21:90:14	21:90	21:90	14	w-s021-a090-w011	21:90:11	m-w-s021-a090-w011-01	يُسَارِعُونَ	س ر ع	فِي	surface_root_sequence_fallback	morpheme_aligned
q:21:90:15	21:90	21:90	15	w-s021-a090-w012	21:90:12	m-w-s021-a090-w012-01			فِي	surface_root_sequence_fallback	morpheme_aligned
q:21:90:16	21:90	21:90	16	w-s021-a090-w013	21:90:13	m-w-s021-a090-w013-02	الْخَيْرَاتِ	خ ي ر	فِي	surface_root_sequence_fallback	morpheme_aligned
q:21:90:18	21:90	21:90	18	w-s021-a090-w014	21:90:14	m-w-s021-a090-w014-02	وَيَدْعُونَنَا	د ع ع		surface_root_sequence_fallback	morpheme_aligned
q:21:90:19	21:90	21:90	19	w-s021-a090-w015	21:90:15	m-w-s021-a090-w015-01	رَغَبَاً	ر غ ب		surface_root_sequence_fallback	morpheme_aligned
q:21:90:21	21:90	21:90	21	w-s021-a090-w016	21:90:16	m-w-s021-a090-w016-02	وَرَهَبَاً	ر ه ب		surface_root_sequence_fallback	morpheme_aligned
q:21:90:23	21:90	21:90	23	w-s021-a090-w017	21:90:17	m-w-s021-a090-w017-02	وَكَانُوا	ك و ن		surface_root_sequence_fallback	morpheme_aligned
q:21:90:24	21:90	21:90	24	w-s021-a090-w018	21:90:18	m-w-s021-a090-w018-02;m-w-s021-a090-w018-01			لـ	surface_root_sequence_fallback	morpheme_aligned
q:21:90:25	21:90	21:90	25	w-s021-a090-w019	21:90:19	m-w-s021-a090-w019-01	خَاشِعِينَ	خ ش ع	لـ	surface_root_sequence_fallback	morpheme_aligned
q:21:91:2	21:91	21:91	2	w-s021-a091-w001	21:91:1	m-w-s021-a091-w001-02	وَالَّتِي	ل ل ت		position_crosswalk	morpheme_aligned
q:21:91:3	21:91	21:91	3	w-s021-a091-w002	21:91:2	m-w-s021-a091-w002-01	أَحْصَنَتْ	ح ص ن		position_crosswalk	morpheme_aligned
q:21:91:4	21:91	21:91	4	w-s021-a091-w003	21:91:3	m-w-s021-a091-w003-01	فَرْجَهَا	ف ر ج		position_crosswalk	morpheme_aligned
q:21:91:6	21:91	21:91	6	w-s021-a091-w004	21:91:4	m-w-s021-a091-w004-02	فَنَفَخْنَا	ن ف خ	فِي;مِن	position_crosswalk	morpheme_aligned
q:21:91:7	21:91	21:91	7	w-s021-a091-w005	21:91:5	m-w-s021-a091-w005-02;m-w-s021-a091-w005-01			فِي	position_crosswalk	morpheme_aligned
q:21:91:8	21:91	21:91	8	w-s021-a091-w006	21:91:6	m-w-s021-a091-w006-01			مِن	position_crosswalk	morpheme_aligned
q:21:91:9	21:91	21:91	9	w-s021-a091-w007	21:91:7	m-w-s021-a091-w007-01	رُوحِنَا	ر و ح	مِن	position_crosswalk	morpheme_aligned
q:21:91:11	21:91	21:91	11	w-s021-a091-w008	21:91:8	m-w-s021-a091-w008-02	وَجَعَلْنَاهَا	ج ع ل		position_crosswalk	morpheme_aligned
q:21:91:13	21:91	21:91	13	w-s021-a091-w009	21:91:9	m-w-s021-a091-w009-02	وَابْنَهَا	ب ن ي		position_crosswalk	morpheme_aligned
q:21:91:14	21:91	21:91	14	w-s021-a091-w010	21:91:10	m-w-s021-a091-w010-01	آيَةً	أ ي ي	لـ	position_crosswalk	morpheme_aligned
q:21:91:15	21:91	21:91	15	w-s021-a091-w011	21:91:11	m-w-s021-a091-w011-01			لـ	position_crosswalk	morpheme_aligned
q:21:91:16	21:91	21:91	16	w-s021-a091-w011	21:91:11	m-w-s021-a091-w011-03	لِلْعَالَمِينَ	ع ل م	لـ	position_crosswalk	morpheme_aligned
q:21:92:1	21:92	21:92	1	w-s021-a092-w001	21:92:1	m-w-s021-a092-w001-01	إِنَّ			position_crosswalk	morpheme_aligned
q:21:92:2	21:92	21:92	2	w-s021-a092-w002	21:92:2	m-w-s021-a092-w002-01	هَذِهِ			position_crosswalk	morpheme_aligned
q:21:92:3	21:92	21:92	3	w-s021-a092-w003	21:92:3	m-w-s021-a092-w003-01	أُمَّتُكُمْ	أ م م		position_crosswalk	morpheme_aligned
q:21:92:4	21:92	21:92	4	w-s021-a092-w003	21:92:3	m-w-s021-a092-w003-01	أُمَّةً	أ م م		surface_root_sequence_fallback	morpheme_aligned
q:21:92:5	21:92	21:92	5	w-s021-a092-w005	21:92:5	m-w-s021-a092-w005-01	وَاحِدَةً	و ح د		position_crosswalk	morpheme_aligned
q:21:92:7	21:92	21:92	7	w-s021-a092-w006	21:92:6	m-w-s021-a092-w006-02	وَأَنَا			position_crosswalk	morpheme_aligned
q:21:92:8	21:92	21:92	8	w-s021-a092-w007	21:92:7	m-w-s021-a092-w007-01	رَبُّكُمْ	ر ب ب		position_crosswalk	morpheme_aligned
q:21:92:10	21:92	21:92	10	w-s021-a092-w008	21:92:8	m-w-s021-a092-w008-02	فَاعْبُدُونِ	ع ب د		position_crosswalk	morpheme_aligned
q:21:93:2	21:93	21:93	2	w-s021-a093-w001	21:93:1	m-w-s021-a093-w001-02	وَتَقَطَّعُوا	ق ط ع		position_crosswalk	morpheme_aligned
q:21:93:3	21:93	21:93	3	w-s021-a093-w002	21:93:2	m-w-s021-a093-w002-01	أَمْرَهُمْ	أ م ر		position_crosswalk	morpheme_aligned
q:21:93:4	21:93	21:93	4	w-s021-a093-w003	21:93:3	m-w-s021-a093-w003-01	بَيْنَهُمْ	ب ي ن		position_crosswalk	morpheme_aligned
q:21:93:5	21:93	21:93	5	w-s021-a093-w004	21:93:4	m-w-s021-a093-w004-01	كُلٌّ	ك ل ل		position_crosswalk	morpheme_aligned
q:21:93:6	21:93	21:93	6	w-s021-a093-w005	21:93:5	m-w-s021-a093-w005-02;m-w-s021-a093-w005-01			إِلَى	position_crosswalk	morpheme_aligned
q:21:93:7	21:93	21:93	7	w-s021-a093-w006	21:93:6	m-w-s021-a093-w006-01	رَاجِعُونَ	ر ج ع	إِلَى	position_crosswalk	morpheme_aligned
q:21:94:2	21:94	21:94	2	w-s021-a094-w001	21:94:1	m-w-s021-a094-w001-02	فَمَنْ	م ن ن		position_crosswalk	morpheme_aligned
q:21:94:3	21:94	21:94	3	w-s021-a094-w002	21:94:2	m-w-s021-a094-w002-01	يَعْمَلْ	ع م ل	مِن	position_crosswalk	morpheme_aligned
q:21:94:4	21:94	21:94	4	w-s021-a094-w003	21:94:3	m-w-s021-a094-w003-01			مِن	position_crosswalk	morpheme_aligned
q:21:94:5	21:94	21:94	5	w-s021-a094-w004	21:94:4	m-w-s021-a094-w004-02	الصَّالِحَاتِ	ص ل ح	مِن	position_crosswalk	morpheme_aligned
q:21:94:7	21:94	21:94	7	w-s021-a094-w005	21:94:5	m-w-s021-a094-w005-02	وَهُوَ			position_crosswalk	morpheme_aligned
q:21:94:8	21:94	21:94	8	w-s021-a094-w006	21:94:6	m-w-s021-a094-w006-01	مُؤْمِنٌ	أ م ن		position_crosswalk	morpheme_aligned
q:21:94:10	21:94	21:94	10	w-s021-a094-w007	21:94:7	m-w-s021-a094-w007-02	فَلَا			position_crosswalk	morpheme_aligned
q:21:94:11	21:94	21:94	11	w-s021-a094-w008	21:94:8	m-w-s021-a094-w008-01	كُفْرَانَ	ك ف ر	لـ	position_crosswalk	morpheme_aligned
q:21:94:12	21:94	21:94	12	w-s021-a094-w009	21:94:9	m-w-s021-a094-w009-01			لـ	position_crosswalk	morpheme_aligned
q:21:94:13	21:94	21:94	13	w-s021-a094-w009	21:94:9	m-w-s021-a094-w009-02	لِسَعْيِهِ	س ع ي	لـ	position_crosswalk	morpheme_aligned
q:21:94:15	21:94	21:94	15	w-s021-a094-w010	21:94:10	m-w-s021-a094-w010-02;m-w-s021-a094-w010-03	وَإِنَّا			position_crosswalk	morpheme_aligned
q:21:94:16	21:94	21:94	16	w-s021-a094-w011	21:94:11	m-w-s021-a094-w011-02;m-w-s021-a094-w011-01			لـ	position_crosswalk	morpheme_aligned
q:21:94:17	21:94	21:94	17	w-s021-a094-w012	21:94:12	m-w-s021-a094-w012-01	كَاتِبُونَ	ك ت ب	لـ	surface_root_sequence_fallback	morpheme_aligned
q:21:95:2	21:95	21:95	2	w-s021-a095-w001	21:95:1	m-w-s021-a095-w001-02	وَحَرَامٌ	ح ر م	عَلَى	position_crosswalk	morpheme_aligned
q:21:95:3	21:95	21:95	3	w-s021-a095-w002	21:95:2	m-w-s021-a095-w002-01			عَلَى	position_crosswalk	morpheme_aligned
q:21:95:4	21:95	21:95	4	w-s021-a095-w003	21:95:3	m-w-s021-a095-w003-01	قَرْيَةٍ	ق ر ي	عَلَى	position_crosswalk	morpheme_aligned
q:21:95:5	21:95	21:95	5	w-s021-a095-w004	21:95:4	m-w-s021-a095-w004-01	أَهْلَكْنَاهَا	ه ل ك		position_crosswalk	morpheme_aligned
q:21:95:6	21:95	21:95	6	w-s021-a095-w005	21:95:5	m-w-s021-a095-w005-01;m-w-s021-a095-w005-02	أَنَّهُمْ			position_crosswalk	morpheme_aligned
q:21:95:8	21:95	21:95	8	w-s021-a095-w007	21:95:7	m-w-s021-a095-w007-01	يَرْجِعُونَ	ر ج ع		position_crosswalk	morpheme_aligned
q:21:96:3	21:96	21:96	3	w-s021-a096-w003	21:96:3	m-w-s021-a096-w003-01	فُتِحَتْ	ف ت ح		position_crosswalk	morpheme_aligned
q:21:96:4	21:96	21:96	4	w-s021-a096-w004	21:96:4	m-w-s021-a096-w004-01	يَأْجُوجُ			position_crosswalk	morpheme_aligned
q:21:96:6	21:96	21:96	6	w-s021-a096-w005	21:96:5	m-w-s021-a096-w005-02	وَمَأْجُوجُ	م أ ج و ج		position_crosswalk	morpheme_aligned
q:21:96:8	21:96	21:96	8	w-s021-a096-w006	21:96:6	m-w-s021-a096-w006-02	وَهُمْ			position_crosswalk	morpheme_aligned
q:21:96:9	21:96	21:96	9	w-s021-a096-w007	21:96:7	m-w-s021-a096-w007-01			مِن	position_crosswalk	morpheme_aligned
q:21:96:10	21:96	21:96	10	w-s021-a096-w008	21:96:8	m-w-s021-a096-w008-01	كُلِّ	ك ل ل	مِن	position_crosswalk	morpheme_aligned
q:21:96:11	21:96	21:96	11	w-s021-a096-w009	21:96:9	m-w-s021-a096-w009-01	حَدَبٍ	ح د ب		position_crosswalk	morpheme_aligned
q:21:96:12	21:96	21:96	12	w-s021-a096-w010	21:96:10	m-w-s021-a096-w010-01	يَنْسِلُونَ	ن س ل	مِن	position_crosswalk	morpheme_aligned
q:21:97:2	21:97	21:97	2	w-s021-a097-w001	21:97:1	m-w-s021-a097-w001-02	وَاقْتَرَبَ	ق ر ب		position_crosswalk	morpheme_aligned
q:21:97:3	21:97	21:97	3	w-s021-a097-w002	21:97:2	m-w-s021-a097-w002-02	الْوَعْدُ	و ع د		position_crosswalk	morpheme_aligned
q:21:97:4	21:97	21:97	4	w-s021-a097-w003	21:97:3	m-w-s021-a097-w003-02	الْحَقُّ	ح ق ق		position_crosswalk	morpheme_aligned
q:21:97:7	21:97	21:97	7	w-s021-a097-w005	21:97:5	m-w-s021-a097-w005-01	هِيَ			position_crosswalk	morpheme_aligned
q:21:97:8	21:97	21:97	8	w-s021-a097-w006	21:97:6	m-w-s021-a097-w006-01	شَاخِصَةٌ	ش خ ص		position_crosswalk	morpheme_aligned
q:21:97:9	21:97	21:97	9	w-s021-a097-w007	21:97:7	m-w-s021-a097-w007-01	أَبْصَارُ	ب ص ر		position_crosswalk	morpheme_aligned
q:21:97:10	21:97	21:97	10	w-s021-a097-w008	21:97:8	m-w-s021-a097-w008-01	الَّذِينَ	ل ل ذ		position_crosswalk	morpheme_aligned
q:21:97:12	21:97	21:97	12	w-s021-a097-w010	21:97:10	m-w-s021-a097-w010-02	يَاوَيْلَنَا			position_crosswalk	morpheme_aligned
q:21:97:13	21:97	21:97	13	w-s021-a097-w010	21:97:10	m-w-s021-a097-w010-02	يَاوَيْلَنَا	و ي ل		position_crosswalk	morpheme_aligned
q:21:97:15	21:97	21:97	15	w-s021-a097-w012	21:97:12	m-w-s021-a097-w012-01	كُنَّا	ك و ن	فِي	position_crosswalk	morpheme_aligned
q:21:97:16	21:97	21:97	16	w-s021-a097-w013	21:97:13	m-w-s021-a097-w013-01			فِي	position_crosswalk	morpheme_aligned
q:21:97:17	21:97	21:97	17	w-s021-a097-w014	21:97:14	m-w-s021-a097-w014-01	غَفْلَةٍ	غ ف ل	فِي;مِن	position_crosswalk	morpheme_aligned
q:21:97:18	21:97	21:97	18	w-s021-a097-w015	21:97:15	m-w-s021-a097-w015-01			مِن	position_crosswalk	morpheme_aligned
q:21:97:19	21:97	21:97	19	w-s021-a097-w016	21:97:16	m-w-s021-a097-w016-01	هَذَا		مِن	position_crosswalk	morpheme_aligned
q:21:97:21	21:97	21:97	21	w-s021-a097-w018	21:97:18	m-w-s021-a097-w018-01	كُنَّا	ك و ن		position_crosswalk	morpheme_aligned
q:21:97:22	21:97	21:97	22	w-s021-a097-w019	21:97:19	m-w-s021-a097-w019-01	ظَالِمِينَ	ظ ل م		position_crosswalk	morpheme_aligned
q:21:98:1	21:98	21:98	1	w-s021-a098-w001	21:98:1	m-w-s021-a098-w001-01;m-w-s021-a098-w001-02	إِنَّكُمْ			position_crosswalk	morpheme_aligned
q:21:98:3	21:98	21:98	3	w-s021-a098-w002	21:98:2	m-w-s021-a098-w002-02	وَمَا			position_crosswalk	morpheme_aligned
q:21:98:4	21:98	21:98	4	w-s021-a098-w003	21:98:3	m-w-s021-a098-w003-01	تَعْبُدُونَ	ع ب د	مِن	position_crosswalk	morpheme_aligned
q:21:98:5	21:98	21:98	5	w-s021-a098-w004	21:98:4	m-w-s021-a098-w004-01			مِن	position_crosswalk	morpheme_aligned
q:21:98:6	21:98	21:98	6	w-s021-a098-w005	21:98:5	m-w-s021-a098-w005-01	دُونِ	د و ن	مِن	position_crosswalk	morpheme_aligned
q:21:98:7	21:98	21:98	7	w-s021-a098-w006	21:98:6	m-w-s021-a098-w006-01	اللَّهِ	أ ل ه		position_crosswalk	morpheme_aligned
q:21:98:8	21:98	21:98	8	w-s021-a098-w007	21:98:7	m-w-s021-a098-w007-01	حَصَبُ	ح ص ب		position_crosswalk	morpheme_aligned
q:21:98:9	21:98	21:98	9	w-s021-a098-w008	21:98:8	m-w-s021-a098-w008-01	جَهَنَّمَ	ج ه ن م		position_crosswalk	morpheme_aligned
q:21:98:10	21:98	21:98	10	w-s021-a098-w009	21:98:9	m-w-s021-a098-w009-01	أَنْتُمْ			position_crosswalk	morpheme_aligned
q:21:98:11	21:98	21:98	11	w-s021-a098-w010	21:98:10	m-w-s021-a098-w010-01			لـ	position_crosswalk	morpheme_aligned
q:21:98:12	21:98	21:98	12	w-s021-a098-w010	21:98:10	m-w-s021-a098-w010-02	لَهَا		لـ	position_crosswalk	morpheme_aligned
q:21:98:13	21:98	21:98	13	w-s021-a098-w011	21:98:11	m-w-s021-a098-w011-01	وَارِدُونَ	و ر د	لـ	position_crosswalk	morpheme_aligned
q:21:99:2	21:99	21:99	2	w-s021-a099-w002	21:99:2	m-w-s021-a099-w002-01	كَانَ	ك و ن		position_crosswalk	morpheme_aligned
q:21:99:3	21:99	21:99	3	w-s021-a099-w003	21:99:3	m-w-s021-a099-w003-01	هَؤُلَاءِ			position_crosswalk	morpheme_aligned
q:21:99:4	21:99	21:99	4	w-s021-a099-w004	21:99:4	m-w-s021-a099-w004-01	آلِهَةً	أ ل ه		position_crosswalk	morpheme_aligned
q:21:99:6	21:99	21:99	6	w-s021-a099-w006	21:99:6	m-w-s021-a099-w006-01	وَرَدُوهَا	و ر د		position_crosswalk	morpheme_aligned
q:21:99:8	21:99	21:99	8	w-s021-a099-w007	21:99:7	m-w-s021-a099-w007-02	وَكُلٌّ	ك ل ل		position_crosswalk	morpheme_aligned
q:21:99:9	21:99	21:99	9	w-s021-a099-w008	21:99:8	m-w-s021-a099-w008-02;m-w-s021-a099-w008-01			فِي	position_crosswalk	morpheme_aligned
q:21:99:10	21:99	21:99	10	w-s021-a099-w009	21:99:9	m-w-s021-a099-w009-01	خَالِدُونَ	خ ل د	فِي	position_crosswalk	morpheme_aligned
q:21:100:1	21:100	21:100	1	w-s021-a100-w001	21:100:1	m-w-s021-a100-w001-01			لـ	position_crosswalk	morpheme_aligned
q:21:100:2	21:100	21:100	2	w-s021-a100-w001	21:100:1	m-w-s021-a100-w001-02	لَهُمْ		لـ	position_crosswalk	morpheme_aligned
q:21:100:3	21:100	21:100	3	w-s021-a100-w002	21:100:2	m-w-s021-a100-w002-02;m-w-s021-a100-w002-01			فِي	position_crosswalk	morpheme_aligned
q:21:100:4	21:100	21:100	4	w-s021-a100-w003	21:100:3	m-w-s021-a100-w003-01	زَفِيرٌ	ز ف ر	لـ;فِي	position_crosswalk	morpheme_aligned
q:21:100:6	21:100	21:100	6	w-s021-a100-w004	21:100:4	m-w-s021-a100-w004-02	وَهُمْ			position_crosswalk	morpheme_aligned
q:21:100:7	21:100	21:100	7	w-s021-a100-w005	21:100:5	m-w-s021-a100-w005-02;m-w-s021-a100-w005-01			فِي	position_crosswalk	morpheme_aligned
q:21:100:9	21:100	21:100	9	w-s021-a100-w007	21:100:7	m-w-s021-a100-w007-01	يَسْمَعُونَ	س م ع	فِي	position_crosswalk	morpheme_aligned
q:21:101:1	21:101	21:101	1	w-s021-a101-w001	21:101:1	m-w-s021-a101-w001-01	إِنَّ			position_crosswalk	morpheme_aligned
q:21:101:2	21:101	21:101	2	w-s021-a101-w002	21:101:2	m-w-s021-a101-w002-01	الَّذِينَ	ل ل ذ		position_crosswalk	morpheme_aligned
q:21:101:3	21:101	21:101	3	w-s021-a101-w003	21:101:3	m-w-s021-a101-w003-01	سَبَقَتْ	س ب ق	لـ;مِن	position_crosswalk	morpheme_aligned
q:21:101:4	21:101	21:101	4	w-s021-a101-w004	21:101:4	m-w-s021-a101-w004-01			لـ	position_crosswalk	morpheme_aligned
q:21:101:5	21:101	21:101	5	w-s021-a101-w004	21:101:4	m-w-s021-a101-w004-02	لَهُمْ		لـ	position_crosswalk	morpheme_aligned
q:21:101:6	21:101	21:101	6	w-s021-a101-w005	21:101:5	m-w-s021-a101-w005-02;m-w-s021-a101-w005-01			مِن	position_crosswalk	morpheme_aligned
q:21:101:7	21:101	21:101	7	w-s021-a101-w006	21:101:6	m-w-s021-a101-w006-02	الْحُسْنَى	ح س ن		position_crosswalk	morpheme_aligned
q:21:101:8	21:101	21:101	8	w-s021-a101-w007	21:101:7	m-w-s021-a101-w007-01	أُولَئِكَ	أ و ل		position_crosswalk	morpheme_aligned
q:21:101:9	21:101	21:101	9	w-s021-a101-w008	21:101:8	m-w-s021-a101-w008-02;m-w-s021-a101-w008-01			عَن	position_crosswalk	morpheme_aligned
q:21:101:10	21:101	21:101	10	w-s021-a101-w009	21:101:9	m-w-s021-a101-w009-01	مُبْعَدُونَ	ب ع د	عَن	position_crosswalk	morpheme_aligned
q:21:102:2	21:102	21:102	2	w-s021-a102-w002	21:102:2	m-w-s021-a102-w002-01	يَسْمَعُونَ	س م ع		position_crosswalk	morpheme_aligned
q:21:102:3	21:102	21:102	3	w-s021-a102-w003	21:102:3	m-w-s021-a102-w003-01	حَسِيسَهَا	ح س س		position_crosswalk	morpheme_aligned
q:21:102:5	21:102	21:102	5	w-s021-a102-w004	21:102:4	m-w-s021-a102-w004-02	وَهُمْ			position_crosswalk	morpheme_aligned
q:21:102:6	21:102	21:102	6	w-s021-a102-w005	21:102:5	m-w-s021-a102-w005-01			فِي	position_crosswalk	morpheme_aligned
q:21:102:7	21:102	21:102	7	w-s021-a102-w006	21:102:6	m-w-s021-a102-w006-01	مَا		فِي	position_crosswalk	morpheme_aligned
q:21:102:8	21:102	21:102	8	w-s021-a102-w007	21:102:7	m-w-s021-a102-w007-01	اشْتَهَتْ	ش ه و		position_crosswalk	morpheme_aligned
q:21:102:9	21:102	21:102	9	w-s021-a102-w008	21:102:8	m-w-s021-a102-w008-01	أَنْفُسُهُمْ	ن ف س		position_crosswalk	morpheme_aligned
q:21:102:10	21:102	21:102	10	w-s021-a102-w009	21:102:9	m-w-s021-a102-w009-01	خَالِدُونَ	خ ل د	فِي	position_crosswalk	morpheme_aligned
q:21:103:2	21:103	21:103	2	w-s021-a103-w002	21:103:2	m-w-s021-a103-w002-01;m-w-s021-a103-w002-02	يَحْزُنُهُمُ	ح ز ن		position_crosswalk	morpheme_aligned
q:21:103:3	21:103	21:103	3	w-s021-a103-w003	21:103:3	m-w-s021-a103-w003-02	الْفَزَعُ	ف ز ع		position_crosswalk	morpheme_aligned
q:21:103:4	21:103	21:103	4	w-s021-a103-w004	21:103:4	m-w-s021-a103-w004-02	الْأَكْبَرُ	ك ب ر		position_crosswalk	morpheme_aligned
q:21:103:6	21:103	21:103	6	w-s021-a103-w005	21:103:5	m-w-s021-a103-w005-02;m-w-s021-a103-w005-03	وَتَتَلَقَّاهُمُ	ل ق ي		position_crosswalk	morpheme_aligned
q:21:103:7	21:103	21:103	7	w-s021-a103-w006	21:103:6	m-w-s021-a103-w006-02	الْمَلَائِكَةُ	م ل ك		position_crosswalk	morpheme_aligned
q:21:103:8	21:103	21:103	8	w-s021-a103-w007	21:103:7	m-w-s021-a103-w007-01	هَذَا			position_crosswalk	morpheme_aligned
q:21:103:9	21:103	21:103	9	w-s021-a103-w008	21:103:8	m-w-s021-a103-w008-01	يَوْمُكُمُ	ي و م		position_crosswalk	morpheme_aligned
q:21:103:10	21:103	21:103	10	w-s021-a103-w009	21:103:9	m-w-s021-a103-w009-01	الَّذِي	ل ل ذ		position_crosswalk	morpheme_aligned
q:21:103:11	21:103	21:103	11	w-s021-a103-w010	21:103:10	m-w-s021-a103-w010-01	كُنْتُمْ	ك و ن		position_crosswalk	morpheme_aligned
q:21:103:12	21:103	21:103	12	w-s021-a103-w011	21:103:11	m-w-s021-a103-w011-01	تُوعَدُونَ	و ع د		position_crosswalk	morpheme_aligned
q:21:104:1	21:104	21:104	1	w-s021-a104-w001	21:104:1	m-w-s021-a104-w001-01	يَوْمَ	ي و م		position_crosswalk	morpheme_aligned
q:21:104:2	21:104	21:104	2	w-s021-a104-w002	21:104:2	m-w-s021-a104-w002-01	نَطْوِي	ط و ي	كـ	position_crosswalk	morpheme_aligned
q:21:104:3	21:104	21:104	3	w-s021-a104-w003	21:104:3	m-w-s021-a104-w003-02	السَّمَاءَ	س م و		position_crosswalk	morpheme_aligned
q:21:104:4	21:104	21:104	4	w-s021-a104-w004	21:104:4	m-w-s021-a104-w004-01			كـ	position_crosswalk	morpheme_aligned
q:21:104:5	21:104	21:104	5	w-s021-a104-w004	21:104:4	m-w-s021-a104-w004-02	كَطَيِّ	ط و ي	كـ	position_crosswalk	morpheme_aligned
q:21:104:6	21:104	21:104	6	w-s021-a104-w005	21:104:5	m-w-s021-a104-w005-02	السِّجِلِّ	س ج ل	لـ	position_crosswalk	morpheme_aligned
q:21:104:7	21:104	21:104	7	w-s021-a104-w005	21:104:5	m-w-s021-a104-w005-02			لـ	surface_root_sequence_fallback	morpheme_aligned
q:21:104:8	21:104	21:104	8	w-s021-a104-w006	21:104:6	m-w-s021-a104-w006-03	لِلْكُتُبِ	ك ت ب	لـ	position_crosswalk	morpheme_aligned
q:21:104:9	21:104	21:104	9	w-s021-a104-w006	21:104:6	m-w-s021-a104-w006-01			كـ	surface_root_sequence_fallback	morpheme_aligned
q:21:104:10	21:104	21:104	10	w-s021-a104-w007	21:104:7	m-w-s021-a104-w007-02	كَمَا		كـ	position_crosswalk	morpheme_aligned
q:21:104:11	21:104	21:104	11	w-s021-a104-w008	21:104:8	m-w-s021-a104-w008-01	بَدَأْنَا	ب د أ		position_crosswalk	morpheme_aligned
q:21:104:12	21:104	21:104	12	w-s021-a104-w009	21:104:9	m-w-s021-a104-w009-01	أَوَّلَ	أ و ل		position_crosswalk	morpheme_aligned
q:21:104:13	21:104	21:104	13	w-s021-a104-w010	21:104:10	m-w-s021-a104-w010-01	خَلْقٍ	خ ل ق		position_crosswalk	morpheme_aligned
q:21:104:14	21:104	21:104	14	w-s021-a104-w011	21:104:11	m-w-s021-a104-w011-01;m-w-s021-a104-w011-02	نُعِيدُهُ	ع و د	كـ	position_crosswalk	morpheme_aligned
q:21:104:15	21:104	21:104	15	w-s021-a104-w012	21:104:12	m-w-s021-a104-w012-01	وَعْدَاً	و ع د	عَلَى	position_crosswalk	morpheme_aligned
q:21:104:16	21:104	21:104	16	w-s021-a104-w013	21:104:13	m-w-s021-a104-w013-02;m-w-s021-a104-w013-01			عَلَى	position_crosswalk	morpheme_aligned
q:21:104:17	21:104	21:104	17	w-s021-a104-w014	21:104:14	m-w-s021-a104-w014-01;m-w-s021-a104-w014-02	إِنَّا			position_crosswalk	morpheme_aligned
q:21:104:18	21:104	21:104	18	w-s021-a104-w015	21:104:15	m-w-s021-a104-w015-01	كُنَّا	ك و ن		position_crosswalk	morpheme_aligned
q:21:104:19	21:104	21:104	19	w-s021-a104-w016	21:104:16	m-w-s021-a104-w016-01	فَاعِلِينَ	ف ع ل		position_crosswalk	morpheme_aligned
q:21:105:4	21:105	21:105	4	w-s021-a105-w002	21:105:2	m-w-s021-a105-w002-01	كَتَبْنَا	ك ت ب	فِي;مِن	position_crosswalk	morpheme_aligned
q:21:105:5	21:105	21:105	5	w-s021-a105-w003	21:105:3	m-w-s021-a105-w003-01			فِي	position_crosswalk	morpheme_aligned
q:21:105:6	21:105	21:105	6	w-s021-a105-w004	21:105:4	m-w-s021-a105-w004-02	الزَّبُورِ	ز ب ر	فِي	position_crosswalk	morpheme_aligned
q:21:105:7	21:105	21:105	7	w-s021-a105-w005	21:105:5	m-w-s021-a105-w005-01			مِن	position_crosswalk	morpheme_aligned
q:21:105:8	21:105	21:105	8	w-s021-a105-w006	21:105:6	m-w-s021-a105-w006-01	بَعْدِ	ب ع د	مِن	position_crosswalk	morpheme_aligned
q:21:105:9	21:105	21:105	9	w-s021-a105-w007	21:105:7	m-w-s021-a105-w007-02	الذِّكْرِ	ذ ك ر		position_crosswalk	morpheme_aligned
q:21:105:10	21:105	21:105	10	w-s021-a105-w008	21:105:8	m-w-s021-a105-w008-01	أَنَّ			position_crosswalk	morpheme_aligned
q:21:105:11	21:105	21:105	11	w-s021-a105-w009	21:105:9	m-w-s021-a105-w009-02	الْأَرْضَ	أ ر ض		position_crosswalk	morpheme_aligned
q:21:105:12	21:105	21:105	12	w-s021-a105-w010	21:105:10	m-w-s021-a105-w010-01;m-w-s021-a105-w010-02	يَرِثُهَا	و ر ث		position_crosswalk	morpheme_aligned
q:21:105:13	21:105	21:105	13	w-s021-a105-w011	21:105:11	m-w-s021-a105-w011-01	عِبَادِيَ	ع ب د		position_crosswalk	morpheme_aligned
q:21:105:14	21:105	21:105	14	w-s021-a105-w012	21:105:12	m-w-s021-a105-w012-02	الصَّالِحُونَ	ص ل ح		position_crosswalk	morpheme_aligned
q:21:106:1	21:106	21:106	1	w-s021-a106-w001	21:106:1	m-w-s021-a106-w001-01	إِنَّ		فِي	position_crosswalk	morpheme_aligned
q:21:106:2	21:106	21:106	2	w-s021-a106-w002	21:106:2	m-w-s021-a106-w002-01			فِي	position_crosswalk	morpheme_aligned
q:21:106:3	21:106	21:106	3	w-s021-a106-w003	21:106:3	m-w-s021-a106-w003-01	هَذَا		فِي	position_crosswalk	morpheme_aligned
q:21:106:5	21:106	21:106	5	w-s021-a106-w004	21:106:4	m-w-s021-a106-w004-02	لَبَلَاغَاً	ب ل غ	لـ	position_crosswalk	morpheme_aligned
q:21:106:6	21:106	21:106	6	w-s021-a106-w004	21:106:4	m-w-s021-a106-w004-02			لـ	surface_root_sequence_fallback	morpheme_aligned
q:21:106:7	21:106	21:106	7	w-s021-a106-w005	21:106:5	m-w-s021-a106-w005-02	لِقَوْمٍ	ق و م	لـ	position_crosswalk	morpheme_aligned
q:21:106:8	21:106	21:106	8	w-s021-a106-w006	21:106:6	m-w-s021-a106-w006-01	عَابِدِينَ	ع ب د		position_crosswalk	morpheme_aligned
q:21:107:3	21:107	21:107	3	w-s021-a107-w002	21:107:2	m-w-s021-a107-w002-01	أَرْسَلْنَاكَ	ر س ل		position_crosswalk	morpheme_aligned
q:21:107:5	21:107	21:107	5	w-s021-a107-w004	21:107:4	m-w-s021-a107-w004-01	رَحْمَةً	ر ح م	لـ	position_crosswalk	morpheme_aligned
q:21:107:6	21:107	21:107	6	w-s021-a107-w005	21:107:5	m-w-s021-a107-w005-01			لـ	position_crosswalk	morpheme_aligned
q:21:107:7	21:107	21:107	7	w-s021-a107-w005	21:107:5	m-w-s021-a107-w005-03	لِلْعَالَمِينَ	ع ل م	لـ	position_crosswalk	morpheme_aligned
q:21:108:1	21:108	21:108	1	w-s021-a108-w001	21:108:1	m-w-s021-a108-w001-01	قُلْ	ق ل ل		position_crosswalk	morpheme_aligned
q:21:108:2	21:108	21:108	2	w-s021-a108-w002	21:108:2		إِنَّمَا	إ ن م ا		position_crosswalk	word_aligned
q:21:108:3	21:108	21:108	3	w-s021-a108-w003	21:108:3	m-w-s021-a108-w003-01	يُوحَى	و ح ي	إِلَى	position_crosswalk	morpheme_aligned
q:21:108:4	21:108	21:108	4	w-s021-a108-w004	21:108:4	m-w-s021-a108-w004-02;m-w-s021-a108-w004-01			إِلَى	position_crosswalk	morpheme_aligned
q:21:108:5	21:108	21:108	5	w-s021-a108-w005	21:108:5		أَنَّمَا	أ ن م ا		position_crosswalk	word_aligned
q:21:108:6	21:108	21:108	6	w-s021-a108-w006	21:108:6	m-w-s021-a108-w006-01	إِلَهُكُمْ	أ ل ه		position_crosswalk	morpheme_aligned
q:21:108:7	21:108	21:108	7	w-s021-a108-w006	21:108:6	m-w-s021-a108-w006-01	إِلَهٌ	أ ل ه		surface_root_sequence_fallback	morpheme_aligned
q:21:108:8	21:108	21:108	8	w-s021-a108-w008	21:108:8	m-w-s021-a108-w008-01	وَاحِدٌ	و ح د		position_crosswalk	morpheme_aligned
q:21:108:11	21:108	21:108	11	w-s021-a108-w010	21:108:10	m-w-s021-a108-w010-01	أَنْتُمْ			position_crosswalk	morpheme_aligned
q:21:108:12	21:108	21:108	12	w-s021-a108-w011	21:108:11	m-w-s021-a108-w011-01	مُسْلِمُونَ	س ل م		position_crosswalk	morpheme_aligned
q:21:109:5	21:109	21:109	5	w-s021-a109-w003	21:109:3	m-w-s021-a109-w003-02	فَقُلْ	ق ل ل		position_crosswalk	morpheme_aligned
q:21:109:6	21:109	21:109	6	w-s021-a109-w004	21:109:4	m-w-s021-a109-w004-01	آذَنْتُكُمْ	أ ذ ن	عَلَى	position_crosswalk	morpheme_aligned
q:21:109:7	21:109	21:109	7	w-s021-a109-w005	21:109:5	m-w-s021-a109-w005-01			عَلَى	position_crosswalk	morpheme_aligned
q:21:109:8	21:109	21:109	8	w-s021-a109-w006	21:109:6	m-w-s021-a109-w006-01	سَوَاءٍ	س و ي	عَلَى	position_crosswalk	morpheme_aligned
q:21:109:11	21:109	21:109	11	w-s021-a109-w008	21:109:8	m-w-s021-a109-w008-01	أَدْرِي	د ر ر		position_crosswalk	morpheme_aligned
q:21:109:12	21:109	21:109	12	w-s021-a109-w009	21:109:9	m-w-s021-a109-w009-02	أَقَرِيبٌ	ق ر ب		position_crosswalk	morpheme_aligned
q:21:109:14	21:109	21:109	14	w-s021-a109-w011	21:109:11	m-w-s021-a109-w011-01	بَعِيدٌ	ب ع د		surface_root_sequence_fallback	morpheme_aligned
q:21:109:15	21:109	21:109	15	w-s021-a109-w012	21:109:12	m-w-s021-a109-w012-01	مَا			surface_root_sequence_fallback	morpheme_aligned
q:21:109:16	21:109	21:109	16	w-s021-a109-w013	21:109:13	m-w-s021-a109-w013-01	تُوعَدُونَ	و ع د		surface_root_sequence_fallback	morpheme_aligned
q:21:110:1	21:110	21:110	1	w-s021-a110-w001	21:110:1	m-w-s021-a110-w001-01;m-w-s021-a110-w001-02	إِنَّهُ			position_crosswalk	morpheme_aligned
q:21:110:2	21:110	21:110	2	w-s021-a110-w002	21:110:2	m-w-s021-a110-w002-01	يَعْلَمُ	ع ل م		position_crosswalk	morpheme_aligned
q:21:110:3	21:110	21:110	3	w-s021-a110-w003	21:110:3	m-w-s021-a110-w003-02	الْجَهْرَ	ج ه ر	مِن	position_crosswalk	morpheme_aligned
q:21:110:4	21:110	21:110	4	w-s021-a110-w004	21:110:4	m-w-s021-a110-w004-01			مِن	position_crosswalk	morpheme_aligned
q:21:110:5	21:110	21:110	5	w-s021-a110-w005	21:110:5	m-w-s021-a110-w005-02	الْقَوْلِ	ق و ل	مِن	position_crosswalk	morpheme_aligned
q:21:110:7	21:110	21:110	7	w-s021-a110-w006	21:110:6	m-w-s021-a110-w006-02	وَيَعْلَمُ	ع ل م		position_crosswalk	morpheme_aligned
q:21:110:8	21:110	21:110	8	w-s021-a110-w007	21:110:7	m-w-s021-a110-w007-01	مَا			position_crosswalk	morpheme_aligned
q:21:110:9	21:110	21:110	9	w-s021-a110-w008	21:110:8	m-w-s021-a110-w008-01	تَكْتُمُونَ	ك ت م		position_crosswalk	morpheme_aligned
q:21:111:4	21:111	21:111	4	w-s021-a111-w003	21:111:3	m-w-s021-a111-w003-01;m-w-s021-a111-w003-02	لَعَلَّهُ	ل ع ل		derived_morpheme_unit	morpheme_aligned
q:21:111:5	21:111	21:111	5	w-s021-a111-w004	21:111:4	m-w-s021-a111-w004-01	فِتْنَةٌ	ف ت ن	لـ	position_crosswalk	morpheme_aligned
q:21:111:6	21:111	21:111	6	w-s021-a111-w005	21:111:5	m-w-s021-a111-w005-02;m-w-s021-a111-w005-01			لـ	position_crosswalk	morpheme_aligned
q:21:111:8	21:111	21:111	8	w-s021-a111-w006	21:111:6	m-w-s021-a111-w006-02	وَمَتَاعٌ	م ت ع	إِلَى	position_crosswalk	morpheme_aligned
q:21:111:9	21:111	21:111	9	w-s021-a111-w007	21:111:7	m-w-s021-a111-w007-01			إِلَى	surface_root_sequence_fallback	morpheme_aligned
q:21:111:10	21:111	21:111	10	w-s021-a111-w008	21:111:8	m-w-s021-a111-w008-01	حِينٍ	ح ي ن	إِلَى	surface_root_sequence_fallback	morpheme_aligned
q:21:112:1	21:112	21:112	1	w-s021-a112-w001	21:112:1	m-w-s021-a112-w001-01	قَالَ	ق و ل		position_crosswalk	morpheme_aligned
q:21:112:2	21:112	21:112	2	w-s021-a112-w002	21:112:2	m-w-s021-a112-w002-01	رَبِّ	ر ب ب		position_crosswalk	morpheme_aligned
q:21:112:3	21:112	21:112	3	w-s021-a112-w003	21:112:3	m-w-s021-a112-w003-01	احْكُمْ	ح ك م	بـ	position_crosswalk	morpheme_aligned
q:21:112:4	21:112	21:112	4	w-s021-a112-w004	21:112:4	m-w-s021-a112-w004-01			بـ	position_crosswalk	morpheme_aligned
q:21:112:5	21:112	21:112	5	w-s021-a112-w004	21:112:4	m-w-s021-a112-w004-03	بِالْحَقِّ	ح ق ق	بـ	position_crosswalk	morpheme_aligned
q:21:112:7	21:112	21:112	7	w-s021-a112-w005	21:112:5	m-w-s021-a112-w005-02	وَرَبُّنَا	ر ب ب		position_crosswalk	morpheme_aligned
q:21:112:8	21:112	21:112	8	w-s021-a112-w006	21:112:6	m-w-s021-a112-w006-02	الرَّحْمَنُ	ر ح م		position_crosswalk	morpheme_aligned
q:21:112:9	21:112	21:112	9	w-s021-a112-w007	21:112:7	m-w-s021-a112-w007-02	الْمُسْتَعَانُ	ع و ن	عَلَى	position_crosswalk	morpheme_aligned
q:21:112:10	21:112	21:112	10	w-s021-a112-w008	21:112:8	m-w-s021-a112-w008-01			عَلَى	position_crosswalk	morpheme_aligned
q:21:112:11	21:112	21:112	11	w-s021-a112-w009	21:112:9	m-w-s021-a112-w009-01	مَا		عَلَى	position_crosswalk	morpheme_aligned
q:21:112:12	21:112	21:112	12	w-s021-a112-w010	21:112:10	m-w-s021-a112-w010-01	تَصِفُونَ	ص ف ف		position_crosswalk	morpheme_aligned
