attachment_unit_id	ayah_ref	qac_ayah_ref	unit_index	word_id	qac_word_ref	morpheme_ids	attachment_surfaces	attachment_roots	prep_bases	binding_method	binding_status
q:1:1:1	6:0	1:1	1	w-s006-a000-w001	1:1:1	m-w-s006-a000-w001-01	بِسْمِ		بـ	position_crosswalk	morpheme_aligned
q:1:1:2	6:0	1:1	2	w-s006-a000-w001	1:1:1	m-w-s006-a000-w001-02	بِسْمِ	س م و	بـ	position_crosswalk	morpheme_aligned
q:1:1:3	6:0	1:1	3	w-s006-a000-w002	1:1:2	m-w-s006-a000-w002-01	اللَّهِ	أ ل ه		position_crosswalk	morpheme_aligned
q:1:1:4	6:0	1:1	4	w-s006-a000-w003	1:1:3	m-w-s006-a000-w003-02	الرَّحْمَنِ	ر ح م		position_crosswalk	morpheme_aligned
q:1:1:5	6:0	1:1	5	w-s006-a000-w003	1:1:3	m-w-s006-a000-w003-02	الرَّحِيمِ	ر ح م		surface_root_sequence_fallback	morpheme_aligned
q:6:1:1	6:1	6:1	1	w-s006-a001-w001	6:1:1	m-w-s006-a001-w001-02	الْحَمْدُ	ح م د	لـ	position_crosswalk	morpheme_aligned
q:6:1:2	6:1	6:1	2	w-s006-a001-w001	6:1:1	m-w-s006-a001-w001-02			لـ	surface_root_sequence_fallback	morpheme_aligned
q:6:1:3	6:1	6:1	3	w-s006-a001-w002	6:1:2	m-w-s006-a001-w002-02	لِلَّهِ	أ ل ه	لـ	position_crosswalk	morpheme_aligned
q:6:1:4	6:1	6:1	4	w-s006-a001-w003	6:1:3	m-w-s006-a001-w003-01	الَّذِي	ل ل ذ		position_crosswalk	morpheme_aligned
q:6:1:5	6:1	6:1	5	w-s006-a001-w004	6:1:4	m-w-s006-a001-w004-01	خَلَقَ	خ ل ق		position_crosswalk	morpheme_aligned
q:6:1:6	6:1	6:1	6	w-s006-a001-w005	6:1:5	m-w-s006-a001-w005-02	السَّمَاوَاتِ	س م و		position_crosswalk	morpheme_aligned
q:6:1:8	6:1	6:1	8	w-s006-a001-w006	6:1:6	m-w-s006-a001-w006-03	وَالْأَرْضَ	أ ر ض		position_crosswalk	morpheme_aligned
q:6:1:10	6:1	6:1	10	w-s006-a001-w007	6:1:7	m-w-s006-a001-w007-02	وَجَعَلَ	ج ع ل		position_crosswalk	morpheme_aligned
q:6:1:11	6:1	6:1	11	w-s006-a001-w008	6:1:8	m-w-s006-a001-w008-02	الظُّلُمَاتِ	ظ ل م		position_crosswalk	morpheme_aligned
q:6:1:13	6:1	6:1	13	w-s006-a001-w009	6:1:9	m-w-s006-a001-w009-03	وَالنُّورَ	ن و ر		position_crosswalk	morpheme_aligned
q:6:1:15	6:1	6:1	15	w-s006-a001-w011	6:1:11	m-w-s006-a001-w011-01	الَّذِينَ	ل ل ذ		position_crosswalk	morpheme_aligned
q:6:1:16	6:1	6:1	16	w-s006-a001-w012	6:1:12	m-w-s006-a001-w012-01	كَفَرُوا	ك ف ر	بـ	position_crosswalk	morpheme_aligned
q:6:1:17	6:1	6:1	17	w-s006-a001-w013	6:1:13	m-w-s006-a001-w013-01			بـ	position_crosswalk	morpheme_aligned
q:6:1:18	6:1	6:1	18	w-s006-a001-w013	6:1:13	m-w-s006-a001-w013-02	بِرَبِّهِمْ	ر ب ب	بـ	position_crosswalk	morpheme_aligned
q:6:1:19	6:1	6:1	19	w-s006-a001-w014	6:1:14	m-w-s006-a001-w014-01	يَعْدِلُونَ	ع د ل		position_crosswalk	morpheme_aligned
q:6:2:1	6:2	6:2	1	w-s006-a002-w001	6:2:1	m-w-s006-a002-w001-01	هُوَ			position_crosswalk	morpheme_aligned
q:6:2:2	6:2	6:2	2	w-s006-a002-w002	6:2:2	m-w-s006-a002-w002-01	الَّذِي	ل ل ذ		position_crosswalk	morpheme_aligned
q:6:2:3	6:2	6:2	3	w-s006-a002-w003	6:2:3	m-w-s006-a002-w003-01;m-w-s006-a002-w003-02	خَلَقَكُمْ	خ ل ق	مِن	position_crosswalk	morpheme_aligned
q:6:2:4	6:2	6:2	4	w-s006-a002-w004	6:2:4	m-w-s006-a002-w004-01			مِن	position_crosswalk	morpheme_aligned
q:6:2:5	6:2	6:2	5	w-s006-a002-w005	6:2:5	m-w-s006-a002-w005-01	طِينٍ	ط ي ن	مِن	position_crosswalk	morpheme_aligned
q:6:2:7	6:2	6:2	7	w-s006-a002-w007	6:2:7	m-w-s006-a002-w007-01	قَضَى	ق ض ي		position_crosswalk	morpheme_aligned
q:6:2:8	6:2	6:2	8	w-s006-a002-w008	6:2:8	m-w-s006-a002-w008-01	أَجَلَاً	أ ج ل		position_crosswalk	morpheme_aligned
q:6:2:10	6:2	6:2	10	w-s006-a002-w008	6:2:8	m-w-s006-a002-w008-01	وَأَجَلٌ	أ ج ل		surface_root_sequence_fallback	morpheme_aligned
q:6:2:11	6:2	6:2	11	w-s006-a002-w010	6:2:10	m-w-s006-a002-w010-01	مُسَمَّىً	س م و		position_crosswalk	morpheme_aligned
q:6:2:12	6:2	6:2	12	w-s006-a002-w011	6:2:11	m-w-s006-a002-w011-01	عِنْدَهُ	ع ن د		position_crosswalk	morpheme_aligned
q:6:2:14	6:2	6:2	14	w-s006-a002-w013	6:2:13	m-w-s006-a002-w013-01	أَنْتُمْ			position_crosswalk	morpheme_aligned
q:6:2:15	6:2	6:2	15	w-s006-a002-w014	6:2:14	m-w-s006-a002-w014-01	تَمْتَرُونَ	م ر ي		position_crosswalk	morpheme_aligned
q:6:3:2	6:3	6:3	2	w-s006-a003-w001	6:3:1	m-w-s006-a003-w001-02	وَهُوَ			position_crosswalk	morpheme_aligned
q:6:3:3	6:3	6:3	3	w-s006-a003-w002	6:3:2	m-w-s006-a003-w002-01	اللَّهُ	أ ل ه	فِي	position_crosswalk	morpheme_aligned
q:6:3:4	6:3	6:3	4	w-s006-a003-w003	6:3:3	m-w-s006-a003-w003-01			فِي	position_crosswalk	morpheme_aligned
q:6:3:5	6:3	6:3	5	w-s006-a003-w004	6:3:4	m-w-s006-a003-w004-02	السَّمَاوَاتِ	س م و	فِي	position_crosswalk	morpheme_aligned
q:6:3:7	6:3	6:3	7	w-s006-a003-w005	6:3:5	m-w-s006-a003-w005-02			فِي	position_crosswalk	morpheme_aligned
q:6:3:8	6:3	6:3	8	w-s006-a003-w006	6:3:6	m-w-s006-a003-w006-02	الْأَرْضِ	أ ر ض	فِي	position_crosswalk	morpheme_aligned
q:6:3:9	6:3	6:3	9	w-s006-a003-w007	6:3:7	m-w-s006-a003-w007-01	يَعْلَمُ	ع ل م		position_crosswalk	morpheme_aligned
q:6:3:10	6:3	6:3	10	w-s006-a003-w008	6:3:8	m-w-s006-a003-w008-01	سِرَّكُمْ	س ر ر		position_crosswalk	morpheme_aligned
q:6:3:12	6:3	6:3	12	w-s006-a003-w009	6:3:9	m-w-s006-a003-w009-02	وَجَهْرَكُمْ	ج ه ر		position_crosswalk	morpheme_aligned
q:6:3:14	6:3	6:3	14	w-s006-a003-w010	6:3:10	m-w-s006-a003-w010-02	وَيَعْلَمُ	ع ل م		position_crosswalk	morpheme_aligned
q:6:3:15	6:3	6:3	15	w-s006-a003-w011	6:3:11	m-w-s006-a003-w011-01	مَا			position_crosswalk	morpheme_aligned
q:6:3:16	6:3	6:3	16	w-s006-a003-w012	6:3:12	m-w-s006-a003-w012-01	تَكْسِبُونَ	ك س ب		position_crosswalk	morpheme_aligned
q:6:4:3	6:4	6:4	3	w-s006-a004-w002	6:4:2	m-w-s006-a004-w002-01;m-w-s006-a004-w002-02	تَأْتِيهِمْ	أ ت ي	مِن	position_crosswalk	morpheme_aligned
q:6:4:4	6:4	6:4	4	w-s006-a004-w003	6:4:3	m-w-s006-a004-w003-01			مِن	position_crosswalk	morpheme_aligned
q:6:4:5	6:4	6:4	5	w-s006-a004-w004	6:4:4	m-w-s006-a004-w004-01	آيَةٍ	أ ي ي	مِن	position_crosswalk	morpheme_aligned
q:6:4:6	6:4	6:4	6	w-s006-a004-w005	6:4:5	m-w-s006-a004-w005-01			مِن	position_crosswalk	morpheme_aligned
q:6:4:7	6:4	6:4	7	w-s006-a004-w006	6:4:6	m-w-s006-a004-w006-01	آيَاتِ	أ ي ي	مِن	position_crosswalk	morpheme_aligned
q:6:4:8	6:4	6:4	8	w-s006-a004-w007	6:4:7	m-w-s006-a004-w007-01	رَبِّهِمْ	ر ب ب		position_crosswalk	morpheme_aligned
q:6:4:10	6:4	6:4	10	w-s006-a004-w009	6:4:9	m-w-s006-a004-w009-01	كَانُوا	ك و ن		position_crosswalk	morpheme_aligned
q:6:4:11	6:4	6:4	11	w-s006-a004-w010	6:4:10	m-w-s006-a004-w010-02;m-w-s006-a004-w010-01			عَن	position_crosswalk	morpheme_aligned
q:6:4:12	6:4	6:4	12	w-s006-a004-w011	6:4:11	m-w-s006-a004-w011-01	مُعْرِضِينَ	ع ر ض	عَن	position_crosswalk	morpheme_aligned
q:6:5:3	6:5	6:5	3	w-s006-a005-w002	6:5:2	m-w-s006-a005-w002-01	كَذَّبُوا	ك ذ ب	بـ	position_crosswalk	morpheme_aligned
q:6:5:4	6:5	6:5	4	w-s006-a005-w002	6:5:2	m-w-s006-a005-w002-01			بـ	surface_root_sequence_fallback	morpheme_aligned
q:6:5:5	6:5	6:5	5	w-s006-a005-w003	6:5:3	m-w-s006-a005-w003-03	بِالْحَقِّ	ح ق ق	بـ	position_crosswalk	morpheme_aligned
q:6:5:6	6:5	6:5	6	w-s006-a005-w004	6:5:4	m-w-s006-a005-w004-01	لَمَّا	ل م م		position_crosswalk	morpheme_aligned
q:6:5:7	6:5	6:5	7	w-s006-a005-w005	6:5:5	m-w-s006-a005-w005-01;m-w-s006-a005-w005-02	جَاءَهُمْ	ج ي أ		position_crosswalk	morpheme_aligned
q:6:5:10	6:5	6:5	10	w-s006-a005-w007	6:5:7	m-w-s006-a005-w007-01;m-w-s006-a005-w007-02	يَأْتِيهِمْ	أ ت ي		position_crosswalk	morpheme_aligned
q:6:5:11	6:5	6:5	11	w-s006-a005-w008	6:5:8	m-w-s006-a005-w008-01	أَنْبَاءُ	ن ب أ		position_crosswalk	morpheme_aligned
q:6:5:12	6:5	6:5	12	w-s006-a005-w009	6:5:9	m-w-s006-a005-w009-01	مَا			position_crosswalk	morpheme_aligned
q:6:5:13	6:5	6:5	13	w-s006-a005-w010	6:5:10	m-w-s006-a005-w010-01	كَانُوا	ك و ن		position_crosswalk	morpheme_aligned
q:6:5:14	6:5	6:5	14	w-s006-a005-w011	6:5:11	m-w-s006-a005-w011-02;m-w-s006-a005-w011-01			بـ	position_crosswalk	morpheme_aligned
q:6:5:15	6:5	6:5	15	w-s006-a005-w012	6:5:12	m-w-s006-a005-w012-01	يَسْتَهْزِئُونَ	ه ز أ	بـ	surface_root_sequence_fallback	morpheme_aligned
q:6:6:2	6:6	6:6	2	w-s006-a006-w002	6:6:2	m-w-s006-a006-w002-01	يَرَوْا	ر أ ي		surface_root_sequence_fallback	morpheme_aligned
q:6:6:3	6:6	6:6	3	w-s006-a006-w003	6:6:3	m-w-s006-a006-w003-01	كَمْ	ك م م	مِن	surface_root_sequence_fallback	morpheme_aligned
q:6:6:4	6:6	6:6	4	w-s006-a006-w004	6:6:4	m-w-s006-a006-w004-01	أَهْلَكْنَا	ه ل ك	مِن	surface_root_sequence_fallback	morpheme_aligned
q:6:6:5	6:6	6:6	5	w-s006-a006-w005	6:6:5	m-w-s006-a006-w005-01			مِن	surface_root_sequence_fallback	morpheme_aligned
q:6:6:6	6:6	6:6	6	w-s006-a006-w006	6:6:6	m-w-s006-a006-w006-01	قَبْلِهِمْ	ق ب ل	مِن	surface_root_sequence_fallback	morpheme_aligned
q:6:6:7	6:6	6:6	7	w-s006-a006-w007	6:6:7	m-w-s006-a006-w007-01			مِن	surface_root_sequence_fallback	morpheme_aligned
q:6:6:8	6:6	6:6	8	w-s006-a006-w008	6:6:8	m-w-s006-a006-w008-01	قَرْنٍ	ق ر ن	مِن	surface_root_sequence_fallback	morpheme_aligned
q:6:6:9	6:6	6:6	9	w-s006-a006-w009	6:6:9	m-w-s006-a006-w009-01	مَكَّنَّاهُمْ	م ك ن	فِي	surface_root_sequence_fallback	morpheme_aligned
q:6:6:10	6:6	6:6	10	w-s006-a006-w010	6:6:10	m-w-s006-a006-w010-01			فِي	surface_root_sequence_fallback	morpheme_aligned
q:6:6:11	6:6	6:6	11	w-s006-a006-w011	6:6:11	m-w-s006-a006-w011-02	الْأَرْضِ	أ ر ض	فِي	surface_root_sequence_fallback	morpheme_aligned
q:6:6:12	6:6	6:6	12	w-s006-a006-w012	6:6:12	m-w-s006-a006-w012-01	مَا			surface_root_sequence_fallback	morpheme_aligned
q:6:6:14	6:6	6:6	14	w-s006-a006-w014	6:6:14	m-w-s006-a006-w014-01	نُمَكِّنْ	م ك ن	لـ	surface_root_sequence_fallback	morpheme_aligned
q:6:6:15	6:6	6:6	15	w-s006-a006-w015	6:6:15	m-w-s006-a006-w015-02;m-w-s006-a006-w015-01			لـ	surface_root_sequence_fallback	morpheme_aligned
q:6:6:17	6:6	6:6	17	w-s006-a006-w016	6:6:16	m-w-s006-a006-w016-02	وَأَرْسَلْنَا	ر س ل	عَلَى	surface_root_sequence_fallback	morpheme_aligned
q:6:6:18	6:6	6:6	18	w-s006-a006-w017	6:6:17	m-w-s006-a006-w017-02	السَّمَاءَ	س م و		surface_root_sequence_fallback	morpheme_aligned
q:6:6:19	6:6	6:6	19	w-s006-a006-w018	6:6:18	m-w-s006-a006-w018-02;m-w-s006-a006-w018-01			عَلَى	surface_root_sequence_fallback	morpheme_aligned
q:6:6:20	6:6	6:6	20	w-s006-a006-w019	6:6:19	m-w-s006-a006-w019-01	مِدْرَارَاً	د ر ر		surface_root_sequence_fallback	morpheme_aligned
q:6:6:22	6:6	6:6	22	w-s006-a006-w020	6:6:20	m-w-s006-a006-w020-02	وَجَعَلْنَا	ج ع ل		surface_root_sequence_fallback	morpheme_aligned
q:6:6:23	6:6	6:6	23	w-s006-a006-w021	6:6:21	m-w-s006-a006-w021-02	الْأَنْهَارَ	ن ه ر		surface_root_sequence_fallback	morpheme_aligned
q:6:6:24	6:6	6:6	24	w-s006-a006-w022	6:6:22	m-w-s006-a006-w022-01	تَجْرِي	ج ر ي	مِن	surface_root_sequence_fallback	morpheme_aligned
q:6:6:25	6:6	6:6	25	w-s006-a006-w023	6:6:23	m-w-s006-a006-w023-01			مِن	surface_root_sequence_fallback	morpheme_aligned
q:6:6:26	6:6	6:6	26	w-s006-a006-w024	6:6:24	m-w-s006-a006-w024-01	تَحْتِهِمْ	ت ح ت	مِن	surface_root_sequence_fallback	morpheme_aligned
q:6:6:28	6:6	6:6	28	w-s006-a006-w025	6:6:25	m-w-s006-a006-w025-02	فَأَهْلَكْنَاهُمْ	ه ل ك	بـ	surface_root_sequence_fallback	morpheme_aligned
q:6:6:29	6:6	6:6	29	w-s006-a006-w026	6:6:26	m-w-s006-a006-w026-01			بـ	surface_root_sequence_fallback	morpheme_aligned
q:6:6:30	6:6	6:6	30	w-s006-a006-w026	6:6:26	m-w-s006-a006-w026-02	بِذُنُوبِهِمْ	ذ ن ب	بـ	surface_root_sequence_fallback	morpheme_aligned
q:6:6:32	6:6	6:6	32	w-s006-a006-w027	6:6:27	m-w-s006-a006-w027-02	وَأَنْشَأْنَا	ن ش أ	مِن	surface_root_sequence_fallback	morpheme_aligned
q:6:6:33	6:6	6:6	33	w-s006-a006-w028	6:6:28	m-w-s006-a006-w028-01			مِن	surface_root_sequence_fallback	morpheme_aligned
q:6:6:34	6:6	6:6	34	w-s006-a006-w029	6:6:29	m-w-s006-a006-w029-01	بَعْدِهِمْ	ب ع د	مِن	surface_root_sequence_fallback	morpheme_aligned
q:6:6:35	6:6	6:6	35	w-s006-a006-w030	6:6:30	m-w-s006-a006-w030-01	قَرْنَاً	ق ر ن		surface_root_sequence_fallback	morpheme_aligned
q:6:6:36	6:6	6:6	36	w-s006-a006-w031	6:6:31	m-w-s006-a006-w031-01	آخَرِينَ	أ خ ر		surface_root_sequence_fallback	morpheme_aligned
q:6:7:3	6:7	6:7	3	w-s006-a007-w002	6:7:2	m-w-s006-a007-w002-01	نَزَّلْنَا	ن ز ل	عَلَى	position_crosswalk	morpheme_aligned
q:6:7:4	6:7	6:7	4	w-s006-a007-w003	6:7:3	m-w-s006-a007-w003-02;m-w-s006-a007-w003-01			عَلَى	position_crosswalk	morpheme_aligned
q:6:7:5	6:7	6:7	5	w-s006-a007-w004	6:7:4	m-w-s006-a007-w004-01	كِتَابَاً	ك ت ب	فِي	position_crosswalk	morpheme_aligned
q:6:7:6	6:7	6:7	6	w-s006-a007-w005	6:7:5	m-w-s006-a007-w005-01			فِي	position_crosswalk	morpheme_aligned
q:6:7:7	6:7	6:7	7	w-s006-a007-w006	6:7:6	m-w-s006-a007-w006-01	قِرْطَاسٍ	ق ر ط س	فِي	position_crosswalk	morpheme_aligned
q:6:7:9	6:7	6:7	9	w-s006-a007-w007	6:7:7	m-w-s006-a007-w007-02	فَلَمَسُوهُ	ل م س	بـ	position_crosswalk	morpheme_aligned
q:6:7:10	6:7	6:7	10	w-s006-a007-w008	6:7:8	m-w-s006-a007-w008-01			بـ	position_crosswalk	morpheme_aligned
q:6:7:11	6:7	6:7	11	w-s006-a007-w008	6:7:8	m-w-s006-a007-w008-02	بِأَيْدِيهِمْ	ي د ي	بـ	position_crosswalk	morpheme_aligned
q:6:7:13	6:7	6:7	13	w-s006-a007-w009	6:7:9	m-w-s006-a007-w009-02	لَقَالَ	ق و ل		position_crosswalk	morpheme_aligned
q:6:7:14	6:7	6:7	14	w-s006-a007-w010	6:7:10	m-w-s006-a007-w010-01	الَّذِينَ	ل ل ذ		position_crosswalk	morpheme_aligned
q:6:7:15	6:7	6:7	15	w-s006-a007-w011	6:7:11	m-w-s006-a007-w011-01	كَفَرُوا	ك ف ر		position_crosswalk	morpheme_aligned
q:6:7:16	6:7	6:7	16	w-s006-a007-w012	6:7:12	m-w-s006-a007-w012-01	إِنْ			position_crosswalk	morpheme_aligned
q:6:7:17	6:7	6:7	17	w-s006-a007-w013	6:7:13	m-w-s006-a007-w013-01	هَذَا			position_crosswalk	morpheme_aligned
q:6:7:19	6:7	6:7	19	w-s006-a007-w015	6:7:15	m-w-s006-a007-w015-01	سِحْرٌ	س ح ر		position_crosswalk	morpheme_aligned
q:6:7:20	6:7	6:7	20	w-s006-a007-w016	6:7:16	m-w-s006-a007-w016-01	مُبِينٌ	ب ي ن		position_crosswalk	morpheme_aligned
q:6:8:2	6:8	6:8	2	w-s006-a008-w001	6:8:1	m-w-s006-a008-w001-02	وَقَالُوا	ق و ل		position_crosswalk	morpheme_aligned
q:6:8:3	6:8	6:8	3	w-s006-a008-w002	6:8:2	m-w-s006-a008-w002-01	لَوْلَا			position_crosswalk	morpheme_aligned
q:6:8:4	6:8	6:8	4	w-s006-a008-w003	6:8:3	m-w-s006-a008-w003-01	أُنْزِلَ	ن ز ل	عَلَى	position_crosswalk	morpheme_aligned
q:6:8:5	6:8	6:8	5	w-s006-a008-w004	6:8:4	m-w-s006-a008-w004-02;m-w-s006-a008-w004-01			عَلَى	position_crosswalk	morpheme_aligned
q:6:8:6	6:8	6:8	6	w-s006-a008-w005	6:8:5	m-w-s006-a008-w005-01	مَلَكٌ	م ل ك		position_crosswalk	morpheme_aligned
q:6:8:9	6:8	6:8	9	w-s006-a008-w007	6:8:7	m-w-s006-a008-w007-01	أَنْزَلْنَا	ن ز ل		position_crosswalk	morpheme_aligned
q:6:8:10	6:8	6:8	10	w-s006-a008-w008	6:8:8	m-w-s006-a008-w008-01	مَلَكَاً	م ل ك		position_crosswalk	morpheme_aligned
q:6:8:12	6:8	6:8	12	w-s006-a008-w009	6:8:9	m-w-s006-a008-w009-02	لَقُضِيَ	ق ض ي		position_crosswalk	morpheme_aligned
q:6:8:13	6:8	6:8	13	w-s006-a008-w010	6:8:10	m-w-s006-a008-w010-02	الْأَمْرُ	أ م ر		position_crosswalk	morpheme_aligned
q:6:9:3	6:9	6:9	3	w-s006-a009-w002	6:9:2	m-w-s006-a009-w002-01	جَعَلْنَاهُ	ج ع ل		position_crosswalk	morpheme_aligned
q:6:9:4	6:9	6:9	4	w-s006-a009-w003	6:9:3	m-w-s006-a009-w003-01	مَلَكَاً	م ل ك		position_crosswalk	morpheme_aligned
q:6:9:6	6:9	6:9	6	w-s006-a009-w004	6:9:4	m-w-s006-a009-w004-02	لَجَعَلْنَاهُ	ج ع ل		position_crosswalk	morpheme_aligned
q:6:9:7	6:9	6:9	7	w-s006-a009-w005	6:9:5	m-w-s006-a009-w005-01	رَجُلَاً	ر ج ل		position_crosswalk	morpheme_aligned
q:6:9:10	6:9	6:9	10	w-s006-a009-w006	6:9:6	m-w-s006-a009-w006-03	وَلَلَبَسْنَا	ل ب س	عَلَى	position_crosswalk	morpheme_aligned
q:6:9:11	6:9	6:9	11	w-s006-a009-w007	6:9:7	m-w-s006-a009-w007-02;m-w-s006-a009-w007-01			عَلَى	position_crosswalk	morpheme_aligned
q:6:9:12	6:9	6:9	12	w-s006-a009-w008	6:9:8	m-w-s006-a009-w008-01	مَا			position_crosswalk	morpheme_aligned
q:6:9:13	6:9	6:9	13	w-s006-a009-w009	6:9:9	m-w-s006-a009-w009-01	يَلْبِسُونَ	ل ب س		position_crosswalk	morpheme_aligned
q:6:10:4	6:10	6:10	4	w-s006-a010-w002	6:10:2	m-w-s006-a010-w002-01	اسْتُهْزِئَ	ه ز أ	بـ	position_crosswalk	morpheme_aligned
q:6:10:5	6:10	6:10	5	w-s006-a010-w003	6:10:3	m-w-s006-a010-w003-01			بـ	position_crosswalk	morpheme_aligned
q:6:10:6	6:10	6:10	6	w-s006-a010-w003	6:10:3	m-w-s006-a010-w003-02	بِرُسُلٍ	ر س ل	بـ;مِن	position_crosswalk	morpheme_aligned
q:6:10:7	6:10	6:10	7	w-s006-a010-w004	6:10:4	m-w-s006-a010-w004-01			مِن	position_crosswalk	morpheme_aligned
q:6:10:8	6:10	6:10	8	w-s006-a010-w005	6:10:5	m-w-s006-a010-w005-01	قَبْلِكَ	ق ب ل	مِن	position_crosswalk	morpheme_aligned
q:6:10:10	6:10	6:10	10	w-s006-a010-w006	6:10:6	m-w-s006-a010-w006-02	فَحَاقَ	ح ي ق	بـ	position_crosswalk	morpheme_aligned
q:6:10:11	6:10	6:10	11	w-s006-a010-w007	6:10:7	m-w-s006-a010-w007-01			بـ	position_crosswalk	morpheme_aligned
q:6:10:12	6:10	6:10	12	w-s006-a010-w007	6:10:7	m-w-s006-a010-w007-02	بِالَّذِينَ	ل ل ذ	بـ	position_crosswalk	morpheme_aligned
q:6:10:13	6:10	6:10	13	w-s006-a010-w008	6:10:8	m-w-s006-a010-w008-01	سَخِرُوا	س خ ر	مِن	position_crosswalk	morpheme_aligned
q:6:10:14	6:10	6:10	14	w-s006-a010-w009	6:10:9	m-w-s006-a010-w009-02;m-w-s006-a010-w009-01			مِن	position_crosswalk	morpheme_aligned
q:6:10:15	6:10	6:10	15	w-s006-a010-w010	6:10:10	m-w-s006-a010-w010-01	مَا			position_crosswalk	morpheme_aligned
q:6:10:16	6:10	6:10	16	w-s006-a010-w011	6:10:11	m-w-s006-a010-w011-01	كَانُوا	ك و ن		position_crosswalk	morpheme_aligned
q:6:10:17	6:10	6:10	17	w-s006-a010-w012	6:10:12	m-w-s006-a010-w012-02;m-w-s006-a010-w012-01			بـ	position_crosswalk	morpheme_aligned
q:6:10:18	6:10	6:10	18	w-s006-a010-w013	6:10:13	m-w-s006-a010-w013-01	يَسْتَهْزِئُونَ	ه ز أ	بـ	surface_root_sequence_fallback	morpheme_aligned
q:6:11:1	6:11	6:11	1	w-s006-a011-w001	6:11:1	m-w-s006-a011-w001-01	قُلْ	ق ل ل		position_crosswalk	morpheme_aligned
q:6:11:2	6:11	6:11	2	w-s006-a011-w002	6:11:2	m-w-s006-a011-w002-01	سِيرُوا	س ي ر	فِي	position_crosswalk	morpheme_aligned
q:6:11:3	6:11	6:11	3	w-s006-a011-w003	6:11:3	m-w-s006-a011-w003-01			فِي	position_crosswalk	morpheme_aligned
q:6:11:4	6:11	6:11	4	w-s006-a011-w004	6:11:4	m-w-s006-a011-w004-02	الْأَرْضِ	أ ر ض	فِي	position_crosswalk	morpheme_aligned
q:6:11:6	6:11	6:11	6	w-s006-a011-w006	6:11:6	m-w-s006-a011-w006-01	انْظُرُوا	ن ظ ر		position_crosswalk	morpheme_aligned
q:6:11:7	6:11	6:11	7	w-s006-a011-w007	6:11:7	m-w-s006-a011-w007-01	كَيْفَ	ك ي ف		position_crosswalk	morpheme_aligned
q:6:11:8	6:11	6:11	8	w-s006-a011-w008	6:11:8	m-w-s006-a011-w008-01	كَانَ	ك و ن		position_crosswalk	morpheme_aligned
q:6:11:9	6:11	6:11	9	w-s006-a011-w009	6:11:9	m-w-s006-a011-w009-01	عَاقِبَةُ	ع ق ب		position_crosswalk	morpheme_aligned
q:6:11:10	6:11	6:11	10	w-s006-a011-w010	6:11:10	m-w-s006-a011-w010-02	الْمُكَذِّبِينَ	ك ذ ب		position_crosswalk	morpheme_aligned
q:6:12:1	6:12	6:12	1	w-s006-a012-w001	6:12:1	m-w-s006-a012-w001-01	قُلْ	ق ل ل		position_crosswalk	morpheme_aligned
q:6:12:2	6:12	6:12	2	w-s006-a012-w001	6:12:1	m-w-s006-a012-w001-01	لِمَنْ	و ل ي	لـ	surface_root_sequence_fallback	morpheme_aligned
q:6:12:3	6:12	6:12	3	w-s006-a012-w002	6:12:2	m-w-s006-a012-w002-02	لِمَنْ	م ن ن	لـ	position_crosswalk	morpheme_aligned
q:6:12:4	6:12	6:12	4	w-s006-a012-w003	6:12:3	m-w-s006-a012-w003-01	مَا		لـ;فِي	position_crosswalk	morpheme_aligned
q:6:12:5	6:12	6:12	5	w-s006-a012-w004	6:12:4	m-w-s006-a012-w004-01			فِي	position_crosswalk	morpheme_aligned
q:6:12:6	6:12	6:12	6	w-s006-a012-w005	6:12:5	m-w-s006-a012-w005-02	السَّمَاوَاتِ	س م و	فِي	position_crosswalk	morpheme_aligned
q:6:12:8	6:12	6:12	8	w-s006-a012-w006	6:12:6	m-w-s006-a012-w006-03	وَالْأَرْضِ	أ ر ض		position_crosswalk	morpheme_aligned
q:6:12:9	6:12	6:12	9	w-s006-a012-w007	6:12:7	m-w-s006-a012-w007-01	قُلْ	ق ل ل	لـ	position_crosswalk	morpheme_aligned
q:6:12:10	6:12	6:12	10	w-s006-a012-w007	6:12:7	m-w-s006-a012-w007-01	لِلَّهِ	و ل ي	لـ	surface_root_sequence_fallback	morpheme_aligned
q:6:12:11	6:12	6:12	11	w-s006-a012-w008	6:12:8	m-w-s006-a012-w008-02	لِلَّهِ	أ ل ه	لـ	position_crosswalk	morpheme_aligned
q:6:12:12	6:12	6:12	12	w-s006-a012-w009	6:12:9	m-w-s006-a012-w009-01	كَتَبَ	ك ت ب	عَلَى	position_crosswalk	morpheme_aligned
q:6:12:13	6:12	6:12	13	w-s006-a012-w010	6:12:10	m-w-s006-a012-w010-01			عَلَى	position_crosswalk	morpheme_aligned
q:6:12:14	6:12	6:12	14	w-s006-a012-w011	6:12:11	m-w-s006-a012-w011-01	نَفْسِهِ	ن ف س	عَلَى	position_crosswalk	morpheme_aligned
q:6:12:15	6:12	6:12	15	w-s006-a012-w012	6:12:12	m-w-s006-a012-w012-02	الرَّحْمَةَ	ر ح م		position_crosswalk	morpheme_aligned
q:6:12:17	6:12	6:12	17	w-s006-a012-w013	6:12:13	m-w-s006-a012-w013-02;m-w-s006-a012-w013-04	لَيَجْمَعَنَّكُمْ	ج م ع	إِلَى	position_crosswalk	morpheme_aligned
q:6:12:18	6:12	6:12	18	w-s006-a012-w014	6:12:14	m-w-s006-a012-w014-01			إِلَى	position_crosswalk	morpheme_aligned
q:6:12:19	6:12	6:12	19	w-s006-a012-w015	6:12:15	m-w-s006-a012-w015-01	يَوْمِ	ي و م	إِلَى	position_crosswalk	morpheme_aligned
q:6:12:20	6:12	6:12	20	w-s006-a012-w016	6:12:16	m-w-s006-a012-w016-02	الْقِيَامَةِ	ق و م		position_crosswalk	morpheme_aligned
q:6:12:21	6:12	6:12	21	w-s006-a012-w017	6:12:17	m-w-s006-a012-w017-01	لَا			position_crosswalk	morpheme_aligned
q:6:12:22	6:12	6:12	22	w-s006-a012-w018	6:12:18	m-w-s006-a012-w018-01	رَيْبَ	ر ي ب	فِي	position_crosswalk	morpheme_aligned
q:6:12:23	6:12	6:12	23	w-s006-a012-w019	6:12:19	m-w-s006-a012-w019-02;m-w-s006-a012-w019-01			فِي	position_crosswalk	morpheme_aligned
q:6:12:24	6:12	6:12	24	w-s006-a012-w020	6:12:20	m-w-s006-a012-w020-01	الَّذِينَ	ل ل ذ		position_crosswalk	morpheme_aligned
q:6:12:25	6:12	6:12	25	w-s006-a012-w021	6:12:21	m-w-s006-a012-w021-01	خَسِرُوا	خ س ر		position_crosswalk	morpheme_aligned
q:6:12:26	6:12	6:12	26	w-s006-a012-w022	6:12:22	m-w-s006-a012-w022-01	أَنْفُسَهُمْ	ن ف س		position_crosswalk	morpheme_aligned
q:6:12:28	6:12	6:12	28	w-s006-a012-w023	6:12:23	m-w-s006-a012-w023-02	فَهُمْ			position_crosswalk	morpheme_aligned
q:6:12:30	6:12	6:12	30	w-s006-a012-w025	6:12:25	m-w-s006-a012-w025-01	يُؤْمِنُونَ	أ م ن		position_crosswalk	morpheme_aligned
q:6:13:2	6:13	6:13	2	w-s006-a013-w001	6:13:1	m-w-s006-a013-w001-03;m-w-s006-a013-w001-02	وَلَهُ	و ل ي	لـ	position_crosswalk	morpheme_aligned
q:6:13:3	6:13	6:13	3	w-s006-a013-w002	6:13:2	m-w-s006-a013-w002-01	مَا		لـ	surface_root_sequence_fallback	morpheme_aligned
q:6:13:4	6:13	6:13	4	w-s006-a013-w003	6:13:3	m-w-s006-a013-w003-01	سَكَنَ	س ك ن	فِي	surface_root_sequence_fallback	morpheme_aligned
q:6:13:5	6:13	6:13	5	w-s006-a013-w004	6:13:4	m-w-s006-a013-w004-01			فِي	surface_root_sequence_fallback	morpheme_aligned
q:6:13:6	6:13	6:13	6	w-s006-a013-w005	6:13:5	m-w-s006-a013-w005-02	اللَّيْلِ	ل ي ل	فِي	surface_root_sequence_fallback	morpheme_aligned
q:6:13:8	6:13	6:13	8	w-s006-a013-w006	6:13:6	m-w-s006-a013-w006-03	وَالنَّهَارِ	ن ه ر		position_crosswalk	morpheme_aligned
q:6:13:10	6:13	6:13	10	w-s006-a013-w007	6:13:7	m-w-s006-a013-w007-02	وَهُوَ			position_crosswalk	morpheme_aligned
q:6:13:11	6:13	6:13	11	w-s006-a013-w008	6:13:8	m-w-s006-a013-w008-02	السَّمِيعُ	س م ع		surface_root_sequence_fallback	morpheme_aligned
q:6:13:12	6:13	6:13	12	w-s006-a013-w009	6:13:9	m-w-s006-a013-w009-02	الْعَلِيمُ	ع ل م		surface_root_sequence_fallback	morpheme_aligned
q:6:14:1	6:14	6:14	1	w-s006-a014-w001	6:14:1	m-w-s006-a014-w001-01	قُلْ	ق ل ل		position_crosswalk	morpheme_aligned
q:6:14:2	6:14	6:14	2	w-s006-a014-w002	6:14:2	m-w-s006-a014-w002-02	أَغَيْرَ	غ ي ر		position_crosswalk	morpheme_aligned
q:6:14:3	6:14	6:14	3	w-s006-a014-w003	6:14:3	m-w-s006-a014-w003-01	اللَّهِ	أ ل ه		surface_root_sequence_fallback	morpheme_aligned
q:6:14:4	6:14	6:14	4	w-s006-a014-w004	6:14:4	m-w-s006-a014-w004-01	أَتَّخِذُ	أ خ ذ		surface_root_sequence_fallback	morpheme_aligned
q:6:14:5	6:14	6:14	5	w-s006-a014-w005	6:14:5	m-w-s006-a014-w005-01	وَلِيَّاً	و ل ي		surface_root_sequence_fallback	morpheme_aligned
q:6:14:6	6:14	6:14	6	w-s006-a014-w006	6:14:6	m-w-s006-a014-w006-01	فَاطِرِ	ف ط ر		surface_root_sequence_fallback	morpheme_aligned
q:6:14:7	6:14	6:14	7	w-s006-a014-w007	6:14:7	m-w-s006-a014-w007-02	السَّمَاوَاتِ	س م و		surface_root_sequence_fallback	morpheme_aligned
q:6:14:9	6:14	6:14	9	w-s006-a014-w008	6:14:8	m-w-s006-a014-w008-03	وَالْأَرْضِ	أ ر ض		position_crosswalk	morpheme_aligned
q:6:14:11	6:14	6:14	11	w-s006-a014-w009	6:14:9	m-w-s006-a014-w009-02	وَهُوَ			position_crosswalk	morpheme_aligned
q:6:14:12	6:14	6:14	12	w-s006-a014-w010	6:14:10	m-w-s006-a014-w010-01	يُطْعِمُ	ط ع م		surface_root_sequence_fallback	morpheme_aligned
q:6:14:15	6:14	6:14	15	w-s006-a014-w010	6:14:10	m-w-s006-a014-w010-01	يُطْعَمُ	ط ع م		surface_root_sequence_fallback	morpheme_aligned
q:6:14:16	6:14	6:14	16	w-s006-a014-w013	6:14:13	m-w-s006-a014-w013-01	قُلْ	ق ل ل		surface_root_sequence_fallback	morpheme_aligned
q:6:14:17	6:14	6:14	17	w-s006-a014-w014	6:14:14	m-w-s006-a014-w014-01;m-w-s006-a014-w014-02	إِنِّي			surface_root_sequence_fallback	morpheme_aligned
q:6:14:18	6:14	6:14	18	w-s006-a014-w015	6:14:15	m-w-s006-a014-w015-01	أُمِرْتُ	أ م ر		surface_root_sequence_fallback	morpheme_aligned
q:6:14:19	6:14	6:14	19	w-s006-a014-w016	6:14:16	m-w-s006-a014-w016-01	أَنْ			surface_root_sequence_fallback	morpheme_aligned
q:6:14:20	6:14	6:14	20	w-s006-a014-w017	6:14:17	m-w-s006-a014-w017-01	أَكُونَ	ك و ن		surface_root_sequence_fallback	morpheme_aligned
q:6:14:21	6:14	6:14	21	w-s006-a014-w018	6:14:18	m-w-s006-a014-w018-01	أَوَّلَ	أ و ل		surface_root_sequence_fallback	morpheme_aligned
q:6:14:22	6:14	6:14	22	w-s006-a014-w019	6:14:19	m-w-s006-a014-w019-01	مَنْ	م ن ن		surface_root_sequence_fallback	morpheme_aligned
q:6:14:23	6:14	6:14	23	w-s006-a014-w020	6:14:20	m-w-s006-a014-w020-01	أَسْلَمَ	س ل م		surface_root_sequence_fallback	morpheme_aligned
q:6:14:26	6:14	6:14	26	w-s006-a014-w022	6:14:22	m-w-s006-a014-w022-01	تَكُونَنَّ	ك و ن	مِن	surface_root_sequence_fallback	morpheme_aligned
q:6:14:27	6:14	6:14	27	w-s006-a014-w023	6:14:23	m-w-s006-a014-w023-01			مِن	surface_root_sequence_fallback	morpheme_aligned
q:6:14:28	6:14	6:14	28	w-s006-a014-w024	6:14:24	m-w-s006-a014-w024-02	الْمُشْرِكِينَ	ش ر ك	مِن	surface_root_sequence_fallback	morpheme_aligned
q:6:15:1	6:15	6:15	1	w-s006-a015-w001	6:15:1	m-w-s006-a015-w001-01	قُلْ	ق ل ل		position_crosswalk	morpheme_aligned
q:6:15:2	6:15	6:15	2	w-s006-a015-w002	6:15:2	m-w-s006-a015-w002-01;m-w-s006-a015-w002-02	إِنِّي			position_crosswalk	morpheme_aligned
q:6:15:3	6:15	6:15	3	w-s006-a015-w003	6:15:3	m-w-s006-a015-w003-01	أَخَافُ	خ و ف		position_crosswalk	morpheme_aligned
q:6:15:4	6:15	6:15	4	w-s006-a015-w004	6:15:4	m-w-s006-a015-w004-01	إِنْ			position_crosswalk	morpheme_aligned
q:6:15:5	6:15	6:15	5	w-s006-a015-w005	6:15:5	m-w-s006-a015-w005-01	عَصَيْتُ	ع ص ي		position_crosswalk	morpheme_aligned
q:6:15:6	6:15	6:15	6	w-s006-a015-w006	6:15:6	m-w-s006-a015-w006-01	رَبِّي	ر ب ب		position_crosswalk	morpheme_aligned
q:6:15:7	6:15	6:15	7	w-s006-a015-w007	6:15:7	m-w-s006-a015-w007-01	عَذَابَ	ع ذ ب		position_crosswalk	morpheme_aligned
q:6:15:8	6:15	6:15	8	w-s006-a015-w008	6:15:8	m-w-s006-a015-w008-01	يَوْمٍ	ي و م		position_crosswalk	morpheme_aligned
q:6:15:9	6:15	6:15	9	w-s006-a015-w009	6:15:9	m-w-s006-a015-w009-01	عَظِيمٍ	ع ظ م		position_crosswalk	morpheme_aligned
q:6:16:1	6:16	6:16	1	w-s006-a016-w001	6:16:1	m-w-s006-a016-w001-01	مَنْ	م ن ن		position_crosswalk	morpheme_aligned
q:6:16:2	6:16	6:16	2	w-s006-a016-w002	6:16:2	m-w-s006-a016-w002-01	يُصْرَفْ	ص ر ف	عَن	position_crosswalk	morpheme_aligned
q:6:16:3	6:16	6:16	3	w-s006-a016-w003	6:16:3	m-w-s006-a016-w003-02;m-w-s006-a016-w003-01			عَن	position_crosswalk	morpheme_aligned
q:6:16:4	6:16	6:16	4	w-s006-a016-w004	6:16:4	m-w-s006-a016-w004-01	يَوْمَئِذٍ	ي و م		position_crosswalk	morpheme_aligned
q:6:16:7	6:16	6:16	7	w-s006-a016-w006	6:16:6	m-w-s006-a016-w006-01;m-w-s006-a016-w006-02	رَحِمَهُ	ر ح م		position_crosswalk	morpheme_aligned
q:6:16:9	6:16	6:16	9	w-s006-a016-w007	6:16:7	m-w-s006-a016-w007-02	وَذَلِكَ			position_crosswalk	morpheme_aligned
q:6:16:10	6:16	6:16	10	w-s006-a016-w008	6:16:8	m-w-s006-a016-w008-02	الْفَوْزُ	ف و ز		position_crosswalk	morpheme_aligned
q:6:16:11	6:16	6:16	11	w-s006-a016-w009	6:16:9	m-w-s006-a016-w009-02	الْمُبِينُ	ب ي ن		position_crosswalk	morpheme_aligned
q:6:17:3	6:17	6:17	3	w-s006-a017-w002	6:17:2	m-w-s006-a017-w002-01;m-w-s006-a017-w002-02	يَمْسَسْكَ	م س س	بـ	position_crosswalk	morpheme_aligned
q:6:17:4	6:17	6:17	4	w-s006-a017-w003	6:17:3	m-w-s006-a017-w003-01	اللَّهُ	أ ل ه		position_crosswalk	morpheme_aligned
q:6:17:5	6:17	6:17	5	w-s006-a017-w004	6:17:4	m-w-s006-a017-w004-01			بـ	position_crosswalk	morpheme_aligned
q:6:17:6	6:17	6:17	6	w-s006-a017-w004	6:17:4	m-w-s006-a017-w004-02	بِضُرٍّ	ض ر ر	بـ	position_crosswalk	morpheme_aligned
q:6:17:8	6:17	6:17	8	w-s006-a017-w005	6:17:5	m-w-s006-a017-w005-02	فَلَا			position_crosswalk	morpheme_aligned
q:6:17:9	6:17	6:17	9	w-s006-a017-w006	6:17:6	m-w-s006-a017-w006-01	كَاشِفَ	ك ش ف	لـ	position_crosswalk	morpheme_aligned
q:6:17:10	6:17	6:17	10	w-s006-a017-w007	6:17:7	m-w-s006-a017-w007-02;m-w-s006-a017-w007-01			لـ	position_crosswalk	morpheme_aligned
q:6:17:12	6:17	6:17	12	w-s006-a017-w009	6:17:9	m-w-s006-a017-w009-01	هُوَ			surface_root_sequence_fallback	morpheme_aligned
q:6:17:15	6:17	6:17	15	w-s006-a017-w011	6:17:11	m-w-s006-a017-w011-01;m-w-s006-a017-w011-02	يَمْسَسْكَ	م س س	بـ	surface_root_sequence_fallback	morpheme_aligned
q:6:17:16	6:17	6:17	16	w-s006-a017-w012	6:17:12	m-w-s006-a017-w012-01			بـ	surface_root_sequence_fallback	morpheme_aligned
q:6:17:17	6:17	6:17	17	w-s006-a017-w012	6:17:12	m-w-s006-a017-w012-02	بِخَيْرٍ	خ ي ر	بـ	position_crosswalk	morpheme_aligned
q:6:17:19	6:17	6:17	19	w-s006-a017-w013	6:17:13	m-w-s006-a017-w013-02	فَهُوَ			position_crosswalk	morpheme_aligned
q:6:17:20	6:17	6:17	20	w-s006-a017-w014	6:17:14	m-w-s006-a017-w014-01			عَلَى	surface_root_sequence_fallback	morpheme_aligned
q:6:17:21	6:17	6:17	21	w-s006-a017-w015	6:17:15	m-w-s006-a017-w015-01	كُلِّ	ك ل ل	عَلَى	surface_root_sequence_fallback	morpheme_aligned
q:6:17:22	6:17	6:17	22	w-s006-a017-w016	6:17:16	m-w-s006-a017-w016-01	شَيْءٍ	ش ي ء		surface_root_sequence_fallback	morpheme_aligned
q:6:17:23	6:17	6:17	23	w-s006-a017-w017	6:17:17	m-w-s006-a017-w017-01	قَدِيرٌ	ق د ر	عَلَى	surface_root_sequence_fallback	morpheme_aligned
q:6:18:2	6:18	6:18	2	w-s006-a018-w001	6:18:1	m-w-s006-a018-w001-02	وَهُوَ			position_crosswalk	morpheme_aligned
q:6:18:3	6:18	6:18	3	w-s006-a018-w002	6:18:2	m-w-s006-a018-w002-02	الْقَاهِرُ	ق ه ر		position_crosswalk	morpheme_aligned
q:6:18:4	6:18	6:18	4	w-s006-a018-w003	6:18:3	m-w-s006-a018-w003-01	فَوْقَ	ف و ق		position_crosswalk	morpheme_aligned
q:6:18:5	6:18	6:18	5	w-s006-a018-w004	6:18:4	m-w-s006-a018-w004-01	عِبَادِهِ	ع ب د		position_crosswalk	morpheme_aligned
q:6:18:7	6:18	6:18	7	w-s006-a018-w005	6:18:5	m-w-s006-a018-w005-02	وَهُوَ			position_crosswalk	morpheme_aligned
q:6:18:8	6:18	6:18	8	w-s006-a018-w006	6:18:6	m-w-s006-a018-w006-02	الْحَكِيمُ	ح ك م		position_crosswalk	morpheme_aligned
q:6:18:9	6:18	6:18	9	w-s006-a018-w007	6:18:7	m-w-s006-a018-w007-02	الْخَبِيرُ	خ ب ر		position_crosswalk	morpheme_aligned
q:6:19:1	6:19	6:19	1	w-s006-a019-w001	6:19:1	m-w-s006-a019-w001-01	قُلْ	ق ل ل		position_crosswalk	morpheme_aligned
q:6:19:2	6:19	6:19	2	w-s006-a019-w002	6:19:2	m-w-s006-a019-w002-01	أَيُّ	أ ي ي		position_crosswalk	morpheme_aligned
q:6:19:3	6:19	6:19	3	w-s006-a019-w003	6:19:3	m-w-s006-a019-w003-01	شَيْءٍ	ش ي ء		position_crosswalk	morpheme_aligned
q:6:19:4	6:19	6:19	4	w-s006-a019-w004	6:19:4	m-w-s006-a019-w004-01	أَكْبَرُ	ك ب ر		position_crosswalk	morpheme_aligned
q:6:19:5	6:19	6:19	5	w-s006-a019-w005	6:19:5	m-w-s006-a019-w005-01	شَهَادَةً	ش ه د		position_crosswalk	morpheme_aligned
q:6:19:6	6:19	6:19	6	w-s006-a019-w006	6:19:6	m-w-s006-a019-w006-01	قُلِ	ق ل ل		position_crosswalk	morpheme_aligned
q:6:19:7	6:19	6:19	7	w-s006-a019-w007	6:19:7	m-w-s006-a019-w007-01	اللَّهُ	أ ل ه		position_crosswalk	morpheme_aligned
q:6:19:8	6:19	6:19	8	w-s006-a019-w008	6:19:8	m-w-s006-a019-w008-01	شَهِيدٌ	ش ه د		position_crosswalk	morpheme_aligned
q:6:19:9	6:19	6:19	9	w-s006-a019-w009	6:19:9	m-w-s006-a019-w009-01	بَيْنِي	ب ي ن		position_crosswalk	morpheme_aligned
q:6:19:11	6:19	6:19	11	w-s006-a019-w009	6:19:9	m-w-s006-a019-w009-01	وَبَيْنَكُمْ	ب ي ن		surface_root_sequence_fallback	morpheme_aligned
q:6:19:13	6:19	6:19	13	w-s006-a019-w011	6:19:11	m-w-s006-a019-w011-02	وَأُوحِيَ	و ح ي	إِلَى	position_crosswalk	morpheme_aligned
q:6:19:14	6:19	6:19	14	w-s006-a019-w012	6:19:12	m-w-s006-a019-w012-02;m-w-s006-a019-w012-01			إِلَى	position_crosswalk	morpheme_aligned
q:6:19:15	6:19	6:19	15	w-s006-a019-w013	6:19:13	m-w-s006-a019-w013-01	هَذَا			position_crosswalk	morpheme_aligned
q:6:19:16	6:19	6:19	16	w-s006-a019-w014	6:19:14	m-w-s006-a019-w014-02	الْقُرْآنُ	ق ر ء		position_crosswalk	morpheme_aligned
q:6:19:17	6:19	6:19	17	w-s006-a019-w015	6:19:15	m-w-s006-a019-w015-02	لِأُنْذِرَكُمْ	و ل ي		position_crosswalk	morpheme_aligned
q:6:19:18	6:19	6:19	18	w-s006-a019-w015	6:19:15	m-w-s006-a019-w015-02;m-w-s006-a019-w015-03	لِأُنْذِرَكُمْ	ن ذ ر	بـ	position_crosswalk	morpheme_aligned
q:6:19:19	6:19	6:19	19	w-s006-a019-w016	6:19:16	m-w-s006-a019-w016-02;m-w-s006-a019-w016-01			بـ	position_crosswalk	morpheme_aligned
q:6:19:21	6:19	6:19	21	w-s006-a019-w017	6:19:17	m-w-s006-a019-w017-02	وَمَنْ	م ن ن		position_crosswalk	morpheme_aligned
q:6:19:23	6:19	6:19	23	w-s006-a019-w019	6:19:19	m-w-s006-a019-w019-02;m-w-s006-a019-w019-03	أَئِنَّكُمْ			surface_root_sequence_fallback	morpheme_aligned
q:6:19:25	6:19	6:19	25	w-s006-a019-w020	6:19:20	m-w-s006-a019-w020-02	لَتَشْهَدُونَ	ش ه د		surface_root_sequence_fallback	morpheme_aligned
q:6:19:26	6:19	6:19	26	w-s006-a019-w021	6:19:21	m-w-s006-a019-w021-01	أَنَّ			surface_root_sequence_fallback	morpheme_aligned
q:6:19:27	6:19	6:19	27	w-s006-a019-w022	6:19:22	m-w-s006-a019-w022-01	مَعَ	م ع ع		surface_root_sequence_fallback	morpheme_aligned
q:6:19:28	6:19	6:19	28	w-s006-a019-w023	6:19:23	m-w-s006-a019-w023-01	اللَّهِ	أ ل ه		surface_root_sequence_fallback	morpheme_aligned
q:6:19:29	6:19	6:19	29	w-s006-a019-w023	6:19:23	m-w-s006-a019-w023-01	آلِهَةً	أ ل ه		surface_root_sequence_fallback	morpheme_aligned
q:6:19:30	6:19	6:19	30	w-s006-a019-w025	6:19:25	m-w-s006-a019-w025-01	أُخْرَى	أ خ ر		surface_root_sequence_fallback	morpheme_aligned
q:6:19:31	6:19	6:19	31	w-s006-a019-w026	6:19:26	m-w-s006-a019-w026-01	قُلْ	ق ل ل		surface_root_sequence_fallback	morpheme_aligned
q:6:19:32	6:19	6:19	32	w-s006-a019-w027	6:19:27	m-w-s006-a019-w027-01	لَا			surface_root_sequence_fallback	morpheme_aligned
q:6:19:34	6:19	6:19	34	w-s006-a019-w029	6:19:29	m-w-s006-a019-w029-01	قُلْ	ق ل ل		surface_root_sequence_fallback	morpheme_aligned
q:6:19:35	6:19	6:19	35	w-s006-a019-w030	6:19:30		إِنَّمَا	إ ن م ا		surface_root_sequence_fallback	word_aligned
q:6:19:36	6:19	6:19	36	w-s006-a019-w031	6:19:31	m-w-s006-a019-w031-01	هُوَ			surface_root_sequence_fallback	morpheme_aligned
q:6:19:37	6:19	6:19	37	w-s006-a019-w032	6:19:32	m-w-s006-a019-w032-01	إِلَهٌ	أ ل ه		surface_root_sequence_fallback	morpheme_aligned
q:6:19:38	6:19	6:19	38	w-s006-a019-w033	6:19:33	m-w-s006-a019-w033-01	وَاحِدٌ	و ح د		surface_root_sequence_fallback	morpheme_aligned
q:6:19:40	6:19	6:19	40	w-s006-a019-w034	6:19:34	m-w-s006-a019-w034-02;m-w-s006-a019-w034-03	وَإِنَّنِي			surface_root_sequence_fallback	morpheme_aligned
q:6:19:41	6:19	6:19	41	w-s006-a019-w035	6:19:35	m-w-s006-a019-w035-01	بَرِيءٌ	ب ر أ	مِن	surface_root_sequence_fallback	morpheme_aligned
q:6:19:42	6:19	6:19	42	w-s006-a019-w036	6:19:36	m-w-s006-a019-w036-01			مِن	surface_root_sequence_fallback	morpheme_aligned
q:6:19:43	6:19	6:19	43	w-s006-a019-w037	6:19:37	m-w-s006-a019-w037-01	تُشْرِكُونَ	ش ر ك		surface_root_sequence_fallback	morpheme_aligned
q:6:20:1	6:20	6:20	1	w-s006-a020-w001	6:20:1	m-w-s006-a020-w001-01	الَّذِينَ	ل ل ذ		position_crosswalk	morpheme_aligned
q:6:20:2	6:20	6:20	2	w-s006-a020-w002	6:20:2	m-w-s006-a020-w002-01	آتَيْنَاهُمُ	أ ت ي		position_crosswalk	morpheme_aligned
q:6:20:3	6:20	6:20	3	w-s006-a020-w003	6:20:3	m-w-s006-a020-w003-02	الْكِتَابَ	ك ت ب		position_crosswalk	morpheme_aligned
q:6:20:4	6:20	6:20	4	w-s006-a020-w004	6:20:4	m-w-s006-a020-w004-01	يَعْرِفُونَهُ	ع ر ف	كـ	position_crosswalk	morpheme_aligned
q:6:20:5	6:20	6:20	5	w-s006-a020-w005	6:20:5	m-w-s006-a020-w005-01			كـ	position_crosswalk	morpheme_aligned
q:6:20:6	6:20	6:20	6	w-s006-a020-w005	6:20:5	m-w-s006-a020-w005-02	كَمَا		كـ	position_crosswalk	morpheme_aligned
q:6:20:7	6:20	6:20	7	w-s006-a020-w006	6:20:6	m-w-s006-a020-w006-01	يَعْرِفُونَ	ع ر ف		position_crosswalk	morpheme_aligned
q:6:20:8	6:20	6:20	8	w-s006-a020-w007	6:20:7	m-w-s006-a020-w007-01	أَبْنَاءَهُمُ	ب ن ي		position_crosswalk	morpheme_aligned
q:6:20:9	6:20	6:20	9	w-s006-a020-w008	6:20:8	m-w-s006-a020-w008-01	الَّذِينَ	ل ل ذ		position_crosswalk	morpheme_aligned
q:6:20:10	6:20	6:20	10	w-s006-a020-w009	6:20:9	m-w-s006-a020-w009-01	خَسِرُوا	خ س ر		position_crosswalk	morpheme_aligned
q:6:20:11	6:20	6:20	11	w-s006-a020-w010	6:20:10	m-w-s006-a020-w010-01	أَنْفُسَهُمْ	ن ف س		position_crosswalk	morpheme_aligned
q:6:20:13	6:20	6:20	13	w-s006-a020-w011	6:20:11	m-w-s006-a020-w011-02	فَهُمْ			position_crosswalk	morpheme_aligned
q:6:20:15	6:20	6:20	15	w-s006-a020-w013	6:20:13	m-w-s006-a020-w013-01	يُؤْمِنُونَ	أ م ن		position_crosswalk	morpheme_aligned
q:6:21:2	6:21	6:21	2	w-s006-a021-w001	6:21:1	m-w-s006-a021-w001-02	وَمَنْ	م ن ن		position_crosswalk	morpheme_aligned
q:6:21:3	6:21	6:21	3	w-s006-a021-w002	6:21:2	m-w-s006-a021-w002-01	أَظْلَمُ	ظ ل م	مِن	position_crosswalk	morpheme_aligned
q:6:21:4	6:21	6:21	4	w-s006-a021-w003	6:21:3	m-w-s006-a021-w003-02;m-w-s006-a021-w003-01			مِن	position_crosswalk	morpheme_aligned
q:6:21:5	6:21	6:21	5	w-s006-a021-w004	6:21:4	m-w-s006-a021-w004-01	افْتَرَى	ف ر ي	عَلَى	position_crosswalk	morpheme_aligned
q:6:21:6	6:21	6:21	6	w-s006-a021-w005	6:21:5	m-w-s006-a021-w005-01			عَلَى	position_crosswalk	morpheme_aligned
q:6:21:7	6:21	6:21	7	w-s006-a021-w006	6:21:6	m-w-s006-a021-w006-01	اللَّهِ	أ ل ه	عَلَى	position_crosswalk	morpheme_aligned
q:6:21:8	6:21	6:21	8	w-s006-a021-w007	6:21:7	m-w-s006-a021-w007-01	كَذِبَاً	ك ذ ب		position_crosswalk	morpheme_aligned
q:6:21:10	6:21	6:21	10	w-s006-a021-w007	6:21:7	m-w-s006-a021-w007-01	كَذَّبَ	ك ذ ب	بـ	surface_root_sequence_fallback	morpheme_aligned
q:6:21:11	6:21	6:21	11	w-s006-a021-w007	6:21:7	m-w-s006-a021-w007-01			بـ	surface_root_sequence_fallback	morpheme_aligned
q:6:21:12	6:21	6:21	12	w-s006-a021-w010	6:21:10	m-w-s006-a021-w010-02	بِآيَاتِهِ	أ ي ي	بـ	position_crosswalk	morpheme_aligned
q:6:21:13	6:21	6:21	13	w-s006-a021-w011	6:21:11	m-w-s006-a021-w011-01;m-w-s006-a021-w011-02	إِنَّهُ			derived_morpheme_unit	morpheme_aligned
q:6:21:15	6:21	6:21	15	w-s006-a021-w013	6:21:13	m-w-s006-a021-w013-01	يُفْلِحُ	ف ل ح		position_crosswalk	morpheme_aligned
q:6:21:16	6:21	6:21	16	w-s006-a021-w014	6:21:14	m-w-s006-a021-w014-02	الظَّالِمُونَ	ظ ل م		position_crosswalk	morpheme_aligned
q:6:22:2	6:22	6:22	2	w-s006-a022-w001	6:22:1	m-w-s006-a022-w001-02	وَيَوْمَ	ي و م		position_crosswalk	morpheme_aligned
q:6:22:3	6:22	6:22	3	w-s006-a022-w002	6:22:2	m-w-s006-a022-w002-01;m-w-s006-a022-w002-02	نَحْشُرُهُمْ	ح ش ر		position_crosswalk	morpheme_aligned
q:6:22:4	6:22	6:22	4	w-s006-a022-w003	6:22:3	m-w-s006-a022-w003-01	جَمِيعَاً	ج م ع		position_crosswalk	morpheme_aligned
q:6:22:6	6:22	6:22	6	w-s006-a022-w005	6:22:5	m-w-s006-a022-w005-01	نَقُولُ	ق و ل	لـ	position_crosswalk	morpheme_aligned
q:6:22:7	6:22	6:22	7	w-s006-a022-w006	6:22:6	m-w-s006-a022-w006-01			لـ	position_crosswalk	morpheme_aligned
q:6:22:8	6:22	6:22	8	w-s006-a022-w006	6:22:6	m-w-s006-a022-w006-02	لِلَّذِينَ	ل ل ذ	لـ	position_crosswalk	morpheme_aligned
q:6:22:9	6:22	6:22	9	w-s006-a022-w007	6:22:7	m-w-s006-a022-w007-01	أَشْرَكُوا	ش ر ك		position_crosswalk	morpheme_aligned
q:6:22:10	6:22	6:22	10	w-s006-a022-w008	6:22:8	m-w-s006-a022-w008-01	أَيْنَ	أ ي ن		position_crosswalk	morpheme_aligned
q:6:22:11	6:22	6:22	11	w-s006-a022-w009	6:22:9	m-w-s006-a022-w009-01	شُرَكَاؤُكُمُ	ش ر ك		position_crosswalk	morpheme_aligned
q:6:22:12	6:22	6:22	12	w-s006-a022-w010	6:22:10	m-w-s006-a022-w010-01	الَّذِينَ	ل ل ذ		position_crosswalk	morpheme_aligned
q:6:22:13	6:22	6:22	13	w-s006-a022-w011	6:22:11	m-w-s006-a022-w011-01	كُنْتُمْ	ك و ن		position_crosswalk	morpheme_aligned
q:6:22:14	6:22	6:22	14	w-s006-a022-w012	6:22:12	m-w-s006-a022-w012-01	تَزْعُمُونَ	ز ع م		position_crosswalk	morpheme_aligned
q:6:23:3	6:23	6:23	3	w-s006-a023-w003	6:23:3	m-w-s006-a023-w003-01	تَكُنْ	ك و ن		position_crosswalk	morpheme_aligned
q:6:23:4	6:23	6:23	4	w-s006-a023-w004	6:23:4	m-w-s006-a023-w004-01	فِتْنَتُهُمْ	ف ت ن		position_crosswalk	morpheme_aligned
q:6:23:6	6:23	6:23	6	w-s006-a023-w006	6:23:6	m-w-s006-a023-w006-01	أَنْ			position_crosswalk	morpheme_aligned
q:6:23:7	6:23	6:23	7	w-s006-a023-w007	6:23:7	m-w-s006-a023-w007-01	قَالُوا	ق و ل		position_crosswalk	morpheme_aligned
q:6:23:8	6:23	6:23	8	w-s006-a023-w008	6:23:8	m-w-s006-a023-w008-02	وَاللَّهِ	أ و ي		position_crosswalk	morpheme_aligned
q:6:23:9	6:23	6:23	9	w-s006-a023-w008	6:23:8	m-w-s006-a023-w008-02	وَاللَّهِ	أ ل ه		position_crosswalk	morpheme_aligned
q:6:23:10	6:23	6:23	10	w-s006-a023-w009	6:23:9	m-w-s006-a023-w009-01	رَبِّنَا	ر ب ب		position_crosswalk	morpheme_aligned
q:6:23:12	6:23	6:23	12	w-s006-a023-w011	6:23:11	m-w-s006-a023-w011-01	كُنَّا	ك و ن		position_crosswalk	morpheme_aligned
q:6:23:13	6:23	6:23	13	w-s006-a023-w012	6:23:12	m-w-s006-a023-w012-01	مُشْرِكِينَ	ش ر ك		position_crosswalk	morpheme_aligned
q:6:24:1	6:24	6:24	1	w-s006-a024-w001	6:24:1	m-w-s006-a024-w001-01	انْظُرْ	ن ظ ر		position_crosswalk	morpheme_aligned
q:6:24:2	6:24	6:24	2	w-s006-a024-w002	6:24:2	m-w-s006-a024-w002-01	كَيْفَ	ك ي ف		position_crosswalk	morpheme_aligned
q:6:24:3	6:24	6:24	3	w-s006-a024-w003	6:24:3	m-w-s006-a024-w003-01	كَذَبُوا	ك ذ ب	عَلَى	position_crosswalk	morpheme_aligned
q:6:24:4	6:24	6:24	4	w-s006-a024-w004	6:24:4	m-w-s006-a024-w004-01			عَلَى	position_crosswalk	morpheme_aligned
q:6:24:5	6:24	6:24	5	w-s006-a024-w005	6:24:5	m-w-s006-a024-w005-01	أَنْفُسِهِمْ	ن ف س	عَلَى	position_crosswalk	morpheme_aligned
q:6:24:7	6:24	6:24	7	w-s006-a024-w006	6:24:6	m-w-s006-a024-w006-02	وَضَلَّ	ض ل ل	عَن	position_crosswalk	morpheme_aligned
q:6:24:8	6:24	6:24	8	w-s006-a024-w007	6:24:7	m-w-s006-a024-w007-02;m-w-s006-a024-w007-01			عَن	position_crosswalk	morpheme_aligned
q:6:24:9	6:24	6:24	9	w-s006-a024-w008	6:24:8	m-w-s006-a024-w008-01	مَا			position_crosswalk	morpheme_aligned
q:6:24:10	6:24	6:24	10	w-s006-a024-w009	6:24:9	m-w-s006-a024-w009-01	كَانُوا	ك و ن		position_crosswalk	morpheme_aligned
q:6:24:11	6:24	6:24	11	w-s006-a024-w010	6:24:10	m-w-s006-a024-w010-01	يَفْتَرُونَ	ف ت ر		position_crosswalk	morpheme_aligned
q:6:25:2	6:25	6:25	2	w-s006-a025-w001	6:25:1	m-w-s006-a025-w001-03;m-w-s006-a025-w001-02	وَمِنْهُمْ	م ن ن	مِن	position_crosswalk	morpheme_aligned
q:6:25:3	6:25	6:25	3	w-s006-a025-w002	6:25:2	m-w-s006-a025-w002-01	مَنْ	م ن ن	مِن	position_crosswalk	morpheme_aligned
q:6:25:4	6:25	6:25	4	w-s006-a025-w003	6:25:3	m-w-s006-a025-w003-01	يَسْتَمِعُ	س م ع	إِلَى	position_crosswalk	morpheme_aligned
q:6:25:5	6:25	6:25	5	w-s006-a025-w004	6:25:4	m-w-s006-a025-w004-02;m-w-s006-a025-w004-01			إِلَى	position_crosswalk	morpheme_aligned
q:6:25:7	6:25	6:25	7	w-s006-a025-w005	6:25:5	m-w-s006-a025-w005-02	وَجَعَلْنَا	ج ع ل	عَلَى;فِي	position_crosswalk	morpheme_aligned
q:6:25:8	6:25	6:25	8	w-s006-a025-w006	6:25:6	m-w-s006-a025-w006-01			عَلَى	position_crosswalk	morpheme_aligned
q:6:25:9	6:25	6:25	9	w-s006-a025-w007	6:25:7	m-w-s006-a025-w007-01	قُلُوبِهِمْ	ق ل ب	عَلَى	position_crosswalk	morpheme_aligned
q:6:25:10	6:25	6:25	10	w-s006-a025-w008	6:25:8	m-w-s006-a025-w008-01	أَكِنَّةً	ك و ن		position_crosswalk	morpheme_aligned
q:6:25:11	6:25	6:25	11	w-s006-a025-w009	6:25:9	m-w-s006-a025-w009-01	أَنْ			position_crosswalk	morpheme_aligned
q:6:25:12	6:25	6:25	12	w-s006-a025-w010	6:25:10	m-w-s006-a025-w010-01	يَفْقَهُوهُ	ف ق ه		position_crosswalk	morpheme_aligned
q:6:25:14	6:25	6:25	14	w-s006-a025-w011	6:25:11	m-w-s006-a025-w011-02			فِي	position_crosswalk	morpheme_aligned
q:6:25:15	6:25	6:25	15	w-s006-a025-w012	6:25:12	m-w-s006-a025-w012-01	آذَانِهِمْ	أ ذ ن	فِي	position_crosswalk	morpheme_aligned
q:6:25:16	6:25	6:25	16	w-s006-a025-w013	6:25:13	m-w-s006-a025-w013-01	وَقْرَاً	و ق ر		position_crosswalk	morpheme_aligned
q:6:25:19	6:25	6:25	19	w-s006-a025-w015	6:25:15	m-w-s006-a025-w015-01	يَرَوْا	ر أ ي		position_crosswalk	morpheme_aligned
q:6:25:20	6:25	6:25	20	w-s006-a025-w016	6:25:16	m-w-s006-a025-w016-01	كُلَّ	ك ل ل		position_crosswalk	morpheme_aligned
q:6:25:21	6:25	6:25	21	w-s006-a025-w017	6:25:17	m-w-s006-a025-w017-01	آيَةٍ	أ ي ي		position_crosswalk	morpheme_aligned
q:6:25:23	6:25	6:25	23	w-s006-a025-w019	6:25:19	m-w-s006-a025-w019-01	يُؤْمِنُوا	أ م ن	بـ	position_crosswalk	morpheme_aligned
q:6:25:24	6:25	6:25	24	w-s006-a025-w020	6:25:20	m-w-s006-a025-w020-02;m-w-s006-a025-w020-01			بـ	position_crosswalk	morpheme_aligned
q:6:25:27	6:25	6:25	27	w-s006-a025-w023	6:25:23	m-w-s006-a025-w023-01	جَاءُوكَ	ج ي أ		surface_root_sequence_fallback	morpheme_aligned
q:6:25:28	6:25	6:25	28	w-s006-a025-w024	6:25:24	m-w-s006-a025-w024-01	يُجَادِلُونَكَ	ج د ل		surface_root_sequence_fallback	morpheme_aligned
q:6:25:29	6:25	6:25	29	w-s006-a025-w025	6:25:25	m-w-s006-a025-w025-01	يَقُولُ	ق و ل		surface_root_sequence_fallback	morpheme_aligned
q:6:25:30	6:25	6:25	30	w-s006-a025-w026	6:25:26	m-w-s006-a025-w026-01	الَّذِينَ	ل ل ذ		surface_root_sequence_fallback	morpheme_aligned
q:6:25:31	6:25	6:25	31	w-s006-a025-w027	6:25:27	m-w-s006-a025-w027-01	كَفَرُوا	ك ف ر		surface_root_sequence_fallback	morpheme_aligned
q:6:25:32	6:25	6:25	32	w-s006-a025-w028	6:25:28	m-w-s006-a025-w028-01	إِنْ			surface_root_sequence_fallback	morpheme_aligned
q:6:25:33	6:25	6:25	33	w-s006-a025-w029	6:25:29	m-w-s006-a025-w029-01	هَذَا			surface_root_sequence_fallback	morpheme_aligned
q:6:25:35	6:25	6:25	35	w-s006-a025-w031	6:25:31	m-w-s006-a025-w031-01	أَسَاطِيرُ	س ط ر		surface_root_sequence_fallback	morpheme_aligned
q:6:25:36	6:25	6:25	36	w-s006-a025-w032	6:25:32	m-w-s006-a025-w032-02	الْأَوَّلِينَ	أ و ل		surface_root_sequence_fallback	morpheme_aligned
q:6:26:2	6:26	6:26	2	w-s006-a026-w001	6:26:1	m-w-s006-a026-w001-02	وَهُمْ			position_crosswalk	morpheme_aligned
q:6:26:3	6:26	6:26	3	w-s006-a026-w002	6:26:2	m-w-s006-a026-w002-01	يَنْهَوْنَ	ن ه ي	عَن	position_crosswalk	morpheme_aligned
q:6:26:4	6:26	6:26	4	w-s006-a026-w003	6:26:3	m-w-s006-a026-w003-02;m-w-s006-a026-w003-01			عَن	position_crosswalk	morpheme_aligned
q:6:26:6	6:26	6:26	6	w-s006-a026-w004	6:26:4	m-w-s006-a026-w004-02	وَيَنْأَوْنَ	ن أ ي	عَن	position_crosswalk	morpheme_aligned
q:6:26:7	6:26	6:26	7	w-s006-a026-w005	6:26:5	m-w-s006-a026-w005-02;m-w-s006-a026-w005-01			عَن	position_crosswalk	morpheme_aligned
q:6:26:10	6:26	6:26	10	w-s006-a026-w007	6:26:7	m-w-s006-a026-w007-01	يُهْلِكُونَ	ه ل ك		position_crosswalk	morpheme_aligned
q:6:26:12	6:26	6:26	12	w-s006-a026-w009	6:26:9	m-w-s006-a026-w009-01	أَنْفُسَهُمْ	ن ف س		position_crosswalk	morpheme_aligned
q:6:26:15	6:26	6:26	15	w-s006-a026-w011	6:26:11	m-w-s006-a026-w011-01	يَشْعُرُونَ	ش ع ر		position_crosswalk	morpheme_aligned
q:6:27:3	6:27	6:27	3	w-s006-a027-w002	6:27:2	m-w-s006-a027-w002-01	تَرَى	ر أ ي		position_crosswalk	morpheme_aligned
q:6:27:4	6:27	6:27	4	w-s006-a027-w003	6:27:3	m-w-s006-a027-w003-01	إِذْ	أ ذ ي		position_crosswalk	morpheme_aligned
q:6:27:5	6:27	6:27	5	w-s006-a027-w004	6:27:4	m-w-s006-a027-w004-01	وُقِفُوا	و ق ف	عَلَى	position_crosswalk	morpheme_aligned
q:6:27:6	6:27	6:27	6	w-s006-a027-w005	6:27:5	m-w-s006-a027-w005-01			عَلَى	position_crosswalk	morpheme_aligned
q:6:27:7	6:27	6:27	7	w-s006-a027-w006	6:27:6	m-w-s006-a027-w006-02	النَّارِ	ن و ر	عَلَى	position_crosswalk	morpheme_aligned
q:6:27:9	6:27	6:27	9	w-s006-a027-w007	6:27:7	m-w-s006-a027-w007-02	فَقَالُوا	ق و ل		position_crosswalk	morpheme_aligned
q:6:27:10	6:27	6:27	10	w-s006-a027-w008	6:27:8	m-w-s006-a027-w008-02	يَالَيْتَنَا			position_crosswalk	morpheme_aligned
q:6:27:11	6:27	6:27	11	w-s006-a027-w008	6:27:8	m-w-s006-a027-w008-02;m-w-s006-a027-w008-03	يَالَيْتَنَا	ل ي ت		position_crosswalk	morpheme_aligned
q:6:27:12	6:27	6:27	12	w-s006-a027-w009	6:27:9	m-w-s006-a027-w009-01	نُرَدُّ	ر د د		position_crosswalk	morpheme_aligned
q:6:27:15	6:27	6:27	15	w-s006-a027-w011	6:27:11	m-w-s006-a027-w011-01	نُكَذِّبَ	ك ذ ب	بـ	position_crosswalk	morpheme_aligned
q:6:27:16	6:27	6:27	16	w-s006-a027-w012	6:27:12	m-w-s006-a027-w012-01			بـ	position_crosswalk	morpheme_aligned
q:6:27:17	6:27	6:27	17	w-s006-a027-w012	6:27:12	m-w-s006-a027-w012-02	بِآيَاتِ	أ ي ي	بـ	position_crosswalk	morpheme_aligned
q:6:27:18	6:27	6:27	18	w-s006-a027-w013	6:27:13	m-w-s006-a027-w013-01	رَبِّنَا	ر ب ب		position_crosswalk	morpheme_aligned
q:6:27:20	6:27	6:27	20	w-s006-a027-w014	6:27:14	m-w-s006-a027-w014-02	وَنَكُونَ	ك و ن	مِن	position_crosswalk	morpheme_aligned
q:6:27:21	6:27	6:27	21	w-s006-a027-w015	6:27:15	m-w-s006-a027-w015-01			مِن	position_crosswalk	morpheme_aligned
q:6:27:22	6:27	6:27	22	w-s006-a027-w016	6:27:16	m-w-s006-a027-w016-02	الْمُؤْمِنِينَ	أ م ن	مِن	position_crosswalk	morpheme_aligned
q:6:28:2	6:28	6:28	2	w-s006-a028-w002	6:28:2	m-w-s006-a028-w002-01	بَدَا	ب د و	لـ	position_crosswalk	morpheme_aligned
q:6:28:3	6:28	6:28	3	w-s006-a028-w003	6:28:3	m-w-s006-a028-w003-01			لـ	position_crosswalk	morpheme_aligned
q:6:28:4	6:28	6:28	4	w-s006-a028-w003	6:28:3	m-w-s006-a028-w003-02	لَهُمْ		لـ	position_crosswalk	morpheme_aligned
q:6:28:5	6:28	6:28	5	w-s006-a028-w004	6:28:4	m-w-s006-a028-w004-01	مَا			position_crosswalk	morpheme_aligned
q:6:28:6	6:28	6:28	6	w-s006-a028-w005	6:28:5	m-w-s006-a028-w005-01	كَانُوا	ك و ن		position_crosswalk	morpheme_aligned
q:6:28:7	6:28	6:28	7	w-s006-a028-w006	6:28:6	m-w-s006-a028-w006-01	يُخْفُونَ	خ ف ي	مِن	position_crosswalk	morpheme_aligned
q:6:28:8	6:28	6:28	8	w-s006-a028-w007	6:28:7	m-w-s006-a028-w007-01			مِن	position_crosswalk	morpheme_aligned
q:6:28:9	6:28	6:28	9	w-s006-a028-w008	6:28:8	m-w-s006-a028-w008-01	قَبْلُ	ق ب ل	مِن	position_crosswalk	morpheme_aligned
q:6:28:12	6:28	6:28	12	w-s006-a028-w010	6:28:10	m-w-s006-a028-w010-01	رُدُّوا	ر د د		position_crosswalk	morpheme_aligned
q:6:28:14	6:28	6:28	14	w-s006-a028-w011	6:28:11	m-w-s006-a028-w011-02	لَعَادُوا	ع و د	لـ	position_crosswalk	morpheme_aligned
q:6:28:15	6:28	6:28	15	w-s006-a028-w011	6:28:11	m-w-s006-a028-w011-02			لـ	surface_root_sequence_fallback	morpheme_aligned
q:6:28:16	6:28	6:28	16	w-s006-a028-w013	6:28:13	m-w-s006-a028-w013-01	نُهُوا	ن ه ي	عَن	surface_root_sequence_fallback	morpheme_aligned
q:6:28:17	6:28	6:28	17	w-s006-a028-w014	6:28:14	m-w-s006-a028-w014-02;m-w-s006-a028-w014-01			عَن	surface_root_sequence_fallback	morpheme_aligned
q:6:28:19	6:28	6:28	19	w-s006-a028-w015	6:28:15	m-w-s006-a028-w015-02;m-w-s006-a028-w015-03	وَإِنَّهُمْ			position_crosswalk	morpheme_aligned
q:6:28:21	6:28	6:28	21	w-s006-a028-w016	6:28:16	m-w-s006-a028-w016-02	لَكَاذِبُونَ	ك ذ ب		position_crosswalk	morpheme_aligned
q:6:29:2	6:29	6:29	2	w-s006-a029-w001	6:29:1	m-w-s006-a029-w001-02	وَقَالُوا	ق و ل		position_crosswalk	morpheme_aligned
q:6:29:3	6:29	6:29	3	w-s006-a029-w002	6:29:2	m-w-s006-a029-w002-01	إِنْ			position_crosswalk	morpheme_aligned
q:6:29:4	6:29	6:29	4	w-s006-a029-w003	6:29:3	m-w-s006-a029-w003-01	هِيَ			position_crosswalk	morpheme_aligned
q:6:29:6	6:29	6:29	6	w-s006-a029-w005	6:29:5	m-w-s006-a029-w005-01	حَيَاتُنَا	ح ي ي		position_crosswalk	morpheme_aligned
q:6:29:7	6:29	6:29	7	w-s006-a029-w006	6:29:6	m-w-s006-a029-w006-02	الدُّنْيَا	د ن و		position_crosswalk	morpheme_aligned
q:6:29:10	6:29	6:29	10	w-s006-a029-w008	6:29:8	m-w-s006-a029-w008-01	نَحْنُ		بـ	position_crosswalk	morpheme_aligned
q:6:29:11	6:29	6:29	11	w-s006-a029-w009	6:29:9	m-w-s006-a029-w009-01			بـ	position_crosswalk	morpheme_aligned
q:6:29:12	6:29	6:29	12	w-s006-a029-w009	6:29:9	m-w-s006-a029-w009-02	بِمَبْعُوثِينَ	ب ع ث	بـ	position_crosswalk	morpheme_aligned
q:6:30:3	6:30	6:30	3	w-s006-a030-w002	6:30:2	m-w-s006-a030-w002-01	تَرَى	ر أ ي		position_crosswalk	morpheme_aligned
q:6:30:4	6:30	6:30	4	w-s006-a030-w003	6:30:3	m-w-s006-a030-w003-01	إِذْ	أ ذ ي		position_crosswalk	morpheme_aligned
q:6:30:5	6:30	6:30	5	w-s006-a030-w004	6:30:4	m-w-s006-a030-w004-01	وُقِفُوا	و ق ف	عَلَى	position_crosswalk	morpheme_aligned
q:6:30:6	6:30	6:30	6	w-s006-a030-w005	6:30:5	m-w-s006-a030-w005-01			عَلَى	position_crosswalk	morpheme_aligned
q:6:30:7	6:30	6:30	7	w-s006-a030-w006	6:30:6	m-w-s006-a030-w006-01	رَبِّهِمْ	ر ب ب	عَلَى	position_crosswalk	morpheme_aligned
q:6:30:8	6:30	6:30	8	w-s006-a030-w007	6:30:7	m-w-s006-a030-w007-01	قَالَ	ق و ل		position_crosswalk	morpheme_aligned
q:6:30:9	6:30	6:30	9	w-s006-a030-w008	6:30:8	m-w-s006-a030-w008-02	أَلَيْسَ	ل ي س	بـ	position_crosswalk	morpheme_aligned
q:6:30:10	6:30	6:30	10	w-s006-a030-w009	6:30:9	m-w-s006-a030-w009-01	هَذَا			surface_root_sequence_fallback	morpheme_aligned
q:6:30:11	6:30	6:30	11	w-s006-a030-w010	6:30:10	m-w-s006-a030-w010-01			بـ	surface_root_sequence_fallback	morpheme_aligned
q:6:30:12	6:30	6:30	12	w-s006-a030-w010	6:30:10	m-w-s006-a030-w010-03	بِالْحَقِّ	ح ق ق	بـ	position_crosswalk	morpheme_aligned
q:6:30:13	6:30	6:30	13	w-s006-a030-w011	6:30:11	m-w-s006-a030-w011-01	قَالُوا	ق و ل		surface_root_sequence_fallback	morpheme_aligned
q:6:30:14	6:30	6:30	14	w-s006-a030-w012	6:30:12	m-w-s006-a030-w012-01	بَلَى	ب ل ي		surface_root_sequence_fallback	morpheme_aligned
q:6:30:15	6:30	6:30	15	w-s006-a030-w013	6:30:13	m-w-s006-a030-w013-02	وَرَبِّنَا	أ و ي		surface_root_sequence_fallback	morpheme_aligned
q:6:30:16	6:30	6:30	16	w-s006-a030-w013	6:30:13	m-w-s006-a030-w013-02	وَرَبِّنَا	ر ب ب		position_crosswalk	morpheme_aligned
q:6:30:17	6:30	6:30	17	w-s006-a030-w014	6:30:14	m-w-s006-a030-w014-01	قَالَ	ق و ل		surface_root_sequence_fallback	morpheme_aligned
q:6:30:18	6:30	6:30	18	w-s006-a030-w015	6:30:15	m-w-s006-a030-w015-02	فَذُوقُوا	ف ي أ		surface_root_sequence_fallback	morpheme_aligned
q:6:30:19	6:30	6:30	19	w-s006-a030-w015	6:30:15	m-w-s006-a030-w015-02	فَذُوقُوا	ذ و ق	بـ	position_crosswalk	morpheme_aligned
q:6:30:20	6:30	6:30	20	w-s006-a030-w016	6:30:16	m-w-s006-a030-w016-02	الْعَذَابَ	ع ذ ب		surface_root_sequence_fallback	morpheme_aligned
q:6:30:21	6:30	6:30	21	w-s006-a030-w017	6:30:17	m-w-s006-a030-w017-01			بـ	surface_root_sequence_fallback	morpheme_aligned
q:6:30:22	6:30	6:30	22	w-s006-a030-w017	6:30:17	m-w-s006-a030-w017-02	بِمَا		بـ	position_crosswalk	morpheme_aligned
q:6:30:23	6:30	6:30	23	w-s006-a030-w018	6:30:18	m-w-s006-a030-w018-01	كُنْتُمْ	ك و ن		surface_root_sequence_fallback	morpheme_aligned
q:6:30:24	6:30	6:30	24	w-s006-a030-w019	6:30:19	m-w-s006-a030-w019-01	تَكْفُرُونَ	ك ف ر		surface_root_sequence_fallback	morpheme_aligned
q:6:31:2	6:31	6:31	2	w-s006-a031-w002	6:31:2	m-w-s006-a031-w002-01	خَسِرَ	خ س ر		position_crosswalk	morpheme_aligned
q:6:31:3	6:31	6:31	3	w-s006-a031-w003	6:31:3	m-w-s006-a031-w003-01	الَّذِينَ	ل ل ذ		position_crosswalk	morpheme_aligned
q:6:31:4	6:31	6:31	4	w-s006-a031-w004	6:31:4	m-w-s006-a031-w004-01	كَذَّبُوا	ك ذ ب	بـ	position_crosswalk	morpheme_aligned
q:6:31:5	6:31	6:31	5	w-s006-a031-w004	6:31:4	m-w-s006-a031-w004-01			بـ	surface_root_sequence_fallback	morpheme_aligned
q:6:31:6	6:31	6:31	6	w-s006-a031-w005	6:31:5	m-w-s006-a031-w005-02	بِلِقَاءِ	ل ق ي	بـ	position_crosswalk	morpheme_aligned
q:6:31:7	6:31	6:31	7	w-s006-a031-w006	6:31:6	m-w-s006-a031-w006-01	اللَّهِ	أ ل ه		position_crosswalk	morpheme_aligned
q:6:31:10	6:31	6:31	10	w-s006-a031-w009	6:31:9	m-w-s006-a031-w009-01;m-w-s006-a031-w009-02	جَاءَتْهُمُ	ج ي أ		position_crosswalk	morpheme_aligned
q:6:31:11	6:31	6:31	11	w-s006-a031-w010	6:31:10	m-w-s006-a031-w010-02	السَّاعَةُ	س و ع		position_crosswalk	morpheme_aligned
q:6:31:12	6:31	6:31	12	w-s006-a031-w011	6:31:11	m-w-s006-a031-w011-01	بَغْتَةً	ب غ ت		position_crosswalk	morpheme_aligned
q:6:31:13	6:31	6:31	13	w-s006-a031-w012	6:31:12	m-w-s006-a031-w012-01	قَالُوا	ق و ل		position_crosswalk	morpheme_aligned
q:6:31:14	6:31	6:31	14	w-s006-a031-w013	6:31:13	m-w-s006-a031-w013-02	يَاحَسْرَتَنَا			position_crosswalk	morpheme_aligned
q:6:31:15	6:31	6:31	15	w-s006-a031-w013	6:31:13	m-w-s006-a031-w013-02	يَاحَسْرَتَنَا	ح س ر	عَلَى	position_crosswalk	morpheme_aligned
q:6:31:16	6:31	6:31	16	w-s006-a031-w014	6:31:14	m-w-s006-a031-w014-01			عَلَى	position_crosswalk	morpheme_aligned
q:6:31:17	6:31	6:31	17	w-s006-a031-w015	6:31:15	m-w-s006-a031-w015-01	مَا		عَلَى	position_crosswalk	morpheme_aligned
q:6:31:18	6:31	6:31	18	w-s006-a031-w016	6:31:16	m-w-s006-a031-w016-01	فَرَّطْنَا	ف ر ط	فِي	position_crosswalk	morpheme_aligned
q:6:31:19	6:31	6:31	19	w-s006-a031-w017	6:31:17	m-w-s006-a031-w017-02;m-w-s006-a031-w017-01			فِي	position_crosswalk	morpheme_aligned
q:6:31:21	6:31	6:31	21	w-s006-a031-w018	6:31:18	m-w-s006-a031-w018-02	وَهُمْ			position_crosswalk	morpheme_aligned
q:6:31:22	6:31	6:31	22	w-s006-a031-w019	6:31:19	m-w-s006-a031-w019-01	يَحْمِلُونَ	ح م ل	عَلَى	position_crosswalk	morpheme_aligned
q:6:31:23	6:31	6:31	23	w-s006-a031-w020	6:31:20	m-w-s006-a031-w020-01	أَوْزَارَهُمْ	و ز ر		position_crosswalk	morpheme_aligned
q:6:31:24	6:31	6:31	24	w-s006-a031-w021	6:31:21	m-w-s006-a031-w021-01			عَلَى	position_crosswalk	morpheme_aligned
q:6:31:25	6:31	6:31	25	w-s006-a031-w022	6:31:22	m-w-s006-a031-w022-01	ظُهُورِهِمْ	ظ ه ر	عَلَى	position_crosswalk	morpheme_aligned
q:6:31:27	6:31	6:31	27	w-s006-a031-w024	6:31:24	m-w-s006-a031-w024-01	سَاءَ	س و أ		position_crosswalk	morpheme_aligned
q:6:31:28	6:31	6:31	28	w-s006-a031-w025	6:31:25	m-w-s006-a031-w025-01	مَا			position_crosswalk	morpheme_aligned
q:6:31:29	6:31	6:31	29	w-s006-a031-w026	6:31:26	m-w-s006-a031-w026-01	يَزِرُونَ	ز و ر		position_crosswalk	morpheme_aligned
q:6:32:3	6:32	6:32	3	w-s006-a032-w002	6:32:2	m-w-s006-a032-w002-02	الْحَيَاةُ	ح ي ي		position_crosswalk	morpheme_aligned
q:6:32:4	6:32	6:32	4	w-s006-a032-w003	6:32:3	m-w-s006-a032-w003-02	الدُّنْيَا	د ن و		position_crosswalk	morpheme_aligned
q:6:32:6	6:32	6:32	6	w-s006-a032-w005	6:32:5	m-w-s006-a032-w005-01	لَعِبٌ	ل ع ب		position_crosswalk	morpheme_aligned
q:6:32:8	6:32	6:32	8	w-s006-a032-w006	6:32:6	m-w-s006-a032-w006-02	وَلَهْوٌ	ل ه و		position_crosswalk	morpheme_aligned
q:6:32:11	6:32	6:32	11	w-s006-a032-w007	6:32:7	m-w-s006-a032-w007-04	وَلَلدَّارُ	د و ر		position_crosswalk	morpheme_aligned
q:6:32:12	6:32	6:32	12	w-s006-a032-w008	6:32:8	m-w-s006-a032-w008-02	الْآخِرَةُ	أ خ ر		position_crosswalk	morpheme_aligned
q:6:32:13	6:32	6:32	13	w-s006-a032-w009	6:32:9	m-w-s006-a032-w009-01	خَيْرٌ	خ ي ر	لـ	position_crosswalk	morpheme_aligned
q:6:32:14	6:32	6:32	14	w-s006-a032-w010	6:32:10	m-w-s006-a032-w010-01			لـ	position_crosswalk	morpheme_aligned
q:6:32:15	6:32	6:32	15	w-s006-a032-w010	6:32:10	m-w-s006-a032-w010-02	لِلَّذِينَ	ل ل ذ	لـ	position_crosswalk	morpheme_aligned
q:6:32:16	6:32	6:32	16	w-s006-a032-w011	6:32:11	m-w-s006-a032-w011-01	يَتَّقُونَ	و ق ي		position_crosswalk	morpheme_aligned
q:6:33:2	6:33	6:33	2	w-s006-a033-w002	6:33:2	m-w-s006-a033-w002-01	نَعْلَمُ	ع ل م		position_crosswalk	morpheme_aligned
q:6:33:3	6:33	6:33	3	w-s006-a033-w003	6:33:3	m-w-s006-a033-w003-01	إِنَّهُ			position_crosswalk	morpheme_aligned
q:6:33:5	6:33	6:33	5	w-s006-a033-w004	6:33:4	m-w-s006-a033-w004-02;m-w-s006-a033-w004-03	لَيَحْزُنُكَ	ح ز ن		position_crosswalk	morpheme_aligned
q:6:33:6	6:33	6:33	6	w-s006-a033-w005	6:33:5	m-w-s006-a033-w005-01	الَّذِي	ل ل ذ		position_crosswalk	morpheme_aligned
q:6:33:7	6:33	6:33	7	w-s006-a033-w006	6:33:6	m-w-s006-a033-w006-01	يَقُولُونَ	ق و ل		position_crosswalk	morpheme_aligned
q:6:33:9	6:33	6:33	9	w-s006-a033-w007	6:33:7	m-w-s006-a033-w007-02	فَإِنَّهُمْ			position_crosswalk	morpheme_aligned
q:6:33:11	6:33	6:33	11	w-s006-a033-w009	6:33:9	m-w-s006-a033-w009-01	يُكَذِّبُونَكَ	ك ذ ب		position_crosswalk	morpheme_aligned
q:6:33:13	6:33	6:33	13	w-s006-a033-w010	6:33:10	m-w-s006-a033-w010-02	وَلَكِنَّ	ل ك ن		position_crosswalk	morpheme_aligned
q:6:33:14	6:33	6:33	14	w-s006-a033-w011	6:33:11	m-w-s006-a033-w011-02	الظَّالِمِينَ	ظ ل م		position_crosswalk	morpheme_aligned
q:6:33:15	6:33	6:33	15	w-s006-a033-w012	6:33:12	m-w-s006-a033-w012-01			بـ	position_crosswalk	morpheme_aligned
q:6:33:16	6:33	6:33	16	w-s006-a033-w012	6:33:12	m-w-s006-a033-w012-02	بِآيَاتِ	أ ي ي	بـ	position_crosswalk	morpheme_aligned
q:6:33:17	6:33	6:33	17	w-s006-a033-w013	6:33:13	m-w-s006-a033-w013-01	اللَّهِ	أ ل ه		position_crosswalk	morpheme_aligned
q:6:33:18	6:33	6:33	18	w-s006-a033-w014	6:33:14	m-w-s006-a033-w014-01	يَجْحَدُونَ	ج ح د	بـ	position_crosswalk	morpheme_aligned
q:6:34:4	6:34	6:34	4	w-s006-a034-w002	6:34:2	m-w-s006-a034-w002-01	كُذِّبَتْ	ك ذ ب		position_crosswalk	morpheme_aligned
q:6:34:5	6:34	6:34	5	w-s006-a034-w003	6:34:3	m-w-s006-a034-w003-01	رُسُلٌ	ر س ل	مِن	position_crosswalk	morpheme_aligned
q:6:34:6	6:34	6:34	6	w-s006-a034-w004	6:34:4	m-w-s006-a034-w004-01			مِن	position_crosswalk	morpheme_aligned
q:6:34:7	6:34	6:34	7	w-s006-a034-w005	6:34:5	m-w-s006-a034-w005-01	قَبْلِكَ	ق ب ل	مِن	position_crosswalk	morpheme_aligned
q:6:34:9	6:34	6:34	9	w-s006-a034-w006	6:34:6	m-w-s006-a034-w006-02	فَصَبَرُوا	ص ب ر	عَلَى	position_crosswalk	morpheme_aligned
q:6:34:10	6:34	6:34	10	w-s006-a034-w007	6:34:7	m-w-s006-a034-w007-01			عَلَى	position_crosswalk	morpheme_aligned
q:6:34:11	6:34	6:34	11	w-s006-a034-w008	6:34:8	m-w-s006-a034-w008-01	مَا		عَلَى	position_crosswalk	morpheme_aligned
q:6:34:12	6:34	6:34	12	w-s006-a034-w009	6:34:9	m-w-s006-a034-w009-01	كُذِّبُوا	ك ذ ب		position_crosswalk	morpheme_aligned
q:6:34:14	6:34	6:34	14	w-s006-a034-w010	6:34:10	m-w-s006-a034-w010-02	وَأُوذُوا	أ ذ ي		position_crosswalk	morpheme_aligned
q:6:34:16	6:34	6:34	16	w-s006-a034-w012	6:34:12	m-w-s006-a034-w012-01;m-w-s006-a034-w012-02	أَتَاهُمْ	أ ت ي		position_crosswalk	morpheme_aligned
q:6:34:17	6:34	6:34	17	w-s006-a034-w013	6:34:13	m-w-s006-a034-w013-01	نَصْرُنَا	ن ص ر		position_crosswalk	morpheme_aligned
q:6:34:20	6:34	6:34	20	w-s006-a034-w015	6:34:15	m-w-s006-a034-w015-01	مُبَدِّلَ	ب د ل	لـ	position_crosswalk	morpheme_aligned
q:6:34:21	6:34	6:34	21	w-s006-a034-w016	6:34:16	m-w-s006-a034-w016-01			لـ	position_crosswalk	morpheme_aligned
q:6:34:22	6:34	6:34	22	w-s006-a034-w016	6:34:16	m-w-s006-a034-w016-02	لِكَلِمَاتِ	ك ل م	لـ	position_crosswalk	morpheme_aligned
q:6:34:23	6:34	6:34	23	w-s006-a034-w017	6:34:17	m-w-s006-a034-w017-01	اللَّهِ	أ ل ه		position_crosswalk	morpheme_aligned
q:6:34:27	6:34	6:34	27	w-s006-a034-w019	6:34:19	m-w-s006-a034-w019-01;m-w-s006-a034-w019-02	جَاءَكَ	ج ي أ	مِن	position_crosswalk	morpheme_aligned
q:6:34:28	6:34	6:34	28	w-s006-a034-w020	6:34:20	m-w-s006-a034-w020-01			مِن	position_crosswalk	morpheme_aligned
q:6:34:29	6:34	6:34	29	w-s006-a034-w021	6:34:21	m-w-s006-a034-w021-01	نَبَإِ	ن ب أ	مِن	position_crosswalk	morpheme_aligned
q:6:34:30	6:34	6:34	30	w-s006-a034-w022	6:34:22	m-w-s006-a034-w022-02	الْمُرْسَلِينَ	ر س ل		position_crosswalk	morpheme_aligned
q:6:35:3	6:35	6:35	3	w-s006-a035-w002	6:35:2	m-w-s006-a035-w002-01	كَانَ	ك و ن		position_crosswalk	morpheme_aligned
q:6:35:4	6:35	6:35	4	w-s006-a035-w003	6:35:3	m-w-s006-a035-w003-01	كَبُرَ	ك ب ر	عَلَى	position_crosswalk	morpheme_aligned
q:6:35:5	6:35	6:35	5	w-s006-a035-w004	6:35:4	m-w-s006-a035-w004-02;m-w-s006-a035-w004-01			عَلَى	position_crosswalk	morpheme_aligned
q:6:35:6	6:35	6:35	6	w-s006-a035-w005	6:35:5	m-w-s006-a035-w005-01	إِعْرَاضُهُمْ	ع ر ض		position_crosswalk	morpheme_aligned
q:6:35:9	6:35	6:35	9	w-s006-a035-w007	6:35:7	m-w-s006-a035-w007-01	اسْتَطَعْتَ	ط و ع		position_crosswalk	morpheme_aligned
q:6:35:10	6:35	6:35	10	w-s006-a035-w008	6:35:8	m-w-s006-a035-w008-01	أَنْ			position_crosswalk	morpheme_aligned
q:6:35:11	6:35	6:35	11	w-s006-a035-w009	6:35:9	m-w-s006-a035-w009-01	تَبْتَغِيَ	ب غ ي		position_crosswalk	morpheme_aligned
q:6:35:12	6:35	6:35	12	w-s006-a035-w010	6:35:10	m-w-s006-a035-w010-01	نَفَقَاً	ن ف ق	فِي	position_crosswalk	morpheme_aligned
q:6:35:13	6:35	6:35	13	w-s006-a035-w011	6:35:11	m-w-s006-a035-w011-01			فِي	position_crosswalk	morpheme_aligned
q:6:35:14	6:35	6:35	14	w-s006-a035-w012	6:35:12	m-w-s006-a035-w012-02	الْأَرْضِ	أ ر ض	فِي	position_crosswalk	morpheme_aligned
q:6:35:16	6:35	6:35	16	w-s006-a035-w014	6:35:14	m-w-s006-a035-w014-01	سُلَّمَاً	س ل م	فِي	position_crosswalk	morpheme_aligned
q:6:35:17	6:35	6:35	17	w-s006-a035-w015	6:35:15	m-w-s006-a035-w015-01			فِي	position_crosswalk	morpheme_aligned
q:6:35:18	6:35	6:35	18	w-s006-a035-w016	6:35:16	m-w-s006-a035-w016-02	السَّمَاءِ	س م و	فِي	position_crosswalk	morpheme_aligned
q:6:35:20	6:35	6:35	20	w-s006-a035-w017	6:35:17	m-w-s006-a035-w017-02;m-w-s006-a035-w017-03	فَتَأْتِيَهُمْ	أ ت ي	بـ	position_crosswalk	morpheme_aligned
q:6:35:21	6:35	6:35	21	w-s006-a035-w018	6:35:18	m-w-s006-a035-w018-01			بـ	position_crosswalk	morpheme_aligned
q:6:35:22	6:35	6:35	22	w-s006-a035-w018	6:35:18	m-w-s006-a035-w018-02	بِآيَةٍ	أ ي ي	بـ	position_crosswalk	morpheme_aligned
q:6:35:25	6:35	6:35	25	w-s006-a035-w020	6:35:20	m-w-s006-a035-w020-01	شَاءَ	ش ي أ		position_crosswalk	morpheme_aligned
q:6:35:26	6:35	6:35	26	w-s006-a035-w021	6:35:21	m-w-s006-a035-w021-01	اللَّهُ	أ ل ه		position_crosswalk	morpheme_aligned
q:6:35:28	6:35	6:35	28	w-s006-a035-w022	6:35:22	m-w-s006-a035-w022-02;m-w-s006-a035-w022-03	لَجَمَعَهُمْ	ج م ع	عَلَى	position_crosswalk	morpheme_aligned
q:6:35:29	6:35	6:35	29	w-s006-a035-w023	6:35:23	m-w-s006-a035-w023-01			عَلَى	position_crosswalk	morpheme_aligned
q:6:35:30	6:35	6:35	30	w-s006-a035-w024	6:35:24	m-w-s006-a035-w024-02	الْهُدَى	ه د ي	عَلَى	position_crosswalk	morpheme_aligned
q:6:35:33	6:35	6:35	33	w-s006-a035-w026	6:35:26	m-w-s006-a035-w026-01	تَكُونَنَّ	ك و ن	مِن	position_crosswalk	morpheme_aligned
q:6:35:34	6:35	6:35	34	w-s006-a035-w027	6:35:27	m-w-s006-a035-w027-01			مِن	position_crosswalk	morpheme_aligned
q:6:35:35	6:35	6:35	35	w-s006-a035-w028	6:35:28	m-w-s006-a035-w028-02	الْجَاهِلِينَ	ج ه ل	مِن	position_crosswalk	morpheme_aligned
q:6:36:2	6:36	6:36	2	w-s006-a036-w002	6:36:2	m-w-s006-a036-w002-01	يَسْتَجِيبُ	ج و ب		position_crosswalk	morpheme_aligned
q:6:36:3	6:36	6:36	3	w-s006-a036-w003	6:36:3	m-w-s006-a036-w003-01	الَّذِينَ	ل ل ذ		position_crosswalk	morpheme_aligned
q:6:36:4	6:36	6:36	4	w-s006-a036-w004	6:36:4	m-w-s006-a036-w004-01	يَسْمَعُونَ	س م ع		position_crosswalk	morpheme_aligned
q:6:36:6	6:36	6:36	6	w-s006-a036-w005	6:36:5	m-w-s006-a036-w005-03	وَالْمَوْتَى	م و ت		position_crosswalk	morpheme_aligned
q:6:36:7	6:36	6:36	7	w-s006-a036-w006	6:36:6	m-w-s006-a036-w006-01;m-w-s006-a036-w006-02	يَبْعَثُهُمُ	ب ع ث		position_crosswalk	morpheme_aligned
q:6:36:8	6:36	6:36	8	w-s006-a036-w007	6:36:7	m-w-s006-a036-w007-01	اللَّهُ	أ ل ه		position_crosswalk	morpheme_aligned
q:6:36:10	6:36	6:36	10	w-s006-a036-w009	6:36:9	m-w-s006-a036-w009-02;m-w-s006-a036-w009-01			إِلَى	position_crosswalk	morpheme_aligned
q:6:36:11	6:36	6:36	11	w-s006-a036-w010	6:36:10	m-w-s006-a036-w010-01	يُرْجَعُونَ	ر ج ع	إِلَى	position_crosswalk	morpheme_aligned
q:6:37:2	6:37	6:37	2	w-s006-a037-w001	6:37:1	m-w-s006-a037-w001-02	وَقَالُوا	ق و ل		position_crosswalk	morpheme_aligned
q:6:37:3	6:37	6:37	3	w-s006-a037-w002	6:37:2	m-w-s006-a037-w002-01	لَوْلَا			position_crosswalk	morpheme_aligned
q:6:37:4	6:37	6:37	4	w-s006-a037-w003	6:37:3	m-w-s006-a037-w003-01	نُزِّلَ	ن ز ل	عَلَى;مِن	position_crosswalk	morpheme_aligned
q:6:37:5	6:37	6:37	5	w-s006-a037-w004	6:37:4	m-w-s006-a037-w004-02;m-w-s006-a037-w004-01			عَلَى	position_crosswalk	morpheme_aligned
q:6:37:6	6:37	6:37	6	w-s006-a037-w005	6:37:5	m-w-s006-a037-w005-01	آيَةٌ	أ ي ي		position_crosswalk	morpheme_aligned
q:6:37:7	6:37	6:37	7	w-s006-a037-w006	6:37:6	m-w-s006-a037-w006-01			مِن	position_crosswalk	morpheme_aligned
q:6:37:8	6:37	6:37	8	w-s006-a037-w007	6:37:7	m-w-s006-a037-w007-01	رَبِّهِ	ر ب ب	مِن	position_crosswalk	morpheme_aligned
q:6:37:9	6:37	6:37	9	w-s006-a037-w008	6:37:8	m-w-s006-a037-w008-01	قُلْ	ق ل ل		position_crosswalk	morpheme_aligned
q:6:37:10	6:37	6:37	10	w-s006-a037-w009	6:37:9	m-w-s006-a037-w009-01	إِنَّ			position_crosswalk	morpheme_aligned
q:6:37:11	6:37	6:37	11	w-s006-a037-w010	6:37:10	m-w-s006-a037-w010-01	اللَّهَ	أ ل ه		position_crosswalk	morpheme_aligned
q:6:37:12	6:37	6:37	12	w-s006-a037-w011	6:37:11	m-w-s006-a037-w011-01	قَادِرٌ	ق د ر	عَلَى	position_crosswalk	morpheme_aligned
q:6:37:13	6:37	6:37	13	w-s006-a037-w012	6:37:12	m-w-s006-a037-w012-01			عَلَى	position_crosswalk	morpheme_aligned
q:6:37:14	6:37	6:37	14	w-s006-a037-w013	6:37:13	m-w-s006-a037-w013-01	أَنْ		عَلَى	position_crosswalk	morpheme_aligned
q:6:37:15	6:37	6:37	15	w-s006-a037-w014	6:37:14	m-w-s006-a037-w014-01	يُنَزِّلَ	ن ز ل		position_crosswalk	morpheme_aligned
q:6:37:16	6:37	6:37	16	w-s006-a037-w015	6:37:15	m-w-s006-a037-w015-01	آيَةً	أ ي ي		position_crosswalk	morpheme_aligned
q:6:37:18	6:37	6:37	18	w-s006-a037-w016	6:37:16	m-w-s006-a037-w016-02	وَلَكِنَّ	ل ك ن		position_crosswalk	morpheme_aligned
q:6:37:19	6:37	6:37	19	w-s006-a037-w017	6:37:17	m-w-s006-a037-w017-01	أَكْثَرَهُمْ	ك ث ر		position_crosswalk	morpheme_aligned
q:6:37:21	6:37	6:37	21	w-s006-a037-w019	6:37:19	m-w-s006-a037-w019-01	يَعْلَمُونَ	ع ل م		position_crosswalk	morpheme_aligned
q:6:38:3	6:38	6:38	3	w-s006-a038-w002	6:38:2	m-w-s006-a038-w002-01			مِن	position_crosswalk	morpheme_aligned
q:6:38:4	6:38	6:38	4	w-s006-a038-w003	6:38:3	m-w-s006-a038-w003-01	دَابَّةٍ	د أ ب	مِن;فِي	position_crosswalk	morpheme_aligned
q:6:38:5	6:38	6:38	5	w-s006-a038-w004	6:38:4	m-w-s006-a038-w004-01			فِي	position_crosswalk	morpheme_aligned
q:6:38:6	6:38	6:38	6	w-s006-a038-w005	6:38:5	m-w-s006-a038-w005-02	الْأَرْضِ	أ ر ض	فِي	position_crosswalk	morpheme_aligned
q:6:38:9	6:38	6:38	9	w-s006-a038-w007	6:38:7	m-w-s006-a038-w007-01	طَائِرٍ	ط ي ر		position_crosswalk	morpheme_aligned
q:6:38:10	6:38	6:38	10	w-s006-a038-w007	6:38:7	m-w-s006-a038-w007-01	يَطِيرُ	ط ي ر	بـ	surface_root_sequence_fallback	morpheme_aligned
q:6:38:11	6:38	6:38	11	w-s006-a038-w009	6:38:9	m-w-s006-a038-w009-01			بـ	position_crosswalk	morpheme_aligned
q:6:38:12	6:38	6:38	12	w-s006-a038-w009	6:38:9	m-w-s006-a038-w009-02	بِجَنَاحَيْهِ	ج ن ح	بـ	position_crosswalk	morpheme_aligned
q:6:38:14	6:38	6:38	14	w-s006-a038-w011	6:38:11	m-w-s006-a038-w011-01	أُمَمٌ	أ م م	مِن	position_crosswalk	morpheme_aligned
q:6:38:15	6:38	6:38	15	w-s006-a038-w012	6:38:12	m-w-s006-a038-w012-01	أَمْثَالُكُمْ	م ث ل		position_crosswalk	morpheme_aligned
q:6:38:17	6:38	6:38	17	w-s006-a038-w014	6:38:14	m-w-s006-a038-w014-01	فَرَّطْنَا	ف ر ط	فِي;مِن	position_crosswalk	morpheme_aligned
q:6:38:18	6:38	6:38	18	w-s006-a038-w015	6:38:15	m-w-s006-a038-w015-01			فِي	position_crosswalk	morpheme_aligned
q:6:38:19	6:38	6:38	19	w-s006-a038-w016	6:38:16	m-w-s006-a038-w016-02	الْكِتَابِ	ك ت ب	فِي	position_crosswalk	morpheme_aligned
q:6:38:20	6:38	6:38	20	w-s006-a038-w017	6:38:17	m-w-s006-a038-w017-01			مِن	position_crosswalk	morpheme_aligned
q:6:38:21	6:38	6:38	21	w-s006-a038-w018	6:38:18	m-w-s006-a038-w018-01	شَيْءٍ	ش ي ء	مِن	position_crosswalk	morpheme_aligned
q:6:38:23	6:38	6:38	23	w-s006-a038-w020	6:38:20	m-w-s006-a038-w020-01			إِلَى	position_crosswalk	morpheme_aligned
q:6:38:24	6:38	6:38	24	w-s006-a038-w021	6:38:21	m-w-s006-a038-w021-01	رَبِّهِمْ	ر ب ب	إِلَى	position_crosswalk	morpheme_aligned
q:6:38:25	6:38	6:38	25	w-s006-a038-w022	6:38:22	m-w-s006-a038-w022-01	يُحْشَرُونَ	ح ش ر	إِلَى	position_crosswalk	morpheme_aligned
q:6:39:2	6:39	6:39	2	w-s006-a039-w001	6:39:1	m-w-s006-a039-w001-02	وَالَّذِينَ	ل ل ذ		position_crosswalk	morpheme_aligned
q:6:39:3	6:39	6:39	3	w-s006-a039-w002	6:39:2	m-w-s006-a039-w002-01	كَذَّبُوا	ك ذ ب	بـ	position_crosswalk	morpheme_aligned
q:6:39:4	6:39	6:39	4	w-s006-a039-w002	6:39:2	m-w-s006-a039-w002-01			بـ	surface_root_sequence_fallback	morpheme_aligned
q:6:39:5	6:39	6:39	5	w-s006-a039-w003	6:39:3	m-w-s006-a039-w003-02	بِآيَاتِنَا	أ ي ي	بـ	position_crosswalk	morpheme_aligned
q:6:39:6	6:39	6:39	6	w-s006-a039-w004	6:39:4	m-w-s006-a039-w004-01	صُمٌّ	ص م م	فِي	position_crosswalk	morpheme_aligned
q:6:39:8	6:39	6:39	8	w-s006-a039-w005	6:39:5	m-w-s006-a039-w005-02	وَبُكْمٌ	ب ك م		position_crosswalk	morpheme_aligned
q:6:39:9	6:39	6:39	9	w-s006-a039-w006	6:39:6	m-w-s006-a039-w006-01			فِي	position_crosswalk	morpheme_aligned
q:6:39:10	6:39	6:39	10	w-s006-a039-w007	6:39:7	m-w-s006-a039-w007-02	الظُّلُمَاتِ	ظ ل م	فِي	position_crosswalk	morpheme_aligned
q:6:39:11	6:39	6:39	11	w-s006-a039-w008	6:39:8	m-w-s006-a039-w008-01	مَنْ	م ن ن		position_crosswalk	morpheme_aligned
q:6:39:12	6:39	6:39	12	w-s006-a039-w009	6:39:9	m-w-s006-a039-w009-01	يَشَإِ	ش ي أ		position_crosswalk	morpheme_aligned
q:6:39:13	6:39	6:39	13	w-s006-a039-w010	6:39:10	m-w-s006-a039-w010-01	اللَّهُ	أ ل ه		position_crosswalk	morpheme_aligned
q:6:39:14	6:39	6:39	14	w-s006-a039-w011	6:39:11	m-w-s006-a039-w011-01;m-w-s006-a039-w011-02	يُضْلِلْهُ	ض ل ل		position_crosswalk	morpheme_aligned
q:6:39:16	6:39	6:39	16	w-s006-a039-w012	6:39:12	m-w-s006-a039-w012-02	وَمَنْ	م ن ن		position_crosswalk	morpheme_aligned
q:6:39:17	6:39	6:39	17	w-s006-a039-w013	6:39:13	m-w-s006-a039-w013-01	يَشَأْ	ش ي أ		position_crosswalk	morpheme_aligned
q:6:39:18	6:39	6:39	18	w-s006-a039-w014	6:39:14	m-w-s006-a039-w014-01;m-w-s006-a039-w014-02	يَجْعَلْهُ	ج ع ل	عَلَى	position_crosswalk	morpheme_aligned
q:6:39:19	6:39	6:39	19	w-s006-a039-w015	6:39:15	m-w-s006-a039-w015-01			عَلَى	position_crosswalk	morpheme_aligned
q:6:39:20	6:39	6:39	20	w-s006-a039-w016	6:39:16	m-w-s006-a039-w016-01	صِرَاطٍ	ص ر ط	عَلَى	position_crosswalk	morpheme_aligned
q:6:39:21	6:39	6:39	21	w-s006-a039-w017	6:39:17	m-w-s006-a039-w017-01	مُسْتَقِيمٍ	ق و م		position_crosswalk	morpheme_aligned
q:6:40:1	6:40	6:40	1	w-s006-a040-w001	6:40:1	m-w-s006-a040-w001-01	قُلْ	ق ل ل		position_crosswalk	morpheme_aligned
q:6:40:2	6:40	6:40	2	w-s006-a040-w002	6:40:2	m-w-s006-a040-w002-02	أَرَأَيْتَكُمْ	ر أ ي		position_crosswalk	morpheme_aligned
q:6:40:3	6:40	6:40	3	w-s006-a040-w003	6:40:3	m-w-s006-a040-w003-01	إِنْ			surface_root_sequence_fallback	morpheme_aligned
q:6:40:4	6:40	6:40	4	w-s006-a040-w004	6:40:4	m-w-s006-a040-w004-01;m-w-s006-a040-w004-02	أَتَاكُمْ	أ ت ي		surface_root_sequence_fallback	morpheme_aligned
q:6:40:5	6:40	6:40	5	w-s006-a040-w005	6:40:5	m-w-s006-a040-w005-01	عَذَابُ	ع ذ ب		surface_root_sequence_fallback	morpheme_aligned
q:6:40:6	6:40	6:40	6	w-s006-a040-w006	6:40:6	m-w-s006-a040-w006-01	اللَّهِ	أ ل ه		surface_root_sequence_fallback	morpheme_aligned
q:6:40:8	6:40	6:40	8	w-s006-a040-w008	6:40:8	m-w-s006-a040-w008-01;m-w-s006-a040-w008-02	أَتَتْكُمُ	أ ت ي		surface_root_sequence_fallback	morpheme_aligned
q:6:40:9	6:40	6:40	9	w-s006-a040-w009	6:40:9	m-w-s006-a040-w009-02	السَّاعَةُ	س و ع		surface_root_sequence_fallback	morpheme_aligned
q:6:40:10	6:40	6:40	10	w-s006-a040-w010	6:40:10	m-w-s006-a040-w010-02	أَغَيْرَ	غ ي ر		surface_root_sequence_fallback	morpheme_aligned
q:6:40:11	6:40	6:40	11	w-s006-a040-w011	6:40:11	m-w-s006-a040-w011-01	اللَّهِ	أ ل ه		surface_root_sequence_fallback	morpheme_aligned
q:6:40:12	6:40	6:40	12	w-s006-a040-w012	6:40:12	m-w-s006-a040-w012-01	تَدْعُونَ	د ع ع		surface_root_sequence_fallback	morpheme_aligned
q:6:40:14	6:40	6:40	14	w-s006-a040-w014	6:40:14	m-w-s006-a040-w014-01	كُنْتُمْ	ك و ن		surface_root_sequence_fallback	morpheme_aligned
q:6:40:15	6:40	6:40	15	w-s006-a040-w015	6:40:15	m-w-s006-a040-w015-01	صَادِقِينَ	ص د ق		surface_root_sequence_fallback	morpheme_aligned
q:6:41:2	6:41	6:41	2	w-s006-a041-w002	6:41:2	m-w-s006-a041-w002-01	إِيَّاهُ			position_crosswalk	morpheme_aligned
q:6:41:3	6:41	6:41	3	w-s006-a041-w003	6:41:3	m-w-s006-a041-w003-01	تَدْعُونَ	د ع ع		position_crosswalk	morpheme_aligned
q:6:41:5	6:41	6:41	5	w-s006-a041-w004	6:41:4	m-w-s006-a041-w004-02	فَيَكْشِفُ	ك ش ف		position_crosswalk	morpheme_aligned
q:6:41:6	6:41	6:41	6	w-s006-a041-w005	6:41:5	m-w-s006-a041-w005-01	مَا			position_crosswalk	morpheme_aligned
q:6:41:7	6:41	6:41	7	w-s006-a041-w006	6:41:6	m-w-s006-a041-w006-01	تَدْعُونَ	د ع ع	إِلَى	position_crosswalk	morpheme_aligned
q:6:41:8	6:41	6:41	8	w-s006-a041-w007	6:41:7	m-w-s006-a041-w007-02;m-w-s006-a041-w007-01			إِلَى	position_crosswalk	morpheme_aligned
q:6:41:12	6:41	6:41	12	w-s006-a041-w010	6:41:10	m-w-s006-a041-w010-02	وَتَنْسَوْنَ	ن س ي		position_crosswalk	morpheme_aligned
q:6:41:13	6:41	6:41	13	w-s006-a041-w011	6:41:11	m-w-s006-a041-w011-01	مَا			position_crosswalk	morpheme_aligned
q:6:41:14	6:41	6:41	14	w-s006-a041-w012	6:41:12	m-w-s006-a041-w012-01	تُشْرِكُونَ	ش ر ك		position_crosswalk	morpheme_aligned
q:6:42:4	6:42	6:42	4	w-s006-a042-w002	6:42:2	m-w-s006-a042-w002-01	أَرْسَلْنَا	ر س ل	إِلَى	position_crosswalk	morpheme_aligned
q:6:42:5	6:42	6:42	5	w-s006-a042-w003	6:42:3	m-w-s006-a042-w003-01			إِلَى	position_crosswalk	morpheme_aligned
q:6:42:6	6:42	6:42	6	w-s006-a042-w004	6:42:4	m-w-s006-a042-w004-01	أُمَمٍ	أ م م	إِلَى;مِن	position_crosswalk	morpheme_aligned
q:6:42:7	6:42	6:42	7	w-s006-a042-w005	6:42:5	m-w-s006-a042-w005-01			مِن	position_crosswalk	morpheme_aligned
q:6:42:8	6:42	6:42	8	w-s006-a042-w006	6:42:6	m-w-s006-a042-w006-01	قَبْلِكَ	ق ب ل	مِن	position_crosswalk	morpheme_aligned
q:6:42:10	6:42	6:42	10	w-s006-a042-w007	6:42:7	m-w-s006-a042-w007-02	فَأَخَذْنَاهُمْ	أ خ ذ	بـ	position_crosswalk	morpheme_aligned
q:6:42:11	6:42	6:42	11	w-s006-a042-w008	6:42:8	m-w-s006-a042-w008-01			بـ	position_crosswalk	morpheme_aligned
q:6:42:12	6:42	6:42	12	w-s006-a042-w008	6:42:8	m-w-s006-a042-w008-03	بِالْبَأْسَاءِ	ب أ س	بـ	position_crosswalk	morpheme_aligned
q:6:42:14	6:42	6:42	14	w-s006-a042-w009	6:42:9	m-w-s006-a042-w009-03	وَالضَّرَّاءِ	ض ر ر		position_crosswalk	morpheme_aligned
q:6:42:15	6:42	6:42	15	w-s006-a042-w010	6:42:10	m-w-s006-a042-w010-01;m-w-s006-a042-w010-02	لَعَلَّهُمْ	ل ع ل		position_crosswalk	morpheme_aligned
q:6:42:16	6:42	6:42	16	w-s006-a042-w011	6:42:11	m-w-s006-a042-w011-01	يَتَضَرَّعُونَ	ض ر ع		position_crosswalk	morpheme_aligned
q:6:43:3	6:43	6:43	3	w-s006-a043-w002	6:43:2	m-w-s006-a043-w002-01	إِذْ	أ ذ ي		position_crosswalk	morpheme_aligned
q:6:43:4	6:43	6:43	4	w-s006-a043-w003	6:43:3	m-w-s006-a043-w003-01;m-w-s006-a043-w003-02	جَاءَهُمْ	ج ي أ		position_crosswalk	morpheme_aligned
q:6:43:5	6:43	6:43	5	w-s006-a043-w004	6:43:4	m-w-s006-a043-w004-01	بَأْسُنَا	ب أ س		position_crosswalk	morpheme_aligned
q:6:43:6	6:43	6:43	6	w-s006-a043-w005	6:43:5	m-w-s006-a043-w005-01	تَضَرَّعُوا	ض ر ع		position_crosswalk	morpheme_aligned
q:6:43:9	6:43	6:43	9	w-s006-a043-w007	6:43:7	m-w-s006-a043-w007-01	قَسَتْ	ق س س		position_crosswalk	morpheme_aligned
q:6:43:10	6:43	6:43	10	w-s006-a043-w008	6:43:8	m-w-s006-a043-w008-01	قُلُوبُهُمْ	ق ل ب		position_crosswalk	morpheme_aligned
q:6:43:12	6:43	6:43	12	w-s006-a043-w009	6:43:9	m-w-s006-a043-w009-02	وَزَيَّنَ	ز ي ن	لـ	position_crosswalk	morpheme_aligned
q:6:43:13	6:43	6:43	13	w-s006-a043-w010	6:43:10	m-w-s006-a043-w010-01			لـ	position_crosswalk	morpheme_aligned
q:6:43:14	6:43	6:43	14	w-s006-a043-w010	6:43:10	m-w-s006-a043-w010-02	لَهُمُ		لـ	position_crosswalk	morpheme_aligned
q:6:43:15	6:43	6:43	15	w-s006-a043-w011	6:43:11	m-w-s006-a043-w011-02	الشَّيْطَانُ	ش ط ن		position_crosswalk	morpheme_aligned
q:6:43:16	6:43	6:43	16	w-s006-a043-w012	6:43:12	m-w-s006-a043-w012-01	مَا			position_crosswalk	morpheme_aligned
q:6:43:17	6:43	6:43	17	w-s006-a043-w013	6:43:13	m-w-s006-a043-w013-01	كَانُوا	ك و ن		position_crosswalk	morpheme_aligned
q:6:43:18	6:43	6:43	18	w-s006-a043-w014	6:43:14	m-w-s006-a043-w014-01	يَعْمَلُونَ	ع م ل		position_crosswalk	morpheme_aligned
q:6:44:3	6:44	6:44	3	w-s006-a044-w002	6:44:2	m-w-s006-a044-w002-01	نَسُوا	ن س ي		position_crosswalk	morpheme_aligned
q:6:44:4	6:44	6:44	4	w-s006-a044-w003	6:44:3	m-w-s006-a044-w003-01	مَا			position_crosswalk	morpheme_aligned
q:6:44:5	6:44	6:44	5	w-s006-a044-w004	6:44:4	m-w-s006-a044-w004-01	ذُكِّرُوا	ذ ك ر	بـ	position_crosswalk	morpheme_aligned
q:6:44:6	6:44	6:44	6	w-s006-a044-w005	6:44:5	m-w-s006-a044-w005-02;m-w-s006-a044-w005-01			بـ	position_crosswalk	morpheme_aligned
q:6:44:7	6:44	6:44	7	w-s006-a044-w006	6:44:6	m-w-s006-a044-w006-01	فَتَحْنَا	ف ت ح	عَلَى	surface_root_sequence_fallback	morpheme_aligned
q:6:44:8	6:44	6:44	8	w-s006-a044-w007	6:44:7	m-w-s006-a044-w007-02;m-w-s006-a044-w007-01			عَلَى	surface_root_sequence_fallback	morpheme_aligned
q:6:44:9	6:44	6:44	9	w-s006-a044-w008	6:44:8	m-w-s006-a044-w008-01	أَبْوَابَ	ب و ب		surface_root_sequence_fallback	morpheme_aligned
q:6:44:10	6:44	6:44	10	w-s006-a044-w009	6:44:9	m-w-s006-a044-w009-01	كُلِّ	ك ل ل		surface_root_sequence_fallback	morpheme_aligned
q:6:44:11	6:44	6:44	11	w-s006-a044-w010	6:44:10	m-w-s006-a044-w010-01	شَيْءٍ	ش ي ء		surface_root_sequence_fallback	morpheme_aligned
q:6:44:14	6:44	6:44	14	w-s006-a044-w013	6:44:13	m-w-s006-a044-w013-01	فَرِحُوا	ف ر ح	بـ	surface_root_sequence_fallback	morpheme_aligned
q:6:44:15	6:44	6:44	15	w-s006-a044-w014	6:44:14	m-w-s006-a044-w014-01			بـ	surface_root_sequence_fallback	morpheme_aligned
q:6:44:16	6:44	6:44	16	w-s006-a044-w014	6:44:14	m-w-s006-a044-w014-02	بِمَا		بـ	position_crosswalk	morpheme_aligned
q:6:44:18	6:44	6:44	18	w-s006-a044-w016	6:44:16	m-w-s006-a044-w016-01	أَخَذْنَاهُمْ	أ خ ذ		surface_root_sequence_fallback	morpheme_aligned
q:6:44:19	6:44	6:44	19	w-s006-a044-w017	6:44:17	m-w-s006-a044-w017-01	بَغْتَةً	ب غ ت		surface_root_sequence_fallback	morpheme_aligned
q:6:44:22	6:44	6:44	22	w-s006-a044-w019	6:44:19	m-w-s006-a044-w019-01	هُمْ			surface_root_sequence_fallback	morpheme_aligned
q:6:44:23	6:44	6:44	23	w-s006-a044-w020	6:44:20	m-w-s006-a044-w020-01	مُبْلِسُونَ	ب ل س		surface_root_sequence_fallback	morpheme_aligned
q:6:45:2	6:45	6:45	2	w-s006-a045-w001	6:45:1	m-w-s006-a045-w001-02	فَقُطِعَ	ق ط ع		position_crosswalk	morpheme_aligned
q:6:45:3	6:45	6:45	3	w-s006-a045-w002	6:45:2	m-w-s006-a045-w002-01	دَابِرُ	د ب ر		position_crosswalk	morpheme_aligned
q:6:45:4	6:45	6:45	4	w-s006-a045-w003	6:45:3	m-w-s006-a045-w003-02	الْقَوْمِ	ق و م		position_crosswalk	morpheme_aligned
q:6:45:5	6:45	6:45	5	w-s006-a045-w004	6:45:4	m-w-s006-a045-w004-01	الَّذِينَ	ل ل ذ		position_crosswalk	morpheme_aligned
q:6:45:6	6:45	6:45	6	w-s006-a045-w005	6:45:5	m-w-s006-a045-w005-01	ظَلَمُوا	ظ ل م		position_crosswalk	morpheme_aligned
q:6:45:8	6:45	6:45	8	w-s006-a045-w006	6:45:6	m-w-s006-a045-w006-03	وَالْحَمْدُ	ح م د	لـ	position_crosswalk	morpheme_aligned
q:6:45:9	6:45	6:45	9	w-s006-a045-w006	6:45:6	m-w-s006-a045-w006-03			لـ	surface_root_sequence_fallback	morpheme_aligned
q:6:45:10	6:45	6:45	10	w-s006-a045-w007	6:45:7	m-w-s006-a045-w007-02	لِلَّهِ	أ ل ه	لـ	position_crosswalk	morpheme_aligned
q:6:45:11	6:45	6:45	11	w-s006-a045-w008	6:45:8	m-w-s006-a045-w008-01	رَبِّ	ر ب ب		position_crosswalk	morpheme_aligned
q:6:45:12	6:45	6:45	12	w-s006-a045-w009	6:45:9	m-w-s006-a045-w009-02	الْعَالَمِينَ	ع ل م		position_crosswalk	morpheme_aligned
q:6:46:1	6:46	6:46	1	w-s006-a046-w001	6:46:1	m-w-s006-a046-w001-01	قُلْ	ق ل ل		position_crosswalk	morpheme_aligned
q:6:46:2	6:46	6:46	2	w-s006-a046-w002	6:46:2	m-w-s006-a046-w002-02	أَرَأَيْتُمْ	ر أ ي		position_crosswalk	morpheme_aligned
q:6:46:3	6:46	6:46	3	w-s006-a046-w003	6:46:3	m-w-s006-a046-w003-01	إِنْ			surface_root_sequence_fallback	morpheme_aligned
q:6:46:4	6:46	6:46	4	w-s006-a046-w004	6:46:4	m-w-s006-a046-w004-01	أَخَذَ	أ خ ذ		surface_root_sequence_fallback	morpheme_aligned
q:6:46:5	6:46	6:46	5	w-s006-a046-w005	6:46:5	m-w-s006-a046-w005-01	اللَّهُ	أ ل ه		surface_root_sequence_fallback	morpheme_aligned
q:6:46:6	6:46	6:46	6	w-s006-a046-w006	6:46:6	m-w-s006-a046-w006-01	سَمْعَكُمْ	س م ع		surface_root_sequence_fallback	morpheme_aligned
q:6:46:8	6:46	6:46	8	w-s006-a046-w007	6:46:7	m-w-s006-a046-w007-02	وَأَبْصَارَكُمْ	ب ص ر		position_crosswalk	morpheme_aligned
q:6:46:10	6:46	6:46	10	w-s006-a046-w008	6:46:8	m-w-s006-a046-w008-02	وَخَتَمَ	خ ت م	عَلَى	position_crosswalk	morpheme_aligned
q:6:46:11	6:46	6:46	11	w-s006-a046-w009	6:46:9	m-w-s006-a046-w009-01			عَلَى	surface_root_sequence_fallback	morpheme_aligned
q:6:46:12	6:46	6:46	12	w-s006-a046-w010	6:46:10	m-w-s006-a046-w010-01	قُلُوبِكُمْ	ق ل ب	عَلَى	surface_root_sequence_fallback	morpheme_aligned
q:6:46:13	6:46	6:46	13	w-s006-a046-w011	6:46:11	m-w-s006-a046-w011-01	مَنْ	م ن ن		surface_root_sequence_fallback	morpheme_aligned
q:6:46:14	6:46	6:46	14	w-s006-a046-w012	6:46:12	m-w-s006-a046-w012-01	إِلَهٌ	أ ل ه		surface_root_sequence_fallback	morpheme_aligned
q:6:46:15	6:46	6:46	15	w-s006-a046-w013	6:46:13	m-w-s006-a046-w013-01	غَيْرُ	غ ي ر		surface_root_sequence_fallback	morpheme_aligned
q:6:46:16	6:46	6:46	16	w-s006-a046-w014	6:46:14	m-w-s006-a046-w014-01	اللَّهِ	أ ل ه		surface_root_sequence_fallback	morpheme_aligned
q:6:46:17	6:46	6:46	17	w-s006-a046-w015	6:46:15	m-w-s006-a046-w015-01;m-w-s006-a046-w015-02	يَأْتِيكُمْ	أ ت ي	بـ	surface_root_sequence_fallback	morpheme_aligned
q:6:46:18	6:46	6:46	18	w-s006-a046-w016	6:46:16	m-w-s006-a046-w016-02;m-w-s006-a046-w016-01			بـ	surface_root_sequence_fallback	morpheme_aligned
q:6:46:19	6:46	6:46	19	w-s006-a046-w017	6:46:17	m-w-s006-a046-w017-01	انْظُرْ	ن ظ ر		surface_root_sequence_fallback	morpheme_aligned
q:6:46:20	6:46	6:46	20	w-s006-a046-w018	6:46:18	m-w-s006-a046-w018-01	كَيْفَ	ك ي ف		surface_root_sequence_fallback	morpheme_aligned
q:6:46:21	6:46	6:46	21	w-s006-a046-w019	6:46:19	m-w-s006-a046-w019-01	نُصَرِّفُ	ص ر ف		surface_root_sequence_fallback	morpheme_aligned
q:6:46:22	6:46	6:46	22	w-s006-a046-w020	6:46:20	m-w-s006-a046-w020-02	الْآيَاتِ	أ ي ي		surface_root_sequence_fallback	morpheme_aligned
q:6:46:24	6:46	6:46	24	w-s006-a046-w022	6:46:22	m-w-s006-a046-w022-01	هُمْ			surface_root_sequence_fallback	morpheme_aligned
q:6:46:25	6:46	6:46	25	w-s006-a046-w023	6:46:23	m-w-s006-a046-w023-01	يَصْدِفُونَ	ص د ف		surface_root_sequence_fallback	morpheme_aligned
q:6:47:1	6:47	6:47	1	w-s006-a047-w001	6:47:1	m-w-s006-a047-w001-01	قُلْ	ق ل ل		position_crosswalk	morpheme_aligned
q:6:47:2	6:47	6:47	2	w-s006-a047-w002	6:47:2	m-w-s006-a047-w002-02	أَرَأَيْتَكُمْ	ر أ ي		position_crosswalk	morpheme_aligned
q:6:47:3	6:47	6:47	3	w-s006-a047-w003	6:47:3	m-w-s006-a047-w003-01	إِنْ			surface_root_sequence_fallback	morpheme_aligned
q:6:47:4	6:47	6:47	4	w-s006-a047-w004	6:47:4	m-w-s006-a047-w004-01;m-w-s006-a047-w004-02	أَتَاكُمْ	أ ت ي		surface_root_sequence_fallback	morpheme_aligned
q:6:47:5	6:47	6:47	5	w-s006-a047-w005	6:47:5	m-w-s006-a047-w005-01	عَذَابُ	ع ذ ب		surface_root_sequence_fallback	morpheme_aligned
q:6:47:6	6:47	6:47	6	w-s006-a047-w006	6:47:6	m-w-s006-a047-w006-01	اللَّهِ	أ ل ه		surface_root_sequence_fallback	morpheme_aligned
q:6:47:7	6:47	6:47	7	w-s006-a047-w007	6:47:7	m-w-s006-a047-w007-01	بَغْتَةً	ب غ ت		surface_root_sequence_fallback	morpheme_aligned
q:6:47:9	6:47	6:47	9	w-s006-a047-w009	6:47:9	m-w-s006-a047-w009-01	جَهْرَةً	ج ه ر		surface_root_sequence_fallback	morpheme_aligned
q:6:47:11	6:47	6:47	11	w-s006-a047-w011	6:47:11	m-w-s006-a047-w011-01	يُهْلَكُ	ه ل ك		surface_root_sequence_fallback	morpheme_aligned
q:6:47:13	6:47	6:47	13	w-s006-a047-w013	6:47:13	m-w-s006-a047-w013-02	الْقَوْمُ	ق و م		surface_root_sequence_fallback	morpheme_aligned
q:6:47:14	6:47	6:47	14	w-s006-a047-w014	6:47:14	m-w-s006-a047-w014-02	الظَّالِمُونَ	ظ ل م		surface_root_sequence_fallback	morpheme_aligned
q:6:48:3	6:48	6:48	3	w-s006-a048-w002	6:48:2	m-w-s006-a048-w002-01	نُرْسِلُ	ر س ل		position_crosswalk	morpheme_aligned
q:6:48:4	6:48	6:48	4	w-s006-a048-w002	6:48:2	m-w-s006-a048-w002-01	الْمُرْسَلِينَ	ر س ل		surface_root_sequence_fallback	morpheme_aligned
q:6:48:6	6:48	6:48	6	w-s006-a048-w005	6:48:5	m-w-s006-a048-w005-01	مُبَشِّرِينَ	ب ش ر		position_crosswalk	morpheme_aligned
q:6:48:8	6:48	6:48	8	w-s006-a048-w006	6:48:6	m-w-s006-a048-w006-02	وَمُنْذِرِينَ	ن ذ ر		position_crosswalk	morpheme_aligned
q:6:48:10	6:48	6:48	10	w-s006-a048-w007	6:48:7	m-w-s006-a048-w007-02	فَمَنْ	م ن ن		position_crosswalk	morpheme_aligned
q:6:48:11	6:48	6:48	11	w-s006-a048-w008	6:48:8	m-w-s006-a048-w008-01	آمَنَ	أ م ن		position_crosswalk	morpheme_aligned
q:6:48:13	6:48	6:48	13	w-s006-a048-w009	6:48:9	m-w-s006-a048-w009-02	وَأَصْلَحَ	ص ل ح		position_crosswalk	morpheme_aligned
q:6:48:16	6:48	6:48	16	w-s006-a048-w011	6:48:11	m-w-s006-a048-w011-01	خَوْفٌ	خ و ف	عَلَى	position_crosswalk	morpheme_aligned
q:6:48:17	6:48	6:48	17	w-s006-a048-w012	6:48:12	m-w-s006-a048-w012-02;m-w-s006-a048-w012-01	عَلَيْهِمْ	ع ل و	عَلَى	position_crosswalk	morpheme_aligned
q:6:48:20	6:48	6:48	20	w-s006-a048-w014	6:48:14	m-w-s006-a048-w014-01	هُمْ			position_crosswalk	morpheme_aligned
q:6:48:21	6:48	6:48	21	w-s006-a048-w015	6:48:15	m-w-s006-a048-w015-01	يَحْزَنُونَ	ح ز ن		position_crosswalk	morpheme_aligned
q:6:49:2	6:49	6:49	2	w-s006-a049-w001	6:49:1	m-w-s006-a049-w001-02	وَالَّذِينَ	ل ل ذ		position_crosswalk	morpheme_aligned
q:6:49:3	6:49	6:49	3	w-s006-a049-w002	6:49:2	m-w-s006-a049-w002-01	كَذَّبُوا	ك ذ ب	بـ	position_crosswalk	morpheme_aligned
q:6:49:4	6:49	6:49	4	w-s006-a049-w002	6:49:2	m-w-s006-a049-w002-01			بـ	surface_root_sequence_fallback	morpheme_aligned
q:6:49:5	6:49	6:49	5	w-s006-a049-w003	6:49:3	m-w-s006-a049-w003-02	بِآيَاتِنَا	أ ي ي	بـ	position_crosswalk	morpheme_aligned
q:6:49:6	6:49	6:49	6	w-s006-a049-w004	6:49:4	m-w-s006-a049-w004-01;m-w-s006-a049-w004-02	يَمَسُّهُمُ	م س س	بـ	position_crosswalk	morpheme_aligned
q:6:49:7	6:49	6:49	7	w-s006-a049-w005	6:49:5	m-w-s006-a049-w005-02	الْعَذَابُ	ع ذ ب		position_crosswalk	morpheme_aligned
q:6:49:8	6:49	6:49	8	w-s006-a049-w006	6:49:6	m-w-s006-a049-w006-01			بـ	position_crosswalk	morpheme_aligned
q:6:49:9	6:49	6:49	9	w-s006-a049-w006	6:49:6	m-w-s006-a049-w006-02	بِمَا		بـ	position_crosswalk	morpheme_aligned
q:6:49:10	6:49	6:49	10	w-s006-a049-w007	6:49:7	m-w-s006-a049-w007-01	كَانُوا	ك و ن		position_crosswalk	morpheme_aligned
q:6:49:11	6:49	6:49	11	w-s006-a049-w008	6:49:8	m-w-s006-a049-w008-01	يَفْسُقُونَ	ف س ق		position_crosswalk	morpheme_aligned
q:6:50:1	6:50	6:50	1	w-s006-a050-w001	6:50:1	m-w-s006-a050-w001-01	قُلْ	ق ل ل		position_crosswalk	morpheme_aligned
q:6:50:2	6:50	6:50	2	w-s006-a050-w002	6:50:2	m-w-s006-a050-w002-01	لَا			position_crosswalk	morpheme_aligned
q:6:50:3	6:50	6:50	3	w-s006-a050-w003	6:50:3	m-w-s006-a050-w003-01	أَقُولُ	ق و ل	لـ	position_crosswalk	morpheme_aligned
q:6:50:4	6:50	6:50	4	w-s006-a050-w004	6:50:4	m-w-s006-a050-w004-02;m-w-s006-a050-w004-01			لـ	position_crosswalk	morpheme_aligned
q:6:50:5	6:50	6:50	5	w-s006-a050-w005	6:50:5	m-w-s006-a050-w005-01	عِنْدِي	ع ن د		surface_root_sequence_fallback	morpheme_aligned
q:6:50:6	6:50	6:50	6	w-s006-a050-w006	6:50:6	m-w-s006-a050-w006-01	خَزَائِنُ	خ ز ن		surface_root_sequence_fallback	morpheme_aligned
q:6:50:7	6:50	6:50	7	w-s006-a050-w007	6:50:7	m-w-s006-a050-w007-01	اللَّهِ	أ ل ه		surface_root_sequence_fallback	morpheme_aligned
q:6:50:10	6:50	6:50	10	w-s006-a050-w009	6:50:9	m-w-s006-a050-w009-01	أَعْلَمُ	ع ل م		surface_root_sequence_fallback	morpheme_aligned
q:6:50:11	6:50	6:50	11	w-s006-a050-w010	6:50:10	m-w-s006-a050-w010-02	الْغَيْبَ	غ ي ب		surface_root_sequence_fallback	morpheme_aligned
q:6:50:14	6:50	6:50	14	w-s006-a050-w012	6:50:12	m-w-s006-a050-w012-01	أَقُولُ	ق و ل	لـ	surface_root_sequence_fallback	morpheme_aligned
q:6:50:15	6:50	6:50	15	w-s006-a050-w013	6:50:13	m-w-s006-a050-w013-02;m-w-s006-a050-w013-01			لـ	surface_root_sequence_fallback	morpheme_aligned
q:6:50:16	6:50	6:50	16	w-s006-a050-w014	6:50:14	m-w-s006-a050-w014-01;m-w-s006-a050-w014-02	إِنِّي			surface_root_sequence_fallback	morpheme_aligned
q:6:50:17	6:50	6:50	17	w-s006-a050-w015	6:50:15	m-w-s006-a050-w015-01	مَلَكٌ	م ل ك		surface_root_sequence_fallback	morpheme_aligned
q:6:50:19	6:50	6:50	19	w-s006-a050-w017	6:50:17	m-w-s006-a050-w017-01	أَتَّبِعُ	ت ب ع		surface_root_sequence_fallback	morpheme_aligned
q:6:50:21	6:50	6:50	21	w-s006-a050-w019	6:50:19	m-w-s006-a050-w019-01	مَا			surface_root_sequence_fallback	morpheme_aligned
q:6:50:22	6:50	6:50	22	w-s006-a050-w020	6:50:20	m-w-s006-a050-w020-01	يُوحَى	و ح ي	إِلَى	surface_root_sequence_fallback	morpheme_aligned
q:6:50:23	6:50	6:50	23	w-s006-a050-w021	6:50:21	m-w-s006-a050-w021-02;m-w-s006-a050-w021-01			إِلَى	surface_root_sequence_fallback	morpheme_aligned
q:6:50:24	6:50	6:50	24	w-s006-a050-w022	6:50:22	m-w-s006-a050-w022-01	قُلْ	ق ل ل		surface_root_sequence_fallback	morpheme_aligned
q:6:50:25	6:50	6:50	25	w-s006-a050-w023	6:50:23	m-w-s006-a050-w023-01	هَلْ			surface_root_sequence_fallback	morpheme_aligned
q:6:50:26	6:50	6:50	26	w-s006-a050-w024	6:50:24	m-w-s006-a050-w024-01	يَسْتَوِي	س و ي		surface_root_sequence_fallback	morpheme_aligned
q:6:50:27	6:50	6:50	27	w-s006-a050-w025	6:50:25	m-w-s006-a050-w025-02	الْأَعْمَى	ع م ي		surface_root_sequence_fallback	morpheme_aligned
q:6:50:29	6:50	6:50	29	w-s006-a050-w026	6:50:26	m-w-s006-a050-w026-03	وَالْبَصِيرُ	ب ص ر		surface_root_sequence_fallback	morpheme_aligned
q:6:51:2	6:51	6:51	2	w-s006-a051-w001	6:51:1	m-w-s006-a051-w001-02	وَأَنْذِرْ	ن ذ ر	بـ	position_crosswalk	morpheme_aligned
q:6:51:3	6:51	6:51	3	w-s006-a051-w002	6:51:2	m-w-s006-a051-w002-02;m-w-s006-a051-w002-01			بـ	position_crosswalk	morpheme_aligned
q:6:51:4	6:51	6:51	4	w-s006-a051-w003	6:51:3	m-w-s006-a051-w003-01	الَّذِينَ	ل ل ذ		surface_root_sequence_fallback	morpheme_aligned
q:6:51:5	6:51	6:51	5	w-s006-a051-w004	6:51:4	m-w-s006-a051-w004-01	يَخَافُونَ	خ و ف		surface_root_sequence_fallback	morpheme_aligned
q:6:51:6	6:51	6:51	6	w-s006-a051-w005	6:51:5	m-w-s006-a051-w005-01	أَنْ			surface_root_sequence_fallback	morpheme_aligned
q:6:51:7	6:51	6:51	7	w-s006-a051-w006	6:51:6	m-w-s006-a051-w006-01	يُحْشَرُوا	ح ش ر	إِلَى	surface_root_sequence_fallback	morpheme_aligned
q:6:51:8	6:51	6:51	8	w-s006-a051-w007	6:51:7	m-w-s006-a051-w007-01			إِلَى	surface_root_sequence_fallback	morpheme_aligned
q:6:51:9	6:51	6:51	9	w-s006-a051-w008	6:51:8	m-w-s006-a051-w008-01	رَبِّهِمْ	ر ب ب	إِلَى	surface_root_sequence_fallback	morpheme_aligned
q:6:51:10	6:51	6:51	10	w-s006-a051-w009	6:51:9	m-w-s006-a051-w009-01	لَيْسَ	ل ي س	لـ	surface_root_sequence_fallback	morpheme_aligned
q:6:51:11	6:51	6:51	11	w-s006-a051-w009	6:51:9	m-w-s006-a051-w009-01			لـ	position_crosswalk	morpheme_aligned
q:6:51:12	6:51	6:51	12	w-s006-a051-w010	6:51:10	m-w-s006-a051-w010-02	لَهُمْ		لـ	position_crosswalk	morpheme_aligned
q:6:51:13	6:51	6:51	13	w-s006-a051-w011	6:51:11	m-w-s006-a051-w011-01			مِن	surface_root_sequence_fallback	morpheme_aligned
q:6:51:14	6:51	6:51	14	w-s006-a051-w012	6:51:12	m-w-s006-a051-w012-01	دُونِهِ	د و ن	مِن	surface_root_sequence_fallback	morpheme_aligned
q:6:51:15	6:51	6:51	15	w-s006-a051-w013	6:51:13	m-w-s006-a051-w013-01	وَلِيٌّ	و ل ي	مِن	surface_root_sequence_fallback	morpheme_aligned
q:6:51:18	6:51	6:51	18	w-s006-a051-w015	6:51:15	m-w-s006-a051-w015-01	شَفِيعٌ	ش ف ع		surface_root_sequence_fallback	morpheme_aligned
q:6:51:19	6:51	6:51	19	w-s006-a051-w016	6:51:16	m-w-s006-a051-w016-01;m-w-s006-a051-w016-02	لَعَلَّهُمْ	ل ع ل		surface_root_sequence_fallback	morpheme_aligned
q:6:51:20	6:51	6:51	20	w-s006-a051-w017	6:51:17	m-w-s006-a051-w017-01	يَتَّقُونَ	و ق ي		surface_root_sequence_fallback	morpheme_aligned
q:6:52:3	6:52	6:52	3	w-s006-a052-w002	6:52:2	m-w-s006-a052-w002-01	تَطْرُدِ	ط ر د		position_crosswalk	morpheme_aligned
q:6:52:4	6:52	6:52	4	w-s006-a052-w003	6:52:3	m-w-s006-a052-w003-01	الَّذِينَ	ل ل ذ		position_crosswalk	morpheme_aligned
q:6:52:5	6:52	6:52	5	w-s006-a052-w004	6:52:4	m-w-s006-a052-w004-01	يَدْعُونَ	د ع ع	بـ	position_crosswalk	morpheme_aligned
q:6:52:6	6:52	6:52	6	w-s006-a052-w005	6:52:5	m-w-s006-a052-w005-01	رَبَّهُمْ	ر ب ب		position_crosswalk	morpheme_aligned
q:6:52:7	6:52	6:52	7	w-s006-a052-w005	6:52:5	m-w-s006-a052-w005-01			بـ	surface_root_sequence_fallback	morpheme_aligned
q:6:52:8	6:52	6:52	8	w-s006-a052-w006	6:52:6	m-w-s006-a052-w006-03	بِالْغَدَاةِ	غ د و	بـ	position_crosswalk	morpheme_aligned
q:6:52:10	6:52	6:52	10	w-s006-a052-w007	6:52:7	m-w-s006-a052-w007-03	وَالْعَشِيِّ	ع ش و		position_crosswalk	morpheme_aligned
q:6:52:11	6:52	6:52	11	w-s006-a052-w008	6:52:8	m-w-s006-a052-w008-01	يُرِيدُونَ	ر و د		position_crosswalk	morpheme_aligned
q:6:52:12	6:52	6:52	12	w-s006-a052-w009	6:52:9	m-w-s006-a052-w009-01	وَجْهَهُ	و ج ه		position_crosswalk	morpheme_aligned
q:6:52:14	6:52	6:52	14	w-s006-a052-w011	6:52:11	m-w-s006-a052-w011-02;m-w-s006-a052-w011-01	عَلَيْكَ	ع ل و	عَلَى;مِن	position_crosswalk	morpheme_aligned
q:6:52:15	6:52	6:52	15	w-s006-a052-w012	6:52:12	m-w-s006-a052-w012-01			مِن	position_crosswalk	morpheme_aligned
q:6:52:16	6:52	6:52	16	w-s006-a052-w013	6:52:13	m-w-s006-a052-w013-01	حِسَابِهِمْ	ح س ب	مِن	position_crosswalk	morpheme_aligned
q:6:52:17	6:52	6:52	17	w-s006-a052-w014	6:52:14	m-w-s006-a052-w014-01			مِن	position_crosswalk	morpheme_aligned
q:6:52:18	6:52	6:52	18	w-s006-a052-w015	6:52:15	m-w-s006-a052-w015-01	شَيْءٍ	ش ي ء	عَلَى;مِن	position_crosswalk	morpheme_aligned
q:6:52:21	6:52	6:52	21	w-s006-a052-w017	6:52:17	m-w-s006-a052-w017-01			مِن	position_crosswalk	morpheme_aligned
q:6:52:22	6:52	6:52	22	w-s006-a052-w018	6:52:18	m-w-s006-a052-w018-01	حِسَابِكَ	ح س ب	مِن	position_crosswalk	morpheme_aligned
q:6:52:23	6:52	6:52	23	w-s006-a052-w019	6:52:19	m-w-s006-a052-w019-02;m-w-s006-a052-w019-01	عَلَيْهِمْ	ع ل و	عَلَى;مِن	position_crosswalk	morpheme_aligned
q:6:52:24	6:52	6:52	24	w-s006-a052-w020	6:52:20	m-w-s006-a052-w020-01			مِن	position_crosswalk	morpheme_aligned
q:6:52:25	6:52	6:52	25	w-s006-a052-w021	6:52:21	m-w-s006-a052-w021-01	شَيْءٍ	ش ي ء	مِن;عَلَى	position_crosswalk	morpheme_aligned
q:6:52:27	6:52	6:52	27	w-s006-a052-w022	6:52:22	m-w-s006-a052-w022-02;m-w-s006-a052-w022-03	فَتَطْرُدَهُمْ	ط ر د		position_crosswalk	morpheme_aligned
q:6:52:29	6:52	6:52	29	w-s006-a052-w023	6:52:23	m-w-s006-a052-w023-02	فَتَكُونَ	ك و ن	مِن	position_crosswalk	morpheme_aligned
q:6:52:30	6:52	6:52	30	w-s006-a052-w024	6:52:24	m-w-s006-a052-w024-01			مِن	position_crosswalk	morpheme_aligned
q:6:52:31	6:52	6:52	31	w-s006-a052-w025	6:52:25	m-w-s006-a052-w025-02	الظَّالِمِينَ	ظ ل م	مِن	position_crosswalk	morpheme_aligned
q:6:53:2	6:53	6:53	2	w-s006-a053-w001	6:53:1	m-w-s006-a053-w001-02			كـ	position_crosswalk	morpheme_aligned
q:6:53:3	6:53	6:53	3	w-s006-a053-w001	6:53:1	m-w-s006-a053-w001-03	وَكَذَلِكَ		كـ	position_crosswalk	morpheme_aligned
q:6:53:4	6:53	6:53	4	w-s006-a053-w002	6:53:2	m-w-s006-a053-w002-01	فَتَنَّا	ف ت ن	كـ;بـ	position_crosswalk	morpheme_aligned
q:6:53:5	6:53	6:53	5	w-s006-a053-w003	6:53:3	m-w-s006-a053-w003-01	بَعْضَهُمْ	ب ع ض		position_crosswalk	morpheme_aligned
q:6:53:6	6:53	6:53	6	w-s006-a053-w003	6:53:3	m-w-s006-a053-w003-01			بـ	surface_root_sequence_fallback	morpheme_aligned
q:6:53:7	6:53	6:53	7	w-s006-a053-w003	6:53:3	m-w-s006-a053-w003-01	بِبَعْضٍ	ب ع ض	بـ	surface_root_sequence_fallback	morpheme_aligned
q:6:53:9	6:53	6:53	9	w-s006-a053-w005	6:53:5	m-w-s006-a053-w005-02	لِيَقُولُوا	ق و ل		position_crosswalk	morpheme_aligned
q:6:53:10	6:53	6:53	10	w-s006-a053-w006	6:53:6	m-w-s006-a053-w006-02	أَهَؤُلَاءِ			position_crosswalk	morpheme_aligned
q:6:53:11	6:53	6:53	11	w-s006-a053-w007	6:53:7	m-w-s006-a053-w007-01	مَنَّ	م ن ن	عَلَى;مِن	surface_root_sequence_fallback	morpheme_aligned
q:6:53:12	6:53	6:53	12	w-s006-a053-w008	6:53:8	m-w-s006-a053-w008-01	اللَّهُ	أ ل ه		surface_root_sequence_fallback	morpheme_aligned
q:6:53:13	6:53	6:53	13	w-s006-a053-w009	6:53:9	m-w-s006-a053-w009-02;m-w-s006-a053-w009-01			عَلَى	surface_root_sequence_fallback	morpheme_aligned
q:6:53:14	6:53	6:53	14	w-s006-a053-w010	6:53:10	m-w-s006-a053-w010-01			مِن	surface_root_sequence_fallback	morpheme_aligned
q:6:53:15	6:53	6:53	15	w-s006-a053-w011	6:53:11	m-w-s006-a053-w011-01	بَيْنِنَا	ب ي ن	مِن	surface_root_sequence_fallback	morpheme_aligned
q:6:53:16	6:53	6:53	16	w-s006-a053-w012	6:53:12	m-w-s006-a053-w012-02	أَلَيْسَ	ل ي س		surface_root_sequence_fallback	morpheme_aligned
q:6:53:17	6:53	6:53	17	w-s006-a053-w013	6:53:13	m-w-s006-a053-w013-01	اللَّهُ	أ ل ه		surface_root_sequence_fallback	morpheme_aligned
q:6:53:19	6:53	6:53	19	w-s006-a053-w014	6:53:14	m-w-s006-a053-w014-02	بِأَعْلَمَ	ع ل م	بـ	surface_root_sequence_fallback	morpheme_aligned
q:6:53:20	6:53	6:53	20	w-s006-a053-w014	6:53:14	m-w-s006-a053-w014-01			بـ	position_crosswalk	morpheme_aligned
q:6:53:21	6:53	6:53	21	w-s006-a053-w015	6:53:15	m-w-s006-a053-w015-03	بِالشَّاكِرِينَ	ش ك ر	بـ	surface_root_sequence_fallback	morpheme_aligned
q:6:54:3	6:54	6:54	3	w-s006-a054-w002	6:54:2	m-w-s006-a054-w002-01;m-w-s006-a054-w002-02	جَاءَكَ	ج ي أ		position_crosswalk	morpheme_aligned
q:6:54:4	6:54	6:54	4	w-s006-a054-w003	6:54:3	m-w-s006-a054-w003-01	الَّذِينَ	ل ل ذ		position_crosswalk	morpheme_aligned
q:6:54:5	6:54	6:54	5	w-s006-a054-w004	6:54:4	m-w-s006-a054-w004-01	يُؤْمِنُونَ	أ م ن	بـ	position_crosswalk	morpheme_aligned
q:6:54:6	6:54	6:54	6	w-s006-a054-w005	6:54:5	m-w-s006-a054-w005-01			بـ	position_crosswalk	morpheme_aligned
q:6:54:7	6:54	6:54	7	w-s006-a054-w005	6:54:5	m-w-s006-a054-w005-02	بِآيَاتِنَا	أ ي ي	بـ	position_crosswalk	morpheme_aligned
q:6:54:9	6:54	6:54	9	w-s006-a054-w006	6:54:6	m-w-s006-a054-w006-02	فَقُلْ	ق ل ل		position_crosswalk	morpheme_aligned
q:6:54:10	6:54	6:54	10	w-s006-a054-w007	6:54:7	m-w-s006-a054-w007-01	سَلَامٌ	س ل م	عَلَى	position_crosswalk	morpheme_aligned
q:6:54:11	6:54	6:54	11	w-s006-a054-w008	6:54:8	m-w-s006-a054-w008-02;m-w-s006-a054-w008-01	عَلَيْكُمْ	ع ل و	عَلَى	position_crosswalk	morpheme_aligned
q:6:54:12	6:54	6:54	12	w-s006-a054-w009	6:54:9	m-w-s006-a054-w009-01	كَتَبَ	ك ت ب	عَلَى	position_crosswalk	morpheme_aligned
q:6:54:13	6:54	6:54	13	w-s006-a054-w010	6:54:10	m-w-s006-a054-w010-01	رَبُّكُمْ	ر ب ب		position_crosswalk	morpheme_aligned
q:6:54:14	6:54	6:54	14	w-s006-a054-w011	6:54:11	m-w-s006-a054-w011-01			عَلَى	position_crosswalk	morpheme_aligned
q:6:54:15	6:54	6:54	15	w-s006-a054-w012	6:54:12	m-w-s006-a054-w012-01	نَفْسِهِ	ن ف س	عَلَى	position_crosswalk	morpheme_aligned
q:6:54:16	6:54	6:54	16	w-s006-a054-w013	6:54:13	m-w-s006-a054-w013-02	الرَّحْمَةَ	ر ح م		position_crosswalk	morpheme_aligned
q:6:54:17	6:54	6:54	17	w-s006-a054-w014	6:54:14	m-w-s006-a054-w014-01;m-w-s006-a054-w014-02	أَنَّهُ			position_crosswalk	morpheme_aligned
q:6:54:18	6:54	6:54	18	w-s006-a054-w015	6:54:15	m-w-s006-a054-w015-01	مَنْ	م ن ن	مِن	position_crosswalk	morpheme_aligned
q:6:54:19	6:54	6:54	19	w-s006-a054-w016	6:54:16	m-w-s006-a054-w016-01	عَمِلَ	ع م ل	بـ	position_crosswalk	morpheme_aligned
q:6:54:20	6:54	6:54	20	w-s006-a054-w017	6:54:17	m-w-s006-a054-w017-02;m-w-s006-a054-w017-01			مِن	position_crosswalk	morpheme_aligned
q:6:54:21	6:54	6:54	21	w-s006-a054-w018	6:54:18	m-w-s006-a054-w018-01	سُوءَاً	س و أ		position_crosswalk	morpheme_aligned
q:6:54:22	6:54	6:54	22	w-s006-a054-w019	6:54:19	m-w-s006-a054-w019-01			بـ	position_crosswalk	morpheme_aligned
q:6:54:23	6:54	6:54	23	w-s006-a054-w019	6:54:19	m-w-s006-a054-w019-02	بِجَهَالَةٍ	ج ه ل	بـ	position_crosswalk	morpheme_aligned
q:6:54:25	6:54	6:54	25	w-s006-a054-w021	6:54:21	m-w-s006-a054-w021-01	تَابَ	ت و ب	مِن	position_crosswalk	morpheme_aligned
q:6:54:26	6:54	6:54	26	w-s006-a054-w022	6:54:22	m-w-s006-a054-w022-01			مِن	position_crosswalk	morpheme_aligned
q:6:54:27	6:54	6:54	27	w-s006-a054-w023	6:54:23	m-w-s006-a054-w023-01	بَعْدِهِ	ب ع د	مِن	position_crosswalk	morpheme_aligned
q:6:54:29	6:54	6:54	29	w-s006-a054-w024	6:54:24	m-w-s006-a054-w024-02	وَأَصْلَحَ	ص ل ح		position_crosswalk	morpheme_aligned
q:6:54:31	6:54	6:54	31	w-s006-a054-w025	6:54:25	m-w-s006-a054-w025-02;m-w-s006-a054-w025-03	فَأَنَّهُ			position_crosswalk	morpheme_aligned
q:6:54:32	6:54	6:54	32	w-s006-a054-w026	6:54:26	m-w-s006-a054-w026-01	غَفُورٌ	غ ف ر		position_crosswalk	morpheme_aligned
q:6:54:33	6:54	6:54	33	w-s006-a054-w027	6:54:27	m-w-s006-a054-w027-01	رَحِيمٌ	ر ح م		position_crosswalk	morpheme_aligned
q:6:55:2	6:55	6:55	2	w-s006-a055-w001	6:55:1	m-w-s006-a055-w001-02			كـ	position_crosswalk	morpheme_aligned
q:6:55:3	6:55	6:55	3	w-s006-a055-w001	6:55:1	m-w-s006-a055-w001-03	وَكَذَلِكَ		كـ	position_crosswalk	morpheme_aligned
q:6:55:4	6:55	6:55	4	w-s006-a055-w002	6:55:2	m-w-s006-a055-w002-01	نُفَصِّلُ	ف ص ل	كـ	position_crosswalk	morpheme_aligned
q:6:55:5	6:55	6:55	5	w-s006-a055-w003	6:55:3	m-w-s006-a055-w003-02	الْآيَاتِ	أ ي ي		position_crosswalk	morpheme_aligned
q:6:55:8	6:55	6:55	8	w-s006-a055-w004	6:55:4	m-w-s006-a055-w004-03	وَلِتَسْتَبِينَ	ب ي ن		position_crosswalk	morpheme_aligned
q:6:55:9	6:55	6:55	9	w-s006-a055-w005	6:55:5	m-w-s006-a055-w005-01	سَبِيلُ	س ب ل		position_crosswalk	morpheme_aligned
q:6:55:10	6:55	6:55	10	w-s006-a055-w006	6:55:6	m-w-s006-a055-w006-02	الْمُجْرِمِينَ	ج ر م		position_crosswalk	morpheme_aligned
q:6:56:1	6:56	6:56	1	w-s006-a056-w001	6:56:1	m-w-s006-a056-w001-01	قُلْ	ق ل ل		position_crosswalk	morpheme_aligned
q:6:56:2	6:56	6:56	2	w-s006-a056-w002	6:56:2	m-w-s006-a056-w002-01;m-w-s006-a056-w002-02	إِنِّي			position_crosswalk	morpheme_aligned
q:6:56:3	6:56	6:56	3	w-s006-a056-w003	6:56:3	m-w-s006-a056-w003-01	نُهِيتُ	ن ه ي		position_crosswalk	morpheme_aligned
q:6:56:4	6:56	6:56	4	w-s006-a056-w004	6:56:4	m-w-s006-a056-w004-01	أَنْ			position_crosswalk	morpheme_aligned
q:6:56:5	6:56	6:56	5	w-s006-a056-w005	6:56:5	m-w-s006-a056-w005-01	أَعْبُدَ	ع ب د		position_crosswalk	morpheme_aligned
q:6:56:6	6:56	6:56	6	w-s006-a056-w006	6:56:6	m-w-s006-a056-w006-01	الَّذِينَ	ل ل ذ		position_crosswalk	morpheme_aligned
q:6:56:7	6:56	6:56	7	w-s006-a056-w007	6:56:7	m-w-s006-a056-w007-01	تَدْعُونَ	د ع ع	مِن	position_crosswalk	morpheme_aligned
q:6:56:8	6:56	6:56	8	w-s006-a056-w008	6:56:8	m-w-s006-a056-w008-01			مِن	position_crosswalk	morpheme_aligned
q:6:56:9	6:56	6:56	9	w-s006-a056-w009	6:56:9	m-w-s006-a056-w009-01	دُونِ	د و ن	مِن	position_crosswalk	morpheme_aligned
q:6:56:10	6:56	6:56	10	w-s006-a056-w010	6:56:10	m-w-s006-a056-w010-01	اللَّهِ	أ ل ه		position_crosswalk	morpheme_aligned
q:6:56:11	6:56	6:56	11	w-s006-a056-w011	6:56:11	m-w-s006-a056-w011-01	قُلْ	ق ل ل		position_crosswalk	morpheme_aligned
q:6:56:12	6:56	6:56	12	w-s006-a056-w012	6:56:12	m-w-s006-a056-w012-01	لَا			position_crosswalk	morpheme_aligned
q:6:56:13	6:56	6:56	13	w-s006-a056-w013	6:56:13	m-w-s006-a056-w013-01	أَتَّبِعُ	ت ب ع		position_crosswalk	morpheme_aligned
q:6:56:14	6:56	6:56	14	w-s006-a056-w014	6:56:14	m-w-s006-a056-w014-01	أَهْوَاءَكُمْ	ه و ي		position_crosswalk	morpheme_aligned
q:6:56:16	6:56	6:56	16	w-s006-a056-w016	6:56:16	m-w-s006-a056-w016-01	ضَلَلْتُ	ض ل ل		position_crosswalk	morpheme_aligned
q:6:56:17	6:56	6:56	17	w-s006-a056-w017	6:56:17	m-w-s006-a056-w017-01	إِذَاً	أ ذ ي		position_crosswalk	morpheme_aligned
q:6:56:20	6:56	6:56	20	w-s006-a056-w019	6:56:19	m-w-s006-a056-w019-01	أَنَا		مِن	position_crosswalk	morpheme_aligned
q:6:56:21	6:56	6:56	21	w-s006-a056-w020	6:56:20	m-w-s006-a056-w020-01			مِن	position_crosswalk	morpheme_aligned
q:6:56:22	6:56	6:56	22	w-s006-a056-w021	6:56:21	m-w-s006-a056-w021-02	الْمُهْتَدِينَ	ه د ي	مِن	position_crosswalk	morpheme_aligned
q:6:57:1	6:57	6:57	1	w-s006-a057-w001	6:57:1	m-w-s006-a057-w001-01	قُلْ	ق ل ل		position_crosswalk	morpheme_aligned
q:6:57:2	6:57	6:57	2	w-s006-a057-w002	6:57:2	m-w-s006-a057-w002-01;m-w-s006-a057-w002-02	إِنِّي		عَلَى	position_crosswalk	morpheme_aligned
q:6:57:3	6:57	6:57	3	w-s006-a057-w003	6:57:3	m-w-s006-a057-w003-01			عَلَى	position_crosswalk	morpheme_aligned
q:6:57:4	6:57	6:57	4	w-s006-a057-w004	6:57:4	m-w-s006-a057-w004-01	بَيِّنَةٍ	ب ي ن	عَلَى;مِن	position_crosswalk	morpheme_aligned
q:6:57:5	6:57	6:57	5	w-s006-a057-w005	6:57:5	m-w-s006-a057-w005-01			مِن	position_crosswalk	morpheme_aligned
q:6:57:6	6:57	6:57	6	w-s006-a057-w006	6:57:6	m-w-s006-a057-w006-01	رَبِّي	ر ب ب	مِن	position_crosswalk	morpheme_aligned
q:6:57:8	6:57	6:57	8	w-s006-a057-w007	6:57:7	m-w-s006-a057-w007-02	وَكَذَّبْتُمْ	ك ذ ب	بـ	position_crosswalk	morpheme_aligned
q:6:57:9	6:57	6:57	9	w-s006-a057-w008	6:57:8	m-w-s006-a057-w008-02;m-w-s006-a057-w008-01			بـ	position_crosswalk	morpheme_aligned
q:6:57:11	6:57	6:57	11	w-s006-a057-w010	6:57:10	m-w-s006-a057-w010-01	عِنْدِي	ع ن د		surface_root_sequence_fallback	morpheme_aligned
q:6:57:12	6:57	6:57	12	w-s006-a057-w011	6:57:11	m-w-s006-a057-w011-01	مَا			surface_root_sequence_fallback	morpheme_aligned
q:6:57:13	6:57	6:57	13	w-s006-a057-w012	6:57:12	m-w-s006-a057-w012-01	تَسْتَعْجِلُونَ	ع ج ل	بـ	surface_root_sequence_fallback	morpheme_aligned
q:6:57:14	6:57	6:57	14	w-s006-a057-w013	6:57:13	m-w-s006-a057-w013-02;m-w-s006-a057-w013-01			بـ	surface_root_sequence_fallback	morpheme_aligned
q:6:57:16	6:57	6:57	16	w-s006-a057-w015	6:57:15	m-w-s006-a057-w015-02	الْحُكْمُ	ح ك م	لـ	surface_root_sequence_fallback	morpheme_aligned
q:6:57:18	6:57	6:57	18	w-s006-a057-w015	6:57:15	m-w-s006-a057-w015-02			لـ	position_crosswalk	morpheme_aligned
q:6:57:19	6:57	6:57	19	w-s006-a057-w017	6:57:17	m-w-s006-a057-w017-02	لِلَّهِ	أ ل ه	لـ	surface_root_sequence_fallback	morpheme_aligned
q:6:57:20	6:57	6:57	20	w-s006-a057-w018	6:57:18	m-w-s006-a057-w018-01	يَقُصُّ	ق ص ص		surface_root_sequence_fallback	morpheme_aligned
q:6:57:21	6:57	6:57	21	w-s006-a057-w019	6:57:19	m-w-s006-a057-w019-02	الْحَقَّ	ح ق ق		surface_root_sequence_fallback	morpheme_aligned
q:6:57:23	6:57	6:57	23	w-s006-a057-w020	6:57:20	m-w-s006-a057-w020-02	وَهُوَ			surface_root_sequence_fallback	morpheme_aligned
q:6:57:24	6:57	6:57	24	w-s006-a057-w021	6:57:21	m-w-s006-a057-w021-01	خَيْرُ	خ ي ر		surface_root_sequence_fallback	morpheme_aligned
q:6:57:25	6:57	6:57	25	w-s006-a057-w022	6:57:22	m-w-s006-a057-w022-02	الْفَاصِلِينَ	ف ص ل		surface_root_sequence_fallback	morpheme_aligned
q:6:58:1	6:58	6:58	1	w-s006-a058-w001	6:58:1	m-w-s006-a058-w001-01	قُلْ	ق ل ل		position_crosswalk	morpheme_aligned
q:6:58:2	6:58	6:58	2	w-s006-a058-w002	6:58:2	m-w-s006-a058-w002-01	لَوْ	ل و ي		position_crosswalk	morpheme_aligned
q:6:58:3	6:58	6:58	3	w-s006-a058-w003	6:58:3	m-w-s006-a058-w003-01	أَنَّ			position_crosswalk	morpheme_aligned
q:6:58:4	6:58	6:58	4	w-s006-a058-w004	6:58:4	m-w-s006-a058-w004-01	عِنْدِي	ع ن د		position_crosswalk	morpheme_aligned
q:6:58:5	6:58	6:58	5	w-s006-a058-w005	6:58:5	m-w-s006-a058-w005-01	مَا			position_crosswalk	morpheme_aligned
q:6:58:6	6:58	6:58	6	w-s006-a058-w006	6:58:6	m-w-s006-a058-w006-01	تَسْتَعْجِلُونَ	ع ج ل	بـ	position_crosswalk	morpheme_aligned
q:6:58:7	6:58	6:58	7	w-s006-a058-w007	6:58:7	m-w-s006-a058-w007-02;m-w-s006-a058-w007-01			بـ	position_crosswalk	morpheme_aligned
q:6:58:9	6:58	6:58	9	w-s006-a058-w008	6:58:8	m-w-s006-a058-w008-02	لَقُضِيَ	ق ض ي		position_crosswalk	morpheme_aligned
q:6:58:10	6:58	6:58	10	w-s006-a058-w009	6:58:9	m-w-s006-a058-w009-02	الْأَمْرُ	أ م ر		surface_root_sequence_fallback	morpheme_aligned
q:6:58:11	6:58	6:58	11	w-s006-a058-w010	6:58:10	m-w-s006-a058-w010-01	بَيْنِي	ب ي ن		surface_root_sequence_fallback	morpheme_aligned
q:6:58:13	6:58	6:58	13	w-s006-a058-w010	6:58:10	m-w-s006-a058-w010-01	وَبَيْنَكُمْ	ب ي ن		surface_root_sequence_fallback	morpheme_aligned
q:6:58:15	6:58	6:58	15	w-s006-a058-w012	6:58:12	m-w-s006-a058-w012-02	وَاللَّهُ	أ ل ه		position_crosswalk	morpheme_aligned
q:6:58:16	6:58	6:58	16	w-s006-a058-w013	6:58:13	m-w-s006-a058-w013-01	أَعْلَمُ	ع ل م	بـ	surface_root_sequence_fallback	morpheme_aligned
q:6:58:17	6:58	6:58	17	w-s006-a058-w014	6:58:14	m-w-s006-a058-w014-01			بـ	surface_root_sequence_fallback	morpheme_aligned
q:6:58:18	6:58	6:58	18	w-s006-a058-w014	6:58:14	m-w-s006-a058-w014-03	بِالظَّالِمِينَ	ظ ل م	بـ	position_crosswalk	morpheme_aligned
q:6:59:2	6:59	6:59	2	w-s006-a059-w001	6:59:1	m-w-s006-a059-w001-02	وَعِنْدَهُ	ع ن د		position_crosswalk	morpheme_aligned
q:6:59:3	6:59	6:59	3	w-s006-a059-w002	6:59:2	m-w-s006-a059-w002-01	مَفَاتِحُ	ف ت ح		position_crosswalk	morpheme_aligned
q:6:59:4	6:59	6:59	4	w-s006-a059-w003	6:59:3	m-w-s006-a059-w003-02	الْغَيْبِ	غ ي ب		position_crosswalk	morpheme_aligned
q:6:59:6	6:59	6:59	6	w-s006-a059-w005	6:59:5	m-w-s006-a059-w005-01;m-w-s006-a059-w005-02	يَعْلَمُهَا	ع ل م		position_crosswalk	morpheme_aligned
q:6:59:8	6:59	6:59	8	w-s006-a059-w007	6:59:7	m-w-s006-a059-w007-01	هُوَ			position_crosswalk	morpheme_aligned
q:6:59:10	6:59	6:59	10	w-s006-a059-w008	6:59:8	m-w-s006-a059-w008-02	وَيَعْلَمُ	ع ل م		position_crosswalk	morpheme_aligned
q:6:59:11	6:59	6:59	11	w-s006-a059-w009	6:59:9	m-w-s006-a059-w009-01	مَا		فِي	position_crosswalk	morpheme_aligned
q:6:59:12	6:59	6:59	12	w-s006-a059-w010	6:59:10	m-w-s006-a059-w010-01			فِي	position_crosswalk	morpheme_aligned
q:6:59:13	6:59	6:59	13	w-s006-a059-w011	6:59:11	m-w-s006-a059-w011-02	الْبَرِّ	ب ر ر	فِي	position_crosswalk	morpheme_aligned
q:6:59:15	6:59	6:59	15	w-s006-a059-w012	6:59:12	m-w-s006-a059-w012-03	وَالْبَحْرِ	ب ح ر		position_crosswalk	morpheme_aligned
q:6:59:18	6:59	6:59	18	w-s006-a059-w014	6:59:14	m-w-s006-a059-w014-01	تَسْقُطُ	س ق ط	مِن	position_crosswalk	morpheme_aligned
q:6:59:19	6:59	6:59	19	w-s006-a059-w015	6:59:15	m-w-s006-a059-w015-01			مِن	position_crosswalk	morpheme_aligned
q:6:59:20	6:59	6:59	20	w-s006-a059-w016	6:59:16	m-w-s006-a059-w016-01	وَرَقَةٍ	و ر ق	مِن;فِي	position_crosswalk	morpheme_aligned
q:6:59:22	6:59	6:59	22	w-s006-a059-w018	6:59:18	m-w-s006-a059-w018-01;m-w-s006-a059-w018-02	يَعْلَمُهَا	ع ل م		position_crosswalk	morpheme_aligned
q:6:59:25	6:59	6:59	25	w-s006-a059-w020	6:59:20	m-w-s006-a059-w020-01	حَبَّةٍ	ح ب ب	فِي	position_crosswalk	morpheme_aligned
q:6:59:26	6:59	6:59	26	w-s006-a059-w021	6:59:21	m-w-s006-a059-w021-01			فِي	position_crosswalk	morpheme_aligned
q:6:59:27	6:59	6:59	27	w-s006-a059-w022	6:59:22	m-w-s006-a059-w022-01	ظُلُمَاتِ	ظ ل م	فِي	position_crosswalk	morpheme_aligned
q:6:59:28	6:59	6:59	28	w-s006-a059-w023	6:59:23	m-w-s006-a059-w023-02	الْأَرْضِ	أ ر ض		position_crosswalk	morpheme_aligned
q:6:59:31	6:59	6:59	31	w-s006-a059-w025	6:59:25	m-w-s006-a059-w025-01	رَطْبٍ	ر ط ب		position_crosswalk	morpheme_aligned
q:6:59:34	6:59	6:59	34	w-s006-a059-w027	6:59:27	m-w-s006-a059-w027-01	يَابِسٍ	ي ب س		position_crosswalk	morpheme_aligned
q:6:59:36	6:59	6:59	36	w-s006-a059-w029	6:59:29	m-w-s006-a059-w029-01			فِي	position_crosswalk	morpheme_aligned
q:6:59:37	6:59	6:59	37	w-s006-a059-w030	6:59:30	m-w-s006-a059-w030-01	كِتَابٍ	ك ت ب	فِي	position_crosswalk	morpheme_aligned
q:6:59:38	6:59	6:59	38	w-s006-a059-w031	6:59:31	m-w-s006-a059-w031-01	مُبِينٍ	ب ي ن		position_crosswalk	morpheme_aligned
q:6:60:2	6:60	6:60	2	w-s006-a060-w001	6:60:1	m-w-s006-a060-w001-02	وَهُوَ			position_crosswalk	morpheme_aligned
q:6:60:3	6:60	6:60	3	w-s006-a060-w002	6:60:2	m-w-s006-a060-w002-01	الَّذِي	ل ل ذ		position_crosswalk	morpheme_aligned
q:6:60:4	6:60	6:60	4	w-s006-a060-w003	6:60:3	m-w-s006-a060-w003-01;m-w-s006-a060-w003-02	يَتَوَفَّاكُمْ	و ف ي	بـ	position_crosswalk	morpheme_aligned
q:6:60:5	6:60	6:60	5	w-s006-a060-w004	6:60:4	m-w-s006-a060-w004-01			بـ	position_crosswalk	morpheme_aligned
q:6:60:6	6:60	6:60	6	w-s006-a060-w004	6:60:4	m-w-s006-a060-w004-03	بِاللَّيْلِ	ل ي ل	بـ	position_crosswalk	morpheme_aligned
q:6:60:8	6:60	6:60	8	w-s006-a060-w005	6:60:5	m-w-s006-a060-w005-02	وَيَعْلَمُ	ع ل م		position_crosswalk	morpheme_aligned
q:6:60:9	6:60	6:60	9	w-s006-a060-w006	6:60:6	m-w-s006-a060-w006-01	مَا			position_crosswalk	morpheme_aligned
q:6:60:10	6:60	6:60	10	w-s006-a060-w007	6:60:7	m-w-s006-a060-w007-01	جَرَحْتُمْ	ج ر ح	بـ	position_crosswalk	morpheme_aligned
q:6:60:11	6:60	6:60	11	w-s006-a060-w008	6:60:8	m-w-s006-a060-w008-01			بـ	position_crosswalk	morpheme_aligned
q:6:60:12	6:60	6:60	12	w-s006-a060-w008	6:60:8	m-w-s006-a060-w008-03	بِالنَّهَارِ	ن ه ر	بـ	position_crosswalk	morpheme_aligned
q:6:60:14	6:60	6:60	14	w-s006-a060-w010	6:60:10	m-w-s006-a060-w010-01;m-w-s006-a060-w010-02	يَبْعَثُكُمْ	ب ع ث	فِي	position_crosswalk	morpheme_aligned
q:6:60:15	6:60	6:60	15	w-s006-a060-w011	6:60:11	m-w-s006-a060-w011-02;m-w-s006-a060-w011-01			فِي	position_crosswalk	morpheme_aligned
q:6:60:17	6:60	6:60	17	w-s006-a060-w012	6:60:12	m-w-s006-a060-w012-02	لِيُقْضَى	ق ض ي		position_crosswalk	morpheme_aligned
q:6:60:18	6:60	6:60	18	w-s006-a060-w013	6:60:13	m-w-s006-a060-w013-01	أَجَلٌ	أ ج ل		position_crosswalk	morpheme_aligned
q:6:60:19	6:60	6:60	19	w-s006-a060-w014	6:60:14	m-w-s006-a060-w014-01	مُسَمَّىً	س م و		position_crosswalk	morpheme_aligned
q:6:60:21	6:60	6:60	21	w-s006-a060-w016	6:60:16	m-w-s006-a060-w016-02;m-w-s006-a060-w016-01	إِلَيْهِ	إ ل ى	إِلَى	position_crosswalk	morpheme_aligned
q:6:60:22	6:60	6:60	22	w-s006-a060-w017	6:60:17	m-w-s006-a060-w017-01	مَرْجِعُكُمْ	ر ج ع	إِلَى	position_crosswalk	morpheme_aligned
q:6:60:24	6:60	6:60	24	w-s006-a060-w019	6:60:19	m-w-s006-a060-w019-01;m-w-s006-a060-w019-02	يُنَبِّئُكُمْ	ن ب أ	بـ	position_crosswalk	morpheme_aligned
q:6:60:25	6:60	6:60	25	w-s006-a060-w019	6:60:19	m-w-s006-a060-w019-01			بـ	surface_root_sequence_fallback	morpheme_aligned
q:6:60:26	6:60	6:60	26	w-s006-a060-w020	6:60:20	m-w-s006-a060-w020-02	بِمَا		بـ	position_crosswalk	morpheme_aligned
q:6:60:27	6:60	6:60	27	w-s006-a060-w021	6:60:21	m-w-s006-a060-w021-01	كُنْتُمْ	ك و ن		position_crosswalk	morpheme_aligned
q:6:60:28	6:60	6:60	28	w-s006-a060-w022	6:60:22	m-w-s006-a060-w022-01	تَعْمَلُونَ	ع م ل		position_crosswalk	morpheme_aligned
q:6:61:2	6:61	6:61	2	w-s006-a061-w001	6:61:1	m-w-s006-a061-w001-02	وَهُوَ			position_crosswalk	morpheme_aligned
q:6:61:3	6:61	6:61	3	w-s006-a061-w002	6:61:2	m-w-s006-a061-w002-02	الْقَاهِرُ	ق ه ر		position_crosswalk	morpheme_aligned
q:6:61:4	6:61	6:61	4	w-s006-a061-w003	6:61:3	m-w-s006-a061-w003-01	فَوْقَ	ف و ق		position_crosswalk	morpheme_aligned
q:6:61:5	6:61	6:61	5	w-s006-a061-w004	6:61:4	m-w-s006-a061-w004-01	عِبَادِهِ	ع ب د		position_crosswalk	morpheme_aligned
q:6:61:7	6:61	6:61	7	w-s006-a061-w005	6:61:5	m-w-s006-a061-w005-02	وَيُرْسِلُ	ر س ل	عَلَى	position_crosswalk	morpheme_aligned
q:6:61:8	6:61	6:61	8	w-s006-a061-w006	6:61:6	m-w-s006-a061-w006-02;m-w-s006-a061-w006-01			عَلَى	position_crosswalk	morpheme_aligned
q:6:61:9	6:61	6:61	9	w-s006-a061-w007	6:61:7	m-w-s006-a061-w007-01	حَفَظَةً	ح ف ظ		position_crosswalk	morpheme_aligned
q:6:61:12	6:61	6:61	12	w-s006-a061-w010	6:61:10	m-w-s006-a061-w010-01	جَاءَ	ج ي أ		position_crosswalk	morpheme_aligned
q:6:61:13	6:61	6:61	13	w-s006-a061-w011	6:61:11	m-w-s006-a061-w011-01	أَحَدَكُمُ	أ ح د		position_crosswalk	morpheme_aligned
q:6:61:14	6:61	6:61	14	w-s006-a061-w012	6:61:12	m-w-s006-a061-w012-02	الْمَوْتُ	م و ت		position_crosswalk	morpheme_aligned
q:6:61:15	6:61	6:61	15	w-s006-a061-w013	6:61:13	m-w-s006-a061-w013-01;m-w-s006-a061-w013-02	تَوَفَّتْهُ	و ف ي		position_crosswalk	morpheme_aligned
q:6:61:16	6:61	6:61	16	w-s006-a061-w014	6:61:14	m-w-s006-a061-w014-01	رُسُلُنَا	ر س ل		position_crosswalk	morpheme_aligned
q:6:61:18	6:61	6:61	18	w-s006-a061-w015	6:61:15	m-w-s006-a061-w015-02	وَهُمْ			position_crosswalk	morpheme_aligned
q:6:61:20	6:61	6:61	20	w-s006-a061-w017	6:61:17	m-w-s006-a061-w017-01	يُفَرِّطُونَ	ف ر ط		position_crosswalk	morpheme_aligned
q:6:62:2	6:62	6:62	2	w-s006-a062-w002	6:62:2	m-w-s006-a062-w002-01	رُدُّوا	ر د د	إِلَى	position_crosswalk	morpheme_aligned
q:6:62:3	6:62	6:62	3	w-s006-a062-w003	6:62:3	m-w-s006-a062-w003-01			إِلَى	position_crosswalk	morpheme_aligned
q:6:62:4	6:62	6:62	4	w-s006-a062-w004	6:62:4	m-w-s006-a062-w004-01	اللَّهِ	أ ل ه	إِلَى	position_crosswalk	morpheme_aligned
q:6:62:5	6:62	6:62	5	w-s006-a062-w005	6:62:5	m-w-s006-a062-w005-01	مَوْلَاهُمُ	و ل ي		position_crosswalk	morpheme_aligned
q:6:62:6	6:62	6:62	6	w-s006-a062-w006	6:62:6	m-w-s006-a062-w006-02	الْحَقِّ	ح ق ق		position_crosswalk	morpheme_aligned
q:6:62:8	6:62	6:62	8	w-s006-a062-w006	6:62:6	m-w-s006-a062-w006-02	لَهُ	و ل ي	لـ	surface_root_sequence_fallback	morpheme_aligned
q:6:62:9	6:62	6:62	9	w-s006-a062-w009	6:62:9	m-w-s006-a062-w009-02	الْحُكْمُ	ح ك م	لـ	surface_root_sequence_fallback	morpheme_aligned
q:6:62:11	6:62	6:62	11	w-s006-a062-w010	6:62:10	m-w-s006-a062-w010-02	وَهُوَ			position_crosswalk	morpheme_aligned
q:6:62:12	6:62	6:62	12	w-s006-a062-w011	6:62:11	m-w-s006-a062-w011-01	أَسْرَعُ	س ر ع		surface_root_sequence_fallback	morpheme_aligned
q:6:62:13	6:62	6:62	13	w-s006-a062-w012	6:62:12	m-w-s006-a062-w012-02	الْحَاسِبِينَ	ح س ب		surface_root_sequence_fallback	morpheme_aligned
q:6:63:1	6:63	6:63	1	w-s006-a063-w001	6:63:1	m-w-s006-a063-w001-01	قُلْ	ق ل ل		position_crosswalk	morpheme_aligned
q:6:63:2	6:63	6:63	2	w-s006-a063-w002	6:63:2	m-w-s006-a063-w002-01	مَنْ	م ن ن		position_crosswalk	morpheme_aligned
q:6:63:3	6:63	6:63	3	w-s006-a063-w003	6:63:3	m-w-s006-a063-w003-01;m-w-s006-a063-w003-02	يُنَجِّيكُمْ	ن ج و	مِن	position_crosswalk	morpheme_aligned
q:6:63:4	6:63	6:63	4	w-s006-a063-w004	6:63:4	m-w-s006-a063-w004-01			مِن	position_crosswalk	morpheme_aligned
q:6:63:5	6:63	6:63	5	w-s006-a063-w005	6:63:5	m-w-s006-a063-w005-01	ظُلُمَاتِ	ظ ل م	مِن	position_crosswalk	morpheme_aligned
q:6:63:6	6:63	6:63	6	w-s006-a063-w006	6:63:6	m-w-s006-a063-w006-02	الْبَرِّ	ب ر ر		position_crosswalk	morpheme_aligned
q:6:63:8	6:63	6:63	8	w-s006-a063-w007	6:63:7	m-w-s006-a063-w007-03	وَالْبَحْرِ	ب ح ر		position_crosswalk	morpheme_aligned
q:6:63:9	6:63	6:63	9	w-s006-a063-w008	6:63:8	m-w-s006-a063-w008-01	تَدْعُونَهُ	د ع ع		position_crosswalk	morpheme_aligned
q:6:63:10	6:63	6:63	10	w-s006-a063-w009	6:63:9	m-w-s006-a063-w009-01	تَضَرُّعَاً	ض ر ع		position_crosswalk	morpheme_aligned
q:6:63:12	6:63	6:63	12	w-s006-a063-w010	6:63:10	m-w-s006-a063-w010-02	وَخُفْيَةً	خ ف ي		position_crosswalk	morpheme_aligned
q:6:63:15	6:63	6:63	15	w-s006-a063-w012	6:63:12	m-w-s006-a063-w012-01;m-w-s006-a063-w012-02	أَنْجَانَا	ن ج و	مِن	position_crosswalk	morpheme_aligned
q:6:63:16	6:63	6:63	16	w-s006-a063-w013	6:63:13	m-w-s006-a063-w013-01			مِن	position_crosswalk	morpheme_aligned
q:6:63:17	6:63	6:63	17	w-s006-a063-w014	6:63:14	m-w-s006-a063-w014-01	هَذِهِ		مِن	position_crosswalk	morpheme_aligned
q:6:63:19	6:63	6:63	19	w-s006-a063-w015	6:63:15	m-w-s006-a063-w015-02	لَنَكُونَنَّ	ك و ن	مِن	position_crosswalk	morpheme_aligned
q:6:63:20	6:63	6:63	20	w-s006-a063-w016	6:63:16	m-w-s006-a063-w016-01			مِن	position_crosswalk	morpheme_aligned
q:6:63:21	6:63	6:63	21	w-s006-a063-w017	6:63:17	m-w-s006-a063-w017-02	الشَّاكِرِينَ	ش ك ر	مِن	position_crosswalk	morpheme_aligned
q:6:64:1	6:64	6:64	1	w-s006-a064-w001	6:64:1	m-w-s006-a064-w001-01	قُلِ	ق ل ل		position_crosswalk	morpheme_aligned
q:6:64:2	6:64	6:64	2	w-s006-a064-w002	6:64:2	m-w-s006-a064-w002-01	اللَّهُ	أ ل ه		position_crosswalk	morpheme_aligned
q:6:64:3	6:64	6:64	3	w-s006-a064-w003	6:64:3	m-w-s006-a064-w003-01;m-w-s006-a064-w003-02	يُنَجِّيكُمْ	ن ج و	مِن	position_crosswalk	morpheme_aligned
q:6:64:4	6:64	6:64	4	w-s006-a064-w004	6:64:4	m-w-s006-a064-w004-02;m-w-s006-a064-w004-01			مِن	position_crosswalk	morpheme_aligned
q:6:64:6	6:64	6:64	6	w-s006-a064-w004	6:64:4	m-w-s006-a064-w004-01			مِن	surface_root_sequence_fallback	morpheme_aligned
q:6:64:7	6:64	6:64	7	w-s006-a064-w006	6:64:6	m-w-s006-a064-w006-01	كُلِّ	ك ل ل	مِن	position_crosswalk	morpheme_aligned
q:6:64:8	6:64	6:64	8	w-s006-a064-w007	6:64:7	m-w-s006-a064-w007-01	كَرْبٍ	ك ر ب		position_crosswalk	morpheme_aligned
q:6:64:10	6:64	6:64	10	w-s006-a064-w009	6:64:9	m-w-s006-a064-w009-01	أَنْتُمْ			position_crosswalk	morpheme_aligned
q:6:64:11	6:64	6:64	11	w-s006-a064-w010	6:64:10	m-w-s006-a064-w010-01	تُشْرِكُونَ	ش ر ك		position_crosswalk	morpheme_aligned
q:6:65:1	6:65	6:65	1	w-s006-a065-w001	6:65:1	m-w-s006-a065-w001-01	قُلْ	ق ل ل		position_crosswalk	morpheme_aligned
q:6:65:2	6:65	6:65	2	w-s006-a065-w002	6:65:2	m-w-s006-a065-w002-01	هُوَ			position_crosswalk	morpheme_aligned
q:6:65:3	6:65	6:65	3	w-s006-a065-w003	6:65:3	m-w-s006-a065-w003-02	الْقَادِرُ	ق د ر		position_crosswalk	morpheme_aligned
q:6:65:5	6:65	6:65	5	w-s006-a065-w005	6:65:5	m-w-s006-a065-w005-01	أَنْ			position_crosswalk	morpheme_aligned
q:6:65:6	6:65	6:65	6	w-s006-a065-w006	6:65:6	m-w-s006-a065-w006-01	يَبْعَثَ	ب ع ث	عَلَى	position_crosswalk	morpheme_aligned
q:6:65:7	6:65	6:65	7	w-s006-a065-w007	6:65:7	m-w-s006-a065-w007-02;m-w-s006-a065-w007-01			عَلَى	position_crosswalk	morpheme_aligned
q:6:65:8	6:65	6:65	8	w-s006-a065-w008	6:65:8	m-w-s006-a065-w008-01	عَذَابَاً	ع ذ ب	مِن	position_crosswalk	morpheme_aligned
q:6:65:9	6:65	6:65	9	w-s006-a065-w009	6:65:9	m-w-s006-a065-w009-01			مِن	position_crosswalk	morpheme_aligned
q:6:65:10	6:65	6:65	10	w-s006-a065-w010	6:65:10	m-w-s006-a065-w010-01	فَوْقِكُمْ	ف و ق	مِن	position_crosswalk	morpheme_aligned
q:6:65:12	6:65	6:65	12	w-s006-a065-w012	6:65:12	m-w-s006-a065-w012-01			مِن	position_crosswalk	morpheme_aligned
q:6:65:13	6:65	6:65	13	w-s006-a065-w013	6:65:13	m-w-s006-a065-w013-01	تَحْتِ	ت ح ت	مِن	position_crosswalk	morpheme_aligned
q:6:65:14	6:65	6:65	14	w-s006-a065-w014	6:65:14	m-w-s006-a065-w014-01	أَرْجُلِكُمْ	ر ج ل		position_crosswalk	morpheme_aligned
q:6:65:16	6:65	6:65	16	w-s006-a065-w016	6:65:16	m-w-s006-a065-w016-01;m-w-s006-a065-w016-02	يَلْبِسَكُمْ	ل ب س		position_crosswalk	morpheme_aligned
q:6:65:17	6:65	6:65	17	w-s006-a065-w017	6:65:17	m-w-s006-a065-w017-01	شِيَعَاً	ش ي ع		position_crosswalk	morpheme_aligned
q:6:65:19	6:65	6:65	19	w-s006-a065-w018	6:65:18	m-w-s006-a065-w018-02	وَيُذِيقَ	ذ و ق		position_crosswalk	morpheme_aligned
q:6:65:20	6:65	6:65	20	w-s006-a065-w019	6:65:19	m-w-s006-a065-w019-01	بَعْضَكُمْ	ب ع ض		position_crosswalk	morpheme_aligned
q:6:65:21	6:65	6:65	21	w-s006-a065-w020	6:65:20	m-w-s006-a065-w020-01	بَأْسَ	ب أ س		position_crosswalk	morpheme_aligned
q:6:65:22	6:65	6:65	22	w-s006-a065-w021	6:65:21	m-w-s006-a065-w021-01	بَعْضٍ	ب ع ض		position_crosswalk	morpheme_aligned
q:6:65:23	6:65	6:65	23	w-s006-a065-w022	6:65:22	m-w-s006-a065-w022-01	انْظُرْ	ن ظ ر		position_crosswalk	morpheme_aligned
q:6:65:24	6:65	6:65	24	w-s006-a065-w023	6:65:23	m-w-s006-a065-w023-01	كَيْفَ	ك ي ف		position_crosswalk	morpheme_aligned
q:6:65:25	6:65	6:65	25	w-s006-a065-w024	6:65:24	m-w-s006-a065-w024-01	نُصَرِّفُ	ص ر ف		position_crosswalk	morpheme_aligned
q:6:65:26	6:65	6:65	26	w-s006-a065-w025	6:65:25	m-w-s006-a065-w025-02	الْآيَاتِ	أ ي ي		position_crosswalk	morpheme_aligned
q:6:65:27	6:65	6:65	27	w-s006-a065-w026	6:65:26	m-w-s006-a065-w026-01;m-w-s006-a065-w026-02	لَعَلَّهُمْ	ل ع ل		position_crosswalk	morpheme_aligned
q:6:65:28	6:65	6:65	28	w-s006-a065-w027	6:65:27	m-w-s006-a065-w027-01	يَفْقَهُونَ	ف ق ه		position_crosswalk	morpheme_aligned
q:6:66:2	6:66	6:66	2	w-s006-a066-w001	6:66:1	m-w-s006-a066-w001-02	وَكَذَّبَ	ك ذ ب	بـ	position_crosswalk	morpheme_aligned
q:6:66:3	6:66	6:66	3	w-s006-a066-w002	6:66:2	m-w-s006-a066-w002-02;m-w-s006-a066-w002-01			بـ	position_crosswalk	morpheme_aligned
q:6:66:4	6:66	6:66	4	w-s006-a066-w003	6:66:3	m-w-s006-a066-w003-01	قَوْمُكَ	ق و م		surface_root_sequence_fallback	morpheme_aligned
q:6:66:6	6:66	6:66	6	w-s006-a066-w004	6:66:4	m-w-s006-a066-w004-02	وَهُوَ			position_crosswalk	morpheme_aligned
q:6:66:7	6:66	6:66	7	w-s006-a066-w005	6:66:5	m-w-s006-a066-w005-02	الْحَقُّ	ح ق ق		surface_root_sequence_fallback	morpheme_aligned
q:6:66:8	6:66	6:66	8	w-s006-a066-w006	6:66:6	m-w-s006-a066-w006-01	قُلْ	ق ل ل		surface_root_sequence_fallback	morpheme_aligned
q:6:66:9	6:66	6:66	9	w-s006-a066-w007	6:66:7	m-w-s006-a066-w007-01	لَسْتُ	ل ي س	عَلَى;بـ	surface_root_sequence_fallback	morpheme_aligned
q:6:66:10	6:66	6:66	10	w-s006-a066-w008	6:66:8	m-w-s006-a066-w008-02;m-w-s006-a066-w008-01			عَلَى	surface_root_sequence_fallback	morpheme_aligned
q:6:66:11	6:66	6:66	11	w-s006-a066-w009	6:66:9	m-w-s006-a066-w009-01			بـ	surface_root_sequence_fallback	morpheme_aligned
q:6:66:12	6:66	6:66	12	w-s006-a066-w009	6:66:9	m-w-s006-a066-w009-02	بِوَكِيلٍ	و ك ل	بـ	position_crosswalk	morpheme_aligned
q:6:67:1	6:67	6:67	1	w-s006-a067-w001	6:67:1	m-w-s006-a067-w001-01			لـ	position_crosswalk	morpheme_aligned
q:6:67:2	6:67	6:67	2	w-s006-a067-w001	6:67:1	m-w-s006-a067-w001-02	لِكُلِّ	ك ل ل	لـ	position_crosswalk	morpheme_aligned
q:6:67:3	6:67	6:67	3	w-s006-a067-w002	6:67:2	m-w-s006-a067-w002-01	نَبَإٍ	ن ب أ		position_crosswalk	morpheme_aligned
q:6:67:4	6:67	6:67	4	w-s006-a067-w003	6:67:3	m-w-s006-a067-w003-01	مُسْتَقَرٌّ	ق ر ر	لـ	position_crosswalk	morpheme_aligned
q:6:67:6	6:67	6:67	6	w-s006-a067-w004	6:67:4	m-w-s006-a067-w004-02	وَسَوْفَ	س و ف		position_crosswalk	morpheme_aligned
q:6:67:7	6:67	6:67	7	w-s006-a067-w005	6:67:5	m-w-s006-a067-w005-01	تَعْلَمُونَ	ع ل م		position_crosswalk	morpheme_aligned
q:6:68:3	6:68	6:68	3	w-s006-a068-w002	6:68:2	m-w-s006-a068-w002-01	رَأَيْتَ	ر أ ي		position_crosswalk	morpheme_aligned
q:6:68:4	6:68	6:68	4	w-s006-a068-w003	6:68:3	m-w-s006-a068-w003-01	الَّذِينَ	ل ل ذ		position_crosswalk	morpheme_aligned
q:6:68:5	6:68	6:68	5	w-s006-a068-w004	6:68:4	m-w-s006-a068-w004-01	يَخُوضُونَ	خ و ض	فِي	position_crosswalk	morpheme_aligned
q:6:68:6	6:68	6:68	6	w-s006-a068-w005	6:68:5	m-w-s006-a068-w005-01			فِي	position_crosswalk	morpheme_aligned
q:6:68:7	6:68	6:68	7	w-s006-a068-w006	6:68:6	m-w-s006-a068-w006-01	آيَاتِنَا	أ ي ي	فِي	position_crosswalk	morpheme_aligned
q:6:68:9	6:68	6:68	9	w-s006-a068-w007	6:68:7	m-w-s006-a068-w007-02	فَأَعْرِضْ	ع ر ض	عَن	position_crosswalk	morpheme_aligned
q:6:68:10	6:68	6:68	10	w-s006-a068-w008	6:68:8	m-w-s006-a068-w008-02;m-w-s006-a068-w008-01			عَن	position_crosswalk	morpheme_aligned
q:6:68:12	6:68	6:68	12	w-s006-a068-w010	6:68:10	m-w-s006-a068-w010-01	يَخُوضُوا	خ و ض	فِي	position_crosswalk	morpheme_aligned
q:6:68:13	6:68	6:68	13	w-s006-a068-w011	6:68:11	m-w-s006-a068-w011-01			فِي	position_crosswalk	morpheme_aligned
q:6:68:14	6:68	6:68	14	w-s006-a068-w012	6:68:12	m-w-s006-a068-w012-01	حَدِيثٍ	ح د ث	فِي	position_crosswalk	morpheme_aligned
q:6:68:15	6:68	6:68	15	w-s006-a068-w013	6:68:13	m-w-s006-a068-w013-01	غَيْرِهِ	غ ي ر		position_crosswalk	morpheme_aligned
q:6:68:18	6:68	6:68	18	w-s006-a068-w015	6:68:15	m-w-s006-a068-w015-01;m-w-s006-a068-w015-03	يُنْسِيَنَّكَ	ن س ي		position_crosswalk	morpheme_aligned
q:6:68:19	6:68	6:68	19	w-s006-a068-w016	6:68:16	m-w-s006-a068-w016-02	الشَّيْطَانُ	ش ط ن		position_crosswalk	morpheme_aligned
q:6:68:22	6:68	6:68	22	w-s006-a068-w018	6:68:18	m-w-s006-a068-w018-01	تَقْعُدْ	ق ع د		position_crosswalk	morpheme_aligned
q:6:68:23	6:68	6:68	23	w-s006-a068-w019	6:68:19	m-w-s006-a068-w019-01	بَعْدَ	ب ع د		position_crosswalk	morpheme_aligned
q:6:68:24	6:68	6:68	24	w-s006-a068-w020	6:68:20	m-w-s006-a068-w020-02	الذِّكْرَى	ذ ك ر		position_crosswalk	morpheme_aligned
q:6:68:25	6:68	6:68	25	w-s006-a068-w021	6:68:21	m-w-s006-a068-w021-01	مَعَ	م ع ع		position_crosswalk	morpheme_aligned
q:6:68:26	6:68	6:68	26	w-s006-a068-w022	6:68:22	m-w-s006-a068-w022-02	الْقَوْمِ	ق و م		position_crosswalk	morpheme_aligned
q:6:68:27	6:68	6:68	27	w-s006-a068-w023	6:68:23	m-w-s006-a068-w023-02	الظَّالِمِينَ	ظ ل م		position_crosswalk	morpheme_aligned
q:6:69:3	6:69	6:69	3	w-s006-a069-w002	6:69:2	m-w-s006-a069-w002-01			عَلَى	position_crosswalk	morpheme_aligned
q:6:69:4	6:69	6:69	4	w-s006-a069-w003	6:69:3	m-w-s006-a069-w003-01	الَّذِينَ	ل ل ذ	عَلَى	position_crosswalk	morpheme_aligned
q:6:69:5	6:69	6:69	5	w-s006-a069-w004	6:69:4	m-w-s006-a069-w004-01	يَتَّقُونَ	و ق ي	مِن	position_crosswalk	morpheme_aligned
q:6:69:6	6:69	6:69	6	w-s006-a069-w005	6:69:5	m-w-s006-a069-w005-01			مِن	position_crosswalk	morpheme_aligned
q:6:69:7	6:69	6:69	7	w-s006-a069-w006	6:69:6	m-w-s006-a069-w006-01	حِسَابِهِمْ	ح س ب	مِن	position_crosswalk	morpheme_aligned
q:6:69:8	6:69	6:69	8	w-s006-a069-w007	6:69:7	m-w-s006-a069-w007-01			مِن	position_crosswalk	morpheme_aligned
q:6:69:9	6:69	6:69	9	w-s006-a069-w008	6:69:8	m-w-s006-a069-w008-01	شَيْءٍ	ش ي ء	عَلَى;مِن	position_crosswalk	morpheme_aligned
q:6:69:13	6:69	6:69	13	w-s006-a069-w011	6:69:11	m-w-s006-a069-w011-01;m-w-s006-a069-w011-02	لَعَلَّهُمْ	ل ع ل		position_crosswalk	morpheme_aligned
q:6:69:14	6:69	6:69	14	w-s006-a069-w012	6:69:12	m-w-s006-a069-w012-01	يَتَّقُونَ	و ق ي		position_crosswalk	morpheme_aligned
q:6:70:2	6:70	6:70	2	w-s006-a070-w001	6:70:1	m-w-s006-a070-w001-02	وَذَرِ	و ذ ر		position_crosswalk	morpheme_aligned
q:6:70:3	6:70	6:70	3	w-s006-a070-w002	6:70:2	m-w-s006-a070-w002-01	الَّذِينَ	ل ل ذ		position_crosswalk	morpheme_aligned
q:6:70:4	6:70	6:70	4	w-s006-a070-w003	6:70:3	m-w-s006-a070-w003-01	اتَّخَذُوا	أ خ ذ		position_crosswalk	morpheme_aligned
q:6:70:5	6:70	6:70	5	w-s006-a070-w004	6:70:4	m-w-s006-a070-w004-01	دِينَهُمْ	د ي ن		position_crosswalk	morpheme_aligned
q:6:70:6	6:70	6:70	6	w-s006-a070-w005	6:70:5	m-w-s006-a070-w005-01	لَعِبَاً	ل ع ب		position_crosswalk	morpheme_aligned
q:6:70:8	6:70	6:70	8	w-s006-a070-w006	6:70:6	m-w-s006-a070-w006-02	وَلَهْوَاً	ل ه و		position_crosswalk	morpheme_aligned
q:6:70:10	6:70	6:70	10	w-s006-a070-w007	6:70:7	m-w-s006-a070-w007-02;m-w-s006-a070-w007-03	وَغَرَّتْهُمُ	غ ر ر		position_crosswalk	morpheme_aligned
q:6:70:11	6:70	6:70	11	w-s006-a070-w008	6:70:8	m-w-s006-a070-w008-02	الْحَيَاةُ	ح ي ي		position_crosswalk	morpheme_aligned
q:6:70:12	6:70	6:70	12	w-s006-a070-w009	6:70:9	m-w-s006-a070-w009-02	الدُّنْيَا	د ن و		position_crosswalk	morpheme_aligned
q:6:70:14	6:70	6:70	14	w-s006-a070-w010	6:70:10	m-w-s006-a070-w010-02	وَذَكِّرْ	ذ ك ر	بـ	position_crosswalk	morpheme_aligned
q:6:70:15	6:70	6:70	15	w-s006-a070-w011	6:70:11	m-w-s006-a070-w011-02;m-w-s006-a070-w011-01			بـ	position_crosswalk	morpheme_aligned
q:6:70:16	6:70	6:70	16	w-s006-a070-w012	6:70:12	m-w-s006-a070-w012-01	أَنْ			surface_root_sequence_fallback	morpheme_aligned
q:6:70:17	6:70	6:70	17	w-s006-a070-w013	6:70:13	m-w-s006-a070-w013-01	تُبْسَلَ	ب س ل	بـ	surface_root_sequence_fallback	morpheme_aligned
q:6:70:18	6:70	6:70	18	w-s006-a070-w014	6:70:14	m-w-s006-a070-w014-01	نَفْسٌ	ن ف س		surface_root_sequence_fallback	morpheme_aligned
q:6:70:19	6:70	6:70	19	w-s006-a070-w015	6:70:15	m-w-s006-a070-w015-01			بـ	surface_root_sequence_fallback	morpheme_aligned
q:6:70:20	6:70	6:70	20	w-s006-a070-w015	6:70:15	m-w-s006-a070-w015-02	بِمَا		بـ	position_crosswalk	morpheme_aligned
q:6:70:21	6:70	6:70	21	w-s006-a070-w016	6:70:16	m-w-s006-a070-w016-01	كَسَبَتْ	ك س ب		surface_root_sequence_fallback	morpheme_aligned
q:6:70:22	6:70	6:70	22	w-s006-a070-w017	6:70:17	m-w-s006-a070-w017-01	لَيْسَ	ل ي س	لـ;مِن	surface_root_sequence_fallback	morpheme_aligned
q:6:70:23	6:70	6:70	23	w-s006-a070-w017	6:70:17	m-w-s006-a070-w017-01			لـ	position_crosswalk	morpheme_aligned
q:6:70:24	6:70	6:70	24	w-s006-a070-w018	6:70:18	m-w-s006-a070-w018-02	لَهَا		لـ	position_crosswalk	morpheme_aligned
q:6:70:25	6:70	6:70	25	w-s006-a070-w019	6:70:19	m-w-s006-a070-w019-01			مِن	surface_root_sequence_fallback	morpheme_aligned
q:6:70:26	6:70	6:70	26	w-s006-a070-w020	6:70:20	m-w-s006-a070-w020-01	دُونِ	د و ن	مِن	surface_root_sequence_fallback	morpheme_aligned
q:6:70:27	6:70	6:70	27	w-s006-a070-w021	6:70:21	m-w-s006-a070-w021-01	اللَّهِ	أ ل ه		surface_root_sequence_fallback	morpheme_aligned
q:6:70:28	6:70	6:70	28	w-s006-a070-w022	6:70:22	m-w-s006-a070-w022-01	وَلِيٌّ	و ل ي		surface_root_sequence_fallback	morpheme_aligned
q:6:70:31	6:70	6:70	31	w-s006-a070-w024	6:70:24	m-w-s006-a070-w024-01	شَفِيعٌ	ش ف ع		surface_root_sequence_fallback	morpheme_aligned
q:6:70:34	6:70	6:70	34	w-s006-a070-w026	6:70:26	m-w-s006-a070-w026-01	تَعْدِلْ	ع د ل		surface_root_sequence_fallback	morpheme_aligned
q:6:70:35	6:70	6:70	35	w-s006-a070-w027	6:70:27	m-w-s006-a070-w027-01	كُلَّ	ك ل ل		surface_root_sequence_fallback	morpheme_aligned
q:6:70:36	6:70	6:70	36	w-s006-a070-w028	6:70:28	m-w-s006-a070-w028-01	عَدْلٍ	ع د ل		surface_root_sequence_fallback	morpheme_aligned
q:6:70:38	6:70	6:70	38	w-s006-a070-w030	6:70:30	m-w-s006-a070-w030-01	يُؤْخَذْ	أ خ ذ	مِن	surface_root_sequence_fallback	morpheme_aligned
q:6:70:39	6:70	6:70	39	w-s006-a070-w031	6:70:31	m-w-s006-a070-w031-02;m-w-s006-a070-w031-01			مِن	surface_root_sequence_fallback	morpheme_aligned
q:6:70:40	6:70	6:70	40	w-s006-a070-w032	6:70:32	m-w-s006-a070-w032-01	أُولَئِكَ	أ و ل		surface_root_sequence_fallback	morpheme_aligned
q:6:70:41	6:70	6:70	41	w-s006-a070-w033	6:70:33	m-w-s006-a070-w033-01	الَّذِينَ	ل ل ذ		surface_root_sequence_fallback	morpheme_aligned
q:6:70:42	6:70	6:70	42	w-s006-a070-w034	6:70:34	m-w-s006-a070-w034-01	أُبْسِلُوا	ب س ل	بـ	surface_root_sequence_fallback	morpheme_aligned
q:6:70:43	6:70	6:70	43	w-s006-a070-w034	6:70:34	m-w-s006-a070-w034-01			بـ	position_crosswalk	morpheme_aligned
q:6:70:44	6:70	6:70	44	w-s006-a070-w035	6:70:35	m-w-s006-a070-w035-02	بِمَا		بـ	position_crosswalk	morpheme_aligned
q:6:70:45	6:70	6:70	45	w-s006-a070-w036	6:70:36	m-w-s006-a070-w036-01	كَسَبُوا	ك س ب		surface_root_sequence_fallback	morpheme_aligned
q:6:70:46	6:70	6:70	46	w-s006-a070-w037	6:70:37	m-w-s006-a070-w037-01			لـ	surface_root_sequence_fallback	morpheme_aligned
q:6:70:47	6:70	6:70	47	w-s006-a070-w037	6:70:37	m-w-s006-a070-w037-02	لَهُمْ		لـ	position_crosswalk	morpheme_aligned
q:6:70:48	6:70	6:70	48	w-s006-a070-w038	6:70:38	m-w-s006-a070-w038-01	شَرَابٌ	ش ر ب	لـ;مِن	surface_root_sequence_fallback	morpheme_aligned
q:6:70:49	6:70	6:70	49	w-s006-a070-w039	6:70:39	m-w-s006-a070-w039-01			مِن	surface_root_sequence_fallback	morpheme_aligned
q:6:70:50	6:70	6:70	50	w-s006-a070-w040	6:70:40	m-w-s006-a070-w040-01	حَمِيمٍ	ح م م	مِن	surface_root_sequence_fallback	morpheme_aligned
q:6:70:52	6:70	6:70	52	w-s006-a070-w041	6:70:41	m-w-s006-a070-w041-02	وَعَذَابٌ	ع ذ ب	بـ	position_crosswalk	morpheme_aligned
q:6:70:53	6:70	6:70	53	w-s006-a070-w042	6:70:42	m-w-s006-a070-w042-01	أَلِيمٌ	أ ل م		surface_root_sequence_fallback	morpheme_aligned
q:6:70:54	6:70	6:70	54	w-s006-a070-w043	6:70:43	m-w-s006-a070-w043-01			بـ	surface_root_sequence_fallback	morpheme_aligned
q:6:70:55	6:70	6:70	55	w-s006-a070-w043	6:70:43	m-w-s006-a070-w043-02	بِمَا		بـ	position_crosswalk	morpheme_aligned
q:6:70:56	6:70	6:70	56	w-s006-a070-w044	6:70:44	m-w-s006-a070-w044-01	كَانُوا	ك و ن		surface_root_sequence_fallback	morpheme_aligned
q:6:70:57	6:70	6:70	57	w-s006-a070-w045	6:70:45	m-w-s006-a070-w045-01	يَكْفُرُونَ	ك ف ر		surface_root_sequence_fallback	morpheme_aligned
q:6:71:1	6:71	6:71	1	w-s006-a071-w001	6:71:1	m-w-s006-a071-w001-01	قُلْ	ق ل ل		position_crosswalk	morpheme_aligned
q:6:71:2	6:71	6:71	2	w-s006-a071-w002	6:71:2	m-w-s006-a071-w002-02	أَنَدْعُو	د ع و	مِن	position_crosswalk	morpheme_aligned
q:6:71:3	6:71	6:71	3	w-s006-a071-w003	6:71:3	m-w-s006-a071-w003-01			مِن	surface_root_sequence_fallback	morpheme_aligned
q:6:71:4	6:71	6:71	4	w-s006-a071-w004	6:71:4	m-w-s006-a071-w004-01	دُونِ	د و ن	مِن	surface_root_sequence_fallback	morpheme_aligned
q:6:71:5	6:71	6:71	5	w-s006-a071-w005	6:71:5	m-w-s006-a071-w005-01	اللَّهِ	أ ل ه		surface_root_sequence_fallback	morpheme_aligned
q:6:71:6	6:71	6:71	6	w-s006-a071-w006	6:71:6	m-w-s006-a071-w006-01	مَا			surface_root_sequence_fallback	morpheme_aligned
q:6:71:8	6:71	6:71	8	w-s006-a071-w008	6:71:8	m-w-s006-a071-w008-01;m-w-s006-a071-w008-02	يَنْفَعُنَا	ن ف ع		surface_root_sequence_fallback	morpheme_aligned
q:6:71:11	6:71	6:71	11	w-s006-a071-w010	6:71:10	m-w-s006-a071-w010-01;m-w-s006-a071-w010-02	يَضُرُّنَا	ض ر ر		surface_root_sequence_fallback	morpheme_aligned
q:6:71:13	6:71	6:71	13	w-s006-a071-w011	6:71:11	m-w-s006-a071-w011-02	وَنُرَدُّ	ر د د	عَلَى;كـ	position_crosswalk	morpheme_aligned
q:6:71:14	6:71	6:71	14	w-s006-a071-w012	6:71:12	m-w-s006-a071-w012-01			عَلَى	surface_root_sequence_fallback	morpheme_aligned
q:6:71:15	6:71	6:71	15	w-s006-a071-w013	6:71:13	m-w-s006-a071-w013-01	أَعْقَابِنَا	ع ق ب	عَلَى	surface_root_sequence_fallback	morpheme_aligned
q:6:71:16	6:71	6:71	16	w-s006-a071-w014	6:71:14	m-w-s006-a071-w014-01	بَعْدَ	ب ع د		surface_root_sequence_fallback	morpheme_aligned
q:6:71:17	6:71	6:71	17	w-s006-a071-w015	6:71:15	m-w-s006-a071-w015-01	إِذْ	أ ذ ي		surface_root_sequence_fallback	morpheme_aligned
q:6:71:18	6:71	6:71	18	w-s006-a071-w016	6:71:16	m-w-s006-a071-w016-01;m-w-s006-a071-w016-02	هَدَانَا	ه د ي		surface_root_sequence_fallback	morpheme_aligned
q:6:71:19	6:71	6:71	19	w-s006-a071-w017	6:71:17	m-w-s006-a071-w017-01	اللَّهُ	أ ل ه		surface_root_sequence_fallback	morpheme_aligned
q:6:71:20	6:71	6:71	20	w-s006-a071-w018	6:71:18	m-w-s006-a071-w018-01			كـ	surface_root_sequence_fallback	morpheme_aligned
q:6:71:21	6:71	6:71	21	w-s006-a071-w018	6:71:18	m-w-s006-a071-w018-02	كَالَّذِي	ل ل ذ	كـ	position_crosswalk	morpheme_aligned
q:6:71:22	6:71	6:71	22	w-s006-a071-w019	6:71:19	m-w-s006-a071-w019-01;m-w-s006-a071-w019-02	اسْتَهْوَتْهُ	ه و ي	فِي	surface_root_sequence_fallback	morpheme_aligned
q:6:71:23	6:71	6:71	23	w-s006-a071-w020	6:71:20	m-w-s006-a071-w020-02	الشَّيَاطِينُ	ش ط ن		surface_root_sequence_fallback	morpheme_aligned
q:6:71:24	6:71	6:71	24	w-s006-a071-w021	6:71:21	m-w-s006-a071-w021-01			فِي	surface_root_sequence_fallback	morpheme_aligned
q:6:71:25	6:71	6:71	25	w-s006-a071-w022	6:71:22	m-w-s006-a071-w022-02	الْأَرْضِ	أ ر ض	فِي	surface_root_sequence_fallback	morpheme_aligned
q:6:71:26	6:71	6:71	26	w-s006-a071-w023	6:71:23	m-w-s006-a071-w023-01	حَيْرَانَ	ح ي ر		surface_root_sequence_fallback	morpheme_aligned
q:6:71:27	6:71	6:71	27	w-s006-a071-w024	6:71:24	m-w-s006-a071-w024-02;m-w-s006-a071-w024-01	لَهُ	و ل ي	لـ	surface_root_sequence_fallback	morpheme_aligned
q:6:71:28	6:71	6:71	28	w-s006-a071-w025	6:71:25	m-w-s006-a071-w025-01	أَصْحَابٌ	ص ح ب	لـ	surface_root_sequence_fallback	morpheme_aligned
q:6:71:29	6:71	6:71	29	w-s006-a071-w026	6:71:26	m-w-s006-a071-w026-01	يَدْعُونَهُ	د ع ع	إِلَى	surface_root_sequence_fallback	morpheme_aligned
q:6:71:30	6:71	6:71	30	w-s006-a071-w027	6:71:27	m-w-s006-a071-w027-01			إِلَى	surface_root_sequence_fallback	morpheme_aligned
q:6:71:31	6:71	6:71	31	w-s006-a071-w028	6:71:28	m-w-s006-a071-w028-02	الْهُدَى	ه د ي	إِلَى	surface_root_sequence_fallback	morpheme_aligned
q:6:71:32	6:71	6:71	32	w-s006-a071-w029	6:71:29	m-w-s006-a071-w029-01;m-w-s006-a071-w029-02	ائْتِنَا	أ ت ي		surface_root_sequence_fallback	morpheme_aligned
q:6:71:33	6:71	6:71	33	w-s006-a071-w030	6:71:30	m-w-s006-a071-w030-01	قُلْ	ق ل ل		surface_root_sequence_fallback	morpheme_aligned
q:6:71:34	6:71	6:71	34	w-s006-a071-w031	6:71:31	m-w-s006-a071-w031-01	إِنَّ			surface_root_sequence_fallback	morpheme_aligned
q:6:71:35	6:71	6:71	35	w-s006-a071-w032	6:71:32	m-w-s006-a071-w032-01	هُدَى	ه د ي		surface_root_sequence_fallback	morpheme_aligned
q:6:71:36	6:71	6:71	36	w-s006-a071-w033	6:71:33	m-w-s006-a071-w033-01	اللَّهِ	أ ل ه		surface_root_sequence_fallback	morpheme_aligned
q:6:71:38	6:71	6:71	38	w-s006-a071-w035	6:71:35	m-w-s006-a071-w035-02	الْهُدَى	ه د ي		surface_root_sequence_fallback	morpheme_aligned
q:6:71:40	6:71	6:71	40	w-s006-a071-w036	6:71:36	m-w-s006-a071-w036-02	وَأُمِرْنَا	أ م ر		surface_root_sequence_fallback	morpheme_aligned
q:6:71:42	6:71	6:71	42	w-s006-a071-w037	6:71:37	m-w-s006-a071-w037-02	لِنُسْلِمَ	س ل م	لـ	surface_root_sequence_fallback	morpheme_aligned
q:6:71:43	6:71	6:71	43	w-s006-a071-w037	6:71:37	m-w-s006-a071-w037-01			لـ	position_crosswalk	morpheme_aligned
q:6:71:44	6:71	6:71	44	w-s006-a071-w038	6:71:38	m-w-s006-a071-w038-02	لِرَبِّ	ر ب ب	لـ	surface_root_sequence_fallback	morpheme_aligned
q:6:71:45	6:71	6:71	45	w-s006-a071-w039	6:71:39	m-w-s006-a071-w039-02	الْعَالَمِينَ	ع ل م		surface_root_sequence_fallback	morpheme_aligned
q:6:72:2	6:72	6:72	2	w-s006-a072-w001	6:72:1	m-w-s006-a072-w001-02	وَأَنْ			position_crosswalk	morpheme_aligned
q:6:72:3	6:72	6:72	3	w-s006-a072-w002	6:72:2	m-w-s006-a072-w002-01	أَقِيمُوا	ق و م		position_crosswalk	morpheme_aligned
q:6:72:4	6:72	6:72	4	w-s006-a072-w003	6:72:3	m-w-s006-a072-w003-02	الصَّلَاةَ	ص ل و		position_crosswalk	morpheme_aligned
q:6:72:6	6:72	6:72	6	w-s006-a072-w004	6:72:4	m-w-s006-a072-w004-02	وَاتَّقُوهُ	و ق ي		position_crosswalk	morpheme_aligned
q:6:72:8	6:72	6:72	8	w-s006-a072-w005	6:72:5	m-w-s006-a072-w005-02	وَهُوَ			position_crosswalk	morpheme_aligned
q:6:72:9	6:72	6:72	9	w-s006-a072-w006	6:72:6	m-w-s006-a072-w006-01	الَّذِي	ل ل ذ		position_crosswalk	morpheme_aligned
q:6:72:10	6:72	6:72	10	w-s006-a072-w007	6:72:7	m-w-s006-a072-w007-02;m-w-s006-a072-w007-01			إِلَى	position_crosswalk	morpheme_aligned
q:6:72:11	6:72	6:72	11	w-s006-a072-w008	6:72:8	m-w-s006-a072-w008-01	تُحْشَرُونَ	ح ش ر	إِلَى	position_crosswalk	morpheme_aligned
q:6:73:2	6:73	6:73	2	w-s006-a073-w001	6:73:1	m-w-s006-a073-w001-02	وَهُوَ			position_crosswalk	morpheme_aligned
q:6:73:3	6:73	6:73	3	w-s006-a073-w002	6:73:2	m-w-s006-a073-w002-01	الَّذِي	ل ل ذ		position_crosswalk	morpheme_aligned
q:6:73:4	6:73	6:73	4	w-s006-a073-w003	6:73:3	m-w-s006-a073-w003-01	خَلَقَ	خ ل ق	بـ	position_crosswalk	morpheme_aligned
q:6:73:5	6:73	6:73	5	w-s006-a073-w004	6:73:4	m-w-s006-a073-w004-02	السَّمَاوَاتِ	س م و		position_crosswalk	morpheme_aligned
q:6:73:7	6:73	6:73	7	w-s006-a073-w005	6:73:5	m-w-s006-a073-w005-03	وَالْأَرْضَ	أ ر ض		position_crosswalk	morpheme_aligned
q:6:73:8	6:73	6:73	8	w-s006-a073-w006	6:73:6	m-w-s006-a073-w006-01			بـ	position_crosswalk	morpheme_aligned
q:6:73:9	6:73	6:73	9	w-s006-a073-w006	6:73:6	m-w-s006-a073-w006-03	بِالْحَقِّ	ح ق ق	بـ	position_crosswalk	morpheme_aligned
q:6:73:11	6:73	6:73	11	w-s006-a073-w007	6:73:7	m-w-s006-a073-w007-02	وَيَوْمَ	ي و م		position_crosswalk	morpheme_aligned
q:6:73:12	6:73	6:73	12	w-s006-a073-w008	6:73:8	m-w-s006-a073-w008-01	يَقُولُ	ق و ل		position_crosswalk	morpheme_aligned
q:6:73:13	6:73	6:73	13	w-s006-a073-w009	6:73:9	m-w-s006-a073-w009-01	كُنْ	ك و ن		position_crosswalk	morpheme_aligned
q:6:73:15	6:73	6:73	15	w-s006-a073-w009	6:73:9	m-w-s006-a073-w009-01	فَيَكُونُ	ك و ن		surface_root_sequence_fallback	morpheme_aligned
q:6:73:16	6:73	6:73	16	w-s006-a073-w011	6:73:11	m-w-s006-a073-w011-01	قَوْلُهُ	ق و ل		position_crosswalk	morpheme_aligned
q:6:73:17	6:73	6:73	17	w-s006-a073-w012	6:73:12	m-w-s006-a073-w012-02	الْحَقُّ	ح ق ق		position_crosswalk	morpheme_aligned
q:6:73:19	6:73	6:73	19	w-s006-a073-w012	6:73:12	m-w-s006-a073-w012-02	وَلَهُ	و ل ي	لـ	surface_root_sequence_fallback	morpheme_aligned
q:6:73:20	6:73	6:73	20	w-s006-a073-w014	6:73:14	m-w-s006-a073-w014-02	الْمُلْكُ	م ل ك	لـ	surface_root_sequence_fallback	morpheme_aligned
q:6:73:21	6:73	6:73	21	w-s006-a073-w015	6:73:15	m-w-s006-a073-w015-01	يَوْمَ	ي و م		surface_root_sequence_fallback	morpheme_aligned
q:6:73:22	6:73	6:73	22	w-s006-a073-w016	6:73:16	m-w-s006-a073-w016-01	يُنْفَخُ	ن ف خ	فِي	surface_root_sequence_fallback	morpheme_aligned
q:6:73:23	6:73	6:73	23	w-s006-a073-w017	6:73:17	m-w-s006-a073-w017-01			فِي	surface_root_sequence_fallback	morpheme_aligned
q:6:73:24	6:73	6:73	24	w-s006-a073-w018	6:73:18	m-w-s006-a073-w018-02	الصُّورِ	ص و ر	فِي	surface_root_sequence_fallback	morpheme_aligned
q:6:73:25	6:73	6:73	25	w-s006-a073-w019	6:73:19	m-w-s006-a073-w019-01	عَالِمُ	ع ل م		surface_root_sequence_fallback	morpheme_aligned
q:6:73:26	6:73	6:73	26	w-s006-a073-w020	6:73:20	m-w-s006-a073-w020-02	الْغَيْبِ	غ ي ب		surface_root_sequence_fallback	morpheme_aligned
q:6:73:28	6:73	6:73	28	w-s006-a073-w021	6:73:21	m-w-s006-a073-w021-03	وَالشَّهَادَةِ	ش ه د		position_crosswalk	morpheme_aligned
q:6:73:30	6:73	6:73	30	w-s006-a073-w022	6:73:22	m-w-s006-a073-w022-02	وَهُوَ			position_crosswalk	morpheme_aligned
q:6:73:31	6:73	6:73	31	w-s006-a073-w023	6:73:23	m-w-s006-a073-w023-02	الْحَكِيمُ	ح ك م		surface_root_sequence_fallback	morpheme_aligned
q:6:73:32	6:73	6:73	32	w-s006-a073-w024	6:73:24	m-w-s006-a073-w024-02	الْخَبِيرُ	خ ب ر		surface_root_sequence_fallback	morpheme_aligned
q:6:74:3	6:74	6:74	3	w-s006-a074-w002	6:74:2	m-w-s006-a074-w002-01	قَالَ	ق و ل	لـ	position_crosswalk	morpheme_aligned
q:6:74:4	6:74	6:74	4	w-s006-a074-w003	6:74:3	m-w-s006-a074-w003-01	إِبْرَاهِيمُ	ب ر ه م		position_crosswalk	morpheme_aligned
q:6:74:5	6:74	6:74	5	w-s006-a074-w004	6:74:4	m-w-s006-a074-w004-01			لـ	position_crosswalk	morpheme_aligned
q:6:74:6	6:74	6:74	6	w-s006-a074-w004	6:74:4	m-w-s006-a074-w004-02	لِأَبِيهِ	أ ب و	لـ	position_crosswalk	morpheme_aligned
q:6:74:7	6:74	6:74	7	w-s006-a074-w005	6:74:5	m-w-s006-a074-w005-01	آزَرَ	أ ز ر		position_crosswalk	morpheme_aligned
q:6:74:8	6:74	6:74	8	w-s006-a074-w006	6:74:6	m-w-s006-a074-w006-02	أَتَتَّخِذُ	أ خ ذ		position_crosswalk	morpheme_aligned
q:6:74:9	6:74	6:74	9	w-s006-a074-w007	6:74:7	m-w-s006-a074-w007-01	أَصْنَامَاً	ص ن م		surface_root_sequence_fallback	morpheme_aligned
q:6:74:10	6:74	6:74	10	w-s006-a074-w008	6:74:8	m-w-s006-a074-w008-01	آلِهَةً	أ ل ه		surface_root_sequence_fallback	morpheme_aligned
q:6:74:11	6:74	6:74	11	w-s006-a074-w009	6:74:9	m-w-s006-a074-w009-01;m-w-s006-a074-w009-02	إِنِّي			surface_root_sequence_fallback	morpheme_aligned
q:6:74:12	6:74	6:74	12	w-s006-a074-w010	6:74:10	m-w-s006-a074-w010-01;m-w-s006-a074-w010-02	أَرَاكَ	ر أ ي	فِي	surface_root_sequence_fallback	morpheme_aligned
q:6:74:14	6:74	6:74	14	w-s006-a074-w011	6:74:11	m-w-s006-a074-w011-02	وَقَوْمَكَ	ق و م		position_crosswalk	morpheme_aligned
q:6:74:15	6:74	6:74	15	w-s006-a074-w012	6:74:12	m-w-s006-a074-w012-01			فِي	surface_root_sequence_fallback	morpheme_aligned
q:6:74:16	6:74	6:74	16	w-s006-a074-w013	6:74:13	m-w-s006-a074-w013-01	ضَلَالٍ	ض ل ل	فِي	surface_root_sequence_fallback	morpheme_aligned
q:6:74:17	6:74	6:74	17	w-s006-a074-w014	6:74:14	m-w-s006-a074-w014-01	مُبِينٍ	ب ي ن		surface_root_sequence_fallback	morpheme_aligned
q:6:75:2	6:75	6:75	2	w-s006-a075-w001	6:75:1	m-w-s006-a075-w001-02			كـ	position_crosswalk	morpheme_aligned
q:6:75:3	6:75	6:75	3	w-s006-a075-w001	6:75:1	m-w-s006-a075-w001-03	وَكَذَلِكَ		كـ	position_crosswalk	morpheme_aligned
q:6:75:4	6:75	6:75	4	w-s006-a075-w002	6:75:2	m-w-s006-a075-w002-01	نُرِي	ر أ ي	كـ	position_crosswalk	morpheme_aligned
q:6:75:5	6:75	6:75	5	w-s006-a075-w003	6:75:3	m-w-s006-a075-w003-01	إِبْرَاهِيمَ	ب ر ه م		position_crosswalk	morpheme_aligned
q:6:75:6	6:75	6:75	6	w-s006-a075-w004	6:75:4	m-w-s006-a075-w004-01	مَلَكُوتَ	م ل ك		position_crosswalk	morpheme_aligned
q:6:75:7	6:75	6:75	7	w-s006-a075-w005	6:75:5	m-w-s006-a075-w005-02	السَّمَاوَاتِ	س م و		position_crosswalk	morpheme_aligned
q:6:75:9	6:75	6:75	9	w-s006-a075-w006	6:75:6	m-w-s006-a075-w006-03	وَالْأَرْضِ	أ ر ض		position_crosswalk	morpheme_aligned
q:6:75:12	6:75	6:75	12	w-s006-a075-w007	6:75:7	m-w-s006-a075-w007-03	وَلِيَكُونَ	ك و ن	مِن	position_crosswalk	morpheme_aligned
q:6:75:13	6:75	6:75	13	w-s006-a075-w008	6:75:8	m-w-s006-a075-w008-01			مِن	position_crosswalk	morpheme_aligned
q:6:75:14	6:75	6:75	14	w-s006-a075-w009	6:75:9	m-w-s006-a075-w009-02	الْمُوقِنِينَ	ي ق ن	مِن	position_crosswalk	morpheme_aligned
q:6:76:3	6:76	6:76	3	w-s006-a076-w002	6:76:2	m-w-s006-a076-w002-01	جَنَّ	ج ن ن	عَلَى	position_crosswalk	morpheme_aligned
q:6:76:4	6:76	6:76	4	w-s006-a076-w003	6:76:3	m-w-s006-a076-w003-02;m-w-s006-a076-w003-01			عَلَى	position_crosswalk	morpheme_aligned
q:6:76:5	6:76	6:76	5	w-s006-a076-w004	6:76:4	m-w-s006-a076-w004-02	اللَّيْلُ	ل ي ل		position_crosswalk	morpheme_aligned
q:6:76:6	6:76	6:76	6	w-s006-a076-w005	6:76:5	m-w-s006-a076-w005-01	رَأَى	ر أ ي		position_crosswalk	morpheme_aligned
q:6:76:7	6:76	6:76	7	w-s006-a076-w006	6:76:6	m-w-s006-a076-w006-01	كَوْكَبَاً	ك و ك ب		position_crosswalk	morpheme_aligned
q:6:76:8	6:76	6:76	8	w-s006-a076-w007	6:76:7	m-w-s006-a076-w007-01	قَالَ	ق و ل		position_crosswalk	morpheme_aligned
q:6:76:9	6:76	6:76	9	w-s006-a076-w008	6:76:8	m-w-s006-a076-w008-01	هَذَا			position_crosswalk	morpheme_aligned
q:6:76:10	6:76	6:76	10	w-s006-a076-w009	6:76:9	m-w-s006-a076-w009-01	رَبِّي	ر ب ب		position_crosswalk	morpheme_aligned
q:6:76:14	6:76	6:76	14	w-s006-a076-w012	6:76:12	m-w-s006-a076-w012-01	قَالَ	ق و ل		position_crosswalk	morpheme_aligned
q:6:76:15	6:76	6:76	15	w-s006-a076-w013	6:76:13	m-w-s006-a076-w013-01	لَا			position_crosswalk	morpheme_aligned
q:6:76:16	6:76	6:76	16	w-s006-a076-w014	6:76:14	m-w-s006-a076-w014-01	أُحِبُّ	ح ب ب		position_crosswalk	morpheme_aligned
q:6:76:17	6:76	6:76	17	w-s006-a076-w015	6:76:15	m-w-s006-a076-w015-02	الْآفِلِينَ	أ ف ل		position_crosswalk	morpheme_aligned
q:6:77:3	6:77	6:77	3	w-s006-a077-w002	6:77:2	m-w-s006-a077-w002-01	رَأَى	ر أ ي		position_crosswalk	morpheme_aligned
q:6:77:4	6:77	6:77	4	w-s006-a077-w003	6:77:3	m-w-s006-a077-w003-02	الْقَمَرَ	ق م ر		position_crosswalk	morpheme_aligned
q:6:77:5	6:77	6:77	5	w-s006-a077-w004	6:77:4	m-w-s006-a077-w004-01	بَازِغَاً	ب ز غ		position_crosswalk	morpheme_aligned
q:6:77:6	6:77	6:77	6	w-s006-a077-w005	6:77:5	m-w-s006-a077-w005-01	قَالَ	ق و ل		position_crosswalk	morpheme_aligned
q:6:77:7	6:77	6:77	7	w-s006-a077-w006	6:77:6	m-w-s006-a077-w006-01	هَذَا			position_crosswalk	morpheme_aligned
q:6:77:8	6:77	6:77	8	w-s006-a077-w007	6:77:7	m-w-s006-a077-w007-01	رَبِّي	ر ب ب		position_crosswalk	morpheme_aligned
q:6:77:12	6:77	6:77	12	w-s006-a077-w010	6:77:10	m-w-s006-a077-w010-01	قَالَ	ق و ل		position_crosswalk	morpheme_aligned
q:6:77:13	6:77	6:77	13	w-s006-a077-w011	6:77:11	m-w-s006-a077-w011-02	لَئِنْ	و ل ي		position_crosswalk	morpheme_aligned
q:6:77:16	6:77	6:77	16	w-s006-a077-w013	6:77:13	m-w-s006-a077-w013-01;m-w-s006-a077-w013-02	يَهْدِنِي	ه د د		position_crosswalk	morpheme_aligned
q:6:77:17	6:77	6:77	17	w-s006-a077-w014	6:77:14	m-w-s006-a077-w014-01	رَبِّي	ر ب ب		position_crosswalk	morpheme_aligned
q:6:77:19	6:77	6:77	19	w-s006-a077-w015	6:77:15	m-w-s006-a077-w015-02	لَأَكُونَنَّ	ك و ن	مِن	position_crosswalk	morpheme_aligned
q:6:77:20	6:77	6:77	20	w-s006-a077-w016	6:77:16	m-w-s006-a077-w016-01			مِن	position_crosswalk	morpheme_aligned
q:6:77:21	6:77	6:77	21	w-s006-a077-w017	6:77:17	m-w-s006-a077-w017-02	الْقَوْمِ	ق و م	مِن	position_crosswalk	morpheme_aligned
q:6:77:22	6:77	6:77	22	w-s006-a077-w018	6:77:18	m-w-s006-a077-w018-02	الضَّالِّينَ	ض ل ل		position_crosswalk	morpheme_aligned
q:6:78:3	6:78	6:78	3	w-s006-a078-w002	6:78:2	m-w-s006-a078-w002-01	رَأَى	ر أ ي		position_crosswalk	morpheme_aligned
q:6:78:4	6:78	6:78	4	w-s006-a078-w003	6:78:3	m-w-s006-a078-w003-02	الشَّمْسَ	ش م س		position_crosswalk	morpheme_aligned
q:6:78:5	6:78	6:78	5	w-s006-a078-w004	6:78:4	m-w-s006-a078-w004-01	بَازِغَةً	ب ز غ		position_crosswalk	morpheme_aligned
q:6:78:6	6:78	6:78	6	w-s006-a078-w005	6:78:5	m-w-s006-a078-w005-01	قَالَ	ق و ل		position_crosswalk	morpheme_aligned
q:6:78:7	6:78	6:78	7	w-s006-a078-w006	6:78:6	m-w-s006-a078-w006-01	هَذَا			position_crosswalk	morpheme_aligned
q:6:78:8	6:78	6:78	8	w-s006-a078-w007	6:78:7	m-w-s006-a078-w007-01	رَبِّي	ر ب ب		position_crosswalk	morpheme_aligned
q:6:78:9	6:78	6:78	9	w-s006-a078-w008	6:78:8	m-w-s006-a078-w008-01	هَذَا			position_crosswalk	morpheme_aligned
q:6:78:10	6:78	6:78	10	w-s006-a078-w009	6:78:9	m-w-s006-a078-w009-01	أَكْبَرُ	ك ب ر		position_crosswalk	morpheme_aligned
q:6:78:14	6:78	6:78	14	w-s006-a078-w012	6:78:12	m-w-s006-a078-w012-01	قَالَ	ق و ل		position_crosswalk	morpheme_aligned
q:6:78:15	6:78	6:78	15	w-s006-a078-w013	6:78:13	m-w-s006-a078-w013-02	يَاقَوْمِ			position_crosswalk	morpheme_aligned
q:6:78:16	6:78	6:78	16	w-s006-a078-w013	6:78:13	m-w-s006-a078-w013-02	يَاقَوْمِ	ق و م		position_crosswalk	morpheme_aligned
q:6:78:17	6:78	6:78	17	w-s006-a078-w014	6:78:14	m-w-s006-a078-w014-01;m-w-s006-a078-w014-02	إِنِّي			position_crosswalk	morpheme_aligned
q:6:78:18	6:78	6:78	18	w-s006-a078-w015	6:78:15	m-w-s006-a078-w015-01	بَرِيءٌ	ب ر أ	مِن	position_crosswalk	morpheme_aligned
q:6:78:19	6:78	6:78	19	w-s006-a078-w016	6:78:16	m-w-s006-a078-w016-01			مِن	position_crosswalk	morpheme_aligned
q:6:78:20	6:78	6:78	20	w-s006-a078-w017	6:78:17	m-w-s006-a078-w017-01	تُشْرِكُونَ	ش ر ك		position_crosswalk	morpheme_aligned
q:6:79:1	6:79	6:79	1	w-s006-a079-w001	6:79:1	m-w-s006-a079-w001-01;m-w-s006-a079-w001-02	إِنِّي			position_crosswalk	morpheme_aligned
q:6:79:2	6:79	6:79	2	w-s006-a079-w002	6:79:2	m-w-s006-a079-w002-01	وَجَّهْتُ	و ج ه	لـ	position_crosswalk	morpheme_aligned
q:6:79:3	6:79	6:79	3	w-s006-a079-w002	6:79:2	m-w-s006-a079-w002-01	وَجْهِيَ	و ج ه		surface_root_sequence_fallback	morpheme_aligned
q:6:79:4	6:79	6:79	4	w-s006-a079-w004	6:79:4	m-w-s006-a079-w004-01			لـ	position_crosswalk	morpheme_aligned
q:6:79:5	6:79	6:79	5	w-s006-a079-w004	6:79:4	m-w-s006-a079-w004-02	لِلَّذِي	ل ذ ذ	لـ	position_crosswalk	morpheme_aligned
q:6:79:6	6:79	6:79	6	w-s006-a079-w005	6:79:5	m-w-s006-a079-w005-01	فَطَرَ	ف ط ر		position_crosswalk	morpheme_aligned
q:6:79:7	6:79	6:79	7	w-s006-a079-w006	6:79:6	m-w-s006-a079-w006-02	السَّمَاوَاتِ	س م و		position_crosswalk	morpheme_aligned
q:6:79:9	6:79	6:79	9	w-s006-a079-w007	6:79:7	m-w-s006-a079-w007-03	وَالْأَرْضَ	أ ر ض		position_crosswalk	morpheme_aligned
q:6:79:10	6:79	6:79	10	w-s006-a079-w008	6:79:8	m-w-s006-a079-w008-01	حَنِيفَاً	ح ن ف		position_crosswalk	morpheme_aligned
q:6:79:13	6:79	6:79	13	w-s006-a079-w010	6:79:10	m-w-s006-a079-w010-01	أَنَا		مِن	position_crosswalk	morpheme_aligned
q:6:79:14	6:79	6:79	14	w-s006-a079-w011	6:79:11	m-w-s006-a079-w011-01			مِن	position_crosswalk	morpheme_aligned
q:6:79:15	6:79	6:79	15	w-s006-a079-w012	6:79:12	m-w-s006-a079-w012-02	الْمُشْرِكِينَ	ش ر ك	مِن	position_crosswalk	morpheme_aligned
q:6:80:2	6:80	6:80	2	w-s006-a080-w001	6:80:1	m-w-s006-a080-w001-02;m-w-s006-a080-w001-03	وَحَاجَّهُ	ح ج ج		position_crosswalk	morpheme_aligned
q:6:80:3	6:80	6:80	3	w-s006-a080-w002	6:80:2	m-w-s006-a080-w002-01	قَوْمُهُ	ق و م		position_crosswalk	morpheme_aligned
q:6:80:4	6:80	6:80	4	w-s006-a080-w003	6:80:3	m-w-s006-a080-w003-01	قَالَ	ق و ل		position_crosswalk	morpheme_aligned
q:6:80:5	6:80	6:80	5	w-s006-a080-w004	6:80:4	m-w-s006-a080-w004-02	أَتُحَاجُّونِّي	ح ج ج	فِي	position_crosswalk	morpheme_aligned
q:6:80:6	6:80	6:80	6	w-s006-a080-w005	6:80:5	m-w-s006-a080-w005-01			فِي	surface_root_sequence_fallback	morpheme_aligned
q:6:80:7	6:80	6:80	7	w-s006-a080-w006	6:80:6	m-w-s006-a080-w006-01	اللَّهِ	أ ل ه	فِي	surface_root_sequence_fallback	morpheme_aligned
q:6:80:10	6:80	6:80	10	w-s006-a080-w008	6:80:8	m-w-s006-a080-w008-01;m-w-s006-a080-w008-02	هَدَانِ	ه د ي		surface_root_sequence_fallback	morpheme_aligned
q:6:80:13	6:80	6:80	13	w-s006-a080-w010	6:80:10	m-w-s006-a080-w010-01	أَخَافُ	خ و ف		surface_root_sequence_fallback	morpheme_aligned
q:6:80:14	6:80	6:80	14	w-s006-a080-w011	6:80:11	m-w-s006-a080-w011-01	مَا			surface_root_sequence_fallback	morpheme_aligned
q:6:80:15	6:80	6:80	15	w-s006-a080-w012	6:80:12	m-w-s006-a080-w012-01	تُشْرِكُونَ	ش ر ك	بـ	surface_root_sequence_fallback	morpheme_aligned
q:6:80:16	6:80	6:80	16	w-s006-a080-w013	6:80:13	m-w-s006-a080-w013-02;m-w-s006-a080-w013-01			بـ	surface_root_sequence_fallback	morpheme_aligned
q:6:80:18	6:80	6:80	18	w-s006-a080-w015	6:80:15	m-w-s006-a080-w015-01	أَنْ			surface_root_sequence_fallback	morpheme_aligned
q:6:80:19	6:80	6:80	19	w-s006-a080-w016	6:80:16	m-w-s006-a080-w016-01	يَشَاءَ	ش ي أ		surface_root_sequence_fallback	morpheme_aligned
q:6:80:20	6:80	6:80	20	w-s006-a080-w017	6:80:17	m-w-s006-a080-w017-01	رَبِّي	ر ب ب		surface_root_sequence_fallback	morpheme_aligned
q:6:80:21	6:80	6:80	21	w-s006-a080-w018	6:80:18	m-w-s006-a080-w018-01	شَيْئَاً	ش ي ء		surface_root_sequence_fallback	morpheme_aligned
q:6:80:22	6:80	6:80	22	w-s006-a080-w019	6:80:19	m-w-s006-a080-w019-01	وَسِعَ	و س ع		surface_root_sequence_fallback	morpheme_aligned
q:6:80:23	6:80	6:80	23	w-s006-a080-w020	6:80:20	m-w-s006-a080-w020-01	رَبِّي	ر ب ب		surface_root_sequence_fallback	morpheme_aligned
q:6:80:24	6:80	6:80	24	w-s006-a080-w021	6:80:21	m-w-s006-a080-w021-01	كُلَّ	ك ل ل		surface_root_sequence_fallback	morpheme_aligned
q:6:80:25	6:80	6:80	25	w-s006-a080-w022	6:80:22	m-w-s006-a080-w022-01	شَيْءٍ	ش ي ء		surface_root_sequence_fallback	morpheme_aligned
q:6:80:26	6:80	6:80	26	w-s006-a080-w023	6:80:23	m-w-s006-a080-w023-01	عِلْمَاً	ع ل م		surface_root_sequence_fallback	morpheme_aligned
q:6:81:2	6:81	6:81	2	w-s006-a081-w001	6:81:1	m-w-s006-a081-w001-02	وَكَيْفَ	ك ي ف		position_crosswalk	morpheme_aligned
q:6:81:3	6:81	6:81	3	w-s006-a081-w002	6:81:2	m-w-s006-a081-w002-01	أَخَافُ	خ و ف		position_crosswalk	morpheme_aligned
q:6:81:4	6:81	6:81	4	w-s006-a081-w003	6:81:3	m-w-s006-a081-w003-01	مَا			position_crosswalk	morpheme_aligned
q:6:81:5	6:81	6:81	5	w-s006-a081-w004	6:81:4	m-w-s006-a081-w004-01	أَشْرَكْتُمْ	ش ر ك		position_crosswalk	morpheme_aligned
q:6:81:8	6:81	6:81	8	w-s006-a081-w006	6:81:6	m-w-s006-a081-w006-01	تَخَافُونَ	خ و ف		position_crosswalk	morpheme_aligned
q:6:81:9	6:81	6:81	9	w-s006-a081-w007	6:81:7	m-w-s006-a081-w007-01;m-w-s006-a081-w007-02	أَنَّكُمْ			position_crosswalk	morpheme_aligned
q:6:81:10	6:81	6:81	10	w-s006-a081-w008	6:81:8	m-w-s006-a081-w008-01	أَشْرَكْتُمْ	ش ر ك	بـ	position_crosswalk	morpheme_aligned
q:6:81:11	6:81	6:81	11	w-s006-a081-w009	6:81:9	m-w-s006-a081-w009-01			بـ	position_crosswalk	morpheme_aligned
q:6:81:12	6:81	6:81	12	w-s006-a081-w009	6:81:9	m-w-s006-a081-w009-02	بِاللَّهِ	أ ل ه	بـ	position_crosswalk	morpheme_aligned
q:6:81:13	6:81	6:81	13	w-s006-a081-w010	6:81:10	m-w-s006-a081-w010-01	مَا			position_crosswalk	morpheme_aligned
q:6:81:15	6:81	6:81	15	w-s006-a081-w012	6:81:12	m-w-s006-a081-w012-01	يُنَزِّلْ	ن ز ل	بـ;عَلَى	position_crosswalk	morpheme_aligned
q:6:81:16	6:81	6:81	16	w-s006-a081-w013	6:81:13	m-w-s006-a081-w013-02;m-w-s006-a081-w013-01			بـ	position_crosswalk	morpheme_aligned
q:6:81:17	6:81	6:81	17	w-s006-a081-w014	6:81:14	m-w-s006-a081-w014-02;m-w-s006-a081-w014-01			عَلَى	surface_root_sequence_fallback	morpheme_aligned
q:6:81:18	6:81	6:81	18	w-s006-a081-w015	6:81:15	m-w-s006-a081-w015-01	سُلْطَانَاً	س ل ط		surface_root_sequence_fallback	morpheme_aligned
q:6:81:20	6:81	6:81	20	w-s006-a081-w016	6:81:16	m-w-s006-a081-w016-02	فَأَيُّ	أ ي ي		position_crosswalk	morpheme_aligned
q:6:81:21	6:81	6:81	21	w-s006-a081-w017	6:81:17	m-w-s006-a081-w017-02	الْفَرِيقَيْنِ	ف ر ق		surface_root_sequence_fallback	morpheme_aligned
q:6:81:22	6:81	6:81	22	w-s006-a081-w018	6:81:18	m-w-s006-a081-w018-01	أَحَقُّ	ح ق ق	بـ	surface_root_sequence_fallback	morpheme_aligned
q:6:81:23	6:81	6:81	23	w-s006-a081-w019	6:81:19	m-w-s006-a081-w019-01			بـ	surface_root_sequence_fallback	morpheme_aligned
q:6:81:24	6:81	6:81	24	w-s006-a081-w019	6:81:19	m-w-s006-a081-w019-03	بِالْأَمْنِ	أ م ن	بـ	position_crosswalk	morpheme_aligned
q:6:81:26	6:81	6:81	26	w-s006-a081-w021	6:81:21	m-w-s006-a081-w021-01	كُنْتُمْ	ك و ن		surface_root_sequence_fallback	morpheme_aligned
q:6:81:27	6:81	6:81	27	w-s006-a081-w022	6:81:22	m-w-s006-a081-w022-01	تَعْلَمُونَ	ع ل م		surface_root_sequence_fallback	morpheme_aligned
q:6:82:2	6:82	6:82	2	w-s006-a082-w002	6:82:2	m-w-s006-a082-w002-01	آمَنُوا	أ م ن		position_crosswalk	morpheme_aligned
q:6:82:5	6:82	6:82	5	w-s006-a082-w004	6:82:4	m-w-s006-a082-w004-01	يَلْبِسُوا	ل ب س	بـ	position_crosswalk	morpheme_aligned
q:6:82:6	6:82	6:82	6	w-s006-a082-w005	6:82:5	m-w-s006-a082-w005-01	إِيمَانَهُمْ	أ م ن		position_crosswalk	morpheme_aligned
q:6:82:7	6:82	6:82	7	w-s006-a082-w006	6:82:6	m-w-s006-a082-w006-01			بـ	position_crosswalk	morpheme_aligned
q:6:82:8	6:82	6:82	8	w-s006-a082-w006	6:82:6	m-w-s006-a082-w006-02	بِظُلْمٍ	ظ ل م	بـ	position_crosswalk	morpheme_aligned
q:6:82:9	6:82	6:82	9	w-s006-a082-w007	6:82:7	m-w-s006-a082-w007-01	أُولَئِكَ	أ و ل		position_crosswalk	morpheme_aligned
q:6:82:10	6:82	6:82	10	w-s006-a082-w007	6:82:7	m-w-s006-a082-w007-01			لـ	surface_root_sequence_fallback	morpheme_aligned
q:6:82:11	6:82	6:82	11	w-s006-a082-w008	6:82:8	m-w-s006-a082-w008-02	لَهُمُ		لـ	position_crosswalk	morpheme_aligned
q:6:82:12	6:82	6:82	12	w-s006-a082-w009	6:82:9	m-w-s006-a082-w009-02	الْأَمْنُ	أ م ن	لـ	position_crosswalk	morpheme_aligned
q:6:82:14	6:82	6:82	14	w-s006-a082-w010	6:82:10	m-w-s006-a082-w010-02	وَهُمْ			position_crosswalk	morpheme_aligned
q:6:82:15	6:82	6:82	15	w-s006-a082-w011	6:82:11	m-w-s006-a082-w011-01	مُهْتَدُونَ	ه د ي		position_crosswalk	morpheme_aligned
q:6:83:2	6:83	6:83	2	w-s006-a083-w001	6:83:1	m-w-s006-a083-w001-02	وَتِلْكَ	ت ل ك		position_crosswalk	morpheme_aligned
q:6:83:3	6:83	6:83	3	w-s006-a083-w002	6:83:2	m-w-s006-a083-w002-01	حُجَّتُنَا	ح ج ج		position_crosswalk	morpheme_aligned
q:6:83:4	6:83	6:83	4	w-s006-a083-w003	6:83:3	m-w-s006-a083-w003-01	آتَيْنَاهَا	أ ت ي	عَلَى	position_crosswalk	morpheme_aligned
q:6:83:5	6:83	6:83	5	w-s006-a083-w004	6:83:4	m-w-s006-a083-w004-01	إِبْرَاهِيمَ	ب ر ه م		position_crosswalk	morpheme_aligned
q:6:83:6	6:83	6:83	6	w-s006-a083-w005	6:83:5	m-w-s006-a083-w005-01			عَلَى	position_crosswalk	morpheme_aligned
q:6:83:7	6:83	6:83	7	w-s006-a083-w006	6:83:6	m-w-s006-a083-w006-01	قَوْمِهِ	ق و م	عَلَى	position_crosswalk	morpheme_aligned
q:6:83:8	6:83	6:83	8	w-s006-a083-w007	6:83:7	m-w-s006-a083-w007-01	نَرْفَعُ	ر ف ع		position_crosswalk	morpheme_aligned
q:6:83:9	6:83	6:83	9	w-s006-a083-w008	6:83:8	m-w-s006-a083-w008-01	دَرَجَاتٍ	د ر ج		position_crosswalk	morpheme_aligned
q:6:83:10	6:83	6:83	10	w-s006-a083-w009	6:83:9	m-w-s006-a083-w009-01	مَنْ	م ن ن		position_crosswalk	morpheme_aligned
q:6:83:11	6:83	6:83	11	w-s006-a083-w010	6:83:10	m-w-s006-a083-w010-01	نَشَاءُ	ش ي أ		position_crosswalk	morpheme_aligned
q:6:83:12	6:83	6:83	12	w-s006-a083-w011	6:83:11	m-w-s006-a083-w011-01	إِنَّ			position_crosswalk	morpheme_aligned
q:6:83:13	6:83	6:83	13	w-s006-a083-w012	6:83:12	m-w-s006-a083-w012-01	رَبَّكَ	ر ب ب		position_crosswalk	morpheme_aligned
q:6:83:14	6:83	6:83	14	w-s006-a083-w013	6:83:13	m-w-s006-a083-w013-01	حَكِيمٌ	ح ك م		position_crosswalk	morpheme_aligned
q:6:83:15	6:83	6:83	15	w-s006-a083-w014	6:83:14	m-w-s006-a083-w014-01	عَلِيمٌ	ع ل م		position_crosswalk	morpheme_aligned
q:6:84:2	6:84	6:84	2	w-s006-a084-w001	6:84:1	m-w-s006-a084-w001-02	وَوَهَبْنَا	و ه ب	لـ	position_crosswalk	morpheme_aligned
q:6:84:3	6:84	6:84	3	w-s006-a084-w002	6:84:2	m-w-s006-a084-w002-02;m-w-s006-a084-w002-01			لـ	position_crosswalk	morpheme_aligned
q:6:84:4	6:84	6:84	4	w-s006-a084-w003	6:84:3	m-w-s006-a084-w003-01	إِسْحَاقَ	س ح ق		surface_root_sequence_fallback	morpheme_aligned
q:6:84:6	6:84	6:84	6	w-s006-a084-w004	6:84:4	m-w-s006-a084-w004-02	وَيَعْقُوبَ	ع ق ب		position_crosswalk	morpheme_aligned
q:6:84:7	6:84	6:84	7	w-s006-a084-w005	6:84:5	m-w-s006-a084-w005-01	كُلَّاً	ك ل ل		surface_root_sequence_fallback	morpheme_aligned
q:6:84:8	6:84	6:84	8	w-s006-a084-w006	6:84:6	m-w-s006-a084-w006-01	هَدَيْنَا	ه د ي		surface_root_sequence_fallback	morpheme_aligned
q:6:84:10	6:84	6:84	10	w-s006-a084-w007	6:84:7	m-w-s006-a084-w007-02	وَنُوحَاً	ن و ح		position_crosswalk	morpheme_aligned
q:6:84:11	6:84	6:84	11	w-s006-a084-w008	6:84:8	m-w-s006-a084-w008-01	هَدَيْنَا	ه د ي	مِن	surface_root_sequence_fallback	morpheme_aligned
q:6:84:12	6:84	6:84	12	w-s006-a084-w009	6:84:9	m-w-s006-a084-w009-01			مِن	surface_root_sequence_fallback	morpheme_aligned
q:6:84:13	6:84	6:84	13	w-s006-a084-w010	6:84:10	m-w-s006-a084-w010-01	قَبْلُ	ق ب ل	مِن	surface_root_sequence_fallback	morpheme_aligned
q:6:84:15	6:84	6:84	15	w-s006-a084-w011	6:84:11	m-w-s006-a084-w011-02			مِن	position_crosswalk	morpheme_aligned
q:6:84:16	6:84	6:84	16	w-s006-a084-w011	6:84:11	m-w-s006-a084-w011-02	ذُرِّيَّتِهِ		مِن	derived_morpheme_unit	morpheme_aligned
q:6:84:17	6:84	6:84	17	w-s006-a084-w012	6:84:12	m-w-s006-a084-w012-01	دَاوُودَ	د و د	مِن	derived_morpheme_unit	morpheme_aligned
q:6:84:19	6:84	6:84	19	w-s006-a084-w014	6:84:14	m-w-s006-a084-w014-02	وَسُلَيْمَانَ	س ل م		position_crosswalk	morpheme_aligned
q:6:84:21	6:84	6:84	21	w-s006-a084-w015	6:84:15	m-w-s006-a084-w015-02	وَأَيُّوبَ	أ ي ب		position_crosswalk	morpheme_aligned
q:6:84:23	6:84	6:84	23	w-s006-a084-w016	6:84:16	m-w-s006-a084-w016-02	وَيُوسُفَ			position_crosswalk	morpheme_aligned
q:6:84:25	6:84	6:84	25	w-s006-a084-w017	6:84:17	m-w-s006-a084-w017-02	وَمُوسَى			position_crosswalk	morpheme_aligned
q:6:84:27	6:84	6:84	27	w-s006-a084-w018	6:84:18	m-w-s006-a084-w018-02	وَهَارُونَ			position_crosswalk	morpheme_aligned
q:6:84:29	6:84	6:84	29	w-s006-a084-w019	6:84:19	m-w-s006-a084-w019-02			كـ	position_crosswalk	morpheme_aligned
q:6:84:30	6:84	6:84	30	w-s006-a084-w019	6:84:19	m-w-s006-a084-w019-03	وَكَذَلِكَ		كـ	position_crosswalk	morpheme_aligned
q:6:84:31	6:84	6:84	31	w-s006-a084-w020	6:84:20	m-w-s006-a084-w020-01	نَجْزِي	ج ز ي	كـ	surface_root_sequence_fallback	morpheme_aligned
q:6:84:32	6:84	6:84	32	w-s006-a084-w021	6:84:21	m-w-s006-a084-w021-02	الْمُحْسِنِينَ	ح س ن		surface_root_sequence_fallback	morpheme_aligned
q:6:85:2	6:85	6:85	2	w-s006-a085-w001	6:85:1	m-w-s006-a085-w001-02	وَزَكَرِيَّا			position_crosswalk	morpheme_aligned
q:6:85:4	6:85	6:85	4	w-s006-a085-w002	6:85:2	m-w-s006-a085-w002-02	وَيَحْيَى	ح ي ي		position_crosswalk	morpheme_aligned
q:6:85:6	6:85	6:85	6	w-s006-a085-w003	6:85:3	m-w-s006-a085-w003-02	وَعِيسَى	ع ي س		position_crosswalk	morpheme_aligned
q:6:85:8	6:85	6:85	8	w-s006-a085-w004	6:85:4	m-w-s006-a085-w004-02	وَإِلْيَاسَ	ل ي س		position_crosswalk	morpheme_aligned
q:6:85:9	6:85	6:85	9	w-s006-a085-w005	6:85:5	m-w-s006-a085-w005-01	كُلٌّ	ك ل ل	مِن	position_crosswalk	morpheme_aligned
q:6:85:10	6:85	6:85	10	w-s006-a085-w006	6:85:6	m-w-s006-a085-w006-01			مِن	position_crosswalk	morpheme_aligned
q:6:85:11	6:85	6:85	11	w-s006-a085-w007	6:85:7	m-w-s006-a085-w007-02	الصَّالِحِينَ	ص ل ح	مِن	position_crosswalk	morpheme_aligned
q:6:86:2	6:86	6:86	2	w-s006-a086-w001	6:86:1	m-w-s006-a086-w001-02	وَإِسْمَاعِيلَ	س م ع ل		position_crosswalk	morpheme_aligned
q:6:86:4	6:86	6:86	4	w-s006-a086-w002	6:86:2	m-w-s006-a086-w002-03	وَالْيَسَعَ	و س ع		position_crosswalk	morpheme_aligned
q:6:86:6	6:86	6:86	6	w-s006-a086-w003	6:86:3	m-w-s006-a086-w003-02	وَيُونُسَ	أ ن س		position_crosswalk	morpheme_aligned
q:6:86:8	6:86	6:86	8	w-s006-a086-w004	6:86:4	m-w-s006-a086-w004-02	وَلُوطَاً	ل و ط		position_crosswalk	morpheme_aligned
q:6:86:10	6:86	6:86	10	w-s006-a086-w005	6:86:5	m-w-s006-a086-w005-02	وَكُلَّاً	ك ل ل		position_crosswalk	morpheme_aligned
q:6:86:11	6:86	6:86	11	w-s006-a086-w006	6:86:6	m-w-s006-a086-w006-01	فَضَّلْنَا	ف ض ل	عَلَى	position_crosswalk	morpheme_aligned
q:6:86:12	6:86	6:86	12	w-s006-a086-w007	6:86:7	m-w-s006-a086-w007-01			عَلَى	position_crosswalk	morpheme_aligned
q:6:86:13	6:86	6:86	13	w-s006-a086-w008	6:86:8	m-w-s006-a086-w008-02	الْعَالَمِينَ	ع ل م	عَلَى	position_crosswalk	morpheme_aligned
q:6:87:2	6:87	6:87	2	w-s006-a087-w001	6:87:1	m-w-s006-a087-w001-02			مِن	position_crosswalk	morpheme_aligned
q:6:87:3	6:87	6:87	3	w-s006-a087-w002	6:87:2	m-w-s006-a087-w002-01	آبَائِهِمْ	أ ب و	مِن	position_crosswalk	morpheme_aligned
q:6:87:5	6:87	6:87	5	w-s006-a087-w003	6:87:3	m-w-s006-a087-w003-02	وَذُرِّيَّاتِهِمْ			position_crosswalk	morpheme_aligned
q:6:87:7	6:87	6:87	7	w-s006-a087-w004	6:87:4	m-w-s006-a087-w004-02	وَإِخْوَانِهِمْ	أ خ و		position_crosswalk	morpheme_aligned
q:6:87:9	6:87	6:87	9	w-s006-a087-w005	6:87:5	m-w-s006-a087-w005-02	وَاجْتَبَيْنَاهُمْ	ج ب ي	مِن	position_crosswalk	morpheme_aligned
q:6:87:11	6:87	6:87	11	w-s006-a087-w006	6:87:6	m-w-s006-a087-w006-02	وَهَدَيْنَاهُمْ	ه د ي	إِلَى	position_crosswalk	morpheme_aligned
q:6:87:12	6:87	6:87	12	w-s006-a087-w007	6:87:7	m-w-s006-a087-w007-01			إِلَى	position_crosswalk	morpheme_aligned
q:6:87:13	6:87	6:87	13	w-s006-a087-w008	6:87:8	m-w-s006-a087-w008-01	صِرَاطٍ	ص ر ط	إِلَى	position_crosswalk	morpheme_aligned
q:6:87:14	6:87	6:87	14	w-s006-a087-w009	6:87:9	m-w-s006-a087-w009-01	مُسْتَقِيمٍ	ق و م		position_crosswalk	morpheme_aligned
q:6:88:1	6:88	6:88	1	w-s006-a088-w001	6:88:1	m-w-s006-a088-w001-01	ذَلِكَ			position_crosswalk	morpheme_aligned
q:6:88:2	6:88	6:88	2	w-s006-a088-w002	6:88:2	m-w-s006-a088-w002-01	هُدَى	ه د ي		position_crosswalk	morpheme_aligned
q:6:88:3	6:88	6:88	3	w-s006-a088-w003	6:88:3	m-w-s006-a088-w003-01	اللَّهِ	أ ل ه		position_crosswalk	morpheme_aligned
q:6:88:4	6:88	6:88	4	w-s006-a088-w004	6:88:4	m-w-s006-a088-w004-01	يَهْدِي	ه د ي	بـ	position_crosswalk	morpheme_aligned
q:6:88:5	6:88	6:88	5	w-s006-a088-w005	6:88:5	m-w-s006-a088-w005-02;m-w-s006-a088-w005-01			بـ	position_crosswalk	morpheme_aligned
q:6:88:6	6:88	6:88	6	w-s006-a088-w006	6:88:6	m-w-s006-a088-w006-01	مَنْ	م ن ن	مِن	surface_root_sequence_fallback	morpheme_aligned
q:6:88:7	6:88	6:88	7	w-s006-a088-w007	6:88:7	m-w-s006-a088-w007-01	يَشَاءُ	ش ي أ		surface_root_sequence_fallback	morpheme_aligned
q:6:88:8	6:88	6:88	8	w-s006-a088-w008	6:88:8	m-w-s006-a088-w008-01			مِن	surface_root_sequence_fallback	morpheme_aligned
q:6:88:9	6:88	6:88	9	w-s006-a088-w009	6:88:9	m-w-s006-a088-w009-01	عِبَادِهِ	ع ب د	مِن	surface_root_sequence_fallback	morpheme_aligned
q:6:88:14	6:88	6:88	14	w-s006-a088-w012	6:88:12	m-w-s006-a088-w012-02	لَحَبِطَ	ح ب ط	عَن	position_crosswalk	morpheme_aligned
q:6:88:15	6:88	6:88	15	w-s006-a088-w013	6:88:13	m-w-s006-a088-w013-02;m-w-s006-a088-w013-01			عَن	surface_root_sequence_fallback	morpheme_aligned
q:6:88:16	6:88	6:88	16	w-s006-a088-w014	6:88:14	m-w-s006-a088-w014-01	مَا			surface_root_sequence_fallback	morpheme_aligned
q:6:88:17	6:88	6:88	17	w-s006-a088-w015	6:88:15	m-w-s006-a088-w015-01	كَانُوا	ك و ن		surface_root_sequence_fallback	morpheme_aligned
q:6:88:18	6:88	6:88	18	w-s006-a088-w016	6:88:16	m-w-s006-a088-w016-01	يَعْمَلُونَ	ع م ل		surface_root_sequence_fallback	morpheme_aligned
q:6:89:1	6:89	6:89	1	w-s006-a089-w001	6:89:1	m-w-s006-a089-w001-01	أُولَئِكَ	أ و ل		position_crosswalk	morpheme_aligned
q:6:89:2	6:89	6:89	2	w-s006-a089-w002	6:89:2	m-w-s006-a089-w002-01	الَّذِينَ	ل ل ذ		position_crosswalk	morpheme_aligned
q:6:89:3	6:89	6:89	3	w-s006-a089-w003	6:89:3	m-w-s006-a089-w003-01	آتَيْنَاهُمُ	أ ت ي		position_crosswalk	morpheme_aligned
q:6:89:4	6:89	6:89	4	w-s006-a089-w004	6:89:4	m-w-s006-a089-w004-02	الْكِتَابَ	ك ت ب		position_crosswalk	morpheme_aligned
q:6:89:6	6:89	6:89	6	w-s006-a089-w005	6:89:5	m-w-s006-a089-w005-03	وَالْحُكْمَ	ح ك م		position_crosswalk	morpheme_aligned
q:6:89:8	6:89	6:89	8	w-s006-a089-w006	6:89:6	m-w-s006-a089-w006-03	وَالنُّبُوَّةَ	ن ب و		position_crosswalk	morpheme_aligned
q:6:89:11	6:89	6:89	11	w-s006-a089-w008	6:89:8	m-w-s006-a089-w008-01	يَكْفُرْ	ك ف ر	بـ	position_crosswalk	morpheme_aligned
q:6:89:12	6:89	6:89	12	w-s006-a089-w009	6:89:9	m-w-s006-a089-w009-02;m-w-s006-a089-w009-01			بـ	position_crosswalk	morpheme_aligned
q:6:89:13	6:89	6:89	13	w-s006-a089-w010	6:89:10	m-w-s006-a089-w010-01	هَؤُلَاءِ			surface_root_sequence_fallback	morpheme_aligned
q:6:89:17	6:89	6:89	17	w-s006-a089-w012	6:89:12	m-w-s006-a089-w012-01	وَكَّلْنَا	ك ل ل	بـ	position_crosswalk	morpheme_aligned
q:6:89:18	6:89	6:89	18	w-s006-a089-w013	6:89:13	m-w-s006-a089-w013-02;m-w-s006-a089-w013-01			بـ	position_crosswalk	morpheme_aligned
q:6:89:19	6:89	6:89	19	w-s006-a089-w014	6:89:14	m-w-s006-a089-w014-01	قَوْمَاً	ق و م		surface_root_sequence_fallback	morpheme_aligned
q:6:89:20	6:89	6:89	20	w-s006-a089-w015	6:89:15	m-w-s006-a089-w015-01	لَيْسُوا	ل ي س	بـ	surface_root_sequence_fallback	morpheme_aligned
q:6:89:21	6:89	6:89	21	w-s006-a089-w016	6:89:16	m-w-s006-a089-w016-02;m-w-s006-a089-w016-01			بـ	surface_root_sequence_fallback	morpheme_aligned
q:6:89:22	6:89	6:89	22	w-s006-a089-w016	6:89:16	m-w-s006-a089-w016-01			بـ	position_crosswalk	morpheme_aligned
q:6:89:23	6:89	6:89	23	w-s006-a089-w017	6:89:17	m-w-s006-a089-w017-02	بِكَافِرِينَ	ك ف ر	بـ	surface_root_sequence_fallback	morpheme_aligned
q:6:90:1	6:90	6:90	1	w-s006-a090-w001	6:90:1	m-w-s006-a090-w001-01	أُولَئِكَ	أ و ل		position_crosswalk	morpheme_aligned
q:6:90:2	6:90	6:90	2	w-s006-a090-w002	6:90:2	m-w-s006-a090-w002-01	الَّذِينَ	ل ل ذ		position_crosswalk	morpheme_aligned
q:6:90:3	6:90	6:90	3	w-s006-a090-w003	6:90:3	m-w-s006-a090-w003-01	هَدَى	ه د ي		position_crosswalk	morpheme_aligned
q:6:90:4	6:90	6:90	4	w-s006-a090-w004	6:90:4	m-w-s006-a090-w004-01	اللَّهُ	أ ل ه		position_crosswalk	morpheme_aligned
q:6:90:6	6:90	6:90	6	w-s006-a090-w005	6:90:5	m-w-s006-a090-w005-02			بـ	position_crosswalk	morpheme_aligned
q:6:90:7	6:90	6:90	7	w-s006-a090-w005	6:90:5	m-w-s006-a090-w005-03	فَبِهُدَاهُمُ	ه د ي	بـ	position_crosswalk	morpheme_aligned
q:6:90:8	6:90	6:90	8	w-s006-a090-w006	6:90:6	m-w-s006-a090-w006-01	اقْتَدِهْ	ق د و	بـ	position_crosswalk	morpheme_aligned
q:6:90:9	6:90	6:90	9	w-s006-a090-w007	6:90:7	m-w-s006-a090-w007-01	قُلْ	ق ل ل		position_crosswalk	morpheme_aligned
q:6:90:10	6:90	6:90	10	w-s006-a090-w008	6:90:8	m-w-s006-a090-w008-01	لَا			position_crosswalk	morpheme_aligned
q:6:90:11	6:90	6:90	11	w-s006-a090-w009	6:90:9	m-w-s006-a090-w009-01;m-w-s006-a090-w009-02	أَسْأَلُكُمْ	س أ ل	عَلَى	position_crosswalk	morpheme_aligned
q:6:90:12	6:90	6:90	12	w-s006-a090-w010	6:90:10	m-w-s006-a090-w010-02;m-w-s006-a090-w010-01			عَلَى	position_crosswalk	morpheme_aligned
q:6:90:13	6:90	6:90	13	w-s006-a090-w011	6:90:11	m-w-s006-a090-w011-01	أَجْرَاً	أ ج ر		position_crosswalk	morpheme_aligned
q:6:90:15	6:90	6:90	15	w-s006-a090-w013	6:90:13	m-w-s006-a090-w013-01	هُوَ			position_crosswalk	morpheme_aligned
q:6:90:17	6:90	6:90	17	w-s006-a090-w015	6:90:15	m-w-s006-a090-w015-01	ذِكْرَى	ذ ك ر	لـ	position_crosswalk	morpheme_aligned
q:6:90:18	6:90	6:90	18	w-s006-a090-w016	6:90:16	m-w-s006-a090-w016-01			لـ	position_crosswalk	morpheme_aligned
q:6:90:19	6:90	6:90	19	w-s006-a090-w016	6:90:16	m-w-s006-a090-w016-03	لِلْعَالَمِينَ	ع ل م	لـ	position_crosswalk	morpheme_aligned
q:6:91:3	6:91	6:91	3	w-s006-a091-w002	6:91:2	m-w-s006-a091-w002-01	قَدَرُوا	ق د ر		position_crosswalk	morpheme_aligned
q:6:91:4	6:91	6:91	4	w-s006-a091-w003	6:91:3	m-w-s006-a091-w003-01	اللَّهَ	أ ل ه		position_crosswalk	morpheme_aligned
q:6:91:5	6:91	6:91	5	w-s006-a091-w004	6:91:4	m-w-s006-a091-w004-01	حَقَّ	ح ق ق		position_crosswalk	morpheme_aligned
q:6:91:6	6:91	6:91	6	w-s006-a091-w005	6:91:5	m-w-s006-a091-w005-01	قَدْرِهِ	ق د ر		position_crosswalk	morpheme_aligned
q:6:91:7	6:91	6:91	7	w-s006-a091-w006	6:91:6	m-w-s006-a091-w006-01	إِذْ	أ ذ ي		position_crosswalk	morpheme_aligned
q:6:91:8	6:91	6:91	8	w-s006-a091-w007	6:91:7	m-w-s006-a091-w007-01	قَالُوا	ق و ل		position_crosswalk	morpheme_aligned
q:6:91:9	6:91	6:91	9	w-s006-a091-w008	6:91:8	m-w-s006-a091-w008-01	مَا			position_crosswalk	morpheme_aligned
q:6:91:10	6:91	6:91	10	w-s006-a091-w009	6:91:9	m-w-s006-a091-w009-01	أَنْزَلَ	ن ز ل	عَلَى;مِن	position_crosswalk	morpheme_aligned
q:6:91:11	6:91	6:91	11	w-s006-a091-w010	6:91:10	m-w-s006-a091-w010-01	اللَّهُ	أ ل ه		position_crosswalk	morpheme_aligned
q:6:91:12	6:91	6:91	12	w-s006-a091-w011	6:91:11	m-w-s006-a091-w011-01			عَلَى	position_crosswalk	morpheme_aligned
q:6:91:13	6:91	6:91	13	w-s006-a091-w012	6:91:12	m-w-s006-a091-w012-01	بَشَرٍ	ب ش ر	عَلَى	position_crosswalk	morpheme_aligned
q:6:91:14	6:91	6:91	14	w-s006-a091-w013	6:91:13	m-w-s006-a091-w013-01			مِن	position_crosswalk	morpheme_aligned
q:6:91:15	6:91	6:91	15	w-s006-a091-w014	6:91:14	m-w-s006-a091-w014-01	شَيْءٍ	ش ي ء	مِن	position_crosswalk	morpheme_aligned
q:6:91:16	6:91	6:91	16	w-s006-a091-w015	6:91:15	m-w-s006-a091-w015-01	قُلْ	ق ل ل		position_crosswalk	morpheme_aligned
q:6:91:17	6:91	6:91	17	w-s006-a091-w016	6:91:16	m-w-s006-a091-w016-01	مَنْ	م ن ن		position_crosswalk	morpheme_aligned
q:6:91:18	6:91	6:91	18	w-s006-a091-w017	6:91:17	m-w-s006-a091-w017-01	أَنْزَلَ	ن ز ل		position_crosswalk	morpheme_aligned
q:6:91:19	6:91	6:91	19	w-s006-a091-w018	6:91:18	m-w-s006-a091-w018-02	الْكِتَابَ	ك ت ب		position_crosswalk	morpheme_aligned
q:6:91:20	6:91	6:91	20	w-s006-a091-w019	6:91:19	m-w-s006-a091-w019-01	الَّذِي	ل ل ذ		position_crosswalk	morpheme_aligned
q:6:91:21	6:91	6:91	21	w-s006-a091-w020	6:91:20	m-w-s006-a091-w020-01	جَاءَ	ج ي أ	بـ	position_crosswalk	morpheme_aligned
q:6:91:22	6:91	6:91	22	w-s006-a091-w021	6:91:21	m-w-s006-a091-w021-02;m-w-s006-a091-w021-01			بـ	position_crosswalk	morpheme_aligned
q:6:91:23	6:91	6:91	23	w-s006-a091-w022	6:91:22	m-w-s006-a091-w022-01	مُوسَى			surface_root_sequence_fallback	morpheme_aligned
q:6:91:24	6:91	6:91	24	w-s006-a091-w023	6:91:23	m-w-s006-a091-w023-01	نُورَاً	ن و ر		surface_root_sequence_fallback	morpheme_aligned
q:6:91:26	6:91	6:91	26	w-s006-a091-w024	6:91:24	m-w-s006-a091-w024-02	وَهُدَىً	ه د ي	لـ	position_crosswalk	morpheme_aligned
q:6:91:27	6:91	6:91	27	w-s006-a091-w025	6:91:25	m-w-s006-a091-w025-01			لـ	surface_root_sequence_fallback	morpheme_aligned
q:6:91:28	6:91	6:91	28	w-s006-a091-w025	6:91:25	m-w-s006-a091-w025-03	لِلنَّاسِ	أ ن س	لـ	position_crosswalk	morpheme_aligned
q:6:91:29	6:91	6:91	29	w-s006-a091-w026	6:91:26	m-w-s006-a091-w026-01	تَجْعَلُونَهُ	ج ع ل		surface_root_sequence_fallback	morpheme_aligned
q:6:91:30	6:91	6:91	30	w-s006-a091-w027	6:91:27	m-w-s006-a091-w027-01	قَرَاطِيسَ	ق ر ط س		surface_root_sequence_fallback	morpheme_aligned
q:6:91:31	6:91	6:91	31	w-s006-a091-w028	6:91:28	m-w-s006-a091-w028-01	تُبْدُونَهَا	ب د د		surface_root_sequence_fallback	morpheme_aligned
q:6:91:33	6:91	6:91	33	w-s006-a091-w029	6:91:29	m-w-s006-a091-w029-02	وَتُخْفُونَ	خ ف ي		position_crosswalk	morpheme_aligned
q:6:91:34	6:91	6:91	34	w-s006-a091-w030	6:91:30	m-w-s006-a091-w030-01	كَثِيرَاً	ك ث ر		surface_root_sequence_fallback	morpheme_aligned
q:6:91:36	6:91	6:91	36	w-s006-a091-w031	6:91:31	m-w-s006-a091-w031-02	وَعُلِّمْتُمْ	ع ل م		position_crosswalk	morpheme_aligned
q:6:91:37	6:91	6:91	37	w-s006-a091-w032	6:91:32	m-w-s006-a091-w032-01	مَا			surface_root_sequence_fallback	morpheme_aligned
q:6:91:39	6:91	6:91	39	w-s006-a091-w034	6:91:34	m-w-s006-a091-w034-01	تَعْلَمُوا	ع ل م		surface_root_sequence_fallback	morpheme_aligned
q:6:91:40	6:91	6:91	40	w-s006-a091-w035	6:91:35	m-w-s006-a091-w035-01	أَنْتُمْ			surface_root_sequence_fallback	morpheme_aligned
q:6:91:43	6:91	6:91	43	w-s006-a091-w037	6:91:37	m-w-s006-a091-w037-01	آبَاؤُكُمْ	أ ب و		surface_root_sequence_fallback	morpheme_aligned
q:6:91:44	6:91	6:91	44	w-s006-a091-w038	6:91:38	m-w-s006-a091-w038-01	قُلِ	ق ل ل		surface_root_sequence_fallback	morpheme_aligned
q:6:91:45	6:91	6:91	45	w-s006-a091-w039	6:91:39	m-w-s006-a091-w039-01	اللَّهُ	أ ل ه		surface_root_sequence_fallback	morpheme_aligned
q:6:91:47	6:91	6:91	47	w-s006-a091-w041	6:91:41	m-w-s006-a091-w041-01;m-w-s006-a091-w041-02	ذَرْهُمْ	و ذ ر	فِي	surface_root_sequence_fallback	morpheme_aligned
q:6:91:48	6:91	6:91	48	w-s006-a091-w042	6:91:42	m-w-s006-a091-w042-01			فِي	surface_root_sequence_fallback	morpheme_aligned
q:6:91:49	6:91	6:91	49	w-s006-a091-w043	6:91:43	m-w-s006-a091-w043-01	خَوْضِهِمْ	خ و ض	فِي	surface_root_sequence_fallback	morpheme_aligned
q:6:91:50	6:91	6:91	50	w-s006-a091-w044	6:91:44	m-w-s006-a091-w044-01	يَلْعَبُونَ	ل ع ب		surface_root_sequence_fallback	morpheme_aligned
q:6:92:2	6:92	6:92	2	w-s006-a092-w001	6:92:1	m-w-s006-a092-w001-02	وَهَذَا			position_crosswalk	morpheme_aligned
q:6:92:3	6:92	6:92	3	w-s006-a092-w002	6:92:2	m-w-s006-a092-w002-01	كِتَابٌ	ك ت ب		position_crosswalk	morpheme_aligned
q:6:92:4	6:92	6:92	4	w-s006-a092-w003	6:92:3	m-w-s006-a092-w003-01	أَنْزَلْنَاهُ	ن ز ل		position_crosswalk	morpheme_aligned
q:6:92:5	6:92	6:92	5	w-s006-a092-w004	6:92:4	m-w-s006-a092-w004-01	مُبَارَكٌ	ب ر ك		position_crosswalk	morpheme_aligned
q:6:92:6	6:92	6:92	6	w-s006-a092-w005	6:92:5	m-w-s006-a092-w005-01	مُصَدِّقُ	ص د ق		position_crosswalk	morpheme_aligned
q:6:92:7	6:92	6:92	7	w-s006-a092-w006	6:92:6	m-w-s006-a092-w006-01	الَّذِي	ل ل ذ		position_crosswalk	morpheme_aligned
q:6:92:8	6:92	6:92	8	w-s006-a092-w007	6:92:7	m-w-s006-a092-w007-01	بَيْنَ	ب ي ن		position_crosswalk	morpheme_aligned
q:6:92:9	6:92	6:92	9	w-s006-a092-w008	6:92:8	m-w-s006-a092-w008-01	يَدَيْهِ	ي د ي		position_crosswalk	morpheme_aligned
q:6:92:12	6:92	6:92	12	w-s006-a092-w009	6:92:9	m-w-s006-a092-w009-03	وَلِتُنْذِرَ	ن ذ ر		position_crosswalk	morpheme_aligned
q:6:92:13	6:92	6:92	13	w-s006-a092-w010	6:92:10	m-w-s006-a092-w010-01	أُمَّ	أ م م		position_crosswalk	morpheme_aligned
q:6:92:14	6:92	6:92	14	w-s006-a092-w011	6:92:11	m-w-s006-a092-w011-02	الْقُرَى	ق ر ي		position_crosswalk	morpheme_aligned
q:6:92:16	6:92	6:92	16	w-s006-a092-w012	6:92:12	m-w-s006-a092-w012-02	وَمَنْ	م ن ن		position_crosswalk	morpheme_aligned
q:6:92:17	6:92	6:92	17	w-s006-a092-w013	6:92:13	m-w-s006-a092-w013-01	حَوْلَهَا	ح و ل		position_crosswalk	morpheme_aligned
q:6:92:19	6:92	6:92	19	w-s006-a092-w014	6:92:14	m-w-s006-a092-w014-02	وَالَّذِينَ	ل ل ذ		position_crosswalk	morpheme_aligned
q:6:92:20	6:92	6:92	20	w-s006-a092-w015	6:92:15	m-w-s006-a092-w015-01	يُؤْمِنُونَ	أ م ن	بـ	position_crosswalk	morpheme_aligned
q:6:92:21	6:92	6:92	21	w-s006-a092-w016	6:92:16	m-w-s006-a092-w016-01			بـ	position_crosswalk	morpheme_aligned
q:6:92:22	6:92	6:92	22	w-s006-a092-w016	6:92:16	m-w-s006-a092-w016-03	بِالْآخِرَةِ	أ خ ر	بـ	position_crosswalk	morpheme_aligned
q:6:92:23	6:92	6:92	23	w-s006-a092-w017	6:92:17	m-w-s006-a092-w017-01	يُؤْمِنُونَ	أ م ن	بـ	position_crosswalk	morpheme_aligned
q:6:92:24	6:92	6:92	24	w-s006-a092-w018	6:92:18	m-w-s006-a092-w018-02;m-w-s006-a092-w018-01			بـ	position_crosswalk	morpheme_aligned
q:6:92:26	6:92	6:92	26	w-s006-a092-w019	6:92:19	m-w-s006-a092-w019-02	وَهُمْ			position_crosswalk	morpheme_aligned
q:6:92:27	6:92	6:92	27	w-s006-a092-w020	6:92:20	m-w-s006-a092-w020-01			عَلَى	surface_root_sequence_fallback	morpheme_aligned
q:6:92:28	6:92	6:92	28	w-s006-a092-w021	6:92:21	m-w-s006-a092-w021-01	صَلَاتِهِمْ	ص ل و	عَلَى	surface_root_sequence_fallback	morpheme_aligned
q:6:92:29	6:92	6:92	29	w-s006-a092-w022	6:92:22	m-w-s006-a092-w022-01	يُحَافِظُونَ	ح ف ظ	عَلَى	surface_root_sequence_fallback	morpheme_aligned
q:6:93:2	6:93	6:93	2	w-s006-a093-w001	6:93:1	m-w-s006-a093-w001-02	وَمَنْ	م ن ن		position_crosswalk	morpheme_aligned
q:6:93:3	6:93	6:93	3	w-s006-a093-w002	6:93:2	m-w-s006-a093-w002-01	أَظْلَمُ	ظ ل م	مِن	position_crosswalk	morpheme_aligned
q:6:93:4	6:93	6:93	4	w-s006-a093-w003	6:93:3	m-w-s006-a093-w003-02;m-w-s006-a093-w003-01	مِمَّنِ	م ن ن	مِن	position_crosswalk	morpheme_aligned
q:6:93:5	6:93	6:93	5	w-s006-a093-w004	6:93:4	m-w-s006-a093-w004-01	افْتَرَى	ف ر ي	عَلَى	position_crosswalk	morpheme_aligned
q:6:93:6	6:93	6:93	6	w-s006-a093-w005	6:93:5	m-w-s006-a093-w005-01			عَلَى	position_crosswalk	morpheme_aligned
q:6:93:7	6:93	6:93	7	w-s006-a093-w006	6:93:6	m-w-s006-a093-w006-01	اللَّهِ	أ ل ه	عَلَى	position_crosswalk	morpheme_aligned
q:6:93:8	6:93	6:93	8	w-s006-a093-w007	6:93:7	m-w-s006-a093-w007-01	كَذِبَاً	ك ذ ب		position_crosswalk	morpheme_aligned
q:6:93:10	6:93	6:93	10	w-s006-a093-w009	6:93:9	m-w-s006-a093-w009-01	قَالَ	ق و ل		position_crosswalk	morpheme_aligned
q:6:93:11	6:93	6:93	11	w-s006-a093-w010	6:93:10	m-w-s006-a093-w010-01	أُوحِيَ	و ح ي	إِلَى	position_crosswalk	morpheme_aligned
q:6:93:12	6:93	6:93	12	w-s006-a093-w011	6:93:11	m-w-s006-a093-w011-02;m-w-s006-a093-w011-01			إِلَى	position_crosswalk	morpheme_aligned
q:6:93:15	6:93	6:93	15	w-s006-a093-w013	6:93:13	m-w-s006-a093-w013-01	يُوحَ	و ح ي	إِلَى	position_crosswalk	morpheme_aligned
q:6:93:16	6:93	6:93	16	w-s006-a093-w014	6:93:14	m-w-s006-a093-w014-02;m-w-s006-a093-w014-01			إِلَى	position_crosswalk	morpheme_aligned
q:6:93:17	6:93	6:93	17	w-s006-a093-w015	6:93:15	m-w-s006-a093-w015-01	شَيْءٌ	ش ي ء		position_crosswalk	morpheme_aligned
q:6:93:19	6:93	6:93	19	w-s006-a093-w016	6:93:16	m-w-s006-a093-w016-02	وَمَنْ	م ن ن		position_crosswalk	morpheme_aligned
q:6:93:20	6:93	6:93	20	w-s006-a093-w017	6:93:17	m-w-s006-a093-w017-01	قَالَ	ق و ل		position_crosswalk	morpheme_aligned
q:6:93:21	6:93	6:93	21	w-s006-a093-w018	6:93:18	m-w-s006-a093-w018-02	سَأُنْزِلُ	ن ز ل		position_crosswalk	morpheme_aligned
q:6:93:22	6:93	6:93	22	w-s006-a093-w019	6:93:19	m-w-s006-a093-w019-01	مِثْلَ	م ث ل		surface_root_sequence_fallback	morpheme_aligned
q:6:93:23	6:93	6:93	23	w-s006-a093-w020	6:93:20	m-w-s006-a093-w020-01	مَا			surface_root_sequence_fallback	morpheme_aligned
q:6:93:24	6:93	6:93	24	w-s006-a093-w021	6:93:21	m-w-s006-a093-w021-01	أَنْزَلَ	ن ز ل		surface_root_sequence_fallback	morpheme_aligned
q:6:93:25	6:93	6:93	25	w-s006-a093-w022	6:93:22	m-w-s006-a093-w022-01	اللَّهُ	أ ل ه		surface_root_sequence_fallback	morpheme_aligned
q:6:93:28	6:93	6:93	28	w-s006-a093-w024	6:93:24	m-w-s006-a093-w024-01	تَرَى	ر أ ي		surface_root_sequence_fallback	morpheme_aligned
q:6:93:29	6:93	6:93	29	w-s006-a093-w025	6:93:25	m-w-s006-a093-w025-01	إِذِ	أ ذ ي		surface_root_sequence_fallback	morpheme_aligned
q:6:93:30	6:93	6:93	30	w-s006-a093-w026	6:93:26	m-w-s006-a093-w026-02	الظَّالِمُونَ	ظ ل م	فِي	surface_root_sequence_fallback	morpheme_aligned
q:6:93:31	6:93	6:93	31	w-s006-a093-w027	6:93:27	m-w-s006-a093-w027-01			فِي	surface_root_sequence_fallback	morpheme_aligned
q:6:93:32	6:93	6:93	32	w-s006-a093-w028	6:93:28	m-w-s006-a093-w028-01	غَمَرَاتِ	غ م ر	فِي	surface_root_sequence_fallback	morpheme_aligned
q:6:93:33	6:93	6:93	33	w-s006-a093-w029	6:93:29	m-w-s006-a093-w029-02	الْمَوْتِ	م و ت		surface_root_sequence_fallback	morpheme_aligned
q:6:93:35	6:93	6:93	35	w-s006-a093-w030	6:93:30	m-w-s006-a093-w030-03	وَالْمَلَائِكَةُ	م ل ك		position_crosswalk	morpheme_aligned
q:6:93:36	6:93	6:93	36	w-s006-a093-w031	6:93:31	m-w-s006-a093-w031-01	بَاسِطُو	ب س ط		surface_root_sequence_fallback	morpheme_aligned
q:6:93:37	6:93	6:93	37	w-s006-a093-w032	6:93:32	m-w-s006-a093-w032-01	أَيْدِيهِمْ	ي د ي		surface_root_sequence_fallback	morpheme_aligned
q:6:93:38	6:93	6:93	38	w-s006-a093-w033	6:93:33	m-w-s006-a093-w033-01	أَخْرِجُوا	خ ر ج		surface_root_sequence_fallback	morpheme_aligned
q:6:93:39	6:93	6:93	39	w-s006-a093-w034	6:93:34	m-w-s006-a093-w034-01	أَنْفُسَكُمُ	ن ف س		surface_root_sequence_fallback	morpheme_aligned
q:6:93:40	6:93	6:93	40	w-s006-a093-w035	6:93:35	m-w-s006-a093-w035-02	الْيَوْمَ	ي و م		surface_root_sequence_fallback	morpheme_aligned
q:6:93:41	6:93	6:93	41	w-s006-a093-w036	6:93:36	m-w-s006-a093-w036-01	تُجْزَوْنَ	ج ز ز	بـ	surface_root_sequence_fallback	morpheme_aligned
q:6:93:42	6:93	6:93	42	w-s006-a093-w037	6:93:37	m-w-s006-a093-w037-01	عَذَابَ	ع ذ ب		surface_root_sequence_fallback	morpheme_aligned
q:6:93:43	6:93	6:93	43	w-s006-a093-w038	6:93:38	m-w-s006-a093-w038-02	الْهُونِ	ه و ن		surface_root_sequence_fallback	morpheme_aligned
q:6:93:44	6:93	6:93	44	w-s006-a093-w039	6:93:39	m-w-s006-a093-w039-01			بـ	surface_root_sequence_fallback	morpheme_aligned
q:6:93:45	6:93	6:93	45	w-s006-a093-w039	6:93:39	m-w-s006-a093-w039-02	بِمَا		بـ	position_crosswalk	morpheme_aligned
q:6:93:46	6:93	6:93	46	w-s006-a093-w040	6:93:40	m-w-s006-a093-w040-01	كُنْتُمْ	ك و ن		surface_root_sequence_fallback	morpheme_aligned
q:6:93:47	6:93	6:93	47	w-s006-a093-w041	6:93:41	m-w-s006-a093-w041-01	تَقُولُونَ	ق و ل	عَلَى	surface_root_sequence_fallback	morpheme_aligned
q:6:93:48	6:93	6:93	48	w-s006-a093-w042	6:93:42	m-w-s006-a093-w042-01			عَلَى	surface_root_sequence_fallback	morpheme_aligned
q:6:93:49	6:93	6:93	49	w-s006-a093-w043	6:93:43	m-w-s006-a093-w043-01	اللَّهِ	أ ل ه	عَلَى	surface_root_sequence_fallback	morpheme_aligned
q:6:93:50	6:93	6:93	50	w-s006-a093-w044	6:93:44	m-w-s006-a093-w044-01	غَيْرَ	غ ي ر		surface_root_sequence_fallback	morpheme_aligned
q:6:93:51	6:93	6:93	51	w-s006-a093-w045	6:93:45	m-w-s006-a093-w045-02	الْحَقِّ	ح ق ق		surface_root_sequence_fallback	morpheme_aligned
q:6:93:53	6:93	6:93	53	w-s006-a093-w046	6:93:46	m-w-s006-a093-w046-02	وَكُنْتُمْ	ك و ن		position_crosswalk	morpheme_aligned
q:6:93:54	6:93	6:93	54	w-s006-a093-w047	6:93:47	m-w-s006-a093-w047-01			عَن	surface_root_sequence_fallback	morpheme_aligned
q:6:93:55	6:93	6:93	55	w-s006-a093-w048	6:93:48	m-w-s006-a093-w048-01	آيَاتِهِ	أ ي ي	عَن	surface_root_sequence_fallback	morpheme_aligned
q:6:93:56	6:93	6:93	56	w-s006-a093-w049	6:93:49	m-w-s006-a093-w049-01	تَسْتَكْبِرُونَ	ك ب ر	عَن	surface_root_sequence_fallback	morpheme_aligned
q:6:94:4	6:94	6:94	4	w-s006-a094-w002	6:94:2	m-w-s006-a094-w002-01	جِئْتُمُونَا	ج ي أ	كـ	position_crosswalk	morpheme_aligned
q:6:94:5	6:94	6:94	5	w-s006-a094-w003	6:94:3	m-w-s006-a094-w003-01	فُرَادَى	ف ر د		position_crosswalk	morpheme_aligned
q:6:94:6	6:94	6:94	6	w-s006-a094-w004	6:94:4	m-w-s006-a094-w004-01			كـ	position_crosswalk	morpheme_aligned
q:6:94:7	6:94	6:94	7	w-s006-a094-w004	6:94:4	m-w-s006-a094-w004-02	كَمَا		كـ	position_crosswalk	morpheme_aligned
q:6:94:8	6:94	6:94	8	w-s006-a094-w005	6:94:5	m-w-s006-a094-w005-01	خَلَقْنَاكُمْ	خ ل ق		position_crosswalk	morpheme_aligned
q:6:94:9	6:94	6:94	9	w-s006-a094-w006	6:94:6	m-w-s006-a094-w006-01	أَوَّلَ	أ و ل		position_crosswalk	morpheme_aligned
q:6:94:10	6:94	6:94	10	w-s006-a094-w007	6:94:7	m-w-s006-a094-w007-01	مَرَّةٍ	م ر ر		position_crosswalk	morpheme_aligned
q:6:94:12	6:94	6:94	12	w-s006-a094-w008	6:94:8	m-w-s006-a094-w008-02	وَتَرَكْتُمْ	ت ر ك		position_crosswalk	morpheme_aligned
q:6:94:13	6:94	6:94	13	w-s006-a094-w009	6:94:9	m-w-s006-a094-w009-01	مَا			position_crosswalk	morpheme_aligned
q:6:94:14	6:94	6:94	14	w-s006-a094-w010	6:94:10	m-w-s006-a094-w010-01	خَوَّلْنَاكُمْ	خ و ل		position_crosswalk	morpheme_aligned
q:6:94:15	6:94	6:94	15	w-s006-a094-w011	6:94:11	m-w-s006-a094-w011-01	وَرَاءَ	و ر ي		position_crosswalk	morpheme_aligned
q:6:94:16	6:94	6:94	16	w-s006-a094-w012	6:94:12	m-w-s006-a094-w012-01	ظُهُورِكُمْ	ظ ه ر		position_crosswalk	morpheme_aligned
q:6:94:19	6:94	6:94	19	w-s006-a094-w014	6:94:14	m-w-s006-a094-w014-01	نَرَى	ر أ ي		position_crosswalk	morpheme_aligned
q:6:94:20	6:94	6:94	20	w-s006-a094-w015	6:94:15	m-w-s006-a094-w015-01	مَعَكُمْ	م ع ع		position_crosswalk	morpheme_aligned
q:6:94:21	6:94	6:94	21	w-s006-a094-w016	6:94:16	m-w-s006-a094-w016-01	شُفَعَاءَكُمُ	ش ف ع		position_crosswalk	morpheme_aligned
q:6:94:22	6:94	6:94	22	w-s006-a094-w017	6:94:17	m-w-s006-a094-w017-01	الَّذِينَ	ل ل ذ		position_crosswalk	morpheme_aligned
q:6:94:23	6:94	6:94	23	w-s006-a094-w018	6:94:18	m-w-s006-a094-w018-01	زَعَمْتُمْ	ز ع م		position_crosswalk	morpheme_aligned
q:6:94:24	6:94	6:94	24	w-s006-a094-w019	6:94:19	m-w-s006-a094-w019-01;m-w-s006-a094-w019-02	أَنَّهُمْ			position_crosswalk	morpheme_aligned
q:6:94:25	6:94	6:94	25	w-s006-a094-w020	6:94:20	m-w-s006-a094-w020-02;m-w-s006-a094-w020-01			فِي	position_crosswalk	morpheme_aligned
q:6:94:26	6:94	6:94	26	w-s006-a094-w021	6:94:21	m-w-s006-a094-w021-01	شُرَكَاءُ	ش ر ك	فِي	position_crosswalk	morpheme_aligned
q:6:94:29	6:94	6:94	29	w-s006-a094-w023	6:94:23	m-w-s006-a094-w023-01	تَقَطَّعَ	ق ط ع		position_crosswalk	morpheme_aligned
q:6:94:30	6:94	6:94	30	w-s006-a094-w024	6:94:24	m-w-s006-a094-w024-01	بَيْنَكُمْ	ب ي ن		position_crosswalk	morpheme_aligned
q:6:94:32	6:94	6:94	32	w-s006-a094-w025	6:94:25	m-w-s006-a094-w025-02	وَضَلَّ	ض ل ل	عَن	position_crosswalk	morpheme_aligned
q:6:94:33	6:94	6:94	33	w-s006-a094-w026	6:94:26	m-w-s006-a094-w026-02;m-w-s006-a094-w026-01			عَن	position_crosswalk	morpheme_aligned
q:6:94:34	6:94	6:94	34	w-s006-a094-w027	6:94:27	m-w-s006-a094-w027-01	مَا			position_crosswalk	morpheme_aligned
q:6:94:35	6:94	6:94	35	w-s006-a094-w028	6:94:28	m-w-s006-a094-w028-01	كُنْتُمْ	ك و ن		position_crosswalk	morpheme_aligned
q:6:94:36	6:94	6:94	36	w-s006-a094-w029	6:94:29	m-w-s006-a094-w029-01	تَزْعُمُونَ	ز ع م		position_crosswalk	morpheme_aligned
q:6:95:1	6:95	6:95	1	w-s006-a095-w001	6:95:1	m-w-s006-a095-w001-01	إِنَّ			position_crosswalk	morpheme_aligned
q:6:95:2	6:95	6:95	2	w-s006-a095-w002	6:95:2	m-w-s006-a095-w002-01	اللَّهَ	أ ل ه		position_crosswalk	morpheme_aligned
q:6:95:3	6:95	6:95	3	w-s006-a095-w003	6:95:3	m-w-s006-a095-w003-01	فَالِقُ	ف ل ق		position_crosswalk	morpheme_aligned
q:6:95:4	6:95	6:95	4	w-s006-a095-w004	6:95:4	m-w-s006-a095-w004-02	الْحَبِّ	ح ب ب		position_crosswalk	morpheme_aligned
q:6:95:6	6:95	6:95	6	w-s006-a095-w005	6:95:5	m-w-s006-a095-w005-03	وَالنَّوَى	ن و ي		position_crosswalk	morpheme_aligned
q:6:95:7	6:95	6:95	7	w-s006-a095-w006	6:95:6	m-w-s006-a095-w006-01	يُخْرِجُ	خ ر ج	مِن	position_crosswalk	morpheme_aligned
q:6:95:8	6:95	6:95	8	w-s006-a095-w007	6:95:7	m-w-s006-a095-w007-02	الْحَيَّ	ح ي ي		position_crosswalk	morpheme_aligned
q:6:95:9	6:95	6:95	9	w-s006-a095-w008	6:95:8	m-w-s006-a095-w008-01			مِن	position_crosswalk	morpheme_aligned
q:6:95:10	6:95	6:95	10	w-s006-a095-w009	6:95:9	m-w-s006-a095-w009-02	الْمَيِّتِ	م و ت	مِن	position_crosswalk	morpheme_aligned
q:6:95:12	6:95	6:95	12	w-s006-a095-w010	6:95:10	m-w-s006-a095-w010-02	وَمُخْرِجُ	خ ر ج	مِن	position_crosswalk	morpheme_aligned
q:6:95:13	6:95	6:95	13	w-s006-a095-w011	6:95:11	m-w-s006-a095-w011-02	الْمَيِّتِ	م و ت		position_crosswalk	morpheme_aligned
q:6:95:14	6:95	6:95	14	w-s006-a095-w012	6:95:12	m-w-s006-a095-w012-01			مِن	position_crosswalk	morpheme_aligned
q:6:95:15	6:95	6:95	15	w-s006-a095-w013	6:95:13	m-w-s006-a095-w013-02	الْحَيِّ	ح ي ي	مِن	position_crosswalk	morpheme_aligned
q:6:95:16	6:95	6:95	16	w-s006-a095-w014	6:95:14	m-w-s006-a095-w014-01	ذَلِكُمُ			position_crosswalk	morpheme_aligned
q:6:95:17	6:95	6:95	17	w-s006-a095-w015	6:95:15	m-w-s006-a095-w015-01	اللَّهُ	أ ل ه		position_crosswalk	morpheme_aligned
q:6:95:19	6:95	6:95	19	w-s006-a095-w016	6:95:16	m-w-s006-a095-w016-02	فَأَنَّى			position_crosswalk	morpheme_aligned
q:6:95:20	6:95	6:95	20	w-s006-a095-w017	6:95:17	m-w-s006-a095-w017-01	تُؤْفَكُونَ	أ ف ك		position_crosswalk	morpheme_aligned
q:6:96:1	6:96	6:96	1	w-s006-a096-w001	6:96:1	m-w-s006-a096-w001-01	فَالِقُ	ف ل ق		position_crosswalk	morpheme_aligned
q:6:96:2	6:96	6:96	2	w-s006-a096-w002	6:96:2	m-w-s006-a096-w002-02	الْإِصْبَاحِ	ص ب ح		position_crosswalk	morpheme_aligned
q:6:96:4	6:96	6:96	4	w-s006-a096-w003	6:96:3	m-w-s006-a096-w003-02	وَجَعَلَ	ج ع ل		position_crosswalk	morpheme_aligned
q:6:96:5	6:96	6:96	5	w-s006-a096-w004	6:96:4	m-w-s006-a096-w004-02	اللَّيْلَ	ل ي ل		position_crosswalk	morpheme_aligned
q:6:96:6	6:96	6:96	6	w-s006-a096-w005	6:96:5	m-w-s006-a096-w005-01	سَكَنَاً	س ك ن		position_crosswalk	morpheme_aligned
q:6:96:8	6:96	6:96	8	w-s006-a096-w006	6:96:6	m-w-s006-a096-w006-03	وَالشَّمْسَ	ش م س		position_crosswalk	morpheme_aligned
q:6:96:10	6:96	6:96	10	w-s006-a096-w007	6:96:7	m-w-s006-a096-w007-03	وَالْقَمَرَ	ق م ر		position_crosswalk	morpheme_aligned
q:6:96:11	6:96	6:96	11	w-s006-a096-w008	6:96:8	m-w-s006-a096-w008-01	حُسْبَانَاً	ح س ب		position_crosswalk	morpheme_aligned
q:6:96:12	6:96	6:96	12	w-s006-a096-w009	6:96:9	m-w-s006-a096-w009-01	ذَلِكَ			position_crosswalk	morpheme_aligned
q:6:96:13	6:96	6:96	13	w-s006-a096-w010	6:96:10	m-w-s006-a096-w010-01	تَقْدِيرُ	ق د ر		position_crosswalk	morpheme_aligned
q:6:96:14	6:96	6:96	14	w-s006-a096-w011	6:96:11	m-w-s006-a096-w011-02	الْعَزِيزِ	ع ز ز		position_crosswalk	morpheme_aligned
q:6:96:15	6:96	6:96	15	w-s006-a096-w012	6:96:12	m-w-s006-a096-w012-02	الْعَلِيمِ	ع ل م		position_crosswalk	morpheme_aligned
q:6:97:2	6:97	6:97	2	w-s006-a097-w001	6:97:1	m-w-s006-a097-w001-02	وَهُوَ			position_crosswalk	morpheme_aligned
q:6:97:3	6:97	6:97	3	w-s006-a097-w002	6:97:2	m-w-s006-a097-w002-01	الَّذِي	ل ل ذ		position_crosswalk	morpheme_aligned
q:6:97:4	6:97	6:97	4	w-s006-a097-w003	6:97:3	m-w-s006-a097-w003-01	جَعَلَ	ج ع ل	لـ	position_crosswalk	morpheme_aligned
q:6:97:5	6:97	6:97	5	w-s006-a097-w003	6:97:3	m-w-s006-a097-w003-01			لـ	surface_root_sequence_fallback	morpheme_aligned
q:6:97:6	6:97	6:97	6	w-s006-a097-w005	6:97:5	m-w-s006-a097-w005-02	النُّجُومَ	ن ج م		surface_root_sequence_fallback	morpheme_aligned
q:6:97:8	6:97	6:97	8	w-s006-a097-w006	6:97:6	m-w-s006-a097-w006-02	لِتَهْتَدُوا	ه د ي	بـ;فِي	position_crosswalk	morpheme_aligned
q:6:97:9	6:97	6:97	9	w-s006-a097-w007	6:97:7	m-w-s006-a097-w007-02;m-w-s006-a097-w007-01			بـ	surface_root_sequence_fallback	morpheme_aligned
q:6:97:10	6:97	6:97	10	w-s006-a097-w008	6:97:8	m-w-s006-a097-w008-01			فِي	surface_root_sequence_fallback	morpheme_aligned
q:6:97:11	6:97	6:97	11	w-s006-a097-w009	6:97:9	m-w-s006-a097-w009-01	ظُلُمَاتِ	ظ ل م	فِي	surface_root_sequence_fallback	morpheme_aligned
q:6:97:12	6:97	6:97	12	w-s006-a097-w010	6:97:10	m-w-s006-a097-w010-02	الْبَرِّ	ب ر ر		surface_root_sequence_fallback	morpheme_aligned
q:6:97:14	6:97	6:97	14	w-s006-a097-w011	6:97:11	m-w-s006-a097-w011-03	وَالْبَحْرِ	ب ح ر		surface_root_sequence_fallback	morpheme_aligned
q:6:97:16	6:97	6:97	16	w-s006-a097-w013	6:97:13	m-w-s006-a097-w013-01	فَصَّلْنَا	ف ص ل	لـ	surface_root_sequence_fallback	morpheme_aligned
q:6:97:17	6:97	6:97	17	w-s006-a097-w014	6:97:14	m-w-s006-a097-w014-02	الْآيَاتِ	أ ي ي		surface_root_sequence_fallback	morpheme_aligned
q:6:97:18	6:97	6:97	18	w-s006-a097-w014	6:97:14	m-w-s006-a097-w014-02			لـ	surface_root_sequence_fallback	morpheme_aligned
q:6:97:19	6:97	6:97	19	w-s006-a097-w015	6:97:15	m-w-s006-a097-w015-02	لِقَوْمٍ	ق و م	لـ	surface_root_sequence_fallback	morpheme_aligned
q:6:97:20	6:97	6:97	20	w-s006-a097-w016	6:97:16	m-w-s006-a097-w016-01	يَعْلَمُونَ	ع ل م		surface_root_sequence_fallback	morpheme_aligned
q:6:98:2	6:98	6:98	2	w-s006-a098-w001	6:98:1	m-w-s006-a098-w001-02	وَهُوَ			position_crosswalk	morpheme_aligned
q:6:98:3	6:98	6:98	3	w-s006-a098-w002	6:98:2	m-w-s006-a098-w002-01	الَّذِي	ل ل ذ		position_crosswalk	morpheme_aligned
q:6:98:4	6:98	6:98	4	w-s006-a098-w003	6:98:3	m-w-s006-a098-w003-01;m-w-s006-a098-w003-02	أَنْشَأَكُمْ	ن ش أ	مِن	position_crosswalk	morpheme_aligned
q:6:98:5	6:98	6:98	5	w-s006-a098-w004	6:98:4	m-w-s006-a098-w004-01			مِن	position_crosswalk	morpheme_aligned
q:6:98:6	6:98	6:98	6	w-s006-a098-w005	6:98:5	m-w-s006-a098-w005-01	نَفْسٍ	ن ف س	مِن	position_crosswalk	morpheme_aligned
q:6:98:7	6:98	6:98	7	w-s006-a098-w006	6:98:6	m-w-s006-a098-w006-01	وَاحِدَةٍ	و ح د		position_crosswalk	morpheme_aligned
q:6:98:9	6:98	6:98	9	w-s006-a098-w007	6:98:7	m-w-s006-a098-w007-02	فَمُسْتَقَرٌّ	ق ر ر		position_crosswalk	morpheme_aligned
q:6:98:11	6:98	6:98	11	w-s006-a098-w008	6:98:8	m-w-s006-a098-w008-02	وَمُسْتَوْدَعٌ	و د ع		position_crosswalk	morpheme_aligned
q:6:98:13	6:98	6:98	13	w-s006-a098-w010	6:98:10	m-w-s006-a098-w010-01	فَصَّلْنَا	ف ص ل	لـ	position_crosswalk	morpheme_aligned
q:6:98:14	6:98	6:98	14	w-s006-a098-w011	6:98:11	m-w-s006-a098-w011-02	الْآيَاتِ	أ ي ي		position_crosswalk	morpheme_aligned
q:6:98:15	6:98	6:98	15	w-s006-a098-w011	6:98:11	m-w-s006-a098-w011-02			لـ	surface_root_sequence_fallback	morpheme_aligned
q:6:98:16	6:98	6:98	16	w-s006-a098-w012	6:98:12	m-w-s006-a098-w012-02	لِقَوْمٍ	ق و م	لـ	position_crosswalk	morpheme_aligned
q:6:98:17	6:98	6:98	17	w-s006-a098-w013	6:98:13	m-w-s006-a098-w013-01	يَفْقَهُونَ	ف ق ه		position_crosswalk	morpheme_aligned
q:6:99:2	6:99	6:99	2	w-s006-a099-w001	6:99:1	m-w-s006-a099-w001-02	وَهُوَ			position_crosswalk	morpheme_aligned
q:6:99:3	6:99	6:99	3	w-s006-a099-w002	6:99:2	m-w-s006-a099-w002-01	الَّذِي	ل ل ذ		position_crosswalk	morpheme_aligned
q:6:99:4	6:99	6:99	4	w-s006-a099-w003	6:99:3	m-w-s006-a099-w003-01	أَنْزَلَ	ن ز ل	مِن	position_crosswalk	morpheme_aligned
q:6:99:5	6:99	6:99	5	w-s006-a099-w004	6:99:4	m-w-s006-a099-w004-01			مِن	position_crosswalk	morpheme_aligned
q:6:99:6	6:99	6:99	6	w-s006-a099-w005	6:99:5	m-w-s006-a099-w005-02	السَّمَاءِ	س م و	مِن	position_crosswalk	morpheme_aligned
q:6:99:7	6:99	6:99	7	w-s006-a099-w006	6:99:6	m-w-s006-a099-w006-01	مَاءً	م و ه		position_crosswalk	morpheme_aligned
q:6:99:9	6:99	6:99	9	w-s006-a099-w007	6:99:7	m-w-s006-a099-w007-02	فَأَخْرَجْنَا	خ ر ج	بـ	position_crosswalk	morpheme_aligned
q:6:99:10	6:99	6:99	10	w-s006-a099-w008	6:99:8	m-w-s006-a099-w008-02;m-w-s006-a099-w008-01			بـ	position_crosswalk	morpheme_aligned
q:6:99:11	6:99	6:99	11	w-s006-a099-w009	6:99:9	m-w-s006-a099-w009-01	نَبَاتَ	ن ب ت		surface_root_sequence_fallback	morpheme_aligned
q:6:99:12	6:99	6:99	12	w-s006-a099-w010	6:99:10	m-w-s006-a099-w010-01	كُلِّ	ك ل ل		surface_root_sequence_fallback	morpheme_aligned
q:6:99:13	6:99	6:99	13	w-s006-a099-w011	6:99:11	m-w-s006-a099-w011-01	شَيْءٍ	ش ي ء		surface_root_sequence_fallback	morpheme_aligned
q:6:99:15	6:99	6:99	15	w-s006-a099-w012	6:99:12	m-w-s006-a099-w012-02	فَأَخْرَجْنَا	خ ر ج	مِن	position_crosswalk	morpheme_aligned
q:6:99:16	6:99	6:99	16	w-s006-a099-w013	6:99:13	m-w-s006-a099-w013-02;m-w-s006-a099-w013-01			مِن	surface_root_sequence_fallback	morpheme_aligned
q:6:99:17	6:99	6:99	17	w-s006-a099-w014	6:99:14	m-w-s006-a099-w014-01	خَضِرَاً	خ ض ر		surface_root_sequence_fallback	morpheme_aligned
q:6:99:18	6:99	6:99	18	w-s006-a099-w015	6:99:15	m-w-s006-a099-w015-01	نُخْرِجُ	خ ر ج	مِن	surface_root_sequence_fallback	morpheme_aligned
q:6:99:19	6:99	6:99	19	w-s006-a099-w016	6:99:16	m-w-s006-a099-w016-02;m-w-s006-a099-w016-01			مِن	surface_root_sequence_fallback	morpheme_aligned
q:6:99:20	6:99	6:99	20	w-s006-a099-w017	6:99:17	m-w-s006-a099-w017-01	حَبَّاً	ح ب ب		surface_root_sequence_fallback	morpheme_aligned
q:6:99:21	6:99	6:99	21	w-s006-a099-w018	6:99:18	m-w-s006-a099-w018-01	مُتَرَاكِبَاً	ر ك ب		surface_root_sequence_fallback	morpheme_aligned
q:6:99:23	6:99	6:99	23	w-s006-a099-w019	6:99:19	m-w-s006-a099-w019-02			مِن	position_crosswalk	morpheme_aligned
q:6:99:24	6:99	6:99	24	w-s006-a099-w020	6:99:20	m-w-s006-a099-w020-02	النَّخْلِ	ن خ ل	مِن	surface_root_sequence_fallback	morpheme_aligned
q:6:99:25	6:99	6:99	25	w-s006-a099-w021	6:99:21	m-w-s006-a099-w021-01			مِن	surface_root_sequence_fallback	morpheme_aligned
q:6:99:26	6:99	6:99	26	w-s006-a099-w022	6:99:22	m-w-s006-a099-w022-01	طَلْعِهَا	ط ل ع	مِن	surface_root_sequence_fallback	morpheme_aligned
q:6:99:27	6:99	6:99	27	w-s006-a099-w023	6:99:23	m-w-s006-a099-w023-01	قِنْوَانٌ	ق ن و	مِن	surface_root_sequence_fallback	morpheme_aligned
q:6:99:28	6:99	6:99	28	w-s006-a099-w024	6:99:24	m-w-s006-a099-w024-01	دَانِيَةٌ	د ن و		surface_root_sequence_fallback	morpheme_aligned
q:6:99:30	6:99	6:99	30	w-s006-a099-w025	6:99:25	m-w-s006-a099-w025-02	وَجَنَّاتٍ	ج ن ن	مِن	position_crosswalk	morpheme_aligned
q:6:99:31	6:99	6:99	31	w-s006-a099-w026	6:99:26	m-w-s006-a099-w026-01			مِن	surface_root_sequence_fallback	morpheme_aligned
q:6:99:32	6:99	6:99	32	w-s006-a099-w027	6:99:27	m-w-s006-a099-w027-01	أَعْنَابٍ	ع ن ب	مِن	surface_root_sequence_fallback	morpheme_aligned
q:6:99:34	6:99	6:99	34	w-s006-a099-w028	6:99:28	m-w-s006-a099-w028-03	وَالزَّيْتُونَ	ز ي ت		position_crosswalk	morpheme_aligned
q:6:99:36	6:99	6:99	36	w-s006-a099-w029	6:99:29	m-w-s006-a099-w029-03	وَالرُّمَّانَ	ر م ن		position_crosswalk	morpheme_aligned
q:6:99:37	6:99	6:99	37	w-s006-a099-w030	6:99:30	m-w-s006-a099-w030-01	مُشْتَبِهَاً	ش ب ه		surface_root_sequence_fallback	morpheme_aligned
q:6:99:39	6:99	6:99	39	w-s006-a099-w031	6:99:31	m-w-s006-a099-w031-02	وَغَيْرَ	غ ي ر		position_crosswalk	morpheme_aligned
q:6:99:40	6:99	6:99	40	w-s006-a099-w032	6:99:32	m-w-s006-a099-w032-01	مُتَشَابِهٍ	ش ب ه		surface_root_sequence_fallback	morpheme_aligned
q:6:99:41	6:99	6:99	41	w-s006-a099-w033	6:99:33	m-w-s006-a099-w033-01	انْظُرُوا	ن ظ ر	إِلَى	surface_root_sequence_fallback	morpheme_aligned
q:6:99:42	6:99	6:99	42	w-s006-a099-w034	6:99:34	m-w-s006-a099-w034-01			إِلَى	surface_root_sequence_fallback	morpheme_aligned
q:6:99:43	6:99	6:99	43	w-s006-a099-w035	6:99:35	m-w-s006-a099-w035-01	ثَمَرِهِ	ث م ر	إِلَى	surface_root_sequence_fallback	morpheme_aligned
q:6:99:44	6:99	6:99	44	w-s006-a099-w036	6:99:36	m-w-s006-a099-w036-01	إِذَا	أ ذ ي		surface_root_sequence_fallback	morpheme_aligned
q:6:99:47	6:99	6:99	47	w-s006-a099-w038	6:99:38	m-w-s006-a099-w038-02	وَيَنْعِهِ	ي ن ع		position_crosswalk	morpheme_aligned
q:6:99:48	6:99	6:99	48	w-s006-a099-w039	6:99:39	m-w-s006-a099-w039-01	إِنَّ		فِي	surface_root_sequence_fallback	morpheme_aligned
q:6:99:49	6:99	6:99	49	w-s006-a099-w040	6:99:40	m-w-s006-a099-w040-01			فِي	surface_root_sequence_fallback	morpheme_aligned
q:6:99:50	6:99	6:99	50	w-s006-a099-w041	6:99:41	m-w-s006-a099-w041-01	ذَلِكُمْ		فِي	surface_root_sequence_fallback	morpheme_aligned
q:6:99:52	6:99	6:99	52	w-s006-a099-w042	6:99:42	m-w-s006-a099-w042-02	لَآيَاتٍ	أ ي ي	لـ	position_crosswalk	morpheme_aligned
q:6:99:53	6:99	6:99	53	w-s006-a099-w042	6:99:42	m-w-s006-a099-w042-02			لـ	position_crosswalk	morpheme_aligned
q:6:99:54	6:99	6:99	54	w-s006-a099-w043	6:99:43	m-w-s006-a099-w043-02	لِقَوْمٍ	ق و م	لـ	position_crosswalk	morpheme_aligned
q:6:99:55	6:99	6:99	55	w-s006-a099-w044	6:99:44	m-w-s006-a099-w044-01	يُؤْمِنُونَ	أ م ن		surface_root_sequence_fallback	morpheme_aligned
q:6:100:2	6:100	6:100	2	w-s006-a100-w001	6:100:1	m-w-s006-a100-w001-02	وَجَعَلُوا	ج ع ل	لـ	position_crosswalk	morpheme_aligned
q:6:100:3	6:100	6:100	3	w-s006-a100-w002	6:100:2	m-w-s006-a100-w002-01			لـ	position_crosswalk	morpheme_aligned
q:6:100:4	6:100	6:100	4	w-s006-a100-w002	6:100:2	m-w-s006-a100-w002-02	لِلَّهِ	أ ل ه	لـ	position_crosswalk	morpheme_aligned
q:6:100:5	6:100	6:100	5	w-s006-a100-w003	6:100:3	m-w-s006-a100-w003-01	شُرَكَاءَ	ش ر ك		position_crosswalk	morpheme_aligned
q:6:100:6	6:100	6:100	6	w-s006-a100-w004	6:100:4	m-w-s006-a100-w004-02	الْجِنَّ	ج ن ن		position_crosswalk	morpheme_aligned
q:6:100:8	6:100	6:100	8	w-s006-a100-w005	6:100:5	m-w-s006-a100-w005-02;m-w-s006-a100-w005-03	وَخَلَقَهُمْ	خ ل ق		position_crosswalk	morpheme_aligned
q:6:100:10	6:100	6:100	10	w-s006-a100-w006	6:100:6	m-w-s006-a100-w006-02	وَخَرَقُوا	خ ر ق	لـ;بـ	position_crosswalk	morpheme_aligned
q:6:100:11	6:100	6:100	11	w-s006-a100-w007	6:100:7	m-w-s006-a100-w007-02;m-w-s006-a100-w007-01			لـ	position_crosswalk	morpheme_aligned
q:6:100:12	6:100	6:100	12	w-s006-a100-w008	6:100:8	m-w-s006-a100-w008-01	بَنِينَ	ب ن ي		surface_root_sequence_fallback	morpheme_aligned
q:6:100:14	6:100	6:100	14	w-s006-a100-w008	6:100:8	m-w-s006-a100-w008-01	وَبَنَاتٍ	ب ن ي		surface_root_sequence_fallback	morpheme_aligned
q:6:100:15	6:100	6:100	15	w-s006-a100-w008	6:100:8	m-w-s006-a100-w008-01			بـ	surface_root_sequence_fallback	morpheme_aligned
q:6:100:16	6:100	6:100	16	w-s006-a100-w010	6:100:10	m-w-s006-a100-w010-02	بِغَيْرِ	غ ي ر	بـ	position_crosswalk	morpheme_aligned
q:6:100:17	6:100	6:100	17	w-s006-a100-w011	6:100:11	m-w-s006-a100-w011-01	عِلْمٍ	ع ل م		surface_root_sequence_fallback	morpheme_aligned
q:6:100:18	6:100	6:100	18	w-s006-a100-w012	6:100:12	m-w-s006-a100-w012-01	سُبْحَانَهُ	س ب ح		surface_root_sequence_fallback	morpheme_aligned
q:6:100:20	6:100	6:100	20	w-s006-a100-w013	6:100:13	m-w-s006-a100-w013-02	وَتَعَالَى	ع ل و	عَن	position_crosswalk	morpheme_aligned
q:6:100:21	6:100	6:100	21	w-s006-a100-w014	6:100:14	m-w-s006-a100-w014-02;m-w-s006-a100-w014-01	عَمَّا	ع ن ت	عَن	surface_root_sequence_fallback	morpheme_aligned
q:6:100:22	6:100	6:100	22	w-s006-a100-w015	6:100:15	m-w-s006-a100-w015-01	يَصِفُونَ	ص ف ف		surface_root_sequence_fallback	morpheme_aligned
q:6:101:1	6:101	6:101	1	w-s006-a101-w001	6:101:1	m-w-s006-a101-w001-01	بَدِيعُ	ب د ع		position_crosswalk	morpheme_aligned
q:6:101:2	6:101	6:101	2	w-s006-a101-w002	6:101:2	m-w-s006-a101-w002-02	السَّمَاوَاتِ	س م و		position_crosswalk	morpheme_aligned
q:6:101:4	6:101	6:101	4	w-s006-a101-w003	6:101:3	m-w-s006-a101-w003-03	وَالْأَرْضِ	أ ر ض		position_crosswalk	morpheme_aligned
q:6:101:5	6:101	6:101	5	w-s006-a101-w004	6:101:4	m-w-s006-a101-w004-01	أَنَّى			position_crosswalk	morpheme_aligned
q:6:101:6	6:101	6:101	6	w-s006-a101-w005	6:101:5	m-w-s006-a101-w005-01	يَكُونُ	ك و ن	لـ	position_crosswalk	morpheme_aligned
q:6:101:7	6:101	6:101	7	w-s006-a101-w006	6:101:6	m-w-s006-a101-w006-02;m-w-s006-a101-w006-01			لـ	position_crosswalk	morpheme_aligned
q:6:101:8	6:101	6:101	8	w-s006-a101-w007	6:101:7	m-w-s006-a101-w007-01	وَلَدٌ	و ل د		surface_root_sequence_fallback	morpheme_aligned
q:6:101:11	6:101	6:101	11	w-s006-a101-w009	6:101:9	m-w-s006-a101-w009-01	تَكُنْ	ك و ن	لـ	surface_root_sequence_fallback	morpheme_aligned
q:6:101:12	6:101	6:101	12	w-s006-a101-w010	6:101:10	m-w-s006-a101-w010-02;m-w-s006-a101-w010-01			لـ	surface_root_sequence_fallback	morpheme_aligned
q:6:101:13	6:101	6:101	13	w-s006-a101-w011	6:101:11	m-w-s006-a101-w011-01	صَاحِبَةٌ	ص ح ب		surface_root_sequence_fallback	morpheme_aligned
q:6:101:15	6:101	6:101	15	w-s006-a101-w012	6:101:12	m-w-s006-a101-w012-02	وَخَلَقَ	خ ل ق		surface_root_sequence_fallback	morpheme_aligned
q:6:101:16	6:101	6:101	16	w-s006-a101-w013	6:101:13	m-w-s006-a101-w013-01	كُلَّ	ك ل ل		surface_root_sequence_fallback	morpheme_aligned
q:6:101:17	6:101	6:101	17	w-s006-a101-w014	6:101:14	m-w-s006-a101-w014-01	شَيْءٍ	ش ي ء		surface_root_sequence_fallback	morpheme_aligned
q:6:101:19	6:101	6:101	19	w-s006-a101-w015	6:101:15	m-w-s006-a101-w015-02	وَهُوَ			surface_root_sequence_fallback	morpheme_aligned
q:6:101:20	6:101	6:101	20	w-s006-a101-w016	6:101:16	m-w-s006-a101-w016-01			بـ	surface_root_sequence_fallback	morpheme_aligned
q:6:101:21	6:101	6:101	21	w-s006-a101-w016	6:101:16	m-w-s006-a101-w016-02	بِكُلِّ	ك ل ل	بـ	surface_root_sequence_fallback	morpheme_aligned
q:6:101:22	6:101	6:101	22	w-s006-a101-w017	6:101:17	m-w-s006-a101-w017-01	شَيْءٍ	ش ي ء		surface_root_sequence_fallback	morpheme_aligned
q:6:101:23	6:101	6:101	23	w-s006-a101-w018	6:101:18	m-w-s006-a101-w018-01	عَلِيمٌ	ع ل م	بـ	surface_root_sequence_fallback	morpheme_aligned
q:6:102:1	6:102	6:102	1	w-s006-a102-w001	6:102:1	m-w-s006-a102-w001-01	ذَلِكُمُ			position_crosswalk	morpheme_aligned
q:6:102:2	6:102	6:102	2	w-s006-a102-w002	6:102:2	m-w-s006-a102-w002-01	اللَّهُ	أ ل ه		position_crosswalk	morpheme_aligned
q:6:102:3	6:102	6:102	3	w-s006-a102-w003	6:102:3	m-w-s006-a102-w003-01	رَبُّكُمْ	ر ب ب		position_crosswalk	morpheme_aligned
q:6:102:4	6:102	6:102	4	w-s006-a102-w004	6:102:4	m-w-s006-a102-w004-01	لَا			position_crosswalk	morpheme_aligned
q:6:102:5	6:102	6:102	5	w-s006-a102-w005	6:102:5	m-w-s006-a102-w005-01	إِلَهَ	أ ل ه		position_crosswalk	morpheme_aligned
q:6:102:7	6:102	6:102	7	w-s006-a102-w007	6:102:7	m-w-s006-a102-w007-01	هُوَ			position_crosswalk	morpheme_aligned
q:6:102:8	6:102	6:102	8	w-s006-a102-w008	6:102:8	m-w-s006-a102-w008-01	خَالِقُ	خ ل ق		position_crosswalk	morpheme_aligned
q:6:102:9	6:102	6:102	9	w-s006-a102-w009	6:102:9	m-w-s006-a102-w009-01	كُلِّ	ك ل ل		position_crosswalk	morpheme_aligned
q:6:102:10	6:102	6:102	10	w-s006-a102-w010	6:102:10	m-w-s006-a102-w010-01	شَيْءٍ	ش ي ء		position_crosswalk	morpheme_aligned
q:6:102:12	6:102	6:102	12	w-s006-a102-w011	6:102:11	m-w-s006-a102-w011-02	فَاعْبُدُوهُ	ع ب د		position_crosswalk	morpheme_aligned
q:6:102:14	6:102	6:102	14	w-s006-a102-w012	6:102:12	m-w-s006-a102-w012-02	وَهُوَ			position_crosswalk	morpheme_aligned
q:6:102:15	6:102	6:102	15	w-s006-a102-w013	6:102:13	m-w-s006-a102-w013-01			عَلَى	position_crosswalk	morpheme_aligned
q:6:102:16	6:102	6:102	16	w-s006-a102-w014	6:102:14	m-w-s006-a102-w014-01	كُلِّ	ك ل ل	عَلَى	position_crosswalk	morpheme_aligned
q:6:102:17	6:102	6:102	17	w-s006-a102-w015	6:102:15	m-w-s006-a102-w015-01	شَيْءٍ	ش ي ء		position_crosswalk	morpheme_aligned
q:6:102:18	6:102	6:102	18	w-s006-a102-w016	6:102:16	m-w-s006-a102-w016-01	وَكِيلٌ	و ك ل	عَلَى	position_crosswalk	morpheme_aligned
q:6:103:2	6:103	6:103	2	w-s006-a103-w002	6:103:2	m-w-s006-a103-w002-01;m-w-s006-a103-w002-02	تُدْرِكُهُ	د ر ك		position_crosswalk	morpheme_aligned
q:6:103:3	6:103	6:103	3	w-s006-a103-w003	6:103:3	m-w-s006-a103-w003-02	الْأَبْصَارُ	ب ص ر		position_crosswalk	morpheme_aligned
q:6:103:5	6:103	6:103	5	w-s006-a103-w004	6:103:4	m-w-s006-a103-w004-02	وَهُوَ			position_crosswalk	morpheme_aligned
q:6:103:6	6:103	6:103	6	w-s006-a103-w005	6:103:5	m-w-s006-a103-w005-01	يُدْرِكُ	د ر ك		position_crosswalk	morpheme_aligned
q:6:103:7	6:103	6:103	7	w-s006-a103-w006	6:103:6	m-w-s006-a103-w006-02	الْأَبْصَارَ	ب ص ر		position_crosswalk	morpheme_aligned
q:6:103:9	6:103	6:103	9	w-s006-a103-w007	6:103:7	m-w-s006-a103-w007-02	وَهُوَ			position_crosswalk	morpheme_aligned
q:6:103:10	6:103	6:103	10	w-s006-a103-w008	6:103:8	m-w-s006-a103-w008-02	اللَّطِيفُ	ل ط ف		position_crosswalk	morpheme_aligned
q:6:103:11	6:103	6:103	11	w-s006-a103-w009	6:103:9	m-w-s006-a103-w009-02	الْخَبِيرُ	خ ب ر		position_crosswalk	morpheme_aligned
q:6:104:2	6:104	6:104	2	w-s006-a104-w002	6:104:2	m-w-s006-a104-w002-01;m-w-s006-a104-w002-02	جَاءَكُمْ	ج ي أ	مِن	position_crosswalk	morpheme_aligned
q:6:104:3	6:104	6:104	3	w-s006-a104-w003	6:104:3	m-w-s006-a104-w003-01	بَصَائِرُ	ب ص ر		position_crosswalk	morpheme_aligned
q:6:104:4	6:104	6:104	4	w-s006-a104-w004	6:104:4	m-w-s006-a104-w004-01			مِن	position_crosswalk	morpheme_aligned
q:6:104:5	6:104	6:104	5	w-s006-a104-w005	6:104:5	m-w-s006-a104-w005-01	رَبِّكُمْ	ر ب ب	مِن	position_crosswalk	morpheme_aligned
q:6:104:7	6:104	6:104	7	w-s006-a104-w006	6:104:6	m-w-s006-a104-w006-02	فَمَنْ	م ن ن		position_crosswalk	morpheme_aligned
q:6:104:8	6:104	6:104	8	w-s006-a104-w007	6:104:7	m-w-s006-a104-w007-01	أَبْصَرَ	ب ص ر	لـ	position_crosswalk	morpheme_aligned
q:6:104:10	6:104	6:104	10	w-s006-a104-w008	6:104:8	m-w-s006-a104-w008-02			لـ	position_crosswalk	morpheme_aligned
q:6:104:11	6:104	6:104	11	w-s006-a104-w008	6:104:8	m-w-s006-a104-w008-03	فَلِنَفْسِهِ	ن ف س	لـ	position_crosswalk	morpheme_aligned
q:6:104:13	6:104	6:104	13	w-s006-a104-w009	6:104:9	m-w-s006-a104-w009-02	وَمَنْ	م ن ن		position_crosswalk	morpheme_aligned
q:6:104:14	6:104	6:104	14	w-s006-a104-w010	6:104:10	m-w-s006-a104-w010-01	عَمِيَ	ع م ي	عَلَى	position_crosswalk	morpheme_aligned
q:6:104:16	6:104	6:104	16	w-s006-a104-w011	6:104:11	m-w-s006-a104-w011-03;m-w-s006-a104-w011-02			عَلَى	position_crosswalk	morpheme_aligned
q:6:104:19	6:104	6:104	19	w-s006-a104-w013	6:104:13	m-w-s006-a104-w013-01	أَنَا		بـ	position_crosswalk	morpheme_aligned
q:6:104:20	6:104	6:104	20	w-s006-a104-w014	6:104:14	m-w-s006-a104-w014-02;m-w-s006-a104-w014-01			عَلَى	position_crosswalk	morpheme_aligned
q:6:104:21	6:104	6:104	21	w-s006-a104-w015	6:104:15	m-w-s006-a104-w015-01			بـ	position_crosswalk	morpheme_aligned
q:6:104:22	6:104	6:104	22	w-s006-a104-w015	6:104:15	m-w-s006-a104-w015-02	بِحَفِيظٍ	ح ف ظ	عَلَى;بـ	position_crosswalk	morpheme_aligned
q:6:105:2	6:105	6:105	2	w-s006-a105-w001	6:105:1	m-w-s006-a105-w001-02			كـ	position_crosswalk	morpheme_aligned
q:6:105:3	6:105	6:105	3	w-s006-a105-w001	6:105:1	m-w-s006-a105-w001-03	وَكَذَلِكَ		كـ	position_crosswalk	morpheme_aligned
q:6:105:4	6:105	6:105	4	w-s006-a105-w002	6:105:2	m-w-s006-a105-w002-01	نُصَرِّفُ	ص ر ف	كـ	position_crosswalk	morpheme_aligned
q:6:105:5	6:105	6:105	5	w-s006-a105-w003	6:105:3	m-w-s006-a105-w003-02	الْآيَاتِ	أ ي ي		position_crosswalk	morpheme_aligned
q:6:105:7	6:105	6:105	7	w-s006-a105-w004	6:105:4	m-w-s006-a105-w004-03	وَلِيَقُولُوا	و ل ي		position_crosswalk	morpheme_aligned
q:6:105:8	6:105	6:105	8	w-s006-a105-w004	6:105:4	m-w-s006-a105-w004-03	وَلِيَقُولُوا	ق و ل		position_crosswalk	morpheme_aligned
q:6:105:9	6:105	6:105	9	w-s006-a105-w005	6:105:5	m-w-s006-a105-w005-01	دَرَسْتَ	د ر س		position_crosswalk	morpheme_aligned
q:6:105:11	6:105	6:105	11	w-s006-a105-w006	6:105:6	m-w-s006-a105-w006-03	وَلِنُبَيِّنَهُ	و ل ي		derived_morpheme_unit	morpheme_aligned
q:6:105:12	6:105	6:105	12	w-s006-a105-w006	6:105:6	m-w-s006-a105-w006-03;m-w-s006-a105-w006-04	وَلِنُبَيِّنَهُ	ب ي ن	لـ	position_crosswalk	morpheme_aligned
q:6:105:13	6:105	6:105	13	w-s006-a105-w006	6:105:6	m-w-s006-a105-w006-02			لـ	surface_root_sequence_fallback	morpheme_aligned
q:6:105:14	6:105	6:105	14	w-s006-a105-w007	6:105:7	m-w-s006-a105-w007-02	لِقَوْمٍ	ق و م	لـ	position_crosswalk	morpheme_aligned
q:6:105:15	6:105	6:105	15	w-s006-a105-w008	6:105:8	m-w-s006-a105-w008-01	يَعْلَمُونَ	ع ل م		position_crosswalk	morpheme_aligned
q:6:106:1	6:106	6:106	1	w-s006-a106-w001	6:106:1	m-w-s006-a106-w001-01	اتَّبِعْ	ت ب ع		position_crosswalk	morpheme_aligned
q:6:106:2	6:106	6:106	2	w-s006-a106-w002	6:106:2	m-w-s006-a106-w002-01	مَا			position_crosswalk	morpheme_aligned
q:6:106:3	6:106	6:106	3	w-s006-a106-w003	6:106:3	m-w-s006-a106-w003-01	أُوحِيَ	و ح ي	إِلَى;مِن	position_crosswalk	morpheme_aligned
q:6:106:4	6:106	6:106	4	w-s006-a106-w004	6:106:4	m-w-s006-a106-w004-02;m-w-s006-a106-w004-01			إِلَى	position_crosswalk	morpheme_aligned
q:6:106:5	6:106	6:106	5	w-s006-a106-w005	6:106:5	m-w-s006-a106-w005-01			مِن	position_crosswalk	morpheme_aligned
q:6:106:6	6:106	6:106	6	w-s006-a106-w006	6:106:6	m-w-s006-a106-w006-01	رَبِّكَ	ر ب ب	مِن	position_crosswalk	morpheme_aligned
q:6:106:7	6:106	6:106	7	w-s006-a106-w007	6:106:7	m-w-s006-a106-w007-01	لَا			position_crosswalk	morpheme_aligned
q:6:106:8	6:106	6:106	8	w-s006-a106-w008	6:106:8	m-w-s006-a106-w008-01	إِلَهَ	أ ل ه		position_crosswalk	morpheme_aligned
q:6:106:10	6:106	6:106	10	w-s006-a106-w010	6:106:10	m-w-s006-a106-w010-01	هُوَ			position_crosswalk	morpheme_aligned
q:6:106:12	6:106	6:106	12	w-s006-a106-w011	6:106:11	m-w-s006-a106-w011-02	وَأَعْرِضْ	ع ر ض	عَن	position_crosswalk	morpheme_aligned
q:6:106:13	6:106	6:106	13	w-s006-a106-w012	6:106:12	m-w-s006-a106-w012-01			عَن	position_crosswalk	morpheme_aligned
q:6:106:14	6:106	6:106	14	w-s006-a106-w013	6:106:13	m-w-s006-a106-w013-02	الْمُشْرِكِينَ	ش ر ك	عَن	position_crosswalk	morpheme_aligned
q:6:107:3	6:107	6:107	3	w-s006-a107-w002	6:107:2	m-w-s006-a107-w002-01	شَاءَ	ش ي أ		position_crosswalk	morpheme_aligned
q:6:107:4	6:107	6:107	4	w-s006-a107-w003	6:107:3	m-w-s006-a107-w003-01	اللَّهُ	أ ل ه		position_crosswalk	morpheme_aligned
q:6:107:9	6:107	6:107	9	w-s006-a107-w007	6:107:7	m-w-s006-a107-w007-01	جَعَلْنَاكَ	ج ع ل		position_crosswalk	morpheme_aligned
q:6:107:10	6:107	6:107	10	w-s006-a107-w008	6:107:8	m-w-s006-a107-w008-02;m-w-s006-a107-w008-01			عَلَى	position_crosswalk	morpheme_aligned
q:6:107:11	6:107	6:107	11	w-s006-a107-w009	6:107:9	m-w-s006-a107-w009-01	حَفِيظَاً	ح ف ظ	عَلَى	position_crosswalk	morpheme_aligned
q:6:107:14	6:107	6:107	14	w-s006-a107-w011	6:107:11	m-w-s006-a107-w011-01	أَنْتَ		بـ	position_crosswalk	morpheme_aligned
q:6:107:15	6:107	6:107	15	w-s006-a107-w012	6:107:12	m-w-s006-a107-w012-02;m-w-s006-a107-w012-01			عَلَى	position_crosswalk	morpheme_aligned
q:6:107:16	6:107	6:107	16	w-s006-a107-w013	6:107:13	m-w-s006-a107-w013-01			بـ	position_crosswalk	morpheme_aligned
q:6:107:17	6:107	6:107	17	w-s006-a107-w013	6:107:13	m-w-s006-a107-w013-02	بِوَكِيلٍ	و ك ل	عَلَى;بـ	position_crosswalk	morpheme_aligned
q:6:108:3	6:108	6:108	3	w-s006-a108-w002	6:108:2	m-w-s006-a108-w002-01	تَسُبُّوا	س ب ب		position_crosswalk	morpheme_aligned
q:6:108:4	6:108	6:108	4	w-s006-a108-w003	6:108:3	m-w-s006-a108-w003-01	الَّذِينَ	ل ل ذ		position_crosswalk	morpheme_aligned
q:6:108:5	6:108	6:108	5	w-s006-a108-w004	6:108:4	m-w-s006-a108-w004-01	يَدْعُونَ	د ع ع	مِن	position_crosswalk	morpheme_aligned
q:6:108:6	6:108	6:108	6	w-s006-a108-w005	6:108:5	m-w-s006-a108-w005-01			مِن	position_crosswalk	morpheme_aligned
q:6:108:7	6:108	6:108	7	w-s006-a108-w006	6:108:6	m-w-s006-a108-w006-01	دُونِ	د و ن	مِن	position_crosswalk	morpheme_aligned
q:6:108:8	6:108	6:108	8	w-s006-a108-w007	6:108:7	m-w-s006-a108-w007-01	اللَّهِ	أ ل ه		position_crosswalk	morpheme_aligned
q:6:108:10	6:108	6:108	10	w-s006-a108-w008	6:108:8	m-w-s006-a108-w008-02	فَيَسُبُّوا	س ب ب	بـ	position_crosswalk	morpheme_aligned
q:6:108:11	6:108	6:108	11	w-s006-a108-w009	6:108:9	m-w-s006-a108-w009-01	اللَّهَ	أ ل ه		position_crosswalk	morpheme_aligned
q:6:108:12	6:108	6:108	12	w-s006-a108-w010	6:108:10	m-w-s006-a108-w010-01	عَدْوَاً	ع د و		position_crosswalk	morpheme_aligned
q:6:108:13	6:108	6:108	13	w-s006-a108-w011	6:108:11	m-w-s006-a108-w011-01			بـ	position_crosswalk	morpheme_aligned
q:6:108:14	6:108	6:108	14	w-s006-a108-w011	6:108:11	m-w-s006-a108-w011-02	بِغَيْرِ	غ ي ر	بـ	position_crosswalk	morpheme_aligned
q:6:108:15	6:108	6:108	15	w-s006-a108-w012	6:108:12	m-w-s006-a108-w012-01	عِلْمٍ	ع ل م		position_crosswalk	morpheme_aligned
q:6:108:16	6:108	6:108	16	w-s006-a108-w013	6:108:13	m-w-s006-a108-w013-01			كـ	position_crosswalk	morpheme_aligned
q:6:108:17	6:108	6:108	17	w-s006-a108-w013	6:108:13	m-w-s006-a108-w013-02	كَذَلِكَ		كـ	position_crosswalk	morpheme_aligned
q:6:108:18	6:108	6:108	18	w-s006-a108-w014	6:108:14	m-w-s006-a108-w014-01	زَيَّنَّا	ز ي ن	كـ;لـ	position_crosswalk	morpheme_aligned
q:6:108:19	6:108	6:108	19	w-s006-a108-w015	6:108:15	m-w-s006-a108-w015-01			لـ	position_crosswalk	morpheme_aligned
q:6:108:20	6:108	6:108	20	w-s006-a108-w015	6:108:15	m-w-s006-a108-w015-02	لِكُلِّ	ك ل ل	لـ	position_crosswalk	morpheme_aligned
q:6:108:21	6:108	6:108	21	w-s006-a108-w016	6:108:16	m-w-s006-a108-w016-01	أُمَّةٍ	أ م م		position_crosswalk	morpheme_aligned
q:6:108:22	6:108	6:108	22	w-s006-a108-w017	6:108:17	m-w-s006-a108-w017-01	عَمَلَهُمْ	ع م ل		position_crosswalk	morpheme_aligned
q:6:108:24	6:108	6:108	24	w-s006-a108-w019	6:108:19	m-w-s006-a108-w019-01			إِلَى	position_crosswalk	morpheme_aligned
q:6:108:25	6:108	6:108	25	w-s006-a108-w020	6:108:20	m-w-s006-a108-w020-01	رَبِّهِمْ	ر ب ب	إِلَى	position_crosswalk	morpheme_aligned
q:6:108:26	6:108	6:108	26	w-s006-a108-w021	6:108:21	m-w-s006-a108-w021-01	مَرْجِعُهُمْ	ر ج ع	إِلَى	position_crosswalk	morpheme_aligned
q:6:108:28	6:108	6:108	28	w-s006-a108-w022	6:108:22	m-w-s006-a108-w022-02;m-w-s006-a108-w022-03	فَيُنَبِّئُهُمْ	ن ب أ	بـ	position_crosswalk	morpheme_aligned
q:6:108:29	6:108	6:108	29	w-s006-a108-w023	6:108:23	m-w-s006-a108-w023-01			بـ	position_crosswalk	morpheme_aligned
q:6:108:30	6:108	6:108	30	w-s006-a108-w023	6:108:23	m-w-s006-a108-w023-02	بِمَا		بـ	position_crosswalk	morpheme_aligned
q:6:108:31	6:108	6:108	31	w-s006-a108-w024	6:108:24	m-w-s006-a108-w024-01	كَانُوا	ك و ن		position_crosswalk	morpheme_aligned
q:6:108:32	6:108	6:108	32	w-s006-a108-w025	6:108:25	m-w-s006-a108-w025-01	يَعْمَلُونَ	ع م ل		position_crosswalk	morpheme_aligned
q:6:109:2	6:109	6:109	2	w-s006-a109-w001	6:109:1	m-w-s006-a109-w001-02	وَأَقْسَمُوا	ق س م	بـ	position_crosswalk	morpheme_aligned
q:6:109:3	6:109	6:109	3	w-s006-a109-w002	6:109:2	m-w-s006-a109-w002-01			بـ	position_crosswalk	morpheme_aligned
q:6:109:4	6:109	6:109	4	w-s006-a109-w002	6:109:2	m-w-s006-a109-w002-02	بِاللَّهِ	أ ل ه	بـ	position_crosswalk	morpheme_aligned
q:6:109:5	6:109	6:109	5	w-s006-a109-w003	6:109:3	m-w-s006-a109-w003-01	جَهْدَ	ج ه د		position_crosswalk	morpheme_aligned
q:6:109:6	6:109	6:109	6	w-s006-a109-w004	6:109:4	m-w-s006-a109-w004-01	أَيْمَانِهِمْ	ي م ن		position_crosswalk	morpheme_aligned
q:6:109:9	6:109	6:109	9	w-s006-a109-w006	6:109:6	m-w-s006-a109-w006-01;m-w-s006-a109-w006-02	جَاءَتْهُمْ	ج ي أ		position_crosswalk	morpheme_aligned
q:6:109:10	6:109	6:109	10	w-s006-a109-w007	6:109:7	m-w-s006-a109-w007-01	آيَةٌ	أ ي ي		position_crosswalk	morpheme_aligned
q:6:109:12	6:109	6:109	12	w-s006-a109-w008	6:109:8	m-w-s006-a109-w008-02	لَيُؤْمِنُنَّ	أ م ن	بـ	position_crosswalk	morpheme_aligned
q:6:109:13	6:109	6:109	13	w-s006-a109-w009	6:109:9	m-w-s006-a109-w009-02;m-w-s006-a109-w009-01			بـ	position_crosswalk	morpheme_aligned
q:6:109:14	6:109	6:109	14	w-s006-a109-w010	6:109:10	m-w-s006-a109-w010-01	قُلْ	ق ل ل		surface_root_sequence_fallback	morpheme_aligned
q:6:109:15	6:109	6:109	15	w-s006-a109-w011	6:109:11		إِنَّمَا	إ ن م ا		surface_root_sequence_fallback	word_aligned
q:6:109:16	6:109	6:109	16	w-s006-a109-w012	6:109:12	m-w-s006-a109-w012-02	الْآيَاتُ	أ ي ي		surface_root_sequence_fallback	morpheme_aligned
q:6:109:17	6:109	6:109	17	w-s006-a109-w013	6:109:13	m-w-s006-a109-w013-01	عِنْدَ	ع ن د		surface_root_sequence_fallback	morpheme_aligned
q:6:109:18	6:109	6:109	18	w-s006-a109-w014	6:109:14	m-w-s006-a109-w014-01	اللَّهِ	أ ل ه		surface_root_sequence_fallback	morpheme_aligned
q:6:109:20	6:109	6:109	20	w-s006-a109-w015	6:109:15	m-w-s006-a109-w015-02	وَمَا			position_crosswalk	morpheme_aligned
q:6:109:21	6:109	6:109	21	w-s006-a109-w016	6:109:16	m-w-s006-a109-w016-01;m-w-s006-a109-w016-02	يُشْعِرُكُمْ	ش ع ر		surface_root_sequence_fallback	morpheme_aligned
q:6:109:22	6:109	6:109	22	w-s006-a109-w017	6:109:17	m-w-s006-a109-w017-01;m-w-s006-a109-w017-02	أَنَّهَا			surface_root_sequence_fallback	morpheme_aligned
q:6:109:26	6:109	6:109	26	w-s006-a109-w021	6:109:21	m-w-s006-a109-w021-01	يُؤْمِنُونَ	أ م ن		surface_root_sequence_fallback	morpheme_aligned
q:6:110:2	6:110	6:110	2	w-s006-a110-w001	6:110:1	m-w-s006-a110-w001-02	وَنُقَلِّبُ	ق ل ب	كـ	position_crosswalk	morpheme_aligned
q:6:110:3	6:110	6:110	3	w-s006-a110-w002	6:110:2	m-w-s006-a110-w002-01	أَفْئِدَتَهُمْ	ف أ د		position_crosswalk	morpheme_aligned
q:6:110:5	6:110	6:110	5	w-s006-a110-w003	6:110:3	m-w-s006-a110-w003-02	وَأَبْصَارَهُمْ	ب ص ر		position_crosswalk	morpheme_aligned
q:6:110:6	6:110	6:110	6	w-s006-a110-w004	6:110:4	m-w-s006-a110-w004-01			كـ	position_crosswalk	morpheme_aligned
q:6:110:7	6:110	6:110	7	w-s006-a110-w004	6:110:4	m-w-s006-a110-w004-02	كَمَا		كـ	position_crosswalk	morpheme_aligned
q:6:110:9	6:110	6:110	9	w-s006-a110-w006	6:110:6	m-w-s006-a110-w006-01	يُؤْمِنُوا	أ م ن	بـ	position_crosswalk	morpheme_aligned
q:6:110:10	6:110	6:110	10	w-s006-a110-w007	6:110:7	m-w-s006-a110-w007-02;m-w-s006-a110-w007-01			بـ	position_crosswalk	morpheme_aligned
q:6:110:11	6:110	6:110	11	w-s006-a110-w008	6:110:8	m-w-s006-a110-w008-01	أَوَّلَ	أ و ل		surface_root_sequence_fallback	morpheme_aligned
q:6:110:12	6:110	6:110	12	w-s006-a110-w009	6:110:9	m-w-s006-a110-w009-01	مَرَّةٍ	م ر ر		surface_root_sequence_fallback	morpheme_aligned
q:6:110:14	6:110	6:110	14	w-s006-a110-w010	6:110:10	m-w-s006-a110-w010-02;m-w-s006-a110-w010-03	وَنَذَرُهُمْ	و ذ ر	فِي	position_crosswalk	morpheme_aligned
q:6:110:15	6:110	6:110	15	w-s006-a110-w011	6:110:11	m-w-s006-a110-w011-01			فِي	surface_root_sequence_fallback	morpheme_aligned
q:6:110:16	6:110	6:110	16	w-s006-a110-w012	6:110:12	m-w-s006-a110-w012-01	طُغْيَانِهِمْ	ط غ ي	فِي	surface_root_sequence_fallback	morpheme_aligned
q:6:110:17	6:110	6:110	17	w-s006-a110-w013	6:110:13	m-w-s006-a110-w013-01	يَعْمَهُونَ	ع م ه		surface_root_sequence_fallback	morpheme_aligned
q:6:111:3	6:111	6:111	3	w-s006-a111-w002	6:111:2	m-w-s006-a111-w002-01;m-w-s006-a111-w002-02	أَنَّنَا			position_crosswalk	morpheme_aligned
q:6:111:4	6:111	6:111	4	w-s006-a111-w003	6:111:3	m-w-s006-a111-w003-01	نَزَّلْنَا	ن ز ل	إِلَى	position_crosswalk	morpheme_aligned
q:6:111:5	6:111	6:111	5	w-s006-a111-w004	6:111:4	m-w-s006-a111-w004-02;m-w-s006-a111-w004-01			إِلَى	position_crosswalk	morpheme_aligned
q:6:111:6	6:111	6:111	6	w-s006-a111-w005	6:111:5	m-w-s006-a111-w005-02	الْمَلَائِكَةَ	م ل ك		position_crosswalk	morpheme_aligned
q:6:111:8	6:111	6:111	8	w-s006-a111-w006	6:111:6	m-w-s006-a111-w006-02;m-w-s006-a111-w006-03	وَكَلَّمَهُمُ	ك ل م		position_crosswalk	morpheme_aligned
q:6:111:9	6:111	6:111	9	w-s006-a111-w007	6:111:7	m-w-s006-a111-w007-02	الْمَوْتَى	م و ت		position_crosswalk	morpheme_aligned
q:6:111:11	6:111	6:111	11	w-s006-a111-w008	6:111:8	m-w-s006-a111-w008-02	وَحَشَرْنَا	ح ش ر	عَلَى	position_crosswalk	morpheme_aligned
q:6:111:12	6:111	6:111	12	w-s006-a111-w009	6:111:9	m-w-s006-a111-w009-02;m-w-s006-a111-w009-01			عَلَى	position_crosswalk	morpheme_aligned
q:6:111:13	6:111	6:111	13	w-s006-a111-w010	6:111:10	m-w-s006-a111-w010-01	كُلَّ	ك ل ل		position_crosswalk	morpheme_aligned
q:6:111:14	6:111	6:111	14	w-s006-a111-w011	6:111:11	m-w-s006-a111-w011-01	شَيْءٍ	ش ي ء		position_crosswalk	morpheme_aligned
q:6:111:15	6:111	6:111	15	w-s006-a111-w012	6:111:12	m-w-s006-a111-w012-01	قُبُلَاً	ق ب ل		position_crosswalk	morpheme_aligned
q:6:111:17	6:111	6:111	17	w-s006-a111-w014	6:111:14	m-w-s006-a111-w014-01	كَانُوا	ك و ن		position_crosswalk	morpheme_aligned
q:6:111:18	6:111	6:111	18	w-s006-a111-w015	6:111:15	m-w-s006-a111-w015-02	لِيُؤْمِنُوا	و ل ي		position_crosswalk	morpheme_aligned
q:6:111:19	6:111	6:111	19	w-s006-a111-w015	6:111:15	m-w-s006-a111-w015-02	لِيُؤْمِنُوا	أ م ن		position_crosswalk	morpheme_aligned
q:6:111:21	6:111	6:111	21	w-s006-a111-w017	6:111:17	m-w-s006-a111-w017-01	أَنْ			position_crosswalk	morpheme_aligned
q:6:111:22	6:111	6:111	22	w-s006-a111-w018	6:111:18	m-w-s006-a111-w018-01	يَشَاءَ	ش ي أ		position_crosswalk	morpheme_aligned
q:6:111:23	6:111	6:111	23	w-s006-a111-w019	6:111:19	m-w-s006-a111-w019-01	اللَّهُ	أ ل ه		position_crosswalk	morpheme_aligned
q:6:111:25	6:111	6:111	25	w-s006-a111-w020	6:111:20	m-w-s006-a111-w020-02	وَلَكِنَّ	ل ك ن		position_crosswalk	morpheme_aligned
q:6:111:26	6:111	6:111	26	w-s006-a111-w021	6:111:21	m-w-s006-a111-w021-01	أَكْثَرَهُمْ	ك ث ر		position_crosswalk	morpheme_aligned
q:6:111:27	6:111	6:111	27	w-s006-a111-w022	6:111:22	m-w-s006-a111-w022-01	يَجْهَلُونَ	ج ه ل		position_crosswalk	morpheme_aligned
q:6:112:2	6:112	6:112	2	w-s006-a112-w001	6:112:1	m-w-s006-a112-w001-02			كـ	position_crosswalk	morpheme_aligned
q:6:112:3	6:112	6:112	3	w-s006-a112-w001	6:112:1	m-w-s006-a112-w001-03	وَكَذَلِكَ		كـ	position_crosswalk	morpheme_aligned
q:6:112:4	6:112	6:112	4	w-s006-a112-w002	6:112:2	m-w-s006-a112-w002-01	جَعَلْنَا	ج ع ل	كـ;لـ	position_crosswalk	morpheme_aligned
q:6:112:5	6:112	6:112	5	w-s006-a112-w002	6:112:2	m-w-s006-a112-w002-01			لـ	surface_root_sequence_fallback	morpheme_aligned
q:6:112:6	6:112	6:112	6	w-s006-a112-w003	6:112:3	m-w-s006-a112-w003-02	لِكُلِّ	ك ل ل	لـ	position_crosswalk	morpheme_aligned
q:6:112:7	6:112	6:112	7	w-s006-a112-w004	6:112:4	m-w-s006-a112-w004-01	نَبِيٍّ	ن ب أ		position_crosswalk	morpheme_aligned
q:6:112:8	6:112	6:112	8	w-s006-a112-w005	6:112:5	m-w-s006-a112-w005-01	عَدُوَّاً	ع د و		position_crosswalk	morpheme_aligned
q:6:112:9	6:112	6:112	9	w-s006-a112-w006	6:112:6	m-w-s006-a112-w006-01	شَيَاطِينَ	ش ط ن		position_crosswalk	morpheme_aligned
q:6:112:10	6:112	6:112	10	w-s006-a112-w007	6:112:7	m-w-s006-a112-w007-02	الْإِنْسِ	أ ن س		position_crosswalk	morpheme_aligned
q:6:112:12	6:112	6:112	12	w-s006-a112-w008	6:112:8	m-w-s006-a112-w008-03	وَالْجِنِّ	ج ن ن		position_crosswalk	morpheme_aligned
q:6:112:13	6:112	6:112	13	w-s006-a112-w009	6:112:9	m-w-s006-a112-w009-01	يُوحِي	و ح ي	إِلَى	position_crosswalk	morpheme_aligned
q:6:112:14	6:112	6:112	14	w-s006-a112-w010	6:112:10	m-w-s006-a112-w010-01	بَعْضُهُمْ	ب ع ض		position_crosswalk	morpheme_aligned
q:6:112:15	6:112	6:112	15	w-s006-a112-w011	6:112:11	m-w-s006-a112-w011-01			إِلَى	position_crosswalk	morpheme_aligned
q:6:112:16	6:112	6:112	16	w-s006-a112-w012	6:112:12	m-w-s006-a112-w012-01	بَعْضٍ	ب ع ض	إِلَى	position_crosswalk	morpheme_aligned
q:6:112:17	6:112	6:112	17	w-s006-a112-w013	6:112:13	m-w-s006-a112-w013-01	زُخْرُفَ	ز خ ر ف		position_crosswalk	morpheme_aligned
q:6:112:18	6:112	6:112	18	w-s006-a112-w014	6:112:14	m-w-s006-a112-w014-02	الْقَوْلِ	ق و ل		position_crosswalk	morpheme_aligned
q:6:112:19	6:112	6:112	19	w-s006-a112-w015	6:112:15	m-w-s006-a112-w015-01	غُرُورَاً	غ ر ر		position_crosswalk	morpheme_aligned
q:6:112:22	6:112	6:112	22	w-s006-a112-w017	6:112:17	m-w-s006-a112-w017-01	شَاءَ	ش ي أ		position_crosswalk	morpheme_aligned
q:6:112:23	6:112	6:112	23	w-s006-a112-w018	6:112:18	m-w-s006-a112-w018-01	رَبُّكَ	ر ب ب		position_crosswalk	morpheme_aligned
q:6:112:25	6:112	6:112	25	w-s006-a112-w020	6:112:20	m-w-s006-a112-w020-01	فَعَلُوهُ	ف ع ل		position_crosswalk	morpheme_aligned
q:6:112:27	6:112	6:112	27	w-s006-a112-w021	6:112:21	m-w-s006-a112-w021-02;m-w-s006-a112-w021-03	فَذَرْهُمْ	و ذ ر		position_crosswalk	morpheme_aligned
q:6:112:29	6:112	6:112	29	w-s006-a112-w022	6:112:22	m-w-s006-a112-w022-02	وَمَا			position_crosswalk	morpheme_aligned
q:6:112:30	6:112	6:112	30	w-s006-a112-w023	6:112:23	m-w-s006-a112-w023-01	يَفْتَرُونَ	ف ت ر		position_crosswalk	morpheme_aligned
q:6:113:2	6:113	6:113	2	w-s006-a113-w001	6:113:1	m-w-s006-a113-w001-03	وَلِتَصْغَى	و ل ي		position_crosswalk	morpheme_aligned
q:6:113:3	6:113	6:113	3	w-s006-a113-w001	6:113:1	m-w-s006-a113-w001-03	وَلِتَصْغَى	ص غ و	إِلَى	position_crosswalk	morpheme_aligned
q:6:113:4	6:113	6:113	4	w-s006-a113-w002	6:113:2	m-w-s006-a113-w002-02;m-w-s006-a113-w002-01			إِلَى	position_crosswalk	morpheme_aligned
q:6:113:5	6:113	6:113	5	w-s006-a113-w003	6:113:3	m-w-s006-a113-w003-01	أَفْئِدَةُ	ف أ د		position_crosswalk	morpheme_aligned
q:6:113:8	6:113	6:113	8	w-s006-a113-w006	6:113:6	m-w-s006-a113-w006-01	يُؤْمِنُونَ	أ م ن	بـ	position_crosswalk	morpheme_aligned
q:6:113:9	6:113	6:113	9	w-s006-a113-w007	6:113:7	m-w-s006-a113-w007-01			بـ	position_crosswalk	morpheme_aligned
q:6:113:10	6:113	6:113	10	w-s006-a113-w007	6:113:7	m-w-s006-a113-w007-03	بِالْآخِرَةِ	أ خ ر	بـ	position_crosswalk	morpheme_aligned
q:6:113:12	6:113	6:113	12	w-s006-a113-w008	6:113:8	m-w-s006-a113-w008-03	وَلِيَرْضَوْهُ	و ل ي		position_crosswalk	morpheme_aligned
q:6:113:13	6:113	6:113	13	w-s006-a113-w008	6:113:8	m-w-s006-a113-w008-03	وَلِيَرْضَوْهُ	ر ض ي		position_crosswalk	morpheme_aligned
q:6:113:15	6:113	6:113	15	w-s006-a113-w009	6:113:9	m-w-s006-a113-w009-03	وَلِيَقْتَرِفُوا	و ل ي		position_crosswalk	morpheme_aligned
q:6:113:16	6:113	6:113	16	w-s006-a113-w009	6:113:9	m-w-s006-a113-w009-03	وَلِيَقْتَرِفُوا	ق ر ف		position_crosswalk	morpheme_aligned
q:6:113:17	6:113	6:113	17	w-s006-a113-w010	6:113:10	m-w-s006-a113-w010-01	مَا			position_crosswalk	morpheme_aligned
q:6:113:18	6:113	6:113	18	w-s006-a113-w011	6:113:11	m-w-s006-a113-w011-01	هُمْ			position_crosswalk	morpheme_aligned
q:6:113:19	6:113	6:113	19	w-s006-a113-w012	6:113:12	m-w-s006-a113-w012-01	مُقْتَرِفُونَ	ق ر ف		position_crosswalk	morpheme_aligned
q:6:114:2	6:114	6:114	2	w-s006-a114-w001	6:114:1	m-w-s006-a114-w001-03	أَفَغَيْرَ	غ ي ر		position_crosswalk	morpheme_aligned
q:6:114:3	6:114	6:114	3	w-s006-a114-w002	6:114:2	m-w-s006-a114-w002-01	اللَّهِ	أ ل ه		surface_root_sequence_fallback	morpheme_aligned
q:6:114:4	6:114	6:114	4	w-s006-a114-w003	6:114:3	m-w-s006-a114-w003-01	أَبْتَغِي	ب غ ي		surface_root_sequence_fallback	morpheme_aligned
q:6:114:5	6:114	6:114	5	w-s006-a114-w004	6:114:4	m-w-s006-a114-w004-01	حَكَمَاً	ح ك م		surface_root_sequence_fallback	morpheme_aligned
q:6:114:7	6:114	6:114	7	w-s006-a114-w005	6:114:5	m-w-s006-a114-w005-02	وَهُوَ			position_crosswalk	morpheme_aligned
q:6:114:8	6:114	6:114	8	w-s006-a114-w006	6:114:6	m-w-s006-a114-w006-01	الَّذِي	ل ل ذ		surface_root_sequence_fallback	morpheme_aligned
q:6:114:9	6:114	6:114	9	w-s006-a114-w007	6:114:7	m-w-s006-a114-w007-01	أَنْزَلَ	ن ز ل	إِلَى	surface_root_sequence_fallback	morpheme_aligned
q:6:114:10	6:114	6:114	10	w-s006-a114-w008	6:114:8	m-w-s006-a114-w008-02;m-w-s006-a114-w008-01			إِلَى	surface_root_sequence_fallback	morpheme_aligned
q:6:114:11	6:114	6:114	11	w-s006-a114-w009	6:114:9	m-w-s006-a114-w009-02	الْكِتَابَ	ك ت ب		surface_root_sequence_fallback	morpheme_aligned
q:6:114:12	6:114	6:114	12	w-s006-a114-w010	6:114:10	m-w-s006-a114-w010-01	مُفَصَّلَاً	ف ص ل		surface_root_sequence_fallback	morpheme_aligned
q:6:114:14	6:114	6:114	14	w-s006-a114-w011	6:114:11	m-w-s006-a114-w011-02	وَالَّذِينَ	ل ل ذ		position_crosswalk	morpheme_aligned
q:6:114:15	6:114	6:114	15	w-s006-a114-w012	6:114:12	m-w-s006-a114-w012-01	آتَيْنَاهُمُ	أ ت ي		surface_root_sequence_fallback	morpheme_aligned
q:6:114:16	6:114	6:114	16	w-s006-a114-w013	6:114:13	m-w-s006-a114-w013-02	الْكِتَابَ	ك ت ب		surface_root_sequence_fallback	morpheme_aligned
q:6:114:17	6:114	6:114	17	w-s006-a114-w014	6:114:14	m-w-s006-a114-w014-01	يَعْلَمُونَ	ع ل م		surface_root_sequence_fallback	morpheme_aligned
q:6:114:18	6:114	6:114	18	w-s006-a114-w015	6:114:15	m-w-s006-a114-w015-01;m-w-s006-a114-w015-02	أَنَّهُ			surface_root_sequence_fallback	morpheme_aligned
q:6:114:19	6:114	6:114	19	w-s006-a114-w016	6:114:16	m-w-s006-a114-w016-01	مُنَزَّلٌ	ن ز ل	مِن;بـ	surface_root_sequence_fallback	morpheme_aligned
q:6:114:20	6:114	6:114	20	w-s006-a114-w016	6:114:16	m-w-s006-a114-w016-01			مِن	position_crosswalk	morpheme_aligned
q:6:114:21	6:114	6:114	21	w-s006-a114-w018	6:114:18	m-w-s006-a114-w018-01	رَبِّكَ	ر ب ب	مِن	surface_root_sequence_fallback	morpheme_aligned
q:6:114:22	6:114	6:114	22	w-s006-a114-w018	6:114:18	m-w-s006-a114-w018-01			بـ	position_crosswalk	morpheme_aligned
q:6:114:23	6:114	6:114	23	w-s006-a114-w019	6:114:19	m-w-s006-a114-w019-03	بِالْحَقِّ	ح ق ق	بـ	position_crosswalk	morpheme_aligned
q:6:114:26	6:114	6:114	26	w-s006-a114-w021	6:114:21	m-w-s006-a114-w021-01	تَكُونَنَّ	ك و ن	مِن	surface_root_sequence_fallback	morpheme_aligned
q:6:114:27	6:114	6:114	27	w-s006-a114-w022	6:114:22	m-w-s006-a114-w022-01			مِن	surface_root_sequence_fallback	morpheme_aligned
q:6:114:28	6:114	6:114	28	w-s006-a114-w023	6:114:23	m-w-s006-a114-w023-02	الْمُمْتَرِينَ	م ر ي	مِن	surface_root_sequence_fallback	morpheme_aligned
q:6:115:2	6:115	6:115	2	w-s006-a115-w001	6:115:1	m-w-s006-a115-w001-02	وَتَمَّتْ	ت م م		position_crosswalk	morpheme_aligned
q:6:115:3	6:115	6:115	3	w-s006-a115-w002	6:115:2	m-w-s006-a115-w002-01	كَلِمَتُ	ك ل م		position_crosswalk	morpheme_aligned
q:6:115:4	6:115	6:115	4	w-s006-a115-w003	6:115:3	m-w-s006-a115-w003-01	رَبِّكَ	ر ب ب		position_crosswalk	morpheme_aligned
q:6:115:5	6:115	6:115	5	w-s006-a115-w004	6:115:4	m-w-s006-a115-w004-01	صِدْقَاً	ص د ق		position_crosswalk	morpheme_aligned
q:6:115:7	6:115	6:115	7	w-s006-a115-w005	6:115:5	m-w-s006-a115-w005-02	وَعَدْلَاً	ع د ل		position_crosswalk	morpheme_aligned
q:6:115:8	6:115	6:115	8	w-s006-a115-w006	6:115:6	m-w-s006-a115-w006-01	لَا			position_crosswalk	morpheme_aligned
q:6:115:9	6:115	6:115	9	w-s006-a115-w007	6:115:7	m-w-s006-a115-w007-01	مُبَدِّلَ	ب د ل	لـ	position_crosswalk	morpheme_aligned
q:6:115:10	6:115	6:115	10	w-s006-a115-w008	6:115:8	m-w-s006-a115-w008-01			لـ	position_crosswalk	morpheme_aligned
q:6:115:11	6:115	6:115	11	w-s006-a115-w008	6:115:8	m-w-s006-a115-w008-02	لِكَلِمَاتِهِ	ك ل م	لـ	position_crosswalk	morpheme_aligned
q:6:115:13	6:115	6:115	13	w-s006-a115-w009	6:115:9	m-w-s006-a115-w009-02	وَهُوَ			position_crosswalk	morpheme_aligned
q:6:115:14	6:115	6:115	14	w-s006-a115-w010	6:115:10	m-w-s006-a115-w010-02	السَّمِيعُ	س م ع		position_crosswalk	morpheme_aligned
q:6:115:15	6:115	6:115	15	w-s006-a115-w011	6:115:11	m-w-s006-a115-w011-02	الْعَلِيمُ	ع ل م		position_crosswalk	morpheme_aligned
q:6:116:3	6:116	6:116	3	w-s006-a116-w002	6:116:2	m-w-s006-a116-w002-01	تُطِعْ	ط و ع		position_crosswalk	morpheme_aligned
q:6:116:4	6:116	6:116	4	w-s006-a116-w003	6:116:3	m-w-s006-a116-w003-01	أَكْثَرَ	ك ث ر		position_crosswalk	morpheme_aligned
q:6:116:5	6:116	6:116	5	w-s006-a116-w004	6:116:4	m-w-s006-a116-w004-01	مَنْ	م ن ن	فِي	position_crosswalk	morpheme_aligned
q:6:116:6	6:116	6:116	6	w-s006-a116-w005	6:116:5	m-w-s006-a116-w005-01			فِي	position_crosswalk	morpheme_aligned
q:6:116:7	6:116	6:116	7	w-s006-a116-w006	6:116:6	m-w-s006-a116-w006-02	الْأَرْضِ	أ ر ض	فِي	position_crosswalk	morpheme_aligned
q:6:116:8	6:116	6:116	8	w-s006-a116-w007	6:116:7	m-w-s006-a116-w007-01	يُضِلُّوكَ	ض ل ل	عَن	position_crosswalk	morpheme_aligned
q:6:116:9	6:116	6:116	9	w-s006-a116-w008	6:116:8	m-w-s006-a116-w008-01			عَن	position_crosswalk	morpheme_aligned
q:6:116:10	6:116	6:116	10	w-s006-a116-w009	6:116:9	m-w-s006-a116-w009-01	سَبِيلِ	س ب ل	عَن	position_crosswalk	morpheme_aligned
q:6:116:11	6:116	6:116	11	w-s006-a116-w010	6:116:10	m-w-s006-a116-w010-01	اللَّهِ	أ ل ه		position_crosswalk	morpheme_aligned
q:6:116:13	6:116	6:116	13	w-s006-a116-w012	6:116:12	m-w-s006-a116-w012-01	يَتَّبِعُونَ	ت ب ع		position_crosswalk	morpheme_aligned
q:6:116:15	6:116	6:116	15	w-s006-a116-w014	6:116:14	m-w-s006-a116-w014-02	الظَّنَّ	ظ ن ن		position_crosswalk	morpheme_aligned
q:6:116:18	6:116	6:116	18	w-s006-a116-w016	6:116:16	m-w-s006-a116-w016-01	هُمْ			position_crosswalk	morpheme_aligned
q:6:116:20	6:116	6:116	20	w-s006-a116-w018	6:116:18	m-w-s006-a116-w018-01	يَخْرُصُونَ	خ ر ص		position_crosswalk	morpheme_aligned
q:6:117:1	6:117	6:117	1	w-s006-a117-w001	6:117:1	m-w-s006-a117-w001-01	إِنَّ			position_crosswalk	morpheme_aligned
q:6:117:2	6:117	6:117	2	w-s006-a117-w002	6:117:2	m-w-s006-a117-w002-01	رَبَّكَ	ر ب ب		position_crosswalk	morpheme_aligned
q:6:117:4	6:117	6:117	4	w-s006-a117-w004	6:117:4	m-w-s006-a117-w004-01	أَعْلَمُ	ع ل م		position_crosswalk	morpheme_aligned
q:6:117:5	6:117	6:117	5	w-s006-a117-w005	6:117:5	m-w-s006-a117-w005-01	مَنْ	م ن ن		position_crosswalk	morpheme_aligned
q:6:117:6	6:117	6:117	6	w-s006-a117-w006	6:117:6	m-w-s006-a117-w006-01	يَضِلُّ	ض ل ل	عَن	position_crosswalk	morpheme_aligned
q:6:117:7	6:117	6:117	7	w-s006-a117-w007	6:117:7	m-w-s006-a117-w007-01			عَن	position_crosswalk	morpheme_aligned
q:6:117:8	6:117	6:117	8	w-s006-a117-w008	6:117:8	m-w-s006-a117-w008-01	سَبِيلِهِ	س ب ل	عَن	position_crosswalk	morpheme_aligned
q:6:117:10	6:117	6:117	10	w-s006-a117-w009	6:117:9	m-w-s006-a117-w009-02	وَهُوَ			position_crosswalk	morpheme_aligned
q:6:117:11	6:117	6:117	11	w-s006-a117-w010	6:117:10	m-w-s006-a117-w010-01	أَعْلَمُ	ع ل م	بـ	position_crosswalk	morpheme_aligned
q:6:117:12	6:117	6:117	12	w-s006-a117-w011	6:117:11	m-w-s006-a117-w011-01			بـ	position_crosswalk	morpheme_aligned
q:6:117:13	6:117	6:117	13	w-s006-a117-w011	6:117:11	m-w-s006-a117-w011-03	بِالْمُهْتَدِينَ	ه د ي	بـ	position_crosswalk	morpheme_aligned
q:6:118:2	6:118	6:118	2	w-s006-a118-w001	6:118:1	m-w-s006-a118-w001-02	فَكُلُوا	ك ل ل	مِن	position_crosswalk	morpheme_aligned
q:6:118:3	6:118	6:118	3	w-s006-a118-w002	6:118:2	m-w-s006-a118-w002-01			مِن	position_crosswalk	morpheme_aligned
q:6:118:4	6:118	6:118	4	w-s006-a118-w003	6:118:3	m-w-s006-a118-w003-01	ذُكِرَ	ذ ك ر	مِن;عَلَى	position_crosswalk	morpheme_aligned
q:6:118:5	6:118	6:118	5	w-s006-a118-w004	6:118:4	m-w-s006-a118-w004-01	اسْمُ	س م و		position_crosswalk	morpheme_aligned
q:6:118:6	6:118	6:118	6	w-s006-a118-w005	6:118:5	m-w-s006-a118-w005-01	اللَّهِ	أ ل ه		position_crosswalk	morpheme_aligned
q:6:118:7	6:118	6:118	7	w-s006-a118-w006	6:118:6	m-w-s006-a118-w006-02;m-w-s006-a118-w006-01			عَلَى	position_crosswalk	morpheme_aligned
q:6:118:9	6:118	6:118	9	w-s006-a118-w008	6:118:8	m-w-s006-a118-w008-01	كُنْتُمْ	ك و ن		position_crosswalk	morpheme_aligned
q:6:118:10	6:118	6:118	10	w-s006-a118-w009	6:118:9	m-w-s006-a118-w009-01			بـ	position_crosswalk	morpheme_aligned
q:6:118:11	6:118	6:118	11	w-s006-a118-w009	6:118:9	m-w-s006-a118-w009-02	بِآيَاتِهِ	أ ي ي	بـ	position_crosswalk	morpheme_aligned
q:6:118:12	6:118	6:118	12	w-s006-a118-w010	6:118:10	m-w-s006-a118-w010-01	مُؤْمِنِينَ	أ م ن	بـ	position_crosswalk	morpheme_aligned
q:6:119:2	6:119	6:119	2	w-s006-a119-w001	6:119:1	m-w-s006-a119-w001-02	وَمَا		لـ	position_crosswalk	morpheme_aligned
q:6:119:3	6:119	6:119	3	w-s006-a119-w002	6:119:2	m-w-s006-a119-w002-02;m-w-s006-a119-w002-01			لـ	position_crosswalk	morpheme_aligned
q:6:119:4	6:119	6:119	4	w-s006-a119-w003	6:119:3		أَلَّا			surface_root_sequence_fallback	word_aligned
q:6:119:5	6:119	6:119	5	w-s006-a119-w004	6:119:4	m-w-s006-a119-w004-01	تَأْكُلُوا	أ ك ل	مِن	surface_root_sequence_fallback	morpheme_aligned
q:6:119:6	6:119	6:119	6	w-s006-a119-w005	6:119:5	m-w-s006-a119-w005-01			مِن	surface_root_sequence_fallback	morpheme_aligned
q:6:119:7	6:119	6:119	7	w-s006-a119-w006	6:119:6	m-w-s006-a119-w006-01	ذُكِرَ	ذ ك ر	عَلَى	surface_root_sequence_fallback	morpheme_aligned
q:6:119:8	6:119	6:119	8	w-s006-a119-w007	6:119:7	m-w-s006-a119-w007-01	اسْمُ	س م و		surface_root_sequence_fallback	morpheme_aligned
q:6:119:9	6:119	6:119	9	w-s006-a119-w008	6:119:8	m-w-s006-a119-w008-01	اللَّهِ	أ ل ه		surface_root_sequence_fallback	morpheme_aligned
q:6:119:10	6:119	6:119	10	w-s006-a119-w009	6:119:9	m-w-s006-a119-w009-02;m-w-s006-a119-w009-01			عَلَى	surface_root_sequence_fallback	morpheme_aligned
q:6:119:13	6:119	6:119	13	w-s006-a119-w011	6:119:11	m-w-s006-a119-w011-01	فَصَّلَ	ف ص ل	لـ	surface_root_sequence_fallback	morpheme_aligned
q:6:119:14	6:119	6:119	14	w-s006-a119-w011	6:119:11	m-w-s006-a119-w011-01			لـ	position_crosswalk	morpheme_aligned
q:6:119:15	6:119	6:119	15	w-s006-a119-w013	6:119:13	m-w-s006-a119-w013-01	مَا			surface_root_sequence_fallback	morpheme_aligned
q:6:119:16	6:119	6:119	16	w-s006-a119-w014	6:119:14	m-w-s006-a119-w014-01	حَرَّمَ	ح ر م	عَلَى	surface_root_sequence_fallback	morpheme_aligned
q:6:119:17	6:119	6:119	17	w-s006-a119-w015	6:119:15	m-w-s006-a119-w015-02;m-w-s006-a119-w015-01			عَلَى	surface_root_sequence_fallback	morpheme_aligned
q:6:119:19	6:119	6:119	19	w-s006-a119-w017	6:119:17	m-w-s006-a119-w017-01	مَا			surface_root_sequence_fallback	morpheme_aligned
q:6:119:20	6:119	6:119	20	w-s006-a119-w018	6:119:18	m-w-s006-a119-w018-01	اضْطُرِرْتُمْ	ض ر ر	إِلَى	surface_root_sequence_fallback	morpheme_aligned
q:6:119:21	6:119	6:119	21	w-s006-a119-w019	6:119:19	m-w-s006-a119-w019-02;m-w-s006-a119-w019-01			إِلَى	surface_root_sequence_fallback	morpheme_aligned
q:6:119:23	6:119	6:119	23	w-s006-a119-w020	6:119:20	m-w-s006-a119-w020-02	وَإِنَّ			surface_root_sequence_fallback	morpheme_aligned
q:6:119:24	6:119	6:119	24	w-s006-a119-w021	6:119:21	m-w-s006-a119-w021-01	كَثِيرَاً	ك ث ر		surface_root_sequence_fallback	morpheme_aligned
q:6:119:26	6:119	6:119	26	w-s006-a119-w022	6:119:22	m-w-s006-a119-w022-02	لَيُضِلُّونَ	ض ل ل	بـ	surface_root_sequence_fallback	morpheme_aligned
q:6:119:27	6:119	6:119	27	w-s006-a119-w023	6:119:23	m-w-s006-a119-w023-01			بـ	surface_root_sequence_fallback	morpheme_aligned
q:6:119:28	6:119	6:119	28	w-s006-a119-w023	6:119:23	m-w-s006-a119-w023-02	بِأَهْوَائِهِمْ	ه و ي	بـ	surface_root_sequence_fallback	morpheme_aligned
q:6:119:29	6:119	6:119	29	w-s006-a119-w023	6:119:23	m-w-s006-a119-w023-01			بـ	position_crosswalk	morpheme_aligned
q:6:119:30	6:119	6:119	30	w-s006-a119-w024	6:119:24	m-w-s006-a119-w024-02	بِغَيْرِ	غ ي ر	بـ	surface_root_sequence_fallback	morpheme_aligned
q:6:119:31	6:119	6:119	31	w-s006-a119-w025	6:119:25	m-w-s006-a119-w025-01	عِلْمٍ	ع ل م		surface_root_sequence_fallback	morpheme_aligned
q:6:119:32	6:119	6:119	32	w-s006-a119-w026	6:119:26	m-w-s006-a119-w026-01	إِنَّ			surface_root_sequence_fallback	morpheme_aligned
q:6:119:33	6:119	6:119	33	w-s006-a119-w027	6:119:27	m-w-s006-a119-w027-01	رَبَّكَ	ر ب ب		surface_root_sequence_fallback	morpheme_aligned
q:6:119:35	6:119	6:119	35	w-s006-a119-w029	6:119:29	m-w-s006-a119-w029-01	أَعْلَمُ	ع ل م	بـ	surface_root_sequence_fallback	morpheme_aligned
q:6:119:36	6:119	6:119	36	w-s006-a119-w030	6:119:30	m-w-s006-a119-w030-01			بـ	surface_root_sequence_fallback	morpheme_aligned
q:6:119:37	6:119	6:119	37	w-s006-a119-w030	6:119:30	m-w-s006-a119-w030-03	بِالْمُعْتَدِينَ	ع د و	بـ	surface_root_sequence_fallback	morpheme_aligned
q:6:120:2	6:120	6:120	2	w-s006-a120-w001	6:120:1	m-w-s006-a120-w001-02	وَذَرُوا	و ذ ر		position_crosswalk	morpheme_aligned
q:6:120:3	6:120	6:120	3	w-s006-a120-w002	6:120:2	m-w-s006-a120-w002-01	ظَاهِرَ	ظ ه ر		position_crosswalk	morpheme_aligned
q:6:120:4	6:120	6:120	4	w-s006-a120-w003	6:120:3	m-w-s006-a120-w003-02	الْإِثْمِ	أ ث م		position_crosswalk	morpheme_aligned
q:6:120:6	6:120	6:120	6	w-s006-a120-w004	6:120:4	m-w-s006-a120-w004-02	وَبَاطِنَهُ	ب ط ن		position_crosswalk	morpheme_aligned
q:6:120:7	6:120	6:120	7	w-s006-a120-w005	6:120:5	m-w-s006-a120-w005-01	إِنَّ			position_crosswalk	morpheme_aligned
q:6:120:8	6:120	6:120	8	w-s006-a120-w006	6:120:6	m-w-s006-a120-w006-01	الَّذِينَ	ل ل ذ		position_crosswalk	morpheme_aligned
q:6:120:9	6:120	6:120	9	w-s006-a120-w007	6:120:7	m-w-s006-a120-w007-01	يَكْسِبُونَ	ك س ب		position_crosswalk	morpheme_aligned
q:6:120:10	6:120	6:120	10	w-s006-a120-w008	6:120:8	m-w-s006-a120-w008-02	الْإِثْمَ	أ ث م		position_crosswalk	morpheme_aligned
q:6:120:11	6:120	6:120	11	w-s006-a120-w009	6:120:9	m-w-s006-a120-w009-02	سَيُجْزَوْنَ	ج ز ز	بـ	position_crosswalk	morpheme_aligned
q:6:120:12	6:120	6:120	12	w-s006-a120-w010	6:120:10	m-w-s006-a120-w010-01			بـ	surface_root_sequence_fallback	morpheme_aligned
q:6:120:13	6:120	6:120	13	w-s006-a120-w010	6:120:10	m-w-s006-a120-w010-02	بِمَا		بـ	position_crosswalk	morpheme_aligned
q:6:120:14	6:120	6:120	14	w-s006-a120-w011	6:120:11	m-w-s006-a120-w011-01	كَانُوا	ك و ن		surface_root_sequence_fallback	morpheme_aligned
q:6:120:15	6:120	6:120	15	w-s006-a120-w012	6:120:12	m-w-s006-a120-w012-01	يَقْتَرِفُونَ	ق ر ف		surface_root_sequence_fallback	morpheme_aligned
q:6:121:3	6:121	6:121	3	w-s006-a121-w002	6:121:2	m-w-s006-a121-w002-01	تَأْكُلُوا	أ ك ل	مِن	position_crosswalk	morpheme_aligned
q:6:121:4	6:121	6:121	4	w-s006-a121-w003	6:121:3	m-w-s006-a121-w003-01			مِن	position_crosswalk	morpheme_aligned
q:6:121:6	6:121	6:121	6	w-s006-a121-w005	6:121:5	m-w-s006-a121-w005-01	يُذْكَرِ	ذ ك ر	عَلَى	position_crosswalk	morpheme_aligned
q:6:121:7	6:121	6:121	7	w-s006-a121-w006	6:121:6	m-w-s006-a121-w006-01	اسْمُ	س م و		position_crosswalk	morpheme_aligned
q:6:121:8	6:121	6:121	8	w-s006-a121-w007	6:121:7	m-w-s006-a121-w007-01	اللَّهِ	أ ل ه		position_crosswalk	morpheme_aligned
q:6:121:9	6:121	6:121	9	w-s006-a121-w008	6:121:8	m-w-s006-a121-w008-02;m-w-s006-a121-w008-01			عَلَى	position_crosswalk	morpheme_aligned
q:6:121:11	6:121	6:121	11	w-s006-a121-w009	6:121:9	m-w-s006-a121-w009-02;m-w-s006-a121-w009-03	وَإِنَّهُ			position_crosswalk	morpheme_aligned
q:6:121:13	6:121	6:121	13	w-s006-a121-w010	6:121:10	m-w-s006-a121-w010-02	لَفِسْقٌ	ف س ق		position_crosswalk	morpheme_aligned
q:6:121:15	6:121	6:121	15	w-s006-a121-w011	6:121:11	m-w-s006-a121-w011-02	وَإِنَّ			position_crosswalk	morpheme_aligned
q:6:121:16	6:121	6:121	16	w-s006-a121-w012	6:121:12	m-w-s006-a121-w012-02	الشَّيَاطِينَ	ش ط ن		position_crosswalk	morpheme_aligned
q:6:121:18	6:121	6:121	18	w-s006-a121-w013	6:121:13	m-w-s006-a121-w013-02	لَيُوحُونَ	و ح ي	إِلَى	position_crosswalk	morpheme_aligned
q:6:121:19	6:121	6:121	19	w-s006-a121-w014	6:121:14	m-w-s006-a121-w014-01			إِلَى	position_crosswalk	morpheme_aligned
q:6:121:20	6:121	6:121	20	w-s006-a121-w015	6:121:15	m-w-s006-a121-w015-01	أَوْلِيَائِهِمْ	و ل ي	إِلَى	position_crosswalk	morpheme_aligned
q:6:121:22	6:121	6:121	22	w-s006-a121-w016	6:121:16	m-w-s006-a121-w016-02	لِيُجَادِلُوكُمْ	ج د ل		position_crosswalk	morpheme_aligned
q:6:121:25	6:121	6:121	25	w-s006-a121-w018	6:121:18	m-w-s006-a121-w018-01	أَطَعْتُمُوهُمْ	ط و ع		position_crosswalk	morpheme_aligned
q:6:121:26	6:121	6:121	26	w-s006-a121-w019	6:121:19	m-w-s006-a121-w019-01;m-w-s006-a121-w019-02	إِنَّكُمْ			position_crosswalk	morpheme_aligned
q:6:121:28	6:121	6:121	28	w-s006-a121-w020	6:121:20	m-w-s006-a121-w020-02	لَمُشْرِكُونَ	ش ر ك		position_crosswalk	morpheme_aligned
q:6:122:2	6:122	6:122	2	w-s006-a122-w001	6:122:1	m-w-s006-a122-w001-03	أَوَمَنْ	م ن ن		position_crosswalk	morpheme_aligned
q:6:122:3	6:122	6:122	3	w-s006-a122-w002	6:122:2	m-w-s006-a122-w002-01	كَانَ	ك و ن	كـ	surface_root_sequence_fallback	morpheme_aligned
q:6:122:4	6:122	6:122	4	w-s006-a122-w003	6:122:3	m-w-s006-a122-w003-01	مَيْتَاً	م و ت		surface_root_sequence_fallback	morpheme_aligned
q:6:122:6	6:122	6:122	6	w-s006-a122-w004	6:122:4	m-w-s006-a122-w004-02	فَأَحْيَيْنَاهُ	ح ي ي		position_crosswalk	morpheme_aligned
q:6:122:8	6:122	6:122	8	w-s006-a122-w005	6:122:5	m-w-s006-a122-w005-02	وَجَعَلْنَا	ج ع ل	لـ	position_crosswalk	morpheme_aligned
q:6:122:9	6:122	6:122	9	w-s006-a122-w006	6:122:6	m-w-s006-a122-w006-02;m-w-s006-a122-w006-01			لـ	surface_root_sequence_fallback	morpheme_aligned
q:6:122:10	6:122	6:122	10	w-s006-a122-w007	6:122:7	m-w-s006-a122-w007-01	نُورَاً	ن و ر		surface_root_sequence_fallback	morpheme_aligned
q:6:122:11	6:122	6:122	11	w-s006-a122-w008	6:122:8	m-w-s006-a122-w008-01	يَمْشِي	م ش ي	بـ;فِي	surface_root_sequence_fallback	morpheme_aligned
q:6:122:12	6:122	6:122	12	w-s006-a122-w009	6:122:9	m-w-s006-a122-w009-02;m-w-s006-a122-w009-01			بـ	surface_root_sequence_fallback	morpheme_aligned
q:6:122:13	6:122	6:122	13	w-s006-a122-w010	6:122:10	m-w-s006-a122-w010-01			فِي	surface_root_sequence_fallback	morpheme_aligned
q:6:122:14	6:122	6:122	14	w-s006-a122-w011	6:122:11	m-w-s006-a122-w011-02	النَّاسِ	أ ن س	فِي	surface_root_sequence_fallback	morpheme_aligned
q:6:122:15	6:122	6:122	15	w-s006-a122-w012	6:122:12	m-w-s006-a122-w012-01			كـ	surface_root_sequence_fallback	morpheme_aligned
q:6:122:16	6:122	6:122	16	w-s006-a122-w012	6:122:12	m-w-s006-a122-w012-02	كَمَنْ	م ن ن	كـ	surface_root_sequence_fallback	morpheme_aligned
q:6:122:17	6:122	6:122	17	w-s006-a122-w013	6:122:13	m-w-s006-a122-w013-01	مَثَلُهُ	م ث ل	فِي	surface_root_sequence_fallback	morpheme_aligned
q:6:122:18	6:122	6:122	18	w-s006-a122-w014	6:122:14	m-w-s006-a122-w014-01			فِي	surface_root_sequence_fallback	morpheme_aligned
q:6:122:19	6:122	6:122	19	w-s006-a122-w015	6:122:15	m-w-s006-a122-w015-02	الظُّلُمَاتِ	ظ ل م	فِي	surface_root_sequence_fallback	morpheme_aligned
q:6:122:20	6:122	6:122	20	w-s006-a122-w016	6:122:16	m-w-s006-a122-w016-01	لَيْسَ	ل ي س	بـ	surface_root_sequence_fallback	morpheme_aligned
q:6:122:21	6:122	6:122	21	w-s006-a122-w017	6:122:17	m-w-s006-a122-w017-01			بـ	surface_root_sequence_fallback	morpheme_aligned
q:6:122:22	6:122	6:122	22	w-s006-a122-w017	6:122:17	m-w-s006-a122-w017-02	بِخَارِجٍ	خ ر ج	بـ;مِن	surface_root_sequence_fallback	morpheme_aligned
q:6:122:23	6:122	6:122	23	w-s006-a122-w018	6:122:18	m-w-s006-a122-w018-02;m-w-s006-a122-w018-01			مِن	surface_root_sequence_fallback	morpheme_aligned
q:6:122:24	6:122	6:122	24	w-s006-a122-w019	6:122:19	m-w-s006-a122-w019-01			كـ	surface_root_sequence_fallback	morpheme_aligned
q:6:122:25	6:122	6:122	25	w-s006-a122-w019	6:122:19	m-w-s006-a122-w019-02	كَذَلِكَ		كـ	surface_root_sequence_fallback	morpheme_aligned
q:6:122:26	6:122	6:122	26	w-s006-a122-w020	6:122:20	m-w-s006-a122-w020-01	زُيِّنَ	ز ي ن	كـ;لـ	surface_root_sequence_fallback	morpheme_aligned
q:6:122:27	6:122	6:122	27	w-s006-a122-w021	6:122:21	m-w-s006-a122-w021-01			لـ	surface_root_sequence_fallback	morpheme_aligned
q:6:122:28	6:122	6:122	28	w-s006-a122-w021	6:122:21	m-w-s006-a122-w021-03	لِلْكَافِرِينَ	ك ف ر	لـ	surface_root_sequence_fallback	morpheme_aligned
q:6:122:29	6:122	6:122	29	w-s006-a122-w022	6:122:22	m-w-s006-a122-w022-01	مَا			surface_root_sequence_fallback	morpheme_aligned
q:6:122:30	6:122	6:122	30	w-s006-a122-w023	6:122:23	m-w-s006-a122-w023-01	كَانُوا	ك و ن		surface_root_sequence_fallback	morpheme_aligned
q:6:122:31	6:122	6:122	31	w-s006-a122-w024	6:122:24	m-w-s006-a122-w024-01	يَعْمَلُونَ	ع م ل		surface_root_sequence_fallback	morpheme_aligned
q:6:123:2	6:123	6:123	2	w-s006-a123-w001	6:123:1	m-w-s006-a123-w001-02			كـ	position_crosswalk	morpheme_aligned
q:6:123:3	6:123	6:123	3	w-s006-a123-w001	6:123:1	m-w-s006-a123-w001-03	وَكَذَلِكَ		كـ	position_crosswalk	morpheme_aligned
q:6:123:4	6:123	6:123	4	w-s006-a123-w002	6:123:2	m-w-s006-a123-w002-01	جَعَلْنَا	ج ع ل	كـ;فِي	position_crosswalk	morpheme_aligned
q:6:123:5	6:123	6:123	5	w-s006-a123-w003	6:123:3	m-w-s006-a123-w003-01			فِي	position_crosswalk	morpheme_aligned
q:6:123:6	6:123	6:123	6	w-s006-a123-w004	6:123:4	m-w-s006-a123-w004-01	كُلِّ	ك ل ل	فِي	position_crosswalk	morpheme_aligned
q:6:123:7	6:123	6:123	7	w-s006-a123-w005	6:123:5	m-w-s006-a123-w005-01	قَرْيَةٍ	ق ر ي		position_crosswalk	morpheme_aligned
q:6:123:8	6:123	6:123	8	w-s006-a123-w006	6:123:6	m-w-s006-a123-w006-01	أَكَابِرَ	ك ب ر		position_crosswalk	morpheme_aligned
q:6:123:9	6:123	6:123	9	w-s006-a123-w007	6:123:7	m-w-s006-a123-w007-01	مُجْرِمِيهَا	ج ر م		position_crosswalk	morpheme_aligned
q:6:123:11	6:123	6:123	11	w-s006-a123-w008	6:123:8	m-w-s006-a123-w008-02	لِيَمْكُرُوا	م ك ر	فِي	position_crosswalk	morpheme_aligned
q:6:123:12	6:123	6:123	12	w-s006-a123-w009	6:123:9	m-w-s006-a123-w009-02;m-w-s006-a123-w009-01			فِي	position_crosswalk	morpheme_aligned
q:6:123:15	6:123	6:123	15	w-s006-a123-w011	6:123:11	m-w-s006-a123-w011-01	يَمْكُرُونَ	م ك ر	بـ	position_crosswalk	morpheme_aligned
q:6:123:17	6:123	6:123	17	w-s006-a123-w013	6:123:13	m-w-s006-a123-w013-01			بـ	position_crosswalk	morpheme_aligned
q:6:123:18	6:123	6:123	18	w-s006-a123-w013	6:123:13	m-w-s006-a123-w013-02	بِأَنْفُسِهِمْ	ن ف س	بـ	position_crosswalk	morpheme_aligned
q:6:123:21	6:123	6:123	21	w-s006-a123-w015	6:123:15	m-w-s006-a123-w015-01	يَشْعُرُونَ	ش ع ر		position_crosswalk	morpheme_aligned
q:6:124:3	6:124	6:124	3	w-s006-a124-w002	6:124:2	m-w-s006-a124-w002-01;m-w-s006-a124-w002-02	جَاءَتْهُمْ	ج ي أ		position_crosswalk	morpheme_aligned
q:6:124:4	6:124	6:124	4	w-s006-a124-w003	6:124:3	m-w-s006-a124-w003-01	آيَةٌ	أ ي ي		position_crosswalk	morpheme_aligned
q:6:124:5	6:124	6:124	5	w-s006-a124-w004	6:124:4	m-w-s006-a124-w004-01	قَالُوا	ق و ل		position_crosswalk	morpheme_aligned
q:6:124:6	6:124	6:124	6	w-s006-a124-w005	6:124:5	m-w-s006-a124-w005-01	لَنْ	ل ي ن		position_crosswalk	morpheme_aligned
q:6:124:9	6:124	6:124	9	w-s006-a124-w008	6:124:8	m-w-s006-a124-w008-01	نُؤْتَى	أ ت ي		position_crosswalk	morpheme_aligned
q:6:124:10	6:124	6:124	10	w-s006-a124-w009	6:124:9	m-w-s006-a124-w009-01	مِثْلَ	م ث ل		position_crosswalk	morpheme_aligned
q:6:124:11	6:124	6:124	11	w-s006-a124-w010	6:124:10	m-w-s006-a124-w010-01	مَا			position_crosswalk	morpheme_aligned
q:6:124:12	6:124	6:124	12	w-s006-a124-w011	6:124:11	m-w-s006-a124-w011-01	أُوتِيَ	أ ت ي		position_crosswalk	morpheme_aligned
q:6:124:13	6:124	6:124	13	w-s006-a124-w012	6:124:12	m-w-s006-a124-w012-01	رُسُلُ	ر س ل		position_crosswalk	morpheme_aligned
q:6:124:14	6:124	6:124	14	w-s006-a124-w013	6:124:13	m-w-s006-a124-w013-01	اللَّهِ	أ ل ه		position_crosswalk	morpheme_aligned
q:6:124:15	6:124	6:124	15	w-s006-a124-w013	6:124:13	m-w-s006-a124-w013-01	اللَّهُ	أ ل ه		surface_root_sequence_fallback	morpheme_aligned
q:6:124:16	6:124	6:124	16	w-s006-a124-w015	6:124:15	m-w-s006-a124-w015-01	أَعْلَمُ	ع ل م		position_crosswalk	morpheme_aligned
q:6:124:17	6:124	6:124	17	w-s006-a124-w016	6:124:16	m-w-s006-a124-w016-01	حَيْثُ	ح ي ث		position_crosswalk	morpheme_aligned
q:6:124:18	6:124	6:124	18	w-s006-a124-w017	6:124:17	m-w-s006-a124-w017-01	يَجْعَلُ	ج ع ل		position_crosswalk	morpheme_aligned
q:6:124:19	6:124	6:124	19	w-s006-a124-w018	6:124:18	m-w-s006-a124-w018-01	رِسَالَتَهُ	ر س ل		position_crosswalk	morpheme_aligned
q:6:124:20	6:124	6:124	20	w-s006-a124-w019	6:124:19	m-w-s006-a124-w019-02	سَيُصِيبُ	ص و ب	بـ	position_crosswalk	morpheme_aligned
q:6:124:21	6:124	6:124	21	w-s006-a124-w020	6:124:20	m-w-s006-a124-w020-01	الَّذِينَ	ل ل ذ		surface_root_sequence_fallback	morpheme_aligned
q:6:124:23	6:124	6:124	23	w-s006-a124-w022	6:124:22	m-w-s006-a124-w022-01	صَغَارٌ	ص غ ر		surface_root_sequence_fallback	morpheme_aligned
q:6:124:24	6:124	6:124	24	w-s006-a124-w023	6:124:23	m-w-s006-a124-w023-01	عِنْدَ	ع ن د		surface_root_sequence_fallback	morpheme_aligned
q:6:124:25	6:124	6:124	25	w-s006-a124-w024	6:124:24	m-w-s006-a124-w024-01	اللَّهِ	أ ل ه		surface_root_sequence_fallback	morpheme_aligned
q:6:124:27	6:124	6:124	27	w-s006-a124-w025	6:124:25	m-w-s006-a124-w025-02	وَعَذَابٌ	ع ذ ب		position_crosswalk	morpheme_aligned
q:6:124:28	6:124	6:124	28	w-s006-a124-w026	6:124:26	m-w-s006-a124-w026-01	شَدِيدٌ	ش د د		surface_root_sequence_fallback	morpheme_aligned
q:6:124:29	6:124	6:124	29	w-s006-a124-w027	6:124:27	m-w-s006-a124-w027-01			بـ	surface_root_sequence_fallback	morpheme_aligned
q:6:124:30	6:124	6:124	30	w-s006-a124-w027	6:124:27	m-w-s006-a124-w027-02	بِمَا		بـ	position_crosswalk	morpheme_aligned
q:6:124:31	6:124	6:124	31	w-s006-a124-w028	6:124:28	m-w-s006-a124-w028-01	كَانُوا	ك و ن		surface_root_sequence_fallback	morpheme_aligned
q:6:124:32	6:124	6:124	32	w-s006-a124-w029	6:124:29	m-w-s006-a124-w029-01	يَمْكُرُونَ	م ك ر		surface_root_sequence_fallback	morpheme_aligned
q:6:125:3	6:125	6:125	3	w-s006-a125-w002	6:125:2	m-w-s006-a125-w002-01	يُرِدِ	ر و د		position_crosswalk	morpheme_aligned
q:6:125:4	6:125	6:125	4	w-s006-a125-w003	6:125:3	m-w-s006-a125-w003-01	اللَّهُ	أ ل ه		position_crosswalk	morpheme_aligned
q:6:125:5	6:125	6:125	5	w-s006-a125-w004	6:125:4	m-w-s006-a125-w004-01	أَنْ			position_crosswalk	morpheme_aligned
q:6:125:6	6:125	6:125	6	w-s006-a125-w005	6:125:5	m-w-s006-a125-w005-01;m-w-s006-a125-w005-02	يَهْدِيَهُ	ه د ي		position_crosswalk	morpheme_aligned
q:6:125:7	6:125	6:125	7	w-s006-a125-w006	6:125:6	m-w-s006-a125-w006-01	يَشْرَحْ	ش ر ح	لـ	position_crosswalk	morpheme_aligned
q:6:125:8	6:125	6:125	8	w-s006-a125-w007	6:125:7	m-w-s006-a125-w007-01	صَدْرَهُ	ص د ر		position_crosswalk	morpheme_aligned
q:6:125:9	6:125	6:125	9	w-s006-a125-w008	6:125:8	m-w-s006-a125-w008-01			لـ	position_crosswalk	morpheme_aligned
q:6:125:10	6:125	6:125	10	w-s006-a125-w008	6:125:8	m-w-s006-a125-w008-03	لِلْإِسْلَامِ	س ل م	لـ	position_crosswalk	morpheme_aligned
q:6:125:13	6:125	6:125	13	w-s006-a125-w010	6:125:10	m-w-s006-a125-w010-01	يُرِدْ	ر و د		position_crosswalk	morpheme_aligned
q:6:125:14	6:125	6:125	14	w-s006-a125-w011	6:125:11	m-w-s006-a125-w011-01	أَنْ			position_crosswalk	morpheme_aligned
q:6:125:15	6:125	6:125	15	w-s006-a125-w012	6:125:12	m-w-s006-a125-w012-01;m-w-s006-a125-w012-02	يُضِلَّهُ	ض ل ل		position_crosswalk	morpheme_aligned
q:6:125:16	6:125	6:125	16	w-s006-a125-w013	6:125:13	m-w-s006-a125-w013-01	يَجْعَلْ	ج ع ل		position_crosswalk	morpheme_aligned
q:6:125:17	6:125	6:125	17	w-s006-a125-w014	6:125:14	m-w-s006-a125-w014-01	صَدْرَهُ	ص د ر		position_crosswalk	morpheme_aligned
q:6:125:18	6:125	6:125	18	w-s006-a125-w015	6:125:15	m-w-s006-a125-w015-01	ضَيِّقَاً	ض ي ق		position_crosswalk	morpheme_aligned
q:6:125:19	6:125	6:125	19	w-s006-a125-w016	6:125:16	m-w-s006-a125-w016-01	حَرَجَاً	ح ر ج		position_crosswalk	morpheme_aligned
q:6:125:21	6:125	6:125	21	w-s006-a125-w018	6:125:18	m-w-s006-a125-w018-01	يَصَّعَّدُ	ص ع د	فِي	position_crosswalk	morpheme_aligned
q:6:125:22	6:125	6:125	22	w-s006-a125-w019	6:125:19	m-w-s006-a125-w019-01			فِي	position_crosswalk	morpheme_aligned
q:6:125:23	6:125	6:125	23	w-s006-a125-w020	6:125:20	m-w-s006-a125-w020-02	السَّمَاءِ	س م و	فِي	position_crosswalk	morpheme_aligned
q:6:125:24	6:125	6:125	24	w-s006-a125-w021	6:125:21	m-w-s006-a125-w021-01			كـ	position_crosswalk	morpheme_aligned
q:6:125:25	6:125	6:125	25	w-s006-a125-w021	6:125:21	m-w-s006-a125-w021-02	كَذَلِكَ		كـ	position_crosswalk	morpheme_aligned
q:6:125:26	6:125	6:125	26	w-s006-a125-w022	6:125:22	m-w-s006-a125-w022-01	يَجْعَلُ	ج ع ل	كـ;عَلَى	position_crosswalk	morpheme_aligned
q:6:125:27	6:125	6:125	27	w-s006-a125-w023	6:125:23	m-w-s006-a125-w023-01	اللَّهُ	أ ل ه		position_crosswalk	morpheme_aligned
q:6:125:28	6:125	6:125	28	w-s006-a125-w024	6:125:24	m-w-s006-a125-w024-02	الرِّجْسَ	ر ج س		position_crosswalk	morpheme_aligned
q:6:125:29	6:125	6:125	29	w-s006-a125-w025	6:125:25	m-w-s006-a125-w025-01			عَلَى	position_crosswalk	morpheme_aligned
q:6:125:30	6:125	6:125	30	w-s006-a125-w026	6:125:26	m-w-s006-a125-w026-01	الَّذِينَ	ل ل ذ	عَلَى	position_crosswalk	morpheme_aligned
q:6:126:2	6:126	6:126	2	w-s006-a126-w001	6:126:1	m-w-s006-a126-w001-02	وَهَذَا			position_crosswalk	morpheme_aligned
q:6:126:3	6:126	6:126	3	w-s006-a126-w002	6:126:2	m-w-s006-a126-w002-01	صِرَاطُ	ص ر ط		position_crosswalk	morpheme_aligned
q:6:126:4	6:126	6:126	4	w-s006-a126-w003	6:126:3	m-w-s006-a126-w003-01	رَبِّكَ	ر ب ب		position_crosswalk	morpheme_aligned
q:6:126:5	6:126	6:126	5	w-s006-a126-w004	6:126:4	m-w-s006-a126-w004-01	مُسْتَقِيمَاً	ق و م		position_crosswalk	morpheme_aligned
q:6:126:7	6:126	6:126	7	w-s006-a126-w006	6:126:6	m-w-s006-a126-w006-01	فَصَّلْنَا	ف ص ل	لـ	position_crosswalk	morpheme_aligned
q:6:126:8	6:126	6:126	8	w-s006-a126-w007	6:126:7	m-w-s006-a126-w007-02	الْآيَاتِ	أ ي ي		position_crosswalk	morpheme_aligned
q:6:126:9	6:126	6:126	9	w-s006-a126-w007	6:126:7	m-w-s006-a126-w007-02			لـ	surface_root_sequence_fallback	morpheme_aligned
q:6:126:10	6:126	6:126	10	w-s006-a126-w008	6:126:8	m-w-s006-a126-w008-02	لِقَوْمٍ	ق و م	لـ	position_crosswalk	morpheme_aligned
q:6:126:11	6:126	6:126	11	w-s006-a126-w009	6:126:9	m-w-s006-a126-w009-01	يَذَّكَّرُونَ	ذ ك ر		position_crosswalk	morpheme_aligned
q:6:127:1	6:127	6:127	1	w-s006-a127-w001	6:127:1	m-w-s006-a127-w001-01			لـ	position_crosswalk	morpheme_aligned
q:6:127:2	6:127	6:127	2	w-s006-a127-w001	6:127:1	m-w-s006-a127-w001-02	لَهُمْ		لـ	position_crosswalk	morpheme_aligned
q:6:127:3	6:127	6:127	3	w-s006-a127-w002	6:127:2	m-w-s006-a127-w002-01	دَارُ	د و ر	لـ	position_crosswalk	morpheme_aligned
q:6:127:4	6:127	6:127	4	w-s006-a127-w003	6:127:3	m-w-s006-a127-w003-02	السَّلَامِ	س ل م		position_crosswalk	morpheme_aligned
q:6:127:5	6:127	6:127	5	w-s006-a127-w004	6:127:4	m-w-s006-a127-w004-01	عِنْدَ	ع ن د		position_crosswalk	morpheme_aligned
q:6:127:6	6:127	6:127	6	w-s006-a127-w005	6:127:5	m-w-s006-a127-w005-01	رَبِّهِمْ	ر ب ب		position_crosswalk	morpheme_aligned
q:6:127:8	6:127	6:127	8	w-s006-a127-w006	6:127:6	m-w-s006-a127-w006-02	وَهُوَ			position_crosswalk	morpheme_aligned
q:6:127:9	6:127	6:127	9	w-s006-a127-w007	6:127:7	m-w-s006-a127-w007-01	وَلِيُّهُمْ	و ل ي	بـ	position_crosswalk	morpheme_aligned
q:6:127:10	6:127	6:127	10	w-s006-a127-w008	6:127:8	m-w-s006-a127-w008-01			بـ	position_crosswalk	morpheme_aligned
q:6:127:11	6:127	6:127	11	w-s006-a127-w008	6:127:8	m-w-s006-a127-w008-02	بِمَا		بـ	position_crosswalk	morpheme_aligned
q:6:127:12	6:127	6:127	12	w-s006-a127-w009	6:127:9	m-w-s006-a127-w009-01	كَانُوا	ك و ن		position_crosswalk	morpheme_aligned
q:6:127:13	6:127	6:127	13	w-s006-a127-w010	6:127:10	m-w-s006-a127-w010-01	يَعْمَلُونَ	ع م ل		position_crosswalk	morpheme_aligned
q:6:128:2	6:128	6:128	2	w-s006-a128-w001	6:128:1	m-w-s006-a128-w001-02	وَيَوْمَ	ي و م		position_crosswalk	morpheme_aligned
q:6:128:3	6:128	6:128	3	w-s006-a128-w002	6:128:2	m-w-s006-a128-w002-01;m-w-s006-a128-w002-02	يَحْشُرُهُمْ	ح ش ر		position_crosswalk	morpheme_aligned
q:6:128:4	6:128	6:128	4	w-s006-a128-w003	6:128:3	m-w-s006-a128-w003-01	جَمِيعَاً	ج م ع		position_crosswalk	morpheme_aligned
q:6:128:5	6:128	6:128	5	w-s006-a128-w004	6:128:4	m-w-s006-a128-w004-02	يَامَعْشَرَ			position_crosswalk	morpheme_aligned
q:6:128:6	6:128	6:128	6	w-s006-a128-w004	6:128:4	m-w-s006-a128-w004-02	يَامَعْشَرَ	ع ش ر		position_crosswalk	morpheme_aligned
q:6:128:7	6:128	6:128	7	w-s006-a128-w005	6:128:5	m-w-s006-a128-w005-02	الْجِنِّ	ج ن ن		position_crosswalk	morpheme_aligned
q:6:128:9	6:128	6:128	9	w-s006-a128-w007	6:128:7	m-w-s006-a128-w007-01	اسْتَكْثَرْتُمْ	ك ث ر	مِن	position_crosswalk	morpheme_aligned
q:6:128:10	6:128	6:128	10	w-s006-a128-w008	6:128:8	m-w-s006-a128-w008-01			مِن	position_crosswalk	morpheme_aligned
q:6:128:11	6:128	6:128	11	w-s006-a128-w009	6:128:9	m-w-s006-a128-w009-02	الْإِنْسِ	أ ن س	مِن	position_crosswalk	morpheme_aligned
q:6:128:13	6:128	6:128	13	w-s006-a128-w010	6:128:10	m-w-s006-a128-w010-02	وَقَالَ	ق و ل		position_crosswalk	morpheme_aligned
q:6:128:14	6:128	6:128	14	w-s006-a128-w011	6:128:11	m-w-s006-a128-w011-01	أَوْلِيَاؤُهُمْ	و ل ي	مِن	position_crosswalk	morpheme_aligned
q:6:128:15	6:128	6:128	15	w-s006-a128-w012	6:128:12	m-w-s006-a128-w012-01			مِن	position_crosswalk	morpheme_aligned
q:6:128:16	6:128	6:128	16	w-s006-a128-w013	6:128:13	m-w-s006-a128-w013-02	الْإِنْسِ	أ ن س	مِن	position_crosswalk	morpheme_aligned
q:6:128:17	6:128	6:128	17	w-s006-a128-w014	6:128:14	m-w-s006-a128-w014-01	رَبَّنَا	ر ب ب		position_crosswalk	morpheme_aligned
q:6:128:18	6:128	6:128	18	w-s006-a128-w015	6:128:15	m-w-s006-a128-w015-01	اسْتَمْتَعَ	م ت ع	بـ	position_crosswalk	morpheme_aligned
q:6:128:19	6:128	6:128	19	w-s006-a128-w016	6:128:16	m-w-s006-a128-w016-01	بَعْضُنَا	ب ع ض		position_crosswalk	morpheme_aligned
q:6:128:20	6:128	6:128	20	w-s006-a128-w016	6:128:16	m-w-s006-a128-w016-01			بـ	surface_root_sequence_fallback	morpheme_aligned
q:6:128:21	6:128	6:128	21	w-s006-a128-w016	6:128:16	m-w-s006-a128-w016-01	بِبَعْضٍ	ب ع ض	بـ	surface_root_sequence_fallback	morpheme_aligned
q:6:128:23	6:128	6:128	23	w-s006-a128-w018	6:128:18	m-w-s006-a128-w018-02	وَبَلَغْنَا	ب ل غ		position_crosswalk	morpheme_aligned
q:6:128:24	6:128	6:128	24	w-s006-a128-w019	6:128:19	m-w-s006-a128-w019-01	أَجَلَنَا	أ ج ل		position_crosswalk	morpheme_aligned
q:6:128:25	6:128	6:128	25	w-s006-a128-w020	6:128:20	m-w-s006-a128-w020-01	الَّذِي	ل ل ذ		position_crosswalk	morpheme_aligned
q:6:128:26	6:128	6:128	26	w-s006-a128-w021	6:128:21	m-w-s006-a128-w021-01	أَجَّلْتَ	أ ج ل	لـ	position_crosswalk	morpheme_aligned
q:6:128:27	6:128	6:128	27	w-s006-a128-w021	6:128:21	m-w-s006-a128-w021-02;m-w-s006-a128-w021-01			لـ	surface_root_sequence_fallback	morpheme_aligned
q:6:128:28	6:128	6:128	28	w-s006-a128-w023	6:128:23	m-w-s006-a128-w023-01	قَالَ	ق و ل		surface_root_sequence_fallback	morpheme_aligned
q:6:128:29	6:128	6:128	29	w-s006-a128-w024	6:128:24	m-w-s006-a128-w024-02	النَّارُ	ن و ر		surface_root_sequence_fallback	morpheme_aligned
q:6:128:30	6:128	6:128	30	w-s006-a128-w025	6:128:25	m-w-s006-a128-w025-01	مَثْوَاكُمْ	ث و ي		surface_root_sequence_fallback	morpheme_aligned
q:6:128:31	6:128	6:128	31	w-s006-a128-w026	6:128:26	m-w-s006-a128-w026-01	خَالِدِينَ	خ ل د	فِي	surface_root_sequence_fallback	morpheme_aligned
q:6:128:32	6:128	6:128	32	w-s006-a128-w027	6:128:27	m-w-s006-a128-w027-02;m-w-s006-a128-w027-01			فِي	surface_root_sequence_fallback	morpheme_aligned
q:6:128:34	6:128	6:128	34	w-s006-a128-w029	6:128:29	m-w-s006-a128-w029-01	مَا			surface_root_sequence_fallback	morpheme_aligned
q:6:128:35	6:128	6:128	35	w-s006-a128-w030	6:128:30	m-w-s006-a128-w030-01	شَاءَ	ش ي أ		surface_root_sequence_fallback	morpheme_aligned
q:6:128:36	6:128	6:128	36	w-s006-a128-w031	6:128:31	m-w-s006-a128-w031-01	اللَّهُ	أ ل ه		surface_root_sequence_fallback	morpheme_aligned
q:6:128:37	6:128	6:128	37	w-s006-a128-w032	6:128:32	m-w-s006-a128-w032-01	إِنَّ			surface_root_sequence_fallback	morpheme_aligned
q:6:128:38	6:128	6:128	38	w-s006-a128-w033	6:128:33	m-w-s006-a128-w033-01	رَبَّكَ	ر ب ب		surface_root_sequence_fallback	morpheme_aligned
q:6:128:39	6:128	6:128	39	w-s006-a128-w034	6:128:34	m-w-s006-a128-w034-01	حَكِيمٌ	ح ك م		surface_root_sequence_fallback	morpheme_aligned
q:6:128:40	6:128	6:128	40	w-s006-a128-w035	6:128:35	m-w-s006-a128-w035-01	عَلِيمٌ	ع ل م		surface_root_sequence_fallback	morpheme_aligned
q:6:129:2	6:129	6:129	2	w-s006-a129-w001	6:129:1	m-w-s006-a129-w001-02			كـ	position_crosswalk	morpheme_aligned
q:6:129:3	6:129	6:129	3	w-s006-a129-w001	6:129:1	m-w-s006-a129-w001-03	وَكَذَلِكَ		كـ	position_crosswalk	morpheme_aligned
q:6:129:4	6:129	6:129	4	w-s006-a129-w002	6:129:2	m-w-s006-a129-w002-01	نُوَلِّي	و ل ي	كـ;بـ	position_crosswalk	morpheme_aligned
q:6:129:5	6:129	6:129	5	w-s006-a129-w003	6:129:3	m-w-s006-a129-w003-01	بَعْضَ	ب ع ض		position_crosswalk	morpheme_aligned
q:6:129:6	6:129	6:129	6	w-s006-a129-w004	6:129:4	m-w-s006-a129-w004-02	الظَّالِمِينَ	ظ ل م		position_crosswalk	morpheme_aligned
q:6:129:7	6:129	6:129	7	w-s006-a129-w005	6:129:5	m-w-s006-a129-w005-01	بَعْضَاً	ب ع ض		position_crosswalk	morpheme_aligned
q:6:129:8	6:129	6:129	8	w-s006-a129-w005	6:129:5	m-w-s006-a129-w005-01			بـ	surface_root_sequence_fallback	morpheme_aligned
q:6:129:9	6:129	6:129	9	w-s006-a129-w006	6:129:6	m-w-s006-a129-w006-02	بِمَا		بـ	position_crosswalk	morpheme_aligned
q:6:129:10	6:129	6:129	10	w-s006-a129-w007	6:129:7	m-w-s006-a129-w007-01	كَانُوا	ك و ن		position_crosswalk	morpheme_aligned
q:6:129:11	6:129	6:129	11	w-s006-a129-w008	6:129:8	m-w-s006-a129-w008-01	يَكْسِبُونَ	ك س ب		position_crosswalk	morpheme_aligned
q:6:130:1	6:130	6:130	1	w-s006-a130-w001	6:130:1	m-w-s006-a130-w001-02	يَامَعْشَرَ			position_crosswalk	morpheme_aligned
q:6:130:2	6:130	6:130	2	w-s006-a130-w001	6:130:1	m-w-s006-a130-w001-02	يَامَعْشَرَ	ع ش ر		position_crosswalk	morpheme_aligned
q:6:130:3	6:130	6:130	3	w-s006-a130-w002	6:130:2	m-w-s006-a130-w002-02	الْجِنِّ	ج ن ن		position_crosswalk	morpheme_aligned
q:6:130:5	6:130	6:130	5	w-s006-a130-w003	6:130:3	m-w-s006-a130-w003-03	وَالْإِنْسِ	أ ن س		position_crosswalk	morpheme_aligned
q:6:130:7	6:130	6:130	7	w-s006-a130-w005	6:130:5	m-w-s006-a130-w005-01;m-w-s006-a130-w005-02	يَأْتِكُمْ	أ ت ي		surface_root_sequence_fallback	morpheme_aligned
q:6:130:8	6:130	6:130	8	w-s006-a130-w006	6:130:6	m-w-s006-a130-w006-01	رُسُلٌ	ر س ل	مِن	surface_root_sequence_fallback	morpheme_aligned
q:6:130:9	6:130	6:130	9	w-s006-a130-w007	6:130:7	m-w-s006-a130-w007-02;m-w-s006-a130-w007-01			مِن	surface_root_sequence_fallback	morpheme_aligned
q:6:130:10	6:130	6:130	10	w-s006-a130-w008	6:130:8	m-w-s006-a130-w008-01	يَقُصُّونَ	ق ص ص	عَلَى	surface_root_sequence_fallback	morpheme_aligned
q:6:130:11	6:130	6:130	11	w-s006-a130-w009	6:130:9	m-w-s006-a130-w009-02;m-w-s006-a130-w009-01			عَلَى	surface_root_sequence_fallback	morpheme_aligned
q:6:130:12	6:130	6:130	12	w-s006-a130-w010	6:130:10	m-w-s006-a130-w010-01	آيَاتِي	أ ي ي		surface_root_sequence_fallback	morpheme_aligned
q:6:130:14	6:130	6:130	14	w-s006-a130-w011	6:130:11	m-w-s006-a130-w011-02	وَيُنْذِرُونَكُمْ	ن ذ ر		position_crosswalk	morpheme_aligned
q:6:130:15	6:130	6:130	15	w-s006-a130-w012	6:130:12	m-w-s006-a130-w012-01	لِقَاءَ	ل ق ي		surface_root_sequence_fallback	morpheme_aligned
q:6:130:16	6:130	6:130	16	w-s006-a130-w013	6:130:13	m-w-s006-a130-w013-01	يَوْمِكُمْ	ي و م		surface_root_sequence_fallback	morpheme_aligned
q:6:130:17	6:130	6:130	17	w-s006-a130-w014	6:130:14	m-w-s006-a130-w014-01	هَذَا			surface_root_sequence_fallback	morpheme_aligned
q:6:130:18	6:130	6:130	18	w-s006-a130-w015	6:130:15	m-w-s006-a130-w015-01	قَالُوا	ق و ل		surface_root_sequence_fallback	morpheme_aligned
q:6:130:19	6:130	6:130	19	w-s006-a130-w016	6:130:16	m-w-s006-a130-w016-01	شَهِدْنَا	ش ه د	عَلَى	surface_root_sequence_fallback	morpheme_aligned
q:6:130:20	6:130	6:130	20	w-s006-a130-w017	6:130:17	m-w-s006-a130-w017-01			عَلَى	surface_root_sequence_fallback	morpheme_aligned
q:6:130:21	6:130	6:130	21	w-s006-a130-w018	6:130:18	m-w-s006-a130-w018-01	أَنْفُسِنَا	ن ف س	عَلَى	surface_root_sequence_fallback	morpheme_aligned
q:6:130:23	6:130	6:130	23	w-s006-a130-w019	6:130:19	m-w-s006-a130-w019-02;m-w-s006-a130-w019-03	وَغَرَّتْهُمُ	غ ر ر		position_crosswalk	morpheme_aligned
q:6:130:24	6:130	6:130	24	w-s006-a130-w020	6:130:20	m-w-s006-a130-w020-02	الْحَيَاةُ	ح ي ي		surface_root_sequence_fallback	morpheme_aligned
q:6:130:25	6:130	6:130	25	w-s006-a130-w021	6:130:21	m-w-s006-a130-w021-02	الدُّنْيَا	د ن و		surface_root_sequence_fallback	morpheme_aligned
q:6:130:27	6:130	6:130	27	w-s006-a130-w022	6:130:22	m-w-s006-a130-w022-02	وَشَهِدُوا	ش ه د	عَلَى	position_crosswalk	morpheme_aligned
q:6:130:28	6:130	6:130	28	w-s006-a130-w023	6:130:23	m-w-s006-a130-w023-01			عَلَى	surface_root_sequence_fallback	morpheme_aligned
q:6:130:29	6:130	6:130	29	w-s006-a130-w024	6:130:24	m-w-s006-a130-w024-01	أَنْفُسِهِمْ	ن ف س	عَلَى	surface_root_sequence_fallback	morpheme_aligned
q:6:130:30	6:130	6:130	30	w-s006-a130-w025	6:130:25	m-w-s006-a130-w025-01;m-w-s006-a130-w025-02	أَنَّهُمْ			surface_root_sequence_fallback	morpheme_aligned
q:6:130:31	6:130	6:130	31	w-s006-a130-w026	6:130:26	m-w-s006-a130-w026-01	كَانُوا	ك و ن		surface_root_sequence_fallback	morpheme_aligned
q:6:130:32	6:130	6:130	32	w-s006-a130-w027	6:130:27	m-w-s006-a130-w027-01	كَافِرِينَ	ك ف ر		surface_root_sequence_fallback	morpheme_aligned
q:6:131:4	6:131	6:131	4	w-s006-a131-w004	6:131:4	m-w-s006-a131-w004-01	يَكُنْ	ك و ن		position_crosswalk	morpheme_aligned
q:6:131:5	6:131	6:131	5	w-s006-a131-w005	6:131:5	m-w-s006-a131-w005-01	رَبُّكَ	ر ب ب		position_crosswalk	morpheme_aligned
q:6:131:6	6:131	6:131	6	w-s006-a131-w006	6:131:6	m-w-s006-a131-w006-01	مُهْلِكَ	ه ل ك	بـ	position_crosswalk	morpheme_aligned
q:6:131:7	6:131	6:131	7	w-s006-a131-w007	6:131:7	m-w-s006-a131-w007-02	الْقُرَى	ق ر ي		position_crosswalk	morpheme_aligned
q:6:131:8	6:131	6:131	8	w-s006-a131-w008	6:131:8	m-w-s006-a131-w008-01			بـ	position_crosswalk	morpheme_aligned
q:6:131:9	6:131	6:131	9	w-s006-a131-w008	6:131:8	m-w-s006-a131-w008-02	بِظُلْمٍ	ظ ل م	بـ	position_crosswalk	morpheme_aligned
q:6:131:11	6:131	6:131	11	w-s006-a131-w009	6:131:9	m-w-s006-a131-w009-02	وَأَهْلُهَا	أ ه ل		position_crosswalk	morpheme_aligned
q:6:131:12	6:131	6:131	12	w-s006-a131-w010	6:131:10	m-w-s006-a131-w010-01	غَافِلُونَ	غ ف ل		position_crosswalk	morpheme_aligned
q:6:132:2	6:132	6:132	2	w-s006-a132-w001	6:132:1	m-w-s006-a132-w001-02			لـ	position_crosswalk	morpheme_aligned
q:6:132:3	6:132	6:132	3	w-s006-a132-w001	6:132:1	m-w-s006-a132-w001-03	وَلِكُلٍّ	ك ل ل	لـ	position_crosswalk	morpheme_aligned
q:6:132:4	6:132	6:132	4	w-s006-a132-w002	6:132:2	m-w-s006-a132-w002-01	دَرَجَاتٌ	د ر ج	لـ;مِن	position_crosswalk	morpheme_aligned
q:6:132:5	6:132	6:132	5	w-s006-a132-w003	6:132:3	m-w-s006-a132-w003-01			مِن	position_crosswalk	morpheme_aligned
q:6:132:6	6:132	6:132	6	w-s006-a132-w004	6:132:4	m-w-s006-a132-w004-01	عَمِلُوا	ع م ل		position_crosswalk	morpheme_aligned
q:6:132:8	6:132	6:132	8	w-s006-a132-w005	6:132:5	m-w-s006-a132-w005-02	وَمَا		بـ	position_crosswalk	morpheme_aligned
q:6:132:9	6:132	6:132	9	w-s006-a132-w006	6:132:6	m-w-s006-a132-w006-01	رَبُّكَ	ر ب ب		position_crosswalk	morpheme_aligned
q:6:132:10	6:132	6:132	10	w-s006-a132-w006	6:132:6	m-w-s006-a132-w006-01			بـ	surface_root_sequence_fallback	morpheme_aligned
q:6:132:11	6:132	6:132	11	w-s006-a132-w007	6:132:7	m-w-s006-a132-w007-02	بِغَافِلٍ	غ ف ل	بـ;عَن	position_crosswalk	morpheme_aligned
q:6:132:12	6:132	6:132	12	w-s006-a132-w008	6:132:8	m-w-s006-a132-w008-01			عَن	position_crosswalk	morpheme_aligned
q:6:132:13	6:132	6:132	13	w-s006-a132-w009	6:132:9	m-w-s006-a132-w009-01	يَعْمَلُونَ	ع م ل		position_crosswalk	morpheme_aligned
q:6:133:2	6:133	6:133	2	w-s006-a133-w001	6:133:1	m-w-s006-a133-w001-02	وَرَبُّكَ	ر ب ب		position_crosswalk	morpheme_aligned
q:6:133:3	6:133	6:133	3	w-s006-a133-w002	6:133:2	m-w-s006-a133-w002-02	الْغَنِيُّ	غ ن ي		position_crosswalk	morpheme_aligned
q:6:133:4	6:133	6:133	4	w-s006-a133-w003	6:133:3	m-w-s006-a133-w003-01	ذُو	ذ و و		position_crosswalk	morpheme_aligned
q:6:133:5	6:133	6:133	5	w-s006-a133-w004	6:133:4	m-w-s006-a133-w004-02	الرَّحْمَةِ	ر ح م		position_crosswalk	morpheme_aligned
q:6:133:8	6:133	6:133	8	w-s006-a133-w007	6:133:7	m-w-s006-a133-w007-01;m-w-s006-a133-w007-02	يُذْهِبْكُمْ	ذ ه ب		position_crosswalk	morpheme_aligned
q:6:133:10	6:133	6:133	10	w-s006-a133-w008	6:133:8	m-w-s006-a133-w008-02	وَيَسْتَخْلِفْ	خ ل ف	مِن;كـ	position_crosswalk	morpheme_aligned
q:6:133:11	6:133	6:133	11	w-s006-a133-w009	6:133:9	m-w-s006-a133-w009-01			مِن	position_crosswalk	morpheme_aligned
q:6:133:12	6:133	6:133	12	w-s006-a133-w010	6:133:10	m-w-s006-a133-w010-01	بَعْدِكُمْ	ب ع د	مِن	position_crosswalk	morpheme_aligned
q:6:133:13	6:133	6:133	13	w-s006-a133-w011	6:133:11	m-w-s006-a133-w011-01	مَا			position_crosswalk	morpheme_aligned
q:6:133:15	6:133	6:133	15	w-s006-a133-w013	6:133:13	m-w-s006-a133-w013-01			كـ	position_crosswalk	morpheme_aligned
q:6:133:16	6:133	6:133	16	w-s006-a133-w013	6:133:13	m-w-s006-a133-w013-02			كـ	derived_morpheme_unit	morpheme_aligned
q:6:133:17	6:133	6:133	17	w-s006-a133-w014	6:133:14	m-w-s006-a133-w014-01;m-w-s006-a133-w014-02	أَنْشَأَكُمْ	ن ش أ	مِن	position_crosswalk	morpheme_aligned
q:6:133:18	6:133	6:133	18	w-s006-a133-w015	6:133:15	m-w-s006-a133-w015-01			مِن	position_crosswalk	morpheme_aligned
q:6:133:19	6:133	6:133	19	w-s006-a133-w016	6:133:16	m-w-s006-a133-w016-01	ذُرِّيَّةِ		مِن	position_crosswalk	morpheme_aligned
q:6:133:20	6:133	6:133	20	w-s006-a133-w017	6:133:17	m-w-s006-a133-w017-01	قَوْمٍ	ق و م		position_crosswalk	morpheme_aligned
q:6:133:21	6:133	6:133	21	w-s006-a133-w018	6:133:18	m-w-s006-a133-w018-01	آخَرِينَ	أ خ ر		position_crosswalk	morpheme_aligned
q:6:134:1	6:134	6:134	1	w-s006-a134-w001	6:134:1	m-w-s006-a134-w001-01	إِنَّ			position_crosswalk	morpheme_aligned
q:6:134:2	6:134	6:134	2	w-s006-a134-w002	6:134:2	m-w-s006-a134-w002-01	مَا			position_crosswalk	morpheme_aligned
q:6:134:3	6:134	6:134	3	w-s006-a134-w003	6:134:3	m-w-s006-a134-w003-01	تُوعَدُونَ	و ع د		position_crosswalk	morpheme_aligned
q:6:134:5	6:134	6:134	5	w-s006-a134-w004	6:134:4	m-w-s006-a134-w004-02	لَآتٍ	أ ت ي		position_crosswalk	morpheme_aligned
q:6:134:7	6:134	6:134	7	w-s006-a134-w005	6:134:5	m-w-s006-a134-w005-02	وَمَا		بـ	position_crosswalk	morpheme_aligned
q:6:134:8	6:134	6:134	8	w-s006-a134-w006	6:134:6	m-w-s006-a134-w006-01	أَنْتُمْ			position_crosswalk	morpheme_aligned
q:6:134:9	6:134	6:134	9	w-s006-a134-w007	6:134:7	m-w-s006-a134-w007-01			بـ	position_crosswalk	morpheme_aligned
q:6:134:10	6:134	6:134	10	w-s006-a134-w007	6:134:7	m-w-s006-a134-w007-02	بِمُعْجِزِينَ	ع ج ز	بـ	position_crosswalk	morpheme_aligned
q:6:135:1	6:135	6:135	1	w-s006-a135-w001	6:135:1	m-w-s006-a135-w001-01	قُلْ	ق ل ل		position_crosswalk	morpheme_aligned
q:6:135:2	6:135	6:135	2	w-s006-a135-w002	6:135:2	m-w-s006-a135-w002-02	يَاقَوْمِ			position_crosswalk	morpheme_aligned
q:6:135:3	6:135	6:135	3	w-s006-a135-w002	6:135:2	m-w-s006-a135-w002-02	يَاقَوْمِ	ق و م		position_crosswalk	morpheme_aligned
q:6:135:4	6:135	6:135	4	w-s006-a135-w003	6:135:3	m-w-s006-a135-w003-01	اعْمَلُوا	ع م ل	عَلَى	position_crosswalk	morpheme_aligned
q:6:135:5	6:135	6:135	5	w-s006-a135-w004	6:135:4	m-w-s006-a135-w004-01			عَلَى	position_crosswalk	morpheme_aligned
q:6:135:6	6:135	6:135	6	w-s006-a135-w005	6:135:5	m-w-s006-a135-w005-01	مَكَانَتِكُمْ	ك و ن	عَلَى	position_crosswalk	morpheme_aligned
q:6:135:7	6:135	6:135	7	w-s006-a135-w006	6:135:6	m-w-s006-a135-w006-01;m-w-s006-a135-w006-02	إِنِّي			position_crosswalk	morpheme_aligned
q:6:135:8	6:135	6:135	8	w-s006-a135-w007	6:135:7	m-w-s006-a135-w007-01	عَامِلٌ	ع م ل		position_crosswalk	morpheme_aligned
q:6:135:11	6:135	6:135	11	w-s006-a135-w009	6:135:9	m-w-s006-a135-w009-01	تَعْلَمُونَ	ع ل م		position_crosswalk	morpheme_aligned
q:6:135:12	6:135	6:135	12	w-s006-a135-w010	6:135:10	m-w-s006-a135-w010-01	مَنْ	م ن ن		position_crosswalk	morpheme_aligned
q:6:135:13	6:135	6:135	13	w-s006-a135-w011	6:135:11	m-w-s006-a135-w011-01	تَكُونُ	ك و ن	لـ	position_crosswalk	morpheme_aligned
q:6:135:14	6:135	6:135	14	w-s006-a135-w012	6:135:12	m-w-s006-a135-w012-02;m-w-s006-a135-w012-01			لـ	position_crosswalk	morpheme_aligned
q:6:135:15	6:135	6:135	15	w-s006-a135-w013	6:135:13	m-w-s006-a135-w013-01	عَاقِبَةُ	ع ق ب		surface_root_sequence_fallback	morpheme_aligned
q:6:135:16	6:135	6:135	16	w-s006-a135-w014	6:135:14	m-w-s006-a135-w014-02	الدَّارِ	د و ر		surface_root_sequence_fallback	morpheme_aligned
q:6:135:17	6:135	6:135	17	w-s006-a135-w014	6:135:14	m-w-s006-a135-w014-02	إِنَّهُ			derived_morpheme_unit	morpheme_aligned
q:6:135:19	6:135	6:135	19	w-s006-a135-w017	6:135:17	m-w-s006-a135-w017-01	يُفْلِحُ	ف ل ح		surface_root_sequence_fallback	morpheme_aligned
q:6:135:20	6:135	6:135	20	w-s006-a135-w018	6:135:18	m-w-s006-a135-w018-02	الظَّالِمُونَ	ظ ل م		surface_root_sequence_fallback	morpheme_aligned
q:6:136:2	6:136	6:136	2	w-s006-a136-w001	6:136:1	m-w-s006-a136-w001-02	وَجَعَلُوا	ج ع ل	لـ	position_crosswalk	morpheme_aligned
q:6:136:3	6:136	6:136	3	w-s006-a136-w002	6:136:2	m-w-s006-a136-w002-01			لـ	position_crosswalk	morpheme_aligned
q:6:136:4	6:136	6:136	4	w-s006-a136-w002	6:136:2	m-w-s006-a136-w002-02	لِلَّهِ	أ ل ه	لـ	position_crosswalk	morpheme_aligned
q:6:136:5	6:136	6:136	5	w-s006-a136-w003	6:136:3	m-w-s006-a136-w003-01			مِن	position_crosswalk	morpheme_aligned
q:6:136:6	6:136	6:136	6	w-s006-a136-w004	6:136:4	m-w-s006-a136-w004-01	ذَرَأَ	ذ ر أ	مِن	position_crosswalk	morpheme_aligned
q:6:136:7	6:136	6:136	7	w-s006-a136-w005	6:136:5	m-w-s006-a136-w005-01			مِن	position_crosswalk	morpheme_aligned
q:6:136:8	6:136	6:136	8	w-s006-a136-w006	6:136:6	m-w-s006-a136-w006-02	الْحَرْثِ	ح ر ث	مِن	position_crosswalk	morpheme_aligned
q:6:136:10	6:136	6:136	10	w-s006-a136-w007	6:136:7	m-w-s006-a136-w007-03	وَالْأَنْعَامِ	ن ع م		position_crosswalk	morpheme_aligned
q:6:136:11	6:136	6:136	11	w-s006-a136-w008	6:136:8	m-w-s006-a136-w008-01	نَصِيبَاً	ن ص ب	مِن	position_crosswalk	morpheme_aligned
q:6:136:13	6:136	6:136	13	w-s006-a136-w009	6:136:9	m-w-s006-a136-w009-02	فَقَالُوا	ق و ل	بـ	position_crosswalk	morpheme_aligned
q:6:136:14	6:136	6:136	14	w-s006-a136-w010	6:136:10	m-w-s006-a136-w010-01	هَذَا		لـ	position_crosswalk	morpheme_aligned
q:6:136:15	6:136	6:136	15	w-s006-a136-w011	6:136:11	m-w-s006-a136-w011-01			لـ	position_crosswalk	morpheme_aligned
q:6:136:16	6:136	6:136	16	w-s006-a136-w011	6:136:11	m-w-s006-a136-w011-02	لِلَّهِ	أ ل ه	لـ	position_crosswalk	morpheme_aligned
q:6:136:17	6:136	6:136	17	w-s006-a136-w012	6:136:12	m-w-s006-a136-w012-01			بـ	position_crosswalk	morpheme_aligned
q:6:136:18	6:136	6:136	18	w-s006-a136-w012	6:136:12	m-w-s006-a136-w012-02	بِزَعْمِهِمْ	ز ع م	بـ	position_crosswalk	morpheme_aligned
q:6:136:20	6:136	6:136	20	w-s006-a136-w013	6:136:13	m-w-s006-a136-w013-02	وَهَذَا		لـ	position_crosswalk	morpheme_aligned
q:6:136:21	6:136	6:136	21	w-s006-a136-w014	6:136:14	m-w-s006-a136-w014-01			لـ	position_crosswalk	morpheme_aligned
q:6:136:22	6:136	6:136	22	w-s006-a136-w014	6:136:14	m-w-s006-a136-w014-02	لِشُرَكَائِنَا	ش ر ك	لـ	position_crosswalk	morpheme_aligned
q:6:136:24	6:136	6:136	24	w-s006-a136-w015	6:136:15	m-w-s006-a136-w015-02	فَمَا			position_crosswalk	morpheme_aligned
q:6:136:25	6:136	6:136	25	w-s006-a136-w016	6:136:16	m-w-s006-a136-w016-01	كَانَ	ك و ن	لـ	position_crosswalk	morpheme_aligned
q:6:136:26	6:136	6:136	26	w-s006-a136-w017	6:136:17	m-w-s006-a136-w017-01			لـ	position_crosswalk	morpheme_aligned
q:6:136:27	6:136	6:136	27	w-s006-a136-w017	6:136:17	m-w-s006-a136-w017-02	لِشُرَكَائِهِمْ	ش ر ك	لـ	position_crosswalk	morpheme_aligned
q:6:136:30	6:136	6:136	30	w-s006-a136-w019	6:136:19	m-w-s006-a136-w019-01	يَصِلُ	ص ل ي	إِلَى	position_crosswalk	morpheme_aligned
q:6:136:31	6:136	6:136	31	w-s006-a136-w020	6:136:20	m-w-s006-a136-w020-01			إِلَى	position_crosswalk	morpheme_aligned
q:6:136:32	6:136	6:136	32	w-s006-a136-w021	6:136:21	m-w-s006-a136-w021-01	اللَّهِ	أ ل ه	إِلَى	position_crosswalk	morpheme_aligned
q:6:136:34	6:136	6:136	34	w-s006-a136-w022	6:136:22	m-w-s006-a136-w022-02	وَمَا			position_crosswalk	morpheme_aligned
q:6:136:35	6:136	6:136	35	w-s006-a136-w023	6:136:23	m-w-s006-a136-w023-01	كَانَ	ك و ن	لـ	position_crosswalk	morpheme_aligned
q:6:136:36	6:136	6:136	36	w-s006-a136-w024	6:136:24	m-w-s006-a136-w024-01			لـ	position_crosswalk	morpheme_aligned
q:6:136:37	6:136	6:136	37	w-s006-a136-w024	6:136:24	m-w-s006-a136-w024-02	لِلَّهِ	أ ل ه	لـ	position_crosswalk	morpheme_aligned
q:6:136:39	6:136	6:136	39	w-s006-a136-w025	6:136:25	m-w-s006-a136-w025-02	فَهُوَ			position_crosswalk	morpheme_aligned
q:6:136:40	6:136	6:136	40	w-s006-a136-w026	6:136:26	m-w-s006-a136-w026-01	يَصِلُ	ص ل ي	إِلَى	position_crosswalk	morpheme_aligned
q:6:136:41	6:136	6:136	41	w-s006-a136-w027	6:136:27	m-w-s006-a136-w027-01			إِلَى	position_crosswalk	morpheme_aligned
q:6:136:42	6:136	6:136	42	w-s006-a136-w028	6:136:28	m-w-s006-a136-w028-01	شُرَكَائِهِمْ	ش ر ك	إِلَى	position_crosswalk	morpheme_aligned
q:6:136:43	6:136	6:136	43	w-s006-a136-w029	6:136:29	m-w-s006-a136-w029-01	سَاءَ	س و أ		position_crosswalk	morpheme_aligned
q:6:136:44	6:136	6:136	44	w-s006-a136-w030	6:136:30	m-w-s006-a136-w030-01	مَا			position_crosswalk	morpheme_aligned
q:6:136:45	6:136	6:136	45	w-s006-a136-w031	6:136:31	m-w-s006-a136-w031-01	يَحْكُمُونَ	ح ك م		position_crosswalk	morpheme_aligned
q:6:137:2	6:137	6:137	2	w-s006-a137-w001	6:137:1	m-w-s006-a137-w001-02			كـ	position_crosswalk	morpheme_aligned
q:6:137:3	6:137	6:137	3	w-s006-a137-w001	6:137:1	m-w-s006-a137-w001-03	وَكَذَلِكَ		كـ	position_crosswalk	morpheme_aligned
q:6:137:4	6:137	6:137	4	w-s006-a137-w002	6:137:2	m-w-s006-a137-w002-01	زَيَّنَ	ز ي ن	كـ;لـ	position_crosswalk	morpheme_aligned
q:6:137:5	6:137	6:137	5	w-s006-a137-w003	6:137:3	m-w-s006-a137-w003-01			لـ	position_crosswalk	morpheme_aligned
q:6:137:6	6:137	6:137	6	w-s006-a137-w003	6:137:3	m-w-s006-a137-w003-02	لِكَثِيرٍ	ك ث ر	لـ;مِن	position_crosswalk	morpheme_aligned
q:6:137:7	6:137	6:137	7	w-s006-a137-w004	6:137:4	m-w-s006-a137-w004-01			مِن	position_crosswalk	morpheme_aligned
q:6:137:8	6:137	6:137	8	w-s006-a137-w005	6:137:5	m-w-s006-a137-w005-02	الْمُشْرِكِينَ	ش ر ك	مِن	position_crosswalk	morpheme_aligned
q:6:137:9	6:137	6:137	9	w-s006-a137-w006	6:137:6	m-w-s006-a137-w006-01	قَتْلَ	ق ت ل		position_crosswalk	morpheme_aligned
q:6:137:10	6:137	6:137	10	w-s006-a137-w007	6:137:7	m-w-s006-a137-w007-01	أَوْلَادِهِمْ	و ل د		position_crosswalk	morpheme_aligned
q:6:137:11	6:137	6:137	11	w-s006-a137-w008	6:137:8	m-w-s006-a137-w008-01	شُرَكَاؤُهُمْ	ش ر ك		position_crosswalk	morpheme_aligned
q:6:137:13	6:137	6:137	13	w-s006-a137-w009	6:137:9	m-w-s006-a137-w009-02	لِيُرْدُوهُمْ	ر د ي		position_crosswalk	morpheme_aligned
q:6:137:16	6:137	6:137	16	w-s006-a137-w010	6:137:10	m-w-s006-a137-w010-03	وَلِيَلْبِسُوا	ل ب س	عَلَى	position_crosswalk	morpheme_aligned
q:6:137:17	6:137	6:137	17	w-s006-a137-w011	6:137:11	m-w-s006-a137-w011-02;m-w-s006-a137-w011-01			عَلَى	position_crosswalk	morpheme_aligned
q:6:137:18	6:137	6:137	18	w-s006-a137-w012	6:137:12	m-w-s006-a137-w012-01	دِينَهُمْ	د ي ن		position_crosswalk	morpheme_aligned
q:6:137:21	6:137	6:137	21	w-s006-a137-w014	6:137:14	m-w-s006-a137-w014-01	شَاءَ	ش ي أ		position_crosswalk	morpheme_aligned
q:6:137:22	6:137	6:137	22	w-s006-a137-w015	6:137:15	m-w-s006-a137-w015-01	اللَّهُ	أ ل ه		position_crosswalk	morpheme_aligned
q:6:137:24	6:137	6:137	24	w-s006-a137-w017	6:137:17	m-w-s006-a137-w017-01	فَعَلُوهُ	ف ع ل		position_crosswalk	morpheme_aligned
q:6:137:26	6:137	6:137	26	w-s006-a137-w018	6:137:18	m-w-s006-a137-w018-02;m-w-s006-a137-w018-03	فَذَرْهُمْ	و ذ ر		position_crosswalk	morpheme_aligned
q:6:137:28	6:137	6:137	28	w-s006-a137-w019	6:137:19	m-w-s006-a137-w019-02	وَمَا			position_crosswalk	morpheme_aligned
q:6:137:29	6:137	6:137	29	w-s006-a137-w020	6:137:20	m-w-s006-a137-w020-01	يَفْتَرُونَ	ف ت ر		position_crosswalk	morpheme_aligned
q:6:138:2	6:138	6:138	2	w-s006-a138-w001	6:138:1	m-w-s006-a138-w001-02	وَقَالُوا	ق و ل		position_crosswalk	morpheme_aligned
q:6:138:3	6:138	6:138	3	w-s006-a138-w002	6:138:2	m-w-s006-a138-w002-01	هَذِهِ			position_crosswalk	morpheme_aligned
q:6:138:4	6:138	6:138	4	w-s006-a138-w003	6:138:3	m-w-s006-a138-w003-01	أَنْعَامٌ	ن ع م		position_crosswalk	morpheme_aligned
q:6:138:6	6:138	6:138	6	w-s006-a138-w004	6:138:4	m-w-s006-a138-w004-02	وَحَرْثٌ	ح ر ث		position_crosswalk	morpheme_aligned
q:6:138:7	6:138	6:138	7	w-s006-a138-w005	6:138:5	m-w-s006-a138-w005-01	حِجْرٌ	ح ج ر		position_crosswalk	morpheme_aligned
q:6:138:9	6:138	6:138	9	w-s006-a138-w007	6:138:7	m-w-s006-a138-w007-01;m-w-s006-a138-w007-02	يَطْعَمُهَا	ط ع م	بـ	position_crosswalk	morpheme_aligned
q:6:138:11	6:138	6:138	11	w-s006-a138-w009	6:138:9	m-w-s006-a138-w009-01	مَنْ	م ن ن		position_crosswalk	morpheme_aligned
q:6:138:12	6:138	6:138	12	w-s006-a138-w010	6:138:10	m-w-s006-a138-w010-01	نَشَاءُ	ش ي أ		position_crosswalk	morpheme_aligned
q:6:138:13	6:138	6:138	13	w-s006-a138-w011	6:138:11	m-w-s006-a138-w011-01			بـ	position_crosswalk	morpheme_aligned
q:6:138:14	6:138	6:138	14	w-s006-a138-w011	6:138:11	m-w-s006-a138-w011-02	بِزَعْمِهِمْ	ز ع م	بـ	position_crosswalk	morpheme_aligned
q:6:138:16	6:138	6:138	16	w-s006-a138-w012	6:138:12	m-w-s006-a138-w012-02	وَأَنْعَامٌ	ن ع م		position_crosswalk	morpheme_aligned
q:6:138:17	6:138	6:138	17	w-s006-a138-w013	6:138:13	m-w-s006-a138-w013-01	حُرِّمَتْ	ح ر م		position_crosswalk	morpheme_aligned
q:6:138:18	6:138	6:138	18	w-s006-a138-w014	6:138:14	m-w-s006-a138-w014-01	ظُهُورُهَا	ظ ه ر		position_crosswalk	morpheme_aligned
q:6:138:20	6:138	6:138	20	w-s006-a138-w015	6:138:15	m-w-s006-a138-w015-02	وَأَنْعَامٌ	ن ع م		position_crosswalk	morpheme_aligned
q:6:138:22	6:138	6:138	22	w-s006-a138-w017	6:138:17	m-w-s006-a138-w017-01	يَذْكُرُونَ	ذ ك ر	عَلَى	position_crosswalk	morpheme_aligned
q:6:138:23	6:138	6:138	23	w-s006-a138-w018	6:138:18	m-w-s006-a138-w018-01	اسْمَ	س م و		position_crosswalk	morpheme_aligned
q:6:138:24	6:138	6:138	24	w-s006-a138-w019	6:138:19	m-w-s006-a138-w019-01	اللَّهِ	أ ل ه		position_crosswalk	morpheme_aligned
q:6:138:25	6:138	6:138	25	w-s006-a138-w020	6:138:20	m-w-s006-a138-w020-02;m-w-s006-a138-w020-01			عَلَى	position_crosswalk	morpheme_aligned
q:6:138:26	6:138	6:138	26	w-s006-a138-w021	6:138:21	m-w-s006-a138-w021-01	افْتِرَاءً	ف ر ي	عَلَى	position_crosswalk	morpheme_aligned
q:6:138:27	6:138	6:138	27	w-s006-a138-w022	6:138:22	m-w-s006-a138-w022-02;m-w-s006-a138-w022-01			عَلَى	position_crosswalk	morpheme_aligned
q:6:138:28	6:138	6:138	28	w-s006-a138-w023	6:138:23	m-w-s006-a138-w023-02;m-w-s006-a138-w023-03	سَيَجْزِيهِمْ	ج ز ي	بـ	position_crosswalk	morpheme_aligned
q:6:138:29	6:138	6:138	29	w-s006-a138-w024	6:138:24	m-w-s006-a138-w024-01			بـ	surface_root_sequence_fallback	morpheme_aligned
q:6:138:30	6:138	6:138	30	w-s006-a138-w024	6:138:24	m-w-s006-a138-w024-02	بِمَا		بـ	position_crosswalk	morpheme_aligned
q:6:138:31	6:138	6:138	31	w-s006-a138-w025	6:138:25	m-w-s006-a138-w025-01	كَانُوا	ك و ن		surface_root_sequence_fallback	morpheme_aligned
q:6:138:32	6:138	6:138	32	w-s006-a138-w026	6:138:26	m-w-s006-a138-w026-01	يَفْتَرُونَ	ف ت ر		surface_root_sequence_fallback	morpheme_aligned
q:6:139:2	6:139	6:139	2	w-s006-a139-w001	6:139:1	m-w-s006-a139-w001-02	وَقَالُوا	ق و ل		position_crosswalk	morpheme_aligned
q:6:139:3	6:139	6:139	3	w-s006-a139-w002	6:139:2	m-w-s006-a139-w002-01	مَا		فِي	position_crosswalk	morpheme_aligned
q:6:139:4	6:139	6:139	4	w-s006-a139-w003	6:139:3	m-w-s006-a139-w003-01			فِي	position_crosswalk	morpheme_aligned
q:6:139:5	6:139	6:139	5	w-s006-a139-w004	6:139:4	m-w-s006-a139-w004-01	بُطُونِ	ب ط ن	فِي	position_crosswalk	morpheme_aligned
q:6:139:6	6:139	6:139	6	w-s006-a139-w005	6:139:5	m-w-s006-a139-w005-01	هَذِهِ			position_crosswalk	morpheme_aligned
q:6:139:7	6:139	6:139	7	w-s006-a139-w006	6:139:6	m-w-s006-a139-w006-02	الْأَنْعَامِ	ن ع م		position_crosswalk	morpheme_aligned
q:6:139:8	6:139	6:139	8	w-s006-a139-w007	6:139:7	m-w-s006-a139-w007-01	خَالِصَةٌ	خ ل ص	لـ	position_crosswalk	morpheme_aligned
q:6:139:9	6:139	6:139	9	w-s006-a139-w007	6:139:7	m-w-s006-a139-w007-01			لـ	surface_root_sequence_fallback	morpheme_aligned
q:6:139:10	6:139	6:139	10	w-s006-a139-w008	6:139:8	m-w-s006-a139-w008-02	لِذُكُورِنَا	ذ ك ر	لـ	position_crosswalk	morpheme_aligned
q:6:139:12	6:139	6:139	12	w-s006-a139-w009	6:139:9	m-w-s006-a139-w009-02	وَمُحَرَّمٌ	ح ر م	عَلَى	position_crosswalk	morpheme_aligned
q:6:139:13	6:139	6:139	13	w-s006-a139-w010	6:139:10	m-w-s006-a139-w010-01			عَلَى	position_crosswalk	morpheme_aligned
q:6:139:14	6:139	6:139	14	w-s006-a139-w011	6:139:11	m-w-s006-a139-w011-01	أَزْوَاجِنَا	ز و ج	عَلَى	position_crosswalk	morpheme_aligned
q:6:139:17	6:139	6:139	17	w-s006-a139-w013	6:139:13	m-w-s006-a139-w013-01	يَكُنْ	ك و ن		position_crosswalk	morpheme_aligned
q:6:139:18	6:139	6:139	18	w-s006-a139-w014	6:139:14	m-w-s006-a139-w014-01	مَيْتَةً	م و ت		position_crosswalk	morpheme_aligned
q:6:139:20	6:139	6:139	20	w-s006-a139-w015	6:139:15	m-w-s006-a139-w015-02	فَهُمْ			position_crosswalk	morpheme_aligned
q:6:139:21	6:139	6:139	21	w-s006-a139-w016	6:139:16	m-w-s006-a139-w016-02;m-w-s006-a139-w016-01			فِي	position_crosswalk	morpheme_aligned
q:6:139:22	6:139	6:139	22	w-s006-a139-w017	6:139:17	m-w-s006-a139-w017-01	شُرَكَاءُ	ش ر ك	فِي	position_crosswalk	morpheme_aligned
q:6:139:23	6:139	6:139	23	w-s006-a139-w018	6:139:18	m-w-s006-a139-w018-02;m-w-s006-a139-w018-03	سَيَجْزِيهِمْ	ج ز ي		position_crosswalk	morpheme_aligned
q:6:139:24	6:139	6:139	24	w-s006-a139-w019	6:139:19	m-w-s006-a139-w019-01	وَصْفَهُمْ	و ص ف		surface_root_sequence_fallback	morpheme_aligned
q:6:139:25	6:139	6:139	25	w-s006-a139-w020	6:139:20	m-w-s006-a139-w020-01;m-w-s006-a139-w020-02	إِنَّهُ			surface_root_sequence_fallback	morpheme_aligned
q:6:139:26	6:139	6:139	26	w-s006-a139-w021	6:139:21	m-w-s006-a139-w021-01	حَكِيمٌ	ح ك م		surface_root_sequence_fallback	morpheme_aligned
q:6:139:27	6:139	6:139	27	w-s006-a139-w022	6:139:22	m-w-s006-a139-w022-01	عَلِيمٌ	ع ل م		surface_root_sequence_fallback	morpheme_aligned
q:6:140:2	6:140	6:140	2	w-s006-a140-w002	6:140:2	m-w-s006-a140-w002-01	خَسِرَ	خ س ر		position_crosswalk	morpheme_aligned
q:6:140:3	6:140	6:140	3	w-s006-a140-w003	6:140:3	m-w-s006-a140-w003-01	الَّذِينَ	ل ل ذ		position_crosswalk	morpheme_aligned
q:6:140:4	6:140	6:140	4	w-s006-a140-w004	6:140:4	m-w-s006-a140-w004-01	قَتَلُوا	ق ت ل	بـ	position_crosswalk	morpheme_aligned
q:6:140:5	6:140	6:140	5	w-s006-a140-w005	6:140:5	m-w-s006-a140-w005-01	أَوْلَادَهُمْ	و ل د		position_crosswalk	morpheme_aligned
q:6:140:6	6:140	6:140	6	w-s006-a140-w006	6:140:6	m-w-s006-a140-w006-01	سَفَهَاً	س ف ه		position_crosswalk	morpheme_aligned
q:6:140:7	6:140	6:140	7	w-s006-a140-w007	6:140:7	m-w-s006-a140-w007-01			بـ	position_crosswalk	morpheme_aligned
q:6:140:8	6:140	6:140	8	w-s006-a140-w007	6:140:7	m-w-s006-a140-w007-02	بِغَيْرِ	غ ي ر	بـ	position_crosswalk	morpheme_aligned
q:6:140:9	6:140	6:140	9	w-s006-a140-w008	6:140:8	m-w-s006-a140-w008-01	عِلْمٍ	ع ل م		position_crosswalk	morpheme_aligned
q:6:140:11	6:140	6:140	11	w-s006-a140-w009	6:140:9	m-w-s006-a140-w009-02	وَحَرَّمُوا	ح ر م		position_crosswalk	morpheme_aligned
q:6:140:12	6:140	6:140	12	w-s006-a140-w010	6:140:10	m-w-s006-a140-w010-01	مَا			position_crosswalk	morpheme_aligned
q:6:140:13	6:140	6:140	13	w-s006-a140-w011	6:140:11	m-w-s006-a140-w011-01;m-w-s006-a140-w011-02	رَزَقَهُمُ	ر ز ق		position_crosswalk	morpheme_aligned
q:6:140:14	6:140	6:140	14	w-s006-a140-w012	6:140:12	m-w-s006-a140-w012-01	اللَّهُ	أ ل ه		position_crosswalk	morpheme_aligned
q:6:140:15	6:140	6:140	15	w-s006-a140-w013	6:140:13	m-w-s006-a140-w013-01	افْتِرَاءً	ف ر ي	عَلَى	position_crosswalk	morpheme_aligned
q:6:140:16	6:140	6:140	16	w-s006-a140-w014	6:140:14	m-w-s006-a140-w014-01			عَلَى	position_crosswalk	morpheme_aligned
q:6:140:17	6:140	6:140	17	w-s006-a140-w015	6:140:15	m-w-s006-a140-w015-01	اللَّهِ	أ ل ه	عَلَى	position_crosswalk	morpheme_aligned
q:6:140:19	6:140	6:140	19	w-s006-a140-w017	6:140:17	m-w-s006-a140-w017-01	ضَلُّوا	ض ل ل		position_crosswalk	morpheme_aligned
q:6:140:22	6:140	6:140	22	w-s006-a140-w019	6:140:19	m-w-s006-a140-w019-01	كَانُوا	ك و ن		position_crosswalk	morpheme_aligned
q:6:140:23	6:140	6:140	23	w-s006-a140-w020	6:140:20	m-w-s006-a140-w020-01	مُهْتَدِينَ	ه د ي		position_crosswalk	morpheme_aligned
q:6:141:2	6:141	6:141	2	w-s006-a141-w001	6:141:1	m-w-s006-a141-w001-02	وَهُوَ			position_crosswalk	morpheme_aligned
q:6:141:3	6:141	6:141	3	w-s006-a141-w002	6:141:2	m-w-s006-a141-w002-01	الَّذِي	ل ل ذ		position_crosswalk	morpheme_aligned
q:6:141:4	6:141	6:141	4	w-s006-a141-w003	6:141:3	m-w-s006-a141-w003-01	أَنْشَأَ	ن ش أ		position_crosswalk	morpheme_aligned
q:6:141:5	6:141	6:141	5	w-s006-a141-w004	6:141:4	m-w-s006-a141-w004-01	جَنَّاتٍ	ج ن ن		position_crosswalk	morpheme_aligned
q:6:141:6	6:141	6:141	6	w-s006-a141-w005	6:141:5	m-w-s006-a141-w005-01	مَعْرُوشَاتٍ	ع ر ش		position_crosswalk	morpheme_aligned
q:6:141:8	6:141	6:141	8	w-s006-a141-w006	6:141:6	m-w-s006-a141-w006-02	وَغَيْرَ	غ ي ر		position_crosswalk	morpheme_aligned
q:6:141:9	6:141	6:141	9	w-s006-a141-w007	6:141:7	m-w-s006-a141-w007-01	مَعْرُوشَاتٍ	ع ر ش		position_crosswalk	morpheme_aligned
q:6:141:11	6:141	6:141	11	w-s006-a141-w008	6:141:8	m-w-s006-a141-w008-03	وَالنَّخْلَ	ن خ ل		position_crosswalk	morpheme_aligned
q:6:141:13	6:141	6:141	13	w-s006-a141-w009	6:141:9	m-w-s006-a141-w009-03	وَالزَّرْعَ	ز ر ع		position_crosswalk	morpheme_aligned
q:6:141:14	6:141	6:141	14	w-s006-a141-w010	6:141:10	m-w-s006-a141-w010-01	مُخْتَلِفَاً	خ ل ف		position_crosswalk	morpheme_aligned
q:6:141:15	6:141	6:141	15	w-s006-a141-w011	6:141:11	m-w-s006-a141-w011-01	أُكُلُهُ	أ ك ل		position_crosswalk	morpheme_aligned
q:6:141:17	6:141	6:141	17	w-s006-a141-w012	6:141:12	m-w-s006-a141-w012-03	وَالزَّيْتُونَ	ز ي ت		position_crosswalk	morpheme_aligned
q:6:141:19	6:141	6:141	19	w-s006-a141-w013	6:141:13	m-w-s006-a141-w013-03	وَالرُّمَّانَ	ر م ن		position_crosswalk	morpheme_aligned
q:6:141:20	6:141	6:141	20	w-s006-a141-w014	6:141:14	m-w-s006-a141-w014-01	مُتَشَابِهَاً	ش ب ه		position_crosswalk	morpheme_aligned
q:6:141:22	6:141	6:141	22	w-s006-a141-w015	6:141:15	m-w-s006-a141-w015-02	وَغَيْرَ	غ ي ر		position_crosswalk	morpheme_aligned
q:6:141:23	6:141	6:141	23	w-s006-a141-w016	6:141:16	m-w-s006-a141-w016-01	مُتَشَابِهٍ	ش ب ه		position_crosswalk	morpheme_aligned
q:6:141:24	6:141	6:141	24	w-s006-a141-w017	6:141:17	m-w-s006-a141-w017-01	كُلُوا	ك ل ل	مِن	position_crosswalk	morpheme_aligned
q:6:141:25	6:141	6:141	25	w-s006-a141-w018	6:141:18	m-w-s006-a141-w018-01			مِن	position_crosswalk	morpheme_aligned
q:6:141:26	6:141	6:141	26	w-s006-a141-w019	6:141:19	m-w-s006-a141-w019-01	ثَمَرِهِ	ث م ر	مِن	position_crosswalk	morpheme_aligned
q:6:141:27	6:141	6:141	27	w-s006-a141-w020	6:141:20	m-w-s006-a141-w020-01	إِذَا	أ ذ ي		position_crosswalk	morpheme_aligned
q:6:141:30	6:141	6:141	30	w-s006-a141-w022	6:141:22	m-w-s006-a141-w022-02	وَآتُوا	أ ت ي		position_crosswalk	morpheme_aligned
q:6:141:31	6:141	6:141	31	w-s006-a141-w023	6:141:23	m-w-s006-a141-w023-01	حَقَّهُ	ح ق ق		position_crosswalk	morpheme_aligned
q:6:141:32	6:141	6:141	32	w-s006-a141-w024	6:141:24	m-w-s006-a141-w024-01	يَوْمَ	ي و م		position_crosswalk	morpheme_aligned
q:6:141:33	6:141	6:141	33	w-s006-a141-w025	6:141:25	m-w-s006-a141-w025-01	حَصَادِهِ	ح ص د		position_crosswalk	morpheme_aligned
q:6:141:36	6:141	6:141	36	w-s006-a141-w027	6:141:27	m-w-s006-a141-w027-01	تُسْرِفُوا	س ر ف		position_crosswalk	morpheme_aligned
q:6:141:37	6:141	6:141	37	w-s006-a141-w028	6:141:28	m-w-s006-a141-w028-01;m-w-s006-a141-w028-02	إِنَّهُ			derived_morpheme_unit	morpheme_aligned
q:6:141:39	6:141	6:141	39	w-s006-a141-w030	6:141:30	m-w-s006-a141-w030-01	يُحِبُّ	ح ب ب		position_crosswalk	morpheme_aligned
q:6:141:40	6:141	6:141	40	w-s006-a141-w031	6:141:31	m-w-s006-a141-w031-02	الْمُسْرِفِينَ	س ر ف		position_crosswalk	morpheme_aligned
q:6:142:2	6:142	6:142	2	w-s006-a142-w001	6:142:1	m-w-s006-a142-w001-02			مِن	position_crosswalk	morpheme_aligned
q:6:142:3	6:142	6:142	3	w-s006-a142-w002	6:142:2	m-w-s006-a142-w002-02	الْأَنْعَامِ	ن ع م	مِن	position_crosswalk	morpheme_aligned
q:6:142:4	6:142	6:142	4	w-s006-a142-w003	6:142:3	m-w-s006-a142-w003-01	حَمُولَةً	ح م ل	مِن	position_crosswalk	morpheme_aligned
q:6:142:6	6:142	6:142	6	w-s006-a142-w004	6:142:4	m-w-s006-a142-w004-02	وَفَرْشَاً	ف ر ش		position_crosswalk	morpheme_aligned
q:6:142:7	6:142	6:142	7	w-s006-a142-w005	6:142:5	m-w-s006-a142-w005-01	كُلُوا	ك ل ل	مِن	position_crosswalk	morpheme_aligned
q:6:142:8	6:142	6:142	8	w-s006-a142-w006	6:142:6	m-w-s006-a142-w006-01			مِن	position_crosswalk	morpheme_aligned
q:6:142:9	6:142	6:142	9	w-s006-a142-w007	6:142:7	m-w-s006-a142-w007-01;m-w-s006-a142-w007-02	رَزَقَكُمُ	ر ز ق		position_crosswalk	morpheme_aligned
q:6:142:10	6:142	6:142	10	w-s006-a142-w008	6:142:8	m-w-s006-a142-w008-01	اللَّهُ	أ ل ه		position_crosswalk	morpheme_aligned
q:6:142:13	6:142	6:142	13	w-s006-a142-w010	6:142:10	m-w-s006-a142-w010-01	تَتَّبِعُوا	ت ب ع		position_crosswalk	morpheme_aligned
q:6:142:14	6:142	6:142	14	w-s006-a142-w011	6:142:11	m-w-s006-a142-w011-01	خُطُوَاتِ	خ ط و		position_crosswalk	morpheme_aligned
q:6:142:15	6:142	6:142	15	w-s006-a142-w012	6:142:12	m-w-s006-a142-w012-02	الشَّيْطَانِ	ش ط ن		position_crosswalk	morpheme_aligned
q:6:142:16	6:142	6:142	16	w-s006-a142-w013	6:142:13	m-w-s006-a142-w013-01;m-w-s006-a142-w013-02	إِنَّهُ			derived_morpheme_unit	morpheme_aligned
q:6:142:17	6:142	6:142	17	w-s006-a142-w012	6:142:12	m-w-s006-a142-w012-02			لـ	surface_root_sequence_fallback	morpheme_aligned
q:6:142:18	6:142	6:142	18	w-s006-a142-w015	6:142:15	m-w-s006-a142-w015-01	عَدُوٌّ	ع د و	لـ	surface_root_sequence_fallback	morpheme_aligned
q:6:142:19	6:142	6:142	19	w-s006-a142-w016	6:142:16	m-w-s006-a142-w016-01	مُبِينٌ	ب ي ن		surface_root_sequence_fallback	morpheme_aligned
q:6:143:1	6:143	6:143	1	w-s006-a143-w001	6:143:1	m-w-s006-a143-w001-01	ثَمَانِيَةَ	ث م ن		position_crosswalk	morpheme_aligned
q:6:143:2	6:143	6:143	2	w-s006-a143-w002	6:143:2	m-w-s006-a143-w002-01	أَزْوَاجٍ	ز و ج		position_crosswalk	morpheme_aligned
q:6:143:3	6:143	6:143	3	w-s006-a143-w003	6:143:3	m-w-s006-a143-w003-01			مِن	position_crosswalk	morpheme_aligned
q:6:143:4	6:143	6:143	4	w-s006-a143-w004	6:143:4	m-w-s006-a143-w004-02	الضَّأْنِ	ض أ ن	مِن	position_crosswalk	morpheme_aligned
q:6:143:5	6:143	6:143	5	w-s006-a143-w005	6:143:5	m-w-s006-a143-w005-01	اثْنَيْنِ	ث ن ي	مِن	position_crosswalk	morpheme_aligned
q:6:143:7	6:143	6:143	7	w-s006-a143-w006	6:143:6	m-w-s006-a143-w006-02			مِن	position_crosswalk	morpheme_aligned
q:6:143:8	6:143	6:143	8	w-s006-a143-w007	6:143:7	m-w-s006-a143-w007-02	الْمَعْزِ	م ع ز	مِن	position_crosswalk	morpheme_aligned
q:6:143:9	6:143	6:143	9	w-s006-a143-w008	6:143:8	m-w-s006-a143-w008-01	اثْنَيْنِ	ث ن ي	مِن	position_crosswalk	morpheme_aligned
q:6:143:10	6:143	6:143	10	w-s006-a143-w009	6:143:9	m-w-s006-a143-w009-01	قُلْ	ق ل ل		position_crosswalk	morpheme_aligned
q:6:143:11	6:143	6:143	11	w-s006-a143-w010	6:143:10	m-w-s006-a143-w010-03	آلذَّكَرَيْنِ	ذ ك ر		position_crosswalk	morpheme_aligned
q:6:143:12	6:143	6:143	12	w-s006-a143-w011	6:143:11	m-w-s006-a143-w011-01	حَرَّمَ	ح ر م		surface_root_sequence_fallback	morpheme_aligned
q:6:143:14	6:143	6:143	14	w-s006-a143-w013	6:143:13	m-w-s006-a143-w013-02	الْأُنْثَيَيْنِ	أ ن ث		surface_root_sequence_fallback	morpheme_aligned
q:6:143:15	6:143	6:143	15	w-s006-a143-w014	6:143:14		أَمَّا			surface_root_sequence_fallback	word_aligned
q:6:143:16	6:143	6:143	16	w-s006-a143-w015	6:143:15	m-w-s006-a143-w015-01	اشْتَمَلَتْ	ش م ل	عَلَى	surface_root_sequence_fallback	morpheme_aligned
q:6:143:17	6:143	6:143	17	w-s006-a143-w016	6:143:16	m-w-s006-a143-w016-02;m-w-s006-a143-w016-01			عَلَى	surface_root_sequence_fallback	morpheme_aligned
q:6:143:18	6:143	6:143	18	w-s006-a143-w017	6:143:17	m-w-s006-a143-w017-01	أَرْحَامُ	ر ح م		surface_root_sequence_fallback	morpheme_aligned
q:6:143:19	6:143	6:143	19	w-s006-a143-w018	6:143:18	m-w-s006-a143-w018-02	الْأُنْثَيَيْنِ	أ ن ث		surface_root_sequence_fallback	morpheme_aligned
q:6:143:20	6:143	6:143	20	w-s006-a143-w019	6:143:19	m-w-s006-a143-w019-01	نَبِّئُونِي	ن ب أ	بـ	surface_root_sequence_fallback	morpheme_aligned
q:6:143:21	6:143	6:143	21	w-s006-a143-w019	6:143:19	m-w-s006-a143-w019-01			بـ	position_crosswalk	morpheme_aligned
q:6:143:22	6:143	6:143	22	w-s006-a143-w020	6:143:20	m-w-s006-a143-w020-02	بِعِلْمٍ	ع ل م	بـ	position_crosswalk	morpheme_aligned
q:6:143:24	6:143	6:143	24	w-s006-a143-w022	6:143:22	m-w-s006-a143-w022-01	كُنْتُمْ	ك و ن		surface_root_sequence_fallback	morpheme_aligned
q:6:143:25	6:143	6:143	25	w-s006-a143-w023	6:143:23	m-w-s006-a143-w023-01	صَادِقِينَ	ص د ق		surface_root_sequence_fallback	morpheme_aligned
q:6:144:2	6:144	6:144	2	w-s006-a144-w001	6:144:1	m-w-s006-a144-w001-02			مِن	position_crosswalk	morpheme_aligned
q:6:144:3	6:144	6:144	3	w-s006-a144-w002	6:144:2	m-w-s006-a144-w002-02	الْإِبِلِ	أ ب ل	مِن	position_crosswalk	morpheme_aligned
q:6:144:4	6:144	6:144	4	w-s006-a144-w003	6:144:3	m-w-s006-a144-w003-01	اثْنَيْنِ	ث ن ي	مِن	position_crosswalk	morpheme_aligned
q:6:144:6	6:144	6:144	6	w-s006-a144-w004	6:144:4	m-w-s006-a144-w004-02			مِن	position_crosswalk	morpheme_aligned
q:6:144:7	6:144	6:144	7	w-s006-a144-w005	6:144:5	m-w-s006-a144-w005-02	الْبَقَرِ	ب ق ر	مِن	position_crosswalk	morpheme_aligned
q:6:144:8	6:144	6:144	8	w-s006-a144-w006	6:144:6	m-w-s006-a144-w006-01	اثْنَيْنِ	ث ن ي	مِن	position_crosswalk	morpheme_aligned
q:6:144:9	6:144	6:144	9	w-s006-a144-w007	6:144:7	m-w-s006-a144-w007-01	قُلْ	ق ل ل		position_crosswalk	morpheme_aligned
q:6:144:10	6:144	6:144	10	w-s006-a144-w008	6:144:8	m-w-s006-a144-w008-03	آلذَّكَرَيْنِ	ذ ك ر		position_crosswalk	morpheme_aligned
q:6:144:11	6:144	6:144	11	w-s006-a144-w009	6:144:9	m-w-s006-a144-w009-01	حَرَّمَ	ح ر م		surface_root_sequence_fallback	morpheme_aligned
q:6:144:13	6:144	6:144	13	w-s006-a144-w011	6:144:11	m-w-s006-a144-w011-02	الْأُنْثَيَيْنِ	أ ن ث		surface_root_sequence_fallback	morpheme_aligned
q:6:144:14	6:144	6:144	14	w-s006-a144-w012	6:144:12		أَمَّا			surface_root_sequence_fallback	word_aligned
q:6:144:15	6:144	6:144	15	w-s006-a144-w013	6:144:13	m-w-s006-a144-w013-01	اشْتَمَلَتْ	ش م ل	عَلَى	surface_root_sequence_fallback	morpheme_aligned
q:6:144:16	6:144	6:144	16	w-s006-a144-w014	6:144:14	m-w-s006-a144-w014-02;m-w-s006-a144-w014-01			عَلَى	surface_root_sequence_fallback	morpheme_aligned
q:6:144:17	6:144	6:144	17	w-s006-a144-w015	6:144:15	m-w-s006-a144-w015-01	أَرْحَامُ	ر ح م		surface_root_sequence_fallback	morpheme_aligned
q:6:144:18	6:144	6:144	18	w-s006-a144-w016	6:144:16	m-w-s006-a144-w016-02	الْأُنْثَيَيْنِ	أ ن ث		surface_root_sequence_fallback	morpheme_aligned
q:6:144:20	6:144	6:144	20	w-s006-a144-w018	6:144:18	m-w-s006-a144-w018-01	كُنْتُمْ	ك و ن		surface_root_sequence_fallback	morpheme_aligned
q:6:144:21	6:144	6:144	21	w-s006-a144-w019	6:144:19	m-w-s006-a144-w019-01	شُهَدَاءَ	ش ه د		surface_root_sequence_fallback	morpheme_aligned
q:6:144:22	6:144	6:144	22	w-s006-a144-w020	6:144:20	m-w-s006-a144-w020-01	إِذْ	أ ذ ي		surface_root_sequence_fallback	morpheme_aligned
q:6:144:23	6:144	6:144	23	w-s006-a144-w021	6:144:21	m-w-s006-a144-w021-01;m-w-s006-a144-w021-02	وَصَّاكُمُ	و ص ي	بـ	surface_root_sequence_fallback	morpheme_aligned
q:6:144:24	6:144	6:144	24	w-s006-a144-w022	6:144:22	m-w-s006-a144-w022-01	اللَّهُ	أ ل ه		surface_root_sequence_fallback	morpheme_aligned
q:6:144:25	6:144	6:144	25	w-s006-a144-w023	6:144:23	m-w-s006-a144-w023-01			بـ	surface_root_sequence_fallback	morpheme_aligned
q:6:144:26	6:144	6:144	26	w-s006-a144-w023	6:144:23	m-w-s006-a144-w023-02	بِهَذَا		بـ	position_crosswalk	morpheme_aligned
q:6:144:28	6:144	6:144	28	w-s006-a144-w024	6:144:24	m-w-s006-a144-w024-02	فَمَنْ	م ن ن		position_crosswalk	morpheme_aligned
q:6:144:29	6:144	6:144	29	w-s006-a144-w025	6:144:25	m-w-s006-a144-w025-01	أَظْلَمُ	ظ ل م	مِن	surface_root_sequence_fallback	morpheme_aligned
q:6:144:30	6:144	6:144	30	w-s006-a144-w026	6:144:26	m-w-s006-a144-w026-01			مِن	surface_root_sequence_fallback	morpheme_aligned
q:6:144:31	6:144	6:144	31	w-s006-a144-w027	6:144:27	m-w-s006-a144-w027-01	افْتَرَى	ف ر ي	عَلَى	surface_root_sequence_fallback	morpheme_aligned
q:6:144:32	6:144	6:144	32	w-s006-a144-w028	6:144:28	m-w-s006-a144-w028-01			عَلَى	surface_root_sequence_fallback	morpheme_aligned
q:6:144:33	6:144	6:144	33	w-s006-a144-w029	6:144:29	m-w-s006-a144-w029-01	اللَّهِ	أ ل ه	عَلَى	surface_root_sequence_fallback	morpheme_aligned
q:6:144:34	6:144	6:144	34	w-s006-a144-w030	6:144:30	m-w-s006-a144-w030-01	كَذِبَاً	ك ذ ب		surface_root_sequence_fallback	morpheme_aligned
q:6:144:36	6:144	6:144	36	w-s006-a144-w031	6:144:31	m-w-s006-a144-w031-02	لِيُضِلَّ	ض ل ل	بـ	position_crosswalk	morpheme_aligned
q:6:144:37	6:144	6:144	37	w-s006-a144-w032	6:144:32	m-w-s006-a144-w032-02	النَّاسَ	أ ن س		surface_root_sequence_fallback	morpheme_aligned
q:6:144:38	6:144	6:144	38	w-s006-a144-w033	6:144:33	m-w-s006-a144-w033-01			بـ	surface_root_sequence_fallback	morpheme_aligned
q:6:144:39	6:144	6:144	39	w-s006-a144-w033	6:144:33	m-w-s006-a144-w033-02	بِغَيْرِ	غ ي ر	بـ	position_crosswalk	morpheme_aligned
q:6:144:40	6:144	6:144	40	w-s006-a144-w034	6:144:34	m-w-s006-a144-w034-01	عِلْمٍ	ع ل م		surface_root_sequence_fallback	morpheme_aligned
q:6:144:41	6:144	6:144	41	w-s006-a144-w035	6:144:35	m-w-s006-a144-w035-01	إِنَّ			surface_root_sequence_fallback	morpheme_aligned
q:6:144:42	6:144	6:144	42	w-s006-a144-w036	6:144:36	m-w-s006-a144-w036-01	اللَّهَ	أ ل ه		surface_root_sequence_fallback	morpheme_aligned
q:6:144:44	6:144	6:144	44	w-s006-a144-w038	6:144:38	m-w-s006-a144-w038-01	يَهْدِي	ه د ي		surface_root_sequence_fallback	morpheme_aligned
q:6:144:45	6:144	6:144	45	w-s006-a144-w039	6:144:39	m-w-s006-a144-w039-02	الْقَوْمَ	ق و م		surface_root_sequence_fallback	morpheme_aligned
q:6:144:46	6:144	6:144	46	w-s006-a144-w040	6:144:40	m-w-s006-a144-w040-02	الظَّالِمِينَ	ظ ل م		surface_root_sequence_fallback	morpheme_aligned
q:6:145:1	6:145	6:145	1	w-s006-a145-w001	6:145:1	m-w-s006-a145-w001-01	قُلْ	ق ل ل		position_crosswalk	morpheme_aligned
q:6:145:2	6:145	6:145	2	w-s006-a145-w002	6:145:2	m-w-s006-a145-w002-01	لَا			position_crosswalk	morpheme_aligned
q:6:145:3	6:145	6:145	3	w-s006-a145-w003	6:145:3	m-w-s006-a145-w003-01	أَجِدُ	ج د د	فِي	position_crosswalk	morpheme_aligned
q:6:145:4	6:145	6:145	4	w-s006-a145-w004	6:145:4	m-w-s006-a145-w004-01			فِي	position_crosswalk	morpheme_aligned
q:6:145:5	6:145	6:145	5	w-s006-a145-w005	6:145:5	m-w-s006-a145-w005-01	مَا		فِي	position_crosswalk	morpheme_aligned
q:6:145:6	6:145	6:145	6	w-s006-a145-w006	6:145:6	m-w-s006-a145-w006-01	أُوحِيَ	و ح ي	إِلَى	position_crosswalk	morpheme_aligned
q:6:145:7	6:145	6:145	7	w-s006-a145-w007	6:145:7	m-w-s006-a145-w007-02;m-w-s006-a145-w007-01			إِلَى	position_crosswalk	morpheme_aligned
q:6:145:8	6:145	6:145	8	w-s006-a145-w008	6:145:8	m-w-s006-a145-w008-01	مُحَرَّمَاً	ح ر م	عَلَى	position_crosswalk	morpheme_aligned
q:6:145:9	6:145	6:145	9	w-s006-a145-w009	6:145:9	m-w-s006-a145-w009-01			عَلَى	position_crosswalk	morpheme_aligned
q:6:145:10	6:145	6:145	10	w-s006-a145-w010	6:145:10	m-w-s006-a145-w010-01	طَاعِمٍ	ط ع م	عَلَى	position_crosswalk	morpheme_aligned
q:6:145:11	6:145	6:145	11	w-s006-a145-w010	6:145:10	m-w-s006-a145-w010-01	يَطْعَمُهُ	ط ع م		surface_root_sequence_fallback	morpheme_aligned
q:6:145:13	6:145	6:145	13	w-s006-a145-w013	6:145:13	m-w-s006-a145-w013-01	أَنْ			position_crosswalk	morpheme_aligned
q:6:145:14	6:145	6:145	14	w-s006-a145-w014	6:145:14	m-w-s006-a145-w014-01	يَكُونَ	ك و ن		position_crosswalk	morpheme_aligned
q:6:145:15	6:145	6:145	15	w-s006-a145-w015	6:145:15	m-w-s006-a145-w015-01	مَيْتَةً	م و ت		position_crosswalk	morpheme_aligned
q:6:145:17	6:145	6:145	17	w-s006-a145-w017	6:145:17	m-w-s006-a145-w017-01	دَمَاً	د م و		position_crosswalk	morpheme_aligned
q:6:145:18	6:145	6:145	18	w-s006-a145-w018	6:145:18	m-w-s006-a145-w018-01	مَسْفُوحَاً	س ف ح		position_crosswalk	morpheme_aligned
q:6:145:20	6:145	6:145	20	w-s006-a145-w020	6:145:20	m-w-s006-a145-w020-01	لَحْمَ	ل ح م		position_crosswalk	morpheme_aligned
q:6:145:21	6:145	6:145	21	w-s006-a145-w021	6:145:21	m-w-s006-a145-w021-01	خِنْزِيرٍ	خ ن ز ر		position_crosswalk	morpheme_aligned
q:6:145:23	6:145	6:145	23	w-s006-a145-w022	6:145:22	m-w-s006-a145-w022-02;m-w-s006-a145-w022-03	فَإِنَّهُ			position_crosswalk	morpheme_aligned
q:6:145:24	6:145	6:145	24	w-s006-a145-w023	6:145:23	m-w-s006-a145-w023-01	رِجْسٌ	ر ج س		position_crosswalk	morpheme_aligned
q:6:145:26	6:145	6:145	26	w-s006-a145-w025	6:145:25	m-w-s006-a145-w025-01	فِسْقَاً	ف س ق		position_crosswalk	morpheme_aligned
q:6:145:27	6:145	6:145	27	w-s006-a145-w026	6:145:26	m-w-s006-a145-w026-01	أُهِلَّ	أ ه ل	لـ;بـ	position_crosswalk	morpheme_aligned
q:6:145:28	6:145	6:145	28	w-s006-a145-w026	6:145:26	m-w-s006-a145-w026-01			لـ	surface_root_sequence_fallback	morpheme_aligned
q:6:145:29	6:145	6:145	29	w-s006-a145-w027	6:145:27	m-w-s006-a145-w027-02	لِغَيْرِ	غ ي ر	لـ	position_crosswalk	morpheme_aligned
q:6:145:30	6:145	6:145	30	w-s006-a145-w028	6:145:28	m-w-s006-a145-w028-01	اللَّهِ	أ ل ه		position_crosswalk	morpheme_aligned
q:6:145:31	6:145	6:145	31	w-s006-a145-w029	6:145:29	m-w-s006-a145-w029-02;m-w-s006-a145-w029-01			بـ	position_crosswalk	morpheme_aligned
q:6:145:33	6:145	6:145	33	w-s006-a145-w030	6:145:30	m-w-s006-a145-w030-02	فَمَنِ	م ن ن		position_crosswalk	morpheme_aligned
q:6:145:34	6:145	6:145	34	w-s006-a145-w031	6:145:31	m-w-s006-a145-w031-01	اضْطُرَّ	ض ر ر		surface_root_sequence_fallback	morpheme_aligned
q:6:145:35	6:145	6:145	35	w-s006-a145-w032	6:145:32	m-w-s006-a145-w032-01	غَيْرَ	غ ي ر		surface_root_sequence_fallback	morpheme_aligned
q:6:145:36	6:145	6:145	36	w-s006-a145-w033	6:145:33	m-w-s006-a145-w033-01	بَاغٍ	ب غ ي		surface_root_sequence_fallback	morpheme_aligned
q:6:145:39	6:145	6:145	39	w-s006-a145-w035	6:145:35	m-w-s006-a145-w035-01	عَادٍ	ع و د		surface_root_sequence_fallback	morpheme_aligned
q:6:145:41	6:145	6:145	41	w-s006-a145-w036	6:145:36	m-w-s006-a145-w036-02	فَإِنَّ			position_crosswalk	morpheme_aligned
q:6:145:42	6:145	6:145	42	w-s006-a145-w037	6:145:37	m-w-s006-a145-w037-01	رَبَّكَ	ر ب ب		surface_root_sequence_fallback	morpheme_aligned
q:6:145:43	6:145	6:145	43	w-s006-a145-w038	6:145:38	m-w-s006-a145-w038-01	غَفُورٌ	غ ف ر		surface_root_sequence_fallback	morpheme_aligned
q:6:145:44	6:145	6:145	44	w-s006-a145-w039	6:145:39	m-w-s006-a145-w039-01	رَحِيمٌ	ر ح م		surface_root_sequence_fallback	morpheme_aligned
q:6:146:2	6:146	6:146	2	w-s006-a146-w001	6:146:1	m-w-s006-a146-w001-02			عَلَى	position_crosswalk	morpheme_aligned
q:6:146:3	6:146	6:146	3	w-s006-a146-w002	6:146:2	m-w-s006-a146-w002-01	الَّذِينَ	ل ل ذ	عَلَى	position_crosswalk	morpheme_aligned
q:6:146:4	6:146	6:146	4	w-s006-a146-w003	6:146:3	m-w-s006-a146-w003-01	هَادُوا	ه د ي		position_crosswalk	morpheme_aligned
q:6:146:5	6:146	6:146	5	w-s006-a146-w004	6:146:4	m-w-s006-a146-w004-01	حَرَّمْنَا	ح ر م	عَلَى	position_crosswalk	morpheme_aligned
q:6:146:6	6:146	6:146	6	w-s006-a146-w005	6:146:5	m-w-s006-a146-w005-01	كُلَّ	ك ل ل		position_crosswalk	morpheme_aligned
q:6:146:7	6:146	6:146	7	w-s006-a146-w006	6:146:6	m-w-s006-a146-w006-01	ذِي	ذ و و		position_crosswalk	morpheme_aligned
q:6:146:8	6:146	6:146	8	w-s006-a146-w007	6:146:7	m-w-s006-a146-w007-01	ظُفُرٍ	ظ ف ر		position_crosswalk	morpheme_aligned
q:6:146:10	6:146	6:146	10	w-s006-a146-w008	6:146:8	m-w-s006-a146-w008-02			مِن	position_crosswalk	morpheme_aligned
q:6:146:11	6:146	6:146	11	w-s006-a146-w009	6:146:9	m-w-s006-a146-w009-02	الْبَقَرِ	ب ق ر	مِن	position_crosswalk	morpheme_aligned
q:6:146:13	6:146	6:146	13	w-s006-a146-w010	6:146:10	m-w-s006-a146-w010-03	وَالْغَنَمِ	غ ن م		position_crosswalk	morpheme_aligned
q:6:146:14	6:146	6:146	14	w-s006-a146-w011	6:146:11	m-w-s006-a146-w011-01	حَرَّمْنَا	ح ر م	عَلَى	position_crosswalk	morpheme_aligned
q:6:146:15	6:146	6:146	15	w-s006-a146-w012	6:146:12	m-w-s006-a146-w012-02;m-w-s006-a146-w012-01			عَلَى	position_crosswalk	morpheme_aligned
q:6:146:16	6:146	6:146	16	w-s006-a146-w013	6:146:13	m-w-s006-a146-w013-01	شُحُومَهُمَا	ش ح م	مِن	position_crosswalk	morpheme_aligned
q:6:146:18	6:146	6:146	18	w-s006-a146-w015	6:146:15	m-w-s006-a146-w015-01	مَا			position_crosswalk	morpheme_aligned
q:6:146:19	6:146	6:146	19	w-s006-a146-w016	6:146:16	m-w-s006-a146-w016-01	حَمَلَتْ	ح م ل		position_crosswalk	morpheme_aligned
q:6:146:20	6:146	6:146	20	w-s006-a146-w017	6:146:17	m-w-s006-a146-w017-01	ظُهُورُهُمَا	ظ ه ر		position_crosswalk	morpheme_aligned
q:6:146:22	6:146	6:146	22	w-s006-a146-w019	6:146:19	m-w-s006-a146-w019-02	الْحَوَايَا	ح و ي		position_crosswalk	morpheme_aligned
q:6:146:24	6:146	6:146	24	w-s006-a146-w021	6:146:21	m-w-s006-a146-w021-01	مَا			position_crosswalk	morpheme_aligned
q:6:146:25	6:146	6:146	25	w-s006-a146-w022	6:146:22	m-w-s006-a146-w022-01	اخْتَلَطَ	خ ل ط	بـ	position_crosswalk	morpheme_aligned
q:6:146:26	6:146	6:146	26	w-s006-a146-w023	6:146:23	m-w-s006-a146-w023-01			بـ	position_crosswalk	morpheme_aligned
q:6:146:27	6:146	6:146	27	w-s006-a146-w023	6:146:23	m-w-s006-a146-w023-02	بِعَظْمٍ	ع ظ م	بـ	position_crosswalk	morpheme_aligned
q:6:146:28	6:146	6:146	28	w-s006-a146-w024	6:146:24	m-w-s006-a146-w024-01	ذَلِكَ			position_crosswalk	morpheme_aligned
q:6:146:29	6:146	6:146	29	w-s006-a146-w025	6:146:25	m-w-s006-a146-w025-01	جَزَيْنَاهُمْ	ج ز ي	بـ	position_crosswalk	morpheme_aligned
q:6:146:30	6:146	6:146	30	w-s006-a146-w026	6:146:26	m-w-s006-a146-w026-01			بـ	position_crosswalk	morpheme_aligned
q:6:146:31	6:146	6:146	31	w-s006-a146-w026	6:146:26	m-w-s006-a146-w026-02	بِبَغْيِهِمْ	ب غ ي	بـ	position_crosswalk	morpheme_aligned
q:6:146:33	6:146	6:146	33	w-s006-a146-w027	6:146:27	m-w-s006-a146-w027-02;m-w-s006-a146-w027-03	وَإِنَّا			position_crosswalk	morpheme_aligned
q:6:146:35	6:146	6:146	35	w-s006-a146-w028	6:146:28	m-w-s006-a146-w028-02	لَصَادِقُونَ	ص د ق		position_crosswalk	morpheme_aligned
q:6:147:3	6:147	6:147	3	w-s006-a147-w002	6:147:2	m-w-s006-a147-w002-01	كَذَّبُوكَ	ك ذ ب		position_crosswalk	morpheme_aligned
q:6:147:5	6:147	6:147	5	w-s006-a147-w003	6:147:3	m-w-s006-a147-w003-02	فَقُلْ	ق ل ل		position_crosswalk	morpheme_aligned
q:6:147:6	6:147	6:147	6	w-s006-a147-w004	6:147:4	m-w-s006-a147-w004-01	رَبُّكُمْ	ر ب ب		position_crosswalk	morpheme_aligned
q:6:147:7	6:147	6:147	7	w-s006-a147-w005	6:147:5	m-w-s006-a147-w005-01	ذُو	ذ و و		position_crosswalk	morpheme_aligned
q:6:147:8	6:147	6:147	8	w-s006-a147-w006	6:147:6	m-w-s006-a147-w006-01	رَحْمَةٍ	ر ح م		position_crosswalk	morpheme_aligned
q:6:147:9	6:147	6:147	9	w-s006-a147-w007	6:147:7	m-w-s006-a147-w007-01	وَاسِعَةٍ	و س ع		position_crosswalk	morpheme_aligned
q:6:147:12	6:147	6:147	12	w-s006-a147-w009	6:147:9	m-w-s006-a147-w009-01	يُرَدُّ	ر د د	عَن	position_crosswalk	morpheme_aligned
q:6:147:13	6:147	6:147	13	w-s006-a147-w010	6:147:10	m-w-s006-a147-w010-01	بَأْسُهُ	ب أ س		position_crosswalk	morpheme_aligned
q:6:147:14	6:147	6:147	14	w-s006-a147-w011	6:147:11	m-w-s006-a147-w011-01			عَن	position_crosswalk	morpheme_aligned
q:6:147:15	6:147	6:147	15	w-s006-a147-w012	6:147:12	m-w-s006-a147-w012-02	الْقَوْمِ	ق و م	عَن	position_crosswalk	morpheme_aligned
q:6:147:16	6:147	6:147	16	w-s006-a147-w013	6:147:13	m-w-s006-a147-w013-02	الْمُجْرِمِينَ	ج ر م		position_crosswalk	morpheme_aligned
q:6:148:1	6:148	6:148	1	w-s006-a148-w001	6:148:1	m-w-s006-a148-w001-02	سَيَقُولُ	ق و ل		position_crosswalk	morpheme_aligned
q:6:148:2	6:148	6:148	2	w-s006-a148-w002	6:148:2	m-w-s006-a148-w002-01	الَّذِينَ	ل ل ذ		surface_root_sequence_fallback	morpheme_aligned
q:6:148:3	6:148	6:148	3	w-s006-a148-w003	6:148:3	m-w-s006-a148-w003-01	أَشْرَكُوا	ش ر ك		surface_root_sequence_fallback	morpheme_aligned
q:6:148:4	6:148	6:148	4	w-s006-a148-w004	6:148:4	m-w-s006-a148-w004-01	لَوْ	ل و ي		surface_root_sequence_fallback	morpheme_aligned
q:6:148:5	6:148	6:148	5	w-s006-a148-w005	6:148:5	m-w-s006-a148-w005-01	شَاءَ	ش ي أ		surface_root_sequence_fallback	morpheme_aligned
q:6:148:6	6:148	6:148	6	w-s006-a148-w006	6:148:6	m-w-s006-a148-w006-01	اللَّهُ	أ ل ه		surface_root_sequence_fallback	morpheme_aligned
q:6:148:8	6:148	6:148	8	w-s006-a148-w008	6:148:8	m-w-s006-a148-w008-01	أَشْرَكْنَا	ش ر ك		surface_root_sequence_fallback	morpheme_aligned
q:6:148:11	6:148	6:148	11	w-s006-a148-w010	6:148:10	m-w-s006-a148-w010-01	آبَاؤُنَا	أ ب و		surface_root_sequence_fallback	morpheme_aligned
q:6:148:14	6:148	6:148	14	w-s006-a148-w012	6:148:12	m-w-s006-a148-w012-01	حَرَّمْنَا	ح ر م	مِن	surface_root_sequence_fallback	morpheme_aligned
q:6:148:15	6:148	6:148	15	w-s006-a148-w013	6:148:13	m-w-s006-a148-w013-01			مِن	surface_root_sequence_fallback	morpheme_aligned
q:6:148:16	6:148	6:148	16	w-s006-a148-w014	6:148:14	m-w-s006-a148-w014-01	شَيْءٍ	ش ي ء	مِن	surface_root_sequence_fallback	morpheme_aligned
q:6:148:17	6:148	6:148	17	w-s006-a148-w015	6:148:15	m-w-s006-a148-w015-01			كـ	surface_root_sequence_fallback	morpheme_aligned
q:6:148:18	6:148	6:148	18	w-s006-a148-w015	6:148:15	m-w-s006-a148-w015-02	كَذَلِكَ		كـ	position_crosswalk	morpheme_aligned
q:6:148:19	6:148	6:148	19	w-s006-a148-w016	6:148:16	m-w-s006-a148-w016-01	كَذَّبَ	ك ذ ب	كـ	surface_root_sequence_fallback	morpheme_aligned
q:6:148:20	6:148	6:148	20	w-s006-a148-w017	6:148:17	m-w-s006-a148-w017-01	الَّذِينَ	ل ل ذ	مِن	surface_root_sequence_fallback	morpheme_aligned
q:6:148:21	6:148	6:148	21	w-s006-a148-w018	6:148:18	m-w-s006-a148-w018-01			مِن	surface_root_sequence_fallback	morpheme_aligned
q:6:148:22	6:148	6:148	22	w-s006-a148-w019	6:148:19	m-w-s006-a148-w019-01	قَبْلِهِمْ	ق ب ل	مِن	surface_root_sequence_fallback	morpheme_aligned
q:6:148:24	6:148	6:148	24	w-s006-a148-w021	6:148:21	m-w-s006-a148-w021-01	ذَاقُوا	ذ و ق		surface_root_sequence_fallback	morpheme_aligned
q:6:148:25	6:148	6:148	25	w-s006-a148-w022	6:148:22	m-w-s006-a148-w022-01	بَأْسَنَا	ب أ س		surface_root_sequence_fallback	morpheme_aligned
q:6:148:26	6:148	6:148	26	w-s006-a148-w023	6:148:23	m-w-s006-a148-w023-01	قُلْ	ق ل ل		surface_root_sequence_fallback	morpheme_aligned
q:6:148:27	6:148	6:148	27	w-s006-a148-w024	6:148:24	m-w-s006-a148-w024-01	هَلْ			surface_root_sequence_fallback	morpheme_aligned
q:6:148:28	6:148	6:148	28	w-s006-a148-w025	6:148:25	m-w-s006-a148-w025-01	عِنْدَكُمْ	ع ن د	مِن	surface_root_sequence_fallback	morpheme_aligned
q:6:148:29	6:148	6:148	29	w-s006-a148-w026	6:148:26	m-w-s006-a148-w026-01			مِن	surface_root_sequence_fallback	morpheme_aligned
q:6:148:30	6:148	6:148	30	w-s006-a148-w027	6:148:27	m-w-s006-a148-w027-01	عِلْمٍ	ع ل م	مِن	surface_root_sequence_fallback	morpheme_aligned
q:6:148:32	6:148	6:148	32	w-s006-a148-w028	6:148:28	m-w-s006-a148-w028-02	فَتُخْرِجُوهُ	خ ر ج	لـ	position_crosswalk	morpheme_aligned
q:6:148:33	6:148	6:148	33	w-s006-a148-w029	6:148:29	m-w-s006-a148-w029-02;m-w-s006-a148-w029-01			لـ	surface_root_sequence_fallback	morpheme_aligned
q:6:148:35	6:148	6:148	35	w-s006-a148-w031	6:148:31	m-w-s006-a148-w031-01	تَتَّبِعُونَ	ت ب ع		surface_root_sequence_fallback	morpheme_aligned
q:6:148:37	6:148	6:148	37	w-s006-a148-w033	6:148:33	m-w-s006-a148-w033-02	الظَّنَّ	ظ ن ن		surface_root_sequence_fallback	morpheme_aligned
q:6:148:40	6:148	6:148	40	w-s006-a148-w035	6:148:35	m-w-s006-a148-w035-01	أَنْتُمْ			surface_root_sequence_fallback	morpheme_aligned
q:6:148:42	6:148	6:148	42	w-s006-a148-w037	6:148:37	m-w-s006-a148-w037-01	تَخْرُصُونَ	خ ر ص		surface_root_sequence_fallback	morpheme_aligned
q:6:149:1	6:149	6:149	1	w-s006-a149-w001	6:149:1	m-w-s006-a149-w001-01	قُلْ	ق ل ل		position_crosswalk	morpheme_aligned
q:6:149:2	6:149	6:149	2	w-s006-a149-w002	6:149:2	m-w-s006-a149-w002-03	فَلِلَّهِ	ف ي أ		position_crosswalk	morpheme_aligned
q:6:149:3	6:149	6:149	3	w-s006-a149-w002	6:149:2	m-w-s006-a149-w002-02	فَلِلَّهِ	و ل ي	لـ	position_crosswalk	morpheme_aligned
q:6:149:4	6:149	6:149	4	w-s006-a149-w002	6:149:2	m-w-s006-a149-w002-03	فَلِلَّهِ	أ ل ه	لـ	position_crosswalk	morpheme_aligned
q:6:149:5	6:149	6:149	5	w-s006-a149-w003	6:149:3	m-w-s006-a149-w003-02	الْحُجَّةُ	ح ج ج	لـ	position_crosswalk	morpheme_aligned
q:6:149:6	6:149	6:149	6	w-s006-a149-w004	6:149:4	m-w-s006-a149-w004-02	الْبَالِغَةُ	ب ل غ		position_crosswalk	morpheme_aligned
q:6:149:11	6:149	6:149	11	w-s006-a149-w007	6:149:7	m-w-s006-a149-w007-02;m-w-s006-a149-w007-03	لَهَدَاكُمْ	ه د ي		position_crosswalk	morpheme_aligned
q:6:149:12	6:149	6:149	12	w-s006-a149-w008	6:149:8	m-w-s006-a149-w008-01	أَجْمَعِينَ	ج م ع		position_crosswalk	morpheme_aligned
q:6:150:1	6:150	6:150	1	w-s006-a150-w001	6:150:1	m-w-s006-a150-w001-01	قُلْ	ق ل ل		position_crosswalk	morpheme_aligned
q:6:150:2	6:150	6:150	2	w-s006-a150-w002	6:150:2	m-w-s006-a150-w002-02	هَلُمَّ	ه ل م		position_crosswalk	morpheme_aligned
q:6:150:3	6:150	6:150	3	w-s006-a150-w003	6:150:3	m-w-s006-a150-w003-01	شُهَدَاءَكُمُ	ش ه د		surface_root_sequence_fallback	morpheme_aligned
q:6:150:4	6:150	6:150	4	w-s006-a150-w004	6:150:4	m-w-s006-a150-w004-01	الَّذِينَ	ل ل ذ		surface_root_sequence_fallback	morpheme_aligned
q:6:150:5	6:150	6:150	5	w-s006-a150-w005	6:150:5	m-w-s006-a150-w005-01	يَشْهَدُونَ	ش ه د		surface_root_sequence_fallback	morpheme_aligned
q:6:150:6	6:150	6:150	6	w-s006-a150-w006	6:150:6	m-w-s006-a150-w006-01	أَنَّ			surface_root_sequence_fallback	morpheme_aligned
q:6:150:7	6:150	6:150	7	w-s006-a150-w007	6:150:7	m-w-s006-a150-w007-01	اللَّهَ	أ ل ه		surface_root_sequence_fallback	morpheme_aligned
q:6:150:8	6:150	6:150	8	w-s006-a150-w008	6:150:8	m-w-s006-a150-w008-01	حَرَّمَ	ح ر م		surface_root_sequence_fallback	morpheme_aligned
q:6:150:9	6:150	6:150	9	w-s006-a150-w009	6:150:9	m-w-s006-a150-w009-01	هَذَا			surface_root_sequence_fallback	morpheme_aligned
q:6:150:15	6:150	6:150	15	w-s006-a150-w011	6:150:11	m-w-s006-a150-w011-01	تَشْهَدْ	ش ه د		surface_root_sequence_fallback	morpheme_aligned
q:6:150:16	6:150	6:150	16	w-s006-a150-w014	6:150:14	m-w-s006-a150-w014-01	مَعَهُمْ	م ع ع		surface_root_sequence_fallback	morpheme_aligned
q:6:150:19	6:150	6:150	19	w-s006-a150-w016	6:150:16	m-w-s006-a150-w016-01	تَتَّبِعْ	ت ب ع		surface_root_sequence_fallback	morpheme_aligned
q:6:150:20	6:150	6:150	20	w-s006-a150-w017	6:150:17	m-w-s006-a150-w017-01	أَهْوَاءَ	ه و ي		surface_root_sequence_fallback	morpheme_aligned
q:6:150:21	6:150	6:150	21	w-s006-a150-w018	6:150:18	m-w-s006-a150-w018-01	الَّذِينَ	ل ل ذ		surface_root_sequence_fallback	morpheme_aligned
q:6:150:22	6:150	6:150	22	w-s006-a150-w019	6:150:19	m-w-s006-a150-w019-01	كَذَّبُوا	ك ذ ب	بـ	surface_root_sequence_fallback	morpheme_aligned
q:6:150:23	6:150	6:150	23	w-s006-a150-w019	6:150:19	m-w-s006-a150-w019-01			بـ	position_crosswalk	morpheme_aligned
q:6:150:24	6:150	6:150	24	w-s006-a150-w020	6:150:20	m-w-s006-a150-w020-02	بِآيَاتِنَا	أ ي ي	بـ	position_crosswalk	morpheme_aligned
q:6:150:26	6:150	6:150	26	w-s006-a150-w021	6:150:21	m-w-s006-a150-w021-02	وَالَّذِينَ	ل ل ذ		position_crosswalk	morpheme_aligned
q:6:150:28	6:150	6:150	28	w-s006-a150-w023	6:150:23	m-w-s006-a150-w023-01	يُؤْمِنُونَ	أ م ن	بـ	surface_root_sequence_fallback	morpheme_aligned
q:6:150:29	6:150	6:150	29	w-s006-a150-w024	6:150:24	m-w-s006-a150-w024-01			بـ	surface_root_sequence_fallback	morpheme_aligned
q:6:150:30	6:150	6:150	30	w-s006-a150-w024	6:150:24	m-w-s006-a150-w024-03	بِالْآخِرَةِ	أ خ ر	بـ	position_crosswalk	morpheme_aligned
q:6:150:32	6:150	6:150	32	w-s006-a150-w025	6:150:25	m-w-s006-a150-w025-02	وَهُمْ			position_crosswalk	morpheme_aligned
q:6:150:33	6:150	6:150	33	w-s006-a150-w026	6:150:26	m-w-s006-a150-w026-01			بـ	surface_root_sequence_fallback	morpheme_aligned
q:6:150:34	6:150	6:150	34	w-s006-a150-w026	6:150:26	m-w-s006-a150-w026-02	بِرَبِّهِمْ	ر ب ب	بـ	position_crosswalk	morpheme_aligned
q:6:150:35	6:150	6:150	35	w-s006-a150-w027	6:150:27	m-w-s006-a150-w027-01	يَعْدِلُونَ	ع د ل	بـ	surface_root_sequence_fallback	morpheme_aligned
q:6:151:1	6:151	6:151	1	w-s006-a151-w001	6:151:1	m-w-s006-a151-w001-01	قُلْ	ق ل ل		position_crosswalk	morpheme_aligned
q:6:151:2	6:151	6:151	2	w-s006-a151-w002	6:151:2	m-w-s006-a151-w002-01	تَعَالَوْا	ع ل و		position_crosswalk	morpheme_aligned
q:6:151:3	6:151	6:151	3	w-s006-a151-w003	6:151:3	m-w-s006-a151-w003-01	أَتْلُ	ت ل ل		position_crosswalk	morpheme_aligned
q:6:151:4	6:151	6:151	4	w-s006-a151-w004	6:151:4	m-w-s006-a151-w004-01	مَا			position_crosswalk	morpheme_aligned
q:6:151:5	6:151	6:151	5	w-s006-a151-w005	6:151:5	m-w-s006-a151-w005-01	حَرَّمَ	ح ر م	عَلَى	position_crosswalk	morpheme_aligned
q:6:151:6	6:151	6:151	6	w-s006-a151-w006	6:151:6	m-w-s006-a151-w006-01	رَبُّكُمْ	ر ب ب		position_crosswalk	morpheme_aligned
q:6:151:7	6:151	6:151	7	w-s006-a151-w007	6:151:7	m-w-s006-a151-w007-02;m-w-s006-a151-w007-01			عَلَى	position_crosswalk	morpheme_aligned
q:6:151:8	6:151	6:151	8	w-s006-a151-w008	6:151:8		أَلَّا			position_crosswalk	word_aligned
q:6:151:9	6:151	6:151	9	w-s006-a151-w009	6:151:9	m-w-s006-a151-w009-01	تُشْرِكُوا	ش ر ك	بـ	position_crosswalk	morpheme_aligned
q:6:151:10	6:151	6:151	10	w-s006-a151-w010	6:151:10	m-w-s006-a151-w010-02;m-w-s006-a151-w010-01			بـ	position_crosswalk	morpheme_aligned
q:6:151:11	6:151	6:151	11	w-s006-a151-w011	6:151:11	m-w-s006-a151-w011-01	شَيْئَاً	ش ي ء		surface_root_sequence_fallback	morpheme_aligned
q:6:151:13	6:151	6:151	13	w-s006-a151-w012	6:151:12	m-w-s006-a151-w012-02			بـ	position_crosswalk	morpheme_aligned
q:6:151:14	6:151	6:151	14	w-s006-a151-w012	6:151:12	m-w-s006-a151-w012-04	وَبِالْوَالِدَيْنِ	و ل د	بـ	position_crosswalk	morpheme_aligned
q:6:151:15	6:151	6:151	15	w-s006-a151-w013	6:151:13	m-w-s006-a151-w013-01	إِحْسَانَاً	ح س ن	بـ	surface_root_sequence_fallback	morpheme_aligned
q:6:151:18	6:151	6:151	18	w-s006-a151-w015	6:151:15	m-w-s006-a151-w015-01	تَقْتُلُوا	ق ت ل	مِن	surface_root_sequence_fallback	morpheme_aligned
q:6:151:19	6:151	6:151	19	w-s006-a151-w016	6:151:16	m-w-s006-a151-w016-01	أَوْلَادَكُمْ	و ل د		surface_root_sequence_fallback	morpheme_aligned
q:6:151:20	6:151	6:151	20	w-s006-a151-w017	6:151:17	m-w-s006-a151-w017-01			مِن	surface_root_sequence_fallback	morpheme_aligned
q:6:151:21	6:151	6:151	21	w-s006-a151-w018	6:151:18	m-w-s006-a151-w018-01	إِمْلَاقٍ	م ل ق	مِن	surface_root_sequence_fallback	morpheme_aligned
q:6:151:22	6:151	6:151	22	w-s006-a151-w019	6:151:19	m-w-s006-a151-w019-01	نَحْنُ			surface_root_sequence_fallback	morpheme_aligned
q:6:151:23	6:151	6:151	23	w-s006-a151-w020	6:151:20	m-w-s006-a151-w020-01;m-w-s006-a151-w020-02	نَرْزُقُكُمْ	ر ز ق		surface_root_sequence_fallback	morpheme_aligned
q:6:151:25	6:151	6:151	25	w-s006-a151-w021	6:151:21	m-w-s006-a151-w021-02	وَإِيَّاهُمْ			position_crosswalk	morpheme_aligned
q:6:151:28	6:151	6:151	28	w-s006-a151-w023	6:151:23	m-w-s006-a151-w023-01	تَقْرَبُوا	ق ر ب		surface_root_sequence_fallback	morpheme_aligned
q:6:151:29	6:151	6:151	29	w-s006-a151-w024	6:151:24	m-w-s006-a151-w024-02	الْفَوَاحِشَ	ف ح ش		surface_root_sequence_fallback	morpheme_aligned
q:6:151:30	6:151	6:151	30	w-s006-a151-w025	6:151:25	m-w-s006-a151-w025-01	مَا			surface_root_sequence_fallback	morpheme_aligned
q:6:151:31	6:151	6:151	31	w-s006-a151-w026	6:151:26	m-w-s006-a151-w026-01	ظَهَرَ	ظ ه ر	مِن	surface_root_sequence_fallback	morpheme_aligned
q:6:151:32	6:151	6:151	32	w-s006-a151-w027	6:151:27	m-w-s006-a151-w027-02;m-w-s006-a151-w027-01			مِن	surface_root_sequence_fallback	morpheme_aligned
q:6:151:34	6:151	6:151	34	w-s006-a151-w028	6:151:28	m-w-s006-a151-w028-02	وَمَا			position_crosswalk	morpheme_aligned
q:6:151:38	6:151	6:151	38	w-s006-a151-w031	6:151:31	m-w-s006-a151-w031-01	تَقْتُلُوا	ق ت ل	بـ	surface_root_sequence_fallback	morpheme_aligned
q:6:151:39	6:151	6:151	39	w-s006-a151-w032	6:151:32	m-w-s006-a151-w032-02	النَّفْسَ	ن ف س		surface_root_sequence_fallback	morpheme_aligned
q:6:151:40	6:151	6:151	40	w-s006-a151-w033	6:151:33	m-w-s006-a151-w033-01	الَّتِي	ل ل ت		surface_root_sequence_fallback	morpheme_aligned
q:6:151:41	6:151	6:151	41	w-s006-a151-w034	6:151:34	m-w-s006-a151-w034-01	حَرَّمَ	ح ر م		surface_root_sequence_fallback	morpheme_aligned
q:6:151:42	6:151	6:151	42	w-s006-a151-w035	6:151:35	m-w-s006-a151-w035-01	اللَّهُ	أ ل ه		surface_root_sequence_fallback	morpheme_aligned
q:6:151:44	6:151	6:151	44	w-s006-a151-w037	6:151:37	m-w-s006-a151-w037-01			بـ	surface_root_sequence_fallback	morpheme_aligned
q:6:151:45	6:151	6:151	45	w-s006-a151-w037	6:151:37	m-w-s006-a151-w037-03	بِالْحَقِّ	ح ق ق	بـ	position_crosswalk	morpheme_aligned
q:6:151:46	6:151	6:151	46	w-s006-a151-w038	6:151:38	m-w-s006-a151-w038-01	ذَلِكُمْ			surface_root_sequence_fallback	morpheme_aligned
q:6:151:47	6:151	6:151	47	w-s006-a151-w039	6:151:39	m-w-s006-a151-w039-01;m-w-s006-a151-w039-02	وَصَّاكُمْ	و ص ي	بـ	surface_root_sequence_fallback	morpheme_aligned
q:6:151:48	6:151	6:151	48	w-s006-a151-w040	6:151:40	m-w-s006-a151-w040-02;m-w-s006-a151-w040-01			بـ	surface_root_sequence_fallback	morpheme_aligned
q:6:151:49	6:151	6:151	49	w-s006-a151-w041	6:151:41	m-w-s006-a151-w041-01;m-w-s006-a151-w041-02	لَعَلَّكُمْ	ل ع ل		surface_root_sequence_fallback	morpheme_aligned
q:6:151:50	6:151	6:151	50	w-s006-a151-w042	6:151:42	m-w-s006-a151-w042-01	تَعْقِلُونَ	ع ق ل		surface_root_sequence_fallback	morpheme_aligned
q:6:152:3	6:152	6:152	3	w-s006-a152-w002	6:152:2	m-w-s006-a152-w002-01	تَقْرَبُوا	ق ر ب	بـ	position_crosswalk	morpheme_aligned
q:6:152:4	6:152	6:152	4	w-s006-a152-w003	6:152:3	m-w-s006-a152-w003-01	مَالَ	م و ل		position_crosswalk	morpheme_aligned
q:6:152:5	6:152	6:152	5	w-s006-a152-w004	6:152:4	m-w-s006-a152-w004-02	الْيَتِيمِ	ي ت م		position_crosswalk	morpheme_aligned
q:6:152:7	6:152	6:152	7	w-s006-a152-w006	6:152:6	m-w-s006-a152-w006-01			بـ	position_crosswalk	morpheme_aligned
q:6:152:8	6:152	6:152	8	w-s006-a152-w006	6:152:6	m-w-s006-a152-w006-02	بِالَّتِي	أ ل ي	بـ	position_crosswalk	morpheme_aligned
q:6:152:9	6:152	6:152	9	w-s006-a152-w007	6:152:7	m-w-s006-a152-w007-01	هِيَ			position_crosswalk	morpheme_aligned
q:6:152:10	6:152	6:152	10	w-s006-a152-w008	6:152:8	m-w-s006-a152-w008-01	أَحْسَنُ	ح س ن		position_crosswalk	morpheme_aligned
q:6:152:12	6:152	6:152	12	w-s006-a152-w010	6:152:10	m-w-s006-a152-w010-01	يَبْلُغَ	ب ل غ		position_crosswalk	morpheme_aligned
q:6:152:13	6:152	6:152	13	w-s006-a152-w011	6:152:11	m-w-s006-a152-w011-01	أَشُدَّهُ	ش د د		position_crosswalk	morpheme_aligned
q:6:152:15	6:152	6:152	15	w-s006-a152-w012	6:152:12	m-w-s006-a152-w012-02	وَأَوْفُوا	و ف ي	بـ	position_crosswalk	morpheme_aligned
q:6:152:16	6:152	6:152	16	w-s006-a152-w013	6:152:13	m-w-s006-a152-w013-02	الْكَيْلَ	ك ي ل		position_crosswalk	morpheme_aligned
q:6:152:18	6:152	6:152	18	w-s006-a152-w014	6:152:14	m-w-s006-a152-w014-03	وَالْمِيزَانَ	و ز ن		position_crosswalk	morpheme_aligned
q:6:152:19	6:152	6:152	19	w-s006-a152-w015	6:152:15	m-w-s006-a152-w015-01			بـ	position_crosswalk	morpheme_aligned
q:6:152:20	6:152	6:152	20	w-s006-a152-w015	6:152:15	m-w-s006-a152-w015-03	بِالْقِسْطِ	ق س ط	بـ	position_crosswalk	morpheme_aligned
q:6:152:22	6:152	6:152	22	w-s006-a152-w017	6:152:17	m-w-s006-a152-w017-01	نُكَلِّفُ	ك ل ف		position_crosswalk	morpheme_aligned
q:6:152:23	6:152	6:152	23	w-s006-a152-w018	6:152:18	m-w-s006-a152-w018-01	نَفْسَاً	ن ف س		position_crosswalk	morpheme_aligned
q:6:152:25	6:152	6:152	25	w-s006-a152-w020	6:152:20	m-w-s006-a152-w020-01	وُسْعَهَا	و س ع		position_crosswalk	morpheme_aligned
q:6:152:27	6:152	6:152	27	w-s006-a152-w021	6:152:21	m-w-s006-a152-w021-02	وَإِذَا	أ ذ ي		position_crosswalk	morpheme_aligned
q:6:152:28	6:152	6:152	28	w-s006-a152-w022	6:152:22	m-w-s006-a152-w022-01	قُلْتُمْ	ق ل ل		position_crosswalk	morpheme_aligned
q:6:152:33	6:152	6:152	33	w-s006-a152-w025	6:152:25	m-w-s006-a152-w025-01	كَانَ	ك و ن		position_crosswalk	morpheme_aligned
q:6:152:34	6:152	6:152	34	w-s006-a152-w026	6:152:26	m-w-s006-a152-w026-01	ذَا	ذ و و		position_crosswalk	morpheme_aligned
q:6:152:35	6:152	6:152	35	w-s006-a152-w027	6:152:27	m-w-s006-a152-w027-01	قُرْبَى	ق ر ب		position_crosswalk	morpheme_aligned
q:6:152:37	6:152	6:152	37	w-s006-a152-w027	6:152:27	m-w-s006-a152-w027-01			بـ	surface_root_sequence_fallback	morpheme_aligned
q:6:152:38	6:152	6:152	38	w-s006-a152-w028	6:152:28	m-w-s006-a152-w028-03	وَبِعَهْدِ	ع ه د	بـ	position_crosswalk	morpheme_aligned
q:6:152:39	6:152	6:152	39	w-s006-a152-w029	6:152:29	m-w-s006-a152-w029-01	اللَّهِ	أ ل ه		position_crosswalk	morpheme_aligned
q:6:152:40	6:152	6:152	40	w-s006-a152-w030	6:152:30	m-w-s006-a152-w030-01	أَوْفُوا	و ف ي	بـ	position_crosswalk	morpheme_aligned
q:6:152:41	6:152	6:152	41	w-s006-a152-w031	6:152:31	m-w-s006-a152-w031-01	ذَلِكُمْ			position_crosswalk	morpheme_aligned
q:6:152:42	6:152	6:152	42	w-s006-a152-w032	6:152:32	m-w-s006-a152-w032-01;m-w-s006-a152-w032-02	وَصَّاكُمْ	و ص ي	بـ	position_crosswalk	morpheme_aligned
q:6:152:43	6:152	6:152	43	w-s006-a152-w033	6:152:33	m-w-s006-a152-w033-02;m-w-s006-a152-w033-01			بـ	position_crosswalk	morpheme_aligned
q:6:152:44	6:152	6:152	44	w-s006-a152-w034	6:152:34	m-w-s006-a152-w034-01;m-w-s006-a152-w034-02	لَعَلَّكُمْ	ل ع ل		surface_root_sequence_fallback	morpheme_aligned
q:6:152:45	6:152	6:152	45	w-s006-a152-w035	6:152:35	m-w-s006-a152-w035-01	تَذَكَّرُونَ	ذ ك ر		surface_root_sequence_fallback	morpheme_aligned
q:6:153:2	6:153	6:153	2	w-s006-a153-w001	6:153:1	m-w-s006-a153-w001-02	وَأَنَّ			position_crosswalk	morpheme_aligned
q:6:153:3	6:153	6:153	3	w-s006-a153-w002	6:153:2	m-w-s006-a153-w002-01	هَذَا			position_crosswalk	morpheme_aligned
q:6:153:4	6:153	6:153	4	w-s006-a153-w003	6:153:3	m-w-s006-a153-w003-01	صِرَاطِي	ص ر ط		position_crosswalk	morpheme_aligned
q:6:153:5	6:153	6:153	5	w-s006-a153-w004	6:153:4	m-w-s006-a153-w004-01	مُسْتَقِيمَاً	ق و م		position_crosswalk	morpheme_aligned
q:6:153:7	6:153	6:153	7	w-s006-a153-w005	6:153:5	m-w-s006-a153-w005-02	فَاتَّبِعُوهُ	ت ب ع		position_crosswalk	morpheme_aligned
q:6:153:10	6:153	6:153	10	w-s006-a153-w005	6:153:5	m-w-s006-a153-w005-02	تَتَّبِعُوا	ت ب ع		surface_root_sequence_fallback	morpheme_aligned
q:6:153:11	6:153	6:153	11	w-s006-a153-w008	6:153:8	m-w-s006-a153-w008-02	السُّبُلَ	س ب ل		position_crosswalk	morpheme_aligned
q:6:153:13	6:153	6:153	13	w-s006-a153-w009	6:153:9	m-w-s006-a153-w009-02	فَتَفَرَّقَ	ف ر ق	بـ;عَن	position_crosswalk	morpheme_aligned
q:6:153:14	6:153	6:153	14	w-s006-a153-w010	6:153:10	m-w-s006-a153-w010-01			بـ	position_crosswalk	morpheme_aligned
q:6:153:15	6:153	6:153	15	w-s006-a153-w010	6:153:10	m-w-s006-a153-w010-02	بِكُمْ	ك م م	بـ	position_crosswalk	morpheme_aligned
q:6:153:16	6:153	6:153	16	w-s006-a153-w011	6:153:11	m-w-s006-a153-w011-01			عَن	position_crosswalk	morpheme_aligned
q:6:153:17	6:153	6:153	17	w-s006-a153-w012	6:153:12	m-w-s006-a153-w012-01	سَبِيلِهِ	س ب ل	عَن	position_crosswalk	morpheme_aligned
q:6:153:18	6:153	6:153	18	w-s006-a153-w013	6:153:13	m-w-s006-a153-w013-01	ذَلِكُمْ			position_crosswalk	morpheme_aligned
q:6:153:19	6:153	6:153	19	w-s006-a153-w014	6:153:14	m-w-s006-a153-w014-01;m-w-s006-a153-w014-02	وَصَّاكُمْ	و ص ي	بـ	position_crosswalk	morpheme_aligned
q:6:153:20	6:153	6:153	20	w-s006-a153-w015	6:153:15	m-w-s006-a153-w015-02;m-w-s006-a153-w015-01			بـ	position_crosswalk	morpheme_aligned
q:6:153:21	6:153	6:153	21	w-s006-a153-w016	6:153:16	m-w-s006-a153-w016-01;m-w-s006-a153-w016-02	لَعَلَّكُمْ	ل ع ل		surface_root_sequence_fallback	morpheme_aligned
q:6:153:22	6:153	6:153	22	w-s006-a153-w017	6:153:17	m-w-s006-a153-w017-01	تَتَّقُونَ	و ق ي		surface_root_sequence_fallback	morpheme_aligned
q:6:154:2	6:154	6:154	2	w-s006-a154-w002	6:154:2	m-w-s006-a154-w002-01	آتَيْنَا	أ ت ي		position_crosswalk	morpheme_aligned
q:6:154:3	6:154	6:154	3	w-s006-a154-w003	6:154:3	m-w-s006-a154-w003-01	مُوسَى			position_crosswalk	morpheme_aligned
q:6:154:4	6:154	6:154	4	w-s006-a154-w004	6:154:4	m-w-s006-a154-w004-02	الْكِتَابَ	ك ت ب		position_crosswalk	morpheme_aligned
q:6:154:5	6:154	6:154	5	w-s006-a154-w005	6:154:5	m-w-s006-a154-w005-01	تَمَامَاً	ت م م	عَلَى	position_crosswalk	morpheme_aligned
q:6:154:6	6:154	6:154	6	w-s006-a154-w006	6:154:6	m-w-s006-a154-w006-01			عَلَى	position_crosswalk	morpheme_aligned
q:6:154:7	6:154	6:154	7	w-s006-a154-w007	6:154:7	m-w-s006-a154-w007-01	الَّذِي	ل ل ذ	عَلَى	position_crosswalk	morpheme_aligned
q:6:154:10	6:154	6:154	10	w-s006-a154-w009	6:154:9	m-w-s006-a154-w009-02	وَتَفْصِيلَاً	ف ص ل	لـ	position_crosswalk	morpheme_aligned
q:6:154:11	6:154	6:154	11	w-s006-a154-w010	6:154:10	m-w-s006-a154-w010-01			لـ	position_crosswalk	morpheme_aligned
q:6:154:12	6:154	6:154	12	w-s006-a154-w010	6:154:10	m-w-s006-a154-w010-02	لِكُلِّ	ك ل ل	لـ	position_crosswalk	morpheme_aligned
q:6:154:13	6:154	6:154	13	w-s006-a154-w011	6:154:11	m-w-s006-a154-w011-01	شَيْءٍ	ش ي ء		position_crosswalk	morpheme_aligned
q:6:154:15	6:154	6:154	15	w-s006-a154-w012	6:154:12	m-w-s006-a154-w012-02	وَهُدَىً	ه د ي		position_crosswalk	morpheme_aligned
q:6:154:17	6:154	6:154	17	w-s006-a154-w013	6:154:13	m-w-s006-a154-w013-02	وَرَحْمَةً	ر ح م		position_crosswalk	morpheme_aligned
q:6:154:18	6:154	6:154	18	w-s006-a154-w014	6:154:14	m-w-s006-a154-w014-01;m-w-s006-a154-w014-02	لَعَلَّهُمْ	ل ع ل		position_crosswalk	morpheme_aligned
q:6:154:19	6:154	6:154	19	w-s006-a154-w015	6:154:15	m-w-s006-a154-w015-01			بـ	position_crosswalk	morpheme_aligned
q:6:154:20	6:154	6:154	20	w-s006-a154-w015	6:154:15	m-w-s006-a154-w015-02	بِلِقَاءِ	ل ق ي	بـ	position_crosswalk	morpheme_aligned
q:6:154:21	6:154	6:154	21	w-s006-a154-w016	6:154:16	m-w-s006-a154-w016-01	رَبِّهِمْ	ر ب ب		position_crosswalk	morpheme_aligned
q:6:154:22	6:154	6:154	22	w-s006-a154-w017	6:154:17	m-w-s006-a154-w017-01	يُؤْمِنُونَ	أ م ن	بـ	position_crosswalk	morpheme_aligned
q:6:155:2	6:155	6:155	2	w-s006-a155-w001	6:155:1	m-w-s006-a155-w001-02	وَهَذَا			position_crosswalk	morpheme_aligned
q:6:155:3	6:155	6:155	3	w-s006-a155-w002	6:155:2	m-w-s006-a155-w002-01	كِتَابٌ	ك ت ب		position_crosswalk	morpheme_aligned
q:6:155:4	6:155	6:155	4	w-s006-a155-w003	6:155:3	m-w-s006-a155-w003-01	أَنْزَلْنَاهُ	ن ز ل		position_crosswalk	morpheme_aligned
q:6:155:5	6:155	6:155	5	w-s006-a155-w004	6:155:4	m-w-s006-a155-w004-01	مُبَارَكٌ	ب ر ك		position_crosswalk	morpheme_aligned
q:6:155:7	6:155	6:155	7	w-s006-a155-w005	6:155:5	m-w-s006-a155-w005-02	فَاتَّبِعُوهُ	ت ب ع		position_crosswalk	morpheme_aligned
q:6:155:9	6:155	6:155	9	w-s006-a155-w006	6:155:6	m-w-s006-a155-w006-02	وَاتَّقُوا	و ق ي		position_crosswalk	morpheme_aligned
q:6:155:10	6:155	6:155	10	w-s006-a155-w007	6:155:7	m-w-s006-a155-w007-01;m-w-s006-a155-w007-02	لَعَلَّكُمْ	ل ع ل		position_crosswalk	morpheme_aligned
q:6:155:11	6:155	6:155	11	w-s006-a155-w008	6:155:8	m-w-s006-a155-w008-01	تُرْحَمُونَ	ر ح م		position_crosswalk	morpheme_aligned
q:6:156:2	6:156	6:156	2	w-s006-a156-w002	6:156:2	m-w-s006-a156-w002-01	تَقُولُوا	ق و ل		position_crosswalk	morpheme_aligned
q:6:156:3	6:156	6:156	3	w-s006-a156-w003	6:156:3		إِنَّمَا	إ ن م ا		position_crosswalk	word_aligned
q:6:156:4	6:156	6:156	4	w-s006-a156-w004	6:156:4	m-w-s006-a156-w004-01	أُنْزِلَ	ن ز ل	عَلَى;مِن	position_crosswalk	morpheme_aligned
q:6:156:5	6:156	6:156	5	w-s006-a156-w005	6:156:5	m-w-s006-a156-w005-02	الْكِتَابُ	ك ت ب		position_crosswalk	morpheme_aligned
q:6:156:6	6:156	6:156	6	w-s006-a156-w006	6:156:6	m-w-s006-a156-w006-01			عَلَى	position_crosswalk	morpheme_aligned
q:6:156:7	6:156	6:156	7	w-s006-a156-w007	6:156:7	m-w-s006-a156-w007-01	طَائِفَتَيْنِ	ط و ف	عَلَى	position_crosswalk	morpheme_aligned
q:6:156:8	6:156	6:156	8	w-s006-a156-w008	6:156:8	m-w-s006-a156-w008-01			مِن	position_crosswalk	morpheme_aligned
q:6:156:9	6:156	6:156	9	w-s006-a156-w009	6:156:9	m-w-s006-a156-w009-01	قَبْلِنَا	ق ب ل	مِن	position_crosswalk	morpheme_aligned
q:6:156:12	6:156	6:156	12	w-s006-a156-w011	6:156:11	m-w-s006-a156-w011-01	كُنَّا	ك و ن		position_crosswalk	morpheme_aligned
q:6:156:13	6:156	6:156	13	w-s006-a156-w012	6:156:12	m-w-s006-a156-w012-01			عَن	position_crosswalk	morpheme_aligned
q:6:156:14	6:156	6:156	14	w-s006-a156-w013	6:156:13	m-w-s006-a156-w013-01	دِرَاسَتِهِمْ	د ر س	عَن	position_crosswalk	morpheme_aligned
q:6:156:16	6:156	6:156	16	w-s006-a156-w014	6:156:14	m-w-s006-a156-w014-02	لَغَافِلِينَ	غ ف ل	عَن	position_crosswalk	morpheme_aligned
q:6:157:2	6:157	6:157	2	w-s006-a157-w002	6:157:2	m-w-s006-a157-w002-01	تَقُولُوا	ق و ل		position_crosswalk	morpheme_aligned
q:6:157:3	6:157	6:157	3	w-s006-a157-w003	6:157:3	m-w-s006-a157-w003-01	لَوْ	ل و ي		position_crosswalk	morpheme_aligned
q:6:157:4	6:157	6:157	4	w-s006-a157-w004	6:157:4	m-w-s006-a157-w004-01;m-w-s006-a157-w004-02				position_crosswalk	morpheme_aligned
q:6:157:5	6:157	6:157	5	w-s006-a157-w005	6:157:5	m-w-s006-a157-w005-01	أُنْزِلَ	ن ز ل	عَلَى	position_crosswalk	morpheme_aligned
q:6:157:6	6:157	6:157	6	w-s006-a157-w006	6:157:6	m-w-s006-a157-w006-02;m-w-s006-a157-w006-01			عَلَى	position_crosswalk	morpheme_aligned
q:6:157:7	6:157	6:157	7	w-s006-a157-w007	6:157:7	m-w-s006-a157-w007-02	الْكِتَابُ	ك ت ب		position_crosswalk	morpheme_aligned
q:6:157:9	6:157	6:157	9	w-s006-a157-w008	6:157:8	m-w-s006-a157-w008-02	لَكُنَّا	ك و ن		position_crosswalk	morpheme_aligned
q:6:157:10	6:157	6:157	10	w-s006-a157-w009	6:157:9	m-w-s006-a157-w009-01	أَهْدَى	ه د ي	مِن	position_crosswalk	morpheme_aligned
q:6:157:11	6:157	6:157	11	w-s006-a157-w010	6:157:10	m-w-s006-a157-w010-02;m-w-s006-a157-w010-01			مِن	position_crosswalk	morpheme_aligned
q:6:157:14	6:157	6:157	14	w-s006-a157-w012	6:157:12	m-w-s006-a157-w012-01;m-w-s006-a157-w012-02	جَاءَكُمْ	ج ي أ		position_crosswalk	morpheme_aligned
q:6:157:15	6:157	6:157	15	w-s006-a157-w013	6:157:13	m-w-s006-a157-w013-01	بَيِّنَةٌ	ب ي ن	مِن	position_crosswalk	morpheme_aligned
q:6:157:16	6:157	6:157	16	w-s006-a157-w014	6:157:14	m-w-s006-a157-w014-01			مِن	position_crosswalk	morpheme_aligned
q:6:157:17	6:157	6:157	17	w-s006-a157-w015	6:157:15	m-w-s006-a157-w015-01	رَبِّكُمْ	ر ب ب	مِن	position_crosswalk	morpheme_aligned
q:6:157:19	6:157	6:157	19	w-s006-a157-w016	6:157:16	m-w-s006-a157-w016-02	وَهُدَىً	ه د ي		position_crosswalk	morpheme_aligned
q:6:157:21	6:157	6:157	21	w-s006-a157-w017	6:157:17	m-w-s006-a157-w017-02	وَرَحْمَةٌ	ر ح م		position_crosswalk	morpheme_aligned
q:6:157:23	6:157	6:157	23	w-s006-a157-w018	6:157:18	m-w-s006-a157-w018-02	فَمَنْ	م ن ن		position_crosswalk	morpheme_aligned
q:6:157:24	6:157	6:157	24	w-s006-a157-w019	6:157:19	m-w-s006-a157-w019-01	أَظْلَمُ	ظ ل م	مِن	position_crosswalk	morpheme_aligned
q:6:157:25	6:157	6:157	25	w-s006-a157-w020	6:157:20	m-w-s006-a157-w020-01			مِن	position_crosswalk	morpheme_aligned
q:6:157:26	6:157	6:157	26	w-s006-a157-w021	6:157:21	m-w-s006-a157-w021-01	كَذَّبَ	ك ذ ب	بـ	position_crosswalk	morpheme_aligned
q:6:157:27	6:157	6:157	27	w-s006-a157-w021	6:157:21	m-w-s006-a157-w021-01			بـ	surface_root_sequence_fallback	morpheme_aligned
q:6:157:28	6:157	6:157	28	w-s006-a157-w022	6:157:22	m-w-s006-a157-w022-02	بِآيَاتِ	أ ي ي	بـ	position_crosswalk	morpheme_aligned
q:6:157:29	6:157	6:157	29	w-s006-a157-w023	6:157:23	m-w-s006-a157-w023-01	اللَّهِ	أ ل ه		position_crosswalk	morpheme_aligned
q:6:157:31	6:157	6:157	31	w-s006-a157-w024	6:157:24	m-w-s006-a157-w024-02	وَصَدَفَ	ص د ف	عَن	position_crosswalk	morpheme_aligned
q:6:157:32	6:157	6:157	32	w-s006-a157-w025	6:157:25	m-w-s006-a157-w025-02;m-w-s006-a157-w025-01			عَن	position_crosswalk	morpheme_aligned
q:6:157:33	6:157	6:157	33	w-s006-a157-w026	6:157:26	m-w-s006-a157-w026-02	سَنَجْزِي	ج ز ي	بـ	position_crosswalk	morpheme_aligned
q:6:157:34	6:157	6:157	34	w-s006-a157-w027	6:157:27	m-w-s006-a157-w027-01	الَّذِينَ	ل ل ذ		surface_root_sequence_fallback	morpheme_aligned
q:6:157:35	6:157	6:157	35	w-s006-a157-w028	6:157:28	m-w-s006-a157-w028-01	يَصْدِفُونَ	ص د ف	عَن	surface_root_sequence_fallback	morpheme_aligned
q:6:157:36	6:157	6:157	36	w-s006-a157-w029	6:157:29	m-w-s006-a157-w029-01			عَن	surface_root_sequence_fallback	morpheme_aligned
q:6:157:37	6:157	6:157	37	w-s006-a157-w030	6:157:30	m-w-s006-a157-w030-01	آيَاتِنَا	أ ي ي	عَن	surface_root_sequence_fallback	morpheme_aligned
q:6:157:38	6:157	6:157	38	w-s006-a157-w031	6:157:31	m-w-s006-a157-w031-01	سُوءَ	س و أ		surface_root_sequence_fallback	morpheme_aligned
q:6:157:39	6:157	6:157	39	w-s006-a157-w032	6:157:32	m-w-s006-a157-w032-02	الْعَذَابِ	ع ذ ب		surface_root_sequence_fallback	morpheme_aligned
q:6:157:40	6:157	6:157	40	w-s006-a157-w033	6:157:33	m-w-s006-a157-w033-01			بـ	surface_root_sequence_fallback	morpheme_aligned
q:6:157:41	6:157	6:157	41	w-s006-a157-w033	6:157:33	m-w-s006-a157-w033-02	بِمَا		بـ	position_crosswalk	morpheme_aligned
q:6:157:42	6:157	6:157	42	w-s006-a157-w034	6:157:34	m-w-s006-a157-w034-01	كَانُوا	ك و ن		surface_root_sequence_fallback	morpheme_aligned
q:6:157:43	6:157	6:157	43	w-s006-a157-w035	6:157:35	m-w-s006-a157-w035-01	يَصْدِفُونَ	ص د ف		surface_root_sequence_fallback	morpheme_aligned
q:6:158:2	6:158	6:158	2	w-s006-a158-w002	6:158:2	m-w-s006-a158-w002-01	يَنْظُرُونَ	ن ظ ر		position_crosswalk	morpheme_aligned
q:6:158:4	6:158	6:158	4	w-s006-a158-w004	6:158:4	m-w-s006-a158-w004-01	أَنْ			position_crosswalk	morpheme_aligned
q:6:158:5	6:158	6:158	5	w-s006-a158-w005	6:158:5	m-w-s006-a158-w005-01;m-w-s006-a158-w005-02	تَأْتِيَهُمُ	أ ت ي		position_crosswalk	morpheme_aligned
q:6:158:6	6:158	6:158	6	w-s006-a158-w006	6:158:6	m-w-s006-a158-w006-02	الْمَلَائِكَةُ	م ل ك		position_crosswalk	morpheme_aligned
q:6:158:8	6:158	6:158	8	w-s006-a158-w008	6:158:8	m-w-s006-a158-w008-01	يَأْتِيَ	أ ت ي		position_crosswalk	morpheme_aligned
q:6:158:9	6:158	6:158	9	w-s006-a158-w009	6:158:9	m-w-s006-a158-w009-01	رَبُّكَ	ر ب ب		position_crosswalk	morpheme_aligned
q:6:158:11	6:158	6:158	11	w-s006-a158-w011	6:158:11	m-w-s006-a158-w011-01	يَأْتِيَ	أ ت ي		position_crosswalk	morpheme_aligned
q:6:158:12	6:158	6:158	12	w-s006-a158-w012	6:158:12	m-w-s006-a158-w012-01	بَعْضُ	ب ع ض		position_crosswalk	morpheme_aligned
q:6:158:13	6:158	6:158	13	w-s006-a158-w013	6:158:13	m-w-s006-a158-w013-01	آيَاتِ	أ ي ي		position_crosswalk	morpheme_aligned
q:6:158:14	6:158	6:158	14	w-s006-a158-w014	6:158:14	m-w-s006-a158-w014-01	رَبِّكَ	ر ب ب		position_crosswalk	morpheme_aligned
q:6:158:15	6:158	6:158	15	w-s006-a158-w015	6:158:15	m-w-s006-a158-w015-01	يَوْمَ	ي و م		position_crosswalk	morpheme_aligned
q:6:158:16	6:158	6:158	16	w-s006-a158-w016	6:158:16	m-w-s006-a158-w016-01	يَأْتِي	أ ت ي		position_crosswalk	morpheme_aligned
q:6:158:17	6:158	6:158	17	w-s006-a158-w017	6:158:17	m-w-s006-a158-w017-01	بَعْضُ	ب ع ض		position_crosswalk	morpheme_aligned
q:6:158:18	6:158	6:158	18	w-s006-a158-w018	6:158:18	m-w-s006-a158-w018-01	آيَاتِ	أ ي ي		position_crosswalk	morpheme_aligned
q:6:158:19	6:158	6:158	19	w-s006-a158-w019	6:158:19	m-w-s006-a158-w019-01	رَبِّكَ	ر ب ب		position_crosswalk	morpheme_aligned
q:6:158:21	6:158	6:158	21	w-s006-a158-w021	6:158:21	m-w-s006-a158-w021-01	يَنْفَعُ	ن ف ع		position_crosswalk	morpheme_aligned
q:6:158:22	6:158	6:158	22	w-s006-a158-w022	6:158:22	m-w-s006-a158-w022-01	نَفْسَاً	ن ف س		position_crosswalk	morpheme_aligned
q:6:158:23	6:158	6:158	23	w-s006-a158-w023	6:158:23	m-w-s006-a158-w023-01	إِيمَانُهَا	أ م ن		position_crosswalk	morpheme_aligned
q:6:158:25	6:158	6:158	25	w-s006-a158-w025	6:158:25	m-w-s006-a158-w025-01	تَكُنْ	ك و ن		position_crosswalk	morpheme_aligned
q:6:158:26	6:158	6:158	26	w-s006-a158-w026	6:158:26	m-w-s006-a158-w026-01	آمَنَتْ	أ م ن	مِن	position_crosswalk	morpheme_aligned
q:6:158:27	6:158	6:158	27	w-s006-a158-w026	6:158:26	m-w-s006-a158-w026-01			مِن	surface_root_sequence_fallback	morpheme_aligned
q:6:158:28	6:158	6:158	28	w-s006-a158-w028	6:158:28	m-w-s006-a158-w028-01	قَبْلُ	ق ب ل	مِن	position_crosswalk	morpheme_aligned
q:6:158:30	6:158	6:158	30	w-s006-a158-w030	6:158:30	m-w-s006-a158-w030-01	كَسَبَتْ	ك س ب	فِي	position_crosswalk	morpheme_aligned
q:6:158:31	6:158	6:158	31	w-s006-a158-w031	6:158:31	m-w-s006-a158-w031-01			فِي	position_crosswalk	morpheme_aligned
q:6:158:32	6:158	6:158	32	w-s006-a158-w032	6:158:32	m-w-s006-a158-w032-01	إِيمَانِهَا	أ م ن	فِي	position_crosswalk	morpheme_aligned
q:6:158:33	6:158	6:158	33	w-s006-a158-w033	6:158:33	m-w-s006-a158-w033-01	خَيْرَاً	خ ي ر		position_crosswalk	morpheme_aligned
q:6:158:34	6:158	6:158	34	w-s006-a158-w034	6:158:34	m-w-s006-a158-w034-01	قُلِ	ق ل ل		position_crosswalk	morpheme_aligned
q:6:158:35	6:158	6:158	35	w-s006-a158-w035	6:158:35	m-w-s006-a158-w035-01	انْتَظِرُوا	ن ظ ر		position_crosswalk	morpheme_aligned
q:6:158:36	6:158	6:158	36	w-s006-a158-w036	6:158:36	m-w-s006-a158-w036-01;m-w-s006-a158-w036-02	إِنَّا			position_crosswalk	morpheme_aligned
q:6:158:37	6:158	6:158	37	w-s006-a158-w037	6:158:37	m-w-s006-a158-w037-01	مُنْتَظِرُونَ	ن ظ ر		position_crosswalk	morpheme_aligned
q:6:159:1	6:159	6:159	1	w-s006-a159-w001	6:159:1	m-w-s006-a159-w001-01	إِنَّ			position_crosswalk	morpheme_aligned
q:6:159:2	6:159	6:159	2	w-s006-a159-w002	6:159:2	m-w-s006-a159-w002-01	الَّذِينَ	ل ل ذ		position_crosswalk	morpheme_aligned
q:6:159:3	6:159	6:159	3	w-s006-a159-w003	6:159:3	m-w-s006-a159-w003-01	فَرَّقُوا	ف ر ق		position_crosswalk	morpheme_aligned
q:6:159:4	6:159	6:159	4	w-s006-a159-w004	6:159:4	m-w-s006-a159-w004-01	دِينَهُمْ	د ي ن		position_crosswalk	morpheme_aligned
q:6:159:6	6:159	6:159	6	w-s006-a159-w005	6:159:5	m-w-s006-a159-w005-02	وَكَانُوا	ك و ن		position_crosswalk	morpheme_aligned
q:6:159:7	6:159	6:159	7	w-s006-a159-w006	6:159:6	m-w-s006-a159-w006-01	شِيَعَاً	ش ي ع		position_crosswalk	morpheme_aligned
q:6:159:8	6:159	6:159	8	w-s006-a159-w007	6:159:7	m-w-s006-a159-w007-01	لَسْتَ	ل ي س	مِن;فِي	position_crosswalk	morpheme_aligned
q:6:159:9	6:159	6:159	9	w-s006-a159-w008	6:159:8	m-w-s006-a159-w008-02;m-w-s006-a159-w008-01			مِن	position_crosswalk	morpheme_aligned
q:6:159:10	6:159	6:159	10	w-s006-a159-w009	6:159:9	m-w-s006-a159-w009-01			فِي	position_crosswalk	morpheme_aligned
q:6:159:11	6:159	6:159	11	w-s006-a159-w010	6:159:10	m-w-s006-a159-w010-01	شَيْءٍ	ش ي ء	فِي	position_crosswalk	morpheme_aligned
q:6:159:13	6:159	6:159	13	w-s006-a159-w012	6:159:12	m-w-s006-a159-w012-01	أَمْرُهُمْ	أ م ر	إِلَى	position_crosswalk	morpheme_aligned
q:6:159:14	6:159	6:159	14	w-s006-a159-w013	6:159:13	m-w-s006-a159-w013-01	إِلَى		إِلَى	position_crosswalk	morpheme_aligned
q:6:159:15	6:159	6:159	15	w-s006-a159-w014	6:159:14	m-w-s006-a159-w014-01	اللَّهِ	أ ل ه	إِلَى	position_crosswalk	morpheme_aligned
q:6:159:17	6:159	6:159	17	w-s006-a159-w016	6:159:16	m-w-s006-a159-w016-01;m-w-s006-a159-w016-02	يُنَبِّئُهُمْ	ن ب أ	بـ	position_crosswalk	morpheme_aligned
q:6:159:18	6:159	6:159	18	w-s006-a159-w016	6:159:16	m-w-s006-a159-w016-01			بـ	surface_root_sequence_fallback	morpheme_aligned
q:6:159:19	6:159	6:159	19	w-s006-a159-w017	6:159:17	m-w-s006-a159-w017-02	بِمَا		بـ	position_crosswalk	morpheme_aligned
q:6:159:20	6:159	6:159	20	w-s006-a159-w018	6:159:18	m-w-s006-a159-w018-01	كَانُوا	ك و ن		position_crosswalk	morpheme_aligned
q:6:159:21	6:159	6:159	21	w-s006-a159-w019	6:159:19	m-w-s006-a159-w019-01	يَفْعَلُونَ	ف ع ل		position_crosswalk	morpheme_aligned
q:6:160:1	6:160	6:160	1	w-s006-a160-w001	6:160:1	m-w-s006-a160-w001-01	مَنْ	م ن ن		position_crosswalk	morpheme_aligned
q:6:160:2	6:160	6:160	2	w-s006-a160-w002	6:160:2	m-w-s006-a160-w002-01	جَاءَ	ج ي أ	بـ	position_crosswalk	morpheme_aligned
q:6:160:3	6:160	6:160	3	w-s006-a160-w003	6:160:3	m-w-s006-a160-w003-01			بـ	position_crosswalk	morpheme_aligned
q:6:160:4	6:160	6:160	4	w-s006-a160-w003	6:160:3	m-w-s006-a160-w003-03	بِالْحَسَنَةِ	ح س ن	بـ	position_crosswalk	morpheme_aligned
q:6:160:6	6:160	6:160	6	w-s006-a160-w003	6:160:3	m-w-s006-a160-w003-03;m-w-s006-a160-w003-01	فَلَهُ	و ل ي	لـ	surface_root_sequence_fallback	morpheme_aligned
q:6:160:7	6:160	6:160	7	w-s006-a160-w005	6:160:5	m-w-s006-a160-w005-01	عَشْرُ	ع ش ر	لـ	surface_root_sequence_fallback	morpheme_aligned
q:6:160:8	6:160	6:160	8	w-s006-a160-w006	6:160:6	m-w-s006-a160-w006-01	أَمْثَالِهَا	م ث ل		surface_root_sequence_fallback	morpheme_aligned
q:6:160:10	6:160	6:160	10	w-s006-a160-w007	6:160:7	m-w-s006-a160-w007-02	وَمَنْ	م ن ن		position_crosswalk	morpheme_aligned
q:6:160:11	6:160	6:160	11	w-s006-a160-w008	6:160:8	m-w-s006-a160-w008-01	جَاءَ	ج ي أ	بـ	surface_root_sequence_fallback	morpheme_aligned
q:6:160:12	6:160	6:160	12	w-s006-a160-w009	6:160:9	m-w-s006-a160-w009-01			بـ	surface_root_sequence_fallback	morpheme_aligned
q:6:160:13	6:160	6:160	13	w-s006-a160-w009	6:160:9	m-w-s006-a160-w009-03	بِالسَّيِّئَةِ	س و أ	بـ	position_crosswalk	morpheme_aligned
q:6:160:16	6:160	6:160	16	w-s006-a160-w011	6:160:11	m-w-s006-a160-w011-01	يُجْزَى	ج ز ي		surface_root_sequence_fallback	morpheme_aligned
q:6:160:18	6:160	6:160	18	w-s006-a160-w013	6:160:13	m-w-s006-a160-w013-01	مِثْلَهَا	م ث ل		surface_root_sequence_fallback	morpheme_aligned
q:6:160:20	6:160	6:160	20	w-s006-a160-w014	6:160:14	m-w-s006-a160-w014-02	وَهُمْ			position_crosswalk	morpheme_aligned
q:6:160:22	6:160	6:160	22	w-s006-a160-w016	6:160:16	m-w-s006-a160-w016-01	يُظْلَمُونَ	ظ ل م		surface_root_sequence_fallback	morpheme_aligned
q:6:161:1	6:161	6:161	1	w-s006-a161-w001	6:161:1	m-w-s006-a161-w001-01	قُلْ	ق ل ل		position_crosswalk	morpheme_aligned
q:6:161:2	6:161	6:161	2	w-s006-a161-w002	6:161:2	m-w-s006-a161-w002-01;m-w-s006-a161-w002-02	إِنَّنِي			position_crosswalk	morpheme_aligned
q:6:161:3	6:161	6:161	3	w-s006-a161-w003	6:161:3	m-w-s006-a161-w003-01;m-w-s006-a161-w003-02	هَدَانِي	ه د ي	إِلَى	position_crosswalk	morpheme_aligned
q:6:161:4	6:161	6:161	4	w-s006-a161-w004	6:161:4	m-w-s006-a161-w004-01	رَبِّي	ر ب ب		position_crosswalk	morpheme_aligned
q:6:161:5	6:161	6:161	5	w-s006-a161-w005	6:161:5	m-w-s006-a161-w005-01			إِلَى	position_crosswalk	morpheme_aligned
q:6:161:6	6:161	6:161	6	w-s006-a161-w006	6:161:6	m-w-s006-a161-w006-01	صِرَاطٍ	ص ر ط	إِلَى	position_crosswalk	morpheme_aligned
q:6:161:7	6:161	6:161	7	w-s006-a161-w007	6:161:7	m-w-s006-a161-w007-01	مُسْتَقِيمٍ	ق و م		position_crosswalk	morpheme_aligned
q:6:161:8	6:161	6:161	8	w-s006-a161-w008	6:161:8	m-w-s006-a161-w008-01	دِينَاً	د ي ن		position_crosswalk	morpheme_aligned
q:6:161:9	6:161	6:161	9	w-s006-a161-w009	6:161:9	m-w-s006-a161-w009-01	قِيَمَاً	ق و م		position_crosswalk	morpheme_aligned
q:6:161:10	6:161	6:161	10	w-s006-a161-w010	6:161:10	m-w-s006-a161-w010-01	مِلَّةَ	م ل ل		position_crosswalk	morpheme_aligned
q:6:161:11	6:161	6:161	11	w-s006-a161-w011	6:161:11	m-w-s006-a161-w011-01	إِبْرَاهِيمَ	ب ر ه م		position_crosswalk	morpheme_aligned
q:6:161:12	6:161	6:161	12	w-s006-a161-w012	6:161:12	m-w-s006-a161-w012-01	حَنِيفَاً	ح ن ف		position_crosswalk	morpheme_aligned
q:6:161:15	6:161	6:161	15	w-s006-a161-w014	6:161:14	m-w-s006-a161-w014-01	كَانَ	ك و ن	مِن	position_crosswalk	morpheme_aligned
q:6:161:16	6:161	6:161	16	w-s006-a161-w015	6:161:15	m-w-s006-a161-w015-01			مِن	position_crosswalk	morpheme_aligned
q:6:161:17	6:161	6:161	17	w-s006-a161-w016	6:161:16	m-w-s006-a161-w016-02	الْمُشْرِكِينَ	ش ر ك	مِن	position_crosswalk	morpheme_aligned
q:6:162:1	6:162	6:162	1	w-s006-a162-w001	6:162:1	m-w-s006-a162-w001-01	قُلْ	ق ل ل		position_crosswalk	morpheme_aligned
q:6:162:2	6:162	6:162	2	w-s006-a162-w002	6:162:2	m-w-s006-a162-w002-01	إِنَّ		لـ	position_crosswalk	morpheme_aligned
q:6:162:3	6:162	6:162	3	w-s006-a162-w003	6:162:3	m-w-s006-a162-w003-01	صَلَاتِي	ص ل و		position_crosswalk	morpheme_aligned
q:6:162:5	6:162	6:162	5	w-s006-a162-w004	6:162:4	m-w-s006-a162-w004-02	وَنُسُكِي	ن س ك		position_crosswalk	morpheme_aligned
q:6:162:7	6:162	6:162	7	w-s006-a162-w005	6:162:5	m-w-s006-a162-w005-02	وَمَحْيَايَ	ح ي ي		position_crosswalk	morpheme_aligned
q:6:162:9	6:162	6:162	9	w-s006-a162-w006	6:162:6	m-w-s006-a162-w006-02	وَمَمَاتِي	م و ت		position_crosswalk	morpheme_aligned
q:6:162:10	6:162	6:162	10	w-s006-a162-w007	6:162:7	m-w-s006-a162-w007-01			لـ	position_crosswalk	morpheme_aligned
q:6:162:11	6:162	6:162	11	w-s006-a162-w007	6:162:7	m-w-s006-a162-w007-02	لِلَّهِ	أ ل ه	لـ	position_crosswalk	morpheme_aligned
q:6:162:12	6:162	6:162	12	w-s006-a162-w008	6:162:8	m-w-s006-a162-w008-01	رَبِّ	ر ب ب		position_crosswalk	morpheme_aligned
q:6:162:13	6:162	6:162	13	w-s006-a162-w009	6:162:9	m-w-s006-a162-w009-02	الْعَالَمِينَ	ع ل م		position_crosswalk	morpheme_aligned
q:6:163:1	6:163	6:163	1	w-s006-a163-w001	6:163:1	m-w-s006-a163-w001-01	لَا		لـ	position_crosswalk	morpheme_aligned
q:6:163:2	6:163	6:163	2	w-s006-a163-w002	6:163:2	m-w-s006-a163-w002-01	شَرِيكَ	ش ر ك		position_crosswalk	morpheme_aligned
q:6:163:3	6:163	6:163	3	w-s006-a163-w003	6:163:3	m-w-s006-a163-w003-02;m-w-s006-a163-w003-01	لَهُ	و ل ي	لـ	position_crosswalk	morpheme_aligned
q:6:163:5	6:163	6:163	5	w-s006-a163-w004	6:163:4	m-w-s006-a163-w004-02			بـ	position_crosswalk	morpheme_aligned
q:6:163:6	6:163	6:163	6	w-s006-a163-w004	6:163:4	m-w-s006-a163-w004-03	وَبِذَلِكَ		بـ	position_crosswalk	morpheme_aligned
q:6:163:7	6:163	6:163	7	w-s006-a163-w005	6:163:5	m-w-s006-a163-w005-01	أُمِرْتُ	أ م ر	بـ	surface_root_sequence_fallback	morpheme_aligned
q:6:163:9	6:163	6:163	9	w-s006-a163-w006	6:163:6	m-w-s006-a163-w006-02	وَأَنَا			position_crosswalk	morpheme_aligned
q:6:163:10	6:163	6:163	10	w-s006-a163-w007	6:163:7	m-w-s006-a163-w007-01	أَوَّلُ	أ و ل		surface_root_sequence_fallback	morpheme_aligned
q:6:163:11	6:163	6:163	11	w-s006-a163-w008	6:163:8	m-w-s006-a163-w008-02	الْمُسْلِمِينَ	س ل م		surface_root_sequence_fallback	morpheme_aligned
q:6:164:1	6:164	6:164	1	w-s006-a164-w001	6:164:1	m-w-s006-a164-w001-01	قُلْ	ق ل ل		position_crosswalk	morpheme_aligned
q:6:164:2	6:164	6:164	2	w-s006-a164-w002	6:164:2	m-w-s006-a164-w002-02	أَغَيْرَ	غ ي ر		position_crosswalk	morpheme_aligned
q:6:164:3	6:164	6:164	3	w-s006-a164-w003	6:164:3	m-w-s006-a164-w003-01	اللَّهِ	أ ل ه		surface_root_sequence_fallback	morpheme_aligned
q:6:164:4	6:164	6:164	4	w-s006-a164-w004	6:164:4	m-w-s006-a164-w004-01	أَبْغِي	ب غ ي		surface_root_sequence_fallback	morpheme_aligned
q:6:164:5	6:164	6:164	5	w-s006-a164-w005	6:164:5	m-w-s006-a164-w005-01	رَبَّاً	ر ب و		surface_root_sequence_fallback	morpheme_aligned
q:6:164:7	6:164	6:164	7	w-s006-a164-w006	6:164:6	m-w-s006-a164-w006-02	وَهُوَ			position_crosswalk	morpheme_aligned
q:6:164:8	6:164	6:164	8	w-s006-a164-w007	6:164:7	m-w-s006-a164-w007-01	رَبُّ	ر ب ب		surface_root_sequence_fallback	morpheme_aligned
q:6:164:9	6:164	6:164	9	w-s006-a164-w008	6:164:8	m-w-s006-a164-w008-01	كُلِّ	ك ل ل		surface_root_sequence_fallback	morpheme_aligned
q:6:164:10	6:164	6:164	10	w-s006-a164-w009	6:164:9	m-w-s006-a164-w009-01	شَيْءٍ	ش ي ء		surface_root_sequence_fallback	morpheme_aligned
q:6:164:13	6:164	6:164	13	w-s006-a164-w011	6:164:11	m-w-s006-a164-w011-01	تَكْسِبُ	ك س ب	عَلَى	surface_root_sequence_fallback	morpheme_aligned
q:6:164:14	6:164	6:164	14	w-s006-a164-w012	6:164:12	m-w-s006-a164-w012-01	كُلُّ	ك ل ل		surface_root_sequence_fallback	morpheme_aligned
q:6:164:15	6:164	6:164	15	w-s006-a164-w013	6:164:13	m-w-s006-a164-w013-01	نَفْسٍ	ن ف س		surface_root_sequence_fallback	morpheme_aligned
q:6:164:17	6:164	6:164	17	w-s006-a164-w015	6:164:15	m-w-s006-a164-w015-02;m-w-s006-a164-w015-01			عَلَى	surface_root_sequence_fallback	morpheme_aligned
q:6:164:20	6:164	6:164	20	w-s006-a164-w017	6:164:17	m-w-s006-a164-w017-01	تَزِرُ	ز و ر		surface_root_sequence_fallback	morpheme_aligned
q:6:164:21	6:164	6:164	21	w-s006-a164-w017	6:164:17	m-w-s006-a164-w017-01	وَازِرَةٌ	و ز ر		position_crosswalk	morpheme_aligned
q:6:164:22	6:164	6:164	22	w-s006-a164-w017	6:164:17	m-w-s006-a164-w017-01	وِزْرَ	و ز ر		surface_root_sequence_fallback	morpheme_aligned
q:6:164:23	6:164	6:164	23	w-s006-a164-w020	6:164:20	m-w-s006-a164-w020-01	أُخْرَى	أ خ ر		surface_root_sequence_fallback	morpheme_aligned
q:6:164:25	6:164	6:164	25	w-s006-a164-w022	6:164:22	m-w-s006-a164-w022-01			إِلَى	surface_root_sequence_fallback	morpheme_aligned
q:6:164:26	6:164	6:164	26	w-s006-a164-w023	6:164:23	m-w-s006-a164-w023-01	رَبِّكُمْ	ر ب ب	إِلَى	surface_root_sequence_fallback	morpheme_aligned
q:6:164:27	6:164	6:164	27	w-s006-a164-w024	6:164:24	m-w-s006-a164-w024-01	مَرْجِعُكُمْ	ر ج ع	إِلَى	surface_root_sequence_fallback	morpheme_aligned
q:6:164:29	6:164	6:164	29	w-s006-a164-w025	6:164:25	m-w-s006-a164-w025-02;m-w-s006-a164-w025-03	فَيُنَبِّئُكُمْ	ن ب أ	بـ	position_crosswalk	morpheme_aligned
q:6:164:30	6:164	6:164	30	w-s006-a164-w026	6:164:26	m-w-s006-a164-w026-01			بـ	surface_root_sequence_fallback	morpheme_aligned
q:6:164:31	6:164	6:164	31	w-s006-a164-w026	6:164:26	m-w-s006-a164-w026-02	بِمَا		بـ	position_crosswalk	morpheme_aligned
q:6:164:32	6:164	6:164	32	w-s006-a164-w027	6:164:27	m-w-s006-a164-w027-01	كُنْتُمْ	ك و ن		surface_root_sequence_fallback	morpheme_aligned
q:6:164:33	6:164	6:164	33	w-s006-a164-w028	6:164:28	m-w-s006-a164-w028-02;m-w-s006-a164-w028-01			فِي	surface_root_sequence_fallback	morpheme_aligned
q:6:164:34	6:164	6:164	34	w-s006-a164-w029	6:164:29	m-w-s006-a164-w029-01	تَخْتَلِفُونَ	خ ل ف	فِي	surface_root_sequence_fallback	morpheme_aligned
q:6:165:2	6:165	6:165	2	w-s006-a165-w001	6:165:1	m-w-s006-a165-w001-02	وَهُوَ			position_crosswalk	morpheme_aligned
q:6:165:3	6:165	6:165	3	w-s006-a165-w002	6:165:2	m-w-s006-a165-w002-01	الَّذِي	ل ل ذ		position_crosswalk	morpheme_aligned
q:6:165:4	6:165	6:165	4	w-s006-a165-w003	6:165:3	m-w-s006-a165-w003-01;m-w-s006-a165-w003-02	جَعَلَكُمْ	ج ع ل		position_crosswalk	morpheme_aligned
q:6:165:5	6:165	6:165	5	w-s006-a165-w004	6:165:4	m-w-s006-a165-w004-01	خَلَائِفَ	خ ل ف		position_crosswalk	morpheme_aligned
q:6:165:6	6:165	6:165	6	w-s006-a165-w005	6:165:5	m-w-s006-a165-w005-02	الْأَرْضِ	أ ر ض		position_crosswalk	morpheme_aligned
q:6:165:8	6:165	6:165	8	w-s006-a165-w006	6:165:6	m-w-s006-a165-w006-02	وَرَفَعَ	ر ف ع		position_crosswalk	morpheme_aligned
q:6:165:9	6:165	6:165	9	w-s006-a165-w007	6:165:7	m-w-s006-a165-w007-01	بَعْضَكُمْ	ب ع ض		position_crosswalk	morpheme_aligned
q:6:165:10	6:165	6:165	10	w-s006-a165-w008	6:165:8	m-w-s006-a165-w008-01	فَوْقَ	ف و ق		position_crosswalk	morpheme_aligned
q:6:165:11	6:165	6:165	11	w-s006-a165-w009	6:165:9	m-w-s006-a165-w009-01	بَعْضٍ	ب ع ض		position_crosswalk	morpheme_aligned
q:6:165:12	6:165	6:165	12	w-s006-a165-w010	6:165:10	m-w-s006-a165-w010-01	دَرَجَاتٍ	د ر ج		position_crosswalk	morpheme_aligned
q:6:165:14	6:165	6:165	14	w-s006-a165-w011	6:165:11	m-w-s006-a165-w011-02;m-w-s006-a165-w011-03	لِيَبْلُوَكُمْ	ب ل و	فِي	position_crosswalk	morpheme_aligned
q:6:165:15	6:165	6:165	15	w-s006-a165-w012	6:165:12	m-w-s006-a165-w012-01			فِي	position_crosswalk	morpheme_aligned
q:6:165:16	6:165	6:165	16	w-s006-a165-w013	6:165:13	m-w-s006-a165-w013-01	مَا		فِي	position_crosswalk	morpheme_aligned
q:6:165:17	6:165	6:165	17	w-s006-a165-w014	6:165:14	m-w-s006-a165-w014-01;m-w-s006-a165-w014-02	آتَاكُمْ	أ ت ي		position_crosswalk	morpheme_aligned
q:6:165:18	6:165	6:165	18	w-s006-a165-w015	6:165:15	m-w-s006-a165-w015-01	إِنَّ			position_crosswalk	morpheme_aligned
q:6:165:19	6:165	6:165	19	w-s006-a165-w016	6:165:16	m-w-s006-a165-w016-01	رَبَّكَ	ر ب ب		position_crosswalk	morpheme_aligned
q:6:165:20	6:165	6:165	20	w-s006-a165-w017	6:165:17	m-w-s006-a165-w017-01	سَرِيعُ	س ر ع		position_crosswalk	morpheme_aligned
q:6:165:21	6:165	6:165	21	w-s006-a165-w018	6:165:18	m-w-s006-a165-w018-02	الْعِقَابِ	ع ق ب		position_crosswalk	morpheme_aligned
q:6:165:23	6:165	6:165	23	w-s006-a165-w019	6:165:19	m-w-s006-a165-w019-02;m-w-s006-a165-w019-03	وَإِنَّهُ			position_crosswalk	morpheme_aligned
q:6:165:25	6:165	6:165	25	w-s006-a165-w020	6:165:20	m-w-s006-a165-w020-02	لَغَفُورٌ	غ ف ر		position_crosswalk	morpheme_aligned
q:6:165:26	6:165	6:165	26	w-s006-a165-w021	6:165:21	m-w-s006-a165-w021-01	رَحِيمٌ	ر ح م		position_crosswalk	morpheme_aligned
