word_id	ayah_ref	qac_ayah_ref	word_index	qac_word_ref	surface_ar	lemma_ar	root	pos	aspect	mood	voice	measure	morphology_summary
w-s006-a000-w001	6:0	1:1	1	1:1:1	بِسْمِ	ٱسْم	س م و	N					PREFIX|bi+ | STEM|POS:N|LEM:{som|ROOT:smw|M|GEN
w-s006-a000-w002	6:0	1:1	2	1:1:2	ٱللَّهِ	ٱللَّه	ء ل ه	PN					STEM|POS:PN|LEM:{ll~ah|ROOT:Alh|GEN
w-s006-a000-w003	6:0	1:1	3	1:1:3	ٱلرَّحْمَٰنِ	رَّحْمَٰن	ر ح م	ADJ					PREFIX|Al+ | STEM|POS:ADJ|LEM:r~aHoma`n|ROOT:rHm|MS|GEN
w-s006-a000-w004	6:0	1:1	4	1:1:4	ٱلرَّحِيمِ	رَّحِيم	ر ح م	ADJ					PREFIX|Al+ | STEM|POS:ADJ|LEM:r~aHiym|ROOT:rHm|MS|GEN
w-s006-a001-w001	6:1	6:1	1	6:1:1	ٱلْحَمْدُ	حَمْد	ح م د	N					PREFIX|Al+ | STEM|POS:N|LEM:Hamod|ROOT:Hmd|M|NOM
w-s006-a001-w002	6:1	6:1	2	6:1:2	لِلَّهِ	ٱللَّه	ء ل ه	PN					PREFIX|l:P+ | STEM|POS:PN|LEM:{ll~ah|ROOT:Alh|GEN
w-s006-a001-w003	6:1	6:1	3	6:1:3	ٱلَّذِى	ٱلَّذِى		REL					STEM|POS:REL|LEM:{l~a*iY|MS
w-s006-a001-w004	6:1	6:1	4	6:1:4	خَلَقَ	خَلَقَ	خ ل ق	V	PERF				STEM|POS:V|PERF|LEM:xalaqa|ROOT:xlq|3MS
w-s006-a001-w005	6:1	6:1	5	6:1:5	ٱلسَّمَٰوَٰتِ	سَمَآء	س م و	N					PREFIX|Al+ | STEM|POS:N|LEM:samaA^'|ROOT:smw|FP|ACC
w-s006-a001-w006	6:1	6:1	6	6:1:6	وَٱلْأَرْضَ	أَرْض	ء ر ض	N					PREFIX|w:CONJ+ | PREFIX|Al+ | STEM|POS:N|LEM:>aroD|ROOT:ArD|F|ACC
w-s006-a001-w007	6:1	6:1	7	6:1:7	وَجَعَلَ	جَعَلَ	ج ع ل	V	PERF				PREFIX|w:CONJ+ | STEM|POS:V|PERF|LEM:jaEala|ROOT:jEl|3MS
w-s006-a001-w008	6:1	6:1	8	6:1:8	ٱلظُّلُمَٰتِ	ظُلُمَٰت	ظ ل م	N					PREFIX|Al+ | STEM|POS:N|LEM:Zuluma`t|ROOT:Zlm|FP|ACC
w-s006-a001-w009	6:1	6:1	9	6:1:9	وَٱلنُّورَ	نُور	ن و ر	N					PREFIX|w:CONJ+ | PREFIX|Al+ | STEM|POS:N|LEM:nuwr|ROOT:nwr|M|ACC
w-s006-a001-w010	6:1	6:1	10	6:1:10	ثُمَّ	ثُمّ		CONJ					STEM|POS:CONJ|LEM:vum~
w-s006-a001-w011	6:1	6:1	11	6:1:11	ٱلَّذِينَ	ٱلَّذِى		REL					STEM|POS:REL|LEM:{l~a*iY|MP
w-s006-a001-w012	6:1	6:1	12	6:1:12	كَفَرُوا۟	كَفَرَ	ك ف ر	V	PERF				STEM|POS:V|PERF|LEM:kafara|ROOT:kfr|3MP | SUFFIX|PRON:3MP
w-s006-a001-w013	6:1	6:1	13	6:1:13	بِرَبِّهِمْ	رَبّ	ر ب ب	N					PREFIX|bi+ | STEM|POS:N|LEM:rab~|ROOT:rbb|M|GEN | SUFFIX|PRON:3MP
w-s006-a001-w014	6:1	6:1	14	6:1:14	يَعْدِلُونَ	عَدَلَ	ع د ل	V	IMPF				STEM|POS:V|IMPF|LEM:Eadala|ROOT:Edl|3MP | SUFFIX|PRON:3MP
w-s006-a002-w001	6:2	6:2	1	6:2:1	هُوَ			PRON					STEM|POS:PRON|3MS
w-s006-a002-w002	6:2	6:2	2	6:2:2	ٱلَّذِى	ٱلَّذِى		REL					STEM|POS:REL|LEM:{l~a*iY|MS
w-s006-a002-w003	6:2	6:2	3	6:2:3	خَلَقَكُم	خَلَقَ	خ ل ق	V	PERF				STEM|POS:V|PERF|LEM:xalaqa|ROOT:xlq|3MS | SUFFIX|PRON:2MP
w-s006-a002-w004	6:2	6:2	4	6:2:4	مِّن	مِن		P					STEM|POS:P|LEM:min
w-s006-a002-w005	6:2	6:2	5	6:2:5	طِينٍ	طِين	ط ي ن	N					STEM|POS:N|LEM:Tiyn|ROOT:Tyn|M|INDEF|GEN
w-s006-a002-w006	6:2	6:2	6	6:2:6	ثُمَّ	ثُمّ		CONJ					STEM|POS:CONJ|LEM:vum~
w-s006-a002-w007	6:2	6:2	7	6:2:7	قَضَىٰٓ	قَضَىٰٓ	ق ض ي	V	PERF				STEM|POS:V|PERF|LEM:qaDaY`^|ROOT:qDy|3MS
w-s006-a002-w008	6:2	6:2	8	6:2:8	أَجَلًا	أَجَل	ء ج ل	N					STEM|POS:N|LEM:>ajal|ROOT:Ajl|M|INDEF|ACC
w-s006-a002-w009	6:2	6:2	9	6:2:9	وَأَجَلٌ	أَجَل	ء ج ل	N					PREFIX|w:REM+ | STEM|POS:N|LEM:>ajal|ROOT:Ajl|M|INDEF|NOM
w-s006-a002-w010	6:2	6:2	10	6:2:10	مُّسَمًّى	مُّسَمًّى	س م و	ADJ			PASS	II	STEM|POS:ADJ|PASS|PCPL|(II)|LEM:m~usam~FY|ROOT:smw|M|INDEF|NOM
w-s006-a002-w011	6:2	6:2	11	6:2:11	عِندَهُۥ	عِند	ع ن د	LOC					STEM|POS:LOC|LEM:Eind|ROOT:End|ACC | SUFFIX|PRON:3MS
w-s006-a002-w012	6:2	6:2	12	6:2:12	ثُمَّ	ثُمّ		CONJ					STEM|POS:CONJ|LEM:vum~
w-s006-a002-w013	6:2	6:2	13	6:2:13	أَنتُمْ			PRON					STEM|POS:PRON|2MP
w-s006-a002-w014	6:2	6:2	14	6:2:14	تَمْتَرُونَ	يَمْتَرُ	م ر ي	V	IMPF			VIII	STEM|POS:V|IMPF|(VIII)|LEM:yamotaru|ROOT:mry|2MP | SUFFIX|PRON:2MP
w-s006-a003-w001	6:3	6:3	1	6:3:1	وَهُوَ			PRON					PREFIX|w:CONJ+ | STEM|POS:PRON|3MS
w-s006-a003-w002	6:3	6:3	2	6:3:2	ٱللَّهُ	ٱللَّه	ء ل ه	PN					STEM|POS:PN|LEM:{ll~ah|ROOT:Alh|NOM
w-s006-a003-w003	6:3	6:3	3	6:3:3	فِى	فِى		P					STEM|POS:P|LEM:fiY
w-s006-a003-w004	6:3	6:3	4	6:3:4	ٱلسَّمَٰوَٰتِ	سَمَآء	س م و	N					PREFIX|Al+ | STEM|POS:N|LEM:samaA^'|ROOT:smw|FP|GEN
w-s006-a003-w005	6:3	6:3	5	6:3:5	وَفِى	فِى		P					PREFIX|w:CONJ+ | STEM|POS:P|LEM:fiY
w-s006-a003-w006	6:3	6:3	6	6:3:6	ٱلْأَرْضِ	أَرْض	ء ر ض	N					PREFIX|Al+ | STEM|POS:N|LEM:>aroD|ROOT:ArD|F|GEN
w-s006-a003-w007	6:3	6:3	7	6:3:7	يَعْلَمُ	عَلِمَ	ع ل م	V	IMPF				STEM|POS:V|IMPF|LEM:Ealima|ROOT:Elm|3MS
w-s006-a003-w008	6:3	6:3	8	6:3:8	سِرَّكُمْ	سِرّ	س ر ر	N					STEM|POS:N|LEM:sir~|ROOT:srr|M|ACC | SUFFIX|PRON:2MP
w-s006-a003-w009	6:3	6:3	9	6:3:9	وَجَهْرَكُمْ	جَهْر	ج ه ر	N					PREFIX|w:CONJ+ | STEM|POS:N|LEM:jahor|ROOT:jhr|M|ACC | SUFFIX|PRON:2MP
w-s006-a003-w010	6:3	6:3	10	6:3:10	وَيَعْلَمُ	عَلِمَ	ع ل م	V	IMPF				PREFIX|w:CONJ+ | STEM|POS:V|IMPF|LEM:Ealima|ROOT:Elm|3MS
w-s006-a003-w011	6:3	6:3	11	6:3:11	مَا	مَا		REL					STEM|POS:REL|LEM:maA
w-s006-a003-w012	6:3	6:3	12	6:3:12	تَكْسِبُونَ	كَسَبَ	ك س ب	V	IMPF				STEM|POS:V|IMPF|LEM:kasaba|ROOT:ksb|2MP | SUFFIX|PRON:2MP
w-s006-a004-w001	6:4	6:4	1	6:4:1	وَمَا	مَا		NEG					PREFIX|w:REM+ | STEM|POS:NEG|LEM:maA
w-s006-a004-w002	6:4	6:4	2	6:4:2	تَأْتِيهِم	أَتَى	ء ت ي	V	IMPF				STEM|POS:V|IMPF|LEM:>ataY|ROOT:Aty|3FS | SUFFIX|PRON:3MP
w-s006-a004-w003	6:4	6:4	3	6:4:3	مِّنْ	مِن		P					STEM|POS:P|LEM:min
w-s006-a004-w004	6:4	6:4	4	6:4:4	ءَايَةٍ	ءَايَة	ء ي ي	N					STEM|POS:N|LEM:'aAyap|ROOT:Ayy|FS|INDEF|GEN
w-s006-a004-w005	6:4	6:4	5	6:4:5	مِّنْ	مِن		P					STEM|POS:P|LEM:min
w-s006-a004-w006	6:4	6:4	6	6:4:6	ءَايَٰتِ	ءَايَة	ء ي ي	N					STEM|POS:N|LEM:'aAyap|ROOT:Ayy|FP|GEN
w-s006-a004-w007	6:4	6:4	7	6:4:7	رَبِّهِمْ	رَبّ	ر ب ب	N					STEM|POS:N|LEM:rab~|ROOT:rbb|M|GEN | SUFFIX|PRON:3MP
w-s006-a004-w008	6:4	6:4	8	6:4:8	إِلَّا	إِلَّا		RES					STEM|POS:RES|LEM:<il~aA
w-s006-a004-w009	6:4	6:4	9	6:4:9	كَانُوا۟	كَانَ	ك و ن	V	PERF				STEM|POS:V|PERF|LEM:kaAna|ROOT:kwn|SP:kaAn|3MP | SUFFIX|PRON:3MP
w-s006-a004-w010	6:4	6:4	10	6:4:10	عَنْهَا	عَن		P					STEM|POS:P|LEM:Ean | SUFFIX|PRON:3FS
w-s006-a004-w011	6:4	6:4	11	6:4:11	مُعْرِضِينَ	مُّعْرِضُون	ع ر ض	N			ACT	IV	STEM|POS:N|ACT|PCPL|(IV)|LEM:m~uEoriDuwn|ROOT:ErD|MP|ACC
w-s006-a005-w001	6:5	6:5	1	6:5:1	فَقَدْ	قَد		CERT					PREFIX|f:RSLT+ | STEM|POS:CERT|LEM:qad
w-s006-a005-w002	6:5	6:5	2	6:5:2	كَذَّبُوا۟	كَذَّبَ	ك ذ ب	V	PERF			II	STEM|POS:V|PERF|(II)|LEM:ka*~aba|ROOT:k*b|3MP | SUFFIX|PRON:3MP
w-s006-a005-w003	6:5	6:5	3	6:5:3	بِٱلْحَقِّ	حَقّ	ح ق ق	N					PREFIX|bi+ | PREFIX|Al+ | STEM|POS:N|LEM:Haq~|ROOT:Hqq|M|GEN
w-s006-a005-w004	6:5	6:5	4	6:5:4	لَمَّا	لَمَّا		T					STEM|POS:T|LEM:lam~aA
w-s006-a005-w005	6:5	6:5	5	6:5:5	جَآءَهُمْ	جَآءَ	ج ي ء	V	PERF				STEM|POS:V|PERF|LEM:jaA^'a|ROOT:jyA|3MS | SUFFIX|PRON:3MP
w-s006-a005-w006	6:5	6:5	6	6:5:6	فَسَوْفَ	سَوْف		FUT					PREFIX|f:RSLT+ | STEM|POS:FUT|LEM:sawof
w-s006-a005-w007	6:5	6:5	7	6:5:7	يَأْتِيهِمْ	أَتَى	ء ت ي	V	IMPF				STEM|POS:V|IMPF|LEM:>ataY|ROOT:Aty|3MS | SUFFIX|PRON:3MP
w-s006-a005-w008	6:5	6:5	8	6:5:8	أَنۢبَٰٓؤُا۟	نَبَأ	ن ب ء	N					STEM|POS:N|LEM:naba>|ROOT:nbA|MP|NOM
w-s006-a005-w009	6:5	6:5	9	6:5:9	مَا	مَا		REL					STEM|POS:REL|LEM:maA
w-s006-a005-w010	6:5	6:5	10	6:5:10	كَانُوا۟	كَانَ	ك و ن	V	PERF				STEM|POS:V|PERF|LEM:kaAna|ROOT:kwn|SP:kaAn|3MP | SUFFIX|PRON:3MP
w-s006-a005-w011	6:5	6:5	11	6:5:11	بِهِۦ			PRON					PREFIX|bi+ | STEM|POS:PRON|3MS
w-s006-a005-w012	6:5	6:5	12	6:5:12	يَسْتَهْزِءُونَ	ٱسْتُهْزِئَ	ه ز ء	V	IMPF			X	STEM|POS:V|IMPF|(X)|LEM:{sotuhozi}a|ROOT:hzA|3MP | SUFFIX|PRON:3MP
w-s006-a006-w001	6:6	6:6	1	6:6:1	أَلَمْ	لَم		NEG					PREFIX|A:INTG+ | STEM|POS:NEG|LEM:lam
w-s006-a006-w002	6:6	6:6	2	6:6:2	يَرَوْا۟	رَءَا	ر ء ي	V	IMPF	JUS			STEM|POS:V|IMPF|LEM:ra'aA|ROOT:rAy|3MP|MOOD:JUS | SUFFIX|PRON:3MP
w-s006-a006-w003	6:6	6:6	3	6:6:3	كَمْ	كَم		INTG					STEM|POS:INTG|LEM:kam
w-s006-a006-w004	6:6	6:6	4	6:6:4	أَهْلَكْنَا	أَهْلَكَ	ه ل ك	V	PERF			IV	STEM|POS:V|PERF|(IV)|LEM:>aholaka|ROOT:hlk|1P | SUFFIX|PRON:1P
w-s006-a006-w005	6:6	6:6	5	6:6:5	مِن	مِن		P					STEM|POS:P|LEM:min
w-s006-a006-w006	6:6	6:6	6	6:6:6	قَبْلِهِم	قَبْل	ق ب ل	N					STEM|POS:N|LEM:qabol|ROOT:qbl|GEN | SUFFIX|PRON:3MP
w-s006-a006-w007	6:6	6:6	7	6:6:7	مِّن	مِن		P					STEM|POS:P|LEM:min
w-s006-a006-w008	6:6	6:6	8	6:6:8	قَرْنٍ	قَرْن	ق ر ن	N					STEM|POS:N|LEM:qaron|ROOT:qrn|M|INDEF|GEN
w-s006-a006-w009	6:6	6:6	9	6:6:9	مَّكَّنَّٰهُمْ	مَكَّ	م ك ن	V	PERF			II	STEM|POS:V|PERF|(II)|LEM:mak~a|ROOT:mkn|1P | SUFFIX|PRON:1P | SUFFIX|PRON:3MP
w-s006-a006-w010	6:6	6:6	10	6:6:10	فِى	فِى		P					STEM|POS:P|LEM:fiY
w-s006-a006-w011	6:6	6:6	11	6:6:11	ٱلْأَرْضِ	أَرْض	ء ر ض	N					PREFIX|Al+ | STEM|POS:N|LEM:>aroD|ROOT:ArD|F|GEN
w-s006-a006-w012	6:6	6:6	12	6:6:12	مَا	مَا		REL					STEM|POS:REL|LEM:maA
w-s006-a006-w013	6:6	6:6	13	6:6:13	لَمْ	لَم		NEG					STEM|POS:NEG|LEM:lam
w-s006-a006-w014	6:6	6:6	14	6:6:14	نُمَكِّن	مَكَّ	م ك ن	V	IMPF	JUS		II	STEM|POS:V|IMPF|(II)|LEM:mak~a|ROOT:mkn|1P|MOOD:JUS
w-s006-a006-w015	6:6	6:6	15	6:6:15	لَّكُمْ			PRON					PREFIX|l:P+ | STEM|POS:PRON|2MP
w-s006-a006-w016	6:6	6:6	16	6:6:16	وَأَرْسَلْنَا	أَرْسَلَ	ر س ل	V	PERF			IV	PREFIX|w:CONJ+ | STEM|POS:V|PERF|(IV)|LEM:>arosala|ROOT:rsl|1P | SUFFIX|PRON:1P
w-s006-a006-w017	6:6	6:6	17	6:6:17	ٱلسَّمَآءَ	سَمَآء	س م و	N					PREFIX|Al+ | STEM|POS:N|LEM:samaA^'|ROOT:smw|F|ACC
w-s006-a006-w018	6:6	6:6	18	6:6:18	عَلَيْهِم	عَلَىٰ		P					STEM|POS:P|LEM:EalaY` | SUFFIX|PRON:3MP
w-s006-a006-w019	6:6	6:6	19	6:6:19	مِّدْرَارًا	مِّدْرَار	د ر ر	N					STEM|POS:N|LEM:m~idoraAr|ROOT:drr|M|INDEF|ACC
w-s006-a006-w020	6:6	6:6	20	6:6:20	وَجَعَلْنَا	جَعَلَ	ج ع ل	V	PERF				PREFIX|w:CONJ+ | STEM|POS:V|PERF|LEM:jaEala|ROOT:jEl|1P | SUFFIX|PRON:1P
w-s006-a006-w021	6:6	6:6	21	6:6:21	ٱلْأَنْهَٰرَ	نَهَر	ن ه ر	N					PREFIX|Al+ | STEM|POS:N|LEM:nahar|ROOT:nhr|MP|ACC
w-s006-a006-w022	6:6	6:6	22	6:6:22	تَجْرِى	جَرَيْ	ج ر ي	V	IMPF				STEM|POS:V|IMPF|LEM:jarayo|ROOT:jry|3FS
w-s006-a006-w023	6:6	6:6	23	6:6:23	مِن	مِن		P					STEM|POS:P|LEM:min
w-s006-a006-w024	6:6	6:6	24	6:6:24	تَحْتِهِمْ	تَحْت	ت ح ت	N					STEM|POS:N|LEM:taHot|ROOT:tHt|GEN | SUFFIX|PRON:3MP
w-s006-a006-w025	6:6	6:6	25	6:6:25	فَأَهْلَكْنَٰهُم	أَهْلَكَ	ه ل ك	V	PERF			IV	PREFIX|f:CONJ+ | STEM|POS:V|PERF|(IV)|LEM:>aholaka|ROOT:hlk|1P | SUFFIX|PRON:1P | SUFFIX|PRON:3MP
w-s006-a006-w026	6:6	6:6	26	6:6:26	بِذُنُوبِهِمْ	ذَنب	ذ ن ب	N					PREFIX|bi+ | STEM|POS:N|LEM:*anb|ROOT:*nb|MP|GEN | SUFFIX|PRON:3MP
w-s006-a006-w027	6:6	6:6	27	6:6:27	وَأَنشَأْنَا	أَنشَأَ	ن ش ء	V	PERF			IV	PREFIX|w:CONJ+ | STEM|POS:V|PERF|(IV)|LEM:>an$a>a|ROOT:n$A|1P | SUFFIX|PRON:1P
w-s006-a006-w028	6:6	6:6	28	6:6:28	مِنۢ	مِن		P					STEM|POS:P|LEM:min
w-s006-a006-w029	6:6	6:6	29	6:6:29	بَعْدِهِمْ	بَعْد	ب ع د	N					STEM|POS:N|LEM:baEod|ROOT:bEd|GEN | SUFFIX|PRON:3MP
w-s006-a006-w030	6:6	6:6	30	6:6:30	قَرْنًا	قَرْن	ق ر ن	N					STEM|POS:N|LEM:qaron|ROOT:qrn|M|INDEF|ACC
w-s006-a006-w031	6:6	6:6	31	6:6:31	ءَاخَرِينَ	آخَر	ء خ ر	ADJ					STEM|POS:ADJ|LEM:A^xar|ROOT:Axr|MP|ACC
w-s006-a007-w001	6:7	6:7	1	6:7:1	وَلَوْ	لَو		COND					PREFIX|w:REM+ | STEM|POS:COND|LEM:law
w-s006-a007-w002	6:7	6:7	2	6:7:2	نَزَّلْنَا	نَزَّلَ	ن ز ل	V	PERF			II	STEM|POS:V|PERF|(II)|LEM:naz~ala|ROOT:nzl|1P | SUFFIX|PRON:1P
w-s006-a007-w003	6:7	6:7	3	6:7:3	عَلَيْكَ	عَلَىٰ		P					STEM|POS:P|LEM:EalaY` | SUFFIX|PRON:2MS
w-s006-a007-w004	6:7	6:7	4	6:7:4	كِتَٰبًا	كِتَٰب	ك ت ب	N					STEM|POS:N|LEM:kita`b|ROOT:ktb|M|INDEF|ACC
w-s006-a007-w005	6:7	6:7	5	6:7:5	فِى	فِى		P					STEM|POS:P|LEM:fiY
w-s006-a007-w006	6:7	6:7	6	6:7:6	قِرْطَاسٍ	قِرْطَاس	ق ر ط س	N					STEM|POS:N|LEM:qiroTaAs|ROOT:qrTs|M|INDEF|GEN
w-s006-a007-w007	6:7	6:7	7	6:7:7	فَلَمَسُوهُ	لَمَسُ	ل م س	V	PERF				PREFIX|f:CONJ+ | STEM|POS:V|PERF|LEM:lamasu|ROOT:lms|3MP | SUFFIX|PRON:3MP | SUFFIX|PRON:3MS
w-s006-a007-w008	6:7	6:7	8	6:7:8	بِأَيْدِيهِمْ	يَد	ي د ي	N					PREFIX|bi+ | STEM|POS:N|LEM:yad|ROOT:ydy|FP|GEN | SUFFIX|PRON:3MP
w-s006-a007-w009	6:7	6:7	9	6:7:9	لَقَالَ	قَالَ	ق و ل	V	PERF				PREFIX|l:EMPH+ | STEM|POS:V|PERF|LEM:qaAla|ROOT:qwl|3MS
w-s006-a007-w010	6:7	6:7	10	6:7:10	ٱلَّذِينَ	ٱلَّذِى		REL					STEM|POS:REL|LEM:{l~a*iY|MP
w-s006-a007-w011	6:7	6:7	11	6:7:11	كَفَرُوٓا۟	كَفَرَ	ك ف ر	V	PERF				STEM|POS:V|PERF|LEM:kafara|ROOT:kfr|3MP | SUFFIX|PRON:3MP
w-s006-a007-w012	6:7	6:7	12	6:7:12	إِنْ	إِن		NEG					STEM|POS:NEG|LEM:<in
w-s006-a007-w013	6:7	6:7	13	6:7:13	هَٰذَآ	هَٰذَا		DEM					STEM|POS:DEM|LEM:ha`*aA|MS
w-s006-a007-w014	6:7	6:7	14	6:7:14	إِلَّا	إِلَّا		RES					STEM|POS:RES|LEM:<il~aA
w-s006-a007-w015	6:7	6:7	15	6:7:15	سِحْرٌ	سِحْر	س ح ر	N					STEM|POS:N|LEM:siHor|ROOT:sHr|M|INDEF|NOM
w-s006-a007-w016	6:7	6:7	16	6:7:16	مُّبِينٌ	مُّبِين	ب ي ن	ADJ			ACT	IV	STEM|POS:ADJ|ACT|PCPL|(IV)|LEM:m~ubiyn|ROOT:byn|M|INDEF|NOM
w-s006-a008-w001	6:8	6:8	1	6:8:1	وَقَالُوا۟	قَالَ	ق و ل	V	PERF				PREFIX|w:CONJ+ | STEM|POS:V|PERF|LEM:qaAla|ROOT:qwl|3MP | SUFFIX|PRON:3MP
w-s006-a008-w002	6:8	6:8	2	6:8:2	لَوْلَآ	لَوْلَآ		EXH					STEM|POS:EXH|LEM:lawolaA^
w-s006-a008-w003	6:8	6:8	3	6:8:3	أُنزِلَ	أَنزَلَ	ن ز ل	V	PERF		PASS	IV	STEM|POS:V|PERF|PASS|(IV)|LEM:>anzala|ROOT:nzl|3MS
w-s006-a008-w004	6:8	6:8	4	6:8:4	عَلَيْهِ	عَلَىٰ		P					STEM|POS:P|LEM:EalaY` | SUFFIX|PRON:3MS
w-s006-a008-w005	6:8	6:8	5	6:8:5	مَلَكٌ	مَلَك	م ل ك	N					STEM|POS:N|LEM:malak|ROOT:mlk|M|INDEF|NOM
w-s006-a008-w006	6:8	6:8	6	6:8:6	وَلَوْ	لَو		COND					PREFIX|w:CONJ+ | STEM|POS:COND|LEM:law
w-s006-a008-w007	6:8	6:8	7	6:8:7	أَنزَلْنَا	أَنزَلَ	ن ز ل	V	PERF			IV	STEM|POS:V|PERF|(IV)|LEM:>anzala|ROOT:nzl|1P | SUFFIX|PRON:1P
w-s006-a008-w008	6:8	6:8	8	6:8:8	مَلَكًا	مَلَك	م ل ك	N					STEM|POS:N|LEM:malak|ROOT:mlk|M|INDEF|ACC
w-s006-a008-w009	6:8	6:8	9	6:8:9	لَّقُضِىَ	قَضَىٰٓ	ق ض ي	V	PERF		PASS		PREFIX|l:EMPH+ | STEM|POS:V|PERF|PASS|LEM:qaDaY`^|ROOT:qDy|3MS
w-s006-a008-w010	6:8	6:8	10	6:8:10	ٱلْأَمْرُ	أَمْر	ء م ر	N					PREFIX|Al+ | STEM|POS:N|LEM:>amor|ROOT:Amr|M|NOM
w-s006-a008-w011	6:8	6:8	11	6:8:11	ثُمَّ	ثُمّ		CONJ					STEM|POS:CONJ|LEM:vum~
w-s006-a008-w012	6:8	6:8	12	6:8:12	لَا	لَا		NEG					STEM|POS:NEG|LEM:laA
w-s006-a008-w013	6:8	6:8	13	6:8:13	يُنظَرُونَ	يُنظَرُ	ن ظ ر	V	IMPF		PASS	IV	STEM|POS:V|IMPF|PASS|(IV)|LEM:yunZaru|ROOT:nZr|3MP | SUFFIX|PRON:3MP
w-s006-a009-w001	6:9	6:9	1	6:9:1	وَلَوْ	لَو		COND					PREFIX|w:CONJ+ | STEM|POS:COND|LEM:law
w-s006-a009-w002	6:9	6:9	2	6:9:2	جَعَلْنَٰهُ	جَعَلَ	ج ع ل	V	PERF				STEM|POS:V|PERF|LEM:jaEala|ROOT:jEl|1P | SUFFIX|PRON:1P | SUFFIX|PRON:3MS
w-s006-a009-w003	6:9	6:9	3	6:9:3	مَلَكًا	مَلَك	م ل ك	N					STEM|POS:N|LEM:malak|ROOT:mlk|M|INDEF|ACC
w-s006-a009-w004	6:9	6:9	4	6:9:4	لَّجَعَلْنَٰهُ	جَعَلَ	ج ع ل	V	PERF				PREFIX|l:EMPH+ | STEM|POS:V|PERF|LEM:jaEala|ROOT:jEl|1P | SUFFIX|PRON:1P | SUFFIX|PRON:3MS
w-s006-a009-w005	6:9	6:9	5	6:9:5	رَجُلًا	رَجُل	ر ج ل	N					STEM|POS:N|LEM:rajul|ROOT:rjl|M|INDEF|ACC
w-s006-a009-w006	6:9	6:9	6	6:9:6	وَلَلَبَسْنَا	لَبَسْ	ل ب س	V	PERF				PREFIX|w:CONJ+ | PREFIX|l:EMPH+ | STEM|POS:V|PERF|LEM:labaso|ROOT:lbs|1P | SUFFIX|PRON:1P
w-s006-a009-w007	6:9	6:9	7	6:9:7	عَلَيْهِم	عَلَىٰ		P					STEM|POS:P|LEM:EalaY` | SUFFIX|PRON:3MP
w-s006-a009-w008	6:9	6:9	8	6:9:8	مَّا	مَا		REL					STEM|POS:REL|LEM:maA
w-s006-a009-w009	6:9	6:9	9	6:9:9	يَلْبِسُونَ	لَبَسْ	ل ب س	V	IMPF				STEM|POS:V|IMPF|LEM:labaso|ROOT:lbs|3MP | SUFFIX|PRON:3MP
w-s006-a010-w001	6:10	6:10	1	6:10:1	وَلَقَدِ	قَد		CERT					PREFIX|w:REM+ | PREFIX|l:EMPH+ | STEM|POS:CERT|LEM:qad
w-s006-a010-w002	6:10	6:10	2	6:10:2	ٱسْتُهْزِئَ	ٱسْتُهْزِئَ	ه ز ء	V	PERF		PASS	X	STEM|POS:V|PERF|PASS|(X)|LEM:{sotuhozi}a|ROOT:hzA|3MS
w-s006-a010-w003	6:10	6:10	3	6:10:3	بِرُسُلٍ	رَسُول	ر س ل	N					PREFIX|bi+ | STEM|POS:N|LEM:rasuwl|ROOT:rsl|MP|INDEF|GEN
w-s006-a010-w004	6:10	6:10	4	6:10:4	مِّن	مِن		P					STEM|POS:P|LEM:min
w-s006-a010-w005	6:10	6:10	5	6:10:5	قَبْلِكَ	قَبْل	ق ب ل	N					STEM|POS:N|LEM:qabol|ROOT:qbl|GEN | SUFFIX|PRON:2MS
w-s006-a010-w006	6:10	6:10	6	6:10:6	فَحَاقَ	حَاقَ	ح ي ق	V	PERF				PREFIX|f:CAUS+ | STEM|POS:V|PERF|LEM:HaAqa|ROOT:Hyq|3MS
w-s006-a010-w007	6:10	6:10	7	6:10:7	بِٱلَّذِينَ	ٱلَّذِى		REL					PREFIX|bi+ | STEM|POS:REL|LEM:{l~a*iY|MP
w-s006-a010-w008	6:10	6:10	8	6:10:8	سَخِرُوا۟	سَخِرَ	س خ ر	V	PERF				STEM|POS:V|PERF|LEM:saxira|ROOT:sxr|3MP | SUFFIX|PRON:3MP
w-s006-a010-w009	6:10	6:10	9	6:10:9	مِنْهُم	مِن		P					STEM|POS:P|LEM:min | SUFFIX|PRON:3MP
w-s006-a010-w010	6:10	6:10	10	6:10:10	مَّا	مَا		REL					STEM|POS:REL|LEM:maA
w-s006-a010-w011	6:10	6:10	11	6:10:11	كَانُوا۟	كَانَ	ك و ن	V	PERF				STEM|POS:V|PERF|LEM:kaAna|ROOT:kwn|SP:kaAn|3MP | SUFFIX|PRON:3MP
w-s006-a010-w012	6:10	6:10	12	6:10:12	بِهِۦ			PRON					PREFIX|bi+ | STEM|POS:PRON|3MS
w-s006-a010-w013	6:10	6:10	13	6:10:13	يَسْتَهْزِءُونَ	ٱسْتُهْزِئَ	ه ز ء	V	IMPF			X	STEM|POS:V|IMPF|(X)|LEM:{sotuhozi}a|ROOT:hzA|3MP | SUFFIX|PRON:3MP
w-s006-a011-w001	6:11	6:11	1	6:11:1	قُلْ	قَالَ	ق و ل	V	IMPV				STEM|POS:V|IMPV|LEM:qaAla|ROOT:qwl|2MS
w-s006-a011-w002	6:11	6:11	2	6:11:2	سِيرُوا۟	سَارَ	س ي ر	V	IMPV				STEM|POS:V|IMPV|LEM:saAra|ROOT:syr|2MP | SUFFIX|PRON:2MP
w-s006-a011-w003	6:11	6:11	3	6:11:3	فِى	فِى		P					STEM|POS:P|LEM:fiY
w-s006-a011-w004	6:11	6:11	4	6:11:4	ٱلْأَرْضِ	أَرْض	ء ر ض	N					PREFIX|Al+ | STEM|POS:N|LEM:>aroD|ROOT:ArD|F|GEN
w-s006-a011-w005	6:11	6:11	5	6:11:5	ثُمَّ	ثُمّ		CONJ					STEM|POS:CONJ|LEM:vum~
w-s006-a011-w006	6:11	6:11	6	6:11:6	ٱنظُرُوا۟	نَّظَرَ	ن ظ ر	V	IMPV				STEM|POS:V|IMPV|LEM:n~aZara|ROOT:nZr|2MP | SUFFIX|PRON:2MP
w-s006-a011-w007	6:11	6:11	7	6:11:7	كَيْفَ	كَيْف	ك ي ف	INTG					STEM|POS:INTG|LEM:kayof|ROOT:kyf
w-s006-a011-w008	6:11	6:11	8	6:11:8	كَانَ	كَانَ	ك و ن	V	PERF				STEM|POS:V|PERF|LEM:kaAna|ROOT:kwn|SP:kaAn|3MS
w-s006-a011-w009	6:11	6:11	9	6:11:9	عَٰقِبَةُ	عَٰقِبَة	ع ق ب	N					STEM|POS:N|LEM:Ea`qibap|ROOT:Eqb|F|NOM
w-s006-a011-w010	6:11	6:11	10	6:11:10	ٱلْمُكَذِّبِينَ	مُّكَذِّبِين	ك ذ ب	N			ACT	II	PREFIX|Al+ | STEM|POS:N|ACT|PCPL|(II)|LEM:m~uka*~ibiyn|ROOT:k*b|MP|GEN
w-s006-a012-w001	6:12	6:12	1	6:12:1	قُل	قَالَ	ق و ل	V	IMPV				STEM|POS:V|IMPV|LEM:qaAla|ROOT:qwl|2MS
w-s006-a012-w002	6:12	6:12	2	6:12:2	لِّمَن	مَن		INTG					PREFIX|l:P+ | STEM|POS:INTG|LEM:man
w-s006-a012-w003	6:12	6:12	3	6:12:3	مَّا	مَا		REL					STEM|POS:REL|LEM:maA
w-s006-a012-w004	6:12	6:12	4	6:12:4	فِى	فِى		P					STEM|POS:P|LEM:fiY
w-s006-a012-w005	6:12	6:12	5	6:12:5	ٱلسَّمَٰوَٰتِ	سَمَآء	س م و	N					PREFIX|Al+ | STEM|POS:N|LEM:samaA^'|ROOT:smw|FP|GEN
w-s006-a012-w006	6:12	6:12	6	6:12:6	وَٱلْأَرْضِ	أَرْض	ء ر ض	N					PREFIX|w:CONJ+ | PREFIX|Al+ | STEM|POS:N|LEM:>aroD|ROOT:ArD|F|GEN
w-s006-a012-w007	6:12	6:12	7	6:12:7	قُل	قَالَ	ق و ل	V	IMPV				STEM|POS:V|IMPV|LEM:qaAla|ROOT:qwl|2MS
w-s006-a012-w008	6:12	6:12	8	6:12:8	لِّلَّهِ	ٱللَّه	ء ل ه	PN					PREFIX|l:P+ | STEM|POS:PN|LEM:{ll~ah|ROOT:Alh|GEN
w-s006-a012-w009	6:12	6:12	9	6:12:9	كَتَبَ	كَتَبَ	ك ت ب	V	PERF				STEM|POS:V|PERF|LEM:kataba|ROOT:ktb|3MS
w-s006-a012-w010	6:12	6:12	10	6:12:10	عَلَىٰ	عَلَىٰ		P					STEM|POS:P|LEM:EalaY`
w-s006-a012-w011	6:12	6:12	11	6:12:11	نَفْسِهِ	نَفْس	ن ف س	N					STEM|POS:N|LEM:nafos|ROOT:nfs|FS|GEN | SUFFIX|PRON:3MS
w-s006-a012-w012	6:12	6:12	12	6:12:12	ٱلرَّحْمَةَ	رَحْمَة	ر ح م	N					PREFIX|Al+ | STEM|POS:N|LEM:raHomap|ROOT:rHm|F|ACC
w-s006-a012-w013	6:12	6:12	13	6:12:13	لَيَجْمَعَنَّكُمْ	جَمَعَ	ج م ع	V	IMPF				PREFIX|l:EMPH+ | STEM|POS:V|IMPF|LEM:jamaEa|ROOT:jmE|3MS | SUFFIX|+n:EMPH | SUFFIX|PRON:2MP
w-s006-a012-w014	6:12	6:12	14	6:12:14	إِلَىٰ	إِلَىٰ		P					STEM|POS:P|LEM:<ilaY`
w-s006-a012-w015	6:12	6:12	15	6:12:15	يَوْمِ	يَوْم	ي و م	N					STEM|POS:N|LEM:yawom|ROOT:ywm|M|GEN
w-s006-a012-w016	6:12	6:12	16	6:12:16	ٱلْقِيَٰمَةِ	قِيَٰمَة	ق و م	N					PREFIX|Al+ | STEM|POS:N|LEM:qiya`map|ROOT:qwm|F|GEN
w-s006-a012-w017	6:12	6:12	17	6:12:17	لَا	لَا		NEG					STEM|POS:NEG|LEM:laA|SP:<in~
w-s006-a012-w018	6:12	6:12	18	6:12:18	رَيْبَ	رَيْب	ر ي ب	N					STEM|POS:N|LEM:rayob|ROOT:ryb|M|ACC
w-s006-a012-w019	6:12	6:12	19	6:12:19	فِيهِ	فِى		P					STEM|POS:P|LEM:fiY | SUFFIX|PRON:3MS
w-s006-a012-w020	6:12	6:12	20	6:12:20	ٱلَّذِينَ	ٱلَّذِى		REL					STEM|POS:REL|LEM:{l~a*iY|MP
w-s006-a012-w021	6:12	6:12	21	6:12:21	خَسِرُوٓا۟	خَسِرَ	خ س ر	V	PERF				STEM|POS:V|PERF|LEM:xasira|ROOT:xsr|3MP | SUFFIX|PRON:3MP
w-s006-a012-w022	6:12	6:12	22	6:12:22	أَنفُسَهُمْ	نَفْس	ن ف س	N					STEM|POS:N|LEM:nafos|ROOT:nfs|FP|ACC | SUFFIX|PRON:3MP
w-s006-a012-w023	6:12	6:12	23	6:12:23	فَهُمْ			PRON					PREFIX|f:REM+ | STEM|POS:PRON|3MP
w-s006-a012-w024	6:12	6:12	24	6:12:24	لَا	لَا		NEG					STEM|POS:NEG|LEM:laA
w-s006-a012-w025	6:12	6:12	25	6:12:25	يُؤْمِنُونَ	ءَامَنَ	ء م ن	V	IMPF			IV	STEM|POS:V|IMPF|(IV)|LEM:'aAmana|ROOT:Amn|3MP | SUFFIX|PRON:3MP
w-s006-a013-w001	6:13	6:13	1	6:13:1	وَلَهُۥ			PRON					PREFIX|w:CONJ+ | PREFIX|l:P+ | STEM|POS:PRON|3MS
w-s006-a013-w002	6:13	6:13	2	6:13:2	مَا	مَا		REL					STEM|POS:REL|LEM:maA
w-s006-a013-w003	6:13	6:13	3	6:13:3	سَكَنَ	سَكَنَ	س ك ن	V	PERF				STEM|POS:V|PERF|LEM:sakana|ROOT:skn|3MS
w-s006-a013-w004	6:13	6:13	4	6:13:4	فِى	فِى		P					STEM|POS:P|LEM:fiY
w-s006-a013-w005	6:13	6:13	5	6:13:5	ٱلَّيْلِ	لَيْل	ل ي ل	N					PREFIX|Al+ | STEM|POS:N|LEM:layol|ROOT:lyl|M|GEN
w-s006-a013-w006	6:13	6:13	6	6:13:6	وَٱلنَّهَارِ	نَهَار	ن ه ر	N					PREFIX|w:CONJ+ | PREFIX|Al+ | STEM|POS:N|LEM:nahaAr|ROOT:nhr|M|GEN
w-s006-a013-w007	6:13	6:13	7	6:13:7	وَهُوَ			PRON					PREFIX|w:REM+ | STEM|POS:PRON|3MS
w-s006-a013-w008	6:13	6:13	8	6:13:8	ٱلسَّمِيعُ	سَمِيع	س م ع	N					PREFIX|Al+ | STEM|POS:N|LEM:samiyE|ROOT:smE|MS|NOM
w-s006-a013-w009	6:13	6:13	9	6:13:9	ٱلْعَلِيمُ	عَلِيم	ع ل م	ADJ					PREFIX|Al+ | STEM|POS:ADJ|LEM:Ealiym|ROOT:Elm|MS|NOM
w-s006-a014-w001	6:14	6:14	1	6:14:1	قُلْ	قَالَ	ق و ل	V	IMPV				STEM|POS:V|IMPV|LEM:qaAla|ROOT:qwl|2MS
w-s006-a014-w002	6:14	6:14	2	6:14:2	أَغَيْرَ	غَيْر	غ ي ر	N					PREFIX|A:INTG+ | STEM|POS:N|LEM:gayor|ROOT:gyr|M|ACC
w-s006-a014-w003	6:14	6:14	3	6:14:3	ٱللَّهِ	ٱللَّه	ء ل ه	PN					STEM|POS:PN|LEM:{ll~ah|ROOT:Alh|GEN
w-s006-a014-w004	6:14	6:14	4	6:14:4	أَتَّخِذُ	ٱتَّخَذَ	ء خ ذ	V	IMPF			VIII	STEM|POS:V|IMPF|(VIII)|LEM:{t~axa*a|ROOT:Ax*|1S
w-s006-a014-w005	6:14	6:14	5	6:14:5	وَلِيًّا	وَلِىّ	و ل ي	N					STEM|POS:N|LEM:waliY~|ROOT:wly|M|INDEF|ACC
w-s006-a014-w006	6:14	6:14	6	6:14:6	فَاطِرِ	فَاطِر	ف ط ر	N			ACT		STEM|POS:N|ACT|PCPL|LEM:faATir|ROOT:fTr|M|GEN
w-s006-a014-w007	6:14	6:14	7	6:14:7	ٱلسَّمَٰوَٰتِ	سَمَآء	س م و	N					PREFIX|Al+ | STEM|POS:N|LEM:samaA^'|ROOT:smw|FP|GEN
w-s006-a014-w008	6:14	6:14	8	6:14:8	وَٱلْأَرْضِ	أَرْض	ء ر ض	N					PREFIX|w:CONJ+ | PREFIX|Al+ | STEM|POS:N|LEM:>aroD|ROOT:ArD|F|GEN
w-s006-a014-w009	6:14	6:14	9	6:14:9	وَهُوَ			PRON					PREFIX|w:REM+ | STEM|POS:PRON|3MS
w-s006-a014-w010	6:14	6:14	10	6:14:10	يُطْعِمُ	أَطْعَمَ	ط ع م	V	IMPF			IV	STEM|POS:V|IMPF|(IV)|LEM:>aToEama|ROOT:TEm|3MS
w-s006-a014-w011	6:14	6:14	11	6:14:11	وَلَا	لَا		NEG					PREFIX|w:CONJ+ | STEM|POS:NEG|LEM:laA
w-s006-a014-w012	6:14	6:14	12	6:14:12	يُطْعَمُ	أَطْعَمَ	ط ع م	V	IMPF		PASS	IV	STEM|POS:V|IMPF|PASS|(IV)|LEM:>aToEama|ROOT:TEm|3MS
w-s006-a014-w013	6:14	6:14	13	6:14:13	قُلْ	قَالَ	ق و ل	V	IMPV				STEM|POS:V|IMPV|LEM:qaAla|ROOT:qwl|2MS
w-s006-a014-w014	6:14	6:14	14	6:14:14	إِنِّىٓ	إِنّ		ACC					STEM|POS:ACC|LEM:<in~|SP:<in~ | SUFFIX|PRON:1S
w-s006-a014-w015	6:14	6:14	15	6:14:15	أُمِرْتُ	أَمَرَ	ء م ر	V	PERF		PASS		STEM|POS:V|PERF|PASS|LEM:>amara|ROOT:Amr|1S | SUFFIX|PRON:1S
w-s006-a014-w016	6:14	6:14	16	6:14:16	أَنْ	أَن		SUB					STEM|POS:SUB|LEM:>an
w-s006-a014-w017	6:14	6:14	17	6:14:17	أَكُونَ	كَانَ	ك و ن	V	IMPF	SUBJ			STEM|POS:V|IMPF|LEM:kaAna|ROOT:kwn|SP:kaAn|1S|MOOD:SUBJ
w-s006-a014-w018	6:14	6:14	18	6:14:18	أَوَّلَ	أَوَّل	ء و ل	N					STEM|POS:N|LEM:>aw~al|ROOT:Awl|MS|ACC
w-s006-a014-w019	6:14	6:14	19	6:14:19	مَنْ	مَن		REL					STEM|POS:REL|LEM:man
w-s006-a014-w020	6:14	6:14	20	6:14:20	أَسْلَمَ	أَسْلَمَ	س ل م	V	PERF			IV	STEM|POS:V|PERF|(IV)|LEM:>asolama|ROOT:slm|3MS
w-s006-a014-w021	6:14	6:14	21	6:14:21	وَلَا	لَا		NEG					PREFIX|w:REM+ | STEM|POS:NEG|LEM:laA
w-s006-a014-w022	6:14	6:14	22	6:14:22	تَكُونَنَّ	كَانَ	ك و ن	V	IMPF				STEM|POS:V|IMPF|LEM:kaAna|ROOT:kwn|SP:kaAn|2MS | SUFFIX|+n:EMPH
w-s006-a014-w023	6:14	6:14	23	6:14:23	مِنَ	مِن		P					STEM|POS:P|LEM:min
w-s006-a014-w024	6:14	6:14	24	6:14:24	ٱلْمُشْرِكِينَ	مُشْرِك	ش ر ك	N			ACT	IV	PREFIX|Al+ | STEM|POS:N|ACT|PCPL|(IV)|LEM:mu$orik|ROOT:$rk|MP|GEN
w-s006-a015-w001	6:15	6:15	1	6:15:1	قُلْ	قَالَ	ق و ل	V	IMPV				STEM|POS:V|IMPV|LEM:qaAla|ROOT:qwl|2MS
w-s006-a015-w002	6:15	6:15	2	6:15:2	إِنِّىٓ	إِنّ		ACC					STEM|POS:ACC|LEM:<in~|SP:<in~ | SUFFIX|PRON:1S
w-s006-a015-w003	6:15	6:15	3	6:15:3	أَخَافُ	خَافَ	خ و ف	V	IMPF				STEM|POS:V|IMPF|LEM:xaAfa|ROOT:xwf|1S
w-s006-a015-w004	6:15	6:15	4	6:15:4	إِنْ	إِن		COND					STEM|POS:COND|LEM:<in
w-s006-a015-w005	6:15	6:15	5	6:15:5	عَصَيْتُ	عَصَا	ع ص ي	V	PERF				STEM|POS:V|PERF|LEM:EaSaA|ROOT:ESy|1S | SUFFIX|PRON:1S
w-s006-a015-w006	6:15	6:15	6	6:15:6	رَبِّى	رَبّ	ر ب ب	N					STEM|POS:N|LEM:rab~|ROOT:rbb|M|ACC | SUFFIX|PRON:1S
w-s006-a015-w007	6:15	6:15	7	6:15:7	عَذَابَ	عَذَاب	ع ذ ب	N					STEM|POS:N|LEM:Ea*aAb|ROOT:E*b|M|ACC
w-s006-a015-w008	6:15	6:15	8	6:15:8	يَوْمٍ	يَوْم	ي و م	N					STEM|POS:N|LEM:yawom|ROOT:ywm|M|INDEF|GEN
w-s006-a015-w009	6:15	6:15	9	6:15:9	عَظِيمٍ	عَظِيم	ع ظ م	ADJ					STEM|POS:ADJ|LEM:EaZiym|ROOT:EZm|MS|INDEF|GEN
w-s006-a016-w001	6:16	6:16	1	6:16:1	مَّن	مَن		COND					STEM|POS:COND|LEM:man
w-s006-a016-w002	6:16	6:16	2	6:16:2	يُصْرَفْ	صَرَفَ	ص ر ف	V	IMPF	JUS	PASS		STEM|POS:V|IMPF|PASS|LEM:Sarafa|ROOT:Srf|3MS|MOOD:JUS
w-s006-a016-w003	6:16	6:16	3	6:16:3	عَنْهُ	عَن		P					STEM|POS:P|LEM:Ean | SUFFIX|PRON:3MS
w-s006-a016-w004	6:16	6:16	4	6:16:4	يَوْمَئِذٍ	يَوْمَئِذ		T					STEM|POS:T|LEM:yawoma}i*
w-s006-a016-w005	6:16	6:16	5	6:16:5	فَقَدْ	قَد		CERT					PREFIX|f:RSLT+ | STEM|POS:CERT|LEM:qad
w-s006-a016-w006	6:16	6:16	6	6:16:6	رَحِمَهُۥ	رَّحِمَ	ر ح م	V	PERF				STEM|POS:V|PERF|LEM:r~aHima|ROOT:rHm|3MS | SUFFIX|PRON:3MS
w-s006-a016-w007	6:16	6:16	7	6:16:7	وَذَٰلِكَ	ذَٰلِك		DEM					PREFIX|w:REM+ | STEM|POS:DEM|LEM:*a`lik|MS
w-s006-a016-w008	6:16	6:16	8	6:16:8	ٱلْفَوْزُ	فَوْز	ف و ز	N					PREFIX|Al+ | STEM|POS:N|LEM:fawoz|ROOT:fwz|M|NOM
w-s006-a016-w009	6:16	6:16	9	6:16:9	ٱلْمُبِينُ	مُّبِين	ب ي ن	ADJ			ACT	IV	PREFIX|Al+ | STEM|POS:ADJ|ACT|PCPL|(IV)|LEM:m~ubiyn|ROOT:byn|M|NOM
w-s006-a017-w001	6:17	6:17	1	6:17:1	وَإِن	إِن		COND					PREFIX|w:CONJ+ | STEM|POS:COND|LEM:<in
w-s006-a017-w002	6:17	6:17	2	6:17:2	يَمْسَسْكَ	مَسَّ	م س س	V	IMPF	JUS			STEM|POS:V|IMPF|LEM:mas~a|ROOT:mss|3MS|MOOD:JUS | SUFFIX|PRON:2MS
w-s006-a017-w003	6:17	6:17	3	6:17:3	ٱللَّهُ	ٱللَّه	ء ل ه	PN					STEM|POS:PN|LEM:{ll~ah|ROOT:Alh|NOM
w-s006-a017-w004	6:17	6:17	4	6:17:4	بِضُرٍّ	ضُرّ	ض ر ر	N					PREFIX|bi+ | STEM|POS:N|LEM:Dur~|ROOT:Drr|M|INDEF|GEN
w-s006-a017-w005	6:17	6:17	5	6:17:5	فَلَا	لَا		NEG					PREFIX|f:RSLT+ | STEM|POS:NEG|LEM:laA|SP:<in~
w-s006-a017-w006	6:17	6:17	6	6:17:6	كَاشِفَ	كَاشِف	ك ش ف	N			ACT		STEM|POS:N|ACT|PCPL|LEM:kaA$if|ROOT:k$f|M|ACC
w-s006-a017-w007	6:17	6:17	7	6:17:7	لَهُۥٓ			PRON					PREFIX|l:P+ | STEM|POS:PRON|3MS
w-s006-a017-w008	6:17	6:17	8	6:17:8	إِلَّا	إِلَّا		EXP					STEM|POS:EXP|LEM:<il~aA
w-s006-a017-w009	6:17	6:17	9	6:17:9	هُوَ			PRON					STEM|POS:PRON|3MS
w-s006-a017-w010	6:17	6:17	10	6:17:10	وَإِن	إِن		COND					PREFIX|w:CONJ+ | STEM|POS:COND|LEM:<in
w-s006-a017-w011	6:17	6:17	11	6:17:11	يَمْسَسْكَ	مَسَّ	م س س	V	IMPF	JUS			STEM|POS:V|IMPF|LEM:mas~a|ROOT:mss|3MS|MOOD:JUS | SUFFIX|PRON:2MS
w-s006-a017-w012	6:17	6:17	12	6:17:12	بِخَيْرٍ	خَيْر	خ ي ر	N					PREFIX|bi+ | STEM|POS:N|LEM:xayor|ROOT:xyr|MS|INDEF|GEN
w-s006-a017-w013	6:17	6:17	13	6:17:13	فَهُوَ			PRON					PREFIX|f:RSLT+ | STEM|POS:PRON|3MS
w-s006-a017-w014	6:17	6:17	14	6:17:14	عَلَىٰ	عَلَىٰ		P					STEM|POS:P|LEM:EalaY`
w-s006-a017-w015	6:17	6:17	15	6:17:15	كُلِّ	كُلّ	ك ل ل	N					STEM|POS:N|LEM:kul~|ROOT:kll|M|GEN
w-s006-a017-w016	6:17	6:17	16	6:17:16	شَىْءٍ	شَىْء	ش ي ء	N					STEM|POS:N|LEM:$aYo'|ROOT:$yA|M|INDEF|GEN
w-s006-a017-w017	6:17	6:17	17	6:17:17	قَدِيرٌ	قَدِير	ق د ر	N					STEM|POS:N|LEM:qadiyr|ROOT:qdr|M|INDEF|NOM
w-s006-a018-w001	6:18	6:18	1	6:18:1	وَهُوَ			PRON					PREFIX|w:CONJ+ | STEM|POS:PRON|3MS
w-s006-a018-w002	6:18	6:18	2	6:18:2	ٱلْقَاهِرُ	قَاهِر	ق ه ر	N			ACT		PREFIX|Al+ | STEM|POS:N|ACT|PCPL|LEM:qaAhir|ROOT:qhr|M|NOM
w-s006-a018-w003	6:18	6:18	3	6:18:3	فَوْقَ	فَوْق	ف و ق	LOC					STEM|POS:LOC|LEM:fawoq|ROOT:fwq|M|ACC
w-s006-a018-w004	6:18	6:18	4	6:18:4	عِبَادِهِۦ	عَبْد	ع ب د	N					STEM|POS:N|LEM:Eabod|ROOT:Ebd|MP|GEN | SUFFIX|PRON:3MS
w-s006-a018-w005	6:18	6:18	5	6:18:5	وَهُوَ			PRON					PREFIX|w:CONJ+ | STEM|POS:PRON|3MS
w-s006-a018-w006	6:18	6:18	6	6:18:6	ٱلْحَكِيمُ	حَكِيم	ح ك م	N					PREFIX|Al+ | STEM|POS:N|LEM:Hakiym|ROOT:Hkm|MS|NOM
w-s006-a018-w007	6:18	6:18	7	6:18:7	ٱلْخَبِيرُ	خَبِير	خ ب ر	ADJ					PREFIX|Al+ | STEM|POS:ADJ|LEM:xabiyr|ROOT:xbr|MS|NOM
w-s006-a019-w001	6:19	6:19	1	6:19:1	قُلْ	قَالَ	ق و ل	V	IMPV				STEM|POS:V|IMPV|LEM:qaAla|ROOT:qwl|2MS
w-s006-a019-w002	6:19	6:19	2	6:19:2	أَىُّ	أَىّ		INTG					STEM|POS:INTG|LEM:>aY~|NOM
w-s006-a019-w003	6:19	6:19	3	6:19:3	شَىْءٍ	شَىْء	ش ي ء	N					STEM|POS:N|LEM:$aYo'|ROOT:$yA|M|INDEF|GEN
w-s006-a019-w004	6:19	6:19	4	6:19:4	أَكْبَرُ	أَكْبَر	ك ب ر	N					STEM|POS:N|LEM:>akobar|ROOT:kbr|MS|NOM
w-s006-a019-w005	6:19	6:19	5	6:19:5	شَهَٰدَةً	شَهَٰدَة	ش ه د	N					STEM|POS:N|LEM:$aha`dap|ROOT:$hd|F|INDEF|ACC
w-s006-a019-w006	6:19	6:19	6	6:19:6	قُلِ	قَالَ	ق و ل	V	IMPV				STEM|POS:V|IMPV|LEM:qaAla|ROOT:qwl|2MS
w-s006-a019-w007	6:19	6:19	7	6:19:7	ٱللَّهُ	ٱللَّه	ء ل ه	PN					STEM|POS:PN|LEM:{ll~ah|ROOT:Alh|NOM
w-s006-a019-w008	6:19	6:19	8	6:19:8	شَهِيدٌۢ	شَهِيد	ش ه د	N					STEM|POS:N|LEM:$ahiyd|ROOT:$hd|MS|INDEF|NOM
w-s006-a019-w009	6:19	6:19	9	6:19:9	بَيْنِى	بَيْن	ب ي ن	LOC					STEM|POS:LOC|LEM:bayon|ROOT:byn|ACC | SUFFIX|PRON:1S
w-s006-a019-w010	6:19	6:19	10	6:19:10	وَبَيْنَكُمْ	بَيْن	ب ي ن	LOC					PREFIX|w:CONJ+ | STEM|POS:LOC|LEM:bayon|ROOT:byn|ACC | SUFFIX|PRON:2MP
w-s006-a019-w011	6:19	6:19	11	6:19:11	وَأُوحِىَ	أَوْحَىٰٓ	و ح ي	V	PERF		PASS	IV	PREFIX|w:REM+ | STEM|POS:V|PERF|PASS|(IV)|LEM:>awoHaY`^|ROOT:wHy|3MS
w-s006-a019-w012	6:19	6:19	12	6:19:12	إِلَىَّ	إِلَىٰ		P					STEM|POS:P|LEM:<ilaY` | SUFFIX|PRON:1S
w-s006-a019-w013	6:19	6:19	13	6:19:13	هَٰذَا	هَٰذَا		DEM					STEM|POS:DEM|LEM:ha`*aA|MS
w-s006-a019-w014	6:19	6:19	14	6:19:14	ٱلْقُرْءَانُ	قُرْءَان	ق ر ء	PN					PREFIX|Al+ | STEM|POS:PN|LEM:quro'aAn|ROOT:qrA|M|NOM
w-s006-a019-w015	6:19	6:19	15	6:19:15	لِأُنذِرَكُم	أَنذَرَ	ن ذ ر	V	IMPF	SUBJ		IV	PREFIX|l:PRP+ | STEM|POS:V|IMPF|(IV)|LEM:>an*ara|ROOT:n*r|1S|MOOD:SUBJ | SUFFIX|PRON:2MP
w-s006-a019-w016	6:19	6:19	16	6:19:16	بِهِۦ			PRON					PREFIX|bi+ | STEM|POS:PRON|3MS
w-s006-a019-w017	6:19	6:19	17	6:19:17	وَمَنۢ	مَن		REL					PREFIX|w:CONJ+ | STEM|POS:REL|LEM:man
w-s006-a019-w018	6:19	6:19	18	6:19:18	بَلَغَ	بَلَغَ	ب ل غ	V	PERF				STEM|POS:V|PERF|LEM:balaga|ROOT:blg|3MS
w-s006-a019-w019	6:19	6:19	19	6:19:19	أَئِنَّكُمْ	إِنّ		ACC					PREFIX|A:INTG+ | STEM|POS:ACC|LEM:<in~|SP:<in~ | SUFFIX|PRON:2MP
w-s006-a019-w020	6:19	6:19	20	6:19:20	لَتَشْهَدُونَ	شَهِدَ	ش ه د	V	IMPF				PREFIX|l:EMPH+ | STEM|POS:V|IMPF|LEM:$ahida|ROOT:$hd|2MP | SUFFIX|PRON:2MP
w-s006-a019-w021	6:19	6:19	21	6:19:21	أَنَّ	أَنّ		ACC					STEM|POS:ACC|LEM:>an~|SP:<in~
w-s006-a019-w022	6:19	6:19	22	6:19:22	مَعَ	مَع		LOC					STEM|POS:LOC|LEM:maE|ACC
w-s006-a019-w023	6:19	6:19	23	6:19:23	ٱللَّهِ	ٱللَّه	ء ل ه	PN					STEM|POS:PN|LEM:{ll~ah|ROOT:Alh|GEN
w-s006-a019-w024	6:19	6:19	24	6:19:24	ءَالِهَةً	إِلَٰه	ء ل ه	N					STEM|POS:N|LEM:<ila`h|ROOT:Alh|MP|INDEF|ACC
w-s006-a019-w025	6:19	6:19	25	6:19:25	أُخْرَىٰ	آخَر	ء خ ر	ADJ					STEM|POS:ADJ|LEM:A^xar|ROOT:Axr|FS|ACC
w-s006-a019-w026	6:19	6:19	26	6:19:26	قُل	قَالَ	ق و ل	V	IMPV				STEM|POS:V|IMPV|LEM:qaAla|ROOT:qwl|2MS
w-s006-a019-w027	6:19	6:19	27	6:19:27	لَّآ	لَا		NEG					STEM|POS:NEG|LEM:laA
w-s006-a019-w028	6:19	6:19	28	6:19:28	أَشْهَدُ	شَهِدَ	ش ه د	V	IMPF				STEM|POS:V|IMPF|LEM:$ahida|ROOT:$hd|1S
w-s006-a019-w029	6:19	6:19	29	6:19:29	قُلْ	قَالَ	ق و ل	V	IMPV				STEM|POS:V|IMPV|LEM:qaAla|ROOT:qwl|2MS
w-s006-a019-w030	6:19	6:19	30	6:19:30	إِنَّمَا	إِنّ;مَا		ACC;PREV					STEM|POS:ACC|LEM:<in~|SP:<in~ | STEM|POS:PREV|LEM:maA
w-s006-a019-w031	6:19	6:19	31	6:19:31	هُوَ			PRON					STEM|POS:PRON|3MS
w-s006-a019-w032	6:19	6:19	32	6:19:32	إِلَٰهٌ	إِلَٰه	ء ل ه	N					STEM|POS:N|LEM:<ila`h|ROOT:Alh|MS|INDEF|NOM
w-s006-a019-w033	6:19	6:19	33	6:19:33	وَٰحِدٌ	وَٰحِد	و ح د	ADJ					STEM|POS:ADJ|LEM:wa`Hid|ROOT:wHd|MS|INDEF|NOM
w-s006-a019-w034	6:19	6:19	34	6:19:34	وَإِنَّنِى	إِنّ		ACC					PREFIX|w:CONJ+ | STEM|POS:ACC|LEM:<in~|SP:<in~ | SUFFIX|PRON:1S
w-s006-a019-w035	6:19	6:19	35	6:19:35	بَرِىٓءٌ	بَرِىٓء	ب ر ء	N					STEM|POS:N|LEM:bariY^'|ROOT:brA|MS|INDEF|NOM
w-s006-a019-w036	6:19	6:19	36	6:19:36	مِّمَّا	مِن;مَا		P;REL					STEM|POS:P|LEM:min | STEM|POS:REL|LEM:maA
w-s006-a019-w037	6:19	6:19	37	6:19:37	تُشْرِكُونَ	أَشْرَكَ	ش ر ك	V	IMPF			IV	STEM|POS:V|IMPF|(IV)|LEM:>a$oraka|ROOT:$rk|2MP | SUFFIX|PRON:2MP
w-s006-a020-w001	6:20	6:20	1	6:20:1	ٱلَّذِينَ	ٱلَّذِى		REL					STEM|POS:REL|LEM:{l~a*iY|MP
w-s006-a020-w002	6:20	6:20	2	6:20:2	ءَاتَيْنَٰهُمُ	آتَى	ء ت ي	V	PERF			IV	STEM|POS:V|PERF|(IV)|LEM:A^taY|ROOT:Aty|1P | SUFFIX|PRON:1P | SUFFIX|PRON:3MP
w-s006-a020-w003	6:20	6:20	3	6:20:3	ٱلْكِتَٰبَ	كِتَٰب	ك ت ب	N					PREFIX|Al+ | STEM|POS:N|LEM:kita`b|ROOT:ktb|M|ACC
w-s006-a020-w004	6:20	6:20	4	6:20:4	يَعْرِفُونَهُۥ	عَرَفَ	ع ر ف	V	IMPF				STEM|POS:V|IMPF|LEM:Earafa|ROOT:Erf|3MP | SUFFIX|PRON:3MP | SUFFIX|PRON:3MS
w-s006-a020-w005	6:20	6:20	5	6:20:5	كَمَا	مَا		SUB					PREFIX|ka+ | STEM|POS:SUB|LEM:maA
w-s006-a020-w006	6:20	6:20	6	6:20:6	يَعْرِفُونَ	عَرَفَ	ع ر ف	V	IMPF				STEM|POS:V|IMPF|LEM:Earafa|ROOT:Erf|3MP | SUFFIX|PRON:3MP
w-s006-a020-w007	6:20	6:20	7	6:20:7	أَبْنَآءَهُمُ	ٱبْن	ب ن ي	N					STEM|POS:N|LEM:{bon|ROOT:bny|MP|ACC | SUFFIX|PRON:3MP
w-s006-a020-w008	6:20	6:20	8	6:20:8	ٱلَّذِينَ	ٱلَّذِى		REL					STEM|POS:REL|LEM:{l~a*iY|MP
w-s006-a020-w009	6:20	6:20	9	6:20:9	خَسِرُوٓا۟	خَسِرَ	خ س ر	V	PERF				STEM|POS:V|PERF|LEM:xasira|ROOT:xsr|3MP | SUFFIX|PRON:3MP
w-s006-a020-w010	6:20	6:20	10	6:20:10	أَنفُسَهُمْ	نَفْس	ن ف س	N					STEM|POS:N|LEM:nafos|ROOT:nfs|FP|ACC | SUFFIX|PRON:3MP
w-s006-a020-w011	6:20	6:20	11	6:20:11	فَهُمْ			PRON					PREFIX|f:RSLT+ | STEM|POS:PRON|3MP
w-s006-a020-w012	6:20	6:20	12	6:20:12	لَا	لَا		NEG					STEM|POS:NEG|LEM:laA
w-s006-a020-w013	6:20	6:20	13	6:20:13	يُؤْمِنُونَ	ءَامَنَ	ء م ن	V	IMPF			IV	STEM|POS:V|IMPF|(IV)|LEM:'aAmana|ROOT:Amn|3MP | SUFFIX|PRON:3MP
w-s006-a021-w001	6:21	6:21	1	6:21:1	وَمَنْ	مَن		INTG					PREFIX|w:REM+ | STEM|POS:INTG|LEM:man
w-s006-a021-w002	6:21	6:21	2	6:21:2	أَظْلَمُ	أَظْلَم	ظ ل م	N					STEM|POS:N|LEM:>aZolam|ROOT:Zlm|MS|NOM
w-s006-a021-w003	6:21	6:21	3	6:21:3	مِمَّنِ	مِن;مَن		P;REL					STEM|POS:P|LEM:min | STEM|POS:REL|LEM:man
w-s006-a021-w004	6:21	6:21	4	6:21:4	ٱفْتَرَىٰ	ٱفْتَرَىٰ	ف ر ي	V	PERF			VIII	STEM|POS:V|PERF|(VIII)|LEM:{fotaraY`|ROOT:fry|3MS
w-s006-a021-w005	6:21	6:21	5	6:21:5	عَلَى	عَلَىٰ		P					STEM|POS:P|LEM:EalaY`
w-s006-a021-w006	6:21	6:21	6	6:21:6	ٱللَّهِ	ٱللَّه	ء ل ه	PN					STEM|POS:PN|LEM:{ll~ah|ROOT:Alh|GEN
w-s006-a021-w007	6:21	6:21	7	6:21:7	كَذِبًا	كَذِب	ك ذ ب	N					STEM|POS:N|LEM:ka*ib|ROOT:k*b|M|INDEF|ACC
w-s006-a021-w008	6:21	6:21	8	6:21:8	أَوْ	أَو		CONJ					STEM|POS:CONJ|LEM:>aw
w-s006-a021-w009	6:21	6:21	9	6:21:9	كَذَّبَ	كَذَّبَ	ك ذ ب	V	PERF			II	STEM|POS:V|PERF|(II)|LEM:ka*~aba|ROOT:k*b|3MS
w-s006-a021-w010	6:21	6:21	10	6:21:10	بِـَٔايَٰتِهِۦٓ	ءَايَة	ء ي ي	N					PREFIX|bi+ | STEM|POS:N|LEM:'aAyap|ROOT:Ayy|FP|GEN | SUFFIX|PRON:3MS
w-s006-a021-w011	6:21	6:21	11	6:21:11	إِنَّهُۥ	إِنّ		ACC					STEM|POS:ACC|LEM:<in~|SP:<in~ | SUFFIX|PRON:3MS
w-s006-a021-w012	6:21	6:21	12	6:21:12	لَا	لَا		NEG					STEM|POS:NEG|LEM:laA
w-s006-a021-w013	6:21	6:21	13	6:21:13	يُفْلِحُ	أَفْلَحَ	ف ل ح	V	IMPF			IV	STEM|POS:V|IMPF|(IV)|LEM:>afolaHa|ROOT:flH|3MS
w-s006-a021-w014	6:21	6:21	14	6:21:14	ٱلظَّٰلِمُونَ	ظَالِم	ظ ل م	N			ACT		PREFIX|Al+ | STEM|POS:N|ACT|PCPL|LEM:ZaAlim|ROOT:Zlm|MP|NOM
w-s006-a022-w001	6:22	6:22	1	6:22:1	وَيَوْمَ	يَوْم	ي و م	T					PREFIX|w:REM+ | STEM|POS:T|LEM:yawom|ROOT:ywm|M|ACC
w-s006-a022-w002	6:22	6:22	2	6:22:2	نَحْشُرُهُمْ	حَشَرَ	ح ش ر	V	IMPF				STEM|POS:V|IMPF|LEM:Ha$ara|ROOT:H$r|1P | SUFFIX|PRON:3MP
w-s006-a022-w003	6:22	6:22	3	6:22:3	جَمِيعًا	جَمِيع	ج م ع	N					STEM|POS:N|LEM:jamiyE|ROOT:jmE|M|INDEF|ACC
w-s006-a022-w004	6:22	6:22	4	6:22:4	ثُمَّ	ثُمّ		CONJ					STEM|POS:CONJ|LEM:vum~
w-s006-a022-w005	6:22	6:22	5	6:22:5	نَقُولُ	قَالَ	ق و ل	V	IMPF				STEM|POS:V|IMPF|LEM:qaAla|ROOT:qwl|1P
w-s006-a022-w006	6:22	6:22	6	6:22:6	لِلَّذِينَ	ٱلَّذِى		REL					PREFIX|l:P+ | STEM|POS:REL|LEM:{l~a*iY|MP
w-s006-a022-w007	6:22	6:22	7	6:22:7	أَشْرَكُوٓا۟	أَشْرَكَ	ش ر ك	V	PERF			IV	STEM|POS:V|PERF|(IV)|LEM:>a$oraka|ROOT:$rk|3MP | SUFFIX|PRON:3MP
w-s006-a022-w008	6:22	6:22	8	6:22:8	أَيْنَ	أَيْن		INTG					STEM|POS:INTG|LEM:>ayon
w-s006-a022-w009	6:22	6:22	9	6:22:9	شُرَكَآؤُكُمُ	شَرِيك	ش ر ك	N					STEM|POS:N|LEM:$ariyk|ROOT:$rk|MP|NOM | SUFFIX|PRON:2MP
w-s006-a022-w010	6:22	6:22	10	6:22:10	ٱلَّذِينَ	ٱلَّذِى		REL					STEM|POS:REL|LEM:{l~a*iY|MP
w-s006-a022-w011	6:22	6:22	11	6:22:11	كُنتُمْ	كَانَ	ك و ن	V	PERF				STEM|POS:V|PERF|LEM:kaAna|ROOT:kwn|SP:kaAn|2MP | SUFFIX|PRON:2MP
w-s006-a022-w012	6:22	6:22	12	6:22:12	تَزْعُمُونَ	زَعَمَ	ز ع م	V	IMPF				STEM|POS:V|IMPF|LEM:zaEama|ROOT:zEm|2MP | SUFFIX|PRON:2MP
w-s006-a023-w001	6:23	6:23	1	6:23:1	ثُمَّ	ثُمّ		CONJ					STEM|POS:CONJ|LEM:vum~
w-s006-a023-w002	6:23	6:23	2	6:23:2	لَمْ	لَم		NEG					STEM|POS:NEG|LEM:lam
w-s006-a023-w003	6:23	6:23	3	6:23:3	تَكُن	كَانَ	ك و ن	V	IMPF	JUS			STEM|POS:V|IMPF|LEM:kaAna|ROOT:kwn|SP:kaAn|3FS|MOOD:JUS
w-s006-a023-w004	6:23	6:23	4	6:23:4	فِتْنَتُهُمْ	فِتْنَة	ف ت ن	N					STEM|POS:N|LEM:fitonap|ROOT:ftn|F|NOM | SUFFIX|PRON:3MP
w-s006-a023-w005	6:23	6:23	5	6:23:5	إِلَّآ	إِلَّا		RES					STEM|POS:RES|LEM:<il~aA
w-s006-a023-w006	6:23	6:23	6	6:23:6	أَن	أَن		SUB					STEM|POS:SUB|LEM:>an
w-s006-a023-w007	6:23	6:23	7	6:23:7	قَالُوا۟	قَالَ	ق و ل	V	PERF				STEM|POS:V|PERF|LEM:qaAla|ROOT:qwl|3MP | SUFFIX|PRON:3MP
w-s006-a023-w008	6:23	6:23	8	6:23:8	وَٱللَّهِ	ٱللَّه	ء ل ه	PN					PREFIX|w:P+ | STEM|POS:PN|LEM:{ll~ah|ROOT:Alh|GEN
w-s006-a023-w009	6:23	6:23	9	6:23:9	رَبِّنَا	رَبّ	ر ب ب	N					STEM|POS:N|LEM:rab~|ROOT:rbb|M|GEN | SUFFIX|PRON:1P
w-s006-a023-w010	6:23	6:23	10	6:23:10	مَا	مَا		NEG					STEM|POS:NEG|LEM:maA
w-s006-a023-w011	6:23	6:23	11	6:23:11	كُنَّا	كَانَ	ك و ن	V	PERF				STEM|POS:V|PERF|LEM:kaAna|ROOT:kwn|SP:kaAn|1P | SUFFIX|PRON:1P
w-s006-a023-w012	6:23	6:23	12	6:23:12	مُشْرِكِينَ	مُشْرِك	ش ر ك	N			ACT	IV	STEM|POS:N|ACT|PCPL|(IV)|LEM:mu$orik|ROOT:$rk|MP|ACC
w-s006-a024-w001	6:24	6:24	1	6:24:1	ٱنظُرْ	نَّظَرَ	ن ظ ر	V	IMPV				STEM|POS:V|IMPV|LEM:n~aZara|ROOT:nZr|2MS
w-s006-a024-w002	6:24	6:24	2	6:24:2	كَيْفَ	كَيْف	ك ي ف	INTG					STEM|POS:INTG|LEM:kayof|ROOT:kyf
w-s006-a024-w003	6:24	6:24	3	6:24:3	كَذَبُوا۟	كَذَبَ	ك ذ ب	V	PERF				STEM|POS:V|PERF|LEM:ka*aba|ROOT:k*b|3MP | SUFFIX|PRON:3MP
w-s006-a024-w004	6:24	6:24	4	6:24:4	عَلَىٰٓ	عَلَىٰ		P					STEM|POS:P|LEM:EalaY`
w-s006-a024-w005	6:24	6:24	5	6:24:5	أَنفُسِهِمْ	نَفْس	ن ف س	N					STEM|POS:N|LEM:nafos|ROOT:nfs|FP|GEN | SUFFIX|PRON:3MP
w-s006-a024-w006	6:24	6:24	6	6:24:6	وَضَلَّ	ضَلَّ	ض ل ل	V	PERF				PREFIX|w:CONJ+ | STEM|POS:V|PERF|LEM:Dal~a|ROOT:Dll|3MS
w-s006-a024-w007	6:24	6:24	7	6:24:7	عَنْهُم	عَن		P					STEM|POS:P|LEM:Ean | SUFFIX|PRON:3MP
w-s006-a024-w008	6:24	6:24	8	6:24:8	مَّا	مَا		REL					STEM|POS:REL|LEM:maA
w-s006-a024-w009	6:24	6:24	9	6:24:9	كَانُوا۟	كَانَ	ك و ن	V	PERF				STEM|POS:V|PERF|LEM:kaAna|ROOT:kwn|SP:kaAn|3MP | SUFFIX|PRON:3MP
w-s006-a024-w010	6:24	6:24	10	6:24:10	يَفْتَرُونَ	ٱفْتَرَىٰ	ف ر ي	V	IMPF			VIII	STEM|POS:V|IMPF|(VIII)|LEM:{fotaraY`|ROOT:fry|3MP | SUFFIX|PRON:3MP
w-s006-a025-w001	6:25	6:25	1	6:25:1	وَمِنْهُم	مِن		P					PREFIX|w:REM+ | STEM|POS:P|LEM:min | SUFFIX|PRON:3MP
w-s006-a025-w002	6:25	6:25	2	6:25:2	مَّن	مَن		REL					STEM|POS:REL|LEM:man
w-s006-a025-w003	6:25	6:25	3	6:25:3	يَسْتَمِعُ	ٱسْتَمَعَ	س م ع	V	IMPF			VIII	STEM|POS:V|IMPF|(VIII)|LEM:{sotamaEa|ROOT:smE|3MS
w-s006-a025-w004	6:25	6:25	4	6:25:4	إِلَيْكَ	إِلَىٰ		P					STEM|POS:P|LEM:<ilaY` | SUFFIX|PRON:2MS
w-s006-a025-w005	6:25	6:25	5	6:25:5	وَجَعَلْنَا	جَعَلَ	ج ع ل	V	PERF				PREFIX|w:CONJ+ | STEM|POS:V|PERF|LEM:jaEala|ROOT:jEl|1P | SUFFIX|PRON:1P
w-s006-a025-w006	6:25	6:25	6	6:25:6	عَلَىٰ	عَلَىٰ		P					STEM|POS:P|LEM:EalaY`
w-s006-a025-w007	6:25	6:25	7	6:25:7	قُلُوبِهِمْ	قَلْب	ق ل ب	N					STEM|POS:N|LEM:qalob|ROOT:qlb|FP|GEN | SUFFIX|PRON:3MP
w-s006-a025-w008	6:25	6:25	8	6:25:8	أَكِنَّةً	أَكِنَّة	ك ن ن	N					STEM|POS:N|LEM:>akin~ap|ROOT:knn|F|INDEF|ACC
w-s006-a025-w009	6:25	6:25	9	6:25:9	أَن	أَن		SUB					STEM|POS:SUB|LEM:>an
w-s006-a025-w010	6:25	6:25	10	6:25:10	يَفْقَهُوهُ	يَفْقَهُ	ف ق ه	V	IMPF	SUBJ			STEM|POS:V|IMPF|LEM:yafoqahu|ROOT:fqh|3MP|MOOD:SUBJ | SUFFIX|PRON:3MP | SUFFIX|PRON:3MS
w-s006-a025-w011	6:25	6:25	11	6:25:11	وَفِىٓ	فِى		P					PREFIX|w:CONJ+ | STEM|POS:P|LEM:fiY
w-s006-a025-w012	6:25	6:25	12	6:25:12	ءَاذَانِهِمْ	أُذُنٌ	ء ذ ن	N					STEM|POS:N|LEM:>u*unN|ROOT:A*n|FP|GEN | SUFFIX|PRON:3MP
w-s006-a025-w013	6:25	6:25	13	6:25:13	وَقْرًا	وَقْر	و ق ر	N					STEM|POS:N|LEM:waqor|ROOT:wqr|M|INDEF|ACC
w-s006-a025-w014	6:25	6:25	14	6:25:14	وَإِن	إِن		COND					PREFIX|w:REM+ | STEM|POS:COND|LEM:<in
w-s006-a025-w015	6:25	6:25	15	6:25:15	يَرَوْا۟	رَءَا	ر ء ي	V	IMPF	JUS			STEM|POS:V|IMPF|LEM:ra'aA|ROOT:rAy|3MP|MOOD:JUS | SUFFIX|PRON:3MP
w-s006-a025-w016	6:25	6:25	16	6:25:16	كُلَّ	كُلّ	ك ل ل	N					STEM|POS:N|LEM:kul~|ROOT:kll|M|ACC
w-s006-a025-w017	6:25	6:25	17	6:25:17	ءَايَةٍ	ءَايَة	ء ي ي	N					STEM|POS:N|LEM:'aAyap|ROOT:Ayy|FS|INDEF|GEN
w-s006-a025-w018	6:25	6:25	18	6:25:18	لَّا	لَا		NEG					STEM|POS:NEG|LEM:laA
w-s006-a025-w019	6:25	6:25	19	6:25:19	يُؤْمِنُوا۟	ءَامَنَ	ء م ن	V	IMPF	JUS		IV	STEM|POS:V|IMPF|(IV)|LEM:'aAmana|ROOT:Amn|3MP|MOOD:JUS | SUFFIX|PRON:3MP
w-s006-a025-w020	6:25	6:25	20	6:25:20	بِهَا			PRON					PREFIX|bi+ | STEM|POS:PRON|3FS
w-s006-a025-w021	6:25	6:25	21	6:25:21	حَتَّىٰٓ	حَتَّىٰ		INC					STEM|POS:INC|LEM:Hat~aY`
w-s006-a025-w022	6:25	6:25	22	6:25:22	إِذَا	إِذَا		T					STEM|POS:T|LEM:<i*aA
w-s006-a025-w023	6:25	6:25	23	6:25:23	جَآءُوكَ	جَآءَ	ج ي ء	V	PERF				STEM|POS:V|PERF|LEM:jaA^'a|ROOT:jyA|3MP | SUFFIX|PRON:3MP | SUFFIX|PRON:2MS
w-s006-a025-w024	6:25	6:25	24	6:25:24	يُجَٰدِلُونَكَ	جَٰدَلُ	ج د ل	V	IMPF			III	STEM|POS:V|IMPF|(III)|LEM:ja`dalu|ROOT:jdl|3MP | SUFFIX|PRON:3MP | SUFFIX|PRON:2MS
w-s006-a025-w025	6:25	6:25	25	6:25:25	يَقُولُ	قَالَ	ق و ل	V	IMPF				STEM|POS:V|IMPF|LEM:qaAla|ROOT:qwl|3MS
w-s006-a025-w026	6:25	6:25	26	6:25:26	ٱلَّذِينَ	ٱلَّذِى		REL					STEM|POS:REL|LEM:{l~a*iY|MP
w-s006-a025-w027	6:25	6:25	27	6:25:27	كَفَرُوٓا۟	كَفَرَ	ك ف ر	V	PERF				STEM|POS:V|PERF|LEM:kafara|ROOT:kfr|3MP | SUFFIX|PRON:3MP
w-s006-a025-w028	6:25	6:25	28	6:25:28	إِنْ	إِن		NEG					STEM|POS:NEG|LEM:<in
w-s006-a025-w029	6:25	6:25	29	6:25:29	هَٰذَآ	هَٰذَا		DEM					STEM|POS:DEM|LEM:ha`*aA|MS
w-s006-a025-w030	6:25	6:25	30	6:25:30	إِلَّآ	إِلَّا		RES					STEM|POS:RES|LEM:<il~aA
w-s006-a025-w031	6:25	6:25	31	6:25:31	أَسَٰطِيرُ	أَسَٰطِير	س ط ر	N					STEM|POS:N|LEM:>asa`Tiyr|ROOT:sTr|MP|NOM
w-s006-a025-w032	6:25	6:25	32	6:25:32	ٱلْأَوَّلِينَ	أَوَّل	ء و ل	N					PREFIX|Al+ | STEM|POS:N|LEM:>aw~al|ROOT:Awl|MP|GEN
w-s006-a026-w001	6:26	6:26	1	6:26:1	وَهُمْ			PRON					PREFIX|w:CIRC+ | STEM|POS:PRON|3MP
w-s006-a026-w002	6:26	6:26	2	6:26:2	يَنْهَوْنَ	نَهَىٰ	ن ه ي	V	IMPF				STEM|POS:V|IMPF|LEM:nahaY`|ROOT:nhy|3MP | SUFFIX|PRON:3MP
w-s006-a026-w003	6:26	6:26	3	6:26:3	عَنْهُ	عَن		P					STEM|POS:P|LEM:Ean | SUFFIX|PRON:3MS
w-s006-a026-w004	6:26	6:26	4	6:26:4	وَيَنْـَٔوْنَ	نَـَٔا	ن ء ي	V	IMPF				PREFIX|w:CONJ+ | STEM|POS:V|IMPF|LEM:na_#aA|ROOT:nAy|3MP | SUFFIX|PRON:3MP
w-s006-a026-w005	6:26	6:26	5	6:26:5	عَنْهُ	عَن		P					STEM|POS:P|LEM:Ean | SUFFIX|PRON:3MS
w-s006-a026-w006	6:26	6:26	6	6:26:6	وَإِن	إِن		NEG					PREFIX|w:REM+ | STEM|POS:NEG|LEM:<in
w-s006-a026-w007	6:26	6:26	7	6:26:7	يُهْلِكُونَ	أَهْلَكَ	ه ل ك	V	IMPF			IV	STEM|POS:V|IMPF|(IV)|LEM:>aholaka|ROOT:hlk|3MP | SUFFIX|PRON:3MP
w-s006-a026-w008	6:26	6:26	8	6:26:8	إِلَّآ	إِلَّا		RES					STEM|POS:RES|LEM:<il~aA
w-s006-a026-w009	6:26	6:26	9	6:26:9	أَنفُسَهُمْ	نَفْس	ن ف س	N					STEM|POS:N|LEM:nafos|ROOT:nfs|FP|ACC | SUFFIX|PRON:3MP
w-s006-a026-w010	6:26	6:26	10	6:26:10	وَمَا	مَا		NEG					PREFIX|w:CONJ+ | STEM|POS:NEG|LEM:maA
w-s006-a026-w011	6:26	6:26	11	6:26:11	يَشْعُرُونَ	يَشْعُرُ	ش ع ر	V	IMPF				STEM|POS:V|IMPF|LEM:ya$oEuru|ROOT:$Er|3MP | SUFFIX|PRON:3MP
w-s006-a027-w001	6:27	6:27	1	6:27:1	وَلَوْ	لَو		COND					PREFIX|w:CONJ+ | STEM|POS:COND|LEM:law
w-s006-a027-w002	6:27	6:27	2	6:27:2	تَرَىٰٓ	رَءَا	ر ء ي	V	IMPF				STEM|POS:V|IMPF|LEM:ra'aA|ROOT:rAy|2MS
w-s006-a027-w003	6:27	6:27	3	6:27:3	إِذْ	إِذ		T					STEM|POS:T|LEM:<i*
w-s006-a027-w004	6:27	6:27	4	6:27:4	وُقِفُوا۟	وُقِفُ	و ق ف	V	PERF		PASS		STEM|POS:V|PERF|PASS|LEM:wuqifu|ROOT:wqf|3MP | SUFFIX|PRON:3MP
w-s006-a027-w005	6:27	6:27	5	6:27:5	عَلَى	عَلَىٰ		P					STEM|POS:P|LEM:EalaY`
w-s006-a027-w006	6:27	6:27	6	6:27:6	ٱلنَّارِ	نَار	ن و ر	N					PREFIX|Al+ | STEM|POS:N|LEM:naAr|ROOT:nwr|F|GEN
w-s006-a027-w007	6:27	6:27	7	6:27:7	فَقَالُوا۟	قَالَ	ق و ل	V	PERF				PREFIX|f:CONJ+ | STEM|POS:V|PERF|LEM:qaAla|ROOT:qwl|3MP | SUFFIX|PRON:3MP
w-s006-a027-w008	6:27	6:27	8	6:27:8	يَٰلَيْتَنَا	لَيْت		ACC					PREFIX|ya+ | STEM|POS:ACC|LEM:layot|SP:<in~ | SUFFIX|PRON:1P
w-s006-a027-w009	6:27	6:27	9	6:27:9	نُرَدُّ	رَدَّ	ر د د	V	IMPF		PASS		STEM|POS:V|IMPF|PASS|LEM:rad~a|ROOT:rdd|1P
w-s006-a027-w010	6:27	6:27	10	6:27:10	وَلَا	لَا		NEG					PREFIX|w:CONJ+ | STEM|POS:NEG|LEM:laA
w-s006-a027-w011	6:27	6:27	11	6:27:11	نُكَذِّبَ	كَذَّبَ	ك ذ ب	V	IMPF	SUBJ		II	STEM|POS:V|IMPF|(II)|LEM:ka*~aba|ROOT:k*b|1P|MOOD:SUBJ
w-s006-a027-w012	6:27	6:27	12	6:27:12	بِـَٔايَٰتِ	ءَايَة	ء ي ي	N					PREFIX|bi+ | STEM|POS:N|LEM:'aAyap|ROOT:Ayy|FP|GEN
w-s006-a027-w013	6:27	6:27	13	6:27:13	رَبِّنَا	رَبّ	ر ب ب	N					STEM|POS:N|LEM:rab~|ROOT:rbb|M|GEN | SUFFIX|PRON:1P
w-s006-a027-w014	6:27	6:27	14	6:27:14	وَنَكُونَ	كَانَ	ك و ن	V	IMPF	SUBJ			PREFIX|w:CONJ+ | STEM|POS:V|IMPF|LEM:kaAna|ROOT:kwn|SP:kaAn|1P|MOOD:SUBJ
w-s006-a027-w015	6:27	6:27	15	6:27:15	مِنَ	مِن		P					STEM|POS:P|LEM:min
w-s006-a027-w016	6:27	6:27	16	6:27:16	ٱلْمُؤْمِنِينَ	مُؤْمِن	ء م ن	N			ACT	IV	PREFIX|Al+ | STEM|POS:N|ACT|PCPL|(IV)|LEM:mu&omin|ROOT:Amn|MP|GEN
w-s006-a028-w001	6:28	6:28	1	6:28:1	بَلْ	بَل		RET					STEM|POS:RET|LEM:bal
w-s006-a028-w002	6:28	6:28	2	6:28:2	بَدَا	بَدَا	ب د و	V	PERF				STEM|POS:V|PERF|LEM:badaA|ROOT:bdw|3MS
w-s006-a028-w003	6:28	6:28	3	6:28:3	لَهُم			PRON					PREFIX|l:P+ | STEM|POS:PRON|3MP
w-s006-a028-w004	6:28	6:28	4	6:28:4	مَّا	مَا		REL					STEM|POS:REL|LEM:maA
w-s006-a028-w005	6:28	6:28	5	6:28:5	كَانُوا۟	كَانَ	ك و ن	V	PERF				STEM|POS:V|PERF|LEM:kaAna|ROOT:kwn|SP:kaAn|3MP | SUFFIX|PRON:3MP
w-s006-a028-w006	6:28	6:28	6	6:28:6	يُخْفُونَ	أُخْفِىَ	خ ف ي	V	IMPF			IV	STEM|POS:V|IMPF|(IV)|LEM:>uxofiYa|ROOT:xfy|3MP | SUFFIX|PRON:3MP
w-s006-a028-w007	6:28	6:28	7	6:28:7	مِن	مِن		P					STEM|POS:P|LEM:min
w-s006-a028-w008	6:28	6:28	8	6:28:8	قَبْلُ	قَبْل	ق ب ل	N					STEM|POS:N|LEM:qabol|ROOT:qbl|GEN
w-s006-a028-w009	6:28	6:28	9	6:28:9	وَلَوْ	لَو		COND					PREFIX|w:REM+ | STEM|POS:COND|LEM:law
w-s006-a028-w010	6:28	6:28	10	6:28:10	رُدُّوا۟	رَدَّ	ر د د	V	PERF		PASS		STEM|POS:V|PERF|PASS|LEM:rad~a|ROOT:rdd|3MP | SUFFIX|PRON:3MP
w-s006-a028-w011	6:28	6:28	11	6:28:11	لَعَادُوا۟	عَادَ	ع و د	V	PERF				PREFIX|l:EMPH+ | STEM|POS:V|PERF|LEM:EaAda|ROOT:Ewd|3MP | SUFFIX|PRON:3MP
w-s006-a028-w012	6:28	6:28	12	6:28:12	لِمَا	مَا		REL					PREFIX|l:P+ | STEM|POS:REL|LEM:maA
w-s006-a028-w013	6:28	6:28	13	6:28:13	نُهُوا۟	نَهَىٰ	ن ه ي	V	PERF		PASS		STEM|POS:V|PERF|PASS|LEM:nahaY`|ROOT:nhy|3MP | SUFFIX|PRON:3MP
w-s006-a028-w014	6:28	6:28	14	6:28:14	عَنْهُ	عَن		P					STEM|POS:P|LEM:Ean | SUFFIX|PRON:3MS
w-s006-a028-w015	6:28	6:28	15	6:28:15	وَإِنَّهُمْ	إِنّ		ACC					PREFIX|w:REM+ | STEM|POS:ACC|LEM:<in~|SP:<in~ | SUFFIX|PRON:3MP
w-s006-a028-w016	6:28	6:28	16	6:28:16	لَكَٰذِبُونَ	كَٰذِب	ك ذ ب	N			ACT		PREFIX|l:EMPH+ | STEM|POS:N|ACT|PCPL|LEM:ka`*ib|ROOT:k*b|MP|NOM
w-s006-a029-w001	6:29	6:29	1	6:29:1	وَقَالُوٓا۟	قَالَ	ق و ل	V	PERF				PREFIX|w:REM+ | STEM|POS:V|PERF|LEM:qaAla|ROOT:qwl|3MP | SUFFIX|PRON:3MP
w-s006-a029-w002	6:29	6:29	2	6:29:2	إِنْ	إِن		NEG					STEM|POS:NEG|LEM:<in
w-s006-a029-w003	6:29	6:29	3	6:29:3	هِىَ			PRON					STEM|POS:PRON|3FS
w-s006-a029-w004	6:29	6:29	4	6:29:4	إِلَّا	إِلَّا		RES					STEM|POS:RES|LEM:<il~aA
w-s006-a029-w005	6:29	6:29	5	6:29:5	حَيَاتُنَا	حَيَوٰة	ح ي ي	N					STEM|POS:N|LEM:Hayaw`p|ROOT:Hyy|F|NOM | SUFFIX|PRON:1P
w-s006-a029-w006	6:29	6:29	6	6:29:6	ٱلدُّنْيَا	دُّنْيَا	د ن و	ADJ					PREFIX|Al+ | STEM|POS:ADJ|LEM:d~unoyaA|ROOT:dnw|FS|NOM
w-s006-a029-w007	6:29	6:29	7	6:29:7	وَمَا	مَا		NEG					PREFIX|w:CONJ+ | STEM|POS:NEG|LEM:maA
w-s006-a029-w008	6:29	6:29	8	6:29:8	نَحْنُ			PRON					STEM|POS:PRON|1P
w-s006-a029-w009	6:29	6:29	9	6:29:9	بِمَبْعُوثِينَ	مَّبْعُوثُون	ب ع ث	N			PASS		PREFIX|bi+ | STEM|POS:N|PASS|PCPL|LEM:m~aboEuwvuwn|ROOT:bEv|MP|GEN
w-s006-a030-w001	6:30	6:30	1	6:30:1	وَلَوْ	لَو		COND					PREFIX|w:CONJ+ | STEM|POS:COND|LEM:law
w-s006-a030-w002	6:30	6:30	2	6:30:2	تَرَىٰٓ	رَءَا	ر ء ي	V	IMPF				STEM|POS:V|IMPF|LEM:ra'aA|ROOT:rAy|2MS
w-s006-a030-w003	6:30	6:30	3	6:30:3	إِذْ	إِذ		T					STEM|POS:T|LEM:<i*
w-s006-a030-w004	6:30	6:30	4	6:30:4	وُقِفُوا۟	وُقِفُ	و ق ف	V	PERF		PASS		STEM|POS:V|PERF|PASS|LEM:wuqifu|ROOT:wqf|3MP | SUFFIX|PRON:3MP
w-s006-a030-w005	6:30	6:30	5	6:30:5	عَلَىٰ	عَلَىٰ		P					STEM|POS:P|LEM:EalaY`
w-s006-a030-w006	6:30	6:30	6	6:30:6	رَبِّهِمْ	رَبّ	ر ب ب	N					STEM|POS:N|LEM:rab~|ROOT:rbb|M|GEN | SUFFIX|PRON:3MP
w-s006-a030-w007	6:30	6:30	7	6:30:7	قَالَ	قَالَ	ق و ل	V	PERF				STEM|POS:V|PERF|LEM:qaAla|ROOT:qwl|3MS
w-s006-a030-w008	6:30	6:30	8	6:30:8	أَلَيْسَ	لَّيْسَ	ل ي س	V	PERF				PREFIX|A:INTG+ | STEM|POS:V|PERF|LEM:l~ayosa|ROOT:lys|SP:kaAn|3MS
w-s006-a030-w009	6:30	6:30	9	6:30:9	هَٰذَا	هَٰذَا		DEM					STEM|POS:DEM|LEM:ha`*aA|MS
w-s006-a030-w010	6:30	6:30	10	6:30:10	بِٱلْحَقِّ	حَقّ	ح ق ق	N					PREFIX|bi+ | PREFIX|Al+ | STEM|POS:N|LEM:Haq~|ROOT:Hqq|M|GEN
w-s006-a030-w011	6:30	6:30	11	6:30:11	قَالُوا۟	قَالَ	ق و ل	V	PERF				STEM|POS:V|PERF|LEM:qaAla|ROOT:qwl|3MP | SUFFIX|PRON:3MP
w-s006-a030-w012	6:30	6:30	12	6:30:12	بَلَىٰ	بَلَىٰ		ANS					STEM|POS:ANS|LEM:balaY`
w-s006-a030-w013	6:30	6:30	13	6:30:13	وَرَبِّنَا	رَبّ	ر ب ب	N					PREFIX|w:P+ | STEM|POS:N|LEM:rab~|ROOT:rbb|M|GEN | SUFFIX|PRON:1P
w-s006-a030-w014	6:30	6:30	14	6:30:14	قَالَ	قَالَ	ق و ل	V	PERF				STEM|POS:V|PERF|LEM:qaAla|ROOT:qwl|3MS
w-s006-a030-w015	6:30	6:30	15	6:30:15	فَذُوقُوا۟	ذَاقُ	ذ و ق	V	IMPV				PREFIX|f:SUP+ | STEM|POS:V|IMPV|LEM:*aAqu|ROOT:*wq|2MP | SUFFIX|PRON:2MP
w-s006-a030-w016	6:30	6:30	16	6:30:16	ٱلْعَذَابَ	عَذَاب	ع ذ ب	N					PREFIX|Al+ | STEM|POS:N|LEM:Ea*aAb|ROOT:E*b|M|ACC
w-s006-a030-w017	6:30	6:30	17	6:30:17	بِمَا	مَا		REL					PREFIX|bi+ | STEM|POS:REL|LEM:maA
w-s006-a030-w018	6:30	6:30	18	6:30:18	كُنتُمْ	كَانَ	ك و ن	V	PERF				STEM|POS:V|PERF|LEM:kaAna|ROOT:kwn|SP:kaAn|2MP | SUFFIX|PRON:2MP
w-s006-a030-w019	6:30	6:30	19	6:30:19	تَكْفُرُونَ	كَفَرَ	ك ف ر	V	IMPF				STEM|POS:V|IMPF|LEM:kafara|ROOT:kfr|2MP | SUFFIX|PRON:2MP
w-s006-a031-w001	6:31	6:31	1	6:31:1	قَدْ	قَد		CERT					STEM|POS:CERT|LEM:qad
w-s006-a031-w002	6:31	6:31	2	6:31:2	خَسِرَ	خَسِرَ	خ س ر	V	PERF				STEM|POS:V|PERF|LEM:xasira|ROOT:xsr|3MS
w-s006-a031-w003	6:31	6:31	3	6:31:3	ٱلَّذِينَ	ٱلَّذِى		REL					STEM|POS:REL|LEM:{l~a*iY|MP
w-s006-a031-w004	6:31	6:31	4	6:31:4	كَذَّبُوا۟	كَذَّبَ	ك ذ ب	V	PERF			II	STEM|POS:V|PERF|(II)|LEM:ka*~aba|ROOT:k*b|3MP | SUFFIX|PRON:3MP
w-s006-a031-w005	6:31	6:31	5	6:31:5	بِلِقَآءِ	لِقَآء	ل ق ي	N				III	PREFIX|bi+ | STEM|POS:N|VN|(III)|LEM:liqaA^'|ROOT:lqy|M|GEN
w-s006-a031-w006	6:31	6:31	6	6:31:6	ٱللَّهِ	ٱللَّه	ء ل ه	PN					STEM|POS:PN|LEM:{ll~ah|ROOT:Alh|GEN
w-s006-a031-w007	6:31	6:31	7	6:31:7	حَتَّىٰٓ	حَتَّىٰ		INC					STEM|POS:INC|LEM:Hat~aY`
w-s006-a031-w008	6:31	6:31	8	6:31:8	إِذَا	إِذَا		T					STEM|POS:T|LEM:<i*aA
w-s006-a031-w009	6:31	6:31	9	6:31:9	جَآءَتْهُمُ	جَآءَ	ج ي ء	V	PERF				STEM|POS:V|PERF|LEM:jaA^'a|ROOT:jyA|3FS | SUFFIX|PRON:3MP
w-s006-a031-w010	6:31	6:31	10	6:31:10	ٱلسَّاعَةُ	سَاعَة	س و ع	N					PREFIX|Al+ | STEM|POS:N|LEM:saAEap|ROOT:swE|F|NOM
w-s006-a031-w011	6:31	6:31	11	6:31:11	بَغْتَةً	بَغْتَة	ب غ ت	N					STEM|POS:N|LEM:bagotap|ROOT:bgt|F|INDEF|ACC
w-s006-a031-w012	6:31	6:31	12	6:31:12	قَالُوا۟	قَالَ	ق و ل	V	PERF				STEM|POS:V|PERF|LEM:qaAla|ROOT:qwl|3MP | SUFFIX|PRON:3MP
w-s006-a031-w013	6:31	6:31	13	6:31:13	يَٰحَسْرَتَنَا	حَسْرَت	ح س ر	N					PREFIX|ya+ | STEM|POS:N|LEM:Hasorat|ROOT:Hsr|F|ACC | SUFFIX|PRON:1P
w-s006-a031-w014	6:31	6:31	14	6:31:14	عَلَىٰ	عَلَىٰ		P					STEM|POS:P|LEM:EalaY`
w-s006-a031-w015	6:31	6:31	15	6:31:15	مَا	مَا		REL					STEM|POS:REL|LEM:maA
w-s006-a031-w016	6:31	6:31	16	6:31:16	فَرَّطْنَا	فَرَّط	ف ر ط	V	PERF			II	STEM|POS:V|PERF|(II)|LEM:far~aT|ROOT:frT|1P | SUFFIX|PRON:1P
w-s006-a031-w017	6:31	6:31	17	6:31:17	فِيهَا	فِى		P					STEM|POS:P|LEM:fiY | SUFFIX|PRON:3FS
w-s006-a031-w018	6:31	6:31	18	6:31:18	وَهُمْ			PRON					PREFIX|w:CIRC+ | STEM|POS:PRON|3MP
w-s006-a031-w019	6:31	6:31	19	6:31:19	يَحْمِلُونَ	حَمَلَ	ح م ل	V	IMPF				STEM|POS:V|IMPF|LEM:Hamala|ROOT:Hml|3MP | SUFFIX|PRON:3MP
w-s006-a031-w020	6:31	6:31	20	6:31:20	أَوْزَارَهُمْ	وِزْر	و ز ر	N					STEM|POS:N|LEM:wizor|ROOT:wzr|FP|ACC | SUFFIX|PRON:3MP
w-s006-a031-w021	6:31	6:31	21	6:31:21	عَلَىٰ	عَلَىٰ		P					STEM|POS:P|LEM:EalaY`
w-s006-a031-w022	6:31	6:31	22	6:31:22	ظُهُورِهِمْ	ظَهْر	ظ ه ر	N					STEM|POS:N|LEM:Zahor|ROOT:Zhr|MP|GEN | SUFFIX|PRON:3MP
w-s006-a031-w023	6:31	6:31	23	6:31:23	أَلَا	أَلَآ		INC					STEM|POS:INC|LEM:>alaA^
w-s006-a031-w024	6:31	6:31	24	6:31:24	سَآءَ	سَآءَ	س و ء	V	PERF				STEM|POS:V|PERF|LEM:saA^'a|ROOT:swA|3MS
w-s006-a031-w025	6:31	6:31	25	6:31:25	مَا	مَا		REL					STEM|POS:REL|LEM:maA
w-s006-a031-w026	6:31	6:31	26	6:31:26	يَزِرُونَ	يَزِرُ	و ز ر	V	IMPF				STEM|POS:V|IMPF|LEM:yaziru|ROOT:wzr|3MP | SUFFIX|PRON:3MP
w-s006-a032-w001	6:32	6:32	1	6:32:1	وَمَا	مَا		NEG					PREFIX|w:REM+ | STEM|POS:NEG|LEM:maA
w-s006-a032-w002	6:32	6:32	2	6:32:2	ٱلْحَيَوٰةُ	حَيَوٰة	ح ي ي	N					PREFIX|Al+ | STEM|POS:N|LEM:Hayaw`p|ROOT:Hyy|F|NOM
w-s006-a032-w003	6:32	6:32	3	6:32:3	ٱلدُّنْيَآ	دُّنْيَا	د ن و	ADJ					PREFIX|Al+ | STEM|POS:ADJ|LEM:d~unoyaA|ROOT:dnw|FS|NOM
w-s006-a032-w004	6:32	6:32	4	6:32:4	إِلَّا	إِلَّا		RES					STEM|POS:RES|LEM:<il~aA
w-s006-a032-w005	6:32	6:32	5	6:32:5	لَعِبٌ	لَعِب	ل ع ب	N					STEM|POS:N|LEM:laEib|ROOT:lEb|M|INDEF|NOM
w-s006-a032-w006	6:32	6:32	6	6:32:6	وَلَهْوٌ	لَهْو	ل ه و	N					PREFIX|w:CONJ+ | STEM|POS:N|LEM:lahow|ROOT:lhw|M|INDEF|NOM
w-s006-a032-w007	6:32	6:32	7	6:32:7	وَلَلدَّارُ	دَار	د و ر	N					PREFIX|w:CONJ+ | PREFIX|l:EMPH+ | PREFIX|Al+ | STEM|POS:N|LEM:daAr|ROOT:dwr|FS|NOM
w-s006-a032-w008	6:32	6:32	8	6:32:8	ٱلْءَاخِرَةُ	آخِر	ء خ ر	ADJ					PREFIX|Al+ | STEM|POS:ADJ|LEM:A^xir|ROOT:Axr|FS|NOM
w-s006-a032-w009	6:32	6:32	9	6:32:9	خَيْرٌ	خَيْر	خ ي ر	N					STEM|POS:N|LEM:xayor|ROOT:xyr|MS|INDEF|NOM
w-s006-a032-w010	6:32	6:32	10	6:32:10	لِّلَّذِينَ	ٱلَّذِى		REL					PREFIX|l:P+ | STEM|POS:REL|LEM:{l~a*iY|MP
w-s006-a032-w011	6:32	6:32	11	6:32:11	يَتَّقُونَ	ٱتَّقَىٰ	و ق ي	V	IMPF			VIII	STEM|POS:V|IMPF|(VIII)|LEM:{t~aqaY`|ROOT:wqy|3MP | SUFFIX|PRON:3MP
w-s006-a032-w012	6:32	6:32	12	6:32:12	أَفَلَا	لَا		NEG					PREFIX|A:INTG+ | PREFIX|f:SUP+ | STEM|POS:NEG|LEM:laA
w-s006-a032-w013	6:32	6:32	13	6:32:13	تَعْقِلُونَ	عَقَلُ	ع ق ل	V	IMPF				STEM|POS:V|IMPF|LEM:Eaqalu|ROOT:Eql|2MP | SUFFIX|PRON:2MP
w-s006-a033-w001	6:33	6:33	1	6:33:1	قَدْ	قَد		CERT					STEM|POS:CERT|LEM:qad
w-s006-a033-w002	6:33	6:33	2	6:33:2	نَعْلَمُ	عَلِمَ	ع ل م	V	IMPF				STEM|POS:V|IMPF|LEM:Ealima|ROOT:Elm|1P
w-s006-a033-w003	6:33	6:33	3	6:33:3	إِنَّهُۥ	إِنّ		ACC					STEM|POS:ACC|LEM:<in~|SP:<in~ | SUFFIX|PRON:3MS
w-s006-a033-w004	6:33	6:33	4	6:33:4	لَيَحْزُنُكَ	يَحْزُن	ح ز ن	V	IMPF				PREFIX|l:EMPH+ | STEM|POS:V|IMPF|LEM:yaHozun|ROOT:Hzn|3MS | SUFFIX|PRON:2MS
w-s006-a033-w005	6:33	6:33	5	6:33:5	ٱلَّذِى	ٱلَّذِى		REL					STEM|POS:REL|LEM:{l~a*iY|MS
w-s006-a033-w006	6:33	6:33	6	6:33:6	يَقُولُونَ	قَالَ	ق و ل	V	IMPF				STEM|POS:V|IMPF|LEM:qaAla|ROOT:qwl|3MP | SUFFIX|PRON:3MP
w-s006-a033-w007	6:33	6:33	7	6:33:7	فَإِنَّهُمْ	إِنّ		ACC					PREFIX|f:CONJ+ | STEM|POS:ACC|LEM:<in~|SP:<in~ | SUFFIX|PRON:3MP
w-s006-a033-w008	6:33	6:33	8	6:33:8	لَا	لَا		NEG					STEM|POS:NEG|LEM:laA
w-s006-a033-w009	6:33	6:33	9	6:33:9	يُكَذِّبُونَكَ	كَذَّبَ	ك ذ ب	V	IMPF			II	STEM|POS:V|IMPF|(II)|LEM:ka*~aba|ROOT:k*b|3MP | SUFFIX|PRON:3MP | SUFFIX|PRON:2MS
w-s006-a033-w010	6:33	6:33	10	6:33:10	وَلَٰكِنَّ	لَٰكِنّ		ACC					PREFIX|w:REM+ | STEM|POS:ACC|LEM:la`kin~|SP:<in~
w-s006-a033-w011	6:33	6:33	11	6:33:11	ٱلظَّٰلِمِينَ	ظَالِم	ظ ل م	N			ACT		PREFIX|Al+ | STEM|POS:N|ACT|PCPL|LEM:ZaAlim|ROOT:Zlm|MP|ACC
w-s006-a033-w012	6:33	6:33	12	6:33:12	بِـَٔايَٰتِ	ءَايَة	ء ي ي	N					PREFIX|bi+ | STEM|POS:N|LEM:'aAyap|ROOT:Ayy|FP|GEN
w-s006-a033-w013	6:33	6:33	13	6:33:13	ٱللَّهِ	ٱللَّه	ء ل ه	PN					STEM|POS:PN|LEM:{ll~ah|ROOT:Alh|GEN
w-s006-a033-w014	6:33	6:33	14	6:33:14	يَجْحَدُونَ	جَحَدُ	ج ح د	V	IMPF				STEM|POS:V|IMPF|LEM:jaHadu|ROOT:jHd|3MP | SUFFIX|PRON:3MP
w-s006-a034-w001	6:34	6:34	1	6:34:1	وَلَقَدْ	قَد		CERT					PREFIX|w:REM+ | PREFIX|l:EMPH+ | STEM|POS:CERT|LEM:qad
w-s006-a034-w002	6:34	6:34	2	6:34:2	كُذِّبَتْ	كَذَّبَ	ك ذ ب	V	PERF		PASS	II	STEM|POS:V|PERF|PASS|(II)|LEM:ka*~aba|ROOT:k*b|3FS
w-s006-a034-w003	6:34	6:34	3	6:34:3	رُسُلٌ	رَسُول	ر س ل	N					STEM|POS:N|LEM:rasuwl|ROOT:rsl|MP|INDEF|NOM
w-s006-a034-w004	6:34	6:34	4	6:34:4	مِّن	مِن		P					STEM|POS:P|LEM:min
w-s006-a034-w005	6:34	6:34	5	6:34:5	قَبْلِكَ	قَبْل	ق ب ل	N					STEM|POS:N|LEM:qabol|ROOT:qbl|GEN | SUFFIX|PRON:2MS
w-s006-a034-w006	6:34	6:34	6	6:34:6	فَصَبَرُوا۟	صَبَرَ	ص ب ر	V	PERF				PREFIX|f:CONJ+ | STEM|POS:V|PERF|LEM:Sabara|ROOT:Sbr|3MP | SUFFIX|PRON:3MP
w-s006-a034-w007	6:34	6:34	7	6:34:7	عَلَىٰ	عَلَىٰ		P					STEM|POS:P|LEM:EalaY`
w-s006-a034-w008	6:34	6:34	8	6:34:8	مَا	مَا		REL					STEM|POS:REL|LEM:maA
w-s006-a034-w009	6:34	6:34	9	6:34:9	كُذِّبُوا۟	كَذَّبَ	ك ذ ب	V	PERF		PASS	II	STEM|POS:V|PERF|PASS|(II)|LEM:ka*~aba|ROOT:k*b|3MP | SUFFIX|PRON:3MP
w-s006-a034-w010	6:34	6:34	10	6:34:10	وَأُوذُوا۟	أُوذِىَ	ء ذ ي	V	PERF		PASS	IV	PREFIX|w:CONJ+ | STEM|POS:V|PERF|PASS|(IV)|LEM:>uw*iYa|ROOT:A*y|3MP | SUFFIX|PRON:3MP
w-s006-a034-w011	6:34	6:34	11	6:34:11	حَتَّىٰٓ	حَتَّىٰ		INC					STEM|POS:INC|LEM:Hat~aY`
w-s006-a034-w012	6:34	6:34	12	6:34:12	أَتَىٰهُمْ	أَتَى	ء ت ي	V	PERF				STEM|POS:V|PERF|LEM:>ataY|ROOT:Aty|3MS | SUFFIX|PRON:3MP
w-s006-a034-w013	6:34	6:34	13	6:34:13	نَصْرُنَا	نَصْر	ن ص ر	N					STEM|POS:N|LEM:naSor|ROOT:nSr|M|NOM | SUFFIX|PRON:1P
w-s006-a034-w014	6:34	6:34	14	6:34:14	وَلَا	لَا		NEG					PREFIX|w:REM+ | STEM|POS:NEG|LEM:laA|SP:<in~
w-s006-a034-w015	6:34	6:34	15	6:34:15	مُبَدِّلَ	مُبَدِّل	ب د ل	N			ACT	II	STEM|POS:N|ACT|PCPL|(II)|LEM:mubad~il|ROOT:bdl|M|ACC
w-s006-a034-w016	6:34	6:34	16	6:34:16	لِكَلِمَٰتِ	كَلِمَٰت	ك ل م	N					PREFIX|l:P+ | STEM|POS:N|LEM:kalima`t|ROOT:klm|FP|GEN
w-s006-a034-w017	6:34	6:34	17	6:34:17	ٱللَّهِ	ٱللَّه	ء ل ه	PN					STEM|POS:PN|LEM:{ll~ah|ROOT:Alh|GEN
w-s006-a034-w018	6:34	6:34	18	6:34:18	وَلَقَدْ	قَد		CERT					PREFIX|w:REM+ | PREFIX|l:EMPH+ | STEM|POS:CERT|LEM:qad
w-s006-a034-w019	6:34	6:34	19	6:34:19	جَآءَكَ	جَآءَ	ج ي ء	V	PERF				STEM|POS:V|PERF|LEM:jaA^'a|ROOT:jyA|3MS | SUFFIX|PRON:2MS
w-s006-a034-w020	6:34	6:34	20	6:34:20	مِن	مِن		P					STEM|POS:P|LEM:min
w-s006-a034-w021	6:34	6:34	21	6:34:21	نَّبَإِى۟	نَبَأ	ن ب ء	N					STEM|POS:N|LEM:naba>|ROOT:nbA|M|GEN
w-s006-a034-w022	6:34	6:34	22	6:34:22	ٱلْمُرْسَلِينَ	مُّرْسَل	ر س ل	N			PASS	IV	PREFIX|Al+ | STEM|POS:N|PASS|PCPL|(IV)|LEM:m~urosal|ROOT:rsl|MP|GEN
w-s006-a035-w001	6:35	6:35	1	6:35:1	وَإِن	إِن		COND					PREFIX|w:REM+ | STEM|POS:COND|LEM:<in
w-s006-a035-w002	6:35	6:35	2	6:35:2	كَانَ	كَانَ	ك و ن	V	PERF				STEM|POS:V|PERF|LEM:kaAna|ROOT:kwn|SP:kaAn|3MS
w-s006-a035-w003	6:35	6:35	3	6:35:3	كَبُرَ	كَبُرَ	ك ب ر	V	PERF				STEM|POS:V|PERF|LEM:kabura|ROOT:kbr|3MS
w-s006-a035-w004	6:35	6:35	4	6:35:4	عَلَيْكَ	عَلَىٰ		P					STEM|POS:P|LEM:EalaY` | SUFFIX|PRON:2MS
w-s006-a035-w005	6:35	6:35	5	6:35:5	إِعْرَاضُهُمْ	إِعْرَاض	ع ر ض	N				IV	STEM|POS:N|VN|(IV)|LEM:<iEoraAD|ROOT:ErD|M|NOM | SUFFIX|PRON:3MP
w-s006-a035-w006	6:35	6:35	6	6:35:6	فَإِنِ	إِن		COND					PREFIX|f:REM+ | STEM|POS:COND|LEM:<in
w-s006-a035-w007	6:35	6:35	7	6:35:7	ٱسْتَطَعْتَ	ٱسْتَطَاعَ	ط و ع	V	PERF			X	STEM|POS:V|PERF|(X)|LEM:{sotaTaAEa|ROOT:TwE|2MS | SUFFIX|PRON:2MS
w-s006-a035-w008	6:35	6:35	8	6:35:8	أَن	أَن		SUB					STEM|POS:SUB|LEM:>an
w-s006-a035-w009	6:35	6:35	9	6:35:9	تَبْتَغِىَ	ٱبْتَغَىٰ	ب غ ي	V	IMPF	SUBJ		VIII	STEM|POS:V|IMPF|(VIII)|LEM:{botagaY`|ROOT:bgy|2MS|MOOD:SUBJ
w-s006-a035-w010	6:35	6:35	10	6:35:10	نَفَقًا	نَفَق	ن ف ق	N					STEM|POS:N|LEM:nafaq|ROOT:nfq|M|INDEF|ACC
w-s006-a035-w011	6:35	6:35	11	6:35:11	فِى	فِى		P					STEM|POS:P|LEM:fiY
w-s006-a035-w012	6:35	6:35	12	6:35:12	ٱلْأَرْضِ	أَرْض	ء ر ض	N					PREFIX|Al+ | STEM|POS:N|LEM:>aroD|ROOT:ArD|F|GEN
w-s006-a035-w013	6:35	6:35	13	6:35:13	أَوْ	أَو		CONJ					STEM|POS:CONJ|LEM:>aw
w-s006-a035-w014	6:35	6:35	14	6:35:14	سُلَّمًا	سُلَّم	س ل م	N					STEM|POS:N|LEM:sul~am|ROOT:slm|M|INDEF|ACC
w-s006-a035-w015	6:35	6:35	15	6:35:15	فِى	فِى		P					STEM|POS:P|LEM:fiY
w-s006-a035-w016	6:35	6:35	16	6:35:16	ٱلسَّمَآءِ	سَمَآء	س م و	N					PREFIX|Al+ | STEM|POS:N|LEM:samaA^'|ROOT:smw|F|GEN
w-s006-a035-w017	6:35	6:35	17	6:35:17	فَتَأْتِيَهُم	أَتَى	ء ت ي	V	IMPF	SUBJ			PREFIX|f:CONJ+ | STEM|POS:V|IMPF|LEM:>ataY|ROOT:Aty|2MS|MOOD:SUBJ | SUFFIX|PRON:3MP
w-s006-a035-w018	6:35	6:35	18	6:35:18	بِـَٔايَةٍ	ءَايَة	ء ي ي	N					PREFIX|bi+ | STEM|POS:N|LEM:'aAyap|ROOT:Ayy|FS|INDEF|GEN
w-s006-a035-w019	6:35	6:35	19	6:35:19	وَلَوْ	لَو		COND					PREFIX|w:CONJ+ | STEM|POS:COND|LEM:law
w-s006-a035-w020	6:35	6:35	20	6:35:20	شَآءَ	شَآءَ	ش ي ء	V	PERF				STEM|POS:V|PERF|LEM:$aA^'a|ROOT:$yA|3MS
w-s006-a035-w021	6:35	6:35	21	6:35:21	ٱللَّهُ	ٱللَّه	ء ل ه	PN					STEM|POS:PN|LEM:{ll~ah|ROOT:Alh|NOM
w-s006-a035-w022	6:35	6:35	22	6:35:22	لَجَمَعَهُمْ	جَمَعَ	ج م ع	V	PERF				PREFIX|l:EMPH+ | STEM|POS:V|PERF|LEM:jamaEa|ROOT:jmE|3MS | SUFFIX|PRON:3MP
w-s006-a035-w023	6:35	6:35	23	6:35:23	عَلَى	عَلَىٰ		P					STEM|POS:P|LEM:EalaY`
w-s006-a035-w024	6:35	6:35	24	6:35:24	ٱلْهُدَىٰ	هُدًى	ه د ي	N					PREFIX|Al+ | STEM|POS:N|LEM:hudFY|ROOT:hdy|M|GEN
w-s006-a035-w025	6:35	6:35	25	6:35:25	فَلَا	لَا		NEG					PREFIX|f:REM+ | STEM|POS:NEG|LEM:laA
w-s006-a035-w026	6:35	6:35	26	6:35:26	تَكُونَنَّ	كَانَ	ك و ن	V	IMPF				STEM|POS:V|IMPF|LEM:kaAna|ROOT:kwn|SP:kaAn|2MS | SUFFIX|+n:EMPH
w-s006-a035-w027	6:35	6:35	27	6:35:27	مِنَ	مِن		P					STEM|POS:P|LEM:min
w-s006-a035-w028	6:35	6:35	28	6:35:28	ٱلْجَٰهِلِينَ	جَاهِل	ج ه ل	N			ACT		PREFIX|Al+ | STEM|POS:N|ACT|PCPL|LEM:jaAhil|ROOT:jhl|MP|GEN
w-s006-a036-w001	6:36	6:36	1	6:36:1	إِنَّمَا	إِنّ;مَا		ACC;PREV					STEM|POS:ACC|LEM:<in~|SP:<in~ | STEM|POS:PREV|LEM:maA
w-s006-a036-w002	6:36	6:36	2	6:36:2	يَسْتَجِيبُ	ٱسْتَجَابَ	ج و ب	V	IMPF			X	STEM|POS:V|IMPF|(X)|LEM:{sotajaAba|ROOT:jwb|3MS
w-s006-a036-w003	6:36	6:36	3	6:36:3	ٱلَّذِينَ	ٱلَّذِى		REL					STEM|POS:REL|LEM:{l~a*iY|MP
w-s006-a036-w004	6:36	6:36	4	6:36:4	يَسْمَعُونَ	سَمِعَ	س م ع	V	IMPF				STEM|POS:V|IMPF|LEM:samiEa|ROOT:smE|3MP | SUFFIX|PRON:3MP
w-s006-a036-w005	6:36	6:36	5	6:36:5	وَٱلْمَوْتَىٰ	مَّيِّت	م و ت	N					PREFIX|w:REM+ | PREFIX|Al+ | STEM|POS:N|LEM:m~ay~it|ROOT:mwt|P|NOM
w-s006-a036-w006	6:36	6:36	6	6:36:6	يَبْعَثُهُمُ	بَعَثَ	ب ع ث	V	IMPF				STEM|POS:V|IMPF|LEM:baEava|ROOT:bEv|3MS | SUFFIX|PRON:3MP
w-s006-a036-w007	6:36	6:36	7	6:36:7	ٱللَّهُ	ٱللَّه	ء ل ه	PN					STEM|POS:PN|LEM:{ll~ah|ROOT:Alh|NOM
w-s006-a036-w008	6:36	6:36	8	6:36:8	ثُمَّ	ثُمّ		CONJ					STEM|POS:CONJ|LEM:vum~
w-s006-a036-w009	6:36	6:36	9	6:36:9	إِلَيْهِ	إِلَىٰ		P					STEM|POS:P|LEM:<ilaY` | SUFFIX|PRON:3MS
w-s006-a036-w010	6:36	6:36	10	6:36:10	يُرْجَعُونَ	رَجَعَ	ر ج ع	V	IMPF		PASS		STEM|POS:V|IMPF|PASS|LEM:rajaEa|ROOT:rjE|3MP | SUFFIX|PRON:3MP
w-s006-a037-w001	6:37	6:37	1	6:37:1	وَقَالُوا۟	قَالَ	ق و ل	V	PERF				PREFIX|w:REM+ | STEM|POS:V|PERF|LEM:qaAla|ROOT:qwl|3MP | SUFFIX|PRON:3MP
w-s006-a037-w002	6:37	6:37	2	6:37:2	لَوْلَا	لَوْلَآ		EXH					STEM|POS:EXH|LEM:lawolaA^
w-s006-a037-w003	6:37	6:37	3	6:37:3	نُزِّلَ	نَزَّلَ	ن ز ل	V	PERF		PASS	II	STEM|POS:V|PERF|PASS|(II)|LEM:naz~ala|ROOT:nzl|3MS
w-s006-a037-w004	6:37	6:37	4	6:37:4	عَلَيْهِ	عَلَىٰ		P					STEM|POS:P|LEM:EalaY` | SUFFIX|PRON:3MS
w-s006-a037-w005	6:37	6:37	5	6:37:5	ءَايَةٌ	ءَايَة	ء ي ي	N					STEM|POS:N|LEM:'aAyap|ROOT:Ayy|FS|INDEF|NOM
w-s006-a037-w006	6:37	6:37	6	6:37:6	مِّن	مِن		P					STEM|POS:P|LEM:min
w-s006-a037-w007	6:37	6:37	7	6:37:7	رَّبِّهِۦ	رَبّ	ر ب ب	N					STEM|POS:N|LEM:rab~|ROOT:rbb|M|GEN | SUFFIX|PRON:3MS
w-s006-a037-w008	6:37	6:37	8	6:37:8	قُلْ	قَالَ	ق و ل	V	IMPV				STEM|POS:V|IMPV|LEM:qaAla|ROOT:qwl|2MS
w-s006-a037-w009	6:37	6:37	9	6:37:9	إِنَّ	إِنّ		ACC					STEM|POS:ACC|LEM:<in~|SP:<in~
w-s006-a037-w010	6:37	6:37	10	6:37:10	ٱللَّهَ	ٱللَّه	ء ل ه	PN					STEM|POS:PN|LEM:{ll~ah|ROOT:Alh|ACC
w-s006-a037-w011	6:37	6:37	11	6:37:11	قَادِرٌ	قَادِر	ق د ر	N			ACT		STEM|POS:N|ACT|PCPL|LEM:qaAdir|ROOT:qdr|M|INDEF|NOM
w-s006-a037-w012	6:37	6:37	12	6:37:12	عَلَىٰٓ	عَلَىٰ		P					STEM|POS:P|LEM:EalaY`
w-s006-a037-w013	6:37	6:37	13	6:37:13	أَن	أَن		SUB					STEM|POS:SUB|LEM:>an
w-s006-a037-w014	6:37	6:37	14	6:37:14	يُنَزِّلَ	نَزَّلَ	ن ز ل	V	IMPF	SUBJ		II	STEM|POS:V|IMPF|(II)|LEM:naz~ala|ROOT:nzl|3MS|MOOD:SUBJ
w-s006-a037-w015	6:37	6:37	15	6:37:15	ءَايَةً	ءَايَة	ء ي ي	N					STEM|POS:N|LEM:'aAyap|ROOT:Ayy|FS|INDEF|ACC
w-s006-a037-w016	6:37	6:37	16	6:37:16	وَلَٰكِنَّ	لَٰكِنّ		ACC					PREFIX|w:REM+ | STEM|POS:ACC|LEM:la`kin~|SP:<in~
w-s006-a037-w017	6:37	6:37	17	6:37:17	أَكْثَرَهُمْ	أَكْثَر	ك ث ر	N					STEM|POS:N|LEM:>akovar|ROOT:kvr|MS|ACC | SUFFIX|PRON:3MP
w-s006-a037-w018	6:37	6:37	18	6:37:18	لَا	لَا		NEG					STEM|POS:NEG|LEM:laA
w-s006-a037-w019	6:37	6:37	19	6:37:19	يَعْلَمُونَ	عَلِمَ	ع ل م	V	IMPF				STEM|POS:V|IMPF|LEM:Ealima|ROOT:Elm|3MP | SUFFIX|PRON:3MP
w-s006-a038-w001	6:38	6:38	1	6:38:1	وَمَا	مَا		NEG					PREFIX|w:REM+ | STEM|POS:NEG|LEM:maA
w-s006-a038-w002	6:38	6:38	2	6:38:2	مِن	مِن		P					STEM|POS:P|LEM:min
w-s006-a038-w003	6:38	6:38	3	6:38:3	دَآبَّةٍ	دَآبَّة	د ب ب	N					STEM|POS:N|LEM:daA^b~ap|ROOT:dbb|F|INDEF|GEN
w-s006-a038-w004	6:38	6:38	4	6:38:4	فِى	فِى		P					STEM|POS:P|LEM:fiY
w-s006-a038-w005	6:38	6:38	5	6:38:5	ٱلْأَرْضِ	أَرْض	ء ر ض	N					PREFIX|Al+ | STEM|POS:N|LEM:>aroD|ROOT:ArD|F|GEN
w-s006-a038-w006	6:38	6:38	6	6:38:6	وَلَا	لَا		NEG					PREFIX|w:CONJ+ | STEM|POS:NEG|LEM:laA
w-s006-a038-w007	6:38	6:38	7	6:38:7	طَٰٓئِرٍ	طَٰٓئِر	ط ي ر	N			ACT		STEM|POS:N|ACT|PCPL|LEM:Ta`^}ir|ROOT:Tyr|M|INDEF|GEN
w-s006-a038-w008	6:38	6:38	8	6:38:8	يَطِيرُ	يَطِيرُ	ط ي ر	V	IMPF				STEM|POS:V|IMPF|LEM:yaTiyru|ROOT:Tyr|3MS
w-s006-a038-w009	6:38	6:38	9	6:38:9	بِجَنَاحَيْهِ	جَنَاح	ج ن ح	N					PREFIX|bi+ | STEM|POS:N|LEM:janaAH|ROOT:jnH|MD|GEN | SUFFIX|PRON:3MS
w-s006-a038-w010	6:38	6:38	10	6:38:10	إِلَّآ	إِلَّا		RES					STEM|POS:RES|LEM:<il~aA
w-s006-a038-w011	6:38	6:38	11	6:38:11	أُمَمٌ	أُمَّة	ء م م	N					STEM|POS:N|LEM:>um~ap|ROOT:Amm|FP|INDEF|NOM
w-s006-a038-w012	6:38	6:38	12	6:38:12	أَمْثَالُكُم	مَثَل	م ث ل	ADJ					STEM|POS:ADJ|LEM:maval|ROOT:mvl|MP|NOM | SUFFIX|PRON:2MP
w-s006-a038-w013	6:38	6:38	13	6:38:13	مَّا	مَا		NEG					STEM|POS:NEG|LEM:maA
w-s006-a038-w014	6:38	6:38	14	6:38:14	فَرَّطْنَا	فَرَّط	ف ر ط	V	PERF			II	STEM|POS:V|PERF|(II)|LEM:far~aT|ROOT:frT|1P | SUFFIX|PRON:1P
w-s006-a038-w015	6:38	6:38	15	6:38:15	فِى	فِى		P					STEM|POS:P|LEM:fiY
w-s006-a038-w016	6:38	6:38	16	6:38:16	ٱلْكِتَٰبِ	كِتَٰب	ك ت ب	N					PREFIX|Al+ | STEM|POS:N|LEM:kita`b|ROOT:ktb|M|GEN
w-s006-a038-w017	6:38	6:38	17	6:38:17	مِن	مِن		P					STEM|POS:P|LEM:min
w-s006-a038-w018	6:38	6:38	18	6:38:18	شَىْءٍ	شَىْء	ش ي ء	N					STEM|POS:N|LEM:$aYo'|ROOT:$yA|M|INDEF|GEN
w-s006-a038-w019	6:38	6:38	19	6:38:19	ثُمَّ	ثُمّ		CONJ					STEM|POS:CONJ|LEM:vum~
w-s006-a038-w020	6:38	6:38	20	6:38:20	إِلَىٰ	إِلَىٰ		P					STEM|POS:P|LEM:<ilaY`
w-s006-a038-w021	6:38	6:38	21	6:38:21	رَبِّهِمْ	رَبّ	ر ب ب	N					STEM|POS:N|LEM:rab~|ROOT:rbb|M|GEN | SUFFIX|PRON:3MP
w-s006-a038-w022	6:38	6:38	22	6:38:22	يُحْشَرُونَ	حَشَرَ	ح ش ر	V	IMPF		PASS		STEM|POS:V|IMPF|PASS|LEM:Ha$ara|ROOT:H$r|3MP | SUFFIX|PRON:3MP
w-s006-a039-w001	6:39	6:39	1	6:39:1	وَٱلَّذِينَ	ٱلَّذِى		REL					PREFIX|w:REM+ | STEM|POS:REL|LEM:{l~a*iY|MP
w-s006-a039-w002	6:39	6:39	2	6:39:2	كَذَّبُوا۟	كَذَّبَ	ك ذ ب	V	PERF			II	STEM|POS:V|PERF|(II)|LEM:ka*~aba|ROOT:k*b|3MP | SUFFIX|PRON:3MP
w-s006-a039-w003	6:39	6:39	3	6:39:3	بِـَٔايَٰتِنَا	ءَايَة	ء ي ي	N					PREFIX|bi+ | STEM|POS:N|LEM:'aAyap|ROOT:Ayy|FP|GEN | SUFFIX|PRON:1P
w-s006-a039-w004	6:39	6:39	4	6:39:4	صُمٌّ	أَصَمّ	ص م م	N					STEM|POS:N|LEM:>aSam~|ROOT:Smm|P|INDEF|NOM
w-s006-a039-w005	6:39	6:39	5	6:39:5	وَبُكْمٌ	أَبْكَم	ب ك م	N					PREFIX|w:CONJ+ | STEM|POS:N|LEM:>abokam|ROOT:bkm|P|INDEF|NOM
w-s006-a039-w006	6:39	6:39	6	6:39:6	فِى	فِى		P					STEM|POS:P|LEM:fiY
w-s006-a039-w007	6:39	6:39	7	6:39:7	ٱلظُّلُمَٰتِ	ظُلُمَٰت	ظ ل م	N					PREFIX|Al+ | STEM|POS:N|LEM:Zuluma`t|ROOT:Zlm|FP|GEN
w-s006-a039-w008	6:39	6:39	8	6:39:8	مَن	مَن		COND					STEM|POS:COND|LEM:man
w-s006-a039-w009	6:39	6:39	9	6:39:9	يَشَإِ	شَآءَ	ش ي ء	V	IMPF	JUS			STEM|POS:V|IMPF|LEM:$aA^'a|ROOT:$yA|3MS|MOOD:JUS
w-s006-a039-w010	6:39	6:39	10	6:39:10	ٱللَّهُ	ٱللَّه	ء ل ه	PN					STEM|POS:PN|LEM:{ll~ah|ROOT:Alh|NOM
w-s006-a039-w011	6:39	6:39	11	6:39:11	يُضْلِلْهُ	أَضَلَّ	ض ل ل	V	IMPF	JUS		IV	STEM|POS:V|IMPF|(IV)|LEM:>aDal~a|ROOT:Dll|3MS|MOOD:JUS | SUFFIX|PRON:3MS
w-s006-a039-w012	6:39	6:39	12	6:39:12	وَمَن	مَن		COND					PREFIX|w:CONJ+ | STEM|POS:COND|LEM:man
w-s006-a039-w013	6:39	6:39	13	6:39:13	يَشَأْ	شَآءَ	ش ي ء	V	IMPF	JUS			STEM|POS:V|IMPF|LEM:$aA^'a|ROOT:$yA|3MS|MOOD:JUS
w-s006-a039-w014	6:39	6:39	14	6:39:14	يَجْعَلْهُ	جَعَلَ	ج ع ل	V	IMPF	JUS			STEM|POS:V|IMPF|LEM:jaEala|ROOT:jEl|3MS|MOOD:JUS | SUFFIX|PRON:3MS
w-s006-a039-w015	6:39	6:39	15	6:39:15	عَلَىٰ	عَلَىٰ		P					STEM|POS:P|LEM:EalaY`
w-s006-a039-w016	6:39	6:39	16	6:39:16	صِرَٰطٍ	صِرَٰط	ص ر ط	N					STEM|POS:N|LEM:Sira`T|ROOT:SrT|M|INDEF|GEN
w-s006-a039-w017	6:39	6:39	17	6:39:17	مُّسْتَقِيمٍ	مُّسْتَقِيم	ق و م	ADJ			ACT	X	STEM|POS:ADJ|ACT|PCPL|(X)|LEM:m~usotaqiym|ROOT:qwm|M|INDEF|GEN
w-s006-a040-w001	6:40	6:40	1	6:40:1	قُلْ	قَالَ	ق و ل	V	IMPV				STEM|POS:V|IMPV|LEM:qaAla|ROOT:qwl|2MS
w-s006-a040-w002	6:40	6:40	2	6:40:2	أَرَءَيْتَكُمْ	رَءَا	ر ء ي	V	PERF				PREFIX|A:INTG+ | STEM|POS:V|PERF|LEM:ra'aA|ROOT:rAy|2MS | SUFFIX|PRON:2MS | SUFFIX|PRON:2MP
w-s006-a040-w003	6:40	6:40	3	6:40:3	إِنْ	إِن		COND					STEM|POS:COND|LEM:<in
w-s006-a040-w004	6:40	6:40	4	6:40:4	أَتَىٰكُمْ	أَتَى	ء ت ي	V	PERF				STEM|POS:V|PERF|LEM:>ataY|ROOT:Aty|3MS | SUFFIX|PRON:2MP
w-s006-a040-w005	6:40	6:40	5	6:40:5	عَذَابُ	عَذَاب	ع ذ ب	N					STEM|POS:N|LEM:Ea*aAb|ROOT:E*b|M|NOM
w-s006-a040-w006	6:40	6:40	6	6:40:6	ٱللَّهِ	ٱللَّه	ء ل ه	PN					STEM|POS:PN|LEM:{ll~ah|ROOT:Alh|GEN
w-s006-a040-w007	6:40	6:40	7	6:40:7	أَوْ	أَو		CONJ					STEM|POS:CONJ|LEM:>aw
w-s006-a040-w008	6:40	6:40	8	6:40:8	أَتَتْكُمُ	أَتَى	ء ت ي	V	PERF				STEM|POS:V|PERF|LEM:>ataY|ROOT:Aty|3FS | SUFFIX|PRON:2MP
w-s006-a040-w009	6:40	6:40	9	6:40:9	ٱلسَّاعَةُ	سَاعَة	س و ع	N					PREFIX|Al+ | STEM|POS:N|LEM:saAEap|ROOT:swE|F|NOM
w-s006-a040-w010	6:40	6:40	10	6:40:10	أَغَيْرَ	غَيْر	غ ي ر	N					PREFIX|A:INTG+ | STEM|POS:N|LEM:gayor|ROOT:gyr|M|ACC
w-s006-a040-w011	6:40	6:40	11	6:40:11	ٱللَّهِ	ٱللَّه	ء ل ه	PN					STEM|POS:PN|LEM:{ll~ah|ROOT:Alh|GEN
w-s006-a040-w012	6:40	6:40	12	6:40:12	تَدْعُونَ	دَعَا	د ع و	V	IMPF				STEM|POS:V|IMPF|LEM:daEaA|ROOT:dEw|2MP | SUFFIX|PRON:2MP
w-s006-a040-w013	6:40	6:40	13	6:40:13	إِن	إِن		COND					STEM|POS:COND|LEM:<in
w-s006-a040-w014	6:40	6:40	14	6:40:14	كُنتُمْ	كَانَ	ك و ن	V	PERF				STEM|POS:V|PERF|LEM:kaAna|ROOT:kwn|SP:kaAn|2MP | SUFFIX|PRON:2MP
w-s006-a040-w015	6:40	6:40	15	6:40:15	صَٰدِقِينَ	صَادِق	ص د ق	N			ACT		STEM|POS:N|ACT|PCPL|LEM:SaAdiq|ROOT:Sdq|MP|ACC
w-s006-a041-w001	6:41	6:41	1	6:41:1	بَلْ	بَل		RET					STEM|POS:RET|LEM:bal
w-s006-a041-w002	6:41	6:41	2	6:41:2	إِيَّاهُ	إِيَّا		PRON					STEM|POS:PRON|LEM:<iy~aA|3MS
w-s006-a041-w003	6:41	6:41	3	6:41:3	تَدْعُونَ	دَعَا	د ع و	V	IMPF				STEM|POS:V|IMPF|LEM:daEaA|ROOT:dEw|2MP | SUFFIX|PRON:2MP
w-s006-a041-w004	6:41	6:41	4	6:41:4	فَيَكْشِفُ	كَشَفَ	ك ش ف	V	IMPF				PREFIX|f:CONJ+ | STEM|POS:V|IMPF|LEM:ka$afa|ROOT:k$f|3MS
w-s006-a041-w005	6:41	6:41	5	6:41:5	مَا	مَا		REL					STEM|POS:REL|LEM:maA
w-s006-a041-w006	6:41	6:41	6	6:41:6	تَدْعُونَ	دَعَا	د ع و	V	IMPF				STEM|POS:V|IMPF|LEM:daEaA|ROOT:dEw|2MP | SUFFIX|PRON:2MP
w-s006-a041-w007	6:41	6:41	7	6:41:7	إِلَيْهِ	إِلَىٰ		P					STEM|POS:P|LEM:<ilaY` | SUFFIX|PRON:3MS
w-s006-a041-w008	6:41	6:41	8	6:41:8	إِن	إِن		COND					STEM|POS:COND|LEM:<in
w-s006-a041-w009	6:41	6:41	9	6:41:9	شَآءَ	شَآءَ	ش ي ء	V	PERF				STEM|POS:V|PERF|LEM:$aA^'a|ROOT:$yA|3MS
w-s006-a041-w010	6:41	6:41	10	6:41:10	وَتَنسَوْنَ	نَسِىَ	ن س ي	V	IMPF				PREFIX|w:CONJ+ | STEM|POS:V|IMPF|LEM:nasiYa|ROOT:nsy|2MP | SUFFIX|PRON:2MP
w-s006-a041-w011	6:41	6:41	11	6:41:11	مَا	مَا		REL					STEM|POS:REL|LEM:maA
w-s006-a041-w012	6:41	6:41	12	6:41:12	تُشْرِكُونَ	أَشْرَكَ	ش ر ك	V	IMPF			IV	STEM|POS:V|IMPF|(IV)|LEM:>a$oraka|ROOT:$rk|2MP | SUFFIX|PRON:2MP
w-s006-a042-w001	6:42	6:42	1	6:42:1	وَلَقَدْ	قَد		CERT					PREFIX|w:REM+ | PREFIX|l:EMPH+ | STEM|POS:CERT|LEM:qad
w-s006-a042-w002	6:42	6:42	2	6:42:2	أَرْسَلْنَآ	أَرْسَلَ	ر س ل	V	PERF			IV	STEM|POS:V|PERF|(IV)|LEM:>arosala|ROOT:rsl|1P | SUFFIX|PRON:1P
w-s006-a042-w003	6:42	6:42	3	6:42:3	إِلَىٰٓ	إِلَىٰ		P					STEM|POS:P|LEM:<ilaY`
w-s006-a042-w004	6:42	6:42	4	6:42:4	أُمَمٍ	أُمَّة	ء م م	N					STEM|POS:N|LEM:>um~ap|ROOT:Amm|FP|INDEF|GEN
w-s006-a042-w005	6:42	6:42	5	6:42:5	مِّن	مِن		P					STEM|POS:P|LEM:min
w-s006-a042-w006	6:42	6:42	6	6:42:6	قَبْلِكَ	قَبْل	ق ب ل	N					STEM|POS:N|LEM:qabol|ROOT:qbl|GEN | SUFFIX|PRON:2MS
w-s006-a042-w007	6:42	6:42	7	6:42:7	فَأَخَذْنَٰهُم	أَخَذَ	ء خ ذ	V	PERF				PREFIX|f:CONJ+ | STEM|POS:V|PERF|LEM:>axa*a|ROOT:Ax*|1P | SUFFIX|PRON:1P | SUFFIX|PRON:3MP
w-s006-a042-w008	6:42	6:42	8	6:42:8	بِٱلْبَأْسَآءِ	بَأْسَآء	ب ء س	N					PREFIX|bi+ | PREFIX|Al+ | STEM|POS:N|LEM:ba>osaA^'|ROOT:bAs|F|GEN
w-s006-a042-w009	6:42	6:42	9	6:42:9	وَٱلضَّرَّآءِ	ضَرَّآء	ض ر ر	N					PREFIX|w:CONJ+ | PREFIX|Al+ | STEM|POS:N|LEM:Dar~aA^'|ROOT:Drr|F|GEN
w-s006-a042-w010	6:42	6:42	10	6:42:10	لَعَلَّهُمْ	لَعَلّ		ACC					STEM|POS:ACC|LEM:laEal~|SP:<in~ | SUFFIX|PRON:3MP
w-s006-a042-w011	6:42	6:42	11	6:42:11	يَتَضَرَّعُونَ	يَتَضَرَّعُ	ض ر ع	V	IMPF			V	STEM|POS:V|IMPF|(V)|LEM:yataDar~aEu|ROOT:DrE|3MP | SUFFIX|PRON:3MP
w-s006-a043-w001	6:43	6:43	1	6:43:1	فَلَوْلَآ	لَوْلَآ		EXH					PREFIX|f:REM+ | STEM|POS:EXH|LEM:lawolaA^
w-s006-a043-w002	6:43	6:43	2	6:43:2	إِذْ	إِذ		T					STEM|POS:T|LEM:<i*
w-s006-a043-w003	6:43	6:43	3	6:43:3	جَآءَهُم	جَآءَ	ج ي ء	V	PERF				STEM|POS:V|PERF|LEM:jaA^'a|ROOT:jyA|3MS | SUFFIX|PRON:3MP
w-s006-a043-w004	6:43	6:43	4	6:43:4	بَأْسُنَا	بَأْس	ب ء س	N					STEM|POS:N|LEM:ba>os|ROOT:bAs|M|NOM | SUFFIX|PRON:1P
w-s006-a043-w005	6:43	6:43	5	6:43:5	تَضَرَّعُوا۟	تَضَرَّعُ	ض ر ع	V	PERF				STEM|POS:V|PERF|LEM:taDar~aEu|ROOT:DrE|3MP | SUFFIX|PRON:3MP
w-s006-a043-w006	6:43	6:43	6	6:43:6	وَلَٰكِن	لَٰكِن		AMD					PREFIX|w:REM+ | STEM|POS:AMD|LEM:la`kin
w-s006-a043-w007	6:43	6:43	7	6:43:7	قَسَتْ	قَسَتْ	ق س و	V	PERF				STEM|POS:V|PERF|LEM:qasato|ROOT:qsw|3FS
w-s006-a043-w008	6:43	6:43	8	6:43:8	قُلُوبُهُمْ	قَلْب	ق ل ب	N					STEM|POS:N|LEM:qalob|ROOT:qlb|FP|NOM | SUFFIX|PRON:3MP
w-s006-a043-w009	6:43	6:43	9	6:43:9	وَزَيَّنَ	زَيَّنَ	ز ي ن	V	PERF			II	PREFIX|w:CONJ+ | STEM|POS:V|PERF|(II)|LEM:zay~ana|ROOT:zyn|3MS
w-s006-a043-w010	6:43	6:43	10	6:43:10	لَهُمُ			PRON					PREFIX|l:P+ | STEM|POS:PRON|3MP
w-s006-a043-w011	6:43	6:43	11	6:43:11	ٱلشَّيْطَٰنُ	شَيْطَٰن	ش ط ن	PN					PREFIX|Al+ | STEM|POS:PN|LEM:$ayoTa`n|ROOT:$Tn|M|NOM
w-s006-a043-w012	6:43	6:43	12	6:43:12	مَا	مَا		REL					STEM|POS:REL|LEM:maA
w-s006-a043-w013	6:43	6:43	13	6:43:13	كَانُوا۟	كَانَ	ك و ن	V	PERF				STEM|POS:V|PERF|LEM:kaAna|ROOT:kwn|SP:kaAn|3MP | SUFFIX|PRON:3MP
w-s006-a043-w014	6:43	6:43	14	6:43:14	يَعْمَلُونَ	عَمِلَ	ع م ل	V	IMPF				STEM|POS:V|IMPF|LEM:Eamila|ROOT:Eml|3MP | SUFFIX|PRON:3MP
w-s006-a044-w001	6:44	6:44	1	6:44:1	فَلَمَّا	لَمَّا		T					PREFIX|f:REM+ | STEM|POS:T|LEM:lam~aA
w-s006-a044-w002	6:44	6:44	2	6:44:2	نَسُوا۟	نَسِىَ	ن س ي	V	PERF				STEM|POS:V|PERF|LEM:nasiYa|ROOT:nsy|3MP | SUFFIX|PRON:3MP
w-s006-a044-w003	6:44	6:44	3	6:44:3	مَا	مَا		REL					STEM|POS:REL|LEM:maA
w-s006-a044-w004	6:44	6:44	4	6:44:4	ذُكِّرُوا۟	ذُكِّرَ	ذ ك ر	V	PERF		PASS	II	STEM|POS:V|PERF|PASS|(II)|LEM:*uk~ira|ROOT:*kr|3MP | SUFFIX|PRON:3MP
w-s006-a044-w005	6:44	6:44	5	6:44:5	بِهِۦ			PRON					PREFIX|bi+ | STEM|POS:PRON|3MS
w-s006-a044-w006	6:44	6:44	6	6:44:6	فَتَحْنَا	فَتَحَ	ف ت ح	V	PERF				STEM|POS:V|PERF|LEM:fataHa|ROOT:ftH|1P | SUFFIX|PRON:1P
w-s006-a044-w007	6:44	6:44	7	6:44:7	عَلَيْهِمْ	عَلَىٰ		P					STEM|POS:P|LEM:EalaY` | SUFFIX|PRON:3MP
w-s006-a044-w008	6:44	6:44	8	6:44:8	أَبْوَٰبَ	بَاب	ب و ب	N					STEM|POS:N|LEM:baAb|ROOT:bwb|MP|ACC
w-s006-a044-w009	6:44	6:44	9	6:44:9	كُلِّ	كُلّ	ك ل ل	N					STEM|POS:N|LEM:kul~|ROOT:kll|M|GEN
w-s006-a044-w010	6:44	6:44	10	6:44:10	شَىْءٍ	شَىْء	ش ي ء	N					STEM|POS:N|LEM:$aYo'|ROOT:$yA|M|INDEF|GEN
w-s006-a044-w011	6:44	6:44	11	6:44:11	حَتَّىٰٓ	حَتَّىٰ		INC					STEM|POS:INC|LEM:Hat~aY`
w-s006-a044-w012	6:44	6:44	12	6:44:12	إِذَا	إِذَا		T					STEM|POS:T|LEM:<i*aA
w-s006-a044-w013	6:44	6:44	13	6:44:13	فَرِحُوا۟	فَرِحَ	ف ر ح	V	PERF				STEM|POS:V|PERF|LEM:fariHa|ROOT:frH|3MP | SUFFIX|PRON:3MP
w-s006-a044-w014	6:44	6:44	14	6:44:14	بِمَآ	مَا		REL					PREFIX|bi+ | STEM|POS:REL|LEM:maA
w-s006-a044-w015	6:44	6:44	15	6:44:15	أُوتُوٓا۟	آتَى	ء ت ي	V	PERF		PASS	IV	STEM|POS:V|PERF|PASS|(IV)|LEM:A^taY|ROOT:Aty|3MP | SUFFIX|PRON:3MP
w-s006-a044-w016	6:44	6:44	16	6:44:16	أَخَذْنَٰهُم	أَخَذَ	ء خ ذ	V	PERF				STEM|POS:V|PERF|LEM:>axa*a|ROOT:Ax*|1P | SUFFIX|PRON:1P | SUFFIX|PRON:3MP
w-s006-a044-w017	6:44	6:44	17	6:44:17	بَغْتَةً	بَغْتَة	ب غ ت	N					STEM|POS:N|LEM:bagotap|ROOT:bgt|F|INDEF|ACC
w-s006-a044-w018	6:44	6:44	18	6:44:18	فَإِذَا	إِذَا		SUR					PREFIX|f:REM+ | STEM|POS:SUR|LEM:<i*aA
w-s006-a044-w019	6:44	6:44	19	6:44:19	هُم			PRON					STEM|POS:PRON|3MP
w-s006-a044-w020	6:44	6:44	20	6:44:20	مُّبْلِسُونَ	مُبْلِسُون	ب ل س	N			ACT	IV	STEM|POS:N|ACT|PCPL|(IV)|LEM:mubolisuwn|ROOT:bls|MP|NOM
w-s006-a045-w001	6:45	6:45	1	6:45:1	فَقُطِعَ	قُطِعَ	ق ط ع	V	PERF		PASS		PREFIX|f:REM+ | STEM|POS:V|PERF|PASS|LEM:quTiEa|ROOT:qTE|3MS
w-s006-a045-w002	6:45	6:45	2	6:45:2	دَابِرُ	دَابِر	د ب ر	N					STEM|POS:N|LEM:daAbir|ROOT:dbr|M|NOM
w-s006-a045-w003	6:45	6:45	3	6:45:3	ٱلْقَوْمِ	قَوْم	ق و م	N					PREFIX|Al+ | STEM|POS:N|LEM:qawom|ROOT:qwm|M|GEN
w-s006-a045-w004	6:45	6:45	4	6:45:4	ٱلَّذِينَ	ٱلَّذِى		REL					STEM|POS:REL|LEM:{l~a*iY|MP
w-s006-a045-w005	6:45	6:45	5	6:45:5	ظَلَمُوا۟	ظَلَمَ	ظ ل م	V	PERF				STEM|POS:V|PERF|LEM:Zalama|ROOT:Zlm|3MP | SUFFIX|PRON:3MP
w-s006-a045-w006	6:45	6:45	6	6:45:6	وَٱلْحَمْدُ	حَمْد	ح م د	N					PREFIX|w:REM+ | PREFIX|Al+ | STEM|POS:N|LEM:Hamod|ROOT:Hmd|M|NOM
w-s006-a045-w007	6:45	6:45	7	6:45:7	لِلَّهِ	ٱللَّه	ء ل ه	PN					PREFIX|l:P+ | STEM|POS:PN|LEM:{ll~ah|ROOT:Alh|GEN
w-s006-a045-w008	6:45	6:45	8	6:45:8	رَبِّ	رَبّ	ر ب ب	N					STEM|POS:N|LEM:rab~|ROOT:rbb|M|GEN
w-s006-a045-w009	6:45	6:45	9	6:45:9	ٱلْعَٰلَمِينَ	عَٰلَمِين	ع ل م	N					PREFIX|Al+ | STEM|POS:N|LEM:Ea`lamiyn|ROOT:Elm|MP|GEN
w-s006-a046-w001	6:46	6:46	1	6:46:1	قُلْ	قَالَ	ق و ل	V	IMPV				STEM|POS:V|IMPV|LEM:qaAla|ROOT:qwl|2MS
w-s006-a046-w002	6:46	6:46	2	6:46:2	أَرَءَيْتُمْ	رَءَا	ر ء ي	V	PERF				PREFIX|A:INTG+ | STEM|POS:V|PERF|LEM:ra'aA|ROOT:rAy|2MP | SUFFIX|PRON:2MP
w-s006-a046-w003	6:46	6:46	3	6:46:3	إِنْ	إِن		COND					STEM|POS:COND|LEM:<in
w-s006-a046-w004	6:46	6:46	4	6:46:4	أَخَذَ	أَخَذَ	ء خ ذ	V	PERF				STEM|POS:V|PERF|LEM:>axa*a|ROOT:Ax*|3MS
w-s006-a046-w005	6:46	6:46	5	6:46:5	ٱللَّهُ	ٱللَّه	ء ل ه	PN					STEM|POS:PN|LEM:{ll~ah|ROOT:Alh|NOM
w-s006-a046-w006	6:46	6:46	6	6:46:6	سَمْعَكُمْ	سَمْع	س م ع	N					STEM|POS:N|LEM:samoE|ROOT:smE|M|ACC | SUFFIX|PRON:2MP
w-s006-a046-w007	6:46	6:46	7	6:46:7	وَأَبْصَٰرَكُمْ	بَصَر	ب ص ر	N					PREFIX|w:CONJ+ | STEM|POS:N|LEM:baSar|ROOT:bSr|MP|ACC | SUFFIX|PRON:2MP
w-s006-a046-w008	6:46	6:46	8	6:46:8	وَخَتَمَ	خَتَمَ	خ ت م	V	PERF				PREFIX|w:CONJ+ | STEM|POS:V|PERF|LEM:xatama|ROOT:xtm|3MS
w-s006-a046-w009	6:46	6:46	9	6:46:9	عَلَىٰ	عَلَىٰ		P					STEM|POS:P|LEM:EalaY`
w-s006-a046-w010	6:46	6:46	10	6:46:10	قُلُوبِكُم	قَلْب	ق ل ب	N					STEM|POS:N|LEM:qalob|ROOT:qlb|FP|GEN | SUFFIX|PRON:2MP
w-s006-a046-w011	6:46	6:46	11	6:46:11	مَّنْ	مَن		INTG					STEM|POS:INTG|LEM:man
w-s006-a046-w012	6:46	6:46	12	6:46:12	إِلَٰهٌ	إِلَٰه	ء ل ه	N					STEM|POS:N|LEM:<ila`h|ROOT:Alh|MS|INDEF|NOM
w-s006-a046-w013	6:46	6:46	13	6:46:13	غَيْرُ	غَيْر	غ ي ر	N					STEM|POS:N|LEM:gayor|ROOT:gyr|M|NOM
w-s006-a046-w014	6:46	6:46	14	6:46:14	ٱللَّهِ	ٱللَّه	ء ل ه	PN					STEM|POS:PN|LEM:{ll~ah|ROOT:Alh|GEN
w-s006-a046-w015	6:46	6:46	15	6:46:15	يَأْتِيكُم	أَتَى	ء ت ي	V	IMPF				STEM|POS:V|IMPF|LEM:>ataY|ROOT:Aty|3MS | SUFFIX|PRON:2MP
w-s006-a046-w016	6:46	6:46	16	6:46:16	بِهِ			PRON					PREFIX|bi+ | STEM|POS:PRON|3MS
w-s006-a046-w017	6:46	6:46	17	6:46:17	ٱنظُرْ	نَّظَرَ	ن ظ ر	V	IMPV				STEM|POS:V|IMPV|LEM:n~aZara|ROOT:nZr|2MS
w-s006-a046-w018	6:46	6:46	18	6:46:18	كَيْفَ	كَيْف	ك ي ف	INTG					STEM|POS:INTG|LEM:kayof|ROOT:kyf
w-s006-a046-w019	6:46	6:46	19	6:46:19	نُصَرِّفُ	صَرَّفْ	ص ر ف	V	IMPF			II	STEM|POS:V|IMPF|(II)|LEM:Sar~afo|ROOT:Srf|1P
w-s006-a046-w020	6:46	6:46	20	6:46:20	ٱلْءَايَٰتِ	ءَايَة	ء ي ي	N					PREFIX|Al+ | STEM|POS:N|LEM:'aAyap|ROOT:Ayy|FP|ACC
w-s006-a046-w021	6:46	6:46	21	6:46:21	ثُمَّ	ثُمّ		CONJ					STEM|POS:CONJ|LEM:vum~
w-s006-a046-w022	6:46	6:46	22	6:46:22	هُمْ			PRON					STEM|POS:PRON|3MP
w-s006-a046-w023	6:46	6:46	23	6:46:23	يَصْدِفُونَ	صَدَفَ	ص د ف	V	IMPF				STEM|POS:V|IMPF|LEM:Sadafa|ROOT:Sdf|3MP | SUFFIX|PRON:3MP
w-s006-a047-w001	6:47	6:47	1	6:47:1	قُلْ	قَالَ	ق و ل	V	IMPV				STEM|POS:V|IMPV|LEM:qaAla|ROOT:qwl|2MS
w-s006-a047-w002	6:47	6:47	2	6:47:2	أَرَءَيْتَكُمْ	رَءَا	ر ء ي	V	PERF				PREFIX|A:INTG+ | STEM|POS:V|PERF|LEM:ra'aA|ROOT:rAy|2MS | SUFFIX|PRON:2MS | SUFFIX|PRON:2MP
w-s006-a047-w003	6:47	6:47	3	6:47:3	إِنْ	إِن		COND					STEM|POS:COND|LEM:<in
w-s006-a047-w004	6:47	6:47	4	6:47:4	أَتَىٰكُمْ	أَتَى	ء ت ي	V	PERF				STEM|POS:V|PERF|LEM:>ataY|ROOT:Aty|3MS | SUFFIX|PRON:2MP
w-s006-a047-w005	6:47	6:47	5	6:47:5	عَذَابُ	عَذَاب	ع ذ ب	N					STEM|POS:N|LEM:Ea*aAb|ROOT:E*b|M|NOM
w-s006-a047-w006	6:47	6:47	6	6:47:6	ٱللَّهِ	ٱللَّه	ء ل ه	PN					STEM|POS:PN|LEM:{ll~ah|ROOT:Alh|GEN
w-s006-a047-w007	6:47	6:47	7	6:47:7	بَغْتَةً	بَغْتَة	ب غ ت	N					STEM|POS:N|LEM:bagotap|ROOT:bgt|F|INDEF|ACC
w-s006-a047-w008	6:47	6:47	8	6:47:8	أَوْ	أَو		CONJ					STEM|POS:CONJ|LEM:>aw
w-s006-a047-w009	6:47	6:47	9	6:47:9	جَهْرَةً	جَهْرَة	ج ه ر	N					STEM|POS:N|LEM:jahorap|ROOT:jhr|F|INDEF|ACC
w-s006-a047-w010	6:47	6:47	10	6:47:10	هَلْ	هَل		INTG					STEM|POS:INTG|LEM:hal
w-s006-a047-w011	6:47	6:47	11	6:47:11	يُهْلَكُ	أَهْلَكَ	ه ل ك	V	IMPF		PASS	IV	STEM|POS:V|IMPF|PASS|(IV)|LEM:>aholaka|ROOT:hlk|3MS
w-s006-a047-w012	6:47	6:47	12	6:47:12	إِلَّا	إِلَّا		RES					STEM|POS:RES|LEM:<il~aA
w-s006-a047-w013	6:47	6:47	13	6:47:13	ٱلْقَوْمُ	قَوْم	ق و م	N					PREFIX|Al+ | STEM|POS:N|LEM:qawom|ROOT:qwm|M|NOM
w-s006-a047-w014	6:47	6:47	14	6:47:14	ٱلظَّٰلِمُونَ	ظَالِم	ظ ل م	ADJ			ACT		PREFIX|Al+ | STEM|POS:ADJ|ACT|PCPL|LEM:ZaAlim|ROOT:Zlm|MP|NOM
w-s006-a048-w001	6:48	6:48	1	6:48:1	وَمَا	مَا		NEG					PREFIX|w:CONJ+ | STEM|POS:NEG|LEM:maA
w-s006-a048-w002	6:48	6:48	2	6:48:2	نُرْسِلُ	أَرْسَلَ	ر س ل	V	IMPF			IV	STEM|POS:V|IMPF|(IV)|LEM:>arosala|ROOT:rsl|1P
w-s006-a048-w003	6:48	6:48	3	6:48:3	ٱلْمُرْسَلِينَ	مُّرْسَل	ر س ل	N			PASS	IV	PREFIX|Al+ | STEM|POS:N|PASS|PCPL|(IV)|LEM:m~urosal|ROOT:rsl|MP|ACC
w-s006-a048-w004	6:48	6:48	4	6:48:4	إِلَّا	إِلَّا		RES					STEM|POS:RES|LEM:<il~aA
w-s006-a048-w005	6:48	6:48	5	6:48:5	مُبَشِّرِينَ	مُبَشِّر	ب ش ر	N			ACT	II	STEM|POS:N|ACT|PCPL|(II)|LEM:muba$~ir|ROOT:b$r|MP|ACC
w-s006-a048-w006	6:48	6:48	6	6:48:6	وَمُنذِرِينَ	مُنذِر	ن ذ ر	N			ACT	IV	PREFIX|w:CONJ+ | STEM|POS:N|ACT|PCPL|(IV)|LEM:mun*ir|ROOT:n*r|MP|ACC
w-s006-a048-w007	6:48	6:48	7	6:48:7	فَمَنْ	مَن		COND					PREFIX|f:REM+ | STEM|POS:COND|LEM:man
w-s006-a048-w008	6:48	6:48	8	6:48:8	ءَامَنَ	ءَامَنَ	ء م ن	V	PERF			IV	STEM|POS:V|PERF|(IV)|LEM:'aAmana|ROOT:Amn|3MS
w-s006-a048-w009	6:48	6:48	9	6:48:9	وَأَصْلَحَ	أَصْلَحَ	ص ل ح	V	PERF			IV	PREFIX|w:CONJ+ | STEM|POS:V|PERF|(IV)|LEM:>aSolaHa|ROOT:SlH|3MS
w-s006-a048-w010	6:48	6:48	10	6:48:10	فَلَا	لَا		NEG					PREFIX|f:RSLT+ | STEM|POS:NEG|LEM:laA
w-s006-a048-w011	6:48	6:48	11	6:48:11	خَوْفٌ	خَوْف	خ و ف	N					STEM|POS:N|LEM:xawof|ROOT:xwf|M|INDEF|NOM
w-s006-a048-w012	6:48	6:48	12	6:48:12	عَلَيْهِمْ	عَلَىٰ		P					STEM|POS:P|LEM:EalaY` | SUFFIX|PRON:3MP
w-s006-a048-w013	6:48	6:48	13	6:48:13	وَلَا	لَا		NEG					PREFIX|w:CONJ+ | STEM|POS:NEG|LEM:laA
w-s006-a048-w014	6:48	6:48	14	6:48:14	هُمْ			PRON					STEM|POS:PRON|3MP
w-s006-a048-w015	6:48	6:48	15	6:48:15	يَحْزَنُونَ	يَحْزُن	ح ز ن	V	IMPF				STEM|POS:V|IMPF|LEM:yaHozun|ROOT:Hzn|3MP | SUFFIX|PRON:3MP
w-s006-a049-w001	6:49	6:49	1	6:49:1	وَٱلَّذِينَ	ٱلَّذِى		REL					PREFIX|w:CONJ+ | STEM|POS:REL|LEM:{l~a*iY|MP
w-s006-a049-w002	6:49	6:49	2	6:49:2	كَذَّبُوا۟	كَذَّبَ	ك ذ ب	V	PERF			II	STEM|POS:V|PERF|(II)|LEM:ka*~aba|ROOT:k*b|3MP | SUFFIX|PRON:3MP
w-s006-a049-w003	6:49	6:49	3	6:49:3	بِـَٔايَٰتِنَا	ءَايَة	ء ي ي	N					PREFIX|bi+ | STEM|POS:N|LEM:'aAyap|ROOT:Ayy|FP|GEN | SUFFIX|PRON:1P
w-s006-a049-w004	6:49	6:49	4	6:49:4	يَمَسُّهُمُ	مَسَّ	م س س	V	IMPF				STEM|POS:V|IMPF|LEM:mas~a|ROOT:mss|3MS | SUFFIX|PRON:3MP
w-s006-a049-w005	6:49	6:49	5	6:49:5	ٱلْعَذَابُ	عَذَاب	ع ذ ب	N					PREFIX|Al+ | STEM|POS:N|LEM:Ea*aAb|ROOT:E*b|M|NOM
w-s006-a049-w006	6:49	6:49	6	6:49:6	بِمَا	مَا		REL					PREFIX|bi+ | STEM|POS:REL|LEM:maA
w-s006-a049-w007	6:49	6:49	7	6:49:7	كَانُوا۟	كَانَ	ك و ن	V	PERF				STEM|POS:V|PERF|LEM:kaAna|ROOT:kwn|SP:kaAn|3MP | SUFFIX|PRON:3MP
w-s006-a049-w008	6:49	6:49	8	6:49:8	يَفْسُقُونَ	فَسَقَ	ف س ق	V	IMPF				STEM|POS:V|IMPF|LEM:fasaqa|ROOT:fsq|3MP | SUFFIX|PRON:3MP
w-s006-a050-w001	6:50	6:50	1	6:50:1	قُل	قَالَ	ق و ل	V	IMPV				STEM|POS:V|IMPV|LEM:qaAla|ROOT:qwl|2MS
w-s006-a050-w002	6:50	6:50	2	6:50:2	لَّآ	لَا		NEG					STEM|POS:NEG|LEM:laA
w-s006-a050-w003	6:50	6:50	3	6:50:3	أَقُولُ	قَالَ	ق و ل	V	IMPF				STEM|POS:V|IMPF|LEM:qaAla|ROOT:qwl|1S
w-s006-a050-w004	6:50	6:50	4	6:50:4	لَكُمْ			PRON					PREFIX|l:P+ | STEM|POS:PRON|2MP
w-s006-a050-w005	6:50	6:50	5	6:50:5	عِندِى	عِند	ع ن د	LOC					STEM|POS:LOC|LEM:Eind|ROOT:End | SUFFIX|PRON:1S
w-s006-a050-w006	6:50	6:50	6	6:50:6	خَزَآئِنُ	خَزَآئِن	خ ز ن	N					STEM|POS:N|LEM:xazaA^}in|ROOT:xzn|MP|NOM
w-s006-a050-w007	6:50	6:50	7	6:50:7	ٱللَّهِ	ٱللَّه	ء ل ه	PN					STEM|POS:PN|LEM:{ll~ah|ROOT:Alh|GEN
w-s006-a050-w008	6:50	6:50	8	6:50:8	وَلَآ	لَا		NEG					PREFIX|w:CONJ+ | STEM|POS:NEG|LEM:laA
w-s006-a050-w009	6:50	6:50	9	6:50:9	أَعْلَمُ	عَلِمَ	ع ل م	V	IMPF				STEM|POS:V|IMPF|LEM:Ealima|ROOT:Elm|1S
w-s006-a050-w010	6:50	6:50	10	6:50:10	ٱلْغَيْبَ	غَيْب	غ ي ب	N					PREFIX|Al+ | STEM|POS:N|LEM:gayob|ROOT:gyb|M|ACC
w-s006-a050-w011	6:50	6:50	11	6:50:11	وَلَآ	لَا		NEG					PREFIX|w:CONJ+ | STEM|POS:NEG|LEM:laA
w-s006-a050-w012	6:50	6:50	12	6:50:12	أَقُولُ	قَالَ	ق و ل	V	IMPF				STEM|POS:V|IMPF|LEM:qaAla|ROOT:qwl|1S
w-s006-a050-w013	6:50	6:50	13	6:50:13	لَكُمْ			PRON					PREFIX|l:P+ | STEM|POS:PRON|2MP
w-s006-a050-w014	6:50	6:50	14	6:50:14	إِنِّى	إِنّ		ACC					STEM|POS:ACC|LEM:<in~|SP:<in~ | SUFFIX|PRON:1S
w-s006-a050-w015	6:50	6:50	15	6:50:15	مَلَكٌ	مَلَك	م ل ك	N					STEM|POS:N|LEM:malak|ROOT:mlk|M|INDEF|NOM
w-s006-a050-w016	6:50	6:50	16	6:50:16	إِنْ	إِن		NEG					STEM|POS:NEG|LEM:<in
w-s006-a050-w017	6:50	6:50	17	6:50:17	أَتَّبِعُ	ٱتَّبَعَ	ت ب ع	V	IMPF			VIII	STEM|POS:V|IMPF|(VIII)|LEM:{t~abaEa|ROOT:tbE|1S
w-s006-a050-w018	6:50	6:50	18	6:50:18	إِلَّا	إِلَّا		RES					STEM|POS:RES|LEM:<il~aA
w-s006-a050-w019	6:50	6:50	19	6:50:19	مَا	مَا		REL					STEM|POS:REL|LEM:maA
w-s006-a050-w020	6:50	6:50	20	6:50:20	يُوحَىٰٓ	أَوْحَىٰٓ	و ح ي	V	IMPF	SUBJ	PASS	IV	STEM|POS:V|IMPF|PASS|(IV)|LEM:>awoHaY`^|ROOT:wHy|3MS|MOOD:SUBJ
w-s006-a050-w021	6:50	6:50	21	6:50:21	إِلَىَّ	إِلَىٰ		P					STEM|POS:P|LEM:<ilaY` | SUFFIX|PRON:1S
w-s006-a050-w022	6:50	6:50	22	6:50:22	قُلْ	قَالَ	ق و ل	V	IMPV				STEM|POS:V|IMPV|LEM:qaAla|ROOT:qwl|2MS
w-s006-a050-w023	6:50	6:50	23	6:50:23	هَلْ	هَل		INTG					STEM|POS:INTG|LEM:hal
w-s006-a050-w024	6:50	6:50	24	6:50:24	يَسْتَوِى	ٱسْتَوَىٰٓ	س و ي	V	IMPF			VIII	STEM|POS:V|IMPF|(VIII)|LEM:{sotawaY`^|ROOT:swy|3MS
w-s006-a050-w025	6:50	6:50	25	6:50:25	ٱلْأَعْمَىٰ	أَعْمَىٰ	ع م ي	N					PREFIX|Al+ | STEM|POS:N|LEM:>aEomaY`|ROOT:Emy|M|NOM
w-s006-a050-w026	6:50	6:50	26	6:50:26	وَٱلْبَصِيرُ	بَصِير	ب ص ر	N					PREFIX|w:CONJ+ | PREFIX|Al+ | STEM|POS:N|LEM:baSiyr|ROOT:bSr|MS|NOM
w-s006-a050-w027	6:50	6:50	27	6:50:27	أَفَلَا	لَا		NEG					PREFIX|A:INTG+ | PREFIX|f:SUP+ | STEM|POS:NEG|LEM:laA
w-s006-a050-w028	6:50	6:50	28	6:50:28	تَتَفَكَّرُونَ	يَتَفَكَّرُ	ف ك ر	V	IMPF			V	STEM|POS:V|IMPF|(V)|LEM:yatafak~aru|ROOT:fkr|2MP | SUFFIX|PRON:2MP
w-s006-a051-w001	6:51	6:51	1	6:51:1	وَأَنذِرْ	أَنذَرَ	ن ذ ر	V	IMPV			IV	PREFIX|w:CONJ+ | STEM|POS:V|IMPV|(IV)|LEM:>an*ara|ROOT:n*r|2MS
w-s006-a051-w002	6:51	6:51	2	6:51:2	بِهِ			PRON					PREFIX|bi+ | STEM|POS:PRON|3MS
w-s006-a051-w003	6:51	6:51	3	6:51:3	ٱلَّذِينَ	ٱلَّذِى		REL					STEM|POS:REL|LEM:{l~a*iY|MP
w-s006-a051-w004	6:51	6:51	4	6:51:4	يَخَافُونَ	خَافَ	خ و ف	V	IMPF				STEM|POS:V|IMPF|LEM:xaAfa|ROOT:xwf|3MP | SUFFIX|PRON:3MP
w-s006-a051-w005	6:51	6:51	5	6:51:5	أَن	أَن		SUB					STEM|POS:SUB|LEM:>an
w-s006-a051-w006	6:51	6:51	6	6:51:6	يُحْشَرُوٓا۟	حَشَرَ	ح ش ر	V	IMPF	SUBJ	PASS		STEM|POS:V|IMPF|PASS|LEM:Ha$ara|ROOT:H$r|3MP|MOOD:SUBJ | SUFFIX|PRON:3MP
w-s006-a051-w007	6:51	6:51	7	6:51:7	إِلَىٰ	إِلَىٰ		P					STEM|POS:P|LEM:<ilaY`
w-s006-a051-w008	6:51	6:51	8	6:51:8	رَبِّهِمْ	رَبّ	ر ب ب	N					STEM|POS:N|LEM:rab~|ROOT:rbb|M|GEN | SUFFIX|PRON:3MP
w-s006-a051-w009	6:51	6:51	9	6:51:9	لَيْسَ	لَّيْسَ	ل ي س	V	PERF				STEM|POS:V|PERF|LEM:l~ayosa|ROOT:lys|SP:kaAn|3MS
w-s006-a051-w010	6:51	6:51	10	6:51:10	لَهُم			PRON					PREFIX|l:P+ | STEM|POS:PRON|3MP
w-s006-a051-w011	6:51	6:51	11	6:51:11	مِّن	مِن		P					STEM|POS:P|LEM:min
w-s006-a051-w012	6:51	6:51	12	6:51:12	دُونِهِۦ	دُون	د و ن	N					STEM|POS:N|LEM:duwn|ROOT:dwn|GEN | SUFFIX|PRON:3MS
w-s006-a051-w013	6:51	6:51	13	6:51:13	وَلِىٌّ	وَلِىّ	و ل ي	N					STEM|POS:N|LEM:waliY~|ROOT:wly|M|INDEF|NOM
w-s006-a051-w014	6:51	6:51	14	6:51:14	وَلَا	لَا		NEG					PREFIX|w:CONJ+ | STEM|POS:NEG|LEM:laA
w-s006-a051-w015	6:51	6:51	15	6:51:15	شَفِيعٌ	شَفِيع	ش ف ع	N					STEM|POS:N|LEM:$afiyE|ROOT:$fE|MS|INDEF|NOM
w-s006-a051-w016	6:51	6:51	16	6:51:16	لَّعَلَّهُمْ	لَعَلّ		ACC					STEM|POS:ACC|LEM:laEal~|SP:<in~ | SUFFIX|PRON:3MP
w-s006-a051-w017	6:51	6:51	17	6:51:17	يَتَّقُونَ	ٱتَّقَىٰ	و ق ي	V	IMPF			VIII	STEM|POS:V|IMPF|(VIII)|LEM:{t~aqaY`|ROOT:wqy|3MP | SUFFIX|PRON:3MP
w-s006-a052-w001	6:52	6:52	1	6:52:1	وَلَا	لَا		PRO					PREFIX|w:REM+ | STEM|POS:PRO|LEM:laA
w-s006-a052-w002	6:52	6:52	2	6:52:2	تَطْرُدِ	طَرَد	ط ر د	V	IMPF	JUS			STEM|POS:V|IMPF|LEM:Tarad|ROOT:Trd|2MS|MOOD:JUS
w-s006-a052-w003	6:52	6:52	3	6:52:3	ٱلَّذِينَ	ٱلَّذِى		REL					STEM|POS:REL|LEM:{l~a*iY|MP
w-s006-a052-w004	6:52	6:52	4	6:52:4	يَدْعُونَ	دَعَا	د ع و	V	IMPF				STEM|POS:V|IMPF|LEM:daEaA|ROOT:dEw|3MP | SUFFIX|PRON:3MP
w-s006-a052-w005	6:52	6:52	5	6:52:5	رَبَّهُم	رَبّ	ر ب ب	N					STEM|POS:N|LEM:rab~|ROOT:rbb|M|ACC | SUFFIX|PRON:3MP
w-s006-a052-w006	6:52	6:52	6	6:52:6	بِٱلْغَدَوٰةِ	غَدَوٰة	غ د و	N					PREFIX|bi+ | PREFIX|Al+ | STEM|POS:N|LEM:gadaw`p|ROOT:gdw|F|GEN
w-s006-a052-w007	6:52	6:52	7	6:52:7	وَٱلْعَشِىِّ	عَشِىّ	ع ش و	N					PREFIX|w:CONJ+ | PREFIX|Al+ | STEM|POS:N|LEM:Ea$iY~|ROOT:E$w|M|GEN
w-s006-a052-w008	6:52	6:52	8	6:52:8	يُرِيدُونَ	أَرَادَ	ر و د	V	IMPF			IV	STEM|POS:V|IMPF|(IV)|LEM:>araAda|ROOT:rwd|3MP | SUFFIX|PRON:3MP
w-s006-a052-w009	6:52	6:52	9	6:52:9	وَجْهَهُۥ	وَجْه	و ج ه	N					STEM|POS:N|LEM:wajoh|ROOT:wjh|M|ACC | SUFFIX|PRON:3MS
w-s006-a052-w010	6:52	6:52	10	6:52:10	مَا	مَا		NEG					STEM|POS:NEG|LEM:maA
w-s006-a052-w011	6:52	6:52	11	6:52:11	عَلَيْكَ	عَلَىٰ		P					STEM|POS:P|LEM:EalaY` | SUFFIX|PRON:2MS
w-s006-a052-w012	6:52	6:52	12	6:52:12	مِنْ	مِن		P					STEM|POS:P|LEM:min
w-s006-a052-w013	6:52	6:52	13	6:52:13	حِسَابِهِم	حِسَاب	ح س ب	N				III	STEM|POS:N|VN|(III)|LEM:HisaAb|ROOT:Hsb|M|GEN | SUFFIX|PRON:3MP
w-s006-a052-w014	6:52	6:52	14	6:52:14	مِّن	مِن		P					STEM|POS:P|LEM:min
w-s006-a052-w015	6:52	6:52	15	6:52:15	شَىْءٍ	شَىْء	ش ي ء	N					STEM|POS:N|LEM:$aYo'|ROOT:$yA|M|INDEF|GEN
w-s006-a052-w016	6:52	6:52	16	6:52:16	وَمَا	مَا		NEG					PREFIX|w:CONJ+ | STEM|POS:NEG|LEM:maA
w-s006-a052-w017	6:52	6:52	17	6:52:17	مِنْ	مِن		P					STEM|POS:P|LEM:min
w-s006-a052-w018	6:52	6:52	18	6:52:18	حِسَابِكَ	حِسَاب	ح س ب	N				III	STEM|POS:N|VN|(III)|LEM:HisaAb|ROOT:Hsb|M|GEN | SUFFIX|PRON:2MS
w-s006-a052-w019	6:52	6:52	19	6:52:19	عَلَيْهِم	عَلَىٰ		P					STEM|POS:P|LEM:EalaY` | SUFFIX|PRON:3MP
w-s006-a052-w020	6:52	6:52	20	6:52:20	مِّن	مِن		P					STEM|POS:P|LEM:min
w-s006-a052-w021	6:52	6:52	21	6:52:21	شَىْءٍ	شَىْء	ش ي ء	N					STEM|POS:N|LEM:$aYo'|ROOT:$yA|M|INDEF|GEN
w-s006-a052-w022	6:52	6:52	22	6:52:22	فَتَطْرُدَهُمْ	طَرَد	ط ر د	V	IMPF	SUBJ			PREFIX|f:CAUS+ | STEM|POS:V|IMPF|LEM:Tarad|ROOT:Trd|2MS|MOOD:SUBJ | SUFFIX|PRON:3MP
w-s006-a052-w023	6:52	6:52	23	6:52:23	فَتَكُونَ	كَانَ	ك و ن	V	IMPF	SUBJ			PREFIX|f:CONJ+ | STEM|POS:V|IMPF|LEM:kaAna|ROOT:kwn|SP:kaAn|2MS|MOOD:SUBJ
w-s006-a052-w024	6:52	6:52	24	6:52:24	مِنَ	مِن		P					STEM|POS:P|LEM:min
w-s006-a052-w025	6:52	6:52	25	6:52:25	ٱلظَّٰلِمِينَ	ظَالِم	ظ ل م	N			ACT		PREFIX|Al+ | STEM|POS:N|ACT|PCPL|LEM:ZaAlim|ROOT:Zlm|MP|GEN
w-s006-a053-w001	6:53	6:53	1	6:53:1	وَكَذَٰلِكَ	ذَٰلِك		DEM					PREFIX|w:REM+ | PREFIX|ka+ | STEM|POS:DEM|LEM:*a`lik|MS
w-s006-a053-w002	6:53	6:53	2	6:53:2	فَتَنَّا	فَتَنُ	ف ت ن	V	PERF				STEM|POS:V|PERF|LEM:fatanu|ROOT:ftn|1P | SUFFIX|PRON:1P
w-s006-a053-w003	6:53	6:53	3	6:53:3	بَعْضَهُم	بَعْض	ب ع ض	N					STEM|POS:N|LEM:baEoD|ROOT:bED|M|ACC | SUFFIX|PRON:3MP
w-s006-a053-w004	6:53	6:53	4	6:53:4	بِبَعْضٍ	بَعْض	ب ع ض	N					PREFIX|bi+ | STEM|POS:N|LEM:baEoD|ROOT:bED|M|INDEF|GEN
w-s006-a053-w005	6:53	6:53	5	6:53:5	لِّيَقُولُوٓا۟	قَالَ	ق و ل	V	IMPF	SUBJ			PREFIX|l:PRP+ | STEM|POS:V|IMPF|LEM:qaAla|ROOT:qwl|3MP|MOOD:SUBJ | SUFFIX|PRON:3MP
w-s006-a053-w006	6:53	6:53	6	6:53:6	أَهَٰٓؤُلَآءِ	هَٰذَا		DEM					PREFIX|A:INTG+ | STEM|POS:DEM|LEM:ha`*aA|P
w-s006-a053-w007	6:53	6:53	7	6:53:7	مَنَّ	مَنَّ	م ن ن	V	PERF				STEM|POS:V|PERF|LEM:man~a|ROOT:mnn|3MS
w-s006-a053-w008	6:53	6:53	8	6:53:8	ٱللَّهُ	ٱللَّه	ء ل ه	PN					STEM|POS:PN|LEM:{ll~ah|ROOT:Alh|NOM
w-s006-a053-w009	6:53	6:53	9	6:53:9	عَلَيْهِم	عَلَىٰ		P					STEM|POS:P|LEM:EalaY` | SUFFIX|PRON:3MP
w-s006-a053-w010	6:53	6:53	10	6:53:10	مِّنۢ	مِن		P					STEM|POS:P|LEM:min
w-s006-a053-w011	6:53	6:53	11	6:53:11	بَيْنِنَآ	بَيْن	ب ي ن	N					STEM|POS:N|LEM:bayon|ROOT:byn|GEN | SUFFIX|PRON:1P
w-s006-a053-w012	6:53	6:53	12	6:53:12	أَلَيْسَ	لَّيْسَ	ل ي س	V	PERF				PREFIX|A:INTG+ | STEM|POS:V|PERF|LEM:l~ayosa|ROOT:lys|SP:kaAn|3MS
w-s006-a053-w013	6:53	6:53	13	6:53:13	ٱللَّهُ	ٱللَّه	ء ل ه	PN					STEM|POS:PN|LEM:{ll~ah|ROOT:Alh|NOM
w-s006-a053-w014	6:53	6:53	14	6:53:14	بِأَعْلَمَ	أَعْلَم	ع ل م	N					PREFIX|bi+ | STEM|POS:N|LEM:>aEolam|ROOT:Elm|MS|GEN
w-s006-a053-w015	6:53	6:53	15	6:53:15	بِٱلشَّٰكِرِينَ	شَاكِر	ش ك ر	N			ACT		PREFIX|bi+ | PREFIX|Al+ | STEM|POS:N|ACT|PCPL|LEM:$aAkir|ROOT:$kr|MP|GEN
w-s006-a054-w001	6:54	6:54	1	6:54:1	وَإِذَا	إِذَا		T					PREFIX|w:REM+ | STEM|POS:T|LEM:<i*aA
w-s006-a054-w002	6:54	6:54	2	6:54:2	جَآءَكَ	جَآءَ	ج ي ء	V	PERF				STEM|POS:V|PERF|LEM:jaA^'a|ROOT:jyA|3MS | SUFFIX|PRON:2MS
w-s006-a054-w003	6:54	6:54	3	6:54:3	ٱلَّذِينَ	ٱلَّذِى		REL					STEM|POS:REL|LEM:{l~a*iY|MP
w-s006-a054-w004	6:54	6:54	4	6:54:4	يُؤْمِنُونَ	ءَامَنَ	ء م ن	V	IMPF			IV	STEM|POS:V|IMPF|(IV)|LEM:'aAmana|ROOT:Amn|3MP | SUFFIX|PRON:3MP
w-s006-a054-w005	6:54	6:54	5	6:54:5	بِـَٔايَٰتِنَا	ءَايَة	ء ي ي	N					PREFIX|bi+ | STEM|POS:N|LEM:'aAyap|ROOT:Ayy|FP|GEN | SUFFIX|PRON:1P
w-s006-a054-w006	6:54	6:54	6	6:54:6	فَقُلْ	قَالَ	ق و ل	V	IMPV				PREFIX|f:RSLT+ | STEM|POS:V|IMPV|LEM:qaAla|ROOT:qwl|2MS
w-s006-a054-w007	6:54	6:54	7	6:54:7	سَلَٰمٌ	سَلَٰم	س ل م	N					STEM|POS:N|LEM:sala`m|ROOT:slm|M|INDEF|NOM
w-s006-a054-w008	6:54	6:54	8	6:54:8	عَلَيْكُمْ	عَلَىٰ		P					STEM|POS:P|LEM:EalaY` | SUFFIX|PRON:2MP
w-s006-a054-w009	6:54	6:54	9	6:54:9	كَتَبَ	كَتَبَ	ك ت ب	V	PERF				STEM|POS:V|PERF|LEM:kataba|ROOT:ktb|3MS
w-s006-a054-w010	6:54	6:54	10	6:54:10	رَبُّكُمْ	رَبّ	ر ب ب	N					STEM|POS:N|LEM:rab~|ROOT:rbb|M|NOM | SUFFIX|PRON:2MP
w-s006-a054-w011	6:54	6:54	11	6:54:11	عَلَىٰ	عَلَىٰ		P					STEM|POS:P|LEM:EalaY`
w-s006-a054-w012	6:54	6:54	12	6:54:12	نَفْسِهِ	نَفْس	ن ف س	N					STEM|POS:N|LEM:nafos|ROOT:nfs|FS|GEN | SUFFIX|PRON:3MS
w-s006-a054-w013	6:54	6:54	13	6:54:13	ٱلرَّحْمَةَ	رَحْمَة	ر ح م	N					PREFIX|Al+ | STEM|POS:N|LEM:raHomap|ROOT:rHm|F|ACC
w-s006-a054-w014	6:54	6:54	14	6:54:14	أَنَّهُۥ	أَنّ		ACC					STEM|POS:ACC|LEM:>an~|SP:<in~ | SUFFIX|PRON:3MS
w-s006-a054-w015	6:54	6:54	15	6:54:15	مَنْ	مَن		COND					STEM|POS:COND|LEM:man
w-s006-a054-w016	6:54	6:54	16	6:54:16	عَمِلَ	عَمِلَ	ع م ل	V	PERF				STEM|POS:V|PERF|LEM:Eamila|ROOT:Eml|3MS
w-s006-a054-w017	6:54	6:54	17	6:54:17	مِنكُمْ	مِن		P					STEM|POS:P|LEM:min | SUFFIX|PRON:2MP
w-s006-a054-w018	6:54	6:54	18	6:54:18	سُوٓءًۢا	سُوٓء	س و ء	N					STEM|POS:N|LEM:suw^'|ROOT:swA|M|INDEF|ACC
w-s006-a054-w019	6:54	6:54	19	6:54:19	بِجَهَٰلَةٍ	جَهَٰلَة	ج ه ل	N					PREFIX|bi+ | STEM|POS:N|LEM:jaha`lap|ROOT:jhl|F|INDEF|GEN
w-s006-a054-w020	6:54	6:54	20	6:54:20	ثُمَّ	ثُمّ		CONJ					STEM|POS:CONJ|LEM:vum~
w-s006-a054-w021	6:54	6:54	21	6:54:21	تَابَ	تَابَ	ت و ب	V	PERF				STEM|POS:V|PERF|LEM:taAba|ROOT:twb|3MS
w-s006-a054-w022	6:54	6:54	22	6:54:22	مِنۢ	مِن		P					STEM|POS:P|LEM:min
w-s006-a054-w023	6:54	6:54	23	6:54:23	بَعْدِهِۦ	بَعْد	ب ع د	N					STEM|POS:N|LEM:baEod|ROOT:bEd|GEN | SUFFIX|PRON:3MS
w-s006-a054-w024	6:54	6:54	24	6:54:24	وَأَصْلَحَ	أَصْلَحَ	ص ل ح	V	PERF			IV	PREFIX|w:CONJ+ | STEM|POS:V|PERF|(IV)|LEM:>aSolaHa|ROOT:SlH|3MS
w-s006-a054-w025	6:54	6:54	25	6:54:25	فَأَنَّهُۥ	أَنّ		ACC					PREFIX|f:RSLT+ | STEM|POS:ACC|LEM:>an~|SP:<in~ | SUFFIX|PRON:3MS
w-s006-a054-w026	6:54	6:54	26	6:54:26	غَفُورٌ	غَفُور	غ ف ر	N					STEM|POS:N|LEM:gafuwr|ROOT:gfr|MS|INDEF|NOM
w-s006-a054-w027	6:54	6:54	27	6:54:27	رَّحِيمٌ	رَّحِيم	ر ح م	ADJ					STEM|POS:ADJ|LEM:r~aHiym|ROOT:rHm|MS|INDEF|NOM
w-s006-a055-w001	6:55	6:55	1	6:55:1	وَكَذَٰلِكَ	ذَٰلِك		DEM					PREFIX|w:REM+ | PREFIX|ka+ | STEM|POS:DEM|LEM:*a`lik|MS
w-s006-a055-w002	6:55	6:55	2	6:55:2	نُفَصِّلُ	فَصَّلَ	ف ص ل	V	IMPF			II	STEM|POS:V|IMPF|(II)|LEM:faS~ala|ROOT:fSl|1P
w-s006-a055-w003	6:55	6:55	3	6:55:3	ٱلْءَايَٰتِ	ءَايَة	ء ي ي	N					PREFIX|Al+ | STEM|POS:N|LEM:'aAyap|ROOT:Ayy|FP|ACC
w-s006-a055-w004	6:55	6:55	4	6:55:4	وَلِتَسْتَبِينَ	تَسْتَبِينَ	ب ي ن	V	IMPF	SUBJ		X	PREFIX|w:CONJ+ | PREFIX|l:PRP+ | STEM|POS:V|IMPF|(X)|LEM:tasotabiyna|ROOT:byn|3FS|MOOD:SUBJ
w-s006-a055-w005	6:55	6:55	5	6:55:5	سَبِيلُ	سَبِيل	س ب ل	N					STEM|POS:N|LEM:sabiyl|ROOT:sbl|M|NOM
w-s006-a055-w006	6:55	6:55	6	6:55:6	ٱلْمُجْرِمِينَ	مُجْرِم	ج ر م	N			ACT	IV	PREFIX|Al+ | STEM|POS:N|ACT|PCPL|(IV)|LEM:mujorim|ROOT:jrm|MP|GEN
w-s006-a056-w001	6:56	6:56	1	6:56:1	قُلْ	قَالَ	ق و ل	V	IMPV				STEM|POS:V|IMPV|LEM:qaAla|ROOT:qwl|2MS
w-s006-a056-w002	6:56	6:56	2	6:56:2	إِنِّى	إِنّ		ACC					STEM|POS:ACC|LEM:<in~|SP:<in~ | SUFFIX|PRON:1S
w-s006-a056-w003	6:56	6:56	3	6:56:3	نُهِيتُ	نَهَىٰ	ن ه ي	V	PERF		PASS		STEM|POS:V|PERF|PASS|LEM:nahaY`|ROOT:nhy|1S | SUFFIX|PRON:1S
w-s006-a056-w004	6:56	6:56	4	6:56:4	أَنْ	أَن		SUB					STEM|POS:SUB|LEM:>an
w-s006-a056-w005	6:56	6:56	5	6:56:5	أَعْبُدَ	عَبَدَ	ع ب د	V	IMPF	SUBJ			STEM|POS:V|IMPF|LEM:Eabada|ROOT:Ebd|1S|MOOD:SUBJ
w-s006-a056-w006	6:56	6:56	6	6:56:6	ٱلَّذِينَ	ٱلَّذِى		REL					STEM|POS:REL|LEM:{l~a*iY|MP
w-s006-a056-w007	6:56	6:56	7	6:56:7	تَدْعُونَ	دَعَا	د ع و	V	IMPF				STEM|POS:V|IMPF|LEM:daEaA|ROOT:dEw|2MP | SUFFIX|PRON:2MP
w-s006-a056-w008	6:56	6:56	8	6:56:8	مِن	مِن		P					STEM|POS:P|LEM:min
w-s006-a056-w009	6:56	6:56	9	6:56:9	دُونِ	دُون	د و ن	N					STEM|POS:N|LEM:duwn|ROOT:dwn|GEN
w-s006-a056-w010	6:56	6:56	10	6:56:10	ٱللَّهِ	ٱللَّه	ء ل ه	PN					STEM|POS:PN|LEM:{ll~ah|ROOT:Alh|GEN
w-s006-a056-w011	6:56	6:56	11	6:56:11	قُل	قَالَ	ق و ل	V	IMPV				STEM|POS:V|IMPV|LEM:qaAla|ROOT:qwl|2MS
w-s006-a056-w012	6:56	6:56	12	6:56:12	لَّآ	لَا		NEG					STEM|POS:NEG|LEM:laA
w-s006-a056-w013	6:56	6:56	13	6:56:13	أَتَّبِعُ	ٱتَّبَعَ	ت ب ع	V	IMPF			VIII	STEM|POS:V|IMPF|(VIII)|LEM:{t~abaEa|ROOT:tbE|1S
w-s006-a056-w014	6:56	6:56	14	6:56:14	أَهْوَآءَكُمْ	أَهْوَآء	ه و ي	N					STEM|POS:N|LEM:>ahowaA^'|ROOT:hwy|MP|ACC | SUFFIX|PRON:2MP
w-s006-a056-w015	6:56	6:56	15	6:56:15	قَدْ	قَد		CERT					STEM|POS:CERT|LEM:qad
w-s006-a056-w016	6:56	6:56	16	6:56:16	ضَلَلْتُ	ضَلَّ	ض ل ل	V	PERF				STEM|POS:V|PERF|LEM:Dal~a|ROOT:Dll|1S | SUFFIX|PRON:1S
w-s006-a056-w017	6:56	6:56	17	6:56:17	إِذًا	إِذًا		ANS					STEM|POS:ANS|LEM:<i*FA
w-s006-a056-w018	6:56	6:56	18	6:56:18	وَمَآ	مَا		NEG					PREFIX|w:REM+ | STEM|POS:NEG|LEM:maA
w-s006-a056-w019	6:56	6:56	19	6:56:19	أَنَا۠			PRON					STEM|POS:PRON|1S
w-s006-a056-w020	6:56	6:56	20	6:56:20	مِنَ	مِن		P					STEM|POS:P|LEM:min
w-s006-a056-w021	6:56	6:56	21	6:56:21	ٱلْمُهْتَدِينَ	مُّهْتَدُون	ه د ي	N			ACT	VIII	PREFIX|Al+ | STEM|POS:N|ACT|PCPL|(VIII)|LEM:m~uhotaduwn|ROOT:hdy|MP|GEN
w-s006-a057-w001	6:57	6:57	1	6:57:1	قُلْ	قَالَ	ق و ل	V	IMPV				STEM|POS:V|IMPV|LEM:qaAla|ROOT:qwl|2MS
w-s006-a057-w002	6:57	6:57	2	6:57:2	إِنِّى	إِنّ		ACC					STEM|POS:ACC|LEM:<in~|SP:<in~ | SUFFIX|PRON:1S
w-s006-a057-w003	6:57	6:57	3	6:57:3	عَلَىٰ	عَلَىٰ		P					STEM|POS:P|LEM:EalaY`
w-s006-a057-w004	6:57	6:57	4	6:57:4	بَيِّنَةٍ	بَيِّنَة	ب ي ن	N					STEM|POS:N|LEM:bay~inap|ROOT:byn|FS|INDEF|GEN
w-s006-a057-w005	6:57	6:57	5	6:57:5	مِّن	مِن		P					STEM|POS:P|LEM:min
w-s006-a057-w006	6:57	6:57	6	6:57:6	رَّبِّى	رَبّ	ر ب ب	N					STEM|POS:N|LEM:rab~|ROOT:rbb|M|GEN | SUFFIX|PRON:1S
w-s006-a057-w007	6:57	6:57	7	6:57:7	وَكَذَّبْتُم	كَذَّبَ	ك ذ ب	V	PERF			II	PREFIX|w:CONJ+ | STEM|POS:V|PERF|(II)|LEM:ka*~aba|ROOT:k*b|2MP | SUFFIX|PRON:2MP
w-s006-a057-w008	6:57	6:57	8	6:57:8	بِهِۦ			PRON					PREFIX|bi+ | STEM|POS:PRON|3MS
w-s006-a057-w009	6:57	6:57	9	6:57:9	مَا	مَا		NEG					STEM|POS:NEG|LEM:maA
w-s006-a057-w010	6:57	6:57	10	6:57:10	عِندِى	عِند	ع ن د	LOC					STEM|POS:LOC|LEM:Eind|ROOT:End | SUFFIX|PRON:1S
w-s006-a057-w011	6:57	6:57	11	6:57:11	مَا	مَا		REL					STEM|POS:REL|LEM:maA
w-s006-a057-w012	6:57	6:57	12	6:57:12	تَسْتَعْجِلُونَ	ٱسْتَعْجَلَ	ع ج ل	V	IMPF			X	STEM|POS:V|IMPF|(X)|LEM:{sotaEojala|ROOT:Ejl|2MP | SUFFIX|PRON:2MP
w-s006-a057-w013	6:57	6:57	13	6:57:13	بِهِۦٓ			PRON					PREFIX|bi+ | STEM|POS:PRON|3MS
w-s006-a057-w014	6:57	6:57	14	6:57:14	إِنِ	إِن		NEG					STEM|POS:NEG|LEM:<in
w-s006-a057-w015	6:57	6:57	15	6:57:15	ٱلْحُكْمُ	حُكْم	ح ك م	N					PREFIX|Al+ | STEM|POS:N|LEM:Hukom|ROOT:Hkm|M|NOM
w-s006-a057-w016	6:57	6:57	16	6:57:16	إِلَّا	إِلَّا		RES					STEM|POS:RES|LEM:<il~aA
w-s006-a057-w017	6:57	6:57	17	6:57:17	لِلَّهِ	ٱللَّه	ء ل ه	PN					PREFIX|l:P+ | STEM|POS:PN|LEM:{ll~ah|ROOT:Alh|GEN
w-s006-a057-w018	6:57	6:57	18	6:57:18	يَقُصُّ	قَصَّ	ق ص ص	V	IMPF				STEM|POS:V|IMPF|LEM:qaS~a|ROOT:qSS|3MS
w-s006-a057-w019	6:57	6:57	19	6:57:19	ٱلْحَقَّ	حَقّ	ح ق ق	N					PREFIX|Al+ | STEM|POS:N|LEM:Haq~|ROOT:Hqq|M|ACC
w-s006-a057-w020	6:57	6:57	20	6:57:20	وَهُوَ			PRON					PREFIX|w:REM+ | STEM|POS:PRON|3MS
w-s006-a057-w021	6:57	6:57	21	6:57:21	خَيْرُ	خَيْر	خ ي ر	N					STEM|POS:N|LEM:xayor|ROOT:xyr|MS|NOM
w-s006-a057-w022	6:57	6:57	22	6:57:22	ٱلْفَٰصِلِينَ	فَٰصِلِين	ف ص ل	N			ACT		PREFIX|Al+ | STEM|POS:N|ACT|PCPL|LEM:fa`Siliyn|ROOT:fSl|MP|GEN
w-s006-a058-w001	6:58	6:58	1	6:58:1	قُل	قَالَ	ق و ل	V	IMPV				STEM|POS:V|IMPV|LEM:qaAla|ROOT:qwl|2MS
w-s006-a058-w002	6:58	6:58	2	6:58:2	لَّوْ	لَو		COND					STEM|POS:COND|LEM:law
w-s006-a058-w003	6:58	6:58	3	6:58:3	أَنَّ	أَنّ		ACC					STEM|POS:ACC|LEM:>an~|SP:<in~
w-s006-a058-w004	6:58	6:58	4	6:58:4	عِندِى	عِند	ع ن د	LOC					STEM|POS:LOC|LEM:Eind|ROOT:End | SUFFIX|PRON:1S
w-s006-a058-w005	6:58	6:58	5	6:58:5	مَا	مَا		REL					STEM|POS:REL|LEM:maA
w-s006-a058-w006	6:58	6:58	6	6:58:6	تَسْتَعْجِلُونَ	ٱسْتَعْجَلَ	ع ج ل	V	IMPF			X	STEM|POS:V|IMPF|(X)|LEM:{sotaEojala|ROOT:Ejl|2MP | SUFFIX|PRON:2MP
w-s006-a058-w007	6:58	6:58	7	6:58:7	بِهِۦ			PRON					PREFIX|bi+ | STEM|POS:PRON|3MS
w-s006-a058-w008	6:58	6:58	8	6:58:8	لَقُضِىَ	قَضَىٰٓ	ق ض ي	V	PERF		PASS		PREFIX|l:EMPH+ | STEM|POS:V|PERF|PASS|LEM:qaDaY`^|ROOT:qDy|3MS
w-s006-a058-w009	6:58	6:58	9	6:58:9	ٱلْأَمْرُ	أَمْر	ء م ر	N					PREFIX|Al+ | STEM|POS:N|LEM:>amor|ROOT:Amr|M|NOM
w-s006-a058-w010	6:58	6:58	10	6:58:10	بَيْنِى	بَيْن	ب ي ن	LOC					STEM|POS:LOC|LEM:bayon|ROOT:byn | SUFFIX|PRON:1S
w-s006-a058-w011	6:58	6:58	11	6:58:11	وَبَيْنَكُمْ	بَيْن	ب ي ن	LOC					PREFIX|w:CONJ+ | STEM|POS:LOC|LEM:bayon|ROOT:byn|ACC | SUFFIX|PRON:2MP
w-s006-a058-w012	6:58	6:58	12	6:58:12	وَٱللَّهُ	ٱللَّه	ء ل ه	PN					PREFIX|w:REM+ | STEM|POS:PN|LEM:{ll~ah|ROOT:Alh|NOM
w-s006-a058-w013	6:58	6:58	13	6:58:13	أَعْلَمُ	أَعْلَم	ع ل م	N					STEM|POS:N|LEM:>aEolam|ROOT:Elm|MS|NOM
w-s006-a058-w014	6:58	6:58	14	6:58:14	بِٱلظَّٰلِمِينَ	ظَالِم	ظ ل م	N			ACT		PREFIX|bi+ | PREFIX|Al+ | STEM|POS:N|ACT|PCPL|LEM:ZaAlim|ROOT:Zlm|MP|GEN
w-s006-a059-w001	6:59	6:59	1	6:59:1	وَعِندَهُۥ	عِند	ع ن د	LOC					PREFIX|w:REM+ | STEM|POS:LOC|LEM:Eind|ROOT:End|ACC | SUFFIX|PRON:3MS
w-s006-a059-w002	6:59	6:59	2	6:59:2	مَفَاتِحُ	مَفَاتِح	ف ت ح	N					STEM|POS:N|LEM:mafaAtiH|ROOT:ftH|MP|NOM
w-s006-a059-w003	6:59	6:59	3	6:59:3	ٱلْغَيْبِ	غَيْب	غ ي ب	N					PREFIX|Al+ | STEM|POS:N|LEM:gayob|ROOT:gyb|M|GEN
w-s006-a059-w004	6:59	6:59	4	6:59:4	لَا	لَا		NEG					STEM|POS:NEG|LEM:laA
w-s006-a059-w005	6:59	6:59	5	6:59:5	يَعْلَمُهَآ	عَلِمَ	ع ل م	V	IMPF				STEM|POS:V|IMPF|LEM:Ealima|ROOT:Elm|3MS | SUFFIX|PRON:3FS
w-s006-a059-w006	6:59	6:59	6	6:59:6	إِلَّا	إِلَّا		RES					STEM|POS:RES|LEM:<il~aA
w-s006-a059-w007	6:59	6:59	7	6:59:7	هُوَ			PRON					STEM|POS:PRON|3MS
w-s006-a059-w008	6:59	6:59	8	6:59:8	وَيَعْلَمُ	عَلِمَ	ع ل م	V	IMPF				PREFIX|w:CONJ+ | STEM|POS:V|IMPF|LEM:Ealima|ROOT:Elm|3MS
w-s006-a059-w009	6:59	6:59	9	6:59:9	مَا	مَا		REL					STEM|POS:REL|LEM:maA
w-s006-a059-w010	6:59	6:59	10	6:59:10	فِى	فِى		P					STEM|POS:P|LEM:fiY
w-s006-a059-w011	6:59	6:59	11	6:59:11	ٱلْبَرِّ	بَرّ	ب ر ر	N					PREFIX|Al+ | STEM|POS:N|LEM:bar~|ROOT:brr|M|GEN
w-s006-a059-w012	6:59	6:59	12	6:59:12	وَٱلْبَحْرِ	بَحْر	ب ح ر	N					PREFIX|w:CONJ+ | PREFIX|Al+ | STEM|POS:N|LEM:baHor|ROOT:bHr|M|GEN
w-s006-a059-w013	6:59	6:59	13	6:59:13	وَمَا	مَا		NEG					PREFIX|w:CONJ+ | STEM|POS:NEG|LEM:maA
w-s006-a059-w014	6:59	6:59	14	6:59:14	تَسْقُطُ	سُقِطَ	س ق ط	V	IMPF				STEM|POS:V|IMPF|LEM:suqiTa|ROOT:sqT|3FS
w-s006-a059-w015	6:59	6:59	15	6:59:15	مِن	مِن		P					STEM|POS:P|LEM:min
w-s006-a059-w016	6:59	6:59	16	6:59:16	وَرَقَةٍ	وَرَقَة	و ر ق	N					STEM|POS:N|LEM:waraqap|ROOT:wrq|F|INDEF|GEN
w-s006-a059-w017	6:59	6:59	17	6:59:17	إِلَّا	إِلَّا		RES					STEM|POS:RES|LEM:<il~aA
w-s006-a059-w018	6:59	6:59	18	6:59:18	يَعْلَمُهَا	عَلِمَ	ع ل م	V	IMPF				STEM|POS:V|IMPF|LEM:Ealima|ROOT:Elm|3MS | SUFFIX|PRON:3FS
w-s006-a059-w019	6:59	6:59	19	6:59:19	وَلَا	لَا		NEG					PREFIX|w:CONJ+ | STEM|POS:NEG|LEM:laA
w-s006-a059-w020	6:59	6:59	20	6:59:20	حَبَّةٍ	حَبَّة	ح ب ب	N					STEM|POS:N|LEM:Hab~ap|ROOT:Hbb|F|INDEF|GEN
w-s006-a059-w021	6:59	6:59	21	6:59:21	فِى	فِى		P					STEM|POS:P|LEM:fiY
w-s006-a059-w022	6:59	6:59	22	6:59:22	ظُلُمَٰتِ	ظُلُمَٰت	ظ ل م	N					STEM|POS:N|LEM:Zuluma`t|ROOT:Zlm|FP|GEN
w-s006-a059-w023	6:59	6:59	23	6:59:23	ٱلْأَرْضِ	أَرْض	ء ر ض	N					PREFIX|Al+ | STEM|POS:N|LEM:>aroD|ROOT:ArD|F|GEN
w-s006-a059-w024	6:59	6:59	24	6:59:24	وَلَا	لَا		NEG					PREFIX|w:CONJ+ | STEM|POS:NEG|LEM:laA
w-s006-a059-w025	6:59	6:59	25	6:59:25	رَطْبٍ	رَطْب	ر ط ب	N					STEM|POS:N|LEM:raTob|ROOT:rTb|MS|INDEF|GEN
w-s006-a059-w026	6:59	6:59	26	6:59:26	وَلَا	لَا		NEG					PREFIX|w:CONJ+ | STEM|POS:NEG|LEM:laA
w-s006-a059-w027	6:59	6:59	27	6:59:27	يَابِسٍ	يَابِس	ي ب س	N			ACT		STEM|POS:N|ACT|PCPL|LEM:yaAbis|ROOT:ybs|M|INDEF|GEN
w-s006-a059-w028	6:59	6:59	28	6:59:28	إِلَّا	إِلَّا		RES					STEM|POS:RES|LEM:<il~aA
w-s006-a059-w029	6:59	6:59	29	6:59:29	فِى	فِى		P					STEM|POS:P|LEM:fiY
w-s006-a059-w030	6:59	6:59	30	6:59:30	كِتَٰبٍ	كِتَٰب	ك ت ب	N					STEM|POS:N|LEM:kita`b|ROOT:ktb|M|INDEF|GEN
w-s006-a059-w031	6:59	6:59	31	6:59:31	مُّبِينٍ	مُّبِين	ب ي ن	ADJ			ACT	IV	STEM|POS:ADJ|ACT|PCPL|(IV)|LEM:m~ubiyn|ROOT:byn|M|INDEF|GEN
w-s006-a060-w001	6:60	6:60	1	6:60:1	وَهُوَ			PRON					PREFIX|w:CONJ+ | STEM|POS:PRON|3MS
w-s006-a060-w002	6:60	6:60	2	6:60:2	ٱلَّذِى	ٱلَّذِى		REL					STEM|POS:REL|LEM:{l~a*iY|MS
w-s006-a060-w003	6:60	6:60	3	6:60:3	يَتَوَفَّىٰكُم	تَوَفَّىٰ	و ف ي	V	IMPF			V	STEM|POS:V|IMPF|(V)|LEM:tawaf~aY`|ROOT:wfy|3MS | SUFFIX|PRON:2MP
w-s006-a060-w004	6:60	6:60	4	6:60:4	بِٱلَّيْلِ	لَيْل	ل ي ل	N					PREFIX|bi+ | PREFIX|Al+ | STEM|POS:N|LEM:layol|ROOT:lyl|M|GEN
w-s006-a060-w005	6:60	6:60	5	6:60:5	وَيَعْلَمُ	عَلِمَ	ع ل م	V	IMPF				PREFIX|w:CONJ+ | STEM|POS:V|IMPF|LEM:Ealima|ROOT:Elm|3MS
w-s006-a060-w006	6:60	6:60	6	6:60:6	مَا	مَا		REL					STEM|POS:REL|LEM:maA
w-s006-a060-w007	6:60	6:60	7	6:60:7	جَرَحْتُم	جَرَحْ	ج ر ح	V	PERF				STEM|POS:V|PERF|LEM:jaraHo|ROOT:jrH|2MP | SUFFIX|PRON:2MP
w-s006-a060-w008	6:60	6:60	8	6:60:8	بِٱلنَّهَارِ	نَهَار	ن ه ر	N					PREFIX|bi+ | PREFIX|Al+ | STEM|POS:N|LEM:nahaAr|ROOT:nhr|M|GEN
w-s006-a060-w009	6:60	6:60	9	6:60:9	ثُمَّ	ثُمّ		CONJ					STEM|POS:CONJ|LEM:vum~
w-s006-a060-w010	6:60	6:60	10	6:60:10	يَبْعَثُكُمْ	بَعَثَ	ب ع ث	V	IMPF				STEM|POS:V|IMPF|LEM:baEava|ROOT:bEv|3MS | SUFFIX|PRON:2MP
w-s006-a060-w011	6:60	6:60	11	6:60:11	فِيهِ	فِى		P					STEM|POS:P|LEM:fiY | SUFFIX|PRON:3MS
w-s006-a060-w012	6:60	6:60	12	6:60:12	لِيُقْضَىٰٓ	قَضَىٰٓ	ق ض ي	V	IMPF	SUBJ	PASS		PREFIX|l:PRP+ | STEM|POS:V|IMPF|PASS|LEM:qaDaY`^|ROOT:qDy|3MS|MOOD:SUBJ
w-s006-a060-w013	6:60	6:60	13	6:60:13	أَجَلٌ	أَجَل	ء ج ل	N					STEM|POS:N|LEM:>ajal|ROOT:Ajl|M|INDEF|NOM
w-s006-a060-w014	6:60	6:60	14	6:60:14	مُّسَمًّى	مُّسَمًّى	س م و	ADJ			PASS	II	STEM|POS:ADJ|PASS|PCPL|(II)|LEM:m~usam~FY|ROOT:smw|M|INDEF|NOM
w-s006-a060-w015	6:60	6:60	15	6:60:15	ثُمَّ	ثُمّ		CONJ					STEM|POS:CONJ|LEM:vum~
w-s006-a060-w016	6:60	6:60	16	6:60:16	إِلَيْهِ	إِلَىٰ		P					STEM|POS:P|LEM:<ilaY` | SUFFIX|PRON:3MS
w-s006-a060-w017	6:60	6:60	17	6:60:17	مَرْجِعُكُمْ	مَرْجِع	ر ج ع	N					STEM|POS:N|LEM:marojiE|ROOT:rjE|M|NOM | SUFFIX|PRON:2MP
w-s006-a060-w018	6:60	6:60	18	6:60:18	ثُمَّ	ثُمّ		CONJ					STEM|POS:CONJ|LEM:vum~
w-s006-a060-w019	6:60	6:60	19	6:60:19	يُنَبِّئُكُم	نَبَّأَ	ن ب ء	V	IMPF			II	STEM|POS:V|IMPF|(II)|LEM:nab~a>a|ROOT:nbA|3MS | SUFFIX|PRON:2MP
w-s006-a060-w020	6:60	6:60	20	6:60:20	بِمَا	مَا		REL					PREFIX|bi+ | STEM|POS:REL|LEM:maA
w-s006-a060-w021	6:60	6:60	21	6:60:21	كُنتُمْ	كَانَ	ك و ن	V	PERF				STEM|POS:V|PERF|LEM:kaAna|ROOT:kwn|SP:kaAn|2MP | SUFFIX|PRON:2MP
w-s006-a060-w022	6:60	6:60	22	6:60:22	تَعْمَلُونَ	عَمِلَ	ع م ل	V	IMPF				STEM|POS:V|IMPF|LEM:Eamila|ROOT:Eml|2MP | SUFFIX|PRON:2MP
w-s006-a061-w001	6:61	6:61	1	6:61:1	وَهُوَ			PRON					PREFIX|w:CONJ+ | STEM|POS:PRON|3MS
w-s006-a061-w002	6:61	6:61	2	6:61:2	ٱلْقَاهِرُ	قَاهِر	ق ه ر	N			ACT		PREFIX|Al+ | STEM|POS:N|ACT|PCPL|LEM:qaAhir|ROOT:qhr|M|NOM
w-s006-a061-w003	6:61	6:61	3	6:61:3	فَوْقَ	فَوْق	ف و ق	LOC					STEM|POS:LOC|LEM:fawoq|ROOT:fwq|M|ACC
w-s006-a061-w004	6:61	6:61	4	6:61:4	عِبَادِهِۦ	عَبْد	ع ب د	N					STEM|POS:N|LEM:Eabod|ROOT:Ebd|MP|GEN | SUFFIX|PRON:3MS
w-s006-a061-w005	6:61	6:61	5	6:61:5	وَيُرْسِلُ	أَرْسَلَ	ر س ل	V	IMPF			IV	PREFIX|w:REM+ | STEM|POS:V|IMPF|(IV)|LEM:>arosala|ROOT:rsl|3MS
w-s006-a061-w006	6:61	6:61	6	6:61:6	عَلَيْكُمْ	عَلَىٰ		P					STEM|POS:P|LEM:EalaY` | SUFFIX|PRON:2MP
w-s006-a061-w007	6:61	6:61	7	6:61:7	حَفَظَةً	حَفِيظ	ح ف ظ	N			ACT		STEM|POS:N|ACT|PCPL|LEM:HafiyZ|ROOT:HfZ|MP|INDEF|ACC
w-s006-a061-w008	6:61	6:61	8	6:61:8	حَتَّىٰٓ	حَتَّىٰ		INC					STEM|POS:INC|LEM:Hat~aY`
w-s006-a061-w009	6:61	6:61	9	6:61:9	إِذَا	إِذَا		T					STEM|POS:T|LEM:<i*aA
w-s006-a061-w010	6:61	6:61	10	6:61:10	جَآءَ	جَآءَ	ج ي ء	V	PERF				STEM|POS:V|PERF|LEM:jaA^'a|ROOT:jyA|3MS
w-s006-a061-w011	6:61	6:61	11	6:61:11	أَحَدَكُمُ	أَحَد	ء ح د	N					STEM|POS:N|LEM:>aHad|ROOT:AHd|M|ACC | SUFFIX|PRON:2MP
w-s006-a061-w012	6:61	6:61	12	6:61:12	ٱلْمَوْتُ	مَوْت	م و ت	N					PREFIX|Al+ | STEM|POS:N|LEM:mawot|ROOT:mwt|M|NOM
w-s006-a061-w013	6:61	6:61	13	6:61:13	تَوَفَّتْهُ	تَوَفَّىٰ	و ف ي	V	PERF			V	STEM|POS:V|PERF|(V)|LEM:tawaf~aY`|ROOT:wfy|3FS | SUFFIX|PRON:3MS
w-s006-a061-w014	6:61	6:61	14	6:61:14	رُسُلُنَا	رَسُول	ر س ل	N					STEM|POS:N|LEM:rasuwl|ROOT:rsl|MP|NOM | SUFFIX|PRON:1P
w-s006-a061-w015	6:61	6:61	15	6:61:15	وَهُمْ			PRON					PREFIX|w:CIRC+ | STEM|POS:PRON|3MP
w-s006-a061-w016	6:61	6:61	16	6:61:16	لَا	لَا		NEG					STEM|POS:NEG|LEM:laA
w-s006-a061-w017	6:61	6:61	17	6:61:17	يُفَرِّطُونَ	فَرَّط	ف ر ط	V	IMPF			II	STEM|POS:V|IMPF|(II)|LEM:far~aT|ROOT:frT|3MP | SUFFIX|PRON:3MP
w-s006-a062-w001	6:62	6:62	1	6:62:1	ثُمَّ	ثُمّ		CONJ					STEM|POS:CONJ|LEM:vum~
w-s006-a062-w002	6:62	6:62	2	6:62:2	رُدُّوٓا۟	رَدَّ	ر د د	V	PERF		PASS		STEM|POS:V|PERF|PASS|LEM:rad~a|ROOT:rdd|3MP | SUFFIX|PRON:3MP
w-s006-a062-w003	6:62	6:62	3	6:62:3	إِلَى	إِلَىٰ		P					STEM|POS:P|LEM:<ilaY`
w-s006-a062-w004	6:62	6:62	4	6:62:4	ٱللَّهِ	ٱللَّه	ء ل ه	PN					STEM|POS:PN|LEM:{ll~ah|ROOT:Alh|GEN
w-s006-a062-w005	6:62	6:62	5	6:62:5	مَوْلَىٰهُمُ	مَوْلَىٰ	و ل ي	N					STEM|POS:N|LEM:mawolaY`|ROOT:wly|M|GEN | SUFFIX|PRON:3MP
w-s006-a062-w006	6:62	6:62	6	6:62:6	ٱلْحَقِّ	حَقّ	ح ق ق	N					PREFIX|Al+ | STEM|POS:N|LEM:Haq~|ROOT:Hqq|M|GEN
w-s006-a062-w007	6:62	6:62	7	6:62:7	أَلَا	أَلَآ		INC					STEM|POS:INC|LEM:>alaA^
w-s006-a062-w008	6:62	6:62	8	6:62:8	لَهُ			PRON					PREFIX|l:P+ | STEM|POS:PRON|3MS
w-s006-a062-w009	6:62	6:62	9	6:62:9	ٱلْحُكْمُ	حُكْم	ح ك م	N					PREFIX|Al+ | STEM|POS:N|LEM:Hukom|ROOT:Hkm|M|NOM
w-s006-a062-w010	6:62	6:62	10	6:62:10	وَهُوَ			PRON					PREFIX|w:REM+ | STEM|POS:PRON|3MS
w-s006-a062-w011	6:62	6:62	11	6:62:11	أَسْرَعُ	أَسْرَع	س ر ع	N					STEM|POS:N|LEM:>asoraE|ROOT:srE|MS|NOM
w-s006-a062-w012	6:62	6:62	12	6:62:12	ٱلْحَٰسِبِينَ	حَٰسِبِين	ح س ب	N			ACT		PREFIX|Al+ | STEM|POS:N|ACT|PCPL|LEM:Ha`sibiyn|ROOT:Hsb|MP|GEN
w-s006-a063-w001	6:63	6:63	1	6:63:1	قُلْ	قَالَ	ق و ل	V	IMPV				STEM|POS:V|IMPV|LEM:qaAla|ROOT:qwl|2MS
w-s006-a063-w002	6:63	6:63	2	6:63:2	مَن	مَن		INTG					STEM|POS:INTG|LEM:man
w-s006-a063-w003	6:63	6:63	3	6:63:3	يُنَجِّيكُم	نَجَّىٰ	ن ج و	V	IMPF			II	STEM|POS:V|IMPF|(II)|LEM:naj~aY`|ROOT:njw|3MS | SUFFIX|PRON:2MP
w-s006-a063-w004	6:63	6:63	4	6:63:4	مِّن	مِن		P					STEM|POS:P|LEM:min
w-s006-a063-w005	6:63	6:63	5	6:63:5	ظُلُمَٰتِ	ظُلُمَٰت	ظ ل م	N					STEM|POS:N|LEM:Zuluma`t|ROOT:Zlm|FP|GEN
w-s006-a063-w006	6:63	6:63	6	6:63:6	ٱلْبَرِّ	بَرّ	ب ر ر	N					PREFIX|Al+ | STEM|POS:N|LEM:bar~|ROOT:brr|M|GEN
w-s006-a063-w007	6:63	6:63	7	6:63:7	وَٱلْبَحْرِ	بَحْر	ب ح ر	N					PREFIX|w:CONJ+ | PREFIX|Al+ | STEM|POS:N|LEM:baHor|ROOT:bHr|M|GEN
w-s006-a063-w008	6:63	6:63	8	6:63:8	تَدْعُونَهُۥ	دَعَا	د ع و	V	IMPF				STEM|POS:V|IMPF|LEM:daEaA|ROOT:dEw|2MP | SUFFIX|PRON:2MP | SUFFIX|PRON:3MS
w-s006-a063-w009	6:63	6:63	9	6:63:9	تَضَرُّعًا	تَضَرُّع	ض ر ع	N				V	STEM|POS:N|VN|(V)|LEM:taDar~uE|ROOT:DrE|M|INDEF|ACC
w-s006-a063-w010	6:63	6:63	10	6:63:10	وَخُفْيَةً	خُفْيَة	خ ف ي	N					PREFIX|w:CONJ+ | STEM|POS:N|LEM:xufoyap|ROOT:xfy|F|INDEF|ACC
w-s006-a063-w011	6:63	6:63	11	6:63:11	لَّئِنْ	إِن		COND					PREFIX|l:EMPH+ | STEM|POS:COND|LEM:<in
w-s006-a063-w012	6:63	6:63	12	6:63:12	أَنجَىٰنَا	أَنجَىٰ	ن ج و	V	PERF			IV	STEM|POS:V|PERF|(IV)|LEM:>anjaY`|ROOT:njw|3MS | SUFFIX|PRON:1P
w-s006-a063-w013	6:63	6:63	13	6:63:13	مِنْ	مِن		P					STEM|POS:P|LEM:min
w-s006-a063-w014	6:63	6:63	14	6:63:14	هَٰذِهِۦ	هَٰذَا		DEM					STEM|POS:DEM|LEM:ha`*aA|FS
w-s006-a063-w015	6:63	6:63	15	6:63:15	لَنَكُونَنَّ	كَانَ	ك و ن	V	IMPF				PREFIX|l:EMPH+ | STEM|POS:V|IMPF|LEM:kaAna|ROOT:kwn|SP:kaAn|1P | SUFFIX|+n:EMPH
w-s006-a063-w016	6:63	6:63	16	6:63:16	مِنَ	مِن		P					STEM|POS:P|LEM:min
w-s006-a063-w017	6:63	6:63	17	6:63:17	ٱلشَّٰكِرِينَ	شَاكِر	ش ك ر	N			ACT		PREFIX|Al+ | STEM|POS:N|ACT|PCPL|LEM:$aAkir|ROOT:$kr|MP|GEN
w-s006-a064-w001	6:64	6:64	1	6:64:1	قُلِ	قَالَ	ق و ل	V	IMPV				STEM|POS:V|IMPV|LEM:qaAla|ROOT:qwl|2MS
w-s006-a064-w002	6:64	6:64	2	6:64:2	ٱللَّهُ	ٱللَّه	ء ل ه	PN					STEM|POS:PN|LEM:{ll~ah|ROOT:Alh|NOM
w-s006-a064-w003	6:64	6:64	3	6:64:3	يُنَجِّيكُم	نَجَّىٰ	ن ج و	V	IMPF			II	STEM|POS:V|IMPF|(II)|LEM:naj~aY`|ROOT:njw|3MS | SUFFIX|PRON:2MP
w-s006-a064-w004	6:64	6:64	4	6:64:4	مِّنْهَا	مِن		P					STEM|POS:P|LEM:min | SUFFIX|PRON:3FS
w-s006-a064-w005	6:64	6:64	5	6:64:5	وَمِن	مِن		P					PREFIX|w:CONJ+ | STEM|POS:P|LEM:min
w-s006-a064-w006	6:64	6:64	6	6:64:6	كُلِّ	كُلّ	ك ل ل	N					STEM|POS:N|LEM:kul~|ROOT:kll|M|GEN
w-s006-a064-w007	6:64	6:64	7	6:64:7	كَرْبٍ	كَرْب	ك ر ب	N					STEM|POS:N|LEM:karob|ROOT:krb|M|INDEF|GEN
w-s006-a064-w008	6:64	6:64	8	6:64:8	ثُمَّ	ثُمّ		CONJ					STEM|POS:CONJ|LEM:vum~
w-s006-a064-w009	6:64	6:64	9	6:64:9	أَنتُمْ			PRON					STEM|POS:PRON|2MP
w-s006-a064-w010	6:64	6:64	10	6:64:10	تُشْرِكُونَ	أَشْرَكَ	ش ر ك	V	IMPF			IV	STEM|POS:V|IMPF|(IV)|LEM:>a$oraka|ROOT:$rk|2MP | SUFFIX|PRON:2MP
w-s006-a065-w001	6:65	6:65	1	6:65:1	قُلْ	قَالَ	ق و ل	V	IMPV				STEM|POS:V|IMPV|LEM:qaAla|ROOT:qwl|2MS
w-s006-a065-w002	6:65	6:65	2	6:65:2	هُوَ			PRON					STEM|POS:PRON|3MS
w-s006-a065-w003	6:65	6:65	3	6:65:3	ٱلْقَادِرُ	قَادِر	ق د ر	N			ACT		PREFIX|Al+ | STEM|POS:N|ACT|PCPL|LEM:qaAdir|ROOT:qdr|M|NOM
w-s006-a065-w004	6:65	6:65	4	6:65:4	عَلَىٰٓ	عَلَىٰ		P					STEM|POS:P|LEM:EalaY`
w-s006-a065-w005	6:65	6:65	5	6:65:5	أَن	أَن		SUB					STEM|POS:SUB|LEM:>an
w-s006-a065-w006	6:65	6:65	6	6:65:6	يَبْعَثَ	بَعَثَ	ب ع ث	V	IMPF	SUBJ			STEM|POS:V|IMPF|LEM:baEava|ROOT:bEv|3MS|MOOD:SUBJ
w-s006-a065-w007	6:65	6:65	7	6:65:7	عَلَيْكُمْ	عَلَىٰ		P					STEM|POS:P|LEM:EalaY` | SUFFIX|PRON:2MP
w-s006-a065-w008	6:65	6:65	8	6:65:8	عَذَابًا	عَذَاب	ع ذ ب	N					STEM|POS:N|LEM:Ea*aAb|ROOT:E*b|M|INDEF|ACC
w-s006-a065-w009	6:65	6:65	9	6:65:9	مِّن	مِن		P					STEM|POS:P|LEM:min
w-s006-a065-w010	6:65	6:65	10	6:65:10	فَوْقِكُمْ	فَوْق	ف و ق	N					STEM|POS:N|LEM:fawoq|ROOT:fwq|M|GEN | SUFFIX|PRON:2MP
w-s006-a065-w011	6:65	6:65	11	6:65:11	أَوْ	أَو		CONJ					STEM|POS:CONJ|LEM:>aw
w-s006-a065-w012	6:65	6:65	12	6:65:12	مِن	مِن		P					STEM|POS:P|LEM:min
w-s006-a065-w013	6:65	6:65	13	6:65:13	تَحْتِ	تَحْت	ت ح ت	N					STEM|POS:N|LEM:taHot|ROOT:tHt|GEN
w-s006-a065-w014	6:65	6:65	14	6:65:14	أَرْجُلِكُمْ	رِجْل	ر ج ل	N					STEM|POS:N|LEM:rijol|ROOT:rjl|FP|GEN | SUFFIX|PRON:2MP
w-s006-a065-w015	6:65	6:65	15	6:65:15	أَوْ	أَو		CONJ					STEM|POS:CONJ|LEM:>aw
w-s006-a065-w016	6:65	6:65	16	6:65:16	يَلْبِسَكُمْ	لَبَسْ	ل ب س	V	IMPF	SUBJ			STEM|POS:V|IMPF|LEM:labaso|ROOT:lbs|3MS|MOOD:SUBJ | SUFFIX|PRON:2MP
w-s006-a065-w017	6:65	6:65	17	6:65:17	شِيَعًا	شِيعَة	ش ي ع	N					STEM|POS:N|LEM:$iyEap|ROOT:$yE|MP|INDEF|ACC
w-s006-a065-w018	6:65	6:65	18	6:65:18	وَيُذِيقَ	أَذَاقَ	ذ و ق	V	IMPF	SUBJ		IV	PREFIX|w:CONJ+ | STEM|POS:V|IMPF|(IV)|LEM:>a*aAqa|ROOT:*wq|3MS|MOOD:SUBJ
w-s006-a065-w019	6:65	6:65	19	6:65:19	بَعْضَكُم	بَعْض	ب ع ض	N					STEM|POS:N|LEM:baEoD|ROOT:bED|M|ACC | SUFFIX|PRON:2MP
w-s006-a065-w020	6:65	6:65	20	6:65:20	بَأْسَ	بَأْس	ب ء س	N					STEM|POS:N|LEM:ba>os|ROOT:bAs|M|ACC
w-s006-a065-w021	6:65	6:65	21	6:65:21	بَعْضٍ	بَعْض	ب ع ض	N					STEM|POS:N|LEM:baEoD|ROOT:bED|M|INDEF|GEN
w-s006-a065-w022	6:65	6:65	22	6:65:22	ٱنظُرْ	نَّظَرَ	ن ظ ر	V	IMPV				STEM|POS:V|IMPV|LEM:n~aZara|ROOT:nZr|2MS
w-s006-a065-w023	6:65	6:65	23	6:65:23	كَيْفَ	كَيْف	ك ي ف	INTG					STEM|POS:INTG|LEM:kayof|ROOT:kyf
w-s006-a065-w024	6:65	6:65	24	6:65:24	نُصَرِّفُ	صَرَّفْ	ص ر ف	V	IMPF			II	STEM|POS:V|IMPF|(II)|LEM:Sar~afo|ROOT:Srf|1P
w-s006-a065-w025	6:65	6:65	25	6:65:25	ٱلْءَايَٰتِ	ءَايَة	ء ي ي	N					PREFIX|Al+ | STEM|POS:N|LEM:'aAyap|ROOT:Ayy|FP|ACC
w-s006-a065-w026	6:65	6:65	26	6:65:26	لَعَلَّهُمْ	لَعَلّ		ACC					STEM|POS:ACC|LEM:laEal~|SP:<in~ | SUFFIX|PRON:3MP
w-s006-a065-w027	6:65	6:65	27	6:65:27	يَفْقَهُونَ	يَفْقَهُ	ف ق ه	V	IMPF				STEM|POS:V|IMPF|LEM:yafoqahu|ROOT:fqh|3MP | SUFFIX|PRON:3MP
w-s006-a066-w001	6:66	6:66	1	6:66:1	وَكَذَّبَ	كَذَّبَ	ك ذ ب	V	PERF			II	PREFIX|w:REM+ | STEM|POS:V|PERF|(II)|LEM:ka*~aba|ROOT:k*b|3MS
w-s006-a066-w002	6:66	6:66	2	6:66:2	بِهِۦ			PRON					PREFIX|bi+ | STEM|POS:PRON|3MS
w-s006-a066-w003	6:66	6:66	3	6:66:3	قَوْمُكَ	قَوْم	ق و م	N					STEM|POS:N|LEM:qawom|ROOT:qwm|M|NOM | SUFFIX|PRON:2MS
w-s006-a066-w004	6:66	6:66	4	6:66:4	وَهُوَ			PRON					PREFIX|w:CIRC+ | STEM|POS:PRON|3MS
w-s006-a066-w005	6:66	6:66	5	6:66:5	ٱلْحَقُّ	حَقّ	ح ق ق	N					PREFIX|Al+ | STEM|POS:N|LEM:Haq~|ROOT:Hqq|M|NOM
w-s006-a066-w006	6:66	6:66	6	6:66:6	قُل	قَالَ	ق و ل	V	IMPV				STEM|POS:V|IMPV|LEM:qaAla|ROOT:qwl|2MS
w-s006-a066-w007	6:66	6:66	7	6:66:7	لَّسْتُ	لَّيْسَ	ل ي س	V	PERF				STEM|POS:V|PERF|LEM:l~ayosa|ROOT:lys|SP:kaAn|1S | SUFFIX|PRON:1S
w-s006-a066-w008	6:66	6:66	8	6:66:8	عَلَيْكُم	عَلَىٰ		P					STEM|POS:P|LEM:EalaY` | SUFFIX|PRON:2MP
w-s006-a066-w009	6:66	6:66	9	6:66:9	بِوَكِيلٍ	وَكِيل	و ك ل	N					PREFIX|bi+ | STEM|POS:N|LEM:wakiyl|ROOT:wkl|M|INDEF|GEN
w-s006-a067-w001	6:67	6:67	1	6:67:1	لِّكُلِّ	كُلّ	ك ل ل	N					PREFIX|l:P+ | STEM|POS:N|LEM:kul~|ROOT:kll|M|GEN
w-s006-a067-w002	6:67	6:67	2	6:67:2	نَبَإٍ	نَبَأ	ن ب ء	N					STEM|POS:N|LEM:naba>|ROOT:nbA|M|INDEF|GEN
w-s006-a067-w003	6:67	6:67	3	6:67:3	مُّسْتَقَرٌّ	مُسْتَقَرّ	ق ر ر	N			PASS	X	STEM|POS:N|PASS|PCPL|(X)|LEM:musotaqar~|ROOT:qrr|M|INDEF|NOM
w-s006-a067-w004	6:67	6:67	4	6:67:4	وَسَوْفَ	سَوْف		FUT					PREFIX|w:REM+ | STEM|POS:FUT|LEM:sawof
w-s006-a067-w005	6:67	6:67	5	6:67:5	تَعْلَمُونَ	عَلِمَ	ع ل م	V	IMPF				STEM|POS:V|IMPF|LEM:Ealima|ROOT:Elm|2MP | SUFFIX|PRON:2MP
w-s006-a068-w001	6:68	6:68	1	6:68:1	وَإِذَا	إِذَا		T					PREFIX|w:REM+ | STEM|POS:T|LEM:<i*aA
w-s006-a068-w002	6:68	6:68	2	6:68:2	رَأَيْتَ	رَءَا	ر ء ي	V	PERF				STEM|POS:V|PERF|LEM:ra'aA|ROOT:rAy|2MS | SUFFIX|PRON:2MS
w-s006-a068-w003	6:68	6:68	3	6:68:3	ٱلَّذِينَ	ٱلَّذِى		REL					STEM|POS:REL|LEM:{l~a*iY|MP
w-s006-a068-w004	6:68	6:68	4	6:68:4	يَخُوضُونَ	خَاضُ	خ و ض	V	IMPF				STEM|POS:V|IMPF|LEM:xaADu|ROOT:xwD|3MP | SUFFIX|PRON:3MP
w-s006-a068-w005	6:68	6:68	5	6:68:5	فِىٓ	فِى		P					STEM|POS:P|LEM:fiY
w-s006-a068-w006	6:68	6:68	6	6:68:6	ءَايَٰتِنَا	ءَايَة	ء ي ي	N					STEM|POS:N|LEM:'aAyap|ROOT:Ayy|FP|GEN | SUFFIX|PRON:1P
w-s006-a068-w007	6:68	6:68	7	6:68:7	فَأَعْرِضْ	أَعْرَضَ	ع ر ض	V	IMPV			IV	PREFIX|f:RSLT+ | STEM|POS:V|IMPV|(IV)|LEM:>aEoraDa|ROOT:ErD|2MS
w-s006-a068-w008	6:68	6:68	8	6:68:8	عَنْهُمْ	عَن		P					STEM|POS:P|LEM:Ean | SUFFIX|PRON:3MP
w-s006-a068-w009	6:68	6:68	9	6:68:9	حَتَّىٰ	حَتَّىٰ		P					STEM|POS:P|LEM:Hat~aY`
w-s006-a068-w010	6:68	6:68	10	6:68:10	يَخُوضُوا۟	خَاضُ	خ و ض	V	IMPF	SUBJ			STEM|POS:V|IMPF|LEM:xaADu|ROOT:xwD|3MP|MOOD:SUBJ | SUFFIX|PRON:3MP
w-s006-a068-w011	6:68	6:68	11	6:68:11	فِى	فِى		P					STEM|POS:P|LEM:fiY
w-s006-a068-w012	6:68	6:68	12	6:68:12	حَدِيثٍ	حَدِيث	ح د ث	N					STEM|POS:N|LEM:Hadiyv|ROOT:Hdv|M|INDEF|GEN
w-s006-a068-w013	6:68	6:68	13	6:68:13	غَيْرِهِۦ	غَيْر	غ ي ر	N					STEM|POS:N|LEM:gayor|ROOT:gyr|M|GEN | SUFFIX|PRON:3MS
w-s006-a068-w014	6:68	6:68	14	6:68:14	وَإِمَّا	إِن;مَا		COND;SUP					PREFIX|w:CONJ+ | STEM|POS:COND|LEM:<in | STEM|POS:SUP|LEM:maA
w-s006-a068-w015	6:68	6:68	15	6:68:15	يُنسِيَنَّكَ	أَنسَىٰ	ن س ي	V	IMPF			IV	STEM|POS:V|IMPF|(IV)|LEM:>ansaY`|ROOT:nsy|3MS | SUFFIX|+n:EMPH | SUFFIX|PRON:2MS
w-s006-a068-w016	6:68	6:68	16	6:68:16	ٱلشَّيْطَٰنُ	شَيْطَٰن	ش ط ن	PN					PREFIX|Al+ | STEM|POS:PN|LEM:$ayoTa`n|ROOT:$Tn|M|NOM
w-s006-a068-w017	6:68	6:68	17	6:68:17	فَلَا	لَا		PRO					PREFIX|f:RSLT+ | STEM|POS:PRO|LEM:laA
w-s006-a068-w018	6:68	6:68	18	6:68:18	تَقْعُدْ	قَعَدَ	ق ع د	V	IMPF	JUS			STEM|POS:V|IMPF|LEM:qaEada|ROOT:qEd|2MS|MOOD:JUS
w-s006-a068-w019	6:68	6:68	19	6:68:19	بَعْدَ	بَعْد	ب ع د	T					STEM|POS:T|LEM:baEod|ROOT:bEd|ACC
w-s006-a068-w020	6:68	6:68	20	6:68:20	ٱلذِّكْرَىٰ	ذِكْرَىٰ	ذ ك ر	N					PREFIX|Al+ | STEM|POS:N|LEM:*ikoraY`|ROOT:*kr|F|GEN
w-s006-a068-w021	6:68	6:68	21	6:68:21	مَعَ	مَع		LOC					STEM|POS:LOC|LEM:maE|ACC
w-s006-a068-w022	6:68	6:68	22	6:68:22	ٱلْقَوْمِ	قَوْم	ق و م	N					PREFIX|Al+ | STEM|POS:N|LEM:qawom|ROOT:qwm|M|GEN
w-s006-a068-w023	6:68	6:68	23	6:68:23	ٱلظَّٰلِمِينَ	ظَالِم	ظ ل م	ADJ			ACT		PREFIX|Al+ | STEM|POS:ADJ|ACT|PCPL|LEM:ZaAlim|ROOT:Zlm|MP|GEN
w-s006-a069-w001	6:69	6:69	1	6:69:1	وَمَا	مَا		NEG					PREFIX|w:REM+ | STEM|POS:NEG|LEM:maA
w-s006-a069-w002	6:69	6:69	2	6:69:2	عَلَى	عَلَىٰ		P					STEM|POS:P|LEM:EalaY`
w-s006-a069-w003	6:69	6:69	3	6:69:3	ٱلَّذِينَ	ٱلَّذِى		REL					STEM|POS:REL|LEM:{l~a*iY|MP
w-s006-a069-w004	6:69	6:69	4	6:69:4	يَتَّقُونَ	ٱتَّقَىٰ	و ق ي	V	IMPF			VIII	STEM|POS:V|IMPF|(VIII)|LEM:{t~aqaY`|ROOT:wqy|3MP | SUFFIX|PRON:3MP
w-s006-a069-w005	6:69	6:69	5	6:69:5	مِنْ	مِن		P					STEM|POS:P|LEM:min
w-s006-a069-w006	6:69	6:69	6	6:69:6	حِسَابِهِم	حِسَاب	ح س ب	N				III	STEM|POS:N|VN|(III)|LEM:HisaAb|ROOT:Hsb|M|GEN | SUFFIX|PRON:3MP
w-s006-a069-w007	6:69	6:69	7	6:69:7	مِّن	مِن		P					STEM|POS:P|LEM:min
w-s006-a069-w008	6:69	6:69	8	6:69:8	شَىْءٍ	شَىْء	ش ي ء	N					STEM|POS:N|LEM:$aYo'|ROOT:$yA|M|INDEF|GEN
w-s006-a069-w009	6:69	6:69	9	6:69:9	وَلَٰكِن	لَٰكِن		AMD					PREFIX|w:REM+ | STEM|POS:AMD|LEM:la`kin
w-s006-a069-w010	6:69	6:69	10	6:69:10	ذِكْرَىٰ	ذِكْرَىٰ	ذ ك ر	N					STEM|POS:N|LEM:*ikoraY`|ROOT:*kr|F|ACC
w-s006-a069-w011	6:69	6:69	11	6:69:11	لَعَلَّهُمْ	لَعَلّ		ACC					STEM|POS:ACC|LEM:laEal~|SP:<in~ | SUFFIX|PRON:3MP
w-s006-a069-w012	6:69	6:69	12	6:69:12	يَتَّقُونَ	ٱتَّقَىٰ	و ق ي	V	IMPF			VIII	STEM|POS:V|IMPF|(VIII)|LEM:{t~aqaY`|ROOT:wqy|3MP | SUFFIX|PRON:3MP
w-s006-a070-w001	6:70	6:70	1	6:70:1	وَذَرِ	يَذَرَ	و ذ ر	V	IMPV				PREFIX|w:REM+ | STEM|POS:V|IMPV|LEM:ya*ara|ROOT:w*r|2MS
w-s006-a070-w002	6:70	6:70	2	6:70:2	ٱلَّذِينَ	ٱلَّذِى		REL					STEM|POS:REL|LEM:{l~a*iY|MP
w-s006-a070-w003	6:70	6:70	3	6:70:3	ٱتَّخَذُوا۟	ٱتَّخَذَ	ء خ ذ	V	PERF			VIII	STEM|POS:V|PERF|(VIII)|LEM:{t~axa*a|ROOT:Ax*|3MP | SUFFIX|PRON:3MP
w-s006-a070-w004	6:70	6:70	4	6:70:4	دِينَهُمْ	دِين	د ي ن	N					STEM|POS:N|LEM:diyn|ROOT:dyn|M|ACC | SUFFIX|PRON:3MP
w-s006-a070-w005	6:70	6:70	5	6:70:5	لَعِبًا	لَعِب	ل ع ب	N					STEM|POS:N|LEM:laEib|ROOT:lEb|M|INDEF|ACC
w-s006-a070-w006	6:70	6:70	6	6:70:6	وَلَهْوًا	لَهْو	ل ه و	N					PREFIX|w:CONJ+ | STEM|POS:N|LEM:lahow|ROOT:lhw|M|INDEF|ACC
w-s006-a070-w007	6:70	6:70	7	6:70:7	وَغَرَّتْهُمُ	غَرَّ	غ ر ر	V	PERF				PREFIX|w:CONJ+ | STEM|POS:V|PERF|LEM:gar~a|ROOT:grr|3FS | SUFFIX|PRON:3MP
w-s006-a070-w008	6:70	6:70	8	6:70:8	ٱلْحَيَوٰةُ	حَيَوٰة	ح ي ي	N					PREFIX|Al+ | STEM|POS:N|LEM:Hayaw`p|ROOT:Hyy|F|NOM
w-s006-a070-w009	6:70	6:70	9	6:70:9	ٱلدُّنْيَا	دُّنْيَا	د ن و	ADJ					PREFIX|Al+ | STEM|POS:ADJ|LEM:d~unoyaA|ROOT:dnw|FS|NOM
w-s006-a070-w010	6:70	6:70	10	6:70:10	وَذَكِّرْ	ذُكِّرَ	ذ ك ر	V	IMPV			II	PREFIX|w:CONJ+ | STEM|POS:V|IMPV|(II)|LEM:*uk~ira|ROOT:*kr|2MS
w-s006-a070-w011	6:70	6:70	11	6:70:11	بِهِۦٓ			PRON					PREFIX|bi+ | STEM|POS:PRON|3MS
w-s006-a070-w012	6:70	6:70	12	6:70:12	أَن	أَن		SUB					STEM|POS:SUB|LEM:>an
w-s006-a070-w013	6:70	6:70	13	6:70:13	تُبْسَلَ	أُبْسِلُ	ب س ل	V	IMPF	SUBJ	PASS	IV	STEM|POS:V|IMPF|PASS|(IV)|LEM:>ubosilu|ROOT:bsl|3FS|MOOD:SUBJ
w-s006-a070-w014	6:70	6:70	14	6:70:14	نَفْسٌۢ	نَفْس	ن ف س	N					STEM|POS:N|LEM:nafos|ROOT:nfs|FS|INDEF|NOM
w-s006-a070-w015	6:70	6:70	15	6:70:15	بِمَا	مَا		REL					PREFIX|bi+ | STEM|POS:REL|LEM:maA
w-s006-a070-w016	6:70	6:70	16	6:70:16	كَسَبَتْ	كَسَبَ	ك س ب	V	PERF				STEM|POS:V|PERF|LEM:kasaba|ROOT:ksb|3FS
w-s006-a070-w017	6:70	6:70	17	6:70:17	لَيْسَ	لَّيْسَ	ل ي س	V	PERF				STEM|POS:V|PERF|LEM:l~ayosa|ROOT:lys|SP:kaAn|3MS
w-s006-a070-w018	6:70	6:70	18	6:70:18	لَهَا			PRON					PREFIX|l:P+ | STEM|POS:PRON|3FS
w-s006-a070-w019	6:70	6:70	19	6:70:19	مِن	مِن		P					STEM|POS:P|LEM:min
w-s006-a070-w020	6:70	6:70	20	6:70:20	دُونِ	دُون	د و ن	N					STEM|POS:N|LEM:duwn|ROOT:dwn|GEN
w-s006-a070-w021	6:70	6:70	21	6:70:21	ٱللَّهِ	ٱللَّه	ء ل ه	PN					STEM|POS:PN|LEM:{ll~ah|ROOT:Alh|GEN
w-s006-a070-w022	6:70	6:70	22	6:70:22	وَلِىٌّ	وَلِىّ	و ل ي	N					STEM|POS:N|LEM:waliY~|ROOT:wly|M|INDEF|NOM
w-s006-a070-w023	6:70	6:70	23	6:70:23	وَلَا	لَا		NEG					PREFIX|w:CONJ+ | STEM|POS:NEG|LEM:laA
w-s006-a070-w024	6:70	6:70	24	6:70:24	شَفِيعٌ	شَفِيع	ش ف ع	N					STEM|POS:N|LEM:$afiyE|ROOT:$fE|MS|INDEF|NOM
w-s006-a070-w025	6:70	6:70	25	6:70:25	وَإِن	إِن		COND					PREFIX|w:REM+ | STEM|POS:COND|LEM:<in
w-s006-a070-w026	6:70	6:70	26	6:70:26	تَعْدِلْ	عَدَلَ	ع د ل	V	IMPF	JUS			STEM|POS:V|IMPF|LEM:Eadala|ROOT:Edl|3FS|MOOD:JUS
w-s006-a070-w027	6:70	6:70	27	6:70:27	كُلَّ	كُلّ	ك ل ل	N					STEM|POS:N|LEM:kul~|ROOT:kll|M|ACC
w-s006-a070-w028	6:70	6:70	28	6:70:28	عَدْلٍ	عَدْل	ع د ل	N					STEM|POS:N|LEM:Eadol|ROOT:Edl|M|INDEF|GEN
w-s006-a070-w029	6:70	6:70	29	6:70:29	لَّا	لَا		NEG					STEM|POS:NEG|LEM:laA
w-s006-a070-w030	6:70	6:70	30	6:70:30	يُؤْخَذْ	أَخَذَ	ء خ ذ	V	IMPF	JUS	PASS		STEM|POS:V|IMPF|PASS|LEM:>axa*a|ROOT:Ax*|3MS|MOOD:JUS
w-s006-a070-w031	6:70	6:70	31	6:70:31	مِنْهَآ	مِن		P					STEM|POS:P|LEM:min | SUFFIX|PRON:3FS
w-s006-a070-w032	6:70	6:70	32	6:70:32	أُو۟لَٰٓئِكَ	أُولَٰٓئِك		DEM					STEM|POS:DEM|LEM:>uwla`^}ik|P
w-s006-a070-w033	6:70	6:70	33	6:70:33	ٱلَّذِينَ	ٱلَّذِى		REL					STEM|POS:REL|LEM:{l~a*iY|MP
w-s006-a070-w034	6:70	6:70	34	6:70:34	أُبْسِلُوا۟	أُبْسِلُ	ب س ل	V	PERF		PASS	IV	STEM|POS:V|PERF|PASS|(IV)|LEM:>ubosilu|ROOT:bsl|3MP | SUFFIX|PRON:3MP
w-s006-a070-w035	6:70	6:70	35	6:70:35	بِمَا	مَا		REL					PREFIX|bi+ | STEM|POS:REL|LEM:maA
w-s006-a070-w036	6:70	6:70	36	6:70:36	كَسَبُوا۟	كَسَبَ	ك س ب	V	PERF				STEM|POS:V|PERF|LEM:kasaba|ROOT:ksb|3MP | SUFFIX|PRON:3MP
w-s006-a070-w037	6:70	6:70	37	6:70:37	لَهُمْ			PRON					PREFIX|l:P+ | STEM|POS:PRON|3MP
w-s006-a070-w038	6:70	6:70	38	6:70:38	شَرَابٌ	شَرَاب	ش ر ب	N					STEM|POS:N|LEM:$araAb|ROOT:$rb|M|INDEF|NOM
w-s006-a070-w039	6:70	6:70	39	6:70:39	مِّنْ	مِن		P					STEM|POS:P|LEM:min
w-s006-a070-w040	6:70	6:70	40	6:70:40	حَمِيمٍ	حَمِيم	ح م م	N					STEM|POS:N|LEM:Hamiym|ROOT:Hmm|MS|INDEF|GEN
w-s006-a070-w041	6:70	6:70	41	6:70:41	وَعَذَابٌ	عَذَاب	ع ذ ب	N					PREFIX|w:CONJ+ | STEM|POS:N|LEM:Ea*aAb|ROOT:E*b|M|INDEF|NOM
w-s006-a070-w042	6:70	6:70	42	6:70:42	أَلِيمٌۢ	أَلِيم	ء ل م	ADJ					STEM|POS:ADJ|LEM:>aliym|ROOT:Alm|MS|INDEF|NOM
w-s006-a070-w043	6:70	6:70	43	6:70:43	بِمَا	مَا		REL					PREFIX|bi+ | STEM|POS:REL|LEM:maA
w-s006-a070-w044	6:70	6:70	44	6:70:44	كَانُوا۟	كَانَ	ك و ن	V	PERF				STEM|POS:V|PERF|LEM:kaAna|ROOT:kwn|SP:kaAn|3MP | SUFFIX|PRON:3MP
w-s006-a070-w045	6:70	6:70	45	6:70:45	يَكْفُرُونَ	كَفَرَ	ك ف ر	V	IMPF				STEM|POS:V|IMPF|LEM:kafara|ROOT:kfr|3MP | SUFFIX|PRON:3MP
w-s006-a071-w001	6:71	6:71	1	6:71:1	قُلْ	قَالَ	ق و ل	V	IMPV				STEM|POS:V|IMPV|LEM:qaAla|ROOT:qwl|2MS
w-s006-a071-w002	6:71	6:71	2	6:71:2	أَنَدْعُوا۟	دَعَا	د ع و	V	IMPF				PREFIX|A:INTG+ | STEM|POS:V|IMPF|LEM:daEaA|ROOT:dEw|1P
w-s006-a071-w003	6:71	6:71	3	6:71:3	مِن	مِن		P					STEM|POS:P|LEM:min
w-s006-a071-w004	6:71	6:71	4	6:71:4	دُونِ	دُون	د و ن	N					STEM|POS:N|LEM:duwn|ROOT:dwn|GEN
w-s006-a071-w005	6:71	6:71	5	6:71:5	ٱللَّهِ	ٱللَّه	ء ل ه	PN					STEM|POS:PN|LEM:{ll~ah|ROOT:Alh|GEN
w-s006-a071-w006	6:71	6:71	6	6:71:6	مَا	مَا		REL					STEM|POS:REL|LEM:maA
w-s006-a071-w007	6:71	6:71	7	6:71:7	لَا	لَا		NEG					STEM|POS:NEG|LEM:laA
w-s006-a071-w008	6:71	6:71	8	6:71:8	يَنفَعُنَا	نَفَعَ	ن ف ع	V	IMPF				STEM|POS:V|IMPF|LEM:nafaEa|ROOT:nfE|3MS | SUFFIX|PRON:1P
w-s006-a071-w009	6:71	6:71	9	6:71:9	وَلَا	لَا		NEG					PREFIX|w:CONJ+ | STEM|POS:NEG|LEM:laA
w-s006-a071-w010	6:71	6:71	10	6:71:10	يَضُرُّنَا	يَضُرَّ	ض ر ر	V	IMPF				STEM|POS:V|IMPF|LEM:yaDur~a|ROOT:Drr|3MS | SUFFIX|PRON:1P
w-s006-a071-w011	6:71	6:71	11	6:71:11	وَنُرَدُّ	رَدَّ	ر د د	V	IMPF		PASS		PREFIX|w:CONJ+ | STEM|POS:V|IMPF|PASS|LEM:rad~a|ROOT:rdd|1P
w-s006-a071-w012	6:71	6:71	12	6:71:12	عَلَىٰٓ	عَلَىٰ		P					STEM|POS:P|LEM:EalaY`
w-s006-a071-w013	6:71	6:71	13	6:71:13	أَعْقَابِنَا	عَقِب	ع ق ب	N					STEM|POS:N|LEM:Eaqib|ROOT:Eqb|MP|GEN | SUFFIX|PRON:1P
w-s006-a071-w014	6:71	6:71	14	6:71:14	بَعْدَ	بَعْد	ب ع د	T					STEM|POS:T|LEM:baEod|ROOT:bEd|ACC
w-s006-a071-w015	6:71	6:71	15	6:71:15	إِذْ	إِذ		T					STEM|POS:T|LEM:<i*
w-s006-a071-w016	6:71	6:71	16	6:71:16	هَدَىٰنَا	هَدَى	ه د ي	V	PERF				STEM|POS:V|PERF|LEM:hadaY|ROOT:hdy|3MS | SUFFIX|PRON:1P
w-s006-a071-w017	6:71	6:71	17	6:71:17	ٱللَّهُ	ٱللَّه	ء ل ه	PN					STEM|POS:PN|LEM:{ll~ah|ROOT:Alh|NOM
w-s006-a071-w018	6:71	6:71	18	6:71:18	كَٱلَّذِى	ٱلَّذِى		REL					PREFIX|ka+ | STEM|POS:REL|LEM:{l~a*iY|MS
w-s006-a071-w019	6:71	6:71	19	6:71:19	ٱسْتَهْوَتْهُ	ٱسْتَهْوَتْ	ه و ي	V	PERF			X	STEM|POS:V|PERF|(X)|LEM:{sotahowato|ROOT:hwy|3FS | SUFFIX|PRON:3MS
w-s006-a071-w020	6:71	6:71	20	6:71:20	ٱلشَّيَٰطِينُ	شَيْطَٰن	ش ط ن	PN					PREFIX|Al+ | STEM|POS:PN|LEM:$ayoTa`n|ROOT:$Tn|MP|NOM
w-s006-a071-w021	6:71	6:71	21	6:71:21	فِى	فِى		P					STEM|POS:P|LEM:fiY
w-s006-a071-w022	6:71	6:71	22	6:71:22	ٱلْأَرْضِ	أَرْض	ء ر ض	N					PREFIX|Al+ | STEM|POS:N|LEM:>aroD|ROOT:ArD|F|GEN
w-s006-a071-w023	6:71	6:71	23	6:71:23	حَيْرَانَ	حَيْرَان	ح ي ر	N					STEM|POS:N|LEM:HayoraAn|ROOT:Hyr|M|ACC
w-s006-a071-w024	6:71	6:71	24	6:71:24	لَهُۥٓ			PRON					PREFIX|l:P+ | STEM|POS:PRON|3MS
w-s006-a071-w025	6:71	6:71	25	6:71:25	أَصْحَٰبٌ	أَصْحَٰب	ص ح ب	N					STEM|POS:N|LEM:>aSoHa`b|ROOT:SHb|MP|INDEF|NOM
w-s006-a071-w026	6:71	6:71	26	6:71:26	يَدْعُونَهُۥٓ	دَعَا	د ع و	V	IMPF				STEM|POS:V|IMPF|LEM:daEaA|ROOT:dEw|3MP | SUFFIX|PRON:3MP | SUFFIX|PRON:3MS
w-s006-a071-w027	6:71	6:71	27	6:71:27	إِلَى	إِلَىٰ		P					STEM|POS:P|LEM:<ilaY`
w-s006-a071-w028	6:71	6:71	28	6:71:28	ٱلْهُدَى	هُدًى	ه د ي	N					PREFIX|Al+ | STEM|POS:N|LEM:hudFY|ROOT:hdy|M|GEN
w-s006-a071-w029	6:71	6:71	29	6:71:29	ٱئْتِنَا	أَتَى	ء ت ي	V	IMPV				STEM|POS:V|IMPV|LEM:>ataY|ROOT:Aty|2MS | SUFFIX|PRON:1P
w-s006-a071-w030	6:71	6:71	30	6:71:30	قُلْ	قَالَ	ق و ل	V	IMPV				STEM|POS:V|IMPV|LEM:qaAla|ROOT:qwl|2MS
w-s006-a071-w031	6:71	6:71	31	6:71:31	إِنَّ	إِنّ		ACC					STEM|POS:ACC|LEM:<in~|SP:<in~
w-s006-a071-w032	6:71	6:71	32	6:71:32	هُدَى	هُدًى	ه د ي	N					STEM|POS:N|LEM:hudFY|ROOT:hdy|M|ACC
w-s006-a071-w033	6:71	6:71	33	6:71:33	ٱللَّهِ	ٱللَّه	ء ل ه	PN					STEM|POS:PN|LEM:{ll~ah|ROOT:Alh|GEN
w-s006-a071-w034	6:71	6:71	34	6:71:34	هُوَ			PRON					STEM|POS:PRON|3MS
w-s006-a071-w035	6:71	6:71	35	6:71:35	ٱلْهُدَىٰ	هُدًى	ه د ي	N					PREFIX|Al+ | STEM|POS:N|LEM:hudFY|ROOT:hdy|M|NOM
w-s006-a071-w036	6:71	6:71	36	6:71:36	وَأُمِرْنَا	أَمَرَ	ء م ر	V	PERF		PASS		PREFIX|w:CONJ+ | STEM|POS:V|PERF|PASS|LEM:>amara|ROOT:Amr|1P | SUFFIX|PRON:1P
w-s006-a071-w037	6:71	6:71	37	6:71:37	لِنُسْلِمَ	أَسْلَمَ	س ل م	V	IMPF	SUBJ		IV	PREFIX|l:PRP+ | STEM|POS:V|IMPF|(IV)|LEM:>asolama|ROOT:slm|1P|MOOD:SUBJ
w-s006-a071-w038	6:71	6:71	38	6:71:38	لِرَبِّ	رَبّ	ر ب ب	N					PREFIX|l:P+ | STEM|POS:N|LEM:rab~|ROOT:rbb|M|GEN
w-s006-a071-w039	6:71	6:71	39	6:71:39	ٱلْعَٰلَمِينَ	عَٰلَمِين	ع ل م	N					PREFIX|Al+ | STEM|POS:N|LEM:Ea`lamiyn|ROOT:Elm|MP|GEN
w-s006-a072-w001	6:72	6:72	1	6:72:1	وَأَنْ	أَن		SUB					PREFIX|w:CONJ+ | STEM|POS:SUB|LEM:>an
w-s006-a072-w002	6:72	6:72	2	6:72:2	أَقِيمُوا۟	أَقَامَ	ق و م	V	IMPV			IV	STEM|POS:V|IMPV|(IV)|LEM:>aqaAma|ROOT:qwm|2MP | SUFFIX|PRON:2MP
w-s006-a072-w003	6:72	6:72	3	6:72:3	ٱلصَّلَوٰةَ	صَلَوٰة	ص ل و	N					PREFIX|Al+ | STEM|POS:N|LEM:Salaw`p|ROOT:Slw|F|ACC
w-s006-a072-w004	6:72	6:72	4	6:72:4	وَٱتَّقُوهُ	ٱتَّقَىٰ	و ق ي	V	IMPV			VIII	PREFIX|w:CONJ+ | STEM|POS:V|IMPV|(VIII)|LEM:{t~aqaY`|ROOT:wqy|2MP | SUFFIX|PRON:2MP | SUFFIX|PRON:3MS
w-s006-a072-w005	6:72	6:72	5	6:72:5	وَهُوَ			PRON					PREFIX|w:REM+ | STEM|POS:PRON|3MS
w-s006-a072-w006	6:72	6:72	6	6:72:6	ٱلَّذِىٓ	ٱلَّذِى		REL					STEM|POS:REL|LEM:{l~a*iY|MS
w-s006-a072-w007	6:72	6:72	7	6:72:7	إِلَيْهِ	إِلَىٰ		P					STEM|POS:P|LEM:<ilaY` | SUFFIX|PRON:3MS
w-s006-a072-w008	6:72	6:72	8	6:72:8	تُحْشَرُونَ	حَشَرَ	ح ش ر	V	IMPF		PASS		STEM|POS:V|IMPF|PASS|LEM:Ha$ara|ROOT:H$r|2MP | SUFFIX|PRON:2MP
w-s006-a073-w001	6:73	6:73	1	6:73:1	وَهُوَ			PRON					PREFIX|w:CONJ+ | STEM|POS:PRON|3MS
w-s006-a073-w002	6:73	6:73	2	6:73:2	ٱلَّذِى	ٱلَّذِى		REL					STEM|POS:REL|LEM:{l~a*iY|MS
w-s006-a073-w003	6:73	6:73	3	6:73:3	خَلَقَ	خَلَقَ	خ ل ق	V	PERF				STEM|POS:V|PERF|LEM:xalaqa|ROOT:xlq|3MS
w-s006-a073-w004	6:73	6:73	4	6:73:4	ٱلسَّمَٰوَٰتِ	سَمَآء	س م و	N					PREFIX|Al+ | STEM|POS:N|LEM:samaA^'|ROOT:smw|FP|ACC
w-s006-a073-w005	6:73	6:73	5	6:73:5	وَٱلْأَرْضَ	أَرْض	ء ر ض	N					PREFIX|w:CONJ+ | PREFIX|Al+ | STEM|POS:N|LEM:>aroD|ROOT:ArD|F|ACC
w-s006-a073-w006	6:73	6:73	6	6:73:6	بِٱلْحَقِّ	حَقّ	ح ق ق	N					PREFIX|bi+ | PREFIX|Al+ | STEM|POS:N|LEM:Haq~|ROOT:Hqq|M|GEN
w-s006-a073-w007	6:73	6:73	7	6:73:7	وَيَوْمَ	يَوْم	ي و م	T					PREFIX|w:CONJ+ | STEM|POS:T|LEM:yawom|ROOT:ywm|M|ACC
w-s006-a073-w008	6:73	6:73	8	6:73:8	يَقُولُ	قَالَ	ق و ل	V	IMPF				STEM|POS:V|IMPF|LEM:qaAla|ROOT:qwl|3MS
w-s006-a073-w009	6:73	6:73	9	6:73:9	كُن	كَانَ	ك و ن	V	IMPV				STEM|POS:V|IMPV|LEM:kaAna|ROOT:kwn|2MS
w-s006-a073-w010	6:73	6:73	10	6:73:10	فَيَكُونُ	كَانَ	ك و ن	V	IMPF				PREFIX|f:REM+ | STEM|POS:V|IMPF|LEM:kaAna|ROOT:kwn|3MS
w-s006-a073-w011	6:73	6:73	11	6:73:11	قَوْلُهُ	قَوْل	ق و ل	N					STEM|POS:N|VN|LEM:qawol|ROOT:qwl|M|NOM | SUFFIX|PRON:3MS
w-s006-a073-w012	6:73	6:73	12	6:73:12	ٱلْحَقُّ	حَقّ	ح ق ق	N					PREFIX|Al+ | STEM|POS:N|LEM:Haq~|ROOT:Hqq|M|NOM
w-s006-a073-w013	6:73	6:73	13	6:73:13	وَلَهُ			PRON					PREFIX|w:REM+ | PREFIX|l:P+ | STEM|POS:PRON|3MS
w-s006-a073-w014	6:73	6:73	14	6:73:14	ٱلْمُلْكُ	مُلْك	م ل ك	N					PREFIX|Al+ | STEM|POS:N|LEM:mulok|ROOT:mlk|M|NOM
w-s006-a073-w015	6:73	6:73	15	6:73:15	يَوْمَ	يَوْم	ي و م	T					STEM|POS:T|LEM:yawom|ROOT:ywm|M|ACC
w-s006-a073-w016	6:73	6:73	16	6:73:16	يُنفَخُ	نَفَخَ	ن ف خ	V	IMPF		PASS		STEM|POS:V|IMPF|PASS|LEM:nafaxa|ROOT:nfx|3MS
w-s006-a073-w017	6:73	6:73	17	6:73:17	فِى	فِى		P					STEM|POS:P|LEM:fiY
w-s006-a073-w018	6:73	6:73	18	6:73:18	ٱلصُّورِ	صُّور	ص و ر	N					PREFIX|Al+ | STEM|POS:N|LEM:S~uwr|ROOT:Swr|M|GEN
w-s006-a073-w019	6:73	6:73	19	6:73:19	عَٰلِمُ	عَٰلِم	ع ل م	N			ACT		STEM|POS:N|ACT|PCPL|LEM:Ea`lim|ROOT:Elm|M|NOM
w-s006-a073-w020	6:73	6:73	20	6:73:20	ٱلْغَيْبِ	غَيْب	غ ي ب	N					PREFIX|Al+ | STEM|POS:N|LEM:gayob|ROOT:gyb|M|GEN
w-s006-a073-w021	6:73	6:73	21	6:73:21	وَٱلشَّهَٰدَةِ	شَهَٰدَة	ش ه د	N					PREFIX|w:CONJ+ | PREFIX|Al+ | STEM|POS:N|LEM:$aha`dap|ROOT:$hd|F|GEN
w-s006-a073-w022	6:73	6:73	22	6:73:22	وَهُوَ			PRON					PREFIX|w:REM+ | STEM|POS:PRON|3MS
w-s006-a073-w023	6:73	6:73	23	6:73:23	ٱلْحَكِيمُ	حَكِيم	ح ك م	N					PREFIX|Al+ | STEM|POS:N|LEM:Hakiym|ROOT:Hkm|MS|NOM
w-s006-a073-w024	6:73	6:73	24	6:73:24	ٱلْخَبِيرُ	خَبِير	خ ب ر	ADJ					PREFIX|Al+ | STEM|POS:ADJ|LEM:xabiyr|ROOT:xbr|MS|NOM
w-s006-a074-w001	6:74	6:74	1	6:74:1	وَإِذْ	إِذ		T					PREFIX|w:REM+ | STEM|POS:T|LEM:<i*
w-s006-a074-w002	6:74	6:74	2	6:74:2	قَالَ	قَالَ	ق و ل	V	PERF				STEM|POS:V|PERF|LEM:qaAla|ROOT:qwl|3MS
w-s006-a074-w003	6:74	6:74	3	6:74:3	إِبْرَٰهِيمُ	إِبْرَاهِيم		PN					STEM|POS:PN|LEM:<iboraAhiym|M|NOM
w-s006-a074-w004	6:74	6:74	4	6:74:4	لِأَبِيهِ	أَبٌ	ء ب و	N					PREFIX|l:P+ | STEM|POS:N|LEM:>abN|ROOT:Abw|MS|GEN | SUFFIX|PRON:3MS
w-s006-a074-w005	6:74	6:74	5	6:74:5	ءَازَرَ	آزَر		PN					STEM|POS:PN|LEM:A^zar|M|GEN
w-s006-a074-w006	6:74	6:74	6	6:74:6	أَتَتَّخِذُ	ٱتَّخَذَ	ء خ ذ	V	IMPF			VIII	PREFIX|A:INTG+ | STEM|POS:V|IMPF|(VIII)|LEM:{t~axa*a|ROOT:Ax*|2MS
w-s006-a074-w007	6:74	6:74	7	6:74:7	أَصْنَامًا	أَصْنَام	ص ن م	N					STEM|POS:N|LEM:>aSonaAm|ROOT:Snm|MP|INDEF|ACC
w-s006-a074-w008	6:74	6:74	8	6:74:8	ءَالِهَةً	إِلَٰه	ء ل ه	N					STEM|POS:N|LEM:<ila`h|ROOT:Alh|MP|INDEF|ACC
w-s006-a074-w009	6:74	6:74	9	6:74:9	إِنِّىٓ	إِنّ		ACC					STEM|POS:ACC|LEM:<in~|SP:<in~ | SUFFIX|PRON:1S
w-s006-a074-w010	6:74	6:74	10	6:74:10	أَرَىٰكَ	رَءَا	ر ء ي	V	IMPF				STEM|POS:V|IMPF|LEM:ra'aA|ROOT:rAy|1S | SUFFIX|PRON:2MS
w-s006-a074-w011	6:74	6:74	11	6:74:11	وَقَوْمَكَ	قَوْم	ق و م	N					PREFIX|w:CONJ+ | STEM|POS:N|LEM:qawom|ROOT:qwm|M|ACC | SUFFIX|PRON:2MS
w-s006-a074-w012	6:74	6:74	12	6:74:12	فِى	فِى		P					STEM|POS:P|LEM:fiY
w-s006-a074-w013	6:74	6:74	13	6:74:13	ضَلَٰلٍ	ضَلَٰل	ض ل ل	N					STEM|POS:N|LEM:Dala`l|ROOT:Dll|M|INDEF|GEN
w-s006-a074-w014	6:74	6:74	14	6:74:14	مُّبِينٍ	مُّبِين	ب ي ن	ADJ			ACT	IV	STEM|POS:ADJ|ACT|PCPL|(IV)|LEM:m~ubiyn|ROOT:byn|M|INDEF|GEN
w-s006-a075-w001	6:75	6:75	1	6:75:1	وَكَذَٰلِكَ	ذَٰلِك		DEM					PREFIX|w:REM+ | PREFIX|ka+ | STEM|POS:DEM|LEM:*a`lik|MS
w-s006-a075-w002	6:75	6:75	2	6:75:2	نُرِىٓ	أَرَيْ	ر ء ي	V	IMPF			IV	STEM|POS:V|IMPF|(IV)|LEM:>arayo|ROOT:rAy|1P
w-s006-a075-w003	6:75	6:75	3	6:75:3	إِبْرَٰهِيمَ	إِبْرَاهِيم		PN					STEM|POS:PN|LEM:<iboraAhiym|M|ACC
w-s006-a075-w004	6:75	6:75	4	6:75:4	مَلَكُوتَ	مَلَكُوت	م ل ك	N					STEM|POS:N|LEM:malakuwt|ROOT:mlk|M|ACC
w-s006-a075-w005	6:75	6:75	5	6:75:5	ٱلسَّمَٰوَٰتِ	سَمَآء	س م و	N					PREFIX|Al+ | STEM|POS:N|LEM:samaA^'|ROOT:smw|FP|GEN
w-s006-a075-w006	6:75	6:75	6	6:75:6	وَٱلْأَرْضِ	أَرْض	ء ر ض	N					PREFIX|w:CONJ+ | PREFIX|Al+ | STEM|POS:N|LEM:>aroD|ROOT:ArD|F|GEN
w-s006-a075-w007	6:75	6:75	7	6:75:7	وَلِيَكُونَ	كَانَ	ك و ن	V	IMPF	SUBJ			PREFIX|w:CONJ+ | PREFIX|l:PRP+ | STEM|POS:V|IMPF|LEM:kaAna|ROOT:kwn|SP:kaAn|3MS|MOOD:SUBJ
w-s006-a075-w008	6:75	6:75	8	6:75:8	مِنَ	مِن		P					STEM|POS:P|LEM:min
w-s006-a075-w009	6:75	6:75	9	6:75:9	ٱلْمُوقِنِينَ	مُّوقِنِين	ي ق ن	N			ACT	IV	PREFIX|Al+ | STEM|POS:N|ACT|PCPL|(IV)|LEM:m~uwqiniyn|ROOT:yqn|MP|GEN
w-s006-a076-w001	6:76	6:76	1	6:76:1	فَلَمَّا	لَمَّا		T					PREFIX|f:CONJ+ | STEM|POS:T|LEM:lam~aA
w-s006-a076-w002	6:76	6:76	2	6:76:2	جَنَّ	جَنَّ	ج ن ن	V	PERF				STEM|POS:V|PERF|LEM:jan~a|ROOT:jnn|3MS
w-s006-a076-w003	6:76	6:76	3	6:76:3	عَلَيْهِ	عَلَىٰ		P					STEM|POS:P|LEM:EalaY` | SUFFIX|PRON:3MS
w-s006-a076-w004	6:76	6:76	4	6:76:4	ٱلَّيْلُ	لَيْل	ل ي ل	N					PREFIX|Al+ | STEM|POS:N|LEM:layol|ROOT:lyl|M|NOM
w-s006-a076-w005	6:76	6:76	5	6:76:5	رَءَا	رَءَا	ر ء ي	V	PERF				STEM|POS:V|PERF|LEM:ra'aA|ROOT:rAy|3MS
w-s006-a076-w006	6:76	6:76	6	6:76:6	كَوْكَبًا	كَوْكَب	ك و ك ب	N					STEM|POS:N|LEM:kawokab|ROOT:kwkb|M|INDEF|ACC
w-s006-a076-w007	6:76	6:76	7	6:76:7	قَالَ	قَالَ	ق و ل	V	PERF				STEM|POS:V|PERF|LEM:qaAla|ROOT:qwl|3MS
w-s006-a076-w008	6:76	6:76	8	6:76:8	هَٰذَا	هَٰذَا		DEM					STEM|POS:DEM|LEM:ha`*aA|MS
w-s006-a076-w009	6:76	6:76	9	6:76:9	رَبِّى	رَبّ	ر ب ب	N					STEM|POS:N|LEM:rab~|ROOT:rbb|M|NOM | SUFFIX|PRON:1S
w-s006-a076-w010	6:76	6:76	10	6:76:10	فَلَمَّآ	لَمَّا		T					PREFIX|f:CONJ+ | STEM|POS:T|LEM:lam~aA
w-s006-a076-w011	6:76	6:76	11	6:76:11	أَفَلَ	أَفَلَ	ء ف ل	V	PERF				STEM|POS:V|PERF|LEM:>afala|ROOT:Afl|3MS
w-s006-a076-w012	6:76	6:76	12	6:76:12	قَالَ	قَالَ	ق و ل	V	PERF				STEM|POS:V|PERF|LEM:qaAla|ROOT:qwl|3MS
w-s006-a076-w013	6:76	6:76	13	6:76:13	لَآ	لَا		NEG					STEM|POS:NEG|LEM:laA
w-s006-a076-w014	6:76	6:76	14	6:76:14	أُحِبُّ	أَحْبَبْ	ح ب ب	V	IMPF			IV	STEM|POS:V|IMPF|(IV)|LEM:>aHobabo|ROOT:Hbb|1S
w-s006-a076-w015	6:76	6:76	15	6:76:15	ٱلْءَافِلِينَ	ءَافِلِين	ء ف ل	N			ACT		PREFIX|Al+ | STEM|POS:N|ACT|PCPL|LEM:'aAfiliyn|ROOT:Afl|MP|ACC
w-s006-a077-w001	6:77	6:77	1	6:77:1	فَلَمَّا	لَمَّا		T					PREFIX|f:CONJ+ | STEM|POS:T|LEM:lam~aA
w-s006-a077-w002	6:77	6:77	2	6:77:2	رَءَا	رَءَا	ر ء ي	V	PERF				STEM|POS:V|PERF|LEM:ra'aA|ROOT:rAy|3MS
w-s006-a077-w003	6:77	6:77	3	6:77:3	ٱلْقَمَرَ	قَمَر	ق م ر	N					PREFIX|Al+ | STEM|POS:N|LEM:qamar|ROOT:qmr|M|ACC
w-s006-a077-w004	6:77	6:77	4	6:77:4	بَازِغًا	بَازِغ	ب ز غ	N			ACT		STEM|POS:N|ACT|PCPL|LEM:baAzig|ROOT:bzg|M|INDEF|ACC
w-s006-a077-w005	6:77	6:77	5	6:77:5	قَالَ	قَالَ	ق و ل	V	PERF				STEM|POS:V|PERF|LEM:qaAla|ROOT:qwl|3MS
w-s006-a077-w006	6:77	6:77	6	6:77:6	هَٰذَا	هَٰذَا		DEM					STEM|POS:DEM|LEM:ha`*aA|MS
w-s006-a077-w007	6:77	6:77	7	6:77:7	رَبِّى	رَبّ	ر ب ب	N					STEM|POS:N|LEM:rab~|ROOT:rbb|M|NOM | SUFFIX|PRON:1S
w-s006-a077-w008	6:77	6:77	8	6:77:8	فَلَمَّآ	لَمَّا		T					PREFIX|f:CONJ+ | STEM|POS:T|LEM:lam~aA
w-s006-a077-w009	6:77	6:77	9	6:77:9	أَفَلَ	أَفَلَ	ء ف ل	V	PERF				STEM|POS:V|PERF|LEM:>afala|ROOT:Afl|3MS
w-s006-a077-w010	6:77	6:77	10	6:77:10	قَالَ	قَالَ	ق و ل	V	PERF				STEM|POS:V|PERF|LEM:qaAla|ROOT:qwl|3MS
w-s006-a077-w011	6:77	6:77	11	6:77:11	لَئِن	إِن		COND					PREFIX|l:EMPH+ | STEM|POS:COND|LEM:<in
w-s006-a077-w012	6:77	6:77	12	6:77:12	لَّمْ	لَم		NEG					STEM|POS:NEG|LEM:lam
w-s006-a077-w013	6:77	6:77	13	6:77:13	يَهْدِنِى	هَدَى	ه د ي	V	IMPF	JUS			STEM|POS:V|IMPF|LEM:hadaY|ROOT:hdy|3MS|MOOD:JUS | SUFFIX|PRON:1S
w-s006-a077-w014	6:77	6:77	14	6:77:14	رَبِّى	رَبّ	ر ب ب	N					STEM|POS:N|LEM:rab~|ROOT:rbb|M|NOM | SUFFIX|PRON:1S
w-s006-a077-w015	6:77	6:77	15	6:77:15	لَأَكُونَنَّ	كَانَ	ك و ن	V	IMPF				PREFIX|l:EMPH+ | STEM|POS:V|IMPF|LEM:kaAna|ROOT:kwn|SP:kaAn|1S | SUFFIX|+n:EMPH
w-s006-a077-w016	6:77	6:77	16	6:77:16	مِنَ	مِن		P					STEM|POS:P|LEM:min
w-s006-a077-w017	6:77	6:77	17	6:77:17	ٱلْقَوْمِ	قَوْم	ق و م	N					PREFIX|Al+ | STEM|POS:N|LEM:qawom|ROOT:qwm|M|GEN
w-s006-a077-w018	6:77	6:77	18	6:77:18	ٱلضَّآلِّينَ	ضَآلّ	ض ل ل	ADJ			ACT		PREFIX|Al+ | STEM|POS:ADJ|ACT|PCPL|LEM:DaA^l~|ROOT:Dll|MP|GEN
w-s006-a078-w001	6:78	6:78	1	6:78:1	فَلَمَّا	لَمَّا		T					PREFIX|f:CONJ+ | STEM|POS:T|LEM:lam~aA
w-s006-a078-w002	6:78	6:78	2	6:78:2	رَءَا	رَءَا	ر ء ي	V	PERF				STEM|POS:V|PERF|LEM:ra'aA|ROOT:rAy|3MS
w-s006-a078-w003	6:78	6:78	3	6:78:3	ٱلشَّمْسَ	شَمْس	ش م س	N					PREFIX|Al+ | STEM|POS:N|LEM:$amos|ROOT:$ms|F|ACC
w-s006-a078-w004	6:78	6:78	4	6:78:4	بَازِغَةً	بَازِغَة	ب ز غ	N			ACT		STEM|POS:N|ACT|PCPL|LEM:baAzigap|ROOT:bzg|F|INDEF|ACC
w-s006-a078-w005	6:78	6:78	5	6:78:5	قَالَ	قَالَ	ق و ل	V	PERF				STEM|POS:V|PERF|LEM:qaAla|ROOT:qwl|3MS
w-s006-a078-w006	6:78	6:78	6	6:78:6	هَٰذَا	هَٰذَا		DEM					STEM|POS:DEM|LEM:ha`*aA|MS
w-s006-a078-w007	6:78	6:78	7	6:78:7	رَبِّى	رَبّ	ر ب ب	N					STEM|POS:N|LEM:rab~|ROOT:rbb|M|NOM | SUFFIX|PRON:1S
w-s006-a078-w008	6:78	6:78	8	6:78:8	هَٰذَآ	هَٰذَا		DEM					STEM|POS:DEM|LEM:ha`*aA|MS
w-s006-a078-w009	6:78	6:78	9	6:78:9	أَكْبَرُ	أَكْبَر	ك ب ر	N					STEM|POS:N|LEM:>akobar|ROOT:kbr|MS|NOM
w-s006-a078-w010	6:78	6:78	10	6:78:10	فَلَمَّآ	لَمَّا		T					PREFIX|f:CONJ+ | STEM|POS:T|LEM:lam~aA
w-s006-a078-w011	6:78	6:78	11	6:78:11	أَفَلَتْ	أَفَلَ	ء ف ل	V	PERF				STEM|POS:V|PERF|LEM:>afala|ROOT:Afl|3FS
w-s006-a078-w012	6:78	6:78	12	6:78:12	قَالَ	قَالَ	ق و ل	V	PERF				STEM|POS:V|PERF|LEM:qaAla|ROOT:qwl|3MS
w-s006-a078-w013	6:78	6:78	13	6:78:13	يَٰقَوْمِ	قَوْم	ق و م	N					PREFIX|ya+ | STEM|POS:N|LEM:qawom|ROOT:qwm|M|ACC | SUFFIX|PRON:1S
w-s006-a078-w014	6:78	6:78	14	6:78:14	إِنِّى	إِنّ		ACC					STEM|POS:ACC|LEM:<in~|SP:<in~ | SUFFIX|PRON:1S
w-s006-a078-w015	6:78	6:78	15	6:78:15	بَرِىٓءٌ	بَرِىٓء	ب ر ء	N					STEM|POS:N|LEM:bariY^'|ROOT:brA|MS|INDEF|NOM
w-s006-a078-w016	6:78	6:78	16	6:78:16	مِّمَّا	مِن;مَا		P;REL					STEM|POS:P|LEM:min | STEM|POS:REL|LEM:maA
w-s006-a078-w017	6:78	6:78	17	6:78:17	تُشْرِكُونَ	أَشْرَكَ	ش ر ك	V	IMPF			IV	STEM|POS:V|IMPF|(IV)|LEM:>a$oraka|ROOT:$rk|2MP | SUFFIX|PRON:2MP
w-s006-a079-w001	6:79	6:79	1	6:79:1	إِنِّى	إِنّ		ACC					STEM|POS:ACC|LEM:<in~|SP:<in~ | SUFFIX|PRON:1S
w-s006-a079-w002	6:79	6:79	2	6:79:2	وَجَّهْتُ	وَجَّهْ	و ج ه	V	PERF			II	STEM|POS:V|PERF|(II)|LEM:waj~aho|ROOT:wjh|1S | SUFFIX|PRON:1S
w-s006-a079-w003	6:79	6:79	3	6:79:3	وَجْهِىَ	وَجْه	و ج ه	N					STEM|POS:N|LEM:wajoh|ROOT:wjh|M|ACC | SUFFIX|PRON:1S
w-s006-a079-w004	6:79	6:79	4	6:79:4	لِلَّذِى	ٱلَّذِى		REL					PREFIX|l:P+ | STEM|POS:REL|LEM:{l~a*iY|MS
w-s006-a079-w005	6:79	6:79	5	6:79:5	فَطَرَ	فَطَرَ	ف ط ر	V	PERF				STEM|POS:V|PERF|LEM:faTara|ROOT:fTr|3MS
w-s006-a079-w006	6:79	6:79	6	6:79:6	ٱلسَّمَٰوَٰتِ	سَمَآء	س م و	N					PREFIX|Al+ | STEM|POS:N|LEM:samaA^'|ROOT:smw|FP|ACC
w-s006-a079-w007	6:79	6:79	7	6:79:7	وَٱلْأَرْضَ	أَرْض	ء ر ض	N					PREFIX|w:CONJ+ | PREFIX|Al+ | STEM|POS:N|LEM:>aroD|ROOT:ArD|F|ACC
w-s006-a079-w008	6:79	6:79	8	6:79:8	حَنِيفًا	حَنِيف	ح ن ف	N					STEM|POS:N|LEM:Haniyf|ROOT:Hnf|M|INDEF|ACC
w-s006-a079-w009	6:79	6:79	9	6:79:9	وَمَآ	مَا		NEG					PREFIX|w:REM+ | STEM|POS:NEG|LEM:maA|SP:kaAn
w-s006-a079-w010	6:79	6:79	10	6:79:10	أَنَا۠			PRON					STEM|POS:PRON|1S
w-s006-a079-w011	6:79	6:79	11	6:79:11	مِنَ	مِن		P					STEM|POS:P|LEM:min
w-s006-a079-w012	6:79	6:79	12	6:79:12	ٱلْمُشْرِكِينَ	مُشْرِك	ش ر ك	N			ACT	IV	PREFIX|Al+ | STEM|POS:N|ACT|PCPL|(IV)|LEM:mu$orik|ROOT:$rk|MP|GEN
w-s006-a080-w001	6:80	6:80	1	6:80:1	وَحَآجَّهُۥ	حَآجَّ	ح ج ج	V	PERF			III	PREFIX|w:REM+ | STEM|POS:V|PERF|(III)|LEM:HaA^j~a|ROOT:Hjj|3MS | SUFFIX|PRON:3MS
w-s006-a080-w002	6:80	6:80	2	6:80:2	قَوْمُهُۥ	قَوْم	ق و م	N					STEM|POS:N|LEM:qawom|ROOT:qwm|M|NOM | SUFFIX|PRON:3MS
w-s006-a080-w003	6:80	6:80	3	6:80:3	قَالَ	قَالَ	ق و ل	V	PERF				STEM|POS:V|PERF|LEM:qaAla|ROOT:qwl|3MS
w-s006-a080-w004	6:80	6:80	4	6:80:4	أَتُحَٰٓجُّوٓنِّى	حَآجَّ	ح ج ج	V	IMPF		PASS	III	PREFIX|A:INTG+ | STEM|POS:V|IMPF|PASS|(III)|LEM:HaA^j~a|ROOT:Hjj|2MP | SUFFIX|PRON:2MP | SUFFIX|PRON:1S
w-s006-a080-w005	6:80	6:80	5	6:80:5	فِى	فِى		P					STEM|POS:P|LEM:fiY
w-s006-a080-w006	6:80	6:80	6	6:80:6	ٱللَّهِ	ٱللَّه	ء ل ه	PN					STEM|POS:PN|LEM:{ll~ah|ROOT:Alh|GEN
w-s006-a080-w007	6:80	6:80	7	6:80:7	وَقَدْ	قَد		CERT					PREFIX|w:CIRC+ | STEM|POS:CERT|LEM:qad
w-s006-a080-w008	6:80	6:80	8	6:80:8	هَدَىٰنِ	هَدَى	ه د ي	V	PERF				STEM|POS:V|PERF|LEM:hadaY|ROOT:hdy|3MS | SUFFIX|PRON:1S
w-s006-a080-w009	6:80	6:80	9	6:80:9	وَلَآ	لَا		NEG					PREFIX|w:CONJ+ | STEM|POS:NEG|LEM:laA
w-s006-a080-w010	6:80	6:80	10	6:80:10	أَخَافُ	خَافَ	خ و ف	V	IMPF				STEM|POS:V|IMPF|LEM:xaAfa|ROOT:xwf|1S
w-s006-a080-w011	6:80	6:80	11	6:80:11	مَا	مَا		REL					STEM|POS:REL|LEM:maA
w-s006-a080-w012	6:80	6:80	12	6:80:12	تُشْرِكُونَ	أَشْرَكَ	ش ر ك	V	IMPF			IV	STEM|POS:V|IMPF|(IV)|LEM:>a$oraka|ROOT:$rk|2MP | SUFFIX|PRON:2MP
w-s006-a080-w013	6:80	6:80	13	6:80:13	بِهِۦٓ			PRON					PREFIX|bi+ | STEM|POS:PRON|3MS
w-s006-a080-w014	6:80	6:80	14	6:80:14	إِلَّآ	إِلَّا		EXP					STEM|POS:EXP|LEM:<il~aA
w-s006-a080-w015	6:80	6:80	15	6:80:15	أَن	أَن		SUB					STEM|POS:SUB|LEM:>an
w-s006-a080-w016	6:80	6:80	16	6:80:16	يَشَآءَ	شَآءَ	ش ي ء	V	IMPF	SUBJ			STEM|POS:V|IMPF|LEM:$aA^'a|ROOT:$yA|3MS|MOOD:SUBJ
w-s006-a080-w017	6:80	6:80	17	6:80:17	رَبِّى	رَبّ	ر ب ب	N					STEM|POS:N|LEM:rab~|ROOT:rbb|M|NOM | SUFFIX|PRON:1S
w-s006-a080-w018	6:80	6:80	18	6:80:18	شَيْـًٔا	شَىْء	ش ي ء	N					STEM|POS:N|LEM:$aYo'|ROOT:$yA|M|INDEF|ACC
w-s006-a080-w019	6:80	6:80	19	6:80:19	وَسِعَ	وَسِعَ	و س ع	V	PERF				STEM|POS:V|PERF|LEM:wasiEa|ROOT:wsE|3MS
w-s006-a080-w020	6:80	6:80	20	6:80:20	رَبِّى	رَبّ	ر ب ب	N					STEM|POS:N|LEM:rab~|ROOT:rbb|M|NOM | SUFFIX|PRON:1S
w-s006-a080-w021	6:80	6:80	21	6:80:21	كُلَّ	كُلّ	ك ل ل	N					STEM|POS:N|LEM:kul~|ROOT:kll|M|ACC
w-s006-a080-w022	6:80	6:80	22	6:80:22	شَىْءٍ	شَىْء	ش ي ء	N					STEM|POS:N|LEM:$aYo'|ROOT:$yA|M|INDEF|GEN
w-s006-a080-w023	6:80	6:80	23	6:80:23	عِلْمًا	عِلْم	ع ل م	N					STEM|POS:N|LEM:Eilom|ROOT:Elm|M|INDEF|ACC
w-s006-a080-w024	6:80	6:80	24	6:80:24	أَفَلَا	لَا		NEG					PREFIX|A:INTG+ | PREFIX|f:SUP+ | STEM|POS:NEG|LEM:laA
w-s006-a080-w025	6:80	6:80	25	6:80:25	تَتَذَكَّرُونَ	تَذَكَّرَ	ذ ك ر	V	IMPF			V	STEM|POS:V|IMPF|(V)|LEM:ta*ak~ara|ROOT:*kr|2MP | SUFFIX|PRON:2MP
w-s006-a081-w001	6:81	6:81	1	6:81:1	وَكَيْفَ	كَيْف	ك ي ف	INTG					PREFIX|w:REM+ | STEM|POS:INTG|LEM:kayof|ROOT:kyf
w-s006-a081-w002	6:81	6:81	2	6:81:2	أَخَافُ	خَافَ	خ و ف	V	IMPF				STEM|POS:V|IMPF|LEM:xaAfa|ROOT:xwf|1S
w-s006-a081-w003	6:81	6:81	3	6:81:3	مَآ	مَا		REL					STEM|POS:REL|LEM:maA
w-s006-a081-w004	6:81	6:81	4	6:81:4	أَشْرَكْتُمْ	أَشْرَكَ	ش ر ك	V	PERF			IV	STEM|POS:V|PERF|(IV)|LEM:>a$oraka|ROOT:$rk|2MP | SUFFIX|PRON:2MP
w-s006-a081-w005	6:81	6:81	5	6:81:5	وَلَا	لَا		NEG					PREFIX|w:CONJ+ | STEM|POS:NEG|LEM:laA
w-s006-a081-w006	6:81	6:81	6	6:81:6	تَخَافُونَ	خَافَ	خ و ف	V	IMPF				STEM|POS:V|IMPF|LEM:xaAfa|ROOT:xwf|2MP | SUFFIX|PRON:2MP
w-s006-a081-w007	6:81	6:81	7	6:81:7	أَنَّكُمْ	أَنّ		ACC					STEM|POS:ACC|LEM:>an~|SP:<in~ | SUFFIX|PRON:2MP
w-s006-a081-w008	6:81	6:81	8	6:81:8	أَشْرَكْتُم	أَشْرَكَ	ش ر ك	V	PERF			IV	STEM|POS:V|PERF|(IV)|LEM:>a$oraka|ROOT:$rk|2MP | SUFFIX|PRON:2MP
w-s006-a081-w009	6:81	6:81	9	6:81:9	بِٱللَّهِ	ٱللَّه	ء ل ه	PN					PREFIX|bi+ | STEM|POS:PN|LEM:{ll~ah|ROOT:Alh|GEN
w-s006-a081-w010	6:81	6:81	10	6:81:10	مَا	مَا		REL					STEM|POS:REL|LEM:maA
w-s006-a081-w011	6:81	6:81	11	6:81:11	لَمْ	لَم		NEG					STEM|POS:NEG|LEM:lam
w-s006-a081-w012	6:81	6:81	12	6:81:12	يُنَزِّلْ	نَزَّلَ	ن ز ل	V	IMPF	JUS		II	STEM|POS:V|IMPF|(II)|LEM:naz~ala|ROOT:nzl|3MS|MOOD:JUS
w-s006-a081-w013	6:81	6:81	13	6:81:13	بِهِۦ			PRON					PREFIX|bi+ | STEM|POS:PRON|3MS
w-s006-a081-w014	6:81	6:81	14	6:81:14	عَلَيْكُمْ	عَلَىٰ		P					STEM|POS:P|LEM:EalaY` | SUFFIX|PRON:2MP
w-s006-a081-w015	6:81	6:81	15	6:81:15	سُلْطَٰنًا	سُلْطَٰن	س ل ط	N					STEM|POS:N|LEM:suloTa`n|ROOT:slT|M|INDEF|ACC
w-s006-a081-w016	6:81	6:81	16	6:81:16	فَأَىُّ	أَىّ		INTG					PREFIX|f:REM+ | STEM|POS:INTG|LEM:>aY~|NOM
w-s006-a081-w017	6:81	6:81	17	6:81:17	ٱلْفَرِيقَيْنِ	فَرِيق	ف ر ق	N					PREFIX|Al+ | STEM|POS:N|LEM:fariyq|ROOT:frq|MD|GEN
w-s006-a081-w018	6:81	6:81	18	6:81:18	أَحَقُّ	أَحَقّ	ح ق ق	N					STEM|POS:N|LEM:>aHaq~|ROOT:Hqq|MS|NOM
w-s006-a081-w019	6:81	6:81	19	6:81:19	بِٱلْأَمْنِ	أَمْن	ء م ن	N					PREFIX|bi+ | PREFIX|Al+ | STEM|POS:N|LEM:>amon|ROOT:Amn|M|GEN
w-s006-a081-w020	6:81	6:81	20	6:81:20	إِن	إِن		COND					STEM|POS:COND|LEM:<in
w-s006-a081-w021	6:81	6:81	21	6:81:21	كُنتُمْ	كَانَ	ك و ن	V	PERF				STEM|POS:V|PERF|LEM:kaAna|ROOT:kwn|SP:kaAn|2MP | SUFFIX|PRON:2MP
w-s006-a081-w022	6:81	6:81	22	6:81:22	تَعْلَمُونَ	عَلِمَ	ع ل م	V	IMPF				STEM|POS:V|IMPF|LEM:Ealima|ROOT:Elm|2MP | SUFFIX|PRON:2MP
w-s006-a082-w001	6:82	6:82	1	6:82:1	ٱلَّذِينَ	ٱلَّذِى		REL					STEM|POS:REL|LEM:{l~a*iY|MP
w-s006-a082-w002	6:82	6:82	2	6:82:2	ءَامَنُوا۟	ءَامَنَ	ء م ن	V	PERF			IV	STEM|POS:V|PERF|(IV)|LEM:'aAmana|ROOT:Amn|3MP | SUFFIX|PRON:3MP
w-s006-a082-w003	6:82	6:82	3	6:82:3	وَلَمْ	لَم		NEG					PREFIX|w:CONJ+ | STEM|POS:NEG|LEM:lam
w-s006-a082-w004	6:82	6:82	4	6:82:4	يَلْبِسُوٓا۟	لَبَسْ	ل ب س	V	IMPF	JUS			STEM|POS:V|IMPF|LEM:labaso|ROOT:lbs|3MP|MOOD:JUS | SUFFIX|PRON:3MP
w-s006-a082-w005	6:82	6:82	5	6:82:5	إِيمَٰنَهُم	إِيمَٰن	ء م ن	N				IV	STEM|POS:N|VN|(IV)|LEM:<iyma`n|ROOT:Amn|M|ACC | SUFFIX|PRON:3MP
w-s006-a082-w006	6:82	6:82	6	6:82:6	بِظُلْمٍ	ظُلْم	ظ ل م	N					PREFIX|bi+ | STEM|POS:N|LEM:Zulom|ROOT:Zlm|M|INDEF|GEN
w-s006-a082-w007	6:82	6:82	7	6:82:7	أُو۟لَٰٓئِكَ	أُولَٰٓئِك		DEM					STEM|POS:DEM|LEM:>uwla`^}ik|P
w-s006-a082-w008	6:82	6:82	8	6:82:8	لَهُمُ			PRON					PREFIX|l:P+ | STEM|POS:PRON|3MP
w-s006-a082-w009	6:82	6:82	9	6:82:9	ٱلْأَمْنُ	أَمْن	ء م ن	N					PREFIX|Al+ | STEM|POS:N|LEM:>amon|ROOT:Amn|M|NOM
w-s006-a082-w010	6:82	6:82	10	6:82:10	وَهُم			PRON					PREFIX|w:CONJ+ | STEM|POS:PRON|3MP
w-s006-a082-w011	6:82	6:82	11	6:82:11	مُّهْتَدُونَ	مُّهْتَدُون	ه د ي	N			ACT	VIII	STEM|POS:N|ACT|PCPL|(VIII)|LEM:m~uhotaduwn|ROOT:hdy|MP|NOM
w-s006-a083-w001	6:83	6:83	1	6:83:1	وَتِلْكَ	ذَٰلِك		DEM					PREFIX|w:REM+ | STEM|POS:DEM|LEM:*a`lik|FS
w-s006-a083-w002	6:83	6:83	2	6:83:2	حُجَّتُنَآ	حُجَّة	ح ج ج	N					STEM|POS:N|LEM:Huj~ap|ROOT:Hjj|F|NOM | SUFFIX|PRON:1P
w-s006-a083-w003	6:83	6:83	3	6:83:3	ءَاتَيْنَٰهَآ	آتَى	ء ت ي	V	PERF			IV	STEM|POS:V|PERF|(IV)|LEM:A^taY|ROOT:Aty|1P | SUFFIX|PRON:1P | SUFFIX|PRON:3FS
w-s006-a083-w004	6:83	6:83	4	6:83:4	إِبْرَٰهِيمَ	إِبْرَاهِيم		PN					STEM|POS:PN|LEM:<iboraAhiym|M|ACC
w-s006-a083-w005	6:83	6:83	5	6:83:5	عَلَىٰ	عَلَىٰ		P					STEM|POS:P|LEM:EalaY`
w-s006-a083-w006	6:83	6:83	6	6:83:6	قَوْمِهِۦ	قَوْم	ق و م	N					STEM|POS:N|LEM:qawom|ROOT:qwm|M|GEN | SUFFIX|PRON:3MS
w-s006-a083-w007	6:83	6:83	7	6:83:7	نَرْفَعُ	رَفَعَ	ر ف ع	V	IMPF				STEM|POS:V|IMPF|LEM:rafaEa|ROOT:rfE|1P
w-s006-a083-w008	6:83	6:83	8	6:83:8	دَرَجَٰتٍ	دَرَجَة	د ر ج	N					STEM|POS:N|LEM:darajap|ROOT:drj|FP|INDEF|ACC
w-s006-a083-w009	6:83	6:83	9	6:83:9	مَّن	مَن		REL					STEM|POS:REL|LEM:man
w-s006-a083-w010	6:83	6:83	10	6:83:10	نَّشَآءُ	شَآءَ	ش ي ء	V	IMPF				STEM|POS:V|IMPF|LEM:$aA^'a|ROOT:$yA|1P
w-s006-a083-w011	6:83	6:83	11	6:83:11	إِنَّ	إِنّ		ACC					STEM|POS:ACC|LEM:<in~|SP:<in~
w-s006-a083-w012	6:83	6:83	12	6:83:12	رَبَّكَ	رَبّ	ر ب ب	N					STEM|POS:N|LEM:rab~|ROOT:rbb|M|ACC | SUFFIX|PRON:2MS
w-s006-a083-w013	6:83	6:83	13	6:83:13	حَكِيمٌ	حَكِيم	ح ك م	N					STEM|POS:N|LEM:Hakiym|ROOT:Hkm|MS|INDEF|NOM
w-s006-a083-w014	6:83	6:83	14	6:83:14	عَلِيمٌ	عَلِيم	ع ل م	ADJ					STEM|POS:ADJ|LEM:Ealiym|ROOT:Elm|MS|INDEF|NOM
w-s006-a084-w001	6:84	6:84	1	6:84:1	وَوَهَبْنَا	وَهَبَ	و ه ب	V	PERF				PREFIX|w:CONJ+ | STEM|POS:V|PERF|LEM:wahaba|ROOT:whb|1P | SUFFIX|PRON:1P
w-s006-a084-w002	6:84	6:84	2	6:84:2	لَهُۥٓ			PRON					PREFIX|l:P+ | STEM|POS:PRON|3MS
w-s006-a084-w003	6:84	6:84	3	6:84:3	إِسْحَٰقَ	إِسْحَاق		PN					STEM|POS:PN|LEM:<isoHaAq|ACC
w-s006-a084-w004	6:84	6:84	4	6:84:4	وَيَعْقُوبَ	يَعْقُوب		PN					PREFIX|w:CONJ+ | STEM|POS:PN|LEM:yaEoquwb|ACC
w-s006-a084-w005	6:84	6:84	5	6:84:5	كُلًّا	كُلّ	ك ل ل	N					STEM|POS:N|LEM:kul~|ROOT:kll|M|INDEF|ACC
w-s006-a084-w006	6:84	6:84	6	6:84:6	هَدَيْنَا	هَدَى	ه د ي	V	PERF				STEM|POS:V|PERF|LEM:hadaY|ROOT:hdy|1P | SUFFIX|PRON:1P
w-s006-a084-w007	6:84	6:84	7	6:84:7	وَنُوحًا	نُوح		PN					PREFIX|w:CONJ+ | STEM|POS:PN|LEM:nuwH|M|ACC
w-s006-a084-w008	6:84	6:84	8	6:84:8	هَدَيْنَا	هَدَى	ه د ي	V	PERF				STEM|POS:V|PERF|LEM:hadaY|ROOT:hdy|1P | SUFFIX|PRON:1P
w-s006-a084-w009	6:84	6:84	9	6:84:9	مِن	مِن		P					STEM|POS:P|LEM:min
w-s006-a084-w010	6:84	6:84	10	6:84:10	قَبْلُ	قَبْل	ق ب ل	N					STEM|POS:N|LEM:qabol|ROOT:qbl|GEN
w-s006-a084-w011	6:84	6:84	11	6:84:11	وَمِن	مِن		P					PREFIX|w:CONJ+ | STEM|POS:P|LEM:min
w-s006-a084-w012	6:84	6:84	12	6:84:12	ذُرِّيَّتِهِۦ	ذُرِّيَّة	ذ ر ر	N					STEM|POS:N|LEM:*ur~iy~ap|ROOT:*rr|F|GEN | SUFFIX|PRON:3MS
w-s006-a084-w013	6:84	6:84	13	6:84:13	دَاوُۥدَ	دَاوُد		PN					STEM|POS:PN|LEM:daAwud|ACC
w-s006-a084-w014	6:84	6:84	14	6:84:14	وَسُلَيْمَٰنَ	سُلَيْمَٰن		PN					PREFIX|w:CONJ+ | STEM|POS:PN|LEM:sulayoma`n|ACC
w-s006-a084-w015	6:84	6:84	15	6:84:15	وَأَيُّوبَ	أَيُّوب		PN					PREFIX|w:CONJ+ | STEM|POS:PN|LEM:>ay~uwb|ACC
w-s006-a084-w016	6:84	6:84	16	6:84:16	وَيُوسُفَ	يُوسُف		PN					PREFIX|w:CONJ+ | STEM|POS:PN|LEM:yuwsuf|M|ACC
w-s006-a084-w017	6:84	6:84	17	6:84:17	وَمُوسَىٰ	مُوسَىٰ		PN					PREFIX|w:CONJ+ | STEM|POS:PN|LEM:muwsaY`|M|ACC
w-s006-a084-w018	6:84	6:84	18	6:84:18	وَهَٰرُونَ	هَٰرُون		PN					PREFIX|w:CONJ+ | STEM|POS:PN|LEM:ha`ruwn|M|ACC
w-s006-a084-w019	6:84	6:84	19	6:84:19	وَكَذَٰلِكَ	ذَٰلِك		DEM					PREFIX|w:CONJ+ | PREFIX|ka+ | STEM|POS:DEM|LEM:*a`lik|MS
w-s006-a084-w020	6:84	6:84	20	6:84:20	نَجْزِى	جَزَىٰ	ج ز ي	V	IMPF				STEM|POS:V|IMPF|LEM:jazaY`|ROOT:jzy|1P
w-s006-a084-w021	6:84	6:84	21	6:84:21	ٱلْمُحْسِنِينَ	مُحْسِن	ح س ن	N			ACT	IV	PREFIX|Al+ | STEM|POS:N|ACT|PCPL|(IV)|LEM:muHosin|ROOT:Hsn|MP|ACC
w-s006-a085-w001	6:85	6:85	1	6:85:1	وَزَكَرِيَّا	زَكَرِيَّا		PN					PREFIX|w:CONJ+ | STEM|POS:PN|LEM:zakariy~aA|ACC
w-s006-a085-w002	6:85	6:85	2	6:85:2	وَيَحْيَىٰ	يَحْيَىٰ		PN					PREFIX|w:CONJ+ | STEM|POS:PN|LEM:yaHoyaY`|ACC
w-s006-a085-w003	6:85	6:85	3	6:85:3	وَعِيسَىٰ	عِيسَى		PN					PREFIX|w:CONJ+ | STEM|POS:PN|LEM:EiysaY|ACC
w-s006-a085-w004	6:85	6:85	4	6:85:4	وَإِلْيَاسَ	إِلْيَاس		PN					PREFIX|w:CONJ+ | STEM|POS:PN|LEM:<iloyaAs|ACC
w-s006-a085-w005	6:85	6:85	5	6:85:5	كُلٌّ	كُلّ	ك ل ل	N					STEM|POS:N|LEM:kul~|ROOT:kll|M|INDEF|NOM
w-s006-a085-w006	6:85	6:85	6	6:85:6	مِّنَ	مِن		P					STEM|POS:P|LEM:min
w-s006-a085-w007	6:85	6:85	7	6:85:7	ٱلصَّٰلِحِينَ	صَٰلِح	ص ل ح	N			ACT		PREFIX|Al+ | STEM|POS:N|ACT|PCPL|LEM:Sa`liH|ROOT:SlH|MP|GEN
w-s006-a086-w001	6:86	6:86	1	6:86:1	وَإِسْمَٰعِيلَ	إِسْمَاعِيل		PN					PREFIX|w:CONJ+ | STEM|POS:PN|LEM:<isomaAEiyl|M|ACC
w-s006-a086-w002	6:86	6:86	2	6:86:2	وَٱلْيَسَعَ	ٱلْيَسَعَ		PN					PREFIX|w:CONJ+ | PREFIX|Al+ | STEM|POS:PN|LEM:{loyasaEa|ACC
w-s006-a086-w003	6:86	6:86	3	6:86:3	وَيُونُسَ	يُونُس		PN					PREFIX|w:CONJ+ | STEM|POS:PN|LEM:yuwnus|ACC
w-s006-a086-w004	6:86	6:86	4	6:86:4	وَلُوطًا	لُوط		PN					PREFIX|w:CONJ+ | STEM|POS:PN|LEM:luwT|ACC
w-s006-a086-w005	6:86	6:86	5	6:86:5	وَكُلًّا	كُلّ	ك ل ل	N					PREFIX|w:CONJ+ | STEM|POS:N|LEM:kul~|ROOT:kll|M|INDEF|ACC
w-s006-a086-w006	6:86	6:86	6	6:86:6	فَضَّلْنَا	فَضَّلَ	ف ض ل	V	PERF			II	STEM|POS:V|PERF|(II)|LEM:faD~ala|ROOT:fDl|1P | SUFFIX|PRON:1P
w-s006-a086-w007	6:86	6:86	7	6:86:7	عَلَى	عَلَىٰ		P					STEM|POS:P|LEM:EalaY`
w-s006-a086-w008	6:86	6:86	8	6:86:8	ٱلْعَٰلَمِينَ	عَٰلَمِين	ع ل م	N					PREFIX|Al+ | STEM|POS:N|LEM:Ea`lamiyn|ROOT:Elm|MP|GEN
w-s006-a087-w001	6:87	6:87	1	6:87:1	وَمِنْ	مِن		P					PREFIX|w:CONJ+ | STEM|POS:P|LEM:min
w-s006-a087-w002	6:87	6:87	2	6:87:2	ءَابَآئِهِمْ	آبَاء	ء ب و	N					STEM|POS:N|LEM:A^baA'|ROOT:Abw|MP|GEN | SUFFIX|PRON:3MP
w-s006-a087-w003	6:87	6:87	3	6:87:3	وَذُرِّيَّٰتِهِمْ	ذُرِّيَّٰت	ذ ر ر	N					PREFIX|w:CONJ+ | STEM|POS:N|LEM:*ur~iy~a`t|ROOT:*rr|FP|GEN | SUFFIX|PRON:3MP
w-s006-a087-w004	6:87	6:87	4	6:87:4	وَإِخْوَٰنِهِمْ	أَخ	ء خ و	N					PREFIX|w:CONJ+ | STEM|POS:N|LEM:>ax|ROOT:Axw|MP|GEN | SUFFIX|PRON:3MP
w-s006-a087-w005	6:87	6:87	5	6:87:5	وَٱجْتَبَيْنَٰهُمْ	ٱجْتَبَىٰ	ج ب ي	V	PERF			VIII	PREFIX|w:CONJ+ | STEM|POS:V|PERF|(VIII)|LEM:{jotabaY`|ROOT:jby|1P | SUFFIX|PRON:1P | SUFFIX|PRON:3MP
w-s006-a087-w006	6:87	6:87	6	6:87:6	وَهَدَيْنَٰهُمْ	هَدَى	ه د ي	V	PERF				PREFIX|w:CONJ+ | STEM|POS:V|PERF|LEM:hadaY|ROOT:hdy|1P | SUFFIX|PRON:1P | SUFFIX|PRON:3MP
w-s006-a087-w007	6:87	6:87	7	6:87:7	إِلَىٰ	إِلَىٰ		P					STEM|POS:P|LEM:<ilaY`
w-s006-a087-w008	6:87	6:87	8	6:87:8	صِرَٰطٍ	صِرَٰط	ص ر ط	N					STEM|POS:N|LEM:Sira`T|ROOT:SrT|M|INDEF|GEN
w-s006-a087-w009	6:87	6:87	9	6:87:9	مُّسْتَقِيمٍ	مُّسْتَقِيم	ق و م	ADJ			ACT	X	STEM|POS:ADJ|ACT|PCPL|(X)|LEM:m~usotaqiym|ROOT:qwm|M|INDEF|GEN
w-s006-a088-w001	6:88	6:88	1	6:88:1	ذَٰلِكَ	ذَٰلِك		DEM					STEM|POS:DEM|LEM:*a`lik|MS
w-s006-a088-w002	6:88	6:88	2	6:88:2	هُدَى	هُدًى	ه د ي	N					STEM|POS:N|LEM:hudFY|ROOT:hdy|M|NOM
w-s006-a088-w003	6:88	6:88	3	6:88:3	ٱللَّهِ	ٱللَّه	ء ل ه	PN					STEM|POS:PN|LEM:{ll~ah|ROOT:Alh|GEN
w-s006-a088-w004	6:88	6:88	4	6:88:4	يَهْدِى	هَدَى	ه د ي	V	IMPF				STEM|POS:V|IMPF|LEM:hadaY|ROOT:hdy|3MS
w-s006-a088-w005	6:88	6:88	5	6:88:5	بِهِۦ			PRON					PREFIX|bi+ | STEM|POS:PRON|3MS
w-s006-a088-w006	6:88	6:88	6	6:88:6	مَن	مَن		REL					STEM|POS:REL|LEM:man
w-s006-a088-w007	6:88	6:88	7	6:88:7	يَشَآءُ	شَآءَ	ش ي ء	V	IMPF				STEM|POS:V|IMPF|LEM:$aA^'a|ROOT:$yA|3MS
w-s006-a088-w008	6:88	6:88	8	6:88:8	مِنْ	مِن		P					STEM|POS:P|LEM:min
w-s006-a088-w009	6:88	6:88	9	6:88:9	عِبَادِهِۦ	عَبْد	ع ب د	N					STEM|POS:N|LEM:Eabod|ROOT:Ebd|MP|GEN | SUFFIX|PRON:3MS
w-s006-a088-w010	6:88	6:88	10	6:88:10	وَلَوْ	لَو		COND					PREFIX|w:REM+ | STEM|POS:COND|LEM:law
w-s006-a088-w011	6:88	6:88	11	6:88:11	أَشْرَكُوا۟	أَشْرَكَ	ش ر ك	V	PERF			IV	STEM|POS:V|PERF|(IV)|LEM:>a$oraka|ROOT:$rk|3MP | SUFFIX|PRON:3MP
w-s006-a088-w012	6:88	6:88	12	6:88:12	لَحَبِطَ	حَبِطَ	ح ب ط	V	PERF				PREFIX|l:EMPH+ | STEM|POS:V|PERF|LEM:HabiTa|ROOT:HbT|3MS
w-s006-a088-w013	6:88	6:88	13	6:88:13	عَنْهُم	عَن		P					STEM|POS:P|LEM:Ean | SUFFIX|PRON:3MP
w-s006-a088-w014	6:88	6:88	14	6:88:14	مَّا	مَا		REL					STEM|POS:REL|LEM:maA
w-s006-a088-w015	6:88	6:88	15	6:88:15	كَانُوا۟	كَانَ	ك و ن	V	PERF				STEM|POS:V|PERF|LEM:kaAna|ROOT:kwn|SP:kaAn|3MP | SUFFIX|PRON:3MP
w-s006-a088-w016	6:88	6:88	16	6:88:16	يَعْمَلُونَ	عَمِلَ	ع م ل	V	IMPF				STEM|POS:V|IMPF|LEM:Eamila|ROOT:Eml|3MP | SUFFIX|PRON:3MP
w-s006-a089-w001	6:89	6:89	1	6:89:1	أُو۟لَٰٓئِكَ	أُولَٰٓئِك		DEM					STEM|POS:DEM|LEM:>uwla`^}ik|P
w-s006-a089-w002	6:89	6:89	2	6:89:2	ٱلَّذِينَ	ٱلَّذِى		REL					STEM|POS:REL|LEM:{l~a*iY|MP
w-s006-a089-w003	6:89	6:89	3	6:89:3	ءَاتَيْنَٰهُمُ	آتَى	ء ت ي	V	PERF			IV	STEM|POS:V|PERF|(IV)|LEM:A^taY|ROOT:Aty|1P | SUFFIX|PRON:1P | SUFFIX|PRON:3MP
w-s006-a089-w004	6:89	6:89	4	6:89:4	ٱلْكِتَٰبَ	كِتَٰب	ك ت ب	N					PREFIX|Al+ | STEM|POS:N|LEM:kita`b|ROOT:ktb|M|ACC
w-s006-a089-w005	6:89	6:89	5	6:89:5	وَٱلْحُكْمَ	حُكْم	ح ك م	N					PREFIX|w:CONJ+ | PREFIX|Al+ | STEM|POS:N|LEM:Hukom|ROOT:Hkm|M|ACC
w-s006-a089-w006	6:89	6:89	6	6:89:6	وَٱلنُّبُوَّةَ	نُّبُوَّة	ن ب ء	N					PREFIX|w:CONJ+ | PREFIX|Al+ | STEM|POS:N|LEM:n~ubuw~ap|ROOT:nbA|F|ACC
w-s006-a089-w007	6:89	6:89	7	6:89:7	فَإِن	إِن		COND					PREFIX|f:REM+ | STEM|POS:COND|LEM:<in
w-s006-a089-w008	6:89	6:89	8	6:89:8	يَكْفُرْ	كَفَرَ	ك ف ر	V	IMPF	JUS			STEM|POS:V|IMPF|LEM:kafara|ROOT:kfr|3MS|MOOD:JUS
w-s006-a089-w009	6:89	6:89	9	6:89:9	بِهَا			PRON					PREFIX|bi+ | STEM|POS:PRON|3FS
w-s006-a089-w010	6:89	6:89	10	6:89:10	هَٰٓؤُلَآءِ	هَٰذَا		DEM					STEM|POS:DEM|LEM:ha`*aA|P
w-s006-a089-w011	6:89	6:89	11	6:89:11	فَقَدْ	قَد		CERT					PREFIX|f:RSLT+ | STEM|POS:CERT|LEM:qad
w-s006-a089-w012	6:89	6:89	12	6:89:12	وَكَّلْنَا	وُكِّلَ	و ك ل	V	PERF			II	STEM|POS:V|PERF|(II)|LEM:wuk~ila|ROOT:wkl|1P | SUFFIX|PRON:1P
w-s006-a089-w013	6:89	6:89	13	6:89:13	بِهَا			PRON					PREFIX|bi+ | STEM|POS:PRON|3FS
w-s006-a089-w014	6:89	6:89	14	6:89:14	قَوْمًا	قَوْم	ق و م	N					STEM|POS:N|LEM:qawom|ROOT:qwm|M|INDEF|ACC
w-s006-a089-w015	6:89	6:89	15	6:89:15	لَّيْسُوا۟	لَّيْسَ	ل ي س	V	PERF				STEM|POS:V|PERF|LEM:l~ayosa|ROOT:lys|SP:kaAn|3MP | SUFFIX|PRON:3MP
w-s006-a089-w016	6:89	6:89	16	6:89:16	بِهَا			PRON					PREFIX|bi+ | STEM|POS:PRON|3FS
w-s006-a089-w017	6:89	6:89	17	6:89:17	بِكَٰفِرِينَ	كَٰفِرُون	ك ف ر	N			ACT		PREFIX|bi+ | STEM|POS:N|ACT|PCPL|LEM:ka`firuwn|ROOT:kfr|MP|GEN
w-s006-a090-w001	6:90	6:90	1	6:90:1	أُو۟لَٰٓئِكَ	أُولَٰٓئِك		DEM					STEM|POS:DEM|LEM:>uwla`^}ik|P
w-s006-a090-w002	6:90	6:90	2	6:90:2	ٱلَّذِينَ	ٱلَّذِى		REL					STEM|POS:REL|LEM:{l~a*iY|MP
w-s006-a090-w003	6:90	6:90	3	6:90:3	هَدَى	هَدَى	ه د ي	V	PERF				STEM|POS:V|PERF|LEM:hadaY|ROOT:hdy|3MS
w-s006-a090-w004	6:90	6:90	4	6:90:4	ٱللَّهُ	ٱللَّه	ء ل ه	PN					STEM|POS:PN|LEM:{ll~ah|ROOT:Alh|NOM
w-s006-a090-w005	6:90	6:90	5	6:90:5	فَبِهُدَىٰهُمُ	هُدًى	ه د ي	N					PREFIX|f:REM+ | PREFIX|bi+ | STEM|POS:N|LEM:hudFY|ROOT:hdy|M|GEN | SUFFIX|PRON:3MP
w-s006-a090-w006	6:90	6:90	6	6:90:6	ٱقْتَدِهْ	ٱقْتَدِهْ	ق د و	V	IMPV			VIII	STEM|POS:V|IMPV|(VIII)|LEM:{qotadiho|ROOT:qdw|2MS
w-s006-a090-w007	6:90	6:90	7	6:90:7	قُل	قَالَ	ق و ل	V	IMPV				STEM|POS:V|IMPV|LEM:qaAla|ROOT:qwl|2MS
w-s006-a090-w008	6:90	6:90	8	6:90:8	لَّآ	لَا		NEG					STEM|POS:NEG|LEM:laA
w-s006-a090-w009	6:90	6:90	9	6:90:9	أَسْـَٔلُكُمْ	سَأَلَ	س ء ل	V	IMPF				STEM|POS:V|IMPF|LEM:sa>ala|ROOT:sAl|1S | SUFFIX|PRON:2MP
w-s006-a090-w010	6:90	6:90	10	6:90:10	عَلَيْهِ	عَلَىٰ		P					STEM|POS:P|LEM:EalaY` | SUFFIX|PRON:3MS
w-s006-a090-w011	6:90	6:90	11	6:90:11	أَجْرًا	أَجْر	ء ج ر	N					STEM|POS:N|LEM:>ajor|ROOT:Ajr|M|INDEF|ACC
w-s006-a090-w012	6:90	6:90	12	6:90:12	إِنْ	إِن		NEG					STEM|POS:NEG|LEM:<in
w-s006-a090-w013	6:90	6:90	13	6:90:13	هُوَ			PRON					STEM|POS:PRON|3MS
w-s006-a090-w014	6:90	6:90	14	6:90:14	إِلَّا	إِلَّا		RES					STEM|POS:RES|LEM:<il~aA
w-s006-a090-w015	6:90	6:90	15	6:90:15	ذِكْرَىٰ	ذِكْرَىٰ	ذ ك ر	N					STEM|POS:N|LEM:*ikoraY`|ROOT:*kr|F|NOM
w-s006-a090-w016	6:90	6:90	16	6:90:16	لِلْعَٰلَمِينَ	عَٰلَمِين	ع ل م	N					PREFIX|l:P+ | PREFIX|Al+ | STEM|POS:N|LEM:Ea`lamiyn|ROOT:Elm|MP|GEN
w-s006-a091-w001	6:91	6:91	1	6:91:1	وَمَا	مَا		NEG					PREFIX|w:REM+ | STEM|POS:NEG|LEM:maA
w-s006-a091-w002	6:91	6:91	2	6:91:2	قَدَرُوا۟	قَدَرَ	ق د ر	V	PERF				STEM|POS:V|PERF|LEM:qadara|ROOT:qdr|3MP | SUFFIX|PRON:3MP
w-s006-a091-w003	6:91	6:91	3	6:91:3	ٱللَّهَ	ٱللَّه	ء ل ه	PN					STEM|POS:PN|LEM:{ll~ah|ROOT:Alh|ACC
w-s006-a091-w004	6:91	6:91	4	6:91:4	حَقَّ	حَقّ	ح ق ق	N					STEM|POS:N|LEM:Haq~|ROOT:Hqq|M|ACC
w-s006-a091-w005	6:91	6:91	5	6:91:5	قَدْرِهِۦٓ	قَدْر	ق د ر	N					STEM|POS:N|LEM:qador|ROOT:qdr|M|GEN | SUFFIX|PRON:3MS
w-s006-a091-w006	6:91	6:91	6	6:91:6	إِذْ	إِذ		T					STEM|POS:T|LEM:<i*
w-s006-a091-w007	6:91	6:91	7	6:91:7	قَالُوا۟	قَالَ	ق و ل	V	PERF				STEM|POS:V|PERF|LEM:qaAla|ROOT:qwl|3MP | SUFFIX|PRON:3MP
w-s006-a091-w008	6:91	6:91	8	6:91:8	مَآ	مَا		NEG					STEM|POS:NEG|LEM:maA
w-s006-a091-w009	6:91	6:91	9	6:91:9	أَنزَلَ	أَنزَلَ	ن ز ل	V	PERF			IV	STEM|POS:V|PERF|(IV)|LEM:>anzala|ROOT:nzl|3MS
w-s006-a091-w010	6:91	6:91	10	6:91:10	ٱللَّهُ	ٱللَّه	ء ل ه	PN					STEM|POS:PN|LEM:{ll~ah|ROOT:Alh|NOM
w-s006-a091-w011	6:91	6:91	11	6:91:11	عَلَىٰ	عَلَىٰ		P					STEM|POS:P|LEM:EalaY`
w-s006-a091-w012	6:91	6:91	12	6:91:12	بَشَرٍ	بَشَر	ب ش ر	N					STEM|POS:N|LEM:ba$ar|ROOT:b$r|M|INDEF|GEN
w-s006-a091-w013	6:91	6:91	13	6:91:13	مِّن	مِن		P					STEM|POS:P|LEM:min
w-s006-a091-w014	6:91	6:91	14	6:91:14	شَىْءٍ	شَىْء	ش ي ء	N					STEM|POS:N|LEM:$aYo'|ROOT:$yA|M|INDEF|GEN
w-s006-a091-w015	6:91	6:91	15	6:91:15	قُلْ	قَالَ	ق و ل	V	IMPV				STEM|POS:V|IMPV|LEM:qaAla|ROOT:qwl|2MS
w-s006-a091-w016	6:91	6:91	16	6:91:16	مَنْ	مَن		INTG					STEM|POS:INTG|LEM:man
w-s006-a091-w017	6:91	6:91	17	6:91:17	أَنزَلَ	أَنزَلَ	ن ز ل	V	PERF			IV	STEM|POS:V|PERF|(IV)|LEM:>anzala|ROOT:nzl|3MS
w-s006-a091-w018	6:91	6:91	18	6:91:18	ٱلْكِتَٰبَ	كِتَٰب	ك ت ب	N					PREFIX|Al+ | STEM|POS:N|LEM:kita`b|ROOT:ktb|M|ACC
w-s006-a091-w019	6:91	6:91	19	6:91:19	ٱلَّذِى	ٱلَّذِى		REL					STEM|POS:REL|LEM:{l~a*iY|MS
w-s006-a091-w020	6:91	6:91	20	6:91:20	جَآءَ	جَآءَ	ج ي ء	V	PERF				STEM|POS:V|PERF|LEM:jaA^'a|ROOT:jyA|3MS
w-s006-a091-w021	6:91	6:91	21	6:91:21	بِهِۦ			PRON					PREFIX|bi+ | STEM|POS:PRON|3MS
w-s006-a091-w022	6:91	6:91	22	6:91:22	مُوسَىٰ	مُوسَىٰ		PN					STEM|POS:PN|LEM:muwsaY`|M|NOM
w-s006-a091-w023	6:91	6:91	23	6:91:23	نُورًا	نُور	ن و ر	N					STEM|POS:N|LEM:nuwr|ROOT:nwr|M|INDEF|ACC
w-s006-a091-w024	6:91	6:91	24	6:91:24	وَهُدًى	هُدًى	ه د ي	N					PREFIX|w:CONJ+ | STEM|POS:N|LEM:hudFY|ROOT:hdy|M|INDEF|ACC
w-s006-a091-w025	6:91	6:91	25	6:91:25	لِّلنَّاسِ	نَّاس	ن و س	N					PREFIX|l:P+ | PREFIX|Al+ | STEM|POS:N|LEM:n~aAs|ROOT:nws|MP|GEN
w-s006-a091-w026	6:91	6:91	26	6:91:26	تَجْعَلُونَهُۥ	جَعَلَ	ج ع ل	V	IMPF				STEM|POS:V|IMPF|LEM:jaEala|ROOT:jEl|2MP | SUFFIX|PRON:2MP | SUFFIX|PRON:3MS
w-s006-a091-w027	6:91	6:91	27	6:91:27	قَرَاطِيسَ	قِرْطَاس	ق ر ط س	N					STEM|POS:N|LEM:qiroTaAs|ROOT:qrTs|MP|ACC
w-s006-a091-w028	6:91	6:91	28	6:91:28	تُبْدُونَهَا	يُبْدِىَ	ب د و	V	IMPF			IV	STEM|POS:V|IMPF|(IV)|LEM:yubodiYa|ROOT:bdw|2MP | SUFFIX|PRON:2MP | SUFFIX|PRON:3FS
w-s006-a091-w029	6:91	6:91	29	6:91:29	وَتُخْفُونَ	أُخْفِىَ	خ ف ي	V	IMPF			IV	PREFIX|w:CONJ+ | STEM|POS:V|IMPF|(IV)|LEM:>uxofiYa|ROOT:xfy|2MP | SUFFIX|PRON:2MP
w-s006-a091-w030	6:91	6:91	30	6:91:30	كَثِيرًا	كَثِير	ك ث ر	N					STEM|POS:N|LEM:kaviyr|ROOT:kvr|MS|INDEF|ACC
w-s006-a091-w031	6:91	6:91	31	6:91:31	وَعُلِّمْتُم	عَلَّمَ	ع ل م	V	PERF		PASS	II	PREFIX|w:REM+ | STEM|POS:V|PERF|PASS|(II)|LEM:Eal~ama|ROOT:Elm|2MP | SUFFIX|PRON:2MP
w-s006-a091-w032	6:91	6:91	32	6:91:32	مَّا	مَا		REL					STEM|POS:REL|LEM:maA
w-s006-a091-w033	6:91	6:91	33	6:91:33	لَمْ	لَم		NEG					STEM|POS:NEG|LEM:lam
w-s006-a091-w034	6:91	6:91	34	6:91:34	تَعْلَمُوٓا۟	عَلِمَ	ع ل م	V	IMPF	JUS			STEM|POS:V|IMPF|LEM:Ealima|ROOT:Elm|2MP|MOOD:JUS | SUFFIX|PRON:2MP
w-s006-a091-w035	6:91	6:91	35	6:91:35	أَنتُمْ			PRON					STEM|POS:PRON|2MP
w-s006-a091-w036	6:91	6:91	36	6:91:36	وَلَآ	لَا		NEG					PREFIX|w:CONJ+ | STEM|POS:NEG|LEM:laA
w-s006-a091-w037	6:91	6:91	37	6:91:37	ءَابَآؤُكُمْ	آبَاء	ء ب و	N					STEM|POS:N|LEM:A^baA'|ROOT:Abw|MP|NOM | SUFFIX|PRON:2MP
w-s006-a091-w038	6:91	6:91	38	6:91:38	قُلِ	قَالَ	ق و ل	V	IMPV				STEM|POS:V|IMPV|LEM:qaAla|ROOT:qwl|2MS
w-s006-a091-w039	6:91	6:91	39	6:91:39	ٱللَّهُ	ٱللَّه	ء ل ه	PN					STEM|POS:PN|LEM:{ll~ah|ROOT:Alh|NOM
w-s006-a091-w040	6:91	6:91	40	6:91:40	ثُمَّ	ثُمّ		CONJ					STEM|POS:CONJ|LEM:vum~
w-s006-a091-w041	6:91	6:91	41	6:91:41	ذَرْهُمْ	يَذَرَ	و ذ ر	V	IMPV				STEM|POS:V|IMPV|LEM:ya*ara|ROOT:w*r|2MS | SUFFIX|PRON:3MP
w-s006-a091-w042	6:91	6:91	42	6:91:42	فِى	فِى		P					STEM|POS:P|LEM:fiY
w-s006-a091-w043	6:91	6:91	43	6:91:43	خَوْضِهِمْ	خَوْض	خ و ض	N					STEM|POS:N|VN|LEM:xawoD|ROOT:xwD|M|GEN | SUFFIX|PRON:3MP
w-s006-a091-w044	6:91	6:91	44	6:91:44	يَلْعَبُونَ	يَلْعَبْ	ل ع ب	V	IMPF				STEM|POS:V|IMPF|LEM:yaloEabo|ROOT:lEb|3MP | SUFFIX|PRON:3MP
w-s006-a092-w001	6:92	6:92	1	6:92:1	وَهَٰذَا	هَٰذَا		DEM					PREFIX|w:REM+ | STEM|POS:DEM|LEM:ha`*aA|MS
w-s006-a092-w002	6:92	6:92	2	6:92:2	كِتَٰبٌ	كِتَٰب	ك ت ب	N					STEM|POS:N|LEM:kita`b|ROOT:ktb|M|INDEF|NOM
w-s006-a092-w003	6:92	6:92	3	6:92:3	أَنزَلْنَٰهُ	أَنزَلَ	ن ز ل	V	PERF			IV	STEM|POS:V|PERF|(IV)|LEM:>anzala|ROOT:nzl|1P | SUFFIX|PRON:1P | SUFFIX|PRON:3MS
w-s006-a092-w004	6:92	6:92	4	6:92:4	مُبَارَكٌ	مُبَارَك	ب ر ك	ADJ			PASS	III	STEM|POS:ADJ|PASS|PCPL|(III)|LEM:mubaArak|ROOT:brk|M|INDEF|NOM
w-s006-a092-w005	6:92	6:92	5	6:92:5	مُّصَدِّقُ	مُصَدِّق	ص د ق	ADJ			ACT	II	STEM|POS:ADJ|ACT|PCPL|(II)|LEM:muSad~iq|ROOT:Sdq|M|NOM
w-s006-a092-w006	6:92	6:92	6	6:92:6	ٱلَّذِى	ٱلَّذِى		REL					STEM|POS:REL|LEM:{l~a*iY|MS
w-s006-a092-w007	6:92	6:92	7	6:92:7	بَيْنَ	بَيْن	ب ي ن	LOC					STEM|POS:LOC|LEM:bayon|ROOT:byn|ACC
w-s006-a092-w008	6:92	6:92	8	6:92:8	يَدَيْهِ	يَد	ي د ي	N					STEM|POS:N|LEM:yad|ROOT:ydy|FD|GEN | SUFFIX|PRON:3MS
w-s006-a092-w009	6:92	6:92	9	6:92:9	وَلِتُنذِرَ	أَنذَرَ	ن ذ ر	V	IMPF	SUBJ		IV	PREFIX|w:CONJ+ | PREFIX|l:PRP+ | STEM|POS:V|IMPF|(IV)|LEM:>an*ara|ROOT:n*r|2MS|MOOD:SUBJ
w-s006-a092-w010	6:92	6:92	10	6:92:10	أُمَّ	أُمّ	ء م م	N					STEM|POS:N|LEM:>um~|ROOT:Amm|FS|ACC
w-s006-a092-w011	6:92	6:92	11	6:92:11	ٱلْقُرَىٰ	قَرْيَة	ق ر ي	N					PREFIX|Al+ | STEM|POS:N|LEM:qaroyap|ROOT:qry|P|GEN
w-s006-a092-w012	6:92	6:92	12	6:92:12	وَمَنْ	مَن		REL					PREFIX|w:CONJ+ | STEM|POS:REL|LEM:man
w-s006-a092-w013	6:92	6:92	13	6:92:13	حَوْلَهَا	حَوْل	ح و ل	LOC					STEM|POS:LOC|LEM:Hawol|ROOT:Hwl|M|ACC | SUFFIX|PRON:3FS
w-s006-a092-w014	6:92	6:92	14	6:92:14	وَٱلَّذِينَ	ٱلَّذِى		REL					PREFIX|w:REM+ | STEM|POS:REL|LEM:{l~a*iY|MP
w-s006-a092-w015	6:92	6:92	15	6:92:15	يُؤْمِنُونَ	ءَامَنَ	ء م ن	V	IMPF			IV	STEM|POS:V|IMPF|(IV)|LEM:'aAmana|ROOT:Amn|3MP | SUFFIX|PRON:3MP
w-s006-a092-w016	6:92	6:92	16	6:92:16	بِٱلْءَاخِرَةِ	آخِر	ء خ ر	N					PREFIX|bi+ | PREFIX|Al+ | STEM|POS:N|LEM:A^xir|ROOT:Axr|FS|GEN
w-s006-a092-w017	6:92	6:92	17	6:92:17	يُؤْمِنُونَ	ءَامَنَ	ء م ن	V	IMPF			IV	STEM|POS:V|IMPF|(IV)|LEM:'aAmana|ROOT:Amn|3MP | SUFFIX|PRON:3MP
w-s006-a092-w018	6:92	6:92	18	6:92:18	بِهِۦ			PRON					PREFIX|bi+ | STEM|POS:PRON|3MS
w-s006-a092-w019	6:92	6:92	19	6:92:19	وَهُمْ			PRON					PREFIX|w:CONJ+ | STEM|POS:PRON|3MP
w-s006-a092-w020	6:92	6:92	20	6:92:20	عَلَىٰ	عَلَىٰ		P					STEM|POS:P|LEM:EalaY`
w-s006-a092-w021	6:92	6:92	21	6:92:21	صَلَاتِهِمْ	صَلَوٰة	ص ل و	N					STEM|POS:N|LEM:Salaw`p|ROOT:Slw|F|GEN | SUFFIX|PRON:3MP
w-s006-a092-w022	6:92	6:92	22	6:92:22	يُحَافِظُونَ	يُحَافِظُ	ح ف ظ	V	IMPF			III	STEM|POS:V|IMPF|(III)|LEM:yuHaAfiZu|ROOT:HfZ|3MP | SUFFIX|PRON:3MP
w-s006-a093-w001	6:93	6:93	1	6:93:1	وَمَنْ	مَن		INTG					PREFIX|w:REM+ | STEM|POS:INTG|LEM:man
w-s006-a093-w002	6:93	6:93	2	6:93:2	أَظْلَمُ	أَظْلَم	ظ ل م	N					STEM|POS:N|LEM:>aZolam|ROOT:Zlm|MS|NOM
w-s006-a093-w003	6:93	6:93	3	6:93:3	مِمَّنِ	مِن;مَن		P;REL					STEM|POS:P|LEM:min | STEM|POS:REL|LEM:man
w-s006-a093-w004	6:93	6:93	4	6:93:4	ٱفْتَرَىٰ	ٱفْتَرَىٰ	ف ر ي	V	PERF			VIII	STEM|POS:V|PERF|(VIII)|LEM:{fotaraY`|ROOT:fry|3MS
w-s006-a093-w005	6:93	6:93	5	6:93:5	عَلَى	عَلَىٰ		P					STEM|POS:P|LEM:EalaY`
w-s006-a093-w006	6:93	6:93	6	6:93:6	ٱللَّهِ	ٱللَّه	ء ل ه	PN					STEM|POS:PN|LEM:{ll~ah|ROOT:Alh|GEN
w-s006-a093-w007	6:93	6:93	7	6:93:7	كَذِبًا	كَذِب	ك ذ ب	N					STEM|POS:N|LEM:ka*ib|ROOT:k*b|M|INDEF|ACC
w-s006-a093-w008	6:93	6:93	8	6:93:8	أَوْ	أَو		CONJ					STEM|POS:CONJ|LEM:>aw
w-s006-a093-w009	6:93	6:93	9	6:93:9	قَالَ	قَالَ	ق و ل	V	PERF				STEM|POS:V|PERF|LEM:qaAla|ROOT:qwl|3MS
w-s006-a093-w010	6:93	6:93	10	6:93:10	أُوحِىَ	أَوْحَىٰٓ	و ح ي	V	PERF		PASS	IV	STEM|POS:V|PERF|PASS|(IV)|LEM:>awoHaY`^|ROOT:wHy|3MS
w-s006-a093-w011	6:93	6:93	11	6:93:11	إِلَىَّ	إِلَىٰ		P					STEM|POS:P|LEM:<ilaY` | SUFFIX|PRON:1S
w-s006-a093-w012	6:93	6:93	12	6:93:12	وَلَمْ	لَم		NEG					PREFIX|w:CONJ+ | STEM|POS:NEG|LEM:lam
w-s006-a093-w013	6:93	6:93	13	6:93:13	يُوحَ	أَوْحَىٰٓ	و ح ي	V	IMPF	JUS	PASS	IV	STEM|POS:V|IMPF|PASS|(IV)|LEM:>awoHaY`^|ROOT:wHy|3MS|MOOD:JUS
w-s006-a093-w014	6:93	6:93	14	6:93:14	إِلَيْهِ	إِلَىٰ		P					STEM|POS:P|LEM:<ilaY` | SUFFIX|PRON:3MS
w-s006-a093-w015	6:93	6:93	15	6:93:15	شَىْءٌ	شَىْء	ش ي ء	N					STEM|POS:N|LEM:$aYo'|ROOT:$yA|M|INDEF|NOM
w-s006-a093-w016	6:93	6:93	16	6:93:16	وَمَن	مَن		INTG					PREFIX|w:CONJ+ | STEM|POS:INTG|LEM:man
w-s006-a093-w017	6:93	6:93	17	6:93:17	قَالَ	قَالَ	ق و ل	V	PERF				STEM|POS:V|PERF|LEM:qaAla|ROOT:qwl|3MS
w-s006-a093-w018	6:93	6:93	18	6:93:18	سَأُنزِلُ	أَنزَلَ	ن ز ل	V	IMPF			IV	PREFIX|sa+ | STEM|POS:V|IMPF|(IV)|LEM:>anzala|ROOT:nzl|1S
w-s006-a093-w019	6:93	6:93	19	6:93:19	مِثْلَ	مِثْل	م ث ل	N					STEM|POS:N|LEM:mivol|ROOT:mvl|M|ACC
w-s006-a093-w020	6:93	6:93	20	6:93:20	مَآ	مَا		REL					STEM|POS:REL|LEM:maA
w-s006-a093-w021	6:93	6:93	21	6:93:21	أَنزَلَ	أَنزَلَ	ن ز ل	V	PERF			IV	STEM|POS:V|PERF|(IV)|LEM:>anzala|ROOT:nzl|3MS
w-s006-a093-w022	6:93	6:93	22	6:93:22	ٱللَّهُ	ٱللَّه	ء ل ه	PN					STEM|POS:PN|LEM:{ll~ah|ROOT:Alh|NOM
w-s006-a093-w023	6:93	6:93	23	6:93:23	وَلَوْ	لَو		COND					PREFIX|w:REM+ | STEM|POS:COND|LEM:law
w-s006-a093-w024	6:93	6:93	24	6:93:24	تَرَىٰٓ	رَءَا	ر ء ي	V	IMPF				STEM|POS:V|IMPF|LEM:ra'aA|ROOT:rAy|2MS
w-s006-a093-w025	6:93	6:93	25	6:93:25	إِذِ	إِذ		T					STEM|POS:T|LEM:<i*
w-s006-a093-w026	6:93	6:93	26	6:93:26	ٱلظَّٰلِمُونَ	ظَالِم	ظ ل م	N			ACT		PREFIX|Al+ | STEM|POS:N|ACT|PCPL|LEM:ZaAlim|ROOT:Zlm|MP|NOM
w-s006-a093-w027	6:93	6:93	27	6:93:27	فِى	فِى		P					STEM|POS:P|LEM:fiY
w-s006-a093-w028	6:93	6:93	28	6:93:28	غَمَرَٰتِ	غَمَرَٰت	غ م ر	N					STEM|POS:N|LEM:gamara`t|ROOT:gmr|FP|GEN
w-s006-a093-w029	6:93	6:93	29	6:93:29	ٱلْمَوْتِ	مَوْت	م و ت	N					PREFIX|Al+ | STEM|POS:N|LEM:mawot|ROOT:mwt|M|GEN
w-s006-a093-w030	6:93	6:93	30	6:93:30	وَٱلْمَلَٰٓئِكَةُ	مَلَك	م ل ك	N					PREFIX|w:CIRC+ | PREFIX|Al+ | STEM|POS:N|LEM:malak|ROOT:mlk|MP|NOM
w-s006-a093-w031	6:93	6:93	31	6:93:31	بَاسِطُوٓا۟	بَٰسِط	ب س ط	N			ACT		STEM|POS:N|ACT|PCPL|LEM:ba`siT|ROOT:bsT|MP|NOM
w-s006-a093-w032	6:93	6:93	32	6:93:32	أَيْدِيهِمْ	يَد	ي د ي	N					STEM|POS:N|LEM:yad|ROOT:ydy|FP|GEN | SUFFIX|PRON:3MP
w-s006-a093-w033	6:93	6:93	33	6:93:33	أَخْرِجُوٓا۟	أَخْرَجَ	خ ر ج	V	IMPV			IV	STEM|POS:V|IMPV|(IV)|LEM:>axoraja|ROOT:xrj|2MP | SUFFIX|PRON:2MP
w-s006-a093-w034	6:93	6:93	34	6:93:34	أَنفُسَكُمُ	نَفْس	ن ف س	N					STEM|POS:N|LEM:nafos|ROOT:nfs|FP|ACC | SUFFIX|PRON:2MP
w-s006-a093-w035	6:93	6:93	35	6:93:35	ٱلْيَوْمَ	يَوْم	ي و م	T					PREFIX|Al+ | STEM|POS:T|LEM:yawom|ROOT:ywm|M|ACC
w-s006-a093-w036	6:93	6:93	36	6:93:36	تُجْزَوْنَ	جَزَىٰ	ج ز ي	V	IMPF		PASS		STEM|POS:V|IMPF|PASS|LEM:jazaY`|ROOT:jzy|2MP | SUFFIX|PRON:2MP
w-s006-a093-w037	6:93	6:93	37	6:93:37	عَذَابَ	عَذَاب	ع ذ ب	N					STEM|POS:N|LEM:Ea*aAb|ROOT:E*b|M|ACC
w-s006-a093-w038	6:93	6:93	38	6:93:38	ٱلْهُونِ	هُون	ه و ن	N					PREFIX|Al+ | STEM|POS:N|LEM:huwn|ROOT:hwn|M|GEN
w-s006-a093-w039	6:93	6:93	39	6:93:39	بِمَا	مَا		REL					PREFIX|bi+ | STEM|POS:REL|LEM:maA
w-s006-a093-w040	6:93	6:93	40	6:93:40	كُنتُمْ	كَانَ	ك و ن	V	PERF				STEM|POS:V|PERF|LEM:kaAna|ROOT:kwn|SP:kaAn|2MP | SUFFIX|PRON:2MP
w-s006-a093-w041	6:93	6:93	41	6:93:41	تَقُولُونَ	قَالَ	ق و ل	V	IMPF				STEM|POS:V|IMPF|LEM:qaAla|ROOT:qwl|2MP | SUFFIX|PRON:2MP
w-s006-a093-w042	6:93	6:93	42	6:93:42	عَلَى	عَلَىٰ		P					STEM|POS:P|LEM:EalaY`
w-s006-a093-w043	6:93	6:93	43	6:93:43	ٱللَّهِ	ٱللَّه	ء ل ه	PN					STEM|POS:PN|LEM:{ll~ah|ROOT:Alh|GEN
w-s006-a093-w044	6:93	6:93	44	6:93:44	غَيْرَ	غَيْر	غ ي ر	N					STEM|POS:N|LEM:gayor|ROOT:gyr|M|ACC
w-s006-a093-w045	6:93	6:93	45	6:93:45	ٱلْحَقِّ	حَقّ	ح ق ق	N					PREFIX|Al+ | STEM|POS:N|LEM:Haq~|ROOT:Hqq|M|GEN
w-s006-a093-w046	6:93	6:93	46	6:93:46	وَكُنتُمْ	كَانَ	ك و ن	V	PERF				PREFIX|w:CONJ+ | STEM|POS:V|PERF|LEM:kaAna|ROOT:kwn|SP:kaAn|2MP | SUFFIX|PRON:2MP
w-s006-a093-w047	6:93	6:93	47	6:93:47	عَنْ	عَن		P					STEM|POS:P|LEM:Ean
w-s006-a093-w048	6:93	6:93	48	6:93:48	ءَايَٰتِهِۦ	ءَايَة	ء ي ي	N					STEM|POS:N|LEM:'aAyap|ROOT:Ayy|FP|GEN | SUFFIX|PRON:3MS
w-s006-a093-w049	6:93	6:93	49	6:93:49	تَسْتَكْبِرُونَ	ٱسْتَكْبَرَ	ك ب ر	V	IMPF			X	STEM|POS:V|IMPF|(X)|LEM:{sotakobara|ROOT:kbr|2MP | SUFFIX|PRON:2MP
w-s006-a094-w001	6:94	6:94	1	6:94:1	وَلَقَدْ	قَد		CERT					PREFIX|w:CONJ+ | PREFIX|l:EMPH+ | STEM|POS:CERT|LEM:qad
w-s006-a094-w002	6:94	6:94	2	6:94:2	جِئْتُمُونَا	جَآءَ	ج ي ء	V	PERF				STEM|POS:V|PERF|LEM:jaA^'a|ROOT:jyA|2MP | SUFFIX|PRON:2MP | SUFFIX|PRON:1P
w-s006-a094-w003	6:94	6:94	3	6:94:3	فُرَٰدَىٰ	فُرَٰدَىٰ	ف ر د	N					STEM|POS:N|LEM:fura`daY`|ROOT:frd|M|ACC
w-s006-a094-w004	6:94	6:94	4	6:94:4	كَمَا	مَا		SUB					PREFIX|ka+ | STEM|POS:SUB|LEM:maA
w-s006-a094-w005	6:94	6:94	5	6:94:5	خَلَقْنَٰكُمْ	خَلَقَ	خ ل ق	V	PERF				STEM|POS:V|PERF|LEM:xalaqa|ROOT:xlq|1P | SUFFIX|PRON:1P | SUFFIX|PRON:2MP
w-s006-a094-w006	6:94	6:94	6	6:94:6	أَوَّلَ	أَوَّل	ء و ل	T					STEM|POS:T|LEM:>aw~al|ROOT:Awl|MS|ACC
w-s006-a094-w007	6:94	6:94	7	6:94:7	مَرَّةٍ	مَرَّة	م ر ر	N					STEM|POS:N|LEM:mar~ap|ROOT:mrr|M|INDEF|GEN
w-s006-a094-w008	6:94	6:94	8	6:94:8	وَتَرَكْتُم	تَرَكَ	ت ر ك	V	PERF				PREFIX|w:CONJ+ | STEM|POS:V|PERF|LEM:taraka|ROOT:trk|2MP | SUFFIX|PRON:2MP
w-s006-a094-w009	6:94	6:94	9	6:94:9	مَّا	مَا		REL					STEM|POS:REL|LEM:maA
w-s006-a094-w010	6:94	6:94	10	6:94:10	خَوَّلْنَٰكُمْ	خَوَّلَ	خ و ل	V	PERF			II	STEM|POS:V|PERF|(II)|LEM:xaw~ala|ROOT:xwl|1P | SUFFIX|PRON:1P | SUFFIX|PRON:2MP
w-s006-a094-w011	6:94	6:94	11	6:94:11	وَرَآءَ	وَرَآء	و ر ي	LOC					STEM|POS:LOC|LEM:waraA^'|ROOT:wry|ACC
w-s006-a094-w012	6:94	6:94	12	6:94:12	ظُهُورِكُمْ	ظَهْر	ظ ه ر	N					STEM|POS:N|LEM:Zahor|ROOT:Zhr|MP|GEN | SUFFIX|PRON:2MP
w-s006-a094-w013	6:94	6:94	13	6:94:13	وَمَا	مَا		NEG					PREFIX|w:CONJ+ | STEM|POS:NEG|LEM:maA
w-s006-a094-w014	6:94	6:94	14	6:94:14	نَرَىٰ	رَءَا	ر ء ي	V	IMPF				STEM|POS:V|IMPF|LEM:ra'aA|ROOT:rAy|1P
w-s006-a094-w015	6:94	6:94	15	6:94:15	مَعَكُمْ	مَع		LOC					STEM|POS:LOC|LEM:maE|ACC | SUFFIX|PRON:2MP
w-s006-a094-w016	6:94	6:94	16	6:94:16	شُفَعَآءَكُمُ	شَفِيع	ش ف ع	N					STEM|POS:N|LEM:$afiyE|ROOT:$fE|MP|ACC | SUFFIX|PRON:2MP
w-s006-a094-w017	6:94	6:94	17	6:94:17	ٱلَّذِينَ	ٱلَّذِى		REL					STEM|POS:REL|LEM:{l~a*iY|MP
w-s006-a094-w018	6:94	6:94	18	6:94:18	زَعَمْتُمْ	زَعَمَ	ز ع م	V	PERF				STEM|POS:V|PERF|LEM:zaEama|ROOT:zEm|2MP | SUFFIX|PRON:2MP
w-s006-a094-w019	6:94	6:94	19	6:94:19	أَنَّهُمْ	أَنّ		ACC					STEM|POS:ACC|LEM:>an~|SP:<in~ | SUFFIX|PRON:3MP
w-s006-a094-w020	6:94	6:94	20	6:94:20	فِيكُمْ	فِى		P					STEM|POS:P|LEM:fiY | SUFFIX|PRON:2MP
w-s006-a094-w021	6:94	6:94	21	6:94:21	شُرَكَٰٓؤُا۟	شَرِيك	ش ر ك	N					STEM|POS:N|LEM:$ariyk|ROOT:$rk|MP|NOM
w-s006-a094-w022	6:94	6:94	22	6:94:22	لَقَد	قَد		CERT					PREFIX|l:EMPH+ | STEM|POS:CERT|LEM:qad
w-s006-a094-w023	6:94	6:94	23	6:94:23	تَّقَطَّعَ	تَّقَطَّعَ	ق ط ع	V	PERF			V	STEM|POS:V|PERF|(V)|LEM:t~aqaT~aEa|ROOT:qTE|3MS
w-s006-a094-w024	6:94	6:94	24	6:94:24	بَيْنَكُمْ	بَيْن	ب ي ن	LOC					STEM|POS:LOC|LEM:bayon|ROOT:byn|ACC | SUFFIX|PRON:2MP
w-s006-a094-w025	6:94	6:94	25	6:94:25	وَضَلَّ	ضَلَّ	ض ل ل	V	PERF				PREFIX|w:CONJ+ | STEM|POS:V|PERF|LEM:Dal~a|ROOT:Dll|3MS
w-s006-a094-w026	6:94	6:94	26	6:94:26	عَنكُم	عَن		P					STEM|POS:P|LEM:Ean | SUFFIX|PRON:2MP
w-s006-a094-w027	6:94	6:94	27	6:94:27	مَّا	مَا		REL					STEM|POS:REL|LEM:maA
w-s006-a094-w028	6:94	6:94	28	6:94:28	كُنتُمْ	كَانَ	ك و ن	V	PERF				STEM|POS:V|PERF|LEM:kaAna|ROOT:kwn|SP:kaAn|2MP | SUFFIX|PRON:2MP
w-s006-a094-w029	6:94	6:94	29	6:94:29	تَزْعُمُونَ	زَعَمَ	ز ع م	V	IMPF				STEM|POS:V|IMPF|LEM:zaEama|ROOT:zEm|2MP | SUFFIX|PRON:2MP
w-s006-a095-w001	6:95	6:95	1	6:95:1	إِنَّ	إِنّ		ACC					STEM|POS:ACC|LEM:<in~|SP:<in~
w-s006-a095-w002	6:95	6:95	2	6:95:2	ٱللَّهَ	ٱللَّه	ء ل ه	PN					STEM|POS:PN|LEM:{ll~ah|ROOT:Alh|ACC
w-s006-a095-w003	6:95	6:95	3	6:95:3	فَالِقُ	فَالِق	ف ل ق	N			ACT		STEM|POS:N|ACT|PCPL|LEM:faAliq|ROOT:flq|M|NOM
w-s006-a095-w004	6:95	6:95	4	6:95:4	ٱلْحَبِّ	حَبّ	ح ب ب	N					PREFIX|Al+ | STEM|POS:N|LEM:Hab~|ROOT:Hbb|M|GEN
w-s006-a095-w005	6:95	6:95	5	6:95:5	وَٱلنَّوَىٰ	نَّوَىٰ	ن و ي	N					PREFIX|w:CONJ+ | PREFIX|Al+ | STEM|POS:N|LEM:n~awaY`|ROOT:nwy|M|GEN
w-s006-a095-w006	6:95	6:95	6	6:95:6	يُخْرِجُ	أَخْرَجَ	خ ر ج	V	IMPF			IV	STEM|POS:V|IMPF|(IV)|LEM:>axoraja|ROOT:xrj|3MS
w-s006-a095-w007	6:95	6:95	7	6:95:7	ٱلْحَىَّ	حَيّ	ح ي ي	N					PREFIX|Al+ | STEM|POS:N|LEM:Hay~|ROOT:Hyy|MS|ACC
w-s006-a095-w008	6:95	6:95	8	6:95:8	مِنَ	مِن		P					STEM|POS:P|LEM:min
w-s006-a095-w009	6:95	6:95	9	6:95:9	ٱلْمَيِّتِ	مَّيِّت	م و ت	N					PREFIX|Al+ | STEM|POS:N|LEM:m~ay~it|ROOT:mwt|MS|GEN
w-s006-a095-w010	6:95	6:95	10	6:95:10	وَمُخْرِجُ	مُخْرِج	خ ر ج	N			ACT	IV	PREFIX|w:CONJ+ | STEM|POS:N|ACT|PCPL|(IV)|LEM:muxorij|ROOT:xrj|M|NOM
w-s006-a095-w011	6:95	6:95	11	6:95:11	ٱلْمَيِّتِ	مَّيِّت	م و ت	N					PREFIX|Al+ | STEM|POS:N|LEM:m~ay~it|ROOT:mwt|MS|GEN
w-s006-a095-w012	6:95	6:95	12	6:95:12	مِنَ	مِن		P					STEM|POS:P|LEM:min
w-s006-a095-w013	6:95	6:95	13	6:95:13	ٱلْحَىِّ	حَيّ	ح ي ي	N					PREFIX|Al+ | STEM|POS:N|LEM:Hay~|ROOT:Hyy|MS|GEN
w-s006-a095-w014	6:95	6:95	14	6:95:14	ذَٰلِكُمُ	ذَٰلِك		DEM					STEM|POS:DEM|LEM:*a`lik|2MP
w-s006-a095-w015	6:95	6:95	15	6:95:15	ٱللَّهُ	ٱللَّه	ء ل ه	PN					STEM|POS:PN|LEM:{ll~ah|ROOT:Alh|NOM
w-s006-a095-w016	6:95	6:95	16	6:95:16	فَأَنَّىٰ	أَنَّىٰ	ء ن ي	INTG					PREFIX|f:REM+ | STEM|POS:INTG|LEM:>an~aY`|ROOT:Any
w-s006-a095-w017	6:95	6:95	17	6:95:17	تُؤْفَكُونَ	أُفِكَ	ء ف ك	V	IMPF		PASS		STEM|POS:V|IMPF|PASS|LEM:>ufika|ROOT:Afk|2MP | SUFFIX|PRON:2MP
w-s006-a096-w001	6:96	6:96	1	6:96:1	فَالِقُ	فَالِق	ف ل ق	N			ACT		STEM|POS:N|ACT|PCPL|LEM:faAliq|ROOT:flq|M|NOM
w-s006-a096-w002	6:96	6:96	2	6:96:2	ٱلْإِصْبَاحِ	إِصْبَاح	ص ب ح	N				IV	PREFIX|Al+ | STEM|POS:N|VN|(IV)|LEM:<iSobaAH|ROOT:SbH|M|GEN
w-s006-a096-w003	6:96	6:96	3	6:96:3	وَجَعَلَ	جَعَلَ	ج ع ل	V	PERF				PREFIX|w:CONJ+ | STEM|POS:V|PERF|LEM:jaEala|ROOT:jEl|3MS
w-s006-a096-w004	6:96	6:96	4	6:96:4	ٱلَّيْلَ	لَيْل	ل ي ل	N					PREFIX|Al+ | STEM|POS:N|LEM:layol|ROOT:lyl|M|ACC
w-s006-a096-w005	6:96	6:96	5	6:96:5	سَكَنًا	سَكَن	س ك ن	N					STEM|POS:N|LEM:sakan|ROOT:skn|M|INDEF|ACC
w-s006-a096-w006	6:96	6:96	6	6:96:6	وَٱلشَّمْسَ	شَمْس	ش م س	N					PREFIX|w:CONJ+ | PREFIX|Al+ | STEM|POS:N|LEM:$amos|ROOT:$ms|F|ACC
w-s006-a096-w007	6:96	6:96	7	6:96:7	وَٱلْقَمَرَ	قَمَر	ق م ر	N					PREFIX|w:CONJ+ | PREFIX|Al+ | STEM|POS:N|LEM:qamar|ROOT:qmr|M|ACC
w-s006-a096-w008	6:96	6:96	8	6:96:8	حُسْبَانًا	حُسْبَان	ح س ب	N					STEM|POS:N|LEM:HusobaAn|ROOT:Hsb|M|INDEF|ACC
w-s006-a096-w009	6:96	6:96	9	6:96:9	ذَٰلِكَ	ذَٰلِك		DEM					STEM|POS:DEM|LEM:*a`lik|MS
w-s006-a096-w010	6:96	6:96	10	6:96:10	تَقْدِيرُ	تَقْدِير	ق د ر	N				II	STEM|POS:N|VN|(II)|LEM:taqodiyr|ROOT:qdr|M|NOM
w-s006-a096-w011	6:96	6:96	11	6:96:11	ٱلْعَزِيزِ	عَزِيز	ع ز ز	N					PREFIX|Al+ | STEM|POS:N|LEM:Eaziyz|ROOT:Ezz|MS|GEN
w-s006-a096-w012	6:96	6:96	12	6:96:12	ٱلْعَلِيمِ	عَلِيم	ع ل م	ADJ					PREFIX|Al+ | STEM|POS:ADJ|LEM:Ealiym|ROOT:Elm|MS|GEN
w-s006-a097-w001	6:97	6:97	1	6:97:1	وَهُوَ			PRON					PREFIX|w:CONJ+ | STEM|POS:PRON|3MS
w-s006-a097-w002	6:97	6:97	2	6:97:2	ٱلَّذِى	ٱلَّذِى		REL					STEM|POS:REL|LEM:{l~a*iY|MS
w-s006-a097-w003	6:97	6:97	3	6:97:3	جَعَلَ	جَعَلَ	ج ع ل	V	PERF				STEM|POS:V|PERF|LEM:jaEala|ROOT:jEl|3MS
w-s006-a097-w004	6:97	6:97	4	6:97:4	لَكُمُ			PRON					PREFIX|l:P+ | STEM|POS:PRON|2MP
w-s006-a097-w005	6:97	6:97	5	6:97:5	ٱلنُّجُومَ	نَّجْم	ن ج م	N					PREFIX|Al+ | STEM|POS:N|LEM:n~ajom|ROOT:njm|MP|ACC
w-s006-a097-w006	6:97	6:97	6	6:97:6	لِتَهْتَدُوا۟	ٱهْتَدَىٰ	ه د ي	V	IMPF	SUBJ		VIII	PREFIX|l:PRP+ | STEM|POS:V|IMPF|(VIII)|LEM:{hotadaY`|ROOT:hdy|2MP|MOOD:SUBJ | SUFFIX|PRON:2MP
w-s006-a097-w007	6:97	6:97	7	6:97:7	بِهَا			PRON					PREFIX|bi+ | STEM|POS:PRON|3FS
w-s006-a097-w008	6:97	6:97	8	6:97:8	فِى	فِى		P					STEM|POS:P|LEM:fiY
w-s006-a097-w009	6:97	6:97	9	6:97:9	ظُلُمَٰتِ	ظُلُمَٰت	ظ ل م	N					STEM|POS:N|LEM:Zuluma`t|ROOT:Zlm|FP|GEN
w-s006-a097-w010	6:97	6:97	10	6:97:10	ٱلْبَرِّ	بَرّ	ب ر ر	N					PREFIX|Al+ | STEM|POS:N|LEM:bar~|ROOT:brr|M|GEN
w-s006-a097-w011	6:97	6:97	11	6:97:11	وَٱلْبَحْرِ	بَحْر	ب ح ر	N					PREFIX|w:CONJ+ | PREFIX|Al+ | STEM|POS:N|LEM:baHor|ROOT:bHr|M|GEN
w-s006-a097-w012	6:97	6:97	12	6:97:12	قَدْ	قَد		CERT					STEM|POS:CERT|LEM:qad
w-s006-a097-w013	6:97	6:97	13	6:97:13	فَصَّلْنَا	فَصَّلَ	ف ص ل	V	PERF			II	STEM|POS:V|PERF|(II)|LEM:faS~ala|ROOT:fSl|1P | SUFFIX|PRON:1P
w-s006-a097-w014	6:97	6:97	14	6:97:14	ٱلْءَايَٰتِ	ءَايَة	ء ي ي	N					PREFIX|Al+ | STEM|POS:N|LEM:'aAyap|ROOT:Ayy|FP|ACC
w-s006-a097-w015	6:97	6:97	15	6:97:15	لِقَوْمٍ	قَوْم	ق و م	N					PREFIX|l:P+ | STEM|POS:N|LEM:qawom|ROOT:qwm|M|INDEF|GEN
w-s006-a097-w016	6:97	6:97	16	6:97:16	يَعْلَمُونَ	عَلِمَ	ع ل م	V	IMPF				STEM|POS:V|IMPF|LEM:Ealima|ROOT:Elm|3MP | SUFFIX|PRON:3MP
w-s006-a098-w001	6:98	6:98	1	6:98:1	وَهُوَ			PRON					PREFIX|w:CONJ+ | STEM|POS:PRON|3MS
w-s006-a098-w002	6:98	6:98	2	6:98:2	ٱلَّذِىٓ	ٱلَّذِى		REL					STEM|POS:REL|LEM:{l~a*iY|MS
w-s006-a098-w003	6:98	6:98	3	6:98:3	أَنشَأَكُم	أَنشَأَ	ن ش ء	V	PERF			IV	STEM|POS:V|PERF|(IV)|LEM:>an$a>a|ROOT:n$A|3MS | SUFFIX|PRON:2MP
w-s006-a098-w004	6:98	6:98	4	6:98:4	مِّن	مِن		P					STEM|POS:P|LEM:min
w-s006-a098-w005	6:98	6:98	5	6:98:5	نَّفْسٍ	نَفْس	ن ف س	N					STEM|POS:N|LEM:nafos|ROOT:nfs|FS|INDEF|GEN
w-s006-a098-w006	6:98	6:98	6	6:98:6	وَٰحِدَةٍ	وَٰحِدَة	و ح د	ADJ					STEM|POS:ADJ|LEM:wa`Hidap|ROOT:wHd|F|INDEF|GEN
w-s006-a098-w007	6:98	6:98	7	6:98:7	فَمُسْتَقَرٌّ	مُسْتَقَرّ	ق ر ر	N			PASS	X	PREFIX|f:REM+ | STEM|POS:N|PASS|PCPL|(X)|LEM:musotaqar~|ROOT:qrr|M|INDEF|NOM
w-s006-a098-w008	6:98	6:98	8	6:98:8	وَمُسْتَوْدَعٌ	مُسْتَوْدَع	و د ع	N			PASS	X	PREFIX|w:CONJ+ | STEM|POS:N|PASS|PCPL|(X)|LEM:musotawodaE|ROOT:wdE|M|INDEF|NOM
w-s006-a098-w009	6:98	6:98	9	6:98:9	قَدْ	قَد		CERT					STEM|POS:CERT|LEM:qad
w-s006-a098-w010	6:98	6:98	10	6:98:10	فَصَّلْنَا	فَصَّلَ	ف ص ل	V	PERF			II	STEM|POS:V|PERF|(II)|LEM:faS~ala|ROOT:fSl|1P | SUFFIX|PRON:1P
w-s006-a098-w011	6:98	6:98	11	6:98:11	ٱلْءَايَٰتِ	ءَايَة	ء ي ي	N					PREFIX|Al+ | STEM|POS:N|LEM:'aAyap|ROOT:Ayy|FP|ACC
w-s006-a098-w012	6:98	6:98	12	6:98:12	لِقَوْمٍ	قَوْم	ق و م	N					PREFIX|l:P+ | STEM|POS:N|LEM:qawom|ROOT:qwm|M|INDEF|GEN
w-s006-a098-w013	6:98	6:98	13	6:98:13	يَفْقَهُونَ	يَفْقَهُ	ف ق ه	V	IMPF				STEM|POS:V|IMPF|LEM:yafoqahu|ROOT:fqh|3MP | SUFFIX|PRON:3MP
w-s006-a099-w001	6:99	6:99	1	6:99:1	وَهُوَ			PRON					PREFIX|w:CONJ+ | STEM|POS:PRON|3MS
w-s006-a099-w002	6:99	6:99	2	6:99:2	ٱلَّذِىٓ	ٱلَّذِى		REL					STEM|POS:REL|LEM:{l~a*iY|MS
w-s006-a099-w003	6:99	6:99	3	6:99:3	أَنزَلَ	أَنزَلَ	ن ز ل	V	PERF			IV	STEM|POS:V|PERF|(IV)|LEM:>anzala|ROOT:nzl|3MS
w-s006-a099-w004	6:99	6:99	4	6:99:4	مِنَ	مِن		P					STEM|POS:P|LEM:min
w-s006-a099-w005	6:99	6:99	5	6:99:5	ٱلسَّمَآءِ	سَمَآء	س م و	N					PREFIX|Al+ | STEM|POS:N|LEM:samaA^'|ROOT:smw|F|GEN
w-s006-a099-w006	6:99	6:99	6	6:99:6	مَآءً	مَآء	م و ه	N					STEM|POS:N|LEM:maA^'|ROOT:mwh|M|INDEF|ACC
w-s006-a099-w007	6:99	6:99	7	6:99:7	فَأَخْرَجْنَا	أَخْرَجَ	خ ر ج	V	PERF			IV	PREFIX|f:CONJ+ | STEM|POS:V|PERF|(IV)|LEM:>axoraja|ROOT:xrj|1P | SUFFIX|PRON:1P
w-s006-a099-w008	6:99	6:99	8	6:99:8	بِهِۦ			PRON					PREFIX|bi+ | STEM|POS:PRON|3MS
w-s006-a099-w009	6:99	6:99	9	6:99:9	نَبَاتَ	نَبَات	ن ب ت	N					STEM|POS:N|LEM:nabaAt|ROOT:nbt|F|ACC
w-s006-a099-w010	6:99	6:99	10	6:99:10	كُلِّ	كُلّ	ك ل ل	N					STEM|POS:N|LEM:kul~|ROOT:kll|M|GEN
w-s006-a099-w011	6:99	6:99	11	6:99:11	شَىْءٍ	شَىْء	ش ي ء	N					STEM|POS:N|LEM:$aYo'|ROOT:$yA|M|INDEF|GEN
w-s006-a099-w012	6:99	6:99	12	6:99:12	فَأَخْرَجْنَا	أَخْرَجَ	خ ر ج	V	PERF			IV	PREFIX|f:CONJ+ | STEM|POS:V|PERF|(IV)|LEM:>axoraja|ROOT:xrj|1P | SUFFIX|PRON:1P
w-s006-a099-w013	6:99	6:99	13	6:99:13	مِنْهُ	مِن		P					STEM|POS:P|LEM:min | SUFFIX|PRON:3MS
w-s006-a099-w014	6:99	6:99	14	6:99:14	خَضِرًا	خَضِر	خ ض ر	N					STEM|POS:N|LEM:xaDir|ROOT:xDr|MS|INDEF|ACC
w-s006-a099-w015	6:99	6:99	15	6:99:15	نُّخْرِجُ	أَخْرَجَ	خ ر ج	V	IMPF			IV	STEM|POS:V|IMPF|(IV)|LEM:>axoraja|ROOT:xrj|1P
w-s006-a099-w016	6:99	6:99	16	6:99:16	مِنْهُ	مِن		P					STEM|POS:P|LEM:min | SUFFIX|PRON:3MS
w-s006-a099-w017	6:99	6:99	17	6:99:17	حَبًّا	حَبّ	ح ب ب	N					STEM|POS:N|LEM:Hab~|ROOT:Hbb|M|INDEF|ACC
w-s006-a099-w018	6:99	6:99	18	6:99:18	مُّتَرَاكِبًا	مُّتَرَاكِب	ر ك ب	ADJ			ACT	VI	STEM|POS:ADJ|ACT|PCPL|(VI)|LEM:m~utaraAkib|ROOT:rkb|M|INDEF|ACC
w-s006-a099-w019	6:99	6:99	19	6:99:19	وَمِنَ	مِن		P					PREFIX|w:REM+ | STEM|POS:P|LEM:min
w-s006-a099-w020	6:99	6:99	20	6:99:20	ٱلنَّخْلِ	نَخْل	ن خ ل	N					PREFIX|Al+ | STEM|POS:N|LEM:naxol|ROOT:nxl|M|GEN
w-s006-a099-w021	6:99	6:99	21	6:99:21	مِن	مِن		P					STEM|POS:P|LEM:min
w-s006-a099-w022	6:99	6:99	22	6:99:22	طَلْعِهَا	طَلْع	ط ل ع	N					STEM|POS:N|LEM:TaloE|ROOT:TlE|M|GEN | SUFFIX|PRON:3FS
w-s006-a099-w023	6:99	6:99	23	6:99:23	قِنْوَانٌ	قِنْوَان	ق ن و	N					STEM|POS:N|LEM:qinowaAn|ROOT:qnw|MP|INDEF|NOM
w-s006-a099-w024	6:99	6:99	24	6:99:24	دَانِيَةٌ	دَانِيَة	د ن و	ADJ			ACT		STEM|POS:ADJ|ACT|PCPL|LEM:daAniyap|ROOT:dnw|F|INDEF|NOM
w-s006-a099-w025	6:99	6:99	25	6:99:25	وَجَنَّٰتٍ	جَنَّة	ج ن ن	N					PREFIX|w:CONJ+ | STEM|POS:N|LEM:jan~ap|ROOT:jnn|FP|INDEF|ACC
w-s006-a099-w026	6:99	6:99	26	6:99:26	مِّنْ	مِن		P					STEM|POS:P|LEM:min
w-s006-a099-w027	6:99	6:99	27	6:99:27	أَعْنَابٍ	عِنَب	ع ن ب	N					STEM|POS:N|LEM:Einab|ROOT:Enb|MP|INDEF|GEN
w-s006-a099-w028	6:99	6:99	28	6:99:28	وَٱلزَّيْتُونَ	زَّيْتُون	ز ي ت	N					PREFIX|w:CONJ+ | PREFIX|Al+ | STEM|POS:N|LEM:z~ayotuwn|ROOT:zyt|M|ACC
w-s006-a099-w029	6:99	6:99	29	6:99:29	وَٱلرُّمَّانَ	رُّمَّان	ر م ن	N					PREFIX|w:CONJ+ | PREFIX|Al+ | STEM|POS:N|LEM:r~um~aAn|ROOT:rmn|M|ACC
w-s006-a099-w030	6:99	6:99	30	6:99:30	مُشْتَبِهًا	مُشْتَبِه	ش ب ه	N			ACT	VIII	STEM|POS:N|ACT|PCPL|(VIII)|LEM:mu$otabih|ROOT:$bh|M|INDEF|ACC
w-s006-a099-w031	6:99	6:99	31	6:99:31	وَغَيْرَ	غَيْر	غ ي ر	N					PREFIX|w:CONJ+ | STEM|POS:N|LEM:gayor|ROOT:gyr|M|ACC
w-s006-a099-w032	6:99	6:99	32	6:99:32	مُتَشَٰبِهٍ	مُتَشَٰبِه	ش ب ه	N			ACT	VI	STEM|POS:N|ACT|PCPL|(VI)|LEM:muta$a`bih|ROOT:$bh|M|INDEF|GEN
w-s006-a099-w033	6:99	6:99	33	6:99:33	ٱنظُرُوٓا۟	نَّظَرَ	ن ظ ر	V	IMPV				STEM|POS:V|IMPV|LEM:n~aZara|ROOT:nZr|2MP | SUFFIX|PRON:2MP
w-s006-a099-w034	6:99	6:99	34	6:99:34	إِلَىٰ	إِلَىٰ		P					STEM|POS:P|LEM:<ilaY`
w-s006-a099-w035	6:99	6:99	35	6:99:35	ثَمَرِهِۦٓ	ثَمَر	ث م ر	N					STEM|POS:N|LEM:vamar|ROOT:vmr|M|GEN | SUFFIX|PRON:3MS
w-s006-a099-w036	6:99	6:99	36	6:99:36	إِذَآ	إِذَا		T					STEM|POS:T|LEM:<i*aA
w-s006-a099-w037	6:99	6:99	37	6:99:37	أَثْمَرَ	أَثْمَرَ	ث م ر	V	PERF			IV	STEM|POS:V|PERF|(IV)|LEM:>avomara|ROOT:vmr|3MS
w-s006-a099-w038	6:99	6:99	38	6:99:38	وَيَنْعِهِۦٓ	يَنْع	ي ن ع	N					PREFIX|w:CONJ+ | STEM|POS:N|LEM:yanoE|ROOT:ynE|M|GEN | SUFFIX|PRON:3MS
w-s006-a099-w039	6:99	6:99	39	6:99:39	إِنَّ	إِنّ		ACC					STEM|POS:ACC|LEM:<in~|SP:<in~
w-s006-a099-w040	6:99	6:99	40	6:99:40	فِى	فِى		P					STEM|POS:P|LEM:fiY
w-s006-a099-w041	6:99	6:99	41	6:99:41	ذَٰلِكُمْ	ذَٰلِك		DEM					STEM|POS:DEM|LEM:*a`lik|2MP
w-s006-a099-w042	6:99	6:99	42	6:99:42	لَءَايَٰتٍ	ءَايَة	ء ي ي	N					PREFIX|l:EMPH+ | STEM|POS:N|LEM:'aAyap|ROOT:Ayy|FP|INDEF|ACC
w-s006-a099-w043	6:99	6:99	43	6:99:43	لِّقَوْمٍ	قَوْم	ق و م	N					PREFIX|l:P+ | STEM|POS:N|LEM:qawom|ROOT:qwm|M|INDEF|GEN
w-s006-a099-w044	6:99	6:99	44	6:99:44	يُؤْمِنُونَ	ءَامَنَ	ء م ن	V	IMPF			IV	STEM|POS:V|IMPF|(IV)|LEM:'aAmana|ROOT:Amn|3MP | SUFFIX|PRON:3MP
w-s006-a100-w001	6:100	6:100	1	6:100:1	وَجَعَلُوا۟	جَعَلَ	ج ع ل	V	PERF				PREFIX|w:CONJ+ | STEM|POS:V|PERF|LEM:jaEala|ROOT:jEl|3MP | SUFFIX|PRON:3MP
w-s006-a100-w002	6:100	6:100	2	6:100:2	لِلَّهِ	ٱللَّه	ء ل ه	PN					PREFIX|l:P+ | STEM|POS:PN|LEM:{ll~ah|ROOT:Alh|GEN
w-s006-a100-w003	6:100	6:100	3	6:100:3	شُرَكَآءَ	شَرِيك	ش ر ك	N					STEM|POS:N|LEM:$ariyk|ROOT:$rk|MP|ACC
w-s006-a100-w004	6:100	6:100	4	6:100:4	ٱلْجِنَّ	جِنّ	ج ن ن	N					PREFIX|Al+ | STEM|POS:N|LEM:jin~|ROOT:jnn|M|ACC
w-s006-a100-w005	6:100	6:100	5	6:100:5	وَخَلَقَهُمْ	خَلَقَ	خ ل ق	V	PERF				PREFIX|w:CIRC+ | STEM|POS:V|PERF|LEM:xalaqa|ROOT:xlq|3MS | SUFFIX|PRON:3MP
w-s006-a100-w006	6:100	6:100	6	6:100:6	وَخَرَقُوا۟	خَرَقَ	خ ر ق	V	PERF				PREFIX|w:CONJ+ | STEM|POS:V|PERF|LEM:xaraqa|ROOT:xrq|3MP | SUFFIX|PRON:3MP
w-s006-a100-w007	6:100	6:100	7	6:100:7	لَهُۥ			PRON					PREFIX|l:P+ | STEM|POS:PRON|3MS
w-s006-a100-w008	6:100	6:100	8	6:100:8	بَنِينَ	بُنَىّ	ب ن ي	N					STEM|POS:N|LEM:bunaY~|ROOT:bny|MP|ACC
w-s006-a100-w009	6:100	6:100	9	6:100:9	وَبَنَٰتٍۭ	بَنَات	ب ن ي	N					PREFIX|w:CONJ+ | STEM|POS:N|LEM:banaAt|ROOT:bny|FP|INDEF|ACC
w-s006-a100-w010	6:100	6:100	10	6:100:10	بِغَيْرِ	غَيْر	غ ي ر	N					PREFIX|bi+ | STEM|POS:N|LEM:gayor|ROOT:gyr|M|GEN
w-s006-a100-w011	6:100	6:100	11	6:100:11	عِلْمٍ	عِلْم	ع ل م	N					STEM|POS:N|LEM:Eilom|ROOT:Elm|M|INDEF|GEN
w-s006-a100-w012	6:100	6:100	12	6:100:12	سُبْحَٰنَهُۥ	سُبْحَٰن	س ب ح	N					STEM|POS:N|LEM:suboHa`n|ROOT:sbH|M|ACC | SUFFIX|PRON:3MS
w-s006-a100-w013	6:100	6:100	13	6:100:13	وَتَعَٰلَىٰ	تَعَٰلَىٰ	ع ل و	V	PERF				PREFIX|w:CONJ+ | STEM|POS:V|PERF|LEM:taEa`laY`|ROOT:Elw|3MS
w-s006-a100-w014	6:100	6:100	14	6:100:14	عَمَّا	عَن;مَا		P;REL					STEM|POS:P|LEM:Ean | STEM|POS:REL|LEM:maA
w-s006-a100-w015	6:100	6:100	15	6:100:15	يَصِفُونَ	يَصِفُ	و ص ف	V	IMPF				STEM|POS:V|IMPF|LEM:yaSifu|ROOT:wSf|3MP | SUFFIX|PRON:3MP
w-s006-a101-w001	6:101	6:101	1	6:101:1	بَدِيعُ	بَدِيع	ب د ع	N					STEM|POS:N|LEM:badiyE|ROOT:bdE|MS|NOM
w-s006-a101-w002	6:101	6:101	2	6:101:2	ٱلسَّمَٰوَٰتِ	سَمَآء	س م و	N					PREFIX|Al+ | STEM|POS:N|LEM:samaA^'|ROOT:smw|FP|GEN
w-s006-a101-w003	6:101	6:101	3	6:101:3	وَٱلْأَرْضِ	أَرْض	ء ر ض	N					PREFIX|w:CONJ+ | PREFIX|Al+ | STEM|POS:N|LEM:>aroD|ROOT:ArD|F|GEN
w-s006-a101-w004	6:101	6:101	4	6:101:4	أَنَّىٰ	أَنَّىٰ	ء ن ي	INTG					STEM|POS:INTG|LEM:>an~aY`|ROOT:Any
w-s006-a101-w005	6:101	6:101	5	6:101:5	يَكُونُ	كَانَ	ك و ن	V	IMPF				STEM|POS:V|IMPF|LEM:kaAna|ROOT:kwn|SP:kaAn|3MS
w-s006-a101-w006	6:101	6:101	6	6:101:6	لَهُۥ			PRON					PREFIX|l:P+ | STEM|POS:PRON|3MS
w-s006-a101-w007	6:101	6:101	7	6:101:7	وَلَدٌ	وَلَد	و ل د	N					STEM|POS:N|LEM:walad|ROOT:wld|M|INDEF|NOM
w-s006-a101-w008	6:101	6:101	8	6:101:8	وَلَمْ	لَم		NEG					PREFIX|w:CONJ+ | STEM|POS:NEG|LEM:lam
w-s006-a101-w009	6:101	6:101	9	6:101:9	تَكُن	كَانَ	ك و ن	V	IMPF	JUS			STEM|POS:V|IMPF|LEM:kaAna|ROOT:kwn|SP:kaAn|3FS|MOOD:JUS
w-s006-a101-w010	6:101	6:101	10	6:101:10	لَّهُۥ			PRON					PREFIX|l:P+ | STEM|POS:PRON|3MS
w-s006-a101-w011	6:101	6:101	11	6:101:11	صَٰحِبَةٌ	صَٰحِبَة	ص ح ب	N					STEM|POS:N|LEM:Sa`Hibap|ROOT:SHb|F|INDEF|NOM
w-s006-a101-w012	6:101	6:101	12	6:101:12	وَخَلَقَ	خَلَقَ	خ ل ق	V	PERF				PREFIX|w:REM+ | STEM|POS:V|PERF|LEM:xalaqa|ROOT:xlq|3MS
w-s006-a101-w013	6:101	6:101	13	6:101:13	كُلَّ	كُلّ	ك ل ل	N					STEM|POS:N|LEM:kul~|ROOT:kll|M|ACC
w-s006-a101-w014	6:101	6:101	14	6:101:14	شَىْءٍ	شَىْء	ش ي ء	N					STEM|POS:N|LEM:$aYo'|ROOT:$yA|M|INDEF|GEN
w-s006-a101-w015	6:101	6:101	15	6:101:15	وَهُوَ			PRON					PREFIX|w:REM+ | STEM|POS:PRON|3MS
w-s006-a101-w016	6:101	6:101	16	6:101:16	بِكُلِّ	كُلّ	ك ل ل	N					PREFIX|bi+ | STEM|POS:N|LEM:kul~|ROOT:kll|M|GEN
w-s006-a101-w017	6:101	6:101	17	6:101:17	شَىْءٍ	شَىْء	ش ي ء	N					STEM|POS:N|LEM:$aYo'|ROOT:$yA|M|INDEF|GEN
w-s006-a101-w018	6:101	6:101	18	6:101:18	عَلِيمٌ	عَلِيم	ع ل م	N					STEM|POS:N|LEM:Ealiym|ROOT:Elm|MS|INDEF|NOM
w-s006-a102-w001	6:102	6:102	1	6:102:1	ذَٰلِكُمُ	ذَٰلِك		DEM					STEM|POS:DEM|LEM:*a`lik|2MP
w-s006-a102-w002	6:102	6:102	2	6:102:2	ٱللَّهُ	ٱللَّه	ء ل ه	PN					STEM|POS:PN|LEM:{ll~ah|ROOT:Alh|NOM
w-s006-a102-w003	6:102	6:102	3	6:102:3	رَبُّكُمْ	رَبّ	ر ب ب	N					STEM|POS:N|LEM:rab~|ROOT:rbb|M|NOM | SUFFIX|PRON:2MP
w-s006-a102-w004	6:102	6:102	4	6:102:4	لَآ	لَا		NEG					STEM|POS:NEG|LEM:laA|SP:<in~
w-s006-a102-w005	6:102	6:102	5	6:102:5	إِلَٰهَ	إِلَٰه	ء ل ه	N					STEM|POS:N|LEM:<ila`h|ROOT:Alh|MS|ACC
w-s006-a102-w006	6:102	6:102	6	6:102:6	إِلَّا	إِلَّا		EXP					STEM|POS:EXP|LEM:<il~aA
w-s006-a102-w007	6:102	6:102	7	6:102:7	هُوَ			PRON					STEM|POS:PRON|3MS
w-s006-a102-w008	6:102	6:102	8	6:102:8	خَٰلِقُ	خَٰلِق	خ ل ق	N			ACT		STEM|POS:N|ACT|PCPL|LEM:xa`liq|ROOT:xlq|M|NOM
w-s006-a102-w009	6:102	6:102	9	6:102:9	كُلِّ	كُلّ	ك ل ل	N					STEM|POS:N|LEM:kul~|ROOT:kll|M|GEN
w-s006-a102-w010	6:102	6:102	10	6:102:10	شَىْءٍ	شَىْء	ش ي ء	N					STEM|POS:N|LEM:$aYo'|ROOT:$yA|M|INDEF|GEN
w-s006-a102-w011	6:102	6:102	11	6:102:11	فَٱعْبُدُوهُ	عَبَدَ	ع ب د	V	IMPV				PREFIX|f:REM+ | STEM|POS:V|IMPV|LEM:Eabada|ROOT:Ebd|2MP | SUFFIX|PRON:2MP | SUFFIX|PRON:3MS
w-s006-a102-w012	6:102	6:102	12	6:102:12	وَهُوَ			PRON					PREFIX|w:CONJ+ | STEM|POS:PRON|3MS
w-s006-a102-w013	6:102	6:102	13	6:102:13	عَلَىٰ	عَلَىٰ		P					STEM|POS:P|LEM:EalaY`
w-s006-a102-w014	6:102	6:102	14	6:102:14	كُلِّ	كُلّ	ك ل ل	N					STEM|POS:N|LEM:kul~|ROOT:kll|M|GEN
w-s006-a102-w015	6:102	6:102	15	6:102:15	شَىْءٍ	شَىْء	ش ي ء	N					STEM|POS:N|LEM:$aYo'|ROOT:$yA|M|INDEF|GEN
w-s006-a102-w016	6:102	6:102	16	6:102:16	وَكِيلٌ	وَكِيل	و ك ل	N					STEM|POS:N|LEM:wakiyl|ROOT:wkl|M|INDEF|NOM
w-s006-a103-w001	6:103	6:103	1	6:103:1	لَّا	لَا		NEG					STEM|POS:NEG|LEM:laA
w-s006-a103-w002	6:103	6:103	2	6:103:2	تُدْرِكُهُ	أَدْرَكَ	د ر ك	V	IMPF			IV	STEM|POS:V|IMPF|(IV)|LEM:>adoraka|ROOT:drk|3FS | SUFFIX|PRON:3MS
w-s006-a103-w003	6:103	6:103	3	6:103:3	ٱلْأَبْصَٰرُ	بَصَر	ب ص ر	N					PREFIX|Al+ | STEM|POS:N|LEM:baSar|ROOT:bSr|MP|NOM
w-s006-a103-w004	6:103	6:103	4	6:103:4	وَهُوَ			PRON					PREFIX|w:REM+ | STEM|POS:PRON|3MS
w-s006-a103-w005	6:103	6:103	5	6:103:5	يُدْرِكُ	أَدْرَكَ	د ر ك	V	IMPF			IV	STEM|POS:V|IMPF|(IV)|LEM:>adoraka|ROOT:drk|3MS
w-s006-a103-w006	6:103	6:103	6	6:103:6	ٱلْأَبْصَٰرَ	بَصَر	ب ص ر	N					PREFIX|Al+ | STEM|POS:N|LEM:baSar|ROOT:bSr|MP|ACC
w-s006-a103-w007	6:103	6:103	7	6:103:7	وَهُوَ			PRON					PREFIX|w:REM+ | STEM|POS:PRON|3MS
w-s006-a103-w008	6:103	6:103	8	6:103:8	ٱللَّطِيفُ	لَطِيف	ل ط ف	N					PREFIX|Al+ | STEM|POS:N|LEM:laTiyf|ROOT:lTf|MS|NOM
w-s006-a103-w009	6:103	6:103	9	6:103:9	ٱلْخَبِيرُ	خَبِير	خ ب ر	ADJ					PREFIX|Al+ | STEM|POS:ADJ|LEM:xabiyr|ROOT:xbr|MS|NOM
w-s006-a104-w001	6:104	6:104	1	6:104:1	قَدْ	قَد		CERT					STEM|POS:CERT|LEM:qad
w-s006-a104-w002	6:104	6:104	2	6:104:2	جَآءَكُم	جَآءَ	ج ي ء	V	PERF				STEM|POS:V|PERF|LEM:jaA^'a|ROOT:jyA|3MS | SUFFIX|PRON:2MP
w-s006-a104-w003	6:104	6:104	3	6:104:3	بَصَآئِرُ	بَصِيرَة	ب ص ر	N					STEM|POS:N|LEM:baSiyrap|ROOT:bSr|MP|NOM
w-s006-a104-w004	6:104	6:104	4	6:104:4	مِن	مِن		P					STEM|POS:P|LEM:min
w-s006-a104-w005	6:104	6:104	5	6:104:5	رَّبِّكُمْ	رَبّ	ر ب ب	N					STEM|POS:N|LEM:rab~|ROOT:rbb|M|GEN | SUFFIX|PRON:2MP
w-s006-a104-w006	6:104	6:104	6	6:104:6	فَمَنْ	مَن		COND					PREFIX|f:REM+ | STEM|POS:COND|LEM:man
w-s006-a104-w007	6:104	6:104	7	6:104:7	أَبْصَرَ	أَبْصَرَ	ب ص ر	V	PERF			IV	STEM|POS:V|PERF|(IV)|LEM:>aboSara|ROOT:bSr|3MS
w-s006-a104-w008	6:104	6:104	8	6:104:8	فَلِنَفْسِهِۦ	نَفْس	ن ف س	N					PREFIX|f:RSLT+ | PREFIX|l:P+ | STEM|POS:N|LEM:nafos|ROOT:nfs|FS|GEN | SUFFIX|PRON:3MS
w-s006-a104-w009	6:104	6:104	9	6:104:9	وَمَنْ	مَن		COND					PREFIX|w:CONJ+ | STEM|POS:COND|LEM:man
w-s006-a104-w010	6:104	6:104	10	6:104:10	عَمِىَ	عَمِىَ	ع م ي	V	PERF				STEM|POS:V|PERF|LEM:EamiYa|ROOT:Emy|3MS
w-s006-a104-w011	6:104	6:104	11	6:104:11	فَعَلَيْهَا	عَلَىٰ		P					PREFIX|f:RSLT+ | STEM|POS:P|LEM:EalaY` | SUFFIX|PRON:3FS
w-s006-a104-w012	6:104	6:104	12	6:104:12	وَمَآ	مَا		NEG					PREFIX|w:REM+ | STEM|POS:NEG|LEM:maA|SP:kaAn
w-s006-a104-w013	6:104	6:104	13	6:104:13	أَنَا۠			PRON					STEM|POS:PRON|1S
w-s006-a104-w014	6:104	6:104	14	6:104:14	عَلَيْكُم	عَلَىٰ		P					STEM|POS:P|LEM:EalaY` | SUFFIX|PRON:2MP
w-s006-a104-w015	6:104	6:104	15	6:104:15	بِحَفِيظٍ	حَفِيظ	ح ف ظ	N			ACT		PREFIX|bi+ | STEM|POS:N|ACT|PCPL|LEM:HafiyZ|ROOT:HfZ|MS|INDEF|GEN
w-s006-a105-w001	6:105	6:105	1	6:105:1	وَكَذَٰلِكَ	ذَٰلِك		DEM					PREFIX|w:CONJ+ | PREFIX|ka+ | STEM|POS:DEM|LEM:*a`lik|MS
w-s006-a105-w002	6:105	6:105	2	6:105:2	نُصَرِّفُ	صَرَّفْ	ص ر ف	V	IMPF			II	STEM|POS:V|IMPF|(II)|LEM:Sar~afo|ROOT:Srf|1P
w-s006-a105-w003	6:105	6:105	3	6:105:3	ٱلْءَايَٰتِ	ءَايَة	ء ي ي	N					PREFIX|Al+ | STEM|POS:N|LEM:'aAyap|ROOT:Ayy|FP|ACC
w-s006-a105-w004	6:105	6:105	4	6:105:4	وَلِيَقُولُوا۟	قَالَ	ق و ل	V	IMPF	SUBJ			PREFIX|w:CONJ+ | PREFIX|l:PRP+ | STEM|POS:V|IMPF|LEM:qaAla|ROOT:qwl|3MP|MOOD:SUBJ | SUFFIX|PRON:3MP
w-s006-a105-w005	6:105	6:105	5	6:105:5	دَرَسْتَ	دَرَسُ	د ر س	V	PERF				STEM|POS:V|PERF|LEM:darasu|ROOT:drs|2MS | SUFFIX|PRON:2MS
w-s006-a105-w006	6:105	6:105	6	6:105:6	وَلِنُبَيِّنَهُۥ	بَيَّنُ	ب ي ن	V	IMPF	SUBJ		II	PREFIX|w:CONJ+ | PREFIX|l:PRP+ | STEM|POS:V|IMPF|(II)|LEM:bay~anu|ROOT:byn|1P|MOOD:SUBJ | SUFFIX|PRON:3MS
w-s006-a105-w007	6:105	6:105	7	6:105:7	لِقَوْمٍ	قَوْم	ق و م	N					PREFIX|l:P+ | STEM|POS:N|LEM:qawom|ROOT:qwm|M|INDEF|GEN
w-s006-a105-w008	6:105	6:105	8	6:105:8	يَعْلَمُونَ	عَلِمَ	ع ل م	V	IMPF				STEM|POS:V|IMPF|LEM:Ealima|ROOT:Elm|3MP | SUFFIX|PRON:3MP
w-s006-a106-w001	6:106	6:106	1	6:106:1	ٱتَّبِعْ	ٱتَّبَعَ	ت ب ع	V	IMPV			VIII	STEM|POS:V|IMPV|(VIII)|LEM:{t~abaEa|ROOT:tbE|2MS
w-s006-a106-w002	6:106	6:106	2	6:106:2	مَآ	مَا		REL					STEM|POS:REL|LEM:maA
w-s006-a106-w003	6:106	6:106	3	6:106:3	أُوحِىَ	أَوْحَىٰٓ	و ح ي	V	PERF		PASS	IV	STEM|POS:V|PERF|PASS|(IV)|LEM:>awoHaY`^|ROOT:wHy|3MS
w-s006-a106-w004	6:106	6:106	4	6:106:4	إِلَيْكَ	إِلَىٰ		P					STEM|POS:P|LEM:<ilaY` | SUFFIX|PRON:2MS
w-s006-a106-w005	6:106	6:106	5	6:106:5	مِن	مِن		P					STEM|POS:P|LEM:min
w-s006-a106-w006	6:106	6:106	6	6:106:6	رَّبِّكَ	رَبّ	ر ب ب	N					STEM|POS:N|LEM:rab~|ROOT:rbb|M|GEN | SUFFIX|PRON:2MS
w-s006-a106-w007	6:106	6:106	7	6:106:7	لَآ	لَا		NEG					STEM|POS:NEG|LEM:laA|SP:<in~
w-s006-a106-w008	6:106	6:106	8	6:106:8	إِلَٰهَ	إِلَٰه	ء ل ه	N					STEM|POS:N|LEM:<ila`h|ROOT:Alh|MS|ACC
w-s006-a106-w009	6:106	6:106	9	6:106:9	إِلَّا	إِلَّا		EXP					STEM|POS:EXP|LEM:<il~aA
w-s006-a106-w010	6:106	6:106	10	6:106:10	هُوَ			PRON					STEM|POS:PRON|3MS
w-s006-a106-w011	6:106	6:106	11	6:106:11	وَأَعْرِضْ	أَعْرَضَ	ع ر ض	V	IMPV			IV	PREFIX|w:CONJ+ | STEM|POS:V|IMPV|(IV)|LEM:>aEoraDa|ROOT:ErD|2MS
w-s006-a106-w012	6:106	6:106	12	6:106:12	عَنِ	عَن		P					STEM|POS:P|LEM:Ean
w-s006-a106-w013	6:106	6:106	13	6:106:13	ٱلْمُشْرِكِينَ	مُشْرِك	ش ر ك	N			ACT	IV	PREFIX|Al+ | STEM|POS:N|ACT|PCPL|(IV)|LEM:mu$orik|ROOT:$rk|MP|GEN
w-s006-a107-w001	6:107	6:107	1	6:107:1	وَلَوْ	لَو		COND					PREFIX|w:REM+ | STEM|POS:COND|LEM:law
w-s006-a107-w002	6:107	6:107	2	6:107:2	شَآءَ	شَآءَ	ش ي ء	V	PERF				STEM|POS:V|PERF|LEM:$aA^'a|ROOT:$yA|3MS
w-s006-a107-w003	6:107	6:107	3	6:107:3	ٱللَّهُ	ٱللَّه	ء ل ه	PN					STEM|POS:PN|LEM:{ll~ah|ROOT:Alh|NOM
w-s006-a107-w004	6:107	6:107	4	6:107:4	مَآ	مَا		NEG					STEM|POS:NEG|LEM:maA
w-s006-a107-w005	6:107	6:107	5	6:107:5	أَشْرَكُوا۟	أَشْرَكَ	ش ر ك	V	PERF			IV	STEM|POS:V|PERF|(IV)|LEM:>a$oraka|ROOT:$rk|3MP | SUFFIX|PRON:3MP
w-s006-a107-w006	6:107	6:107	6	6:107:6	وَمَا	مَا		NEG					PREFIX|w:CONJ+ | STEM|POS:NEG|LEM:maA
w-s006-a107-w007	6:107	6:107	7	6:107:7	جَعَلْنَٰكَ	جَعَلَ	ج ع ل	V	PERF				STEM|POS:V|PERF|LEM:jaEala|ROOT:jEl|1P | SUFFIX|PRON:1P | SUFFIX|PRON:2MS
w-s006-a107-w008	6:107	6:107	8	6:107:8	عَلَيْهِمْ	عَلَىٰ		P					STEM|POS:P|LEM:EalaY` | SUFFIX|PRON:3MP
w-s006-a107-w009	6:107	6:107	9	6:107:9	حَفِيظًا	حَفِيظ	ح ف ظ	N			ACT		STEM|POS:N|ACT|PCPL|LEM:HafiyZ|ROOT:HfZ|MS|INDEF|ACC
w-s006-a107-w010	6:107	6:107	10	6:107:10	وَمَآ	مَا		NEG					PREFIX|w:CONJ+ | STEM|POS:NEG|LEM:maA|SP:kaAn
w-s006-a107-w011	6:107	6:107	11	6:107:11	أَنتَ			PRON					STEM|POS:PRON|2MS
w-s006-a107-w012	6:107	6:107	12	6:107:12	عَلَيْهِم	عَلَىٰ		P					STEM|POS:P|LEM:EalaY` | SUFFIX|PRON:3MP
w-s006-a107-w013	6:107	6:107	13	6:107:13	بِوَكِيلٍ	وَكِيل	و ك ل	N					PREFIX|bi+ | STEM|POS:N|LEM:wakiyl|ROOT:wkl|M|INDEF|GEN
w-s006-a108-w001	6:108	6:108	1	6:108:1	وَلَا	لَا		PRO					PREFIX|w:REM+ | STEM|POS:PRO|LEM:laA
w-s006-a108-w002	6:108	6:108	2	6:108:2	تَسُبُّوا۟	يَسُبُّ	س ب ب	V	IMPF	JUS			STEM|POS:V|IMPF|LEM:yasub~u|ROOT:sbb|2MP|MOOD:JUS | SUFFIX|PRON:2MP
w-s006-a108-w003	6:108	6:108	3	6:108:3	ٱلَّذِينَ	ٱلَّذِى		REL					STEM|POS:REL|LEM:{l~a*iY|MP
w-s006-a108-w004	6:108	6:108	4	6:108:4	يَدْعُونَ	دَعَا	د ع و	V	IMPF				STEM|POS:V|IMPF|LEM:daEaA|ROOT:dEw|3MP | SUFFIX|PRON:3MP
w-s006-a108-w005	6:108	6:108	5	6:108:5	مِن	مِن		P					STEM|POS:P|LEM:min
w-s006-a108-w006	6:108	6:108	6	6:108:6	دُونِ	دُون	د و ن	N					STEM|POS:N|LEM:duwn|ROOT:dwn|GEN
w-s006-a108-w007	6:108	6:108	7	6:108:7	ٱللَّهِ	ٱللَّه	ء ل ه	PN					STEM|POS:PN|LEM:{ll~ah|ROOT:Alh|GEN
w-s006-a108-w008	6:108	6:108	8	6:108:8	فَيَسُبُّوا۟	يَسُبُّ	س ب ب	V	IMPF	SUBJ			PREFIX|f:CAUS+ | STEM|POS:V|IMPF|LEM:yasub~u|ROOT:sbb|3MP|MOOD:SUBJ | SUFFIX|PRON:3MP
w-s006-a108-w009	6:108	6:108	9	6:108:9	ٱللَّهَ	ٱللَّه	ء ل ه	PN					STEM|POS:PN|LEM:{ll~ah|ROOT:Alh|ACC
w-s006-a108-w010	6:108	6:108	10	6:108:10	عَدْوًۢا	عَدْو	ع د و	N					STEM|POS:N|LEM:Eadow|ROOT:Edw|M|INDEF|ACC
w-s006-a108-w011	6:108	6:108	11	6:108:11	بِغَيْرِ	غَيْر	غ ي ر	N					PREFIX|bi+ | STEM|POS:N|LEM:gayor|ROOT:gyr|M|GEN
w-s006-a108-w012	6:108	6:108	12	6:108:12	عِلْمٍ	عِلْم	ع ل م	N					STEM|POS:N|LEM:Eilom|ROOT:Elm|M|INDEF|GEN
w-s006-a108-w013	6:108	6:108	13	6:108:13	كَذَٰلِكَ	ذَٰلِك		DEM					PREFIX|ka+ | STEM|POS:DEM|LEM:*a`lik|MS
w-s006-a108-w014	6:108	6:108	14	6:108:14	زَيَّنَّا	زَيَّنَ	ز ي ن	V	PERF			II	STEM|POS:V|PERF|(II)|LEM:zay~ana|ROOT:zyn|1P | SUFFIX|PRON:1P
w-s006-a108-w015	6:108	6:108	15	6:108:15	لِكُلِّ	كُلّ	ك ل ل	N					PREFIX|l:P+ | STEM|POS:N|LEM:kul~|ROOT:kll|M|GEN
w-s006-a108-w016	6:108	6:108	16	6:108:16	أُمَّةٍ	أُمَّة	ء م م	N					STEM|POS:N|LEM:>um~ap|ROOT:Amm|FS|INDEF|GEN
w-s006-a108-w017	6:108	6:108	17	6:108:17	عَمَلَهُمْ	عَمَل	ع م ل	N					STEM|POS:N|LEM:Eamal|ROOT:Eml|M|ACC | SUFFIX|PRON:3MP
w-s006-a108-w018	6:108	6:108	18	6:108:18	ثُمَّ	ثُمّ		CONJ					STEM|POS:CONJ|LEM:vum~
w-s006-a108-w019	6:108	6:108	19	6:108:19	إِلَىٰ	إِلَىٰ		P					STEM|POS:P|LEM:<ilaY`
w-s006-a108-w020	6:108	6:108	20	6:108:20	رَبِّهِم	رَبّ	ر ب ب	N					STEM|POS:N|LEM:rab~|ROOT:rbb|M|GEN | SUFFIX|PRON:3MP
w-s006-a108-w021	6:108	6:108	21	6:108:21	مَّرْجِعُهُمْ	مَرْجِع	ر ج ع	N					STEM|POS:N|LEM:marojiE|ROOT:rjE|M|NOM | SUFFIX|PRON:3MP
w-s006-a108-w022	6:108	6:108	22	6:108:22	فَيُنَبِّئُهُم	نَبَّأَ	ن ب ء	V	IMPF			II	PREFIX|f:REM+ | STEM|POS:V|IMPF|(II)|LEM:nab~a>a|ROOT:nbA|3MS | SUFFIX|PRON:3MP
w-s006-a108-w023	6:108	6:108	23	6:108:23	بِمَا	مَا		REL					PREFIX|bi+ | STEM|POS:REL|LEM:maA
w-s006-a108-w024	6:108	6:108	24	6:108:24	كَانُوا۟	كَانَ	ك و ن	V	PERF				STEM|POS:V|PERF|LEM:kaAna|ROOT:kwn|SP:kaAn|3MP | SUFFIX|PRON:3MP
w-s006-a108-w025	6:108	6:108	25	6:108:25	يَعْمَلُونَ	عَمِلَ	ع م ل	V	IMPF				STEM|POS:V|IMPF|LEM:Eamila|ROOT:Eml|3MP | SUFFIX|PRON:3MP
w-s006-a109-w001	6:109	6:109	1	6:109:1	وَأَقْسَمُوا۟	أَقْسَمُ	ق س م	V	PERF			IV	PREFIX|w:REM+ | STEM|POS:V|PERF|(IV)|LEM:>aqosamu|ROOT:qsm|3MP | SUFFIX|PRON:3MP
w-s006-a109-w002	6:109	6:109	2	6:109:2	بِٱللَّهِ	ٱللَّه	ء ل ه	PN					PREFIX|bi+ | STEM|POS:PN|LEM:{ll~ah|ROOT:Alh|GEN
w-s006-a109-w003	6:109	6:109	3	6:109:3	جَهْدَ	جَهْد	ج ه د	N					STEM|POS:N|VN|LEM:jahod|ROOT:jhd|M|ACC
w-s006-a109-w004	6:109	6:109	4	6:109:4	أَيْمَٰنِهِمْ	يَمِين	ي م ن	N					STEM|POS:N|LEM:yamiyn|ROOT:ymn|MP|GEN | SUFFIX|PRON:3MP
w-s006-a109-w005	6:109	6:109	5	6:109:5	لَئِن	إِن		COND					PREFIX|l:EMPH+ | STEM|POS:COND|LEM:<in
w-s006-a109-w006	6:109	6:109	6	6:109:6	جَآءَتْهُمْ	جَآءَ	ج ي ء	V	PERF				STEM|POS:V|PERF|LEM:jaA^'a|ROOT:jyA|3FS | SUFFIX|PRON:3MP
w-s006-a109-w007	6:109	6:109	7	6:109:7	ءَايَةٌ	ءَايَة	ء ي ي	N					STEM|POS:N|LEM:'aAyap|ROOT:Ayy|FS|INDEF|NOM
w-s006-a109-w008	6:109	6:109	8	6:109:8	لَّيُؤْمِنُنَّ	ءَامَنَ	ء م ن	V	IMPF			IV	PREFIX|l:EMPH+ | STEM|POS:V|IMPF|(IV)|LEM:'aAmana|ROOT:Amn|3MP | SUFFIX|+n:EMPH
w-s006-a109-w009	6:109	6:109	9	6:109:9	بِهَا			PRON					PREFIX|bi+ | STEM|POS:PRON|3FS
w-s006-a109-w010	6:109	6:109	10	6:109:10	قُلْ	قَالَ	ق و ل	V	IMPV				STEM|POS:V|IMPV|LEM:qaAla|ROOT:qwl|2MS
w-s006-a109-w011	6:109	6:109	11	6:109:11	إِنَّمَا	إِنّ;مَا		ACC;PREV					STEM|POS:ACC|LEM:<in~|SP:<in~ | STEM|POS:PREV|LEM:maA
w-s006-a109-w012	6:109	6:109	12	6:109:12	ٱلْءَايَٰتُ	ءَايَة	ء ي ي	N					PREFIX|Al+ | STEM|POS:N|LEM:'aAyap|ROOT:Ayy|FP|NOM
w-s006-a109-w013	6:109	6:109	13	6:109:13	عِندَ	عِند	ع ن د	LOC					STEM|POS:LOC|LEM:Eind|ROOT:End|ACC
w-s006-a109-w014	6:109	6:109	14	6:109:14	ٱللَّهِ	ٱللَّه	ء ل ه	PN					STEM|POS:PN|LEM:{ll~ah|ROOT:Alh|GEN
w-s006-a109-w015	6:109	6:109	15	6:109:15	وَمَا	مَا		INTG					PREFIX|w:CONJ+ | STEM|POS:INTG|LEM:maA
w-s006-a109-w016	6:109	6:109	16	6:109:16	يُشْعِرُكُمْ	يُشْعِرُ	ش ع ر	V	IMPF			IV	STEM|POS:V|IMPF|(IV)|LEM:yu$oEiru|ROOT:$Er|3MS | SUFFIX|PRON:2MP
w-s006-a109-w017	6:109	6:109	17	6:109:17	أَنَّهَآ	أَنّ		ACC					STEM|POS:ACC|LEM:>an~|SP:<in~ | SUFFIX|PRON:3FS
w-s006-a109-w018	6:109	6:109	18	6:109:18	إِذَا	إِذَا		T					STEM|POS:T|LEM:<i*aA
w-s006-a109-w019	6:109	6:109	19	6:109:19	جَآءَتْ	جَآءَ	ج ي ء	V	PERF				STEM|POS:V|PERF|LEM:jaA^'a|ROOT:jyA|3FS
w-s006-a109-w020	6:109	6:109	20	6:109:20	لَا	لَا		NEG					STEM|POS:NEG|LEM:laA
w-s006-a109-w021	6:109	6:109	21	6:109:21	يُؤْمِنُونَ	ءَامَنَ	ء م ن	V	IMPF			IV	STEM|POS:V|IMPF|(IV)|LEM:'aAmana|ROOT:Amn|3MP | SUFFIX|PRON:3MP
w-s006-a110-w001	6:110	6:110	1	6:110:1	وَنُقَلِّبُ	قَلَّبُ	ق ل ب	V	IMPF			II	PREFIX|w:CONJ+ | STEM|POS:V|IMPF|(II)|LEM:qal~abu|ROOT:qlb|1P
w-s006-a110-w002	6:110	6:110	2	6:110:2	أَفْـِٔدَتَهُمْ	فُؤَاد	ف ء د	N					STEM|POS:N|LEM:fu&aAd|ROOT:fAd|MP|ACC | SUFFIX|PRON:3MP
w-s006-a110-w003	6:110	6:110	3	6:110:3	وَأَبْصَٰرَهُمْ	بَصَر	ب ص ر	N					PREFIX|w:CONJ+ | STEM|POS:N|LEM:baSar|ROOT:bSr|MP|ACC | SUFFIX|PRON:3MP
w-s006-a110-w004	6:110	6:110	4	6:110:4	كَمَا	مَا		SUB					PREFIX|ka+ | STEM|POS:SUB|LEM:maA
w-s006-a110-w005	6:110	6:110	5	6:110:5	لَمْ	لَم		NEG					STEM|POS:NEG|LEM:lam
w-s006-a110-w006	6:110	6:110	6	6:110:6	يُؤْمِنُوا۟	ءَامَنَ	ء م ن	V	IMPF	JUS		IV	STEM|POS:V|IMPF|(IV)|LEM:'aAmana|ROOT:Amn|3MP|MOOD:JUS | SUFFIX|PRON:3MP
w-s006-a110-w007	6:110	6:110	7	6:110:7	بِهِۦٓ			PRON					PREFIX|bi+ | STEM|POS:PRON|3MS
w-s006-a110-w008	6:110	6:110	8	6:110:8	أَوَّلَ	أَوَّل	ء و ل	T					STEM|POS:T|LEM:>aw~al|ROOT:Awl|MS|ACC
w-s006-a110-w009	6:110	6:110	9	6:110:9	مَرَّةٍ	مَرَّة	م ر ر	N					STEM|POS:N|LEM:mar~ap|ROOT:mrr|M|INDEF|GEN
w-s006-a110-w010	6:110	6:110	10	6:110:10	وَنَذَرُهُمْ	يَذَرَ	و ذ ر	V	IMPF				PREFIX|w:CONJ+ | STEM|POS:V|IMPF|LEM:ya*ara|ROOT:w*r|1P | SUFFIX|PRON:3MP
w-s006-a110-w011	6:110	6:110	11	6:110:11	فِى	فِى		P					STEM|POS:P|LEM:fiY
w-s006-a110-w012	6:110	6:110	12	6:110:12	طُغْيَٰنِهِمْ	طُغْيَٰن	ط غ ي	N					STEM|POS:N|VN|LEM:Tugoya`n|ROOT:Tgy|M|GEN | SUFFIX|PRON:3MP
w-s006-a110-w013	6:110	6:110	13	6:110:13	يَعْمَهُونَ	يَعْمَهُ	ع م ه	V	IMPF				STEM|POS:V|IMPF|LEM:yaEomahu|ROOT:Emh|3MP | SUFFIX|PRON:3MP
w-s006-a111-w001	6:111	6:111	1	6:111:1	وَلَوْ	لَو		COND					PREFIX|w:REM+ | STEM|POS:COND|LEM:law
w-s006-a111-w002	6:111	6:111	2	6:111:2	أَنَّنَا	أَنّ		ACC					STEM|POS:ACC|LEM:>an~|SP:<in~ | SUFFIX|PRON:1P
w-s006-a111-w003	6:111	6:111	3	6:111:3	نَزَّلْنَآ	نَزَّلَ	ن ز ل	V	PERF			II	STEM|POS:V|PERF|(II)|LEM:naz~ala|ROOT:nzl|1P | SUFFIX|PRON:1P
w-s006-a111-w004	6:111	6:111	4	6:111:4	إِلَيْهِمُ	إِلَىٰ		P					STEM|POS:P|LEM:<ilaY` | SUFFIX|PRON:3MP
w-s006-a111-w005	6:111	6:111	5	6:111:5	ٱلْمَلَٰٓئِكَةَ	مَلَك	م ل ك	N					PREFIX|Al+ | STEM|POS:N|LEM:malak|ROOT:mlk|MP|ACC
w-s006-a111-w006	6:111	6:111	6	6:111:6	وَكَلَّمَهُمُ	كَلَّمَ	ك ل م	V	PERF			II	PREFIX|w:CONJ+ | STEM|POS:V|PERF|(II)|LEM:kal~ama|ROOT:klm|3MS | SUFFIX|PRON:3MP
w-s006-a111-w007	6:111	6:111	7	6:111:7	ٱلْمَوْتَىٰ	مَّيِّت	م و ت	N					PREFIX|Al+ | STEM|POS:N|LEM:m~ay~it|ROOT:mwt|P|NOM
w-s006-a111-w008	6:111	6:111	8	6:111:8	وَحَشَرْنَا	حَشَرَ	ح ش ر	V	PERF				PREFIX|w:CONJ+ | STEM|POS:V|PERF|LEM:Ha$ara|ROOT:H$r|1P | SUFFIX|PRON:1P
w-s006-a111-w009	6:111	6:111	9	6:111:9	عَلَيْهِمْ	عَلَىٰ		P					STEM|POS:P|LEM:EalaY` | SUFFIX|PRON:3MP
w-s006-a111-w010	6:111	6:111	10	6:111:10	كُلَّ	كُلّ	ك ل ل	N					STEM|POS:N|LEM:kul~|ROOT:kll|M|ACC
w-s006-a111-w011	6:111	6:111	11	6:111:11	شَىْءٍ	شَىْء	ش ي ء	N					STEM|POS:N|LEM:$aYo'|ROOT:$yA|M|INDEF|GEN
w-s006-a111-w012	6:111	6:111	12	6:111:12	قُبُلًا	قُبُل	ق ب ل	N					STEM|POS:N|LEM:qubul|ROOT:qbl|M|INDEF|ACC
w-s006-a111-w013	6:111	6:111	13	6:111:13	مَّا	مَا		NEG					STEM|POS:NEG|LEM:maA
w-s006-a111-w014	6:111	6:111	14	6:111:14	كَانُوا۟	كَانَ	ك و ن	V	PERF				STEM|POS:V|PERF|LEM:kaAna|ROOT:kwn|SP:kaAn|3MP | SUFFIX|PRON:3MP
w-s006-a111-w015	6:111	6:111	15	6:111:15	لِيُؤْمِنُوٓا۟	ءَامَنَ	ء م ن	V	IMPF	SUBJ		IV	PREFIX|l:PRP+ | STEM|POS:V|IMPF|(IV)|LEM:'aAmana|ROOT:Amn|3MP|MOOD:SUBJ | SUFFIX|PRON:3MP
w-s006-a111-w016	6:111	6:111	16	6:111:16	إِلَّآ	إِلَّا		EXP					STEM|POS:EXP|LEM:<il~aA
w-s006-a111-w017	6:111	6:111	17	6:111:17	أَن	أَن		SUB					STEM|POS:SUB|LEM:>an
w-s006-a111-w018	6:111	6:111	18	6:111:18	يَشَآءَ	شَآءَ	ش ي ء	V	IMPF	SUBJ			STEM|POS:V|IMPF|LEM:$aA^'a|ROOT:$yA|3MS|MOOD:SUBJ
w-s006-a111-w019	6:111	6:111	19	6:111:19	ٱللَّهُ	ٱللَّه	ء ل ه	PN					STEM|POS:PN|LEM:{ll~ah|ROOT:Alh|NOM
w-s006-a111-w020	6:111	6:111	20	6:111:20	وَلَٰكِنَّ	لَٰكِنّ		ACC					PREFIX|w:CONJ+ | STEM|POS:ACC|LEM:la`kin~|SP:<in~
w-s006-a111-w021	6:111	6:111	21	6:111:21	أَكْثَرَهُمْ	أَكْثَر	ك ث ر	N					STEM|POS:N|LEM:>akovar|ROOT:kvr|MS|ACC | SUFFIX|PRON:3MP
w-s006-a111-w022	6:111	6:111	22	6:111:22	يَجْهَلُونَ	يَجْهَلُ	ج ه ل	V	IMPF				STEM|POS:V|IMPF|LEM:yajohalu|ROOT:jhl|3MP | SUFFIX|PRON:3MP
w-s006-a112-w001	6:112	6:112	1	6:112:1	وَكَذَٰلِكَ	ذَٰلِك		DEM					PREFIX|w:CONJ+ | PREFIX|ka+ | STEM|POS:DEM|LEM:*a`lik|MS
w-s006-a112-w002	6:112	6:112	2	6:112:2	جَعَلْنَا	جَعَلَ	ج ع ل	V	PERF				STEM|POS:V|PERF|LEM:jaEala|ROOT:jEl|1P | SUFFIX|PRON:1P
w-s006-a112-w003	6:112	6:112	3	6:112:3	لِكُلِّ	كُلّ	ك ل ل	N					PREFIX|l:P+ | STEM|POS:N|LEM:kul~|ROOT:kll|M|GEN
w-s006-a112-w004	6:112	6:112	4	6:112:4	نَبِىٍّ	نَّبِىّ	ن ب ء	N					STEM|POS:N|LEM:n~abiY~|ROOT:nbA|M|INDEF|GEN
w-s006-a112-w005	6:112	6:112	5	6:112:5	عَدُوًّا	عَدُوّ	ع د و	N					STEM|POS:N|LEM:Eaduw~|ROOT:Edw|M|INDEF|ACC
w-s006-a112-w006	6:112	6:112	6	6:112:6	شَيَٰطِينَ	شَيْطَٰن	ش ط ن	N					STEM|POS:N|LEM:$ayoTa`n|ROOT:$Tn|MP|ACC
w-s006-a112-w007	6:112	6:112	7	6:112:7	ٱلْإِنسِ	إِنس	ء ن س	N					PREFIX|Al+ | STEM|POS:N|LEM:<ins|ROOT:Ans|M|GEN
w-s006-a112-w008	6:112	6:112	8	6:112:8	وَٱلْجِنِّ	جِنّ	ج ن ن	N					PREFIX|w:CONJ+ | PREFIX|Al+ | STEM|POS:N|LEM:jin~|ROOT:jnn|M|GEN
w-s006-a112-w009	6:112	6:112	9	6:112:9	يُوحِى	أَوْحَىٰٓ	و ح ي	V	IMPF			IV	STEM|POS:V|IMPF|(IV)|LEM:>awoHaY`^|ROOT:wHy|3MS
w-s006-a112-w010	6:112	6:112	10	6:112:10	بَعْضُهُمْ	بَعْض	ب ع ض	N					STEM|POS:N|LEM:baEoD|ROOT:bED|M|NOM | SUFFIX|PRON:3MP
w-s006-a112-w011	6:112	6:112	11	6:112:11	إِلَىٰ	إِلَىٰ		P					STEM|POS:P|LEM:<ilaY`
w-s006-a112-w012	6:112	6:112	12	6:112:12	بَعْضٍ	بَعْض	ب ع ض	N					STEM|POS:N|LEM:baEoD|ROOT:bED|M|INDEF|GEN
w-s006-a112-w013	6:112	6:112	13	6:112:13	زُخْرُفَ	زُخْرُف	ز خ ر ف	N					STEM|POS:N|LEM:zuxoruf|ROOT:zxrf|M|ACC
w-s006-a112-w014	6:112	6:112	14	6:112:14	ٱلْقَوْلِ	قَوْل	ق و ل	N					PREFIX|Al+ | STEM|POS:N|VN|LEM:qawol|ROOT:qwl|M|GEN
w-s006-a112-w015	6:112	6:112	15	6:112:15	غُرُورًا	غُرُور	غ ر ر	N					STEM|POS:N|LEM:guruwr|ROOT:grr|M|INDEF|ACC
w-s006-a112-w016	6:112	6:112	16	6:112:16	وَلَوْ	لَو		COND					PREFIX|w:REM+ | STEM|POS:COND|LEM:law
w-s006-a112-w017	6:112	6:112	17	6:112:17	شَآءَ	شَآءَ	ش ي ء	V	PERF				STEM|POS:V|PERF|LEM:$aA^'a|ROOT:$yA|3MS
w-s006-a112-w018	6:112	6:112	18	6:112:18	رَبُّكَ	رَبّ	ر ب ب	N					STEM|POS:N|LEM:rab~|ROOT:rbb|M|NOM | SUFFIX|PRON:2MS
w-s006-a112-w019	6:112	6:112	19	6:112:19	مَا	مَا		NEG					STEM|POS:NEG|LEM:maA
w-s006-a112-w020	6:112	6:112	20	6:112:20	فَعَلُوهُ	فَعَلَ	ف ع ل	V	PERF				STEM|POS:V|PERF|LEM:faEala|ROOT:fEl|3MP | SUFFIX|PRON:3MP | SUFFIX|PRON:3MS
w-s006-a112-w021	6:112	6:112	21	6:112:21	فَذَرْهُمْ	يَذَرَ	و ذ ر	V	IMPV				PREFIX|f:REM+ | STEM|POS:V|IMPV|LEM:ya*ara|ROOT:w*r|2MS | SUFFIX|PRON:3MP
w-s006-a112-w022	6:112	6:112	22	6:112:22	وَمَا	مَا		REL					PREFIX|w:CONJ+ | STEM|POS:REL|LEM:maA
w-s006-a112-w023	6:112	6:112	23	6:112:23	يَفْتَرُونَ	ٱفْتَرَىٰ	ف ر ي	V	IMPF			VIII	STEM|POS:V|IMPF|(VIII)|LEM:{fotaraY`|ROOT:fry|3MP | SUFFIX|PRON:3MP
w-s006-a113-w001	6:113	6:113	1	6:113:1	وَلِتَصْغَىٰٓ	صَغَتْ	ص غ و	V	IMPF	SUBJ			PREFIX|w:CONJ+ | PREFIX|l:PRP+ | STEM|POS:V|IMPF|LEM:Sagato|ROOT:Sgw|3FS|MOOD:SUBJ
w-s006-a113-w002	6:113	6:113	2	6:113:2	إِلَيْهِ	إِلَىٰ		P					STEM|POS:P|LEM:<ilaY` | SUFFIX|PRON:3MS
w-s006-a113-w003	6:113	6:113	3	6:113:3	أَفْـِٔدَةُ	فُؤَاد	ف ء د	N					STEM|POS:N|LEM:fu&aAd|ROOT:fAd|MP|NOM
w-s006-a113-w004	6:113	6:113	4	6:113:4	ٱلَّذِينَ	ٱلَّذِى		REL					STEM|POS:REL|LEM:{l~a*iY|MP
w-s006-a113-w005	6:113	6:113	5	6:113:5	لَا	لَا		NEG					STEM|POS:NEG|LEM:laA
w-s006-a113-w006	6:113	6:113	6	6:113:6	يُؤْمِنُونَ	ءَامَنَ	ء م ن	V	IMPF			IV	STEM|POS:V|IMPF|(IV)|LEM:'aAmana|ROOT:Amn|3MP | SUFFIX|PRON:3MP
w-s006-a113-w007	6:113	6:113	7	6:113:7	بِٱلْءَاخِرَةِ	آخِر	ء خ ر	N					PREFIX|bi+ | PREFIX|Al+ | STEM|POS:N|LEM:A^xir|ROOT:Axr|FS|GEN
w-s006-a113-w008	6:113	6:113	8	6:113:8	وَلِيَرْضَوْهُ	رَّضِىَ	ر ض و	V	IMPF	SUBJ			PREFIX|w:CONJ+ | PREFIX|l:PRP+ | STEM|POS:V|IMPF|LEM:r~aDiYa|ROOT:rDw|3MP|MOOD:SUBJ | SUFFIX|PRON:3MP | SUFFIX|PRON:3MS
w-s006-a113-w009	6:113	6:113	9	6:113:9	وَلِيَقْتَرِفُوا۟	ٱقْتَرَفْ	ق ر ف	V	IMPF	SUBJ		VIII	PREFIX|w:CONJ+ | PREFIX|l:PRP+ | STEM|POS:V|IMPF|(VIII)|LEM:{qotarafo|ROOT:qrf|3MP|MOOD:SUBJ | SUFFIX|PRON:3MP
w-s006-a113-w010	6:113	6:113	10	6:113:10	مَا	مَا		REL					STEM|POS:REL|LEM:maA
w-s006-a113-w011	6:113	6:113	11	6:113:11	هُم			PRON					STEM|POS:PRON|3MP
w-s006-a113-w012	6:113	6:113	12	6:113:12	مُّقْتَرِفُونَ	مُّقْتَرِفُون	ق ر ف	N			ACT	VIII	STEM|POS:N|ACT|PCPL|(VIII)|LEM:m~uqotarifuwn|ROOT:qrf|MP|NOM
w-s006-a114-w001	6:114	6:114	1	6:114:1	أَفَغَيْرَ	غَيْر	غ ي ر	N					PREFIX|A:INTG+ | PREFIX|f:SUP+ | STEM|POS:N|LEM:gayor|ROOT:gyr|M|ACC
w-s006-a114-w002	6:114	6:114	2	6:114:2	ٱللَّهِ	ٱللَّه	ء ل ه	PN					STEM|POS:PN|LEM:{ll~ah|ROOT:Alh|GEN
w-s006-a114-w003	6:114	6:114	3	6:114:3	أَبْتَغِى	ٱبْتَغَىٰ	ب غ ي	V	IMPF			VIII	STEM|POS:V|IMPF|(VIII)|LEM:{botagaY`|ROOT:bgy|1S
w-s006-a114-w004	6:114	6:114	4	6:114:4	حَكَمًا	حَكَم	ح ك م	N					STEM|POS:N|LEM:Hakam|ROOT:Hkm|M|INDEF|ACC
w-s006-a114-w005	6:114	6:114	5	6:114:5	وَهُوَ			PRON					PREFIX|w:REM+ | STEM|POS:PRON|3MS
w-s006-a114-w006	6:114	6:114	6	6:114:6	ٱلَّذِىٓ	ٱلَّذِى		REL					STEM|POS:REL|LEM:{l~a*iY|MS
w-s006-a114-w007	6:114	6:114	7	6:114:7	أَنزَلَ	أَنزَلَ	ن ز ل	V	PERF			IV	STEM|POS:V|PERF|(IV)|LEM:>anzala|ROOT:nzl|3MS
w-s006-a114-w008	6:114	6:114	8	6:114:8	إِلَيْكُمُ	إِلَىٰ		P					STEM|POS:P|LEM:<ilaY` | SUFFIX|PRON:2MP
w-s006-a114-w009	6:114	6:114	9	6:114:9	ٱلْكِتَٰبَ	كِتَٰب	ك ت ب	N					PREFIX|Al+ | STEM|POS:N|LEM:kita`b|ROOT:ktb|M|ACC
w-s006-a114-w010	6:114	6:114	10	6:114:10	مُفَصَّلًا	مُفَصَّل	ف ص ل	N			PASS	II	STEM|POS:N|PASS|PCPL|(II)|LEM:mufaS~al|ROOT:fSl|M|INDEF|ACC
w-s006-a114-w011	6:114	6:114	11	6:114:11	وَٱلَّذِينَ	ٱلَّذِى		REL					PREFIX|w:REM+ | STEM|POS:REL|LEM:{l~a*iY|MP
w-s006-a114-w012	6:114	6:114	12	6:114:12	ءَاتَيْنَٰهُمُ	آتَى	ء ت ي	V	PERF			IV	STEM|POS:V|PERF|(IV)|LEM:A^taY|ROOT:Aty|1P | SUFFIX|PRON:1P | SUFFIX|PRON:3MP
w-s006-a114-w013	6:114	6:114	13	6:114:13	ٱلْكِتَٰبَ	كِتَٰب	ك ت ب	N					PREFIX|Al+ | STEM|POS:N|LEM:kita`b|ROOT:ktb|M|ACC
w-s006-a114-w014	6:114	6:114	14	6:114:14	يَعْلَمُونَ	عَلِمَ	ع ل م	V	IMPF				STEM|POS:V|IMPF|LEM:Ealima|ROOT:Elm|3MP | SUFFIX|PRON:3MP
w-s006-a114-w015	6:114	6:114	15	6:114:15	أَنَّهُۥ	أَنّ		ACC					STEM|POS:ACC|LEM:>an~|SP:<in~ | SUFFIX|PRON:3MS
w-s006-a114-w016	6:114	6:114	16	6:114:16	مُنَزَّلٌ	مُنَزَّل	ن ز ل	N			PASS	II	STEM|POS:N|PASS|PCPL|(II)|LEM:munaz~al|ROOT:nzl|M|INDEF|NOM
w-s006-a114-w017	6:114	6:114	17	6:114:17	مِّن	مِن		P					STEM|POS:P|LEM:min
w-s006-a114-w018	6:114	6:114	18	6:114:18	رَّبِّكَ	رَبّ	ر ب ب	N					STEM|POS:N|LEM:rab~|ROOT:rbb|M|GEN | SUFFIX|PRON:2MS
w-s006-a114-w019	6:114	6:114	19	6:114:19	بِٱلْحَقِّ	حَقّ	ح ق ق	N					PREFIX|bi+ | PREFIX|Al+ | STEM|POS:N|LEM:Haq~|ROOT:Hqq|M|GEN
w-s006-a114-w020	6:114	6:114	20	6:114:20	فَلَا	لَا		NEG					PREFIX|f:REM+ | STEM|POS:NEG|LEM:laA
w-s006-a114-w021	6:114	6:114	21	6:114:21	تَكُونَنَّ	كَانَ	ك و ن	V	IMPF				STEM|POS:V|IMPF|LEM:kaAna|ROOT:kwn|SP:kaAn|2MS | SUFFIX|+n:EMPH
w-s006-a114-w022	6:114	6:114	22	6:114:22	مِنَ	مِن		P					STEM|POS:P|LEM:min
w-s006-a114-w023	6:114	6:114	23	6:114:23	ٱلْمُمْتَرِينَ	مُمْتَرِين	م ر ي	N			ACT	VIII	PREFIX|Al+ | STEM|POS:N|ACT|PCPL|(VIII)|LEM:mumotariyn|ROOT:mry|MP|GEN
w-s006-a115-w001	6:115	6:115	1	6:115:1	وَتَمَّتْ	تَمَّ	ت م م	V	PERF				PREFIX|w:REM+ | STEM|POS:V|PERF|LEM:tam~a|ROOT:tmm|3FS
w-s006-a115-w002	6:115	6:115	2	6:115:2	كَلِمَتُ	كَلِمَة	ك ل م	N					STEM|POS:N|LEM:kalimap|ROOT:klm|F|NOM
w-s006-a115-w003	6:115	6:115	3	6:115:3	رَبِّكَ	رَبّ	ر ب ب	N					STEM|POS:N|LEM:rab~|ROOT:rbb|M|GEN | SUFFIX|PRON:2MS
w-s006-a115-w004	6:115	6:115	4	6:115:4	صِدْقًا	صِدْق	ص د ق	N					STEM|POS:N|LEM:Sidoq|ROOT:Sdq|M|INDEF|ACC
w-s006-a115-w005	6:115	6:115	5	6:115:5	وَعَدْلًا	عَدْل	ع د ل	N					PREFIX|w:CONJ+ | STEM|POS:N|LEM:Eadol|ROOT:Edl|M|INDEF|ACC
w-s006-a115-w006	6:115	6:115	6	6:115:6	لَّا	لَا		NEG					STEM|POS:NEG|LEM:laA|SP:<in~
w-s006-a115-w007	6:115	6:115	7	6:115:7	مُبَدِّلَ	مُبَدِّل	ب د ل	N			ACT	II	STEM|POS:N|ACT|PCPL|(II)|LEM:mubad~il|ROOT:bdl|M|ACC
w-s006-a115-w008	6:115	6:115	8	6:115:8	لِكَلِمَٰتِهِۦ	كَلِمَٰت	ك ل م	N					PREFIX|l:P+ | STEM|POS:N|LEM:kalima`t|ROOT:klm|FP|GEN | SUFFIX|PRON:3MS
w-s006-a115-w009	6:115	6:115	9	6:115:9	وَهُوَ			PRON					PREFIX|w:REM+ | STEM|POS:PRON|3MS
w-s006-a115-w010	6:115	6:115	10	6:115:10	ٱلسَّمِيعُ	سَمِيع	س م ع	N					PREFIX|Al+ | STEM|POS:N|LEM:samiyE|ROOT:smE|MS|NOM
w-s006-a115-w011	6:115	6:115	11	6:115:11	ٱلْعَلِيمُ	عَلِيم	ع ل م	ADJ					PREFIX|Al+ | STEM|POS:ADJ|LEM:Ealiym|ROOT:Elm|MS|NOM
w-s006-a116-w001	6:116	6:116	1	6:116:1	وَإِن	إِن		COND					PREFIX|w:CONJ+ | STEM|POS:COND|LEM:<in
w-s006-a116-w002	6:116	6:116	2	6:116:2	تُطِعْ	أَطَاعَ	ط و ع	V	IMPF	JUS		IV	STEM|POS:V|IMPF|(IV)|LEM:>aTaAEa|ROOT:TwE|2MS|MOOD:JUS
w-s006-a116-w003	6:116	6:116	3	6:116:3	أَكْثَرَ	أَكْثَر	ك ث ر	N					STEM|POS:N|LEM:>akovar|ROOT:kvr|MS|ACC
w-s006-a116-w004	6:116	6:116	4	6:116:4	مَن	مَن		REL					STEM|POS:REL|LEM:man
w-s006-a116-w005	6:116	6:116	5	6:116:5	فِى	فِى		P					STEM|POS:P|LEM:fiY
w-s006-a116-w006	6:116	6:116	6	6:116:6	ٱلْأَرْضِ	أَرْض	ء ر ض	N					PREFIX|Al+ | STEM|POS:N|LEM:>aroD|ROOT:ArD|F|GEN
w-s006-a116-w007	6:116	6:116	7	6:116:7	يُضِلُّوكَ	أَضَلَّ	ض ل ل	V	IMPF	JUS		IV	STEM|POS:V|IMPF|(IV)|LEM:>aDal~a|ROOT:Dll|3MP|MOOD:JUS | SUFFIX|PRON:3MP | SUFFIX|PRON:2MS
w-s006-a116-w008	6:116	6:116	8	6:116:8	عَن	عَن		P					STEM|POS:P|LEM:Ean
w-s006-a116-w009	6:116	6:116	9	6:116:9	سَبِيلِ	سَبِيل	س ب ل	N					STEM|POS:N|LEM:sabiyl|ROOT:sbl|M|GEN
w-s006-a116-w010	6:116	6:116	10	6:116:10	ٱللَّهِ	ٱللَّه	ء ل ه	PN					STEM|POS:PN|LEM:{ll~ah|ROOT:Alh|GEN
w-s006-a116-w011	6:116	6:116	11	6:116:11	إِن	إِن		NEG					STEM|POS:NEG|LEM:<in
w-s006-a116-w012	6:116	6:116	12	6:116:12	يَتَّبِعُونَ	ٱتَّبَعَ	ت ب ع	V	IMPF			VIII	STEM|POS:V|IMPF|(VIII)|LEM:{t~abaEa|ROOT:tbE|3MP | SUFFIX|PRON:3MP
w-s006-a116-w013	6:116	6:116	13	6:116:13	إِلَّا	إِلَّا		EXP					STEM|POS:EXP|LEM:<il~aA
w-s006-a116-w014	6:116	6:116	14	6:116:14	ٱلظَّنَّ	ظَنّ	ظ ن ن	N					PREFIX|Al+ | STEM|POS:N|LEM:Zan~|ROOT:Znn|M|ACC
w-s006-a116-w015	6:116	6:116	15	6:116:15	وَإِنْ	إِن		NEG					PREFIX|w:CONJ+ | STEM|POS:NEG|LEM:<in
w-s006-a116-w016	6:116	6:116	16	6:116:16	هُمْ			PRON					STEM|POS:PRON|3MP
w-s006-a116-w017	6:116	6:116	17	6:116:17	إِلَّا	إِلَّا		RES					STEM|POS:RES|LEM:<il~aA
w-s006-a116-w018	6:116	6:116	18	6:116:18	يَخْرُصُونَ	يَخْرُصُ	خ ر ص	V	IMPF				STEM|POS:V|IMPF|LEM:yaxoruSu|ROOT:xrS|3MP | SUFFIX|PRON:3MP
w-s006-a117-w001	6:117	6:117	1	6:117:1	إِنَّ	إِنّ		ACC					STEM|POS:ACC|LEM:<in~|SP:<in~
w-s006-a117-w002	6:117	6:117	2	6:117:2	رَبَّكَ	رَبّ	ر ب ب	N					STEM|POS:N|LEM:rab~|ROOT:rbb|M|ACC | SUFFIX|PRON:2MS
w-s006-a117-w003	6:117	6:117	3	6:117:3	هُوَ			PRON					STEM|POS:PRON|3MS
w-s006-a117-w004	6:117	6:117	4	6:117:4	أَعْلَمُ	أَعْلَم	ع ل م	N					STEM|POS:N|LEM:>aEolam|ROOT:Elm|MS|NOM
w-s006-a117-w005	6:117	6:117	5	6:117:5	مَن	مَن		REL					STEM|POS:REL|LEM:man
w-s006-a117-w006	6:117	6:117	6	6:117:6	يَضِلُّ	ضَلَّ	ض ل ل	V	IMPF				STEM|POS:V|IMPF|LEM:Dal~a|ROOT:Dll|3MS
w-s006-a117-w007	6:117	6:117	7	6:117:7	عَن	عَن		P					STEM|POS:P|LEM:Ean
w-s006-a117-w008	6:117	6:117	8	6:117:8	سَبِيلِهِۦ	سَبِيل	س ب ل	N					STEM|POS:N|LEM:sabiyl|ROOT:sbl|M|GEN | SUFFIX|PRON:3MS
w-s006-a117-w009	6:117	6:117	9	6:117:9	وَهُوَ			PRON					PREFIX|w:CONJ+ | STEM|POS:PRON|3MS
w-s006-a117-w010	6:117	6:117	10	6:117:10	أَعْلَمُ	أَعْلَم	ع ل م	N					STEM|POS:N|LEM:>aEolam|ROOT:Elm|MS|NOM
w-s006-a117-w011	6:117	6:117	11	6:117:11	بِٱلْمُهْتَدِينَ	مُّهْتَدُون	ه د ي	N			ACT	VIII	PREFIX|bi+ | PREFIX|Al+ | STEM|POS:N|ACT|PCPL|(VIII)|LEM:m~uhotaduwn|ROOT:hdy|MP|GEN
w-s006-a118-w001	6:118	6:118	1	6:118:1	فَكُلُوا۟	أَكَلَ	ء ك ل	V	IMPV				PREFIX|f:REM+ | STEM|POS:V|IMPV|LEM:>akala|ROOT:Akl|2MP | SUFFIX|PRON:2MP
w-s006-a118-w002	6:118	6:118	2	6:118:2	مِمَّا	مِن;مَا		P;REL					STEM|POS:P|LEM:min | STEM|POS:REL|LEM:maA
w-s006-a118-w003	6:118	6:118	3	6:118:3	ذُكِرَ	ذَكَرَ	ذ ك ر	V	PERF		PASS		STEM|POS:V|PERF|PASS|LEM:*akara|ROOT:*kr|3MS
w-s006-a118-w004	6:118	6:118	4	6:118:4	ٱسْمُ	ٱسْم	س م و	N					STEM|POS:N|LEM:{som|ROOT:smw|M|NOM
w-s006-a118-w005	6:118	6:118	5	6:118:5	ٱللَّهِ	ٱللَّه	ء ل ه	PN					STEM|POS:PN|LEM:{ll~ah|ROOT:Alh|GEN
w-s006-a118-w006	6:118	6:118	6	6:118:6	عَلَيْهِ	عَلَىٰ		P					STEM|POS:P|LEM:EalaY` | SUFFIX|PRON:3MS
w-s006-a118-w007	6:118	6:118	7	6:118:7	إِن	إِن		COND					STEM|POS:COND|LEM:<in
w-s006-a118-w008	6:118	6:118	8	6:118:8	كُنتُم	كَانَ	ك و ن	V	PERF				STEM|POS:V|PERF|LEM:kaAna|ROOT:kwn|SP:kaAn|2MP | SUFFIX|PRON:2MP
w-s006-a118-w009	6:118	6:118	9	6:118:9	بِـَٔايَٰتِهِۦ	ءَايَة	ء ي ي	N					PREFIX|bi+ | STEM|POS:N|LEM:'aAyap|ROOT:Ayy|FP|GEN | SUFFIX|PRON:3MS
w-s006-a118-w010	6:118	6:118	10	6:118:10	مُؤْمِنِينَ	مُؤْمِن	ء م ن	N			ACT	IV	STEM|POS:N|ACT|PCPL|(IV)|LEM:mu&omin|ROOT:Amn|MP|ACC
w-s006-a119-w001	6:119	6:119	1	6:119:1	وَمَا	مَا		INTG					PREFIX|w:REM+ | STEM|POS:INTG|LEM:maA
w-s006-a119-w002	6:119	6:119	2	6:119:2	لَكُمْ			PRON					PREFIX|l:P+ | STEM|POS:PRON|2MP
w-s006-a119-w003	6:119	6:119	3	6:119:3	أَلَّا	أَن;لَا		SUB;NEG					STEM|POS:SUB|LEM:>an | STEM|POS:NEG|LEM:laA
w-s006-a119-w004	6:119	6:119	4	6:119:4	تَأْكُلُوا۟	أَكَلَ	ء ك ل	V	IMPF	SUBJ			STEM|POS:V|IMPF|LEM:>akala|ROOT:Akl|2MP|MOOD:SUBJ | SUFFIX|PRON:2MP
w-s006-a119-w005	6:119	6:119	5	6:119:5	مِمَّا	مِن;مَا		P;REL					STEM|POS:P|LEM:min | STEM|POS:REL|LEM:maA
w-s006-a119-w006	6:119	6:119	6	6:119:6	ذُكِرَ	ذَكَرَ	ذ ك ر	V	PERF		PASS		STEM|POS:V|PERF|PASS|LEM:*akara|ROOT:*kr|3MS
w-s006-a119-w007	6:119	6:119	7	6:119:7	ٱسْمُ	ٱسْم	س م و	N					STEM|POS:N|LEM:{som|ROOT:smw|M|NOM
w-s006-a119-w008	6:119	6:119	8	6:119:8	ٱللَّهِ	ٱللَّه	ء ل ه	PN					STEM|POS:PN|LEM:{ll~ah|ROOT:Alh|GEN
w-s006-a119-w009	6:119	6:119	9	6:119:9	عَلَيْهِ	عَلَىٰ		P					STEM|POS:P|LEM:EalaY` | SUFFIX|PRON:3MS
w-s006-a119-w010	6:119	6:119	10	6:119:10	وَقَدْ	قَد		CERT					PREFIX|w:CONJ+ | STEM|POS:CERT|LEM:qad
w-s006-a119-w011	6:119	6:119	11	6:119:11	فَصَّلَ	فَصَّلَ	ف ص ل	V	PERF			II	STEM|POS:V|PERF|(II)|LEM:faS~ala|ROOT:fSl|3MS
w-s006-a119-w012	6:119	6:119	12	6:119:12	لَكُم			PRON					PREFIX|l:P+ | STEM|POS:PRON|2MP
w-s006-a119-w013	6:119	6:119	13	6:119:13	مَّا	مَا		REL					STEM|POS:REL|LEM:maA
w-s006-a119-w014	6:119	6:119	14	6:119:14	حَرَّمَ	حَرَّمَ	ح ر م	V	PERF			II	STEM|POS:V|PERF|(II)|LEM:Har~ama|ROOT:Hrm|3MS
w-s006-a119-w015	6:119	6:119	15	6:119:15	عَلَيْكُمْ	عَلَىٰ		P					STEM|POS:P|LEM:EalaY` | SUFFIX|PRON:2MP
w-s006-a119-w016	6:119	6:119	16	6:119:16	إِلَّا	إِلَّا		EXP					STEM|POS:EXP|LEM:<il~aA
w-s006-a119-w017	6:119	6:119	17	6:119:17	مَا	مَا		REL					STEM|POS:REL|LEM:maA
w-s006-a119-w018	6:119	6:119	18	6:119:18	ٱضْطُرِرْتُمْ	ٱضْطُرَّ	ض ر ر	V	PERF		PASS	VIII	STEM|POS:V|PERF|PASS|(VIII)|LEM:{DoTur~a|ROOT:Drr|2MP | SUFFIX|PRON:2MP
w-s006-a119-w019	6:119	6:119	19	6:119:19	إِلَيْهِ	إِلَىٰ		P					STEM|POS:P|LEM:<ilaY` | SUFFIX|PRON:3MS
w-s006-a119-w020	6:119	6:119	20	6:119:20	وَإِنَّ	إِنّ		ACC					PREFIX|w:CONJ+ | STEM|POS:ACC|LEM:<in~|SP:<in~
w-s006-a119-w021	6:119	6:119	21	6:119:21	كَثِيرًا	كَثِير	ك ث ر	N					STEM|POS:N|LEM:kaviyr|ROOT:kvr|MS|INDEF|ACC
w-s006-a119-w022	6:119	6:119	22	6:119:22	لَّيُضِلُّونَ	أَضَلَّ	ض ل ل	V	IMPF			IV	PREFIX|l:EMPH+ | STEM|POS:V|IMPF|(IV)|LEM:>aDal~a|ROOT:Dll|3MP | SUFFIX|PRON:3MP
w-s006-a119-w023	6:119	6:119	23	6:119:23	بِأَهْوَآئِهِم	أَهْوَآء	ه و ي	N					PREFIX|bi+ | STEM|POS:N|LEM:>ahowaA^'|ROOT:hwy|MP|GEN | SUFFIX|PRON:3MP
w-s006-a119-w024	6:119	6:119	24	6:119:24	بِغَيْرِ	غَيْر	غ ي ر	N					PREFIX|bi+ | STEM|POS:N|LEM:gayor|ROOT:gyr|M|GEN
w-s006-a119-w025	6:119	6:119	25	6:119:25	عِلْمٍ	عِلْم	ع ل م	N					STEM|POS:N|LEM:Eilom|ROOT:Elm|M|INDEF|GEN
w-s006-a119-w026	6:119	6:119	26	6:119:26	إِنَّ	إِنّ		ACC					STEM|POS:ACC|LEM:<in~|SP:<in~
w-s006-a119-w027	6:119	6:119	27	6:119:27	رَبَّكَ	رَبّ	ر ب ب	N					STEM|POS:N|LEM:rab~|ROOT:rbb|M|ACC | SUFFIX|PRON:2MS
w-s006-a119-w028	6:119	6:119	28	6:119:28	هُوَ			PRON					STEM|POS:PRON|3MS
w-s006-a119-w029	6:119	6:119	29	6:119:29	أَعْلَمُ	أَعْلَم	ع ل م	N					STEM|POS:N|LEM:>aEolam|ROOT:Elm|MS|NOM
w-s006-a119-w030	6:119	6:119	30	6:119:30	بِٱلْمُعْتَدِينَ	مُعْتَدِين	ع د و	N					PREFIX|bi+ | PREFIX|Al+ | STEM|POS:N|LEM:muEotadiyn|ROOT:Edw|MP|GEN
w-s006-a120-w001	6:120	6:120	1	6:120:1	وَذَرُوا۟	يَذَرَ	و ذ ر	V	IMPV				PREFIX|w:REM+ | STEM|POS:V|IMPV|LEM:ya*ara|ROOT:w*r|2MP | SUFFIX|PRON:2MP
w-s006-a120-w002	6:120	6:120	2	6:120:2	ظَٰهِرَ	ظَٰهِر	ظ ه ر	N			ACT		STEM|POS:N|ACT|PCPL|LEM:Za`hir|ROOT:Zhr|M|ACC
w-s006-a120-w003	6:120	6:120	3	6:120:3	ٱلْإِثْمِ	إِثْم	ء ث م	N					PREFIX|Al+ | STEM|POS:N|LEM:<ivom|ROOT:Avm|M|GEN
w-s006-a120-w004	6:120	6:120	4	6:120:4	وَبَاطِنَهُۥٓ	بَاطِن	ب ط ن	N			ACT		PREFIX|w:CONJ+ | STEM|POS:N|ACT|PCPL|LEM:baATin|ROOT:bTn|M|ACC | SUFFIX|PRON:3MS
w-s006-a120-w005	6:120	6:120	5	6:120:5	إِنَّ	إِنّ		ACC					STEM|POS:ACC|LEM:<in~|SP:<in~
w-s006-a120-w006	6:120	6:120	6	6:120:6	ٱلَّذِينَ	ٱلَّذِى		REL					STEM|POS:REL|LEM:{l~a*iY|MP
w-s006-a120-w007	6:120	6:120	7	6:120:7	يَكْسِبُونَ	كَسَبَ	ك س ب	V	IMPF				STEM|POS:V|IMPF|LEM:kasaba|ROOT:ksb|3MP | SUFFIX|PRON:3MP
w-s006-a120-w008	6:120	6:120	8	6:120:8	ٱلْإِثْمَ	إِثْم	ء ث م	N					PREFIX|Al+ | STEM|POS:N|LEM:<ivom|ROOT:Avm|M|ACC
w-s006-a120-w009	6:120	6:120	9	6:120:9	سَيُجْزَوْنَ	جَزَىٰ	ج ز ي	V	IMPF		PASS		PREFIX|sa+ | STEM|POS:V|IMPF|PASS|LEM:jazaY`|ROOT:jzy|3MP | SUFFIX|PRON:3MP
w-s006-a120-w010	6:120	6:120	10	6:120:10	بِمَا	مَا		REL					PREFIX|bi+ | STEM|POS:REL|LEM:maA
w-s006-a120-w011	6:120	6:120	11	6:120:11	كَانُوا۟	كَانَ	ك و ن	V	PERF				STEM|POS:V|PERF|LEM:kaAna|ROOT:kwn|SP:kaAn|3MP | SUFFIX|PRON:3MP
w-s006-a120-w012	6:120	6:120	12	6:120:12	يَقْتَرِفُونَ	ٱقْتَرَفْ	ق ر ف	V	IMPF			VIII	STEM|POS:V|IMPF|(VIII)|LEM:{qotarafo|ROOT:qrf|3MP | SUFFIX|PRON:3MP
w-s006-a121-w001	6:121	6:121	1	6:121:1	وَلَا	لَا		PRO					PREFIX|w:REM+ | STEM|POS:PRO|LEM:laA
w-s006-a121-w002	6:121	6:121	2	6:121:2	تَأْكُلُوا۟	أَكَلَ	ء ك ل	V	IMPF	JUS			STEM|POS:V|IMPF|LEM:>akala|ROOT:Akl|2MP|MOOD:JUS | SUFFIX|PRON:2MP
w-s006-a121-w003	6:121	6:121	3	6:121:3	مِمَّا	مِن;مَا		P;REL					STEM|POS:P|LEM:min | STEM|POS:REL|LEM:maA
w-s006-a121-w004	6:121	6:121	4	6:121:4	لَمْ	لَم		NEG					STEM|POS:NEG|LEM:lam
w-s006-a121-w005	6:121	6:121	5	6:121:5	يُذْكَرِ	ذَكَرَ	ذ ك ر	V	IMPF	JUS	PASS		STEM|POS:V|IMPF|PASS|LEM:*akara|ROOT:*kr|3MS|MOOD:JUS
w-s006-a121-w006	6:121	6:121	6	6:121:6	ٱسْمُ	ٱسْم	س م و	N					STEM|POS:N|LEM:{som|ROOT:smw|M|NOM
w-s006-a121-w007	6:121	6:121	7	6:121:7	ٱللَّهِ	ٱللَّه	ء ل ه	PN					STEM|POS:PN|LEM:{ll~ah|ROOT:Alh|GEN
w-s006-a121-w008	6:121	6:121	8	6:121:8	عَلَيْهِ	عَلَىٰ		P					STEM|POS:P|LEM:EalaY` | SUFFIX|PRON:3MS
w-s006-a121-w009	6:121	6:121	9	6:121:9	وَإِنَّهُۥ	إِنّ		ACC					PREFIX|w:REM+ | STEM|POS:ACC|LEM:<in~|SP:<in~ | SUFFIX|PRON:3MS
w-s006-a121-w010	6:121	6:121	10	6:121:10	لَفِسْقٌ	فِسْق	ف س ق	N					PREFIX|l:EMPH+ | STEM|POS:N|LEM:fisoq|ROOT:fsq|M|INDEF|NOM
w-s006-a121-w011	6:121	6:121	11	6:121:11	وَإِنَّ	إِنّ		ACC					PREFIX|w:CONJ+ | STEM|POS:ACC|LEM:<in~|SP:<in~
w-s006-a121-w012	6:121	6:121	12	6:121:12	ٱلشَّيَٰطِينَ	شَيْطَٰن	ش ط ن	PN					PREFIX|Al+ | STEM|POS:PN|LEM:$ayoTa`n|ROOT:$Tn|MP|ACC
w-s006-a121-w013	6:121	6:121	13	6:121:13	لَيُوحُونَ	أَوْحَىٰٓ	و ح ي	V	IMPF			IV	PREFIX|l:EMPH+ | STEM|POS:V|IMPF|(IV)|LEM:>awoHaY`^|ROOT:wHy|3MP | SUFFIX|PRON:3MP
w-s006-a121-w014	6:121	6:121	14	6:121:14	إِلَىٰٓ	إِلَىٰ		P					STEM|POS:P|LEM:<ilaY`
w-s006-a121-w015	6:121	6:121	15	6:121:15	أَوْلِيَآئِهِمْ	وَلِىّ	و ل ي	N					STEM|POS:N|LEM:waliY~|ROOT:wly|MP|GEN | SUFFIX|PRON:3MP
w-s006-a121-w016	6:121	6:121	16	6:121:16	لِيُجَٰدِلُوكُمْ	جَٰدَلُ	ج د ل	V	IMPF	SUBJ		III	PREFIX|l:PRP+ | STEM|POS:V|IMPF|(III)|LEM:ja`dalu|ROOT:jdl|3MP|MOOD:SUBJ | SUFFIX|PRON:3MP | SUFFIX|PRON:2MP
w-s006-a121-w017	6:121	6:121	17	6:121:17	وَإِنْ	إِن		COND					PREFIX|w:REM+ | STEM|POS:COND|LEM:<in
w-s006-a121-w018	6:121	6:121	18	6:121:18	أَطَعْتُمُوهُمْ	أَطَاعَ	ط و ع	V	PERF			IV	STEM|POS:V|PERF|(IV)|LEM:>aTaAEa|ROOT:TwE|2MP | SUFFIX|PRON:2MP | SUFFIX|PRON:3MP
w-s006-a121-w019	6:121	6:121	19	6:121:19	إِنَّكُمْ	إِنّ		ACC					STEM|POS:ACC|LEM:<in~|SP:<in~ | SUFFIX|PRON:2MP
w-s006-a121-w020	6:121	6:121	20	6:121:20	لَمُشْرِكُونَ	مُشْرِك	ش ر ك	N			ACT	IV	PREFIX|l:EMPH+ | STEM|POS:N|ACT|PCPL|(IV)|LEM:mu$orik|ROOT:$rk|MP|NOM
w-s006-a122-w001	6:122	6:122	1	6:122:1	أَوَمَن	مَن		REL					PREFIX|A:INTG+ | PREFIX|w:SUP+ | STEM|POS:REL|LEM:man
w-s006-a122-w002	6:122	6:122	2	6:122:2	كَانَ	كَانَ	ك و ن	V	PERF				STEM|POS:V|PERF|LEM:kaAna|ROOT:kwn|SP:kaAn|3MS
w-s006-a122-w003	6:122	6:122	3	6:122:3	مَيْتًا	مَّيْت	م و ت	N					STEM|POS:N|LEM:m~ayot|ROOT:mwt|MS|INDEF|ACC
w-s006-a122-w004	6:122	6:122	4	6:122:4	فَأَحْيَيْنَٰهُ	أَحْيَا	ح ي ي	V	PERF			IV	PREFIX|f:REM+ | STEM|POS:V|PERF|(IV)|LEM:>aHoyaA|ROOT:Hyy|1P | SUFFIX|PRON:1P | SUFFIX|PRON:3MS
w-s006-a122-w005	6:122	6:122	5	6:122:5	وَجَعَلْنَا	جَعَلَ	ج ع ل	V	PERF				PREFIX|w:CONJ+ | STEM|POS:V|PERF|LEM:jaEala|ROOT:jEl|1P | SUFFIX|PRON:1P
w-s006-a122-w006	6:122	6:122	6	6:122:6	لَهُۥ			PRON					PREFIX|l:P+ | STEM|POS:PRON|3MS
w-s006-a122-w007	6:122	6:122	7	6:122:7	نُورًا	نُور	ن و ر	N					STEM|POS:N|LEM:nuwr|ROOT:nwr|M|INDEF|ACC
w-s006-a122-w008	6:122	6:122	8	6:122:8	يَمْشِى	مَّشَ	م ش ي	V	IMPF				STEM|POS:V|IMPF|LEM:m~a$a|ROOT:m$y|3MS
w-s006-a122-w009	6:122	6:122	9	6:122:9	بِهِۦ			PRON					PREFIX|bi+ | STEM|POS:PRON|3MS
w-s006-a122-w010	6:122	6:122	10	6:122:10	فِى	فِى		P					STEM|POS:P|LEM:fiY
w-s006-a122-w011	6:122	6:122	11	6:122:11	ٱلنَّاسِ	نَّاس	ن و س	N					PREFIX|Al+ | STEM|POS:N|LEM:n~aAs|ROOT:nws|MP|GEN
w-s006-a122-w012	6:122	6:122	12	6:122:12	كَمَن	مَن		REL					PREFIX|ka+ | STEM|POS:REL|LEM:man
w-s006-a122-w013	6:122	6:122	13	6:122:13	مَّثَلُهُۥ	مَثَل	م ث ل	N					STEM|POS:N|LEM:maval|ROOT:mvl|M|NOM | SUFFIX|PRON:3MS
w-s006-a122-w014	6:122	6:122	14	6:122:14	فِى	فِى		P					STEM|POS:P|LEM:fiY
w-s006-a122-w015	6:122	6:122	15	6:122:15	ٱلظُّلُمَٰتِ	ظُلُمَٰت	ظ ل م	N					PREFIX|Al+ | STEM|POS:N|LEM:Zuluma`t|ROOT:Zlm|FP|GEN
w-s006-a122-w016	6:122	6:122	16	6:122:16	لَيْسَ	لَّيْسَ	ل ي س	V	PERF				STEM|POS:V|PERF|LEM:l~ayosa|ROOT:lys|SP:kaAn|3MS
w-s006-a122-w017	6:122	6:122	17	6:122:17	بِخَارِجٍ	خَارِج	خ ر ج	N			ACT		PREFIX|bi+ | STEM|POS:N|ACT|PCPL|LEM:xaArij|ROOT:xrj|M|INDEF|GEN
w-s006-a122-w018	6:122	6:122	18	6:122:18	مِّنْهَا	مِن		P					STEM|POS:P|LEM:min | SUFFIX|PRON:3FS
w-s006-a122-w019	6:122	6:122	19	6:122:19	كَذَٰلِكَ	ذَٰلِك		DEM					PREFIX|ka+ | STEM|POS:DEM|LEM:*a`lik|MS
w-s006-a122-w020	6:122	6:122	20	6:122:20	زُيِّنَ	زَيَّنَ	ز ي ن	V	PERF		PASS	II	STEM|POS:V|PERF|PASS|(II)|LEM:zay~ana|ROOT:zyn|3MS
w-s006-a122-w021	6:122	6:122	21	6:122:21	لِلْكَٰفِرِينَ	كَٰفِرُون	ك ف ر	N			ACT		PREFIX|l:P+ | PREFIX|Al+ | STEM|POS:N|ACT|PCPL|LEM:ka`firuwn|ROOT:kfr|MP|GEN
w-s006-a122-w022	6:122	6:122	22	6:122:22	مَا	مَا		REL					STEM|POS:REL|LEM:maA
w-s006-a122-w023	6:122	6:122	23	6:122:23	كَانُوا۟	كَانَ	ك و ن	V	PERF				STEM|POS:V|PERF|LEM:kaAna|ROOT:kwn|SP:kaAn|3MP | SUFFIX|PRON:3MP
w-s006-a122-w024	6:122	6:122	24	6:122:24	يَعْمَلُونَ	عَمِلَ	ع م ل	V	IMPF				STEM|POS:V|IMPF|LEM:Eamila|ROOT:Eml|3MP | SUFFIX|PRON:3MP
w-s006-a123-w001	6:123	6:123	1	6:123:1	وَكَذَٰلِكَ	ذَٰلِك		DEM					PREFIX|w:CONJ+ | PREFIX|ka+ | STEM|POS:DEM|LEM:*a`lik|MS
w-s006-a123-w002	6:123	6:123	2	6:123:2	جَعَلْنَا	جَعَلَ	ج ع ل	V	PERF				STEM|POS:V|PERF|LEM:jaEala|ROOT:jEl|1P | SUFFIX|PRON:1P
w-s006-a123-w003	6:123	6:123	3	6:123:3	فِى	فِى		P					STEM|POS:P|LEM:fiY
w-s006-a123-w004	6:123	6:123	4	6:123:4	كُلِّ	كُلّ	ك ل ل	N					STEM|POS:N|LEM:kul~|ROOT:kll|M|GEN
w-s006-a123-w005	6:123	6:123	5	6:123:5	قَرْيَةٍ	قَرْيَة	ق ر ي	N					STEM|POS:N|LEM:qaroyap|ROOT:qry|F|INDEF|GEN
w-s006-a123-w006	6:123	6:123	6	6:123:6	أَكَٰبِرَ	أَكْبَر	ك ب ر	N					STEM|POS:N|LEM:>akobar|ROOT:kbr|MP|ACC
w-s006-a123-w007	6:123	6:123	7	6:123:7	مُجْرِمِيهَا	مُجْرِم	ج ر م	N			ACT	IV	STEM|POS:N|ACT|PCPL|(IV)|LEM:mujorim|ROOT:jrm|MP|GEN | SUFFIX|PRON:3FS
w-s006-a123-w008	6:123	6:123	8	6:123:8	لِيَمْكُرُوا۟	مَكَرَ	م ك ر	V	IMPF	SUBJ			PREFIX|l:PRP+ | STEM|POS:V|IMPF|LEM:makara|ROOT:mkr|3MP|MOOD:SUBJ | SUFFIX|PRON:3MP
w-s006-a123-w009	6:123	6:123	9	6:123:9	فِيهَا	فِى		P					STEM|POS:P|LEM:fiY | SUFFIX|PRON:3FS
w-s006-a123-w010	6:123	6:123	10	6:123:10	وَمَا	مَا		NEG					PREFIX|w:CONJ+ | STEM|POS:NEG|LEM:maA
w-s006-a123-w011	6:123	6:123	11	6:123:11	يَمْكُرُونَ	مَكَرَ	م ك ر	V	IMPF				STEM|POS:V|IMPF|LEM:makara|ROOT:mkr|3MP | SUFFIX|PRON:3MP
w-s006-a123-w012	6:123	6:123	12	6:123:12	إِلَّا	إِلَّا		RES					STEM|POS:RES|LEM:<il~aA
w-s006-a123-w013	6:123	6:123	13	6:123:13	بِأَنفُسِهِمْ	نَفْس	ن ف س	N					PREFIX|bi+ | STEM|POS:N|LEM:nafos|ROOT:nfs|FP|GEN | SUFFIX|PRON:3MP
w-s006-a123-w014	6:123	6:123	14	6:123:14	وَمَا	مَا		NEG					PREFIX|w:CONJ+ | STEM|POS:NEG|LEM:maA
w-s006-a123-w015	6:123	6:123	15	6:123:15	يَشْعُرُونَ	يَشْعُرُ	ش ع ر	V	IMPF				STEM|POS:V|IMPF|LEM:ya$oEuru|ROOT:$Er|3MP | SUFFIX|PRON:3MP
w-s006-a124-w001	6:124	6:124	1	6:124:1	وَإِذَا	إِذَا		T					PREFIX|w:CONJ+ | STEM|POS:T|LEM:<i*aA
w-s006-a124-w002	6:124	6:124	2	6:124:2	جَآءَتْهُمْ	جَآءَ	ج ي ء	V	PERF				STEM|POS:V|PERF|LEM:jaA^'a|ROOT:jyA|3FS | SUFFIX|PRON:3MP
w-s006-a124-w003	6:124	6:124	3	6:124:3	ءَايَةٌ	ءَايَة	ء ي ي	N					STEM|POS:N|LEM:'aAyap|ROOT:Ayy|FS|INDEF|NOM
w-s006-a124-w004	6:124	6:124	4	6:124:4	قَالُوا۟	قَالَ	ق و ل	V	PERF				STEM|POS:V|PERF|LEM:qaAla|ROOT:qwl|3MP | SUFFIX|PRON:3MP
w-s006-a124-w005	6:124	6:124	5	6:124:5	لَن	لَن		NEG					STEM|POS:NEG|LEM:lan
w-s006-a124-w006	6:124	6:124	6	6:124:6	نُّؤْمِنَ	ءَامَنَ	ء م ن	V	IMPF	SUBJ		IV	STEM|POS:V|IMPF|(IV)|LEM:'aAmana|ROOT:Amn|1P|MOOD:SUBJ
w-s006-a124-w007	6:124	6:124	7	6:124:7	حَتَّىٰ	حَتَّىٰ		P					STEM|POS:P|LEM:Hat~aY`
w-s006-a124-w008	6:124	6:124	8	6:124:8	نُؤْتَىٰ	آتَى	ء ت ي	V	IMPF	SUBJ	PASS	IV	STEM|POS:V|IMPF|PASS|(IV)|LEM:A^taY|ROOT:Aty|1P|MOOD:SUBJ
w-s006-a124-w009	6:124	6:124	9	6:124:9	مِثْلَ	مِثْل	م ث ل	N					STEM|POS:N|LEM:mivol|ROOT:mvl|M|ACC
w-s006-a124-w010	6:124	6:124	10	6:124:10	مَآ	مَا		REL					STEM|POS:REL|LEM:maA
w-s006-a124-w011	6:124	6:124	11	6:124:11	أُوتِىَ	آتَى	ء ت ي	V	PERF		PASS	IV	STEM|POS:V|PERF|PASS|(IV)|LEM:A^taY|ROOT:Aty|3MS
w-s006-a124-w012	6:124	6:124	12	6:124:12	رُسُلُ	رَسُول	ر س ل	N					STEM|POS:N|LEM:rasuwl|ROOT:rsl|MP|NOM
w-s006-a124-w013	6:124	6:124	13	6:124:13	ٱللَّهِ	ٱللَّه	ء ل ه	PN					STEM|POS:PN|LEM:{ll~ah|ROOT:Alh|GEN
w-s006-a124-w014	6:124	6:124	14	6:124:14	ٱللَّهُ	ٱللَّه	ء ل ه	PN					STEM|POS:PN|LEM:{ll~ah|ROOT:Alh|NOM
w-s006-a124-w015	6:124	6:124	15	6:124:15	أَعْلَمُ	أَعْلَم	ع ل م	N					STEM|POS:N|LEM:>aEolam|ROOT:Elm|MS|NOM
w-s006-a124-w016	6:124	6:124	16	6:124:16	حَيْثُ	حَيْث	ح ي ث	LOC					STEM|POS:LOC|LEM:Hayov|ROOT:Hyv
w-s006-a124-w017	6:124	6:124	17	6:124:17	يَجْعَلُ	جَعَلَ	ج ع ل	V	IMPF				STEM|POS:V|IMPF|LEM:jaEala|ROOT:jEl|3MS
w-s006-a124-w018	6:124	6:124	18	6:124:18	رِسَالَتَهُۥ	رِسَالَة	ر س ل	N					STEM|POS:N|LEM:risaAlap|ROOT:rsl|F|ACC | SUFFIX|PRON:3MS
w-s006-a124-w019	6:124	6:124	19	6:124:19	سَيُصِيبُ	أَصَابَ	ص و ب	V	IMPF			IV	PREFIX|sa+ | STEM|POS:V|IMPF|(IV)|LEM:>aSaAba|ROOT:Swb|3MS
w-s006-a124-w020	6:124	6:124	20	6:124:20	ٱلَّذِينَ	ٱلَّذِى		REL					STEM|POS:REL|LEM:{l~a*iY|MP
w-s006-a124-w021	6:124	6:124	21	6:124:21	أَجْرَمُوا۟	أَجْرَمُ	ج ر م	V	PERF			IV	STEM|POS:V|PERF|(IV)|LEM:>ajoramu|ROOT:jrm|3MP | SUFFIX|PRON:3MP
w-s006-a124-w022	6:124	6:124	22	6:124:22	صَغَارٌ	صَغَار	ص غ ر	N					STEM|POS:N|LEM:SagaAr|ROOT:Sgr|M|INDEF|NOM
w-s006-a124-w023	6:124	6:124	23	6:124:23	عِندَ	عِند	ع ن د	LOC					STEM|POS:LOC|LEM:Eind|ROOT:End|ACC
w-s006-a124-w024	6:124	6:124	24	6:124:24	ٱللَّهِ	ٱللَّه	ء ل ه	PN					STEM|POS:PN|LEM:{ll~ah|ROOT:Alh|GEN
w-s006-a124-w025	6:124	6:124	25	6:124:25	وَعَذَابٌ	عَذَاب	ع ذ ب	N					PREFIX|w:CONJ+ | STEM|POS:N|LEM:Ea*aAb|ROOT:E*b|M|INDEF|NOM
w-s006-a124-w026	6:124	6:124	26	6:124:26	شَدِيدٌۢ	شَدِيد	ش د د	ADJ					STEM|POS:ADJ|LEM:$adiyd|ROOT:$dd|MS|INDEF|NOM
w-s006-a124-w027	6:124	6:124	27	6:124:27	بِمَا	مَا		REL					PREFIX|bi+ | STEM|POS:REL|LEM:maA
w-s006-a124-w028	6:124	6:124	28	6:124:28	كَانُوا۟	كَانَ	ك و ن	V	PERF				STEM|POS:V|PERF|LEM:kaAna|ROOT:kwn|SP:kaAn|3MP | SUFFIX|PRON:3MP
w-s006-a124-w029	6:124	6:124	29	6:124:29	يَمْكُرُونَ	مَكَرَ	م ك ر	V	IMPF				STEM|POS:V|IMPF|LEM:makara|ROOT:mkr|3MP | SUFFIX|PRON:3MP
w-s006-a125-w001	6:125	6:125	1	6:125:1	فَمَن	مَن		COND					PREFIX|f:REM+ | STEM|POS:COND|LEM:man
w-s006-a125-w002	6:125	6:125	2	6:125:2	يُرِدِ	أَرَادَ	ر و د	V	IMPF	JUS		IV	STEM|POS:V|IMPF|(IV)|LEM:>araAda|ROOT:rwd|3MS|MOOD:JUS
w-s006-a125-w003	6:125	6:125	3	6:125:3	ٱللَّهُ	ٱللَّه	ء ل ه	PN					STEM|POS:PN|LEM:{ll~ah|ROOT:Alh|NOM
w-s006-a125-w004	6:125	6:125	4	6:125:4	أَن	أَن		SUB					STEM|POS:SUB|LEM:>an
w-s006-a125-w005	6:125	6:125	5	6:125:5	يَهْدِيَهُۥ	هَدَى	ه د ي	V	IMPF	SUBJ			STEM|POS:V|IMPF|LEM:hadaY|ROOT:hdy|3MS|MOOD:SUBJ | SUFFIX|PRON:3MS
w-s006-a125-w006	6:125	6:125	6	6:125:6	يَشْرَحْ	شَرَحَ	ش ر ح	V	IMPF	JUS			STEM|POS:V|IMPF|LEM:$araHa|ROOT:$rH|3MS|MOOD:JUS
w-s006-a125-w007	6:125	6:125	7	6:125:7	صَدْرَهُۥ	صَدْر	ص د ر	N					STEM|POS:N|LEM:Sador|ROOT:Sdr|M|ACC | SUFFIX|PRON:3MS
w-s006-a125-w008	6:125	6:125	8	6:125:8	لِلْإِسْلَٰمِ	إِسْلَٰم	س ل م	PN				IV	PREFIX|l:P+ | PREFIX|Al+ | STEM|POS:PN|VN|(IV)|LEM:<isola`m|ROOT:slm|M|GEN
w-s006-a125-w009	6:125	6:125	9	6:125:9	وَمَن	مَن		COND					PREFIX|w:CONJ+ | STEM|POS:COND|LEM:man
w-s006-a125-w010	6:125	6:125	10	6:125:10	يُرِدْ	أَرَادَ	ر و د	V	IMPF	JUS		IV	STEM|POS:V|IMPF|(IV)|LEM:>araAda|ROOT:rwd|3MS|MOOD:JUS
w-s006-a125-w011	6:125	6:125	11	6:125:11	أَن	أَن		SUB					STEM|POS:SUB|LEM:>an
w-s006-a125-w012	6:125	6:125	12	6:125:12	يُضِلَّهُۥ	أَضَلَّ	ض ل ل	V	IMPF	SUBJ		IV	STEM|POS:V|IMPF|(IV)|LEM:>aDal~a|ROOT:Dll|3MS|MOOD:SUBJ | SUFFIX|PRON:3MS
w-s006-a125-w013	6:125	6:125	13	6:125:13	يَجْعَلْ	جَعَلَ	ج ع ل	V	IMPF	JUS			STEM|POS:V|IMPF|LEM:jaEala|ROOT:jEl|3MS|MOOD:JUS
w-s006-a125-w014	6:125	6:125	14	6:125:14	صَدْرَهُۥ	صَدْر	ص د ر	N					STEM|POS:N|LEM:Sador|ROOT:Sdr|M|ACC | SUFFIX|PRON:3MS
w-s006-a125-w015	6:125	6:125	15	6:125:15	ضَيِّقًا	ضَيِّق	ض ي ق	N					STEM|POS:N|LEM:Day~iq|ROOT:Dyq|MS|INDEF|ACC
w-s006-a125-w016	6:125	6:125	16	6:125:16	حَرَجًا	حَرَج	ح ر ج	ADJ					STEM|POS:ADJ|LEM:Haraj|ROOT:Hrj|M|INDEF|ACC
w-s006-a125-w017	6:125	6:125	17	6:125:17	كَأَنَّمَا	كَأَنّ;مَا		ACC;PREV					STEM|POS:ACC|LEM:ka>an~|SP:<in~ | STEM|POS:PREV|LEM:maA
w-s006-a125-w018	6:125	6:125	18	6:125:18	يَصَّعَّدُ	يَصَّعَّدُ	ص ع د	V	IMPF			V	STEM|POS:V|IMPF|(V)|LEM:yaS~aE~adu|ROOT:SEd|3MS
w-s006-a125-w019	6:125	6:125	19	6:125:19	فِى	فِى		P					STEM|POS:P|LEM:fiY
w-s006-a125-w020	6:125	6:125	20	6:125:20	ٱلسَّمَآءِ	سَمَآء	س م و	N					PREFIX|Al+ | STEM|POS:N|LEM:samaA^'|ROOT:smw|F|GEN
w-s006-a125-w021	6:125	6:125	21	6:125:21	كَذَٰلِكَ	ذَٰلِك		DEM					PREFIX|ka+ | STEM|POS:DEM|LEM:*a`lik|MS
w-s006-a125-w022	6:125	6:125	22	6:125:22	يَجْعَلُ	جَعَلَ	ج ع ل	V	IMPF				STEM|POS:V|IMPF|LEM:jaEala|ROOT:jEl|3MS
w-s006-a125-w023	6:125	6:125	23	6:125:23	ٱللَّهُ	ٱللَّه	ء ل ه	PN					STEM|POS:PN|LEM:{ll~ah|ROOT:Alh|NOM
w-s006-a125-w024	6:125	6:125	24	6:125:24	ٱلرِّجْسَ	رِجْس	ر ج س	N					PREFIX|Al+ | STEM|POS:N|LEM:rijos|ROOT:rjs|M|ACC
w-s006-a125-w025	6:125	6:125	25	6:125:25	عَلَى	عَلَىٰ		P					STEM|POS:P|LEM:EalaY`
w-s006-a125-w026	6:125	6:125	26	6:125:26	ٱلَّذِينَ	ٱلَّذِى		REL					STEM|POS:REL|LEM:{l~a*iY|MP
w-s006-a125-w027	6:125	6:125	27	6:125:27	لَا	لَا		NEG					STEM|POS:NEG|LEM:laA
w-s006-a125-w028	6:125	6:125	28	6:125:28	يُؤْمِنُونَ	ءَامَنَ	ء م ن	V	IMPF			IV	STEM|POS:V|IMPF|(IV)|LEM:'aAmana|ROOT:Amn|3MP | SUFFIX|PRON:3MP
w-s006-a126-w001	6:126	6:126	1	6:126:1	وَهَٰذَا	هَٰذَا		DEM					PREFIX|w:CONJ+ | STEM|POS:DEM|LEM:ha`*aA|MS
w-s006-a126-w002	6:126	6:126	2	6:126:2	صِرَٰطُ	صِرَٰط	ص ر ط	N					STEM|POS:N|LEM:Sira`T|ROOT:SrT|M|NOM
w-s006-a126-w003	6:126	6:126	3	6:126:3	رَبِّكَ	رَبّ	ر ب ب	N					STEM|POS:N|LEM:rab~|ROOT:rbb|M|GEN | SUFFIX|PRON:2MS
w-s006-a126-w004	6:126	6:126	4	6:126:4	مُسْتَقِيمًا	مُّسْتَقِيم	ق و م	N			ACT	X	STEM|POS:N|ACT|PCPL|(X)|LEM:m~usotaqiym|ROOT:qwm|M|INDEF|ACC
w-s006-a126-w005	6:126	6:126	5	6:126:5	قَدْ	قَد		CERT					STEM|POS:CERT|LEM:qad
w-s006-a126-w006	6:126	6:126	6	6:126:6	فَصَّلْنَا	فَصَّلَ	ف ص ل	V	PERF			II	STEM|POS:V|PERF|(II)|LEM:faS~ala|ROOT:fSl|1P | SUFFIX|PRON:1P
w-s006-a126-w007	6:126	6:126	7	6:126:7	ٱلْءَايَٰتِ	ءَايَة	ء ي ي	N					PREFIX|Al+ | STEM|POS:N|LEM:'aAyap|ROOT:Ayy|FP|ACC
w-s006-a126-w008	6:126	6:126	8	6:126:8	لِقَوْمٍ	قَوْم	ق و م	N					PREFIX|l:P+ | STEM|POS:N|LEM:qawom|ROOT:qwm|M|INDEF|GEN
w-s006-a126-w009	6:126	6:126	9	6:126:9	يَذَّكَّرُونَ	تَذَكَّرَ	ذ ك ر	V	IMPF			V	STEM|POS:V|IMPF|(V)|LEM:ta*ak~ara|ROOT:*kr|3MP | SUFFIX|PRON:3MP
w-s006-a127-w001	6:127	6:127	1	6:127:1	لَهُمْ			PRON					PREFIX|l:P+ | STEM|POS:PRON|3MP
w-s006-a127-w002	6:127	6:127	2	6:127:2	دَارُ	دَار	د و ر	N					STEM|POS:N|LEM:daAr|ROOT:dwr|FS|NOM
w-s006-a127-w003	6:127	6:127	3	6:127:3	ٱلسَّلَٰمِ	سَلَٰم	س ل م	N					PREFIX|Al+ | STEM|POS:N|LEM:sala`m|ROOT:slm|M|GEN
w-s006-a127-w004	6:127	6:127	4	6:127:4	عِندَ	عِند	ع ن د	LOC					STEM|POS:LOC|LEM:Eind|ROOT:End|ACC
w-s006-a127-w005	6:127	6:127	5	6:127:5	رَبِّهِمْ	رَبّ	ر ب ب	N					STEM|POS:N|LEM:rab~|ROOT:rbb|M|GEN | SUFFIX|PRON:3MP
w-s006-a127-w006	6:127	6:127	6	6:127:6	وَهُوَ			PRON					PREFIX|w:CONJ+ | STEM|POS:PRON|3MS
w-s006-a127-w007	6:127	6:127	7	6:127:7	وَلِيُّهُم	وَلِىّ	و ل ي	N					STEM|POS:N|LEM:waliY~|ROOT:wly|M|NOM | SUFFIX|PRON:3MP
w-s006-a127-w008	6:127	6:127	8	6:127:8	بِمَا	مَا		REL					PREFIX|bi+ | STEM|POS:REL|LEM:maA
w-s006-a127-w009	6:127	6:127	9	6:127:9	كَانُوا۟	كَانَ	ك و ن	V	PERF				STEM|POS:V|PERF|LEM:kaAna|ROOT:kwn|SP:kaAn|3MP | SUFFIX|PRON:3MP
w-s006-a127-w010	6:127	6:127	10	6:127:10	يَعْمَلُونَ	عَمِلَ	ع م ل	V	IMPF				STEM|POS:V|IMPF|LEM:Eamila|ROOT:Eml|3MP | SUFFIX|PRON:3MP
w-s006-a128-w001	6:128	6:128	1	6:128:1	وَيَوْمَ	يَوْم	ي و م	T					PREFIX|w:CONJ+ | STEM|POS:T|LEM:yawom|ROOT:ywm|M|ACC
w-s006-a128-w002	6:128	6:128	2	6:128:2	يَحْشُرُهُمْ	حَشَرَ	ح ش ر	V	IMPF				STEM|POS:V|IMPF|LEM:Ha$ara|ROOT:H$r|3MS | SUFFIX|PRON:3MP
w-s006-a128-w003	6:128	6:128	3	6:128:3	جَمِيعًا	جَمِيع	ج م ع	N					STEM|POS:N|LEM:jamiyE|ROOT:jmE|M|INDEF|ACC
w-s006-a128-w004	6:128	6:128	4	6:128:4	يَٰمَعْشَرَ	مَعْشَر	ع ش ر	N					PREFIX|ya+ | STEM|POS:N|LEM:maEo$ar|ROOT:E$r|ACC
w-s006-a128-w005	6:128	6:128	5	6:128:5	ٱلْجِنِّ	جِنّ	ج ن ن	N					PREFIX|Al+ | STEM|POS:N|LEM:jin~|ROOT:jnn|M|GEN
w-s006-a128-w006	6:128	6:128	6	6:128:6	قَدِ	قَد		CERT					STEM|POS:CERT|LEM:qad
w-s006-a128-w007	6:128	6:128	7	6:128:7	ٱسْتَكْثَرْتُم	ٱسْتَكْثَرْ	ك ث ر	V	PERF			X	STEM|POS:V|PERF|(X)|LEM:{sotakovaro|ROOT:kvr|2MP | SUFFIX|PRON:2MP
w-s006-a128-w008	6:128	6:128	8	6:128:8	مِّنَ	مِن		P					STEM|POS:P|LEM:min
w-s006-a128-w009	6:128	6:128	9	6:128:9	ٱلْإِنسِ	إِنس	ء ن س	N					PREFIX|Al+ | STEM|POS:N|LEM:<ins|ROOT:Ans|M|GEN
w-s006-a128-w010	6:128	6:128	10	6:128:10	وَقَالَ	قَالَ	ق و ل	V	PERF				PREFIX|w:CONJ+ | STEM|POS:V|PERF|LEM:qaAla|ROOT:qwl|3MS
w-s006-a128-w011	6:128	6:128	11	6:128:11	أَوْلِيَآؤُهُم	وَلِىّ	و ل ي	N					STEM|POS:N|LEM:waliY~|ROOT:wly|MP|NOM | SUFFIX|PRON:3MP
w-s006-a128-w012	6:128	6:128	12	6:128:12	مِّنَ	مِن		P					STEM|POS:P|LEM:min
w-s006-a128-w013	6:128	6:128	13	6:128:13	ٱلْإِنسِ	إِنس	ء ن س	N					PREFIX|Al+ | STEM|POS:N|LEM:<ins|ROOT:Ans|M|GEN
w-s006-a128-w014	6:128	6:128	14	6:128:14	رَبَّنَا	رَبّ	ر ب ب	N					STEM|POS:N|LEM:rab~|ROOT:rbb|M|ACC | SUFFIX|PRON:1P
w-s006-a128-w015	6:128	6:128	15	6:128:15	ٱسْتَمْتَعَ	ٱسْتَمْتَعَ	م ت ع	V	PERF			X	STEM|POS:V|PERF|(X)|LEM:{sotamotaEa|ROOT:mtE|3MS
w-s006-a128-w016	6:128	6:128	16	6:128:16	بَعْضُنَا	بَعْض	ب ع ض	N					STEM|POS:N|LEM:baEoD|ROOT:bED|M|NOM | SUFFIX|PRON:1P
w-s006-a128-w017	6:128	6:128	17	6:128:17	بِبَعْضٍ	بَعْض	ب ع ض	N					PREFIX|bi+ | STEM|POS:N|LEM:baEoD|ROOT:bED|M|INDEF|GEN
w-s006-a128-w018	6:128	6:128	18	6:128:18	وَبَلَغْنَآ	بَلَغَ	ب ل غ	V	PERF				PREFIX|w:CONJ+ | STEM|POS:V|PERF|LEM:balaga|ROOT:blg|1P | SUFFIX|PRON:1P
w-s006-a128-w019	6:128	6:128	19	6:128:19	أَجَلَنَا	أَجَل	ء ج ل	N					STEM|POS:N|LEM:>ajal|ROOT:Ajl|M|ACC | SUFFIX|PRON:1P
w-s006-a128-w020	6:128	6:128	20	6:128:20	ٱلَّذِىٓ	ٱلَّذِى		REL					STEM|POS:REL|LEM:{l~a*iY|MS
w-s006-a128-w021	6:128	6:128	21	6:128:21	أَجَّلْتَ	أَجَّلَ	ء ج ل	V	PERF			II	STEM|POS:V|PERF|(II)|LEM:>aj~ala|ROOT:Ajl|2MS | SUFFIX|PRON:2MS
w-s006-a128-w022	6:128	6:128	22	6:128:22	لَنَا			PRON					PREFIX|l:P+ | STEM|POS:PRON|1P
w-s006-a128-w023	6:128	6:128	23	6:128:23	قَالَ	قَالَ	ق و ل	V	PERF				STEM|POS:V|PERF|LEM:qaAla|ROOT:qwl|3MS
w-s006-a128-w024	6:128	6:128	24	6:128:24	ٱلنَّارُ	نَار	ن و ر	N					PREFIX|Al+ | STEM|POS:N|LEM:naAr|ROOT:nwr|F|NOM
w-s006-a128-w025	6:128	6:128	25	6:128:25	مَثْوَىٰكُمْ	مَثْوًى	ث و ي	N					STEM|POS:N|LEM:mavowFY|ROOT:vwy|M|NOM | SUFFIX|PRON:2MP
w-s006-a128-w026	6:128	6:128	26	6:128:26	خَٰلِدِينَ	خَٰلِد	خ ل د	N			ACT		STEM|POS:N|ACT|PCPL|LEM:xa`lid|ROOT:xld|MP|ACC
w-s006-a128-w027	6:128	6:128	27	6:128:27	فِيهَآ	فِى		P					STEM|POS:P|LEM:fiY | SUFFIX|PRON:3FS
w-s006-a128-w028	6:128	6:128	28	6:128:28	إِلَّا	إِلَّا		EXP					STEM|POS:EXP|LEM:<il~aA
w-s006-a128-w029	6:128	6:128	29	6:128:29	مَا	مَا		REL					STEM|POS:REL|LEM:maA
w-s006-a128-w030	6:128	6:128	30	6:128:30	شَآءَ	شَآءَ	ش ي ء	V	PERF				STEM|POS:V|PERF|LEM:$aA^'a|ROOT:$yA|3MS
w-s006-a128-w031	6:128	6:128	31	6:128:31	ٱللَّهُ	ٱللَّه	ء ل ه	PN					STEM|POS:PN|LEM:{ll~ah|ROOT:Alh|NOM
w-s006-a128-w032	6:128	6:128	32	6:128:32	إِنَّ	إِنّ		ACC					STEM|POS:ACC|LEM:<in~|SP:<in~
w-s006-a128-w033	6:128	6:128	33	6:128:33	رَبَّكَ	رَبّ	ر ب ب	N					STEM|POS:N|LEM:rab~|ROOT:rbb|M|ACC | SUFFIX|PRON:2MS
w-s006-a128-w034	6:128	6:128	34	6:128:34	حَكِيمٌ	حَكِيم	ح ك م	N					STEM|POS:N|LEM:Hakiym|ROOT:Hkm|MS|INDEF|NOM
w-s006-a128-w035	6:128	6:128	35	6:128:35	عَلِيمٌ	عَلِيم	ع ل م	ADJ					STEM|POS:ADJ|LEM:Ealiym|ROOT:Elm|MS|INDEF|NOM
w-s006-a129-w001	6:129	6:129	1	6:129:1	وَكَذَٰلِكَ	ذَٰلِك		DEM					PREFIX|w:CONJ+ | PREFIX|ka+ | STEM|POS:DEM|LEM:*a`lik|MS
w-s006-a129-w002	6:129	6:129	2	6:129:2	نُوَلِّى	وَلَّىٰ	و ل ي	V	IMPF			II	STEM|POS:V|IMPF|(II)|LEM:wal~aY`|ROOT:wly|1P
w-s006-a129-w003	6:129	6:129	3	6:129:3	بَعْضَ	بَعْض	ب ع ض	N					STEM|POS:N|LEM:baEoD|ROOT:bED|M|ACC
w-s006-a129-w004	6:129	6:129	4	6:129:4	ٱلظَّٰلِمِينَ	ظَالِم	ظ ل م	N			ACT		PREFIX|Al+ | STEM|POS:N|ACT|PCPL|LEM:ZaAlim|ROOT:Zlm|MP|GEN
w-s006-a129-w005	6:129	6:129	5	6:129:5	بَعْضًۢا	بَعْض	ب ع ض	N					STEM|POS:N|LEM:baEoD|ROOT:bED|M|INDEF|ACC
w-s006-a129-w006	6:129	6:129	6	6:129:6	بِمَا	مَا		REL					PREFIX|bi+ | STEM|POS:REL|LEM:maA
w-s006-a129-w007	6:129	6:129	7	6:129:7	كَانُوا۟	كَانَ	ك و ن	V	PERF				STEM|POS:V|PERF|LEM:kaAna|ROOT:kwn|SP:kaAn|3MP | SUFFIX|PRON:3MP
w-s006-a129-w008	6:129	6:129	8	6:129:8	يَكْسِبُونَ	كَسَبَ	ك س ب	V	IMPF				STEM|POS:V|IMPF|LEM:kasaba|ROOT:ksb|3MP | SUFFIX|PRON:3MP
w-s006-a130-w001	6:130	6:130	1	6:130:1	يَٰمَعْشَرَ	مَعْشَر	ع ش ر	N					PREFIX|ya+ | STEM|POS:N|LEM:maEo$ar|ROOT:E$r|ACC
w-s006-a130-w002	6:130	6:130	2	6:130:2	ٱلْجِنِّ	جِنّ	ج ن ن	N					PREFIX|Al+ | STEM|POS:N|LEM:jin~|ROOT:jnn|M|GEN
w-s006-a130-w003	6:130	6:130	3	6:130:3	وَٱلْإِنسِ	إِنس	ء ن س	N					PREFIX|w:CONJ+ | PREFIX|Al+ | STEM|POS:N|LEM:<ins|ROOT:Ans|M|GEN
w-s006-a130-w004	6:130	6:130	4	6:130:4	أَلَمْ	لَم		NEG					PREFIX|A:INTG+ | STEM|POS:NEG|LEM:lam
w-s006-a130-w005	6:130	6:130	5	6:130:5	يَأْتِكُمْ	أَتَى	ء ت ي	V	IMPF	JUS			STEM|POS:V|IMPF|LEM:>ataY|ROOT:Aty|3MS|MOOD:JUS | SUFFIX|PRON:2MP
w-s006-a130-w006	6:130	6:130	6	6:130:6	رُسُلٌ	رَسُول	ر س ل	N					STEM|POS:N|LEM:rasuwl|ROOT:rsl|MP|INDEF|NOM
w-s006-a130-w007	6:130	6:130	7	6:130:7	مِّنكُمْ	مِن		P					STEM|POS:P|LEM:min | SUFFIX|PRON:2MP
w-s006-a130-w008	6:130	6:130	8	6:130:8	يَقُصُّونَ	قَصَّ	ق ص ص	V	IMPF				STEM|POS:V|IMPF|LEM:qaS~a|ROOT:qSS|3MP | SUFFIX|PRON:3MP
w-s006-a130-w009	6:130	6:130	9	6:130:9	عَلَيْكُمْ	عَلَىٰ		P					STEM|POS:P|LEM:EalaY` | SUFFIX|PRON:2MP
w-s006-a130-w010	6:130	6:130	10	6:130:10	ءَايَٰتِى	ءَايَة	ء ي ي	N					STEM|POS:N|LEM:'aAyap|ROOT:Ayy|FP|ACC | SUFFIX|PRON:1S
w-s006-a130-w011	6:130	6:130	11	6:130:11	وَيُنذِرُونَكُمْ	أَنذَرَ	ن ذ ر	V	IMPF			IV	PREFIX|w:CONJ+ | STEM|POS:V|IMPF|(IV)|LEM:>an*ara|ROOT:n*r|3MP | SUFFIX|PRON:3MP | SUFFIX|PRON:2MP
w-s006-a130-w012	6:130	6:130	12	6:130:12	لِقَآءَ	لِقَآء	ل ق ي	N				III	STEM|POS:N|VN|(III)|LEM:liqaA^'|ROOT:lqy|M|ACC
w-s006-a130-w013	6:130	6:130	13	6:130:13	يَوْمِكُمْ	يَوْم	ي و م	N					STEM|POS:N|LEM:yawom|ROOT:ywm|M|GEN | SUFFIX|PRON:2MP
w-s006-a130-w014	6:130	6:130	14	6:130:14	هَٰذَا	هَٰذَا		DEM					STEM|POS:DEM|LEM:ha`*aA|MS
w-s006-a130-w015	6:130	6:130	15	6:130:15	قَالُوا۟	قَالَ	ق و ل	V	PERF				STEM|POS:V|PERF|LEM:qaAla|ROOT:qwl|3MP | SUFFIX|PRON:3MP
w-s006-a130-w016	6:130	6:130	16	6:130:16	شَهِدْنَا	شَهِدَ	ش ه د	V	PERF				STEM|POS:V|PERF|LEM:$ahida|ROOT:$hd|1P | SUFFIX|PRON:1P
w-s006-a130-w017	6:130	6:130	17	6:130:17	عَلَىٰٓ	عَلَىٰ		P					STEM|POS:P|LEM:EalaY`
w-s006-a130-w018	6:130	6:130	18	6:130:18	أَنفُسِنَا	نَفْس	ن ف س	N					STEM|POS:N|LEM:nafos|ROOT:nfs|FP|GEN | SUFFIX|PRON:1P
w-s006-a130-w019	6:130	6:130	19	6:130:19	وَغَرَّتْهُمُ	غَرَّ	غ ر ر	V	PERF				PREFIX|w:CONJ+ | STEM|POS:V|PERF|LEM:gar~a|ROOT:grr|3FS | SUFFIX|PRON:3MP
w-s006-a130-w020	6:130	6:130	20	6:130:20	ٱلْحَيَوٰةُ	حَيَوٰة	ح ي ي	N					PREFIX|Al+ | STEM|POS:N|LEM:Hayaw`p|ROOT:Hyy|F|NOM
w-s006-a130-w021	6:130	6:130	21	6:130:21	ٱلدُّنْيَا	دُّنْيَا	د ن و	ADJ					PREFIX|Al+ | STEM|POS:ADJ|LEM:d~unoyaA|ROOT:dnw|FS|NOM
w-s006-a130-w022	6:130	6:130	22	6:130:22	وَشَهِدُوا۟	شَهِدَ	ش ه د	V	PERF				PREFIX|w:CONJ+ | STEM|POS:V|PERF|LEM:$ahida|ROOT:$hd|3MP | SUFFIX|PRON:3MP
w-s006-a130-w023	6:130	6:130	23	6:130:23	عَلَىٰٓ	عَلَىٰ		P					STEM|POS:P|LEM:EalaY`
w-s006-a130-w024	6:130	6:130	24	6:130:24	أَنفُسِهِمْ	نَفْس	ن ف س	N					STEM|POS:N|LEM:nafos|ROOT:nfs|FP|GEN | SUFFIX|PRON:3MP
w-s006-a130-w025	6:130	6:130	25	6:130:25	أَنَّهُمْ	أَنّ		ACC					STEM|POS:ACC|LEM:>an~|SP:<in~ | SUFFIX|PRON:3MP
w-s006-a130-w026	6:130	6:130	26	6:130:26	كَانُوا۟	كَانَ	ك و ن	V	PERF				STEM|POS:V|PERF|LEM:kaAna|ROOT:kwn|SP:kaAn|3MP | SUFFIX|PRON:3MP
w-s006-a130-w027	6:130	6:130	27	6:130:27	كَٰفِرِينَ	كَٰفِرُون	ك ف ر	N			ACT		STEM|POS:N|ACT|PCPL|LEM:ka`firuwn|ROOT:kfr|MP|ACC
w-s006-a131-w001	6:131	6:131	1	6:131:1	ذَٰلِكَ	ذَٰلِك		DEM					STEM|POS:DEM|LEM:*a`lik|MS
w-s006-a131-w002	6:131	6:131	2	6:131:2	أَن	أَن		SUB					STEM|POS:SUB|LEM:>an
w-s006-a131-w003	6:131	6:131	3	6:131:3	لَّمْ	لَم		NEG					STEM|POS:NEG|LEM:lam
w-s006-a131-w004	6:131	6:131	4	6:131:4	يَكُن	كَانَ	ك و ن	V	IMPF	JUS			STEM|POS:V|IMPF|LEM:kaAna|ROOT:kwn|SP:kaAn|3MS|MOOD:JUS
w-s006-a131-w005	6:131	6:131	5	6:131:5	رَّبُّكَ	رَبّ	ر ب ب	N					STEM|POS:N|LEM:rab~|ROOT:rbb|M|NOM | SUFFIX|PRON:2MS
w-s006-a131-w006	6:131	6:131	6	6:131:6	مُهْلِكَ	مُهْلِك	ه ل ك	N			ACT	IV	STEM|POS:N|ACT|PCPL|(IV)|LEM:muholik|ROOT:hlk|M|ACC
w-s006-a131-w007	6:131	6:131	7	6:131:7	ٱلْقُرَىٰ	قَرْيَة	ق ر ي	N					PREFIX|Al+ | STEM|POS:N|LEM:qaroyap|ROOT:qry|P|GEN
w-s006-a131-w008	6:131	6:131	8	6:131:8	بِظُلْمٍ	ظُلْم	ظ ل م	N					PREFIX|bi+ | STEM|POS:N|LEM:Zulom|ROOT:Zlm|M|INDEF|GEN
w-s006-a131-w009	6:131	6:131	9	6:131:9	وَأَهْلُهَا	أَهْل	ء ه ل	N					PREFIX|w:CIRC+ | STEM|POS:N|LEM:>ahol|ROOT:Ahl|M|NOM | SUFFIX|PRON:3FS
w-s006-a131-w010	6:131	6:131	10	6:131:10	غَٰفِلُونَ	غَٰفِل	غ ف ل	N			ACT		STEM|POS:N|ACT|PCPL|LEM:ga`fil|ROOT:gfl|MP|NOM
w-s006-a132-w001	6:132	6:132	1	6:132:1	وَلِكُلٍّ	كُلّ	ك ل ل	N					PREFIX|w:REM+ | PREFIX|l:P+ | STEM|POS:N|LEM:kul~|ROOT:kll|M|INDEF|GEN
w-s006-a132-w002	6:132	6:132	2	6:132:2	دَرَجَٰتٌ	دَرَجَة	د ر ج	N					STEM|POS:N|LEM:darajap|ROOT:drj|FP|INDEF|NOM
w-s006-a132-w003	6:132	6:132	3	6:132:3	مِّمَّا	مِن;مَا		P;REL					STEM|POS:P|LEM:min | STEM|POS:REL|LEM:maA
w-s006-a132-w004	6:132	6:132	4	6:132:4	عَمِلُوا۟	عَمِلَ	ع م ل	V	PERF				STEM|POS:V|PERF|LEM:Eamila|ROOT:Eml|3MP | SUFFIX|PRON:3MP
w-s006-a132-w005	6:132	6:132	5	6:132:5	وَمَا	مَا		NEG					PREFIX|w:CONJ+ | STEM|POS:NEG|LEM:maA|SP:kaAn
w-s006-a132-w006	6:132	6:132	6	6:132:6	رَبُّكَ	رَبّ	ر ب ب	N					STEM|POS:N|LEM:rab~|ROOT:rbb|M|NOM | SUFFIX|PRON:2MS
w-s006-a132-w007	6:132	6:132	7	6:132:7	بِغَٰفِلٍ	غَٰفِل	غ ف ل	N			ACT		PREFIX|bi+ | STEM|POS:N|ACT|PCPL|LEM:ga`fil|ROOT:gfl|M|INDEF|GEN
w-s006-a132-w008	6:132	6:132	8	6:132:8	عَمَّا	عَن;مَا		P;REL					STEM|POS:P|LEM:Ean | STEM|POS:REL|LEM:maA
w-s006-a132-w009	6:132	6:132	9	6:132:9	يَعْمَلُونَ	عَمِلَ	ع م ل	V	IMPF				STEM|POS:V|IMPF|LEM:Eamila|ROOT:Eml|3MP | SUFFIX|PRON:3MP
w-s006-a133-w001	6:133	6:133	1	6:133:1	وَرَبُّكَ	رَبّ	ر ب ب	N					PREFIX|w:CONJ+ | STEM|POS:N|LEM:rab~|ROOT:rbb|M|NOM | SUFFIX|PRON:2MS
w-s006-a133-w002	6:133	6:133	2	6:133:2	ٱلْغَنِىُّ	غَنِىّ	غ ن ي	N					PREFIX|Al+ | STEM|POS:N|LEM:ganiY~|ROOT:gny|MS|NOM
w-s006-a133-w003	6:133	6:133	3	6:133:3	ذُو	ذُو		N					STEM|POS:N|LEM:*uw|MS|NOM
w-s006-a133-w004	6:133	6:133	4	6:133:4	ٱلرَّحْمَةِ	رَحْمَة	ر ح م	N					PREFIX|Al+ | STEM|POS:N|LEM:raHomap|ROOT:rHm|F|GEN
w-s006-a133-w005	6:133	6:133	5	6:133:5	إِن	إِن		COND					STEM|POS:COND|LEM:<in
w-s006-a133-w006	6:133	6:133	6	6:133:6	يَشَأْ	شَآءَ	ش ي ء	V	IMPF	JUS			STEM|POS:V|IMPF|LEM:$aA^'a|ROOT:$yA|3MS|MOOD:JUS
w-s006-a133-w007	6:133	6:133	7	6:133:7	يُذْهِبْكُمْ	أَذْهَبَ	ذ ه ب	V	IMPF	JUS		IV	STEM|POS:V|IMPF|(IV)|LEM:>a*ohaba|ROOT:*hb|3MS|MOOD:JUS | SUFFIX|PRON:2MP
w-s006-a133-w008	6:133	6:133	8	6:133:8	وَيَسْتَخْلِفْ	ٱسْتَخْلَفَ	خ ل ف	V	IMPF	JUS		X	PREFIX|w:CONJ+ | STEM|POS:V|IMPF|(X)|LEM:{sotaxolafa|ROOT:xlf|3MS|MOOD:JUS
w-s006-a133-w009	6:133	6:133	9	6:133:9	مِنۢ	مِن		P					STEM|POS:P|LEM:min
w-s006-a133-w010	6:133	6:133	10	6:133:10	بَعْدِكُم	بَعْد	ب ع د	N					STEM|POS:N|LEM:baEod|ROOT:bEd|GEN | SUFFIX|PRON:2MP
w-s006-a133-w011	6:133	6:133	11	6:133:11	مَّا	مَا		REL					STEM|POS:REL|LEM:maA
w-s006-a133-w012	6:133	6:133	12	6:133:12	يَشَآءُ	شَآءَ	ش ي ء	V	IMPF				STEM|POS:V|IMPF|LEM:$aA^'a|ROOT:$yA|3MS
w-s006-a133-w013	6:133	6:133	13	6:133:13	كَمَآ	مَا		SUB					PREFIX|ka+ | STEM|POS:SUB|LEM:maA
w-s006-a133-w014	6:133	6:133	14	6:133:14	أَنشَأَكُم	أَنشَأَ	ن ش ء	V	PERF			IV	STEM|POS:V|PERF|(IV)|LEM:>an$a>a|ROOT:n$A|3MS | SUFFIX|PRON:2MP
w-s006-a133-w015	6:133	6:133	15	6:133:15	مِّن	مِن		P					STEM|POS:P|LEM:min
w-s006-a133-w016	6:133	6:133	16	6:133:16	ذُرِّيَّةِ	ذُرِّيَّة	ذ ر ر	N					STEM|POS:N|LEM:*ur~iy~ap|ROOT:*rr|F|GEN
w-s006-a133-w017	6:133	6:133	17	6:133:17	قَوْمٍ	قَوْم	ق و م	N					STEM|POS:N|LEM:qawom|ROOT:qwm|M|INDEF|GEN
w-s006-a133-w018	6:133	6:133	18	6:133:18	ءَاخَرِينَ	آخَر	ء خ ر	ADJ					STEM|POS:ADJ|LEM:A^xar|ROOT:Axr|MP|GEN
w-s006-a134-w001	6:134	6:134	1	6:134:1	إِنَّ	إِنّ		ACC					STEM|POS:ACC|LEM:<in~|SP:<in~
w-s006-a134-w002	6:134	6:134	2	6:134:2	مَا	مَا		REL					STEM|POS:REL|LEM:maA
w-s006-a134-w003	6:134	6:134	3	6:134:3	تُوعَدُونَ	وَعَدَ	و ع د	V	IMPF		PASS		STEM|POS:V|IMPF|PASS|LEM:waEada|ROOT:wEd|2MP | SUFFIX|PRON:2MP
w-s006-a134-w004	6:134	6:134	4	6:134:4	لَءَاتٍ	آتِي	ء ت ي	N			ACT		PREFIX|l:EMPH+ | STEM|POS:N|ACT|PCPL|LEM:A^tiy|ROOT:Aty|M|INDEF|NOM
w-s006-a134-w005	6:134	6:134	5	6:134:5	وَمَآ	مَا		NEG					PREFIX|w:REM+ | STEM|POS:NEG|LEM:maA|SP:kaAn
w-s006-a134-w006	6:134	6:134	6	6:134:6	أَنتُم			PRON					STEM|POS:PRON|2MP
w-s006-a134-w007	6:134	6:134	7	6:134:7	بِمُعْجِزِينَ	مُعْجِز	ع ج ز	N			ACT	IV	PREFIX|bi+ | STEM|POS:N|ACT|PCPL|(IV)|LEM:muEojiz|ROOT:Ejz|MP|GEN
w-s006-a135-w001	6:135	6:135	1	6:135:1	قُلْ	قَالَ	ق و ل	V	IMPV				STEM|POS:V|IMPV|LEM:qaAla|ROOT:qwl|2MS
w-s006-a135-w002	6:135	6:135	2	6:135:2	يَٰقَوْمِ	قَوْم	ق و م	N					PREFIX|ya+ | STEM|POS:N|LEM:qawom|ROOT:qwm|M|ACC | SUFFIX|PRON:1S
w-s006-a135-w003	6:135	6:135	3	6:135:3	ٱعْمَلُوا۟	عَمِلَ	ع م ل	V	IMPV				STEM|POS:V|IMPV|LEM:Eamila|ROOT:Eml|2MP | SUFFIX|PRON:2MP
w-s006-a135-w004	6:135	6:135	4	6:135:4	عَلَىٰ	عَلَىٰ		P					STEM|POS:P|LEM:EalaY`
w-s006-a135-w005	6:135	6:135	5	6:135:5	مَكَانَتِكُمْ	مَكَانَت	ك و ن	N					STEM|POS:N|LEM:makaAnat|ROOT:kwn|F|GEN | SUFFIX|PRON:2MP
w-s006-a135-w006	6:135	6:135	6	6:135:6	إِنِّى	إِنّ		ACC					STEM|POS:ACC|LEM:<in~|SP:<in~ | SUFFIX|PRON:1S
w-s006-a135-w007	6:135	6:135	7	6:135:7	عَامِلٌ	عَٰمِل	ع م ل	N			ACT		STEM|POS:N|ACT|PCPL|LEM:Ea`mil|ROOT:Eml|M|INDEF|NOM
w-s006-a135-w008	6:135	6:135	8	6:135:8	فَسَوْفَ	سَوْف		FUT					PREFIX|f:REM+ | STEM|POS:FUT|LEM:sawof
w-s006-a135-w009	6:135	6:135	9	6:135:9	تَعْلَمُونَ	عَلِمَ	ع ل م	V	IMPF				STEM|POS:V|IMPF|LEM:Ealima|ROOT:Elm|2MP | SUFFIX|PRON:2MP
w-s006-a135-w010	6:135	6:135	10	6:135:10	مَن	مَن		REL					STEM|POS:REL|LEM:man
w-s006-a135-w011	6:135	6:135	11	6:135:11	تَكُونُ	كَانَ	ك و ن	V	IMPF				STEM|POS:V|IMPF|LEM:kaAna|ROOT:kwn|SP:kaAn|3FS
w-s006-a135-w012	6:135	6:135	12	6:135:12	لَهُۥ			PRON					PREFIX|l:P+ | STEM|POS:PRON|3MS
w-s006-a135-w013	6:135	6:135	13	6:135:13	عَٰقِبَةُ	عَٰقِبَة	ع ق ب	N					STEM|POS:N|LEM:Ea`qibap|ROOT:Eqb|F|NOM
w-s006-a135-w014	6:135	6:135	14	6:135:14	ٱلدَّارِ	دَار	د و ر	N					PREFIX|Al+ | STEM|POS:N|LEM:daAr|ROOT:dwr|FS|GEN
w-s006-a135-w015	6:135	6:135	15	6:135:15	إِنَّهُۥ	إِنّ		ACC					STEM|POS:ACC|LEM:<in~|SP:<in~ | SUFFIX|PRON:3MS
w-s006-a135-w016	6:135	6:135	16	6:135:16	لَا	لَا		NEG					STEM|POS:NEG|LEM:laA
w-s006-a135-w017	6:135	6:135	17	6:135:17	يُفْلِحُ	أَفْلَحَ	ف ل ح	V	IMPF			IV	STEM|POS:V|IMPF|(IV)|LEM:>afolaHa|ROOT:flH|3MS
w-s006-a135-w018	6:135	6:135	18	6:135:18	ٱلظَّٰلِمُونَ	ظَالِم	ظ ل م	N			ACT		PREFIX|Al+ | STEM|POS:N|ACT|PCPL|LEM:ZaAlim|ROOT:Zlm|MP|NOM
w-s006-a136-w001	6:136	6:136	1	6:136:1	وَجَعَلُوا۟	جَعَلَ	ج ع ل	V	PERF				PREFIX|w:REM+ | STEM|POS:V|PERF|LEM:jaEala|ROOT:jEl|3MP | SUFFIX|PRON:3MP
w-s006-a136-w002	6:136	6:136	2	6:136:2	لِلَّهِ	ٱللَّه	ء ل ه	PN					PREFIX|l:P+ | STEM|POS:PN|LEM:{ll~ah|ROOT:Alh|GEN
w-s006-a136-w003	6:136	6:136	3	6:136:3	مِمَّا	مِن;مَا		P;REL					STEM|POS:P|LEM:min | STEM|POS:REL|LEM:maA
w-s006-a136-w004	6:136	6:136	4	6:136:4	ذَرَأَ	ذَرَأَ	ذ ر ء	V	PERF				STEM|POS:V|PERF|LEM:*ara>a|ROOT:*rA|3MS
w-s006-a136-w005	6:136	6:136	5	6:136:5	مِنَ	مِن		P					STEM|POS:P|LEM:min
w-s006-a136-w006	6:136	6:136	6	6:136:6	ٱلْحَرْثِ	حَرْث	ح ر ث	N					PREFIX|Al+ | STEM|POS:N|LEM:Harov|ROOT:Hrv|M|GEN
w-s006-a136-w007	6:136	6:136	7	6:136:7	وَٱلْأَنْعَٰمِ	نَّعَم	ن ع م	N					PREFIX|w:CONJ+ | PREFIX|Al+ | STEM|POS:N|LEM:n~aEam|ROOT:nEm|MP|GEN
w-s006-a136-w008	6:136	6:136	8	6:136:8	نَصِيبًا	نَصِيب	ن ص ب	N					STEM|POS:N|LEM:naSiyb|ROOT:nSb|M|INDEF|ACC
w-s006-a136-w009	6:136	6:136	9	6:136:9	فَقَالُوا۟	قَالَ	ق و ل	V	PERF				PREFIX|f:CONJ+ | STEM|POS:V|PERF|LEM:qaAla|ROOT:qwl|3MP | SUFFIX|PRON:3MP
w-s006-a136-w010	6:136	6:136	10	6:136:10	هَٰذَا	هَٰذَا		DEM					STEM|POS:DEM|LEM:ha`*aA|MS
w-s006-a136-w011	6:136	6:136	11	6:136:11	لِلَّهِ	ٱللَّه	ء ل ه	PN					PREFIX|l:P+ | STEM|POS:PN|LEM:{ll~ah|ROOT:Alh|GEN
w-s006-a136-w012	6:136	6:136	12	6:136:12	بِزَعْمِهِمْ	زَعْم	ز ع م	N					PREFIX|bi+ | STEM|POS:N|LEM:zaEom|ROOT:zEm|M|GEN | SUFFIX|PRON:3MP
w-s006-a136-w013	6:136	6:136	13	6:136:13	وَهَٰذَا	هَٰذَا		DEM					PREFIX|w:CONJ+ | STEM|POS:DEM|LEM:ha`*aA|MS
w-s006-a136-w014	6:136	6:136	14	6:136:14	لِشُرَكَآئِنَا	شَرِيك	ش ر ك	N					PREFIX|l:P+ | STEM|POS:N|LEM:$ariyk|ROOT:$rk|MP|GEN | SUFFIX|PRON:1P
w-s006-a136-w015	6:136	6:136	15	6:136:15	فَمَا	مَا		REL					PREFIX|f:REM+ | STEM|POS:REL|LEM:maA
w-s006-a136-w016	6:136	6:136	16	6:136:16	كَانَ	كَانَ	ك و ن	V	PERF				STEM|POS:V|PERF|LEM:kaAna|ROOT:kwn|SP:kaAn|3MS
w-s006-a136-w017	6:136	6:136	17	6:136:17	لِشُرَكَآئِهِمْ	شَرِيك	ش ر ك	N					PREFIX|l:P+ | STEM|POS:N|LEM:$ariyk|ROOT:$rk|MP|GEN | SUFFIX|PRON:3MP
w-s006-a136-w018	6:136	6:136	18	6:136:18	فَلَا	لَا		NEG					PREFIX|f:SUP+ | STEM|POS:NEG|LEM:laA
w-s006-a136-w019	6:136	6:136	19	6:136:19	يَصِلُ	يَصِلُ	و ص ل	V	IMPF				STEM|POS:V|IMPF|LEM:yaSilu|ROOT:wSl|3MS
w-s006-a136-w020	6:136	6:136	20	6:136:20	إِلَى	إِلَىٰ		P					STEM|POS:P|LEM:<ilaY`
w-s006-a136-w021	6:136	6:136	21	6:136:21	ٱللَّهِ	ٱللَّه	ء ل ه	PN					STEM|POS:PN|LEM:{ll~ah|ROOT:Alh|GEN
w-s006-a136-w022	6:136	6:136	22	6:136:22	وَمَا	مَا		REL					PREFIX|w:CONJ+ | STEM|POS:REL|LEM:maA
w-s006-a136-w023	6:136	6:136	23	6:136:23	كَانَ	كَانَ	ك و ن	V	PERF				STEM|POS:V|PERF|LEM:kaAna|ROOT:kwn|SP:kaAn|3MS
w-s006-a136-w024	6:136	6:136	24	6:136:24	لِلَّهِ	ٱللَّه	ء ل ه	PN					PREFIX|l:P+ | STEM|POS:PN|LEM:{ll~ah|ROOT:Alh|GEN
w-s006-a136-w025	6:136	6:136	25	6:136:25	فَهُوَ			PRON					PREFIX|f:SUP+ | STEM|POS:PRON|3MS
w-s006-a136-w026	6:136	6:136	26	6:136:26	يَصِلُ	يَصِلُ	و ص ل	V	IMPF				STEM|POS:V|IMPF|LEM:yaSilu|ROOT:wSl|3MS
w-s006-a136-w027	6:136	6:136	27	6:136:27	إِلَىٰ	إِلَىٰ		P					STEM|POS:P|LEM:<ilaY`
w-s006-a136-w028	6:136	6:136	28	6:136:28	شُرَكَآئِهِمْ	شَرِيك	ش ر ك	N					STEM|POS:N|LEM:$ariyk|ROOT:$rk|MP|GEN | SUFFIX|PRON:3MP
w-s006-a136-w029	6:136	6:136	29	6:136:29	سَآءَ	سَآءَ	س و ء	V	PERF				STEM|POS:V|PERF|LEM:saA^'a|ROOT:swA|3MS
w-s006-a136-w030	6:136	6:136	30	6:136:30	مَا	مَا		REL					STEM|POS:REL|LEM:maA
w-s006-a136-w031	6:136	6:136	31	6:136:31	يَحْكُمُونَ	حَكَمَ	ح ك م	V	IMPF				STEM|POS:V|IMPF|LEM:Hakama|ROOT:Hkm|3MP | SUFFIX|PRON:3MP
w-s006-a137-w001	6:137	6:137	1	6:137:1	وَكَذَٰلِكَ	ذَٰلِك		DEM					PREFIX|w:CONJ+ | PREFIX|ka+ | STEM|POS:DEM|LEM:*a`lik|MS
w-s006-a137-w002	6:137	6:137	2	6:137:2	زَيَّنَ	زَيَّنَ	ز ي ن	V	PERF			II	STEM|POS:V|PERF|(II)|LEM:zay~ana|ROOT:zyn|3MS
w-s006-a137-w003	6:137	6:137	3	6:137:3	لِكَثِيرٍ	كَثِير	ك ث ر	N					PREFIX|l:P+ | STEM|POS:N|LEM:kaviyr|ROOT:kvr|MS|INDEF|GEN
w-s006-a137-w004	6:137	6:137	4	6:137:4	مِّنَ	مِن		P					STEM|POS:P|LEM:min
w-s006-a137-w005	6:137	6:137	5	6:137:5	ٱلْمُشْرِكِينَ	مُشْرِك	ش ر ك	N			ACT	IV	PREFIX|Al+ | STEM|POS:N|ACT|PCPL|(IV)|LEM:mu$orik|ROOT:$rk|MP|GEN
w-s006-a137-w006	6:137	6:137	6	6:137:6	قَتْلَ	قَتْل	ق ت ل	N					STEM|POS:N|VN|LEM:qatol|ROOT:qtl|M|ACC
w-s006-a137-w007	6:137	6:137	7	6:137:7	أَوْلَٰدِهِمْ	وَلَد	و ل د	N					STEM|POS:N|LEM:walad|ROOT:wld|MP|GEN | SUFFIX|PRON:3MP
w-s006-a137-w008	6:137	6:137	8	6:137:8	شُرَكَآؤُهُمْ	شَرِيك	ش ر ك	N					STEM|POS:N|LEM:$ariyk|ROOT:$rk|MP|NOM | SUFFIX|PRON:3MP
w-s006-a137-w009	6:137	6:137	9	6:137:9	لِيُرْدُوهُمْ	أَرْدَىٰ	ر د ي	V	IMPF	SUBJ		IV	PREFIX|l:PRP+ | STEM|POS:V|IMPF|(IV)|LEM:>arodaY`|ROOT:rdy|3MP|MOOD:SUBJ | SUFFIX|PRON:3MP | SUFFIX|PRON:3MP
w-s006-a137-w010	6:137	6:137	10	6:137:10	وَلِيَلْبِسُوا۟	لَبَسْ	ل ب س	V	IMPF	SUBJ			PREFIX|w:CONJ+ | PREFIX|l:PRP+ | STEM|POS:V|IMPF|LEM:labaso|ROOT:lbs|3MP|MOOD:SUBJ | SUFFIX|PRON:3MP
w-s006-a137-w011	6:137	6:137	11	6:137:11	عَلَيْهِمْ	عَلَىٰ		P					STEM|POS:P|LEM:EalaY` | SUFFIX|PRON:3MP
w-s006-a137-w012	6:137	6:137	12	6:137:12	دِينَهُمْ	دِين	د ي ن	N					STEM|POS:N|LEM:diyn|ROOT:dyn|M|ACC | SUFFIX|PRON:3MP
w-s006-a137-w013	6:137	6:137	13	6:137:13	وَلَوْ	لَو		COND					PREFIX|w:REM+ | STEM|POS:COND|LEM:law
w-s006-a137-w014	6:137	6:137	14	6:137:14	شَآءَ	شَآءَ	ش ي ء	V	PERF				STEM|POS:V|PERF|LEM:$aA^'a|ROOT:$yA|3MS
w-s006-a137-w015	6:137	6:137	15	6:137:15	ٱللَّهُ	ٱللَّه	ء ل ه	PN					STEM|POS:PN|LEM:{ll~ah|ROOT:Alh|NOM
w-s006-a137-w016	6:137	6:137	16	6:137:16	مَا	مَا		NEG					STEM|POS:NEG|LEM:maA
w-s006-a137-w017	6:137	6:137	17	6:137:17	فَعَلُوهُ	فَعَلَ	ف ع ل	V	PERF				STEM|POS:V|PERF|LEM:faEala|ROOT:fEl|3MP | SUFFIX|PRON:3MP | SUFFIX|PRON:3MS
w-s006-a137-w018	6:137	6:137	18	6:137:18	فَذَرْهُمْ	يَذَرَ	و ذ ر	V	IMPV				PREFIX|f:REM+ | STEM|POS:V|IMPV|LEM:ya*ara|ROOT:w*r|2MS | SUFFIX|PRON:3MP
w-s006-a137-w019	6:137	6:137	19	6:137:19	وَمَا	مَا		REL					PREFIX|w:CONJ+ | STEM|POS:REL|LEM:maA
w-s006-a137-w020	6:137	6:137	20	6:137:20	يَفْتَرُونَ	ٱفْتَرَىٰ	ف ر ي	V	IMPF			VIII	STEM|POS:V|IMPF|(VIII)|LEM:{fotaraY`|ROOT:fry|3MP | SUFFIX|PRON:3MP
w-s006-a138-w001	6:138	6:138	1	6:138:1	وَقَالُوا۟	قَالَ	ق و ل	V	PERF				PREFIX|w:CONJ+ | STEM|POS:V|PERF|LEM:qaAla|ROOT:qwl|3MP | SUFFIX|PRON:3MP
w-s006-a138-w002	6:138	6:138	2	6:138:2	هَٰذِهِۦٓ	هَٰذَا		DEM					STEM|POS:DEM|LEM:ha`*aA|FS
w-s006-a138-w003	6:138	6:138	3	6:138:3	أَنْعَٰمٌ	نَّعَم	ن ع م	N					STEM|POS:N|LEM:n~aEam|ROOT:nEm|MP|INDEF|NOM
w-s006-a138-w004	6:138	6:138	4	6:138:4	وَحَرْثٌ	حَرْث	ح ر ث	N					PREFIX|w:CONJ+ | STEM|POS:N|LEM:Harov|ROOT:Hrv|M|INDEF|NOM
w-s006-a138-w005	6:138	6:138	5	6:138:5	حِجْرٌ	حِجْر	ح ج ر	ADJ					STEM|POS:ADJ|LEM:Hijor|ROOT:Hjr|M|INDEF|NOM
w-s006-a138-w006	6:138	6:138	6	6:138:6	لَّا	لَا		NEG					STEM|POS:NEG|LEM:laA
w-s006-a138-w007	6:138	6:138	7	6:138:7	يَطْعَمُهَآ	طَعِمُ	ط ع م	V	IMPF				STEM|POS:V|IMPF|LEM:TaEimu|ROOT:TEm|3MS | SUFFIX|PRON:3FS
w-s006-a138-w008	6:138	6:138	8	6:138:8	إِلَّا	إِلَّا		RES					STEM|POS:RES|LEM:<il~aA
w-s006-a138-w009	6:138	6:138	9	6:138:9	مَن	مَن		REL					STEM|POS:REL|LEM:man
w-s006-a138-w010	6:138	6:138	10	6:138:10	نَّشَآءُ	شَآءَ	ش ي ء	V	IMPF				STEM|POS:V|IMPF|LEM:$aA^'a|ROOT:$yA|1P
w-s006-a138-w011	6:138	6:138	11	6:138:11	بِزَعْمِهِمْ	زَعْم	ز ع م	N					PREFIX|bi+ | STEM|POS:N|LEM:zaEom|ROOT:zEm|M|GEN | SUFFIX|PRON:3MP
w-s006-a138-w012	6:138	6:138	12	6:138:12	وَأَنْعَٰمٌ	نَّعَم	ن ع م	N					PREFIX|w:CONJ+ | STEM|POS:N|LEM:n~aEam|ROOT:nEm|MP|INDEF|NOM
w-s006-a138-w013	6:138	6:138	13	6:138:13	حُرِّمَتْ	حَرَّمَ	ح ر م	V	PERF		PASS	II	STEM|POS:V|PERF|PASS|(II)|LEM:Har~ama|ROOT:Hrm|3FS
w-s006-a138-w014	6:138	6:138	14	6:138:14	ظُهُورُهَا	ظَهْر	ظ ه ر	N					STEM|POS:N|LEM:Zahor|ROOT:Zhr|MP|NOM | SUFFIX|PRON:3FS
w-s006-a138-w015	6:138	6:138	15	6:138:15	وَأَنْعَٰمٌ	نَّعَم	ن ع م	N					PREFIX|w:CONJ+ | STEM|POS:N|LEM:n~aEam|ROOT:nEm|MP|INDEF|NOM
w-s006-a138-w016	6:138	6:138	16	6:138:16	لَّا	لَا		NEG					STEM|POS:NEG|LEM:laA
w-s006-a138-w017	6:138	6:138	17	6:138:17	يَذْكُرُونَ	ذَكَرَ	ذ ك ر	V	IMPF				STEM|POS:V|IMPF|LEM:*akara|ROOT:*kr|3MP | SUFFIX|PRON:3MP
w-s006-a138-w018	6:138	6:138	18	6:138:18	ٱسْمَ	ٱسْم	س م و	N					STEM|POS:N|LEM:{som|ROOT:smw|M|ACC
w-s006-a138-w019	6:138	6:138	19	6:138:19	ٱللَّهِ	ٱللَّه	ء ل ه	PN					STEM|POS:PN|LEM:{ll~ah|ROOT:Alh|GEN
w-s006-a138-w020	6:138	6:138	20	6:138:20	عَلَيْهَا	عَلَىٰ		P					STEM|POS:P|LEM:EalaY` | SUFFIX|PRON:3FS
w-s006-a138-w021	6:138	6:138	21	6:138:21	ٱفْتِرَآءً	ٱفْتِرَآء	ف ر ي	N				VIII	STEM|POS:N|VN|(VIII)|LEM:{fotiraA^'|ROOT:fry|M|INDEF|ACC
w-s006-a138-w022	6:138	6:138	22	6:138:22	عَلَيْهِ	عَلَىٰ		P					STEM|POS:P|LEM:EalaY` | SUFFIX|PRON:3MS
w-s006-a138-w023	6:138	6:138	23	6:138:23	سَيَجْزِيهِم	جَزَىٰ	ج ز ي	V	IMPF				PREFIX|sa+ | STEM|POS:V|IMPF|LEM:jazaY`|ROOT:jzy|3MS | SUFFIX|PRON:3MP
w-s006-a138-w024	6:138	6:138	24	6:138:24	بِمَا	مَا		REL					PREFIX|bi+ | STEM|POS:REL|LEM:maA
w-s006-a138-w025	6:138	6:138	25	6:138:25	كَانُوا۟	كَانَ	ك و ن	V	PERF				STEM|POS:V|PERF|LEM:kaAna|ROOT:kwn|SP:kaAn|3MP | SUFFIX|PRON:3MP
w-s006-a138-w026	6:138	6:138	26	6:138:26	يَفْتَرُونَ	ٱفْتَرَىٰ	ف ر ي	V	IMPF			VIII	STEM|POS:V|IMPF|(VIII)|LEM:{fotaraY`|ROOT:fry|3MP | SUFFIX|PRON:3MP
w-s006-a139-w001	6:139	6:139	1	6:139:1	وَقَالُوا۟	قَالَ	ق و ل	V	PERF				PREFIX|w:CONJ+ | STEM|POS:V|PERF|LEM:qaAla|ROOT:qwl|3MP | SUFFIX|PRON:3MP
w-s006-a139-w002	6:139	6:139	2	6:139:2	مَا	مَا		REL					STEM|POS:REL|LEM:maA
w-s006-a139-w003	6:139	6:139	3	6:139:3	فِى	فِى		P					STEM|POS:P|LEM:fiY
w-s006-a139-w004	6:139	6:139	4	6:139:4	بُطُونِ	بَطْن	ب ط ن	N					STEM|POS:N|LEM:baTon|ROOT:bTn|MP|GEN
w-s006-a139-w005	6:139	6:139	5	6:139:5	هَٰذِهِ	هَٰذَا		DEM					STEM|POS:DEM|LEM:ha`*aA|FS
w-s006-a139-w006	6:139	6:139	6	6:139:6	ٱلْأَنْعَٰمِ	نَّعَم	ن ع م	N					PREFIX|Al+ | STEM|POS:N|LEM:n~aEam|ROOT:nEm|MP|GEN
w-s006-a139-w007	6:139	6:139	7	6:139:7	خَالِصَةٌ	خَالِصَة	خ ل ص	N			ACT		STEM|POS:N|ACT|PCPL|LEM:xaAliSap|ROOT:xlS|F|INDEF|NOM
w-s006-a139-w008	6:139	6:139	8	6:139:8	لِّذُكُورِنَا	ذَكَر	ذ ك ر	N					PREFIX|l:P+ | STEM|POS:N|LEM:*akar|ROOT:*kr|MP|GEN | SUFFIX|PRON:1P
w-s006-a139-w009	6:139	6:139	9	6:139:9	وَمُحَرَّمٌ	مُحَرَّم	ح ر م	N			PASS	II	PREFIX|w:CONJ+ | STEM|POS:N|PASS|PCPL|(II)|LEM:muHar~am|ROOT:Hrm|M|INDEF|NOM
w-s006-a139-w010	6:139	6:139	10	6:139:10	عَلَىٰٓ	عَلَىٰ		P					STEM|POS:P|LEM:EalaY`
w-s006-a139-w011	6:139	6:139	11	6:139:11	أَزْوَٰجِنَا	زَوْج	ز و ج	N					STEM|POS:N|LEM:zawoj|ROOT:zwj|MP|GEN | SUFFIX|PRON:1P
w-s006-a139-w012	6:139	6:139	12	6:139:12	وَإِن	إِن		COND					PREFIX|w:CONJ+ | STEM|POS:COND|LEM:<in
w-s006-a139-w013	6:139	6:139	13	6:139:13	يَكُن	كَانَ	ك و ن	V	IMPF	JUS			STEM|POS:V|IMPF|LEM:kaAna|ROOT:kwn|SP:kaAn|3MS|MOOD:JUS
w-s006-a139-w014	6:139	6:139	14	6:139:14	مَّيْتَةً	مَيْتَة	م و ت	N					STEM|POS:N|LEM:mayotap|ROOT:mwt|FS|INDEF|ACC
w-s006-a139-w015	6:139	6:139	15	6:139:15	فَهُمْ			PRON					PREFIX|f:RSLT+ | STEM|POS:PRON|3MP
w-s006-a139-w016	6:139	6:139	16	6:139:16	فِيهِ	فِى		P					STEM|POS:P|LEM:fiY | SUFFIX|PRON:3MS
w-s006-a139-w017	6:139	6:139	17	6:139:17	شُرَكَآءُ	شَرِيك	ش ر ك	N					STEM|POS:N|LEM:$ariyk|ROOT:$rk|MP|NOM
w-s006-a139-w018	6:139	6:139	18	6:139:18	سَيَجْزِيهِمْ	جَزَىٰ	ج ز ي	V	IMPF				PREFIX|sa+ | STEM|POS:V|IMPF|LEM:jazaY`|ROOT:jzy|3MS | SUFFIX|PRON:3MP
w-s006-a139-w019	6:139	6:139	19	6:139:19	وَصْفَهُمْ	وَصْف	و ص ف	N					STEM|POS:N|LEM:waSof|ROOT:wSf|M|ACC | SUFFIX|PRON:3MP
w-s006-a139-w020	6:139	6:139	20	6:139:20	إِنَّهُۥ	إِنّ		ACC					STEM|POS:ACC|LEM:<in~|SP:<in~ | SUFFIX|PRON:3MS
w-s006-a139-w021	6:139	6:139	21	6:139:21	حَكِيمٌ	حَكِيم	ح ك م	N					STEM|POS:N|LEM:Hakiym|ROOT:Hkm|MS|INDEF|NOM
w-s006-a139-w022	6:139	6:139	22	6:139:22	عَلِيمٌ	عَلِيم	ع ل م	ADJ					STEM|POS:ADJ|LEM:Ealiym|ROOT:Elm|MS|INDEF|NOM
w-s006-a140-w001	6:140	6:140	1	6:140:1	قَدْ	قَد		CERT					STEM|POS:CERT|LEM:qad
w-s006-a140-w002	6:140	6:140	2	6:140:2	خَسِرَ	خَسِرَ	خ س ر	V	PERF				STEM|POS:V|PERF|LEM:xasira|ROOT:xsr|3MS
w-s006-a140-w003	6:140	6:140	3	6:140:3	ٱلَّذِينَ	ٱلَّذِى		REL					STEM|POS:REL|LEM:{l~a*iY|MP
w-s006-a140-w004	6:140	6:140	4	6:140:4	قَتَلُوٓا۟	قَتَلَ	ق ت ل	V	PERF				STEM|POS:V|PERF|LEM:qatala|ROOT:qtl|3MP | SUFFIX|PRON:3MP
w-s006-a140-w005	6:140	6:140	5	6:140:5	أَوْلَٰدَهُمْ	وَلَد	و ل د	N					STEM|POS:N|LEM:walad|ROOT:wld|MP|ACC | SUFFIX|PRON:3MP
w-s006-a140-w006	6:140	6:140	6	6:140:6	سَفَهًۢا	سَفَه	س ف ه	N					STEM|POS:N|LEM:safah|ROOT:sfh|M|INDEF|ACC
w-s006-a140-w007	6:140	6:140	7	6:140:7	بِغَيْرِ	غَيْر	غ ي ر	N					PREFIX|bi+ | STEM|POS:N|LEM:gayor|ROOT:gyr|M|GEN
w-s006-a140-w008	6:140	6:140	8	6:140:8	عِلْمٍ	عِلْم	ع ل م	N					STEM|POS:N|LEM:Eilom|ROOT:Elm|M|INDEF|GEN
w-s006-a140-w009	6:140	6:140	9	6:140:9	وَحَرَّمُوا۟	حَرَّمَ	ح ر م	V	PERF			II	PREFIX|w:CONJ+ | STEM|POS:V|PERF|(II)|LEM:Har~ama|ROOT:Hrm|3MP | SUFFIX|PRON:3MP
w-s006-a140-w010	6:140	6:140	10	6:140:10	مَا	مَا		REL					STEM|POS:REL|LEM:maA
w-s006-a140-w011	6:140	6:140	11	6:140:11	رَزَقَهُمُ	رَزَقَ	ر ز ق	V	PERF				STEM|POS:V|PERF|LEM:razaqa|ROOT:rzq|3MS | SUFFIX|PRON:3MP
w-s006-a140-w012	6:140	6:140	12	6:140:12	ٱللَّهُ	ٱللَّه	ء ل ه	PN					STEM|POS:PN|LEM:{ll~ah|ROOT:Alh|NOM
w-s006-a140-w013	6:140	6:140	13	6:140:13	ٱفْتِرَآءً	ٱفْتِرَآء	ف ر ي	N				VIII	STEM|POS:N|VN|(VIII)|LEM:{fotiraA^'|ROOT:fry|M|INDEF|ACC
w-s006-a140-w014	6:140	6:140	14	6:140:14	عَلَى	عَلَىٰ		P					STEM|POS:P|LEM:EalaY`
w-s006-a140-w015	6:140	6:140	15	6:140:15	ٱللَّهِ	ٱللَّه	ء ل ه	PN					STEM|POS:PN|LEM:{ll~ah|ROOT:Alh|GEN
w-s006-a140-w016	6:140	6:140	16	6:140:16	قَدْ	قَد		CERT					STEM|POS:CERT|LEM:qad
w-s006-a140-w017	6:140	6:140	17	6:140:17	ضَلُّوا۟	ضَلَّ	ض ل ل	V	PERF				STEM|POS:V|PERF|LEM:Dal~a|ROOT:Dll|3MP | SUFFIX|PRON:3MP
w-s006-a140-w018	6:140	6:140	18	6:140:18	وَمَا	مَا		NEG					PREFIX|w:REM+ | STEM|POS:NEG|LEM:maA
w-s006-a140-w019	6:140	6:140	19	6:140:19	كَانُوا۟	كَانَ	ك و ن	V	PERF				STEM|POS:V|PERF|LEM:kaAna|ROOT:kwn|SP:kaAn|3MP | SUFFIX|PRON:3MP
w-s006-a140-w020	6:140	6:140	20	6:140:20	مُهْتَدِينَ	مُّهْتَدُون	ه د ي	N			ACT	VIII	STEM|POS:N|ACT|PCPL|(VIII)|LEM:m~uhotaduwn|ROOT:hdy|MP|ACC
w-s006-a141-w001	6:141	6:141	1	6:141:1	وَهُوَ			PRON					PREFIX|w:CONJ+ | STEM|POS:PRON|3MS
w-s006-a141-w002	6:141	6:141	2	6:141:2	ٱلَّذِىٓ	ٱلَّذِى		REL					STEM|POS:REL|LEM:{l~a*iY|MS
w-s006-a141-w003	6:141	6:141	3	6:141:3	أَنشَأَ	أَنشَأَ	ن ش ء	V	PERF			IV	STEM|POS:V|PERF|(IV)|LEM:>an$a>a|ROOT:n$A|3MS
w-s006-a141-w004	6:141	6:141	4	6:141:4	جَنَّٰتٍ	جَنَّة	ج ن ن	N					STEM|POS:N|LEM:jan~ap|ROOT:jnn|FP|INDEF|ACC
w-s006-a141-w005	6:141	6:141	5	6:141:5	مَّعْرُوشَٰتٍ	مَّعْرُوشَٰت	ع ر ش	ADJ			PASS		STEM|POS:ADJ|PASS|PCPL|LEM:m~aEoruw$a`t|ROOT:Er$|FP|INDEF|ACC
w-s006-a141-w006	6:141	6:141	6	6:141:6	وَغَيْرَ	غَيْر	غ ي ر	N					PREFIX|w:CONJ+ | STEM|POS:N|LEM:gayor|ROOT:gyr|M|ACC
w-s006-a141-w007	6:141	6:141	7	6:141:7	مَعْرُوشَٰتٍ	مَّعْرُوشَٰت	ع ر ش	N			PASS		STEM|POS:N|PASS|PCPL|LEM:m~aEoruw$a`t|ROOT:Er$|FP|INDEF|GEN
w-s006-a141-w008	6:141	6:141	8	6:141:8	وَٱلنَّخْلَ	نَخْل	ن خ ل	N					PREFIX|w:CONJ+ | PREFIX|Al+ | STEM|POS:N|LEM:naxol|ROOT:nxl|M|ACC
w-s006-a141-w009	6:141	6:141	9	6:141:9	وَٱلزَّرْعَ	زَرْع	ز ر ع	N					PREFIX|w:CONJ+ | PREFIX|Al+ | STEM|POS:N|LEM:zaroE|ROOT:zrE|M|ACC
w-s006-a141-w010	6:141	6:141	10	6:141:10	مُخْتَلِفًا	مُّخْتَلِف	خ ل ف	N			ACT	VIII	STEM|POS:N|ACT|PCPL|(VIII)|LEM:m~uxotalif|ROOT:xlf|M|INDEF|ACC
w-s006-a141-w011	6:141	6:141	11	6:141:11	أُكُلُهُۥ	أُكُل	ء ك ل	N					STEM|POS:N|LEM:>ukul|ROOT:Akl|M|NOM | SUFFIX|PRON:3MS
w-s006-a141-w012	6:141	6:141	12	6:141:12	وَٱلزَّيْتُونَ	زَّيْتُون	ز ي ت	N					PREFIX|w:CONJ+ | PREFIX|Al+ | STEM|POS:N|LEM:z~ayotuwn|ROOT:zyt|M|ACC
w-s006-a141-w013	6:141	6:141	13	6:141:13	وَٱلرُّمَّانَ	رُّمَّان	ر م ن	N					PREFIX|w:CONJ+ | PREFIX|Al+ | STEM|POS:N|LEM:r~um~aAn|ROOT:rmn|M|ACC
w-s006-a141-w014	6:141	6:141	14	6:141:14	مُتَشَٰبِهًا	مُتَشَٰبِه	ش ب ه	N			ACT	VI	STEM|POS:N|ACT|PCPL|(VI)|LEM:muta$a`bih|ROOT:$bh|M|INDEF|ACC
w-s006-a141-w015	6:141	6:141	15	6:141:15	وَغَيْرَ	غَيْر	غ ي ر	N					PREFIX|w:CONJ+ | STEM|POS:N|LEM:gayor|ROOT:gyr|M|ACC
w-s006-a141-w016	6:141	6:141	16	6:141:16	مُتَشَٰبِهٍ	مُتَشَٰبِه	ش ب ه	N			ACT	VI	STEM|POS:N|ACT|PCPL|(VI)|LEM:muta$a`bih|ROOT:$bh|M|INDEF|GEN
w-s006-a141-w017	6:141	6:141	17	6:141:17	كُلُوا۟	أَكَلَ	ء ك ل	V	IMPV				STEM|POS:V|IMPV|LEM:>akala|ROOT:Akl|2MP | SUFFIX|PRON:2MP
w-s006-a141-w018	6:141	6:141	18	6:141:18	مِن	مِن		P					STEM|POS:P|LEM:min
w-s006-a141-w019	6:141	6:141	19	6:141:19	ثَمَرِهِۦٓ	ثَمَر	ث م ر	N					STEM|POS:N|LEM:vamar|ROOT:vmr|M|GEN | SUFFIX|PRON:3MS
w-s006-a141-w020	6:141	6:141	20	6:141:20	إِذَآ	إِذَا		T					STEM|POS:T|LEM:<i*aA
w-s006-a141-w021	6:141	6:141	21	6:141:21	أَثْمَرَ	أَثْمَرَ	ث م ر	V	PERF			IV	STEM|POS:V|PERF|(IV)|LEM:>avomara|ROOT:vmr|3MS
w-s006-a141-w022	6:141	6:141	22	6:141:22	وَءَاتُوا۟	آتَى	ء ت ي	V	IMPV			IV	PREFIX|w:CONJ+ | STEM|POS:V|IMPV|(IV)|LEM:A^taY|ROOT:Aty|2MP | SUFFIX|PRON:2MP
w-s006-a141-w023	6:141	6:141	23	6:141:23	حَقَّهُۥ	حَقّ	ح ق ق	N					STEM|POS:N|LEM:Haq~|ROOT:Hqq|M|ACC | SUFFIX|PRON:3MS
w-s006-a141-w024	6:141	6:141	24	6:141:24	يَوْمَ	يَوْم	ي و م	T					STEM|POS:T|LEM:yawom|ROOT:ywm|M|ACC
w-s006-a141-w025	6:141	6:141	25	6:141:25	حَصَادِهِۦ	حَصَاد	ح ص د	N					STEM|POS:N|LEM:HaSaAd|ROOT:HSd|M|GEN | SUFFIX|PRON:3MS
w-s006-a141-w026	6:141	6:141	26	6:141:26	وَلَا	لَا		PRO					PREFIX|w:CONJ+ | STEM|POS:PRO|LEM:laA
w-s006-a141-w027	6:141	6:141	27	6:141:27	تُسْرِفُوٓا۟	أَسْرَفَ	س ر ف	V	IMPF	JUS		IV	STEM|POS:V|IMPF|(IV)|LEM:>asorafa|ROOT:srf|2MP|MOOD:JUS | SUFFIX|PRON:2MP
w-s006-a141-w028	6:141	6:141	28	6:141:28	إِنَّهُۥ	إِنّ		ACC					STEM|POS:ACC|LEM:<in~|SP:<in~ | SUFFIX|PRON:3MS
w-s006-a141-w029	6:141	6:141	29	6:141:29	لَا	لَا		NEG					STEM|POS:NEG|LEM:laA
w-s006-a141-w030	6:141	6:141	30	6:141:30	يُحِبُّ	أَحْبَبْ	ح ب ب	V	IMPF			IV	STEM|POS:V|IMPF|(IV)|LEM:>aHobabo|ROOT:Hbb|3MS
w-s006-a141-w031	6:141	6:141	31	6:141:31	ٱلْمُسْرِفِينَ	مُسْرِف	س ر ف	N			ACT	IV	PREFIX|Al+ | STEM|POS:N|ACT|PCPL|(IV)|LEM:musorif|ROOT:srf|MP|ACC
w-s006-a142-w001	6:142	6:142	1	6:142:1	وَمِنَ	مِن		P					PREFIX|w:CONJ+ | STEM|POS:P|LEM:min
w-s006-a142-w002	6:142	6:142	2	6:142:2	ٱلْأَنْعَٰمِ	نَّعَم	ن ع م	N					PREFIX|Al+ | STEM|POS:N|LEM:n~aEam|ROOT:nEm|MP|GEN
w-s006-a142-w003	6:142	6:142	3	6:142:3	حَمُولَةً	حَمُولَة	ح م ل	N					STEM|POS:N|LEM:Hamuwlap|ROOT:Hml|F|INDEF|ACC
w-s006-a142-w004	6:142	6:142	4	6:142:4	وَفَرْشًا	فَرْش	ف ر ش	N					PREFIX|w:CONJ+ | STEM|POS:N|LEM:faro$|ROOT:fr$|M|INDEF|ACC
w-s006-a142-w005	6:142	6:142	5	6:142:5	كُلُوا۟	أَكَلَ	ء ك ل	V	IMPV				STEM|POS:V|IMPV|LEM:>akala|ROOT:Akl|2MP | SUFFIX|PRON:2MP
w-s006-a142-w006	6:142	6:142	6	6:142:6	مِمَّا	مِن;مَا		P;REL					STEM|POS:P|LEM:min | STEM|POS:REL|LEM:maA
w-s006-a142-w007	6:142	6:142	7	6:142:7	رَزَقَكُمُ	رَزَقَ	ر ز ق	V	PERF				STEM|POS:V|PERF|LEM:razaqa|ROOT:rzq|3MS | SUFFIX|PRON:2MP
w-s006-a142-w008	6:142	6:142	8	6:142:8	ٱللَّهُ	ٱللَّه	ء ل ه	PN					STEM|POS:PN|LEM:{ll~ah|ROOT:Alh|NOM
w-s006-a142-w009	6:142	6:142	9	6:142:9	وَلَا	لَا		PRO					PREFIX|w:CONJ+ | STEM|POS:PRO|LEM:laA
w-s006-a142-w010	6:142	6:142	10	6:142:10	تَتَّبِعُوا۟	ٱتَّبَعَ	ت ب ع	V	IMPF	JUS		VIII	STEM|POS:V|IMPF|(VIII)|LEM:{t~abaEa|ROOT:tbE|2MP|MOOD:JUS | SUFFIX|PRON:2MP
w-s006-a142-w011	6:142	6:142	11	6:142:11	خُطُوَٰتِ	خُطُوَٰت	خ ط و	N					STEM|POS:N|LEM:xuTuwa`t|ROOT:xTw|FP|ACC
w-s006-a142-w012	6:142	6:142	12	6:142:12	ٱلشَّيْطَٰنِ	شَيْطَٰن	ش ط ن	PN					PREFIX|Al+ | STEM|POS:PN|LEM:$ayoTa`n|ROOT:$Tn|M|GEN
w-s006-a142-w013	6:142	6:142	13	6:142:13	إِنَّهُۥ	إِنّ		ACC					STEM|POS:ACC|LEM:<in~|SP:<in~ | SUFFIX|PRON:3MS
w-s006-a142-w014	6:142	6:142	14	6:142:14	لَكُمْ			PRON					PREFIX|l:P+ | STEM|POS:PRON|2MP
w-s006-a142-w015	6:142	6:142	15	6:142:15	عَدُوٌّ	عَدُوّ	ع د و	N					STEM|POS:N|LEM:Eaduw~|ROOT:Edw|M|INDEF|NOM
w-s006-a142-w016	6:142	6:142	16	6:142:16	مُّبِينٌ	مُّبِين	ب ي ن	ADJ			ACT	IV	STEM|POS:ADJ|ACT|PCPL|(IV)|LEM:m~ubiyn|ROOT:byn|M|INDEF|NOM
w-s006-a143-w001	6:143	6:143	1	6:143:1	ثَمَٰنِيَةَ	ثَمَٰنِيَة	ث م ن	N					STEM|POS:N|LEM:vama`niyap|ROOT:vmn|F|ACC
w-s006-a143-w002	6:143	6:143	2	6:143:2	أَزْوَٰجٍ	زَوْج	ز و ج	N					STEM|POS:N|LEM:zawoj|ROOT:zwj|MP|INDEF|GEN
w-s006-a143-w003	6:143	6:143	3	6:143:3	مِّنَ	مِن		P					STEM|POS:P|LEM:min
w-s006-a143-w004	6:143	6:143	4	6:143:4	ٱلضَّأْنِ	ضَّأْن	ض ء ن	N					PREFIX|Al+ | STEM|POS:N|LEM:D~a>on|ROOT:DAn|M|GEN
w-s006-a143-w005	6:143	6:143	5	6:143:5	ٱثْنَيْنِ	ٱثْنَيْن	ث ن ي	N					STEM|POS:N|LEM:{vonayon|ROOT:vny|MD|ACC
w-s006-a143-w006	6:143	6:143	6	6:143:6	وَمِنَ	مِن		P					PREFIX|w:CONJ+ | STEM|POS:P|LEM:min
w-s006-a143-w007	6:143	6:143	7	6:143:7	ٱلْمَعْزِ	مَعْز	م ع ز	N					PREFIX|Al+ | STEM|POS:N|LEM:maEoz|ROOT:mEz|M|GEN
w-s006-a143-w008	6:143	6:143	8	6:143:8	ٱثْنَيْنِ	ٱثْنَيْن	ث ن ي	N					STEM|POS:N|LEM:{vonayon|ROOT:vny|MD|ACC
w-s006-a143-w009	6:143	6:143	9	6:143:9	قُلْ	قَالَ	ق و ل	V	IMPV				STEM|POS:V|IMPV|LEM:qaAla|ROOT:qwl|2MS
w-s006-a143-w010	6:143	6:143	10	6:143:10	ءَآلذَّكَرَيْنِ	ذَكَر	ذ ك ر	N					PREFIX|A:INTG+ | PREFIX|Al+ | STEM|POS:N|LEM:*akar|ROOT:*kr|MD|ACC
w-s006-a143-w011	6:143	6:143	11	6:143:11	حَرَّمَ	حَرَّمَ	ح ر م	V	PERF			II	STEM|POS:V|PERF|(II)|LEM:Har~ama|ROOT:Hrm|3MS
w-s006-a143-w012	6:143	6:143	12	6:143:12	أَمِ	أَم		CONJ					STEM|POS:CONJ|LEM:>am
w-s006-a143-w013	6:143	6:143	13	6:143:13	ٱلْأُنثَيَيْنِ	أُنثَيَيْن	ء ن ث	N					PREFIX|Al+ | STEM|POS:N|LEM:>unvayayon|ROOT:Anv|FD|ACC
w-s006-a143-w014	6:143	6:143	14	6:143:14	أَمَّا	أَم;مَا		CONJ;REL					STEM|POS:CONJ|LEM:>am | STEM|POS:REL|LEM:maA
w-s006-a143-w015	6:143	6:143	15	6:143:15	ٱشْتَمَلَتْ	ٱشْتَمَلَتْ	ش م ل	V	PERF			VIII	STEM|POS:V|PERF|(VIII)|LEM:{$otamalato|ROOT:$ml|3FS
w-s006-a143-w016	6:143	6:143	16	6:143:16	عَلَيْهِ	عَلَىٰ		P					STEM|POS:P|LEM:EalaY` | SUFFIX|PRON:3MS
w-s006-a143-w017	6:143	6:143	17	6:143:17	أَرْحَامُ	أَرْحَام	ر ح م	N					STEM|POS:N|LEM:>aroHaAm|ROOT:rHm|MP|NOM
w-s006-a143-w018	6:143	6:143	18	6:143:18	ٱلْأُنثَيَيْنِ	أُنثَيَيْن	ء ن ث	N					PREFIX|Al+ | STEM|POS:N|LEM:>unvayayon|ROOT:Anv|FD|GEN
w-s006-a143-w019	6:143	6:143	19	6:143:19	نَبِّـُٔونِى	نَبَّأَ	ن ب ء	V	IMPV			II	STEM|POS:V|IMPV|(II)|LEM:nab~a>a|ROOT:nbA|2MP | SUFFIX|PRON:2MP | SUFFIX|PRON:1S
w-s006-a143-w020	6:143	6:143	20	6:143:20	بِعِلْمٍ	عِلْم	ع ل م	N					PREFIX|bi+ | STEM|POS:N|LEM:Eilom|ROOT:Elm|M|INDEF|GEN
w-s006-a143-w021	6:143	6:143	21	6:143:21	إِن	إِن		COND					STEM|POS:COND|LEM:<in
w-s006-a143-w022	6:143	6:143	22	6:143:22	كُنتُمْ	كَانَ	ك و ن	V	PERF				STEM|POS:V|PERF|LEM:kaAna|ROOT:kwn|SP:kaAn|2MP | SUFFIX|PRON:2MP
w-s006-a143-w023	6:143	6:143	23	6:143:23	صَٰدِقِينَ	صَادِق	ص د ق	N			ACT		STEM|POS:N|ACT|PCPL|LEM:SaAdiq|ROOT:Sdq|MP|ACC
w-s006-a144-w001	6:144	6:144	1	6:144:1	وَمِنَ	مِن		P					PREFIX|w:CONJ+ | STEM|POS:P|LEM:min
w-s006-a144-w002	6:144	6:144	2	6:144:2	ٱلْإِبِلِ	إِبِل	ء ب ل	N					PREFIX|Al+ | STEM|POS:N|LEM:<ibil|ROOT:Abl|M|GEN
w-s006-a144-w003	6:144	6:144	3	6:144:3	ٱثْنَيْنِ	ٱثْنَيْن	ث ن ي	N					STEM|POS:N|LEM:{vonayon|ROOT:vny|MD|ACC
w-s006-a144-w004	6:144	6:144	4	6:144:4	وَمِنَ	مِن		P					PREFIX|w:CONJ+ | STEM|POS:P|LEM:min
w-s006-a144-w005	6:144	6:144	5	6:144:5	ٱلْبَقَرِ	بَقَر	ب ق ر	N					PREFIX|Al+ | STEM|POS:N|LEM:baqar|ROOT:bqr|M|GEN
w-s006-a144-w006	6:144	6:144	6	6:144:6	ٱثْنَيْنِ	ٱثْنَيْن	ث ن ي	N					STEM|POS:N|LEM:{vonayon|ROOT:vny|MD|ACC
w-s006-a144-w007	6:144	6:144	7	6:144:7	قُلْ	قَالَ	ق و ل	V	IMPV				STEM|POS:V|IMPV|LEM:qaAla|ROOT:qwl|2MS
w-s006-a144-w008	6:144	6:144	8	6:144:8	ءَآلذَّكَرَيْنِ	ذَكَر	ذ ك ر	N					PREFIX|A:INTG+ | PREFIX|Al+ | STEM|POS:N|LEM:*akar|ROOT:*kr|MD|ACC
w-s006-a144-w009	6:144	6:144	9	6:144:9	حَرَّمَ	حَرَّمَ	ح ر م	V	PERF			II	STEM|POS:V|PERF|(II)|LEM:Har~ama|ROOT:Hrm|3MS
w-s006-a144-w010	6:144	6:144	10	6:144:10	أَمِ	أَم		CONJ					STEM|POS:CONJ|LEM:>am
w-s006-a144-w011	6:144	6:144	11	6:144:11	ٱلْأُنثَيَيْنِ	أُنثَيَيْن	ء ن ث	N					PREFIX|Al+ | STEM|POS:N|LEM:>unvayayon|ROOT:Anv|FD|ACC
w-s006-a144-w012	6:144	6:144	12	6:144:12	أَمَّا	أَم;مَا		CONJ;REL					STEM|POS:CONJ|LEM:>am | STEM|POS:REL|LEM:maA
w-s006-a144-w013	6:144	6:144	13	6:144:13	ٱشْتَمَلَتْ	ٱشْتَمَلَتْ	ش م ل	V	PERF			VIII	STEM|POS:V|PERF|(VIII)|LEM:{$otamalato|ROOT:$ml|3FS
w-s006-a144-w014	6:144	6:144	14	6:144:14	عَلَيْهِ	عَلَىٰ		P					STEM|POS:P|LEM:EalaY` | SUFFIX|PRON:3MS
w-s006-a144-w015	6:144	6:144	15	6:144:15	أَرْحَامُ	أَرْحَام	ر ح م	N					STEM|POS:N|LEM:>aroHaAm|ROOT:rHm|MP|NOM
w-s006-a144-w016	6:144	6:144	16	6:144:16	ٱلْأُنثَيَيْنِ	أُنثَيَيْن	ء ن ث	N					PREFIX|Al+ | STEM|POS:N|LEM:>unvayayon|ROOT:Anv|FD|GEN
w-s006-a144-w017	6:144	6:144	17	6:144:17	أَمْ	أَم		CONJ					STEM|POS:CONJ|LEM:>am
w-s006-a144-w018	6:144	6:144	18	6:144:18	كُنتُمْ	كَانَ	ك و ن	V	PERF				STEM|POS:V|PERF|LEM:kaAna|ROOT:kwn|SP:kaAn|2MP | SUFFIX|PRON:2MP
w-s006-a144-w019	6:144	6:144	19	6:144:19	شُهَدَآءَ	شَهِيد	ش ه د	N					STEM|POS:N|LEM:$ahiyd|ROOT:$hd|MP|ACC
w-s006-a144-w020	6:144	6:144	20	6:144:20	إِذْ	إِذ		T					STEM|POS:T|LEM:<i*
w-s006-a144-w021	6:144	6:144	21	6:144:21	وَصَّىٰكُمُ	وَصَّىٰ	و ص ي	V	PERF			II	STEM|POS:V|PERF|(II)|LEM:waS~aY`|ROOT:wSy|3MS | SUFFIX|PRON:2MP
w-s006-a144-w022	6:144	6:144	22	6:144:22	ٱللَّهُ	ٱللَّه	ء ل ه	PN					STEM|POS:PN|LEM:{ll~ah|ROOT:Alh|NOM
w-s006-a144-w023	6:144	6:144	23	6:144:23	بِهَٰذَا	هَٰذَا		DEM					PREFIX|bi+ | STEM|POS:DEM|LEM:ha`*aA|MS
w-s006-a144-w024	6:144	6:144	24	6:144:24	فَمَنْ	مَن		INTG					PREFIX|f:REM+ | STEM|POS:INTG|LEM:man
w-s006-a144-w025	6:144	6:144	25	6:144:25	أَظْلَمُ	أَظْلَم	ظ ل م	N					STEM|POS:N|LEM:>aZolam|ROOT:Zlm|MS|NOM
w-s006-a144-w026	6:144	6:144	26	6:144:26	مِمَّنِ	مِن;مَن		P;REL					STEM|POS:P|LEM:min | STEM|POS:REL|LEM:man
w-s006-a144-w027	6:144	6:144	27	6:144:27	ٱفْتَرَىٰ	ٱفْتَرَىٰ	ف ر ي	V	PERF			VIII	STEM|POS:V|PERF|(VIII)|LEM:{fotaraY`|ROOT:fry|3MS
w-s006-a144-w028	6:144	6:144	28	6:144:28	عَلَى	عَلَىٰ		P					STEM|POS:P|LEM:EalaY`
w-s006-a144-w029	6:144	6:144	29	6:144:29	ٱللَّهِ	ٱللَّه	ء ل ه	PN					STEM|POS:PN|LEM:{ll~ah|ROOT:Alh|GEN
w-s006-a144-w030	6:144	6:144	30	6:144:30	كَذِبًا	كَذِب	ك ذ ب	N					STEM|POS:N|LEM:ka*ib|ROOT:k*b|M|INDEF|ACC
w-s006-a144-w031	6:144	6:144	31	6:144:31	لِّيُضِلَّ	أَضَلَّ	ض ل ل	V	IMPF	SUBJ		IV	PREFIX|l:PRP+ | STEM|POS:V|IMPF|(IV)|LEM:>aDal~a|ROOT:Dll|3MS|MOOD:SUBJ
w-s006-a144-w032	6:144	6:144	32	6:144:32	ٱلنَّاسَ	نَّاس	ن و س	N					PREFIX|Al+ | STEM|POS:N|LEM:n~aAs|ROOT:nws|MP|ACC
w-s006-a144-w033	6:144	6:144	33	6:144:33	بِغَيْرِ	غَيْر	غ ي ر	N					PREFIX|bi+ | STEM|POS:N|LEM:gayor|ROOT:gyr|M|GEN
w-s006-a144-w034	6:144	6:144	34	6:144:34	عِلْمٍ	عِلْم	ع ل م	N					STEM|POS:N|LEM:Eilom|ROOT:Elm|M|INDEF|GEN
w-s006-a144-w035	6:144	6:144	35	6:144:35	إِنَّ	إِنّ		ACC					STEM|POS:ACC|LEM:<in~|SP:<in~
w-s006-a144-w036	6:144	6:144	36	6:144:36	ٱللَّهَ	ٱللَّه	ء ل ه	PN					STEM|POS:PN|LEM:{ll~ah|ROOT:Alh|ACC
w-s006-a144-w037	6:144	6:144	37	6:144:37	لَا	لَا		NEG					STEM|POS:NEG|LEM:laA
w-s006-a144-w038	6:144	6:144	38	6:144:38	يَهْدِى	هَدَى	ه د ي	V	IMPF				STEM|POS:V|IMPF|LEM:hadaY|ROOT:hdy|3MS
w-s006-a144-w039	6:144	6:144	39	6:144:39	ٱلْقَوْمَ	قَوْم	ق و م	N					PREFIX|Al+ | STEM|POS:N|LEM:qawom|ROOT:qwm|M|ACC
w-s006-a144-w040	6:144	6:144	40	6:144:40	ٱلظَّٰلِمِينَ	ظَالِم	ظ ل م	ADJ			ACT		PREFIX|Al+ | STEM|POS:ADJ|ACT|PCPL|LEM:ZaAlim|ROOT:Zlm|MP|ACC
w-s006-a145-w001	6:145	6:145	1	6:145:1	قُل	قَالَ	ق و ل	V	IMPV				STEM|POS:V|IMPV|LEM:qaAla|ROOT:qwl|2MS
w-s006-a145-w002	6:145	6:145	2	6:145:2	لَّآ	لَا		NEG					STEM|POS:NEG|LEM:laA
w-s006-a145-w003	6:145	6:145	3	6:145:3	أَجِدُ	وَجَدَ	و ج د	V	IMPF				STEM|POS:V|IMPF|LEM:wajada|ROOT:wjd|1S
w-s006-a145-w004	6:145	6:145	4	6:145:4	فِى	فِى		P					STEM|POS:P|LEM:fiY
w-s006-a145-w005	6:145	6:145	5	6:145:5	مَآ	مَا		REL					STEM|POS:REL|LEM:maA
w-s006-a145-w006	6:145	6:145	6	6:145:6	أُوحِىَ	أَوْحَىٰٓ	و ح ي	V	PERF		PASS	IV	STEM|POS:V|PERF|PASS|(IV)|LEM:>awoHaY`^|ROOT:wHy|3MS
w-s006-a145-w007	6:145	6:145	7	6:145:7	إِلَىَّ	إِلَىٰ		P					STEM|POS:P|LEM:<ilaY` | SUFFIX|PRON:1S
w-s006-a145-w008	6:145	6:145	8	6:145:8	مُحَرَّمًا	مُحَرَّم	ح ر م	N			PASS	II	STEM|POS:N|PASS|PCPL|(II)|LEM:muHar~am|ROOT:Hrm|M|INDEF|ACC
w-s006-a145-w009	6:145	6:145	9	6:145:9	عَلَىٰ	عَلَىٰ		P					STEM|POS:P|LEM:EalaY`
w-s006-a145-w010	6:145	6:145	10	6:145:10	طَاعِمٍ	طَاعِم	ط ع م	N			ACT		STEM|POS:N|ACT|PCPL|LEM:TaAEim|ROOT:TEm|M|INDEF|GEN
w-s006-a145-w011	6:145	6:145	11	6:145:11	يَطْعَمُهُۥٓ	طَعِمُ	ط ع م	V	IMPF				STEM|POS:V|IMPF|LEM:TaEimu|ROOT:TEm|3MS | SUFFIX|PRON:3MS
w-s006-a145-w012	6:145	6:145	12	6:145:12	إِلَّآ	إِلَّا		EXP					STEM|POS:EXP|LEM:<il~aA
w-s006-a145-w013	6:145	6:145	13	6:145:13	أَن	أَن		SUB					STEM|POS:SUB|LEM:>an
w-s006-a145-w014	6:145	6:145	14	6:145:14	يَكُونَ	كَانَ	ك و ن	V	IMPF	SUBJ			STEM|POS:V|IMPF|LEM:kaAna|ROOT:kwn|SP:kaAn|3MS|MOOD:SUBJ
w-s006-a145-w015	6:145	6:145	15	6:145:15	مَيْتَةً	مَيْتَة	م و ت	N					STEM|POS:N|LEM:mayotap|ROOT:mwt|FS|INDEF|ACC
w-s006-a145-w016	6:145	6:145	16	6:145:16	أَوْ	أَو		CONJ					STEM|POS:CONJ|LEM:>aw
w-s006-a145-w017	6:145	6:145	17	6:145:17	دَمًا	دَم	د م و	N					STEM|POS:N|LEM:dam|ROOT:dmw|M|INDEF|ACC
w-s006-a145-w018	6:145	6:145	18	6:145:18	مَّسْفُوحًا	مَّسْفُوح	س ف ح	ADJ			PASS		STEM|POS:ADJ|PASS|PCPL|LEM:m~asofuwH|ROOT:sfH|M|INDEF|ACC
w-s006-a145-w019	6:145	6:145	19	6:145:19	أَوْ	أَو		CONJ					STEM|POS:CONJ|LEM:>aw
w-s006-a145-w020	6:145	6:145	20	6:145:20	لَحْمَ	لَحْم	ل ح م	N					STEM|POS:N|LEM:laHom|ROOT:lHm|M|ACC
w-s006-a145-w021	6:145	6:145	21	6:145:21	خِنزِيرٍ	خِنزِير	خ ن ز ر	N					STEM|POS:N|LEM:xinziyr|ROOT:xnzr|M|INDEF|GEN
w-s006-a145-w022	6:145	6:145	22	6:145:22	فَإِنَّهُۥ	إِنّ		ACC					PREFIX|f:REM+ | STEM|POS:ACC|LEM:<in~|SP:<in~ | SUFFIX|PRON:3MS
w-s006-a145-w023	6:145	6:145	23	6:145:23	رِجْسٌ	رِجْس	ر ج س	N					STEM|POS:N|LEM:rijos|ROOT:rjs|M|INDEF|NOM
w-s006-a145-w024	6:145	6:145	24	6:145:24	أَوْ	أَو		CONJ					STEM|POS:CONJ|LEM:>aw
w-s006-a145-w025	6:145	6:145	25	6:145:25	فِسْقًا	فِسْق	ف س ق	N					STEM|POS:N|LEM:fisoq|ROOT:fsq|M|INDEF|ACC
w-s006-a145-w026	6:145	6:145	26	6:145:26	أُهِلَّ	أُهِلَّ	ه ل ل	V	PERF		PASS	IV	STEM|POS:V|PERF|PASS|(IV)|LEM:>uhil~a|ROOT:hll|3MS
w-s006-a145-w027	6:145	6:145	27	6:145:27	لِغَيْرِ	غَيْر	غ ي ر	N					PREFIX|l:P+ | STEM|POS:N|LEM:gayor|ROOT:gyr|M|GEN
w-s006-a145-w028	6:145	6:145	28	6:145:28	ٱللَّهِ	ٱللَّه	ء ل ه	PN					STEM|POS:PN|LEM:{ll~ah|ROOT:Alh|GEN
w-s006-a145-w029	6:145	6:145	29	6:145:29	بِهِۦ			PRON					PREFIX|bi+ | STEM|POS:PRON|3MS
w-s006-a145-w030	6:145	6:145	30	6:145:30	فَمَنِ	مَن		COND					PREFIX|f:REM+ | STEM|POS:COND|LEM:man
w-s006-a145-w031	6:145	6:145	31	6:145:31	ٱضْطُرَّ	ٱضْطُرَّ	ض ر ر	V	PERF		PASS	VIII	STEM|POS:V|PERF|PASS|(VIII)|LEM:{DoTur~a|ROOT:Drr|3MS
w-s006-a145-w032	6:145	6:145	32	6:145:32	غَيْرَ	غَيْر	غ ي ر	N					STEM|POS:N|LEM:gayor|ROOT:gyr|M|ACC
w-s006-a145-w033	6:145	6:145	33	6:145:33	بَاغٍ	بَاغ	ب غ ي	N			ACT		STEM|POS:N|ACT|PCPL|LEM:baAg|ROOT:bgy|M|INDEF|GEN
w-s006-a145-w034	6:145	6:145	34	6:145:34	وَلَا	لَا		NEG					PREFIX|w:CONJ+ | STEM|POS:NEG|LEM:laA
w-s006-a145-w035	6:145	6:145	35	6:145:35	عَادٍ	عَاد	ع د و	N			ACT		STEM|POS:N|ACT|PCPL|LEM:EaAd|ROOT:Edw|M|INDEF|GEN
w-s006-a145-w036	6:145	6:145	36	6:145:36	فَإِنَّ	إِنّ		ACC					PREFIX|f:RSLT+ | STEM|POS:ACC|LEM:<in~|SP:<in~
w-s006-a145-w037	6:145	6:145	37	6:145:37	رَبَّكَ	رَبّ	ر ب ب	N					STEM|POS:N|LEM:rab~|ROOT:rbb|M|ACC | SUFFIX|PRON:2MS
w-s006-a145-w038	6:145	6:145	38	6:145:38	غَفُورٌ	غَفُور	غ ف ر	N					STEM|POS:N|LEM:gafuwr|ROOT:gfr|MS|INDEF|NOM
w-s006-a145-w039	6:145	6:145	39	6:145:39	رَّحِيمٌ	رَّحِيم	ر ح م	ADJ					STEM|POS:ADJ|LEM:r~aHiym|ROOT:rHm|MS|INDEF|NOM
w-s006-a146-w001	6:146	6:146	1	6:146:1	وَعَلَى	عَلَىٰ		P					PREFIX|w:CONJ+ | STEM|POS:P|LEM:EalaY`
w-s006-a146-w002	6:146	6:146	2	6:146:2	ٱلَّذِينَ	ٱلَّذِى		REL					STEM|POS:REL|LEM:{l~a*iY|MP
w-s006-a146-w003	6:146	6:146	3	6:146:3	هَادُوا۟	هَادُ	ه و د	V	PERF				STEM|POS:V|PERF|LEM:haAdu|ROOT:hwd|3MP | SUFFIX|PRON:3MP
w-s006-a146-w004	6:146	6:146	4	6:146:4	حَرَّمْنَا	حَرَّمَ	ح ر م	V	PERF			II	STEM|POS:V|PERF|(II)|LEM:Har~ama|ROOT:Hrm|1P | SUFFIX|PRON:1P
w-s006-a146-w005	6:146	6:146	5	6:146:5	كُلَّ	كُلّ	ك ل ل	N					STEM|POS:N|LEM:kul~|ROOT:kll|M|ACC
w-s006-a146-w006	6:146	6:146	6	6:146:6	ذِى	ذُو		N					STEM|POS:N|LEM:*uw|MS|GEN
w-s006-a146-w007	6:146	6:146	7	6:146:7	ظُفُرٍ	ظُفُر	ظ ف ر	N					STEM|POS:N|LEM:Zufur|ROOT:Zfr|M|INDEF|GEN
w-s006-a146-w008	6:146	6:146	8	6:146:8	وَمِنَ	مِن		P					PREFIX|w:CONJ+ | STEM|POS:P|LEM:min
w-s006-a146-w009	6:146	6:146	9	6:146:9	ٱلْبَقَرِ	بَقَر	ب ق ر	N					PREFIX|Al+ | STEM|POS:N|LEM:baqar|ROOT:bqr|M|GEN
w-s006-a146-w010	6:146	6:146	10	6:146:10	وَٱلْغَنَمِ	غَنَم	غ ن م	N					PREFIX|w:CONJ+ | PREFIX|Al+ | STEM|POS:N|LEM:ganam|ROOT:gnm|M|GEN
w-s006-a146-w011	6:146	6:146	11	6:146:11	حَرَّمْنَا	حَرَّمَ	ح ر م	V	PERF			II	STEM|POS:V|PERF|(II)|LEM:Har~ama|ROOT:Hrm|1P | SUFFIX|PRON:1P
w-s006-a146-w012	6:146	6:146	12	6:146:12	عَلَيْهِمْ	عَلَىٰ		P					STEM|POS:P|LEM:EalaY` | SUFFIX|PRON:3MP
w-s006-a146-w013	6:146	6:146	13	6:146:13	شُحُومَهُمَآ	شُحُوم	ش ح م	N					STEM|POS:N|LEM:$uHuwm|ROOT:$Hm|MP|ACC | SUFFIX|PRON:3MD
w-s006-a146-w014	6:146	6:146	14	6:146:14	إِلَّا	إِلَّا		EXP					STEM|POS:EXP|LEM:<il~aA
w-s006-a146-w015	6:146	6:146	15	6:146:15	مَا	مَا		REL					STEM|POS:REL|LEM:maA
w-s006-a146-w016	6:146	6:146	16	6:146:16	حَمَلَتْ	حَمَلَ	ح م ل	V	PERF				STEM|POS:V|PERF|LEM:Hamala|ROOT:Hml|3FS
w-s006-a146-w017	6:146	6:146	17	6:146:17	ظُهُورُهُمَآ	ظَهْر	ظ ه ر	N					STEM|POS:N|LEM:Zahor|ROOT:Zhr|MP|NOM | SUFFIX|PRON:3MD
w-s006-a146-w018	6:146	6:146	18	6:146:18	أَوِ	أَو		CONJ					STEM|POS:CONJ|LEM:>aw
w-s006-a146-w019	6:146	6:146	19	6:146:19	ٱلْحَوَايَآ	حَوَايَآ	ح و ي	N					PREFIX|Al+ | STEM|POS:N|LEM:HawaAyaA^|ROOT:Hwy|MP|NOM
w-s006-a146-w020	6:146	6:146	20	6:146:20	أَوْ	أَو		CONJ					STEM|POS:CONJ|LEM:>aw
w-s006-a146-w021	6:146	6:146	21	6:146:21	مَا	مَا		REL					STEM|POS:REL|LEM:maA
w-s006-a146-w022	6:146	6:146	22	6:146:22	ٱخْتَلَطَ	ٱخْتَلَطَ	خ ل ط	V	PERF			VIII	STEM|POS:V|PERF|(VIII)|LEM:{xotalaTa|ROOT:xlT|3MS
w-s006-a146-w023	6:146	6:146	23	6:146:23	بِعَظْمٍ	عَظْم	ع ظ م	N					PREFIX|bi+ | STEM|POS:N|LEM:EaZom|ROOT:EZm|M|INDEF|GEN
w-s006-a146-w024	6:146	6:146	24	6:146:24	ذَٰلِكَ	ذَٰلِك		DEM					STEM|POS:DEM|LEM:*a`lik|MS
w-s006-a146-w025	6:146	6:146	25	6:146:25	جَزَيْنَٰهُم	جَزَىٰ	ج ز ي	V	PERF				STEM|POS:V|PERF|LEM:jazaY`|ROOT:jzy|1P | SUFFIX|PRON:1P | SUFFIX|PRON:3MP
w-s006-a146-w026	6:146	6:146	26	6:146:26	بِبَغْيِهِمْ	بَغْي	ب غ ي	N					PREFIX|bi+ | STEM|POS:N|LEM:bagoy|ROOT:bgy|M|GEN | SUFFIX|PRON:3MP
w-s006-a146-w027	6:146	6:146	27	6:146:27	وَإِنَّا	إِنّ		ACC					PREFIX|w:REM+ | STEM|POS:ACC|LEM:<in~|SP:<in~ | SUFFIX|PRON:1P
w-s006-a146-w028	6:146	6:146	28	6:146:28	لَصَٰدِقُونَ	صَادِق	ص د ق	N			ACT		PREFIX|l:EMPH+ | STEM|POS:N|ACT|PCPL|LEM:SaAdiq|ROOT:Sdq|MP|NOM
w-s006-a147-w001	6:147	6:147	1	6:147:1	فَإِن	إِن		COND					PREFIX|f:REM+ | STEM|POS:COND|LEM:<in
w-s006-a147-w002	6:147	6:147	2	6:147:2	كَذَّبُوكَ	كَذَّبَ	ك ذ ب	V	PERF			II	STEM|POS:V|PERF|(II)|LEM:ka*~aba|ROOT:k*b|3MP | SUFFIX|PRON:3MP | SUFFIX|PRON:2MS
w-s006-a147-w003	6:147	6:147	3	6:147:3	فَقُل	قَالَ	ق و ل	V	IMPV				PREFIX|f:RSLT+ | STEM|POS:V|IMPV|LEM:qaAla|ROOT:qwl|2MS
w-s006-a147-w004	6:147	6:147	4	6:147:4	رَّبُّكُمْ	رَبّ	ر ب ب	N					STEM|POS:N|LEM:rab~|ROOT:rbb|M|NOM | SUFFIX|PRON:2MP
w-s006-a147-w005	6:147	6:147	5	6:147:5	ذُو	ذُو		N					STEM|POS:N|LEM:*uw|MS|NOM
w-s006-a147-w006	6:147	6:147	6	6:147:6	رَحْمَةٍ	رَحْمَة	ر ح م	N					STEM|POS:N|LEM:raHomap|ROOT:rHm|F|INDEF|GEN
w-s006-a147-w007	6:147	6:147	7	6:147:7	وَٰسِعَةٍ	وَٰسِعَة	و س ع	ADJ			ACT		STEM|POS:ADJ|ACT|PCPL|LEM:wa`siEap|ROOT:wsE|F|INDEF|GEN
w-s006-a147-w008	6:147	6:147	8	6:147:8	وَلَا	لَا		NEG					PREFIX|w:REM+ | STEM|POS:NEG|LEM:laA
w-s006-a147-w009	6:147	6:147	9	6:147:9	يُرَدُّ	رَدَّ	ر د د	V	IMPF		PASS		STEM|POS:V|IMPF|PASS|LEM:rad~a|ROOT:rdd|3MS
w-s006-a147-w010	6:147	6:147	10	6:147:10	بَأْسُهُۥ	بَأْس	ب ء س	N					STEM|POS:N|LEM:ba>os|ROOT:bAs|M|NOM | SUFFIX|PRON:3MS
w-s006-a147-w011	6:147	6:147	11	6:147:11	عَنِ	عَن		P					STEM|POS:P|LEM:Ean
w-s006-a147-w012	6:147	6:147	12	6:147:12	ٱلْقَوْمِ	قَوْم	ق و م	N					PREFIX|Al+ | STEM|POS:N|LEM:qawom|ROOT:qwm|M|GEN
w-s006-a147-w013	6:147	6:147	13	6:147:13	ٱلْمُجْرِمِينَ	مُجْرِم	ج ر م	ADJ			ACT	IV	PREFIX|Al+ | STEM|POS:ADJ|ACT|PCPL|(IV)|LEM:mujorim|ROOT:jrm|MP|GEN
w-s006-a148-w001	6:148	6:148	1	6:148:1	سَيَقُولُ	قَالَ	ق و ل	V	IMPF				PREFIX|sa+ | STEM|POS:V|IMPF|LEM:qaAla|ROOT:qwl|3MS
w-s006-a148-w002	6:148	6:148	2	6:148:2	ٱلَّذِينَ	ٱلَّذِى		REL					STEM|POS:REL|LEM:{l~a*iY|MP
w-s006-a148-w003	6:148	6:148	3	6:148:3	أَشْرَكُوا۟	أَشْرَكَ	ش ر ك	V	PERF			IV	STEM|POS:V|PERF|(IV)|LEM:>a$oraka|ROOT:$rk|3MP | SUFFIX|PRON:3MP
w-s006-a148-w004	6:148	6:148	4	6:148:4	لَوْ	لَو		COND					STEM|POS:COND|LEM:law
w-s006-a148-w005	6:148	6:148	5	6:148:5	شَآءَ	شَآءَ	ش ي ء	V	PERF				STEM|POS:V|PERF|LEM:$aA^'a|ROOT:$yA|3MS
w-s006-a148-w006	6:148	6:148	6	6:148:6	ٱللَّهُ	ٱللَّه	ء ل ه	PN					STEM|POS:PN|LEM:{ll~ah|ROOT:Alh|NOM
w-s006-a148-w007	6:148	6:148	7	6:148:7	مَآ	مَا		NEG					STEM|POS:NEG|LEM:maA
w-s006-a148-w008	6:148	6:148	8	6:148:8	أَشْرَكْنَا	أَشْرَكَ	ش ر ك	V	PERF			IV	STEM|POS:V|PERF|(IV)|LEM:>a$oraka|ROOT:$rk|1P | SUFFIX|PRON:1P
w-s006-a148-w009	6:148	6:148	9	6:148:9	وَلَآ	لَا		NEG					PREFIX|w:CONJ+ | STEM|POS:NEG|LEM:laA
w-s006-a148-w010	6:148	6:148	10	6:148:10	ءَابَآؤُنَا	آبَاء	ء ب و	N					STEM|POS:N|LEM:A^baA'|ROOT:Abw|MP|NOM | SUFFIX|PRON:1P
w-s006-a148-w011	6:148	6:148	11	6:148:11	وَلَا	لَا		NEG					PREFIX|w:CONJ+ | STEM|POS:NEG|LEM:laA
w-s006-a148-w012	6:148	6:148	12	6:148:12	حَرَّمْنَا	حَرَّمَ	ح ر م	V	PERF			II	STEM|POS:V|PERF|(II)|LEM:Har~ama|ROOT:Hrm|1P | SUFFIX|PRON:1P
w-s006-a148-w013	6:148	6:148	13	6:148:13	مِن	مِن		P					STEM|POS:P|LEM:min
w-s006-a148-w014	6:148	6:148	14	6:148:14	شَىْءٍ	شَىْء	ش ي ء	N					STEM|POS:N|LEM:$aYo'|ROOT:$yA|M|INDEF|GEN
w-s006-a148-w015	6:148	6:148	15	6:148:15	كَذَٰلِكَ	ذَٰلِك		DEM					PREFIX|ka+ | STEM|POS:DEM|LEM:*a`lik|MS
w-s006-a148-w016	6:148	6:148	16	6:148:16	كَذَّبَ	كَذَّبَ	ك ذ ب	V	PERF			II	STEM|POS:V|PERF|(II)|LEM:ka*~aba|ROOT:k*b|3MS
w-s006-a148-w017	6:148	6:148	17	6:148:17	ٱلَّذِينَ	ٱلَّذِى		REL					STEM|POS:REL|LEM:{l~a*iY|MP
w-s006-a148-w018	6:148	6:148	18	6:148:18	مِن	مِن		P					STEM|POS:P|LEM:min
w-s006-a148-w019	6:148	6:148	19	6:148:19	قَبْلِهِمْ	قَبْل	ق ب ل	N					STEM|POS:N|LEM:qabol|ROOT:qbl|GEN | SUFFIX|PRON:3MP
w-s006-a148-w020	6:148	6:148	20	6:148:20	حَتَّىٰ	حَتَّىٰ		INC					STEM|POS:INC|LEM:Hat~aY`
w-s006-a148-w021	6:148	6:148	21	6:148:21	ذَاقُوا۟	ذَاقُ	ذ و ق	V	PERF				STEM|POS:V|PERF|LEM:*aAqu|ROOT:*wq|3MP | SUFFIX|PRON:3MP
w-s006-a148-w022	6:148	6:148	22	6:148:22	بَأْسَنَا	بَأْس	ب ء س	N					STEM|POS:N|LEM:ba>os|ROOT:bAs|M|ACC | SUFFIX|PRON:1P
w-s006-a148-w023	6:148	6:148	23	6:148:23	قُلْ	قَالَ	ق و ل	V	IMPV				STEM|POS:V|IMPV|LEM:qaAla|ROOT:qwl|2MS
w-s006-a148-w024	6:148	6:148	24	6:148:24	هَلْ	هَل		INTG					STEM|POS:INTG|LEM:hal
w-s006-a148-w025	6:148	6:148	25	6:148:25	عِندَكُم	عِند	ع ن د	LOC					STEM|POS:LOC|LEM:Eind|ROOT:End|ACC | SUFFIX|PRON:2MP
w-s006-a148-w026	6:148	6:148	26	6:148:26	مِّنْ	مِن		P					STEM|POS:P|LEM:min
w-s006-a148-w027	6:148	6:148	27	6:148:27	عِلْمٍ	عِلْم	ع ل م	N					STEM|POS:N|LEM:Eilom|ROOT:Elm|M|INDEF|GEN
w-s006-a148-w028	6:148	6:148	28	6:148:28	فَتُخْرِجُوهُ	أَخْرَجَ	خ ر ج	V	IMPF	SUBJ		IV	PREFIX|f:CAUS+ | STEM|POS:V|IMPF|(IV)|LEM:>axoraja|ROOT:xrj|2MP|MOOD:SUBJ | SUFFIX|PRON:2MP | SUFFIX|PRON:3MS
w-s006-a148-w029	6:148	6:148	29	6:148:29	لَنَآ			PRON					PREFIX|l:P+ | STEM|POS:PRON|1P
w-s006-a148-w030	6:148	6:148	30	6:148:30	إِن	إِن		NEG					STEM|POS:NEG|LEM:<in
w-s006-a148-w031	6:148	6:148	31	6:148:31	تَتَّبِعُونَ	ٱتَّبَعَ	ت ب ع	V	IMPF			VIII	STEM|POS:V|IMPF|(VIII)|LEM:{t~abaEa|ROOT:tbE|2MP | SUFFIX|PRON:2MP
w-s006-a148-w032	6:148	6:148	32	6:148:32	إِلَّا	إِلَّا		EXP					STEM|POS:EXP|LEM:<il~aA
w-s006-a148-w033	6:148	6:148	33	6:148:33	ٱلظَّنَّ	ظَنّ	ظ ن ن	N					PREFIX|Al+ | STEM|POS:N|LEM:Zan~|ROOT:Znn|M|ACC
w-s006-a148-w034	6:148	6:148	34	6:148:34	وَإِنْ	إِن		NEG					PREFIX|w:CONJ+ | STEM|POS:NEG|LEM:<in
w-s006-a148-w035	6:148	6:148	35	6:148:35	أَنتُمْ			PRON					STEM|POS:PRON|2MP
w-s006-a148-w036	6:148	6:148	36	6:148:36	إِلَّا	إِلَّا		RES					STEM|POS:RES|LEM:<il~aA
w-s006-a148-w037	6:148	6:148	37	6:148:37	تَخْرُصُونَ	يَخْرُصُ	خ ر ص	V	IMPF				STEM|POS:V|IMPF|LEM:yaxoruSu|ROOT:xrS|2MP | SUFFIX|PRON:2MP
w-s006-a149-w001	6:149	6:149	1	6:149:1	قُلْ	قَالَ	ق و ل	V	IMPV				STEM|POS:V|IMPV|LEM:qaAla|ROOT:qwl|2MS
w-s006-a149-w002	6:149	6:149	2	6:149:2	فَلِلَّهِ	ٱللَّه	ء ل ه	PN					PREFIX|f:SUP+ | PREFIX|l:P+ | STEM|POS:PN|LEM:{ll~ah|ROOT:Alh|GEN
w-s006-a149-w003	6:149	6:149	3	6:149:3	ٱلْحُجَّةُ	حُجَّة	ح ج ج	N					PREFIX|Al+ | STEM|POS:N|LEM:Huj~ap|ROOT:Hjj|F|NOM
w-s006-a149-w004	6:149	6:149	4	6:149:4	ٱلْبَٰلِغَةُ	بَٰلِغَة	ب ل غ	ADJ			ACT		PREFIX|Al+ | STEM|POS:ADJ|ACT|PCPL|LEM:ba`ligap|ROOT:blg|F|NOM
w-s006-a149-w005	6:149	6:149	5	6:149:5	فَلَوْ	لَو		COND					PREFIX|f:REM+ | STEM|POS:COND|LEM:law
w-s006-a149-w006	6:149	6:149	6	6:149:6	شَآءَ	شَآءَ	ش ي ء	V	PERF				STEM|POS:V|PERF|LEM:$aA^'a|ROOT:$yA|3MS
w-s006-a149-w007	6:149	6:149	7	6:149:7	لَهَدَىٰكُمْ	هَدَى	ه د ي	V	PERF				PREFIX|l:EMPH+ | STEM|POS:V|PERF|LEM:hadaY|ROOT:hdy|3MS | SUFFIX|PRON:2MP
w-s006-a149-w008	6:149	6:149	8	6:149:8	أَجْمَعِينَ	أَجْمَعِين	ج م ع	N					STEM|POS:N|LEM:>ajomaEiyn|ROOT:jmE|MP|ACC
w-s006-a150-w001	6:150	6:150	1	6:150:1	قُلْ	قَالَ	ق و ل	V	IMPV				STEM|POS:V|IMPV|LEM:qaAla|ROOT:qwl|2MS
w-s006-a150-w002	6:150	6:150	2	6:150:2	هَلُمَّ	لُمَّ	ل م م	V	IMPV				PREFIX|ha+ | STEM|POS:V|IMPV|LEM:lum~a|ROOT:lmm|2MP
w-s006-a150-w003	6:150	6:150	3	6:150:3	شُهَدَآءَكُمُ	شَهِيد	ش ه د	N					STEM|POS:N|LEM:$ahiyd|ROOT:$hd|MP|ACC | SUFFIX|PRON:2MP
w-s006-a150-w004	6:150	6:150	4	6:150:4	ٱلَّذِينَ	ٱلَّذِى		REL					STEM|POS:REL|LEM:{l~a*iY|MP
w-s006-a150-w005	6:150	6:150	5	6:150:5	يَشْهَدُونَ	شَهِدَ	ش ه د	V	IMPF				STEM|POS:V|IMPF|LEM:$ahida|ROOT:$hd|3MP | SUFFIX|PRON:3MP
w-s006-a150-w006	6:150	6:150	6	6:150:6	أَنَّ	أَنّ		ACC					STEM|POS:ACC|LEM:>an~|SP:<in~
w-s006-a150-w007	6:150	6:150	7	6:150:7	ٱللَّهَ	ٱللَّه	ء ل ه	PN					STEM|POS:PN|LEM:{ll~ah|ROOT:Alh|ACC
w-s006-a150-w008	6:150	6:150	8	6:150:8	حَرَّمَ	حَرَّمَ	ح ر م	V	PERF			II	STEM|POS:V|PERF|(II)|LEM:Har~ama|ROOT:Hrm|3MS
w-s006-a150-w009	6:150	6:150	9	6:150:9	هَٰذَا	هَٰذَا		DEM					STEM|POS:DEM|LEM:ha`*aA|MS
w-s006-a150-w010	6:150	6:150	10	6:150:10	فَإِن	إِن		COND					PREFIX|f:REM+ | STEM|POS:COND|LEM:<in
w-s006-a150-w011	6:150	6:150	11	6:150:11	شَهِدُوا۟	شَهِدَ	ش ه د	V	PERF				STEM|POS:V|PERF|LEM:$ahida|ROOT:$hd|3MP | SUFFIX|PRON:3MP
w-s006-a150-w012	6:150	6:150	12	6:150:12	فَلَا	لَا		PRO					PREFIX|f:RSLT+ | STEM|POS:PRO|LEM:laA
w-s006-a150-w013	6:150	6:150	13	6:150:13	تَشْهَدْ	شَهِدَ	ش ه د	V	IMPF	JUS			STEM|POS:V|IMPF|LEM:$ahida|ROOT:$hd|2MS|MOOD:JUS
w-s006-a150-w014	6:150	6:150	14	6:150:14	مَعَهُمْ	مَع		LOC					STEM|POS:LOC|LEM:maE|ACC | SUFFIX|PRON:3MP
w-s006-a150-w015	6:150	6:150	15	6:150:15	وَلَا	لَا		PRO					PREFIX|w:CONJ+ | STEM|POS:PRO|LEM:laA
w-s006-a150-w016	6:150	6:150	16	6:150:16	تَتَّبِعْ	ٱتَّبَعَ	ت ب ع	V	IMPF	JUS		VIII	STEM|POS:V|IMPF|(VIII)|LEM:{t~abaEa|ROOT:tbE|2MS|MOOD:JUS
w-s006-a150-w017	6:150	6:150	17	6:150:17	أَهْوَآءَ	أَهْوَآء	ه و ي	N					STEM|POS:N|LEM:>ahowaA^'|ROOT:hwy|MP|ACC
w-s006-a150-w018	6:150	6:150	18	6:150:18	ٱلَّذِينَ	ٱلَّذِى		REL					STEM|POS:REL|LEM:{l~a*iY|MP
w-s006-a150-w019	6:150	6:150	19	6:150:19	كَذَّبُوا۟	كَذَّبَ	ك ذ ب	V	PERF			II	STEM|POS:V|PERF|(II)|LEM:ka*~aba|ROOT:k*b|3MP | SUFFIX|PRON:3MP
w-s006-a150-w020	6:150	6:150	20	6:150:20	بِـَٔايَٰتِنَا	ءَايَة	ء ي ي	N					PREFIX|bi+ | STEM|POS:N|LEM:'aAyap|ROOT:Ayy|FP|GEN | SUFFIX|PRON:1P
w-s006-a150-w021	6:150	6:150	21	6:150:21	وَٱلَّذِينَ	ٱلَّذِى		REL					PREFIX|w:CONJ+ | STEM|POS:REL|LEM:{l~a*iY|MP
w-s006-a150-w022	6:150	6:150	22	6:150:22	لَا	لَا		NEG					STEM|POS:NEG|LEM:laA
w-s006-a150-w023	6:150	6:150	23	6:150:23	يُؤْمِنُونَ	ءَامَنَ	ء م ن	V	IMPF			IV	STEM|POS:V|IMPF|(IV)|LEM:'aAmana|ROOT:Amn|3MP | SUFFIX|PRON:3MP
w-s006-a150-w024	6:150	6:150	24	6:150:24	بِٱلْءَاخِرَةِ	آخِر	ء خ ر	N					PREFIX|bi+ | PREFIX|Al+ | STEM|POS:N|LEM:A^xir|ROOT:Axr|FS|GEN
w-s006-a150-w025	6:150	6:150	25	6:150:25	وَهُم			PRON					PREFIX|w:REM+ | STEM|POS:PRON|3MP
w-s006-a150-w026	6:150	6:150	26	6:150:26	بِرَبِّهِمْ	رَبّ	ر ب ب	N					PREFIX|bi+ | STEM|POS:N|LEM:rab~|ROOT:rbb|M|GEN | SUFFIX|PRON:3MP
w-s006-a150-w027	6:150	6:150	27	6:150:27	يَعْدِلُونَ	عَدَلَ	ع د ل	V	IMPF				STEM|POS:V|IMPF|LEM:Eadala|ROOT:Edl|3MP | SUFFIX|PRON:3MP
w-s006-a151-w001	6:151	6:151	1	6:151:1	قُلْ	قَالَ	ق و ل	V	IMPV				STEM|POS:V|IMPV|LEM:qaAla|ROOT:qwl|2MS
w-s006-a151-w002	6:151	6:151	2	6:151:2	تَعَالَوْا۟	تَعَالَ	ع ل و	V	IMPV			IV	STEM|POS:V|IMPV|(IV)|LEM:taEaAla|ROOT:Elw|2MP | SUFFIX|PRON:2MP
w-s006-a151-w003	6:151	6:151	3	6:151:3	أَتْلُ	تَلَىٰ	ت ل و	V	IMPF	JUS			STEM|POS:V|IMPF|LEM:talaY`|ROOT:tlw|1S|MOOD:JUS
w-s006-a151-w004	6:151	6:151	4	6:151:4	مَا	مَا		REL					STEM|POS:REL|LEM:maA
w-s006-a151-w005	6:151	6:151	5	6:151:5	حَرَّمَ	حَرَّمَ	ح ر م	V	PERF			II	STEM|POS:V|PERF|(II)|LEM:Har~ama|ROOT:Hrm|3MS
w-s006-a151-w006	6:151	6:151	6	6:151:6	رَبُّكُمْ	رَبّ	ر ب ب	N					STEM|POS:N|LEM:rab~|ROOT:rbb|M|NOM | SUFFIX|PRON:2MP
w-s006-a151-w007	6:151	6:151	7	6:151:7	عَلَيْكُمْ	عَلَىٰ		P					STEM|POS:P|LEM:EalaY` | SUFFIX|PRON:2MP
w-s006-a151-w008	6:151	6:151	8	6:151:8	أَلَّا	أَن;لَا		INT;PRO					STEM|POS:INT|LEM:>an | STEM|POS:PRO|LEM:laA
w-s006-a151-w009	6:151	6:151	9	6:151:9	تُشْرِكُوا۟	أَشْرَكَ	ش ر ك	V	IMPF	JUS		IV	STEM|POS:V|IMPF|(IV)|LEM:>a$oraka|ROOT:$rk|2MP|MOOD:JUS | SUFFIX|PRON:2MP
w-s006-a151-w010	6:151	6:151	10	6:151:10	بِهِۦ			PRON					PREFIX|bi+ | STEM|POS:PRON|3MS
w-s006-a151-w011	6:151	6:151	11	6:151:11	شَيْـًٔا	شَىْء	ش ي ء	N					STEM|POS:N|LEM:$aYo'|ROOT:$yA|M|INDEF|ACC
w-s006-a151-w012	6:151	6:151	12	6:151:12	وَبِٱلْوَٰلِدَيْنِ	وَالِد	و ل د	N					PREFIX|w:CONJ+ | PREFIX|bi+ | PREFIX|Al+ | STEM|POS:N|LEM:waAlid|ROOT:wld|MD|GEN
w-s006-a151-w013	6:151	6:151	13	6:151:13	إِحْسَٰنًا	إِحْسَٰن	ح س ن	N				IV	STEM|POS:N|VN|(IV)|LEM:<iHosa`n|ROOT:Hsn|M|INDEF|ACC
w-s006-a151-w014	6:151	6:151	14	6:151:14	وَلَا	لَا		PRO					PREFIX|w:CONJ+ | STEM|POS:PRO|LEM:laA
w-s006-a151-w015	6:151	6:151	15	6:151:15	تَقْتُلُوٓا۟	قَتَلَ	ق ت ل	V	IMPF	JUS			STEM|POS:V|IMPF|LEM:qatala|ROOT:qtl|2MP|MOOD:JUS | SUFFIX|PRON:2MP
w-s006-a151-w016	6:151	6:151	16	6:151:16	أَوْلَٰدَكُم	وَلَد	و ل د	N					STEM|POS:N|LEM:walad|ROOT:wld|MP|ACC | SUFFIX|PRON:2MP
w-s006-a151-w017	6:151	6:151	17	6:151:17	مِّنْ	مِن		P					STEM|POS:P|LEM:min
w-s006-a151-w018	6:151	6:151	18	6:151:18	إِمْلَٰقٍ	إِمْلَٰق	م ل ق	N				IV	STEM|POS:N|VN|(IV)|LEM:<imola`q|ROOT:mlq|M|INDEF|GEN
w-s006-a151-w019	6:151	6:151	19	6:151:19	نَّحْنُ			PRON					STEM|POS:PRON|1P
w-s006-a151-w020	6:151	6:151	20	6:151:20	نَرْزُقُكُمْ	رَزَقَ	ر ز ق	V	IMPF				STEM|POS:V|IMPF|LEM:razaqa|ROOT:rzq|1P | SUFFIX|PRON:2MP
w-s006-a151-w021	6:151	6:151	21	6:151:21	وَإِيَّاهُمْ	إِيَّا		PRON					PREFIX|w:CONJ+ | STEM|POS:PRON|LEM:<iy~aA|3MP
w-s006-a151-w022	6:151	6:151	22	6:151:22	وَلَا	لَا		PRO					PREFIX|w:CONJ+ | STEM|POS:PRO|LEM:laA
w-s006-a151-w023	6:151	6:151	23	6:151:23	تَقْرَبُوا۟	يَقْرَبُ	ق ر ب	V	IMPF	JUS			STEM|POS:V|IMPF|LEM:yaqorabu|ROOT:qrb|2MP|MOOD:JUS | SUFFIX|PRON:2MP
w-s006-a151-w024	6:151	6:151	24	6:151:24	ٱلْفَوَٰحِشَ	فَٰحِشَة	ف ح ش	N					PREFIX|Al+ | STEM|POS:N|LEM:fa`Hi$ap|ROOT:fH$|MP|ACC
w-s006-a151-w025	6:151	6:151	25	6:151:25	مَا	مَا		REL					STEM|POS:REL|LEM:maA
w-s006-a151-w026	6:151	6:151	26	6:151:26	ظَهَرَ	ظَهَرَ	ظ ه ر	V	PERF				STEM|POS:V|PERF|LEM:Zahara|ROOT:Zhr|3MS
w-s006-a151-w027	6:151	6:151	27	6:151:27	مِنْهَا	مِن		P					STEM|POS:P|LEM:min | SUFFIX|PRON:3FS
w-s006-a151-w028	6:151	6:151	28	6:151:28	وَمَا	مَا		REL					PREFIX|w:CONJ+ | STEM|POS:REL|LEM:maA
w-s006-a151-w029	6:151	6:151	29	6:151:29	بَطَنَ	بَطَنَ	ب ط ن	V	PERF				STEM|POS:V|PERF|LEM:baTana|ROOT:bTn|3MS
w-s006-a151-w030	6:151	6:151	30	6:151:30	وَلَا	لَا		PRO					PREFIX|w:CONJ+ | STEM|POS:PRO|LEM:laA
w-s006-a151-w031	6:151	6:151	31	6:151:31	تَقْتُلُوا۟	قَتَلَ	ق ت ل	V	IMPF	JUS			STEM|POS:V|IMPF|LEM:qatala|ROOT:qtl|2MP|MOOD:JUS | SUFFIX|PRON:2MP
w-s006-a151-w032	6:151	6:151	32	6:151:32	ٱلنَّفْسَ	نَفْس	ن ف س	N					PREFIX|Al+ | STEM|POS:N|LEM:nafos|ROOT:nfs|FS|ACC
w-s006-a151-w033	6:151	6:151	33	6:151:33	ٱلَّتِى	ٱلَّذِى		REL					STEM|POS:REL|LEM:{l~a*iY|FS
w-s006-a151-w034	6:151	6:151	34	6:151:34	حَرَّمَ	حَرَّمَ	ح ر م	V	PERF			II	STEM|POS:V|PERF|(II)|LEM:Har~ama|ROOT:Hrm|3MS
w-s006-a151-w035	6:151	6:151	35	6:151:35	ٱللَّهُ	ٱللَّه	ء ل ه	PN					STEM|POS:PN|LEM:{ll~ah|ROOT:Alh|NOM
w-s006-a151-w036	6:151	6:151	36	6:151:36	إِلَّا	إِلَّا		EXP					STEM|POS:EXP|LEM:<il~aA
w-s006-a151-w037	6:151	6:151	37	6:151:37	بِٱلْحَقِّ	حَقّ	ح ق ق	N					PREFIX|bi+ | PREFIX|Al+ | STEM|POS:N|LEM:Haq~|ROOT:Hqq|M|GEN
w-s006-a151-w038	6:151	6:151	38	6:151:38	ذَٰلِكُمْ	ذَٰلِك		DEM					STEM|POS:DEM|LEM:*a`lik|2MP
w-s006-a151-w039	6:151	6:151	39	6:151:39	وَصَّىٰكُم	وَصَّىٰ	و ص ي	V	PERF			II	STEM|POS:V|PERF|(II)|LEM:waS~aY`|ROOT:wSy|3MS | SUFFIX|PRON:2MP
w-s006-a151-w040	6:151	6:151	40	6:151:40	بِهِۦ			PRON					PREFIX|bi+ | STEM|POS:PRON|3MS
w-s006-a151-w041	6:151	6:151	41	6:151:41	لَعَلَّكُمْ	لَعَلّ		ACC					STEM|POS:ACC|LEM:laEal~|SP:<in~ | SUFFIX|PRON:2MP
w-s006-a151-w042	6:151	6:151	42	6:151:42	تَعْقِلُونَ	عَقَلُ	ع ق ل	V	IMPF				STEM|POS:V|IMPF|LEM:Eaqalu|ROOT:Eql|2MP | SUFFIX|PRON:2MP
w-s006-a152-w001	6:152	6:152	1	6:152:1	وَلَا	لَا		PRO					PREFIX|w:CONJ+ | STEM|POS:PRO|LEM:laA
w-s006-a152-w002	6:152	6:152	2	6:152:2	تَقْرَبُوا۟	يَقْرَبُ	ق ر ب	V	IMPF	JUS			STEM|POS:V|IMPF|LEM:yaqorabu|ROOT:qrb|2MP|MOOD:JUS | SUFFIX|PRON:2MP
w-s006-a152-w003	6:152	6:152	3	6:152:3	مَالَ	مَال	م و ل	N					STEM|POS:N|LEM:maAl|ROOT:mwl|M|ACC
w-s006-a152-w004	6:152	6:152	4	6:152:4	ٱلْيَتِيمِ	يَتِيم	ي ت م	N					PREFIX|Al+ | STEM|POS:N|LEM:yatiym|ROOT:ytm|MS|GEN
w-s006-a152-w005	6:152	6:152	5	6:152:5	إِلَّا	إِلَّا		RES					STEM|POS:RES|LEM:<il~aA
w-s006-a152-w006	6:152	6:152	6	6:152:6	بِٱلَّتِى	ٱلَّذِى		REL					PREFIX|bi+ | STEM|POS:REL|LEM:{l~a*iY|FS
w-s006-a152-w007	6:152	6:152	7	6:152:7	هِىَ			PRON					STEM|POS:PRON|3FS
w-s006-a152-w008	6:152	6:152	8	6:152:8	أَحْسَنُ	أَحْسَن	ح س ن	N					STEM|POS:N|LEM:>aHosan|ROOT:Hsn|MS|NOM
w-s006-a152-w009	6:152	6:152	9	6:152:9	حَتَّىٰ	حَتَّىٰ		P					STEM|POS:P|LEM:Hat~aY`
w-s006-a152-w010	6:152	6:152	10	6:152:10	يَبْلُغَ	بَلَغَ	ب ل غ	V	IMPF	SUBJ			STEM|POS:V|IMPF|LEM:balaga|ROOT:blg|3MS|MOOD:SUBJ
w-s006-a152-w011	6:152	6:152	11	6:152:11	أَشُدَّهُۥ	أَشُدّ	ش د د	N					STEM|POS:N|LEM:>a$ud~|ROOT:$dd|M|ACC | SUFFIX|PRON:3MS
w-s006-a152-w012	6:152	6:152	12	6:152:12	وَأَوْفُوا۟	أَوْفَىٰ	و ف ي	V	IMPV			IV	PREFIX|w:CONJ+ | STEM|POS:V|IMPV|(IV)|LEM:>awofaY`|ROOT:wfy|2MP | SUFFIX|PRON:2MP
w-s006-a152-w013	6:152	6:152	13	6:152:13	ٱلْكَيْلَ	كَيْل	ك ي ل	N					PREFIX|Al+ | STEM|POS:N|LEM:kayol|ROOT:kyl|M|ACC
w-s006-a152-w014	6:152	6:152	14	6:152:14	وَٱلْمِيزَانَ	مِيزَان	و ز ن	N					PREFIX|w:CONJ+ | PREFIX|Al+ | STEM|POS:N|LEM:miyzaAn|ROOT:wzn|M|ACC
w-s006-a152-w015	6:152	6:152	15	6:152:15	بِٱلْقِسْطِ	قِسْط	ق س ط	N					PREFIX|bi+ | PREFIX|Al+ | STEM|POS:N|LEM:qisoT|ROOT:qsT|M|GEN
w-s006-a152-w016	6:152	6:152	16	6:152:16	لَا	لَا		NEG					STEM|POS:NEG|LEM:laA
w-s006-a152-w017	6:152	6:152	17	6:152:17	نُكَلِّفُ	يُكَلِّفُ	ك ل ف	V	IMPF			II	STEM|POS:V|IMPF|(II)|LEM:yukal~ifu|ROOT:klf|1P
w-s006-a152-w018	6:152	6:152	18	6:152:18	نَفْسًا	نَفْس	ن ف س	N					STEM|POS:N|LEM:nafos|ROOT:nfs|FS|INDEF|ACC
w-s006-a152-w019	6:152	6:152	19	6:152:19	إِلَّا	إِلَّا		EXP					STEM|POS:EXP|LEM:<il~aA
w-s006-a152-w020	6:152	6:152	20	6:152:20	وُسْعَهَا	وُسْع	و س ع	N					STEM|POS:N|LEM:wusoE|ROOT:wsE|M|ACC | SUFFIX|PRON:3FS
w-s006-a152-w021	6:152	6:152	21	6:152:21	وَإِذَا	إِذَا		T					PREFIX|w:REM+ | STEM|POS:T|LEM:<i*aA
w-s006-a152-w022	6:152	6:152	22	6:152:22	قُلْتُمْ	قَالَ	ق و ل	V	PERF				STEM|POS:V|PERF|LEM:qaAla|ROOT:qwl|2MP | SUFFIX|PRON:2MP
w-s006-a152-w023	6:152	6:152	23	6:152:23	فَٱعْدِلُوا۟	عَدَلَ	ع د ل	V	IMPV				PREFIX|f:RSLT+ | STEM|POS:V|IMPV|LEM:Eadala|ROOT:Edl|2MP | SUFFIX|PRON:2MP
w-s006-a152-w024	6:152	6:152	24	6:152:24	وَلَوْ	لَو		COND					PREFIX|w:CIRC+ | STEM|POS:COND|LEM:law
w-s006-a152-w025	6:152	6:152	25	6:152:25	كَانَ	كَانَ	ك و ن	V	PERF				STEM|POS:V|PERF|LEM:kaAna|ROOT:kwn|SP:kaAn|3MS
w-s006-a152-w026	6:152	6:152	26	6:152:26	ذَا	ذَا		N					STEM|POS:N|LEM:*aA|MS|ACC
w-s006-a152-w027	6:152	6:152	27	6:152:27	قُرْبَىٰ	قُرْبَىٰ	ق ر ب	N					STEM|POS:N|LEM:qurobaY`|ROOT:qrb|F|GEN
w-s006-a152-w028	6:152	6:152	28	6:152:28	وَبِعَهْدِ	عَهْد	ع ه د	N					PREFIX|w:CONJ+ | PREFIX|bi+ | STEM|POS:N|LEM:Eahod|ROOT:Ehd|M|GEN
w-s006-a152-w029	6:152	6:152	29	6:152:29	ٱللَّهِ	ٱللَّه	ء ل ه	PN					STEM|POS:PN|LEM:{ll~ah|ROOT:Alh|GEN
w-s006-a152-w030	6:152	6:152	30	6:152:30	أَوْفُوا۟	أَوْفَىٰ	و ف ي	V	IMPV			IV	STEM|POS:V|IMPV|(IV)|LEM:>awofaY`|ROOT:wfy|2MP | SUFFIX|PRON:2MP
w-s006-a152-w031	6:152	6:152	31	6:152:31	ذَٰلِكُمْ	ذَٰلِك		DEM					STEM|POS:DEM|LEM:*a`lik|2MP
w-s006-a152-w032	6:152	6:152	32	6:152:32	وَصَّىٰكُم	وَصَّىٰ	و ص ي	V	PERF			II	STEM|POS:V|PERF|(II)|LEM:waS~aY`|ROOT:wSy|3MS | SUFFIX|PRON:2MP
w-s006-a152-w033	6:152	6:152	33	6:152:33	بِهِۦ			PRON					PREFIX|bi+ | STEM|POS:PRON|3MS
w-s006-a152-w034	6:152	6:152	34	6:152:34	لَعَلَّكُمْ	لَعَلّ		ACC					STEM|POS:ACC|LEM:laEal~|SP:<in~ | SUFFIX|PRON:2MP
w-s006-a152-w035	6:152	6:152	35	6:152:35	تَذَكَّرُونَ	تَذَكَّرَ	ذ ك ر	V	IMPF			V	STEM|POS:V|IMPF|(V)|LEM:ta*ak~ara|ROOT:*kr|2MP | SUFFIX|PRON:2MP
w-s006-a153-w001	6:153	6:153	1	6:153:1	وَأَنَّ	أَنّ		ACC					PREFIX|w:CONJ+ | STEM|POS:ACC|LEM:>an~|SP:<in~
w-s006-a153-w002	6:153	6:153	2	6:153:2	هَٰذَا	هَٰذَا		DEM					STEM|POS:DEM|LEM:ha`*aA|MS
w-s006-a153-w003	6:153	6:153	3	6:153:3	صِرَٰطِى	صِرَٰط	ص ر ط	N					STEM|POS:N|LEM:Sira`T|ROOT:SrT|M|NOM | SUFFIX|PRON:1S
w-s006-a153-w004	6:153	6:153	4	6:153:4	مُسْتَقِيمًا	مُّسْتَقِيم	ق و م	N			ACT	X	STEM|POS:N|ACT|PCPL|(X)|LEM:m~usotaqiym|ROOT:qwm|M|INDEF|ACC
w-s006-a153-w005	6:153	6:153	5	6:153:5	فَٱتَّبِعُوهُ	ٱتَّبَعَ	ت ب ع	V	IMPV			VIII	PREFIX|f:CAUS+ | STEM|POS:V|IMPV|(VIII)|LEM:{t~abaEa|ROOT:tbE|2MP | SUFFIX|PRON:2MP | SUFFIX|PRON:3MS
w-s006-a153-w006	6:153	6:153	6	6:153:6	وَلَا	لَا		PRO					PREFIX|w:CONJ+ | STEM|POS:PRO|LEM:laA
w-s006-a153-w007	6:153	6:153	7	6:153:7	تَتَّبِعُوا۟	ٱتَّبَعَ	ت ب ع	V	IMPF	JUS		VIII	STEM|POS:V|IMPF|(VIII)|LEM:{t~abaEa|ROOT:tbE|2MP|MOOD:JUS | SUFFIX|PRON:2MP
w-s006-a153-w008	6:153	6:153	8	6:153:8	ٱلسُّبُلَ	سَبِيل	س ب ل	N					PREFIX|Al+ | STEM|POS:N|LEM:sabiyl|ROOT:sbl|MP|ACC
w-s006-a153-w009	6:153	6:153	9	6:153:9	فَتَفَرَّقَ	تَفَرَّقَ	ف ر ق	V	IMPF	SUBJ		V	PREFIX|f:CAUS+ | STEM|POS:V|IMPF|(V)|LEM:tafar~aqa|ROOT:frq|3FS|MOOD:SUBJ
w-s006-a153-w010	6:153	6:153	10	6:153:10	بِكُمْ			PRON					PREFIX|bi+ | STEM|POS:PRON|2MP
w-s006-a153-w011	6:153	6:153	11	6:153:11	عَن	عَن		P					STEM|POS:P|LEM:Ean
w-s006-a153-w012	6:153	6:153	12	6:153:12	سَبِيلِهِۦ	سَبِيل	س ب ل	N					STEM|POS:N|LEM:sabiyl|ROOT:sbl|M|GEN | SUFFIX|PRON:3MS
w-s006-a153-w013	6:153	6:153	13	6:153:13	ذَٰلِكُمْ	ذَٰلِك		DEM					STEM|POS:DEM|LEM:*a`lik|2MP
w-s006-a153-w014	6:153	6:153	14	6:153:14	وَصَّىٰكُم	وَصَّىٰ	و ص ي	V	PERF			II	STEM|POS:V|PERF|(II)|LEM:waS~aY`|ROOT:wSy|3MS | SUFFIX|PRON:2MP
w-s006-a153-w015	6:153	6:153	15	6:153:15	بِهِۦ			PRON					PREFIX|bi+ | STEM|POS:PRON|3MS
w-s006-a153-w016	6:153	6:153	16	6:153:16	لَعَلَّكُمْ	لَعَلّ		ACC					STEM|POS:ACC|LEM:laEal~|SP:<in~ | SUFFIX|PRON:2MP
w-s006-a153-w017	6:153	6:153	17	6:153:17	تَتَّقُونَ	ٱتَّقَىٰ	و ق ي	V	IMPF			VIII	STEM|POS:V|IMPF|(VIII)|LEM:{t~aqaY`|ROOT:wqy|2MP | SUFFIX|PRON:2MP
w-s006-a154-w001	6:154	6:154	1	6:154:1	ثُمَّ	ثُمّ		CONJ					STEM|POS:CONJ|LEM:vum~
w-s006-a154-w002	6:154	6:154	2	6:154:2	ءَاتَيْنَا	آتَى	ء ت ي	V	PERF			IV	STEM|POS:V|PERF|(IV)|LEM:A^taY|ROOT:Aty|1P | SUFFIX|PRON:1P
w-s006-a154-w003	6:154	6:154	3	6:154:3	مُوسَى	مُوسَىٰ		PN					STEM|POS:PN|LEM:muwsaY`|M|ACC
w-s006-a154-w004	6:154	6:154	4	6:154:4	ٱلْكِتَٰبَ	كِتَٰب	ك ت ب	N					PREFIX|Al+ | STEM|POS:N|LEM:kita`b|ROOT:ktb|M|ACC
w-s006-a154-w005	6:154	6:154	5	6:154:5	تَمَامًا	تَمَام	ت م م	N					STEM|POS:N|LEM:tamaAm|ROOT:tmm|M|INDEF|ACC
w-s006-a154-w006	6:154	6:154	6	6:154:6	عَلَى	عَلَىٰ		P					STEM|POS:P|LEM:EalaY`
w-s006-a154-w007	6:154	6:154	7	6:154:7	ٱلَّذِىٓ	ٱلَّذِى		REL					STEM|POS:REL|LEM:{l~a*iY|MS
w-s006-a154-w008	6:154	6:154	8	6:154:8	أَحْسَنَ	أَحْسَنَ	ح س ن	V	PERF			IV	STEM|POS:V|PERF|(IV)|LEM:>aHosana|ROOT:Hsn|3MS
w-s006-a154-w009	6:154	6:154	9	6:154:9	وَتَفْصِيلًا	تَفْصِيل	ف ص ل	N				II	PREFIX|w:CONJ+ | STEM|POS:N|VN|(II)|LEM:tafoSiyl|ROOT:fSl|M|INDEF|ACC
w-s006-a154-w010	6:154	6:154	10	6:154:10	لِّكُلِّ	كُلّ	ك ل ل	N					PREFIX|l:P+ | STEM|POS:N|LEM:kul~|ROOT:kll|M|GEN
w-s006-a154-w011	6:154	6:154	11	6:154:11	شَىْءٍ	شَىْء	ش ي ء	N					STEM|POS:N|LEM:$aYo'|ROOT:$yA|M|INDEF|GEN
w-s006-a154-w012	6:154	6:154	12	6:154:12	وَهُدًى	هُدًى	ه د ي	N					PREFIX|w:CONJ+ | STEM|POS:N|LEM:hudFY|ROOT:hdy|M|INDEF|ACC
w-s006-a154-w013	6:154	6:154	13	6:154:13	وَرَحْمَةً	رَحْمَة	ر ح م	N					PREFIX|w:CONJ+ | STEM|POS:N|LEM:raHomap|ROOT:rHm|F|INDEF|ACC
w-s006-a154-w014	6:154	6:154	14	6:154:14	لَّعَلَّهُم	لَعَلّ		ACC					STEM|POS:ACC|LEM:laEal~|SP:<in~ | SUFFIX|PRON:3MP
w-s006-a154-w015	6:154	6:154	15	6:154:15	بِلِقَآءِ	لِقَآء	ل ق ي	N				III	PREFIX|bi+ | STEM|POS:N|VN|(III)|LEM:liqaA^'|ROOT:lqy|M|GEN
w-s006-a154-w016	6:154	6:154	16	6:154:16	رَبِّهِمْ	رَبّ	ر ب ب	N					STEM|POS:N|LEM:rab~|ROOT:rbb|M|GEN | SUFFIX|PRON:3MP
w-s006-a154-w017	6:154	6:154	17	6:154:17	يُؤْمِنُونَ	ءَامَنَ	ء م ن	V	IMPF			IV	STEM|POS:V|IMPF|(IV)|LEM:'aAmana|ROOT:Amn|3MP | SUFFIX|PRON:3MP
w-s006-a155-w001	6:155	6:155	1	6:155:1	وَهَٰذَا	هَٰذَا		DEM					PREFIX|w:REM+ | STEM|POS:DEM|LEM:ha`*aA|MS
w-s006-a155-w002	6:155	6:155	2	6:155:2	كِتَٰبٌ	كِتَٰب	ك ت ب	N					STEM|POS:N|LEM:kita`b|ROOT:ktb|M|INDEF|NOM
w-s006-a155-w003	6:155	6:155	3	6:155:3	أَنزَلْنَٰهُ	أَنزَلَ	ن ز ل	V	PERF			IV	STEM|POS:V|PERF|(IV)|LEM:>anzala|ROOT:nzl|1P | SUFFIX|PRON:1P | SUFFIX|PRON:3MS
w-s006-a155-w004	6:155	6:155	4	6:155:4	مُبَارَكٌ	مُبَارَك	ب ر ك	ADJ			PASS	III	STEM|POS:ADJ|PASS|PCPL|(III)|LEM:mubaArak|ROOT:brk|M|INDEF|NOM
w-s006-a155-w005	6:155	6:155	5	6:155:5	فَٱتَّبِعُوهُ	ٱتَّبَعَ	ت ب ع	V	IMPV			VIII	PREFIX|f:REM+ | STEM|POS:V|IMPV|(VIII)|LEM:{t~abaEa|ROOT:tbE|2MP | SUFFIX|PRON:2MP | SUFFIX|PRON:3MS
w-s006-a155-w006	6:155	6:155	6	6:155:6	وَٱتَّقُوا۟	ٱتَّقَىٰ	و ق ي	V	IMPV			VIII	PREFIX|w:CONJ+ | STEM|POS:V|IMPV|(VIII)|LEM:{t~aqaY`|ROOT:wqy|2MP | SUFFIX|PRON:2MP
w-s006-a155-w007	6:155	6:155	7	6:155:7	لَعَلَّكُمْ	لَعَلّ		ACC					STEM|POS:ACC|LEM:laEal~|SP:<in~ | SUFFIX|PRON:2MP
w-s006-a155-w008	6:155	6:155	8	6:155:8	تُرْحَمُونَ	رَّحِمَ	ر ح م	V	IMPF		PASS		STEM|POS:V|IMPF|PASS|LEM:r~aHima|ROOT:rHm|2MP | SUFFIX|PRON:2MP
w-s006-a156-w001	6:156	6:156	1	6:156:1	أَن	أَن		SUB					STEM|POS:SUB|LEM:>an
w-s006-a156-w002	6:156	6:156	2	6:156:2	تَقُولُوٓا۟	قَالَ	ق و ل	V	IMPF	SUBJ			STEM|POS:V|IMPF|LEM:qaAla|ROOT:qwl|2MP|MOOD:SUBJ | SUFFIX|PRON:2MP
w-s006-a156-w003	6:156	6:156	3	6:156:3	إِنَّمَآ	إِنّ;مَا		ACC;PREV					STEM|POS:ACC|LEM:<in~|SP:<in~ | STEM|POS:PREV|LEM:maA
w-s006-a156-w004	6:156	6:156	4	6:156:4	أُنزِلَ	أَنزَلَ	ن ز ل	V	PERF		PASS	IV	STEM|POS:V|PERF|PASS|(IV)|LEM:>anzala|ROOT:nzl|3MS
w-s006-a156-w005	6:156	6:156	5	6:156:5	ٱلْكِتَٰبُ	كِتَٰب	ك ت ب	N					PREFIX|Al+ | STEM|POS:N|LEM:kita`b|ROOT:ktb|M|NOM
w-s006-a156-w006	6:156	6:156	6	6:156:6	عَلَىٰ	عَلَىٰ		P					STEM|POS:P|LEM:EalaY`
w-s006-a156-w007	6:156	6:156	7	6:156:7	طَآئِفَتَيْنِ	طَآئِفَة	ط و ف	N					STEM|POS:N|LEM:TaA^}ifap|ROOT:Twf|FD|GEN
w-s006-a156-w008	6:156	6:156	8	6:156:8	مِن	مِن		P					STEM|POS:P|LEM:min
w-s006-a156-w009	6:156	6:156	9	6:156:9	قَبْلِنَا	قَبْل	ق ب ل	N					STEM|POS:N|LEM:qabol|ROOT:qbl|GEN | SUFFIX|PRON:1P
w-s006-a156-w010	6:156	6:156	10	6:156:10	وَإِن	إِن		COND					PREFIX|w:CONJ+ | STEM|POS:COND|LEM:<in
w-s006-a156-w011	6:156	6:156	11	6:156:11	كُنَّا	كَانَ	ك و ن	V	PERF				STEM|POS:V|PERF|LEM:kaAna|ROOT:kwn|SP:kaAn|1P | SUFFIX|PRON:1P
w-s006-a156-w012	6:156	6:156	12	6:156:12	عَن	عَن		P					STEM|POS:P|LEM:Ean
w-s006-a156-w013	6:156	6:156	13	6:156:13	دِرَاسَتِهِمْ	دِرَاسَت	د ر س	N					STEM|POS:N|LEM:diraAsat|ROOT:drs|F|GEN | SUFFIX|PRON:3MP
w-s006-a156-w014	6:156	6:156	14	6:156:14	لَغَٰفِلِينَ	غَٰفِل	غ ف ل	N			ACT		PREFIX|l:EMPH+ | STEM|POS:N|ACT|PCPL|LEM:ga`fil|ROOT:gfl|MP|ACC
w-s006-a157-w001	6:157	6:157	1	6:157:1	أَوْ	أَو		CONJ					STEM|POS:CONJ|LEM:>aw
w-s006-a157-w002	6:157	6:157	2	6:157:2	تَقُولُوا۟	قَالَ	ق و ل	V	IMPF	SUBJ			STEM|POS:V|IMPF|LEM:qaAla|ROOT:qwl|2MP|MOOD:SUBJ | SUFFIX|PRON:2MP
w-s006-a157-w003	6:157	6:157	3	6:157:3	لَوْ	لَو		COND					STEM|POS:COND|LEM:law
w-s006-a157-w004	6:157	6:157	4	6:157:4	أَنَّآ	أَنّ		ACC					STEM|POS:ACC|LEM:>an~|SP:<in~ | SUFFIX|PRON:1P
w-s006-a157-w005	6:157	6:157	5	6:157:5	أُنزِلَ	أَنزَلَ	ن ز ل	V	PERF		PASS	IV	STEM|POS:V|PERF|PASS|(IV)|LEM:>anzala|ROOT:nzl|3MS
w-s006-a157-w006	6:157	6:157	6	6:157:6	عَلَيْنَا	عَلَىٰ		P					STEM|POS:P|LEM:EalaY` | SUFFIX|PRON:1P
w-s006-a157-w007	6:157	6:157	7	6:157:7	ٱلْكِتَٰبُ	كِتَٰب	ك ت ب	N					PREFIX|Al+ | STEM|POS:N|LEM:kita`b|ROOT:ktb|M|NOM
w-s006-a157-w008	6:157	6:157	8	6:157:8	لَكُنَّآ	كَانَ	ك و ن	V	PERF				PREFIX|l:EMPH+ | STEM|POS:V|PERF|LEM:kaAna|ROOT:kwn|SP:kaAn|1P | SUFFIX|PRON:1P
w-s006-a157-w009	6:157	6:157	9	6:157:9	أَهْدَىٰ	أَهْدَىٰ	ه د ي	N					STEM|POS:N|LEM:>ahodaY`|ROOT:hdy|MS|ACC
w-s006-a157-w010	6:157	6:157	10	6:157:10	مِنْهُمْ	مِن		P					STEM|POS:P|LEM:min | SUFFIX|PRON:3MP
w-s006-a157-w011	6:157	6:157	11	6:157:11	فَقَدْ	قَد		CERT					PREFIX|f:RSLT+ | STEM|POS:CERT|LEM:qad
w-s006-a157-w012	6:157	6:157	12	6:157:12	جَآءَكُم	جَآءَ	ج ي ء	V	PERF				STEM|POS:V|PERF|LEM:jaA^'a|ROOT:jyA|3MS | SUFFIX|PRON:2MP
w-s006-a157-w013	6:157	6:157	13	6:157:13	بَيِّنَةٌ	بَيِّنَة	ب ي ن	N					STEM|POS:N|LEM:bay~inap|ROOT:byn|FS|INDEF|NOM
w-s006-a157-w014	6:157	6:157	14	6:157:14	مِّن	مِن		P					STEM|POS:P|LEM:min
w-s006-a157-w015	6:157	6:157	15	6:157:15	رَّبِّكُمْ	رَبّ	ر ب ب	N					STEM|POS:N|LEM:rab~|ROOT:rbb|M|GEN | SUFFIX|PRON:2MP
w-s006-a157-w016	6:157	6:157	16	6:157:16	وَهُدًى	هُدًى	ه د ي	N					PREFIX|w:CONJ+ | STEM|POS:N|LEM:hudFY|ROOT:hdy|M|INDEF|NOM
w-s006-a157-w017	6:157	6:157	17	6:157:17	وَرَحْمَةٌ	رَحْمَة	ر ح م	N					PREFIX|w:CONJ+ | STEM|POS:N|LEM:raHomap|ROOT:rHm|F|INDEF|NOM
w-s006-a157-w018	6:157	6:157	18	6:157:18	فَمَنْ	مَن		INTG					PREFIX|f:REM+ | STEM|POS:INTG|LEM:man
w-s006-a157-w019	6:157	6:157	19	6:157:19	أَظْلَمُ	أَظْلَم	ظ ل م	N					STEM|POS:N|LEM:>aZolam|ROOT:Zlm|MS|NOM
w-s006-a157-w020	6:157	6:157	20	6:157:20	مِمَّن	مِن;مَن		P;REL					STEM|POS:P|LEM:min | STEM|POS:REL|LEM:man
w-s006-a157-w021	6:157	6:157	21	6:157:21	كَذَّبَ	كَذَّبَ	ك ذ ب	V	PERF			II	STEM|POS:V|PERF|(II)|LEM:ka*~aba|ROOT:k*b|3MS
w-s006-a157-w022	6:157	6:157	22	6:157:22	بِـَٔايَٰتِ	ءَايَة	ء ي ي	N					PREFIX|bi+ | STEM|POS:N|LEM:'aAyap|ROOT:Ayy|FP|GEN
w-s006-a157-w023	6:157	6:157	23	6:157:23	ٱللَّهِ	ٱللَّه	ء ل ه	PN					STEM|POS:PN|LEM:{ll~ah|ROOT:Alh|GEN
w-s006-a157-w024	6:157	6:157	24	6:157:24	وَصَدَفَ	صَدَفَ	ص د ف	V	PERF				PREFIX|w:CONJ+ | STEM|POS:V|PERF|LEM:Sadafa|ROOT:Sdf|3MS
w-s006-a157-w025	6:157	6:157	25	6:157:25	عَنْهَا	عَن		P					STEM|POS:P|LEM:Ean | SUFFIX|PRON:3FS
w-s006-a157-w026	6:157	6:157	26	6:157:26	سَنَجْزِى	جَزَىٰ	ج ز ي	V	IMPF				PREFIX|sa+ | STEM|POS:V|IMPF|LEM:jazaY`|ROOT:jzy|1P
w-s006-a157-w027	6:157	6:157	27	6:157:27	ٱلَّذِينَ	ٱلَّذِى		REL					STEM|POS:REL|LEM:{l~a*iY|MP
w-s006-a157-w028	6:157	6:157	28	6:157:28	يَصْدِفُونَ	صَدَفَ	ص د ف	V	IMPF				STEM|POS:V|IMPF|LEM:Sadafa|ROOT:Sdf|3MP | SUFFIX|PRON:3MP
w-s006-a157-w029	6:157	6:157	29	6:157:29	عَنْ	عَن		P					STEM|POS:P|LEM:Ean
w-s006-a157-w030	6:157	6:157	30	6:157:30	ءَايَٰتِنَا	ءَايَة	ء ي ي	N					STEM|POS:N|LEM:'aAyap|ROOT:Ayy|FP|GEN | SUFFIX|PRON:1P
w-s006-a157-w031	6:157	6:157	31	6:157:31	سُوٓءَ	سُوٓء	س و ء	N					STEM|POS:N|LEM:suw^'|ROOT:swA|M|ACC
w-s006-a157-w032	6:157	6:157	32	6:157:32	ٱلْعَذَابِ	عَذَاب	ع ذ ب	N					PREFIX|Al+ | STEM|POS:N|LEM:Ea*aAb|ROOT:E*b|M|GEN
w-s006-a157-w033	6:157	6:157	33	6:157:33	بِمَا	مَا		REL					PREFIX|bi+ | STEM|POS:REL|LEM:maA
w-s006-a157-w034	6:157	6:157	34	6:157:34	كَانُوا۟	كَانَ	ك و ن	V	PERF				STEM|POS:V|PERF|LEM:kaAna|ROOT:kwn|SP:kaAn|3MP | SUFFIX|PRON:3MP
w-s006-a157-w035	6:157	6:157	35	6:157:35	يَصْدِفُونَ	صَدَفَ	ص د ف	V	IMPF				STEM|POS:V|IMPF|LEM:Sadafa|ROOT:Sdf|3MP | SUFFIX|PRON:3MP
w-s006-a158-w001	6:158	6:158	1	6:158:1	هَلْ	هَل		INTG					STEM|POS:INTG|LEM:hal
w-s006-a158-w002	6:158	6:158	2	6:158:2	يَنظُرُونَ	نَّظَرَ	ن ظ ر	V	IMPF				STEM|POS:V|IMPF|LEM:n~aZara|ROOT:nZr|3MP | SUFFIX|PRON:3MP
w-s006-a158-w003	6:158	6:158	3	6:158:3	إِلَّآ	إِلَّا		RES					STEM|POS:RES|LEM:<il~aA
w-s006-a158-w004	6:158	6:158	4	6:158:4	أَن	أَن		SUB					STEM|POS:SUB|LEM:>an
w-s006-a158-w005	6:158	6:158	5	6:158:5	تَأْتِيَهُمُ	أَتَى	ء ت ي	V	IMPF	SUBJ			STEM|POS:V|IMPF|LEM:>ataY|ROOT:Aty|3FS|MOOD:SUBJ | SUFFIX|PRON:3MP
w-s006-a158-w006	6:158	6:158	6	6:158:6	ٱلْمَلَٰٓئِكَةُ	مَلَك	م ل ك	N					PREFIX|Al+ | STEM|POS:N|LEM:malak|ROOT:mlk|MP|NOM
w-s006-a158-w007	6:158	6:158	7	6:158:7	أَوْ	أَو		CONJ					STEM|POS:CONJ|LEM:>aw
w-s006-a158-w008	6:158	6:158	8	6:158:8	يَأْتِىَ	أَتَى	ء ت ي	V	IMPF	SUBJ			STEM|POS:V|IMPF|LEM:>ataY|ROOT:Aty|3MS|MOOD:SUBJ
w-s006-a158-w009	6:158	6:158	9	6:158:9	رَبُّكَ	رَبّ	ر ب ب	N					STEM|POS:N|LEM:rab~|ROOT:rbb|M|NOM | SUFFIX|PRON:2MS
w-s006-a158-w010	6:158	6:158	10	6:158:10	أَوْ	أَو		CONJ					STEM|POS:CONJ|LEM:>aw
w-s006-a158-w011	6:158	6:158	11	6:158:11	يَأْتِىَ	أَتَى	ء ت ي	V	IMPF	SUBJ			STEM|POS:V|IMPF|LEM:>ataY|ROOT:Aty|3MS|MOOD:SUBJ
w-s006-a158-w012	6:158	6:158	12	6:158:12	بَعْضُ	بَعْض	ب ع ض	N					STEM|POS:N|LEM:baEoD|ROOT:bED|M|NOM
w-s006-a158-w013	6:158	6:158	13	6:158:13	ءَايَٰتِ	ءَايَة	ء ي ي	N					STEM|POS:N|LEM:'aAyap|ROOT:Ayy|FP|GEN
w-s006-a158-w014	6:158	6:158	14	6:158:14	رَبِّكَ	رَبّ	ر ب ب	N					STEM|POS:N|LEM:rab~|ROOT:rbb|M|GEN | SUFFIX|PRON:2MS
w-s006-a158-w015	6:158	6:158	15	6:158:15	يَوْمَ	يَوْم	ي و م	T					STEM|POS:T|LEM:yawom|ROOT:ywm|M|ACC
w-s006-a158-w016	6:158	6:158	16	6:158:16	يَأْتِى	أَتَى	ء ت ي	V	IMPF				STEM|POS:V|IMPF|LEM:>ataY|ROOT:Aty|3MS
w-s006-a158-w017	6:158	6:158	17	6:158:17	بَعْضُ	بَعْض	ب ع ض	N					STEM|POS:N|LEM:baEoD|ROOT:bED|M|NOM
w-s006-a158-w018	6:158	6:158	18	6:158:18	ءَايَٰتِ	ءَايَة	ء ي ي	N					STEM|POS:N|LEM:'aAyap|ROOT:Ayy|FP|GEN
w-s006-a158-w019	6:158	6:158	19	6:158:19	رَبِّكَ	رَبّ	ر ب ب	N					STEM|POS:N|LEM:rab~|ROOT:rbb|M|GEN | SUFFIX|PRON:2MS
w-s006-a158-w020	6:158	6:158	20	6:158:20	لَا	لَا		NEG					STEM|POS:NEG|LEM:laA
w-s006-a158-w021	6:158	6:158	21	6:158:21	يَنفَعُ	نَفَعَ	ن ف ع	V	IMPF				STEM|POS:V|IMPF|LEM:nafaEa|ROOT:nfE|3MS
w-s006-a158-w022	6:158	6:158	22	6:158:22	نَفْسًا	نَفْس	ن ف س	N					STEM|POS:N|LEM:nafos|ROOT:nfs|FS|INDEF|ACC
w-s006-a158-w023	6:158	6:158	23	6:158:23	إِيمَٰنُهَا	إِيمَٰن	ء م ن	N				IV	STEM|POS:N|VN|(IV)|LEM:<iyma`n|ROOT:Amn|M|NOM | SUFFIX|PRON:3FS
w-s006-a158-w024	6:158	6:158	24	6:158:24	لَمْ	لَم		NEG					STEM|POS:NEG|LEM:lam
w-s006-a158-w025	6:158	6:158	25	6:158:25	تَكُنْ	كَانَ	ك و ن	V	IMPF	JUS			STEM|POS:V|IMPF|LEM:kaAna|ROOT:kwn|SP:kaAn|3FS|MOOD:JUS
w-s006-a158-w026	6:158	6:158	26	6:158:26	ءَامَنَتْ	ءَامَنَ	ء م ن	V	PERF			IV	STEM|POS:V|PERF|(IV)|LEM:'aAmana|ROOT:Amn|3FS
w-s006-a158-w027	6:158	6:158	27	6:158:27	مِن	مِن		P					STEM|POS:P|LEM:min
w-s006-a158-w028	6:158	6:158	28	6:158:28	قَبْلُ	قَبْل	ق ب ل	N					STEM|POS:N|LEM:qabol|ROOT:qbl|GEN
w-s006-a158-w029	6:158	6:158	29	6:158:29	أَوْ	أَو		CONJ					STEM|POS:CONJ|LEM:>aw
w-s006-a158-w030	6:158	6:158	30	6:158:30	كَسَبَتْ	كَسَبَ	ك س ب	V	PERF				STEM|POS:V|PERF|LEM:kasaba|ROOT:ksb|3FS
w-s006-a158-w031	6:158	6:158	31	6:158:31	فِىٓ	فِى		P					STEM|POS:P|LEM:fiY
w-s006-a158-w032	6:158	6:158	32	6:158:32	إِيمَٰنِهَا	إِيمَٰن	ء م ن	N				IV	STEM|POS:N|VN|(IV)|LEM:<iyma`n|ROOT:Amn|M|GEN | SUFFIX|PRON:3FS
w-s006-a158-w033	6:158	6:158	33	6:158:33	خَيْرًا	خَيْر	خ ي ر	N					STEM|POS:N|LEM:xayor|ROOT:xyr|MS|INDEF|ACC
w-s006-a158-w034	6:158	6:158	34	6:158:34	قُلِ	قَالَ	ق و ل	V	IMPV				STEM|POS:V|IMPV|LEM:qaAla|ROOT:qwl|2MS
w-s006-a158-w035	6:158	6:158	35	6:158:35	ٱنتَظِرُوٓا۟	يَنتَظِرُ	ن ظ ر	V	IMPV			VIII	STEM|POS:V|IMPV|(VIII)|LEM:yantaZiru|ROOT:nZr|2MP | SUFFIX|PRON:2MP
w-s006-a158-w036	6:158	6:158	36	6:158:36	إِنَّا	إِنّ		ACC					STEM|POS:ACC|LEM:<in~|SP:<in~ | SUFFIX|PRON:1P
w-s006-a158-w037	6:158	6:158	37	6:158:37	مُنتَظِرُونَ	مُنتَظِرُون	ن ظ ر	N			ACT	VIII	STEM|POS:N|ACT|PCPL|(VIII)|LEM:muntaZiruwn|ROOT:nZr|MP|NOM
w-s006-a159-w001	6:159	6:159	1	6:159:1	إِنَّ	إِنّ		ACC					STEM|POS:ACC|LEM:<in~|SP:<in~
w-s006-a159-w002	6:159	6:159	2	6:159:2	ٱلَّذِينَ	ٱلَّذِى		REL					STEM|POS:REL|LEM:{l~a*iY|MP
w-s006-a159-w003	6:159	6:159	3	6:159:3	فَرَّقُوا۟	فَرَّقُ	ف ر ق	V	PERF			II	STEM|POS:V|PERF|(II)|LEM:far~aqu|ROOT:frq|3MP | SUFFIX|PRON:3MP
w-s006-a159-w004	6:159	6:159	4	6:159:4	دِينَهُمْ	دِين	د ي ن	N					STEM|POS:N|LEM:diyn|ROOT:dyn|M|ACC | SUFFIX|PRON:3MP
w-s006-a159-w005	6:159	6:159	5	6:159:5	وَكَانُوا۟	كَانَ	ك و ن	V	PERF				PREFIX|w:CONJ+ | STEM|POS:V|PERF|LEM:kaAna|ROOT:kwn|SP:kaAn|3MP | SUFFIX|PRON:3MP
w-s006-a159-w006	6:159	6:159	6	6:159:6	شِيَعًا	شِيعَة	ش ي ع	N					STEM|POS:N|LEM:$iyEap|ROOT:$yE|MP|INDEF|ACC
w-s006-a159-w007	6:159	6:159	7	6:159:7	لَّسْتَ	لَّيْسَ	ل ي س	V	PERF				STEM|POS:V|PERF|LEM:l~ayosa|ROOT:lys|SP:kaAn|2MS | SUFFIX|PRON:2MS
w-s006-a159-w008	6:159	6:159	8	6:159:8	مِنْهُمْ	مِن		P					STEM|POS:P|LEM:min | SUFFIX|PRON:3MP
w-s006-a159-w009	6:159	6:159	9	6:159:9	فِى	فِى		P					STEM|POS:P|LEM:fiY
w-s006-a159-w010	6:159	6:159	10	6:159:10	شَىْءٍ	شَىْء	ش ي ء	N					STEM|POS:N|LEM:$aYo'|ROOT:$yA|M|INDEF|GEN
w-s006-a159-w011	6:159	6:159	11	6:159:11	إِنَّمَآ	إِنّ;مَا		ACC;PREV					STEM|POS:ACC|LEM:<in~|SP:<in~ | STEM|POS:PREV|LEM:maA
w-s006-a159-w012	6:159	6:159	12	6:159:12	أَمْرُهُمْ	أَمْر	ء م ر	N					STEM|POS:N|LEM:>amor|ROOT:Amr|M|NOM | SUFFIX|PRON:3MP
w-s006-a159-w013	6:159	6:159	13	6:159:13	إِلَى	إِلَىٰ		P					STEM|POS:P|LEM:<ilaY`
w-s006-a159-w014	6:159	6:159	14	6:159:14	ٱللَّهِ	ٱللَّه	ء ل ه	PN					STEM|POS:PN|LEM:{ll~ah|ROOT:Alh|GEN
w-s006-a159-w015	6:159	6:159	15	6:159:15	ثُمَّ	ثُمّ		CONJ					STEM|POS:CONJ|LEM:vum~
w-s006-a159-w016	6:159	6:159	16	6:159:16	يُنَبِّئُهُم	نَبَّأَ	ن ب ء	V	IMPF			II	STEM|POS:V|IMPF|(II)|LEM:nab~a>a|ROOT:nbA|3MS | SUFFIX|PRON:3MP
w-s006-a159-w017	6:159	6:159	17	6:159:17	بِمَا	مَا		REL					PREFIX|bi+ | STEM|POS:REL|LEM:maA
w-s006-a159-w018	6:159	6:159	18	6:159:18	كَانُوا۟	كَانَ	ك و ن	V	PERF				STEM|POS:V|PERF|LEM:kaAna|ROOT:kwn|SP:kaAn|3MP | SUFFIX|PRON:3MP
w-s006-a159-w019	6:159	6:159	19	6:159:19	يَفْعَلُونَ	فَعَلَ	ف ع ل	V	IMPF				STEM|POS:V|IMPF|LEM:faEala|ROOT:fEl|3MP | SUFFIX|PRON:3MP
w-s006-a160-w001	6:160	6:160	1	6:160:1	مَن	مَن		COND					STEM|POS:COND|LEM:man
w-s006-a160-w002	6:160	6:160	2	6:160:2	جَآءَ	جَآءَ	ج ي ء	V	PERF				STEM|POS:V|PERF|LEM:jaA^'a|ROOT:jyA|3MS
w-s006-a160-w003	6:160	6:160	3	6:160:3	بِٱلْحَسَنَةِ	حَسَنَة	ح س ن	N					PREFIX|bi+ | PREFIX|Al+ | STEM|POS:N|LEM:Hasanap|ROOT:Hsn|F|GEN
w-s006-a160-w004	6:160	6:160	4	6:160:4	فَلَهُۥ			PRON					PREFIX|f:RSLT+ | PREFIX|l:P+ | STEM|POS:PRON|3MS
w-s006-a160-w005	6:160	6:160	5	6:160:5	عَشْرُ	عَشْر	ع ش ر	N					STEM|POS:N|LEM:Ea$or|ROOT:E$r|M|NOM
w-s006-a160-w006	6:160	6:160	6	6:160:6	أَمْثَالِهَا	مَثَل	م ث ل	N					STEM|POS:N|LEM:maval|ROOT:mvl|MP|GEN | SUFFIX|PRON:3FS
w-s006-a160-w007	6:160	6:160	7	6:160:7	وَمَن	مَن		COND					PREFIX|w:CONJ+ | STEM|POS:COND|LEM:man
w-s006-a160-w008	6:160	6:160	8	6:160:8	جَآءَ	جَآءَ	ج ي ء	V	PERF				STEM|POS:V|PERF|LEM:jaA^'a|ROOT:jyA|3MS
w-s006-a160-w009	6:160	6:160	9	6:160:9	بِٱلسَّيِّئَةِ	سَيِّئَة	س و ء	N					PREFIX|bi+ | PREFIX|Al+ | STEM|POS:N|LEM:say~i}ap|ROOT:swA|F|GEN
w-s006-a160-w010	6:160	6:160	10	6:160:10	فَلَا	لَا		NEG					PREFIX|f:RSLT+ | STEM|POS:NEG|LEM:laA
w-s006-a160-w011	6:160	6:160	11	6:160:11	يُجْزَىٰٓ	جَزَىٰ	ج ز ي	V	IMPF	SUBJ	PASS		STEM|POS:V|IMPF|PASS|LEM:jazaY`|ROOT:jzy|3MS|MOOD:SUBJ
w-s006-a160-w012	6:160	6:160	12	6:160:12	إِلَّا	إِلَّا		RES					STEM|POS:RES|LEM:<il~aA
w-s006-a160-w013	6:160	6:160	13	6:160:13	مِثْلَهَا	مِثْل	م ث ل	N					STEM|POS:N|LEM:mivol|ROOT:mvl|M|ACC | SUFFIX|PRON:3FS
w-s006-a160-w014	6:160	6:160	14	6:160:14	وَهُمْ			PRON					PREFIX|w:CIRC+ | STEM|POS:PRON|3MP
w-s006-a160-w015	6:160	6:160	15	6:160:15	لَا	لَا		NEG					STEM|POS:NEG|LEM:laA
w-s006-a160-w016	6:160	6:160	16	6:160:16	يُظْلَمُونَ	ظَلَمَ	ظ ل م	V	IMPF	JUS	PASS		STEM|POS:V|IMPF|PASS|LEM:Zalama|ROOT:Zlm|3MP|MOOD:JUS | SUFFIX|PRON:3MP
w-s006-a161-w001	6:161	6:161	1	6:161:1	قُلْ	قَالَ	ق و ل	V	IMPV				STEM|POS:V|IMPV|LEM:qaAla|ROOT:qwl|2MS
w-s006-a161-w002	6:161	6:161	2	6:161:2	إِنَّنِى	إِنّ		ACC					STEM|POS:ACC|LEM:<in~|SP:<in~ | SUFFIX|PRON:1S
w-s006-a161-w003	6:161	6:161	3	6:161:3	هَدَىٰنِى	هَدَى	ه د ي	V	PERF				STEM|POS:V|PERF|LEM:hadaY|ROOT:hdy|3MS | SUFFIX|PRON:1S
w-s006-a161-w004	6:161	6:161	4	6:161:4	رَبِّىٓ	رَبّ	ر ب ب	N					STEM|POS:N|LEM:rab~|ROOT:rbb|M|NOM | SUFFIX|PRON:1S
w-s006-a161-w005	6:161	6:161	5	6:161:5	إِلَىٰ	إِلَىٰ		P					STEM|POS:P|LEM:<ilaY`
w-s006-a161-w006	6:161	6:161	6	6:161:6	صِرَٰطٍ	صِرَٰط	ص ر ط	N					STEM|POS:N|LEM:Sira`T|ROOT:SrT|M|INDEF|GEN
w-s006-a161-w007	6:161	6:161	7	6:161:7	مُّسْتَقِيمٍ	مُّسْتَقِيم	ق و م	ADJ			ACT	X	STEM|POS:ADJ|ACT|PCPL|(X)|LEM:m~usotaqiym|ROOT:qwm|M|INDEF|GEN
w-s006-a161-w008	6:161	6:161	8	6:161:8	دِينًا	دِين	د ي ن	N					STEM|POS:N|LEM:diyn|ROOT:dyn|M|INDEF|ACC
w-s006-a161-w009	6:161	6:161	9	6:161:9	قِيَمًا	قِيَم	ق و م	ADJ					STEM|POS:ADJ|LEM:qiyam|ROOT:qwm|MS|INDEF|ACC
w-s006-a161-w010	6:161	6:161	10	6:161:10	مِّلَّةَ	مِلَّة	م ل ل	N					STEM|POS:N|LEM:mil~ap|ROOT:mll|F|ACC
w-s006-a161-w011	6:161	6:161	11	6:161:11	إِبْرَٰهِيمَ	إِبْرَاهِيم		PN					STEM|POS:PN|LEM:<iboraAhiym|M|GEN
w-s006-a161-w012	6:161	6:161	12	6:161:12	حَنِيفًا	حَنِيف	ح ن ف	N					STEM|POS:N|LEM:Haniyf|ROOT:Hnf|M|INDEF|ACC
w-s006-a161-w013	6:161	6:161	13	6:161:13	وَمَا	مَا		NEG					PREFIX|w:CIRC+ | STEM|POS:NEG|LEM:maA
w-s006-a161-w014	6:161	6:161	14	6:161:14	كَانَ	كَانَ	ك و ن	V	PERF				STEM|POS:V|PERF|LEM:kaAna|ROOT:kwn|SP:kaAn|3MS
w-s006-a161-w015	6:161	6:161	15	6:161:15	مِنَ	مِن		P					STEM|POS:P|LEM:min
w-s006-a161-w016	6:161	6:161	16	6:161:16	ٱلْمُشْرِكِينَ	مُشْرِك	ش ر ك	N			ACT	IV	PREFIX|Al+ | STEM|POS:N|ACT|PCPL|(IV)|LEM:mu$orik|ROOT:$rk|MP|GEN
w-s006-a162-w001	6:162	6:162	1	6:162:1	قُلْ	قَالَ	ق و ل	V	IMPV				STEM|POS:V|IMPV|LEM:qaAla|ROOT:qwl|2MS
w-s006-a162-w002	6:162	6:162	2	6:162:2	إِنَّ	إِنّ		ACC					STEM|POS:ACC|LEM:<in~|SP:<in~
w-s006-a162-w003	6:162	6:162	3	6:162:3	صَلَاتِى	صَلَوٰة	ص ل و	N					STEM|POS:N|LEM:Salaw`p|ROOT:Slw|F|ACC | SUFFIX|PRON:1S
w-s006-a162-w004	6:162	6:162	4	6:162:4	وَنُسُكِى	نُسُك	ن س ك	N					PREFIX|w:CONJ+ | STEM|POS:N|LEM:nusuk|ROOT:nsk|M|ACC | SUFFIX|PRON:1S
w-s006-a162-w005	6:162	6:162	5	6:162:5	وَمَحْيَاىَ	مَّحْيَا	ح ي ي	N					PREFIX|w:CONJ+ | STEM|POS:N|LEM:m~aHoyaA|ROOT:Hyy|M|ACC | SUFFIX|PRON:1S
w-s006-a162-w006	6:162	6:162	6	6:162:6	وَمَمَاتِى	مَمَات	م و ت	N					PREFIX|w:CONJ+ | STEM|POS:N|LEM:mamaAt|ROOT:mwt|M|ACC | SUFFIX|PRON:1S
w-s006-a162-w007	6:162	6:162	7	6:162:7	لِلَّهِ	ٱللَّه	ء ل ه	PN					PREFIX|l:P+ | STEM|POS:PN|LEM:{ll~ah|ROOT:Alh|GEN
w-s006-a162-w008	6:162	6:162	8	6:162:8	رَبِّ	رَبّ	ر ب ب	N					STEM|POS:N|LEM:rab~|ROOT:rbb|M|GEN
w-s006-a162-w009	6:162	6:162	9	6:162:9	ٱلْعَٰلَمِينَ	عَٰلَمِين	ع ل م	N					PREFIX|Al+ | STEM|POS:N|LEM:Ea`lamiyn|ROOT:Elm|MP|GEN
w-s006-a163-w001	6:163	6:163	1	6:163:1	لَا	لَا		NEG					STEM|POS:NEG|LEM:laA|SP:<in~
w-s006-a163-w002	6:163	6:163	2	6:163:2	شَرِيكَ	شَرِيك	ش ر ك	N					STEM|POS:N|LEM:$ariyk|ROOT:$rk|M|ACC
w-s006-a163-w003	6:163	6:163	3	6:163:3	لَهُۥ			PRON					PREFIX|l:P+ | STEM|POS:PRON|3MS
w-s006-a163-w004	6:163	6:163	4	6:163:4	وَبِذَٰلِكَ	ذَٰلِك		DEM					PREFIX|w:REM+ | PREFIX|bi+ | STEM|POS:DEM|LEM:*a`lik|MS
w-s006-a163-w005	6:163	6:163	5	6:163:5	أُمِرْتُ	أَمَرَ	ء م ر	V	PERF		PASS		STEM|POS:V|PERF|PASS|LEM:>amara|ROOT:Amr|1S | SUFFIX|PRON:1S
w-s006-a163-w006	6:163	6:163	6	6:163:6	وَأَنَا۠			PRON					PREFIX|w:REM+ | STEM|POS:PRON|1S
w-s006-a163-w007	6:163	6:163	7	6:163:7	أَوَّلُ	أَوَّل	ء و ل	N					STEM|POS:N|LEM:>aw~al|ROOT:Awl|MS|NOM
w-s006-a163-w008	6:163	6:163	8	6:163:8	ٱلْمُسْلِمِينَ	مُسْلِم	س ل م	PN			ACT	IV	PREFIX|Al+ | STEM|POS:PN|ACT|PCPL|(IV)|LEM:musolim|ROOT:slm|MP|GEN
w-s006-a164-w001	6:164	6:164	1	6:164:1	قُلْ	قَالَ	ق و ل	V	IMPV				STEM|POS:V|IMPV|LEM:qaAla|ROOT:qwl|2MS
w-s006-a164-w002	6:164	6:164	2	6:164:2	أَغَيْرَ	غَيْر	غ ي ر	N					PREFIX|A:INTG+ | STEM|POS:N|LEM:gayor|ROOT:gyr|M|ACC
w-s006-a164-w003	6:164	6:164	3	6:164:3	ٱللَّهِ	ٱللَّه	ء ل ه	PN					STEM|POS:PN|LEM:{ll~ah|ROOT:Alh|GEN
w-s006-a164-w004	6:164	6:164	4	6:164:4	أَبْغِى	بَغَىٰ	ب غ ي	V	IMPF				STEM|POS:V|IMPF|LEM:bagaY`|ROOT:bgy|1S
w-s006-a164-w005	6:164	6:164	5	6:164:5	رَبًّا	رَبّ	ر ب ب	N					STEM|POS:N|LEM:rab~|ROOT:rbb|M|INDEF|ACC
w-s006-a164-w006	6:164	6:164	6	6:164:6	وَهُوَ			PRON					PREFIX|w:REM+ | STEM|POS:PRON|3MS
w-s006-a164-w007	6:164	6:164	7	6:164:7	رَبُّ	رَبّ	ر ب ب	N					STEM|POS:N|LEM:rab~|ROOT:rbb|M|NOM
w-s006-a164-w008	6:164	6:164	8	6:164:8	كُلِّ	كُلّ	ك ل ل	N					STEM|POS:N|LEM:kul~|ROOT:kll|M|GEN
w-s006-a164-w009	6:164	6:164	9	6:164:9	شَىْءٍ	شَىْء	ش ي ء	N					STEM|POS:N|LEM:$aYo'|ROOT:$yA|M|INDEF|GEN
w-s006-a164-w010	6:164	6:164	10	6:164:10	وَلَا	لَا		NEG					PREFIX|w:CONJ+ | STEM|POS:NEG|LEM:laA
w-s006-a164-w011	6:164	6:164	11	6:164:11	تَكْسِبُ	كَسَبَ	ك س ب	V	IMPF				STEM|POS:V|IMPF|LEM:kasaba|ROOT:ksb|3FS
w-s006-a164-w012	6:164	6:164	12	6:164:12	كُلُّ	كُلّ	ك ل ل	N					STEM|POS:N|LEM:kul~|ROOT:kll|M|NOM
w-s006-a164-w013	6:164	6:164	13	6:164:13	نَفْسٍ	نَفْس	ن ف س	N					STEM|POS:N|LEM:nafos|ROOT:nfs|FS|INDEF|GEN
w-s006-a164-w014	6:164	6:164	14	6:164:14	إِلَّا	إِلَّا		EXP					STEM|POS:EXP|LEM:<il~aA
w-s006-a164-w015	6:164	6:164	15	6:164:15	عَلَيْهَا	عَلَىٰ		P					STEM|POS:P|LEM:EalaY` | SUFFIX|PRON:3FS
w-s006-a164-w016	6:164	6:164	16	6:164:16	وَلَا	لَا		NEG					PREFIX|w:CONJ+ | STEM|POS:NEG|LEM:laA
w-s006-a164-w017	6:164	6:164	17	6:164:17	تَزِرُ	يَزِرُ	و ز ر	V	IMPF				STEM|POS:V|IMPF|LEM:yaziru|ROOT:wzr|3FS
w-s006-a164-w018	6:164	6:164	18	6:164:18	وَازِرَةٌ	وَازِرَة	و ز ر	N			ACT		STEM|POS:N|ACT|PCPL|LEM:waAzirap|ROOT:wzr|F|INDEF|NOM
w-s006-a164-w019	6:164	6:164	19	6:164:19	وِزْرَ	وِزْر	و ز ر	N					STEM|POS:N|LEM:wizor|ROOT:wzr|F|ACC
w-s006-a164-w020	6:164	6:164	20	6:164:20	أُخْرَىٰ	آخَر	ء خ ر	N					STEM|POS:N|LEM:A^xar|ROOT:Axr|FS|GEN
w-s006-a164-w021	6:164	6:164	21	6:164:21	ثُمَّ	ثُمّ		CONJ					STEM|POS:CONJ|LEM:vum~
w-s006-a164-w022	6:164	6:164	22	6:164:22	إِلَىٰ	إِلَىٰ		P					STEM|POS:P|LEM:<ilaY`
w-s006-a164-w023	6:164	6:164	23	6:164:23	رَبِّكُم	رَبّ	ر ب ب	N					STEM|POS:N|LEM:rab~|ROOT:rbb|M|GEN | SUFFIX|PRON:2MP
w-s006-a164-w024	6:164	6:164	24	6:164:24	مَّرْجِعُكُمْ	مَرْجِع	ر ج ع	N					STEM|POS:N|LEM:marojiE|ROOT:rjE|M|NOM | SUFFIX|PRON:2MP
w-s006-a164-w025	6:164	6:164	25	6:164:25	فَيُنَبِّئُكُم	نَبَّأَ	ن ب ء	V	IMPF			II	PREFIX|f:REM+ | STEM|POS:V|IMPF|(II)|LEM:nab~a>a|ROOT:nbA|3MS | SUFFIX|PRON:2MP
w-s006-a164-w026	6:164	6:164	26	6:164:26	بِمَا	مَا		REL					PREFIX|bi+ | STEM|POS:REL|LEM:maA
w-s006-a164-w027	6:164	6:164	27	6:164:27	كُنتُمْ	كَانَ	ك و ن	V	PERF				STEM|POS:V|PERF|LEM:kaAna|ROOT:kwn|SP:kaAn|2MP | SUFFIX|PRON:2MP
w-s006-a164-w028	6:164	6:164	28	6:164:28	فِيهِ	فِى		P					STEM|POS:P|LEM:fiY | SUFFIX|PRON:3MS
w-s006-a164-w029	6:164	6:164	29	6:164:29	تَخْتَلِفُونَ	ٱخْتَلَفَ	خ ل ف	V	IMPF			VIII	STEM|POS:V|IMPF|(VIII)|LEM:{xotalafa|ROOT:xlf|2MP | SUFFIX|PRON:2MP
w-s006-a165-w001	6:165	6:165	1	6:165:1	وَهُوَ			PRON					PREFIX|w:CONJ+ | STEM|POS:PRON|3MS
w-s006-a165-w002	6:165	6:165	2	6:165:2	ٱلَّذِى	ٱلَّذِى		REL					STEM|POS:REL|LEM:{l~a*iY|MS
w-s006-a165-w003	6:165	6:165	3	6:165:3	جَعَلَكُمْ	جَعَلَ	ج ع ل	V	PERF				STEM|POS:V|PERF|LEM:jaEala|ROOT:jEl|3MS | SUFFIX|PRON:2MP
w-s006-a165-w004	6:165	6:165	4	6:165:4	خَلَٰٓئِفَ	خَلِيفَة	خ ل ف	N					STEM|POS:N|LEM:xaliyfap|ROOT:xlf|MP|ACC
w-s006-a165-w005	6:165	6:165	5	6:165:5	ٱلْأَرْضِ	أَرْض	ء ر ض	N					PREFIX|Al+ | STEM|POS:N|LEM:>aroD|ROOT:ArD|F|GEN
w-s006-a165-w006	6:165	6:165	6	6:165:6	وَرَفَعَ	رَفَعَ	ر ف ع	V	PERF				PREFIX|w:CONJ+ | STEM|POS:V|PERF|LEM:rafaEa|ROOT:rfE|3MS
w-s006-a165-w007	6:165	6:165	7	6:165:7	بَعْضَكُمْ	بَعْض	ب ع ض	N					STEM|POS:N|LEM:baEoD|ROOT:bED|M|ACC | SUFFIX|PRON:2MP
w-s006-a165-w008	6:165	6:165	8	6:165:8	فَوْقَ	فَوْق	ف و ق	LOC					STEM|POS:LOC|LEM:fawoq|ROOT:fwq|M|ACC
w-s006-a165-w009	6:165	6:165	9	6:165:9	بَعْضٍ	بَعْض	ب ع ض	N					STEM|POS:N|LEM:baEoD|ROOT:bED|M|INDEF|GEN
w-s006-a165-w010	6:165	6:165	10	6:165:10	دَرَجَٰتٍ	دَرَجَة	د ر ج	N					STEM|POS:N|LEM:darajap|ROOT:drj|FP|INDEF|ACC
w-s006-a165-w011	6:165	6:165	11	6:165:11	لِّيَبْلُوَكُمْ	بَلَوْ	ب ل و	V	IMPF	SUBJ			PREFIX|l:PRP+ | STEM|POS:V|IMPF|LEM:balawo|ROOT:blw|3MS|MOOD:SUBJ | SUFFIX|PRON:2MP
w-s006-a165-w012	6:165	6:165	12	6:165:12	فِى	فِى		P					STEM|POS:P|LEM:fiY
w-s006-a165-w013	6:165	6:165	13	6:165:13	مَآ	مَا		REL					STEM|POS:REL|LEM:maA
w-s006-a165-w014	6:165	6:165	14	6:165:14	ءَاتَىٰكُمْ	آتَى	ء ت ي	V	PERF			IV	STEM|POS:V|PERF|(IV)|LEM:A^taY|ROOT:Aty|3MS | SUFFIX|PRON:2MP
w-s006-a165-w015	6:165	6:165	15	6:165:15	إِنَّ	إِنّ		ACC					STEM|POS:ACC|LEM:<in~|SP:<in~
w-s006-a165-w016	6:165	6:165	16	6:165:16	رَبَّكَ	رَبّ	ر ب ب	N					STEM|POS:N|LEM:rab~|ROOT:rbb|M|ACC | SUFFIX|PRON:2MS
w-s006-a165-w017	6:165	6:165	17	6:165:17	سَرِيعُ	سَرِيع	س ر ع	N					STEM|POS:N|LEM:sariyE|ROOT:srE|MS|NOM
w-s006-a165-w018	6:165	6:165	18	6:165:18	ٱلْعِقَابِ	عِقَاب	ع ق ب	N					PREFIX|Al+ | STEM|POS:N|LEM:EiqaAb|ROOT:Eqb|M|GEN
w-s006-a165-w019	6:165	6:165	19	6:165:19	وَإِنَّهُۥ	إِنّ		ACC					PREFIX|w:CONJ+ | STEM|POS:ACC|LEM:<in~|SP:<in~ | SUFFIX|PRON:3MS
w-s006-a165-w020	6:165	6:165	20	6:165:20	لَغَفُورٌ	غَفُور	غ ف ر	N					PREFIX|l:EMPH+ | STEM|POS:N|LEM:gafuwr|ROOT:gfr|MS|INDEF|NOM
w-s006-a165-w021	6:165	6:165	21	6:165:21	رَّحِيمٌۢ	رَّحِيم	ر ح م	ADJ					STEM|POS:ADJ|LEM:r~aHiym|ROOT:rHm|MS|INDEF|NOM
