word_id	ayah_ref	qac_ayah_ref	word_index	qac_word_ref	surface_ar	lemma_ar	root	pos	aspect	mood	voice	measure	morphology_summary
w-s024-a000-w001	24:0	1:1	1	1:1:1	بِسْمِ	ٱسْم	س م و	N					PREFIX|bi+ | STEM|POS:N|LEM:{som|ROOT:smw|M|GEN
w-s024-a000-w002	24:0	1:1	2	1:1:2	ٱللَّهِ	ٱللَّه	ء ل ه	PN					STEM|POS:PN|LEM:{ll~ah|ROOT:Alh|GEN
w-s024-a000-w003	24:0	1:1	3	1:1:3	ٱلرَّحْمَٰنِ	رَّحْمَٰن	ر ح م	ADJ					PREFIX|Al+ | STEM|POS:ADJ|LEM:r~aHoma`n|ROOT:rHm|MS|GEN
w-s024-a000-w004	24:0	1:1	4	1:1:4	ٱلرَّحِيمِ	رَّحِيم	ر ح م	ADJ					PREFIX|Al+ | STEM|POS:ADJ|LEM:r~aHiym|ROOT:rHm|MS|GEN
w-s024-a001-w001	24:1	24:1	1	24:1:1	سُورَةٌ	سُورَة	س و ر	N					STEM|POS:N|LEM:suwrap|ROOT:swr|F|INDEF|NOM
w-s024-a001-w002	24:1	24:1	2	24:1:2	أَنزَلْنَٰهَا	أَنزَلَ	ن ز ل	V	PERF			IV	STEM|POS:V|PERF|(IV)|LEM:>anzala|ROOT:nzl|1P | SUFFIX|PRON:1P | SUFFIX|PRON:3FS
w-s024-a001-w003	24:1	24:1	3	24:1:3	وَفَرَضْنَٰهَا	فَرَضَ	ف ر ض	V	PERF				PREFIX|w:CONJ+ | STEM|POS:V|PERF|LEM:faraDa|ROOT:frD|1P | SUFFIX|PRON:1P | SUFFIX|PRON:3FS
w-s024-a001-w004	24:1	24:1	4	24:1:4	وَأَنزَلْنَا	أَنزَلَ	ن ز ل	V	PERF			IV	PREFIX|w:CONJ+ | STEM|POS:V|PERF|(IV)|LEM:>anzala|ROOT:nzl|1P | SUFFIX|PRON:1P
w-s024-a001-w005	24:1	24:1	5	24:1:5	فِيهَآ	فِى		P					STEM|POS:P|LEM:fiY | SUFFIX|PRON:3FS
w-s024-a001-w006	24:1	24:1	6	24:1:6	ءَايَٰتٍۭ	ءَايَة	ء ي ي	N					STEM|POS:N|LEM:'aAyap|ROOT:Ayy|FP|INDEF|ACC
w-s024-a001-w007	24:1	24:1	7	24:1:7	بَيِّنَٰتٍ	بَيِّنَة	ب ي ن	ADJ					STEM|POS:ADJ|LEM:bay~inap|ROOT:byn|FP|INDEF|ACC
w-s024-a001-w008	24:1	24:1	8	24:1:8	لَّعَلَّكُمْ	لَعَلّ		ACC					STEM|POS:ACC|LEM:laEal~|SP:<in~ | SUFFIX|PRON:2MP
w-s024-a001-w009	24:1	24:1	9	24:1:9	تَذَكَّرُونَ	تَذَكَّرَ	ذ ك ر	V	IMPF			V	STEM|POS:V|IMPF|(V)|LEM:ta*ak~ara|ROOT:*kr|2MP | SUFFIX|PRON:2MP
w-s024-a002-w001	24:2	24:2	1	24:2:1	ٱلزَّانِيَةُ	زَانِيَة	ز ن ي	N			ACT		PREFIX|Al+ | STEM|POS:N|ACT|PCPL|LEM:zaAniyap|ROOT:zny|F|NOM
w-s024-a002-w002	24:2	24:2	2	24:2:2	وَٱلزَّانِى	زَان	ز ن ي	N			ACT		PREFIX|w:CONJ+ | PREFIX|Al+ | STEM|POS:N|ACT|PCPL|LEM:zaAn|ROOT:zny|M|NOM
w-s024-a002-w003	24:2	24:2	3	24:2:3	فَٱجْلِدُوا۟	ٱجْلِدُ	ج ل د	V	IMPV				PREFIX|f:REM+ | STEM|POS:V|IMPV|LEM:{jolidu|ROOT:jld|2MP | SUFFIX|PRON:2MP
w-s024-a002-w004	24:2	24:2	4	24:2:4	كُلَّ	كُلّ	ك ل ل	N					STEM|POS:N|LEM:kul~|ROOT:kll|M|ACC
w-s024-a002-w005	24:2	24:2	5	24:2:5	وَٰحِدٍ	وَٰحِد	و ح د	ADJ					STEM|POS:ADJ|LEM:wa`Hid|ROOT:wHd|MS|INDEF|GEN
w-s024-a002-w006	24:2	24:2	6	24:2:6	مِّنْهُمَا	مِن		P					STEM|POS:P|LEM:min | SUFFIX|PRON:3D
w-s024-a002-w007	24:2	24:2	7	24:2:7	مِا۟ئَةَ	مِائَة	م ء ي	N					STEM|POS:N|LEM:miA}ap|ROOT:mAy|F|ACC
w-s024-a002-w008	24:2	24:2	8	24:2:8	جَلْدَةٍ	جَلْدَة	ج ل د	N					STEM|POS:N|LEM:jalodap|ROOT:jld|F|INDEF|GEN
w-s024-a002-w009	24:2	24:2	9	24:2:9	وَلَا	لَا		PRO					PREFIX|w:CONJ+ | STEM|POS:PRO|LEM:laA
w-s024-a002-w010	24:2	24:2	10	24:2:10	تَأْخُذْكُم	أَخَذَ	ء خ ذ	V	IMPF	JUS			STEM|POS:V|IMPF|LEM:>axa*a|ROOT:Ax*|3FS|MOOD:JUS | SUFFIX|PRON:2MP
w-s024-a002-w011	24:2	24:2	11	24:2:11	بِهِمَا			PRON					PREFIX|bi+ | STEM|POS:PRON|3D
w-s024-a002-w012	24:2	24:2	12	24:2:12	رَأْفَةٌ	رَأْفَة	ر ء ف	N					STEM|POS:N|LEM:ra>ofap|ROOT:rAf|F|INDEF|NOM
w-s024-a002-w013	24:2	24:2	13	24:2:13	فِى	فِى		P					STEM|POS:P|LEM:fiY
w-s024-a002-w014	24:2	24:2	14	24:2:14	دِينِ	دِين	د ي ن	N					STEM|POS:N|LEM:diyn|ROOT:dyn|GEN
w-s024-a002-w015	24:2	24:2	15	24:2:15	ٱللَّهِ	ٱللَّه	ء ل ه	PN					STEM|POS:PN|LEM:{ll~ah|ROOT:Alh|GEN
w-s024-a002-w016	24:2	24:2	16	24:2:16	إِن	إِن		COND					STEM|POS:COND|LEM:<in
w-s024-a002-w017	24:2	24:2	17	24:2:17	كُنتُمْ	كَانَ	ك و ن	V	PERF				STEM|POS:V|PERF|LEM:kaAna|ROOT:kwn|SP:kaAn|2MP | SUFFIX|PRON:2MP
w-s024-a002-w018	24:2	24:2	18	24:2:18	تُؤْمِنُونَ	ءَامَنَ	ء م ن	V	IMPF			IV	STEM|POS:V|IMPF|(IV)|LEM:'aAmana|ROOT:Amn|2MP | SUFFIX|PRON:2MP
w-s024-a002-w019	24:2	24:2	19	24:2:19	بِٱللَّهِ	ٱللَّه	ء ل ه	PN					PREFIX|bi+ | STEM|POS:PN|LEM:{ll~ah|ROOT:Alh|GEN
w-s024-a002-w020	24:2	24:2	20	24:2:20	وَٱلْيَوْمِ	يَوْم	ي و م	N					PREFIX|w:CONJ+ | PREFIX|Al+ | STEM|POS:N|LEM:yawom|ROOT:ywm|M|GEN
w-s024-a002-w021	24:2	24:2	21	24:2:21	ٱلْءَاخِرِ	آخِر	ء خ ر	ADJ					PREFIX|Al+ | STEM|POS:ADJ|LEM:A^xir|ROOT:Axr|MS|GEN
w-s024-a002-w022	24:2	24:2	22	24:2:22	وَلْيَشْهَدْ	شَهِدَ	ش ه د	V	IMPF	JUS			PREFIX|w:CONJ+ | PREFIX|l:IMPV+ | STEM|POS:V|IMPF|LEM:$ahida|ROOT:$hd|3MS|MOOD:JUS
w-s024-a002-w023	24:2	24:2	23	24:2:23	عَذَابَهُمَا	عَذَاب	ع ذ ب	N					STEM|POS:N|LEM:Ea*aAb|ROOT:E*b|M|ACC | SUFFIX|PRON:3MD
w-s024-a002-w024	24:2	24:2	24	24:2:24	طَآئِفَةٌ	طَآئِفَة	ط و ف	ADJ					STEM|POS:ADJ|LEM:TaA^}ifap|ROOT:Twf|FS|INDEF|NOM
w-s024-a002-w025	24:2	24:2	25	24:2:25	مِّنَ	مِن		P					STEM|POS:P|LEM:min
w-s024-a002-w026	24:2	24:2	26	24:2:26	ٱلْمُؤْمِنِينَ	مُؤْمِن	ء م ن	N			ACT	IV	PREFIX|Al+ | STEM|POS:N|ACT|PCPL|(IV)|LEM:mu&omin|ROOT:Amn|MP|GEN
w-s024-a003-w001	24:3	24:3	1	24:3:1	ٱلزَّانِى	زَان	ز ن ي	N			ACT		PREFIX|Al+ | STEM|POS:N|ACT|PCPL|LEM:zaAn|ROOT:zny|M|NOM
w-s024-a003-w002	24:3	24:3	2	24:3:2	لَا	لَا		NEG					STEM|POS:NEG|LEM:laA
w-s024-a003-w003	24:3	24:3	3	24:3:3	يَنكِحُ	نَكَحَ	ن ك ح	V	IMPF				STEM|POS:V|IMPF|LEM:nakaHa|ROOT:nkH|3MS
w-s024-a003-w004	24:3	24:3	4	24:3:4	إِلَّا	إِلَّا		RES					STEM|POS:RES|LEM:<il~aA
w-s024-a003-w005	24:3	24:3	5	24:3:5	زَانِيَةً	زَانِيَة	ز ن ي	N			ACT		STEM|POS:N|ACT|PCPL|LEM:zaAniyap|ROOT:zny|F|INDEF|ACC
w-s024-a003-w006	24:3	24:3	6	24:3:6	أَوْ	أَو		CONJ					STEM|POS:CONJ|LEM:>aw
w-s024-a003-w007	24:3	24:3	7	24:3:7	مُشْرِكَةً	مُشْرِكَة	ش ر ك	N			ACT	IV	STEM|POS:N|ACT|PCPL|(IV)|LEM:mu$orikap|ROOT:$rk|F|INDEF|ACC
w-s024-a003-w008	24:3	24:3	8	24:3:8	وَٱلزَّانِيَةُ	زَانِيَة	ز ن ي	N			ACT		PREFIX|w:CONJ+ | PREFIX|Al+ | STEM|POS:N|ACT|PCPL|LEM:zaAniyap|ROOT:zny|F|NOM
w-s024-a003-w009	24:3	24:3	9	24:3:9	لَا	لَا		NEG					STEM|POS:NEG|LEM:laA
w-s024-a003-w010	24:3	24:3	10	24:3:10	يَنكِحُهَآ	نَكَحَ	ن ك ح	V	IMPF				STEM|POS:V|IMPF|LEM:nakaHa|ROOT:nkH|3MS | SUFFIX|PRON:3FS
w-s024-a003-w011	24:3	24:3	11	24:3:11	إِلَّا	إِلَّا		RES					STEM|POS:RES|LEM:<il~aA
w-s024-a003-w012	24:3	24:3	12	24:3:12	زَانٍ	زَان	ز ن ي	N			ACT		STEM|POS:N|ACT|PCPL|LEM:zaAn|ROOT:zny|M|INDEF|NOM
w-s024-a003-w013	24:3	24:3	13	24:3:13	أَوْ	أَو		CONJ					STEM|POS:CONJ|LEM:>aw
w-s024-a003-w014	24:3	24:3	14	24:3:14	مُشْرِكٌ	مُشْرِك	ش ر ك	N			ACT	IV	STEM|POS:N|ACT|PCPL|(IV)|LEM:mu$orik|ROOT:$rk|M|INDEF|NOM
w-s024-a003-w015	24:3	24:3	15	24:3:15	وَحُرِّمَ	حَرَّمَ	ح ر م	V	PERF		PASS	II	PREFIX|w:CONJ+ | STEM|POS:V|PERF|PASS|(II)|LEM:Har~ama|ROOT:Hrm|3MS
w-s024-a003-w016	24:3	24:3	16	24:3:16	ذَٰلِكَ	ذَٰلِك		DEM					STEM|POS:DEM|LEM:*a`lik|MS
w-s024-a003-w017	24:3	24:3	17	24:3:17	عَلَى	عَلَىٰ		P					STEM|POS:P|LEM:EalaY`
w-s024-a003-w018	24:3	24:3	18	24:3:18	ٱلْمُؤْمِنِينَ	مُؤْمِن	ء م ن	N			ACT	IV	PREFIX|Al+ | STEM|POS:N|ACT|PCPL|(IV)|LEM:mu&omin|ROOT:Amn|MP|GEN
w-s024-a004-w001	24:4	24:4	1	24:4:1	وَٱلَّذِينَ	ٱلَّذِى		REL					PREFIX|w:CONJ+ | STEM|POS:REL|LEM:{l~a*iY|MP
w-s024-a004-w002	24:4	24:4	2	24:4:2	يَرْمُونَ	رَمَىٰ	ر م ي	V	IMPF				STEM|POS:V|IMPF|LEM:ramaY`|ROOT:rmy|3MP | SUFFIX|PRON:3MP
w-s024-a004-w003	24:4	24:4	3	24:4:3	ٱلْمُحْصَنَٰتِ	مُحْصَنَٰت	ح ص ن	N			PASS	IV	PREFIX|Al+ | STEM|POS:N|PASS|PCPL|(IV)|LEM:muHoSana`t|ROOT:HSn|FP|ACC
w-s024-a004-w004	24:4	24:4	4	24:4:4	ثُمَّ	ثُمّ		CONJ					STEM|POS:CONJ|LEM:vum~
w-s024-a004-w005	24:4	24:4	5	24:4:5	لَمْ	لَم		NEG					STEM|POS:NEG|LEM:lam
w-s024-a004-w006	24:4	24:4	6	24:4:6	يَأْتُوا۟	أَتَى	ء ت ي	V	IMPF	JUS			STEM|POS:V|IMPF|LEM:>ataY|ROOT:Aty|3MP|MOOD:JUS | SUFFIX|PRON:3MP
w-s024-a004-w007	24:4	24:4	7	24:4:7	بِأَرْبَعَةِ	أَرْبَعَة	ر ب ع	N					PREFIX|bi+ | STEM|POS:N|LEM:>arobaEap|ROOT:rbE|F|GEN
w-s024-a004-w008	24:4	24:4	8	24:4:8	شُهَدَآءَ	شَهِيد	ش ه د	N					STEM|POS:N|LEM:$ahiyd|ROOT:$hd|MP|GEN
w-s024-a004-w009	24:4	24:4	9	24:4:9	فَٱجْلِدُوهُمْ	ٱجْلِدُ	ج ل د	V	IMPV				PREFIX|f:REM+ | STEM|POS:V|IMPV|LEM:{jolidu|ROOT:jld|2MP | SUFFIX|PRON:2MP | SUFFIX|PRON:3MP
w-s024-a004-w010	24:4	24:4	10	24:4:10	ثَمَٰنِينَ	ثَمَٰنِين	ث م ن	N					STEM|POS:N|LEM:vama`niyn|ROOT:vmn|MP|ACC
w-s024-a004-w011	24:4	24:4	11	24:4:11	جَلْدَةً	جَلْدَة	ج ل د	N					STEM|POS:N|LEM:jalodap|ROOT:jld|F|INDEF|ACC
w-s024-a004-w012	24:4	24:4	12	24:4:12	وَلَا	لَا		PRO					PREFIX|w:CONJ+ | STEM|POS:PRO|LEM:laA
w-s024-a004-w013	24:4	24:4	13	24:4:13	تَقْبَلُوا۟	يَقْبَلُ	ق ب ل	V	IMPF	JUS			STEM|POS:V|IMPF|LEM:yaqobalu|ROOT:qbl|2MP|MOOD:JUS | SUFFIX|PRON:2MP
w-s024-a004-w014	24:4	24:4	14	24:4:14	لَهُمْ			PRON					PREFIX|l:P+ | STEM|POS:PRON|3MP
w-s024-a004-w015	24:4	24:4	15	24:4:15	شَهَٰدَةً	شَهَٰدَة	ش ه د	N					STEM|POS:N|LEM:$aha`dap|ROOT:$hd|F|INDEF|ACC
w-s024-a004-w016	24:4	24:4	16	24:4:16	أَبَدًا	أَبَدًا	ء ب د	T					STEM|POS:T|LEM:>abadFA|ROOT:Abd|M|INDEF|ACC
w-s024-a004-w017	24:4	24:4	17	24:4:17	وَأُو۟لَٰٓئِكَ	أُولَٰٓئِك		DEM					PREFIX|w:CONJ+ | STEM|POS:DEM|LEM:>uwla`^}ik|P
w-s024-a004-w018	24:4	24:4	18	24:4:18	هُمُ			PRON					STEM|POS:PRON|3MP
w-s024-a004-w019	24:4	24:4	19	24:4:19	ٱلْفَٰسِقُونَ	فَاسِق	ف س ق	N			ACT		PREFIX|Al+ | STEM|POS:N|ACT|PCPL|LEM:faAsiq|ROOT:fsq|MP|NOM
w-s024-a005-w001	24:5	24:5	1	24:5:1	إِلَّا	إِلَّا		RES					STEM|POS:RES|LEM:<il~aA
w-s024-a005-w002	24:5	24:5	2	24:5:2	ٱلَّذِينَ	ٱلَّذِى		REL					STEM|POS:REL|LEM:{l~a*iY|MP
w-s024-a005-w003	24:5	24:5	3	24:5:3	تَابُوا۟	تَابَ	ت و ب	V	PERF				STEM|POS:V|PERF|LEM:taAba|ROOT:twb|3MP | SUFFIX|PRON:3MP
w-s024-a005-w004	24:5	24:5	4	24:5:4	مِنۢ	مِن		P					STEM|POS:P|LEM:min
w-s024-a005-w005	24:5	24:5	5	24:5:5	بَعْدِ	بَعْد	ب ع د	N					STEM|POS:N|LEM:baEod|ROOT:bEd|GEN
w-s024-a005-w006	24:5	24:5	6	24:5:6	ذَٰلِكَ	ذَٰلِك		DEM					STEM|POS:DEM|LEM:*a`lik|MS
w-s024-a005-w007	24:5	24:5	7	24:5:7	وَأَصْلَحُوا۟	أَصْلَحَ	ص ل ح	V	PERF			IV	PREFIX|w:CONJ+ | STEM|POS:V|PERF|(IV)|LEM:>aSolaHa|ROOT:SlH|3MP | SUFFIX|PRON:3MP
w-s024-a005-w008	24:5	24:5	8	24:5:8	فَإِنَّ	إِنّ		ACC					PREFIX|f:REM+ | STEM|POS:ACC|LEM:<in~|SP:<in~
w-s024-a005-w009	24:5	24:5	9	24:5:9	ٱللَّهَ	ٱللَّه	ء ل ه	PN					STEM|POS:PN|LEM:{ll~ah|ROOT:Alh|ACC
w-s024-a005-w010	24:5	24:5	10	24:5:10	غَفُورٌ	غَفُور	غ ف ر	N					STEM|POS:N|LEM:gafuwr|ROOT:gfr|MS|INDEF|NOM
w-s024-a005-w011	24:5	24:5	11	24:5:11	رَّحِيمٌ	رَّحِيم	ر ح م	ADJ					STEM|POS:ADJ|LEM:r~aHiym|ROOT:rHm|MS|INDEF|NOM
w-s024-a006-w001	24:6	24:6	1	24:6:1	وَٱلَّذِينَ	ٱلَّذِى		REL					PREFIX|w:CONJ+ | STEM|POS:REL|LEM:{l~a*iY|MP
w-s024-a006-w002	24:6	24:6	2	24:6:2	يَرْمُونَ	رَمَىٰ	ر م ي	V	IMPF				STEM|POS:V|IMPF|LEM:ramaY`|ROOT:rmy|3MP | SUFFIX|PRON:3MP
w-s024-a006-w003	24:6	24:6	3	24:6:3	أَزْوَٰجَهُمْ	زَوْج	ز و ج	N					STEM|POS:N|LEM:zawoj|ROOT:zwj|MP|ACC | SUFFIX|PRON:3MP
w-s024-a006-w004	24:6	24:6	4	24:6:4	وَلَمْ	لَم		NEG					PREFIX|w:CIRC+ | STEM|POS:NEG|LEM:lam
w-s024-a006-w005	24:6	24:6	5	24:6:5	يَكُن	كَانَ	ك و ن	V	IMPF	JUS			STEM|POS:V|IMPF|LEM:kaAna|ROOT:kwn|SP:kaAn|3MS|MOOD:JUS
w-s024-a006-w006	24:6	24:6	6	24:6:6	لَّهُمْ			PRON					PREFIX|l:P+ | STEM|POS:PRON|3MP
w-s024-a006-w007	24:6	24:6	7	24:6:7	شُهَدَآءُ	شَهِيد	ش ه د	N					STEM|POS:N|LEM:$ahiyd|ROOT:$hd|MP|NOM
w-s024-a006-w008	24:6	24:6	8	24:6:8	إِلَّآ	إِلَّا		RES					STEM|POS:RES|LEM:<il~aA
w-s024-a006-w009	24:6	24:6	9	24:6:9	أَنفُسُهُمْ	نَفْس	ن ف س	N					STEM|POS:N|LEM:nafos|ROOT:nfs|FP|NOM | SUFFIX|PRON:3MP
w-s024-a006-w010	24:6	24:6	10	24:6:10	فَشَهَٰدَةُ	شَهَٰدَة	ش ه د	N					PREFIX|f:REM+ | STEM|POS:N|LEM:$aha`dap|ROOT:$hd|F|NOM
w-s024-a006-w011	24:6	24:6	11	24:6:11	أَحَدِهِمْ	أَحَد	ء ح د	N					STEM|POS:N|LEM:>aHad|ROOT:AHd|M|GEN | SUFFIX|PRON:3MP
w-s024-a006-w012	24:6	24:6	12	24:6:12	أَرْبَعُ	أَرْبَع	ر ب ع	N					STEM|POS:N|LEM:>arobaE|ROOT:rbE|M|NOM
w-s024-a006-w013	24:6	24:6	13	24:6:13	شَهَٰدَٰتٍۭ	شَهَٰدَٰت	ش ه د	N					STEM|POS:N|LEM:$aha`da`t|ROOT:$hd|FP|INDEF|GEN
w-s024-a006-w014	24:6	24:6	14	24:6:14	بِٱللَّهِ	ٱللَّه	ء ل ه	PN					PREFIX|bi+ | STEM|POS:PN|LEM:{ll~ah|ROOT:Alh|GEN
w-s024-a006-w015	24:6	24:6	15	24:6:15	إِنَّهُۥ	إِنّ		ACC					STEM|POS:ACC|LEM:<in~|SP:<in~ | SUFFIX|PRON:3MS
w-s024-a006-w016	24:6	24:6	16	24:6:16	لَمِنَ	مِن		P					PREFIX|l:EMPH+ | STEM|POS:P|LEM:min
w-s024-a006-w017	24:6	24:6	17	24:6:17	ٱلصَّٰدِقِينَ	صَادِق	ص د ق	N			ACT		PREFIX|Al+ | STEM|POS:N|ACT|PCPL|LEM:SaAdiq|ROOT:Sdq|MP|GEN
w-s024-a007-w001	24:7	24:7	1	24:7:1	وَٱلْخَٰمِسَةُ	خَٰمِسَة	خ م س	N					PREFIX|w:CONJ+ | PREFIX|Al+ | STEM|POS:N|LEM:xa`misap|ROOT:xms|F|NOM
w-s024-a007-w002	24:7	24:7	2	24:7:2	أَنَّ	أَنّ		ACC					STEM|POS:ACC|LEM:>an~|SP:<in~
w-s024-a007-w003	24:7	24:7	3	24:7:3	لَعْنَتَ	لَعْنَة	ل ع ن	N					STEM|POS:N|LEM:laEonap|ROOT:lEn|F|ACC
w-s024-a007-w004	24:7	24:7	4	24:7:4	ٱللَّهِ	ٱللَّه	ء ل ه	PN					STEM|POS:PN|LEM:{ll~ah|ROOT:Alh|GEN
w-s024-a007-w005	24:7	24:7	5	24:7:5	عَلَيْهِ	عَلَىٰ		P					STEM|POS:P|LEM:EalaY` | SUFFIX|PRON:3MS
w-s024-a007-w006	24:7	24:7	6	24:7:6	إِن	إِن		COND					STEM|POS:COND|LEM:<in
w-s024-a007-w007	24:7	24:7	7	24:7:7	كَانَ	كَانَ	ك و ن	V	PERF				STEM|POS:V|PERF|LEM:kaAna|ROOT:kwn|SP:kaAn|3MS
w-s024-a007-w008	24:7	24:7	8	24:7:8	مِنَ	مِن		P					STEM|POS:P|LEM:min
w-s024-a007-w009	24:7	24:7	9	24:7:9	ٱلْكَٰذِبِينَ	كَٰذِب	ك ذ ب	N			ACT		PREFIX|Al+ | STEM|POS:N|ACT|PCPL|LEM:ka`*ib|ROOT:k*b|MP|GEN
w-s024-a008-w001	24:8	24:8	1	24:8:1	وَيَدْرَؤُا۟	يَدْرَؤُا۟	د ر ء	V	IMPF				PREFIX|w:CONJ+ | STEM|POS:V|IMPF|LEM:yadora&uA@|ROOT:drA|3MS
w-s024-a008-w002	24:8	24:8	2	24:8:2	عَنْهَا	عَن		P					STEM|POS:P|LEM:Ean | SUFFIX|PRON:3FS
w-s024-a008-w003	24:8	24:8	3	24:8:3	ٱلْعَذَابَ	عَذَاب	ع ذ ب	N					PREFIX|Al+ | STEM|POS:N|LEM:Ea*aAb|ROOT:E*b|M|ACC
w-s024-a008-w004	24:8	24:8	4	24:8:4	أَن	أَن		SUB					STEM|POS:SUB|LEM:>an
w-s024-a008-w005	24:8	24:8	5	24:8:5	تَشْهَدَ	شَهِدَ	ش ه د	V	IMPF	SUBJ			STEM|POS:V|IMPF|LEM:$ahida|ROOT:$hd|3FS|MOOD:SUBJ
w-s024-a008-w006	24:8	24:8	6	24:8:6	أَرْبَعَ	أَرْبَع	ر ب ع	N					STEM|POS:N|LEM:>arobaE|ROOT:rbE|M|ACC
w-s024-a008-w007	24:8	24:8	7	24:8:7	شَهَٰدَٰتٍۭ	شَهَٰدَٰت	ش ه د	N					STEM|POS:N|LEM:$aha`da`t|ROOT:$hd|FP|INDEF|GEN
w-s024-a008-w008	24:8	24:8	8	24:8:8	بِٱللَّهِ	ٱللَّه	ء ل ه	PN					PREFIX|bi+ | STEM|POS:PN|LEM:{ll~ah|ROOT:Alh|GEN
w-s024-a008-w009	24:8	24:8	9	24:8:9	إِنَّهُۥ	إِنّ		ACC					STEM|POS:ACC|LEM:<in~|SP:<in~ | SUFFIX|PRON:3MS
w-s024-a008-w010	24:8	24:8	10	24:8:10	لَمِنَ	مِن		P					PREFIX|l:EMPH+ | STEM|POS:P|LEM:min
w-s024-a008-w011	24:8	24:8	11	24:8:11	ٱلْكَٰذِبِينَ	كَٰذِب	ك ذ ب	N			ACT		PREFIX|Al+ | STEM|POS:N|ACT|PCPL|LEM:ka`*ib|ROOT:k*b|MP|GEN
w-s024-a009-w001	24:9	24:9	1	24:9:1	وَٱلْخَٰمِسَةَ	خَٰمِسَة	خ م س	N					PREFIX|w:CONJ+ | PREFIX|Al+ | STEM|POS:N|LEM:xa`misap|ROOT:xms|F|ACC
w-s024-a009-w002	24:9	24:9	2	24:9:2	أَنَّ	أَنّ		ACC					STEM|POS:ACC|LEM:>an~|SP:<in~
w-s024-a009-w003	24:9	24:9	3	24:9:3	غَضَبَ	غَضَب	غ ض ب	N					STEM|POS:N|LEM:gaDab|ROOT:gDb|M|ACC
w-s024-a009-w004	24:9	24:9	4	24:9:4	ٱللَّهِ	ٱللَّه	ء ل ه	PN					STEM|POS:PN|LEM:{ll~ah|ROOT:Alh|GEN
w-s024-a009-w005	24:9	24:9	5	24:9:5	عَلَيْهَآ	عَلَىٰ		P					STEM|POS:P|LEM:EalaY` | SUFFIX|PRON:3FS
w-s024-a009-w006	24:9	24:9	6	24:9:6	إِن	إِن		COND					STEM|POS:COND|LEM:<in
w-s024-a009-w007	24:9	24:9	7	24:9:7	كَانَ	كَانَ	ك و ن	V	PERF				STEM|POS:V|PERF|LEM:kaAna|ROOT:kwn|SP:kaAn|3MS
w-s024-a009-w008	24:9	24:9	8	24:9:8	مِنَ	مِن		P					STEM|POS:P|LEM:min
w-s024-a009-w009	24:9	24:9	9	24:9:9	ٱلصَّٰدِقِينَ	صَادِق	ص د ق	N			ACT		PREFIX|Al+ | STEM|POS:N|ACT|PCPL|LEM:SaAdiq|ROOT:Sdq|MP|GEN
w-s024-a010-w001	24:10	24:10	1	24:10:1	وَلَوْلَا	لَوْلَآ		COND					PREFIX|w:CONJ+ | STEM|POS:COND|LEM:lawolaA^
w-s024-a010-w002	24:10	24:10	2	24:10:2	فَضْلُ	فَضْل	ف ض ل	N					STEM|POS:N|LEM:faDol|ROOT:fDl|M|NOM
w-s024-a010-w003	24:10	24:10	3	24:10:3	ٱللَّهِ	ٱللَّه	ء ل ه	PN					STEM|POS:PN|LEM:{ll~ah|ROOT:Alh|GEN
w-s024-a010-w004	24:10	24:10	4	24:10:4	عَلَيْكُمْ	عَلَىٰ		P					STEM|POS:P|LEM:EalaY` | SUFFIX|PRON:2MP
w-s024-a010-w005	24:10	24:10	5	24:10:5	وَرَحْمَتُهُۥ	رَحْمَة	ر ح م	N					PREFIX|w:CONJ+ | STEM|POS:N|LEM:raHomap|ROOT:rHm|F|NOM | SUFFIX|PRON:3MS
w-s024-a010-w006	24:10	24:10	6	24:10:6	وَأَنَّ	أَنّ		ACC					PREFIX|w:CONJ+ | STEM|POS:ACC|LEM:>an~|SP:<in~
w-s024-a010-w007	24:10	24:10	7	24:10:7	ٱللَّهَ	ٱللَّه	ء ل ه	PN					STEM|POS:PN|LEM:{ll~ah|ROOT:Alh|ACC
w-s024-a010-w008	24:10	24:10	8	24:10:8	تَوَّابٌ	تَوَّاب	ت و ب	N			ACT		STEM|POS:N|ACT|PCPL|LEM:taw~aAb|ROOT:twb|MS|INDEF|NOM
w-s024-a010-w009	24:10	24:10	9	24:10:9	حَكِيمٌ	حَكِيم	ح ك م	ADJ					STEM|POS:ADJ|LEM:Hakiym|ROOT:Hkm|MS|INDEF|NOM
w-s024-a011-w001	24:11	24:11	1	24:11:1	إِنَّ	إِنّ		ACC					STEM|POS:ACC|LEM:<in~|SP:<in~
w-s024-a011-w002	24:11	24:11	2	24:11:2	ٱلَّذِينَ	ٱلَّذِى		REL					STEM|POS:REL|LEM:{l~a*iY|MP
w-s024-a011-w003	24:11	24:11	3	24:11:3	جَآءُو	جَآءَ	ج ي ء	V	PERF				STEM|POS:V|PERF|LEM:jaA^'a|ROOT:jyA|3MP | SUFFIX|PRON:3MP
w-s024-a011-w004	24:11	24:11	4	24:11:4	بِٱلْإِفْكِ	إِفْك	ء ف ك	N					PREFIX|bi+ | PREFIX|Al+ | STEM|POS:N|LEM:<ifok|ROOT:Afk|M|GEN
w-s024-a011-w005	24:11	24:11	5	24:11:5	عُصْبَةٌ	عُصْبَة	ع ص ب	N					STEM|POS:N|LEM:EuSobap|ROOT:ESb|F|INDEF|NOM
w-s024-a011-w006	24:11	24:11	6	24:11:6	مِّنكُمْ	مِن		P					STEM|POS:P|LEM:min | SUFFIX|PRON:2MP
w-s024-a011-w007	24:11	24:11	7	24:11:7	لَا	لَا		PRO					STEM|POS:PRO|LEM:laA
w-s024-a011-w008	24:11	24:11	8	24:11:8	تَحْسَبُوهُ	حَسِبَ	ح س ب	V	IMPF	JUS			STEM|POS:V|IMPF|LEM:Hasiba|ROOT:Hsb|2MP|MOOD:JUS | SUFFIX|PRON:2MP | SUFFIX|PRON:3MS
w-s024-a011-w009	24:11	24:11	9	24:11:9	شَرًّا	شَرّ	ش ر ر	N					STEM|POS:N|LEM:$ar~|ROOT:$rr|MS|INDEF|ACC
w-s024-a011-w010	24:11	24:11	10	24:11:10	لَّكُم			PRON					PREFIX|l:P+ | STEM|POS:PRON|2MP
w-s024-a011-w011	24:11	24:11	11	24:11:11	بَلْ	بَل		RET					STEM|POS:RET|LEM:bal
w-s024-a011-w012	24:11	24:11	12	24:11:12	هُوَ			PRON					STEM|POS:PRON|3MS
w-s024-a011-w013	24:11	24:11	13	24:11:13	خَيْرٌ	خَيْر	خ ي ر	N					STEM|POS:N|LEM:xayor|ROOT:xyr|MS|INDEF|NOM
w-s024-a011-w014	24:11	24:11	14	24:11:14	لَّكُمْ			PRON					PREFIX|l:P+ | STEM|POS:PRON|2MP
w-s024-a011-w015	24:11	24:11	15	24:11:15	لِكُلِّ	كُلّ	ك ل ل	N					PREFIX|l:P+ | STEM|POS:N|LEM:kul~|ROOT:kll|M|GEN
w-s024-a011-w016	24:11	24:11	16	24:11:16	ٱمْرِئٍ	ٱمْرِئ	م ر ء	N					STEM|POS:N|LEM:{mori}|ROOT:mrA|M|INDEF|GEN
w-s024-a011-w017	24:11	24:11	17	24:11:17	مِّنْهُم	مِن		P					STEM|POS:P|LEM:min | SUFFIX|PRON:3MP
w-s024-a011-w018	24:11	24:11	18	24:11:18	مَّا	مَا		REL					STEM|POS:REL|LEM:maA
w-s024-a011-w019	24:11	24:11	19	24:11:19	ٱكْتَسَبَ	ٱكْتَسَبَ	ك س ب	V	PERF			VIII	STEM|POS:V|PERF|(VIII)|LEM:{kotasaba|ROOT:ksb|3MS
w-s024-a011-w020	24:11	24:11	20	24:11:20	مِنَ	مِن		P					STEM|POS:P|LEM:min
w-s024-a011-w021	24:11	24:11	21	24:11:21	ٱلْإِثْمِ	إِثْم	ء ث م	N					PREFIX|Al+ | STEM|POS:N|LEM:<ivom|ROOT:Avm|M|GEN
w-s024-a011-w022	24:11	24:11	22	24:11:22	وَٱلَّذِى	ٱلَّذِى		REL					PREFIX|w:CONJ+ | STEM|POS:REL|LEM:{l~a*iY|MS
w-s024-a011-w023	24:11	24:11	23	24:11:23	تَوَلَّىٰ	تَوَلَّىٰ	و ل ي	V	PERF			V	STEM|POS:V|PERF|(V)|LEM:tawal~aY`|ROOT:wly|3MS
w-s024-a011-w024	24:11	24:11	24	24:11:24	كِبْرَهُۥ	كِبْر	ك ب ر	N					STEM|POS:N|LEM:kibor|ROOT:kbr|M|ACC | SUFFIX|PRON:3MS
w-s024-a011-w025	24:11	24:11	25	24:11:25	مِنْهُمْ	مِن		P					STEM|POS:P|LEM:min | SUFFIX|PRON:3MP
w-s024-a011-w026	24:11	24:11	26	24:11:26	لَهُۥ			PRON					PREFIX|l:P+ | STEM|POS:PRON|3MS
w-s024-a011-w027	24:11	24:11	27	24:11:27	عَذَابٌ	عَذَاب	ع ذ ب	N					STEM|POS:N|LEM:Ea*aAb|ROOT:E*b|M|INDEF|NOM
w-s024-a011-w028	24:11	24:11	28	24:11:28	عَظِيمٌ	عَظِيم	ع ظ م	ADJ					STEM|POS:ADJ|LEM:EaZiym|ROOT:EZm|MS|INDEF|NOM
w-s024-a012-w001	24:12	24:12	1	24:12:1	لَّوْلَآ	لَوْلَآ		EXH					STEM|POS:EXH|LEM:lawolaA^
w-s024-a012-w002	24:12	24:12	2	24:12:2	إِذْ	إِذ		T					STEM|POS:T|LEM:<i*
w-s024-a012-w003	24:12	24:12	3	24:12:3	سَمِعْتُمُوهُ	سَمِعَ	س م ع	V	PERF				STEM|POS:V|PERF|LEM:samiEa|ROOT:smE|2MP | SUFFIX|PRON:2MP | SUFFIX|PRON:3MS
w-s024-a012-w004	24:12	24:12	4	24:12:4	ظَنَّ	ظَنَّ	ظ ن ن	V	PERF				STEM|POS:V|PERF|LEM:Zan~a|ROOT:Znn|3MS
w-s024-a012-w005	24:12	24:12	5	24:12:5	ٱلْمُؤْمِنُونَ	مُؤْمِن	ء م ن	N			ACT	IV	PREFIX|Al+ | STEM|POS:N|ACT|PCPL|(IV)|LEM:mu&omin|ROOT:Amn|MP|NOM
w-s024-a012-w006	24:12	24:12	6	24:12:6	وَٱلْمُؤْمِنَٰتُ	مُّؤْمِنَٰت	ء م ن	N			ACT	IV	PREFIX|w:CONJ+ | PREFIX|Al+ | STEM|POS:N|ACT|PCPL|(IV)|LEM:m~u&omina`t|ROOT:Amn|FP|NOM
w-s024-a012-w007	24:12	24:12	7	24:12:7	بِأَنفُسِهِمْ	نَفْس	ن ف س	N					PREFIX|bi+ | STEM|POS:N|LEM:nafos|ROOT:nfs|FP|GEN | SUFFIX|PRON:3MP
w-s024-a012-w008	24:12	24:12	8	24:12:8	خَيْرًا	خَيْر	خ ي ر	ADJ					STEM|POS:ADJ|LEM:xayor|ROOT:xyr|MS|INDEF|ACC
w-s024-a012-w009	24:12	24:12	9	24:12:9	وَقَالُوا۟	قَالَ	ق و ل	V	PERF				PREFIX|w:CONJ+ | STEM|POS:V|PERF|LEM:qaAla|ROOT:qwl|3MP | SUFFIX|PRON:3MP
w-s024-a012-w010	24:12	24:12	10	24:12:10	هَٰذَآ	هَٰذَا		DEM					STEM|POS:DEM|LEM:ha`*aA|MS
w-s024-a012-w011	24:12	24:12	11	24:12:11	إِفْكٌ	إِفْك	ء ف ك	N					STEM|POS:N|LEM:<ifok|ROOT:Afk|M|INDEF|NOM
w-s024-a012-w012	24:12	24:12	12	24:12:12	مُّبِينٌ	مُّبِين	ب ي ن	ADJ			ACT	IV	STEM|POS:ADJ|ACT|PCPL|(IV)|LEM:m~ubiyn|ROOT:byn|M|INDEF|NOM
w-s024-a013-w001	24:13	24:13	1	24:13:1	لَّوْلَا	لَوْلَآ		EXH					STEM|POS:EXH|LEM:lawolaA^
w-s024-a013-w002	24:13	24:13	2	24:13:2	جَآءُو	جَآءَ	ج ي ء	V	PERF				STEM|POS:V|PERF|LEM:jaA^'a|ROOT:jyA|3MP | SUFFIX|PRON:3MP
w-s024-a013-w003	24:13	24:13	3	24:13:3	عَلَيْهِ	عَلَىٰ		P					STEM|POS:P|LEM:EalaY` | SUFFIX|PRON:3MS
w-s024-a013-w004	24:13	24:13	4	24:13:4	بِأَرْبَعَةِ	أَرْبَعَة	ر ب ع	N					PREFIX|bi+ | STEM|POS:N|LEM:>arobaEap|ROOT:rbE|F|GEN
w-s024-a013-w005	24:13	24:13	5	24:13:5	شُهَدَآءَ	شَهِيد	ش ه د	ADJ					STEM|POS:ADJ|LEM:$ahiyd|ROOT:$hd|MP|ACC
w-s024-a013-w006	24:13	24:13	6	24:13:6	فَإِذْ	إِذ		T					PREFIX|f:REM+ | STEM|POS:T|LEM:<i*
w-s024-a013-w007	24:13	24:13	7	24:13:7	لَمْ	لَم		NEG					STEM|POS:NEG|LEM:lam
w-s024-a013-w008	24:13	24:13	8	24:13:8	يَأْتُوا۟	أَتَى	ء ت ي	V	IMPF	JUS			STEM|POS:V|IMPF|LEM:>ataY|ROOT:Aty|3MP|MOOD:JUS | SUFFIX|PRON:3MP
w-s024-a013-w009	24:13	24:13	9	24:13:9	بِٱلشُّهَدَآءِ	شَهِيد	ش ه د	N					PREFIX|bi+ | PREFIX|Al+ | STEM|POS:N|LEM:$ahiyd|ROOT:$hd|MP|GEN
w-s024-a013-w010	24:13	24:13	10	24:13:10	فَأُو۟لَٰٓئِكَ	أُولَٰٓئِك		DEM					PREFIX|f:REM+ | STEM|POS:DEM|LEM:>uwla`^}ik|P
w-s024-a013-w011	24:13	24:13	11	24:13:11	عِندَ	عِند	ع ن د	LOC					STEM|POS:LOC|LEM:Eind|ROOT:End|ACC
w-s024-a013-w012	24:13	24:13	12	24:13:12	ٱللَّهِ	ٱللَّه	ء ل ه	PN					STEM|POS:PN|LEM:{ll~ah|ROOT:Alh|GEN
w-s024-a013-w013	24:13	24:13	13	24:13:13	هُمُ			PRON					STEM|POS:PRON|3MP
w-s024-a013-w014	24:13	24:13	14	24:13:14	ٱلْكَٰذِبُونَ	كَٰذِب	ك ذ ب	N			ACT		PREFIX|Al+ | STEM|POS:N|ACT|PCPL|LEM:ka`*ib|ROOT:k*b|MP|NOM
w-s024-a014-w001	24:14	24:14	1	24:14:1	وَلَوْلَا	لَوْلَآ		COND					PREFIX|w:CONJ+ | STEM|POS:COND|LEM:lawolaA^
w-s024-a014-w002	24:14	24:14	2	24:14:2	فَضْلُ	فَضْل	ف ض ل	N					STEM|POS:N|LEM:faDol|ROOT:fDl|M|NOM
w-s024-a014-w003	24:14	24:14	3	24:14:3	ٱللَّهِ	ٱللَّه	ء ل ه	PN					STEM|POS:PN|LEM:{ll~ah|ROOT:Alh|GEN
w-s024-a014-w004	24:14	24:14	4	24:14:4	عَلَيْكُمْ	عَلَىٰ		P					STEM|POS:P|LEM:EalaY` | SUFFIX|PRON:2MP
w-s024-a014-w005	24:14	24:14	5	24:14:5	وَرَحْمَتُهُۥ	رَحْمَة	ر ح م	N					PREFIX|w:CONJ+ | STEM|POS:N|LEM:raHomap|ROOT:rHm|F|NOM | SUFFIX|PRON:3MS
w-s024-a014-w006	24:14	24:14	6	24:14:6	فِى	فِى		P					STEM|POS:P|LEM:fiY
w-s024-a014-w007	24:14	24:14	7	24:14:7	ٱلدُّنْيَا	دُّنْيَا	د ن و	N					PREFIX|Al+ | STEM|POS:N|LEM:d~unoyaA|ROOT:dnw|FS|GEN
w-s024-a014-w008	24:14	24:14	8	24:14:8	وَٱلْءَاخِرَةِ	آخِر	ء خ ر	N					PREFIX|w:CONJ+ | PREFIX|Al+ | STEM|POS:N|LEM:A^xir|ROOT:Axr|FS|GEN
w-s024-a014-w009	24:14	24:14	9	24:14:9	لَمَسَّكُمْ	مَسَّ	م س س	V	PERF				PREFIX|l:EMPH+ | STEM|POS:V|PERF|LEM:mas~a|ROOT:mss|3MS | SUFFIX|PRON:2MP
w-s024-a014-w010	24:14	24:14	10	24:14:10	فِى	فِى		P					STEM|POS:P|LEM:fiY
w-s024-a014-w011	24:14	24:14	11	24:14:11	مَآ	مَا		REL					STEM|POS:REL|LEM:maA
w-s024-a014-w012	24:14	24:14	12	24:14:12	أَفَضْتُمْ	أَفَاضَ	ف ي ض	V	PERF			IV	STEM|POS:V|PERF|(IV)|LEM:>afaADa|ROOT:fyD|2MP | SUFFIX|PRON:2MP
w-s024-a014-w013	24:14	24:14	13	24:14:13	فِيهِ	فِى		P					STEM|POS:P|LEM:fiY | SUFFIX|PRON:3MS
w-s024-a014-w014	24:14	24:14	14	24:14:14	عَذَابٌ	عَذَاب	ع ذ ب	N					STEM|POS:N|LEM:Ea*aAb|ROOT:E*b|M|INDEF|NOM
w-s024-a014-w015	24:14	24:14	15	24:14:15	عَظِيمٌ	عَظِيم	ع ظ م	ADJ					STEM|POS:ADJ|LEM:EaZiym|ROOT:EZm|MS|INDEF|NOM
w-s024-a015-w001	24:15	24:15	1	24:15:1	إِذْ	إِذ		T					STEM|POS:T|LEM:<i*
w-s024-a015-w002	24:15	24:15	2	24:15:2	تَلَقَّوْنَهُۥ	تَلَقَّىٰٓ	ل ق ي	V	IMPF			V	STEM|POS:V|IMPF|(V)|LEM:talaq~aY`^|ROOT:lqy|2MP | SUFFIX|PRON:2MP | SUFFIX|PRON:3MS
w-s024-a015-w003	24:15	24:15	3	24:15:3	بِأَلْسِنَتِكُمْ	لِسَان	ل س ن	N					PREFIX|bi+ | STEM|POS:N|LEM:lisaAn|ROOT:lsn|MP|GEN | SUFFIX|PRON:2MP
w-s024-a015-w004	24:15	24:15	4	24:15:4	وَتَقُولُونَ	قَالَ	ق و ل	V	IMPF				PREFIX|w:CONJ+ | STEM|POS:V|IMPF|LEM:qaAla|ROOT:qwl|2MP | SUFFIX|PRON:2MP
w-s024-a015-w005	24:15	24:15	5	24:15:5	بِأَفْوَاهِكُم	أَفْوَٰه	ف و ه	N					PREFIX|bi+ | STEM|POS:N|LEM:>afowa`h|ROOT:fwh|MP|GEN | SUFFIX|PRON:2MP
w-s024-a015-w006	24:15	24:15	6	24:15:6	مَّا	مَا		REL					STEM|POS:REL|LEM:maA
w-s024-a015-w007	24:15	24:15	7	24:15:7	لَيْسَ	لَّيْسَ	ل ي س	V	PERF				STEM|POS:V|PERF|LEM:l~ayosa|ROOT:lys|SP:kaAn|3MS
w-s024-a015-w008	24:15	24:15	8	24:15:8	لَكُم			PRON					PREFIX|l:P+ | STEM|POS:PRON|2MP
w-s024-a015-w009	24:15	24:15	9	24:15:9	بِهِۦ			PRON					PREFIX|bi+ | STEM|POS:PRON|3MS
w-s024-a015-w010	24:15	24:15	10	24:15:10	عِلْمٌ	عِلْم	ع ل م	N					STEM|POS:N|LEM:Eilom|ROOT:Elm|M|INDEF|NOM
w-s024-a015-w011	24:15	24:15	11	24:15:11	وَتَحْسَبُونَهُۥ	حَسِبَ	ح س ب	V	IMPF				PREFIX|w:CONJ+ | STEM|POS:V|IMPF|LEM:Hasiba|ROOT:Hsb|2MP | SUFFIX|PRON:2MP | SUFFIX|PRON:3MS
w-s024-a015-w012	24:15	24:15	12	24:15:12	هَيِّنًا	هَيِّن	ه و ن	N					STEM|POS:N|LEM:hay~in|ROOT:hwn|MS|INDEF|ACC
w-s024-a015-w013	24:15	24:15	13	24:15:13	وَهُوَ			PRON					PREFIX|w:CIRC+ | STEM|POS:PRON|3MS
w-s024-a015-w014	24:15	24:15	14	24:15:14	عِندَ	عِند	ع ن د	LOC					STEM|POS:LOC|LEM:Eind|ROOT:End|ACC
w-s024-a015-w015	24:15	24:15	15	24:15:15	ٱللَّهِ	ٱللَّه	ء ل ه	PN					STEM|POS:PN|LEM:{ll~ah|ROOT:Alh|GEN
w-s024-a015-w016	24:15	24:15	16	24:15:16	عَظِيمٌ	عَظِيم	ع ظ م	N					STEM|POS:N|LEM:EaZiym|ROOT:EZm|MS|INDEF|NOM
w-s024-a016-w001	24:16	24:16	1	24:16:1	وَلَوْلَآ	لَوْلَآ		EXH					PREFIX|w:CONJ+ | STEM|POS:EXH|LEM:lawolaA^
w-s024-a016-w002	24:16	24:16	2	24:16:2	إِذْ	إِذ		T					STEM|POS:T|LEM:<i*
w-s024-a016-w003	24:16	24:16	3	24:16:3	سَمِعْتُمُوهُ	سَمِعَ	س م ع	V	PERF				STEM|POS:V|PERF|LEM:samiEa|ROOT:smE|2MP | SUFFIX|PRON:2MP | SUFFIX|PRON:3MS
w-s024-a016-w004	24:16	24:16	4	24:16:4	قُلْتُم	قَالَ	ق و ل	V	PERF				STEM|POS:V|PERF|LEM:qaAla|ROOT:qwl|2MP | SUFFIX|PRON:2MP
w-s024-a016-w005	24:16	24:16	5	24:16:5	مَّا	مَا		NEG					STEM|POS:NEG|LEM:maA
w-s024-a016-w006	24:16	24:16	6	24:16:6	يَكُونُ	كَانَ	ك و ن	V	IMPF				STEM|POS:V|IMPF|LEM:kaAna|ROOT:kwn|3MS
w-s024-a016-w007	24:16	24:16	7	24:16:7	لَنَآ			PRON					PREFIX|l:P+ | STEM|POS:PRON|1P
w-s024-a016-w008	24:16	24:16	8	24:16:8	أَن	أَن		SUB					STEM|POS:SUB|LEM:>an
w-s024-a016-w009	24:16	24:16	9	24:16:9	نَّتَكَلَّمَ	يَتَكَلَّمُ	ك ل م	V	IMPF	SUBJ		V	STEM|POS:V|IMPF|(V)|LEM:yatakal~amu|ROOT:klm|1P|MOOD:SUBJ
w-s024-a016-w010	24:16	24:16	10	24:16:10	بِهَٰذَا	هَٰذَا		DEM					PREFIX|bi+ | STEM|POS:DEM|LEM:ha`*aA|MS
w-s024-a016-w011	24:16	24:16	11	24:16:11	سُبْحَٰنَكَ	سُبْحَٰن	س ب ح	N					STEM|POS:N|LEM:suboHa`n|ROOT:sbH|M|ACC | SUFFIX|PRON:2MS
w-s024-a016-w012	24:16	24:16	12	24:16:12	هَٰذَا	هَٰذَا		DEM					STEM|POS:DEM|LEM:ha`*aA|MS
w-s024-a016-w013	24:16	24:16	13	24:16:13	بُهْتَٰنٌ	بُهْتَٰن	ب ه ت	N					STEM|POS:N|LEM:buhota`n|ROOT:bht|M|INDEF|NOM
w-s024-a016-w014	24:16	24:16	14	24:16:14	عَظِيمٌ	عَظِيم	ع ظ م	ADJ					STEM|POS:ADJ|LEM:EaZiym|ROOT:EZm|MS|INDEF|NOM
w-s024-a017-w001	24:17	24:17	1	24:17:1	يَعِظُكُمُ	وَعَظْ	و ع ظ	V	IMPF				STEM|POS:V|IMPF|LEM:waEaZo|ROOT:wEZ|3MS | SUFFIX|PRON:2MP
w-s024-a017-w002	24:17	24:17	2	24:17:2	ٱللَّهُ	ٱللَّه	ء ل ه	PN					STEM|POS:PN|LEM:{ll~ah|ROOT:Alh|NOM
w-s024-a017-w003	24:17	24:17	3	24:17:3	أَن	أَن		SUB					STEM|POS:SUB|LEM:>an
w-s024-a017-w004	24:17	24:17	4	24:17:4	تَعُودُوا۟	عَادَ	ع و د	V	IMPF	SUBJ			STEM|POS:V|IMPF|LEM:EaAda|ROOT:Ewd|2MP|MOOD:SUBJ | SUFFIX|PRON:2MP
w-s024-a017-w005	24:17	24:17	5	24:17:5	لِمِثْلِهِۦٓ	مِثْل	م ث ل	N					PREFIX|l:P+ | STEM|POS:N|LEM:mivol|ROOT:mvl|M|GEN | SUFFIX|PRON:3MS
w-s024-a017-w006	24:17	24:17	6	24:17:6	أَبَدًا	أَبَدًا	ء ب د	T					STEM|POS:T|LEM:>abadFA|ROOT:Abd|M|INDEF|ACC
w-s024-a017-w007	24:17	24:17	7	24:17:7	إِن	إِن		COND					STEM|POS:COND|LEM:<in
w-s024-a017-w008	24:17	24:17	8	24:17:8	كُنتُم	كَانَ	ك و ن	V	PERF				STEM|POS:V|PERF|LEM:kaAna|ROOT:kwn|SP:kaAn|2MP | SUFFIX|PRON:2MP
w-s024-a017-w009	24:17	24:17	9	24:17:9	مُّؤْمِنِينَ	مُؤْمِن	ء م ن	N			ACT	IV	STEM|POS:N|ACT|PCPL|(IV)|LEM:mu&omin|ROOT:Amn|MP|ACC
w-s024-a018-w001	24:18	24:18	1	24:18:1	وَيُبَيِّنُ	بَيَّنُ	ب ي ن	V	IMPF			II	PREFIX|w:CONJ+ | STEM|POS:V|IMPF|(II)|LEM:bay~anu|ROOT:byn|3MS
w-s024-a018-w002	24:18	24:18	2	24:18:2	ٱللَّهُ	ٱللَّه	ء ل ه	PN					STEM|POS:PN|LEM:{ll~ah|ROOT:Alh|NOM
w-s024-a018-w003	24:18	24:18	3	24:18:3	لَكُمُ			PRON					PREFIX|l:P+ | STEM|POS:PRON|2MP
w-s024-a018-w004	24:18	24:18	4	24:18:4	ٱلْءَايَٰتِ	ءَايَة	ء ي ي	N					PREFIX|Al+ | STEM|POS:N|LEM:'aAyap|ROOT:Ayy|FP|ACC
w-s024-a018-w005	24:18	24:18	5	24:18:5	وَٱللَّهُ	ٱللَّه	ء ل ه	PN					PREFIX|w:CONJ+ | STEM|POS:PN|LEM:{ll~ah|ROOT:Alh|NOM
w-s024-a018-w006	24:18	24:18	6	24:18:6	عَلِيمٌ	عَلِيم	ع ل م	N					STEM|POS:N|LEM:Ealiym|ROOT:Elm|MS|INDEF|NOM
w-s024-a018-w007	24:18	24:18	7	24:18:7	حَكِيمٌ	حَكِيم	ح ك م	ADJ					STEM|POS:ADJ|LEM:Hakiym|ROOT:Hkm|MS|INDEF|NOM
w-s024-a019-w001	24:19	24:19	1	24:19:1	إِنَّ	إِنّ		ACC					STEM|POS:ACC|LEM:<in~|SP:<in~
w-s024-a019-w002	24:19	24:19	2	24:19:2	ٱلَّذِينَ	ٱلَّذِى		REL					STEM|POS:REL|LEM:{l~a*iY|MP
w-s024-a019-w003	24:19	24:19	3	24:19:3	يُحِبُّونَ	أَحْبَبْ	ح ب ب	V	IMPF			IV	STEM|POS:V|IMPF|(IV)|LEM:>aHobabo|ROOT:Hbb|3MP | SUFFIX|PRON:3MP
w-s024-a019-w004	24:19	24:19	4	24:19:4	أَن	أَن		SUB					STEM|POS:SUB|LEM:>an
w-s024-a019-w005	24:19	24:19	5	24:19:5	تَشِيعَ	تَشِيعَ	ش ي ع	V	IMPF	SUBJ			STEM|POS:V|IMPF|LEM:ta$iyEa|ROOT:$yE|3FS|MOOD:SUBJ
w-s024-a019-w006	24:19	24:19	6	24:19:6	ٱلْفَٰحِشَةُ	فَٰحِشَة	ف ح ش	N					PREFIX|Al+ | STEM|POS:N|LEM:fa`Hi$ap|ROOT:fH$|F|NOM
w-s024-a019-w007	24:19	24:19	7	24:19:7	فِى	فِى		P					STEM|POS:P|LEM:fiY
w-s024-a019-w008	24:19	24:19	8	24:19:8	ٱلَّذِينَ	ٱلَّذِى		REL					STEM|POS:REL|LEM:{l~a*iY|MP
w-s024-a019-w009	24:19	24:19	9	24:19:9	ءَامَنُوا۟	ءَامَنَ	ء م ن	V	PERF			IV	STEM|POS:V|PERF|(IV)|LEM:'aAmana|ROOT:Amn|3MP | SUFFIX|PRON:3MP
w-s024-a019-w010	24:19	24:19	10	24:19:10	لَهُمْ			PRON					PREFIX|l:P+ | STEM|POS:PRON|3MP
w-s024-a019-w011	24:19	24:19	11	24:19:11	عَذَابٌ	عَذَاب	ع ذ ب	N					STEM|POS:N|LEM:Ea*aAb|ROOT:E*b|M|INDEF|NOM
w-s024-a019-w012	24:19	24:19	12	24:19:12	أَلِيمٌ	أَلِيم	ء ل م	ADJ					STEM|POS:ADJ|LEM:>aliym|ROOT:Alm|MS|INDEF|NOM
w-s024-a019-w013	24:19	24:19	13	24:19:13	فِى	فِى		P					STEM|POS:P|LEM:fiY
w-s024-a019-w014	24:19	24:19	14	24:19:14	ٱلدُّنْيَا	دُّنْيَا	د ن و	N					PREFIX|Al+ | STEM|POS:N|LEM:d~unoyaA|ROOT:dnw|FS|GEN
w-s024-a019-w015	24:19	24:19	15	24:19:15	وَٱلْءَاخِرَةِ	آخِر	ء خ ر	N					PREFIX|w:CONJ+ | PREFIX|Al+ | STEM|POS:N|LEM:A^xir|ROOT:Axr|FS|GEN
w-s024-a019-w016	24:19	24:19	16	24:19:16	وَٱللَّهُ	ٱللَّه	ء ل ه	PN					PREFIX|w:REM+ | STEM|POS:PN|LEM:{ll~ah|ROOT:Alh|NOM
w-s024-a019-w017	24:19	24:19	17	24:19:17	يَعْلَمُ	عَلِمَ	ع ل م	V	IMPF				STEM|POS:V|IMPF|LEM:Ealima|ROOT:Elm|3MS
w-s024-a019-w018	24:19	24:19	18	24:19:18	وَأَنتُمْ			PRON					PREFIX|w:CIRC+ | STEM|POS:PRON|2MP
w-s024-a019-w019	24:19	24:19	19	24:19:19	لَا	لَا		NEG					STEM|POS:NEG|LEM:laA
w-s024-a019-w020	24:19	24:19	20	24:19:20	تَعْلَمُونَ	عَلِمَ	ع ل م	V	IMPF				STEM|POS:V|IMPF|LEM:Ealima|ROOT:Elm|2MP | SUFFIX|PRON:2MP
w-s024-a020-w001	24:20	24:20	1	24:20:1	وَلَوْلَا	لَوْلَآ		COND					PREFIX|w:CONJ+ | STEM|POS:COND|LEM:lawolaA^
w-s024-a020-w002	24:20	24:20	2	24:20:2	فَضْلُ	فَضْل	ف ض ل	N					STEM|POS:N|LEM:faDol|ROOT:fDl|M|NOM
w-s024-a020-w003	24:20	24:20	3	24:20:3	ٱللَّهِ	ٱللَّه	ء ل ه	PN					STEM|POS:PN|LEM:{ll~ah|ROOT:Alh|GEN
w-s024-a020-w004	24:20	24:20	4	24:20:4	عَلَيْكُمْ	عَلَىٰ		P					STEM|POS:P|LEM:EalaY` | SUFFIX|PRON:2MP
w-s024-a020-w005	24:20	24:20	5	24:20:5	وَرَحْمَتُهُۥ	رَحْمَة	ر ح م	N					PREFIX|w:CONJ+ | STEM|POS:N|LEM:raHomap|ROOT:rHm|F|NOM | SUFFIX|PRON:3MS
w-s024-a020-w006	24:20	24:20	6	24:20:6	وَأَنَّ	أَنّ		ACC					PREFIX|w:CONJ+ | STEM|POS:ACC|LEM:>an~|SP:<in~
w-s024-a020-w007	24:20	24:20	7	24:20:7	ٱللَّهَ	ٱللَّه	ء ل ه	PN					STEM|POS:PN|LEM:{ll~ah|ROOT:Alh|ACC
w-s024-a020-w008	24:20	24:20	8	24:20:8	رَءُوفٌ	رَءُوف	ر ء ف	N					STEM|POS:N|LEM:ra'uwf|ROOT:rAf|MS|INDEF|NOM
w-s024-a020-w009	24:20	24:20	9	24:20:9	رَّحِيمٌ	رَّحِيم	ر ح م	ADJ					STEM|POS:ADJ|LEM:r~aHiym|ROOT:rHm|MS|INDEF|NOM
w-s024-a021-w001	24:21	24:21	1	24:21:1	يَٰٓأَيُّهَا	أَيُّهَا		N					PREFIX|ya+ | STEM|POS:N|LEM:>ay~uhaA|NOM
w-s024-a021-w002	24:21	24:21	2	24:21:2	ٱلَّذِينَ	ٱلَّذِى		REL					STEM|POS:REL|LEM:{l~a*iY|MP
w-s024-a021-w003	24:21	24:21	3	24:21:3	ءَامَنُوا۟	ءَامَنَ	ء م ن	V	PERF			IV	STEM|POS:V|PERF|(IV)|LEM:'aAmana|ROOT:Amn|3MP | SUFFIX|PRON:3MP
w-s024-a021-w004	24:21	24:21	4	24:21:4	لَا	لَا		PRO					STEM|POS:PRO|LEM:laA
w-s024-a021-w005	24:21	24:21	5	24:21:5	تَتَّبِعُوا۟	ٱتَّبَعَ	ت ب ع	V	IMPF	JUS		VIII	STEM|POS:V|IMPF|(VIII)|LEM:{t~abaEa|ROOT:tbE|2MP|MOOD:JUS | SUFFIX|PRON:2MP
w-s024-a021-w006	24:21	24:21	6	24:21:6	خُطُوَٰتِ	خُطُوَٰت	خ ط و	N					STEM|POS:N|LEM:xuTuwa`t|ROOT:xTw|FP|ACC
w-s024-a021-w007	24:21	24:21	7	24:21:7	ٱلشَّيْطَٰنِ	شَيْطَٰن	ش ط ن	PN					PREFIX|Al+ | STEM|POS:PN|LEM:$ayoTa`n|ROOT:$Tn|M|GEN
w-s024-a021-w008	24:21	24:21	8	24:21:8	وَمَن	مَن		COND					PREFIX|w:CONJ+ | STEM|POS:COND|LEM:man
w-s024-a021-w009	24:21	24:21	9	24:21:9	يَتَّبِعْ	ٱتَّبَعَ	ت ب ع	V	IMPF	JUS		VIII	STEM|POS:V|IMPF|(VIII)|LEM:{t~abaEa|ROOT:tbE|3MS|MOOD:JUS
w-s024-a021-w010	24:21	24:21	10	24:21:10	خُطُوَٰتِ	خُطُوَٰت	خ ط و	N					STEM|POS:N|LEM:xuTuwa`t|ROOT:xTw|FP|GEN
w-s024-a021-w011	24:21	24:21	11	24:21:11	ٱلشَّيْطَٰنِ	شَيْطَٰن	ش ط ن	PN					PREFIX|Al+ | STEM|POS:PN|LEM:$ayoTa`n|ROOT:$Tn|M|GEN
w-s024-a021-w012	24:21	24:21	12	24:21:12	فَإِنَّهُۥ	إِنّ		ACC					PREFIX|f:REM+ | STEM|POS:ACC|LEM:<in~|SP:<in~ | SUFFIX|PRON:3MS
w-s024-a021-w013	24:21	24:21	13	24:21:13	يَأْمُرُ	أَمَرَ	ء م ر	V	IMPF				STEM|POS:V|IMPF|LEM:>amara|ROOT:Amr|3MS
w-s024-a021-w014	24:21	24:21	14	24:21:14	بِٱلْفَحْشَآءِ	فَحْشَآء	ف ح ش	N					PREFIX|bi+ | PREFIX|Al+ | STEM|POS:N|LEM:faHo$aA^'|ROOT:fH$|FS|GEN
w-s024-a021-w015	24:21	24:21	15	24:21:15	وَٱلْمُنكَرِ	مُنكَر	ن ك ر	N			PASS	IV	PREFIX|w:CONJ+ | PREFIX|Al+ | STEM|POS:N|PASS|PCPL|(IV)|LEM:munkar|ROOT:nkr|M|GEN
w-s024-a021-w016	24:21	24:21	16	24:21:16	وَلَوْلَا	لَوْلَآ		COND					PREFIX|w:CONJ+ | STEM|POS:COND|LEM:lawolaA^
w-s024-a021-w017	24:21	24:21	17	24:21:17	فَضْلُ	فَضْل	ف ض ل	N					STEM|POS:N|LEM:faDol|ROOT:fDl|M|NOM
w-s024-a021-w018	24:21	24:21	18	24:21:18	ٱللَّهِ	ٱللَّه	ء ل ه	PN					STEM|POS:PN|LEM:{ll~ah|ROOT:Alh|GEN
w-s024-a021-w019	24:21	24:21	19	24:21:19	عَلَيْكُمْ	عَلَىٰ		P					STEM|POS:P|LEM:EalaY` | SUFFIX|PRON:2MP
w-s024-a021-w020	24:21	24:21	20	24:21:20	وَرَحْمَتُهُۥ	رَحْمَة	ر ح م	N					PREFIX|w:CONJ+ | STEM|POS:N|LEM:raHomap|ROOT:rHm|F|NOM | SUFFIX|PRON:3MS
w-s024-a021-w021	24:21	24:21	21	24:21:21	مَا	مَا		NEG					STEM|POS:NEG|LEM:maA
w-s024-a021-w022	24:21	24:21	22	24:21:22	زَكَىٰ	زَكَىٰ	ز ك و	V	PERF				STEM|POS:V|PERF|LEM:zakaY`|ROOT:zkw|3MS
w-s024-a021-w023	24:21	24:21	23	24:21:23	مِنكُم	مِن		P					STEM|POS:P|LEM:min | SUFFIX|PRON:2MP
w-s024-a021-w024	24:21	24:21	24	24:21:24	مِّنْ	مِن		P					STEM|POS:P|LEM:min
w-s024-a021-w025	24:21	24:21	25	24:21:25	أَحَدٍ	أَحَد	ء ح د	N					STEM|POS:N|LEM:>aHad|ROOT:AHd|M|INDEF|GEN
w-s024-a021-w026	24:21	24:21	26	24:21:26	أَبَدًا	أَبَدًا	ء ب د	T					STEM|POS:T|LEM:>abadFA|ROOT:Abd|M|INDEF|ACC
w-s024-a021-w027	24:21	24:21	27	24:21:27	وَلَٰكِنَّ	لَٰكِنّ		ACC					PREFIX|w:CONJ+ | STEM|POS:ACC|LEM:la`kin~|SP:<in~
w-s024-a021-w028	24:21	24:21	28	24:21:28	ٱللَّهَ	ٱللَّه	ء ل ه	PN					STEM|POS:PN|LEM:{ll~ah|ROOT:Alh|ACC
w-s024-a021-w029	24:21	24:21	29	24:21:29	يُزَكِّى	زَكَّىٰ	ز ك و	V	IMPF			II	STEM|POS:V|IMPF|(II)|LEM:zak~aY`|ROOT:zkw|3MS
w-s024-a021-w030	24:21	24:21	30	24:21:30	مَن	مَن		REL					STEM|POS:REL|LEM:man
w-s024-a021-w031	24:21	24:21	31	24:21:31	يَشَآءُ	شَآءَ	ش ي ء	V	IMPF				STEM|POS:V|IMPF|LEM:$aA^'a|ROOT:$yA|3MS
w-s024-a021-w032	24:21	24:21	32	24:21:32	وَٱللَّهُ	ٱللَّه	ء ل ه	PN					PREFIX|w:CONJ+ | STEM|POS:PN|LEM:{ll~ah|ROOT:Alh|NOM
w-s024-a021-w033	24:21	24:21	33	24:21:33	سَمِيعٌ	سَمِيع	س م ع	N					STEM|POS:N|LEM:samiyE|ROOT:smE|MS|INDEF|NOM
w-s024-a021-w034	24:21	24:21	34	24:21:34	عَلِيمٌ	عَلِيم	ع ل م	ADJ					STEM|POS:ADJ|LEM:Ealiym|ROOT:Elm|MS|INDEF|NOM
w-s024-a022-w001	24:22	24:22	1	24:22:1	وَلَا	لَا		PRO					PREFIX|w:CONJ+ | STEM|POS:PRO|LEM:laA
w-s024-a022-w002	24:22	24:22	2	24:22:2	يَأْتَلِ	يَأْتَلِ	ء ل و	V	IMPF	JUS		VIII	STEM|POS:V|IMPF|(VIII)|LEM:ya>otali|ROOT:Alw|3MS|MOOD:JUS
w-s024-a022-w003	24:22	24:22	3	24:22:3	أُو۟لُوا۟	أُولِى	ء و ل	N					STEM|POS:N|LEM:>uwliY|ROOT:Awl|MP|NOM
w-s024-a022-w004	24:22	24:22	4	24:22:4	ٱلْفَضْلِ	فَضْل	ف ض ل	N					PREFIX|Al+ | STEM|POS:N|LEM:faDol|ROOT:fDl|M|GEN
w-s024-a022-w005	24:22	24:22	5	24:22:5	مِنكُمْ	مِن		P					STEM|POS:P|LEM:min | SUFFIX|PRON:2MP
w-s024-a022-w006	24:22	24:22	6	24:22:6	وَٱلسَّعَةِ	سَعَة	و س ع	N					PREFIX|w:CONJ+ | PREFIX|Al+ | STEM|POS:N|LEM:saEap|ROOT:wsE|F|GEN
w-s024-a022-w007	24:22	24:22	7	24:22:7	أَن	أَن		SUB					STEM|POS:SUB|LEM:>an
w-s024-a022-w008	24:22	24:22	8	24:22:8	يُؤْتُوٓا۟	آتَى	ء ت ي	V	IMPF	SUBJ		IV	STEM|POS:V|IMPF|(IV)|LEM:A^taY|ROOT:Aty|3MP|MOOD:SUBJ | SUFFIX|PRON:3MP
w-s024-a022-w009	24:22	24:22	9	24:22:9	أُو۟لِى	أُولِى	ء و ل	N					STEM|POS:N|LEM:>uwliY|ROOT:Awl|MP|ACC
w-s024-a022-w010	24:22	24:22	10	24:22:10	ٱلْقُرْبَىٰ	قُرْبَىٰ	ق ر ب	N					PREFIX|Al+ | STEM|POS:N|LEM:qurobaY`|ROOT:qrb|F|GEN
w-s024-a022-w011	24:22	24:22	11	24:22:11	وَٱلْمَسَٰكِينَ	مِسْكِين	س ك ن	N					PREFIX|w:CONJ+ | PREFIX|Al+ | STEM|POS:N|LEM:misokiyn|ROOT:skn|MP|ACC
w-s024-a022-w012	24:22	24:22	12	24:22:12	وَٱلْمُهَٰجِرِينَ	مُهَاجِر	ه ج ر	N			ACT	III	PREFIX|w:CONJ+ | PREFIX|Al+ | STEM|POS:N|ACT|PCPL|(III)|LEM:muhaAjir|ROOT:hjr|MP|ACC
w-s024-a022-w013	24:22	24:22	13	24:22:13	فِى	فِى		P					STEM|POS:P|LEM:fiY
w-s024-a022-w014	24:22	24:22	14	24:22:14	سَبِيلِ	سَبِيل	س ب ل	N					STEM|POS:N|LEM:sabiyl|ROOT:sbl|M|GEN
w-s024-a022-w015	24:22	24:22	15	24:22:15	ٱللَّهِ	ٱللَّه	ء ل ه	PN					STEM|POS:PN|LEM:{ll~ah|ROOT:Alh|GEN
w-s024-a022-w016	24:22	24:22	16	24:22:16	وَلْيَعْفُوا۟	عَفَا	ع ف و	V	IMPF	JUS			PREFIX|w:CONJ+ | PREFIX|l:IMPV+ | STEM|POS:V|IMPF|LEM:EafaA|ROOT:Efw|3MP|MOOD:JUS | SUFFIX|PRON:3MP
w-s024-a022-w017	24:22	24:22	17	24:22:17	وَلْيَصْفَحُوٓا۟	يَصْفَحُ	ص ف ح	V	IMPF	JUS			PREFIX|w:CONJ+ | PREFIX|l:IMPV+ | STEM|POS:V|IMPF|LEM:yaSofaHu|ROOT:SfH|3MP|MOOD:JUS | SUFFIX|PRON:3MP
w-s024-a022-w018	24:22	24:22	18	24:22:18	أَلَا	لَا		NEG					PREFIX|A:INTG+ | STEM|POS:NEG|LEM:laA
w-s024-a022-w019	24:22	24:22	19	24:22:19	تُحِبُّونَ	أَحْبَبْ	ح ب ب	V	IMPF			IV	STEM|POS:V|IMPF|(IV)|LEM:>aHobabo|ROOT:Hbb|2MP | SUFFIX|PRON:2MP
w-s024-a022-w020	24:22	24:22	20	24:22:20	أَن	أَن		SUB					STEM|POS:SUB|LEM:>an
w-s024-a022-w021	24:22	24:22	21	24:22:21	يَغْفِرَ	غَفَرَ	غ ف ر	V	IMPF	SUBJ			STEM|POS:V|IMPF|LEM:gafara|ROOT:gfr|3MS|MOOD:SUBJ
w-s024-a022-w022	24:22	24:22	22	24:22:22	ٱللَّهُ	ٱللَّه	ء ل ه	PN					STEM|POS:PN|LEM:{ll~ah|ROOT:Alh|NOM
w-s024-a022-w023	24:22	24:22	23	24:22:23	لَكُمْ			PRON					PREFIX|l:P+ | STEM|POS:PRON|2MP
w-s024-a022-w024	24:22	24:22	24	24:22:24	وَٱللَّهُ	ٱللَّه	ء ل ه	PN					PREFIX|w:CONJ+ | STEM|POS:PN|LEM:{ll~ah|ROOT:Alh|NOM
w-s024-a022-w025	24:22	24:22	25	24:22:25	غَفُورٌ	غَفُور	غ ف ر	N					STEM|POS:N|LEM:gafuwr|ROOT:gfr|MS|INDEF|NOM
w-s024-a022-w026	24:22	24:22	26	24:22:26	رَّحِيمٌ	رَّحِيم	ر ح م	ADJ					STEM|POS:ADJ|LEM:r~aHiym|ROOT:rHm|MS|INDEF|NOM
w-s024-a023-w001	24:23	24:23	1	24:23:1	إِنَّ	إِنّ		ACC					STEM|POS:ACC|LEM:<in~|SP:<in~
w-s024-a023-w002	24:23	24:23	2	24:23:2	ٱلَّذِينَ	ٱلَّذِى		REL					STEM|POS:REL|LEM:{l~a*iY|MP
w-s024-a023-w003	24:23	24:23	3	24:23:3	يَرْمُونَ	رَمَىٰ	ر م ي	V	IMPF				STEM|POS:V|IMPF|LEM:ramaY`|ROOT:rmy|3MP | SUFFIX|PRON:3MP
w-s024-a023-w004	24:23	24:23	4	24:23:4	ٱلْمُحْصَنَٰتِ	مُحْصَنَٰت	ح ص ن	N			PASS	IV	PREFIX|Al+ | STEM|POS:N|PASS|PCPL|(IV)|LEM:muHoSana`t|ROOT:HSn|FP|ACC
w-s024-a023-w005	24:23	24:23	5	24:23:5	ٱلْغَٰفِلَٰتِ	غَٰفِلَٰت	غ ف ل	ADJ			ACT		PREFIX|Al+ | STEM|POS:ADJ|ACT|PCPL|LEM:ga`fila`t|ROOT:gfl|FP|ACC
w-s024-a023-w006	24:23	24:23	6	24:23:6	ٱلْمُؤْمِنَٰتِ	مُّؤْمِنَٰت	ء م ن	ADJ			ACT	IV	PREFIX|Al+ | STEM|POS:ADJ|ACT|PCPL|(IV)|LEM:m~u&omina`t|ROOT:Amn|FP|ACC
w-s024-a023-w007	24:23	24:23	7	24:23:7	لُعِنُوا۟	لَعَنَ	ل ع ن	V	PERF		PASS		STEM|POS:V|PERF|PASS|LEM:laEana|ROOT:lEn|3MP | SUFFIX|PRON:3MP
w-s024-a023-w008	24:23	24:23	8	24:23:8	فِى	فِى		P					STEM|POS:P|LEM:fiY
w-s024-a023-w009	24:23	24:23	9	24:23:9	ٱلدُّنْيَا	دُّنْيَا	د ن و	N					PREFIX|Al+ | STEM|POS:N|LEM:d~unoyaA|ROOT:dnw|FS|GEN
w-s024-a023-w010	24:23	24:23	10	24:23:10	وَٱلْءَاخِرَةِ	آخِر	ء خ ر	N					PREFIX|w:CONJ+ | PREFIX|Al+ | STEM|POS:N|LEM:A^xir|ROOT:Axr|FS|GEN
w-s024-a023-w011	24:23	24:23	11	24:23:11	وَلَهُمْ			PRON					PREFIX|w:CONJ+ | PREFIX|l:P+ | STEM|POS:PRON|3MP
w-s024-a023-w012	24:23	24:23	12	24:23:12	عَذَابٌ	عَذَاب	ع ذ ب	N					STEM|POS:N|LEM:Ea*aAb|ROOT:E*b|M|INDEF|NOM
w-s024-a023-w013	24:23	24:23	13	24:23:13	عَظِيمٌ	عَظِيم	ع ظ م	ADJ					STEM|POS:ADJ|LEM:EaZiym|ROOT:EZm|MS|INDEF|NOM
w-s024-a024-w001	24:24	24:24	1	24:24:1	يَوْمَ	يَوْم	ي و م	T					STEM|POS:T|LEM:yawom|ROOT:ywm|M|ACC
w-s024-a024-w002	24:24	24:24	2	24:24:2	تَشْهَدُ	شَهِدَ	ش ه د	V	IMPF				STEM|POS:V|IMPF|LEM:$ahida|ROOT:$hd|3FS
w-s024-a024-w003	24:24	24:24	3	24:24:3	عَلَيْهِمْ	عَلَىٰ		P					STEM|POS:P|LEM:EalaY` | SUFFIX|PRON:3MP
w-s024-a024-w004	24:24	24:24	4	24:24:4	أَلْسِنَتُهُمْ	لِسَان	ل س ن	N					STEM|POS:N|LEM:lisaAn|ROOT:lsn|MP|NOM | SUFFIX|PRON:3MP
w-s024-a024-w005	24:24	24:24	5	24:24:5	وَأَيْدِيهِمْ	يَد	ي د ي	N					PREFIX|w:CONJ+ | STEM|POS:N|LEM:yad|ROOT:ydy|FP|NOM | SUFFIX|PRON:3MP
w-s024-a024-w006	24:24	24:24	6	24:24:6	وَأَرْجُلُهُم	رِجْل	ر ج ل	N					PREFIX|w:CONJ+ | STEM|POS:N|LEM:rijol|ROOT:rjl|FP|NOM | SUFFIX|PRON:3MP
w-s024-a024-w007	24:24	24:24	7	24:24:7	بِمَا	مَا		REL					PREFIX|bi+ | STEM|POS:REL|LEM:maA
w-s024-a024-w008	24:24	24:24	8	24:24:8	كَانُوا۟	كَانَ	ك و ن	V	PERF				STEM|POS:V|PERF|LEM:kaAna|ROOT:kwn|SP:kaAn|3MP | SUFFIX|PRON:3MP
w-s024-a024-w009	24:24	24:24	9	24:24:9	يَعْمَلُونَ	عَمِلَ	ع م ل	V	IMPF				STEM|POS:V|IMPF|LEM:Eamila|ROOT:Eml|3MP | SUFFIX|PRON:3MP
w-s024-a025-w001	24:25	24:25	1	24:25:1	يَوْمَئِذٍ	يَوْمَئِذ		T					STEM|POS:T|LEM:yawoma}i*
w-s024-a025-w002	24:25	24:25	2	24:25:2	يُوَفِّيهِمُ	وَفَّىٰٓ	و ف ي	V	IMPF			II	STEM|POS:V|IMPF|(II)|LEM:waf~aY`^|ROOT:wfy|3MS | SUFFIX|PRON:3MP
w-s024-a025-w003	24:25	24:25	3	24:25:3	ٱللَّهُ	ٱللَّه	ء ل ه	PN					STEM|POS:PN|LEM:{ll~ah|ROOT:Alh|NOM
w-s024-a025-w004	24:25	24:25	4	24:25:4	دِينَهُمُ	دِين	د ي ن	N					STEM|POS:N|LEM:diyn|ROOT:dyn|M|ACC | SUFFIX|PRON:3MP
w-s024-a025-w005	24:25	24:25	5	24:25:5	ٱلْحَقَّ	حَقّ	ح ق ق	ADJ					PREFIX|Al+ | STEM|POS:ADJ|LEM:Haq~|ROOT:Hqq|M|ACC
w-s024-a025-w006	24:25	24:25	6	24:25:6	وَيَعْلَمُونَ	عَلِمَ	ع ل م	V	IMPF				PREFIX|w:CONJ+ | STEM|POS:V|IMPF|LEM:Ealima|ROOT:Elm|3MP | SUFFIX|PRON:3MP
w-s024-a025-w007	24:25	24:25	7	24:25:7	أَنَّ	أَنّ		ACC					STEM|POS:ACC|LEM:>an~|SP:<in~
w-s024-a025-w008	24:25	24:25	8	24:25:8	ٱللَّهَ	ٱللَّه	ء ل ه	PN					STEM|POS:PN|LEM:{ll~ah|ROOT:Alh|ACC
w-s024-a025-w009	24:25	24:25	9	24:25:9	هُوَ			PRON					STEM|POS:PRON|3MS
w-s024-a025-w010	24:25	24:25	10	24:25:10	ٱلْحَقُّ	حَقّ	ح ق ق	N					PREFIX|Al+ | STEM|POS:N|LEM:Haq~|ROOT:Hqq|M|NOM
w-s024-a025-w011	24:25	24:25	11	24:25:11	ٱلْمُبِينُ	مُّبِين	ب ي ن	ADJ			ACT	IV	PREFIX|Al+ | STEM|POS:ADJ|ACT|PCPL|(IV)|LEM:m~ubiyn|ROOT:byn|M|NOM
w-s024-a026-w001	24:26	24:26	1	24:26:1	ٱلْخَبِيثَٰتُ	خَبِيثَٰت	خ ب ث	N					PREFIX|Al+ | STEM|POS:N|LEM:xabiyva`t|ROOT:xbv|FP|NOM
w-s024-a026-w002	24:26	24:26	2	24:26:2	لِلْخَبِيثِينَ	خَبِيث	خ ب ث	N					PREFIX|l:P+ | PREFIX|Al+ | STEM|POS:N|LEM:xabiyv|ROOT:xbv|MP|GEN
w-s024-a026-w003	24:26	24:26	3	24:26:3	وَٱلْخَبِيثُونَ	خَبِيث	خ ب ث	N					PREFIX|w:CONJ+ | PREFIX|Al+ | STEM|POS:N|LEM:xabiyv|ROOT:xbv|MP|NOM
w-s024-a026-w004	24:26	24:26	4	24:26:4	لِلْخَبِيثَٰتِ	خَبِيثَٰت	خ ب ث	N					PREFIX|l:P+ | PREFIX|Al+ | STEM|POS:N|LEM:xabiyva`t|ROOT:xbv|FP|GEN
w-s024-a026-w005	24:26	24:26	5	24:26:5	وَٱلطَّيِّبَٰتُ	طَيِّبَٰت	ط ي ب	N					PREFIX|w:CONJ+ | PREFIX|Al+ | STEM|POS:N|LEM:Tay~iba`t|ROOT:Tyb|FP|NOM
w-s024-a026-w006	24:26	24:26	6	24:26:6	لِلطَّيِّبِينَ	طَيِّب	ط ي ب	N					PREFIX|l:P+ | PREFIX|Al+ | STEM|POS:N|LEM:Tay~ib|ROOT:Tyb|MP|GEN
w-s024-a026-w007	24:26	24:26	7	24:26:7	وَٱلطَّيِّبُونَ	طَيِّب	ط ي ب	N					PREFIX|w:CONJ+ | PREFIX|Al+ | STEM|POS:N|LEM:Tay~ib|ROOT:Tyb|MP|NOM
w-s024-a026-w008	24:26	24:26	8	24:26:8	لِلطَّيِّبَٰتِ	طَيِّبَٰت	ط ي ب	N					PREFIX|l:P+ | PREFIX|Al+ | STEM|POS:N|LEM:Tay~iba`t|ROOT:Tyb|FP|GEN
w-s024-a026-w009	24:26	24:26	9	24:26:9	أُو۟لَٰٓئِكَ	أُولَٰٓئِك		DEM					STEM|POS:DEM|LEM:>uwla`^}ik|P
w-s024-a026-w010	24:26	24:26	10	24:26:10	مُبَرَّءُونَ	مُبَرَّءُون	ب ر ء	N			PASS	II	STEM|POS:N|PASS|PCPL|(II)|LEM:mubar~a'uwn|ROOT:brA|MP|NOM
w-s024-a026-w011	24:26	24:26	11	24:26:11	مِمَّا	مِن;مَا		P;REL					STEM|POS:P|LEM:min | STEM|POS:REL|LEM:maA
w-s024-a026-w012	24:26	24:26	12	24:26:12	يَقُولُونَ	قَالَ	ق و ل	V	IMPF				STEM|POS:V|IMPF|LEM:qaAla|ROOT:qwl|3MP | SUFFIX|PRON:3MP
w-s024-a026-w013	24:26	24:26	13	24:26:13	لَهُم			PRON					PREFIX|l:P+ | STEM|POS:PRON|3MP
w-s024-a026-w014	24:26	24:26	14	24:26:14	مَّغْفِرَةٌ	مَّغْفِرَة	غ ف ر	N					STEM|POS:N|LEM:m~agofirap|ROOT:gfr|F|INDEF|NOM
w-s024-a026-w015	24:26	24:26	15	24:26:15	وَرِزْقٌ	رِزْق	ر ز ق	N					PREFIX|w:CONJ+ | STEM|POS:N|LEM:rizoq|ROOT:rzq|M|INDEF|NOM
w-s024-a026-w016	24:26	24:26	16	24:26:16	كَرِيمٌ	كَرِيم	ك ر م	ADJ					STEM|POS:ADJ|LEM:kariym|ROOT:krm|MS|INDEF|NOM
w-s024-a027-w001	24:27	24:27	1	24:27:1	يَٰٓأَيُّهَا	أَيُّهَا		N					PREFIX|ya+ | STEM|POS:N|LEM:>ay~uhaA|NOM
w-s024-a027-w002	24:27	24:27	2	24:27:2	ٱلَّذِينَ	ٱلَّذِى		REL					STEM|POS:REL|LEM:{l~a*iY|MP
w-s024-a027-w003	24:27	24:27	3	24:27:3	ءَامَنُوا۟	ءَامَنَ	ء م ن	V	PERF			IV	STEM|POS:V|PERF|(IV)|LEM:'aAmana|ROOT:Amn|3MP | SUFFIX|PRON:3MP
w-s024-a027-w004	24:27	24:27	4	24:27:4	لَا	لَا		PRO					STEM|POS:PRO|LEM:laA
w-s024-a027-w005	24:27	24:27	5	24:27:5	تَدْخُلُوا۟	دَخَلَ	د خ ل	V	IMPF	JUS			STEM|POS:V|IMPF|LEM:daxala|ROOT:dxl|2MP|MOOD:JUS | SUFFIX|PRON:2MP
w-s024-a027-w006	24:27	24:27	6	24:27:6	بُيُوتًا	بَيْت	ب ي ت	N					STEM|POS:N|LEM:bayot|ROOT:byt|MP|INDEF|ACC
w-s024-a027-w007	24:27	24:27	7	24:27:7	غَيْرَ	غَيْر	غ ي ر	N					STEM|POS:N|LEM:gayor|ROOT:gyr|M|ACC
w-s024-a027-w008	24:27	24:27	8	24:27:8	بُيُوتِكُمْ	بَيْت	ب ي ت	N					STEM|POS:N|LEM:bayot|ROOT:byt|MP|GEN | SUFFIX|PRON:2MP
w-s024-a027-w009	24:27	24:27	9	24:27:9	حَتَّىٰ	حَتَّىٰ		P					STEM|POS:P|LEM:Hat~aY`
w-s024-a027-w010	24:27	24:27	10	24:27:10	تَسْتَأْنِسُوا۟	تَسْتَأْنِسُ	ء ن س	V	IMPF	SUBJ		X	STEM|POS:V|IMPF|(X)|LEM:tasota>onisu|ROOT:Ans|2MP|MOOD:SUBJ | SUFFIX|PRON:2MP
w-s024-a027-w011	24:27	24:27	11	24:27:11	وَتُسَلِّمُوا۟	سَلَّمَ	س ل م	V	IMPF	SUBJ		II	PREFIX|w:CONJ+ | STEM|POS:V|IMPF|(II)|LEM:sal~ama|ROOT:slm|2MP|MOOD:SUBJ | SUFFIX|PRON:2MP
w-s024-a027-w012	24:27	24:27	12	24:27:12	عَلَىٰٓ	عَلَىٰ		P					STEM|POS:P|LEM:EalaY`
w-s024-a027-w013	24:27	24:27	13	24:27:13	أَهْلِهَا	أَهْل	ء ه ل	N					STEM|POS:N|LEM:>ahol|ROOT:Ahl|M|GEN | SUFFIX|PRON:3FS
w-s024-a027-w014	24:27	24:27	14	24:27:14	ذَٰلِكُمْ	ذَٰلِك		DEM					STEM|POS:DEM|LEM:*a`lik|2MP
w-s024-a027-w015	24:27	24:27	15	24:27:15	خَيْرٌ	خَيْر	خ ي ر	N					STEM|POS:N|LEM:xayor|ROOT:xyr|MS|INDEF|NOM
w-s024-a027-w016	24:27	24:27	16	24:27:16	لَّكُمْ			PRON					PREFIX|l:P+ | STEM|POS:PRON|2MP
w-s024-a027-w017	24:27	24:27	17	24:27:17	لَعَلَّكُمْ	لَعَلّ		ACC					STEM|POS:ACC|LEM:laEal~|SP:<in~ | SUFFIX|PRON:2MP
w-s024-a027-w018	24:27	24:27	18	24:27:18	تَذَكَّرُونَ	تَذَكَّرَ	ذ ك ر	V	IMPF			V	STEM|POS:V|IMPF|(V)|LEM:ta*ak~ara|ROOT:*kr|2MP | SUFFIX|PRON:2MP
w-s024-a028-w001	24:28	24:28	1	24:28:1	فَإِن	إِن		COND					PREFIX|f:REM+ | STEM|POS:COND|LEM:<in
w-s024-a028-w002	24:28	24:28	2	24:28:2	لَّمْ	لَم		NEG					STEM|POS:NEG|LEM:lam
w-s024-a028-w003	24:28	24:28	3	24:28:3	تَجِدُوا۟	وَجَدَ	و ج د	V	IMPF	JUS			STEM|POS:V|IMPF|LEM:wajada|ROOT:wjd|2MP|MOOD:JUS | SUFFIX|PRON:2MP
w-s024-a028-w004	24:28	24:28	4	24:28:4	فِيهَآ	فِى		P					STEM|POS:P|LEM:fiY | SUFFIX|PRON:3FS
w-s024-a028-w005	24:28	24:28	5	24:28:5	أَحَدًا	أَحَد	ء ح د	N					STEM|POS:N|LEM:>aHad|ROOT:AHd|M|INDEF|ACC
w-s024-a028-w006	24:28	24:28	6	24:28:6	فَلَا	لَا		PRO					PREFIX|f:REM+ | STEM|POS:PRO|LEM:laA
w-s024-a028-w007	24:28	24:28	7	24:28:7	تَدْخُلُوهَا	دَخَلَ	د خ ل	V	IMPF	JUS			STEM|POS:V|IMPF|LEM:daxala|ROOT:dxl|2MP|MOOD:JUS | SUFFIX|PRON:2MP | SUFFIX|PRON:3FS
w-s024-a028-w008	24:28	24:28	8	24:28:8	حَتَّىٰ	حَتَّىٰ		P					STEM|POS:P|LEM:Hat~aY`
w-s024-a028-w009	24:28	24:28	9	24:28:9	يُؤْذَنَ	أَذِنَ	ء ذ ن	V	IMPF	SUBJ	PASS		STEM|POS:V|IMPF|PASS|LEM:>a*ina|ROOT:A*n|3MS|MOOD:SUBJ
w-s024-a028-w010	24:28	24:28	10	24:28:10	لَكُمْ			PRON					PREFIX|l:P+ | STEM|POS:PRON|2MP
w-s024-a028-w011	24:28	24:28	11	24:28:11	وَإِن	إِن		COND					PREFIX|w:CONJ+ | STEM|POS:COND|LEM:<in
w-s024-a028-w012	24:28	24:28	12	24:28:12	قِيلَ	قَالَ	ق و ل	V	PERF		PASS		STEM|POS:V|PERF|PASS|LEM:qaAla|ROOT:qwl|3MS
w-s024-a028-w013	24:28	24:28	13	24:28:13	لَكُمُ			PRON					PREFIX|l:P+ | STEM|POS:PRON|2MP
w-s024-a028-w014	24:28	24:28	14	24:28:14	ٱرْجِعُوا۟	رَجَعَ	ر ج ع	V	IMPV				STEM|POS:V|IMPV|LEM:rajaEa|ROOT:rjE|2MP | SUFFIX|PRON:2MP
w-s024-a028-w015	24:28	24:28	15	24:28:15	فَٱرْجِعُوا۟	رَجَعَ	ر ج ع	V	IMPV				PREFIX|f:REM+ | STEM|POS:V|IMPV|LEM:rajaEa|ROOT:rjE|2MP | SUFFIX|PRON:2MP
w-s024-a028-w016	24:28	24:28	16	24:28:16	هُوَ			PRON					STEM|POS:PRON|3MS
w-s024-a028-w017	24:28	24:28	17	24:28:17	أَزْكَىٰ	أَزْكَىٰ	ز ك و	N					STEM|POS:N|LEM:>azokaY`|ROOT:zkw|NOM
w-s024-a028-w018	24:28	24:28	18	24:28:18	لَكُمْ			PRON					PREFIX|l:P+ | STEM|POS:PRON|2MP
w-s024-a028-w019	24:28	24:28	19	24:28:19	وَٱللَّهُ	ٱللَّه	ء ل ه	PN					PREFIX|w:CONJ+ | STEM|POS:PN|LEM:{ll~ah|ROOT:Alh|NOM
w-s024-a028-w020	24:28	24:28	20	24:28:20	بِمَا	مَا		REL					PREFIX|bi+ | STEM|POS:REL|LEM:maA
w-s024-a028-w021	24:28	24:28	21	24:28:21	تَعْمَلُونَ	عَمِلَ	ع م ل	V	IMPF				STEM|POS:V|IMPF|LEM:Eamila|ROOT:Eml|2MP | SUFFIX|PRON:2MP
w-s024-a028-w022	24:28	24:28	22	24:28:22	عَلِيمٌ	عَلِيم	ع ل م	N					STEM|POS:N|LEM:Ealiym|ROOT:Elm|MS|INDEF|NOM
w-s024-a029-w001	24:29	24:29	1	24:29:1	لَّيْسَ	لَّيْسَ	ل ي س	V	PERF				STEM|POS:V|PERF|LEM:l~ayosa|ROOT:lys|SP:kaAn|3MS
w-s024-a029-w002	24:29	24:29	2	24:29:2	عَلَيْكُمْ	عَلَىٰ		P					STEM|POS:P|LEM:EalaY` | SUFFIX|PRON:2MP
w-s024-a029-w003	24:29	24:29	3	24:29:3	جُنَاحٌ	جُنَاح	ج ن ح	N					STEM|POS:N|LEM:junaAH|ROOT:jnH|M|INDEF|NOM
w-s024-a029-w004	24:29	24:29	4	24:29:4	أَن	أَن		SUB					STEM|POS:SUB|LEM:>an
w-s024-a029-w005	24:29	24:29	5	24:29:5	تَدْخُلُوا۟	دَخَلَ	د خ ل	V	IMPF	SUBJ			STEM|POS:V|IMPF|LEM:daxala|ROOT:dxl|2MP|MOOD:SUBJ | SUFFIX|PRON:2MP
w-s024-a029-w006	24:29	24:29	6	24:29:6	بُيُوتًا	بَيْت	ب ي ت	N					STEM|POS:N|LEM:bayot|ROOT:byt|MP|INDEF|ACC
w-s024-a029-w007	24:29	24:29	7	24:29:7	غَيْرَ	غَيْر	غ ي ر	N					STEM|POS:N|LEM:gayor|ROOT:gyr|M|ACC
w-s024-a029-w008	24:29	24:29	8	24:29:8	مَسْكُونَةٍ	مَسْكُونَة	س ك ن	N			PASS		STEM|POS:N|PASS|PCPL|LEM:masokuwnap|ROOT:skn|F|INDEF|GEN
w-s024-a029-w009	24:29	24:29	9	24:29:9	فِيهَا	فِى		P					STEM|POS:P|LEM:fiY | SUFFIX|PRON:3FS
w-s024-a029-w010	24:29	24:29	10	24:29:10	مَتَٰعٌ	مَتَٰع	م ت ع	N					STEM|POS:N|LEM:mata`E|ROOT:mtE|M|INDEF|NOM
w-s024-a029-w011	24:29	24:29	11	24:29:11	لَّكُمْ			PRON					PREFIX|l:P+ | STEM|POS:PRON|2MP
w-s024-a029-w012	24:29	24:29	12	24:29:12	وَٱللَّهُ	ٱللَّه	ء ل ه	PN					PREFIX|w:CONJ+ | STEM|POS:PN|LEM:{ll~ah|ROOT:Alh|NOM
w-s024-a029-w013	24:29	24:29	13	24:29:13	يَعْلَمُ	عَلِمَ	ع ل م	V	IMPF				STEM|POS:V|IMPF|LEM:Ealima|ROOT:Elm|3MS
w-s024-a029-w014	24:29	24:29	14	24:29:14	مَا	مَا		REL					STEM|POS:REL|LEM:maA
w-s024-a029-w015	24:29	24:29	15	24:29:15	تُبْدُونَ	يُبْدِىَ	ب د و	V	IMPF			IV	STEM|POS:V|IMPF|(IV)|LEM:yubodiYa|ROOT:bdw|2MP | SUFFIX|PRON:2MP
w-s024-a029-w016	24:29	24:29	16	24:29:16	وَمَا	مَا		REL					PREFIX|w:CONJ+ | STEM|POS:REL|LEM:maA
w-s024-a029-w017	24:29	24:29	17	24:29:17	تَكْتُمُونَ	كَتَمَ	ك ت م	V	IMPF				STEM|POS:V|IMPF|LEM:katama|ROOT:ktm|2MP | SUFFIX|PRON:2MP
w-s024-a030-w001	24:30	24:30	1	24:30:1	قُل	قَالَ	ق و ل	V	IMPV				STEM|POS:V|IMPV|LEM:qaAla|ROOT:qwl|2MS
w-s024-a030-w002	24:30	24:30	2	24:30:2	لِّلْمُؤْمِنِينَ	مُؤْمِن	ء م ن	N			ACT	IV	PREFIX|l:P+ | PREFIX|Al+ | STEM|POS:N|ACT|PCPL|(IV)|LEM:mu&omin|ROOT:Amn|MP|GEN
w-s024-a030-w003	24:30	24:30	3	24:30:3	يَغُضُّوا۟	يَغُضُّ	غ ض ض	V	IMPF	JUS			STEM|POS:V|IMPF|LEM:yaguD~u|ROOT:gDD|3MP|MOOD:JUS | SUFFIX|PRON:3MP
w-s024-a030-w004	24:30	24:30	4	24:30:4	مِنْ	مِن		P					STEM|POS:P|LEM:min
w-s024-a030-w005	24:30	24:30	5	24:30:5	أَبْصَٰرِهِمْ	بَصَر	ب ص ر	N					STEM|POS:N|LEM:baSar|ROOT:bSr|MP|GEN | SUFFIX|PRON:3MP
w-s024-a030-w006	24:30	24:30	6	24:30:6	وَيَحْفَظُوا۟	حَفِظَ	ح ف ظ	V	IMPF	JUS			PREFIX|w:CONJ+ | STEM|POS:V|IMPF|LEM:HafiZa|ROOT:HfZ|3MP|MOOD:JUS | SUFFIX|PRON:3MP
w-s024-a030-w007	24:30	24:30	7	24:30:7	فُرُوجَهُمْ	فَرْج	ف ر ج	N					STEM|POS:N|LEM:faroj|ROOT:frj|MP|ACC | SUFFIX|PRON:3MP
w-s024-a030-w008	24:30	24:30	8	24:30:8	ذَٰلِكَ	ذَٰلِك		DEM					STEM|POS:DEM|LEM:*a`lik|MS
w-s024-a030-w009	24:30	24:30	9	24:30:9	أَزْكَىٰ	أَزْكَىٰ	ز ك و	N					STEM|POS:N|LEM:>azokaY`|ROOT:zkw|NOM
w-s024-a030-w010	24:30	24:30	10	24:30:10	لَهُمْ			PRON					PREFIX|l:P+ | STEM|POS:PRON|3MP
w-s024-a030-w011	24:30	24:30	11	24:30:11	إِنَّ	إِنّ		ACC					STEM|POS:ACC|LEM:<in~|SP:<in~
w-s024-a030-w012	24:30	24:30	12	24:30:12	ٱللَّهَ	ٱللَّه	ء ل ه	PN					STEM|POS:PN|LEM:{ll~ah|ROOT:Alh|ACC
w-s024-a030-w013	24:30	24:30	13	24:30:13	خَبِيرٌۢ	خَبِير	خ ب ر	ADJ					STEM|POS:ADJ|LEM:xabiyr|ROOT:xbr|MS|INDEF|NOM
w-s024-a030-w014	24:30	24:30	14	24:30:14	بِمَا	مَا		REL					PREFIX|bi+ | STEM|POS:REL|LEM:maA
w-s024-a030-w015	24:30	24:30	15	24:30:15	يَصْنَعُونَ	صَنَعُ	ص ن ع	V	IMPF				STEM|POS:V|IMPF|LEM:SanaEu|ROOT:SnE|3MP | SUFFIX|PRON:3MP
w-s024-a031-w001	24:31	24:31	1	24:31:1	وَقُل	قَالَ	ق و ل	V	IMPV				PREFIX|w:CONJ+ | STEM|POS:V|IMPV|LEM:qaAla|ROOT:qwl|2MS
w-s024-a031-w002	24:31	24:31	2	24:31:2	لِّلْمُؤْمِنَٰتِ	مُّؤْمِنَٰت	ء م ن	N			ACT	IV	PREFIX|l:P+ | PREFIX|Al+ | STEM|POS:N|ACT|PCPL|(IV)|LEM:m~u&omina`t|ROOT:Amn|FP|GEN
w-s024-a031-w003	24:31	24:31	3	24:31:3	يَغْضُضْنَ	يَغُضُّ	غ ض ض	V	IMPF	JUS			STEM|POS:V|IMPF|LEM:yaguD~u|ROOT:gDD|3FP|MOOD:JUS | SUFFIX|PRON:3FP
w-s024-a031-w004	24:31	24:31	4	24:31:4	مِنْ	مِن		P					STEM|POS:P|LEM:min
w-s024-a031-w005	24:31	24:31	5	24:31:5	أَبْصَٰرِهِنَّ	بَصَر	ب ص ر	N					STEM|POS:N|LEM:baSar|ROOT:bSr|MP|GEN | SUFFIX|PRON:3FP
w-s024-a031-w006	24:31	24:31	6	24:31:6	وَيَحْفَظْنَ	حَفِظَ	ح ف ظ	V	IMPF	JUS			PREFIX|w:CONJ+ | STEM|POS:V|IMPF|LEM:HafiZa|ROOT:HfZ|3FP|MOOD:JUS | SUFFIX|PRON:3FP
w-s024-a031-w007	24:31	24:31	7	24:31:7	فُرُوجَهُنَّ	فَرْج	ف ر ج	N					STEM|POS:N|LEM:faroj|ROOT:frj|MP|ACC | SUFFIX|PRON:3FP
w-s024-a031-w008	24:31	24:31	8	24:31:8	وَلَا	لَا		PRO					PREFIX|w:CONJ+ | STEM|POS:PRO|LEM:laA
w-s024-a031-w009	24:31	24:31	9	24:31:9	يُبْدِينَ	يُبْدِىَ	ب د و	V	IMPF	JUS		IV	STEM|POS:V|IMPF|(IV)|LEM:yubodiYa|ROOT:bdw|3FP|MOOD:JUS | SUFFIX|PRON:3FP
w-s024-a031-w010	24:31	24:31	10	24:31:10	زِينَتَهُنَّ	زِينَة	ز ي ن	N					STEM|POS:N|LEM:ziynap|ROOT:zyn|F|ACC | SUFFIX|PRON:3FP
w-s024-a031-w011	24:31	24:31	11	24:31:11	إِلَّا	إِلَّا		RES					STEM|POS:RES|LEM:<il~aA
w-s024-a031-w012	24:31	24:31	12	24:31:12	مَا	مَا		REL					STEM|POS:REL|LEM:maA
w-s024-a031-w013	24:31	24:31	13	24:31:13	ظَهَرَ	ظَهَرَ	ظ ه ر	V	PERF				STEM|POS:V|PERF|LEM:Zahara|ROOT:Zhr|3MS
w-s024-a031-w014	24:31	24:31	14	24:31:14	مِنْهَا	مِن		P					STEM|POS:P|LEM:min | SUFFIX|PRON:3FS
w-s024-a031-w015	24:31	24:31	15	24:31:15	وَلْيَضْرِبْنَ	ضَرَبَ	ض ر ب	V	IMPF	JUS			PREFIX|w:CONJ+ | PREFIX|l:IMPV+ | STEM|POS:V|IMPF|LEM:Daraba|ROOT:Drb|3FP|MOOD:JUS | SUFFIX|PRON:3FP
w-s024-a031-w016	24:31	24:31	16	24:31:16	بِخُمُرِهِنَّ	خُمُر	خ م ر	N					PREFIX|bi+ | STEM|POS:N|LEM:xumur|ROOT:xmr|MP|GEN | SUFFIX|PRON:3FP
w-s024-a031-w017	24:31	24:31	17	24:31:17	عَلَىٰ	عَلَىٰ		P					STEM|POS:P|LEM:EalaY`
w-s024-a031-w018	24:31	24:31	18	24:31:18	جُيُوبِهِنَّ	جَيْب	ج ي ب	N					STEM|POS:N|LEM:jayob|ROOT:jyb|MP|GEN | SUFFIX|PRON:3FP
w-s024-a031-w019	24:31	24:31	19	24:31:19	وَلَا	لَا		PRO					PREFIX|w:CONJ+ | STEM|POS:PRO|LEM:laA
w-s024-a031-w020	24:31	24:31	20	24:31:20	يُبْدِينَ	يُبْدِىَ	ب د و	V	IMPF	JUS		IV	STEM|POS:V|IMPF|(IV)|LEM:yubodiYa|ROOT:bdw|3FP|MOOD:JUS | SUFFIX|PRON:3FP
w-s024-a031-w021	24:31	24:31	21	24:31:21	زِينَتَهُنَّ	زِينَة	ز ي ن	N					STEM|POS:N|LEM:ziynap|ROOT:zyn|F|ACC | SUFFIX|PRON:3FP
w-s024-a031-w022	24:31	24:31	22	24:31:22	إِلَّا	إِلَّا		RES					STEM|POS:RES|LEM:<il~aA
w-s024-a031-w023	24:31	24:31	23	24:31:23	لِبُعُولَتِهِنَّ	بَعْل	ب ع ل	N					PREFIX|l:P+ | STEM|POS:N|LEM:baEol|ROOT:bEl|MP|GEN | SUFFIX|PRON:3FP
w-s024-a031-w024	24:31	24:31	24	24:31:24	أَوْ	أَو		CONJ					STEM|POS:CONJ|LEM:>aw
w-s024-a031-w025	24:31	24:31	25	24:31:25	ءَابَآئِهِنَّ	آبَاء	ء ب و	N					STEM|POS:N|LEM:A^baA'|ROOT:Abw|MP|GEN | SUFFIX|PRON:3FP
w-s024-a031-w026	24:31	24:31	26	24:31:26	أَوْ	أَو		CONJ					STEM|POS:CONJ|LEM:>aw
w-s024-a031-w027	24:31	24:31	27	24:31:27	ءَابَآءِ	آبَاء	ء ب و	N					STEM|POS:N|LEM:A^baA'|ROOT:Abw|MP|GEN
w-s024-a031-w028	24:31	24:31	28	24:31:28	بُعُولَتِهِنَّ	بَعْل	ب ع ل	N					STEM|POS:N|LEM:baEol|ROOT:bEl|MP|GEN | SUFFIX|PRON:3FP
w-s024-a031-w029	24:31	24:31	29	24:31:29	أَوْ	أَو		CONJ					STEM|POS:CONJ|LEM:>aw
w-s024-a031-w030	24:31	24:31	30	24:31:30	أَبْنَآئِهِنَّ	ٱبْن	ب ن ي	N					STEM|POS:N|LEM:{bon|ROOT:bny|MP|GEN | SUFFIX|PRON:3FP
w-s024-a031-w031	24:31	24:31	31	24:31:31	أَوْ	أَو		CONJ					STEM|POS:CONJ|LEM:>aw
w-s024-a031-w032	24:31	24:31	32	24:31:32	أَبْنَآءِ	ٱبْن	ب ن ي	N					STEM|POS:N|LEM:{bon|ROOT:bny|MP|GEN
w-s024-a031-w033	24:31	24:31	33	24:31:33	بُعُولَتِهِنَّ	بَعْل	ب ع ل	N					STEM|POS:N|LEM:baEol|ROOT:bEl|MP|GEN | SUFFIX|PRON:3FP
w-s024-a031-w034	24:31	24:31	34	24:31:34	أَوْ	أَو		CONJ					STEM|POS:CONJ|LEM:>aw
w-s024-a031-w035	24:31	24:31	35	24:31:35	إِخْوَٰنِهِنَّ	أَخ	ء خ و	N					STEM|POS:N|LEM:>ax|ROOT:Axw|MP|GEN | SUFFIX|PRON:3FP
w-s024-a031-w036	24:31	24:31	36	24:31:36	أَوْ	أَو		CONJ					STEM|POS:CONJ|LEM:>aw
w-s024-a031-w037	24:31	24:31	37	24:31:37	بَنِىٓ	بُنَىّ	ب ن ي	N					STEM|POS:N|LEM:bunaY~|ROOT:bny|MP|GEN
w-s024-a031-w038	24:31	24:31	38	24:31:38	إِخْوَٰنِهِنَّ	أَخ	ء خ و	N					STEM|POS:N|LEM:>ax|ROOT:Axw|MP|GEN | SUFFIX|PRON:3FP
w-s024-a031-w039	24:31	24:31	39	24:31:39	أَوْ	أَو		CONJ					STEM|POS:CONJ|LEM:>aw
w-s024-a031-w040	24:31	24:31	40	24:31:40	بَنِىٓ	بُنَىّ	ب ن ي	N					STEM|POS:N|LEM:bunaY~|ROOT:bny|MP|GEN
w-s024-a031-w041	24:31	24:31	41	24:31:41	أَخَوَٰتِهِنَّ	أُخْت	ء خ و	N					STEM|POS:N|LEM:>uxot|ROOT:Axw|FP|GEN | SUFFIX|PRON:3FP
w-s024-a031-w042	24:31	24:31	42	24:31:42	أَوْ	أَو		CONJ					STEM|POS:CONJ|LEM:>aw
w-s024-a031-w043	24:31	24:31	43	24:31:43	نِسَآئِهِنَّ	نِسَآء	ن س و	N					STEM|POS:N|LEM:nisaA^'|ROOT:nsw|FP|GEN | SUFFIX|PRON:3FP
w-s024-a031-w044	24:31	24:31	44	24:31:44	أَوْ	أَو		CONJ					STEM|POS:CONJ|LEM:>aw
w-s024-a031-w045	24:31	24:31	45	24:31:45	مَا	مَا		REL					STEM|POS:REL|LEM:maA
w-s024-a031-w046	24:31	24:31	46	24:31:46	مَلَكَتْ	مَلَكَتْ	م ل ك	V	PERF				STEM|POS:V|PERF|LEM:malakato|ROOT:mlk|3FS
w-s024-a031-w047	24:31	24:31	47	24:31:47	أَيْمَٰنُهُنَّ	يَمِين	ي م ن	N					STEM|POS:N|LEM:yamiyn|ROOT:ymn|MP|NOM | SUFFIX|PRON:3FP
w-s024-a031-w048	24:31	24:31	48	24:31:48	أَوِ	أَو		CONJ					STEM|POS:CONJ|LEM:>aw
w-s024-a031-w049	24:31	24:31	49	24:31:49	ٱلتَّٰبِعِينَ	تَابِع	ت ب ع	N			ACT		PREFIX|Al+ | STEM|POS:N|ACT|PCPL|LEM:taAbiE|ROOT:tbE|MP|GEN
w-s024-a031-w050	24:31	24:31	50	24:31:50	غَيْرِ	غَيْر	غ ي ر	N					STEM|POS:N|LEM:gayor|ROOT:gyr|M|GEN
w-s024-a031-w051	24:31	24:31	51	24:31:51	أُو۟لِى	أُولِى	ء و ل	N					STEM|POS:N|LEM:>uwliY|ROOT:Awl|MP|GEN
w-s024-a031-w052	24:31	24:31	52	24:31:52	ٱلْإِرْبَةِ	إِرْبَة	ء ر ب	N					PREFIX|Al+ | STEM|POS:N|LEM:<irobap|ROOT:Arb|F|GEN
w-s024-a031-w053	24:31	24:31	53	24:31:53	مِنَ	مِن		P					STEM|POS:P|LEM:min
w-s024-a031-w054	24:31	24:31	54	24:31:54	ٱلرِّجَالِ	رِجَال	ر ج ل	N					PREFIX|Al+ | STEM|POS:N|LEM:rijaAl|ROOT:rjl|MP|GEN
w-s024-a031-w055	24:31	24:31	55	24:31:55	أَوِ	أَو		CONJ					STEM|POS:CONJ|LEM:>aw
w-s024-a031-w056	24:31	24:31	56	24:31:56	ٱلطِّفْلِ	طِفْل	ط ف ل	N					PREFIX|Al+ | STEM|POS:N|LEM:Tifol|ROOT:Tfl|M|GEN
w-s024-a031-w057	24:31	24:31	57	24:31:57	ٱلَّذِينَ	ٱلَّذِى		REL					STEM|POS:REL|LEM:{l~a*iY|MP
w-s024-a031-w058	24:31	24:31	58	24:31:58	لَمْ	لَم		NEG					STEM|POS:NEG|LEM:lam
w-s024-a031-w059	24:31	24:31	59	24:31:59	يَظْهَرُوا۟	ظَهَرَ	ظ ه ر	V	IMPF	JUS			STEM|POS:V|IMPF|LEM:Zahara|ROOT:Zhr|3MP|MOOD:JUS | SUFFIX|PRON:3MP
w-s024-a031-w060	24:31	24:31	60	24:31:60	عَلَىٰ	عَلَىٰ		P					STEM|POS:P|LEM:EalaY`
w-s024-a031-w061	24:31	24:31	61	24:31:61	عَوْرَٰتِ	عَوْرَة	ع و ر	N					STEM|POS:N|LEM:Eaworap|ROOT:Ewr|FP|GEN
w-s024-a031-w062	24:31	24:31	62	24:31:62	ٱلنِّسَآءِ	نِسَآء	ن س و	N					PREFIX|Al+ | STEM|POS:N|LEM:nisaA^'|ROOT:nsw|FP|GEN
w-s024-a031-w063	24:31	24:31	63	24:31:63	وَلَا	لَا		PRO					PREFIX|w:CONJ+ | STEM|POS:PRO|LEM:laA
w-s024-a031-w064	24:31	24:31	64	24:31:64	يَضْرِبْنَ	ضَرَبَ	ض ر ب	V	IMPF	JUS			STEM|POS:V|IMPF|LEM:Daraba|ROOT:Drb|3FP|MOOD:JUS | SUFFIX|PRON:3FP
w-s024-a031-w065	24:31	24:31	65	24:31:65	بِأَرْجُلِهِنَّ	رِجْل	ر ج ل	N					PREFIX|bi+ | STEM|POS:N|LEM:rijol|ROOT:rjl|FP|GEN | SUFFIX|PRON:3FP
w-s024-a031-w066	24:31	24:31	66	24:31:66	لِيُعْلَمَ	عَلِمَ	ع ل م	V	IMPF	SUBJ	PASS		PREFIX|l:PRP+ | STEM|POS:V|IMPF|PASS|LEM:Ealima|ROOT:Elm|3MS|MOOD:SUBJ
w-s024-a031-w067	24:31	24:31	67	24:31:67	مَا	مَا		REL					STEM|POS:REL|LEM:maA
w-s024-a031-w068	24:31	24:31	68	24:31:68	يُخْفِينَ	أُخْفِىَ	خ ف ي	V	IMPF			IV	STEM|POS:V|IMPF|(IV)|LEM:>uxofiYa|ROOT:xfy|3FP | SUFFIX|PRON:3FP
w-s024-a031-w069	24:31	24:31	69	24:31:69	مِن	مِن		P					STEM|POS:P|LEM:min
w-s024-a031-w070	24:31	24:31	70	24:31:70	زِينَتِهِنَّ	زِينَة	ز ي ن	N					STEM|POS:N|LEM:ziynap|ROOT:zyn|F|GEN | SUFFIX|PRON:3FP
w-s024-a031-w071	24:31	24:31	71	24:31:71	وَتُوبُوٓا۟	تَابَ	ت و ب	V	IMPV				PREFIX|w:CONJ+ | STEM|POS:V|IMPV|LEM:taAba|ROOT:twb|2MP | SUFFIX|PRON:2MP
w-s024-a031-w072	24:31	24:31	72	24:31:72	إِلَى	إِلَىٰ		P					STEM|POS:P|LEM:<ilaY`
w-s024-a031-w073	24:31	24:31	73	24:31:73	ٱللَّهِ	ٱللَّه	ء ل ه	PN					STEM|POS:PN|LEM:{ll~ah|ROOT:Alh|GEN
w-s024-a031-w074	24:31	24:31	74	24:31:74	جَمِيعًا	جَمِيع	ج م ع	N					STEM|POS:N|LEM:jamiyE|ROOT:jmE|M|INDEF|ACC
w-s024-a031-w075	24:31	24:31	75	24:31:75	أَيُّهَ	أَيُّهَا		N					STEM|POS:N|LEM:>ay~uhaA|NOM
w-s024-a031-w076	24:31	24:31	76	24:31:76	ٱلْمُؤْمِنُونَ	مُؤْمِن	ء م ن	N			ACT	IV	PREFIX|Al+ | STEM|POS:N|ACT|PCPL|(IV)|LEM:mu&omin|ROOT:Amn|MP|NOM
w-s024-a031-w077	24:31	24:31	77	24:31:77	لَعَلَّكُمْ	لَعَلّ		ACC					STEM|POS:ACC|LEM:laEal~|SP:<in~ | SUFFIX|PRON:2MP
w-s024-a031-w078	24:31	24:31	78	24:31:78	تُفْلِحُونَ	أَفْلَحَ	ف ل ح	V	IMPF			IV	STEM|POS:V|IMPF|(IV)|LEM:>afolaHa|ROOT:flH|2MP | SUFFIX|PRON:2MP
w-s024-a032-w001	24:32	24:32	1	24:32:1	وَأَنكِحُوا۟	تُنكِحُ	ن ك ح	V	IMPV			IV	PREFIX|w:CONJ+ | STEM|POS:V|IMPV|(IV)|LEM:tunkiHu|ROOT:nkH|2MP | SUFFIX|PRON:2MP
w-s024-a032-w002	24:32	24:32	2	24:32:2	ٱلْأَيَٰمَىٰ	أَيَٰمَىٰ	ء ي م	N					PREFIX|Al+ | STEM|POS:N|LEM:>aya`maY`|ROOT:Aym|MP|ACC
w-s024-a032-w003	24:32	24:32	3	24:32:3	مِنكُمْ	مِن		P					STEM|POS:P|LEM:min | SUFFIX|PRON:2MP
w-s024-a032-w004	24:32	24:32	4	24:32:4	وَٱلصَّٰلِحِينَ	صَٰلِح	ص ل ح	N			ACT		PREFIX|w:CONJ+ | PREFIX|Al+ | STEM|POS:N|ACT|PCPL|LEM:Sa`liH|ROOT:SlH|MP|ACC
w-s024-a032-w005	24:32	24:32	5	24:32:5	مِنْ	مِن		P					STEM|POS:P|LEM:min
w-s024-a032-w006	24:32	24:32	6	24:32:6	عِبَادِكُمْ	عَبْد	ع ب د	N					STEM|POS:N|LEM:Eabod|ROOT:Ebd|MP|GEN | SUFFIX|PRON:2MP
w-s024-a032-w007	24:32	24:32	7	24:32:7	وَإِمَآئِكُمْ	أَمَة	ء م و	N					PREFIX|w:CONJ+ | STEM|POS:N|LEM:>amap|ROOT:Amw|FP|GEN | SUFFIX|PRON:2MP
w-s024-a032-w008	24:32	24:32	8	24:32:8	إِن	إِن		COND					STEM|POS:COND|LEM:<in
w-s024-a032-w009	24:32	24:32	9	24:32:9	يَكُونُوا۟	كَانَ	ك و ن	V	IMPF	SUBJ			STEM|POS:V|IMPF|LEM:kaAna|ROOT:kwn|SP:kaAn|3MP|MOOD:SUBJ | SUFFIX|PRON:3MP
w-s024-a032-w010	24:32	24:32	10	24:32:10	فُقَرَآءَ	فَقِير	ف ق ر	N					STEM|POS:N|LEM:faqiyr|ROOT:fqr|MP|ACC
w-s024-a032-w011	24:32	24:32	11	24:32:11	يُغْنِهِمُ	أَغْنَتْ	غ ن ي	V	IMPF			IV	STEM|POS:V|IMPF|(IV)|LEM:>agonato|ROOT:gny|3MS | SUFFIX|PRON:3MP
w-s024-a032-w012	24:32	24:32	12	24:32:12	ٱللَّهُ	ٱللَّه	ء ل ه	PN					STEM|POS:PN|LEM:{ll~ah|ROOT:Alh|NOM
w-s024-a032-w013	24:32	24:32	13	24:32:13	مِن	مِن		P					STEM|POS:P|LEM:min
w-s024-a032-w014	24:32	24:32	14	24:32:14	فَضْلِهِۦ	فَضْل	ف ض ل	N					STEM|POS:N|LEM:faDol|ROOT:fDl|M|GEN | SUFFIX|PRON:3MS
w-s024-a032-w015	24:32	24:32	15	24:32:15	وَٱللَّهُ	ٱللَّه	ء ل ه	PN					PREFIX|w:CONJ+ | STEM|POS:PN|LEM:{ll~ah|ROOT:Alh|NOM
w-s024-a032-w016	24:32	24:32	16	24:32:16	وَٰسِعٌ	وَٰسِع	و س ع	N			ACT		STEM|POS:N|ACT|PCPL|LEM:wa`siE|ROOT:wsE|M|INDEF|NOM
w-s024-a032-w017	24:32	24:32	17	24:32:17	عَلِيمٌ	عَلِيم	ع ل م	ADJ					STEM|POS:ADJ|LEM:Ealiym|ROOT:Elm|MS|INDEF|NOM
w-s024-a033-w001	24:33	24:33	1	24:33:1	وَلْيَسْتَعْفِفِ	يَسْتَعْفِفْ	ع ف ف	V	IMPF	JUS		X	PREFIX|w:CONJ+ | PREFIX|l:IMPV+ | STEM|POS:V|IMPF|(X)|LEM:yasotaEofifo|ROOT:Eff|3MS|MOOD:JUS
w-s024-a033-w002	24:33	24:33	2	24:33:2	ٱلَّذِينَ	ٱلَّذِى		REL					STEM|POS:REL|LEM:{l~a*iY|MP
w-s024-a033-w003	24:33	24:33	3	24:33:3	لَا	لَا		NEG					STEM|POS:NEG|LEM:laA
w-s024-a033-w004	24:33	24:33	4	24:33:4	يَجِدُونَ	وَجَدَ	و ج د	V	IMPF				STEM|POS:V|IMPF|LEM:wajada|ROOT:wjd|3MP | SUFFIX|PRON:3MP
w-s024-a033-w005	24:33	24:33	5	24:33:5	نِكَاحًا	نِكَاح	ن ك ح	N					STEM|POS:N|LEM:nikaAH|ROOT:nkH|M|INDEF|ACC
w-s024-a033-w006	24:33	24:33	6	24:33:6	حَتَّىٰ	حَتَّىٰ		P					STEM|POS:P|LEM:Hat~aY`
w-s024-a033-w007	24:33	24:33	7	24:33:7	يُغْنِيَهُمُ	أَغْنَتْ	غ ن ي	V	IMPF	SUBJ		IV	STEM|POS:V|IMPF|(IV)|LEM:>agonato|ROOT:gny|3MS|MOOD:SUBJ | SUFFIX|PRON:3MP
w-s024-a033-w008	24:33	24:33	8	24:33:8	ٱللَّهُ	ٱللَّه	ء ل ه	PN					STEM|POS:PN|LEM:{ll~ah|ROOT:Alh|NOM
w-s024-a033-w009	24:33	24:33	9	24:33:9	مِن	مِن		P					STEM|POS:P|LEM:min
w-s024-a033-w010	24:33	24:33	10	24:33:10	فَضْلِهِۦ	فَضْل	ف ض ل	N					STEM|POS:N|LEM:faDol|ROOT:fDl|M|GEN | SUFFIX|PRON:3MS
w-s024-a033-w011	24:33	24:33	11	24:33:11	وَٱلَّذِينَ	ٱلَّذِى		REL					PREFIX|w:CONJ+ | STEM|POS:REL|LEM:{l~a*iY|MP
w-s024-a033-w012	24:33	24:33	12	24:33:12	يَبْتَغُونَ	ٱبْتَغَىٰ	ب غ ي	V	IMPF			VIII	STEM|POS:V|IMPF|(VIII)|LEM:{botagaY`|ROOT:bgy|3MP | SUFFIX|PRON:3MP
w-s024-a033-w013	24:33	24:33	13	24:33:13	ٱلْكِتَٰبَ	كِتَٰب	ك ت ب	N					PREFIX|Al+ | STEM|POS:N|LEM:kita`b|ROOT:ktb|M|ACC
w-s024-a033-w014	24:33	24:33	14	24:33:14	مِمَّا	مِن;مَا		P;REL					STEM|POS:P|LEM:min | STEM|POS:REL|LEM:maA
w-s024-a033-w015	24:33	24:33	15	24:33:15	مَلَكَتْ	مَلَكَتْ	م ل ك	V	PERF				STEM|POS:V|PERF|LEM:malakato|ROOT:mlk|3FS
w-s024-a033-w016	24:33	24:33	16	24:33:16	أَيْمَٰنُكُمْ	يَمِين	ي م ن	N					STEM|POS:N|LEM:yamiyn|ROOT:ymn|MP|NOM | SUFFIX|PRON:2MP
w-s024-a033-w017	24:33	24:33	17	24:33:17	فَكَاتِبُوهُمْ	كَاتِبُ	ك ت ب	V	IMPV			III	PREFIX|f:REM+ | STEM|POS:V|IMPV|(III)|LEM:kaAtibu|ROOT:ktb|2MP | SUFFIX|PRON:2MP | SUFFIX|PRON:3MP
w-s024-a033-w018	24:33	24:33	18	24:33:18	إِنْ	إِن		COND					STEM|POS:COND|LEM:<in
w-s024-a033-w019	24:33	24:33	19	24:33:19	عَلِمْتُمْ	عَلِمَ	ع ل م	V	PERF				STEM|POS:V|PERF|LEM:Ealima|ROOT:Elm|2MP | SUFFIX|PRON:2MP
w-s024-a033-w020	24:33	24:33	20	24:33:20	فِيهِمْ	فِى		P					STEM|POS:P|LEM:fiY | SUFFIX|PRON:3MP
w-s024-a033-w021	24:33	24:33	21	24:33:21	خَيْرًا	خَيْر	خ ي ر	N					STEM|POS:N|LEM:xayor|ROOT:xyr|MS|INDEF|ACC
w-s024-a033-w022	24:33	24:33	22	24:33:22	وَءَاتُوهُم	آتَى	ء ت ي	V	IMPV			IV	PREFIX|w:CONJ+ | STEM|POS:V|IMPV|(IV)|LEM:A^taY|ROOT:Aty|2MP | SUFFIX|PRON:2MP | SUFFIX|PRON:3MP
w-s024-a033-w023	24:33	24:33	23	24:33:23	مِّن	مِن		P					STEM|POS:P|LEM:min
w-s024-a033-w024	24:33	24:33	24	24:33:24	مَّالِ	مَال	م و ل	N					STEM|POS:N|LEM:maAl|ROOT:mwl|M|GEN
w-s024-a033-w025	24:33	24:33	25	24:33:25	ٱللَّهِ	ٱللَّه	ء ل ه	PN					STEM|POS:PN|LEM:{ll~ah|ROOT:Alh|GEN
w-s024-a033-w026	24:33	24:33	26	24:33:26	ٱلَّذِىٓ	ٱلَّذِى		REL					STEM|POS:REL|LEM:{l~a*iY|MS
w-s024-a033-w027	24:33	24:33	27	24:33:27	ءَاتَىٰكُمْ	آتَى	ء ت ي	V	PERF			IV	STEM|POS:V|PERF|(IV)|LEM:A^taY|ROOT:Aty|3MS | SUFFIX|PRON:2MP
w-s024-a033-w028	24:33	24:33	28	24:33:28	وَلَا	لَا		PRO					PREFIX|w:CONJ+ | STEM|POS:PRO|LEM:laA
w-s024-a033-w029	24:33	24:33	29	24:33:29	تُكْرِهُوا۟	أُكْرِهَ	ك ر ه	V	IMPF	JUS		IV	STEM|POS:V|IMPF|(IV)|LEM:>ukoriha|ROOT:krh|2MP|MOOD:JUS | SUFFIX|PRON:2MP
w-s024-a033-w030	24:33	24:33	30	24:33:30	فَتَيَٰتِكُمْ	فَتَيَٰت	ف ت ي	N					STEM|POS:N|LEM:fataya`t|ROOT:fty|FP|GEN | SUFFIX|PRON:2MP
w-s024-a033-w031	24:33	24:33	31	24:33:31	عَلَى	عَلَىٰ		P					STEM|POS:P|LEM:EalaY`
w-s024-a033-w032	24:33	24:33	32	24:33:32	ٱلْبِغَآءِ	بِغَآء	ب غ ي	N					PREFIX|Al+ | STEM|POS:N|VN|LEM:bigaA^'|ROOT:bgy|M|GEN
w-s024-a033-w033	24:33	24:33	33	24:33:33	إِنْ	إِن		COND					STEM|POS:COND|LEM:<in
w-s024-a033-w034	24:33	24:33	34	24:33:34	أَرَدْنَ	أَرَادَ	ر و د	V	PERF			IV	STEM|POS:V|PERF|(IV)|LEM:>araAda|ROOT:rwd|3FP | SUFFIX|PRON:3FP
w-s024-a033-w035	24:33	24:33	35	24:33:35	تَحَصُّنًا	تَحَصُّن	ح ص ن	N				V	STEM|POS:N|VN|(V)|LEM:taHaS~un|ROOT:HSn|M|INDEF|ACC
w-s024-a033-w036	24:33	24:33	36	24:33:36	لِّتَبْتَغُوا۟	ٱبْتَغَىٰ	ب غ ي	V	IMPF	SUBJ		VIII	PREFIX|l:PRP+ | STEM|POS:V|IMPF|(VIII)|LEM:{botagaY`|ROOT:bgy|2MP|MOOD:SUBJ | SUFFIX|PRON:2MP
w-s024-a033-w037	24:33	24:33	37	24:33:37	عَرَضَ	عَرَض	ع ر ض	N					STEM|POS:N|LEM:EaraD|ROOT:ErD|M|ACC
w-s024-a033-w038	24:33	24:33	38	24:33:38	ٱلْحَيَوٰةِ	حَيَوٰة	ح ي ي	N					PREFIX|Al+ | STEM|POS:N|LEM:Hayaw`p|ROOT:Hyy|F|GEN
w-s024-a033-w039	24:33	24:33	39	24:33:39	ٱلدُّنْيَا	دُّنْيَا	د ن و	ADJ					PREFIX|Al+ | STEM|POS:ADJ|LEM:d~unoyaA|ROOT:dnw|FS|GEN
w-s024-a033-w040	24:33	24:33	40	24:33:40	وَمَن	مَن		REL					PREFIX|w:CONJ+ | STEM|POS:REL|LEM:man
w-s024-a033-w041	24:33	24:33	41	24:33:41	يُكْرِههُّنَّ	أُكْرِهَ	ك ر ه	V	IMPF	JUS		IV	STEM|POS:V|IMPF|(IV)|LEM:>ukoriha|ROOT:krh|3MS|MOOD:JUS | SUFFIX|PRON:3FP
w-s024-a033-w042	24:33	24:33	42	24:33:42	فَإِنَّ	إِنّ		ACC					PREFIX|f:REM+ | STEM|POS:ACC|LEM:<in~|SP:<in~
w-s024-a033-w043	24:33	24:33	43	24:33:43	ٱللَّهَ	ٱللَّه	ء ل ه	PN					STEM|POS:PN|LEM:{ll~ah|ROOT:Alh|ACC
w-s024-a033-w044	24:33	24:33	44	24:33:44	مِنۢ	مِن		P					STEM|POS:P|LEM:min
w-s024-a033-w045	24:33	24:33	45	24:33:45	بَعْدِ	بَعْد	ب ع د	N					STEM|POS:N|LEM:baEod|ROOT:bEd|GEN
w-s024-a033-w046	24:33	24:33	46	24:33:46	إِكْرَٰهِهِنَّ	إِكْرَاه	ك ر ه	N				IV	STEM|POS:N|VN|(IV)|LEM:<ikoraAh|ROOT:krh|M|GEN | SUFFIX|PRON:3FP
w-s024-a033-w047	24:33	24:33	47	24:33:47	غَفُورٌ	غَفُور	غ ف ر	ADJ					STEM|POS:ADJ|LEM:gafuwr|ROOT:gfr|MS|INDEF|NOM
w-s024-a033-w048	24:33	24:33	48	24:33:48	رَّحِيمٌ	رَّحِيم	ر ح م	ADJ					STEM|POS:ADJ|LEM:r~aHiym|ROOT:rHm|MS|INDEF|NOM
w-s024-a034-w001	24:34	24:34	1	24:34:1	وَلَقَدْ	قَد		CERT					PREFIX|w:CONJ+ | PREFIX|l:EMPH+ | STEM|POS:CERT|LEM:qad
w-s024-a034-w002	24:34	24:34	2	24:34:2	أَنزَلْنَآ	أَنزَلَ	ن ز ل	V	PERF			IV	STEM|POS:V|PERF|(IV)|LEM:>anzala|ROOT:nzl|1P | SUFFIX|PRON:1P
w-s024-a034-w003	24:34	24:34	3	24:34:3	إِلَيْكُمْ	إِلَىٰ		P					STEM|POS:P|LEM:<ilaY` | SUFFIX|PRON:2MP
w-s024-a034-w004	24:34	24:34	4	24:34:4	ءَايَٰتٍ	ءَايَة	ء ي ي	N					STEM|POS:N|LEM:'aAyap|ROOT:Ayy|FP|INDEF|ACC
w-s024-a034-w005	24:34	24:34	5	24:34:5	مُّبَيِّنَٰتٍ	مُّبَيِّنَٰت	ب ي ن	ADJ					STEM|POS:ADJ|LEM:m~ubay~ina`t|ROOT:byn|FP|INDEF|ACC
w-s024-a034-w006	24:34	24:34	6	24:34:6	وَمَثَلًا	مَثَل	م ث ل	N					PREFIX|w:CONJ+ | STEM|POS:N|LEM:maval|ROOT:mvl|M|INDEF|ACC
w-s024-a034-w007	24:34	24:34	7	24:34:7	مِّنَ	مِن		P					STEM|POS:P|LEM:min
w-s024-a034-w008	24:34	24:34	8	24:34:8	ٱلَّذِينَ	ٱلَّذِى		REL					STEM|POS:REL|LEM:{l~a*iY|MP
w-s024-a034-w009	24:34	24:34	9	24:34:9	خَلَوْا۟	خَلَا	خ ل و	V	PERF				STEM|POS:V|PERF|LEM:xalaA|ROOT:xlw|3MP | SUFFIX|PRON:3MP
w-s024-a034-w010	24:34	24:34	10	24:34:10	مِن	مِن		P					STEM|POS:P|LEM:min
w-s024-a034-w011	24:34	24:34	11	24:34:11	قَبْلِكُمْ	قَبْل	ق ب ل	N					STEM|POS:N|LEM:qabol|ROOT:qbl|GEN | SUFFIX|PRON:2MP
w-s024-a034-w012	24:34	24:34	12	24:34:12	وَمَوْعِظَةً	مَّوْعِظَة	و ع ظ	N					PREFIX|w:CONJ+ | STEM|POS:N|LEM:m~awoEiZap|ROOT:wEZ|F|INDEF|ACC
w-s024-a034-w013	24:34	24:34	13	24:34:13	لِّلْمُتَّقِينَ	مُتَّقِين	و ق ي	N			ACT	VIII	PREFIX|l:P+ | PREFIX|Al+ | STEM|POS:N|ACT|PCPL|(VIII)|LEM:mut~aqiyn|ROOT:wqy|MP|GEN
w-s024-a035-w001	24:35	24:35	1	24:35:1	ٱللَّهُ	ٱللَّه	ء ل ه	PN					STEM|POS:PN|LEM:{ll~ah|ROOT:Alh|NOM
w-s024-a035-w002	24:35	24:35	2	24:35:2	نُورُ	نُور	ن و ر	N					STEM|POS:N|LEM:nuwr|ROOT:nwr|M|NOM
w-s024-a035-w003	24:35	24:35	3	24:35:3	ٱلسَّمَٰوَٰتِ	سَمَآء	س م و	N					PREFIX|Al+ | STEM|POS:N|LEM:samaA^'|ROOT:smw|FP|GEN
w-s024-a035-w004	24:35	24:35	4	24:35:4	وَٱلْأَرْضِ	أَرْض	ء ر ض	N					PREFIX|w:CONJ+ | PREFIX|Al+ | STEM|POS:N|LEM:>aroD|ROOT:ArD|F|GEN
w-s024-a035-w005	24:35	24:35	5	24:35:5	مَثَلُ	مَثَل	م ث ل	N					STEM|POS:N|LEM:maval|ROOT:mvl|M|NOM
w-s024-a035-w006	24:35	24:35	6	24:35:6	نُورِهِۦ	نُور	ن و ر	N					STEM|POS:N|LEM:nuwr|ROOT:nwr|M|GEN | SUFFIX|PRON:3MS
w-s024-a035-w007	24:35	24:35	7	24:35:7	كَمِشْكَوٰةٍ	مِشْكَوٰة	ش ك و	N					PREFIX|ka+ | STEM|POS:N|LEM:mi$okaw`p|ROOT:$kw|F|INDEF|GEN
w-s024-a035-w008	24:35	24:35	8	24:35:8	فِيهَا	فِى		P					STEM|POS:P|LEM:fiY | SUFFIX|PRON:3FS
w-s024-a035-w009	24:35	24:35	9	24:35:9	مِصْبَاحٌ	مِصْبَاح	ص ب ح	N					STEM|POS:N|LEM:miSobaAH|ROOT:SbH|M|INDEF|NOM
w-s024-a035-w010	24:35	24:35	10	24:35:10	ٱلْمِصْبَاحُ	مِصْبَاح	ص ب ح	N					PREFIX|Al+ | STEM|POS:N|LEM:miSobaAH|ROOT:SbH|M|NOM
w-s024-a035-w011	24:35	24:35	11	24:35:11	فِى	فِى		P					STEM|POS:P|LEM:fiY
w-s024-a035-w012	24:35	24:35	12	24:35:12	زُجَاجَةٍ	زُجَاجَة	ز ج ج	N					STEM|POS:N|LEM:zujaAjap|ROOT:zjj|F|INDEF|GEN
w-s024-a035-w013	24:35	24:35	13	24:35:13	ٱلزُّجَاجَةُ	زُجَاجَة	ز ج ج	N					PREFIX|Al+ | STEM|POS:N|LEM:zujaAjap|ROOT:zjj|F|NOM
w-s024-a035-w014	24:35	24:35	14	24:35:14	كَأَنَّهَا	كَأَنّ		ACC					STEM|POS:ACC|LEM:ka>an~|SP:<in~ | SUFFIX|PRON:3FS
w-s024-a035-w015	24:35	24:35	15	24:35:15	كَوْكَبٌ	كَوْكَب	ك و ك ب	N					STEM|POS:N|LEM:kawokab|ROOT:kwkb|M|INDEF|NOM
w-s024-a035-w016	24:35	24:35	16	24:35:16	دُرِّىٌّ	دُرِّىّ	د ر ر	ADJ					STEM|POS:ADJ|LEM:dur~iY~|ROOT:drr|MS|INDEF|NOM
w-s024-a035-w017	24:35	24:35	17	24:35:17	يُوقَدُ	أَوْقَدُ	و ق د	V	IMPF		PASS	IV	STEM|POS:V|IMPF|PASS|(IV)|LEM:>awoqadu|ROOT:wqd|3MS
w-s024-a035-w018	24:35	24:35	18	24:35:18	مِن	مِن		P					STEM|POS:P|LEM:min
w-s024-a035-w019	24:35	24:35	19	24:35:19	شَجَرَةٍ	شَجَرَة	ش ج ر	N					STEM|POS:N|LEM:$ajarap|ROOT:$jr|F|INDEF|GEN
w-s024-a035-w020	24:35	24:35	20	24:35:20	مُّبَٰرَكَةٍ	مُّبَٰرَكَة	ب ر ك	N					STEM|POS:N|LEM:m~uba`rakap|ROOT:brk|F|INDEF|GEN
w-s024-a035-w021	24:35	24:35	21	24:35:21	زَيْتُونَةٍ	زَيْتُونَة	ز ي ت	N					STEM|POS:N|LEM:zayotuwnap|ROOT:zyt|F|INDEF|GEN
w-s024-a035-w022	24:35	24:35	22	24:35:22	لَّا	لَا		NEG					STEM|POS:NEG|LEM:laA
w-s024-a035-w023	24:35	24:35	23	24:35:23	شَرْقِيَّةٍ	شَرْقِيَّة	ش ر ق	N					STEM|POS:N|LEM:$aroqiy~ap|ROOT:$rq|F|INDEF|GEN
w-s024-a035-w024	24:35	24:35	24	24:35:24	وَلَا	لَا		NEG					PREFIX|w:CONJ+ | STEM|POS:NEG|LEM:laA
w-s024-a035-w025	24:35	24:35	25	24:35:25	غَرْبِيَّةٍ	غَرْبِيَّة	غ ر ب	N					STEM|POS:N|LEM:garobiy~ap|ROOT:grb|F|INDEF|GEN
w-s024-a035-w026	24:35	24:35	26	24:35:26	يَكَادُ	كَادَ	ك و د	V	IMPF				STEM|POS:V|IMPF|LEM:kaAda|ROOT:kwd|SP:kaAd|3MS
w-s024-a035-w027	24:35	24:35	27	24:35:27	زَيْتُهَا	زَيْت	ز ي ت	N					STEM|POS:N|LEM:zayot|ROOT:zyt|M|NOM | SUFFIX|PRON:3FS
w-s024-a035-w028	24:35	24:35	28	24:35:28	يُضِىٓءُ	أَضَآءَ	ض و ء	V	IMPF			IV	STEM|POS:V|IMPF|(IV)|LEM:>aDaA^'a|ROOT:DwA|3MS
w-s024-a035-w029	24:35	24:35	29	24:35:29	وَلَوْ	لَو		COND					PREFIX|w:CONJ+ | STEM|POS:COND|LEM:law
w-s024-a035-w030	24:35	24:35	30	24:35:30	لَمْ	لَم		NEG					STEM|POS:NEG|LEM:lam
w-s024-a035-w031	24:35	24:35	31	24:35:31	تَمْسَسْهُ	مَسَّ	م س س	V	IMPF	JUS			STEM|POS:V|IMPF|LEM:mas~a|ROOT:mss|3FS|MOOD:JUS | SUFFIX|PRON:3MS
w-s024-a035-w032	24:35	24:35	32	24:35:32	نَارٌ	نَار	ن و ر	N					STEM|POS:N|LEM:naAr|ROOT:nwr|F|INDEF|NOM
w-s024-a035-w033	24:35	24:35	33	24:35:33	نُّورٌ	نُور	ن و ر	N					STEM|POS:N|LEM:nuwr|ROOT:nwr|M|INDEF|NOM
w-s024-a035-w034	24:35	24:35	34	24:35:34	عَلَىٰ	عَلَىٰ		P					STEM|POS:P|LEM:EalaY`
w-s024-a035-w035	24:35	24:35	35	24:35:35	نُورٍ	نُور	ن و ر	N					STEM|POS:N|LEM:nuwr|ROOT:nwr|M|INDEF|GEN
w-s024-a035-w036	24:35	24:35	36	24:35:36	يَهْدِى	هَدَى	ه د ي	V	IMPF				STEM|POS:V|IMPF|LEM:hadaY|ROOT:hdy|3MS
w-s024-a035-w037	24:35	24:35	37	24:35:37	ٱللَّهُ	ٱللَّه	ء ل ه	PN					STEM|POS:PN|LEM:{ll~ah|ROOT:Alh|NOM
w-s024-a035-w038	24:35	24:35	38	24:35:38	لِنُورِهِۦ	نُور	ن و ر	N					PREFIX|l:P+ | STEM|POS:N|LEM:nuwr|ROOT:nwr|M|GEN | SUFFIX|PRON:3MS
w-s024-a035-w039	24:35	24:35	39	24:35:39	مَن	مَن		REL					STEM|POS:REL|LEM:man
w-s024-a035-w040	24:35	24:35	40	24:35:40	يَشَآءُ	شَآءَ	ش ي ء	V	IMPF				STEM|POS:V|IMPF|LEM:$aA^'a|ROOT:$yA|3MS
w-s024-a035-w041	24:35	24:35	41	24:35:41	وَيَضْرِبُ	ضَرَبَ	ض ر ب	V	IMPF				PREFIX|w:CONJ+ | STEM|POS:V|IMPF|LEM:Daraba|ROOT:Drb|3MS
w-s024-a035-w042	24:35	24:35	42	24:35:42	ٱللَّهُ	ٱللَّه	ء ل ه	PN					STEM|POS:PN|LEM:{ll~ah|ROOT:Alh|NOM
w-s024-a035-w043	24:35	24:35	43	24:35:43	ٱلْأَمْثَٰلَ	مَثَل	م ث ل	N					PREFIX|Al+ | STEM|POS:N|LEM:maval|ROOT:mvl|MP|ACC
w-s024-a035-w044	24:35	24:35	44	24:35:44	لِلنَّاسِ	نَّاس	ن و س	N					PREFIX|l:P+ | PREFIX|Al+ | STEM|POS:N|LEM:n~aAs|ROOT:nws|MP|GEN
w-s024-a035-w045	24:35	24:35	45	24:35:45	وَٱللَّهُ	ٱللَّه	ء ل ه	PN					PREFIX|w:CONJ+ | STEM|POS:PN|LEM:{ll~ah|ROOT:Alh|NOM
w-s024-a035-w046	24:35	24:35	46	24:35:46	بِكُلِّ	كُلّ	ك ل ل	N					PREFIX|bi+ | STEM|POS:N|LEM:kul~|ROOT:kll|M|GEN
w-s024-a035-w047	24:35	24:35	47	24:35:47	شَىْءٍ	شَىْء	ش ي ء	N					STEM|POS:N|LEM:$aYo'|ROOT:$yA|M|INDEF|GEN
w-s024-a035-w048	24:35	24:35	48	24:35:48	عَلِيمٌ	عَلِيم	ع ل م	ADJ					STEM|POS:ADJ|LEM:Ealiym|ROOT:Elm|MS|INDEF|NOM
w-s024-a036-w001	24:36	24:36	1	24:36:1	فِى	فِى		P					STEM|POS:P|LEM:fiY
w-s024-a036-w002	24:36	24:36	2	24:36:2	بُيُوتٍ	بَيْت	ب ي ت	N					STEM|POS:N|LEM:bayot|ROOT:byt|MP|INDEF|GEN
w-s024-a036-w003	24:36	24:36	3	24:36:3	أَذِنَ	أَذِنَ	ء ذ ن	V	PERF				STEM|POS:V|PERF|LEM:>a*ina|ROOT:A*n|3MS
w-s024-a036-w004	24:36	24:36	4	24:36:4	ٱللَّهُ	ٱللَّه	ء ل ه	PN					STEM|POS:PN|LEM:{ll~ah|ROOT:Alh|NOM
w-s024-a036-w005	24:36	24:36	5	24:36:5	أَن	أَن		SUB					STEM|POS:SUB|LEM:>an
w-s024-a036-w006	24:36	24:36	6	24:36:6	تُرْفَعَ	رَفَعَ	ر ف ع	V	IMPF	SUBJ	PASS		STEM|POS:V|IMPF|PASS|LEM:rafaEa|ROOT:rfE|3FS|MOOD:SUBJ
w-s024-a036-w007	24:36	24:36	7	24:36:7	وَيُذْكَرَ	ذَكَرَ	ذ ك ر	V	IMPF	SUBJ	PASS		PREFIX|w:CONJ+ | STEM|POS:V|IMPF|PASS|LEM:*akara|ROOT:*kr|3MS|MOOD:SUBJ
w-s024-a036-w008	24:36	24:36	8	24:36:8	فِيهَا	فِى		P					STEM|POS:P|LEM:fiY | SUFFIX|PRON:3FS
w-s024-a036-w009	24:36	24:36	9	24:36:9	ٱسْمُهُۥ	ٱسْم	س م و	N					STEM|POS:N|LEM:{som|ROOT:smw|M|NOM | SUFFIX|PRON:3MS
w-s024-a036-w010	24:36	24:36	10	24:36:10	يُسَبِّحُ	سَبَّحَ	س ب ح	V	IMPF			II	STEM|POS:V|IMPF|(II)|LEM:sab~aHa|ROOT:sbH|3MS
w-s024-a036-w011	24:36	24:36	11	24:36:11	لَهُۥ			PRON					PREFIX|l:P+ | STEM|POS:PRON|3MS
w-s024-a036-w012	24:36	24:36	12	24:36:12	فِيهَا	فِى		P					STEM|POS:P|LEM:fiY | SUFFIX|PRON:3FS
w-s024-a036-w013	24:36	24:36	13	24:36:13	بِٱلْغُدُوِّ	غُدُوّ	غ د و	N					PREFIX|bi+ | PREFIX|Al+ | STEM|POS:N|LEM:guduw~|ROOT:gdw|M|GEN
w-s024-a036-w014	24:36	24:36	14	24:36:14	وَٱلْءَاصَالِ	أَصِيل	ء ص ل	N					PREFIX|w:CONJ+ | PREFIX|Al+ | STEM|POS:N|LEM:>aSiyl|ROOT:ASl|MP|GEN
w-s024-a037-w001	24:37	24:37	1	24:37:1	رِجَالٌ	رِجَال	ر ج ل	N					STEM|POS:N|LEM:rijaAl|ROOT:rjl|MP|INDEF|NOM
w-s024-a037-w002	24:37	24:37	2	24:37:2	لَّا	لَا		NEG					STEM|POS:NEG|LEM:laA
w-s024-a037-w003	24:37	24:37	3	24:37:3	تُلْهِيهِمْ	أَلْهَىٰ	ل ه و	V	IMPF			IV	STEM|POS:V|IMPF|(IV)|LEM:>alohaY`|ROOT:lhw|3FS | SUFFIX|PRON:3MP
w-s024-a037-w004	24:37	24:37	4	24:37:4	تِجَٰرَةٌ	تِجَٰرَة	ت ج ر	N					STEM|POS:N|LEM:tija`rap|ROOT:tjr|F|INDEF|NOM
w-s024-a037-w005	24:37	24:37	5	24:37:5	وَلَا	لَا		NEG					PREFIX|w:CONJ+ | STEM|POS:NEG|LEM:laA
w-s024-a037-w006	24:37	24:37	6	24:37:6	بَيْعٌ	بَيْع	ب ي ع	N					STEM|POS:N|LEM:bayoE|ROOT:byE|M|INDEF|NOM
w-s024-a037-w007	24:37	24:37	7	24:37:7	عَن	عَن		P					STEM|POS:P|LEM:Ean
w-s024-a037-w008	24:37	24:37	8	24:37:8	ذِكْرِ	ذِكْر	ذ ك ر	N					STEM|POS:N|VN|LEM:*ikor|ROOT:*kr|M|GEN
w-s024-a037-w009	24:37	24:37	9	24:37:9	ٱللَّهِ	ٱللَّه	ء ل ه	PN					STEM|POS:PN|LEM:{ll~ah|ROOT:Alh|GEN
w-s024-a037-w010	24:37	24:37	10	24:37:10	وَإِقَامِ	إِقَام	ق و م	N				IV	PREFIX|w:CONJ+ | STEM|POS:N|VN|(IV)|LEM:<iqaAm|ROOT:qwm|M|GEN
w-s024-a037-w011	24:37	24:37	11	24:37:11	ٱلصَّلَوٰةِ	صَلَوٰة	ص ل و	N					PREFIX|Al+ | STEM|POS:N|LEM:Salaw`p|ROOT:Slw|F|GEN
w-s024-a037-w012	24:37	24:37	12	24:37:12	وَإِيتَآءِ	إِيتَاءٌ	ء ت ي	N				IV	PREFIX|w:CONJ+ | STEM|POS:N|VN|(IV)|LEM:<iytaA'N|ROOT:Aty|M|GEN
w-s024-a037-w013	24:37	24:37	13	24:37:13	ٱلزَّكَوٰةِ	زَكَوٰة	ز ك و	N					PREFIX|Al+ | STEM|POS:N|LEM:zakaw`p|ROOT:zkw|F|GEN
w-s024-a037-w014	24:37	24:37	14	24:37:14	يَخَافُونَ	خَافَ	خ و ف	V	IMPF				STEM|POS:V|IMPF|LEM:xaAfa|ROOT:xwf|3MP | SUFFIX|PRON:3MP
w-s024-a037-w015	24:37	24:37	15	24:37:15	يَوْمًا	يَوْم	ي و م	N					STEM|POS:N|LEM:yawom|ROOT:ywm|M|INDEF|ACC
w-s024-a037-w016	24:37	24:37	16	24:37:16	تَتَقَلَّبُ	تَتَقَلَّبُ	ق ل ب	V	IMPF			V	STEM|POS:V|IMPF|(V)|LEM:tataqal~abu|ROOT:qlb|3FS
w-s024-a037-w017	24:37	24:37	17	24:37:17	فِيهِ	فِى		P					STEM|POS:P|LEM:fiY | SUFFIX|PRON:3MS
w-s024-a037-w018	24:37	24:37	18	24:37:18	ٱلْقُلُوبُ	قَلْب	ق ل ب	N					PREFIX|Al+ | STEM|POS:N|LEM:qalob|ROOT:qlb|FP|NOM
w-s024-a037-w019	24:37	24:37	19	24:37:19	وَٱلْأَبْصَٰرُ	بَصَر	ب ص ر	N					PREFIX|w:CONJ+ | PREFIX|Al+ | STEM|POS:N|LEM:baSar|ROOT:bSr|MP|NOM
w-s024-a038-w001	24:38	24:38	1	24:38:1	لِيَجْزِيَهُمُ	جَزَىٰ	ج ز ي	V	IMPF	SUBJ			PREFIX|l:PRP+ | STEM|POS:V|IMPF|LEM:jazaY`|ROOT:jzy|3MS|MOOD:SUBJ | SUFFIX|PRON:3MP
w-s024-a038-w002	24:38	24:38	2	24:38:2	ٱللَّهُ	ٱللَّه	ء ل ه	PN					STEM|POS:PN|LEM:{ll~ah|ROOT:Alh|NOM
w-s024-a038-w003	24:38	24:38	3	24:38:3	أَحْسَنَ	أَحْسَن	ح س ن	N					STEM|POS:N|LEM:>aHosan|ROOT:Hsn|MS|ACC
w-s024-a038-w004	24:38	24:38	4	24:38:4	مَا	مَا		REL					STEM|POS:REL|LEM:maA
w-s024-a038-w005	24:38	24:38	5	24:38:5	عَمِلُوا۟	عَمِلَ	ع م ل	V	PERF				STEM|POS:V|PERF|LEM:Eamila|ROOT:Eml|3MP | SUFFIX|PRON:3MP
w-s024-a038-w006	24:38	24:38	6	24:38:6	وَيَزِيدَهُم	زَادَ	ز ي د	V	IMPF	SUBJ			PREFIX|w:CONJ+ | STEM|POS:V|IMPF|LEM:zaAda|ROOT:zyd|3MS|MOOD:SUBJ | SUFFIX|PRON:3MP
w-s024-a038-w007	24:38	24:38	7	24:38:7	مِّن	مِن		P					STEM|POS:P|LEM:min
w-s024-a038-w008	24:38	24:38	8	24:38:8	فَضْلِهِۦ	فَضْل	ف ض ل	N					STEM|POS:N|LEM:faDol|ROOT:fDl|M|GEN | SUFFIX|PRON:3MS
w-s024-a038-w009	24:38	24:38	9	24:38:9	وَٱللَّهُ	ٱللَّه	ء ل ه	PN					PREFIX|w:CONJ+ | STEM|POS:PN|LEM:{ll~ah|ROOT:Alh|NOM
w-s024-a038-w010	24:38	24:38	10	24:38:10	يَرْزُقُ	رَزَقَ	ر ز ق	V	IMPF				STEM|POS:V|IMPF|LEM:razaqa|ROOT:rzq|3MS
w-s024-a038-w011	24:38	24:38	11	24:38:11	مَن	مَن		REL					STEM|POS:REL|LEM:man
w-s024-a038-w012	24:38	24:38	12	24:38:12	يَشَآءُ	شَآءَ	ش ي ء	V	IMPF				STEM|POS:V|IMPF|LEM:$aA^'a|ROOT:$yA|3MS
w-s024-a038-w013	24:38	24:38	13	24:38:13	بِغَيْرِ	غَيْر	غ ي ر	N					PREFIX|bi+ | STEM|POS:N|LEM:gayor|ROOT:gyr|M|GEN
w-s024-a038-w014	24:38	24:38	14	24:38:14	حِسَابٍ	حِسَاب	ح س ب	N				III	STEM|POS:N|VN|(III)|LEM:HisaAb|ROOT:Hsb|M|INDEF|GEN
w-s024-a039-w001	24:39	24:39	1	24:39:1	وَٱلَّذِينَ	ٱلَّذِى		REL					PREFIX|w:CONJ+ | STEM|POS:REL|LEM:{l~a*iY|MP
w-s024-a039-w002	24:39	24:39	2	24:39:2	كَفَرُوٓا۟	كَفَرَ	ك ف ر	V	PERF				STEM|POS:V|PERF|LEM:kafara|ROOT:kfr|3MP | SUFFIX|PRON:3MP
w-s024-a039-w003	24:39	24:39	3	24:39:3	أَعْمَٰلُهُمْ	عَمَل	ع م ل	N					STEM|POS:N|LEM:Eamal|ROOT:Eml|MP|NOM | SUFFIX|PRON:3MP
w-s024-a039-w004	24:39	24:39	4	24:39:4	كَسَرَابٍۭ	سَرَاب	س ر ب	N					PREFIX|ka+ | STEM|POS:N|LEM:saraAb|ROOT:srb|M|INDEF|GEN
w-s024-a039-w005	24:39	24:39	5	24:39:5	بِقِيعَةٍ	قِيعَة	ق و ع	N					PREFIX|bi+ | STEM|POS:N|LEM:qiyEap|ROOT:qwE|F|INDEF|GEN
w-s024-a039-w006	24:39	24:39	6	24:39:6	يَحْسَبُهُ	حَسِبَ	ح س ب	V	IMPF				STEM|POS:V|IMPF|LEM:Hasiba|ROOT:Hsb|3MS | SUFFIX|PRON:3MS
w-s024-a039-w007	24:39	24:39	7	24:39:7	ٱلظَّمْـَٔانُ	ظَّمْـَٔان	ظ م ء	N					PREFIX|Al+ | STEM|POS:N|LEM:Z~amo_#aAn|ROOT:ZmA|M|NOM
w-s024-a039-w008	24:39	24:39	8	24:39:8	مَآءً	مَآء	م و ه	N					STEM|POS:N|LEM:maA^'|ROOT:mwh|M|INDEF|ACC
w-s024-a039-w009	24:39	24:39	9	24:39:9	حَتَّىٰٓ	حَتَّىٰ		INC					STEM|POS:INC|LEM:Hat~aY`
w-s024-a039-w010	24:39	24:39	10	24:39:10	إِذَا	إِذَا		T					STEM|POS:T|LEM:<i*aA
w-s024-a039-w011	24:39	24:39	11	24:39:11	جَآءَهُۥ	جَآءَ	ج ي ء	V	PERF				STEM|POS:V|PERF|LEM:jaA^'a|ROOT:jyA|3MS | SUFFIX|PRON:3MS
w-s024-a039-w012	24:39	24:39	12	24:39:12	لَمْ	لَم		NEG					STEM|POS:NEG|LEM:lam
w-s024-a039-w013	24:39	24:39	13	24:39:13	يَجِدْهُ	وَجَدَ	و ج د	V	IMPF	JUS			STEM|POS:V|IMPF|LEM:wajada|ROOT:wjd|3MS|MOOD:JUS | SUFFIX|PRON:3MS
w-s024-a039-w014	24:39	24:39	14	24:39:14	شَيْـًٔا	شَىْء	ش ي ء	N					STEM|POS:N|LEM:$aYo'|ROOT:$yA|M|INDEF|ACC
w-s024-a039-w015	24:39	24:39	15	24:39:15	وَوَجَدَ	وَجَدَ	و ج د	V	PERF				PREFIX|w:CONJ+ | STEM|POS:V|PERF|LEM:wajada|ROOT:wjd|3MS
w-s024-a039-w016	24:39	24:39	16	24:39:16	ٱللَّهَ	ٱللَّه	ء ل ه	PN					STEM|POS:PN|LEM:{ll~ah|ROOT:Alh|ACC
w-s024-a039-w017	24:39	24:39	17	24:39:17	عِندَهُۥ	عِند	ع ن د	LOC					STEM|POS:LOC|LEM:Eind|ROOT:End|ACC | SUFFIX|PRON:3MS
w-s024-a039-w018	24:39	24:39	18	24:39:18	فَوَفَّىٰهُ	وَفَّىٰٓ	و ف ي	V	PERF			II	PREFIX|f:REM+ | STEM|POS:V|PERF|(II)|LEM:waf~aY`^|ROOT:wfy|3MS | SUFFIX|PRON:3MS
w-s024-a039-w019	24:39	24:39	19	24:39:19	حِسَابَهُۥ	حِسَاب	ح س ب	N				III	STEM|POS:N|VN|(III)|LEM:HisaAb|ROOT:Hsb|M|ACC | SUFFIX|PRON:3MS
w-s024-a039-w020	24:39	24:39	20	24:39:20	وَٱللَّهُ	ٱللَّه	ء ل ه	PN					PREFIX|w:CONJ+ | STEM|POS:PN|LEM:{ll~ah|ROOT:Alh|NOM
w-s024-a039-w021	24:39	24:39	21	24:39:21	سَرِيعُ	سَرِيع	س ر ع	ADJ					STEM|POS:ADJ|LEM:sariyE|ROOT:srE|MS|NOM
w-s024-a039-w022	24:39	24:39	22	24:39:22	ٱلْحِسَابِ	حِسَاب	ح س ب	N				III	PREFIX|Al+ | STEM|POS:N|VN|(III)|LEM:HisaAb|ROOT:Hsb|M|GEN
w-s024-a040-w001	24:40	24:40	1	24:40:1	أَوْ	أَو		CONJ					STEM|POS:CONJ|LEM:>aw
w-s024-a040-w002	24:40	24:40	2	24:40:2	كَظُلُمَٰتٍ	ظُلُمَٰت	ظ ل م	N					PREFIX|ka+ | STEM|POS:N|LEM:Zuluma`t|ROOT:Zlm|FP|INDEF|GEN
w-s024-a040-w003	24:40	24:40	3	24:40:3	فِى	فِى		P					STEM|POS:P|LEM:fiY
w-s024-a040-w004	24:40	24:40	4	24:40:4	بَحْرٍ	بَحْر	ب ح ر	N					STEM|POS:N|LEM:baHor|ROOT:bHr|M|INDEF|GEN
w-s024-a040-w005	24:40	24:40	5	24:40:5	لُّجِّىٍّ	لُّجِّىّ	ل ج ج	ADJ					STEM|POS:ADJ|LEM:l~uj~iY~|ROOT:ljj|MS|INDEF|GEN
w-s024-a040-w006	24:40	24:40	6	24:40:6	يَغْشَىٰهُ	غَشِيَ	غ ش و	V	IMPF				STEM|POS:V|IMPF|LEM:ga$iya|ROOT:g$w|3MS | SUFFIX|PRON:3MS
w-s024-a040-w007	24:40	24:40	7	24:40:7	مَوْجٌ	مَوْج	م و ج	N					STEM|POS:N|LEM:mawoj|ROOT:mwj|M|INDEF|NOM
w-s024-a040-w008	24:40	24:40	8	24:40:8	مِّن	مِن		P					STEM|POS:P|LEM:min
w-s024-a040-w009	24:40	24:40	9	24:40:9	فَوْقِهِۦ	فَوْق	ف و ق	N					STEM|POS:N|LEM:fawoq|ROOT:fwq|M|GEN | SUFFIX|PRON:3MS
w-s024-a040-w010	24:40	24:40	10	24:40:10	مَوْجٌ	مَوْج	م و ج	N					STEM|POS:N|LEM:mawoj|ROOT:mwj|M|INDEF|NOM
w-s024-a040-w011	24:40	24:40	11	24:40:11	مِّن	مِن		P					STEM|POS:P|LEM:min
w-s024-a040-w012	24:40	24:40	12	24:40:12	فَوْقِهِۦ	فَوْق	ف و ق	N					STEM|POS:N|LEM:fawoq|ROOT:fwq|M|GEN | SUFFIX|PRON:3MS
w-s024-a040-w013	24:40	24:40	13	24:40:13	سَحَابٌ	سَحَاب	س ح ب	N					STEM|POS:N|LEM:saHaAb|ROOT:sHb|M|INDEF|NOM
w-s024-a040-w014	24:40	24:40	14	24:40:14	ظُلُمَٰتٌۢ	ظُلُمَٰت	ظ ل م	ADJ					STEM|POS:ADJ|LEM:Zuluma`t|ROOT:Zlm|FP|INDEF|NOM
w-s024-a040-w015	24:40	24:40	15	24:40:15	بَعْضُهَا	بَعْض	ب ع ض	N					STEM|POS:N|LEM:baEoD|ROOT:bED|M|NOM | SUFFIX|PRON:3FS
w-s024-a040-w016	24:40	24:40	16	24:40:16	فَوْقَ	فَوْق	ف و ق	N					STEM|POS:N|LEM:fawoq|ROOT:fwq|M|ACC
w-s024-a040-w017	24:40	24:40	17	24:40:17	بَعْضٍ	بَعْض	ب ع ض	N					STEM|POS:N|LEM:baEoD|ROOT:bED|M|INDEF|GEN
w-s024-a040-w018	24:40	24:40	18	24:40:18	إِذَآ	إِذَا		T					STEM|POS:T|LEM:<i*aA
w-s024-a040-w019	24:40	24:40	19	24:40:19	أَخْرَجَ	أَخْرَجَ	خ ر ج	V	PERF			IV	STEM|POS:V|PERF|(IV)|LEM:>axoraja|ROOT:xrj|3MS
w-s024-a040-w020	24:40	24:40	20	24:40:20	يَدَهُۥ	يَد	ي د ي	N					STEM|POS:N|LEM:yad|ROOT:ydy|FS|ACC | SUFFIX|PRON:3MS
w-s024-a040-w021	24:40	24:40	21	24:40:21	لَمْ	لَم		NEG					STEM|POS:NEG|LEM:lam
w-s024-a040-w022	24:40	24:40	22	24:40:22	يَكَدْ	كَادَ	ك و د	V	IMPF	JUS			STEM|POS:V|IMPF|LEM:kaAda|ROOT:kwd|SP:kaAd|3MS|MOOD:JUS
w-s024-a040-w023	24:40	24:40	23	24:40:23	يَرَىٰهَا	رَءَا	ر ء ي	V	IMPF	SUBJ			STEM|POS:V|IMPF|LEM:ra'aA|ROOT:rAy|3MS|MOOD:SUBJ | SUFFIX|PRON:3FS
w-s024-a040-w024	24:40	24:40	24	24:40:24	وَمَن	مَن		REL					PREFIX|w:CONJ+ | STEM|POS:REL|LEM:man
w-s024-a040-w025	24:40	24:40	25	24:40:25	لَّمْ	لَم		NEG					STEM|POS:NEG|LEM:lam
w-s024-a040-w026	24:40	24:40	26	24:40:26	يَجْعَلِ	جَعَلَ	ج ع ل	V	IMPF	JUS			STEM|POS:V|IMPF|LEM:jaEala|ROOT:jEl|3MS|MOOD:JUS
w-s024-a040-w027	24:40	24:40	27	24:40:27	ٱللَّهُ	ٱللَّه	ء ل ه	PN					STEM|POS:PN|LEM:{ll~ah|ROOT:Alh|NOM
w-s024-a040-w028	24:40	24:40	28	24:40:28	لَهُۥ			PRON					PREFIX|l:P+ | STEM|POS:PRON|3MS
w-s024-a040-w029	24:40	24:40	29	24:40:29	نُورًا	نُور	ن و ر	N					STEM|POS:N|LEM:nuwr|ROOT:nwr|M|INDEF|ACC
w-s024-a040-w030	24:40	24:40	30	24:40:30	فَمَا	مَا		NEG					PREFIX|f:REM+ | STEM|POS:NEG|LEM:maA
w-s024-a040-w031	24:40	24:40	31	24:40:31	لَهُۥ			PRON					PREFIX|l:P+ | STEM|POS:PRON|3MS
w-s024-a040-w032	24:40	24:40	32	24:40:32	مِن	مِن		P					STEM|POS:P|LEM:min
w-s024-a040-w033	24:40	24:40	33	24:40:33	نُّورٍ	نُور	ن و ر	N					STEM|POS:N|LEM:nuwr|ROOT:nwr|M|INDEF|GEN
w-s024-a041-w001	24:41	24:41	1	24:41:1	أَلَمْ	لَم		NEG					PREFIX|A:INTG+ | STEM|POS:NEG|LEM:lam
w-s024-a041-w002	24:41	24:41	2	24:41:2	تَرَ	رَءَا	ر ء ي	V	IMPF	JUS			STEM|POS:V|IMPF|LEM:ra'aA|ROOT:rAy|2MS|MOOD:JUS
w-s024-a041-w003	24:41	24:41	3	24:41:3	أَنَّ	أَنّ		ACC					STEM|POS:ACC|LEM:>an~|SP:<in~
w-s024-a041-w004	24:41	24:41	4	24:41:4	ٱللَّهَ	ٱللَّه	ء ل ه	PN					STEM|POS:PN|LEM:{ll~ah|ROOT:Alh|ACC
w-s024-a041-w005	24:41	24:41	5	24:41:5	يُسَبِّحُ	سَبَّحَ	س ب ح	V	IMPF			II	STEM|POS:V|IMPF|(II)|LEM:sab~aHa|ROOT:sbH|3MS
w-s024-a041-w006	24:41	24:41	6	24:41:6	لَهُۥ			PRON					PREFIX|l:P+ | STEM|POS:PRON|3MS
w-s024-a041-w007	24:41	24:41	7	24:41:7	مَن	مَن		REL					STEM|POS:REL|LEM:man
w-s024-a041-w008	24:41	24:41	8	24:41:8	فِى	فِى		P					STEM|POS:P|LEM:fiY
w-s024-a041-w009	24:41	24:41	9	24:41:9	ٱلسَّمَٰوَٰتِ	سَمَآء	س م و	N					PREFIX|Al+ | STEM|POS:N|LEM:samaA^'|ROOT:smw|FP|GEN
w-s024-a041-w010	24:41	24:41	10	24:41:10	وَٱلْأَرْضِ	أَرْض	ء ر ض	N					PREFIX|w:CONJ+ | PREFIX|Al+ | STEM|POS:N|LEM:>aroD|ROOT:ArD|F|GEN
w-s024-a041-w011	24:41	24:41	11	24:41:11	وَٱلطَّيْرُ	طَيْر	ط ي ر	N					PREFIX|w:CONJ+ | PREFIX|Al+ | STEM|POS:N|LEM:Tayor|ROOT:Tyr|M|NOM
w-s024-a041-w012	24:41	24:41	12	24:41:12	صَٰٓفَّٰتٍ	صَٰٓفَّٰت	ص ف ف	N			ACT		STEM|POS:N|ACT|PCPL|LEM:Sa`^f~a`t|ROOT:Sff|FP|INDEF|GEN
w-s024-a041-w013	24:41	24:41	13	24:41:13	كُلٌّ	كُلّ	ك ل ل	N					STEM|POS:N|LEM:kul~|ROOT:kll|M|INDEF|NOM
w-s024-a041-w014	24:41	24:41	14	24:41:14	قَدْ	قَد		CERT					STEM|POS:CERT|LEM:qad
w-s024-a041-w015	24:41	24:41	15	24:41:15	عَلِمَ	عَلِمَ	ع ل م	V	PERF				STEM|POS:V|PERF|LEM:Ealima|ROOT:Elm|3MS
w-s024-a041-w016	24:41	24:41	16	24:41:16	صَلَاتَهُۥ	صَلَوٰة	ص ل و	N					STEM|POS:N|LEM:Salaw`p|ROOT:Slw|F|ACC | SUFFIX|PRON:3MS
w-s024-a041-w017	24:41	24:41	17	24:41:17	وَتَسْبِيحَهُۥ	تَسْبِيح	س ب ح	N				II	PREFIX|w:CONJ+ | STEM|POS:N|VN|(II)|LEM:tasobiyH|ROOT:sbH|M|ACC | SUFFIX|PRON:3MS
w-s024-a041-w018	24:41	24:41	18	24:41:18	وَٱللَّهُ	ٱللَّه	ء ل ه	PN					PREFIX|w:CONJ+ | STEM|POS:PN|LEM:{ll~ah|ROOT:Alh|NOM
w-s024-a041-w019	24:41	24:41	19	24:41:19	عَلِيمٌۢ	عَلِيم	ع ل م	ADJ					STEM|POS:ADJ|LEM:Ealiym|ROOT:Elm|MS|INDEF|NOM
w-s024-a041-w020	24:41	24:41	20	24:41:20	بِمَا	مَا		REL					PREFIX|bi+ | STEM|POS:REL|LEM:maA
w-s024-a041-w021	24:41	24:41	21	24:41:21	يَفْعَلُونَ	فَعَلَ	ف ع ل	V	IMPF				STEM|POS:V|IMPF|LEM:faEala|ROOT:fEl|3MP | SUFFIX|PRON:3MP
w-s024-a042-w001	24:42	24:42	1	24:42:1	وَلِلَّهِ	ٱللَّه	ء ل ه	PN					PREFIX|w:CONJ+ | PREFIX|l:P+ | STEM|POS:PN|LEM:{ll~ah|ROOT:Alh|GEN
w-s024-a042-w002	24:42	24:42	2	24:42:2	مُلْكُ	مُلْك	م ل ك	N					STEM|POS:N|LEM:mulok|ROOT:mlk|M|NOM
w-s024-a042-w003	24:42	24:42	3	24:42:3	ٱلسَّمَٰوَٰتِ	سَمَآء	س م و	N					PREFIX|Al+ | STEM|POS:N|LEM:samaA^'|ROOT:smw|FP|GEN
w-s024-a042-w004	24:42	24:42	4	24:42:4	وَٱلْأَرْضِ	أَرْض	ء ر ض	N					PREFIX|w:CONJ+ | PREFIX|Al+ | STEM|POS:N|LEM:>aroD|ROOT:ArD|F|GEN
w-s024-a042-w005	24:42	24:42	5	24:42:5	وَإِلَى	إِلَىٰ		P					PREFIX|w:CONJ+ | STEM|POS:P|LEM:<ilaY`
w-s024-a042-w006	24:42	24:42	6	24:42:6	ٱللَّهِ	ٱللَّه	ء ل ه	PN					STEM|POS:PN|LEM:{ll~ah|ROOT:Alh|GEN
w-s024-a042-w007	24:42	24:42	7	24:42:7	ٱلْمَصِيرُ	مَصِير	ص ي ر	N					PREFIX|Al+ | STEM|POS:N|LEM:maSiyr|ROOT:Syr|NOM
w-s024-a043-w001	24:43	24:43	1	24:43:1	أَلَمْ	لَم		NEG					PREFIX|A:INTG+ | STEM|POS:NEG|LEM:lam
w-s024-a043-w002	24:43	24:43	2	24:43:2	تَرَ	رَءَا	ر ء ي	V	IMPF	JUS			STEM|POS:V|IMPF|LEM:ra'aA|ROOT:rAy|2MS|MOOD:JUS
w-s024-a043-w003	24:43	24:43	3	24:43:3	أَنَّ	أَنّ		ACC					STEM|POS:ACC|LEM:>an~|SP:<in~
w-s024-a043-w004	24:43	24:43	4	24:43:4	ٱللَّهَ	ٱللَّه	ء ل ه	PN					STEM|POS:PN|LEM:{ll~ah|ROOT:Alh|ACC
w-s024-a043-w005	24:43	24:43	5	24:43:5	يُزْجِى	يُزْجِى	ز ج و	V	IMPF			IV	STEM|POS:V|IMPF|(IV)|LEM:yuzojiY|ROOT:zjw|3MS
w-s024-a043-w006	24:43	24:43	6	24:43:6	سَحَابًا	سَحَاب	س ح ب	N					STEM|POS:N|LEM:saHaAb|ROOT:sHb|M|INDEF|ACC
w-s024-a043-w007	24:43	24:43	7	24:43:7	ثُمَّ	ثُمّ		CONJ					STEM|POS:CONJ|LEM:vum~
w-s024-a043-w008	24:43	24:43	8	24:43:8	يُؤَلِّفُ	أَلَّفَ	ء ل ف	V	IMPF			II	STEM|POS:V|IMPF|(II)|LEM:>al~afa|ROOT:Alf|3MS
w-s024-a043-w009	24:43	24:43	9	24:43:9	بَيْنَهُۥ	بَيْن	ب ي ن	LOC					STEM|POS:LOC|LEM:bayon|ROOT:byn|ACC | SUFFIX|PRON:3MS
w-s024-a043-w010	24:43	24:43	10	24:43:10	ثُمَّ	ثُمّ		CONJ					STEM|POS:CONJ|LEM:vum~
w-s024-a043-w011	24:43	24:43	11	24:43:11	يَجْعَلُهُۥ	جَعَلَ	ج ع ل	V	IMPF				STEM|POS:V|IMPF|LEM:jaEala|ROOT:jEl|3MS | SUFFIX|PRON:3MS
w-s024-a043-w012	24:43	24:43	12	24:43:12	رُكَامًا	رُكَام	ر ك م	N					STEM|POS:N|LEM:rukaAm|ROOT:rkm|M|INDEF|ACC
w-s024-a043-w013	24:43	24:43	13	24:43:13	فَتَرَى	رَءَا	ر ء ي	V	IMPF				PREFIX|f:REM+ | STEM|POS:V|IMPF|LEM:ra'aA|ROOT:rAy|2MS
w-s024-a043-w014	24:43	24:43	14	24:43:14	ٱلْوَدْقَ	وَدْق	و د ق	N					PREFIX|Al+ | STEM|POS:N|LEM:wadoq|ROOT:wdq|M|ACC
w-s024-a043-w015	24:43	24:43	15	24:43:15	يَخْرُجُ	خَرَجَ	خ ر ج	V	IMPF				STEM|POS:V|IMPF|LEM:xaraja|ROOT:xrj|3MS
w-s024-a043-w016	24:43	24:43	16	24:43:16	مِنْ	مِن		P					STEM|POS:P|LEM:min
w-s024-a043-w017	24:43	24:43	17	24:43:17	خِلَٰلِهِۦ	خِلَٰل	خ ل ل	N					STEM|POS:N|LEM:xila`l|ROOT:xll|M|GEN | SUFFIX|PRON:3MS
w-s024-a043-w018	24:43	24:43	18	24:43:18	وَيُنَزِّلُ	نَزَّلَ	ن ز ل	V	IMPF			II	PREFIX|w:CONJ+ | STEM|POS:V|IMPF|(II)|LEM:naz~ala|ROOT:nzl|3MS
w-s024-a043-w019	24:43	24:43	19	24:43:19	مِنَ	مِن		P					STEM|POS:P|LEM:min
w-s024-a043-w020	24:43	24:43	20	24:43:20	ٱلسَّمَآءِ	سَمَآء	س م و	N					PREFIX|Al+ | STEM|POS:N|LEM:samaA^'|ROOT:smw|F|GEN
w-s024-a043-w021	24:43	24:43	21	24:43:21	مِن	مِن		P					STEM|POS:P|LEM:min
w-s024-a043-w022	24:43	24:43	22	24:43:22	جِبَالٍ	جَبَل	ج ب ل	N					STEM|POS:N|LEM:jabal|ROOT:jbl|MP|INDEF|GEN
w-s024-a043-w023	24:43	24:43	23	24:43:23	فِيهَا	فِى		P					STEM|POS:P|LEM:fiY | SUFFIX|PRON:3FS
w-s024-a043-w024	24:43	24:43	24	24:43:24	مِنۢ	مِن		P					STEM|POS:P|LEM:min
w-s024-a043-w025	24:43	24:43	25	24:43:25	بَرَدٍ	بَرَد	ب ر د	N					STEM|POS:N|LEM:barad|ROOT:brd|M|INDEF|GEN
w-s024-a043-w026	24:43	24:43	26	24:43:26	فَيُصِيبُ	أَصَابَ	ص و ب	V	IMPF			IV	PREFIX|f:CONJ+ | STEM|POS:V|IMPF|(IV)|LEM:>aSaAba|ROOT:Swb|3MS
w-s024-a043-w027	24:43	24:43	27	24:43:27	بِهِۦ			PRON					PREFIX|bi+ | STEM|POS:PRON|3MS
w-s024-a043-w028	24:43	24:43	28	24:43:28	مَن	مَن		REL					STEM|POS:REL|LEM:man
w-s024-a043-w029	24:43	24:43	29	24:43:29	يَشَآءُ	شَآءَ	ش ي ء	V	IMPF				STEM|POS:V|IMPF|LEM:$aA^'a|ROOT:$yA|3MS
w-s024-a043-w030	24:43	24:43	30	24:43:30	وَيَصْرِفُهُۥ	صَرَفَ	ص ر ف	V	IMPF				PREFIX|w:CONJ+ | STEM|POS:V|IMPF|LEM:Sarafa|ROOT:Srf|3MS | SUFFIX|PRON:3MS
w-s024-a043-w031	24:43	24:43	31	24:43:31	عَن	عَن		P					STEM|POS:P|LEM:Ean
w-s024-a043-w032	24:43	24:43	32	24:43:32	مَّن	مَن		REL					STEM|POS:REL|LEM:man
w-s024-a043-w033	24:43	24:43	33	24:43:33	يَشَآءُ	شَآءَ	ش ي ء	V	IMPF				STEM|POS:V|IMPF|LEM:$aA^'a|ROOT:$yA|3MS
w-s024-a043-w034	24:43	24:43	34	24:43:34	يَكَادُ	كَادَ	ك و د	V	IMPF				STEM|POS:V|IMPF|LEM:kaAda|ROOT:kwd|SP:kaAd|3MS
w-s024-a043-w035	24:43	24:43	35	24:43:35	سَنَا	سَنَا	س ن و	N					STEM|POS:N|LEM:sanaA|ROOT:snw|M|GEN
w-s024-a043-w036	24:43	24:43	36	24:43:36	بَرْقِهِۦ	بَرْق	ب ر ق	N					STEM|POS:N|LEM:baroq|ROOT:brq|M|GEN | SUFFIX|PRON:3MS
w-s024-a043-w037	24:43	24:43	37	24:43:37	يَذْهَبُ	ذَهَبَ	ذ ه ب	V	IMPF				STEM|POS:V|IMPF|LEM:*ahaba|ROOT:*hb|3MS
w-s024-a043-w038	24:43	24:43	38	24:43:38	بِٱلْأَبْصَٰرِ	بَصَر	ب ص ر	N					PREFIX|bi+ | PREFIX|Al+ | STEM|POS:N|LEM:baSar|ROOT:bSr|MP|GEN
w-s024-a044-w001	24:44	24:44	1	24:44:1	يُقَلِّبُ	قَلَّبُ	ق ل ب	V	IMPF			II	STEM|POS:V|IMPF|(II)|LEM:qal~abu|ROOT:qlb|3MS
w-s024-a044-w002	24:44	24:44	2	24:44:2	ٱللَّهُ	ٱللَّه	ء ل ه	PN					STEM|POS:PN|LEM:{ll~ah|ROOT:Alh|NOM
w-s024-a044-w003	24:44	24:44	3	24:44:3	ٱلَّيْلَ	لَيْل	ل ي ل	N					PREFIX|Al+ | STEM|POS:N|LEM:layol|ROOT:lyl|M|ACC
w-s024-a044-w004	24:44	24:44	4	24:44:4	وَٱلنَّهَارَ	نَهَار	ن ه ر	N					PREFIX|w:CONJ+ | PREFIX|Al+ | STEM|POS:N|LEM:nahaAr|ROOT:nhr|M|ACC
w-s024-a044-w005	24:44	24:44	5	24:44:5	إِنَّ	إِنّ		ACC					STEM|POS:ACC|LEM:<in~|SP:<in~
w-s024-a044-w006	24:44	24:44	6	24:44:6	فِى	فِى		P					STEM|POS:P|LEM:fiY
w-s024-a044-w007	24:44	24:44	7	24:44:7	ذَٰلِكَ	ذَٰلِك		DEM					STEM|POS:DEM|LEM:*a`lik|MS
w-s024-a044-w008	24:44	24:44	8	24:44:8	لَعِبْرَةً	عِبْرَة	ع ب ر	N					PREFIX|l:EMPH+ | STEM|POS:N|LEM:Eiborap|ROOT:Ebr|F|INDEF|ACC
w-s024-a044-w009	24:44	24:44	9	24:44:9	لِّأُو۟لِى	أُولِى	ء و ل	N					PREFIX|l:P+ | STEM|POS:N|LEM:>uwliY|ROOT:Awl|MP|GEN
w-s024-a044-w010	24:44	24:44	10	24:44:10	ٱلْأَبْصَٰرِ	بَصَر	ب ص ر	N					PREFIX|Al+ | STEM|POS:N|LEM:baSar|ROOT:bSr|MP|GEN
w-s024-a045-w001	24:45	24:45	1	24:45:1	وَٱللَّهُ	ٱللَّه	ء ل ه	PN					PREFIX|w:CONJ+ | STEM|POS:PN|LEM:{ll~ah|ROOT:Alh|NOM
w-s024-a045-w002	24:45	24:45	2	24:45:2	خَلَقَ	خَلَقَ	خ ل ق	V	PERF				STEM|POS:V|PERF|LEM:xalaqa|ROOT:xlq|3MS
w-s024-a045-w003	24:45	24:45	3	24:45:3	كُلَّ	كُلّ	ك ل ل	N					STEM|POS:N|LEM:kul~|ROOT:kll|M|ACC
w-s024-a045-w004	24:45	24:45	4	24:45:4	دَآبَّةٍ	دَآبَّة	د ب ب	N					STEM|POS:N|LEM:daA^b~ap|ROOT:dbb|F|INDEF|GEN
w-s024-a045-w005	24:45	24:45	5	24:45:5	مِّن	مِن		P					STEM|POS:P|LEM:min
w-s024-a045-w006	24:45	24:45	6	24:45:6	مَّآءٍ	مَآء	م و ه	N					STEM|POS:N|LEM:maA^'|ROOT:mwh|M|INDEF|GEN
w-s024-a045-w007	24:45	24:45	7	24:45:7	فَمِنْهُم	مِن		P					PREFIX|f:REM+ | STEM|POS:P|LEM:min | SUFFIX|PRON:3MP
w-s024-a045-w008	24:45	24:45	8	24:45:8	مَّن	مَن		REL					STEM|POS:REL|LEM:man
w-s024-a045-w009	24:45	24:45	9	24:45:9	يَمْشِى	مَّشَ	م ش ي	V	IMPF				STEM|POS:V|IMPF|LEM:m~a$a|ROOT:m$y|3MS
w-s024-a045-w010	24:45	24:45	10	24:45:10	عَلَىٰ	عَلَىٰ		P					STEM|POS:P|LEM:EalaY`
w-s024-a045-w011	24:45	24:45	11	24:45:11	بَطْنِهِۦ	بَطْن	ب ط ن	N					STEM|POS:N|LEM:baTon|ROOT:bTn|M|GEN | SUFFIX|PRON:3MS
w-s024-a045-w012	24:45	24:45	12	24:45:12	وَمِنْهُم	مِن		P					PREFIX|w:CONJ+ | STEM|POS:P|LEM:min | SUFFIX|PRON:3MP
w-s024-a045-w013	24:45	24:45	13	24:45:13	مَّن	مَن		REL					STEM|POS:REL|LEM:man
w-s024-a045-w014	24:45	24:45	14	24:45:14	يَمْشِى	مَّشَ	م ش ي	V	IMPF				STEM|POS:V|IMPF|LEM:m~a$a|ROOT:m$y|3MS
w-s024-a045-w015	24:45	24:45	15	24:45:15	عَلَىٰ	عَلَىٰ		P					STEM|POS:P|LEM:EalaY`
w-s024-a045-w016	24:45	24:45	16	24:45:16	رِجْلَيْنِ	رِجْل	ر ج ل	N					STEM|POS:N|LEM:rijol|ROOT:rjl|MD|GEN
w-s024-a045-w017	24:45	24:45	17	24:45:17	وَمِنْهُم	مِن		P					PREFIX|w:CONJ+ | STEM|POS:P|LEM:min | SUFFIX|PRON:3MP
w-s024-a045-w018	24:45	24:45	18	24:45:18	مَّن	مَن		REL					STEM|POS:REL|LEM:man
w-s024-a045-w019	24:45	24:45	19	24:45:19	يَمْشِى	مَّشَ	م ش ي	V	IMPF				STEM|POS:V|IMPF|LEM:m~a$a|ROOT:m$y|3MS
w-s024-a045-w020	24:45	24:45	20	24:45:20	عَلَىٰٓ	عَلَىٰ		P					STEM|POS:P|LEM:EalaY`
w-s024-a045-w021	24:45	24:45	21	24:45:21	أَرْبَعٍ	أَرْبَع	ر ب ع	N					STEM|POS:N|LEM:>arobaE|ROOT:rbE|M|INDEF|GEN
w-s024-a045-w022	24:45	24:45	22	24:45:22	يَخْلُقُ	خَلَقَ	خ ل ق	V	IMPF				STEM|POS:V|IMPF|LEM:xalaqa|ROOT:xlq|3MS
w-s024-a045-w023	24:45	24:45	23	24:45:23	ٱللَّهُ	ٱللَّه	ء ل ه	PN					STEM|POS:PN|LEM:{ll~ah|ROOT:Alh|NOM
w-s024-a045-w024	24:45	24:45	24	24:45:24	مَا	مَا		REL					STEM|POS:REL|LEM:maA
w-s024-a045-w025	24:45	24:45	25	24:45:25	يَشَآءُ	شَآءَ	ش ي ء	V	IMPF				STEM|POS:V|IMPF|LEM:$aA^'a|ROOT:$yA|3MS
w-s024-a045-w026	24:45	24:45	26	24:45:26	إِنَّ	إِنّ		ACC					STEM|POS:ACC|LEM:<in~|SP:<in~
w-s024-a045-w027	24:45	24:45	27	24:45:27	ٱللَّهَ	ٱللَّه	ء ل ه	PN					STEM|POS:PN|LEM:{ll~ah|ROOT:Alh|ACC
w-s024-a045-w028	24:45	24:45	28	24:45:28	عَلَىٰ	عَلَىٰ		P					STEM|POS:P|LEM:EalaY`
w-s024-a045-w029	24:45	24:45	29	24:45:29	كُلِّ	كُلّ	ك ل ل	N					STEM|POS:N|LEM:kul~|ROOT:kll|M|GEN
w-s024-a045-w030	24:45	24:45	30	24:45:30	شَىْءٍ	شَىْء	ش ي ء	N					STEM|POS:N|LEM:$aYo'|ROOT:$yA|M|INDEF|GEN
w-s024-a045-w031	24:45	24:45	31	24:45:31	قَدِيرٌ	قَدِير	ق د ر	N					STEM|POS:N|LEM:qadiyr|ROOT:qdr|M|INDEF|NOM
w-s024-a046-w001	24:46	24:46	1	24:46:1	لَّقَدْ	قَد		CERT					PREFIX|l:EMPH+ | STEM|POS:CERT|LEM:qad
w-s024-a046-w002	24:46	24:46	2	24:46:2	أَنزَلْنَآ	أَنزَلَ	ن ز ل	V	PERF			IV	STEM|POS:V|PERF|(IV)|LEM:>anzala|ROOT:nzl|1P | SUFFIX|PRON:1P
w-s024-a046-w003	24:46	24:46	3	24:46:3	ءَايَٰتٍ	ءَايَة	ء ي ي	N					STEM|POS:N|LEM:'aAyap|ROOT:Ayy|FP|INDEF|ACC
w-s024-a046-w004	24:46	24:46	4	24:46:4	مُّبَيِّنَٰتٍ	مُّبَيِّنَٰت	ب ي ن	ADJ					STEM|POS:ADJ|LEM:m~ubay~ina`t|ROOT:byn|FP|INDEF|ACC
w-s024-a046-w005	24:46	24:46	5	24:46:5	وَٱللَّهُ	ٱللَّه	ء ل ه	PN					PREFIX|w:CONJ+ | STEM|POS:PN|LEM:{ll~ah|ROOT:Alh|NOM
w-s024-a046-w006	24:46	24:46	6	24:46:6	يَهْدِى	هَدَى	ه د ي	V	IMPF				STEM|POS:V|IMPF|LEM:hadaY|ROOT:hdy|3MS
w-s024-a046-w007	24:46	24:46	7	24:46:7	مَن	مَن		REL					STEM|POS:REL|LEM:man
w-s024-a046-w008	24:46	24:46	8	24:46:8	يَشَآءُ	شَآءَ	ش ي ء	V	IMPF				STEM|POS:V|IMPF|LEM:$aA^'a|ROOT:$yA|3MS
w-s024-a046-w009	24:46	24:46	9	24:46:9	إِلَىٰ	إِلَىٰ		P					STEM|POS:P|LEM:<ilaY`
w-s024-a046-w010	24:46	24:46	10	24:46:10	صِرَٰطٍ	صِرَٰط	ص ر ط	N					STEM|POS:N|LEM:Sira`T|ROOT:SrT|M|INDEF|GEN
w-s024-a046-w011	24:46	24:46	11	24:46:11	مُّسْتَقِيمٍ	مُّسْتَقِيم	ق و م	N			ACT	X	STEM|POS:N|ACT|PCPL|(X)|LEM:m~usotaqiym|ROOT:qwm|M|INDEF|GEN
w-s024-a047-w001	24:47	24:47	1	24:47:1	وَيَقُولُونَ	قَالَ	ق و ل	V	IMPF				PREFIX|w:CONJ+ | STEM|POS:V|IMPF|LEM:qaAla|ROOT:qwl|3MP | SUFFIX|PRON:3MP
w-s024-a047-w002	24:47	24:47	2	24:47:2	ءَامَنَّا	ءَامَنَ	ء م ن	V	PERF			IV	STEM|POS:V|PERF|(IV)|LEM:'aAmana|ROOT:Amn|1P | SUFFIX|PRON:1P
w-s024-a047-w003	24:47	24:47	3	24:47:3	بِٱللَّهِ	ٱللَّه	ء ل ه	PN					PREFIX|bi+ | STEM|POS:PN|LEM:{ll~ah|ROOT:Alh|GEN
w-s024-a047-w004	24:47	24:47	4	24:47:4	وَبِٱلرَّسُولِ	رَسُول	ر س ل	N					PREFIX|w:CONJ+ | PREFIX|bi+ | PREFIX|Al+ | STEM|POS:N|LEM:rasuwl|ROOT:rsl|M|GEN
w-s024-a047-w005	24:47	24:47	5	24:47:5	وَأَطَعْنَا	أَطَاعَ	ط و ع	V	PERF			IV	PREFIX|w:CONJ+ | STEM|POS:V|PERF|(IV)|LEM:>aTaAEa|ROOT:TwE|1P | SUFFIX|PRON:1P
w-s024-a047-w006	24:47	24:47	6	24:47:6	ثُمَّ	ثُمّ		CONJ					STEM|POS:CONJ|LEM:vum~
w-s024-a047-w007	24:47	24:47	7	24:47:7	يَتَوَلَّىٰ	تَوَلَّىٰ	و ل ي	V	IMPF	SUBJ		V	STEM|POS:V|IMPF|(V)|LEM:tawal~aY`|ROOT:wly|3MS|MOOD:SUBJ
w-s024-a047-w008	24:47	24:47	8	24:47:8	فَرِيقٌ	فَرِيق	ف ر ق	N					STEM|POS:N|LEM:fariyq|ROOT:frq|M|INDEF|NOM
w-s024-a047-w009	24:47	24:47	9	24:47:9	مِّنْهُم	مِن		P					STEM|POS:P|LEM:min | SUFFIX|PRON:3MP
w-s024-a047-w010	24:47	24:47	10	24:47:10	مِّنۢ	مِن		P					STEM|POS:P|LEM:min
w-s024-a047-w011	24:47	24:47	11	24:47:11	بَعْدِ	بَعْد	ب ع د	N					STEM|POS:N|LEM:baEod|ROOT:bEd|GEN
w-s024-a047-w012	24:47	24:47	12	24:47:12	ذَٰلِكَ	ذَٰلِك		DEM					STEM|POS:DEM|LEM:*a`lik|MS
w-s024-a047-w013	24:47	24:47	13	24:47:13	وَمَآ	مَا		NEG					PREFIX|w:CONJ+ | STEM|POS:NEG|LEM:maA
w-s024-a047-w014	24:47	24:47	14	24:47:14	أُو۟لَٰٓئِكَ	أُولَٰٓئِك		DEM					STEM|POS:DEM|LEM:>uwla`^}ik|P
w-s024-a047-w015	24:47	24:47	15	24:47:15	بِٱلْمُؤْمِنِينَ	مُؤْمِن	ء م ن	N			ACT	IV	PREFIX|bi+ | PREFIX|Al+ | STEM|POS:N|ACT|PCPL|(IV)|LEM:mu&omin|ROOT:Amn|MP|GEN
w-s024-a048-w001	24:48	24:48	1	24:48:1	وَإِذَا	إِذَا		T					PREFIX|w:CONJ+ | STEM|POS:T|LEM:<i*aA
w-s024-a048-w002	24:48	24:48	2	24:48:2	دُعُوٓا۟	دَعَا	د ع و	V	PERF		PASS		STEM|POS:V|PERF|PASS|LEM:daEaA|ROOT:dEw|3MP | SUFFIX|PRON:3MP
w-s024-a048-w003	24:48	24:48	3	24:48:3	إِلَى	إِلَىٰ		P					STEM|POS:P|LEM:<ilaY`
w-s024-a048-w004	24:48	24:48	4	24:48:4	ٱللَّهِ	ٱللَّه	ء ل ه	PN					STEM|POS:PN|LEM:{ll~ah|ROOT:Alh|GEN
w-s024-a048-w005	24:48	24:48	5	24:48:5	وَرَسُولِهِۦ	رَسُول	ر س ل	N					PREFIX|w:CONJ+ | STEM|POS:N|LEM:rasuwl|ROOT:rsl|M|GEN | SUFFIX|PRON:3MS
w-s024-a048-w006	24:48	24:48	6	24:48:6	لِيَحْكُمَ	حَكَمَ	ح ك م	V	IMPF	SUBJ			PREFIX|l:PRP+ | STEM|POS:V|IMPF|LEM:Hakama|ROOT:Hkm|3MS|MOOD:SUBJ
w-s024-a048-w007	24:48	24:48	7	24:48:7	بَيْنَهُمْ	بَيْن	ب ي ن	LOC					STEM|POS:LOC|LEM:bayon|ROOT:byn|ACC | SUFFIX|PRON:3MP
w-s024-a048-w008	24:48	24:48	8	24:48:8	إِذَا	إِذَا		T					STEM|POS:T|LEM:<i*aA
w-s024-a048-w009	24:48	24:48	9	24:48:9	فَرِيقٌ	فَرِيق	ف ر ق	N					STEM|POS:N|LEM:fariyq|ROOT:frq|M|INDEF|NOM
w-s024-a048-w010	24:48	24:48	10	24:48:10	مِّنْهُم	مِن		P					STEM|POS:P|LEM:min | SUFFIX|PRON:3MP
w-s024-a048-w011	24:48	24:48	11	24:48:11	مُّعْرِضُونَ	مُّعْرِضُون	ع ر ض	N			ACT	IV	STEM|POS:N|ACT|PCPL|(IV)|LEM:m~uEoriDuwn|ROOT:ErD|MP|NOM
w-s024-a049-w001	24:49	24:49	1	24:49:1	وَإِن	إِن		COND					PREFIX|w:CONJ+ | STEM|POS:COND|LEM:<in
w-s024-a049-w002	24:49	24:49	2	24:49:2	يَكُن	كَانَ	ك و ن	V	IMPF	JUS			STEM|POS:V|IMPF|LEM:kaAna|ROOT:kwn|SP:kaAn|3MS|MOOD:JUS
w-s024-a049-w003	24:49	24:49	3	24:49:3	لَّهُمُ			PRON					PREFIX|l:P+ | STEM|POS:PRON|3MP
w-s024-a049-w004	24:49	24:49	4	24:49:4	ٱلْحَقُّ	حَقّ	ح ق ق	N					PREFIX|Al+ | STEM|POS:N|LEM:Haq~|ROOT:Hqq|M|NOM
w-s024-a049-w005	24:49	24:49	5	24:49:5	يَأْتُوٓا۟	أَتَى	ء ت ي	V	IMPF	SUBJ			STEM|POS:V|IMPF|LEM:>ataY|ROOT:Aty|3MP|MOOD:SUBJ | SUFFIX|PRON:3MP
w-s024-a049-w006	24:49	24:49	6	24:49:6	إِلَيْهِ	إِلَىٰ		P					STEM|POS:P|LEM:<ilaY` | SUFFIX|PRON:3MS
w-s024-a049-w007	24:49	24:49	7	24:49:7	مُذْعِنِينَ	مُذْعِنِين	ذ ع ن	N			ACT	IV	STEM|POS:N|ACT|PCPL|(IV)|LEM:mu*oEiniyn|ROOT:*En|MP|ACC
w-s024-a050-w001	24:50	24:50	1	24:50:1	أَفِى	فِى		P					PREFIX|A:INTG+ | STEM|POS:P|LEM:fiY
w-s024-a050-w002	24:50	24:50	2	24:50:2	قُلُوبِهِم	قَلْب	ق ل ب	N					STEM|POS:N|LEM:qalob|ROOT:qlb|FP|GEN | SUFFIX|PRON:3MP
w-s024-a050-w003	24:50	24:50	3	24:50:3	مَّرَضٌ	مَّرَض	م ر ض	N					STEM|POS:N|LEM:m~araD|ROOT:mrD|M|INDEF|NOM
w-s024-a050-w004	24:50	24:50	4	24:50:4	أَمِ	أَم		CONJ					STEM|POS:CONJ|LEM:>am
w-s024-a050-w005	24:50	24:50	5	24:50:5	ٱرْتَابُوٓا۟	ٱرْتَابَ	ر ي ب	V	PERF			VIII	STEM|POS:V|PERF|(VIII)|LEM:{rotaAba|ROOT:ryb|3MP | SUFFIX|PRON:3MP
w-s024-a050-w006	24:50	24:50	6	24:50:6	أَمْ	أَم		CONJ					STEM|POS:CONJ|LEM:>am
w-s024-a050-w007	24:50	24:50	7	24:50:7	يَخَافُونَ	خَافَ	خ و ف	V	IMPF				STEM|POS:V|IMPF|LEM:xaAfa|ROOT:xwf|3MP | SUFFIX|PRON:3MP
w-s024-a050-w008	24:50	24:50	8	24:50:8	أَن	أَن		SUB					STEM|POS:SUB|LEM:>an
w-s024-a050-w009	24:50	24:50	9	24:50:9	يَحِيفَ	يَحِيفَ	ح ي ف	V	IMPF	SUBJ			STEM|POS:V|IMPF|LEM:yaHiyfa|ROOT:Hyf|3MS|MOOD:SUBJ
w-s024-a050-w010	24:50	24:50	10	24:50:10	ٱللَّهُ	ٱللَّه	ء ل ه	PN					STEM|POS:PN|LEM:{ll~ah|ROOT:Alh|NOM
w-s024-a050-w011	24:50	24:50	11	24:50:11	عَلَيْهِمْ	عَلَىٰ		P					STEM|POS:P|LEM:EalaY` | SUFFIX|PRON:3MP
w-s024-a050-w012	24:50	24:50	12	24:50:12	وَرَسُولُهُۥ	رَسُول	ر س ل	N					PREFIX|w:CONJ+ | STEM|POS:N|LEM:rasuwl|ROOT:rsl|M|NOM | SUFFIX|PRON:3MS
w-s024-a050-w013	24:50	24:50	13	24:50:13	بَلْ	بَل		RET					STEM|POS:RET|LEM:bal
w-s024-a050-w014	24:50	24:50	14	24:50:14	أُو۟لَٰٓئِكَ	أُولَٰٓئِك		DEM					STEM|POS:DEM|LEM:>uwla`^}ik|P
w-s024-a050-w015	24:50	24:50	15	24:50:15	هُمُ			PRON					STEM|POS:PRON|3MP
w-s024-a050-w016	24:50	24:50	16	24:50:16	ٱلظَّٰلِمُونَ	ظَالِم	ظ ل م	N			ACT		PREFIX|Al+ | STEM|POS:N|ACT|PCPL|LEM:ZaAlim|ROOT:Zlm|MP|NOM
w-s024-a051-w001	24:51	24:51	1	24:51:1	إِنَّمَا	إِنّ;مَا		ACC;PREV					STEM|POS:ACC|LEM:<in~|SP:<in~ | STEM|POS:PREV|LEM:maA
w-s024-a051-w002	24:51	24:51	2	24:51:2	كَانَ	كَانَ	ك و ن	V	PERF				STEM|POS:V|PERF|LEM:kaAna|ROOT:kwn|SP:kaAn|3MS
w-s024-a051-w003	24:51	24:51	3	24:51:3	قَوْلَ	قَوْل	ق و ل	N					STEM|POS:N|VN|LEM:qawol|ROOT:qwl|M|ACC
w-s024-a051-w004	24:51	24:51	4	24:51:4	ٱلْمُؤْمِنِينَ	مُؤْمِن	ء م ن	N			ACT	IV	PREFIX|Al+ | STEM|POS:N|ACT|PCPL|(IV)|LEM:mu&omin|ROOT:Amn|MP|GEN
w-s024-a051-w005	24:51	24:51	5	24:51:5	إِذَا	إِذَا		T					STEM|POS:T|LEM:<i*aA
w-s024-a051-w006	24:51	24:51	6	24:51:6	دُعُوٓا۟	دَعَا	د ع و	V	PERF		PASS		STEM|POS:V|PERF|PASS|LEM:daEaA|ROOT:dEw|3MP | SUFFIX|PRON:3MP
w-s024-a051-w007	24:51	24:51	7	24:51:7	إِلَى	إِلَىٰ		P					STEM|POS:P|LEM:<ilaY`
w-s024-a051-w008	24:51	24:51	8	24:51:8	ٱللَّهِ	ٱللَّه	ء ل ه	PN					STEM|POS:PN|LEM:{ll~ah|ROOT:Alh|GEN
w-s024-a051-w009	24:51	24:51	9	24:51:9	وَرَسُولِهِۦ	رَسُول	ر س ل	N					PREFIX|w:CONJ+ | STEM|POS:N|LEM:rasuwl|ROOT:rsl|M|GEN | SUFFIX|PRON:3MS
w-s024-a051-w010	24:51	24:51	10	24:51:10	لِيَحْكُمَ	حَكَمَ	ح ك م	V	IMPF	SUBJ			PREFIX|l:PRP+ | STEM|POS:V|IMPF|LEM:Hakama|ROOT:Hkm|3MS|MOOD:SUBJ
w-s024-a051-w011	24:51	24:51	11	24:51:11	بَيْنَهُمْ	بَيْن	ب ي ن	LOC					STEM|POS:LOC|LEM:bayon|ROOT:byn|ACC | SUFFIX|PRON:3MP
w-s024-a051-w012	24:51	24:51	12	24:51:12	أَن	أَن		SUB					STEM|POS:SUB|LEM:>an
w-s024-a051-w013	24:51	24:51	13	24:51:13	يَقُولُوا۟	قَالَ	ق و ل	V	IMPF	SUBJ			STEM|POS:V|IMPF|LEM:qaAla|ROOT:qwl|3MP|MOOD:SUBJ | SUFFIX|PRON:3MP
w-s024-a051-w014	24:51	24:51	14	24:51:14	سَمِعْنَا	سَمِعَ	س م ع	V	PERF				STEM|POS:V|PERF|LEM:samiEa|ROOT:smE|1P | SUFFIX|PRON:1P
w-s024-a051-w015	24:51	24:51	15	24:51:15	وَأَطَعْنَا	أَطَاعَ	ط و ع	V	PERF			IV	PREFIX|w:CONJ+ | STEM|POS:V|PERF|(IV)|LEM:>aTaAEa|ROOT:TwE|1P | SUFFIX|PRON:1P
w-s024-a051-w016	24:51	24:51	16	24:51:16	وَأُو۟لَٰٓئِكَ	أُولَٰٓئِك		DEM					PREFIX|w:CONJ+ | STEM|POS:DEM|LEM:>uwla`^}ik|P
w-s024-a051-w017	24:51	24:51	17	24:51:17	هُمُ			PRON					STEM|POS:PRON|3MP
w-s024-a051-w018	24:51	24:51	18	24:51:18	ٱلْمُفْلِحُونَ	مُفْلِحُون	ف ل ح	N			ACT	IV	PREFIX|Al+ | STEM|POS:N|ACT|PCPL|(IV)|LEM:mufoliHuwn|ROOT:flH|MP|NOM
w-s024-a052-w001	24:52	24:52	1	24:52:1	وَمَن	مَن		REL					PREFIX|w:CONJ+ | STEM|POS:REL|LEM:man
w-s024-a052-w002	24:52	24:52	2	24:52:2	يُطِعِ	أَطَاعَ	ط و ع	V	IMPF	JUS		IV	STEM|POS:V|IMPF|(IV)|LEM:>aTaAEa|ROOT:TwE|3MS|MOOD:JUS
w-s024-a052-w003	24:52	24:52	3	24:52:3	ٱللَّهَ	ٱللَّه	ء ل ه	PN					STEM|POS:PN|LEM:{ll~ah|ROOT:Alh|ACC
w-s024-a052-w004	24:52	24:52	4	24:52:4	وَرَسُولَهُۥ	رَسُول	ر س ل	N					PREFIX|w:CONJ+ | STEM|POS:N|LEM:rasuwl|ROOT:rsl|M|ACC | SUFFIX|PRON:3MS
w-s024-a052-w005	24:52	24:52	5	24:52:5	وَيَخْشَ	خَشِىَ	خ ش ي	V	IMPF	JUS			PREFIX|w:CONJ+ | STEM|POS:V|IMPF|LEM:xa$iYa|ROOT:x$y|3MS|MOOD:JUS
w-s024-a052-w006	24:52	24:52	6	24:52:6	ٱللَّهَ	ٱللَّه	ء ل ه	PN					STEM|POS:PN|LEM:{ll~ah|ROOT:Alh|ACC
w-s024-a052-w007	24:52	24:52	7	24:52:7	وَيَتَّقْهِ	ٱتَّقَىٰ	و ق ي	V	IMPF	JUS		VIII	PREFIX|w:CONJ+ | STEM|POS:V|IMPF|(VIII)|LEM:{t~aqaY`|ROOT:wqy|3MS|MOOD:JUS | SUFFIX|PRON:3MS
w-s024-a052-w008	24:52	24:52	8	24:52:8	فَأُو۟لَٰٓئِكَ	أُولَٰٓئِك		DEM					PREFIX|f:REM+ | STEM|POS:DEM|LEM:>uwla`^}ik|P
w-s024-a052-w009	24:52	24:52	9	24:52:9	هُمُ			PRON					STEM|POS:PRON|3MP
w-s024-a052-w010	24:52	24:52	10	24:52:10	ٱلْفَآئِزُونَ	فَآئِزُون	ف و ز	N			ACT		PREFIX|Al+ | STEM|POS:N|ACT|PCPL|LEM:faA^}izuwn|ROOT:fwz|MP|NOM
w-s024-a053-w001	24:53	24:53	1	24:53:1	وَأَقْسَمُوا۟	أَقْسَمُ	ق س م	V	PERF			IV	PREFIX|w:CONJ+ | STEM|POS:V|PERF|(IV)|LEM:>aqosamu|ROOT:qsm|3MP | SUFFIX|PRON:3MP
w-s024-a053-w002	24:53	24:53	2	24:53:2	بِٱللَّهِ	ٱللَّه	ء ل ه	PN					PREFIX|bi+ | STEM|POS:PN|LEM:{ll~ah|ROOT:Alh|GEN
w-s024-a053-w003	24:53	24:53	3	24:53:3	جَهْدَ	جَهْد	ج ه د	N					STEM|POS:N|VN|LEM:jahod|ROOT:jhd|M|ACC
w-s024-a053-w004	24:53	24:53	4	24:53:4	أَيْمَٰنِهِمْ	يَمِين	ي م ن	N					STEM|POS:N|LEM:yamiyn|ROOT:ymn|MP|GEN | SUFFIX|PRON:3MP
w-s024-a053-w005	24:53	24:53	5	24:53:5	لَئِنْ	إِن		COND					PREFIX|l:EMPH+ | STEM|POS:COND|LEM:<in
w-s024-a053-w006	24:53	24:53	6	24:53:6	أَمَرْتَهُمْ	أَمَرَ	ء م ر	V	PERF				STEM|POS:V|PERF|LEM:>amara|ROOT:Amr|2MS | SUFFIX|PRON:2MS | SUFFIX|PRON:3MP
w-s024-a053-w007	24:53	24:53	7	24:53:7	لَيَخْرُجُنَّ	خَرَجَ	خ ر ج	V	IMPF				PREFIX|l:EMPH+ | STEM|POS:V|IMPF|LEM:xaraja|ROOT:xrj|3MP | SUFFIX|+n:EMPH
w-s024-a053-w008	24:53	24:53	8	24:53:8	قُل	قَالَ	ق و ل	V	IMPV				STEM|POS:V|IMPV|LEM:qaAla|ROOT:qwl|2MS
w-s024-a053-w009	24:53	24:53	9	24:53:9	لَّا	لَا		PRO					STEM|POS:PRO|LEM:laA
w-s024-a053-w010	24:53	24:53	10	24:53:10	تُقْسِمُوا۟	أَقْسَمُ	ق س م	V	IMPF	JUS		IV	STEM|POS:V|IMPF|(IV)|LEM:>aqosamu|ROOT:qsm|2MP|MOOD:JUS | SUFFIX|PRON:2MP
w-s024-a053-w011	24:53	24:53	11	24:53:11	طَاعَةٌ	طَاعَة	ط و ع	N					STEM|POS:N|LEM:TaAEap|ROOT:TwE|F|INDEF|NOM
w-s024-a053-w012	24:53	24:53	12	24:53:12	مَّعْرُوفَةٌ	مَّعْرُوفَة	ع ر ف	N			PASS		STEM|POS:N|PASS|PCPL|LEM:m~aEoruwfap|ROOT:Erf|F|INDEF|NOM
w-s024-a053-w013	24:53	24:53	13	24:53:13	إِنَّ	إِنّ		ACC					STEM|POS:ACC|LEM:<in~|SP:<in~
w-s024-a053-w014	24:53	24:53	14	24:53:14	ٱللَّهَ	ٱللَّه	ء ل ه	PN					STEM|POS:PN|LEM:{ll~ah|ROOT:Alh|ACC
w-s024-a053-w015	24:53	24:53	15	24:53:15	خَبِيرٌۢ	خَبِير	خ ب ر	ADJ					STEM|POS:ADJ|LEM:xabiyr|ROOT:xbr|MS|INDEF|NOM
w-s024-a053-w016	24:53	24:53	16	24:53:16	بِمَا	مَا		REL					PREFIX|bi+ | STEM|POS:REL|LEM:maA
w-s024-a053-w017	24:53	24:53	17	24:53:17	تَعْمَلُونَ	عَمِلَ	ع م ل	V	IMPF				STEM|POS:V|IMPF|LEM:Eamila|ROOT:Eml|2MP | SUFFIX|PRON:2MP
w-s024-a054-w001	24:54	24:54	1	24:54:1	قُلْ	قَالَ	ق و ل	V	IMPV				STEM|POS:V|IMPV|LEM:qaAla|ROOT:qwl|2MS
w-s024-a054-w002	24:54	24:54	2	24:54:2	أَطِيعُوا۟	أَطَاعَ	ط و ع	V	IMPV			IV	STEM|POS:V|IMPV|(IV)|LEM:>aTaAEa|ROOT:TwE|2MP | SUFFIX|PRON:2MP
w-s024-a054-w003	24:54	24:54	3	24:54:3	ٱللَّهَ	ٱللَّه	ء ل ه	PN					STEM|POS:PN|LEM:{ll~ah|ROOT:Alh|ACC
w-s024-a054-w004	24:54	24:54	4	24:54:4	وَأَطِيعُوا۟	أَطَاعَ	ط و ع	V	IMPV			IV	PREFIX|w:CONJ+ | STEM|POS:V|IMPV|(IV)|LEM:>aTaAEa|ROOT:TwE|2MP | SUFFIX|PRON:2MP
w-s024-a054-w005	24:54	24:54	5	24:54:5	ٱلرَّسُولَ	رَسُول	ر س ل	N					PREFIX|Al+ | STEM|POS:N|LEM:rasuwl|ROOT:rsl|M|ACC
w-s024-a054-w006	24:54	24:54	6	24:54:6	فَإِن	إِن		COND					PREFIX|f:REM+ | STEM|POS:COND|LEM:<in
w-s024-a054-w007	24:54	24:54	7	24:54:7	تَوَلَّوْا۟	تَوَلَّىٰ	و ل ي	V	IMPF	SUBJ		V	STEM|POS:V|IMPF|(V)|LEM:tawal~aY`|ROOT:wly|2MP|MOOD:SUBJ | SUFFIX|PRON:2MP
w-s024-a054-w008	24:54	24:54	8	24:54:8	فَإِنَّمَا	إِنّ;مَا		ACC;PREV					PREFIX|f:REM+ | STEM|POS:ACC|LEM:<in~|SP:<in~ | STEM|POS:PREV|LEM:maA
w-s024-a054-w009	24:54	24:54	9	24:54:9	عَلَيْهِ	عَلَىٰ		P					STEM|POS:P|LEM:EalaY` | SUFFIX|PRON:3MS
w-s024-a054-w010	24:54	24:54	10	24:54:10	مَا	مَا		REL					STEM|POS:REL|LEM:maA
w-s024-a054-w011	24:54	24:54	11	24:54:11	حُمِّلَ	حُمِّلَ	ح م ل	V	PERF		PASS	II	STEM|POS:V|PERF|PASS|(II)|LEM:Hum~ila|ROOT:Hml|3MS
w-s024-a054-w012	24:54	24:54	12	24:54:12	وَعَلَيْكُم	عَلَىٰ		P					PREFIX|w:CONJ+ | STEM|POS:P|LEM:EalaY` | SUFFIX|PRON:2MP
w-s024-a054-w013	24:54	24:54	13	24:54:13	مَّا	مَا		REL					STEM|POS:REL|LEM:maA
w-s024-a054-w014	24:54	24:54	14	24:54:14	حُمِّلْتُمْ	حُمِّلَ	ح م ل	V	PERF		PASS	II	STEM|POS:V|PERF|PASS|(II)|LEM:Hum~ila|ROOT:Hml|2MP | SUFFIX|PRON:2MP
w-s024-a054-w015	24:54	24:54	15	24:54:15	وَإِن	إِن		COND					PREFIX|w:CONJ+ | STEM|POS:COND|LEM:<in
w-s024-a054-w016	24:54	24:54	16	24:54:16	تُطِيعُوهُ	أَطَاعَ	ط و ع	V	IMPF	SUBJ		IV	STEM|POS:V|IMPF|(IV)|LEM:>aTaAEa|ROOT:TwE|2MP|MOOD:SUBJ | SUFFIX|PRON:2MP | SUFFIX|PRON:3MS
w-s024-a054-w017	24:54	24:54	17	24:54:17	تَهْتَدُوا۟	ٱهْتَدَىٰ	ه د ي	V	IMPF	SUBJ		VIII	STEM|POS:V|IMPF|(VIII)|LEM:{hotadaY`|ROOT:hdy|2MP|MOOD:SUBJ | SUFFIX|PRON:2MP
w-s024-a054-w018	24:54	24:54	18	24:54:18	وَمَا	مَا		NEG					PREFIX|w:CONJ+ | STEM|POS:NEG|LEM:maA
w-s024-a054-w019	24:54	24:54	19	24:54:19	عَلَى	عَلَىٰ		P					STEM|POS:P|LEM:EalaY`
w-s024-a054-w020	24:54	24:54	20	24:54:20	ٱلرَّسُولِ	رَسُول	ر س ل	N					PREFIX|Al+ | STEM|POS:N|LEM:rasuwl|ROOT:rsl|M|GEN
w-s024-a054-w021	24:54	24:54	21	24:54:21	إِلَّا	إِلَّا		RES					STEM|POS:RES|LEM:<il~aA
w-s024-a054-w022	24:54	24:54	22	24:54:22	ٱلْبَلَٰغُ	بَلَٰغ	ب ل غ	N					PREFIX|Al+ | STEM|POS:N|LEM:bala`g|ROOT:blg|M|NOM
w-s024-a054-w023	24:54	24:54	23	24:54:23	ٱلْمُبِينُ	مُّبِين	ب ي ن	N			ACT	IV	PREFIX|Al+ | STEM|POS:N|ACT|PCPL|(IV)|LEM:m~ubiyn|ROOT:byn|M|NOM
w-s024-a055-w001	24:55	24:55	1	24:55:1	وَعَدَ	وَعَدَ	و ع د	V	PERF				STEM|POS:V|PERF|LEM:waEada|ROOT:wEd|3MS
w-s024-a055-w002	24:55	24:55	2	24:55:2	ٱللَّهُ	ٱللَّه	ء ل ه	PN					STEM|POS:PN|LEM:{ll~ah|ROOT:Alh|NOM
w-s024-a055-w003	24:55	24:55	3	24:55:3	ٱلَّذِينَ	ٱلَّذِى		REL					STEM|POS:REL|LEM:{l~a*iY|MP
w-s024-a055-w004	24:55	24:55	4	24:55:4	ءَامَنُوا۟	ءَامَنَ	ء م ن	V	PERF			IV	STEM|POS:V|PERF|(IV)|LEM:'aAmana|ROOT:Amn|3MP | SUFFIX|PRON:3MP
w-s024-a055-w005	24:55	24:55	5	24:55:5	مِنكُمْ	مِن		P					STEM|POS:P|LEM:min | SUFFIX|PRON:2MP
w-s024-a055-w006	24:55	24:55	6	24:55:6	وَعَمِلُوا۟	عَمِلَ	ع م ل	V	PERF				PREFIX|w:CONJ+ | STEM|POS:V|PERF|LEM:Eamila|ROOT:Eml|3MP | SUFFIX|PRON:3MP
w-s024-a055-w007	24:55	24:55	7	24:55:7	ٱلصَّٰلِحَٰتِ	صَّٰلِحَٰت	ص ل ح	N			ACT		PREFIX|Al+ | STEM|POS:N|ACT|PCPL|LEM:S~a`liHa`t|ROOT:SlH|FP|GEN
w-s024-a055-w008	24:55	24:55	8	24:55:8	لَيَسْتَخْلِفَنَّهُمْ	ٱسْتَخْلَفَ	خ ل ف	V	IMPF			X	PREFIX|l:EMPH+ | STEM|POS:V|IMPF|(X)|LEM:{sotaxolafa|ROOT:xlf|3MS | SUFFIX|+n:EMPH | SUFFIX|PRON:3MP
w-s024-a055-w009	24:55	24:55	9	24:55:9	فِى	فِى		P					STEM|POS:P|LEM:fiY
w-s024-a055-w010	24:55	24:55	10	24:55:10	ٱلْأَرْضِ	أَرْض	ء ر ض	N					PREFIX|Al+ | STEM|POS:N|LEM:>aroD|ROOT:ArD|F|GEN
w-s024-a055-w011	24:55	24:55	11	24:55:11	كَمَا	مَا		SUB					PREFIX|ka+ | STEM|POS:SUB|LEM:maA
w-s024-a055-w012	24:55	24:55	12	24:55:12	ٱسْتَخْلَفَ	ٱسْتَخْلَفَ	خ ل ف	V	PERF			X	STEM|POS:V|PERF|(X)|LEM:{sotaxolafa|ROOT:xlf|3MS
w-s024-a055-w013	24:55	24:55	13	24:55:13	ٱلَّذِينَ	ٱلَّذِى		REL					STEM|POS:REL|LEM:{l~a*iY|MP
w-s024-a055-w014	24:55	24:55	14	24:55:14	مِن	مِن		P					STEM|POS:P|LEM:min
w-s024-a055-w015	24:55	24:55	15	24:55:15	قَبْلِهِمْ	قَبْل	ق ب ل	N					STEM|POS:N|LEM:qabol|ROOT:qbl|GEN | SUFFIX|PRON:3MP
w-s024-a055-w016	24:55	24:55	16	24:55:16	وَلَيُمَكِّنَنَّ	مَكَّ	م ك ن	V	IMPF			II	PREFIX|w:CONJ+ | PREFIX|l:EMPH+ | STEM|POS:V|IMPF|(II)|LEM:mak~a|ROOT:mkn|3MS | SUFFIX|+n:EMPH
w-s024-a055-w017	24:55	24:55	17	24:55:17	لَهُمْ			PRON					PREFIX|l:P+ | STEM|POS:PRON|3MP
w-s024-a055-w018	24:55	24:55	18	24:55:18	دِينَهُمُ	دِين	د ي ن	N					STEM|POS:N|LEM:diyn|ROOT:dyn|M|ACC | SUFFIX|PRON:3MP
w-s024-a055-w019	24:55	24:55	19	24:55:19	ٱلَّذِى	ٱلَّذِى		REL					STEM|POS:REL|LEM:{l~a*iY|MS
w-s024-a055-w020	24:55	24:55	20	24:55:20	ٱرْتَضَىٰ	ٱرْتَضَىٰ	ر ض و	V	PERF			VIII	STEM|POS:V|PERF|(VIII)|LEM:{rotaDaY`|ROOT:rDw|3MS
w-s024-a055-w021	24:55	24:55	21	24:55:21	لَهُمْ			PRON					PREFIX|l:P+ | STEM|POS:PRON|3MP
w-s024-a055-w022	24:55	24:55	22	24:55:22	وَلَيُبَدِّلَنَّهُم	بَدَّلَ	ب د ل	V	IMPF			II	PREFIX|w:CONJ+ | PREFIX|l:EMPH+ | STEM|POS:V|IMPF|(II)|LEM:bad~ala|ROOT:bdl|3MS | SUFFIX|+n:EMPH | SUFFIX|PRON:3MP
w-s024-a055-w023	24:55	24:55	23	24:55:23	مِّنۢ	مِن		P					STEM|POS:P|LEM:min
w-s024-a055-w024	24:55	24:55	24	24:55:24	بَعْدِ	بَعْد	ب ع د	N					STEM|POS:N|LEM:baEod|ROOT:bEd|GEN
w-s024-a055-w025	24:55	24:55	25	24:55:25	خَوْفِهِمْ	خَوْف	خ و ف	N					STEM|POS:N|LEM:xawof|ROOT:xwf|M|GEN | SUFFIX|PRON:3MP
w-s024-a055-w026	24:55	24:55	26	24:55:26	أَمْنًا	أَمْن	ء م ن	N					STEM|POS:N|LEM:>amon|ROOT:Amn|M|INDEF|ACC
w-s024-a055-w027	24:55	24:55	27	24:55:27	يَعْبُدُونَنِى	عَبَدَ	ع ب د	V	IMPF				STEM|POS:V|IMPF|LEM:Eabada|ROOT:Ebd|3MP | SUFFIX|PRON:3MP | SUFFIX|PRON:1S
w-s024-a055-w028	24:55	24:55	28	24:55:28	لَا	لَا		NEG					STEM|POS:NEG|LEM:laA
w-s024-a055-w029	24:55	24:55	29	24:55:29	يُشْرِكُونَ	أَشْرَكَ	ش ر ك	V	IMPF			IV	STEM|POS:V|IMPF|(IV)|LEM:>a$oraka|ROOT:$rk|3MP | SUFFIX|PRON:3MP
w-s024-a055-w030	24:55	24:55	30	24:55:30	بِى			PRON					PREFIX|bi+ | STEM|POS:PRON|1S
w-s024-a055-w031	24:55	24:55	31	24:55:31	شَيْـًٔا	شَىْء	ش ي ء	N					STEM|POS:N|LEM:$aYo'|ROOT:$yA|M|INDEF|ACC
w-s024-a055-w032	24:55	24:55	32	24:55:32	وَمَن	مَن		REL					PREFIX|w:CONJ+ | STEM|POS:REL|LEM:man
w-s024-a055-w033	24:55	24:55	33	24:55:33	كَفَرَ	كَفَرَ	ك ف ر	V	PERF				STEM|POS:V|PERF|LEM:kafara|ROOT:kfr|3MS
w-s024-a055-w034	24:55	24:55	34	24:55:34	بَعْدَ	بَعْد	ب ع د	T					STEM|POS:T|LEM:baEod|ROOT:bEd|ACC
w-s024-a055-w035	24:55	24:55	35	24:55:35	ذَٰلِكَ	ذَٰلِك		DEM					STEM|POS:DEM|LEM:*a`lik|MS
w-s024-a055-w036	24:55	24:55	36	24:55:36	فَأُو۟لَٰٓئِكَ	أُولَٰٓئِك		DEM					PREFIX|f:REM+ | STEM|POS:DEM|LEM:>uwla`^}ik|P
w-s024-a055-w037	24:55	24:55	37	24:55:37	هُمُ			PRON					STEM|POS:PRON|3MP
w-s024-a055-w038	24:55	24:55	38	24:55:38	ٱلْفَٰسِقُونَ	فَاسِق	ف س ق	N			ACT		PREFIX|Al+ | STEM|POS:N|ACT|PCPL|LEM:faAsiq|ROOT:fsq|MP|NOM
w-s024-a056-w001	24:56	24:56	1	24:56:1	وَأَقِيمُوا۟	أَقَامَ	ق و م	V	IMPV			IV	PREFIX|w:CONJ+ | STEM|POS:V|IMPV|(IV)|LEM:>aqaAma|ROOT:qwm|2MP | SUFFIX|PRON:2MP
w-s024-a056-w002	24:56	24:56	2	24:56:2	ٱلصَّلَوٰةَ	صَلَوٰة	ص ل و	N					PREFIX|Al+ | STEM|POS:N|LEM:Salaw`p|ROOT:Slw|F|ACC
w-s024-a056-w003	24:56	24:56	3	24:56:3	وَءَاتُوا۟	آتَى	ء ت ي	V	IMPV			IV	PREFIX|w:CONJ+ | STEM|POS:V|IMPV|(IV)|LEM:A^taY|ROOT:Aty|2MP | SUFFIX|PRON:2MP
w-s024-a056-w004	24:56	24:56	4	24:56:4	ٱلزَّكَوٰةَ	زَكَوٰة	ز ك و	N					PREFIX|Al+ | STEM|POS:N|LEM:zakaw`p|ROOT:zkw|F|ACC
w-s024-a056-w005	24:56	24:56	5	24:56:5	وَأَطِيعُوا۟	أَطَاعَ	ط و ع	V	IMPV			IV	PREFIX|w:CONJ+ | STEM|POS:V|IMPV|(IV)|LEM:>aTaAEa|ROOT:TwE|2MP | SUFFIX|PRON:2MP
w-s024-a056-w006	24:56	24:56	6	24:56:6	ٱلرَّسُولَ	رَسُول	ر س ل	N					PREFIX|Al+ | STEM|POS:N|LEM:rasuwl|ROOT:rsl|M|ACC
w-s024-a056-w007	24:56	24:56	7	24:56:7	لَعَلَّكُمْ	لَعَلّ		ACC					STEM|POS:ACC|LEM:laEal~|SP:<in~ | SUFFIX|PRON:2MP
w-s024-a056-w008	24:56	24:56	8	24:56:8	تُرْحَمُونَ	رَّحِمَ	ر ح م	V	IMPF		PASS		STEM|POS:V|IMPF|PASS|LEM:r~aHima|ROOT:rHm|2MP | SUFFIX|PRON:2MP
w-s024-a057-w001	24:57	24:57	1	24:57:1	لَا	لَا		PRO					STEM|POS:PRO|LEM:laA
w-s024-a057-w002	24:57	24:57	2	24:57:2	تَحْسَبَنَّ	حَسِبَ	ح س ب	V	IMPF	JUS			STEM|POS:V|IMPF|LEM:Hasiba|ROOT:Hsb|2MS|MOOD:JUS | SUFFIX|+n:EMPH
w-s024-a057-w003	24:57	24:57	3	24:57:3	ٱلَّذِينَ	ٱلَّذِى		REL					STEM|POS:REL|LEM:{l~a*iY|MP
w-s024-a057-w004	24:57	24:57	4	24:57:4	كَفَرُوا۟	كَفَرَ	ك ف ر	V	PERF				STEM|POS:V|PERF|LEM:kafara|ROOT:kfr|3MP | SUFFIX|PRON:3MP
w-s024-a057-w005	24:57	24:57	5	24:57:5	مُعْجِزِينَ	مُعْجِز	ع ج ز	N			ACT	IV	STEM|POS:N|ACT|PCPL|(IV)|LEM:muEojiz|ROOT:Ejz|MP|ACC
w-s024-a057-w006	24:57	24:57	6	24:57:6	فِى	فِى		P					STEM|POS:P|LEM:fiY
w-s024-a057-w007	24:57	24:57	7	24:57:7	ٱلْأَرْضِ	أَرْض	ء ر ض	N					PREFIX|Al+ | STEM|POS:N|LEM:>aroD|ROOT:ArD|F|GEN
w-s024-a057-w008	24:57	24:57	8	24:57:8	وَمَأْوَىٰهُمُ	مَأْوَىٰ	ء و ي	N					PREFIX|w:CONJ+ | STEM|POS:N|LEM:ma>owaY`|ROOT:Awy|M|GEN | SUFFIX|PRON:3MP
w-s024-a057-w009	24:57	24:57	9	24:57:9	ٱلنَّارُ	نَار	ن و ر	N					PREFIX|Al+ | STEM|POS:N|LEM:naAr|ROOT:nwr|F|NOM
w-s024-a057-w010	24:57	24:57	10	24:57:10	وَلَبِئْسَ	بِئْسَ	ب ء س	V	PERF				PREFIX|w:CONJ+ | PREFIX|l:EMPH+ | STEM|POS:V|PERF|LEM:bi}osa|ROOT:bAs|3MS
w-s024-a057-w011	24:57	24:57	11	24:57:11	ٱلْمَصِيرُ	مَصِير	ص ي ر	N					PREFIX|Al+ | STEM|POS:N|LEM:maSiyr|ROOT:Syr|NOM
w-s024-a058-w001	24:58	24:58	1	24:58:1	يَٰٓأَيُّهَا	أَيُّهَا		N					PREFIX|ya+ | STEM|POS:N|LEM:>ay~uhaA|NOM
w-s024-a058-w002	24:58	24:58	2	24:58:2	ٱلَّذِينَ	ٱلَّذِى		REL					STEM|POS:REL|LEM:{l~a*iY|MP
w-s024-a058-w003	24:58	24:58	3	24:58:3	ءَامَنُوا۟	ءَامَنَ	ء م ن	V	PERF			IV	STEM|POS:V|PERF|(IV)|LEM:'aAmana|ROOT:Amn|3MP | SUFFIX|PRON:3MP
w-s024-a058-w004	24:58	24:58	4	24:58:4	لِيَسْتَـْٔذِنكُمُ	ٱسْتَـْٔذَنَ	ء ذ ن	V	IMPF	JUS		X	PREFIX|l:IMPV+ | STEM|POS:V|IMPF|(X)|LEM:{sota_#o*ana|ROOT:A*n|3MS|MOOD:JUS | SUFFIX|PRON:2MP
w-s024-a058-w005	24:58	24:58	5	24:58:5	ٱلَّذِينَ	ٱلَّذِى		REL					STEM|POS:REL|LEM:{l~a*iY|MP
w-s024-a058-w006	24:58	24:58	6	24:58:6	مَلَكَتْ	مَلَكَتْ	م ل ك	V	PERF				STEM|POS:V|PERF|LEM:malakato|ROOT:mlk|3FS
w-s024-a058-w007	24:58	24:58	7	24:58:7	أَيْمَٰنُكُمْ	يَمِين	ي م ن	N					STEM|POS:N|LEM:yamiyn|ROOT:ymn|MP|NOM | SUFFIX|PRON:2MP
w-s024-a058-w008	24:58	24:58	8	24:58:8	وَٱلَّذِينَ	ٱلَّذِى		REL					PREFIX|w:CONJ+ | STEM|POS:REL|LEM:{l~a*iY|MP
w-s024-a058-w009	24:58	24:58	9	24:58:9	لَمْ	لَم		NEG					STEM|POS:NEG|LEM:lam
w-s024-a058-w010	24:58	24:58	10	24:58:10	يَبْلُغُوا۟	بَلَغَ	ب ل غ	V	IMPF	JUS			STEM|POS:V|IMPF|LEM:balaga|ROOT:blg|3MP|MOOD:JUS | SUFFIX|PRON:3MP
w-s024-a058-w011	24:58	24:58	11	24:58:11	ٱلْحُلُمَ	حُلُم	ح ل م	N					PREFIX|Al+ | STEM|POS:N|LEM:Hulum|ROOT:Hlm|M|ACC
w-s024-a058-w012	24:58	24:58	12	24:58:12	مِنكُمْ	مِن		P					STEM|POS:P|LEM:min | SUFFIX|PRON:2MP
w-s024-a058-w013	24:58	24:58	13	24:58:13	ثَلَٰثَ	ثَلَٰث	ث ل ث	N					STEM|POS:N|LEM:vala`v|ROOT:vlv|M|ACC
w-s024-a058-w014	24:58	24:58	14	24:58:14	مَرَّٰتٍ	مَرَّٰت	م ر ر	N					STEM|POS:N|LEM:mar~a`t|ROOT:mrr|FP|INDEF|GEN
w-s024-a058-w015	24:58	24:58	15	24:58:15	مِّن	مِن		P					STEM|POS:P|LEM:min
w-s024-a058-w016	24:58	24:58	16	24:58:16	قَبْلِ	قَبْل	ق ب ل	N					STEM|POS:N|LEM:qabol|ROOT:qbl|GEN
w-s024-a058-w017	24:58	24:58	17	24:58:17	صَلَوٰةِ	صَلَوٰة	ص ل و	N					STEM|POS:N|LEM:Salaw`p|ROOT:Slw|F|GEN
w-s024-a058-w018	24:58	24:58	18	24:58:18	ٱلْفَجْرِ	فَجْر	ف ج ر	N					PREFIX|Al+ | STEM|POS:N|LEM:fajor|ROOT:fjr|M|GEN
w-s024-a058-w019	24:58	24:58	19	24:58:19	وَحِينَ	حِين	ح ي ن	N					PREFIX|w:CONJ+ | STEM|POS:N|LEM:Hiyn|ROOT:Hyn|M|ACC
w-s024-a058-w020	24:58	24:58	20	24:58:20	تَضَعُونَ	وَضَعَ	و ض ع	V	IMPF				STEM|POS:V|IMPF|LEM:waDaEa|ROOT:wDE|2MP | SUFFIX|PRON:2MP
w-s024-a058-w021	24:58	24:58	21	24:58:21	ثِيَابَكُم	ثِيَاب	ث و ب	N					STEM|POS:N|LEM:viyaAb|ROOT:vwb|MP|ACC | SUFFIX|PRON:2MP
w-s024-a058-w022	24:58	24:58	22	24:58:22	مِّنَ	مِن		P					STEM|POS:P|LEM:min
w-s024-a058-w023	24:58	24:58	23	24:58:23	ٱلظَّهِيرَةِ	ظَّهِيرَة	ظ ه ر	N					PREFIX|Al+ | STEM|POS:N|LEM:Z~ahiyrap|ROOT:Zhr|F|GEN
w-s024-a058-w024	24:58	24:58	24	24:58:24	وَمِنۢ	مِن		P					PREFIX|w:CONJ+ | STEM|POS:P|LEM:min
w-s024-a058-w025	24:58	24:58	25	24:58:25	بَعْدِ	بَعْد	ب ع د	N					STEM|POS:N|LEM:baEod|ROOT:bEd|GEN
w-s024-a058-w026	24:58	24:58	26	24:58:26	صَلَوٰةِ	صَلَوٰة	ص ل و	N					STEM|POS:N|LEM:Salaw`p|ROOT:Slw|F|GEN
w-s024-a058-w027	24:58	24:58	27	24:58:27	ٱلْعِشَآءِ	عِشَآء	ع ش و	N					PREFIX|Al+ | STEM|POS:N|LEM:Ei$aA^'|ROOT:E$w|M|GEN
w-s024-a058-w028	24:58	24:58	28	24:58:28	ثَلَٰثُ	ثَلَٰث	ث ل ث	N					STEM|POS:N|LEM:vala`v|ROOT:vlv|M|NOM
w-s024-a058-w029	24:58	24:58	29	24:58:29	عَوْرَٰتٍ	عَوْرَة	ع و ر	N					STEM|POS:N|LEM:Eaworap|ROOT:Ewr|FP|INDEF|GEN
w-s024-a058-w030	24:58	24:58	30	24:58:30	لَّكُمْ			PRON					PREFIX|l:P+ | STEM|POS:PRON|2MP
w-s024-a058-w031	24:58	24:58	31	24:58:31	لَيْسَ	لَّيْسَ	ل ي س	V	PERF				STEM|POS:V|PERF|LEM:l~ayosa|ROOT:lys|SP:kaAn|3MS
w-s024-a058-w032	24:58	24:58	32	24:58:32	عَلَيْكُمْ	عَلَىٰ		P					STEM|POS:P|LEM:EalaY` | SUFFIX|PRON:2MP
w-s024-a058-w033	24:58	24:58	33	24:58:33	وَلَا	لَا		NEG					PREFIX|w:CONJ+ | STEM|POS:NEG|LEM:laA
w-s024-a058-w034	24:58	24:58	34	24:58:34	عَلَيْهِمْ	عَلَىٰ		P					STEM|POS:P|LEM:EalaY` | SUFFIX|PRON:3MP
w-s024-a058-w035	24:58	24:58	35	24:58:35	جُنَاحٌۢ	جُنَاح	ج ن ح	N					STEM|POS:N|LEM:junaAH|ROOT:jnH|M|INDEF|NOM
w-s024-a058-w036	24:58	24:58	36	24:58:36	بَعْدَهُنَّ	بَعْد	ب ع د	T					STEM|POS:T|LEM:baEod|ROOT:bEd|ACC | SUFFIX|PRON:3FP
w-s024-a058-w037	24:58	24:58	37	24:58:37	طَوَّٰفُونَ	طَوَّٰفُون	ط و ف	N					STEM|POS:N|LEM:Taw~a`fuwn|ROOT:Twf|MP|NOM
w-s024-a058-w038	24:58	24:58	38	24:58:38	عَلَيْكُم	عَلَىٰ		P					STEM|POS:P|LEM:EalaY` | SUFFIX|PRON:2MP
w-s024-a058-w039	24:58	24:58	39	24:58:39	بَعْضُكُمْ	بَعْض	ب ع ض	N					STEM|POS:N|LEM:baEoD|ROOT:bED|M|NOM | SUFFIX|PRON:2MP
w-s024-a058-w040	24:58	24:58	40	24:58:40	عَلَىٰ	عَلَىٰ		P					STEM|POS:P|LEM:EalaY`
w-s024-a058-w041	24:58	24:58	41	24:58:41	بَعْضٍ	بَعْض	ب ع ض	N					STEM|POS:N|LEM:baEoD|ROOT:bED|M|INDEF|GEN
w-s024-a058-w042	24:58	24:58	42	24:58:42	كَذَٰلِكَ	ذَٰلِك		DEM					PREFIX|ka+ | STEM|POS:DEM|LEM:*a`lik|MS
w-s024-a058-w043	24:58	24:58	43	24:58:43	يُبَيِّنُ	بَيَّنُ	ب ي ن	V	IMPF			II	STEM|POS:V|IMPF|(II)|LEM:bay~anu|ROOT:byn|3MS
w-s024-a058-w044	24:58	24:58	44	24:58:44	ٱللَّهُ	ٱللَّه	ء ل ه	PN					STEM|POS:PN|LEM:{ll~ah|ROOT:Alh|NOM
w-s024-a058-w045	24:58	24:58	45	24:58:45	لَكُمُ			PRON					PREFIX|l:P+ | STEM|POS:PRON|2MP
w-s024-a058-w046	24:58	24:58	46	24:58:46	ٱلْءَايَٰتِ	ءَايَة	ء ي ي	N					PREFIX|Al+ | STEM|POS:N|LEM:'aAyap|ROOT:Ayy|FP|GEN
w-s024-a058-w047	24:58	24:58	47	24:58:47	وَٱللَّهُ	ٱللَّه	ء ل ه	PN					PREFIX|w:CONJ+ | STEM|POS:PN|LEM:{ll~ah|ROOT:Alh|NOM
w-s024-a058-w048	24:58	24:58	48	24:58:48	عَلِيمٌ	عَلِيم	ع ل م	ADJ					STEM|POS:ADJ|LEM:Ealiym|ROOT:Elm|MS|INDEF|NOM
w-s024-a058-w049	24:58	24:58	49	24:58:49	حَكِيمٌ	حَكِيم	ح ك م	ADJ					STEM|POS:ADJ|LEM:Hakiym|ROOT:Hkm|MS|INDEF|NOM
w-s024-a059-w001	24:59	24:59	1	24:59:1	وَإِذَا	إِذَا		T					PREFIX|w:CONJ+ | STEM|POS:T|LEM:<i*aA
w-s024-a059-w002	24:59	24:59	2	24:59:2	بَلَغَ	بَلَغَ	ب ل غ	V	PERF				STEM|POS:V|PERF|LEM:balaga|ROOT:blg|3MS
w-s024-a059-w003	24:59	24:59	3	24:59:3	ٱلْأَطْفَٰلُ	طِفْل	ط ف ل	N					PREFIX|Al+ | STEM|POS:N|LEM:Tifol|ROOT:Tfl|MP|NOM
w-s024-a059-w004	24:59	24:59	4	24:59:4	مِنكُمُ	مِن		P					STEM|POS:P|LEM:min | SUFFIX|PRON:2MP
w-s024-a059-w005	24:59	24:59	5	24:59:5	ٱلْحُلُمَ	حُلُم	ح ل م	N					PREFIX|Al+ | STEM|POS:N|LEM:Hulum|ROOT:Hlm|M|ACC
w-s024-a059-w006	24:59	24:59	6	24:59:6	فَلْيَسْتَـْٔذِنُوا۟	ٱسْتَـْٔذَنَ	ء ذ ن	V	IMPF	JUS		X	PREFIX|f:REM+ | PREFIX|l:IMPV+ | STEM|POS:V|IMPF|(X)|LEM:{sota_#o*ana|ROOT:A*n|3MP|MOOD:JUS | SUFFIX|PRON:3MP
w-s024-a059-w007	24:59	24:59	7	24:59:7	كَمَا	مَا		SUB					PREFIX|ka+ | STEM|POS:SUB|LEM:maA
w-s024-a059-w008	24:59	24:59	8	24:59:8	ٱسْتَـْٔذَنَ	ٱسْتَـْٔذَنَ	ء ذ ن	V	PERF			X	STEM|POS:V|PERF|(X)|LEM:{sota_#o*ana|ROOT:A*n|3MS
w-s024-a059-w009	24:59	24:59	9	24:59:9	ٱلَّذِينَ	ٱلَّذِى		REL					STEM|POS:REL|LEM:{l~a*iY|MP
w-s024-a059-w010	24:59	24:59	10	24:59:10	مِن	مِن		P					STEM|POS:P|LEM:min
w-s024-a059-w011	24:59	24:59	11	24:59:11	قَبْلِهِمْ	قَبْل	ق ب ل	N					STEM|POS:N|LEM:qabol|ROOT:qbl|GEN | SUFFIX|PRON:3MP
w-s024-a059-w012	24:59	24:59	12	24:59:12	كَذَٰلِكَ	ذَٰلِك		DEM					PREFIX|ka+ | STEM|POS:DEM|LEM:*a`lik|MS
w-s024-a059-w013	24:59	24:59	13	24:59:13	يُبَيِّنُ	بَيَّنُ	ب ي ن	V	IMPF			II	STEM|POS:V|IMPF|(II)|LEM:bay~anu|ROOT:byn|3MS
w-s024-a059-w014	24:59	24:59	14	24:59:14	ٱللَّهُ	ٱللَّه	ء ل ه	PN					STEM|POS:PN|LEM:{ll~ah|ROOT:Alh|NOM
w-s024-a059-w015	24:59	24:59	15	24:59:15	لَكُمْ			PRON					PREFIX|l:P+ | STEM|POS:PRON|2MP
w-s024-a059-w016	24:59	24:59	16	24:59:16	ءَايَٰتِهِۦ	ءَايَة	ء ي ي	N					STEM|POS:N|LEM:'aAyap|ROOT:Ayy|FP|GEN | SUFFIX|PRON:3MS
w-s024-a059-w017	24:59	24:59	17	24:59:17	وَٱللَّهُ	ٱللَّه	ء ل ه	PN					PREFIX|w:CONJ+ | STEM|POS:PN|LEM:{ll~ah|ROOT:Alh|NOM
w-s024-a059-w018	24:59	24:59	18	24:59:18	عَلِيمٌ	عَلِيم	ع ل م	ADJ					STEM|POS:ADJ|LEM:Ealiym|ROOT:Elm|MS|INDEF|NOM
w-s024-a059-w019	24:59	24:59	19	24:59:19	حَكِيمٌ	حَكِيم	ح ك م	ADJ					STEM|POS:ADJ|LEM:Hakiym|ROOT:Hkm|MS|INDEF|NOM
w-s024-a060-w001	24:60	24:60	1	24:60:1	وَٱلْقَوَٰعِدُ	قَوَاعِد	ق ع د	N					PREFIX|w:CONJ+ | PREFIX|Al+ | STEM|POS:N|LEM:qawaAEid|ROOT:qEd|MP|NOM
w-s024-a060-w002	24:60	24:60	2	24:60:2	مِنَ	مِن		P					STEM|POS:P|LEM:min
w-s024-a060-w003	24:60	24:60	3	24:60:3	ٱلنِّسَآءِ	نِسَآء	ن س و	N					PREFIX|Al+ | STEM|POS:N|LEM:nisaA^'|ROOT:nsw|FP|GEN
w-s024-a060-w004	24:60	24:60	4	24:60:4	ٱلَّٰتِى	ٱلَّذِى		REL					STEM|POS:REL|LEM:{l~a*iY|FP
w-s024-a060-w005	24:60	24:60	5	24:60:5	لَا	لَا		NEG					STEM|POS:NEG|LEM:laA
w-s024-a060-w006	24:60	24:60	6	24:60:6	يَرْجُونَ	يَرْجُوا۟	ر ج و	V	IMPF				STEM|POS:V|IMPF|LEM:yarojuwA@|ROOT:rjw|3MP | SUFFIX|PRON:3MP
w-s024-a060-w007	24:60	24:60	7	24:60:7	نِكَاحًا	نِكَاح	ن ك ح	N					STEM|POS:N|LEM:nikaAH|ROOT:nkH|M|INDEF|ACC
w-s024-a060-w008	24:60	24:60	8	24:60:8	فَلَيْسَ	لَّيْسَ	ل ي س	V	PERF				PREFIX|f:REM+ | STEM|POS:V|PERF|LEM:l~ayosa|ROOT:lys|SP:kaAn|3MS
w-s024-a060-w009	24:60	24:60	9	24:60:9	عَلَيْهِنَّ	عَلَىٰ		P					STEM|POS:P|LEM:EalaY` | SUFFIX|PRON:3FP
w-s024-a060-w010	24:60	24:60	10	24:60:10	جُنَاحٌ	جُنَاح	ج ن ح	N					STEM|POS:N|LEM:junaAH|ROOT:jnH|M|INDEF|NOM
w-s024-a060-w011	24:60	24:60	11	24:60:11	أَن	أَن		SUB					STEM|POS:SUB|LEM:>an
w-s024-a060-w012	24:60	24:60	12	24:60:12	يَضَعْنَ	وَضَعَ	و ض ع	V	IMPF				STEM|POS:V|IMPF|LEM:waDaEa|ROOT:wDE|3FP | SUFFIX|PRON:3FP
w-s024-a060-w013	24:60	24:60	13	24:60:13	ثِيَابَهُنَّ	ثِيَاب	ث و ب	N					STEM|POS:N|LEM:viyaAb|ROOT:vwb|MP|ACC | SUFFIX|PRON:3FP
w-s024-a060-w014	24:60	24:60	14	24:60:14	غَيْرَ	غَيْر	غ ي ر	N					STEM|POS:N|LEM:gayor|ROOT:gyr|M|ACC
w-s024-a060-w015	24:60	24:60	15	24:60:15	مُتَبَرِّجَٰتٍۭ	مُتَبَرِّجَٰت	ب ر ج	N			ACT	V	STEM|POS:N|ACT|PCPL|(V)|LEM:mutabar~ija`t|ROOT:brj|FP|INDEF|GEN
w-s024-a060-w016	24:60	24:60	16	24:60:16	بِزِينَةٍ	زِينَة	ز ي ن	N					PREFIX|bi+ | STEM|POS:N|LEM:ziynap|ROOT:zyn|F|INDEF|GEN
w-s024-a060-w017	24:60	24:60	17	24:60:17	وَأَن	أَن		SUB					PREFIX|w:CONJ+ | STEM|POS:SUB|LEM:>an
w-s024-a060-w018	24:60	24:60	18	24:60:18	يَسْتَعْفِفْنَ	يَسْتَعْفِفْ	ع ف ف	V	IMPF	SUBJ		X	STEM|POS:V|IMPF|(X)|LEM:yasotaEofifo|ROOT:Eff|3FP|MOOD:SUBJ | SUFFIX|PRON:3FP
w-s024-a060-w019	24:60	24:60	19	24:60:19	خَيْرٌ	خَيْر	خ ي ر	N					STEM|POS:N|LEM:xayor|ROOT:xyr|MS|INDEF|NOM
w-s024-a060-w020	24:60	24:60	20	24:60:20	لَّهُنَّ			PRON					PREFIX|l:P+ | STEM|POS:PRON|3FP
w-s024-a060-w021	24:60	24:60	21	24:60:21	وَٱللَّهُ	ٱللَّه	ء ل ه	PN					PREFIX|w:CONJ+ | STEM|POS:PN|LEM:{ll~ah|ROOT:Alh|NOM
w-s024-a060-w022	24:60	24:60	22	24:60:22	سَمِيعٌ	سَمِيع	س م ع	ADJ					STEM|POS:ADJ|LEM:samiyE|ROOT:smE|MS|INDEF|NOM
w-s024-a060-w023	24:60	24:60	23	24:60:23	عَلِيمٌ	عَلِيم	ع ل م	ADJ					STEM|POS:ADJ|LEM:Ealiym|ROOT:Elm|MS|INDEF|NOM
w-s024-a061-w001	24:61	24:61	1	24:61:1	لَّيْسَ	لَّيْسَ	ل ي س	V	PERF				STEM|POS:V|PERF|LEM:l~ayosa|ROOT:lys|SP:kaAn|3MS
w-s024-a061-w002	24:61	24:61	2	24:61:2	عَلَى	عَلَىٰ		P					STEM|POS:P|LEM:EalaY`
w-s024-a061-w003	24:61	24:61	3	24:61:3	ٱلْأَعْمَىٰ	أَعْمَىٰ	ع م ي	N					PREFIX|Al+ | STEM|POS:N|LEM:>aEomaY`|ROOT:Emy|M|GEN
w-s024-a061-w004	24:61	24:61	4	24:61:4	حَرَجٌ	حَرَج	ح ر ج	N					STEM|POS:N|LEM:Haraj|ROOT:Hrj|M|INDEF|NOM
w-s024-a061-w005	24:61	24:61	5	24:61:5	وَلَا	لَا		NEG					PREFIX|w:CONJ+ | STEM|POS:NEG|LEM:laA
w-s024-a061-w006	24:61	24:61	6	24:61:6	عَلَى	عَلَىٰ		P					STEM|POS:P|LEM:EalaY`
w-s024-a061-w007	24:61	24:61	7	24:61:7	ٱلْأَعْرَجِ	أَعْرَج	ع ر ج	N					PREFIX|Al+ | STEM|POS:N|LEM:>aEoraj|ROOT:Erj|M|GEN
w-s024-a061-w008	24:61	24:61	8	24:61:8	حَرَجٌ	حَرَج	ح ر ج	N					STEM|POS:N|LEM:Haraj|ROOT:Hrj|M|INDEF|NOM
w-s024-a061-w009	24:61	24:61	9	24:61:9	وَلَا	لَا		NEG					PREFIX|w:CONJ+ | STEM|POS:NEG|LEM:laA
w-s024-a061-w010	24:61	24:61	10	24:61:10	عَلَى	عَلَىٰ		P					STEM|POS:P|LEM:EalaY`
w-s024-a061-w011	24:61	24:61	11	24:61:11	ٱلْمَرِيضِ	مَّرِيض	م ر ض	N					PREFIX|Al+ | STEM|POS:N|LEM:m~ariyD|ROOT:mrD|MS|GEN
w-s024-a061-w012	24:61	24:61	12	24:61:12	حَرَجٌ	حَرَج	ح ر ج	N					STEM|POS:N|LEM:Haraj|ROOT:Hrj|M|INDEF|NOM
w-s024-a061-w013	24:61	24:61	13	24:61:13	وَلَا	لَا		NEG					PREFIX|w:CONJ+ | STEM|POS:NEG|LEM:laA
w-s024-a061-w014	24:61	24:61	14	24:61:14	عَلَىٰٓ	عَلَىٰ		P					STEM|POS:P|LEM:EalaY`
w-s024-a061-w015	24:61	24:61	15	24:61:15	أَنفُسِكُمْ	نَفْس	ن ف س	N					STEM|POS:N|LEM:nafos|ROOT:nfs|FP|GEN | SUFFIX|PRON:2MP
w-s024-a061-w016	24:61	24:61	16	24:61:16	أَن	أَن		SUB					STEM|POS:SUB|LEM:>an
w-s024-a061-w017	24:61	24:61	17	24:61:17	تَأْكُلُوا۟	أَكَلَ	ء ك ل	V	IMPF	SUBJ			STEM|POS:V|IMPF|LEM:>akala|ROOT:Akl|2MP|MOOD:SUBJ | SUFFIX|PRON:2MP
w-s024-a061-w018	24:61	24:61	18	24:61:18	مِنۢ	مِن		P					STEM|POS:P|LEM:min
w-s024-a061-w019	24:61	24:61	19	24:61:19	بُيُوتِكُمْ	بَيْت	ب ي ت	N					STEM|POS:N|LEM:bayot|ROOT:byt|MP|GEN | SUFFIX|PRON:2MP
w-s024-a061-w020	24:61	24:61	20	24:61:20	أَوْ	أَو		CONJ					STEM|POS:CONJ|LEM:>aw
w-s024-a061-w021	24:61	24:61	21	24:61:21	بُيُوتِ	بَيْت	ب ي ت	N					STEM|POS:N|LEM:bayot|ROOT:byt|MP|GEN
w-s024-a061-w022	24:61	24:61	22	24:61:22	ءَابَآئِكُمْ	آبَاء	ء ب و	N					STEM|POS:N|LEM:A^baA'|ROOT:Abw|MP|GEN | SUFFIX|PRON:2MP
w-s024-a061-w023	24:61	24:61	23	24:61:23	أَوْ	أَو		CONJ					STEM|POS:CONJ|LEM:>aw
w-s024-a061-w024	24:61	24:61	24	24:61:24	بُيُوتِ	بَيْت	ب ي ت	N					STEM|POS:N|LEM:bayot|ROOT:byt|MP|GEN
w-s024-a061-w025	24:61	24:61	25	24:61:25	أُمَّهَٰتِكُمْ	أُمّ	ء م م	N					STEM|POS:N|LEM:>um~|ROOT:Amm|FP|GEN | SUFFIX|PRON:2MP
w-s024-a061-w026	24:61	24:61	26	24:61:26	أَوْ	أَو		CONJ					STEM|POS:CONJ|LEM:>aw
w-s024-a061-w027	24:61	24:61	27	24:61:27	بُيُوتِ	بَيْت	ب ي ت	N					STEM|POS:N|LEM:bayot|ROOT:byt|MP|GEN
w-s024-a061-w028	24:61	24:61	28	24:61:28	إِخْوَٰنِكُمْ	أَخ	ء خ و	N					STEM|POS:N|LEM:>ax|ROOT:Axw|MP|GEN | SUFFIX|PRON:2MP
w-s024-a061-w029	24:61	24:61	29	24:61:29	أَوْ	أَو		CONJ					STEM|POS:CONJ|LEM:>aw
w-s024-a061-w030	24:61	24:61	30	24:61:30	بُيُوتِ	بَيْت	ب ي ت	N					STEM|POS:N|LEM:bayot|ROOT:byt|MP|GEN
w-s024-a061-w031	24:61	24:61	31	24:61:31	أَخَوَٰتِكُمْ	أُخْت	ء خ و	N					STEM|POS:N|LEM:>uxot|ROOT:Axw|FP|GEN | SUFFIX|PRON:2MP
w-s024-a061-w032	24:61	24:61	32	24:61:32	أَوْ	أَو		CONJ					STEM|POS:CONJ|LEM:>aw
w-s024-a061-w033	24:61	24:61	33	24:61:33	بُيُوتِ	بَيْت	ب ي ت	N					STEM|POS:N|LEM:bayot|ROOT:byt|MP|GEN
w-s024-a061-w034	24:61	24:61	34	24:61:34	أَعْمَٰمِكُمْ	عَمّ	ع م م	N					STEM|POS:N|LEM:Eam~|ROOT:Emm|MP|GEN | SUFFIX|PRON:2MP
w-s024-a061-w035	24:61	24:61	35	24:61:35	أَوْ	أَو		CONJ					STEM|POS:CONJ|LEM:>aw
w-s024-a061-w036	24:61	24:61	36	24:61:36	بُيُوتِ	بَيْت	ب ي ت	N					STEM|POS:N|LEM:bayot|ROOT:byt|MP|GEN
w-s024-a061-w037	24:61	24:61	37	24:61:37	عَمَّٰتِكُمْ	عَمَّٰت	ع م م	N					STEM|POS:N|LEM:Eam~a`t|ROOT:Emm|FP|GEN | SUFFIX|PRON:2MP
w-s024-a061-w038	24:61	24:61	38	24:61:38	أَوْ	أَو		CONJ					STEM|POS:CONJ|LEM:>aw
w-s024-a061-w039	24:61	24:61	39	24:61:39	بُيُوتِ	بَيْت	ب ي ت	N					STEM|POS:N|LEM:bayot|ROOT:byt|MP|GEN
w-s024-a061-w040	24:61	24:61	40	24:61:40	أَخْوَٰلِكُمْ	خَال	خ و ل	N					STEM|POS:N|LEM:xaAl|ROOT:xwl|MP|GEN | SUFFIX|PRON:2MP
w-s024-a061-w041	24:61	24:61	41	24:61:41	أَوْ	أَو		CONJ					STEM|POS:CONJ|LEM:>aw
w-s024-a061-w042	24:61	24:61	42	24:61:42	بُيُوتِ	بَيْت	ب ي ت	N					STEM|POS:N|LEM:bayot|ROOT:byt|MP|GEN
w-s024-a061-w043	24:61	24:61	43	24:61:43	خَٰلَٰتِكُمْ	خَٰلَٰت	خ و ل	N					STEM|POS:N|LEM:xa`la`t|ROOT:xwl|FP|GEN | SUFFIX|PRON:2MP
w-s024-a061-w044	24:61	24:61	44	24:61:44	أَوْ	أَو		CONJ					STEM|POS:CONJ|LEM:>aw
w-s024-a061-w045	24:61	24:61	45	24:61:45	مَا	مَا		REL					STEM|POS:REL|LEM:maA
w-s024-a061-w046	24:61	24:61	46	24:61:46	مَلَكْتُم	مَلَكَتْ	م ل ك	V	PERF				STEM|POS:V|PERF|LEM:malakato|ROOT:mlk|2MP | SUFFIX|PRON:2MP
w-s024-a061-w047	24:61	24:61	47	24:61:47	مَّفَاتِحَهُۥٓ	مَفَاتِح	ف ت ح	N					STEM|POS:N|LEM:mafaAtiH|ROOT:ftH|MP|ACC | SUFFIX|PRON:3MS
w-s024-a061-w048	24:61	24:61	48	24:61:48	أَوْ	أَو		CONJ					STEM|POS:CONJ|LEM:>aw
w-s024-a061-w049	24:61	24:61	49	24:61:49	صَدِيقِكُمْ	صَدِيق	ص د ق	N					STEM|POS:N|LEM:Sadiyq|ROOT:Sdq|M|GEN | SUFFIX|PRON:2MP
w-s024-a061-w050	24:61	24:61	50	24:61:50	لَيْسَ	لَّيْسَ	ل ي س	V	PERF				STEM|POS:V|PERF|LEM:l~ayosa|ROOT:lys|SP:kaAn|3MS
w-s024-a061-w051	24:61	24:61	51	24:61:51	عَلَيْكُمْ	عَلَىٰ		P					STEM|POS:P|LEM:EalaY` | SUFFIX|PRON:2MP
w-s024-a061-w052	24:61	24:61	52	24:61:52	جُنَاحٌ	جُنَاح	ج ن ح	N					STEM|POS:N|LEM:junaAH|ROOT:jnH|M|INDEF|NOM
w-s024-a061-w053	24:61	24:61	53	24:61:53	أَن	أَن		SUB					STEM|POS:SUB|LEM:>an
w-s024-a061-w054	24:61	24:61	54	24:61:54	تَأْكُلُوا۟	أَكَلَ	ء ك ل	V	IMPF	SUBJ			STEM|POS:V|IMPF|LEM:>akala|ROOT:Akl|2MP|MOOD:SUBJ | SUFFIX|PRON:2MP
w-s024-a061-w055	24:61	24:61	55	24:61:55	جَمِيعًا	جَمِيع	ج م ع	N					STEM|POS:N|LEM:jamiyE|ROOT:jmE|M|INDEF|ACC
w-s024-a061-w056	24:61	24:61	56	24:61:56	أَوْ	أَو		CONJ					STEM|POS:CONJ|LEM:>aw
w-s024-a061-w057	24:61	24:61	57	24:61:57	أَشْتَاتًا	أَشْتَات	ش ت ت	N					STEM|POS:N|LEM:>a$otaAt|ROOT:$tt|MP|INDEF|ACC
w-s024-a061-w058	24:61	24:61	58	24:61:58	فَإِذَا	إِذَا		T					PREFIX|f:REM+ | STEM|POS:T|LEM:<i*aA
w-s024-a061-w059	24:61	24:61	59	24:61:59	دَخَلْتُم	دَخَلَ	د خ ل	V	PERF				STEM|POS:V|PERF|LEM:daxala|ROOT:dxl|2MP | SUFFIX|PRON:2MP
w-s024-a061-w060	24:61	24:61	60	24:61:60	بُيُوتًا	بَيْت	ب ي ت	N					STEM|POS:N|LEM:bayot|ROOT:byt|MP|INDEF|ACC
w-s024-a061-w061	24:61	24:61	61	24:61:61	فَسَلِّمُوا۟	سَلَّمَ	س ل م	V	IMPV			II	PREFIX|f:REM+ | STEM|POS:V|IMPV|(II)|LEM:sal~ama|ROOT:slm|2MP | SUFFIX|PRON:2MP
w-s024-a061-w062	24:61	24:61	62	24:61:62	عَلَىٰٓ	عَلَىٰ		P					STEM|POS:P|LEM:EalaY`
w-s024-a061-w063	24:61	24:61	63	24:61:63	أَنفُسِكُمْ	نَفْس	ن ف س	N					STEM|POS:N|LEM:nafos|ROOT:nfs|FP|GEN | SUFFIX|PRON:2MP
w-s024-a061-w064	24:61	24:61	64	24:61:64	تَحِيَّةً	تَحِيَّة	ح ي ي	N				II	STEM|POS:N|VN|(II)|LEM:taHiy~ap|ROOT:Hyy|F|INDEF|ACC
w-s024-a061-w065	24:61	24:61	65	24:61:65	مِّنْ	مِن		P					STEM|POS:P|LEM:min
w-s024-a061-w066	24:61	24:61	66	24:61:66	عِندِ	عِند	ع ن د	N					STEM|POS:N|LEM:Eind|ROOT:End|GEN
w-s024-a061-w067	24:61	24:61	67	24:61:67	ٱللَّهِ	ٱللَّه	ء ل ه	PN					STEM|POS:PN|LEM:{ll~ah|ROOT:Alh|GEN
w-s024-a061-w068	24:61	24:61	68	24:61:68	مُبَٰرَكَةً	مُّبَٰرَكَة	ب ر ك	N					STEM|POS:N|LEM:m~uba`rakap|ROOT:brk|F|INDEF|ACC
w-s024-a061-w069	24:61	24:61	69	24:61:69	طَيِّبَةً	طَيِّبَة	ط ي ب	ADJ					STEM|POS:ADJ|LEM:Tay~ibap|ROOT:Tyb|FS|INDEF|ACC
w-s024-a061-w070	24:61	24:61	70	24:61:70	كَذَٰلِكَ	ذَٰلِك		DEM					PREFIX|ka+ | STEM|POS:DEM|LEM:*a`lik|MS
w-s024-a061-w071	24:61	24:61	71	24:61:71	يُبَيِّنُ	بَيَّنُ	ب ي ن	V	IMPF			II	STEM|POS:V|IMPF|(II)|LEM:bay~anu|ROOT:byn|3MS
w-s024-a061-w072	24:61	24:61	72	24:61:72	ٱللَّهُ	ٱللَّه	ء ل ه	PN					STEM|POS:PN|LEM:{ll~ah|ROOT:Alh|NOM
w-s024-a061-w073	24:61	24:61	73	24:61:73	لَكُمُ			PRON					PREFIX|l:P+ | STEM|POS:PRON|2MP
w-s024-a061-w074	24:61	24:61	74	24:61:74	ٱلْءَايَٰتِ	ءَايَة	ء ي ي	N					PREFIX|Al+ | STEM|POS:N|LEM:'aAyap|ROOT:Ayy|FP|GEN
w-s024-a061-w075	24:61	24:61	75	24:61:75	لَعَلَّكُمْ	لَعَلّ		ACC					STEM|POS:ACC|LEM:laEal~|SP:<in~ | SUFFIX|PRON:2MP
w-s024-a061-w076	24:61	24:61	76	24:61:76	تَعْقِلُونَ	عَقَلُ	ع ق ل	V	IMPF				STEM|POS:V|IMPF|LEM:Eaqalu|ROOT:Eql|2MP | SUFFIX|PRON:2MP
w-s024-a062-w001	24:62	24:62	1	24:62:1	إِنَّمَا	إِنّ;مَا		ACC;PREV					STEM|POS:ACC|LEM:<in~|SP:<in~ | STEM|POS:PREV|LEM:maA
w-s024-a062-w002	24:62	24:62	2	24:62:2	ٱلْمُؤْمِنُونَ	مُؤْمِن	ء م ن	N			ACT	IV	PREFIX|Al+ | STEM|POS:N|ACT|PCPL|(IV)|LEM:mu&omin|ROOT:Amn|MP|NOM
w-s024-a062-w003	24:62	24:62	3	24:62:3	ٱلَّذِينَ	ٱلَّذِى		REL					STEM|POS:REL|LEM:{l~a*iY|MP
w-s024-a062-w004	24:62	24:62	4	24:62:4	ءَامَنُوا۟	ءَامَنَ	ء م ن	V	PERF			IV	STEM|POS:V|PERF|(IV)|LEM:'aAmana|ROOT:Amn|3MP | SUFFIX|PRON:3MP
w-s024-a062-w005	24:62	24:62	5	24:62:5	بِٱللَّهِ	ٱللَّه	ء ل ه	PN					PREFIX|bi+ | STEM|POS:PN|LEM:{ll~ah|ROOT:Alh|GEN
w-s024-a062-w006	24:62	24:62	6	24:62:6	وَرَسُولِهِۦ	رَسُول	ر س ل	N					PREFIX|w:CONJ+ | STEM|POS:N|LEM:rasuwl|ROOT:rsl|M|GEN | SUFFIX|PRON:3MS
w-s024-a062-w007	24:62	24:62	7	24:62:7	وَإِذَا	إِذَا		T					PREFIX|w:CONJ+ | STEM|POS:T|LEM:<i*aA
w-s024-a062-w008	24:62	24:62	8	24:62:8	كَانُوا۟	كَانَ	ك و ن	V	PERF				STEM|POS:V|PERF|LEM:kaAna|ROOT:kwn|SP:kaAn|3MP | SUFFIX|PRON:3MP
w-s024-a062-w009	24:62	24:62	9	24:62:9	مَعَهُۥ	مَع		LOC					STEM|POS:LOC|LEM:maE|ACC | SUFFIX|PRON:3MS
w-s024-a062-w010	24:62	24:62	10	24:62:10	عَلَىٰٓ	عَلَىٰ		P					STEM|POS:P|LEM:EalaY`
w-s024-a062-w011	24:62	24:62	11	24:62:11	أَمْرٍ	أَمْر	ء م ر	N					STEM|POS:N|LEM:>amor|ROOT:Amr|M|INDEF|GEN
w-s024-a062-w012	24:62	24:62	12	24:62:12	جَامِعٍ	جَامِع	ج م ع	N			ACT		STEM|POS:N|ACT|PCPL|LEM:jaAmiE|ROOT:jmE|M|INDEF|GEN
w-s024-a062-w013	24:62	24:62	13	24:62:13	لَّمْ	لَم		NEG					STEM|POS:NEG|LEM:lam
w-s024-a062-w014	24:62	24:62	14	24:62:14	يَذْهَبُوا۟	ذَهَبَ	ذ ه ب	V	IMPF	JUS			STEM|POS:V|IMPF|LEM:*ahaba|ROOT:*hb|3MP|MOOD:JUS | SUFFIX|PRON:3MP
w-s024-a062-w015	24:62	24:62	15	24:62:15	حَتَّىٰ	حَتَّىٰ		P					STEM|POS:P|LEM:Hat~aY`
w-s024-a062-w016	24:62	24:62	16	24:62:16	يَسْتَـْٔذِنُوهُ	ٱسْتَـْٔذَنَ	ء ذ ن	V	IMPF	SUBJ		X	STEM|POS:V|IMPF|(X)|LEM:{sota_#o*ana|ROOT:A*n|3MP|MOOD:SUBJ | SUFFIX|PRON:3MP | SUFFIX|PRON:3MS
w-s024-a062-w017	24:62	24:62	17	24:62:17	إِنَّ	إِنّ		ACC					STEM|POS:ACC|LEM:<in~|SP:<in~
w-s024-a062-w018	24:62	24:62	18	24:62:18	ٱلَّذِينَ	ٱلَّذِى		REL					STEM|POS:REL|LEM:{l~a*iY|MP
w-s024-a062-w019	24:62	24:62	19	24:62:19	يَسْتَـْٔذِنُونَكَ	ٱسْتَـْٔذَنَ	ء ذ ن	V	IMPF			X	STEM|POS:V|IMPF|(X)|LEM:{sota_#o*ana|ROOT:A*n|3MP | SUFFIX|PRON:3MP | SUFFIX|PRON:2MS
w-s024-a062-w020	24:62	24:62	20	24:62:20	أُو۟لَٰٓئِكَ	أُولَٰٓئِك		DEM					STEM|POS:DEM|LEM:>uwla`^}ik|P
w-s024-a062-w021	24:62	24:62	21	24:62:21	ٱلَّذِينَ	ٱلَّذِى		REL					STEM|POS:REL|LEM:{l~a*iY|MP
w-s024-a062-w022	24:62	24:62	22	24:62:22	يُؤْمِنُونَ	ءَامَنَ	ء م ن	V	IMPF			IV	STEM|POS:V|IMPF|(IV)|LEM:'aAmana|ROOT:Amn|3MP | SUFFIX|PRON:3MP
w-s024-a062-w023	24:62	24:62	23	24:62:23	بِٱللَّهِ	ٱللَّه	ء ل ه	PN					PREFIX|bi+ | STEM|POS:PN|LEM:{ll~ah|ROOT:Alh|GEN
w-s024-a062-w024	24:62	24:62	24	24:62:24	وَرَسُولِهِۦ	رَسُول	ر س ل	N					PREFIX|w:CONJ+ | STEM|POS:N|LEM:rasuwl|ROOT:rsl|M|GEN | SUFFIX|PRON:3MS
w-s024-a062-w025	24:62	24:62	25	24:62:25	فَإِذَا	إِذَا		T					PREFIX|f:REM+ | STEM|POS:T|LEM:<i*aA
w-s024-a062-w026	24:62	24:62	26	24:62:26	ٱسْتَـْٔذَنُوكَ	ٱسْتَـْٔذَنَ	ء ذ ن	V	PERF			X	STEM|POS:V|PERF|(X)|LEM:{sota_#o*ana|ROOT:A*n|3MP | SUFFIX|PRON:3MP | SUFFIX|PRON:2MS
w-s024-a062-w027	24:62	24:62	27	24:62:27	لِبَعْضِ	بَعْض	ب ع ض	N					PREFIX|l:P+ | STEM|POS:N|LEM:baEoD|ROOT:bED|M|GEN
w-s024-a062-w028	24:62	24:62	28	24:62:28	شَأْنِهِمْ	شَأْن	ش ء ن	N					STEM|POS:N|LEM:$a>on|ROOT:$An|M|GEN | SUFFIX|PRON:3MP
w-s024-a062-w029	24:62	24:62	29	24:62:29	فَأْذَن	أَذِنَ	ء ذ ن	V	IMPV				PREFIX|f:REM+ | STEM|POS:V|IMPV|LEM:>a*ina|ROOT:A*n|2MS
w-s024-a062-w030	24:62	24:62	30	24:62:30	لِّمَن	مَن		REL					PREFIX|l:P+ | STEM|POS:REL|LEM:man
w-s024-a062-w031	24:62	24:62	31	24:62:31	شِئْتَ	شَآءَ	ش ي ء	V	PERF				STEM|POS:V|PERF|LEM:$aA^'a|ROOT:$yA|2MS | SUFFIX|PRON:2MS
w-s024-a062-w032	24:62	24:62	32	24:62:32	مِنْهُمْ	مِن		P					STEM|POS:P|LEM:min | SUFFIX|PRON:3MP
w-s024-a062-w033	24:62	24:62	33	24:62:33	وَٱسْتَغْفِرْ	ٱسْتَغْفَرَ	غ ف ر	V	IMPV			X	PREFIX|w:CONJ+ | STEM|POS:V|IMPV|(X)|LEM:{sotagofara|ROOT:gfr|2MS
w-s024-a062-w034	24:62	24:62	34	24:62:34	لَهُمُ			PRON					PREFIX|l:P+ | STEM|POS:PRON|3MP
w-s024-a062-w035	24:62	24:62	35	24:62:35	ٱللَّهَ	ٱللَّه	ء ل ه	PN					STEM|POS:PN|LEM:{ll~ah|ROOT:Alh|ACC
w-s024-a062-w036	24:62	24:62	36	24:62:36	إِنَّ	إِنّ		ACC					STEM|POS:ACC|LEM:<in~|SP:<in~
w-s024-a062-w037	24:62	24:62	37	24:62:37	ٱللَّهَ	ٱللَّه	ء ل ه	PN					STEM|POS:PN|LEM:{ll~ah|ROOT:Alh|ACC
w-s024-a062-w038	24:62	24:62	38	24:62:38	غَفُورٌ	غَفُور	غ ف ر	ADJ					STEM|POS:ADJ|LEM:gafuwr|ROOT:gfr|MS|INDEF|NOM
w-s024-a062-w039	24:62	24:62	39	24:62:39	رَّحِيمٌ	رَّحِيم	ر ح م	ADJ					STEM|POS:ADJ|LEM:r~aHiym|ROOT:rHm|MS|INDEF|NOM
w-s024-a063-w001	24:63	24:63	1	24:63:1	لَّا	لَا		PRO					STEM|POS:PRO|LEM:laA
w-s024-a063-w002	24:63	24:63	2	24:63:2	تَجْعَلُوا۟	جَعَلَ	ج ع ل	V	IMPF	JUS			STEM|POS:V|IMPF|LEM:jaEala|ROOT:jEl|2MP|MOOD:JUS | SUFFIX|PRON:2MP
w-s024-a063-w003	24:63	24:63	3	24:63:3	دُعَآءَ	دُعَآء	د ع و	N					STEM|POS:N|LEM:duEaA^'|ROOT:dEw|M|ACC
w-s024-a063-w004	24:63	24:63	4	24:63:4	ٱلرَّسُولِ	رَسُول	ر س ل	N					PREFIX|Al+ | STEM|POS:N|LEM:rasuwl|ROOT:rsl|M|GEN
w-s024-a063-w005	24:63	24:63	5	24:63:5	بَيْنَكُمْ	بَيْن	ب ي ن	LOC					STEM|POS:LOC|LEM:bayon|ROOT:byn|ACC | SUFFIX|PRON:2MP
w-s024-a063-w006	24:63	24:63	6	24:63:6	كَدُعَآءِ	دُعَآء	د ع و	N					PREFIX|ka+ | STEM|POS:N|LEM:duEaA^'|ROOT:dEw|M|GEN
w-s024-a063-w007	24:63	24:63	7	24:63:7	بَعْضِكُم	بَعْض	ب ع ض	N					STEM|POS:N|LEM:baEoD|ROOT:bED|M|GEN | SUFFIX|PRON:2MP
w-s024-a063-w008	24:63	24:63	8	24:63:8	بَعْضًا	بَعْض	ب ع ض	N					STEM|POS:N|LEM:baEoD|ROOT:bED|M|INDEF|ACC
w-s024-a063-w009	24:63	24:63	9	24:63:9	قَدْ	قَد		CERT					STEM|POS:CERT|LEM:qad
w-s024-a063-w010	24:63	24:63	10	24:63:10	يَعْلَمُ	عَلِمَ	ع ل م	V	IMPF				STEM|POS:V|IMPF|LEM:Ealima|ROOT:Elm|3MS
w-s024-a063-w011	24:63	24:63	11	24:63:11	ٱللَّهُ	ٱللَّه	ء ل ه	PN					STEM|POS:PN|LEM:{ll~ah|ROOT:Alh|NOM
w-s024-a063-w012	24:63	24:63	12	24:63:12	ٱلَّذِينَ	ٱلَّذِى		REL					STEM|POS:REL|LEM:{l~a*iY|MP
w-s024-a063-w013	24:63	24:63	13	24:63:13	يَتَسَلَّلُونَ	يَتَسَلَّلُ	س ل ل	V	IMPF			V	STEM|POS:V|IMPF|(V)|LEM:yatasal~alu|ROOT:sll|3MP | SUFFIX|PRON:3MP
w-s024-a063-w014	24:63	24:63	14	24:63:14	مِنكُمْ	مِن		P					STEM|POS:P|LEM:min | SUFFIX|PRON:2MP
w-s024-a063-w015	24:63	24:63	15	24:63:15	لِوَاذًا	لِوَاذ	ل و ذ	N					STEM|POS:N|LEM:liwaA*|ROOT:lw*|M|INDEF|ACC
w-s024-a063-w016	24:63	24:63	16	24:63:16	فَلْيَحْذَرِ	يَحْذَرُ	ح ذ ر	V	IMPF	JUS			PREFIX|f:REM+ | PREFIX|l:IMPV+ | STEM|POS:V|IMPF|LEM:yaHo*aru|ROOT:H*r|3MS|MOOD:JUS
w-s024-a063-w017	24:63	24:63	17	24:63:17	ٱلَّذِينَ	ٱلَّذِى		REL					STEM|POS:REL|LEM:{l~a*iY|MP
w-s024-a063-w018	24:63	24:63	18	24:63:18	يُخَالِفُونَ	يُخَالِفُ	خ ل ف	V	IMPF			III	STEM|POS:V|IMPF|(III)|LEM:yuxaAlifu|ROOT:xlf|3MP | SUFFIX|PRON:3MP
w-s024-a063-w019	24:63	24:63	19	24:63:19	عَنْ	عَن		P					STEM|POS:P|LEM:Ean
w-s024-a063-w020	24:63	24:63	20	24:63:20	أَمْرِهِۦٓ	أَمْر	ء م ر	N					STEM|POS:N|LEM:>amor|ROOT:Amr|M|GEN | SUFFIX|PRON:3MS
w-s024-a063-w021	24:63	24:63	21	24:63:21	أَن	أَن		SUB					STEM|POS:SUB|LEM:>an
w-s024-a063-w022	24:63	24:63	22	24:63:22	تُصِيبَهُمْ	أَصَابَ	ص و ب	V	IMPF	SUBJ		IV	STEM|POS:V|IMPF|(IV)|LEM:>aSaAba|ROOT:Swb|3FS|MOOD:SUBJ | SUFFIX|PRON:3MP
w-s024-a063-w023	24:63	24:63	23	24:63:23	فِتْنَةٌ	فِتْنَة	ف ت ن	N					STEM|POS:N|LEM:fitonap|ROOT:ftn|F|INDEF|NOM
w-s024-a063-w024	24:63	24:63	24	24:63:24	أَوْ	أَو		CONJ					STEM|POS:CONJ|LEM:>aw
w-s024-a063-w025	24:63	24:63	25	24:63:25	يُصِيبَهُمْ	أَصَابَ	ص و ب	V	IMPF	SUBJ		IV	STEM|POS:V|IMPF|(IV)|LEM:>aSaAba|ROOT:Swb|3MS|MOOD:SUBJ | SUFFIX|PRON:3MP
w-s024-a063-w026	24:63	24:63	26	24:63:26	عَذَابٌ	عَذَاب	ع ذ ب	N					STEM|POS:N|LEM:Ea*aAb|ROOT:E*b|M|INDEF|NOM
w-s024-a063-w027	24:63	24:63	27	24:63:27	أَلِيمٌ	أَلِيم	ء ل م	ADJ					STEM|POS:ADJ|LEM:>aliym|ROOT:Alm|MS|INDEF|NOM
w-s024-a064-w001	24:64	24:64	1	24:64:1	أَلَآ	أَلَآ		INC					STEM|POS:INC|LEM:>alaA^
w-s024-a064-w002	24:64	24:64	2	24:64:2	إِنَّ	إِنّ		ACC					STEM|POS:ACC|LEM:<in~|SP:<in~
w-s024-a064-w003	24:64	24:64	3	24:64:3	لِلَّهِ	ٱللَّه	ء ل ه	PN					PREFIX|l:P+ | STEM|POS:PN|LEM:{ll~ah|ROOT:Alh|GEN
w-s024-a064-w004	24:64	24:64	4	24:64:4	مَا	مَا		REL					STEM|POS:REL|LEM:maA
w-s024-a064-w005	24:64	24:64	5	24:64:5	فِى	فِى		P					STEM|POS:P|LEM:fiY
w-s024-a064-w006	24:64	24:64	6	24:64:6	ٱلسَّمَٰوَٰتِ	سَمَآء	س م و	N					PREFIX|Al+ | STEM|POS:N|LEM:samaA^'|ROOT:smw|FP|GEN
w-s024-a064-w007	24:64	24:64	7	24:64:7	وَٱلْأَرْضِ	أَرْض	ء ر ض	N					PREFIX|w:CONJ+ | PREFIX|Al+ | STEM|POS:N|LEM:>aroD|ROOT:ArD|F|GEN
w-s024-a064-w008	24:64	24:64	8	24:64:8	قَدْ	قَد		CERT					STEM|POS:CERT|LEM:qad
w-s024-a064-w009	24:64	24:64	9	24:64:9	يَعْلَمُ	عَلِمَ	ع ل م	V	IMPF				STEM|POS:V|IMPF|LEM:Ealima|ROOT:Elm|3MS
w-s024-a064-w010	24:64	24:64	10	24:64:10	مَآ	مَا		REL					STEM|POS:REL|LEM:maA
w-s024-a064-w011	24:64	24:64	11	24:64:11	أَنتُمْ			PRON					STEM|POS:PRON|2MP
w-s024-a064-w012	24:64	24:64	12	24:64:12	عَلَيْهِ	عَلَىٰ		P					STEM|POS:P|LEM:EalaY` | SUFFIX|PRON:3MS
w-s024-a064-w013	24:64	24:64	13	24:64:13	وَيَوْمَ	يَوْم	ي و م	N					PREFIX|w:CONJ+ | STEM|POS:N|LEM:yawom|ROOT:ywm|M|ACC
w-s024-a064-w014	24:64	24:64	14	24:64:14	يُرْجَعُونَ	رَجَعَ	ر ج ع	V	IMPF		PASS		STEM|POS:V|IMPF|PASS|LEM:rajaEa|ROOT:rjE|3MP | SUFFIX|PRON:3MP
w-s024-a064-w015	24:64	24:64	15	24:64:15	إِلَيْهِ	إِلَىٰ		P					STEM|POS:P|LEM:<ilaY` | SUFFIX|PRON:3MS
w-s024-a064-w016	24:64	24:64	16	24:64:16	فَيُنَبِّئُهُم	نَبَّأَ	ن ب ء	V	IMPF			II	PREFIX|f:REM+ | STEM|POS:V|IMPF|(II)|LEM:nab~a>a|ROOT:nbA|3MS | SUFFIX|PRON:3MP
w-s024-a064-w017	24:64	24:64	17	24:64:17	بِمَا	مَا		REL					PREFIX|bi+ | STEM|POS:REL|LEM:maA
w-s024-a064-w018	24:64	24:64	18	24:64:18	عَمِلُوا۟	عَمِلَ	ع م ل	V	PERF				STEM|POS:V|PERF|LEM:Eamila|ROOT:Eml|3MP | SUFFIX|PRON:3MP
w-s024-a064-w019	24:64	24:64	19	24:64:19	وَٱللَّهُ	ٱللَّه	ء ل ه	PN					PREFIX|w:CONJ+ | STEM|POS:PN|LEM:{ll~ah|ROOT:Alh|NOM
w-s024-a064-w020	24:64	24:64	20	24:64:20	بِكُلِّ	كُلّ	ك ل ل	N					PREFIX|bi+ | STEM|POS:N|LEM:kul~|ROOT:kll|M|GEN
w-s024-a064-w021	24:64	24:64	21	24:64:21	شَىْءٍ	شَىْء	ش ي ء	N					STEM|POS:N|LEM:$aYo'|ROOT:$yA|M|INDEF|GEN
w-s024-a064-w022	24:64	24:64	22	24:64:22	عَلِيمٌۢ	عَلِيم	ع ل م	ADJ					STEM|POS:ADJ|LEM:Ealiym|ROOT:Elm|MS|INDEF|NOM
