cooccurrence_id	ayah_ref	left_word_id	right_word_id	left_root	right_root	word_distance	root_distance_min	root_distance_max	local_pair_count	corpus_window_count	corpus_pair_count	source_pair_id
co-45_0-00001	45:0	w-s045-a000-w002	w-s045-a000-w003	ء ل ه	ر ح م	1	1	2	2	130	254	intra_ayah:1:1:root:1
co-45_0-00002	45:0	w-s045-a000-w002	w-s045-a000-w004	ء ل ه	ر ح م	2	1	2	2	130	254	intra_ayah:1:1:root:1
co-45_0-00003	45:0	w-s045-a000-w002	w-s045-a000-w001	ء ل ه	س م و	1	1	1	1	185	319	intra_ayah:1:1:root:2
co-45_0-00004	45:0	w-s045-a000-w003	w-s045-a000-w001	ر ح م	س م و	2	2	3	2	18	21	intra_ayah:1:1:root:3
co-45_0-00005	45:0	w-s045-a000-w004	w-s045-a000-w001	ر ح م	س م و	3	2	3	2	18	21	intra_ayah:1:1:root:3
co-45_2-00006	45:2	w-s045-a002-w004	w-s045-a002-w006	ء ل ه	ح ك م	2	2	2	1	127	252	intra_ayah:45:2:root:1
co-45_2-00007	45:2	w-s045-a002-w002	w-s045-a002-w001	ك ت ب	ن ز ل	1	1	1	1	63	86	intra_ayah:45:2:root:10
co-45_2-00008	45:2	w-s045-a002-w004	w-s045-a002-w005	ء ل ه	ع ز ز	1	1	1	1	69	117	intra_ayah:45:2:root:2
co-45_2-00009	45:2	w-s045-a002-w004	w-s045-a002-w002	ء ل ه	ك ت ب	2	1	1	1	123	300	intra_ayah:45:2:root:3
co-45_2-00010	45:2	w-s045-a002-w004	w-s045-a002-w001	ء ل ه	ن ز ل	3	2	2	1	126	236	intra_ayah:45:2:root:4
co-45_2-00011	45:2	w-s045-a002-w006	w-s045-a002-w005	ح ك م	ع ز ز	1	1	1	1	49	50	intra_ayah:45:2:root:5
co-45_2-00012	45:2	w-s045-a002-w006	w-s045-a002-w002	ح ك م	ك ت ب	4	3	3	1	31	39	intra_ayah:45:2:root:6
co-45_2-00013	45:2	w-s045-a002-w006	w-s045-a002-w001	ح ك م	ن ز ل	5	4	4	1	22	33	intra_ayah:45:2:root:7
co-45_2-00014	45:2	w-s045-a002-w005	w-s045-a002-w002	ع ز ز	ك ت ب	3	2	2	1	9	9	intra_ayah:45:2:root:8
co-45_2-00015	45:2	w-s045-a002-w005	w-s045-a002-w001	ع ز ز	ن ز ل	4	3	3	1	10	11	intra_ayah:45:2:root:9
co-45_3-00016	45:3	w-s045-a003-w004	w-s045-a003-w006	ء ر ض	ء م ن	2	2	2	1	32	37	intra_ayah:45:3:root:1
co-45_3-00017	45:3	w-s045-a003-w004	w-s045-a003-w005	ء ر ض	ء ي ي	1	1	1	1	32	41	intra_ayah:45:3:root:2
co-45_3-00018	45:3	w-s045-a003-w004	w-s045-a003-w003	ء ر ض	س م و	1	1	1	1	224	263	intra_ayah:45:3:root:3
co-45_3-00019	45:3	w-s045-a003-w006	w-s045-a003-w005	ء م ن	ء ي ي	1	1	1	1	64	84	intra_ayah:45:3:root:4
co-45_3-00020	45:3	w-s045-a003-w006	w-s045-a003-w003	ء م ن	س م و	3	3	3	1	26	31	intra_ayah:45:3:root:5
co-45_3-00021	45:3	w-s045-a003-w005	w-s045-a003-w003	ء ي ي	س م و	2	2	2	1	28	34	intra_ayah:45:3:root:6
co-45_4-00022	45:4	w-s045-a004-w007	w-s045-a004-w004	ء ي ي	ب ث ث	3	2	2	1	3	3	intra_ayah:45:4:root:1
co-45_4-00023	45:4	w-s045-a004-w002	w-s045-a004-w006	خ ل ق	د ب ب	4	2	2	1	5	6	intra_ayah:45:4:root:10
co-45_4-00024	45:4	w-s045-a004-w002	w-s045-a004-w008	خ ل ق	ق و م	6	4	4	1	13	15	intra_ayah:45:4:root:11
co-45_4-00025	45:4	w-s045-a004-w002	w-s045-a004-w009	خ ل ق	ي ق ن	7	5	5	1	2	2	intra_ayah:45:4:root:12
co-45_4-00026	45:4	w-s045-a004-w006	w-s045-a004-w008	د ب ب	ق و م	2	2	2	1	3	3	intra_ayah:45:4:root:13
co-45_4-00027	45:4	w-s045-a004-w006	w-s045-a004-w009	د ب ب	ي ق ن	3	3	3	1	2	2	intra_ayah:45:4:root:14
co-45_4-00028	45:4	w-s045-a004-w008	w-s045-a004-w009	ق و م	ي ق ن	1	1	1	1	6	6	intra_ayah:45:4:root:15
co-45_4-00029	45:4	w-s045-a004-w007	w-s045-a004-w002	ء ي ي	خ ل ق	5	3	3	1	15	18	intra_ayah:45:4:root:2
co-45_4-00030	45:4	w-s045-a004-w007	w-s045-a004-w006	ء ي ي	د ب ب	1	1	1	1	4	4	intra_ayah:45:4:root:3
co-45_4-00031	45:4	w-s045-a004-w007	w-s045-a004-w008	ء ي ي	ق و م	1	1	1	1	67	82	intra_ayah:45:4:root:4
co-45_4-00032	45:4	w-s045-a004-w007	w-s045-a004-w009	ء ي ي	ي ق ن	2	2	2	1	6	7	intra_ayah:45:4:root:5
co-45_4-00033	45:4	w-s045-a004-w004	w-s045-a004-w002	ب ث ث	خ ل ق	2	1	1	1	5	6	intra_ayah:45:4:root:6
co-45_4-00034	45:4	w-s045-a004-w004	w-s045-a004-w006	ب ث ث	د ب ب	2	1	1	1	4	4	intra_ayah:45:4:root:7
co-45_4-00035	45:4	w-s045-a004-w004	w-s045-a004-w008	ب ث ث	ق و م	4	3	3	1	2	2	intra_ayah:45:4:root:8
co-45_4-00036	45:4	w-s045-a004-w004	w-s045-a004-w009	ب ث ث	ي ق ن	5	4	4	1	1	1	intra_ayah:45:4:root:9
co-45_5-00037	45:5	w-s045-a005-w013	w-s045-a005-w006	ء ر ض	ء ل ه	7	4	4	1	215	380	intra_ayah:45:5:root:1
co-45_5-00038	45:5	w-s045-a005-w013	w-s045-a005-w020	ء ر ض	ع ق ل	7	7	7	1	8	10	intra_ayah:45:5:root:10
co-45_5-00039	45:5	w-s045-a005-w016	w-s045-a005-w020	ص ر ف	ع ق ل	4	4	4	1	2	2	intra_ayah:45:5:root:100
co-45_5-00040	45:5	w-s045-a005-w016	w-s045-a005-w019	ص ر ف	ق و م	3	3	3	1	7	8	intra_ayah:45:5:root:101
co-45_5-00041	45:5	w-s045-a005-w016	w-s045-a005-w002	ص ر ف	ل ي ل	14	10	10	1	2	2	intra_ayah:45:5:root:102
co-45_5-00042	45:5	w-s045-a005-w016	w-s045-a005-w015	ص ر ف	م و ت	1	1	1	1	2	2	intra_ayah:45:5:root:103
co-45_5-00043	45:5	w-s045-a005-w016	w-s045-a005-w005	ص ر ف	ن ز ل	11	8	8	1	6	7	intra_ayah:45:5:root:104
co-45_5-00044	45:5	w-s045-a005-w016	w-s045-a005-w003	ص ر ف	ن ه ر	13	9	9	1	2	2	intra_ayah:45:5:root:105
co-45_5-00045	45:5	w-s045-a005-w020	w-s045-a005-w019	ع ق ل	ق و م	1	1	1	1	11	11	intra_ayah:45:5:root:106
co-45_5-00046	45:5	w-s045-a005-w020	w-s045-a005-w002	ع ق ل	ل ي ل	18	14	14	1	5	5	intra_ayah:45:5:root:107
co-45_5-00047	45:5	w-s045-a005-w020	w-s045-a005-w015	ع ق ل	م و ت	5	5	5	1	7	7	intra_ayah:45:5:root:108
co-45_5-00048	45:5	w-s045-a005-w020	w-s045-a005-w005	ع ق ل	ن ز ل	15	12	12	1	8	8	intra_ayah:45:5:root:109
co-45_5-00049	45:5	w-s045-a005-w013	w-s045-a005-w019	ء ر ض	ق و م	6	6	6	1	48	56	intra_ayah:45:5:root:11
co-45_5-00050	45:5	w-s045-a005-w020	w-s045-a005-w003	ع ق ل	ن ه ر	17	13	13	1	4	4	intra_ayah:45:5:root:110
co-45_5-00051	45:5	w-s045-a005-w019	w-s045-a005-w002	ق و م	ل ي ل	17	13	13	1	22	26	intra_ayah:45:5:root:111
co-45_5-00052	45:5	w-s045-a005-w019	w-s045-a005-w015	ق و م	م و ت	4	4	4	1	11	15	intra_ayah:45:5:root:112
co-45_5-00053	45:5	w-s045-a005-w019	w-s045-a005-w005	ق و م	ن ز ل	14	11	11	1	28	35	intra_ayah:45:5:root:113
co-45_5-00054	45:5	w-s045-a005-w019	w-s045-a005-w003	ق و م	ن ه ر	16	12	12	1	17	20	intra_ayah:45:5:root:114
co-45_5-00055	45:5	w-s045-a005-w002	w-s045-a005-w015	ل ي ل	م و ت	13	9	9	1	4	7	intra_ayah:45:5:root:115
co-45_5-00056	45:5	w-s045-a005-w002	w-s045-a005-w005	ل ي ل	ن ز ل	3	2	2	1	5	5	intra_ayah:45:5:root:116
co-45_5-00057	45:5	w-s045-a005-w002	w-s045-a005-w003	ل ي ل	ن ه ر	1	1	1	1	42	65	intra_ayah:45:5:root:117
co-45_5-00058	45:5	w-s045-a005-w015	w-s045-a005-w005	م و ت	ن ز ل	10	7	7	1	12	15	intra_ayah:45:5:root:118
co-45_5-00059	45:5	w-s045-a005-w015	w-s045-a005-w003	م و ت	ن ه ر	12	8	8	1	4	7	intra_ayah:45:5:root:119
co-45_5-00060	45:5	w-s045-a005-w013	w-s045-a005-w002	ء ر ض	ل ي ل	11	7	7	1	9	14	intra_ayah:45:5:root:12
co-45_5-00061	45:5	w-s045-a005-w005	w-s045-a005-w003	ن ز ل	ن ه ر	2	1	1	1	6	6	intra_ayah:45:5:root:120
co-45_5-00062	45:5	w-s045-a005-w013	w-s045-a005-w015	ء ر ض	م و ت	2	2	2	1	24	34	intra_ayah:45:5:root:13
co-45_5-00063	45:5	w-s045-a005-w013	w-s045-a005-w005	ء ر ض	ن ز ل	8	5	5	1	29	33	intra_ayah:45:5:root:14
co-45_5-00064	45:5	w-s045-a005-w013	w-s045-a005-w003	ء ر ض	ن ه ر	10	6	6	1	13	18	intra_ayah:45:5:root:15
co-45_5-00065	45:5	w-s045-a005-w006	w-s045-a005-w018	ء ل ه	ء ي ي	12	9	9	1	121	199	intra_ayah:45:5:root:16
co-45_5-00066	45:5	w-s045-a005-w006	w-s045-a005-w014	ء ل ه	ب ع د	8	5	5	1	112	209	intra_ayah:45:5:root:17
co-45_5-00067	45:5	w-s045-a005-w006	w-s045-a005-w011	ء ل ه	ح ي ي	5	3	3	1	73	128	intra_ayah:45:5:root:18
co-45_5-00068	45:5	w-s045-a005-w006	w-s045-a005-w001	ء ل ه	خ ل ف	5	4	4	1	58	103	intra_ayah:45:5:root:19
co-45_5-00069	45:5	w-s045-a005-w013	w-s045-a005-w018	ء ر ض	ء ي ي	5	5	5	1	32	41	intra_ayah:45:5:root:2
co-45_5-00070	45:5	w-s045-a005-w006	w-s045-a005-w010	ء ل ه	ر ز ق	4	2	2	1	59	114	intra_ayah:45:5:root:20
co-45_5-00071	45:5	w-s045-a005-w006	w-s045-a005-w017	ء ل ه	ر و ح	11	8	8	1	17	38	intra_ayah:45:5:root:21
co-45_5-00072	45:5	w-s045-a005-w006	w-s045-a005-w008	ء ل ه	س م و	2	1	1	1	185	319	intra_ayah:45:5:root:22
co-45_5-00073	45:5	w-s045-a005-w006	w-s045-a005-w016	ء ل ه	ص ر ف	10	7	7	1	9	14	intra_ayah:45:5:root:23
co-45_5-00074	45:5	w-s045-a005-w006	w-s045-a005-w020	ء ل ه	ع ق ل	14	11	11	1	19	22	intra_ayah:45:5:root:24
co-45_5-00075	45:5	w-s045-a005-w006	w-s045-a005-w019	ء ل ه	ق و م	13	10	10	1	242	460	intra_ayah:45:5:root:25
co-45_5-00076	45:5	w-s045-a005-w006	w-s045-a005-w002	ء ل ه	ل ي ل	4	3	3	1	17	50	intra_ayah:45:5:root:26
co-45_5-00077	45:5	w-s045-a005-w006	w-s045-a005-w015	ء ل ه	م و ت	9	6	6	1	64	125	intra_ayah:45:5:root:27
co-45_5-00078	45:5	w-s045-a005-w006	w-s045-a005-w005	ء ل ه	ن ز ل	1	1	1	1	126	236	intra_ayah:45:5:root:28
co-45_5-00079	45:5	w-s045-a005-w006	w-s045-a005-w003	ء ل ه	ن ه ر	3	2	2	1	43	84	intra_ayah:45:5:root:29
co-45_5-00080	45:5	w-s045-a005-w013	w-s045-a005-w014	ء ر ض	ب ع د	1	1	1	1	37	42	intra_ayah:45:5:root:3
co-45_5-00081	45:5	w-s045-a005-w018	w-s045-a005-w014	ء ي ي	ب ع د	4	4	4	1	20	23	intra_ayah:45:5:root:30
co-45_5-00082	45:5	w-s045-a005-w018	w-s045-a005-w011	ء ي ي	ح ي ي	7	6	6	1	17	20	intra_ayah:45:5:root:31
co-45_5-00083	45:5	w-s045-a005-w018	w-s045-a005-w001	ء ي ي	خ ل ف	17	13	13	1	11	13	intra_ayah:45:5:root:32
co-45_5-00084	45:5	w-s045-a005-w018	w-s045-a005-w010	ء ي ي	ر ز ق	8	7	7	1	10	11	intra_ayah:45:5:root:33
co-45_5-00085	45:5	w-s045-a005-w018	w-s045-a005-w017	ء ي ي	ر و ح	1	1	1	1	5	5	intra_ayah:45:5:root:34
co-45_5-00086	45:5	w-s045-a005-w018	w-s045-a005-w008	ء ي ي	س م و	10	8	8	1	28	34	intra_ayah:45:5:root:35
co-45_5-00087	45:5	w-s045-a005-w018	w-s045-a005-w016	ء ي ي	ص ر ف	2	2	2	1	9	11	intra_ayah:45:5:root:36
co-45_5-00088	45:5	w-s045-a005-w018	w-s045-a005-w020	ء ي ي	ع ق ل	2	2	2	1	13	14	intra_ayah:45:5:root:37
co-45_5-00089	45:5	w-s045-a005-w018	w-s045-a005-w019	ء ي ي	ق و م	1	1	1	1	67	82	intra_ayah:45:5:root:38
co-45_5-00090	45:5	w-s045-a005-w018	w-s045-a005-w002	ء ي ي	ل ي ل	16	12	12	1	17	25	intra_ayah:45:5:root:39
co-45_5-00091	45:5	w-s045-a005-w013	w-s045-a005-w011	ء ر ض	ح ي ي	2	1	1	1	27	40	intra_ayah:45:5:root:4
co-45_5-00092	45:5	w-s045-a005-w018	w-s045-a005-w015	ء ي ي	م و ت	3	3	3	1	12	17	intra_ayah:45:5:root:40
co-45_5-00093	45:5	w-s045-a005-w018	w-s045-a005-w005	ء ي ي	ن ز ل	13	10	10	1	38	49	intra_ayah:45:5:root:41
co-45_5-00094	45:5	w-s045-a005-w018	w-s045-a005-w003	ء ي ي	ن ه ر	15	11	11	1	15	22	intra_ayah:45:5:root:42
co-45_5-00095	45:5	w-s045-a005-w014	w-s045-a005-w011	ب ع د	ح ي ي	3	2	2	1	14	19	intra_ayah:45:5:root:43
co-45_5-00096	45:5	w-s045-a005-w014	w-s045-a005-w001	ب ع د	خ ل ف	13	9	9	1	18	27	intra_ayah:45:5:root:44
co-45_5-00097	45:5	w-s045-a005-w014	w-s045-a005-w010	ب ع د	ر ز ق	4	3	3	1	2	2	intra_ayah:45:5:root:45
co-45_5-00098	45:5	w-s045-a005-w014	w-s045-a005-w017	ب ع د	ر و ح	3	3	3	1	7	8	intra_ayah:45:5:root:46
co-45_5-00099	45:5	w-s045-a005-w014	w-s045-a005-w008	ب ع د	س م و	6	4	4	1	19	22	intra_ayah:45:5:root:47
co-45_5-00100	45:5	w-s045-a005-w014	w-s045-a005-w016	ب ع د	ص ر ف	2	2	2	1	5	5	intra_ayah:45:5:root:48
co-45_5-00101	45:5	w-s045-a005-w014	w-s045-a005-w020	ب ع د	ع ق ل	6	6	6	1	8	8	intra_ayah:45:5:root:49
co-45_5-00102	45:5	w-s045-a005-w013	w-s045-a005-w001	ء ر ض	خ ل ف	12	8	8	1	24	31	intra_ayah:45:5:root:5
co-45_5-00103	45:5	w-s045-a005-w014	w-s045-a005-w019	ب ع د	ق و م	5	5	5	1	38	49	intra_ayah:45:5:root:50
co-45_5-00104	45:5	w-s045-a005-w014	w-s045-a005-w002	ب ع د	ل ي ل	12	8	8	1	3	3	intra_ayah:45:5:root:51
co-45_5-00105	45:5	w-s045-a005-w014	w-s045-a005-w015	ب ع د	م و ت	1	1	1	1	17	23	intra_ayah:45:5:root:52
co-45_5-00106	45:5	w-s045-a005-w014	w-s045-a005-w005	ب ع د	ن ز ل	9	6	6	1	21	24	intra_ayah:45:5:root:53
co-45_5-00107	45:5	w-s045-a005-w014	w-s045-a005-w003	ب ع د	ن ه ر	11	7	7	1	5	5	intra_ayah:45:5:root:54
co-45_5-00108	45:5	w-s045-a005-w011	w-s045-a005-w001	ح ي ي	خ ل ف	10	7	7	1	6	7	intra_ayah:45:5:root:55
co-45_5-00109	45:5	w-s045-a005-w011	w-s045-a005-w010	ح ي ي	ر ز ق	1	1	1	1	10	13	intra_ayah:45:5:root:56
co-45_5-00110	45:5	w-s045-a005-w011	w-s045-a005-w017	ح ي ي	ر و ح	6	5	5	1	6	6	intra_ayah:45:5:root:57
co-45_5-00111	45:5	w-s045-a005-w011	w-s045-a005-w008	ح ي ي	س م و	3	2	2	1	14	18	intra_ayah:45:5:root:58
co-45_5-00112	45:5	w-s045-a005-w011	w-s045-a005-w016	ح ي ي	ص ر ف	5	4	4	1	2	2	intra_ayah:45:5:root:59
co-45_5-00113	45:5	w-s045-a005-w013	w-s045-a005-w010	ء ر ض	ر ز ق	3	2	2	1	16	16	intra_ayah:45:5:root:6
co-45_5-00114	45:5	w-s045-a005-w011	w-s045-a005-w020	ح ي ي	ع ق ل	9	8	8	1	10	10	intra_ayah:45:5:root:60
co-45_5-00115	45:5	w-s045-a005-w011	w-s045-a005-w019	ح ي ي	ق و م	8	7	7	1	27	30	intra_ayah:45:5:root:61
co-45_5-00116	45:5	w-s045-a005-w011	w-s045-a005-w002	ح ي ي	ل ي ل	9	6	6	1	5	8	intra_ayah:45:5:root:62
co-45_5-00117	45:5	w-s045-a005-w011	w-s045-a005-w015	ح ي ي	م و ت	4	3	3	1	65	99	intra_ayah:45:5:root:63
co-45_5-00118	45:5	w-s045-a005-w011	w-s045-a005-w005	ح ي ي	ن ز ل	6	4	4	1	8	9	intra_ayah:45:5:root:64
co-45_5-00119	45:5	w-s045-a005-w011	w-s045-a005-w003	ح ي ي	ن ه ر	8	5	5	1	6	9	intra_ayah:45:5:root:65
co-45_5-00120	45:5	w-s045-a005-w001	w-s045-a005-w010	خ ل ف	ر ز ق	9	6	6	1	4	7	intra_ayah:45:5:root:66
co-45_5-00121	45:5	w-s045-a005-w001	w-s045-a005-w017	خ ل ف	ر و ح	16	12	12	1	3	3	intra_ayah:45:5:root:67
co-45_5-00122	45:5	w-s045-a005-w001	w-s045-a005-w008	خ ل ف	س م و	7	5	5	1	10	15	intra_ayah:45:5:root:68
co-45_5-00123	45:5	w-s045-a005-w001	w-s045-a005-w016	خ ل ف	ص ر ف	15	11	11	1	2	2	intra_ayah:45:5:root:69
co-45_5-00124	45:5	w-s045-a005-w013	w-s045-a005-w017	ء ر ض	ر و ح	4	4	4	1	6	8	intra_ayah:45:5:root:7
co-45_5-00125	45:5	w-s045-a005-w001	w-s045-a005-w020	خ ل ف	ع ق ل	19	15	15	1	4	5	intra_ayah:45:5:root:70
co-45_5-00126	45:5	w-s045-a005-w001	w-s045-a005-w019	خ ل ف	ق و م	18	14	14	1	28	37	intra_ayah:45:5:root:71
co-45_5-00127	45:5	w-s045-a005-w001	w-s045-a005-w002	خ ل ف	ل ي ل	1	1	1	1	7	8	intra_ayah:45:5:root:72
co-45_5-00128	45:5	w-s045-a005-w001	w-s045-a005-w015	خ ل ف	م و ت	14	10	10	1	4	4	intra_ayah:45:5:root:73
co-45_5-00129	45:5	w-s045-a005-w001	w-s045-a005-w005	خ ل ف	ن ز ل	4	3	3	1	11	15	intra_ayah:45:5:root:74
co-45_5-00130	45:5	w-s045-a005-w001	w-s045-a005-w003	خ ل ف	ن ه ر	2	2	2	1	7	7	intra_ayah:45:5:root:75
co-45_5-00131	45:5	w-s045-a005-w010	w-s045-a005-w017	ر ز ق	ر و ح	7	6	6	1	1	1	intra_ayah:45:5:root:76
co-45_5-00132	45:5	w-s045-a005-w010	w-s045-a005-w008	ر ز ق	س م و	2	1	1	1	15	18	intra_ayah:45:5:root:77
co-45_5-00133	45:5	w-s045-a005-w010	w-s045-a005-w016	ر ز ق	ص ر ف	6	5	5	1	1	1	intra_ayah:45:5:root:78
co-45_5-00134	45:5	w-s045-a005-w010	w-s045-a005-w020	ر ز ق	ع ق ل	10	9	9	1	4	4	intra_ayah:45:5:root:79
co-45_5-00135	45:5	w-s045-a005-w013	w-s045-a005-w008	ء ر ض	س م و	5	3	3	1	224	263	intra_ayah:45:5:root:8
co-45_5-00136	45:5	w-s045-a005-w010	w-s045-a005-w019	ر ز ق	ق و م	9	8	8	1	22	24	intra_ayah:45:5:root:80
co-45_5-00137	45:5	w-s045-a005-w010	w-s045-a005-w002	ر ز ق	ل ي ل	8	5	5	1	2	3	intra_ayah:45:5:root:81
co-45_5-00138	45:5	w-s045-a005-w010	w-s045-a005-w015	ر ز ق	م و ت	5	4	4	1	8	12	intra_ayah:45:5:root:82
co-45_5-00139	45:5	w-s045-a005-w010	w-s045-a005-w005	ر ز ق	ن ز ل	5	3	3	1	9	10	intra_ayah:45:5:root:83
co-45_5-00140	45:5	w-s045-a005-w010	w-s045-a005-w003	ر ز ق	ن ه ر	7	4	4	1	5	8	intra_ayah:45:5:root:84
co-45_5-00141	45:5	w-s045-a005-w017	w-s045-a005-w008	ر و ح	س م و	9	7	7	1	8	10	intra_ayah:45:5:root:85
co-45_5-00142	45:5	w-s045-a005-w017	w-s045-a005-w016	ر و ح	ص ر ف	1	1	1	1	2	2	intra_ayah:45:5:root:86
co-45_5-00143	45:5	w-s045-a005-w017	w-s045-a005-w020	ر و ح	ع ق ل	3	3	3	1	2	2	intra_ayah:45:5:root:87
co-45_5-00144	45:5	w-s045-a005-w017	w-s045-a005-w019	ر و ح	ق و م	2	2	2	1	7	8	intra_ayah:45:5:root:88
co-45_5-00145	45:5	w-s045-a005-w017	w-s045-a005-w002	ر و ح	ل ي ل	15	11	11	1	2	2	intra_ayah:45:5:root:89
co-45_5-00146	45:5	w-s045-a005-w013	w-s045-a005-w016	ء ر ض	ص ر ف	3	3	3	1	3	5	intra_ayah:45:5:root:9
co-45_5-00147	45:5	w-s045-a005-w017	w-s045-a005-w015	ر و ح	م و ت	2	2	2	1	5	7	intra_ayah:45:5:root:90
co-45_5-00148	45:5	w-s045-a005-w017	w-s045-a005-w005	ر و ح	ن ز ل	12	9	9	1	10	10	intra_ayah:45:5:root:91
co-45_5-00149	45:5	w-s045-a005-w017	w-s045-a005-w003	ر و ح	ن ه ر	14	10	10	1	3	3	intra_ayah:45:5:root:92
co-45_5-00150	45:5	w-s045-a005-w008	w-s045-a005-w016	س م و	ص ر ف	8	6	6	1	3	5	intra_ayah:45:5:root:93
co-45_5-00151	45:5	w-s045-a005-w008	w-s045-a005-w020	س م و	ع ق ل	12	10	10	1	5	7	intra_ayah:45:5:root:94
co-45_5-00152	45:5	w-s045-a005-w008	w-s045-a005-w019	س م و	ق و م	11	9	9	1	32	38	intra_ayah:45:5:root:95
co-45_5-00153	45:5	w-s045-a005-w008	w-s045-a005-w002	س م و	ل ي ل	6	4	4	1	10	17	intra_ayah:45:5:root:96
co-45_5-00154	45:5	w-s045-a005-w008	w-s045-a005-w015	س م و	م و ت	7	5	5	1	14	19	intra_ayah:45:5:root:97
co-45_5-00155	45:5	w-s045-a005-w008	w-s045-a005-w005	س م و	ن ز ل	3	2	2	1	47	59	intra_ayah:45:5:root:98
co-45_5-00156	45:5	w-s045-a005-w008	w-s045-a005-w003	س م و	ن ه ر	5	3	3	1	12	20	intra_ayah:45:5:root:99
co-45_6-00157	45:6	w-s045-a006-w003	w-s045-a006-w012	ء ل ه	ء م ن	9	2	7	2	372	843	intra_ayah:45:6:root:1
co-45_6-00158	45:6	w-s045-a006-w010	w-s045-a006-w012	ء ل ه	ء م ن	2	2	7	2	372	843	intra_ayah:45:6:root:1
co-45_6-00159	45:6	w-s045-a006-w012	w-s045-a006-w008	ء م ن	ح د ث	4	4	4	1	8	9	intra_ayah:45:6:root:10
co-45_6-00160	45:6	w-s045-a006-w012	w-s045-a006-w006	ء م ن	ح ق ق	6	5	5	1	55	66	intra_ayah:45:6:root:11
co-45_6-00161	45:6	w-s045-a006-w002	w-s045-a006-w009	ء ي ي	ب ع د	7	2	5	2	20	23	intra_ayah:45:6:root:12
co-45_6-00162	45:6	w-s045-a006-w011	w-s045-a006-w009	ء ي ي	ب ع د	2	2	5	2	20	23	intra_ayah:45:6:root:12
co-45_6-00163	45:6	w-s045-a006-w002	w-s045-a006-w004	ء ي ي	ت ل و	2	2	5	2	33	37	intra_ayah:45:6:root:13
co-45_6-00164	45:6	w-s045-a006-w011	w-s045-a006-w004	ء ي ي	ت ل و	7	2	5	2	33	37	intra_ayah:45:6:root:13
co-45_6-00165	45:6	w-s045-a006-w002	w-s045-a006-w008	ء ي ي	ح د ث	6	3	4	2	4	5	intra_ayah:45:6:root:14
co-45_6-00166	45:6	w-s045-a006-w011	w-s045-a006-w008	ء ي ي	ح د ث	3	3	4	2	4	5	intra_ayah:45:6:root:14
co-45_6-00167	45:6	w-s045-a006-w002	w-s045-a006-w006	ء ي ي	ح ق ق	4	3	4	2	19	22	intra_ayah:45:6:root:15
co-45_6-00168	45:6	w-s045-a006-w011	w-s045-a006-w006	ء ي ي	ح ق ق	5	3	4	2	19	22	intra_ayah:45:6:root:15
co-45_6-00169	45:6	w-s045-a006-w009	w-s045-a006-w004	ب ع د	ت ل و	5	3	3	1	1	1	intra_ayah:45:6:root:16
co-45_6-00170	45:6	w-s045-a006-w009	w-s045-a006-w008	ب ع د	ح د ث	1	1	1	1	8	8	intra_ayah:45:6:root:17
co-45_6-00171	45:6	w-s045-a006-w009	w-s045-a006-w006	ب ع د	ح ق ق	3	2	2	1	16	19	intra_ayah:45:6:root:18
co-45_6-00172	45:6	w-s045-a006-w004	w-s045-a006-w008	ت ل و	ح د ث	4	2	2	1	1	1	intra_ayah:45:6:root:19
co-45_6-00173	45:6	w-s045-a006-w003	w-s045-a006-w002	ء ل ه	ء ي ي	1	1	6	4	121	199	intra_ayah:45:6:root:2
co-45_6-00174	45:6	w-s045-a006-w003	w-s045-a006-w011	ء ل ه	ء ي ي	8	1	6	4	121	199	intra_ayah:45:6:root:2
co-45_6-00175	45:6	w-s045-a006-w010	w-s045-a006-w002	ء ل ه	ء ي ي	8	1	6	4	121	199	intra_ayah:45:6:root:2
co-45_6-00176	45:6	w-s045-a006-w010	w-s045-a006-w011	ء ل ه	ء ي ي	1	1	6	4	121	199	intra_ayah:45:6:root:2
co-45_6-00177	45:6	w-s045-a006-w004	w-s045-a006-w006	ت ل و	ح ق ق	2	1	1	1	12	13	intra_ayah:45:6:root:20
co-45_6-00178	45:6	w-s045-a006-w008	w-s045-a006-w006	ح د ث	ح ق ق	2	1	1	1	2	2	intra_ayah:45:6:root:21
co-45_6-00179	45:6	w-s045-a006-w003	w-s045-a006-w009	ء ل ه	ب ع د	6	1	4	2	112	209	intra_ayah:45:6:root:3
co-45_6-00180	45:6	w-s045-a006-w010	w-s045-a006-w009	ء ل ه	ب ع د	1	1	4	2	112	209	intra_ayah:45:6:root:3
co-45_6-00181	45:6	w-s045-a006-w003	w-s045-a006-w004	ء ل ه	ت ل و	1	1	4	2	25	35	intra_ayah:45:6:root:4
co-45_6-00182	45:6	w-s045-a006-w010	w-s045-a006-w004	ء ل ه	ت ل و	6	1	4	2	25	35	intra_ayah:45:6:root:4
co-45_6-00183	45:6	w-s045-a006-w003	w-s045-a006-w008	ء ل ه	ح د ث	5	2	3	2	13	26	intra_ayah:45:6:root:5
co-45_6-00184	45:6	w-s045-a006-w010	w-s045-a006-w008	ء ل ه	ح د ث	2	2	3	2	13	26	intra_ayah:45:6:root:5
co-45_6-00185	45:6	w-s045-a006-w003	w-s045-a006-w006	ء ل ه	ح ق ق	3	2	3	2	120	236	intra_ayah:45:6:root:6
co-45_6-00186	45:6	w-s045-a006-w010	w-s045-a006-w006	ء ل ه	ح ق ق	4	2	3	2	120	236	intra_ayah:45:6:root:6
co-45_6-00187	45:6	w-s045-a006-w012	w-s045-a006-w002	ء م ن	ء ي ي	10	1	8	2	64	84	intra_ayah:45:6:root:7
co-45_6-00188	45:6	w-s045-a006-w012	w-s045-a006-w011	ء م ن	ء ي ي	1	1	8	2	64	84	intra_ayah:45:6:root:7
co-45_6-00189	45:6	w-s045-a006-w012	w-s045-a006-w009	ء م ن	ب ع د	3	3	3	1	46	62	intra_ayah:45:6:root:8
co-45_6-00190	45:6	w-s045-a006-w012	w-s045-a006-w004	ء م ن	ت ل و	8	6	6	1	12	17	intra_ayah:45:6:root:9
co-45_7-00191	45:7	w-s045-a007-w004	w-s045-a007-w003	ء ث م	ء ف ك	1	1	1	1	3	3	intra_ayah:45:7:root:1
co-45_7-00192	45:7	w-s045-a007-w004	w-s045-a007-w002	ء ث م	ك ل ل	2	2	2	1	5	5	intra_ayah:45:7:root:2
co-45_7-00193	45:7	w-s045-a007-w003	w-s045-a007-w002	ء ف ك	ك ل ل	1	1	1	1	5	5	intra_ayah:45:7:root:3
co-45_8-00194	45:8	w-s045-a008-w014	w-s045-a008-w003	ء ل م	ء ل ه	11	7	7	1	36	57	intra_ayah:45:8:root:1
co-45_8-00195	45:8	w-s045-a008-w003	w-s045-a008-w012	ء ل ه	ب ش ر	9	5	5	1	48	86	intra_ayah:45:8:root:10
co-45_8-00196	45:8	w-s045-a008-w003	w-s045-a008-w004	ء ل ه	ت ل و	1	1	1	1	25	35	intra_ayah:45:8:root:11
co-45_8-00197	45:8	w-s045-a008-w003	w-s045-a008-w001	ء ل ه	س م ع	2	2	4	2	70	128	intra_ayah:45:8:root:12
co-45_8-00198	45:8	w-s045-a008-w003	w-s045-a008-w011	ء ل ه	س م ع	8	2	4	2	70	128	intra_ayah:45:8:root:12
co-45_8-00199	45:8	w-s045-a008-w003	w-s045-a008-w007	ء ل ه	ص ر ر	4	2	2	1	3	4	intra_ayah:45:8:root:13
co-45_8-00200	45:8	w-s045-a008-w003	w-s045-a008-w013	ء ل ه	ع ذ ب	10	6	6	1	133	222	intra_ayah:45:8:root:14
co-45_8-00201	45:8	w-s045-a008-w003	w-s045-a008-w008	ء ل ه	ك ب ر	5	3	3	1	54	100	intra_ayah:45:8:root:15
co-45_8-00202	45:8	w-s045-a008-w002	w-s045-a008-w012	ء ي ي	ب ش ر	10	6	6	1	8	9	intra_ayah:45:8:root:16
co-45_8-00203	45:8	w-s045-a008-w002	w-s045-a008-w004	ء ي ي	ت ل و	2	2	2	1	33	37	intra_ayah:45:8:root:17
co-45_8-00204	45:8	w-s045-a008-w002	w-s045-a008-w001	ء ي ي	س م ع	1	1	5	2	17	20	intra_ayah:45:8:root:18
co-45_8-00205	45:8	w-s045-a008-w002	w-s045-a008-w011	ء ي ي	س م ع	9	1	5	2	17	20	intra_ayah:45:8:root:18
co-45_8-00206	45:8	w-s045-a008-w002	w-s045-a008-w007	ء ي ي	ص ر ر	5	3	3	1	1	1	intra_ayah:45:8:root:19
co-45_8-00207	45:8	w-s045-a008-w014	w-s045-a008-w002	ء ل م	ء ي ي	12	8	8	1	11	11	intra_ayah:45:8:root:2
co-45_8-00208	45:8	w-s045-a008-w002	w-s045-a008-w013	ء ي ي	ع ذ ب	11	7	7	1	33	34	intra_ayah:45:8:root:20
co-45_8-00209	45:8	w-s045-a008-w002	w-s045-a008-w008	ء ي ي	ك ب ر	6	4	4	1	23	27	intra_ayah:45:8:root:21
co-45_8-00210	45:8	w-s045-a008-w012	w-s045-a008-w004	ب ش ر	ت ل و	8	4	4	1	2	2	intra_ayah:45:8:root:22
co-45_8-00211	45:8	w-s045-a008-w012	w-s045-a008-w001	ب ش ر	س م ع	11	1	7	2	5	6	intra_ayah:45:8:root:23
co-45_8-00212	45:8	w-s045-a008-w012	w-s045-a008-w011	ب ش ر	س م ع	1	1	7	2	5	6	intra_ayah:45:8:root:23
co-45_8-00213	45:8	w-s045-a008-w012	w-s045-a008-w007	ب ش ر	ص ر ر	5	3	3	1	1	1	intra_ayah:45:8:root:24
co-45_8-00214	45:8	w-s045-a008-w012	w-s045-a008-w013	ب ش ر	ع ذ ب	1	1	1	1	8	9	intra_ayah:45:8:root:25
co-45_8-00215	45:8	w-s045-a008-w012	w-s045-a008-w008	ب ش ر	ك ب ر	4	2	2	1	8	9	intra_ayah:45:8:root:26
co-45_8-00216	45:8	w-s045-a008-w004	w-s045-a008-w001	ت ل و	س م ع	3	3	3	2	3	4	intra_ayah:45:8:root:27
co-45_8-00217	45:8	w-s045-a008-w004	w-s045-a008-w011	ت ل و	س م ع	7	3	3	2	3	4	intra_ayah:45:8:root:27
co-45_8-00218	45:8	w-s045-a008-w004	w-s045-a008-w007	ت ل و	ص ر ر	3	1	1	1	1	1	intra_ayah:45:8:root:28
co-45_8-00219	45:8	w-s045-a008-w004	w-s045-a008-w013	ت ل و	ع ذ ب	9	5	5	1	4	4	intra_ayah:45:8:root:29
co-45_8-00220	45:8	w-s045-a008-w014	w-s045-a008-w012	ء ل م	ب ش ر	2	2	2	1	7	7	intra_ayah:45:8:root:3
co-45_8-00221	45:8	w-s045-a008-w004	w-s045-a008-w008	ت ل و	ك ب ر	4	2	2	1	6	6	intra_ayah:45:8:root:30
co-45_8-00222	45:8	w-s045-a008-w001	w-s045-a008-w007	س م ع	ص ر ر	6	2	4	2	1	2	intra_ayah:45:8:root:31
co-45_8-00223	45:8	w-s045-a008-w011	w-s045-a008-w007	س م ع	ص ر ر	4	2	4	2	1	2	intra_ayah:45:8:root:31
co-45_8-00224	45:8	w-s045-a008-w001	w-s045-a008-w013	س م ع	ع ذ ب	12	2	8	2	7	9	intra_ayah:45:8:root:32
co-45_8-00225	45:8	w-s045-a008-w011	w-s045-a008-w013	س م ع	ع ذ ب	2	2	8	2	7	9	intra_ayah:45:8:root:32
co-45_8-00226	45:8	w-s045-a008-w001	w-s045-a008-w008	س م ع	ك ب ر	7	1	5	2	5	6	intra_ayah:45:8:root:33
co-45_8-00227	45:8	w-s045-a008-w011	w-s045-a008-w008	س م ع	ك ب ر	3	1	5	2	5	6	intra_ayah:45:8:root:33
co-45_8-00228	45:8	w-s045-a008-w007	w-s045-a008-w013	ص ر ر	ع ذ ب	6	4	4	1	1	1	intra_ayah:45:8:root:34
co-45_8-00229	45:8	w-s045-a008-w007	w-s045-a008-w008	ص ر ر	ك ب ر	1	1	1	1	2	3	intra_ayah:45:8:root:35
co-45_8-00230	45:8	w-s045-a008-w013	w-s045-a008-w008	ع ذ ب	ك ب ر	5	3	3	1	19	23	intra_ayah:45:8:root:36
co-45_8-00231	45:8	w-s045-a008-w014	w-s045-a008-w004	ء ل م	ت ل و	10	6	6	1	2	2	intra_ayah:45:8:root:4
co-45_8-00232	45:8	w-s045-a008-w014	w-s045-a008-w001	ء ل م	س م ع	13	3	9	2	3	4	intra_ayah:45:8:root:5
co-45_8-00233	45:8	w-s045-a008-w014	w-s045-a008-w011	ء ل م	س م ع	3	3	9	2	3	4	intra_ayah:45:8:root:5
co-45_8-00234	45:8	w-s045-a008-w014	w-s045-a008-w007	ء ل م	ص ر ر	7	5	5	1	1	1	intra_ayah:45:8:root:6
co-45_8-00235	45:8	w-s045-a008-w014	w-s045-a008-w013	ء ل م	ع ذ ب	1	1	1	1	70	79	intra_ayah:45:8:root:7
co-45_8-00236	45:8	w-s045-a008-w014	w-s045-a008-w008	ء ل م	ك ب ر	6	4	4	1	4	4	intra_ayah:45:8:root:8
co-45_8-00237	45:8	w-s045-a008-w003	w-s045-a008-w002	ء ل ه	ء ي ي	1	1	1	1	121	199	intra_ayah:45:8:root:9
co-45_9-00238	45:9	w-s045-a009-w006	w-s045-a009-w004	ء خ ذ	ء ي ي	2	2	2	1	20	27	intra_ayah:45:9:root:1
co-45_9-00239	45:9	w-s045-a009-w004	w-s045-a009-w007	ء ي ي	ه ز ء	3	3	3	1	9	9	intra_ayah:45:9:root:10
co-45_9-00240	45:9	w-s045-a009-w004	w-s045-a009-w011	ء ي ي	ه و ن	7	5	5	1	5	5	intra_ayah:45:9:root:11
co-45_9-00241	45:9	w-s045-a009-w005	w-s045-a009-w010	ش ي ء	ع ذ ب	5	3	3	1	25	41	intra_ayah:45:9:root:12
co-45_9-00242	45:9	w-s045-a009-w005	w-s045-a009-w002	ش ي ء	ع ل م	3	2	2	1	95	157	intra_ayah:45:9:root:13
co-45_9-00243	45:9	w-s045-a009-w005	w-s045-a009-w007	ش ي ء	ه ز ء	2	2	2	1	3	3	intra_ayah:45:9:root:14
co-45_9-00244	45:9	w-s045-a009-w005	w-s045-a009-w011	ش ي ء	ه و ن	6	4	4	1	5	5	intra_ayah:45:9:root:15
co-45_9-00245	45:9	w-s045-a009-w010	w-s045-a009-w002	ع ذ ب	ع ل م	8	5	5	1	29	42	intra_ayah:45:9:root:16
co-45_9-00246	45:9	w-s045-a009-w010	w-s045-a009-w007	ع ذ ب	ه ز ء	3	1	1	1	3	3	intra_ayah:45:9:root:17
co-45_9-00247	45:9	w-s045-a009-w010	w-s045-a009-w011	ع ذ ب	ه و ن	1	1	1	1	19	19	intra_ayah:45:9:root:18
co-45_9-00248	45:9	w-s045-a009-w002	w-s045-a009-w007	ع ل م	ه ز ء	5	4	4	1	4	5	intra_ayah:45:9:root:19
co-45_9-00249	45:9	w-s045-a009-w006	w-s045-a009-w005	ء خ ذ	ش ي ء	1	1	1	1	26	34	intra_ayah:45:9:root:2
co-45_9-00250	45:9	w-s045-a009-w002	w-s045-a009-w011	ع ل م	ه و ن	9	6	6	1	4	4	intra_ayah:45:9:root:20
co-45_9-00251	45:9	w-s045-a009-w007	w-s045-a009-w011	ه ز ء	ه و ن	4	2	2	1	2	2	intra_ayah:45:9:root:21
co-45_9-00252	45:9	w-s045-a009-w006	w-s045-a009-w010	ء خ ذ	ع ذ ب	4	2	2	1	26	31	intra_ayah:45:9:root:3
co-45_9-00253	45:9	w-s045-a009-w006	w-s045-a009-w002	ء خ ذ	ع ل م	4	3	3	1	24	33	intra_ayah:45:9:root:4
co-45_9-00254	45:9	w-s045-a009-w006	w-s045-a009-w007	ء خ ذ	ه ز ء	1	1	1	1	12	13	intra_ayah:45:9:root:5
co-45_9-00255	45:9	w-s045-a009-w006	w-s045-a009-w011	ء خ ذ	ه و ن	5	3	3	1	5	7	intra_ayah:45:9:root:6
co-45_9-00256	45:9	w-s045-a009-w004	w-s045-a009-w005	ء ي ي	ش ي ء	1	1	1	1	25	29	intra_ayah:45:9:root:7
co-45_9-00257	45:9	w-s045-a009-w004	w-s045-a009-w010	ء ي ي	ع ذ ب	6	4	4	1	33	34	intra_ayah:45:9:root:8
co-45_9-00258	45:9	w-s045-a009-w004	w-s045-a009-w002	ء ي ي	ع ل م	2	1	1	1	43	58	intra_ayah:45:9:root:9
co-45_10-00259	45:10	w-s045-a010-w012	w-s045-a010-w015	ء خ ذ	ء ل ه	3	2	2	1	113	204	intra_ayah:45:10:root:1
co-45_10-00260	45:10	w-s045-a010-w015	w-s045-a010-w014	ء ل ه	د و ن	1	1	1	1	109	173	intra_ayah:45:10:root:10
co-45_10-00261	45:10	w-s045-a010-w015	w-s045-a010-w009	ء ل ه	ش ي ء	6	3	3	1	282	596	intra_ayah:45:10:root:11
co-45_10-00262	45:10	w-s045-a010-w015	w-s045-a010-w018	ء ل ه	ع ذ ب	3	2	2	1	133	222	intra_ayah:45:10:root:12
co-45_10-00263	45:10	w-s045-a010-w015	w-s045-a010-w019	ء ل ه	ع ظ م	4	3	3	1	69	126	intra_ayah:45:10:root:13
co-45_10-00264	45:10	w-s045-a010-w015	w-s045-a010-w005	ء ل ه	غ ن ي	10	5	5	1	43	76	intra_ayah:45:10:root:14
co-45_10-00265	45:10	w-s045-a010-w015	w-s045-a010-w008	ء ل ه	ك س ب	7	4	4	1	26	44	intra_ayah:45:10:root:15
co-45_10-00266	45:10	w-s045-a010-w015	w-s045-a010-w002	ء ل ه	و ر ي	13	6	6	1	12	18	intra_ayah:45:10:root:16
co-45_10-00267	45:10	w-s045-a010-w015	w-s045-a010-w016	ء ل ه	و ل ي	1	1	1	1	124	209	intra_ayah:45:10:root:17
co-45_10-00268	45:10	w-s045-a010-w014	w-s045-a010-w009	د و ن	ش ي ء	5	2	2	1	24	29	intra_ayah:45:10:root:18
co-45_10-00269	45:10	w-s045-a010-w014	w-s045-a010-w018	د و ن	ع ذ ب	4	3	3	1	8	11	intra_ayah:45:10:root:19
co-45_10-00270	45:10	w-s045-a010-w012	w-s045-a010-w014	ء خ ذ	د و ن	2	1	1	1	33	35	intra_ayah:45:10:root:2
co-45_10-00271	45:10	w-s045-a010-w014	w-s045-a010-w019	د و ن	ع ظ م	5	4	4	1	2	2	intra_ayah:45:10:root:20
co-45_10-00272	45:10	w-s045-a010-w014	w-s045-a010-w005	د و ن	غ ن ي	9	4	4	1	3	3	intra_ayah:45:10:root:21
co-45_10-00273	45:10	w-s045-a010-w014	w-s045-a010-w008	د و ن	ك س ب	6	3	3	1	3	4	intra_ayah:45:10:root:22
co-45_10-00274	45:10	w-s045-a010-w014	w-s045-a010-w002	د و ن	و ر ي	12	5	5	1	1	1	intra_ayah:45:10:root:23
co-45_10-00275	45:10	w-s045-a010-w014	w-s045-a010-w016	د و ن	و ل ي	2	2	2	1	35	36	intra_ayah:45:10:root:24
co-45_10-00276	45:10	w-s045-a010-w009	w-s045-a010-w018	ش ي ء	ع ذ ب	9	5	5	1	25	41	intra_ayah:45:10:root:25
co-45_10-00277	45:10	w-s045-a010-w009	w-s045-a010-w019	ش ي ء	ع ظ م	10	6	6	1	15	17	intra_ayah:45:10:root:26
co-45_10-00278	45:10	w-s045-a010-w009	w-s045-a010-w005	ش ي ء	غ ن ي	4	2	2	1	22	24	intra_ayah:45:10:root:27
co-45_10-00279	45:10	w-s045-a010-w009	w-s045-a010-w008	ش ي ء	ك س ب	1	1	1	1	7	8	intra_ayah:45:10:root:28
co-45_10-00280	45:10	w-s045-a010-w009	w-s045-a010-w002	ش ي ء	و ر ي	7	3	3	1	2	2	intra_ayah:45:10:root:29
co-45_10-00281	45:10	w-s045-a010-w012	w-s045-a010-w009	ء خ ذ	ش ي ء	3	1	1	1	26	34	intra_ayah:45:10:root:3
co-45_10-00282	45:10	w-s045-a010-w009	w-s045-a010-w016	ش ي ء	و ل ي	7	4	4	1	20	29	intra_ayah:45:10:root:30
co-45_10-00283	45:10	w-s045-a010-w018	w-s045-a010-w019	ع ذ ب	ع ظ م	1	1	1	1	26	28	intra_ayah:45:10:root:31
co-45_10-00284	45:10	w-s045-a010-w018	w-s045-a010-w005	ع ذ ب	غ ن ي	13	7	7	1	4	5	intra_ayah:45:10:root:32
co-45_10-00285	45:10	w-s045-a010-w018	w-s045-a010-w008	ع ذ ب	ك س ب	10	6	6	1	8	9	intra_ayah:45:10:root:33
co-45_10-00286	45:10	w-s045-a010-w018	w-s045-a010-w002	ع ذ ب	و ر ي	16	8	8	1	4	4	intra_ayah:45:10:root:34
co-45_10-00287	45:10	w-s045-a010-w018	w-s045-a010-w016	ع ذ ب	و ل ي	2	1	1	1	18	27	intra_ayah:45:10:root:35
co-45_10-00288	45:10	w-s045-a010-w019	w-s045-a010-w005	ع ظ م	غ ن ي	14	8	8	1	1	1	intra_ayah:45:10:root:36
co-45_10-00289	45:10	w-s045-a010-w019	w-s045-a010-w008	ع ظ م	ك س ب	11	7	7	1	2	2	intra_ayah:45:10:root:37
co-45_10-00290	45:10	w-s045-a010-w019	w-s045-a010-w002	ع ظ م	و ر ي	17	9	9	1	2	2	intra_ayah:45:10:root:38
co-45_10-00291	45:10	w-s045-a010-w019	w-s045-a010-w016	ع ظ م	و ل ي	3	2	2	1	3	3	intra_ayah:45:10:root:39
co-45_10-00292	45:10	w-s045-a010-w012	w-s045-a010-w018	ء خ ذ	ع ذ ب	6	4	4	1	26	31	intra_ayah:45:10:root:4
co-45_10-00293	45:10	w-s045-a010-w005	w-s045-a010-w008	غ ن ي	ك س ب	3	1	1	1	6	6	intra_ayah:45:10:root:40
co-45_10-00294	45:10	w-s045-a010-w005	w-s045-a010-w002	غ ن ي	و ر ي	3	1	1	1	1	1	intra_ayah:45:10:root:41
co-45_10-00295	45:10	w-s045-a010-w005	w-s045-a010-w016	غ ن ي	و ل ي	11	6	6	1	10	14	intra_ayah:45:10:root:42
co-45_10-00296	45:10	w-s045-a010-w008	w-s045-a010-w002	ك س ب	و ر ي	6	2	2	1	1	1	intra_ayah:45:10:root:43
co-45_10-00297	45:10	w-s045-a010-w008	w-s045-a010-w016	ك س ب	و ل ي	8	5	5	1	6	8	intra_ayah:45:10:root:44
co-45_10-00298	45:10	w-s045-a010-w002	w-s045-a010-w016	و ر ي	و ل ي	14	7	7	1	2	3	intra_ayah:45:10:root:45
co-45_10-00299	45:10	w-s045-a010-w012	w-s045-a010-w019	ء خ ذ	ع ظ م	7	5	5	1	8	8	intra_ayah:45:10:root:5
co-45_10-00300	45:10	w-s045-a010-w012	w-s045-a010-w005	ء خ ذ	غ ن ي	7	3	3	1	6	6	intra_ayah:45:10:root:6
co-45_10-00301	45:10	w-s045-a010-w012	w-s045-a010-w008	ء خ ذ	ك س ب	4	2	2	1	9	14	intra_ayah:45:10:root:7
co-45_10-00302	45:10	w-s045-a010-w012	w-s045-a010-w002	ء خ ذ	و ر ي	10	4	4	1	5	7	intra_ayah:45:10:root:8
co-45_10-00303	45:10	w-s045-a010-w012	w-s045-a010-w016	ء خ ذ	و ل ي	4	3	3	1	29	44	intra_ayah:45:10:root:9
co-45_11-00304	45:11	w-s045-a011-w011	w-s045-a011-w005	ء ل م	ء ي ي	6	4	4	1	11	11	intra_ayah:45:11:root:1
co-45_11-00305	45:11	w-s045-a011-w005	w-s045-a011-w004	ء ي ي	ك ف ر	1	1	1	1	51	58	intra_ayah:45:11:root:10
co-45_11-00306	45:11	w-s045-a011-w005	w-s045-a011-w002	ء ي ي	ه د ي	3	2	2	1	26	31	intra_ayah:45:11:root:11
co-45_11-00307	45:11	w-s045-a011-w006	w-s045-a011-w010	ر ب ب	ر ج ز	4	2	2	1	2	3	intra_ayah:45:11:root:12
co-45_11-00308	45:11	w-s045-a011-w006	w-s045-a011-w008	ر ب ب	ع ذ ب	2	1	1	1	57	72	intra_ayah:45:11:root:13
co-45_11-00309	45:11	w-s045-a011-w006	w-s045-a011-w004	ر ب ب	ك ف ر	2	2	2	1	70	96	intra_ayah:45:11:root:14
co-45_11-00310	45:11	w-s045-a011-w006	w-s045-a011-w002	ر ب ب	ه د ي	4	3	3	1	61	81	intra_ayah:45:11:root:15
co-45_11-00311	45:11	w-s045-a011-w010	w-s045-a011-w008	ر ج ز	ع ذ ب	2	1	1	1	2	2	intra_ayah:45:11:root:16
co-45_11-00312	45:11	w-s045-a011-w010	w-s045-a011-w004	ر ج ز	ك ف ر	6	4	4	1	1	1	intra_ayah:45:11:root:17
co-45_11-00313	45:11	w-s045-a011-w010	w-s045-a011-w002	ر ج ز	ه د ي	8	5	5	1	1	1	intra_ayah:45:11:root:18
co-45_11-00314	45:11	w-s045-a011-w008	w-s045-a011-w004	ع ذ ب	ك ف ر	4	3	3	1	68	92	intra_ayah:45:11:root:19
co-45_11-00315	45:11	w-s045-a011-w011	w-s045-a011-w006	ء ل م	ر ب ب	5	3	3	1	6	8	intra_ayah:45:11:root:2
co-45_11-00316	45:11	w-s045-a011-w008	w-s045-a011-w002	ع ذ ب	ه د ي	6	4	4	1	13	18	intra_ayah:45:11:root:20
co-45_11-00317	45:11	w-s045-a011-w004	w-s045-a011-w002	ك ف ر	ه د ي	2	1	1	1	29	36	intra_ayah:45:11:root:21
co-45_11-00318	45:11	w-s045-a011-w011	w-s045-a011-w010	ء ل م	ر ج ز	1	1	1	1	2	2	intra_ayah:45:11:root:3
co-45_11-00319	45:11	w-s045-a011-w011	w-s045-a011-w008	ء ل م	ع ذ ب	3	2	2	1	70	79	intra_ayah:45:11:root:4
co-45_11-00320	45:11	w-s045-a011-w011	w-s045-a011-w004	ء ل م	ك ف ر	7	5	5	1	22	27	intra_ayah:45:11:root:5
co-45_11-00321	45:11	w-s045-a011-w011	w-s045-a011-w002	ء ل م	ه د ي	9	6	6	1	3	3	intra_ayah:45:11:root:6
co-45_11-00322	45:11	w-s045-a011-w005	w-s045-a011-w006	ء ي ي	ر ب ب	1	1	1	1	59	81	intra_ayah:45:11:root:7
co-45_11-00323	45:11	w-s045-a011-w005	w-s045-a011-w010	ء ي ي	ر ج ز	5	3	3	1	2	2	intra_ayah:45:11:root:8
co-45_11-00324	45:11	w-s045-a011-w005	w-s045-a011-w008	ء ي ي	ع ذ ب	3	2	2	1	33	34	intra_ayah:45:11:root:9
co-45_12-00325	45:12	w-s045-a012-w001	w-s045-a012-w009	ء ل ه	ء م ر	8	5	5	1	112	224	intra_ayah:45:12:root:1
co-45_12-00326	45:12	w-s045-a012-w009	w-s045-a012-w010	ء م ر	ب غ ي	1	1	1	1	7	9	intra_ayah:45:12:root:10
co-45_12-00327	45:12	w-s045-a012-w009	w-s045-a012-w006	ء م ر	ج ر ي	3	2	2	1	7	7	intra_ayah:45:12:root:11
co-45_12-00328	45:12	w-s045-a012-w009	w-s045-a012-w003	ء م ر	س خ ر	6	4	4	1	7	10	intra_ayah:45:12:root:12
co-45_12-00329	45:12	w-s045-a012-w009	w-s045-a012-w014	ء م ر	ش ك ر	5	3	3	1	2	2	intra_ayah:45:12:root:13
co-45_12-00330	45:12	w-s045-a012-w009	w-s045-a012-w012	ء م ر	ف ض ل	3	2	2	1	7	8	intra_ayah:45:12:root:14
co-45_12-00331	45:12	w-s045-a012-w009	w-s045-a012-w007	ء م ر	ف ل ك	2	1	1	1	5	5	intra_ayah:45:12:root:15
co-45_12-00332	45:12	w-s045-a012-w005	w-s045-a012-w010	ب ح ر	ب غ ي	5	4	4	1	5	5	intra_ayah:45:12:root:16
co-45_12-00333	45:12	w-s045-a012-w005	w-s045-a012-w006	ب ح ر	ج ر ي	1	1	1	1	8	8	intra_ayah:45:12:root:17
co-45_12-00334	45:12	w-s045-a012-w005	w-s045-a012-w003	ب ح ر	س خ ر	2	1	1	1	5	6	intra_ayah:45:12:root:18
co-45_12-00335	45:12	w-s045-a012-w005	w-s045-a012-w014	ب ح ر	ش ك ر	9	6	6	1	6	6	intra_ayah:45:12:root:19
co-45_12-00336	45:12	w-s045-a012-w001	w-s045-a012-w005	ء ل ه	ب ح ر	4	2	2	1	14	23	intra_ayah:45:12:root:2
co-45_12-00337	45:12	w-s045-a012-w005	w-s045-a012-w012	ب ح ر	ف ض ل	7	5	5	1	5	6	intra_ayah:45:12:root:20
co-45_12-00338	45:12	w-s045-a012-w005	w-s045-a012-w007	ب ح ر	ف ل ك	2	2	2	1	9	9	intra_ayah:45:12:root:21
co-45_12-00339	45:12	w-s045-a012-w010	w-s045-a012-w006	ب غ ي	ج ر ي	4	3	3	1	2	2	intra_ayah:45:12:root:22
co-45_12-00340	45:12	w-s045-a012-w010	w-s045-a012-w003	ب غ ي	س خ ر	7	5	5	1	2	2	intra_ayah:45:12:root:23
co-45_12-00341	45:12	w-s045-a012-w010	w-s045-a012-w014	ب غ ي	ش ك ر	4	2	2	1	6	6	intra_ayah:45:12:root:24
co-45_12-00342	45:12	w-s045-a012-w010	w-s045-a012-w012	ب غ ي	ف ض ل	2	1	1	1	18	20	intra_ayah:45:12:root:25
co-45_12-00343	45:12	w-s045-a012-w010	w-s045-a012-w007	ب غ ي	ف ل ك	3	2	2	1	6	6	intra_ayah:45:12:root:26
co-45_12-00344	45:12	w-s045-a012-w006	w-s045-a012-w003	ج ر ي	س خ ر	3	2	2	1	9	10	intra_ayah:45:12:root:27
co-45_12-00345	45:12	w-s045-a012-w006	w-s045-a012-w014	ج ر ي	ش ك ر	8	5	5	1	4	4	intra_ayah:45:12:root:28
co-45_12-00346	45:12	w-s045-a012-w006	w-s045-a012-w012	ج ر ي	ف ض ل	6	4	4	1	2	2	intra_ayah:45:12:root:29
co-45_12-00347	45:12	w-s045-a012-w001	w-s045-a012-w010	ء ل ه	ب غ ي	9	6	6	1	55	113	intra_ayah:45:12:root:3
co-45_12-00348	45:12	w-s045-a012-w006	w-s045-a012-w007	ج ر ي	ف ل ك	1	1	1	1	7	7	intra_ayah:45:12:root:30
co-45_12-00349	45:12	w-s045-a012-w003	w-s045-a012-w014	س خ ر	ش ك ر	11	7	7	1	3	3	intra_ayah:45:12:root:31
co-45_12-00350	45:12	w-s045-a012-w003	w-s045-a012-w012	س خ ر	ف ض ل	9	6	6	1	2	2	intra_ayah:45:12:root:32
co-45_12-00351	45:12	w-s045-a012-w003	w-s045-a012-w007	س خ ر	ف ل ك	4	3	3	1	6	10	intra_ayah:45:12:root:33
co-45_12-00352	45:12	w-s045-a012-w014	w-s045-a012-w012	ش ك ر	ف ض ل	2	1	1	1	12	14	intra_ayah:45:12:root:34
co-45_12-00353	45:12	w-s045-a012-w014	w-s045-a012-w007	ش ك ر	ف ل ك	7	4	4	1	6	6	intra_ayah:45:12:root:35
co-45_12-00354	45:12	w-s045-a012-w012	w-s045-a012-w007	ف ض ل	ف ل ك	5	3	3	1	5	5	intra_ayah:45:12:root:36
co-45_12-00355	45:12	w-s045-a012-w001	w-s045-a012-w006	ء ل ه	ج ر ي	5	3	3	1	35	56	intra_ayah:45:12:root:4
co-45_12-00356	45:12	w-s045-a012-w001	w-s045-a012-w003	ء ل ه	س خ ر	2	1	1	1	16	24	intra_ayah:45:12:root:5
co-45_12-00357	45:12	w-s045-a012-w001	w-s045-a012-w014	ء ل ه	ش ك ر	13	8	8	1	30	54	intra_ayah:45:12:root:6
co-45_12-00358	45:12	w-s045-a012-w001	w-s045-a012-w012	ء ل ه	ف ض ل	11	7	7	1	62	159	intra_ayah:45:12:root:7
co-45_12-00359	45:12	w-s045-a012-w001	w-s045-a012-w007	ء ل ه	ف ل ك	6	4	4	1	8	9	intra_ayah:45:12:root:8
co-45_12-00360	45:12	w-s045-a012-w009	w-s045-a012-w005	ء م ر	ب ح ر	4	3	3	1	3	3	intra_ayah:45:12:root:9
co-45_13-00361	45:13	w-s045-a013-w008	w-s045-a013-w014	ء ر ض	ء ي ي	6	2	2	1	32	41	intra_ayah:45:13:root:1
co-45_13-00362	45:13	w-s045-a013-w014	w-s045-a013-w016	ء ي ي	ف ك ر	2	2	2	1	10	11	intra_ayah:45:13:root:10
co-45_13-00363	45:13	w-s045-a013-w014	w-s045-a013-w015	ء ي ي	ق و م	1	1	1	1	67	82	intra_ayah:45:13:root:11
co-45_13-00364	45:13	w-s045-a013-w009	w-s045-a013-w001	ج م ع	س خ ر	8	3	3	1	2	2	intra_ayah:45:13:root:12
co-45_13-00365	45:13	w-s045-a013-w009	w-s045-a013-w005	ج م ع	س م و	4	2	2	1	9	10	intra_ayah:45:13:root:13
co-45_13-00366	45:13	w-s045-a013-w009	w-s045-a013-w016	ج م ع	ف ك ر	7	3	3	1	1	1	intra_ayah:45:13:root:14
co-45_13-00367	45:13	w-s045-a013-w009	w-s045-a013-w015	ج م ع	ق و م	6	2	2	1	12	16	intra_ayah:45:13:root:15
co-45_13-00368	45:13	w-s045-a013-w001	w-s045-a013-w005	س خ ر	س م و	4	1	1	1	14	21	intra_ayah:45:13:root:16
co-45_13-00369	45:13	w-s045-a013-w001	w-s045-a013-w016	س خ ر	ف ك ر	15	6	6	1	1	1	intra_ayah:45:13:root:17
co-45_13-00370	45:13	w-s045-a013-w001	w-s045-a013-w015	س خ ر	ق و م	14	5	5	1	8	13	intra_ayah:45:13:root:18
co-45_13-00371	45:13	w-s045-a013-w005	w-s045-a013-w016	س م و	ف ك ر	11	5	5	1	5	6	intra_ayah:45:13:root:19
co-45_13-00372	45:13	w-s045-a013-w008	w-s045-a013-w009	ء ر ض	ج م ع	1	1	1	1	20	25	intra_ayah:45:13:root:2
co-45_13-00373	45:13	w-s045-a013-w005	w-s045-a013-w015	س م و	ق و م	10	4	4	1	32	38	intra_ayah:45:13:root:20
co-45_13-00374	45:13	w-s045-a013-w016	w-s045-a013-w015	ف ك ر	ق و م	1	1	1	1	10	10	intra_ayah:45:13:root:21
co-45_13-00375	45:13	w-s045-a013-w008	w-s045-a013-w001	ء ر ض	س خ ر	7	2	2	1	8	12	intra_ayah:45:13:root:3
co-45_13-00376	45:13	w-s045-a013-w008	w-s045-a013-w005	ء ر ض	س م و	3	1	1	1	224	263	intra_ayah:45:13:root:4
co-45_13-00377	45:13	w-s045-a013-w008	w-s045-a013-w016	ء ر ض	ف ك ر	8	4	4	1	6	7	intra_ayah:45:13:root:5
co-45_13-00378	45:13	w-s045-a013-w008	w-s045-a013-w015	ء ر ض	ق و م	7	3	3	1	48	56	intra_ayah:45:13:root:6
co-45_13-00379	45:13	w-s045-a013-w014	w-s045-a013-w009	ء ي ي	ج م ع	5	1	1	1	9	10	intra_ayah:45:13:root:7
co-45_13-00380	45:13	w-s045-a013-w014	w-s045-a013-w001	ء ي ي	س خ ر	13	4	4	1	6	7	intra_ayah:45:13:root:8
co-45_13-00381	45:13	w-s045-a013-w014	w-s045-a013-w005	ء ي ي	س م و	9	3	3	1	28	34	intra_ayah:45:13:root:9
co-45_14-00382	45:14	w-s045-a014-w009	w-s045-a014-w003	ء ل ه	ء م ن	6	4	4	1	372	843	intra_ayah:45:14:root:1
co-45_14-00383	45:14	w-s045-a014-w003	w-s045-a014-w010	ء م ن	ج ز ي	7	5	5	1	16	17	intra_ayah:45:14:root:10
co-45_14-00384	45:14	w-s045-a014-w003	w-s045-a014-w007	ء م ن	ر ج و	4	2	2	1	2	2	intra_ayah:45:14:root:11
co-45_14-00385	45:14	w-s045-a014-w003	w-s045-a014-w004	ء م ن	غ ف ر	1	1	1	1	50	84	intra_ayah:45:14:root:12
co-45_14-00386	45:14	w-s045-a014-w003	w-s045-a014-w001	ء م ن	ق و ل	2	1	1	1	185	327	intra_ayah:45:14:root:13
co-45_14-00387	45:14	w-s045-a014-w003	w-s045-a014-w011	ء م ن	ق و م	8	6	6	1	102	145	intra_ayah:45:14:root:14
co-45_14-00388	45:14	w-s045-a014-w003	w-s045-a014-w014	ء م ن	ك س ب	11	8	8	1	8	13	intra_ayah:45:14:root:15
co-45_14-00389	45:14	w-s045-a014-w003	w-s045-a014-w013	ء م ن	ك و ن	10	7	7	1	197	320	intra_ayah:45:14:root:16
co-45_14-00390	45:14	w-s045-a014-w003	w-s045-a014-w008	ء م ن	ي و م	5	3	3	1	58	81	intra_ayah:45:14:root:17
co-45_14-00391	45:14	w-s045-a014-w010	w-s045-a014-w007	ج ز ي	ر ج و	3	3	3	1	1	1	intra_ayah:45:14:root:18
co-45_14-00392	45:14	w-s045-a014-w010	w-s045-a014-w004	ج ز ي	غ ف ر	6	4	4	1	4	4	intra_ayah:45:14:root:19
co-45_14-00393	45:14	w-s045-a014-w009	w-s045-a014-w010	ء ل ه	ج ز ي	1	1	1	1	38	54	intra_ayah:45:14:root:2
co-45_14-00394	45:14	w-s045-a014-w010	w-s045-a014-w001	ج ز ي	ق و ل	9	6	6	1	18	25	intra_ayah:45:14:root:20
co-45_14-00395	45:14	w-s045-a014-w010	w-s045-a014-w011	ج ز ي	ق و م	1	1	1	1	5	5	intra_ayah:45:14:root:21
co-45_14-00396	45:14	w-s045-a014-w010	w-s045-a014-w014	ج ز ي	ك س ب	4	3	3	1	10	10	intra_ayah:45:14:root:22
co-45_14-00397	45:14	w-s045-a014-w010	w-s045-a014-w013	ج ز ي	ك و ن	3	2	2	1	41	46	intra_ayah:45:14:root:23
co-45_14-00398	45:14	w-s045-a014-w010	w-s045-a014-w008	ج ز ي	ي و م	2	2	2	1	13	16	intra_ayah:45:14:root:24
co-45_14-00399	45:14	w-s045-a014-w007	w-s045-a014-w004	ر ج و	غ ف ر	3	1	1	1	2	2	intra_ayah:45:14:root:25
co-45_14-00400	45:14	w-s045-a014-w007	w-s045-a014-w001	ر ج و	ق و ل	6	3	3	1	10	12	intra_ayah:45:14:root:26
co-45_14-00401	45:14	w-s045-a014-w007	w-s045-a014-w011	ر ج و	ق و م	4	4	4	1	5	6	intra_ayah:45:14:root:27
co-45_14-00402	45:14	w-s045-a014-w007	w-s045-a014-w014	ر ج و	ك س ب	7	6	6	1	1	1	intra_ayah:45:14:root:28
co-45_14-00403	45:14	w-s045-a014-w007	w-s045-a014-w013	ر ج و	ك و ن	6	5	5	1	13	20	intra_ayah:45:14:root:29
co-45_14-00404	45:14	w-s045-a014-w009	w-s045-a014-w007	ء ل ه	ر ج و	2	2	2	1	14	26	intra_ayah:45:14:root:3
co-45_14-00405	45:14	w-s045-a014-w007	w-s045-a014-w008	ر ج و	ي و م	1	1	1	1	5	5	intra_ayah:45:14:root:30
co-45_14-00406	45:14	w-s045-a014-w004	w-s045-a014-w001	غ ف ر	ق و ل	3	2	2	1	51	74	intra_ayah:45:14:root:31
co-45_14-00407	45:14	w-s045-a014-w004	w-s045-a014-w011	غ ف ر	ق و م	7	5	5	1	17	26	intra_ayah:45:14:root:32
co-45_14-00408	45:14	w-s045-a014-w004	w-s045-a014-w014	غ ف ر	ك س ب	10	7	7	1	5	6	intra_ayah:45:14:root:33
co-45_14-00409	45:14	w-s045-a014-w004	w-s045-a014-w013	غ ف ر	ك و ن	9	6	6	1	49	62	intra_ayah:45:14:root:34
co-45_14-00410	45:14	w-s045-a014-w004	w-s045-a014-w008	غ ف ر	ي و م	4	2	2	1	10	11	intra_ayah:45:14:root:35
co-45_14-00411	45:14	w-s045-a014-w001	w-s045-a014-w011	ق و ل	ق و م	10	7	7	1	186	259	intra_ayah:45:14:root:36
co-45_14-00412	45:14	w-s045-a014-w001	w-s045-a014-w014	ق و ل	ك س ب	13	9	9	1	9	10	intra_ayah:45:14:root:37
co-45_14-00413	45:14	w-s045-a014-w001	w-s045-a014-w013	ق و ل	ك و ن	12	8	8	1	369	573	intra_ayah:45:14:root:38
co-45_14-00414	45:14	w-s045-a014-w001	w-s045-a014-w008	ق و ل	ي و م	7	4	4	1	94	148	intra_ayah:45:14:root:39
co-45_14-00415	45:14	w-s045-a014-w009	w-s045-a014-w004	ء ل ه	غ ف ر	5	3	3	1	120	282	intra_ayah:45:14:root:4
co-45_14-00416	45:14	w-s045-a014-w011	w-s045-a014-w014	ق و م	ك س ب	3	2	2	1	6	7	intra_ayah:45:14:root:40
co-45_14-00417	45:14	w-s045-a014-w011	w-s045-a014-w013	ق و م	ك و ن	2	1	1	1	131	196	intra_ayah:45:14:root:41
co-45_14-00418	45:14	w-s045-a014-w011	w-s045-a014-w008	ق و م	ي و م	3	3	3	1	104	114	intra_ayah:45:14:root:42
co-45_14-00419	45:14	w-s045-a014-w014	w-s045-a014-w013	ك س ب	ك و ن	1	1	1	1	26	34	intra_ayah:45:14:root:43
co-45_14-00420	45:14	w-s045-a014-w014	w-s045-a014-w008	ك س ب	ي و م	6	5	5	1	11	12	intra_ayah:45:14:root:44
co-45_14-00421	45:14	w-s045-a014-w013	w-s045-a014-w008	ك و ن	ي و م	5	4	4	1	92	120	intra_ayah:45:14:root:45
co-45_14-00422	45:14	w-s045-a014-w009	w-s045-a014-w001	ء ل ه	ق و ل	8	5	5	1	514	1188	intra_ayah:45:14:root:5
co-45_14-00423	45:14	w-s045-a014-w009	w-s045-a014-w011	ء ل ه	ق و م	2	2	2	1	242	460	intra_ayah:45:14:root:6
co-45_14-00424	45:14	w-s045-a014-w009	w-s045-a014-w014	ء ل ه	ك س ب	5	4	4	1	26	44	intra_ayah:45:14:root:7
co-45_14-00425	45:14	w-s045-a014-w009	w-s045-a014-w013	ء ل ه	ك و ن	4	3	3	1	441	974	intra_ayah:45:14:root:8
co-45_14-00426	45:14	w-s045-a014-w009	w-s045-a014-w008	ء ل ه	ي و م	1	1	1	1	125	226	intra_ayah:45:14:root:9
co-45_15-00427	45:15	w-s045-a015-w010	w-s045-a015-w011	ر ب ب	ر ج ع	1	1	1	1	18	23	intra_ayah:45:15:root:1
co-45_15-00428	45:15	w-s045-a015-w006	w-s045-a015-w003	س و ء	ص ل ح	3	2	2	1	16	19	intra_ayah:45:15:root:10
co-45_15-00429	45:15	w-s045-a015-w006	w-s045-a015-w002	س و ء	ع م ل	4	3	3	1	42	55	intra_ayah:45:15:root:11
co-45_15-00430	45:15	w-s045-a015-w006	w-s045-a015-w004	س و ء	ن ف س	2	1	1	1	15	19	intra_ayah:45:15:root:12
co-45_15-00431	45:15	w-s045-a015-w003	w-s045-a015-w002	ص ل ح	ع م ل	1	1	1	1	93	118	intra_ayah:45:15:root:13
co-45_15-00432	45:15	w-s045-a015-w003	w-s045-a015-w004	ص ل ح	ن ف س	1	1	1	1	12	15	intra_ayah:45:15:root:14
co-45_15-00433	45:15	w-s045-a015-w002	w-s045-a015-w004	ع م ل	ن ف س	2	2	2	1	28	37	intra_ayah:45:15:root:15
co-45_15-00434	45:15	w-s045-a015-w010	w-s045-a015-w006	ر ب ب	س و ء	4	1	1	1	29	36	intra_ayah:45:15:root:2
co-45_15-00435	45:15	w-s045-a015-w010	w-s045-a015-w003	ر ب ب	ص ل ح	7	3	3	1	39	46	intra_ayah:45:15:root:3
co-45_15-00436	45:15	w-s045-a015-w010	w-s045-a015-w002	ر ب ب	ع م ل	8	4	4	1	51	69	intra_ayah:45:15:root:4
co-45_15-00437	45:15	w-s045-a015-w010	w-s045-a015-w004	ر ب ب	ن ف س	6	2	2	1	42	54	intra_ayah:45:15:root:5
co-45_15-00438	45:15	w-s045-a015-w011	w-s045-a015-w006	ر ج ع	س و ء	5	2	2	1	2	2	intra_ayah:45:15:root:6
co-45_15-00439	45:15	w-s045-a015-w011	w-s045-a015-w003	ر ج ع	ص ل ح	8	4	4	1	4	4	intra_ayah:45:15:root:7
co-45_15-00440	45:15	w-s045-a015-w011	w-s045-a015-w002	ر ج ع	ع م ل	9	5	5	1	17	20	intra_ayah:45:15:root:8
co-45_15-00441	45:15	w-s045-a015-w011	w-s045-a015-w004	ر ج ع	ن ف س	7	3	3	1	9	9	intra_ayah:45:15:root:9
co-45_16-00442	45:16	w-s045-a016-w002	w-s045-a016-w003	ء ت ي	ب ن ي	1	1	1	1	27	35	intra_ayah:45:16:root:1
co-45_16-00443	45:16	w-s045-a016-w003	w-s045-a016-w008	ب ن ي	ر ز ق	5	4	4	1	7	8	intra_ayah:45:16:root:10
co-45_16-00444	45:16	w-s045-a016-w003	w-s045-a016-w010	ب ن ي	ط ي ب	7	5	5	1	5	5	intra_ayah:45:16:root:11
co-45_16-00445	45:16	w-s045-a016-w003	w-s045-a016-w013	ب ن ي	ع ل م	10	7	7	1	25	44	intra_ayah:45:16:root:12
co-45_16-00446	45:16	w-s045-a016-w003	w-s045-a016-w011	ب ن ي	ف ض ل	8	6	6	1	5	6	intra_ayah:45:16:root:13
co-45_16-00447	45:16	w-s045-a016-w003	w-s045-a016-w005	ب ن ي	ك ت ب	2	1	1	1	16	20	intra_ayah:45:16:root:14
co-45_16-00448	45:16	w-s045-a016-w003	w-s045-a016-w007	ب ن ي	ن ب ء	4	3	3	1	8	20	intra_ayah:45:16:root:15
co-45_16-00449	45:16	w-s045-a016-w006	w-s045-a016-w008	ح ك م	ر ز ق	2	2	2	1	1	1	intra_ayah:45:16:root:16
co-45_16-00450	45:16	w-s045-a016-w006	w-s045-a016-w010	ح ك م	ط ي ب	4	3	3	1	1	1	intra_ayah:45:16:root:17
co-45_16-00451	45:16	w-s045-a016-w006	w-s045-a016-w013	ح ك م	ع ل م	7	5	5	1	71	94	intra_ayah:45:16:root:18
co-45_16-00452	45:16	w-s045-a016-w006	w-s045-a016-w011	ح ك م	ف ض ل	5	4	4	1	7	8	intra_ayah:45:16:root:19
co-45_16-00453	45:16	w-s045-a016-w002	w-s045-a016-w006	ء ت ي	ح ك م	4	3	3	1	26	39	intra_ayah:45:16:root:2
co-45_16-00454	45:16	w-s045-a016-w006	w-s045-a016-w005	ح ك م	ك ت ب	1	1	1	1	31	39	intra_ayah:45:16:root:20
co-45_16-00455	45:16	w-s045-a016-w006	w-s045-a016-w007	ح ك م	ن ب ء	1	1	1	1	10	12	intra_ayah:45:16:root:21
co-45_16-00456	45:16	w-s045-a016-w008	w-s045-a016-w010	ر ز ق	ط ي ب	2	1	1	1	15	18	intra_ayah:45:16:root:22
co-45_16-00457	45:16	w-s045-a016-w008	w-s045-a016-w013	ر ز ق	ع ل م	5	3	3	1	23	25	intra_ayah:45:16:root:23
co-45_16-00458	45:16	w-s045-a016-w008	w-s045-a016-w011	ر ز ق	ف ض ل	3	2	2	1	4	8	intra_ayah:45:16:root:24
co-45_16-00459	45:16	w-s045-a016-w008	w-s045-a016-w005	ر ز ق	ك ت ب	3	3	3	1	3	3	intra_ayah:45:16:root:25
co-45_16-00460	45:16	w-s045-a016-w008	w-s045-a016-w007	ر ز ق	ن ب ء	1	1	1	1	2	2	intra_ayah:45:16:root:26
co-45_16-00461	45:16	w-s045-a016-w010	w-s045-a016-w013	ط ي ب	ع ل م	3	2	2	1	9	11	intra_ayah:45:16:root:27
co-45_16-00462	45:16	w-s045-a016-w010	w-s045-a016-w011	ط ي ب	ف ض ل	1	1	1	1	2	3	intra_ayah:45:16:root:28
co-45_16-00463	45:16	w-s045-a016-w010	w-s045-a016-w005	ط ي ب	ك ت ب	5	4	4	1	3	4	intra_ayah:45:16:root:29
co-45_16-00464	45:16	w-s045-a016-w002	w-s045-a016-w008	ء ت ي	ر ز ق	6	5	5	1	13	17	intra_ayah:45:16:root:3
co-45_16-00465	45:16	w-s045-a016-w010	w-s045-a016-w007	ط ي ب	ن ب ء	3	2	2	1	2	2	intra_ayah:45:16:root:30
co-45_16-00466	45:16	w-s045-a016-w013	w-s045-a016-w011	ع ل م	ف ض ل	2	1	1	1	25	34	intra_ayah:45:16:root:31
co-45_16-00467	45:16	w-s045-a016-w013	w-s045-a016-w005	ع ل م	ك ت ب	8	6	6	1	61	112	intra_ayah:45:16:root:32
co-45_16-00468	45:16	w-s045-a016-w013	w-s045-a016-w007	ع ل م	ن ب ء	6	4	4	1	33	46	intra_ayah:45:16:root:33
co-45_16-00469	45:16	w-s045-a016-w011	w-s045-a016-w005	ف ض ل	ك ت ب	6	5	5	1	8	12	intra_ayah:45:16:root:34
co-45_16-00470	45:16	w-s045-a016-w011	w-s045-a016-w007	ف ض ل	ن ب ء	4	3	3	1	2	2	intra_ayah:45:16:root:35
co-45_16-00471	45:16	w-s045-a016-w005	w-s045-a016-w007	ك ت ب	ن ب ء	2	2	2	1	20	24	intra_ayah:45:16:root:36
co-45_16-00472	45:16	w-s045-a016-w002	w-s045-a016-w010	ء ت ي	ط ي ب	8	6	6	1	4	6	intra_ayah:45:16:root:4
co-45_16-00473	45:16	w-s045-a016-w002	w-s045-a016-w013	ء ت ي	ع ل م	11	8	8	1	86	118	intra_ayah:45:16:root:5
co-45_16-00474	45:16	w-s045-a016-w002	w-s045-a016-w011	ء ت ي	ف ض ل	9	7	7	1	24	36	intra_ayah:45:16:root:6
co-45_16-00475	45:16	w-s045-a016-w002	w-s045-a016-w005	ء ت ي	ك ت ب	3	2	2	1	78	113	intra_ayah:45:16:root:7
co-45_16-00476	45:16	w-s045-a016-w002	w-s045-a016-w007	ء ت ي	ن ب ء	5	4	4	1	34	42	intra_ayah:45:16:root:8
co-45_16-00477	45:16	w-s045-a016-w003	w-s045-a016-w006	ب ن ي	ح ك م	3	2	2	1	7	10	intra_ayah:45:16:root:9
co-45_17-00478	45:17	w-s045-a017-w001	w-s045-a017-w004	ء ت ي	ء م ر	3	2	2	1	32	35	intra_ayah:45:17:root:1
co-45_17-00479	45:17	w-s045-a017-w001	w-s045-a017-w020	ء ت ي	ق و م	19	13	13	1	83	109	intra_ayah:45:17:root:10
co-45_17-00480	45:17	w-s045-a017-w001	w-s045-a017-w022	ء ت ي	ك و ن	21	14	14	1	122	164	intra_ayah:45:17:root:11
co-45_17-00481	45:17	w-s045-a017-w001	w-s045-a017-w019	ء ت ي	ي و م	18	12	12	1	44	59	intra_ayah:45:17:root:12
co-45_17-00482	45:17	w-s045-a017-w004	w-s045-a017-w009	ء م ر	ب ع د	5	2	2	1	14	18	intra_ayah:45:17:root:13
co-45_17-00483	45:17	w-s045-a017-w004	w-s045-a017-w013	ء م ر	ب غ ي	9	5	5	1	7	9	intra_ayah:45:17:root:14
co-45_17-00484	45:17	w-s045-a017-w004	w-s045-a017-w002	ء م ر	ب ي ن	2	1	9	3	26	43	intra_ayah:45:17:root:15
co-45_17-00485	45:17	w-s045-a017-w004	w-s045-a017-w014	ء م ر	ب ي ن	10	1	9	3	26	43	intra_ayah:45:17:root:15
co-45_17-00486	45:17	w-s045-a017-w004	w-s045-a017-w018	ء م ر	ب ي ن	14	1	9	3	26	43	intra_ayah:45:17:root:15
co-45_17-00487	45:17	w-s045-a017-w004	w-s045-a017-w011	ء م ر	ج ي ء	7	3	3	1	19	21	intra_ayah:45:17:root:16
co-45_17-00488	45:17	w-s045-a017-w004	w-s045-a017-w006	ء م ر	خ ل ف	2	1	13	2	9	10	intra_ayah:45:17:root:17
co-45_17-00489	45:17	w-s045-a017-w004	w-s045-a017-w024	ء م ر	خ ل ف	20	1	13	2	9	10	intra_ayah:45:17:root:17
co-45_17-00490	45:17	w-s045-a017-w004	w-s045-a017-w016	ء م ر	ر ب ب	12	7	7	1	47	62	intra_ayah:45:17:root:18
co-45_17-00491	45:17	w-s045-a017-w004	w-s045-a017-w012	ء م ر	ع ل م	8	4	4	1	28	40	intra_ayah:45:17:root:19
co-45_17-00492	45:17	w-s045-a017-w001	w-s045-a017-w009	ء ت ي	ب ع د	8	4	4	1	27	35	intra_ayah:45:17:root:2
co-45_17-00493	45:17	w-s045-a017-w004	w-s045-a017-w017	ء م ر	ق ض ي	13	8	8	1	24	29	intra_ayah:45:17:root:20
co-45_17-00494	45:17	w-s045-a017-w004	w-s045-a017-w020	ء م ر	ق و م	16	11	11	1	29	42	intra_ayah:45:17:root:21
co-45_17-00495	45:17	w-s045-a017-w004	w-s045-a017-w022	ء م ر	ك و ن	18	12	12	1	59	92	intra_ayah:45:17:root:22
co-45_17-00496	45:17	w-s045-a017-w004	w-s045-a017-w019	ء م ر	ي و م	15	10	10	1	11	12	intra_ayah:45:17:root:23
co-45_17-00497	45:17	w-s045-a017-w009	w-s045-a017-w013	ب ع د	ب غ ي	4	3	3	1	8	11	intra_ayah:45:17:root:24
co-45_17-00498	45:17	w-s045-a017-w009	w-s045-a017-w002	ب ع د	ب ي ن	7	3	7	3	44	65	intra_ayah:45:17:root:25
co-45_17-00499	45:17	w-s045-a017-w009	w-s045-a017-w014	ب ع د	ب ي ن	5	3	7	3	44	65	intra_ayah:45:17:root:25
co-45_17-00500	45:17	w-s045-a017-w009	w-s045-a017-w018	ب ع د	ب ي ن	9	3	7	3	44	65	intra_ayah:45:17:root:25
co-45_17-00501	45:17	w-s045-a017-w009	w-s045-a017-w011	ب ع د	ج ي ء	2	1	1	1	34	38	intra_ayah:45:17:root:26
co-45_17-00502	45:17	w-s045-a017-w009	w-s045-a017-w006	ب ع د	خ ل ف	3	1	11	2	18	27	intra_ayah:45:17:root:27
co-45_17-00503	45:17	w-s045-a017-w009	w-s045-a017-w024	ب ع د	خ ل ف	15	1	11	2	18	27	intra_ayah:45:17:root:27
co-45_17-00504	45:17	w-s045-a017-w009	w-s045-a017-w016	ب ع د	ر ب ب	7	5	5	1	33	46	intra_ayah:45:17:root:28
co-45_17-00505	45:17	w-s045-a017-w009	w-s045-a017-w012	ب ع د	ع ل م	3	2	2	1	39	47	intra_ayah:45:17:root:29
co-45_17-00506	45:17	w-s045-a017-w001	w-s045-a017-w013	ء ت ي	ب غ ي	12	7	7	1	15	22	intra_ayah:45:17:root:3
co-45_17-00507	45:17	w-s045-a017-w009	w-s045-a017-w017	ب ع د	ق ض ي	8	6	6	1	3	4	intra_ayah:45:17:root:30
co-45_17-00508	45:17	w-s045-a017-w009	w-s045-a017-w020	ب ع د	ق و م	11	9	9	1	38	49	intra_ayah:45:17:root:31
co-45_17-00509	45:17	w-s045-a017-w009	w-s045-a017-w022	ب ع د	ك و ن	13	10	10	1	50	80	intra_ayah:45:17:root:32
co-45_17-00510	45:17	w-s045-a017-w009	w-s045-a017-w019	ب ع د	ي و م	10	8	8	1	10	11	intra_ayah:45:17:root:33
co-45_17-00511	45:17	w-s045-a017-w013	w-s045-a017-w002	ب غ ي	ب ي ن	11	1	6	3	13	23	intra_ayah:45:17:root:34
co-45_17-00512	45:17	w-s045-a017-w013	w-s045-a017-w014	ب غ ي	ب ي ن	1	1	6	3	13	23	intra_ayah:45:17:root:34
co-45_17-00513	45:17	w-s045-a017-w013	w-s045-a017-w018	ب غ ي	ب ي ن	5	1	6	3	13	23	intra_ayah:45:17:root:34
co-45_17-00514	45:17	w-s045-a017-w013	w-s045-a017-w011	ب غ ي	ج ي ء	2	2	2	1	6	6	intra_ayah:45:17:root:35
co-45_17-00515	45:17	w-s045-a017-w013	w-s045-a017-w006	ب غ ي	خ ل ف	7	4	8	2	4	7	intra_ayah:45:17:root:36
co-45_17-00516	45:17	w-s045-a017-w013	w-s045-a017-w024	ب غ ي	خ ل ف	11	4	8	2	4	7	intra_ayah:45:17:root:36
co-45_17-00517	45:17	w-s045-a017-w013	w-s045-a017-w016	ب غ ي	ر ب ب	3	2	2	1	19	23	intra_ayah:45:17:root:37
co-45_17-00518	45:17	w-s045-a017-w013	w-s045-a017-w012	ب غ ي	ع ل م	1	1	1	1	17	25	intra_ayah:45:17:root:38
co-45_17-00519	45:17	w-s045-a017-w013	w-s045-a017-w017	ب غ ي	ق ض ي	4	3	3	1	3	3	intra_ayah:45:17:root:39
co-45_17-00520	45:17	w-s045-a017-w001	w-s045-a017-w002	ء ت ي	ب ي ن	1	1	11	3	62	81	intra_ayah:45:17:root:4
co-45_17-00521	45:17	w-s045-a017-w001	w-s045-a017-w014	ء ت ي	ب ي ن	13	1	11	3	62	81	intra_ayah:45:17:root:4
co-45_17-00522	45:17	w-s045-a017-w001	w-s045-a017-w018	ء ت ي	ب ي ن	17	1	11	3	62	81	intra_ayah:45:17:root:4
co-45_17-00523	45:17	w-s045-a017-w013	w-s045-a017-w020	ب غ ي	ق و م	7	6	6	1	11	13	intra_ayah:45:17:root:40
co-45_17-00524	45:17	w-s045-a017-w013	w-s045-a017-w022	ب غ ي	ك و ن	9	7	7	1	25	33	intra_ayah:45:17:root:41
co-45_17-00525	45:17	w-s045-a017-w013	w-s045-a017-w019	ب غ ي	ي و م	6	5	5	1	1	1	intra_ayah:45:17:root:42
co-45_17-00526	45:17	w-s045-a017-w002	w-s045-a017-w011	ب ي ن	ج ي ء	9	3	6	3	65	91	intra_ayah:45:17:root:43
co-45_17-00527	45:17	w-s045-a017-w014	w-s045-a017-w011	ب ي ن	ج ي ء	3	3	6	3	65	91	intra_ayah:45:17:root:43
co-45_17-00528	45:17	w-s045-a017-w018	w-s045-a017-w011	ب ي ن	ج ي ء	7	3	6	3	65	91	intra_ayah:45:17:root:43
co-45_17-00529	45:17	w-s045-a017-w002	w-s045-a017-w006	ب ي ن	خ ل ف	4	2	14	6	45	68	intra_ayah:45:17:root:44
co-45_17-00530	45:17	w-s045-a017-w002	w-s045-a017-w024	ب ي ن	خ ل ف	22	2	14	6	45	68	intra_ayah:45:17:root:44
co-45_17-00531	45:17	w-s045-a017-w014	w-s045-a017-w006	ب ي ن	خ ل ف	8	2	14	6	45	68	intra_ayah:45:17:root:44
co-45_17-00532	45:17	w-s045-a017-w014	w-s045-a017-w024	ب ي ن	خ ل ف	10	2	14	6	45	68	intra_ayah:45:17:root:44
co-45_17-00533	45:17	w-s045-a017-w018	w-s045-a017-w006	ب ي ن	خ ل ف	12	2	14	6	45	68	intra_ayah:45:17:root:44
co-45_17-00534	45:17	w-s045-a017-w018	w-s045-a017-w024	ب ي ن	خ ل ف	6	2	14	6	45	68	intra_ayah:45:17:root:44
co-45_17-00535	45:17	w-s045-a017-w002	w-s045-a017-w016	ب ي ن	ر ب ب	14	1	8	3	75	112	intra_ayah:45:17:root:45
co-45_17-00536	45:17	w-s045-a017-w014	w-s045-a017-w016	ب ي ن	ر ب ب	2	1	8	3	75	112	intra_ayah:45:17:root:45
co-45_17-00537	45:17	w-s045-a017-w018	w-s045-a017-w016	ب ي ن	ر ب ب	2	1	8	3	75	112	intra_ayah:45:17:root:45
co-45_17-00538	45:17	w-s045-a017-w002	w-s045-a017-w012	ب ي ن	ع ل م	10	2	5	3	82	119	intra_ayah:45:17:root:46
co-45_17-00539	45:17	w-s045-a017-w014	w-s045-a017-w012	ب ي ن	ع ل م	2	2	5	3	82	119	intra_ayah:45:17:root:46
co-45_17-00540	45:17	w-s045-a017-w018	w-s045-a017-w012	ب ي ن	ع ل م	6	2	5	3	82	119	intra_ayah:45:17:root:46
co-45_17-00541	45:17	w-s045-a017-w002	w-s045-a017-w017	ب ي ن	ق ض ي	15	1	9	3	20	28	intra_ayah:45:17:root:47
co-45_17-00542	45:17	w-s045-a017-w014	w-s045-a017-w017	ب ي ن	ق ض ي	3	1	9	3	20	28	intra_ayah:45:17:root:47
co-45_17-00543	45:17	w-s045-a017-w018	w-s045-a017-w017	ب ي ن	ق ض ي	1	1	9	3	20	28	intra_ayah:45:17:root:47
co-45_17-00544	45:17	w-s045-a017-w002	w-s045-a017-w020	ب ي ن	ق و م	18	2	12	3	67	91	intra_ayah:45:17:root:48
co-45_17-00545	45:17	w-s045-a017-w014	w-s045-a017-w020	ب ي ن	ق و م	6	2	12	3	67	91	intra_ayah:45:17:root:48
co-45_17-00546	45:17	w-s045-a017-w018	w-s045-a017-w020	ب ي ن	ق و م	2	2	12	3	67	91	intra_ayah:45:17:root:48
co-45_17-00547	45:17	w-s045-a017-w002	w-s045-a017-w022	ب ي ن	ك و ن	20	3	13	3	113	177	intra_ayah:45:17:root:49
co-45_17-00548	45:17	w-s045-a017-w014	w-s045-a017-w022	ب ي ن	ك و ن	8	3	13	3	113	177	intra_ayah:45:17:root:49
co-45_17-00549	45:17	w-s045-a017-w018	w-s045-a017-w022	ب ي ن	ك و ن	4	3	13	3	113	177	intra_ayah:45:17:root:49
co-45_17-00550	45:17	w-s045-a017-w001	w-s045-a017-w011	ء ت ي	ج ي ء	10	5	5	1	42	51	intra_ayah:45:17:root:5
co-45_17-00551	45:17	w-s045-a017-w002	w-s045-a017-w019	ب ي ن	ي و م	17	1	11	3	42	51	intra_ayah:45:17:root:50
co-45_17-00552	45:17	w-s045-a017-w014	w-s045-a017-w019	ب ي ن	ي و م	5	1	11	3	42	51	intra_ayah:45:17:root:50
co-45_17-00553	45:17	w-s045-a017-w018	w-s045-a017-w019	ب ي ن	ي و م	1	1	11	3	42	51	intra_ayah:45:17:root:50
co-45_17-00554	45:17	w-s045-a017-w011	w-s045-a017-w006	ج ي ء	خ ل ف	5	2	10	2	11	16	intra_ayah:45:17:root:51
co-45_17-00555	45:17	w-s045-a017-w011	w-s045-a017-w024	ج ي ء	خ ل ف	13	2	10	2	11	16	intra_ayah:45:17:root:51
co-45_17-00556	45:17	w-s045-a017-w011	w-s045-a017-w016	ج ي ء	ر ب ب	5	4	4	1	52	64	intra_ayah:45:17:root:52
co-45_17-00557	45:17	w-s045-a017-w011	w-s045-a017-w012	ج ي ء	ع ل م	1	1	1	1	38	43	intra_ayah:45:17:root:53
co-45_17-00558	45:17	w-s045-a017-w011	w-s045-a017-w017	ج ي ء	ق ض ي	6	5	5	1	7	9	intra_ayah:45:17:root:54
co-45_17-00559	45:17	w-s045-a017-w011	w-s045-a017-w020	ج ي ء	ق و م	9	8	8	1	27	32	intra_ayah:45:17:root:55
co-45_17-00560	45:17	w-s045-a017-w011	w-s045-a017-w022	ج ي ء	ك و ن	11	9	9	1	73	97	intra_ayah:45:17:root:56
co-45_17-00561	45:17	w-s045-a017-w011	w-s045-a017-w019	ج ي ء	ي و م	8	7	7	1	7	7	intra_ayah:45:17:root:57
co-45_17-00562	45:17	w-s045-a017-w006	w-s045-a017-w016	خ ل ف	ر ب ب	10	6	6	2	29	38	intra_ayah:45:17:root:58
co-45_17-00563	45:17	w-s045-a017-w024	w-s045-a017-w016	خ ل ف	ر ب ب	8	6	6	2	29	38	intra_ayah:45:17:root:58
co-45_17-00564	45:17	w-s045-a017-w006	w-s045-a017-w012	خ ل ف	ع ل م	6	3	9	2	21	28	intra_ayah:45:17:root:59
co-45_17-00565	45:17	w-s045-a017-w024	w-s045-a017-w012	خ ل ف	ع ل م	12	3	9	2	21	28	intra_ayah:45:17:root:59
co-45_17-00566	45:17	w-s045-a017-w001	w-s045-a017-w006	ء ت ي	خ ل ف	5	3	15	2	18	22	intra_ayah:45:17:root:6
co-45_17-00567	45:17	w-s045-a017-w001	w-s045-a017-w024	ء ت ي	خ ل ف	23	3	15	2	18	22	intra_ayah:45:17:root:6
co-45_17-00568	45:17	w-s045-a017-w006	w-s045-a017-w017	خ ل ف	ق ض ي	11	5	7	2	7	10	intra_ayah:45:17:root:60
co-45_17-00569	45:17	w-s045-a017-w024	w-s045-a017-w017	خ ل ف	ق ض ي	7	5	7	2	7	10	intra_ayah:45:17:root:60
co-45_17-00570	45:17	w-s045-a017-w006	w-s045-a017-w020	خ ل ف	ق و م	14	2	10	2	28	37	intra_ayah:45:17:root:61
co-45_17-00571	45:17	w-s045-a017-w024	w-s045-a017-w020	خ ل ف	ق و م	4	2	10	2	28	37	intra_ayah:45:17:root:61
co-45_17-00572	45:17	w-s045-a017-w006	w-s045-a017-w022	خ ل ف	ك و ن	16	1	11	2	31	40	intra_ayah:45:17:root:62
co-45_17-00573	45:17	w-s045-a017-w024	w-s045-a017-w022	خ ل ف	ك و ن	2	1	11	2	31	40	intra_ayah:45:17:root:62
co-45_17-00574	45:17	w-s045-a017-w006	w-s045-a017-w019	خ ل ف	ي و م	13	3	9	2	19	22	intra_ayah:45:17:root:63
co-45_17-00575	45:17	w-s045-a017-w024	w-s045-a017-w019	خ ل ف	ي و م	5	3	9	2	19	22	intra_ayah:45:17:root:63
co-45_17-00576	45:17	w-s045-a017-w016	w-s045-a017-w012	ر ب ب	ع ل م	4	3	3	1	129	173	intra_ayah:45:17:root:64
co-45_17-00577	45:17	w-s045-a017-w016	w-s045-a017-w017	ر ب ب	ق ض ي	1	1	1	1	18	19	intra_ayah:45:17:root:65
co-45_17-00578	45:17	w-s045-a017-w016	w-s045-a017-w020	ر ب ب	ق و م	4	4	4	1	112	150	intra_ayah:45:17:root:66
co-45_17-00579	45:17	w-s045-a017-w016	w-s045-a017-w022	ر ب ب	ك و ن	6	5	5	1	159	222	intra_ayah:45:17:root:67
co-45_17-00580	45:17	w-s045-a017-w016	w-s045-a017-w019	ر ب ب	ي و م	3	3	3	1	43	54	intra_ayah:45:17:root:68
co-45_17-00581	45:17	w-s045-a017-w012	w-s045-a017-w017	ع ل م	ق ض ي	5	4	4	1	12	14	intra_ayah:45:17:root:69
co-45_17-00582	45:17	w-s045-a017-w001	w-s045-a017-w016	ء ت ي	ر ب ب	15	9	9	1	78	111	intra_ayah:45:17:root:7
co-45_17-00583	45:17	w-s045-a017-w012	w-s045-a017-w020	ع ل م	ق و م	8	7	7	1	75	97	intra_ayah:45:17:root:70
co-45_17-00584	45:17	w-s045-a017-w012	w-s045-a017-w022	ع ل م	ك و ن	10	8	8	1	157	243	intra_ayah:45:17:root:71
co-45_17-00585	45:17	w-s045-a017-w012	w-s045-a017-w019	ع ل م	ي و م	7	6	6	1	42	57	intra_ayah:45:17:root:72
co-45_17-00586	45:17	w-s045-a017-w017	w-s045-a017-w020	ق ض ي	ق و م	3	3	3	1	7	10	intra_ayah:45:17:root:73
co-45_17-00587	45:17	w-s045-a017-w017	w-s045-a017-w022	ق ض ي	ك و ن	5	4	4	1	22	34	intra_ayah:45:17:root:74
co-45_17-00588	45:17	w-s045-a017-w017	w-s045-a017-w019	ق ض ي	ي و م	2	2	2	1	4	4	intra_ayah:45:17:root:75
co-45_17-00589	45:17	w-s045-a017-w020	w-s045-a017-w022	ق و م	ك و ن	2	1	1	1	131	196	intra_ayah:45:17:root:76
co-45_17-00590	45:17	w-s045-a017-w020	w-s045-a017-w019	ق و م	ي و م	1	1	1	1	104	114	intra_ayah:45:17:root:77
co-45_17-00591	45:17	w-s045-a017-w022	w-s045-a017-w019	ك و ن	ي و م	3	2	2	1	92	120	intra_ayah:45:17:root:78
co-45_17-00592	45:17	w-s045-a017-w001	w-s045-a017-w012	ء ت ي	ع ل م	11	6	6	1	86	118	intra_ayah:45:17:root:8
co-45_17-00593	45:17	w-s045-a017-w001	w-s045-a017-w017	ء ت ي	ق ض ي	16	10	10	1	7	7	intra_ayah:45:17:root:9
co-45_18-00594	45:18	w-s045-a018-w006	w-s045-a018-w007	ء م ر	ت ب ع	1	1	2	2	12	18	intra_ayah:45:18:root:1
co-45_18-00595	45:18	w-s045-a018-w006	w-s045-a018-w009	ء م ر	ت ب ع	3	1	2	2	12	18	intra_ayah:45:18:root:1
co-45_18-00596	45:18	w-s045-a018-w002	w-s045-a018-w004	ج ع ل	ش ر ع	2	1	1	1	2	3	intra_ayah:45:18:root:10
co-45_18-00597	45:18	w-s045-a018-w002	w-s045-a018-w013	ج ع ل	ع ل م	11	6	6	1	41	59	intra_ayah:45:18:root:11
co-45_18-00598	45:18	w-s045-a018-w002	w-s045-a018-w010	ج ع ل	ه و ي	8	5	5	1	5	6	intra_ayah:45:18:root:12
co-45_18-00599	45:18	w-s045-a018-w004	w-s045-a018-w013	ش ر ع	ع ل م	9	5	5	1	1	1	intra_ayah:45:18:root:13
co-45_18-00600	45:18	w-s045-a018-w004	w-s045-a018-w010	ش ر ع	ه و ي	6	4	4	1	2	2	intra_ayah:45:18:root:14
co-45_18-00601	45:18	w-s045-a018-w013	w-s045-a018-w010	ع ل م	ه و ي	3	1	1	1	11	13	intra_ayah:45:18:root:15
co-45_18-00602	45:18	w-s045-a018-w006	w-s045-a018-w002	ء م ر	ج ع ل	4	2	2	1	14	15	intra_ayah:45:18:root:2
co-45_18-00603	45:18	w-s045-a018-w006	w-s045-a018-w004	ء م ر	ش ر ع	2	1	1	1	1	1	intra_ayah:45:18:root:3
co-45_18-00604	45:18	w-s045-a018-w006	w-s045-a018-w013	ء م ر	ع ل م	7	4	4	1	28	40	intra_ayah:45:18:root:4
co-45_18-00605	45:18	w-s045-a018-w006	w-s045-a018-w010	ء م ر	ه و ي	4	3	3	1	5	6	intra_ayah:45:18:root:5
co-45_18-00606	45:18	w-s045-a018-w007	w-s045-a018-w002	ت ب ع	ج ع ل	5	3	4	2	8	11	intra_ayah:45:18:root:6
co-45_18-00607	45:18	w-s045-a018-w009	w-s045-a018-w002	ت ب ع	ج ع ل	7	3	4	2	8	11	intra_ayah:45:18:root:6
co-45_18-00608	45:18	w-s045-a018-w007	w-s045-a018-w004	ت ب ع	ش ر ع	3	2	3	2	2	3	intra_ayah:45:18:root:7
co-45_18-00609	45:18	w-s045-a018-w009	w-s045-a018-w004	ت ب ع	ش ر ع	5	2	3	2	2	3	intra_ayah:45:18:root:7
co-45_18-00610	45:18	w-s045-a018-w007	w-s045-a018-w013	ت ب ع	ع ل م	6	2	3	2	32	48	intra_ayah:45:18:root:8
co-45_18-00611	45:18	w-s045-a018-w009	w-s045-a018-w013	ت ب ع	ع ل م	4	2	3	2	32	48	intra_ayah:45:18:root:8
co-45_18-00612	45:18	w-s045-a018-w007	w-s045-a018-w010	ت ب ع	ه و ي	3	1	2	2	22	30	intra_ayah:45:18:root:9
co-45_18-00613	45:18	w-s045-a018-w009	w-s045-a018-w010	ت ب ع	ه و ي	1	1	2	2	22	30	intra_ayah:45:18:root:9
co-45_19-00614	45:19	w-s045-a019-w006	w-s045-a019-w010	ء ل ه	ب ع ض	4	1	5	4	50	172	intra_ayah:45:19:root:1
co-45_19-00615	45:19	w-s045-a019-w006	w-s045-a019-w012	ء ل ه	ب ع ض	6	1	5	4	50	172	intra_ayah:45:19:root:1
co-45_19-00616	45:19	w-s045-a019-w013	w-s045-a019-w010	ء ل ه	ب ع ض	3	1	5	4	50	172	intra_ayah:45:19:root:1
co-45_19-00617	45:19	w-s045-a019-w013	w-s045-a019-w012	ء ل ه	ب ع ض	1	1	5	4	50	172	intra_ayah:45:19:root:1
co-45_19-00618	45:19	w-s045-a019-w010	w-s045-a019-w015	ب ع ض	و ق ي	5	3	5	2	6	11	intra_ayah:45:19:root:10
co-45_19-00619	45:19	w-s045-a019-w012	w-s045-a019-w015	ب ع ض	و ق ي	3	3	5	2	6	11	intra_ayah:45:19:root:10
co-45_19-00620	45:19	w-s045-a019-w010	w-s045-a019-w011	ب ع ض	و ل ي	1	1	4	4	12	35	intra_ayah:45:19:root:11
co-45_19-00621	45:19	w-s045-a019-w010	w-s045-a019-w014	ب ع ض	و ل ي	4	1	4	4	12	35	intra_ayah:45:19:root:11
co-45_19-00622	45:19	w-s045-a019-w012	w-s045-a019-w011	ب ع ض	و ل ي	1	1	4	4	12	35	intra_ayah:45:19:root:11
co-45_19-00623	45:19	w-s045-a019-w012	w-s045-a019-w014	ب ع ض	و ل ي	2	1	4	4	12	35	intra_ayah:45:19:root:11
co-45_19-00624	45:19	w-s045-a019-w007	w-s045-a019-w009	ش ي ء	ظ ل م	2	1	1	1	25	33	intra_ayah:45:19:root:12
co-45_19-00625	45:19	w-s045-a019-w007	w-s045-a019-w003	ش ي ء	غ ن ي	4	2	2	1	22	24	intra_ayah:45:19:root:13
co-45_19-00626	45:19	w-s045-a019-w007	w-s045-a019-w015	ش ي ء	و ق ي	8	7	7	1	24	30	intra_ayah:45:19:root:14
co-45_19-00627	45:19	w-s045-a019-w007	w-s045-a019-w011	ش ي ء	و ل ي	4	3	6	2	20	29	intra_ayah:45:19:root:15
co-45_19-00628	45:19	w-s045-a019-w007	w-s045-a019-w014	ش ي ء	و ل ي	7	3	6	2	20	29	intra_ayah:45:19:root:15
co-45_19-00629	45:19	w-s045-a019-w009	w-s045-a019-w003	ظ ل م	غ ن ي	6	3	3	1	2	3	intra_ayah:45:19:root:16
co-45_19-00630	45:19	w-s045-a019-w009	w-s045-a019-w015	ظ ل م	و ق ي	6	6	6	1	10	10	intra_ayah:45:19:root:17
co-45_19-00631	45:19	w-s045-a019-w009	w-s045-a019-w011	ظ ل م	و ل ي	2	2	5	2	16	25	intra_ayah:45:19:root:18
co-45_19-00632	45:19	w-s045-a019-w009	w-s045-a019-w014	ظ ل م	و ل ي	5	2	5	2	16	25	intra_ayah:45:19:root:18
co-45_19-00633	45:19	w-s045-a019-w003	w-s045-a019-w015	غ ن ي	و ق ي	12	9	9	1	3	3	intra_ayah:45:19:root:19
co-45_19-00634	45:19	w-s045-a019-w006	w-s045-a019-w007	ء ل ه	ش ي ء	1	1	5	2	282	596	intra_ayah:45:19:root:2
co-45_19-00635	45:19	w-s045-a019-w013	w-s045-a019-w007	ء ل ه	ش ي ء	6	1	5	2	282	596	intra_ayah:45:19:root:2
co-45_19-00636	45:19	w-s045-a019-w003	w-s045-a019-w011	غ ن ي	و ل ي	8	5	8	2	10	14	intra_ayah:45:19:root:20
co-45_19-00637	45:19	w-s045-a019-w003	w-s045-a019-w014	غ ن ي	و ل ي	11	5	8	2	10	14	intra_ayah:45:19:root:20
co-45_19-00638	45:19	w-s045-a019-w015	w-s045-a019-w011	و ق ي	و ل ي	4	1	4	2	9	13	intra_ayah:45:19:root:21
co-45_19-00639	45:19	w-s045-a019-w015	w-s045-a019-w014	و ق ي	و ل ي	1	1	4	2	9	13	intra_ayah:45:19:root:21
co-45_19-00640	45:19	w-s045-a019-w006	w-s045-a019-w009	ء ل ه	ظ ل م	3	2	4	2	131	222	intra_ayah:45:19:root:3
co-45_19-00641	45:19	w-s045-a019-w013	w-s045-a019-w009	ء ل ه	ظ ل م	4	2	4	2	131	222	intra_ayah:45:19:root:3
co-45_19-00642	45:19	w-s045-a019-w006	w-s045-a019-w003	ء ل ه	غ ن ي	3	1	7	2	43	76	intra_ayah:45:19:root:4
co-45_19-00643	45:19	w-s045-a019-w013	w-s045-a019-w003	ء ل ه	غ ن ي	10	1	7	2	43	76	intra_ayah:45:19:root:4
co-45_19-00644	45:19	w-s045-a019-w006	w-s045-a019-w015	ء ل ه	و ق ي	9	2	8	2	135	258	intra_ayah:45:19:root:5
co-45_19-00645	45:19	w-s045-a019-w013	w-s045-a019-w015	ء ل ه	و ق ي	2	2	8	2	135	258	intra_ayah:45:19:root:5
co-45_19-00646	45:19	w-s045-a019-w006	w-s045-a019-w011	ء ل ه	و ل ي	5	1	7	4	124	209	intra_ayah:45:19:root:6
co-45_19-00647	45:19	w-s045-a019-w006	w-s045-a019-w014	ء ل ه	و ل ي	8	1	7	4	124	209	intra_ayah:45:19:root:6
co-45_19-00648	45:19	w-s045-a019-w013	w-s045-a019-w011	ء ل ه	و ل ي	2	1	7	4	124	209	intra_ayah:45:19:root:6
co-45_19-00649	45:19	w-s045-a019-w013	w-s045-a019-w014	ء ل ه	و ل ي	1	1	7	4	124	209	intra_ayah:45:19:root:6
co-45_19-00650	45:19	w-s045-a019-w010	w-s045-a019-w007	ب ع ض	ش ي ء	3	2	4	2	14	28	intra_ayah:45:19:root:7
co-45_19-00651	45:19	w-s045-a019-w012	w-s045-a019-w007	ب ع ض	ش ي ء	5	2	4	2	14	28	intra_ayah:45:19:root:7
co-45_19-00652	45:19	w-s045-a019-w010	w-s045-a019-w009	ب ع ض	ظ ل م	1	1	3	2	9	20	intra_ayah:45:19:root:8
co-45_19-00653	45:19	w-s045-a019-w012	w-s045-a019-w009	ب ع ض	ظ ل م	3	1	3	2	9	20	intra_ayah:45:19:root:8
co-45_19-00654	45:19	w-s045-a019-w010	w-s045-a019-w003	ب ع ض	غ ن ي	7	4	6	2	1	2	intra_ayah:45:19:root:9
co-45_19-00655	45:19	w-s045-a019-w012	w-s045-a019-w003	ب ع ض	غ ن ي	9	4	6	2	1	2	intra_ayah:45:19:root:9
co-45_20-00656	45:20	w-s045-a020-w002	w-s045-a020-w005	ب ص ر	ر ح م	3	3	3	1	6	6	intra_ayah:45:20:root:1
co-45_20-00657	45:20	w-s045-a020-w006	w-s045-a020-w003	ق و م	ن و س	3	3	3	1	28	34	intra_ayah:45:20:root:10
co-45_20-00658	45:20	w-s045-a020-w006	w-s045-a020-w004	ق و م	ه د ي	2	2	2	1	66	79	intra_ayah:45:20:root:11
co-45_20-00659	45:20	w-s045-a020-w006	w-s045-a020-w007	ق و م	ي ق ن	1	1	1	1	6	6	intra_ayah:45:20:root:12
co-45_20-00660	45:20	w-s045-a020-w003	w-s045-a020-w004	ن و س	ه د ي	1	1	1	1	29	36	intra_ayah:45:20:root:13
co-45_20-00661	45:20	w-s045-a020-w003	w-s045-a020-w007	ن و س	ي ق ن	4	4	4	1	2	2	intra_ayah:45:20:root:14
co-45_20-00662	45:20	w-s045-a020-w004	w-s045-a020-w007	ه د ي	ي ق ن	3	3	3	1	3	3	intra_ayah:45:20:root:15
co-45_20-00663	45:20	w-s045-a020-w002	w-s045-a020-w006	ب ص ر	ق و م	4	4	4	1	16	18	intra_ayah:45:20:root:2
co-45_20-00664	45:20	w-s045-a020-w002	w-s045-a020-w003	ب ص ر	ن و س	1	1	1	1	7	8	intra_ayah:45:20:root:3
co-45_20-00665	45:20	w-s045-a020-w002	w-s045-a020-w004	ب ص ر	ه د ي	2	2	2	1	7	7	intra_ayah:45:20:root:4
co-45_20-00666	45:20	w-s045-a020-w002	w-s045-a020-w007	ب ص ر	ي ق ن	5	5	5	1	2	2	intra_ayah:45:20:root:5
co-45_20-00667	45:20	w-s045-a020-w005	w-s045-a020-w006	ر ح م	ق و م	1	1	1	1	31	33	intra_ayah:45:20:root:6
co-45_20-00668	45:20	w-s045-a020-w005	w-s045-a020-w003	ر ح م	ن و س	2	2	2	1	18	19	intra_ayah:45:20:root:7
co-45_20-00669	45:20	w-s045-a020-w005	w-s045-a020-w004	ر ح م	ه د ي	1	1	1	1	22	23	intra_ayah:45:20:root:8
co-45_20-00670	45:20	w-s045-a020-w005	w-s045-a020-w007	ر ح م	ي ق ن	2	2	2	1	1	1	intra_ayah:45:20:root:9
co-45_21-00671	45:21	w-s045-a021-w009	w-s045-a021-w004	ء م ن	ج ر ح	5	3	3	1	1	1	intra_ayah:45:21:root:1
co-45_21-00672	45:21	w-s045-a021-w009	w-s045-a021-w014	ء م ن	م و ت	5	5	5	1	14	18	intra_ayah:45:21:root:10
co-45_21-00673	45:21	w-s045-a021-w004	w-s045-a021-w007	ج ر ح	ج ع ل	3	2	2	1	1	1	intra_ayah:45:21:root:11
co-45_21-00674	45:21	w-s045-a021-w004	w-s045-a021-w002	ج ر ح	ح س ب	2	1	1	1	2	2	intra_ayah:45:21:root:12
co-45_21-00675	45:21	w-s045-a021-w004	w-s045-a021-w017	ج ر ح	ح ك م	13	10	10	1	2	2	intra_ayah:45:21:root:13
co-45_21-00676	45:21	w-s045-a021-w004	w-s045-a021-w013	ج ر ح	ح ي ي	9	7	7	1	1	1	intra_ayah:45:21:root:14
co-45_21-00677	45:21	w-s045-a021-w004	w-s045-a021-w005	ج ر ح	س و ء	1	1	9	2	1	2	intra_ayah:45:21:root:15
co-45_21-00678	45:21	w-s045-a021-w004	w-s045-a021-w015	ج ر ح	س و ء	11	1	9	2	1	2	intra_ayah:45:21:root:15
co-45_21-00679	45:21	w-s045-a021-w004	w-s045-a021-w012	ج ر ح	س و ي	8	6	6	1	1	1	intra_ayah:45:21:root:16
co-45_21-00680	45:21	w-s045-a021-w004	w-s045-a021-w011	ج ر ح	ص ل ح	7	5	5	1	1	1	intra_ayah:45:21:root:17
co-45_21-00681	45:21	w-s045-a021-w004	w-s045-a021-w010	ج ر ح	ع م ل	6	4	4	1	2	2	intra_ayah:45:21:root:18
co-45_21-00682	45:21	w-s045-a021-w004	w-s045-a021-w014	ج ر ح	م و ت	10	8	8	1	1	1	intra_ayah:45:21:root:19
co-45_21-00683	45:21	w-s045-a021-w009	w-s045-a021-w007	ء م ن	ج ع ل	2	1	1	1	41	59	intra_ayah:45:21:root:2
co-45_21-00684	45:21	w-s045-a021-w007	w-s045-a021-w002	ج ع ل	ح س ب	5	3	3	1	6	8	intra_ayah:45:21:root:20
co-45_21-00685	45:21	w-s045-a021-w007	w-s045-a021-w017	ج ع ل	ح ك م	10	8	8	1	15	16	intra_ayah:45:21:root:21
co-45_21-00686	45:21	w-s045-a021-w007	w-s045-a021-w013	ج ع ل	ح ي ي	6	5	5	1	9	9	intra_ayah:45:21:root:22
co-45_21-00687	45:21	w-s045-a021-w007	w-s045-a021-w005	ج ع ل	س و ء	2	1	7	2	5	6	intra_ayah:45:21:root:23
co-45_21-00688	45:21	w-s045-a021-w007	w-s045-a021-w015	ج ع ل	س و ء	8	1	7	2	5	6	intra_ayah:45:21:root:23
co-45_21-00689	45:21	w-s045-a021-w007	w-s045-a021-w012	ج ع ل	س و ي	5	4	4	1	10	11	intra_ayah:45:21:root:24
co-45_21-00690	45:21	w-s045-a021-w007	w-s045-a021-w011	ج ع ل	ص ل ح	4	3	3	1	9	10	intra_ayah:45:21:root:25
co-45_21-00691	45:21	w-s045-a021-w007	w-s045-a021-w010	ج ع ل	ع م ل	3	2	2	1	10	13	intra_ayah:45:21:root:26
co-45_21-00692	45:21	w-s045-a021-w007	w-s045-a021-w014	ج ع ل	م و ت	7	6	6	1	8	10	intra_ayah:45:21:root:27
co-45_21-00693	45:21	w-s045-a021-w002	w-s045-a021-w017	ح س ب	ح ك م	15	11	11	1	5	6	intra_ayah:45:21:root:28
co-45_21-00694	45:21	w-s045-a021-w002	w-s045-a021-w013	ح س ب	ح ي ي	11	8	8	1	7	11	intra_ayah:45:21:root:29
co-45_21-00695	45:21	w-s045-a021-w009	w-s045-a021-w002	ء م ن	ح س ب	7	4	4	1	14	14	intra_ayah:45:21:root:3
co-45_21-00696	45:21	w-s045-a021-w002	w-s045-a021-w005	ح س ب	س و ء	3	2	10	2	6	8	intra_ayah:45:21:root:30
co-45_21-00697	45:21	w-s045-a021-w002	w-s045-a021-w015	ح س ب	س و ء	13	2	10	2	6	8	intra_ayah:45:21:root:30
co-45_21-00698	45:21	w-s045-a021-w002	w-s045-a021-w012	ح س ب	س و ي	10	7	7	1	1	1	intra_ayah:45:21:root:31
co-45_21-00699	45:21	w-s045-a021-w002	w-s045-a021-w011	ح س ب	ص ل ح	9	6	6	1	2	2	intra_ayah:45:21:root:32
co-45_21-00700	45:21	w-s045-a021-w002	w-s045-a021-w010	ح س ب	ع م ل	8	5	5	1	9	12	intra_ayah:45:21:root:33
co-45_21-00701	45:21	w-s045-a021-w002	w-s045-a021-w014	ح س ب	م و ت	12	9	9	1	3	4	intra_ayah:45:21:root:34
co-45_21-00702	45:21	w-s045-a021-w017	w-s045-a021-w013	ح ك م	ح ي ي	4	3	3	1	2	2	intra_ayah:45:21:root:35
co-45_21-00703	45:21	w-s045-a021-w017	w-s045-a021-w005	ح ك م	س و ء	12	1	9	2	7	10	intra_ayah:45:21:root:36
co-45_21-00704	45:21	w-s045-a021-w017	w-s045-a021-w015	ح ك م	س و ء	2	1	9	2	7	10	intra_ayah:45:21:root:36
co-45_21-00705	45:21	w-s045-a021-w017	w-s045-a021-w012	ح ك م	س و ي	5	4	4	1	3	3	intra_ayah:45:21:root:37
co-45_21-00706	45:21	w-s045-a021-w017	w-s045-a021-w011	ح ك م	ص ل ح	6	5	5	1	7	9	intra_ayah:45:21:root:38
co-45_21-00707	45:21	w-s045-a021-w017	w-s045-a021-w010	ح ك م	ع م ل	7	6	6	1	6	6	intra_ayah:45:21:root:39
co-45_21-00708	45:21	w-s045-a021-w009	w-s045-a021-w017	ء م ن	ح ك م	8	7	7	1	28	54	intra_ayah:45:21:root:4
co-45_21-00709	45:21	w-s045-a021-w017	w-s045-a021-w014	ح ك م	م و ت	3	2	2	1	5	5	intra_ayah:45:21:root:40
co-45_21-00710	45:21	w-s045-a021-w013	w-s045-a021-w005	ح ي ي	س و ء	8	2	6	2	4	5	intra_ayah:45:21:root:41
co-45_21-00711	45:21	w-s045-a021-w013	w-s045-a021-w015	ح ي ي	س و ء	2	2	6	2	4	5	intra_ayah:45:21:root:41
co-45_21-00712	45:21	w-s045-a021-w013	w-s045-a021-w012	ح ي ي	س و ي	1	1	1	1	2	2	intra_ayah:45:21:root:42
co-45_21-00713	45:21	w-s045-a021-w013	w-s045-a021-w011	ح ي ي	ص ل ح	2	2	2	1	4	5	intra_ayah:45:21:root:43
co-45_21-00714	45:21	w-s045-a021-w013	w-s045-a021-w010	ح ي ي	ع م ل	3	3	3	1	11	14	intra_ayah:45:21:root:44
co-45_21-00715	45:21	w-s045-a021-w013	w-s045-a021-w014	ح ي ي	م و ت	1	1	1	1	65	99	intra_ayah:45:21:root:45
co-45_21-00716	45:21	w-s045-a021-w005	w-s045-a021-w012	س و ء	س و ي	7	3	5	2	4	5	intra_ayah:45:21:root:46
co-45_21-00717	45:21	w-s045-a021-w015	w-s045-a021-w012	س و ء	س و ي	3	3	5	2	4	5	intra_ayah:45:21:root:46
co-45_21-00718	45:21	w-s045-a021-w005	w-s045-a021-w011	س و ء	ص ل ح	6	4	4	2	16	19	intra_ayah:45:21:root:47
co-45_21-00719	45:21	w-s045-a021-w015	w-s045-a021-w011	س و ء	ص ل ح	4	4	4	2	16	19	intra_ayah:45:21:root:47
co-45_21-00720	45:21	w-s045-a021-w005	w-s045-a021-w010	س و ء	ع م ل	5	3	5	2	42	55	intra_ayah:45:21:root:48
co-45_21-00721	45:21	w-s045-a021-w015	w-s045-a021-w010	س و ء	ع م ل	5	3	5	2	42	55	intra_ayah:45:21:root:48
co-45_21-00722	45:21	w-s045-a021-w005	w-s045-a021-w014	س و ء	م و ت	9	1	7	2	3	5	intra_ayah:45:21:root:49
co-45_21-00723	45:21	w-s045-a021-w015	w-s045-a021-w014	س و ء	م و ت	1	1	7	2	3	5	intra_ayah:45:21:root:49
co-45_21-00724	45:21	w-s045-a021-w009	w-s045-a021-w013	ء م ن	ح ي ي	4	4	4	1	23	30	intra_ayah:45:21:root:5
co-45_21-00725	45:21	w-s045-a021-w012	w-s045-a021-w011	س و ي	ص ل ح	1	1	1	1	3	3	intra_ayah:45:21:root:50
co-45_21-00726	45:21	w-s045-a021-w012	w-s045-a021-w010	س و ي	ع م ل	2	2	2	1	6	6	intra_ayah:45:21:root:51
co-45_21-00727	45:21	w-s045-a021-w012	w-s045-a021-w014	س و ي	م و ت	2	2	2	1	2	2	intra_ayah:45:21:root:52
co-45_21-00728	45:21	w-s045-a021-w011	w-s045-a021-w010	ص ل ح	ع م ل	1	1	1	1	93	118	intra_ayah:45:21:root:53
co-45_21-00729	45:21	w-s045-a021-w011	w-s045-a021-w014	ص ل ح	م و ت	3	3	3	1	2	2	intra_ayah:45:21:root:54
co-45_21-00730	45:21	w-s045-a021-w010	w-s045-a021-w014	ع م ل	م و ت	4	4	4	1	9	11	intra_ayah:45:21:root:55
co-45_21-00731	45:21	w-s045-a021-w009	w-s045-a021-w005	ء م ن	س و ء	4	2	6	2	24	30	intra_ayah:45:21:root:6
co-45_21-00732	45:21	w-s045-a021-w009	w-s045-a021-w015	ء م ن	س و ء	6	2	6	2	24	30	intra_ayah:45:21:root:6
co-45_21-00733	45:21	w-s045-a021-w009	w-s045-a021-w012	ء م ن	س و ي	3	3	3	1	11	12	intra_ayah:45:21:root:7
co-45_21-00734	45:21	w-s045-a021-w009	w-s045-a021-w011	ء م ن	ص ل ح	2	2	2	1	82	102	intra_ayah:45:21:root:8
co-45_21-00735	45:21	w-s045-a021-w009	w-s045-a021-w010	ء م ن	ع م ل	1	1	1	1	101	139	intra_ayah:45:21:root:9
co-45_22-00736	45:22	w-s045-a022-w004	w-s045-a022-w002	ء ر ض	ء ل ه	2	2	2	1	215	380	intra_ayah:45:22:root:1
co-45_22-00737	45:22	w-s045-a022-w002	w-s045-a022-w006	ء ل ه	ج ز ي	4	4	4	1	38	54	intra_ayah:45:22:root:10
co-45_22-00738	45:22	w-s045-a022-w002	w-s045-a022-w005	ء ل ه	ح ق ق	3	3	3	1	120	236	intra_ayah:45:22:root:11
co-45_22-00739	45:22	w-s045-a022-w002	w-s045-a022-w001	ء ل ه	خ ل ق	1	1	1	1	82	162	intra_ayah:45:22:root:12
co-45_22-00740	45:22	w-s045-a022-w002	w-s045-a022-w003	ء ل ه	س م و	1	1	1	1	185	319	intra_ayah:45:22:root:13
co-45_22-00741	45:22	w-s045-a022-w002	w-s045-a022-w013	ء ل ه	ظ ل م	11	8	8	1	131	222	intra_ayah:45:22:root:14
co-45_22-00742	45:22	w-s045-a022-w002	w-s045-a022-w010	ء ل ه	ك س ب	8	7	7	1	26	44	intra_ayah:45:22:root:15
co-45_22-00743	45:22	w-s045-a022-w002	w-s045-a022-w007	ء ل ه	ك ل ل	5	5	5	1	149	285	intra_ayah:45:22:root:16
co-45_22-00744	45:22	w-s045-a022-w002	w-s045-a022-w008	ء ل ه	ن ف س	6	6	6	1	139	272	intra_ayah:45:22:root:17
co-45_22-00745	45:22	w-s045-a022-w006	w-s045-a022-w005	ج ز ي	ح ق ق	1	1	1	1	6	7	intra_ayah:45:22:root:18
co-45_22-00746	45:22	w-s045-a022-w006	w-s045-a022-w001	ج ز ي	خ ل ق	5	5	5	1	3	3	intra_ayah:45:22:root:19
co-45_22-00747	45:22	w-s045-a022-w004	w-s045-a022-w006	ء ر ض	ج ز ي	2	2	2	1	4	6	intra_ayah:45:22:root:2
co-45_22-00748	45:22	w-s045-a022-w006	w-s045-a022-w003	ج ز ي	س م و	3	3	3	1	5	7	intra_ayah:45:22:root:20
co-45_22-00749	45:22	w-s045-a022-w006	w-s045-a022-w013	ج ز ي	ظ ل م	7	4	4	1	16	20	intra_ayah:45:22:root:21
co-45_22-00750	45:22	w-s045-a022-w006	w-s045-a022-w010	ج ز ي	ك س ب	4	3	3	1	10	10	intra_ayah:45:22:root:22
co-45_22-00751	45:22	w-s045-a022-w006	w-s045-a022-w007	ج ز ي	ك ل ل	1	1	1	1	9	10	intra_ayah:45:22:root:23
co-45_22-00752	45:22	w-s045-a022-w006	w-s045-a022-w008	ج ز ي	ن ف س	2	2	2	1	11	13	intra_ayah:45:22:root:24
co-45_22-00753	45:22	w-s045-a022-w005	w-s045-a022-w001	ح ق ق	خ ل ق	4	4	4	1	16	18	intra_ayah:45:22:root:25
co-45_22-00754	45:22	w-s045-a022-w005	w-s045-a022-w003	ح ق ق	س م و	2	2	2	1	23	28	intra_ayah:45:22:root:26
co-45_22-00755	45:22	w-s045-a022-w005	w-s045-a022-w013	ح ق ق	ظ ل م	8	5	5	1	15	19	intra_ayah:45:22:root:27
co-45_22-00756	45:22	w-s045-a022-w005	w-s045-a022-w010	ح ق ق	ك س ب	5	4	4	1	1	1	intra_ayah:45:22:root:28
co-45_22-00757	45:22	w-s045-a022-w005	w-s045-a022-w007	ح ق ق	ك ل ل	2	2	2	1	23	25	intra_ayah:45:22:root:29
co-45_22-00758	45:22	w-s045-a022-w004	w-s045-a022-w005	ء ر ض	ح ق ق	1	1	1	1	30	31	intra_ayah:45:22:root:3
co-45_22-00759	45:22	w-s045-a022-w005	w-s045-a022-w008	ح ق ق	ن ف س	3	3	3	1	22	25	intra_ayah:45:22:root:30
co-45_22-00760	45:22	w-s045-a022-w001	w-s045-a022-w003	خ ل ق	س م و	2	2	2	1	66	93	intra_ayah:45:22:root:31
co-45_22-00761	45:22	w-s045-a022-w001	w-s045-a022-w013	خ ل ق	ظ ل م	12	9	9	1	8	16	intra_ayah:45:22:root:32
co-45_22-00762	45:22	w-s045-a022-w001	w-s045-a022-w010	خ ل ق	ك س ب	9	8	8	1	1	1	intra_ayah:45:22:root:33
co-45_22-00763	45:22	w-s045-a022-w001	w-s045-a022-w007	خ ل ق	ك ل ل	6	6	6	1	29	44	intra_ayah:45:22:root:34
co-45_22-00764	45:22	w-s045-a022-w001	w-s045-a022-w008	خ ل ق	ن ف س	7	7	7	1	15	24	intra_ayah:45:22:root:35
co-45_22-00765	45:22	w-s045-a022-w003	w-s045-a022-w013	س م و	ظ ل م	10	7	7	1	15	17	intra_ayah:45:22:root:36
co-45_22-00766	45:22	w-s045-a022-w003	w-s045-a022-w010	س م و	ك س ب	7	6	6	1	5	5	intra_ayah:45:22:root:37
co-45_22-00767	45:22	w-s045-a022-w003	w-s045-a022-w007	س م و	ك ل ل	4	4	4	1	50	64	intra_ayah:45:22:root:38
co-45_22-00768	45:22	w-s045-a022-w003	w-s045-a022-w008	س م و	ن ف س	5	5	5	1	12	15	intra_ayah:45:22:root:39
co-45_22-00769	45:22	w-s045-a022-w004	w-s045-a022-w001	ء ر ض	خ ل ق	3	3	3	1	64	83	intra_ayah:45:22:root:4
co-45_22-00770	45:22	w-s045-a022-w013	w-s045-a022-w010	ظ ل م	ك س ب	3	1	1	1	11	12	intra_ayah:45:22:root:40
co-45_22-00771	45:22	w-s045-a022-w013	w-s045-a022-w007	ظ ل م	ك ل ل	6	3	3	1	21	27	intra_ayah:45:22:root:41
co-45_22-00772	45:22	w-s045-a022-w013	w-s045-a022-w008	ظ ل م	ن ف س	5	2	2	1	55	75	intra_ayah:45:22:root:42
co-45_22-00773	45:22	w-s045-a022-w010	w-s045-a022-w007	ك س ب	ك ل ل	3	2	2	1	14	17	intra_ayah:45:22:root:43
co-45_22-00774	45:22	w-s045-a022-w010	w-s045-a022-w008	ك س ب	ن ف س	2	1	1	1	15	19	intra_ayah:45:22:root:44
co-45_22-00775	45:22	w-s045-a022-w007	w-s045-a022-w008	ك ل ل	ن ف س	1	1	1	1	41	52	intra_ayah:45:22:root:45
co-45_22-00776	45:22	w-s045-a022-w004	w-s045-a022-w003	ء ر ض	س م و	1	1	1	1	224	263	intra_ayah:45:22:root:5
co-45_22-00777	45:22	w-s045-a022-w004	w-s045-a022-w013	ء ر ض	ظ ل م	9	6	6	1	18	24	intra_ayah:45:22:root:6
co-45_22-00778	45:22	w-s045-a022-w004	w-s045-a022-w010	ء ر ض	ك س ب	6	5	5	1	7	8	intra_ayah:45:22:root:7
co-45_22-00779	45:22	w-s045-a022-w004	w-s045-a022-w007	ء ر ض	ك ل ل	3	3	3	1	62	70	intra_ayah:45:22:root:8
co-45_22-00780	45:22	w-s045-a022-w004	w-s045-a022-w008	ء ر ض	ن ف س	4	4	4	1	23	30	intra_ayah:45:22:root:9
co-45_23-00781	45:23	w-s045-a023-w003	w-s045-a023-w004	ء خ ذ	ء ل ه	1	1	14	3	113	204	intra_ayah:45:23:root:1
co-45_23-00782	45:23	w-s045-a023-w003	w-s045-a023-w007	ء خ ذ	ء ل ه	4	1	14	3	113	204	intra_ayah:45:23:root:1
co-45_23-00783	45:23	w-s045-a023-w003	w-s045-a023-w022	ء خ ذ	ء ل ه	19	1	14	3	113	204	intra_ayah:45:23:root:1
co-45_23-00784	45:23	w-s045-a023-w003	w-s045-a023-w009	ء خ ذ	ع ل م	6	5	5	1	24	33	intra_ayah:45:23:root:10
co-45_23-00785	45:23	w-s045-a023-w017	w-s045-a023-w013	غ ش و	ق ل ب	4	3	3	1	5	5	intra_ayah:45:23:root:100
co-45_23-00786	45:23	w-s045-a023-w017	w-s045-a023-w019	غ ش و	ه د ي	2	1	1	1	1	1	intra_ayah:45:23:root:101
co-45_23-00787	45:23	w-s045-a023-w017	w-s045-a023-w005	غ ش و	ه و ي	12	9	9	1	1	1	intra_ayah:45:23:root:102
co-45_23-00788	45:23	w-s045-a023-w013	w-s045-a023-w019	ق ل ب	ه د ي	6	4	4	1	13	16	intra_ayah:45:23:root:103
co-45_23-00789	45:23	w-s045-a023-w013	w-s045-a023-w005	ق ل ب	ه و ي	8	6	6	1	3	3	intra_ayah:45:23:root:104
co-45_23-00790	45:23	w-s045-a023-w019	w-s045-a023-w005	ه د ي	ه و ي	14	10	10	1	7	14	intra_ayah:45:23:root:105
co-45_23-00791	45:23	w-s045-a023-w003	w-s045-a023-w017	ء خ ذ	غ ش و	14	11	11	1	1	1	intra_ayah:45:23:root:11
co-45_23-00792	45:23	w-s045-a023-w003	w-s045-a023-w013	ء خ ذ	ق ل ب	10	8	8	1	8	11	intra_ayah:45:23:root:12
co-45_23-00793	45:23	w-s045-a023-w003	w-s045-a023-w019	ء خ ذ	ه د ي	16	12	12	1	10	13	intra_ayah:45:23:root:13
co-45_23-00794	45:23	w-s045-a023-w003	w-s045-a023-w005	ء خ ذ	ه و ي	2	2	2	1	3	3	intra_ayah:45:23:root:14
co-45_23-00795	45:23	w-s045-a023-w004	w-s045-a023-w016	ء ل ه	ب ص ر	12	4	9	3	60	102	intra_ayah:45:23:root:15
co-45_23-00796	45:23	w-s045-a023-w007	w-s045-a023-w016	ء ل ه	ب ص ر	9	4	9	3	60	102	intra_ayah:45:23:root:15
co-45_23-00797	45:23	w-s045-a023-w022	w-s045-a023-w016	ء ل ه	ب ص ر	6	4	9	3	60	102	intra_ayah:45:23:root:15
co-45_23-00798	45:23	w-s045-a023-w004	w-s045-a023-w021	ء ل ه	ب ع د	17	1	12	3	112	209	intra_ayah:45:23:root:16
co-45_23-00799	45:23	w-s045-a023-w007	w-s045-a023-w021	ء ل ه	ب ع د	14	1	12	3	112	209	intra_ayah:45:23:root:16
co-45_23-00800	45:23	w-s045-a023-w022	w-s045-a023-w021	ء ل ه	ب ع د	1	1	12	3	112	209	intra_ayah:45:23:root:16
co-45_23-00801	45:23	w-s045-a023-w004	w-s045-a023-w014	ء ل ه	ج ع ل	10	5	8	3	118	237	intra_ayah:45:23:root:17
co-45_23-00802	45:23	w-s045-a023-w007	w-s045-a023-w014	ء ل ه	ج ع ل	7	5	8	3	118	237	intra_ayah:45:23:root:17
co-45_23-00803	45:23	w-s045-a023-w022	w-s045-a023-w014	ء ل ه	ج ع ل	8	5	8	3	118	237	intra_ayah:45:23:root:17
co-45_23-00804	45:23	w-s045-a023-w004	w-s045-a023-w010	ء ل ه	خ ت م	6	2	8	3	5	12	intra_ayah:45:23:root:18
co-45_23-00805	45:23	w-s045-a023-w007	w-s045-a023-w010	ء ل ه	خ ت م	3	2	8	3	5	12	intra_ayah:45:23:root:18
co-45_23-00806	45:23	w-s045-a023-w022	w-s045-a023-w010	ء ل ه	خ ت م	12	2	8	3	5	12	intra_ayah:45:23:root:18
co-45_23-00807	45:23	w-s045-a023-w004	w-s045-a023-w024	ء ل ه	ذ ك ر	20	1	14	3	91	166	intra_ayah:45:23:root:19
co-45_23-00808	45:23	w-s045-a023-w007	w-s045-a023-w024	ء ل ه	ذ ك ر	17	1	14	3	91	166	intra_ayah:45:23:root:19
co-45_23-00809	45:23	w-s045-a023-w022	w-s045-a023-w024	ء ل ه	ذ ك ر	2	1	14	3	91	166	intra_ayah:45:23:root:19
co-45_23-00810	45:23	w-s045-a023-w003	w-s045-a023-w016	ء خ ذ	ب ص ر	13	10	10	1	5	5	intra_ayah:45:23:root:2
co-45_23-00811	45:23	w-s045-a023-w004	w-s045-a023-w001	ء ل ه	ر ء ي	3	2	15	3	121	204	intra_ayah:45:23:root:20
co-45_23-00812	45:23	w-s045-a023-w007	w-s045-a023-w001	ء ل ه	ر ء ي	6	2	15	3	121	204	intra_ayah:45:23:root:20
co-45_23-00813	45:23	w-s045-a023-w022	w-s045-a023-w001	ء ل ه	ر ء ي	21	2	15	3	121	204	intra_ayah:45:23:root:20
co-45_23-00814	45:23	w-s045-a023-w004	w-s045-a023-w012	ء ل ه	س م ع	8	3	7	3	70	128	intra_ayah:45:23:root:21
co-45_23-00815	45:23	w-s045-a023-w007	w-s045-a023-w012	ء ل ه	س م ع	5	3	7	3	70	128	intra_ayah:45:23:root:21
co-45_23-00816	45:23	w-s045-a023-w022	w-s045-a023-w012	ء ل ه	س م ع	10	3	7	3	70	128	intra_ayah:45:23:root:21
co-45_23-00817	45:23	w-s045-a023-w004	w-s045-a023-w006	ء ل ه	ض ل ل	2	1	11	3	80	152	intra_ayah:45:23:root:22
co-45_23-00818	45:23	w-s045-a023-w007	w-s045-a023-w006	ء ل ه	ض ل ل	1	1	11	3	80	152	intra_ayah:45:23:root:22
co-45_23-00819	45:23	w-s045-a023-w022	w-s045-a023-w006	ء ل ه	ض ل ل	16	1	11	3	80	152	intra_ayah:45:23:root:22
co-45_23-00820	45:23	w-s045-a023-w004	w-s045-a023-w009	ء ل ه	ع ل م	5	1	9	3	408	878	intra_ayah:45:23:root:23
co-45_23-00821	45:23	w-s045-a023-w007	w-s045-a023-w009	ء ل ه	ع ل م	2	1	9	3	408	878	intra_ayah:45:23:root:23
co-45_23-00822	45:23	w-s045-a023-w022	w-s045-a023-w009	ء ل ه	ع ل م	13	1	9	3	408	878	intra_ayah:45:23:root:23
co-45_23-00823	45:23	w-s045-a023-w004	w-s045-a023-w017	ء ل ه	غ ش و	13	3	10	3	10	17	intra_ayah:45:23:root:24
co-45_23-00824	45:23	w-s045-a023-w007	w-s045-a023-w017	ء ل ه	غ ش و	10	3	10	3	10	17	intra_ayah:45:23:root:24
co-45_23-00825	45:23	w-s045-a023-w022	w-s045-a023-w017	ء ل ه	غ ش و	5	3	10	3	10	17	intra_ayah:45:23:root:24
co-45_23-00826	45:23	w-s045-a023-w004	w-s045-a023-w013	ء ل ه	ق ل ب	9	4	7	3	94	178	intra_ayah:45:23:root:25
co-45_23-00827	45:23	w-s045-a023-w007	w-s045-a023-w013	ء ل ه	ق ل ب	6	4	7	3	94	178	intra_ayah:45:23:root:25
co-45_23-00828	45:23	w-s045-a023-w022	w-s045-a023-w013	ء ل ه	ق ل ب	9	4	7	3	94	178	intra_ayah:45:23:root:25
co-45_23-00829	45:23	w-s045-a023-w004	w-s045-a023-w019	ء ل ه	ه د ي	15	2	11	3	130	296	intra_ayah:45:23:root:26
co-45_23-00830	45:23	w-s045-a023-w007	w-s045-a023-w019	ء ل ه	ه د ي	12	2	11	3	130	296	intra_ayah:45:23:root:26
co-45_23-00831	45:23	w-s045-a023-w022	w-s045-a023-w019	ء ل ه	ه د ي	3	2	11	3	130	296	intra_ayah:45:23:root:26
co-45_23-00832	45:23	w-s045-a023-w004	w-s045-a023-w005	ء ل ه	ه و ي	1	1	12	3	18	36	intra_ayah:45:23:root:27
co-45_23-00833	45:23	w-s045-a023-w007	w-s045-a023-w005	ء ل ه	ه و ي	2	1	12	3	18	36	intra_ayah:45:23:root:27
co-45_23-00834	45:23	w-s045-a023-w022	w-s045-a023-w005	ء ل ه	ه و ي	17	1	12	3	18	36	intra_ayah:45:23:root:27
co-45_23-00835	45:23	w-s045-a023-w016	w-s045-a023-w021	ب ص ر	ب ع د	5	3	3	1	4	4	intra_ayah:45:23:root:28
co-45_23-00836	45:23	w-s045-a023-w016	w-s045-a023-w014	ب ص ر	ج ع ل	2	1	1	1	18	20	intra_ayah:45:23:root:29
co-45_23-00837	45:23	w-s045-a023-w003	w-s045-a023-w021	ء خ ذ	ب ع د	18	13	13	1	15	20	intra_ayah:45:23:root:3
co-45_23-00838	45:23	w-s045-a023-w016	w-s045-a023-w010	ب ص ر	خ ت م	6	4	4	1	3	3	intra_ayah:45:23:root:30
co-45_23-00839	45:23	w-s045-a023-w016	w-s045-a023-w024	ب ص ر	ذ ك ر	8	5	5	1	11	11	intra_ayah:45:23:root:31
co-45_23-00840	45:23	w-s045-a023-w016	w-s045-a023-w001	ب ص ر	ر ء ي	15	11	11	1	13	16	intra_ayah:45:23:root:32
co-45_23-00841	45:23	w-s045-a023-w016	w-s045-a023-w012	ب ص ر	س م ع	4	3	3	1	37	43	intra_ayah:45:23:root:33
co-45_23-00842	45:23	w-s045-a023-w016	w-s045-a023-w006	ب ص ر	ض ل ل	10	7	7	1	3	3	intra_ayah:45:23:root:34
co-45_23-00843	45:23	w-s045-a023-w016	w-s045-a023-w009	ب ص ر	ع ل م	7	5	5	1	13	14	intra_ayah:45:23:root:35
co-45_23-00844	45:23	w-s045-a023-w016	w-s045-a023-w017	ب ص ر	غ ش و	1	1	1	1	3	3	intra_ayah:45:23:root:36
co-45_23-00845	45:23	w-s045-a023-w016	w-s045-a023-w013	ب ص ر	ق ل ب	3	2	2	1	14	17	intra_ayah:45:23:root:37
co-45_23-00846	45:23	w-s045-a023-w016	w-s045-a023-w019	ب ص ر	ه د ي	3	2	2	1	7	7	intra_ayah:45:23:root:38
co-45_23-00847	45:23	w-s045-a023-w016	w-s045-a023-w005	ب ص ر	ه و ي	11	8	8	1	1	1	intra_ayah:45:23:root:39
co-45_23-00848	45:23	w-s045-a023-w003	w-s045-a023-w014	ء خ ذ	ج ع ل	11	9	9	1	12	12	intra_ayah:45:23:root:4
co-45_23-00849	45:23	w-s045-a023-w021	w-s045-a023-w014	ب ع د	ج ع ل	7	4	4	1	19	22	intra_ayah:45:23:root:40
co-45_23-00850	45:23	w-s045-a023-w021	w-s045-a023-w010	ب ع د	خ ت م	11	7	7	1	1	1	intra_ayah:45:23:root:41
co-45_23-00851	45:23	w-s045-a023-w021	w-s045-a023-w024	ب ع د	ذ ك ر	3	2	2	1	11	14	intra_ayah:45:23:root:42
co-45_23-00852	45:23	w-s045-a023-w021	w-s045-a023-w001	ب ع د	ر ء ي	20	14	14	1	17	18	intra_ayah:45:23:root:43
co-45_23-00853	45:23	w-s045-a023-w021	w-s045-a023-w012	ب ع د	س م ع	9	6	6	1	9	11	intra_ayah:45:23:root:44
co-45_23-00854	45:23	w-s045-a023-w021	w-s045-a023-w006	ب ع د	ض ل ل	15	10	10	1	21	25	intra_ayah:45:23:root:45
co-45_23-00855	45:23	w-s045-a023-w021	w-s045-a023-w009	ب ع د	ع ل م	12	8	8	1	39	47	intra_ayah:45:23:root:46
co-45_23-00856	45:23	w-s045-a023-w021	w-s045-a023-w017	ب ع د	غ ش و	4	2	2	1	2	2	intra_ayah:45:23:root:47
co-45_23-00857	45:23	w-s045-a023-w021	w-s045-a023-w013	ب ع د	ق ل ب	8	5	5	1	14	18	intra_ayah:45:23:root:48
co-45_23-00858	45:23	w-s045-a023-w021	w-s045-a023-w019	ب ع د	ه د ي	2	1	1	1	18	24	intra_ayah:45:23:root:49
co-45_23-00859	45:23	w-s045-a023-w003	w-s045-a023-w010	ء خ ذ	خ ت م	7	6	6	1	2	2	intra_ayah:45:23:root:5
co-45_23-00860	45:23	w-s045-a023-w021	w-s045-a023-w005	ب ع د	ه و ي	16	11	11	1	6	6	intra_ayah:45:23:root:50
co-45_23-00861	45:23	w-s045-a023-w014	w-s045-a023-w010	ج ع ل	خ ت م	4	3	3	1	1	1	intra_ayah:45:23:root:51
co-45_23-00862	45:23	w-s045-a023-w014	w-s045-a023-w024	ج ع ل	ذ ك ر	10	6	6	1	19	24	intra_ayah:45:23:root:52
co-45_23-00863	45:23	w-s045-a023-w014	w-s045-a023-w001	ج ع ل	ر ء ي	13	10	10	1	25	34	intra_ayah:45:23:root:53
co-45_23-00864	45:23	w-s045-a023-w014	w-s045-a023-w012	ج ع ل	س م ع	2	2	2	1	11	12	intra_ayah:45:23:root:54
co-45_23-00865	45:23	w-s045-a023-w014	w-s045-a023-w006	ج ع ل	ض ل ل	8	6	6	1	12	15	intra_ayah:45:23:root:55
co-45_23-00866	45:23	w-s045-a023-w014	w-s045-a023-w009	ج ع ل	ع ل م	5	4	4	1	41	59	intra_ayah:45:23:root:56
co-45_23-00867	45:23	w-s045-a023-w014	w-s045-a023-w017	ج ع ل	غ ش و	3	2	2	1	6	7	intra_ayah:45:23:root:57
co-45_23-00868	45:23	w-s045-a023-w014	w-s045-a023-w013	ج ع ل	ق ل ب	1	1	1	1	17	22	intra_ayah:45:23:root:58
co-45_23-00869	45:23	w-s045-a023-w014	w-s045-a023-w019	ج ع ل	ه د ي	5	3	3	1	23	32	intra_ayah:45:23:root:59
co-45_23-00870	45:23	w-s045-a023-w003	w-s045-a023-w024	ء خ ذ	ذ ك ر	21	15	15	1	17	22	intra_ayah:45:23:root:6
co-45_23-00871	45:23	w-s045-a023-w014	w-s045-a023-w005	ج ع ل	ه و ي	9	7	7	1	5	6	intra_ayah:45:23:root:60
co-45_23-00872	45:23	w-s045-a023-w010	w-s045-a023-w024	خ ت م	ذ ك ر	14	9	9	1	1	1	intra_ayah:45:23:root:61
co-45_23-00873	45:23	w-s045-a023-w010	w-s045-a023-w001	خ ت م	ر ء ي	9	7	7	1	2	2	intra_ayah:45:23:root:62
co-45_23-00874	45:23	w-s045-a023-w010	w-s045-a023-w012	خ ت م	س م ع	2	1	1	1	3	3	intra_ayah:45:23:root:63
co-45_23-00875	45:23	w-s045-a023-w010	w-s045-a023-w006	خ ت م	ض ل ل	4	3	3	1	1	1	intra_ayah:45:23:root:64
co-45_23-00876	45:23	w-s045-a023-w010	w-s045-a023-w009	خ ت م	ع ل م	1	1	1	1	3	3	intra_ayah:45:23:root:65
co-45_23-00877	45:23	w-s045-a023-w010	w-s045-a023-w017	خ ت م	غ ش و	7	5	5	1	2	2	intra_ayah:45:23:root:66
co-45_23-00878	45:23	w-s045-a023-w010	w-s045-a023-w013	خ ت م	ق ل ب	3	2	2	1	4	4	intra_ayah:45:23:root:67
co-45_23-00879	45:23	w-s045-a023-w010	w-s045-a023-w019	خ ت م	ه د ي	9	6	6	1	1	1	intra_ayah:45:23:root:68
co-45_23-00880	45:23	w-s045-a023-w010	w-s045-a023-w005	خ ت م	ه و ي	5	4	4	1	1	1	intra_ayah:45:23:root:69
co-45_23-00881	45:23	w-s045-a023-w003	w-s045-a023-w001	ء خ ذ	ر ء ي	2	1	1	1	17	26	intra_ayah:45:23:root:7
co-45_23-00882	45:23	w-s045-a023-w024	w-s045-a023-w001	ذ ك ر	ر ء ي	23	16	16	1	10	12	intra_ayah:45:23:root:70
co-45_23-00883	45:23	w-s045-a023-w024	w-s045-a023-w012	ذ ك ر	س م ع	12	8	8	1	8	8	intra_ayah:45:23:root:71
co-45_23-00884	45:23	w-s045-a023-w024	w-s045-a023-w006	ذ ك ر	ض ل ل	18	12	12	1	10	11	intra_ayah:45:23:root:72
co-45_23-00885	45:23	w-s045-a023-w024	w-s045-a023-w009	ذ ك ر	ع ل م	15	10	10	1	44	57	intra_ayah:45:23:root:73
co-45_23-00886	45:23	w-s045-a023-w024	w-s045-a023-w017	ذ ك ر	غ ش و	7	4	4	1	2	2	intra_ayah:45:23:root:74
co-45_23-00887	45:23	w-s045-a023-w024	w-s045-a023-w013	ذ ك ر	ق ل ب	11	7	7	1	19	26	intra_ayah:45:23:root:75
co-45_23-00888	45:23	w-s045-a023-w024	w-s045-a023-w019	ذ ك ر	ه د ي	5	3	3	1	12	17	intra_ayah:45:23:root:76
co-45_23-00889	45:23	w-s045-a023-w024	w-s045-a023-w005	ذ ك ر	ه و ي	19	13	13	1	4	5	intra_ayah:45:23:root:77
co-45_23-00890	45:23	w-s045-a023-w001	w-s045-a023-w012	ر ء ي	س م ع	11	8	8	1	12	12	intra_ayah:45:23:root:78
co-45_23-00891	45:23	w-s045-a023-w001	w-s045-a023-w006	ر ء ي	ض ل ل	5	4	4	1	21	25	intra_ayah:45:23:root:79
co-45_23-00892	45:23	w-s045-a023-w003	w-s045-a023-w012	ء خ ذ	س م ع	9	7	7	1	6	10	intra_ayah:45:23:root:8
co-45_23-00893	45:23	w-s045-a023-w001	w-s045-a023-w009	ر ء ي	ع ل م	8	6	6	1	28	34	intra_ayah:45:23:root:80
co-45_23-00894	45:23	w-s045-a023-w001	w-s045-a023-w017	ر ء ي	غ ش و	16	12	12	1	4	4	intra_ayah:45:23:root:81
co-45_23-00895	45:23	w-s045-a023-w001	w-s045-a023-w013	ر ء ي	ق ل ب	12	9	9	1	9	9	intra_ayah:45:23:root:82
co-45_23-00896	45:23	w-s045-a023-w001	w-s045-a023-w019	ر ء ي	ه د ي	18	13	13	1	16	18	intra_ayah:45:23:root:83
co-45_23-00897	45:23	w-s045-a023-w001	w-s045-a023-w005	ر ء ي	ه و ي	4	3	3	1	2	2	intra_ayah:45:23:root:84
co-45_23-00898	45:23	w-s045-a023-w012	w-s045-a023-w006	س م ع	ض ل ل	6	4	4	1	8	9	intra_ayah:45:23:root:85
co-45_23-00899	45:23	w-s045-a023-w012	w-s045-a023-w009	س م ع	ع ل م	3	2	2	1	44	49	intra_ayah:45:23:root:86
co-45_23-00900	45:23	w-s045-a023-w012	w-s045-a023-w017	س م ع	غ ش و	5	4	4	1	2	2	intra_ayah:45:23:root:87
co-45_23-00901	45:23	w-s045-a023-w012	w-s045-a023-w013	س م ع	ق ل ب	1	1	1	1	12	17	intra_ayah:45:23:root:88
co-45_23-00902	45:23	w-s045-a023-w012	w-s045-a023-w019	س م ع	ه د ي	7	5	5	1	13	13	intra_ayah:45:23:root:89
co-45_23-00903	45:23	w-s045-a023-w003	w-s045-a023-w006	ء خ ذ	ض ل ل	3	3	3	1	10	10	intra_ayah:45:23:root:9
co-45_23-00904	45:23	w-s045-a023-w012	w-s045-a023-w005	س م ع	ه و ي	7	5	5	1	2	2	intra_ayah:45:23:root:90
co-45_23-00905	45:23	w-s045-a023-w006	w-s045-a023-w009	ض ل ل	ع ل م	3	2	2	1	32	45	intra_ayah:45:23:root:91
co-45_23-00906	45:23	w-s045-a023-w006	w-s045-a023-w017	ض ل ل	غ ش و	11	8	8	1	1	1	intra_ayah:45:23:root:92
co-45_23-00907	45:23	w-s045-a023-w006	w-s045-a023-w013	ض ل ل	ق ل ب	7	5	5	1	6	6	intra_ayah:45:23:root:93
co-45_23-00908	45:23	w-s045-a023-w006	w-s045-a023-w019	ض ل ل	ه د ي	13	9	9	1	52	73	intra_ayah:45:23:root:94
co-45_23-00909	45:23	w-s045-a023-w006	w-s045-a023-w005	ض ل ل	ه و ي	1	1	1	1	7	11	intra_ayah:45:23:root:95
co-45_23-00910	45:23	w-s045-a023-w009	w-s045-a023-w017	ع ل م	غ ش و	8	6	6	1	4	5	intra_ayah:45:23:root:96
co-45_23-00911	45:23	w-s045-a023-w009	w-s045-a023-w013	ع ل م	ق ل ب	4	3	3	1	32	40	intra_ayah:45:23:root:97
co-45_23-00912	45:23	w-s045-a023-w009	w-s045-a023-w019	ع ل م	ه د ي	10	7	7	1	46	67	intra_ayah:45:23:root:98
co-45_23-00913	45:23	w-s045-a023-w009	w-s045-a023-w005	ع ل م	ه و ي	4	3	3	1	11	13	intra_ayah:45:23:root:99
co-45_24-00914	45:24	w-s045-a024-w005	w-s045-a024-w006	ح ي ي	د ن و	1	1	2	2	66	79	intra_ayah:45:24:root:1
co-45_24-00915	45:24	w-s045-a024-w008	w-s045-a024-w006	ح ي ي	د ن و	2	1	2	2	66	79	intra_ayah:45:24:root:1
co-45_24-00916	45:24	w-s045-a024-w006	w-s045-a024-w017	د ن و	ع ل م	11	5	5	1	18	26	intra_ayah:45:24:root:10
co-45_24-00917	45:24	w-s045-a024-w006	w-s045-a024-w001	د ن و	ق و ل	5	2	2	1	28	38	intra_ayah:45:24:root:11
co-45_24-00918	45:24	w-s045-a024-w006	w-s045-a024-w007	د ن و	م و ت	1	1	1	1	5	5	intra_ayah:45:24:root:12
co-45_24-00919	45:24	w-s045-a024-w006	w-s045-a024-w010	د ن و	ه ل ك	4	3	3	1	3	4	intra_ayah:45:24:root:13
co-45_24-00920	45:24	w-s045-a024-w012	w-s045-a024-w021	د ه ر	ظ ن ن	9	2	2	1	1	1	intra_ayah:45:24:root:14
co-45_24-00921	45:24	w-s045-a024-w012	w-s045-a024-w017	د ه ر	ع ل م	5	1	1	1	1	1	intra_ayah:45:24:root:15
co-45_24-00922	45:24	w-s045-a024-w012	w-s045-a024-w001	د ه ر	ق و ل	11	6	6	1	1	1	intra_ayah:45:24:root:16
co-45_24-00923	45:24	w-s045-a024-w012	w-s045-a024-w007	د ه ر	م و ت	5	3	3	1	1	1	intra_ayah:45:24:root:17
co-45_24-00924	45:24	w-s045-a024-w012	w-s045-a024-w010	د ه ر	ه ل ك	2	1	1	1	1	1	intra_ayah:45:24:root:18
co-45_24-00925	45:24	w-s045-a024-w021	w-s045-a024-w017	ظ ن ن	ع ل م	4	1	1	1	12	15	intra_ayah:45:24:root:19
co-45_24-00926	45:24	w-s045-a024-w005	w-s045-a024-w012	ح ي ي	د ه ر	7	2	5	2	1	2	intra_ayah:45:24:root:2
co-45_24-00927	45:24	w-s045-a024-w008	w-s045-a024-w012	ح ي ي	د ه ر	4	2	5	2	1	2	intra_ayah:45:24:root:2
co-45_24-00928	45:24	w-s045-a024-w021	w-s045-a024-w001	ظ ن ن	ق و ل	20	8	8	1	17	30	intra_ayah:45:24:root:20
co-45_24-00929	45:24	w-s045-a024-w021	w-s045-a024-w007	ظ ن ن	م و ت	14	5	5	1	2	3	intra_ayah:45:24:root:21
co-45_24-00930	45:24	w-s045-a024-w021	w-s045-a024-w010	ظ ن ن	ه ل ك	11	3	3	1	1	1	intra_ayah:45:24:root:22
co-45_24-00931	45:24	w-s045-a024-w017	w-s045-a024-w001	ع ل م	ق و ل	16	7	7	1	230	414	intra_ayah:45:24:root:23
co-45_24-00932	45:24	w-s045-a024-w017	w-s045-a024-w007	ع ل م	م و ت	10	4	4	1	13	17	intra_ayah:45:24:root:24
co-45_24-00933	45:24	w-s045-a024-w017	w-s045-a024-w010	ع ل م	ه ل ك	7	2	2	1	6	8	intra_ayah:45:24:root:25
co-45_24-00934	45:24	w-s045-a024-w001	w-s045-a024-w007	ق و ل	م و ت	6	3	3	1	39	74	intra_ayah:45:24:root:26
co-45_24-00935	45:24	w-s045-a024-w001	w-s045-a024-w010	ق و ل	ه ل ك	9	5	5	1	18	23	intra_ayah:45:24:root:27
co-45_24-00936	45:24	w-s045-a024-w007	w-s045-a024-w010	م و ت	ه ل ك	3	2	2	1	1	1	intra_ayah:45:24:root:28
co-45_24-00937	45:24	w-s045-a024-w005	w-s045-a024-w021	ح ي ي	ظ ن ن	16	4	7	2	2	3	intra_ayah:45:24:root:3
co-45_24-00938	45:24	w-s045-a024-w008	w-s045-a024-w021	ح ي ي	ظ ن ن	13	4	7	2	2	3	intra_ayah:45:24:root:3
co-45_24-00939	45:24	w-s045-a024-w005	w-s045-a024-w017	ح ي ي	ع ل م	12	3	6	2	19	24	intra_ayah:45:24:root:4
co-45_24-00940	45:24	w-s045-a024-w008	w-s045-a024-w017	ح ي ي	ع ل م	9	3	6	2	19	24	intra_ayah:45:24:root:4
co-45_24-00941	45:24	w-s045-a024-w005	w-s045-a024-w001	ح ي ي	ق و ل	4	1	4	2	41	68	intra_ayah:45:24:root:5
co-45_24-00942	45:24	w-s045-a024-w008	w-s045-a024-w001	ح ي ي	ق و ل	7	1	4	2	41	68	intra_ayah:45:24:root:5
co-45_24-00943	45:24	w-s045-a024-w005	w-s045-a024-w007	ح ي ي	م و ت	2	1	2	2	65	99	intra_ayah:45:24:root:6
co-45_24-00944	45:24	w-s045-a024-w008	w-s045-a024-w007	ح ي ي	م و ت	1	1	2	2	65	99	intra_ayah:45:24:root:6
co-45_24-00945	45:24	w-s045-a024-w005	w-s045-a024-w010	ح ي ي	ه ل ك	5	1	4	2	3	7	intra_ayah:45:24:root:7
co-45_24-00946	45:24	w-s045-a024-w008	w-s045-a024-w010	ح ي ي	ه ل ك	2	1	4	2	3	7	intra_ayah:45:24:root:7
co-45_24-00947	45:24	w-s045-a024-w006	w-s045-a024-w012	د ن و	د ه ر	6	4	4	1	1	1	intra_ayah:45:24:root:8
co-45_24-00948	45:24	w-s045-a024-w006	w-s045-a024-w021	د ن و	ظ ن ن	15	6	6	1	3	3	intra_ayah:45:24:root:9
co-45_25-00949	45:25	w-s045-a025-w013	w-s045-a025-w012	ء ب و	ء ت ي	1	1	1	1	12	13	intra_ayah:45:25:root:1
co-45_25-00950	45:25	w-s045-a025-w012	w-s045-a025-w005	ء ت ي	ب ي ن	7	4	4	1	62	81	intra_ayah:45:25:root:10
co-45_25-00951	45:25	w-s045-a025-w012	w-s045-a025-w002	ء ت ي	ت ل و	10	6	6	1	8	9	intra_ayah:45:25:root:11
co-45_25-00952	45:25	w-s045-a025-w012	w-s045-a025-w008	ء ت ي	ح ج ج	4	2	2	1	7	13	intra_ayah:45:25:root:12
co-45_25-00953	45:25	w-s045-a025-w012	w-s045-a025-w016	ء ت ي	ص د ق	4	3	3	1	35	40	intra_ayah:45:25:root:13
co-45_25-00954	45:25	w-s045-a025-w012	w-s045-a025-w011	ء ت ي	ق و ل	1	1	1	1	154	264	intra_ayah:45:25:root:14
co-45_25-00955	45:25	w-s045-a025-w012	w-s045-a025-w007	ء ت ي	ك و ن	5	2	3	2	122	164	intra_ayah:45:25:root:15
co-45_25-00956	45:25	w-s045-a025-w012	w-s045-a025-w015	ء ت ي	ك و ن	3	2	3	2	122	164	intra_ayah:45:25:root:15
co-45_25-00957	45:25	w-s045-a025-w004	w-s045-a025-w005	ء ي ي	ب ي ن	1	1	1	1	61	71	intra_ayah:45:25:root:16
co-45_25-00958	45:25	w-s045-a025-w004	w-s045-a025-w002	ء ي ي	ت ل و	2	1	1	1	33	37	intra_ayah:45:25:root:17
co-45_25-00959	45:25	w-s045-a025-w004	w-s045-a025-w008	ء ي ي	ح ج ج	4	3	3	1	2	2	intra_ayah:45:25:root:18
co-45_25-00960	45:25	w-s045-a025-w004	w-s045-a025-w016	ء ي ي	ص د ق	12	8	8	1	8	8	intra_ayah:45:25:root:19
co-45_25-00961	45:25	w-s045-a025-w013	w-s045-a025-w004	ء ب و	ء ي ي	9	6	6	1	4	4	intra_ayah:45:25:root:2
co-45_25-00962	45:25	w-s045-a025-w004	w-s045-a025-w011	ء ي ي	ق و ل	7	4	4	1	78	122	intra_ayah:45:25:root:20
co-45_25-00963	45:25	w-s045-a025-w004	w-s045-a025-w007	ء ي ي	ك و ن	3	2	7	2	98	130	intra_ayah:45:25:root:21
co-45_25-00964	45:25	w-s045-a025-w004	w-s045-a025-w015	ء ي ي	ك و ن	11	2	7	2	98	130	intra_ayah:45:25:root:21
co-45_25-00965	45:25	w-s045-a025-w005	w-s045-a025-w002	ب ي ن	ت ل و	3	2	2	1	13	16	intra_ayah:45:25:root:22
co-45_25-00966	45:25	w-s045-a025-w005	w-s045-a025-w008	ب ي ن	ح ج ج	3	2	2	1	3	6	intra_ayah:45:25:root:23
co-45_25-00967	45:25	w-s045-a025-w005	w-s045-a025-w016	ب ي ن	ص د ق	11	7	7	1	23	30	intra_ayah:45:25:root:24
co-45_25-00968	45:25	w-s045-a025-w005	w-s045-a025-w011	ب ي ن	ق و ل	6	3	3	1	137	242	intra_ayah:45:25:root:25
co-45_25-00969	45:25	w-s045-a025-w005	w-s045-a025-w007	ب ي ن	ك و ن	2	1	6	2	113	177	intra_ayah:45:25:root:26
co-45_25-00970	45:25	w-s045-a025-w005	w-s045-a025-w015	ب ي ن	ك و ن	10	1	6	2	113	177	intra_ayah:45:25:root:26
co-45_25-00971	45:25	w-s045-a025-w002	w-s045-a025-w008	ت ل و	ح ج ج	6	4	4	1	1	1	intra_ayah:45:25:root:27
co-45_25-00972	45:25	w-s045-a025-w002	w-s045-a025-w016	ت ل و	ص د ق	14	9	9	1	2	2	intra_ayah:45:25:root:28
co-45_25-00973	45:25	w-s045-a025-w002	w-s045-a025-w011	ت ل و	ق و ل	9	5	5	1	24	34	intra_ayah:45:25:root:29
co-45_25-00974	45:25	w-s045-a025-w013	w-s045-a025-w005	ء ب و	ب ي ن	8	5	5	1	13	19	intra_ayah:45:25:root:3
co-45_25-00975	45:25	w-s045-a025-w002	w-s045-a025-w007	ت ل و	ك و ن	5	3	8	2	22	32	intra_ayah:45:25:root:30
co-45_25-00976	45:25	w-s045-a025-w002	w-s045-a025-w015	ت ل و	ك و ن	13	3	8	2	22	32	intra_ayah:45:25:root:30
co-45_25-00977	45:25	w-s045-a025-w008	w-s045-a025-w016	ح ج ج	ص د ق	8	5	5	1	2	4	intra_ayah:45:25:root:31
co-45_25-00978	45:25	w-s045-a025-w008	w-s045-a025-w011	ح ج ج	ق و ل	3	1	1	1	13	19	intra_ayah:45:25:root:32
co-45_25-00979	45:25	w-s045-a025-w008	w-s045-a025-w007	ح ج ج	ك و ن	1	1	4	2	6	14	intra_ayah:45:25:root:33
co-45_25-00980	45:25	w-s045-a025-w008	w-s045-a025-w015	ح ج ج	ك و ن	7	1	4	2	6	14	intra_ayah:45:25:root:33
co-45_25-00981	45:25	w-s045-a025-w016	w-s045-a025-w011	ص د ق	ق و ل	5	4	4	1	54	72	intra_ayah:45:25:root:34
co-45_25-00982	45:25	w-s045-a025-w016	w-s045-a025-w007	ص د ق	ك و ن	9	1	6	2	73	90	intra_ayah:45:25:root:35
co-45_25-00983	45:25	w-s045-a025-w016	w-s045-a025-w015	ص د ق	ك و ن	1	1	6	2	73	90	intra_ayah:45:25:root:35
co-45_25-00984	45:25	w-s045-a025-w011	w-s045-a025-w007	ق و ل	ك و ن	4	2	3	2	369	573	intra_ayah:45:25:root:36
co-45_25-00985	45:25	w-s045-a025-w011	w-s045-a025-w015	ق و ل	ك و ن	4	2	3	2	369	573	intra_ayah:45:25:root:36
co-45_25-00986	45:25	w-s045-a025-w013	w-s045-a025-w002	ء ب و	ت ل و	11	7	7	1	2	2	intra_ayah:45:25:root:4
co-45_25-00987	45:25	w-s045-a025-w013	w-s045-a025-w008	ء ب و	ح ج ج	5	3	3	1	1	1	intra_ayah:45:25:root:5
co-45_25-00988	45:25	w-s045-a025-w013	w-s045-a025-w016	ء ب و	ص د ق	3	2	2	1	5	5	intra_ayah:45:25:root:6
co-45_25-00989	45:25	w-s045-a025-w013	w-s045-a025-w011	ء ب و	ق و ل	2	2	2	1	60	89	intra_ayah:45:25:root:7
co-45_25-00990	45:25	w-s045-a025-w013	w-s045-a025-w007	ء ب و	ك و ن	6	1	4	2	40	69	intra_ayah:45:25:root:8
co-45_25-00991	45:25	w-s045-a025-w013	w-s045-a025-w015	ء ب و	ك و ن	2	1	4	2	40	69	intra_ayah:45:25:root:8
co-45_25-00992	45:25	w-s045-a025-w012	w-s045-a025-w004	ء ت ي	ء ي ي	8	5	5	1	41	57	intra_ayah:45:25:root:9
co-45_26-00993	45:26	w-s045-a026-w002	w-s045-a026-w007	ء ل ه	ج م ع	5	3	3	1	53	97	intra_ayah:45:26:root:1
co-45_26-00994	45:26	w-s045-a026-w002	w-s045-a026-w009	ء ل ه	ي و م	7	4	4	1	125	226	intra_ayah:45:26:root:10
co-45_26-00995	45:26	w-s045-a026-w007	w-s045-a026-w003	ج م ع	ح ي ي	4	2	2	1	5	8	intra_ayah:45:26:root:11
co-45_26-00996	45:26	w-s045-a026-w007	w-s045-a026-w012	ج م ع	ر ي ب	5	3	3	1	6	6	intra_ayah:45:26:root:12
co-45_26-00997	45:26	w-s045-a026-w007	w-s045-a026-w018	ج م ع	ع ل م	11	6	6	1	17	21	intra_ayah:45:26:root:13
co-45_26-00998	45:26	w-s045-a026-w007	w-s045-a026-w001	ج م ع	ق و ل	6	4	4	1	37	46	intra_ayah:45:26:root:14
co-45_26-00999	45:26	w-s045-a026-w007	w-s045-a026-w010	ج م ع	ق و م	3	2	2	1	12	16	intra_ayah:45:26:root:15
co-45_26-01000	45:26	w-s045-a026-w007	w-s045-a026-w015	ج م ع	ك ث ر	8	4	4	1	4	5	intra_ayah:45:26:root:16
co-45_26-01001	45:26	w-s045-a026-w007	w-s045-a026-w005	ج م ع	م و ت	2	1	1	1	5	6	intra_ayah:45:26:root:17
co-45_26-01002	45:26	w-s045-a026-w007	w-s045-a026-w016	ج م ع	ن و س	9	5	5	1	15	20	intra_ayah:45:26:root:18
co-45_26-01003	45:26	w-s045-a026-w007	w-s045-a026-w009	ج م ع	ي و م	2	1	1	1	27	34	intra_ayah:45:26:root:19
co-45_26-01004	45:26	w-s045-a026-w002	w-s045-a026-w003	ء ل ه	ح ي ي	1	1	1	1	73	128	intra_ayah:45:26:root:2
co-45_26-01005	45:26	w-s045-a026-w003	w-s045-a026-w012	ح ي ي	ر ي ب	9	5	5	1	1	1	intra_ayah:45:26:root:20
co-45_26-01006	45:26	w-s045-a026-w003	w-s045-a026-w018	ح ي ي	ع ل م	15	8	8	1	19	24	intra_ayah:45:26:root:21
co-45_26-01007	45:26	w-s045-a026-w003	w-s045-a026-w001	ح ي ي	ق و ل	2	2	2	1	41	68	intra_ayah:45:26:root:22
co-45_26-01008	45:26	w-s045-a026-w003	w-s045-a026-w010	ح ي ي	ق و م	7	4	4	1	27	30	intra_ayah:45:26:root:23
co-45_26-01009	45:26	w-s045-a026-w003	w-s045-a026-w015	ح ي ي	ك ث ر	12	6	6	1	8	11	intra_ayah:45:26:root:24
co-45_26-01010	45:26	w-s045-a026-w003	w-s045-a026-w005	ح ي ي	م و ت	2	1	1	1	65	99	intra_ayah:45:26:root:25
co-45_26-01011	45:26	w-s045-a026-w003	w-s045-a026-w016	ح ي ي	ن و س	13	7	7	1	14	18	intra_ayah:45:26:root:26
co-45_26-01012	45:26	w-s045-a026-w003	w-s045-a026-w009	ح ي ي	ي و م	6	3	3	1	19	26	intra_ayah:45:26:root:27
co-45_26-01013	45:26	w-s045-a026-w012	w-s045-a026-w018	ر ي ب	ع ل م	6	3	3	1	10	14	intra_ayah:45:26:root:28
co-45_26-01014	45:26	w-s045-a026-w012	w-s045-a026-w001	ر ي ب	ق و ل	11	7	7	1	10	13	intra_ayah:45:26:root:29
co-45_26-01015	45:26	w-s045-a026-w002	w-s045-a026-w012	ء ل ه	ر ي ب	10	6	6	1	21	34	intra_ayah:45:26:root:3
co-45_26-01016	45:26	w-s045-a026-w012	w-s045-a026-w010	ر ي ب	ق و م	2	1	1	1	5	5	intra_ayah:45:26:root:30
co-45_26-01017	45:26	w-s045-a026-w012	w-s045-a026-w015	ر ي ب	ك ث ر	3	1	1	1	2	2	intra_ayah:45:26:root:31
co-45_26-01018	45:26	w-s045-a026-w012	w-s045-a026-w005	ر ي ب	م و ت	7	4	4	1	2	3	intra_ayah:45:26:root:32
co-45_26-01019	45:26	w-s045-a026-w012	w-s045-a026-w016	ر ي ب	ن و س	4	2	2	1	4	4	intra_ayah:45:26:root:33
co-45_26-01020	45:26	w-s045-a026-w012	w-s045-a026-w009	ر ي ب	ي و م	3	2	2	1	7	8	intra_ayah:45:26:root:34
co-45_26-01021	45:26	w-s045-a026-w018	w-s045-a026-w001	ع ل م	ق و ل	17	10	10	1	230	414	intra_ayah:45:26:root:35
co-45_26-01022	45:26	w-s045-a026-w018	w-s045-a026-w010	ع ل م	ق و م	8	4	4	1	75	97	intra_ayah:45:26:root:36
co-45_26-01023	45:26	w-s045-a026-w018	w-s045-a026-w015	ع ل م	ك ث ر	3	2	2	1	42	55	intra_ayah:45:26:root:37
co-45_26-01024	45:26	w-s045-a026-w018	w-s045-a026-w005	ع ل م	م و ت	13	7	7	1	13	17	intra_ayah:45:26:root:38
co-45_26-01025	45:26	w-s045-a026-w018	w-s045-a026-w016	ع ل م	ن و س	2	1	1	1	48	74	intra_ayah:45:26:root:39
co-45_26-01026	45:26	w-s045-a026-w002	w-s045-a026-w018	ء ل ه	ع ل م	16	9	9	1	408	878	intra_ayah:45:26:root:4
co-45_26-01027	45:26	w-s045-a026-w018	w-s045-a026-w009	ع ل م	ي و م	9	5	5	1	42	57	intra_ayah:45:26:root:40
co-45_26-01028	45:26	w-s045-a026-w001	w-s045-a026-w010	ق و ل	ق و م	9	6	6	1	186	259	intra_ayah:45:26:root:41
co-45_26-01029	45:26	w-s045-a026-w001	w-s045-a026-w015	ق و ل	ك ث ر	14	8	8	1	37	50	intra_ayah:45:26:root:42
co-45_26-01030	45:26	w-s045-a026-w001	w-s045-a026-w005	ق و ل	م و ت	4	3	3	1	39	74	intra_ayah:45:26:root:43
co-45_26-01031	45:26	w-s045-a026-w001	w-s045-a026-w016	ق و ل	ن و س	15	9	9	1	57	90	intra_ayah:45:26:root:44
co-45_26-01032	45:26	w-s045-a026-w001	w-s045-a026-w009	ق و ل	ي و م	8	5	5	1	94	148	intra_ayah:45:26:root:45
co-45_26-01033	45:26	w-s045-a026-w010	w-s045-a026-w015	ق و م	ك ث ر	5	2	2	1	11	13	intra_ayah:45:26:root:46
co-45_26-01034	45:26	w-s045-a026-w010	w-s045-a026-w005	ق و م	م و ت	5	3	3	1	11	15	intra_ayah:45:26:root:47
co-45_26-01035	45:26	w-s045-a026-w010	w-s045-a026-w016	ق و م	ن و س	6	3	3	1	28	34	intra_ayah:45:26:root:48
co-45_26-01036	45:26	w-s045-a026-w010	w-s045-a026-w009	ق و م	ي و م	1	1	1	1	104	114	intra_ayah:45:26:root:49
co-45_26-01037	45:26	w-s045-a026-w002	w-s045-a026-w001	ء ل ه	ق و ل	1	1	1	1	514	1188	intra_ayah:45:26:root:5
co-45_26-01038	45:26	w-s045-a026-w015	w-s045-a026-w005	ك ث ر	م و ت	10	5	5	1	8	9	intra_ayah:45:26:root:50
co-45_26-01039	45:26	w-s045-a026-w015	w-s045-a026-w016	ك ث ر	ن و س	1	1	1	1	37	46	intra_ayah:45:26:root:51
co-45_26-01040	45:26	w-s045-a026-w015	w-s045-a026-w009	ك ث ر	ي و م	6	3	3	1	11	12	intra_ayah:45:26:root:52
co-45_26-01041	45:26	w-s045-a026-w005	w-s045-a026-w016	م و ت	ن و س	11	6	6	1	12	16	intra_ayah:45:26:root:53
co-45_26-01042	45:26	w-s045-a026-w005	w-s045-a026-w009	م و ت	ي و م	4	2	2	1	9	17	intra_ayah:45:26:root:54
co-45_26-01043	45:26	w-s045-a026-w016	w-s045-a026-w009	ن و س	ي و م	7	4	4	1	21	23	intra_ayah:45:26:root:55
co-45_26-01044	45:26	w-s045-a026-w002	w-s045-a026-w010	ء ل ه	ق و م	8	5	5	1	242	460	intra_ayah:45:26:root:6
co-45_26-01045	45:26	w-s045-a026-w002	w-s045-a026-w015	ء ل ه	ك ث ر	13	7	7	1	83	142	intra_ayah:45:26:root:7
co-45_26-01046	45:26	w-s045-a026-w002	w-s045-a026-w005	ء ل ه	م و ت	3	2	2	1	64	125	intra_ayah:45:26:root:8
co-45_26-01047	45:26	w-s045-a026-w002	w-s045-a026-w016	ء ل ه	ن و س	14	8	8	1	129	252	intra_ayah:45:26:root:9
co-45_27-01048	45:27	w-s045-a027-w004	w-s045-a027-w001	ء ر ض	ء ل ه	3	3	3	1	215	380	intra_ayah:45:27:root:1
co-45_27-01049	45:27	w-s045-a027-w001	w-s045-a027-w009	ء ل ه	خ س ر	8	7	7	1	22	31	intra_ayah:45:27:root:10
co-45_27-01050	45:27	w-s045-a027-w001	w-s045-a027-w003	ء ل ه	س م و	2	2	2	1	185	319	intra_ayah:45:27:root:11
co-45_27-01051	45:27	w-s045-a027-w001	w-s045-a027-w007	ء ل ه	س و ع	6	6	6	1	17	22	intra_ayah:45:27:root:12
co-45_27-01052	45:27	w-s045-a027-w001	w-s045-a027-w006	ء ل ه	ق و م	5	5	5	1	242	460	intra_ayah:45:27:root:13
co-45_27-01053	45:27	w-s045-a027-w001	w-s045-a027-w002	ء ل ه	م ل ك	1	1	1	1	101	189	intra_ayah:45:27:root:14
co-45_27-01054	45:27	w-s045-a027-w001	w-s045-a027-w005	ء ل ه	ي و م	4	4	4	1	125	226	intra_ayah:45:27:root:15
co-45_27-01055	45:27	w-s045-a027-w010	w-s045-a027-w009	ب ط ل	خ س ر	1	1	1	1	3	3	intra_ayah:45:27:root:16
co-45_27-01056	45:27	w-s045-a027-w010	w-s045-a027-w003	ب ط ل	س م و	7	6	6	1	5	5	intra_ayah:45:27:root:17
co-45_27-01057	45:27	w-s045-a027-w010	w-s045-a027-w007	ب ط ل	س و ع	3	2	2	1	1	1	intra_ayah:45:27:root:18
co-45_27-01058	45:27	w-s045-a027-w010	w-s045-a027-w006	ب ط ل	ق و م	4	3	3	1	4	4	intra_ayah:45:27:root:19
co-45_27-01059	45:27	w-s045-a027-w004	w-s045-a027-w010	ء ر ض	ب ط ل	6	5	5	1	5	5	intra_ayah:45:27:root:2
co-45_27-01060	45:27	w-s045-a027-w010	w-s045-a027-w002	ب ط ل	م ل ك	8	7	7	1	1	1	intra_ayah:45:27:root:20
co-45_27-01061	45:27	w-s045-a027-w010	w-s045-a027-w005	ب ط ل	ي و م	5	4	4	1	2	2	intra_ayah:45:27:root:21
co-45_27-01062	45:27	w-s045-a027-w009	w-s045-a027-w003	خ س ر	س م و	6	5	5	1	4	4	intra_ayah:45:27:root:22
co-45_27-01063	45:27	w-s045-a027-w009	w-s045-a027-w007	خ س ر	س و ع	2	1	1	1	3	3	intra_ayah:45:27:root:23
co-45_27-01064	45:27	w-s045-a027-w009	w-s045-a027-w006	خ س ر	ق و م	3	2	2	1	9	14	intra_ayah:45:27:root:24
co-45_27-01065	45:27	w-s045-a027-w009	w-s045-a027-w002	خ س ر	م ل ك	7	6	6	1	1	1	intra_ayah:45:27:root:25
co-45_27-01066	45:27	w-s045-a027-w009	w-s045-a027-w005	خ س ر	ي و م	4	3	3	1	7	10	intra_ayah:45:27:root:26
co-45_27-01067	45:27	w-s045-a027-w003	w-s045-a027-w007	س م و	س و ع	4	4	4	1	7	7	intra_ayah:45:27:root:27
co-45_27-01068	45:27	w-s045-a027-w003	w-s045-a027-w006	س م و	ق و م	3	3	3	1	32	38	intra_ayah:45:27:root:28
co-45_27-01069	45:27	w-s045-a027-w003	w-s045-a027-w002	س م و	م ل ك	1	1	1	1	41	47	intra_ayah:45:27:root:29
co-45_27-01070	45:27	w-s045-a027-w004	w-s045-a027-w009	ء ر ض	خ س ر	5	4	4	1	7	7	intra_ayah:45:27:root:3
co-45_27-01071	45:27	w-s045-a027-w003	w-s045-a027-w005	س م و	ي و م	2	2	2	1	27	31	intra_ayah:45:27:root:30
co-45_27-01072	45:27	w-s045-a027-w007	w-s045-a027-w006	س و ع	ق و م	1	1	1	1	9	10	intra_ayah:45:27:root:31
co-45_27-01073	45:27	w-s045-a027-w007	w-s045-a027-w002	س و ع	م ل ك	5	5	5	1	3	3	intra_ayah:45:27:root:32
co-45_27-01074	45:27	w-s045-a027-w007	w-s045-a027-w005	س و ع	ي و م	2	2	2	1	10	11	intra_ayah:45:27:root:33
co-45_27-01075	45:27	w-s045-a027-w006	w-s045-a027-w002	ق و م	م ل ك	4	4	4	1	17	19	intra_ayah:45:27:root:34
co-45_27-01076	45:27	w-s045-a027-w006	w-s045-a027-w005	ق و م	ي و م	1	1	1	1	104	114	intra_ayah:45:27:root:35
co-45_27-01077	45:27	w-s045-a027-w002	w-s045-a027-w005	م ل ك	ي و م	3	3	3	1	19	21	intra_ayah:45:27:root:36
co-45_27-01078	45:27	w-s045-a027-w004	w-s045-a027-w003	ء ر ض	س م و	1	1	1	1	224	263	intra_ayah:45:27:root:4
co-45_27-01079	45:27	w-s045-a027-w004	w-s045-a027-w007	ء ر ض	س و ع	3	3	3	1	7	7	intra_ayah:45:27:root:5
co-45_27-01080	45:27	w-s045-a027-w004	w-s045-a027-w006	ء ر ض	ق و م	2	2	2	1	48	56	intra_ayah:45:27:root:6
co-45_27-01081	45:27	w-s045-a027-w004	w-s045-a027-w002	ء ر ض	م ل ك	2	2	2	1	39	45	intra_ayah:45:27:root:7
co-45_27-01082	45:27	w-s045-a027-w004	w-s045-a027-w005	ء ر ض	ي و م	1	1	1	1	31	35	intra_ayah:45:27:root:8
co-45_27-01083	45:27	w-s045-a027-w001	w-s045-a027-w010	ء ل ه	ب ط ل	9	8	8	1	16	27	intra_ayah:45:27:root:9
co-45_28-01084	45:28	w-s045-a028-w003	w-s045-a028-w004	ء م م	ج ث و	1	1	2	2	1	2	intra_ayah:45:28:root:1
co-45_28-01085	45:28	w-s045-a028-w006	w-s045-a028-w004	ء م م	ج ث و	2	1	2	2	1	2	intra_ayah:45:28:root:1
co-45_28-01086	45:28	w-s045-a028-w004	w-s045-a028-w011	ج ث و	ج ز ي	7	6	6	1	1	1	intra_ayah:45:28:root:10
co-45_28-01087	45:28	w-s045-a028-w004	w-s045-a028-w007	ج ث و	د ع و	3	3	3	1	1	1	intra_ayah:45:28:root:11
co-45_28-01088	45:28	w-s045-a028-w004	w-s045-a028-w001	ج ث و	ر ء ي	3	3	3	1	1	1	intra_ayah:45:28:root:12
co-45_28-01089	45:28	w-s045-a028-w004	w-s045-a028-w014	ج ث و	ع م ل	10	8	8	1	1	1	intra_ayah:45:28:root:13
co-45_28-01090	45:28	w-s045-a028-w004	w-s045-a028-w009	ج ث و	ك ت ب	5	4	4	1	1	1	intra_ayah:45:28:root:14
co-45_28-01091	45:28	w-s045-a028-w004	w-s045-a028-w002	ج ث و	ك ل ل	2	1	2	2	1	2	intra_ayah:45:28:root:15
co-45_28-01092	45:28	w-s045-a028-w004	w-s045-a028-w005	ج ث و	ك ل ل	1	1	2	2	1	2	intra_ayah:45:28:root:15
co-45_28-01093	45:28	w-s045-a028-w004	w-s045-a028-w013	ج ث و	ك و ن	9	7	7	1	1	1	intra_ayah:45:28:root:16
co-45_28-01094	45:28	w-s045-a028-w004	w-s045-a028-w010	ج ث و	ي و م	6	5	5	1	1	1	intra_ayah:45:28:root:17
co-45_28-01095	45:28	w-s045-a028-w011	w-s045-a028-w007	ج ز ي	د ع و	4	3	3	1	3	3	intra_ayah:45:28:root:18
co-45_28-01096	45:28	w-s045-a028-w011	w-s045-a028-w001	ج ز ي	ر ء ي	10	9	9	1	6	6	intra_ayah:45:28:root:19
co-45_28-01097	45:28	w-s045-a028-w003	w-s045-a028-w011	ء م م	ج ز ي	8	4	7	2	1	2	intra_ayah:45:28:root:2
co-45_28-01098	45:28	w-s045-a028-w006	w-s045-a028-w011	ء م م	ج ز ي	5	4	7	2	1	2	intra_ayah:45:28:root:2
co-45_28-01099	45:28	w-s045-a028-w011	w-s045-a028-w014	ج ز ي	ع م ل	3	2	2	1	30	38	intra_ayah:45:28:root:20
co-45_28-01100	45:28	w-s045-a028-w011	w-s045-a028-w009	ج ز ي	ك ت ب	2	2	2	1	7	7	intra_ayah:45:28:root:21
co-45_28-01101	45:28	w-s045-a028-w011	w-s045-a028-w002	ج ز ي	ك ل ل	9	5	8	2	9	10	intra_ayah:45:28:root:22
co-45_28-01102	45:28	w-s045-a028-w011	w-s045-a028-w005	ج ز ي	ك ل ل	6	5	8	2	9	10	intra_ayah:45:28:root:22
co-45_28-01103	45:28	w-s045-a028-w011	w-s045-a028-w013	ج ز ي	ك و ن	2	1	1	1	41	46	intra_ayah:45:28:root:23
co-45_28-01104	45:28	w-s045-a028-w011	w-s045-a028-w010	ج ز ي	ي و م	1	1	1	1	13	16	intra_ayah:45:28:root:24
co-45_28-01105	45:28	w-s045-a028-w007	w-s045-a028-w001	د ع و	ر ء ي	6	6	6	1	11	14	intra_ayah:45:28:root:25
co-45_28-01106	45:28	w-s045-a028-w007	w-s045-a028-w014	د ع و	ع م ل	7	5	5	1	9	13	intra_ayah:45:28:root:26
co-45_28-01107	45:28	w-s045-a028-w007	w-s045-a028-w009	د ع و	ك ت ب	2	1	1	1	9	19	intra_ayah:45:28:root:27
co-45_28-01108	45:28	w-s045-a028-w007	w-s045-a028-w002	د ع و	ك ل ل	5	2	5	2	13	14	intra_ayah:45:28:root:28
co-45_28-01109	45:28	w-s045-a028-w007	w-s045-a028-w005	د ع و	ك ل ل	2	2	5	2	13	14	intra_ayah:45:28:root:28
co-45_28-01110	45:28	w-s045-a028-w007	w-s045-a028-w013	د ع و	ك و ن	6	4	4	1	54	74	intra_ayah:45:28:root:29
co-45_28-01111	45:28	w-s045-a028-w003	w-s045-a028-w007	ء م م	د ع و	4	1	4	2	7	8	intra_ayah:45:28:root:3
co-45_28-01112	45:28	w-s045-a028-w006	w-s045-a028-w007	ء م م	د ع و	1	1	4	2	7	8	intra_ayah:45:28:root:3
co-45_28-01113	45:28	w-s045-a028-w007	w-s045-a028-w010	د ع و	ي و م	3	2	2	1	13	17	intra_ayah:45:28:root:30
co-45_28-01114	45:28	w-s045-a028-w001	w-s045-a028-w014	ر ء ي	ع م ل	13	11	11	1	24	29	intra_ayah:45:28:root:31
co-45_28-01115	45:28	w-s045-a028-w001	w-s045-a028-w009	ر ء ي	ك ت ب	8	7	7	1	17	24	intra_ayah:45:28:root:32
co-45_28-01116	45:28	w-s045-a028-w001	w-s045-a028-w002	ر ء ي	ك ل ل	1	1	4	2	30	39	intra_ayah:45:28:root:33
co-45_28-01117	45:28	w-s045-a028-w001	w-s045-a028-w005	ر ء ي	ك ل ل	4	1	4	2	30	39	intra_ayah:45:28:root:33
co-45_28-01118	45:28	w-s045-a028-w001	w-s045-a028-w013	ر ء ي	ك و ن	12	10	10	1	57	69	intra_ayah:45:28:root:34
co-45_28-01119	45:28	w-s045-a028-w001	w-s045-a028-w010	ر ء ي	ي و م	9	8	8	1	21	26	intra_ayah:45:28:root:35
co-45_28-01120	45:28	w-s045-a028-w014	w-s045-a028-w009	ع م ل	ك ت ب	5	4	4	1	16	20	intra_ayah:45:28:root:36
co-45_28-01121	45:28	w-s045-a028-w014	w-s045-a028-w002	ع م ل	ك ل ل	12	7	10	2	19	26	intra_ayah:45:28:root:37
co-45_28-01122	45:28	w-s045-a028-w014	w-s045-a028-w005	ع م ل	ك ل ل	9	7	10	2	19	26	intra_ayah:45:28:root:37
co-45_28-01123	45:28	w-s045-a028-w014	w-s045-a028-w013	ع م ل	ك و ن	1	1	1	1	110	151	intra_ayah:45:28:root:38
co-45_28-01124	45:28	w-s045-a028-w014	w-s045-a028-w010	ع م ل	ي و م	4	3	3	1	28	33	intra_ayah:45:28:root:39
co-45_28-01125	45:28	w-s045-a028-w003	w-s045-a028-w001	ء م م	ر ء ي	2	2	5	2	2	3	intra_ayah:45:28:root:4
co-45_28-01126	45:28	w-s045-a028-w006	w-s045-a028-w001	ء م م	ر ء ي	5	2	5	2	2	3	intra_ayah:45:28:root:4
co-45_28-01127	45:28	w-s045-a028-w009	w-s045-a028-w002	ك ت ب	ك ل ل	7	3	6	2	23	38	intra_ayah:45:28:root:40
co-45_28-01128	45:28	w-s045-a028-w009	w-s045-a028-w005	ك ت ب	ك ل ل	4	3	6	2	23	38	intra_ayah:45:28:root:40
co-45_28-01129	45:28	w-s045-a028-w009	w-s045-a028-w013	ك ت ب	ك و ن	4	3	3	1	65	119	intra_ayah:45:28:root:41
co-45_28-01130	45:28	w-s045-a028-w009	w-s045-a028-w010	ك ت ب	ي و م	1	1	1	1	19	24	intra_ayah:45:28:root:42
co-45_28-01131	45:28	w-s045-a028-w002	w-s045-a028-w013	ك ل ل	ك و ن	11	6	9	2	77	125	intra_ayah:45:28:root:43
co-45_28-01132	45:28	w-s045-a028-w005	w-s045-a028-w013	ك ل ل	ك و ن	8	6	9	2	77	125	intra_ayah:45:28:root:43
co-45_28-01133	45:28	w-s045-a028-w002	w-s045-a028-w010	ك ل ل	ي و م	8	4	7	2	31	38	intra_ayah:45:28:root:44
co-45_28-01134	45:28	w-s045-a028-w005	w-s045-a028-w010	ك ل ل	ي و م	5	4	7	2	31	38	intra_ayah:45:28:root:44
co-45_28-01135	45:28	w-s045-a028-w013	w-s045-a028-w010	ك و ن	ي و م	3	2	2	1	92	120	intra_ayah:45:28:root:45
co-45_28-01136	45:28	w-s045-a028-w003	w-s045-a028-w014	ء م م	ع م ل	11	6	9	2	8	10	intra_ayah:45:28:root:5
co-45_28-01137	45:28	w-s045-a028-w006	w-s045-a028-w014	ء م م	ع م ل	8	6	9	2	8	10	intra_ayah:45:28:root:5
co-45_28-01138	45:28	w-s045-a028-w003	w-s045-a028-w009	ء م م	ك ت ب	6	2	5	2	21	27	intra_ayah:45:28:root:6
co-45_28-01139	45:28	w-s045-a028-w006	w-s045-a028-w009	ء م م	ك ت ب	3	2	5	2	21	27	intra_ayah:45:28:root:6
co-45_28-01140	45:28	w-s045-a028-w003	w-s045-a028-w002	ء م م	ك ل ل	1	1	4	4	23	31	intra_ayah:45:28:root:7
co-45_28-01141	45:28	w-s045-a028-w003	w-s045-a028-w005	ء م م	ك ل ل	2	1	4	4	23	31	intra_ayah:45:28:root:7
co-45_28-01142	45:28	w-s045-a028-w006	w-s045-a028-w002	ء م م	ك ل ل	4	1	4	4	23	31	intra_ayah:45:28:root:7
co-45_28-01143	45:28	w-s045-a028-w006	w-s045-a028-w005	ء م م	ك ل ل	1	1	4	4	23	31	intra_ayah:45:28:root:7
co-45_28-01144	45:28	w-s045-a028-w003	w-s045-a028-w013	ء م م	ك و ن	10	5	8	2	35	67	intra_ayah:45:28:root:8
co-45_28-01145	45:28	w-s045-a028-w006	w-s045-a028-w013	ء م م	ك و ن	7	5	8	2	35	67	intra_ayah:45:28:root:8
co-45_28-01146	45:28	w-s045-a028-w003	w-s045-a028-w010	ء م م	ي و م	7	3	6	2	10	12	intra_ayah:45:28:root:9
co-45_28-01147	45:28	w-s045-a028-w006	w-s045-a028-w010	ء م م	ي و م	4	3	6	2	10	12	intra_ayah:45:28:root:9
co-45_29-01148	45:29	w-s045-a029-w005	w-s045-a029-w011	ح ق ق	ع م ل	6	4	4	1	11	12	intra_ayah:45:29:root:1
co-45_29-01149	45:29	w-s045-a029-w002	w-s045-a029-w007	ك ت ب	ك و ن	5	3	5	2	65	119	intra_ayah:45:29:root:10
co-45_29-01150	45:29	w-s045-a029-w002	w-s045-a029-w010	ك ت ب	ك و ن	8	3	5	2	65	119	intra_ayah:45:29:root:10
co-45_29-01151	45:29	w-s045-a029-w002	w-s045-a029-w008	ك ت ب	ن س خ	6	4	4	1	1	1	intra_ayah:45:29:root:11
co-45_29-01152	45:29	w-s045-a029-w002	w-s045-a029-w003	ك ت ب	ن ط ق	1	1	1	1	2	2	intra_ayah:45:29:root:12
co-45_29-01153	45:29	w-s045-a029-w007	w-s045-a029-w008	ك و ن	ن س خ	1	1	1	2	1	2	intra_ayah:45:29:root:13
co-45_29-01154	45:29	w-s045-a029-w010	w-s045-a029-w008	ك و ن	ن س خ	2	1	1	2	1	2	intra_ayah:45:29:root:13
co-45_29-01155	45:29	w-s045-a029-w007	w-s045-a029-w003	ك و ن	ن ط ق	4	2	4	2	2	3	intra_ayah:45:29:root:14
co-45_29-01156	45:29	w-s045-a029-w010	w-s045-a029-w003	ك و ن	ن ط ق	7	2	4	2	2	3	intra_ayah:45:29:root:14
co-45_29-01157	45:29	w-s045-a029-w008	w-s045-a029-w003	ن س خ	ن ط ق	5	3	3	1	1	1	intra_ayah:45:29:root:15
co-45_29-01158	45:29	w-s045-a029-w005	w-s045-a029-w002	ح ق ق	ك ت ب	3	2	2	1	34	59	intra_ayah:45:29:root:2
co-45_29-01159	45:29	w-s045-a029-w005	w-s045-a029-w007	ح ق ق	ك و ن	2	1	3	2	68	97	intra_ayah:45:29:root:3
co-45_29-01160	45:29	w-s045-a029-w005	w-s045-a029-w010	ح ق ق	ك و ن	5	1	3	2	68	97	intra_ayah:45:29:root:3
co-45_29-01161	45:29	w-s045-a029-w005	w-s045-a029-w008	ح ق ق	ن س خ	3	2	2	1	1	1	intra_ayah:45:29:root:4
co-45_29-01162	45:29	w-s045-a029-w005	w-s045-a029-w003	ح ق ق	ن ط ق	2	1	1	1	3	3	intra_ayah:45:29:root:5
co-45_29-01163	45:29	w-s045-a029-w011	w-s045-a029-w002	ع م ل	ك ت ب	9	6	6	1	16	20	intra_ayah:45:29:root:6
co-45_29-01164	45:29	w-s045-a029-w011	w-s045-a029-w007	ع م ل	ك و ن	4	1	3	2	110	151	intra_ayah:45:29:root:7
co-45_29-01165	45:29	w-s045-a029-w011	w-s045-a029-w010	ع م ل	ك و ن	1	1	3	2	110	151	intra_ayah:45:29:root:7
co-45_29-01166	45:29	w-s045-a029-w011	w-s045-a029-w008	ع م ل	ن س خ	3	2	2	1	1	1	intra_ayah:45:29:root:8
co-45_29-01167	45:29	w-s045-a029-w011	w-s045-a029-w003	ع م ل	ن ط ق	8	5	5	1	1	1	intra_ayah:45:29:root:9
co-45_30-01168	45:30	w-s045-a030-w003	w-s045-a030-w013	ء م ن	ب ي ن	10	7	7	1	79	134	intra_ayah:45:30:root:1
co-45_30-01169	45:30	w-s045-a030-w013	w-s045-a030-w009	ب ي ن	ر ح م	4	2	2	1	36	39	intra_ayah:45:30:root:10
co-45_30-01170	45:30	w-s045-a030-w013	w-s045-a030-w005	ب ي ن	ص ل ح	8	5	5	1	17	24	intra_ayah:45:30:root:11
co-45_30-01171	45:30	w-s045-a030-w013	w-s045-a030-w004	ب ي ن	ع م ل	9	6	6	1	20	37	intra_ayah:45:30:root:12
co-45_30-01172	45:30	w-s045-a030-w013	w-s045-a030-w012	ب ي ن	ف و ز	1	1	1	1	4	7	intra_ayah:45:30:root:13
co-45_30-01173	45:30	w-s045-a030-w006	w-s045-a030-w007	د خ ل	ر ب ب	1	1	1	1	18	23	intra_ayah:45:30:root:14
co-45_30-01174	45:30	w-s045-a030-w006	w-s045-a030-w009	د خ ل	ر ح م	3	2	2	1	13	17	intra_ayah:45:30:root:15
co-45_30-01175	45:30	w-s045-a030-w006	w-s045-a030-w005	د خ ل	ص ل ح	1	1	1	1	20	26	intra_ayah:45:30:root:16
co-45_30-01176	45:30	w-s045-a030-w006	w-s045-a030-w004	د خ ل	ع م ل	2	2	2	1	20	24	intra_ayah:45:30:root:17
co-45_30-01177	45:30	w-s045-a030-w006	w-s045-a030-w012	د خ ل	ف و ز	6	3	3	1	6	6	intra_ayah:45:30:root:18
co-45_30-01178	45:30	w-s045-a030-w007	w-s045-a030-w009	ر ب ب	ر ح م	2	1	1	1	91	121	intra_ayah:45:30:root:19
co-45_30-01179	45:30	w-s045-a030-w003	w-s045-a030-w006	ء م ن	د خ ل	3	3	3	1	34	47	intra_ayah:45:30:root:2
co-45_30-01180	45:30	w-s045-a030-w007	w-s045-a030-w005	ر ب ب	ص ل ح	2	2	2	1	39	46	intra_ayah:45:30:root:20
co-45_30-01181	45:30	w-s045-a030-w007	w-s045-a030-w004	ر ب ب	ع م ل	3	3	3	1	51	69	intra_ayah:45:30:root:21
co-45_30-01182	45:30	w-s045-a030-w007	w-s045-a030-w012	ر ب ب	ف و ز	5	2	2	1	2	2	intra_ayah:45:30:root:22
co-45_30-01183	45:30	w-s045-a030-w009	w-s045-a030-w005	ر ح م	ص ل ح	4	3	3	1	22	24	intra_ayah:45:30:root:23
co-45_30-01184	45:30	w-s045-a030-w009	w-s045-a030-w004	ر ح م	ع م ل	5	4	4	1	13	15	intra_ayah:45:30:root:24
co-45_30-01185	45:30	w-s045-a030-w009	w-s045-a030-w012	ر ح م	ف و ز	3	1	1	1	3	3	intra_ayah:45:30:root:25
co-45_30-01186	45:30	w-s045-a030-w005	w-s045-a030-w004	ص ل ح	ع م ل	1	1	1	1	93	118	intra_ayah:45:30:root:26
co-45_30-01187	45:30	w-s045-a030-w005	w-s045-a030-w012	ص ل ح	ف و ز	7	4	4	1	4	5	intra_ayah:45:30:root:27
co-45_30-01188	45:30	w-s045-a030-w004	w-s045-a030-w012	ع م ل	ف و ز	8	5	5	1	4	5	intra_ayah:45:30:root:28
co-45_30-01189	45:30	w-s045-a030-w003	w-s045-a030-w007	ء م ن	ر ب ب	4	4	4	1	112	177	intra_ayah:45:30:root:3
co-45_30-01190	45:30	w-s045-a030-w003	w-s045-a030-w009	ء م ن	ر ح م	6	5	5	1	59	86	intra_ayah:45:30:root:4
co-45_30-01191	45:30	w-s045-a030-w003	w-s045-a030-w005	ء م ن	ص ل ح	2	2	2	1	82	102	intra_ayah:45:30:root:5
co-45_30-01192	45:30	w-s045-a030-w003	w-s045-a030-w004	ء م ن	ع م ل	1	1	1	1	101	139	intra_ayah:45:30:root:6
co-45_30-01193	45:30	w-s045-a030-w003	w-s045-a030-w012	ء م ن	ف و ز	9	6	6	1	8	11	intra_ayah:45:30:root:7
co-45_30-01194	45:30	w-s045-a030-w013	w-s045-a030-w006	ب ي ن	د خ ل	7	4	4	1	12	14	intra_ayah:45:30:root:8
co-45_30-01195	45:30	w-s045-a030-w013	w-s045-a030-w007	ب ي ن	ر ب ب	6	3	3	1	75	112	intra_ayah:45:30:root:9
co-45_31-01196	45:31	w-s045-a031-w006	w-s045-a031-w007	ء ي ي	ت ل و	1	1	1	1	33	37	intra_ayah:45:31:root:1
co-45_31-01197	45:31	w-s045-a031-w007	w-s045-a031-w003	ت ل و	ك ف ر	4	3	3	1	11	18	intra_ayah:45:31:root:10
co-45_31-01198	45:31	w-s045-a031-w007	w-s045-a031-w005	ت ل و	ك و ن	2	2	2	2	22	32	intra_ayah:45:31:root:11
co-45_31-01199	45:31	w-s045-a031-w007	w-s045-a031-w010	ت ل و	ك و ن	3	2	2	2	22	32	intra_ayah:45:31:root:11
co-45_31-01200	45:31	w-s045-a031-w012	w-s045-a031-w011	ج ر م	ق و م	1	1	1	1	18	23	intra_ayah:45:31:root:12
co-45_31-01201	45:31	w-s045-a031-w012	w-s045-a031-w009	ج ر م	ك ب ر	3	3	3	1	8	8	intra_ayah:45:31:root:13
co-45_31-01202	45:31	w-s045-a031-w012	w-s045-a031-w003	ج ر م	ك ف ر	9	7	7	1	2	2	intra_ayah:45:31:root:14
co-45_31-01203	45:31	w-s045-a031-w012	w-s045-a031-w005	ج ر م	ك و ن	7	2	6	2	16	18	intra_ayah:45:31:root:15
co-45_31-01204	45:31	w-s045-a031-w012	w-s045-a031-w010	ج ر م	ك و ن	2	2	6	2	16	18	intra_ayah:45:31:root:15
co-45_31-01205	45:31	w-s045-a031-w011	w-s045-a031-w009	ق و م	ك ب ر	2	2	2	1	15	17	intra_ayah:45:31:root:16
co-45_31-01206	45:31	w-s045-a031-w011	w-s045-a031-w003	ق و م	ك ف ر	8	6	6	1	55	71	intra_ayah:45:31:root:17
co-45_31-01207	45:31	w-s045-a031-w011	w-s045-a031-w005	ق و م	ك و ن	6	1	5	2	131	196	intra_ayah:45:31:root:18
co-45_31-01208	45:31	w-s045-a031-w011	w-s045-a031-w010	ق و م	ك و ن	1	1	5	2	131	196	intra_ayah:45:31:root:18
co-45_31-01209	45:31	w-s045-a031-w009	w-s045-a031-w003	ك ب ر	ك ف ر	6	4	4	1	18	25	intra_ayah:45:31:root:19
co-45_31-01210	45:31	w-s045-a031-w006	w-s045-a031-w012	ء ي ي	ج ر م	6	5	5	1	8	8	intra_ayah:45:31:root:2
co-45_31-01211	45:31	w-s045-a031-w009	w-s045-a031-w005	ك ب ر	ك و ن	4	1	3	2	50	67	intra_ayah:45:31:root:20
co-45_31-01212	45:31	w-s045-a031-w009	w-s045-a031-w010	ك ب ر	ك و ن	1	1	3	2	50	67	intra_ayah:45:31:root:20
co-45_31-01213	45:31	w-s045-a031-w003	w-s045-a031-w005	ك ف ر	ك و ن	2	1	5	2	123	172	intra_ayah:45:31:root:21
co-45_31-01214	45:31	w-s045-a031-w003	w-s045-a031-w010	ك ف ر	ك و ن	7	1	5	2	123	172	intra_ayah:45:31:root:21
co-45_31-01215	45:31	w-s045-a031-w006	w-s045-a031-w011	ء ي ي	ق و م	5	4	4	1	67	82	intra_ayah:45:31:root:3
co-45_31-01216	45:31	w-s045-a031-w006	w-s045-a031-w009	ء ي ي	ك ب ر	3	2	2	1	23	27	intra_ayah:45:31:root:4
co-45_31-01217	45:31	w-s045-a031-w006	w-s045-a031-w003	ء ي ي	ك ف ر	3	2	2	1	51	58	intra_ayah:45:31:root:5
co-45_31-01218	45:31	w-s045-a031-w006	w-s045-a031-w005	ء ي ي	ك و ن	1	1	3	2	98	130	intra_ayah:45:31:root:6
co-45_31-01219	45:31	w-s045-a031-w006	w-s045-a031-w010	ء ي ي	ك و ن	4	1	3	2	98	130	intra_ayah:45:31:root:6
co-45_31-01220	45:31	w-s045-a031-w007	w-s045-a031-w012	ت ل و	ج ر م	5	4	4	1	1	1	intra_ayah:45:31:root:7
co-45_31-01221	45:31	w-s045-a031-w007	w-s045-a031-w011	ت ل و	ق و م	4	3	3	1	11	13	intra_ayah:45:31:root:8
co-45_31-01222	45:31	w-s045-a031-w007	w-s045-a031-w009	ت ل و	ك ب ر	2	1	1	1	6	6	intra_ayah:45:31:root:9
co-45_32-01223	45:32	w-s045-a032-w005	w-s045-a032-w006	ء ل ه	ح ق ق	1	1	1	1	120	236	intra_ayah:45:32:root:1
co-45_32-01224	45:32	w-s045-a032-w006	w-s045-a032-w009	ح ق ق	ر ي ب	3	2	2	1	3	4	intra_ayah:45:32:root:10
co-45_32-01225	45:32	w-s045-a032-w006	w-s045-a032-w007	ح ق ق	س و ع	1	1	5	2	5	6	intra_ayah:45:32:root:11
co-45_32-01226	45:32	w-s045-a032-w006	w-s045-a032-w015	ح ق ق	س و ع	9	1	5	2	5	6	intra_ayah:45:32:root:11
co-45_32-01227	45:32	w-s045-a032-w006	w-s045-a032-w017	ح ق ق	ظ ن ن	11	6	7	2	5	9	intra_ayah:45:32:root:12
co-45_32-01228	45:32	w-s045-a032-w006	w-s045-a032-w019	ح ق ق	ظ ن ن	13	6	7	2	5	9	intra_ayah:45:32:root:12
co-45_32-01229	45:32	w-s045-a032-w006	w-s045-a032-w002	ح ق ق	ق و ل	4	3	3	2	83	144	intra_ayah:45:32:root:13
co-45_32-01230	45:32	w-s045-a032-w006	w-s045-a032-w011	ح ق ق	ق و ل	5	3	3	2	83	144	intra_ayah:45:32:root:13
co-45_32-01231	45:32	w-s045-a032-w006	w-s045-a032-w004	ح ق ق	و ع د	2	2	2	1	23	32	intra_ayah:45:32:root:14
co-45_32-01232	45:32	w-s045-a032-w006	w-s045-a032-w022	ح ق ق	ي ق ن	16	8	8	1	4	4	intra_ayah:45:32:root:15
co-45_32-01233	45:32	w-s045-a032-w013	w-s045-a032-w009	د ر ي	ر ي ب	4	2	2	1	1	1	intra_ayah:45:32:root:16
co-45_32-01234	45:32	w-s045-a032-w013	w-s045-a032-w007	د ر ي	س و ع	6	1	3	2	4	7	intra_ayah:45:32:root:17
co-45_32-01235	45:32	w-s045-a032-w013	w-s045-a032-w015	د ر ي	س و ع	2	1	3	2	4	7	intra_ayah:45:32:root:17
co-45_32-01236	45:32	w-s045-a032-w013	w-s045-a032-w017	د ر ي	ظ ن ن	4	2	3	2	1	2	intra_ayah:45:32:root:18
co-45_32-01237	45:32	w-s045-a032-w013	w-s045-a032-w019	د ر ي	ظ ن ن	6	2	3	2	1	2	intra_ayah:45:32:root:18
co-45_32-01238	45:32	w-s045-a032-w013	w-s045-a032-w002	د ر ي	ق و ل	11	1	7	2	6	7	intra_ayah:45:32:root:19
co-45_32-01239	45:32	w-s045-a032-w013	w-s045-a032-w011	د ر ي	ق و ل	2	1	7	2	6	7	intra_ayah:45:32:root:19
co-45_32-01240	45:32	w-s045-a032-w005	w-s045-a032-w013	ء ل ه	د ر ي	8	5	5	1	7	15	intra_ayah:45:32:root:2
co-45_32-01241	45:32	w-s045-a032-w013	w-s045-a032-w004	د ر ي	و ع د	9	6	6	1	3	3	intra_ayah:45:32:root:20
co-45_32-01242	45:32	w-s045-a032-w013	w-s045-a032-w022	د ر ي	ي ق ن	9	4	4	1	1	1	intra_ayah:45:32:root:21
co-45_32-01243	45:32	w-s045-a032-w009	w-s045-a032-w007	ر ي ب	س و ع	2	1	3	2	4	5	intra_ayah:45:32:root:22
co-45_32-01244	45:32	w-s045-a032-w009	w-s045-a032-w015	ر ي ب	س و ع	6	1	3	2	4	5	intra_ayah:45:32:root:22
co-45_32-01245	45:32	w-s045-a032-w009	w-s045-a032-w017	ر ي ب	ظ ن ن	8	4	5	2	1	2	intra_ayah:45:32:root:23
co-45_32-01246	45:32	w-s045-a032-w009	w-s045-a032-w019	ر ي ب	ظ ن ن	10	4	5	2	1	2	intra_ayah:45:32:root:23
co-45_32-01247	45:32	w-s045-a032-w009	w-s045-a032-w002	ر ي ب	ق و ل	7	1	5	2	10	13	intra_ayah:45:32:root:24
co-45_32-01248	45:32	w-s045-a032-w009	w-s045-a032-w011	ر ي ب	ق و ل	2	1	5	2	10	13	intra_ayah:45:32:root:24
co-45_32-01249	45:32	w-s045-a032-w009	w-s045-a032-w004	ر ي ب	و ع د	5	4	4	1	3	3	intra_ayah:45:32:root:25
co-45_32-01250	45:32	w-s045-a032-w009	w-s045-a032-w022	ر ي ب	ي ق ن	13	6	6	1	2	2	intra_ayah:45:32:root:26
co-45_32-01251	45:32	w-s045-a032-w007	w-s045-a032-w017	س و ع	ظ ن ن	10	1	6	4	3	6	intra_ayah:45:32:root:27
co-45_32-01252	45:32	w-s045-a032-w007	w-s045-a032-w019	س و ع	ظ ن ن	12	1	6	4	3	6	intra_ayah:45:32:root:27
co-45_32-01253	45:32	w-s045-a032-w015	w-s045-a032-w017	س و ع	ظ ن ن	2	1	6	4	3	6	intra_ayah:45:32:root:27
co-45_32-01254	45:32	w-s045-a032-w015	w-s045-a032-w019	س و ع	ظ ن ن	4	1	6	4	3	6	intra_ayah:45:32:root:27
co-45_32-01255	45:32	w-s045-a032-w007	w-s045-a032-w002	س و ع	ق و ل	5	2	8	4	13	20	intra_ayah:45:32:root:28
co-45_32-01256	45:32	w-s045-a032-w007	w-s045-a032-w011	س و ع	ق و ل	4	2	8	4	13	20	intra_ayah:45:32:root:28
co-45_32-01257	45:32	w-s045-a032-w015	w-s045-a032-w002	س و ع	ق و ل	13	2	8	4	13	20	intra_ayah:45:32:root:28
co-45_32-01258	45:32	w-s045-a032-w015	w-s045-a032-w011	س و ع	ق و ل	4	2	8	4	13	20	intra_ayah:45:32:root:28
co-45_32-01259	45:32	w-s045-a032-w007	w-s045-a032-w004	س و ع	و ع د	3	3	7	2	6	8	intra_ayah:45:32:root:29
co-45_32-01260	45:32	w-s045-a032-w015	w-s045-a032-w004	س و ع	و ع د	11	3	7	2	6	8	intra_ayah:45:32:root:29
co-45_32-01261	45:32	w-s045-a032-w005	w-s045-a032-w009	ء ل ه	ر ي ب	4	3	3	1	21	34	intra_ayah:45:32:root:3
co-45_32-01262	45:32	w-s045-a032-w007	w-s045-a032-w022	س و ع	ي ق ن	15	3	7	2	1	2	intra_ayah:45:32:root:30
co-45_32-01263	45:32	w-s045-a032-w015	w-s045-a032-w022	س و ع	ي ق ن	7	3	7	2	1	2	intra_ayah:45:32:root:30
co-45_32-01264	45:32	w-s045-a032-w017	w-s045-a032-w002	ظ ن ن	ق و ل	15	3	10	4	17	30	intra_ayah:45:32:root:31
co-45_32-01265	45:32	w-s045-a032-w017	w-s045-a032-w011	ظ ن ن	ق و ل	6	3	10	4	17	30	intra_ayah:45:32:root:31
co-45_32-01266	45:32	w-s045-a032-w019	w-s045-a032-w002	ظ ن ن	ق و ل	17	3	10	4	17	30	intra_ayah:45:32:root:31
co-45_32-01267	45:32	w-s045-a032-w019	w-s045-a032-w011	ظ ن ن	ق و ل	8	3	10	4	17	30	intra_ayah:45:32:root:31
co-45_32-01268	45:32	w-s045-a032-w017	w-s045-a032-w004	ظ ن ن	و ع د	13	8	9	2	1	2	intra_ayah:45:32:root:32
co-45_32-01269	45:32	w-s045-a032-w019	w-s045-a032-w004	ظ ن ن	و ع د	15	8	9	2	1	2	intra_ayah:45:32:root:32
co-45_32-01270	45:32	w-s045-a032-w017	w-s045-a032-w022	ظ ن ن	ي ق ن	5	1	2	2	2	3	intra_ayah:45:32:root:33
co-45_32-01271	45:32	w-s045-a032-w019	w-s045-a032-w022	ظ ن ن	ي ق ن	3	1	2	2	2	3	intra_ayah:45:32:root:33
co-45_32-01272	45:32	w-s045-a032-w002	w-s045-a032-w004	ق و ل	و ع د	2	1	5	2	44	58	intra_ayah:45:32:root:34
co-45_32-01273	45:32	w-s045-a032-w011	w-s045-a032-w004	ق و ل	و ع د	7	1	5	2	44	58	intra_ayah:45:32:root:34
co-45_32-01274	45:32	w-s045-a032-w002	w-s045-a032-w022	ق و ل	ي ق ن	20	5	11	2	7	10	intra_ayah:45:32:root:35
co-45_32-01275	45:32	w-s045-a032-w011	w-s045-a032-w022	ق و ل	ي ق ن	11	5	11	2	7	10	intra_ayah:45:32:root:35
co-45_32-01276	45:32	w-s045-a032-w004	w-s045-a032-w022	و ع د	ي ق ن	18	10	10	1	2	2	intra_ayah:45:32:root:36
co-45_32-01277	45:32	w-s045-a032-w005	w-s045-a032-w007	ء ل ه	س و ع	2	2	6	2	17	22	intra_ayah:45:32:root:4
co-45_32-01278	45:32	w-s045-a032-w005	w-s045-a032-w015	ء ل ه	س و ع	10	2	6	2	17	22	intra_ayah:45:32:root:4
co-45_32-01279	45:32	w-s045-a032-w005	w-s045-a032-w017	ء ل ه	ظ ن ن	12	7	8	2	25	53	intra_ayah:45:32:root:5
co-45_32-01280	45:32	w-s045-a032-w005	w-s045-a032-w019	ء ل ه	ظ ن ن	14	7	8	2	25	53	intra_ayah:45:32:root:5
co-45_32-01281	45:32	w-s045-a032-w005	w-s045-a032-w002	ء ل ه	ق و ل	3	2	4	2	514	1188	intra_ayah:45:32:root:6
co-45_32-01282	45:32	w-s045-a032-w005	w-s045-a032-w011	ء ل ه	ق و ل	6	2	4	2	514	1188	intra_ayah:45:32:root:6
co-45_32-01283	45:32	w-s045-a032-w005	w-s045-a032-w004	ء ل ه	و ع د	1	1	1	1	50	101	intra_ayah:45:32:root:7
co-45_32-01284	45:32	w-s045-a032-w005	w-s045-a032-w022	ء ل ه	ي ق ن	17	9	9	1	7	8	intra_ayah:45:32:root:8
co-45_32-01285	45:32	w-s045-a032-w006	w-s045-a032-w013	ح ق ق	د ر ي	7	4	4	1	3	3	intra_ayah:45:32:root:9
co-45_33-01286	45:33	w-s045-a033-w001	w-s045-a033-w006	ب د و	ح ي ق	5	3	3	1	2	2	intra_ayah:45:33:root:1
co-45_33-01287	45:33	w-s045-a033-w003	w-s045-a033-w005	س و ء	ع م ل	2	1	1	1	42	55	intra_ayah:45:33:root:10
co-45_33-01288	45:33	w-s045-a033-w003	w-s045-a033-w009	س و ء	ك و ن	6	3	3	1	50	67	intra_ayah:45:33:root:11
co-45_33-01289	45:33	w-s045-a033-w003	w-s045-a033-w011	س و ء	ه ز ء	8	4	4	1	4	5	intra_ayah:45:33:root:12
co-45_33-01290	45:33	w-s045-a033-w005	w-s045-a033-w009	ع م ل	ك و ن	4	2	2	1	110	151	intra_ayah:45:33:root:13
co-45_33-01291	45:33	w-s045-a033-w005	w-s045-a033-w011	ع م ل	ه ز ء	6	3	3	1	2	2	intra_ayah:45:33:root:14
co-45_33-01292	45:33	w-s045-a033-w009	w-s045-a033-w011	ك و ن	ه ز ء	2	1	1	1	18	23	intra_ayah:45:33:root:15
co-45_33-01293	45:33	w-s045-a033-w001	w-s045-a033-w003	ب د و	س و ء	2	1	1	1	9	10	intra_ayah:45:33:root:2
co-45_33-01294	45:33	w-s045-a033-w001	w-s045-a033-w005	ب د و	ع م ل	4	2	2	1	2	2	intra_ayah:45:33:root:3
co-45_33-01295	45:33	w-s045-a033-w001	w-s045-a033-w009	ب د و	ك و ن	8	4	4	1	15	18	intra_ayah:45:33:root:4
co-45_33-01296	45:33	w-s045-a033-w001	w-s045-a033-w011	ب د و	ه ز ء	10	5	5	1	2	2	intra_ayah:45:33:root:5
co-45_33-01297	45:33	w-s045-a033-w006	w-s045-a033-w003	ح ي ق	س و ء	3	2	2	1	5	7	intra_ayah:45:33:root:6
co-45_33-01298	45:33	w-s045-a033-w006	w-s045-a033-w005	ح ي ق	ع م ل	1	1	1	1	2	2	intra_ayah:45:33:root:7
co-45_33-01299	45:33	w-s045-a033-w006	w-s045-a033-w009	ح ي ق	ك و ن	3	1	1	1	8	9	intra_ayah:45:33:root:8
co-45_33-01300	45:33	w-s045-a033-w006	w-s045-a033-w011	ح ي ق	ه ز ء	5	2	2	1	8	10	intra_ayah:45:33:root:9
co-45_34-01301	45:34	w-s045-a034-w009	w-s045-a034-w001	ء و ي	ق و ل	8	6	6	1	11	15	intra_ayah:45:34:root:1
co-45_34-01302	45:34	w-s045-a034-w001	w-s045-a034-w010	ق و ل	ن و ر	9	7	7	1	46	79	intra_ayah:45:34:root:10
co-45_34-01303	45:34	w-s045-a034-w001	w-s045-a034-w002	ق و ل	ي و م	1	1	5	2	94	148	intra_ayah:45:34:root:11
co-45_34-01304	45:34	w-s045-a034-w001	w-s045-a034-w007	ق و ل	ي و م	6	1	5	2	94	148	intra_ayah:45:34:root:11
co-45_34-01305	45:34	w-s045-a034-w006	w-s045-a034-w003	ل ق ي	ن س ي	3	1	2	2	3	6	intra_ayah:45:34:root:12
co-45_34-01306	45:34	w-s045-a034-w006	w-s045-a034-w005	ل ق ي	ن س ي	1	1	2	2	3	6	intra_ayah:45:34:root:12
co-45_34-01307	45:34	w-s045-a034-w006	w-s045-a034-w014	ل ق ي	ن ص ر	8	4	4	1	3	3	intra_ayah:45:34:root:13
co-45_34-01308	45:34	w-s045-a034-w006	w-s045-a034-w010	ل ق ي	ن و ر	4	3	3	1	5	5	intra_ayah:45:34:root:14
co-45_34-01309	45:34	w-s045-a034-w006	w-s045-a034-w002	ل ق ي	ي و م	4	1	3	2	24	29	intra_ayah:45:34:root:15
co-45_34-01310	45:34	w-s045-a034-w006	w-s045-a034-w007	ل ق ي	ي و م	1	1	3	2	24	29	intra_ayah:45:34:root:15
co-45_34-01311	45:34	w-s045-a034-w003	w-s045-a034-w014	ن س ي	ن ص ر	11	5	6	2	3	4	intra_ayah:45:34:root:16
co-45_34-01312	45:34	w-s045-a034-w005	w-s045-a034-w014	ن س ي	ن ص ر	9	5	6	2	3	4	intra_ayah:45:34:root:16
co-45_34-01313	45:34	w-s045-a034-w003	w-s045-a034-w010	ن س ي	ن و ر	7	4	5	2	2	3	intra_ayah:45:34:root:17
co-45_34-01314	45:34	w-s045-a034-w005	w-s045-a034-w010	ن س ي	ن و ر	5	4	5	2	2	3	intra_ayah:45:34:root:17
co-45_34-01315	45:34	w-s045-a034-w003	w-s045-a034-w002	ن س ي	ي و م	1	1	3	4	8	16	intra_ayah:45:34:root:18
co-45_34-01316	45:34	w-s045-a034-w003	w-s045-a034-w007	ن س ي	ي و م	4	1	3	4	8	16	intra_ayah:45:34:root:18
co-45_34-01317	45:34	w-s045-a034-w005	w-s045-a034-w002	ن س ي	ي و م	3	1	3	4	8	16	intra_ayah:45:34:root:18
co-45_34-01318	45:34	w-s045-a034-w005	w-s045-a034-w007	ن س ي	ي و م	2	1	3	4	8	16	intra_ayah:45:34:root:18
co-45_34-01319	45:34	w-s045-a034-w014	w-s045-a034-w010	ن ص ر	ن و ر	4	1	1	1	11	11	intra_ayah:45:34:root:19
co-45_34-01320	45:34	w-s045-a034-w009	w-s045-a034-w006	ء و ي	ل ق ي	3	2	2	1	2	2	intra_ayah:45:34:root:2
co-45_34-01321	45:34	w-s045-a034-w014	w-s045-a034-w002	ن ص ر	ي و م	12	3	7	2	17	19	intra_ayah:45:34:root:20
co-45_34-01322	45:34	w-s045-a034-w014	w-s045-a034-w007	ن ص ر	ي و م	7	3	7	2	17	19	intra_ayah:45:34:root:20
co-45_34-01323	45:34	w-s045-a034-w010	w-s045-a034-w002	ن و ر	ي و م	8	2	6	2	28	33	intra_ayah:45:34:root:21
co-45_34-01324	45:34	w-s045-a034-w010	w-s045-a034-w007	ن و ر	ي و م	3	2	6	2	28	33	intra_ayah:45:34:root:21
co-45_34-01325	45:34	w-s045-a034-w009	w-s045-a034-w003	ء و ي	ن س ي	6	3	4	2	2	4	intra_ayah:45:34:root:3
co-45_34-01326	45:34	w-s045-a034-w009	w-s045-a034-w005	ء و ي	ن س ي	4	3	4	2	2	4	intra_ayah:45:34:root:3
co-45_34-01327	45:34	w-s045-a034-w009	w-s045-a034-w014	ء و ي	ن ص ر	5	2	2	1	6	8	intra_ayah:45:34:root:4
co-45_34-01328	45:34	w-s045-a034-w009	w-s045-a034-w010	ء و ي	ن و ر	1	1	1	1	8	9	intra_ayah:45:34:root:5
co-45_34-01329	45:34	w-s045-a034-w009	w-s045-a034-w002	ء و ي	ي و م	7	1	5	2	5	6	intra_ayah:45:34:root:6
co-45_34-01330	45:34	w-s045-a034-w009	w-s045-a034-w007	ء و ي	ي و م	2	1	5	2	5	6	intra_ayah:45:34:root:6
co-45_34-01331	45:34	w-s045-a034-w001	w-s045-a034-w006	ق و ل	ل ق ي	5	4	4	1	42	62	intra_ayah:45:34:root:7
co-45_34-01332	45:34	w-s045-a034-w001	w-s045-a034-w003	ق و ل	ن س ي	2	2	3	2	14	18	intra_ayah:45:34:root:8
co-45_34-01333	45:34	w-s045-a034-w001	w-s045-a034-w005	ق و ل	ن س ي	4	2	3	2	14	18	intra_ayah:45:34:root:8
co-45_34-01334	45:34	w-s045-a034-w001	w-s045-a034-w014	ق و ل	ن ص ر	13	8	8	1	35	67	intra_ayah:45:34:root:9
co-45_35-01335	45:35	w-s045-a035-w003	w-s045-a035-w005	ء خ ذ	ء ل ه	2	2	2	1	113	204	intra_ayah:45:35:root:1
co-45_35-01336	45:35	w-s045-a035-w005	w-s045-a035-w004	ء ل ه	ء ي ي	1	1	1	1	121	199	intra_ayah:45:35:root:10
co-45_35-01337	45:35	w-s045-a035-w005	w-s045-a035-w008	ء ل ه	ح ي ي	3	3	3	1	73	128	intra_ayah:45:35:root:11
co-45_35-01338	45:35	w-s045-a035-w005	w-s045-a035-w012	ء ل ه	خ ر ج	7	6	6	1	66	121	intra_ayah:45:35:root:12
co-45_35-01339	45:35	w-s045-a035-w005	w-s045-a035-w009	ء ل ه	د ن و	4	4	4	1	63	109	intra_ayah:45:35:root:13
co-45_35-01340	45:35	w-s045-a035-w005	w-s045-a035-w016	ء ل ه	ع ت ب	11	7	7	1	1	1	intra_ayah:45:35:root:14
co-45_35-01341	45:35	w-s045-a035-w005	w-s045-a035-w007	ء ل ه	غ ر ر	2	2	2	1	10	26	intra_ayah:45:35:root:15
co-45_35-01342	45:35	w-s045-a035-w005	w-s045-a035-w006	ء ل ه	ه ز ء	1	1	1	1	13	18	intra_ayah:45:35:root:16
co-45_35-01343	45:35	w-s045-a035-w005	w-s045-a035-w010	ء ل ه	ي و م	5	5	5	1	125	226	intra_ayah:45:35:root:17
co-45_35-01344	45:35	w-s045-a035-w004	w-s045-a035-w008	ء ي ي	ح ي ي	4	4	4	1	17	20	intra_ayah:45:35:root:18
co-45_35-01345	45:35	w-s045-a035-w004	w-s045-a035-w012	ء ي ي	خ ر ج	8	7	7	1	15	19	intra_ayah:45:35:root:19
co-45_35-01346	45:35	w-s045-a035-w003	w-s045-a035-w004	ء خ ذ	ء ي ي	1	1	1	1	20	27	intra_ayah:45:35:root:2
co-45_35-01347	45:35	w-s045-a035-w004	w-s045-a035-w009	ء ي ي	د ن و	5	5	5	1	9	9	intra_ayah:45:35:root:20
co-45_35-01348	45:35	w-s045-a035-w004	w-s045-a035-w016	ء ي ي	ع ت ب	12	8	8	1	1	1	intra_ayah:45:35:root:21
co-45_35-01349	45:35	w-s045-a035-w004	w-s045-a035-w007	ء ي ي	غ ر ر	3	3	3	1	4	4	intra_ayah:45:35:root:22
co-45_35-01350	45:35	w-s045-a035-w004	w-s045-a035-w006	ء ي ي	ه ز ء	2	2	2	1	9	9	intra_ayah:45:35:root:23
co-45_35-01351	45:35	w-s045-a035-w004	w-s045-a035-w010	ء ي ي	ي و م	6	6	6	1	18	25	intra_ayah:45:35:root:24
co-45_35-01352	45:35	w-s045-a035-w008	w-s045-a035-w012	ح ي ي	خ ر ج	4	3	3	1	15	33	intra_ayah:45:35:root:25
co-45_35-01353	45:35	w-s045-a035-w008	w-s045-a035-w009	ح ي ي	د ن و	1	1	1	1	66	79	intra_ayah:45:35:root:26
co-45_35-01354	45:35	w-s045-a035-w008	w-s045-a035-w016	ح ي ي	ع ت ب	8	4	4	1	1	1	intra_ayah:45:35:root:27
co-45_35-01355	45:35	w-s045-a035-w008	w-s045-a035-w007	ح ي ي	غ ر ر	1	1	1	1	8	13	intra_ayah:45:35:root:28
co-45_35-01356	45:35	w-s045-a035-w008	w-s045-a035-w006	ح ي ي	ه ز ء	2	2	2	1	1	1	intra_ayah:45:35:root:29
co-45_35-01357	45:35	w-s045-a035-w003	w-s045-a035-w008	ء خ ذ	ح ي ي	5	5	5	1	11	12	intra_ayah:45:35:root:3
co-45_35-01358	45:35	w-s045-a035-w008	w-s045-a035-w010	ح ي ي	ي و م	2	2	2	1	19	26	intra_ayah:45:35:root:30
co-45_35-01359	45:35	w-s045-a035-w012	w-s045-a035-w009	خ ر ج	د ن و	3	2	2	1	7	10	intra_ayah:45:35:root:31
co-45_35-01360	45:35	w-s045-a035-w012	w-s045-a035-w016	خ ر ج	ع ت ب	4	1	1	1	1	1	intra_ayah:45:35:root:32
co-45_35-01361	45:35	w-s045-a035-w012	w-s045-a035-w007	خ ر ج	غ ر ر	5	4	4	1	1	1	intra_ayah:45:35:root:33
co-45_35-01362	45:35	w-s045-a035-w012	w-s045-a035-w006	خ ر ج	ه ز ء	6	5	5	1	2	2	intra_ayah:45:35:root:34
co-45_35-01363	45:35	w-s045-a035-w012	w-s045-a035-w010	خ ر ج	ي و م	2	1	1	1	11	13	intra_ayah:45:35:root:35
co-45_35-01364	45:35	w-s045-a035-w009	w-s045-a035-w016	د ن و	ع ت ب	7	3	3	1	1	1	intra_ayah:45:35:root:36
co-45_35-01365	45:35	w-s045-a035-w009	w-s045-a035-w007	د ن و	غ ر ر	2	2	2	1	8	13	intra_ayah:45:35:root:37
co-45_35-01366	45:35	w-s045-a035-w009	w-s045-a035-w006	د ن و	ه ز ء	3	3	3	1	1	1	intra_ayah:45:35:root:38
co-45_35-01367	45:35	w-s045-a035-w009	w-s045-a035-w010	د ن و	ي و م	1	1	1	1	19	21	intra_ayah:45:35:root:39
co-45_35-01368	45:35	w-s045-a035-w003	w-s045-a035-w012	ء خ ذ	خ ر ج	9	8	8	1	5	6	intra_ayah:45:35:root:4
co-45_35-01369	45:35	w-s045-a035-w016	w-s045-a035-w007	ع ت ب	غ ر ر	9	5	5	1	1	1	intra_ayah:45:35:root:40
co-45_35-01370	45:35	w-s045-a035-w016	w-s045-a035-w006	ع ت ب	ه ز ء	10	6	6	1	1	1	intra_ayah:45:35:root:41
co-45_35-01371	45:35	w-s045-a035-w016	w-s045-a035-w010	ع ت ب	ي و م	6	2	2	1	2	2	intra_ayah:45:35:root:42
co-45_35-01372	45:35	w-s045-a035-w007	w-s045-a035-w006	غ ر ر	ه ز ء	1	1	1	1	1	1	intra_ayah:45:35:root:43
co-45_35-01373	45:35	w-s045-a035-w007	w-s045-a035-w010	غ ر ر	ي و م	3	3	3	1	6	9	intra_ayah:45:35:root:44
co-45_35-01374	45:35	w-s045-a035-w006	w-s045-a035-w010	ه ز ء	ي و م	4	4	4	1	2	2	intra_ayah:45:35:root:45
co-45_35-01375	45:35	w-s045-a035-w003	w-s045-a035-w009	ء خ ذ	د ن و	6	6	6	1	9	12	intra_ayah:45:35:root:5
co-45_35-01376	45:35	w-s045-a035-w003	w-s045-a035-w016	ء خ ذ	ع ت ب	13	9	9	1	1	1	intra_ayah:45:35:root:6
co-45_35-01377	45:35	w-s045-a035-w003	w-s045-a035-w007	ء خ ذ	غ ر ر	4	4	4	1	3	4	intra_ayah:45:35:root:7
co-45_35-01378	45:35	w-s045-a035-w003	w-s045-a035-w006	ء خ ذ	ه ز ء	3	3	3	1	12	13	intra_ayah:45:35:root:8
co-45_35-01379	45:35	w-s045-a035-w003	w-s045-a035-w010	ء خ ذ	ي و م	7	7	7	1	18	21	intra_ayah:45:35:root:9
co-45_36-01380	45:36	w-s045-a036-w006	w-s045-a036-w001	ء ر ض	ء ل ه	5	5	5	1	215	380	intra_ayah:45:36:root:1
co-45_36-01381	45:36	w-s045-a036-w002	w-s045-a036-w003	ح م د	ر ب ب	1	1	5	3	25	32	intra_ayah:45:36:root:10
co-45_36-01382	45:36	w-s045-a036-w002	w-s045-a036-w005	ح م د	ر ب ب	3	1	5	3	25	32	intra_ayah:45:36:root:10
co-45_36-01383	45:36	w-s045-a036-w002	w-s045-a036-w007	ح م د	ر ب ب	5	1	5	3	25	32	intra_ayah:45:36:root:10
co-45_36-01384	45:36	w-s045-a036-w002	w-s045-a036-w004	ح م د	س م و	2	2	2	1	13	15	intra_ayah:45:36:root:11
co-45_36-01385	45:36	w-s045-a036-w002	w-s045-a036-w008	ح م د	ع ل م	6	6	6	1	15	17	intra_ayah:45:36:root:12
co-45_36-01386	45:36	w-s045-a036-w003	w-s045-a036-w004	ر ب ب	س م و	1	1	3	3	61	77	intra_ayah:45:36:root:13
co-45_36-01387	45:36	w-s045-a036-w005	w-s045-a036-w004	ر ب ب	س م و	1	1	3	3	61	77	intra_ayah:45:36:root:13
co-45_36-01388	45:36	w-s045-a036-w007	w-s045-a036-w004	ر ب ب	س م و	3	1	3	3	61	77	intra_ayah:45:36:root:13
co-45_36-01389	45:36	w-s045-a036-w003	w-s045-a036-w008	ر ب ب	ع ل م	5	1	5	3	129	173	intra_ayah:45:36:root:14
co-45_36-01390	45:36	w-s045-a036-w005	w-s045-a036-w008	ر ب ب	ع ل م	3	1	5	3	129	173	intra_ayah:45:36:root:14
co-45_36-01391	45:36	w-s045-a036-w007	w-s045-a036-w008	ر ب ب	ع ل م	1	1	5	3	129	173	intra_ayah:45:36:root:14
co-45_36-01392	45:36	w-s045-a036-w004	w-s045-a036-w008	س م و	ع ل م	4	4	4	1	72	111	intra_ayah:45:36:root:15
co-45_36-01393	45:36	w-s045-a036-w006	w-s045-a036-w002	ء ر ض	ح م د	4	4	4	1	17	19	intra_ayah:45:36:root:2
co-45_36-01394	45:36	w-s045-a036-w006	w-s045-a036-w003	ء ر ض	ر ب ب	3	1	3	3	58	68	intra_ayah:45:36:root:3
co-45_36-01395	45:36	w-s045-a036-w006	w-s045-a036-w005	ء ر ض	ر ب ب	1	1	3	3	58	68	intra_ayah:45:36:root:3
co-45_36-01396	45:36	w-s045-a036-w006	w-s045-a036-w007	ء ر ض	ر ب ب	1	1	3	3	58	68	intra_ayah:45:36:root:3
co-45_36-01397	45:36	w-s045-a036-w006	w-s045-a036-w004	ء ر ض	س م و	2	2	2	1	224	263	intra_ayah:45:36:root:4
co-45_36-01398	45:36	w-s045-a036-w006	w-s045-a036-w008	ء ر ض	ع ل م	2	2	2	1	85	119	intra_ayah:45:36:root:5
co-45_36-01399	45:36	w-s045-a036-w001	w-s045-a036-w002	ء ل ه	ح م د	1	1	1	1	42	63	intra_ayah:45:36:root:6
co-45_36-01400	45:36	w-s045-a036-w001	w-s045-a036-w003	ء ل ه	ر ب ب	2	2	6	3	204	368	intra_ayah:45:36:root:7
co-45_36-01401	45:36	w-s045-a036-w001	w-s045-a036-w005	ء ل ه	ر ب ب	4	2	6	3	204	368	intra_ayah:45:36:root:7
co-45_36-01402	45:36	w-s045-a036-w001	w-s045-a036-w007	ء ل ه	ر ب ب	6	2	6	3	204	368	intra_ayah:45:36:root:7
co-45_36-01403	45:36	w-s045-a036-w001	w-s045-a036-w004	ء ل ه	س م و	3	3	3	1	185	319	intra_ayah:45:36:root:8
co-45_36-01404	45:36	w-s045-a036-w001	w-s045-a036-w008	ء ل ه	ع ل م	7	7	7	1	408	878	intra_ayah:45:36:root:9
co-45_37-01405	45:37	w-s045-a037-w005	w-s045-a037-w008	ء ر ض	ح ك م	3	2	2	1	22	24	intra_ayah:45:37:root:1
co-45_37-01406	45:37	w-s045-a037-w007	w-s045-a037-w002	ع ز ز	ك ب ر	5	3	3	1	3	3	intra_ayah:45:37:root:10
co-45_37-01407	45:37	w-s045-a037-w005	w-s045-a037-w004	ء ر ض	س م و	1	1	1	1	224	263	intra_ayah:45:37:root:2
co-45_37-01408	45:37	w-s045-a037-w005	w-s045-a037-w007	ء ر ض	ع ز ز	2	1	1	1	14	14	intra_ayah:45:37:root:3
co-45_37-01409	45:37	w-s045-a037-w005	w-s045-a037-w002	ء ر ض	ك ب ر	3	2	2	1	18	18	intra_ayah:45:37:root:4
co-45_37-01410	45:37	w-s045-a037-w008	w-s045-a037-w004	ح ك م	س م و	4	3	3	1	16	18	intra_ayah:45:37:root:5
co-45_37-01411	45:37	w-s045-a037-w008	w-s045-a037-w007	ح ك م	ع ز ز	1	1	1	1	49	50	intra_ayah:45:37:root:6
co-45_37-01412	45:37	w-s045-a037-w008	w-s045-a037-w002	ح ك م	ك ب ر	6	4	4	1	4	5	intra_ayah:45:37:root:7
co-45_37-01413	45:37	w-s045-a037-w004	w-s045-a037-w007	س م و	ع ز ز	3	2	2	1	13	17	intra_ayah:45:37:root:8
co-45_37-01414	45:37	w-s045-a037-w004	w-s045-a037-w002	س م و	ك ب ر	2	1	1	1	11	11	intra_ayah:45:37:root:9
