attachment_unit_id	ayah_ref	qac_ayah_ref	unit_index	word_id	qac_word_ref	morpheme_ids	attachment_surfaces	attachment_roots	prep_bases	binding_method	binding_status
q:1:1:1	26:0	1:1	1	w-s026-a000-w001	1:1:1	m-w-s026-a000-w001-01	بِسْمِ		بـ	position_crosswalk	morpheme_aligned
q:1:1:2	26:0	1:1	2	w-s026-a000-w001	1:1:1	m-w-s026-a000-w001-02	بِسْمِ	س م و	بـ	position_crosswalk	morpheme_aligned
q:1:1:3	26:0	1:1	3	w-s026-a000-w002	1:1:2	m-w-s026-a000-w002-01	اللَّهِ	أ ل ه		position_crosswalk	morpheme_aligned
q:1:1:4	26:0	1:1	4	w-s026-a000-w003	1:1:3	m-w-s026-a000-w003-02	الرَّحْمَنِ	ر ح م		position_crosswalk	morpheme_aligned
q:1:1:5	26:0	1:1	5	w-s026-a000-w003	1:1:3	m-w-s026-a000-w003-02	الرَّحِيمِ	ر ح م		surface_root_sequence_fallback	morpheme_aligned
q:26:2:1	26:2	26:2	1	w-s026-a002-w001	26:2:1	m-w-s026-a002-w001-01	تِلْكَ	ت ل ك		position_crosswalk	morpheme_aligned
q:26:2:2	26:2	26:2	2	w-s026-a002-w002	26:2:2	m-w-s026-a002-w002-01	آيَاتُ	أ ي ي		position_crosswalk	morpheme_aligned
q:26:2:3	26:2	26:2	3	w-s026-a002-w003	26:2:3	m-w-s026-a002-w003-02	الْكِتَابِ	ك ت ب		position_crosswalk	morpheme_aligned
q:26:2:4	26:2	26:2	4	w-s026-a002-w004	26:2:4	m-w-s026-a002-w004-02	الْمُبِينِ	ب ي ن		position_crosswalk	morpheme_aligned
q:26:3:1	26:3	26:3	1	w-s026-a003-w001	26:3:1	m-w-s026-a003-w001-01;m-w-s026-a003-w001-02	لَعَلَّكَ	ل ع ل		position_crosswalk	morpheme_aligned
q:26:3:2	26:3	26:3	2	w-s026-a003-w002	26:3:2	m-w-s026-a003-w002-01	بَاخِعٌ	ب خ ع		position_crosswalk	morpheme_aligned
q:26:3:3	26:3	26:3	3	w-s026-a003-w003	26:3:3	m-w-s026-a003-w003-01	نَفْسَكَ	ن ف س		position_crosswalk	morpheme_aligned
q:26:3:4	26:3	26:3	4	w-s026-a003-w004	26:3:4		أَلَّا			position_crosswalk	word_aligned
q:26:3:5	26:3	26:3	5	w-s026-a003-w005	26:3:5	m-w-s026-a003-w005-01	يَكُونُوا	ك و ن		position_crosswalk	morpheme_aligned
q:26:3:6	26:3	26:3	6	w-s026-a003-w006	26:3:6	m-w-s026-a003-w006-01	مُؤْمِنِينَ	أ م ن		position_crosswalk	morpheme_aligned
q:26:4:2	26:4	26:4	2	w-s026-a004-w002	26:4:2	m-w-s026-a004-w002-01	نَشَأْ	ش ي أ		position_crosswalk	morpheme_aligned
q:26:4:3	26:4	26:4	3	w-s026-a004-w003	26:4:3	m-w-s026-a004-w003-01	نُنَزِّلْ	ن ز ل	عَلَى;مِن	position_crosswalk	morpheme_aligned
q:26:4:4	26:4	26:4	4	w-s026-a004-w004	26:4:4	m-w-s026-a004-w004-02;m-w-s026-a004-w004-01			عَلَى	position_crosswalk	morpheme_aligned
q:26:4:5	26:4	26:4	5	w-s026-a004-w005	26:4:5	m-w-s026-a004-w005-01			مِن	position_crosswalk	morpheme_aligned
q:26:4:6	26:4	26:4	6	w-s026-a004-w006	26:4:6	m-w-s026-a004-w006-02	السَّمَاءِ	س م و	مِن	position_crosswalk	morpheme_aligned
q:26:4:7	26:4	26:4	7	w-s026-a004-w007	26:4:7	m-w-s026-a004-w007-01	آيَةً	أ ي ي		position_crosswalk	morpheme_aligned
q:26:4:9	26:4	26:4	9	w-s026-a004-w008	26:4:8	m-w-s026-a004-w008-02	فَظَلَّتْ	ظ ل ل		position_crosswalk	morpheme_aligned
q:26:4:10	26:4	26:4	10	w-s026-a004-w009	26:4:9	m-w-s026-a004-w009-01	أَعْنَاقُهُمْ	ع ن ق		position_crosswalk	morpheme_aligned
q:26:4:11	26:4	26:4	11	w-s026-a004-w010	26:4:10	m-w-s026-a004-w010-01			لـ	position_crosswalk	morpheme_aligned
q:26:4:12	26:4	26:4	12	w-s026-a004-w010	26:4:10	m-w-s026-a004-w010-02	لَهَا		لـ	position_crosswalk	morpheme_aligned
q:26:4:13	26:4	26:4	13	w-s026-a004-w011	26:4:11	m-w-s026-a004-w011-01	خَاضِعِينَ	خ ض ع	لـ	position_crosswalk	morpheme_aligned
q:26:5:3	26:5	26:5	3	w-s026-a005-w002	26:5:2	m-w-s026-a005-w002-01;m-w-s026-a005-w002-02	يَأْتِيهِمْ	أ ت ي	مِن	position_crosswalk	morpheme_aligned
q:26:5:4	26:5	26:5	4	w-s026-a005-w003	26:5:3	m-w-s026-a005-w003-01			مِن	position_crosswalk	morpheme_aligned
q:26:5:5	26:5	26:5	5	w-s026-a005-w004	26:5:4	m-w-s026-a005-w004-01	ذِكْرٍ	ذ ك ر	مِن	position_crosswalk	morpheme_aligned
q:26:5:6	26:5	26:5	6	w-s026-a005-w005	26:5:5	m-w-s026-a005-w005-01			مِن	position_crosswalk	morpheme_aligned
q:26:5:7	26:5	26:5	7	w-s026-a005-w006	26:5:6	m-w-s026-a005-w006-02	الرَّحْمَنِ	ر ح م	مِن	position_crosswalk	morpheme_aligned
q:26:5:8	26:5	26:5	8	w-s026-a005-w007	26:5:7	m-w-s026-a005-w007-01	مُحْدَثٍ	ح د ث		position_crosswalk	morpheme_aligned
q:26:5:9	26:5	26:5	9	w-s026-a005-w008	26:5:8	m-w-s026-a005-w008-01	إِلَّا	أ ل و		position_crosswalk	morpheme_aligned
q:26:5:10	26:5	26:5	10	w-s026-a005-w009	26:5:9	m-w-s026-a005-w009-01	كَانُوا	ك و ن		position_crosswalk	morpheme_aligned
q:26:5:11	26:5	26:5	11	w-s026-a005-w010	26:5:10	m-w-s026-a005-w010-02;m-w-s026-a005-w010-01			عَن	position_crosswalk	morpheme_aligned
q:26:5:12	26:5	26:5	12	w-s026-a005-w011	26:5:11	m-w-s026-a005-w011-01	مُعْرِضِينَ	ع ر ض	عَن	position_crosswalk	morpheme_aligned
q:26:6:2	26:6	26:6	2	w-s026-a006-w001	26:6:1	m-w-s026-a006-w001-02	فَقَدْ	ق د د		position_crosswalk	morpheme_aligned
q:26:6:3	26:6	26:6	3	w-s026-a006-w002	26:6:2	m-w-s026-a006-w002-01	كَذَّبُوا	ك ذ ب		position_crosswalk	morpheme_aligned
q:26:6:5	26:6	26:6	5	w-s026-a006-w003	26:6:3	m-w-s026-a006-w003-03;m-w-s026-a006-w003-04	فَسَيَأْتِيهِمْ	أ ت ي		position_crosswalk	morpheme_aligned
q:26:6:6	26:6	26:6	6	w-s026-a006-w004	26:6:4	m-w-s026-a006-w004-01	أَنْبَاءُ	ن ب أ		surface_root_sequence_fallback	morpheme_aligned
q:26:6:7	26:6	26:6	7	w-s026-a006-w005	26:6:5	m-w-s026-a006-w005-01	مَا			surface_root_sequence_fallback	morpheme_aligned
q:26:6:8	26:6	26:6	8	w-s026-a006-w006	26:6:6	m-w-s026-a006-w006-01	كَانُوا	ك و ن		surface_root_sequence_fallback	morpheme_aligned
q:26:6:9	26:6	26:6	9	w-s026-a006-w007	26:6:7	m-w-s026-a006-w007-02;m-w-s026-a006-w007-01			بـ	surface_root_sequence_fallback	morpheme_aligned
q:26:6:10	26:6	26:6	10	w-s026-a006-w008	26:6:8	m-w-s026-a006-w008-01	يَسْتَهْزِئُونَ	ه ز أ	بـ	surface_root_sequence_fallback	morpheme_aligned
q:26:7:3	26:7	26:7	3	w-s026-a007-w002	26:7:2	m-w-s026-a007-w002-01	يَرَوْا	ر أ ي	إِلَى	surface_root_sequence_fallback	morpheme_aligned
q:26:7:4	26:7	26:7	4	w-s026-a007-w003	26:7:3	m-w-s026-a007-w003-01			إِلَى	surface_root_sequence_fallback	morpheme_aligned
q:26:7:5	26:7	26:7	5	w-s026-a007-w004	26:7:4	m-w-s026-a007-w004-02	الْأَرْضِ	أ ر ض	إِلَى	surface_root_sequence_fallback	morpheme_aligned
q:26:7:6	26:7	26:7	6	w-s026-a007-w005	26:7:5	m-w-s026-a007-w005-01	كَمْ	ك م م	مِن	surface_root_sequence_fallback	morpheme_aligned
q:26:7:7	26:7	26:7	7	w-s026-a007-w006	26:7:6	m-w-s026-a007-w006-01	أَنْبَتْنَا	ن ب ت	فِي	surface_root_sequence_fallback	morpheme_aligned
q:26:7:8	26:7	26:7	8	w-s026-a007-w007	26:7:7	m-w-s026-a007-w007-02;m-w-s026-a007-w007-01			فِي	surface_root_sequence_fallback	morpheme_aligned
q:26:7:9	26:7	26:7	9	w-s026-a007-w008	26:7:8	m-w-s026-a007-w008-01			مِن	surface_root_sequence_fallback	morpheme_aligned
q:26:7:10	26:7	26:7	10	w-s026-a007-w009	26:7:9	m-w-s026-a007-w009-01	كُلِّ	ك ل ل	مِن	surface_root_sequence_fallback	morpheme_aligned
q:26:7:11	26:7	26:7	11	w-s026-a007-w010	26:7:10	m-w-s026-a007-w010-01	زَوْجٍ	ز و ج		surface_root_sequence_fallback	morpheme_aligned
q:26:7:12	26:7	26:7	12	w-s026-a007-w011	26:7:11	m-w-s026-a007-w011-01	كَرِيمٍ	ك ر م		surface_root_sequence_fallback	morpheme_aligned
q:26:8:1	26:8	26:8	1	w-s026-a008-w001	26:8:1	m-w-s026-a008-w001-01	إِنَّ			position_crosswalk	morpheme_aligned
q:26:8:2	26:8	26:8	2	w-s026-a008-w002	26:8:2	m-w-s026-a008-w002-01			فِي	position_crosswalk	morpheme_aligned
q:26:8:3	26:8	26:8	3	w-s026-a008-w003	26:8:3	m-w-s026-a008-w003-01	ذَلِكَ		فِي	position_crosswalk	morpheme_aligned
q:26:8:5	26:8	26:8	5	w-s026-a008-w004	26:8:4	m-w-s026-a008-w004-02	لَآيَةً	أ ي ي	فِي	position_crosswalk	morpheme_aligned
q:26:8:8	26:8	26:8	8	w-s026-a008-w006	26:8:6	m-w-s026-a008-w006-01	كَانَ	ك و ن		position_crosswalk	morpheme_aligned
q:26:8:9	26:8	26:8	9	w-s026-a008-w007	26:8:7	m-w-s026-a008-w007-01	أَكْثَرُهُمْ	ك ث ر		position_crosswalk	morpheme_aligned
q:26:8:10	26:8	26:8	10	w-s026-a008-w008	26:8:8	m-w-s026-a008-w008-01	مُؤْمِنِينَ	أ م ن		position_crosswalk	morpheme_aligned
q:26:9:2	26:9	26:9	2	w-s026-a009-w001	26:9:1	m-w-s026-a009-w001-02	وَإِنَّ			position_crosswalk	morpheme_aligned
q:26:9:3	26:9	26:9	3	w-s026-a009-w002	26:9:2	m-w-s026-a009-w002-01	رَبَّكَ	ر ب ب		position_crosswalk	morpheme_aligned
q:26:9:5	26:9	26:9	5	w-s026-a009-w003	26:9:3	m-w-s026-a009-w003-02	لَهُوَ			position_crosswalk	morpheme_aligned
q:26:9:6	26:9	26:9	6	w-s026-a009-w004	26:9:4	m-w-s026-a009-w004-02	الْعَزِيزُ	ع ز ز		position_crosswalk	morpheme_aligned
q:26:9:7	26:9	26:9	7	w-s026-a009-w005	26:9:5	m-w-s026-a009-w005-02	الرَّحِيمُ	ر ح م		position_crosswalk	morpheme_aligned
q:26:10:2	26:10	26:10	2	w-s026-a010-w001	26:10:1	m-w-s026-a010-w001-02	وَإِذْ	أ ذ ي		position_crosswalk	morpheme_aligned
q:26:10:3	26:10	26:10	3	w-s026-a010-w002	26:10:2	m-w-s026-a010-w002-01	نَادَى	ن د ي		position_crosswalk	morpheme_aligned
q:26:10:4	26:10	26:10	4	w-s026-a010-w003	26:10:3	m-w-s026-a010-w003-01	رَبُّكَ	ر ب ب		position_crosswalk	morpheme_aligned
q:26:10:5	26:10	26:10	5	w-s026-a010-w004	26:10:4	m-w-s026-a010-w004-01	مُوسَى			position_crosswalk	morpheme_aligned
q:26:10:6	26:10	26:10	6	w-s026-a010-w005	26:10:5	m-w-s026-a010-w005-01	أَنِ			position_crosswalk	morpheme_aligned
q:26:10:7	26:10	26:10	7	w-s026-a010-w006	26:10:6	m-w-s026-a010-w006-01	ائْتِ	أ ت ي		position_crosswalk	morpheme_aligned
q:26:10:8	26:10	26:10	8	w-s026-a010-w007	26:10:7	m-w-s026-a010-w007-02	الْقَوْمَ	ق و م		position_crosswalk	morpheme_aligned
q:26:10:9	26:10	26:10	9	w-s026-a010-w008	26:10:8	m-w-s026-a010-w008-02	الظَّالِمِينَ	ظ ل م		position_crosswalk	morpheme_aligned
q:26:11:1	26:11	26:11	1	w-s026-a011-w001	26:11:1	m-w-s026-a011-w001-01	قَوْمَ	ق و م		position_crosswalk	morpheme_aligned
q:26:11:2	26:11	26:11	2	w-s026-a011-w002	26:11:2	m-w-s026-a011-w002-01	فِرْعَوْنَ	ف ر ع ن		position_crosswalk	morpheme_aligned
q:26:12:1	26:12	26:12	1	w-s026-a012-w001	26:12:1	m-w-s026-a012-w001-01	قَالَ	ق و ل		position_crosswalk	morpheme_aligned
q:26:12:2	26:12	26:12	2	w-s026-a012-w002	26:12:2	m-w-s026-a012-w002-01	رَبِّ	ر ب ب		position_crosswalk	morpheme_aligned
q:26:12:3	26:12	26:12	3	w-s026-a012-w003	26:12:3	m-w-s026-a012-w003-01;m-w-s026-a012-w003-02	إِنِّي			position_crosswalk	morpheme_aligned
q:26:12:4	26:12	26:12	4	w-s026-a012-w004	26:12:4	m-w-s026-a012-w004-01	أَخَافُ	خ و ف		position_crosswalk	morpheme_aligned
q:26:12:5	26:12	26:12	5	w-s026-a012-w005	26:12:5	m-w-s026-a012-w005-01	أَنْ			position_crosswalk	morpheme_aligned
q:26:12:6	26:12	26:12	6	w-s026-a012-w006	26:12:6	m-w-s026-a012-w006-01	يُكَذِّبُونِ	ك ذ ب		position_crosswalk	morpheme_aligned
q:26:13:2	26:13	26:13	2	w-s026-a013-w001	26:13:1	m-w-s026-a013-w001-02	وَيَضِيقُ	ض ي ق		position_crosswalk	morpheme_aligned
q:26:13:3	26:13	26:13	3	w-s026-a013-w002	26:13:2	m-w-s026-a013-w002-01	صَدْرِي	ص د ر		position_crosswalk	morpheme_aligned
q:26:13:6	26:13	26:13	6	w-s026-a013-w004	26:13:4	m-w-s026-a013-w004-01	يَنْطَلِقُ	ط ل ق		position_crosswalk	morpheme_aligned
q:26:13:7	26:13	26:13	7	w-s026-a013-w005	26:13:5	m-w-s026-a013-w005-01	لِسَانِي	ل س ن		position_crosswalk	morpheme_aligned
q:26:13:9	26:13	26:13	9	w-s026-a013-w006	26:13:6	m-w-s026-a013-w006-02	فَأَرْسِلْ	ر س ل	إِلَى	position_crosswalk	morpheme_aligned
q:26:13:10	26:13	26:13	10	w-s026-a013-w007	26:13:7	m-w-s026-a013-w007-01			إِلَى	position_crosswalk	morpheme_aligned
q:26:13:11	26:13	26:13	11	w-s026-a013-w008	26:13:8	m-w-s026-a013-w008-01	هَارُونَ		إِلَى	position_crosswalk	morpheme_aligned
q:26:14:2	26:14	26:14	2	w-s026-a014-w001	26:14:1	m-w-s026-a014-w001-03;m-w-s026-a014-w001-02	وَلَهُمْ	و ل ي	لـ	position_crosswalk	morpheme_aligned
q:26:14:3	26:14	26:14	3	w-s026-a014-w002	26:14:2	m-w-s026-a014-w002-02;m-w-s026-a014-w002-01			عَلَى	surface_root_sequence_fallback	morpheme_aligned
q:26:14:4	26:14	26:14	4	w-s026-a014-w003	26:14:3	m-w-s026-a014-w003-01	ذَنْبٌ	ذ ن ب	لـ;عَلَى	surface_root_sequence_fallback	morpheme_aligned
q:26:14:6	26:14	26:14	6	w-s026-a014-w004	26:14:4	m-w-s026-a014-w004-02	فَأَخَافُ	خ و ف		position_crosswalk	morpheme_aligned
q:26:14:7	26:14	26:14	7	w-s026-a014-w005	26:14:5	m-w-s026-a014-w005-01	أَنْ			surface_root_sequence_fallback	morpheme_aligned
q:26:14:8	26:14	26:14	8	w-s026-a014-w006	26:14:6	m-w-s026-a014-w006-01	يَقْتُلُونِ	ق ت ل		surface_root_sequence_fallback	morpheme_aligned
q:26:15:1	26:15	26:15	1	w-s026-a015-w001	26:15:1	m-w-s026-a015-w001-01	قَالَ	ق و ل		position_crosswalk	morpheme_aligned
q:26:15:2	26:15	26:15	2	w-s026-a015-w002	26:15:2	m-w-s026-a015-w002-01	كَلَّا	ك ل و		position_crosswalk	morpheme_aligned
q:26:15:4	26:15	26:15	4	w-s026-a015-w003	26:15:3	m-w-s026-a015-w003-02	فَاذْهَبَا	ذ ه ب	بـ	position_crosswalk	morpheme_aligned
q:26:15:5	26:15	26:15	5	w-s026-a015-w004	26:15:4	m-w-s026-a015-w004-01			بـ	position_crosswalk	morpheme_aligned
q:26:15:6	26:15	26:15	6	w-s026-a015-w004	26:15:4	m-w-s026-a015-w004-02	بِآيَاتِنَا	أ ي ي	بـ	position_crosswalk	morpheme_aligned
q:26:15:7	26:15	26:15	7	w-s026-a015-w005	26:15:5	m-w-s026-a015-w005-01;m-w-s026-a015-w005-02	إِنَّا			position_crosswalk	morpheme_aligned
q:26:15:8	26:15	26:15	8	w-s026-a015-w006	26:15:6	m-w-s026-a015-w006-01	مَعَكُمْ	م ع ع		position_crosswalk	morpheme_aligned
q:26:15:9	26:15	26:15	9	w-s026-a015-w007	26:15:7	m-w-s026-a015-w007-01	مُسْتَمِعُونَ	س م ع		position_crosswalk	morpheme_aligned
q:26:16:2	26:16	26:16	2	w-s026-a016-w001	26:16:1	m-w-s026-a016-w001-02	فَأْتِيَا	أ ت ي		position_crosswalk	morpheme_aligned
q:26:16:3	26:16	26:16	3	w-s026-a016-w002	26:16:2	m-w-s026-a016-w002-01	فِرْعَوْنَ	ف ر ع ن		position_crosswalk	morpheme_aligned
q:26:16:5	26:16	26:16	5	w-s026-a016-w003	26:16:3	m-w-s026-a016-w003-02	فَقُولَا	ق و ل		position_crosswalk	morpheme_aligned
q:26:16:6	26:16	26:16	6	w-s026-a016-w004	26:16:4	m-w-s026-a016-w004-01;m-w-s026-a016-w004-02	إِنَّا			position_crosswalk	morpheme_aligned
q:26:16:7	26:16	26:16	7	w-s026-a016-w005	26:16:5	m-w-s026-a016-w005-01	رَسُولُ	ر س ل		position_crosswalk	morpheme_aligned
q:26:16:8	26:16	26:16	8	w-s026-a016-w006	26:16:6	m-w-s026-a016-w006-01	رَبِّ	ر ب ب		position_crosswalk	morpheme_aligned
q:26:16:9	26:16	26:16	9	w-s026-a016-w007	26:16:7	m-w-s026-a016-w007-02	الْعَالَمِينَ	ع ل م		position_crosswalk	morpheme_aligned
q:26:17:2	26:17	26:17	2	w-s026-a017-w002	26:17:2	m-w-s026-a017-w002-01	أَرْسِلْ	ر س ل		position_crosswalk	morpheme_aligned
q:26:17:3	26:17	26:17	3	w-s026-a017-w003	26:17:3	m-w-s026-a017-w003-01	مَعَنَا	م ع ع		position_crosswalk	morpheme_aligned
q:26:17:4	26:17	26:17	4	w-s026-a017-w004	26:17:4	m-w-s026-a017-w004-01	بَنِي	ب ن ي		position_crosswalk	morpheme_aligned
q:26:17:5	26:17	26:17	5	w-s026-a017-w005	26:17:5	m-w-s026-a017-w005-01	إِسْرَائِيلَ	س ر ي ل		position_crosswalk	morpheme_aligned
q:26:18:1	26:18	26:18	1	w-s026-a018-w001	26:18:1	m-w-s026-a018-w001-01	قَالَ	ق و ل		position_crosswalk	morpheme_aligned
q:26:18:2	26:18	26:18	2	w-s026-a018-w002	26:18:2	m-w-s026-a018-w002-02	أَلَمْ	ل م م		position_crosswalk	morpheme_aligned
q:26:18:3	26:18	26:18	3	w-s026-a018-w003	26:18:3	m-w-s026-a018-w003-01;m-w-s026-a018-w003-02	نُرَبِّكَ	ر ب ب	فِي	surface_root_sequence_fallback	morpheme_aligned
q:26:18:4	26:18	26:18	4	w-s026-a018-w004	26:18:4	m-w-s026-a018-w004-02;m-w-s026-a018-w004-01			فِي	surface_root_sequence_fallback	morpheme_aligned
q:26:18:5	26:18	26:18	5	w-s026-a018-w005	26:18:5	m-w-s026-a018-w005-01	وَلِيدَاً	و ل د		surface_root_sequence_fallback	morpheme_aligned
q:26:18:7	26:18	26:18	7	w-s026-a018-w006	26:18:6	m-w-s026-a018-w006-02	وَلَبِثْتَ	ل ب ث	فِي	position_crosswalk	morpheme_aligned
q:26:18:8	26:18	26:18	8	w-s026-a018-w007	26:18:7	m-w-s026-a018-w007-02;m-w-s026-a018-w007-01			فِي	surface_root_sequence_fallback	morpheme_aligned
q:26:18:9	26:18	26:18	9	w-s026-a018-w008	26:18:8	m-w-s026-a018-w008-01			مِن	surface_root_sequence_fallback	morpheme_aligned
q:26:18:10	26:18	26:18	10	w-s026-a018-w009	26:18:9	m-w-s026-a018-w009-01	عُمُرِكَ	ع م ر	مِن	surface_root_sequence_fallback	morpheme_aligned
q:26:18:11	26:18	26:18	11	w-s026-a018-w010	26:18:10	m-w-s026-a018-w010-01	سِنِينَ	س ن ن	مِن	surface_root_sequence_fallback	morpheme_aligned
q:26:19:2	26:19	26:19	2	w-s026-a019-w001	26:19:1	m-w-s026-a019-w001-02	وَفَعَلْتَ	ف ع ل		position_crosswalk	morpheme_aligned
q:26:19:3	26:19	26:19	3	w-s026-a019-w001	26:19:1	m-w-s026-a019-w001-02	فَعْلَتَكَ	ف ع ل		surface_root_sequence_fallback	morpheme_aligned
q:26:19:4	26:19	26:19	4	w-s026-a019-w003	26:19:3	m-w-s026-a019-w003-01	الَّتِي	ل ل ت		position_crosswalk	morpheme_aligned
q:26:19:5	26:19	26:19	5	w-s026-a019-w004	26:19:4	m-w-s026-a019-w004-01	فَعَلْتَ	ف ع ل		position_crosswalk	morpheme_aligned
q:26:19:7	26:19	26:19	7	w-s026-a019-w005	26:19:5	m-w-s026-a019-w005-02	وَأَنْتَ		مِن	position_crosswalk	morpheme_aligned
q:26:19:8	26:19	26:19	8	w-s026-a019-w006	26:19:6	m-w-s026-a019-w006-01			مِن	position_crosswalk	morpheme_aligned
q:26:19:9	26:19	26:19	9	w-s026-a019-w007	26:19:7	m-w-s026-a019-w007-02	الْكَافِرِينَ	ك ف ر	مِن	position_crosswalk	morpheme_aligned
q:26:20:1	26:20	26:20	1	w-s026-a020-w001	26:20:1	m-w-s026-a020-w001-01	قَالَ	ق و ل		position_crosswalk	morpheme_aligned
q:26:20:2	26:20	26:20	2	w-s026-a020-w002	26:20:2	m-w-s026-a020-w002-01	فَعَلْتُهَا	ف ع ل		position_crosswalk	morpheme_aligned
q:26:20:3	26:20	26:20	3	w-s026-a020-w003	26:20:3	m-w-s026-a020-w003-01	إِذَاً	أ ذ ي		position_crosswalk	morpheme_aligned
q:26:20:5	26:20	26:20	5	w-s026-a020-w004	26:20:4	m-w-s026-a020-w004-02	وَأَنَا		مِن	position_crosswalk	morpheme_aligned
q:26:20:6	26:20	26:20	6	w-s026-a020-w005	26:20:5	m-w-s026-a020-w005-01			مِن	position_crosswalk	morpheme_aligned
q:26:20:7	26:20	26:20	7	w-s026-a020-w006	26:20:6	m-w-s026-a020-w006-02	الضَّالِّينَ	ض ل ل	مِن	position_crosswalk	morpheme_aligned
q:26:21:2	26:21	26:21	2	w-s026-a021-w001	26:21:1	m-w-s026-a021-w001-02	فَفَرَرْتُ	ف ر ر	مِن	position_crosswalk	morpheme_aligned
q:26:21:3	26:21	26:21	3	w-s026-a021-w002	26:21:2	m-w-s026-a021-w002-02;m-w-s026-a021-w002-01			مِن	position_crosswalk	morpheme_aligned
q:26:21:4	26:21	26:21	4	w-s026-a021-w003	26:21:3	m-w-s026-a021-w003-01	لَمَّا	ل م م		position_crosswalk	morpheme_aligned
q:26:21:5	26:21	26:21	5	w-s026-a021-w004	26:21:4	m-w-s026-a021-w004-01	خِفْتُكُمْ	خ و ف		position_crosswalk	morpheme_aligned
q:26:21:7	26:21	26:21	7	w-s026-a021-w005	26:21:5	m-w-s026-a021-w005-02	فَوَهَبَ	و ه ب	لـ	position_crosswalk	morpheme_aligned
q:26:21:8	26:21	26:21	8	w-s026-a021-w006	26:21:6	m-w-s026-a021-w006-02;m-w-s026-a021-w006-01			لـ	position_crosswalk	morpheme_aligned
q:26:21:9	26:21	26:21	9	w-s026-a021-w007	26:21:7	m-w-s026-a021-w007-01	رَبِّي	ر ب ب		surface_root_sequence_fallback	morpheme_aligned
q:26:21:10	26:21	26:21	10	w-s026-a021-w008	26:21:8	m-w-s026-a021-w008-01	حُكْمَاً	ح ك م		surface_root_sequence_fallback	morpheme_aligned
q:26:21:12	26:21	26:21	12	w-s026-a021-w009	26:21:9	m-w-s026-a021-w009-02;m-w-s026-a021-w009-03	وَجَعَلَنِي	ج ع ل	مِن	position_crosswalk	morpheme_aligned
q:26:21:13	26:21	26:21	13	w-s026-a021-w010	26:21:10	m-w-s026-a021-w010-01			مِن	surface_root_sequence_fallback	morpheme_aligned
q:26:21:14	26:21	26:21	14	w-s026-a021-w011	26:21:11	m-w-s026-a021-w011-02	الْمُرْسَلِينَ	ر س ل	مِن	surface_root_sequence_fallback	morpheme_aligned
q:26:22:2	26:22	26:22	2	w-s026-a022-w001	26:22:1	m-w-s026-a022-w001-02	وَتِلْكَ	ت ل ك		position_crosswalk	morpheme_aligned
q:26:22:3	26:22	26:22	3	w-s026-a022-w002	26:22:2	m-w-s026-a022-w002-01	نِعْمَةٌ	ن ع م		position_crosswalk	morpheme_aligned
q:26:22:4	26:22	26:22	4	w-s026-a022-w003	26:22:3	m-w-s026-a022-w003-01;m-w-s026-a022-w003-02	تَمُنُّهَا	م ن ن	عَلَى	position_crosswalk	morpheme_aligned
q:26:22:5	26:22	26:22	5	w-s026-a022-w004	26:22:4	m-w-s026-a022-w004-02;m-w-s026-a022-w004-01			عَلَى	position_crosswalk	morpheme_aligned
q:26:22:6	26:22	26:22	6	w-s026-a022-w005	26:22:5	m-w-s026-a022-w005-01	أَنْ			position_crosswalk	morpheme_aligned
q:26:22:7	26:22	26:22	7	w-s026-a022-w006	26:22:6	m-w-s026-a022-w006-01	عَبَّدْتَ	ع ب د		position_crosswalk	morpheme_aligned
q:26:22:8	26:22	26:22	8	w-s026-a022-w007	26:22:7	m-w-s026-a022-w007-01	بَنِي	ب ن ي		position_crosswalk	morpheme_aligned
q:26:22:9	26:22	26:22	9	w-s026-a022-w008	26:22:8	m-w-s026-a022-w008-01	إِسْرَائِيلَ	س ر ي ل		position_crosswalk	morpheme_aligned
q:26:23:1	26:23	26:23	1	w-s026-a023-w001	26:23:1	m-w-s026-a023-w001-01	قَالَ	ق و ل		position_crosswalk	morpheme_aligned
q:26:23:2	26:23	26:23	2	w-s026-a023-w002	26:23:2	m-w-s026-a023-w002-01	فِرْعَوْنُ	ف ر ع ن		position_crosswalk	morpheme_aligned
q:26:23:3	26:23	26:23	3	w-s026-a023-w003	26:23:3	m-w-s026-a023-w003-01	وَمَا	أ و ي		position_crosswalk	morpheme_aligned
q:26:23:4	26:23	26:23	4	w-s026-a023-w003	26:23:3	m-w-s026-a023-w003-02	وَمَا			position_crosswalk	morpheme_aligned
q:26:23:5	26:23	26:23	5	w-s026-a023-w004	26:23:4	m-w-s026-a023-w004-01	رَبُّ	ر ب ب		position_crosswalk	morpheme_aligned
q:26:23:6	26:23	26:23	6	w-s026-a023-w005	26:23:5	m-w-s026-a023-w005-02	الْعَالَمِينَ	ع ل م		position_crosswalk	morpheme_aligned
q:26:24:1	26:24	26:24	1	w-s026-a024-w001	26:24:1	m-w-s026-a024-w001-01	قَالَ	ق و ل		position_crosswalk	morpheme_aligned
q:26:24:2	26:24	26:24	2	w-s026-a024-w002	26:24:2	m-w-s026-a024-w002-01	رَبُّ	ر ب ب		position_crosswalk	morpheme_aligned
q:26:24:3	26:24	26:24	3	w-s026-a024-w003	26:24:3	m-w-s026-a024-w003-02	السَّمَاوَاتِ	س م و		position_crosswalk	morpheme_aligned
q:26:24:5	26:24	26:24	5	w-s026-a024-w004	26:24:4	m-w-s026-a024-w004-03	وَالْأَرْضِ	أ ر ض		position_crosswalk	morpheme_aligned
q:26:24:7	26:24	26:24	7	w-s026-a024-w005	26:24:5	m-w-s026-a024-w005-02	وَمَا			position_crosswalk	morpheme_aligned
q:26:24:8	26:24	26:24	8	w-s026-a024-w006	26:24:6	m-w-s026-a024-w006-01	بَيْنَهُمَا	ب ي ن		position_crosswalk	morpheme_aligned
q:26:24:10	26:24	26:24	10	w-s026-a024-w008	26:24:8	m-w-s026-a024-w008-01	كُنْتُمْ	ك و ن		position_crosswalk	morpheme_aligned
q:26:24:11	26:24	26:24	11	w-s026-a024-w009	26:24:9	m-w-s026-a024-w009-01	مُوقِنِينَ	ي ق ن		position_crosswalk	morpheme_aligned
q:26:25:1	26:25	26:25	1	w-s026-a025-w001	26:25:1	m-w-s026-a025-w001-01	قَالَ	ق و ل	لـ	position_crosswalk	morpheme_aligned
q:26:25:2	26:25	26:25	2	w-s026-a025-w001	26:25:1	m-w-s026-a025-w001-01			لـ	surface_root_sequence_fallback	morpheme_aligned
q:26:25:3	26:25	26:25	3	w-s026-a025-w002	26:25:2	m-w-s026-a025-w002-02	لِمَنْ	م ن ن	لـ	position_crosswalk	morpheme_aligned
q:26:25:4	26:25	26:25	4	w-s026-a025-w003	26:25:3	m-w-s026-a025-w003-01	حَوْلَهُ	ح و ل		position_crosswalk	morpheme_aligned
q:26:25:5	26:25	26:25	5	w-s026-a025-w004	26:25:4	m-w-s026-a025-w004-02	أَلَا	أ ل و		position_crosswalk	morpheme_aligned
q:26:26:1	26:26	26:26	1	w-s026-a026-w001	26:26:1	m-w-s026-a026-w001-01	قَالَ	ق و ل		position_crosswalk	morpheme_aligned
q:26:26:2	26:26	26:26	2	w-s026-a026-w002	26:26:2	m-w-s026-a026-w002-01	رَبُّكُمْ	ر ب ب		position_crosswalk	morpheme_aligned
q:26:26:4	26:26	26:26	4	w-s026-a026-w002	26:26:2	m-w-s026-a026-w002-01	وَرَبُّ	ر ب ب		surface_root_sequence_fallback	morpheme_aligned
q:26:26:5	26:26	26:26	5	w-s026-a026-w004	26:26:4	m-w-s026-a026-w004-01	آبَائِكُمُ	أ ب و		position_crosswalk	morpheme_aligned
q:26:26:6	26:26	26:26	6	w-s026-a026-w005	26:26:5	m-w-s026-a026-w005-02	الْأَوَّلِينَ	أ و ل		position_crosswalk	morpheme_aligned
q:26:27:1	26:27	26:27	1	w-s026-a027-w001	26:27:1	m-w-s026-a027-w001-01	قَالَ	ق و ل		position_crosswalk	morpheme_aligned
q:26:27:2	26:27	26:27	2	w-s026-a027-w002	26:27:2	m-w-s026-a027-w002-01	إِنَّ			position_crosswalk	morpheme_aligned
q:26:27:3	26:27	26:27	3	w-s026-a027-w003	26:27:3	m-w-s026-a027-w003-01	رَسُولَكُمُ	ر س ل		position_crosswalk	morpheme_aligned
q:26:27:4	26:27	26:27	4	w-s026-a027-w004	26:27:4	m-w-s026-a027-w004-01	الَّذِي	ل ل ذ		position_crosswalk	morpheme_aligned
q:26:27:5	26:27	26:27	5	w-s026-a027-w005	26:27:5	m-w-s026-a027-w005-01	أُرْسِلَ	ر س ل	إِلَى	position_crosswalk	morpheme_aligned
q:26:27:6	26:27	26:27	6	w-s026-a027-w006	26:27:6	m-w-s026-a027-w006-02;m-w-s026-a027-w006-01			إِلَى	position_crosswalk	morpheme_aligned
q:26:27:8	26:27	26:27	8	w-s026-a027-w007	26:27:7	m-w-s026-a027-w007-02	لَمَجْنُونٌ	ج ن ن		position_crosswalk	morpheme_aligned
q:26:28:1	26:28	26:28	1	w-s026-a028-w001	26:28:1	m-w-s026-a028-w001-01	قَالَ	ق و ل		position_crosswalk	morpheme_aligned
q:26:28:2	26:28	26:28	2	w-s026-a028-w002	26:28:2	m-w-s026-a028-w002-01	رَبُّ	ر ب ب		position_crosswalk	morpheme_aligned
q:26:28:3	26:28	26:28	3	w-s026-a028-w003	26:28:3	m-w-s026-a028-w003-02	الْمَشْرِقِ	ش ر ق		position_crosswalk	morpheme_aligned
q:26:28:5	26:28	26:28	5	w-s026-a028-w004	26:28:4	m-w-s026-a028-w004-03	وَالْمَغْرِبِ	غ ر ب		position_crosswalk	morpheme_aligned
q:26:28:7	26:28	26:28	7	w-s026-a028-w005	26:28:5	m-w-s026-a028-w005-02	وَمَا			position_crosswalk	morpheme_aligned
q:26:28:8	26:28	26:28	8	w-s026-a028-w006	26:28:6	m-w-s026-a028-w006-01	بَيْنَهُمَا	ب ي ن		position_crosswalk	morpheme_aligned
q:26:28:10	26:28	26:28	10	w-s026-a028-w008	26:28:8	m-w-s026-a028-w008-01	كُنْتُمْ	ك و ن		position_crosswalk	morpheme_aligned
q:26:28:11	26:28	26:28	11	w-s026-a028-w009	26:28:9	m-w-s026-a028-w009-01	تَعْقِلُونَ	ع ق ل		position_crosswalk	morpheme_aligned
q:26:29:1	26:29	26:29	1	w-s026-a029-w001	26:29:1	m-w-s026-a029-w001-01	قَالَ	ق و ل		position_crosswalk	morpheme_aligned
q:26:29:2	26:29	26:29	2	w-s026-a029-w002	26:29:2	m-w-s026-a029-w002-02	لَئِنِ	و ل ي		position_crosswalk	morpheme_aligned
q:26:29:4	26:29	26:29	4	w-s026-a029-w003	26:29:3	m-w-s026-a029-w003-01	اتَّخَذْتَ	أ خ ذ		position_crosswalk	morpheme_aligned
q:26:29:5	26:29	26:29	5	w-s026-a029-w004	26:29:4	m-w-s026-a029-w004-01	إِلَهَاً	أ ل ه		position_crosswalk	morpheme_aligned
q:26:29:6	26:29	26:29	6	w-s026-a029-w005	26:29:5	m-w-s026-a029-w005-01	غَيْرِي	غ ي ر		position_crosswalk	morpheme_aligned
q:26:29:8	26:29	26:29	8	w-s026-a029-w006	26:29:6	m-w-s026-a029-w006-02;m-w-s026-a029-w006-04	لَأَجْعَلَنَّكَ	ج ع ل	مِن	position_crosswalk	morpheme_aligned
q:26:29:9	26:29	26:29	9	w-s026-a029-w007	26:29:7	m-w-s026-a029-w007-01			مِن	position_crosswalk	morpheme_aligned
q:26:29:10	26:29	26:29	10	w-s026-a029-w008	26:29:8	m-w-s026-a029-w008-02	الْمَسْجُونِينَ	س ج ن	مِن	position_crosswalk	morpheme_aligned
q:26:30:1	26:30	26:30	1	w-s026-a030-w001	26:30:1	m-w-s026-a030-w001-01	قَالَ	ق و ل		position_crosswalk	morpheme_aligned
q:26:30:2	26:30	26:30	2	w-s026-a030-w002	26:30:2	m-w-s026-a030-w002-03	أَوَلَوْ	أ و ل		position_crosswalk	morpheme_aligned
q:26:30:3	26:30	26:30	3	w-s026-a030-w003	26:30:3	m-w-s026-a030-w003-01	جِئْتُكَ	ج ي أ	بـ	surface_root_sequence_fallback	morpheme_aligned
q:26:30:4	26:30	26:30	4	w-s026-a030-w004	26:30:4	m-w-s026-a030-w004-01			بـ	surface_root_sequence_fallback	morpheme_aligned
q:26:30:5	26:30	26:30	5	w-s026-a030-w004	26:30:4	m-w-s026-a030-w004-02	بِشَيْءٍ	ش ي ء	بـ	surface_root_sequence_fallback	morpheme_aligned
q:26:30:6	26:30	26:30	6	w-s026-a030-w005	26:30:5	m-w-s026-a030-w005-01	مُبِينٍ	ب ي ن		surface_root_sequence_fallback	morpheme_aligned
q:26:31:1	26:31	26:31	1	w-s026-a031-w001	26:31:1	m-w-s026-a031-w001-01	قَالَ	ق و ل		position_crosswalk	morpheme_aligned
q:26:31:2	26:31	26:31	2	w-s026-a031-w002	26:31:2	m-w-s026-a031-w002-02	فَأْتِ	ف ي أ		position_crosswalk	morpheme_aligned
q:26:31:3	26:31	26:31	3	w-s026-a031-w002	26:31:2	m-w-s026-a031-w002-02	فَأْتِ	أ ت ي	بـ	position_crosswalk	morpheme_aligned
q:26:31:4	26:31	26:31	4	w-s026-a031-w003	26:31:3	m-w-s026-a031-w003-02;m-w-s026-a031-w003-01			بـ	position_crosswalk	morpheme_aligned
q:26:31:6	26:31	26:31	6	w-s026-a031-w005	26:31:5	m-w-s026-a031-w005-01	كُنْتَ	ك و ن	مِن	surface_root_sequence_fallback	morpheme_aligned
q:26:31:7	26:31	26:31	7	w-s026-a031-w006	26:31:6	m-w-s026-a031-w006-01			مِن	surface_root_sequence_fallback	morpheme_aligned
q:26:31:8	26:31	26:31	8	w-s026-a031-w007	26:31:7	m-w-s026-a031-w007-02	الصَّادِقِينَ	ص د ق	مِن	surface_root_sequence_fallback	morpheme_aligned
q:26:32:2	26:32	26:32	2	w-s026-a032-w001	26:32:1	m-w-s026-a032-w001-02	فَأَلْقَى	ل ق ي		position_crosswalk	morpheme_aligned
q:26:32:3	26:32	26:32	3	w-s026-a032-w002	26:32:2	m-w-s026-a032-w002-01	عَصَاهُ	ع ص ي		position_crosswalk	morpheme_aligned
q:26:32:6	26:32	26:32	6	w-s026-a032-w004	26:32:4	m-w-s026-a032-w004-01	هِيَ			position_crosswalk	morpheme_aligned
q:26:32:7	26:32	26:32	7	w-s026-a032-w005	26:32:5	m-w-s026-a032-w005-01	ثُعْبَانٌ	ث ع ب		position_crosswalk	morpheme_aligned
q:26:32:8	26:32	26:32	8	w-s026-a032-w006	26:32:6	m-w-s026-a032-w006-01	مُبِينٌ	ب ي ن		position_crosswalk	morpheme_aligned
q:26:33:2	26:33	26:33	2	w-s026-a033-w001	26:33:1	m-w-s026-a033-w001-02	وَنَزَعَ	ن ز ع		position_crosswalk	morpheme_aligned
q:26:33:3	26:33	26:33	3	w-s026-a033-w002	26:33:2	m-w-s026-a033-w002-01	يَدَهُ	ي د ي		position_crosswalk	morpheme_aligned
q:26:33:6	26:33	26:33	6	w-s026-a033-w004	26:33:4	m-w-s026-a033-w004-01	هِيَ			position_crosswalk	morpheme_aligned
q:26:33:7	26:33	26:33	7	w-s026-a033-w005	26:33:5	m-w-s026-a033-w005-01	بَيْضَاءُ	ب ي ض	لـ	position_crosswalk	morpheme_aligned
q:26:33:8	26:33	26:33	8	w-s026-a033-w006	26:33:6	m-w-s026-a033-w006-01			لـ	position_crosswalk	morpheme_aligned
q:26:33:9	26:33	26:33	9	w-s026-a033-w006	26:33:6	m-w-s026-a033-w006-03	لِلنَّاظِرِينَ	ن ظ ر	لـ	position_crosswalk	morpheme_aligned
q:26:34:1	26:34	26:34	1	w-s026-a034-w001	26:34:1	m-w-s026-a034-w001-01	قَالَ	ق و ل	لـ	position_crosswalk	morpheme_aligned
q:26:34:2	26:34	26:34	2	w-s026-a034-w001	26:34:1	m-w-s026-a034-w001-01			لـ	surface_root_sequence_fallback	morpheme_aligned
q:26:34:3	26:34	26:34	3	w-s026-a034-w002	26:34:2	m-w-s026-a034-w002-03	لِلْمَلَإِ	م ل أ	لـ	position_crosswalk	morpheme_aligned
q:26:34:4	26:34	26:34	4	w-s026-a034-w003	26:34:3	m-w-s026-a034-w003-01	حَوْلَهُ	ح و ل		position_crosswalk	morpheme_aligned
q:26:34:5	26:34	26:34	5	w-s026-a034-w004	26:34:4	m-w-s026-a034-w004-01	إِنَّ			position_crosswalk	morpheme_aligned
q:26:34:6	26:34	26:34	6	w-s026-a034-w005	26:34:5	m-w-s026-a034-w005-01	هَذَا			position_crosswalk	morpheme_aligned
q:26:34:8	26:34	26:34	8	w-s026-a034-w006	26:34:6	m-w-s026-a034-w006-02	لَسَاحِرٌ	س ح ر		position_crosswalk	morpheme_aligned
q:26:34:9	26:34	26:34	9	w-s026-a034-w007	26:34:7	m-w-s026-a034-w007-01	عَلِيمٌ	ع ل م		position_crosswalk	morpheme_aligned
q:26:35:1	26:35	26:35	1	w-s026-a035-w001	26:35:1	m-w-s026-a035-w001-01	يُرِيدُ	ر و د		position_crosswalk	morpheme_aligned
q:26:35:2	26:35	26:35	2	w-s026-a035-w002	26:35:2	m-w-s026-a035-w002-01	أَنْ			position_crosswalk	morpheme_aligned
q:26:35:3	26:35	26:35	3	w-s026-a035-w003	26:35:3	m-w-s026-a035-w003-01;m-w-s026-a035-w003-02	يُخْرِجَكُمْ	خ ر ج	مِن;بـ	position_crosswalk	morpheme_aligned
q:26:35:4	26:35	26:35	4	w-s026-a035-w004	26:35:4	m-w-s026-a035-w004-01			مِن	position_crosswalk	morpheme_aligned
q:26:35:5	26:35	26:35	5	w-s026-a035-w005	26:35:5	m-w-s026-a035-w005-01	أَرْضِكُمْ	أ ر ض	مِن	position_crosswalk	morpheme_aligned
q:26:35:6	26:35	26:35	6	w-s026-a035-w006	26:35:6	m-w-s026-a035-w006-01			بـ	position_crosswalk	morpheme_aligned
q:26:35:7	26:35	26:35	7	w-s026-a035-w006	26:35:6	m-w-s026-a035-w006-02	بِسِحْرِهِ	س ح ر	بـ	position_crosswalk	morpheme_aligned
q:26:35:9	26:35	26:35	9	w-s026-a035-w007	26:35:7	m-w-s026-a035-w007-02	فَمَاذَا			position_crosswalk	morpheme_aligned
q:26:35:10	26:35	26:35	10	w-s026-a035-w008	26:35:8	m-w-s026-a035-w008-01	تَأْمُرُونَ	أ م ر		position_crosswalk	morpheme_aligned
q:26:36:1	26:36	26:36	1	w-s026-a036-w001	26:36:1	m-w-s026-a036-w001-01	قَالُوا	ق و ل		position_crosswalk	morpheme_aligned
q:26:36:2	26:36	26:36	2	w-s026-a036-w002	26:36:2	m-w-s026-a036-w002-01;m-w-s026-a036-w002-02	أَرْجِهْ	ر ج ج		position_crosswalk	morpheme_aligned
q:26:36:4	26:36	26:36	4	w-s026-a036-w003	26:36:3	m-w-s026-a036-w003-02	وَأَخَاهُ	أ خ و		position_crosswalk	morpheme_aligned
q:26:36:6	26:36	26:36	6	w-s026-a036-w004	26:36:4	m-w-s026-a036-w004-02	وَابْعَثْ	ب ع ث	فِي	position_crosswalk	morpheme_aligned
q:26:36:7	26:36	26:36	7	w-s026-a036-w005	26:36:5	m-w-s026-a036-w005-01			فِي	position_crosswalk	morpheme_aligned
q:26:36:8	26:36	26:36	8	w-s026-a036-w006	26:36:6	m-w-s026-a036-w006-02	الْمَدَائِنِ	م د ن	فِي	position_crosswalk	morpheme_aligned
q:26:36:9	26:36	26:36	9	w-s026-a036-w007	26:36:7	m-w-s026-a036-w007-01	حَاشِرِينَ	ح ش ر		position_crosswalk	morpheme_aligned
q:26:37:1	26:37	26:37	1	w-s026-a037-w001	26:37:1	m-w-s026-a037-w001-01	يَأْتُوكَ	أ ت ي	بـ	position_crosswalk	morpheme_aligned
q:26:37:2	26:37	26:37	2	w-s026-a037-w002	26:37:2	m-w-s026-a037-w002-01			بـ	position_crosswalk	morpheme_aligned
q:26:37:3	26:37	26:37	3	w-s026-a037-w002	26:37:2	m-w-s026-a037-w002-02	بِكُلِّ	ك ل ل	بـ	position_crosswalk	morpheme_aligned
q:26:37:4	26:37	26:37	4	w-s026-a037-w003	26:37:3	m-w-s026-a037-w003-01	سَحَّارٍ	س ح ر		position_crosswalk	morpheme_aligned
q:26:37:5	26:37	26:37	5	w-s026-a037-w004	26:37:4	m-w-s026-a037-w004-01	عَلِيمٍ	ع ل م		position_crosswalk	morpheme_aligned
q:26:38:2	26:38	26:38	2	w-s026-a038-w001	26:38:1	m-w-s026-a038-w001-02	فَجُمِعَ	ج م ع	لـ	position_crosswalk	morpheme_aligned
q:26:38:3	26:38	26:38	3	w-s026-a038-w002	26:38:2	m-w-s026-a038-w002-02	السَّحَرَةُ	س ح ر		position_crosswalk	morpheme_aligned
q:26:38:4	26:38	26:38	4	w-s026-a038-w002	26:38:2	m-w-s026-a038-w002-02			لـ	surface_root_sequence_fallback	morpheme_aligned
q:26:38:5	26:38	26:38	5	w-s026-a038-w003	26:38:3	m-w-s026-a038-w003-02	لِمِيقَاتِ	و ق ت	لـ	position_crosswalk	morpheme_aligned
q:26:38:6	26:38	26:38	6	w-s026-a038-w004	26:38:4	m-w-s026-a038-w004-01	يَوْمٍ	ي و م		position_crosswalk	morpheme_aligned
q:26:38:7	26:38	26:38	7	w-s026-a038-w005	26:38:5	m-w-s026-a038-w005-01	مَعْلُومٍ	ع ل م		position_crosswalk	morpheme_aligned
q:26:39:2	26:39	26:39	2	w-s026-a039-w001	26:39:1	m-w-s026-a039-w001-02	وَقِيلَ	ق و ل	لـ	position_crosswalk	morpheme_aligned
q:26:39:3	26:39	26:39	3	w-s026-a039-w002	26:39:2	m-w-s026-a039-w002-01			لـ	position_crosswalk	morpheme_aligned
q:26:39:4	26:39	26:39	4	w-s026-a039-w002	26:39:2	m-w-s026-a039-w002-03	لِلنَّاسِ	أ ن س	لـ	position_crosswalk	morpheme_aligned
q:26:39:5	26:39	26:39	5	w-s026-a039-w003	26:39:3	m-w-s026-a039-w003-01	هَلْ			position_crosswalk	morpheme_aligned
q:26:39:6	26:39	26:39	6	w-s026-a039-w004	26:39:4	m-w-s026-a039-w004-01	أَنْتُمْ			position_crosswalk	morpheme_aligned
q:26:39:7	26:39	26:39	7	w-s026-a039-w005	26:39:5	m-w-s026-a039-w005-01	مُجْتَمِعُونَ	ج م ع		position_crosswalk	morpheme_aligned
q:26:40:1	26:40	26:40	1	w-s026-a040-w001	26:40:1	m-w-s026-a040-w001-01;m-w-s026-a040-w001-02	لَعَلَّنَا	ل ع ل		position_crosswalk	morpheme_aligned
q:26:40:2	26:40	26:40	2	w-s026-a040-w002	26:40:2	m-w-s026-a040-w002-01	نَتَّبِعُ	ت ب ع		position_crosswalk	morpheme_aligned
q:26:40:3	26:40	26:40	3	w-s026-a040-w003	26:40:3	m-w-s026-a040-w003-02	السَّحَرَةَ	س ح ر		position_crosswalk	morpheme_aligned
q:26:40:5	26:40	26:40	5	w-s026-a040-w005	26:40:5	m-w-s026-a040-w005-01	كَانُوا	ك و ن		position_crosswalk	morpheme_aligned
q:26:40:7	26:40	26:40	7	w-s026-a040-w007	26:40:7	m-w-s026-a040-w007-02	الْغَالِبِينَ	غ ل ب		position_crosswalk	morpheme_aligned
q:26:41:2	26:41	26:41	2	w-s026-a041-w001	26:41:1	m-w-s026-a041-w001-02	فَلَمَّا	ل م م		position_crosswalk	morpheme_aligned
q:26:41:3	26:41	26:41	3	w-s026-a041-w002	26:41:2	m-w-s026-a041-w002-01	جَاءَ	ج ي أ		position_crosswalk	morpheme_aligned
q:26:41:4	26:41	26:41	4	w-s026-a041-w003	26:41:3	m-w-s026-a041-w003-02	السَّحَرَةُ	س ح ر		position_crosswalk	morpheme_aligned
q:26:41:5	26:41	26:41	5	w-s026-a041-w004	26:41:4	m-w-s026-a041-w004-01	قَالُوا	ق و ل	لـ	position_crosswalk	morpheme_aligned
q:26:41:6	26:41	26:41	6	w-s026-a041-w004	26:41:4	m-w-s026-a041-w004-01			لـ	surface_root_sequence_fallback	morpheme_aligned
q:26:41:7	26:41	26:41	7	w-s026-a041-w005	26:41:5	m-w-s026-a041-w005-02	لِفِرْعَوْنَ	ف ر ع ن	لـ	position_crosswalk	morpheme_aligned
q:26:41:8	26:41	26:41	8	w-s026-a041-w006	26:41:6	m-w-s026-a041-w006-02	أَئِنَّ		لـ	position_crosswalk	morpheme_aligned
q:26:41:9	26:41	26:41	9	w-s026-a041-w007	26:41:7	m-w-s026-a041-w007-02;m-w-s026-a041-w007-01	لَنَا	و ل ي	لـ	surface_root_sequence_fallback	morpheme_aligned
q:26:41:11	26:41	26:41	11	w-s026-a041-w008	26:41:8	m-w-s026-a041-w008-02	لَأَجْرَاً	أ ج ر		surface_root_sequence_fallback	morpheme_aligned
q:26:41:13	26:41	26:41	13	w-s026-a041-w010	26:41:10	m-w-s026-a041-w010-01	كُنَّا	ك و ن		surface_root_sequence_fallback	morpheme_aligned
q:26:41:15	26:41	26:41	15	w-s026-a041-w012	26:41:12	m-w-s026-a041-w012-02	الْغَالِبِينَ	غ ل ب		surface_root_sequence_fallback	morpheme_aligned
q:26:42:1	26:42	26:42	1	w-s026-a042-w001	26:42:1	m-w-s026-a042-w001-01	قَالَ	ق و ل		position_crosswalk	morpheme_aligned
q:26:42:2	26:42	26:42	2	w-s026-a042-w002	26:42:2	m-w-s026-a042-w002-01	نَعَمْ	ن ع م		position_crosswalk	morpheme_aligned
q:26:42:4	26:42	26:42	4	w-s026-a042-w003	26:42:3	m-w-s026-a042-w003-02;m-w-s026-a042-w003-03	وَإِنَّكُمْ		مِن	position_crosswalk	morpheme_aligned
q:26:42:5	26:42	26:42	5	w-s026-a042-w004	26:42:4	m-w-s026-a042-w004-01	إِذَاً	أ ذ ي		position_crosswalk	morpheme_aligned
q:26:42:7	26:42	26:42	7	w-s026-a042-w005	26:42:5	m-w-s026-a042-w005-02			مِن	position_crosswalk	morpheme_aligned
q:26:42:8	26:42	26:42	8	w-s026-a042-w006	26:42:6	m-w-s026-a042-w006-02	الْمُقَرَّبِينَ	ق ر ب	مِن	position_crosswalk	morpheme_aligned
q:26:43:1	26:43	26:43	1	w-s026-a043-w001	26:43:1	m-w-s026-a043-w001-01	قَالَ	ق و ل	لـ	position_crosswalk	morpheme_aligned
q:26:43:2	26:43	26:43	2	w-s026-a043-w001	26:43:1	m-w-s026-a043-w001-01			لـ	surface_root_sequence_fallback	morpheme_aligned
q:26:43:3	26:43	26:43	3	w-s026-a043-w002	26:43:2	m-w-s026-a043-w002-02	لَهُمْ		لـ	position_crosswalk	morpheme_aligned
q:26:43:4	26:43	26:43	4	w-s026-a043-w003	26:43:3	m-w-s026-a043-w003-01	مُوسَى			position_crosswalk	morpheme_aligned
q:26:43:5	26:43	26:43	5	w-s026-a043-w004	26:43:4	m-w-s026-a043-w004-01	أَلْقُوا	ل ق ي		position_crosswalk	morpheme_aligned
q:26:43:6	26:43	26:43	6	w-s026-a043-w005	26:43:5	m-w-s026-a043-w005-01	مَا			position_crosswalk	morpheme_aligned
q:26:43:7	26:43	26:43	7	w-s026-a043-w006	26:43:6	m-w-s026-a043-w006-01	أَنْتُمْ			position_crosswalk	morpheme_aligned
q:26:43:8	26:43	26:43	8	w-s026-a043-w007	26:43:7	m-w-s026-a043-w007-01	مُلْقُونَ	ل ق ي		position_crosswalk	morpheme_aligned
q:26:44:2	26:44	26:44	2	w-s026-a044-w001	26:44:1	m-w-s026-a044-w001-02	فَأَلْقَوْا	ل ق ي		position_crosswalk	morpheme_aligned
q:26:44:3	26:44	26:44	3	w-s026-a044-w002	26:44:2	m-w-s026-a044-w002-01	حِبَالَهُمْ	ح ب ل		position_crosswalk	morpheme_aligned
q:26:44:5	26:44	26:44	5	w-s026-a044-w003	26:44:3	m-w-s026-a044-w003-02	وَعِصِيَّهُمْ	ع ص ي		position_crosswalk	morpheme_aligned
q:26:44:7	26:44	26:44	7	w-s026-a044-w004	26:44:4	m-w-s026-a044-w004-02	وَقَالُوا	ق و ل	بـ	position_crosswalk	morpheme_aligned
q:26:44:8	26:44	26:44	8	w-s026-a044-w005	26:44:5	m-w-s026-a044-w005-01			بـ	position_crosswalk	morpheme_aligned
q:26:44:9	26:44	26:44	9	w-s026-a044-w005	26:44:5	m-w-s026-a044-w005-02	بِعِزَّةِ	ع ز ز	بـ	position_crosswalk	morpheme_aligned
q:26:44:10	26:44	26:44	10	w-s026-a044-w006	26:44:6	m-w-s026-a044-w006-01	فِرْعَوْنَ	ف ر ع ن		position_crosswalk	morpheme_aligned
q:26:44:11	26:44	26:44	11	w-s026-a044-w007	26:44:7	m-w-s026-a044-w007-01;m-w-s026-a044-w007-02	إِنَّا			position_crosswalk	morpheme_aligned
q:26:44:13	26:44	26:44	13	w-s026-a044-w008	26:44:8	m-w-s026-a044-w008-02	لَنَحْنُ			position_crosswalk	morpheme_aligned
q:26:44:14	26:44	26:44	14	w-s026-a044-w009	26:44:9	m-w-s026-a044-w009-02	الْغَالِبُونَ	غ ل ب		position_crosswalk	morpheme_aligned
q:26:45:2	26:45	26:45	2	w-s026-a045-w001	26:45:1	m-w-s026-a045-w001-02	فَأَلْقَى	ل ق ي		position_crosswalk	morpheme_aligned
q:26:45:3	26:45	26:45	3	w-s026-a045-w002	26:45:2	m-w-s026-a045-w002-01	مُوسَى			position_crosswalk	morpheme_aligned
q:26:45:4	26:45	26:45	4	w-s026-a045-w003	26:45:3	m-w-s026-a045-w003-01	عَصَاهُ	ع ص ي		position_crosswalk	morpheme_aligned
q:26:45:6	26:45	26:45	6	w-s026-a045-w004	26:45:4	m-w-s026-a045-w004-02	فَإِذَا	أ ذ ي		position_crosswalk	morpheme_aligned
q:26:45:7	26:45	26:45	7	w-s026-a045-w005	26:45:5	m-w-s026-a045-w005-01	هِيَ			position_crosswalk	morpheme_aligned
q:26:45:8	26:45	26:45	8	w-s026-a045-w006	26:45:6	m-w-s026-a045-w006-01	تَلْقَفُ	ل ق ف		position_crosswalk	morpheme_aligned
q:26:45:9	26:45	26:45	9	w-s026-a045-w007	26:45:7	m-w-s026-a045-w007-01	مَا			position_crosswalk	morpheme_aligned
q:26:45:10	26:45	26:45	10	w-s026-a045-w008	26:45:8	m-w-s026-a045-w008-01	يَأْفِكُونَ	أ ف ك		position_crosswalk	morpheme_aligned
q:26:46:2	26:46	26:46	2	w-s026-a046-w001	26:46:1	m-w-s026-a046-w001-02	فَأُلْقِيَ	ل ق ي		position_crosswalk	morpheme_aligned
q:26:46:3	26:46	26:46	3	w-s026-a046-w002	26:46:2	m-w-s026-a046-w002-02	السَّحَرَةُ	س ح ر		position_crosswalk	morpheme_aligned
q:26:46:4	26:46	26:46	4	w-s026-a046-w003	26:46:3	m-w-s026-a046-w003-01	سَاجِدِينَ	س ج د		position_crosswalk	morpheme_aligned
q:26:47:1	26:47	26:47	1	w-s026-a047-w001	26:47:1	m-w-s026-a047-w001-01	قَالُوا	ق و ل		position_crosswalk	morpheme_aligned
q:26:47:2	26:47	26:47	2	w-s026-a047-w002	26:47:2	m-w-s026-a047-w002-01	آمَنَّا	أ م ن	بـ	position_crosswalk	morpheme_aligned
q:26:47:3	26:47	26:47	3	w-s026-a047-w003	26:47:3	m-w-s026-a047-w003-01			بـ	position_crosswalk	morpheme_aligned
q:26:47:4	26:47	26:47	4	w-s026-a047-w003	26:47:3	m-w-s026-a047-w003-02	بِرَبِّ	ر ب ب	بـ	position_crosswalk	morpheme_aligned
q:26:47:5	26:47	26:47	5	w-s026-a047-w004	26:47:4	m-w-s026-a047-w004-02	الْعَالَمِينَ	ع ل م		position_crosswalk	morpheme_aligned
q:26:48:1	26:48	26:48	1	w-s026-a048-w001	26:48:1	m-w-s026-a048-w001-01	رَبِّ	ر ب ب		position_crosswalk	morpheme_aligned
q:26:48:2	26:48	26:48	2	w-s026-a048-w002	26:48:2	m-w-s026-a048-w002-01	مُوسَى			position_crosswalk	morpheme_aligned
q:26:48:4	26:48	26:48	4	w-s026-a048-w003	26:48:3	m-w-s026-a048-w003-02	وَهَارُونَ			position_crosswalk	morpheme_aligned
q:26:49:1	26:49	26:49	1	w-s026-a049-w001	26:49:1	m-w-s026-a049-w001-01	قَالَ	ق و ل		position_crosswalk	morpheme_aligned
q:26:49:2	26:49	26:49	2	w-s026-a049-w002	26:49:2	m-w-s026-a049-w002-01	آمَنْتُمْ	أ م ن	لـ	position_crosswalk	morpheme_aligned
q:26:49:3	26:49	26:49	3	w-s026-a049-w003	26:49:3	m-w-s026-a049-w003-02;m-w-s026-a049-w003-01			لـ	position_crosswalk	morpheme_aligned
q:26:49:4	26:49	26:49	4	w-s026-a049-w004	26:49:4	m-w-s026-a049-w004-01	قَبْلَ	ق ب ل		surface_root_sequence_fallback	morpheme_aligned
q:26:49:5	26:49	26:49	5	w-s026-a049-w005	26:49:5	m-w-s026-a049-w005-01	أَنْ			surface_root_sequence_fallback	morpheme_aligned
q:26:49:6	26:49	26:49	6	w-s026-a049-w006	26:49:6	m-w-s026-a049-w006-01	آذَنَ	أ ذ ن	لـ	surface_root_sequence_fallback	morpheme_aligned
q:26:49:7	26:49	26:49	7	w-s026-a049-w007	26:49:7	m-w-s026-a049-w007-02;m-w-s026-a049-w007-01			لـ	surface_root_sequence_fallback	morpheme_aligned
q:26:49:8	26:49	26:49	8	w-s026-a049-w008	26:49:8	m-w-s026-a049-w008-01;m-w-s026-a049-w008-02	إِنَّهُ			surface_root_sequence_fallback	morpheme_aligned
q:26:49:10	26:49	26:49	10	w-s026-a049-w009	26:49:9	m-w-s026-a049-w009-02	لَكَبِيرُكُمُ	ك ب ر		surface_root_sequence_fallback	morpheme_aligned
q:26:49:11	26:49	26:49	11	w-s026-a049-w010	26:49:10	m-w-s026-a049-w010-01	الَّذِي	ل ل ذ		surface_root_sequence_fallback	morpheme_aligned
q:26:49:12	26:49	26:49	12	w-s026-a049-w011	26:49:11	m-w-s026-a049-w011-01;m-w-s026-a049-w011-02	عَلَّمَكُمُ	ع ل م		surface_root_sequence_fallback	morpheme_aligned
q:26:49:13	26:49	26:49	13	w-s026-a049-w012	26:49:12	m-w-s026-a049-w012-02	السِّحْرَ	س ح ر		surface_root_sequence_fallback	morpheme_aligned
q:26:49:19	26:49	26:49	19	w-s026-a049-w015	26:49:15	m-w-s026-a049-w015-02	لَأُقَطِّعَنَّ	ق ط ع	مِن	surface_root_sequence_fallback	morpheme_aligned
q:26:49:20	26:49	26:49	20	w-s026-a049-w016	26:49:16	m-w-s026-a049-w016-01	أَيْدِيَكُمْ	أ ي د		surface_root_sequence_fallback	morpheme_aligned
q:26:49:22	26:49	26:49	22	w-s026-a049-w017	26:49:17	m-w-s026-a049-w017-02	وَأَرْجُلَكُمْ	ر ج ل		surface_root_sequence_fallback	morpheme_aligned
q:26:49:23	26:49	26:49	23	w-s026-a049-w018	26:49:18	m-w-s026-a049-w018-01			مِن	surface_root_sequence_fallback	morpheme_aligned
q:26:49:24	26:49	26:49	24	w-s026-a049-w019	26:49:19	m-w-s026-a049-w019-01	خِلَافٍ	خ ل ف	مِن	surface_root_sequence_fallback	morpheme_aligned
q:26:49:27	26:49	26:49	27	w-s026-a049-w020	26:49:20	m-w-s026-a049-w020-03;m-w-s026-a049-w020-05	وَلَأُصَلِّبَنَّكُمْ	ص ل ب		position_crosswalk	morpheme_aligned
q:26:49:28	26:49	26:49	28	w-s026-a049-w021	26:49:21	m-w-s026-a049-w021-01	أَجْمَعِينَ	ج م ع		surface_root_sequence_fallback	morpheme_aligned
q:26:50:1	26:50	26:50	1	w-s026-a050-w001	26:50:1	m-w-s026-a050-w001-01	قَالُوا	ق و ل		position_crosswalk	morpheme_aligned
q:26:50:2	26:50	26:50	2	w-s026-a050-w002	26:50:2	m-w-s026-a050-w002-01	لَا			position_crosswalk	morpheme_aligned
q:26:50:3	26:50	26:50	3	w-s026-a050-w003	26:50:3	m-w-s026-a050-w003-01	ضَيْرَ	ض ي ر		position_crosswalk	morpheme_aligned
q:26:50:4	26:50	26:50	4	w-s026-a050-w004	26:50:4	m-w-s026-a050-w004-01;m-w-s026-a050-w004-02	إِنَّا			position_crosswalk	morpheme_aligned
q:26:50:5	26:50	26:50	5	w-s026-a050-w005	26:50:5	m-w-s026-a050-w005-01			إِلَى	position_crosswalk	morpheme_aligned
q:26:50:6	26:50	26:50	6	w-s026-a050-w006	26:50:6	m-w-s026-a050-w006-01	رَبِّنَا	ر ب ب	إِلَى	position_crosswalk	morpheme_aligned
q:26:50:7	26:50	26:50	7	w-s026-a050-w007	26:50:7	m-w-s026-a050-w007-01	مُنْقَلِبُونَ	ق ل ب	إِلَى	position_crosswalk	morpheme_aligned
q:26:51:1	26:51	26:51	1	w-s026-a051-w001	26:51:1	m-w-s026-a051-w001-01;m-w-s026-a051-w001-02	إِنَّا			position_crosswalk	morpheme_aligned
q:26:51:2	26:51	26:51	2	w-s026-a051-w002	26:51:2	m-w-s026-a051-w002-01	نَطْمَعُ	ط م ع		position_crosswalk	morpheme_aligned
q:26:51:3	26:51	26:51	3	w-s026-a051-w003	26:51:3	m-w-s026-a051-w003-01	أَنْ			position_crosswalk	morpheme_aligned
q:26:51:4	26:51	26:51	4	w-s026-a051-w004	26:51:4	m-w-s026-a051-w004-01	يَغْفِرَ	غ ف ر	لـ	position_crosswalk	morpheme_aligned
q:26:51:5	26:51	26:51	5	w-s026-a051-w005	26:51:5	m-w-s026-a051-w005-02;m-w-s026-a051-w005-01			لـ	position_crosswalk	morpheme_aligned
q:26:51:6	26:51	26:51	6	w-s026-a051-w006	26:51:6	m-w-s026-a051-w006-01	رَبُّنَا	ر ب ب		surface_root_sequence_fallback	morpheme_aligned
q:26:51:7	26:51	26:51	7	w-s026-a051-w007	26:51:7	m-w-s026-a051-w007-01	خَطَايَانَا	خ ط أ		surface_root_sequence_fallback	morpheme_aligned
q:26:51:8	26:51	26:51	8	w-s026-a051-w008	26:51:8	m-w-s026-a051-w008-01	أَنْ			surface_root_sequence_fallback	morpheme_aligned
q:26:51:9	26:51	26:51	9	w-s026-a051-w009	26:51:9	m-w-s026-a051-w009-01	كُنَّا	ك و ن		surface_root_sequence_fallback	morpheme_aligned
q:26:51:10	26:51	26:51	10	w-s026-a051-w010	26:51:10	m-w-s026-a051-w010-01	أَوَّلَ	أ و ل		surface_root_sequence_fallback	morpheme_aligned
q:26:51:11	26:51	26:51	11	w-s026-a051-w011	26:51:11	m-w-s026-a051-w011-02	الْمُؤْمِنِينَ	أ م ن		surface_root_sequence_fallback	morpheme_aligned
q:26:52:2	26:52	26:52	2	w-s026-a052-w001	26:52:1	m-w-s026-a052-w001-02	وَأَوْحَيْنَا	و ح ي	إِلَى	position_crosswalk	morpheme_aligned
q:26:52:3	26:52	26:52	3	w-s026-a052-w002	26:52:2	m-w-s026-a052-w002-01			إِلَى	position_crosswalk	morpheme_aligned
q:26:52:4	26:52	26:52	4	w-s026-a052-w003	26:52:3	m-w-s026-a052-w003-01	مُوسَى		إِلَى	position_crosswalk	morpheme_aligned
q:26:52:5	26:52	26:52	5	w-s026-a052-w004	26:52:4	m-w-s026-a052-w004-01	أَنْ			position_crosswalk	morpheme_aligned
q:26:52:6	26:52	26:52	6	w-s026-a052-w005	26:52:5	m-w-s026-a052-w005-01	أَسْرِ	س ر ر	بـ	position_crosswalk	morpheme_aligned
q:26:52:7	26:52	26:52	7	w-s026-a052-w006	26:52:6	m-w-s026-a052-w006-01			بـ	position_crosswalk	morpheme_aligned
q:26:52:8	26:52	26:52	8	w-s026-a052-w006	26:52:6	m-w-s026-a052-w006-02	بِعِبَادِي	ع ب د	بـ	position_crosswalk	morpheme_aligned
q:26:52:9	26:52	26:52	9	w-s026-a052-w007	26:52:7	m-w-s026-a052-w007-01;m-w-s026-a052-w007-02	إِنَّكُمْ			position_crosswalk	morpheme_aligned
q:26:52:10	26:52	26:52	10	w-s026-a052-w008	26:52:8	m-w-s026-a052-w008-01	مُتَّبَعُونَ	ت ب ع		position_crosswalk	morpheme_aligned
q:26:53:2	26:53	26:53	2	w-s026-a053-w001	26:53:1	m-w-s026-a053-w001-02	فَأَرْسَلَ	ر س ل	فِي	position_crosswalk	morpheme_aligned
q:26:53:3	26:53	26:53	3	w-s026-a053-w002	26:53:2	m-w-s026-a053-w002-01	فِرْعَوْنُ	ف ر ع ن		position_crosswalk	morpheme_aligned
q:26:53:4	26:53	26:53	4	w-s026-a053-w003	26:53:3	m-w-s026-a053-w003-01			فِي	position_crosswalk	morpheme_aligned
q:26:53:5	26:53	26:53	5	w-s026-a053-w004	26:53:4	m-w-s026-a053-w004-02	الْمَدَائِنِ	م د ن	فِي	position_crosswalk	morpheme_aligned
q:26:53:6	26:53	26:53	6	w-s026-a053-w005	26:53:5	m-w-s026-a053-w005-01	حَاشِرِينَ	ح ش ر		position_crosswalk	morpheme_aligned
q:26:54:1	26:54	26:54	1	w-s026-a054-w001	26:54:1	m-w-s026-a054-w001-01	إِنَّ			position_crosswalk	morpheme_aligned
q:26:54:2	26:54	26:54	2	w-s026-a054-w002	26:54:2	m-w-s026-a054-w002-01	هَؤُلَاءِ			position_crosswalk	morpheme_aligned
q:26:54:4	26:54	26:54	4	w-s026-a054-w003	26:54:3	m-w-s026-a054-w003-02	لَشِرْذِمَةٌ	ش ر ذ م		position_crosswalk	morpheme_aligned
q:26:54:5	26:54	26:54	5	w-s026-a054-w004	26:54:4	m-w-s026-a054-w004-01	قَلِيلُونَ	ق ل ل		position_crosswalk	morpheme_aligned
q:26:55:2	26:55	26:55	2	w-s026-a055-w001	26:55:1	m-w-s026-a055-w001-02;m-w-s026-a055-w001-03	وَإِنَّهُمْ			position_crosswalk	morpheme_aligned
q:26:55:3	26:55	26:55	3	w-s026-a055-w002	26:55:2	m-w-s026-a055-w002-02;m-w-s026-a055-w002-01			لـ	position_crosswalk	morpheme_aligned
q:26:55:5	26:55	26:55	5	w-s026-a055-w003	26:55:3	m-w-s026-a055-w003-02	لَغَائِظُونَ	غ ي ظ	لـ	position_crosswalk	morpheme_aligned
q:26:56:2	26:56	26:56	2	w-s026-a056-w001	26:56:1	m-w-s026-a056-w001-02;m-w-s026-a056-w001-03	وَإِنَّا			position_crosswalk	morpheme_aligned
q:26:56:4	26:56	26:56	4	w-s026-a056-w002	26:56:2	m-w-s026-a056-w002-02	لَجَمِيعٌ	ج م ع		position_crosswalk	morpheme_aligned
q:26:56:5	26:56	26:56	5	w-s026-a056-w003	26:56:3	m-w-s026-a056-w003-01	حَاذِرُونَ	ح ذ ر		position_crosswalk	morpheme_aligned
q:26:57:2	26:57	26:57	2	w-s026-a057-w001	26:57:1	m-w-s026-a057-w001-02	فَأَخْرَجْنَاهُمْ	خ ر ج	مِن	position_crosswalk	morpheme_aligned
q:26:57:3	26:57	26:57	3	w-s026-a057-w002	26:57:2	m-w-s026-a057-w002-01			مِن	position_crosswalk	morpheme_aligned
q:26:57:4	26:57	26:57	4	w-s026-a057-w003	26:57:3	m-w-s026-a057-w003-01	جَنَّاتٍ	ج ن ن	مِن	position_crosswalk	morpheme_aligned
q:26:57:6	26:57	26:57	6	w-s026-a057-w004	26:57:4	m-w-s026-a057-w004-02	وَعُيُونٍ	ع ي ن	مِن	position_crosswalk	morpheme_aligned
q:26:58:1	26:58	26:58	1	w-s026-a058-w001	26:58:1	m-w-s026-a058-w001-02	وَكُنُوزٍ	ك ن ز		position_crosswalk	morpheme_aligned
q:26:58:3	26:58	26:58	3	w-s026-a058-w002	26:58:2	m-w-s026-a058-w002-02	وَمَقَامٍ	ق و م		position_crosswalk	morpheme_aligned
q:26:58:4	26:58	26:58	4	w-s026-a058-w003	26:58:3	m-w-s026-a058-w003-01	كَرِيمٍ	ك ر م		surface_root_sequence_fallback	morpheme_aligned
q:26:59:1	26:59	26:59	1	w-s026-a059-w001	26:59:1	m-w-s026-a059-w001-01			كـ	position_crosswalk	morpheme_aligned
q:26:59:2	26:59	26:59	2	w-s026-a059-w001	26:59:1	m-w-s026-a059-w001-02	كَذَلِكَ		كـ	position_crosswalk	morpheme_aligned
q:26:59:4	26:59	26:59	4	w-s026-a059-w002	26:59:2	m-w-s026-a059-w002-02	وَأَوْرَثْنَاهَا	و ر ث	كـ	position_crosswalk	morpheme_aligned
q:26:59:5	26:59	26:59	5	w-s026-a059-w003	26:59:3	m-w-s026-a059-w003-01	بَنِي	ب ن ي		position_crosswalk	morpheme_aligned
q:26:59:6	26:59	26:59	6	w-s026-a059-w004	26:59:4	m-w-s026-a059-w004-01	إِسْرَائِيلَ	س ر ي ل		position_crosswalk	morpheme_aligned
q:26:60:2	26:60	26:60	2	w-s026-a060-w001	26:60:1	m-w-s026-a060-w001-02	فَأَتْبَعُوهُمْ	ت ب ع		position_crosswalk	morpheme_aligned
q:26:60:3	26:60	26:60	3	w-s026-a060-w002	26:60:2	m-w-s026-a060-w002-01	مُشْرِقِينَ	ش ر ق		position_crosswalk	morpheme_aligned
q:26:61:3	26:61	26:61	3	w-s026-a061-w002	26:61:2	m-w-s026-a061-w002-01	تَرَاءَى	ر أ ي		position_crosswalk	morpheme_aligned
q:26:61:4	26:61	26:61	4	w-s026-a061-w003	26:61:3	m-w-s026-a061-w003-02	الْجَمْعَانِ	ج م ع		position_crosswalk	morpheme_aligned
q:26:61:5	26:61	26:61	5	w-s026-a061-w004	26:61:4	m-w-s026-a061-w004-01	قَالَ	ق و ل		position_crosswalk	morpheme_aligned
q:26:61:6	26:61	26:61	6	w-s026-a061-w005	26:61:5	m-w-s026-a061-w005-01	أَصْحَابُ	ص ح ب		position_crosswalk	morpheme_aligned
q:26:61:7	26:61	26:61	7	w-s026-a061-w006	26:61:6	m-w-s026-a061-w006-01	مُوسَى			position_crosswalk	morpheme_aligned
q:26:61:8	26:61	26:61	8	w-s026-a061-w007	26:61:7	m-w-s026-a061-w007-01;m-w-s026-a061-w007-02	إِنَّا			position_crosswalk	morpheme_aligned
q:26:61:10	26:61	26:61	10	w-s026-a061-w008	26:61:8	m-w-s026-a061-w008-02	لَمُدْرَكُونَ	د ر ك		position_crosswalk	morpheme_aligned
q:26:62:1	26:62	26:62	1	w-s026-a062-w001	26:62:1	m-w-s026-a062-w001-01	قَالَ	ق و ل		position_crosswalk	morpheme_aligned
q:26:62:2	26:62	26:62	2	w-s026-a062-w002	26:62:2	m-w-s026-a062-w002-01	كَلَّا	ك ل و		position_crosswalk	morpheme_aligned
q:26:62:3	26:62	26:62	3	w-s026-a062-w003	26:62:3	m-w-s026-a062-w003-01	إِنَّ			position_crosswalk	morpheme_aligned
q:26:62:4	26:62	26:62	4	w-s026-a062-w004	26:62:4	m-w-s026-a062-w004-01	مَعِيَ	م ع ع		position_crosswalk	morpheme_aligned
q:26:62:5	26:62	26:62	5	w-s026-a062-w005	26:62:5	m-w-s026-a062-w005-01	رَبِّي	ر ب ب		position_crosswalk	morpheme_aligned
q:26:62:6	26:62	26:62	6	w-s026-a062-w006	26:62:6	m-w-s026-a062-w006-02;m-w-s026-a062-w006-03	سَيَهْدِينِ	ه د ي		position_crosswalk	morpheme_aligned
q:26:63:2	26:63	26:63	2	w-s026-a063-w001	26:63:1	m-w-s026-a063-w001-02	فَأَوْحَيْنَا	و ح ي	إِلَى	position_crosswalk	morpheme_aligned
q:26:63:3	26:63	26:63	3	w-s026-a063-w002	26:63:2	m-w-s026-a063-w002-01			إِلَى	position_crosswalk	morpheme_aligned
q:26:63:4	26:63	26:63	4	w-s026-a063-w003	26:63:3	m-w-s026-a063-w003-01	مُوسَى		إِلَى	position_crosswalk	morpheme_aligned
q:26:63:5	26:63	26:63	5	w-s026-a063-w004	26:63:4	m-w-s026-a063-w004-01	أَنِ			position_crosswalk	morpheme_aligned
q:26:63:6	26:63	26:63	6	w-s026-a063-w005	26:63:5	m-w-s026-a063-w005-01	اضْرِبْ	ض ر ب	بـ	position_crosswalk	morpheme_aligned
q:26:63:7	26:63	26:63	7	w-s026-a063-w006	26:63:6	m-w-s026-a063-w006-01			بـ	position_crosswalk	morpheme_aligned
q:26:63:8	26:63	26:63	8	w-s026-a063-w006	26:63:6	m-w-s026-a063-w006-02	بِعَصَاكَ	ع ص ي	بـ	position_crosswalk	morpheme_aligned
q:26:63:9	26:63	26:63	9	w-s026-a063-w007	26:63:7	m-w-s026-a063-w007-02	الْبَحْرَ	ب ح ر		position_crosswalk	morpheme_aligned
q:26:63:13	26:63	26:63	13	w-s026-a063-w009	26:63:9	m-w-s026-a063-w009-02	فَكَانَ	ك و ن	كـ	position_crosswalk	morpheme_aligned
q:26:63:14	26:63	26:63	14	w-s026-a063-w010	26:63:10	m-w-s026-a063-w010-01	كُلُّ	ك ل ل		position_crosswalk	morpheme_aligned
q:26:63:15	26:63	26:63	15	w-s026-a063-w011	26:63:11	m-w-s026-a063-w011-01	فِرْقٍ	ف ر ق		position_crosswalk	morpheme_aligned
q:26:63:16	26:63	26:63	16	w-s026-a063-w012	26:63:12	m-w-s026-a063-w012-01			كـ	position_crosswalk	morpheme_aligned
q:26:63:17	26:63	26:63	17	w-s026-a063-w012	26:63:12	m-w-s026-a063-w012-03	كَالطَّوْدِ	ط و د	كـ	position_crosswalk	morpheme_aligned
q:26:63:18	26:63	26:63	18	w-s026-a063-w013	26:63:13	m-w-s026-a063-w013-02	الْعَظِيمِ	ع ظ م		position_crosswalk	morpheme_aligned
q:26:64:2	26:64	26:64	2	w-s026-a064-w001	26:64:1	m-w-s026-a064-w001-02	وَأَزْلَفْنَا	ز ل ف		position_crosswalk	morpheme_aligned
q:26:64:3	26:64	26:64	3	w-s026-a064-w002	26:64:2	m-w-s026-a064-w002-01	ثَمَّ			position_crosswalk	morpheme_aligned
q:26:64:4	26:64	26:64	4	w-s026-a064-w003	26:64:3	m-w-s026-a064-w003-02	الْآخَرِينَ	أ خ ر		position_crosswalk	morpheme_aligned
q:26:65:2	26:65	26:65	2	w-s026-a065-w001	26:65:1	m-w-s026-a065-w001-02	وَأَنْجَيْنَا	ن ج و		position_crosswalk	morpheme_aligned
q:26:65:3	26:65	26:65	3	w-s026-a065-w002	26:65:2	m-w-s026-a065-w002-01	مُوسَى			position_crosswalk	morpheme_aligned
q:26:65:5	26:65	26:65	5	w-s026-a065-w003	26:65:3	m-w-s026-a065-w003-02	وَمَنْ	م ن ن		position_crosswalk	morpheme_aligned
q:26:65:6	26:65	26:65	6	w-s026-a065-w004	26:65:4	m-w-s026-a065-w004-01	مَعَهُ	م ع ع		position_crosswalk	morpheme_aligned
q:26:65:7	26:65	26:65	7	w-s026-a065-w005	26:65:5	m-w-s026-a065-w005-01	أَجْمَعِينَ	ج م ع		position_crosswalk	morpheme_aligned
q:26:66:2	26:66	26:66	2	w-s026-a066-w002	26:66:2	m-w-s026-a066-w002-01	أَغْرَقْنَا	غ ر ق		position_crosswalk	morpheme_aligned
q:26:66:3	26:66	26:66	3	w-s026-a066-w003	26:66:3	m-w-s026-a066-w003-02	الْآخَرِينَ	أ خ ر		position_crosswalk	morpheme_aligned
q:26:67:1	26:67	26:67	1	w-s026-a067-w001	26:67:1	m-w-s026-a067-w001-01	إِنَّ		فِي	position_crosswalk	morpheme_aligned
q:26:67:2	26:67	26:67	2	w-s026-a067-w002	26:67:2	m-w-s026-a067-w002-01			فِي	position_crosswalk	morpheme_aligned
q:26:67:3	26:67	26:67	3	w-s026-a067-w003	26:67:3	m-w-s026-a067-w003-01	ذَلِكَ		فِي	position_crosswalk	morpheme_aligned
q:26:67:5	26:67	26:67	5	w-s026-a067-w004	26:67:4	m-w-s026-a067-w004-02	لَآيَةً	أ ي ي		position_crosswalk	morpheme_aligned
q:26:67:8	26:67	26:67	8	w-s026-a067-w006	26:67:6	m-w-s026-a067-w006-01	كَانَ	ك و ن		position_crosswalk	morpheme_aligned
q:26:67:9	26:67	26:67	9	w-s026-a067-w007	26:67:7	m-w-s026-a067-w007-01	أَكْثَرُهُمْ	ك ث ر		position_crosswalk	morpheme_aligned
q:26:67:10	26:67	26:67	10	w-s026-a067-w008	26:67:8	m-w-s026-a067-w008-01	مُؤْمِنِينَ	أ م ن		position_crosswalk	morpheme_aligned
q:26:68:2	26:68	26:68	2	w-s026-a068-w001	26:68:1	m-w-s026-a068-w001-02	وَإِنَّ			position_crosswalk	morpheme_aligned
q:26:68:3	26:68	26:68	3	w-s026-a068-w002	26:68:2	m-w-s026-a068-w002-01	رَبَّكَ	ر ب ب		position_crosswalk	morpheme_aligned
q:26:68:6	26:68	26:68	6	w-s026-a068-w004	26:68:4	m-w-s026-a068-w004-02	الْعَزِيزُ	ع ز ز		position_crosswalk	morpheme_aligned
q:26:68:7	26:68	26:68	7	w-s026-a068-w005	26:68:5	m-w-s026-a068-w005-02	الرَّحِيمُ	ر ح م		position_crosswalk	morpheme_aligned
q:26:69:2	26:69	26:69	2	w-s026-a069-w001	26:69:1	m-w-s026-a069-w001-02	وَاتْلُ	ت ل ل	عَلَى	position_crosswalk	morpheme_aligned
q:26:69:3	26:69	26:69	3	w-s026-a069-w002	26:69:2	m-w-s026-a069-w002-02;m-w-s026-a069-w002-01			عَلَى	position_crosswalk	morpheme_aligned
q:26:69:4	26:69	26:69	4	w-s026-a069-w003	26:69:3	m-w-s026-a069-w003-01	نَبَأَ	ن ب أ		position_crosswalk	morpheme_aligned
q:26:69:5	26:69	26:69	5	w-s026-a069-w004	26:69:4	m-w-s026-a069-w004-01	إِبْرَاهِيمَ	ب ر ه م		position_crosswalk	morpheme_aligned
q:26:70:2	26:70	26:70	2	w-s026-a070-w002	26:70:2	m-w-s026-a070-w002-01	قَالَ	ق و ل	لـ	position_crosswalk	morpheme_aligned
q:26:70:3	26:70	26:70	3	w-s026-a070-w002	26:70:2	m-w-s026-a070-w002-01			لـ	surface_root_sequence_fallback	morpheme_aligned
q:26:70:4	26:70	26:70	4	w-s026-a070-w003	26:70:3	m-w-s026-a070-w003-02	لِأَبِيهِ	أ ب و	لـ	position_crosswalk	morpheme_aligned
q:26:70:6	26:70	26:70	6	w-s026-a070-w004	26:70:4	m-w-s026-a070-w004-02	وَقَوْمِهِ	ق و م	لـ	position_crosswalk	morpheme_aligned
q:26:70:7	26:70	26:70	7	w-s026-a070-w005	26:70:5	m-w-s026-a070-w005-01	مَا			position_crosswalk	morpheme_aligned
q:26:70:8	26:70	26:70	8	w-s026-a070-w006	26:70:6	m-w-s026-a070-w006-01	تَعْبُدُونَ	ع ب د		position_crosswalk	morpheme_aligned
q:26:71:1	26:71	26:71	1	w-s026-a071-w001	26:71:1	m-w-s026-a071-w001-01	قَالُوا	ق و ل		position_crosswalk	morpheme_aligned
q:26:71:2	26:71	26:71	2	w-s026-a071-w002	26:71:2	m-w-s026-a071-w002-01	نَعْبُدُ	ع ب د		position_crosswalk	morpheme_aligned
q:26:71:3	26:71	26:71	3	w-s026-a071-w003	26:71:3	m-w-s026-a071-w003-01	أَصْنَامَاً	ص ن م		position_crosswalk	morpheme_aligned
q:26:71:5	26:71	26:71	5	w-s026-a071-w004	26:71:4	m-w-s026-a071-w004-02	فَنَظَلُّ	ظ ل ل		position_crosswalk	morpheme_aligned
q:26:71:6	26:71	26:71	6	w-s026-a071-w005	26:71:5	m-w-s026-a071-w005-01			لـ	position_crosswalk	morpheme_aligned
q:26:71:7	26:71	26:71	7	w-s026-a071-w005	26:71:5	m-w-s026-a071-w005-02	لَهَا		لـ	position_crosswalk	morpheme_aligned
q:26:71:8	26:71	26:71	8	w-s026-a071-w006	26:71:6	m-w-s026-a071-w006-01	عَاكِفِينَ	ع ك ف	لـ	position_crosswalk	morpheme_aligned
q:26:72:1	26:72	26:72	1	w-s026-a072-w001	26:72:1	m-w-s026-a072-w001-01	قَالَ	ق و ل		position_crosswalk	morpheme_aligned
q:26:72:2	26:72	26:72	2	w-s026-a072-w002	26:72:2	m-w-s026-a072-w002-01	هَلْ			position_crosswalk	morpheme_aligned
q:26:72:3	26:72	26:72	3	w-s026-a072-w003	26:72:3	m-w-s026-a072-w003-01	يَسْمَعُونَكُمْ	س م ع		position_crosswalk	morpheme_aligned
q:26:72:4	26:72	26:72	4	w-s026-a072-w004	26:72:4	m-w-s026-a072-w004-01	إِذْ	أ ذ ي		position_crosswalk	morpheme_aligned
q:26:73:2	26:73	26:73	2	w-s026-a073-w002	26:73:2	m-w-s026-a073-w002-01	يَنْفَعُونَكُمْ	ن ف ع		position_crosswalk	morpheme_aligned
q:26:73:4	26:73	26:73	4	w-s026-a073-w004	26:73:4	m-w-s026-a073-w004-01	يَضُرُّونَ	ض ر ر		position_crosswalk	morpheme_aligned
q:26:74:1	26:74	26:74	1	w-s026-a074-w001	26:74:1	m-w-s026-a074-w001-01	قَالُوا	ق و ل		position_crosswalk	morpheme_aligned
q:26:74:2	26:74	26:74	2	w-s026-a074-w002	26:74:2	m-w-s026-a074-w002-01	بَلْ	ب ل ل		position_crosswalk	morpheme_aligned
q:26:74:3	26:74	26:74	3	w-s026-a074-w003	26:74:3	m-w-s026-a074-w003-01	وَجَدْنَا	و ج د		position_crosswalk	morpheme_aligned
q:26:74:4	26:74	26:74	4	w-s026-a074-w004	26:74:4	m-w-s026-a074-w004-01	آبَاءَنَا	أ ب و		position_crosswalk	morpheme_aligned
q:26:74:5	26:74	26:74	5	w-s026-a074-w005	26:74:5	m-w-s026-a074-w005-01			كـ	position_crosswalk	morpheme_aligned
q:26:74:6	26:74	26:74	6	w-s026-a074-w005	26:74:5	m-w-s026-a074-w005-02	كَذَلِكَ		كـ	position_crosswalk	morpheme_aligned
q:26:74:7	26:74	26:74	7	w-s026-a074-w006	26:74:6	m-w-s026-a074-w006-01	يَفْعَلُونَ	ف ع ل	كـ	position_crosswalk	morpheme_aligned
q:26:75:1	26:75	26:75	1	w-s026-a075-w001	26:75:1	m-w-s026-a075-w001-01	قَالَ	ق و ل		position_crosswalk	morpheme_aligned
q:26:75:2	26:75	26:75	2	w-s026-a075-w002	26:75:2	m-w-s026-a075-w002-03	أَفَرَأَيْتُمْ	ف ي أ		position_crosswalk	morpheme_aligned
q:26:75:3	26:75	26:75	3	w-s026-a075-w002	26:75:2	m-w-s026-a075-w002-03	أَفَرَأَيْتُمْ	ر أ ي		position_crosswalk	morpheme_aligned
q:26:75:4	26:75	26:75	4	w-s026-a075-w003	26:75:3	m-w-s026-a075-w003-01	مَا			surface_root_sequence_fallback	morpheme_aligned
q:26:75:5	26:75	26:75	5	w-s026-a075-w004	26:75:4	m-w-s026-a075-w004-01	كُنْتُمْ	ك و ن		surface_root_sequence_fallback	morpheme_aligned
q:26:75:6	26:75	26:75	6	w-s026-a075-w005	26:75:5	m-w-s026-a075-w005-01	تَعْبُدُونَ	ع ب د		surface_root_sequence_fallback	morpheme_aligned
q:26:76:1	26:76	26:76	1	w-s026-a076-w001	26:76:1	m-w-s026-a076-w001-01	أَنْتُمْ			position_crosswalk	morpheme_aligned
q:26:76:3	26:76	26:76	3	w-s026-a076-w002	26:76:2	m-w-s026-a076-w002-02	وَآبَاؤُكُمُ	أ ب و		position_crosswalk	morpheme_aligned
q:26:76:4	26:76	26:76	4	w-s026-a076-w003	26:76:3	m-w-s026-a076-w003-02	الْأَقْدَمُونَ	ق د م		position_crosswalk	morpheme_aligned
q:26:77:2	26:77	26:77	2	w-s026-a077-w001	26:77:1	m-w-s026-a077-w001-02;m-w-s026-a077-w001-03	فَإِنَّهُمْ			position_crosswalk	morpheme_aligned
q:26:77:3	26:77	26:77	3	w-s026-a077-w002	26:77:2	m-w-s026-a077-w002-01	عَدُوٌّ	ع د و	لـ	position_crosswalk	morpheme_aligned
q:26:77:4	26:77	26:77	4	w-s026-a077-w003	26:77:3	m-w-s026-a077-w003-02;m-w-s026-a077-w003-01			لـ	position_crosswalk	morpheme_aligned
q:26:77:6	26:77	26:77	6	w-s026-a077-w005	26:77:5	m-w-s026-a077-w005-01	رَبَّ	ر ب ب		surface_root_sequence_fallback	morpheme_aligned
q:26:77:7	26:77	26:77	7	w-s026-a077-w006	26:77:6	m-w-s026-a077-w006-02	الْعَالَمِينَ	ع ل م		surface_root_sequence_fallback	morpheme_aligned
q:26:78:1	26:78	26:78	1	w-s026-a078-w001	26:78:1	m-w-s026-a078-w001-01	الَّذِي	ل ل ذ		position_crosswalk	morpheme_aligned
q:26:78:2	26:78	26:78	2	w-s026-a078-w002	26:78:2	m-w-s026-a078-w002-01;m-w-s026-a078-w002-02	خَلَقَنِي	خ ل ق		position_crosswalk	morpheme_aligned
q:26:78:4	26:78	26:78	4	w-s026-a078-w003	26:78:3	m-w-s026-a078-w003-02	فَهُوَ			position_crosswalk	morpheme_aligned
q:26:78:5	26:78	26:78	5	w-s026-a078-w004	26:78:4	m-w-s026-a078-w004-01;m-w-s026-a078-w004-02	يَهْدِينِ	ه د ي		position_crosswalk	morpheme_aligned
q:26:79:3	26:79	26:79	3	w-s026-a079-w002	26:79:2	m-w-s026-a079-w002-01	هُوَ			position_crosswalk	morpheme_aligned
q:26:79:4	26:79	26:79	4	w-s026-a079-w003	26:79:3	m-w-s026-a079-w003-01;m-w-s026-a079-w003-02	يُطْعِمُنِي	ط ع م		position_crosswalk	morpheme_aligned
q:26:79:6	26:79	26:79	6	w-s026-a079-w004	26:79:4	m-w-s026-a079-w004-02;m-w-s026-a079-w004-03	وَيَسْقِينِ	س ق ي		position_crosswalk	morpheme_aligned
q:26:80:2	26:80	26:80	2	w-s026-a080-w001	26:80:1	m-w-s026-a080-w001-02	وَإِذَا	أ ذ ي		position_crosswalk	morpheme_aligned
q:26:80:3	26:80	26:80	3	w-s026-a080-w002	26:80:2	m-w-s026-a080-w002-01	مَرِضْتُ	م ر ض		position_crosswalk	morpheme_aligned
q:26:80:5	26:80	26:80	5	w-s026-a080-w003	26:80:3	m-w-s026-a080-w003-02	فَهُوَ			position_crosswalk	morpheme_aligned
q:26:80:6	26:80	26:80	6	w-s026-a080-w004	26:80:4	m-w-s026-a080-w004-01;m-w-s026-a080-w004-02	يَشْفِينِ	ش ف ي		position_crosswalk	morpheme_aligned
q:26:81:3	26:81	26:81	3	w-s026-a081-w002	26:81:2	m-w-s026-a081-w002-01;m-w-s026-a081-w002-02	يُمِيتُنِي	م و ت		position_crosswalk	morpheme_aligned
q:26:81:5	26:81	26:81	5	w-s026-a081-w004	26:81:4	m-w-s026-a081-w004-01;m-w-s026-a081-w004-02	يُحْيِينِ	ح ي ي		position_crosswalk	morpheme_aligned
q:26:82:3	26:82	26:82	3	w-s026-a082-w002	26:82:2	m-w-s026-a082-w002-01	أَطْمَعُ	ط م ع		position_crosswalk	morpheme_aligned
q:26:82:4	26:82	26:82	4	w-s026-a082-w003	26:82:3	m-w-s026-a082-w003-01	أَنْ			position_crosswalk	morpheme_aligned
q:26:82:5	26:82	26:82	5	w-s026-a082-w004	26:82:4	m-w-s026-a082-w004-01	يَغْفِرَ	غ ف ر	لـ	position_crosswalk	morpheme_aligned
q:26:82:6	26:82	26:82	6	w-s026-a082-w005	26:82:5	m-w-s026-a082-w005-02;m-w-s026-a082-w005-01			لـ	position_crosswalk	morpheme_aligned
q:26:82:7	26:82	26:82	7	w-s026-a082-w006	26:82:6	m-w-s026-a082-w006-01	خَطِيئَتِي	خ ط أ		surface_root_sequence_fallback	morpheme_aligned
q:26:82:8	26:82	26:82	8	w-s026-a082-w007	26:82:7	m-w-s026-a082-w007-01	يَوْمَ	ي و م		surface_root_sequence_fallback	morpheme_aligned
q:26:82:9	26:82	26:82	9	w-s026-a082-w008	26:82:8	m-w-s026-a082-w008-02	الدِّينِ	د ي ن		surface_root_sequence_fallback	morpheme_aligned
q:26:83:1	26:83	26:83	1	w-s026-a083-w001	26:83:1	m-w-s026-a083-w001-01	رَبِّ	ر ب ب		position_crosswalk	morpheme_aligned
q:26:83:2	26:83	26:83	2	w-s026-a083-w002	26:83:2	m-w-s026-a083-w002-01	هَبْ	و ه ب	لـ	position_crosswalk	morpheme_aligned
q:26:83:3	26:83	26:83	3	w-s026-a083-w003	26:83:3	m-w-s026-a083-w003-02;m-w-s026-a083-w003-01			لـ	position_crosswalk	morpheme_aligned
q:26:83:4	26:83	26:83	4	w-s026-a083-w004	26:83:4	m-w-s026-a083-w004-01	حُكْمَاً	ح ك م		surface_root_sequence_fallback	morpheme_aligned
q:26:83:6	26:83	26:83	6	w-s026-a083-w005	26:83:5	m-w-s026-a083-w005-02;m-w-s026-a083-w005-03	وَأَلْحِقْنِي	ل ح ق	بـ	position_crosswalk	morpheme_aligned
q:26:83:7	26:83	26:83	7	w-s026-a083-w006	26:83:6	m-w-s026-a083-w006-01			بـ	surface_root_sequence_fallback	morpheme_aligned
q:26:83:8	26:83	26:83	8	w-s026-a083-w006	26:83:6	m-w-s026-a083-w006-03	بِالصَّالِحِينَ	ص ل ح	بـ	position_crosswalk	morpheme_aligned
q:26:84:2	26:84	26:84	2	w-s026-a084-w001	26:84:1	m-w-s026-a084-w001-02	وَاجْعَلْ	ج ع ل	لـ	position_crosswalk	morpheme_aligned
q:26:84:3	26:84	26:84	3	w-s026-a084-w002	26:84:2	m-w-s026-a084-w002-02;m-w-s026-a084-w002-01			لـ	position_crosswalk	morpheme_aligned
q:26:84:4	26:84	26:84	4	w-s026-a084-w003	26:84:3	m-w-s026-a084-w003-01	لِسَانَ	ل س ن	فِي	surface_root_sequence_fallback	morpheme_aligned
q:26:84:5	26:84	26:84	5	w-s026-a084-w004	26:84:4	m-w-s026-a084-w004-01	صِدْقٍ	ص د ق		surface_root_sequence_fallback	morpheme_aligned
q:26:84:6	26:84	26:84	6	w-s026-a084-w005	26:84:5	m-w-s026-a084-w005-01			فِي	surface_root_sequence_fallback	morpheme_aligned
q:26:84:7	26:84	26:84	7	w-s026-a084-w006	26:84:6	m-w-s026-a084-w006-02	الْآخِرِينَ	أ خ ر	فِي	surface_root_sequence_fallback	morpheme_aligned
q:26:85:2	26:85	26:85	2	w-s026-a085-w001	26:85:1	m-w-s026-a085-w001-02;m-w-s026-a085-w001-03	وَاجْعَلْنِي	ج ع ل	مِن	position_crosswalk	morpheme_aligned
q:26:85:3	26:85	26:85	3	w-s026-a085-w002	26:85:2	m-w-s026-a085-w002-01			مِن	position_crosswalk	morpheme_aligned
q:26:85:4	26:85	26:85	4	w-s026-a085-w003	26:85:3	m-w-s026-a085-w003-01	وَرَثَةِ	و ر ث	مِن	position_crosswalk	morpheme_aligned
q:26:85:5	26:85	26:85	5	w-s026-a085-w004	26:85:4	m-w-s026-a085-w004-01	جَنَّةِ	ج ن ن		position_crosswalk	morpheme_aligned
q:26:85:6	26:85	26:85	6	w-s026-a085-w005	26:85:5	m-w-s026-a085-w005-02	النَّعِيمِ	ن ع م		position_crosswalk	morpheme_aligned
q:26:86:2	26:86	26:86	2	w-s026-a086-w001	26:86:1	m-w-s026-a086-w001-02	وَاغْفِرْ	غ ف ر	لـ	position_crosswalk	morpheme_aligned
q:26:86:3	26:86	26:86	3	w-s026-a086-w002	26:86:2	m-w-s026-a086-w002-01			لـ	position_crosswalk	morpheme_aligned
q:26:86:4	26:86	26:86	4	w-s026-a086-w002	26:86:2	m-w-s026-a086-w002-02	لِأَبِي	أ ب و	لـ	position_crosswalk	morpheme_aligned
q:26:86:5	26:86	26:86	5	w-s026-a086-w003	26:86:3	m-w-s026-a086-w003-01;m-w-s026-a086-w003-02	إِنَّهُ			position_crosswalk	morpheme_aligned
q:26:86:6	26:86	26:86	6	w-s026-a086-w004	26:86:4	m-w-s026-a086-w004-01	كَانَ	ك و ن	مِن	position_crosswalk	morpheme_aligned
q:26:86:7	26:86	26:86	7	w-s026-a086-w005	26:86:5	m-w-s026-a086-w005-01			مِن	position_crosswalk	morpheme_aligned
q:26:86:8	26:86	26:86	8	w-s026-a086-w006	26:86:6	m-w-s026-a086-w006-02	الضَّالِّينَ	ض ل ل	مِن	position_crosswalk	morpheme_aligned
q:26:87:2	26:87	26:87	2	w-s026-a087-w001	26:87:1	m-w-s026-a087-w001-02	وَلَا			position_crosswalk	morpheme_aligned
q:26:87:3	26:87	26:87	3	w-s026-a087-w002	26:87:2	m-w-s026-a087-w002-01;m-w-s026-a087-w002-02	تُخْزِنِي	خ ز ي		position_crosswalk	morpheme_aligned
q:26:87:4	26:87	26:87	4	w-s026-a087-w003	26:87:3	m-w-s026-a087-w003-01	يَوْمَ	ي و م		position_crosswalk	morpheme_aligned
q:26:87:5	26:87	26:87	5	w-s026-a087-w004	26:87:4	m-w-s026-a087-w004-01	يُبْعَثُونَ	ب ع ث		position_crosswalk	morpheme_aligned
q:26:88:1	26:88	26:88	1	w-s026-a088-w001	26:88:1	m-w-s026-a088-w001-01	يَوْمَ	ي و م		position_crosswalk	morpheme_aligned
q:26:88:3	26:88	26:88	3	w-s026-a088-w003	26:88:3	m-w-s026-a088-w003-01	يَنْفَعُ	ن ف ع		position_crosswalk	morpheme_aligned
q:26:88:4	26:88	26:88	4	w-s026-a088-w004	26:88:4	m-w-s026-a088-w004-01	مَالٌ	م و ل		position_crosswalk	morpheme_aligned
q:26:88:7	26:88	26:88	7	w-s026-a088-w006	26:88:6	m-w-s026-a088-w006-01	بَنُونَ	ب ن ي		position_crosswalk	morpheme_aligned
q:26:89:2	26:89	26:89	2	w-s026-a089-w002	26:89:2	m-w-s026-a089-w002-01	مَنْ	م ن ن		position_crosswalk	morpheme_aligned
q:26:89:3	26:89	26:89	3	w-s026-a089-w003	26:89:3	m-w-s026-a089-w003-01	أَتَى	أ ت ي	بـ	position_crosswalk	morpheme_aligned
q:26:89:4	26:89	26:89	4	w-s026-a089-w004	26:89:4	m-w-s026-a089-w004-01	اللَّهَ	أ ل ه		position_crosswalk	morpheme_aligned
q:26:89:5	26:89	26:89	5	w-s026-a089-w005	26:89:5	m-w-s026-a089-w005-01			بـ	position_crosswalk	morpheme_aligned
q:26:89:6	26:89	26:89	6	w-s026-a089-w005	26:89:5	m-w-s026-a089-w005-02	بِقَلْبٍ	ق ل ب	بـ	position_crosswalk	morpheme_aligned
q:26:89:7	26:89	26:89	7	w-s026-a089-w006	26:89:6	m-w-s026-a089-w006-01	سَلِيمٍ	س ل م		position_crosswalk	morpheme_aligned
q:26:90:2	26:90	26:90	2	w-s026-a090-w001	26:90:1	m-w-s026-a090-w001-02	وَأُزْلِفَتِ	ز ل ف	لـ	position_crosswalk	morpheme_aligned
q:26:90:3	26:90	26:90	3	w-s026-a090-w002	26:90:2	m-w-s026-a090-w002-02	الْجَنَّةُ	ج ن ن		position_crosswalk	morpheme_aligned
q:26:90:4	26:90	26:90	4	w-s026-a090-w002	26:90:2	m-w-s026-a090-w002-02			لـ	surface_root_sequence_fallback	morpheme_aligned
q:26:90:5	26:90	26:90	5	w-s026-a090-w003	26:90:3	m-w-s026-a090-w003-03	لِلْمُتَّقِينَ	و ق ي	لـ	position_crosswalk	morpheme_aligned
q:26:91:2	26:91	26:91	2	w-s026-a091-w001	26:91:1	m-w-s026-a091-w001-02	وَبُرِّزَتِ	ب ر ز	لـ	position_crosswalk	morpheme_aligned
q:26:91:3	26:91	26:91	3	w-s026-a091-w002	26:91:2	m-w-s026-a091-w002-02	الْجَحِيمُ	ج ح م		position_crosswalk	morpheme_aligned
q:26:91:4	26:91	26:91	4	w-s026-a091-w002	26:91:2	m-w-s026-a091-w002-02			لـ	surface_root_sequence_fallback	morpheme_aligned
q:26:91:5	26:91	26:91	5	w-s026-a091-w003	26:91:3	m-w-s026-a091-w003-03	لِلْغَاوِينَ	غ و ي	لـ	position_crosswalk	morpheme_aligned
q:26:92:2	26:92	26:92	2	w-s026-a092-w001	26:92:1	m-w-s026-a092-w001-02	وَقِيلَ	ق و ل	لـ	position_crosswalk	morpheme_aligned
q:26:92:3	26:92	26:92	3	w-s026-a092-w002	26:92:2	m-w-s026-a092-w002-01			لـ	position_crosswalk	morpheme_aligned
q:26:92:4	26:92	26:92	4	w-s026-a092-w002	26:92:2	m-w-s026-a092-w002-02	لَهُمْ		لـ	position_crosswalk	morpheme_aligned
q:26:92:5	26:92	26:92	5	w-s026-a092-w003	26:92:3	m-w-s026-a092-w003-01	أَيْنَمَا	أ ي ن		derived_morpheme_unit	morpheme_aligned
q:26:92:6	26:92	26:92	6	w-s026-a092-w004	26:92:4	m-w-s026-a092-w004-01	أَيْنَمَا			derived_morpheme_unit	morpheme_aligned
q:26:92:7	26:92	26:92	7	w-s026-a092-w005	26:92:5	m-w-s026-a092-w005-01	كُنْتُمْ	ك و ن		position_crosswalk	morpheme_aligned
q:26:92:8	26:92	26:92	8	w-s026-a092-w006	26:92:6	m-w-s026-a092-w006-01	تَعْبُدُونَ	ع ب د		position_crosswalk	morpheme_aligned
q:26:93:1	26:93	26:93	1	w-s026-a093-w001	26:93:1	m-w-s026-a093-w001-01			مِن	position_crosswalk	morpheme_aligned
q:26:93:2	26:93	26:93	2	w-s026-a093-w002	26:93:2	m-w-s026-a093-w002-01	دُونِ	د و ن	مِن	position_crosswalk	morpheme_aligned
q:26:93:3	26:93	26:93	3	w-s026-a093-w003	26:93:3	m-w-s026-a093-w003-01	اللَّهِ	أ ل ه		position_crosswalk	morpheme_aligned
q:26:93:5	26:93	26:93	5	w-s026-a093-w005	26:93:5	m-w-s026-a093-w005-01	يَنْصُرُونَكُمْ	ن ص ر	مِن	position_crosswalk	morpheme_aligned
q:26:93:7	26:93	26:93	7	w-s026-a093-w005	26:93:5	m-w-s026-a093-w005-01	يَنْتَصِرُونَ	ن ص ر		surface_root_sequence_fallback	morpheme_aligned
q:26:94:2	26:94	26:94	2	w-s026-a094-w001	26:94:1	m-w-s026-a094-w001-02	فَكُبْكِبُوا	ك ب ك ب	فِي	position_crosswalk	morpheme_aligned
q:26:94:3	26:94	26:94	3	w-s026-a094-w002	26:94:2	m-w-s026-a094-w002-02;m-w-s026-a094-w002-01			فِي	position_crosswalk	morpheme_aligned
q:26:94:4	26:94	26:94	4	w-s026-a094-w003	26:94:3	m-w-s026-a094-w003-01	هُمْ			position_crosswalk	morpheme_aligned
q:26:94:6	26:94	26:94	6	w-s026-a094-w004	26:94:4	m-w-s026-a094-w004-03	وَالْغَاوُونَ	غ و ي		position_crosswalk	morpheme_aligned
q:26:95:2	26:95	26:95	2	w-s026-a095-w001	26:95:1	m-w-s026-a095-w001-02	وَجُنُودُ	ج ن د		position_crosswalk	morpheme_aligned
q:26:95:3	26:95	26:95	3	w-s026-a095-w002	26:95:2	m-w-s026-a095-w002-01	إِبْلِيسَ	ب ل س		position_crosswalk	morpheme_aligned
q:26:95:4	26:95	26:95	4	w-s026-a095-w003	26:95:3	m-w-s026-a095-w003-01	أَجْمَعُونَ	ج م ع		position_crosswalk	morpheme_aligned
q:26:96:1	26:96	26:96	1	w-s026-a096-w001	26:96:1	m-w-s026-a096-w001-01	قَالُوا	ق و ل		position_crosswalk	morpheme_aligned
q:26:96:3	26:96	26:96	3	w-s026-a096-w002	26:96:2	m-w-s026-a096-w002-02	وَهُمْ			position_crosswalk	morpheme_aligned
q:26:96:4	26:96	26:96	4	w-s026-a096-w003	26:96:3	m-w-s026-a096-w003-02;m-w-s026-a096-w003-01			فِي	position_crosswalk	morpheme_aligned
q:26:96:5	26:96	26:96	5	w-s026-a096-w004	26:96:4	m-w-s026-a096-w004-01	يَخْتَصِمُونَ	خ ص م	فِي	position_crosswalk	morpheme_aligned
q:26:97:1	26:97	26:97	1	w-s026-a097-w001	26:97:1	m-w-s026-a097-w001-02	تَاللَّهِ			position_crosswalk	morpheme_aligned
q:26:97:2	26:97	26:97	2	w-s026-a097-w001	26:97:1	m-w-s026-a097-w001-02	تَاللَّهِ	أ ل ه		position_crosswalk	morpheme_aligned
q:26:97:4	26:97	26:97	4	w-s026-a097-w003	26:97:3	m-w-s026-a097-w003-01	كُنَّا	ك و ن	فِي	position_crosswalk	morpheme_aligned
q:26:97:6	26:97	26:97	6	w-s026-a097-w004	26:97:4	m-w-s026-a097-w004-02			فِي	position_crosswalk	morpheme_aligned
q:26:97:7	26:97	26:97	7	w-s026-a097-w005	26:97:5	m-w-s026-a097-w005-01	ضَلَالٍ	ض ل ل	فِي	position_crosswalk	morpheme_aligned
q:26:97:8	26:97	26:97	8	w-s026-a097-w006	26:97:6	m-w-s026-a097-w006-01	مُبِينٍ	ب ي ن		position_crosswalk	morpheme_aligned
q:26:98:1	26:98	26:98	1	w-s026-a098-w001	26:98:1	m-w-s026-a098-w001-01	إِذْ	أ ذ ي		position_crosswalk	morpheme_aligned
q:26:98:2	26:98	26:98	2	w-s026-a098-w002	26:98:2	m-w-s026-a098-w002-01;m-w-s026-a098-w002-02	نُسَوِّيكُمْ	س و ي	بـ	position_crosswalk	morpheme_aligned
q:26:98:3	26:98	26:98	3	w-s026-a098-w003	26:98:3	m-w-s026-a098-w003-01			بـ	position_crosswalk	morpheme_aligned
q:26:98:4	26:98	26:98	4	w-s026-a098-w003	26:98:3	m-w-s026-a098-w003-02	بِرَبِّ	ر ب ب	بـ	position_crosswalk	morpheme_aligned
q:26:98:5	26:98	26:98	5	w-s026-a098-w004	26:98:4	m-w-s026-a098-w004-02	الْعَالَمِينَ	ع ل م		position_crosswalk	morpheme_aligned
q:26:99:3	26:99	26:99	3	w-s026-a099-w002	26:99:2	m-w-s026-a099-w002-01;m-w-s026-a099-w002-02	أَضَلَّنَا	ض ل ل		position_crosswalk	morpheme_aligned
q:26:99:5	26:99	26:99	5	w-s026-a099-w004	26:99:4	m-w-s026-a099-w004-02	الْمُجْرِمُونَ	ج ر م		position_crosswalk	morpheme_aligned
q:26:100:2	26:100	26:100	2	w-s026-a100-w001	26:100:1	m-w-s026-a100-w001-02	فَمَا		مِن	position_crosswalk	morpheme_aligned
q:26:100:3	26:100	26:100	3	w-s026-a100-w002	26:100:2	m-w-s026-a100-w002-02;m-w-s026-a100-w002-01	لَنَا	و ل ي	لـ	position_crosswalk	morpheme_aligned
q:26:100:4	26:100	26:100	4	w-s026-a100-w003	26:100:3	m-w-s026-a100-w003-01			مِن	surface_root_sequence_fallback	morpheme_aligned
q:26:100:5	26:100	26:100	5	w-s026-a100-w004	26:100:4	m-w-s026-a100-w004-01	شَافِعِينَ	ش ف ع	لـ;مِن	surface_root_sequence_fallback	morpheme_aligned
q:26:101:2	26:101	26:101	2	w-s026-a101-w001	26:101:1	m-w-s026-a101-w001-02	وَلَا			position_crosswalk	morpheme_aligned
q:26:101:3	26:101	26:101	3	w-s026-a101-w002	26:101:2	m-w-s026-a101-w002-01	صَدِيقٍ	ص د ق		position_crosswalk	morpheme_aligned
q:26:101:4	26:101	26:101	4	w-s026-a101-w003	26:101:3	m-w-s026-a101-w003-01	حَمِيمٍ	ح م م		position_crosswalk	morpheme_aligned
q:26:102:3	26:102	26:102	3	w-s026-a102-w002	26:102:2	m-w-s026-a102-w002-01	أَنَّ			position_crosswalk	morpheme_aligned
q:26:102:4	26:102	26:102	4	w-s026-a102-w003	26:102:3	m-w-s026-a102-w003-02;m-w-s026-a102-w003-01	لَنَا	و ل ي	لـ	position_crosswalk	morpheme_aligned
q:26:102:5	26:102	26:102	5	w-s026-a102-w004	26:102:4	m-w-s026-a102-w004-01	كَرَّةً	ك ر ر	لـ	surface_root_sequence_fallback	morpheme_aligned
q:26:102:7	26:102	26:102	7	w-s026-a102-w005	26:102:5	m-w-s026-a102-w005-02	فَنَكُونَ	ك و ن	مِن	position_crosswalk	morpheme_aligned
q:26:102:8	26:102	26:102	8	w-s026-a102-w006	26:102:6	m-w-s026-a102-w006-01			مِن	surface_root_sequence_fallback	morpheme_aligned
q:26:102:9	26:102	26:102	9	w-s026-a102-w007	26:102:7	m-w-s026-a102-w007-02	الْمُؤْمِنِينَ	أ م ن	مِن	surface_root_sequence_fallback	morpheme_aligned
q:26:103:1	26:103	26:103	1	w-s026-a103-w001	26:103:1	m-w-s026-a103-w001-01	إِنَّ			position_crosswalk	morpheme_aligned
q:26:103:2	26:103	26:103	2	w-s026-a103-w002	26:103:2	m-w-s026-a103-w002-01			فِي	position_crosswalk	morpheme_aligned
q:26:103:3	26:103	26:103	3	w-s026-a103-w003	26:103:3	m-w-s026-a103-w003-01	ذَلِكَ		فِي	position_crosswalk	morpheme_aligned
q:26:103:5	26:103	26:103	5	w-s026-a103-w004	26:103:4	m-w-s026-a103-w004-02	لَآيَةً	أ ي ي	فِي	position_crosswalk	morpheme_aligned
q:26:103:8	26:103	26:103	8	w-s026-a103-w006	26:103:6	m-w-s026-a103-w006-01	كَانَ	ك و ن		position_crosswalk	morpheme_aligned
q:26:103:9	26:103	26:103	9	w-s026-a103-w007	26:103:7	m-w-s026-a103-w007-01	أَكْثَرُهُمْ	ك ث ر		position_crosswalk	morpheme_aligned
q:26:103:10	26:103	26:103	10	w-s026-a103-w008	26:103:8	m-w-s026-a103-w008-01	مُؤْمِنِينَ	أ م ن		position_crosswalk	morpheme_aligned
q:26:104:2	26:104	26:104	2	w-s026-a104-w001	26:104:1	m-w-s026-a104-w001-02	وَإِنَّ			position_crosswalk	morpheme_aligned
q:26:104:3	26:104	26:104	3	w-s026-a104-w002	26:104:2	m-w-s026-a104-w002-01	رَبَّكَ	ر ب ب		position_crosswalk	morpheme_aligned
q:26:104:6	26:104	26:104	6	w-s026-a104-w004	26:104:4	m-w-s026-a104-w004-02	الْعَزِيزُ	ع ز ز		position_crosswalk	morpheme_aligned
q:26:104:7	26:104	26:104	7	w-s026-a104-w005	26:104:5	m-w-s026-a104-w005-02	الرَّحِيمُ	ر ح م		position_crosswalk	morpheme_aligned
q:26:105:1	26:105	26:105	1	w-s026-a105-w001	26:105:1	m-w-s026-a105-w001-01	كَذَّبَتْ	ك ذ ب		position_crosswalk	morpheme_aligned
q:26:105:2	26:105	26:105	2	w-s026-a105-w002	26:105:2	m-w-s026-a105-w002-01	قَوْمُ	ق و م		position_crosswalk	morpheme_aligned
q:26:105:3	26:105	26:105	3	w-s026-a105-w003	26:105:3	m-w-s026-a105-w003-01	نُوحٍ	ن و ح		position_crosswalk	morpheme_aligned
q:26:105:4	26:105	26:105	4	w-s026-a105-w004	26:105:4	m-w-s026-a105-w004-02	الْمُرْسَلِينَ	ر س ل		position_crosswalk	morpheme_aligned
q:26:106:1	26:106	26:106	1	w-s026-a106-w001	26:106:1	m-w-s026-a106-w001-01	إِذْ	أ ذ ي		position_crosswalk	morpheme_aligned
q:26:106:2	26:106	26:106	2	w-s026-a106-w002	26:106:2	m-w-s026-a106-w002-01	قَالَ	ق و ل	لـ	position_crosswalk	morpheme_aligned
q:26:106:3	26:106	26:106	3	w-s026-a106-w002	26:106:2	m-w-s026-a106-w002-01			لـ	surface_root_sequence_fallback	morpheme_aligned
q:26:106:4	26:106	26:106	4	w-s026-a106-w003	26:106:3	m-w-s026-a106-w003-02	لَهُمْ		لـ	position_crosswalk	morpheme_aligned
q:26:106:5	26:106	26:106	5	w-s026-a106-w004	26:106:4	m-w-s026-a106-w004-01	أَخُوهُمْ	أ خ و		position_crosswalk	morpheme_aligned
q:26:106:6	26:106	26:106	6	w-s026-a106-w005	26:106:5	m-w-s026-a106-w005-01	نُوحٌ	ن و ح		position_crosswalk	morpheme_aligned
q:26:106:7	26:106	26:106	7	w-s026-a106-w006	26:106:6	m-w-s026-a106-w006-02	أَلَا	أ ل و		position_crosswalk	morpheme_aligned
q:26:106:8	26:106	26:106	8	w-s026-a106-w007	26:106:7	m-w-s026-a106-w007-01	تَتَّقُونَ	و ق ي		surface_root_sequence_fallback	morpheme_aligned
q:26:107:1	26:107	26:107	1	w-s026-a107-w001	26:107:1	m-w-s026-a107-w001-01;m-w-s026-a107-w001-02	إِنِّي			position_crosswalk	morpheme_aligned
q:26:107:2	26:107	26:107	2	w-s026-a107-w002	26:107:2	m-w-s026-a107-w002-02;m-w-s026-a107-w002-01			لـ	position_crosswalk	morpheme_aligned
q:26:107:3	26:107	26:107	3	w-s026-a107-w003	26:107:3	m-w-s026-a107-w003-01	رَسُولٌ	ر س ل	لـ	surface_root_sequence_fallback	morpheme_aligned
q:26:107:4	26:107	26:107	4	w-s026-a107-w004	26:107:4	m-w-s026-a107-w004-01	أَمِينٌ	أ م ن		surface_root_sequence_fallback	morpheme_aligned
q:26:108:2	26:108	26:108	2	w-s026-a108-w001	26:108:1	m-w-s026-a108-w001-02	فَاتَّقُوا	و ق ي		position_crosswalk	morpheme_aligned
q:26:108:3	26:108	26:108	3	w-s026-a108-w002	26:108:2	m-w-s026-a108-w002-01	اللَّهَ	أ ل ه		position_crosswalk	morpheme_aligned
q:26:108:5	26:108	26:108	5	w-s026-a108-w003	26:108:3	m-w-s026-a108-w003-02	وَأَطِيعُونِ	ط و ع		position_crosswalk	morpheme_aligned
q:26:109:3	26:109	26:109	3	w-s026-a109-w002	26:109:2	m-w-s026-a109-w002-01;m-w-s026-a109-w002-02	أَسْأَلُكُمْ	س أ ل	عَلَى;مِن	position_crosswalk	morpheme_aligned
q:26:109:4	26:109	26:109	4	w-s026-a109-w003	26:109:3	m-w-s026-a109-w003-02;m-w-s026-a109-w003-01			عَلَى	position_crosswalk	morpheme_aligned
q:26:109:5	26:109	26:109	5	w-s026-a109-w004	26:109:4	m-w-s026-a109-w004-01			مِن	position_crosswalk	morpheme_aligned
q:26:109:6	26:109	26:109	6	w-s026-a109-w005	26:109:5	m-w-s026-a109-w005-01	أَجْرٍ	أ ج ر	مِن	position_crosswalk	morpheme_aligned
q:26:109:8	26:109	26:109	8	w-s026-a109-w005	26:109:5	m-w-s026-a109-w005-01	أَجْرِيَ	أ ج ر	عَلَى	surface_root_sequence_fallback	morpheme_aligned
q:26:109:10	26:109	26:109	10	w-s026-a109-w009	26:109:9	m-w-s026-a109-w009-01			عَلَى	position_crosswalk	morpheme_aligned
q:26:109:11	26:109	26:109	11	w-s026-a109-w010	26:109:10	m-w-s026-a109-w010-01	رَبِّ	ر ب ب	عَلَى	position_crosswalk	morpheme_aligned
q:26:109:12	26:109	26:109	12	w-s026-a109-w011	26:109:11	m-w-s026-a109-w011-02	الْعَالَمِينَ	ع ل م		position_crosswalk	morpheme_aligned
q:26:110:2	26:110	26:110	2	w-s026-a110-w001	26:110:1	m-w-s026-a110-w001-02	فَاتَّقُوا	و ق ي		position_crosswalk	morpheme_aligned
q:26:110:3	26:110	26:110	3	w-s026-a110-w002	26:110:2	m-w-s026-a110-w002-01	اللَّهَ	أ ل ه		position_crosswalk	morpheme_aligned
q:26:110:5	26:110	26:110	5	w-s026-a110-w003	26:110:3	m-w-s026-a110-w003-02	وَأَطِيعُونِ	ط و ع		position_crosswalk	morpheme_aligned
q:26:111:1	26:111	26:111	1	w-s026-a111-w001	26:111:1	m-w-s026-a111-w001-01	قَالُوا	ق و ل		position_crosswalk	morpheme_aligned
q:26:111:2	26:111	26:111	2	w-s026-a111-w002	26:111:2	m-w-s026-a111-w002-02	أَنُؤْمِنُ	أ م ن	لـ	position_crosswalk	morpheme_aligned
q:26:111:3	26:111	26:111	3	w-s026-a111-w003	26:111:3	m-w-s026-a111-w003-02;m-w-s026-a111-w003-01			لـ	surface_root_sequence_fallback	morpheme_aligned
q:26:111:5	26:111	26:111	5	w-s026-a111-w004	26:111:4	m-w-s026-a111-w004-02;m-w-s026-a111-w004-03	وَاتَّبَعَكَ	ت ب ع		surface_root_sequence_fallback	morpheme_aligned
q:26:111:6	26:111	26:111	6	w-s026-a111-w005	26:111:5	m-w-s026-a111-w005-02	الْأَرْذَلُونَ	ر ذ ل		surface_root_sequence_fallback	morpheme_aligned
q:26:112:1	26:112	26:112	1	w-s026-a112-w001	26:112:1	m-w-s026-a112-w001-01	قَالَ	ق و ل		position_crosswalk	morpheme_aligned
q:26:112:2	26:112	26:112	2	w-s026-a112-w002	26:112:2	m-w-s026-a112-w002-01	وَمَا	أ و ي		position_crosswalk	morpheme_aligned
q:26:112:3	26:112	26:112	3	w-s026-a112-w002	26:112:2	m-w-s026-a112-w002-02	وَمَا			position_crosswalk	morpheme_aligned
q:26:112:4	26:112	26:112	4	w-s026-a112-w003	26:112:3	m-w-s026-a112-w003-01	عِلْمِي	ع ل م	بـ	position_crosswalk	morpheme_aligned
q:26:112:5	26:112	26:112	5	w-s026-a112-w004	26:112:4	m-w-s026-a112-w004-01			بـ	position_crosswalk	morpheme_aligned
q:26:112:6	26:112	26:112	6	w-s026-a112-w004	26:112:4	m-w-s026-a112-w004-02	بِمَا		بـ	position_crosswalk	morpheme_aligned
q:26:112:7	26:112	26:112	7	w-s026-a112-w005	26:112:5	m-w-s026-a112-w005-01	كَانُوا	ك و ن		position_crosswalk	morpheme_aligned
q:26:112:8	26:112	26:112	8	w-s026-a112-w006	26:112:6	m-w-s026-a112-w006-01	يَعْمَلُونَ	ع م ل		position_crosswalk	morpheme_aligned
q:26:113:2	26:113	26:113	2	w-s026-a113-w002	26:113:2	m-w-s026-a113-w002-01	حِسَابُهُمْ	ح س ب	عَلَى	position_crosswalk	morpheme_aligned
q:26:113:4	26:113	26:113	4	w-s026-a113-w004	26:113:4	m-w-s026-a113-w004-01			عَلَى	position_crosswalk	morpheme_aligned
q:26:113:5	26:113	26:113	5	w-s026-a113-w005	26:113:5	m-w-s026-a113-w005-01	رَبِّي	ر ب ب	عَلَى	position_crosswalk	morpheme_aligned
q:26:114:3	26:114	26:114	3	w-s026-a114-w002	26:114:2	m-w-s026-a114-w002-01	أَنَا		بـ	position_crosswalk	morpheme_aligned
q:26:114:4	26:114	26:114	4	w-s026-a114-w003	26:114:3	m-w-s026-a114-w003-01			بـ	position_crosswalk	morpheme_aligned
q:26:114:5	26:114	26:114	5	w-s026-a114-w003	26:114:3	m-w-s026-a114-w003-02	بِطَارِدِ	ط ر د	بـ	position_crosswalk	morpheme_aligned
q:26:114:6	26:114	26:114	6	w-s026-a114-w004	26:114:4	m-w-s026-a114-w004-02	الْمُؤْمِنِينَ	أ م ن		position_crosswalk	morpheme_aligned
q:26:115:2	26:115	26:115	2	w-s026-a115-w002	26:115:2	m-w-s026-a115-w002-01	أَنَا			position_crosswalk	morpheme_aligned
q:26:115:4	26:115	26:115	4	w-s026-a115-w004	26:115:4	m-w-s026-a115-w004-01	نَذِيرٌ	ن ذ ر		position_crosswalk	morpheme_aligned
q:26:115:5	26:115	26:115	5	w-s026-a115-w005	26:115:5	m-w-s026-a115-w005-01	مُبِينٌ	ب ي ن		position_crosswalk	morpheme_aligned
q:26:116:1	26:116	26:116	1	w-s026-a116-w001	26:116:1	m-w-s026-a116-w001-01	قَالُوا	ق و ل		position_crosswalk	morpheme_aligned
q:26:116:2	26:116	26:116	2	w-s026-a116-w002	26:116:2	m-w-s026-a116-w002-02	لَئِنْ	و ل ي		position_crosswalk	morpheme_aligned
q:26:116:6	26:116	26:116	6	w-s026-a116-w005	26:116:5	m-w-s026-a116-w005-02	يَانُوحُ			position_crosswalk	morpheme_aligned
q:26:116:7	26:116	26:116	7	w-s026-a116-w005	26:116:5	m-w-s026-a116-w005-02	يَانُوحُ	ن و ح		position_crosswalk	morpheme_aligned
q:26:116:9	26:116	26:116	9	w-s026-a116-w006	26:116:6	m-w-s026-a116-w006-02	لَتَكُونَنَّ	ك و ن	مِن	position_crosswalk	morpheme_aligned
q:26:116:10	26:116	26:116	10	w-s026-a116-w007	26:116:7	m-w-s026-a116-w007-01			مِن	position_crosswalk	morpheme_aligned
q:26:116:11	26:116	26:116	11	w-s026-a116-w008	26:116:8	m-w-s026-a116-w008-02	الْمَرْجُومِينَ	ر ج م	مِن	position_crosswalk	morpheme_aligned
q:26:117:1	26:117	26:117	1	w-s026-a117-w001	26:117:1	m-w-s026-a117-w001-01	قَالَ	ق و ل		position_crosswalk	morpheme_aligned
q:26:117:2	26:117	26:117	2	w-s026-a117-w002	26:117:2	m-w-s026-a117-w002-01	رَبِّ	ر ب ب		position_crosswalk	morpheme_aligned
q:26:117:3	26:117	26:117	3	w-s026-a117-w003	26:117:3	m-w-s026-a117-w003-01	إِنَّ			position_crosswalk	morpheme_aligned
q:26:117:4	26:117	26:117	4	w-s026-a117-w004	26:117:4	m-w-s026-a117-w004-01	قَوْمِي	ق و م		position_crosswalk	morpheme_aligned
q:26:117:5	26:117	26:117	5	w-s026-a117-w005	26:117:5	m-w-s026-a117-w005-01	كَذَّبُونِ	ك ذ ب		position_crosswalk	morpheme_aligned
q:26:118:2	26:118	26:118	2	w-s026-a118-w001	26:118:1	m-w-s026-a118-w001-02	فَافْتَحْ	ف ت ح		position_crosswalk	morpheme_aligned
q:26:118:3	26:118	26:118	3	w-s026-a118-w002	26:118:2	m-w-s026-a118-w002-01	بَيْنِي	ب ي ن		position_crosswalk	morpheme_aligned
q:26:118:5	26:118	26:118	5	w-s026-a118-w002	26:118:2	m-w-s026-a118-w002-01	وَبَيْنَهُمْ	ب ي ن		surface_root_sequence_fallback	morpheme_aligned
q:26:118:6	26:118	26:118	6	w-s026-a118-w004	26:118:4	m-w-s026-a118-w004-01	فَتْحَاً	ف ت ح		position_crosswalk	morpheme_aligned
q:26:118:8	26:118	26:118	8	w-s026-a118-w005	26:118:5	m-w-s026-a118-w005-02;m-w-s026-a118-w005-03	وَنَجِّنِي	ن ج و		position_crosswalk	morpheme_aligned
q:26:118:10	26:118	26:118	10	w-s026-a118-w006	26:118:6	m-w-s026-a118-w006-02	وَمَنْ	م ن ن	مِن	position_crosswalk	morpheme_aligned
q:26:118:11	26:118	26:118	11	w-s026-a118-w007	26:118:7	m-w-s026-a118-w007-01	مَعِيَ	م ع ع		position_crosswalk	morpheme_aligned
q:26:118:12	26:118	26:118	12	w-s026-a118-w008	26:118:8	m-w-s026-a118-w008-01			مِن	position_crosswalk	morpheme_aligned
q:26:118:13	26:118	26:118	13	w-s026-a118-w009	26:118:9	m-w-s026-a118-w009-02	الْمُؤْمِنِينَ	أ م ن	مِن	position_crosswalk	morpheme_aligned
q:26:119:2	26:119	26:119	2	w-s026-a119-w001	26:119:1	m-w-s026-a119-w001-02	فَأَنْجَيْنَاهُ	ن ج و	فِي	position_crosswalk	morpheme_aligned
q:26:119:4	26:119	26:119	4	w-s026-a119-w002	26:119:2	m-w-s026-a119-w002-02	وَمَنْ	م ن ن		position_crosswalk	morpheme_aligned
q:26:119:5	26:119	26:119	5	w-s026-a119-w003	26:119:3	m-w-s026-a119-w003-01	مَعَهُ	م ع ع		position_crosswalk	morpheme_aligned
q:26:119:6	26:119	26:119	6	w-s026-a119-w004	26:119:4	m-w-s026-a119-w004-01			فِي	position_crosswalk	morpheme_aligned
q:26:119:7	26:119	26:119	7	w-s026-a119-w005	26:119:5	m-w-s026-a119-w005-02	الْفُلْكِ	ف ل ك	فِي	position_crosswalk	morpheme_aligned
q:26:119:8	26:119	26:119	8	w-s026-a119-w006	26:119:6	m-w-s026-a119-w006-02	الْمَشْحُونِ	ش ح ن		position_crosswalk	morpheme_aligned
q:26:120:2	26:120	26:120	2	w-s026-a120-w002	26:120:2	m-w-s026-a120-w002-01	أَغْرَقْنَا	غ ر ق		position_crosswalk	morpheme_aligned
q:26:120:3	26:120	26:120	3	w-s026-a120-w003	26:120:3	m-w-s026-a120-w003-01	بَعْدُ	ب ع د		position_crosswalk	morpheme_aligned
q:26:120:4	26:120	26:120	4	w-s026-a120-w004	26:120:4	m-w-s026-a120-w004-02	الْبَاقِينَ	ب ق ي		position_crosswalk	morpheme_aligned
q:26:121:1	26:121	26:121	1	w-s026-a121-w001	26:121:1	m-w-s026-a121-w001-01	إِنَّ			position_crosswalk	morpheme_aligned
q:26:121:2	26:121	26:121	2	w-s026-a121-w002	26:121:2	m-w-s026-a121-w002-01			فِي	position_crosswalk	morpheme_aligned
q:26:121:3	26:121	26:121	3	w-s026-a121-w003	26:121:3	m-w-s026-a121-w003-01	ذَلِكَ		فِي	position_crosswalk	morpheme_aligned
q:26:121:5	26:121	26:121	5	w-s026-a121-w004	26:121:4	m-w-s026-a121-w004-02	لَآيَةً	أ ي ي	فِي	position_crosswalk	morpheme_aligned
q:26:121:8	26:121	26:121	8	w-s026-a121-w006	26:121:6	m-w-s026-a121-w006-01	كَانَ	ك و ن		position_crosswalk	morpheme_aligned
q:26:121:9	26:121	26:121	9	w-s026-a121-w007	26:121:7	m-w-s026-a121-w007-01	أَكْثَرُهُمْ	ك ث ر		position_crosswalk	morpheme_aligned
q:26:121:10	26:121	26:121	10	w-s026-a121-w008	26:121:8	m-w-s026-a121-w008-01	مُؤْمِنِينَ	أ م ن		position_crosswalk	morpheme_aligned
q:26:122:2	26:122	26:122	2	w-s026-a122-w001	26:122:1	m-w-s026-a122-w001-02	وَإِنَّ			position_crosswalk	morpheme_aligned
q:26:122:3	26:122	26:122	3	w-s026-a122-w002	26:122:2	m-w-s026-a122-w002-01	رَبَّكَ	ر ب ب		position_crosswalk	morpheme_aligned
q:26:122:6	26:122	26:122	6	w-s026-a122-w004	26:122:4	m-w-s026-a122-w004-02	الْعَزِيزُ	ع ز ز		position_crosswalk	morpheme_aligned
q:26:122:7	26:122	26:122	7	w-s026-a122-w005	26:122:5	m-w-s026-a122-w005-02	الرَّحِيمُ	ر ح م		position_crosswalk	morpheme_aligned
q:26:123:1	26:123	26:123	1	w-s026-a123-w001	26:123:1	m-w-s026-a123-w001-01	كَذَّبَتْ	ك ذ ب		position_crosswalk	morpheme_aligned
q:26:123:2	26:123	26:123	2	w-s026-a123-w002	26:123:2	m-w-s026-a123-w002-01	عَادٌ	ع و د		position_crosswalk	morpheme_aligned
q:26:123:3	26:123	26:123	3	w-s026-a123-w003	26:123:3	m-w-s026-a123-w003-02	الْمُرْسَلِينَ	ر س ل		position_crosswalk	morpheme_aligned
q:26:124:1	26:124	26:124	1	w-s026-a124-w001	26:124:1	m-w-s026-a124-w001-01	إِذْ	أ ذ ي		position_crosswalk	morpheme_aligned
q:26:124:2	26:124	26:124	2	w-s026-a124-w002	26:124:2	m-w-s026-a124-w002-01	قَالَ	ق و ل	لـ	position_crosswalk	morpheme_aligned
q:26:124:3	26:124	26:124	3	w-s026-a124-w002	26:124:2	m-w-s026-a124-w002-01			لـ	surface_root_sequence_fallback	morpheme_aligned
q:26:124:4	26:124	26:124	4	w-s026-a124-w003	26:124:3	m-w-s026-a124-w003-02	لَهُمْ		لـ	position_crosswalk	morpheme_aligned
q:26:124:5	26:124	26:124	5	w-s026-a124-w004	26:124:4	m-w-s026-a124-w004-01	أَخُوهُمْ	أ خ و		position_crosswalk	morpheme_aligned
q:26:124:6	26:124	26:124	6	w-s026-a124-w005	26:124:5	m-w-s026-a124-w005-01	هُودٌ	ه و د		position_crosswalk	morpheme_aligned
q:26:124:7	26:124	26:124	7	w-s026-a124-w006	26:124:6	m-w-s026-a124-w006-02	أَلَا	أ ل و		position_crosswalk	morpheme_aligned
q:26:125:1	26:125	26:125	1	w-s026-a125-w001	26:125:1	m-w-s026-a125-w001-01;m-w-s026-a125-w001-02	إِنِّي			position_crosswalk	morpheme_aligned
q:26:125:2	26:125	26:125	2	w-s026-a125-w002	26:125:2	m-w-s026-a125-w002-02;m-w-s026-a125-w002-01			لـ	position_crosswalk	morpheme_aligned
q:26:125:3	26:125	26:125	3	w-s026-a125-w003	26:125:3	m-w-s026-a125-w003-01	رَسُولٌ	ر س ل	لـ	surface_root_sequence_fallback	morpheme_aligned
q:26:125:4	26:125	26:125	4	w-s026-a125-w004	26:125:4	m-w-s026-a125-w004-01	أَمِينٌ	أ م ن		surface_root_sequence_fallback	morpheme_aligned
q:26:126:2	26:126	26:126	2	w-s026-a126-w001	26:126:1	m-w-s026-a126-w001-02	فَاتَّقُوا	و ق ي		position_crosswalk	morpheme_aligned
q:26:126:3	26:126	26:126	3	w-s026-a126-w002	26:126:2	m-w-s026-a126-w002-01	اللَّهَ	أ ل ه		position_crosswalk	morpheme_aligned
q:26:126:5	26:126	26:126	5	w-s026-a126-w003	26:126:3	m-w-s026-a126-w003-02	وَأَطِيعُونِ	ط و ع		position_crosswalk	morpheme_aligned
q:26:127:3	26:127	26:127	3	w-s026-a127-w002	26:127:2	m-w-s026-a127-w002-01;m-w-s026-a127-w002-02	أَسْأَلُكُمْ	س أ ل	عَلَى;مِن	position_crosswalk	morpheme_aligned
q:26:127:4	26:127	26:127	4	w-s026-a127-w003	26:127:3	m-w-s026-a127-w003-02;m-w-s026-a127-w003-01			عَلَى	position_crosswalk	morpheme_aligned
q:26:127:5	26:127	26:127	5	w-s026-a127-w004	26:127:4	m-w-s026-a127-w004-01			مِن	position_crosswalk	morpheme_aligned
q:26:127:6	26:127	26:127	6	w-s026-a127-w005	26:127:5	m-w-s026-a127-w005-01	أَجْرٍ	أ ج ر	مِن	position_crosswalk	morpheme_aligned
q:26:127:8	26:127	26:127	8	w-s026-a127-w005	26:127:5	m-w-s026-a127-w005-01	أَجْرِيَ	أ ج ر	عَلَى	surface_root_sequence_fallback	morpheme_aligned
q:26:127:10	26:127	26:127	10	w-s026-a127-w009	26:127:9	m-w-s026-a127-w009-01			عَلَى	position_crosswalk	morpheme_aligned
q:26:127:11	26:127	26:127	11	w-s026-a127-w010	26:127:10	m-w-s026-a127-w010-01	رَبِّ	ر ب ب	عَلَى	position_crosswalk	morpheme_aligned
q:26:127:12	26:127	26:127	12	w-s026-a127-w011	26:127:11	m-w-s026-a127-w011-02	الْعَالَمِينَ	ع ل م		position_crosswalk	morpheme_aligned
q:26:128:1	26:128	26:128	1	w-s026-a128-w001	26:128:1	m-w-s026-a128-w001-02	أَتَبْنُونَ	ب ن ي	بـ	position_crosswalk	morpheme_aligned
q:26:128:2	26:128	26:128	2	w-s026-a128-w001	26:128:1	m-w-s026-a128-w001-02			بـ	position_crosswalk	morpheme_aligned
q:26:128:3	26:128	26:128	3	w-s026-a128-w002	26:128:2	m-w-s026-a128-w002-02	بِكُلِّ	ك ل ل	بـ	position_crosswalk	morpheme_aligned
q:26:128:4	26:128	26:128	4	w-s026-a128-w003	26:128:3	m-w-s026-a128-w003-01	رِيعٍ	ر ي ع		surface_root_sequence_fallback	morpheme_aligned
q:26:128:5	26:128	26:128	5	w-s026-a128-w004	26:128:4	m-w-s026-a128-w004-01	آيَةً	أ ي ي		surface_root_sequence_fallback	morpheme_aligned
q:26:128:6	26:128	26:128	6	w-s026-a128-w005	26:128:5	m-w-s026-a128-w005-01	تَعْبَثُونَ	ع ب ث		surface_root_sequence_fallback	morpheme_aligned
q:26:129:2	26:129	26:129	2	w-s026-a129-w001	26:129:1	m-w-s026-a129-w001-02	وَتَتَّخِذُونَ	أ خ ذ		position_crosswalk	morpheme_aligned
q:26:129:3	26:129	26:129	3	w-s026-a129-w002	26:129:2	m-w-s026-a129-w002-01	مَصَانِعَ	ص ن ع		position_crosswalk	morpheme_aligned
q:26:129:4	26:129	26:129	4	w-s026-a129-w003	26:129:3	m-w-s026-a129-w003-01;m-w-s026-a129-w003-02	لَعَلَّكُمْ	ل ع ل		position_crosswalk	morpheme_aligned
q:26:129:5	26:129	26:129	5	w-s026-a129-w004	26:129:4	m-w-s026-a129-w004-01	تَخْلُدُونَ	خ ل د		position_crosswalk	morpheme_aligned
q:26:130:2	26:130	26:130	2	w-s026-a130-w001	26:130:1	m-w-s026-a130-w001-02	وَإِذَا	أ ذ ي		position_crosswalk	morpheme_aligned
q:26:130:3	26:130	26:130	3	w-s026-a130-w002	26:130:2	m-w-s026-a130-w002-01	بَطَشْتُمْ	ب ط ش		position_crosswalk	morpheme_aligned
q:26:130:4	26:130	26:130	4	w-s026-a130-w002	26:130:2	m-w-s026-a130-w002-01	بَطَشْتُمْ	ب ط ش		surface_root_sequence_fallback	morpheme_aligned
q:26:130:5	26:130	26:130	5	w-s026-a130-w004	26:130:4	m-w-s026-a130-w004-01	جَبَّارِينَ	ج ب ر		position_crosswalk	morpheme_aligned
q:26:131:2	26:131	26:131	2	w-s026-a131-w001	26:131:1	m-w-s026-a131-w001-02	فَاتَّقُوا	و ق ي		position_crosswalk	morpheme_aligned
q:26:131:3	26:131	26:131	3	w-s026-a131-w002	26:131:2	m-w-s026-a131-w002-01	اللَّهَ	أ ل ه		position_crosswalk	morpheme_aligned
q:26:131:5	26:131	26:131	5	w-s026-a131-w003	26:131:3	m-w-s026-a131-w003-02	وَأَطِيعُونِ	ط و ع		position_crosswalk	morpheme_aligned
q:26:132:2	26:132	26:132	2	w-s026-a132-w001	26:132:1	m-w-s026-a132-w001-02	وَاتَّقُوا	و ق ي		position_crosswalk	morpheme_aligned
q:26:132:3	26:132	26:132	3	w-s026-a132-w002	26:132:2	m-w-s026-a132-w002-01	الَّذِي	ل ل ذ		position_crosswalk	morpheme_aligned
q:26:132:4	26:132	26:132	4	w-s026-a132-w003	26:132:3	m-w-s026-a132-w003-01;m-w-s026-a132-w003-02	أَمَدَّكُمْ	م د د	بـ	position_crosswalk	morpheme_aligned
q:26:132:5	26:132	26:132	5	w-s026-a132-w004	26:132:4	m-w-s026-a132-w004-01			بـ	position_crosswalk	morpheme_aligned
q:26:132:6	26:132	26:132	6	w-s026-a132-w004	26:132:4	m-w-s026-a132-w004-02	بِمَا		بـ	position_crosswalk	morpheme_aligned
q:26:132:7	26:132	26:132	7	w-s026-a132-w005	26:132:5	m-w-s026-a132-w005-01	تَعْلَمُونَ	ع ل م		position_crosswalk	morpheme_aligned
q:26:133:1	26:133	26:133	1	w-s026-a133-w001	26:133:1	m-w-s026-a133-w001-01;m-w-s026-a133-w001-02	أَمَدَّكُمْ	م د د	بـ	position_crosswalk	morpheme_aligned
q:26:133:2	26:133	26:133	2	w-s026-a133-w002	26:133:2	m-w-s026-a133-w002-01			بـ	position_crosswalk	morpheme_aligned
q:26:133:3	26:133	26:133	3	w-s026-a133-w002	26:133:2	m-w-s026-a133-w002-02	بِأَنْعَامٍ	ن ع م	بـ	position_crosswalk	morpheme_aligned
q:26:133:5	26:133	26:133	5	w-s026-a133-w003	26:133:3	m-w-s026-a133-w003-02	وَبَنِينَ	ب ن ي	بـ	position_crosswalk	morpheme_aligned
q:26:134:2	26:134	26:134	2	w-s026-a134-w001	26:134:1	m-w-s026-a134-w001-02	وَجَنَّاتٍ	ج ن ن		position_crosswalk	morpheme_aligned
q:26:134:4	26:134	26:134	4	w-s026-a134-w002	26:134:2	m-w-s026-a134-w002-02	وَعُيُونٍ	ع ي ن		position_crosswalk	morpheme_aligned
q:26:135:1	26:135	26:135	1	w-s026-a135-w001	26:135:1	m-w-s026-a135-w001-01;m-w-s026-a135-w001-02	إِنِّي			position_crosswalk	morpheme_aligned
q:26:135:2	26:135	26:135	2	w-s026-a135-w002	26:135:2	m-w-s026-a135-w002-01	أَخَافُ	خ و ف	عَلَى	position_crosswalk	morpheme_aligned
q:26:135:3	26:135	26:135	3	w-s026-a135-w003	26:135:3	m-w-s026-a135-w003-02;m-w-s026-a135-w003-01			عَلَى	position_crosswalk	morpheme_aligned
q:26:135:4	26:135	26:135	4	w-s026-a135-w004	26:135:4	m-w-s026-a135-w004-01	عَذَابَ	ع ذ ب		position_crosswalk	morpheme_aligned
q:26:135:5	26:135	26:135	5	w-s026-a135-w005	26:135:5	m-w-s026-a135-w005-01	يَوْمٍ	ي و م		position_crosswalk	morpheme_aligned
q:26:135:6	26:135	26:135	6	w-s026-a135-w006	26:135:6	m-w-s026-a135-w006-01	عَظِيمٍ	ع ظ م		position_crosswalk	morpheme_aligned
q:26:136:1	26:136	26:136	1	w-s026-a136-w001	26:136:1	m-w-s026-a136-w001-01	قَالُوا	ق و ل		position_crosswalk	morpheme_aligned
q:26:136:2	26:136	26:136	2	w-s026-a136-w002	26:136:2	m-w-s026-a136-w002-01	سَوَاءٌ	س و ي	عَلَى	position_crosswalk	morpheme_aligned
q:26:136:3	26:136	26:136	3	w-s026-a136-w003	26:136:3	m-w-s026-a136-w003-02;m-w-s026-a136-w003-01			عَلَى	position_crosswalk	morpheme_aligned
q:26:136:4	26:136	26:136	4	w-s026-a136-w004	26:136:4	m-w-s026-a136-w004-02	أَوَعَظْتَ	و ع ظ		position_crosswalk	morpheme_aligned
q:26:136:6	26:136	26:136	6	w-s026-a136-w006	26:136:6	m-w-s026-a136-w006-01	لَمْ	ل م م		surface_root_sequence_fallback	morpheme_aligned
q:26:136:7	26:136	26:136	7	w-s026-a136-w007	26:136:7	m-w-s026-a136-w007-01	تَكُنْ	ك و ن	مِن	surface_root_sequence_fallback	morpheme_aligned
q:26:136:8	26:136	26:136	8	w-s026-a136-w008	26:136:8	m-w-s026-a136-w008-01			مِن	surface_root_sequence_fallback	morpheme_aligned
q:26:136:9	26:136	26:136	9	w-s026-a136-w009	26:136:9	m-w-s026-a136-w009-02	الْوَاعِظِينَ	و ع ظ	مِن	surface_root_sequence_fallback	morpheme_aligned
q:26:137:2	26:137	26:137	2	w-s026-a137-w002	26:137:2	m-w-s026-a137-w002-01	هَذَا			position_crosswalk	morpheme_aligned
q:26:137:4	26:137	26:137	4	w-s026-a137-w004	26:137:4	m-w-s026-a137-w004-01	خُلُقُ	خ ل ق		position_crosswalk	morpheme_aligned
q:26:137:5	26:137	26:137	5	w-s026-a137-w005	26:137:5	m-w-s026-a137-w005-02	الْأَوَّلِينَ	أ و ل		position_crosswalk	morpheme_aligned
q:26:138:3	26:138	26:138	3	w-s026-a138-w002	26:138:2	m-w-s026-a138-w002-01	نَحْنُ		بـ	position_crosswalk	morpheme_aligned
q:26:138:4	26:138	26:138	4	w-s026-a138-w003	26:138:3	m-w-s026-a138-w003-01			بـ	position_crosswalk	morpheme_aligned
q:26:138:5	26:138	26:138	5	w-s026-a138-w003	26:138:3	m-w-s026-a138-w003-02	بِمُعَذَّبِينَ	ع ذ ب	بـ	position_crosswalk	morpheme_aligned
q:26:139:2	26:139	26:139	2	w-s026-a139-w001	26:139:1	m-w-s026-a139-w001-02	فَكَذَّبُوهُ	ك ذ ب		position_crosswalk	morpheme_aligned
q:26:139:4	26:139	26:139	4	w-s026-a139-w002	26:139:2	m-w-s026-a139-w002-02	فَأَهْلَكْنَاهُمْ	ه ل ك		position_crosswalk	morpheme_aligned
q:26:139:5	26:139	26:139	5	w-s026-a139-w003	26:139:3	m-w-s026-a139-w003-01	إِنَّ		فِي	position_crosswalk	morpheme_aligned
q:26:139:6	26:139	26:139	6	w-s026-a139-w004	26:139:4	m-w-s026-a139-w004-01			فِي	position_crosswalk	morpheme_aligned
q:26:139:7	26:139	26:139	7	w-s026-a139-w005	26:139:5	m-w-s026-a139-w005-01	ذَلِكَ		فِي	position_crosswalk	morpheme_aligned
q:26:139:9	26:139	26:139	9	w-s026-a139-w006	26:139:6	m-w-s026-a139-w006-02	لَآيَةً	أ ي ي		position_crosswalk	morpheme_aligned
q:26:139:12	26:139	26:139	12	w-s026-a139-w008	26:139:8	m-w-s026-a139-w008-01	كَانَ	ك و ن		position_crosswalk	morpheme_aligned
q:26:139:13	26:139	26:139	13	w-s026-a139-w009	26:139:9	m-w-s026-a139-w009-01	أَكْثَرُهُمْ	ك ث ر		position_crosswalk	morpheme_aligned
q:26:139:14	26:139	26:139	14	w-s026-a139-w010	26:139:10	m-w-s026-a139-w010-01	مُؤْمِنِينَ	أ م ن		position_crosswalk	morpheme_aligned
q:26:140:2	26:140	26:140	2	w-s026-a140-w001	26:140:1	m-w-s026-a140-w001-02	وَإِنَّ			position_crosswalk	morpheme_aligned
q:26:140:3	26:140	26:140	3	w-s026-a140-w002	26:140:2	m-w-s026-a140-w002-01	رَبَّكَ	ر ب ب		position_crosswalk	morpheme_aligned
q:26:140:6	26:140	26:140	6	w-s026-a140-w004	26:140:4	m-w-s026-a140-w004-02	الْعَزِيزُ	ع ز ز		position_crosswalk	morpheme_aligned
q:26:140:7	26:140	26:140	7	w-s026-a140-w005	26:140:5	m-w-s026-a140-w005-02	الرَّحِيمُ	ر ح م		position_crosswalk	morpheme_aligned
q:26:141:1	26:141	26:141	1	w-s026-a141-w001	26:141:1	m-w-s026-a141-w001-01	كَذَّبَتْ	ك ذ ب		position_crosswalk	morpheme_aligned
q:26:141:2	26:141	26:141	2	w-s026-a141-w002	26:141:2	m-w-s026-a141-w002-01	ثَمُودُ	ث م و د		position_crosswalk	morpheme_aligned
q:26:141:3	26:141	26:141	3	w-s026-a141-w003	26:141:3	m-w-s026-a141-w003-02	الْمُرْسَلِينَ	ر س ل		position_crosswalk	morpheme_aligned
q:26:142:2	26:142	26:142	2	w-s026-a142-w002	26:142:2	m-w-s026-a142-w002-01	قَالَ	ق و ل	لـ	position_crosswalk	morpheme_aligned
q:26:142:3	26:142	26:142	3	w-s026-a142-w002	26:142:2	m-w-s026-a142-w002-01			لـ	surface_root_sequence_fallback	morpheme_aligned
q:26:142:4	26:142	26:142	4	w-s026-a142-w003	26:142:3	m-w-s026-a142-w003-02	لَهُمْ		لـ	position_crosswalk	morpheme_aligned
q:26:142:5	26:142	26:142	5	w-s026-a142-w004	26:142:4	m-w-s026-a142-w004-01	أَخُوهُمْ	أ خ و		position_crosswalk	morpheme_aligned
q:26:142:6	26:142	26:142	6	w-s026-a142-w005	26:142:5	m-w-s026-a142-w005-01	صَالِحٌ	ص ل ح		position_crosswalk	morpheme_aligned
q:26:142:7	26:142	26:142	7	w-s026-a142-w006	26:142:6	m-w-s026-a142-w006-02	أَلَا	أ ل و		position_crosswalk	morpheme_aligned
q:26:143:1	26:143	26:143	1	w-s026-a143-w001	26:143:1	m-w-s026-a143-w001-01;m-w-s026-a143-w001-02	إِنِّي			position_crosswalk	morpheme_aligned
q:26:143:2	26:143	26:143	2	w-s026-a143-w002	26:143:2	m-w-s026-a143-w002-02;m-w-s026-a143-w002-01			لـ	position_crosswalk	morpheme_aligned
q:26:143:3	26:143	26:143	3	w-s026-a143-w003	26:143:3	m-w-s026-a143-w003-01	رَسُولٌ	ر س ل	لـ	surface_root_sequence_fallback	morpheme_aligned
q:26:143:4	26:143	26:143	4	w-s026-a143-w004	26:143:4	m-w-s026-a143-w004-01	أَمِينٌ	أ م ن		surface_root_sequence_fallback	morpheme_aligned
q:26:144:2	26:144	26:144	2	w-s026-a144-w001	26:144:1	m-w-s026-a144-w001-02	فَاتَّقُوا	و ق ي		position_crosswalk	morpheme_aligned
q:26:144:3	26:144	26:144	3	w-s026-a144-w002	26:144:2	m-w-s026-a144-w002-01	اللَّهَ	أ ل ه		position_crosswalk	morpheme_aligned
q:26:144:5	26:144	26:144	5	w-s026-a144-w003	26:144:3	m-w-s026-a144-w003-02	وَأَطِيعُونِ	ط و ع		position_crosswalk	morpheme_aligned
q:26:145:3	26:145	26:145	3	w-s026-a145-w002	26:145:2	m-w-s026-a145-w002-01;m-w-s026-a145-w002-02	أَسْأَلُكُمْ	س أ ل	عَلَى;مِن	position_crosswalk	morpheme_aligned
q:26:145:4	26:145	26:145	4	w-s026-a145-w003	26:145:3	m-w-s026-a145-w003-02;m-w-s026-a145-w003-01			عَلَى	position_crosswalk	morpheme_aligned
q:26:145:5	26:145	26:145	5	w-s026-a145-w004	26:145:4	m-w-s026-a145-w004-01			مِن	position_crosswalk	morpheme_aligned
q:26:145:6	26:145	26:145	6	w-s026-a145-w005	26:145:5	m-w-s026-a145-w005-01	أَجْرٍ	أ ج ر	مِن	position_crosswalk	morpheme_aligned
q:26:145:8	26:145	26:145	8	w-s026-a145-w005	26:145:5	m-w-s026-a145-w005-01	أَجْرِيَ	أ ج ر	عَلَى	surface_root_sequence_fallback	morpheme_aligned
q:26:145:10	26:145	26:145	10	w-s026-a145-w009	26:145:9	m-w-s026-a145-w009-01			عَلَى	position_crosswalk	morpheme_aligned
q:26:145:11	26:145	26:145	11	w-s026-a145-w010	26:145:10	m-w-s026-a145-w010-01	رَبِّ	ر ب ب	عَلَى	position_crosswalk	morpheme_aligned
q:26:145:12	26:145	26:145	12	w-s026-a145-w011	26:145:11	m-w-s026-a145-w011-02	الْعَالَمِينَ	ع ل م		position_crosswalk	morpheme_aligned
q:26:146:1	26:146	26:146	1	w-s026-a146-w001	26:146:1	m-w-s026-a146-w001-02	أَتُتْرَكُونَ	ت ر ك	فِي	position_crosswalk	morpheme_aligned
q:26:146:2	26:146	26:146	2	w-s026-a146-w002	26:146:2	m-w-s026-a146-w002-01			فِي	surface_root_sequence_fallback	morpheme_aligned
q:26:146:3	26:146	26:146	3	w-s026-a146-w003	26:146:3	m-w-s026-a146-w003-01	مَا		فِي	surface_root_sequence_fallback	morpheme_aligned
q:26:146:5	26:146	26:146	5	w-s026-a146-w004	26:146:4	m-w-s026-a146-w004-02	هَاهُنَا			position_crosswalk	morpheme_aligned
q:26:146:6	26:146	26:146	6	w-s026-a146-w005	26:146:5	m-w-s026-a146-w005-01	آمِنِينَ	أ م ن		surface_root_sequence_fallback	morpheme_aligned
q:26:147:1	26:147	26:147	1	w-s026-a147-w001	26:147:1	m-w-s026-a147-w001-01	فِي		فِي	position_crosswalk	morpheme_aligned
q:26:147:2	26:147	26:147	2	w-s026-a147-w002	26:147:2	m-w-s026-a147-w002-01	جَنَّاتٍ	ج ن ن	فِي	position_crosswalk	morpheme_aligned
q:26:147:4	26:147	26:147	4	w-s026-a147-w003	26:147:3	m-w-s026-a147-w003-02	وَعُيُونٍ	ع ي ن		position_crosswalk	morpheme_aligned
q:26:148:2	26:148	26:148	2	w-s026-a148-w001	26:148:1	m-w-s026-a148-w001-02	وَزُرُوعٍ	ز ر ع		position_crosswalk	morpheme_aligned
q:26:148:4	26:148	26:148	4	w-s026-a148-w002	26:148:2	m-w-s026-a148-w002-02	وَنَخْلٍ	ن خ ل		position_crosswalk	morpheme_aligned
q:26:148:5	26:148	26:148	5	w-s026-a148-w003	26:148:3	m-w-s026-a148-w003-01	طَلْعُهَا	ط ل ع		position_crosswalk	morpheme_aligned
q:26:148:6	26:148	26:148	6	w-s026-a148-w004	26:148:4	m-w-s026-a148-w004-01	هَضِيمٌ	ه ض م		position_crosswalk	morpheme_aligned
q:26:149:2	26:149	26:149	2	w-s026-a149-w001	26:149:1	m-w-s026-a149-w001-02	وَتَنْحِتُونَ	ن ح ت	مِن	position_crosswalk	morpheme_aligned
q:26:149:3	26:149	26:149	3	w-s026-a149-w002	26:149:2	m-w-s026-a149-w002-01			مِن	position_crosswalk	morpheme_aligned
q:26:149:4	26:149	26:149	4	w-s026-a149-w003	26:149:3	m-w-s026-a149-w003-02	الْجِبَالِ	ج ب ل	مِن	position_crosswalk	morpheme_aligned
q:26:149:5	26:149	26:149	5	w-s026-a149-w004	26:149:4	m-w-s026-a149-w004-01	بُيُوتَاً	ب ي ت		position_crosswalk	morpheme_aligned
q:26:149:6	26:149	26:149	6	w-s026-a149-w005	26:149:5	m-w-s026-a149-w005-01	فَارِهِينَ	ف ر ه		position_crosswalk	morpheme_aligned
q:26:150:2	26:150	26:150	2	w-s026-a150-w001	26:150:1	m-w-s026-a150-w001-02	فَاتَّقُوا	و ق ي		position_crosswalk	morpheme_aligned
q:26:150:3	26:150	26:150	3	w-s026-a150-w002	26:150:2	m-w-s026-a150-w002-01	اللَّهَ	أ ل ه		position_crosswalk	morpheme_aligned
q:26:150:5	26:150	26:150	5	w-s026-a150-w003	26:150:3	m-w-s026-a150-w003-02	وَأَطِيعُونِ	ط و ع		position_crosswalk	morpheme_aligned
q:26:151:2	26:151	26:151	2	w-s026-a151-w001	26:151:1	m-w-s026-a151-w001-02	وَلَا			position_crosswalk	morpheme_aligned
q:26:151:3	26:151	26:151	3	w-s026-a151-w002	26:151:2	m-w-s026-a151-w002-01	تُطِيعُوا	ط و ع		position_crosswalk	morpheme_aligned
q:26:151:4	26:151	26:151	4	w-s026-a151-w003	26:151:3	m-w-s026-a151-w003-01	أَمْرَ	أ م ر		position_crosswalk	morpheme_aligned
q:26:151:5	26:151	26:151	5	w-s026-a151-w004	26:151:4	m-w-s026-a151-w004-02	الْمُسْرِفِينَ	س ر ف		position_crosswalk	morpheme_aligned
q:26:152:2	26:152	26:152	2	w-s026-a152-w002	26:152:2	m-w-s026-a152-w002-01	يُفْسِدُونَ	ف س د	فِي	position_crosswalk	morpheme_aligned
q:26:152:3	26:152	26:152	3	w-s026-a152-w003	26:152:3	m-w-s026-a152-w003-01			فِي	position_crosswalk	morpheme_aligned
q:26:152:4	26:152	26:152	4	w-s026-a152-w004	26:152:4	m-w-s026-a152-w004-02	الْأَرْضِ	أ ر ض	فِي	position_crosswalk	morpheme_aligned
q:26:152:6	26:152	26:152	6	w-s026-a152-w005	26:152:5	m-w-s026-a152-w005-02	وَلَا			position_crosswalk	morpheme_aligned
q:26:152:7	26:152	26:152	7	w-s026-a152-w006	26:152:6	m-w-s026-a152-w006-01	يُصْلِحُونَ	ص ل ح		position_crosswalk	morpheme_aligned
q:26:153:1	26:153	26:153	1	w-s026-a153-w001	26:153:1	m-w-s026-a153-w001-01	قَالُوا	ق و ل		position_crosswalk	morpheme_aligned
q:26:153:2	26:153	26:153	2	w-s026-a153-w002	26:153:2		إِنَّمَا	إ ن م ا		position_crosswalk	word_aligned
q:26:153:3	26:153	26:153	3	w-s026-a153-w003	26:153:3	m-w-s026-a153-w003-01	أَنْتَ		مِن	position_crosswalk	morpheme_aligned
q:26:153:4	26:153	26:153	4	w-s026-a153-w004	26:153:4	m-w-s026-a153-w004-01			مِن	position_crosswalk	morpheme_aligned
q:26:153:5	26:153	26:153	5	w-s026-a153-w005	26:153:5	m-w-s026-a153-w005-02	الْمُسَحَّرِينَ	س ح ر	مِن	position_crosswalk	morpheme_aligned
q:26:154:2	26:154	26:154	2	w-s026-a154-w002	26:154:2	m-w-s026-a154-w002-01	أَنْتَ			position_crosswalk	morpheme_aligned
q:26:154:4	26:154	26:154	4	w-s026-a154-w004	26:154:4	m-w-s026-a154-w004-01	بَشَرٌ	ب ش ر		position_crosswalk	morpheme_aligned
q:26:154:5	26:154	26:154	5	w-s026-a154-w005	26:154:5	m-w-s026-a154-w005-01	مِثْلُنَا	م ث ل		position_crosswalk	morpheme_aligned
q:26:154:7	26:154	26:154	7	w-s026-a154-w006	26:154:6	m-w-s026-a154-w006-02	فَأْتِ	أ ت ي	بـ	position_crosswalk	morpheme_aligned
q:26:154:8	26:154	26:154	8	w-s026-a154-w007	26:154:7	m-w-s026-a154-w007-01			بـ	position_crosswalk	morpheme_aligned
q:26:154:9	26:154	26:154	9	w-s026-a154-w007	26:154:7	m-w-s026-a154-w007-02	بِآيَةٍ	أ ي ي	بـ	position_crosswalk	morpheme_aligned
q:26:154:10	26:154	26:154	10	w-s026-a154-w008	26:154:8	m-w-s026-a154-w008-01	إِنْ			position_crosswalk	morpheme_aligned
q:26:154:11	26:154	26:154	11	w-s026-a154-w009	26:154:9	m-w-s026-a154-w009-01	كُنْتَ	ك و ن	مِن	position_crosswalk	morpheme_aligned
q:26:154:12	26:154	26:154	12	w-s026-a154-w010	26:154:10	m-w-s026-a154-w010-01			مِن	position_crosswalk	morpheme_aligned
q:26:154:13	26:154	26:154	13	w-s026-a154-w011	26:154:11	m-w-s026-a154-w011-02	الصَّادِقِينَ	ص د ق	مِن	position_crosswalk	morpheme_aligned
q:26:155:1	26:155	26:155	1	w-s026-a155-w001	26:155:1	m-w-s026-a155-w001-01	قَالَ	ق و ل		position_crosswalk	morpheme_aligned
q:26:155:2	26:155	26:155	2	w-s026-a155-w002	26:155:2	m-w-s026-a155-w002-01	هَذِهِ			position_crosswalk	morpheme_aligned
q:26:155:3	26:155	26:155	3	w-s026-a155-w003	26:155:3	m-w-s026-a155-w003-01	نَاقَةٌ	ن و ق		position_crosswalk	morpheme_aligned
q:26:155:4	26:155	26:155	4	w-s026-a155-w004	26:155:4	m-w-s026-a155-w004-01			لـ	position_crosswalk	morpheme_aligned
q:26:155:5	26:155	26:155	5	w-s026-a155-w004	26:155:4	m-w-s026-a155-w004-02	لَهَا		لـ	position_crosswalk	morpheme_aligned
q:26:155:6	26:155	26:155	6	w-s026-a155-w005	26:155:5	m-w-s026-a155-w005-01	شِرْبٌ	ش ر ب	لـ	position_crosswalk	morpheme_aligned
q:26:155:8	26:155	26:155	8	w-s026-a155-w006	26:155:6	m-w-s026-a155-w006-03;m-w-s026-a155-w006-02	وَلَكُمْ	و ل ي	لـ	position_crosswalk	morpheme_aligned
q:26:155:9	26:155	26:155	9	w-s026-a155-w007	26:155:7	m-w-s026-a155-w007-01	شِرْبُ	ش ر ب	لـ	surface_root_sequence_fallback	morpheme_aligned
q:26:155:10	26:155	26:155	10	w-s026-a155-w008	26:155:8	m-w-s026-a155-w008-01	يَوْمٍ	ي و م		surface_root_sequence_fallback	morpheme_aligned
q:26:155:11	26:155	26:155	11	w-s026-a155-w009	26:155:9	m-w-s026-a155-w009-01	مَعْلُومٍ	ع ل م		surface_root_sequence_fallback	morpheme_aligned
q:26:156:2	26:156	26:156	2	w-s026-a156-w001	26:156:1	m-w-s026-a156-w001-02	وَلَا			position_crosswalk	morpheme_aligned
q:26:156:3	26:156	26:156	3	w-s026-a156-w002	26:156:2	m-w-s026-a156-w002-01	تَمَسُّوهَا	م س س	بـ	position_crosswalk	morpheme_aligned
q:26:156:4	26:156	26:156	4	w-s026-a156-w003	26:156:3	m-w-s026-a156-w003-01			بـ	position_crosswalk	morpheme_aligned
q:26:156:5	26:156	26:156	5	w-s026-a156-w003	26:156:3	m-w-s026-a156-w003-02	بِسُوءٍ	س و أ	بـ	position_crosswalk	morpheme_aligned
q:26:156:7	26:156	26:156	7	w-s026-a156-w004	26:156:4	m-w-s026-a156-w004-02;m-w-s026-a156-w004-03	فَيَأْخُذَكُمْ	أ خ ذ		position_crosswalk	morpheme_aligned
q:26:156:8	26:156	26:156	8	w-s026-a156-w005	26:156:5	m-w-s026-a156-w005-01	عَذَابُ	ع ذ ب		position_crosswalk	morpheme_aligned
q:26:156:9	26:156	26:156	9	w-s026-a156-w006	26:156:6	m-w-s026-a156-w006-01	يَوْمٍ	ي و م		position_crosswalk	morpheme_aligned
q:26:156:10	26:156	26:156	10	w-s026-a156-w007	26:156:7	m-w-s026-a156-w007-01	عَظِيمٍ	ع ظ م		position_crosswalk	morpheme_aligned
q:26:157:2	26:157	26:157	2	w-s026-a157-w001	26:157:1	m-w-s026-a157-w001-02	فَعَقَرُوهَا	ع ق ر		position_crosswalk	morpheme_aligned
q:26:157:4	26:157	26:157	4	w-s026-a157-w002	26:157:2	m-w-s026-a157-w002-02	فَأَصْبَحُوا	ص ب ح		position_crosswalk	morpheme_aligned
q:26:157:5	26:157	26:157	5	w-s026-a157-w003	26:157:3	m-w-s026-a157-w003-01	نَادِمِينَ	ن د م		position_crosswalk	morpheme_aligned
q:26:158:2	26:158	26:158	2	w-s026-a158-w001	26:158:1	m-w-s026-a158-w001-02;m-w-s026-a158-w001-03	فَأَخَذَهُمُ	أ خ ذ		position_crosswalk	morpheme_aligned
q:26:158:3	26:158	26:158	3	w-s026-a158-w002	26:158:2	m-w-s026-a158-w002-02	الْعَذَابُ	ع ذ ب		position_crosswalk	morpheme_aligned
q:26:158:4	26:158	26:158	4	w-s026-a158-w003	26:158:3	m-w-s026-a158-w003-01	إِنَّ			position_crosswalk	morpheme_aligned
q:26:158:5	26:158	26:158	5	w-s026-a158-w004	26:158:4	m-w-s026-a158-w004-01			فِي	position_crosswalk	morpheme_aligned
q:26:158:6	26:158	26:158	6	w-s026-a158-w005	26:158:5	m-w-s026-a158-w005-01	ذَلِكَ		فِي	position_crosswalk	morpheme_aligned
q:26:158:8	26:158	26:158	8	w-s026-a158-w006	26:158:6	m-w-s026-a158-w006-02	لَآيَةً	أ ي ي	فِي	position_crosswalk	morpheme_aligned
q:26:158:10	26:158	26:158	10	w-s026-a158-w007	26:158:7	m-w-s026-a158-w007-02	وَمَا			position_crosswalk	morpheme_aligned
q:26:158:11	26:158	26:158	11	w-s026-a158-w008	26:158:8	m-w-s026-a158-w008-01	كَانَ	ك و ن		position_crosswalk	morpheme_aligned
q:26:158:12	26:158	26:158	12	w-s026-a158-w009	26:158:9	m-w-s026-a158-w009-01	أَكْثَرُهُمْ	ك ث ر		position_crosswalk	morpheme_aligned
q:26:158:13	26:158	26:158	13	w-s026-a158-w010	26:158:10	m-w-s026-a158-w010-01	مُؤْمِنِينَ	أ م ن		position_crosswalk	morpheme_aligned
q:26:159:2	26:159	26:159	2	w-s026-a159-w001	26:159:1	m-w-s026-a159-w001-02	وَإِنَّ			position_crosswalk	morpheme_aligned
q:26:159:3	26:159	26:159	3	w-s026-a159-w002	26:159:2	m-w-s026-a159-w002-01	رَبَّكَ	ر ب ب		position_crosswalk	morpheme_aligned
q:26:159:6	26:159	26:159	6	w-s026-a159-w004	26:159:4	m-w-s026-a159-w004-02	الْعَزِيزُ	ع ز ز		position_crosswalk	morpheme_aligned
q:26:159:7	26:159	26:159	7	w-s026-a159-w005	26:159:5	m-w-s026-a159-w005-02	الرَّحِيمُ	ر ح م		position_crosswalk	morpheme_aligned
q:26:160:1	26:160	26:160	1	w-s026-a160-w001	26:160:1	m-w-s026-a160-w001-01	كَذَّبَتْ	ك ذ ب		position_crosswalk	morpheme_aligned
q:26:160:2	26:160	26:160	2	w-s026-a160-w002	26:160:2	m-w-s026-a160-w002-01	قَوْمُ	ق و م		position_crosswalk	morpheme_aligned
q:26:160:3	26:160	26:160	3	w-s026-a160-w003	26:160:3	m-w-s026-a160-w003-01	لُوطٍ	ل و ط		position_crosswalk	morpheme_aligned
q:26:160:4	26:160	26:160	4	w-s026-a160-w004	26:160:4	m-w-s026-a160-w004-02	الْمُرْسَلِينَ	ر س ل		position_crosswalk	morpheme_aligned
q:26:161:2	26:161	26:161	2	w-s026-a161-w002	26:161:2	m-w-s026-a161-w002-01	قَالَ	ق و ل	لـ	position_crosswalk	morpheme_aligned
q:26:161:3	26:161	26:161	3	w-s026-a161-w002	26:161:2	m-w-s026-a161-w002-01			لـ	surface_root_sequence_fallback	morpheme_aligned
q:26:161:4	26:161	26:161	4	w-s026-a161-w003	26:161:3	m-w-s026-a161-w003-02	لَهُمْ		لـ	position_crosswalk	morpheme_aligned
q:26:161:5	26:161	26:161	5	w-s026-a161-w004	26:161:4	m-w-s026-a161-w004-01	أَخُوهُمْ	أ خ و		position_crosswalk	morpheme_aligned
q:26:161:6	26:161	26:161	6	w-s026-a161-w005	26:161:5	m-w-s026-a161-w005-01	لُوطٌ	ل و ط		position_crosswalk	morpheme_aligned
q:26:161:7	26:161	26:161	7	w-s026-a161-w006	26:161:6	m-w-s026-a161-w006-02	أَلَا	أ ل و		position_crosswalk	morpheme_aligned
q:26:161:8	26:161	26:161	8	w-s026-a161-w007	26:161:7	m-w-s026-a161-w007-01	تَتَّقُونَ	و ق ي		surface_root_sequence_fallback	morpheme_aligned
q:26:162:1	26:162	26:162	1	w-s026-a162-w001	26:162:1	m-w-s026-a162-w001-01	إِنِّي			position_crosswalk	morpheme_aligned
q:26:162:2	26:162	26:162	2	w-s026-a162-w002	26:162:2	m-w-s026-a162-w002-02;m-w-s026-a162-w002-01			لـ	position_crosswalk	morpheme_aligned
q:26:162:3	26:162	26:162	3	w-s026-a162-w003	26:162:3	m-w-s026-a162-w003-01	رَسُولٌ	ر س ل	لـ	surface_root_sequence_fallback	morpheme_aligned
q:26:162:4	26:162	26:162	4	w-s026-a162-w004	26:162:4	m-w-s026-a162-w004-01	أَمِينٌ	أ م ن		surface_root_sequence_fallback	morpheme_aligned
q:26:163:2	26:163	26:163	2	w-s026-a163-w001	26:163:1	m-w-s026-a163-w001-02	فَاتَّقُوا	و ق ي		position_crosswalk	morpheme_aligned
q:26:163:3	26:163	26:163	3	w-s026-a163-w002	26:163:2	m-w-s026-a163-w002-01	اللَّهَ	أ ل ه		position_crosswalk	morpheme_aligned
q:26:163:5	26:163	26:163	5	w-s026-a163-w003	26:163:3	m-w-s026-a163-w003-02	وَأَطِيعُونِ	ط و ع		position_crosswalk	morpheme_aligned
q:26:164:2	26:164	26:164	2	w-s026-a164-w001	26:164:1	m-w-s026-a164-w001-02	وَمَا			position_crosswalk	morpheme_aligned
q:26:164:3	26:164	26:164	3	w-s026-a164-w002	26:164:2	m-w-s026-a164-w002-01;m-w-s026-a164-w002-02	أَسْأَلُكُمْ	س أ ل	عَلَى;مِن	position_crosswalk	morpheme_aligned
q:26:164:4	26:164	26:164	4	w-s026-a164-w003	26:164:3	m-w-s026-a164-w003-02;m-w-s026-a164-w003-01			عَلَى	position_crosswalk	morpheme_aligned
q:26:164:5	26:164	26:164	5	w-s026-a164-w004	26:164:4	m-w-s026-a164-w004-01			مِن	position_crosswalk	morpheme_aligned
q:26:164:6	26:164	26:164	6	w-s026-a164-w005	26:164:5	m-w-s026-a164-w005-01	أَجْرٍ	أ ج ر	مِن	position_crosswalk	morpheme_aligned
q:26:164:7	26:164	26:164	7	w-s026-a164-w006	26:164:6	m-w-s026-a164-w006-01	إِنْ			position_crosswalk	morpheme_aligned
q:26:164:8	26:164	26:164	8	w-s026-a164-w007	26:164:7	m-w-s026-a164-w007-01	أَجْرِيَ	أ ج ر	عَلَى	position_crosswalk	morpheme_aligned
q:26:164:10	26:164	26:164	10	w-s026-a164-w009	26:164:9	m-w-s026-a164-w009-01			عَلَى	position_crosswalk	morpheme_aligned
q:26:164:11	26:164	26:164	11	w-s026-a164-w010	26:164:10	m-w-s026-a164-w010-01	رَبِّ	ر ب ب	عَلَى	position_crosswalk	morpheme_aligned
q:26:164:12	26:164	26:164	12	w-s026-a164-w011	26:164:11	m-w-s026-a164-w011-02	الْعَالَمِينَ	ع ل م		position_crosswalk	morpheme_aligned
q:26:165:1	26:165	26:165	1	w-s026-a165-w001	26:165:1	m-w-s026-a165-w001-02	أَتَأْتُونَ	أ ت ي		position_crosswalk	morpheme_aligned
q:26:165:2	26:165	26:165	2	w-s026-a165-w002	26:165:2	m-w-s026-a165-w002-02	الذُّكْرَانَ	ذ ك ر	مِن	surface_root_sequence_fallback	morpheme_aligned
q:26:165:3	26:165	26:165	3	w-s026-a165-w003	26:165:3	m-w-s026-a165-w003-01			مِن	surface_root_sequence_fallback	morpheme_aligned
q:26:165:4	26:165	26:165	4	w-s026-a165-w004	26:165:4	m-w-s026-a165-w004-02	الْعَالَمِينَ	ع ل م	مِن	surface_root_sequence_fallback	morpheme_aligned
q:26:166:2	26:166	26:166	2	w-s026-a166-w001	26:166:1	m-w-s026-a166-w001-02	وَتَذَرُونَ	و ذ ر		position_crosswalk	morpheme_aligned
q:26:166:3	26:166	26:166	3	w-s026-a166-w002	26:166:2	m-w-s026-a166-w002-01	مَا			position_crosswalk	morpheme_aligned
q:26:166:4	26:166	26:166	4	w-s026-a166-w003	26:166:3	m-w-s026-a166-w003-01	خَلَقَ	خ ل ق	لـ;مِن	position_crosswalk	morpheme_aligned
q:26:166:5	26:166	26:166	5	w-s026-a166-w003	26:166:3	m-w-s026-a166-w003-01			لـ	surface_root_sequence_fallback	morpheme_aligned
q:26:166:6	26:166	26:166	6	w-s026-a166-w005	26:166:5	m-w-s026-a166-w005-01	رَبُّكُمْ	ر ب ب		surface_root_sequence_fallback	morpheme_aligned
q:26:166:7	26:166	26:166	7	w-s026-a166-w006	26:166:6	m-w-s026-a166-w006-01			مِن	surface_root_sequence_fallback	morpheme_aligned
q:26:166:8	26:166	26:166	8	w-s026-a166-w007	26:166:7	m-w-s026-a166-w007-01	أَزْوَاجِكُمْ	ز و ج	مِن	surface_root_sequence_fallback	morpheme_aligned
q:26:166:10	26:166	26:166	10	w-s026-a166-w009	26:166:9	m-w-s026-a166-w009-01	أَنْتُمْ			surface_root_sequence_fallback	morpheme_aligned
q:26:166:11	26:166	26:166	11	w-s026-a166-w010	26:166:10	m-w-s026-a166-w010-01	قَوْمٌ	ق و م		surface_root_sequence_fallback	morpheme_aligned
q:26:166:12	26:166	26:166	12	w-s026-a166-w011	26:166:11	m-w-s026-a166-w011-01	عَادُونَ	ع و د		surface_root_sequence_fallback	morpheme_aligned
q:26:167:1	26:167	26:167	1	w-s026-a167-w001	26:167:1	m-w-s026-a167-w001-01	قَالُوا	ق و ل		position_crosswalk	morpheme_aligned
q:26:167:2	26:167	26:167	2	w-s026-a167-w002	26:167:2	m-w-s026-a167-w002-02	لَئِنْ	و ل ي		position_crosswalk	morpheme_aligned
q:26:167:3	26:167	26:167	3	w-s026-a167-w002	26:167:2	m-w-s026-a167-w002-02	لَئِنْ			position_crosswalk	morpheme_aligned
q:26:167:4	26:167	26:167	4	w-s026-a167-w003	26:167:3	m-w-s026-a167-w003-01	لَمْ	ل م م		position_crosswalk	morpheme_aligned
q:26:167:5	26:167	26:167	5	w-s026-a167-w004	26:167:4	m-w-s026-a167-w004-01	تَنْتَهِ	ن ه ي		position_crosswalk	morpheme_aligned
q:26:167:6	26:167	26:167	6	w-s026-a167-w005	26:167:5	m-w-s026-a167-w005-02	يَالُوطُ			position_crosswalk	morpheme_aligned
q:26:167:7	26:167	26:167	7	w-s026-a167-w005	26:167:5	m-w-s026-a167-w005-02	يَالُوطُ	ل و ط		position_crosswalk	morpheme_aligned
q:26:167:9	26:167	26:167	9	w-s026-a167-w006	26:167:6	m-w-s026-a167-w006-02	لَتَكُونَنَّ	ك و ن	مِن	position_crosswalk	morpheme_aligned
q:26:167:10	26:167	26:167	10	w-s026-a167-w007	26:167:7	m-w-s026-a167-w007-01			مِن	position_crosswalk	morpheme_aligned
q:26:167:11	26:167	26:167	11	w-s026-a167-w008	26:167:8	m-w-s026-a167-w008-02	الْمُخْرَجِينَ	خ ر ج	مِن	position_crosswalk	morpheme_aligned
q:26:168:1	26:168	26:168	1	w-s026-a168-w001	26:168:1	m-w-s026-a168-w001-01	قَالَ	ق و ل		position_crosswalk	morpheme_aligned
q:26:168:2	26:168	26:168	2	w-s026-a168-w002	26:168:2	m-w-s026-a168-w002-01	إِنِّي		مِن	position_crosswalk	morpheme_aligned
q:26:168:3	26:168	26:168	3	w-s026-a168-w003	26:168:3	m-w-s026-a168-w003-01			لـ	position_crosswalk	morpheme_aligned
q:26:168:4	26:168	26:168	4	w-s026-a168-w003	26:168:3	m-w-s026-a168-w003-02	لِعَمَلِكُمْ	ع م ل	لـ	position_crosswalk	morpheme_aligned
q:26:168:5	26:168	26:168	5	w-s026-a168-w004	26:168:4	m-w-s026-a168-w004-01			مِن	position_crosswalk	morpheme_aligned
q:26:168:6	26:168	26:168	6	w-s026-a168-w005	26:168:5	m-w-s026-a168-w005-02	الْقَالِينَ	ق و ل	لـ;مِن	position_crosswalk	morpheme_aligned
q:26:169:1	26:169	26:169	1	w-s026-a169-w001	26:169:1	m-w-s026-a169-w001-01	رَبِّ	ر ب ب		position_crosswalk	morpheme_aligned
q:26:169:2	26:169	26:169	2	w-s026-a169-w002	26:169:2	m-w-s026-a169-w002-01;m-w-s026-a169-w002-02	نَجِّنِي	ن ج و	مِن	position_crosswalk	morpheme_aligned
q:26:169:4	26:169	26:169	4	w-s026-a169-w003	26:169:3	m-w-s026-a169-w003-02	وَأَهْلِي	أ ه ل		position_crosswalk	morpheme_aligned
q:26:169:5	26:169	26:169	5	w-s026-a169-w004	26:169:4	m-w-s026-a169-w004-01			مِن	position_crosswalk	morpheme_aligned
q:26:169:6	26:169	26:169	6	w-s026-a169-w005	26:169:5	m-w-s026-a169-w005-01	يَعْمَلُونَ	ع م ل		position_crosswalk	morpheme_aligned
q:26:170:2	26:170	26:170	2	w-s026-a170-w001	26:170:1	m-w-s026-a170-w001-02	فَنَجَّيْنَاهُ	ن ج و		position_crosswalk	morpheme_aligned
q:26:170:4	26:170	26:170	4	w-s026-a170-w002	26:170:2	m-w-s026-a170-w002-02	وَأَهْلَهُ	أ ه ل		position_crosswalk	morpheme_aligned
q:26:170:5	26:170	26:170	5	w-s026-a170-w003	26:170:3	m-w-s026-a170-w003-01	أَجْمَعِينَ	ج م ع		position_crosswalk	morpheme_aligned
q:26:171:1	26:171	26:171	1	w-s026-a171-w001	26:171:1	m-w-s026-a171-w001-01	إِلَّا	أ ل و		position_crosswalk	morpheme_aligned
q:26:171:2	26:171	26:171	2	w-s026-a171-w002	26:171:2	m-w-s026-a171-w002-01	عَجُوزَاً	ع ج ز	فِي	position_crosswalk	morpheme_aligned
q:26:171:3	26:171	26:171	3	w-s026-a171-w003	26:171:3	m-w-s026-a171-w003-01			فِي	position_crosswalk	morpheme_aligned
q:26:171:4	26:171	26:171	4	w-s026-a171-w004	26:171:4	m-w-s026-a171-w004-02	الْغَابِرِينَ	غ ب ر	فِي	position_crosswalk	morpheme_aligned
q:26:172:2	26:172	26:172	2	w-s026-a172-w002	26:172:2	m-w-s026-a172-w002-01	دَمَّرْنَا	د م ر		position_crosswalk	morpheme_aligned
q:26:172:3	26:172	26:172	3	w-s026-a172-w003	26:172:3	m-w-s026-a172-w003-02	الْآخَرِينَ	أ خ ر		position_crosswalk	morpheme_aligned
q:26:173:2	26:173	26:173	2	w-s026-a173-w001	26:173:1	m-w-s026-a173-w001-02	وَأَمْطَرْنَا	م ط ر	عَلَى	position_crosswalk	morpheme_aligned
q:26:173:3	26:173	26:173	3	w-s026-a173-w002	26:173:2	m-w-s026-a173-w002-02;m-w-s026-a173-w002-01			عَلَى	position_crosswalk	morpheme_aligned
q:26:173:4	26:173	26:173	4	w-s026-a173-w003	26:173:3	m-w-s026-a173-w003-01	مَطَرَاً	م ط ر		position_crosswalk	morpheme_aligned
q:26:173:6	26:173	26:173	6	w-s026-a173-w004	26:173:4	m-w-s026-a173-w004-02	فَسَاءَ	س و أ		position_crosswalk	morpheme_aligned
q:26:173:7	26:173	26:173	7	w-s026-a173-w005	26:173:5	m-w-s026-a173-w005-01	مَطَرُ	م ط ر		position_crosswalk	morpheme_aligned
q:26:173:8	26:173	26:173	8	w-s026-a173-w006	26:173:6	m-w-s026-a173-w006-02	الْمُنْذَرِينَ	ن ذ ر		position_crosswalk	morpheme_aligned
q:26:174:1	26:174	26:174	1	w-s026-a174-w001	26:174:1	m-w-s026-a174-w001-01	إِنَّ			position_crosswalk	morpheme_aligned
q:26:174:2	26:174	26:174	2	w-s026-a174-w002	26:174:2	m-w-s026-a174-w002-01			فِي	position_crosswalk	morpheme_aligned
q:26:174:3	26:174	26:174	3	w-s026-a174-w003	26:174:3	m-w-s026-a174-w003-01	ذَلِكَ		فِي	position_crosswalk	morpheme_aligned
q:26:174:5	26:174	26:174	5	w-s026-a174-w004	26:174:4	m-w-s026-a174-w004-02	لَآيَةً	أ ي ي	فِي	position_crosswalk	morpheme_aligned
q:26:174:8	26:174	26:174	8	w-s026-a174-w006	26:174:6	m-w-s026-a174-w006-01	كَانَ	ك و ن		position_crosswalk	morpheme_aligned
q:26:174:9	26:174	26:174	9	w-s026-a174-w007	26:174:7	m-w-s026-a174-w007-01	أَكْثَرُهُمْ	ك ث ر		position_crosswalk	morpheme_aligned
q:26:174:10	26:174	26:174	10	w-s026-a174-w008	26:174:8	m-w-s026-a174-w008-01	مُؤْمِنِينَ	أ م ن		position_crosswalk	morpheme_aligned
q:26:175:2	26:175	26:175	2	w-s026-a175-w001	26:175:1	m-w-s026-a175-w001-02	وَإِنَّ			position_crosswalk	morpheme_aligned
q:26:175:3	26:175	26:175	3	w-s026-a175-w002	26:175:2	m-w-s026-a175-w002-01	رَبَّكَ	ر ب ب		position_crosswalk	morpheme_aligned
q:26:175:6	26:175	26:175	6	w-s026-a175-w004	26:175:4	m-w-s026-a175-w004-02	الْعَزِيزُ	ع ز ز		position_crosswalk	morpheme_aligned
q:26:175:7	26:175	26:175	7	w-s026-a175-w005	26:175:5	m-w-s026-a175-w005-02	الرَّحِيمُ	ر ح م		position_crosswalk	morpheme_aligned
q:26:176:1	26:176	26:176	1	w-s026-a176-w001	26:176:1	m-w-s026-a176-w001-01	كَذَّبَ	ك ذ ب		position_crosswalk	morpheme_aligned
q:26:176:2	26:176	26:176	2	w-s026-a176-w002	26:176:2	m-w-s026-a176-w002-01	أَصْحَابُ	ص ح ب		position_crosswalk	morpheme_aligned
q:26:176:3	26:176	26:176	3	w-s026-a176-w003	26:176:3	m-w-s026-a176-w003-02	الْأَيْكَةِ	أ ي ك		position_crosswalk	morpheme_aligned
q:26:176:4	26:176	26:176	4	w-s026-a176-w004	26:176:4	m-w-s026-a176-w004-02	الْمُرْسَلِينَ	ر س ل		position_crosswalk	morpheme_aligned
q:26:177:1	26:177	26:177	1	w-s026-a177-w001	26:177:1	m-w-s026-a177-w001-01	إِذْ	أ ذ ي		position_crosswalk	morpheme_aligned
q:26:177:2	26:177	26:177	2	w-s026-a177-w002	26:177:2	m-w-s026-a177-w002-01	قَالَ	ق و ل	لـ	position_crosswalk	morpheme_aligned
q:26:177:3	26:177	26:177	3	w-s026-a177-w002	26:177:2	m-w-s026-a177-w002-01			لـ	surface_root_sequence_fallback	morpheme_aligned
q:26:177:4	26:177	26:177	4	w-s026-a177-w003	26:177:3	m-w-s026-a177-w003-02	لَهُمْ		لـ	position_crosswalk	morpheme_aligned
q:26:177:5	26:177	26:177	5	w-s026-a177-w004	26:177:4	m-w-s026-a177-w004-01	شُعَيْبٌ	ش ع ب		position_crosswalk	morpheme_aligned
q:26:177:6	26:177	26:177	6	w-s026-a177-w005	26:177:5	m-w-s026-a177-w005-02	أَلَا	أ ل و		position_crosswalk	morpheme_aligned
q:26:177:7	26:177	26:177	7	w-s026-a177-w006	26:177:6	m-w-s026-a177-w006-01	تَتَّقُونَ	و ق ي		surface_root_sequence_fallback	morpheme_aligned
q:26:178:1	26:178	26:178	1	w-s026-a178-w001	26:178:1	m-w-s026-a178-w001-01;m-w-s026-a178-w001-02	إِنِّي			position_crosswalk	morpheme_aligned
q:26:178:2	26:178	26:178	2	w-s026-a178-w002	26:178:2	m-w-s026-a178-w002-02;m-w-s026-a178-w002-01			لـ	position_crosswalk	morpheme_aligned
q:26:178:3	26:178	26:178	3	w-s026-a178-w003	26:178:3	m-w-s026-a178-w003-01	رَسُولٌ	ر س ل	لـ	surface_root_sequence_fallback	morpheme_aligned
q:26:178:4	26:178	26:178	4	w-s026-a178-w004	26:178:4	m-w-s026-a178-w004-01	أَمِينٌ	أ م ن		surface_root_sequence_fallback	morpheme_aligned
q:26:179:2	26:179	26:179	2	w-s026-a179-w001	26:179:1	m-w-s026-a179-w001-02	فَاتَّقُوا	و ق ي		position_crosswalk	morpheme_aligned
q:26:179:3	26:179	26:179	3	w-s026-a179-w002	26:179:2	m-w-s026-a179-w002-01	اللَّهَ	أ ل ه		position_crosswalk	morpheme_aligned
q:26:179:5	26:179	26:179	5	w-s026-a179-w003	26:179:3	m-w-s026-a179-w003-02	وَأَطِيعُونِ	ط و ع		position_crosswalk	morpheme_aligned
q:26:180:3	26:180	26:180	3	w-s026-a180-w002	26:180:2	m-w-s026-a180-w002-01;m-w-s026-a180-w002-02	أَسْأَلُكُمْ	س أ ل	عَلَى;مِن	position_crosswalk	morpheme_aligned
q:26:180:4	26:180	26:180	4	w-s026-a180-w003	26:180:3	m-w-s026-a180-w003-02;m-w-s026-a180-w003-01			عَلَى	position_crosswalk	morpheme_aligned
q:26:180:5	26:180	26:180	5	w-s026-a180-w004	26:180:4	m-w-s026-a180-w004-01			مِن	position_crosswalk	morpheme_aligned
q:26:180:6	26:180	26:180	6	w-s026-a180-w005	26:180:5	m-w-s026-a180-w005-01	أَجْرٍ	أ ج ر	مِن	position_crosswalk	morpheme_aligned
q:26:180:8	26:180	26:180	8	w-s026-a180-w005	26:180:5	m-w-s026-a180-w005-01	أَجْرِيَ	أ ج ر	عَلَى	surface_root_sequence_fallback	morpheme_aligned
q:26:180:9	26:180	26:180	9	w-s026-a180-w008	26:180:8	m-w-s026-a180-w008-01	إِلَّا	أ ل و		position_crosswalk	morpheme_aligned
q:26:180:10	26:180	26:180	10	w-s026-a180-w009	26:180:9	m-w-s026-a180-w009-01			عَلَى	position_crosswalk	morpheme_aligned
q:26:180:11	26:180	26:180	11	w-s026-a180-w010	26:180:10	m-w-s026-a180-w010-01	رَبِّ	ر ب ب	عَلَى	position_crosswalk	morpheme_aligned
q:26:180:12	26:180	26:180	12	w-s026-a180-w011	26:180:11	m-w-s026-a180-w011-02	الْعَالَمِينَ	ع ل م		position_crosswalk	morpheme_aligned
q:26:181:1	26:181	26:181	1	w-s026-a181-w001	26:181:1	m-w-s026-a181-w001-01	أَوْفُوا	و ف ي		position_crosswalk	morpheme_aligned
q:26:181:2	26:181	26:181	2	w-s026-a181-w002	26:181:2	m-w-s026-a181-w002-02	الْكَيْلَ	ك ي ل		position_crosswalk	morpheme_aligned
q:26:181:5	26:181	26:181	5	w-s026-a181-w004	26:181:4	m-w-s026-a181-w004-01	تَكُونُوا	ك و ن	مِن	position_crosswalk	morpheme_aligned
q:26:181:6	26:181	26:181	6	w-s026-a181-w005	26:181:5	m-w-s026-a181-w005-01			مِن	position_crosswalk	morpheme_aligned
q:26:181:7	26:181	26:181	7	w-s026-a181-w006	26:181:6	m-w-s026-a181-w006-02	الْمُخْسِرِينَ	خ س ر	مِن	position_crosswalk	morpheme_aligned
q:26:182:2	26:182	26:182	2	w-s026-a182-w001	26:182:1	m-w-s026-a182-w001-02	وَزِنُوا	و ز ن	بـ	position_crosswalk	morpheme_aligned
q:26:182:3	26:182	26:182	3	w-s026-a182-w002	26:182:2	m-w-s026-a182-w002-01			بـ	position_crosswalk	morpheme_aligned
q:26:182:4	26:182	26:182	4	w-s026-a182-w002	26:182:2	m-w-s026-a182-w002-03	بِالْقِسْطَاسِ	ق س ط س	بـ	position_crosswalk	morpheme_aligned
q:26:182:5	26:182	26:182	5	w-s026-a182-w003	26:182:3	m-w-s026-a182-w003-02	الْمُسْتَقِيمِ	ق و م		position_crosswalk	morpheme_aligned
q:26:183:3	26:183	26:183	3	w-s026-a183-w002	26:183:2	m-w-s026-a183-w002-01	تَبْخَسُوا	ب خ س		position_crosswalk	morpheme_aligned
q:26:183:4	26:183	26:183	4	w-s026-a183-w003	26:183:3	m-w-s026-a183-w003-02	النَّاسَ	أ ن س		position_crosswalk	morpheme_aligned
q:26:183:5	26:183	26:183	5	w-s026-a183-w004	26:183:4	m-w-s026-a183-w004-01	أَشْيَاءَهُمْ	ش ي ء		position_crosswalk	morpheme_aligned
q:26:183:8	26:183	26:183	8	w-s026-a183-w006	26:183:6	m-w-s026-a183-w006-01	تَعْثَوْا	ع ث و	فِي	position_crosswalk	morpheme_aligned
q:26:183:9	26:183	26:183	9	w-s026-a183-w007	26:183:7	m-w-s026-a183-w007-01			فِي	position_crosswalk	morpheme_aligned
q:26:183:10	26:183	26:183	10	w-s026-a183-w008	26:183:8	m-w-s026-a183-w008-02	الْأَرْضِ	أ ر ض	فِي	position_crosswalk	morpheme_aligned
q:26:183:11	26:183	26:183	11	w-s026-a183-w009	26:183:9	m-w-s026-a183-w009-01	مُفْسِدِينَ	ف س د		position_crosswalk	morpheme_aligned
q:26:184:2	26:184	26:184	2	w-s026-a184-w001	26:184:1	m-w-s026-a184-w001-02	وَاتَّقُوا	و ق ي		position_crosswalk	morpheme_aligned
q:26:184:3	26:184	26:184	3	w-s026-a184-w002	26:184:2	m-w-s026-a184-w002-01	الَّذِي	ل ل ذ		position_crosswalk	morpheme_aligned
q:26:184:4	26:184	26:184	4	w-s026-a184-w003	26:184:3	m-w-s026-a184-w003-01;m-w-s026-a184-w003-02	خَلَقَكُمْ	خ ل ق		position_crosswalk	morpheme_aligned
q:26:184:6	26:184	26:184	6	w-s026-a184-w004	26:184:4	m-w-s026-a184-w004-03	وَالْجِبِلَّةَ	ج ب ل		position_crosswalk	morpheme_aligned
q:26:184:7	26:184	26:184	7	w-s026-a184-w005	26:184:5	m-w-s026-a184-w005-02	الْأَوَّلِينَ	أ و ل		position_crosswalk	morpheme_aligned
q:26:185:1	26:185	26:185	1	w-s026-a185-w001	26:185:1	m-w-s026-a185-w001-01	قَالُوا	ق و ل		position_crosswalk	morpheme_aligned
q:26:185:2	26:185	26:185	2	w-s026-a185-w002	26:185:2		إِنَّمَا	إ ن م ا		position_crosswalk	word_aligned
q:26:185:3	26:185	26:185	3	w-s026-a185-w003	26:185:3	m-w-s026-a185-w003-01	أَنْتَ		مِن	position_crosswalk	morpheme_aligned
q:26:185:4	26:185	26:185	4	w-s026-a185-w004	26:185:4	m-w-s026-a185-w004-01			مِن	position_crosswalk	morpheme_aligned
q:26:185:5	26:185	26:185	5	w-s026-a185-w005	26:185:5	m-w-s026-a185-w005-02	الْمُسَحَّرِينَ	س ح ر	مِن	position_crosswalk	morpheme_aligned
q:26:186:3	26:186	26:186	3	w-s026-a186-w002	26:186:2	m-w-s026-a186-w002-01	أَنْتَ			position_crosswalk	morpheme_aligned
q:26:186:5	26:186	26:186	5	w-s026-a186-w004	26:186:4	m-w-s026-a186-w004-01	بَشَرٌ	ب ش ر		position_crosswalk	morpheme_aligned
q:26:186:6	26:186	26:186	6	w-s026-a186-w005	26:186:5	m-w-s026-a186-w005-01	مِثْلُنَا	م ث ل		position_crosswalk	morpheme_aligned
q:26:186:9	26:186	26:186	9	w-s026-a186-w007	26:186:7	m-w-s026-a186-w007-01;m-w-s026-a186-w007-02	نَظُنُّكَ	ظ ن ن	مِن	position_crosswalk	morpheme_aligned
q:26:186:11	26:186	26:186	11	w-s026-a186-w008	26:186:8	m-w-s026-a186-w008-02			مِن	position_crosswalk	morpheme_aligned
q:26:186:12	26:186	26:186	12	w-s026-a186-w009	26:186:9	m-w-s026-a186-w009-02	الْكَاذِبِينَ	ك ذ ب	مِن	position_crosswalk	morpheme_aligned
q:26:187:2	26:187	26:187	2	w-s026-a187-w001	26:187:1	m-w-s026-a187-w001-02	فَأَسْقِطْ	س ق ط	عَلَى	position_crosswalk	morpheme_aligned
q:26:187:3	26:187	26:187	3	w-s026-a187-w002	26:187:2	m-w-s026-a187-w002-02;m-w-s026-a187-w002-01			عَلَى	position_crosswalk	morpheme_aligned
q:26:187:4	26:187	26:187	4	w-s026-a187-w003	26:187:3	m-w-s026-a187-w003-01	كِسَفَاً	ك س ف	مِن	position_crosswalk	morpheme_aligned
q:26:187:5	26:187	26:187	5	w-s026-a187-w004	26:187:4	m-w-s026-a187-w004-01			مِن	position_crosswalk	morpheme_aligned
q:26:187:6	26:187	26:187	6	w-s026-a187-w005	26:187:5	m-w-s026-a187-w005-02	السَّمَاءِ	س م و	مِن	position_crosswalk	morpheme_aligned
q:26:187:8	26:187	26:187	8	w-s026-a187-w007	26:187:7	m-w-s026-a187-w007-01	كُنْتَ	ك و ن	مِن	position_crosswalk	morpheme_aligned
q:26:187:9	26:187	26:187	9	w-s026-a187-w008	26:187:8	m-w-s026-a187-w008-01			مِن	position_crosswalk	morpheme_aligned
q:26:187:10	26:187	26:187	10	w-s026-a187-w009	26:187:9	m-w-s026-a187-w009-02	الصَّادِقِينَ	ص د ق	مِن	position_crosswalk	morpheme_aligned
q:26:188:1	26:188	26:188	1	w-s026-a188-w001	26:188:1	m-w-s026-a188-w001-01	قَالَ	ق و ل		position_crosswalk	morpheme_aligned
q:26:188:2	26:188	26:188	2	w-s026-a188-w002	26:188:2	m-w-s026-a188-w002-01	رَبِّي	ر ب ب		position_crosswalk	morpheme_aligned
q:26:188:3	26:188	26:188	3	w-s026-a188-w003	26:188:3	m-w-s026-a188-w003-01	أَعْلَمُ	ع ل م	بـ	position_crosswalk	morpheme_aligned
q:26:188:4	26:188	26:188	4	w-s026-a188-w004	26:188:4	m-w-s026-a188-w004-01			بـ	position_crosswalk	morpheme_aligned
q:26:188:5	26:188	26:188	5	w-s026-a188-w004	26:188:4	m-w-s026-a188-w004-02	بِمَا		بـ	position_crosswalk	morpheme_aligned
q:26:188:6	26:188	26:188	6	w-s026-a188-w005	26:188:5	m-w-s026-a188-w005-01	تَعْمَلُونَ	ع م ل		position_crosswalk	morpheme_aligned
q:26:189:2	26:189	26:189	2	w-s026-a189-w001	26:189:1	m-w-s026-a189-w001-02	فَكَذَّبُوهُ	ك ذ ب		position_crosswalk	morpheme_aligned
q:26:189:4	26:189	26:189	4	w-s026-a189-w002	26:189:2	m-w-s026-a189-w002-02;m-w-s026-a189-w002-03	فَأَخَذَهُمْ	أ خ ذ		position_crosswalk	morpheme_aligned
q:26:189:5	26:189	26:189	5	w-s026-a189-w003	26:189:3	m-w-s026-a189-w003-01	عَذَابُ	ع ذ ب		position_crosswalk	morpheme_aligned
q:26:189:6	26:189	26:189	6	w-s026-a189-w004	26:189:4	m-w-s026-a189-w004-01	يَوْمِ	ي و م		position_crosswalk	morpheme_aligned
q:26:189:7	26:189	26:189	7	w-s026-a189-w005	26:189:5	m-w-s026-a189-w005-02	الظُّلَّةِ	ظ ل ل		position_crosswalk	morpheme_aligned
q:26:189:8	26:189	26:189	8	w-s026-a189-w006	26:189:6	m-w-s026-a189-w006-01;m-w-s026-a189-w006-02	إِنَّهُ			position_crosswalk	morpheme_aligned
q:26:189:9	26:189	26:189	9	w-s026-a189-w007	26:189:7	m-w-s026-a189-w007-01	كَانَ	ك و ن		position_crosswalk	morpheme_aligned
q:26:189:10	26:189	26:189	10	w-s026-a189-w008	26:189:8	m-w-s026-a189-w008-01	عَذَابَ	ع ذ ب		position_crosswalk	morpheme_aligned
q:26:189:11	26:189	26:189	11	w-s026-a189-w009	26:189:9	m-w-s026-a189-w009-01	يَوْمٍ	ي و م		position_crosswalk	morpheme_aligned
q:26:189:12	26:189	26:189	12	w-s026-a189-w010	26:189:10	m-w-s026-a189-w010-01	عَظِيمٍ	ع ظ م		position_crosswalk	morpheme_aligned
q:26:190:1	26:190	26:190	1	w-s026-a190-w001	26:190:1	m-w-s026-a190-w001-01	إِنَّ			position_crosswalk	morpheme_aligned
q:26:190:2	26:190	26:190	2	w-s026-a190-w002	26:190:2	m-w-s026-a190-w002-01			فِي	position_crosswalk	morpheme_aligned
q:26:190:3	26:190	26:190	3	w-s026-a190-w003	26:190:3	m-w-s026-a190-w003-01	ذَلِكَ		فِي	position_crosswalk	morpheme_aligned
q:26:190:5	26:190	26:190	5	w-s026-a190-w004	26:190:4	m-w-s026-a190-w004-02	لَآيَةً	أ ي ي	فِي	position_crosswalk	morpheme_aligned
q:26:190:8	26:190	26:190	8	w-s026-a190-w006	26:190:6	m-w-s026-a190-w006-01	كَانَ	ك و ن		position_crosswalk	morpheme_aligned
q:26:190:9	26:190	26:190	9	w-s026-a190-w007	26:190:7	m-w-s026-a190-w007-01	أَكْثَرُهُمْ	ك ث ر		position_crosswalk	morpheme_aligned
q:26:190:10	26:190	26:190	10	w-s026-a190-w008	26:190:8	m-w-s026-a190-w008-01	مُؤْمِنِينَ	أ م ن		position_crosswalk	morpheme_aligned
q:26:191:2	26:191	26:191	2	w-s026-a191-w001	26:191:1	m-w-s026-a191-w001-02	وَإِنَّ			position_crosswalk	morpheme_aligned
q:26:191:3	26:191	26:191	3	w-s026-a191-w002	26:191:2	m-w-s026-a191-w002-01	رَبَّكَ	ر ب ب		position_crosswalk	morpheme_aligned
q:26:191:6	26:191	26:191	6	w-s026-a191-w004	26:191:4	m-w-s026-a191-w004-02	الْعَزِيزُ	ع ز ز		position_crosswalk	morpheme_aligned
q:26:191:7	26:191	26:191	7	w-s026-a191-w005	26:191:5	m-w-s026-a191-w005-02	الرَّحِيمُ	ر ح م		position_crosswalk	morpheme_aligned
q:26:192:2	26:192	26:192	2	w-s026-a192-w001	26:192:1	m-w-s026-a192-w001-02;m-w-s026-a192-w001-03	وَإِنَّهُ			position_crosswalk	morpheme_aligned
q:26:192:4	26:192	26:192	4	w-s026-a192-w002	26:192:2	m-w-s026-a192-w002-02	لَتَنْزِيلُ	ن ز ل		position_crosswalk	morpheme_aligned
q:26:192:5	26:192	26:192	5	w-s026-a192-w003	26:192:3	m-w-s026-a192-w003-01	رَبِّ	ر ب ب		position_crosswalk	morpheme_aligned
q:26:192:6	26:192	26:192	6	w-s026-a192-w004	26:192:4	m-w-s026-a192-w004-02	الْعَالَمِينَ	ع ل م		position_crosswalk	morpheme_aligned
q:26:193:1	26:193	26:193	1	w-s026-a193-w001	26:193:1	m-w-s026-a193-w001-01	نَزَلَ	ن ز ل	بـ	position_crosswalk	morpheme_aligned
q:26:193:2	26:193	26:193	2	w-s026-a193-w002	26:193:2	m-w-s026-a193-w002-02;m-w-s026-a193-w002-01			بـ	position_crosswalk	morpheme_aligned
q:26:193:3	26:193	26:193	3	w-s026-a193-w003	26:193:3	m-w-s026-a193-w003-02	الرُّوحُ	ر و ح		surface_root_sequence_fallback	morpheme_aligned
q:26:193:4	26:193	26:193	4	w-s026-a193-w004	26:193:4	m-w-s026-a193-w004-02	الْأَمِينُ	أ م ن		surface_root_sequence_fallback	morpheme_aligned
q:26:194:1	26:194	26:194	1	w-s026-a194-w001	26:194:1	m-w-s026-a194-w001-01			عَلَى	position_crosswalk	morpheme_aligned
q:26:194:2	26:194	26:194	2	w-s026-a194-w002	26:194:2	m-w-s026-a194-w002-01	قَلْبِكَ	ق ل ب	عَلَى	position_crosswalk	morpheme_aligned
q:26:194:3	26:194	26:194	3	w-s026-a194-w003	26:194:3	m-w-s026-a194-w003-02	لِتَكُونَ			position_crosswalk	morpheme_aligned
q:26:194:4	26:194	26:194	4	w-s026-a194-w003	26:194:3	m-w-s026-a194-w003-02	لِتَكُونَ	ك و ن	عَلَى;مِن	position_crosswalk	morpheme_aligned
q:26:194:5	26:194	26:194	5	w-s026-a194-w004	26:194:4	m-w-s026-a194-w004-01			مِن	position_crosswalk	morpheme_aligned
q:26:194:6	26:194	26:194	6	w-s026-a194-w005	26:194:5	m-w-s026-a194-w005-02	الْمُنْذِرِينَ	ن ذ ر	مِن	position_crosswalk	morpheme_aligned
q:26:195:2	26:195	26:195	2	w-s026-a195-w001	26:195:1	m-w-s026-a195-w001-02	بِلِسَانٍ	ل س ن		position_crosswalk	morpheme_aligned
q:26:195:3	26:195	26:195	3	w-s026-a195-w002	26:195:2	m-w-s026-a195-w002-01	عَرَبِيٍّ	ع ر ب		position_crosswalk	morpheme_aligned
q:26:195:4	26:195	26:195	4	w-s026-a195-w003	26:195:3	m-w-s026-a195-w003-01	مُبِينٍ	ب ي ن		position_crosswalk	morpheme_aligned
q:26:196:2	26:196	26:196	2	w-s026-a196-w001	26:196:1	m-w-s026-a196-w001-02;m-w-s026-a196-w001-03	وَإِنَّهُ		فِي	position_crosswalk	morpheme_aligned
q:26:196:4	26:196	26:196	4	w-s026-a196-w002	26:196:2	m-w-s026-a196-w002-02			فِي	position_crosswalk	morpheme_aligned
q:26:196:5	26:196	26:196	5	w-s026-a196-w003	26:196:3	m-w-s026-a196-w003-01	زُبُرِ	ز ب ر	فِي	position_crosswalk	morpheme_aligned
q:26:196:6	26:196	26:196	6	w-s026-a196-w004	26:196:4	m-w-s026-a196-w004-02	الْأَوَّلِينَ	أ و ل		position_crosswalk	morpheme_aligned
q:26:197:2	26:197	26:197	2	w-s026-a197-w001	26:197:1	m-w-s026-a197-w001-03	أَوَلَمْ	ل م م		position_crosswalk	morpheme_aligned
q:26:197:3	26:197	26:197	3	w-s026-a197-w002	26:197:2	m-w-s026-a197-w002-01	يَكُنْ	ك و ن	لـ	surface_root_sequence_fallback	morpheme_aligned
q:26:197:4	26:197	26:197	4	w-s026-a197-w003	26:197:3	m-w-s026-a197-w003-01			لـ	surface_root_sequence_fallback	morpheme_aligned
q:26:197:5	26:197	26:197	5	w-s026-a197-w003	26:197:3	m-w-s026-a197-w003-02	لَهُمْ		لـ	position_crosswalk	morpheme_aligned
q:26:197:6	26:197	26:197	6	w-s026-a197-w004	26:197:4	m-w-s026-a197-w004-01	آيَةً	أ ي ي		surface_root_sequence_fallback	morpheme_aligned
q:26:197:7	26:197	26:197	7	w-s026-a197-w005	26:197:5	m-w-s026-a197-w005-01	أَنْ			surface_root_sequence_fallback	morpheme_aligned
q:26:197:8	26:197	26:197	8	w-s026-a197-w006	26:197:6	m-w-s026-a197-w006-01;m-w-s026-a197-w006-02	يَعْلَمَهُ	ع ل م		surface_root_sequence_fallback	morpheme_aligned
q:26:197:9	26:197	26:197	9	w-s026-a197-w006	26:197:6	m-w-s026-a197-w006-01	عُلَمَاءُ	ع ل م		position_crosswalk	morpheme_aligned
q:26:197:10	26:197	26:197	10	w-s026-a197-w008	26:197:8	m-w-s026-a197-w008-01	بَنِي	ب ن ي		surface_root_sequence_fallback	morpheme_aligned
q:26:197:11	26:197	26:197	11	w-s026-a197-w009	26:197:9	m-w-s026-a197-w009-01	إِسْرَائِيلَ	س ر ي ل		surface_root_sequence_fallback	morpheme_aligned
q:26:198:3	26:198	26:198	3	w-s026-a198-w002	26:198:2	m-w-s026-a198-w002-01	نَزَّلْنَاهُ	ن ز ل	عَلَى	position_crosswalk	morpheme_aligned
q:26:198:4	26:198	26:198	4	w-s026-a198-w003	26:198:3	m-w-s026-a198-w003-01			عَلَى	position_crosswalk	morpheme_aligned
q:26:198:5	26:198	26:198	5	w-s026-a198-w004	26:198:4	m-w-s026-a198-w004-01	بَعْضِ	ب ع ض	عَلَى	position_crosswalk	morpheme_aligned
q:26:198:6	26:198	26:198	6	w-s026-a198-w005	26:198:5	m-w-s026-a198-w005-02	الْأَعْجَمِينَ	ع ج م		position_crosswalk	morpheme_aligned
q:26:199:2	26:199	26:199	2	w-s026-a199-w001	26:199:1	m-w-s026-a199-w001-02;m-w-s026-a199-w001-03	فَقَرَأَهُ	ق ر أ	عَلَى	position_crosswalk	morpheme_aligned
q:26:199:3	26:199	26:199	3	w-s026-a199-w002	26:199:2	m-w-s026-a199-w002-02;m-w-s026-a199-w002-01			عَلَى	position_crosswalk	morpheme_aligned
q:26:199:5	26:199	26:199	5	w-s026-a199-w004	26:199:4	m-w-s026-a199-w004-01	كَانُوا	ك و ن		position_crosswalk	morpheme_aligned
q:26:199:6	26:199	26:199	6	w-s026-a199-w005	26:199:5	m-w-s026-a199-w005-02;m-w-s026-a199-w005-01			بـ	position_crosswalk	morpheme_aligned
q:26:199:7	26:199	26:199	7	w-s026-a199-w006	26:199:6	m-w-s026-a199-w006-01	مُؤْمِنِينَ	أ م ن	بـ	surface_root_sequence_fallback	morpheme_aligned
q:26:200:1	26:200	26:200	1	w-s026-a200-w001	26:200:1	m-w-s026-a200-w001-01			كـ	position_crosswalk	morpheme_aligned
q:26:200:2	26:200	26:200	2	w-s026-a200-w001	26:200:1	m-w-s026-a200-w001-02	كَذَلِكَ		كـ	position_crosswalk	morpheme_aligned
q:26:200:3	26:200	26:200	3	w-s026-a200-w002	26:200:2	m-w-s026-a200-w002-01	سَلَكْنَاهُ	س ل ك	كـ;فِي	position_crosswalk	morpheme_aligned
q:26:200:4	26:200	26:200	4	w-s026-a200-w003	26:200:3	m-w-s026-a200-w003-01			فِي	position_crosswalk	morpheme_aligned
q:26:200:5	26:200	26:200	5	w-s026-a200-w004	26:200:4	m-w-s026-a200-w004-01	قُلُوبِ	ق ل ب	فِي	position_crosswalk	morpheme_aligned
q:26:200:6	26:200	26:200	6	w-s026-a200-w005	26:200:5	m-w-s026-a200-w005-02	الْمُجْرِمِينَ	ج ر م		position_crosswalk	morpheme_aligned
q:26:201:2	26:201	26:201	2	w-s026-a201-w002	26:201:2	m-w-s026-a201-w002-01	يُؤْمِنُونَ	أ م ن	بـ	position_crosswalk	morpheme_aligned
q:26:201:3	26:201	26:201	3	w-s026-a201-w003	26:201:3	m-w-s026-a201-w003-02;m-w-s026-a201-w003-01			بـ	position_crosswalk	morpheme_aligned
q:26:201:5	26:201	26:201	5	w-s026-a201-w005	26:201:5	m-w-s026-a201-w005-01	يَرَوُا	ر أ ي		surface_root_sequence_fallback	morpheme_aligned
q:26:201:6	26:201	26:201	6	w-s026-a201-w006	26:201:6	m-w-s026-a201-w006-02	الْعَذَابَ	ع ذ ب		surface_root_sequence_fallback	morpheme_aligned
q:26:201:7	26:201	26:201	7	w-s026-a201-w007	26:201:7	m-w-s026-a201-w007-02	الْأَلِيمَ	أ ل م		surface_root_sequence_fallback	morpheme_aligned
q:26:202:2	26:202	26:202	2	w-s026-a202-w001	26:202:1	m-w-s026-a202-w001-02;m-w-s026-a202-w001-03	فَيَأْتِيَهُمْ	أ ت ي		position_crosswalk	morpheme_aligned
q:26:202:3	26:202	26:202	3	w-s026-a202-w002	26:202:2	m-w-s026-a202-w002-01	بَغْتَةً	ب غ ت		position_crosswalk	morpheme_aligned
q:26:202:5	26:202	26:202	5	w-s026-a202-w003	26:202:3	m-w-s026-a202-w003-02	وَهُمْ			position_crosswalk	morpheme_aligned
q:26:202:7	26:202	26:202	7	w-s026-a202-w005	26:202:5	m-w-s026-a202-w005-01	يَشْعُرُونَ	ش ع ر		position_crosswalk	morpheme_aligned
q:26:203:2	26:203	26:203	2	w-s026-a203-w001	26:203:1	m-w-s026-a203-w001-02	فَيَقُولُوا	ق و ل		position_crosswalk	morpheme_aligned
q:26:203:3	26:203	26:203	3	w-s026-a203-w002	26:203:2	m-w-s026-a203-w002-01	هَلْ			position_crosswalk	morpheme_aligned
q:26:203:4	26:203	26:203	4	w-s026-a203-w003	26:203:3	m-w-s026-a203-w003-01	نَحْنُ			position_crosswalk	morpheme_aligned
q:26:203:5	26:203	26:203	5	w-s026-a203-w004	26:203:4	m-w-s026-a203-w004-01	مُنْظَرُونَ	ن ظ ر		position_crosswalk	morpheme_aligned
q:26:204:2	26:204	26:204	2	w-s026-a204-w001	26:204:1	m-w-s026-a204-w001-03			بـ	position_crosswalk	morpheme_aligned
q:26:204:3	26:204	26:204	3	w-s026-a204-w001	26:204:1	m-w-s026-a204-w001-04	أَفَبِعَذَابِنَا	ع ذ ب	بـ	position_crosswalk	morpheme_aligned
q:26:204:4	26:204	26:204	4	w-s026-a204-w002	26:204:2	m-w-s026-a204-w002-01	يَسْتَعْجِلُونَ	ع ج ل	بـ	surface_root_sequence_fallback	morpheme_aligned
q:26:205:4	26:205	26:205	4	w-s026-a205-w003	26:205:3	m-w-s026-a205-w003-01	مَتَّعْنَاهُمْ	م ت ع		surface_root_sequence_fallback	morpheme_aligned
q:26:205:5	26:205	26:205	5	w-s026-a205-w004	26:205:4	m-w-s026-a205-w004-01	سِنِينَ	س ن ن		surface_root_sequence_fallback	morpheme_aligned
q:26:206:2	26:206	26:206	2	w-s026-a206-w002	26:206:2	m-w-s026-a206-w002-01;m-w-s026-a206-w002-02	جَاءَهُمْ	ج ي أ		position_crosswalk	morpheme_aligned
q:26:206:3	26:206	26:206	3	w-s026-a206-w003	26:206:3	m-w-s026-a206-w003-01	مَا			position_crosswalk	morpheme_aligned
q:26:206:4	26:206	26:206	4	w-s026-a206-w004	26:206:4	m-w-s026-a206-w004-01	كَانُوا	ك و ن		position_crosswalk	morpheme_aligned
q:26:206:5	26:206	26:206	5	w-s026-a206-w005	26:206:5	m-w-s026-a206-w005-01	يُوعَدُونَ	و ع د		position_crosswalk	morpheme_aligned
q:26:207:2	26:207	26:207	2	w-s026-a207-w002	26:207:2	m-w-s026-a207-w002-01	أَغْنَى	غ ن ي	عَن	position_crosswalk	morpheme_aligned
q:26:207:3	26:207	26:207	3	w-s026-a207-w003	26:207:3	m-w-s026-a207-w003-02;m-w-s026-a207-w003-01			عَن	position_crosswalk	morpheme_aligned
q:26:207:4	26:207	26:207	4	w-s026-a207-w004	26:207:4	m-w-s026-a207-w004-01	مَا			position_crosswalk	morpheme_aligned
q:26:207:5	26:207	26:207	5	w-s026-a207-w005	26:207:5	m-w-s026-a207-w005-01	كَانُوا	ك و ن		position_crosswalk	morpheme_aligned
q:26:207:6	26:207	26:207	6	w-s026-a207-w006	26:207:6	m-w-s026-a207-w006-01	يُمَتَّعُونَ	م ت ع		position_crosswalk	morpheme_aligned
q:26:208:3	26:208	26:208	3	w-s026-a208-w002	26:208:2	m-w-s026-a208-w002-01	أَهْلَكْنَا	ه ل ك	مِن	position_crosswalk	morpheme_aligned
q:26:208:4	26:208	26:208	4	w-s026-a208-w003	26:208:3	m-w-s026-a208-w003-01			مِن	position_crosswalk	morpheme_aligned
q:26:208:5	26:208	26:208	5	w-s026-a208-w004	26:208:4	m-w-s026-a208-w004-01	قَرْيَةٍ	ق ر ي	مِن	position_crosswalk	morpheme_aligned
q:26:208:7	26:208	26:208	7	w-s026-a208-w005	26:208:5	m-w-s026-a208-w005-01			لـ	surface_root_sequence_fallback	morpheme_aligned
q:26:208:8	26:208	26:208	8	w-s026-a208-w006	26:208:6	m-w-s026-a208-w006-02	لَهَا		لـ	position_crosswalk	morpheme_aligned
q:26:208:9	26:208	26:208	9	w-s026-a208-w007	26:208:7	m-w-s026-a208-w007-01	مُنْذِرُونَ	ن ذ ر	لـ	position_crosswalk	morpheme_aligned
q:26:209:4	26:209	26:209	4	w-s026-a209-w003	26:209:3	m-w-s026-a209-w003-01	كُنَّا	ك و ن		position_crosswalk	morpheme_aligned
q:26:209:5	26:209	26:209	5	w-s026-a209-w004	26:209:4	m-w-s026-a209-w004-01	ظَالِمِينَ	ظ ل م		position_crosswalk	morpheme_aligned
q:26:210:3	26:210	26:210	3	w-s026-a210-w002	26:210:2	m-w-s026-a210-w002-01	تَنَزَّلَتْ	ن ز ل	بـ	position_crosswalk	morpheme_aligned
q:26:210:4	26:210	26:210	4	w-s026-a210-w003	26:210:3	m-w-s026-a210-w003-02;m-w-s026-a210-w003-01			بـ	position_crosswalk	morpheme_aligned
q:26:210:5	26:210	26:210	5	w-s026-a210-w004	26:210:4	m-w-s026-a210-w004-02	الشَّيَاطِينُ	ش ط ن		surface_root_sequence_fallback	morpheme_aligned
q:26:211:3	26:211	26:211	3	w-s026-a211-w002	26:211:2	m-w-s026-a211-w002-01	يَنْبَغِي	ب غ ي	لـ	position_crosswalk	morpheme_aligned
q:26:211:4	26:211	26:211	4	w-s026-a211-w003	26:211:3	m-w-s026-a211-w003-01			لـ	position_crosswalk	morpheme_aligned
q:26:211:5	26:211	26:211	5	w-s026-a211-w003	26:211:3	m-w-s026-a211-w003-02	لَهُمْ		لـ	position_crosswalk	morpheme_aligned
q:26:211:8	26:211	26:211	8	w-s026-a211-w005	26:211:5	m-w-s026-a211-w005-01	يَسْتَطِيعُونَ	ط و ع		position_crosswalk	morpheme_aligned
q:26:212:1	26:212	26:212	1	w-s026-a212-w001	26:212:1	m-w-s026-a212-w001-01;m-w-s026-a212-w001-02	إِنَّهُمْ			position_crosswalk	morpheme_aligned
q:26:212:2	26:212	26:212	2	w-s026-a212-w002	26:212:2	m-w-s026-a212-w002-01			عَن	position_crosswalk	morpheme_aligned
q:26:212:3	26:212	26:212	3	w-s026-a212-w003	26:212:3	m-w-s026-a212-w003-02	السَّمْعِ	س م ع	عَن	position_crosswalk	morpheme_aligned
q:26:212:5	26:212	26:212	5	w-s026-a212-w004	26:212:4	m-w-s026-a212-w004-02	لَمَعْزُولُونَ	ع ز ل	عَن	position_crosswalk	morpheme_aligned
q:26:213:3	26:213	26:213	3	w-s026-a213-w002	26:213:2	m-w-s026-a213-w002-01	تَدْعُ	د ع ع		position_crosswalk	morpheme_aligned
q:26:213:4	26:213	26:213	4	w-s026-a213-w003	26:213:3	m-w-s026-a213-w003-01	مَعَ	م ع ع		position_crosswalk	morpheme_aligned
q:26:213:5	26:213	26:213	5	w-s026-a213-w004	26:213:4	m-w-s026-a213-w004-01	اللَّهِ	أ ل ه		position_crosswalk	morpheme_aligned
q:26:213:6	26:213	26:213	6	w-s026-a213-w004	26:213:4	m-w-s026-a213-w004-01	إِلَهَاً	أ ل ه		surface_root_sequence_fallback	morpheme_aligned
q:26:213:7	26:213	26:213	7	w-s026-a213-w006	26:213:6	m-w-s026-a213-w006-01	آخَرَ	أ خ ر		position_crosswalk	morpheme_aligned
q:26:213:9	26:213	26:213	9	w-s026-a213-w007	26:213:7	m-w-s026-a213-w007-02	فَتَكُونَ	ك و ن	مِن	position_crosswalk	morpheme_aligned
q:26:213:10	26:213	26:213	10	w-s026-a213-w008	26:213:8	m-w-s026-a213-w008-01			مِن	position_crosswalk	morpheme_aligned
q:26:213:11	26:213	26:213	11	w-s026-a213-w009	26:213:9	m-w-s026-a213-w009-02	الْمُعَذَّبِينَ	ع ذ ب	مِن	position_crosswalk	morpheme_aligned
q:26:214:2	26:214	26:214	2	w-s026-a214-w001	26:214:1	m-w-s026-a214-w001-02	وَأَنْذِرْ	ن ذ ر		position_crosswalk	morpheme_aligned
q:26:214:3	26:214	26:214	3	w-s026-a214-w002	26:214:2	m-w-s026-a214-w002-01	عَشِيرَتَكَ	ع ش ر		position_crosswalk	morpheme_aligned
q:26:214:4	26:214	26:214	4	w-s026-a214-w003	26:214:3	m-w-s026-a214-w003-02	الْأَقْرَبِينَ	ق ر ب		position_crosswalk	morpheme_aligned
q:26:215:2	26:215	26:215	2	w-s026-a215-w001	26:215:1	m-w-s026-a215-w001-02	وَاخْفِضْ	خ ف ض	لـ	position_crosswalk	morpheme_aligned
q:26:215:3	26:215	26:215	3	w-s026-a215-w002	26:215:2	m-w-s026-a215-w002-01	جَنَاحَكَ	ج ن ح		position_crosswalk	morpheme_aligned
q:26:215:4	26:215	26:215	4	w-s026-a215-w003	26:215:3	m-w-s026-a215-w003-01			لـ	position_crosswalk	morpheme_aligned
q:26:215:5	26:215	26:215	5	w-s026-a215-w003	26:215:3	m-w-s026-a215-w003-02	لِمَنِ	م ن ن	لـ;مِن	position_crosswalk	morpheme_aligned
q:26:215:6	26:215	26:215	6	w-s026-a215-w004	26:215:4	m-w-s026-a215-w004-01;m-w-s026-a215-w004-02	اتَّبَعَكَ	ت ب ع		position_crosswalk	morpheme_aligned
q:26:215:7	26:215	26:215	7	w-s026-a215-w005	26:215:5	m-w-s026-a215-w005-01			مِن	position_crosswalk	morpheme_aligned
q:26:215:8	26:215	26:215	8	w-s026-a215-w006	26:215:6	m-w-s026-a215-w006-02	الْمُؤْمِنِينَ	أ م ن	مِن	position_crosswalk	morpheme_aligned
q:26:216:3	26:216	26:216	3	w-s026-a216-w002	26:216:2	m-w-s026-a216-w002-01	عَصَوْكَ	ع ص ي		position_crosswalk	morpheme_aligned
q:26:216:5	26:216	26:216	5	w-s026-a216-w003	26:216:3	m-w-s026-a216-w003-02	فَقُلْ	ق ل ل		position_crosswalk	morpheme_aligned
q:26:216:6	26:216	26:216	6	w-s026-a216-w004	26:216:4	m-w-s026-a216-w004-01;m-w-s026-a216-w004-02	إِنِّي			position_crosswalk	morpheme_aligned
q:26:216:7	26:216	26:216	7	w-s026-a216-w005	26:216:5	m-w-s026-a216-w005-01	بَرِيءٌ	ب ر أ	مِن	position_crosswalk	morpheme_aligned
q:26:216:8	26:216	26:216	8	w-s026-a216-w006	26:216:6	m-w-s026-a216-w006-01			مِن	position_crosswalk	morpheme_aligned
q:26:216:9	26:216	26:216	9	w-s026-a216-w007	26:216:7	m-w-s026-a216-w007-01	تَعْمَلُونَ	ع م ل		position_crosswalk	morpheme_aligned
q:26:217:2	26:217	26:217	2	w-s026-a217-w001	26:217:1	m-w-s026-a217-w001-02	وَتَوَكَّلْ	و ك ل	عَلَى	position_crosswalk	morpheme_aligned
q:26:217:3	26:217	26:217	3	w-s026-a217-w002	26:217:2	m-w-s026-a217-w002-01			عَلَى	position_crosswalk	morpheme_aligned
q:26:217:4	26:217	26:217	4	w-s026-a217-w003	26:217:3	m-w-s026-a217-w003-02	الْعَزِيزِ	ع ز ز	عَلَى	position_crosswalk	morpheme_aligned
q:26:217:5	26:217	26:217	5	w-s026-a217-w004	26:217:4	m-w-s026-a217-w004-02	الرَّحِيمِ	ر ح م		position_crosswalk	morpheme_aligned
q:26:218:2	26:218	26:218	2	w-s026-a218-w002	26:218:2	m-w-s026-a218-w002-01;m-w-s026-a218-w002-02	يَرَاكَ	ر أ ي		position_crosswalk	morpheme_aligned
q:26:218:3	26:218	26:218	3	w-s026-a218-w003	26:218:3	m-w-s026-a218-w003-01	حِينَ	ح ي ن		position_crosswalk	morpheme_aligned
q:26:219:2	26:219	26:219	2	w-s026-a219-w001	26:219:1	m-w-s026-a219-w001-02	وَتَقَلُّبَكَ	ق ل ب	فِي	position_crosswalk	morpheme_aligned
q:26:219:3	26:219	26:219	3	w-s026-a219-w002	26:219:2	m-w-s026-a219-w002-01			فِي	position_crosswalk	morpheme_aligned
q:26:219:4	26:219	26:219	4	w-s026-a219-w003	26:219:3	m-w-s026-a219-w003-02	السَّاجِدِينَ	س ج د	فِي	position_crosswalk	morpheme_aligned
q:26:220:1	26:220	26:220	1	w-s026-a220-w001	26:220:1	m-w-s026-a220-w001-01;m-w-s026-a220-w001-02	إِنَّهُ			position_crosswalk	morpheme_aligned
q:26:220:2	26:220	26:220	2	w-s026-a220-w002	26:220:2	m-w-s026-a220-w002-01	هُوَ			position_crosswalk	morpheme_aligned
q:26:220:3	26:220	26:220	3	w-s026-a220-w003	26:220:3	m-w-s026-a220-w003-02	السَّمِيعُ	س م ع		position_crosswalk	morpheme_aligned
q:26:220:4	26:220	26:220	4	w-s026-a220-w004	26:220:4	m-w-s026-a220-w004-02	الْعَلِيمُ	ع ل م		position_crosswalk	morpheme_aligned
q:26:221:2	26:221	26:221	2	w-s026-a221-w002	26:221:2	m-w-s026-a221-w002-01;m-w-s026-a221-w002-02	أُنَبِّئُكُمْ	ن ب أ		position_crosswalk	morpheme_aligned
q:26:221:3	26:221	26:221	3	w-s026-a221-w003	26:221:3	m-w-s026-a221-w003-01	عَلَى	ع ل و	عَلَى	position_crosswalk	morpheme_aligned
q:26:221:4	26:221	26:221	4	w-s026-a221-w004	26:221:4	m-w-s026-a221-w004-01	مَنْ	م ن ن	عَلَى	position_crosswalk	morpheme_aligned
q:26:221:5	26:221	26:221	5	w-s026-a221-w005	26:221:5	m-w-s026-a221-w005-01	تَنَزَّلُ	ن ز ل	عَلَى	position_crosswalk	morpheme_aligned
q:26:221:6	26:221	26:221	6	w-s026-a221-w006	26:221:6	m-w-s026-a221-w006-02	الشَّيَاطِينُ	ش ط ن		position_crosswalk	morpheme_aligned
q:26:222:1	26:222	26:222	1	w-s026-a222-w001	26:222:1	m-w-s026-a222-w001-01	تَنَزَّلُ	ن ز ل	عَلَى	position_crosswalk	morpheme_aligned
q:26:222:2	26:222	26:222	2	w-s026-a222-w002	26:222:2	m-w-s026-a222-w002-01			عَلَى	position_crosswalk	morpheme_aligned
q:26:222:3	26:222	26:222	3	w-s026-a222-w003	26:222:3	m-w-s026-a222-w003-01	كُلِّ	ك ل ل	عَلَى	position_crosswalk	morpheme_aligned
q:26:222:4	26:222	26:222	4	w-s026-a222-w004	26:222:4	m-w-s026-a222-w004-01	أَفَّاكٍ	أ ف ك		position_crosswalk	morpheme_aligned
q:26:222:5	26:222	26:222	5	w-s026-a222-w005	26:222:5	m-w-s026-a222-w005-01	أَثِيمٍ	أ ث م		position_crosswalk	morpheme_aligned
q:26:223:1	26:223	26:223	1	w-s026-a223-w001	26:223:1	m-w-s026-a223-w001-01	يُلْقُونَ	ل ق ي		position_crosswalk	morpheme_aligned
q:26:223:2	26:223	26:223	2	w-s026-a223-w002	26:223:2	m-w-s026-a223-w002-02	السَّمْعَ	س م ع		position_crosswalk	morpheme_aligned
q:26:223:4	26:223	26:223	4	w-s026-a223-w003	26:223:3	m-w-s026-a223-w003-02	وَأَكْثَرُهُمْ	ك ث ر		position_crosswalk	morpheme_aligned
q:26:223:5	26:223	26:223	5	w-s026-a223-w004	26:223:4	m-w-s026-a223-w004-01	كَاذِبُونَ	ك ذ ب		position_crosswalk	morpheme_aligned
q:26:224:2	26:224	26:224	2	w-s026-a224-w001	26:224:1	m-w-s026-a224-w001-03	وَالشُّعَرَاءُ	ش ع ر		position_crosswalk	morpheme_aligned
q:26:224:3	26:224	26:224	3	w-s026-a224-w002	26:224:2	m-w-s026-a224-w002-01;m-w-s026-a224-w002-02	يَتَّبِعُهُمُ	ت ب ع		position_crosswalk	morpheme_aligned
q:26:224:4	26:224	26:224	4	w-s026-a224-w003	26:224:3	m-w-s026-a224-w003-02	الْغَاوُونَ	غ و ي		position_crosswalk	morpheme_aligned
q:26:225:2	26:225	26:225	2	w-s026-a225-w002	26:225:2	m-w-s026-a225-w002-01	تَرَ	ر أ ي		surface_root_sequence_fallback	morpheme_aligned
q:26:225:3	26:225	26:225	3	w-s026-a225-w003	26:225:3	m-w-s026-a225-w003-01;m-w-s026-a225-w003-02	أَنَّهُمْ			surface_root_sequence_fallback	morpheme_aligned
q:26:225:4	26:225	26:225	4	w-s026-a225-w004	26:225:4	m-w-s026-a225-w004-01			فِي	surface_root_sequence_fallback	morpheme_aligned
q:26:225:5	26:225	26:225	5	w-s026-a225-w005	26:225:5	m-w-s026-a225-w005-01	كُلِّ	ك ل ل	فِي	surface_root_sequence_fallback	morpheme_aligned
q:26:225:6	26:225	26:225	6	w-s026-a225-w006	26:225:6	m-w-s026-a225-w006-01	وَادٍ	و د ي		surface_root_sequence_fallback	morpheme_aligned
q:26:225:7	26:225	26:225	7	w-s026-a225-w007	26:225:7	m-w-s026-a225-w007-01	يَهِيمُونَ	ه ي م	فِي	surface_root_sequence_fallback	morpheme_aligned
q:26:226:2	26:226	26:226	2	w-s026-a226-w001	26:226:1	m-w-s026-a226-w001-02;m-w-s026-a226-w001-03				position_crosswalk	morpheme_aligned
q:26:226:3	26:226	26:226	3	w-s026-a226-w002	26:226:2	m-w-s026-a226-w002-01	يَقُولُونَ	ق و ل		position_crosswalk	morpheme_aligned
q:26:226:4	26:226	26:226	4	w-s026-a226-w003	26:226:3	m-w-s026-a226-w003-01	مَا			position_crosswalk	morpheme_aligned
q:26:227:1	26:227	26:227	1	w-s026-a227-w001	26:227:1	m-w-s026-a227-w001-01	إِلَّا	أ ل و		position_crosswalk	morpheme_aligned
q:26:227:2	26:227	26:227	2	w-s026-a227-w002	26:227:2	m-w-s026-a227-w002-01	الَّذِينَ	ل ل ذ		position_crosswalk	morpheme_aligned
q:26:227:3	26:227	26:227	3	w-s026-a227-w003	26:227:3	m-w-s026-a227-w003-01	آمَنُوا	أ م ن		position_crosswalk	morpheme_aligned
q:26:227:5	26:227	26:227	5	w-s026-a227-w004	26:227:4	m-w-s026-a227-w004-02	وَعَمِلُوا	ع م ل		position_crosswalk	morpheme_aligned
q:26:227:6	26:227	26:227	6	w-s026-a227-w005	26:227:5	m-w-s026-a227-w005-02	الصَّالِحَاتِ	ص ل ح		position_crosswalk	morpheme_aligned
q:26:227:8	26:227	26:227	8	w-s026-a227-w006	26:227:6	m-w-s026-a227-w006-02	وَذَكَرُوا	ذ ك ر		position_crosswalk	morpheme_aligned
q:26:227:9	26:227	26:227	9	w-s026-a227-w007	26:227:7	m-w-s026-a227-w007-01	اللَّهَ	أ ل ه		position_crosswalk	morpheme_aligned
q:26:227:10	26:227	26:227	10	w-s026-a227-w008	26:227:8	m-w-s026-a227-w008-01	كَثِيرَاً	ك ث ر		position_crosswalk	morpheme_aligned
q:26:227:12	26:227	26:227	12	w-s026-a227-w009	26:227:9	m-w-s026-a227-w009-02	وَانْتَصَرُوا	ن ص ر	مِن	position_crosswalk	morpheme_aligned
q:26:227:13	26:227	26:227	13	w-s026-a227-w010	26:227:10	m-w-s026-a227-w010-01			مِن	position_crosswalk	morpheme_aligned
q:26:227:14	26:227	26:227	14	w-s026-a227-w011	26:227:11	m-w-s026-a227-w011-01	بَعْدِ	ب ع د	مِن	position_crosswalk	morpheme_aligned
q:26:227:15	26:227	26:227	15	w-s026-a227-w012	26:227:12	m-w-s026-a227-w012-01	مَا			position_crosswalk	morpheme_aligned
q:26:227:18	26:227	26:227	18	w-s026-a227-w014	26:227:14	m-w-s026-a227-w014-03	وَسَيَعْلَمُ	ع ل م		position_crosswalk	morpheme_aligned
q:26:227:19	26:227	26:227	19	w-s026-a227-w015	26:227:15	m-w-s026-a227-w015-01	الَّذِينَ	ل ل ذ		surface_root_sequence_fallback	morpheme_aligned
q:26:227:21	26:227	26:227	21	w-s026-a227-w017	26:227:17	m-w-s026-a227-w017-01	أَيَّ	أ ي ي		surface_root_sequence_fallback	morpheme_aligned
q:26:227:22	26:227	26:227	22	w-s026-a227-w018	26:227:18	m-w-s026-a227-w018-01	مُنْقَلَبٍ	ق ل ب		surface_root_sequence_fallback	morpheme_aligned
q:26:227:23	26:227	26:227	23	w-s026-a227-w018	26:227:18	m-w-s026-a227-w018-01	يَنْقَلِبُونَ	ق ل ب		position_crosswalk	morpheme_aligned
