cooccurrence_id	ayah_ref	left_word_id	right_word_id	left_root	right_root	word_distance	root_distance_min	root_distance_max	local_pair_count	corpus_window_count	corpus_pair_count	source_pair_id
co-8_0-00001	8:0	w-s008-a000-w002	w-s008-a000-w003	ء ل ه	ر ح م	1	1	2	2	130	254	intra_ayah:1:1:root:1
co-8_0-00002	8:0	w-s008-a000-w002	w-s008-a000-w004	ء ل ه	ر ح م	2	1	2	2	130	254	intra_ayah:1:1:root:1
co-8_0-00003	8:0	w-s008-a000-w002	w-s008-a000-w001	ء ل ه	س م و	1	1	1	1	185	319	intra_ayah:1:1:root:2
co-8_0-00004	8:0	w-s008-a000-w003	w-s008-a000-w001	ر ح م	س م و	2	2	3	2	18	21	intra_ayah:1:1:root:3
co-8_0-00005	8:0	w-s008-a000-w004	w-s008-a000-w001	ر ح م	س م و	3	2	3	2	18	21	intra_ayah:1:1:root:3
co-8_1-00006	8:1	w-s008-a001-w006	w-s008-a001-w018	ء ل ه	ء م ن	12	3	10	3	372	843	intra_ayah:8:1:root:1
co-8_1-00007	8:1	w-s008-a001-w009	w-s008-a001-w018	ء ل ه	ء م ن	9	3	10	3	372	843	intra_ayah:8:1:root:1
co-8_1-00008	8:1	w-s008-a001-w014	w-s008-a001-w018	ء ل ه	ء م ن	4	3	10	3	372	843	intra_ayah:8:1:root:1
co-8_1-00009	8:1	w-s008-a001-w006	w-s008-a001-w008	ء ل ه	و ق ي	2	1	5	3	135	258	intra_ayah:8:1:root:10
co-8_1-00010	8:1	w-s008-a001-w009	w-s008-a001-w008	ء ل ه	و ق ي	1	1	5	3	135	258	intra_ayah:8:1:root:10
co-8_1-00011	8:1	w-s008-a001-w014	w-s008-a001-w008	ء ل ه	و ق ي	6	1	5	3	135	258	intra_ayah:8:1:root:10
co-8_1-00012	8:1	w-s008-a001-w018	w-s008-a001-w012	ء م ن	ب ي ن	6	5	5	1	79	134	intra_ayah:8:1:root:11
co-8_1-00013	8:1	w-s008-a001-w018	w-s008-a001-w007	ء م ن	ر س ل	11	2	9	2	107	176	intra_ayah:8:1:root:12
co-8_1-00014	8:1	w-s008-a001-w018	w-s008-a001-w015	ء م ن	ر س ل	3	2	9	2	107	176	intra_ayah:8:1:root:12
co-8_1-00015	8:1	w-s008-a001-w018	w-s008-a001-w001	ء م ن	س ء ل	17	14	14	1	11	21	intra_ayah:8:1:root:13
co-8_1-00016	8:1	w-s008-a001-w018	w-s008-a001-w010	ء م ن	ص ل ح	8	6	6	1	82	102	intra_ayah:8:1:root:14
co-8_1-00017	8:1	w-s008-a001-w018	w-s008-a001-w013	ء م ن	ط و ع	5	4	4	1	20	33	intra_ayah:8:1:root:15
co-8_1-00018	8:1	w-s008-a001-w018	w-s008-a001-w004	ء م ن	ق و ل	14	12	12	1	185	327	intra_ayah:8:1:root:16
co-8_1-00019	8:1	w-s008-a001-w018	w-s008-a001-w017	ء م ن	ك و ن	1	1	1	1	197	320	intra_ayah:8:1:root:17
co-8_1-00020	8:1	w-s008-a001-w018	w-s008-a001-w003	ء م ن	ن ف ل	15	11	13	2	1	2	intra_ayah:8:1:root:18
co-8_1-00021	8:1	w-s008-a001-w018	w-s008-a001-w005	ء م ن	ن ف ل	13	11	13	2	1	2	intra_ayah:8:1:root:18
co-8_1-00022	8:1	w-s008-a001-w018	w-s008-a001-w008	ء م ن	و ق ي	10	8	8	1	55	81	intra_ayah:8:1:root:19
co-8_1-00023	8:1	w-s008-a001-w006	w-s008-a001-w012	ء ل ه	ب ي ن	6	2	5	3	207	430	intra_ayah:8:1:root:2
co-8_1-00024	8:1	w-s008-a001-w009	w-s008-a001-w012	ء ل ه	ب ي ن	3	2	5	3	207	430	intra_ayah:8:1:root:2
co-8_1-00025	8:1	w-s008-a001-w014	w-s008-a001-w012	ء ل ه	ب ي ن	2	2	5	3	207	430	intra_ayah:8:1:root:2
co-8_1-00026	8:1	w-s008-a001-w012	w-s008-a001-w007	ب ي ن	ر س ل	5	3	4	2	69	100	intra_ayah:8:1:root:20
co-8_1-00027	8:1	w-s008-a001-w012	w-s008-a001-w015	ب ي ن	ر س ل	3	3	4	2	69	100	intra_ayah:8:1:root:20
co-8_1-00028	8:1	w-s008-a001-w012	w-s008-a001-w001	ب ي ن	س ء ل	11	9	9	1	9	14	intra_ayah:8:1:root:21
co-8_1-00029	8:1	w-s008-a001-w012	w-s008-a001-w010	ب ي ن	ص ل ح	2	1	1	1	17	24	intra_ayah:8:1:root:22
co-8_1-00030	8:1	w-s008-a001-w012	w-s008-a001-w013	ب ي ن	ط و ع	1	1	1	1	14	21	intra_ayah:8:1:root:23
co-8_1-00031	8:1	w-s008-a001-w012	w-s008-a001-w004	ب ي ن	ق و ل	8	7	7	1	137	242	intra_ayah:8:1:root:24
co-8_1-00032	8:1	w-s008-a001-w012	w-s008-a001-w017	ب ي ن	ك و ن	5	4	4	1	113	177	intra_ayah:8:1:root:25
co-8_1-00033	8:1	w-s008-a001-w012	w-s008-a001-w003	ب ي ن	ن ف ل	9	6	8	2	1	2	intra_ayah:8:1:root:26
co-8_1-00034	8:1	w-s008-a001-w012	w-s008-a001-w005	ب ي ن	ن ف ل	7	6	8	2	1	2	intra_ayah:8:1:root:26
co-8_1-00035	8:1	w-s008-a001-w012	w-s008-a001-w008	ب ي ن	و ق ي	4	3	3	1	19	25	intra_ayah:8:1:root:27
co-8_1-00036	8:1	w-s008-a001-w007	w-s008-a001-w001	ر س ل	س ء ل	6	5	12	2	10	17	intra_ayah:8:1:root:28
co-8_1-00037	8:1	w-s008-a001-w015	w-s008-a001-w001	ر س ل	س ء ل	14	5	12	2	10	17	intra_ayah:8:1:root:28
co-8_1-00038	8:1	w-s008-a001-w007	w-s008-a001-w010	ر س ل	ص ل ح	3	3	4	2	13	17	intra_ayah:8:1:root:29
co-8_1-00039	8:1	w-s008-a001-w015	w-s008-a001-w010	ر س ل	ص ل ح	5	3	4	2	13	17	intra_ayah:8:1:root:29
co-8_1-00040	8:1	w-s008-a001-w006	w-s008-a001-w007	ء ل ه	ر س ل	1	1	8	6	211	488	intra_ayah:8:1:root:3
co-8_1-00041	8:1	w-s008-a001-w006	w-s008-a001-w015	ء ل ه	ر س ل	9	1	8	6	211	488	intra_ayah:8:1:root:3
co-8_1-00042	8:1	w-s008-a001-w009	w-s008-a001-w007	ء ل ه	ر س ل	2	1	8	6	211	488	intra_ayah:8:1:root:3
co-8_1-00043	8:1	w-s008-a001-w009	w-s008-a001-w015	ء ل ه	ر س ل	6	1	8	6	211	488	intra_ayah:8:1:root:3
co-8_1-00044	8:1	w-s008-a001-w014	w-s008-a001-w007	ء ل ه	ر س ل	7	1	8	6	211	488	intra_ayah:8:1:root:3
co-8_1-00045	8:1	w-s008-a001-w014	w-s008-a001-w015	ء ل ه	ر س ل	1	1	8	6	211	488	intra_ayah:8:1:root:3
co-8_1-00046	8:1	w-s008-a001-w007	w-s008-a001-w013	ر س ل	ط و ع	6	2	5	2	28	52	intra_ayah:8:1:root:30
co-8_1-00047	8:1	w-s008-a001-w015	w-s008-a001-w013	ر س ل	ط و ع	2	2	5	2	28	52	intra_ayah:8:1:root:30
co-8_1-00048	8:1	w-s008-a001-w007	w-s008-a001-w004	ر س ل	ق و ل	3	3	10	2	120	181	intra_ayah:8:1:root:31
co-8_1-00049	8:1	w-s008-a001-w015	w-s008-a001-w004	ر س ل	ق و ل	11	3	10	2	120	181	intra_ayah:8:1:root:31
co-8_1-00050	8:1	w-s008-a001-w007	w-s008-a001-w017	ر س ل	ك و ن	10	1	8	2	100	157	intra_ayah:8:1:root:32
co-8_1-00051	8:1	w-s008-a001-w015	w-s008-a001-w017	ر س ل	ك و ن	2	1	8	2	100	157	intra_ayah:8:1:root:32
co-8_1-00052	8:1	w-s008-a001-w007	w-s008-a001-w003	ر س ل	ن ف ل	4	2	11	4	1	4	intra_ayah:8:1:root:33
co-8_1-00053	8:1	w-s008-a001-w007	w-s008-a001-w005	ر س ل	ن ف ل	2	2	11	4	1	4	intra_ayah:8:1:root:33
co-8_1-00054	8:1	w-s008-a001-w015	w-s008-a001-w003	ر س ل	ن ف ل	12	2	11	4	1	4	intra_ayah:8:1:root:33
co-8_1-00055	8:1	w-s008-a001-w015	w-s008-a001-w005	ر س ل	ن ف ل	10	2	11	4	1	4	intra_ayah:8:1:root:33
co-8_1-00056	8:1	w-s008-a001-w007	w-s008-a001-w008	ر س ل	و ق ي	1	1	6	2	15	21	intra_ayah:8:1:root:34
co-8_1-00057	8:1	w-s008-a001-w015	w-s008-a001-w008	ر س ل	و ق ي	7	1	6	2	15	21	intra_ayah:8:1:root:34
co-8_1-00058	8:1	w-s008-a001-w001	w-s008-a001-w010	س ء ل	ص ل ح	9	8	8	1	5	6	intra_ayah:8:1:root:35
co-8_1-00059	8:1	w-s008-a001-w001	w-s008-a001-w013	س ء ل	ط و ع	12	10	10	1	3	3	intra_ayah:8:1:root:36
co-8_1-00060	8:1	w-s008-a001-w001	w-s008-a001-w004	س ء ل	ق و ل	3	2	2	1	40	58	intra_ayah:8:1:root:37
co-8_1-00061	8:1	w-s008-a001-w001	w-s008-a001-w017	س ء ل	ك و ن	16	13	13	1	27	37	intra_ayah:8:1:root:38
co-8_1-00062	8:1	w-s008-a001-w001	w-s008-a001-w003	س ء ل	ن ف ل	2	1	3	2	1	2	intra_ayah:8:1:root:39
co-8_1-00063	8:1	w-s008-a001-w001	w-s008-a001-w005	س ء ل	ن ف ل	4	1	3	2	1	2	intra_ayah:8:1:root:39
co-8_1-00064	8:1	w-s008-a001-w006	w-s008-a001-w001	ء ل ه	س ء ل	5	4	11	3	37	75	intra_ayah:8:1:root:4
co-8_1-00065	8:1	w-s008-a001-w009	w-s008-a001-w001	ء ل ه	س ء ل	8	4	11	3	37	75	intra_ayah:8:1:root:4
co-8_1-00066	8:1	w-s008-a001-w014	w-s008-a001-w001	ء ل ه	س ء ل	13	4	11	3	37	75	intra_ayah:8:1:root:4
co-8_1-00067	8:1	w-s008-a001-w001	w-s008-a001-w008	س ء ل	و ق ي	7	6	6	1	7	9	intra_ayah:8:1:root:40
co-8_1-00068	8:1	w-s008-a001-w010	w-s008-a001-w013	ص ل ح	ط و ع	3	2	2	1	7	7	intra_ayah:8:1:root:41
co-8_1-00069	8:1	w-s008-a001-w010	w-s008-a001-w004	ص ل ح	ق و ل	6	6	6	1	30	38	intra_ayah:8:1:root:42
co-8_1-00070	8:1	w-s008-a001-w010	w-s008-a001-w017	ص ل ح	ك و ن	7	5	5	1	36	43	intra_ayah:8:1:root:43
co-8_1-00071	8:1	w-s008-a001-w010	w-s008-a001-w003	ص ل ح	ن ف ل	7	5	7	2	2	3	intra_ayah:8:1:root:44
co-8_1-00072	8:1	w-s008-a001-w010	w-s008-a001-w005	ص ل ح	ن ف ل	5	5	7	2	2	3	intra_ayah:8:1:root:44
co-8_1-00073	8:1	w-s008-a001-w010	w-s008-a001-w008	ص ل ح	و ق ي	2	2	2	1	9	16	intra_ayah:8:1:root:45
co-8_1-00074	8:1	w-s008-a001-w013	w-s008-a001-w004	ط و ع	ق و ل	9	8	8	1	32	49	intra_ayah:8:1:root:46
co-8_1-00075	8:1	w-s008-a001-w013	w-s008-a001-w017	ط و ع	ك و ن	4	3	3	1	28	39	intra_ayah:8:1:root:47
co-8_1-00076	8:1	w-s008-a001-w013	w-s008-a001-w003	ط و ع	ن ف ل	10	7	9	2	1	2	intra_ayah:8:1:root:48
co-8_1-00077	8:1	w-s008-a001-w013	w-s008-a001-w005	ط و ع	ن ف ل	8	7	9	2	1	2	intra_ayah:8:1:root:48
co-8_1-00078	8:1	w-s008-a001-w013	w-s008-a001-w008	ط و ع	و ق ي	5	4	4	1	19	23	intra_ayah:8:1:root:49
co-8_1-00079	8:1	w-s008-a001-w006	w-s008-a001-w010	ء ل ه	ص ل ح	4	1	4	3	66	114	intra_ayah:8:1:root:5
co-8_1-00080	8:1	w-s008-a001-w009	w-s008-a001-w010	ء ل ه	ص ل ح	1	1	4	3	66	114	intra_ayah:8:1:root:5
co-8_1-00081	8:1	w-s008-a001-w014	w-s008-a001-w010	ء ل ه	ص ل ح	4	1	4	3	66	114	intra_ayah:8:1:root:5
co-8_1-00082	8:1	w-s008-a001-w004	w-s008-a001-w017	ق و ل	ك و ن	13	11	11	1	369	573	intra_ayah:8:1:root:50
co-8_1-00083	8:1	w-s008-a001-w004	w-s008-a001-w003	ق و ل	ن ف ل	1	1	1	2	1	2	intra_ayah:8:1:root:51
co-8_1-00084	8:1	w-s008-a001-w004	w-s008-a001-w005	ق و ل	ن ف ل	1	1	1	2	1	2	intra_ayah:8:1:root:51
co-8_1-00085	8:1	w-s008-a001-w004	w-s008-a001-w008	ق و ل	و ق ي	4	4	4	1	43	61	intra_ayah:8:1:root:52
co-8_1-00086	8:1	w-s008-a001-w017	w-s008-a001-w003	ك و ن	ن ف ل	14	10	12	2	1	2	intra_ayah:8:1:root:53
co-8_1-00087	8:1	w-s008-a001-w017	w-s008-a001-w005	ك و ن	ن ف ل	12	10	12	2	1	2	intra_ayah:8:1:root:53
co-8_1-00088	8:1	w-s008-a001-w017	w-s008-a001-w008	ك و ن	و ق ي	9	7	7	1	44	58	intra_ayah:8:1:root:54
co-8_1-00089	8:1	w-s008-a001-w003	w-s008-a001-w008	ن ف ل	و ق ي	5	3	5	2	1	2	intra_ayah:8:1:root:55
co-8_1-00090	8:1	w-s008-a001-w005	w-s008-a001-w008	ن ف ل	و ق ي	3	3	5	2	1	2	intra_ayah:8:1:root:55
co-8_1-00091	8:1	w-s008-a001-w006	w-s008-a001-w013	ء ل ه	ط و ع	7	1	6	3	72	125	intra_ayah:8:1:root:6
co-8_1-00092	8:1	w-s008-a001-w009	w-s008-a001-w013	ء ل ه	ط و ع	4	1	6	3	72	125	intra_ayah:8:1:root:6
co-8_1-00093	8:1	w-s008-a001-w014	w-s008-a001-w013	ء ل ه	ط و ع	1	1	6	3	72	125	intra_ayah:8:1:root:6
co-8_1-00094	8:1	w-s008-a001-w006	w-s008-a001-w004	ء ل ه	ق و ل	2	2	9	3	514	1188	intra_ayah:8:1:root:7
co-8_1-00095	8:1	w-s008-a001-w009	w-s008-a001-w004	ء ل ه	ق و ل	5	2	9	3	514	1188	intra_ayah:8:1:root:7
co-8_1-00096	8:1	w-s008-a001-w014	w-s008-a001-w004	ء ل ه	ق و ل	10	2	9	3	514	1188	intra_ayah:8:1:root:7
co-8_1-00097	8:1	w-s008-a001-w006	w-s008-a001-w017	ء ل ه	ك و ن	11	2	9	3	441	974	intra_ayah:8:1:root:8
co-8_1-00098	8:1	w-s008-a001-w009	w-s008-a001-w017	ء ل ه	ك و ن	8	2	9	3	441	974	intra_ayah:8:1:root:8
co-8_1-00099	8:1	w-s008-a001-w014	w-s008-a001-w017	ء ل ه	ك و ن	3	2	9	3	441	974	intra_ayah:8:1:root:8
co-8_1-00100	8:1	w-s008-a001-w006	w-s008-a001-w003	ء ل ه	ن ف ل	3	1	10	6	1	6	intra_ayah:8:1:root:9
co-8_1-00101	8:1	w-s008-a001-w006	w-s008-a001-w005	ء ل ه	ن ف ل	1	1	10	6	1	6	intra_ayah:8:1:root:9
co-8_1-00102	8:1	w-s008-a001-w009	w-s008-a001-w003	ء ل ه	ن ف ل	6	1	10	6	1	6	intra_ayah:8:1:root:9
co-8_1-00103	8:1	w-s008-a001-w009	w-s008-a001-w005	ء ل ه	ن ف ل	4	1	10	6	1	6	intra_ayah:8:1:root:9
co-8_1-00104	8:1	w-s008-a001-w014	w-s008-a001-w003	ء ل ه	ن ف ل	11	1	10	6	1	6	intra_ayah:8:1:root:9
co-8_1-00105	8:1	w-s008-a001-w014	w-s008-a001-w005	ء ل ه	ن ف ل	9	1	10	6	1	6	intra_ayah:8:1:root:9
co-8_2-00106	8:2	w-s008-a002-w006	w-s008-a002-w002	ء ل ه	ء م ن	4	2	6	2	372	843	intra_ayah:8:2:root:1
co-8_2-00107	8:2	w-s008-a002-w006	w-s008-a002-w014	ء ل ه	ء م ن	8	2	6	2	372	843	intra_ayah:8:2:root:1
co-8_2-00108	8:2	w-s008-a002-w002	w-s008-a002-w012	ء م ن	ء ي ي	10	2	6	2	64	84	intra_ayah:8:2:root:10
co-8_2-00109	8:2	w-s008-a002-w014	w-s008-a002-w012	ء م ن	ء ي ي	2	2	6	2	64	84	intra_ayah:8:2:root:10
co-8_2-00110	8:2	w-s008-a002-w002	w-s008-a002-w010	ء م ن	ت ل و	8	3	5	2	12	17	intra_ayah:8:2:root:11
co-8_2-00111	8:2	w-s008-a002-w014	w-s008-a002-w010	ء م ن	ت ل و	4	3	5	2	12	17	intra_ayah:8:2:root:11
co-8_2-00112	8:2	w-s008-a002-w002	w-s008-a002-w005	ء م ن	ذ ك ر	3	1	7	2	32	46	intra_ayah:8:2:root:12
co-8_2-00113	8:2	w-s008-a002-w014	w-s008-a002-w005	ء م ن	ذ ك ر	9	1	7	2	32	46	intra_ayah:8:2:root:12
co-8_2-00114	8:2	w-s008-a002-w002	w-s008-a002-w016	ء م ن	ر ب ب	14	1	9	2	112	177	intra_ayah:8:2:root:13
co-8_2-00115	8:2	w-s008-a002-w014	w-s008-a002-w016	ء م ن	ر ب ب	2	1	9	2	112	177	intra_ayah:8:2:root:13
co-8_2-00116	8:2	w-s008-a002-w002	w-s008-a002-w013	ء م ن	ز ي د	11	1	7	2	14	28	intra_ayah:8:2:root:14
co-8_2-00117	8:2	w-s008-a002-w014	w-s008-a002-w013	ء م ن	ز ي د	1	1	7	2	14	28	intra_ayah:8:2:root:14
co-8_2-00118	8:2	w-s008-a002-w002	w-s008-a002-w008	ء م ن	ق ل ب	6	4	4	2	49	72	intra_ayah:8:2:root:15
co-8_2-00119	8:2	w-s008-a002-w014	w-s008-a002-w008	ء م ن	ق ل ب	6	4	4	2	49	72	intra_ayah:8:2:root:15
co-8_2-00120	8:2	w-s008-a002-w002	w-s008-a002-w007	ء م ن	و ج ل	5	3	5	2	1	2	intra_ayah:8:2:root:16
co-8_2-00121	8:2	w-s008-a002-w014	w-s008-a002-w007	ء م ن	و ج ل	7	3	5	2	1	2	intra_ayah:8:2:root:16
co-8_2-00122	8:2	w-s008-a002-w002	w-s008-a002-w017	ء م ن	و ك ل	15	2	10	2	17	20	intra_ayah:8:2:root:17
co-8_2-00123	8:2	w-s008-a002-w014	w-s008-a002-w017	ء م ن	و ك ل	3	2	10	2	17	20	intra_ayah:8:2:root:17
co-8_2-00124	8:2	w-s008-a002-w012	w-s008-a002-w010	ء ي ي	ت ل و	2	1	1	1	33	37	intra_ayah:8:2:root:18
co-8_2-00125	8:2	w-s008-a002-w012	w-s008-a002-w005	ء ي ي	ذ ك ر	7	5	5	1	24	26	intra_ayah:8:2:root:19
co-8_2-00126	8:2	w-s008-a002-w006	w-s008-a002-w012	ء ل ه	ء ي ي	6	4	4	1	121	199	intra_ayah:8:2:root:2
co-8_2-00127	8:2	w-s008-a002-w012	w-s008-a002-w016	ء ي ي	ر ب ب	4	3	3	1	59	81	intra_ayah:8:2:root:20
co-8_2-00128	8:2	w-s008-a002-w012	w-s008-a002-w013	ء ي ي	ز ي د	1	1	1	1	1	1	intra_ayah:8:2:root:21
co-8_2-00129	8:2	w-s008-a002-w012	w-s008-a002-w008	ء ي ي	ق ل ب	4	2	2	1	10	11	intra_ayah:8:2:root:22
co-8_2-00130	8:2	w-s008-a002-w012	w-s008-a002-w007	ء ي ي	و ج ل	5	3	3	1	1	1	intra_ayah:8:2:root:23
co-8_2-00131	8:2	w-s008-a002-w012	w-s008-a002-w017	ء ي ي	و ك ل	5	4	4	1	2	2	intra_ayah:8:2:root:24
co-8_2-00132	8:2	w-s008-a002-w010	w-s008-a002-w005	ت ل و	ذ ك ر	5	4	4	1	8	8	intra_ayah:8:2:root:25
co-8_2-00133	8:2	w-s008-a002-w010	w-s008-a002-w016	ت ل و	ر ب ب	6	4	4	1	12	13	intra_ayah:8:2:root:26
co-8_2-00134	8:2	w-s008-a002-w010	w-s008-a002-w013	ت ل و	ز ي د	3	2	2	1	1	1	intra_ayah:8:2:root:27
co-8_2-00135	8:2	w-s008-a002-w010	w-s008-a002-w008	ت ل و	ق ل ب	2	1	1	1	1	1	intra_ayah:8:2:root:28
co-8_2-00136	8:2	w-s008-a002-w010	w-s008-a002-w007	ت ل و	و ج ل	3	2	2	1	1	1	intra_ayah:8:2:root:29
co-8_2-00137	8:2	w-s008-a002-w006	w-s008-a002-w010	ء ل ه	ت ل و	4	3	3	1	25	35	intra_ayah:8:2:root:3
co-8_2-00138	8:2	w-s008-a002-w010	w-s008-a002-w017	ت ل و	و ك ل	7	5	5	1	3	3	intra_ayah:8:2:root:30
co-8_2-00139	8:2	w-s008-a002-w005	w-s008-a002-w016	ذ ك ر	ر ب ب	11	8	8	1	48	61	intra_ayah:8:2:root:31
co-8_2-00140	8:2	w-s008-a002-w005	w-s008-a002-w013	ذ ك ر	ز ي د	8	6	6	1	4	6	intra_ayah:8:2:root:32
co-8_2-00141	8:2	w-s008-a002-w005	w-s008-a002-w008	ذ ك ر	ق ل ب	3	3	3	1	19	26	intra_ayah:8:2:root:33
co-8_2-00142	8:2	w-s008-a002-w005	w-s008-a002-w007	ذ ك ر	و ج ل	2	2	2	1	2	2	intra_ayah:8:2:root:34
co-8_2-00143	8:2	w-s008-a002-w005	w-s008-a002-w017	ذ ك ر	و ك ل	12	9	9	1	3	3	intra_ayah:8:2:root:35
co-8_2-00144	8:2	w-s008-a002-w016	w-s008-a002-w013	ر ب ب	ز ي د	3	2	2	1	17	19	intra_ayah:8:2:root:36
co-8_2-00145	8:2	w-s008-a002-w016	w-s008-a002-w008	ر ب ب	ق ل ب	8	5	5	1	25	29	intra_ayah:8:2:root:37
co-8_2-00146	8:2	w-s008-a002-w016	w-s008-a002-w007	ر ب ب	و ج ل	9	6	6	1	2	2	intra_ayah:8:2:root:38
co-8_2-00147	8:2	w-s008-a002-w016	w-s008-a002-w017	ر ب ب	و ك ل	1	1	1	1	20	24	intra_ayah:8:2:root:39
co-8_2-00148	8:2	w-s008-a002-w006	w-s008-a002-w005	ء ل ه	ذ ك ر	1	1	1	1	91	166	intra_ayah:8:2:root:4
co-8_2-00149	8:2	w-s008-a002-w013	w-s008-a002-w008	ز ي د	ق ل ب	5	3	3	1	5	5	intra_ayah:8:2:root:40
co-8_2-00150	8:2	w-s008-a002-w013	w-s008-a002-w007	ز ي د	و ج ل	6	4	4	1	1	1	intra_ayah:8:2:root:41
co-8_2-00151	8:2	w-s008-a002-w013	w-s008-a002-w017	ز ي د	و ك ل	4	3	3	1	2	2	intra_ayah:8:2:root:42
co-8_2-00152	8:2	w-s008-a002-w008	w-s008-a002-w007	ق ل ب	و ج ل	1	1	1	1	3	3	intra_ayah:8:2:root:43
co-8_2-00153	8:2	w-s008-a002-w008	w-s008-a002-w017	ق ل ب	و ك ل	9	6	6	1	3	4	intra_ayah:8:2:root:44
co-8_2-00154	8:2	w-s008-a002-w007	w-s008-a002-w017	و ج ل	و ك ل	10	7	7	1	1	1	intra_ayah:8:2:root:45
co-8_2-00155	8:2	w-s008-a002-w006	w-s008-a002-w016	ء ل ه	ر ب ب	10	7	7	1	204	368	intra_ayah:8:2:root:5
co-8_2-00156	8:2	w-s008-a002-w006	w-s008-a002-w013	ء ل ه	ز ي د	7	5	5	1	24	38	intra_ayah:8:2:root:6
co-8_2-00157	8:2	w-s008-a002-w006	w-s008-a002-w008	ء ل ه	ق ل ب	2	2	2	1	94	178	intra_ayah:8:2:root:7
co-8_2-00158	8:2	w-s008-a002-w006	w-s008-a002-w007	ء ل ه	و ج ل	1	1	1	1	2	2	intra_ayah:8:2:root:8
co-8_2-00159	8:2	w-s008-a002-w006	w-s008-a002-w017	ء ل ه	و ك ل	11	8	8	1	45	108	intra_ayah:8:2:root:9
co-8_3-00160	8:3	w-s008-a003-w005	w-s008-a003-w003	ر ز ق	ص ل و	2	1	1	1	9	10	intra_ayah:8:3:root:1
co-8_3-00161	8:3	w-s008-a003-w005	w-s008-a003-w002	ر ز ق	ق و م	3	2	2	1	22	24	intra_ayah:8:3:root:2
co-8_3-00162	8:3	w-s008-a003-w005	w-s008-a003-w006	ر ز ق	ن ف ق	1	1	1	1	16	19	intra_ayah:8:3:root:3
co-8_3-00163	8:3	w-s008-a003-w003	w-s008-a003-w002	ص ل و	ق و م	1	1	1	1	52	69	intra_ayah:8:3:root:4
co-8_3-00164	8:3	w-s008-a003-w003	w-s008-a003-w006	ص ل و	ن ف ق	3	2	2	1	10	11	intra_ayah:8:3:root:5
co-8_3-00165	8:3	w-s008-a003-w002	w-s008-a003-w006	ق و م	ن ف ق	4	3	3	1	16	18	intra_ayah:8:3:root:6
co-8_4-00166	8:4	w-s008-a004-w003	w-s008-a004-w004	ء م ن	ح ق ق	1	1	1	1	55	66	intra_ayah:8:4:root:1
co-8_4-00167	8:4	w-s008-a004-w004	w-s008-a004-w010	ح ق ق	ر ز ق	6	5	5	1	3	3	intra_ayah:8:4:root:10
co-8_4-00168	8:4	w-s008-a004-w004	w-s008-a004-w007	ح ق ق	ع ن د	3	2	2	1	10	11	intra_ayah:8:4:root:11
co-8_4-00169	8:4	w-s008-a004-w004	w-s008-a004-w009	ح ق ق	غ ف ر	5	4	4	1	5	5	intra_ayah:8:4:root:12
co-8_4-00170	8:4	w-s008-a004-w004	w-s008-a004-w011	ح ق ق	ك ر م	7	6	6	1	4	4	intra_ayah:8:4:root:13
co-8_4-00171	8:4	w-s008-a004-w006	w-s008-a004-w008	د ر ج	ر ب ب	2	2	2	1	5	6	intra_ayah:8:4:root:14
co-8_4-00172	8:4	w-s008-a004-w006	w-s008-a004-w010	د ر ج	ر ز ق	4	4	4	1	1	1	intra_ayah:8:4:root:15
co-8_4-00173	8:4	w-s008-a004-w006	w-s008-a004-w007	د ر ج	ع ن د	1	1	1	1	3	3	intra_ayah:8:4:root:16
co-8_4-00174	8:4	w-s008-a004-w006	w-s008-a004-w009	د ر ج	غ ف ر	3	3	3	1	3	4	intra_ayah:8:4:root:17
co-8_4-00175	8:4	w-s008-a004-w006	w-s008-a004-w011	د ر ج	ك ر م	5	5	5	1	1	1	intra_ayah:8:4:root:18
co-8_4-00176	8:4	w-s008-a004-w008	w-s008-a004-w010	ر ب ب	ر ز ق	2	2	2	1	23	30	intra_ayah:8:4:root:19
co-8_4-00177	8:4	w-s008-a004-w003	w-s008-a004-w006	ء م ن	د ر ج	3	2	2	1	7	8	intra_ayah:8:4:root:2
co-8_4-00178	8:4	w-s008-a004-w008	w-s008-a004-w007	ر ب ب	ع ن د	1	1	1	1	62	74	intra_ayah:8:4:root:20
co-8_4-00179	8:4	w-s008-a004-w008	w-s008-a004-w009	ر ب ب	غ ف ر	1	1	1	1	62	87	intra_ayah:8:4:root:21
co-8_4-00180	8:4	w-s008-a004-w008	w-s008-a004-w011	ر ب ب	ك ر م	3	3	3	1	10	14	intra_ayah:8:4:root:22
co-8_4-00181	8:4	w-s008-a004-w010	w-s008-a004-w007	ر ز ق	ع ن د	3	3	3	1	6	10	intra_ayah:8:4:root:23
co-8_4-00182	8:4	w-s008-a004-w010	w-s008-a004-w009	ر ز ق	غ ف ر	1	1	1	1	6	6	intra_ayah:8:4:root:24
co-8_4-00183	8:4	w-s008-a004-w010	w-s008-a004-w011	ر ز ق	ك ر م	1	1	1	1	7	7	intra_ayah:8:4:root:25
co-8_4-00184	8:4	w-s008-a004-w007	w-s008-a004-w009	ع ن د	غ ف ر	2	2	2	1	6	7	intra_ayah:8:4:root:26
co-8_4-00185	8:4	w-s008-a004-w007	w-s008-a004-w011	ع ن د	ك ر م	4	4	4	1	4	5	intra_ayah:8:4:root:27
co-8_4-00186	8:4	w-s008-a004-w009	w-s008-a004-w011	غ ف ر	ك ر م	2	2	2	1	7	7	intra_ayah:8:4:root:28
co-8_4-00187	8:4	w-s008-a004-w003	w-s008-a004-w008	ء م ن	ر ب ب	5	4	4	1	112	177	intra_ayah:8:4:root:3
co-8_4-00188	8:4	w-s008-a004-w003	w-s008-a004-w010	ء م ن	ر ز ق	7	6	6	1	23	28	intra_ayah:8:4:root:4
co-8_4-00189	8:4	w-s008-a004-w003	w-s008-a004-w007	ء م ن	ع ن د	4	3	3	1	36	44	intra_ayah:8:4:root:5
co-8_4-00190	8:4	w-s008-a004-w003	w-s008-a004-w009	ء م ن	غ ف ر	6	5	5	1	50	84	intra_ayah:8:4:root:6
co-8_4-00191	8:4	w-s008-a004-w003	w-s008-a004-w011	ء م ن	ك ر م	8	7	7	1	4	5	intra_ayah:8:4:root:7
co-8_4-00192	8:4	w-s008-a004-w004	w-s008-a004-w006	ح ق ق	د ر ج	2	1	1	1	2	2	intra_ayah:8:4:root:8
co-8_4-00193	8:4	w-s008-a004-w004	w-s008-a004-w008	ح ق ق	ر ب ب	4	3	3	1	67	84	intra_ayah:8:4:root:9
co-8_5-00194	8:5	w-s008-a005-w010	w-s008-a005-w005	ء م ن	ب ي ت	5	3	3	1	15	20	intra_ayah:8:5:root:1
co-8_5-00195	8:5	w-s008-a005-w005	w-s008-a005-w008	ب ي ت	ف ر ق	3	2	2	1	2	2	intra_ayah:8:5:root:10
co-8_5-00196	8:5	w-s008-a005-w005	w-s008-a005-w011	ب ي ت	ك ر ه	6	4	4	1	1	1	intra_ayah:8:5:root:11
co-8_5-00197	8:5	w-s008-a005-w006	w-s008-a005-w002	ح ق ق	خ ر ج	4	3	3	1	10	11	intra_ayah:8:5:root:12
co-8_5-00198	8:5	w-s008-a005-w006	w-s008-a005-w003	ح ق ق	ر ب ب	3	2	2	1	67	84	intra_ayah:8:5:root:13
co-8_5-00199	8:5	w-s008-a005-w006	w-s008-a005-w008	ح ق ق	ف ر ق	2	1	1	1	4	5	intra_ayah:8:5:root:14
co-8_5-00200	8:5	w-s008-a005-w006	w-s008-a005-w011	ح ق ق	ك ر ه	5	3	3	1	8	12	intra_ayah:8:5:root:15
co-8_5-00201	8:5	w-s008-a005-w002	w-s008-a005-w003	خ ر ج	ر ب ب	1	1	1	1	21	28	intra_ayah:8:5:root:16
co-8_5-00202	8:5	w-s008-a005-w002	w-s008-a005-w008	خ ر ج	ف ر ق	6	4	4	1	3	4	intra_ayah:8:5:root:17
co-8_5-00203	8:5	w-s008-a005-w002	w-s008-a005-w011	خ ر ج	ك ر ه	9	6	6	1	3	3	intra_ayah:8:5:root:18
co-8_5-00204	8:5	w-s008-a005-w003	w-s008-a005-w008	ر ب ب	ف ر ق	5	3	3	1	11	13	intra_ayah:8:5:root:19
co-8_5-00205	8:5	w-s008-a005-w010	w-s008-a005-w006	ء م ن	ح ق ق	4	2	2	1	55	66	intra_ayah:8:5:root:2
co-8_5-00206	8:5	w-s008-a005-w003	w-s008-a005-w011	ر ب ب	ك ر ه	8	5	5	1	6	7	intra_ayah:8:5:root:20
co-8_5-00207	8:5	w-s008-a005-w008	w-s008-a005-w011	ف ر ق	ك ر ه	3	2	2	1	1	1	intra_ayah:8:5:root:21
co-8_5-00208	8:5	w-s008-a005-w010	w-s008-a005-w002	ء م ن	خ ر ج	8	5	5	1	21	32	intra_ayah:8:5:root:3
co-8_5-00209	8:5	w-s008-a005-w010	w-s008-a005-w003	ء م ن	ر ب ب	7	4	4	1	112	177	intra_ayah:8:5:root:4
co-8_5-00210	8:5	w-s008-a005-w010	w-s008-a005-w008	ء م ن	ف ر ق	2	1	1	1	20	24	intra_ayah:8:5:root:5
co-8_5-00211	8:5	w-s008-a005-w010	w-s008-a005-w011	ء م ن	ك ر ه	1	1	1	1	9	13	intra_ayah:8:5:root:6
co-8_5-00212	8:5	w-s008-a005-w005	w-s008-a005-w006	ب ي ت	ح ق ق	1	1	1	1	3	3	intra_ayah:8:5:root:7
co-8_5-00213	8:5	w-s008-a005-w005	w-s008-a005-w002	ب ي ت	خ ر ج	3	2	2	1	4	6	intra_ayah:8:5:root:8
co-8_5-00214	8:5	w-s008-a005-w005	w-s008-a005-w003	ب ي ت	ر ب ب	2	1	1	1	13	14	intra_ayah:8:5:root:9
co-8_6-00215	8:6	w-s008-a006-w004	w-s008-a006-w005	ب ع د	ب ي ن	1	1	1	1	44	65	intra_ayah:8:6:root:1
co-8_6-00216	8:6	w-s008-a006-w005	w-s008-a006-w009	ب ي ن	م و ت	4	2	2	1	11	16	intra_ayah:8:6:root:10
co-8_6-00217	8:6	w-s008-a006-w005	w-s008-a006-w011	ب ي ن	ن ظ ر	6	3	3	1	8	11	intra_ayah:8:6:root:11
co-8_6-00218	8:6	w-s008-a006-w001	w-s008-a006-w003	ج د ل	ح ق ق	2	1	1	1	3	3	intra_ayah:8:6:root:12
co-8_6-00219	8:6	w-s008-a006-w001	w-s008-a006-w007	ج د ل	س و ق	6	4	4	1	1	1	intra_ayah:8:6:root:13
co-8_6-00220	8:6	w-s008-a006-w001	w-s008-a006-w009	ج د ل	م و ت	8	5	5	1	1	1	intra_ayah:8:6:root:14
co-8_6-00221	8:6	w-s008-a006-w001	w-s008-a006-w011	ج د ل	ن ظ ر	10	6	6	1	2	3	intra_ayah:8:6:root:15
co-8_6-00222	8:6	w-s008-a006-w003	w-s008-a006-w007	ح ق ق	س و ق	4	3	3	1	2	2	intra_ayah:8:6:root:16
co-8_6-00223	8:6	w-s008-a006-w003	w-s008-a006-w009	ح ق ق	م و ت	6	4	4	1	7	7	intra_ayah:8:6:root:17
co-8_6-00224	8:6	w-s008-a006-w003	w-s008-a006-w011	ح ق ق	ن ظ ر	8	5	5	1	5	5	intra_ayah:8:6:root:18
co-8_6-00225	8:6	w-s008-a006-w007	w-s008-a006-w009	س و ق	م و ت	2	1	1	1	3	5	intra_ayah:8:6:root:19
co-8_6-00226	8:6	w-s008-a006-w004	w-s008-a006-w001	ب ع د	ج د ل	3	2	2	1	2	2	intra_ayah:8:6:root:2
co-8_6-00227	8:6	w-s008-a006-w007	w-s008-a006-w011	س و ق	ن ظ ر	4	2	2	1	1	1	intra_ayah:8:6:root:20
co-8_6-00228	8:6	w-s008-a006-w009	w-s008-a006-w011	م و ت	ن ظ ر	2	1	1	1	6	13	intra_ayah:8:6:root:21
co-8_6-00229	8:6	w-s008-a006-w004	w-s008-a006-w003	ب ع د	ح ق ق	1	1	1	1	16	19	intra_ayah:8:6:root:3
co-8_6-00230	8:6	w-s008-a006-w004	w-s008-a006-w007	ب ع د	س و ق	3	2	2	1	2	2	intra_ayah:8:6:root:4
co-8_6-00231	8:6	w-s008-a006-w004	w-s008-a006-w009	ب ع د	م و ت	5	3	3	1	17	23	intra_ayah:8:6:root:5
co-8_6-00232	8:6	w-s008-a006-w004	w-s008-a006-w011	ب ع د	ن ظ ر	7	4	4	1	8	10	intra_ayah:8:6:root:6
co-8_6-00233	8:6	w-s008-a006-w005	w-s008-a006-w001	ب ي ن	ج د ل	4	3	3	1	1	1	intra_ayah:8:6:root:7
co-8_6-00234	8:6	w-s008-a006-w005	w-s008-a006-w003	ب ي ن	ح ق ق	2	2	2	1	34	53	intra_ayah:8:6:root:8
co-8_6-00235	8:6	w-s008-a006-w005	w-s008-a006-w007	ب ي ن	س و ق	2	1	1	1	3	3	intra_ayah:8:6:root:9
co-8_7-00236	8:7	w-s008-a007-w004	w-s008-a007-w003	ء ح د	ء ل ه	1	1	7	2	41	67	intra_ayah:8:7:root:1
co-8_7-00237	8:7	w-s008-a007-w004	w-s008-a007-w016	ء ح د	ء ل ه	12	1	7	2	41	67	intra_ayah:8:7:root:1
co-8_7-00238	8:7	w-s008-a007-w004	w-s008-a007-w020	ء ح د	ك ل م	16	10	10	1	3	3	intra_ayah:8:7:root:10
co-8_7-00239	8:7	w-s008-a007-w004	w-s008-a007-w013	ء ح د	ك و ن	9	5	5	1	17	26	intra_ayah:8:7:root:11
co-8_7-00240	8:7	w-s008-a007-w004	w-s008-a007-w008	ء ح د	و د د	4	2	2	1	3	3	intra_ayah:8:7:root:12
co-8_7-00241	8:7	w-s008-a007-w004	w-s008-a007-w002	ء ح د	و ع د	2	2	2	1	2	2	intra_ayah:8:7:root:13
co-8_7-00242	8:7	w-s008-a007-w003	w-s008-a007-w018	ء ل ه	ح ق ق	15	1	10	4	120	236	intra_ayah:8:7:root:14
co-8_7-00243	8:7	w-s008-a007-w003	w-s008-a007-w019	ء ل ه	ح ق ق	16	1	10	4	120	236	intra_ayah:8:7:root:14
co-8_7-00244	8:7	w-s008-a007-w016	w-s008-a007-w018	ء ل ه	ح ق ق	2	1	10	4	120	236	intra_ayah:8:7:root:14
co-8_7-00245	8:7	w-s008-a007-w016	w-s008-a007-w019	ء ل ه	ح ق ق	3	1	10	4	120	236	intra_ayah:8:7:root:14
co-8_7-00246	8:7	w-s008-a007-w003	w-s008-a007-w022	ء ل ه	د ب ر	19	5	13	2	13	17	intra_ayah:8:7:root:15
co-8_7-00247	8:7	w-s008-a007-w016	w-s008-a007-w022	ء ل ه	د ب ر	6	5	13	2	13	17	intra_ayah:8:7:root:15
co-8_7-00248	8:7	w-s008-a007-w003	w-s008-a007-w015	ء ل ه	ر و د	12	1	7	2	65	146	intra_ayah:8:7:root:16
co-8_7-00249	8:7	w-s008-a007-w016	w-s008-a007-w015	ء ل ه	ر و د	1	1	7	2	65	146	intra_ayah:8:7:root:16
co-8_7-00250	8:7	w-s008-a007-w003	w-s008-a007-w012	ء ل ه	ش و ك	9	3	5	2	1	2	intra_ayah:8:7:root:17
co-8_7-00251	8:7	w-s008-a007-w016	w-s008-a007-w012	ء ل ه	ش و ك	4	3	5	2	1	2	intra_ayah:8:7:root:17
co-8_7-00252	8:7	w-s008-a007-w003	w-s008-a007-w005	ء ل ه	ط و ف	2	2	6	2	14	44	intra_ayah:8:7:root:18
co-8_7-00253	8:7	w-s008-a007-w016	w-s008-a007-w005	ء ل ه	ط و ف	11	2	6	2	14	44	intra_ayah:8:7:root:18
co-8_7-00254	8:7	w-s008-a007-w003	w-s008-a007-w010	ء ل ه	غ ي ر	7	4	4	2	86	175	intra_ayah:8:7:root:19
co-8_7-00255	8:7	w-s008-a007-w016	w-s008-a007-w010	ء ل ه	غ ي ر	6	4	4	2	86	175	intra_ayah:8:7:root:19
co-8_7-00256	8:7	w-s008-a007-w004	w-s008-a007-w018	ء ح د	ح ق ق	14	8	9	2	4	8	intra_ayah:8:7:root:2
co-8_7-00257	8:7	w-s008-a007-w004	w-s008-a007-w019	ء ح د	ح ق ق	15	8	9	2	4	8	intra_ayah:8:7:root:2
co-8_7-00258	8:7	w-s008-a007-w003	w-s008-a007-w021	ء ل ه	ق ط ع	18	4	12	2	14	21	intra_ayah:8:7:root:20
co-8_7-00259	8:7	w-s008-a007-w016	w-s008-a007-w021	ء ل ه	ق ط ع	5	4	12	2	14	21	intra_ayah:8:7:root:20
co-8_7-00260	8:7	w-s008-a007-w003	w-s008-a007-w023	ء ل ه	ك ف ر	20	6	14	2	225	443	intra_ayah:8:7:root:21
co-8_7-00261	8:7	w-s008-a007-w016	w-s008-a007-w023	ء ل ه	ك ف ر	7	6	14	2	225	443	intra_ayah:8:7:root:21
co-8_7-00262	8:7	w-s008-a007-w003	w-s008-a007-w020	ء ل ه	ك ل م	17	3	11	2	32	70	intra_ayah:8:7:root:22
co-8_7-00263	8:7	w-s008-a007-w016	w-s008-a007-w020	ء ل ه	ك ل م	4	3	11	2	32	70	intra_ayah:8:7:root:22
co-8_7-00264	8:7	w-s008-a007-w003	w-s008-a007-w013	ء ل ه	ك و ن	10	2	6	2	441	974	intra_ayah:8:7:root:23
co-8_7-00265	8:7	w-s008-a007-w016	w-s008-a007-w013	ء ل ه	ك و ن	3	2	6	2	441	974	intra_ayah:8:7:root:23
co-8_7-00266	8:7	w-s008-a007-w003	w-s008-a007-w008	ء ل ه	و د د	5	3	5	2	16	28	intra_ayah:8:7:root:24
co-8_7-00267	8:7	w-s008-a007-w016	w-s008-a007-w008	ء ل ه	و د د	8	3	5	2	16	28	intra_ayah:8:7:root:24
co-8_7-00268	8:7	w-s008-a007-w003	w-s008-a007-w002	ء ل ه	و ع د	1	1	9	2	50	101	intra_ayah:8:7:root:25
co-8_7-00269	8:7	w-s008-a007-w016	w-s008-a007-w002	ء ل ه	و ع د	14	1	9	2	50	101	intra_ayah:8:7:root:25
co-8_7-00270	8:7	w-s008-a007-w018	w-s008-a007-w022	ح ق ق	د ب ر	4	3	4	2	1	2	intra_ayah:8:7:root:26
co-8_7-00271	8:7	w-s008-a007-w019	w-s008-a007-w022	ح ق ق	د ب ر	3	3	4	2	1	2	intra_ayah:8:7:root:26
co-8_7-00272	8:7	w-s008-a007-w018	w-s008-a007-w015	ح ق ق	ر و د	3	2	3	2	9	11	intra_ayah:8:7:root:27
co-8_7-00273	8:7	w-s008-a007-w019	w-s008-a007-w015	ح ق ق	ر و د	4	2	3	2	9	11	intra_ayah:8:7:root:27
co-8_7-00274	8:7	w-s008-a007-w018	w-s008-a007-w012	ح ق ق	ش و ك	6	4	5	2	1	2	intra_ayah:8:7:root:28
co-8_7-00275	8:7	w-s008-a007-w019	w-s008-a007-w012	ح ق ق	ش و ك	7	4	5	2	1	2	intra_ayah:8:7:root:28
co-8_7-00276	8:7	w-s008-a007-w018	w-s008-a007-w005	ح ق ق	ط و ف	13	7	8	2	2	4	intra_ayah:8:7:root:29
co-8_7-00277	8:7	w-s008-a007-w019	w-s008-a007-w005	ح ق ق	ط و ف	14	7	8	2	2	4	intra_ayah:8:7:root:29
co-8_7-00278	8:7	w-s008-a007-w004	w-s008-a007-w022	ء ح د	د ب ر	18	12	12	1	2	2	intra_ayah:8:7:root:3
co-8_7-00279	8:7	w-s008-a007-w018	w-s008-a007-w010	ح ق ق	غ ي ر	8	5	6	2	22	24	intra_ayah:8:7:root:30
co-8_7-00280	8:7	w-s008-a007-w019	w-s008-a007-w010	ح ق ق	غ ي ر	9	5	6	2	22	24	intra_ayah:8:7:root:30
co-8_7-00281	8:7	w-s008-a007-w018	w-s008-a007-w021	ح ق ق	ق ط ع	3	2	3	2	1	2	intra_ayah:8:7:root:31
co-8_7-00282	8:7	w-s008-a007-w019	w-s008-a007-w021	ح ق ق	ق ط ع	2	2	3	2	1	2	intra_ayah:8:7:root:31
co-8_7-00283	8:7	w-s008-a007-w018	w-s008-a007-w023	ح ق ق	ك ف ر	5	4	5	2	38	45	intra_ayah:8:7:root:32
co-8_7-00284	8:7	w-s008-a007-w019	w-s008-a007-w023	ح ق ق	ك ف ر	4	4	5	2	38	45	intra_ayah:8:7:root:32
co-8_7-00285	8:7	w-s008-a007-w018	w-s008-a007-w020	ح ق ق	ك ل م	2	1	2	2	10	13	intra_ayah:8:7:root:33
co-8_7-00286	8:7	w-s008-a007-w019	w-s008-a007-w020	ح ق ق	ك ل م	1	1	2	2	10	13	intra_ayah:8:7:root:33
co-8_7-00287	8:7	w-s008-a007-w018	w-s008-a007-w013	ح ق ق	ك و ن	5	3	4	2	68	97	intra_ayah:8:7:root:34
co-8_7-00288	8:7	w-s008-a007-w019	w-s008-a007-w013	ح ق ق	ك و ن	6	3	4	2	68	97	intra_ayah:8:7:root:34
co-8_7-00289	8:7	w-s008-a007-w018	w-s008-a007-w008	ح ق ق	و د د	10	6	7	2	3	5	intra_ayah:8:7:root:35
co-8_7-00290	8:7	w-s008-a007-w019	w-s008-a007-w008	ح ق ق	و د د	11	6	7	2	3	5	intra_ayah:8:7:root:35
co-8_7-00291	8:7	w-s008-a007-w018	w-s008-a007-w002	ح ق ق	و ع د	16	10	11	2	23	32	intra_ayah:8:7:root:36
co-8_7-00292	8:7	w-s008-a007-w019	w-s008-a007-w002	ح ق ق	و ع د	17	10	11	2	23	32	intra_ayah:8:7:root:36
co-8_7-00293	8:7	w-s008-a007-w022	w-s008-a007-w015	د ب ر	ر و د	7	6	6	1	2	2	intra_ayah:8:7:root:37
co-8_7-00294	8:7	w-s008-a007-w022	w-s008-a007-w012	د ب ر	ش و ك	10	8	8	1	1	1	intra_ayah:8:7:root:38
co-8_7-00295	8:7	w-s008-a007-w022	w-s008-a007-w005	د ب ر	ط و ف	17	11	11	1	1	1	intra_ayah:8:7:root:39
co-8_7-00296	8:7	w-s008-a007-w004	w-s008-a007-w015	ء ح د	ر و د	11	6	6	1	4	6	intra_ayah:8:7:root:4
co-8_7-00297	8:7	w-s008-a007-w022	w-s008-a007-w010	د ب ر	غ ي ر	12	9	9	1	3	3	intra_ayah:8:7:root:40
co-8_7-00298	8:7	w-s008-a007-w022	w-s008-a007-w021	د ب ر	ق ط ع	1	1	1	1	5	5	intra_ayah:8:7:root:41
co-8_7-00299	8:7	w-s008-a007-w022	w-s008-a007-w023	د ب ر	ك ف ر	1	1	1	1	4	4	intra_ayah:8:7:root:42
co-8_7-00300	8:7	w-s008-a007-w022	w-s008-a007-w020	د ب ر	ك ل م	2	2	2	1	1	1	intra_ayah:8:7:root:43
co-8_7-00301	8:7	w-s008-a007-w022	w-s008-a007-w013	د ب ر	ك و ن	9	7	7	1	7	8	intra_ayah:8:7:root:44
co-8_7-00302	8:7	w-s008-a007-w022	w-s008-a007-w008	د ب ر	و د د	14	10	10	1	1	1	intra_ayah:8:7:root:45
co-8_7-00303	8:7	w-s008-a007-w022	w-s008-a007-w002	د ب ر	و ع د	20	14	14	1	1	1	intra_ayah:8:7:root:46
co-8_7-00304	8:7	w-s008-a007-w015	w-s008-a007-w012	ر و د	ش و ك	3	2	2	1	1	1	intra_ayah:8:7:root:47
co-8_7-00305	8:7	w-s008-a007-w015	w-s008-a007-w005	ر و د	ط و ف	10	5	5	1	2	2	intra_ayah:8:7:root:48
co-8_7-00306	8:7	w-s008-a007-w015	w-s008-a007-w010	ر و د	غ ي ر	5	3	3	1	3	4	intra_ayah:8:7:root:49
co-8_7-00307	8:7	w-s008-a007-w004	w-s008-a007-w012	ء ح د	ش و ك	8	4	4	1	1	1	intra_ayah:8:7:root:5
co-8_7-00308	8:7	w-s008-a007-w015	w-s008-a007-w021	ر و د	ق ط ع	6	5	5	1	1	1	intra_ayah:8:7:root:50
co-8_7-00309	8:7	w-s008-a007-w015	w-s008-a007-w023	ر و د	ك ف ر	8	7	7	1	21	27	intra_ayah:8:7:root:51
co-8_7-00310	8:7	w-s008-a007-w015	w-s008-a007-w020	ر و د	ك ل م	5	4	4	1	5	6	intra_ayah:8:7:root:52
co-8_7-00311	8:7	w-s008-a007-w015	w-s008-a007-w013	ر و د	ك و ن	2	1	1	1	36	66	intra_ayah:8:7:root:53
co-8_7-00312	8:7	w-s008-a007-w015	w-s008-a007-w008	ر و د	و د د	7	4	4	1	1	1	intra_ayah:8:7:root:54
co-8_7-00313	8:7	w-s008-a007-w015	w-s008-a007-w002	ر و د	و ع د	13	8	8	1	3	6	intra_ayah:8:7:root:55
co-8_7-00314	8:7	w-s008-a007-w012	w-s008-a007-w005	ش و ك	ط و ف	7	3	3	1	1	1	intra_ayah:8:7:root:56
co-8_7-00315	8:7	w-s008-a007-w012	w-s008-a007-w010	ش و ك	غ ي ر	2	1	1	1	1	1	intra_ayah:8:7:root:57
co-8_7-00316	8:7	w-s008-a007-w012	w-s008-a007-w021	ش و ك	ق ط ع	9	7	7	1	1	1	intra_ayah:8:7:root:58
co-8_7-00317	8:7	w-s008-a007-w012	w-s008-a007-w023	ش و ك	ك ف ر	11	9	9	1	1	1	intra_ayah:8:7:root:59
co-8_7-00318	8:7	w-s008-a007-w004	w-s008-a007-w005	ء ح د	ط و ف	1	1	1	1	2	2	intra_ayah:8:7:root:6
co-8_7-00319	8:7	w-s008-a007-w012	w-s008-a007-w020	ش و ك	ك ل م	8	6	6	1	1	1	intra_ayah:8:7:root:60
co-8_7-00320	8:7	w-s008-a007-w012	w-s008-a007-w013	ش و ك	ك و ن	1	1	1	1	1	1	intra_ayah:8:7:root:61
co-8_7-00321	8:7	w-s008-a007-w012	w-s008-a007-w008	ش و ك	و د د	4	2	2	1	1	1	intra_ayah:8:7:root:62
co-8_7-00322	8:7	w-s008-a007-w012	w-s008-a007-w002	ش و ك	و ع د	10	6	6	1	1	1	intra_ayah:8:7:root:63
co-8_7-00323	8:7	w-s008-a007-w005	w-s008-a007-w010	ط و ف	غ ي ر	5	2	2	1	3	4	intra_ayah:8:7:root:64
co-8_7-00324	8:7	w-s008-a007-w005	w-s008-a007-w021	ط و ف	ق ط ع	16	10	10	1	1	1	intra_ayah:8:7:root:65
co-8_7-00325	8:7	w-s008-a007-w005	w-s008-a007-w023	ط و ف	ك ف ر	18	12	12	1	5	10	intra_ayah:8:7:root:66
co-8_7-00326	8:7	w-s008-a007-w005	w-s008-a007-w020	ط و ف	ك ل م	15	9	9	1	1	1	intra_ayah:8:7:root:67
co-8_7-00327	8:7	w-s008-a007-w005	w-s008-a007-w013	ط و ف	ك و ن	8	4	4	1	15	29	intra_ayah:8:7:root:68
co-8_7-00328	8:7	w-s008-a007-w005	w-s008-a007-w008	ط و ف	و د د	3	1	1	1	3	4	intra_ayah:8:7:root:69
co-8_7-00329	8:7	w-s008-a007-w004	w-s008-a007-w010	ء ح د	غ ي ر	6	3	3	1	2	2	intra_ayah:8:7:root:7
co-8_7-00330	8:7	w-s008-a007-w005	w-s008-a007-w002	ط و ف	و ع د	3	3	3	1	1	1	intra_ayah:8:7:root:70
co-8_7-00331	8:7	w-s008-a007-w010	w-s008-a007-w021	غ ي ر	ق ط ع	11	8	8	1	3	4	intra_ayah:8:7:root:71
co-8_7-00332	8:7	w-s008-a007-w010	w-s008-a007-w023	غ ي ر	ك ف ر	13	10	10	1	16	20	intra_ayah:8:7:root:72
co-8_7-00333	8:7	w-s008-a007-w010	w-s008-a007-w020	غ ي ر	ك ل م	10	7	7	1	2	2	intra_ayah:8:7:root:73
co-8_7-00334	8:7	w-s008-a007-w010	w-s008-a007-w013	غ ي ر	ك و ن	3	2	2	1	42	59	intra_ayah:8:7:root:74
co-8_7-00335	8:7	w-s008-a007-w010	w-s008-a007-w008	غ ي ر	و د د	2	1	1	1	1	1	intra_ayah:8:7:root:75
co-8_7-00336	8:7	w-s008-a007-w010	w-s008-a007-w002	غ ي ر	و ع د	8	5	5	1	4	5	intra_ayah:8:7:root:76
co-8_7-00337	8:7	w-s008-a007-w021	w-s008-a007-w023	ق ط ع	ك ف ر	2	2	2	1	4	4	intra_ayah:8:7:root:77
co-8_7-00338	8:7	w-s008-a007-w021	w-s008-a007-w020	ق ط ع	ك ل م	1	1	1	1	2	2	intra_ayah:8:7:root:78
co-8_7-00339	8:7	w-s008-a007-w021	w-s008-a007-w013	ق ط ع	ك و ن	8	6	6	1	8	9	intra_ayah:8:7:root:79
co-8_7-00340	8:7	w-s008-a007-w004	w-s008-a007-w021	ء ح د	ق ط ع	17	11	11	1	3	3	intra_ayah:8:7:root:8
co-8_7-00341	8:7	w-s008-a007-w021	w-s008-a007-w008	ق ط ع	و د د	13	9	9	1	1	1	intra_ayah:8:7:root:80
co-8_7-00342	8:7	w-s008-a007-w021	w-s008-a007-w002	ق ط ع	و ع د	19	13	13	1	4	5	intra_ayah:8:7:root:81
co-8_7-00343	8:7	w-s008-a007-w023	w-s008-a007-w020	ك ف ر	ك ل م	3	3	3	1	11	16	intra_ayah:8:7:root:82
co-8_7-00344	8:7	w-s008-a007-w023	w-s008-a007-w013	ك ف ر	ك و ن	10	8	8	1	123	172	intra_ayah:8:7:root:83
co-8_7-00345	8:7	w-s008-a007-w023	w-s008-a007-w008	ك ف ر	و د د	15	11	11	1	10	13	intra_ayah:8:7:root:84
co-8_7-00346	8:7	w-s008-a007-w023	w-s008-a007-w002	ك ف ر	و ع د	21	15	15	1	12	18	intra_ayah:8:7:root:85
co-8_7-00347	8:7	w-s008-a007-w020	w-s008-a007-w013	ك ل م	ك و ن	7	5	5	1	24	28	intra_ayah:8:7:root:86
co-8_7-00348	8:7	w-s008-a007-w020	w-s008-a007-w008	ك ل م	و د د	12	8	8	1	1	1	intra_ayah:8:7:root:87
co-8_7-00349	8:7	w-s008-a007-w020	w-s008-a007-w002	ك ل م	و ع د	18	12	12	1	2	3	intra_ayah:8:7:root:88
co-8_7-00350	8:7	w-s008-a007-w013	w-s008-a007-w008	ك و ن	و د د	5	3	3	1	11	16	intra_ayah:8:7:root:89
co-8_7-00351	8:7	w-s008-a007-w004	w-s008-a007-w023	ء ح د	ك ف ر	19	13	13	1	7	13	intra_ayah:8:7:root:9
co-8_7-00352	8:7	w-s008-a007-w013	w-s008-a007-w002	ك و ن	و ع د	11	7	7	1	39	54	intra_ayah:8:7:root:90
co-8_7-00353	8:7	w-s008-a007-w008	w-s008-a007-w002	و د د	و ع د	6	4	4	1	1	1	intra_ayah:8:7:root:91
co-8_8-00354	8:8	w-s008-a008-w003	w-s008-a008-w007	ب ط ل	ج ر م	4	2	3	2	1	2	intra_ayah:8:8:root:1
co-8_8-00355	8:8	w-s008-a008-w004	w-s008-a008-w007	ب ط ل	ج ر م	3	2	3	2	1	2	intra_ayah:8:8:root:1
co-8_8-00356	8:8	w-s008-a008-w003	w-s008-a008-w001	ب ط ل	ح ق ق	2	1	3	4	15	22	intra_ayah:8:8:root:2
co-8_8-00357	8:8	w-s008-a008-w003	w-s008-a008-w002	ب ط ل	ح ق ق	1	1	3	4	15	22	intra_ayah:8:8:root:2
co-8_8-00358	8:8	w-s008-a008-w004	w-s008-a008-w001	ب ط ل	ح ق ق	3	1	3	4	15	22	intra_ayah:8:8:root:2
co-8_8-00359	8:8	w-s008-a008-w004	w-s008-a008-w002	ب ط ل	ح ق ق	2	1	3	4	15	22	intra_ayah:8:8:root:2
co-8_8-00360	8:8	w-s008-a008-w003	w-s008-a008-w006	ب ط ل	ك ر ه	3	1	2	2	1	2	intra_ayah:8:8:root:3
co-8_8-00361	8:8	w-s008-a008-w004	w-s008-a008-w006	ب ط ل	ك ر ه	2	1	2	2	1	2	intra_ayah:8:8:root:3
co-8_8-00362	8:8	w-s008-a008-w007	w-s008-a008-w001	ج ر م	ح ق ق	6	4	5	2	3	5	intra_ayah:8:8:root:4
co-8_8-00363	8:8	w-s008-a008-w007	w-s008-a008-w002	ج ر م	ح ق ق	5	4	5	2	3	5	intra_ayah:8:8:root:4
co-8_8-00364	8:8	w-s008-a008-w007	w-s008-a008-w006	ج ر م	ك ر ه	1	1	1	1	3	3	intra_ayah:8:8:root:5
co-8_8-00365	8:8	w-s008-a008-w001	w-s008-a008-w006	ح ق ق	ك ر ه	5	3	4	2	8	12	intra_ayah:8:8:root:6
co-8_8-00366	8:8	w-s008-a008-w002	w-s008-a008-w006	ح ق ق	ك ر ه	4	3	4	2	8	12	intra_ayah:8:8:root:6
co-8_9-00367	8:9	w-s008-a009-w008	w-s008-a009-w004	ء ل ف	ج و ب	4	2	2	1	1	1	intra_ayah:8:9:root:1
co-8_9-00368	8:9	w-s008-a009-w004	w-s008-a009-w007	ج و ب	م د د	3	1	1	1	1	1	intra_ayah:8:9:root:10
co-8_9-00369	8:9	w-s008-a009-w004	w-s008-a009-w010	ج و ب	م ل ك	6	3	3	1	1	1	intra_ayah:8:9:root:11
co-8_9-00370	8:9	w-s008-a009-w003	w-s008-a009-w011	ر ب ب	ر د ف	8	5	5	1	1	1	intra_ayah:8:9:root:12
co-8_9-00371	8:9	w-s008-a009-w003	w-s008-a009-w002	ر ب ب	غ و ث	1	1	1	1	2	3	intra_ayah:8:9:root:13
co-8_9-00372	8:9	w-s008-a009-w003	w-s008-a009-w007	ر ب ب	م د د	4	2	2	1	7	11	intra_ayah:8:9:root:14
co-8_9-00373	8:9	w-s008-a009-w003	w-s008-a009-w010	ر ب ب	م ل ك	7	4	4	1	39	47	intra_ayah:8:9:root:15
co-8_9-00374	8:9	w-s008-a009-w011	w-s008-a009-w002	ر د ف	غ و ث	9	6	6	1	1	1	intra_ayah:8:9:root:16
co-8_9-00375	8:9	w-s008-a009-w011	w-s008-a009-w007	ر د ف	م د د	4	3	3	1	1	1	intra_ayah:8:9:root:17
co-8_9-00376	8:9	w-s008-a009-w011	w-s008-a009-w010	ر د ف	م ل ك	1	1	1	1	1	1	intra_ayah:8:9:root:18
co-8_9-00377	8:9	w-s008-a009-w002	w-s008-a009-w007	غ و ث	م د د	5	3	3	1	1	1	intra_ayah:8:9:root:19
co-8_9-00378	8:9	w-s008-a009-w008	w-s008-a009-w003	ء ل ف	ر ب ب	5	3	3	1	4	4	intra_ayah:8:9:root:2
co-8_9-00379	8:9	w-s008-a009-w002	w-s008-a009-w010	غ و ث	م ل ك	8	5	5	1	1	1	intra_ayah:8:9:root:20
co-8_9-00380	8:9	w-s008-a009-w007	w-s008-a009-w010	م د د	م ل ك	3	2	2	1	3	3	intra_ayah:8:9:root:21
co-8_9-00381	8:9	w-s008-a009-w008	w-s008-a009-w011	ء ل ف	ر د ف	3	2	2	1	1	1	intra_ayah:8:9:root:3
co-8_9-00382	8:9	w-s008-a009-w008	w-s008-a009-w002	ء ل ف	غ و ث	6	4	4	1	1	1	intra_ayah:8:9:root:4
co-8_9-00383	8:9	w-s008-a009-w008	w-s008-a009-w007	ء ل ف	م د د	1	1	1	1	3	3	intra_ayah:8:9:root:5
co-8_9-00384	8:9	w-s008-a009-w008	w-s008-a009-w010	ء ل ف	م ل ك	2	1	1	1	4	4	intra_ayah:8:9:root:6
co-8_9-00385	8:9	w-s008-a009-w004	w-s008-a009-w003	ج و ب	ر ب ب	1	1	1	1	10	11	intra_ayah:8:9:root:7
co-8_9-00386	8:9	w-s008-a009-w004	w-s008-a009-w011	ج و ب	ر د ف	7	4	4	1	1	1	intra_ayah:8:9:root:8
co-8_9-00387	8:9	w-s008-a009-w004	w-s008-a009-w002	ج و ب	غ و ث	2	2	2	1	1	1	intra_ayah:8:9:root:9
co-8_10-00388	8:10	w-s008-a010-w003	w-s008-a010-w005	ء ل ه	ب ش ر	2	1	6	3	48	86	intra_ayah:8:10:root:1
co-8_10-00389	8:10	w-s008-a010-w014	w-s008-a010-w005	ء ل ه	ب ش ر	9	1	6	3	48	86	intra_ayah:8:10:root:1
co-8_10-00390	8:10	w-s008-a010-w016	w-s008-a010-w005	ء ل ه	ب ش ر	11	1	6	3	48	86	intra_ayah:8:10:root:1
co-8_10-00391	8:10	w-s008-a010-w005	w-s008-a010-w018	ب ش ر	ح ك م	13	8	8	1	7	7	intra_ayah:8:10:root:10
co-8_10-00392	8:10	w-s008-a010-w005	w-s008-a010-w006	ب ش ر	ط م ن	1	1	1	1	2	2	intra_ayah:8:10:root:11
co-8_10-00393	8:10	w-s008-a010-w005	w-s008-a010-w017	ب ش ر	ع ز ز	12	7	7	1	3	3	intra_ayah:8:10:root:12
co-8_10-00394	8:10	w-s008-a010-w005	w-s008-a010-w013	ب ش ر	ع ن د	8	4	4	1	3	3	intra_ayah:8:10:root:13
co-8_10-00395	8:10	w-s008-a010-w005	w-s008-a010-w008	ب ش ر	ق ل ب	3	2	2	1	6	6	intra_ayah:8:10:root:14
co-8_10-00396	8:10	w-s008-a010-w005	w-s008-a010-w010	ب ش ر	ن ص ر	5	3	3	1	4	4	intra_ayah:8:10:root:15
co-8_10-00397	8:10	w-s008-a010-w002	w-s008-a010-w018	ج ع ل	ح ك م	16	10	10	1	15	16	intra_ayah:8:10:root:16
co-8_10-00398	8:10	w-s008-a010-w002	w-s008-a010-w006	ج ع ل	ط م ن	4	3	3	1	3	3	intra_ayah:8:10:root:17
co-8_10-00399	8:10	w-s008-a010-w002	w-s008-a010-w017	ج ع ل	ع ز ز	15	9	9	1	7	7	intra_ayah:8:10:root:18
co-8_10-00400	8:10	w-s008-a010-w002	w-s008-a010-w013	ج ع ل	ع ن د	11	6	6	1	9	9	intra_ayah:8:10:root:19
co-8_10-00401	8:10	w-s008-a010-w003	w-s008-a010-w002	ء ل ه	ج ع ل	1	1	8	3	118	237	intra_ayah:8:10:root:2
co-8_10-00402	8:10	w-s008-a010-w014	w-s008-a010-w002	ء ل ه	ج ع ل	12	1	8	3	118	237	intra_ayah:8:10:root:2
co-8_10-00403	8:10	w-s008-a010-w016	w-s008-a010-w002	ء ل ه	ج ع ل	14	1	8	3	118	237	intra_ayah:8:10:root:2
co-8_10-00404	8:10	w-s008-a010-w002	w-s008-a010-w008	ج ع ل	ق ل ب	6	4	4	1	17	22	intra_ayah:8:10:root:20
co-8_10-00405	8:10	w-s008-a010-w002	w-s008-a010-w010	ج ع ل	ن ص ر	8	5	5	1	11	13	intra_ayah:8:10:root:21
co-8_10-00406	8:10	w-s008-a010-w018	w-s008-a010-w006	ح ك م	ط م ن	12	7	7	1	3	3	intra_ayah:8:10:root:22
co-8_10-00407	8:10	w-s008-a010-w018	w-s008-a010-w017	ح ك م	ع ز ز	1	1	1	1	49	50	intra_ayah:8:10:root:23
co-8_10-00408	8:10	w-s008-a010-w018	w-s008-a010-w013	ح ك م	ع ن د	5	4	4	1	5	6	intra_ayah:8:10:root:24
co-8_10-00409	8:10	w-s008-a010-w018	w-s008-a010-w008	ح ك م	ق ل ب	10	6	6	1	11	13	intra_ayah:8:10:root:25
co-8_10-00410	8:10	w-s008-a010-w018	w-s008-a010-w010	ح ك م	ن ص ر	8	5	5	1	5	7	intra_ayah:8:10:root:26
co-8_10-00411	8:10	w-s008-a010-w006	w-s008-a010-w017	ط م ن	ع ز ز	11	6	6	1	3	3	intra_ayah:8:10:root:27
co-8_10-00412	8:10	w-s008-a010-w006	w-s008-a010-w013	ط م ن	ع ن د	7	3	3	1	2	2	intra_ayah:8:10:root:28
co-8_10-00413	8:10	w-s008-a010-w006	w-s008-a010-w008	ط م ن	ق ل ب	2	1	1	1	7	10	intra_ayah:8:10:root:29
co-8_10-00414	8:10	w-s008-a010-w003	w-s008-a010-w018	ء ل ه	ح ك م	15	2	9	3	127	252	intra_ayah:8:10:root:3
co-8_10-00415	8:10	w-s008-a010-w014	w-s008-a010-w018	ء ل ه	ح ك م	4	2	9	3	127	252	intra_ayah:8:10:root:3
co-8_10-00416	8:10	w-s008-a010-w016	w-s008-a010-w018	ء ل ه	ح ك م	2	2	9	3	127	252	intra_ayah:8:10:root:3
co-8_10-00417	8:10	w-s008-a010-w006	w-s008-a010-w010	ط م ن	ن ص ر	4	2	2	1	2	2	intra_ayah:8:10:root:30
co-8_10-00418	8:10	w-s008-a010-w017	w-s008-a010-w013	ع ز ز	ع ن د	4	3	3	1	4	5	intra_ayah:8:10:root:31
co-8_10-00419	8:10	w-s008-a010-w017	w-s008-a010-w008	ع ز ز	ق ل ب	9	5	5	1	5	6	intra_ayah:8:10:root:32
co-8_10-00420	8:10	w-s008-a010-w017	w-s008-a010-w010	ع ز ز	ن ص ر	7	4	4	1	7	11	intra_ayah:8:10:root:33
co-8_10-00421	8:10	w-s008-a010-w013	w-s008-a010-w008	ع ن د	ق ل ب	5	2	2	1	11	13	intra_ayah:8:10:root:34
co-8_10-00422	8:10	w-s008-a010-w013	w-s008-a010-w010	ع ن د	ن ص ر	3	1	1	1	5	5	intra_ayah:8:10:root:35
co-8_10-00423	8:10	w-s008-a010-w008	w-s008-a010-w010	ق ل ب	ن ص ر	2	1	1	1	4	5	intra_ayah:8:10:root:36
co-8_10-00424	8:10	w-s008-a010-w003	w-s008-a010-w006	ء ل ه	ط م ن	3	2	5	3	8	17	intra_ayah:8:10:root:4
co-8_10-00425	8:10	w-s008-a010-w014	w-s008-a010-w006	ء ل ه	ط م ن	8	2	5	3	8	17	intra_ayah:8:10:root:4
co-8_10-00426	8:10	w-s008-a010-w016	w-s008-a010-w006	ء ل ه	ط م ن	10	2	5	3	8	17	intra_ayah:8:10:root:4
co-8_10-00427	8:10	w-s008-a010-w003	w-s008-a010-w017	ء ل ه	ع ز ز	14	1	8	3	69	117	intra_ayah:8:10:root:5
co-8_10-00428	8:10	w-s008-a010-w014	w-s008-a010-w017	ء ل ه	ع ز ز	3	1	8	3	69	117	intra_ayah:8:10:root:5
co-8_10-00429	8:10	w-s008-a010-w016	w-s008-a010-w017	ء ل ه	ع ز ز	1	1	8	3	69	117	intra_ayah:8:10:root:5
co-8_10-00430	8:10	w-s008-a010-w003	w-s008-a010-w013	ء ل ه	ع ن د	10	1	5	3	112	219	intra_ayah:8:10:root:6
co-8_10-00431	8:10	w-s008-a010-w014	w-s008-a010-w013	ء ل ه	ع ن د	1	1	5	3	112	219	intra_ayah:8:10:root:6
co-8_10-00432	8:10	w-s008-a010-w016	w-s008-a010-w013	ء ل ه	ع ن د	3	1	5	3	112	219	intra_ayah:8:10:root:6
co-8_10-00433	8:10	w-s008-a010-w003	w-s008-a010-w008	ء ل ه	ق ل ب	5	3	4	3	94	178	intra_ayah:8:10:root:7
co-8_10-00434	8:10	w-s008-a010-w014	w-s008-a010-w008	ء ل ه	ق ل ب	6	3	4	3	94	178	intra_ayah:8:10:root:7
co-8_10-00435	8:10	w-s008-a010-w016	w-s008-a010-w008	ء ل ه	ق ل ب	8	3	4	3	94	178	intra_ayah:8:10:root:7
co-8_10-00436	8:10	w-s008-a010-w003	w-s008-a010-w010	ء ل ه	ن ص ر	7	2	4	3	80	165	intra_ayah:8:10:root:8
co-8_10-00437	8:10	w-s008-a010-w014	w-s008-a010-w010	ء ل ه	ن ص ر	4	2	4	3	80	165	intra_ayah:8:10:root:8
co-8_10-00438	8:10	w-s008-a010-w016	w-s008-a010-w010	ء ل ه	ن ص ر	6	2	4	3	80	165	intra_ayah:8:10:root:8
co-8_10-00439	8:10	w-s008-a010-w005	w-s008-a010-w002	ب ش ر	ج ع ل	3	2	2	1	10	11	intra_ayah:8:10:root:9
co-8_11-00440	8:11	w-s008-a011-w004	w-s008-a011-w020	ء م ن	ث ب ت	16	10	10	1	7	8	intra_ayah:8:11:root:1
co-8_11-00441	8:11	w-s008-a011-w004	w-s008-a011-w019	ء م ن	ق ل ب	15	9	9	1	49	72	intra_ayah:8:11:root:10
co-8_11-00442	8:11	w-s008-a011-w004	w-s008-a011-w010	ء م ن	م و ه	6	3	3	1	6	6	intra_ayah:8:11:root:11
co-8_11-00443	8:11	w-s008-a011-w004	w-s008-a011-w006	ء م ن	ن ز ل	2	1	1	1	54	86	intra_ayah:8:11:root:12
co-8_11-00444	8:11	w-s008-a011-w004	w-s008-a011-w003	ء م ن	ن ع س	1	1	1	1	2	2	intra_ayah:8:11:root:13
co-8_11-00445	8:11	w-s008-a011-w020	w-s008-a011-w013	ث ب ت	ذ ه ب	7	5	5	1	1	1	intra_ayah:8:11:root:14
co-8_11-00446	8:11	w-s008-a011-w020	w-s008-a011-w017	ث ب ت	ر ب ط	3	2	2	1	1	1	intra_ayah:8:11:root:15
co-8_11-00447	8:11	w-s008-a011-w020	w-s008-a011-w015	ث ب ت	ر ج ز	5	4	4	1	1	1	intra_ayah:8:11:root:16
co-8_11-00448	8:11	w-s008-a011-w020	w-s008-a011-w009	ث ب ت	س م و	11	8	8	1	2	2	intra_ayah:8:11:root:17
co-8_11-00449	8:11	w-s008-a011-w020	w-s008-a011-w016	ث ب ت	ش ط ن	4	3	3	1	1	1	intra_ayah:8:11:root:18
co-8_11-00450	8:11	w-s008-a011-w020	w-s008-a011-w011	ث ب ت	ط ه ر	9	6	6	1	1	1	intra_ayah:8:11:root:19
co-8_11-00451	8:11	w-s008-a011-w004	w-s008-a011-w013	ء م ن	ذ ه ب	9	5	5	1	8	10	intra_ayah:8:11:root:2
co-8_11-00452	8:11	w-s008-a011-w020	w-s008-a011-w002	ث ب ت	غ ش و	18	12	12	1	1	1	intra_ayah:8:11:root:20
co-8_11-00453	8:11	w-s008-a011-w020	w-s008-a011-w022	ث ب ت	ق د م	2	1	1	1	5	5	intra_ayah:8:11:root:21
co-8_11-00454	8:11	w-s008-a011-w020	w-s008-a011-w019	ث ب ت	ق ل ب	1	1	1	1	2	2	intra_ayah:8:11:root:22
co-8_11-00455	8:11	w-s008-a011-w020	w-s008-a011-w010	ث ب ت	م و ه	10	7	7	1	1	1	intra_ayah:8:11:root:23
co-8_11-00456	8:11	w-s008-a011-w020	w-s008-a011-w006	ث ب ت	ن ز ل	14	9	9	1	3	3	intra_ayah:8:11:root:24
co-8_11-00457	8:11	w-s008-a011-w020	w-s008-a011-w003	ث ب ت	ن ع س	17	11	11	1	1	1	intra_ayah:8:11:root:25
co-8_11-00458	8:11	w-s008-a011-w013	w-s008-a011-w017	ذ ه ب	ر ب ط	4	3	3	1	1	1	intra_ayah:8:11:root:26
co-8_11-00459	8:11	w-s008-a011-w013	w-s008-a011-w015	ذ ه ب	ر ج ز	2	1	1	1	1	1	intra_ayah:8:11:root:27
co-8_11-00460	8:11	w-s008-a011-w013	w-s008-a011-w009	ذ ه ب	س م و	4	3	3	1	6	6	intra_ayah:8:11:root:28
co-8_11-00461	8:11	w-s008-a011-w013	w-s008-a011-w016	ذ ه ب	ش ط ن	3	2	2	1	1	1	intra_ayah:8:11:root:29
co-8_11-00462	8:11	w-s008-a011-w004	w-s008-a011-w017	ء م ن	ر ب ط	13	8	8	1	3	3	intra_ayah:8:11:root:3
co-8_11-00463	8:11	w-s008-a011-w013	w-s008-a011-w011	ذ ه ب	ط ه ر	2	1	1	1	2	3	intra_ayah:8:11:root:30
co-8_11-00464	8:11	w-s008-a011-w013	w-s008-a011-w002	ذ ه ب	غ ش و	11	7	7	1	2	2	intra_ayah:8:11:root:31
co-8_11-00465	8:11	w-s008-a011-w013	w-s008-a011-w022	ذ ه ب	ق د م	9	6	6	1	1	1	intra_ayah:8:11:root:32
co-8_11-00466	8:11	w-s008-a011-w013	w-s008-a011-w019	ذ ه ب	ق ل ب	6	4	4	1	2	2	intra_ayah:8:11:root:33
co-8_11-00467	8:11	w-s008-a011-w013	w-s008-a011-w010	ذ ه ب	م و ه	3	2	2	1	3	3	intra_ayah:8:11:root:34
co-8_11-00468	8:11	w-s008-a011-w013	w-s008-a011-w006	ذ ه ب	ن ز ل	7	4	4	1	4	4	intra_ayah:8:11:root:35
co-8_11-00469	8:11	w-s008-a011-w013	w-s008-a011-w003	ذ ه ب	ن ع س	10	6	6	1	1	1	intra_ayah:8:11:root:36
co-8_11-00470	8:11	w-s008-a011-w017	w-s008-a011-w015	ر ب ط	ر ج ز	2	2	2	1	1	1	intra_ayah:8:11:root:37
co-8_11-00471	8:11	w-s008-a011-w017	w-s008-a011-w009	ر ب ط	س م و	8	6	6	1	2	2	intra_ayah:8:11:root:38
co-8_11-00472	8:11	w-s008-a011-w017	w-s008-a011-w016	ر ب ط	ش ط ن	1	1	1	1	1	1	intra_ayah:8:11:root:39
co-8_11-00473	8:11	w-s008-a011-w004	w-s008-a011-w015	ء م ن	ر ج ز	11	6	6	1	2	3	intra_ayah:8:11:root:4
co-8_11-00474	8:11	w-s008-a011-w017	w-s008-a011-w011	ر ب ط	ط ه ر	6	4	4	1	1	1	intra_ayah:8:11:root:40
co-8_11-00475	8:11	w-s008-a011-w017	w-s008-a011-w002	ر ب ط	غ ش و	15	10	10	1	1	1	intra_ayah:8:11:root:41
co-8_11-00476	8:11	w-s008-a011-w017	w-s008-a011-w022	ر ب ط	ق د م	5	3	3	1	1	1	intra_ayah:8:11:root:42
co-8_11-00477	8:11	w-s008-a011-w017	w-s008-a011-w019	ر ب ط	ق ل ب	2	1	1	1	3	3	intra_ayah:8:11:root:43
co-8_11-00478	8:11	w-s008-a011-w017	w-s008-a011-w010	ر ب ط	م و ه	7	5	5	1	1	1	intra_ayah:8:11:root:44
co-8_11-00479	8:11	w-s008-a011-w017	w-s008-a011-w006	ر ب ط	ن ز ل	11	7	7	1	1	1	intra_ayah:8:11:root:45
co-8_11-00480	8:11	w-s008-a011-w017	w-s008-a011-w003	ر ب ط	ن ع س	14	9	9	1	1	1	intra_ayah:8:11:root:46
co-8_11-00481	8:11	w-s008-a011-w015	w-s008-a011-w009	ر ج ز	س م و	6	4	4	1	4	4	intra_ayah:8:11:root:47
co-8_11-00482	8:11	w-s008-a011-w015	w-s008-a011-w016	ر ج ز	ش ط ن	1	1	1	1	1	1	intra_ayah:8:11:root:48
co-8_11-00483	8:11	w-s008-a011-w015	w-s008-a011-w011	ر ج ز	ط ه ر	4	2	2	1	1	1	intra_ayah:8:11:root:49
co-8_11-00484	8:11	w-s008-a011-w004	w-s008-a011-w009	ء م ن	س م و	5	2	2	1	26	31	intra_ayah:8:11:root:5
co-8_11-00485	8:11	w-s008-a011-w015	w-s008-a011-w002	ر ج ز	غ ش و	13	8	8	1	1	1	intra_ayah:8:11:root:50
co-8_11-00486	8:11	w-s008-a011-w015	w-s008-a011-w022	ر ج ز	ق د م	7	5	5	1	1	1	intra_ayah:8:11:root:51
co-8_11-00487	8:11	w-s008-a011-w015	w-s008-a011-w019	ر ج ز	ق ل ب	4	3	3	1	1	1	intra_ayah:8:11:root:52
co-8_11-00488	8:11	w-s008-a011-w015	w-s008-a011-w010	ر ج ز	م و ه	5	3	3	1	1	1	intra_ayah:8:11:root:53
co-8_11-00489	8:11	w-s008-a011-w015	w-s008-a011-w006	ر ج ز	ن ز ل	9	5	5	1	3	3	intra_ayah:8:11:root:54
co-8_11-00490	8:11	w-s008-a011-w015	w-s008-a011-w003	ر ج ز	ن ع س	12	7	7	1	1	1	intra_ayah:8:11:root:55
co-8_11-00491	8:11	w-s008-a011-w009	w-s008-a011-w016	س م و	ش ط ن	7	5	5	1	4	4	intra_ayah:8:11:root:56
co-8_11-00492	8:11	w-s008-a011-w009	w-s008-a011-w011	س م و	ط ه ر	2	2	2	1	2	2	intra_ayah:8:11:root:57
co-8_11-00493	8:11	w-s008-a011-w009	w-s008-a011-w002	س م و	غ ش و	7	4	4	1	2	2	intra_ayah:8:11:root:58
co-8_11-00494	8:11	w-s008-a011-w009	w-s008-a011-w022	س م و	ق د م	13	9	9	1	2	2	intra_ayah:8:11:root:59
co-8_11-00495	8:11	w-s008-a011-w004	w-s008-a011-w016	ء م ن	ش ط ن	12	7	7	1	12	17	intra_ayah:8:11:root:6
co-8_11-00496	8:11	w-s008-a011-w009	w-s008-a011-w019	س م و	ق ل ب	10	7	7	1	4	4	intra_ayah:8:11:root:60
co-8_11-00497	8:11	w-s008-a011-w009	w-s008-a011-w010	س م و	م و ه	1	1	1	1	28	35	intra_ayah:8:11:root:61
co-8_11-00498	8:11	w-s008-a011-w009	w-s008-a011-w006	س م و	ن ز ل	3	1	1	1	47	59	intra_ayah:8:11:root:62
co-8_11-00499	8:11	w-s008-a011-w009	w-s008-a011-w003	س م و	ن ع س	6	3	3	1	1	1	intra_ayah:8:11:root:63
co-8_11-00500	8:11	w-s008-a011-w016	w-s008-a011-w011	ش ط ن	ط ه ر	5	3	3	1	1	1	intra_ayah:8:11:root:64
co-8_11-00501	8:11	w-s008-a011-w016	w-s008-a011-w002	ش ط ن	غ ش و	14	9	9	1	1	1	intra_ayah:8:11:root:65
co-8_11-00502	8:11	w-s008-a011-w016	w-s008-a011-w022	ش ط ن	ق د م	6	4	4	1	1	1	intra_ayah:8:11:root:66
co-8_11-00503	8:11	w-s008-a011-w016	w-s008-a011-w019	ش ط ن	ق ل ب	3	2	2	1	3	4	intra_ayah:8:11:root:67
co-8_11-00504	8:11	w-s008-a011-w016	w-s008-a011-w010	ش ط ن	م و ه	6	4	4	1	1	1	intra_ayah:8:11:root:68
co-8_11-00505	8:11	w-s008-a011-w016	w-s008-a011-w006	ش ط ن	ن ز ل	10	6	6	1	6	8	intra_ayah:8:11:root:69
co-8_11-00506	8:11	w-s008-a011-w004	w-s008-a011-w011	ء م ن	ط ه ر	7	4	4	1	9	11	intra_ayah:8:11:root:7
co-8_11-00507	8:11	w-s008-a011-w016	w-s008-a011-w003	ش ط ن	ن ع س	13	8	8	1	1	1	intra_ayah:8:11:root:70
co-8_11-00508	8:11	w-s008-a011-w011	w-s008-a011-w002	ط ه ر	غ ش و	9	6	6	1	1	1	intra_ayah:8:11:root:71
co-8_11-00509	8:11	w-s008-a011-w011	w-s008-a011-w022	ط ه ر	ق د م	11	7	7	1	2	2	intra_ayah:8:11:root:72
co-8_11-00510	8:11	w-s008-a011-w011	w-s008-a011-w019	ط ه ر	ق ل ب	8	5	5	1	3	5	intra_ayah:8:11:root:73
co-8_11-00511	8:11	w-s008-a011-w011	w-s008-a011-w010	ط ه ر	م و ه	1	1	1	1	3	4	intra_ayah:8:11:root:74
co-8_11-00512	8:11	w-s008-a011-w011	w-s008-a011-w006	ط ه ر	ن ز ل	5	3	3	1	2	2	intra_ayah:8:11:root:75
co-8_11-00513	8:11	w-s008-a011-w011	w-s008-a011-w003	ط ه ر	ن ع س	8	5	5	1	1	1	intra_ayah:8:11:root:76
co-8_11-00514	8:11	w-s008-a011-w002	w-s008-a011-w022	غ ش و	ق د م	20	13	13	1	1	1	intra_ayah:8:11:root:77
co-8_11-00515	8:11	w-s008-a011-w002	w-s008-a011-w019	غ ش و	ق ل ب	17	11	11	1	5	5	intra_ayah:8:11:root:78
co-8_11-00516	8:11	w-s008-a011-w002	w-s008-a011-w010	غ ش و	م و ه	8	5	5	1	1	1	intra_ayah:8:11:root:79
co-8_11-00517	8:11	w-s008-a011-w004	w-s008-a011-w002	ء م ن	غ ش و	2	2	2	1	5	5	intra_ayah:8:11:root:8
co-8_11-00518	8:11	w-s008-a011-w002	w-s008-a011-w006	غ ش و	ن ز ل	4	3	3	1	3	4	intra_ayah:8:11:root:80
co-8_11-00519	8:11	w-s008-a011-w002	w-s008-a011-w003	غ ش و	ن ع س	1	1	1	1	2	2	intra_ayah:8:11:root:81
co-8_11-00520	8:11	w-s008-a011-w022	w-s008-a011-w019	ق د م	ق ل ب	3	2	2	1	2	2	intra_ayah:8:11:root:82
co-8_11-00521	8:11	w-s008-a011-w022	w-s008-a011-w010	ق د م	م و ه	12	8	8	1	1	1	intra_ayah:8:11:root:83
co-8_11-00522	8:11	w-s008-a011-w022	w-s008-a011-w006	ق د م	ن ز ل	16	10	10	1	2	2	intra_ayah:8:11:root:84
co-8_11-00523	8:11	w-s008-a011-w022	w-s008-a011-w003	ق د م	ن ع س	19	12	12	1	1	1	intra_ayah:8:11:root:85
co-8_11-00524	8:11	w-s008-a011-w019	w-s008-a011-w010	ق ل ب	م و ه	9	6	6	1	2	2	intra_ayah:8:11:root:86
co-8_11-00525	8:11	w-s008-a011-w019	w-s008-a011-w006	ق ل ب	ن ز ل	13	8	8	1	14	16	intra_ayah:8:11:root:87
co-8_11-00526	8:11	w-s008-a011-w019	w-s008-a011-w003	ق ل ب	ن ع س	16	10	10	1	2	2	intra_ayah:8:11:root:88
co-8_11-00527	8:11	w-s008-a011-w010	w-s008-a011-w006	م و ه	ن ز ل	4	2	2	1	27	27	intra_ayah:8:11:root:89
co-8_11-00528	8:11	w-s008-a011-w004	w-s008-a011-w022	ء م ن	ق د م	18	11	11	1	9	9	intra_ayah:8:11:root:9
co-8_11-00529	8:11	w-s008-a011-w010	w-s008-a011-w003	م و ه	ن ع س	7	4	4	1	1	1	intra_ayah:8:11:root:90
co-8_11-00530	8:11	w-s008-a011-w006	w-s008-a011-w003	ن ز ل	ن ع س	3	2	2	1	2	2	intra_ayah:8:11:root:91
co-8_12-00531	8:12	w-s008-a012-w010	w-s008-a012-w023	ء م ن	ب ن ن	13	10	10	1	1	1	intra_ayah:8:12:root:1
co-8_12-00532	8:12	w-s008-a012-w010	w-s008-a012-w022	ء م ن	ك ل ل	12	9	9	1	42	52	intra_ayah:8:12:root:10
co-8_12-00533	8:12	w-s008-a012-w010	w-s008-a012-w011	ء م ن	ل ق ي	1	1	1	1	20	26	intra_ayah:8:12:root:11
co-8_12-00534	8:12	w-s008-a012-w010	w-s008-a012-w005	ء م ن	م ل ك	5	2	2	1	26	42	intra_ayah:8:12:root:12
co-8_12-00535	8:12	w-s008-a012-w010	w-s008-a012-w002	ء م ن	و ح ي	8	4	4	1	7	9	intra_ayah:8:12:root:13
co-8_12-00536	8:12	w-s008-a012-w023	w-s008-a012-w008	ب ن ن	ث ب ت	15	11	11	1	1	1	intra_ayah:8:12:root:14
co-8_12-00537	8:12	w-s008-a012-w023	w-s008-a012-w003	ب ن ن	ر ب ب	20	13	13	1	1	1	intra_ayah:8:12:root:15
co-8_12-00538	8:12	w-s008-a012-w023	w-s008-a012-w016	ب ن ن	ر ع ب	7	6	6	1	1	1	intra_ayah:8:12:root:16
co-8_12-00539	8:12	w-s008-a012-w023	w-s008-a012-w017	ب ن ن	ض ر ب	6	2	5	2	1	2	intra_ayah:8:12:root:17
co-8_12-00540	8:12	w-s008-a012-w023	w-s008-a012-w020	ب ن ن	ض ر ب	3	2	5	2	1	2	intra_ayah:8:12:root:17
co-8_12-00541	8:12	w-s008-a012-w023	w-s008-a012-w019	ب ن ن	ع ن ق	4	3	3	1	1	1	intra_ayah:8:12:root:18
co-8_12-00542	8:12	w-s008-a012-w023	w-s008-a012-w018	ب ن ن	ف و ق	5	4	4	1	1	1	intra_ayah:8:12:root:19
co-8_12-00543	8:12	w-s008-a012-w010	w-s008-a012-w008	ء م ن	ث ب ت	2	1	1	1	7	8	intra_ayah:8:12:root:2
co-8_12-00544	8:12	w-s008-a012-w023	w-s008-a012-w013	ب ن ن	ق ل ب	10	8	8	1	1	1	intra_ayah:8:12:root:20
co-8_12-00545	8:12	w-s008-a012-w023	w-s008-a012-w015	ب ن ن	ك ف ر	8	7	7	1	1	1	intra_ayah:8:12:root:21
co-8_12-00546	8:12	w-s008-a012-w023	w-s008-a012-w022	ب ن ن	ك ل ل	1	1	1	1	1	1	intra_ayah:8:12:root:22
co-8_12-00547	8:12	w-s008-a012-w023	w-s008-a012-w011	ب ن ن	ل ق ي	12	9	9	1	1	1	intra_ayah:8:12:root:23
co-8_12-00548	8:12	w-s008-a012-w023	w-s008-a012-w005	ب ن ن	م ل ك	18	12	12	1	1	1	intra_ayah:8:12:root:24
co-8_12-00549	8:12	w-s008-a012-w023	w-s008-a012-w002	ب ن ن	و ح ي	21	14	14	1	1	1	intra_ayah:8:12:root:25
co-8_12-00550	8:12	w-s008-a012-w008	w-s008-a012-w003	ث ب ت	ر ب ب	5	2	2	1	4	4	intra_ayah:8:12:root:26
co-8_12-00551	8:12	w-s008-a012-w008	w-s008-a012-w016	ث ب ت	ر ع ب	8	5	5	1	1	1	intra_ayah:8:12:root:27
co-8_12-00552	8:12	w-s008-a012-w008	w-s008-a012-w017	ث ب ت	ض ر ب	9	6	9	2	2	3	intra_ayah:8:12:root:28
co-8_12-00553	8:12	w-s008-a012-w008	w-s008-a012-w020	ث ب ت	ض ر ب	12	6	9	2	2	3	intra_ayah:8:12:root:28
co-8_12-00554	8:12	w-s008-a012-w008	w-s008-a012-w019	ث ب ت	ع ن ق	11	8	8	1	1	1	intra_ayah:8:12:root:29
co-8_12-00555	8:12	w-s008-a012-w010	w-s008-a012-w003	ء م ن	ر ب ب	7	3	3	1	112	177	intra_ayah:8:12:root:3
co-8_12-00556	8:12	w-s008-a012-w008	w-s008-a012-w018	ث ب ت	ف و ق	10	7	7	1	1	1	intra_ayah:8:12:root:30
co-8_12-00557	8:12	w-s008-a012-w008	w-s008-a012-w013	ث ب ت	ق ل ب	5	3	3	1	2	2	intra_ayah:8:12:root:31
co-8_12-00558	8:12	w-s008-a012-w008	w-s008-a012-w015	ث ب ت	ك ف ر	7	4	4	1	5	5	intra_ayah:8:12:root:32
co-8_12-00559	8:12	w-s008-a012-w008	w-s008-a012-w022	ث ب ت	ك ل ل	14	10	10	1	2	2	intra_ayah:8:12:root:33
co-8_12-00560	8:12	w-s008-a012-w008	w-s008-a012-w011	ث ب ت	ل ق ي	3	2	2	1	2	2	intra_ayah:8:12:root:34
co-8_12-00561	8:12	w-s008-a012-w008	w-s008-a012-w005	ث ب ت	م ل ك	3	1	1	1	1	1	intra_ayah:8:12:root:35
co-8_12-00562	8:12	w-s008-a012-w008	w-s008-a012-w002	ث ب ت	و ح ي	6	3	3	1	1	1	intra_ayah:8:12:root:36
co-8_12-00563	8:12	w-s008-a012-w003	w-s008-a012-w016	ر ب ب	ر ع ب	13	7	7	1	1	1	intra_ayah:8:12:root:37
co-8_12-00564	8:12	w-s008-a012-w003	w-s008-a012-w017	ر ب ب	ض ر ب	14	8	11	2	7	8	intra_ayah:8:12:root:38
co-8_12-00565	8:12	w-s008-a012-w003	w-s008-a012-w020	ر ب ب	ض ر ب	17	8	11	2	7	8	intra_ayah:8:12:root:38
co-8_12-00566	8:12	w-s008-a012-w003	w-s008-a012-w019	ر ب ب	ع ن ق	16	10	10	1	2	2	intra_ayah:8:12:root:39
co-8_12-00567	8:12	w-s008-a012-w010	w-s008-a012-w016	ء م ن	ر ع ب	6	4	4	1	2	2	intra_ayah:8:12:root:4
co-8_12-00568	8:12	w-s008-a012-w003	w-s008-a012-w018	ر ب ب	ف و ق	15	9	9	1	11	14	intra_ayah:8:12:root:40
co-8_12-00569	8:12	w-s008-a012-w003	w-s008-a012-w013	ر ب ب	ق ل ب	10	5	5	1	25	29	intra_ayah:8:12:root:41
co-8_12-00570	8:12	w-s008-a012-w003	w-s008-a012-w015	ر ب ب	ك ف ر	12	6	6	1	70	96	intra_ayah:8:12:root:42
co-8_12-00571	8:12	w-s008-a012-w003	w-s008-a012-w022	ر ب ب	ك ل ل	19	12	12	1	52	70	intra_ayah:8:12:root:43
co-8_12-00572	8:12	w-s008-a012-w003	w-s008-a012-w011	ر ب ب	ل ق ي	8	4	4	1	25	27	intra_ayah:8:12:root:44
co-8_12-00573	8:12	w-s008-a012-w003	w-s008-a012-w005	ر ب ب	م ل ك	2	1	1	1	39	47	intra_ayah:8:12:root:45
co-8_12-00574	8:12	w-s008-a012-w003	w-s008-a012-w002	ر ب ب	و ح ي	1	1	1	1	17	19	intra_ayah:8:12:root:46
co-8_12-00575	8:12	w-s008-a012-w016	w-s008-a012-w017	ر ع ب	ض ر ب	1	1	4	2	1	2	intra_ayah:8:12:root:47
co-8_12-00576	8:12	w-s008-a012-w016	w-s008-a012-w020	ر ع ب	ض ر ب	4	1	4	2	1	2	intra_ayah:8:12:root:47
co-8_12-00577	8:12	w-s008-a012-w016	w-s008-a012-w019	ر ع ب	ع ن ق	3	3	3	1	1	1	intra_ayah:8:12:root:48
co-8_12-00578	8:12	w-s008-a012-w016	w-s008-a012-w018	ر ع ب	ف و ق	2	2	2	1	1	1	intra_ayah:8:12:root:49
co-8_12-00579	8:12	w-s008-a012-w010	w-s008-a012-w017	ء م ن	ض ر ب	7	5	8	2	10	15	intra_ayah:8:12:root:5
co-8_12-00580	8:12	w-s008-a012-w010	w-s008-a012-w020	ء م ن	ض ر ب	10	5	8	2	10	15	intra_ayah:8:12:root:5
co-8_12-00581	8:12	w-s008-a012-w016	w-s008-a012-w013	ر ع ب	ق ل ب	3	2	2	1	5	5	intra_ayah:8:12:root:50
co-8_12-00582	8:12	w-s008-a012-w016	w-s008-a012-w015	ر ع ب	ك ف ر	1	1	1	1	3	3	intra_ayah:8:12:root:51
co-8_12-00583	8:12	w-s008-a012-w016	w-s008-a012-w022	ر ع ب	ك ل ل	6	5	5	1	1	1	intra_ayah:8:12:root:52
co-8_12-00584	8:12	w-s008-a012-w016	w-s008-a012-w011	ر ع ب	ل ق ي	5	3	3	1	2	2	intra_ayah:8:12:root:53
co-8_12-00585	8:12	w-s008-a012-w016	w-s008-a012-w005	ر ع ب	م ل ك	11	6	6	1	1	1	intra_ayah:8:12:root:54
co-8_12-00586	8:12	w-s008-a012-w016	w-s008-a012-w002	ر ع ب	و ح ي	14	8	8	1	1	1	intra_ayah:8:12:root:55
co-8_12-00587	8:12	w-s008-a012-w017	w-s008-a012-w019	ض ر ب	ع ن ق	2	1	2	2	1	2	intra_ayah:8:12:root:56
co-8_12-00588	8:12	w-s008-a012-w020	w-s008-a012-w019	ض ر ب	ع ن ق	1	1	2	2	1	2	intra_ayah:8:12:root:56
co-8_12-00589	8:12	w-s008-a012-w017	w-s008-a012-w018	ض ر ب	ف و ق	1	1	2	2	2	3	intra_ayah:8:12:root:57
co-8_12-00590	8:12	w-s008-a012-w020	w-s008-a012-w018	ض ر ب	ف و ق	2	1	2	2	2	3	intra_ayah:8:12:root:57
co-8_12-00591	8:12	w-s008-a012-w017	w-s008-a012-w013	ض ر ب	ق ل ب	4	3	6	2	2	3	intra_ayah:8:12:root:58
co-8_12-00592	8:12	w-s008-a012-w020	w-s008-a012-w013	ض ر ب	ق ل ب	7	3	6	2	2	3	intra_ayah:8:12:root:58
co-8_12-00593	8:12	w-s008-a012-w017	w-s008-a012-w015	ض ر ب	ك ف ر	2	2	5	2	12	15	intra_ayah:8:12:root:59
co-8_12-00594	8:12	w-s008-a012-w020	w-s008-a012-w015	ض ر ب	ك ف ر	5	2	5	2	12	15	intra_ayah:8:12:root:59
co-8_12-00595	8:12	w-s008-a012-w010	w-s008-a012-w019	ء م ن	ع ن ق	9	7	7	1	1	1	intra_ayah:8:12:root:6
co-8_12-00596	8:12	w-s008-a012-w017	w-s008-a012-w022	ض ر ب	ك ل ل	5	1	4	2	12	14	intra_ayah:8:12:root:60
co-8_12-00597	8:12	w-s008-a012-w020	w-s008-a012-w022	ض ر ب	ك ل ل	2	1	4	2	12	14	intra_ayah:8:12:root:60
co-8_12-00598	8:12	w-s008-a012-w017	w-s008-a012-w011	ض ر ب	ل ق ي	6	4	7	2	3	4	intra_ayah:8:12:root:61
co-8_12-00599	8:12	w-s008-a012-w020	w-s008-a012-w011	ض ر ب	ل ق ي	9	4	7	2	3	4	intra_ayah:8:12:root:61
co-8_12-00600	8:12	w-s008-a012-w017	w-s008-a012-w005	ض ر ب	م ل ك	12	7	10	2	6	8	intra_ayah:8:12:root:62
co-8_12-00601	8:12	w-s008-a012-w020	w-s008-a012-w005	ض ر ب	م ل ك	15	7	10	2	6	8	intra_ayah:8:12:root:62
co-8_12-00602	8:12	w-s008-a012-w017	w-s008-a012-w002	ض ر ب	و ح ي	15	9	12	2	4	5	intra_ayah:8:12:root:63
co-8_12-00603	8:12	w-s008-a012-w020	w-s008-a012-w002	ض ر ب	و ح ي	18	9	12	2	4	5	intra_ayah:8:12:root:63
co-8_12-00604	8:12	w-s008-a012-w019	w-s008-a012-w018	ع ن ق	ف و ق	1	1	1	1	1	1	intra_ayah:8:12:root:64
co-8_12-00605	8:12	w-s008-a012-w019	w-s008-a012-w013	ع ن ق	ق ل ب	6	5	5	1	1	1	intra_ayah:8:12:root:65
co-8_12-00606	8:12	w-s008-a012-w019	w-s008-a012-w015	ع ن ق	ك ف ر	4	4	4	1	3	4	intra_ayah:8:12:root:66
co-8_12-00607	8:12	w-s008-a012-w019	w-s008-a012-w022	ع ن ق	ك ل ل	3	2	2	1	3	3	intra_ayah:8:12:root:67
co-8_12-00608	8:12	w-s008-a012-w019	w-s008-a012-w011	ع ن ق	ل ق ي	8	6	6	1	2	2	intra_ayah:8:12:root:68
co-8_12-00609	8:12	w-s008-a012-w019	w-s008-a012-w005	ع ن ق	م ل ك	14	9	9	1	1	1	intra_ayah:8:12:root:69
co-8_12-00610	8:12	w-s008-a012-w010	w-s008-a012-w018	ء م ن	ف و ق	8	6	6	1	6	7	intra_ayah:8:12:root:7
co-8_12-00611	8:12	w-s008-a012-w019	w-s008-a012-w002	ع ن ق	و ح ي	17	11	11	1	1	1	intra_ayah:8:12:root:70
co-8_12-00612	8:12	w-s008-a012-w018	w-s008-a012-w013	ف و ق	ق ل ب	5	4	4	1	3	3	intra_ayah:8:12:root:71
co-8_12-00613	8:12	w-s008-a012-w018	w-s008-a012-w015	ف و ق	ك ف ر	3	3	3	1	7	8	intra_ayah:8:12:root:72
co-8_12-00614	8:12	w-s008-a012-w018	w-s008-a012-w022	ف و ق	ك ل ل	4	3	3	1	4	4	intra_ayah:8:12:root:73
co-8_12-00615	8:12	w-s008-a012-w018	w-s008-a012-w011	ف و ق	ل ق ي	7	5	5	1	1	1	intra_ayah:8:12:root:74
co-8_12-00616	8:12	w-s008-a012-w018	w-s008-a012-w005	ف و ق	م ل ك	13	8	8	1	4	4	intra_ayah:8:12:root:75
co-8_12-00617	8:12	w-s008-a012-w018	w-s008-a012-w002	ف و ق	و ح ي	16	10	10	1	1	1	intra_ayah:8:12:root:76
co-8_12-00618	8:12	w-s008-a012-w013	w-s008-a012-w015	ق ل ب	ك ف ر	2	1	1	1	21	25	intra_ayah:8:12:root:77
co-8_12-00619	8:12	w-s008-a012-w013	w-s008-a012-w022	ق ل ب	ك ل ل	9	7	7	1	9	9	intra_ayah:8:12:root:78
co-8_12-00620	8:12	w-s008-a012-w013	w-s008-a012-w011	ق ل ب	ل ق ي	2	1	1	1	5	6	intra_ayah:8:12:root:79
co-8_12-00621	8:12	w-s008-a012-w010	w-s008-a012-w013	ء م ن	ق ل ب	3	2	2	1	49	72	intra_ayah:8:12:root:8
co-8_12-00622	8:12	w-s008-a012-w013	w-s008-a012-w005	ق ل ب	م ل ك	8	4	4	1	5	6	intra_ayah:8:12:root:80
co-8_12-00623	8:12	w-s008-a012-w013	w-s008-a012-w002	ق ل ب	و ح ي	11	6	6	1	1	1	intra_ayah:8:12:root:81
co-8_12-00624	8:12	w-s008-a012-w015	w-s008-a012-w022	ك ف ر	ك ل ل	7	6	6	1	25	27	intra_ayah:8:12:root:82
co-8_12-00625	8:12	w-s008-a012-w015	w-s008-a012-w011	ك ف ر	ل ق ي	4	2	2	1	17	18	intra_ayah:8:12:root:83
co-8_12-00626	8:12	w-s008-a012-w015	w-s008-a012-w005	ك ف ر	م ل ك	10	5	5	1	16	24	intra_ayah:8:12:root:84
co-8_12-00627	8:12	w-s008-a012-w015	w-s008-a012-w002	ك ف ر	و ح ي	13	7	7	1	4	4	intra_ayah:8:12:root:85
co-8_12-00628	8:12	w-s008-a012-w022	w-s008-a012-w011	ك ل ل	ل ق ي	11	8	8	1	14	15	intra_ayah:8:12:root:86
co-8_12-00629	8:12	w-s008-a012-w022	w-s008-a012-w005	ك ل ل	م ل ك	17	11	11	1	31	37	intra_ayah:8:12:root:87
co-8_12-00630	8:12	w-s008-a012-w022	w-s008-a012-w002	ك ل ل	و ح ي	20	13	13	1	7	8	intra_ayah:8:12:root:88
co-8_12-00631	8:12	w-s008-a012-w011	w-s008-a012-w005	ل ق ي	م ل ك	6	3	3	1	6	6	intra_ayah:8:12:root:89
co-8_12-00632	8:12	w-s008-a012-w010	w-s008-a012-w015	ء م ن	ك ف ر	5	3	3	1	126	190	intra_ayah:8:12:root:9
co-8_12-00633	8:12	w-s008-a012-w011	w-s008-a012-w002	ل ق ي	و ح ي	9	5	5	1	7	8	intra_ayah:8:12:root:90
co-8_12-00634	8:12	w-s008-a012-w005	w-s008-a012-w002	م ل ك	و ح ي	3	2	2	1	5	6	intra_ayah:8:12:root:91
co-8_13-00635	8:13	w-s008-a013-w004	w-s008-a013-w005	ء ل ه	ر س ل	1	1	4	6	211	488	intra_ayah:8:13:root:1
co-8_13-00636	8:13	w-s008-a013-w004	w-s008-a013-w009	ء ل ه	ر س ل	5	1	4	6	211	488	intra_ayah:8:13:root:1
co-8_13-00637	8:13	w-s008-a013-w008	w-s008-a013-w005	ء ل ه	ر س ل	3	1	4	6	211	488	intra_ayah:8:13:root:1
co-8_13-00638	8:13	w-s008-a013-w008	w-s008-a013-w009	ء ل ه	ر س ل	1	1	4	6	211	488	intra_ayah:8:13:root:1
co-8_13-00639	8:13	w-s008-a013-w011	w-s008-a013-w005	ء ل ه	ر س ل	6	1	4	6	211	488	intra_ayah:8:13:root:1
co-8_13-00640	8:13	w-s008-a013-w011	w-s008-a013-w009	ء ل ه	ر س ل	2	1	4	6	211	488	intra_ayah:8:13:root:1
co-8_13-00641	8:13	w-s008-a013-w003	w-s008-a013-w013	ش ق ق	ع ق ب	10	5	8	2	2	4	intra_ayah:8:13:root:10
co-8_13-00642	8:13	w-s008-a013-w007	w-s008-a013-w013	ش ق ق	ع ق ب	6	5	8	2	2	4	intra_ayah:8:13:root:10
co-8_13-00643	8:13	w-s008-a013-w004	w-s008-a013-w012	ء ل ه	ش د د	8	1	6	3	47	94	intra_ayah:8:13:root:2
co-8_13-00644	8:13	w-s008-a013-w008	w-s008-a013-w012	ء ل ه	ش د د	4	1	6	3	47	94	intra_ayah:8:13:root:2
co-8_13-00645	8:13	w-s008-a013-w011	w-s008-a013-w012	ء ل ه	ش د د	1	1	6	3	47	94	intra_ayah:8:13:root:2
co-8_13-00646	8:13	w-s008-a013-w004	w-s008-a013-w003	ء ل ه	ش ق ق	1	1	6	6	11	25	intra_ayah:8:13:root:3
co-8_13-00647	8:13	w-s008-a013-w004	w-s008-a013-w007	ء ل ه	ش ق ق	3	1	6	6	11	25	intra_ayah:8:13:root:3
co-8_13-00648	8:13	w-s008-a013-w008	w-s008-a013-w003	ء ل ه	ش ق ق	5	1	6	6	11	25	intra_ayah:8:13:root:3
co-8_13-00649	8:13	w-s008-a013-w008	w-s008-a013-w007	ء ل ه	ش ق ق	1	1	6	6	11	25	intra_ayah:8:13:root:3
co-8_13-00650	8:13	w-s008-a013-w011	w-s008-a013-w003	ء ل ه	ش ق ق	8	1	6	6	11	25	intra_ayah:8:13:root:3
co-8_13-00651	8:13	w-s008-a013-w011	w-s008-a013-w007	ء ل ه	ش ق ق	4	1	6	6	11	25	intra_ayah:8:13:root:3
co-8_13-00652	8:13	w-s008-a013-w004	w-s008-a013-w013	ء ل ه	ع ق ب	9	2	7	3	33	68	intra_ayah:8:13:root:4
co-8_13-00653	8:13	w-s008-a013-w008	w-s008-a013-w013	ء ل ه	ع ق ب	5	2	7	3	33	68	intra_ayah:8:13:root:4
co-8_13-00654	8:13	w-s008-a013-w011	w-s008-a013-w013	ء ل ه	ع ق ب	2	2	7	3	33	68	intra_ayah:8:13:root:4
co-8_13-00655	8:13	w-s008-a013-w005	w-s008-a013-w012	ر س ل	ش د د	7	2	5	2	12	18	intra_ayah:8:13:root:5
co-8_13-00656	8:13	w-s008-a013-w009	w-s008-a013-w012	ر س ل	ش د د	3	2	5	2	12	18	intra_ayah:8:13:root:5
co-8_13-00657	8:13	w-s008-a013-w005	w-s008-a013-w003	ر س ل	ش ق ق	2	1	5	4	4	8	intra_ayah:8:13:root:6
co-8_13-00658	8:13	w-s008-a013-w005	w-s008-a013-w007	ر س ل	ش ق ق	2	1	5	4	4	8	intra_ayah:8:13:root:6
co-8_13-00659	8:13	w-s008-a013-w009	w-s008-a013-w003	ر س ل	ش ق ق	6	1	5	4	4	8	intra_ayah:8:13:root:6
co-8_13-00660	8:13	w-s008-a013-w009	w-s008-a013-w007	ر س ل	ش ق ق	2	1	5	4	4	8	intra_ayah:8:13:root:6
co-8_13-00661	8:13	w-s008-a013-w005	w-s008-a013-w013	ر س ل	ع ق ب	8	3	6	2	14	21	intra_ayah:8:13:root:7
co-8_13-00662	8:13	w-s008-a013-w009	w-s008-a013-w013	ر س ل	ع ق ب	4	3	6	2	14	21	intra_ayah:8:13:root:7
co-8_13-00663	8:13	w-s008-a013-w012	w-s008-a013-w003	ش د د	ش ق ق	9	4	7	2	3	5	intra_ayah:8:13:root:8
co-8_13-00664	8:13	w-s008-a013-w012	w-s008-a013-w007	ش د د	ش ق ق	5	4	7	2	3	5	intra_ayah:8:13:root:8
co-8_13-00665	8:13	w-s008-a013-w012	w-s008-a013-w013	ش د د	ع ق ب	1	1	1	1	18	19	intra_ayah:8:13:root:9
co-8_14-00666	8:14	w-s008-a014-w002	w-s008-a014-w005	ذ و ق	ع ذ ب	3	2	2	1	36	40	intra_ayah:8:14:root:1
co-8_14-00667	8:14	w-s008-a014-w002	w-s008-a014-w004	ذ و ق	ك ف ر	2	1	1	1	16	19	intra_ayah:8:14:root:2
co-8_14-00668	8:14	w-s008-a014-w002	w-s008-a014-w006	ذ و ق	ن و ر	4	3	3	1	8	9	intra_ayah:8:14:root:3
co-8_14-00669	8:14	w-s008-a014-w005	w-s008-a014-w004	ع ذ ب	ك ف ر	1	1	1	1	68	92	intra_ayah:8:14:root:4
co-8_14-00670	8:14	w-s008-a014-w005	w-s008-a014-w006	ع ذ ب	ن و ر	1	1	1	1	23	27	intra_ayah:8:14:root:5
co-8_14-00671	8:14	w-s008-a014-w004	w-s008-a014-w006	ك ف ر	ن و ر	2	2	2	1	44	55	intra_ayah:8:14:root:6
co-8_15-00672	8:15	w-s008-a015-w003	w-s008-a015-w011	ء م ن	د ب ر	8	5	5	1	4	4	intra_ayah:8:15:root:1
co-8_15-00673	8:15	w-s008-a015-w008	w-s008-a015-w007	ز ح ف	ك ف ر	1	1	1	1	1	1	intra_ayah:8:15:root:10
co-8_15-00674	8:15	w-s008-a015-w008	w-s008-a015-w005	ز ح ف	ل ق ي	3	2	2	1	1	1	intra_ayah:8:15:root:11
co-8_15-00675	8:15	w-s008-a015-w008	w-s008-a015-w010	ز ح ف	و ل ي	2	1	1	1	1	1	intra_ayah:8:15:root:12
co-8_15-00676	8:15	w-s008-a015-w007	w-s008-a015-w005	ك ف ر	ل ق ي	2	1	1	1	17	18	intra_ayah:8:15:root:13
co-8_15-00677	8:15	w-s008-a015-w007	w-s008-a015-w010	ك ف ر	و ل ي	3	2	2	1	27	40	intra_ayah:8:15:root:14
co-8_15-00678	8:15	w-s008-a015-w005	w-s008-a015-w010	ل ق ي	و ل ي	5	3	3	1	6	6	intra_ayah:8:15:root:15
co-8_15-00679	8:15	w-s008-a015-w003	w-s008-a015-w008	ء م ن	ز ح ف	5	3	3	1	1	1	intra_ayah:8:15:root:2
co-8_15-00680	8:15	w-s008-a015-w003	w-s008-a015-w007	ء م ن	ك ف ر	4	2	2	1	126	190	intra_ayah:8:15:root:3
co-8_15-00681	8:15	w-s008-a015-w003	w-s008-a015-w005	ء م ن	ل ق ي	2	1	1	1	20	26	intra_ayah:8:15:root:4
co-8_15-00682	8:15	w-s008-a015-w003	w-s008-a015-w010	ء م ن	و ل ي	7	4	4	1	38	64	intra_ayah:8:15:root:5
co-8_15-00683	8:15	w-s008-a015-w011	w-s008-a015-w008	د ب ر	ز ح ف	3	2	2	1	1	1	intra_ayah:8:15:root:6
co-8_15-00684	8:15	w-s008-a015-w011	w-s008-a015-w007	د ب ر	ك ف ر	4	3	3	1	4	4	intra_ayah:8:15:root:7
co-8_15-00685	8:15	w-s008-a015-w011	w-s008-a015-w005	د ب ر	ل ق ي	6	4	4	1	4	4	intra_ayah:8:15:root:8
co-8_15-00686	8:15	w-s008-a015-w011	w-s008-a015-w010	د ب ر	و ل ي	1	1	1	1	17	18	intra_ayah:8:15:root:9
co-8_16-00687	8:16	w-s008-a016-w016	w-s008-a016-w017	ء ل ه	ء و ي	1	1	1	1	14	20	intra_ayah:8:16:root:1
co-8_16-00688	8:16	w-s008-a016-w016	w-s008-a016-w007	ء ل ه	ق ت ل	9	5	5	1	79	225	intra_ayah:8:16:root:10
co-8_16-00689	8:16	w-s008-a016-w016	w-s008-a016-w002	ء ل ه	و ل ي	14	8	8	1	124	209	intra_ayah:8:16:root:11
co-8_16-00690	8:16	w-s008-a016-w017	w-s008-a016-w019	ء و ي	ب ء س	2	1	1	1	10	10	intra_ayah:8:16:root:12
co-8_16-00691	8:16	w-s008-a016-w017	w-s008-a016-w013	ء و ي	ب و ء	4	3	3	1	2	2	intra_ayah:8:16:root:13
co-8_16-00692	8:16	w-s008-a016-w017	w-s008-a016-w006	ء و ي	ح ر ف	11	7	7	1	1	1	intra_ayah:8:16:root:14
co-8_16-00693	8:16	w-s008-a016-w017	w-s008-a016-w009	ء و ي	ح و ز	8	5	5	1	1	1	intra_ayah:8:16:root:15
co-8_16-00694	8:16	w-s008-a016-w017	w-s008-a016-w004	ء و ي	د ب ر	13	8	8	1	1	1	intra_ayah:8:16:root:16
co-8_16-00695	8:16	w-s008-a016-w017	w-s008-a016-w020	ء و ي	ص ي ر	3	2	2	1	7	7	intra_ayah:8:16:root:17
co-8_16-00696	8:16	w-s008-a016-w017	w-s008-a016-w014	ء و ي	غ ض ب	3	2	2	1	1	1	intra_ayah:8:16:root:18
co-8_16-00697	8:16	w-s008-a016-w017	w-s008-a016-w011	ء و ي	ف ء ي	6	4	4	1	1	1	intra_ayah:8:16:root:19
co-8_16-00698	8:16	w-s008-a016-w016	w-s008-a016-w019	ء ل ه	ب ء س	3	2	2	1	24	36	intra_ayah:8:16:root:2
co-8_16-00699	8:16	w-s008-a016-w017	w-s008-a016-w007	ء و ي	ق ت ل	10	6	6	1	1	1	intra_ayah:8:16:root:20
co-8_16-00700	8:16	w-s008-a016-w017	w-s008-a016-w002	ء و ي	و ل ي	15	9	9	1	4	5	intra_ayah:8:16:root:21
co-8_16-00701	8:16	w-s008-a016-w019	w-s008-a016-w013	ب ء س	ب و ء	6	4	4	1	3	3	intra_ayah:8:16:root:22
co-8_16-00702	8:16	w-s008-a016-w019	w-s008-a016-w006	ب ء س	ح ر ف	13	8	8	1	1	1	intra_ayah:8:16:root:23
co-8_16-00703	8:16	w-s008-a016-w019	w-s008-a016-w009	ب ء س	ح و ز	10	6	6	1	1	1	intra_ayah:8:16:root:24
co-8_16-00704	8:16	w-s008-a016-w019	w-s008-a016-w004	ب ء س	د ب ر	15	9	9	1	1	1	intra_ayah:8:16:root:25
co-8_16-00705	8:16	w-s008-a016-w019	w-s008-a016-w020	ب ء س	ص ي ر	1	1	1	1	11	11	intra_ayah:8:16:root:26
co-8_16-00706	8:16	w-s008-a016-w019	w-s008-a016-w014	ب ء س	غ ض ب	5	3	3	1	3	4	intra_ayah:8:16:root:27
co-8_16-00707	8:16	w-s008-a016-w019	w-s008-a016-w011	ب ء س	ف ء ي	8	5	5	1	1	1	intra_ayah:8:16:root:28
co-8_16-00708	8:16	w-s008-a016-w019	w-s008-a016-w007	ب ء س	ق ت ل	12	7	7	1	5	6	intra_ayah:8:16:root:29
co-8_16-00709	8:16	w-s008-a016-w016	w-s008-a016-w013	ء ل ه	ب و ء	3	2	2	1	9	14	intra_ayah:8:16:root:3
co-8_16-00710	8:16	w-s008-a016-w019	w-s008-a016-w002	ب ء س	و ل ي	17	10	10	1	7	10	intra_ayah:8:16:root:30
co-8_16-00711	8:16	w-s008-a016-w013	w-s008-a016-w006	ب و ء	ح ر ف	7	4	4	1	1	1	intra_ayah:8:16:root:31
co-8_16-00712	8:16	w-s008-a016-w013	w-s008-a016-w009	ب و ء	ح و ز	4	2	2	1	1	1	intra_ayah:8:16:root:32
co-8_16-00713	8:16	w-s008-a016-w013	w-s008-a016-w004	ب و ء	د ب ر	9	5	5	1	1	1	intra_ayah:8:16:root:33
co-8_16-00714	8:16	w-s008-a016-w013	w-s008-a016-w020	ب و ء	ص ي ر	7	5	5	1	2	2	intra_ayah:8:16:root:34
co-8_16-00715	8:16	w-s008-a016-w013	w-s008-a016-w014	ب و ء	غ ض ب	1	1	1	1	4	5	intra_ayah:8:16:root:35
co-8_16-00716	8:16	w-s008-a016-w013	w-s008-a016-w011	ب و ء	ف ء ي	2	1	1	1	1	1	intra_ayah:8:16:root:36
co-8_16-00717	8:16	w-s008-a016-w013	w-s008-a016-w007	ب و ء	ق ت ل	6	3	3	1	4	4	intra_ayah:8:16:root:37
co-8_16-00718	8:16	w-s008-a016-w013	w-s008-a016-w002	ب و ء	و ل ي	11	6	6	1	1	1	intra_ayah:8:16:root:38
co-8_16-00719	8:16	w-s008-a016-w006	w-s008-a016-w009	ح ر ف	ح و ز	3	2	2	1	1	1	intra_ayah:8:16:root:39
co-8_16-00720	8:16	w-s008-a016-w016	w-s008-a016-w006	ء ل ه	ح ر ف	10	6	6	1	6	8	intra_ayah:8:16:root:4
co-8_16-00721	8:16	w-s008-a016-w006	w-s008-a016-w004	ح ر ف	د ب ر	2	1	1	1	1	1	intra_ayah:8:16:root:40
co-8_16-00722	8:16	w-s008-a016-w006	w-s008-a016-w020	ح ر ف	ص ي ر	14	9	9	1	1	1	intra_ayah:8:16:root:41
co-8_16-00723	8:16	w-s008-a016-w006	w-s008-a016-w014	ح ر ف	غ ض ب	8	5	5	1	1	1	intra_ayah:8:16:root:42
co-8_16-00724	8:16	w-s008-a016-w006	w-s008-a016-w011	ح ر ف	ف ء ي	5	3	3	1	1	1	intra_ayah:8:16:root:43
co-8_16-00725	8:16	w-s008-a016-w006	w-s008-a016-w007	ح ر ف	ق ت ل	1	1	1	1	1	1	intra_ayah:8:16:root:44
co-8_16-00726	8:16	w-s008-a016-w006	w-s008-a016-w002	ح ر ف	و ل ي	4	2	2	1	1	1	intra_ayah:8:16:root:45
co-8_16-00727	8:16	w-s008-a016-w009	w-s008-a016-w004	ح و ز	د ب ر	5	3	3	1	1	1	intra_ayah:8:16:root:46
co-8_16-00728	8:16	w-s008-a016-w009	w-s008-a016-w020	ح و ز	ص ي ر	11	7	7	1	1	1	intra_ayah:8:16:root:47
co-8_16-00729	8:16	w-s008-a016-w009	w-s008-a016-w014	ح و ز	غ ض ب	5	3	3	1	1	1	intra_ayah:8:16:root:48
co-8_16-00730	8:16	w-s008-a016-w009	w-s008-a016-w011	ح و ز	ف ء ي	2	1	1	1	1	1	intra_ayah:8:16:root:49
co-8_16-00731	8:16	w-s008-a016-w016	w-s008-a016-w009	ء ل ه	ح و ز	7	4	4	1	1	1	intra_ayah:8:16:root:5
co-8_16-00732	8:16	w-s008-a016-w009	w-s008-a016-w007	ح و ز	ق ت ل	2	1	1	1	1	1	intra_ayah:8:16:root:50
co-8_16-00733	8:16	w-s008-a016-w009	w-s008-a016-w002	ح و ز	و ل ي	7	4	4	1	1	1	intra_ayah:8:16:root:51
co-8_16-00734	8:16	w-s008-a016-w004	w-s008-a016-w020	د ب ر	ص ي ر	16	10	10	1	1	1	intra_ayah:8:16:root:52
co-8_16-00735	8:16	w-s008-a016-w004	w-s008-a016-w014	د ب ر	غ ض ب	10	6	6	1	1	1	intra_ayah:8:16:root:53
co-8_16-00736	8:16	w-s008-a016-w004	w-s008-a016-w011	د ب ر	ف ء ي	7	4	4	1	1	1	intra_ayah:8:16:root:54
co-8_16-00737	8:16	w-s008-a016-w004	w-s008-a016-w007	د ب ر	ق ت ل	3	2	2	1	4	4	intra_ayah:8:16:root:55
co-8_16-00738	8:16	w-s008-a016-w004	w-s008-a016-w002	د ب ر	و ل ي	2	1	1	1	17	18	intra_ayah:8:16:root:56
co-8_16-00739	8:16	w-s008-a016-w020	w-s008-a016-w014	ص ي ر	غ ض ب	6	4	4	1	2	2	intra_ayah:8:16:root:57
co-8_16-00740	8:16	w-s008-a016-w020	w-s008-a016-w011	ص ي ر	ف ء ي	9	6	6	1	1	1	intra_ayah:8:16:root:58
co-8_16-00741	8:16	w-s008-a016-w020	w-s008-a016-w007	ص ي ر	ق ت ل	13	8	8	1	1	1	intra_ayah:8:16:root:59
co-8_16-00742	8:16	w-s008-a016-w016	w-s008-a016-w004	ء ل ه	د ب ر	12	7	7	1	13	17	intra_ayah:8:16:root:6
co-8_16-00743	8:16	w-s008-a016-w020	w-s008-a016-w002	ص ي ر	و ل ي	18	11	11	1	4	5	intra_ayah:8:16:root:60
co-8_16-00744	8:16	w-s008-a016-w014	w-s008-a016-w011	غ ض ب	ف ء ي	3	2	2	1	1	1	intra_ayah:8:16:root:61
co-8_16-00745	8:16	w-s008-a016-w014	w-s008-a016-w007	غ ض ب	ق ت ل	7	4	4	1	5	5	intra_ayah:8:16:root:62
co-8_16-00746	8:16	w-s008-a016-w014	w-s008-a016-w002	غ ض ب	و ل ي	12	7	7	1	3	3	intra_ayah:8:16:root:63
co-8_16-00747	8:16	w-s008-a016-w011	w-s008-a016-w007	ف ء ي	ق ت ل	4	2	2	1	2	3	intra_ayah:8:16:root:64
co-8_16-00748	8:16	w-s008-a016-w011	w-s008-a016-w002	ف ء ي	و ل ي	9	5	5	1	1	1	intra_ayah:8:16:root:65
co-8_16-00749	8:16	w-s008-a016-w007	w-s008-a016-w002	ق ت ل	و ل ي	5	3	3	1	13	26	intra_ayah:8:16:root:66
co-8_16-00750	8:16	w-s008-a016-w016	w-s008-a016-w020	ء ل ه	ص ي ر	4	3	3	1	17	29	intra_ayah:8:16:root:7
co-8_16-00751	8:16	w-s008-a016-w016	w-s008-a016-w014	ء ل ه	غ ض ب	2	1	1	1	14	23	intra_ayah:8:16:root:8
co-8_16-00752	8:16	w-s008-a016-w016	w-s008-a016-w011	ء ل ه	ف ء ي	5	3	3	1	9	22	intra_ayah:8:16:root:9
co-8_17-00753	8:17	w-s008-a017-w004	w-s008-a017-w014	ء ل ه	ء م ن	10	3	7	3	372	843	intra_ayah:8:17:root:1
co-8_17-00754	8:17	w-s008-a017-w011	w-s008-a017-w014	ء ل ه	ء م ن	3	3	7	3	372	843	intra_ayah:8:17:root:1
co-8_17-00755	8:17	w-s008-a017-w019	w-s008-a017-w014	ء ل ه	ء م ن	5	3	7	3	372	843	intra_ayah:8:17:root:1
co-8_17-00756	8:17	w-s008-a017-w014	w-s008-a017-w007	ء م ن	ر م ي	7	2	5	3	2	4	intra_ayah:8:17:root:10
co-8_17-00757	8:17	w-s008-a017-w014	w-s008-a017-w009	ء م ن	ر م ي	5	2	5	3	2	4	intra_ayah:8:17:root:10
co-8_17-00758	8:17	w-s008-a017-w014	w-s008-a017-w012	ء م ن	ر م ي	2	2	5	3	2	4	intra_ayah:8:17:root:10
co-8_17-00759	8:17	w-s008-a017-w014	w-s008-a017-w020	ء م ن	س م ع	6	4	4	1	24	41	intra_ayah:8:17:root:11
co-8_17-00760	8:17	w-s008-a017-w014	w-s008-a017-w021	ء م ن	ع ل م	7	5	5	1	99	166	intra_ayah:8:17:root:12
co-8_17-00761	8:17	w-s008-a017-w014	w-s008-a017-w002	ء م ن	ق ت ل	12	6	8	2	31	59	intra_ayah:8:17:root:13
co-8_17-00762	8:17	w-s008-a017-w014	w-s008-a017-w005	ء م ن	ق ت ل	9	6	8	2	31	59	intra_ayah:8:17:root:13
co-8_17-00763	8:17	w-s008-a017-w013	w-s008-a017-w017	ب ل و	ح س ن	4	1	3	2	5	6	intra_ayah:8:17:root:14
co-8_17-00764	8:17	w-s008-a017-w016	w-s008-a017-w017	ب ل و	ح س ن	1	1	3	2	5	6	intra_ayah:8:17:root:14
co-8_17-00765	8:17	w-s008-a017-w013	w-s008-a017-w007	ب ل و	ر م ي	6	1	6	6	1	6	intra_ayah:8:17:root:15
co-8_17-00766	8:17	w-s008-a017-w013	w-s008-a017-w009	ب ل و	ر م ي	4	1	6	6	1	6	intra_ayah:8:17:root:15
co-8_17-00767	8:17	w-s008-a017-w013	w-s008-a017-w012	ب ل و	ر م ي	1	1	6	6	1	6	intra_ayah:8:17:root:15
co-8_17-00768	8:17	w-s008-a017-w016	w-s008-a017-w007	ب ل و	ر م ي	9	1	6	6	1	6	intra_ayah:8:17:root:15
co-8_17-00769	8:17	w-s008-a017-w016	w-s008-a017-w009	ب ل و	ر م ي	7	1	6	6	1	6	intra_ayah:8:17:root:15
co-8_17-00770	8:17	w-s008-a017-w016	w-s008-a017-w012	ب ل و	ر م ي	4	1	6	6	1	6	intra_ayah:8:17:root:15
co-8_17-00771	8:17	w-s008-a017-w013	w-s008-a017-w020	ب ل و	س م ع	7	3	5	2	3	4	intra_ayah:8:17:root:16
co-8_17-00772	8:17	w-s008-a017-w016	w-s008-a017-w020	ب ل و	س م ع	4	3	5	2	3	4	intra_ayah:8:17:root:16
co-8_17-00773	8:17	w-s008-a017-w013	w-s008-a017-w021	ب ل و	ع ل م	8	4	6	2	5	7	intra_ayah:8:17:root:17
co-8_17-00774	8:17	w-s008-a017-w016	w-s008-a017-w021	ب ل و	ع ل م	5	4	6	2	5	7	intra_ayah:8:17:root:17
co-8_17-00775	8:17	w-s008-a017-w013	w-s008-a017-w002	ب ل و	ق ت ل	11	5	9	4	4	8	intra_ayah:8:17:root:18
co-8_17-00776	8:17	w-s008-a017-w013	w-s008-a017-w005	ب ل و	ق ت ل	8	5	9	4	4	8	intra_ayah:8:17:root:18
co-8_17-00777	8:17	w-s008-a017-w016	w-s008-a017-w002	ب ل و	ق ت ل	14	5	9	4	4	8	intra_ayah:8:17:root:18
co-8_17-00778	8:17	w-s008-a017-w016	w-s008-a017-w005	ب ل و	ق ت ل	11	5	9	4	4	8	intra_ayah:8:17:root:18
co-8_17-00779	8:17	w-s008-a017-w017	w-s008-a017-w007	ح س ن	ر م ي	10	4	7	3	1	3	intra_ayah:8:17:root:19
co-8_17-00780	8:17	w-s008-a017-w017	w-s008-a017-w009	ح س ن	ر م ي	8	4	7	3	1	3	intra_ayah:8:17:root:19
co-8_17-00781	8:17	w-s008-a017-w017	w-s008-a017-w012	ح س ن	ر م ي	5	4	7	3	1	3	intra_ayah:8:17:root:19
co-8_17-00782	8:17	w-s008-a017-w004	w-s008-a017-w013	ء ل ه	ب ل و	9	2	8	6	11	27	intra_ayah:8:17:root:2
co-8_17-00783	8:17	w-s008-a017-w004	w-s008-a017-w016	ء ل ه	ب ل و	12	2	8	6	11	27	intra_ayah:8:17:root:2
co-8_17-00784	8:17	w-s008-a017-w011	w-s008-a017-w013	ء ل ه	ب ل و	2	2	8	6	11	27	intra_ayah:8:17:root:2
co-8_17-00785	8:17	w-s008-a017-w011	w-s008-a017-w016	ء ل ه	ب ل و	5	2	8	6	11	27	intra_ayah:8:17:root:2
co-8_17-00786	8:17	w-s008-a017-w019	w-s008-a017-w013	ء ل ه	ب ل و	6	2	8	6	11	27	intra_ayah:8:17:root:2
co-8_17-00787	8:17	w-s008-a017-w019	w-s008-a017-w016	ء ل ه	ب ل و	3	2	8	6	11	27	intra_ayah:8:17:root:2
co-8_17-00788	8:17	w-s008-a017-w017	w-s008-a017-w020	ح س ن	س م ع	3	2	2	1	2	2	intra_ayah:8:17:root:20
co-8_17-00789	8:17	w-s008-a017-w017	w-s008-a017-w021	ح س ن	ع ل م	4	3	3	1	13	18	intra_ayah:8:17:root:21
co-8_17-00790	8:17	w-s008-a017-w017	w-s008-a017-w002	ح س ن	ق ت ل	15	8	10	2	8	12	intra_ayah:8:17:root:22
co-8_17-00791	8:17	w-s008-a017-w017	w-s008-a017-w005	ح س ن	ق ت ل	12	8	10	2	8	12	intra_ayah:8:17:root:22
co-8_17-00792	8:17	w-s008-a017-w007	w-s008-a017-w020	ر م ي	س م ع	13	6	9	3	1	3	intra_ayah:8:17:root:23
co-8_17-00793	8:17	w-s008-a017-w009	w-s008-a017-w020	ر م ي	س م ع	11	6	9	3	1	3	intra_ayah:8:17:root:23
co-8_17-00794	8:17	w-s008-a017-w012	w-s008-a017-w020	ر م ي	س م ع	8	6	9	3	1	3	intra_ayah:8:17:root:23
co-8_17-00795	8:17	w-s008-a017-w007	w-s008-a017-w021	ر م ي	ع ل م	14	7	10	3	1	3	intra_ayah:8:17:root:24
co-8_17-00796	8:17	w-s008-a017-w009	w-s008-a017-w021	ر م ي	ع ل م	12	7	10	3	1	3	intra_ayah:8:17:root:24
co-8_17-00797	8:17	w-s008-a017-w012	w-s008-a017-w021	ر م ي	ع ل م	9	7	10	3	1	3	intra_ayah:8:17:root:24
co-8_17-00798	8:17	w-s008-a017-w007	w-s008-a017-w002	ر م ي	ق ت ل	5	1	6	6	1	6	intra_ayah:8:17:root:25
co-8_17-00799	8:17	w-s008-a017-w007	w-s008-a017-w005	ر م ي	ق ت ل	2	1	6	6	1	6	intra_ayah:8:17:root:25
co-8_17-00800	8:17	w-s008-a017-w009	w-s008-a017-w002	ر م ي	ق ت ل	7	1	6	6	1	6	intra_ayah:8:17:root:25
co-8_17-00801	8:17	w-s008-a017-w009	w-s008-a017-w005	ر م ي	ق ت ل	4	1	6	6	1	6	intra_ayah:8:17:root:25
co-8_17-00802	8:17	w-s008-a017-w012	w-s008-a017-w002	ر م ي	ق ت ل	10	1	6	6	1	6	intra_ayah:8:17:root:25
co-8_17-00803	8:17	w-s008-a017-w012	w-s008-a017-w005	ر م ي	ق ت ل	7	1	6	6	1	6	intra_ayah:8:17:root:25
co-8_17-00804	8:17	w-s008-a017-w020	w-s008-a017-w021	س م ع	ع ل م	1	1	1	1	44	49	intra_ayah:8:17:root:26
co-8_17-00805	8:17	w-s008-a017-w020	w-s008-a017-w002	س م ع	ق ت ل	18	10	12	2	5	6	intra_ayah:8:17:root:27
co-8_17-00806	8:17	w-s008-a017-w020	w-s008-a017-w005	س م ع	ق ت ل	15	10	12	2	5	6	intra_ayah:8:17:root:27
co-8_17-00807	8:17	w-s008-a017-w021	w-s008-a017-w002	ع ل م	ق ت ل	19	11	13	2	15	36	intra_ayah:8:17:root:28
co-8_17-00808	8:17	w-s008-a017-w021	w-s008-a017-w005	ع ل م	ق ت ل	16	11	13	2	15	36	intra_ayah:8:17:root:28
co-8_17-00809	8:17	w-s008-a017-w004	w-s008-a017-w017	ء ل ه	ح س ن	13	1	9	3	86	167	intra_ayah:8:17:root:3
co-8_17-00810	8:17	w-s008-a017-w011	w-s008-a017-w017	ء ل ه	ح س ن	6	1	9	3	86	167	intra_ayah:8:17:root:3
co-8_17-00811	8:17	w-s008-a017-w019	w-s008-a017-w017	ء ل ه	ح س ن	2	1	9	3	86	167	intra_ayah:8:17:root:3
co-8_17-00812	8:17	w-s008-a017-w004	w-s008-a017-w007	ء ل ه	ر م ي	3	1	8	9	2	10	intra_ayah:8:17:root:4
co-8_17-00813	8:17	w-s008-a017-w004	w-s008-a017-w009	ء ل ه	ر م ي	5	1	8	9	2	10	intra_ayah:8:17:root:4
co-8_17-00814	8:17	w-s008-a017-w004	w-s008-a017-w012	ء ل ه	ر م ي	8	1	8	9	2	10	intra_ayah:8:17:root:4
co-8_17-00815	8:17	w-s008-a017-w011	w-s008-a017-w007	ء ل ه	ر م ي	4	1	8	9	2	10	intra_ayah:8:17:root:4
co-8_17-00816	8:17	w-s008-a017-w011	w-s008-a017-w009	ء ل ه	ر م ي	2	1	8	9	2	10	intra_ayah:8:17:root:4
co-8_17-00817	8:17	w-s008-a017-w011	w-s008-a017-w012	ء ل ه	ر م ي	1	1	8	9	2	10	intra_ayah:8:17:root:4
co-8_17-00818	8:17	w-s008-a017-w019	w-s008-a017-w007	ء ل ه	ر م ي	12	1	8	9	2	10	intra_ayah:8:17:root:4
co-8_17-00819	8:17	w-s008-a017-w019	w-s008-a017-w009	ء ل ه	ر م ي	10	1	8	9	2	10	intra_ayah:8:17:root:4
co-8_17-00820	8:17	w-s008-a017-w019	w-s008-a017-w012	ء ل ه	ر م ي	7	1	8	9	2	10	intra_ayah:8:17:root:4
co-8_17-00821	8:17	w-s008-a017-w004	w-s008-a017-w020	ء ل ه	س م ع	16	1	11	3	70	128	intra_ayah:8:17:root:5
co-8_17-00822	8:17	w-s008-a017-w011	w-s008-a017-w020	ء ل ه	س م ع	9	1	11	3	70	128	intra_ayah:8:17:root:5
co-8_17-00823	8:17	w-s008-a017-w019	w-s008-a017-w020	ء ل ه	س م ع	1	1	11	3	70	128	intra_ayah:8:17:root:5
co-8_17-00824	8:17	w-s008-a017-w004	w-s008-a017-w021	ء ل ه	ع ل م	17	2	12	3	408	878	intra_ayah:8:17:root:6
co-8_17-00825	8:17	w-s008-a017-w011	w-s008-a017-w021	ء ل ه	ع ل م	10	2	12	3	408	878	intra_ayah:8:17:root:6
co-8_17-00826	8:17	w-s008-a017-w019	w-s008-a017-w021	ء ل ه	ع ل م	2	2	12	3	408	878	intra_ayah:8:17:root:6
co-8_17-00827	8:17	w-s008-a017-w004	w-s008-a017-w002	ء ل ه	ق ت ل	2	1	11	6	79	225	intra_ayah:8:17:root:7
co-8_17-00828	8:17	w-s008-a017-w004	w-s008-a017-w005	ء ل ه	ق ت ل	1	1	11	6	79	225	intra_ayah:8:17:root:7
co-8_17-00829	8:17	w-s008-a017-w011	w-s008-a017-w002	ء ل ه	ق ت ل	9	1	11	6	79	225	intra_ayah:8:17:root:7
co-8_17-00830	8:17	w-s008-a017-w011	w-s008-a017-w005	ء ل ه	ق ت ل	6	1	11	6	79	225	intra_ayah:8:17:root:7
co-8_17-00831	8:17	w-s008-a017-w019	w-s008-a017-w002	ء ل ه	ق ت ل	17	1	11	6	79	225	intra_ayah:8:17:root:7
co-8_17-00832	8:17	w-s008-a017-w019	w-s008-a017-w005	ء ل ه	ق ت ل	14	1	11	6	79	225	intra_ayah:8:17:root:7
co-8_17-00833	8:17	w-s008-a017-w014	w-s008-a017-w013	ء م ن	ب ل و	1	1	1	2	6	7	intra_ayah:8:17:root:8
co-8_17-00834	8:17	w-s008-a017-w014	w-s008-a017-w016	ء م ن	ب ل و	2	1	1	2	6	7	intra_ayah:8:17:root:8
co-8_17-00835	8:17	w-s008-a017-w014	w-s008-a017-w017	ء م ن	ح س ن	3	2	2	1	23	32	intra_ayah:8:17:root:9
co-8_18-00836	8:18	w-s008-a018-w003	w-s008-a018-w006	ء ل ه	ك ف ر	3	3	3	1	225	443	intra_ayah:8:18:root:1
co-8_18-00837	8:18	w-s008-a018-w003	w-s008-a018-w005	ء ل ه	ك ي د	2	2	2	1	8	8	intra_ayah:8:18:root:2
co-8_18-00838	8:18	w-s008-a018-w003	w-s008-a018-w004	ء ل ه	و ه ن	1	1	1	1	5	7	intra_ayah:8:18:root:3
co-8_18-00839	8:18	w-s008-a018-w006	w-s008-a018-w005	ك ف ر	ك ي د	1	1	1	1	4	5	intra_ayah:8:18:root:4
co-8_18-00840	8:18	w-s008-a018-w006	w-s008-a018-w004	ك ف ر	و ه ن	2	2	2	1	1	1	intra_ayah:8:18:root:5
co-8_18-00841	8:18	w-s008-a018-w005	w-s008-a018-w004	ك ي د	و ه ن	1	1	1	1	1	1	intra_ayah:8:18:root:6
co-8_19-00842	8:19	w-s008-a019-w022	w-s008-a019-w024	ء ل ه	ء م ن	2	1	1	1	372	843	intra_ayah:8:19:root:1
co-8_19-00843	8:19	w-s008-a019-w022	w-s008-a019-w007	ء ل ه	ن ه ي	15	8	8	1	24	47	intra_ayah:8:19:root:10
co-8_19-00844	8:19	w-s008-a019-w024	w-s008-a019-w004	ء م ن	ج ي ء	20	11	11	1	48	58	intra_ayah:8:19:root:11
co-8_19-00845	8:19	w-s008-a019-w024	w-s008-a019-w009	ء م ن	خ ي ر	15	8	8	1	41	68	intra_ayah:8:19:root:12
co-8_19-00846	8:19	w-s008-a019-w024	w-s008-a019-w018	ء م ن	ش ي ء	6	3	3	1	68	99	intra_ayah:8:19:root:13
co-8_19-00847	8:19	w-s008-a019-w024	w-s008-a019-w012	ء م ن	ع و د	12	6	7	2	6	7	intra_ayah:8:19:root:14
co-8_19-00848	8:19	w-s008-a019-w024	w-s008-a019-w013	ء م ن	ع و د	11	6	7	2	6	7	intra_ayah:8:19:root:14
co-8_19-00849	8:19	w-s008-a019-w024	w-s008-a019-w015	ء م ن	غ ن ي	9	5	5	1	6	6	intra_ayah:8:19:root:15
co-8_19-00850	8:19	w-s008-a019-w024	w-s008-a019-w017	ء م ن	ف ء ي	7	4	4	1	3	4	intra_ayah:8:19:root:16
co-8_19-00851	8:19	w-s008-a019-w024	w-s008-a019-w002	ء م ن	ف ت ح	22	10	12	2	9	13	intra_ayah:8:19:root:17
co-8_19-00852	8:19	w-s008-a019-w024	w-s008-a019-w005	ء م ن	ف ت ح	19	10	12	2	9	13	intra_ayah:8:19:root:17
co-8_19-00853	8:19	w-s008-a019-w024	w-s008-a019-w020	ء م ن	ك ث ر	4	2	2	1	41	47	intra_ayah:8:19:root:18
co-8_19-00854	8:19	w-s008-a019-w024	w-s008-a019-w007	ء م ن	ن ه ي	17	9	9	1	7	10	intra_ayah:8:19:root:19
co-8_19-00855	8:19	w-s008-a019-w022	w-s008-a019-w004	ء ل ه	ج ي ء	18	10	10	1	97	161	intra_ayah:8:19:root:2
co-8_19-00856	8:19	w-s008-a019-w004	w-s008-a019-w009	ج ي ء	خ ي ر	5	3	3	1	9	10	intra_ayah:8:19:root:20
co-8_19-00857	8:19	w-s008-a019-w004	w-s008-a019-w018	ج ي ء	ش ي ء	14	8	8	1	25	28	intra_ayah:8:19:root:21
co-8_19-00858	8:19	w-s008-a019-w004	w-s008-a019-w012	ج ي ء	ع و د	8	4	5	2	6	7	intra_ayah:8:19:root:22
co-8_19-00859	8:19	w-s008-a019-w004	w-s008-a019-w013	ج ي ء	ع و د	9	4	5	2	6	7	intra_ayah:8:19:root:22
co-8_19-00860	8:19	w-s008-a019-w004	w-s008-a019-w015	ج ي ء	غ ن ي	11	6	6	1	2	2	intra_ayah:8:19:root:23
co-8_19-00861	8:19	w-s008-a019-w004	w-s008-a019-w017	ج ي ء	ف ء ي	13	7	7	1	1	1	intra_ayah:8:19:root:24
co-8_19-00862	8:19	w-s008-a019-w004	w-s008-a019-w002	ج ي ء	ف ت ح	2	1	1	2	5	7	intra_ayah:8:19:root:25
co-8_19-00863	8:19	w-s008-a019-w004	w-s008-a019-w005	ج ي ء	ف ت ح	1	1	1	2	5	7	intra_ayah:8:19:root:25
co-8_19-00864	8:19	w-s008-a019-w004	w-s008-a019-w020	ج ي ء	ك ث ر	16	9	9	1	8	11	intra_ayah:8:19:root:26
co-8_19-00865	8:19	w-s008-a019-w004	w-s008-a019-w007	ج ي ء	ن ه ي	3	2	2	1	4	5	intra_ayah:8:19:root:27
co-8_19-00866	8:19	w-s008-a019-w009	w-s008-a019-w018	خ ي ر	ش ي ء	9	5	5	1	25	39	intra_ayah:8:19:root:28
co-8_19-00867	8:19	w-s008-a019-w009	w-s008-a019-w012	خ ي ر	ع و د	3	1	2	2	3	5	intra_ayah:8:19:root:29
co-8_19-00868	8:19	w-s008-a019-w009	w-s008-a019-w013	خ ي ر	ع و د	4	1	2	2	3	5	intra_ayah:8:19:root:29
co-8_19-00869	8:19	w-s008-a019-w022	w-s008-a019-w009	ء ل ه	خ ي ر	13	7	7	1	99	182	intra_ayah:8:19:root:3
co-8_19-00870	8:19	w-s008-a019-w009	w-s008-a019-w015	خ ي ر	غ ن ي	6	3	3	1	5	5	intra_ayah:8:19:root:30
co-8_19-00871	8:19	w-s008-a019-w009	w-s008-a019-w017	خ ي ر	ف ء ي	8	4	4	1	1	1	intra_ayah:8:19:root:31
co-8_19-00872	8:19	w-s008-a019-w009	w-s008-a019-w002	خ ي ر	ف ت ح	7	2	4	2	2	4	intra_ayah:8:19:root:32
co-8_19-00873	8:19	w-s008-a019-w009	w-s008-a019-w005	خ ي ر	ف ت ح	4	2	4	2	2	4	intra_ayah:8:19:root:32
co-8_19-00874	8:19	w-s008-a019-w009	w-s008-a019-w020	خ ي ر	ك ث ر	11	6	6	1	6	7	intra_ayah:8:19:root:33
co-8_19-00875	8:19	w-s008-a019-w009	w-s008-a019-w007	خ ي ر	ن ه ي	2	1	1	1	5	6	intra_ayah:8:19:root:34
co-8_19-00876	8:19	w-s008-a019-w018	w-s008-a019-w012	ش ي ء	ع و د	6	3	4	2	2	6	intra_ayah:8:19:root:35
co-8_19-00877	8:19	w-s008-a019-w018	w-s008-a019-w013	ش ي ء	ع و د	5	3	4	2	2	6	intra_ayah:8:19:root:35
co-8_19-00878	8:19	w-s008-a019-w018	w-s008-a019-w015	ش ي ء	غ ن ي	3	2	2	1	22	24	intra_ayah:8:19:root:36
co-8_19-00879	8:19	w-s008-a019-w018	w-s008-a019-w017	ش ي ء	ف ء ي	1	1	1	1	2	3	intra_ayah:8:19:root:37
co-8_19-00880	8:19	w-s008-a019-w018	w-s008-a019-w002	ش ي ء	ف ت ح	16	7	9	2	4	8	intra_ayah:8:19:root:38
co-8_19-00881	8:19	w-s008-a019-w018	w-s008-a019-w005	ش ي ء	ف ت ح	13	7	9	2	4	8	intra_ayah:8:19:root:38
co-8_19-00882	8:19	w-s008-a019-w018	w-s008-a019-w020	ش ي ء	ك ث ر	2	1	1	1	21	24	intra_ayah:8:19:root:39
co-8_19-00883	8:19	w-s008-a019-w022	w-s008-a019-w018	ء ل ه	ش ي ء	4	2	2	1	282	596	intra_ayah:8:19:root:4
co-8_19-00884	8:19	w-s008-a019-w018	w-s008-a019-w007	ش ي ء	ن ه ي	11	6	6	1	1	1	intra_ayah:8:19:root:40
co-8_19-00885	8:19	w-s008-a019-w012	w-s008-a019-w015	ع و د	غ ن ي	3	1	2	2	1	2	intra_ayah:8:19:root:41
co-8_19-00886	8:19	w-s008-a019-w013	w-s008-a019-w015	ع و د	غ ن ي	2	1	2	2	1	2	intra_ayah:8:19:root:41
co-8_19-00887	8:19	w-s008-a019-w012	w-s008-a019-w017	ع و د	ف ء ي	5	2	3	2	1	2	intra_ayah:8:19:root:42
co-8_19-00888	8:19	w-s008-a019-w013	w-s008-a019-w017	ع و د	ف ء ي	4	2	3	2	1	2	intra_ayah:8:19:root:42
co-8_19-00889	8:19	w-s008-a019-w012	w-s008-a019-w002	ع و د	ف ت ح	10	3	6	4	2	8	intra_ayah:8:19:root:43
co-8_19-00890	8:19	w-s008-a019-w012	w-s008-a019-w005	ع و د	ف ت ح	7	3	6	4	2	8	intra_ayah:8:19:root:43
co-8_19-00891	8:19	w-s008-a019-w013	w-s008-a019-w002	ع و د	ف ت ح	11	3	6	4	2	8	intra_ayah:8:19:root:43
co-8_19-00892	8:19	w-s008-a019-w013	w-s008-a019-w005	ع و د	ف ت ح	8	3	6	4	2	8	intra_ayah:8:19:root:43
co-8_19-00893	8:19	w-s008-a019-w012	w-s008-a019-w020	ع و د	ك ث ر	8	4	5	2	2	3	intra_ayah:8:19:root:44
co-8_19-00894	8:19	w-s008-a019-w013	w-s008-a019-w020	ع و د	ك ث ر	7	4	5	2	2	3	intra_ayah:8:19:root:44
co-8_19-00895	8:19	w-s008-a019-w012	w-s008-a019-w007	ع و د	ن ه ي	5	2	3	2	5	7	intra_ayah:8:19:root:45
co-8_19-00896	8:19	w-s008-a019-w013	w-s008-a019-w007	ع و د	ن ه ي	6	2	3	2	5	7	intra_ayah:8:19:root:45
co-8_19-00897	8:19	w-s008-a019-w015	w-s008-a019-w017	غ ن ي	ف ء ي	2	1	1	1	1	1	intra_ayah:8:19:root:46
co-8_19-00898	8:19	w-s008-a019-w015	w-s008-a019-w002	غ ن ي	ف ت ح	13	5	7	2	1	2	intra_ayah:8:19:root:47
co-8_19-00899	8:19	w-s008-a019-w015	w-s008-a019-w005	غ ن ي	ف ت ح	10	5	7	2	1	2	intra_ayah:8:19:root:47
co-8_19-00900	8:19	w-s008-a019-w015	w-s008-a019-w020	غ ن ي	ك ث ر	5	3	3	1	5	6	intra_ayah:8:19:root:48
co-8_19-00901	8:19	w-s008-a019-w015	w-s008-a019-w007	غ ن ي	ن ه ي	8	4	4	1	2	3	intra_ayah:8:19:root:49
co-8_19-00902	8:19	w-s008-a019-w022	w-s008-a019-w012	ء ل ه	ع و د	10	5	6	2	21	38	intra_ayah:8:19:root:5
co-8_19-00903	8:19	w-s008-a019-w022	w-s008-a019-w013	ء ل ه	ع و د	9	5	6	2	21	38	intra_ayah:8:19:root:5
co-8_19-00904	8:19	w-s008-a019-w017	w-s008-a019-w002	ف ء ي	ف ت ح	15	6	8	2	1	2	intra_ayah:8:19:root:50
co-8_19-00905	8:19	w-s008-a019-w017	w-s008-a019-w005	ف ء ي	ف ت ح	12	6	8	2	1	2	intra_ayah:8:19:root:50
co-8_19-00906	8:19	w-s008-a019-w017	w-s008-a019-w020	ف ء ي	ك ث ر	3	2	2	1	3	4	intra_ayah:8:19:root:51
co-8_19-00907	8:19	w-s008-a019-w017	w-s008-a019-w007	ف ء ي	ن ه ي	10	5	5	1	1	1	intra_ayah:8:19:root:52
co-8_19-00908	8:19	w-s008-a019-w002	w-s008-a019-w020	ف ت ح	ك ث ر	18	8	10	2	1	2	intra_ayah:8:19:root:53
co-8_19-00909	8:19	w-s008-a019-w005	w-s008-a019-w020	ف ت ح	ك ث ر	15	8	10	2	1	2	intra_ayah:8:19:root:53
co-8_19-00910	8:19	w-s008-a019-w002	w-s008-a019-w007	ف ت ح	ن ه ي	5	1	3	2	1	2	intra_ayah:8:19:root:54
co-8_19-00911	8:19	w-s008-a019-w005	w-s008-a019-w007	ف ت ح	ن ه ي	2	1	3	2	1	2	intra_ayah:8:19:root:54
co-8_19-00912	8:19	w-s008-a019-w020	w-s008-a019-w007	ك ث ر	ن ه ي	13	7	7	1	2	2	intra_ayah:8:19:root:55
co-8_19-00913	8:19	w-s008-a019-w022	w-s008-a019-w015	ء ل ه	غ ن ي	7	4	4	1	43	76	intra_ayah:8:19:root:6
co-8_19-00914	8:19	w-s008-a019-w022	w-s008-a019-w017	ء ل ه	ف ء ي	5	3	3	1	9	22	intra_ayah:8:19:root:7
co-8_19-00915	8:19	w-s008-a019-w022	w-s008-a019-w002	ء ل ه	ف ت ح	20	9	11	2	14	30	intra_ayah:8:19:root:8
co-8_19-00916	8:19	w-s008-a019-w022	w-s008-a019-w005	ء ل ه	ف ت ح	17	9	11	2	14	30	intra_ayah:8:19:root:8
co-8_19-00917	8:19	w-s008-a019-w022	w-s008-a019-w020	ء ل ه	ك ث ر	2	1	1	1	83	142	intra_ayah:8:19:root:9
co-8_20-00918	8:20	w-s008-a020-w005	w-s008-a020-w003	ء ل ه	ء م ن	2	2	2	1	372	843	intra_ayah:8:20:root:1
co-8_20-00919	8:20	w-s008-a020-w006	w-s008-a020-w011	ر س ل	س م ع	5	2	2	1	9	12	intra_ayah:8:20:root:10
co-8_20-00920	8:20	w-s008-a020-w006	w-s008-a020-w004	ر س ل	ط و ع	2	2	2	1	28	52	intra_ayah:8:20:root:11
co-8_20-00921	8:20	w-s008-a020-w006	w-s008-a020-w008	ر س ل	و ل ي	2	1	1	1	23	31	intra_ayah:8:20:root:12
co-8_20-00922	8:20	w-s008-a020-w011	w-s008-a020-w004	س م ع	ط و ع	7	4	4	1	8	13	intra_ayah:8:20:root:13
co-8_20-00923	8:20	w-s008-a020-w011	w-s008-a020-w008	س م ع	و ل ي	3	1	1	1	9	12	intra_ayah:8:20:root:14
co-8_20-00924	8:20	w-s008-a020-w004	w-s008-a020-w008	ط و ع	و ل ي	4	3	3	1	13	19	intra_ayah:8:20:root:15
co-8_20-00925	8:20	w-s008-a020-w005	w-s008-a020-w006	ء ل ه	ر س ل	1	1	1	1	211	488	intra_ayah:8:20:root:2
co-8_20-00926	8:20	w-s008-a020-w005	w-s008-a020-w011	ء ل ه	س م ع	6	3	3	1	70	128	intra_ayah:8:20:root:3
co-8_20-00927	8:20	w-s008-a020-w005	w-s008-a020-w004	ء ل ه	ط و ع	1	1	1	1	72	125	intra_ayah:8:20:root:4
co-8_20-00928	8:20	w-s008-a020-w005	w-s008-a020-w008	ء ل ه	و ل ي	3	2	2	1	124	209	intra_ayah:8:20:root:5
co-8_20-00929	8:20	w-s008-a020-w003	w-s008-a020-w006	ء م ن	ر س ل	3	3	3	1	107	176	intra_ayah:8:20:root:6
co-8_20-00930	8:20	w-s008-a020-w003	w-s008-a020-w011	ء م ن	س م ع	8	5	5	1	24	41	intra_ayah:8:20:root:7
co-8_20-00931	8:20	w-s008-a020-w003	w-s008-a020-w004	ء م ن	ط و ع	1	1	1	1	20	33	intra_ayah:8:20:root:8
co-8_20-00932	8:20	w-s008-a020-w003	w-s008-a020-w008	ء م ن	و ل ي	5	4	4	1	38	64	intra_ayah:8:20:root:9
co-8_21-00933	8:21	w-s008-a021-w005	w-s008-a021-w004	س م ع	ق و ل	1	1	2	2	49	84	intra_ayah:8:21:root:1
co-8_21-00934	8:21	w-s008-a021-w008	w-s008-a021-w004	س م ع	ق و ل	4	1	2	2	49	84	intra_ayah:8:21:root:1
co-8_21-00935	8:21	w-s008-a021-w005	w-s008-a021-w002	س م ع	ك و ن	3	2	3	2	26	43	intra_ayah:8:21:root:2
co-8_21-00936	8:21	w-s008-a021-w008	w-s008-a021-w002	س م ع	ك و ن	6	2	3	2	26	43	intra_ayah:8:21:root:2
co-8_21-00937	8:21	w-s008-a021-w004	w-s008-a021-w002	ق و ل	ك و ن	2	1	1	1	369	573	intra_ayah:8:21:root:3
co-8_22-00938	8:22	w-s008-a022-w005	w-s008-a022-w007	ء ل ه	ب ك م	2	2	2	1	4	4	intra_ayah:8:22:root:1
co-8_22-00939	8:22	w-s008-a022-w007	w-s008-a022-w010	ب ك م	ع ق ل	3	1	1	1	2	2	intra_ayah:8:22:root:10
co-8_22-00940	8:22	w-s008-a022-w007	w-s008-a022-w004	ب ك م	ع ن د	3	3	3	1	1	1	intra_ayah:8:22:root:11
co-8_22-00941	8:22	w-s008-a022-w003	w-s008-a022-w002	د ب ب	ش ر ر	1	1	1	1	2	2	intra_ayah:8:22:root:12
co-8_22-00942	8:22	w-s008-a022-w003	w-s008-a022-w006	د ب ب	ص م م	3	3	3	1	1	1	intra_ayah:8:22:root:13
co-8_22-00943	8:22	w-s008-a022-w003	w-s008-a022-w010	د ب ب	ع ق ل	7	5	5	1	2	2	intra_ayah:8:22:root:14
co-8_22-00944	8:22	w-s008-a022-w003	w-s008-a022-w004	د ب ب	ع ن د	1	1	1	1	2	2	intra_ayah:8:22:root:15
co-8_22-00945	8:22	w-s008-a022-w002	w-s008-a022-w006	ش ر ر	ص م م	4	4	4	1	1	1	intra_ayah:8:22:root:16
co-8_22-00946	8:22	w-s008-a022-w002	w-s008-a022-w010	ش ر ر	ع ق ل	8	6	6	1	1	1	intra_ayah:8:22:root:17
co-8_22-00947	8:22	w-s008-a022-w002	w-s008-a022-w004	ش ر ر	ع ن د	2	2	2	1	3	4	intra_ayah:8:22:root:18
co-8_22-00948	8:22	w-s008-a022-w006	w-s008-a022-w010	ص م م	ع ق ل	4	2	2	1	3	3	intra_ayah:8:22:root:19
co-8_22-00949	8:22	w-s008-a022-w005	w-s008-a022-w003	ء ل ه	د ب ب	2	2	2	1	12	18	intra_ayah:8:22:root:2
co-8_22-00950	8:22	w-s008-a022-w006	w-s008-a022-w004	ص م م	ع ن د	2	2	2	1	1	1	intra_ayah:8:22:root:20
co-8_22-00951	8:22	w-s008-a022-w010	w-s008-a022-w004	ع ق ل	ع ن د	6	4	4	1	4	4	intra_ayah:8:22:root:21
co-8_22-00952	8:22	w-s008-a022-w005	w-s008-a022-w002	ء ل ه	ش ر ر	3	3	3	1	9	14	intra_ayah:8:22:root:3
co-8_22-00953	8:22	w-s008-a022-w005	w-s008-a022-w006	ء ل ه	ص م م	1	1	1	1	5	8	intra_ayah:8:22:root:4
co-8_22-00954	8:22	w-s008-a022-w005	w-s008-a022-w010	ء ل ه	ع ق ل	5	3	3	1	19	22	intra_ayah:8:22:root:5
co-8_22-00955	8:22	w-s008-a022-w005	w-s008-a022-w004	ء ل ه	ع ن د	1	1	1	1	112	219	intra_ayah:8:22:root:6
co-8_22-00956	8:22	w-s008-a022-w007	w-s008-a022-w003	ب ك م	د ب ب	4	4	4	1	1	1	intra_ayah:8:22:root:7
co-8_22-00957	8:22	w-s008-a022-w007	w-s008-a022-w002	ب ك م	ش ر ر	5	5	5	1	1	1	intra_ayah:8:22:root:8
co-8_22-00958	8:22	w-s008-a022-w007	w-s008-a022-w006	ب ك م	ص م م	1	1	1	1	5	5	intra_ayah:8:22:root:9
co-8_23-00959	8:23	w-s008-a023-w003	w-s008-a023-w005	ء ل ه	خ ي ر	2	1	1	1	99	182	intra_ayah:8:23:root:1
co-8_23-00960	8:23	w-s008-a023-w006	w-s008-a023-w011	س م ع	ع ر ض	5	2	3	2	5	7	intra_ayah:8:23:root:10
co-8_23-00961	8:23	w-s008-a023-w008	w-s008-a023-w011	س م ع	ع ر ض	3	2	3	2	5	7	intra_ayah:8:23:root:10
co-8_23-00962	8:23	w-s008-a023-w006	w-s008-a023-w002	س م ع	ع ل م	4	3	4	2	44	49	intra_ayah:8:23:root:11
co-8_23-00963	8:23	w-s008-a023-w008	w-s008-a023-w002	س م ع	ع ل م	6	3	4	2	44	49	intra_ayah:8:23:root:11
co-8_23-00964	8:23	w-s008-a023-w006	w-s008-a023-w009	س م ع	و ل ي	3	1	2	2	9	12	intra_ayah:8:23:root:12
co-8_23-00965	8:23	w-s008-a023-w008	w-s008-a023-w009	س م ع	و ل ي	1	1	2	2	9	12	intra_ayah:8:23:root:12
co-8_23-00966	8:23	w-s008-a023-w011	w-s008-a023-w002	ع ر ض	ع ل م	9	6	6	1	9	12	intra_ayah:8:23:root:13
co-8_23-00967	8:23	w-s008-a023-w011	w-s008-a023-w009	ع ر ض	و ل ي	2	1	1	1	6	6	intra_ayah:8:23:root:14
co-8_23-00968	8:23	w-s008-a023-w002	w-s008-a023-w009	ع ل م	و ل ي	7	5	5	1	28	35	intra_ayah:8:23:root:15
co-8_23-00969	8:23	w-s008-a023-w003	w-s008-a023-w006	ء ل ه	س م ع	3	2	3	2	70	128	intra_ayah:8:23:root:2
co-8_23-00970	8:23	w-s008-a023-w003	w-s008-a023-w008	ء ل ه	س م ع	5	2	3	2	70	128	intra_ayah:8:23:root:2
co-8_23-00971	8:23	w-s008-a023-w003	w-s008-a023-w011	ء ل ه	ع ر ض	8	5	5	1	24	47	intra_ayah:8:23:root:3
co-8_23-00972	8:23	w-s008-a023-w003	w-s008-a023-w002	ء ل ه	ع ل م	1	1	1	1	408	878	intra_ayah:8:23:root:4
co-8_23-00973	8:23	w-s008-a023-w003	w-s008-a023-w009	ء ل ه	و ل ي	6	4	4	1	124	209	intra_ayah:8:23:root:5
co-8_23-00974	8:23	w-s008-a023-w005	w-s008-a023-w006	خ ي ر	س م ع	1	1	2	2	6	11	intra_ayah:8:23:root:6
co-8_23-00975	8:23	w-s008-a023-w005	w-s008-a023-w008	خ ي ر	س م ع	3	1	2	2	6	11	intra_ayah:8:23:root:6
co-8_23-00976	8:23	w-s008-a023-w005	w-s008-a023-w011	خ ي ر	ع ر ض	6	4	4	1	4	5	intra_ayah:8:23:root:7
co-8_23-00977	8:23	w-s008-a023-w005	w-s008-a023-w002	خ ي ر	ع ل م	3	2	2	1	31	46	intra_ayah:8:23:root:8
co-8_23-00978	8:23	w-s008-a023-w005	w-s008-a023-w009	خ ي ر	و ل ي	4	3	3	1	10	13	intra_ayah:8:23:root:9
co-8_24-00979	8:24	w-s008-a024-w005	w-s008-a024-w003	ء ل ه	ء م ن	2	2	7	2	372	843	intra_ayah:8:24:root:1
co-8_24-00980	8:24	w-s008-a024-w013	w-s008-a024-w003	ء ل ه	ء م ن	10	2	7	2	372	843	intra_ayah:8:24:root:1
co-8_24-00981	8:24	w-s008-a024-w005	w-s008-a024-w017	ء ل ه	ق ل ب	12	4	9	2	94	178	intra_ayah:8:24:root:10
co-8_24-00982	8:24	w-s008-a024-w013	w-s008-a024-w017	ء ل ه	ق ل ب	4	4	9	2	94	178	intra_ayah:8:24:root:10
co-8_24-00983	8:24	w-s008-a024-w005	w-s008-a024-w016	ء ل ه	م ر ء	11	3	8	2	12	25	intra_ayah:8:24:root:11
co-8_24-00984	8:24	w-s008-a024-w013	w-s008-a024-w016	ء ل ه	م ر ء	3	3	8	2	12	25	intra_ayah:8:24:root:11
co-8_24-00985	8:24	w-s008-a024-w003	w-s008-a024-w015	ء م ن	ب ي ن	12	9	9	1	79	134	intra_ayah:8:24:root:12
co-8_24-00986	8:24	w-s008-a024-w003	w-s008-a024-w004	ء م ن	ج و ب	1	1	1	1	6	7	intra_ayah:8:24:root:13
co-8_24-00987	8:24	w-s008-a024-w003	w-s008-a024-w020	ء م ن	ح ش ر	17	12	12	1	4	4	intra_ayah:8:24:root:14
co-8_24-00988	8:24	w-s008-a024-w003	w-s008-a024-w014	ء م ن	ح و ل	11	8	8	1	4	7	intra_ayah:8:24:root:15
co-8_24-00989	8:24	w-s008-a024-w003	w-s008-a024-w010	ء م ن	ح ي ي	7	5	5	1	23	30	intra_ayah:8:24:root:16
co-8_24-00990	8:24	w-s008-a024-w003	w-s008-a024-w008	ء م ن	د ع و	5	4	4	1	15	26	intra_ayah:8:24:root:17
co-8_24-00991	8:24	w-s008-a024-w003	w-s008-a024-w006	ء م ن	ر س ل	3	3	3	1	107	176	intra_ayah:8:24:root:18
co-8_24-00992	8:24	w-s008-a024-w003	w-s008-a024-w011	ء م ن	ع ل م	8	6	6	1	99	166	intra_ayah:8:24:root:19
co-8_24-00993	8:24	w-s008-a024-w005	w-s008-a024-w015	ء ل ه	ب ي ن	10	2	7	2	207	430	intra_ayah:8:24:root:2
co-8_24-00994	8:24	w-s008-a024-w013	w-s008-a024-w015	ء ل ه	ب ي ن	2	2	7	2	207	430	intra_ayah:8:24:root:2
co-8_24-00995	8:24	w-s008-a024-w003	w-s008-a024-w017	ء م ن	ق ل ب	14	11	11	1	49	72	intra_ayah:8:24:root:20
co-8_24-00996	8:24	w-s008-a024-w003	w-s008-a024-w016	ء م ن	م ر ء	13	10	10	1	5	7	intra_ayah:8:24:root:21
co-8_24-00997	8:24	w-s008-a024-w015	w-s008-a024-w004	ب ي ن	ج و ب	11	8	8	1	4	4	intra_ayah:8:24:root:22
co-8_24-00998	8:24	w-s008-a024-w015	w-s008-a024-w020	ب ي ن	ح ش ر	5	3	3	1	3	3	intra_ayah:8:24:root:23
co-8_24-00999	8:24	w-s008-a024-w015	w-s008-a024-w014	ب ي ن	ح و ل	1	1	1	1	5	6	intra_ayah:8:24:root:24
co-8_24-01000	8:24	w-s008-a024-w015	w-s008-a024-w010	ب ي ن	ح ي ي	5	4	4	1	14	20	intra_ayah:8:24:root:25
co-8_24-01001	8:24	w-s008-a024-w015	w-s008-a024-w008	ب ي ن	د ع و	7	5	5	1	20	31	intra_ayah:8:24:root:26
co-8_24-01002	8:24	w-s008-a024-w015	w-s008-a024-w006	ب ي ن	ر س ل	9	6	6	1	69	100	intra_ayah:8:24:root:27
co-8_24-01003	8:24	w-s008-a024-w015	w-s008-a024-w011	ب ي ن	ع ل م	4	3	3	1	82	119	intra_ayah:8:24:root:28
co-8_24-01004	8:24	w-s008-a024-w015	w-s008-a024-w017	ب ي ن	ق ل ب	2	2	2	1	11	18	intra_ayah:8:24:root:29
co-8_24-01005	8:24	w-s008-a024-w005	w-s008-a024-w004	ء ل ه	ج و ب	1	1	6	2	18	24	intra_ayah:8:24:root:3
co-8_24-01006	8:24	w-s008-a024-w013	w-s008-a024-w004	ء ل ه	ج و ب	9	1	6	2	18	24	intra_ayah:8:24:root:3
co-8_24-01007	8:24	w-s008-a024-w015	w-s008-a024-w016	ب ي ن	م ر ء	1	1	1	1	6	7	intra_ayah:8:24:root:30
co-8_24-01008	8:24	w-s008-a024-w004	w-s008-a024-w020	ج و ب	ح ش ر	16	11	11	1	1	1	intra_ayah:8:24:root:31
co-8_24-01009	8:24	w-s008-a024-w004	w-s008-a024-w014	ج و ب	ح و ل	10	7	7	1	1	1	intra_ayah:8:24:root:32
co-8_24-01010	8:24	w-s008-a024-w004	w-s008-a024-w010	ج و ب	ح ي ي	6	4	4	1	1	1	intra_ayah:8:24:root:33
co-8_24-01011	8:24	w-s008-a024-w004	w-s008-a024-w008	ج و ب	د ع و	4	3	3	1	17	28	intra_ayah:8:24:root:34
co-8_24-01012	8:24	w-s008-a024-w004	w-s008-a024-w006	ج و ب	ر س ل	2	2	2	1	5	5	intra_ayah:8:24:root:35
co-8_24-01013	8:24	w-s008-a024-w004	w-s008-a024-w011	ج و ب	ع ل م	7	5	5	1	6	8	intra_ayah:8:24:root:36
co-8_24-01014	8:24	w-s008-a024-w004	w-s008-a024-w017	ج و ب	ق ل ب	13	10	10	1	1	1	intra_ayah:8:24:root:37
co-8_24-01015	8:24	w-s008-a024-w004	w-s008-a024-w016	ج و ب	م ر ء	12	9	9	1	1	1	intra_ayah:8:24:root:38
co-8_24-01016	8:24	w-s008-a024-w020	w-s008-a024-w014	ح ش ر	ح و ل	6	4	4	1	2	2	intra_ayah:8:24:root:39
co-8_24-01017	8:24	w-s008-a024-w005	w-s008-a024-w020	ء ل ه	ح ش ر	15	5	10	2	14	17	intra_ayah:8:24:root:4
co-8_24-01018	8:24	w-s008-a024-w013	w-s008-a024-w020	ء ل ه	ح ش ر	7	5	10	2	14	17	intra_ayah:8:24:root:4
co-8_24-01019	8:24	w-s008-a024-w020	w-s008-a024-w010	ح ش ر	ح ي ي	10	7	7	1	1	1	intra_ayah:8:24:root:40
co-8_24-01020	8:24	w-s008-a024-w020	w-s008-a024-w008	ح ش ر	د ع و	12	8	8	1	1	1	intra_ayah:8:24:root:41
co-8_24-01021	8:24	w-s008-a024-w020	w-s008-a024-w006	ح ش ر	ر س ل	14	9	9	1	4	4	intra_ayah:8:24:root:42
co-8_24-01022	8:24	w-s008-a024-w020	w-s008-a024-w011	ح ش ر	ع ل م	9	6	6	1	4	4	intra_ayah:8:24:root:43
co-8_24-01023	8:24	w-s008-a024-w020	w-s008-a024-w017	ح ش ر	ق ل ب	3	1	1	1	2	2	intra_ayah:8:24:root:44
co-8_24-01024	8:24	w-s008-a024-w020	w-s008-a024-w016	ح ش ر	م ر ء	4	2	2	1	1	1	intra_ayah:8:24:root:45
co-8_24-01025	8:24	w-s008-a024-w014	w-s008-a024-w010	ح و ل	ح ي ي	4	3	3	1	1	1	intra_ayah:8:24:root:46
co-8_24-01026	8:24	w-s008-a024-w014	w-s008-a024-w008	ح و ل	د ع و	6	4	4	1	2	2	intra_ayah:8:24:root:47
co-8_24-01027	8:24	w-s008-a024-w014	w-s008-a024-w006	ح و ل	ر س ل	8	5	5	1	3	4	intra_ayah:8:24:root:48
co-8_24-01028	8:24	w-s008-a024-w014	w-s008-a024-w011	ح و ل	ع ل م	3	2	2	1	7	8	intra_ayah:8:24:root:49
co-8_24-01029	8:24	w-s008-a024-w005	w-s008-a024-w014	ء ل ه	ح و ل	9	1	6	2	11	18	intra_ayah:8:24:root:5
co-8_24-01030	8:24	w-s008-a024-w013	w-s008-a024-w014	ء ل ه	ح و ل	1	1	6	2	11	18	intra_ayah:8:24:root:5
co-8_24-01031	8:24	w-s008-a024-w014	w-s008-a024-w017	ح و ل	ق ل ب	3	3	3	1	2	2	intra_ayah:8:24:root:50
co-8_24-01032	8:24	w-s008-a024-w014	w-s008-a024-w016	ح و ل	م ر ء	2	2	2	1	1	1	intra_ayah:8:24:root:51
co-8_24-01033	8:24	w-s008-a024-w010	w-s008-a024-w008	ح ي ي	د ع و	2	1	1	1	8	10	intra_ayah:8:24:root:52
co-8_24-01034	8:24	w-s008-a024-w010	w-s008-a024-w006	ح ي ي	ر س ل	4	2	2	1	10	14	intra_ayah:8:24:root:53
co-8_24-01035	8:24	w-s008-a024-w010	w-s008-a024-w011	ح ي ي	ع ل م	1	1	1	1	19	24	intra_ayah:8:24:root:54
co-8_24-01036	8:24	w-s008-a024-w010	w-s008-a024-w017	ح ي ي	ق ل ب	7	6	6	1	7	10	intra_ayah:8:24:root:55
co-8_24-01037	8:24	w-s008-a024-w010	w-s008-a024-w016	ح ي ي	م ر ء	6	5	5	1	1	1	intra_ayah:8:24:root:56
co-8_24-01038	8:24	w-s008-a024-w008	w-s008-a024-w006	د ع و	ر س ل	2	1	1	1	13	16	intra_ayah:8:24:root:57
co-8_24-01039	8:24	w-s008-a024-w008	w-s008-a024-w011	د ع و	ع ل م	3	2	2	1	19	27	intra_ayah:8:24:root:58
co-8_24-01040	8:24	w-s008-a024-w008	w-s008-a024-w017	د ع و	ق ل ب	9	7	7	1	9	10	intra_ayah:8:24:root:59
co-8_24-01041	8:24	w-s008-a024-w005	w-s008-a024-w010	ء ل ه	ح ي ي	5	2	3	2	73	128	intra_ayah:8:24:root:6
co-8_24-01042	8:24	w-s008-a024-w013	w-s008-a024-w010	ء ل ه	ح ي ي	3	2	3	2	73	128	intra_ayah:8:24:root:6
co-8_24-01043	8:24	w-s008-a024-w008	w-s008-a024-w016	د ع و	م ر ء	8	6	6	1	2	2	intra_ayah:8:24:root:60
co-8_24-01044	8:24	w-s008-a024-w006	w-s008-a024-w011	ر س ل	ع ل م	5	3	3	1	59	80	intra_ayah:8:24:root:61
co-8_24-01045	8:24	w-s008-a024-w006	w-s008-a024-w017	ر س ل	ق ل ب	11	8	8	1	18	25	intra_ayah:8:24:root:62
co-8_24-01046	8:24	w-s008-a024-w006	w-s008-a024-w016	ر س ل	م ر ء	10	7	7	1	3	3	intra_ayah:8:24:root:63
co-8_24-01047	8:24	w-s008-a024-w011	w-s008-a024-w017	ع ل م	ق ل ب	6	5	5	1	32	40	intra_ayah:8:24:root:64
co-8_24-01048	8:24	w-s008-a024-w011	w-s008-a024-w016	ع ل م	م ر ء	5	4	4	1	10	18	intra_ayah:8:24:root:65
co-8_24-01049	8:24	w-s008-a024-w017	w-s008-a024-w016	ق ل ب	م ر ء	1	1	1	1	1	1	intra_ayah:8:24:root:66
co-8_24-01050	8:24	w-s008-a024-w005	w-s008-a024-w008	ء ل ه	د ع و	3	2	3	2	88	149	intra_ayah:8:24:root:7
co-8_24-01051	8:24	w-s008-a024-w013	w-s008-a024-w008	ء ل ه	د ع و	5	2	3	2	88	149	intra_ayah:8:24:root:7
co-8_24-01052	8:24	w-s008-a024-w005	w-s008-a024-w006	ء ل ه	ر س ل	1	1	4	2	211	488	intra_ayah:8:24:root:8
co-8_24-01053	8:24	w-s008-a024-w013	w-s008-a024-w006	ء ل ه	ر س ل	7	1	4	2	211	488	intra_ayah:8:24:root:8
co-8_24-01054	8:24	w-s008-a024-w005	w-s008-a024-w011	ء ل ه	ع ل م	6	1	4	2	408	878	intra_ayah:8:24:root:9
co-8_24-01055	8:24	w-s008-a024-w013	w-s008-a024-w011	ء ل ه	ع ل م	2	1	4	2	408	878	intra_ayah:8:24:root:9
co-8_25-01056	8:25	w-s008-a025-w011	w-s008-a025-w008	ء ل ه	خ ص ص	3	2	2	1	3	4	intra_ayah:8:25:root:1
co-8_25-01057	8:25	w-s008-a025-w008	w-s008-a025-w004	خ ص ص	ص و ب	4	2	2	1	1	1	intra_ayah:8:25:root:10
co-8_25-01058	8:25	w-s008-a025-w008	w-s008-a025-w006	خ ص ص	ظ ل م	2	1	1	1	1	1	intra_ayah:8:25:root:11
co-8_25-01059	8:25	w-s008-a025-w008	w-s008-a025-w013	خ ص ص	ع ق ب	5	4	4	1	1	1	intra_ayah:8:25:root:12
co-8_25-01060	8:25	w-s008-a025-w008	w-s008-a025-w009	خ ص ص	ع ل م	1	1	1	1	1	1	intra_ayah:8:25:root:13
co-8_25-01061	8:25	w-s008-a025-w008	w-s008-a025-w002	خ ص ص	ف ت ن	6	3	3	1	1	1	intra_ayah:8:25:root:14
co-8_25-01062	8:25	w-s008-a025-w008	w-s008-a025-w001	خ ص ص	و ق ي	7	4	4	1	2	2	intra_ayah:8:25:root:15
co-8_25-01063	8:25	w-s008-a025-w012	w-s008-a025-w004	ش د د	ص و ب	8	5	5	1	3	3	intra_ayah:8:25:root:16
co-8_25-01064	8:25	w-s008-a025-w012	w-s008-a025-w006	ش د د	ظ ل م	6	4	4	1	6	8	intra_ayah:8:25:root:17
co-8_25-01065	8:25	w-s008-a025-w012	w-s008-a025-w013	ش د د	ع ق ب	1	1	1	1	18	19	intra_ayah:8:25:root:18
co-8_25-01066	8:25	w-s008-a025-w012	w-s008-a025-w009	ش د د	ع ل م	3	2	2	1	14	18	intra_ayah:8:25:root:19
co-8_25-01067	8:25	w-s008-a025-w011	w-s008-a025-w012	ء ل ه	ش د د	1	1	1	1	47	94	intra_ayah:8:25:root:2
co-8_25-01068	8:25	w-s008-a025-w012	w-s008-a025-w002	ش د د	ف ت ن	10	6	6	1	2	2	intra_ayah:8:25:root:20
co-8_25-01069	8:25	w-s008-a025-w012	w-s008-a025-w001	ش د د	و ق ي	11	7	7	1	9	10	intra_ayah:8:25:root:21
co-8_25-01070	8:25	w-s008-a025-w004	w-s008-a025-w006	ص و ب	ظ ل م	2	1	1	1	4	7	intra_ayah:8:25:root:22
co-8_25-01071	8:25	w-s008-a025-w004	w-s008-a025-w013	ص و ب	ع ق ب	9	6	6	1	1	1	intra_ayah:8:25:root:23
co-8_25-01072	8:25	w-s008-a025-w004	w-s008-a025-w009	ص و ب	ع ل م	5	3	3	1	8	11	intra_ayah:8:25:root:24
co-8_25-01073	8:25	w-s008-a025-w004	w-s008-a025-w002	ص و ب	ف ت ن	2	1	1	1	4	6	intra_ayah:8:25:root:25
co-8_25-01074	8:25	w-s008-a025-w004	w-s008-a025-w001	ص و ب	و ق ي	3	2	2	1	4	4	intra_ayah:8:25:root:26
co-8_25-01075	8:25	w-s008-a025-w006	w-s008-a025-w013	ظ ل م	ع ق ب	7	5	5	1	10	11	intra_ayah:8:25:root:27
co-8_25-01076	8:25	w-s008-a025-w006	w-s008-a025-w009	ظ ل م	ع ل م	3	2	2	1	37	45	intra_ayah:8:25:root:28
co-8_25-01077	8:25	w-s008-a025-w006	w-s008-a025-w002	ظ ل م	ف ت ن	4	2	2	1	7	7	intra_ayah:8:25:root:29
co-8_25-01078	8:25	w-s008-a025-w011	w-s008-a025-w004	ء ل ه	ص و ب	7	4	4	1	39	78	intra_ayah:8:25:root:3
co-8_25-01079	8:25	w-s008-a025-w006	w-s008-a025-w001	ظ ل م	و ق ي	5	3	3	1	10	10	intra_ayah:8:25:root:30
co-8_25-01080	8:25	w-s008-a025-w013	w-s008-a025-w009	ع ق ب	ع ل م	4	3	3	1	11	12	intra_ayah:8:25:root:31
co-8_25-01081	8:25	w-s008-a025-w013	w-s008-a025-w002	ع ق ب	ف ت ن	11	7	7	1	1	1	intra_ayah:8:25:root:32
co-8_25-01082	8:25	w-s008-a025-w013	w-s008-a025-w001	ع ق ب	و ق ي	12	8	8	1	12	16	intra_ayah:8:25:root:33
co-8_25-01083	8:25	w-s008-a025-w009	w-s008-a025-w002	ع ل م	ف ت ن	7	4	4	1	12	21	intra_ayah:8:25:root:34
co-8_25-01084	8:25	w-s008-a025-w009	w-s008-a025-w001	ع ل م	و ق ي	8	5	5	1	31	45	intra_ayah:8:25:root:35
co-8_25-01085	8:25	w-s008-a025-w002	w-s008-a025-w001	ف ت ن	و ق ي	1	1	1	1	1	1	intra_ayah:8:25:root:36
co-8_25-01086	8:25	w-s008-a025-w011	w-s008-a025-w006	ء ل ه	ظ ل م	5	3	3	1	131	222	intra_ayah:8:25:root:4
co-8_25-01087	8:25	w-s008-a025-w011	w-s008-a025-w013	ء ل ه	ع ق ب	2	2	2	1	33	68	intra_ayah:8:25:root:5
co-8_25-01088	8:25	w-s008-a025-w011	w-s008-a025-w009	ء ل ه	ع ل م	2	1	1	1	408	878	intra_ayah:8:25:root:6
co-8_25-01089	8:25	w-s008-a025-w011	w-s008-a025-w002	ء ل ه	ف ت ن	9	5	5	1	23	36	intra_ayah:8:25:root:7
co-8_25-01090	8:25	w-s008-a025-w011	w-s008-a025-w001	ء ل ه	و ق ي	10	6	6	1	135	258	intra_ayah:8:25:root:8
co-8_25-01091	8:25	w-s008-a025-w008	w-s008-a025-w012	خ ص ص	ش د د	4	3	3	1	1	1	intra_ayah:8:25:root:9
co-8_26-01092	8:26	w-s008-a026-w007	w-s008-a026-w012	ء ر ض	ء و ي	5	4	4	1	4	5	intra_ayah:8:26:root:1
co-8_26-01093	8:26	w-s008-a026-w007	w-s008-a026-w004	ء ر ض	ق ل ل	3	2	2	1	6	6	intra_ayah:8:26:root:10
co-8_26-01094	8:26	w-s008-a026-w007	w-s008-a026-w014	ء ر ض	ن ص ر	7	6	6	1	11	12	intra_ayah:8:26:root:11
co-8_26-01095	8:26	w-s008-a026-w007	w-s008-a026-w011	ء ر ض	ن و س	4	3	3	1	31	39	intra_ayah:8:26:root:12
co-8_26-01096	8:26	w-s008-a026-w012	w-s008-a026-w013	ء و ي	ء ي د	1	1	1	1	1	1	intra_ayah:8:26:root:13
co-8_26-01097	8:26	w-s008-a026-w012	w-s008-a026-w010	ء و ي	خ ط ف	2	2	2	1	1	1	intra_ayah:8:26:root:14
co-8_26-01098	8:26	w-s008-a026-w012	w-s008-a026-w008	ء و ي	خ و ف	4	3	3	1	1	1	intra_ayah:8:26:root:15
co-8_26-01099	8:26	w-s008-a026-w012	w-s008-a026-w001	ء و ي	ذ ك ر	11	7	7	1	2	2	intra_ayah:8:26:root:16
co-8_26-01100	8:26	w-s008-a026-w012	w-s008-a026-w015	ء و ي	ر ز ق	3	3	3	1	2	2	intra_ayah:8:26:root:17
co-8_26-01101	8:26	w-s008-a026-w012	w-s008-a026-w019	ء و ي	ش ك ر	7	5	5	1	1	1	intra_ayah:8:26:root:18
co-8_26-01102	8:26	w-s008-a026-w012	w-s008-a026-w005	ء و ي	ض ع ف	7	5	5	1	2	2	intra_ayah:8:26:root:19
co-8_26-01103	8:26	w-s008-a026-w007	w-s008-a026-w013	ء ر ض	ء ي د	6	5	5	1	1	1	intra_ayah:8:26:root:2
co-8_26-01104	8:26	w-s008-a026-w012	w-s008-a026-w017	ء و ي	ط ي ب	5	4	4	1	1	1	intra_ayah:8:26:root:20
co-8_26-01105	8:26	w-s008-a026-w012	w-s008-a026-w004	ء و ي	ق ل ل	8	6	6	1	2	2	intra_ayah:8:26:root:21
co-8_26-01106	8:26	w-s008-a026-w012	w-s008-a026-w014	ء و ي	ن ص ر	2	2	2	1	6	8	intra_ayah:8:26:root:22
co-8_26-01107	8:26	w-s008-a026-w012	w-s008-a026-w011	ء و ي	ن و س	1	1	1	1	1	1	intra_ayah:8:26:root:23
co-8_26-01108	8:26	w-s008-a026-w013	w-s008-a026-w010	ء ي د	خ ط ف	3	3	3	1	1	1	intra_ayah:8:26:root:24
co-8_26-01109	8:26	w-s008-a026-w013	w-s008-a026-w008	ء ي د	خ و ف	5	4	4	1	1	1	intra_ayah:8:26:root:25
co-8_26-01110	8:26	w-s008-a026-w013	w-s008-a026-w001	ء ي د	ذ ك ر	12	8	8	1	3	3	intra_ayah:8:26:root:26
co-8_26-01111	8:26	w-s008-a026-w013	w-s008-a026-w015	ء ي د	ر ز ق	2	2	2	1	1	1	intra_ayah:8:26:root:27
co-8_26-01112	8:26	w-s008-a026-w013	w-s008-a026-w019	ء ي د	ش ك ر	6	4	4	1	1	1	intra_ayah:8:26:root:28
co-8_26-01113	8:26	w-s008-a026-w013	w-s008-a026-w005	ء ي د	ض ع ف	8	6	6	1	1	1	intra_ayah:8:26:root:29
co-8_26-01114	8:26	w-s008-a026-w007	w-s008-a026-w010	ء ر ض	خ ط ف	3	2	2	1	2	2	intra_ayah:8:26:root:3
co-8_26-01115	8:26	w-s008-a026-w013	w-s008-a026-w017	ء ي د	ط ي ب	4	3	3	1	1	1	intra_ayah:8:26:root:30
co-8_26-01116	8:26	w-s008-a026-w013	w-s008-a026-w004	ء ي د	ق ل ل	9	7	7	1	1	1	intra_ayah:8:26:root:31
co-8_26-01117	8:26	w-s008-a026-w013	w-s008-a026-w014	ء ي د	ن ص ر	1	1	1	1	5	8	intra_ayah:8:26:root:32
co-8_26-01118	8:26	w-s008-a026-w013	w-s008-a026-w011	ء ي د	ن و س	2	2	2	1	2	2	intra_ayah:8:26:root:33
co-8_26-01119	8:26	w-s008-a026-w010	w-s008-a026-w008	خ ط ف	خ و ف	2	1	1	1	1	1	intra_ayah:8:26:root:34
co-8_26-01120	8:26	w-s008-a026-w010	w-s008-a026-w001	خ ط ف	ذ ك ر	9	5	5	1	1	1	intra_ayah:8:26:root:35
co-8_26-01121	8:26	w-s008-a026-w010	w-s008-a026-w015	خ ط ف	ر ز ق	5	5	5	1	2	2	intra_ayah:8:26:root:36
co-8_26-01122	8:26	w-s008-a026-w010	w-s008-a026-w019	خ ط ف	ش ك ر	9	7	7	1	1	1	intra_ayah:8:26:root:37
co-8_26-01123	8:26	w-s008-a026-w010	w-s008-a026-w005	خ ط ف	ض ع ف	5	3	3	1	1	1	intra_ayah:8:26:root:38
co-8_26-01124	8:26	w-s008-a026-w010	w-s008-a026-w017	خ ط ف	ط ي ب	7	6	6	1	1	1	intra_ayah:8:26:root:39
co-8_26-01125	8:26	w-s008-a026-w007	w-s008-a026-w008	ء ر ض	خ و ف	1	1	1	1	8	9	intra_ayah:8:26:root:4
co-8_26-01126	8:26	w-s008-a026-w010	w-s008-a026-w004	خ ط ف	ق ل ل	6	4	4	1	1	1	intra_ayah:8:26:root:40
co-8_26-01127	8:26	w-s008-a026-w010	w-s008-a026-w014	خ ط ف	ن ص ر	4	4	4	1	1	1	intra_ayah:8:26:root:41
co-8_26-01128	8:26	w-s008-a026-w010	w-s008-a026-w011	خ ط ف	ن و س	1	1	1	1	2	2	intra_ayah:8:26:root:42
co-8_26-01129	8:26	w-s008-a026-w008	w-s008-a026-w001	خ و ف	ذ ك ر	7	4	4	1	8	8	intra_ayah:8:26:root:43
co-8_26-01130	8:26	w-s008-a026-w008	w-s008-a026-w015	خ و ف	ر ز ق	7	6	6	1	4	5	intra_ayah:8:26:root:44
co-8_26-01131	8:26	w-s008-a026-w008	w-s008-a026-w019	خ و ف	ش ك ر	11	8	8	1	1	1	intra_ayah:8:26:root:45
co-8_26-01132	8:26	w-s008-a026-w008	w-s008-a026-w005	خ و ف	ض ع ف	3	2	2	1	2	2	intra_ayah:8:26:root:46
co-8_26-01133	8:26	w-s008-a026-w008	w-s008-a026-w017	خ و ف	ط ي ب	9	7	7	1	2	3	intra_ayah:8:26:root:47
co-8_26-01134	8:26	w-s008-a026-w008	w-s008-a026-w004	خ و ف	ق ل ل	4	3	3	1	2	2	intra_ayah:8:26:root:48
co-8_26-01135	8:26	w-s008-a026-w008	w-s008-a026-w014	خ و ف	ن ص ر	6	5	5	1	4	4	intra_ayah:8:26:root:49
co-8_26-01136	8:26	w-s008-a026-w007	w-s008-a026-w001	ء ر ض	ذ ك ر	6	3	3	1	13	17	intra_ayah:8:26:root:5
co-8_26-01137	8:26	w-s008-a026-w008	w-s008-a026-w011	خ و ف	ن و س	3	2	2	1	4	5	intra_ayah:8:26:root:50
co-8_26-01138	8:26	w-s008-a026-w001	w-s008-a026-w015	ذ ك ر	ر ز ق	14	10	10	1	7	7	intra_ayah:8:26:root:51
co-8_26-01139	8:26	w-s008-a026-w001	w-s008-a026-w019	ذ ك ر	ش ك ر	18	12	12	1	5	6	intra_ayah:8:26:root:52
co-8_26-01140	8:26	w-s008-a026-w001	w-s008-a026-w005	ذ ك ر	ض ع ف	4	2	2	1	2	2	intra_ayah:8:26:root:53
co-8_26-01141	8:26	w-s008-a026-w001	w-s008-a026-w017	ذ ك ر	ط ي ب	16	11	11	1	3	3	intra_ayah:8:26:root:54
co-8_26-01142	8:26	w-s008-a026-w001	w-s008-a026-w004	ذ ك ر	ق ل ل	3	1	1	1	9	9	intra_ayah:8:26:root:55
co-8_26-01143	8:26	w-s008-a026-w001	w-s008-a026-w014	ذ ك ر	ن ص ر	13	9	9	1	6	8	intra_ayah:8:26:root:56
co-8_26-01144	8:26	w-s008-a026-w001	w-s008-a026-w011	ذ ك ر	ن و س	10	6	6	1	16	18	intra_ayah:8:26:root:57
co-8_26-01145	8:26	w-s008-a026-w015	w-s008-a026-w019	ر ز ق	ش ك ر	4	2	2	1	6	7	intra_ayah:8:26:root:58
co-8_26-01146	8:26	w-s008-a026-w015	w-s008-a026-w005	ر ز ق	ض ع ف	10	8	8	1	1	1	intra_ayah:8:26:root:59
co-8_26-01147	8:26	w-s008-a026-w007	w-s008-a026-w015	ء ر ض	ر ز ق	8	7	7	1	16	16	intra_ayah:8:26:root:6
co-8_26-01148	8:26	w-s008-a026-w015	w-s008-a026-w017	ر ز ق	ط ي ب	2	1	1	1	15	18	intra_ayah:8:26:root:60
co-8_26-01149	8:26	w-s008-a026-w015	w-s008-a026-w004	ر ز ق	ق ل ل	11	9	9	1	2	2	intra_ayah:8:26:root:61
co-8_26-01150	8:26	w-s008-a026-w015	w-s008-a026-w014	ر ز ق	ن ص ر	1	1	1	1	2	2	intra_ayah:8:26:root:62
co-8_26-01151	8:26	w-s008-a026-w015	w-s008-a026-w011	ر ز ق	ن و س	4	4	4	1	4	4	intra_ayah:8:26:root:63
co-8_26-01152	8:26	w-s008-a026-w019	w-s008-a026-w005	ش ك ر	ض ع ف	14	10	10	1	2	2	intra_ayah:8:26:root:64
co-8_26-01153	8:26	w-s008-a026-w019	w-s008-a026-w017	ش ك ر	ط ي ب	2	1	1	1	7	7	intra_ayah:8:26:root:65
co-8_26-01154	8:26	w-s008-a026-w019	w-s008-a026-w004	ش ك ر	ق ل ل	15	11	11	1	6	7	intra_ayah:8:26:root:66
co-8_26-01155	8:26	w-s008-a026-w019	w-s008-a026-w014	ش ك ر	ن ص ر	5	3	3	1	2	2	intra_ayah:8:26:root:67
co-8_26-01156	8:26	w-s008-a026-w019	w-s008-a026-w011	ش ك ر	ن و س	8	6	6	1	9	12	intra_ayah:8:26:root:68
co-8_26-01157	8:26	w-s008-a026-w005	w-s008-a026-w017	ض ع ف	ط ي ب	12	9	9	1	1	1	intra_ayah:8:26:root:69
co-8_26-01158	8:26	w-s008-a026-w007	w-s008-a026-w019	ء ر ض	ش ك ر	12	9	9	1	2	2	intra_ayah:8:26:root:7
co-8_26-01159	8:26	w-s008-a026-w005	w-s008-a026-w004	ض ع ف	ق ل ل	1	1	1	1	2	2	intra_ayah:8:26:root:70
co-8_26-01160	8:26	w-s008-a026-w005	w-s008-a026-w014	ض ع ف	ن ص ر	9	7	7	1	4	5	intra_ayah:8:26:root:71
co-8_26-01161	8:26	w-s008-a026-w005	w-s008-a026-w011	ض ع ف	ن و س	6	4	4	1	3	3	intra_ayah:8:26:root:72
co-8_26-01162	8:26	w-s008-a026-w017	w-s008-a026-w004	ط ي ب	ق ل ل	13	10	10	1	1	1	intra_ayah:8:26:root:73
co-8_26-01163	8:26	w-s008-a026-w017	w-s008-a026-w014	ط ي ب	ن ص ر	3	2	2	1	2	2	intra_ayah:8:26:root:74
co-8_26-01164	8:26	w-s008-a026-w017	w-s008-a026-w011	ط ي ب	ن و س	6	5	5	1	2	2	intra_ayah:8:26:root:75
co-8_26-01165	8:26	w-s008-a026-w004	w-s008-a026-w014	ق ل ل	ن ص ر	10	8	8	1	2	2	intra_ayah:8:26:root:76
co-8_26-01166	8:26	w-s008-a026-w004	w-s008-a026-w011	ق ل ل	ن و س	7	5	5	1	6	6	intra_ayah:8:26:root:77
co-8_26-01167	8:26	w-s008-a026-w014	w-s008-a026-w011	ن ص ر	ن و س	3	3	3	1	6	9	intra_ayah:8:26:root:78
co-8_26-01168	8:26	w-s008-a026-w007	w-s008-a026-w005	ء ر ض	ض ع ف	2	1	1	1	6	7	intra_ayah:8:26:root:8
co-8_26-01169	8:26	w-s008-a026-w007	w-s008-a026-w017	ء ر ض	ط ي ب	10	8	8	1	5	5	intra_ayah:8:26:root:9
co-8_27-01170	8:27	w-s008-a027-w006	w-s008-a027-w003	ء ل ه	ء م ن	3	2	3	2	372	843	intra_ayah:8:27:root:1
co-8_27-01171	8:27	w-s008-a027-w006	w-s008-a027-w009	ء ل ه	ء م ن	3	2	3	2	372	843	intra_ayah:8:27:root:1
co-8_27-01172	8:27	w-s008-a027-w007	w-s008-a027-w011	ر س ل	ع ل م	4	3	3	1	59	80	intra_ayah:8:27:root:10
co-8_27-01173	8:27	w-s008-a027-w006	w-s008-a027-w005	ء ل ه	خ و ن	1	1	2	2	10	22	intra_ayah:8:27:root:2
co-8_27-01174	8:27	w-s008-a027-w006	w-s008-a027-w008	ء ل ه	خ و ن	2	1	2	2	10	22	intra_ayah:8:27:root:2
co-8_27-01175	8:27	w-s008-a027-w006	w-s008-a027-w007	ء ل ه	ر س ل	1	1	1	1	211	488	intra_ayah:8:27:root:3
co-8_27-01176	8:27	w-s008-a027-w006	w-s008-a027-w011	ء ل ه	ع ل م	5	4	4	1	408	878	intra_ayah:8:27:root:4
co-8_27-01177	8:27	w-s008-a027-w003	w-s008-a027-w005	ء م ن	خ و ن	2	1	4	4	2	5	intra_ayah:8:27:root:5
co-8_27-01178	8:27	w-s008-a027-w003	w-s008-a027-w008	ء م ن	خ و ن	5	1	4	4	2	5	intra_ayah:8:27:root:5
co-8_27-01179	8:27	w-s008-a027-w009	w-s008-a027-w005	ء م ن	خ و ن	4	1	4	4	2	5	intra_ayah:8:27:root:5
co-8_27-01180	8:27	w-s008-a027-w009	w-s008-a027-w008	ء م ن	خ و ن	1	1	4	4	2	5	intra_ayah:8:27:root:5
co-8_27-01181	8:27	w-s008-a027-w003	w-s008-a027-w007	ء م ن	ر س ل	4	2	3	2	107	176	intra_ayah:8:27:root:6
co-8_27-01182	8:27	w-s008-a027-w009	w-s008-a027-w007	ء م ن	ر س ل	2	2	3	2	107	176	intra_ayah:8:27:root:6
co-8_27-01183	8:27	w-s008-a027-w003	w-s008-a027-w011	ء م ن	ع ل م	8	1	6	2	99	166	intra_ayah:8:27:root:7
co-8_27-01184	8:27	w-s008-a027-w009	w-s008-a027-w011	ء م ن	ع ل م	2	1	6	2	99	166	intra_ayah:8:27:root:7
co-8_27-01185	8:27	w-s008-a027-w005	w-s008-a027-w007	خ و ن	ر س ل	2	1	2	2	1	2	intra_ayah:8:27:root:8
co-8_27-01186	8:27	w-s008-a027-w008	w-s008-a027-w007	خ و ن	ر س ل	1	1	2	2	1	2	intra_ayah:8:27:root:8
co-8_27-01187	8:27	w-s008-a027-w005	w-s008-a027-w011	خ و ن	ع ل م	6	2	5	2	5	8	intra_ayah:8:27:root:9
co-8_27-01188	8:27	w-s008-a027-w008	w-s008-a027-w011	خ و ن	ع ل م	3	2	5	2	5	8	intra_ayah:8:27:root:9
co-8_28-01189	8:28	w-s008-a028-w009	w-s008-a028-w007	ء ج ر	ء ل ه	2	2	2	1	54	96	intra_ayah:8:28:root:1
co-8_28-01190	8:28	w-s008-a028-w007	w-s008-a028-w008	ء ل ه	ع ن د	1	1	1	1	112	219	intra_ayah:8:28:root:10
co-8_28-01191	8:28	w-s008-a028-w007	w-s008-a028-w005	ء ل ه	ف ت ن	2	1	1	1	23	36	intra_ayah:8:28:root:11
co-8_28-01192	8:28	w-s008-a028-w007	w-s008-a028-w003	ء ل ه	م و ل	4	3	3	1	44	79	intra_ayah:8:28:root:12
co-8_28-01193	8:28	w-s008-a028-w007	w-s008-a028-w004	ء ل ه	و ل د	3	2	2	1	42	104	intra_ayah:8:28:root:13
co-8_28-01194	8:28	w-s008-a028-w010	w-s008-a028-w001	ع ظ م	ع ل م	9	7	7	1	11	16	intra_ayah:8:28:root:14
co-8_28-01195	8:28	w-s008-a028-w010	w-s008-a028-w008	ع ظ م	ع ن د	2	2	2	1	11	11	intra_ayah:8:28:root:15
co-8_28-01196	8:28	w-s008-a028-w010	w-s008-a028-w005	ع ظ م	ف ت ن	5	4	4	1	3	3	intra_ayah:8:28:root:16
co-8_28-01197	8:28	w-s008-a028-w010	w-s008-a028-w003	ع ظ م	م و ل	7	6	6	1	5	6	intra_ayah:8:28:root:17
co-8_28-01198	8:28	w-s008-a028-w010	w-s008-a028-w004	ع ظ م	و ل د	6	5	5	1	2	2	intra_ayah:8:28:root:18
co-8_28-01199	8:28	w-s008-a028-w001	w-s008-a028-w008	ع ل م	ع ن د	7	5	5	1	44	64	intra_ayah:8:28:root:19
co-8_28-01200	8:28	w-s008-a028-w009	w-s008-a028-w010	ء ج ر	ع ظ م	1	1	1	1	20	20	intra_ayah:8:28:root:2
co-8_28-01201	8:28	w-s008-a028-w001	w-s008-a028-w005	ع ل م	ف ت ن	4	3	3	1	12	21	intra_ayah:8:28:root:20
co-8_28-01202	8:28	w-s008-a028-w001	w-s008-a028-w003	ع ل م	م و ل	2	1	1	1	12	14	intra_ayah:8:28:root:21
co-8_28-01203	8:28	w-s008-a028-w001	w-s008-a028-w004	ع ل م	و ل د	3	2	2	1	14	28	intra_ayah:8:28:root:22
co-8_28-01204	8:28	w-s008-a028-w008	w-s008-a028-w005	ع ن د	ف ت ن	3	2	2	1	6	6	intra_ayah:8:28:root:23
co-8_28-01205	8:28	w-s008-a028-w008	w-s008-a028-w003	ع ن د	م و ل	5	4	4	1	8	8	intra_ayah:8:28:root:24
co-8_28-01206	8:28	w-s008-a028-w008	w-s008-a028-w004	ع ن د	و ل د	4	3	3	1	5	5	intra_ayah:8:28:root:25
co-8_28-01207	8:28	w-s008-a028-w005	w-s008-a028-w003	ف ت ن	م و ل	2	2	2	1	2	2	intra_ayah:8:28:root:26
co-8_28-01208	8:28	w-s008-a028-w005	w-s008-a028-w004	ف ت ن	و ل د	1	1	1	1	2	2	intra_ayah:8:28:root:27
co-8_28-01209	8:28	w-s008-a028-w003	w-s008-a028-w004	م و ل	و ل د	1	1	1	1	16	16	intra_ayah:8:28:root:28
co-8_28-01210	8:28	w-s008-a028-w009	w-s008-a028-w001	ء ج ر	ع ل م	8	6	6	1	15	24	intra_ayah:8:28:root:3
co-8_28-01211	8:28	w-s008-a028-w009	w-s008-a028-w008	ء ج ر	ع ن د	1	1	1	1	14	15	intra_ayah:8:28:root:4
co-8_28-01212	8:28	w-s008-a028-w009	w-s008-a028-w005	ء ج ر	ف ت ن	4	3	3	1	2	2	intra_ayah:8:28:root:5
co-8_28-01213	8:28	w-s008-a028-w009	w-s008-a028-w003	ء ج ر	م و ل	6	5	5	1	8	9	intra_ayah:8:28:root:6
co-8_28-01214	8:28	w-s008-a028-w009	w-s008-a028-w004	ء ج ر	و ل د	5	4	4	1	2	2	intra_ayah:8:28:root:7
co-8_28-01215	8:28	w-s008-a028-w007	w-s008-a028-w010	ء ل ه	ع ظ م	3	3	3	1	69	126	intra_ayah:8:28:root:8
co-8_28-01216	8:28	w-s008-a028-w007	w-s008-a028-w001	ء ل ه	ع ل م	6	4	4	1	408	878	intra_ayah:8:28:root:9
co-8_29-01217	8:29	w-s008-a029-w006	w-s008-a029-w003	ء ل ه	ء م ن	3	2	8	2	372	843	intra_ayah:8:29:root:1
co-8_29-01218	8:29	w-s008-a029-w015	w-s008-a029-w003	ء ل ه	ء م ن	12	2	8	2	372	843	intra_ayah:8:29:root:1
co-8_29-01219	8:29	w-s008-a029-w003	w-s008-a029-w007	ء م ن	ج ع ل	4	3	3	1	41	59	intra_ayah:8:29:root:10
co-8_29-01220	8:29	w-s008-a029-w003	w-s008-a029-w012	ء م ن	س و ء	9	6	6	1	24	30	intra_ayah:8:29:root:11
co-8_29-01221	8:29	w-s008-a029-w003	w-s008-a029-w018	ء م ن	ع ظ م	15	10	10	1	21	32	intra_ayah:8:29:root:12
co-8_29-01222	8:29	w-s008-a029-w003	w-s008-a029-w013	ء م ن	غ ف ر	10	7	7	1	50	84	intra_ayah:8:29:root:13
co-8_29-01223	8:29	w-s008-a029-w003	w-s008-a029-w009	ء م ن	ف ر ق	6	4	4	1	20	24	intra_ayah:8:29:root:14
co-8_29-01224	8:29	w-s008-a029-w003	w-s008-a029-w017	ء م ن	ف ض ل	14	9	9	1	20	23	intra_ayah:8:29:root:15
co-8_29-01225	8:29	w-s008-a029-w003	w-s008-a029-w010	ء م ن	ك ف ر	7	5	5	1	126	190	intra_ayah:8:29:root:16
co-8_29-01226	8:29	w-s008-a029-w003	w-s008-a029-w005	ء م ن	و ق ي	2	1	1	1	55	81	intra_ayah:8:29:root:17
co-8_29-01227	8:29	w-s008-a029-w007	w-s008-a029-w012	ج ع ل	س و ء	5	3	3	1	5	6	intra_ayah:8:29:root:18
co-8_29-01228	8:29	w-s008-a029-w007	w-s008-a029-w018	ج ع ل	ع ظ م	11	7	7	1	3	3	intra_ayah:8:29:root:19
co-8_29-01229	8:29	w-s008-a029-w006	w-s008-a029-w007	ء ل ه	ج ع ل	1	1	5	2	118	237	intra_ayah:8:29:root:2
co-8_29-01230	8:29	w-s008-a029-w015	w-s008-a029-w007	ء ل ه	ج ع ل	8	1	5	2	118	237	intra_ayah:8:29:root:2
co-8_29-01231	8:29	w-s008-a029-w007	w-s008-a029-w013	ج ع ل	غ ف ر	6	4	4	1	8	9	intra_ayah:8:29:root:20
co-8_29-01232	8:29	w-s008-a029-w007	w-s008-a029-w009	ج ع ل	ف ر ق	2	1	1	1	2	2	intra_ayah:8:29:root:21
co-8_29-01233	8:29	w-s008-a029-w007	w-s008-a029-w017	ج ع ل	ف ض ل	10	6	6	1	4	5	intra_ayah:8:29:root:22
co-8_29-01234	8:29	w-s008-a029-w007	w-s008-a029-w010	ج ع ل	ك ف ر	3	2	2	1	31	46	intra_ayah:8:29:root:23
co-8_29-01235	8:29	w-s008-a029-w007	w-s008-a029-w005	ج ع ل	و ق ي	2	2	2	1	13	19	intra_ayah:8:29:root:24
co-8_29-01236	8:29	w-s008-a029-w012	w-s008-a029-w018	س و ء	ع ظ م	6	4	4	1	11	12	intra_ayah:8:29:root:25
co-8_29-01237	8:29	w-s008-a029-w012	w-s008-a029-w013	س و ء	غ ف ر	1	1	1	1	15	16	intra_ayah:8:29:root:26
co-8_29-01238	8:29	w-s008-a029-w012	w-s008-a029-w009	س و ء	ف ر ق	3	2	2	1	1	1	intra_ayah:8:29:root:27
co-8_29-01239	8:29	w-s008-a029-w012	w-s008-a029-w017	س و ء	ف ض ل	5	3	3	1	2	3	intra_ayah:8:29:root:28
co-8_29-01240	8:29	w-s008-a029-w012	w-s008-a029-w010	س و ء	ك ف ر	2	1	1	1	22	25	intra_ayah:8:29:root:29
co-8_29-01241	8:29	w-s008-a029-w006	w-s008-a029-w012	ء ل ه	س و ء	6	2	4	2	66	114	intra_ayah:8:29:root:3
co-8_29-01242	8:29	w-s008-a029-w015	w-s008-a029-w012	ء ل ه	س و ء	3	2	4	2	66	114	intra_ayah:8:29:root:3
co-8_29-01243	8:29	w-s008-a029-w012	w-s008-a029-w005	س و ء	و ق ي	7	5	5	1	10	15	intra_ayah:8:29:root:30
co-8_29-01244	8:29	w-s008-a029-w018	w-s008-a029-w013	ع ظ م	غ ف ر	5	3	3	1	10	12	intra_ayah:8:29:root:31
co-8_29-01245	8:29	w-s008-a029-w018	w-s008-a029-w009	ع ظ م	ف ر ق	9	6	6	1	3	3	intra_ayah:8:29:root:32
co-8_29-01246	8:29	w-s008-a029-w018	w-s008-a029-w017	ع ظ م	ف ض ل	1	1	1	1	15	22	intra_ayah:8:29:root:33
co-8_29-01247	8:29	w-s008-a029-w018	w-s008-a029-w010	ع ظ م	ك ف ر	8	5	5	1	12	14	intra_ayah:8:29:root:34
co-8_29-01248	8:29	w-s008-a029-w018	w-s008-a029-w005	ع ظ م	و ق ي	13	9	9	1	8	9	intra_ayah:8:29:root:35
co-8_29-01249	8:29	w-s008-a029-w013	w-s008-a029-w009	غ ف ر	ف ر ق	4	3	3	1	4	4	intra_ayah:8:29:root:36
co-8_29-01250	8:29	w-s008-a029-w013	w-s008-a029-w017	غ ف ر	ف ض ل	4	2	2	1	10	14	intra_ayah:8:29:root:37
co-8_29-01251	8:29	w-s008-a029-w013	w-s008-a029-w010	غ ف ر	ك ف ر	3	2	2	1	17	24	intra_ayah:8:29:root:38
co-8_29-01252	8:29	w-s008-a029-w013	w-s008-a029-w005	غ ف ر	و ق ي	8	6	6	1	12	14	intra_ayah:8:29:root:39
co-8_29-01253	8:29	w-s008-a029-w006	w-s008-a029-w018	ء ل ه	ع ظ م	12	2	8	2	69	126	intra_ayah:8:29:root:4
co-8_29-01254	8:29	w-s008-a029-w015	w-s008-a029-w018	ء ل ه	ع ظ م	3	2	8	2	69	126	intra_ayah:8:29:root:4
co-8_29-01255	8:29	w-s008-a029-w009	w-s008-a029-w017	ف ر ق	ف ض ل	8	5	5	1	1	1	intra_ayah:8:29:root:40
co-8_29-01256	8:29	w-s008-a029-w009	w-s008-a029-w010	ف ر ق	ك ف ر	1	1	1	1	8	11	intra_ayah:8:29:root:41
co-8_29-01257	8:29	w-s008-a029-w009	w-s008-a029-w005	ف ر ق	و ق ي	4	3	3	1	5	5	intra_ayah:8:29:root:42
co-8_29-01258	8:29	w-s008-a029-w017	w-s008-a029-w010	ف ض ل	ك ف ر	7	4	4	1	13	17	intra_ayah:8:29:root:43
co-8_29-01259	8:29	w-s008-a029-w017	w-s008-a029-w005	ف ض ل	و ق ي	12	8	8	1	3	4	intra_ayah:8:29:root:44
co-8_29-01260	8:29	w-s008-a029-w010	w-s008-a029-w005	ك ف ر	و ق ي	5	4	4	1	17	19	intra_ayah:8:29:root:45
co-8_29-01261	8:29	w-s008-a029-w006	w-s008-a029-w013	ء ل ه	غ ف ر	7	1	5	2	120	282	intra_ayah:8:29:root:5
co-8_29-01262	8:29	w-s008-a029-w015	w-s008-a029-w013	ء ل ه	غ ف ر	2	1	5	2	120	282	intra_ayah:8:29:root:5
co-8_29-01263	8:29	w-s008-a029-w006	w-s008-a029-w009	ء ل ه	ف ر ق	3	2	4	2	31	49	intra_ayah:8:29:root:6
co-8_29-01264	8:29	w-s008-a029-w015	w-s008-a029-w009	ء ل ه	ف ر ق	6	2	4	2	31	49	intra_ayah:8:29:root:6
co-8_29-01265	8:29	w-s008-a029-w006	w-s008-a029-w017	ء ل ه	ف ض ل	11	1	7	2	62	159	intra_ayah:8:29:root:7
co-8_29-01266	8:29	w-s008-a029-w015	w-s008-a029-w017	ء ل ه	ف ض ل	2	1	7	2	62	159	intra_ayah:8:29:root:7
co-8_29-01267	8:29	w-s008-a029-w006	w-s008-a029-w010	ء ل ه	ك ف ر	4	3	3	2	225	443	intra_ayah:8:29:root:8
co-8_29-01268	8:29	w-s008-a029-w015	w-s008-a029-w010	ء ل ه	ك ف ر	5	3	3	2	225	443	intra_ayah:8:29:root:8
co-8_29-01269	8:29	w-s008-a029-w006	w-s008-a029-w005	ء ل ه	و ق ي	1	1	7	2	135	258	intra_ayah:8:29:root:9
co-8_29-01270	8:29	w-s008-a029-w015	w-s008-a029-w005	ء ل ه	و ق ي	10	1	7	2	135	258	intra_ayah:8:29:root:9
co-8_30-01271	8:30	w-s008-a030-w013	w-s008-a030-w006	ء ل ه	ث ب ت	7	5	6	2	8	15	intra_ayah:8:30:root:1
co-8_30-01272	8:30	w-s008-a030-w014	w-s008-a030-w006	ء ل ه	ث ب ت	8	5	6	2	8	15	intra_ayah:8:30:root:1
co-8_30-01273	8:30	w-s008-a030-w006	w-s008-a030-w005	ث ب ت	ك ف ر	1	1	1	1	5	5	intra_ayah:8:30:root:10
co-8_30-01274	8:30	w-s008-a030-w006	w-s008-a030-w002	ث ب ت	م ك ر	4	2	8	4	1	4	intra_ayah:8:30:root:11
co-8_30-01275	8:30	w-s008-a030-w006	w-s008-a030-w011	ث ب ت	م ك ر	5	2	8	4	1	4	intra_ayah:8:30:root:11
co-8_30-01276	8:30	w-s008-a030-w006	w-s008-a030-w012	ث ب ت	م ك ر	6	2	8	4	1	4	intra_ayah:8:30:root:11
co-8_30-01277	8:30	w-s008-a030-w006	w-s008-a030-w016	ث ب ت	م ك ر	10	2	8	4	1	4	intra_ayah:8:30:root:11
co-8_30-01278	8:30	w-s008-a030-w010	w-s008-a030-w015	خ ر ج	خ ي ر	5	5	5	1	6	10	intra_ayah:8:30:root:12
co-8_30-01279	8:30	w-s008-a030-w010	w-s008-a030-w008	خ ر ج	ق ت ل	2	1	1	1	17	41	intra_ayah:8:30:root:13
co-8_30-01280	8:30	w-s008-a030-w010	w-s008-a030-w005	خ ر ج	ك ف ر	5	3	3	1	17	26	intra_ayah:8:30:root:14
co-8_30-01281	8:30	w-s008-a030-w010	w-s008-a030-w002	خ ر ج	م ك ر	8	1	6	4	3	7	intra_ayah:8:30:root:15
co-8_30-01282	8:30	w-s008-a030-w010	w-s008-a030-w011	خ ر ج	م ك ر	1	1	6	4	3	7	intra_ayah:8:30:root:15
co-8_30-01283	8:30	w-s008-a030-w010	w-s008-a030-w012	خ ر ج	م ك ر	2	1	6	4	3	7	intra_ayah:8:30:root:15
co-8_30-01284	8:30	w-s008-a030-w010	w-s008-a030-w016	خ ر ج	م ك ر	6	1	6	4	3	7	intra_ayah:8:30:root:15
co-8_30-01285	8:30	w-s008-a030-w015	w-s008-a030-w008	خ ي ر	ق ت ل	7	6	6	1	10	12	intra_ayah:8:30:root:16
co-8_30-01286	8:30	w-s008-a030-w015	w-s008-a030-w005	خ ي ر	ك ف ر	10	8	8	1	14	15	intra_ayah:8:30:root:17
co-8_30-01287	8:30	w-s008-a030-w015	w-s008-a030-w002	خ ي ر	م ك ر	13	1	9	4	2	7	intra_ayah:8:30:root:18
co-8_30-01288	8:30	w-s008-a030-w015	w-s008-a030-w011	خ ي ر	م ك ر	4	1	9	4	2	7	intra_ayah:8:30:root:18
co-8_30-01289	8:30	w-s008-a030-w015	w-s008-a030-w012	خ ي ر	م ك ر	3	1	9	4	2	7	intra_ayah:8:30:root:18
co-8_30-01290	8:30	w-s008-a030-w015	w-s008-a030-w016	خ ي ر	م ك ر	1	1	9	4	2	7	intra_ayah:8:30:root:18
co-8_30-01291	8:30	w-s008-a030-w008	w-s008-a030-w005	ق ت ل	ك ف ر	3	2	2	1	28	50	intra_ayah:8:30:root:19
co-8_30-01292	8:30	w-s008-a030-w013	w-s008-a030-w010	ء ل ه	خ ر ج	3	3	4	2	66	121	intra_ayah:8:30:root:2
co-8_30-01293	8:30	w-s008-a030-w014	w-s008-a030-w010	ء ل ه	خ ر ج	4	3	4	2	66	121	intra_ayah:8:30:root:2
co-8_30-01294	8:30	w-s008-a030-w008	w-s008-a030-w002	ق ت ل	م ك ر	6	2	7	4	1	4	intra_ayah:8:30:root:20
co-8_30-01295	8:30	w-s008-a030-w008	w-s008-a030-w011	ق ت ل	م ك ر	3	2	7	4	1	4	intra_ayah:8:30:root:20
co-8_30-01296	8:30	w-s008-a030-w008	w-s008-a030-w012	ق ت ل	م ك ر	4	2	7	4	1	4	intra_ayah:8:30:root:20
co-8_30-01297	8:30	w-s008-a030-w008	w-s008-a030-w016	ق ت ل	م ك ر	8	2	7	4	1	4	intra_ayah:8:30:root:20
co-8_30-01298	8:30	w-s008-a030-w005	w-s008-a030-w002	ك ف ر	م ك ر	3	1	9	4	4	9	intra_ayah:8:30:root:21
co-8_30-01299	8:30	w-s008-a030-w005	w-s008-a030-w011	ك ف ر	م ك ر	6	1	9	4	4	9	intra_ayah:8:30:root:21
co-8_30-01300	8:30	w-s008-a030-w005	w-s008-a030-w012	ك ف ر	م ك ر	7	1	9	4	4	9	intra_ayah:8:30:root:21
co-8_30-01301	8:30	w-s008-a030-w005	w-s008-a030-w016	ك ف ر	م ك ر	11	1	9	4	4	9	intra_ayah:8:30:root:21
co-8_30-01302	8:30	w-s008-a030-w013	w-s008-a030-w015	ء ل ه	خ ي ر	2	1	2	2	99	182	intra_ayah:8:30:root:3
co-8_30-01303	8:30	w-s008-a030-w014	w-s008-a030-w015	ء ل ه	خ ي ر	1	1	2	2	99	182	intra_ayah:8:30:root:3
co-8_30-01304	8:30	w-s008-a030-w013	w-s008-a030-w008	ء ل ه	ق ت ل	5	4	5	2	79	225	intra_ayah:8:30:root:4
co-8_30-01305	8:30	w-s008-a030-w014	w-s008-a030-w008	ء ل ه	ق ت ل	6	4	5	2	79	225	intra_ayah:8:30:root:4
co-8_30-01306	8:30	w-s008-a030-w013	w-s008-a030-w005	ء ل ه	ك ف ر	8	6	7	2	225	443	intra_ayah:8:30:root:5
co-8_30-01307	8:30	w-s008-a030-w014	w-s008-a030-w005	ء ل ه	ك ف ر	9	6	7	2	225	443	intra_ayah:8:30:root:5
co-8_30-01308	8:30	w-s008-a030-w013	w-s008-a030-w002	ء ل ه	م ك ر	11	1	8	8	16	44	intra_ayah:8:30:root:6
co-8_30-01309	8:30	w-s008-a030-w013	w-s008-a030-w011	ء ل ه	م ك ر	2	1	8	8	16	44	intra_ayah:8:30:root:6
co-8_30-01310	8:30	w-s008-a030-w013	w-s008-a030-w012	ء ل ه	م ك ر	1	1	8	8	16	44	intra_ayah:8:30:root:6
co-8_30-01311	8:30	w-s008-a030-w013	w-s008-a030-w016	ء ل ه	م ك ر	3	1	8	8	16	44	intra_ayah:8:30:root:6
co-8_30-01312	8:30	w-s008-a030-w014	w-s008-a030-w002	ء ل ه	م ك ر	12	1	8	8	16	44	intra_ayah:8:30:root:6
co-8_30-01313	8:30	w-s008-a030-w014	w-s008-a030-w011	ء ل ه	م ك ر	3	1	8	8	16	44	intra_ayah:8:30:root:6
co-8_30-01314	8:30	w-s008-a030-w014	w-s008-a030-w012	ء ل ه	م ك ر	2	1	8	8	16	44	intra_ayah:8:30:root:6
co-8_30-01315	8:30	w-s008-a030-w014	w-s008-a030-w016	ء ل ه	م ك ر	2	1	8	8	16	44	intra_ayah:8:30:root:6
co-8_30-01316	8:30	w-s008-a030-w006	w-s008-a030-w010	ث ب ت	خ ر ج	4	2	2	1	2	2	intra_ayah:8:30:root:7
co-8_30-01317	8:30	w-s008-a030-w006	w-s008-a030-w015	ث ب ت	خ ي ر	9	7	7	1	2	2	intra_ayah:8:30:root:8
co-8_30-01318	8:30	w-s008-a030-w006	w-s008-a030-w008	ث ب ت	ق ت ل	2	1	1	1	2	2	intra_ayah:8:30:root:9
co-8_31-01319	8:31	w-s008-a031-w017	w-s008-a031-w004	ء و ل	ء ي ي	13	7	7	1	20	27	intra_ayah:8:31:root:1
co-8_31-01320	8:31	w-s008-a031-w004	w-s008-a031-w007	ء ي ي	س م ع	3	2	2	1	17	20	intra_ayah:8:31:root:10
co-8_31-01321	8:31	w-s008-a031-w004	w-s008-a031-w009	ء ي ي	ش ي ء	5	3	3	1	25	29	intra_ayah:8:31:root:11
co-8_31-01322	8:31	w-s008-a031-w004	w-s008-a031-w005	ء ي ي	ق و ل	1	1	4	2	78	122	intra_ayah:8:31:root:12
co-8_31-01323	8:31	w-s008-a031-w004	w-s008-a031-w010	ء ي ي	ق و ل	6	1	4	2	78	122	intra_ayah:8:31:root:12
co-8_31-01324	8:31	w-s008-a031-w004	w-s008-a031-w011	ء ي ي	م ث ل	7	5	5	1	15	20	intra_ayah:8:31:root:13
co-8_31-01325	8:31	w-s008-a031-w002	w-s008-a031-w016	ت ل و	س ط ر	14	7	7	1	3	3	intra_ayah:8:31:root:14
co-8_31-01326	8:31	w-s008-a031-w002	w-s008-a031-w007	ت ل و	س م ع	5	3	3	1	3	4	intra_ayah:8:31:root:15
co-8_31-01327	8:31	w-s008-a031-w002	w-s008-a031-w009	ت ل و	ش ي ء	7	4	4	1	4	5	intra_ayah:8:31:root:16
co-8_31-01328	8:31	w-s008-a031-w002	w-s008-a031-w005	ت ل و	ق و ل	3	2	5	2	24	34	intra_ayah:8:31:root:17
co-8_31-01329	8:31	w-s008-a031-w002	w-s008-a031-w010	ت ل و	ق و ل	8	2	5	2	24	34	intra_ayah:8:31:root:17
co-8_31-01330	8:31	w-s008-a031-w002	w-s008-a031-w011	ت ل و	م ث ل	9	6	6	1	2	2	intra_ayah:8:31:root:18
co-8_31-01331	8:31	w-s008-a031-w016	w-s008-a031-w007	س ط ر	س م ع	9	4	4	1	2	2	intra_ayah:8:31:root:19
co-8_31-01332	8:31	w-s008-a031-w017	w-s008-a031-w002	ء و ل	ت ل و	15	8	8	1	3	3	intra_ayah:8:31:root:2
co-8_31-01333	8:31	w-s008-a031-w016	w-s008-a031-w009	س ط ر	ش ي ء	7	3	3	1	1	1	intra_ayah:8:31:root:20
co-8_31-01334	8:31	w-s008-a031-w016	w-s008-a031-w005	س ط ر	ق و ل	11	2	5	2	7	10	intra_ayah:8:31:root:21
co-8_31-01335	8:31	w-s008-a031-w016	w-s008-a031-w010	س ط ر	ق و ل	6	2	5	2	7	10	intra_ayah:8:31:root:21
co-8_31-01336	8:31	w-s008-a031-w016	w-s008-a031-w011	س ط ر	م ث ل	5	1	1	1	1	1	intra_ayah:8:31:root:22
co-8_31-01337	8:31	w-s008-a031-w007	w-s008-a031-w009	س م ع	ش ي ء	2	1	1	1	14	18	intra_ayah:8:31:root:23
co-8_31-01338	8:31	w-s008-a031-w007	w-s008-a031-w005	س م ع	ق و ل	2	1	2	2	49	84	intra_ayah:8:31:root:24
co-8_31-01339	8:31	w-s008-a031-w007	w-s008-a031-w010	س م ع	ق و ل	3	1	2	2	49	84	intra_ayah:8:31:root:24
co-8_31-01340	8:31	w-s008-a031-w007	w-s008-a031-w011	س م ع	م ث ل	4	3	3	1	9	12	intra_ayah:8:31:root:25
co-8_31-01341	8:31	w-s008-a031-w009	w-s008-a031-w005	ش ي ء	ق و ل	4	1	2	2	113	199	intra_ayah:8:31:root:26
co-8_31-01342	8:31	w-s008-a031-w009	w-s008-a031-w010	ش ي ء	ق و ل	1	1	2	2	113	199	intra_ayah:8:31:root:26
co-8_31-01343	8:31	w-s008-a031-w009	w-s008-a031-w011	ش ي ء	م ث ل	2	2	2	1	29	39	intra_ayah:8:31:root:27
co-8_31-01344	8:31	w-s008-a031-w005	w-s008-a031-w011	ق و ل	م ث ل	6	1	4	2	43	65	intra_ayah:8:31:root:28
co-8_31-01345	8:31	w-s008-a031-w010	w-s008-a031-w011	ق و ل	م ث ل	1	1	4	2	43	65	intra_ayah:8:31:root:28
co-8_31-01346	8:31	w-s008-a031-w017	w-s008-a031-w016	ء و ل	س ط ر	1	1	1	1	10	10	intra_ayah:8:31:root:3
co-8_31-01347	8:31	w-s008-a031-w017	w-s008-a031-w007	ء و ل	س م ع	10	5	5	1	5	5	intra_ayah:8:31:root:4
co-8_31-01348	8:31	w-s008-a031-w017	w-s008-a031-w009	ء و ل	ش ي ء	8	4	4	1	12	14	intra_ayah:8:31:root:5
co-8_31-01349	8:31	w-s008-a031-w017	w-s008-a031-w005	ء و ل	ق و ل	12	3	6	2	51	72	intra_ayah:8:31:root:6
co-8_31-01350	8:31	w-s008-a031-w017	w-s008-a031-w010	ء و ل	ق و ل	7	3	6	2	51	72	intra_ayah:8:31:root:6
co-8_31-01351	8:31	w-s008-a031-w017	w-s008-a031-w011	ء و ل	م ث ل	6	2	2	1	7	7	intra_ayah:8:31:root:7
co-8_31-01352	8:31	w-s008-a031-w004	w-s008-a031-w002	ء ي ي	ت ل و	2	1	1	1	33	37	intra_ayah:8:31:root:8
co-8_31-01353	8:31	w-s008-a031-w004	w-s008-a031-w016	ء ي ي	س ط ر	12	6	6	1	4	4	intra_ayah:8:31:root:9
co-8_32-01354	8:32	w-s008-a032-w017	w-s008-a032-w019	ء ت ي	ء ل م	2	2	2	1	6	6	intra_ayah:8:32:root:1
co-8_32-01355	8:32	w-s008-a032-w017	w-s008-a032-w011	ء ت ي	م ط ر	6	3	3	1	3	4	intra_ayah:8:32:root:10
co-8_32-01356	8:32	w-s008-a032-w019	w-s008-a032-w003	ء ل م	ء ل ه	16	9	9	1	36	57	intra_ayah:8:32:root:11
co-8_32-01357	8:32	w-s008-a032-w019	w-s008-a032-w013	ء ل م	ح ج ر	6	4	4	1	1	1	intra_ayah:8:32:root:12
co-8_32-01358	8:32	w-s008-a032-w019	w-s008-a032-w008	ء ل م	ح ق ق	11	7	7	1	5	5	intra_ayah:8:32:root:13
co-8_32-01359	8:32	w-s008-a032-w019	w-s008-a032-w015	ء ل م	س م و	4	3	3	1	1	1	intra_ayah:8:32:root:14
co-8_32-01360	8:32	w-s008-a032-w019	w-s008-a032-w018	ء ل م	ع ذ ب	1	1	1	1	70	79	intra_ayah:8:32:root:15
co-8_32-01361	8:32	w-s008-a032-w019	w-s008-a032-w010	ء ل م	ع ن د	9	6	6	1	1	1	intra_ayah:8:32:root:16
co-8_32-01362	8:32	w-s008-a032-w019	w-s008-a032-w002	ء ل م	ق و ل	17	10	10	1	16	21	intra_ayah:8:32:root:17
co-8_32-01363	8:32	w-s008-a032-w019	w-s008-a032-w005	ء ل م	ك و ن	14	8	8	1	7	12	intra_ayah:8:32:root:18
co-8_32-01364	8:32	w-s008-a032-w019	w-s008-a032-w011	ء ل م	م ط ر	8	5	5	1	2	2	intra_ayah:8:32:root:19
co-8_32-01365	8:32	w-s008-a032-w017	w-s008-a032-w003	ء ت ي	ء ل ه	14	7	7	1	198	411	intra_ayah:8:32:root:2
co-8_32-01366	8:32	w-s008-a032-w003	w-s008-a032-w013	ء ل ه	ح ج ر	10	5	5	1	6	9	intra_ayah:8:32:root:20
co-8_32-01367	8:32	w-s008-a032-w003	w-s008-a032-w008	ء ل ه	ح ق ق	5	2	2	1	120	236	intra_ayah:8:32:root:21
co-8_32-01368	8:32	w-s008-a032-w003	w-s008-a032-w015	ء ل ه	س م و	12	6	6	1	185	319	intra_ayah:8:32:root:22
co-8_32-01369	8:32	w-s008-a032-w003	w-s008-a032-w018	ء ل ه	ع ذ ب	15	8	8	1	133	222	intra_ayah:8:32:root:23
co-8_32-01370	8:32	w-s008-a032-w003	w-s008-a032-w010	ء ل ه	ع ن د	7	3	3	1	112	219	intra_ayah:8:32:root:24
co-8_32-01371	8:32	w-s008-a032-w003	w-s008-a032-w002	ء ل ه	ق و ل	1	1	1	1	514	1188	intra_ayah:8:32:root:25
co-8_32-01372	8:32	w-s008-a032-w003	w-s008-a032-w005	ء ل ه	ك و ن	2	1	1	1	441	974	intra_ayah:8:32:root:26
co-8_32-01373	8:32	w-s008-a032-w003	w-s008-a032-w011	ء ل ه	م ط ر	8	4	4	1	2	2	intra_ayah:8:32:root:27
co-8_32-01374	8:32	w-s008-a032-w013	w-s008-a032-w008	ح ج ر	ح ق ق	5	3	3	1	1	1	intra_ayah:8:32:root:28
co-8_32-01375	8:32	w-s008-a032-w013	w-s008-a032-w015	ح ج ر	س م و	2	1	1	1	2	2	intra_ayah:8:32:root:29
co-8_32-01376	8:32	w-s008-a032-w017	w-s008-a032-w013	ء ت ي	ح ج ر	4	2	2	1	1	1	intra_ayah:8:32:root:3
co-8_32-01377	8:32	w-s008-a032-w013	w-s008-a032-w018	ح ج ر	ع ذ ب	5	3	3	1	2	3	intra_ayah:8:32:root:30
co-8_32-01378	8:32	w-s008-a032-w013	w-s008-a032-w010	ح ج ر	ع ن د	3	2	2	1	1	1	intra_ayah:8:32:root:31
co-8_32-01379	8:32	w-s008-a032-w013	w-s008-a032-w002	ح ج ر	ق و ل	11	6	6	1	5	6	intra_ayah:8:32:root:32
co-8_32-01380	8:32	w-s008-a032-w013	w-s008-a032-w005	ح ج ر	ك و ن	8	4	4	1	5	6	intra_ayah:8:32:root:33
co-8_32-01381	8:32	w-s008-a032-w013	w-s008-a032-w011	ح ج ر	م ط ر	2	1	1	1	3	3	intra_ayah:8:32:root:34
co-8_32-01382	8:32	w-s008-a032-w008	w-s008-a032-w015	ح ق ق	س م و	7	4	4	1	23	28	intra_ayah:8:32:root:35
co-8_32-01383	8:32	w-s008-a032-w008	w-s008-a032-w018	ح ق ق	ع ذ ب	10	6	6	1	15	15	intra_ayah:8:32:root:36
co-8_32-01384	8:32	w-s008-a032-w008	w-s008-a032-w010	ح ق ق	ع ن د	2	1	1	1	10	11	intra_ayah:8:32:root:37
co-8_32-01385	8:32	w-s008-a032-w008	w-s008-a032-w002	ح ق ق	ق و ل	6	3	3	1	83	144	intra_ayah:8:32:root:38
co-8_32-01386	8:32	w-s008-a032-w008	w-s008-a032-w005	ح ق ق	ك و ن	3	1	1	1	68	97	intra_ayah:8:32:root:39
co-8_32-01387	8:32	w-s008-a032-w017	w-s008-a032-w008	ء ت ي	ح ق ق	9	5	5	1	33	39	intra_ayah:8:32:root:4
co-8_32-01388	8:32	w-s008-a032-w008	w-s008-a032-w011	ح ق ق	م ط ر	3	2	2	1	1	1	intra_ayah:8:32:root:40
co-8_32-01389	8:32	w-s008-a032-w015	w-s008-a032-w018	س م و	ع ذ ب	3	2	2	1	13	15	intra_ayah:8:32:root:41
co-8_32-01390	8:32	w-s008-a032-w015	w-s008-a032-w010	س م و	ع ن د	5	3	3	1	11	13	intra_ayah:8:32:root:42
co-8_32-01391	8:32	w-s008-a032-w015	w-s008-a032-w002	س م و	ق و ل	13	7	7	1	66	110	intra_ayah:8:32:root:43
co-8_32-01392	8:32	w-s008-a032-w015	w-s008-a032-w005	س م و	ك و ن	10	5	5	1	71	95	intra_ayah:8:32:root:44
co-8_32-01393	8:32	w-s008-a032-w015	w-s008-a032-w011	س م و	م ط ر	4	2	2	1	1	1	intra_ayah:8:32:root:45
co-8_32-01394	8:32	w-s008-a032-w018	w-s008-a032-w010	ع ذ ب	ع ن د	8	5	5	1	8	8	intra_ayah:8:32:root:46
co-8_32-01395	8:32	w-s008-a032-w018	w-s008-a032-w002	ع ذ ب	ق و ل	16	9	9	1	78	115	intra_ayah:8:32:root:47
co-8_32-01396	8:32	w-s008-a032-w018	w-s008-a032-w005	ع ذ ب	ك و ن	13	7	7	1	77	100	intra_ayah:8:32:root:48
co-8_32-01397	8:32	w-s008-a032-w018	w-s008-a032-w011	ع ذ ب	م ط ر	7	4	4	1	3	3	intra_ayah:8:32:root:49
co-8_32-01398	8:32	w-s008-a032-w017	w-s008-a032-w015	ء ت ي	س م و	2	1	1	1	29	33	intra_ayah:8:32:root:5
co-8_32-01399	8:32	w-s008-a032-w010	w-s008-a032-w002	ع ن د	ق و ل	8	4	4	1	71	118	intra_ayah:8:32:root:50
co-8_32-01400	8:32	w-s008-a032-w010	w-s008-a032-w005	ع ن د	ك و ن	5	2	2	1	41	62	intra_ayah:8:32:root:51
co-8_32-01401	8:32	w-s008-a032-w010	w-s008-a032-w011	ع ن د	م ط ر	1	1	1	1	1	1	intra_ayah:8:32:root:52
co-8_32-01402	8:32	w-s008-a032-w002	w-s008-a032-w005	ق و ل	ك و ن	3	2	2	1	369	573	intra_ayah:8:32:root:53
co-8_32-01403	8:32	w-s008-a032-w002	w-s008-a032-w011	ق و ل	م ط ر	9	5	5	1	2	2	intra_ayah:8:32:root:54
co-8_32-01404	8:32	w-s008-a032-w005	w-s008-a032-w011	ك و ن	م ط ر	6	3	3	1	4	11	intra_ayah:8:32:root:55
co-8_32-01405	8:32	w-s008-a032-w017	w-s008-a032-w018	ء ت ي	ع ذ ب	1	1	1	1	43	60	intra_ayah:8:32:root:6
co-8_32-01406	8:32	w-s008-a032-w017	w-s008-a032-w010	ء ت ي	ع ن د	7	4	4	1	26	35	intra_ayah:8:32:root:7
co-8_32-01407	8:32	w-s008-a032-w017	w-s008-a032-w002	ء ت ي	ق و ل	15	8	8	1	154	264	intra_ayah:8:32:root:8
co-8_32-01408	8:32	w-s008-a032-w017	w-s008-a032-w005	ء ت ي	ك و ن	12	6	6	1	122	164	intra_ayah:8:32:root:9
co-8_33-01409	8:33	w-s008-a033-w003	w-s008-a033-w004	ء ل ه	ع ذ ب	1	1	4	4	133	222	intra_ayah:8:33:root:1
co-8_33-01410	8:33	w-s008-a033-w003	w-s008-a033-w010	ء ل ه	ع ذ ب	7	1	4	4	133	222	intra_ayah:8:33:root:1
co-8_33-01411	8:33	w-s008-a033-w009	w-s008-a033-w004	ء ل ه	ع ذ ب	5	1	4	4	133	222	intra_ayah:8:33:root:1
co-8_33-01412	8:33	w-s008-a033-w009	w-s008-a033-w010	ء ل ه	ع ذ ب	1	1	4	4	133	222	intra_ayah:8:33:root:1
co-8_33-01413	8:33	w-s008-a033-w003	w-s008-a033-w012	ء ل ه	غ ف ر	9	2	5	2	120	282	intra_ayah:8:33:root:2
co-8_33-01414	8:33	w-s008-a033-w009	w-s008-a033-w012	ء ل ه	غ ف ر	3	2	5	2	120	282	intra_ayah:8:33:root:2
co-8_33-01415	8:33	w-s008-a033-w003	w-s008-a033-w002	ء ل ه	ك و ن	1	1	4	4	441	974	intra_ayah:8:33:root:3
co-8_33-01416	8:33	w-s008-a033-w003	w-s008-a033-w008	ء ل ه	ك و ن	5	1	4	4	441	974	intra_ayah:8:33:root:3
co-8_33-01417	8:33	w-s008-a033-w009	w-s008-a033-w002	ء ل ه	ك و ن	7	1	4	4	441	974	intra_ayah:8:33:root:3
co-8_33-01418	8:33	w-s008-a033-w009	w-s008-a033-w008	ء ل ه	ك و ن	1	1	4	4	441	974	intra_ayah:8:33:root:3
co-8_33-01419	8:33	w-s008-a033-w004	w-s008-a033-w012	ع ذ ب	غ ف ر	8	1	4	2	20	25	intra_ayah:8:33:root:4
co-8_33-01420	8:33	w-s008-a033-w010	w-s008-a033-w012	ع ذ ب	غ ف ر	2	1	4	2	20	25	intra_ayah:8:33:root:4
co-8_33-01421	8:33	w-s008-a033-w004	w-s008-a033-w002	ع ذ ب	ك و ن	2	1	5	4	77	100	intra_ayah:8:33:root:5
co-8_33-01422	8:33	w-s008-a033-w004	w-s008-a033-w008	ع ذ ب	ك و ن	4	1	5	4	77	100	intra_ayah:8:33:root:5
co-8_33-01423	8:33	w-s008-a033-w010	w-s008-a033-w002	ع ذ ب	ك و ن	8	1	5	4	77	100	intra_ayah:8:33:root:5
co-8_33-01424	8:33	w-s008-a033-w010	w-s008-a033-w008	ع ذ ب	ك و ن	2	1	5	4	77	100	intra_ayah:8:33:root:5
co-8_33-01425	8:33	w-s008-a033-w012	w-s008-a033-w002	غ ف ر	ك و ن	10	3	6	2	49	62	intra_ayah:8:33:root:6
co-8_33-01426	8:33	w-s008-a033-w012	w-s008-a033-w008	غ ف ر	ك و ن	4	3	6	2	49	62	intra_ayah:8:33:root:6
co-8_34-01427	8:34	w-s008-a034-w005	w-s008-a034-w010	ء ل ه	ح ر م	5	3	3	1	51	116	intra_ayah:8:34:root:1
co-8_34-01428	8:34	w-s008-a034-w010	w-s008-a034-w009	ح ر م	س ج د	1	1	1	1	15	19	intra_ayah:8:34:root:10
co-8_34-01429	8:34	w-s008-a034-w010	w-s008-a034-w007	ح ر م	ص د د	3	2	2	1	6	9	intra_ayah:8:34:root:11
co-8_34-01430	8:34	w-s008-a034-w010	w-s008-a034-w004	ح ر م	ع ذ ب	6	4	4	1	4	5	intra_ayah:8:34:root:12
co-8_34-01431	8:34	w-s008-a034-w010	w-s008-a034-w021	ح ر م	ع ل م	11	6	6	1	18	28	intra_ayah:8:34:root:13
co-8_34-01432	8:34	w-s008-a034-w010	w-s008-a034-w019	ح ر م	ك ث ر	9	5	5	1	4	4	intra_ayah:8:34:root:14
co-8_34-01433	8:34	w-s008-a034-w010	w-s008-a034-w012	ح ر م	ك و ن	2	1	1	1	18	22	intra_ayah:8:34:root:15
co-8_34-01434	8:34	w-s008-a034-w010	w-s008-a034-w017	ح ر م	و ق ي	7	4	4	1	8	19	intra_ayah:8:34:root:16
co-8_34-01435	8:34	w-s008-a034-w010	w-s008-a034-w013	ح ر م	و ل ي	3	2	3	2	5	9	intra_ayah:8:34:root:17
co-8_34-01436	8:34	w-s008-a034-w010	w-s008-a034-w015	ح ر م	و ل ي	5	2	3	2	5	9	intra_ayah:8:34:root:17
co-8_34-01437	8:34	w-s008-a034-w009	w-s008-a034-w007	س ج د	ص د د	2	1	1	1	6	6	intra_ayah:8:34:root:18
co-8_34-01438	8:34	w-s008-a034-w009	w-s008-a034-w004	س ج د	ع ذ ب	5	3	3	1	6	7	intra_ayah:8:34:root:19
co-8_34-01439	8:34	w-s008-a034-w005	w-s008-a034-w009	ء ل ه	س ج د	4	2	2	1	34	65	intra_ayah:8:34:root:2
co-8_34-01440	8:34	w-s008-a034-w009	w-s008-a034-w021	س ج د	ع ل م	12	7	7	1	12	16	intra_ayah:8:34:root:20
co-8_34-01441	8:34	w-s008-a034-w009	w-s008-a034-w019	س ج د	ك ث ر	10	6	6	1	3	4	intra_ayah:8:34:root:21
co-8_34-01442	8:34	w-s008-a034-w009	w-s008-a034-w012	س ج د	ك و ن	3	2	2	1	21	31	intra_ayah:8:34:root:22
co-8_34-01443	8:34	w-s008-a034-w009	w-s008-a034-w017	س ج د	و ق ي	8	5	5	1	6	7	intra_ayah:8:34:root:23
co-8_34-01444	8:34	w-s008-a034-w009	w-s008-a034-w013	س ج د	و ل ي	4	3	4	2	5	10	intra_ayah:8:34:root:24
co-8_34-01445	8:34	w-s008-a034-w009	w-s008-a034-w015	س ج د	و ل ي	6	3	4	2	5	10	intra_ayah:8:34:root:24
co-8_34-01446	8:34	w-s008-a034-w007	w-s008-a034-w004	ص د د	ع ذ ب	3	2	2	1	7	9	intra_ayah:8:34:root:25
co-8_34-01447	8:34	w-s008-a034-w007	w-s008-a034-w021	ص د د	ع ل م	14	8	8	1	3	4	intra_ayah:8:34:root:26
co-8_34-01448	8:34	w-s008-a034-w007	w-s008-a034-w019	ص د د	ك ث ر	12	7	7	1	4	4	intra_ayah:8:34:root:27
co-8_34-01449	8:34	w-s008-a034-w007	w-s008-a034-w012	ص د د	ك و ن	5	3	3	1	13	15	intra_ayah:8:34:root:28
co-8_34-01450	8:34	w-s008-a034-w007	w-s008-a034-w017	ص د د	و ق ي	10	6	6	1	2	3	intra_ayah:8:34:root:29
co-8_34-01451	8:34	w-s008-a034-w005	w-s008-a034-w007	ء ل ه	ص د د	2	1	1	1	32	42	intra_ayah:8:34:root:3
co-8_34-01452	8:34	w-s008-a034-w007	w-s008-a034-w013	ص د د	و ل ي	6	4	5	2	1	2	intra_ayah:8:34:root:30
co-8_34-01453	8:34	w-s008-a034-w007	w-s008-a034-w015	ص د د	و ل ي	8	4	5	2	1	2	intra_ayah:8:34:root:30
co-8_34-01454	8:34	w-s008-a034-w004	w-s008-a034-w021	ع ذ ب	ع ل م	17	10	10	1	29	42	intra_ayah:8:34:root:31
co-8_34-01455	8:34	w-s008-a034-w004	w-s008-a034-w019	ع ذ ب	ك ث ر	15	9	9	1	8	9	intra_ayah:8:34:root:32
co-8_34-01456	8:34	w-s008-a034-w004	w-s008-a034-w012	ع ذ ب	ك و ن	8	5	5	1	77	100	intra_ayah:8:34:root:33
co-8_34-01457	8:34	w-s008-a034-w004	w-s008-a034-w017	ع ذ ب	و ق ي	13	8	8	1	14	16	intra_ayah:8:34:root:34
co-8_34-01458	8:34	w-s008-a034-w004	w-s008-a034-w013	ع ذ ب	و ل ي	9	6	7	2	18	27	intra_ayah:8:34:root:35
co-8_34-01459	8:34	w-s008-a034-w004	w-s008-a034-w015	ع ذ ب	و ل ي	11	6	7	2	18	27	intra_ayah:8:34:root:35
co-8_34-01460	8:34	w-s008-a034-w021	w-s008-a034-w019	ع ل م	ك ث ر	2	1	1	1	42	55	intra_ayah:8:34:root:36
co-8_34-01461	8:34	w-s008-a034-w021	w-s008-a034-w012	ع ل م	ك و ن	9	5	5	1	157	243	intra_ayah:8:34:root:37
co-8_34-01462	8:34	w-s008-a034-w021	w-s008-a034-w017	ع ل م	و ق ي	4	2	2	1	31	45	intra_ayah:8:34:root:38
co-8_34-01463	8:34	w-s008-a034-w021	w-s008-a034-w013	ع ل م	و ل ي	8	3	4	2	28	35	intra_ayah:8:34:root:39
co-8_34-01464	8:34	w-s008-a034-w021	w-s008-a034-w015	ع ل م	و ل ي	6	3	4	2	28	35	intra_ayah:8:34:root:39
co-8_34-01465	8:34	w-s008-a034-w005	w-s008-a034-w004	ء ل ه	ع ذ ب	1	1	1	1	133	222	intra_ayah:8:34:root:4
co-8_34-01466	8:34	w-s008-a034-w019	w-s008-a034-w012	ك ث ر	ك و ن	7	4	4	1	44	62	intra_ayah:8:34:root:40
co-8_34-01467	8:34	w-s008-a034-w019	w-s008-a034-w017	ك ث ر	و ق ي	2	1	1	1	5	6	intra_ayah:8:34:root:41
co-8_34-01468	8:34	w-s008-a034-w019	w-s008-a034-w013	ك ث ر	و ل ي	6	2	3	2	7	9	intra_ayah:8:34:root:42
co-8_34-01469	8:34	w-s008-a034-w019	w-s008-a034-w015	ك ث ر	و ل ي	4	2	3	2	7	9	intra_ayah:8:34:root:42
co-8_34-01470	8:34	w-s008-a034-w012	w-s008-a034-w017	ك و ن	و ق ي	5	3	3	1	44	58	intra_ayah:8:34:root:43
co-8_34-01471	8:34	w-s008-a034-w012	w-s008-a034-w013	ك و ن	و ل ي	1	1	2	2	41	68	intra_ayah:8:34:root:44
co-8_34-01472	8:34	w-s008-a034-w012	w-s008-a034-w015	ك و ن	و ل ي	3	1	2	2	41	68	intra_ayah:8:34:root:44
co-8_34-01473	8:34	w-s008-a034-w017	w-s008-a034-w013	و ق ي	و ل ي	4	1	2	2	9	13	intra_ayah:8:34:root:45
co-8_34-01474	8:34	w-s008-a034-w017	w-s008-a034-w015	و ق ي	و ل ي	2	1	2	2	9	13	intra_ayah:8:34:root:45
co-8_34-01475	8:34	w-s008-a034-w005	w-s008-a034-w021	ء ل ه	ع ل م	16	9	9	1	408	878	intra_ayah:8:34:root:5
co-8_34-01476	8:34	w-s008-a034-w005	w-s008-a034-w019	ء ل ه	ك ث ر	14	8	8	1	83	142	intra_ayah:8:34:root:6
co-8_34-01477	8:34	w-s008-a034-w005	w-s008-a034-w012	ء ل ه	ك و ن	7	4	4	1	441	974	intra_ayah:8:34:root:7
co-8_34-01478	8:34	w-s008-a034-w005	w-s008-a034-w017	ء ل ه	و ق ي	12	7	7	1	135	258	intra_ayah:8:34:root:8
co-8_34-01479	8:34	w-s008-a034-w005	w-s008-a034-w013	ء ل ه	و ل ي	8	5	6	2	124	209	intra_ayah:8:34:root:9
co-8_34-01480	8:34	w-s008-a034-w005	w-s008-a034-w015	ء ل ه	و ل ي	10	5	6	2	124	209	intra_ayah:8:34:root:9
co-8_35-01481	8:35	w-s008-a035-w005	w-s008-a035-w009	ب ي ت	ذ و ق	4	3	3	1	1	1	intra_ayah:8:35:root:1
co-8_35-01482	8:35	w-s008-a035-w009	w-s008-a035-w003	ذ و ق	ص ل و	6	5	5	1	1	1	intra_ayah:8:35:root:10
co-8_35-01483	8:35	w-s008-a035-w009	w-s008-a035-w010	ذ و ق	ع ذ ب	1	1	1	1	36	40	intra_ayah:8:35:root:11
co-8_35-01484	8:35	w-s008-a035-w009	w-s008-a035-w004	ذ و ق	ع ن د	5	4	4	1	3	4	intra_ayah:8:35:root:12
co-8_35-01485	8:35	w-s008-a035-w009	w-s008-a035-w013	ذ و ق	ك ف ر	4	3	3	1	16	19	intra_ayah:8:35:root:13
co-8_35-01486	8:35	w-s008-a035-w009	w-s008-a035-w002	ذ و ق	ك و ن	7	2	6	2	20	25	intra_ayah:8:35:root:14
co-8_35-01487	8:35	w-s008-a035-w009	w-s008-a035-w012	ذ و ق	ك و ن	3	2	6	2	20	25	intra_ayah:8:35:root:14
co-8_35-01488	8:35	w-s008-a035-w009	w-s008-a035-w007	ذ و ق	م ك و	2	2	2	1	1	1	intra_ayah:8:35:root:15
co-8_35-01489	8:35	w-s008-a035-w008	w-s008-a035-w003	ص د ي	ص ل و	5	4	4	1	1	1	intra_ayah:8:35:root:16
co-8_35-01490	8:35	w-s008-a035-w008	w-s008-a035-w010	ص د ي	ع ذ ب	2	2	2	1	1	1	intra_ayah:8:35:root:17
co-8_35-01491	8:35	w-s008-a035-w008	w-s008-a035-w004	ص د ي	ع ن د	4	3	3	1	1	1	intra_ayah:8:35:root:18
co-8_35-01492	8:35	w-s008-a035-w008	w-s008-a035-w013	ص د ي	ك ف ر	5	4	4	1	1	1	intra_ayah:8:35:root:19
co-8_35-01493	8:35	w-s008-a035-w005	w-s008-a035-w008	ب ي ت	ص د ي	3	2	2	1	1	1	intra_ayah:8:35:root:2
co-8_35-01494	8:35	w-s008-a035-w008	w-s008-a035-w002	ص د ي	ك و ن	6	3	5	2	1	2	intra_ayah:8:35:root:20
co-8_35-01495	8:35	w-s008-a035-w008	w-s008-a035-w012	ص د ي	ك و ن	4	3	5	2	1	2	intra_ayah:8:35:root:20
co-8_35-01496	8:35	w-s008-a035-w008	w-s008-a035-w007	ص د ي	م ك و	1	1	1	1	1	1	intra_ayah:8:35:root:21
co-8_35-01497	8:35	w-s008-a035-w003	w-s008-a035-w010	ص ل و	ع ذ ب	7	6	6	1	2	4	intra_ayah:8:35:root:22
co-8_35-01498	8:35	w-s008-a035-w003	w-s008-a035-w004	ص ل و	ع ن د	1	1	1	1	7	7	intra_ayah:8:35:root:23
co-8_35-01499	8:35	w-s008-a035-w003	w-s008-a035-w013	ص ل و	ك ف ر	10	8	8	1	6	13	intra_ayah:8:35:root:24
co-8_35-01500	8:35	w-s008-a035-w003	w-s008-a035-w002	ص ل و	ك و ن	1	1	7	2	19	37	intra_ayah:8:35:root:25
co-8_35-01501	8:35	w-s008-a035-w003	w-s008-a035-w012	ص ل و	ك و ن	9	1	7	2	19	37	intra_ayah:8:35:root:25
co-8_35-01502	8:35	w-s008-a035-w003	w-s008-a035-w007	ص ل و	م ك و	4	3	3	1	1	1	intra_ayah:8:35:root:26
co-8_35-01503	8:35	w-s008-a035-w010	w-s008-a035-w004	ع ذ ب	ع ن د	6	5	5	1	8	8	intra_ayah:8:35:root:27
co-8_35-01504	8:35	w-s008-a035-w010	w-s008-a035-w013	ع ذ ب	ك ف ر	3	2	2	1	68	92	intra_ayah:8:35:root:28
co-8_35-01505	8:35	w-s008-a035-w010	w-s008-a035-w002	ع ذ ب	ك و ن	8	1	7	2	77	100	intra_ayah:8:35:root:29
co-8_35-01506	8:35	w-s008-a035-w010	w-s008-a035-w012	ع ذ ب	ك و ن	2	1	7	2	77	100	intra_ayah:8:35:root:29
co-8_35-01507	8:35	w-s008-a035-w005	w-s008-a035-w003	ب ي ت	ص ل و	2	2	2	1	5	8	intra_ayah:8:35:root:3
co-8_35-01508	8:35	w-s008-a035-w010	w-s008-a035-w007	ع ذ ب	م ك و	3	3	3	1	1	1	intra_ayah:8:35:root:30
co-8_35-01509	8:35	w-s008-a035-w004	w-s008-a035-w013	ع ن د	ك ف ر	9	7	7	1	25	38	intra_ayah:8:35:root:31
co-8_35-01510	8:35	w-s008-a035-w004	w-s008-a035-w002	ع ن د	ك و ن	2	2	6	2	41	62	intra_ayah:8:35:root:32
co-8_35-01511	8:35	w-s008-a035-w004	w-s008-a035-w012	ع ن د	ك و ن	8	2	6	2	41	62	intra_ayah:8:35:root:32
co-8_35-01512	8:35	w-s008-a035-w004	w-s008-a035-w007	ع ن د	م ك و	3	2	2	1	1	1	intra_ayah:8:35:root:33
co-8_35-01513	8:35	w-s008-a035-w013	w-s008-a035-w002	ك ف ر	ك و ن	11	1	9	2	123	172	intra_ayah:8:35:root:34
co-8_35-01514	8:35	w-s008-a035-w013	w-s008-a035-w012	ك ف ر	ك و ن	1	1	9	2	123	172	intra_ayah:8:35:root:34
co-8_35-01515	8:35	w-s008-a035-w013	w-s008-a035-w007	ك ف ر	م ك و	6	5	5	1	1	1	intra_ayah:8:35:root:35
co-8_35-01516	8:35	w-s008-a035-w002	w-s008-a035-w007	ك و ن	م ك و	5	4	4	2	1	2	intra_ayah:8:35:root:36
co-8_35-01517	8:35	w-s008-a035-w012	w-s008-a035-w007	ك و ن	م ك و	5	4	4	2	1	2	intra_ayah:8:35:root:36
co-8_35-01518	8:35	w-s008-a035-w005	w-s008-a035-w010	ب ي ت	ع ذ ب	5	4	4	1	2	2	intra_ayah:8:35:root:4
co-8_35-01519	8:35	w-s008-a035-w005	w-s008-a035-w004	ب ي ت	ع ن د	1	1	1	1	6	16	intra_ayah:8:35:root:5
co-8_35-01520	8:35	w-s008-a035-w005	w-s008-a035-w013	ب ي ت	ك ف ر	8	6	6	1	4	4	intra_ayah:8:35:root:6
co-8_35-01521	8:35	w-s008-a035-w005	w-s008-a035-w002	ب ي ت	ك و ن	3	3	5	2	13	22	intra_ayah:8:35:root:7
co-8_35-01522	8:35	w-s008-a035-w005	w-s008-a035-w012	ب ي ت	ك و ن	7	3	5	2	13	22	intra_ayah:8:35:root:7
co-8_35-01523	8:35	w-s008-a035-w005	w-s008-a035-w007	ب ي ت	م ك و	2	1	1	1	1	1	intra_ayah:8:35:root:8
co-8_35-01524	8:35	w-s008-a035-w009	w-s008-a035-w008	ذ و ق	ص د ي	1	1	1	1	1	1	intra_ayah:8:35:root:9
co-8_36-01525	8:36	w-s008-a036-w009	w-s008-a036-w014	ء ل ه	ح س ر	5	3	3	1	6	9	intra_ayah:8:36:root:1
co-8_36-01526	8:36	w-s008-a036-w014	w-s008-a036-w021	ح س ر	ح ش ر	7	3	3	1	1	1	intra_ayah:8:36:root:10
co-8_36-01527	8:36	w-s008-a036-w014	w-s008-a036-w008	ح س ر	س ب ل	6	4	4	1	1	1	intra_ayah:8:36:root:11
co-8_36-01528	8:36	w-s008-a036-w014	w-s008-a036-w006	ح س ر	ص د د	8	5	5	1	1	1	intra_ayah:8:36:root:12
co-8_36-01529	8:36	w-s008-a036-w014	w-s008-a036-w016	ح س ر	غ ل ب	2	1	1	1	1	1	intra_ayah:8:36:root:13
co-8_36-01530	8:36	w-s008-a036-w014	w-s008-a036-w003	ح س ر	ك ف ر	11	2	8	2	3	4	intra_ayah:8:36:root:14
co-8_36-01531	8:36	w-s008-a036-w014	w-s008-a036-w018	ح س ر	ك ف ر	4	2	8	2	3	4	intra_ayah:8:36:root:14
co-8_36-01532	8:36	w-s008-a036-w014	w-s008-a036-w012	ح س ر	ك و ن	2	1	1	1	4	6	intra_ayah:8:36:root:15
co-8_36-01533	8:36	w-s008-a036-w014	w-s008-a036-w005	ح س ر	م و ل	9	6	6	1	1	1	intra_ayah:8:36:root:16
co-8_36-01534	8:36	w-s008-a036-w014	w-s008-a036-w004	ح س ر	ن ف ق	10	2	7	2	1	2	intra_ayah:8:36:root:17
co-8_36-01535	8:36	w-s008-a036-w014	w-s008-a036-w010	ح س ر	ن ف ق	4	2	7	2	1	2	intra_ayah:8:36:root:17
co-8_36-01536	8:36	w-s008-a036-w021	w-s008-a036-w008	ح ش ر	س ب ل	13	7	7	1	3	3	intra_ayah:8:36:root:18
co-8_36-01537	8:36	w-s008-a036-w021	w-s008-a036-w006	ح ش ر	ص د د	15	8	8	1	1	1	intra_ayah:8:36:root:19
co-8_36-01538	8:36	w-s008-a036-w009	w-s008-a036-w021	ء ل ه	ح ش ر	12	6	6	1	14	17	intra_ayah:8:36:root:2
co-8_36-01539	8:36	w-s008-a036-w021	w-s008-a036-w016	ح ش ر	غ ل ب	5	2	2	1	2	2	intra_ayah:8:36:root:20
co-8_36-01540	8:36	w-s008-a036-w021	w-s008-a036-w003	ح ش ر	ك ف ر	18	1	11	2	4	5	intra_ayah:8:36:root:21
co-8_36-01541	8:36	w-s008-a036-w021	w-s008-a036-w018	ح ش ر	ك ف ر	3	1	11	2	4	5	intra_ayah:8:36:root:21
co-8_36-01542	8:36	w-s008-a036-w021	w-s008-a036-w012	ح ش ر	ك و ن	9	4	4	1	11	13	intra_ayah:8:36:root:22
co-8_36-01543	8:36	w-s008-a036-w021	w-s008-a036-w005	ح ش ر	م و ل	16	9	9	1	1	1	intra_ayah:8:36:root:23
co-8_36-01544	8:36	w-s008-a036-w021	w-s008-a036-w004	ح ش ر	ن ف ق	17	5	10	2	1	2	intra_ayah:8:36:root:24
co-8_36-01545	8:36	w-s008-a036-w021	w-s008-a036-w010	ح ش ر	ن ف ق	11	5	10	2	1	2	intra_ayah:8:36:root:24
co-8_36-01546	8:36	w-s008-a036-w008	w-s008-a036-w006	س ب ل	ص د د	2	1	1	1	25	26	intra_ayah:8:36:root:25
co-8_36-01547	8:36	w-s008-a036-w008	w-s008-a036-w016	س ب ل	غ ل ب	8	5	5	1	2	3	intra_ayah:8:36:root:26
co-8_36-01548	8:36	w-s008-a036-w008	w-s008-a036-w003	س ب ل	ك ف ر	5	4	6	2	31	42	intra_ayah:8:36:root:27
co-8_36-01549	8:36	w-s008-a036-w008	w-s008-a036-w018	س ب ل	ك ف ر	10	4	6	2	31	42	intra_ayah:8:36:root:27
co-8_36-01550	8:36	w-s008-a036-w008	w-s008-a036-w012	س ب ل	ك و ن	4	3	3	1	41	52	intra_ayah:8:36:root:28
co-8_36-01551	8:36	w-s008-a036-w008	w-s008-a036-w005	س ب ل	م و ل	3	2	2	1	16	19	intra_ayah:8:36:root:29
co-8_36-01552	8:36	w-s008-a036-w009	w-s008-a036-w008	ء ل ه	س ب ل	1	1	1	1	112	220	intra_ayah:8:36:root:3
co-8_36-01553	8:36	w-s008-a036-w008	w-s008-a036-w004	س ب ل	ن ف ق	4	2	3	2	14	20	intra_ayah:8:36:root:30
co-8_36-01554	8:36	w-s008-a036-w008	w-s008-a036-w010	س ب ل	ن ف ق	2	2	3	2	14	20	intra_ayah:8:36:root:30
co-8_36-01555	8:36	w-s008-a036-w006	w-s008-a036-w016	ص د د	غ ل ب	10	6	6	1	1	1	intra_ayah:8:36:root:31
co-8_36-01556	8:36	w-s008-a036-w006	w-s008-a036-w003	ص د د	ك ف ر	3	3	7	2	14	18	intra_ayah:8:36:root:32
co-8_36-01557	8:36	w-s008-a036-w006	w-s008-a036-w018	ص د د	ك ف ر	12	3	7	2	14	18	intra_ayah:8:36:root:32
co-8_36-01558	8:36	w-s008-a036-w006	w-s008-a036-w012	ص د د	ك و ن	6	4	4	1	13	15	intra_ayah:8:36:root:33
co-8_36-01559	8:36	w-s008-a036-w006	w-s008-a036-w005	ص د د	م و ل	1	1	1	1	2	2	intra_ayah:8:36:root:34
co-8_36-01560	8:36	w-s008-a036-w006	w-s008-a036-w004	ص د د	ن ف ق	2	2	3	2	3	5	intra_ayah:8:36:root:35
co-8_36-01561	8:36	w-s008-a036-w006	w-s008-a036-w010	ص د د	ن ف ق	4	2	3	2	3	5	intra_ayah:8:36:root:35
co-8_36-01562	8:36	w-s008-a036-w016	w-s008-a036-w003	غ ل ب	ك ف ر	13	1	9	2	4	6	intra_ayah:8:36:root:36
co-8_36-01563	8:36	w-s008-a036-w016	w-s008-a036-w018	غ ل ب	ك ف ر	2	1	9	2	4	6	intra_ayah:8:36:root:36
co-8_36-01564	8:36	w-s008-a036-w016	w-s008-a036-w012	غ ل ب	ك و ن	4	2	2	1	9	15	intra_ayah:8:36:root:37
co-8_36-01565	8:36	w-s008-a036-w016	w-s008-a036-w005	غ ل ب	م و ل	11	7	7	1	1	1	intra_ayah:8:36:root:38
co-8_36-01566	8:36	w-s008-a036-w016	w-s008-a036-w004	غ ل ب	ن ف ق	12	3	8	2	1	2	intra_ayah:8:36:root:39
co-8_36-01567	8:36	w-s008-a036-w016	w-s008-a036-w010	غ ل ب	ن ف ق	6	3	8	2	1	2	intra_ayah:8:36:root:39
co-8_36-01568	8:36	w-s008-a036-w009	w-s008-a036-w006	ء ل ه	ص د د	3	2	2	1	32	42	intra_ayah:8:36:root:4
co-8_36-01569	8:36	w-s008-a036-w003	w-s008-a036-w012	ك ف ر	ك و ن	9	3	7	2	123	172	intra_ayah:8:36:root:40
co-8_36-01570	8:36	w-s008-a036-w018	w-s008-a036-w012	ك ف ر	ك و ن	6	3	7	2	123	172	intra_ayah:8:36:root:40
co-8_36-01571	8:36	w-s008-a036-w003	w-s008-a036-w005	ك ف ر	م و ل	2	2	8	2	9	10	intra_ayah:8:36:root:41
co-8_36-01572	8:36	w-s008-a036-w018	w-s008-a036-w005	ك ف ر	م و ل	13	2	8	2	9	10	intra_ayah:8:36:root:41
co-8_36-01573	8:36	w-s008-a036-w003	w-s008-a036-w004	ك ف ر	ن ف ق	1	1	9	4	17	28	intra_ayah:8:36:root:42
co-8_36-01574	8:36	w-s008-a036-w003	w-s008-a036-w010	ك ف ر	ن ف ق	7	1	9	4	17	28	intra_ayah:8:36:root:42
co-8_36-01575	8:36	w-s008-a036-w018	w-s008-a036-w004	ك ف ر	ن ف ق	14	1	9	4	17	28	intra_ayah:8:36:root:42
co-8_36-01576	8:36	w-s008-a036-w018	w-s008-a036-w010	ك ف ر	ن ف ق	8	1	9	4	17	28	intra_ayah:8:36:root:42
co-8_36-01577	8:36	w-s008-a036-w012	w-s008-a036-w005	ك و ن	م و ل	7	5	5	1	20	26	intra_ayah:8:36:root:43
co-8_36-01578	8:36	w-s008-a036-w012	w-s008-a036-w004	ك و ن	ن ف ق	8	1	6	2	16	20	intra_ayah:8:36:root:44
co-8_36-01579	8:36	w-s008-a036-w012	w-s008-a036-w010	ك و ن	ن ف ق	2	1	6	2	16	20	intra_ayah:8:36:root:44
co-8_36-01580	8:36	w-s008-a036-w005	w-s008-a036-w004	م و ل	ن ف ق	1	1	4	2	9	11	intra_ayah:8:36:root:45
co-8_36-01581	8:36	w-s008-a036-w005	w-s008-a036-w010	م و ل	ن ف ق	5	1	4	2	9	11	intra_ayah:8:36:root:45
co-8_36-01582	8:36	w-s008-a036-w009	w-s008-a036-w016	ء ل ه	غ ل ب	7	4	4	1	11	25	intra_ayah:8:36:root:5
co-8_36-01583	8:36	w-s008-a036-w009	w-s008-a036-w003	ء ل ه	ك ف ر	6	5	5	2	225	443	intra_ayah:8:36:root:6
co-8_36-01584	8:36	w-s008-a036-w009	w-s008-a036-w018	ء ل ه	ك ف ر	9	5	5	2	225	443	intra_ayah:8:36:root:6
co-8_36-01585	8:36	w-s008-a036-w009	w-s008-a036-w012	ء ل ه	ك و ن	3	2	2	1	441	974	intra_ayah:8:36:root:7
co-8_36-01586	8:36	w-s008-a036-w009	w-s008-a036-w005	ء ل ه	م و ل	4	3	3	1	44	79	intra_ayah:8:36:root:8
co-8_36-01587	8:36	w-s008-a036-w009	w-s008-a036-w004	ء ل ه	ن ف ق	5	1	4	2	61	152	intra_ayah:8:36:root:9
co-8_36-01588	8:36	w-s008-a036-w009	w-s008-a036-w010	ء ل ه	ن ف ق	1	1	4	2	61	152	intra_ayah:8:36:root:9
co-8_37-01589	8:37	w-s008-a037-w002	w-s008-a037-w008	ء ل ه	ب ع ض	6	5	6	2	50	172	intra_ayah:8:37:root:1
co-8_37-01590	8:37	w-s008-a037-w002	w-s008-a037-w010	ء ل ه	ب ع ض	8	5	6	2	50	172	intra_ayah:8:37:root:1
co-8_37-01591	8:37	w-s008-a037-w008	w-s008-a037-w012	ب ع ض	ج م ع	4	2	3	2	8	18	intra_ayah:8:37:root:10
co-8_37-01592	8:37	w-s008-a037-w010	w-s008-a037-w012	ب ع ض	ج م ع	2	2	3	2	8	18	intra_ayah:8:37:root:10
co-8_37-01593	8:37	w-s008-a037-w008	w-s008-a037-w003	ب ع ض	خ ب ث	5	1	5	4	1	4	intra_ayah:8:37:root:11
co-8_37-01594	8:37	w-s008-a037-w008	w-s008-a037-w007	ب ع ض	خ ب ث	1	1	5	4	1	4	intra_ayah:8:37:root:11
co-8_37-01595	8:37	w-s008-a037-w010	w-s008-a037-w003	ب ع ض	خ ب ث	7	1	5	4	1	4	intra_ayah:8:37:root:11
co-8_37-01596	8:37	w-s008-a037-w010	w-s008-a037-w007	ب ع ض	خ ب ث	3	1	5	4	1	4	intra_ayah:8:37:root:11
co-8_37-01597	8:37	w-s008-a037-w008	w-s008-a037-w018	ب ع ض	خ س ر	10	4	5	2	1	2	intra_ayah:8:37:root:12
co-8_37-01598	8:37	w-s008-a037-w010	w-s008-a037-w018	ب ع ض	خ س ر	8	4	5	2	1	2	intra_ayah:8:37:root:12
co-8_37-01599	8:37	w-s008-a037-w008	w-s008-a037-w011	ب ع ض	ر ك م	3	1	2	2	1	2	intra_ayah:8:37:root:13
co-8_37-01600	8:37	w-s008-a037-w010	w-s008-a037-w011	ب ع ض	ر ك م	1	1	2	2	1	2	intra_ayah:8:37:root:13
co-8_37-01601	8:37	w-s008-a037-w008	w-s008-a037-w005	ب ع ض	ط ي ب	3	3	4	2	1	2	intra_ayah:8:37:root:14
co-8_37-01602	8:37	w-s008-a037-w010	w-s008-a037-w005	ب ع ض	ط ي ب	5	3	4	2	1	2	intra_ayah:8:37:root:14
co-8_37-01603	8:37	w-s008-a037-w008	w-s008-a037-w001	ب ع ض	م ي ز	7	6	7	2	1	2	intra_ayah:8:37:root:15
co-8_37-01604	8:37	w-s008-a037-w010	w-s008-a037-w001	ب ع ض	م ي ز	9	6	7	2	1	2	intra_ayah:8:37:root:15
co-8_37-01605	8:37	w-s008-a037-w006	w-s008-a037-w012	ج ع ل	ج م ع	6	1	5	2	3	5	intra_ayah:8:37:root:16
co-8_37-01606	8:37	w-s008-a037-w013	w-s008-a037-w012	ج ع ل	ج م ع	1	1	5	2	3	5	intra_ayah:8:37:root:16
co-8_37-01607	8:37	w-s008-a037-w006	w-s008-a037-w003	ج ع ل	خ ب ث	3	1	8	4	1	4	intra_ayah:8:37:root:17
co-8_37-01608	8:37	w-s008-a037-w006	w-s008-a037-w007	ج ع ل	خ ب ث	1	1	8	4	1	4	intra_ayah:8:37:root:17
co-8_37-01609	8:37	w-s008-a037-w013	w-s008-a037-w003	ج ع ل	خ ب ث	10	1	8	4	1	4	intra_ayah:8:37:root:17
co-8_37-01610	8:37	w-s008-a037-w013	w-s008-a037-w007	ج ع ل	خ ب ث	6	1	8	4	1	4	intra_ayah:8:37:root:17
co-8_37-01611	8:37	w-s008-a037-w006	w-s008-a037-w018	ج ع ل	خ س ر	12	1	7	2	3	4	intra_ayah:8:37:root:18
co-8_37-01612	8:37	w-s008-a037-w013	w-s008-a037-w018	ج ع ل	خ س ر	5	1	7	2	3	4	intra_ayah:8:37:root:18
co-8_37-01613	8:37	w-s008-a037-w006	w-s008-a037-w011	ج ع ل	ر ك م	5	2	4	2	2	3	intra_ayah:8:37:root:19
co-8_37-01614	8:37	w-s008-a037-w013	w-s008-a037-w011	ج ع ل	ر ك م	2	2	4	2	2	3	intra_ayah:8:37:root:19
co-8_37-01615	8:37	w-s008-a037-w002	w-s008-a037-w006	ء ل ه	ج ع ل	4	3	9	2	118	237	intra_ayah:8:37:root:2
co-8_37-01616	8:37	w-s008-a037-w002	w-s008-a037-w013	ء ل ه	ج ع ل	11	3	9	2	118	237	intra_ayah:8:37:root:2
co-8_37-01617	8:37	w-s008-a037-w006	w-s008-a037-w005	ج ع ل	ط ي ب	1	1	7	2	4	6	intra_ayah:8:37:root:20
co-8_37-01618	8:37	w-s008-a037-w013	w-s008-a037-w005	ج ع ل	ط ي ب	8	1	7	2	4	6	intra_ayah:8:37:root:20
co-8_37-01619	8:37	w-s008-a037-w006	w-s008-a037-w001	ج ع ل	م ي ز	5	4	10	2	1	2	intra_ayah:8:37:root:21
co-8_37-01620	8:37	w-s008-a037-w013	w-s008-a037-w001	ج ع ل	م ي ز	12	4	10	2	1	2	intra_ayah:8:37:root:21
co-8_37-01621	8:37	w-s008-a037-w012	w-s008-a037-w003	ج م ع	خ ب ث	9	4	7	2	1	2	intra_ayah:8:37:root:22
co-8_37-01622	8:37	w-s008-a037-w012	w-s008-a037-w007	ج م ع	خ ب ث	5	4	7	2	1	2	intra_ayah:8:37:root:22
co-8_37-01623	8:37	w-s008-a037-w012	w-s008-a037-w018	ج م ع	خ س ر	6	2	2	1	2	2	intra_ayah:8:37:root:23
co-8_37-01624	8:37	w-s008-a037-w012	w-s008-a037-w011	ج م ع	ر ك م	1	1	1	1	1	1	intra_ayah:8:37:root:24
co-8_37-01625	8:37	w-s008-a037-w012	w-s008-a037-w005	ج م ع	ط ي ب	7	6	6	1	3	3	intra_ayah:8:37:root:25
co-8_37-01626	8:37	w-s008-a037-w012	w-s008-a037-w001	ج م ع	م ي ز	11	9	9	1	1	1	intra_ayah:8:37:root:26
co-8_37-01627	8:37	w-s008-a037-w003	w-s008-a037-w018	خ ب ث	خ س ر	15	6	9	2	1	2	intra_ayah:8:37:root:27
co-8_37-01628	8:37	w-s008-a037-w007	w-s008-a037-w018	خ ب ث	خ س ر	11	6	9	2	1	2	intra_ayah:8:37:root:27
co-8_37-01629	8:37	w-s008-a037-w003	w-s008-a037-w011	خ ب ث	ر ك م	8	3	6	2	1	2	intra_ayah:8:37:root:28
co-8_37-01630	8:37	w-s008-a037-w007	w-s008-a037-w011	خ ب ث	ر ك م	4	3	6	2	1	2	intra_ayah:8:37:root:28
co-8_37-01631	8:37	w-s008-a037-w003	w-s008-a037-w005	خ ب ث	ط ي ب	2	1	2	2	8	25	intra_ayah:8:37:root:29
co-8_37-01632	8:37	w-s008-a037-w007	w-s008-a037-w005	خ ب ث	ط ي ب	2	1	2	2	8	25	intra_ayah:8:37:root:29
co-8_37-01633	8:37	w-s008-a037-w002	w-s008-a037-w012	ء ل ه	ج م ع	10	8	8	1	53	97	intra_ayah:8:37:root:3
co-8_37-01634	8:37	w-s008-a037-w003	w-s008-a037-w001	خ ب ث	م ي ز	2	2	5	2	2	3	intra_ayah:8:37:root:30
co-8_37-01635	8:37	w-s008-a037-w007	w-s008-a037-w001	خ ب ث	م ي ز	6	2	5	2	2	3	intra_ayah:8:37:root:30
co-8_37-01636	8:37	w-s008-a037-w018	w-s008-a037-w011	خ س ر	ر ك م	7	3	3	1	1	1	intra_ayah:8:37:root:31
co-8_37-01637	8:37	w-s008-a037-w018	w-s008-a037-w005	خ س ر	ط ي ب	13	8	8	1	2	2	intra_ayah:8:37:root:32
co-8_37-01638	8:37	w-s008-a037-w018	w-s008-a037-w001	خ س ر	م ي ز	17	11	11	1	1	1	intra_ayah:8:37:root:33
co-8_37-01639	8:37	w-s008-a037-w011	w-s008-a037-w005	ر ك م	ط ي ب	6	5	5	1	1	1	intra_ayah:8:37:root:34
co-8_37-01640	8:37	w-s008-a037-w011	w-s008-a037-w001	ر ك م	م ي ز	10	8	8	1	1	1	intra_ayah:8:37:root:35
co-8_37-01641	8:37	w-s008-a037-w005	w-s008-a037-w001	ط ي ب	م ي ز	4	3	3	1	2	2	intra_ayah:8:37:root:36
co-8_37-01642	8:37	w-s008-a037-w002	w-s008-a037-w003	ء ل ه	خ ب ث	1	1	4	2	4	9	intra_ayah:8:37:root:4
co-8_37-01643	8:37	w-s008-a037-w002	w-s008-a037-w007	ء ل ه	خ ب ث	5	1	4	2	4	9	intra_ayah:8:37:root:4
co-8_37-01644	8:37	w-s008-a037-w002	w-s008-a037-w018	ء ل ه	خ س ر	16	10	10	1	22	31	intra_ayah:8:37:root:5
co-8_37-01645	8:37	w-s008-a037-w002	w-s008-a037-w011	ء ل ه	ر ك م	9	7	7	1	2	2	intra_ayah:8:37:root:6
co-8_37-01646	8:37	w-s008-a037-w002	w-s008-a037-w005	ء ل ه	ط ي ب	3	2	2	1	21	37	intra_ayah:8:37:root:7
co-8_37-01647	8:37	w-s008-a037-w002	w-s008-a037-w001	ء ل ه	م ي ز	1	1	1	1	2	5	intra_ayah:8:37:root:8
co-8_37-01648	8:37	w-s008-a037-w008	w-s008-a037-w006	ب ع ض	ج ع ل	2	2	4	4	9	18	intra_ayah:8:37:root:9
co-8_37-01649	8:37	w-s008-a037-w008	w-s008-a037-w013	ب ع ض	ج ع ل	5	2	4	4	9	18	intra_ayah:8:37:root:9
co-8_37-01650	8:37	w-s008-a037-w010	w-s008-a037-w006	ب ع ض	ج ع ل	4	2	4	4	9	18	intra_ayah:8:37:root:9
co-8_37-01651	8:37	w-s008-a037-w010	w-s008-a037-w013	ب ع ض	ج ع ل	3	2	4	4	9	18	intra_ayah:8:37:root:9
co-8_38-01652	8:38	w-s008-a038-w016	w-s008-a038-w010	ء و ل	س ل ف	6	4	4	1	1	1	intra_ayah:8:38:root:1
co-8_38-01653	8:38	w-s008-a038-w010	w-s008-a038-w012	س ل ف	ع و د	2	1	1	1	3	3	intra_ayah:8:38:root:10
co-8_38-01654	8:38	w-s008-a038-w010	w-s008-a038-w006	س ل ف	غ ف ر	4	1	1	1	2	2	intra_ayah:8:38:root:11
co-8_38-01655	8:38	w-s008-a038-w010	w-s008-a038-w001	س ل ف	ق و ل	9	4	4	1	2	2	intra_ayah:8:38:root:12
co-8_38-01656	8:38	w-s008-a038-w010	w-s008-a038-w003	س ل ف	ك ف ر	7	3	3	1	2	2	intra_ayah:8:38:root:13
co-8_38-01657	8:38	w-s008-a038-w010	w-s008-a038-w014	س ل ف	م ض ي	4	2	2	1	1	1	intra_ayah:8:38:root:14
co-8_38-01658	8:38	w-s008-a038-w010	w-s008-a038-w005	س ل ف	ن ه ي	5	2	2	1	2	2	intra_ayah:8:38:root:15
co-8_38-01659	8:38	w-s008-a038-w015	w-s008-a038-w012	س ن ن	ع و د	3	2	2	1	1	1	intra_ayah:8:38:root:16
co-8_38-01660	8:38	w-s008-a038-w015	w-s008-a038-w006	س ن ن	غ ف ر	9	4	4	1	2	2	intra_ayah:8:38:root:17
co-8_38-01661	8:38	w-s008-a038-w015	w-s008-a038-w001	س ن ن	ق و ل	14	7	7	1	3	3	intra_ayah:8:38:root:18
co-8_38-01662	8:38	w-s008-a038-w015	w-s008-a038-w003	س ن ن	ك ف ر	12	6	6	1	3	4	intra_ayah:8:38:root:19
co-8_38-01663	8:38	w-s008-a038-w016	w-s008-a038-w015	ء و ل	س ن ن	1	1	1	1	4	6	intra_ayah:8:38:root:2
co-8_38-01664	8:38	w-s008-a038-w015	w-s008-a038-w014	س ن ن	م ض ي	1	1	1	1	1	1	intra_ayah:8:38:root:20
co-8_38-01665	8:38	w-s008-a038-w015	w-s008-a038-w005	س ن ن	ن ه ي	10	5	5	1	1	1	intra_ayah:8:38:root:21
co-8_38-01666	8:38	w-s008-a038-w012	w-s008-a038-w006	ع و د	غ ف ر	6	2	2	1	1	1	intra_ayah:8:38:root:22
co-8_38-01667	8:38	w-s008-a038-w012	w-s008-a038-w001	ع و د	ق و ل	11	5	5	1	20	28	intra_ayah:8:38:root:23
co-8_38-01668	8:38	w-s008-a038-w012	w-s008-a038-w003	ع و د	ك ف ر	9	4	4	1	8	11	intra_ayah:8:38:root:24
co-8_38-01669	8:38	w-s008-a038-w012	w-s008-a038-w014	ع و د	م ض ي	2	1	1	1	1	1	intra_ayah:8:38:root:25
co-8_38-01670	8:38	w-s008-a038-w012	w-s008-a038-w005	ع و د	ن ه ي	7	3	3	1	5	7	intra_ayah:8:38:root:26
co-8_38-01671	8:38	w-s008-a038-w006	w-s008-a038-w001	غ ف ر	ق و ل	5	3	3	1	51	74	intra_ayah:8:38:root:27
co-8_38-01672	8:38	w-s008-a038-w006	w-s008-a038-w003	غ ف ر	ك ف ر	3	2	2	1	17	24	intra_ayah:8:38:root:28
co-8_38-01673	8:38	w-s008-a038-w006	w-s008-a038-w014	غ ف ر	م ض ي	8	3	3	1	1	1	intra_ayah:8:38:root:29
co-8_38-01674	8:38	w-s008-a038-w016	w-s008-a038-w012	ء و ل	ع و د	4	3	3	1	6	6	intra_ayah:8:38:root:3
co-8_38-01675	8:38	w-s008-a038-w006	w-s008-a038-w005	غ ف ر	ن ه ي	1	1	1	1	2	2	intra_ayah:8:38:root:30
co-8_38-01676	8:38	w-s008-a038-w001	w-s008-a038-w003	ق و ل	ك ف ر	2	1	1	1	132	211	intra_ayah:8:38:root:31
co-8_38-01677	8:38	w-s008-a038-w001	w-s008-a038-w014	ق و ل	م ض ي	13	6	6	1	2	2	intra_ayah:8:38:root:32
co-8_38-01678	8:38	w-s008-a038-w001	w-s008-a038-w005	ق و ل	ن ه ي	4	2	2	1	18	24	intra_ayah:8:38:root:33
co-8_38-01679	8:38	w-s008-a038-w003	w-s008-a038-w014	ك ف ر	م ض ي	11	5	5	1	1	1	intra_ayah:8:38:root:34
co-8_38-01680	8:38	w-s008-a038-w003	w-s008-a038-w005	ك ف ر	ن ه ي	2	1	1	1	5	6	intra_ayah:8:38:root:35
co-8_38-01681	8:38	w-s008-a038-w014	w-s008-a038-w005	م ض ي	ن ه ي	9	4	4	1	1	1	intra_ayah:8:38:root:36
co-8_38-01682	8:38	w-s008-a038-w016	w-s008-a038-w006	ء و ل	غ ف ر	10	5	5	1	5	8	intra_ayah:8:38:root:4
co-8_38-01683	8:38	w-s008-a038-w016	w-s008-a038-w001	ء و ل	ق و ل	15	8	8	1	51	72	intra_ayah:8:38:root:5
co-8_38-01684	8:38	w-s008-a038-w016	w-s008-a038-w003	ء و ل	ك ف ر	13	7	7	1	8	9	intra_ayah:8:38:root:6
co-8_38-01685	8:38	w-s008-a038-w016	w-s008-a038-w014	ء و ل	م ض ي	2	2	2	1	2	2	intra_ayah:8:38:root:7
co-8_38-01686	8:38	w-s008-a038-w016	w-s008-a038-w005	ء و ل	ن ه ي	11	6	6	1	4	4	intra_ayah:8:38:root:8
co-8_38-01687	8:38	w-s008-a038-w010	w-s008-a038-w015	س ل ف	س ن ن	5	3	3	1	1	1	intra_ayah:8:38:root:9
co-8_39-01688	8:39	w-s008-a039-w009	w-s008-a039-w016	ء ل ه	ب ص ر	7	2	4	2	60	102	intra_ayah:8:39:root:1
co-8_39-01689	8:39	w-s008-a039-w013	w-s008-a039-w016	ء ل ه	ب ص ر	3	2	4	2	60	102	intra_ayah:8:39:root:1
co-8_39-01690	8:39	w-s008-a039-w016	w-s008-a039-w015	ب ص ر	ع م ل	1	1	1	1	25	28	intra_ayah:8:39:root:10
co-8_39-01691	8:39	w-s008-a039-w016	w-s008-a039-w005	ب ص ر	ف ت ن	11	8	8	1	3	3	intra_ayah:8:39:root:11
co-8_39-01692	8:39	w-s008-a039-w016	w-s008-a039-w001	ب ص ر	ق ت ل	15	10	10	1	3	3	intra_ayah:8:39:root:12
co-8_39-01693	8:39	w-s008-a039-w016	w-s008-a039-w008	ب ص ر	ك ل ل	8	5	5	1	8	11	intra_ayah:8:39:root:13
co-8_39-01694	8:39	w-s008-a039-w016	w-s008-a039-w004	ب ص ر	ك و ن	12	7	9	2	28	39	intra_ayah:8:39:root:14
co-8_39-01695	8:39	w-s008-a039-w016	w-s008-a039-w006	ب ص ر	ك و ن	10	7	9	2	28	39	intra_ayah:8:39:root:14
co-8_39-01696	8:39	w-s008-a039-w016	w-s008-a039-w011	ب ص ر	ن ه ي	5	3	3	1	1	1	intra_ayah:8:39:root:15
co-8_39-01697	8:39	w-s008-a039-w007	w-s008-a039-w015	د ي ن	ع م ل	8	5	5	1	4	5	intra_ayah:8:39:root:16
co-8_39-01698	8:39	w-s008-a039-w007	w-s008-a039-w005	د ي ن	ف ت ن	2	2	2	1	3	4	intra_ayah:8:39:root:17
co-8_39-01699	8:39	w-s008-a039-w007	w-s008-a039-w001	د ي ن	ق ت ل	6	4	4	1	10	19	intra_ayah:8:39:root:18
co-8_39-01700	8:39	w-s008-a039-w007	w-s008-a039-w008	د ي ن	ك ل ل	1	1	1	1	16	25	intra_ayah:8:39:root:19
co-8_39-01701	8:39	w-s008-a039-w009	w-s008-a039-w007	ء ل ه	د ي ن	2	2	4	2	53	122	intra_ayah:8:39:root:2
co-8_39-01702	8:39	w-s008-a039-w013	w-s008-a039-w007	ء ل ه	د ي ن	6	2	4	2	53	122	intra_ayah:8:39:root:2
co-8_39-01703	8:39	w-s008-a039-w007	w-s008-a039-w004	د ي ن	ك و ن	3	1	3	2	25	59	intra_ayah:8:39:root:20
co-8_39-01704	8:39	w-s008-a039-w007	w-s008-a039-w006	د ي ن	ك و ن	1	1	3	2	25	59	intra_ayah:8:39:root:20
co-8_39-01705	8:39	w-s008-a039-w007	w-s008-a039-w011	د ي ن	ن ه ي	4	3	3	1	6	6	intra_ayah:8:39:root:21
co-8_39-01706	8:39	w-s008-a039-w015	w-s008-a039-w005	ع م ل	ف ت ن	10	7	7	1	4	4	intra_ayah:8:39:root:22
co-8_39-01707	8:39	w-s008-a039-w015	w-s008-a039-w001	ع م ل	ق ت ل	14	9	9	1	8	15	intra_ayah:8:39:root:23
co-8_39-01708	8:39	w-s008-a039-w015	w-s008-a039-w008	ع م ل	ك ل ل	7	4	4	1	19	26	intra_ayah:8:39:root:24
co-8_39-01709	8:39	w-s008-a039-w015	w-s008-a039-w004	ع م ل	ك و ن	11	6	8	2	110	151	intra_ayah:8:39:root:25
co-8_39-01710	8:39	w-s008-a039-w015	w-s008-a039-w006	ع م ل	ك و ن	9	6	8	2	110	151	intra_ayah:8:39:root:25
co-8_39-01711	8:39	w-s008-a039-w015	w-s008-a039-w011	ع م ل	ن ه ي	4	2	2	1	1	1	intra_ayah:8:39:root:26
co-8_39-01712	8:39	w-s008-a039-w005	w-s008-a039-w001	ف ت ن	ق ت ل	4	2	2	1	6	15	intra_ayah:8:39:root:27
co-8_39-01713	8:39	w-s008-a039-w005	w-s008-a039-w008	ف ت ن	ك ل ل	3	3	3	1	5	5	intra_ayah:8:39:root:28
co-8_39-01714	8:39	w-s008-a039-w005	w-s008-a039-w004	ف ت ن	ك و ن	1	1	1	2	11	14	intra_ayah:8:39:root:29
co-8_39-01715	8:39	w-s008-a039-w005	w-s008-a039-w006	ف ت ن	ك و ن	1	1	1	2	11	14	intra_ayah:8:39:root:29
co-8_39-01716	8:39	w-s008-a039-w009	w-s008-a039-w015	ء ل ه	ع م ل	6	1	3	2	141	249	intra_ayah:8:39:root:3
co-8_39-01717	8:39	w-s008-a039-w013	w-s008-a039-w015	ء ل ه	ع م ل	2	1	3	2	141	249	intra_ayah:8:39:root:3
co-8_39-01718	8:39	w-s008-a039-w005	w-s008-a039-w011	ف ت ن	ن ه ي	6	5	5	1	2	2	intra_ayah:8:39:root:30
co-8_39-01719	8:39	w-s008-a039-w001	w-s008-a039-w008	ق ت ل	ك ل ل	7	5	5	1	8	10	intra_ayah:8:39:root:31
co-8_39-01720	8:39	w-s008-a039-w001	w-s008-a039-w004	ق ت ل	ك و ن	3	1	3	2	29	56	intra_ayah:8:39:root:32
co-8_39-01721	8:39	w-s008-a039-w001	w-s008-a039-w006	ق ت ل	ك و ن	5	1	3	2	29	56	intra_ayah:8:39:root:32
co-8_39-01722	8:39	w-s008-a039-w001	w-s008-a039-w011	ق ت ل	ن ه ي	10	7	7	1	5	5	intra_ayah:8:39:root:33
co-8_39-01723	8:39	w-s008-a039-w008	w-s008-a039-w004	ك ل ل	ك و ن	4	2	4	2	77	125	intra_ayah:8:39:root:34
co-8_39-01724	8:39	w-s008-a039-w008	w-s008-a039-w006	ك ل ل	ك و ن	2	2	4	2	77	125	intra_ayah:8:39:root:34
co-8_39-01725	8:39	w-s008-a039-w008	w-s008-a039-w011	ك ل ل	ن ه ي	3	2	2	1	1	1	intra_ayah:8:39:root:35
co-8_39-01726	8:39	w-s008-a039-w004	w-s008-a039-w011	ك و ن	ن ه ي	7	4	6	2	18	25	intra_ayah:8:39:root:36
co-8_39-01727	8:39	w-s008-a039-w006	w-s008-a039-w011	ك و ن	ن ه ي	5	4	6	2	18	25	intra_ayah:8:39:root:36
co-8_39-01728	8:39	w-s008-a039-w009	w-s008-a039-w005	ء ل ه	ف ت ن	4	4	6	2	23	36	intra_ayah:8:39:root:4
co-8_39-01729	8:39	w-s008-a039-w013	w-s008-a039-w005	ء ل ه	ف ت ن	8	4	6	2	23	36	intra_ayah:8:39:root:4
co-8_39-01730	8:39	w-s008-a039-w009	w-s008-a039-w001	ء ل ه	ق ت ل	8	6	8	2	79	225	intra_ayah:8:39:root:5
co-8_39-01731	8:39	w-s008-a039-w013	w-s008-a039-w001	ء ل ه	ق ت ل	12	6	8	2	79	225	intra_ayah:8:39:root:5
co-8_39-01732	8:39	w-s008-a039-w009	w-s008-a039-w008	ء ل ه	ك ل ل	1	1	3	2	149	285	intra_ayah:8:39:root:6
co-8_39-01733	8:39	w-s008-a039-w013	w-s008-a039-w008	ء ل ه	ك ل ل	5	1	3	2	149	285	intra_ayah:8:39:root:6
co-8_39-01734	8:39	w-s008-a039-w009	w-s008-a039-w004	ء ل ه	ك و ن	5	3	7	4	441	974	intra_ayah:8:39:root:7
co-8_39-01735	8:39	w-s008-a039-w009	w-s008-a039-w006	ء ل ه	ك و ن	3	3	7	4	441	974	intra_ayah:8:39:root:7
co-8_39-01736	8:39	w-s008-a039-w013	w-s008-a039-w004	ء ل ه	ك و ن	9	3	7	4	441	974	intra_ayah:8:39:root:7
co-8_39-01737	8:39	w-s008-a039-w013	w-s008-a039-w006	ء ل ه	ك و ن	7	3	7	4	441	974	intra_ayah:8:39:root:7
co-8_39-01738	8:39	w-s008-a039-w009	w-s008-a039-w011	ء ل ه	ن ه ي	2	1	1	2	24	47	intra_ayah:8:39:root:8
co-8_39-01739	8:39	w-s008-a039-w013	w-s008-a039-w011	ء ل ه	ن ه ي	2	1	1	2	24	47	intra_ayah:8:39:root:8
co-8_39-01740	8:39	w-s008-a039-w016	w-s008-a039-w007	ب ص ر	د ي ن	9	6	6	1	2	2	intra_ayah:8:39:root:9
co-8_40-01741	8:40	w-s008-a040-w005	w-s008-a040-w003	ء ل ه	ع ل م	2	1	1	1	408	878	intra_ayah:8:40:root:1
co-8_40-01742	8:40	w-s008-a040-w007	w-s008-a040-w002	ن ع م	و ل ي	5	1	6	6	4	13	intra_ayah:8:40:root:10
co-8_40-01743	8:40	w-s008-a040-w007	w-s008-a040-w006	ن ع م	و ل ي	1	1	6	6	4	13	intra_ayah:8:40:root:10
co-8_40-01744	8:40	w-s008-a040-w007	w-s008-a040-w008	ن ع م	و ل ي	1	1	6	6	4	13	intra_ayah:8:40:root:10
co-8_40-01745	8:40	w-s008-a040-w009	w-s008-a040-w002	ن ع م	و ل ي	7	1	6	6	4	13	intra_ayah:8:40:root:10
co-8_40-01746	8:40	w-s008-a040-w009	w-s008-a040-w006	ن ع م	و ل ي	3	1	6	6	4	13	intra_ayah:8:40:root:10
co-8_40-01747	8:40	w-s008-a040-w009	w-s008-a040-w008	ن ع م	و ل ي	1	1	6	6	4	13	intra_ayah:8:40:root:10
co-8_40-01748	8:40	w-s008-a040-w005	w-s008-a040-w010	ء ل ه	ن ص ر	5	5	5	1	80	165	intra_ayah:8:40:root:2
co-8_40-01749	8:40	w-s008-a040-w005	w-s008-a040-w007	ء ل ه	ن ع م	2	2	4	2	58	118	intra_ayah:8:40:root:3
co-8_40-01750	8:40	w-s008-a040-w005	w-s008-a040-w009	ء ل ه	ن ع م	4	2	4	2	58	118	intra_ayah:8:40:root:3
co-8_40-01751	8:40	w-s008-a040-w005	w-s008-a040-w002	ء ل ه	و ل ي	3	1	3	3	124	209	intra_ayah:8:40:root:4
co-8_40-01752	8:40	w-s008-a040-w005	w-s008-a040-w006	ء ل ه	و ل ي	1	1	3	3	124	209	intra_ayah:8:40:root:4
co-8_40-01753	8:40	w-s008-a040-w005	w-s008-a040-w008	ء ل ه	و ل ي	3	1	3	3	124	209	intra_ayah:8:40:root:4
co-8_40-01754	8:40	w-s008-a040-w003	w-s008-a040-w010	ع ل م	ن ص ر	7	6	6	1	14	17	intra_ayah:8:40:root:5
co-8_40-01755	8:40	w-s008-a040-w003	w-s008-a040-w007	ع ل م	ن ع م	4	3	5	2	15	22	intra_ayah:8:40:root:6
co-8_40-01756	8:40	w-s008-a040-w003	w-s008-a040-w009	ع ل م	ن ع م	6	3	5	2	15	22	intra_ayah:8:40:root:6
co-8_40-01757	8:40	w-s008-a040-w003	w-s008-a040-w002	ع ل م	و ل ي	1	1	4	3	28	35	intra_ayah:8:40:root:7
co-8_40-01758	8:40	w-s008-a040-w003	w-s008-a040-w006	ع ل م	و ل ي	3	1	4	3	28	35	intra_ayah:8:40:root:7
co-8_40-01759	8:40	w-s008-a040-w003	w-s008-a040-w008	ع ل م	و ل ي	5	1	4	3	28	35	intra_ayah:8:40:root:7
co-8_40-01760	8:40	w-s008-a040-w010	w-s008-a040-w007	ن ص ر	ن ع م	3	1	3	2	2	4	intra_ayah:8:40:root:8
co-8_40-01761	8:40	w-s008-a040-w010	w-s008-a040-w009	ن ص ر	ن ع م	1	1	3	2	2	4	intra_ayah:8:40:root:8
co-8_40-01762	8:40	w-s008-a040-w010	w-s008-a040-w002	ن ص ر	و ل ي	8	2	7	3	28	46	intra_ayah:8:40:root:9
co-8_40-01763	8:40	w-s008-a040-w010	w-s008-a040-w006	ن ص ر	و ل ي	4	2	7	3	28	46	intra_ayah:8:40:root:9
co-8_40-01764	8:40	w-s008-a040-w010	w-s008-a040-w008	ن ص ر	و ل ي	2	2	7	3	28	46	intra_ayah:8:40:root:9
co-8_41-01765	8:41	w-s008-a041-w007	w-s008-a041-w018	ء ل ه	ء م ن	11	1	9	3	372	843	intra_ayah:8:41:root:1
co-8_41-01766	8:41	w-s008-a041-w019	w-s008-a041-w018	ء ل ه	ء م ن	1	1	9	3	372	843	intra_ayah:8:41:root:1
co-8_41-01767	8:41	w-s008-a041-w029	w-s008-a041-w018	ء ل ه	ء م ن	11	1	9	3	372	843	intra_ayah:8:41:root:1
co-8_41-01768	8:41	w-s008-a041-w007	w-s008-a041-w001	ء ل ه	ع ل م	6	3	21	3	408	878	intra_ayah:8:41:root:10
co-8_41-01769	8:41	w-s008-a041-w019	w-s008-a041-w001	ء ل ه	ع ل م	18	3	21	3	408	878	intra_ayah:8:41:root:10
co-8_41-01770	8:41	w-s008-a041-w029	w-s008-a041-w001	ء ل ه	ع ل م	28	3	21	3	408	878	intra_ayah:8:41:root:10
co-8_41-01771	8:41	w-s008-a041-w009	w-s008-a041-w031	ر س ل	ك ل ل	22	17	17	1	27	42	intra_ayah:8:41:root:100
co-8_41-01772	8:41	w-s008-a041-w009	w-s008-a041-w017	ر س ل	ك و ن	8	6	6	1	100	157	intra_ayah:8:41:root:101
co-8_41-01773	8:41	w-s008-a041-w009	w-s008-a041-w027	ر س ل	ل ق ي	18	14	14	1	8	12	intra_ayah:8:41:root:102
co-8_41-01774	8:41	w-s008-a041-w009	w-s008-a041-w021	ر س ل	ن ز ل	12	9	9	1	24	40	intra_ayah:8:41:root:103
co-8_41-01775	8:41	w-s008-a041-w009	w-s008-a041-w012	ر س ل	ي ت م	3	2	2	1	2	4	intra_ayah:8:41:root:104
co-8_41-01776	8:41	w-s008-a041-w009	w-s008-a041-w024	ر س ل	ي و م	15	11	13	2	25	30	intra_ayah:8:41:root:105
co-8_41-01777	8:41	w-s008-a041-w009	w-s008-a041-w026	ر س ل	ي و م	17	11	13	2	25	30	intra_ayah:8:41:root:105
co-8_41-01778	8:41	w-s008-a041-w015	w-s008-a041-w013	س ب ل	س ك ن	2	2	2	1	11	12	intra_ayah:8:41:root:106
co-8_41-01779	8:41	w-s008-a041-w015	w-s008-a041-w005	س ب ل	ش ي ء	10	8	13	2	16	17	intra_ayah:8:41:root:107
co-8_41-01780	8:41	w-s008-a041-w015	w-s008-a041-w032	س ب ل	ش ي ء	17	8	13	2	16	17	intra_ayah:8:41:root:107
co-8_41-01781	8:41	w-s008-a041-w015	w-s008-a041-w023	س ب ل	ع ب د	8	5	5	1	4	5	intra_ayah:8:41:root:108
co-8_41-01782	8:41	w-s008-a041-w015	w-s008-a041-w001	س ب ل	ع ل م	14	10	10	1	29	45	intra_ayah:8:41:root:109
co-8_41-01783	8:41	w-s008-a041-w007	w-s008-a041-w003	ء ل ه	غ ن م	4	2	20	3	6	13	intra_ayah:8:41:root:11
co-8_41-01784	8:41	w-s008-a041-w019	w-s008-a041-w003	ء ل ه	غ ن م	16	2	20	3	6	13	intra_ayah:8:41:root:11
co-8_41-01785	8:41	w-s008-a041-w029	w-s008-a041-w003	ء ل ه	غ ن م	26	2	20	3	6	13	intra_ayah:8:41:root:11
co-8_41-01786	8:41	w-s008-a041-w015	w-s008-a041-w003	س ب ل	غ ن م	12	9	9	1	2	2	intra_ayah:8:41:root:110
co-8_41-01787	8:41	w-s008-a041-w015	w-s008-a041-w025	س ب ل	ف ر ق	10	7	7	1	3	4	intra_ayah:8:41:root:111
co-8_41-01788	8:41	w-s008-a041-w015	w-s008-a041-w033	س ب ل	ق د ر	18	14	14	1	2	2	intra_ayah:8:41:root:112
co-8_41-01789	8:41	w-s008-a041-w015	w-s008-a041-w011	س ب ل	ق ر ب	4	4	4	1	11	12	intra_ayah:8:41:root:113
co-8_41-01790	8:41	w-s008-a041-w015	w-s008-a041-w031	س ب ل	ك ل ل	16	12	12	1	11	14	intra_ayah:8:41:root:114
co-8_41-01791	8:41	w-s008-a041-w015	w-s008-a041-w017	س ب ل	ك و ن	2	1	1	1	41	52	intra_ayah:8:41:root:115
co-8_41-01792	8:41	w-s008-a041-w015	w-s008-a041-w027	س ب ل	ل ق ي	12	9	9	1	9	10	intra_ayah:8:41:root:116
co-8_41-01793	8:41	w-s008-a041-w015	w-s008-a041-w021	س ب ل	ن ز ل	6	4	4	1	2	2	intra_ayah:8:41:root:117
co-8_41-01794	8:41	w-s008-a041-w015	w-s008-a041-w012	س ب ل	ي ت م	3	3	3	1	5	5	intra_ayah:8:41:root:118
co-8_41-01795	8:41	w-s008-a041-w015	w-s008-a041-w024	س ب ل	ي و م	9	6	8	2	9	11	intra_ayah:8:41:root:119
co-8_41-01796	8:41	w-s008-a041-w015	w-s008-a041-w026	س ب ل	ي و م	11	6	8	2	9	11	intra_ayah:8:41:root:119
co-8_41-01797	8:41	w-s008-a041-w007	w-s008-a041-w025	ء ل ه	ف ر ق	18	4	14	3	31	49	intra_ayah:8:41:root:12
co-8_41-01798	8:41	w-s008-a041-w019	w-s008-a041-w025	ء ل ه	ف ر ق	6	4	14	3	31	49	intra_ayah:8:41:root:12
co-8_41-01799	8:41	w-s008-a041-w029	w-s008-a041-w025	ء ل ه	ف ر ق	4	4	14	3	31	49	intra_ayah:8:41:root:12
co-8_41-01800	8:41	w-s008-a041-w013	w-s008-a041-w005	س ك ن	ش ي ء	8	6	15	2	9	10	intra_ayah:8:41:root:120
co-8_41-01801	8:41	w-s008-a041-w013	w-s008-a041-w032	س ك ن	ش ي ء	19	6	15	2	9	10	intra_ayah:8:41:root:120
co-8_41-01802	8:41	w-s008-a041-w013	w-s008-a041-w023	س ك ن	ع ب د	10	7	7	1	3	3	intra_ayah:8:41:root:121
co-8_41-01803	8:41	w-s008-a041-w013	w-s008-a041-w001	س ك ن	ع ل م	12	8	8	1	11	11	intra_ayah:8:41:root:122
co-8_41-01804	8:41	w-s008-a041-w013	w-s008-a041-w003	س ك ن	غ ن م	10	7	7	1	1	1	intra_ayah:8:41:root:123
co-8_41-01805	8:41	w-s008-a041-w013	w-s008-a041-w025	س ك ن	ف ر ق	12	9	9	1	1	1	intra_ayah:8:41:root:124
co-8_41-01806	8:41	w-s008-a041-w013	w-s008-a041-w033	س ك ن	ق د ر	20	16	16	1	3	4	intra_ayah:8:41:root:125
co-8_41-01807	8:41	w-s008-a041-w013	w-s008-a041-w011	س ك ن	ق ر ب	2	2	2	1	13	14	intra_ayah:8:41:root:126
co-8_41-01808	8:41	w-s008-a041-w013	w-s008-a041-w031	س ك ن	ك ل ل	18	14	14	1	6	6	intra_ayah:8:41:root:127
co-8_41-01809	8:41	w-s008-a041-w013	w-s008-a041-w017	س ك ن	ك و ن	4	3	3	1	19	26	intra_ayah:8:41:root:128
co-8_41-01810	8:41	w-s008-a041-w013	w-s008-a041-w027	س ك ن	ل ق ي	14	11	11	1	1	1	intra_ayah:8:41:root:129
co-8_41-01811	8:41	w-s008-a041-w007	w-s008-a041-w033	ء ل ه	ق د ر	26	3	21	3	64	127	intra_ayah:8:41:root:13
co-8_41-01812	8:41	w-s008-a041-w019	w-s008-a041-w033	ء ل ه	ق د ر	14	3	21	3	64	127	intra_ayah:8:41:root:13
co-8_41-01813	8:41	w-s008-a041-w029	w-s008-a041-w033	ء ل ه	ق د ر	4	3	21	3	64	127	intra_ayah:8:41:root:13
co-8_41-01814	8:41	w-s008-a041-w013	w-s008-a041-w021	س ك ن	ن ز ل	8	6	6	1	7	8	intra_ayah:8:41:root:130
co-8_41-01815	8:41	w-s008-a041-w013	w-s008-a041-w012	س ك ن	ي ت م	1	1	1	1	8	8	intra_ayah:8:41:root:131
co-8_41-01816	8:41	w-s008-a041-w013	w-s008-a041-w024	س ك ن	ي و م	11	8	10	2	7	10	intra_ayah:8:41:root:132
co-8_41-01817	8:41	w-s008-a041-w013	w-s008-a041-w026	س ك ن	ي و م	13	8	10	2	7	10	intra_ayah:8:41:root:132
co-8_41-01818	8:41	w-s008-a041-w005	w-s008-a041-w023	ش ي ء	ع ب د	18	8	13	2	37	47	intra_ayah:8:41:root:133
co-8_41-01819	8:41	w-s008-a041-w032	w-s008-a041-w023	ش ي ء	ع ب د	9	8	13	2	37	47	intra_ayah:8:41:root:133
co-8_41-01820	8:41	w-s008-a041-w005	w-s008-a041-w001	ش ي ء	ع ل م	4	2	23	2	95	157	intra_ayah:8:41:root:134
co-8_41-01821	8:41	w-s008-a041-w032	w-s008-a041-w001	ش ي ء	ع ل م	31	2	23	2	95	157	intra_ayah:8:41:root:134
co-8_41-01822	8:41	w-s008-a041-w005	w-s008-a041-w003	ش ي ء	غ ن م	2	1	22	2	1	2	intra_ayah:8:41:root:135
co-8_41-01823	8:41	w-s008-a041-w032	w-s008-a041-w003	ش ي ء	غ ن م	29	1	22	2	1	2	intra_ayah:8:41:root:135
co-8_41-01824	8:41	w-s008-a041-w005	w-s008-a041-w025	ش ي ء	ف ر ق	20	6	15	2	4	5	intra_ayah:8:41:root:136
co-8_41-01825	8:41	w-s008-a041-w032	w-s008-a041-w025	ش ي ء	ف ر ق	7	6	15	2	4	5	intra_ayah:8:41:root:136
co-8_41-01826	8:41	w-s008-a041-w005	w-s008-a041-w033	ش ي ء	ق د ر	28	1	22	2	64	89	intra_ayah:8:41:root:137
co-8_41-01827	8:41	w-s008-a041-w032	w-s008-a041-w033	ش ي ء	ق د ر	1	1	22	2	64	89	intra_ayah:8:41:root:137
co-8_41-01828	8:41	w-s008-a041-w005	w-s008-a041-w011	ش ي ء	ق ر ب	6	4	17	2	13	15	intra_ayah:8:41:root:138
co-8_41-01829	8:41	w-s008-a041-w032	w-s008-a041-w011	ش ي ء	ق ر ب	21	4	17	2	13	15	intra_ayah:8:41:root:138
co-8_41-01830	8:41	w-s008-a041-w005	w-s008-a041-w031	ش ي ء	ك ل ل	26	1	20	2	135	191	intra_ayah:8:41:root:139
co-8_41-01831	8:41	w-s008-a041-w032	w-s008-a041-w031	ش ي ء	ك ل ل	1	1	20	2	135	191	intra_ayah:8:41:root:139
co-8_41-01832	8:41	w-s008-a041-w007	w-s008-a041-w011	ء ل ه	ق ر ب	4	3	15	3	47	95	intra_ayah:8:41:root:14
co-8_41-01833	8:41	w-s008-a041-w019	w-s008-a041-w011	ء ل ه	ق ر ب	8	3	15	3	47	95	intra_ayah:8:41:root:14
co-8_41-01834	8:41	w-s008-a041-w029	w-s008-a041-w011	ء ل ه	ق ر ب	18	3	15	3	47	95	intra_ayah:8:41:root:14
co-8_41-01835	8:41	w-s008-a041-w005	w-s008-a041-w017	ش ي ء	ك و ن	12	9	12	2	98	144	intra_ayah:8:41:root:140
co-8_41-01836	8:41	w-s008-a041-w032	w-s008-a041-w017	ش ي ء	ك و ن	15	9	12	2	98	144	intra_ayah:8:41:root:140
co-8_41-01837	8:41	w-s008-a041-w005	w-s008-a041-w027	ش ي ء	ل ق ي	22	4	17	2	12	14	intra_ayah:8:41:root:141
co-8_41-01838	8:41	w-s008-a041-w032	w-s008-a041-w027	ش ي ء	ل ق ي	5	4	17	2	12	14	intra_ayah:8:41:root:141
co-8_41-01839	8:41	w-s008-a041-w005	w-s008-a041-w021	ش ي ء	ن ز ل	16	9	12	2	36	47	intra_ayah:8:41:root:142
co-8_41-01840	8:41	w-s008-a041-w032	w-s008-a041-w021	ش ي ء	ن ز ل	11	9	12	2	36	47	intra_ayah:8:41:root:142
co-8_41-01841	8:41	w-s008-a041-w005	w-s008-a041-w012	ش ي ء	ي ت م	7	5	16	2	3	4	intra_ayah:8:41:root:143
co-8_41-01842	8:41	w-s008-a041-w032	w-s008-a041-w012	ش ي ء	ي ت م	20	5	16	2	3	4	intra_ayah:8:41:root:143
co-8_41-01843	8:41	w-s008-a041-w005	w-s008-a041-w024	ش ي ء	ي و م	19	5	16	4	33	39	intra_ayah:8:41:root:144
co-8_41-01844	8:41	w-s008-a041-w005	w-s008-a041-w026	ش ي ء	ي و م	21	5	16	4	33	39	intra_ayah:8:41:root:144
co-8_41-01845	8:41	w-s008-a041-w032	w-s008-a041-w024	ش ي ء	ي و م	8	5	16	4	33	39	intra_ayah:8:41:root:144
co-8_41-01846	8:41	w-s008-a041-w032	w-s008-a041-w026	ش ي ء	ي و م	6	5	16	4	33	39	intra_ayah:8:41:root:144
co-8_41-01847	8:41	w-s008-a041-w023	w-s008-a041-w001	ع ب د	ع ل م	22	15	15	1	22	27	intra_ayah:8:41:root:145
co-8_41-01848	8:41	w-s008-a041-w023	w-s008-a041-w003	ع ب د	غ ن م	20	14	14	1	1	1	intra_ayah:8:41:root:146
co-8_41-01849	8:41	w-s008-a041-w023	w-s008-a041-w025	ع ب د	ف ر ق	2	2	2	1	4	4	intra_ayah:8:41:root:147
co-8_41-01850	8:41	w-s008-a041-w023	w-s008-a041-w033	ع ب د	ق د ر	10	9	9	1	8	9	intra_ayah:8:41:root:148
co-8_41-01851	8:41	w-s008-a041-w023	w-s008-a041-w011	ع ب د	ق ر ب	12	9	9	1	8	10	intra_ayah:8:41:root:149
co-8_41-01852	8:41	w-s008-a041-w007	w-s008-a041-w031	ء ل ه	ك ل ل	24	1	19	3	149	285	intra_ayah:8:41:root:15
co-8_41-01853	8:41	w-s008-a041-w019	w-s008-a041-w031	ء ل ه	ك ل ل	12	1	19	3	149	285	intra_ayah:8:41:root:15
co-8_41-01854	8:41	w-s008-a041-w029	w-s008-a041-w031	ء ل ه	ك ل ل	2	1	19	3	149	285	intra_ayah:8:41:root:15
co-8_41-01855	8:41	w-s008-a041-w023	w-s008-a041-w031	ع ب د	ك ل ل	8	7	7	1	13	14	intra_ayah:8:41:root:150
co-8_41-01856	8:41	w-s008-a041-w023	w-s008-a041-w017	ع ب د	ك و ن	6	4	4	1	62	85	intra_ayah:8:41:root:151
co-8_41-01857	8:41	w-s008-a041-w023	w-s008-a041-w027	ع ب د	ل ق ي	4	4	4	1	3	4	intra_ayah:8:41:root:152
co-8_41-01858	8:41	w-s008-a041-w023	w-s008-a041-w021	ع ب د	ن ز ل	2	1	1	1	14	17	intra_ayah:8:41:root:153
co-8_41-01859	8:41	w-s008-a041-w023	w-s008-a041-w012	ع ب د	ي ت م	11	8	8	1	3	3	intra_ayah:8:41:root:154
co-8_41-01860	8:41	w-s008-a041-w023	w-s008-a041-w024	ع ب د	ي و م	1	1	3	2	16	18	intra_ayah:8:41:root:155
co-8_41-01861	8:41	w-s008-a041-w023	w-s008-a041-w026	ع ب د	ي و م	3	1	3	2	16	18	intra_ayah:8:41:root:155
co-8_41-01862	8:41	w-s008-a041-w001	w-s008-a041-w003	ع ل م	غ ن م	2	1	1	1	1	1	intra_ayah:8:41:root:156
co-8_41-01863	8:41	w-s008-a041-w001	w-s008-a041-w025	ع ل م	ف ر ق	24	17	17	1	10	15	intra_ayah:8:41:root:157
co-8_41-01864	8:41	w-s008-a041-w001	w-s008-a041-w033	ع ل م	ق د ر	32	24	24	1	28	38	intra_ayah:8:41:root:158
co-8_41-01865	8:41	w-s008-a041-w001	w-s008-a041-w011	ع ل م	ق ر ب	10	6	6	1	13	16	intra_ayah:8:41:root:159
co-8_41-01866	8:41	w-s008-a041-w007	w-s008-a041-w017	ء ل ه	ك و ن	10	2	10	3	441	974	intra_ayah:8:41:root:16
co-8_41-01867	8:41	w-s008-a041-w019	w-s008-a041-w017	ء ل ه	ك و ن	2	2	10	3	441	974	intra_ayah:8:41:root:16
co-8_41-01868	8:41	w-s008-a041-w029	w-s008-a041-w017	ء ل ه	ك و ن	12	2	10	3	441	974	intra_ayah:8:41:root:16
co-8_41-01869	8:41	w-s008-a041-w001	w-s008-a041-w031	ع ل م	ك ل ل	30	22	22	1	73	97	intra_ayah:8:41:root:160
co-8_41-01870	8:41	w-s008-a041-w001	w-s008-a041-w017	ع ل م	ك و ن	16	11	11	1	157	243	intra_ayah:8:41:root:161
co-8_41-01871	8:41	w-s008-a041-w001	w-s008-a041-w027	ع ل م	ل ق ي	26	19	19	1	13	15	intra_ayah:8:41:root:162
co-8_41-01872	8:41	w-s008-a041-w001	w-s008-a041-w021	ع ل م	ن ز ل	20	14	14	1	46	71	intra_ayah:8:41:root:163
co-8_41-01873	8:41	w-s008-a041-w001	w-s008-a041-w012	ع ل م	ي ت م	11	7	7	1	4	5	intra_ayah:8:41:root:164
co-8_41-01874	8:41	w-s008-a041-w001	w-s008-a041-w024	ع ل م	ي و م	23	16	18	2	42	57	intra_ayah:8:41:root:165
co-8_41-01875	8:41	w-s008-a041-w001	w-s008-a041-w026	ع ل م	ي و م	25	16	18	2	42	57	intra_ayah:8:41:root:165
co-8_41-01876	8:41	w-s008-a041-w003	w-s008-a041-w025	غ ن م	ف ر ق	22	16	16	1	1	1	intra_ayah:8:41:root:166
co-8_41-01877	8:41	w-s008-a041-w003	w-s008-a041-w033	غ ن م	ق د ر	30	23	23	1	1	1	intra_ayah:8:41:root:167
co-8_41-01878	8:41	w-s008-a041-w003	w-s008-a041-w011	غ ن م	ق ر ب	8	5	5	1	1	1	intra_ayah:8:41:root:168
co-8_41-01879	8:41	w-s008-a041-w003	w-s008-a041-w031	غ ن م	ك ل ل	28	21	21	1	2	2	intra_ayah:8:41:root:169
co-8_41-01880	8:41	w-s008-a041-w007	w-s008-a041-w027	ء ل ه	ل ق ي	20	2	16	3	39	72	intra_ayah:8:41:root:17
co-8_41-01881	8:41	w-s008-a041-w019	w-s008-a041-w027	ء ل ه	ل ق ي	8	2	16	3	39	72	intra_ayah:8:41:root:17
co-8_41-01882	8:41	w-s008-a041-w029	w-s008-a041-w027	ء ل ه	ل ق ي	2	2	16	3	39	72	intra_ayah:8:41:root:17
co-8_41-01883	8:41	w-s008-a041-w003	w-s008-a041-w017	غ ن م	ك و ن	14	10	10	1	6	7	intra_ayah:8:41:root:170
co-8_41-01884	8:41	w-s008-a041-w003	w-s008-a041-w027	غ ن م	ل ق ي	24	18	18	1	2	2	intra_ayah:8:41:root:171
co-8_41-01885	8:41	w-s008-a041-w003	w-s008-a041-w021	غ ن م	ن ز ل	18	13	13	1	1	1	intra_ayah:8:41:root:172
co-8_41-01886	8:41	w-s008-a041-w003	w-s008-a041-w012	غ ن م	ي ت م	9	6	6	1	1	1	intra_ayah:8:41:root:173
co-8_41-01887	8:41	w-s008-a041-w003	w-s008-a041-w024	غ ن م	ي و م	21	15	17	2	1	2	intra_ayah:8:41:root:174
co-8_41-01888	8:41	w-s008-a041-w003	w-s008-a041-w026	غ ن م	ي و م	23	15	17	2	1	2	intra_ayah:8:41:root:174
co-8_41-01889	8:41	w-s008-a041-w025	w-s008-a041-w033	ف ر ق	ق د ر	8	7	7	1	1	1	intra_ayah:8:41:root:175
co-8_41-01890	8:41	w-s008-a041-w025	w-s008-a041-w011	ف ر ق	ق ر ب	14	11	11	1	2	2	intra_ayah:8:41:root:176
co-8_41-01891	8:41	w-s008-a041-w025	w-s008-a041-w031	ف ر ق	ك ل ل	6	5	5	1	10	12	intra_ayah:8:41:root:177
co-8_41-01892	8:41	w-s008-a041-w025	w-s008-a041-w017	ف ر ق	ك و ن	8	6	6	1	16	18	intra_ayah:8:41:root:178
co-8_41-01893	8:41	w-s008-a041-w025	w-s008-a041-w027	ف ر ق	ل ق ي	2	2	2	1	1	1	intra_ayah:8:41:root:179
co-8_41-01894	8:41	w-s008-a041-w007	w-s008-a041-w021	ء ل ه	ن ز ل	14	1	11	3	126	236	intra_ayah:8:41:root:18
co-8_41-01895	8:41	w-s008-a041-w019	w-s008-a041-w021	ء ل ه	ن ز ل	2	1	11	3	126	236	intra_ayah:8:41:root:18
co-8_41-01896	8:41	w-s008-a041-w029	w-s008-a041-w021	ء ل ه	ن ز ل	8	1	11	3	126	236	intra_ayah:8:41:root:18
co-8_41-01897	8:41	w-s008-a041-w025	w-s008-a041-w021	ف ر ق	ن ز ل	4	3	3	1	11	15	intra_ayah:8:41:root:180
co-8_41-01898	8:41	w-s008-a041-w025	w-s008-a041-w012	ف ر ق	ي ت م	13	10	10	1	1	1	intra_ayah:8:41:root:181
co-8_41-01899	8:41	w-s008-a041-w025	w-s008-a041-w024	ف ر ق	ي و م	1	1	1	2	6	8	intra_ayah:8:41:root:182
co-8_41-01900	8:41	w-s008-a041-w025	w-s008-a041-w026	ف ر ق	ي و م	1	1	1	2	6	8	intra_ayah:8:41:root:182
co-8_41-01901	8:41	w-s008-a041-w033	w-s008-a041-w011	ق د ر	ق ر ب	22	18	18	1	2	2	intra_ayah:8:41:root:183
co-8_41-01902	8:41	w-s008-a041-w033	w-s008-a041-w031	ق د ر	ك ل ل	2	2	2	1	45	53	intra_ayah:8:41:root:184
co-8_41-01903	8:41	w-s008-a041-w033	w-s008-a041-w017	ق د ر	ك و ن	16	13	13	1	17	25	intra_ayah:8:41:root:185
co-8_41-01904	8:41	w-s008-a041-w033	w-s008-a041-w027	ق د ر	ل ق ي	6	5	5	1	2	2	intra_ayah:8:41:root:186
co-8_41-01905	8:41	w-s008-a041-w033	w-s008-a041-w021	ق د ر	ن ز ل	12	10	10	1	15	20	intra_ayah:8:41:root:187
co-8_41-01906	8:41	w-s008-a041-w033	w-s008-a041-w012	ق د ر	ي ت م	21	17	17	1	1	1	intra_ayah:8:41:root:188
co-8_41-01907	8:41	w-s008-a041-w033	w-s008-a041-w024	ق د ر	ي و م	9	6	8	2	11	14	intra_ayah:8:41:root:189
co-8_41-01908	8:41	w-s008-a041-w033	w-s008-a041-w026	ق د ر	ي و م	7	6	8	2	11	14	intra_ayah:8:41:root:189
co-8_41-01909	8:41	w-s008-a041-w007	w-s008-a041-w012	ء ل ه	ي ت م	5	4	14	3	10	21	intra_ayah:8:41:root:19
co-8_41-01910	8:41	w-s008-a041-w019	w-s008-a041-w012	ء ل ه	ي ت م	7	4	14	3	10	21	intra_ayah:8:41:root:19
co-8_41-01911	8:41	w-s008-a041-w029	w-s008-a041-w012	ء ل ه	ي ت م	17	4	14	3	10	21	intra_ayah:8:41:root:19
co-8_41-01912	8:41	w-s008-a041-w011	w-s008-a041-w031	ق ر ب	ك ل ل	20	16	16	1	4	5	intra_ayah:8:41:root:190
co-8_41-01913	8:41	w-s008-a041-w011	w-s008-a041-w017	ق ر ب	ك و ن	6	5	5	1	33	45	intra_ayah:8:41:root:191
co-8_41-01914	8:41	w-s008-a041-w011	w-s008-a041-w027	ق ر ب	ل ق ي	16	13	13	1	1	1	intra_ayah:8:41:root:192
co-8_41-01915	8:41	w-s008-a041-w011	w-s008-a041-w021	ق ر ب	ن ز ل	10	8	8	1	3	3	intra_ayah:8:41:root:193
co-8_41-01916	8:41	w-s008-a041-w011	w-s008-a041-w012	ق ر ب	ي ت م	1	1	1	1	10	12	intra_ayah:8:41:root:194
co-8_41-01917	8:41	w-s008-a041-w011	w-s008-a041-w024	ق ر ب	ي و م	13	10	12	2	6	8	intra_ayah:8:41:root:195
co-8_41-01918	8:41	w-s008-a041-w011	w-s008-a041-w026	ق ر ب	ي و م	15	10	12	2	6	8	intra_ayah:8:41:root:195
co-8_41-01919	8:41	w-s008-a041-w031	w-s008-a041-w017	ك ل ل	ك و ن	14	11	11	1	77	125	intra_ayah:8:41:root:196
co-8_41-01920	8:41	w-s008-a041-w031	w-s008-a041-w027	ك ل ل	ل ق ي	4	3	3	1	14	15	intra_ayah:8:41:root:197
co-8_41-01921	8:41	w-s008-a041-w031	w-s008-a041-w021	ك ل ل	ن ز ل	10	8	8	1	24	28	intra_ayah:8:41:root:198
co-8_41-01922	8:41	w-s008-a041-w031	w-s008-a041-w012	ك ل ل	ي ت م	19	15	15	1	1	1	intra_ayah:8:41:root:199
co-8_41-01923	8:41	w-s008-a041-w007	w-s008-a041-w014	ء ل ه	ب ن ي	7	4	12	3	68	172	intra_ayah:8:41:root:2
co-8_41-01924	8:41	w-s008-a041-w019	w-s008-a041-w014	ء ل ه	ب ن ي	5	4	12	3	68	172	intra_ayah:8:41:root:2
co-8_41-01925	8:41	w-s008-a041-w029	w-s008-a041-w014	ء ل ه	ب ن ي	15	4	12	3	68	172	intra_ayah:8:41:root:2
co-8_41-01926	8:41	w-s008-a041-w007	w-s008-a041-w024	ء ل ه	ي و م	17	3	15	6	125	226	intra_ayah:8:41:root:20
co-8_41-01927	8:41	w-s008-a041-w007	w-s008-a041-w026	ء ل ه	ي و م	19	3	15	6	125	226	intra_ayah:8:41:root:20
co-8_41-01928	8:41	w-s008-a041-w019	w-s008-a041-w024	ء ل ه	ي و م	5	3	15	6	125	226	intra_ayah:8:41:root:20
co-8_41-01929	8:41	w-s008-a041-w019	w-s008-a041-w026	ء ل ه	ي و م	7	3	15	6	125	226	intra_ayah:8:41:root:20
co-8_41-01930	8:41	w-s008-a041-w029	w-s008-a041-w024	ء ل ه	ي و م	5	3	15	6	125	226	intra_ayah:8:41:root:20
co-8_41-01931	8:41	w-s008-a041-w029	w-s008-a041-w026	ء ل ه	ي و م	3	3	15	6	125	226	intra_ayah:8:41:root:20
co-8_41-01932	8:41	w-s008-a041-w031	w-s008-a041-w024	ك ل ل	ي و م	7	4	6	2	31	38	intra_ayah:8:41:root:200
co-8_41-01933	8:41	w-s008-a041-w031	w-s008-a041-w026	ك ل ل	ي و م	5	4	6	2	31	38	intra_ayah:8:41:root:200
co-8_41-01934	8:41	w-s008-a041-w017	w-s008-a041-w027	ك و ن	ل ق ي	10	8	8	1	30	37	intra_ayah:8:41:root:201
co-8_41-01935	8:41	w-s008-a041-w017	w-s008-a041-w021	ك و ن	ن ز ل	4	3	3	1	58	74	intra_ayah:8:41:root:202
co-8_41-01936	8:41	w-s008-a041-w017	w-s008-a041-w012	ك و ن	ي ت م	5	4	4	1	9	13	intra_ayah:8:41:root:203
co-8_41-01937	8:41	w-s008-a041-w017	w-s008-a041-w024	ك و ن	ي و م	7	5	7	2	92	120	intra_ayah:8:41:root:204
co-8_41-01938	8:41	w-s008-a041-w017	w-s008-a041-w026	ك و ن	ي و م	9	5	7	2	92	120	intra_ayah:8:41:root:204
co-8_41-01939	8:41	w-s008-a041-w027	w-s008-a041-w021	ل ق ي	ن ز ل	6	5	5	1	5	5	intra_ayah:8:41:root:205
co-8_41-01940	8:41	w-s008-a041-w027	w-s008-a041-w012	ل ق ي	ي ت م	15	12	12	1	1	1	intra_ayah:8:41:root:206
co-8_41-01941	8:41	w-s008-a041-w027	w-s008-a041-w024	ل ق ي	ي و م	3	1	3	2	24	29	intra_ayah:8:41:root:207
co-8_41-01942	8:41	w-s008-a041-w027	w-s008-a041-w026	ل ق ي	ي و م	1	1	3	2	24	29	intra_ayah:8:41:root:207
co-8_41-01943	8:41	w-s008-a041-w021	w-s008-a041-w012	ن ز ل	ي ت م	9	7	7	1	1	1	intra_ayah:8:41:root:208
co-8_41-01944	8:41	w-s008-a041-w021	w-s008-a041-w024	ن ز ل	ي و م	3	2	4	2	11	16	intra_ayah:8:41:root:209
co-8_41-01945	8:41	w-s008-a041-w021	w-s008-a041-w026	ن ز ل	ي و م	5	2	4	2	11	16	intra_ayah:8:41:root:209
co-8_41-01946	8:41	w-s008-a041-w018	w-s008-a041-w014	ء م ن	ب ن ي	4	3	3	1	22	45	intra_ayah:8:41:root:21
co-8_41-01947	8:41	w-s008-a041-w012	w-s008-a041-w024	ي ت م	ي و م	12	9	11	2	2	3	intra_ayah:8:41:root:210
co-8_41-01948	8:41	w-s008-a041-w012	w-s008-a041-w026	ي ت م	ي و م	14	9	11	2	2	3	intra_ayah:8:41:root:210
co-8_41-01949	8:41	w-s008-a041-w018	w-s008-a041-w028	ء م ن	ج م ع	10	8	8	1	18	25	intra_ayah:8:41:root:22
co-8_41-01950	8:41	w-s008-a041-w018	w-s008-a041-w008	ء م ن	خ م س	10	8	8	1	1	1	intra_ayah:8:41:root:23
co-8_41-01951	8:41	w-s008-a041-w018	w-s008-a041-w009	ء م ن	ر س ل	9	7	7	1	107	176	intra_ayah:8:41:root:24
co-8_41-01952	8:41	w-s008-a041-w018	w-s008-a041-w015	ء م ن	س ب ل	3	2	2	1	37	55	intra_ayah:8:41:root:25
co-8_41-01953	8:41	w-s008-a041-w018	w-s008-a041-w013	ء م ن	س ك ن	5	4	4	1	11	14	intra_ayah:8:41:root:26
co-8_41-01954	8:41	w-s008-a041-w018	w-s008-a041-w005	ء م ن	ش ي ء	13	10	11	2	68	99	intra_ayah:8:41:root:27
co-8_41-01955	8:41	w-s008-a041-w018	w-s008-a041-w032	ء م ن	ش ي ء	14	10	11	2	68	99	intra_ayah:8:41:root:27
co-8_41-01956	8:41	w-s008-a041-w018	w-s008-a041-w023	ء م ن	ع ب د	5	3	3	1	30	38	intra_ayah:8:41:root:28
co-8_41-01957	8:41	w-s008-a041-w018	w-s008-a041-w001	ء م ن	ع ل م	17	12	12	1	99	166	intra_ayah:8:41:root:29
co-8_41-01958	8:41	w-s008-a041-w007	w-s008-a041-w028	ء ل ه	ج م ع	21	1	17	3	53	97	intra_ayah:8:41:root:3
co-8_41-01959	8:41	w-s008-a041-w019	w-s008-a041-w028	ء ل ه	ج م ع	9	1	17	3	53	97	intra_ayah:8:41:root:3
co-8_41-01960	8:41	w-s008-a041-w029	w-s008-a041-w028	ء ل ه	ج م ع	1	1	17	3	53	97	intra_ayah:8:41:root:3
co-8_41-01961	8:41	w-s008-a041-w018	w-s008-a041-w003	ء م ن	غ ن م	15	11	11	1	3	4	intra_ayah:8:41:root:30
co-8_41-01962	8:41	w-s008-a041-w018	w-s008-a041-w025	ء م ن	ف ر ق	7	5	5	1	20	24	intra_ayah:8:41:root:31
co-8_41-01963	8:41	w-s008-a041-w018	w-s008-a041-w033	ء م ن	ق د ر	15	12	12	1	7	9	intra_ayah:8:41:root:32
co-8_41-01964	8:41	w-s008-a041-w018	w-s008-a041-w011	ء م ن	ق ر ب	7	6	6	1	21	24	intra_ayah:8:41:root:33
co-8_41-01965	8:41	w-s008-a041-w018	w-s008-a041-w031	ء م ن	ك ل ل	13	10	10	1	42	52	intra_ayah:8:41:root:34
co-8_41-01966	8:41	w-s008-a041-w018	w-s008-a041-w017	ء م ن	ك و ن	1	1	1	1	197	320	intra_ayah:8:41:root:35
co-8_41-01967	8:41	w-s008-a041-w018	w-s008-a041-w027	ء م ن	ل ق ي	9	7	7	1	20	26	intra_ayah:8:41:root:36
co-8_41-01968	8:41	w-s008-a041-w018	w-s008-a041-w021	ء م ن	ن ز ل	3	2	2	1	54	86	intra_ayah:8:41:root:37
co-8_41-01969	8:41	w-s008-a041-w018	w-s008-a041-w012	ء م ن	ي ت م	6	5	5	1	2	2	intra_ayah:8:41:root:38
co-8_41-01970	8:41	w-s008-a041-w018	w-s008-a041-w024	ء م ن	ي و م	6	4	6	2	58	81	intra_ayah:8:41:root:39
co-8_41-01971	8:41	w-s008-a041-w018	w-s008-a041-w026	ء م ن	ي و م	8	4	6	2	58	81	intra_ayah:8:41:root:39
co-8_41-01972	8:41	w-s008-a041-w007	w-s008-a041-w008	ء ل ه	خ م س	1	1	17	3	4	7	intra_ayah:8:41:root:4
co-8_41-01973	8:41	w-s008-a041-w019	w-s008-a041-w008	ء ل ه	خ م س	11	1	17	3	4	7	intra_ayah:8:41:root:4
co-8_41-01974	8:41	w-s008-a041-w029	w-s008-a041-w008	ء ل ه	خ م س	21	1	17	3	4	7	intra_ayah:8:41:root:4
co-8_41-01975	8:41	w-s008-a041-w014	w-s008-a041-w028	ب ن ي	ج م ع	14	11	11	1	5	13	intra_ayah:8:41:root:40
co-8_41-01976	8:41	w-s008-a041-w014	w-s008-a041-w008	ب ن ي	خ م س	6	5	5	1	1	1	intra_ayah:8:41:root:41
co-8_41-01977	8:41	w-s008-a041-w014	w-s008-a041-w009	ب ن ي	ر س ل	5	4	4	1	20	31	intra_ayah:8:41:root:42
co-8_41-01978	8:41	w-s008-a041-w014	w-s008-a041-w015	ب ن ي	س ب ل	1	1	1	1	13	17	intra_ayah:8:41:root:43
co-8_41-01979	8:41	w-s008-a041-w014	w-s008-a041-w013	ب ن ي	س ك ن	1	1	1	1	11	11	intra_ayah:8:41:root:44
co-8_41-01980	8:41	w-s008-a041-w014	w-s008-a041-w005	ب ن ي	ش ي ء	9	7	14	2	9	19	intra_ayah:8:41:root:45
co-8_41-01981	8:41	w-s008-a041-w014	w-s008-a041-w032	ب ن ي	ش ي ء	18	7	14	2	9	19	intra_ayah:8:41:root:45
co-8_41-01982	8:41	w-s008-a041-w014	w-s008-a041-w023	ب ن ي	ع ب د	9	6	6	1	10	12	intra_ayah:8:41:root:46
co-8_41-01983	8:41	w-s008-a041-w014	w-s008-a041-w001	ب ن ي	ع ل م	13	9	9	1	25	44	intra_ayah:8:41:root:47
co-8_41-01984	8:41	w-s008-a041-w014	w-s008-a041-w003	ب ن ي	غ ن م	11	8	8	1	1	1	intra_ayah:8:41:root:48
co-8_41-01985	8:41	w-s008-a041-w014	w-s008-a041-w025	ب ن ي	ف ر ق	11	8	8	1	6	9	intra_ayah:8:41:root:49
co-8_41-01986	8:41	w-s008-a041-w007	w-s008-a041-w009	ء ل ه	ر س ل	2	2	16	3	211	488	intra_ayah:8:41:root:5
co-8_41-01987	8:41	w-s008-a041-w019	w-s008-a041-w009	ء ل ه	ر س ل	10	2	16	3	211	488	intra_ayah:8:41:root:5
co-8_41-01988	8:41	w-s008-a041-w029	w-s008-a041-w009	ء ل ه	ر س ل	20	2	16	3	211	488	intra_ayah:8:41:root:5
co-8_41-01989	8:41	w-s008-a041-w014	w-s008-a041-w033	ب ن ي	ق د ر	19	15	15	1	2	3	intra_ayah:8:41:root:50
co-8_41-01990	8:41	w-s008-a041-w014	w-s008-a041-w011	ب ن ي	ق ر ب	3	3	3	1	11	13	intra_ayah:8:41:root:51
co-8_41-01991	8:41	w-s008-a041-w014	w-s008-a041-w031	ب ن ي	ك ل ل	17	13	13	1	10	13	intra_ayah:8:41:root:52
co-8_41-01992	8:41	w-s008-a041-w014	w-s008-a041-w017	ب ن ي	ك و ن	3	2	2	1	35	68	intra_ayah:8:41:root:53
co-8_41-01993	8:41	w-s008-a041-w014	w-s008-a041-w027	ب ن ي	ل ق ي	13	10	10	1	5	6	intra_ayah:8:41:root:54
co-8_41-01994	8:41	w-s008-a041-w014	w-s008-a041-w021	ب ن ي	ن ز ل	7	5	5	1	7	7	intra_ayah:8:41:root:55
co-8_41-01995	8:41	w-s008-a041-w014	w-s008-a041-w012	ب ن ي	ي ت م	2	2	2	1	6	6	intra_ayah:8:41:root:56
co-8_41-01996	8:41	w-s008-a041-w014	w-s008-a041-w024	ب ن ي	ي و م	10	7	9	2	6	7	intra_ayah:8:41:root:57
co-8_41-01997	8:41	w-s008-a041-w014	w-s008-a041-w026	ب ن ي	ي و م	12	7	9	2	6	7	intra_ayah:8:41:root:57
co-8_41-01998	8:41	w-s008-a041-w028	w-s008-a041-w008	ج م ع	خ م س	20	16	16	1	1	1	intra_ayah:8:41:root:58
co-8_41-01999	8:41	w-s008-a041-w028	w-s008-a041-w009	ج م ع	ر س ل	19	15	15	1	5	8	intra_ayah:8:41:root:59
co-8_41-02000	8:41	w-s008-a041-w007	w-s008-a041-w015	ء ل ه	س ب ل	8	3	11	3	112	220	intra_ayah:8:41:root:6
co-8_41-02001	8:41	w-s008-a041-w019	w-s008-a041-w015	ء ل ه	س ب ل	4	3	11	3	112	220	intra_ayah:8:41:root:6
co-8_41-02002	8:41	w-s008-a041-w029	w-s008-a041-w015	ء ل ه	س ب ل	14	3	11	3	112	220	intra_ayah:8:41:root:6
co-8_41-02003	8:41	w-s008-a041-w028	w-s008-a041-w015	ج م ع	س ب ل	13	10	10	1	4	4	intra_ayah:8:41:root:60
co-8_41-02004	8:41	w-s008-a041-w028	w-s008-a041-w013	ج م ع	س ك ن	15	12	12	1	1	1	intra_ayah:8:41:root:61
co-8_41-02005	8:41	w-s008-a041-w028	w-s008-a041-w005	ج م ع	ش ي ء	23	3	18	2	18	22	intra_ayah:8:41:root:62
co-8_41-02006	8:41	w-s008-a041-w028	w-s008-a041-w032	ج م ع	ش ي ء	4	3	18	2	18	22	intra_ayah:8:41:root:62
co-8_41-02007	8:41	w-s008-a041-w028	w-s008-a041-w023	ج م ع	ع ب د	5	5	5	1	5	6	intra_ayah:8:41:root:63
co-8_41-02008	8:41	w-s008-a041-w028	w-s008-a041-w001	ج م ع	ع ل م	27	20	20	1	17	21	intra_ayah:8:41:root:64
co-8_41-02009	8:41	w-s008-a041-w028	w-s008-a041-w003	ج م ع	غ ن م	25	19	19	1	1	1	intra_ayah:8:41:root:65
co-8_41-02010	8:41	w-s008-a041-w028	w-s008-a041-w025	ج م ع	ف ر ق	3	3	3	1	3	4	intra_ayah:8:41:root:66
co-8_41-02011	8:41	w-s008-a041-w028	w-s008-a041-w033	ج م ع	ق د ر	5	4	4	1	5	6	intra_ayah:8:41:root:67
co-8_41-02012	8:41	w-s008-a041-w028	w-s008-a041-w011	ج م ع	ق ر ب	17	14	14	1	3	4	intra_ayah:8:41:root:68
co-8_41-02013	8:41	w-s008-a041-w028	w-s008-a041-w031	ج م ع	ك ل ل	3	2	2	1	14	16	intra_ayah:8:41:root:69
co-8_41-02014	8:41	w-s008-a041-w007	w-s008-a041-w013	ء ل ه	س ك ن	6	5	13	3	28	57	intra_ayah:8:41:root:7
co-8_41-02015	8:41	w-s008-a041-w019	w-s008-a041-w013	ء ل ه	س ك ن	6	5	13	3	28	57	intra_ayah:8:41:root:7
co-8_41-02016	8:41	w-s008-a041-w029	w-s008-a041-w013	ء ل ه	س ك ن	16	5	13	3	28	57	intra_ayah:8:41:root:7
co-8_41-02017	8:41	w-s008-a041-w028	w-s008-a041-w017	ج م ع	ك و ن	11	9	9	1	25	30	intra_ayah:8:41:root:70
co-8_41-02018	8:41	w-s008-a041-w028	w-s008-a041-w027	ج م ع	ل ق ي	1	1	1	1	4	4	intra_ayah:8:41:root:71
co-8_41-02019	8:41	w-s008-a041-w028	w-s008-a041-w021	ج م ع	ن ز ل	7	6	6	1	4	6	intra_ayah:8:41:root:72
co-8_41-02020	8:41	w-s008-a041-w028	w-s008-a041-w012	ج م ع	ي ت م	16	13	13	1	1	1	intra_ayah:8:41:root:73
co-8_41-02021	8:41	w-s008-a041-w028	w-s008-a041-w024	ج م ع	ي و م	4	2	4	2	27	34	intra_ayah:8:41:root:74
co-8_41-02022	8:41	w-s008-a041-w028	w-s008-a041-w026	ج م ع	ي و م	2	2	4	2	27	34	intra_ayah:8:41:root:74
co-8_41-02023	8:41	w-s008-a041-w008	w-s008-a041-w009	خ م س	ر س ل	1	1	1	1	2	2	intra_ayah:8:41:root:75
co-8_41-02024	8:41	w-s008-a041-w008	w-s008-a041-w015	خ م س	س ب ل	7	6	6	1	1	1	intra_ayah:8:41:root:76
co-8_41-02025	8:41	w-s008-a041-w008	w-s008-a041-w013	خ م س	س ك ن	5	4	4	1	1	1	intra_ayah:8:41:root:77
co-8_41-02026	8:41	w-s008-a041-w008	w-s008-a041-w005	خ م س	ش ي ء	3	2	19	2	2	3	intra_ayah:8:41:root:78
co-8_41-02027	8:41	w-s008-a041-w008	w-s008-a041-w032	خ م س	ش ي ء	24	2	19	2	2	3	intra_ayah:8:41:root:78
co-8_41-02028	8:41	w-s008-a041-w008	w-s008-a041-w023	خ م س	ع ب د	15	11	11	1	1	1	intra_ayah:8:41:root:79
co-8_41-02029	8:41	w-s008-a041-w007	w-s008-a041-w005	ء ل ه	ش ي ء	2	1	20	6	282	596	intra_ayah:8:41:root:8
co-8_41-02030	8:41	w-s008-a041-w007	w-s008-a041-w032	ء ل ه	ش ي ء	25	1	20	6	282	596	intra_ayah:8:41:root:8
co-8_41-02031	8:41	w-s008-a041-w019	w-s008-a041-w005	ء ل ه	ش ي ء	14	1	20	6	282	596	intra_ayah:8:41:root:8
co-8_41-02032	8:41	w-s008-a041-w019	w-s008-a041-w032	ء ل ه	ش ي ء	13	1	20	6	282	596	intra_ayah:8:41:root:8
co-8_41-02033	8:41	w-s008-a041-w029	w-s008-a041-w005	ء ل ه	ش ي ء	24	1	20	6	282	596	intra_ayah:8:41:root:8
co-8_41-02034	8:41	w-s008-a041-w029	w-s008-a041-w032	ء ل ه	ش ي ء	3	1	20	6	282	596	intra_ayah:8:41:root:8
co-8_41-02035	8:41	w-s008-a041-w008	w-s008-a041-w001	خ م س	ع ل م	7	4	4	1	3	5	intra_ayah:8:41:root:80
co-8_41-02036	8:41	w-s008-a041-w008	w-s008-a041-w003	خ م س	غ ن م	5	3	3	1	1	1	intra_ayah:8:41:root:81
co-8_41-02037	8:41	w-s008-a041-w008	w-s008-a041-w025	خ م س	ف ر ق	17	13	13	1	1	1	intra_ayah:8:41:root:82
co-8_41-02038	8:41	w-s008-a041-w008	w-s008-a041-w033	خ م س	ق د ر	25	20	20	1	2	2	intra_ayah:8:41:root:83
co-8_41-02039	8:41	w-s008-a041-w008	w-s008-a041-w011	خ م س	ق ر ب	3	2	2	1	1	1	intra_ayah:8:41:root:84
co-8_41-02040	8:41	w-s008-a041-w008	w-s008-a041-w031	خ م س	ك ل ل	23	18	18	1	2	2	intra_ayah:8:41:root:85
co-8_41-02041	8:41	w-s008-a041-w008	w-s008-a041-w017	خ م س	ك و ن	9	7	7	1	5	6	intra_ayah:8:41:root:86
co-8_41-02042	8:41	w-s008-a041-w008	w-s008-a041-w027	خ م س	ل ق ي	19	15	15	1	1	1	intra_ayah:8:41:root:87
co-8_41-02043	8:41	w-s008-a041-w008	w-s008-a041-w021	خ م س	ن ز ل	13	10	10	1	1	1	intra_ayah:8:41:root:88
co-8_41-02044	8:41	w-s008-a041-w008	w-s008-a041-w012	خ م س	ي ت م	4	3	3	1	1	1	intra_ayah:8:41:root:89
co-8_41-02045	8:41	w-s008-a041-w007	w-s008-a041-w023	ء ل ه	ع ب د	16	2	12	3	134	221	intra_ayah:8:41:root:9
co-8_41-02046	8:41	w-s008-a041-w019	w-s008-a041-w023	ء ل ه	ع ب د	4	2	12	3	134	221	intra_ayah:8:41:root:9
co-8_41-02047	8:41	w-s008-a041-w029	w-s008-a041-w023	ء ل ه	ع ب د	6	2	12	3	134	221	intra_ayah:8:41:root:9
co-8_41-02048	8:41	w-s008-a041-w008	w-s008-a041-w024	خ م س	ي و م	16	12	14	2	3	4	intra_ayah:8:41:root:90
co-8_41-02049	8:41	w-s008-a041-w008	w-s008-a041-w026	خ م س	ي و م	18	12	14	2	3	4	intra_ayah:8:41:root:90
co-8_41-02050	8:41	w-s008-a041-w009	w-s008-a041-w015	ر س ل	س ب ل	6	5	5	1	16	20	intra_ayah:8:41:root:91
co-8_41-02051	8:41	w-s008-a041-w009	w-s008-a041-w013	ر س ل	س ك ن	4	3	3	1	7	9	intra_ayah:8:41:root:92
co-8_41-02052	8:41	w-s008-a041-w009	w-s008-a041-w005	ر س ل	ش ي ء	4	3	18	2	29	50	intra_ayah:8:41:root:93
co-8_41-02053	8:41	w-s008-a041-w009	w-s008-a041-w032	ر س ل	ش ي ء	23	3	18	2	29	50	intra_ayah:8:41:root:93
co-8_41-02054	8:41	w-s008-a041-w009	w-s008-a041-w023	ر س ل	ع ب د	14	10	10	1	17	22	intra_ayah:8:41:root:94
co-8_41-02055	8:41	w-s008-a041-w009	w-s008-a041-w001	ر س ل	ع ل م	8	5	5	1	59	80	intra_ayah:8:41:root:95
co-8_41-02056	8:41	w-s008-a041-w009	w-s008-a041-w003	ر س ل	غ ن م	6	4	4	1	1	1	intra_ayah:8:41:root:96
co-8_41-02057	8:41	w-s008-a041-w009	w-s008-a041-w025	ر س ل	ف ر ق	16	12	12	1	11	22	intra_ayah:8:41:root:97
co-8_41-02058	8:41	w-s008-a041-w009	w-s008-a041-w033	ر س ل	ق د ر	24	19	19	1	4	6	intra_ayah:8:41:root:98
co-8_41-02059	8:41	w-s008-a041-w009	w-s008-a041-w011	ر س ل	ق ر ب	2	1	1	1	8	12	intra_ayah:8:41:root:99
co-8_42-02060	8:42	w-s008-a042-w018	w-s008-a042-w019	ء ل ه	ء م ر	1	1	9	2	112	224	intra_ayah:8:42:root:1
co-8_42-02061	8:42	w-s008-a042-w033	w-s008-a042-w019	ء ل ه	ء م ر	14	1	9	2	112	224	intra_ayah:8:42:root:1
co-8_42-02062	8:42	w-s008-a042-w018	w-s008-a042-w035	ء ل ه	ع ل م	17	2	12	2	408	878	intra_ayah:8:42:root:10
co-8_42-02063	8:42	w-s008-a042-w033	w-s008-a042-w035	ء ل ه	ع ل م	2	2	12	2	408	878	intra_ayah:8:42:root:10
co-8_42-02064	8:42	w-s008-a042-w009	w-s008-a042-w012	س ف ل	و ع د	3	1	3	2	1	2	intra_ayah:8:42:root:100
co-8_42-02065	8:42	w-s008-a042-w009	w-s008-a042-w015	س ف ل	و ع د	6	1	3	2	1	2	intra_ayah:8:42:root:100
co-8_42-02066	8:42	w-s008-a042-w034	w-s008-a042-w003	س م ع	ع د و	31	19	21	2	2	3	intra_ayah:8:42:root:101
co-8_42-02067	8:42	w-s008-a042-w034	w-s008-a042-w006	س م ع	ع د و	28	19	21	2	2	3	intra_ayah:8:42:root:101
co-8_42-02068	8:42	w-s008-a042-w034	w-s008-a042-w035	س م ع	ع ل م	1	1	1	1	44	49	intra_ayah:8:42:root:102
co-8_42-02069	8:42	w-s008-a042-w034	w-s008-a042-w021	س م ع	ف ع ل	13	8	8	1	1	1	intra_ayah:8:42:root:103
co-8_42-02070	8:42	w-s008-a042-w034	w-s008-a042-w007	س م ع	ق ص و	27	18	18	1	2	2	intra_ayah:8:42:root:104
co-8_42-02071	8:42	w-s008-a042-w034	w-s008-a042-w017	س م ع	ق ض ي	17	12	12	1	3	4	intra_ayah:8:42:root:105
co-8_42-02072	8:42	w-s008-a042-w034	w-s008-a042-w020	س م ع	ك و ن	14	9	9	1	26	43	intra_ayah:8:42:root:106
co-8_42-02073	8:42	w-s008-a042-w034	w-s008-a042-w022	س م ع	ه ل ك	12	6	7	2	3	4	intra_ayah:8:42:root:107
co-8_42-02074	8:42	w-s008-a042-w034	w-s008-a042-w024	س م ع	ه ل ك	10	6	7	2	3	4	intra_ayah:8:42:root:107
co-8_42-02075	8:42	w-s008-a042-w034	w-s008-a042-w012	س م ع	و ع د	22	13	15	2	1	2	intra_ayah:8:42:root:108
co-8_42-02076	8:42	w-s008-a042-w034	w-s008-a042-w015	س م ع	و ع د	19	13	15	2	1	2	intra_ayah:8:42:root:108
co-8_42-02077	8:42	w-s008-a042-w003	w-s008-a042-w035	ع د و	ع ل م	32	20	22	2	12	21	intra_ayah:8:42:root:109
co-8_42-02078	8:42	w-s008-a042-w006	w-s008-a042-w035	ع د و	ع ل م	29	20	22	2	12	21	intra_ayah:8:42:root:109
co-8_42-02079	8:42	w-s008-a042-w018	w-s008-a042-w021	ء ل ه	ف ع ل	3	3	7	2	48	87	intra_ayah:8:42:root:11
co-8_42-02080	8:42	w-s008-a042-w033	w-s008-a042-w021	ء ل ه	ف ع ل	12	3	7	2	48	87	intra_ayah:8:42:root:11
co-8_42-02081	8:42	w-s008-a042-w003	w-s008-a042-w021	ع د و	ف ع ل	18	11	13	2	6	8	intra_ayah:8:42:root:110
co-8_42-02082	8:42	w-s008-a042-w006	w-s008-a042-w021	ع د و	ف ع ل	15	11	13	2	6	8	intra_ayah:8:42:root:110
co-8_42-02083	8:42	w-s008-a042-w003	w-s008-a042-w007	ع د و	ق ص و	4	1	3	2	1	2	intra_ayah:8:42:root:111
co-8_42-02084	8:42	w-s008-a042-w006	w-s008-a042-w007	ع د و	ق ص و	1	1	3	2	1	2	intra_ayah:8:42:root:111
co-8_42-02085	8:42	w-s008-a042-w003	w-s008-a042-w017	ع د و	ق ض ي	14	7	9	2	3	6	intra_ayah:8:42:root:112
co-8_42-02086	8:42	w-s008-a042-w006	w-s008-a042-w017	ع د و	ق ض ي	11	7	9	2	3	6	intra_ayah:8:42:root:112
co-8_42-02087	8:42	w-s008-a042-w003	w-s008-a042-w020	ع د و	ك و ن	17	10	12	2	33	48	intra_ayah:8:42:root:113
co-8_42-02088	8:42	w-s008-a042-w006	w-s008-a042-w020	ع د و	ك و ن	14	10	12	2	33	48	intra_ayah:8:42:root:113
co-8_42-02089	8:42	w-s008-a042-w003	w-s008-a042-w022	ع د و	ه ل ك	19	12	15	4	2	5	intra_ayah:8:42:root:114
co-8_42-02090	8:42	w-s008-a042-w003	w-s008-a042-w024	ع د و	ه ل ك	21	12	15	4	2	5	intra_ayah:8:42:root:114
co-8_42-02091	8:42	w-s008-a042-w006	w-s008-a042-w022	ع د و	ه ل ك	16	12	15	4	2	5	intra_ayah:8:42:root:114
co-8_42-02092	8:42	w-s008-a042-w006	w-s008-a042-w024	ع د و	ه ل ك	18	12	15	4	2	5	intra_ayah:8:42:root:114
co-8_42-02093	8:42	w-s008-a042-w003	w-s008-a042-w012	ع د و	و ع د	9	4	8	4	3	7	intra_ayah:8:42:root:115
co-8_42-02094	8:42	w-s008-a042-w003	w-s008-a042-w015	ع د و	و ع د	12	4	8	4	3	7	intra_ayah:8:42:root:115
co-8_42-02095	8:42	w-s008-a042-w006	w-s008-a042-w012	ع د و	و ع د	6	4	8	4	3	7	intra_ayah:8:42:root:115
co-8_42-02096	8:42	w-s008-a042-w006	w-s008-a042-w015	ع د و	و ع د	9	4	8	4	3	7	intra_ayah:8:42:root:115
co-8_42-02097	8:42	w-s008-a042-w035	w-s008-a042-w021	ع ل م	ف ع ل	14	9	9	1	19	25	intra_ayah:8:42:root:116
co-8_42-02098	8:42	w-s008-a042-w035	w-s008-a042-w007	ع ل م	ق ص و	28	19	19	1	1	1	intra_ayah:8:42:root:117
co-8_42-02099	8:42	w-s008-a042-w035	w-s008-a042-w017	ع ل م	ق ض ي	18	13	13	1	12	14	intra_ayah:8:42:root:118
co-8_42-02100	8:42	w-s008-a042-w035	w-s008-a042-w020	ع ل م	ك و ن	15	10	10	1	157	243	intra_ayah:8:42:root:119
co-8_42-02101	8:42	w-s008-a042-w018	w-s008-a042-w007	ء ل ه	ق ص و	11	7	17	2	1	2	intra_ayah:8:42:root:12
co-8_42-02102	8:42	w-s008-a042-w033	w-s008-a042-w007	ء ل ه	ق ص و	26	7	17	2	1	2	intra_ayah:8:42:root:12
co-8_42-02103	8:42	w-s008-a042-w035	w-s008-a042-w022	ع ل م	ه ل ك	13	7	8	2	6	8	intra_ayah:8:42:root:120
co-8_42-02104	8:42	w-s008-a042-w035	w-s008-a042-w024	ع ل م	ه ل ك	11	7	8	2	6	8	intra_ayah:8:42:root:120
co-8_42-02105	8:42	w-s008-a042-w035	w-s008-a042-w012	ع ل م	و ع د	23	14	16	2	11	19	intra_ayah:8:42:root:121
co-8_42-02106	8:42	w-s008-a042-w035	w-s008-a042-w015	ع ل م	و ع د	20	14	16	2	11	19	intra_ayah:8:42:root:121
co-8_42-02107	8:42	w-s008-a042-w021	w-s008-a042-w007	ف ع ل	ق ص و	14	10	10	1	1	1	intra_ayah:8:42:root:122
co-8_42-02108	8:42	w-s008-a042-w021	w-s008-a042-w017	ف ع ل	ق ض ي	4	4	4	1	3	4	intra_ayah:8:42:root:123
co-8_42-02109	8:42	w-s008-a042-w021	w-s008-a042-w020	ف ع ل	ك و ن	1	1	1	1	34	44	intra_ayah:8:42:root:124
co-8_42-02110	8:42	w-s008-a042-w021	w-s008-a042-w022	ف ع ل	ه ل ك	1	1	2	2	3	5	intra_ayah:8:42:root:125
co-8_42-02111	8:42	w-s008-a042-w021	w-s008-a042-w024	ف ع ل	ه ل ك	3	1	2	2	3	5	intra_ayah:8:42:root:125
co-8_42-02112	8:42	w-s008-a042-w021	w-s008-a042-w012	ف ع ل	و ع د	9	5	7	2	6	8	intra_ayah:8:42:root:126
co-8_42-02113	8:42	w-s008-a042-w021	w-s008-a042-w015	ف ع ل	و ع د	6	5	7	2	6	8	intra_ayah:8:42:root:126
co-8_42-02114	8:42	w-s008-a042-w007	w-s008-a042-w017	ق ص و	ق ض ي	10	6	6	1	1	1	intra_ayah:8:42:root:127
co-8_42-02115	8:42	w-s008-a042-w007	w-s008-a042-w020	ق ص و	ك و ن	13	9	9	1	2	2	intra_ayah:8:42:root:128
co-8_42-02116	8:42	w-s008-a042-w007	w-s008-a042-w022	ق ص و	ه ل ك	15	11	12	2	1	2	intra_ayah:8:42:root:129
co-8_42-02117	8:42	w-s008-a042-w007	w-s008-a042-w024	ق ص و	ه ل ك	17	11	12	2	1	2	intra_ayah:8:42:root:129
co-8_42-02118	8:42	w-s008-a042-w018	w-s008-a042-w017	ء ل ه	ق ض ي	1	1	11	2	23	42	intra_ayah:8:42:root:13
co-8_42-02119	8:42	w-s008-a042-w033	w-s008-a042-w017	ء ل ه	ق ض ي	16	1	11	2	23	42	intra_ayah:8:42:root:13
co-8_42-02120	8:42	w-s008-a042-w007	w-s008-a042-w012	ق ص و	و ع د	5	3	5	2	1	2	intra_ayah:8:42:root:130
co-8_42-02121	8:42	w-s008-a042-w007	w-s008-a042-w015	ق ص و	و ع د	8	3	5	2	1	2	intra_ayah:8:42:root:130
co-8_42-02122	8:42	w-s008-a042-w017	w-s008-a042-w020	ق ض ي	ك و ن	3	3	3	1	22	34	intra_ayah:8:42:root:131
co-8_42-02123	8:42	w-s008-a042-w017	w-s008-a042-w022	ق ض ي	ه ل ك	5	5	6	2	1	2	intra_ayah:8:42:root:132
co-8_42-02124	8:42	w-s008-a042-w017	w-s008-a042-w024	ق ض ي	ه ل ك	7	5	6	2	1	2	intra_ayah:8:42:root:132
co-8_42-02125	8:42	w-s008-a042-w017	w-s008-a042-w012	ق ض ي	و ع د	5	1	3	2	2	5	intra_ayah:8:42:root:133
co-8_42-02126	8:42	w-s008-a042-w017	w-s008-a042-w015	ق ض ي	و ع د	2	1	3	2	2	5	intra_ayah:8:42:root:133
co-8_42-02127	8:42	w-s008-a042-w020	w-s008-a042-w022	ك و ن	ه ل ك	2	2	3	2	16	23	intra_ayah:8:42:root:134
co-8_42-02128	8:42	w-s008-a042-w020	w-s008-a042-w024	ك و ن	ه ل ك	4	2	3	2	16	23	intra_ayah:8:42:root:134
co-8_42-02129	8:42	w-s008-a042-w020	w-s008-a042-w012	ك و ن	و ع د	8	4	6	2	39	54	intra_ayah:8:42:root:135
co-8_42-02130	8:42	w-s008-a042-w020	w-s008-a042-w015	ك و ن	و ع د	5	4	6	2	39	54	intra_ayah:8:42:root:135
co-8_42-02131	8:42	w-s008-a042-w022	w-s008-a042-w012	ه ل ك	و ع د	10	6	9	4	4	8	intra_ayah:8:42:root:136
co-8_42-02132	8:42	w-s008-a042-w022	w-s008-a042-w015	ه ل ك	و ع د	7	6	9	4	4	8	intra_ayah:8:42:root:136
co-8_42-02133	8:42	w-s008-a042-w024	w-s008-a042-w012	ه ل ك	و ع د	12	6	9	4	4	8	intra_ayah:8:42:root:136
co-8_42-02134	8:42	w-s008-a042-w024	w-s008-a042-w015	ه ل ك	و ع د	9	6	9	4	4	8	intra_ayah:8:42:root:136
co-8_42-02135	8:42	w-s008-a042-w018	w-s008-a042-w020	ء ل ه	ك و ن	2	2	8	2	441	974	intra_ayah:8:42:root:14
co-8_42-02136	8:42	w-s008-a042-w033	w-s008-a042-w020	ء ل ه	ك و ن	13	2	8	2	441	974	intra_ayah:8:42:root:14
co-8_42-02137	8:42	w-s008-a042-w018	w-s008-a042-w022	ء ل ه	ه ل ك	4	4	6	4	15	28	intra_ayah:8:42:root:15
co-8_42-02138	8:42	w-s008-a042-w018	w-s008-a042-w024	ء ل ه	ه ل ك	6	4	6	4	15	28	intra_ayah:8:42:root:15
co-8_42-02139	8:42	w-s008-a042-w033	w-s008-a042-w022	ء ل ه	ه ل ك	11	4	6	4	15	28	intra_ayah:8:42:root:15
co-8_42-02140	8:42	w-s008-a042-w033	w-s008-a042-w024	ء ل ه	ه ل ك	9	4	6	4	15	28	intra_ayah:8:42:root:15
co-8_42-02141	8:42	w-s008-a042-w018	w-s008-a042-w012	ء ل ه	و ع د	6	2	14	4	50	101	intra_ayah:8:42:root:16
co-8_42-02142	8:42	w-s008-a042-w018	w-s008-a042-w015	ء ل ه	و ع د	3	2	14	4	50	101	intra_ayah:8:42:root:16
co-8_42-02143	8:42	w-s008-a042-w033	w-s008-a042-w012	ء ل ه	و ع د	21	2	14	4	50	101	intra_ayah:8:42:root:16
co-8_42-02144	8:42	w-s008-a042-w033	w-s008-a042-w015	ء ل ه	و ع د	18	2	14	4	50	101	intra_ayah:8:42:root:16
co-8_42-02145	8:42	w-s008-a042-w019	w-s008-a042-w026	ء م ر	ب ي ن	7	5	8	2	26	43	intra_ayah:8:42:root:17
co-8_42-02146	8:42	w-s008-a042-w019	w-s008-a042-w031	ء م ر	ب ي ن	12	5	8	2	26	43	intra_ayah:8:42:root:17
co-8_42-02147	8:42	w-s008-a042-w019	w-s008-a042-w027	ء م ر	ح ي ي	8	6	7	2	5	7	intra_ayah:8:42:root:18
co-8_42-02148	8:42	w-s008-a042-w019	w-s008-a042-w029	ء م ر	ح ي ي	10	6	7	2	5	7	intra_ayah:8:42:root:18
co-8_42-02149	8:42	w-s008-a042-w019	w-s008-a042-w013	ء م ر	خ ل ف	6	4	4	1	9	10	intra_ayah:8:42:root:19
co-8_42-02150	8:42	w-s008-a042-w018	w-s008-a042-w026	ء ل ه	ب ي ن	8	1	9	4	207	430	intra_ayah:8:42:root:2
co-8_42-02151	8:42	w-s008-a042-w018	w-s008-a042-w031	ء ل ه	ب ي ن	13	1	9	4	207	430	intra_ayah:8:42:root:2
co-8_42-02152	8:42	w-s008-a042-w033	w-s008-a042-w026	ء ل ه	ب ي ن	7	1	9	4	207	430	intra_ayah:8:42:root:2
co-8_42-02153	8:42	w-s008-a042-w033	w-s008-a042-w031	ء ل ه	ب ي ن	2	1	9	4	207	430	intra_ayah:8:42:root:2
co-8_42-02154	8:42	w-s008-a042-w019	w-s008-a042-w004	ء م ر	د ن و	15	10	10	1	5	5	intra_ayah:8:42:root:20
co-8_42-02155	8:42	w-s008-a042-w019	w-s008-a042-w008	ء م ر	ر ك ب	11	7	7	1	2	2	intra_ayah:8:42:root:21
co-8_42-02156	8:42	w-s008-a042-w019	w-s008-a042-w009	ء م ر	س ف ل	10	6	6	1	2	2	intra_ayah:8:42:root:22
co-8_42-02157	8:42	w-s008-a042-w019	w-s008-a042-w034	ء م ر	س م ع	15	10	10	1	6	7	intra_ayah:8:42:root:23
co-8_42-02158	8:42	w-s008-a042-w019	w-s008-a042-w003	ء م ر	ع د و	16	9	11	2	5	6	intra_ayah:8:42:root:24
co-8_42-02159	8:42	w-s008-a042-w019	w-s008-a042-w006	ء م ر	ع د و	13	9	11	2	5	6	intra_ayah:8:42:root:24
co-8_42-02160	8:42	w-s008-a042-w019	w-s008-a042-w035	ء م ر	ع ل م	16	11	11	1	28	40	intra_ayah:8:42:root:25
co-8_42-02161	8:42	w-s008-a042-w019	w-s008-a042-w021	ء م ر	ف ع ل	2	2	2	1	16	19	intra_ayah:8:42:root:26
co-8_42-02162	8:42	w-s008-a042-w019	w-s008-a042-w007	ء م ر	ق ص و	12	8	8	1	2	2	intra_ayah:8:42:root:27
co-8_42-02163	8:42	w-s008-a042-w019	w-s008-a042-w017	ء م ر	ق ض ي	2	2	2	1	24	29	intra_ayah:8:42:root:28
co-8_42-02164	8:42	w-s008-a042-w019	w-s008-a042-w020	ء م ر	ك و ن	1	1	1	1	59	92	intra_ayah:8:42:root:29
co-8_42-02165	8:42	w-s008-a042-w018	w-s008-a042-w027	ء ل ه	ح ي ي	9	2	8	4	73	128	intra_ayah:8:42:root:3
co-8_42-02166	8:42	w-s008-a042-w018	w-s008-a042-w029	ء ل ه	ح ي ي	11	2	8	4	73	128	intra_ayah:8:42:root:3
co-8_42-02167	8:42	w-s008-a042-w033	w-s008-a042-w027	ء ل ه	ح ي ي	6	2	8	4	73	128	intra_ayah:8:42:root:3
co-8_42-02168	8:42	w-s008-a042-w033	w-s008-a042-w029	ء ل ه	ح ي ي	4	2	8	4	73	128	intra_ayah:8:42:root:3
co-8_42-02169	8:42	w-s008-a042-w019	w-s008-a042-w022	ء م ر	ه ل ك	3	3	4	2	2	3	intra_ayah:8:42:root:30
co-8_42-02170	8:42	w-s008-a042-w019	w-s008-a042-w024	ء م ر	ه ل ك	5	3	4	2	2	3	intra_ayah:8:42:root:30
co-8_42-02171	8:42	w-s008-a042-w019	w-s008-a042-w012	ء م ر	و ع د	7	3	5	2	7	13	intra_ayah:8:42:root:31
co-8_42-02172	8:42	w-s008-a042-w019	w-s008-a042-w015	ء م ر	و ع د	4	3	5	2	7	13	intra_ayah:8:42:root:31
co-8_42-02173	8:42	w-s008-a042-w026	w-s008-a042-w027	ب ي ن	ح ي ي	1	1	2	4	14	20	intra_ayah:8:42:root:32
co-8_42-02174	8:42	w-s008-a042-w026	w-s008-a042-w029	ب ي ن	ح ي ي	3	1	2	4	14	20	intra_ayah:8:42:root:32
co-8_42-02175	8:42	w-s008-a042-w031	w-s008-a042-w027	ب ي ن	ح ي ي	4	1	2	4	14	20	intra_ayah:8:42:root:32
co-8_42-02176	8:42	w-s008-a042-w031	w-s008-a042-w029	ب ي ن	ح ي ي	2	1	2	4	14	20	intra_ayah:8:42:root:32
co-8_42-02177	8:42	w-s008-a042-w026	w-s008-a042-w013	ب ي ن	خ ل ف	13	9	12	2	45	68	intra_ayah:8:42:root:33
co-8_42-02178	8:42	w-s008-a042-w031	w-s008-a042-w013	ب ي ن	خ ل ف	18	9	12	2	45	68	intra_ayah:8:42:root:33
co-8_42-02179	8:42	w-s008-a042-w026	w-s008-a042-w004	ب ي ن	د ن و	22	15	18	2	8	12	intra_ayah:8:42:root:34
co-8_42-02180	8:42	w-s008-a042-w031	w-s008-a042-w004	ب ي ن	د ن و	27	15	18	2	8	12	intra_ayah:8:42:root:34
co-8_42-02181	8:42	w-s008-a042-w026	w-s008-a042-w008	ب ي ن	ر ك ب	18	12	15	2	1	2	intra_ayah:8:42:root:35
co-8_42-02182	8:42	w-s008-a042-w031	w-s008-a042-w008	ب ي ن	ر ك ب	23	12	15	2	1	2	intra_ayah:8:42:root:35
co-8_42-02183	8:42	w-s008-a042-w026	w-s008-a042-w009	ب ي ن	س ف ل	17	11	14	2	1	2	intra_ayah:8:42:root:36
co-8_42-02184	8:42	w-s008-a042-w031	w-s008-a042-w009	ب ي ن	س ف ل	22	11	14	2	1	2	intra_ayah:8:42:root:36
co-8_42-02185	8:42	w-s008-a042-w026	w-s008-a042-w034	ب ي ن	س م ع	8	2	5	2	15	18	intra_ayah:8:42:root:37
co-8_42-02186	8:42	w-s008-a042-w031	w-s008-a042-w034	ب ي ن	س م ع	3	2	5	2	15	18	intra_ayah:8:42:root:37
co-8_42-02187	8:42	w-s008-a042-w026	w-s008-a042-w003	ب ي ن	ع د و	23	14	19	4	24	36	intra_ayah:8:42:root:38
co-8_42-02188	8:42	w-s008-a042-w026	w-s008-a042-w006	ب ي ن	ع د و	20	14	19	4	24	36	intra_ayah:8:42:root:38
co-8_42-02189	8:42	w-s008-a042-w031	w-s008-a042-w003	ب ي ن	ع د و	28	14	19	4	24	36	intra_ayah:8:42:root:38
co-8_42-02190	8:42	w-s008-a042-w031	w-s008-a042-w006	ب ي ن	ع د و	25	14	19	4	24	36	intra_ayah:8:42:root:38
co-8_42-02191	8:42	w-s008-a042-w026	w-s008-a042-w035	ب ي ن	ع ل م	9	3	6	2	82	119	intra_ayah:8:42:root:39
co-8_42-02192	8:42	w-s008-a042-w031	w-s008-a042-w035	ب ي ن	ع ل م	4	3	6	2	82	119	intra_ayah:8:42:root:39
co-8_42-02193	8:42	w-s008-a042-w018	w-s008-a042-w013	ء ل ه	خ ل ف	5	3	13	2	58	103	intra_ayah:8:42:root:4
co-8_42-02194	8:42	w-s008-a042-w033	w-s008-a042-w013	ء ل ه	خ ل ف	20	3	13	2	58	103	intra_ayah:8:42:root:4
co-8_42-02195	8:42	w-s008-a042-w026	w-s008-a042-w021	ب ي ن	ف ع ل	5	3	6	2	11	16	intra_ayah:8:42:root:40
co-8_42-02196	8:42	w-s008-a042-w031	w-s008-a042-w021	ب ي ن	ف ع ل	10	3	6	2	11	16	intra_ayah:8:42:root:40
co-8_42-02197	8:42	w-s008-a042-w026	w-s008-a042-w007	ب ي ن	ق ص و	19	13	16	2	1	2	intra_ayah:8:42:root:41
co-8_42-02198	8:42	w-s008-a042-w031	w-s008-a042-w007	ب ي ن	ق ص و	24	13	16	2	1	2	intra_ayah:8:42:root:41
co-8_42-02199	8:42	w-s008-a042-w026	w-s008-a042-w017	ب ي ن	ق ض ي	9	7	10	2	20	28	intra_ayah:8:42:root:42
co-8_42-02200	8:42	w-s008-a042-w031	w-s008-a042-w017	ب ي ن	ق ض ي	14	7	10	2	20	28	intra_ayah:8:42:root:42
co-8_42-02201	8:42	w-s008-a042-w026	w-s008-a042-w020	ب ي ن	ك و ن	6	4	7	2	113	177	intra_ayah:8:42:root:43
co-8_42-02202	8:42	w-s008-a042-w031	w-s008-a042-w020	ب ي ن	ك و ن	11	4	7	2	113	177	intra_ayah:8:42:root:43
co-8_42-02203	8:42	w-s008-a042-w026	w-s008-a042-w022	ب ي ن	ه ل ك	4	1	5	4	5	8	intra_ayah:8:42:root:44
co-8_42-02204	8:42	w-s008-a042-w026	w-s008-a042-w024	ب ي ن	ه ل ك	2	1	5	4	5	8	intra_ayah:8:42:root:44
co-8_42-02205	8:42	w-s008-a042-w031	w-s008-a042-w022	ب ي ن	ه ل ك	9	1	5	4	5	8	intra_ayah:8:42:root:44
co-8_42-02206	8:42	w-s008-a042-w031	w-s008-a042-w024	ب ي ن	ه ل ك	7	1	5	4	5	8	intra_ayah:8:42:root:44
co-8_42-02207	8:42	w-s008-a042-w026	w-s008-a042-w012	ب ي ن	و ع د	14	8	13	4	10	16	intra_ayah:8:42:root:45
co-8_42-02208	8:42	w-s008-a042-w026	w-s008-a042-w015	ب ي ن	و ع د	11	8	13	4	10	16	intra_ayah:8:42:root:45
co-8_42-02209	8:42	w-s008-a042-w031	w-s008-a042-w012	ب ي ن	و ع د	19	8	13	4	10	16	intra_ayah:8:42:root:45
co-8_42-02210	8:42	w-s008-a042-w031	w-s008-a042-w015	ب ي ن	و ع د	16	8	13	4	10	16	intra_ayah:8:42:root:45
co-8_42-02211	8:42	w-s008-a042-w027	w-s008-a042-w013	ح ي ي	خ ل ف	14	10	11	2	6	7	intra_ayah:8:42:root:46
co-8_42-02212	8:42	w-s008-a042-w029	w-s008-a042-w013	ح ي ي	خ ل ف	16	10	11	2	6	7	intra_ayah:8:42:root:46
co-8_42-02213	8:42	w-s008-a042-w027	w-s008-a042-w004	ح ي ي	د ن و	23	16	17	2	66	79	intra_ayah:8:42:root:47
co-8_42-02214	8:42	w-s008-a042-w029	w-s008-a042-w004	ح ي ي	د ن و	25	16	17	2	66	79	intra_ayah:8:42:root:47
co-8_42-02215	8:42	w-s008-a042-w027	w-s008-a042-w008	ح ي ي	ر ك ب	19	13	14	2	1	2	intra_ayah:8:42:root:48
co-8_42-02216	8:42	w-s008-a042-w029	w-s008-a042-w008	ح ي ي	ر ك ب	21	13	14	2	1	2	intra_ayah:8:42:root:48
co-8_42-02217	8:42	w-s008-a042-w027	w-s008-a042-w009	ح ي ي	س ف ل	18	12	13	2	1	2	intra_ayah:8:42:root:49
co-8_42-02218	8:42	w-s008-a042-w029	w-s008-a042-w009	ح ي ي	س ف ل	20	12	13	2	1	2	intra_ayah:8:42:root:49
co-8_42-02219	8:42	w-s008-a042-w018	w-s008-a042-w004	ء ل ه	د ن و	14	9	19	2	63	109	intra_ayah:8:42:root:5
co-8_42-02220	8:42	w-s008-a042-w033	w-s008-a042-w004	ء ل ه	د ن و	29	9	19	2	63	109	intra_ayah:8:42:root:5
co-8_42-02221	8:42	w-s008-a042-w027	w-s008-a042-w034	ح ي ي	س م ع	7	3	4	2	4	7	intra_ayah:8:42:root:50
co-8_42-02222	8:42	w-s008-a042-w029	w-s008-a042-w034	ح ي ي	س م ع	5	3	4	2	4	7	intra_ayah:8:42:root:50
co-8_42-02223	8:42	w-s008-a042-w027	w-s008-a042-w003	ح ي ي	ع د و	24	15	18	4	4	8	intra_ayah:8:42:root:51
co-8_42-02224	8:42	w-s008-a042-w027	w-s008-a042-w006	ح ي ي	ع د و	21	15	18	4	4	8	intra_ayah:8:42:root:51
co-8_42-02225	8:42	w-s008-a042-w029	w-s008-a042-w003	ح ي ي	ع د و	26	15	18	4	4	8	intra_ayah:8:42:root:51
co-8_42-02226	8:42	w-s008-a042-w029	w-s008-a042-w006	ح ي ي	ع د و	23	15	18	4	4	8	intra_ayah:8:42:root:51
co-8_42-02227	8:42	w-s008-a042-w027	w-s008-a042-w035	ح ي ي	ع ل م	8	4	5	2	19	24	intra_ayah:8:42:root:52
co-8_42-02228	8:42	w-s008-a042-w029	w-s008-a042-w035	ح ي ي	ع ل م	6	4	5	2	19	24	intra_ayah:8:42:root:52
co-8_42-02229	8:42	w-s008-a042-w027	w-s008-a042-w021	ح ي ي	ف ع ل	6	4	5	2	4	5	intra_ayah:8:42:root:53
co-8_42-02230	8:42	w-s008-a042-w029	w-s008-a042-w021	ح ي ي	ف ع ل	8	4	5	2	4	5	intra_ayah:8:42:root:53
co-8_42-02231	8:42	w-s008-a042-w027	w-s008-a042-w007	ح ي ي	ق ص و	20	14	15	2	1	2	intra_ayah:8:42:root:54
co-8_42-02232	8:42	w-s008-a042-w029	w-s008-a042-w007	ح ي ي	ق ص و	22	14	15	2	1	2	intra_ayah:8:42:root:54
co-8_42-02233	8:42	w-s008-a042-w027	w-s008-a042-w017	ح ي ي	ق ض ي	10	8	9	2	3	6	intra_ayah:8:42:root:55
co-8_42-02234	8:42	w-s008-a042-w029	w-s008-a042-w017	ح ي ي	ق ض ي	12	8	9	2	3	6	intra_ayah:8:42:root:55
co-8_42-02235	8:42	w-s008-a042-w027	w-s008-a042-w020	ح ي ي	ك و ن	7	5	6	2	28	47	intra_ayah:8:42:root:56
co-8_42-02236	8:42	w-s008-a042-w029	w-s008-a042-w020	ح ي ي	ك و ن	9	5	6	2	28	47	intra_ayah:8:42:root:56
co-8_42-02237	8:42	w-s008-a042-w027	w-s008-a042-w022	ح ي ي	ه ل ك	5	2	4	4	3	7	intra_ayah:8:42:root:57
co-8_42-02238	8:42	w-s008-a042-w027	w-s008-a042-w024	ح ي ي	ه ل ك	3	2	4	4	3	7	intra_ayah:8:42:root:57
co-8_42-02239	8:42	w-s008-a042-w029	w-s008-a042-w022	ح ي ي	ه ل ك	7	2	4	4	3	7	intra_ayah:8:42:root:57
co-8_42-02240	8:42	w-s008-a042-w029	w-s008-a042-w024	ح ي ي	ه ل ك	5	2	4	4	3	7	intra_ayah:8:42:root:57
co-8_42-02241	8:42	w-s008-a042-w027	w-s008-a042-w012	ح ي ي	و ع د	15	9	12	4	5	9	intra_ayah:8:42:root:58
co-8_42-02242	8:42	w-s008-a042-w027	w-s008-a042-w015	ح ي ي	و ع د	12	9	12	4	5	9	intra_ayah:8:42:root:58
co-8_42-02243	8:42	w-s008-a042-w029	w-s008-a042-w012	ح ي ي	و ع د	17	9	12	4	5	9	intra_ayah:8:42:root:58
co-8_42-02244	8:42	w-s008-a042-w029	w-s008-a042-w015	ح ي ي	و ع د	14	9	12	4	5	9	intra_ayah:8:42:root:58
co-8_42-02245	8:42	w-s008-a042-w013	w-s008-a042-w004	خ ل ف	د ن و	9	6	6	1	3	4	intra_ayah:8:42:root:59
co-8_42-02246	8:42	w-s008-a042-w018	w-s008-a042-w008	ء ل ه	ر ك ب	10	6	16	2	6	9	intra_ayah:8:42:root:6
co-8_42-02247	8:42	w-s008-a042-w033	w-s008-a042-w008	ء ل ه	ر ك ب	25	6	16	2	6	9	intra_ayah:8:42:root:6
co-8_42-02248	8:42	w-s008-a042-w013	w-s008-a042-w008	خ ل ف	ر ك ب	5	3	3	1	1	1	intra_ayah:8:42:root:60
co-8_42-02249	8:42	w-s008-a042-w013	w-s008-a042-w009	خ ل ف	س ف ل	4	2	2	1	1	1	intra_ayah:8:42:root:61
co-8_42-02250	8:42	w-s008-a042-w013	w-s008-a042-w034	خ ل ف	س م ع	21	14	14	1	1	1	intra_ayah:8:42:root:62
co-8_42-02251	8:42	w-s008-a042-w013	w-s008-a042-w003	خ ل ف	ع د و	10	5	7	2	5	6	intra_ayah:8:42:root:63
co-8_42-02252	8:42	w-s008-a042-w013	w-s008-a042-w006	خ ل ف	ع د و	7	5	7	2	5	6	intra_ayah:8:42:root:63
co-8_42-02253	8:42	w-s008-a042-w013	w-s008-a042-w035	خ ل ف	ع ل م	22	15	15	1	21	28	intra_ayah:8:42:root:64
co-8_42-02254	8:42	w-s008-a042-w013	w-s008-a042-w021	خ ل ف	ف ع ل	8	6	6	1	2	2	intra_ayah:8:42:root:65
co-8_42-02255	8:42	w-s008-a042-w013	w-s008-a042-w007	خ ل ف	ق ص و	6	4	4	1	1	1	intra_ayah:8:42:root:66
co-8_42-02256	8:42	w-s008-a042-w013	w-s008-a042-w017	خ ل ف	ق ض ي	4	2	2	1	7	10	intra_ayah:8:42:root:67
co-8_42-02257	8:42	w-s008-a042-w013	w-s008-a042-w020	خ ل ف	ك و ن	7	5	5	1	31	40	intra_ayah:8:42:root:68
co-8_42-02258	8:42	w-s008-a042-w013	w-s008-a042-w022	خ ل ف	ه ل ك	9	7	8	2	2	3	intra_ayah:8:42:root:69
co-8_42-02259	8:42	w-s008-a042-w013	w-s008-a042-w024	خ ل ف	ه ل ك	11	7	8	2	2	3	intra_ayah:8:42:root:69
co-8_42-02260	8:42	w-s008-a042-w018	w-s008-a042-w009	ء ل ه	س ف ل	9	5	15	2	3	8	intra_ayah:8:42:root:7
co-8_42-02261	8:42	w-s008-a042-w033	w-s008-a042-w009	ء ل ه	س ف ل	24	5	15	2	3	8	intra_ayah:8:42:root:7
co-8_42-02262	8:42	w-s008-a042-w013	w-s008-a042-w012	خ ل ف	و ع د	1	1	1	2	16	26	intra_ayah:8:42:root:70
co-8_42-02263	8:42	w-s008-a042-w013	w-s008-a042-w015	خ ل ف	و ع د	2	1	1	2	16	26	intra_ayah:8:42:root:70
co-8_42-02264	8:42	w-s008-a042-w004	w-s008-a042-w008	د ن و	ر ك ب	4	3	3	1	2	2	intra_ayah:8:42:root:71
co-8_42-02265	8:42	w-s008-a042-w004	w-s008-a042-w009	د ن و	س ف ل	5	4	4	1	1	1	intra_ayah:8:42:root:72
co-8_42-02266	8:42	w-s008-a042-w004	w-s008-a042-w034	د ن و	س م ع	30	20	20	1	4	6	intra_ayah:8:42:root:73
co-8_42-02267	8:42	w-s008-a042-w004	w-s008-a042-w003	د ن و	ع د و	1	1	1	2	4	5	intra_ayah:8:42:root:74
co-8_42-02268	8:42	w-s008-a042-w004	w-s008-a042-w006	د ن و	ع د و	2	1	1	2	4	5	intra_ayah:8:42:root:74
co-8_42-02269	8:42	w-s008-a042-w004	w-s008-a042-w035	د ن و	ع ل م	31	21	21	1	18	26	intra_ayah:8:42:root:75
co-8_42-02270	8:42	w-s008-a042-w004	w-s008-a042-w021	د ن و	ف ع ل	17	12	12	1	4	4	intra_ayah:8:42:root:76
co-8_42-02271	8:42	w-s008-a042-w004	w-s008-a042-w007	د ن و	ق ص و	3	2	2	1	1	1	intra_ayah:8:42:root:77
co-8_42-02272	8:42	w-s008-a042-w004	w-s008-a042-w017	د ن و	ق ض ي	13	8	8	1	4	6	intra_ayah:8:42:root:78
co-8_42-02273	8:42	w-s008-a042-w004	w-s008-a042-w020	د ن و	ك و ن	16	11	11	1	34	47	intra_ayah:8:42:root:79
co-8_42-02274	8:42	w-s008-a042-w018	w-s008-a042-w034	ء ل ه	س م ع	16	1	11	2	70	128	intra_ayah:8:42:root:8
co-8_42-02275	8:42	w-s008-a042-w033	w-s008-a042-w034	ء ل ه	س م ع	1	1	11	2	70	128	intra_ayah:8:42:root:8
co-8_42-02276	8:42	w-s008-a042-w004	w-s008-a042-w022	د ن و	ه ل ك	18	13	14	2	3	4	intra_ayah:8:42:root:80
co-8_42-02277	8:42	w-s008-a042-w004	w-s008-a042-w024	د ن و	ه ل ك	20	13	14	2	3	4	intra_ayah:8:42:root:80
co-8_42-02278	8:42	w-s008-a042-w004	w-s008-a042-w012	د ن و	و ع د	8	5	7	2	5	7	intra_ayah:8:42:root:81
co-8_42-02279	8:42	w-s008-a042-w004	w-s008-a042-w015	د ن و	و ع د	11	5	7	2	5	7	intra_ayah:8:42:root:81
co-8_42-02280	8:42	w-s008-a042-w008	w-s008-a042-w009	ر ك ب	س ف ل	1	1	1	1	1	1	intra_ayah:8:42:root:82
co-8_42-02281	8:42	w-s008-a042-w008	w-s008-a042-w034	ر ك ب	س م ع	26	17	17	1	1	1	intra_ayah:8:42:root:83
co-8_42-02282	8:42	w-s008-a042-w008	w-s008-a042-w003	ر ك ب	ع د و	5	2	4	2	1	2	intra_ayah:8:42:root:84
co-8_42-02283	8:42	w-s008-a042-w008	w-s008-a042-w006	ر ك ب	ع د و	2	2	4	2	1	2	intra_ayah:8:42:root:84
co-8_42-02284	8:42	w-s008-a042-w008	w-s008-a042-w035	ر ك ب	ع ل م	27	18	18	1	3	4	intra_ayah:8:42:root:85
co-8_42-02285	8:42	w-s008-a042-w008	w-s008-a042-w021	ر ك ب	ف ع ل	13	9	9	1	1	1	intra_ayah:8:42:root:86
co-8_42-02286	8:42	w-s008-a042-w008	w-s008-a042-w007	ر ك ب	ق ص و	1	1	1	1	1	1	intra_ayah:8:42:root:87
co-8_42-02287	8:42	w-s008-a042-w008	w-s008-a042-w017	ر ك ب	ق ض ي	9	5	5	1	1	1	intra_ayah:8:42:root:88
co-8_42-02288	8:42	w-s008-a042-w008	w-s008-a042-w020	ر ك ب	ك و ن	12	8	8	1	3	4	intra_ayah:8:42:root:89
co-8_42-02289	8:42	w-s008-a042-w018	w-s008-a042-w003	ء ل ه	ع د و	15	8	20	4	46	110	intra_ayah:8:42:root:9
co-8_42-02290	8:42	w-s008-a042-w018	w-s008-a042-w006	ء ل ه	ع د و	12	8	20	4	46	110	intra_ayah:8:42:root:9
co-8_42-02291	8:42	w-s008-a042-w033	w-s008-a042-w003	ء ل ه	ع د و	30	8	20	4	46	110	intra_ayah:8:42:root:9
co-8_42-02292	8:42	w-s008-a042-w033	w-s008-a042-w006	ء ل ه	ع د و	27	8	20	4	46	110	intra_ayah:8:42:root:9
co-8_42-02293	8:42	w-s008-a042-w008	w-s008-a042-w022	ر ك ب	ه ل ك	14	10	11	2	1	2	intra_ayah:8:42:root:90
co-8_42-02294	8:42	w-s008-a042-w008	w-s008-a042-w024	ر ك ب	ه ل ك	16	10	11	2	1	2	intra_ayah:8:42:root:90
co-8_42-02295	8:42	w-s008-a042-w008	w-s008-a042-w012	ر ك ب	و ع د	4	2	4	2	1	2	intra_ayah:8:42:root:91
co-8_42-02296	8:42	w-s008-a042-w008	w-s008-a042-w015	ر ك ب	و ع د	7	2	4	2	1	2	intra_ayah:8:42:root:91
co-8_42-02297	8:42	w-s008-a042-w009	w-s008-a042-w034	س ف ل	س م ع	25	16	16	1	1	1	intra_ayah:8:42:root:92
co-8_42-02298	8:42	w-s008-a042-w009	w-s008-a042-w003	س ف ل	ع د و	6	3	5	2	1	2	intra_ayah:8:42:root:93
co-8_42-02299	8:42	w-s008-a042-w009	w-s008-a042-w006	س ف ل	ع د و	3	3	5	2	1	2	intra_ayah:8:42:root:93
co-8_42-02300	8:42	w-s008-a042-w009	w-s008-a042-w035	س ف ل	ع ل م	26	17	17	1	1	1	intra_ayah:8:42:root:94
co-8_42-02301	8:42	w-s008-a042-w009	w-s008-a042-w021	س ف ل	ف ع ل	12	8	8	1	1	1	intra_ayah:8:42:root:95
co-8_42-02302	8:42	w-s008-a042-w009	w-s008-a042-w007	س ف ل	ق ص و	2	2	2	1	1	1	intra_ayah:8:42:root:96
co-8_42-02303	8:42	w-s008-a042-w009	w-s008-a042-w017	س ف ل	ق ض ي	8	4	4	1	1	1	intra_ayah:8:42:root:97
co-8_42-02304	8:42	w-s008-a042-w009	w-s008-a042-w020	س ف ل	ك و ن	11	7	7	1	2	2	intra_ayah:8:42:root:98
co-8_42-02305	8:42	w-s008-a042-w009	w-s008-a042-w022	س ف ل	ه ل ك	13	9	10	2	1	2	intra_ayah:8:42:root:99
co-8_42-02306	8:42	w-s008-a042-w009	w-s008-a042-w024	س ف ل	ه ل ك	15	9	10	2	1	2	intra_ayah:8:42:root:99
co-8_43-02307	8:43	w-s008-a043-w003	w-s008-a043-w013	ء ل ه	ء م ر	10	1	7	2	112	224	intra_ayah:8:43:root:1
co-8_43-02308	8:43	w-s008-a043-w015	w-s008-a043-w013	ء ل ه	ء م ر	2	1	7	2	112	224	intra_ayah:8:43:root:1
co-8_43-02309	8:43	w-s008-a043-w003	w-s008-a043-w005	ء ل ه	ن و م	2	1	7	2	4	6	intra_ayah:8:43:root:10
co-8_43-02310	8:43	w-s008-a043-w015	w-s008-a043-w005	ء ل ه	ن و م	10	1	7	2	4	6	intra_ayah:8:43:root:10
co-8_43-02311	8:43	w-s008-a043-w013	w-s008-a043-w002	ء م ر	ر ء ي	11	4	8	2	11	14	intra_ayah:8:43:root:11
co-8_43-02312	8:43	w-s008-a043-w013	w-s008-a043-w008	ء م ر	ر ء ي	5	4	8	2	11	14	intra_ayah:8:43:root:11
co-8_43-02313	8:43	w-s008-a043-w013	w-s008-a043-w016	ء م ر	س ل م	3	2	2	1	10	12	intra_ayah:8:43:root:12
co-8_43-02314	8:43	w-s008-a043-w013	w-s008-a043-w020	ء م ر	ص د ر	7	4	4	1	2	7	intra_ayah:8:43:root:13
co-8_43-02315	8:43	w-s008-a043-w013	w-s008-a043-w018	ء م ر	ع ل م	5	3	3	1	28	40	intra_ayah:8:43:root:14
co-8_43-02316	8:43	w-s008-a043-w013	w-s008-a043-w010	ء م ر	ف ش ل	3	2	2	1	2	2	intra_ayah:8:43:root:15
co-8_43-02317	8:43	w-s008-a043-w013	w-s008-a043-w006	ء م ر	ق ل ل	7	5	5	1	5	9	intra_ayah:8:43:root:16
co-8_43-02318	8:43	w-s008-a043-w013	w-s008-a043-w009	ء م ر	ك ث ر	4	3	3	1	9	9	intra_ayah:8:43:root:17
co-8_43-02319	8:43	w-s008-a043-w013	w-s008-a043-w011	ء م ر	ن ز ع	2	1	1	1	6	7	intra_ayah:8:43:root:18
co-8_43-02320	8:43	w-s008-a043-w013	w-s008-a043-w005	ء م ر	ن و م	8	6	6	1	2	2	intra_ayah:8:43:root:19
co-8_43-02321	8:43	w-s008-a043-w003	w-s008-a043-w002	ء ل ه	ر ء ي	1	1	9	4	121	204	intra_ayah:8:43:root:2
co-8_43-02322	8:43	w-s008-a043-w003	w-s008-a043-w008	ء ل ه	ر ء ي	5	1	9	4	121	204	intra_ayah:8:43:root:2
co-8_43-02323	8:43	w-s008-a043-w015	w-s008-a043-w002	ء ل ه	ر ء ي	13	1	9	4	121	204	intra_ayah:8:43:root:2
co-8_43-02324	8:43	w-s008-a043-w015	w-s008-a043-w008	ء ل ه	ر ء ي	7	1	9	4	121	204	intra_ayah:8:43:root:2
co-8_43-02325	8:43	w-s008-a043-w002	w-s008-a043-w016	ر ء ي	س ل م	14	6	10	2	4	6	intra_ayah:8:43:root:20
co-8_43-02326	8:43	w-s008-a043-w008	w-s008-a043-w016	ر ء ي	س ل م	8	6	10	2	4	6	intra_ayah:8:43:root:20
co-8_43-02327	8:43	w-s008-a043-w002	w-s008-a043-w020	ر ء ي	ص د ر	18	8	12	2	2	3	intra_ayah:8:43:root:21
co-8_43-02328	8:43	w-s008-a043-w008	w-s008-a043-w020	ر ء ي	ص د ر	12	8	12	2	2	3	intra_ayah:8:43:root:21
co-8_43-02329	8:43	w-s008-a043-w002	w-s008-a043-w018	ر ء ي	ع ل م	16	7	11	2	28	34	intra_ayah:8:43:root:22
co-8_43-02330	8:43	w-s008-a043-w008	w-s008-a043-w018	ر ء ي	ع ل م	10	7	11	2	28	34	intra_ayah:8:43:root:22
co-8_43-02331	8:43	w-s008-a043-w002	w-s008-a043-w010	ر ء ي	ف ش ل	8	2	6	2	2	3	intra_ayah:8:43:root:23
co-8_43-02332	8:43	w-s008-a043-w008	w-s008-a043-w010	ر ء ي	ف ش ل	2	2	6	2	2	3	intra_ayah:8:43:root:23
co-8_43-02333	8:43	w-s008-a043-w002	w-s008-a043-w006	ر ء ي	ق ل ل	4	1	3	2	8	10	intra_ayah:8:43:root:24
co-8_43-02334	8:43	w-s008-a043-w008	w-s008-a043-w006	ر ء ي	ق ل ل	2	1	3	2	8	10	intra_ayah:8:43:root:24
co-8_43-02335	8:43	w-s008-a043-w002	w-s008-a043-w009	ر ء ي	ك ث ر	7	1	5	2	8	10	intra_ayah:8:43:root:25
co-8_43-02336	8:43	w-s008-a043-w008	w-s008-a043-w009	ر ء ي	ك ث ر	1	1	5	2	8	10	intra_ayah:8:43:root:25
co-8_43-02337	8:43	w-s008-a043-w002	w-s008-a043-w011	ر ء ي	ن ز ع	9	3	7	2	3	6	intra_ayah:8:43:root:26
co-8_43-02338	8:43	w-s008-a043-w008	w-s008-a043-w011	ر ء ي	ن ز ع	3	3	7	2	3	6	intra_ayah:8:43:root:26
co-8_43-02339	8:43	w-s008-a043-w002	w-s008-a043-w005	ر ء ي	ن و م	3	2	2	2	2	4	intra_ayah:8:43:root:27
co-8_43-02340	8:43	w-s008-a043-w008	w-s008-a043-w005	ر ء ي	ن و م	3	2	2	2	2	4	intra_ayah:8:43:root:27
co-8_43-02341	8:43	w-s008-a043-w016	w-s008-a043-w020	س ل م	ص د ر	4	2	2	1	4	5	intra_ayah:8:43:root:28
co-8_43-02342	8:43	w-s008-a043-w016	w-s008-a043-w018	س ل م	ع ل م	2	1	1	1	17	20	intra_ayah:8:43:root:29
co-8_43-02343	8:43	w-s008-a043-w003	w-s008-a043-w016	ء ل ه	س ل م	13	1	9	2	57	108	intra_ayah:8:43:root:3
co-8_43-02344	8:43	w-s008-a043-w015	w-s008-a043-w016	ء ل ه	س ل م	1	1	9	2	57	108	intra_ayah:8:43:root:3
co-8_43-02345	8:43	w-s008-a043-w016	w-s008-a043-w010	س ل م	ف ش ل	6	4	4	1	1	1	intra_ayah:8:43:root:30
co-8_43-02346	8:43	w-s008-a043-w016	w-s008-a043-w006	س ل م	ق ل ل	10	7	7	1	2	2	intra_ayah:8:43:root:31
co-8_43-02347	8:43	w-s008-a043-w016	w-s008-a043-w009	س ل م	ك ث ر	7	5	5	1	4	5	intra_ayah:8:43:root:32
co-8_43-02348	8:43	w-s008-a043-w016	w-s008-a043-w011	س ل م	ن ز ع	5	3	3	1	1	1	intra_ayah:8:43:root:33
co-8_43-02349	8:43	w-s008-a043-w016	w-s008-a043-w005	س ل م	ن و م	11	8	8	1	1	1	intra_ayah:8:43:root:34
co-8_43-02350	8:43	w-s008-a043-w020	w-s008-a043-w018	ص د ر	ع ل م	2	1	1	1	19	28	intra_ayah:8:43:root:35
co-8_43-02351	8:43	w-s008-a043-w020	w-s008-a043-w010	ص د ر	ف ش ل	10	6	6	1	1	1	intra_ayah:8:43:root:36
co-8_43-02352	8:43	w-s008-a043-w020	w-s008-a043-w006	ص د ر	ق ل ل	14	9	9	1	1	1	intra_ayah:8:43:root:37
co-8_43-02353	8:43	w-s008-a043-w020	w-s008-a043-w009	ص د ر	ك ث ر	11	7	7	1	1	1	intra_ayah:8:43:root:38
co-8_43-02354	8:43	w-s008-a043-w020	w-s008-a043-w011	ص د ر	ن ز ع	9	5	5	1	3	3	intra_ayah:8:43:root:39
co-8_43-02355	8:43	w-s008-a043-w003	w-s008-a043-w020	ء ل ه	ص د ر	17	3	11	2	20	44	intra_ayah:8:43:root:4
co-8_43-02356	8:43	w-s008-a043-w015	w-s008-a043-w020	ء ل ه	ص د ر	5	3	11	2	20	44	intra_ayah:8:43:root:4
co-8_43-02357	8:43	w-s008-a043-w020	w-s008-a043-w005	ص د ر	ن و م	15	10	10	1	1	1	intra_ayah:8:43:root:40
co-8_43-02358	8:43	w-s008-a043-w018	w-s008-a043-w010	ع ل م	ف ش ل	8	5	5	1	1	1	intra_ayah:8:43:root:41
co-8_43-02359	8:43	w-s008-a043-w018	w-s008-a043-w006	ع ل م	ق ل ل	12	8	8	1	9	10	intra_ayah:8:43:root:42
co-8_43-02360	8:43	w-s008-a043-w018	w-s008-a043-w009	ع ل م	ك ث ر	9	6	6	1	42	55	intra_ayah:8:43:root:43
co-8_43-02361	8:43	w-s008-a043-w018	w-s008-a043-w011	ع ل م	ن ز ع	7	4	4	1	3	4	intra_ayah:8:43:root:44
co-8_43-02362	8:43	w-s008-a043-w018	w-s008-a043-w005	ع ل م	ن و م	13	9	9	1	2	3	intra_ayah:8:43:root:45
co-8_43-02363	8:43	w-s008-a043-w010	w-s008-a043-w006	ف ش ل	ق ل ل	4	3	3	1	1	1	intra_ayah:8:43:root:46
co-8_43-02364	8:43	w-s008-a043-w010	w-s008-a043-w009	ف ش ل	ك ث ر	1	1	1	1	1	1	intra_ayah:8:43:root:47
co-8_43-02365	8:43	w-s008-a043-w010	w-s008-a043-w011	ف ش ل	ن ز ع	1	1	1	1	3	3	intra_ayah:8:43:root:48
co-8_43-02366	8:43	w-s008-a043-w010	w-s008-a043-w005	ف ش ل	ن و م	5	4	4	1	1	1	intra_ayah:8:43:root:49
co-8_43-02367	8:43	w-s008-a043-w003	w-s008-a043-w018	ء ل ه	ع ل م	15	2	10	2	408	878	intra_ayah:8:43:root:5
co-8_43-02368	8:43	w-s008-a043-w015	w-s008-a043-w018	ء ل ه	ع ل م	3	2	10	2	408	878	intra_ayah:8:43:root:5
co-8_43-02369	8:43	w-s008-a043-w006	w-s008-a043-w009	ق ل ل	ك ث ر	3	2	2	1	6	7	intra_ayah:8:43:root:50
co-8_43-02370	8:43	w-s008-a043-w006	w-s008-a043-w011	ق ل ل	ن ز ع	5	4	4	1	1	1	intra_ayah:8:43:root:51
co-8_43-02371	8:43	w-s008-a043-w006	w-s008-a043-w005	ق ل ل	ن و م	1	1	1	1	1	1	intra_ayah:8:43:root:52
co-8_43-02372	8:43	w-s008-a043-w009	w-s008-a043-w011	ك ث ر	ن ز ع	2	2	2	1	1	1	intra_ayah:8:43:root:53
co-8_43-02373	8:43	w-s008-a043-w009	w-s008-a043-w005	ك ث ر	ن و م	4	3	3	1	1	1	intra_ayah:8:43:root:54
co-8_43-02374	8:43	w-s008-a043-w011	w-s008-a043-w005	ن ز ع	ن و م	6	5	5	1	1	1	intra_ayah:8:43:root:55
co-8_43-02375	8:43	w-s008-a043-w003	w-s008-a043-w010	ء ل ه	ف ش ل	7	3	5	2	4	8	intra_ayah:8:43:root:6
co-8_43-02376	8:43	w-s008-a043-w015	w-s008-a043-w010	ء ل ه	ف ش ل	5	3	5	2	4	8	intra_ayah:8:43:root:6
co-8_43-02377	8:43	w-s008-a043-w003	w-s008-a043-w006	ء ل ه	ق ل ل	3	2	6	2	28	53	intra_ayah:8:43:root:7
co-8_43-02378	8:43	w-s008-a043-w015	w-s008-a043-w006	ء ل ه	ق ل ل	9	2	6	2	28	53	intra_ayah:8:43:root:7
co-8_43-02379	8:43	w-s008-a043-w003	w-s008-a043-w009	ء ل ه	ك ث ر	6	4	4	2	83	142	intra_ayah:8:43:root:8
co-8_43-02380	8:43	w-s008-a043-w015	w-s008-a043-w009	ء ل ه	ك ث ر	6	4	4	2	83	142	intra_ayah:8:43:root:8
co-8_43-02381	8:43	w-s008-a043-w003	w-s008-a043-w011	ء ل ه	ن ز ع	8	2	6	2	8	14	intra_ayah:8:43:root:9
co-8_43-02382	8:43	w-s008-a043-w015	w-s008-a043-w011	ء ل ه	ن ز ع	4	2	6	2	8	14	intra_ayah:8:43:root:9
co-8_44-02383	8:44	w-s008-a044-w012	w-s008-a044-w013	ء ل ه	ء م ر	1	1	6	4	112	224	intra_ayah:8:44:root:1
co-8_44-02384	8:44	w-s008-a044-w012	w-s008-a044-w019	ء ل ه	ء م ر	7	1	6	4	112	224	intra_ayah:8:44:root:1
co-8_44-02385	8:44	w-s008-a044-w017	w-s008-a044-w013	ء ل ه	ء م ر	4	1	6	4	112	224	intra_ayah:8:44:root:1
co-8_44-02386	8:44	w-s008-a044-w017	w-s008-a044-w019	ء ل ه	ء م ر	2	1	6	4	112	224	intra_ayah:8:44:root:1
co-8_44-02387	8:44	w-s008-a044-w013	w-s008-a044-w002	ء م ر	ر ء ي	11	8	13	2	11	14	intra_ayah:8:44:root:10
co-8_44-02388	8:44	w-s008-a044-w019	w-s008-a044-w002	ء م ر	ر ء ي	17	8	13	2	11	14	intra_ayah:8:44:root:10
co-8_44-02389	8:44	w-s008-a044-w013	w-s008-a044-w018	ء م ر	ر ج ع	5	1	4	2	9	11	intra_ayah:8:44:root:11
co-8_44-02390	8:44	w-s008-a044-w019	w-s008-a044-w018	ء م ر	ر ج ع	1	1	4	2	9	11	intra_ayah:8:44:root:11
co-8_44-02391	8:44	w-s008-a044-w013	w-s008-a044-w006	ء م ر	ع ي ن	7	3	11	4	5	8	intra_ayah:8:44:root:12
co-8_44-02392	8:44	w-s008-a044-w013	w-s008-a044-w010	ء م ر	ع ي ن	3	3	11	4	5	8	intra_ayah:8:44:root:12
co-8_44-02393	8:44	w-s008-a044-w019	w-s008-a044-w006	ء م ر	ع ي ن	13	3	11	4	5	8	intra_ayah:8:44:root:12
co-8_44-02394	8:44	w-s008-a044-w019	w-s008-a044-w010	ء م ر	ع ي ن	9	3	11	4	5	8	intra_ayah:8:44:root:12
co-8_44-02395	8:44	w-s008-a044-w013	w-s008-a044-w015	ء م ر	ف ع ل	2	2	3	2	16	19	intra_ayah:8:44:root:13
co-8_44-02396	8:44	w-s008-a044-w019	w-s008-a044-w015	ء م ر	ف ع ل	4	2	3	2	16	19	intra_ayah:8:44:root:13
co-8_44-02397	8:44	w-s008-a044-w013	w-s008-a044-w011	ء م ر	ق ض ي	2	2	7	2	24	29	intra_ayah:8:44:root:14
co-8_44-02398	8:44	w-s008-a044-w019	w-s008-a044-w011	ء م ر	ق ض ي	8	2	7	2	24	29	intra_ayah:8:44:root:14
co-8_44-02399	8:44	w-s008-a044-w013	w-s008-a044-w007	ء م ر	ق ل ل	6	4	10	4	5	9	intra_ayah:8:44:root:15
co-8_44-02400	8:44	w-s008-a044-w013	w-s008-a044-w008	ء م ر	ق ل ل	5	4	10	4	5	9	intra_ayah:8:44:root:15
co-8_44-02401	8:44	w-s008-a044-w019	w-s008-a044-w007	ء م ر	ق ل ل	12	4	10	4	5	9	intra_ayah:8:44:root:15
co-8_44-02402	8:44	w-s008-a044-w019	w-s008-a044-w008	ء م ر	ق ل ل	11	4	10	4	5	9	intra_ayah:8:44:root:15
co-8_44-02403	8:44	w-s008-a044-w013	w-s008-a044-w014	ء م ر	ك و ن	1	1	4	2	59	92	intra_ayah:8:44:root:16
co-8_44-02404	8:44	w-s008-a044-w019	w-s008-a044-w014	ء م ر	ك و ن	5	1	4	2	59	92	intra_ayah:8:44:root:16
co-8_44-02405	8:44	w-s008-a044-w013	w-s008-a044-w004	ء م ر	ل ق ي	9	7	12	2	5	7	intra_ayah:8:44:root:17
co-8_44-02406	8:44	w-s008-a044-w019	w-s008-a044-w004	ء م ر	ل ق ي	15	7	12	2	5	7	intra_ayah:8:44:root:17
co-8_44-02407	8:44	w-s008-a044-w002	w-s008-a044-w018	ر ء ي	ر ج ع	16	12	12	1	10	11	intra_ayah:8:44:root:18
co-8_44-02408	8:44	w-s008-a044-w002	w-s008-a044-w006	ر ء ي	ع ي ن	4	2	5	2	7	9	intra_ayah:8:44:root:19
co-8_44-02409	8:44	w-s008-a044-w002	w-s008-a044-w010	ر ء ي	ع ي ن	8	2	5	2	7	9	intra_ayah:8:44:root:19
co-8_44-02410	8:44	w-s008-a044-w012	w-s008-a044-w002	ء ل ه	ر ء ي	10	7	11	2	121	204	intra_ayah:8:44:root:2
co-8_44-02411	8:44	w-s008-a044-w017	w-s008-a044-w002	ء ل ه	ر ء ي	15	7	11	2	121	204	intra_ayah:8:44:root:2
co-8_44-02412	8:44	w-s008-a044-w002	w-s008-a044-w015	ر ء ي	ف ع ل	13	10	10	1	8	9	intra_ayah:8:44:root:20
co-8_44-02413	8:44	w-s008-a044-w002	w-s008-a044-w011	ر ء ي	ق ض ي	9	6	6	1	3	3	intra_ayah:8:44:root:21
co-8_44-02414	8:44	w-s008-a044-w002	w-s008-a044-w007	ر ء ي	ق ل ل	5	3	4	2	8	10	intra_ayah:8:44:root:22
co-8_44-02415	8:44	w-s008-a044-w002	w-s008-a044-w008	ر ء ي	ق ل ل	6	3	4	2	8	10	intra_ayah:8:44:root:22
co-8_44-02416	8:44	w-s008-a044-w002	w-s008-a044-w014	ر ء ي	ك و ن	12	9	9	1	57	69	intra_ayah:8:44:root:23
co-8_44-02417	8:44	w-s008-a044-w002	w-s008-a044-w004	ر ء ي	ل ق ي	2	1	1	1	10	11	intra_ayah:8:44:root:24
co-8_44-02418	8:44	w-s008-a044-w018	w-s008-a044-w006	ر ج ع	ع ي ن	12	7	10	2	2	3	intra_ayah:8:44:root:25
co-8_44-02419	8:44	w-s008-a044-w018	w-s008-a044-w010	ر ج ع	ع ي ن	8	7	10	2	2	3	intra_ayah:8:44:root:25
co-8_44-02420	8:44	w-s008-a044-w018	w-s008-a044-w015	ر ج ع	ف ع ل	3	2	2	1	2	2	intra_ayah:8:44:root:26
co-8_44-02421	8:44	w-s008-a044-w018	w-s008-a044-w011	ر ج ع	ق ض ي	7	6	6	1	3	3	intra_ayah:8:44:root:27
co-8_44-02422	8:44	w-s008-a044-w018	w-s008-a044-w007	ر ج ع	ق ل ل	11	8	9	2	1	2	intra_ayah:8:44:root:28
co-8_44-02423	8:44	w-s008-a044-w018	w-s008-a044-w008	ر ج ع	ق ل ل	10	8	9	2	1	2	intra_ayah:8:44:root:28
co-8_44-02424	8:44	w-s008-a044-w018	w-s008-a044-w014	ر ج ع	ك و ن	4	3	3	1	23	24	intra_ayah:8:44:root:29
co-8_44-02425	8:44	w-s008-a044-w012	w-s008-a044-w018	ء ل ه	ر ج ع	6	1	5	2	39	59	intra_ayah:8:44:root:3
co-8_44-02426	8:44	w-s008-a044-w017	w-s008-a044-w018	ء ل ه	ر ج ع	1	1	5	2	39	59	intra_ayah:8:44:root:3
co-8_44-02427	8:44	w-s008-a044-w018	w-s008-a044-w004	ر ج ع	ل ق ي	14	11	11	1	4	4	intra_ayah:8:44:root:30
co-8_44-02428	8:44	w-s008-a044-w006	w-s008-a044-w015	ع ي ن	ف ع ل	9	5	8	2	1	2	intra_ayah:8:44:root:31
co-8_44-02429	8:44	w-s008-a044-w010	w-s008-a044-w015	ع ي ن	ف ع ل	5	5	8	2	1	2	intra_ayah:8:44:root:31
co-8_44-02430	8:44	w-s008-a044-w006	w-s008-a044-w011	ع ي ن	ق ض ي	5	1	4	2	1	2	intra_ayah:8:44:root:32
co-8_44-02431	8:44	w-s008-a044-w010	w-s008-a044-w011	ع ي ن	ق ض ي	1	1	4	2	1	2	intra_ayah:8:44:root:32
co-8_44-02432	8:44	w-s008-a044-w006	w-s008-a044-w007	ع ي ن	ق ل ل	1	1	2	4	1	4	intra_ayah:8:44:root:33
co-8_44-02433	8:44	w-s008-a044-w006	w-s008-a044-w008	ع ي ن	ق ل ل	2	1	2	4	1	4	intra_ayah:8:44:root:33
co-8_44-02434	8:44	w-s008-a044-w010	w-s008-a044-w007	ع ي ن	ق ل ل	3	1	2	4	1	4	intra_ayah:8:44:root:33
co-8_44-02435	8:44	w-s008-a044-w010	w-s008-a044-w008	ع ي ن	ق ل ل	2	1	2	4	1	4	intra_ayah:8:44:root:33
co-8_44-02436	8:44	w-s008-a044-w006	w-s008-a044-w014	ع ي ن	ك و ن	8	4	7	2	9	11	intra_ayah:8:44:root:34
co-8_44-02437	8:44	w-s008-a044-w010	w-s008-a044-w014	ع ي ن	ك و ن	4	4	7	2	9	11	intra_ayah:8:44:root:34
co-8_44-02438	8:44	w-s008-a044-w006	w-s008-a044-w004	ع ي ن	ل ق ي	2	1	4	2	5	8	intra_ayah:8:44:root:35
co-8_44-02439	8:44	w-s008-a044-w010	w-s008-a044-w004	ع ي ن	ل ق ي	6	1	4	2	5	8	intra_ayah:8:44:root:35
co-8_44-02440	8:44	w-s008-a044-w015	w-s008-a044-w011	ف ع ل	ق ض ي	4	4	4	1	3	4	intra_ayah:8:44:root:36
co-8_44-02441	8:44	w-s008-a044-w015	w-s008-a044-w007	ف ع ل	ق ل ل	8	6	7	2	2	4	intra_ayah:8:44:root:37
co-8_44-02442	8:44	w-s008-a044-w015	w-s008-a044-w008	ف ع ل	ق ل ل	7	6	7	2	2	4	intra_ayah:8:44:root:37
co-8_44-02443	8:44	w-s008-a044-w015	w-s008-a044-w014	ف ع ل	ك و ن	1	1	1	1	34	44	intra_ayah:8:44:root:38
co-8_44-02444	8:44	w-s008-a044-w015	w-s008-a044-w004	ف ع ل	ل ق ي	11	9	9	1	4	4	intra_ayah:8:44:root:39
co-8_44-02445	8:44	w-s008-a044-w012	w-s008-a044-w006	ء ل ه	ع ي ن	6	2	9	4	9	18	intra_ayah:8:44:root:4
co-8_44-02446	8:44	w-s008-a044-w012	w-s008-a044-w010	ء ل ه	ع ي ن	2	2	9	4	9	18	intra_ayah:8:44:root:4
co-8_44-02447	8:44	w-s008-a044-w017	w-s008-a044-w006	ء ل ه	ع ي ن	11	2	9	4	9	18	intra_ayah:8:44:root:4
co-8_44-02448	8:44	w-s008-a044-w017	w-s008-a044-w010	ء ل ه	ع ي ن	7	2	9	4	9	18	intra_ayah:8:44:root:4
co-8_44-02449	8:44	w-s008-a044-w011	w-s008-a044-w007	ق ض ي	ق ل ل	4	2	3	2	1	2	intra_ayah:8:44:root:40
co-8_44-02450	8:44	w-s008-a044-w011	w-s008-a044-w008	ق ض ي	ق ل ل	3	2	3	2	1	2	intra_ayah:8:44:root:40
co-8_44-02451	8:44	w-s008-a044-w011	w-s008-a044-w014	ق ض ي	ك و ن	3	3	3	1	22	34	intra_ayah:8:44:root:41
co-8_44-02452	8:44	w-s008-a044-w011	w-s008-a044-w004	ق ض ي	ل ق ي	7	5	5	1	2	2	intra_ayah:8:44:root:42
co-8_44-02453	8:44	w-s008-a044-w007	w-s008-a044-w014	ق ل ل	ك و ن	7	5	6	2	16	19	intra_ayah:8:44:root:43
co-8_44-02454	8:44	w-s008-a044-w008	w-s008-a044-w014	ق ل ل	ك و ن	6	5	6	2	16	19	intra_ayah:8:44:root:43
co-8_44-02455	8:44	w-s008-a044-w007	w-s008-a044-w004	ق ل ل	ل ق ي	3	2	3	2	2	4	intra_ayah:8:44:root:44
co-8_44-02456	8:44	w-s008-a044-w008	w-s008-a044-w004	ق ل ل	ل ق ي	4	2	3	2	2	4	intra_ayah:8:44:root:44
co-8_44-02457	8:44	w-s008-a044-w014	w-s008-a044-w004	ك و ن	ل ق ي	10	8	8	1	30	37	intra_ayah:8:44:root:45
co-8_44-02458	8:44	w-s008-a044-w012	w-s008-a044-w015	ء ل ه	ف ع ل	3	1	3	2	48	87	intra_ayah:8:44:root:5
co-8_44-02459	8:44	w-s008-a044-w017	w-s008-a044-w015	ء ل ه	ف ع ل	2	1	3	2	48	87	intra_ayah:8:44:root:5
co-8_44-02460	8:44	w-s008-a044-w012	w-s008-a044-w011	ء ل ه	ق ض ي	1	1	5	2	23	42	intra_ayah:8:44:root:6
co-8_44-02461	8:44	w-s008-a044-w017	w-s008-a044-w011	ء ل ه	ق ض ي	6	1	5	2	23	42	intra_ayah:8:44:root:6
co-8_44-02462	8:44	w-s008-a044-w012	w-s008-a044-w007	ء ل ه	ق ل ل	5	3	8	4	28	53	intra_ayah:8:44:root:7
co-8_44-02463	8:44	w-s008-a044-w012	w-s008-a044-w008	ء ل ه	ق ل ل	4	3	8	4	28	53	intra_ayah:8:44:root:7
co-8_44-02464	8:44	w-s008-a044-w017	w-s008-a044-w007	ء ل ه	ق ل ل	10	3	8	4	28	53	intra_ayah:8:44:root:7
co-8_44-02465	8:44	w-s008-a044-w017	w-s008-a044-w008	ء ل ه	ق ل ل	9	3	8	4	28	53	intra_ayah:8:44:root:7
co-8_44-02466	8:44	w-s008-a044-w012	w-s008-a044-w014	ء ل ه	ك و ن	2	2	2	2	441	974	intra_ayah:8:44:root:8
co-8_44-02467	8:44	w-s008-a044-w017	w-s008-a044-w014	ء ل ه	ك و ن	3	2	2	2	441	974	intra_ayah:8:44:root:8
co-8_44-02468	8:44	w-s008-a044-w012	w-s008-a044-w004	ء ل ه	ل ق ي	8	6	10	2	39	72	intra_ayah:8:44:root:9
co-8_44-02469	8:44	w-s008-a044-w017	w-s008-a044-w004	ء ل ه	ل ق ي	13	6	10	2	39	72	intra_ayah:8:44:root:9
co-8_45-02470	8:45	w-s008-a045-w009	w-s008-a045-w003	ء ل ه	ء م ن	6	5	5	1	372	843	intra_ayah:8:45:root:1
co-8_45-02471	8:45	w-s008-a045-w003	w-s008-a045-w006	ء م ن	ف ء ي	3	2	2	1	3	4	intra_ayah:8:45:root:10
co-8_45-02472	8:45	w-s008-a045-w003	w-s008-a045-w012	ء م ن	ف ل ح	9	7	7	1	14	16	intra_ayah:8:45:root:11
co-8_45-02473	8:45	w-s008-a045-w003	w-s008-a045-w010	ء م ن	ك ث ر	7	6	6	1	41	47	intra_ayah:8:45:root:12
co-8_45-02474	8:45	w-s008-a045-w003	w-s008-a045-w005	ء م ن	ل ق ي	2	1	1	1	20	26	intra_ayah:8:45:root:13
co-8_45-02475	8:45	w-s008-a045-w007	w-s008-a045-w008	ث ب ت	ذ ك ر	1	1	1	1	2	2	intra_ayah:8:45:root:14
co-8_45-02476	8:45	w-s008-a045-w007	w-s008-a045-w006	ث ب ت	ف ء ي	1	1	1	1	1	1	intra_ayah:8:45:root:15
co-8_45-02477	8:45	w-s008-a045-w007	w-s008-a045-w012	ث ب ت	ف ل ح	5	4	4	1	1	1	intra_ayah:8:45:root:16
co-8_45-02478	8:45	w-s008-a045-w007	w-s008-a045-w010	ث ب ت	ك ث ر	3	3	3	1	1	1	intra_ayah:8:45:root:17
co-8_45-02479	8:45	w-s008-a045-w007	w-s008-a045-w005	ث ب ت	ل ق ي	2	2	2	1	2	2	intra_ayah:8:45:root:18
co-8_45-02480	8:45	w-s008-a045-w008	w-s008-a045-w006	ذ ك ر	ف ء ي	2	2	2	1	1	1	intra_ayah:8:45:root:19
co-8_45-02481	8:45	w-s008-a045-w009	w-s008-a045-w007	ء ل ه	ث ب ت	2	2	2	1	8	15	intra_ayah:8:45:root:2
co-8_45-02482	8:45	w-s008-a045-w008	w-s008-a045-w012	ذ ك ر	ف ل ح	4	3	3	1	3	5	intra_ayah:8:45:root:20
co-8_45-02483	8:45	w-s008-a045-w008	w-s008-a045-w010	ذ ك ر	ك ث ر	2	2	2	1	15	18	intra_ayah:8:45:root:21
co-8_45-02484	8:45	w-s008-a045-w008	w-s008-a045-w005	ذ ك ر	ل ق ي	3	3	3	1	4	4	intra_ayah:8:45:root:22
co-8_45-02485	8:45	w-s008-a045-w006	w-s008-a045-w012	ف ء ي	ف ل ح	6	5	5	1	1	1	intra_ayah:8:45:root:23
co-8_45-02486	8:45	w-s008-a045-w006	w-s008-a045-w010	ف ء ي	ك ث ر	4	4	4	1	3	4	intra_ayah:8:45:root:24
co-8_45-02487	8:45	w-s008-a045-w006	w-s008-a045-w005	ف ء ي	ل ق ي	1	1	1	1	3	5	intra_ayah:8:45:root:25
co-8_45-02488	8:45	w-s008-a045-w012	w-s008-a045-w010	ف ل ح	ك ث ر	2	1	1	1	3	3	intra_ayah:8:45:root:26
co-8_45-02489	8:45	w-s008-a045-w012	w-s008-a045-w005	ف ل ح	ل ق ي	7	6	6	1	2	2	intra_ayah:8:45:root:27
co-8_45-02490	8:45	w-s008-a045-w010	w-s008-a045-w005	ك ث ر	ل ق ي	5	5	5	1	6	6	intra_ayah:8:45:root:28
co-8_45-02491	8:45	w-s008-a045-w009	w-s008-a045-w008	ء ل ه	ذ ك ر	1	1	1	1	91	166	intra_ayah:8:45:root:3
co-8_45-02492	8:45	w-s008-a045-w009	w-s008-a045-w006	ء ل ه	ف ء ي	3	3	3	1	9	22	intra_ayah:8:45:root:4
co-8_45-02493	8:45	w-s008-a045-w009	w-s008-a045-w012	ء ل ه	ف ل ح	3	2	2	1	20	28	intra_ayah:8:45:root:5
co-8_45-02494	8:45	w-s008-a045-w009	w-s008-a045-w010	ء ل ه	ك ث ر	1	1	1	1	83	142	intra_ayah:8:45:root:6
co-8_45-02495	8:45	w-s008-a045-w009	w-s008-a045-w005	ء ل ه	ل ق ي	4	4	4	1	39	72	intra_ayah:8:45:root:7
co-8_45-02496	8:45	w-s008-a045-w003	w-s008-a045-w007	ء م ن	ث ب ت	4	3	3	1	7	8	intra_ayah:8:45:root:8
co-8_45-02497	8:45	w-s008-a045-w003	w-s008-a045-w008	ء م ن	ذ ك ر	5	4	4	1	32	46	intra_ayah:8:45:root:9
co-8_46-02498	8:46	w-s008-a046-w002	w-s008-a046-w007	ء ل ه	ذ ه ب	5	3	4	2	23	38	intra_ayah:8:46:root:1
co-8_46-02499	8:46	w-s008-a046-w011	w-s008-a046-w007	ء ل ه	ذ ه ب	4	3	4	2	23	38	intra_ayah:8:46:root:1
co-8_46-02500	8:46	w-s008-a046-w007	w-s008-a046-w009	ذ ه ب	ص ب ر	2	2	4	2	1	2	intra_ayah:8:46:root:10
co-8_46-02501	8:46	w-s008-a046-w007	w-s008-a046-w013	ذ ه ب	ص ب ر	6	2	4	2	1	2	intra_ayah:8:46:root:10
co-8_46-02502	8:46	w-s008-a046-w007	w-s008-a046-w001	ذ ه ب	ط و ع	6	5	5	1	2	2	intra_ayah:8:46:root:11
co-8_46-02503	8:46	w-s008-a046-w007	w-s008-a046-w006	ذ ه ب	ف ش ل	1	1	1	1	1	1	intra_ayah:8:46:root:12
co-8_46-02504	8:46	w-s008-a046-w007	w-s008-a046-w005	ذ ه ب	ن ز ع	2	2	2	1	1	1	intra_ayah:8:46:root:13
co-8_46-02505	8:46	w-s008-a046-w003	w-s008-a046-w008	ر س ل	ر و ح	5	4	4	1	19	21	intra_ayah:8:46:root:14
co-8_46-02506	8:46	w-s008-a046-w003	w-s008-a046-w009	ر س ل	ص ب ر	6	5	7	2	7	11	intra_ayah:8:46:root:15
co-8_46-02507	8:46	w-s008-a046-w003	w-s008-a046-w013	ر س ل	ص ب ر	10	5	7	2	7	11	intra_ayah:8:46:root:15
co-8_46-02508	8:46	w-s008-a046-w003	w-s008-a046-w001	ر س ل	ط و ع	2	2	2	1	28	52	intra_ayah:8:46:root:16
co-8_46-02509	8:46	w-s008-a046-w003	w-s008-a046-w006	ر س ل	ف ش ل	3	2	2	1	1	1	intra_ayah:8:46:root:17
co-8_46-02510	8:46	w-s008-a046-w003	w-s008-a046-w005	ر س ل	ن ز ع	2	1	1	1	3	4	intra_ayah:8:46:root:18
co-8_46-02511	8:46	w-s008-a046-w008	w-s008-a046-w009	ر و ح	ص ب ر	1	1	3	2	2	3	intra_ayah:8:46:root:19
co-8_46-02512	8:46	w-s008-a046-w008	w-s008-a046-w013	ر و ح	ص ب ر	5	1	3	2	2	3	intra_ayah:8:46:root:19
co-8_46-02513	8:46	w-s008-a046-w002	w-s008-a046-w003	ء ل ه	ر س ل	1	1	6	2	211	488	intra_ayah:8:46:root:2
co-8_46-02514	8:46	w-s008-a046-w011	w-s008-a046-w003	ء ل ه	ر س ل	8	1	6	2	211	488	intra_ayah:8:46:root:2
co-8_46-02515	8:46	w-s008-a046-w008	w-s008-a046-w001	ر و ح	ط و ع	7	6	6	1	1	1	intra_ayah:8:46:root:20
co-8_46-02516	8:46	w-s008-a046-w008	w-s008-a046-w006	ر و ح	ف ش ل	2	2	2	1	1	1	intra_ayah:8:46:root:21
co-8_46-02517	8:46	w-s008-a046-w008	w-s008-a046-w005	ر و ح	ن ز ع	3	3	3	1	1	1	intra_ayah:8:46:root:22
co-8_46-02518	8:46	w-s008-a046-w009	w-s008-a046-w001	ص ب ر	ط و ع	8	7	9	2	9	10	intra_ayah:8:46:root:23
co-8_46-02519	8:46	w-s008-a046-w013	w-s008-a046-w001	ص ب ر	ط و ع	12	7	9	2	9	10	intra_ayah:8:46:root:23
co-8_46-02520	8:46	w-s008-a046-w009	w-s008-a046-w006	ص ب ر	ف ش ل	3	3	5	2	1	2	intra_ayah:8:46:root:24
co-8_46-02521	8:46	w-s008-a046-w013	w-s008-a046-w006	ص ب ر	ف ش ل	7	3	5	2	1	2	intra_ayah:8:46:root:24
co-8_46-02522	8:46	w-s008-a046-w009	w-s008-a046-w005	ص ب ر	ن ز ع	4	4	6	2	1	2	intra_ayah:8:46:root:25
co-8_46-02523	8:46	w-s008-a046-w013	w-s008-a046-w005	ص ب ر	ن ز ع	8	4	6	2	1	2	intra_ayah:8:46:root:25
co-8_46-02524	8:46	w-s008-a046-w001	w-s008-a046-w006	ط و ع	ف ش ل	5	4	4	1	1	1	intra_ayah:8:46:root:26
co-8_46-02525	8:46	w-s008-a046-w001	w-s008-a046-w005	ط و ع	ن ز ع	4	3	3	1	2	3	intra_ayah:8:46:root:27
co-8_46-02526	8:46	w-s008-a046-w006	w-s008-a046-w005	ف ش ل	ن ز ع	1	1	1	1	3	3	intra_ayah:8:46:root:28
co-8_46-02527	8:46	w-s008-a046-w002	w-s008-a046-w008	ء ل ه	ر و ح	6	2	5	2	17	38	intra_ayah:8:46:root:3
co-8_46-02528	8:46	w-s008-a046-w011	w-s008-a046-w008	ء ل ه	ر و ح	3	2	5	2	17	38	intra_ayah:8:46:root:3
co-8_46-02529	8:46	w-s008-a046-w002	w-s008-a046-w009	ء ل ه	ص ب ر	7	1	8	4	37	62	intra_ayah:8:46:root:4
co-8_46-02530	8:46	w-s008-a046-w002	w-s008-a046-w013	ء ل ه	ص ب ر	11	1	8	4	37	62	intra_ayah:8:46:root:4
co-8_46-02531	8:46	w-s008-a046-w011	w-s008-a046-w009	ء ل ه	ص ب ر	2	1	8	4	37	62	intra_ayah:8:46:root:4
co-8_46-02532	8:46	w-s008-a046-w011	w-s008-a046-w013	ء ل ه	ص ب ر	2	1	8	4	37	62	intra_ayah:8:46:root:4
co-8_46-02533	8:46	w-s008-a046-w002	w-s008-a046-w001	ء ل ه	ط و ع	1	1	8	2	72	125	intra_ayah:8:46:root:5
co-8_46-02534	8:46	w-s008-a046-w011	w-s008-a046-w001	ء ل ه	ط و ع	10	1	8	2	72	125	intra_ayah:8:46:root:5
co-8_46-02535	8:46	w-s008-a046-w002	w-s008-a046-w006	ء ل ه	ف ش ل	4	3	4	2	4	8	intra_ayah:8:46:root:6
co-8_46-02536	8:46	w-s008-a046-w011	w-s008-a046-w006	ء ل ه	ف ش ل	5	3	4	2	4	8	intra_ayah:8:46:root:6
co-8_46-02537	8:46	w-s008-a046-w002	w-s008-a046-w005	ء ل ه	ن ز ع	3	2	5	2	8	14	intra_ayah:8:46:root:7
co-8_46-02538	8:46	w-s008-a046-w011	w-s008-a046-w005	ء ل ه	ن ز ع	6	2	5	2	8	14	intra_ayah:8:46:root:7
co-8_46-02539	8:46	w-s008-a046-w007	w-s008-a046-w003	ذ ه ب	ر س ل	4	3	3	1	3	4	intra_ayah:8:46:root:8
co-8_46-02540	8:46	w-s008-a046-w007	w-s008-a046-w008	ذ ه ب	ر و ح	1	1	1	1	2	3	intra_ayah:8:46:root:9
co-8_47-02541	8:47	w-s008-a047-w013	w-s008-a047-w007	ء ل ه	ب ط ر	6	5	6	2	1	2	intra_ayah:8:47:root:1
co-8_47-02542	8:47	w-s008-a047-w014	w-s008-a047-w007	ء ل ه	ب ط ر	7	5	6	2	1	2	intra_ayah:8:47:root:1
co-8_47-02543	8:47	w-s008-a047-w013	w-s008-a047-w009	ء ل ه	ن و س	4	3	4	2	129	252	intra_ayah:8:47:root:10
co-8_47-02544	8:47	w-s008-a047-w014	w-s008-a047-w009	ء ل ه	ن و س	5	3	4	2	129	252	intra_ayah:8:47:root:10
co-8_47-02545	8:47	w-s008-a047-w007	w-s008-a047-w017	ب ط ر	ح و ط	10	8	8	1	1	1	intra_ayah:8:47:root:11
co-8_47-02546	8:47	w-s008-a047-w007	w-s008-a047-w004	ب ط ر	خ ر ج	3	2	2	1	1	1	intra_ayah:8:47:root:12
co-8_47-02547	8:47	w-s008-a047-w007	w-s008-a047-w006	ب ط ر	د و ر	1	1	1	1	1	1	intra_ayah:8:47:root:13
co-8_47-02548	8:47	w-s008-a047-w007	w-s008-a047-w008	ب ط ر	ر ء ي	1	1	1	1	1	1	intra_ayah:8:47:root:14
co-8_47-02549	8:47	w-s008-a047-w007	w-s008-a047-w012	ب ط ر	س ب ل	5	4	4	1	1	1	intra_ayah:8:47:root:15
co-8_47-02550	8:47	w-s008-a047-w007	w-s008-a047-w010	ب ط ر	ص د د	3	3	3	1	1	1	intra_ayah:8:47:root:16
co-8_47-02551	8:47	w-s008-a047-w007	w-s008-a047-w016	ب ط ر	ع م ل	9	7	7	1	1	1	intra_ayah:8:47:root:17
co-8_47-02552	8:47	w-s008-a047-w007	w-s008-a047-w002	ب ط ر	ك و ن	5	3	3	1	2	2	intra_ayah:8:47:root:18
co-8_47-02553	8:47	w-s008-a047-w007	w-s008-a047-w009	ب ط ر	ن و س	2	2	2	1	1	1	intra_ayah:8:47:root:19
co-8_47-02554	8:47	w-s008-a047-w013	w-s008-a047-w017	ء ل ه	ح و ط	4	2	3	2	13	22	intra_ayah:8:47:root:2
co-8_47-02555	8:47	w-s008-a047-w014	w-s008-a047-w017	ء ل ه	ح و ط	3	2	3	2	13	22	intra_ayah:8:47:root:2
co-8_47-02556	8:47	w-s008-a047-w017	w-s008-a047-w004	ح و ط	خ ر ج	13	10	10	1	1	1	intra_ayah:8:47:root:20
co-8_47-02557	8:47	w-s008-a047-w017	w-s008-a047-w006	ح و ط	د و ر	11	9	9	1	1	1	intra_ayah:8:47:root:21
co-8_47-02558	8:47	w-s008-a047-w017	w-s008-a047-w008	ح و ط	ر ء ي	9	7	7	1	3	4	intra_ayah:8:47:root:22
co-8_47-02559	8:47	w-s008-a047-w017	w-s008-a047-w012	ح و ط	س ب ل	5	4	4	1	1	1	intra_ayah:8:47:root:23
co-8_47-02560	8:47	w-s008-a047-w017	w-s008-a047-w010	ح و ط	ص د د	7	5	5	1	1	1	intra_ayah:8:47:root:24
co-8_47-02561	8:47	w-s008-a047-w017	w-s008-a047-w016	ح و ط	ع م ل	1	1	1	1	5	5	intra_ayah:8:47:root:25
co-8_47-02562	8:47	w-s008-a047-w017	w-s008-a047-w002	ح و ط	ك و ن	15	11	11	1	7	9	intra_ayah:8:47:root:26
co-8_47-02563	8:47	w-s008-a047-w017	w-s008-a047-w009	ح و ط	ن و س	8	6	6	1	3	4	intra_ayah:8:47:root:27
co-8_47-02564	8:47	w-s008-a047-w004	w-s008-a047-w006	خ ر ج	د و ر	2	1	1	1	12	15	intra_ayah:8:47:root:28
co-8_47-02565	8:47	w-s008-a047-w004	w-s008-a047-w008	خ ر ج	ر ء ي	4	3	3	1	20	25	intra_ayah:8:47:root:29
co-8_47-02566	8:47	w-s008-a047-w013	w-s008-a047-w004	ء ل ه	خ ر ج	9	7	8	2	66	121	intra_ayah:8:47:root:3
co-8_47-02567	8:47	w-s008-a047-w014	w-s008-a047-w004	ء ل ه	خ ر ج	10	7	8	2	66	121	intra_ayah:8:47:root:3
co-8_47-02568	8:47	w-s008-a047-w004	w-s008-a047-w012	خ ر ج	س ب ل	8	6	6	1	11	15	intra_ayah:8:47:root:30
co-8_47-02569	8:47	w-s008-a047-w004	w-s008-a047-w010	خ ر ج	ص د د	6	5	5	1	2	2	intra_ayah:8:47:root:31
co-8_47-02570	8:47	w-s008-a047-w004	w-s008-a047-w016	خ ر ج	ع م ل	12	9	9	1	13	17	intra_ayah:8:47:root:32
co-8_47-02571	8:47	w-s008-a047-w004	w-s008-a047-w002	خ ر ج	ك و ن	2	1	1	1	36	44	intra_ayah:8:47:root:33
co-8_47-02572	8:47	w-s008-a047-w004	w-s008-a047-w009	خ ر ج	ن و س	5	4	4	1	11	12	intra_ayah:8:47:root:34
co-8_47-02573	8:47	w-s008-a047-w006	w-s008-a047-w008	د و ر	ر ء ي	2	2	2	1	7	7	intra_ayah:8:47:root:35
co-8_47-02574	8:47	w-s008-a047-w006	w-s008-a047-w012	د و ر	س ب ل	6	5	5	1	3	4	intra_ayah:8:47:root:36
co-8_47-02575	8:47	w-s008-a047-w006	w-s008-a047-w010	د و ر	ص د د	4	4	4	1	1	1	intra_ayah:8:47:root:37
co-8_47-02576	8:47	w-s008-a047-w006	w-s008-a047-w016	د و ر	ع م ل	10	8	8	1	6	8	intra_ayah:8:47:root:38
co-8_47-02577	8:47	w-s008-a047-w006	w-s008-a047-w002	د و ر	ك و ن	4	2	2	1	16	21	intra_ayah:8:47:root:39
co-8_47-02578	8:47	w-s008-a047-w013	w-s008-a047-w006	ء ل ه	د و ر	7	6	7	2	27	54	intra_ayah:8:47:root:4
co-8_47-02579	8:47	w-s008-a047-w014	w-s008-a047-w006	ء ل ه	د و ر	8	6	7	2	27	54	intra_ayah:8:47:root:4
co-8_47-02580	8:47	w-s008-a047-w006	w-s008-a047-w009	د و ر	ن و س	3	3	3	1	5	6	intra_ayah:8:47:root:40
co-8_47-02581	8:47	w-s008-a047-w008	w-s008-a047-w012	ر ء ي	س ب ل	4	3	3	1	12	27	intra_ayah:8:47:root:41
co-8_47-02582	8:47	w-s008-a047-w008	w-s008-a047-w010	ر ء ي	ص د د	2	2	2	1	3	4	intra_ayah:8:47:root:42
co-8_47-02583	8:47	w-s008-a047-w008	w-s008-a047-w016	ر ء ي	ع م ل	8	6	6	1	24	29	intra_ayah:8:47:root:43
co-8_47-02584	8:47	w-s008-a047-w008	w-s008-a047-w002	ر ء ي	ك و ن	6	4	4	1	57	69	intra_ayah:8:47:root:44
co-8_47-02585	8:47	w-s008-a047-w008	w-s008-a047-w009	ر ء ي	ن و س	1	1	1	1	19	27	intra_ayah:8:47:root:45
co-8_47-02586	8:47	w-s008-a047-w012	w-s008-a047-w010	س ب ل	ص د د	2	1	1	1	25	26	intra_ayah:8:47:root:46
co-8_47-02587	8:47	w-s008-a047-w012	w-s008-a047-w016	س ب ل	ع م ل	4	3	3	1	19	21	intra_ayah:8:47:root:47
co-8_47-02588	8:47	w-s008-a047-w012	w-s008-a047-w002	س ب ل	ك و ن	10	7	7	1	41	52	intra_ayah:8:47:root:48
co-8_47-02589	8:47	w-s008-a047-w012	w-s008-a047-w009	س ب ل	ن و س	3	2	2	1	9	11	intra_ayah:8:47:root:49
co-8_47-02590	8:47	w-s008-a047-w013	w-s008-a047-w008	ء ل ه	ر ء ي	5	4	5	2	121	204	intra_ayah:8:47:root:5
co-8_47-02591	8:47	w-s008-a047-w014	w-s008-a047-w008	ء ل ه	ر ء ي	6	4	5	2	121	204	intra_ayah:8:47:root:5
co-8_47-02592	8:47	w-s008-a047-w010	w-s008-a047-w016	ص د د	ع م ل	6	4	4	1	10	10	intra_ayah:8:47:root:50
co-8_47-02593	8:47	w-s008-a047-w010	w-s008-a047-w002	ص د د	ك و ن	8	6	6	1	13	15	intra_ayah:8:47:root:51
co-8_47-02594	8:47	w-s008-a047-w010	w-s008-a047-w009	ص د د	ن و س	1	1	1	1	3	3	intra_ayah:8:47:root:52
co-8_47-02595	8:47	w-s008-a047-w016	w-s008-a047-w002	ع م ل	ك و ن	14	10	10	1	110	151	intra_ayah:8:47:root:53
co-8_47-02596	8:47	w-s008-a047-w016	w-s008-a047-w009	ع م ل	ن و س	7	5	5	1	8	8	intra_ayah:8:47:root:54
co-8_47-02597	8:47	w-s008-a047-w002	w-s008-a047-w009	ك و ن	ن و س	7	5	5	1	52	81	intra_ayah:8:47:root:55
co-8_47-02598	8:47	w-s008-a047-w013	w-s008-a047-w012	ء ل ه	س ب ل	1	1	2	2	112	220	intra_ayah:8:47:root:6
co-8_47-02599	8:47	w-s008-a047-w014	w-s008-a047-w012	ء ل ه	س ب ل	2	1	2	2	112	220	intra_ayah:8:47:root:6
co-8_47-02600	8:47	w-s008-a047-w013	w-s008-a047-w010	ء ل ه	ص د د	3	2	3	2	32	42	intra_ayah:8:47:root:7
co-8_47-02601	8:47	w-s008-a047-w014	w-s008-a047-w010	ء ل ه	ص د د	4	2	3	2	32	42	intra_ayah:8:47:root:7
co-8_47-02602	8:47	w-s008-a047-w013	w-s008-a047-w016	ء ل ه	ع م ل	3	1	2	2	141	249	intra_ayah:8:47:root:8
co-8_47-02603	8:47	w-s008-a047-w014	w-s008-a047-w016	ء ل ه	ع م ل	2	1	2	2	141	249	intra_ayah:8:47:root:8
co-8_47-02604	8:47	w-s008-a047-w013	w-s008-a047-w002	ء ل ه	ك و ن	11	8	9	2	441	974	intra_ayah:8:47:root:9
co-8_47-02605	8:47	w-s008-a047-w014	w-s008-a047-w002	ء ل ه	ك و ن	12	8	9	2	441	974	intra_ayah:8:47:root:9
co-8_48-02606	8:48	w-s008-a048-w033	w-s008-a048-w024	ء ل ه	ب ر ء	9	4	5	2	14	26	intra_ayah:8:48:root:1
co-8_48-02607	8:48	w-s008-a048-w034	w-s008-a048-w024	ء ل ه	ب ر ء	10	4	5	2	14	26	intra_ayah:8:48:root:1
co-8_48-02608	8:48	w-s008-a048-w033	w-s008-a048-w008	ء ل ه	غ ل ب	25	13	14	2	11	25	intra_ayah:8:48:root:10
co-8_48-02609	8:48	w-s008-a048-w034	w-s008-a048-w008	ء ل ه	غ ل ب	26	13	14	2	11	25	intra_ayah:8:48:root:10
co-8_48-02610	8:48	w-s008-a048-w005	w-s008-a048-w008	ع م ل	غ ل ب	3	2	2	1	1	1	intra_ayah:8:48:root:100
co-8_48-02611	8:48	w-s008-a048-w005	w-s008-a048-w018	ع م ل	ف ء ي	13	7	7	1	1	1	intra_ayah:8:48:root:101
co-8_48-02612	8:48	w-s008-a048-w005	w-s008-a048-w006	ع م ل	ق و ل	1	1	10	2	72	98	intra_ayah:8:48:root:102
co-8_48-02613	8:48	w-s008-a048-w005	w-s008-a048-w022	ع م ل	ق و ل	17	1	10	2	72	98	intra_ayah:8:48:root:102
co-8_48-02614	8:48	w-s008-a048-w005	w-s008-a048-w019	ع م ل	ن ك ص	14	8	8	1	1	1	intra_ayah:8:48:root:103
co-8_48-02615	8:48	w-s008-a048-w005	w-s008-a048-w012	ع م ل	ن و س	7	4	4	1	8	8	intra_ayah:8:48:root:104
co-8_48-02616	8:48	w-s008-a048-w005	w-s008-a048-w010	ع م ل	ي و م	5	3	3	1	28	33	intra_ayah:8:48:root:105
co-8_48-02617	8:48	w-s008-a048-w008	w-s008-a048-w018	غ ل ب	ف ء ي	10	5	5	1	2	3	intra_ayah:8:48:root:106
co-8_48-02618	8:48	w-s008-a048-w008	w-s008-a048-w006	غ ل ب	ق و ل	2	1	8	2	12	16	intra_ayah:8:48:root:107
co-8_48-02619	8:48	w-s008-a048-w008	w-s008-a048-w022	غ ل ب	ق و ل	14	1	8	2	12	16	intra_ayah:8:48:root:107
co-8_48-02620	8:48	w-s008-a048-w008	w-s008-a048-w019	غ ل ب	ن ك ص	11	6	6	1	1	1	intra_ayah:8:48:root:108
co-8_48-02621	8:48	w-s008-a048-w008	w-s008-a048-w012	غ ل ب	ن و س	4	2	2	1	2	2	intra_ayah:8:48:root:109
co-8_48-02622	8:48	w-s008-a048-w033	w-s008-a048-w018	ء ل ه	ف ء ي	15	8	9	2	9	22	intra_ayah:8:48:root:11
co-8_48-02623	8:48	w-s008-a048-w034	w-s008-a048-w018	ء ل ه	ف ء ي	16	8	9	2	9	22	intra_ayah:8:48:root:11
co-8_48-02624	8:48	w-s008-a048-w008	w-s008-a048-w010	غ ل ب	ي و م	2	1	1	1	2	2	intra_ayah:8:48:root:110
co-8_48-02625	8:48	w-s008-a048-w018	w-s008-a048-w006	ف ء ي	ق و ل	12	3	6	2	2	8	intra_ayah:8:48:root:111
co-8_48-02626	8:48	w-s008-a048-w018	w-s008-a048-w022	ف ء ي	ق و ل	4	3	6	2	2	8	intra_ayah:8:48:root:111
co-8_48-02627	8:48	w-s008-a048-w018	w-s008-a048-w019	ف ء ي	ن ك ص	1	1	1	1	1	1	intra_ayah:8:48:root:112
co-8_48-02628	8:48	w-s008-a048-w018	w-s008-a048-w012	ف ء ي	ن و س	6	3	3	1	1	1	intra_ayah:8:48:root:113
co-8_48-02629	8:48	w-s008-a048-w018	w-s008-a048-w010	ف ء ي	ي و م	8	4	4	1	2	3	intra_ayah:8:48:root:114
co-8_48-02630	8:48	w-s008-a048-w006	w-s008-a048-w019	ق و ل	ن ك ص	13	2	7	2	1	2	intra_ayah:8:48:root:115
co-8_48-02631	8:48	w-s008-a048-w022	w-s008-a048-w019	ق و ل	ن ك ص	3	2	7	2	1	2	intra_ayah:8:48:root:115
co-8_48-02632	8:48	w-s008-a048-w006	w-s008-a048-w012	ق و ل	ن و س	6	3	6	2	57	90	intra_ayah:8:48:root:116
co-8_48-02633	8:48	w-s008-a048-w022	w-s008-a048-w012	ق و ل	ن و س	10	3	6	2	57	90	intra_ayah:8:48:root:116
co-8_48-02634	8:48	w-s008-a048-w006	w-s008-a048-w010	ق و ل	ي و م	4	2	7	2	94	148	intra_ayah:8:48:root:117
co-8_48-02635	8:48	w-s008-a048-w022	w-s008-a048-w010	ق و ل	ي و م	12	2	7	2	94	148	intra_ayah:8:48:root:117
co-8_48-02636	8:48	w-s008-a048-w019	w-s008-a048-w012	ن ك ص	ن و س	7	4	4	1	1	1	intra_ayah:8:48:root:118
co-8_48-02637	8:48	w-s008-a048-w019	w-s008-a048-w010	ن ك ص	ي و م	9	5	5	1	1	1	intra_ayah:8:48:root:119
co-8_48-02638	8:48	w-s008-a048-w033	w-s008-a048-w006	ء ل ه	ق و ل	27	5	15	4	514	1188	intra_ayah:8:48:root:12
co-8_48-02639	8:48	w-s008-a048-w033	w-s008-a048-w022	ء ل ه	ق و ل	11	5	15	4	514	1188	intra_ayah:8:48:root:12
co-8_48-02640	8:48	w-s008-a048-w034	w-s008-a048-w006	ء ل ه	ق و ل	28	5	15	4	514	1188	intra_ayah:8:48:root:12
co-8_48-02641	8:48	w-s008-a048-w034	w-s008-a048-w022	ء ل ه	ق و ل	12	5	15	4	514	1188	intra_ayah:8:48:root:12
co-8_48-02642	8:48	w-s008-a048-w012	w-s008-a048-w010	ن و س	ي و م	2	1	1	1	21	23	intra_ayah:8:48:root:120
co-8_48-02643	8:48	w-s008-a048-w033	w-s008-a048-w019	ء ل ه	ن ك ص	14	7	8	2	1	2	intra_ayah:8:48:root:13
co-8_48-02644	8:48	w-s008-a048-w034	w-s008-a048-w019	ء ل ه	ن ك ص	15	7	8	2	1	2	intra_ayah:8:48:root:13
co-8_48-02645	8:48	w-s008-a048-w033	w-s008-a048-w012	ء ل ه	ن و س	21	11	12	2	129	252	intra_ayah:8:48:root:14
co-8_48-02646	8:48	w-s008-a048-w034	w-s008-a048-w012	ء ل ه	ن و س	22	11	12	2	129	252	intra_ayah:8:48:root:14
co-8_48-02647	8:48	w-s008-a048-w033	w-s008-a048-w010	ء ل ه	ي و م	23	12	13	2	125	226	intra_ayah:8:48:root:15
co-8_48-02648	8:48	w-s008-a048-w034	w-s008-a048-w010	ء ل ه	ي و م	24	12	13	2	125	226	intra_ayah:8:48:root:15
co-8_48-02649	8:48	w-s008-a048-w024	w-s008-a048-w014	ب ر ء	ج و ر	10	6	6	1	1	1	intra_ayah:8:48:root:16
co-8_48-02650	8:48	w-s008-a048-w024	w-s008-a048-w032	ب ر ء	خ و ف	8	3	3	1	2	2	intra_ayah:8:48:root:17
co-8_48-02651	8:48	w-s008-a048-w024	w-s008-a048-w017	ب ر ء	ر ء ي	7	1	5	3	4	7	intra_ayah:8:48:root:18
co-8_48-02652	8:48	w-s008-a048-w024	w-s008-a048-w027	ب ر ء	ر ء ي	3	1	5	3	4	7	intra_ayah:8:48:root:18
co-8_48-02653	8:48	w-s008-a048-w024	w-s008-a048-w030	ب ر ء	ر ء ي	6	1	5	3	4	7	intra_ayah:8:48:root:18
co-8_48-02654	8:48	w-s008-a048-w024	w-s008-a048-w002	ب ر ء	ز ي ن	22	13	13	1	1	1	intra_ayah:8:48:root:19
co-8_48-02655	8:48	w-s008-a048-w033	w-s008-a048-w014	ء ل ه	ج و ر	19	10	11	2	7	12	intra_ayah:8:48:root:2
co-8_48-02656	8:48	w-s008-a048-w034	w-s008-a048-w014	ء ل ه	ج و ر	20	10	11	2	7	12	intra_ayah:8:48:root:2
co-8_48-02657	8:48	w-s008-a048-w024	w-s008-a048-w035	ب ر ء	ش د د	11	6	6	1	1	1	intra_ayah:8:48:root:20
co-8_48-02658	8:48	w-s008-a048-w024	w-s008-a048-w004	ب ر ء	ش ط ن	20	12	12	1	2	2	intra_ayah:8:48:root:21
co-8_48-02659	8:48	w-s008-a048-w024	w-s008-a048-w021	ب ر ء	ع ق ب	3	2	7	2	1	2	intra_ayah:8:48:root:22
co-8_48-02660	8:48	w-s008-a048-w024	w-s008-a048-w036	ب ر ء	ع ق ب	12	2	7	2	1	2	intra_ayah:8:48:root:22
co-8_48-02661	8:48	w-s008-a048-w024	w-s008-a048-w005	ب ر ء	ع م ل	19	11	11	1	5	13	intra_ayah:8:48:root:23
co-8_48-02662	8:48	w-s008-a048-w024	w-s008-a048-w008	ب ر ء	غ ل ب	16	9	9	1	1	1	intra_ayah:8:48:root:24
co-8_48-02663	8:48	w-s008-a048-w024	w-s008-a048-w018	ب ر ء	ف ء ي	6	4	4	1	1	1	intra_ayah:8:48:root:25
co-8_48-02664	8:48	w-s008-a048-w024	w-s008-a048-w006	ب ر ء	ق و ل	18	1	10	2	16	30	intra_ayah:8:48:root:26
co-8_48-02665	8:48	w-s008-a048-w024	w-s008-a048-w022	ب ر ء	ق و ل	2	1	10	2	16	30	intra_ayah:8:48:root:26
co-8_48-02666	8:48	w-s008-a048-w024	w-s008-a048-w019	ب ر ء	ن ك ص	5	3	3	1	1	1	intra_ayah:8:48:root:27
co-8_48-02667	8:48	w-s008-a048-w024	w-s008-a048-w012	ب ر ء	ن و س	12	7	7	1	3	3	intra_ayah:8:48:root:28
co-8_48-02668	8:48	w-s008-a048-w024	w-s008-a048-w010	ب ر ء	ي و م	14	8	8	1	2	2	intra_ayah:8:48:root:29
co-8_48-02669	8:48	w-s008-a048-w033	w-s008-a048-w032	ء ل ه	خ و ف	1	1	2	2	44	72	intra_ayah:8:48:root:3
co-8_48-02670	8:48	w-s008-a048-w034	w-s008-a048-w032	ء ل ه	خ و ف	2	1	2	2	44	72	intra_ayah:8:48:root:3
co-8_48-02671	8:48	w-s008-a048-w014	w-s008-a048-w032	ج و ر	خ و ف	18	9	9	1	1	1	intra_ayah:8:48:root:30
co-8_48-02672	8:48	w-s008-a048-w014	w-s008-a048-w017	ج و ر	ر ء ي	3	1	8	3	2	4	intra_ayah:8:48:root:31
co-8_48-02673	8:48	w-s008-a048-w014	w-s008-a048-w027	ج و ر	ر ء ي	13	1	8	3	2	4	intra_ayah:8:48:root:31
co-8_48-02674	8:48	w-s008-a048-w014	w-s008-a048-w030	ج و ر	ر ء ي	16	1	8	3	2	4	intra_ayah:8:48:root:31
co-8_48-02675	8:48	w-s008-a048-w014	w-s008-a048-w002	ج و ر	ز ي ن	12	7	7	1	1	1	intra_ayah:8:48:root:32
co-8_48-02676	8:48	w-s008-a048-w014	w-s008-a048-w035	ج و ر	ش د د	21	12	12	1	1	1	intra_ayah:8:48:root:33
co-8_48-02677	8:48	w-s008-a048-w014	w-s008-a048-w004	ج و ر	ش ط ن	10	6	6	1	1	1	intra_ayah:8:48:root:34
co-8_48-02678	8:48	w-s008-a048-w014	w-s008-a048-w021	ج و ر	ع ق ب	7	4	13	2	1	2	intra_ayah:8:48:root:35
co-8_48-02679	8:48	w-s008-a048-w014	w-s008-a048-w036	ج و ر	ع ق ب	22	4	13	2	1	2	intra_ayah:8:48:root:35
co-8_48-02680	8:48	w-s008-a048-w014	w-s008-a048-w005	ج و ر	ع م ل	9	5	5	1	1	1	intra_ayah:8:48:root:36
co-8_48-02681	8:48	w-s008-a048-w014	w-s008-a048-w008	ج و ر	غ ل ب	6	3	3	1	1	1	intra_ayah:8:48:root:37
co-8_48-02682	8:48	w-s008-a048-w014	w-s008-a048-w018	ج و ر	ف ء ي	4	2	2	1	1	1	intra_ayah:8:48:root:38
co-8_48-02683	8:48	w-s008-a048-w014	w-s008-a048-w006	ج و ر	ق و ل	8	4	5	2	4	6	intra_ayah:8:48:root:39
co-8_48-02684	8:48	w-s008-a048-w014	w-s008-a048-w022	ج و ر	ق و ل	8	4	5	2	4	6	intra_ayah:8:48:root:39
co-8_48-02685	8:48	w-s008-a048-w033	w-s008-a048-w017	ء ل ه	ر ء ي	16	2	10	6	121	204	intra_ayah:8:48:root:4
co-8_48-02686	8:48	w-s008-a048-w033	w-s008-a048-w027	ء ل ه	ر ء ي	6	2	10	6	121	204	intra_ayah:8:48:root:4
co-8_48-02687	8:48	w-s008-a048-w033	w-s008-a048-w030	ء ل ه	ر ء ي	3	2	10	6	121	204	intra_ayah:8:48:root:4
co-8_48-02688	8:48	w-s008-a048-w034	w-s008-a048-w017	ء ل ه	ر ء ي	17	2	10	6	121	204	intra_ayah:8:48:root:4
co-8_48-02689	8:48	w-s008-a048-w034	w-s008-a048-w027	ء ل ه	ر ء ي	7	2	10	6	121	204	intra_ayah:8:48:root:4
co-8_48-02690	8:48	w-s008-a048-w034	w-s008-a048-w030	ء ل ه	ر ء ي	4	2	10	6	121	204	intra_ayah:8:48:root:4
co-8_48-02691	8:48	w-s008-a048-w014	w-s008-a048-w019	ج و ر	ن ك ص	5	3	3	1	1	1	intra_ayah:8:48:root:40
co-8_48-02692	8:48	w-s008-a048-w014	w-s008-a048-w012	ج و ر	ن و س	2	1	1	1	1	1	intra_ayah:8:48:root:41
co-8_48-02693	8:48	w-s008-a048-w014	w-s008-a048-w010	ج و ر	ي و م	4	2	2	1	1	1	intra_ayah:8:48:root:42
co-8_48-02694	8:48	w-s008-a048-w032	w-s008-a048-w017	خ و ف	ر ء ي	15	1	8	3	11	17	intra_ayah:8:48:root:43
co-8_48-02695	8:48	w-s008-a048-w032	w-s008-a048-w027	خ و ف	ر ء ي	5	1	8	3	11	17	intra_ayah:8:48:root:43
co-8_48-02696	8:48	w-s008-a048-w032	w-s008-a048-w030	خ و ف	ر ء ي	2	1	8	3	11	17	intra_ayah:8:48:root:43
co-8_48-02697	8:48	w-s008-a048-w032	w-s008-a048-w002	خ و ف	ز ي ن	30	16	16	1	1	1	intra_ayah:8:48:root:44
co-8_48-02698	8:48	w-s008-a048-w032	w-s008-a048-w035	خ و ف	ش د د	3	3	3	1	2	2	intra_ayah:8:48:root:45
co-8_48-02699	8:48	w-s008-a048-w032	w-s008-a048-w004	خ و ف	ش ط ن	28	15	15	1	5	7	intra_ayah:8:48:root:46
co-8_48-02700	8:48	w-s008-a048-w032	w-s008-a048-w021	خ و ف	ع ق ب	11	4	5	2	4	6	intra_ayah:8:48:root:47
co-8_48-02701	8:48	w-s008-a048-w032	w-s008-a048-w036	خ و ف	ع ق ب	4	4	5	2	4	6	intra_ayah:8:48:root:47
co-8_48-02702	8:48	w-s008-a048-w032	w-s008-a048-w005	خ و ف	ع م ل	27	14	14	1	8	9	intra_ayah:8:48:root:48
co-8_48-02703	8:48	w-s008-a048-w032	w-s008-a048-w008	خ و ف	غ ل ب	24	12	12	1	2	2	intra_ayah:8:48:root:49
co-8_48-02704	8:48	w-s008-a048-w033	w-s008-a048-w002	ء ل ه	ز ي ن	31	17	18	2	17	26	intra_ayah:8:48:root:5
co-8_48-02705	8:48	w-s008-a048-w034	w-s008-a048-w002	ء ل ه	ز ي ن	32	17	18	2	17	26	intra_ayah:8:48:root:5
co-8_48-02706	8:48	w-s008-a048-w032	w-s008-a048-w018	خ و ف	ف ء ي	14	7	7	1	1	1	intra_ayah:8:48:root:50
co-8_48-02707	8:48	w-s008-a048-w032	w-s008-a048-w006	خ و ف	ق و ل	26	4	13	2	32	39	intra_ayah:8:48:root:51
co-8_48-02708	8:48	w-s008-a048-w032	w-s008-a048-w022	خ و ف	ق و ل	10	4	13	2	32	39	intra_ayah:8:48:root:51
co-8_48-02709	8:48	w-s008-a048-w032	w-s008-a048-w019	خ و ف	ن ك ص	13	6	6	1	1	1	intra_ayah:8:48:root:52
co-8_48-02710	8:48	w-s008-a048-w032	w-s008-a048-w012	خ و ف	ن و س	20	10	10	1	4	5	intra_ayah:8:48:root:53
co-8_48-02711	8:48	w-s008-a048-w032	w-s008-a048-w010	خ و ف	ي و م	22	11	11	1	19	20	intra_ayah:8:48:root:54
co-8_48-02712	8:48	w-s008-a048-w017	w-s008-a048-w002	ر ء ي	ز ي ن	15	8	15	3	4	6	intra_ayah:8:48:root:55
co-8_48-02713	8:48	w-s008-a048-w027	w-s008-a048-w002	ر ء ي	ز ي ن	25	8	15	3	4	6	intra_ayah:8:48:root:55
co-8_48-02714	8:48	w-s008-a048-w030	w-s008-a048-w002	ر ء ي	ز ي ن	28	8	15	3	4	6	intra_ayah:8:48:root:55
co-8_48-02715	8:48	w-s008-a048-w017	w-s008-a048-w035	ر ء ي	ش د د	18	4	11	3	9	16	intra_ayah:8:48:root:56
co-8_48-02716	8:48	w-s008-a048-w027	w-s008-a048-w035	ر ء ي	ش د د	8	4	11	3	9	16	intra_ayah:8:48:root:56
co-8_48-02717	8:48	w-s008-a048-w030	w-s008-a048-w035	ر ء ي	ش د د	5	4	11	3	9	16	intra_ayah:8:48:root:56
co-8_48-02718	8:48	w-s008-a048-w017	w-s008-a048-w004	ر ء ي	ش ط ن	13	7	14	3	9	16	intra_ayah:8:48:root:57
co-8_48-02719	8:48	w-s008-a048-w027	w-s008-a048-w004	ر ء ي	ش ط ن	23	7	14	3	9	16	intra_ayah:8:48:root:57
co-8_48-02720	8:48	w-s008-a048-w030	w-s008-a048-w004	ر ء ي	ش ط ن	26	7	14	3	9	16	intra_ayah:8:48:root:57
co-8_48-02721	8:48	w-s008-a048-w017	w-s008-a048-w021	ر ء ي	ع ق ب	4	3	12	6	4	9	intra_ayah:8:48:root:58
co-8_48-02722	8:48	w-s008-a048-w017	w-s008-a048-w036	ر ء ي	ع ق ب	19	3	12	6	4	9	intra_ayah:8:48:root:58
co-8_48-02723	8:48	w-s008-a048-w027	w-s008-a048-w021	ر ء ي	ع ق ب	6	3	12	6	4	9	intra_ayah:8:48:root:58
co-8_48-02724	8:48	w-s008-a048-w027	w-s008-a048-w036	ر ء ي	ع ق ب	9	3	12	6	4	9	intra_ayah:8:48:root:58
co-8_48-02725	8:48	w-s008-a048-w030	w-s008-a048-w021	ر ء ي	ع ق ب	9	3	12	6	4	9	intra_ayah:8:48:root:58
co-8_48-02726	8:48	w-s008-a048-w030	w-s008-a048-w036	ر ء ي	ع ق ب	6	3	12	6	4	9	intra_ayah:8:48:root:58
co-8_48-02727	8:48	w-s008-a048-w017	w-s008-a048-w005	ر ء ي	ع م ل	12	6	13	3	24	29	intra_ayah:8:48:root:59
co-8_48-02728	8:48	w-s008-a048-w027	w-s008-a048-w005	ر ء ي	ع م ل	22	6	13	3	24	29	intra_ayah:8:48:root:59
co-8_48-02729	8:48	w-s008-a048-w030	w-s008-a048-w005	ر ء ي	ع م ل	25	6	13	3	24	29	intra_ayah:8:48:root:59
co-8_48-02730	8:48	w-s008-a048-w033	w-s008-a048-w035	ء ل ه	ش د د	2	1	2	2	47	94	intra_ayah:8:48:root:6
co-8_48-02731	8:48	w-s008-a048-w034	w-s008-a048-w035	ء ل ه	ش د د	1	1	2	2	47	94	intra_ayah:8:48:root:6
co-8_48-02732	8:48	w-s008-a048-w017	w-s008-a048-w008	ر ء ي	غ ل ب	9	4	11	3	2	4	intra_ayah:8:48:root:60
co-8_48-02733	8:48	w-s008-a048-w027	w-s008-a048-w008	ر ء ي	غ ل ب	19	4	11	3	2	4	intra_ayah:8:48:root:60
co-8_48-02734	8:48	w-s008-a048-w030	w-s008-a048-w008	ر ء ي	غ ل ب	22	4	11	3	2	4	intra_ayah:8:48:root:60
co-8_48-02735	8:48	w-s008-a048-w017	w-s008-a048-w018	ر ء ي	ف ء ي	1	1	6	3	2	7	intra_ayah:8:48:root:61
co-8_48-02736	8:48	w-s008-a048-w027	w-s008-a048-w018	ر ء ي	ف ء ي	9	1	6	3	2	7	intra_ayah:8:48:root:61
co-8_48-02737	8:48	w-s008-a048-w030	w-s008-a048-w018	ر ء ي	ف ء ي	12	1	6	3	2	7	intra_ayah:8:48:root:61
co-8_48-02738	8:48	w-s008-a048-w017	w-s008-a048-w006	ر ء ي	ق و ل	11	2	12	6	113	174	intra_ayah:8:48:root:62
co-8_48-02739	8:48	w-s008-a048-w017	w-s008-a048-w022	ر ء ي	ق و ل	5	2	12	6	113	174	intra_ayah:8:48:root:62
co-8_48-02740	8:48	w-s008-a048-w027	w-s008-a048-w006	ر ء ي	ق و ل	21	2	12	6	113	174	intra_ayah:8:48:root:62
co-8_48-02741	8:48	w-s008-a048-w027	w-s008-a048-w022	ر ء ي	ق و ل	5	2	12	6	113	174	intra_ayah:8:48:root:62
co-8_48-02742	8:48	w-s008-a048-w030	w-s008-a048-w006	ر ء ي	ق و ل	24	2	12	6	113	174	intra_ayah:8:48:root:62
co-8_48-02743	8:48	w-s008-a048-w030	w-s008-a048-w022	ر ء ي	ق و ل	8	2	12	6	113	174	intra_ayah:8:48:root:62
co-8_48-02744	8:48	w-s008-a048-w017	w-s008-a048-w019	ر ء ي	ن ك ص	2	2	5	3	1	3	intra_ayah:8:48:root:63
co-8_48-02745	8:48	w-s008-a048-w027	w-s008-a048-w019	ر ء ي	ن ك ص	8	2	5	3	1	3	intra_ayah:8:48:root:63
co-8_48-02746	8:48	w-s008-a048-w030	w-s008-a048-w019	ر ء ي	ن ك ص	11	2	5	3	1	3	intra_ayah:8:48:root:63
co-8_48-02747	8:48	w-s008-a048-w017	w-s008-a048-w012	ر ء ي	ن و س	5	2	9	3	19	27	intra_ayah:8:48:root:64
co-8_48-02748	8:48	w-s008-a048-w027	w-s008-a048-w012	ر ء ي	ن و س	15	2	9	3	19	27	intra_ayah:8:48:root:64
co-8_48-02749	8:48	w-s008-a048-w030	w-s008-a048-w012	ر ء ي	ن و س	18	2	9	3	19	27	intra_ayah:8:48:root:64
co-8_48-02750	8:48	w-s008-a048-w017	w-s008-a048-w010	ر ء ي	ي و م	7	3	10	3	21	26	intra_ayah:8:48:root:65
co-8_48-02751	8:48	w-s008-a048-w027	w-s008-a048-w010	ر ء ي	ي و م	17	3	10	3	21	26	intra_ayah:8:48:root:65
co-8_48-02752	8:48	w-s008-a048-w030	w-s008-a048-w010	ر ء ي	ي و م	20	3	10	3	21	26	intra_ayah:8:48:root:65
co-8_48-02753	8:48	w-s008-a048-w002	w-s008-a048-w035	ز ي ن	ش د د	33	19	19	1	3	3	intra_ayah:8:48:root:66
co-8_48-02754	8:48	w-s008-a048-w002	w-s008-a048-w004	ز ي ن	ش ط ن	2	1	1	1	6	6	intra_ayah:8:48:root:67
co-8_48-02755	8:48	w-s008-a048-w002	w-s008-a048-w021	ز ي ن	ع ق ب	19	11	20	2	1	2	intra_ayah:8:48:root:68
co-8_48-02756	8:48	w-s008-a048-w002	w-s008-a048-w036	ز ي ن	ع ق ب	34	11	20	2	1	2	intra_ayah:8:48:root:68
co-8_48-02757	8:48	w-s008-a048-w002	w-s008-a048-w005	ز ي ن	ع م ل	3	2	2	1	15	16	intra_ayah:8:48:root:69
co-8_48-02758	8:48	w-s008-a048-w033	w-s008-a048-w004	ء ل ه	ش ط ن	29	16	17	2	28	50	intra_ayah:8:48:root:7
co-8_48-02759	8:48	w-s008-a048-w034	w-s008-a048-w004	ء ل ه	ش ط ن	30	16	17	2	28	50	intra_ayah:8:48:root:7
co-8_48-02760	8:48	w-s008-a048-w002	w-s008-a048-w008	ز ي ن	غ ل ب	6	4	4	1	1	1	intra_ayah:8:48:root:70
co-8_48-02761	8:48	w-s008-a048-w002	w-s008-a048-w018	ز ي ن	ف ء ي	16	9	9	1	1	1	intra_ayah:8:48:root:71
co-8_48-02762	8:48	w-s008-a048-w002	w-s008-a048-w006	ز ي ن	ق و ل	4	3	12	2	11	16	intra_ayah:8:48:root:72
co-8_48-02763	8:48	w-s008-a048-w002	w-s008-a048-w022	ز ي ن	ق و ل	20	3	12	2	11	16	intra_ayah:8:48:root:72
co-8_48-02764	8:48	w-s008-a048-w002	w-s008-a048-w019	ز ي ن	ن ك ص	17	10	10	1	1	1	intra_ayah:8:48:root:73
co-8_48-02765	8:48	w-s008-a048-w002	w-s008-a048-w012	ز ي ن	ن و س	10	6	6	1	5	5	intra_ayah:8:48:root:74
co-8_48-02766	8:48	w-s008-a048-w002	w-s008-a048-w010	ز ي ن	ي و م	8	5	5	1	6	6	intra_ayah:8:48:root:75
co-8_48-02767	8:48	w-s008-a048-w035	w-s008-a048-w004	ش د د	ش ط ن	31	18	18	1	1	1	intra_ayah:8:48:root:76
co-8_48-02768	8:48	w-s008-a048-w035	w-s008-a048-w021	ش د د	ع ق ب	14	1	8	2	18	19	intra_ayah:8:48:root:77
co-8_48-02769	8:48	w-s008-a048-w035	w-s008-a048-w036	ش د د	ع ق ب	1	1	8	2	18	19	intra_ayah:8:48:root:77
co-8_48-02770	8:48	w-s008-a048-w035	w-s008-a048-w005	ش د د	ع م ل	30	17	17	1	14	14	intra_ayah:8:48:root:78
co-8_48-02771	8:48	w-s008-a048-w035	w-s008-a048-w008	ش د د	غ ل ب	27	15	15	1	2	2	intra_ayah:8:48:root:79
co-8_48-02772	8:48	w-s008-a048-w033	w-s008-a048-w021	ء ل ه	ع ق ب	12	2	7	4	33	68	intra_ayah:8:48:root:8
co-8_48-02773	8:48	w-s008-a048-w033	w-s008-a048-w036	ء ل ه	ع ق ب	3	2	7	4	33	68	intra_ayah:8:48:root:8
co-8_48-02774	8:48	w-s008-a048-w034	w-s008-a048-w021	ء ل ه	ع ق ب	13	2	7	4	33	68	intra_ayah:8:48:root:8
co-8_48-02775	8:48	w-s008-a048-w034	w-s008-a048-w036	ء ل ه	ع ق ب	2	2	7	4	33	68	intra_ayah:8:48:root:8
co-8_48-02776	8:48	w-s008-a048-w035	w-s008-a048-w018	ش د د	ف ء ي	17	10	10	1	1	1	intra_ayah:8:48:root:80
co-8_48-02777	8:48	w-s008-a048-w035	w-s008-a048-w006	ش د د	ق و ل	29	7	16	2	19	25	intra_ayah:8:48:root:81
co-8_48-02778	8:48	w-s008-a048-w035	w-s008-a048-w022	ش د د	ق و ل	13	7	16	2	19	25	intra_ayah:8:48:root:81
co-8_48-02779	8:48	w-s008-a048-w035	w-s008-a048-w019	ش د د	ن ك ص	16	9	9	1	1	1	intra_ayah:8:48:root:82
co-8_48-02780	8:48	w-s008-a048-w035	w-s008-a048-w012	ش د د	ن و س	23	13	13	1	12	14	intra_ayah:8:48:root:83
co-8_48-02781	8:48	w-s008-a048-w035	w-s008-a048-w010	ش د د	ي و م	25	14	14	1	8	8	intra_ayah:8:48:root:84
co-8_48-02782	8:48	w-s008-a048-w004	w-s008-a048-w021	ش ط ن	ع ق ب	17	10	19	2	2	3	intra_ayah:8:48:root:85
co-8_48-02783	8:48	w-s008-a048-w004	w-s008-a048-w036	ش ط ن	ع ق ب	32	10	19	2	2	3	intra_ayah:8:48:root:85
co-8_48-02784	8:48	w-s008-a048-w004	w-s008-a048-w005	ش ط ن	ع م ل	1	1	1	1	8	9	intra_ayah:8:48:root:86
co-8_48-02785	8:48	w-s008-a048-w004	w-s008-a048-w008	ش ط ن	غ ل ب	4	3	3	1	1	1	intra_ayah:8:48:root:87
co-8_48-02786	8:48	w-s008-a048-w004	w-s008-a048-w018	ش ط ن	ف ء ي	14	8	8	1	1	1	intra_ayah:8:48:root:88
co-8_48-02787	8:48	w-s008-a048-w004	w-s008-a048-w006	ش ط ن	ق و ل	2	2	11	2	22	31	intra_ayah:8:48:root:89
co-8_48-02788	8:48	w-s008-a048-w004	w-s008-a048-w022	ش ط ن	ق و ل	18	2	11	2	22	31	intra_ayah:8:48:root:89
co-8_48-02789	8:48	w-s008-a048-w033	w-s008-a048-w005	ء ل ه	ع م ل	28	15	16	2	141	249	intra_ayah:8:48:root:9
co-8_48-02790	8:48	w-s008-a048-w034	w-s008-a048-w005	ء ل ه	ع م ل	29	15	16	2	141	249	intra_ayah:8:48:root:9
co-8_48-02791	8:48	w-s008-a048-w004	w-s008-a048-w019	ش ط ن	ن ك ص	15	9	9	1	1	1	intra_ayah:8:48:root:90
co-8_48-02792	8:48	w-s008-a048-w004	w-s008-a048-w012	ش ط ن	ن و س	8	5	5	1	5	6	intra_ayah:8:48:root:91
co-8_48-02793	8:48	w-s008-a048-w004	w-s008-a048-w010	ش ط ن	ي و م	6	4	4	1	4	4	intra_ayah:8:48:root:92
co-8_48-02794	8:48	w-s008-a048-w021	w-s008-a048-w005	ع ق ب	ع م ل	16	9	18	2	2	4	intra_ayah:8:48:root:93
co-8_48-02795	8:48	w-s008-a048-w036	w-s008-a048-w005	ع ق ب	ع م ل	31	9	18	2	2	4	intra_ayah:8:48:root:93
co-8_48-02796	8:48	w-s008-a048-w021	w-s008-a048-w008	ع ق ب	غ ل ب	13	7	16	2	1	2	intra_ayah:8:48:root:94
co-8_48-02797	8:48	w-s008-a048-w036	w-s008-a048-w008	ع ق ب	غ ل ب	28	7	16	2	1	2	intra_ayah:8:48:root:94
co-8_48-02798	8:48	w-s008-a048-w021	w-s008-a048-w018	ع ق ب	ف ء ي	3	2	11	2	1	2	intra_ayah:8:48:root:95
co-8_48-02799	8:48	w-s008-a048-w036	w-s008-a048-w018	ع ق ب	ف ء ي	18	2	11	2	1	2	intra_ayah:8:48:root:95
co-8_48-02800	8:48	w-s008-a048-w021	w-s008-a048-w006	ع ق ب	ق و ل	15	1	17	4	9	14	intra_ayah:8:48:root:96
co-8_48-02801	8:48	w-s008-a048-w021	w-s008-a048-w022	ع ق ب	ق و ل	1	1	17	4	9	14	intra_ayah:8:48:root:96
co-8_48-02802	8:48	w-s008-a048-w036	w-s008-a048-w006	ع ق ب	ق و ل	30	1	17	4	9	14	intra_ayah:8:48:root:96
co-8_48-02803	8:48	w-s008-a048-w036	w-s008-a048-w022	ع ق ب	ق و ل	14	1	17	4	9	14	intra_ayah:8:48:root:96
co-8_48-02804	8:48	w-s008-a048-w021	w-s008-a048-w019	ع ق ب	ن ك ص	2	1	10	2	2	3	intra_ayah:8:48:root:97
co-8_48-02805	8:48	w-s008-a048-w036	w-s008-a048-w019	ع ق ب	ن ك ص	17	1	10	2	2	3	intra_ayah:8:48:root:97
co-8_48-02806	8:48	w-s008-a048-w021	w-s008-a048-w012	ع ق ب	ن و س	9	5	14	2	3	5	intra_ayah:8:48:root:98
co-8_48-02807	8:48	w-s008-a048-w036	w-s008-a048-w012	ع ق ب	ن و س	24	5	14	2	3	5	intra_ayah:8:48:root:98
co-8_48-02808	8:48	w-s008-a048-w021	w-s008-a048-w010	ع ق ب	ي و م	11	6	15	2	4	5	intra_ayah:8:48:root:99
co-8_48-02809	8:48	w-s008-a048-w036	w-s008-a048-w010	ع ق ب	ي و م	26	6	15	2	4	5	intra_ayah:8:48:root:99
co-8_49-02810	8:49	w-s008-a049-w014	w-s008-a049-w018	ء ل ه	ح ك م	4	2	3	2	127	252	intra_ayah:8:49:root:1
co-8_49-02811	8:49	w-s008-a049-w016	w-s008-a049-w018	ء ل ه	ح ك م	2	2	3	2	127	252	intra_ayah:8:49:root:1
co-8_49-02812	8:49	w-s008-a049-w018	w-s008-a049-w010	ح ك م	د ي ن	8	5	5	1	4	4	intra_ayah:8:49:root:10
co-8_49-02813	8:49	w-s008-a049-w018	w-s008-a049-w017	ح ك م	ع ز ز	1	1	1	1	49	50	intra_ayah:8:49:root:11
co-8_49-02814	8:49	w-s008-a049-w018	w-s008-a049-w008	ح ك م	غ ر ر	10	6	6	1	1	1	intra_ayah:8:49:root:12
co-8_49-02815	8:49	w-s008-a049-w018	w-s008-a049-w006	ح ك م	ق ل ب	12	8	8	1	11	13	intra_ayah:8:49:root:13
co-8_49-02816	8:49	w-s008-a049-w018	w-s008-a049-w002	ح ك م	ق و ل	16	10	10	1	34	51	intra_ayah:8:49:root:14
co-8_49-02817	8:49	w-s008-a049-w018	w-s008-a049-w007	ح ك م	م ر ض	11	7	7	1	2	2	intra_ayah:8:49:root:15
co-8_49-02818	8:49	w-s008-a049-w018	w-s008-a049-w003	ح ك م	ن ف ق	15	9	9	1	5	13	intra_ayah:8:49:root:16
co-8_49-02819	8:49	w-s008-a049-w018	w-s008-a049-w012	ح ك م	و ك ل	6	4	4	1	4	6	intra_ayah:8:49:root:17
co-8_49-02820	8:49	w-s008-a049-w010	w-s008-a049-w017	د ي ن	ع ز ز	7	4	4	1	2	2	intra_ayah:8:49:root:18
co-8_49-02821	8:49	w-s008-a049-w010	w-s008-a049-w008	د ي ن	غ ر ر	2	1	1	1	4	4	intra_ayah:8:49:root:19
co-8_49-02822	8:49	w-s008-a049-w014	w-s008-a049-w010	ء ل ه	د ي ن	4	2	3	2	53	122	intra_ayah:8:49:root:2
co-8_49-02823	8:49	w-s008-a049-w016	w-s008-a049-w010	ء ل ه	د ي ن	6	2	3	2	53	122	intra_ayah:8:49:root:2
co-8_49-02824	8:49	w-s008-a049-w010	w-s008-a049-w006	د ي ن	ق ل ب	4	3	3	1	2	2	intra_ayah:8:49:root:20
co-8_49-02825	8:49	w-s008-a049-w010	w-s008-a049-w002	د ي ن	ق و ل	8	5	5	1	15	19	intra_ayah:8:49:root:21
co-8_49-02826	8:49	w-s008-a049-w010	w-s008-a049-w007	د ي ن	م ر ض	3	2	2	1	1	1	intra_ayah:8:49:root:22
co-8_49-02827	8:49	w-s008-a049-w010	w-s008-a049-w003	د ي ن	ن ف ق	7	4	4	1	1	1	intra_ayah:8:49:root:23
co-8_49-02828	8:49	w-s008-a049-w010	w-s008-a049-w012	د ي ن	و ك ل	2	1	1	1	2	2	intra_ayah:8:49:root:24
co-8_49-02829	8:49	w-s008-a049-w017	w-s008-a049-w008	ع ز ز	غ ر ر	9	5	5	1	1	1	intra_ayah:8:49:root:25
co-8_49-02830	8:49	w-s008-a049-w017	w-s008-a049-w006	ع ز ز	ق ل ب	11	7	7	1	5	6	intra_ayah:8:49:root:26
co-8_49-02831	8:49	w-s008-a049-w017	w-s008-a049-w002	ع ز ز	ق و ل	15	9	9	1	24	31	intra_ayah:8:49:root:27
co-8_49-02832	8:49	w-s008-a049-w017	w-s008-a049-w007	ع ز ز	م ر ض	10	6	6	1	1	1	intra_ayah:8:49:root:28
co-8_49-02833	8:49	w-s008-a049-w017	w-s008-a049-w003	ع ز ز	ن ف ق	14	8	8	1	3	4	intra_ayah:8:49:root:29
co-8_49-02834	8:49	w-s008-a049-w014	w-s008-a049-w017	ء ل ه	ع ز ز	3	1	2	2	69	117	intra_ayah:8:49:root:3
co-8_49-02835	8:49	w-s008-a049-w016	w-s008-a049-w017	ء ل ه	ع ز ز	1	1	2	2	69	117	intra_ayah:8:49:root:3
co-8_49-02836	8:49	w-s008-a049-w017	w-s008-a049-w012	ع ز ز	و ك ل	5	3	3	1	2	2	intra_ayah:8:49:root:30
co-8_49-02837	8:49	w-s008-a049-w008	w-s008-a049-w006	غ ر ر	ق ل ب	2	2	2	1	4	4	intra_ayah:8:49:root:31
co-8_49-02838	8:49	w-s008-a049-w008	w-s008-a049-w002	غ ر ر	ق و ل	6	4	4	1	8	10	intra_ayah:8:49:root:32
co-8_49-02839	8:49	w-s008-a049-w008	w-s008-a049-w007	غ ر ر	م ر ض	1	1	1	1	2	2	intra_ayah:8:49:root:33
co-8_49-02840	8:49	w-s008-a049-w008	w-s008-a049-w003	غ ر ر	ن ف ق	5	3	3	1	2	2	intra_ayah:8:49:root:34
co-8_49-02841	8:49	w-s008-a049-w008	w-s008-a049-w012	غ ر ر	و ك ل	4	2	2	1	1	1	intra_ayah:8:49:root:35
co-8_49-02842	8:49	w-s008-a049-w006	w-s008-a049-w002	ق ل ب	ق و ل	4	2	2	1	40	66	intra_ayah:8:49:root:36
co-8_49-02843	8:49	w-s008-a049-w006	w-s008-a049-w007	ق ل ب	م ر ض	1	1	1	1	12	14	intra_ayah:8:49:root:37
co-8_49-02844	8:49	w-s008-a049-w006	w-s008-a049-w003	ق ل ب	ن ف ق	3	1	1	1	9	10	intra_ayah:8:49:root:38
co-8_49-02845	8:49	w-s008-a049-w006	w-s008-a049-w012	ق ل ب	و ك ل	6	4	4	1	3	4	intra_ayah:8:49:root:39
co-8_49-02846	8:49	w-s008-a049-w014	w-s008-a049-w008	ء ل ه	غ ر ر	6	3	4	2	10	26	intra_ayah:8:49:root:4
co-8_49-02847	8:49	w-s008-a049-w016	w-s008-a049-w008	ء ل ه	غ ر ر	8	3	4	2	10	26	intra_ayah:8:49:root:4
co-8_49-02848	8:49	w-s008-a049-w002	w-s008-a049-w007	ق و ل	م ر ض	5	3	3	1	7	9	intra_ayah:8:49:root:40
co-8_49-02849	8:49	w-s008-a049-w002	w-s008-a049-w003	ق و ل	ن ف ق	1	1	1	1	21	32	intra_ayah:8:49:root:41
co-8_49-02850	8:49	w-s008-a049-w002	w-s008-a049-w012	ق و ل	و ك ل	10	6	6	1	23	39	intra_ayah:8:49:root:42
co-8_49-02851	8:49	w-s008-a049-w007	w-s008-a049-w003	م ر ض	ن ف ق	4	2	2	1	4	4	intra_ayah:8:49:root:43
co-8_49-02852	8:49	w-s008-a049-w007	w-s008-a049-w012	م ر ض	و ك ل	5	3	3	1	1	1	intra_ayah:8:49:root:44
co-8_49-02853	8:49	w-s008-a049-w003	w-s008-a049-w012	ن ف ق	و ك ل	9	5	5	1	2	3	intra_ayah:8:49:root:45
co-8_49-02854	8:49	w-s008-a049-w014	w-s008-a049-w006	ء ل ه	ق ل ب	8	5	6	2	94	178	intra_ayah:8:49:root:5
co-8_49-02855	8:49	w-s008-a049-w016	w-s008-a049-w006	ء ل ه	ق ل ب	10	5	6	2	94	178	intra_ayah:8:49:root:5
co-8_49-02856	8:49	w-s008-a049-w014	w-s008-a049-w002	ء ل ه	ق و ل	12	7	8	2	514	1188	intra_ayah:8:49:root:6
co-8_49-02857	8:49	w-s008-a049-w016	w-s008-a049-w002	ء ل ه	ق و ل	14	7	8	2	514	1188	intra_ayah:8:49:root:6
co-8_49-02858	8:49	w-s008-a049-w014	w-s008-a049-w007	ء ل ه	م ر ض	7	4	5	2	16	30	intra_ayah:8:49:root:7
co-8_49-02859	8:49	w-s008-a049-w016	w-s008-a049-w007	ء ل ه	م ر ض	9	4	5	2	16	30	intra_ayah:8:49:root:7
co-8_49-02860	8:49	w-s008-a049-w014	w-s008-a049-w003	ء ل ه	ن ف ق	11	6	7	2	61	152	intra_ayah:8:49:root:8
co-8_49-02861	8:49	w-s008-a049-w016	w-s008-a049-w003	ء ل ه	ن ف ق	13	6	7	2	61	152	intra_ayah:8:49:root:8
co-8_49-02862	8:49	w-s008-a049-w014	w-s008-a049-w012	ء ل ه	و ك ل	2	1	2	2	45	108	intra_ayah:8:49:root:9
co-8_49-02863	8:49	w-s008-a049-w016	w-s008-a049-w012	ء ل ه	و ك ل	4	1	2	2	45	108	intra_ayah:8:49:root:9
co-8_50-02864	8:50	w-s008-a050-w013	w-s008-a050-w010	ح ر ق	د ب ر	3	3	3	1	1	1	intra_ayah:8:50:root:1
co-8_50-02865	8:50	w-s008-a050-w010	w-s008-a050-w011	د ب ر	ذ و ق	1	1	1	1	1	1	intra_ayah:8:50:root:10
co-8_50-02866	8:50	w-s008-a050-w010	w-s008-a050-w002	د ب ر	ر ء ي	8	6	6	1	5	5	intra_ayah:8:50:root:11
co-8_50-02867	8:50	w-s008-a050-w010	w-s008-a050-w008	د ب ر	ض ر ب	2	2	2	1	2	2	intra_ayah:8:50:root:12
co-8_50-02868	8:50	w-s008-a050-w010	w-s008-a050-w012	د ب ر	ع ذ ب	2	2	2	1	2	2	intra_ayah:8:50:root:13
co-8_50-02869	8:50	w-s008-a050-w010	w-s008-a050-w006	د ب ر	ك ف ر	4	4	4	1	4	4	intra_ayah:8:50:root:14
co-8_50-02870	8:50	w-s008-a050-w010	w-s008-a050-w007	د ب ر	م ل ك	3	3	3	1	3	3	intra_ayah:8:50:root:15
co-8_50-02871	8:50	w-s008-a050-w010	w-s008-a050-w009	د ب ر	و ج ه	1	1	1	1	3	3	intra_ayah:8:50:root:16
co-8_50-02872	8:50	w-s008-a050-w010	w-s008-a050-w004	د ب ر	و ف ي	6	5	5	1	2	2	intra_ayah:8:50:root:17
co-8_50-02873	8:50	w-s008-a050-w011	w-s008-a050-w002	ذ و ق	ر ء ي	9	7	7	1	2	2	intra_ayah:8:50:root:18
co-8_50-02874	8:50	w-s008-a050-w011	w-s008-a050-w008	ذ و ق	ض ر ب	3	3	3	1	2	2	intra_ayah:8:50:root:19
co-8_50-02875	8:50	w-s008-a050-w013	w-s008-a050-w011	ح ر ق	ذ و ق	2	2	2	1	4	4	intra_ayah:8:50:root:2
co-8_50-02876	8:50	w-s008-a050-w011	w-s008-a050-w012	ذ و ق	ع ذ ب	1	1	1	1	36	40	intra_ayah:8:50:root:20
co-8_50-02877	8:50	w-s008-a050-w011	w-s008-a050-w006	ذ و ق	ك ف ر	5	5	5	1	16	19	intra_ayah:8:50:root:21
co-8_50-02878	8:50	w-s008-a050-w011	w-s008-a050-w007	ذ و ق	م ل ك	4	4	4	1	2	2	intra_ayah:8:50:root:22
co-8_50-02879	8:50	w-s008-a050-w011	w-s008-a050-w009	ذ و ق	و ج ه	2	2	2	1	4	6	intra_ayah:8:50:root:23
co-8_50-02880	8:50	w-s008-a050-w011	w-s008-a050-w004	ذ و ق	و ف ي	7	6	6	1	2	2	intra_ayah:8:50:root:24
co-8_50-02881	8:50	w-s008-a050-w002	w-s008-a050-w008	ر ء ي	ض ر ب	6	4	4	1	4	4	intra_ayah:8:50:root:25
co-8_50-02882	8:50	w-s008-a050-w002	w-s008-a050-w012	ر ء ي	ع ذ ب	10	8	8	1	31	36	intra_ayah:8:50:root:26
co-8_50-02883	8:50	w-s008-a050-w002	w-s008-a050-w006	ر ء ي	ك ف ر	4	2	2	1	34	44	intra_ayah:8:50:root:27
co-8_50-02884	8:50	w-s008-a050-w002	w-s008-a050-w007	ر ء ي	م ل ك	5	3	3	1	14	18	intra_ayah:8:50:root:28
co-8_50-02885	8:50	w-s008-a050-w002	w-s008-a050-w009	ر ء ي	و ج ه	7	5	5	1	5	7	intra_ayah:8:50:root:29
co-8_50-02886	8:50	w-s008-a050-w013	w-s008-a050-w002	ح ر ق	ر ء ي	11	9	9	1	1	1	intra_ayah:8:50:root:3
co-8_50-02887	8:50	w-s008-a050-w002	w-s008-a050-w004	ر ء ي	و ف ي	2	1	1	1	6	6	intra_ayah:8:50:root:30
co-8_50-02888	8:50	w-s008-a050-w008	w-s008-a050-w012	ض ر ب	ع ذ ب	4	4	4	1	2	2	intra_ayah:8:50:root:31
co-8_50-02889	8:50	w-s008-a050-w008	w-s008-a050-w006	ض ر ب	ك ف ر	2	2	2	1	12	15	intra_ayah:8:50:root:32
co-8_50-02890	8:50	w-s008-a050-w008	w-s008-a050-w007	ض ر ب	م ل ك	1	1	1	1	6	8	intra_ayah:8:50:root:33
co-8_50-02891	8:50	w-s008-a050-w008	w-s008-a050-w009	ض ر ب	و ج ه	1	1	1	1	4	4	intra_ayah:8:50:root:34
co-8_50-02892	8:50	w-s008-a050-w008	w-s008-a050-w004	ض ر ب	و ف ي	4	3	3	1	2	2	intra_ayah:8:50:root:35
co-8_50-02893	8:50	w-s008-a050-w012	w-s008-a050-w006	ع ذ ب	ك ف ر	6	6	6	1	68	92	intra_ayah:8:50:root:36
co-8_50-02894	8:50	w-s008-a050-w012	w-s008-a050-w007	ع ذ ب	م ل ك	5	5	5	1	8	9	intra_ayah:8:50:root:37
co-8_50-02895	8:50	w-s008-a050-w012	w-s008-a050-w009	ع ذ ب	و ج ه	3	3	3	1	3	5	intra_ayah:8:50:root:38
co-8_50-02896	8:50	w-s008-a050-w012	w-s008-a050-w004	ع ذ ب	و ف ي	8	7	7	1	2	3	intra_ayah:8:50:root:39
co-8_50-02897	8:50	w-s008-a050-w013	w-s008-a050-w008	ح ر ق	ض ر ب	5	5	5	1	1	1	intra_ayah:8:50:root:4
co-8_50-02898	8:50	w-s008-a050-w006	w-s008-a050-w007	ك ف ر	م ل ك	1	1	1	1	16	24	intra_ayah:8:50:root:40
co-8_50-02899	8:50	w-s008-a050-w006	w-s008-a050-w009	ك ف ر	و ج ه	3	3	3	1	8	15	intra_ayah:8:50:root:41
co-8_50-02900	8:50	w-s008-a050-w006	w-s008-a050-w004	ك ف ر	و ف ي	2	1	1	1	5	6	intra_ayah:8:50:root:42
co-8_50-02901	8:50	w-s008-a050-w007	w-s008-a050-w009	م ل ك	و ج ه	2	2	2	1	4	4	intra_ayah:8:50:root:43
co-8_50-02902	8:50	w-s008-a050-w007	w-s008-a050-w004	م ل ك	و ف ي	3	2	2	1	8	8	intra_ayah:8:50:root:44
co-8_50-02903	8:50	w-s008-a050-w009	w-s008-a050-w004	و ج ه	و ف ي	5	4	4	1	4	4	intra_ayah:8:50:root:45
co-8_50-02904	8:50	w-s008-a050-w013	w-s008-a050-w012	ح ر ق	ع ذ ب	1	1	1	1	5	6	intra_ayah:8:50:root:5
co-8_50-02905	8:50	w-s008-a050-w013	w-s008-a050-w006	ح ر ق	ك ف ر	7	7	7	1	1	1	intra_ayah:8:50:root:6
co-8_50-02906	8:50	w-s008-a050-w013	w-s008-a050-w007	ح ر ق	م ل ك	6	6	6	1	1	1	intra_ayah:8:50:root:7
co-8_50-02907	8:50	w-s008-a050-w013	w-s008-a050-w009	ح ر ق	و ج ه	4	4	4	1	1	1	intra_ayah:8:50:root:8
co-8_50-02908	8:50	w-s008-a050-w013	w-s008-a050-w004	ح ر ق	و ف ي	9	8	8	1	1	1	intra_ayah:8:50:root:9
co-8_51-02909	8:51	w-s008-a051-w006	w-s008-a051-w008	ء ل ه	ظ ل م	2	2	2	1	131	222	intra_ayah:8:51:root:1
co-8_51-02910	8:51	w-s008-a051-w009	w-s008-a051-w003	ع ب د	ق د م	6	5	5	1	3	3	intra_ayah:8:51:root:10
co-8_51-02911	8:51	w-s008-a051-w009	w-s008-a051-w007	ع ب د	ل ي س	2	2	2	1	7	7	intra_ayah:8:51:root:11
co-8_51-02912	8:51	w-s008-a051-w009	w-s008-a051-w004	ع ب د	ي د ي	5	4	4	1	9	9	intra_ayah:8:51:root:12
co-8_51-02913	8:51	w-s008-a051-w003	w-s008-a051-w007	ق د م	ل ي س	4	3	3	1	3	3	intra_ayah:8:51:root:13
co-8_51-02914	8:51	w-s008-a051-w003	w-s008-a051-w004	ق د م	ي د ي	1	1	1	1	14	14	intra_ayah:8:51:root:14
co-8_51-02915	8:51	w-s008-a051-w007	w-s008-a051-w004	ل ي س	ي د ي	3	2	2	1	4	4	intra_ayah:8:51:root:15
co-8_51-02916	8:51	w-s008-a051-w006	w-s008-a051-w009	ء ل ه	ع ب د	3	3	3	1	134	221	intra_ayah:8:51:root:2
co-8_51-02917	8:51	w-s008-a051-w006	w-s008-a051-w003	ء ل ه	ق د م	3	2	2	1	20	33	intra_ayah:8:51:root:3
co-8_51-02918	8:51	w-s008-a051-w006	w-s008-a051-w007	ء ل ه	ل ي س	1	1	1	1	49	84	intra_ayah:8:51:root:4
co-8_51-02919	8:51	w-s008-a051-w006	w-s008-a051-w004	ء ل ه	ي د ي	2	1	1	1	53	106	intra_ayah:8:51:root:5
co-8_51-02920	8:51	w-s008-a051-w008	w-s008-a051-w009	ظ ل م	ع ب د	1	1	1	1	11	11	intra_ayah:8:51:root:6
co-8_51-02921	8:51	w-s008-a051-w008	w-s008-a051-w003	ظ ل م	ق د م	5	4	4	1	7	7	intra_ayah:8:51:root:7
co-8_51-02922	8:51	w-s008-a051-w008	w-s008-a051-w007	ظ ل م	ل ي س	1	1	1	1	9	9	intra_ayah:8:51:root:8
co-8_51-02923	8:51	w-s008-a051-w008	w-s008-a051-w004	ظ ل م	ي د ي	4	3	3	1	12	14	intra_ayah:8:51:root:9
co-8_52-02924	8:52	w-s008-a052-w010	w-s008-a052-w009	ء خ ذ	ء ل ه	1	1	3	3	113	204	intra_ayah:8:52:root:1
co-8_52-02925	8:52	w-s008-a052-w010	w-s008-a052-w011	ء خ ذ	ء ل ه	1	1	3	3	113	204	intra_ayah:8:52:root:1
co-8_52-02926	8:52	w-s008-a052-w010	w-s008-a052-w014	ء خ ذ	ء ل ه	4	1	3	3	113	204	intra_ayah:8:52:root:1
co-8_52-02927	8:52	w-s008-a052-w010	w-s008-a052-w007	ء خ ذ	ك ف ر	3	3	3	1	31	51	intra_ayah:8:52:root:10
co-8_52-02928	8:52	w-s008-a052-w009	w-s008-a052-w002	ء ل ه	ء و ل	7	4	8	3	48	82	intra_ayah:8:52:root:11
co-8_52-02929	8:52	w-s008-a052-w011	w-s008-a052-w002	ء ل ه	ء و ل	9	4	8	3	48	82	intra_ayah:8:52:root:11
co-8_52-02930	8:52	w-s008-a052-w014	w-s008-a052-w002	ء ل ه	ء و ل	12	4	8	3	48	82	intra_ayah:8:52:root:11
co-8_52-02931	8:52	w-s008-a052-w009	w-s008-a052-w008	ء ل ه	ء ي ي	1	1	5	3	121	199	intra_ayah:8:52:root:12
co-8_52-02932	8:52	w-s008-a052-w011	w-s008-a052-w008	ء ل ه	ء ي ي	3	1	5	3	121	199	intra_ayah:8:52:root:12
co-8_52-02933	8:52	w-s008-a052-w014	w-s008-a052-w008	ء ل ه	ء ي ي	6	1	5	3	121	199	intra_ayah:8:52:root:12
co-8_52-02934	8:52	w-s008-a052-w009	w-s008-a052-w001	ء ل ه	د ء ب	8	5	9	3	3	6	intra_ayah:8:52:root:13
co-8_52-02935	8:52	w-s008-a052-w011	w-s008-a052-w001	ء ل ه	د ء ب	10	5	9	3	3	6	intra_ayah:8:52:root:13
co-8_52-02936	8:52	w-s008-a052-w014	w-s008-a052-w001	ء ل ه	د ء ب	13	5	9	3	3	6	intra_ayah:8:52:root:13
co-8_52-02937	8:52	w-s008-a052-w009	w-s008-a052-w012	ء ل ه	ذ ن ب	3	1	3	3	19	35	intra_ayah:8:52:root:14
co-8_52-02938	8:52	w-s008-a052-w011	w-s008-a052-w012	ء ل ه	ذ ن ب	1	1	3	3	19	35	intra_ayah:8:52:root:14
co-8_52-02939	8:52	w-s008-a052-w014	w-s008-a052-w012	ء ل ه	ذ ن ب	2	1	3	3	19	35	intra_ayah:8:52:root:14
co-8_52-02940	8:52	w-s008-a052-w009	w-s008-a052-w016	ء ل ه	ش د د	7	2	6	3	47	94	intra_ayah:8:52:root:15
co-8_52-02941	8:52	w-s008-a052-w011	w-s008-a052-w016	ء ل ه	ش د د	5	2	6	3	47	94	intra_ayah:8:52:root:15
co-8_52-02942	8:52	w-s008-a052-w014	w-s008-a052-w016	ء ل ه	ش د د	2	2	6	3	47	94	intra_ayah:8:52:root:15
co-8_52-02943	8:52	w-s008-a052-w009	w-s008-a052-w017	ء ل ه	ع ق ب	8	3	7	3	33	68	intra_ayah:8:52:root:16
co-8_52-02944	8:52	w-s008-a052-w011	w-s008-a052-w017	ء ل ه	ع ق ب	6	3	7	3	33	68	intra_ayah:8:52:root:16
co-8_52-02945	8:52	w-s008-a052-w014	w-s008-a052-w017	ء ل ه	ع ق ب	3	3	7	3	33	68	intra_ayah:8:52:root:16
co-8_52-02946	8:52	w-s008-a052-w009	w-s008-a052-w006	ء ل ه	ق ب ل	3	3	7	3	98	148	intra_ayah:8:52:root:17
co-8_52-02947	8:52	w-s008-a052-w011	w-s008-a052-w006	ء ل ه	ق ب ل	5	3	7	3	98	148	intra_ayah:8:52:root:17
co-8_52-02948	8:52	w-s008-a052-w014	w-s008-a052-w006	ء ل ه	ق ب ل	8	3	7	3	98	148	intra_ayah:8:52:root:17
co-8_52-02949	8:52	w-s008-a052-w009	w-s008-a052-w015	ء ل ه	ق و ي	6	1	5	3	20	41	intra_ayah:8:52:root:18
co-8_52-02950	8:52	w-s008-a052-w011	w-s008-a052-w015	ء ل ه	ق و ي	4	1	5	3	20	41	intra_ayah:8:52:root:18
co-8_52-02951	8:52	w-s008-a052-w014	w-s008-a052-w015	ء ل ه	ق و ي	1	1	5	3	20	41	intra_ayah:8:52:root:18
co-8_52-02952	8:52	w-s008-a052-w009	w-s008-a052-w007	ء ل ه	ك ف ر	2	2	6	3	225	443	intra_ayah:8:52:root:19
co-8_52-02953	8:52	w-s008-a052-w011	w-s008-a052-w007	ء ل ه	ك ف ر	4	2	6	3	225	443	intra_ayah:8:52:root:19
co-8_52-02954	8:52	w-s008-a052-w014	w-s008-a052-w007	ء ل ه	ك ف ر	7	2	6	3	225	443	intra_ayah:8:52:root:19
co-8_52-02955	8:52	w-s008-a052-w010	w-s008-a052-w002	ء خ ذ	ء و ل	8	5	5	1	7	7	intra_ayah:8:52:root:2
co-8_52-02956	8:52	w-s008-a052-w002	w-s008-a052-w008	ء و ل	ء ي ي	6	3	3	1	20	27	intra_ayah:8:52:root:20
co-8_52-02957	8:52	w-s008-a052-w002	w-s008-a052-w001	ء و ل	د ء ب	1	1	1	1	3	4	intra_ayah:8:52:root:21
co-8_52-02958	8:52	w-s008-a052-w002	w-s008-a052-w012	ء و ل	ذ ن ب	10	7	7	1	3	4	intra_ayah:8:52:root:22
co-8_52-02959	8:52	w-s008-a052-w002	w-s008-a052-w016	ء و ل	ش د د	14	10	10	1	9	11	intra_ayah:8:52:root:23
co-8_52-02960	8:52	w-s008-a052-w002	w-s008-a052-w017	ء و ل	ع ق ب	15	11	11	1	3	3	intra_ayah:8:52:root:24
co-8_52-02961	8:52	w-s008-a052-w002	w-s008-a052-w006	ء و ل	ق ب ل	4	1	1	1	18	21	intra_ayah:8:52:root:25
co-8_52-02962	8:52	w-s008-a052-w002	w-s008-a052-w015	ء و ل	ق و ي	13	9	9	1	3	4	intra_ayah:8:52:root:26
co-8_52-02963	8:52	w-s008-a052-w002	w-s008-a052-w007	ء و ل	ك ف ر	5	2	2	1	8	9	intra_ayah:8:52:root:27
co-8_52-02964	8:52	w-s008-a052-w008	w-s008-a052-w001	ء ي ي	د ء ب	7	4	4	1	3	3	intra_ayah:8:52:root:28
co-8_52-02965	8:52	w-s008-a052-w008	w-s008-a052-w012	ء ي ي	ذ ن ب	4	4	4	1	3	3	intra_ayah:8:52:root:29
co-8_52-02966	8:52	w-s008-a052-w010	w-s008-a052-w008	ء خ ذ	ء ي ي	2	2	2	1	20	27	intra_ayah:8:52:root:3
co-8_52-02967	8:52	w-s008-a052-w008	w-s008-a052-w016	ء ي ي	ش د د	8	7	7	1	8	9	intra_ayah:8:52:root:30
co-8_52-02968	8:52	w-s008-a052-w008	w-s008-a052-w017	ء ي ي	ع ق ب	9	8	8	1	7	7	intra_ayah:8:52:root:31
co-8_52-02969	8:52	w-s008-a052-w008	w-s008-a052-w006	ء ي ي	ق ب ل	2	2	2	1	20	25	intra_ayah:8:52:root:32
co-8_52-02970	8:52	w-s008-a052-w008	w-s008-a052-w015	ء ي ي	ق و ي	7	6	6	1	2	3	intra_ayah:8:52:root:33
co-8_52-02971	8:52	w-s008-a052-w008	w-s008-a052-w007	ء ي ي	ك ف ر	1	1	1	1	51	58	intra_ayah:8:52:root:34
co-8_52-02972	8:52	w-s008-a052-w001	w-s008-a052-w012	د ء ب	ذ ن ب	11	8	8	1	3	3	intra_ayah:8:52:root:35
co-8_52-02973	8:52	w-s008-a052-w001	w-s008-a052-w016	د ء ب	ش د د	15	11	11	1	2	2	intra_ayah:8:52:root:36
co-8_52-02974	8:52	w-s008-a052-w001	w-s008-a052-w017	د ء ب	ع ق ب	16	12	12	1	2	2	intra_ayah:8:52:root:37
co-8_52-02975	8:52	w-s008-a052-w001	w-s008-a052-w006	د ء ب	ق ب ل	5	2	2	1	3	3	intra_ayah:8:52:root:38
co-8_52-02976	8:52	w-s008-a052-w001	w-s008-a052-w015	د ء ب	ق و ي	14	10	10	1	1	1	intra_ayah:8:52:root:39
co-8_52-02977	8:52	w-s008-a052-w010	w-s008-a052-w001	ء خ ذ	د ء ب	9	6	6	1	2	2	intra_ayah:8:52:root:4
co-8_52-02978	8:52	w-s008-a052-w001	w-s008-a052-w007	د ء ب	ك ف ر	6	3	3	1	1	1	intra_ayah:8:52:root:40
co-8_52-02979	8:52	w-s008-a052-w012	w-s008-a052-w016	ذ ن ب	ش د د	4	3	3	1	5	5	intra_ayah:8:52:root:41
co-8_52-02980	8:52	w-s008-a052-w012	w-s008-a052-w017	ذ ن ب	ع ق ب	5	4	4	1	4	4	intra_ayah:8:52:root:42
co-8_52-02981	8:52	w-s008-a052-w012	w-s008-a052-w006	ذ ن ب	ق ب ل	6	6	6	1	7	7	intra_ayah:8:52:root:43
co-8_52-02982	8:52	w-s008-a052-w012	w-s008-a052-w015	ذ ن ب	ق و ي	3	2	2	1	3	3	intra_ayah:8:52:root:44
co-8_52-02983	8:52	w-s008-a052-w012	w-s008-a052-w007	ذ ن ب	ك ف ر	5	5	5	1	3	3	intra_ayah:8:52:root:45
co-8_52-02984	8:52	w-s008-a052-w016	w-s008-a052-w017	ش د د	ع ق ب	1	1	1	1	18	19	intra_ayah:8:52:root:46
co-8_52-02985	8:52	w-s008-a052-w016	w-s008-a052-w006	ش د د	ق ب ل	10	9	9	1	16	18	intra_ayah:8:52:root:47
co-8_52-02986	8:52	w-s008-a052-w016	w-s008-a052-w015	ش د د	ق و ي	1	1	1	1	15	19	intra_ayah:8:52:root:48
co-8_52-02987	8:52	w-s008-a052-w016	w-s008-a052-w007	ش د د	ك ف ر	9	8	8	1	18	20	intra_ayah:8:52:root:49
co-8_52-02988	8:52	w-s008-a052-w010	w-s008-a052-w012	ء خ ذ	ذ ن ب	2	2	2	1	4	5	intra_ayah:8:52:root:5
co-8_52-02989	8:52	w-s008-a052-w017	w-s008-a052-w006	ع ق ب	ق ب ل	11	10	10	1	21	24	intra_ayah:8:52:root:50
co-8_52-02990	8:52	w-s008-a052-w017	w-s008-a052-w015	ع ق ب	ق و ي	2	2	2	1	6	6	intra_ayah:8:52:root:51
co-8_52-02991	8:52	w-s008-a052-w017	w-s008-a052-w007	ع ق ب	ك ف ر	10	9	9	1	8	9	intra_ayah:8:52:root:52
co-8_52-02992	8:52	w-s008-a052-w006	w-s008-a052-w015	ق ب ل	ق و ي	9	8	8	1	8	9	intra_ayah:8:52:root:53
co-8_52-02993	8:52	w-s008-a052-w006	w-s008-a052-w007	ق ب ل	ك ف ر	1	1	1	1	38	44	intra_ayah:8:52:root:54
co-8_52-02994	8:52	w-s008-a052-w015	w-s008-a052-w007	ق و ي	ك ف ر	8	7	7	1	4	4	intra_ayah:8:52:root:55
co-8_52-02995	8:52	w-s008-a052-w010	w-s008-a052-w016	ء خ ذ	ش د د	6	5	5	1	7	10	intra_ayah:8:52:root:6
co-8_52-02996	8:52	w-s008-a052-w010	w-s008-a052-w017	ء خ ذ	ع ق ب	7	6	6	1	8	9	intra_ayah:8:52:root:7
co-8_52-02997	8:52	w-s008-a052-w010	w-s008-a052-w006	ء خ ذ	ق ب ل	4	4	4	1	19	21	intra_ayah:8:52:root:8
co-8_52-02998	8:52	w-s008-a052-w010	w-s008-a052-w015	ء خ ذ	ق و ي	5	4	4	1	10	13	intra_ayah:8:52:root:9
co-8_53-02999	8:53	w-s008-a053-w003	w-s008-a053-w017	ء ل ه	س م ع	14	1	9	2	70	128	intra_ayah:8:53:root:1
co-8_53-03000	8:53	w-s008-a053-w016	w-s008-a053-w017	ء ل ه	س م ع	1	1	9	2	70	128	intra_ayah:8:53:root:1
co-8_53-03001	8:53	w-s008-a053-w017	w-s008-a053-w010	س م ع	ق و م	7	4	4	1	14	21	intra_ayah:8:53:root:10
co-8_53-03002	8:53	w-s008-a053-w017	w-s008-a053-w005	س م ع	ك و ن	12	8	8	1	26	43	intra_ayah:8:53:root:11
co-8_53-03003	8:53	w-s008-a053-w017	w-s008-a053-w007	س م ع	ن ع م	10	5	6	2	6	7	intra_ayah:8:53:root:12
co-8_53-03004	8:53	w-s008-a053-w017	w-s008-a053-w008	س م ع	ن ع م	9	5	6	2	6	7	intra_ayah:8:53:root:12
co-8_53-03005	8:53	w-s008-a053-w017	w-s008-a053-w014	س م ع	ن ف س	3	2	2	1	8	9	intra_ayah:8:53:root:13
co-8_53-03006	8:53	w-s008-a053-w018	w-s008-a053-w006	ع ل م	غ ي ر	12	4	8	2	30	34	intra_ayah:8:53:root:14
co-8_53-03007	8:53	w-s008-a053-w018	w-s008-a053-w012	ع ل م	غ ي ر	6	4	8	2	30	34	intra_ayah:8:53:root:14
co-8_53-03008	8:53	w-s008-a053-w018	w-s008-a053-w010	ع ل م	ق و م	8	5	5	1	75	97	intra_ayah:8:53:root:15
co-8_53-03009	8:53	w-s008-a053-w018	w-s008-a053-w005	ع ل م	ك و ن	13	9	9	1	157	243	intra_ayah:8:53:root:16
co-8_53-03010	8:53	w-s008-a053-w018	w-s008-a053-w007	ع ل م	ن ع م	11	6	7	2	15	22	intra_ayah:8:53:root:17
co-8_53-03011	8:53	w-s008-a053-w018	w-s008-a053-w008	ع ل م	ن ع م	10	6	7	2	15	22	intra_ayah:8:53:root:17
co-8_53-03012	8:53	w-s008-a053-w018	w-s008-a053-w014	ع ل م	ن ف س	4	3	3	1	45	81	intra_ayah:8:53:root:18
co-8_53-03013	8:53	w-s008-a053-w006	w-s008-a053-w010	غ ي ر	ق و م	4	1	3	2	30	38	intra_ayah:8:53:root:19
co-8_53-03014	8:53	w-s008-a053-w012	w-s008-a053-w010	غ ي ر	ق و م	2	1	3	2	30	38	intra_ayah:8:53:root:19
co-8_53-03015	8:53	w-s008-a053-w003	w-s008-a053-w018	ء ل ه	ع ل م	15	2	10	2	408	878	intra_ayah:8:53:root:2
co-8_53-03016	8:53	w-s008-a053-w016	w-s008-a053-w018	ء ل ه	ع ل م	2	2	10	2	408	878	intra_ayah:8:53:root:2
co-8_53-03017	8:53	w-s008-a053-w006	w-s008-a053-w005	غ ي ر	ك و ن	1	1	5	2	42	59	intra_ayah:8:53:root:20
co-8_53-03018	8:53	w-s008-a053-w012	w-s008-a053-w005	غ ي ر	ك و ن	7	1	5	2	42	59	intra_ayah:8:53:root:20
co-8_53-03019	8:53	w-s008-a053-w006	w-s008-a053-w007	غ ي ر	ن ع م	1	1	3	4	7	11	intra_ayah:8:53:root:21
co-8_53-03020	8:53	w-s008-a053-w006	w-s008-a053-w008	غ ي ر	ن ع م	2	1	3	4	7	11	intra_ayah:8:53:root:21
co-8_53-03021	8:53	w-s008-a053-w012	w-s008-a053-w007	غ ي ر	ن ع م	5	1	3	4	7	11	intra_ayah:8:53:root:21
co-8_53-03022	8:53	w-s008-a053-w012	w-s008-a053-w008	غ ي ر	ن ع م	4	1	3	4	7	11	intra_ayah:8:53:root:21
co-8_53-03023	8:53	w-s008-a053-w006	w-s008-a053-w014	غ ي ر	ن ف س	8	1	5	2	14	20	intra_ayah:8:53:root:22
co-8_53-03024	8:53	w-s008-a053-w012	w-s008-a053-w014	غ ي ر	ن ف س	2	1	5	2	14	20	intra_ayah:8:53:root:22
co-8_53-03025	8:53	w-s008-a053-w010	w-s008-a053-w005	ق و م	ك و ن	5	4	4	1	131	196	intra_ayah:8:53:root:23
co-8_53-03026	8:53	w-s008-a053-w010	w-s008-a053-w007	ق و م	ن ع م	3	1	2	2	12	15	intra_ayah:8:53:root:24
co-8_53-03027	8:53	w-s008-a053-w010	w-s008-a053-w008	ق و م	ن ع م	2	1	2	2	12	15	intra_ayah:8:53:root:24
co-8_53-03028	8:53	w-s008-a053-w010	w-s008-a053-w014	ق و م	ن ف س	4	2	2	1	32	43	intra_ayah:8:53:root:25
co-8_53-03029	8:53	w-s008-a053-w005	w-s008-a053-w007	ك و ن	ن ع م	2	2	3	2	22	39	intra_ayah:8:53:root:26
co-8_53-03030	8:53	w-s008-a053-w005	w-s008-a053-w008	ك و ن	ن ع م	3	2	3	2	22	39	intra_ayah:8:53:root:26
co-8_53-03031	8:53	w-s008-a053-w005	w-s008-a053-w014	ك و ن	ن ف س	9	6	6	1	87	117	intra_ayah:8:53:root:27
co-8_53-03032	8:53	w-s008-a053-w007	w-s008-a053-w014	ن ع م	ن ف س	7	3	4	2	7	9	intra_ayah:8:53:root:28
co-8_53-03033	8:53	w-s008-a053-w008	w-s008-a053-w014	ن ع م	ن ف س	6	3	4	2	7	9	intra_ayah:8:53:root:28
co-8_53-03034	8:53	w-s008-a053-w003	w-s008-a053-w006	ء ل ه	غ ي ر	3	2	6	4	86	175	intra_ayah:8:53:root:3
co-8_53-03035	8:53	w-s008-a053-w003	w-s008-a053-w012	ء ل ه	غ ي ر	9	2	6	4	86	175	intra_ayah:8:53:root:3
co-8_53-03036	8:53	w-s008-a053-w016	w-s008-a053-w006	ء ل ه	غ ي ر	10	2	6	4	86	175	intra_ayah:8:53:root:3
co-8_53-03037	8:53	w-s008-a053-w016	w-s008-a053-w012	ء ل ه	غ ي ر	4	2	6	4	86	175	intra_ayah:8:53:root:3
co-8_53-03038	8:53	w-s008-a053-w003	w-s008-a053-w010	ء ل ه	ق و م	7	3	5	2	242	460	intra_ayah:8:53:root:4
co-8_53-03039	8:53	w-s008-a053-w016	w-s008-a053-w010	ء ل ه	ق و م	6	3	5	2	242	460	intra_ayah:8:53:root:4
co-8_53-03040	8:53	w-s008-a053-w003	w-s008-a053-w005	ء ل ه	ك و ن	2	1	7	2	441	974	intra_ayah:8:53:root:5
co-8_53-03041	8:53	w-s008-a053-w016	w-s008-a053-w005	ء ل ه	ك و ن	11	1	7	2	441	974	intra_ayah:8:53:root:5
co-8_53-03042	8:53	w-s008-a053-w003	w-s008-a053-w007	ء ل ه	ن ع م	4	3	5	4	58	118	intra_ayah:8:53:root:6
co-8_53-03043	8:53	w-s008-a053-w003	w-s008-a053-w008	ء ل ه	ن ع م	5	3	5	4	58	118	intra_ayah:8:53:root:6
co-8_53-03044	8:53	w-s008-a053-w016	w-s008-a053-w007	ء ل ه	ن ع م	9	3	5	4	58	118	intra_ayah:8:53:root:6
co-8_53-03045	8:53	w-s008-a053-w016	w-s008-a053-w008	ء ل ه	ن ع م	8	3	5	4	58	118	intra_ayah:8:53:root:6
co-8_53-03046	8:53	w-s008-a053-w003	w-s008-a053-w014	ء ل ه	ن ف س	11	1	7	2	139	272	intra_ayah:8:53:root:7
co-8_53-03047	8:53	w-s008-a053-w016	w-s008-a053-w014	ء ل ه	ن ف س	2	1	7	2	139	272	intra_ayah:8:53:root:7
co-8_53-03048	8:53	w-s008-a053-w017	w-s008-a053-w018	س م ع	ع ل م	1	1	1	1	44	49	intra_ayah:8:53:root:8
co-8_53-03049	8:53	w-s008-a053-w017	w-s008-a053-w006	س م ع	غ ي ر	11	3	7	2	8	13	intra_ayah:8:53:root:9
co-8_53-03050	8:53	w-s008-a053-w017	w-s008-a053-w012	س م ع	غ ي ر	5	3	7	2	8	13	intra_ayah:8:53:root:9
co-8_54-03051	8:54	w-s008-a054-w002	w-s008-a054-w008	ء و ل	ء ي ي	6	3	5	2	20	27	intra_ayah:8:54:root:1
co-8_54-03052	8:54	w-s008-a054-w013	w-s008-a054-w008	ء و ل	ء ي ي	5	3	5	2	20	27	intra_ayah:8:54:root:1
co-8_54-03053	8:54	w-s008-a054-w002	w-s008-a054-w016	ء و ل	ك و ن	14	2	10	2	31	47	intra_ayah:8:54:root:10
co-8_54-03054	8:54	w-s008-a054-w013	w-s008-a054-w016	ء و ل	ك و ن	3	2	10	2	31	47	intra_ayah:8:54:root:10
co-8_54-03055	8:54	w-s008-a054-w002	w-s008-a054-w010	ء و ل	ه ل ك	8	3	5	2	7	8	intra_ayah:8:54:root:11
co-8_54-03056	8:54	w-s008-a054-w013	w-s008-a054-w010	ء و ل	ه ل ك	3	3	5	2	7	8	intra_ayah:8:54:root:11
co-8_54-03057	8:54	w-s008-a054-w008	w-s008-a054-w001	ء ي ي	د ء ب	7	4	4	1	3	3	intra_ayah:8:54:root:12
co-8_54-03058	8:54	w-s008-a054-w008	w-s008-a054-w011	ء ي ي	ذ ن ب	3	3	3	1	3	3	intra_ayah:8:54:root:13
co-8_54-03059	8:54	w-s008-a054-w008	w-s008-a054-w009	ء ي ي	ر ب ب	1	1	1	1	59	81	intra_ayah:8:54:root:14
co-8_54-03060	8:54	w-s008-a054-w008	w-s008-a054-w017	ء ي ي	ظ ل م	9	8	8	1	29	35	intra_ayah:8:54:root:15
co-8_54-03061	8:54	w-s008-a054-w008	w-s008-a054-w012	ء ي ي	غ ر ق	4	4	4	1	6	6	intra_ayah:8:54:root:16
co-8_54-03062	8:54	w-s008-a054-w008	w-s008-a054-w006	ء ي ي	ق ب ل	2	2	2	1	20	25	intra_ayah:8:54:root:17
co-8_54-03063	8:54	w-s008-a054-w008	w-s008-a054-w007	ء ي ي	ك ذ ب	1	1	1	1	46	57	intra_ayah:8:54:root:18
co-8_54-03064	8:54	w-s008-a054-w008	w-s008-a054-w015	ء ي ي	ك ل ل	7	6	6	1	36	43	intra_ayah:8:54:root:19
co-8_54-03065	8:54	w-s008-a054-w002	w-s008-a054-w001	ء و ل	د ء ب	1	1	9	2	3	4	intra_ayah:8:54:root:2
co-8_54-03066	8:54	w-s008-a054-w013	w-s008-a054-w001	ء و ل	د ء ب	12	1	9	2	3	4	intra_ayah:8:54:root:2
co-8_54-03067	8:54	w-s008-a054-w008	w-s008-a054-w016	ء ي ي	ك و ن	8	7	7	1	98	130	intra_ayah:8:54:root:20
co-8_54-03068	8:54	w-s008-a054-w008	w-s008-a054-w010	ء ي ي	ه ل ك	2	2	2	1	7	8	intra_ayah:8:54:root:21
co-8_54-03069	8:54	w-s008-a054-w001	w-s008-a054-w011	د ء ب	ذ ن ب	10	7	7	1	3	3	intra_ayah:8:54:root:22
co-8_54-03070	8:54	w-s008-a054-w001	w-s008-a054-w009	د ء ب	ر ب ب	8	5	5	1	1	1	intra_ayah:8:54:root:23
co-8_54-03071	8:54	w-s008-a054-w001	w-s008-a054-w017	د ء ب	ظ ل م	16	12	12	1	2	2	intra_ayah:8:54:root:24
co-8_54-03072	8:54	w-s008-a054-w001	w-s008-a054-w012	د ء ب	غ ر ق	11	8	8	1	1	1	intra_ayah:8:54:root:25
co-8_54-03073	8:54	w-s008-a054-w001	w-s008-a054-w006	د ء ب	ق ب ل	5	2	2	1	3	3	intra_ayah:8:54:root:26
co-8_54-03074	8:54	w-s008-a054-w001	w-s008-a054-w007	د ء ب	ك ذ ب	6	3	3	1	2	2	intra_ayah:8:54:root:27
co-8_54-03075	8:54	w-s008-a054-w001	w-s008-a054-w015	د ء ب	ك ل ل	14	10	10	1	1	1	intra_ayah:8:54:root:28
co-8_54-03076	8:54	w-s008-a054-w001	w-s008-a054-w016	د ء ب	ك و ن	15	11	11	1	1	1	intra_ayah:8:54:root:29
co-8_54-03077	8:54	w-s008-a054-w002	w-s008-a054-w011	ء و ل	ذ ن ب	9	2	6	2	3	4	intra_ayah:8:54:root:3
co-8_54-03078	8:54	w-s008-a054-w013	w-s008-a054-w011	ء و ل	ذ ن ب	2	2	6	2	3	4	intra_ayah:8:54:root:3
co-8_54-03079	8:54	w-s008-a054-w001	w-s008-a054-w010	د ء ب	ه ل ك	9	6	6	1	1	1	intra_ayah:8:54:root:30
co-8_54-03080	8:54	w-s008-a054-w011	w-s008-a054-w009	ذ ن ب	ر ب ب	2	2	2	1	8	10	intra_ayah:8:54:root:31
co-8_54-03081	8:54	w-s008-a054-w011	w-s008-a054-w017	ذ ن ب	ظ ل م	6	5	5	1	4	7	intra_ayah:8:54:root:32
co-8_54-03082	8:54	w-s008-a054-w011	w-s008-a054-w012	ذ ن ب	غ ر ق	1	1	1	1	2	2	intra_ayah:8:54:root:33
co-8_54-03083	8:54	w-s008-a054-w011	w-s008-a054-w006	ذ ن ب	ق ب ل	5	5	5	1	7	7	intra_ayah:8:54:root:34
co-8_54-03084	8:54	w-s008-a054-w011	w-s008-a054-w007	ذ ن ب	ك ذ ب	4	4	4	1	3	3	intra_ayah:8:54:root:35
co-8_54-03085	8:54	w-s008-a054-w011	w-s008-a054-w015	ذ ن ب	ك ل ل	4	3	3	1	2	2	intra_ayah:8:54:root:36
co-8_54-03086	8:54	w-s008-a054-w011	w-s008-a054-w016	ذ ن ب	ك و ن	5	4	4	1	9	13	intra_ayah:8:54:root:37
co-8_54-03087	8:54	w-s008-a054-w011	w-s008-a054-w010	ذ ن ب	ه ل ك	1	1	1	1	4	5	intra_ayah:8:54:root:38
co-8_54-03088	8:54	w-s008-a054-w009	w-s008-a054-w017	ر ب ب	ظ ل م	8	7	7	1	56	66	intra_ayah:8:54:root:39
co-8_54-03089	8:54	w-s008-a054-w002	w-s008-a054-w009	ء و ل	ر ب ب	7	4	4	2	27	43	intra_ayah:8:54:root:4
co-8_54-03090	8:54	w-s008-a054-w013	w-s008-a054-w009	ء و ل	ر ب ب	4	4	4	2	27	43	intra_ayah:8:54:root:4
co-8_54-03091	8:54	w-s008-a054-w009	w-s008-a054-w012	ر ب ب	غ ر ق	3	3	3	1	1	1	intra_ayah:8:54:root:40
co-8_54-03092	8:54	w-s008-a054-w009	w-s008-a054-w006	ر ب ب	ق ب ل	3	3	3	1	44	61	intra_ayah:8:54:root:41
co-8_54-03093	8:54	w-s008-a054-w009	w-s008-a054-w007	ر ب ب	ك ذ ب	2	2	2	1	48	58	intra_ayah:8:54:root:42
co-8_54-03094	8:54	w-s008-a054-w009	w-s008-a054-w015	ر ب ب	ك ل ل	6	5	5	1	52	70	intra_ayah:8:54:root:43
co-8_54-03095	8:54	w-s008-a054-w009	w-s008-a054-w016	ر ب ب	ك و ن	7	6	6	1	159	222	intra_ayah:8:54:root:44
co-8_54-03096	8:54	w-s008-a054-w009	w-s008-a054-w010	ر ب ب	ه ل ك	1	1	1	1	10	12	intra_ayah:8:54:root:45
co-8_54-03097	8:54	w-s008-a054-w017	w-s008-a054-w012	ظ ل م	غ ر ق	5	4	4	1	5	6	intra_ayah:8:54:root:46
co-8_54-03098	8:54	w-s008-a054-w017	w-s008-a054-w006	ظ ل م	ق ب ل	11	10	10	1	15	22	intra_ayah:8:54:root:47
co-8_54-03099	8:54	w-s008-a054-w017	w-s008-a054-w007	ظ ل م	ك ذ ب	10	9	9	1	23	37	intra_ayah:8:54:root:48
co-8_54-03100	8:54	w-s008-a054-w017	w-s008-a054-w015	ظ ل م	ك ل ل	2	2	2	1	21	27	intra_ayah:8:54:root:49
co-8_54-03101	8:54	w-s008-a054-w002	w-s008-a054-w017	ء و ل	ظ ل م	15	3	11	2	4	5	intra_ayah:8:54:root:5
co-8_54-03102	8:54	w-s008-a054-w013	w-s008-a054-w017	ء و ل	ظ ل م	4	3	11	2	4	5	intra_ayah:8:54:root:5
co-8_54-03103	8:54	w-s008-a054-w017	w-s008-a054-w016	ظ ل م	ك و ن	1	1	1	1	80	119	intra_ayah:8:54:root:50
co-8_54-03104	8:54	w-s008-a054-w017	w-s008-a054-w010	ظ ل م	ه ل ك	7	6	6	1	11	15	intra_ayah:8:54:root:51
co-8_54-03105	8:54	w-s008-a054-w012	w-s008-a054-w006	غ ر ق	ق ب ل	6	6	6	1	1	1	intra_ayah:8:54:root:52
co-8_54-03106	8:54	w-s008-a054-w012	w-s008-a054-w007	غ ر ق	ك ذ ب	5	5	5	1	6	8	intra_ayah:8:54:root:53
co-8_54-03107	8:54	w-s008-a054-w012	w-s008-a054-w015	غ ر ق	ك ل ل	3	2	2	1	3	3	intra_ayah:8:54:root:54
co-8_54-03108	8:54	w-s008-a054-w012	w-s008-a054-w016	غ ر ق	ك و ن	4	3	3	1	7	8	intra_ayah:8:54:root:55
co-8_54-03109	8:54	w-s008-a054-w012	w-s008-a054-w010	غ ر ق	ه ل ك	2	2	2	1	1	1	intra_ayah:8:54:root:56
co-8_54-03110	8:54	w-s008-a054-w006	w-s008-a054-w007	ق ب ل	ك ذ ب	1	1	1	1	24	33	intra_ayah:8:54:root:57
co-8_54-03111	8:54	w-s008-a054-w006	w-s008-a054-w015	ق ب ل	ك ل ل	9	8	8	1	14	18	intra_ayah:8:54:root:58
co-8_54-03112	8:54	w-s008-a054-w006	w-s008-a054-w016	ق ب ل	ك و ن	10	9	9	1	105	134	intra_ayah:8:54:root:59
co-8_54-03113	8:54	w-s008-a054-w002	w-s008-a054-w012	ء و ل	غ ر ق	10	1	7	2	2	3	intra_ayah:8:54:root:6
co-8_54-03114	8:54	w-s008-a054-w013	w-s008-a054-w012	ء و ل	غ ر ق	1	1	7	2	2	3	intra_ayah:8:54:root:6
co-8_54-03115	8:54	w-s008-a054-w006	w-s008-a054-w010	ق ب ل	ه ل ك	4	4	4	1	19	22	intra_ayah:8:54:root:60
co-8_54-03116	8:54	w-s008-a054-w007	w-s008-a054-w015	ك ذ ب	ك ل ل	8	7	7	1	16	16	intra_ayah:8:54:root:61
co-8_54-03117	8:54	w-s008-a054-w007	w-s008-a054-w016	ك ذ ب	ك و ن	9	8	8	1	64	82	intra_ayah:8:54:root:62
co-8_54-03118	8:54	w-s008-a054-w007	w-s008-a054-w010	ك ذ ب	ه ل ك	3	3	3	1	4	4	intra_ayah:8:54:root:63
co-8_54-03119	8:54	w-s008-a054-w015	w-s008-a054-w016	ك ل ل	ك و ن	1	1	1	1	77	125	intra_ayah:8:54:root:64
co-8_54-03120	8:54	w-s008-a054-w015	w-s008-a054-w010	ك ل ل	ه ل ك	5	4	4	1	4	5	intra_ayah:8:54:root:65
co-8_54-03121	8:54	w-s008-a054-w016	w-s008-a054-w010	ك و ن	ه ل ك	6	5	5	1	16	23	intra_ayah:8:54:root:66
co-8_54-03122	8:54	w-s008-a054-w002	w-s008-a054-w006	ء و ل	ق ب ل	4	1	7	2	18	21	intra_ayah:8:54:root:7
co-8_54-03123	8:54	w-s008-a054-w013	w-s008-a054-w006	ء و ل	ق ب ل	7	1	7	2	18	21	intra_ayah:8:54:root:7
co-8_54-03124	8:54	w-s008-a054-w002	w-s008-a054-w007	ء و ل	ك ذ ب	5	2	6	2	6	10	intra_ayah:8:54:root:8
co-8_54-03125	8:54	w-s008-a054-w013	w-s008-a054-w007	ء و ل	ك ذ ب	6	2	6	2	6	10	intra_ayah:8:54:root:8
co-8_54-03126	8:54	w-s008-a054-w002	w-s008-a054-w015	ء و ل	ك ل ل	13	1	9	2	11	15	intra_ayah:8:54:root:9
co-8_54-03127	8:54	w-s008-a054-w013	w-s008-a054-w015	ء و ل	ك ل ل	2	1	9	2	11	15	intra_ayah:8:54:root:9
co-8_55-03128	8:55	w-s008-a055-w005	w-s008-a055-w010	ء ل ه	ء م ن	5	2	2	1	372	843	intra_ayah:8:55:root:1
co-8_55-03129	8:55	w-s008-a055-w003	w-s008-a055-w002	د ب ب	ش ر ر	1	1	1	1	2	2	intra_ayah:8:55:root:10
co-8_55-03130	8:55	w-s008-a055-w003	w-s008-a055-w004	د ب ب	ع ن د	1	1	1	1	2	2	intra_ayah:8:55:root:11
co-8_55-03131	8:55	w-s008-a055-w003	w-s008-a055-w007	د ب ب	ك ف ر	4	3	3	1	1	1	intra_ayah:8:55:root:12
co-8_55-03132	8:55	w-s008-a055-w002	w-s008-a055-w004	ش ر ر	ع ن د	2	2	2	1	3	4	intra_ayah:8:55:root:13
co-8_55-03133	8:55	w-s008-a055-w002	w-s008-a055-w007	ش ر ر	ك ف ر	5	4	4	1	3	4	intra_ayah:8:55:root:14
co-8_55-03134	8:55	w-s008-a055-w004	w-s008-a055-w007	ع ن د	ك ف ر	3	2	2	1	25	38	intra_ayah:8:55:root:15
co-8_55-03135	8:55	w-s008-a055-w005	w-s008-a055-w003	ء ل ه	د ب ب	2	2	2	1	12	18	intra_ayah:8:55:root:2
co-8_55-03136	8:55	w-s008-a055-w005	w-s008-a055-w002	ء ل ه	ش ر ر	3	3	3	1	9	14	intra_ayah:8:55:root:3
co-8_55-03137	8:55	w-s008-a055-w005	w-s008-a055-w004	ء ل ه	ع ن د	1	1	1	1	112	219	intra_ayah:8:55:root:4
co-8_55-03138	8:55	w-s008-a055-w005	w-s008-a055-w007	ء ل ه	ك ف ر	2	1	1	1	225	443	intra_ayah:8:55:root:5
co-8_55-03139	8:55	w-s008-a055-w010	w-s008-a055-w003	ء م ن	د ب ب	7	4	4	1	1	1	intra_ayah:8:55:root:6
co-8_55-03140	8:55	w-s008-a055-w010	w-s008-a055-w002	ء م ن	ش ر ر	8	5	5	1	1	1	intra_ayah:8:55:root:7
co-8_55-03141	8:55	w-s008-a055-w010	w-s008-a055-w004	ء م ن	ع ن د	6	3	3	1	36	44	intra_ayah:8:55:root:8
co-8_55-03142	8:55	w-s008-a055-w010	w-s008-a055-w007	ء م ن	ك ف ر	3	1	1	1	126	190	intra_ayah:8:55:root:9
co-8_56-03143	8:56	w-s008-a056-w002	w-s008-a056-w008	ع ه د	ك ل ل	6	1	3	2	2	4	intra_ayah:8:56:root:1
co-8_56-03144	8:56	w-s008-a056-w006	w-s008-a056-w008	ع ه د	ك ل ل	2	1	3	2	2	4	intra_ayah:8:56:root:1
co-8_56-03145	8:56	w-s008-a056-w005	w-s008-a056-w012	ن ق ض	و ق ي	7	4	4	1	1	1	intra_ayah:8:56:root:10
co-8_56-03146	8:56	w-s008-a056-w002	w-s008-a056-w009	ع ه د	م ر ر	7	2	4	2	1	2	intra_ayah:8:56:root:2
co-8_56-03147	8:56	w-s008-a056-w006	w-s008-a056-w009	ع ه د	م ر ر	3	2	4	2	1	2	intra_ayah:8:56:root:2
co-8_56-03148	8:56	w-s008-a056-w002	w-s008-a056-w005	ع ه د	ن ق ض	3	1	1	2	5	7	intra_ayah:8:56:root:3
co-8_56-03149	8:56	w-s008-a056-w006	w-s008-a056-w005	ع ه د	ن ق ض	1	1	1	2	5	7	intra_ayah:8:56:root:3
co-8_56-03150	8:56	w-s008-a056-w002	w-s008-a056-w012	ع ه د	و ق ي	10	3	5	2	5	10	intra_ayah:8:56:root:4
co-8_56-03151	8:56	w-s008-a056-w006	w-s008-a056-w012	ع ه د	و ق ي	6	3	5	2	5	10	intra_ayah:8:56:root:4
co-8_56-03152	8:56	w-s008-a056-w008	w-s008-a056-w009	ك ل ل	م ر ر	1	1	1	1	7	9	intra_ayah:8:56:root:5
co-8_56-03153	8:56	w-s008-a056-w008	w-s008-a056-w005	ك ل ل	ن ق ض	3	2	2	1	1	1	intra_ayah:8:56:root:6
co-8_56-03154	8:56	w-s008-a056-w008	w-s008-a056-w012	ك ل ل	و ق ي	4	2	2	1	12	13	intra_ayah:8:56:root:7
co-8_56-03155	8:56	w-s008-a056-w009	w-s008-a056-w005	م ر ر	ن ق ض	4	3	3	1	1	1	intra_ayah:8:56:root:8
co-8_56-03156	8:56	w-s008-a056-w009	w-s008-a056-w012	م ر ر	و ق ي	3	1	1	1	1	1	intra_ayah:8:56:root:9
co-8_57-03157	8:57	w-s008-a057-w002	w-s008-a057-w004	ث ق ف	ح ر ب	2	1	1	1	1	1	intra_ayah:8:57:root:1
co-8_57-03158	8:57	w-s008-a057-w010	w-s008-a057-w005	ذ ك ر	ش ر د	5	2	2	1	1	1	intra_ayah:8:57:root:10
co-8_57-03159	8:57	w-s008-a057-w002	w-s008-a057-w008	ث ق ف	خ ل ف	6	3	3	1	1	1	intra_ayah:8:57:root:2
co-8_57-03160	8:57	w-s008-a057-w002	w-s008-a057-w010	ث ق ف	ذ ك ر	8	4	4	1	1	1	intra_ayah:8:57:root:3
co-8_57-03161	8:57	w-s008-a057-w002	w-s008-a057-w005	ث ق ف	ش ر د	3	2	2	1	1	1	intra_ayah:8:57:root:4
co-8_57-03162	8:57	w-s008-a057-w004	w-s008-a057-w008	ح ر ب	خ ل ف	4	2	2	1	2	2	intra_ayah:8:57:root:5
co-8_57-03163	8:57	w-s008-a057-w004	w-s008-a057-w010	ح ر ب	ذ ك ر	6	3	3	1	1	1	intra_ayah:8:57:root:6
co-8_57-03164	8:57	w-s008-a057-w004	w-s008-a057-w005	ح ر ب	ش ر د	1	1	1	1	1	1	intra_ayah:8:57:root:7
co-8_57-03165	8:57	w-s008-a057-w008	w-s008-a057-w010	خ ل ف	ذ ك ر	2	1	1	1	8	11	intra_ayah:8:57:root:8
co-8_57-03166	8:57	w-s008-a057-w008	w-s008-a057-w005	خ ل ف	ش ر د	3	1	1	1	1	1	intra_ayah:8:57:root:9
co-8_58-03167	8:58	w-s008-a058-w011	w-s008-a058-w013	ء ل ه	ح ب ب	2	1	1	1	57	123	intra_ayah:8:58:root:1
co-8_58-03168	8:58	w-s008-a058-w013	w-s008-a058-w004	ح ب ب	ق و م	9	5	5	1	13	19	intra_ayah:8:58:root:10
co-8_58-03169	8:58	w-s008-a058-w013	w-s008-a058-w006	ح ب ب	ن ب ذ	7	3	3	1	1	1	intra_ayah:8:58:root:11
co-8_58-03170	8:58	w-s008-a058-w002	w-s008-a058-w005	خ و ف	خ و ن	3	2	7	2	1	2	intra_ayah:8:58:root:12
co-8_58-03171	8:58	w-s008-a058-w002	w-s008-a058-w014	خ و ف	خ و ن	12	2	7	2	1	2	intra_ayah:8:58:root:12
co-8_58-03172	8:58	w-s008-a058-w002	w-s008-a058-w009	خ و ف	س و ي	7	4	4	1	3	4	intra_ayah:8:58:root:13
co-8_58-03173	8:58	w-s008-a058-w002	w-s008-a058-w004	خ و ف	ق و م	2	1	1	1	24	31	intra_ayah:8:58:root:14
co-8_58-03174	8:58	w-s008-a058-w002	w-s008-a058-w006	خ و ف	ن ب ذ	4	3	3	1	1	1	intra_ayah:8:58:root:15
co-8_58-03175	8:58	w-s008-a058-w005	w-s008-a058-w009	خ و ن	س و ي	4	2	3	2	1	2	intra_ayah:8:58:root:16
co-8_58-03176	8:58	w-s008-a058-w014	w-s008-a058-w009	خ و ن	س و ي	5	2	3	2	1	2	intra_ayah:8:58:root:16
co-8_58-03177	8:58	w-s008-a058-w005	w-s008-a058-w004	خ و ن	ق و م	1	1	6	2	1	2	intra_ayah:8:58:root:17
co-8_58-03178	8:58	w-s008-a058-w014	w-s008-a058-w004	خ و ن	ق و م	10	1	6	2	1	2	intra_ayah:8:58:root:17
co-8_58-03179	8:58	w-s008-a058-w005	w-s008-a058-w006	خ و ن	ن ب ذ	1	1	4	2	1	2	intra_ayah:8:58:root:18
co-8_58-03180	8:58	w-s008-a058-w014	w-s008-a058-w006	خ و ن	ن ب ذ	8	1	4	2	1	2	intra_ayah:8:58:root:18
co-8_58-03181	8:58	w-s008-a058-w009	w-s008-a058-w004	س و ي	ق و م	5	3	3	1	12	12	intra_ayah:8:58:root:19
co-8_58-03182	8:58	w-s008-a058-w011	w-s008-a058-w002	ء ل ه	خ و ف	9	5	5	1	44	72	intra_ayah:8:58:root:2
co-8_58-03183	8:58	w-s008-a058-w009	w-s008-a058-w006	س و ي	ن ب ذ	3	1	1	1	1	1	intra_ayah:8:58:root:20
co-8_58-03184	8:58	w-s008-a058-w004	w-s008-a058-w006	ق و م	ن ب ذ	2	2	2	1	1	1	intra_ayah:8:58:root:21
co-8_58-03185	8:58	w-s008-a058-w011	w-s008-a058-w005	ء ل ه	خ و ن	6	2	3	2	10	22	intra_ayah:8:58:root:3
co-8_58-03186	8:58	w-s008-a058-w011	w-s008-a058-w014	ء ل ه	خ و ن	3	2	3	2	10	22	intra_ayah:8:58:root:3
co-8_58-03187	8:58	w-s008-a058-w011	w-s008-a058-w009	ء ل ه	س و ي	2	1	1	1	29	57	intra_ayah:8:58:root:4
co-8_58-03188	8:58	w-s008-a058-w011	w-s008-a058-w004	ء ل ه	ق و م	7	4	4	1	242	460	intra_ayah:8:58:root:5
co-8_58-03189	8:58	w-s008-a058-w011	w-s008-a058-w006	ء ل ه	ن ب ذ	5	2	2	1	3	4	intra_ayah:8:58:root:6
co-8_58-03190	8:58	w-s008-a058-w013	w-s008-a058-w002	ح ب ب	خ و ف	11	6	6	1	2	3	intra_ayah:8:58:root:7
co-8_58-03191	8:58	w-s008-a058-w013	w-s008-a058-w005	ح ب ب	خ و ن	8	1	4	2	4	6	intra_ayah:8:58:root:8
co-8_58-03192	8:58	w-s008-a058-w013	w-s008-a058-w014	ح ب ب	خ و ن	1	1	4	2	4	6	intra_ayah:8:58:root:8
co-8_58-03193	8:58	w-s008-a058-w013	w-s008-a058-w009	ح ب ب	س و ي	4	2	2	1	1	1	intra_ayah:8:58:root:9
co-8_59-03194	8:59	w-s008-a059-w002	w-s008-a059-w005	ح س ب	س ب ق	3	2	2	1	2	2	intra_ayah:8:59:root:1
co-8_59-03195	8:59	w-s008-a059-w002	w-s008-a059-w008	ح س ب	ع ج ز	6	3	3	1	2	2	intra_ayah:8:59:root:2
co-8_59-03196	8:59	w-s008-a059-w002	w-s008-a059-w004	ح س ب	ك ف ر	2	1	1	1	10	13	intra_ayah:8:59:root:3
co-8_59-03197	8:59	w-s008-a059-w005	w-s008-a059-w008	س ب ق	ع ج ز	3	1	1	1	1	1	intra_ayah:8:59:root:4
co-8_59-03198	8:59	w-s008-a059-w005	w-s008-a059-w004	س ب ق	ك ف ر	1	1	1	1	2	2	intra_ayah:8:59:root:5
co-8_59-03199	8:59	w-s008-a059-w008	w-s008-a059-w004	ع ج ز	ك ف ر	4	2	2	1	4	4	intra_ayah:8:59:root:6
co-8_60-03200	8:60	w-s008-a060-w015	w-s008-a060-w013	ء خ ر	ء ل ه	2	2	8	3	123	229	intra_ayah:8:60:root:1
co-8_60-03201	8:60	w-s008-a060-w015	w-s008-a060-w020	ء خ ر	ء ل ه	5	2	8	3	123	229	intra_ayah:8:60:root:1
co-8_60-03202	8:60	w-s008-a060-w015	w-s008-a060-w028	ء خ ر	ء ل ه	13	2	8	3	123	229	intra_ayah:8:60:root:1
co-8_60-03203	8:60	w-s008-a060-w015	w-s008-a060-w001	ء خ ر	ع د د	14	9	9	1	9	11	intra_ayah:8:60:root:10
co-8_60-03204	8:60	w-s008-a060-w033	w-s008-a060-w001	ظ ل م	ع د د	32	19	19	1	5	6	intra_ayah:8:60:root:100
co-8_60-03205	8:60	w-s008-a060-w033	w-s008-a060-w012	ظ ل م	ع د و	21	11	13	2	9	11	intra_ayah:8:60:root:101
co-8_60-03206	8:60	w-s008-a060-w033	w-s008-a060-w014	ظ ل م	ع د و	19	11	13	2	9	11	intra_ayah:8:60:root:101
co-8_60-03207	8:60	w-s008-a060-w033	w-s008-a060-w019	ظ ل م	ع ل م	14	6	8	2	37	45	intra_ayah:8:60:root:102
co-8_60-03208	8:60	w-s008-a060-w033	w-s008-a060-w021	ظ ل م	ع ل م	12	6	8	2	37	45	intra_ayah:8:60:root:102
co-8_60-03209	8:60	w-s008-a060-w033	w-s008-a060-w006	ظ ل م	ق و ي	27	17	17	1	3	4	intra_ayah:8:60:root:103
co-8_60-03210	8:60	w-s008-a060-w033	w-s008-a060-w023	ظ ل م	ن ف ق	10	5	5	1	5	10	intra_ayah:8:60:root:104
co-8_60-03211	8:60	w-s008-a060-w033	w-s008-a060-w029	ظ ل م	و ف ي	4	1	1	1	11	11	intra_ayah:8:60:root:105
co-8_60-03212	8:60	w-s008-a060-w001	w-s008-a060-w012	ع د د	ع د و	11	6	8	2	2	4	intra_ayah:8:60:root:106
co-8_60-03213	8:60	w-s008-a060-w001	w-s008-a060-w014	ع د د	ع د و	13	6	8	2	2	4	intra_ayah:8:60:root:106
co-8_60-03214	8:60	w-s008-a060-w001	w-s008-a060-w019	ع د د	ع ل م	18	11	13	2	11	15	intra_ayah:8:60:root:107
co-8_60-03215	8:60	w-s008-a060-w001	w-s008-a060-w021	ع د د	ع ل م	20	11	13	2	11	15	intra_ayah:8:60:root:107
co-8_60-03216	8:60	w-s008-a060-w001	w-s008-a060-w006	ع د د	ق و ي	5	2	2	1	1	1	intra_ayah:8:60:root:108
co-8_60-03217	8:60	w-s008-a060-w001	w-s008-a060-w023	ع د د	ن ف ق	22	14	14	1	2	3	intra_ayah:8:60:root:109
co-8_60-03218	8:60	w-s008-a060-w015	w-s008-a060-w012	ء خ ر	ع د و	3	1	3	2	2	3	intra_ayah:8:60:root:11
co-8_60-03219	8:60	w-s008-a060-w015	w-s008-a060-w014	ء خ ر	ع د و	1	1	3	2	2	3	intra_ayah:8:60:root:11
co-8_60-03220	8:60	w-s008-a060-w001	w-s008-a060-w029	ع د د	و ف ي	28	18	18	1	1	1	intra_ayah:8:60:root:110
co-8_60-03221	8:60	w-s008-a060-w012	w-s008-a060-w019	ع د و	ع ل م	7	3	7	4	12	21	intra_ayah:8:60:root:111
co-8_60-03222	8:60	w-s008-a060-w012	w-s008-a060-w021	ع د و	ع ل م	9	3	7	4	12	21	intra_ayah:8:60:root:111
co-8_60-03223	8:60	w-s008-a060-w014	w-s008-a060-w019	ع د و	ع ل م	5	3	7	4	12	21	intra_ayah:8:60:root:111
co-8_60-03224	8:60	w-s008-a060-w014	w-s008-a060-w021	ع د و	ع ل م	7	3	7	4	12	21	intra_ayah:8:60:root:111
co-8_60-03225	8:60	w-s008-a060-w012	w-s008-a060-w006	ع د و	ق و ي	6	4	6	2	1	2	intra_ayah:8:60:root:112
co-8_60-03226	8:60	w-s008-a060-w014	w-s008-a060-w006	ع د و	ق و ي	8	4	6	2	1	2	intra_ayah:8:60:root:112
co-8_60-03227	8:60	w-s008-a060-w012	w-s008-a060-w023	ع د و	ن ف ق	11	6	8	2	2	3	intra_ayah:8:60:root:113
co-8_60-03228	8:60	w-s008-a060-w014	w-s008-a060-w023	ع د و	ن ف ق	9	6	8	2	2	3	intra_ayah:8:60:root:113
co-8_60-03229	8:60	w-s008-a060-w012	w-s008-a060-w029	ع د و	و ف ي	17	10	12	2	1	2	intra_ayah:8:60:root:114
co-8_60-03230	8:60	w-s008-a060-w014	w-s008-a060-w029	ع د و	و ف ي	15	10	12	2	1	2	intra_ayah:8:60:root:114
co-8_60-03231	8:60	w-s008-a060-w019	w-s008-a060-w006	ع ل م	ق و ي	13	9	11	2	6	9	intra_ayah:8:60:root:115
co-8_60-03232	8:60	w-s008-a060-w021	w-s008-a060-w006	ع ل م	ق و ي	15	9	11	2	6	9	intra_ayah:8:60:root:115
co-8_60-03233	8:60	w-s008-a060-w019	w-s008-a060-w023	ع ل م	ن ف ق	4	1	3	2	18	39	intra_ayah:8:60:root:116
co-8_60-03234	8:60	w-s008-a060-w021	w-s008-a060-w023	ع ل م	ن ف ق	2	1	3	2	18	39	intra_ayah:8:60:root:116
co-8_60-03235	8:60	w-s008-a060-w019	w-s008-a060-w029	ع ل م	و ف ي	10	5	7	2	9	13	intra_ayah:8:60:root:117
co-8_60-03236	8:60	w-s008-a060-w021	w-s008-a060-w029	ع ل م	و ف ي	8	5	7	2	9	13	intra_ayah:8:60:root:117
co-8_60-03237	8:60	w-s008-a060-w006	w-s008-a060-w023	ق و ي	ن ف ق	17	12	12	1	1	1	intra_ayah:8:60:root:118
co-8_60-03238	8:60	w-s008-a060-w006	w-s008-a060-w029	ق و ي	و ف ي	23	16	16	1	1	1	intra_ayah:8:60:root:119
co-8_60-03239	8:60	w-s008-a060-w015	w-s008-a060-w019	ء خ ر	ع ل م	4	2	4	2	34	53	intra_ayah:8:60:root:12
co-8_60-03240	8:60	w-s008-a060-w015	w-s008-a060-w021	ء خ ر	ع ل م	6	2	4	2	34	53	intra_ayah:8:60:root:12
co-8_60-03241	8:60	w-s008-a060-w023	w-s008-a060-w029	ن ف ق	و ف ي	6	4	4	1	2	4	intra_ayah:8:60:root:120
co-8_60-03242	8:60	w-s008-a060-w015	w-s008-a060-w006	ء خ ر	ق و ي	9	7	7	1	2	2	intra_ayah:8:60:root:13
co-8_60-03243	8:60	w-s008-a060-w015	w-s008-a060-w023	ء خ ر	ن ف ق	8	5	5	1	7	7	intra_ayah:8:60:root:14
co-8_60-03244	8:60	w-s008-a060-w015	w-s008-a060-w029	ء خ ر	و ف ي	14	9	9	1	4	4	intra_ayah:8:60:root:15
co-8_60-03245	8:60	w-s008-a060-w013	w-s008-a060-w009	ء ل ه	خ ي ل	4	3	13	3	6	11	intra_ayah:8:60:root:16
co-8_60-03246	8:60	w-s008-a060-w020	w-s008-a060-w009	ء ل ه	خ ي ل	11	3	13	3	6	11	intra_ayah:8:60:root:16
co-8_60-03247	8:60	w-s008-a060-w028	w-s008-a060-w009	ء ل ه	خ ي ل	19	3	13	3	6	11	intra_ayah:8:60:root:16
co-8_60-03248	8:60	w-s008-a060-w013	w-s008-a060-w017	ء ل ه	د و ن	4	2	7	3	109	173	intra_ayah:8:60:root:17
co-8_60-03249	8:60	w-s008-a060-w020	w-s008-a060-w017	ء ل ه	د و ن	3	2	7	3	109	173	intra_ayah:8:60:root:17
co-8_60-03250	8:60	w-s008-a060-w028	w-s008-a060-w017	ء ل ه	د و ن	11	2	7	3	109	173	intra_ayah:8:60:root:17
co-8_60-03251	8:60	w-s008-a060-w013	w-s008-a060-w008	ء ل ه	ر ب ط	5	4	14	3	3	5	intra_ayah:8:60:root:18
co-8_60-03252	8:60	w-s008-a060-w020	w-s008-a060-w008	ء ل ه	ر ب ط	12	4	14	3	3	5	intra_ayah:8:60:root:18
co-8_60-03253	8:60	w-s008-a060-w028	w-s008-a060-w008	ء ل ه	ر ب ط	20	4	14	3	3	5	intra_ayah:8:60:root:18
co-8_60-03254	8:60	w-s008-a060-w013	w-s008-a060-w010	ء ل ه	ر ه ب	3	2	12	3	6	13	intra_ayah:8:60:root:19
co-8_60-03255	8:60	w-s008-a060-w020	w-s008-a060-w010	ء ل ه	ر ه ب	10	2	12	3	6	13	intra_ayah:8:60:root:19
co-8_60-03256	8:60	w-s008-a060-w028	w-s008-a060-w010	ء ل ه	ر ه ب	18	2	12	3	6	13	intra_ayah:8:60:root:19
co-8_60-03257	8:60	w-s008-a060-w015	w-s008-a060-w009	ء خ ر	خ ي ل	6	5	5	1	1	1	intra_ayah:8:60:root:2
co-8_60-03258	8:60	w-s008-a060-w013	w-s008-a060-w027	ء ل ه	س ب ل	14	1	9	3	112	220	intra_ayah:8:60:root:20
co-8_60-03259	8:60	w-s008-a060-w020	w-s008-a060-w027	ء ل ه	س ب ل	7	1	9	3	112	220	intra_ayah:8:60:root:20
co-8_60-03260	8:60	w-s008-a060-w028	w-s008-a060-w027	ء ل ه	س ب ل	1	1	9	3	112	220	intra_ayah:8:60:root:20
co-8_60-03261	8:60	w-s008-a060-w013	w-s008-a060-w025	ء ل ه	ش ي ء	12	2	8	3	282	596	intra_ayah:8:60:root:21
co-8_60-03262	8:60	w-s008-a060-w020	w-s008-a060-w025	ء ل ه	ش ي ء	5	2	8	3	282	596	intra_ayah:8:60:root:21
co-8_60-03263	8:60	w-s008-a060-w028	w-s008-a060-w025	ء ل ه	ش ي ء	3	2	8	3	282	596	intra_ayah:8:60:root:21
co-8_60-03264	8:60	w-s008-a060-w013	w-s008-a060-w004	ء ل ه	ط و ع	9	6	16	3	72	125	intra_ayah:8:60:root:22
co-8_60-03265	8:60	w-s008-a060-w020	w-s008-a060-w004	ء ل ه	ط و ع	16	6	16	3	72	125	intra_ayah:8:60:root:22
co-8_60-03266	8:60	w-s008-a060-w028	w-s008-a060-w004	ء ل ه	ط و ع	24	6	16	3	72	125	intra_ayah:8:60:root:22
co-8_60-03267	8:60	w-s008-a060-w013	w-s008-a060-w033	ء ل ه	ظ ل م	20	2	12	3	131	222	intra_ayah:8:60:root:23
co-8_60-03268	8:60	w-s008-a060-w020	w-s008-a060-w033	ء ل ه	ظ ل م	13	2	12	3	131	222	intra_ayah:8:60:root:23
co-8_60-03269	8:60	w-s008-a060-w028	w-s008-a060-w033	ء ل ه	ظ ل م	5	2	12	3	131	222	intra_ayah:8:60:root:23
co-8_60-03270	8:60	w-s008-a060-w013	w-s008-a060-w001	ء ل ه	ع د د	12	7	17	3	26	56	intra_ayah:8:60:root:24
co-8_60-03271	8:60	w-s008-a060-w020	w-s008-a060-w001	ء ل ه	ع د د	19	7	17	3	26	56	intra_ayah:8:60:root:24
co-8_60-03272	8:60	w-s008-a060-w028	w-s008-a060-w001	ء ل ه	ع د د	27	7	17	3	26	56	intra_ayah:8:60:root:24
co-8_60-03273	8:60	w-s008-a060-w013	w-s008-a060-w012	ء ل ه	ع د و	1	1	11	6	46	110	intra_ayah:8:60:root:25
co-8_60-03274	8:60	w-s008-a060-w013	w-s008-a060-w014	ء ل ه	ع د و	1	1	11	6	46	110	intra_ayah:8:60:root:25
co-8_60-03275	8:60	w-s008-a060-w020	w-s008-a060-w012	ء ل ه	ع د و	8	1	11	6	46	110	intra_ayah:8:60:root:25
co-8_60-03276	8:60	w-s008-a060-w020	w-s008-a060-w014	ء ل ه	ع د و	6	1	11	6	46	110	intra_ayah:8:60:root:25
co-8_60-03277	8:60	w-s008-a060-w028	w-s008-a060-w012	ء ل ه	ع د و	16	1	11	6	46	110	intra_ayah:8:60:root:25
co-8_60-03278	8:60	w-s008-a060-w028	w-s008-a060-w014	ء ل ه	ع د و	14	1	11	6	46	110	intra_ayah:8:60:root:25
co-8_60-03279	8:60	w-s008-a060-w013	w-s008-a060-w019	ء ل ه	ع ل م	6	1	6	6	408	878	intra_ayah:8:60:root:26
co-8_60-03280	8:60	w-s008-a060-w013	w-s008-a060-w021	ء ل ه	ع ل م	8	1	6	6	408	878	intra_ayah:8:60:root:26
co-8_60-03281	8:60	w-s008-a060-w020	w-s008-a060-w019	ء ل ه	ع ل م	1	1	6	6	408	878	intra_ayah:8:60:root:26
co-8_60-03282	8:60	w-s008-a060-w020	w-s008-a060-w021	ء ل ه	ع ل م	1	1	6	6	408	878	intra_ayah:8:60:root:26
co-8_60-03283	8:60	w-s008-a060-w028	w-s008-a060-w019	ء ل ه	ع ل م	9	1	6	6	408	878	intra_ayah:8:60:root:26
co-8_60-03284	8:60	w-s008-a060-w028	w-s008-a060-w021	ء ل ه	ع ل م	7	1	6	6	408	878	intra_ayah:8:60:root:26
co-8_60-03285	8:60	w-s008-a060-w013	w-s008-a060-w006	ء ل ه	ق و ي	7	5	15	3	20	41	intra_ayah:8:60:root:27
co-8_60-03286	8:60	w-s008-a060-w020	w-s008-a060-w006	ء ل ه	ق و ي	14	5	15	3	20	41	intra_ayah:8:60:root:27
co-8_60-03287	8:60	w-s008-a060-w028	w-s008-a060-w006	ء ل ه	ق و ي	22	5	15	3	20	41	intra_ayah:8:60:root:27
co-8_60-03288	8:60	w-s008-a060-w013	w-s008-a060-w023	ء ل ه	ن ف ق	10	2	7	3	61	152	intra_ayah:8:60:root:28
co-8_60-03289	8:60	w-s008-a060-w020	w-s008-a060-w023	ء ل ه	ن ف ق	3	2	7	3	61	152	intra_ayah:8:60:root:28
co-8_60-03290	8:60	w-s008-a060-w028	w-s008-a060-w023	ء ل ه	ن ف ق	5	2	7	3	61	152	intra_ayah:8:60:root:28
co-8_60-03291	8:60	w-s008-a060-w013	w-s008-a060-w029	ء ل ه	و ف ي	16	1	11	3	31	47	intra_ayah:8:60:root:29
co-8_60-03292	8:60	w-s008-a060-w020	w-s008-a060-w029	ء ل ه	و ف ي	9	1	11	3	31	47	intra_ayah:8:60:root:29
co-8_60-03293	8:60	w-s008-a060-w028	w-s008-a060-w029	ء ل ه	و ف ي	1	1	11	3	31	47	intra_ayah:8:60:root:29
co-8_60-03294	8:60	w-s008-a060-w015	w-s008-a060-w017	ء خ ر	د و ن	2	1	1	1	3	3	intra_ayah:8:60:root:3
co-8_60-03295	8:60	w-s008-a060-w009	w-s008-a060-w017	خ ي ل	د و ن	8	6	6	1	1	1	intra_ayah:8:60:root:30
co-8_60-03296	8:60	w-s008-a060-w009	w-s008-a060-w008	خ ي ل	ر ب ط	1	1	1	1	1	1	intra_ayah:8:60:root:31
co-8_60-03297	8:60	w-s008-a060-w009	w-s008-a060-w010	خ ي ل	ر ه ب	1	1	1	1	1	1	intra_ayah:8:60:root:32
co-8_60-03298	8:60	w-s008-a060-w009	w-s008-a060-w027	خ ي ل	س ب ل	18	12	12	1	2	2	intra_ayah:8:60:root:33
co-8_60-03299	8:60	w-s008-a060-w009	w-s008-a060-w025	خ ي ل	ش ي ء	16	11	11	1	3	4	intra_ayah:8:60:root:34
co-8_60-03300	8:60	w-s008-a060-w009	w-s008-a060-w004	خ ي ل	ط و ع	5	3	3	1	2	2	intra_ayah:8:60:root:35
co-8_60-03301	8:60	w-s008-a060-w009	w-s008-a060-w033	خ ي ل	ظ ل م	24	15	15	1	1	1	intra_ayah:8:60:root:36
co-8_60-03302	8:60	w-s008-a060-w009	w-s008-a060-w001	خ ي ل	ع د د	8	4	4	1	1	1	intra_ayah:8:60:root:37
co-8_60-03303	8:60	w-s008-a060-w009	w-s008-a060-w012	خ ي ل	ع د و	3	2	4	2	1	2	intra_ayah:8:60:root:38
co-8_60-03304	8:60	w-s008-a060-w009	w-s008-a060-w014	خ ي ل	ع د و	5	2	4	2	1	2	intra_ayah:8:60:root:38
co-8_60-03305	8:60	w-s008-a060-w009	w-s008-a060-w019	خ ي ل	ع ل م	10	7	9	2	2	3	intra_ayah:8:60:root:39
co-8_60-03306	8:60	w-s008-a060-w009	w-s008-a060-w021	خ ي ل	ع ل م	12	7	9	2	2	3	intra_ayah:8:60:root:39
co-8_60-03307	8:60	w-s008-a060-w015	w-s008-a060-w008	ء خ ر	ر ب ط	7	6	6	1	1	1	intra_ayah:8:60:root:4
co-8_60-03308	8:60	w-s008-a060-w009	w-s008-a060-w006	خ ي ل	ق و ي	3	2	2	1	1	1	intra_ayah:8:60:root:40
co-8_60-03309	8:60	w-s008-a060-w009	w-s008-a060-w023	خ ي ل	ن ف ق	14	10	10	1	1	1	intra_ayah:8:60:root:41
co-8_60-03310	8:60	w-s008-a060-w009	w-s008-a060-w029	خ ي ل	و ف ي	20	14	14	1	1	1	intra_ayah:8:60:root:42
co-8_60-03311	8:60	w-s008-a060-w017	w-s008-a060-w008	د و ن	ر ب ط	9	7	7	1	2	2	intra_ayah:8:60:root:43
co-8_60-03312	8:60	w-s008-a060-w017	w-s008-a060-w010	د و ن	ر ه ب	7	5	5	1	2	2	intra_ayah:8:60:root:44
co-8_60-03313	8:60	w-s008-a060-w017	w-s008-a060-w027	د و ن	س ب ل	10	6	6	1	4	4	intra_ayah:8:60:root:45
co-8_60-03314	8:60	w-s008-a060-w017	w-s008-a060-w025	د و ن	ش ي ء	8	5	5	1	24	29	intra_ayah:8:60:root:46
co-8_60-03315	8:60	w-s008-a060-w017	w-s008-a060-w004	د و ن	ط و ع	13	9	9	1	7	7	intra_ayah:8:60:root:47
co-8_60-03316	8:60	w-s008-a060-w017	w-s008-a060-w033	د و ن	ظ ل م	16	9	9	1	14	15	intra_ayah:8:60:root:48
co-8_60-03317	8:60	w-s008-a060-w017	w-s008-a060-w001	د و ن	ع د د	16	10	10	1	1	1	intra_ayah:8:60:root:49
co-8_60-03318	8:60	w-s008-a060-w015	w-s008-a060-w010	ء خ ر	ر ه ب	5	4	4	1	1	1	intra_ayah:8:60:root:5
co-8_60-03319	8:60	w-s008-a060-w017	w-s008-a060-w012	د و ن	ع د و	5	2	4	2	4	5	intra_ayah:8:60:root:50
co-8_60-03320	8:60	w-s008-a060-w017	w-s008-a060-w014	د و ن	ع د و	3	2	4	2	4	5	intra_ayah:8:60:root:50
co-8_60-03321	8:60	w-s008-a060-w017	w-s008-a060-w019	د و ن	ع ل م	2	1	3	2	22	27	intra_ayah:8:60:root:51
co-8_60-03322	8:60	w-s008-a060-w017	w-s008-a060-w021	د و ن	ع ل م	4	1	3	2	22	27	intra_ayah:8:60:root:51
co-8_60-03323	8:60	w-s008-a060-w017	w-s008-a060-w006	د و ن	ق و ي	11	8	8	1	2	2	intra_ayah:8:60:root:52
co-8_60-03324	8:60	w-s008-a060-w017	w-s008-a060-w023	د و ن	ن ف ق	6	4	4	1	1	1	intra_ayah:8:60:root:53
co-8_60-03325	8:60	w-s008-a060-w017	w-s008-a060-w029	د و ن	و ف ي	12	8	8	1	4	4	intra_ayah:8:60:root:54
co-8_60-03326	8:60	w-s008-a060-w008	w-s008-a060-w010	ر ب ط	ر ه ب	2	2	2	1	1	1	intra_ayah:8:60:root:55
co-8_60-03327	8:60	w-s008-a060-w008	w-s008-a060-w027	ر ب ط	س ب ل	19	13	13	1	1	1	intra_ayah:8:60:root:56
co-8_60-03328	8:60	w-s008-a060-w008	w-s008-a060-w025	ر ب ط	ش ي ء	17	12	12	1	1	1	intra_ayah:8:60:root:57
co-8_60-03329	8:60	w-s008-a060-w008	w-s008-a060-w004	ر ب ط	ط و ع	4	2	2	1	1	1	intra_ayah:8:60:root:58
co-8_60-03330	8:60	w-s008-a060-w008	w-s008-a060-w033	ر ب ط	ظ ل م	25	16	16	1	1	1	intra_ayah:8:60:root:59
co-8_60-03331	8:60	w-s008-a060-w015	w-s008-a060-w027	ء خ ر	س ب ل	12	7	7	1	12	15	intra_ayah:8:60:root:6
co-8_60-03332	8:60	w-s008-a060-w008	w-s008-a060-w001	ر ب ط	ع د د	7	3	3	1	1	1	intra_ayah:8:60:root:60
co-8_60-03333	8:60	w-s008-a060-w008	w-s008-a060-w012	ر ب ط	ع د و	4	3	5	2	1	2	intra_ayah:8:60:root:61
co-8_60-03334	8:60	w-s008-a060-w008	w-s008-a060-w014	ر ب ط	ع د و	6	3	5	2	1	2	intra_ayah:8:60:root:61
co-8_60-03335	8:60	w-s008-a060-w008	w-s008-a060-w019	ر ب ط	ع ل م	11	8	10	2	1	2	intra_ayah:8:60:root:62
co-8_60-03336	8:60	w-s008-a060-w008	w-s008-a060-w021	ر ب ط	ع ل م	13	8	10	2	1	2	intra_ayah:8:60:root:62
co-8_60-03337	8:60	w-s008-a060-w008	w-s008-a060-w006	ر ب ط	ق و ي	2	1	1	1	1	1	intra_ayah:8:60:root:63
co-8_60-03338	8:60	w-s008-a060-w008	w-s008-a060-w023	ر ب ط	ن ف ق	15	11	11	1	1	1	intra_ayah:8:60:root:64
co-8_60-03339	8:60	w-s008-a060-w008	w-s008-a060-w029	ر ب ط	و ف ي	21	15	15	1	1	1	intra_ayah:8:60:root:65
co-8_60-03340	8:60	w-s008-a060-w010	w-s008-a060-w027	ر ه ب	س ب ل	17	11	11	1	2	3	intra_ayah:8:60:root:66
co-8_60-03341	8:60	w-s008-a060-w010	w-s008-a060-w025	ر ه ب	ش ي ء	15	10	10	1	1	1	intra_ayah:8:60:root:67
co-8_60-03342	8:60	w-s008-a060-w010	w-s008-a060-w004	ر ه ب	ط و ع	6	4	4	1	1	1	intra_ayah:8:60:root:68
co-8_60-03343	8:60	w-s008-a060-w010	w-s008-a060-w033	ر ه ب	ظ ل م	23	14	14	1	1	1	intra_ayah:8:60:root:69
co-8_60-03344	8:60	w-s008-a060-w015	w-s008-a060-w025	ء خ ر	ش ي ء	10	6	6	1	24	28	intra_ayah:8:60:root:7
co-8_60-03345	8:60	w-s008-a060-w010	w-s008-a060-w001	ر ه ب	ع د د	9	5	5	1	1	1	intra_ayah:8:60:root:70
co-8_60-03346	8:60	w-s008-a060-w010	w-s008-a060-w012	ر ه ب	ع د و	2	1	3	2	2	3	intra_ayah:8:60:root:71
co-8_60-03347	8:60	w-s008-a060-w010	w-s008-a060-w014	ر ه ب	ع د و	4	1	3	2	2	3	intra_ayah:8:60:root:71
co-8_60-03348	8:60	w-s008-a060-w010	w-s008-a060-w019	ر ه ب	ع ل م	9	6	8	2	1	2	intra_ayah:8:60:root:72
co-8_60-03349	8:60	w-s008-a060-w010	w-s008-a060-w021	ر ه ب	ع ل م	11	6	8	2	1	2	intra_ayah:8:60:root:72
co-8_60-03350	8:60	w-s008-a060-w010	w-s008-a060-w006	ر ه ب	ق و ي	4	3	3	1	1	1	intra_ayah:8:60:root:73
co-8_60-03351	8:60	w-s008-a060-w010	w-s008-a060-w023	ر ه ب	ن ف ق	13	9	9	1	2	2	intra_ayah:8:60:root:74
co-8_60-03352	8:60	w-s008-a060-w010	w-s008-a060-w029	ر ه ب	و ف ي	19	13	13	1	2	3	intra_ayah:8:60:root:75
co-8_60-03353	8:60	w-s008-a060-w027	w-s008-a060-w025	س ب ل	ش ي ء	2	1	1	1	16	17	intra_ayah:8:60:root:76
co-8_60-03354	8:60	w-s008-a060-w027	w-s008-a060-w004	س ب ل	ط و ع	23	15	15	1	11	11	intra_ayah:8:60:root:77
co-8_60-03355	8:60	w-s008-a060-w027	w-s008-a060-w033	س ب ل	ظ ل م	6	3	3	1	12	13	intra_ayah:8:60:root:78
co-8_60-03356	8:60	w-s008-a060-w027	w-s008-a060-w001	س ب ل	ع د د	26	16	16	1	1	1	intra_ayah:8:60:root:79
co-8_60-03357	8:60	w-s008-a060-w015	w-s008-a060-w004	ء خ ر	ط و ع	11	8	8	1	5	6	intra_ayah:8:60:root:8
co-8_60-03358	8:60	w-s008-a060-w027	w-s008-a060-w012	س ب ل	ع د و	15	8	10	2	4	9	intra_ayah:8:60:root:80
co-8_60-03359	8:60	w-s008-a060-w027	w-s008-a060-w014	س ب ل	ع د و	13	8	10	2	4	9	intra_ayah:8:60:root:80
co-8_60-03360	8:60	w-s008-a060-w027	w-s008-a060-w019	س ب ل	ع ل م	8	3	5	2	29	45	intra_ayah:8:60:root:81
co-8_60-03361	8:60	w-s008-a060-w027	w-s008-a060-w021	س ب ل	ع ل م	6	3	5	2	29	45	intra_ayah:8:60:root:81
co-8_60-03362	8:60	w-s008-a060-w027	w-s008-a060-w006	س ب ل	ق و ي	21	14	14	1	1	1	intra_ayah:8:60:root:82
co-8_60-03363	8:60	w-s008-a060-w027	w-s008-a060-w023	س ب ل	ن ف ق	4	2	2	1	14	20	intra_ayah:8:60:root:83
co-8_60-03364	8:60	w-s008-a060-w027	w-s008-a060-w029	س ب ل	و ف ي	2	2	2	1	4	4	intra_ayah:8:60:root:84
co-8_60-03365	8:60	w-s008-a060-w025	w-s008-a060-w004	ش ي ء	ط و ع	21	14	14	1	7	9	intra_ayah:8:60:root:85
co-8_60-03366	8:60	w-s008-a060-w025	w-s008-a060-w033	ش ي ء	ظ ل م	8	4	4	1	25	33	intra_ayah:8:60:root:86
co-8_60-03367	8:60	w-s008-a060-w025	w-s008-a060-w001	ش ي ء	ع د د	24	15	15	1	6	7	intra_ayah:8:60:root:87
co-8_60-03368	8:60	w-s008-a060-w025	w-s008-a060-w012	ش ي ء	ع د و	13	7	9	2	8	10	intra_ayah:8:60:root:88
co-8_60-03369	8:60	w-s008-a060-w025	w-s008-a060-w014	ش ي ء	ع د و	11	7	9	2	8	10	intra_ayah:8:60:root:88
co-8_60-03370	8:60	w-s008-a060-w025	w-s008-a060-w019	ش ي ء	ع ل م	6	2	4	2	95	157	intra_ayah:8:60:root:89
co-8_60-03371	8:60	w-s008-a060-w025	w-s008-a060-w021	ش ي ء	ع ل م	4	2	4	2	95	157	intra_ayah:8:60:root:89
co-8_60-03372	8:60	w-s008-a060-w015	w-s008-a060-w033	ء خ ر	ظ ل م	18	10	10	1	12	14	intra_ayah:8:60:root:9
co-8_60-03373	8:60	w-s008-a060-w025	w-s008-a060-w006	ش ي ء	ق و ي	19	13	13	1	6	8	intra_ayah:8:60:root:90
co-8_60-03374	8:60	w-s008-a060-w025	w-s008-a060-w023	ش ي ء	ن ف ق	2	1	1	1	12	16	intra_ayah:8:60:root:91
co-8_60-03375	8:60	w-s008-a060-w025	w-s008-a060-w029	ش ي ء	و ف ي	4	3	3	1	8	9	intra_ayah:8:60:root:92
co-8_60-03376	8:60	w-s008-a060-w004	w-s008-a060-w033	ط و ع	ظ ل م	29	18	18	1	4	4	intra_ayah:8:60:root:93
co-8_60-03377	8:60	w-s008-a060-w004	w-s008-a060-w001	ط و ع	ع د د	3	1	1	1	2	3	intra_ayah:8:60:root:94
co-8_60-03378	8:60	w-s008-a060-w004	w-s008-a060-w012	ط و ع	ع د و	8	5	7	2	2	3	intra_ayah:8:60:root:95
co-8_60-03379	8:60	w-s008-a060-w004	w-s008-a060-w014	ط و ع	ع د و	10	5	7	2	2	3	intra_ayah:8:60:root:95
co-8_60-03380	8:60	w-s008-a060-w004	w-s008-a060-w019	ط و ع	ع ل م	15	10	12	2	15	19	intra_ayah:8:60:root:96
co-8_60-03381	8:60	w-s008-a060-w004	w-s008-a060-w021	ط و ع	ع ل م	17	10	12	2	15	19	intra_ayah:8:60:root:96
co-8_60-03382	8:60	w-s008-a060-w004	w-s008-a060-w006	ط و ع	ق و ي	2	1	1	1	1	1	intra_ayah:8:60:root:97
co-8_60-03383	8:60	w-s008-a060-w004	w-s008-a060-w023	ط و ع	ن ف ق	19	13	13	1	9	10	intra_ayah:8:60:root:98
co-8_60-03384	8:60	w-s008-a060-w004	w-s008-a060-w029	ط و ع	و ف ي	25	17	17	1	1	1	intra_ayah:8:60:root:99
co-8_61-03385	8:61	w-s008-a061-w008	w-s008-a061-w002	ء ل ه	ج ن ح	6	2	4	2	24	49	intra_ayah:8:61:root:1
co-8_61-03386	8:61	w-s008-a061-w008	w-s008-a061-w004	ء ل ه	ج ن ح	4	2	4	2	24	49	intra_ayah:8:61:root:1
co-8_61-03387	8:61	w-s008-a061-w003	w-s008-a061-w011	س ل م	س م ع	8	4	4	1	6	7	intra_ayah:8:61:root:10
co-8_61-03388	8:61	w-s008-a061-w003	w-s008-a061-w012	س ل م	ع ل م	9	5	5	1	17	20	intra_ayah:8:61:root:11
co-8_61-03389	8:61	w-s008-a061-w003	w-s008-a061-w006	س ل م	و ك ل	3	2	2	1	2	2	intra_ayah:8:61:root:12
co-8_61-03390	8:61	w-s008-a061-w011	w-s008-a061-w012	س م ع	ع ل م	1	1	1	1	44	49	intra_ayah:8:61:root:13
co-8_61-03391	8:61	w-s008-a061-w011	w-s008-a061-w006	س م ع	و ك ل	5	2	2	1	1	1	intra_ayah:8:61:root:14
co-8_61-03392	8:61	w-s008-a061-w012	w-s008-a061-w006	ع ل م	و ك ل	6	3	3	1	4	4	intra_ayah:8:61:root:15
co-8_61-03393	8:61	w-s008-a061-w008	w-s008-a061-w003	ء ل ه	س ل م	5	3	3	1	57	108	intra_ayah:8:61:root:2
co-8_61-03394	8:61	w-s008-a061-w008	w-s008-a061-w011	ء ل ه	س م ع	3	1	1	1	70	128	intra_ayah:8:61:root:3
co-8_61-03395	8:61	w-s008-a061-w008	w-s008-a061-w012	ء ل ه	ع ل م	4	2	2	1	408	878	intra_ayah:8:61:root:4
co-8_61-03396	8:61	w-s008-a061-w008	w-s008-a061-w006	ء ل ه	و ك ل	2	1	1	1	45	108	intra_ayah:8:61:root:5
co-8_61-03397	8:61	w-s008-a061-w002	w-s008-a061-w003	ج ن ح	س ل م	1	1	1	2	3	5	intra_ayah:8:61:root:6
co-8_61-03398	8:61	w-s008-a061-w004	w-s008-a061-w003	ج ن ح	س ل م	1	1	1	2	3	5	intra_ayah:8:61:root:6
co-8_61-03399	8:61	w-s008-a061-w002	w-s008-a061-w011	ج ن ح	س م ع	9	3	5	2	2	3	intra_ayah:8:61:root:7
co-8_61-03400	8:61	w-s008-a061-w004	w-s008-a061-w011	ج ن ح	س م ع	7	3	5	2	2	3	intra_ayah:8:61:root:7
co-8_61-03401	8:61	w-s008-a061-w002	w-s008-a061-w012	ج ن ح	ع ل م	10	4	6	2	13	23	intra_ayah:8:61:root:8
co-8_61-03402	8:61	w-s008-a061-w004	w-s008-a061-w012	ج ن ح	ع ل م	8	4	6	2	13	23	intra_ayah:8:61:root:8
co-8_61-03403	8:61	w-s008-a061-w002	w-s008-a061-w006	ج ن ح	و ك ل	4	1	3	2	1	2	intra_ayah:8:61:root:9
co-8_61-03404	8:61	w-s008-a061-w004	w-s008-a061-w006	ج ن ح	و ك ل	2	1	3	2	1	2	intra_ayah:8:61:root:9
co-8_62-03405	8:62	w-s008-a062-w007	w-s008-a062-w012	ء ل ه	ء م ن	5	3	3	1	372	843	intra_ayah:8:62:root:1
co-8_62-03406	8:62	w-s008-a062-w012	w-s008-a062-w002	ء م ن	ر و د	10	6	6	1	19	32	intra_ayah:8:62:root:10
co-8_62-03407	8:62	w-s008-a062-w012	w-s008-a062-w011	ء م ن	ن ص ر	1	1	1	1	22	43	intra_ayah:8:62:root:11
co-8_62-03408	8:62	w-s008-a062-w010	w-s008-a062-w006	ء ي د	ح س ب	4	2	2	1	1	1	intra_ayah:8:62:root:12
co-8_62-03409	8:62	w-s008-a062-w010	w-s008-a062-w004	ء ي د	خ د ع	6	3	3	1	1	1	intra_ayah:8:62:root:13
co-8_62-03410	8:62	w-s008-a062-w010	w-s008-a062-w002	ء ي د	ر و د	8	4	4	1	2	2	intra_ayah:8:62:root:14
co-8_62-03411	8:62	w-s008-a062-w010	w-s008-a062-w011	ء ي د	ن ص ر	1	1	1	1	5	8	intra_ayah:8:62:root:15
co-8_62-03412	8:62	w-s008-a062-w006	w-s008-a062-w004	ح س ب	خ د ع	2	1	1	1	1	1	intra_ayah:8:62:root:16
co-8_62-03413	8:62	w-s008-a062-w006	w-s008-a062-w002	ح س ب	ر و د	4	2	2	1	3	5	intra_ayah:8:62:root:17
co-8_62-03414	8:62	w-s008-a062-w006	w-s008-a062-w011	ح س ب	ن ص ر	5	3	3	1	2	3	intra_ayah:8:62:root:18
co-8_62-03415	8:62	w-s008-a062-w004	w-s008-a062-w002	خ د ع	ر و د	2	1	1	1	1	1	intra_ayah:8:62:root:19
co-8_62-03416	8:62	w-s008-a062-w007	w-s008-a062-w010	ء ل ه	ء ي د	3	1	1	1	7	21	intra_ayah:8:62:root:2
co-8_62-03417	8:62	w-s008-a062-w004	w-s008-a062-w011	خ د ع	ن ص ر	7	4	4	1	1	1	intra_ayah:8:62:root:20
co-8_62-03418	8:62	w-s008-a062-w002	w-s008-a062-w011	ر و د	ن ص ر	9	5	5	1	2	3	intra_ayah:8:62:root:21
co-8_62-03419	8:62	w-s008-a062-w007	w-s008-a062-w006	ء ل ه	ح س ب	1	1	1	1	51	98	intra_ayah:8:62:root:3
co-8_62-03420	8:62	w-s008-a062-w007	w-s008-a062-w004	ء ل ه	خ د ع	3	2	2	1	3	7	intra_ayah:8:62:root:4
co-8_62-03421	8:62	w-s008-a062-w007	w-s008-a062-w002	ء ل ه	ر و د	5	3	3	1	65	146	intra_ayah:8:62:root:5
co-8_62-03422	8:62	w-s008-a062-w007	w-s008-a062-w011	ء ل ه	ن ص ر	4	2	2	1	80	165	intra_ayah:8:62:root:6
co-8_62-03423	8:62	w-s008-a062-w012	w-s008-a062-w010	ء م ن	ء ي د	2	2	2	1	4	7	intra_ayah:8:62:root:7
co-8_62-03424	8:62	w-s008-a062-w012	w-s008-a062-w006	ء م ن	ح س ب	6	4	4	1	14	14	intra_ayah:8:62:root:8
co-8_62-03425	8:62	w-s008-a062-w012	w-s008-a062-w004	ء م ن	خ د ع	8	5	5	1	2	3	intra_ayah:8:62:root:9
co-8_63-03426	8:63	w-s008-a063-w008	w-s008-a063-w001	ء ر ض	ء ل ف	7	2	6	3	2	4	intra_ayah:8:63:root:1
co-8_63-03427	8:63	w-s008-a063-w008	w-s008-a063-w011	ء ر ض	ء ل ف	3	2	6	3	2	4	intra_ayah:8:63:root:1
co-8_63-03428	8:63	w-s008-a063-w008	w-s008-a063-w016	ء ر ض	ء ل ف	8	2	6	3	2	4	intra_ayah:8:63:root:1
co-8_63-03429	8:63	w-s008-a063-w001	w-s008-a063-w002	ء ل ف	ب ي ن	1	1	11	9	3	12	intra_ayah:8:63:root:10
co-8_63-03430	8:63	w-s008-a063-w001	w-s008-a063-w012	ء ل ف	ب ي ن	11	1	11	9	3	12	intra_ayah:8:63:root:10
co-8_63-03431	8:63	w-s008-a063-w001	w-s008-a063-w017	ء ل ف	ب ي ن	16	1	11	9	3	12	intra_ayah:8:63:root:10
co-8_63-03432	8:63	w-s008-a063-w011	w-s008-a063-w002	ء ل ف	ب ي ن	9	1	11	9	3	12	intra_ayah:8:63:root:10
co-8_63-03433	8:63	w-s008-a063-w011	w-s008-a063-w012	ء ل ف	ب ي ن	1	1	11	9	3	12	intra_ayah:8:63:root:10
co-8_63-03434	8:63	w-s008-a063-w011	w-s008-a063-w017	ء ل ف	ب ي ن	6	1	11	9	3	12	intra_ayah:8:63:root:10
co-8_63-03435	8:63	w-s008-a063-w016	w-s008-a063-w002	ء ل ف	ب ي ن	14	1	11	9	3	12	intra_ayah:8:63:root:10
co-8_63-03436	8:63	w-s008-a063-w016	w-s008-a063-w012	ء ل ف	ب ي ن	4	1	11	9	3	12	intra_ayah:8:63:root:10
co-8_63-03437	8:63	w-s008-a063-w016	w-s008-a063-w017	ء ل ف	ب ي ن	1	1	11	9	3	12	intra_ayah:8:63:root:10
co-8_63-03438	8:63	w-s008-a063-w001	w-s008-a063-w009	ء ل ف	ج م ع	8	1	5	3	2	4	intra_ayah:8:63:root:11
co-8_63-03439	8:63	w-s008-a063-w011	w-s008-a063-w009	ء ل ف	ج م ع	2	1	5	3	2	4	intra_ayah:8:63:root:11
co-8_63-03440	8:63	w-s008-a063-w016	w-s008-a063-w009	ء ل ف	ج م ع	7	1	5	3	2	4	intra_ayah:8:63:root:11
co-8_63-03441	8:63	w-s008-a063-w001	w-s008-a063-w020	ء ل ف	ح ك م	19	3	13	3	2	4	intra_ayah:8:63:root:12
co-8_63-03442	8:63	w-s008-a063-w011	w-s008-a063-w020	ء ل ف	ح ك م	9	3	13	3	2	4	intra_ayah:8:63:root:12
co-8_63-03443	8:63	w-s008-a063-w016	w-s008-a063-w020	ء ل ف	ح ك م	4	3	13	3	2	4	intra_ayah:8:63:root:12
co-8_63-03444	8:63	w-s008-a063-w001	w-s008-a063-w019	ء ل ف	ع ز ز	18	2	12	3	1	3	intra_ayah:8:63:root:13
co-8_63-03445	8:63	w-s008-a063-w011	w-s008-a063-w019	ء ل ف	ع ز ز	8	2	12	3	1	3	intra_ayah:8:63:root:13
co-8_63-03446	8:63	w-s008-a063-w016	w-s008-a063-w019	ء ل ف	ع ز ز	3	2	12	3	1	3	intra_ayah:8:63:root:13
co-8_63-03447	8:63	w-s008-a063-w001	w-s008-a063-w003	ء ل ف	ق ل ب	2	2	8	6	3	8	intra_ayah:8:63:root:14
co-8_63-03448	8:63	w-s008-a063-w001	w-s008-a063-w013	ء ل ف	ق ل ب	12	2	8	6	3	8	intra_ayah:8:63:root:14
co-8_63-03449	8:63	w-s008-a063-w011	w-s008-a063-w003	ء ل ف	ق ل ب	8	2	8	6	3	8	intra_ayah:8:63:root:14
co-8_63-03450	8:63	w-s008-a063-w011	w-s008-a063-w013	ء ل ف	ق ل ب	2	2	8	6	3	8	intra_ayah:8:63:root:14
co-8_63-03451	8:63	w-s008-a063-w016	w-s008-a063-w003	ء ل ف	ق ل ب	13	2	8	6	3	8	intra_ayah:8:63:root:14
co-8_63-03452	8:63	w-s008-a063-w016	w-s008-a063-w013	ء ل ف	ق ل ب	3	2	8	6	3	8	intra_ayah:8:63:root:14
co-8_63-03453	8:63	w-s008-a063-w001	w-s008-a063-w005	ء ل ف	ن ف ق	4	3	7	3	1	3	intra_ayah:8:63:root:15
co-8_63-03454	8:63	w-s008-a063-w011	w-s008-a063-w005	ء ل ف	ن ف ق	6	3	7	3	1	3	intra_ayah:8:63:root:15
co-8_63-03455	8:63	w-s008-a063-w016	w-s008-a063-w005	ء ل ف	ن ف ق	11	3	7	3	1	3	intra_ayah:8:63:root:15
co-8_63-03456	8:63	w-s008-a063-w015	w-s008-a063-w002	ء ل ه	ب ي ن	13	2	8	3	207	430	intra_ayah:8:63:root:16
co-8_63-03457	8:63	w-s008-a063-w015	w-s008-a063-w012	ء ل ه	ب ي ن	3	2	8	3	207	430	intra_ayah:8:63:root:16
co-8_63-03458	8:63	w-s008-a063-w015	w-s008-a063-w017	ء ل ه	ب ي ن	2	2	8	3	207	430	intra_ayah:8:63:root:16
co-8_63-03459	8:63	w-s008-a063-w015	w-s008-a063-w009	ء ل ه	ج م ع	6	4	4	1	53	97	intra_ayah:8:63:root:17
co-8_63-03460	8:63	w-s008-a063-w015	w-s008-a063-w020	ء ل ه	ح ك م	5	4	4	1	127	252	intra_ayah:8:63:root:18
co-8_63-03461	8:63	w-s008-a063-w015	w-s008-a063-w019	ء ل ه	ع ز ز	4	3	3	1	69	117	intra_ayah:8:63:root:19
co-8_63-03462	8:63	w-s008-a063-w008	w-s008-a063-w015	ء ر ض	ء ل ه	7	5	5	1	215	380	intra_ayah:8:63:root:2
co-8_63-03463	8:63	w-s008-a063-w015	w-s008-a063-w003	ء ل ه	ق ل ب	12	1	7	2	94	178	intra_ayah:8:63:root:20
co-8_63-03464	8:63	w-s008-a063-w015	w-s008-a063-w013	ء ل ه	ق ل ب	2	1	7	2	94	178	intra_ayah:8:63:root:20
co-8_63-03465	8:63	w-s008-a063-w015	w-s008-a063-w005	ء ل ه	ن ف ق	10	6	6	1	61	152	intra_ayah:8:63:root:21
co-8_63-03466	8:63	w-s008-a063-w002	w-s008-a063-w009	ب ي ن	ج م ع	7	2	6	3	13	23	intra_ayah:8:63:root:22
co-8_63-03467	8:63	w-s008-a063-w012	w-s008-a063-w009	ب ي ن	ج م ع	3	2	6	3	13	23	intra_ayah:8:63:root:22
co-8_63-03468	8:63	w-s008-a063-w017	w-s008-a063-w009	ب ي ن	ج م ع	8	2	6	3	13	23	intra_ayah:8:63:root:22
co-8_63-03469	8:63	w-s008-a063-w002	w-s008-a063-w020	ب ي ن	ح ك م	18	2	12	3	41	62	intra_ayah:8:63:root:23
co-8_63-03470	8:63	w-s008-a063-w012	w-s008-a063-w020	ب ي ن	ح ك م	8	2	12	3	41	62	intra_ayah:8:63:root:23
co-8_63-03471	8:63	w-s008-a063-w017	w-s008-a063-w020	ب ي ن	ح ك م	3	2	12	3	41	62	intra_ayah:8:63:root:23
co-8_63-03472	8:63	w-s008-a063-w002	w-s008-a063-w019	ب ي ن	ع ز ز	17	1	11	3	7	9	intra_ayah:8:63:root:24
co-8_63-03473	8:63	w-s008-a063-w012	w-s008-a063-w019	ب ي ن	ع ز ز	7	1	11	3	7	9	intra_ayah:8:63:root:24
co-8_63-03474	8:63	w-s008-a063-w017	w-s008-a063-w019	ب ي ن	ع ز ز	2	1	11	3	7	9	intra_ayah:8:63:root:24
co-8_63-03475	8:63	w-s008-a063-w002	w-s008-a063-w003	ب ي ن	ق ل ب	1	1	9	6	11	18	intra_ayah:8:63:root:25
co-8_63-03476	8:63	w-s008-a063-w002	w-s008-a063-w013	ب ي ن	ق ل ب	11	1	9	6	11	18	intra_ayah:8:63:root:25
co-8_63-03477	8:63	w-s008-a063-w012	w-s008-a063-w003	ب ي ن	ق ل ب	9	1	9	6	11	18	intra_ayah:8:63:root:25
co-8_63-03478	8:63	w-s008-a063-w012	w-s008-a063-w013	ب ي ن	ق ل ب	1	1	9	6	11	18	intra_ayah:8:63:root:25
co-8_63-03479	8:63	w-s008-a063-w017	w-s008-a063-w003	ب ي ن	ق ل ب	14	1	9	6	11	18	intra_ayah:8:63:root:25
co-8_63-03480	8:63	w-s008-a063-w017	w-s008-a063-w013	ب ي ن	ق ل ب	4	1	9	6	11	18	intra_ayah:8:63:root:25
co-8_63-03481	8:63	w-s008-a063-w002	w-s008-a063-w005	ب ي ن	ن ف ق	3	2	8	3	9	14	intra_ayah:8:63:root:26
co-8_63-03482	8:63	w-s008-a063-w012	w-s008-a063-w005	ب ي ن	ن ف ق	7	2	8	3	9	14	intra_ayah:8:63:root:26
co-8_63-03483	8:63	w-s008-a063-w017	w-s008-a063-w005	ب ي ن	ن ف ق	12	2	8	3	9	14	intra_ayah:8:63:root:26
co-8_63-03484	8:63	w-s008-a063-w009	w-s008-a063-w020	ج م ع	ح ك م	11	8	8	1	4	4	intra_ayah:8:63:root:27
co-8_63-03485	8:63	w-s008-a063-w009	w-s008-a063-w019	ج م ع	ع ز ز	10	7	7	1	5	7	intra_ayah:8:63:root:28
co-8_63-03486	8:63	w-s008-a063-w009	w-s008-a063-w003	ج م ع	ق ل ب	6	3	3	2	3	5	intra_ayah:8:63:root:29
co-8_63-03487	8:63	w-s008-a063-w009	w-s008-a063-w013	ج م ع	ق ل ب	4	3	3	2	3	5	intra_ayah:8:63:root:29
co-8_63-03488	8:63	w-s008-a063-w008	w-s008-a063-w002	ء ر ض	ب ي ن	6	3	7	3	54	65	intra_ayah:8:63:root:3
co-8_63-03489	8:63	w-s008-a063-w008	w-s008-a063-w012	ء ر ض	ب ي ن	4	3	7	3	54	65	intra_ayah:8:63:root:3
co-8_63-03490	8:63	w-s008-a063-w008	w-s008-a063-w017	ء ر ض	ب ي ن	9	3	7	3	54	65	intra_ayah:8:63:root:3
co-8_63-03491	8:63	w-s008-a063-w009	w-s008-a063-w005	ج م ع	ن ف ق	4	2	2	1	3	4	intra_ayah:8:63:root:30
co-8_63-03492	8:63	w-s008-a063-w020	w-s008-a063-w019	ح ك م	ع ز ز	1	1	1	1	49	50	intra_ayah:8:63:root:31
co-8_63-03493	8:63	w-s008-a063-w020	w-s008-a063-w003	ح ك م	ق ل ب	17	5	11	2	11	13	intra_ayah:8:63:root:32
co-8_63-03494	8:63	w-s008-a063-w020	w-s008-a063-w013	ح ك م	ق ل ب	7	5	11	2	11	13	intra_ayah:8:63:root:32
co-8_63-03495	8:63	w-s008-a063-w020	w-s008-a063-w005	ح ك م	ن ف ق	15	10	10	1	5	13	intra_ayah:8:63:root:33
co-8_63-03496	8:63	w-s008-a063-w019	w-s008-a063-w003	ع ز ز	ق ل ب	16	4	10	2	5	6	intra_ayah:8:63:root:34
co-8_63-03497	8:63	w-s008-a063-w019	w-s008-a063-w013	ع ز ز	ق ل ب	6	4	10	2	5	6	intra_ayah:8:63:root:34
co-8_63-03498	8:63	w-s008-a063-w019	w-s008-a063-w005	ع ز ز	ن ف ق	14	9	9	1	3	4	intra_ayah:8:63:root:35
co-8_63-03499	8:63	w-s008-a063-w003	w-s008-a063-w005	ق ل ب	ن ف ق	2	1	5	2	9	10	intra_ayah:8:63:root:36
co-8_63-03500	8:63	w-s008-a063-w013	w-s008-a063-w005	ق ل ب	ن ف ق	8	1	5	2	9	10	intra_ayah:8:63:root:36
co-8_63-03501	8:63	w-s008-a063-w008	w-s008-a063-w009	ء ر ض	ج م ع	1	1	1	1	20	25	intra_ayah:8:63:root:4
co-8_63-03502	8:63	w-s008-a063-w008	w-s008-a063-w020	ء ر ض	ح ك م	12	9	9	1	22	24	intra_ayah:8:63:root:5
co-8_63-03503	8:63	w-s008-a063-w008	w-s008-a063-w019	ء ر ض	ع ز ز	11	8	8	1	14	14	intra_ayah:8:63:root:6
co-8_63-03504	8:63	w-s008-a063-w008	w-s008-a063-w003	ء ر ض	ق ل ب	5	2	4	2	7	9	intra_ayah:8:63:root:7
co-8_63-03505	8:63	w-s008-a063-w008	w-s008-a063-w013	ء ر ض	ق ل ب	5	2	4	2	7	9	intra_ayah:8:63:root:7
co-8_63-03506	8:63	w-s008-a063-w008	w-s008-a063-w005	ء ر ض	ن ف ق	3	1	1	1	7	11	intra_ayah:8:63:root:8
co-8_63-03507	8:63	w-s008-a063-w001	w-s008-a063-w015	ء ل ف	ء ل ه	14	1	9	3	8	20	intra_ayah:8:63:root:9
co-8_63-03508	8:63	w-s008-a063-w011	w-s008-a063-w015	ء ل ف	ء ل ه	4	1	9	3	8	20	intra_ayah:8:63:root:9
co-8_63-03509	8:63	w-s008-a063-w016	w-s008-a063-w015	ء ل ف	ء ل ه	1	1	9	3	8	20	intra_ayah:8:63:root:9
co-8_64-03510	8:64	w-s008-a064-w004	w-s008-a064-w008	ء ل ه	ء م ن	4	2	2	1	372	843	intra_ayah:8:64:root:1
co-8_64-03511	8:64	w-s008-a064-w003	w-s008-a064-w002	ح س ب	ن ب ء	1	1	1	1	2	2	intra_ayah:8:64:root:10
co-8_64-03512	8:64	w-s008-a064-w004	w-s008-a064-w006	ء ل ه	ت ب ع	2	1	1	1	65	116	intra_ayah:8:64:root:2
co-8_64-03513	8:64	w-s008-a064-w004	w-s008-a064-w003	ء ل ه	ح س ب	1	1	1	1	51	98	intra_ayah:8:64:root:3
co-8_64-03514	8:64	w-s008-a064-w004	w-s008-a064-w002	ء ل ه	ن ب ء	2	2	2	1	73	141	intra_ayah:8:64:root:4
co-8_64-03515	8:64	w-s008-a064-w008	w-s008-a064-w006	ء م ن	ت ب ع	2	1	1	1	36	51	intra_ayah:8:64:root:5
co-8_64-03516	8:64	w-s008-a064-w008	w-s008-a064-w003	ء م ن	ح س ب	5	3	3	1	14	14	intra_ayah:8:64:root:6
co-8_64-03517	8:64	w-s008-a064-w008	w-s008-a064-w002	ء م ن	ن ب ء	6	4	4	1	34	50	intra_ayah:8:64:root:7
co-8_64-03518	8:64	w-s008-a064-w006	w-s008-a064-w003	ت ب ع	ح س ب	3	2	2	1	2	2	intra_ayah:8:64:root:8
co-8_64-03519	8:64	w-s008-a064-w006	w-s008-a064-w002	ت ب ع	ن ب ء	4	3	3	1	8	9	intra_ayah:8:64:root:9
co-8_65-03520	8:65	w-s008-a065-w019	w-s008-a065-w004	ء ل ف	ء م ن	15	10	10	1	2	2	intra_ayah:8:65:root:1
co-8_65-03521	8:65	w-s008-a065-w019	w-s008-a065-w008	ء ل ف	ك و ن	11	3	8	2	5	10	intra_ayah:8:65:root:10
co-8_65-03522	8:65	w-s008-a065-w019	w-s008-a065-w015	ء ل ف	ك و ن	4	3	8	2	5	10	intra_ayah:8:65:root:10
co-8_65-03523	8:65	w-s008-a065-w019	w-s008-a065-w013	ء ل ف	م ء ي	6	2	4	2	3	7	intra_ayah:8:65:root:11
co-8_65-03524	8:65	w-s008-a065-w019	w-s008-a065-w017	ء ل ف	م ء ي	2	2	4	2	3	7	intra_ayah:8:65:root:11
co-8_65-03525	8:65	w-s008-a065-w019	w-s008-a065-w002	ء ل ف	ن ب ء	17	12	12	1	1	1	intra_ayah:8:65:root:12
co-8_65-03526	8:65	w-s008-a065-w004	w-s008-a065-w003	ء م ن	ح ر ض	1	1	1	1	2	2	intra_ayah:8:65:root:13
co-8_65-03527	8:65	w-s008-a065-w004	w-s008-a065-w011	ء م ن	ص ب ر	7	4	4	1	13	21	intra_ayah:8:65:root:14
co-8_65-03528	8:65	w-s008-a065-w004	w-s008-a065-w010	ء م ن	ع ش ر	6	3	3	1	5	6	intra_ayah:8:65:root:15
co-8_65-03529	8:65	w-s008-a065-w004	w-s008-a065-w012	ء م ن	غ ل ب	8	5	9	2	5	6	intra_ayah:8:65:root:16
co-8_65-03530	8:65	w-s008-a065-w004	w-s008-a065-w018	ء م ن	غ ل ب	14	5	9	2	5	6	intra_ayah:8:65:root:16
co-8_65-03531	8:65	w-s008-a065-w004	w-s008-a065-w026	ء م ن	ف ق ه	22	13	13	1	4	4	intra_ayah:8:65:root:17
co-8_65-03532	8:65	w-s008-a065-w004	w-s008-a065-w006	ء م ن	ق ت ل	2	1	1	1	31	59	intra_ayah:8:65:root:18
co-8_65-03533	8:65	w-s008-a065-w004	w-s008-a065-w024	ء م ن	ق و م	20	12	12	1	102	145	intra_ayah:8:65:root:19
co-8_65-03534	8:65	w-s008-a065-w019	w-s008-a065-w003	ء ل ف	ح ر ض	16	11	11	1	1	1	intra_ayah:8:65:root:2
co-8_65-03535	8:65	w-s008-a065-w004	w-s008-a065-w022	ء م ن	ك ف ر	18	11	11	1	126	190	intra_ayah:8:65:root:20
co-8_65-03536	8:65	w-s008-a065-w004	w-s008-a065-w008	ء م ن	ك و ن	4	2	7	2	197	320	intra_ayah:8:65:root:21
co-8_65-03537	8:65	w-s008-a065-w004	w-s008-a065-w015	ء م ن	ك و ن	11	2	7	2	197	320	intra_ayah:8:65:root:21
co-8_65-03538	8:65	w-s008-a065-w004	w-s008-a065-w013	ء م ن	م ء ي	9	6	8	2	2	4	intra_ayah:8:65:root:22
co-8_65-03539	8:65	w-s008-a065-w004	w-s008-a065-w017	ء م ن	م ء ي	13	6	8	2	2	4	intra_ayah:8:65:root:22
co-8_65-03540	8:65	w-s008-a065-w004	w-s008-a065-w002	ء م ن	ن ب ء	2	2	2	1	34	50	intra_ayah:8:65:root:23
co-8_65-03541	8:65	w-s008-a065-w003	w-s008-a065-w011	ح ر ض	ص ب ر	8	5	5	1	1	1	intra_ayah:8:65:root:24
co-8_65-03542	8:65	w-s008-a065-w003	w-s008-a065-w010	ح ر ض	ع ش ر	7	4	4	1	1	1	intra_ayah:8:65:root:25
co-8_65-03543	8:65	w-s008-a065-w003	w-s008-a065-w012	ح ر ض	غ ل ب	9	6	10	2	1	2	intra_ayah:8:65:root:26
co-8_65-03544	8:65	w-s008-a065-w003	w-s008-a065-w018	ح ر ض	غ ل ب	15	6	10	2	1	2	intra_ayah:8:65:root:26
co-8_65-03545	8:65	w-s008-a065-w003	w-s008-a065-w026	ح ر ض	ف ق ه	23	14	14	1	1	1	intra_ayah:8:65:root:27
co-8_65-03546	8:65	w-s008-a065-w003	w-s008-a065-w006	ح ر ض	ق ت ل	3	2	2	1	2	2	intra_ayah:8:65:root:28
co-8_65-03547	8:65	w-s008-a065-w003	w-s008-a065-w024	ح ر ض	ق و م	21	13	13	1	1	1	intra_ayah:8:65:root:29
co-8_65-03548	8:65	w-s008-a065-w019	w-s008-a065-w011	ء ل ف	ص ب ر	8	6	6	1	3	6	intra_ayah:8:65:root:3
co-8_65-03549	8:65	w-s008-a065-w003	w-s008-a065-w022	ح ر ض	ك ف ر	19	12	12	1	2	2	intra_ayah:8:65:root:30
co-8_65-03550	8:65	w-s008-a065-w003	w-s008-a065-w008	ح ر ض	ك و ن	5	3	8	2	2	4	intra_ayah:8:65:root:31
co-8_65-03551	8:65	w-s008-a065-w003	w-s008-a065-w015	ح ر ض	ك و ن	12	3	8	2	2	4	intra_ayah:8:65:root:31
co-8_65-03552	8:65	w-s008-a065-w003	w-s008-a065-w013	ح ر ض	م ء ي	10	7	9	2	1	2	intra_ayah:8:65:root:32
co-8_65-03553	8:65	w-s008-a065-w003	w-s008-a065-w017	ح ر ض	م ء ي	14	7	9	2	1	2	intra_ayah:8:65:root:32
co-8_65-03554	8:65	w-s008-a065-w003	w-s008-a065-w002	ح ر ض	ن ب ء	1	1	1	1	1	1	intra_ayah:8:65:root:33
co-8_65-03555	8:65	w-s008-a065-w011	w-s008-a065-w010	ص ب ر	ع ش ر	1	1	1	1	1	1	intra_ayah:8:65:root:34
co-8_65-03556	8:65	w-s008-a065-w011	w-s008-a065-w012	ص ب ر	غ ل ب	1	1	5	2	3	7	intra_ayah:8:65:root:35
co-8_65-03557	8:65	w-s008-a065-w011	w-s008-a065-w018	ص ب ر	غ ل ب	7	1	5	2	3	7	intra_ayah:8:65:root:35
co-8_65-03558	8:65	w-s008-a065-w011	w-s008-a065-w026	ص ب ر	ف ق ه	15	9	9	1	1	1	intra_ayah:8:65:root:36
co-8_65-03559	8:65	w-s008-a065-w011	w-s008-a065-w006	ص ب ر	ق ت ل	5	3	3	1	3	3	intra_ayah:8:65:root:37
co-8_65-03560	8:65	w-s008-a065-w011	w-s008-a065-w024	ص ب ر	ق و م	13	8	8	1	12	14	intra_ayah:8:65:root:38
co-8_65-03561	8:65	w-s008-a065-w011	w-s008-a065-w022	ص ب ر	ك ف ر	11	7	7	1	4	4	intra_ayah:8:65:root:39
co-8_65-03562	8:65	w-s008-a065-w019	w-s008-a065-w010	ء ل ف	ع ش ر	9	7	7	1	1	1	intra_ayah:8:65:root:4
co-8_65-03563	8:65	w-s008-a065-w011	w-s008-a065-w008	ص ب ر	ك و ن	3	2	3	2	17	28	intra_ayah:8:65:root:40
co-8_65-03564	8:65	w-s008-a065-w011	w-s008-a065-w015	ص ب ر	ك و ن	4	2	3	2	17	28	intra_ayah:8:65:root:40
co-8_65-03565	8:65	w-s008-a065-w011	w-s008-a065-w013	ص ب ر	م ء ي	2	2	4	2	2	6	intra_ayah:8:65:root:41
co-8_65-03566	8:65	w-s008-a065-w011	w-s008-a065-w017	ص ب ر	م ء ي	6	2	4	2	2	6	intra_ayah:8:65:root:41
co-8_65-03567	8:65	w-s008-a065-w011	w-s008-a065-w002	ص ب ر	ن ب ء	9	6	6	1	7	7	intra_ayah:8:65:root:42
co-8_65-03568	8:65	w-s008-a065-w010	w-s008-a065-w012	ع ش ر	غ ل ب	2	2	6	2	1	2	intra_ayah:8:65:root:43
co-8_65-03569	8:65	w-s008-a065-w010	w-s008-a065-w018	ع ش ر	غ ل ب	8	2	6	2	1	2	intra_ayah:8:65:root:43
co-8_65-03570	8:65	w-s008-a065-w010	w-s008-a065-w026	ع ش ر	ف ق ه	16	10	10	1	1	1	intra_ayah:8:65:root:44
co-8_65-03571	8:65	w-s008-a065-w010	w-s008-a065-w006	ع ش ر	ق ت ل	4	2	2	1	2	3	intra_ayah:8:65:root:45
co-8_65-03572	8:65	w-s008-a065-w010	w-s008-a065-w024	ع ش ر	ق و م	14	9	9	1	8	9	intra_ayah:8:65:root:46
co-8_65-03573	8:65	w-s008-a065-w010	w-s008-a065-w022	ع ش ر	ك ف ر	12	8	8	1	4	6	intra_ayah:8:65:root:47
co-8_65-03574	8:65	w-s008-a065-w010	w-s008-a065-w008	ع ش ر	ك و ن	2	1	4	2	8	11	intra_ayah:8:65:root:48
co-8_65-03575	8:65	w-s008-a065-w010	w-s008-a065-w015	ع ش ر	ك و ن	5	1	4	2	8	11	intra_ayah:8:65:root:48
co-8_65-03576	8:65	w-s008-a065-w010	w-s008-a065-w013	ع ش ر	م ء ي	3	3	5	2	1	2	intra_ayah:8:65:root:49
co-8_65-03577	8:65	w-s008-a065-w010	w-s008-a065-w017	ع ش ر	م ء ي	7	3	5	2	1	2	intra_ayah:8:65:root:49
co-8_65-03578	8:65	w-s008-a065-w019	w-s008-a065-w012	ء ل ف	غ ل ب	7	1	5	2	2	6	intra_ayah:8:65:root:5
co-8_65-03579	8:65	w-s008-a065-w019	w-s008-a065-w018	ء ل ف	غ ل ب	1	1	5	2	2	6	intra_ayah:8:65:root:5
co-8_65-03580	8:65	w-s008-a065-w010	w-s008-a065-w002	ع ش ر	ن ب ء	8	5	5	1	1	1	intra_ayah:8:65:root:50
co-8_65-03581	8:65	w-s008-a065-w012	w-s008-a065-w026	غ ل ب	ف ق ه	14	4	8	2	1	2	intra_ayah:8:65:root:51
co-8_65-03582	8:65	w-s008-a065-w018	w-s008-a065-w026	غ ل ب	ف ق ه	8	4	8	2	1	2	intra_ayah:8:65:root:51
co-8_65-03583	8:65	w-s008-a065-w012	w-s008-a065-w006	غ ل ب	ق ت ل	6	4	8	2	2	5	intra_ayah:8:65:root:52
co-8_65-03584	8:65	w-s008-a065-w018	w-s008-a065-w006	غ ل ب	ق ت ل	12	4	8	2	2	5	intra_ayah:8:65:root:52
co-8_65-03585	8:65	w-s008-a065-w012	w-s008-a065-w024	غ ل ب	ق و م	12	3	7	2	2	3	intra_ayah:8:65:root:53
co-8_65-03586	8:65	w-s008-a065-w018	w-s008-a065-w024	غ ل ب	ق و م	6	3	7	2	2	3	intra_ayah:8:65:root:53
co-8_65-03587	8:65	w-s008-a065-w012	w-s008-a065-w022	غ ل ب	ك ف ر	10	2	6	2	4	6	intra_ayah:8:65:root:54
co-8_65-03588	8:65	w-s008-a065-w018	w-s008-a065-w022	غ ل ب	ك ف ر	4	2	6	2	4	6	intra_ayah:8:65:root:54
co-8_65-03589	8:65	w-s008-a065-w012	w-s008-a065-w008	غ ل ب	ك و ن	4	2	7	4	9	15	intra_ayah:8:65:root:55
co-8_65-03590	8:65	w-s008-a065-w012	w-s008-a065-w015	غ ل ب	ك و ن	3	2	7	4	9	15	intra_ayah:8:65:root:55
co-8_65-03591	8:65	w-s008-a065-w018	w-s008-a065-w008	غ ل ب	ك و ن	10	2	7	4	9	15	intra_ayah:8:65:root:55
co-8_65-03592	8:65	w-s008-a065-w018	w-s008-a065-w015	غ ل ب	ك و ن	3	2	7	4	9	15	intra_ayah:8:65:root:55
co-8_65-03593	8:65	w-s008-a065-w012	w-s008-a065-w013	غ ل ب	م ء ي	1	1	3	4	2	8	intra_ayah:8:65:root:56
co-8_65-03594	8:65	w-s008-a065-w012	w-s008-a065-w017	غ ل ب	م ء ي	5	1	3	4	2	8	intra_ayah:8:65:root:56
co-8_65-03595	8:65	w-s008-a065-w018	w-s008-a065-w013	غ ل ب	م ء ي	5	1	3	4	2	8	intra_ayah:8:65:root:56
co-8_65-03596	8:65	w-s008-a065-w018	w-s008-a065-w017	غ ل ب	م ء ي	1	1	3	4	2	8	intra_ayah:8:65:root:56
co-8_65-03597	8:65	w-s008-a065-w012	w-s008-a065-w002	غ ل ب	ن ب ء	10	7	11	2	1	2	intra_ayah:8:65:root:57
co-8_65-03598	8:65	w-s008-a065-w018	w-s008-a065-w002	غ ل ب	ن ب ء	16	7	11	2	1	2	intra_ayah:8:65:root:57
co-8_65-03599	8:65	w-s008-a065-w026	w-s008-a065-w006	ف ق ه	ق ت ل	20	12	12	1	1	1	intra_ayah:8:65:root:58
co-8_65-03600	8:65	w-s008-a065-w026	w-s008-a065-w024	ف ق ه	ق و م	2	1	1	1	7	7	intra_ayah:8:65:root:59
co-8_65-03601	8:65	w-s008-a065-w019	w-s008-a065-w026	ء ل ف	ف ق ه	7	3	3	1	1	1	intra_ayah:8:65:root:6
co-8_65-03602	8:65	w-s008-a065-w026	w-s008-a065-w022	ف ق ه	ك ف ر	4	2	2	1	3	3	intra_ayah:8:65:root:60
co-8_65-03603	8:65	w-s008-a065-w026	w-s008-a065-w008	ف ق ه	ك و ن	18	6	11	2	7	9	intra_ayah:8:65:root:61
co-8_65-03604	8:65	w-s008-a065-w026	w-s008-a065-w015	ف ق ه	ك و ن	11	6	11	2	7	9	intra_ayah:8:65:root:61
co-8_65-03605	8:65	w-s008-a065-w026	w-s008-a065-w013	ف ق ه	م ء ي	13	5	7	2	1	2	intra_ayah:8:65:root:62
co-8_65-03606	8:65	w-s008-a065-w026	w-s008-a065-w017	ف ق ه	م ء ي	9	5	7	2	1	2	intra_ayah:8:65:root:62
co-8_65-03607	8:65	w-s008-a065-w026	w-s008-a065-w002	ف ق ه	ن ب ء	24	15	15	1	1	1	intra_ayah:8:65:root:63
co-8_65-03608	8:65	w-s008-a065-w006	w-s008-a065-w024	ق ت ل	ق و م	18	11	11	1	18	36	intra_ayah:8:65:root:64
co-8_65-03609	8:65	w-s008-a065-w006	w-s008-a065-w022	ق ت ل	ك ف ر	16	10	10	1	28	50	intra_ayah:8:65:root:65
co-8_65-03610	8:65	w-s008-a065-w006	w-s008-a065-w008	ق ت ل	ك و ن	2	1	6	2	29	56	intra_ayah:8:65:root:66
co-8_65-03611	8:65	w-s008-a065-w006	w-s008-a065-w015	ق ت ل	ك و ن	9	1	6	2	29	56	intra_ayah:8:65:root:66
co-8_65-03612	8:65	w-s008-a065-w006	w-s008-a065-w013	ق ت ل	م ء ي	7	5	7	2	1	2	intra_ayah:8:65:root:67
co-8_65-03613	8:65	w-s008-a065-w006	w-s008-a065-w017	ق ت ل	م ء ي	11	5	7	2	1	2	intra_ayah:8:65:root:67
co-8_65-03614	8:65	w-s008-a065-w006	w-s008-a065-w002	ق ت ل	ن ب ء	4	3	3	1	12	17	intra_ayah:8:65:root:68
co-8_65-03615	8:65	w-s008-a065-w024	w-s008-a065-w022	ق و م	ك ف ر	2	1	1	1	55	71	intra_ayah:8:65:root:69
co-8_65-03616	8:65	w-s008-a065-w019	w-s008-a065-w006	ء ل ف	ق ت ل	13	9	9	1	1	1	intra_ayah:8:65:root:7
co-8_65-03617	8:65	w-s008-a065-w024	w-s008-a065-w008	ق و م	ك و ن	16	5	10	2	131	196	intra_ayah:8:65:root:70
co-8_65-03618	8:65	w-s008-a065-w024	w-s008-a065-w015	ق و م	ك و ن	9	5	10	2	131	196	intra_ayah:8:65:root:70
co-8_65-03619	8:65	w-s008-a065-w024	w-s008-a065-w013	ق و م	م ء ي	11	4	6	2	1	2	intra_ayah:8:65:root:71
co-8_65-03620	8:65	w-s008-a065-w024	w-s008-a065-w017	ق و م	م ء ي	7	4	6	2	1	2	intra_ayah:8:65:root:71
co-8_65-03621	8:65	w-s008-a065-w024	w-s008-a065-w002	ق و م	ن ب ء	22	14	14	1	21	25	intra_ayah:8:65:root:72
co-8_65-03622	8:65	w-s008-a065-w022	w-s008-a065-w008	ك ف ر	ك و ن	14	4	9	2	123	172	intra_ayah:8:65:root:73
co-8_65-03623	8:65	w-s008-a065-w022	w-s008-a065-w015	ك ف ر	ك و ن	7	4	9	2	123	172	intra_ayah:8:65:root:73
co-8_65-03624	8:65	w-s008-a065-w022	w-s008-a065-w013	ك ف ر	م ء ي	9	3	5	2	1	2	intra_ayah:8:65:root:74
co-8_65-03625	8:65	w-s008-a065-w022	w-s008-a065-w017	ك ف ر	م ء ي	5	3	5	2	1	2	intra_ayah:8:65:root:74
co-8_65-03626	8:65	w-s008-a065-w022	w-s008-a065-w002	ك ف ر	ن ب ء	20	13	13	1	25	30	intra_ayah:8:65:root:75
co-8_65-03627	8:65	w-s008-a065-w008	w-s008-a065-w013	ك و ن	م ء ي	5	1	6	4	3	9	intra_ayah:8:65:root:76
co-8_65-03628	8:65	w-s008-a065-w008	w-s008-a065-w017	ك و ن	م ء ي	9	1	6	4	3	9	intra_ayah:8:65:root:76
co-8_65-03629	8:65	w-s008-a065-w015	w-s008-a065-w013	ك و ن	م ء ي	2	1	6	4	3	9	intra_ayah:8:65:root:76
co-8_65-03630	8:65	w-s008-a065-w015	w-s008-a065-w017	ك و ن	م ء ي	2	1	6	4	3	9	intra_ayah:8:65:root:76
co-8_65-03631	8:65	w-s008-a065-w008	w-s008-a065-w002	ك و ن	ن ب ء	6	4	9	2	58	89	intra_ayah:8:65:root:77
co-8_65-03632	8:65	w-s008-a065-w015	w-s008-a065-w002	ك و ن	ن ب ء	13	4	9	2	58	89	intra_ayah:8:65:root:77
co-8_65-03633	8:65	w-s008-a065-w013	w-s008-a065-w002	م ء ي	ن ب ء	11	8	10	2	1	2	intra_ayah:8:65:root:78
co-8_65-03634	8:65	w-s008-a065-w017	w-s008-a065-w002	م ء ي	ن ب ء	15	8	10	2	1	2	intra_ayah:8:65:root:78
co-8_65-03635	8:65	w-s008-a065-w019	w-s008-a065-w024	ء ل ف	ق و م	5	2	2	1	2	2	intra_ayah:8:65:root:8
co-8_65-03636	8:65	w-s008-a065-w019	w-s008-a065-w022	ء ل ف	ك ف ر	3	1	1	1	1	1	intra_ayah:8:65:root:9
co-8_66-03637	8:66	w-s008-a066-w022	w-s008-a066-w019	ء ذ ن	ء ل ف	3	1	3	2	1	2	intra_ayah:8:66:root:1
co-8_66-03638	8:66	w-s008-a066-w022	w-s008-a066-w021	ء ذ ن	ء ل ف	1	1	3	2	1	2	intra_ayah:8:66:root:1
co-8_66-03639	8:66	w-s008-a066-w019	w-s008-a066-w003	ء ل ف	ء ل ه	16	2	11	6	8	20	intra_ayah:8:66:root:10
co-8_66-03640	8:66	w-s008-a066-w019	w-s008-a066-w023	ء ل ف	ء ل ه	4	2	11	6	8	20	intra_ayah:8:66:root:10
co-8_66-03641	8:66	w-s008-a066-w019	w-s008-a066-w024	ء ل ف	ء ل ه	5	2	11	6	8	20	intra_ayah:8:66:root:10
co-8_66-03642	8:66	w-s008-a066-w021	w-s008-a066-w003	ء ل ف	ء ل ه	18	2	11	6	8	20	intra_ayah:8:66:root:10
co-8_66-03643	8:66	w-s008-a066-w021	w-s008-a066-w023	ء ل ف	ء ل ه	2	2	11	6	8	20	intra_ayah:8:66:root:10
co-8_66-03644	8:66	w-s008-a066-w021	w-s008-a066-w024	ء ل ف	ء ل ه	3	2	11	6	8	20	intra_ayah:8:66:root:10
co-8_66-03645	8:66	w-s008-a066-w019	w-s008-a066-w002	ء ل ف	خ ف ف	17	10	12	2	1	2	intra_ayah:8:66:root:11
co-8_66-03646	8:66	w-s008-a066-w021	w-s008-a066-w002	ء ل ف	خ ف ف	19	10	12	2	1	2	intra_ayah:8:66:root:11
co-8_66-03647	8:66	w-s008-a066-w019	w-s008-a066-w013	ء ل ف	ص ب ر	6	4	6	4	3	6	intra_ayah:8:66:root:12
co-8_66-03648	8:66	w-s008-a066-w019	w-s008-a066-w026	ء ل ف	ص ب ر	7	4	6	4	3	6	intra_ayah:8:66:root:12
co-8_66-03649	8:66	w-s008-a066-w021	w-s008-a066-w013	ء ل ف	ص ب ر	8	4	6	4	3	6	intra_ayah:8:66:root:12
co-8_66-03650	8:66	w-s008-a066-w021	w-s008-a066-w026	ء ل ف	ص ب ر	5	4	6	4	3	6	intra_ayah:8:66:root:12
co-8_66-03651	8:66	w-s008-a066-w019	w-s008-a066-w008	ء ل ف	ض ع ف	11	7	9	2	1	2	intra_ayah:8:66:root:13
co-8_66-03652	8:66	w-s008-a066-w021	w-s008-a066-w008	ء ل ف	ض ع ف	13	7	9	2	1	2	intra_ayah:8:66:root:13
co-8_66-03653	8:66	w-s008-a066-w019	w-s008-a066-w005	ء ل ف	ع ل م	14	8	10	2	2	3	intra_ayah:8:66:root:14
co-8_66-03654	8:66	w-s008-a066-w021	w-s008-a066-w005	ء ل ف	ع ل م	16	8	10	2	2	3	intra_ayah:8:66:root:14
co-8_66-03655	8:66	w-s008-a066-w019	w-s008-a066-w014	ء ل ف	غ ل ب	5	1	5	4	2	6	intra_ayah:8:66:root:15
co-8_66-03656	8:66	w-s008-a066-w019	w-s008-a066-w020	ء ل ف	غ ل ب	1	1	5	4	2	6	intra_ayah:8:66:root:15
co-8_66-03657	8:66	w-s008-a066-w021	w-s008-a066-w014	ء ل ف	غ ل ب	7	1	5	4	2	6	intra_ayah:8:66:root:15
co-8_66-03658	8:66	w-s008-a066-w021	w-s008-a066-w020	ء ل ف	غ ل ب	1	1	5	4	2	6	intra_ayah:8:66:root:15
co-8_66-03659	8:66	w-s008-a066-w019	w-s008-a066-w010	ء ل ف	ك و ن	9	1	8	4	5	10	intra_ayah:8:66:root:16
co-8_66-03660	8:66	w-s008-a066-w019	w-s008-a066-w017	ء ل ف	ك و ن	2	1	8	4	5	10	intra_ayah:8:66:root:16
co-8_66-03661	8:66	w-s008-a066-w021	w-s008-a066-w010	ء ل ف	ك و ن	11	1	8	4	5	10	intra_ayah:8:66:root:16
co-8_66-03662	8:66	w-s008-a066-w021	w-s008-a066-w017	ء ل ف	ك و ن	4	1	8	4	5	10	intra_ayah:8:66:root:16
co-8_66-03663	8:66	w-s008-a066-w019	w-s008-a066-w012	ء ل ف	م ء ي	7	2	7	4	3	7	intra_ayah:8:66:root:17
co-8_66-03664	8:66	w-s008-a066-w019	w-s008-a066-w015	ء ل ف	م ء ي	4	2	7	4	3	7	intra_ayah:8:66:root:17
co-8_66-03665	8:66	w-s008-a066-w021	w-s008-a066-w012	ء ل ف	م ء ي	9	2	7	4	3	7	intra_ayah:8:66:root:17
co-8_66-03666	8:66	w-s008-a066-w021	w-s008-a066-w015	ء ل ف	م ء ي	6	2	7	4	3	7	intra_ayah:8:66:root:17
co-8_66-03667	8:66	w-s008-a066-w003	w-s008-a066-w002	ء ل ه	خ ف ف	1	1	15	3	6	8	intra_ayah:8:66:root:18
co-8_66-03668	8:66	w-s008-a066-w023	w-s008-a066-w002	ء ل ه	خ ف ف	21	1	15	3	6	8	intra_ayah:8:66:root:18
co-8_66-03669	8:66	w-s008-a066-w024	w-s008-a066-w002	ء ل ه	خ ف ف	22	1	15	3	6	8	intra_ayah:8:66:root:18
co-8_66-03670	8:66	w-s008-a066-w003	w-s008-a066-w013	ء ل ه	ص ب ر	10	1	15	6	37	62	intra_ayah:8:66:root:19
co-8_66-03671	8:66	w-s008-a066-w003	w-s008-a066-w026	ء ل ه	ص ب ر	23	1	15	6	37	62	intra_ayah:8:66:root:19
co-8_66-03672	8:66	w-s008-a066-w023	w-s008-a066-w013	ء ل ه	ص ب ر	10	1	15	6	37	62	intra_ayah:8:66:root:19
co-8_66-03673	8:66	w-s008-a066-w023	w-s008-a066-w026	ء ل ه	ص ب ر	3	1	15	6	37	62	intra_ayah:8:66:root:19
co-8_66-03674	8:66	w-s008-a066-w024	w-s008-a066-w013	ء ل ه	ص ب ر	11	1	15	6	37	62	intra_ayah:8:66:root:19
co-8_66-03675	8:66	w-s008-a066-w024	w-s008-a066-w026	ء ل ه	ص ب ر	2	1	15	6	37	62	intra_ayah:8:66:root:19
co-8_66-03676	8:66	w-s008-a066-w022	w-s008-a066-w003	ء ذ ن	ء ل ه	19	1	12	3	54	116	intra_ayah:8:66:root:2
co-8_66-03677	8:66	w-s008-a066-w022	w-s008-a066-w023	ء ذ ن	ء ل ه	1	1	12	3	54	116	intra_ayah:8:66:root:2
co-8_66-03678	8:66	w-s008-a066-w022	w-s008-a066-w024	ء ذ ن	ء ل ه	2	1	12	3	54	116	intra_ayah:8:66:root:2
co-8_66-03679	8:66	w-s008-a066-w003	w-s008-a066-w008	ء ل ه	ض ع ف	5	2	12	3	26	50	intra_ayah:8:66:root:20
co-8_66-03680	8:66	w-s008-a066-w023	w-s008-a066-w008	ء ل ه	ض ع ف	15	2	12	3	26	50	intra_ayah:8:66:root:20
co-8_66-03681	8:66	w-s008-a066-w024	w-s008-a066-w008	ء ل ه	ض ع ف	16	2	12	3	26	50	intra_ayah:8:66:root:20
co-8_66-03682	8:66	w-s008-a066-w003	w-s008-a066-w005	ء ل ه	ع ل م	2	1	13	3	408	878	intra_ayah:8:66:root:21
co-8_66-03683	8:66	w-s008-a066-w023	w-s008-a066-w005	ء ل ه	ع ل م	18	1	13	3	408	878	intra_ayah:8:66:root:21
co-8_66-03684	8:66	w-s008-a066-w024	w-s008-a066-w005	ء ل ه	ع ل م	19	1	13	3	408	878	intra_ayah:8:66:root:21
co-8_66-03685	8:66	w-s008-a066-w003	w-s008-a066-w014	ء ل ه	غ ل ب	11	3	10	6	11	25	intra_ayah:8:66:root:22
co-8_66-03686	8:66	w-s008-a066-w003	w-s008-a066-w020	ء ل ه	غ ل ب	17	3	10	6	11	25	intra_ayah:8:66:root:22
co-8_66-03687	8:66	w-s008-a066-w023	w-s008-a066-w014	ء ل ه	غ ل ب	9	3	10	6	11	25	intra_ayah:8:66:root:22
co-8_66-03688	8:66	w-s008-a066-w023	w-s008-a066-w020	ء ل ه	غ ل ب	3	3	10	6	11	25	intra_ayah:8:66:root:22
co-8_66-03689	8:66	w-s008-a066-w024	w-s008-a066-w014	ء ل ه	غ ل ب	10	3	10	6	11	25	intra_ayah:8:66:root:22
co-8_66-03690	8:66	w-s008-a066-w024	w-s008-a066-w020	ء ل ه	غ ل ب	4	3	10	6	11	25	intra_ayah:8:66:root:22
co-8_66-03691	8:66	w-s008-a066-w003	w-s008-a066-w010	ء ل ه	ك و ن	7	3	11	6	441	974	intra_ayah:8:66:root:23
co-8_66-03692	8:66	w-s008-a066-w003	w-s008-a066-w017	ء ل ه	ك و ن	14	3	11	6	441	974	intra_ayah:8:66:root:23
co-8_66-03693	8:66	w-s008-a066-w023	w-s008-a066-w010	ء ل ه	ك و ن	13	3	11	6	441	974	intra_ayah:8:66:root:23
co-8_66-03694	8:66	w-s008-a066-w023	w-s008-a066-w017	ء ل ه	ك و ن	6	3	11	6	441	974	intra_ayah:8:66:root:23
co-8_66-03695	8:66	w-s008-a066-w024	w-s008-a066-w010	ء ل ه	ك و ن	14	3	11	6	441	974	intra_ayah:8:66:root:23
co-8_66-03696	8:66	w-s008-a066-w024	w-s008-a066-w017	ء ل ه	ك و ن	7	3	11	6	441	974	intra_ayah:8:66:root:23
co-8_66-03697	8:66	w-s008-a066-w003	w-s008-a066-w012	ء ل ه	م ء ي	9	4	10	6	4	17	intra_ayah:8:66:root:24
co-8_66-03698	8:66	w-s008-a066-w003	w-s008-a066-w015	ء ل ه	م ء ي	12	4	10	6	4	17	intra_ayah:8:66:root:24
co-8_66-03699	8:66	w-s008-a066-w023	w-s008-a066-w012	ء ل ه	م ء ي	11	4	10	6	4	17	intra_ayah:8:66:root:24
co-8_66-03700	8:66	w-s008-a066-w023	w-s008-a066-w015	ء ل ه	م ء ي	8	4	10	6	4	17	intra_ayah:8:66:root:24
co-8_66-03701	8:66	w-s008-a066-w024	w-s008-a066-w012	ء ل ه	م ء ي	12	4	10	6	4	17	intra_ayah:8:66:root:24
co-8_66-03702	8:66	w-s008-a066-w024	w-s008-a066-w015	ء ل ه	م ء ي	9	4	10	6	4	17	intra_ayah:8:66:root:24
co-8_66-03703	8:66	w-s008-a066-w002	w-s008-a066-w013	خ ف ف	ص ب ر	11	6	16	2	2	3	intra_ayah:8:66:root:25
co-8_66-03704	8:66	w-s008-a066-w002	w-s008-a066-w026	خ ف ف	ص ب ر	24	6	16	2	2	3	intra_ayah:8:66:root:25
co-8_66-03705	8:66	w-s008-a066-w002	w-s008-a066-w008	خ ف ف	ض ع ف	6	3	3	1	2	2	intra_ayah:8:66:root:26
co-8_66-03706	8:66	w-s008-a066-w002	w-s008-a066-w005	خ ف ف	ع ل م	3	2	2	1	2	2	intra_ayah:8:66:root:27
co-8_66-03707	8:66	w-s008-a066-w002	w-s008-a066-w014	خ ف ف	غ ل ب	12	7	11	2	1	2	intra_ayah:8:66:root:28
co-8_66-03708	8:66	w-s008-a066-w002	w-s008-a066-w020	خ ف ف	غ ل ب	18	7	11	2	1	2	intra_ayah:8:66:root:28
co-8_66-03709	8:66	w-s008-a066-w002	w-s008-a066-w010	خ ف ف	ك و ن	8	4	9	2	5	6	intra_ayah:8:66:root:29
co-8_66-03710	8:66	w-s008-a066-w002	w-s008-a066-w017	خ ف ف	ك و ن	15	4	9	2	5	6	intra_ayah:8:66:root:29
co-8_66-03711	8:66	w-s008-a066-w022	w-s008-a066-w002	ء ذ ن	خ ف ف	20	13	13	1	1	1	intra_ayah:8:66:root:3
co-8_66-03712	8:66	w-s008-a066-w002	w-s008-a066-w012	خ ف ف	م ء ي	10	5	8	2	1	2	intra_ayah:8:66:root:30
co-8_66-03713	8:66	w-s008-a066-w002	w-s008-a066-w015	خ ف ف	م ء ي	13	5	8	2	1	2	intra_ayah:8:66:root:30
co-8_66-03714	8:66	w-s008-a066-w013	w-s008-a066-w008	ص ب ر	ض ع ف	5	3	13	2	4	5	intra_ayah:8:66:root:31
co-8_66-03715	8:66	w-s008-a066-w026	w-s008-a066-w008	ص ب ر	ض ع ف	18	3	13	2	4	5	intra_ayah:8:66:root:31
co-8_66-03716	8:66	w-s008-a066-w013	w-s008-a066-w005	ص ب ر	ع ل م	8	4	14	2	9	11	intra_ayah:8:66:root:32
co-8_66-03717	8:66	w-s008-a066-w026	w-s008-a066-w005	ص ب ر	ع ل م	21	4	14	2	9	11	intra_ayah:8:66:root:32
co-8_66-03718	8:66	w-s008-a066-w013	w-s008-a066-w014	ص ب ر	غ ل ب	1	1	9	4	3	7	intra_ayah:8:66:root:33
co-8_66-03719	8:66	w-s008-a066-w013	w-s008-a066-w020	ص ب ر	غ ل ب	7	1	9	4	3	7	intra_ayah:8:66:root:33
co-8_66-03720	8:66	w-s008-a066-w026	w-s008-a066-w014	ص ب ر	غ ل ب	12	1	9	4	3	7	intra_ayah:8:66:root:33
co-8_66-03721	8:66	w-s008-a066-w026	w-s008-a066-w020	ص ب ر	غ ل ب	6	1	9	4	3	7	intra_ayah:8:66:root:33
co-8_66-03722	8:66	w-s008-a066-w013	w-s008-a066-w010	ص ب ر	ك و ن	3	2	12	4	17	28	intra_ayah:8:66:root:34
co-8_66-03723	8:66	w-s008-a066-w013	w-s008-a066-w017	ص ب ر	ك و ن	4	2	12	4	17	28	intra_ayah:8:66:root:34
co-8_66-03724	8:66	w-s008-a066-w026	w-s008-a066-w010	ص ب ر	ك و ن	16	2	12	4	17	28	intra_ayah:8:66:root:34
co-8_66-03725	8:66	w-s008-a066-w026	w-s008-a066-w017	ص ب ر	ك و ن	9	2	12	4	17	28	intra_ayah:8:66:root:34
co-8_66-03726	8:66	w-s008-a066-w013	w-s008-a066-w012	ص ب ر	م ء ي	1	1	11	4	2	6	intra_ayah:8:66:root:35
co-8_66-03727	8:66	w-s008-a066-w013	w-s008-a066-w015	ص ب ر	م ء ي	2	1	11	4	2	6	intra_ayah:8:66:root:35
co-8_66-03728	8:66	w-s008-a066-w026	w-s008-a066-w012	ص ب ر	م ء ي	14	1	11	4	2	6	intra_ayah:8:66:root:35
co-8_66-03729	8:66	w-s008-a066-w026	w-s008-a066-w015	ص ب ر	م ء ي	11	1	11	4	2	6	intra_ayah:8:66:root:35
co-8_66-03730	8:66	w-s008-a066-w008	w-s008-a066-w005	ض ع ف	ع ل م	3	1	1	1	9	14	intra_ayah:8:66:root:36
co-8_66-03731	8:66	w-s008-a066-w008	w-s008-a066-w014	ض ع ف	غ ل ب	6	4	8	2	1	2	intra_ayah:8:66:root:37
co-8_66-03732	8:66	w-s008-a066-w008	w-s008-a066-w020	ض ع ف	غ ل ب	12	4	8	2	1	2	intra_ayah:8:66:root:37
co-8_66-03733	8:66	w-s008-a066-w008	w-s008-a066-w010	ض ع ف	ك و ن	2	1	6	2	17	29	intra_ayah:8:66:root:38
co-8_66-03734	8:66	w-s008-a066-w008	w-s008-a066-w017	ض ع ف	ك و ن	9	1	6	2	17	29	intra_ayah:8:66:root:38
co-8_66-03735	8:66	w-s008-a066-w008	w-s008-a066-w012	ض ع ف	م ء ي	4	2	5	2	2	3	intra_ayah:8:66:root:39
co-8_66-03736	8:66	w-s008-a066-w008	w-s008-a066-w015	ض ع ف	م ء ي	7	2	5	2	2	3	intra_ayah:8:66:root:39
co-8_66-03737	8:66	w-s008-a066-w022	w-s008-a066-w013	ء ذ ن	ص ب ر	9	3	7	2	3	4	intra_ayah:8:66:root:4
co-8_66-03738	8:66	w-s008-a066-w022	w-s008-a066-w026	ء ذ ن	ص ب ر	4	3	7	2	3	4	intra_ayah:8:66:root:4
co-8_66-03739	8:66	w-s008-a066-w005	w-s008-a066-w014	ع ل م	غ ل ب	9	5	9	2	3	6	intra_ayah:8:66:root:40
co-8_66-03740	8:66	w-s008-a066-w005	w-s008-a066-w020	ع ل م	غ ل ب	15	5	9	2	3	6	intra_ayah:8:66:root:40
co-8_66-03741	8:66	w-s008-a066-w005	w-s008-a066-w010	ع ل م	ك و ن	5	2	7	2	157	243	intra_ayah:8:66:root:41
co-8_66-03742	8:66	w-s008-a066-w005	w-s008-a066-w017	ع ل م	ك و ن	12	2	7	2	157	243	intra_ayah:8:66:root:41
co-8_66-03743	8:66	w-s008-a066-w005	w-s008-a066-w012	ع ل م	م ء ي	7	3	6	2	3	5	intra_ayah:8:66:root:42
co-8_66-03744	8:66	w-s008-a066-w005	w-s008-a066-w015	ع ل م	م ء ي	10	3	6	2	3	5	intra_ayah:8:66:root:42
co-8_66-03745	8:66	w-s008-a066-w014	w-s008-a066-w010	غ ل ب	ك و ن	4	2	7	4	9	15	intra_ayah:8:66:root:43
co-8_66-03746	8:66	w-s008-a066-w014	w-s008-a066-w017	غ ل ب	ك و ن	3	2	7	4	9	15	intra_ayah:8:66:root:43
co-8_66-03747	8:66	w-s008-a066-w020	w-s008-a066-w010	غ ل ب	ك و ن	10	2	7	4	9	15	intra_ayah:8:66:root:43
co-8_66-03748	8:66	w-s008-a066-w020	w-s008-a066-w017	غ ل ب	ك و ن	3	2	7	4	9	15	intra_ayah:8:66:root:43
co-8_66-03749	8:66	w-s008-a066-w014	w-s008-a066-w012	غ ل ب	م ء ي	2	1	6	4	2	8	intra_ayah:8:66:root:44
co-8_66-03750	8:66	w-s008-a066-w014	w-s008-a066-w015	غ ل ب	م ء ي	1	1	6	4	2	8	intra_ayah:8:66:root:44
co-8_66-03751	8:66	w-s008-a066-w020	w-s008-a066-w012	غ ل ب	م ء ي	8	1	6	4	2	8	intra_ayah:8:66:root:44
co-8_66-03752	8:66	w-s008-a066-w020	w-s008-a066-w015	غ ل ب	م ء ي	5	1	6	4	2	8	intra_ayah:8:66:root:44
co-8_66-03753	8:66	w-s008-a066-w010	w-s008-a066-w012	ك و ن	م ء ي	2	1	4	4	3	9	intra_ayah:8:66:root:45
co-8_66-03754	8:66	w-s008-a066-w010	w-s008-a066-w015	ك و ن	م ء ي	5	1	4	4	3	9	intra_ayah:8:66:root:45
co-8_66-03755	8:66	w-s008-a066-w017	w-s008-a066-w012	ك و ن	م ء ي	5	1	4	4	3	9	intra_ayah:8:66:root:45
co-8_66-03756	8:66	w-s008-a066-w017	w-s008-a066-w015	ك و ن	م ء ي	2	1	4	4	3	9	intra_ayah:8:66:root:45
co-8_66-03757	8:66	w-s008-a066-w022	w-s008-a066-w008	ء ذ ن	ض ع ف	14	10	10	1	1	1	intra_ayah:8:66:root:5
co-8_66-03758	8:66	w-s008-a066-w022	w-s008-a066-w005	ء ذ ن	ع ل م	17	11	11	1	20	34	intra_ayah:8:66:root:6
co-8_66-03759	8:66	w-s008-a066-w022	w-s008-a066-w014	ء ذ ن	غ ل ب	8	2	6	2	2	3	intra_ayah:8:66:root:7
co-8_66-03760	8:66	w-s008-a066-w022	w-s008-a066-w020	ء ذ ن	غ ل ب	2	2	6	2	2	3	intra_ayah:8:66:root:7
co-8_66-03761	8:66	w-s008-a066-w022	w-s008-a066-w010	ء ذ ن	ك و ن	12	4	9	2	18	30	intra_ayah:8:66:root:8
co-8_66-03762	8:66	w-s008-a066-w022	w-s008-a066-w017	ء ذ ن	ك و ن	5	4	9	2	18	30	intra_ayah:8:66:root:8
co-8_66-03763	8:66	w-s008-a066-w022	w-s008-a066-w012	ء ذ ن	م ء ي	10	5	8	2	1	2	intra_ayah:8:66:root:9
co-8_66-03764	8:66	w-s008-a066-w022	w-s008-a066-w015	ء ذ ن	م ء ي	7	5	8	2	1	2	intra_ayah:8:66:root:9
co-8_67-03765	8:67	w-s008-a067-w017	w-s008-a067-w011	ء خ ر	ء ر ض	6	6	6	1	17	20	intra_ayah:8:67:root:1
co-8_67-03766	8:67	w-s008-a067-w017	w-s008-a067-w002	ء خ ر	ك و ن	15	9	11	2	59	76	intra_ayah:8:67:root:10
co-8_67-03767	8:67	w-s008-a067-w017	w-s008-a067-w005	ء خ ر	ك و ن	12	9	11	2	59	76	intra_ayah:8:67:root:10
co-8_67-03768	8:67	w-s008-a067-w017	w-s008-a067-w003	ء خ ر	ن ب ء	14	10	10	1	9	9	intra_ayah:8:67:root:11
co-8_67-03769	8:67	w-s008-a067-w011	w-s008-a067-w007	ء ر ض	ء س ر	4	2	2	1	1	1	intra_ayah:8:67:root:12
co-8_67-03770	8:67	w-s008-a067-w011	w-s008-a067-w015	ء ر ض	ء ل ه	4	4	7	2	215	380	intra_ayah:8:67:root:13
co-8_67-03771	8:67	w-s008-a067-w011	w-s008-a067-w018	ء ر ض	ء ل ه	7	4	7	2	215	380	intra_ayah:8:67:root:13
co-8_67-03772	8:67	w-s008-a067-w011	w-s008-a067-w009	ء ر ض	ث خ ن	2	1	1	1	1	1	intra_ayah:8:67:root:14
co-8_67-03773	8:67	w-s008-a067-w011	w-s008-a067-w020	ء ر ض	ح ك م	9	9	9	1	22	24	intra_ayah:8:67:root:15
co-8_67-03774	8:67	w-s008-a067-w011	w-s008-a067-w014	ء ر ض	د ن و	3	3	3	1	15	18	intra_ayah:8:67:root:16
co-8_67-03775	8:67	w-s008-a067-w011	w-s008-a067-w012	ء ر ض	ر و د	1	1	5	2	13	20	intra_ayah:8:67:root:17
co-8_67-03776	8:67	w-s008-a067-w011	w-s008-a067-w016	ء ر ض	ر و د	5	1	5	2	13	20	intra_ayah:8:67:root:17
co-8_67-03777	8:67	w-s008-a067-w011	w-s008-a067-w013	ء ر ض	ع ر ض	2	2	2	1	9	10	intra_ayah:8:67:root:18
co-8_67-03778	8:67	w-s008-a067-w011	w-s008-a067-w019	ء ر ض	ع ز ز	8	8	8	1	14	14	intra_ayah:8:67:root:19
co-8_67-03779	8:67	w-s008-a067-w017	w-s008-a067-w007	ء خ ر	ء س ر	10	8	8	1	1	1	intra_ayah:8:67:root:2
co-8_67-03780	8:67	w-s008-a067-w011	w-s008-a067-w002	ء ر ض	ك و ن	9	3	5	2	91	149	intra_ayah:8:67:root:20
co-8_67-03781	8:67	w-s008-a067-w011	w-s008-a067-w005	ء ر ض	ك و ن	6	3	5	2	91	149	intra_ayah:8:67:root:20
co-8_67-03782	8:67	w-s008-a067-w011	w-s008-a067-w003	ء ر ض	ن ب ء	8	4	4	1	11	12	intra_ayah:8:67:root:21
co-8_67-03783	8:67	w-s008-a067-w007	w-s008-a067-w015	ء س ر	ء ل ه	8	6	9	2	3	5	intra_ayah:8:67:root:22
co-8_67-03784	8:67	w-s008-a067-w007	w-s008-a067-w018	ء س ر	ء ل ه	11	6	9	2	3	5	intra_ayah:8:67:root:22
co-8_67-03785	8:67	w-s008-a067-w007	w-s008-a067-w009	ء س ر	ث خ ن	2	1	1	1	1	1	intra_ayah:8:67:root:23
co-8_67-03786	8:67	w-s008-a067-w007	w-s008-a067-w020	ء س ر	ح ك م	13	11	11	1	1	1	intra_ayah:8:67:root:24
co-8_67-03787	8:67	w-s008-a067-w007	w-s008-a067-w014	ء س ر	د ن و	7	5	5	1	2	2	intra_ayah:8:67:root:25
co-8_67-03788	8:67	w-s008-a067-w007	w-s008-a067-w012	ء س ر	ر و د	5	3	7	2	1	2	intra_ayah:8:67:root:26
co-8_67-03789	8:67	w-s008-a067-w007	w-s008-a067-w016	ء س ر	ر و د	9	3	7	2	1	2	intra_ayah:8:67:root:26
co-8_67-03790	8:67	w-s008-a067-w007	w-s008-a067-w013	ء س ر	ع ر ض	6	4	4	1	1	1	intra_ayah:8:67:root:27
co-8_67-03791	8:67	w-s008-a067-w007	w-s008-a067-w019	ء س ر	ع ز ز	12	10	10	1	1	1	intra_ayah:8:67:root:28
co-8_67-03792	8:67	w-s008-a067-w007	w-s008-a067-w002	ء س ر	ك و ن	5	1	3	2	1	2	intra_ayah:8:67:root:29
co-8_67-03793	8:67	w-s008-a067-w007	w-s008-a067-w005	ء س ر	ك و ن	2	1	3	2	1	2	intra_ayah:8:67:root:29
co-8_67-03794	8:67	w-s008-a067-w017	w-s008-a067-w015	ء خ ر	ء ل ه	2	1	2	2	123	229	intra_ayah:8:67:root:3
co-8_67-03795	8:67	w-s008-a067-w017	w-s008-a067-w018	ء خ ر	ء ل ه	1	1	2	2	123	229	intra_ayah:8:67:root:3
co-8_67-03796	8:67	w-s008-a067-w007	w-s008-a067-w003	ء س ر	ن ب ء	4	2	2	1	2	2	intra_ayah:8:67:root:30
co-8_67-03797	8:67	w-s008-a067-w015	w-s008-a067-w009	ء ل ه	ث خ ن	6	5	8	2	2	4	intra_ayah:8:67:root:31
co-8_67-03798	8:67	w-s008-a067-w018	w-s008-a067-w009	ء ل ه	ث خ ن	9	5	8	2	2	4	intra_ayah:8:67:root:31
co-8_67-03799	8:67	w-s008-a067-w015	w-s008-a067-w020	ء ل ه	ح ك م	5	2	5	2	127	252	intra_ayah:8:67:root:32
co-8_67-03800	8:67	w-s008-a067-w018	w-s008-a067-w020	ء ل ه	ح ك م	2	2	5	2	127	252	intra_ayah:8:67:root:32
co-8_67-03801	8:67	w-s008-a067-w015	w-s008-a067-w014	ء ل ه	د ن و	1	1	4	2	63	109	intra_ayah:8:67:root:33
co-8_67-03802	8:67	w-s008-a067-w018	w-s008-a067-w014	ء ل ه	د ن و	4	1	4	2	63	109	intra_ayah:8:67:root:33
co-8_67-03803	8:67	w-s008-a067-w015	w-s008-a067-w012	ء ل ه	ر و د	3	1	6	4	65	146	intra_ayah:8:67:root:34
co-8_67-03804	8:67	w-s008-a067-w015	w-s008-a067-w016	ء ل ه	ر و د	1	1	6	4	65	146	intra_ayah:8:67:root:34
co-8_67-03805	8:67	w-s008-a067-w018	w-s008-a067-w012	ء ل ه	ر و د	6	1	6	4	65	146	intra_ayah:8:67:root:34
co-8_67-03806	8:67	w-s008-a067-w018	w-s008-a067-w016	ء ل ه	ر و د	2	1	6	4	65	146	intra_ayah:8:67:root:34
co-8_67-03807	8:67	w-s008-a067-w015	w-s008-a067-w013	ء ل ه	ع ر ض	2	2	5	2	24	47	intra_ayah:8:67:root:35
co-8_67-03808	8:67	w-s008-a067-w018	w-s008-a067-w013	ء ل ه	ع ر ض	5	2	5	2	24	47	intra_ayah:8:67:root:35
co-8_67-03809	8:67	w-s008-a067-w015	w-s008-a067-w019	ء ل ه	ع ز ز	4	1	4	2	69	117	intra_ayah:8:67:root:36
co-8_67-03810	8:67	w-s008-a067-w018	w-s008-a067-w019	ء ل ه	ع ز ز	1	1	4	2	69	117	intra_ayah:8:67:root:36
co-8_67-03811	8:67	w-s008-a067-w015	w-s008-a067-w002	ء ل ه	ك و ن	13	7	12	4	441	974	intra_ayah:8:67:root:37
co-8_67-03812	8:67	w-s008-a067-w015	w-s008-a067-w005	ء ل ه	ك و ن	10	7	12	4	441	974	intra_ayah:8:67:root:37
co-8_67-03813	8:67	w-s008-a067-w018	w-s008-a067-w002	ء ل ه	ك و ن	16	7	12	4	441	974	intra_ayah:8:67:root:37
co-8_67-03814	8:67	w-s008-a067-w018	w-s008-a067-w005	ء ل ه	ك و ن	13	7	12	4	441	974	intra_ayah:8:67:root:37
co-8_67-03815	8:67	w-s008-a067-w015	w-s008-a067-w003	ء ل ه	ن ب ء	12	8	11	2	73	141	intra_ayah:8:67:root:38
co-8_67-03816	8:67	w-s008-a067-w018	w-s008-a067-w003	ء ل ه	ن ب ء	15	8	11	2	73	141	intra_ayah:8:67:root:38
co-8_67-03817	8:67	w-s008-a067-w009	w-s008-a067-w020	ث خ ن	ح ك م	11	10	10	1	1	1	intra_ayah:8:67:root:39
co-8_67-03818	8:67	w-s008-a067-w017	w-s008-a067-w009	ء خ ر	ث خ ن	8	7	7	1	1	1	intra_ayah:8:67:root:4
co-8_67-03819	8:67	w-s008-a067-w009	w-s008-a067-w014	ث خ ن	د ن و	5	4	4	1	1	1	intra_ayah:8:67:root:40
co-8_67-03820	8:67	w-s008-a067-w009	w-s008-a067-w012	ث خ ن	ر و د	3	2	6	2	1	2	intra_ayah:8:67:root:41
co-8_67-03821	8:67	w-s008-a067-w009	w-s008-a067-w016	ث خ ن	ر و د	7	2	6	2	1	2	intra_ayah:8:67:root:41
co-8_67-03822	8:67	w-s008-a067-w009	w-s008-a067-w013	ث خ ن	ع ر ض	4	3	3	1	1	1	intra_ayah:8:67:root:42
co-8_67-03823	8:67	w-s008-a067-w009	w-s008-a067-w019	ث خ ن	ع ز ز	10	9	9	1	1	1	intra_ayah:8:67:root:43
co-8_67-03824	8:67	w-s008-a067-w009	w-s008-a067-w002	ث خ ن	ك و ن	7	2	4	2	1	2	intra_ayah:8:67:root:44
co-8_67-03825	8:67	w-s008-a067-w009	w-s008-a067-w005	ث خ ن	ك و ن	4	2	4	2	1	2	intra_ayah:8:67:root:44
co-8_67-03826	8:67	w-s008-a067-w009	w-s008-a067-w003	ث خ ن	ن ب ء	6	3	3	1	1	1	intra_ayah:8:67:root:45
co-8_67-03827	8:67	w-s008-a067-w020	w-s008-a067-w014	ح ك م	د ن و	6	6	6	1	2	2	intra_ayah:8:67:root:46
co-8_67-03828	8:67	w-s008-a067-w020	w-s008-a067-w012	ح ك م	ر و د	8	4	8	2	8	11	intra_ayah:8:67:root:47
co-8_67-03829	8:67	w-s008-a067-w020	w-s008-a067-w016	ح ك م	ر و د	4	4	8	2	8	11	intra_ayah:8:67:root:47
co-8_67-03830	8:67	w-s008-a067-w020	w-s008-a067-w013	ح ك م	ع ر ض	7	7	7	1	4	9	intra_ayah:8:67:root:48
co-8_67-03831	8:67	w-s008-a067-w020	w-s008-a067-w019	ح ك م	ع ز ز	1	1	1	1	49	50	intra_ayah:8:67:root:49
co-8_67-03832	8:67	w-s008-a067-w017	w-s008-a067-w020	ء خ ر	ح ك م	3	3	3	1	11	11	intra_ayah:8:67:root:5
co-8_67-03833	8:67	w-s008-a067-w020	w-s008-a067-w002	ح ك م	ك و ن	18	12	14	2	48	74	intra_ayah:8:67:root:50
co-8_67-03834	8:67	w-s008-a067-w020	w-s008-a067-w005	ح ك م	ك و ن	15	12	14	2	48	74	intra_ayah:8:67:root:50
co-8_67-03835	8:67	w-s008-a067-w020	w-s008-a067-w003	ح ك م	ن ب ء	17	13	13	1	10	12	intra_ayah:8:67:root:51
co-8_67-03836	8:67	w-s008-a067-w014	w-s008-a067-w012	د ن و	ر و د	2	2	2	2	14	21	intra_ayah:8:67:root:52
co-8_67-03837	8:67	w-s008-a067-w014	w-s008-a067-w016	د ن و	ر و د	2	2	2	2	14	21	intra_ayah:8:67:root:52
co-8_67-03838	8:67	w-s008-a067-w014	w-s008-a067-w013	د ن و	ع ر ض	1	1	1	1	6	7	intra_ayah:8:67:root:53
co-8_67-03839	8:67	w-s008-a067-w014	w-s008-a067-w019	د ن و	ع ز ز	5	5	5	1	3	3	intra_ayah:8:67:root:54
co-8_67-03840	8:67	w-s008-a067-w014	w-s008-a067-w002	د ن و	ك و ن	12	6	8	2	34	47	intra_ayah:8:67:root:55
co-8_67-03841	8:67	w-s008-a067-w014	w-s008-a067-w005	د ن و	ك و ن	9	6	8	2	34	47	intra_ayah:8:67:root:55
co-8_67-03842	8:67	w-s008-a067-w014	w-s008-a067-w003	د ن و	ن ب ء	11	7	7	1	8	9	intra_ayah:8:67:root:56
co-8_67-03843	8:67	w-s008-a067-w012	w-s008-a067-w013	ر و د	ع ر ض	1	1	3	2	3	4	intra_ayah:8:67:root:57
co-8_67-03844	8:67	w-s008-a067-w016	w-s008-a067-w013	ر و د	ع ر ض	3	1	3	2	3	4	intra_ayah:8:67:root:57
co-8_67-03845	8:67	w-s008-a067-w012	w-s008-a067-w019	ر و د	ع ز ز	7	3	7	2	5	8	intra_ayah:8:67:root:58
co-8_67-03846	8:67	w-s008-a067-w016	w-s008-a067-w019	ر و د	ع ز ز	3	3	7	2	5	8	intra_ayah:8:67:root:58
co-8_67-03847	8:67	w-s008-a067-w012	w-s008-a067-w002	ر و د	ك و ن	10	4	10	4	36	66	intra_ayah:8:67:root:59
co-8_67-03848	8:67	w-s008-a067-w012	w-s008-a067-w005	ر و د	ك و ن	7	4	10	4	36	66	intra_ayah:8:67:root:59
co-8_67-03849	8:67	w-s008-a067-w016	w-s008-a067-w002	ر و د	ك و ن	14	4	10	4	36	66	intra_ayah:8:67:root:59
co-8_67-03850	8:67	w-s008-a067-w016	w-s008-a067-w005	ر و د	ك و ن	11	4	10	4	36	66	intra_ayah:8:67:root:59
co-8_67-03851	8:67	w-s008-a067-w017	w-s008-a067-w014	ء خ ر	د ن و	3	3	3	1	57	67	intra_ayah:8:67:root:6
co-8_67-03852	8:67	w-s008-a067-w012	w-s008-a067-w003	ر و د	ن ب ء	9	5	9	2	4	7	intra_ayah:8:67:root:60
co-8_67-03853	8:67	w-s008-a067-w016	w-s008-a067-w003	ر و د	ن ب ء	13	5	9	2	4	7	intra_ayah:8:67:root:60
co-8_67-03854	8:67	w-s008-a067-w013	w-s008-a067-w019	ع ر ض	ع ز ز	6	6	6	1	1	1	intra_ayah:8:67:root:61
co-8_67-03855	8:67	w-s008-a067-w013	w-s008-a067-w002	ع ر ض	ك و ن	11	5	7	2	19	26	intra_ayah:8:67:root:62
co-8_67-03856	8:67	w-s008-a067-w013	w-s008-a067-w005	ع ر ض	ك و ن	8	5	7	2	19	26	intra_ayah:8:67:root:62
co-8_67-03857	8:67	w-s008-a067-w013	w-s008-a067-w003	ع ر ض	ن ب ء	10	6	6	1	3	7	intra_ayah:8:67:root:63
co-8_67-03858	8:67	w-s008-a067-w019	w-s008-a067-w002	ع ز ز	ك و ن	17	11	13	2	12	15	intra_ayah:8:67:root:64
co-8_67-03859	8:67	w-s008-a067-w019	w-s008-a067-w005	ع ز ز	ك و ن	14	11	13	2	12	15	intra_ayah:8:67:root:64
co-8_67-03860	8:67	w-s008-a067-w019	w-s008-a067-w003	ع ز ز	ن ب ء	16	12	12	1	1	1	intra_ayah:8:67:root:65
co-8_67-03861	8:67	w-s008-a067-w002	w-s008-a067-w003	ك و ن	ن ب ء	1	1	1	2	58	89	intra_ayah:8:67:root:66
co-8_67-03862	8:67	w-s008-a067-w005	w-s008-a067-w003	ك و ن	ن ب ء	2	1	1	2	58	89	intra_ayah:8:67:root:66
co-8_67-03863	8:67	w-s008-a067-w017	w-s008-a067-w012	ء خ ر	ر و د	5	1	5	2	14	24	intra_ayah:8:67:root:7
co-8_67-03864	8:67	w-s008-a067-w017	w-s008-a067-w016	ء خ ر	ر و د	1	1	5	2	14	24	intra_ayah:8:67:root:7
co-8_67-03865	8:67	w-s008-a067-w017	w-s008-a067-w013	ء خ ر	ع ر ض	4	4	4	1	2	3	intra_ayah:8:67:root:8
co-8_67-03866	8:67	w-s008-a067-w017	w-s008-a067-w019	ء خ ر	ع ز ز	2	2	2	1	5	5	intra_ayah:8:67:root:9
co-8_68-03867	8:68	w-s008-a068-w008	w-s008-a068-w004	ء خ ذ	ء ل ه	4	3	3	1	113	204	intra_ayah:8:68:root:1
co-8_68-03868	8:68	w-s008-a068-w004	w-s008-a068-w002	ء ل ه	ك ت ب	2	1	1	1	123	300	intra_ayah:8:68:root:10
co-8_68-03869	8:68	w-s008-a068-w004	w-s008-a068-w006	ء ل ه	م س س	2	2	2	1	26	46	intra_ayah:8:68:root:11
co-8_68-03870	8:68	w-s008-a068-w005	w-s008-a068-w009	س ب ق	ع ذ ب	4	3	3	1	2	2	intra_ayah:8:68:root:12
co-8_68-03871	8:68	w-s008-a068-w005	w-s008-a068-w010	س ب ق	ع ظ م	5	4	4	1	3	3	intra_ayah:8:68:root:13
co-8_68-03872	8:68	w-s008-a068-w005	w-s008-a068-w002	س ب ق	ك ت ب	3	2	2	1	6	7	intra_ayah:8:68:root:14
co-8_68-03873	8:68	w-s008-a068-w005	w-s008-a068-w006	س ب ق	م س س	1	1	1	1	1	1	intra_ayah:8:68:root:15
co-8_68-03874	8:68	w-s008-a068-w009	w-s008-a068-w010	ع ذ ب	ع ظ م	1	1	1	1	26	28	intra_ayah:8:68:root:16
co-8_68-03875	8:68	w-s008-a068-w009	w-s008-a068-w002	ع ذ ب	ك ت ب	7	5	5	1	11	14	intra_ayah:8:68:root:17
co-8_68-03876	8:68	w-s008-a068-w009	w-s008-a068-w006	ع ذ ب	م س س	3	2	2	1	14	14	intra_ayah:8:68:root:18
co-8_68-03877	8:68	w-s008-a068-w010	w-s008-a068-w002	ع ظ م	ك ت ب	8	6	6	1	5	5	intra_ayah:8:68:root:19
co-8_68-03878	8:68	w-s008-a068-w008	w-s008-a068-w005	ء خ ذ	س ب ق	3	2	2	1	1	1	intra_ayah:8:68:root:2
co-8_68-03879	8:68	w-s008-a068-w010	w-s008-a068-w006	ع ظ م	م س س	4	3	3	1	4	4	intra_ayah:8:68:root:20
co-8_68-03880	8:68	w-s008-a068-w002	w-s008-a068-w006	ك ت ب	م س س	4	3	3	1	2	2	intra_ayah:8:68:root:21
co-8_68-03881	8:68	w-s008-a068-w008	w-s008-a068-w009	ء خ ذ	ع ذ ب	1	1	1	1	26	31	intra_ayah:8:68:root:3
co-8_68-03882	8:68	w-s008-a068-w008	w-s008-a068-w010	ء خ ذ	ع ظ م	2	2	2	1	8	8	intra_ayah:8:68:root:4
co-8_68-03883	8:68	w-s008-a068-w008	w-s008-a068-w002	ء خ ذ	ك ت ب	6	4	4	1	12	24	intra_ayah:8:68:root:5
co-8_68-03884	8:68	w-s008-a068-w008	w-s008-a068-w006	ء خ ذ	م س س	2	1	1	1	7	8	intra_ayah:8:68:root:6
co-8_68-03885	8:68	w-s008-a068-w004	w-s008-a068-w005	ء ل ه	س ب ق	1	1	1	1	6	11	intra_ayah:8:68:root:7
co-8_68-03886	8:68	w-s008-a068-w004	w-s008-a068-w009	ء ل ه	ع ذ ب	5	4	4	1	133	222	intra_ayah:8:68:root:8
co-8_68-03887	8:68	w-s008-a068-w004	w-s008-a068-w010	ء ل ه	ع ظ م	6	5	5	1	69	126	intra_ayah:8:68:root:9
co-8_69-03888	8:69	w-s008-a069-w001	w-s008-a069-w007	ء ك ل	ء ل ه	6	5	6	2	32	58	intra_ayah:8:69:root:1
co-8_69-03889	8:69	w-s008-a069-w001	w-s008-a069-w009	ء ك ل	ء ل ه	8	5	6	2	32	58	intra_ayah:8:69:root:1
co-8_69-03890	8:69	w-s008-a069-w007	w-s008-a069-w005	ء ل ه	ط ي ب	2	2	3	2	21	37	intra_ayah:8:69:root:10
co-8_69-03891	8:69	w-s008-a069-w009	w-s008-a069-w005	ء ل ه	ط ي ب	4	2	3	2	21	37	intra_ayah:8:69:root:10
co-8_69-03892	8:69	w-s008-a069-w007	w-s008-a069-w010	ء ل ه	غ ف ر	3	1	2	2	120	282	intra_ayah:8:69:root:11
co-8_69-03893	8:69	w-s008-a069-w009	w-s008-a069-w010	ء ل ه	غ ف ر	1	1	2	2	120	282	intra_ayah:8:69:root:11
co-8_69-03894	8:69	w-s008-a069-w007	w-s008-a069-w003	ء ل ه	غ ن م	4	4	5	2	6	13	intra_ayah:8:69:root:12
co-8_69-03895	8:69	w-s008-a069-w009	w-s008-a069-w003	ء ل ه	غ ن م	6	4	5	2	6	13	intra_ayah:8:69:root:12
co-8_69-03896	8:69	w-s008-a069-w007	w-s008-a069-w006	ء ل ه	و ق ي	1	1	2	2	135	258	intra_ayah:8:69:root:13
co-8_69-03897	8:69	w-s008-a069-w009	w-s008-a069-w006	ء ل ه	و ق ي	3	1	2	2	135	258	intra_ayah:8:69:root:13
co-8_69-03898	8:69	w-s008-a069-w004	w-s008-a069-w011	ح ل ل	ر ح م	7	6	6	1	6	6	intra_ayah:8:69:root:14
co-8_69-03899	8:69	w-s008-a069-w004	w-s008-a069-w005	ح ل ل	ط ي ب	1	1	1	1	10	14	intra_ayah:8:69:root:15
co-8_69-03900	8:69	w-s008-a069-w004	w-s008-a069-w010	ح ل ل	غ ف ر	6	5	5	1	4	4	intra_ayah:8:69:root:16
co-8_69-03901	8:69	w-s008-a069-w004	w-s008-a069-w003	ح ل ل	غ ن م	1	1	1	1	1	1	intra_ayah:8:69:root:17
co-8_69-03902	8:69	w-s008-a069-w004	w-s008-a069-w006	ح ل ل	و ق ي	2	2	2	1	8	12	intra_ayah:8:69:root:18
co-8_69-03903	8:69	w-s008-a069-w011	w-s008-a069-w005	ر ح م	ط ي ب	6	5	5	1	1	1	intra_ayah:8:69:root:19
co-8_69-03904	8:69	w-s008-a069-w001	w-s008-a069-w004	ء ك ل	ح ل ل	3	2	2	1	8	10	intra_ayah:8:69:root:2
co-8_69-03905	8:69	w-s008-a069-w011	w-s008-a069-w010	ر ح م	غ ف ر	1	1	1	1	91	129	intra_ayah:8:69:root:20
co-8_69-03906	8:69	w-s008-a069-w011	w-s008-a069-w003	ر ح م	غ ن م	8	7	7	1	1	1	intra_ayah:8:69:root:21
co-8_69-03907	8:69	w-s008-a069-w011	w-s008-a069-w006	ر ح م	و ق ي	5	4	4	1	14	17	intra_ayah:8:69:root:22
co-8_69-03908	8:69	w-s008-a069-w005	w-s008-a069-w010	ط ي ب	غ ف ر	5	4	4	1	5	8	intra_ayah:8:69:root:23
co-8_69-03909	8:69	w-s008-a069-w005	w-s008-a069-w003	ط ي ب	غ ن م	2	2	2	1	1	1	intra_ayah:8:69:root:24
co-8_69-03910	8:69	w-s008-a069-w005	w-s008-a069-w006	ط ي ب	و ق ي	1	1	1	1	6	6	intra_ayah:8:69:root:25
co-8_69-03911	8:69	w-s008-a069-w010	w-s008-a069-w003	غ ف ر	غ ن م	7	6	6	1	1	1	intra_ayah:8:69:root:26
co-8_69-03912	8:69	w-s008-a069-w010	w-s008-a069-w006	غ ف ر	و ق ي	4	3	3	1	12	14	intra_ayah:8:69:root:27
co-8_69-03913	8:69	w-s008-a069-w003	w-s008-a069-w006	غ ن م	و ق ي	3	3	3	1	1	1	intra_ayah:8:69:root:28
co-8_69-03914	8:69	w-s008-a069-w001	w-s008-a069-w011	ء ك ل	ر ح م	10	8	8	1	5	5	intra_ayah:8:69:root:3
co-8_69-03915	8:69	w-s008-a069-w001	w-s008-a069-w005	ء ك ل	ط ي ب	4	3	3	1	14	15	intra_ayah:8:69:root:4
co-8_69-03916	8:69	w-s008-a069-w001	w-s008-a069-w010	ء ك ل	غ ف ر	9	7	7	1	5	5	intra_ayah:8:69:root:5
co-8_69-03917	8:69	w-s008-a069-w001	w-s008-a069-w003	ء ك ل	غ ن م	2	1	1	1	1	1	intra_ayah:8:69:root:6
co-8_69-03918	8:69	w-s008-a069-w001	w-s008-a069-w006	ء ك ل	و ق ي	5	4	4	1	7	8	intra_ayah:8:69:root:7
co-8_69-03919	8:69	w-s008-a069-w007	w-s008-a069-w004	ء ل ه	ح ل ل	3	3	4	2	31	80	intra_ayah:8:69:root:8
co-8_69-03920	8:69	w-s008-a069-w009	w-s008-a069-w004	ء ل ه	ح ل ل	5	3	4	2	31	80	intra_ayah:8:69:root:8
co-8_69-03921	8:69	w-s008-a069-w007	w-s008-a069-w011	ء ل ه	ر ح م	4	2	3	2	130	254	intra_ayah:8:69:root:9
co-8_69-03922	8:69	w-s008-a069-w009	w-s008-a069-w011	ء ل ه	ر ح م	2	2	3	2	130	254	intra_ayah:8:69:root:9
co-8_70-03923	8:70	w-s008-a070-w015	w-s008-a070-w018	ء ت ي	ء خ ذ	3	2	2	1	30	45	intra_ayah:8:70:root:1
co-8_70-03924	8:70	w-s008-a070-w015	w-s008-a070-w002	ء ت ي	ن ب ء	13	8	8	1	34	42	intra_ayah:8:70:root:10
co-8_70-03925	8:70	w-s008-a070-w015	w-s008-a070-w006	ء ت ي	ي د ي	9	6	6	1	18	23	intra_ayah:8:70:root:11
co-8_70-03926	8:70	w-s008-a070-w018	w-s008-a070-w008	ء خ ذ	ء س ر	10	7	7	1	1	1	intra_ayah:8:70:root:12
co-8_70-03927	8:70	w-s008-a070-w018	w-s008-a070-w011	ء خ ذ	ء ل ه	7	2	5	2	113	204	intra_ayah:8:70:root:13
co-8_70-03928	8:70	w-s008-a070-w018	w-s008-a070-w022	ء خ ذ	ء ل ه	4	2	5	2	113	204	intra_ayah:8:70:root:13
co-8_70-03929	8:70	w-s008-a070-w018	w-s008-a070-w014	ء خ ذ	خ ي ر	4	1	3	2	7	11	intra_ayah:8:70:root:14
co-8_70-03930	8:70	w-s008-a070-w018	w-s008-a070-w016	ء خ ذ	خ ي ر	2	1	3	2	7	11	intra_ayah:8:70:root:14
co-8_70-03931	8:70	w-s008-a070-w018	w-s008-a070-w024	ء خ ذ	ر ح م	6	4	4	1	20	22	intra_ayah:8:70:root:15
co-8_70-03932	8:70	w-s008-a070-w018	w-s008-a070-w010	ء خ ذ	ع ل م	8	6	6	1	24	33	intra_ayah:8:70:root:16
co-8_70-03933	8:70	w-s008-a070-w018	w-s008-a070-w020	ء خ ذ	غ ف ر	2	1	3	2	9	14	intra_ayah:8:70:root:17
co-8_70-03934	8:70	w-s008-a070-w018	w-s008-a070-w023	ء خ ذ	غ ف ر	5	1	3	2	9	14	intra_ayah:8:70:root:17
co-8_70-03935	8:70	w-s008-a070-w018	w-s008-a070-w013	ء خ ذ	ق ل ب	5	4	4	1	8	11	intra_ayah:8:70:root:18
co-8_70-03936	8:70	w-s008-a070-w018	w-s008-a070-w003	ء خ ذ	ق و ل	15	9	9	1	63	106	intra_ayah:8:70:root:19
co-8_70-03937	8:70	w-s008-a070-w015	w-s008-a070-w008	ء ت ي	ء س ر	7	5	5	1	2	2	intra_ayah:8:70:root:2
co-8_70-03938	8:70	w-s008-a070-w018	w-s008-a070-w002	ء خ ذ	ن ب ء	16	10	10	1	7	9	intra_ayah:8:70:root:20
co-8_70-03939	8:70	w-s008-a070-w018	w-s008-a070-w006	ء خ ذ	ي د ي	12	8	8	1	6	6	intra_ayah:8:70:root:21
co-8_70-03940	8:70	w-s008-a070-w008	w-s008-a070-w011	ء س ر	ء ل ه	3	2	9	2	3	5	intra_ayah:8:70:root:22
co-8_70-03941	8:70	w-s008-a070-w008	w-s008-a070-w022	ء س ر	ء ل ه	14	2	9	2	3	5	intra_ayah:8:70:root:22
co-8_70-03942	8:70	w-s008-a070-w008	w-s008-a070-w014	ء س ر	خ ي ر	6	4	6	2	1	2	intra_ayah:8:70:root:23
co-8_70-03943	8:70	w-s008-a070-w008	w-s008-a070-w016	ء س ر	خ ي ر	8	4	6	2	1	2	intra_ayah:8:70:root:23
co-8_70-03944	8:70	w-s008-a070-w008	w-s008-a070-w024	ء س ر	ر ح م	16	11	11	1	1	1	intra_ayah:8:70:root:24
co-8_70-03945	8:70	w-s008-a070-w008	w-s008-a070-w010	ء س ر	ع ل م	2	1	1	1	1	1	intra_ayah:8:70:root:25
co-8_70-03946	8:70	w-s008-a070-w008	w-s008-a070-w020	ء س ر	غ ف ر	12	8	10	2	1	2	intra_ayah:8:70:root:26
co-8_70-03947	8:70	w-s008-a070-w008	w-s008-a070-w023	ء س ر	غ ف ر	15	8	10	2	1	2	intra_ayah:8:70:root:26
co-8_70-03948	8:70	w-s008-a070-w008	w-s008-a070-w013	ء س ر	ق ل ب	5	3	3	1	2	2	intra_ayah:8:70:root:27
co-8_70-03949	8:70	w-s008-a070-w008	w-s008-a070-w003	ء س ر	ق و ل	5	2	2	1	1	1	intra_ayah:8:70:root:28
co-8_70-03950	8:70	w-s008-a070-w008	w-s008-a070-w002	ء س ر	ن ب ء	6	3	3	1	2	2	intra_ayah:8:70:root:29
co-8_70-03951	8:70	w-s008-a070-w015	w-s008-a070-w011	ء ت ي	ء ل ه	4	3	4	2	198	411	intra_ayah:8:70:root:3
co-8_70-03952	8:70	w-s008-a070-w015	w-s008-a070-w022	ء ت ي	ء ل ه	7	3	4	2	198	411	intra_ayah:8:70:root:3
co-8_70-03953	8:70	w-s008-a070-w008	w-s008-a070-w006	ء س ر	ي د ي	2	1	1	1	1	1	intra_ayah:8:70:root:30
co-8_70-03954	8:70	w-s008-a070-w011	w-s008-a070-w014	ء ل ه	خ ي ر	3	2	5	4	99	182	intra_ayah:8:70:root:31
co-8_70-03955	8:70	w-s008-a070-w011	w-s008-a070-w016	ء ل ه	خ ي ر	5	2	5	4	99	182	intra_ayah:8:70:root:31
co-8_70-03956	8:70	w-s008-a070-w022	w-s008-a070-w014	ء ل ه	خ ي ر	8	2	5	4	99	182	intra_ayah:8:70:root:31
co-8_70-03957	8:70	w-s008-a070-w022	w-s008-a070-w016	ء ل ه	خ ي ر	6	2	5	4	99	182	intra_ayah:8:70:root:31
co-8_70-03958	8:70	w-s008-a070-w011	w-s008-a070-w024	ء ل ه	ر ح م	13	2	9	2	130	254	intra_ayah:8:70:root:32
co-8_70-03959	8:70	w-s008-a070-w022	w-s008-a070-w024	ء ل ه	ر ح م	2	2	9	2	130	254	intra_ayah:8:70:root:32
co-8_70-03960	8:70	w-s008-a070-w011	w-s008-a070-w010	ء ل ه	ع ل م	1	1	8	2	408	878	intra_ayah:8:70:root:33
co-8_70-03961	8:70	w-s008-a070-w022	w-s008-a070-w010	ء ل ه	ع ل م	12	1	8	2	408	878	intra_ayah:8:70:root:33
co-8_70-03962	8:70	w-s008-a070-w011	w-s008-a070-w020	ء ل ه	غ ف ر	9	1	8	4	120	282	intra_ayah:8:70:root:34
co-8_70-03963	8:70	w-s008-a070-w011	w-s008-a070-w023	ء ل ه	غ ف ر	12	1	8	4	120	282	intra_ayah:8:70:root:34
co-8_70-03964	8:70	w-s008-a070-w022	w-s008-a070-w020	ء ل ه	غ ف ر	2	1	8	4	120	282	intra_ayah:8:70:root:34
co-8_70-03965	8:70	w-s008-a070-w022	w-s008-a070-w023	ء ل ه	غ ف ر	1	1	8	4	120	282	intra_ayah:8:70:root:34
co-8_70-03966	8:70	w-s008-a070-w011	w-s008-a070-w013	ء ل ه	ق ل ب	2	1	6	2	94	178	intra_ayah:8:70:root:35
co-8_70-03967	8:70	w-s008-a070-w022	w-s008-a070-w013	ء ل ه	ق ل ب	9	1	6	2	94	178	intra_ayah:8:70:root:35
co-8_70-03968	8:70	w-s008-a070-w011	w-s008-a070-w003	ء ل ه	ق و ل	8	4	11	2	514	1188	intra_ayah:8:70:root:36
co-8_70-03969	8:70	w-s008-a070-w022	w-s008-a070-w003	ء ل ه	ق و ل	19	4	11	2	514	1188	intra_ayah:8:70:root:36
co-8_70-03970	8:70	w-s008-a070-w011	w-s008-a070-w002	ء ل ه	ن ب ء	9	5	12	2	73	141	intra_ayah:8:70:root:37
co-8_70-03971	8:70	w-s008-a070-w022	w-s008-a070-w002	ء ل ه	ن ب ء	20	5	12	2	73	141	intra_ayah:8:70:root:37
co-8_70-03972	8:70	w-s008-a070-w011	w-s008-a070-w006	ء ل ه	ي د ي	5	3	10	2	53	106	intra_ayah:8:70:root:38
co-8_70-03973	8:70	w-s008-a070-w022	w-s008-a070-w006	ء ل ه	ي د ي	16	3	10	2	53	106	intra_ayah:8:70:root:38
co-8_70-03974	8:70	w-s008-a070-w014	w-s008-a070-w024	خ ي ر	ر ح م	10	5	7	2	18	25	intra_ayah:8:70:root:39
co-8_70-03975	8:70	w-s008-a070-w016	w-s008-a070-w024	خ ي ر	ر ح م	8	5	7	2	18	25	intra_ayah:8:70:root:39
co-8_70-03976	8:70	w-s008-a070-w015	w-s008-a070-w014	ء ت ي	خ ي ر	1	1	1	2	29	40	intra_ayah:8:70:root:4
co-8_70-03977	8:70	w-s008-a070-w015	w-s008-a070-w016	ء ت ي	خ ي ر	1	1	1	2	29	40	intra_ayah:8:70:root:4
co-8_70-03978	8:70	w-s008-a070-w014	w-s008-a070-w010	خ ي ر	ع ل م	4	3	5	2	31	46	intra_ayah:8:70:root:40
co-8_70-03979	8:70	w-s008-a070-w016	w-s008-a070-w010	خ ي ر	ع ل م	6	3	5	2	31	46	intra_ayah:8:70:root:40
co-8_70-03980	8:70	w-s008-a070-w014	w-s008-a070-w020	خ ي ر	غ ف ر	6	2	6	4	15	25	intra_ayah:8:70:root:41
co-8_70-03981	8:70	w-s008-a070-w014	w-s008-a070-w023	خ ي ر	غ ف ر	9	2	6	4	15	25	intra_ayah:8:70:root:41
co-8_70-03982	8:70	w-s008-a070-w016	w-s008-a070-w020	خ ي ر	غ ف ر	4	2	6	4	15	25	intra_ayah:8:70:root:41
co-8_70-03983	8:70	w-s008-a070-w016	w-s008-a070-w023	خ ي ر	غ ف ر	7	2	6	4	15	25	intra_ayah:8:70:root:41
co-8_70-03984	8:70	w-s008-a070-w014	w-s008-a070-w013	خ ي ر	ق ل ب	1	1	3	2	3	4	intra_ayah:8:70:root:42
co-8_70-03985	8:70	w-s008-a070-w016	w-s008-a070-w013	خ ي ر	ق ل ب	3	1	3	2	3	4	intra_ayah:8:70:root:42
co-8_70-03986	8:70	w-s008-a070-w014	w-s008-a070-w003	خ ي ر	ق و ل	11	6	8	2	50	69	intra_ayah:8:70:root:43
co-8_70-03987	8:70	w-s008-a070-w016	w-s008-a070-w003	خ ي ر	ق و ل	13	6	8	2	50	69	intra_ayah:8:70:root:43
co-8_70-03988	8:70	w-s008-a070-w014	w-s008-a070-w002	خ ي ر	ن ب ء	12	7	9	2	5	6	intra_ayah:8:70:root:44
co-8_70-03989	8:70	w-s008-a070-w016	w-s008-a070-w002	خ ي ر	ن ب ء	14	7	9	2	5	6	intra_ayah:8:70:root:44
co-8_70-03990	8:70	w-s008-a070-w014	w-s008-a070-w006	خ ي ر	ي د ي	8	5	7	2	5	6	intra_ayah:8:70:root:45
co-8_70-03991	8:70	w-s008-a070-w016	w-s008-a070-w006	خ ي ر	ي د ي	10	5	7	2	5	6	intra_ayah:8:70:root:45
co-8_70-03992	8:70	w-s008-a070-w024	w-s008-a070-w010	ر ح م	ع ل م	14	10	10	1	36	46	intra_ayah:8:70:root:46
co-8_70-03993	8:70	w-s008-a070-w024	w-s008-a070-w020	ر ح م	غ ف ر	4	1	3	2	91	129	intra_ayah:8:70:root:47
co-8_70-03994	8:70	w-s008-a070-w024	w-s008-a070-w023	ر ح م	غ ف ر	1	1	3	2	91	129	intra_ayah:8:70:root:47
co-8_70-03995	8:70	w-s008-a070-w024	w-s008-a070-w013	ر ح م	ق ل ب	11	8	8	1	11	11	intra_ayah:8:70:root:48
co-8_70-03996	8:70	w-s008-a070-w024	w-s008-a070-w003	ر ح م	ق و ل	21	13	13	1	73	101	intra_ayah:8:70:root:49
co-8_70-03997	8:70	w-s008-a070-w015	w-s008-a070-w024	ء ت ي	ر ح م	9	6	6	1	28	32	intra_ayah:8:70:root:5
co-8_70-03998	8:70	w-s008-a070-w024	w-s008-a070-w002	ر ح م	ن ب ء	22	14	14	1	13	15	intra_ayah:8:70:root:50
co-8_70-03999	8:70	w-s008-a070-w024	w-s008-a070-w006	ر ح م	ي د ي	18	12	12	1	11	11	intra_ayah:8:70:root:51
co-8_70-04000	8:70	w-s008-a070-w010	w-s008-a070-w020	ع ل م	غ ف ر	10	7	9	2	25	38	intra_ayah:8:70:root:52
co-8_70-04001	8:70	w-s008-a070-w010	w-s008-a070-w023	ع ل م	غ ف ر	13	7	9	2	25	38	intra_ayah:8:70:root:52
co-8_70-04002	8:70	w-s008-a070-w010	w-s008-a070-w013	ع ل م	ق ل ب	3	2	2	1	32	40	intra_ayah:8:70:root:53
co-8_70-04003	8:70	w-s008-a070-w010	w-s008-a070-w003	ع ل م	ق و ل	7	3	3	1	230	414	intra_ayah:8:70:root:54
co-8_70-04004	8:70	w-s008-a070-w010	w-s008-a070-w002	ع ل م	ن ب ء	8	4	4	1	33	46	intra_ayah:8:70:root:55
co-8_70-04005	8:70	w-s008-a070-w010	w-s008-a070-w006	ع ل م	ي د ي	4	2	2	1	19	24	intra_ayah:8:70:root:56
co-8_70-04006	8:70	w-s008-a070-w020	w-s008-a070-w013	غ ف ر	ق ل ب	7	5	7	2	9	10	intra_ayah:8:70:root:57
co-8_70-04007	8:70	w-s008-a070-w023	w-s008-a070-w013	غ ف ر	ق ل ب	10	5	7	2	9	10	intra_ayah:8:70:root:57
co-8_70-04008	8:70	w-s008-a070-w020	w-s008-a070-w003	غ ف ر	ق و ل	17	10	12	2	51	74	intra_ayah:8:70:root:58
co-8_70-04009	8:70	w-s008-a070-w023	w-s008-a070-w003	غ ف ر	ق و ل	20	10	12	2	51	74	intra_ayah:8:70:root:58
co-8_70-04010	8:70	w-s008-a070-w020	w-s008-a070-w002	غ ف ر	ن ب ء	18	11	13	2	8	12	intra_ayah:8:70:root:59
co-8_70-04011	8:70	w-s008-a070-w023	w-s008-a070-w002	غ ف ر	ن ب ء	21	11	13	2	8	12	intra_ayah:8:70:root:59
co-8_70-04012	8:70	w-s008-a070-w015	w-s008-a070-w010	ء ت ي	ع ل م	5	4	4	1	86	118	intra_ayah:8:70:root:6
co-8_70-04013	8:70	w-s008-a070-w020	w-s008-a070-w006	غ ف ر	ي د ي	14	9	11	2	6	8	intra_ayah:8:70:root:60
co-8_70-04014	8:70	w-s008-a070-w023	w-s008-a070-w006	غ ف ر	ي د ي	17	9	11	2	6	8	intra_ayah:8:70:root:60
co-8_70-04015	8:70	w-s008-a070-w013	w-s008-a070-w003	ق ل ب	ق و ل	10	5	5	1	40	66	intra_ayah:8:70:root:61
co-8_70-04016	8:70	w-s008-a070-w013	w-s008-a070-w002	ق ل ب	ن ب ء	11	6	6	1	7	10	intra_ayah:8:70:root:62
co-8_70-04017	8:70	w-s008-a070-w013	w-s008-a070-w006	ق ل ب	ي د ي	7	4	4	1	4	5	intra_ayah:8:70:root:63
co-8_70-04018	8:70	w-s008-a070-w003	w-s008-a070-w002	ق و ل	ن ب ء	1	1	1	1	52	87	intra_ayah:8:70:root:64
co-8_70-04019	8:70	w-s008-a070-w003	w-s008-a070-w006	ق و ل	ي د ي	3	1	1	1	33	51	intra_ayah:8:70:root:65
co-8_70-04020	8:70	w-s008-a070-w002	w-s008-a070-w006	ن ب ء	ي د ي	4	2	2	1	5	5	intra_ayah:8:70:root:66
co-8_70-04021	8:70	w-s008-a070-w015	w-s008-a070-w020	ء ت ي	غ ف ر	5	3	5	2	16	24	intra_ayah:8:70:root:7
co-8_70-04022	8:70	w-s008-a070-w015	w-s008-a070-w023	ء ت ي	غ ف ر	8	3	5	2	16	24	intra_ayah:8:70:root:7
co-8_70-04023	8:70	w-s008-a070-w015	w-s008-a070-w013	ء ت ي	ق ل ب	2	2	2	1	21	31	intra_ayah:8:70:root:8
co-8_70-04024	8:70	w-s008-a070-w015	w-s008-a070-w003	ء ت ي	ق و ل	12	7	7	1	154	264	intra_ayah:8:70:root:9
co-8_71-04025	8:71	w-s008-a071-w006	w-s008-a071-w013	ء ل ه	ح ك م	7	2	5	2	127	252	intra_ayah:8:71:root:1
co-8_71-04026	8:71	w-s008-a071-w011	w-s008-a071-w013	ء ل ه	ح ك م	2	2	5	2	127	252	intra_ayah:8:71:root:1
co-8_71-04027	8:71	w-s008-a071-w013	w-s008-a071-w008	ح ك م	ق ب ل	5	4	4	1	12	14	intra_ayah:8:71:root:10
co-8_71-04028	8:71	w-s008-a071-w013	w-s008-a071-w009	ح ك م	م ك ن	4	3	3	1	1	1	intra_ayah:8:71:root:11
co-8_71-04029	8:71	w-s008-a071-w003	w-s008-a071-w002	خ و ن	ر و د	1	1	2	2	1	2	intra_ayah:8:71:root:12
co-8_71-04030	8:71	w-s008-a071-w005	w-s008-a071-w002	خ و ن	ر و د	3	1	2	2	1	2	intra_ayah:8:71:root:12
co-8_71-04031	8:71	w-s008-a071-w003	w-s008-a071-w012	خ و ن	ع ل م	9	5	6	2	5	8	intra_ayah:8:71:root:13
co-8_71-04032	8:71	w-s008-a071-w005	w-s008-a071-w012	خ و ن	ع ل م	7	5	6	2	5	8	intra_ayah:8:71:root:13
co-8_71-04033	8:71	w-s008-a071-w003	w-s008-a071-w008	خ و ن	ق ب ل	5	2	3	2	1	2	intra_ayah:8:71:root:14
co-8_71-04034	8:71	w-s008-a071-w005	w-s008-a071-w008	خ و ن	ق ب ل	3	2	3	2	1	2	intra_ayah:8:71:root:14
co-8_71-04035	8:71	w-s008-a071-w003	w-s008-a071-w009	خ و ن	م ك ن	6	3	4	2	1	2	intra_ayah:8:71:root:15
co-8_71-04036	8:71	w-s008-a071-w005	w-s008-a071-w009	خ و ن	م ك ن	4	3	4	2	1	2	intra_ayah:8:71:root:15
co-8_71-04037	8:71	w-s008-a071-w002	w-s008-a071-w012	ر و د	ع ل م	10	7	7	1	13	17	intra_ayah:8:71:root:16
co-8_71-04038	8:71	w-s008-a071-w002	w-s008-a071-w008	ر و د	ق ب ل	6	4	4	1	7	8	intra_ayah:8:71:root:17
co-8_71-04039	8:71	w-s008-a071-w002	w-s008-a071-w009	ر و د	م ك ن	7	5	5	1	1	1	intra_ayah:8:71:root:18
co-8_71-04040	8:71	w-s008-a071-w012	w-s008-a071-w008	ع ل م	ق ب ل	4	3	3	1	45	54	intra_ayah:8:71:root:19
co-8_71-04041	8:71	w-s008-a071-w006	w-s008-a071-w003	ء ل ه	خ و ن	3	1	5	4	10	22	intra_ayah:8:71:root:2
co-8_71-04042	8:71	w-s008-a071-w006	w-s008-a071-w005	ء ل ه	خ و ن	1	1	5	4	10	22	intra_ayah:8:71:root:2
co-8_71-04043	8:71	w-s008-a071-w011	w-s008-a071-w003	ء ل ه	خ و ن	8	1	5	4	10	22	intra_ayah:8:71:root:2
co-8_71-04044	8:71	w-s008-a071-w011	w-s008-a071-w005	ء ل ه	خ و ن	6	1	5	4	10	22	intra_ayah:8:71:root:2
co-8_71-04045	8:71	w-s008-a071-w012	w-s008-a071-w009	ع ل م	م ك ن	3	2	2	1	3	4	intra_ayah:8:71:root:20
co-8_71-04046	8:71	w-s008-a071-w008	w-s008-a071-w009	ق ب ل	م ك ن	1	1	1	1	3	4	intra_ayah:8:71:root:21
co-8_71-04047	8:71	w-s008-a071-w006	w-s008-a071-w002	ء ل ه	ر و د	4	3	6	2	65	146	intra_ayah:8:71:root:3
co-8_71-04048	8:71	w-s008-a071-w011	w-s008-a071-w002	ء ل ه	ر و د	9	3	6	2	65	146	intra_ayah:8:71:root:3
co-8_71-04049	8:71	w-s008-a071-w006	w-s008-a071-w012	ء ل ه	ع ل م	6	1	4	2	408	878	intra_ayah:8:71:root:4
co-8_71-04050	8:71	w-s008-a071-w011	w-s008-a071-w012	ء ل ه	ع ل م	1	1	4	2	408	878	intra_ayah:8:71:root:4
co-8_71-04051	8:71	w-s008-a071-w006	w-s008-a071-w008	ء ل ه	ق ب ل	2	1	2	2	98	148	intra_ayah:8:71:root:5
co-8_71-04052	8:71	w-s008-a071-w011	w-s008-a071-w008	ء ل ه	ق ب ل	3	1	2	2	98	148	intra_ayah:8:71:root:5
co-8_71-04053	8:71	w-s008-a071-w006	w-s008-a071-w009	ء ل ه	م ك ن	3	1	2	2	5	7	intra_ayah:8:71:root:6
co-8_71-04054	8:71	w-s008-a071-w011	w-s008-a071-w009	ء ل ه	م ك ن	2	1	2	2	5	7	intra_ayah:8:71:root:6
co-8_71-04055	8:71	w-s008-a071-w013	w-s008-a071-w003	ح ك م	خ و ن	10	6	7	2	2	3	intra_ayah:8:71:root:7
co-8_71-04056	8:71	w-s008-a071-w013	w-s008-a071-w005	ح ك م	خ و ن	8	6	7	2	2	3	intra_ayah:8:71:root:7
co-8_71-04057	8:71	w-s008-a071-w013	w-s008-a071-w002	ح ك م	ر و د	11	8	8	1	8	11	intra_ayah:8:71:root:8
co-8_71-04058	8:71	w-s008-a071-w013	w-s008-a071-w012	ح ك م	ع ل م	1	1	1	1	71	94	intra_ayah:8:71:root:9
co-8_72-04059	8:72	w-s008-a072-w010	w-s008-a072-w003	ء ل ه	ء م ن	7	6	24	4	372	843	intra_ayah:8:72:root:1
co-8_72-04060	8:72	w-s008-a072-w010	w-s008-a072-w019	ء ل ه	ء م ن	9	6	24	4	372	843	intra_ayah:8:72:root:1
co-8_72-04061	8:72	w-s008-a072-w042	w-s008-a072-w003	ء ل ه	ء م ن	39	6	24	4	372	843	intra_ayah:8:72:root:1
co-8_72-04062	8:72	w-s008-a072-w042	w-s008-a072-w019	ء ل ه	ء م ن	23	6	24	4	372	843	intra_ayah:8:72:root:1
co-8_72-04063	8:72	w-s008-a072-w010	w-s008-a072-w044	ء ل ه	ع م ل	34	1	19	2	141	249	intra_ayah:8:72:root:10
co-8_72-04064	8:72	w-s008-a072-w042	w-s008-a072-w044	ء ل ه	ع م ل	2	1	19	2	141	249	intra_ayah:8:72:root:10
co-8_72-04065	8:72	w-s008-a072-w033	w-s008-a072-w027	د ي ن	ش ي ء	6	3	3	1	10	15	intra_ayah:8:72:root:100
co-8_72-04066	8:72	w-s008-a072-w033	w-s008-a072-w044	د ي ن	ع م ل	11	7	7	1	4	5	intra_ayah:8:72:root:101
co-8_72-04067	8:72	w-s008-a072-w033	w-s008-a072-w038	د ي ن	ق و م	5	2	2	1	17	28	intra_ayah:8:72:root:102
co-8_72-04068	8:72	w-s008-a072-w033	w-s008-a072-w006	د ي ن	م و ل	27	15	15	1	1	1	intra_ayah:8:72:root:103
co-8_72-04069	8:72	w-s008-a072-w033	w-s008-a072-w013	د ي ن	ن ص ر	20	1	10	3	2	4	intra_ayah:8:72:root:104
co-8_72-04070	8:72	w-s008-a072-w033	w-s008-a072-w031	د ي ن	ن ص ر	2	1	10	3	2	4	intra_ayah:8:72:root:104
co-8_72-04071	8:72	w-s008-a072-w033	w-s008-a072-w035	د ي ن	ن ص ر	2	1	10	3	2	4	intra_ayah:8:72:root:104
co-8_72-04072	8:72	w-s008-a072-w033	w-s008-a072-w007	د ي ن	ن ف س	26	14	14	1	3	3	intra_ayah:8:72:root:105
co-8_72-04073	8:72	w-s008-a072-w033	w-s008-a072-w004	د ي ن	ه ج ر	29	2	17	3	1	3	intra_ayah:8:72:root:106
co-8_72-04074	8:72	w-s008-a072-w033	w-s008-a072-w021	د ي ن	ه ج ر	12	2	17	3	1	3	intra_ayah:8:72:root:106
co-8_72-04075	8:72	w-s008-a072-w033	w-s008-a072-w029	د ي ن	ه ج ر	4	2	17	3	1	3	intra_ayah:8:72:root:106
co-8_72-04076	8:72	w-s008-a072-w033	w-s008-a072-w041	د ي ن	و ث ق	8	5	5	1	2	2	intra_ayah:8:72:root:107
co-8_72-04077	8:72	w-s008-a072-w033	w-s008-a072-w016	د ي ن	و ل ي	17	4	8	2	8	12	intra_ayah:8:72:root:108
co-8_72-04078	8:72	w-s008-a072-w033	w-s008-a072-w025	د ي ن	و ل ي	8	4	8	2	8	12	intra_ayah:8:72:root:108
co-8_72-04079	8:72	w-s008-a072-w009	w-s008-a072-w027	س ب ل	ش ي ء	18	10	10	1	16	17	intra_ayah:8:72:root:109
co-8_72-04080	8:72	w-s008-a072-w010	w-s008-a072-w038	ء ل ه	ق و م	28	4	14	2	242	460	intra_ayah:8:72:root:11
co-8_72-04081	8:72	w-s008-a072-w042	w-s008-a072-w038	ء ل ه	ق و م	4	4	14	2	242	460	intra_ayah:8:72:root:11
co-8_72-04082	8:72	w-s008-a072-w009	w-s008-a072-w044	س ب ل	ع م ل	35	20	20	1	19	21	intra_ayah:8:72:root:110
co-8_72-04083	8:72	w-s008-a072-w009	w-s008-a072-w038	س ب ل	ق و م	29	15	15	1	28	31	intra_ayah:8:72:root:111
co-8_72-04084	8:72	w-s008-a072-w009	w-s008-a072-w006	س ب ل	م و ل	3	2	2	1	16	19	intra_ayah:8:72:root:112
co-8_72-04085	8:72	w-s008-a072-w009	w-s008-a072-w013	س ب ل	ن ص ر	4	3	14	3	9	11	intra_ayah:8:72:root:113
co-8_72-04086	8:72	w-s008-a072-w009	w-s008-a072-w031	س ب ل	ن ص ر	22	3	14	3	9	11	intra_ayah:8:72:root:113
co-8_72-04087	8:72	w-s008-a072-w009	w-s008-a072-w035	س ب ل	ن ص ر	26	3	14	3	9	11	intra_ayah:8:72:root:113
co-8_72-04088	8:72	w-s008-a072-w009	w-s008-a072-w007	س ب ل	ن ف س	2	1	1	1	13	15	intra_ayah:8:72:root:114
co-8_72-04089	8:72	w-s008-a072-w009	w-s008-a072-w004	س ب ل	ه ج ر	5	4	11	3	10	13	intra_ayah:8:72:root:115
co-8_72-04090	8:72	w-s008-a072-w009	w-s008-a072-w021	س ب ل	ه ج ر	12	4	11	3	10	13	intra_ayah:8:72:root:115
co-8_72-04091	8:72	w-s008-a072-w009	w-s008-a072-w029	س ب ل	ه ج ر	20	4	11	3	10	13	intra_ayah:8:72:root:115
co-8_72-04092	8:72	w-s008-a072-w009	w-s008-a072-w041	س ب ل	و ث ق	32	18	18	1	4	4	intra_ayah:8:72:root:116
co-8_72-04093	8:72	w-s008-a072-w009	w-s008-a072-w016	س ب ل	و ل ي	7	5	9	2	11	18	intra_ayah:8:72:root:117
co-8_72-04094	8:72	w-s008-a072-w009	w-s008-a072-w025	س ب ل	و ل ي	16	5	9	2	11	18	intra_ayah:8:72:root:117
co-8_72-04095	8:72	w-s008-a072-w027	w-s008-a072-w044	ش ي ء	ع م ل	17	10	10	1	24	29	intra_ayah:8:72:root:118
co-8_72-04096	8:72	w-s008-a072-w027	w-s008-a072-w038	ش ي ء	ق و م	11	5	5	1	56	74	intra_ayah:8:72:root:119
co-8_72-04097	8:72	w-s008-a072-w010	w-s008-a072-w006	ء ل ه	م و ل	4	3	21	2	44	79	intra_ayah:8:72:root:12
co-8_72-04098	8:72	w-s008-a072-w042	w-s008-a072-w006	ء ل ه	م و ل	36	3	21	2	44	79	intra_ayah:8:72:root:12
co-8_72-04099	8:72	w-s008-a072-w027	w-s008-a072-w006	ش ي ء	م و ل	21	12	12	1	12	12	intra_ayah:8:72:root:120
co-8_72-04100	8:72	w-s008-a072-w027	w-s008-a072-w013	ش ي ء	ن ص ر	14	2	7	3	14	22	intra_ayah:8:72:root:121
co-8_72-04101	8:72	w-s008-a072-w027	w-s008-a072-w031	ش ي ء	ن ص ر	4	2	7	3	14	22	intra_ayah:8:72:root:121
co-8_72-04102	8:72	w-s008-a072-w027	w-s008-a072-w035	ش ي ء	ن ص ر	8	2	7	3	14	22	intra_ayah:8:72:root:121
co-8_72-04103	8:72	w-s008-a072-w027	w-s008-a072-w007	ش ي ء	ن ف س	20	11	11	1	37	47	intra_ayah:8:72:root:122
co-8_72-04104	8:72	w-s008-a072-w027	w-s008-a072-w004	ش ي ء	ه ج ر	23	1	14	3	2	4	intra_ayah:8:72:root:123
co-8_72-04105	8:72	w-s008-a072-w027	w-s008-a072-w021	ش ي ء	ه ج ر	6	1	14	3	2	4	intra_ayah:8:72:root:123
co-8_72-04106	8:72	w-s008-a072-w027	w-s008-a072-w029	ش ي ء	ه ج ر	2	1	14	3	2	4	intra_ayah:8:72:root:123
co-8_72-04107	8:72	w-s008-a072-w027	w-s008-a072-w041	ش ي ء	و ث ق	14	8	8	1	3	3	intra_ayah:8:72:root:124
co-8_72-04108	8:72	w-s008-a072-w027	w-s008-a072-w016	ش ي ء	و ل ي	11	1	5	2	20	29	intra_ayah:8:72:root:125
co-8_72-04109	8:72	w-s008-a072-w027	w-s008-a072-w025	ش ي ء	و ل ي	2	1	5	2	20	29	intra_ayah:8:72:root:125
co-8_72-04110	8:72	w-s008-a072-w044	w-s008-a072-w038	ع م ل	ق و م	6	5	5	1	28	36	intra_ayah:8:72:root:126
co-8_72-04111	8:72	w-s008-a072-w044	w-s008-a072-w006	ع م ل	م و ل	38	22	22	1	5	6	intra_ayah:8:72:root:127
co-8_72-04112	8:72	w-s008-a072-w044	w-s008-a072-w013	ع م ل	ن ص ر	31	6	17	3	10	13	intra_ayah:8:72:root:128
co-8_72-04113	8:72	w-s008-a072-w044	w-s008-a072-w031	ع م ل	ن ص ر	13	6	17	3	10	13	intra_ayah:8:72:root:128
co-8_72-04114	8:72	w-s008-a072-w044	w-s008-a072-w035	ع م ل	ن ص ر	9	6	17	3	10	13	intra_ayah:8:72:root:128
co-8_72-04115	8:72	w-s008-a072-w044	w-s008-a072-w007	ع م ل	ن ف س	37	21	21	1	28	37	intra_ayah:8:72:root:129
co-8_72-04116	8:72	w-s008-a072-w010	w-s008-a072-w013	ء ل ه	ن ص ر	3	2	16	6	80	165	intra_ayah:8:72:root:13
co-8_72-04117	8:72	w-s008-a072-w010	w-s008-a072-w031	ء ل ه	ن ص ر	21	2	16	6	80	165	intra_ayah:8:72:root:13
co-8_72-04118	8:72	w-s008-a072-w010	w-s008-a072-w035	ء ل ه	ن ص ر	25	2	16	6	80	165	intra_ayah:8:72:root:13
co-8_72-04119	8:72	w-s008-a072-w042	w-s008-a072-w013	ء ل ه	ن ص ر	29	2	16	6	80	165	intra_ayah:8:72:root:13
co-8_72-04120	8:72	w-s008-a072-w042	w-s008-a072-w031	ء ل ه	ن ص ر	11	2	16	6	80	165	intra_ayah:8:72:root:13
co-8_72-04121	8:72	w-s008-a072-w042	w-s008-a072-w035	ء ل ه	ن ص ر	7	2	16	6	80	165	intra_ayah:8:72:root:13
co-8_72-04122	8:72	w-s008-a072-w044	w-s008-a072-w004	ع م ل	ه ج ر	40	9	24	3	2	5	intra_ayah:8:72:root:130
co-8_72-04123	8:72	w-s008-a072-w044	w-s008-a072-w021	ع م ل	ه ج ر	23	9	24	3	2	5	intra_ayah:8:72:root:130
co-8_72-04124	8:72	w-s008-a072-w044	w-s008-a072-w029	ع م ل	ه ج ر	15	9	24	3	2	5	intra_ayah:8:72:root:130
co-8_72-04125	8:72	w-s008-a072-w044	w-s008-a072-w041	ع م ل	و ث ق	3	2	2	1	2	2	intra_ayah:8:72:root:131
co-8_72-04126	8:72	w-s008-a072-w044	w-s008-a072-w016	ع م ل	و ل ي	28	11	15	2	8	11	intra_ayah:8:72:root:132
co-8_72-04127	8:72	w-s008-a072-w044	w-s008-a072-w025	ع م ل	و ل ي	19	11	15	2	8	11	intra_ayah:8:72:root:132
co-8_72-04128	8:72	w-s008-a072-w038	w-s008-a072-w006	ق و م	م و ل	32	17	17	1	7	8	intra_ayah:8:72:root:133
co-8_72-04129	8:72	w-s008-a072-w038	w-s008-a072-w013	ق و م	ن ص ر	25	1	12	3	22	26	intra_ayah:8:72:root:134
co-8_72-04130	8:72	w-s008-a072-w038	w-s008-a072-w031	ق و م	ن ص ر	7	1	12	3	22	26	intra_ayah:8:72:root:134
co-8_72-04131	8:72	w-s008-a072-w038	w-s008-a072-w035	ق و م	ن ص ر	3	1	12	3	22	26	intra_ayah:8:72:root:134
co-8_72-04132	8:72	w-s008-a072-w038	w-s008-a072-w007	ق و م	ن ف س	31	16	16	1	32	43	intra_ayah:8:72:root:135
co-8_72-04133	8:72	w-s008-a072-w038	w-s008-a072-w004	ق و م	ه ج ر	34	4	19	3	3	5	intra_ayah:8:72:root:136
co-8_72-04134	8:72	w-s008-a072-w038	w-s008-a072-w021	ق و م	ه ج ر	17	4	19	3	3	5	intra_ayah:8:72:root:136
co-8_72-04135	8:72	w-s008-a072-w038	w-s008-a072-w029	ق و م	ه ج ر	9	4	19	3	3	5	intra_ayah:8:72:root:136
co-8_72-04136	8:72	w-s008-a072-w038	w-s008-a072-w041	ق و م	و ث ق	3	3	3	1	6	8	intra_ayah:8:72:root:137
co-8_72-04137	8:72	w-s008-a072-w038	w-s008-a072-w016	ق و م	و ل ي	22	6	10	2	26	34	intra_ayah:8:72:root:138
co-8_72-04138	8:72	w-s008-a072-w038	w-s008-a072-w025	ق و م	و ل ي	13	6	10	2	26	34	intra_ayah:8:72:root:138
co-8_72-04139	8:72	w-s008-a072-w006	w-s008-a072-w013	م و ل	ن ص ر	7	5	16	3	2	4	intra_ayah:8:72:root:139
co-8_72-04140	8:72	w-s008-a072-w006	w-s008-a072-w031	م و ل	ن ص ر	25	5	16	3	2	4	intra_ayah:8:72:root:139
co-8_72-04141	8:72	w-s008-a072-w006	w-s008-a072-w035	م و ل	ن ص ر	29	5	16	3	2	4	intra_ayah:8:72:root:139
co-8_72-04142	8:72	w-s008-a072-w010	w-s008-a072-w007	ء ل ه	ن ف س	3	2	20	2	139	272	intra_ayah:8:72:root:14
co-8_72-04143	8:72	w-s008-a072-w042	w-s008-a072-w007	ء ل ه	ن ف س	35	2	20	2	139	272	intra_ayah:8:72:root:14
co-8_72-04144	8:72	w-s008-a072-w006	w-s008-a072-w007	م و ل	ن ف س	1	1	1	1	17	20	intra_ayah:8:72:root:140
co-8_72-04145	8:72	w-s008-a072-w006	w-s008-a072-w004	م و ل	ه ج ر	2	2	13	3	4	6	intra_ayah:8:72:root:141
co-8_72-04146	8:72	w-s008-a072-w006	w-s008-a072-w021	م و ل	ه ج ر	15	2	13	3	4	6	intra_ayah:8:72:root:141
co-8_72-04147	8:72	w-s008-a072-w006	w-s008-a072-w029	م و ل	ه ج ر	23	2	13	3	4	6	intra_ayah:8:72:root:141
co-8_72-04148	8:72	w-s008-a072-w006	w-s008-a072-w041	م و ل	و ث ق	35	20	20	1	1	1	intra_ayah:8:72:root:142
co-8_72-04149	8:72	w-s008-a072-w006	w-s008-a072-w016	م و ل	و ل ي	10	7	11	2	2	3	intra_ayah:8:72:root:143
co-8_72-04150	8:72	w-s008-a072-w006	w-s008-a072-w025	م و ل	و ل ي	19	7	11	2	2	3	intra_ayah:8:72:root:143
co-8_72-04151	8:72	w-s008-a072-w013	w-s008-a072-w007	ن ص ر	ن ف س	6	4	15	3	8	14	intra_ayah:8:72:root:144
co-8_72-04152	8:72	w-s008-a072-w031	w-s008-a072-w007	ن ص ر	ن ف س	24	4	15	3	8	14	intra_ayah:8:72:root:144
co-8_72-04153	8:72	w-s008-a072-w035	w-s008-a072-w007	ن ص ر	ن ف س	28	4	15	3	8	14	intra_ayah:8:72:root:144
co-8_72-04154	8:72	w-s008-a072-w013	w-s008-a072-w004	ن ص ر	ه ج ر	9	1	18	9	6	14	intra_ayah:8:72:root:145
co-8_72-04155	8:72	w-s008-a072-w013	w-s008-a072-w021	ن ص ر	ه ج ر	8	1	18	9	6	14	intra_ayah:8:72:root:145
co-8_72-04156	8:72	w-s008-a072-w013	w-s008-a072-w029	ن ص ر	ه ج ر	16	1	18	9	6	14	intra_ayah:8:72:root:145
co-8_72-04157	8:72	w-s008-a072-w031	w-s008-a072-w004	ن ص ر	ه ج ر	27	1	18	9	6	14	intra_ayah:8:72:root:145
co-8_72-04158	8:72	w-s008-a072-w031	w-s008-a072-w021	ن ص ر	ه ج ر	10	1	18	9	6	14	intra_ayah:8:72:root:145
co-8_72-04159	8:72	w-s008-a072-w031	w-s008-a072-w029	ن ص ر	ه ج ر	2	1	18	9	6	14	intra_ayah:8:72:root:145
co-8_72-04160	8:72	w-s008-a072-w035	w-s008-a072-w004	ن ص ر	ه ج ر	31	1	18	9	6	14	intra_ayah:8:72:root:145
co-8_72-04161	8:72	w-s008-a072-w035	w-s008-a072-w021	ن ص ر	ه ج ر	14	1	18	9	6	14	intra_ayah:8:72:root:145
co-8_72-04162	8:72	w-s008-a072-w035	w-s008-a072-w029	ن ص ر	ه ج ر	6	1	18	9	6	14	intra_ayah:8:72:root:145
co-8_72-04163	8:72	w-s008-a072-w013	w-s008-a072-w041	ن ص ر	و ث ق	28	4	15	3	4	6	intra_ayah:8:72:root:146
co-8_72-04164	8:72	w-s008-a072-w031	w-s008-a072-w041	ن ص ر	و ث ق	10	4	15	3	4	6	intra_ayah:8:72:root:146
co-8_72-04165	8:72	w-s008-a072-w035	w-s008-a072-w041	ن ص ر	و ث ق	6	4	15	3	4	6	intra_ayah:8:72:root:146
co-8_72-04166	8:72	w-s008-a072-w013	w-s008-a072-w016	ن ص ر	و ل ي	3	2	9	6	28	46	intra_ayah:8:72:root:147
co-8_72-04167	8:72	w-s008-a072-w013	w-s008-a072-w025	ن ص ر	و ل ي	12	2	9	6	28	46	intra_ayah:8:72:root:147
co-8_72-04168	8:72	w-s008-a072-w031	w-s008-a072-w016	ن ص ر	و ل ي	15	2	9	6	28	46	intra_ayah:8:72:root:147
co-8_72-04169	8:72	w-s008-a072-w031	w-s008-a072-w025	ن ص ر	و ل ي	6	2	9	6	28	46	intra_ayah:8:72:root:147
co-8_72-04170	8:72	w-s008-a072-w035	w-s008-a072-w016	ن ص ر	و ل ي	19	2	9	6	28	46	intra_ayah:8:72:root:147
co-8_72-04171	8:72	w-s008-a072-w035	w-s008-a072-w025	ن ص ر	و ل ي	10	2	9	6	28	46	intra_ayah:8:72:root:147
co-8_72-04172	8:72	w-s008-a072-w007	w-s008-a072-w004	ن ف س	ه ج ر	3	3	12	3	6	9	intra_ayah:8:72:root:148
co-8_72-04173	8:72	w-s008-a072-w007	w-s008-a072-w021	ن ف س	ه ج ر	14	3	12	3	6	9	intra_ayah:8:72:root:148
co-8_72-04174	8:72	w-s008-a072-w007	w-s008-a072-w029	ن ف س	ه ج ر	22	3	12	3	6	9	intra_ayah:8:72:root:148
co-8_72-04175	8:72	w-s008-a072-w007	w-s008-a072-w041	ن ف س	و ث ق	34	19	19	1	3	3	intra_ayah:8:72:root:149
co-8_72-04176	8:72	w-s008-a072-w010	w-s008-a072-w004	ء ل ه	ه ج ر	6	5	23	6	20	47	intra_ayah:8:72:root:15
co-8_72-04177	8:72	w-s008-a072-w010	w-s008-a072-w021	ء ل ه	ه ج ر	11	5	23	6	20	47	intra_ayah:8:72:root:15
co-8_72-04178	8:72	w-s008-a072-w010	w-s008-a072-w029	ء ل ه	ه ج ر	19	5	23	6	20	47	intra_ayah:8:72:root:15
co-8_72-04179	8:72	w-s008-a072-w042	w-s008-a072-w004	ء ل ه	ه ج ر	38	5	23	6	20	47	intra_ayah:8:72:root:15
co-8_72-04180	8:72	w-s008-a072-w042	w-s008-a072-w021	ء ل ه	ه ج ر	21	5	23	6	20	47	intra_ayah:8:72:root:15
co-8_72-04181	8:72	w-s008-a072-w042	w-s008-a072-w029	ء ل ه	ه ج ر	13	5	23	6	20	47	intra_ayah:8:72:root:15
co-8_72-04182	8:72	w-s008-a072-w007	w-s008-a072-w016	ن ف س	و ل ي	9	6	10	2	13	16	intra_ayah:8:72:root:150
co-8_72-04183	8:72	w-s008-a072-w007	w-s008-a072-w025	ن ف س	و ل ي	18	6	10	2	13	16	intra_ayah:8:72:root:150
co-8_72-04184	8:72	w-s008-a072-w004	w-s008-a072-w041	ه ج ر	و ث ق	37	7	22	3	1	3	intra_ayah:8:72:root:151
co-8_72-04185	8:72	w-s008-a072-w021	w-s008-a072-w041	ه ج ر	و ث ق	20	7	22	3	1	3	intra_ayah:8:72:root:151
co-8_72-04186	8:72	w-s008-a072-w029	w-s008-a072-w041	ه ج ر	و ث ق	12	7	22	3	1	3	intra_ayah:8:72:root:151
co-8_72-04187	8:72	w-s008-a072-w004	w-s008-a072-w016	ه ج ر	و ل ي	12	1	13	6	4	13	intra_ayah:8:72:root:152
co-8_72-04188	8:72	w-s008-a072-w004	w-s008-a072-w025	ه ج ر	و ل ي	21	1	13	6	4	13	intra_ayah:8:72:root:152
co-8_72-04189	8:72	w-s008-a072-w021	w-s008-a072-w016	ه ج ر	و ل ي	5	1	13	6	4	13	intra_ayah:8:72:root:152
co-8_72-04190	8:72	w-s008-a072-w021	w-s008-a072-w025	ه ج ر	و ل ي	4	1	13	6	4	13	intra_ayah:8:72:root:152
co-8_72-04191	8:72	w-s008-a072-w029	w-s008-a072-w016	ه ج ر	و ل ي	13	1	13	6	4	13	intra_ayah:8:72:root:152
co-8_72-04192	8:72	w-s008-a072-w029	w-s008-a072-w025	ه ج ر	و ل ي	4	1	13	6	4	13	intra_ayah:8:72:root:152
co-8_72-04193	8:72	w-s008-a072-w041	w-s008-a072-w016	و ث ق	و ل ي	25	9	13	2	2	3	intra_ayah:8:72:root:153
co-8_72-04194	8:72	w-s008-a072-w041	w-s008-a072-w025	و ث ق	و ل ي	16	9	13	2	2	3	intra_ayah:8:72:root:153
co-8_72-04195	8:72	w-s008-a072-w010	w-s008-a072-w041	ء ل ه	و ث ق	31	1	17	2	21	41	intra_ayah:8:72:root:16
co-8_72-04196	8:72	w-s008-a072-w042	w-s008-a072-w041	ء ل ه	و ث ق	1	1	17	2	21	41	intra_ayah:8:72:root:16
co-8_72-04197	8:72	w-s008-a072-w010	w-s008-a072-w016	ء ل ه	و ل ي	6	4	14	4	124	209	intra_ayah:8:72:root:17
co-8_72-04198	8:72	w-s008-a072-w010	w-s008-a072-w025	ء ل ه	و ل ي	15	4	14	4	124	209	intra_ayah:8:72:root:17
co-8_72-04199	8:72	w-s008-a072-w042	w-s008-a072-w016	ء ل ه	و ل ي	26	4	14	4	124	209	intra_ayah:8:72:root:17
co-8_72-04200	8:72	w-s008-a072-w042	w-s008-a072-w025	ء ل ه	و ل ي	17	4	14	4	124	209	intra_ayah:8:72:root:17
co-8_72-04201	8:72	w-s008-a072-w003	w-s008-a072-w012	ء م ن	ء و ي	9	5	7	2	4	6	intra_ayah:8:72:root:18
co-8_72-04202	8:72	w-s008-a072-w019	w-s008-a072-w012	ء م ن	ء و ي	7	5	7	2	4	6	intra_ayah:8:72:root:18
co-8_72-04203	8:72	w-s008-a072-w003	w-s008-a072-w045	ء م ن	ب ص ر	42	14	26	2	13	15	intra_ayah:8:72:root:19
co-8_72-04204	8:72	w-s008-a072-w019	w-s008-a072-w045	ء م ن	ب ص ر	26	14	26	2	13	15	intra_ayah:8:72:root:19
co-8_72-04205	8:72	w-s008-a072-w010	w-s008-a072-w012	ء ل ه	ء و ي	2	1	17	2	14	20	intra_ayah:8:72:root:2
co-8_72-04206	8:72	w-s008-a072-w042	w-s008-a072-w012	ء ل ه	ء و ي	30	1	17	2	14	20	intra_ayah:8:72:root:2
co-8_72-04207	8:72	w-s008-a072-w003	w-s008-a072-w015	ء م ن	ب ع ض	12	1	11	4	22	67	intra_ayah:8:72:root:20
co-8_72-04208	8:72	w-s008-a072-w003	w-s008-a072-w017	ء م ن	ب ع ض	14	1	11	4	22	67	intra_ayah:8:72:root:20
co-8_72-04209	8:72	w-s008-a072-w019	w-s008-a072-w015	ء م ن	ب ع ض	4	1	11	4	22	67	intra_ayah:8:72:root:20
co-8_72-04210	8:72	w-s008-a072-w019	w-s008-a072-w017	ء م ن	ب ع ض	2	1	11	4	22	67	intra_ayah:8:72:root:20
co-8_72-04211	8:72	w-s008-a072-w003	w-s008-a072-w039	ء م ن	ب ي ن	36	9	22	4	79	134	intra_ayah:8:72:root:21
co-8_72-04212	8:72	w-s008-a072-w003	w-s008-a072-w040	ء م ن	ب ي ن	37	9	22	4	79	134	intra_ayah:8:72:root:21
co-8_72-04213	8:72	w-s008-a072-w019	w-s008-a072-w039	ء م ن	ب ي ن	20	9	22	4	79	134	intra_ayah:8:72:root:21
co-8_72-04214	8:72	w-s008-a072-w019	w-s008-a072-w040	ء م ن	ب ي ن	21	9	22	4	79	134	intra_ayah:8:72:root:21
co-8_72-04215	8:72	w-s008-a072-w003	w-s008-a072-w005	ء م ن	ج ه د	2	2	10	2	19	27	intra_ayah:8:72:root:22
co-8_72-04216	8:72	w-s008-a072-w019	w-s008-a072-w005	ء م ن	ج ه د	14	2	10	2	19	27	intra_ayah:8:72:root:22
co-8_72-04217	8:72	w-s008-a072-w003	w-s008-a072-w033	ء م ن	د ي ن	30	6	18	2	14	22	intra_ayah:8:72:root:23
co-8_72-04218	8:72	w-s008-a072-w019	w-s008-a072-w033	ء م ن	د ي ن	14	6	18	2	14	22	intra_ayah:8:72:root:23
co-8_72-04219	8:72	w-s008-a072-w003	w-s008-a072-w009	ء م ن	س ب ل	6	5	7	2	37	55	intra_ayah:8:72:root:24
co-8_72-04220	8:72	w-s008-a072-w019	w-s008-a072-w009	ء م ن	س ب ل	10	5	7	2	37	55	intra_ayah:8:72:root:24
co-8_72-04221	8:72	w-s008-a072-w003	w-s008-a072-w027	ء م ن	ش ي ء	24	3	15	2	68	99	intra_ayah:8:72:root:25
co-8_72-04222	8:72	w-s008-a072-w019	w-s008-a072-w027	ء م ن	ش ي ء	8	3	15	2	68	99	intra_ayah:8:72:root:25
co-8_72-04223	8:72	w-s008-a072-w003	w-s008-a072-w044	ء م ن	ع م ل	41	13	25	2	101	139	intra_ayah:8:72:root:26
co-8_72-04224	8:72	w-s008-a072-w019	w-s008-a072-w044	ء م ن	ع م ل	25	13	25	2	101	139	intra_ayah:8:72:root:26
co-8_72-04225	8:72	w-s008-a072-w003	w-s008-a072-w038	ء م ن	ق و م	35	8	20	2	102	145	intra_ayah:8:72:root:27
co-8_72-04226	8:72	w-s008-a072-w019	w-s008-a072-w038	ء م ن	ق و م	19	8	20	2	102	145	intra_ayah:8:72:root:27
co-8_72-04227	8:72	w-s008-a072-w003	w-s008-a072-w006	ء م ن	م و ل	3	3	9	2	18	24	intra_ayah:8:72:root:28
co-8_72-04228	8:72	w-s008-a072-w019	w-s008-a072-w006	ء م ن	م و ل	13	3	9	2	18	24	intra_ayah:8:72:root:28
co-8_72-04229	8:72	w-s008-a072-w003	w-s008-a072-w013	ء م ن	ن ص ر	10	4	19	6	22	43	intra_ayah:8:72:root:29
co-8_72-04230	8:72	w-s008-a072-w003	w-s008-a072-w031	ء م ن	ن ص ر	28	4	19	6	22	43	intra_ayah:8:72:root:29
co-8_72-04231	8:72	w-s008-a072-w003	w-s008-a072-w035	ء م ن	ن ص ر	32	4	19	6	22	43	intra_ayah:8:72:root:29
co-8_72-04232	8:72	w-s008-a072-w019	w-s008-a072-w013	ء م ن	ن ص ر	6	4	19	6	22	43	intra_ayah:8:72:root:29
co-8_72-04233	8:72	w-s008-a072-w019	w-s008-a072-w031	ء م ن	ن ص ر	12	4	19	6	22	43	intra_ayah:8:72:root:29
co-8_72-04234	8:72	w-s008-a072-w019	w-s008-a072-w035	ء م ن	ن ص ر	16	4	19	6	22	43	intra_ayah:8:72:root:29
co-8_72-04235	8:72	w-s008-a072-w010	w-s008-a072-w045	ء ل ه	ب ص ر	35	2	20	2	60	102	intra_ayah:8:72:root:3
co-8_72-04236	8:72	w-s008-a072-w042	w-s008-a072-w045	ء ل ه	ب ص ر	3	2	20	2	60	102	intra_ayah:8:72:root:3
co-8_72-04237	8:72	w-s008-a072-w003	w-s008-a072-w007	ء م ن	ن ف س	4	4	8	2	43	56	intra_ayah:8:72:root:30
co-8_72-04238	8:72	w-s008-a072-w019	w-s008-a072-w007	ء م ن	ن ف س	12	4	8	2	43	56	intra_ayah:8:72:root:30
co-8_72-04239	8:72	w-s008-a072-w003	w-s008-a072-w004	ء م ن	ه ج ر	1	1	16	6	10	21	intra_ayah:8:72:root:31
co-8_72-04240	8:72	w-s008-a072-w003	w-s008-a072-w021	ء م ن	ه ج ر	18	1	16	6	10	21	intra_ayah:8:72:root:31
co-8_72-04241	8:72	w-s008-a072-w003	w-s008-a072-w029	ء م ن	ه ج ر	26	1	16	6	10	21	intra_ayah:8:72:root:31
co-8_72-04242	8:72	w-s008-a072-w019	w-s008-a072-w004	ء م ن	ه ج ر	15	1	16	6	10	21	intra_ayah:8:72:root:31
co-8_72-04243	8:72	w-s008-a072-w019	w-s008-a072-w021	ء م ن	ه ج ر	2	1	16	6	10	21	intra_ayah:8:72:root:31
co-8_72-04244	8:72	w-s008-a072-w019	w-s008-a072-w029	ء م ن	ه ج ر	10	1	16	6	10	21	intra_ayah:8:72:root:31
co-8_72-04245	8:72	w-s008-a072-w003	w-s008-a072-w041	ء م ن	و ث ق	38	11	23	2	8	18	intra_ayah:8:72:root:32
co-8_72-04246	8:72	w-s008-a072-w019	w-s008-a072-w041	ء م ن	و ث ق	22	11	23	2	8	18	intra_ayah:8:72:root:32
co-8_72-04247	8:72	w-s008-a072-w003	w-s008-a072-w016	ء م ن	و ل ي	13	2	14	4	38	64	intra_ayah:8:72:root:33
co-8_72-04248	8:72	w-s008-a072-w003	w-s008-a072-w025	ء م ن	و ل ي	22	2	14	4	38	64	intra_ayah:8:72:root:33
co-8_72-04249	8:72	w-s008-a072-w019	w-s008-a072-w016	ء م ن	و ل ي	3	2	14	4	38	64	intra_ayah:8:72:root:33
co-8_72-04250	8:72	w-s008-a072-w019	w-s008-a072-w025	ء م ن	و ل ي	6	2	14	4	38	64	intra_ayah:8:72:root:33
co-8_72-04251	8:72	w-s008-a072-w012	w-s008-a072-w045	ء و ي	ب ص ر	33	19	19	1	1	1	intra_ayah:8:72:root:34
co-8_72-04252	8:72	w-s008-a072-w012	w-s008-a072-w015	ء و ي	ب ع ض	3	2	4	2	2	6	intra_ayah:8:72:root:35
co-8_72-04253	8:72	w-s008-a072-w012	w-s008-a072-w017	ء و ي	ب ع ض	5	2	4	2	2	6	intra_ayah:8:72:root:35
co-8_72-04254	8:72	w-s008-a072-w012	w-s008-a072-w039	ء و ي	ب ي ن	27	14	15	2	3	4	intra_ayah:8:72:root:36
co-8_72-04255	8:72	w-s008-a072-w012	w-s008-a072-w040	ء و ي	ب ي ن	28	14	15	2	3	4	intra_ayah:8:72:root:36
co-8_72-04256	8:72	w-s008-a072-w012	w-s008-a072-w005	ء و ي	ج ه د	7	5	5	1	4	4	intra_ayah:8:72:root:37
co-8_72-04257	8:72	w-s008-a072-w012	w-s008-a072-w033	ء و ي	د ي ن	21	11	11	1	1	1	intra_ayah:8:72:root:38
co-8_72-04258	8:72	w-s008-a072-w012	w-s008-a072-w009	ء و ي	س ب ل	3	2	2	1	3	3	intra_ayah:8:72:root:39
co-8_72-04259	8:72	w-s008-a072-w010	w-s008-a072-w015	ء ل ه	ب ع ض	5	3	15	4	50	172	intra_ayah:8:72:root:4
co-8_72-04260	8:72	w-s008-a072-w010	w-s008-a072-w017	ء ل ه	ب ع ض	7	3	15	4	50	172	intra_ayah:8:72:root:4
co-8_72-04261	8:72	w-s008-a072-w042	w-s008-a072-w015	ء ل ه	ب ع ض	27	3	15	4	50	172	intra_ayah:8:72:root:4
co-8_72-04262	8:72	w-s008-a072-w042	w-s008-a072-w017	ء ل ه	ب ع ض	25	3	15	4	50	172	intra_ayah:8:72:root:4
co-8_72-04263	8:72	w-s008-a072-w012	w-s008-a072-w027	ء و ي	ش ي ء	15	8	8	1	3	4	intra_ayah:8:72:root:40
co-8_72-04264	8:72	w-s008-a072-w012	w-s008-a072-w044	ء و ي	ع م ل	32	18	18	1	3	4	intra_ayah:8:72:root:41
co-8_72-04265	8:72	w-s008-a072-w012	w-s008-a072-w038	ء و ي	ق و م	26	13	13	1	3	3	intra_ayah:8:72:root:42
co-8_72-04266	8:72	w-s008-a072-w012	w-s008-a072-w006	ء و ي	م و ل	6	4	4	1	1	1	intra_ayah:8:72:root:43
co-8_72-04267	8:72	w-s008-a072-w012	w-s008-a072-w013	ء و ي	ن ص ر	1	1	12	3	6	8	intra_ayah:8:72:root:44
co-8_72-04268	8:72	w-s008-a072-w012	w-s008-a072-w031	ء و ي	ن ص ر	19	1	12	3	6	8	intra_ayah:8:72:root:44
co-8_72-04269	8:72	w-s008-a072-w012	w-s008-a072-w035	ء و ي	ن ص ر	23	1	12	3	6	8	intra_ayah:8:72:root:44
co-8_72-04270	8:72	w-s008-a072-w012	w-s008-a072-w007	ء و ي	ن ف س	5	3	3	1	2	2	intra_ayah:8:72:root:45
co-8_72-04271	8:72	w-s008-a072-w012	w-s008-a072-w004	ء و ي	ه ج ر	8	6	9	3	3	5	intra_ayah:8:72:root:46
co-8_72-04272	8:72	w-s008-a072-w012	w-s008-a072-w021	ء و ي	ه ج ر	9	6	9	3	3	5	intra_ayah:8:72:root:46
co-8_72-04273	8:72	w-s008-a072-w012	w-s008-a072-w029	ء و ي	ه ج ر	17	6	9	3	3	5	intra_ayah:8:72:root:46
co-8_72-04274	8:72	w-s008-a072-w012	w-s008-a072-w041	ء و ي	و ث ق	29	16	16	1	1	1	intra_ayah:8:72:root:47
co-8_72-04275	8:72	w-s008-a072-w012	w-s008-a072-w016	ء و ي	و ل ي	4	3	7	2	4	5	intra_ayah:8:72:root:48
co-8_72-04276	8:72	w-s008-a072-w012	w-s008-a072-w025	ء و ي	و ل ي	13	3	7	2	4	5	intra_ayah:8:72:root:48
co-8_72-04277	8:72	w-s008-a072-w045	w-s008-a072-w015	ب ص ر	ب ع ض	30	15	17	2	2	4	intra_ayah:8:72:root:49
co-8_72-04278	8:72	w-s008-a072-w045	w-s008-a072-w017	ب ص ر	ب ع ض	28	15	17	2	2	4	intra_ayah:8:72:root:49
co-8_72-04279	8:72	w-s008-a072-w010	w-s008-a072-w039	ء ل ه	ب ي ن	29	2	16	4	207	430	intra_ayah:8:72:root:5
co-8_72-04280	8:72	w-s008-a072-w010	w-s008-a072-w040	ء ل ه	ب ي ن	30	2	16	4	207	430	intra_ayah:8:72:root:5
co-8_72-04281	8:72	w-s008-a072-w042	w-s008-a072-w039	ء ل ه	ب ي ن	3	2	16	4	207	430	intra_ayah:8:72:root:5
co-8_72-04282	8:72	w-s008-a072-w042	w-s008-a072-w040	ء ل ه	ب ي ن	2	2	16	4	207	430	intra_ayah:8:72:root:5
co-8_72-04283	8:72	w-s008-a072-w045	w-s008-a072-w039	ب ص ر	ب ي ن	6	4	5	2	11	13	intra_ayah:8:72:root:50
co-8_72-04284	8:72	w-s008-a072-w045	w-s008-a072-w040	ب ص ر	ب ي ن	5	4	5	2	11	13	intra_ayah:8:72:root:50
co-8_72-04285	8:72	w-s008-a072-w045	w-s008-a072-w005	ب ص ر	ج ه د	40	24	24	1	1	1	intra_ayah:8:72:root:51
co-8_72-04286	8:72	w-s008-a072-w045	w-s008-a072-w033	ب ص ر	د ي ن	12	8	8	1	2	2	intra_ayah:8:72:root:52
co-8_72-04287	8:72	w-s008-a072-w045	w-s008-a072-w009	ب ص ر	س ب ل	36	21	21	1	4	4	intra_ayah:8:72:root:53
co-8_72-04288	8:72	w-s008-a072-w045	w-s008-a072-w027	ب ص ر	ش ي ء	18	11	11	1	17	22	intra_ayah:8:72:root:54
co-8_72-04289	8:72	w-s008-a072-w045	w-s008-a072-w044	ب ص ر	ع م ل	1	1	1	1	25	28	intra_ayah:8:72:root:55
co-8_72-04290	8:72	w-s008-a072-w045	w-s008-a072-w038	ب ص ر	ق و م	7	6	6	1	16	18	intra_ayah:8:72:root:56
co-8_72-04291	8:72	w-s008-a072-w045	w-s008-a072-w006	ب ص ر	م و ل	39	23	23	1	2	2	intra_ayah:8:72:root:57
co-8_72-04292	8:72	w-s008-a072-w045	w-s008-a072-w013	ب ص ر	ن ص ر	32	7	18	3	2	4	intra_ayah:8:72:root:58
co-8_72-04293	8:72	w-s008-a072-w045	w-s008-a072-w031	ب ص ر	ن ص ر	14	7	18	3	2	4	intra_ayah:8:72:root:58
co-8_72-04294	8:72	w-s008-a072-w045	w-s008-a072-w035	ب ص ر	ن ص ر	10	7	18	3	2	4	intra_ayah:8:72:root:58
co-8_72-04295	8:72	w-s008-a072-w045	w-s008-a072-w007	ب ص ر	ن ف س	38	22	22	1	12	14	intra_ayah:8:72:root:59
co-8_72-04296	8:72	w-s008-a072-w010	w-s008-a072-w005	ء ل ه	ج ه د	5	4	22	2	28	65	intra_ayah:8:72:root:6
co-8_72-04297	8:72	w-s008-a072-w042	w-s008-a072-w005	ء ل ه	ج ه د	37	4	22	2	28	65	intra_ayah:8:72:root:6
co-8_72-04298	8:72	w-s008-a072-w045	w-s008-a072-w004	ب ص ر	ه ج ر	41	10	25	3	1	3	intra_ayah:8:72:root:60
co-8_72-04299	8:72	w-s008-a072-w045	w-s008-a072-w021	ب ص ر	ه ج ر	24	10	25	3	1	3	intra_ayah:8:72:root:60
co-8_72-04300	8:72	w-s008-a072-w045	w-s008-a072-w029	ب ص ر	ه ج ر	16	10	25	3	1	3	intra_ayah:8:72:root:60
co-8_72-04301	8:72	w-s008-a072-w045	w-s008-a072-w041	ب ص ر	و ث ق	4	3	3	1	1	1	intra_ayah:8:72:root:61
co-8_72-04302	8:72	w-s008-a072-w045	w-s008-a072-w016	ب ص ر	و ل ي	29	12	16	2	5	6	intra_ayah:8:72:root:62
co-8_72-04303	8:72	w-s008-a072-w045	w-s008-a072-w025	ب ص ر	و ل ي	20	12	16	2	5	6	intra_ayah:8:72:root:62
co-8_72-04304	8:72	w-s008-a072-w015	w-s008-a072-w039	ب ع ض	ب ي ن	24	10	13	4	19	47	intra_ayah:8:72:root:63
co-8_72-04305	8:72	w-s008-a072-w015	w-s008-a072-w040	ب ع ض	ب ي ن	25	10	13	4	19	47	intra_ayah:8:72:root:63
co-8_72-04306	8:72	w-s008-a072-w017	w-s008-a072-w039	ب ع ض	ب ي ن	22	10	13	4	19	47	intra_ayah:8:72:root:63
co-8_72-04307	8:72	w-s008-a072-w017	w-s008-a072-w040	ب ع ض	ب ي ن	23	10	13	4	19	47	intra_ayah:8:72:root:63
co-8_72-04308	8:72	w-s008-a072-w015	w-s008-a072-w005	ب ع ض	ج ه د	10	7	9	2	2	4	intra_ayah:8:72:root:64
co-8_72-04309	8:72	w-s008-a072-w017	w-s008-a072-w005	ب ع ض	ج ه د	12	7	9	2	2	4	intra_ayah:8:72:root:64
co-8_72-04310	8:72	w-s008-a072-w015	w-s008-a072-w033	ب ع ض	د ي ن	18	7	9	2	1	2	intra_ayah:8:72:root:65
co-8_72-04311	8:72	w-s008-a072-w017	w-s008-a072-w033	ب ع ض	د ي ن	16	7	9	2	1	2	intra_ayah:8:72:root:65
co-8_72-04312	8:72	w-s008-a072-w015	w-s008-a072-w009	ب ع ض	س ب ل	6	4	6	2	5	10	intra_ayah:8:72:root:66
co-8_72-04313	8:72	w-s008-a072-w017	w-s008-a072-w009	ب ع ض	س ب ل	8	4	6	2	5	10	intra_ayah:8:72:root:66
co-8_72-04314	8:72	w-s008-a072-w015	w-s008-a072-w027	ب ع ض	ش ي ء	12	4	6	2	14	28	intra_ayah:8:72:root:67
co-8_72-04315	8:72	w-s008-a072-w017	w-s008-a072-w027	ب ع ض	ش ي ء	10	4	6	2	14	28	intra_ayah:8:72:root:67
co-8_72-04316	8:72	w-s008-a072-w015	w-s008-a072-w044	ب ع ض	ع م ل	29	14	16	2	8	17	intra_ayah:8:72:root:68
co-8_72-04317	8:72	w-s008-a072-w017	w-s008-a072-w044	ب ع ض	ع م ل	27	14	16	2	8	17	intra_ayah:8:72:root:68
co-8_72-04318	8:72	w-s008-a072-w015	w-s008-a072-w038	ب ع ض	ق و م	23	9	11	2	9	20	intra_ayah:8:72:root:69
co-8_72-04319	8:72	w-s008-a072-w017	w-s008-a072-w038	ب ع ض	ق و م	21	9	11	2	9	20	intra_ayah:8:72:root:69
co-8_72-04320	8:72	w-s008-a072-w010	w-s008-a072-w033	ء ل ه	د ي ن	23	6	12	2	53	122	intra_ayah:8:72:root:7
co-8_72-04321	8:72	w-s008-a072-w042	w-s008-a072-w033	ء ل ه	د ي ن	9	6	12	2	53	122	intra_ayah:8:72:root:7
co-8_72-04322	8:72	w-s008-a072-w015	w-s008-a072-w006	ب ع ض	م و ل	9	6	8	2	2	4	intra_ayah:8:72:root:70
co-8_72-04323	8:72	w-s008-a072-w017	w-s008-a072-w006	ب ع ض	م و ل	11	6	8	2	2	4	intra_ayah:8:72:root:70
co-8_72-04324	8:72	w-s008-a072-w015	w-s008-a072-w013	ب ع ض	ن ص ر	2	1	10	6	5	18	intra_ayah:8:72:root:71
co-8_72-04325	8:72	w-s008-a072-w015	w-s008-a072-w031	ب ع ض	ن ص ر	16	1	10	6	5	18	intra_ayah:8:72:root:71
co-8_72-04326	8:72	w-s008-a072-w015	w-s008-a072-w035	ب ع ض	ن ص ر	20	1	10	6	5	18	intra_ayah:8:72:root:71
co-8_72-04327	8:72	w-s008-a072-w017	w-s008-a072-w013	ب ع ض	ن ص ر	4	1	10	6	5	18	intra_ayah:8:72:root:71
co-8_72-04328	8:72	w-s008-a072-w017	w-s008-a072-w031	ب ع ض	ن ص ر	14	1	10	6	5	18	intra_ayah:8:72:root:71
co-8_72-04329	8:72	w-s008-a072-w017	w-s008-a072-w035	ب ع ض	ن ص ر	18	1	10	6	5	18	intra_ayah:8:72:root:71
co-8_72-04330	8:72	w-s008-a072-w015	w-s008-a072-w007	ب ع ض	ن ف س	8	5	7	2	4	8	intra_ayah:8:72:root:72
co-8_72-04331	8:72	w-s008-a072-w017	w-s008-a072-w007	ب ع ض	ن ف س	10	5	7	2	4	8	intra_ayah:8:72:root:72
co-8_72-04332	8:72	w-s008-a072-w015	w-s008-a072-w004	ب ع ض	ه ج ر	11	2	10	6	5	14	intra_ayah:8:72:root:73
co-8_72-04333	8:72	w-s008-a072-w015	w-s008-a072-w021	ب ع ض	ه ج ر	6	2	10	6	5	14	intra_ayah:8:72:root:73
co-8_72-04334	8:72	w-s008-a072-w015	w-s008-a072-w029	ب ع ض	ه ج ر	14	2	10	6	5	14	intra_ayah:8:72:root:73
co-8_72-04335	8:72	w-s008-a072-w017	w-s008-a072-w004	ب ع ض	ه ج ر	13	2	10	6	5	14	intra_ayah:8:72:root:73
co-8_72-04336	8:72	w-s008-a072-w017	w-s008-a072-w021	ب ع ض	ه ج ر	4	2	10	6	5	14	intra_ayah:8:72:root:73
co-8_72-04337	8:72	w-s008-a072-w017	w-s008-a072-w029	ب ع ض	ه ج ر	12	2	10	6	5	14	intra_ayah:8:72:root:73
co-8_72-04338	8:72	w-s008-a072-w015	w-s008-a072-w041	ب ع ض	و ث ق	26	12	14	2	3	6	intra_ayah:8:72:root:74
co-8_72-04339	8:72	w-s008-a072-w017	w-s008-a072-w041	ب ع ض	و ث ق	24	12	14	2	3	6	intra_ayah:8:72:root:74
co-8_72-04340	8:72	w-s008-a072-w015	w-s008-a072-w016	ب ع ض	و ل ي	1	1	5	4	12	35	intra_ayah:8:72:root:75
co-8_72-04341	8:72	w-s008-a072-w015	w-s008-a072-w025	ب ع ض	و ل ي	10	1	5	4	12	35	intra_ayah:8:72:root:75
co-8_72-04342	8:72	w-s008-a072-w017	w-s008-a072-w016	ب ع ض	و ل ي	1	1	5	4	12	35	intra_ayah:8:72:root:75
co-8_72-04343	8:72	w-s008-a072-w017	w-s008-a072-w025	ب ع ض	و ل ي	8	1	5	4	12	35	intra_ayah:8:72:root:75
co-8_72-04344	8:72	w-s008-a072-w039	w-s008-a072-w005	ب ي ن	ج ه د	34	19	20	2	1	2	intra_ayah:8:72:root:76
co-8_72-04345	8:72	w-s008-a072-w040	w-s008-a072-w005	ب ي ن	ج ه د	35	19	20	2	1	2	intra_ayah:8:72:root:76
co-8_72-04346	8:72	w-s008-a072-w039	w-s008-a072-w033	ب ي ن	د ي ن	6	3	4	2	7	11	intra_ayah:8:72:root:77
co-8_72-04347	8:72	w-s008-a072-w040	w-s008-a072-w033	ب ي ن	د ي ن	7	3	4	2	7	11	intra_ayah:8:72:root:77
co-8_72-04348	8:72	w-s008-a072-w039	w-s008-a072-w009	ب ي ن	س ب ل	30	16	17	2	16	21	intra_ayah:8:72:root:78
co-8_72-04349	8:72	w-s008-a072-w040	w-s008-a072-w009	ب ي ن	س ب ل	31	16	17	2	16	21	intra_ayah:8:72:root:78
co-8_72-04350	8:72	w-s008-a072-w039	w-s008-a072-w027	ب ي ن	ش ي ء	12	6	7	2	47	78	intra_ayah:8:72:root:79
co-8_72-04351	8:72	w-s008-a072-w040	w-s008-a072-w027	ب ي ن	ش ي ء	13	6	7	2	47	78	intra_ayah:8:72:root:79
co-8_72-04352	8:72	w-s008-a072-w010	w-s008-a072-w009	ء ل ه	س ب ل	1	1	19	2	112	220	intra_ayah:8:72:root:8
co-8_72-04353	8:72	w-s008-a072-w042	w-s008-a072-w009	ء ل ه	س ب ل	33	1	19	2	112	220	intra_ayah:8:72:root:8
co-8_72-04354	8:72	w-s008-a072-w039	w-s008-a072-w044	ب ي ن	ع م ل	5	3	4	2	20	37	intra_ayah:8:72:root:80
co-8_72-04355	8:72	w-s008-a072-w040	w-s008-a072-w044	ب ي ن	ع م ل	4	3	4	2	20	37	intra_ayah:8:72:root:80
co-8_72-04356	8:72	w-s008-a072-w039	w-s008-a072-w038	ب ي ن	ق و م	1	1	2	2	67	91	intra_ayah:8:72:root:81
co-8_72-04357	8:72	w-s008-a072-w040	w-s008-a072-w038	ب ي ن	ق و م	2	1	2	2	67	91	intra_ayah:8:72:root:81
co-8_72-04358	8:72	w-s008-a072-w039	w-s008-a072-w006	ب ي ن	م و ل	33	18	19	2	4	6	intra_ayah:8:72:root:82
co-8_72-04359	8:72	w-s008-a072-w040	w-s008-a072-w006	ب ي ن	م و ل	34	18	19	2	4	6	intra_ayah:8:72:root:82
co-8_72-04360	8:72	w-s008-a072-w039	w-s008-a072-w013	ب ي ن	ن ص ر	26	2	14	6	10	16	intra_ayah:8:72:root:83
co-8_72-04361	8:72	w-s008-a072-w039	w-s008-a072-w031	ب ي ن	ن ص ر	8	2	14	6	10	16	intra_ayah:8:72:root:83
co-8_72-04362	8:72	w-s008-a072-w039	w-s008-a072-w035	ب ي ن	ن ص ر	4	2	14	6	10	16	intra_ayah:8:72:root:83
co-8_72-04363	8:72	w-s008-a072-w040	w-s008-a072-w013	ب ي ن	ن ص ر	27	2	14	6	10	16	intra_ayah:8:72:root:83
co-8_72-04364	8:72	w-s008-a072-w040	w-s008-a072-w031	ب ي ن	ن ص ر	9	2	14	6	10	16	intra_ayah:8:72:root:83
co-8_72-04365	8:72	w-s008-a072-w040	w-s008-a072-w035	ب ي ن	ن ص ر	5	2	14	6	10	16	intra_ayah:8:72:root:83
co-8_72-04366	8:72	w-s008-a072-w039	w-s008-a072-w007	ب ي ن	ن ف س	32	17	18	2	29	37	intra_ayah:8:72:root:84
co-8_72-04367	8:72	w-s008-a072-w040	w-s008-a072-w007	ب ي ن	ن ف س	33	17	18	2	29	37	intra_ayah:8:72:root:84
co-8_72-04368	8:72	w-s008-a072-w039	w-s008-a072-w004	ب ي ن	ه ج ر	35	5	21	6	2	7	intra_ayah:8:72:root:85
co-8_72-04369	8:72	w-s008-a072-w039	w-s008-a072-w021	ب ي ن	ه ج ر	18	5	21	6	2	7	intra_ayah:8:72:root:85
co-8_72-04370	8:72	w-s008-a072-w039	w-s008-a072-w029	ب ي ن	ه ج ر	10	5	21	6	2	7	intra_ayah:8:72:root:85
co-8_72-04371	8:72	w-s008-a072-w040	w-s008-a072-w004	ب ي ن	ه ج ر	36	5	21	6	2	7	intra_ayah:8:72:root:85
co-8_72-04372	8:72	w-s008-a072-w040	w-s008-a072-w021	ب ي ن	ه ج ر	19	5	21	6	2	7	intra_ayah:8:72:root:85
co-8_72-04373	8:72	w-s008-a072-w040	w-s008-a072-w029	ب ي ن	ه ج ر	11	5	21	6	2	7	intra_ayah:8:72:root:85
co-8_72-04374	8:72	w-s008-a072-w039	w-s008-a072-w041	ب ي ن	و ث ق	2	1	2	2	6	9	intra_ayah:8:72:root:86
co-8_72-04375	8:72	w-s008-a072-w040	w-s008-a072-w041	ب ي ن	و ث ق	1	1	2	2	6	9	intra_ayah:8:72:root:86
co-8_72-04376	8:72	w-s008-a072-w039	w-s008-a072-w016	ب ي ن	و ل ي	23	7	12	4	18	25	intra_ayah:8:72:root:87
co-8_72-04377	8:72	w-s008-a072-w039	w-s008-a072-w025	ب ي ن	و ل ي	14	7	12	4	18	25	intra_ayah:8:72:root:87
co-8_72-04378	8:72	w-s008-a072-w040	w-s008-a072-w016	ب ي ن	و ل ي	24	7	12	4	18	25	intra_ayah:8:72:root:87
co-8_72-04379	8:72	w-s008-a072-w040	w-s008-a072-w025	ب ي ن	و ل ي	15	7	12	4	18	25	intra_ayah:8:72:root:87
co-8_72-04380	8:72	w-s008-a072-w005	w-s008-a072-w033	ج ه د	د ي ن	28	16	16	1	3	4	intra_ayah:8:72:root:88
co-8_72-04381	8:72	w-s008-a072-w005	w-s008-a072-w009	ج ه د	س ب ل	4	3	3	1	16	19	intra_ayah:8:72:root:89
co-8_72-04382	8:72	w-s008-a072-w010	w-s008-a072-w027	ء ل ه	ش ي ء	17	9	9	2	282	596	intra_ayah:8:72:root:9
co-8_72-04383	8:72	w-s008-a072-w042	w-s008-a072-w027	ء ل ه	ش ي ء	15	9	9	2	282	596	intra_ayah:8:72:root:9
co-8_72-04384	8:72	w-s008-a072-w005	w-s008-a072-w027	ج ه د	ش ي ء	22	13	13	1	3	3	intra_ayah:8:72:root:90
co-8_72-04385	8:72	w-s008-a072-w005	w-s008-a072-w044	ج ه د	ع م ل	39	23	23	1	6	6	intra_ayah:8:72:root:91
co-8_72-04386	8:72	w-s008-a072-w005	w-s008-a072-w038	ج ه د	ق و م	33	18	18	1	5	6	intra_ayah:8:72:root:92
co-8_72-04387	8:72	w-s008-a072-w005	w-s008-a072-w006	ج ه د	م و ل	1	1	1	1	10	15	intra_ayah:8:72:root:93
co-8_72-04388	8:72	w-s008-a072-w005	w-s008-a072-w013	ج ه د	ن ص ر	8	6	17	3	3	6	intra_ayah:8:72:root:94
co-8_72-04389	8:72	w-s008-a072-w005	w-s008-a072-w031	ج ه د	ن ص ر	26	6	17	3	3	6	intra_ayah:8:72:root:94
co-8_72-04390	8:72	w-s008-a072-w005	w-s008-a072-w035	ج ه د	ن ص ر	30	6	17	3	3	6	intra_ayah:8:72:root:94
co-8_72-04391	8:72	w-s008-a072-w005	w-s008-a072-w007	ج ه د	ن ف س	2	2	2	1	10	16	intra_ayah:8:72:root:95
co-8_72-04392	8:72	w-s008-a072-w005	w-s008-a072-w004	ج ه د	ه ج ر	1	1	14	3	6	8	intra_ayah:8:72:root:96
co-8_72-04393	8:72	w-s008-a072-w005	w-s008-a072-w021	ج ه د	ه ج ر	16	1	14	3	6	8	intra_ayah:8:72:root:96
co-8_72-04394	8:72	w-s008-a072-w005	w-s008-a072-w029	ج ه د	ه ج ر	24	1	14	3	6	8	intra_ayah:8:72:root:96
co-8_72-04395	8:72	w-s008-a072-w005	w-s008-a072-w041	ج ه د	و ث ق	36	21	21	1	1	1	intra_ayah:8:72:root:97
co-8_72-04396	8:72	w-s008-a072-w005	w-s008-a072-w016	ج ه د	و ل ي	11	8	12	2	4	8	intra_ayah:8:72:root:98
co-8_72-04397	8:72	w-s008-a072-w005	w-s008-a072-w025	ج ه د	و ل ي	20	8	12	2	4	8	intra_ayah:8:72:root:98
co-8_72-04398	8:72	w-s008-a072-w033	w-s008-a072-w009	د ي ن	س ب ل	24	13	13	1	4	5	intra_ayah:8:72:root:99
co-8_73-04399	8:73	w-s008-a073-w011	w-s008-a073-w003	ء ر ض	ب ع ض	8	4	6	2	8	16	intra_ayah:8:73:root:1
co-8_73-04400	8:73	w-s008-a073-w011	w-s008-a073-w005	ء ر ض	ب ع ض	6	4	6	2	8	16	intra_ayah:8:73:root:1
co-8_73-04401	8:73	w-s008-a073-w003	w-s008-a073-w012	ب ع ض	ف س د	9	5	7	2	3	5	intra_ayah:8:73:root:10
co-8_73-04402	8:73	w-s008-a073-w005	w-s008-a073-w012	ب ع ض	ف س د	7	5	7	2	3	5	intra_ayah:8:73:root:10
co-8_73-04403	8:73	w-s008-a073-w003	w-s008-a073-w007	ب ع ض	ف ع ل	4	1	3	2	7	13	intra_ayah:8:73:root:11
co-8_73-04404	8:73	w-s008-a073-w005	w-s008-a073-w007	ب ع ض	ف ع ل	2	1	3	2	7	13	intra_ayah:8:73:root:11
co-8_73-04405	8:73	w-s008-a073-w003	w-s008-a073-w013	ب ع ض	ك ب ر	10	6	8	2	4	10	intra_ayah:8:73:root:12
co-8_73-04406	8:73	w-s008-a073-w005	w-s008-a073-w013	ب ع ض	ك ب ر	8	6	8	2	4	10	intra_ayah:8:73:root:12
co-8_73-04407	8:73	w-s008-a073-w003	w-s008-a073-w002	ب ع ض	ك ف ر	1	1	3	2	9	22	intra_ayah:8:73:root:13
co-8_73-04408	8:73	w-s008-a073-w005	w-s008-a073-w002	ب ع ض	ك ف ر	3	1	3	2	9	22	intra_ayah:8:73:root:13
co-8_73-04409	8:73	w-s008-a073-w003	w-s008-a073-w008	ب ع ض	ك و ن	5	2	4	2	17	31	intra_ayah:8:73:root:14
co-8_73-04410	8:73	w-s008-a073-w005	w-s008-a073-w008	ب ع ض	ك و ن	3	2	4	2	17	31	intra_ayah:8:73:root:14
co-8_73-04411	8:73	w-s008-a073-w003	w-s008-a073-w004	ب ع ض	و ل ي	1	1	1	2	12	35	intra_ayah:8:73:root:15
co-8_73-04412	8:73	w-s008-a073-w005	w-s008-a073-w004	ب ع ض	و ل ي	1	1	1	2	12	35	intra_ayah:8:73:root:15
co-8_73-04413	8:73	w-s008-a073-w009	w-s008-a073-w012	ف ت ن	ف س د	3	2	2	1	1	1	intra_ayah:8:73:root:16
co-8_73-04414	8:73	w-s008-a073-w009	w-s008-a073-w007	ف ت ن	ف ع ل	2	2	2	1	2	2	intra_ayah:8:73:root:17
co-8_73-04415	8:73	w-s008-a073-w009	w-s008-a073-w013	ف ت ن	ك ب ر	4	3	3	1	3	5	intra_ayah:8:73:root:18
co-8_73-04416	8:73	w-s008-a073-w009	w-s008-a073-w002	ف ت ن	ك ف ر	7	6	6	1	9	15	intra_ayah:8:73:root:19
co-8_73-04417	8:73	w-s008-a073-w011	w-s008-a073-w009	ء ر ض	ف ت ن	2	1	1	1	3	3	intra_ayah:8:73:root:2
co-8_73-04418	8:73	w-s008-a073-w009	w-s008-a073-w008	ف ت ن	ك و ن	1	1	1	1	11	14	intra_ayah:8:73:root:20
co-8_73-04419	8:73	w-s008-a073-w009	w-s008-a073-w004	ف ت ن	و ل ي	5	4	4	1	4	4	intra_ayah:8:73:root:21
co-8_73-04420	8:73	w-s008-a073-w012	w-s008-a073-w007	ف س د	ف ع ل	5	4	4	1	2	2	intra_ayah:8:73:root:22
co-8_73-04421	8:73	w-s008-a073-w012	w-s008-a073-w013	ف س د	ك ب ر	1	1	1	1	2	2	intra_ayah:8:73:root:23
co-8_73-04422	8:73	w-s008-a073-w012	w-s008-a073-w002	ف س د	ك ف ر	10	8	8	1	3	4	intra_ayah:8:73:root:24
co-8_73-04423	8:73	w-s008-a073-w012	w-s008-a073-w008	ف س د	ك و ن	4	3	3	1	12	14	intra_ayah:8:73:root:25
co-8_73-04424	8:73	w-s008-a073-w012	w-s008-a073-w004	ف س د	و ل ي	8	6	6	1	4	5	intra_ayah:8:73:root:26
co-8_73-04425	8:73	w-s008-a073-w007	w-s008-a073-w013	ف ع ل	ك ب ر	6	5	5	1	5	5	intra_ayah:8:73:root:27
co-8_73-04426	8:73	w-s008-a073-w007	w-s008-a073-w002	ف ع ل	ك ف ر	5	4	4	1	10	13	intra_ayah:8:73:root:28
co-8_73-04427	8:73	w-s008-a073-w007	w-s008-a073-w008	ف ع ل	ك و ن	1	1	1	1	34	44	intra_ayah:8:73:root:29
co-8_73-04428	8:73	w-s008-a073-w011	w-s008-a073-w012	ء ر ض	ف س د	1	1	1	1	31	37	intra_ayah:8:73:root:3
co-8_73-04429	8:73	w-s008-a073-w007	w-s008-a073-w004	ف ع ل	و ل ي	3	2	2	1	6	8	intra_ayah:8:73:root:30
co-8_73-04430	8:73	w-s008-a073-w013	w-s008-a073-w002	ك ب ر	ك ف ر	11	9	9	1	18	25	intra_ayah:8:73:root:31
co-8_73-04431	8:73	w-s008-a073-w013	w-s008-a073-w008	ك ب ر	ك و ن	5	4	4	1	50	67	intra_ayah:8:73:root:32
co-8_73-04432	8:73	w-s008-a073-w013	w-s008-a073-w004	ك ب ر	و ل ي	9	7	7	1	8	9	intra_ayah:8:73:root:33
co-8_73-04433	8:73	w-s008-a073-w002	w-s008-a073-w008	ك ف ر	ك و ن	6	5	5	1	123	172	intra_ayah:8:73:root:34
co-8_73-04434	8:73	w-s008-a073-w002	w-s008-a073-w004	ك ف ر	و ل ي	2	2	2	1	27	40	intra_ayah:8:73:root:35
co-8_73-04435	8:73	w-s008-a073-w008	w-s008-a073-w004	ك و ن	و ل ي	4	3	3	1	41	68	intra_ayah:8:73:root:36
co-8_73-04436	8:73	w-s008-a073-w011	w-s008-a073-w007	ء ر ض	ف ع ل	4	3	3	1	5	5	intra_ayah:8:73:root:4
co-8_73-04437	8:73	w-s008-a073-w011	w-s008-a073-w013	ء ر ض	ك ب ر	2	2	2	1	18	18	intra_ayah:8:73:root:5
co-8_73-04438	8:73	w-s008-a073-w011	w-s008-a073-w002	ء ر ض	ك ف ر	9	7	7	1	36	47	intra_ayah:8:73:root:6
co-8_73-04439	8:73	w-s008-a073-w011	w-s008-a073-w008	ء ر ض	ك و ن	3	2	2	1	91	149	intra_ayah:8:73:root:7
co-8_73-04440	8:73	w-s008-a073-w011	w-s008-a073-w004	ء ر ض	و ل ي	7	5	5	1	16	17	intra_ayah:8:73:root:8
co-8_73-04441	8:73	w-s008-a073-w003	w-s008-a073-w009	ب ع ض	ف ت ن	6	3	5	2	6	12	intra_ayah:8:73:root:9
co-8_73-04442	8:73	w-s008-a073-w005	w-s008-a073-w009	ب ع ض	ف ت ن	4	3	5	2	6	12	intra_ayah:8:73:root:9
co-8_74-04443	8:74	w-s008-a074-w007	w-s008-a074-w002	ء ل ه	ء م ن	5	3	4	2	372	843	intra_ayah:8:74:root:1
co-8_74-04444	8:74	w-s008-a074-w007	w-s008-a074-w013	ء ل ه	ء م ن	6	3	4	2	372	843	intra_ayah:8:74:root:1
co-8_74-04445	8:74	w-s008-a074-w007	w-s008-a074-w003	ء ل ه	ه ج ر	4	3	3	1	20	47	intra_ayah:8:74:root:10
co-8_74-04446	8:74	w-s008-a074-w002	w-s008-a074-w009	ء م ن	ء و ي	7	2	5	2	4	6	intra_ayah:8:74:root:11
co-8_74-04447	8:74	w-s008-a074-w013	w-s008-a074-w009	ء م ن	ء و ي	4	2	5	2	4	6	intra_ayah:8:74:root:11
co-8_74-04448	8:74	w-s008-a074-w002	w-s008-a074-w004	ء م ن	ج ه د	2	2	5	2	19	27	intra_ayah:8:74:root:12
co-8_74-04449	8:74	w-s008-a074-w013	w-s008-a074-w004	ء م ن	ج ه د	9	2	5	2	19	27	intra_ayah:8:74:root:12
co-8_74-04450	8:74	w-s008-a074-w002	w-s008-a074-w014	ء م ن	ح ق ق	12	1	8	2	55	66	intra_ayah:8:74:root:13
co-8_74-04451	8:74	w-s008-a074-w013	w-s008-a074-w014	ء م ن	ح ق ق	1	1	8	2	55	66	intra_ayah:8:74:root:13
co-8_74-04452	8:74	w-s008-a074-w002	w-s008-a074-w017	ء م ن	ر ز ق	15	3	10	2	23	28	intra_ayah:8:74:root:14
co-8_74-04453	8:74	w-s008-a074-w013	w-s008-a074-w017	ء م ن	ر ز ق	4	3	10	2	23	28	intra_ayah:8:74:root:14
co-8_74-04454	8:74	w-s008-a074-w002	w-s008-a074-w006	ء م ن	س ب ل	4	3	4	2	37	55	intra_ayah:8:74:root:15
co-8_74-04455	8:74	w-s008-a074-w013	w-s008-a074-w006	ء م ن	س ب ل	7	3	4	2	37	55	intra_ayah:8:74:root:15
co-8_74-04456	8:74	w-s008-a074-w002	w-s008-a074-w016	ء م ن	غ ف ر	14	2	9	2	50	84	intra_ayah:8:74:root:16
co-8_74-04457	8:74	w-s008-a074-w013	w-s008-a074-w016	ء م ن	غ ف ر	3	2	9	2	50	84	intra_ayah:8:74:root:16
co-8_74-04458	8:74	w-s008-a074-w002	w-s008-a074-w018	ء م ن	ك ر م	16	4	11	2	4	5	intra_ayah:8:74:root:17
co-8_74-04459	8:74	w-s008-a074-w013	w-s008-a074-w018	ء م ن	ك ر م	5	4	11	2	4	5	intra_ayah:8:74:root:17
co-8_74-04460	8:74	w-s008-a074-w002	w-s008-a074-w010	ء م ن	ن ص ر	8	1	6	2	22	43	intra_ayah:8:74:root:18
co-8_74-04461	8:74	w-s008-a074-w013	w-s008-a074-w010	ء م ن	ن ص ر	3	1	6	2	22	43	intra_ayah:8:74:root:18
co-8_74-04462	8:74	w-s008-a074-w002	w-s008-a074-w003	ء م ن	ه ج ر	1	1	6	2	10	21	intra_ayah:8:74:root:19
co-8_74-04463	8:74	w-s008-a074-w013	w-s008-a074-w003	ء م ن	ه ج ر	10	1	6	2	10	21	intra_ayah:8:74:root:19
co-8_74-04464	8:74	w-s008-a074-w007	w-s008-a074-w009	ء ل ه	ء و ي	2	1	1	1	14	20	intra_ayah:8:74:root:2
co-8_74-04465	8:74	w-s008-a074-w009	w-s008-a074-w004	ء و ي	ج ه د	5	3	3	1	4	4	intra_ayah:8:74:root:20
co-8_74-04466	8:74	w-s008-a074-w009	w-s008-a074-w014	ء و ي	ح ق ق	5	3	3	1	1	1	intra_ayah:8:74:root:21
co-8_74-04467	8:74	w-s008-a074-w009	w-s008-a074-w017	ء و ي	ر ز ق	8	5	5	1	2	2	intra_ayah:8:74:root:22
co-8_74-04468	8:74	w-s008-a074-w009	w-s008-a074-w006	ء و ي	س ب ل	3	2	2	1	3	3	intra_ayah:8:74:root:23
co-8_74-04469	8:74	w-s008-a074-w009	w-s008-a074-w016	ء و ي	غ ف ر	7	4	4	1	1	1	intra_ayah:8:74:root:24
co-8_74-04470	8:74	w-s008-a074-w009	w-s008-a074-w018	ء و ي	ك ر م	9	6	6	1	1	1	intra_ayah:8:74:root:25
co-8_74-04471	8:74	w-s008-a074-w009	w-s008-a074-w010	ء و ي	ن ص ر	1	1	1	1	6	8	intra_ayah:8:74:root:26
co-8_74-04472	8:74	w-s008-a074-w009	w-s008-a074-w003	ء و ي	ه ج ر	6	4	4	1	3	5	intra_ayah:8:74:root:27
co-8_74-04473	8:74	w-s008-a074-w004	w-s008-a074-w014	ج ه د	ح ق ق	10	6	6	1	4	5	intra_ayah:8:74:root:28
co-8_74-04474	8:74	w-s008-a074-w004	w-s008-a074-w017	ج ه د	ر ز ق	13	8	8	1	1	1	intra_ayah:8:74:root:29
co-8_74-04475	8:74	w-s008-a074-w007	w-s008-a074-w004	ء ل ه	ج ه د	3	2	2	1	28	65	intra_ayah:8:74:root:3
co-8_74-04476	8:74	w-s008-a074-w004	w-s008-a074-w006	ج ه د	س ب ل	2	1	1	1	16	19	intra_ayah:8:74:root:30
co-8_74-04477	8:74	w-s008-a074-w004	w-s008-a074-w016	ج ه د	غ ف ر	12	7	7	1	3	3	intra_ayah:8:74:root:31
co-8_74-04478	8:74	w-s008-a074-w004	w-s008-a074-w018	ج ه د	ك ر م	14	9	9	1	1	1	intra_ayah:8:74:root:32
co-8_74-04479	8:74	w-s008-a074-w004	w-s008-a074-w010	ج ه د	ن ص ر	6	4	4	1	3	6	intra_ayah:8:74:root:33
co-8_74-04480	8:74	w-s008-a074-w004	w-s008-a074-w003	ج ه د	ه ج ر	1	1	1	1	6	8	intra_ayah:8:74:root:34
co-8_74-04481	8:74	w-s008-a074-w014	w-s008-a074-w017	ح ق ق	ر ز ق	3	2	2	1	3	3	intra_ayah:8:74:root:35
co-8_74-04482	8:74	w-s008-a074-w014	w-s008-a074-w006	ح ق ق	س ب ل	8	5	5	1	10	15	intra_ayah:8:74:root:36
co-8_74-04483	8:74	w-s008-a074-w014	w-s008-a074-w016	ح ق ق	غ ف ر	2	1	1	1	5	5	intra_ayah:8:74:root:37
co-8_74-04484	8:74	w-s008-a074-w014	w-s008-a074-w018	ح ق ق	ك ر م	4	3	3	1	4	4	intra_ayah:8:74:root:38
co-8_74-04485	8:74	w-s008-a074-w014	w-s008-a074-w010	ح ق ق	ن ص ر	4	2	2	1	5	6	intra_ayah:8:74:root:39
co-8_74-04486	8:74	w-s008-a074-w007	w-s008-a074-w014	ء ل ه	ح ق ق	7	4	4	1	120	236	intra_ayah:8:74:root:4
co-8_74-04487	8:74	w-s008-a074-w014	w-s008-a074-w003	ح ق ق	ه ج ر	11	7	7	1	1	1	intra_ayah:8:74:root:40
co-8_74-04488	8:74	w-s008-a074-w017	w-s008-a074-w006	ر ز ق	س ب ل	11	7	7	1	3	5	intra_ayah:8:74:root:41
co-8_74-04489	8:74	w-s008-a074-w017	w-s008-a074-w016	ر ز ق	غ ف ر	1	1	1	1	6	6	intra_ayah:8:74:root:42
co-8_74-04490	8:74	w-s008-a074-w017	w-s008-a074-w018	ر ز ق	ك ر م	1	1	1	1	7	7	intra_ayah:8:74:root:43
co-8_74-04491	8:74	w-s008-a074-w017	w-s008-a074-w010	ر ز ق	ن ص ر	7	4	4	1	2	2	intra_ayah:8:74:root:44
co-8_74-04492	8:74	w-s008-a074-w017	w-s008-a074-w003	ر ز ق	ه ج ر	14	9	9	1	2	4	intra_ayah:8:74:root:45
co-8_74-04493	8:74	w-s008-a074-w006	w-s008-a074-w016	س ب ل	غ ف ر	10	6	6	1	12	15	intra_ayah:8:74:root:46
co-8_74-04494	8:74	w-s008-a074-w006	w-s008-a074-w018	س ب ل	ك ر م	12	8	8	1	1	1	intra_ayah:8:74:root:47
co-8_74-04495	8:74	w-s008-a074-w006	w-s008-a074-w010	س ب ل	ن ص ر	4	3	3	1	9	11	intra_ayah:8:74:root:48
co-8_74-04496	8:74	w-s008-a074-w006	w-s008-a074-w003	س ب ل	ه ج ر	3	2	2	1	10	13	intra_ayah:8:74:root:49
co-8_74-04497	8:74	w-s008-a074-w007	w-s008-a074-w017	ء ل ه	ر ز ق	10	6	6	1	59	114	intra_ayah:8:74:root:5
co-8_74-04498	8:74	w-s008-a074-w016	w-s008-a074-w018	غ ف ر	ك ر م	2	2	2	1	7	7	intra_ayah:8:74:root:50
co-8_74-04499	8:74	w-s008-a074-w016	w-s008-a074-w010	غ ف ر	ن ص ر	6	3	3	1	5	5	intra_ayah:8:74:root:51
co-8_74-04500	8:74	w-s008-a074-w016	w-s008-a074-w003	غ ف ر	ه ج ر	13	8	8	1	6	8	intra_ayah:8:74:root:52
co-8_74-04501	8:74	w-s008-a074-w018	w-s008-a074-w010	ك ر م	ن ص ر	8	5	5	1	1	1	intra_ayah:8:74:root:53
co-8_74-04502	8:74	w-s008-a074-w018	w-s008-a074-w003	ك ر م	ه ج ر	15	10	10	1	1	1	intra_ayah:8:74:root:54
co-8_74-04503	8:74	w-s008-a074-w010	w-s008-a074-w003	ن ص ر	ه ج ر	7	5	5	1	6	14	intra_ayah:8:74:root:55
co-8_74-04504	8:74	w-s008-a074-w007	w-s008-a074-w006	ء ل ه	س ب ل	1	1	1	1	112	220	intra_ayah:8:74:root:6
co-8_74-04505	8:74	w-s008-a074-w007	w-s008-a074-w016	ء ل ه	غ ف ر	9	5	5	1	120	282	intra_ayah:8:74:root:7
co-8_74-04506	8:74	w-s008-a074-w007	w-s008-a074-w018	ء ل ه	ك ر م	11	7	7	1	9	13	intra_ayah:8:74:root:8
co-8_74-04507	8:74	w-s008-a074-w007	w-s008-a074-w010	ء ل ه	ن ص ر	3	2	2	1	80	165	intra_ayah:8:74:root:9
co-8_75-04508	8:75	w-s008-a075-w017	w-s008-a075-w002	ء ل ه	ء م ن	15	10	11	2	372	843	intra_ayah:8:75:root:1
co-8_75-04509	8:75	w-s008-a075-w019	w-s008-a075-w002	ء ل ه	ء م ن	17	10	11	2	372	843	intra_ayah:8:75:root:1
co-8_75-04510	8:75	w-s008-a075-w017	w-s008-a075-w020	ء ل ه	ك ل ل	3	1	2	2	149	285	intra_ayah:8:75:root:10
co-8_75-04511	8:75	w-s008-a075-w019	w-s008-a075-w020	ء ل ه	ك ل ل	1	1	2	2	149	285	intra_ayah:8:75:root:10
co-8_75-04512	8:75	w-s008-a075-w017	w-s008-a075-w005	ء ل ه	ه ج ر	12	8	9	2	20	47	intra_ayah:8:75:root:11
co-8_75-04513	8:75	w-s008-a075-w019	w-s008-a075-w005	ء ل ه	ه ج ر	14	8	9	2	20	47	intra_ayah:8:75:root:11
co-8_75-04514	8:75	w-s008-a075-w017	w-s008-a075-w013	ء ل ه	و ل ي	4	3	4	2	124	209	intra_ayah:8:75:root:12
co-8_75-04515	8:75	w-s008-a075-w019	w-s008-a075-w013	ء ل ه	و ل ي	6	3	4	2	124	209	intra_ayah:8:75:root:12
co-8_75-04516	8:75	w-s008-a075-w002	w-s008-a075-w010	ء م ن	ء و ل	8	4	4	1	24	34	intra_ayah:8:75:root:13
co-8_75-04517	8:75	w-s008-a075-w002	w-s008-a075-w004	ء م ن	ب ع د	2	1	1	1	46	62	intra_ayah:8:75:root:14
co-8_75-04518	8:75	w-s008-a075-w002	w-s008-a075-w012	ء م ن	ب ع ض	10	6	8	2	22	67	intra_ayah:8:75:root:15
co-8_75-04519	8:75	w-s008-a075-w002	w-s008-a075-w014	ء م ن	ب ع ض	12	6	8	2	22	67	intra_ayah:8:75:root:15
co-8_75-04520	8:75	w-s008-a075-w002	w-s008-a075-w006	ء م ن	ج ه د	4	3	3	1	19	27	intra_ayah:8:75:root:16
co-8_75-04521	8:75	w-s008-a075-w002	w-s008-a075-w011	ء م ن	ر ح م	9	5	5	1	59	86	intra_ayah:8:75:root:17
co-8_75-04522	8:75	w-s008-a075-w002	w-s008-a075-w021	ء م ن	ش ي ء	19	13	13	1	68	99	intra_ayah:8:75:root:18
co-8_75-04523	8:75	w-s008-a075-w002	w-s008-a075-w022	ء م ن	ع ل م	20	14	14	1	99	166	intra_ayah:8:75:root:19
co-8_75-04524	8:75	w-s008-a075-w017	w-s008-a075-w010	ء ل ه	ء و ل	7	6	7	2	48	82	intra_ayah:8:75:root:2
co-8_75-04525	8:75	w-s008-a075-w019	w-s008-a075-w010	ء ل ه	ء و ل	9	6	7	2	48	82	intra_ayah:8:75:root:2
co-8_75-04526	8:75	w-s008-a075-w002	w-s008-a075-w016	ء م ن	ك ت ب	14	9	9	1	63	108	intra_ayah:8:75:root:20
co-8_75-04527	8:75	w-s008-a075-w002	w-s008-a075-w020	ء م ن	ك ل ل	18	12	12	1	42	52	intra_ayah:8:75:root:21
co-8_75-04528	8:75	w-s008-a075-w002	w-s008-a075-w005	ء م ن	ه ج ر	3	2	2	1	10	21	intra_ayah:8:75:root:22
co-8_75-04529	8:75	w-s008-a075-w002	w-s008-a075-w013	ء م ن	و ل ي	11	7	7	1	38	64	intra_ayah:8:75:root:23
co-8_75-04530	8:75	w-s008-a075-w010	w-s008-a075-w004	ء و ل	ب ع د	6	3	3	1	5	5	intra_ayah:8:75:root:24
co-8_75-04531	8:75	w-s008-a075-w010	w-s008-a075-w012	ء و ل	ب ع ض	2	2	4	2	3	5	intra_ayah:8:75:root:25
co-8_75-04532	8:75	w-s008-a075-w010	w-s008-a075-w014	ء و ل	ب ع ض	4	2	4	2	3	5	intra_ayah:8:75:root:25
co-8_75-04533	8:75	w-s008-a075-w010	w-s008-a075-w006	ء و ل	ج ه د	4	1	1	1	3	5	intra_ayah:8:75:root:26
co-8_75-04534	8:75	w-s008-a075-w010	w-s008-a075-w011	ء و ل	ر ح م	1	1	1	1	10	11	intra_ayah:8:75:root:27
co-8_75-04535	8:75	w-s008-a075-w010	w-s008-a075-w021	ء و ل	ش ي ء	11	9	9	1	12	14	intra_ayah:8:75:root:28
co-8_75-04536	8:75	w-s008-a075-w010	w-s008-a075-w022	ء و ل	ع ل م	12	10	10	1	22	34	intra_ayah:8:75:root:29
co-8_75-04537	8:75	w-s008-a075-w017	w-s008-a075-w004	ء ل ه	ب ع د	13	9	10	2	112	209	intra_ayah:8:75:root:3
co-8_75-04538	8:75	w-s008-a075-w019	w-s008-a075-w004	ء ل ه	ب ع د	15	9	10	2	112	209	intra_ayah:8:75:root:3
co-8_75-04539	8:75	w-s008-a075-w010	w-s008-a075-w016	ء و ل	ك ت ب	6	5	5	1	9	16	intra_ayah:8:75:root:30
co-8_75-04540	8:75	w-s008-a075-w010	w-s008-a075-w020	ء و ل	ك ل ل	10	8	8	1	11	15	intra_ayah:8:75:root:31
co-8_75-04541	8:75	w-s008-a075-w010	w-s008-a075-w005	ء و ل	ه ج ر	5	2	2	1	4	5	intra_ayah:8:75:root:32
co-8_75-04542	8:75	w-s008-a075-w010	w-s008-a075-w013	ء و ل	و ل ي	3	3	3	1	5	8	intra_ayah:8:75:root:33
co-8_75-04543	8:75	w-s008-a075-w004	w-s008-a075-w012	ب ع د	ب ع ض	8	5	7	2	7	19	intra_ayah:8:75:root:34
co-8_75-04544	8:75	w-s008-a075-w004	w-s008-a075-w014	ب ع د	ب ع ض	10	5	7	2	7	19	intra_ayah:8:75:root:34
co-8_75-04545	8:75	w-s008-a075-w004	w-s008-a075-w006	ب ع د	ج ه د	2	2	2	1	2	3	intra_ayah:8:75:root:35
co-8_75-04546	8:75	w-s008-a075-w004	w-s008-a075-w011	ب ع د	ر ح م	7	4	4	1	25	29	intra_ayah:8:75:root:36
co-8_75-04547	8:75	w-s008-a075-w004	w-s008-a075-w021	ب ع د	ش ي ء	17	12	12	1	30	41	intra_ayah:8:75:root:37
co-8_75-04548	8:75	w-s008-a075-w004	w-s008-a075-w022	ب ع د	ع ل م	18	13	13	1	39	47	intra_ayah:8:75:root:38
co-8_75-04549	8:75	w-s008-a075-w004	w-s008-a075-w016	ب ع د	ك ت ب	12	8	8	1	26	35	intra_ayah:8:75:root:39
co-8_75-04550	8:75	w-s008-a075-w017	w-s008-a075-w012	ء ل ه	ب ع ض	5	2	5	4	50	172	intra_ayah:8:75:root:4
co-8_75-04551	8:75	w-s008-a075-w017	w-s008-a075-w014	ء ل ه	ب ع ض	3	2	5	4	50	172	intra_ayah:8:75:root:4
co-8_75-04552	8:75	w-s008-a075-w019	w-s008-a075-w012	ء ل ه	ب ع ض	7	2	5	4	50	172	intra_ayah:8:75:root:4
co-8_75-04553	8:75	w-s008-a075-w019	w-s008-a075-w014	ء ل ه	ب ع ض	5	2	5	4	50	172	intra_ayah:8:75:root:4
co-8_75-04554	8:75	w-s008-a075-w004	w-s008-a075-w020	ب ع د	ك ل ل	16	11	11	1	19	26	intra_ayah:8:75:root:40
co-8_75-04555	8:75	w-s008-a075-w004	w-s008-a075-w005	ب ع د	ه ج ر	1	1	1	1	4	5	intra_ayah:8:75:root:41
co-8_75-04556	8:75	w-s008-a075-w004	w-s008-a075-w013	ب ع د	و ل ي	9	6	6	1	15	17	intra_ayah:8:75:root:42
co-8_75-04557	8:75	w-s008-a075-w012	w-s008-a075-w006	ب ع ض	ج ه د	6	3	5	2	2	4	intra_ayah:8:75:root:43
co-8_75-04558	8:75	w-s008-a075-w014	w-s008-a075-w006	ب ع ض	ج ه د	8	3	5	2	2	4	intra_ayah:8:75:root:43
co-8_75-04559	8:75	w-s008-a075-w012	w-s008-a075-w011	ب ع ض	ر ح م	1	1	3	2	8	22	intra_ayah:8:75:root:44
co-8_75-04560	8:75	w-s008-a075-w014	w-s008-a075-w011	ب ع ض	ر ح م	3	1	3	2	8	22	intra_ayah:8:75:root:44
co-8_75-04561	8:75	w-s008-a075-w012	w-s008-a075-w021	ب ع ض	ش ي ء	9	5	7	2	14	28	intra_ayah:8:75:root:45
co-8_75-04562	8:75	w-s008-a075-w014	w-s008-a075-w021	ب ع ض	ش ي ء	7	5	7	2	14	28	intra_ayah:8:75:root:45
co-8_75-04563	8:75	w-s008-a075-w012	w-s008-a075-w022	ب ع ض	ع ل م	10	6	8	2	18	35	intra_ayah:8:75:root:46
co-8_75-04564	8:75	w-s008-a075-w014	w-s008-a075-w022	ب ع ض	ع ل م	8	6	8	2	18	35	intra_ayah:8:75:root:46
co-8_75-04565	8:75	w-s008-a075-w012	w-s008-a075-w016	ب ع ض	ك ت ب	4	1	3	2	8	17	intra_ayah:8:75:root:47
co-8_75-04566	8:75	w-s008-a075-w014	w-s008-a075-w016	ب ع ض	ك ت ب	2	1	3	2	8	17	intra_ayah:8:75:root:47
co-8_75-04567	8:75	w-s008-a075-w012	w-s008-a075-w020	ب ع ض	ك ل ل	8	4	6	2	8	14	intra_ayah:8:75:root:48
co-8_75-04568	8:75	w-s008-a075-w014	w-s008-a075-w020	ب ع ض	ك ل ل	6	4	6	2	8	14	intra_ayah:8:75:root:48
co-8_75-04569	8:75	w-s008-a075-w012	w-s008-a075-w005	ب ع ض	ه ج ر	7	4	6	2	5	14	intra_ayah:8:75:root:49
co-8_75-04570	8:75	w-s008-a075-w014	w-s008-a075-w005	ب ع ض	ه ج ر	9	4	6	2	5	14	intra_ayah:8:75:root:49
co-8_75-04571	8:75	w-s008-a075-w017	w-s008-a075-w006	ء ل ه	ج ه د	11	7	8	2	28	65	intra_ayah:8:75:root:5
co-8_75-04572	8:75	w-s008-a075-w019	w-s008-a075-w006	ء ل ه	ج ه د	13	7	8	2	28	65	intra_ayah:8:75:root:5
co-8_75-04573	8:75	w-s008-a075-w012	w-s008-a075-w013	ب ع ض	و ل ي	1	1	1	2	12	35	intra_ayah:8:75:root:50
co-8_75-04574	8:75	w-s008-a075-w014	w-s008-a075-w013	ب ع ض	و ل ي	1	1	1	2	12	35	intra_ayah:8:75:root:50
co-8_75-04575	8:75	w-s008-a075-w006	w-s008-a075-w011	ج ه د	ر ح م	5	2	2	1	3	4	intra_ayah:8:75:root:51
co-8_75-04576	8:75	w-s008-a075-w006	w-s008-a075-w021	ج ه د	ش ي ء	15	10	10	1	3	3	intra_ayah:8:75:root:52
co-8_75-04577	8:75	w-s008-a075-w006	w-s008-a075-w022	ج ه د	ع ل م	16	11	11	1	13	15	intra_ayah:8:75:root:53
co-8_75-04578	8:75	w-s008-a075-w006	w-s008-a075-w016	ج ه د	ك ت ب	10	6	6	1	1	1	intra_ayah:8:75:root:54
co-8_75-04579	8:75	w-s008-a075-w006	w-s008-a075-w020	ج ه د	ك ل ل	14	9	9	1	2	4	intra_ayah:8:75:root:55
co-8_75-04580	8:75	w-s008-a075-w006	w-s008-a075-w005	ج ه د	ه ج ر	1	1	1	1	6	8	intra_ayah:8:75:root:56
co-8_75-04581	8:75	w-s008-a075-w006	w-s008-a075-w013	ج ه د	و ل ي	7	4	4	1	4	8	intra_ayah:8:75:root:57
co-8_75-04582	8:75	w-s008-a075-w011	w-s008-a075-w021	ر ح م	ش ي ء	10	8	8	1	37	48	intra_ayah:8:75:root:58
co-8_75-04583	8:75	w-s008-a075-w011	w-s008-a075-w022	ر ح م	ع ل م	11	9	9	1	36	46	intra_ayah:8:75:root:59
co-8_75-04584	8:75	w-s008-a075-w017	w-s008-a075-w011	ء ل ه	ر ح م	6	5	6	2	130	254	intra_ayah:8:75:root:6
co-8_75-04585	8:75	w-s008-a075-w019	w-s008-a075-w011	ء ل ه	ر ح م	8	5	6	2	130	254	intra_ayah:8:75:root:6
co-8_75-04586	8:75	w-s008-a075-w011	w-s008-a075-w016	ر ح م	ك ت ب	5	4	4	1	23	28	intra_ayah:8:75:root:60
co-8_75-04587	8:75	w-s008-a075-w011	w-s008-a075-w020	ر ح م	ك ل ل	9	7	7	1	15	17	intra_ayah:8:75:root:61
co-8_75-04588	8:75	w-s008-a075-w011	w-s008-a075-w005	ر ح م	ه ج ر	6	3	3	1	8	10	intra_ayah:8:75:root:62
co-8_75-04589	8:75	w-s008-a075-w011	w-s008-a075-w013	ر ح م	و ل ي	2	2	2	1	12	14	intra_ayah:8:75:root:63
co-8_75-04590	8:75	w-s008-a075-w021	w-s008-a075-w022	ش ي ء	ع ل م	1	1	1	1	95	157	intra_ayah:8:75:root:64
co-8_75-04591	8:75	w-s008-a075-w021	w-s008-a075-w016	ش ي ء	ك ت ب	5	4	4	1	28	57	intra_ayah:8:75:root:65
co-8_75-04592	8:75	w-s008-a075-w021	w-s008-a075-w020	ش ي ء	ك ل ل	1	1	1	1	135	191	intra_ayah:8:75:root:66
co-8_75-04593	8:75	w-s008-a075-w021	w-s008-a075-w005	ش ي ء	ه ج ر	16	11	11	1	2	4	intra_ayah:8:75:root:67
co-8_75-04594	8:75	w-s008-a075-w021	w-s008-a075-w013	ش ي ء	و ل ي	8	6	6	1	20	29	intra_ayah:8:75:root:68
co-8_75-04595	8:75	w-s008-a075-w022	w-s008-a075-w016	ع ل م	ك ت ب	6	5	5	1	61	112	intra_ayah:8:75:root:69
co-8_75-04596	8:75	w-s008-a075-w017	w-s008-a075-w021	ء ل ه	ش ي ء	4	2	3	2	282	596	intra_ayah:8:75:root:7
co-8_75-04597	8:75	w-s008-a075-w019	w-s008-a075-w021	ء ل ه	ش ي ء	2	2	3	2	282	596	intra_ayah:8:75:root:7
co-8_75-04598	8:75	w-s008-a075-w022	w-s008-a075-w020	ع ل م	ك ل ل	2	2	2	1	73	97	intra_ayah:8:75:root:70
co-8_75-04599	8:75	w-s008-a075-w022	w-s008-a075-w005	ع ل م	ه ج ر	17	12	12	1	4	6	intra_ayah:8:75:root:71
co-8_75-04600	8:75	w-s008-a075-w022	w-s008-a075-w013	ع ل م	و ل ي	9	7	7	1	28	35	intra_ayah:8:75:root:72
co-8_75-04601	8:75	w-s008-a075-w016	w-s008-a075-w020	ك ت ب	ك ل ل	4	3	3	1	23	38	intra_ayah:8:75:root:73
co-8_75-04602	8:75	w-s008-a075-w016	w-s008-a075-w005	ك ت ب	ه ج ر	11	7	7	1	2	3	intra_ayah:8:75:root:74
co-8_75-04603	8:75	w-s008-a075-w016	w-s008-a075-w013	ك ت ب	و ل ي	3	2	2	1	15	33	intra_ayah:8:75:root:75
co-8_75-04604	8:75	w-s008-a075-w020	w-s008-a075-w005	ك ل ل	ه ج ر	15	10	10	1	1	1	intra_ayah:8:75:root:76
co-8_75-04605	8:75	w-s008-a075-w020	w-s008-a075-w013	ك ل ل	و ل ي	7	5	5	1	13	16	intra_ayah:8:75:root:77
co-8_75-04606	8:75	w-s008-a075-w005	w-s008-a075-w013	ه ج ر	و ل ي	8	5	5	1	4	13	intra_ayah:8:75:root:78
co-8_75-04607	8:75	w-s008-a075-w017	w-s008-a075-w022	ء ل ه	ع ل م	5	3	4	2	408	878	intra_ayah:8:75:root:8
co-8_75-04608	8:75	w-s008-a075-w019	w-s008-a075-w022	ء ل ه	ع ل م	3	3	4	2	408	878	intra_ayah:8:75:root:8
co-8_75-04609	8:75	w-s008-a075-w017	w-s008-a075-w016	ء ل ه	ك ت ب	1	1	2	2	123	300	intra_ayah:8:75:root:9
co-8_75-04610	8:75	w-s008-a075-w019	w-s008-a075-w016	ء ل ه	ك ت ب	3	1	2	2	123	300	intra_ayah:8:75:root:9
